Words;Score
không;229146
là;216181
có;204944
của;179283
một;178102
và;144703
người;143700
trong;110350
cho;106149
được;103919
như;100168
những;99509
tôi;95745
lại;94716
đã;94144
cũng;90243
ra;86875
với;81731
ta;79501
anh;78685
mà;77170
này;77012
đi;76007
nói;73384
mình;71417
các;70841
làm;70230
đến;69680
thì;69214
đó;68148
phải;67032
thể;64796
ở;64465
để;64228
về;61752
khi;60728
nhưng;60228
vào;59706
con;58895
thế;57882
cái;57270
chỉ;56435
còn;55994
sự;49372
nhà;48430
gì;48035
thấy;47355
từ;47038
đầu;46937
rồi;46879
sẽ;45186
lên;44976
biết;44732
trên;44606
em;43653
công;43536
ông;42651
cả;42285
nào;42253
vì;41720
cô;40761
sau;40587
bị;40374
hắn;39683
sao;39152
nhân;38975
nước;38768
chính;38226
ngày;37982
nhiều;37894
năm;37714
nhìn;37562
nó;36582
thành;36249
vậy;35688
rất;35600
hai;35168
cùng;34274
mới;33812
chúng;33656
việc;33411
bạn;33255
trước;32952
mặt;32930
tay;32857
nên;32712
đang;32414
hơn;32183
họ;31956
học;31668
nam;31146
muốn;31068
đây;31022
qua;30889
nhất;30762
theo;30601
vẫn;29732
mắt;29496
tình;29474
dân;29407
hay;28771
thật;28285
quan;28198
lúc;27995
cách;27899
cậu;27773
giờ;27724
khác;27595
hiện;27080
nàng;27072
tự;26825
cảm;26153
động;25446
chuyện;25155
tới;24975
nữa;24902
văn;24895
ý;24875
gia;24824
thời;24701
điều;24482
ấy;24440
nếu;24418
tại;24318
ai;24152
nhiên;24135
việt;24083
quốc;23721
định;23463
ăn;23320
yêu;23312
quá;23048
đại;22872
bên;22854
tiếng;22809
nay;22346
đồng;22319
chủ;22131
cười;22114
vừa;22031
tâm;22029
sinh;21840
lần;21625
trung;21557
thực;21456
hình;21331
đường;21161
chưa;21128
đối;21000
thân;20927
nghĩ;20849
mẹ;20829
hội;20815
rằng;20780
do;20748
nhận;20745
bộ;20656
số;20603
nhau;20416
nghe;20345
sống;20341
ngươi;20092
bản;20052
cuộc;19787
lý;19391
vô;19316
lời;19259
cần;18966
đều;18956
bao;18937
bằng;18584
thứ;18471
thường;18291
lòng;18218
tử;18189
bảo;18085
trường;17949
cơ;17620
hỏi;17502
đâu;17452
tin;17337
phát;17323
cứ;17260
chẳng;17188
bất;17136
hàng;17043
cao;17014
trở;16903
lấy;16771
bình;16691
hết;16663
ngoài;16631
lớn;16611
ba;16573
bà;16540
mọi;16508
thanh;16427
tư;16390
tiếp;16328
xuống;16281
thôi;16015
thích;15959
câu;15879
hoa;15801
quyền;15800
thương;15759
tính;15665
hành;15648
kinh;15646
kia;15470
chút;15442
tiểu;15280
bắt;15237
hiểu;15221
toàn;15137
đời;15073
nhỏ;15054
thức;14868
đất;14864
giới;14736
mấy;14708
bài;14553
xem;14470
hôm;14405
gian;14375
sáng;14288
viên;14163
an;14159
tìm;14081
đề;14034
phòng;13801
dù;13781
đưa;13774
báo;13746
tiền;13726
nhớ;13709
nơi;13677
pháp;13609
thông;13574
vị;13551
hoàng;13546
viết;13405
gọi;13391
xe;13343
tác;13340
ngay;13326
tốt;13302
từng;13301
minh;13208
nghĩa;13161
tế;13106
tên;13105
phần;13025
kỳ;12973
tất;12965
ngồi;12893
đúng;12816
luôn;12786
lực;12777
giáo;12769
trọng;12622
càng;12606
quân;12601
hợp;12592
tiên;12502
tháng;12424
phong;12405
mất;12356
chân;12299
thêm;12087
độ;12071
phương;12063
đứng;12058
mang;11998
chiến;11832
giá;11820
giải;11791
kết;11752
xa;11735
thiên;11698
mỗi;11690
cửa;11659
quả;11657
chết;11641
bỏ;11622
thần;11594
đánh;11530
y;11504
tài;11488
chứ;11480
khó;11419
gặp;11402
liên;11351
cố;11294
xã;11288
gần;11262
trời;11223
chí;11122
lập;11062
chị;11040
đạo;11024
sản;10994
điểm;10992
thị;10980
nữ;10974
tưởng;10964
dùng;10955
a;10933
đông;10931
nguyên;10919
rõ;10897
tức;10793
đôi;10713
vẻ;10694
lắm;10683
xuất;10671
sách;10662
đẹp;10658
tập;10651
ảnh;10627
hoặc;10591
hồ;10566
sợ;10543
trình;10465
lẽ;10421
nội;10419
cuối;10399
phía;10387
tuổi;10348
cảnh;10341
bởi;10328
dụng;10327
quyết;10294
mỹ;10280
loại;10267
trị;10266
giữa;10250
sử;10242
tiêu;10185
vui;10159
hệ;10125
dài;10123
vụ;10095
mặc;10087
năng;10084
thay;10060
thơ;10040
điện;9985
lâu;9978
đổi;9922
mở;9905
bàn;9862
đình;9843
tranh;9804
thái;9799
vấn;9773
cầu;9745
xin;9665
đau;9643
hoàn;9617
bước;9553
chịu;9493
chắc;9480
khỏi;9452
chạy;9362
trẻ;9359
tạo;9350
khiến;9336
sĩ;9254
vật;9253
giống;9252
chức;9249
gái;9242
tinh;9175
đọc;9173
thu;9146
dưới;9141
đủ;9124
sức;9072
ít;9020
ánh;9003
trả;9000
cộng;8986
vài;8979
đêm;8972
mạnh;8902
quay;8872
áo;8847
đáng;8825
chế;8817
hạ;8786
cấp;8773
chỗ;8770
trang;8765
giả;8741
hà;8727
ngủ;8696
thư;8680
tiến;8634
trí;8626
cây;8601
nổi;8598
biệt;8573
thống;8547
nghiệp;8534
máy;8523
bé;8493
đồ;8469
hồi;8468
biểu;8416
đàn;8359
xong;8338
chất;8321
đảng;8320
sắc;8314
phụ;8312
chiếc;8291
bây;8275
đấy;8254
thủ;8252
bố;8237
kể;8221
tối;8218
hướng;8198
thiếu;8190
cổ;8188
tổ;8160
đầy;8151
lưu;8111
chi;8110
hơi;8087
biến;8087
nhanh;8082
chung;8059
chơi;8016
phi;7981
tuy;7970
âm;7968
lạnh;7933
sang;7905
giác;7894
độc;7891
liền;7888
tục;7861
ca;7834
luật;7806
khí;7778
mua;7752
đơn;7750
đặt;7708
cung;7707
đặc;7703
lợi;7697
sát;7674
vương;7644
buồn;7634
vũ;7620
địa;7562
dễ;7548
giao;7517
chú;7483
kiến;7453
đem;7450
khách;7449
tượng;7447
trần;7445
giúp;7413
đứa;7394
màu;7366
diễn;7344
phục;7338
lo;7338
lượng;7286
đừng;7281
bác;7231
dương;7212
kẻ;7196
bọn;7190
thi;7176
nhạc;7168
vọng;7148
tương;7123
sư;7116
thuộc;7109
truyền;7096
nhẹ;7084
trái;6955
phủ;6954
lãnh;6950
miệng;6945
cá;6933
nằm;6929
cứu;6928
sở;6922
giữ;6916
vàng;6910
bệnh;6818
dẫn;6798
triển;6770
ban;6757
dung;6718
tham;6717
dự;6656
cầm;6652
mạng;6641
to;6609
bắc;6597
thiết;6593
đức;6591
lịch;6581
phản;6570
chờ;6567
bán;6531
luận;6528
chuyển;6524
lâm;6497
suy;6486
coi;6465
tây;6452
cha;6444
phố;6400
biển;6386
phân;6356
cạnh;6353
trai;6349
ngoại;6334
môi;6274
tỉnh;6270
kéo;6187
hiệu;6186
dịch;6184
yên;6150
chọn;6148
hồng;6122
danh;6116
trưởng;6086
vợ;6082
quen;6082
tăng;6042
yếu;6009
bay;6001
ngọc;5986
chữ;5980
phạm;5956
tổng;5948
khoảng;5922
phẩm;5908
chiều;5901
mày;5899
riêng;5896
hãy;5888
tích;5880
lớp;5875
chàng;5838
song;5807
sâu;5798
uống;5791
ứng;5790
hôn;5780
chồng;5773
mai;5772
hải;5761
duy;5758
chứng;5752
diện;5751
hương;5748
trắng;5733
ôm;5731
bóng;5722
giọng;5711
vệ;5709
đoàn;5700
khu;5693
đỏ;5679
lạc;5660
án;5644
phúc;5614
mục;5610
mãi;5609
tuyệt;5606
quên;5547
xuân;5545
viện;5545
tôn;5539
nghệ;5525
dám;5483
vốn;5482
trò;5464
hậu;5451
cụ;5440
nỗi;5431
kiếm;5414
quanh;5412
nhật;5399
đội;5379
liệu;5366
thất;5364
áp;5357
đoạn;5334
thở;5325
nhiệm;5317
buổi;5313
quần;5308
lê;5308
sai;5304
hữu;5302
lặng;5301
châu;5293
lạ;5281
nhi;5271
khóc;5267
xác;5248
cháu;5243
lương;5238
tướng;5225
kim;5220
cực;5218
giận;5217
mơ;5193
lệ;5185
thuật;5178
khổ;5171
dậy;5168
thượng;5145
tội;5142
thằng;5132
gió;5132
căn;5128
chống;5128
linh;5114
hàn;5080
tộc;5054
bạch;5048
trách;5034
mùa;5027
mức;5016
hạnh;5002
chuẩn;4998
cánh;4996
lộ;4988
hoạt;4984
sớm;4979
khả;4968
vai;4959
lão;4948
chia;4942
tai;4938
dựng;4937
vi;4933
thẳng;4925
hát;4921
xưa;4913
gây;4913
dần;4901
chương;4899
kế;4889
mưa;4882
phim;4868
xanh;4849
mong;4828
kỷ;4827
à;4825
kiện;4819
quy;4787
khoa;4784
tớ;4774
long;4755
đen;4754
nửa;4719
lễ;4719
vòng;4711
khai;4700
tim;4691
xử;4679
xây;4663
quản;4657
nghị;4649
nhiêu;4647
sơn;4637
thoại;4625
ngờ;4623
vùng;4620
ngô;4608
ký;4590
hạn;4583
đột;4575
so;4571
triệu;4562
đấu;4543
xấu;4530
vực;4528
rơi;4525
cơm;4516
tuần;4502
đá;4501
hưởng;4472
lao;4471
lá;4470
dòng;4453
ngôn;4442
kêu;4438
cũ;4436
may;4432
đóng;4425
thầy;4405
chấp;4403
lan;4402
lỗi;4385
chặt;4385
quý;4379
tóc;4359
trương;4344
suốt;4344
đảo;4342
đám;4328
phá;4327
di;4323
máu;4316
khá;4312
vội;4311
du;4302
xảy;4296
nha;4283
thú;4278
nắm;4274
tiết;4272
kiểu;4262
nghiêm;4258
niệm;4242
thuyết;4241
đợi;4223
bánh;4212
doanh;4211
sông;4190
hồn;4167
niên;4162
thuốc;4160
trạng;4157
cuốn;4149
ngữ;4139
rộng;4138
tàu;4131
ràng;4128
dục;4120
tĩnh;4116
ty;4109
rời;4099
chuyên;4087
nhập;4076
hộ;4063
nghiên;4053
xúc;4029
vân;4007
lưng;4000
nghi;3993
trận;3954
bức;3953
la;3947
già;3928
tố;3924
giường;3921
khăn;3919
nền;3916
sắp;3901
giang;3888
giai;3862
tận;3854
mười;3845
quê;3843
nụ;3833
dạy;3830
cáo;3830
nhờ;3825
ơn;3822
mê;3816
phép;3810
đào;3808
đáp;3806
hại;3804
đổ;3788
đạt;3786
miền;3782
lai;3781
hẳn;3780
nóng;3772
quán;3768
ưu;3752
nhắc;3749
nương;3747
xét;3744
đương;3743
chúa;3738
ly;3732
đa;3728
phút;3721
giản;3704
hề;3702
rượu;3694
băng;3684
ấm;3681
thậm;3673
khuôn;3666
nhóm;3659
ước;3654
nặng;3631
hi;3628
kỹ;3626
nhé;3621
thừa;3614
món;3612
thử;3594
dành;3590
hy;3583
hầu;3581
chậm;3565
lắng;3550
tra;3543
kiểm;3538
thăm;3533
tô;3529
khắc;3528
ghi;3522
đẩy;3521
tỷ;3515
ơi;3511
huy;3506
núi;3495
tránh;3479
ngược;3470
ma;3459
trăm;3453
tiện;3447
biên;3444
ngàn;3442
dạ;3439
mái;3434
bỗng;3423
bốn;3419
nguồn;3412
hoá;3410
phóng;3402
bí;3398
lửa;3392
quang;3367
kính;3367
sa;3357
nông;3353
da;3348
dáng;3342
gửi;3337
giấy;3334
chắn;3316
trợ;3302
trông;3300
mộ;3297
tuyên;3293
thịt;3287
giảm;3286
nghỉ;3268
niềm;3267
dấu;3260
tịch;3259
mối;3258
bạc;3248
vận;3246
thúc;3244
lục;3237
tầm;3227
chăm;3227
trầm;3216
gắng;3216
phận;3203
nghiệm;3200
sân;3189
thắng;3185
âu;3181
tấm;3179
tỏ;3165
mời;3165
trực;3152
chừng;3152
cử;3146
gật;3125
nguyệt;3124
chả;3124
cơn;3116
phó;3115
ngân;3115
giám;3114
đỡ;3113
dụ;3110
sơ;3102
môn;3099
canh;3098
nạn;3095
dạng;3095
đăng;3085
thấp;3084
mật;3078
làng;3078
cải;3067
dừng;3061
ngang;3059
thầm;3046
hùng;3042
nhu;3030
thiện;3028
mẫu;3027
triều;3012
giết;3012
gương;3009
đòi;3004
mạch;3004
mã;3004
đích;2998
xuyên;2994
tui;2983
ngạc;2982
liệt;2981
ấn;2966
mệt;2947
kịp;2943
kích;2942
im;2942
ngôi;2936
dàng;2927
dĩ;2923
binh;2922
đế;2918
huynh;2918
tấn;2917
mừng;2902
nghề;2900
khẽ;2878
nắng;2872
bữa;2870
tươi;2867
thù;2866
tiếc;2862
thuận;2853
ngắn;2852
tường;2837
nhàng;2835
ích;2818
tồn;2818
chu;2815
tao;2805
v;2804
chóng;2799
lẫn;2793
bày;2792
cư;2783
tờ;2775
ô;2772
đoán;2771
in;2769
tựa;2766
đệ;2765
tuyết;2761
phí;2760
buộc;2759
ngon;2756
thảo;2753
hài;2752
phê;2750
rút;2749
bầu;2749
che;2746
hả;2744
vạn;2742
nguy;2742
ác;2739
nga;2739
tàn;2725
má;2719
cắt;2716
lí;2714
chợt;2707
nuôi;2706
đô;2704
đón;2692
ngừng;2692
hiểm;2692
nhảy;2687
mùi;2683
dựa;2679
xung;2677
bụng;2673
ninh;2671
trúc;2664
bật;2661
đèn;2660
khắp;2659
mũi;2656
ân;2650
bờ;2649
tín;2641
thánh;2640
ngăn;2640
đập;2637
vượt;2635
thoát;2635
cục;2634
lối;2632
tha;2624
vang;2618
phu;2618
xinh;2615
tan;2610
lệnh;2610
hoài;2608
loạn;2606
đuổi;2600
ổn;2590
tân;2582
chiếm;2578
dường;2573
thận;2570
cúi;2570
ngực;2569
khởi;2565
lãng;2563
đài;2560
ngã;2559
mềm;2557
rừng;2550
đảm;2547
quảng;2547
tuấn;2546
á;2544
nhỉ;2543
trà;2539
sẵn;2539
say;2532
toán;2530
xếp;2529
nguyện;2527
buông;2527
vua;2526
lầm;2525
trừ;2520
tả;2519
truyện;2519
hào;2519
ha;2510
mươi;2509
lĩnh;2500
hảo;2500
tầng;2489
mỉm;2467
lành;2461
ngài;2460
cường;2460
bè;2457
hổ;2455
tết;2453
chiếu;2452
điên;2450
nấu;2448
phật;2446
võ;2440
giật;2440
dao;2436
trì;2434
cẩn;2432
run;2431
kém;2427
dị;2425
chán;2423
trải;2419
khẩu;2414
góp;2407
kì;2400
nhiệt;2399
sạch;2392
hận;2389
nghèo;2385
tắc;2383
hứng;2377
ngại;2374
hoà;2374
ghế;2373
thẩm;2372
sài;2372
lắc;2370
ví;2367
tứ;2367
hoạch;2364
chim;2355
kiên;2353
đỗ;2346
phù;2343
mô;2343
ghét;2342
chảy;2342
giấc;2337
dây;2337
mạc;2330
chào;2329
tặng;2328
rối;2320
biện;2317
nở;2316
tràn;2311
sổ;2308
vết;2303
cà;2302
ngũ;2296
dầu;2296
luyện;2292
ngành;2290
khúc;2290
huyện;2288
mộc;2287
vĩnh;2284
tạm;2284
tạp;2282
tam;2281
sương;2280
hiền;2280
lăng;2275
ái;2273
thiệu;2270
gồm;2247
thưởng;2246
bào;2244
sóng;2241
mắc;2235
ôn;2228
nhược;2225
tu;2222
lôi;2219
ngọt;2212
ngón;2212
tung;2211
gốc;2201
nặc;2198
chợ;2198
rốt;2197
chục;2195
hiệp;2194
tù;2193
tệ;2190
nâng;2190
đậu;2187
cứng;2186
lược;2185
đành;2184
sửa;2183
dữ;2183
lang;2176
góc;2175
muội;2174
quái;2165
thả;2160
ạ;2147
xoay;2146
trào;2144
tán;2141
gòn;2136
nhã;2134
hạt;2133
nhằm;2132
rãi;2125
trôi;2123
gà;2123
khủng;2122
điệu;2116
mệnh;2116
cờ;2113
the;2112
cán;2109
bạo;2104
tròn;2103
nét;2103
tái;2100
lùng;2098
thập;2097
phú;2097
chạm;2095
lam;2091
thờ;2088
can;2088
hứa;2082
đùa;2079
nhạt;2067
dũng;2067
vươn;2060
thang;2057
phổ;2056
trăng;2053
dứt;2044
kịch;2040
lựa;2038
mau;2033
hãi;2033
trao;2031
sung;2025
màn;2023
đằng;2022
hẹn;2022
tắm;2015
hút;2015
tri;2009
chuyến;2009
phiền;2007
lỗ;1991
vỡ;1989
thiệt;1989
hoảng;1969
răng;1964
mộng;1962
thèm;1961
sáu;1954
nhẫn;1953
nhan;1953
mảnh;1953
chụp;1947
uy;1944
vẽ;1943
chúc;1941
lính;1938
bát;1937
đốc;1936
giàu;1935
triệt;1933
xương;1932
tí;1931
đói;1928
giỏi;1925
ám;1921
ngoan;1913
túi;1911
cập;1910
bút;1902
bi;1897
lát;1893
họp;1892
thoáng;1891
hấp;1890
cam;1889
huyền;1886
chỉnh;1886
gã;1885
thơm;1883
dịu;1881
trốn;1873
hoang;1873
đắc;1871
mỏi;1869
trưa;1867
ẩn;1863
sẻ;1861
dật;1861
hiến;1853
vỗ;1852
cận;1850
bối;1844
mờ;1843
bận;1843
bò;1842
thụ;1839
diệu;1837
phái;1836
khẳng;1832
phượng;1829
diệp;1827
dư;1826
nhắn;1822
chăng;1821
xâm;1819
bại;1817
cướp;1813
ức;1810
cỏ;1802
ngựa;1801
hô;1801
dịp;1801
vườn;1797
thổ;1795
duyên;1793
bá;1791
đà;1787
tú;1787
khô;1786
ngốc;1779
mãn;1777
bảy;1775
mi;1770
chín;1768
túc;1762
bếp;1762
trống;1761
cặp;1755
chiêu;1752
vĩ;1750
mây;1750
tám;1749
mát;1743
đạp;1741
quỳnh;1741
nợ;1740
triết;1739
rửa;1739
bắn;1739
liếc;1733
nhắm;1729
ngắm;1728
bông;1719
xứ;1717
loài;1716
xô;1715
cân;1715
ngọn;1714
hè;1714
ngập;1712
trừng;1707
miếng;1697
hưng;1693
thảm;1692
phán;1692
địch;1691
siêu;1690
quà;1688
bậc;1687
tụ;1685
khối;1680
thỉnh;1676
quỷ;1675
viễn;1672
bổ;1672
thoảng;1671
kháng;1670
điển;1666
kiều;1656
khoản;1656
phấn;1655
dưỡng;1654
nho;1653
miên;1642
mông;1641
vu;1638
cương;1638
lui;1635
tắt;1632
đỉnh;1622
khái;1622
than;1621
cấm;1620
nọ;1617
chằm;1610
vững;1609
hư;1609
u;1606
chó;1603
gắn;1601
chứa;1600
ủng;1599
ôi;1599
thói;1599
hàm;1597
sóc;1595
hối;1592
thuyền;1591
giây;1591
nổ;1589
chén;1588
vinh;1585
thịnh;1583
sốt;1582
gấp;1582
nối;1581
mại;1579
cắn;1577
sướng;1576
giấu;1575
đớn;1572
cấu;1571
hắc;1569
thua;1561
e;1561
thâm;1560
chữa;1558
nô;1552
dối;1551
dạo;1544
mẽ;1543
mồ;1542
sứ;1541
thăng;1536
ngẩng;1531
ngây;1530
cưới;1529
chùa;1529
trịnh;1525
thoải;1525
lừa;1511
mèo;1505
hộp;1505
căng;1505
giọt;1504
hung;1503
khát;1499
xoa;1496
vắng;1494
thác;1493
ép;1492
giảng;1491
ngu;1490
trưng;1487
tụi;1482
muộn;1482
lái;1480
bãi;1479
sờ;1478
bụi;1478
tốc;1475
mưu;1472
phiên;1469
nhịn;1468
trại;1462
i;1461
bội;1461
đựng;1460
tỉ;1459
cất;1455
ư;1452
mắn;1452
non;1451
lũ;1451
lông;1451
phạt;1450
thản;1448
kín;1445
hôi;1445
quyển;1442
tổn;1438
mực;1438
miễn;1438
bột;1438
dày;1437
rau;1432
lưỡi;1432
bách;1430
tá;1428
pha;1422
ương;1419
khinh;1415
ruột;1408
bớt;1406
thưa;1403
sàng;1403
trồng;1401
kiếp;1401
diệt;1400
trụ;1398
cháy;1398
thuần;1397
hạo;1395
cốt;1395
dọn;1394
vả;1390
óc;1389
chối;1389
đống;1387
co;1387
xóm;1385
ảo;1380
cám;1379
thuê;1378
nhị;1378
chở;1376
huống;1373
bích;1371
trữ;1369
nghiêng;1369
loạt;1368
mù;1364
khích;1364
dở;1363
cuồng;1361
súng;1358
suất;1356
khen;1354
vuốt;1352
soát;1349
ừ;1347
chăn;1346
sữa;1345
cãi;1345
nhóc;1344
khứ;1343
xu;1342
huyết;1342
não;1337
lăn;1335
tốn;1333
trấn;1333
cưỡng;1331
quận;1330
thí;1329
giành;1325
hét;1324
khám;1321
phức;1320
chấm;1320
chìm;1319
sánh;1314
phối;1314
ướt;1312
thôn;1309
thổi;1300
kiệt;1300
hạng;1298
bang;1296
nhiễm;1294
táo;1290
lộc;1285
nhàn;1282
ngộ;1281
tuyển;1278
mò;1277
ghê;1277
tần;1272
vời;1270
hằng;1270
phỏng;1267
nãy;1263
tia;1260
chọc;1260
bực;1259
trích;1257
trùng;1254
dâng;1254
phàm;1253
đốt;1252
sợi;1252
chớp;1251
khoái;1250
nêu;1248
nhíu;1247
khảo;1246
dã;1246
hiếm;1244
làn;1243
lau;1243
hán;1242
gỗ;1237
chốc;1231
thạch;1223
cát;1223
man;1222
thai;1221
hoan;1218
hiển;1216
đâm;1215
ném;1214
bùi;1214
rực;1211
dõi;1210
dưng;1208
cản;1207
treo;1205
ngâm;1203
dại;1203
tuyến;1194
khôn;1190
bó;1190
lộn;1188
nát;1187
chửi;1186
tông;1183
quát;1183
dược;1182
thấm;1181
kỉ;1181
đinh;1179
nhịp;1179
rỡ;1178
dọc;1176
khói;1174
hỗ;1170
tóm;1168
đáo;1161
tách;1159
lung;1159
tạ;1158
chua;1158
kệ;1152
khôi;1152
gối;1152
buôn;1149
khuất;1142
giam;1141
bến;1140
trộm;1139
gợi;1138
manh;1137
dâu;1136
tiễn;1135
mỏng;1135
mạn;1131
bề;1129
cổng;1126
bảng;1126
nghìn;1123
mượn;1123
ngào;1118
đan;1117
bừng;1113
lượt;1112
bồi;1111
xót;1108
trúng;1108
kê;1108
san;1105
cởi;1105
leo;1104
sắt;1102
rồng;1101
sôi;1099
hỗn;1098
nhục;1097
ngơ;1097
phiếu;1095
nhấn;1094
truy;1093
khung;1091
tải;1090
yến;1089
hiếu;1088
gói;1088
đeo;1086
tật;1086
nồng;1086
khuyên;1086
trứng;1085
nuốt;1080
thao;1077
lấp;1076
nghịch;1075
ghé;1075
rắn;1074
gỡ;1072
cay;1067
ngự;1064
ruộng;1063
ào;1062
chép;1062
mắng;1061
vỏ;1060
ngạo;1056
tống;1055
khổng;1053
thuế;1052
vâng;1051
xứng;1050
mì;1049
gạo;1048
gánh;1045
đĩa;1042
điệp;1040
ngẩn;1040
chặn;1040
cự;1035
dính;1033
dì;1030
tiệm;1027
lướt;1026
giáp;1026
dò;1022
muối;1021
gọn;1020
đụng;1018
muôn;1018
tiệc;1016
cột;1016
kí;1013
trân;1010
hít;1010
đẳng;1007
chớ;1007
khẩn;1003
sạn;1001
gõ;1001
đáy;999
bù;999
vất;998
mâu;995
lồng;991
đai;990
vây;990
vở;989
kèm;989
bão;988
bám;988
đền;985
tang;985
ống;984
móc;984
cong;984
chấn;984
đạm;983
nầy;977
bồ;977
bấy;977
tôm;975
bia;975
đồn;973
ti;971
khéo;970
gạt;970
tủ;968
liễu;968
tráng;965
đạn;964
khấu;964
ngợi;963
đoạt;960
mạo;958
vã;956
vé;955
thiếp;955
lầu;955
sót;953
chánh;952
nhũng;950
loan;950
lào;949
rũ;948
tuân;947
no;947
chuột;946
rẻ;945
thách;943
sầu;943
trọn;942
trán;942
vẹn;941
thọ;941
vong;940
nướng;940
ngư;939
trêu;938
lật;937
chai;937
màng;935
nhăn;933
mãnh;933
châm;933
lơ;932
tà;928
ngơi;926
lỡ;926
thô;924
cớ;924
dắt;922
cai;920
kho;919
tùng;918
cốc;918
cẩm;918
thiệp;916
hở;916
vay;915
oán;915
thê;912
ngưỡng;911
khánh;910
đo;909
nồi;908
cỡ;908
đậm;907
giày;906
mến;905
mồm;904
ho;903
gan;903
giơ;901
hỏng;900
đợt;899
nhầm;899
tím;897
rung;897
cành;897
giáng;896
thắt;894
dốc;893
nỗ;892
nề;892
lò;888
tuệ;887
tò;884
internet;883
huấn;883
chê;883
min;879
mẫn;875
quỳ;874
ủi;873
soạn;873
hăng;873
gầy;873
chốn;873
ve;872
trộn;872
thấu;872
nhung;870
củ;868
pháo;866
nháy;866
xôi;864
tề;864
ngó;863
sàn;862
cửu;862
nén;860
chuông;860
đuôi;857
kiêu;857
khiếp;857
cõi;857
dỗ;856
cựu;855
vịnh;854
tịnh;854
bốc;851
xá;847
đứt;846
đe;843
me;843
thùng;842
ầm;841
đãi;841
xích;841
lùi;841
đặng;840
nảy;840
nhặt;835
dặn;834
cắm;833
lô;832
êm;831
hiên;831
tước;827
xông;826
đồi;825
vải;825
lẻ;825
dồn;824
khuya;821
rác;820
ớt;819
sen;819
hừ;818
khán;817
lánh;816
hãng;814
đè;811
múa;811
tàng;810
xà;805
thiểu;805
đẻ;803
đàm;802
rộn;801
dập;801
xuôi;800
ngao;800
li;800
ngầm;798
mọc;798
khoác;798
lân;797
trinh;795
khuyến;792
đắng;790
tảng;789
thước;788
gác;787
đao;785
miêu;785
trác;784
thục;782
ung;781
lặp;781
khoe;781
bóp;780
khốn;779
ghen;779
luân;778
duyệt;778
bế;778
thuẫn;777
cú;777
phe;773
liều;772
ham;770
hẹp;768
bẩm;768
heo;765
túng;764
trẫm;762
phất;762
rẩy;761
hì;761
xách;758
sụp;758
lúa;758
nhở;757
dẹp;757
bom;757
hèn;755
mũ;753
hò;748
chui;747
gắt;746
xưng;745
diễm;743
soi;742
suối;741
oan;741
nè;740
ngột;740
rên;739
nhạy;739
kĩ;739
đoan;737
béo;737
ốm;736
trật;736
cài;735
rẽ;733
vẫy;732
rào;732
ngưng;732
đua;730
gào;730
ngất;729
cúng;729
ồn;728
trợn;728
thợ;728
lạm;726
lãi;726
thốt;725
bổn;721
ơ;720
đàng;720
kem;720
cháo;720
va;719
chinh;719
tre;717
sam;717
khe;717
khiển;715
hái;715
chen;715
khải;714
xí;713
ro;713
mị;712
lén;712
đếm;710
trú;710
thuỷ;710
phụng;710
rủi;709
rủ;708
nhuận;708
cu;708
thỏ;707
đắm;706
bẩn;706
kỵ;705
bắp;705
chôn;704
xé;702
dẫu;702
quyến;701
giặc;701
hỉ;700
sếp;699
na;697
vặt;696
ngoái;696
lỏng;696
váy;695
căm;695
hân;694
đắp;693
quét;693
lay;693
tản;692
nhường;692
mồi;692
khao;692
chém;692
viêm;690
thề;689
thiền;689
khiêm;689
tơ;687
phường;687
bùng;687
ao;687
săn;686
mụ;684
cạn;684
ốc;683
thiêng;683
rắc;683
uyển;682
xăng;679
tháo;679
khép;679
hoạ;679
tiềm;677
khê;677
luyến;676
há;676
thắc;675
trạm;674
ngõ;672
bọc;671
vứt;670
trâu;669
bơi;669
ẩm;668
tiếu;668
nốt;667
xảo;665
rỉ;665
dưa;665
phẫn;663
lờ;661
hông;661
khuyết;660
chói;660
bộc;660
bền;660
mét;657
đầm;656
ga;656
xao;653
hoành;653
bèn;653
bái;652
ưa;651
khoan;651
í;650
ngắt;650
tát;649
quỹ;649
lười;649
xíu;647
bỏng;647
khương;645
dội;645
khơi;644
quãng;642
cằm;642
vờ;641
ngẫm;641
lột;641
ổ;640
bệ;640
ấp;638
web;638
len;638
tê;636
hủ;636
mắm;633
vơ;632
hốt;632
nộ;631
mẻ;631
huệ;630
đắt;628
tồi;625
mòn;625
gởi;623
bê;622
kìa;621
thà;620
nếp;620
xì;619
đuối;618
hầm;618
chìa;618
hiếp;617
cua;617
ả;616
cù;616
côn;616
chủng;616
hoại;613
rảnh;612
chuối;612
bóc;612
trá;611
thuở;611
thét;610
lồ;610
hòn;608
trễ;607
khống;606
kiềm;605
he;605
rớt;604
nhãn;603
o;602
bấm;602
sửng;601
điền;600
thẻ;599
tháp;599
nộp;598
khoát;598
hưu;598
thải;597
quấn;597
mĩ;597
kiệm;597
gáy;597
chà;597
đòn;596
trạch;596
lẽo;596
nghẹn;595
náo;594
nhức;594
ngỡ;592
ngoãn;592
lọc;592
phiêu;590
lệch;590
le;590
xám;588
oa;588
ngậm;587
họng;587
xào;586
mao;586
gò;586
com;586
thảy;584
nản;584
loa;584
bưng;584
rách;583
út;581
eo;581
email;581
lưới;580
vung;579
gai;578
ngượng;576
phơi;575
phun;575
lấn;575
lưỡng;575
chật;575
láng;573
gen;573
tăm;572
khoai;572
cuộn;572
tị;571
ngả;570
nghiến;570
trượt;569
rỗng;568
dãy;568
uyên;567
khiếu;567
ngước;566
khiêu;566
bơ;566
sắm;565
nàn;564
đắn;563
hao;563
dán;563
bổng;563
trướng;560
sủng;560
kha;559
xạ;558
nôn;558
đùi;557
đê;555
lọt;555
lăm;555
quế;553
lề;553
sanh;552
men;551
vịt;550
vạch;550
trùm;550
cậy;550
bén;550
nâu;549
bể;548
hang;547
té;546
thẳm;546
đam;545
nhát;545
hâm;545
de;545
móng;543
khuynh;543
gạch;543
ngẫu;542
phước;541
bàng;541
lanh;540
huân;540
vách;539
liêu;539
cau;539
tụng;537
đấm;536
đúc;536
quấy;536
gũi;535
ồ;534
vặn;534
nấm;534
dinh;534
vùi;533
phen;533
lu;533
khiết;532
gìn;532
cò;532
đùng;531
xả;531
vắt;531
khoẻ;531
trục;530
mênh;530
thoái;529
lẳng;529
ổng;528
tít;526
nhủ;526
chước;526
vuông;524
vác;523
nạp;523
gián;523
voi;522
mác;522
cọ;522
lộng;521
son;520
dâm;520
ru;519
hé;519
uỷ;517
nhào;517
huỳnh;517
nhậu;516
mỡ;516
đẫm;515
đả;515
liêm;515
khanh;515
choáng;515
mớ;514
bỉ;514
kìm;513
chốt;513
né;512
nan;512
khoảnh;512
van;510
cống;510
xài;509
rỗi;509
lụa;509
dàn;509
rã;508
lắp;508
hí;507
ven;506
khốc;506
tràng;505
rét;505
toà;504
thẹn;504
nếm;504
ngục;504
ngần;503
râu;502
nhĩ;501
nheo;500
gay;500
gục;499
nấy;498
mỏ;498
nhánh;496
nút;495
nhấc;495
khang;495
dời;495
nghênh;494
bọt;494
phì;493
bôi;493
cắp;491
bùn;491
rạng;490
phở;490
xen;489
si;489
han;488
chậu;488
đũa;486
sững;486
nhai;485
lạt;485
rụng;483
hạm;483
trói;482
nức;482
cuống;482
mặn;481
hờ;481
kẹo;480
chiêm;480
nể;479
kênh;478
khoáng;478
nghiệt;477
hệt;477
dừa;477
su;476
ngụm;476
mép;476
liếm;476
trơn;475
lúng;475
mịt;474
ngửa;472
chưởng;472
hố;471
toát;470
dè;470
vớ;469
ranh;469
khuê;469
nến;468
đãng;467
mảng;466
lường;466
củng;466
khàn;465
hờn;465
reo;464
thối;463
ong;463
chè;463
vãn;462
giỡn;461
thắp;459
nhá;459
dong;458
vần;457
chuỗi;457
túm;456
quạt;456
phế;456
rễ;455
phùng;454
thoạt;453
chẽ;453
chiên;453
thự;452
lượn;452
bầy;452
bành;452
vò;451
trọ;451
thám;451
thiêu;451
khía;451
điếu;450
tẩm;450
ngác;450
khoán;450
đọng;449
nhọc;449
dang;449
bồng;449
cúc;448
bậy;447
điêu;445
xi;445
tuyền;445
tẩy;444
nhựa;443
vụn;442
tấu;442
quăng;442
đậy;441
bồn;441
toan;440
phách;440
ngùng;440
băn;440
tặc;439
luồng;439
khỉ;439
gả;439
phai;438
khoăn;438
cày;437
nại;435
hãm;435
nhún;434
mập;434
nhét;433
cụm;433
be;433
vọt;432
tiệt;432
ráo;432
rong;432
chầm;432
vẩn;430
chay;430
sáo;429
phác;429
nhích;429
cảng;429
nít;428
lặn;428
hụt;428
cừu;428
cỗ;428
trù;427
suýt;427
thắm;426
lẩm;426
lãm;426
lợn;425
gầm;425
tạng;424
tựu;423
sùng;423
níu;423
mổ;423
lót;422
gãy;421
rót;420
rít;420
lữ;419
lách;419
lội;418
bã;418
ủ;417
xua;417
tuỳ;417
cưng;417
bì;417
uất;415
gớm;415
bạt;415
thép;414
roi;414
cóc;414
câm;414
bo;414
giục;413
dai;413
chạp;413
nhượng;412
hổng;412
giãy;412
kề;410
choàng;409
phẳng;408
nuối;408
nhâm;408
lọ;408
bịt;408
đò;407
thắn;407
dặm;407
nhạn;406
ghép;406
đạc;404
rể;404
ách;403
hoi;403
cẩu;403
ửng;402
tột;402
trơ;402
giã;401
day;401
rầm;400
mùng;400
chanh;400
bẫy;399
hắt;398
đố;397
vụng;397
rành;397
oai;397
ờ;396
trắc;396
ngán;396
mốt;396
mải;396
lứa;396
trèo;395
rưỡi;395
chênh;395
se;394
nhợt;393
huyệt;393
giương;393
báu;393
mạt;392
đục;390
oanh;390
nhảm;390
xít;389
văng;388
rộ;388
rùng;388
lư;388
bầm;388
gấu;387
thêu;386
sói;386
quẩn;386
háo;386
bún;386
lạp;385
chao;385
am;385
đẽ;384
vụt;384
quyên;384
bả;384
quầy;383
lạy;382
tỵ;381
phẫu;381
tuôn;380
xắn;379
nón;379
nguội;379
chập;379
rập;378
ráng;378
vú;377
trút;377
ngạn;377
giềng;377
gượng;376
nhổ;375
lều;375
hất;374
ni;373
nao;373
ấu;372
cước;372
bần;371
vạt;370
nhí;370
măng;370
khoang;370
giãn;370
bướm;369
thon;368
bẻ;368
váng;367
liêng;367
kẹt;367
giặt;367
chát;367
thình;366
thong;366
mầm;366
nhọn;365
nghiện;365
ê;364
siết;364
thềm;363
rạp;363
nhấp;363
ngưu;363
chư;363
phiến;360
mốc;360
hỡi;359
phồn;358
léo;357
dép;357
vóc;356
rèn;356
nhõm;356
xui;355
độn;354
xế;354
méo;354
giở;354
chang;354
sườn;352
pin;352
mịn;352
giăng;352
muỗng;351
yếm;349
mân;349
gậy;349
thoả;348
sập;348
chuyền;348
sỉ;347
ngụ;347
vũng;346
ròng;346
nín;346
rụt;345
rải;345
sầm;344
khâu;344
tẩu;343
nhiễu;342
hốc;342
huyên;342
chưng;342
mầu;341
meo;341
hãnh;340
thán;339
rệt;339
gót;339
nhè;337
kẽ;336
gân;336
sưu;335
mài;335
ngóng;334
dê;334
bính;334
vơi;333
lon;333
kiêm;333
côi;333
vớt;332
vướng;332
tỏi;332
cợt;332
rước;331
gù;331
gieo;331
gao;331
tủi;330
cúp;329
hức;328
gươm;328
cối;328
bìa;328
sảnh;327
sảng;327
dỗi;327
cào;327
biếng;326
nhàm;325
mâm;325
khâm;325
xăm;324
tro;324
lóc;324
kẹp;324
còi;324
thầu;323
luộc;323
dăm;323
đản;322
ngủi;322
bừa;322
viếng;321
tấp;321
đốn;320
đính;320
tạc;320
phím;320
xiết;319
sét;319
nhốt;319
nai;319
khan;319
đờ;318
đệm;318
sô;318
ngời;318
vầy;317
vành;317
giò;317
xướng;316
rầy;316
mậu;316
buýt;316
bênh;314
sốc;313
nỉ;313
nạt;313
nạ;313
ngãi;313
khoá;313
hước;313
chan;313
thính;312
vượng;311
tiêm;311
ngớ;311
dằn;311
chải;311
uốn;310
trẻo;310
triền;310
thò;310
rủa;310
ngòi;310
húc;310
dào;310
tưng;309
chuộng;309
tròng;308
sâm;308
ngửi;308
miếu;308
đặn;307
bới;307
nỡ;306
ưng;305
phồng;305
rơm;304
nhơn;304
lạng;303
hoay;303
trâm;302
nêm;302
dốt;302
buốt;302
phào;301
lụt;301
chắp;301
rưng;300
ngà;300
lây;300
xỉ;299
loáng;299
cưỡi;299
cáp;299
bời;299
nhạo;298
nhói;298
loay;298
chảo;298
chùm;298
hanh;297
xay;296
tơi;296
rùa;296
nhì;296
nhuyễn;296
củi;296
vỉa;295
nhúc;295
miệt;295
vầng;294
phô;294
ngoạn;294
giời;294
tửu;293
ngứa;293
giếng;293
tivi;292
thìn;292
tanh;291
nghiền;291
hong;291
chuồn;291
búa;291
ĩ;290
sưng;290
nhe;290
mụn;288
gãi;288
đu;287
phả;287
khùng;287
gom;287
dải;287
tởm;286
rầu;286
nịnh;286
nắp;286
hẻm;286
giùm;286
diêu;286
vút;285
vòi;285
lẫy;285
dìu;285
cáu;285
điếm;284
ngàng;284
hú;283
miến;282
rao;281
quật;281
xẻ;280
phỉ;280
tì;279
cồn;279
xưởng;278
vấp;278
thủng;278
phảng;278
lì;278
hoãn;278
trọc;277
phiếm;277
nham;277
yết;276
vá;276
uẩn;276
rậm;276
bong;276
khờ;275
hu;275
ắc;274
xoá;274
rèm;274
giễu;274
nguyền;273
lả;273
khụ;273
hớn;273
sủa;272
lửng;272
lũng;272
kị;272
càn;271
chặng;271
úp;270
võng;270
nhiếp;270
dẫm;270
bướng;270
bĩu;270
dĩa;269
quậy;268
ngọ;268
hột;268
chần;268
ướp;267
rang;267
nhẽ;267
láo;267
hiu;267
cút;267
năn;266
tánh;264
khăng;264
nứt;263
khoanh;263
ắt;262
xộn;262
lẫm;262
khớp;262
hách;262
chẩn;262
ngạt;261
mí;261
lậu;261
hoạn;261
ván;260
toái;260
nhỡ;260
ngừa;260
mút;260
bịch;260
đày;259
uổng;259
mạ;259
buồng;259
sưa;258
nôm;258
vén;257
trượng;257
nem;257
mít;257
phanh;256
mễ;256
lẩn;256
cụt;256
súc;255
kiệu;255
kiêng;255
hững;255
hót;255
át;254
thày;254
noi;254
vo;253
phàn;253
doạ;253
đong;252
xôn;252
nhuệ;252
dơ;252
bô;252
vàn;251
lừng;251
lõi;251
gừng;251
chót;251
sửu;250
sưởi;250
quất;250
quách;250
nhứt;250
ngải;250
ngùi;250
giàn;250
bâng;250
đèo;249
trăn;249
rêu;249
moi;249
thui;248
hoán;248
bưu;248
tuột;247
ngát;247
mím;247
dẻo;247
thoa;246
sặc;246
que;246
ngỏ;246
mỉ;246
lình;246
đăm;245
sấm;245
diều;245
cội;245
trụi;244
nhộn;244
hun;244
chướng;244
chích;244
tấc;243
nhang;243
áy;242
tẻ;242
thạc;242
rồ;242
bơm;242
nhồi;241
giêng;241
dạt;241
trổ;240
nóc;239
lận;239
thâu;238
rổ;238
rống;238
keo;238
tào;237
náy;237
dạn;237
trội;236
chèo;236
quàng;235
nõn;235
lút;235
hòng;235
bọ;235
xát;234
hãn;234
mường;233
thiển;232
rạch;232
mỉa;232
hăm;232
toét;231
sụt;231
búp;231
đút;230
sỏi;230
nhác;230
nhuộm;230
khay;230
thung;229
lóng;229
giỏ;229
táng;228
tiệp;228
ruồi;228
nhẹn;228
hổi;228
dãi;228
ỏi;227
bổi;227
đun;226
tòng;226
nũng;226
dấn;226
biếc;226
ếch;225
ập;225
đỗi;225
sút;225
luồn;225
hê;225
diêm;225
đểu;224
thòi;224
huyễn;224
cuốc;224
toả;223
gắp;223
chuộc;223
sừng;222
hạc;222
giòn;222
bỉnh;222
ben;222
đới;221
xơ;221
mè;221
gội;221
dồi;221
bự;221
quơ;220
phớt;220
oải;220
nấc;219
hằn;219
hoả;219
thạo;218
phổi;218
dệt;218
dậu;218
cọng;218
đực;217
xấp;217
trỏ;217
nhằn;217
gàng;217
bạ;217
tụt;216
ngoảnh;216
lườm;216
bon;216
ỷ;215
xoáy;215
thốn;215
rẫy;215
ngấm;215
hực;215
thừng;214
sáp;214
rà;214
riết;214
kèn;214
héo;214
vạ;213
rình;213
nháo;213
mứt;213
muỗi;213
cằn;213
chọi;213
sục;212
kẻo;212
khố;212
chuồng;212
vệt;211
soái;211
loang;211
xỉu;210
tể;210
luống;210
bu;210
xáo;209
tủm;209
thào;209
ngợm;209
khế;209
diên;209
ổi;208
đôn;208
xù;208
thoi;208
rì;208
nới;208
líu;208
khiếm;208
tưới;207
trãi;207
sực;207
quáng;207
loanh;207
khuấy;207
tỉm;206
vãng;205
râm;205
ráp;205
dậm;205
chừ;205
xỏ;204
vẹo;204
nhoi;204
mượt;204
lìa;204
lèo;204
huỷ;204
giằng;204
đấng;203
sẹo;203
sái;203
phèo;203
nẻo;203
nhũn;203
nhen;203
hù;203
nặn;202
nhó;202
lảng;202
hổn;202
giỗ;202
chì;202
bịa;202
ú;201
tắp;201
mỗ;201
mướt;201
cọc;201
chùi;201
bèo;201
đuốc;200
thìa;200
rè;200
lự;200
vía;199
toa;199
quýt;199
khiên;199
gán;199
cưu;199
vênh;198
nhẽo;198
mão;198
gặm;198
chóc;198
nghẹt;197
miết;197
khom;197
hớt;197
bưởi;197
vù;196
vòm;196
rợn;196
ngặt;196
hời;196
go;196
ngút;195
cọp;195
chau;195
ki;194
sành;193
nắn;193
hển;193
banh;193
thinh;192
răn;192
ri;192
nghếch;192
lẹ;192
ải;191
thuyên;191
ngắc;191
lầy;191
xiêm;190
gợn;190
dực;190
bẩy;190
ất;189
nua;189
ngáp;189
hẫng;189
trót;188
toi;188
nhấm;188
hửng;188
dột;188
đít;187
sến;187
cỏi;187
bộn;187
xổm;186
tía;186
rọi;186
pho;186
mó;186
kiền;186
còng;186
chột;186
chậc;186
vãi;185
ran;185
múc;185
kình;185
re;184
phẩy;184
mồng;184
bói;184
xịt;183
lít;183
kíp;183
dòm;183
cộ;183
cạo;183
chừa;183
tùm;182
tòi;182
nhướng;182
trệ;181
quặc;181
lết;181
lã;181
giông;181
biếm;181
trạc;180
hũ;180
bớ;180
ảm;179
tuế;179
rợ;179
quyện;179
nhô;179
hạch;179
chéo;179
chiết;179
rả;178
khiêng;178
điếc;177
vun;177
lở;177
hoắc;177
gọt;177
gáp;177
giầy;177
veo;176
trĩu;176
um;175
lượm;175
kèo;175
dí;175
vế;174
thẫm;174
mần;174
ùa;173
vôi;173
tuốt;173
nhẩm;173
choi;173
đanh;172
thít;172
thím;172
rát;172
niêm;172
nhúng;172
chờn;172
ối;171
thoắt;171
núp;171
nhéo;171
nghé;171
mọng;171
ló;171
bứt;171
đái;170
xẻo;170
lốc;170
lấm;170
lùa;170
loi;170
dận;170
cấy;170
cõng;170
sệt;169
phết;169
lùn;169
gang;169
thây;168
rú;168
quai;168
lố;168
lem;168
gặt;168
bón;168
vét;167
thóc;167
mướn;167
híp;167
thẩn;166
nép;166
lựu;166
lún;166
iu;166
gập;166
bít;166
úng;165
xuẩn;165
trứ;165
mách;165
kè;165
bin;165
ù;164
don;164
cẳng;164
bịnh;164
bai;164
nấp;163
nhện;163
mịch;163
dầm;163
xéo;162
xoài;162
sọ;162
sấp;162
phò;162
mìn;162
lọi;162
ganh;162
băm;162
biếu;162
đần;161
xó;161
tru;161
phập;161
khảm;161
ghẹo;161
xuyến;160
tẹo;160
phôi;160
bệch;160
bặt;160
truồng;159
quạnh;159
neo;159
ghe;159
sảo;158
rúc;158
nôi;158
kén;158
khuẩn;158
gấm;158
chững;158
chồn;158
nòi;157
lể;157
hừng;157
chồm;157
ạt;156
đốm;156
ríu;156
réo;156
kép;156
hơ;156
chổi;156
yểm;155
uể;155
phao;155
om;155
nực;155
mếu;155
lè;155
dấy;155
cạch;155
cui;155
ế;154
đổng;154
tuý;154
toe;154
lâng;154
khấn;154
bềnh;154
xâu;153
thạnh;153
rượi;153
rĩ;153
ngói;153
dặt;153
vái;152
tảo;152
te;152
sòng;152
nhả;152
dỡ;152
chắt;152
chóp;152
ỉ;151
vẹt;151
thỉu;151
rứt;151
nom;151
nhoáng;151
mẩn;151
lõng;151
cuồn;151
chực;151
tợn;150
phủi;150
niu;150
nháp;150
ngai;150
khuâng;150
dửng;150
bùa;150
buột;150
ủa;149
ớ;149
thỏm;149
guồng;149
xiêu;148
thịch;148
rắm;148
ngáy;148
hòm;148
dùi;148
ứ;147
úa;147
phắt;147
nang;147
mấu;147
én;146
tuồng;146
thớt;146
rứa;146
rán;146
nhậm;146
ngớt;146
mơn;146
xốc;145
xoắn;145
tạt;145
thơi;145
nhũ;145
duỗi;145
cạp;145
chầu;145
xúi;144
vèo;144
thảng;144
dẳng;144
cưa;144
bặm;144
đềm;143
đơ;143
táp;143
trầu;143
sẫm;143
lỏi;143
lảo;143
hộc;143
chận;143
chèn;143
bung;143
éo;142
khựng;142
lia;141
doãn;141
tua;140
hợi;140
diệc;140
cộc;140
xê;139
thụt;139
nhối;139
hon;139
cựa;139
còm;139
báng;139
xẹt;138
un;138
tiều;138
thiến;138
rằm;138
phới;138
nài;138
giẫm;138
cữu;138
vịn;137
quây;137
oi;137
nách;137
nhao;137
bỡn;137
óng;136
xèo;136
tho;136
ngóc;136
ngoặt;136
hợt;136
hoe;136
giựt;136
dỏm;136
ặc;135
xúm;135
quặng;135
phơ;135
hóng;135
chùng;135
chông;135
bập;135
tịt;134
tuất;134
thảnh;134
quẻ;134
lổ;134
lẻo;134
khua;134
gi;134
buồm;134
ứa;133
ắp;133
víu;133
thênh;133
sấu;133
khoé;133
cặn;133
chong;133
ùn;132
xơi;132
thót;132
phúng;132
ngổn;132
nghiễm;132
lằn;132
lẩu;132
tép;131
quít;131
nhàu;131
mĩm;131
mu;131
lụi;131
lặt;131
kềm;131
xén;130
xiên;130
thía;130
then;130
nà;130
nhơ;130
lững;130
chòm;130
bú;130
vượn;129
thổn;129
sắn;129
sào;129
sim;129
hởi;129
hấn;129
bụt;129
ẩu;128
súp;128
rãnh;128
xẩy;127
nhặn;127
mọn;127
dấm;127
chửa;127
chộp;127
bục;127
bét;127
ròi;126
oái;126
lênh;126
biền;126
viền;125
thẫn;125
thoang;125
ngầu;125
hến;125
bở;125
vẳng;124
tỉa;124
ram;124
hên;124
dế;124
dà;124
bịp;124
điểu;123
mọt;123
lim;123
giảo;123
chun;123
bẹp;123
tành;122
dim;122
chít;122
trìu;121
nhím;121
ngách;121
muống;121
toại;120
nệm;120
nết;120
lum;120
giun;120
cúm;120
ắng;119
đóm;119
xuồng;119
trĩ;119
thau;119
rón;119
nập;119
nhút;119
lủi;119
phăng;118
nhưỡng;118
nhót;118
mảy;118
lơi;118
chớm;118
chằng;118
véo;117
quẹt;117
khuỷu;117
dằng;117
cật;117
choạng;117
áng;116
sộ;116
pa;116
nhăng;116
vó;115
tè;115
tuông;115
thun;115
ngạnh;115
ngoặc;115
ngoa;115
két;115
ghềnh;115
ì;114
xới;114
tráo;114
sỡ;114
rượt;114
phiện;114
nện;114
nhằng;114
lìm;114
dẻ;114
diết;114
cấn;114
ngạch;113
ngông;113
máng;113
lịm;113
lác;113
khất;113
hẻo;113
dượng;113
trớ;112
thiêm;112
siêng;112
ray;112
nhôm;112
loãng;112
hử;112
ghẻ;112
dứa;112
chội;112
thuý;111
sải;111
rạc;111
phàng;111
oản;111
nhuần;111
giầu;111
chác;111
vờn;110
thỉ;110
quẳng;110
mận;110
lỵ;110
lép;110
găng;110
dúi;110
chuốc;110
ói;109
xoe;109
trảo;109
thiều;109
rích;109
quẹo;109
nẩy;109
khư;109
gài;109
giụa;109
cườm;109
ớn;108
trề;108
trau;108
thố;108
nớt;108
nhái;108
nghễ;108
mền;108
mả;108
mía;108
kỉnh;108
ken;108
cầy;108
đượm;107
vợi;107
trặc;107
thút;107
rạn;107
oang;107
ngố;107
hục;107
bống;107
xộc;106
xổ;106
vồ;106
vẩy;106
việt-nam;106
toang;106
sũng;106
rén;106
ngoắc;106
lủng;106
lùm;106
khắt;106
hớp;106
chường;106
bợ;106
ố;105
rặng;105
quắt;105
quắc;105
phũ;105
nhọ;105
nhẵn;105
nanh;105
lảnh;105
hậm;105
chày;105
đát;104
tốp;104
tằm;104
tom;104
nịu;104
ngái;104
nghê;104
mủ;104
lạn;104
gốm;104
gằn;104
dấp;104
cồng;104
xước;103
sứt;103
quệt;103
pan;103
ná;103
loạng;103
khét;103
gồng;103
au;103
đếch;102
đẽo;102
xị;102
tét;102
tã;102
suông;102
nịch;102
mấp;102
hường;102
chôm;102
chuốt;102
xỉn;101
trối;101
teo;101
quặn;101
nhuốm;101
ngợp;101
lù;101
gẫu;101
chĩa;101
chiểu;101
bốt;101
đán;100
xối;100
xỉa;100
vồng;100
von;100
rốn;100
rô;100
rê;100
phông;100
liễm;100
ghì;100
búi;100
thướt;99
sọc;99
sum;99
rinh;99
nhoẻn;99
khử;99
khoải;99
hòi;99
dìm;99
bấu;99
nung;98
nhúm;98
mo;98
lọn;98
diễu;98
bôn;98
xạo;97
vừng;97
thặng;97
tem;97
phịch;97
ngấn;97
lảm;97
khóm;97
khít;97
khàng;97
dông;97
cuội;97
chài;97
tăn;96
sún;96
quỵ;96
mẹo;96
lòi;96
gỏi;96
gắm;96
gu;96
doi;96
dan;96
bịu;96
bệt;96
đĩ;95
xốp;95
vông;95
vít;95
quằn;95
nã;95
ngót;95
lặc;95
luẩn;95
chạc;95
vựng;94
thuỵ;94
ròm;94
nghiêu;94
loét;94
khước;94
hão;94
chồi;94
sì;93
máo;93
lất;93
liếng;93
khảnh;93
găm;93
bốp;93
tắn;92
tày;92
trố;92
trầy;92
toản;92
rạ;92
rưởi;92
nê;92
nhoài;92
mẫm;92
loát;92
chạnh;92
vắn;91
suôn;91
nhố;91
nhón;91
nguỵ;91
liễn;91
hắng;91
nhừ;90
lỉnh;90
ké;90
khà;90
khoét;90
ới;89
đìa;89
xuýt;89
trằn;89
thệ;89
rền;89
rai;89
nhòm;89
nhành;89
nhem;89
mạp;89
lẻn;89
làu;89
luỹ;89
hóc;89
dĩnh;89
ực;88
đung;88
quạ;88
nỏ;88
mửa;88
muốt;88
lét;88
hấu;88
cỗi;88
chẻ;88
chiêng;88
ươm;87
xệch;87
tươm;87
trồ;87
trườn;87
phà;87
nần;87
ngật;87
láy;87
hem;87
gở;87
vát;86
thiu;86
phiệt;86
mương;86
kiểng;86
khuếch;86
keng;86
dề;86
chãi;86
sỏ;85
sọt;85
liu;85
hiềm;85
hen;85
xoan;84
toáng;84
sá;84
nải;84
mói;84
mun;84
lốp;84
lải;84
lươn;84
hươu;84
giũ;84
gio;84
chịt;84
bủa;84
riu;83
quẫn;83
ngò;83
lài;83
hừm;83
hóm;83
dể;83
dõng;83
cứa;83
cóng;83
chọt;83
chơ;83
bộp;83
đật;82
đùm;82
thửa;82
thủi;82
quại;82
phộng;82
nạc;82
mánh;82
inh;82
hạp;82
đĩnh;81
xú;81
sùi;81
ren;81
mành;81
khẩy;81
guốc;81
vê;80
toạ;80
sấy;80
rảo;80
quyệt;80
phùn;80
nọt;80
mãng;80
giấm;80
bobbi-đôn;80
ẵm;79
ậm;79
đô-la;79
đênh;79
xụp;79
trớn;79
thủa;79
săm;79
rày;79
nạo;79
nhớn;79
mào;79
giàng;79
cụi;79
cheo;79
rương;78
què;78
queo;78
nệ;78
lịa;78
lói;78
kẽm;78
kham;78
hùa;78
dặc;78
bảnh;78
tưởi;77
tâu;77
rợp;77
rờ;77
răm;77
rìa;77
nhẹt;77
nhải;77
nhăm;77
lạch;77
gảy;77
ghiền;77
bõ;77
xiển;76
tằng;76
tót;76
quýnh;76
phấp;76
náu;76
ngỗng;76
ngẩm;76
ngấu;76
ngoi;76
mống;76
lọng;76
lũi;76
gông;76
giếm;76
dạc;76
điếng;75
sám;75
phang;75
mé;75
hỉnh;75
cứt;75
cốm;75
cùi;75
bẵng;75
đoản;74
xuy;74
trịch;74
thiên-huế;74
sạp;74
soạng;74
ruổi;74
phụt;74
nẻ;74
nhựt;74
nhoà;74
nghêu;74
gọng;74
cặm;74
chửng;74
búng;74
yểu;73
xoăn;73
toạc;73
thúng;73
nộn;73
múi;73
lừ;73
hùm;73
gừ;73
gióng;73
chợp;73
chòi;73
bỡ;73
tíu;72
tênh;72
tong;72
thúi;72
sính;72
rờn;72
nơm;72
núc;72
mõ;72
huýt;72
ghim;72
en;72
cừ;72
chàm;72
ươn;71
đẫn;71
đẩu;71
xiềng;71
thừ;71
sà;71
rần;71
rúm;71
rò;71
riêu;71
quầng;71
phình;71
mướp;71
lõm;71
hây;71
gộp;71
gam;71
dụm;71
cộm;71
chới;71
xóc;70
vè;70
ton;70
nhổm;70
lồi;70
lằng;70
khập;70
dua;70
cụp;70
cáng;70
đoá;69
uế;69
rỏ;69
ria;69
noãn;69
ngủn;69
khuy;69
cảo;69
chệch;69
đận;68
xô-viết;68
vỏn;68
vao;68
tâng;68
ten;68
rói;68
nớp;68
mon;68
loé;68
khêu;68
húp;68
hám;68
dóc;68
cóp;68
beo;68
đọ;67
xạc;67
vểnh;67
vạc;67
thằn;67
thõng;67
thòng;67
oăm;67
nhột;67
khỉnh;67
hụi;67
bờm;67
ưỡn;66
đom;66
tủn;66
tạnh;66
nọc;66
núm;66
chúi;66
sắng;65
sò;65
rôm;65
róc;65
oằn;65
nong;65
nhão;65
lịnh;65
cộp;65
chòng;65
xo;64
tút;64
trồi;64
trảm;64
truân;64
sảy;64
sên;64
sàm;64
phịu;64
nin;64
ngọng;64
ngậy;64
nghệch;64
miều;64
lêu;64
khò;64
húi;64
bêu;64
đay;63
xoàng;63
trọi;63
tróc;63
sin;63
rữa;63
phui;63
nành;63
nuông;63
lắt;63
láu;63
lom;63
khều;63
hớ;63
dơi;63
doan;63
càu;63
chùn;63
đằm;62
xìu;62
vạng;62
tèo;62
thãi;62
rục;62
rắp;62
rưới;62
phốc;62
nấng;62
nùng;62
nhản;62
lợm;62
kềnh;62
ka;62
hổm;62
hom;62
gằm;62
bết;62
bấp;62
bùm;62
boong;62
trát;61
niêu;61
mác-xít;61
miện;61
khứa;61
hua;61
cữ;61
chình;61
bợm;61
vằng;60
trọt;60
rúng;60
quệ;60
phung;60
ngoắt;60
nghẽn;60
mún;60
mom;60
lụp;60
gạc;60
bụp;60
vỉ;59
phích;59
nhờn;59
nhảnh;59
ngừ;59
ngan;59
mòng;59
lớ;59
lú;59
khì;59
khuân;59
gồ;59
bẽ;59
bẹ;59
ã;58
xẻng;58
thuồng;58
rớm;58
rắt;58
nơ;58
nhỏm;58
lợp;58
lị;58
ke;58
chạng;58
đác;57
váo;57
túp;57
sậm;57
quắp;57
phờ;57
phét;57
nựng;57
ngoằn;57
ngoáy;57
lỏn;57
luỵ;57
leng;57
kịt;57
kiết;57
hịch;57
gột;57
gáo;57
cụng;57
chiền;57
bửu;57
đơm;56
xập;56
xói;56
tếu;56
thững;56
thoai;56
rướn;56
quánh;56
nằng;56
nậm;56
ních;56
ngăm;56
khản;56
jong-il;56
giãi;56
ghìm;56
chẵn;56
đờn;55
xệ;55
trám;55
thọc;55
rây;55
nhớt;55
măm;55
mèm;55
mác-lê;55
mui;55
lựng;55
lúm;55
kháo;55
huề;55
giẻ;55
cùm;55
bằm;55
xở;54
xiếc;54
vằn;54
vấy;54
ti-mua;54
thỏi;54
sớ;54
sả;54
ne;54
mích;54
mén;54
lốt;54
khiễng;54
huơ;54
gd-đt;54
chẹp;54
chiu;54
xum;53
nán;53
nhốn;53
nhài;53
ngỗ;53
mồn;53
hoen;53
díu;53
chề;53
chơn;53
ó;52
vảy;52
trét;52
truất;52
thốc;52
thoán;52
sẩy;52
soạt;52
rịch;52
rông;52
rìu;52
nhởn;52
nhú;52
lộp;52
khạo;52
hằm;52
hèm;52
chảnh;52
chiện;52
bàu;52
đẵng;51
vữa;51
vùn;51
tộ;51
tậu;51
sướt;51
seo;51
rụi;51
ruốc;51
phè;51
mũm;51
lởn;51
lồn;51
liềm;51
gờ;51
cỡi;51
ị;50
èo;50
vởn;50
vót;50
uý;50
tụm;50
trịa;50
toẹt;50
thớ;50
sờn;50
rức;50
rịn;50
quở;50
phèn;50
nạnh;50
nhách;50
lúi;50
kệch;50
hẵng;50
hói;50
huê;50
giê-nhi-a;50
cắc;50
chỏng;50
bĩnh;50
ẹo;49
ót;49
xằng;49
xép;49
xoảng;49
xoong;49
viển;49
tửng;49
trũng;49
rườm;49
rươi;49
ré;49
nĩa;49
nhãi;49
ngâu;49
nghén;49
mèn;49
loà;49
lin;49
choang;49
bủn;49
đoái;48
ôn-ga;48
xang;48
vựa;48
quẩy;48
phệ;48
oà;48
nứa;48
niết;48
lẽn;48
khuây;48
hựu;48
dó;48
dát;48
cốp;48
chấu;48
bẽn;48
bòn;48
béng;48
xúp;47
vạm;47
vuột;47
sất;47
rạo;47
rái;47
reng;47
nì;47
chíp;47
chuôi;47
bấn;47
bõm;47
ụ;46
tuồn;46
tràm;46
sủi;46
rộc;46
quẫy;46
nốc;46
lụng;46
lém;46
cỏn;46
chụt;46
chặc;46
vói;45
vãnh;45
tuỵ;45
tiếm;45
thoăn;45
sình;45
ruồng;45
ngòm;45
mõm;45
kheo;45
húng;45
hõm;45
gâu;45
giậm;45
dác;45
chổng;45
chã;45
bươn;45
bòng;45
đủng;44
xùm;44
xuể;44
xoẹt;44
thượt;44
nạm;44
nhèm;44
nghịu;44
mề;44
lẩy;44
liệng;44
hống;44
giong;44
dẫy;44
cùn;44
bua;44
đễ;43
vanh;43
rận;43
phừng;43
nô-en;43
nhảu;43
ngáo;43
hác;43
hum;43
cạm;43
chụm;43
bỉu;43
bỉm;43
ốp;42
ạch;42
đọt;42
đẫy;42
xẩm;42
xầm;42
xuê;42
toé;42
séc;42
sun;42
quờ;42
nhặng;42
nhít;42
ngấy;42
ngoằng;42
lạo;42
lơn;42
hích;42
gặng;42
gạ;42
dẹt;42
cồm;42
bướu;42
bô-xít;42
bân;42
beng;42
ỉa;41
đùn;41
đên;41
ém;41
trẽn;41
trảng;41
thiếc;41
sồi;41
sượng;41
quăn;41
oe;41
mẩy;41
lới;41
khịt;41
hủi;41
chõng;41
chiến-hạm;41
đớp;40
đỉa;40
đễnh;40
xồm;40
vợt;40
tuộc;40
thếch;40
thé;40
thin;40
sột;40
sịt;40
sạt;40
sòm;40
sui;40
niệu;40
nhứ;40
ngưởng;40
mủi;40
loảng;40
liến;40
khướt;40
hâu;40
gỉ;40
bím;40
xẹp;39
xược;39
xoè;39
vẻn;39
vặc;39
thuỳ;39
rởm;39
quạu;39
nhép;39
ngốn;39
ngoe;39
nen;39
kiễng;39
khấp;39
guộc;39
ghi-ta;39
cũi;39
chếch;39
đừ;38
đủi;38
đéo;38
xè;38
vánh;38
tệp;38
teng;38
sền;38
sậy;38
sần;38
nớ;38
nhẹm;38
ngợ;38
nguýt;38
mót;38
lồm;38
láp;38
lán;38
khểnh;38
khuyển;38
khoắn;38
hẹ;38
hập;38
giậu;38
dũ;38
chúm;38
bấc;38
bobby-đôn;38
ỉu;37
đì;37
ình;37
è;37
xình;37
tạch;37
típ;37
thè;37
sởn;37
sồn;37
quết;37
quạng;37
phẩn;37
phính;37
phây;37
nhử;37
nhầy;37
mởn;37
muồi;37
lẹt;37
lẵng;37
lúp;37
loẹt;37
khục;37
háu;37
huých;37
cơi;37
chưởi;37
bươm;37
bìm;37
ừng;36
ỉn;36
ùng;36
xếch;36
vẻo;36
việt-trung;36
tuếch;36
tum;36
trờ;36
tran;36
thụp;36
ngụp;36
mỏm;36
mém;36
lếch;36
kều;36
hợm;36
huênh;36
cót;36
ủn;35
ộp;35
đòng;35
vn-index;35
thùa;35
núng;35
nhớp;35
nhẹp;35
nhạnh;35
nhương;35
nhong;35
nhiếc;35
ngoèo;35
móm;35
khè;35
khoắt;35
khiu;35
hĩnh;35
háy;35
him;35
bụm;35
bện;35
òi;34
tỏng;34
tréo;34
thồ;34
thẹo;34
thoắng;34
rịa;34
rặt;34
rướm;34
quặt;34
oách;34
nườm;34
nhụt;34
nghịt;34
liệm;34
khạc;34
hùn;34
hoác;34
hoàng-sa;34
gỏng;34
giũa;34
dô;34
cạc;34
cu-ù;34
xốn;33
vại;33
tọt;33
tẹt;33
tẩn;33
tấy;33
thóp;33
sấn;33
sượt;33
rùm;33
quèn;33
phỉnh;33
nhụi;33
nhọt;33
lỏm;33
loè;33
gẫm;33
gấc;33
chỉn;33
chum;33
ợ;32
đoài;32
ăng;32
xán;32
vảng;32
tóp;32
sụa;32
sụ;32
nượp;32
nhoè;32
mác-lênin;32
lổng;32
lèn;32
loe;32
khuỵu;32
hẩm;32
gộc;32
gạn;32
gườm;32
gàn;32
giẫy;32
dộng;32
dả;32
ai-cơ;32
ẻo;31
xửa;31
xức;31
xẹo;31
xoà;31
vốc;31
vưu;31
trệt;31
thều;31
sán;31
rủn;31
rề;31
rám;31
ngáng;31
nghét;31
nghèn;31
mớm;31
mệ;31
mẹt;31
muông;31
khoả;31
hự;31
hải-quân;31
hoáy;31
hau;31
gút;31
giắt;31
giạt;31
chặp;31
chêm;31
đốp;30
úi;30
trốc;30
totto-chan;30
tiễu;30
rù;30
rin;30
pô;30
phóc;30
ngoác;30
nghè;30
nghinh;30
mơi;30
mòi;30
lởm;30
kẽo;30
khui;30
hể;30
háng;30
ghém;30
dềnh;30
cạ;30
chỏ;30
chệ;30
bải;30
ục;29
ò;29
xấc;29
xuyết;29
xoi;29
vắc;29
vàm;29
trụng;29
thiểm;29
sênh;29
rết;29
pi;29
nạng;29
nhùng;29
nhám;29
ngớn;29
nguẩy;29
lé;29
hoảnh;29
giê-su;29
cớm;29
chái;29
chành;29
ba-lô;29
ướm;28
độp;28
đúp;28
ăm;28
xịch;28
vức;28
uột;28
tồ;28
tễnh;28
tược;28
trấu;28
thểu;28
phên;28
nịt;28
nhom;28
ngoạm;28
mằn;28
lềnh;28
kền;28
jong-un;28
hếch;28
huý;28
coca-cola;28
chằn;28
chím;28
cheng;28
bửa;28
ồm;27
ỉm;27
xừ;27
tế-xã;27
sít;27
sãi;27
sã;27
rọt;27
nót;27
nhộng;27
nhắt;27
nhò;27
mủn;27
kẻng;27
khú;27
khù;27
gôn;27
ghề;27
ghẽ;27
dăng;27
cửi;27
cồ;27
biêng;27
đúm;26
vục;26
vẹm;26
tiu;26
sằng;26
rỗ;26
rọc;26
quỵt;26
phạch;26
nuột;26
ngòn;26
nghẽo;26
lévi-strauss;26
khệ;26
khấm;26
khăm;26
khuông;26
hoắt;26
hoải;26
gô;26
giội;26
gièm;26
cẫng;26
chễm;26
chìu;26
ché;26
bẹo;26
ụp;25
ọc;25
ếm;25
đìu;25
đét;25
đoạ;25
xắp;25
vập;25
voan;25
tĩu;25
trung-cộng;25
triêu;25
sạm;25
soán;25
rẹt;25
riềng;25
quện;25
phăm;25
phinh;25
nhoẹt;25
lữa;25
lụn;25
líp;25
khứu;25
hênh;25
gianh;25
dờ;25
dẩn;25
diệu-thanh;25
chẹt;25
ẹ;24
đéc;24
đui;24
đom-đóm;24
xụ;24
xính;24
vưởng;24
thời-gian;24
sơ-mi;24
sùm;24
rọ;24
rười;24
ràn;24
phổng;24
phắc;24
nộm;24
lức;24
lòm;24
luông;24
kếch;24
héc;24
dam;24
bịn;24
bắng;24
bẫm;24
ợt;23
xắc;23
xôm;23
xáp;23
xoạch;23
xoát;23
tời;23
trỏng;23
sạo;23
sú;23
rủng;23
rỉnh;23
rấm;23
rạt;23
rơ;23
ruỗng;23
nắc;23
nhay;23
ngụa;23
marx-lenin;23
lẻm;23
khảng;23
khúm;23
khênh;23
khum;23
khoắng;23
hầy;23
gổ;23
gioi;23
dái;23
chầy;23
bĩ;23
add-on;23
ườn;22
ùm;22
xụi;22
xổi;22
xồ;22
xoang;22
xam;22
tư-lệnh;22
trổi;22
tiêng;22
thọt;22
thết;22
thó;22
sài-gòn;22
suồng;22
rựa;22
rá;22
rim;22
quẽ;22
oạch;22
nùi;22
nhèo;22
ngửng;22
ngoải;22
lãn;22
kít;22
kiềng;22
huỵch;22
gí;22
gram;22
dỏng;22
cạy;22
chộn;22
chất-thân;22
choắt;22
choảng;22
bậu;22
ọp;21
ươi;21
đờm;21
đẹt;21
đước;21
đông-tây;21
đoàng;21
xỉnh;21
xẩu;21
xúng;21
tủa;21
tọc;21
tằn;21
tòn;21
toàng;21
suyễn;21
rệp;21
ra-đa;21
phỡn;21
phỗng;21
phiu;21
phau;21
pgs-ts;21
nhợ;21
nhổn;21
nhắng;21
ngấp;21
mi-sơ-ca;21
lổn;21
lốn;21
lếu;21
lèm;21
loằng;21
kháu;21
hàu;21
hoắm;21
gậm;21
gường;21
giúi;21
dúm;21
díp;21
dáy;21
chởm;21
chếnh;21
chườm;21
chõ;21
bậm;21
ẳng;20
đười;20
xống;20
xuề;20
vọc;20
vọ;20
vạy;20
tõm;20
tuỷ;20
trạo;20
troi;20
thườn;20
sếu;20
sè;20
rệu;20
rằn;20
ren-chan;20
quảy;20
oắt;20
nhẻm;20
mứa;20
mán;20
lẹo;20
lẹm;20
luốt;20
luốc;20
gầu;20
giồng;20
giòi;20
giê;20
dứ;20
cảu;20
cói;20
đũng;19
yên-yên;19
xênh;19
vện;19
tèm;19
trợt;19
trẹo;19
thuộm;19
thuôn;19
sun-joon;19
soài;19
rường;19
ping;19
oặt;19
nhời;19
nhậy;19
nhiu;19
mát-xcơ-va;19
lợ;19
lốm;19
luộm;19
khẻ;19
gùi;19
ghiếc;19
dìa;19
cũn;19
cà-phê;19
chểnh;19
bụ;19
bễ;19
bẳn;19
best-seller;19
ỡm;18
ọt;18
ẹp;18
đồm;18
đon;18
yoon-hee;18
xềnh;18
uỳnh;18
tồng;18
trơi;18
trôn;18
trung-việt;18
triện;18
toanh;18
ti-vi;18
ti-tô;18
sậu;18
rịt;18
rân;18
phọt;18
phọng;18
phát-xít;18
phom;18
phay;18
nẫu;18
nghỉu;18
nghỉm;18
mát-xa;18
lê-nin;18
khừng;18
khoáy;18
hồ-trầm;18
giề;18
giâm;18
giu;18
ghè;18
eng;18
diếp;18
chù;18
choán;18
bẽo;18
ỏm;17
xiểm;17
vố;17
vón;17
trâng;17
trui;17
thộn;17
sém;17
rum;17
quắn;17
phứt;17
phầm;17
nẹt;17
nả;17
nhụ;17
nhông;17
ngổ;17
ngẫn;17
nghển;17
mung;17
lử;17
lủn;17
lạt-ma;17
lor-ca;17
hải-chiến;17
hà-nội;17
gờm;17
gây-ca;17
gia-đình;17
dớ;17
dượt;17
chạ;17
chét;17
choẹt;17
chiếp;17
bứng;17
bắc-nam;17
bót;17
ễnh;16
ẹt;16
đỏm;16
địt;16
đú;16
đà-lạt;16
xốt;16
xĩnh;16
xi-măng;16
việt-mỹ;16
uỵch;16
tẽn;16
tô-mếch;16
tun;16
toác;16
thụng;16
sớt;16
sỗ;16
sẩm;16
sõi;16
suỵt;16
suyển;16
rật;16
ráy;16
pu;16
phạn;16
nhắp;16
nhuốc;16
nhoạng;16
ngóp;16
ngoét;16
ngoàm;16
mú;16
lợt;16
loăng;16
liếp;16
khật;16
khơ;16
khòng;16
jong-nam;16
hóp;16
hè-dân;16
hia;16
giập;16
dôi;16
cổn;16
chẩm;16
bợt;16
bỏi;16
bép;16
囧;15
đạt-lai;15
é;15
vồn;15
vọp;15
việt-minh;15
tầy;15
têm;15
táy;15
tuần-dương-hạm;15
trập;15
trĩnh;15
thụi;15
thuổng;15
sù;15
shangri-la;15
rớ;15
rỉa;15
rơn;15
quày;15
quào;15
phếch;15
nột;15
nồm;15
nậu;15
ngộn;15
ngồn;15
mụi;15
mịnh;15
mếch;15
mẩm;15
mum;15
miễu;15
mia;15
li-la;15
kéc;15
khụt;15
khọm;15
khắng;15
khạng;15
hụp;15
hoè;15
gàu;15
cỡm;15
cọt;15
cáy;15
bươu;15
bôn-sơ-vích;15
bâu;15
之;14
ầy;14
đạch;14
đoảng;14
éc;14
xủng;14
xổng;14
xía;14
xoành;14
xit;14
xin-cho;14
vích;14
véc-tơ;14
váp;14
tổ-chức;14
tèn;14
trớt;14
trị-xã;14
trành;14
truỵ;14
trung-hoa;14
thăn;14
thoá;14
sứa;14
sồ;14
sê;14
suê;14
soong;14
rốc;14
quành;14
phựt;14
phịa;14
phơn;14
phin;14
oẳn;14
nhỏng;14
nhỉnh;14
nhoét;14
ngứ;14
loàn;14
li-bi;14
khảy;14
in-đô-nê-xi-a;14
dởm;14
dọi;14
dúa;14
dòi;14
chấy;14
chíu;14
chuồi;14
chi-lê;14
bương;14
bèm;14
bi-đông;14
不;13
ỏng;13
đụp;13
địu;13
đưng;13
òm;13
yêu-thương;13
xớt;13
xịu;13
xút;13
xoàn;13
vạnh;13
vna-ii;13
viet-studies;13
tỳ-khưu;13
tễ;13
tó;13
tém;13
táu;13
trẩy;13
trê;13
thược;13
thũng;13
thá;13
thu-liễu;13
thom;13
sổng;13
rở;13
quác;13
nằn;13
nđ-cp;13
nhùi;13
nhóp;13
nhoáy;13
ngồng;13
ngồm;13
ngầy;13
ngóm;13
mem;13
ma-lai-xi-a;13
lực-lượng;13
lởi;13
ki-tô;13
ki-moon;13
khệnh;13
hs-ts;13
hoạnh;13
hoa-kỳ;13
gặc;13
gích;13
goá;13
giừ;13
ghẹ;13
ghê-oóc-ghi;13
dử;13
côm;13
choé;13
bựa;13
bọng;13
bẹn;13
bíu;13
al-assad;13
ốt;12
đụn;12
đểnh;12
đi-văng;12
úm;12
xàm;12
xiểng;12
vằm;12
tứa;12
tòm;12
trùi;12
tràu;12
toài;12
thếp;12
thùm;12
thòm;12
thành-phố;12
thiềm;12
sõng;12
soa;12
rúp;12
riếu;12
quải;12
pê;12
pác;12
phéng;12
nự;12
nhủi;12
nhụa;12
nhẫy;12
nhãng;12
nhoàm;12
ngúng;12
ngúc;12
ngoéo;12
nam-bắc;12
múp;12
móp;12
muôi;12
lủm;12
lủ;12
lờn;12
lóm;12
kếp;12
kiếu;12
khẳm;12
khằng;12
khem;12
khau;12
jean-paul;12
hỏn;12
hẩy;12
hoét;12
gụ;12
giáng-sinh;12
dằm;12
cộng-hòa;12
căng-tin;12
chỉ-huy;12
chược;12
chiến-đấu;12
cam-pu-chia;12
bạnh;12
biên-giới;12
ang;12
天;11
以;11
也;11
ọ;11
ịch;11
ậc;11
đứ;11
đim-ma;11
xửng;11
xùi;11
xèng;11
vùa;11
tọng;11
têu;11
trã;11
tráp;11
toa-lét;11
tn-mt;11
thùi;11
sa-trường;11
rũa;11
rõi;11
quạch;11
quéo;11
phành;11
nẹp;11
néo;11
nám;11
nái;11
nhồm;11
nhẵng;11
nhín;11
người-thú;11
lô-gích;11
luýnh;11
loắt;11
khừ;11
hướm;11
gụi;11
gá;11
gành;11
dạ-kiều;11
dom;11
cời;11
cộng-sản;11
cúa;11
cô-li-a;11
chi-tiết;11
bẹt;11
buồi;11
民;10
ộc;10
ồng;10
ề;10
ẻn;10
đỏi;10
đông-nam;10
đôm;10
đin;10
xực;10
xớ;10
xăn;10
xi-ma;10
vối;10
tấn-công;10
trỗ;10
trệu;10
trũi;10
trôm;10
truông;10
tron;10
toni-văn;10
thưng;10
thái-bạch;10
thanh-niên;10
sồng;10
sểnh;10
sẻn;10
rộp;10
rổi;10
rảy;10
rí;10
rolls-royce;10
quạc;10
nạy;10
nư;10
nhoay;10
ngoã;10
nghểnh;10
nghẹo;10
mủm;10
mùn;10
lổm;10
lũm;10
lôm;10
long-hà;10
khìn;10
jae-shin;10
hặc;10
hậu-hiện;10
hải-kích;10
héc-ta;10
hi-vọng;10
gờn;10
gơ;10
gon;10
gokudera-kun;10
dẽ;10
dương-thủy-triều;10
dích;10
duyên-hải;10
diếc;10
cà-rốt;10
cun;10
chắm;10
chĩnh;10
cháng;10
bủng;10
bỏm;10
bư;10
bê-tông;10
bàm;10
al-qaeda;10
其;9
ệ;9
đợ;9
ðà-nẵng;9
êu;9
ét;9
xồng;9
xọ;9
xẵng;9
xoải;9
xoạc;9
xoã;9
vầu;9
vôn;9
việt-cộng;9
trổng;9
trắm;9
tout;9
thum;9
thia;9
sụn;9
sác;9
rịa-vũng;9
rẻo;9
rẫm;9
rua;9
rom;9
quặp;9
phốp;9
phều;9
phảy;9
phướn;9
phèng;9
phuy;9
phi-cơ;9
nục;9
nưa;9
ni-cô;9
nhự;9
nháng;9
nhuế;9
ngưa;9
nam-trung;9
lụ;9
lòn;9
lìu;9
liểng;9
liên-lạc;9
liên-hạ;9
la-tinh;9
kẹ;9
khề;9
không-p;9
khèn;9
kh-cn;9
joon-soo;9
hội-an;9
hệch;9
hềnh;9
hẩu;9
hảng;9
hải-đoàn;9
hán-việt;9
goòng;9
giò-lụa;9
gio-an;9
dợ;9
dàu;9
chỏm;9
chạo;9
chưn;9
chiềng;9
chem;9
bẻm;9
bằn;9
bra-xin;9
bai-rơn;9
ỏn;8
ềnh;8
ẽo;8
ẩy;8
đụt;8
định-cư;8
đù;8
đót;8
đêu;8
đuột;8
đoành;8
ín;8
xởi;8
xái;8
xan;8
vọi;8
vêu;8
tợp;8
tềnh;8
trụa;8
tram;8
tham-dự;8
sới;8
sộp;8
sô-cô-la;8
strauss-kahn;8
soon-yi;8
siu;8
second-hand;8
rộm;8
phẹt;8
phưng;8
oạp;8
nờ;8
nia;8
ni-lông;8
nhạp;8
nhân-viên;8
nhu-rơ-ca;8
ngường;8
nguyệt-thực;8
ngong;8
nga-trung;8
mê-kông;8
lớt;8
lườn;8
lõ;8
lóp;8
lê-nin-nít;8
léng;8
loong;8
levi-strauss;8
la-mã;8
khé;8
khân;8
khin;8
hảm;8
hạm-trưởng;8
hành-động;8
hi-tech;8
giụi;8
giê-xu;8
gié;8
giát;8
giuộc;8
dăn;8
dút;8
dúng;8
cức;8
cỡn;8
cặc;8
cà-na;8
cu-giọt;8
coong;8
chẹn;8
chất-xác;8
chây;8
chuẩn-bị;8
chiến-tranh;8
bụa;8
bộ-đội;8
bươi;8
băng-rôn;8
báo-phản;8
bla-môn;8
bi-a;8
ba-lê;8
al-islam;8
ựa;7
đảng-nhà;7
xòm;7
xuỵt;7
xoét;7
wi-fi;7
vũ-đại;7
việt-hoa;7
vi-la;7
tếch;7
tướt;7
tướp;7
tài-liệu;7
tuần-triệt;7
tuyết-tùng;7
tròm;7
trung-mỹ;7
tor-van-đxen;7
tiếp-tục;7
thúy-liễu;7
tháy;7
ta-nhi-a;7
sởi;7
sạ;7
soóc;7
shounen-ai;7
rỡn;7
rốp;7
rún;7
rô-bốt;7
róm;7
ró;7
quịt;7
qué;7
quàn;7
quài;7
phễu;7
phúc-âm;7
pao;7
nầm;7
nèo;7
no-follow;7
nhửng;7
nhồn;7
nhịt;7
nhẳng;7
nhúa;7
nhõn;7
nhày;7
ngọc-tuấn;7
ngẳng;7
mỹ-việt;7
mồ-côi;7
maxi-forex;7
lịch-sử;7
lẳn;7
lấc;7
lđ-tb;7
lãnh-thổ;7
kết-quả;7
khịa;7
khắm;7
kháp;7
khu-trục-hạm;7
khoằm;7
jesus-christ;7
hồng-thập-tự;7
hành-quân;7
hip-hop;7
hayama-sempai;7
gồi;7
guyn-plên;7
gs-ts;7
giạ;7
ga-ra;7
dỏ;7
dọng;7
dạm;7
doa;7
di-gan;7
cơ-quan;7
cách-mạng;7
cào-cào;7
cuỗm;7
com-lê;7
chệnh;7
chềnh;7
chạn;7
chạch;7
chũi;7
chão;7
chá;7
chiến-sĩ;7
cao-nhật-thăng;7
ca-tô;7
ca-ra;7
bợn;7
băng-cốc;7
bõng;7
bi-da;7
bastion-p;7
ban-công;7
anglo-saxon;7
an-na;7
add-in;7
而;6
者;6
為;6
子;6
凸;6
丵;6
下;6
ạnh;6
đởn;6
đồng-ý;6
đặc-nhiệm;6
đại-hội;6
đông-bắc;6
đa-vít;6
xọc;6
xô-man;6
xì-căng-đan;6
xuất-hiện;6
xom;6
xoen;6
xia;6
vổ;6
vẹc-xây;6
vắc-xin;6
vẩu;6
vũ-bình-đôn;6
vh-tt-dl;6
va-li;6
tự-do;6
tử-vi;6
tợ;6
tớt;6
tói;6
tình-trạng;6
tình-hình;6
tác-giả;6
trảy;6
trường-sa;6
trùn;6
trây;6
trung-quốc;6
triêng;6
tinh-thần;6
thồi;6
thẽ;6
thắng-nguyễn;6
thẩu;6
thèo;6
thái-lan;6
thiên-phủ;6
thiên-chúa;6
sựt;6
sịch;6
sẩn;6
sơm;6
sĩ-quan;6
són;6
suý;6
rửng;6
rươm;6
rùn;6
qđ-ttg;6
quớ;6
quần-đảo;6
quang-trung;6
quan-sát;6
pê-đê;6
phệt;6
phún;6
pháp-việt;6
phiết;6
pa-ri;6
nậy;6
nước-dân;6
nhơi;6
ngổm;6
ngãng;6
nguyên-môi;6
nguy-hiểm;6
nghị-hội;6
nghện;6
nghễu;6
nghễnh;6
nghì;6
ngam;6
nau;6
nam-đà;6
mỹ-latinh;6
mục-đích;6
mộng-bình-lan;6
mỏm-thiên-nhai;6
mô-tô;6
mô-típ;6
mên;6
minnie-sama;6
mercedes-benz;6
lứt;6
lẹp;6
lô-gíc;6
liệp;6
kỷ-niệm;6
ki-lô-mét;6
khớ;6
khặc;6
kháy;6
khuỳnh;6
khoeo;6
hoàn-cảnh;6
hnx-index;6
gìo-lụa;6
dừ;6
dịt;6
dun;6
cợn;6
cớn;6
cảm-giác;6
cạu;6
căn-cứ;6
com-măng;6
chợn;6
chẻo;6
chính-trị;6
chính-quyền;6
chuôm;6
choạc;6
chiến-thuật;6
check-in;6
ca-rô;6
bợp;6
bỗ;6
bặp;6
bôm;6
bu-gi;6
anh-việt;6
an-giê-ri;6
ai-len;6
道;5
無;5
治;5
君;5
原;5
人;5
ụa;5
đổ-bộ;5
đọi;5
địa-phương;5
đặc-biệt;5
đườn;5
đông-xuân;5
đích-thân;5
đà-nẵng;5
đoi;5
đao-binh;5
ðô-đốc;5
âu-á;5
âm-dương;5
yama-chan;5
xờ;5
xể;5
xùng;5
xê-đăng;5
xoàm;5
xon;5
xlô-ven-ni-a;5
xi-nê;5
winn-dixie;5
wal-mart;5
vống;5
vược;5
vóng;5
vòn;5
véc;5
viet-nam;5
tỏm;5
tọp;5
tẻo;5
tướng-quân;5
tĩ;5
tế-xã;5
téc;5
tây-nam;5
tây-bắc;5
tác-xạ;5
tuyên-bố;5
trự;5
trộ;5
trẹt;5
trẹ;5
trèm;5
trung-úy;5
trung-nhật;5
top-down;5
tinh-tiến;5
thực-hiện;5
thủm;5
thộp;5
thế-kỷ;5
thất-bại;5
thông-báo;5
thái-tổ;5
thiên-hạ;5
sụm;5
sị;5
sèo;5
sei-hoon;5
rởn;5
rổng;5
rện;5
rến;5
rế;5
rẻng;5
rài;5
roman-gazzeta;5
quốc-cộng;5
quân-sự;5
quân-lực;5
quang-hòa;5
pt-thhn;5
phứa;5
phềnh;5
phạm-âm-giai;5
phướng;5
phóc-lan;5
pheo;5
pe;5
oẹ;5
oành;5
nỗng;5
nống;5
nọng;5
nõ;5
nác;5
non-stick;5
niềng;5
nhồng;5
nhơm;5
nhóng;5
nhíp;5
nam-giao;5
mỹ-ngụy;5
mít-tinh;5
mèng;5
muỗm;5
ms-dos;5
mim;5
mer-ka-ba;5
may-mắn;5
lu-ga-nô-vích;5
long-term;5
liệt-sĩ;5
liêm-trinh;5
kiềm-chế;5
khấc;5
khả-năng;5
khòm;5
kas-chan;5
jean-claude;5
jae-hyung;5
hữ;5
hấy;5
hải-pháo;5
hà-bộ-cương;5
hoàng-xuân;5
hiện-diện;5
gẩm;5
gôm;5
gso-media;5
giăm;5
giua;5
ghếch;5
ga-lăng;5
en-xbớc;5
em-xi;5
doãng;5
deo;5
cọn;5
căn-tin;5
công-tác;5
công-nông;5
công-an;5
các-tông;5
cà-vạt;5
cung-cầu;5
cum;5
chộ;5
chọ;5
chuệch;5
chiếng;5
cd-rom;5
bửng;5
bồm;5
bảo-vệ;5
bà-la-môn;5
binh-thư;5
ban-jô;5
ai-cập;5
﹏;4
於;4
得;4
口;4
則;4
使;4
上;4
ụt;4
ộ;4
ịt;4
ằng;4
ấn-nhật;4
đụ;4
đởm;4
đớt;4
đớ;4
đồng-bào;4
đẵn;4
đại-úy;4
đõ;4
đô-mi-nô;4
đóc;4
điệm;4
điều-động;4
điên-cuồng;4
đa-số;4
ăng-lê;4
ðề-ðốc;4
âu-mỹ;4
yoseob-ah;4
xục;4
xơm;4
xúc-động;4
xích-lô;4
xê-út;4
xê-ri;4
xèn;4
xã-hội;4
xâm-phạm;4
xàng;4
xuềnh;4
xuân-hương;4
xi-lanh;4
xeton-axít;4
xeo;4
world-class;4
win-win;4
vổng;4
vấn-đề;4
văn-giai;4
võ-kinh;4
vày;4
vh-tt;4
tử-thi;4
tổng-thống;4
tổn-thất;4
tốc-độ;4
tểnh;4
tế-chính;4
tương-đối;4
tưa;4
tư-đầu;4
têt;4
tuyn;4
turbin-gió;4
trỉa;4
trệch;4
trú-phòng;4
trí-tuệ;4
trày;4
trung-tá;4
trang-phục;4
toen;4
tiềm-thủy-đĩnh;4
thủy-triều;4
thẻo;4
thèn;4
thân-thiện;4
thiềng;4
thiền-định;4
thiên-đàng;4
thiên-lý;4
thanh-tịnh;4
thai-phù;4
tanemura-san;4
sựng;4
sệ;4
sẵn-sàng;4
sô-viết;4
sô-vanh;4
sê-ri;4
sây;4
sta-lin;4
siểm;4
si-đa;4
semi-log;4
sci-fi;4
saint-exupéry;4
sa-tăng;4
sa-bát;4
rô-bi-nhô;4
róng;4
ruộm;4
ra-đi-ô;4
quốc-gia;4
quốc-asean;4
quèo;4
quân-đội;4
quá-khứ;4
quan-trọng;4
pi-tơ;4
pi-a-nô;4
phụ-huynh;4
phổ-biến;4
phồ;4
phản-bội;4
phòng-an;4
phê-rô;4
phép-lạ;4
pháp-thanh;4
phong-tục;4
phong-cáo;4
phi-liêm;4
part-time;4
pa-thi;4
oại;4
oàng;4
nỡm;4
nẫng;4
nường;4
nò;4
níp;4
nính;4
nình;4
nân;4
ny-lông;4
noa;4
no-u;4
no-fly;4
nn-ptnt;4
niễng;4
nhủn;4
nhẻ;4
nhật-bản;4
nhây;4
nhoe;4
ngỏng;4
ngỏn;4
ngằn;4
người-báo;4
ngoẵng;4
ngoại-trưởng;4
nam-nhật;4
na-k;4
mỹ-trung;4
mứu;4
mủng;4
mở-mở;4
mộng-bình-lân;4
mồ-hôi;4
mẹp;4
môn-khmer;4
míp;4
myung-bak;4
mi-ni;4
marx-lênin;4
ma-nơ-canh;4
lỉm;4
lằm;4
lô-la;4
lãnh-đạo;4
lua;4
loàng;4
liên-xô;4
liên-hệ;4
la-ze;4
la-de;4
kô-bê;4
kí-nin;4
kí-lô-mét;4
kí-lô;4
kt-xh;4
kiêu-mạn;4
khẹc;4
không-q;4
kháng-chiến;4
khoèo;4
jong-eun;4
jean-pierre;4
jean-marie;4
jack-o;4
il-sung;4
hội-đồng;4
hội-nhân;4
hộ-tống-hạm;4
hồ-chí-minh;4
hỏm;4
hếu;4
hạnh-phúc;4
hĩm;4
hùng-truyền;4
hóa-thể;4
hóa-kỵ;4
hòa-em;4
hèo;4
hánh;4
hành-khách;4
hy-sinh;4
hs-ts-vn;4
hoẻn;4
home-made;4
hi-fi;4
hi-end;4
gs-tskh;4
giồi;4
giằn;4
giạng;4
giôn-xơn;4
gia-nhập;4
gia-cốp;4
ghèn;4
ghi-đông;4
dương-lịch;4
dá;4
dày-ruột;4
donghae-ssi;4
donghae-shi;4
di-di-dah;4
di-chuyển;4
cẫn;4
cấc;4
công-đức;4
câng;4
cát-xét;4
cát-sê;4
cán-bộ;4
cà-ri;4
chủ-quyền;4
chớt;4
chân-thiện-mỹ;4
chuội;4
cho-sun;4
chi-square;4
chat-room;4
changmin-ah;4
cd-da;4
cam-bốt;4
ca-nô;4
ca-doong;4
bộ-tư-lệnh;4
bều;4
bẻo;4
bặng;4
bắc-việt;4
bắc-ninh;4
bầng;4
br-vt;4
bo-mạch;4
biệt-đội;4
big-bang;4
bep-pô;4
beaux-arts;4
bao-nhiêu;4
ba-gác;4
ba-by-lôn;4
au-xơ;4
arn-polimerase;4
apt-get;4
anh-mỹ;4
anh-em;4
an-toàn;4
all-purpose;4
add-ons;4
秋;3
禮;3
流;3
法;3
書;3
時;3
春;3
文;3
敬;3
故;3
德;3
夫;3
南;3
制;3
信;3
事;3
乎;3
ệch;3
ấn-nhật-mỹ;3
đử;3
đụng-độ;3
động-thương;3
độc-lập;3
đồng-chí;3
đốc-tờ;3
địa-không;3
đệp;3
đệ-tử;3
đề-cập;3
đầu-tiên;3
đảy;3
đường-tống;3
đông-hồ;3
đóa-huệ-tây-đang-im-lặng-kia;3
đê-a;3
đèm;3
đác-uyn;3
đào-nhà;3
đuỗn;3
đoàn-lưu-minh;3
đi-ốt;3
đh-cđ;3
đen-trắng;3
ăng-ten;3
ông-bà;3
ánh-sáng;3
ái-quốc;3
zen-ruffinen;3
zelie-marie;3
yêng;3
yunho-sshi;3
yong-ha;3
yasuaki-chan;3
xờm;3
xẻn;3
xơn;3
xăng-đan;3
xô-na;3
xì-trét;3
xì-tai;3
xây-dựng;3
xâm-nhập;3
xâm-lăng;3
xà-rông;3
xà-phòng;3
xuý;3
xoả;3
xoạng;3
xlô-va-ki-a;3
work-life;3
vị-trí;3
vều;3
vận-chuyển;3
vấu;3
vũ-khí;3
vĩnh-lạc;3
vô-lăng;3
vâm;3
vn-tq;3
viên-đương;3
vice-president;3
vi-rút;3
uýt-ky;3
uôm;3
usagi-chan;3
ultra-wideband;3
tử-thương;3
tục-lệ;3
tớn;3
tổ-quốc;3
tị-nạn;3
tắc-xi;3
tất-cả;3
tượng-trưng;3
tương-tự;3
tơ-rốt-kít;3
tôi-cá;3
tò-mò;3
tãi;3
tây-sơn;3
tây-phương;3
tân-hình-thức;3
tsunayoshi-san;3
trị-thiên;3
trị-quân;3
trầm-ngâm;3
tróng;3
tròi;3
trài;3
truột;3
trung-đông;3
trung-việt;3
trung-cổ;3
trun;3
trick-or-treating;3
tri-valley;3
trang-hoàng;3
toòng;3
tiếu-dân;3
tiếp-xúc;3
tiến-sĩ;3
tiqui-taca;3
tinh-biểu;3
tin-tức;3
thịnh-hành;3
thạp;3
thượng-đế;3
thơ-vè;3
thăm-viếng;3
thăm-thẳm;3
thâu-hồi;3
thân-thể;3
tháu;3
thái-độ;3
thái-bình;3
thài;3
thuỗn;3
thorning-schmidt;3
thiệt-hại;3
thiện-ác;3
thiếu-tá;3
thiên-khôi;3
thiên-hỉ;3
thanh-lịch;3
tham-gia;3
tha-thứ;3
tanemura-sensei;3
tam-không;3
tai-kadai;3
tai-chan;3
taeko-san;3
sử-văn;3
sớn;3
sễ;3
sẹ;3
sơ-ri;3
sê-rê-nát-đê;3
sà-lim;3
suy-nghĩ;3
sungmin-hyung;3
smith-simonsen;3
siêu-tần-số;3
si-won;3
savoir-vivre;3
saint-jean;3
saint-ex;3
sai-thái;3
sa-lông;3
sa-hoàng;3
sa-di;3
rực-rỡ;3
rẩm;3
rấp;3
rư;3
ruy-băng;3
ri-ta;3
reed-danahay;3
qđ-ubnd;3
quốc-tế;3
quắm;3
quấc;3
quinn-judge;3
quang-điện;3
quang-cảnh;3
quan-niệm;3
pô-ly-me;3
pom;3
phổ-nghi;3
phản-ứng;3
phản-nghệ;3
phạng;3
phạm-duy;3
phưỡn;3
phây-búc;3
phân-đoàn;3
pho-mát;3
phi-đạo-lý;3
phi-luật-tân;3
phan-đình-phùng;3
pha-bi-a-nô;3
pan-ten;3
pa-rô;3
pa-ra-guay;3
oẳng;3
oát;3
oán-giận;3
nủa;3
nắng-thủy-tinh;3
nưng;3
nô-ben;3
nây;3
náng;3
non-fiction;3
non-farm;3
niền;3
nhịu;3
nhẹo;3
nhẳn;3
nhật-thực;3
nhùn;3
nhõ;3
nhâu;3
nhân-dân;3
nhuỵ;3
nhoèn;3
nhoá;3
nhoang;3
nhiệm-sở;3
nhiễn;3
nh-nhưng;3
ngụy-trang;3
ngớp;3
ngộc;3
ngận;3
ngảnh;3
người-tượng;3
ngôn-ngữ;3
nguồi;3
nguyệt-thiềm;3
ngoại-giao;3
ngoách;3
nghẻo;3
ne-on;3
nam-yết;3
nam-vang;3
na-uy;3
mỹ-trà;3
một-mình;3
mạnh-em;3
măng-sét;3
mô-đun;3
mô-da;3
miller-uray;3
mid-term;3
mi-li-mét;3
mi-an-ma;3
merriam-webster;3
marxist-leninist;3
marx-engels;3
mahà-vamsa;3
ma-ri;3
lục-địa;3
lỡm;3
lọm;3
lễ-diễn;3
lạu;3
lũn;3
lđ-tb-xh;3
lăng-xê;3
lý-tưởng;3
lý-do;3
lúng-túng;3
lênin-stalin;3
lê-phước-thọ;3
lãng-mạn;3
luận-phê;3
luôn-luôn;3
long-trì;3
linga-yoni;3
kích-tổng;3
kx-đl;3
kung-fu;3
km²;3
kinh-nghiệm;3
king-size;3
kim-mệnh;3
khủ;3
khẻo;3
không-thời;3
không-phải-kiểu-gái-mà-anh-lấy-làm-vợ;3
không-khí;3
khó-khăn;3
khèo;3
khám-phá;3
khách-sạn;3
khxh-nv;3
khuyến-khích;3
khu-vực;3
khiền;3
kam-pu-chia;3
jean-marc;3
jean-jacques;3
in-tr;3
hủn;3
hủ-bến;3
hụm;3
hội-dân;3
hồi-hương;3
hồ-thiên-nga;3
hỏa-lực;3
học-nghệ;3
hải-đảo;3
hải-ngoại;3
hải-lý;3
hạn-chế;3
hạm-đội;3
hướn-mộ-đức-cắt-cu;3
hùng-hậu;3
hôn-đu-rát;3
hóa-xã;3
hóa-quyền;3
hóa-lộc;3
hóa-khoa;3
hà-đông;3
hyukjae-ssi;3
hye-eun;3
hy-lạp;3
huy-động;3
huntington-whiteley;3
hung-ga-ri;3
hoẹ;3
hon-đu-rát;3
home-men;3
hn-sg;3
hiện-thực-huyền-ảo;3
hispano-suiza;3
gặn;3
gấy;3
gìm;3
giặm;3
giần;3
giấp;3
giải-quyết;3
giô-sép;3
giám-mục;3
giá-trị;3
giai-đoạn;3
gi-lê;3
fruchon-toussaint;3
fan-serve;3
engels-marx;3
dự-liệu;3
dức;3
dục-đào;3
dễ-dàng;3
dúc-cơ-bớt;3
dân-quốc;3
dân-chủ;3
duy-nhất;3
du-dalat;3
do-thái;3
do-dân;3
diễn-tiến;3
diềm;3
cờ-lê;3
cộng-đồng;3
cố-gắng;3
cẫm;3
cầu-nguyện;3
cầm-quyền;3
cơ-thể;3
cơ-hội;3
cơ-con;3
căm-bốt;3
cúng-dường;3
cát-sét;3
courillon-mallet;3
congo-brazzaville;3
con-vật-người;3
con-người-văn;3
co-worker;3
cio-cio;3
chức-vụ;3
chủ-tự;3
chủ-tọa;3
chủ-trương;3
chủ-cộng;3
chỗm;3
chồ;3
chế-phục;3
chẽn;3
chắc-chắn;3
chẫu;3
chất-thể;3
chấn-yên;3
chạt;3
chưỡng;3
chũm;3
chò;3
chính-niệm;3
châu-đốc;3
chuồn-chuồn;3
cholestérol-huyết;3
chiến-lược;3
cb-cnv;3
cao-su;3
ca-ta;3
bựt;3
bủm;3
bờ-ran-đi;3
bờ-lốc;3
bớp;3
bồn-bồn;3
bồ-tát;3
bọp;3
bế-tắc;3
bắc-mỹ;3
bất-cứ;3
bảu;3
bản-mệnh;3
bạu;3
bôn-sê-vích;3
bô-xit;3
bô-sơ-vích;3
bình-lan;3
bây-giờ;3
báo-cáo;3
boa-rô;3
blu-ray;3
bin-đinh;3
ba-ri-e;3
anh-quốc;3
anh-người;3
anh-dũng;3
an-pe-rô-vích;3
an-nam;3
ai-cu;3
ah-ha;3
adn-polimeraza;3
齊;2
風;2
非;2
雙;2
門外世界變幻與興衰;2
躲進被竇更加心安;2
身;2
賤;2
賢;2
親;2
蘭;2
興;2
臣;2
能;2
縱我不往;2
稱;2
神;2
矣;2
眾;2
皆;2
用;2
濁;2
清;2
泶;2
沉下去;2
正;2
樂;2
東方神起;2
有;2
是;2
明;2
數;2
政;2
我;2
懶得起身落床去;2
愛上層樓;2
惟;2
恥;2
幽玄;2
岁月如飞刀;2
寧願再蘊藏被窩之中找允許;2
家;2
妾;2
土;2
國;2
和歌;2
務;2
傑;2
余情;2
了;2
ⅰ;2
ớm;2
ốp-la;2
ện;2
ếch-rôm;2
ấp-bắc;2
ảnh-hưởng;2
ảng;2
ưu-tư;2
đờ-mi-tờ-ri;2
đờ-mi;2
đồng-thời;2
đồng-minh;2
đồng-hồ;2
đối-diện;2
đọp;2
định-mệnh;2
địa-đàng;2
địa-ngục;2
địa-kiếp;2
địa-chính;2
đẹn;2
đầy-đủ;2
đầu-tư;2
đấu-tranh;2
đảm-trách;2
đại-việt;2
đại-tự;2
đại-diện;2
đăng-ten;2
đún;2
đông-hán;2
đông-ba;2
đôn-ki-hô-tê;2
đô-rê-môn;2
đít-cua;2
đình-bạn;2
đêm-không-mưa;2
đã-từng;2
đã-chết;2
đào-hoa;2
đà-la;2
đx-hcm;2
đun-ga;2
đoàn-tụ;2
điện-từ;2
điện-dương;2
điều-chỉnh;2
đi-về;2
đi-donghae;2
đhqg-hcm;2
đe-dọa;2
đa-ni-en;2
ăng-ko;2
ôm-ấp;2
óp;2
ðỗ-văn-long;2
ðô-thành;2
ít-xlam;2
âu-tây;2
âu-mỹ-nhật;2
ân-hận;2
âm-thanh;2
áp-ra-ham;2
áp-phích;2
ái-tân-đảng-la;2
zero-sum;2
yêu-cầu;2
yêu-căm-chiến-lạc;2
yên-lặng;2
yunho-hyung;2
yun-bok;2
ya-ua;2
xởn;2
xố;2
xọp;2
xệu;2
xệp;2
xảm;2
xạch;2
xương-ngập;2
xưng-trong;2
xô-phin-nô;2
xì-tin;2
xê-muy-en;2
xè-gòn;2
xách-lu;2
xác-nhận;2
xàu;2
xuổng;2
xuân-thu;2
xuân-như;2
xuân-hạ-thu-đông;2
xoèn;2
xia-jiang;2
xi-ka;2
xh-nv;2
xe-ku;2
xa-vi;2
woman-the;2
vửng;2
vỏn-vẹn;2
vếch;2
vậm;2
vất-vả;2
vạp;2
vương-văn-bắc;2
vưng;2
vũ-văn;2
vũ-môn;2
vũ-hữu-san;2
vĩ-tuyến;2
vĩ-dạ;2
văn-xương;2
văn-nghệ;2
văn-cơ;2
vô-cùng;2
ví-dụ-ta-yêu-nhau;2
véc-xây;2
véc-ni;2
vào-ra;2
vulvo-vaginale;2
voi-vòi;2
việt-pháp;2
việt-nam-hóa;2
việt-mường;2
việt-lào;2
viễn-ảnh;2
việt-trung;2
vinh-dự;2
vietware-x;2
vietware-f;2
video-clip;2
vi-ô-lông;2
vera-maṇī;2
vatican-hà;2
van-te;2
val-val-val-val;2
unreal-summer;2
tự-nhiên;2
tự-biến-mình;2
tửa;2
từ-giả;2
tớp;2
tổng-đốc;2
tống-mỹ-linh;2
tọa-lạc;2
tịu;2
tế-á;2
tế-quốc;2
tế-khoa;2
tẽ;2
tẹp;2
tặn;2
tập-kết;2
tẩm-lệ;2
tả-thị;2
tạo-hóa;2
tượng-khách;2
tưởng-niệm;2
tưởng-nghệ;2
tườu;2
tương-lai;2
tưng-bừng;2
tư-y;2
tư-tưởng;2
tư-lệnh-phó;2
tăng-phái;2
tôn-xtôi;2
tôn-lưu;2
tôn-giáo;2
tôi-tôi;2
tôi-huỳnh;2
tình-tiền;2
tình-thế;2
tình-cờ;2
tình-cảm;2
tìm-kiếm;2
tìm-hiểu;2
tên-các-gói;2
tê-vét;2
tây-đông;2
tây-ban-nha;2
tân-châu;2
tâm-trí;2
tâm-sự;2
tâm-hồn;2
tái-chiếm;2
tài-trí;2
twentieth-century;2
tuần-dương;2
tuyên-đức;2
tuyên-truyền;2
tuyên-cáo;2
tuy-nhiên;2
tu-sĩ;2
tt-tt;2
tt-btc;2
ts-bs;2
trửng;2
trụt;2
trở-ngại;2
trốt-kít;2
trị-ngoại;2
trị-kinh;2
trặn;2
trận-hải-chiến;2
trẩu;2
trảu;2
trường-hợp;2
trước-sau;2
trí-giả;2
trình-bày;2
trên-dưới;2
trè;2
truật;2
truyền-hình;2
trung-ấn;2
trung-tướng;2
trong-ngoài;2
triều-đại;2
triều-đình;2
triến;2
trị-quân;2
trao-đổi;2
trans-pacific;2
trang-bị;2
toè;2
toulouse-lautrec;2
toong;2
todai-ji;2
tm-dv;2
tiểu-á;2
tiểu-thuyết;2
tiếp-tế;2
tiếp-nhận;2
tiêu-diệt;2
tia-x;2
ti-tan;2
thực-tế;2
thử-nghiệm;2
thủ-bút;2
thời-tiết;2
thời-kỳ;2
thộc;2
thồn;2
thống-trị;2
thị-xã;2
thể-hiện;2
thế-giới;2
thế-gian;2
thắc-mắc;2
thầy-trò;2
thần-tinh;2
thần-thức;2
thần-thoại;2
thần-chú;2
thảm-sát;2
thượng-sĩ;2
thượng-cấp;2
thưỡn;2
thương-mại;2
thưa-láng;2
thư-viện;2
thăng-trầm;2
thúy-kiều;2
thông-phát;2
thín;2
thích-ca;2
thái-dương;2
thành-viên;2
thành-lập;2
thành-khẩn;2
thuật-ý;2
thuận-tiện;2
thu-hồi;2
three-day;2
thiện-tâm;2
thiện-pháp;2
thiêng-liêng;2
thiên-đường;2
thiên-việt;2
thiên-thần;2
thiên-thai;2
thiên-mụ;2
think-tank;2
thao-du;2
thanh-nghệ;2
than-thở;2
than-khoáng;2
tham-sân-si;2
tham-mưu;2
tan-tra;2
tamura-sensei;2
takumi-kun;2
tai-nạn;2
tai-họa;2
taemin-ah;2
sửa-chữa;2
sử-xã;2
sừng-sững;2
sợ-hãi;2
số-hiệu;2
sề;2
sặt;2
sật;2
sường;2
sư-tiến;2
sơn-khánh;2
sơn-hà;2
sơn-ca;2
sĩ-nông-công-cổ;2
săng;2
săn-sóc;2
sô-pha;2
série-noir;2
sâm-panh;2
sát-tinh;2
sungmin-ah;2
sun-sin;2
son-phe;2
so-sánh;2
so-called;2
siêu-hiện-thực;2
sinh-viên;2
show-off;2
sg-hn;2
seo-services;2
scooby-doo;2
schmidt-ihnen;2
saudi-arabia;2
sam-ke-thang;2
saint-simon;2
saint-petersburg;2
saint-peterburg;2
saint-nizier;2
saint-andré;2
sa-la-thi-ên;2
rợi;2
rỏn;2
rệ;2
rều;2
rền-rĩ;2
rất-rất;2
rấn;2
rúi;2
rõ-rệt;2
rô-nê-ô;2
rô-mê-ô;2
rãy;2
rvv-ae;2
robbe-grillet;2
roa;2
riệt;2
ripp-lee;2
rai-ly;2
ra-đi;2
ra-mi-rét;2
qđ-ub;2
qđ-nhnn;2
quốc-liên;2
quạy;2
quí-báu;2
quê-vợ;2
quân-nhân;2
quân-cảng;2
quyết-định;2
quyên-tiền;2
qui-tàng;2
quatre-vingt-dix-sept;2
quao;2
quang-võ;2
quang-hiệu;2
quan-họ;2
qtrị-tiền;2
pốt-iêng;2
pơ;2
pê-ri-nhông;2
páp;2
pra-ha;2
post-moderne;2
pop-up;2
pop-corn;2
plug-in;2
phục-kích;2
phục-binh;2
phụ-tá;2
phụ-nữ;2
phị;2
phản-việt;2
phản-lệnh;2
phạm-bá;2
phượng-các;2
phương-tiện;2
phơi-phới;2
phơ-răng;2
phù-tang;2
phô-mai;2
phó-mát;2
phòi;2
phìa;2
phân-biệt;2
phát-thanh;2
phong-trào;2
phobos-grunt;2
phiền-não;2
phi-công-trưởng;2
phi-châu;2
pha-rê;2
pgs-tsvdt;2
pa-ven;2
oăng;2
oán-tặc;2
oác;2
outcomes-based;2
out-of-court;2
one-shot;2
on-page;2
off-in;2
nội-địa;2
nội-thù;2
nồ;2
nố;2
nỏi;2
nọn;2
nịnh-hót;2
nặng-nề;2
nạn-nhân;2
năng-lực;2
nùn;2
nông-trường;2
nôn-nao;2
nê-ông;2
nàng-và;2
nuốc;2
nu-vô;2
note-taking;2
non-profit;2
non-nuclear;2
no-one;2
niệt;2
niết-bàn;2
niên-lịch;2
ni-kô-la;2
ni-giê-ri-a;2
nhỏ-nhoi;2
nhặm;2
nhật-trung;2
nhẫn-nhục;2
nhần;2
nhầm-lẫn;2
nhấp-nhô;2
nhượng-bộ;2
nhơn-nghĩa;2
nhôn;2
nhôi;2
nhênh;2
nhén;2
nhâng;2
nhân-vật;2
nhân-quả;2
nhân-mạng;2
nhân-loại;2
nhiệm-vụ;2
nha-trang;2
ngụy-văn-thà;2
ngờm;2
ngọc-hân;2
ngạc-nhiên;2
người-bạn-thân-nhất-trên-thế-giới;2
người-bò;2
ngư-thuyền;2
ngũ-đại;2
ngũ-cốc;2
ngăn-chặn;2
ngân-con;2
ngám;2
ngàu;2
ngàm;2
nguyễn-trãi;2
nguyên-đán;2
nguyên-tự;2
nguyên-tắc;2
nguyên-mông;2
ngoẻn;2
ngoại-quốc;2
ngoé;2
ngoáo;2
ngoao;2
nghị-quyết;2
nghị-lực;2
nghỉ-ngơi;2
nghều;2
nghĩ-ngơi;2
nghít;2
nghí;2
nghiên-cứu;2
nghi-ngờ;2
ne-win;2
nam-nữ;2
nam-lào;2
nakata-san;2
na-ách-son;2
mỹ-thiệu;2
mỹ-châu;2
mựa;2
mức-độ;2
mố;2
mỏ-lết;2
mặt-nạ;2
mật-mã;2
mất-còn;2
mạy;2
mạnh-mẽ;2
mường-tượng;2
mũi-dạ;2
măng-gan;2
măn;2
môn-khme;2
môm;2
mô-đen;2
mô-tip;2
mòm;2
mình-luận;2
mê-lô;2
mê-hi-cô;2
mãi-mãi;2
mái-tây-hiên;2
mác-lenin;2
mày-tao;2
m³;2
myung-hwan;2
mut-xơ-lin;2
mua-bán;2
mu-nan;2
moo-hyun;2
mon-khmer;2
moay;2
mo-rát;2
miếu-quốc;2
miên-việt;2
mind-set;2
min-young;2
may-ô;2
mat-xa;2
marx-lénine;2
marie-claire;2
marie-aude;2
mao-ít;2
mang-máng;2
make-up;2
mai-sen;2
mac-xit;2
ma-than;2
ma-sơ;2
ma-ri-a;2
ma-quỉ;2
ma-ha-diễn-na;2
lợi-ích;2
lợi-dụng;2
lộc-tồn;2
lỗ-ma-ni;2
lắp-đặt;2
lảy;2
lạnh-lẽo;2
lạnh-lùng-một-cách-trẻ-con;2
lạc-việt;2
lượng-định;2
lười-biếng;2
lương-hạo;2
lương-giáo;2
lươm;2
lưu-án;2
lưu-lại;2
lơ-cát;2
lý-lịch;2
lô-gic;2
lô-cốt;2
lòng-tiết;2
lí-nhí;2
lên-xuống;2
lên-cắt;2
lê-ô-nít;2
lê-văn-ðơn;2
lão-tuyền;2
lâu-lâu;2
lâm-râm;2
láng-giềng;2
loạn-lạc;2
long-weekend;2
long-bình;2
long-an;2
log-in;2
lo-gic;2
liên-tục;2
liên-sơn;2
light-kun;2
li-băng;2
lam-không-khương;2
laissez-faire;2
la-đư-ghin;2
la-vang;2
la-mơ-ray;2
kỷ-cá;2
kết-thúc;2
kết-luận;2
kế-hoạch;2
kơ-nia;2
kôn-xtan-chin-nức;2
kéo-thả;2
ky-tô;2
kolmogorov-smirnov;2
kiểm-soát;2
kiến-trúc;2
kiến-nhà;2
kitô-giáo;2
kinh-tế;2
kinh-hoàng;2
ki-ốt;2
khốt-ta-bít;2
khốn-đốn;2
khốn-khổ;2
khẳn;2
khắc-khổ;2
khẩu-lệnh;2
khẩn-cấp;2
khấu-diễn;2
khả-dĩ;2
khướu;2
khươn;2
khơ-me;2
không-thể-thắng-được;2
không-thể-chịu-nổi;2
không-làm-gì;2
không-gian;2
không-bao-giờ;2
không-ai-cả;2
khô-khan;2
khíu;2
khung-cảnh;2
khai-hỏa;2
kh-đt;2
kat-tun;2
kashtan-m;2
kar-wai;2
ka-ki;2
jyllands-posten;2
jun-chan;2
jong-hun;2
jean-louis;2
jean-hubert;2
jean-baptiste;2
iếc-cút-xcơ;2
itar-tass;2
israel-palestine;2
is-lm;2
ice-cream;2
hữu-ngu;2
hớm;2
hộn;2
hồng-kông;2
hỏi-thưa;2
hỏa-tiễn;2
học-đạo;2
học-sinh;2
học-lập;2
học-công;2
hẹc-quin;2
hậu-hiện-đại;2
hẩng;2
hấng;2
hải-đội;2
hải-trình;2
hải-hải;2
hải-hành;2
hượm;2
hưng-trầm;2
hóa-văn;2
hóa-trang;2
hóa-thông;2
hóa-lịch;2
hóa-hiện;2
hóa-công;2
hòa-bình;2
hépato-gastro-entérologie;2
hãnh-diện;2
hãm-hiếp;2
hán-tạp;2
hành-vi;2
hành-hạ;2
hành-giả;2
hyunnie-onii-chan;2
hyo-eun;2
hy-la;2
huếch;2
huyền-ảo-hóa;2
humbert-droz;2
hoẵng;2
hoạt-động;2
hoóc-môn;2
hoá-thể;2
hoàn-toàn;2
hot-boy;2
hooc-môn;2
hoan-hô;2
hoa-việt;2
hiệp-định;2
hiện-tại;2
hiện-tượng;2
hiền-hòa;2
hewlett-packard;2
heechul-ah;2
harvard-yenching;2
hard-boiled;2
hand-made;2
hand-free;2
half-moon;2
half-life;2
hacdi-vanbec;2
gờ-ram;2
gượm;2
gưỡng;2
găn;2
gòn-tân;2
gòn-biên;2
gâm;2
guinea-bissau;2
gt-r;2
gs-vs;2
giốt;2
giọi;2
giếc;2
giảng-đường;2
giải-thoát;2
giải-pháp;2
giại;2
giô-sa-phát;2
giô-ram;2
giói;2
giê-chô-nia;2
giáo-pháp;2
giàu-nước;2
give-up;2
giuse-an;2
giu-đa;2
giao-tranh;2
gian-quảng;2
gia-tăng;2
gai-góc;2
ga-men;2
ga-ga-rin;2
fuyu-chan;2
flag-pole;2
fat-bottom;2
fast-food;2
em-yêu-anh;2
el-ain;2
ea-tâm;2
dục-lạc;2
dớp;2
dện;2
dễ-thương;2
dặng;2
dạy-học;2
dướng;2
dũng-đĩ;2
dũi;2
dĩ-vãng;2
dĩ-nhiên;2
dùa;2
dân-số;2
dân-chúng;2
dvd-rom;2
dvd-cd;2
duy-mộng;2
du-lịch;2
dormez-vous;2
doojoon-ssi;2
doojoon-hyung;2
dongwoon-ssi;2
don-quijote;2
dolega-mostowicz;2
dol-a;2
doanh-tần;2
diệp-lục-tố;2
diễn-kịch;2
diễn-hành;2
di-dân;2
danh-định;2
danh-từ;2
danh-sách;2
da-ua;2
cứu-phản;2
củn;2
cộn;2
cổ-truyền;2
cốc-lương;2
cọng-sản;2
cấu-chức;2
cấp-cứu;2
cảm-tưởng;2
cạc-tông;2
cưỡng-chiếm;2
cường-độ;2
cường-quốc;2
cơ-sở;2
cơ-rưm;2
cđnvtd-vic;2
cđ-ttg;2
căm-pu-chia;2
căm-hờn;2
công-điện;2
công-xưởng;2
công-tử-lee-sung-min;2
công-lao;2
công-dương;2
cô-đơn;2
cô-ve;2
cô-thần;2
cô-ca;2
còm-men;2
cáp-đờ-vi-la;2
cáp-ca-dơ;2
các-bon;2
cà-mau;2
cà-fê;2
cuộc-chiến;2
cuồng-phong;2
cuối-cùng;2
cu-rú;2
cr-v;2
coóc-xê;2
cost-benefit;2
con-trai;2
con-người-ý-thức;2
component-centric;2
come-out;2
co-pay;2
co-op;2
cntt-vt;2
chứng-kiến;2
chức-cán;2
chủ-tướng;2
chủ-thuyết;2
chỏn;2
chỉ-trích;2
chỉ-thị;2
chỉ-huy-trưởng;2
chễnh;2
chặm;2
chậm-rãi;2
chất-kỹ;2
chấp-nhận;2
chấn-động;2
chơm;2
chũn;2
chí-minh;2
châu-chấu;2
chân-ngụy;2
chánh-tà;2
chuyên-viên;2
choẹ;2
choãi;2
chiến-trường;2
chiến-hữu;2
chiến-cuộc;2
chiến-binh;2
chiếm-giữ;2
chiao-min;2
chewing-gum;2
chasseloup-laubat;2
chan-wook;2
cha-con;2
cd-rw;2
cd-r;2
cao-tổ;2
cao-lầu;2
can-xi;2
can-thiệp;2
cam-tuyền;2
ca-rích;2
ca-ri-bê;2
ca-na-đa;2
bỏ-ngỏ;2
bếp-hội;2
bất-mãn;2
bản-trung;2
bạch-y;2
bạch-văn;2
bưa;2
băng-hoại;2
băn-khoăn;2
bót-ba-ga;2
bói-toán;2
bòm;2
bí-ngô;2
bí-mật;2
bìu;2
bình-định-vương;2
bình-tĩnh;2
bình-thường;2
bình-minh;2
bê-lem;2
bâng-khuâng;2
báo-chí;2
buôn-bán;2
bun-ga-ri;2
brothers-in-law;2
boóng;2
bosnia-herzegovina;2
bo-xít;2
bo-ma-lô;2
biện-phát;2
biến-động;2
binh-pháp;2
binh-mã;2
binh-bị;2
bem;2
bao-tử;2
ban-ron;2
baikal-amur;2
ba-xe-lửa;2
ba-toong;2
ba-la-mật;2
ba-dơ;2
á-thái;2
asean-trung;2
art-deco;2
arn-pôlimeraza;2
armand-trousseau;2
anti-china;2
anh-nhật;2
anh-là-một-cá-nhân;2
anh-hùng;2
an-ổn;2
an-rê;2
an-phận;2
an-ninh;2
alumina-nhôm;2
alsace-lorraine;2
al-suri;2
al-sadr;2
al-qaida;2
al-gaddafi;2
ai-xlen;2
adn-toipoisomeraza;2
ứng-khí;1
ức-quá;1
ủy-hội;1
ủy-ban;1
ổn-định-trên-hết;1
ốt-trốp-xơ-ki;1
ốp-nai;1
ốp-lết;1
ốm-yếu;1
ỏi-đánh;1
ọi;1
ết-phên;1
ặp;1
ắc-quy;1
ắc-co;1
ẩn-tàng;1
ẩn-núp;1
ẩn-náu;1
ẩn-nhẩn;1
ẩn-lãng;1
ấy-thì;1
ấn-độ;1
ấn-việt;1
ấn-trung;1
ấn-loát;1
ấn-asean;1
ấm-nd;1
ấm-cúng;1
ảo-ảnh;1
ảo-thuật;1
ảo-giác;1
ảnh-tự-kỷ;1
ảnh-tôi;1
ảnh-nd;1
ạo;1
भारत;1
из-под;1
ước-vọng;1
ước-tính;1
ước-mong;1
ưu-tú;1
ưu-phiền;1
ưa-thích;1
ơn-nghĩa-hiếu;1
ơi-ới;1
ōsaka-jō;1
đừng-gọi-tôi-là-tiểu-hạo-hạo;1
đừa;1
đức-xã;1
đức-việt;1
đức-tính;1
đức-tàu-nga;1
đức-trần;1
đức-tinh;1
đức-quốc-xã;1
đức-chính;1
đợp;1
đợi-vì-hiểu-sai;1
đời-truyền-đời;1
đờ-àn-đàn;1
đờ-lông;1
đờ-cát-tri;1
đột-nhiên-rơi-vào-im-lặng;1
đột-nhiên;1
động-xã;1
động-từ-hôn;1
động-tiền;1
động-thiên;1
động-khách;1
động-khoa;1
động-danh;1
đội-hình;1
độc-hại;1
độc-giả;1
độ-xe-ôm;1
độ-trung;1
độ-sâu-thân-quý;1
độ-pakistan-trung;1
độ-mỹ;1
đổng-đài;1
đổi-một;1
đổ-công-tường;1
đồng-tình;1
đồng-trạng;1
đồng-thủ-phạm;1
đồng-thần;1
đồng-một;1
đồng-hóa;1
đồng-dạng;1
đồn-trú;1
đồ-uống-liên-quan-đến-rượu;1
đồ-rê-mi-fa-son;1
đốt-quả;1
đối-thủ;1
đối-phương;1
đối-lựa;1
đối-lập;1
đối-kháng;1
đốc-hà;1
đỏ-xanh;1
đỏ-sau;1
đỏ-rực-lửa;1
đỏ-những;1
đỏ-dọc;1
đỏ-da;1
đỏ-choét-loẹt;1
đọn;1
đọc-trò;1
đọc-người;1
đọc-hiểu;1
đọc-chép;1
định-và;1
định-tại;1
định-toán;1
định-sống-chết-sự;1
định-kỳ;1
định-khánh;1
địa-quân;1
địa-nửa;1
địa-danh;1
địa-chất-học;1
địa-chính-trị;1
đệ-nhị;1
đều-ngay;1
đềnh;1
đề-xi-ben;1
đề-tài;1
đề-nghị;1
đề-cử;1
đề-cao;1
đến-đi;1
đến-tìm-nhau;1
đến-trong;1
đến-giờ-vẫn-chưa-tìm-ra;1
đếm-dập;1
đế-vượng;1
đế-vương;1
đế-tướng;1
đế-tinh;1
đế-nói;1
đẹp-vẻ-đẹp-chín-muồi;1
đẹp-cái;1
đặt-video;1
đặc-tính;1
đặc-biệt-cực-kỳ-ko-thích;1
đằn;1
đắn-đo;1
đắn-dự;1
đắc-địa;1
đắc-giăng-li-ơ;1
đậu-trà;1
đậu-thịt;1
đậu-mục;1
đậm-đà;1
đẩu-quân;1
đầy-tự-chủ;1
đầy-tính-xây-dựng;1
đầy-dù;1
đất-trời-hoa-mây-sương;1
đất-mẹ;1
đấm-thụi-nện-tương;1
đảo-lãnh;1
đảng-đảng;1
đảng-nguyễn;1
đảng-hành;1
đảng-bác;1
đạt-bạn;1
đạo-đức;1
đạo-cuồng;1
đạn-đạo;1
đạm-tiên;1
đại-đế;1
đại-đơn-vị;1
đại-đình;1
đại-tự-sự;1
đại-tướng;1
đại-thập;1
đại-thánh;1
đại-sứ;1
đại-pháo;1
đại-nhưng;1
đại-nhân;1
đại-nga-xô;1
đại-lộc;1
đại-học;1
đại-gia-đình;1
đại-dương;1
đại-của;1
đại-bi;1
được-sao-kim-bảo-hộ;1
được-nhìn-thấy;1
được-kim-tinh-quản-chiếu;1
được-không;1
được-hoả-tinh-bảo-trợ;1
được-giáo-dục-tốt;1
được-càng;1
đường-phố;1
đường-con;1
đường-biểu;1
đười-ươi;1
đương-kim;1
đơn-vị;1
đơn-không;1
đăm-đăm;1
đăc-nhiệm;1
đúp-bờ-min;1
đông-đảo;1
đông-âu;1
đông-washington;1
đông-thìn;1
đông-nam-á;1
đông-ki-ết;1
đông-hà;1
đông-dương;1
đôla-rúp;1
đôi-môi;1
đôi-bờ;1
đô-mê-nếch;1
đô-hộ;1
đô-ha;1
đón-tiếp;1
đói-kém;1
đó-điều;1
đó-ngoan;1
đó-bây;1
đòm;1
đít-duýt;1
đíp-lôm;1
đích-xác;1
đía;1
đìu-hiu;1
đình-đình;1
đình-có;1
đêm-không-tiếng-động;1
đê-xi-ben;1
đê-li;1
đê-la-oe;1
đê-a-đa-en-đan-huyền-đàn;1
đèn-lồng;1
đèn-cầy;1
đã-được-sinh-ra-trên-đời;1
đã-ông;1
đã-tỉnh-bơ;1
đã-mãi-mãi-bị-lãng-quên;1
đây-huy;1
đây-donghae;1
đâu-người;1
đâu-mà;1
đâu-chỉ;1
đâ-ây;1
đâ-u;1
đáp-thi;1
đáng-yêu;1
đá-phỉ;1
đá-n;1
đào-duy-từ;1
đàng-hoàng;1
đàn-âm;1
đuổi-lê;1
đuốc-lửa-người;1
đuya-ra;1
đu-đúng;1
đtck-online;1
đoán-chuẩn;1
đoàn-chính-thuần;1
đo-đạc;1
đl-td-hp;1
đl-hcm;1
điệu-nhịp;1
điệp-điệp;1
điện-điện;1
điện-xăng;1
điện-thoại;1
điện-bàn;1
điện-biên;1
điểm-tận-cùng;1
điểm-khởi-thủy;1
điều-trị;1
điều-quân;1
điều-ngự;1
điều-kiện;1
điều-khiển;1
điều-gần-như-không-thể;1
điều-binh;1
điềm-tĩnh-thường-xuyên;1
điêu-linh;1
đinh-hùng;1
đim-mớt-trờ-ka;1
đi-ốp;1
đi-được;1
đi-ê-den;1
đi-tay;1
đi-săn;1
đi-người;1
đi-một;1
đi-làm-thêm;1
đi-kẻ;1
đi-kim;1
đhkhxh-nv;1
đh-xi;1
đeo-đẳng;1
đeo-đuổi;1
đen-đỏ;1
đen-trắng-xám;1
đảng-công;1
đau-đớn;1
đau-bụng-tiêu-chảy;1
đao-lốt;1
đang璫;1
đang-thành-người-lớn;1
đang-một;1
đan-dược;1
đa-lợi;1
đa-ca;1
ăng-ghen;1
ăn-xong-dong;1
ăn-thua;1
ăn-nd;1
ăn-dễ-mơ;1
ăn-chơi-nhậu-nhẹt-giao-dịch-xả-xì-trét;1
ốp-lết;1
ông-đó;1
ông-tố;1
ông-người;1
ông-em;1
ông-cha;1
ôn-ba-chốp;1
óng-ả;1
òng;1
ðờ-rim;1
ðộng-thương;1
ðại-uý;1
ðại-tá;1
ðông-dương;1
ðô-ðốc;1
ðài-loan;1
ít-ra-en;1
ít-dc-nhắc-tới;1
ích-nguy;1
êv-ra;1
ên-trì;1
êm-siêu;1
éric-emmanuel;1
ép-phừ;1
ây-da;1
âu-việt;1
âu-người;1
âu-mỹ-úc;1
âu-lạc;1
âu-châu;1
ân-xá;1
ân-quang;1
ân-oán;1
âm-u;1
âm-ty;1
âm-thầm;1
âm-thoại;1
âm-mưu;1
âm-kinh;1
âm-duơng;1
átat-parti;1
át-vút;1
áp-tô-mát;1
áp-lực;1
áp-ga-nít-xtăng;1
áp-bức;1
áo-hung;1
án-mối;1
ám-ảnh;1
ái-tân-giác-la;1
ái-ngại;1
ác-thú;1
ác-si-mét;1
ác-phong;1
ác-nu;1
ác-mạ;1
ác-hen-ti-na;1
ác-gơ;1
yểng;1
yểm-trợ;1
yếu-tố;1
yếu-lược;1
yết-hầu;1
yêu-sủng;1
yêu-phạm;1
yên-ổn;1
yên-tĩnh;1
yên-tâm;1
yên-trị;1
yên-thaọ;1
yên-thao;1
yên-sơn;1
yên-hà;1
yên-bái;1
yuu-sama;1
yuto-kun;1
yunho-ah;1
yun-ah;1
yumi-sensei;1
yuan-pool;1
yu-me;1
yu-gi-oh;1
young-seo;1
yoseob-ssi;1
yoseob-shi;1
yoon-shik;1
yoochun-sunbae;1
yoochun-shii;1
yoo-chun;1
yoni-linga;1
yong-il;1
yong-ho;1
yo-yo;1
ying-jeou;1
yin-kie-t;1
yesung-ssi;1
yenmen-ali;1
yang-tse;1
yab-yum;1
xử-dụng;1
xứ-sở;1
xẹc-xy;1
xẹc;1
xầm-xì;1
xảy-ra;1
xả-thân;1
xưng-hô;1
xưa-xấu;1
xưa-nổi;1
xưa-nay;1
xư-gan;1
xũ;1
xăng-̣đan;1
xăng-đầm;1
xăng-điện;1
xăng-ti-mét;1
xăm-xăm-đè-nẻo-lam-kiều-hiện-tại;1
xăm-tham;1
xúc-xích;1
xúc-thường;1
xú-vơ-nia;1
xú-páp;1
xõng;1
xô-đông;1
xô-trung;1
xô-rô-ba-bên;1
xô-panh;1
xón;1
xó-rì;1
xòng;1
xít-ni;1
xích-đu;1
xì-tẹc;1
xì-tú-pịt;1
xì-tai-lịt;1
xì-gòn;1
xì-gà;1
xì-cút;1
xì-chét;1
xên;1
xê-đen-ban;1
xê-quyn;1
xê-mi-na;1
xê-au-xê-xcu;1
xéc-gây;1
xã-một;1
xác-định;1
xác-trơ;1
xác-toàn;1
xác-quyết;1
xành;1
xà-cạp;1
xà-bông;1
xà-beng;1
xviii-đầu;1
xviii-nửa;1
xvii-xviii;1
xvi-xviii;1
xvi-xix;1
xv-xviii;1
xv-xvi;1
xuỳ;1
xuệch;1
xuất-thân;1
xuất-nhập;1
xuất-gia;1
xuân-mai;1
xuân-hạ;1
xuân-hè;1
xuân-chương;1
xuân-ba;1
xuyên-phá;1
xung-đột;1
xum-mai;1
xukhomlinxki-nhà;1
xu-páp;1
xu-cơ;1
xu-chiêng;1
xu-a-rét;1
xtây-sần;1
xta-lin-nít;1
xta-lin;1
xoẹ;1
xoi-thit;1
xoa-re;1
xoa-bóp;1
xlô-ven-nia;1
xiêm-la;1
xiv-xvii;1
xinh-có;1
xin-ga-po;1
xiang-mao;1
xi-ri;1
xi-ranh;1
xi-nhê;1
xi-nhan;1
xi-môn;1
xi-líp;1
xi-i-ô;1
xi-fic;1
xi-dô;1
xi-díp;1
xeton-axit;1
xem-xét;1
xem-nd;1
xec-van-tet;1
xec-van-tec;1
xec-bi-a;1
xe-âu-xét-cu;1
xe-cộ;1
xavi-công;1
xao-xác;1
xao-xuyến;1
xao-lãng;1
xanh-đen;1
xanh-vàng-đỏ;1
xanh-trắng-đỏ;1
xanh-trơn;1
xanh-nhăn;1
xanh-mặt;1
xa-xôi;1
xa-xí;1
xa-tăng;1
xa-stress-tai-nua-no-nua-kia;1
xa-ra;1
xa-phia;1
xa-lộ;1
wright-patterson;1
working-out;1
work-out;1
wood-wind;1
woo-ram;1
wonbin-english;1
wisconsin-madison;1
wiki-based;1
widow-orphan;1
widening-access;1
western-trained;1
west-centrism;1
wen-siu;1
welte-mignon;1
well-known;1
weibo-vi;1
week-end;1
weber-scaff;1
web-parts;1
web-application;1
washington-irving;1
wan-kyung;1
wall-e;1
wai-ho;1
wa-thườngnhìn;1
vừa-ngốc-xít-vừa-đáng-yêu;1
vụ-khoa;1
vụ-giáo;1
vỡ-mộng-liên;1
vỡ-lỡ;1
vời-mệt;1
với-chính-mình;1
vồi;1
vốt-ka;1
vọng-phôi;1
vọng-giai-nhân;1
vịt-lấm-lét;1
vịm;1
vị-thế;1
vị-thành-niên;1
vệ-cỏ-hiện-tại;1
về-bảo;1
về-anh;1
vếu;1
vết-thương-chưa-xác-định-vị-trí;1
vết-cũng;1
vẽ-nghĩa;1
vẻ-ra-vẻ-nghiêm;1
vẹc-ni;1
vặn-vẹo-người-lớn;1
vắn-tắt;1
vậy-yêu;1
vật-vô;1
vật-vã-nghiêm-túc;1
vật-thể-vừa-lạ-vừa-quen;1
vật-thể-gì-đó-rất-nặng;1
vật-thể;1
vật-lý;1
vật-liệu;1
vật-hệ;1
vật-cầu;1
vật-con;1
vật-chất;1
vận-động;1
vẫn-vơ;1
vẫn-còn-đang-lúng-túng;1
vẩn-chắc;1
vần-vũ;1
vấn-đối;1
vấn-thương;1
vạn-niên-thanh;1
vạn-kiếp;1
vượt-biên;1
vượn-xe-ôm;1
vướng-vít;1
vương-đông;1
vương-thúy-kiều;1
vương-nguyệt;1
vũng-tầu;1
vũng-tàu;1
vũ-đôn-long;1
vũ-trăng;1
vũ-phu;1
vũ-ninh;1
vũ-lực;1
vũ-khí-quý-giá;1
vũ-con;1
vĩnh-điện;1
vĩnh-yên;1
vĩnh-viễn;1
vĩnh-cửu;1
vĩnh-biệt;1
văn-điển;1
văn-xã;1
văn-trung-tử;1
văn-triết;1
văn-thể-du;1
văn-thù;1
văn-sỹ-kịch-sỹ;1
văn-sử;1
văn-phật;1
văn-phòng;1
văn-nhân;1
văn-nghệ-lục-quân-trần-quốc-tuấn;1
văn-minh;1
văn-giáo;1
văn-báo-giáo;1
vùn-vụt;1
võ-vương;1
võ-trang;1
võ-bị;1
vô-địch;1
vô-đạo;1
vô-điều-kiện;1
vô-vọng;1
vô-va;1
vô-tư;1
vô-tình-một-ai-đó-thích-hợp-đụng-phải;1
vô-tình;1
vô-tuyến;1
vô-số;1
vô-lý;1
vô-gia-cư;1
vô-chính-diệu;1
vòng-đai;1
vòng-chiến;1
ví-dụ;1
vên;1
vê-ra;1
vây-cánh;1
vác-sa-va;1
vàng-xanh;1
vàng-vọt;1
vàng-và-bạc;1
vàng-trơn;1
vui-cũng;1
vua-triết;1
vt-br;1
vpcp-qhqt;1
vpcp-cn;1
von-ga;1
vol-ga;1
voi-hổ;1
vni-script;1
vni-ongdo;1
vni-brush;1
vndirect-vnds;1
vn-zoom;1
vn-trung;1
vn-politics;1
việt-ấn;1
việt-ðức;1
việt-việt;1
việt-tàu;1
việt-thái;1
việt-sfv;1
việt-nam-cộng-hòa;1
việt-lào-việt;1
việt-long;1
việt-kiều;1
việt-học;1
việt-gan-cộng-sản;1
việt-anh;1
việc-hồ;1
viễn-kính;1
viết-được;1
viết-đã;1
viết-thì;1
viết-theo-dòng-ý-thức-hỗn-tạp;1
viết-theo-dòng-ý-thức;1
viết-mỗi;1
viết-cho-vui;1
việt-lào;1
viêt-trung;1
viêt-cam;1
viêng-chăn;1
viên-thông;1
viên-sinh;1
viên-công;1
viêm-hán;1
vinh-thăng;1
vinh-messi;1
vinh-hà;1
vin-mốp-xki;1
villeneuve-saint-georges;1
villas-boas;1
vietnamese-publication-series;1
vietnamese-american;1
vietnam-việt;1
viet-nams;1
vice-président;1
vi-đê-ô;1
vi-đin;1
vi-xít;1
vi-xi;1
vi-tả;1
vi-tô-sa;1
vi-ta-min;1
vi-sa;1
vi-na-shin;1
vi-lít;1
vi-en;1
vi-da;1
vh-vn;1
vh-nn;1
veux-tu;1
venez-moi;1
vedan-việt;1
vedan-vietnam;1
vec-tơ;1
vaughan-williams;1
vang-vang;1
van-tu;1
van-hoa;1
vai-trò;1
va-sy-a;1
uổng-tử;1
uống-ngủ;1
uể-oải;1
uẩy;1
uẩn-đường;1
uẩn-nd;1
uẩn-khúc;1
uất-liễu-tử;1
uyêc-xuyt;1
uy-nghi;1
uy-danh;1
uts-university;1
us-vietnam;1
us-aid;1
urey-miller;1
urbana-champaign;1
upcom-index;1
up-to-date;1
unissez-vous;1
uni-polarity;1
under-resourced;1
under-garment;1
umma-appa;1
um-tùm;1
ubnd-vhkg;1
ubnd-ktth;1
ubnd-ktn;1
ubck-qlph;1
t﹏t;1
tỳ-xá-phù;1
tỳ-khưu-ni;1
tỳ-bà-thi;1
tự-động;1
tự-đồng;1
tự-điển;1
tự-tổ;1
tự-tán-dương;1
tự-tin-không-gì-lay-chuyển-nổi;1
tự-thành-thực;1
tự-tham-nhũng;1
tự-sự;1
tự-quan-trọng;1
tự-nhiếp-tâm;1
tự-ngã-khác;1
tự-dưng;1
tự-cho-mình;1
tự-bản;1
tự-an;1
từ-điển-bách-khoa;1
từ-từ-bừng-nở;1
từ-từ;1
từ-tốn;1
từ-trên-xuống-dưới;1
từ-thức;1
từ-giã;1
từ-dưới-lên-trên;1
từ-chối;1
từ-biệt;1
từ-bi;1
tức-giận;1
tứ-tưởng;1
tục-để;1
tục-tập;1
tục-tĩu;1
tục-truyền;1
tụ-họp;1
tờ-rom-pét;1
tờ-ri-pô-li;1
tờ-ran-xpót-tơ;1
tờ-am-tam;1
tớ-tớ;1
tớ-như-thế-đó;1
tổng-yếu;1
tổng-y-viện;1
tổng-liên-hội;1
tổng-hợp;1
tổn-hại;1
tổ-tông;1
tồn-tại-người;1
tồn-tại-khi-được-đồ-chiếu-trong-ngôn-ngữ;1
tồn-tại;1
tồn-lưu-danh-vọng;1
tốt-tươi;1
tống-minh;1
tối-tăm;1
tố-cáo;1
tỏi-ớt-đường-chanh;1
tọa-quí-hướng-quí;1
tịnh-độ;1
tịnh-huệ;1
tỉnh-táo;1
tỉnh-trưởng;1
tếch-dớt;1
tếch-dát;1
tế-văn;1
tế-tính;1
tế-thương;1
tế-quân;1
tế-dược;1
tẳn;1
tắc-xông;1
tắc-phương;1
tập-trung-hóa;1
tập-trung;1
tập-tin;1
tập-thể;1
tập-sách;1
tập-một;1
tận-tận;1
tận-dụng;1
tần-ngần;1
tất-quán;1
tất-cả-chỉ-là-khoảnh-khắc-xa-hơn-giới-hạn-ngôn-ngữ;1
tấn-vương;1
tấn-tbktsg;1
tấn-kích;1
tấn-chiếm;1
tản-đà;1
tả-tướng-quốc;1
tả-tơi;1
tạp-pí-lù;1
tạp-lục;1
tạp-hóa;1
tạo-hình-thơ;1
tạm-gọi-là-lớn;1
tại-vừa;1
tại-siêu;1
tại-quá;1
tại-không;1
tạ-tình;1
tượt;1
tượng-đã;1
tưởng-văn;1
tưởng-trung;1
tưởng-dân;1
tường-vi;1
tường-thuật;1
tướng-tá;1
tướng-lãnh;1
tước-trot-bê;1
tước-con;1
tương-đương;1
tư-đà-hàm;1
tư-thất;1
tư-mã-pháp;1
tư-lợi;1
tư-lệnh-hải-quân;1
tư-em;1
tư-dinh;1
tơ-va-rít-xơ;1
tơ-tới;1
tơ-tưởng;1
tĩnh-mịch;1
tăng-xông;1
tăng-xê;1
tăng-tử;1
tăng-tấn-lộc;1
tăng-thiết;1
tăng-pháo;1
tăng-giảm;1
tăng-cường;1
tăng-công-lượng;1
tăng-bạt-hổ;1
túy-trên;1
túcx-o;1
túc-trực;1
tú-tài;1
tú-lơ-khơ;1
tùy-tục;1
tùng-linh;1
tù-đày;1
tù-binh;1
tông-đồ;1
tông-đơ;1
tôn-xtoi;1
tôn-tử;1
tôn-thờ;1
tôn-nữ;1
tôn-giả;1
tôm-lúa;1
tôi-trước-anh-ta;1
tôi-thấy-tôi;1
tôi-nói-lại-một-lần-nữa;1
tôi-những;1
tôi-kẻ;1
tôi-không-phải-là-người-có-kiên-nhẫn;1
tôi-của;1
tô-đo;1
tô-tân;1
tô-nô;1
tô-môn-đáp-lạp;1
tô-mô-e;1
tô-lô-vít;1
tô-hải;1
tô-flơ;1
tóc-xanh-mắt-vàng;1
tòn-teng;1
tòa-soạn;1
tíu-mì;1
tính-toong;1
tính-mạng;1
tính-cụ;1
tính-chất;1
tín-đồ;1
tín-nghiêm;1
tích-lũy;1
tích-kê;1
tích-cực;1
tình-để;1
tình-yêu-muôn-thuở;1
tình-yêu;1
tình-tiền-tù-tội;1
tình-tiền-quyền-việc;1
tình-tiền-danh;1
tình-một;1
tình-lãng;1
tình-huống;1
tình-cảnh;1
tình-báo;1
tìm-được-ra-nhau;1
tìm-cách-hàn-gắn-ngôn-ngữ-và-thực-tại;1
tên-đang;1
tên-nàng-là-gì;1
tê-tái;1
tê-lê-mạc;1
tê-hê-răng;1
tây-đức;1
tây-về;1
tây-tên;1
tân-đổi;1
tân-tự;1
tân-tây-lan;1
tân-tiểu-thuyết;1
tân-tiến;1
tân-sơn-nhứt;1
tân-rai;1
tân-lý;1
tân-khí-tật;1
tân-hạm-trưởng;1
tân-binh;1
tâm-trung-thông;1
tâm-thần-phân-liệt;1
tâm-thần-bất-định-đang-yêu;1
tâm-não;1
tâm-niệm;1
tâm-lược;1
tâm-lý;1
tâm-hà;1
tâm-cán-vá;1
tán-tụ;1
tán-loạn;1
tám-mươi-bảy;1
tái-lập;1
tái-chứng;1
tái-chín;1
tách-quy-la;1
tác-ta;1
tác-giả-đa-tài-đa-ngôn-ngữ;1
tác-chiến;1
tá-nghị;1
tày-thái;1
tàu-côn;1
tào-tháo;1
tàn-bạo;1
tài-xế;1
tài-sản;1
tài-hải;1
tài-chánh;1
tài-bs;1
tà-nụp;1
tà-hướng;1
tà-hoàng;1
tze-ken;1
ty-vốn;1
two-shot;1
two-plane;1
two-dimensional;1
twenty-one;1
twenty-first;1
twenty-eight;1
tv-nhk;1
tuốc-nơ-vít;1
tuốc-lơ-vít;1
tuần-vì;1
tuần-tiễu;1
tuần-lễ;1
tuyệt-vọng;1
tuyển-định;1
tuyết-phủ;1
tuyết-caroline;1
tuyến-tích;1
tuyên-ðức;1
tuoi-tre-cuoi-tuan;1
tui-nói-cho-ông-nghe;1
tui-nói-cho-lộc-nghe;1
tui-bạn;1
tua-bin;1
tu-đà-hoàn;1
tu-tập;1
tu-líp;1
tu-de-tu;1
tu-de;1
tu-bạt-đà-la;1
tu-bin;1
ttok-kuk;1
tt-nhnn;1
tt-huế;1
tt-bvhtt;1
tt-bct;1
tsu-kun;1
ts-hs-vn;1
ts-hs;1
trực-xạ;1
trực-tiếp;1
trực-nam;1
trừu-tượng-biểu-tượng;1
trừ-bị;1
trục-lôi-hạm;1
trụ-xứ;1
trời-đụn-đống;1
trời-vực;1
trời-rớt;1
trời-gió-vần;1
trời-dọc;1
trời-con;1
trội-a;1
trọng-đà;1
trọng-tưởng;1
trọng-trách;1
trọng-ni;1
trọng-dụng;1
trịt;1
trị-để;1
trị-thời;1
trị-nhà;1
trị-nam;1
trị-dân;1
trết;1
trắng-cũng;1
trắng-cam;1
trắng-bietgia;1
trắc-diện;1
trật-tự;1
trận-chiến;1
trẩn;1
trần-ðỗ-cẩm;1
trần-văn-chơn;1
trần-triều;1
trần-quốc-tuấn;1
trần-quang-cơ;1
trần-phú;1
trần-nhân-tôn;1
trần-hưng-đạo;1
trần-bình-trọng;1
trầm-và-ngoan;1
trầm-mặc;1
trấp;1
trấn-ninh;1
trại-hầm;1
trưởng-đảng;1
trưởng-trạm;1
trưởng-biên;1
trường-qđnd;1
trường-nơi;1
trường-nhân;1
trường-ngữ;1
trường-lời;1
trường-dân;1
trước-đây-rất-quen-thuộc;1
trước-thương;1
trước-lạ-sau-quen;1
trương-phi;1
trưng-bầy;1
trưng-bày;1
trơ-trụi;1
trơ-trọi;1
trơ-trơ;1
trăng-thuở;1
trăng-nước;1
trăng-mặt;1
trăng-mùa;1
trăn-trở;1
trúc-lâm;1
trú-đóng;1
trú-ngụ;1
trùng-trục;1
trùng-hợp;1
trông-cậy;1
trông-chờ-nhìn-thấy;1
trô;1
tròn-ánh;1
tròn-trịa;1
trò-hội;1
trò-hề-không-gây-cười;1
trí-tay;1
trí-phú-địa-hào;1
trình-độ-tiếng-anh;1
trình-độ-làm-test;1
trình-diện;1
trình-bầy;1
trêu-aah;1
trên-phần;1
trên-cấp;1
trên-bên;1
trê-khốp;1
trâm-cỏ-thi-thực-tại;1
tránh-né;1
trái-tim-đen;1
trách-nhiệm;1
tràngxích-ma;1
tràn-xuống;1
trà-hương;1
truất-tấn;1
truyền-thống;1
truyền-thuyết;1
truyền-kiếp;1
truyền-giáo;1
truy-thăng;1
truy-lục;1
truy-kích;1
trung-ương;1
trung-xô;1
trung-uý;1
trung-tuần;1
trung-triều;1
trung-thực;1
trung-thần;1
trung-nga;1
trung-một;1
trung-lịnh;1
true-d;1
trong-khanh;1
triệu-đà;1
triệt-thối;1
triệt-thoái;1
triềng;1
triền-miên;1
triết-phục;1
triết-chủ;1
trinh-cong-son;1
trinh-cao;1
trier-từng;1
trick-or-treat;1
trick-or;1
tri-át;1
tri-tôn;1
tri-kỉ-và-kẻ-thù-duy-nhất;1
trao-quyền;1
trao-nhận;1
transitional-conforming;1
trans-disciplinary;1
trans-canada;1
tranh-đấu;1
tranh-giành;1
tranh-chấp;1
trang-đăng;1
trang-điểm;1
trang-trọng;1
trang-trí;1
trang-thế;1
trang-sức;1
trai抑齋;1
trai-đồng;1
trai-đông;1
trai-cốp-xki;1
trade-off;1
tra-cứu;1
tr-trốn;1
toản-vợ;1
toáy;1
toán-tin;1
toàn-đúng-mới-đau;1
toàn-thể;1
toàn-quốc;1
toàn-quyền;1
toàn-chân;1
toàn-an;1
toronto-kingston;1
topic-hiren-s-bootcd;1
top-tier;1
top-of-mind;1
tool-macro-víual;1
tons-sur-tons;1
tong-quan-ve-ly-thuyet-viet-loi-cho-mot;1
tome-principe;1
tokyo-nhật;1
toa-let;1
to-hai;1
to-do-list;1
to-chun;1
tnk-bp;1
tiễn-chân;1
tiểu-tử;1
tiểu-minh;1
tiểu-học;1
tiểu-hao;1
tiểu-bang;1
tiền-sử-email;1
tiền-shixia;1
tiền-nhân;1
tiền-nhiệm;1
tiền-lương-đã-được-kí-nhận-rồi;1
tiền-khéo;1
tiền-kháng;1
tiền-hàng;1
tiền-hominid;1
tiền-hiện;1
tiền-giỏi;1
tiền-giả;1
tiền-chơi;1
tiết-độ;1
tiết-trời-quý-phái;1
tiết-lộ;1
tiết-chiết;1
tiếp-vận;1
tiếp-viên;1
tiếp-quản-các-lĩnh-vực-từ-bất-cứ-ai;1
tiếp-nối;1
tiếp-diễn;1
tiếng-tốt;1
tiếng-giống-tiếng-trung;1
tiến-quân;1
tình-dục;1
tiêu-điểm;1
tiêu-điều;1
tiêu-học;1
tiên-tổ;1
tiên-sinh-phòng-dưới;1
tiên-sinh;1
tiên-liệu;1
tinh-vi;1
tinh-khí-thần;1
tin-ảnh;1
tin-văn;1
tin-tưởng;1
tin-truyền;1
tin-truyền;1
tin-lành;1
tin-hay-không-tùy-bạn;1
tin-cho;1
timpohon-peak-timpohon;1
timor-leste;1
tim-guốc;1
tiki-taka;1
tigr-м;1
tiep-tuc-tham-giau-hoi-suong;1
tien-lu;1
tia-ra;1
ti-tô-ít;1
ti-sờ;1
ti-gôn;1
thực-tế-đến-phát-sợ;1
thực-tại;1
thực-phẩm;1
thực-nếu;1
thực-ngộ;1
thực-hòa;1
thực-hành;1
thực-biến;1
thử-và-sai;1
thử-thách;1
thức-của;1
thứ-làm;1
thủy-ác-phong;1
thủy-xưởng;1
thủy-tạ;1
thủy-tinh-bảo-thế;1
thủy-tinh;1
thủy-phong;1
thủy-p;1
thủy-bạn;1
thủy-bạch;1
thủy-bình;1
thủ-tục;1
thủ-ngữ;1
thủ-lĩnh-nữ-sinh;1
thủ-lĩnh-nam-sinh;1
thục-quyên;1
thở-nếu;1
thở-như-chưa-bao-giờ-được-thở;1
thời-từ;1
thời-thể;1
thời-leonard;1
thổ-nhĩ-kỳ;1
thổ-lộ;1
thốt-nốt;1
thống-nhất;1
thỏa-thuận;1
thị-trấn;1
thỉnh-thoảng;1
thện;1
thể-để;1
thể-đang-lên-tiếng;1
thể-xác;1
thể-thời;1
thể-ngay;1
thể-lịch;1
thể-khách;1
thể-em;1
thể-chủ;1
thế-đừng;1
thế-tục;1
thế-tôn;1
thế-mà;1
thế-khí;1
thế-gia;1
thế-chiến;1
thằng-nhóc-tì;1
thắng-thắng;1
thật-tưởng;1
thật-tiền;1
thật-thứ;1
thật-sắc;1
thật-là-bó-tay;1
thật-công;1
thập-tự-giá;1
thập-tự;1
thập-niên;1
thẫn-thờ;1
thần-đồng;1
thần-tư;1
thần-kinh;1
thần-hoàng;1
thần-danh;1
thầm-thì;1
thấy-mất;1
thấy-lại-được-nhau;1
thất-trận;1
thất-thểu;1
thất-thư;1
thất-lục;1
thấp-thoáng;1
thảo-sơn;1
thản-anh;1
thượng-tầng;1
thượng-thặng;1
thượng-hạ;1
thường-đối;1
thường-điều;1
thường-xuyên;1
thường-thường;1
thường-cuộc;1
thương-đang;1
thương-vong;1
thương-tiểu-thư;1
thương-khó;1
thư-ký;1
thư-huyết;1
thư-chủ;1
thơn;1
thơ-ấu;1
thơ-đi-làm-báo;1
thơ-văn;1
thơ-vô-nghĩa;1
thơ-phó;1
thơ-như;1
thơ-lắp-ráp;1
thơ-hồ-lốn;1
thơ-hát;1
thơ-dịch;1
thơ-công;1
thơ-cho-thơ;1
thơ-bình-dân;1
thơ-bác-học;1
thúc-tề;1
thúc-thủ;1
thúc-bách;1
thú-vị;1
thú-thần;1
thù-địch;1
thông-vận;1
thông-dụng;1
thông-cảm;1
thôi-ông;1
thôi-hay;1
thôi-bỏ-đi-má-ơi;1
thích-đáng;1
thích-thú;1
thích-lý;1
thìu;1
thình-lình;1
thìn-cùng;1
thì-lớn-cây;1
thênh-thang;1
thêm-kim;1
thét-à;1
thâu-hình;1
thân-phận;1
thân-nhất;1
thâm-niên;1
tháo-vát;1
tháo-gỡ;1
tháo-dỡ;1
thánh-tổ;1
thánh-tôn;1
thánh-martin-ngoài-đồn-điền;1
thánh-giá;1
tháng-tới;1
thái-úy;1
thái-á;1
thái-tông;1
thái-tày;1
thái-tuế;1
thái-miên;1
thái-công;1
thái-bạcb;1
thách-thức;1
thác-chế;1
thác-bản;1
thành-tổ;1
thành-tích;1
thành-sinh;1
thành-phần;1
thành-nghệ;1
thành-khanh;1
thành-công;1
thành-chị;1
thành-chuyện;1
thành-bại;1
thàm;1
thuộc-địa;1
thuộc-tại;1
thuộc-kim;1
thuồn;1
thuốn;1
thuốc-men;1
thuật-phó;1
thuần-trực-giác;1
thuyết-phục;1
thuyết-giảng;1
thuyên-giảm;1
thuyên-chuyển;1
thuvien-ebook;1
thui-thủi;1
thu-đông;1
thu-vien;1
thu-hút;1
thu-dọn;1
thu-chi;1
thriller-filler-spiller;1
three-fold;1
thoạt-nhìn-có-vẻ-như-thế;1
thoái-thác;1
tho-bến;1
thng-mi;1
thiệt-thòi;1
thiện-tri-thức;1
thiện-nguyện;1
thiện-nguyễn;1
thiện-hộ-trợ;1
thiện-cảm-thoáng-gặp;1
thiện-chí;1
thiểu-dục;1
thiều-quốc;1
thiền-môn;1
thiền-cuông;1
thiếu-thốn;1
thiếu-nữ;1
thiếu-niên;1
thiết-tha;1
thiết-mà;1
thiết-khi;1
thiếp-valia;1
thiên-đức;1
thiên-đồng;1
thiên-đàng-sương-mù;1
thiên-trù;1
thiên-thần-mậu-dịch-viên;1
thiên-thần-báo-thức-đẹp-trai-có-cánh;1
thiên-sách;1
thiên-quan;1
thiên-mã;1
thiên-lương;1
thiên-khốc;1
thiên-khánh;1
thiên-hư;1
thiên-hình;1
thiên-giải;1
thiên-cung;1
thiên-chúa-giáo;1
thirty-seven;1
thien-than;1
thi-vĩnh-đồ;1
thi-thư;1
thi-thì;1
thi-thoảng-thôi;1
thi-sĩ;1
thi-khí;1
thi-hữu;1
thi-học;1
thi-hào-hồ-chí-minh;1
thi-hào-họ-hồ;1
thi-hành;1
theomaxi-forex;1
then-chốt;1
thay-đổi;1
thay-thế;1
thao-giang;1
thao-dượt;1
thanh-đạo;1
thanh-xuân;1
thanh-võ;1
thanh-tây;1
thanh-truyền;1
thanh-nghệ-tĩnh;1
thanh-long;1
thanh-hoài;1
thang-ka;1
than-khóang;1
tham-mưu-trưởng;1
tha-nhân;1
tha-ma;1
th-thể;1
th-thật;1
tgcp-pctt;1
tertiary-level;1
terre-de-feu;1
tele-tv;1
teen-girl;1
team-work;1
tea-break;1
te-ra;1
td-trong;1
tbt-chủ;1
tbiên-hạ;1
tb-vpcp;1
tay-trọn;1
tay-sai;1
tay-người-pháp;1
tay-một;1
tay-hãy;1
tay-hoàng;1
tang-thương;1
tang-phục-phong;1
tang-phục;1
tang-môn;1
tan-vỡ;1
tan-véc;1
tam-quốc;1
tam-nông;1
tam-bảo;1
taken-cưỡng;1
take-note;1
tai-ương;1
tai-ta-ních;1
tai-mũi;1
tai-gơ;1
tai-fai;1
tai-chi;1
tafe-sa;1
tae-se;1
ta-địch;1
ta-taeyeon;1
ta-ra;1
ta-mười-năm;1
ta-luy;1
ta-lin;1
ta-không-thể-mất;1
ta-không-hề-mất;1
ta-giang-hồ;1
ta-bạch;1
sỹ-học;1
sự-độc-ác;1
sự-đã;1
sự-tôn-trọng-chân-nghệ-thuật;1
sự-tích;1
sự-thật;1
sự-sự;1
sự-rỗng-nghĩa-đang-được-lấp-đầy;1
sự-nhớ;1
sự-mất-kiểm-soát-mỗi-khi-tập-trung-suy-nghĩ-tới-em;1
sự-kiện;1
sự-không-thể-nói-nên-lời;1
sự-cảm-thụ;1
sự-chết-phải-hiện-nguyên-hình-sự-sống;1
sự-chính;1
sự-cao;1
sử-và;1
sử-thế;1
sử-học;1
sừn;1
sứ-xứ;1
sứ-mệnh;1
sứ-mạng;1
sục-sạo;1
sợ-sệt;1
sở-dĩ;1
sờ-tai;1
sổi;1
sổ-người;1
sốp;1
sống-đều;1
sống-khiến;1
sống-hay;1
sống-có;1
số-tương;1
sọc-sọc-sọc;1
sịa;1
sể;1
sếch-xpia;1
sẽ-phải;1
sẽ-là;1
sẵng-sàng;1
sắp-zếch;1
sắp-sẽ-và-phải;1
sắc-sảo;1
sầy;1
sầm-uất;1
sấy-xấu-xa;1
sản-đại;1
sản-tạ;1
sản-the;1
sản-sau;1
sản-rõ;1
sản-phẩm-tội-ác-của-gã-ngu-dân-không-may-xấu-số;1
sản-mà;1
sạn-sòng;1
sạn-nhà-khách;1
sạn-nhà;1
sạc-lông-ghê;1
sạc-lô;1
sự-quốc;1
sư-ts-bs;1
sư-nữ;1
sư-nhà;1
sư-học;1
sư-hành;1
sư-doanh;1
sơn-đông;1
sơn-đà;1
sơn-tháng;1
sơn-quy;1
sơn-lê;1
sơn-cách;1
sơn-chà;1
sơ-vin;1
sơ-sinh;1
sĩ-đảng;1
sĩ-đã;1
sĩ-ý;1
sĩ-tốt;1
sĩ-nhưng;1
sĩ-luật;1
sĩ-glep;1
sýs-chủ;1
súc-vật-chó-sói;1
sô-đa;1
sô-viết;1
sô-ren-sen;1
sóc-điều;1
sít-ta-lin;1
sì-tai-lít;1
sì-tai;1
sì-pa;1
sêu;1
sê-út;1
sê-khốp;1
sép-vi-ca-certificat;1
sân-hận;1
sâm-banh;1
sát-cánh;1
sáng-trong;1
sáng-suốt;1
sáng-giờ;1
sánchez-arévalo;1
sách-thư;1
sác-na;1
sài-gòn-cần-giờ;1
sài-gòn-bị-chiếm-đóng;1
sà-phòng;1
syria-bashar;1
sy-ri;1
sx-dv-tm;1
sx-chế;1
swenson-wright;1
suất-thống;1
suông-chup;1
suy-luận;1
super-pacs;1
sungmin-à;1
sung-hwan;1
sunbae-nim;1
sun-time;1
sun-jae;1
sumanh-eun;1
sum-vầy;1
sum-mai;1
sub-self;1
sub-headings;1
sub-domain;1
sub-critical;1
su-un-cheon;1
su-mô;1
su-bông;1
student-friendly;1
studdert-kennedy;1
struts-config;1
stress-free;1
story-teller;1
stop-start;1
stop-loss;1
state-owned;1
start-index;1
stanley-vũ;1
stalin-nít;1
stalin-mao;1
sta-lin-nít;1
st-petersburg;1
st-leninsburg;1
ss-n;1
spell-man;1
sous-groupe;1
soul-searching;1
song-độc;1
song-tử-đông;1
song-tử-tây;1
song-taek;1
solomon-godeau;1
solo-chữ;1
sol-do;1
soft-boiled;1
socio-cultural;1
so-lếch;1
so-loved;1
so-di-may-bay-ve-muon;1
smart-s;1
sls-sodium;1
slow-blues;1
skree-skro;1
skin-strength;1
skin-care;1
skala-e;1
sk-đa;1
sj-m;1
siểng;1
siêu-xa-lộ;1
siêu-thẩm;1
siêu-ngôn;1
siêu-krysha;1
siêu-khó-tính;1
siêng-năng;1
siêmriệp-mắt;1
siwon-shi;1
siton-wotson;1
sit-up;1
sion-valais;1
sinon-rabelais;1
sino-indian;1
sino-forest;1
sinh-động;1
sinh-viên-hiền-lành;1
sinh-sát;1
sinh-sinh;1
sinh-ra;1
sinh-nhật;1
sinh-lão-bệnh;1
sinh-lý-hóa;1
sinh-khắc;1
sinh-hoạt;1
sinh-diệt;1
sinh-chúng;1
single-mom;1
sin-va;1
sihoang-art;1
signal-to-noise;1
si-rô;1
si-mông;1
si-mon;1
si-chung;1
si-be-ri;1
short-term;1
short-selling;1
short-key;1
shop-ping;1
shop-lifters;1
shingyouji-kun;1
shin-nihon;1
shin-chan;1
shime-saba;1
shii-take;1
shiang-chyi;1
sherlock-phiên-bản-mộng-du;1
sheetz-runkle;1
sharm-el-shiekh;1
shangshan-kuahuqiao;1
seventh-day;1
seven-eleven;1
senkaku-diaoyus;1
self-trust;1
self-sufficient;1
self-respect;1
self-reflexive;1
self-proclaimed;1
self-otientation;1
self-made;1
self-knowledge;1
self-handicapping;1
self-esteem;1
self-employed;1
self-discipline;1
self-conciousness;1
self-assessment;1
second-rate;1
second-class;1
sea-kings;1
scốt-len;1
scốt-lan;1
scla-rơ-xki;1
scholars-by;1
sayn-wittgenstein;1
savoir-être;1
sausage-shaped;1
sau-từ;1
sau-stalin;1
sau-nd;1
sau-chồng;1
sao-với;1
sao-hoả-chỉ-đạo;1
sao-bây;1
sant-peterburgh;1
sant-aman;1
sanh-môn;1
sang-trọng-hùng;1
san-định;1
san-hô;1
san-galenski;1
san-clu;1
san-chez;1
saku-chan;1
saki-sempai;1
sais-je;1
sainte-marie;1
saint-saëns;1
saint-raphael;1
saint-pierre;1
saint-louis;1
saint-just;1
saint-giniez;1
saint-gelais;1
saint-boniface;1
saint-antoine;1
saint-adresse;1
saikan-j;1
sai-sử;1
sai-gòn;1
sado-masochism;1
sad-ending;1
sacré-coeur;1
sa-đéc;1
sa-đà;1
sa-ya;1
sa-tanh;1
sa-ra-nai;1
sa-lat;1
sa-la;1
sa-chan;1
rừng-ngơ;1
rứt-ngầu;1
rợt;1
rộn-rịp;1
rộn-rã;1
rộ-rộ;1
rồng-phượng;1
rồi-thân;1
rồi-ta;1
rồi-quay;1
rồi-ký;1
rối-loạn;1
rốc-két;1
rọm;1
rễ-phơi;1
rễ-cho;1
rếch;1
rằng-thì-là;1
rắc-rối;1
rập-israel;1
rầu-rầu;1
rầm-rầm;1
rất-đáng-để-xem;1
rất-tuyệt-vời;1
rất-rất-quan-trọng;1
rất-mạnh;1
rạng-rỡ;1
rười-rượi;1
rưa;1
rơtê-cú;1
răng-khểnh;1
rôn-roi;1
rô-ồi;1
rô-ti;1
rô-nan-đô;1
rô-nan-đi-nhô;1
rô-măn;1
rô-lăng;1
rô-dơ;1
rô-bi-nê;1
róc-rách;1
rích-te;1
rì-rào-lá-trút;1
rèo;1
rão;1
râm-rê;1
rách-đau;1
ràn-rụa;1
ryeowookie-yêu-dấu;1
ryeowook-ah;1
ryan-binh-nhì;1
rut-xô;1
runner-up;1
run-rẩy;1
ru-bi;1
rom-com;1
roll-roye;1
role-playing;1
roi-tơ;1
riêng-mà;1
riu-ríu;1
risshò-kỏsei;1
rise-fall;1
right-of-way;1
right-click;1
rich-streitmatter-trần;1
ri-vô-gô;1
result-oriented;1
reste-t-il;1
resin-dcp;1
rendez-vous;1
rejection-then-retreat;1
regime-centred;1
redut-mv;1
red-tapism;1
real-time;1
real-life;1
ready-made;1
read-only;1
re-up;1
re-timing;1
re-scheduling;1
re-new;1
re-inforce;1
re-enter;1
re-education;1
re-edit;1
rdw-cv;1
ranh-nha;1
ranh-giới;1
ram-ráp;1
ra-đi-bằng-thuyền;1
ra-vẻ-dửng-dưng;1
ra-nơi;1
ra-nd;1
ra-lệnh;1
ra-ghi;1
qđ-btc;1
qđ-bhxh;1
quỷ-thần;1
quỷ-người;1
quốc-đô;1
quốc-việt;1
quốc-tổ;1
quốc-tính;1
quốc-lộ;1
quốc-lào;1
quốc-khánh;1
quốc-hồ;1
quốc-dân-đảng;1
quốc-dân;1
quỉ-sứ;1
quều;1
quế-sơn;1
quặm;1
quắt-queo;1
quật-khởi;1
quận-trưởng;1
quần-áo-và;1
quần-chúng;1
quảng-ðông;1
quản-lí;1
quả-vì;1
quả-tú;1
quả-quyết-thù-hằn;1
quạnh-quẽ;1
quăng-bánh-lên-trời-xanh;1
quăn-đoàn;1
quý-xì-tộc;1
quý-tộc;1
quí-vị;1
quí-sì-tộc;1
quê-về;1
quê-hương-mình-xa-lạ;1
quê-em;1
quén;1
québec-canada;1
quây-rốt;1
quân-thần;1
quân-phục;1
quân-ngũ;1
quân-khu;1
quân-dụng;1
quân-dân-cán-chính;1
quân-dân;1
quân-cán-chính;1
quân-chánh;1
quân-bộ;1
quáu;1
quáo;1
quán-văn-hóa;1
quán-thế;1
quán-nước-chè-mùa-đông;1
quá-thể-đáng;1
quá-khứ-người;1
quá-ai;1
quàu;1
quyền-tiền-tình;1
quyền-lợi;1
quyền-cũng;1
quyền-có;1
quyết-tâm;1
quyết-liệt;1
quen-thuộc;1
quemoy-matsu;1
quảng-ngãi;1
quảng-nam;1
quau;1
quatre-vingt-sept;1
quang-đãng;1
quang-tuyến;1
quang-thất;1
quang-s;1
quang-phướng;1
quang-minh;1
quang-khải;1
quang-dũng;1
quan-yếu;1
quan-tâm;1
quan-phục-hầu;1
quan-mà;1
quan-lộc;1
quan-liêu;1
quan-khi;1
quan-hệ;1
quan-cướp;1
quan-công;1
quan-chức;1
qua-tuy;1
qua-ngang;1
qua-giang-sinh;1
qu-quá;1
qaeda-osamabin;1
pọt-ba-ga;1
pạc-xỉu;1
pạc-hoọc;1
pơ-rô-lê-cun;1
pơ-luya;1
pônpốt-iêngxary;1
pông;1
pôn-pốt;1
pô-li;1
pít-tông;1
pích-ních;1
píc-níc;1
pí-người;1
pê-tơ-ra-cốp-xcai-a;1
pát-xê;1
pát-nờ;1
páp-lốp;1
páp-lô;1
pàng-kéo;1
pà-kon;1
putin-medveded;1
publications-and-projects;1
public-private;1
pt-th;1
pseudo-mỹ;1
pro-communist;1
prix-henry-dunant;1
pre-treatment;1
pre-school;1
pre-parent;1
pre-novice;1
pre-neolitic-revolution;1
pre-installation;1
post-fracture;1
porte-bagage;1
port-etienne;1
pop-jazz;1
politico-cultural;1
policy-making;1
pol-pot;1
poke-mega;1
points-coeur;1
point-and-shoot;1
po-t;1
po-maw;1
po-lo-to-she;1
plei-me;1
platine-irradium;1
piuy-erbo;1
ping-pong;1
pin-tu-lo;1
pierre-michel;1
pickle-dưa;1
pi-sông;1
pi-lip;1
pi-ja-ma;1
pi-iếc;1
pi-gia-ma;1
phựa;1
phục-x-thiệt-đó;1
phục-vụ;1
phục-sinh;1
phụ-lực;1
phở-phần;1
phổ-pháp;1
phố-đi;1
phố-kết;1
phỏng-vấn;1
phắp;1
phắn;1
phật-giáo;1
phận-quyết;1
phẩm-cách;1
phần-tử;1
phần-nd;1
phấn-đấu;1
phấn-khởi;1
phấn-chấn;1
phản-trắc;1
phản-quy;1
phản-kháng;1
phản-dòng;1
phản-chứng;1
phản-chiếu;1
phải-bồi;1
phạm-văn-cội;1
phạm-trong-quỳnh;1
phạm-pháp;1
phường-xã;1
phước-sĩ-mai;1
phương-pháp;1
phương-ngại;1
phương-diện;1
phơi-ơ-tông;1
phăng-xi;1
phăng-tê-di;1
phăn;1
phúc-âm-matthew;1
phúc-yên;1
phúc-thường;1
phúc-kiến;1
phúc-bất;1
phú-âm;1
phú-lâu-na;1
phôn-cơ-lo;1
phô-tô-shốp;1
phóng-thích;1
phóng-sự;1
phóng-dật;1
phó-ðề-đốc;1
phó-rìn-ap-phe;1
phòng-riêng-mới-của-mình;1
phòng-bị;1
phím-chiến;1
phê-rượu;1
phép-tắc;1
phéc-mơ-tuya;1
phéc-mơ;1
phân-tích;1
phân-phát;1
phân-mảnh;1
phân-miệng;1
phát-ngôn-viên;1
phát-họa;1
pháp-đã;1
pháp-ý;1
pháp-vì;1
pháp-tướng;1
pháp-tây;1
pháp-toà;1
pháp-thụy;1
pháp-sư;1
pháp-quyền;1
pháp-phổ;1
pháp-luật;1
pháp-luân;1
pháp-hoà;1
pháp-con;1
pháp-an;1
pháo-khẩu;1
phán-một;1
phái-con;1
phá-sản;1
phá-phách;1
phá-hoại;1
phung-phí;1
phri-ghết;1
phong-tỏa-thông-lộ;1
phong-tiêu;1
phong-thổ;1
phong-kiến;1
phong-cảnh;1
phong-cương;1
phong-ca-của-đông-tử;1
phone-biz;1
phoi;1
phiên-tòa-một-ngày;1
phiu-linh;1
phi-yến;1
phi-vật-chất;1
phi-trưởng;1
phi-trường;1
phi-thực;1
phi-thương-mãi;1
phi-quân-sự;1
phi-người;1
phi-líp-pin;1
phi-luạt-tân;1
phi-lao;1
phi-hán;1
phi-cộng;1
phi-công;1
phi-chính;1
phi-brô;1
phi-anh;1
phap-thanh;1
phao-lô;1
phan-đăng-lưu;1
phan-xi-cô;1
phan-thạch-sơ;1
phan-thiết;1
phan-rang;1
phai-vị;1
pha-trộn;1
pha-lê;1
ph-métrie;1
petya-iii;1
petya-ii;1
petro-sheikhdoms;1
petrarca-preis;1
perrier-jouet;1
pere-noel-coca-cola;1
pere-noel;1
pep-si;1
pengtoushan-zaoshi;1
peer-to-peer;1
pay-per-click;1
paul-boucour;1
pau-sen;1
pasteur-tòa;1
passers-by;1
passe-port;1
pas-de-calais;1
partnership-tpp;1
paris-xii;1
pan-t;1
pan-nô;1
palma-su;1
pai-mei;1
pa-rem;1
pa-ra-nưng;1
pa-pơ-ét;1
pa-pa;1
pa-nô-ram-ma;1
pa-nô;1
pa-letx-tin;1
pa-kít-xtăng;1
pa-gốt;1
oăm-làm;1
oét-en-xi;1
oxy-hóa;1
oxid-hóa;1
over-sold;1
outcome-based;1
out-of-sample;1
out-of-focus;1
out-fit;1
oto-xemay;1
ost-mitteleuropa;1
oshi-zushi;1
opt-in;1
open-minded;1
open-market;1
one-third;1
one-month;1
one-dimensional;1
on-the-fly;1
on-ga;1
on-bai;1
old-old;1
okesa-bushi;1
oil-free;1
oh-dara;1
off-strip;1
off-page;1
off-grid;1
off-broadway;1
oep-lôc;1
obsessive-compulsive;1
obama-medvedev;1
oang-oang;1
oan-hồn;1
nực-cho;1
nữa-pháo;1
nữa-cho;1
nữ-nữ;1
nữ-nam;1
nữ-bồ-tát;1
nửa-tự;1
nừng;1
nụ-tình;1
nụ-cười-nghiêng-đầu;1
nụ-cười-mùa-hoa-nở;1
nợp;1
nờm;1
nội-việt;1
nội-tuyến;1
nội-trụ;1
nội-tp;1
nội-như;1
nội-ngoại;1
nội-matxcơva;1
nội-hóa;1
nội-huế-saigon;1
nội-hanoi;1
nội-bộ;1
nỗi-niềm;1
nỗi-lạc-vĩnh-viễn;1
nổi-tiếng;1
nổ-cái-đùng;1
nồng-nực;1
nỉ-non;1
nếu-thế-thì-sao;1
nếp-sống;1
nẵng-hà;1
nắng-trồng;1
nắng-thuở-ban-đầu;1
nắng-gió-cao-nguyên;1
nắng-gió;1
nậng;1
nẩy-nở;1
nầy-là;1
nấn-ná;1
nảy-sinh;1
nược;1
nước-đô;1
nước-xã;1
nước-thị;1
nước-thành;1
nước-nhà;1
nước-nghĩa;1
nước-ngay;1
nước-kinh;1
nước-giáo;1
nước-dùi;1
nước-cụ;1
nước-cấp;1
nước-bộ;1
nương-tựa;1
nơ-rôn;1
năng-lượng-hoả;1
năn-nỉ;1
năm-to-ngày;1
năm-hạ-sĩ;1
năm-báo;1
nông-trí;1
nông-tang;1
nông-sơn;1
nông-lâm;1
nông-dân;1
nô-vốt-xti;1
nô-lệ;1
nô-du-nét-cô;1
nói-được-với-ai-đó;1
nói-về-sự-thật;1
nói-thẳng-nói-thật;1
nói-nào;1
nó-nd;1
nó-may;1
nó-chính;1
nòng-nọc;1
nð-cp;1
ních-xơn;1
nên-không;1
nê-pan;1
não-nuột;1
nâu-nửa;1
nâng-đạp;1
náo-nhiệt;1
nánh;1
ná-nà;1
này-từ;1
này-trong;1
này-nói;1
này-nhà;1
này-mặc;1
này-lôi;1
này-anh;1
nào-đó-vừa-cứu-cậu;1
nào-đó;1
nào-những;1
nào-ngay;1
nàng-nhưng;1
nàn-nó;1
nà-ày;1
nx-ge;1
nvvdtv-bài;1
nvhđq-bd-hoahuyen-phuongha;1
nv-gp;1
nuộc;1
nụ-hồng-hóa-thạch;1
nuôi-đưỡng;1
nuôi-họ;1
nuôi-dậy;1
nunn-lugar;1
nu-de;1
ntn-vi;1
nqa-national;1
nq-cp;1
nozomi-chan;1
novembre-décembre;1
nouveaux-dù;1
not-too-ugly;1
not-rich;1
nos-chan;1
north-express;1
norm-referenced;1
nong-chan;1
non-yaoi;1
non-western;1
non-violent;1
non-u;1
non-tariff;1
non-sense;1
non-scrollable;1
non-sa;1
non-repayable;1
non-prescription;1
non-player;1
non-passionate;1
non-pairing;1
non-observant;1
non-local;1
non-linear;1
non-lethal;1
non-intrusive;1
non-fat;1
non-existent;1
non-academic;1
nogeun-ri;1
noel-mot-minh;1
no-words;1
no-tech;1
nnt-ger;1
niệm-phật-đường;1
niềm-vui;1
niềm-tin;1
niềm-nở;1
niềm-không-tin;1
niên-đại;1
niên-thiếu;1
niên-lính;1
niu-tơn;1
nitrosamine-một;1
ninh-tông;1
ninh-tiểu;1
ninh-quốc;1
ninh-nguyễn;1
ninh-bình;1
ninety-nine;1
night-time;1
nicole-dominique;1
ni-ban-me;1
nhựt-tảo;1
những-vật-như-thế;1
những-viên-đạn-dạn-dày;1
những-trò-trẻ-con;1
những-thiếu-niên-chúng-ta;1
những-người-đang-cảm-thấy-nỗi-e;1
những-người-tháng-mười-hai;1
những-người-anh-em-thân-yêu;1
những-kẻ-chết-năm-hai-mươi-bảy-tuổi;1
những-hạt-giống-không-sợ-hãi;1
những-hình-ảnh-đơn-độc;1
những-câu-hỏi-tiên-tri;1
những-buổi-tối-cuối-tuần;1
những-buổi-sáng-giữa-tuần;1
nhớm;1
nhớ-vậy;1
nhớ-quên;1
nhớ-màu;1
nhớ-hồi;1
nhồi-sọ;1
nhốc;1
nhịp-việc;1
nhỉ-thất;1
nhỉ-glep;1
nhễ-nhại;1
nhẹ-vô;1
nhẹ-siêu;1
nhẹ-nhõm;1
nhẹ-nhàng-thiếu-cao-sang;1
nhắc-nhở;1
nhậu-từ-sớm;1
nhật日;1
nhật-việt;1
nhật-pháp;1
nhật-nhĩ-man;1
nhật-ngày;1
nhật-nguyệt;1
nhật-mỹ;1
nhập-đạo;1
nhập-gia;1
nhận-định;1
nhận-xét;1
nhận-sự;1
nhận-kẹo;1
nhất-được;1
nhất-cho;1
nhạt-đòi;1
nhạo-loại;1
nhạc-tuyệt;1
nhạc-múa;1
nhạc-hiệp;1
nhược-điểm;1
nhược-tiểu;1
nhưngyoon-hee;1
như-thế-nào-là-đàn-ông;1
như-thế-nào-là-phụ-nữ;1
như-thế;1
như-ng;1
như-máu-trẻ-thơ;1
như-là-rất-bình-tĩnh;1
như-giống;1
nhăn-nhúm;1
nhìn-được-thấy-nhau;1
nhìn-chép;1
nhè-nhẹ;1
nhãn-hiệu;1
nhât-pháp;1
nhân-đạo;1
nhân-điều;1
nhân-vật-tiền-chiến-tranh;1
nhân-tạo;1
nhân-siêu;1
nhân-nô;1
nhân-người;1
nhân-mã;1
nhân-là;1
nhân-duyên;1
nhân-cộng;1
nhát-ngữ-pháp-sai;1
nhá-nhem;1
nhàm-nhỡ;1
nhàm-chết-đi-được;1
nhà-toán-học-xuất-chúng;1
nhà-thuyền;1
nhà-phê-bình-không-thèm-đọc;1
nhà-mát-vua;1
nhà-khách;1
nhà-giáo-nhà;1
nhà-có;1
nhu-cầu;1
nhoai;1
nho-nhỏ;1
nhiệt-đới;1
nhiệt-thành;1
nhiệm-kỳ;1
nhiệm-hoành;1
nhiệm-do;1
nhiều-trung;1
nhiếp-niệm;1
nhiên-glep;1
nhiên-con;1
nhiên-anh;1
nhinh;1
nhi-đây;1
nhau-một;1
nhanh-mờ;1
nhanh-lên;1
nhanh-hàng;1
nhanh-gọn-lẹ;1
nhan-nhản;1
nhac-si-nguyen-dinh-bang-va-ca-khuc-thoi-hoa-do;1
nha-tử;1
nha-hà;1
nh-tt;1
nh-nhận;1
nh-nhanh;1
ngữ-mục;1
ngủ-trịnh;1
ngủ-một;1
ngụy-anh;1
ngộ-độc;1
ngộ-ra-chân-lý;1
ngổn-ngang;1
ngồm-ngoàm;1
ngốt;1
ngọc-thu;1
ngọc-nữ;1
ngọc-ma;1
ngắn-xoăn;1
ngắn-ngủi;1
ngậu;1
ngẫu-nhiên;1
ngấc;1
ngạn-quay;1
ngược-đãi;1
ngược-ít;1
người-đặc-biệt-xa-xưa;1
người-đương-thời;1
người-đàn-bà-tội-phạm;1
người-óc-gà;1
người-xã;1
người-văn-hoá;1
người-việt-nam;1
người-tổ;1
người-ta-nghĩ-bạn-thừa-sức-làm;1
người-sân-khấu-thăng;1
người-sân-khấu;1
người-năm;1
người-nói-luật;1
người-ngu-mà-không-tỏ-ra-nguy-hiểm;1
người-mà-một-số-người-sẽ-biết-là-ai-đó;1
người-mà-ai-cũng-biết-là-ai;1
người-khỉ;1
người-không-hèn-nhát;1
người-duy-nhất;1
người-cái;1
người-chỉ;1
người-bạn-thực-mà-hư;1
người-bạn-thân-của-riêng-anh-đi-chung-trong-chuyến-lưu-diễn-lớn-cuộc-đời;1
người-bạn-là-con-trai;1
ngư-phủ;1
ngư-lôi;1
ngơn;1
ngơm;1
ngơ-ngác;1
ngăn-ngừa;1
ngăn-cấm;1
ngăn-cản;1
ngăn-chận;1
ngôn-từ-và-miệng-lưỡi-bơ-vơ;1
ngôn-ngữ-mẹ;1
ngôi-nhà-cho-cún;1
ngô-việt;1
ngô-tử;1
ngòng;1
ngây-thơ;1
ngân-nga;1
ngân-mẫu;1
ngân-ban;1
ngày-nd;1
ngày-lại;1
ngày-dài-cụ-thể;1
ngày-cứ;1
ngàn-tướng;1
ngàn-bắc;1
nguỷu;1
nguồn-lợi;1
nguyệt-正月-zhēng;1
nguyệt-đức;1
nguyệt-vọng-đài;1
nguyện-trở;1
nguyễn-văn-thiệu;1
nguyễn-thị-vinh;1
nguyễn-thái;1
nguyễn-nghĩa;1
nguyễn-khang;1
nguyễn-hữu-xuân;1
nguyễn-châu;1
nguyền-chúc;1
nguyên-đăng;1
nguyên-việt;1
nguyên-tử;1
nguyên-phong;1
nguyên-ngụy;1
nguyên-hải;1
nguyên-do;1
nguy-cơ;1
nguoi-viet;1
nguiễn-ngu-í;1
ngu-người;1
ngu-mà-tỏ-ra-nguy-hiểm;1
ngu-dại;1
ngoảng;1
ngoại-ô;1
ngoại-xâm;1
ngoại-biên;1
ngoài-đàng;1
ngoài-ra;1
ngon-lạ;1
ngoi-sao-giang-sinh;1
ngoay;1
ngoan-cố;1
nghỉn;1
nghệ-văn-chí;1
nghệ-trí;1
nghệ-sĩ;1
nghĩa-địa;1
nghĩa-xã;1
nghiệp-nông;1
nghiêng-nghiêng;1
nghiêm-được;1
nghiêm-trọng;1
nghinh-phong-kiều;1
nghi-lễ;1
nghen-thật;1
nghe-xem;1
nghe-nói-đọc-viết;1
nghe-kỹ;1
ngay-và-luôn;1
ngay-thẳng;1
ngay-ngáy;1
ngay-lần-đầu-tiên;1
ngay-lúc-nó-xẩy-ra-nó-không-phải-là-ẩn-dụ;1
ngau;1
ngao-ngán;1
ngang-nhiên;1
nga-sô;1
nga-mỹ-nato;1
nga-mỹ;1
nga-liên;1
nga-hoàng;1
nga-ba;1
newly-industrialized;1
new-age;1
net-a-porter;1
nested-if;1
neo-tradionalism;1
neo-positivism;1
neo-liberal;1
nek-luông;1
near-unit;1
nc-nx-nw;1
nbsp-hãy;1
nation-building;1
naoko-wantanabe;1
nao-la-nghien-cuu-khoa-hoc;1
nang-nd;1
nam-ấn;1
nam-đạo;1
nam-việt;1
nam-vinashin;1
nam-từ;1
nam-quan;1
nam-phụ-lão-ấu;1
nam-phụ;1
nam-pháp;1
nam-paris;1
nam-những;1
nam-nam;1
nam-mỹ;1
nam-kỳ-cuốc;1
nam-iran;1
nam-hòa;1
nam-dương;1
nam-campuchia;1
na-vát;1
na-pô-lê-ông;1
na-mô;1
na-da-rét;1
na-ah;1
mỹ-đất;1
mỹ-tầu-ta;1
mỹ-tây;1
mỹ-thuận;1
mỹ-nato;1
mỹ-latin;1
mỹ-kim;1
mỹ-israel;1
mỹ-cần-thập-luận;1
mỹ-chả;1
mỹ-canada;1
mỹ-asean;1
mỳ-hliab;1
mừng-saigòn;1
mục-tiêu;1
mục-ruỗng;1
mở-ra;1
mở-bài;1
mờ-suya;1
mờ-mờ;1
mờ-mịt;1
mớp;1
mới-với;1
mới-tình;1
mới-sáng;1
một-nhiệm;1
một-người-lạ;1
một-người-cụ-thể-duy-nhất;1
một-người-bạn-thân;1
một-người-bình-thường-không-bị-chứng-mất-trí-nhớ;1
một-ngày-không-như-mọi-ngày;1
một-nam-một-nữ;1
một-ly-kem;1
một-cô-gái-đẹp-gọi-ly-espresso-đúp-đọc-kafka-bên-bờ-biển;1
một-con-người-khác;1
một-chút-may-mắn;1
một-bình;1
một-bài-thơ-đi-qua-khung-cửa;1
một-ai-đấy;1
mộng-ước;1
mộng-mơ;1
mộng-lan;1
mỗi-thứ-một-tí;1
mồ-tượng;1
mỏm-thiên-thai;1
mệt-mõi;1
mễ-tây-cơ;1
mề-đay;1
mẽo-xờ;1
mẹ-quốc;1
mẹ-nếp;1
mẹ-họ;1
mẹ-dân;1
mặt-trận;1
mặt-nơi;1
mặt-mày;1
mặc-cảm;1
mặc-cả-một-cách-khôn-ngoan;1
mằn-mặn;1
mắt-cắt;1
mắn-hân;1
mắn-dù;1
mắm-ớt-tỏi-chanh;1
mắc-xim;1
mậu-thân;1
mật-trình;1
mẫu-giáo;1
mất-hút-vào-trong;1
mấn;1
mảnh-vụn-trời;1
mảnh-khảnh;1
mạnh-đức-tư-cưu;1
mạnh-tử;1
mạnh-trần;1
mạnh-nên;1
mạng-doanh;1
mạc-tư-khoa;1
mạ-mạnh;1
mạ-hạ;1
mười-phần-biến-thái;1
mưu-ni;1
mưa-tôi-cũ;1
mưa-nóng;1
mưa-gió-bão;1
mưa-cơn;1
mưa-bụi-đường-chiều;1
mơ-duya;1
mũ-ca-lô;1
măng-đô-lin;1
măng-xông;1
măm-măm;1
múm;1
múa-ba-lê-hồ-thiên-nga;1
mùa-xuân-mất;1
mù-ngố-chuyên;1
mõi-mệt;1
mông-mênh;1
mông-dao;1
môn-tuy;1
môn-trực;1
môn-khơ;1
môi-se;1
môi-môi;1
môi-chạm-môi;1
mô-đéc;1
mô-tả;1
mô-tơ;1
mô-tê;1
mô-quảng;1
mô-men;1
mô-li-e;1
móc-chỉ;1
mít-ting;1
míc-cờ-rô;1
mình-đạt;1
mình-ta;1
mình-nơi;1
mình-những;1
mình-nhưng;1
mình-khi;1
mình-hiện;1
mình-cái;1
mình-biết-là-mẹ-mình-biết-mà;1
mình-biết;1
mê-xi-cô;1
mê-si-a;1
mê-man;1
mê-bóng;1
mét-vê-đép;1
méc-xì;1
mè-nước;1
mãn-từ-tử;1
mãi-người;1
mãi-dài-lâu;1
mã-lai-á;1
mã-khắc-tư;1
mâu-ni;1
máº¹;1
máy-tạo-status-trên-trời;1
mát-xco-va;1
mát-thêu;1
mácxít-lêninít;1
mác-uynh;1
mác-ty;1
mác-li-ê;1
mác-kê;1
mác-castro;1
má-phính-dễ-thương;1
má-mì;1
má-lâ;1
màu-nàng;1
màu-màu;1
màu-màng;1
mà-ả-cho-là-quyến-rũ;1
mà-ai-cũng-biết-là-ai-đấy;1
m¹c;1
myung-hak;1
myers-briggs;1
myeong-hae;1
muốn-tỉnh;1
muôn-năm;1
mun-hee;1
multi-vitamin;1
multi-shot;1
multi-quote;1
multi-million;1
multi-level-marketing;1
multi-cultural;1
multi-core;1
muc-tiêu;1
mua-ăn;1
mu-kim;1
mu-bà-rát;1
mso-tstyle-rowband-size;1
mso-tstyle-colband-size;1
mso-style-parent;1
mso-style-noshow;1
mso-style-name;1
mso-para-margin-bottom;1
mso-para-margin;1
mso-pagination;1
mso-padding-alt;1
mso-fareast-font-family;1
mrc-jc;1
mpc-mpa;1
moóc-phin;1
moóc;1
mozart-một;1
mot-à-mot;1
more-creative;1
montgomery-taggert;1
mont-cenis;1
monolit-b;1
monkey-man;1
monge-ampère;1
mong-mỏi;1
mong-manh;1
moi-même;1
modern-day;1
mo-rat;1
miễn-phí;1
miễn-cưỡng;1
miếng-vá-nơi-trái-tim-anh;1
miếng-tinh-thần;1
miên-man;1
mit-tơ-răng;1
mit-tinh;1
minnie-ah;1
mini-story;1
mini-stories;1
mini-series;1
mini-jupe;1
mini-drama;1
mini-buýt;1
minh-tâm;1
minh-pôn;1
minh-phương;1
minh-hương;1
ming-liang;1
min-sshi;1
min-sik;1
min-jung;1
min-ah;1
millions-dollar;1
mili-giây;1
migi-do;1
middle-crisis;1
middle-class;1
mid-autumn;1
micro-structure;1
micro-macroecon;1
micro-blogging;1
mica-e;1
mi-sen-ka;1
mi-nít-tờ;1
mi-nue;1
mi-mô-sa;1
mi-hi-rô;1
mh-ntm;1
mgt-tncn;1
mẹ-con;1
metallo-beta-lactamase;1
mesilau-peak-timpohon;1
mendel-weismann-morgan;1
men-sê-vích;1
mega-pixels;1
mega-exhibition;1
medium-low;1
mecklenburg-vorpommern;1
mec-xờ;1
mean-reverting;1
me-sừ;1
me-sat;1
me-ki-si;1
mcgraw-hill;1
mại-kinh;1
mác-lê;1
may-ơ;1
may-xo;1
max-nhỏ-bé;1
max-kenton;1
maurer-stroh;1
matrix-barcode;1
mat-xơ-cơ-va;1
mat-ket-tinh;1
massy-westropp;1
maskin-tirole;1
mary-georges;1
marne-la-vallée;1
marn-riboxom;1
marie-helene;1
marie-curie;1
marie-arlette;1
mao-đồ-tể;1
mao-trạch;1
mao-hóa;1
many-shots;1
manh-nha;1
man-the;1
man-nông;1
mallach-khoái-ăn-tay;1
malick-cựu;1
maki-zushi;1
majiabang-songze;1
mai-cái;1
mai-con;1
macro-blogging;1
mac-xít;1
mac-xây;1
mac-v;1
mac-ket;1
ma-tít;1
ma-trắc;1
ma-trutsch-ka;1
ma-thi-ơ;1
ma-rốc;1
ma-ra-tông;1
ma-quỷ-có-thể-chăm-sóc;1
ma-phia;1
ma-nhê;1
ma-ma;1
ma-lay-xia;1
ma-lay;1
ma-lai-xia;1
ma-lai-a;1
ma-lai;1
ma-kết-chuyển-động-từ-từ;1
ma-giê;1
ma-cô;1
lực-sỉ;1
lực-phần;1
lữ-đoàn;1
lữ-bố;1
lửa-pháo;1
lục-xâm;1
lục-xanh;1
lục-tục;1
lục-thao;1
lục-mạch-thần-kiếm;1
lợn-linh;1
lợi-công;1
lờm;1
lời-vấn;1
lời-hứa-với-chú-sirius;1
lớp-trường;1
lớp-thầy;1
lớn-gia;1
lộm;1
lộc-đồng;1
lộc-khê;1
lộ-trấn;1
lộ-trình;1
lộ-hiển;1
lỗ-mãng;1
lỗ-luận;1
lổ-đổ;1
lồng-đèn;1
lốp-bốp;1
lốp-bi;1
lối-chủ;1
lốc-gừ;1
lốc-cơ-bai;1
lịu;1
lịch-k;1
lệ-đâu;1
lệ-thuộc;1
lễ-lạc;1
lểu;1
lề-lối;1
lếch-xớt;1
lếch-thếch;1
lẽ-ra-hẳn-là;1
lẻng;1
lẻ-tẻ;1
lẻ-loi;1
lẹp-xẹp;1
lặn-a;1
lắng-trầm;1
lắc-rắc;1
lập-xuân;1
lập-tự;1
lập-trường;1
lập-quốc;1
lập-lòe;1
lập-cập;1
lẫn-nhau;1
lẫn-lộn;1
lẩy-bẩy;1
lần-nào-cũng-vậy;1
lần-mỗi-năm;1
lầm-lạc;1
lầm-lũi;1
lất-phất;1
lấp-lánh;1
lấn-chiếm;1
lảng-tránh-không-báo-trước;1
lạp-la;1
lạnh-tình;1
lạnh-trồng;1
lạng-sơn;1
lại囧囧囧;1
lại-mua;1
lại-gọi;1
lạc-nhau-vĩnh-viễn;1
lạc-không;1
lạc-hà;1
lạ-mình;1
lạ-lùng;1
lượng-chất;1
lường-gạt;1
lường-chất;1
lưới-mật-hồn-tâm;1
lương-cơm;1
lưu-ý;1
lưu-tâm;1
lưu-lạc;1
lưu-cán;1
lưu-bị;1
lưc-lượng;1
lơ-nhà-quê;1
lơ-nha-cờ;1
lơ-lớ;1
lĩnh-thụ;1
lđtb-xh;1
lăng-thuỷ;1
lăng-quảng;1
lăn-quăng;1
lý-vệ-công;1
lý-tống;1
lý-tông;1
lý-trần;1
lý-trước;1
lý-thường-kiệt;1
lý-thái-tổ;1
lý-thay;1
lý-sấm;1
lý-ninh;1
lý-chính;1
lý-chuyện;1
lý-bộ;1
lút-dơ;1
lông-ghê;1
lôi-thôi;1
lôc-gơ;1
lôc-ghiếc;1
lô-đơ-bai;1
lô-vợ;1
lô-gô;1
lô-dơ-bai;1
lô-ba-nôp-xki;1
lóc-bờ;1
lòng-vòng;1
lò-xo;1
lì-xì;1
lênin-nít;1
lênh-đênh;1
lên-tụt;1
lên-phơi;1
lên-gối;1
lên-giường;1
lê-văn-dũng;1
lê-vinh;1
lê-trịnh;1
lê-nin-nit;1
lê-nin-gờ-rát;1
lê-lợi;1
lê-ki-ma;1
lê-dờ;1
lê-duẩn;1
lê-chi-ca;1
lévy-strauss;1
lét-xờ;1
lén-lút;1
lão-ấu;1
lão-tớ;1
lãnh-tụ;1
lãnh-hải;1
lãng-đãng;1
lãng-tp;1
lãng-quên-anh-ta;1
lân-ngô;1
lâm-ngươn-tánh;1
lâm-nguyễn;1
lâm-ly;1
lâm-hà;1
láng-hòa;1
lào-việt;1
lào-thái;1
lành-lạnh;1
làng-họ;1
làm-việc;1
làm-nhất;1
làm-nguội-những-cái-đầu-nóng;1
làm-lại-từ-đầu;1
làm-cho-bằng-xong;1
là-phim-mỹ-thì-sẽ-có;1
là-chữ-gì-rồi;1
lybya-muammar;1
lx-dù;1
luống-cuống;1
luật-trường;1
luật-sư;1
luật-lệ;1
luận-cứ-căn-bản;1
luận-cứ;1
luận-chính;1
luận-ca;1
luấn;1
luôn-đúng;1
luân侖;1
luyện-em;1
luyện-chiến;1
luya;1
lung-lạc;1
lunch-mat;1
luke-là;1
lui-même;1
luc-godard;1
lu-xi-ô;1
lu-a-mơi;1
loạng-choạng;1
loạn-thần;1
loạn-lạc-lưu-ly-lầm-lạc-tan-tác;1
loạc;1
loài-người-không-còn-đất;1
low-yield;1
low-tech;1
low-risk;1
love-vì;1
loran-c;1
look-it;1
long-tuyền;1
long-phụng;1
long-phan;1
long-kẻ;1
loi-với;1
log-out;1
loang-lổ;1
loan-tin;1
loan-phượng;1
lo-âu;1
lo-ngại;1
lo-nghĩ;1
lo-lắng;1
liệu-từ;1
liệt-kê;1
liệt-hà;1
liên-tiếp;1
liên-quân;1
liên-hoan;1
liên-hiệp-quốc;1
liên-hiệp;1
liên-chính;1
liêm-đại;1
liêm-hn;1
liêm-hiền;1
live-action;1
link-bạn;1
linh-tính;1
linh-tinh;1
linh-san;1
linh-hồn;1
linh-ca-trù;1
linear-by-linear;1
line-up;1
line-out;1
line-interactive;1
line-in;1
lin-zi;1
lin-xi;1
lin-gạc;1
lin-côn;1
limmone-vincom;1
lille-tìm;1
lilienthal-vũ;1
lila-loài;1
light-phan;1
light-emitting;1
lich-su-giang-sinh;1
liberal-arts;1
liao-xi;1
li-tô;1
li-pô-xôm;1
li-nê-cơ;1
li-lac;1
li-jien;1
li-ion;1
li-e;1
levada-centre;1
lesson-catalog-page;1
leroi-gourhan;1
leo-lét;1
lennon-mccartney;1
len-lỏi;1
lem-luốt;1
leigh-ann;1
leed-nd;1
leader-shii;1
lead-out;1
le-nin;1
lapan-tubsat;1
lao-động;1
lanh-lãnh;1
lang-thang;1
lang-bang;1
lancang-mekong;1
lan-nhà;1
lan-can;1
lan-anh;1
lan-ai;1
lam-không-lam;1
laissez-moi;1
lacquer-tree;1
lac-viet;1
labor-value;1
la-vrốp;1
la-ven-đơ;1
la-ve;1
la-siết;1
la-pho;1
la-hán;1
la-gi;1
kỹ-thuật;1
kỹ-niệm;1
kỷ-những;1
kỷ-mão;1
kỷ-diễn;1
kỳ-vũ;1
kỳ-trung;1
kỳ-thoại;1
kỳ-theo;1
kỳ-quốc;1
kỳ-hạn;1
kỉ-niệm-mưa-dầm;1
kệ-nó-đi;1
kết-án;1
kết-tội;1
kết-hôn;1
kế-toán;1
kế-hoàn;1
kế-cận;1
kẽo-kẹt;1
kẻ-đang-yêu;1
kẻ-thù-của-nhân-loại;1
kẻ-ngoại-biên;1
kẻ-mà-ai-cũng-biết-là-ai-đấy;1
kẹn;1
kĩ-thuật;1
ký-ức;1
ký-lô;1
ký-giả;1
kùtadanta-sutta;1
kô-ti-lưa;1
kô-mô-đô;1
kính-trọng;1
kính-coong;1
kê-pi;1
kém-cũng;1
kyu-chang;1
kyong-hui;1
kyoko-chan;1
ky-ét;1
kwazulu-natal;1
kum-dae;1
kuk-ryol;1
ku-te;1
ku-gì;1
kris-etherton;1
kon-ti-ki;1
komsomolsk-trên-sông-amur;1
kobayakawa-senpai;1
ko-việc-j;1
ko-thể-giải-thích-dễ-dàng;1
ko-thể-bước;1
ko-lớn;1
ko-biết-nói-với-ai;1
knock-out;1
kn-ðd-hg;1
klanh-ke;1
kl-tw;1
kkeut-e;1
kiểu-không-thể-hiểu-nổi;1
kiểm-kê;1
kiểm-chứng;1
kiều-trần-như;1
kiều-công;1
kiềm-kinh;1
kiếp-tiếp;1
kiếp-sát;1
kiến-xã;1
kiến-trung;1
kiến-thức;1
kiến-thiết;1
kiến-ba;1
kiếm-cho;1
kiên-phan;1
kiên-cường;1
kiwi-iwik;1
kitô-hữu;1
kitai-gorod;1
kiss-ass;1
kinshōsen-ji;1
kinh-tế-mới;1
kinh-khủng;1
kinh-hồn;1
kinh-doanh;1
kingsley-nizam;1
kim-vâng;1
kim-trọng;1
kim-ngưu-nói-chậm;1
kim-lăng;1
kim-long;1
kim-jun-su;1
kim-jong-un;1
kilowatt-giờ;1
kibum-ssi;1
kia-từ;1
kia-người;1
ki-bót;1
khứ-cho;1
khủng-khiếp;1
khủng-bố;1
khởi-sự;1
khổng-tử;1
khổng-mạnh;1
khổng-lồ-vĩ-đại;1
khổ-vô;1
khổ-donghae;1
khốc-liệt;1
khắc-nghiệt;1
khắc-khoải;1
khất-thực;1
khương-của-em;1
khươm;1
khĩnh;1
khúc-khích;1
không-đời-nào-anh-bỏ-rơi-em;1
không-đến-mức-ngốc-ngếch;1
không-được-phép-bị-thương;1
không-yểm;1
không-wooyoung;1
không-vị-kỷ;1
không-tồn-tại-khi-không-được-đồ-chiếu-bằng-ngôn;1
không-tán-thành;1
không-thời-gian;1
không-thể-vùi-dập;1
không-thể-tin-được;1
không-thể-nào-gian-ác-hơn;1
không-thể-nhầm;1
không-thể-nháp;1
không-thể-mục-nát;1
không-thể-đoán-trước;1
không-quân;1
không-phải-là-em;1
không-phải-anh;1
không-nói-ai-cũng-biết;1
không-nên-đến;1
không-lớn-lên;1
không-không-không-không-không;1
không-không-không-không;1
không-không;1
không-hề-rảnh;1
không-hề-nhỏ;1
không-huyền-bí;1
không-gì;1
không-già-nhưng-sắp-chết;1
không-gian-không-chướng-ngại;1
không-gian-khác-hẳn;1
không-e-ngại-nữa;1
không-dám-đùa-với-người-pháp;1
không-cộng;1
không-có-say;1
không-có-rảnh;1
không-có-khả-năng;1
không-có-gì-đáng-muốn-đáng-làm;1
không-có-gì-mới;1
không-có-lỗi;1
không-chấp-nhận;1
không-bình-thường;1
không-bên-anh;1
không-buồn-nói;1
không-biển;1
không-biết-sợ;1
không-biết-phải-nghĩ-gì;1
không-biết-gì-để-nói;1
khôn-khéo;1
khôi-việt;1
khôi-thường;1
khôi-phục;1
khô-nóng;1
khóa-sinh;1
khóa-cửa-ngay;1
khích-ngang;1
khía-cạnh;1
khí-hậu;1
khê-trí;1
khê-hà;1
khép-lại;1
khã³;1
khâm-phục;1
khánh-quốc;1
khánh-nguyễn;1
kháng-cự;1
khán-giả-người;1
khái-quát;1
khác-ta;1
khác-mình;1
khác-miễn;1
khác-lảng;1
khác-hoàn-toàn;1
khyber-pakhtunkhwa;1
khuấy-nhiểu;1
khuôn-mẫu;1
khut-xốp;1
khrushchev-bulganin;1
khoảng-trời;1
khoan-chèo;1
khoa-học;1
khiển-dụng;1
khinh-thường;1
khinh-bỉ;1
khen-khét;1
khe-sanh;1
khai-tông;1
kha-xan;1
kh-nhom;1
keun-shik;1
keo-tích;1
ken-on;1
ken-kun;1
kari-gurashi;1
karaokê-ngủ-gật;1
kang-sheng;1
kang-seng;1
kai-shek;1
kabuki-cho;1
jê-su;1
jyj-kim;1
junsu-shii;1
junsu-san;1
junhyung-hyung;1
jun-su;1
jun-ha;1
julia-lia;1
ju-li-et;1
joy-er;1
jou-sha;1
josephine-việt;1
joon-shii;1
joon-ho;1
jong-suk;1
jong-in;1
jong-chol;1
joint-stock;1
joe-kun;1
joe-bắt-em-bé;1
jo-jongwoon;1
jiyeon-ssi;1
jin-shil;1
jiang-related;1
ji-yong;1
jet-ski;1
jean-vincent;1
jean-philippe;1
jean-françois;1
jean-francois;1
jang-yop;1
jan-joost;1
jaejoong-sunbae;1
jaejoong-shi;1
jae-joong;1
jae-chun;1
jack-wolfskin;1
jack-fruit;1
ja-nuk;1
ja-nuc;1
iếc-cút;1
iv-y;1
iu-tìu;1
ito-yokado;1
iter-international;1
it-ra-en;1
it-ra-el;1
israel-jordan-palestine;1
iraq-ảrập;1
iran-ấn;1
iran-mỹ;1
ior-arc;1
intranet;1
internet-marketing;1
internet-cầu;1
interface-api;1
inter-subjective;1
intec-nẹt;1
instant-read;1
installation-art;1
inner-condition;1
ing-wen;1
in-đô-nê-xia;1
in-tờ-nét;1
in-tẹc-net;1
in-tơ-ris-ting;1
in-tơ-res-ting;1
in-tơ-net;1
in-trstng;1
in-tris-ting;1
in-tel-li-ghen-tsi-ĭa;1
in-sample;1
imagechef-dịch;1
im-cái;1
ile-de-france;1
iii-x;1
ii-quá;1
if-ii;1
if-i;1
ico-noclaste;1
ibn-al-as;1
ibm-do;1
iambic-foot;1
hữu-thể-tồn-lưu;1
hữu-hiệu;1
hử-nó;1
hứng-khi;1
hụt-hẫng;1
hợp-tác;1
hợp-nhà;1
hở-đồng;1
hở-đn;1
hờn-mong-nhớ-tiếc;1
hội-đoàn;1
hội-vân;1
hội-trường;1
hội-nhập;1
hội-lịch;1
hội-là;1
hội-cách;1
hội-chính;1
hộ-âm;1
hộ-tống;1
hộ-khẩu;1
hộ-chia;1
hỗn-loạn;1
hỗ-trợ;1
hổ-trướng;1
hổ-báo-hùm-beo;1
hồng-trắng-tím;1
hồng-nhớ;1
hồng-hà;1
hồn-thương-tâm-nhớ;1
hồi-hộp;1
hồ-young;1
hồ-văn;1
hồ-than-thở;1
hồ-sơ;1
hồ-quảng;1
hồ-nông;1
hồ-nam;1
hồ-lốn;1
hồ-binh;1
hối-thúc;1
hối-hận;1
hối-hã;1
hỏi-ngã;1
hỏi-nghĩa;1
hỏi-han;1
hỏa-tinh;1
họp-tập;1
học-trò;1
học-trong;1
học-tri;1
học-tiểu;1
học-ngôi;1
học-mục;1
học-luật;1
học-kỹ;1
học-cậu;1
họ-cảnh;1
hỉ-thần;1
hệ-tù;1
hệ-thống-hiểu-biết-standard;1
hễ-đụng-vào-tức-là-chạm-nọc;1
hết-thì;1
hết-mình;1
hắt-xì-hơi;1
hắn-tay;1
hắc-tuyền-phong;1
hắc-cơ;1
hậu-trọng-thương;1
hậu-thân;1
hậu-một;1
hậu-cấu;1
hậu-bùi;1
hầu-hết;1
hấp-tấp;1
hấp-hối;1
hảo-huỳnh;1
hải-đoản;1
hải-quânviệt-nam;1
hải-quy;1
hải-ngắm;1
hải-nguyên;1
hải-nam;1
hải-lục-không-quân;1
hải-cảng;1
hạng-thác;1
hạ-tầng;1
hạ-sĩ-quan;1
hạ-sĩ;1
hạ-lào;1
hướng-đạo;1
hướng-nhất;1
hướng-dẫn;1
hước-một;1
hương-tây;1
hương-trái;1
hương-một;1
hương-dân;1
hưng-đạo;1
hưng-yên;1
hư-hại;1
hư-hoại;1
hơi-một-cái-là-dính-kích-động;1
hăm-lét;1
hý-luận;1
hùng-phó;1
hùng-kh;1
hùng-hồn;1
hôn-bất-đắc-dĩ;1
hô-nếch-cơ;1
hô-hát;1
hóa-tư;1
hóa-truyền;1
hóa-nghệ;1
hóa-giáo;1
hóa-du;1
hòa-thượng;1
hòa-thành;1
hòa-sài;1
hòa-lan;1
hòa-an;1
hò-hét;1
híếm-hoi;1
hí-họa;1
hình-đạng;1
hình-tượng;1
hình-thế;1
hình-ra;1
hình-phản;1
hình-một;1
hình-dạng;1
hình-dạmg;1
hình-dáng;1
hê-ết;1
hê-brơ;1
hê-a;1
héc-nan-đét;1
hè-quý;1
hè-nhân;1
hãi-sợ;1
hãi-lại;1
hát-u-vê;1
hán-mãn;1
hách-cơ;1
hào-ánh;1
hành-đạo;1
hành-binh;1
hàng-xóm;1
hàng-không;1
hàng-khách;1
hàng-hải;1
hàn-nàm;1
hàn-như;1
hàn-mạc-tử;1
hàn-gắn;1
hàm-bà-lằng;1
hài-nghịch;1
hà-đồ;1
hà-văn-ngạc;1
hà-tây;1
hyunie-nó;1
hyung-ie;1
hyun-sshi;1
hyukjae-tìm;1
hyukjae-người;1
hyuk-ssi;1
hyper-réaliste;1
hyper-ritualization;1
hy-đrát;1
hy-vọng;1
huỳnh-hiến-thần;1
huề-lý;1
huế-việt;1
huấn-huyện;1
huê-đà-tái-thế;1
huê-kỳ;1
huyền-giang;1
huyền-bí;1
huynh-đệ;1
huy-sơn;1
huy-hiệu;1
hung-tinh;1
hung-hãn;1
hung-gia-lợi;1
hun-sen;1
human-scale;1
hua-ra;1
hu-xắc;1
hu-um;1
hu-a;1
hsiao-chun;1
hs-sv;1
hr-bd;1
hq-csvn;1
hoẹt;1
hoẳn;1
hoằng-thao;1
hoản-hg;1
hoạt-tồn;1
hoạt-dộng;1
hoại-sắc;1
hoạch-định;1
hoạch-phát;1
hoạ-trên;1
hoạ-thiết;1
hóa-xã;1
hóa-sử-lý;1
hoăng;1
hoăm;1
hoá-lịch;1
hoá-hiện;1
hoàng-đế;1
hoàng-trường;1
hoàng-thi-thơ;1
hoàng-the;1
hoàng-liên-sơn;1
hoàng-cầm;1
hoàng-cung;1
hoàn-tất;1
hoàn-thành;1
hoàn-sinh;1
hoàn-hồn;1
hoàn-cầu;1
hoài-suốt;1
hoài-nam;1
hoài-ism;1
hoài-cẩm;1
hoài-bắc;1
hoà-bình;1
house-wife;1
house-breakers;1
hotels-casinos;1
hot-pants;1
hot-line;1
hot-girl;1
hop-on;1
hop-off;1
honte-tạm;1
hongkong-tân;1
hold-up;1
hoe-mọi;1
hoctro-leaqua;1
hoang-vu;1
hoang-tàn;1
hoan-nghenh-gioi-khvn-da-canh-giac-hanh-dong-kip-thoi;1
hoan-khẳng;1
hoan-hg;1
hoa-ấn;1
hoa-đã-có;1
hoa-nở;1
hoa-những;1
ho-ho-ne;1
ho-chun;1
ho-bo;1
hnv-sfv;1
hiệp-ước;1
hiệp-quốc;1
hiện-đại;1
hiện-thực-được-đồng-thuận;1
hiện-hữu;1
hiện-hoạt;1
hiểu-thơ;1
hiểu-cô;1
hiểu-chết-liền;1
hiểu-buộc;1
hiểm-phúc;1
hiểm-nguy;1
hiền-thần;1
hiền-than;1
hiền-hoà;1
hiền-em;1
hiếu-kinh;1
hiếng;1
hiu-hắt;1
hiu-hiu;1
hitler-goebell;1
hit-to-kill;1
hiss-chambers;1
his-story;1
hindi-chini;1
hin-đu;1
hin-đi;1
highway-men;1
higher-education;1
high-yield;1
high-risk;1
high-profile;1
high-gluten;1
high-fiving;1
hi-sinh;1
hi-ma-lay-a-trường;1
hi-ma-lay-a;1
hi-light;1
hi-la;1
hi-hữu;1
hi-guay-in;1
hi-canxi;1
heullil-ttaedo;1
her-mi-one;1
henri-levy;1
hellman-hammett;1
hellman-hammet;1
heeojim-ui;1
heechul-sshi;1
hechscher-ohlin;1
hec-ta;1
heart-mate;1
head-hunter;1
hàng-xóm-blogger;1
hayekian-friedmanite;1
hay-cái;1
have-not;1
have-more;1
hauts-de-seine;1
hashan-fujairah;1
harrod-balassa-samuelson;1
hard-line;1
happy-ending;1
hao-hao;1
hans-dietrich;1
han-da-no-víc;1
ham-muốn;1
ham-bơ-gơ;1
half-live;1
half-blood;1
half-and-half;1
hai-đầu;1
hai-xanh-một-cam;1
hai-với;1
hai-nơ;1
hai-hết;1
hai-a;1
hahhahaha-một;1
hahaha-vẫn;1
hae-và-chúa;1
hae-ssi;1
hae-in;1
hacđi-vanbec;1
hachi-ko;1
ha-vơ-rơ;1
ha-oai;1
ha-nakdan;1
ha-le;1
gụt;1
gỡ-đối;1
gờ-rôn-kai-ơ;1
gờ-nóp;1
gọi-là-ma-túy;1
gết-tô;1
gặp-gỡ-chân-thật;1
gặp-bến;1
gắn-bó;1
gầy-gò;1
gần-đầy-đủ;1
gần-những;1
gần-như-tuyệt-đối-bản-năng;1
gạo-đủ;1
gạo-chợ-nước-sông;1
gạch-nối-online;1
gạc-đờ-co;1
gơ-rô-men;1
gơ-ri-phít;1
gđ-đt;1
gú-gồ;1
gùn;1
gô-đa;1
gô-tích;1
gô-loa;1
gô-be;1
góoc-ba;1
gòn-tình;1
gòn-gia;1
gòn-chợ;1
gíp-cốp;1
gì-vậy;1
gì-sau;1
gì-hoặc;1
gì-donghae;1
gêm-ba;1
gã-đá-phi;1
gã-đa-phi;1
gần-chạm-tới-hạnh-phúc;1
gây-quỹ;1
gái-cũng;1
gác-đờ-bu;1
gác-xông;1
gác-ba-ga;1
gyllenhaal-dastan;1
guinea-conakry;1
gu-nô;1
gu-gồ;1
gtk-warning;1
gt-đt;1
gt-vt;1
gs-vs-bs;1
gs-viện;1
grzymala-kazlowska;1
group-study;1
grossman-hart-moore;1
gros-câlin;1
gregson-williams;1
gravure-beme;1
goóc-ky;1
goóc-ki;1
gorbachev-yeltsin;1
google-maps;1
google-google;1
gooc-ki;1
god-forsaken;1
go-bi;1
glu-cô;1
glep-xin;1
glass-clear;1
giữ-gìn;1
giờ-đã-hóa-sói;1
giờ-nó;1
giờ-khi;1
giờ-giấc;1
giới-tuyến;1
giới-thiệu;1
giới-nếu;1
giới-nhân;1
giới-luật;1
giỏng;1
giọc;1
giọ;1
giặn;1
giằm;1
giắn;1
giầm;1
giấy-một;1
giấm-chi;1
giảu;1
giảng-huấn;1
giảm-thiểu;1
giảm-sút;1
giải-tỏa;1
giải-tán;1
giải-thần;1
giải-phóng;1
giải-lịch;1
giải-hợp;1
giải-cấu;1
giả-vờ;1
giả-nó;1
giả-hiện;1
giả-dụ;1
giả-chức;1
giả-bằng;1
giường-vẫn-còn-ấm-vì-sự-ăn-nằm-của-họ;1
giướng;1
giơ-ne-vơ;1
giơ-lem;1
giúp-đỡ;1
giú;1
giùi;1
giôn;1
giô-si-a;1
giô;1
gióc-đan-ni;1
gió-mây-trời;1
gió-mây;1
giòng-thời-gian-chữ-nghĩa;1
giê-lu-xa-lem;1
giéo;1
giáo-viên;1
giáo-sỹ-tiến-sư;1
giáo-sư-nhà;1
giáo-phương;1
giáo-hội;1
giáo-cộng;1
giáo-cơ;1
giáng-một;1
giám-đốc-không-vốn;1
giác-hoàng;1
giá-đọc;1
giá-sáng;1
giàu-nghèo;1
giào;1
giu-đê;1
giu-sê;1
giu-se;1
gip;1
gioan-phaolô;1
gilbert-ổng;1
gigawatt-giờ;1
gie-ne-ric;1
giao-xu-vuon-xoai-thuoc-tgp-sai-gon-co-tan-chanh-xu;1
giao-thiệp;1
giao-phong;1
giao-lưu;1
giao-hưởng;1
giao-hoi-viet-nam;1
giao-chiến;1
giang-đanh;1
giang-trần;1
giang-sơn;1
giang-san;1
giang-cầu;1
gian-truân;1
gian-thần;1
gian-nghĩ;1
gian-ngay;1
gian-lạ-lẫm;1
gian-lao;1
giam-giữ;1
giam-cầm;1
gia-định;1
gia-thái;1
gia-rai;1
gia-long;1
gi-đi-pi;1
gi-di-pi;1
ghệt;1
ghểnh;1
ghế-thái;1
ghẹn;1
ghêm-sô;1
ghét-tô;1
ghét-phụ-nữ;1
ghi-âm;1
ghi-lê;1
ghi-ký;1
ghi-gô;1
ghi-chú;1
ghen-da;1
ghe-pát;1
geun-seok;1
germain-des-prés;1
georges-pompidou;1
georges-eugène;1
geneva-thụy;1
gegen-elite;1
gay-go;1
ganh-tị;1
gan-dạ;1
gai-đơ;1
ga-đi-phi;1
ga-ta;1
ga-rô;1
ga-ry;1
ga-ra-ép;1
ga-na;1
ga-li-lêi;1
ga-li-lê;1
ga-la;1
ga-ba-đin;1
ga-asi;1
future-in-law;1
fung-gaap;1
fumasoni-biondi;1
full-list;1
full-fledged;1
fuh-to-lo;1
frăng-xơ;1
fruit-plants;1
free-software-download;1
frederic-auguste;1
france-travel-photos;1
france-presse;1
france-a;1
foóc-môn;1
fou-fou;1
forum-viet;1
forty-foot;1
forty-five;1
forex-thị;1
foreman-peck;1
foot-pads;1
font-size;1
font-family;1
flê-mít;1
fluid-mosaic;1
flip-flop;1
fleur-de-lys;1
flash-back;1
five-year;1
fireのイントロとclのシャウトで会場全体が一気に湧きました;1
fine-tune;1
fil-a;1
fiction-les;1
fic-ers;1
fence-sitter;1
fehr-schmidt;1
fe-de-rich-co-gar-xi-a-lor-ca;1
fastest-growing;1
fangirl-không-ở-trong-fangirl-mode;1
fan-forced;1
fall-rise;1
fair-play;1
face-to-face;1
fa-she-lo;1
ez-eldin;1
eyeliner-addict;1
extra-terrestres;1
ex-vnch;1
ex-girlfriends;1
everything-we;1
every-minute;1
eus-fnb;1
este-phosphat;1
est-ce;1
eric-emmanuel;1
eri-chan;1
entrance-examination;1
entfrem-dete;1
enter-tour-ment;1
ens-lsh;1
energy-saving;1
energy-dispersive;1
en-zim;1
en-us;1
en-sua;1
en-rích-kê;1
emmène-moi;1
emic-etic;1
em-đang-giữa-kinh-thành;1
em-trữ-tình;1
em-một;1
em-ma-nu-ên;1
em-lính;1
em-lên;1
em-hoa;1
em-cậu;1
em-con;1
em-chúng;1
el-qaddafi;1
el-harím;1
el-harim;1
el-abidine;1
eija-liisa;1
eighty-nine;1
efl-sone;1
eco-office;1
east-asia-north;1
dự-định;1
dự-đoán;1
dự-trù;1
dữ-tợn;1
dữ-dội;1
dứt-khoát;1
dứa-mít-mận;1
dục-tông;1
dục-thể;1
dở-dang;1
dồi-đào;1
dồi-dào;1
dọp;1
dịch-chiến;1
dẽo-dai;1
dặn-dò;1
dắng;1
dật-tiểu;1
dẫn-link;1
dầu-than;1
dần-tân;1
dần-thấy-lại-được;1
dần-dần;1
dấu-hiệu;1
dảy;1
dương-đại;1
dương-thế;1
dương-minh;1
dương-hạm;1
dương-ba;1
dương-abu;1
dư-liệu;1
dũng-kiên;1
dăk-pring;1
dăk-pre;1
dún;1
dùn;1
dím;1
déja-senti;1
déclaration-manifeste;1
dé;1
dân-ủy;1
dân-tộc;1
dân-tám;1
dân-phong;1
dân-nông;1
dân-chính;1
dày-tá;1
dành-cho-nhau-và-đã-xác-nhận-cùng-nhau-bằng-cách-trao-và-nhận-một-chiếc-nhẫn-và-nắm-lấy-tay-nhau;1
dàng-cái;1
dài-khi;1
dwelling-place;1
dvkt-khkt;1
dvd-video;1
duềnh;1
duẩn-văn;1
duẩn-võ;1
duẩn-lê;1
dục-đào;1
duyên-cớ;1
duya-ra;1
duy-nhứt;1
duy-ma;1
dung-hình;1
dual-bios;1
du-thuyền-vĩ-đại-không-thể-chìm-nổi;1
du-nguyễn;1
drug-taking;1
dras-leona;1
drag-n-drop;1
drag-and-drop;1
down-syndrome;1
dow-jones;1
dovijdane-tạm;1
double-dip;1
double-clicking;1
dot-com;1
doojoon-s;1
donghae-sama;1
donghae-ah;1
doanh-xí-nghiệp;1
doanh-xnk;1
do-đó;1
do-la;1
do-hạnh;1
do-fa-sol;1
do-chính-anh;1
diệp-quang-thủy;1
diện-tích;1
diện-blog;1
diễn-video-sắp;1
diễn-tả;1
diễn-sắp;1
diễn-sân;1
diễn-giải-đúng;1
diếu;1
diêm-vương;1
district-cbd;1
discography-visual;1
ding-dong;1
dilmah-lipton;1
dieu-uoc-small;1
dien-tu-van-tu-vi;1
didot-bottin;1
dial-up;1
dia-lâu;1
di-động;1
di-vu;1
di-a-bi;1
devil-may-care;1
depo-provera;1
denial-of-service;1
demi-classique;1
defensor-santiago;1
deep-rooted;1
ddr-szene;1
days-skidrow;1
day-off;1
data-binding;1
danielli-davson;1
danh-động;1
danh-nhân-văn-hoá-của-nhân-loại;1
danh-hiệu;1
dang-dở;1
dam-aon;1
dae-suk;1
da-vẽ;1
da-pô-rô-gi-e;1
da-hu;1
cựu-ước;1
cựu-kim-sơn;1
cực-kỳ-buồn-cười;1
cực-kỳ;1
cực-kì-mê;1
cực-kì-giống-yunho;1
cực-hình;1
cực-hiện-thực;1
cửng;1
cừu-nhà-hướng-nội;1
cừu-nhà;1
cừu-lửa;1
cừu-hoang-hào-nhoáng;1
cừu-băng;1
cứu-vớt;1
cứu-vị;1
cứu-thiết;1
củaviệt-nam;1
củalor-ca;1
của-riêng-mình;1
của-anh;1
cờn;1
cờ-tu;1
cờ-rưm;1
cờ-rít-xốt-cô-lông;1
cột-cờ;1
cổi;1
cổ-vụ;1
cổ-tục;1
cổ-hình;1
cổ-cận;1
cồn-cào;1
cốt-tro;1
cốt-ta;1
cốt-lết;1
cốc-tay;1
cốc-tai;1
cố-để-giữ;1
cố-đô;1
cố-thủ;1
cố-nhân;1
cố-muộn-lỡ;1
cỏng;1
cỏm;1
cẵng;1
cằn-nhằn;1
cằn-cỗi;1
cậu-đừng-nói-nữa;1
cậu-thường;1
cậu-chủ-min-hwan;1
cậu-chắc-chắn-phải-học;1
cậu-bé-tóc-hồng;1
cập-li;1
cận-triết;1
cẩn-thận-củi-lửa;1
cẩn-thận;1
cẩm-lệ;1
cầu-ông-lãnh;1
cầu-thang-tôi;1
cần-thơ;1
cấp-lẽ;1
cấm-thư;1
cảnh-vật;1
cảnh-sát;1
cảnh-dakto;1
cản-trở-chuyện-tình-cảm;1
cảm-xã;1
cảm-thông;1
cảm-cội;1
cải-tử;1
cải-cách;1
cả-ta;1
cạt-túc-se;1
cạn-cạn;1
cạc-bin;1
cường-để;1
cường-tập;1
cường-trưởng;1
cường-một;1
cười-ông;1
cười-vậy;1
cười-vì;1
cười-nụ;1
cướp-đánh;1
cương-trù;1
cương-quyết;1
cương-nghị;1
cương-lĩnh;1
cư-xử-đúng-mực;1
cư-văn;1
cơ-đốc;1
cơ-tu;1
cơ-cấu;1
cũ-niềm;1
cũ-nhạc;1
cũ-mới;1
căng-đan;1
căn-bản;1
cún-mèo;1
cúc-ki;1
cùng-tử;1
cùng-sáng-suốt;1
cùng-không;1
cùng-chủ;1
công-xuất;1
công-vụ;1
công-việc;1
công-tắc;1
công-ty;1
công-ti;1
công-thủ-chuyền-tiếp;1
công-thụ;1
công-thần;1
công-thương-nghiệp;1
công-thương;1
công-ten-nơ;1
công-ta;1
công-phu;1
công-năng;1
công-nhận;1
công-một;1
công-huyền;1
công-giáo;1
công-cán;1
công-cuộc;1
côm-mu-nál-ca;1
côi-cút;1
côi-chi-rô;1
cô-táp;1
cô-ta;1
cô-ren;1
cô-phi;1
cô-oét;1
cô-lô-côn-tri-cốp;1
cô-la;1
cô-giang;1
cô-dắc;1
cô-cậu;1
cô-bắc;1
cô-bê;1
cô-bé-có-nụ-cười-rất-tươi;1
có-vợ;1
có-thể-yêu-được;1
có-thể-sẽ-di-cư;1
có-thể-dự-đoán;1
có-một-không-hai;1
có-kể;1
có-cũng;1
còn-tiếp-diễn;1
còn-cha;1
còm-píu-tờ;1
còm-miếc;1
cây-số;1
cây-mười-hai-cành;1
cây-lá-quả;1
cây-cối;1
câu-tớ;1
câu-na-hàm;1
câu-lưu-tôn;1
câu-lãnh;1
câu-dẫn-hắn-lên-giường;1
cân-bằng;1
cát-xê-cái-cu;1
cát-tút;1
cát-tó;1
cát-két;1
cám-ơn;1
cái-đã-chết;1
cái-điều-được-gọi-là-sự-tủi-nhục;1
cái-đang-sống;1
cái-người-mà-ai-cũng-biết-là-ai;1
cái-nd;1
cái-gọi-là;1
cái-gì-đó;1
cách-tức;1
cách-tê;1
cách-hữu-hình;1
cách-bệ-cửa-sổ-của-cô;1
các-van-hô;1
các-mác;1
các-cô-nương-lạc-đường;1
cá-tính;1
cá-tinh;1
cá-khỉ;1
cá-có;1
cà-vẹt;1
cà-tha;1
cà-rá;1
cà-ri-nị;1
cà-rem;1
cà-ra-vát;1
cà-phê-chiều-tà;1
cà-nông;1
cà-lồ;1
cyber-shot;1
cy-fair;1
cuộng;1
cuồn-cuộn;1
cutepdf-writer-easy-to-create-pdf-files-from-any-document;1
cut-out;1
cut-and-paste;1
currant-jelly;1
cung-cách;1
cua-rơ;1
cua-khỉ;1
cu-út;1
cu-vơ-li-ê;1
cu-tu-dốp;1
cu-trinh;1
cu-lông;1
cu-li;1
cu-ba;1
ctrl-z;1
ct-ttg;1
ct-sgk;1
ct-bgd;1
css-based;1
cs-nhóm;1
cs-cán;1
cross-stitch;1
cross-cultural;1
cra-vát;1
coọc-sê;1
còn-mất;1
coóc;1
cox-friedman;1
cover-to-cover;1
cousins-german;1
counter-strike;1
counter-melody;1
copy-paste;1
contet-andonneau;1
conrad-korzeniowski;1
cong-thuc-e-viet-mot-bai-nhac-noi-tieng;1
con-voi;1
con-thơ-ấu;1
con-thích-con-vịt-có-mỏ-màu-xanh;1
con-sông;1
con-người-đời;1
con-người-nghề-nghiệp;1
con-người-lớn;1
con-ngưòi-văn;1
con-mẹ;1
con-cơ-neng;1
con-cá;1
con-chết;1
comte-sponville;1
commonwell-thịnh;1
command-line;1
comimissaire-priseur;1
com-pa;1
com-mốt;1
com-măng-ca;1
com-chan;1
coi-chừng;1
code-behind;1
cochin-hotel;1
cochin-chine;1
co-wokers;1
co-stars;1
co-ro;1
co-organizers;1
co-ordinate;1
co-nan;1
co-founder;1
close-up;1
click-n-type;1
clermont-ferrand;1
clement-clarke-moore;1
clay-more;1
class-action;1
cité-état;1
cittapa-sīdanatthāya;1
cia-mỹ;1
ci-git;1
chữ-bằng;1
chửu-nhân;1
chửng-trong-thực-tại;1
chứng-từ;1
chứng-tích;1
chứng-nhân;1
chứng-minh;1
chức-nhạc;1
chức-giám;1
chức-chẳng;1
chủ-xã;1
chủ-văn;1
chủ-tịch;1
chủ-nhật;1
chủ-nghĩa-vô-nghĩa;1
chủ-nghĩa;1
chủ-lực;1
chủ-chen-chùng;1
chợ-lớn;1
chờm;1
chồng-vợ;1
chồng-tương-lai;1
chồng-nàng;1
chốp;1
chống-đóng;1
chống-trả;1
chống-tiếp-cận;1
chống-tham-nhũng;1
chống-cách;1
chốn-về;1
chọn-lựa;1
chọn-an;1
chị-em;1
chỉ-định;1
chỉ-viên;1
chện;1
chết-đổi;1
chết-phục;1
chết-nd;1
chếch-lệch;1
chế-độ;1
chế-vừa;1
chế-riễu;1
chẻm;1
chẳng-ra-gì;1
chẳng-mấy-bình-yên;1
chẳng-gì-cả;1
chẳng-ai-hết;1
chật-vật;1
chập-chờn;1
chập-choạng;1
chẩm-cùng;1
chầm-chậm-bị-em-bỏ-rơi;1
chất-đã;1
chất-trực;1
chất-tinh;1
chất-cảm;1
chấp-thuận;1
chấp-nhận-miễn-cưỡng;1
chải-mù;1
chượp;1
chương-trình;1
chương-dù;1
chưa-từng-có;1
chưa-từng-có-thực;1
chưa-rõ-hình-hài;1
chưa-chắc-đã-nhạt-nhoà;1
chưa-bao-giờ-được-sử-dụng;1
chư-cư-ba;1
chơn-chất;1
chơ-chun;1
chūō-ku;1
chĩn;1
chăn-ra-gối;1
chăm-pa;1
chúng-lẽ;1
chú-tâm;1
chú-thuật;1
chú-nhưng;1
chùa-tỉnh;1
chói-chang;1
chính-đối;1
chính-đáng;1
chính-xác;1
chính-tiền;1
chính-thì;1
chính-ngân;1
chính-một;1
chính-công;1
chính-chỉ;1
chính-chính;1
chí-mà;1
chì-axít;1
chê-pôn;1
châu-âu;1
châu-á;1
châu-dịch;1
chân-chính;1
cháu-nói;1
cháu-những;1
cháu-bác;1
chát-chúa;1
chánh-tự;1
chán-như-địa;1
chxhcn-vn;1
chuỳ;1
chuẩn-đo;1
chuẩn-giờ-hành-chính;1
chuyện-mà;1
chuyển-quân;1
chuyên-môn;1
chuvanan-yenbai;1
chung-quanh;1
chung-huấn;1
chung-hoon;1
chun-ha;1
chu-đáo;1
chu-công;1
christmas-and;1
choòng;1
choài;1
chongqing-vietnamese;1
choang-quảng;1
cho-và;1
chiến-tích;1
chiến-thắng;1
chiến-sĩ-jihad;1
chiến-quốc;1
chiến-khu;1
chiến-dịch;1
chiến-công;1
chiếm-đóng;1
chính-ngân;1
chiêu-quốc;1
chiyoda-ku;1
chit-chat;1
chinh-phục-và-chiến-thắng;1
chinh-don-dang-vi-su-ton-vong-cua-che-do;1
chim-sâu-ong-bướm;1
chieh-jen;1
chiec-gay-keo;1
chiec-bit-tat;1
chicago-mỹ;1
chia-để-trị;1
chi-tiết-hóa;1
chi-lăng;1
chi-lan;1
chi-kin;1
chi-chít;1
cheonggye-cheon;1
cheong-ryong;1
cheol-hwan;1
chen-chi;1
check-out;1
charles-louis;1
chao-u-chi;1
chanh-vàng;1
changmin-sshi;1
chang-halliday;1
champs-elysées;1
cha-ông;1
cha-rye;1
cha-người;1
cha-am;1
ch-chính;1
ch-chuyện;1
cergy-pontoise;1
cen-ti-met;1
cd-rewritable;1
cd-recordable;1
ccpr-one;1
cb-cs;1
cay-thong-noel;1
cause-effect;1
cau-truc;1
cat-xet;1
casse-cou;1
cass-sone;1
case-church;1
cartier-bresson;1
carry-on;1
cao-đài;1
cao-tờ;1
cao-to-đen-hôi;1
cao-thấp;1
cao-bồi;1
can-đảm;1
can-tê-na-xi-ô;1
can-trường-một-thời;1
can-dảm;1
camuy-về;1
camus-ông;1
cam-ry;1
cam-nhông-nét;1
cam-lộ;1
cam-họ;1
cai-rô;1
cai-hà;1
café-philo;1
cac-tông;1
ca-đoàn;1
ca-vũ-nhạc;1
ca-ve;1
ca-sĩ;1
ca-sa;1
ca-ron;1
ca-ro-tin;1
ca-quốc;1
ca-péc-na;1
ca-nô-bia;1
ca-nhạc-sỹ;1
ca-nhạc;1
ca-lô;1
ca-lo;1
ca-li-phoóc-ni-a;1
ca-li-pho-ni-a;1
ca-expro;1
ca-diếp;1
ca-da;1
ca-chiu-sa;1
ca-bin;1
bủn-xỉn;1
bủ;1
bụi-bặm;1
bờ-ra-zin;1
bờ-lu;1
bộng;1
bộ-tuy;1
bộ-phú;1
bộ-cnv;1
bộ-chỉ-huy;1
bộ-chiến;1
bộ-binh;1
bổ-ít;1
bồi-hồi;1
bồ-đề;1
bồ-bồ;1
bốt-đờ-sô;1
bốn-nghìn-năm-văn-hiến;1
bốn-mươi-năm;1
bối-rối;1
bối-jung;1
bố-xinh;1
bố-trí;1
bố-phòng;1
bọ-hung;1
bịt-miệng-giếng;1
bịn-rịn;1
bị-từ-chối;1
bị-cự-tuyệt-yêu-thương;1
bị-bỏ-mặc-dài-ngày;1
bệu;1
bệnh-viện;1
bệnh-tật;1
bệnh-trạng;1
bệnh-phù;1
bến-tre;1
bẹn-ả-ly;1
bẹc-giê;1
bặn;1
bằng-địa;1
bằng-hà;1
bắt-đầu;1
bắn-hái;1
bắc-đẩu;1
bắc-đạo;1
bắc-trung-nam;1
bắc-trung;1
bắc-thuộc;1
bắc-giang;1
bắc-bắc;1
bật-không-cần-nghĩ;1
bận-rộn;1
bần-tiện;1
bần-bật;1
bầm-dập;1
bất-ổn;1
bất-động;1
bất-đắc-dĩ;1
bất-tận;1
bất-thần;1
bất-ngờ;1
bất-kể-thứ-âm-thanh-gì-trừ-mono;1
bất-khả-kháng;1
bất-khuất;1
bất-cứ-ai;1
bất-chấp-tất-cả;1
bảy-ngày;1
bảo-đảm;1
bảo-đại;1
bảo-đãm;1
bảo-tồn;1
bảo-trung-hưng-linh-phò;1
bảo-toàn;1
bảo-lộc;1
bảo-lãnh;1
bảo-con;1
bảo-an;1
bản-ấn;1
bản-thảo-nằm;1
bản-thân;1
bản-quê;1
bản-một;1
bản-doanh;1
bản-dinh;1
bản-công;1
bạo-dạn;1
bạn-ông;1
bạn-trai;1
bạn-người;1
bạn-em;1
bạn-con-trai;1
bạn-bĩu-môi;1
bại-vong;1
bạch-đằng;1
bạch-đạo;1
bạch-kim;1
bạch-hổ;1
bướm-hoa;1
bơn;1
băng-đô;1
băng-ron;1
băng-la-đét;1
bút-được;1
bút-bút;1
búp-bê;1
bùi-đình-diệm;1
bông-trồng;1
bông-dzua;1
bông-dua;1
bôn-xê-vích;1
bôn-sê-vich;1
bôi-sen-cô;1
bô-đê-ga;1
bô-za;1
bô-rô;1
bô-men;1
bô-hê-miêng;1
bói-nhưng;1
bít-tết;1
bít-qui;1
bíp-bờ;1
bích-qui;1
bích-la;1
bí-để;1
bí-vỏ;1
bí-truyền;1
bình-điền;1
bình-vương;1
bình-trị-thiên;1
bình-thằng;1
bình-thường-như-thế;1
bình-pai;1
bình-nhân;1
bình-một;1
bình-léon;1
bình-lân;1
bình-khá;1
bình-an;1
bên-bên;1
bêch-ken-bao-ơ;1
bê-tô;1
bê-rê;1
bê-bựa;1
bê-ba-xu;1
béc-tôn;1
béc-na;1
béc-man;1
bé-không;1
bé-anh;1
bè-đồng;1
bã³ng;1
bãi-biển;1
bátx-tốt;1
bát-nhã;1
báp-tix-ta;1
báo-đáp;1
báo-hiệu;1
bánh-trái;1
bán-mua;1
bác-ái;1
bác-tin;1
bác-cháu;1
bác-bỏ;1
bá-di;1
bành-trướng;1
bàng-phi;1
bàng-hoàng;1
bàn-quảng;1
bàn-ngón;1
bài-mục;1
bài-hoặc;1
bà-ni;1
bà-chiểu;1
bà-ba;1
bye-bye;1
buồn-nếu;1
buồn-khỏe-ốm;1
buối-sáng-chẳng-mấy-bình-yên;1
buyt-xơ;1
butte-aux-cailles;1
bush-cheney;1
bung-xung;1
bun-việt;1
bu-đi-ô-nô;1
bu-văn;1
bu-ting;1
bu-rkin;1
bu-phét;1
bu-dông;1
bromeliad-neoregelia;1
brilliant-lời;1
break-up;1
break-time;1
break-room;1
break-free;1
brain-drain;1
bra-vô;1
bottom-up;1
boong-ke;1
bom-bác-đê;1
bom-bo;1
bolzano-giáp;1
bo-đì;1
bo-xit;1
bo-giao-duc-at-muc-tieu-oi-moi-bang;1
bo-bo;1
blốc-ghơ;1
blue-chips;1
blogger-con;1
blog-hữu;1
blog-hữu;1
bl-h;1
bkh-kcn;1
biệt-đội-trưởng;1
biệt-phái;1
biệt-nguyễn-phan-quang-bình;1
biệt-kích-dù;1
biệt-hiệu;1
biệt-bye;1
biện-pháp;1
biện-minh-bàn-cãi;1
biểu-tượng;1
biểu-lộ;1
biểu-hiệu;1
biển-ngàn;1
biến-đổi;1
biến-thiên;1
biến-kinh;1
biến-cố;1
biên-địa;1
biên-tường;1
biên-thùy;1
biên-phòng;1
bit-ki-ni;1
bit-ba-bon;1
binh-đoàn;1
binh-đao;1
binh-xã;1
binh-phong;1
binh-khí;1
binh-hùng;1
binh-gia;1
bin-đing;1
billion-dollar;1
big-babol;1
bi-đát;1
bi-tắc;1
bi-rain;1
bi-quan;1
bi-nhưng;1
bi-lác-đô;1
bhai-bhai;1
bgd-trung;1
bft-h;1
bethlehem-điều;1
beta-reader;1
beta-hcg;1
beta-glycane;1
beta-carotene;1
besnard-shaw;1
berman-tôi;1
beiyinyangin-xuejiagang;1
bed-in;1
bec-gôn-nữ;1
beaux-art;1
bea-vcci;1
be-do-how;1
bayh-dole;1
bau-xít;1
basement-hầm;1
barthes-nhà;1
barro-gordon;1
barcelona-đội;1
bao-trùm;1
banh-tồ;1
bangladesh-ấn;1
bandar-log;1
ban-tich;1
ban-mê-thuột;1
ban-lki-mun;1
ban-két;1
ban-ki-mun;1
ban-căng;1
balkan-midle;1
baku-san;1
baking-soda;1
baking-powder;1
bail-out;1
baden-wuertenberg;1
background-position;1
back-up;1
back-to-school;1
back-link;1
back-end;1
baby-oil;1
ba-ảo;1
ba-đờ-xuy;1
ba-đình;1
ba-zu-ka;1
ba-tụi-nó;1
ba-tư;1
ba-trăm-đồng;1
ba-tháng-không-anh;1
ba-ri-ốt;1
ba-mươi-mốt;1
ba-mươi;1
ba-liu;1
ba-lan;1
ba-la-đề-mộc-xoa;1
ba-la-lai-ca;1
ba-la-chi-trợt;1
ba-dan;1
ba-da;1
ba-cái;1
ba-cau-chuyen-ve-cai-ngheo;1
ba-bốn-năm;1
ba-bước;1
ba-búc;1
aái-châu;1
azuchi-momoyama;1
ayase-chan;1
axêtil-côenzim;1
ax-shop;1
aux-in;1
auto-transplantation;1
auto-stop;1
auto-colonialist;1
aun-qa;1
audoin-rouzeau;1
au-xin;1
atr-performance;1
at-able;1
assurance-tại;1
asie-océanie;1
asean-nhật;1
arrow-debreu;1
arms-tass;1
aries-virgo;1
aries-sagittarius;1
aries-leo;1
aries-cancer;1
aries-aries;1
argentina-brazil;1
archbishop-elect;1
arata-san;1
apollo-soyouz;1
ap-lục;1
antonin-poncet;1
anti-torque;1
anti-thì;1
anti-teen;1
anti-suicide;1
anti-stress;1
anti-patriot;1
anti-ndungtuan;1
anti-market;1
anti-hollywood;1
anti-cách;1
anti-corupption;1
anti-communist;1
anti-chinese;1
ans-le;1
anne-marie;1
annamitico-latinum;1
annam-latinh;1
anh-điêng;1
anh-và;1
anh-tự;1
anh-tẹc-net;1
anh-trong-tim-em;1
anh-rất-bực-em;1
anh-quảng;1
anh-ngữ;1
anh-linh;1
anh-jaejoong;1
anh-con;1
anh-chị;1
anh-cao-lê;1
anh-anh;1
andré-george;1
anb-ambro;1
analyze-descriptive;1
an-ủi;1
an-đờ-riu;1
an-đa-hít;1
an-đa-hit;1
an-vin;1
an-trụ;1
an-ten;1
an-phơ-rết;1
an-nhàn;1
an-nan;1
an-n;1
an-mi;1
an-j;1
an-hội;1
an-hà;1
an-hn;1
an-giê-ria;1
an-bình;1
an-bom;1
amtel-vredestein;1
ampac-usa;1
amano-sensei;1
am-tường;1
alpha-ketoglutarate;1
almasry-alyoum;1
albert-camus;1
al-tháng;1
al-rubaie;1
al-queda;1
al-qeada;1
al-obiedi;1
al-nasser;1
al-misrati;1
al-maliki;1
al-madayin;1
al-jfara;1
al-habsi;1
al-bassad;1
al-bashir;1
al-aziziya;1
al-arabiyya;1
al-arabiya;1
al-aqsa;1
akira-kurosawa;1
akinobu-san;1
akaike-kun;1
akai-quà;1
aids-tổng;1
ai-đồ;1
ai-đôn;1
ai-xơ-len;1
ai-tôi;1
ai-nhĩ-lan;1
ai-cũng-không-quên-ngày-sinh;1
ai-cũng-biết-là-ai;1
ai-cũng-biết;1
ai-chắc;1
aghion-howitt;1
afghanistan-pakistan;1
adnh-tr;1
adnh-qu;1
adn-restrictaza;1
adn-ligaza;1
addơ-rét;1
ad-lib;1
acemoglu-robinson;1
abu-sharif;1
abstract-empressionism;1
abs-cbn;1
abdul-jalil;1
abdul-aziz;1
aa-trừ;1
aa-cộng;1
ưu-khuyết;0
ưn-hê;0
ơi-nó;0
ĩnh;0
đừng-làm-ba-cái-trò-bằng-mặt-không-bằng-lòng-nha-hết-sức-chịu-đựng-rồi-đó;0
đừng-có-ở-đó-mà-oán-trách-hay-than-thở-gì-cả;0
đức-đồng;0
đức-tây;0
đức-tphcm;0
đức-quốc;0
đức-italia;0
đức-chủ;0
đức-châu;0
đời-ing;0
đời-ed;0
đờ-út-đút-nặng-đụt;0
đờ-rim;0
đờ-bươi;0
đờ-boy;0
động-fim;0
động-chánh;0
độc-thân-quyến-rũ;0
độ-asean;0
đồng-pv;0
đồng-mức;0
đồng-hương;0
đồng-con;0
đồ-rê-mi-pha-sol;0
đồ-lùg;0
đốc-do;0
đỏ-đen-bạc;0
đỏ-đen;0
đỏ-vàng;0
đỏ-trắng;0
đỏ-sama;0
đỏ-chí;0
đọc-được-mà-hiểu;0
đọc-tâm;0
định-phú;0
địa-lý;0
đề-pa;0
đẹp-ăn-sims-twitter;0
đẹp-khiêu;0
đẳng-tự;0
đậu-chan;0
đậu-bình;0
đập-vô;0
đẩy-ném-quăng-lùa;0
đầu-đập;0
đầu-mơ;0
đầu-ing;0
đầu-hôn;0
đầu-cổ;0
đầu-chóng;0
đần-híp;0
đấy-là-một-giấc-mơ;0
đấy-kéo;0
đất-đối-không;0
đất-sóng;0
đất-nền;0
đất-nước;0
đất-cỏ-cây;0
đất-cõng;0
đạt-quốc;0
đạt-ara;0
đạp-kéo;0
đại-phá-hoại;0
được-coi-là-vô-tội;0
đường-duy;0
đường-công;0
đức-hà;0
được-cô;0
đưm-bô-vít-xa;0
đớn-ing;0
đờ-ku;0
đơn-độc-tự-do;0
đơn-los;0
đúng-đỗ;0
đúng-kiểu-cnn;0
đúc-luyện;0
đùa-ing;0
đông-tía;0
đông-trung;0
đông-ki-sốt;0
đông-hn;0
đông-duyên;0
đông-chun;0
đôn-ea;0
đô-đa;0
đô-rê-mét;0
đô-rê-mon;0
đô-nê-xi-a;0
đô-nim;0
đô-ma;0
đô-dặm;0
đô-chuyên;0
đóng-nhả;0
đói-đói-đói;0
đó-nếu;0
đích-đến;0
đình-phụ;0
đình-mễ;0
đêm-ngày;0
đêm-mưa;0
đê-mờ;0
đê-mi-lô-va-tô;0
đê-ke-em-mờ;0
đê-e;0
đè-er;0
đãy;0
đã-xem;0
đã-rất-cao;0
đã-có-vợ;0
đã-có-ai-đó;0
đất-quần;0
đây-tớ;0
đây-ht;0
đâu-trời;0
đâu-toàn;0
đâu-ra-đấy;0
đát-rai;0
đáo-lễ;0
đám-cưới-không-kpop;0
đách;0
đá-chết;0
đào-đồng;0
đàm-hà;0
đà-ing;0
đuy-xen-đóp;0
đuy-ra;0
đu-san-be;0
đu-lát;0
đth-đth;0
đth-mp;0
đt-tm-dl;0
đt-khtc;0
đoàn-hội;0
đoan-phátxít;0
điện-than;0
điện-nước;0
điện-kinh;0
điện-hội;0
điện-hiệu;0
điện-cúp;0
điều-mà-ai-cũng;0
điền-kara;0
điện-điện;0
điện-nổi;0
điên-nữ;0
điên-nữ;0
điên-ni;0
điên-ing;0
điên-em;0
điu-ờ;0
đi-ô-xin;0
đi-voa;0
đi-rich-lê;0
đi-quá-nhiều;0
đi-giây;0
đh-sđh;0
đh-cđ-thcndn;0
đgth-mp;0
đẹp-zai-quá-mức-cho-phép-thế-chứ;0
đen-váy;0
đen-thật;0
đe-sang;0
đbp-tp;0
đbp-t;0
đạt-người;0
đam-ngôn;0
đa-ubnd;0
ănđêm-ing;0
ăng-ti;0
ăn-ngủ;0
ăn-ngủ-onl-đi;0
ăn-ngủ-chơj;0
ăn-ngủ-chơi;0
ăn-ing;0
ăn-hiếp;0
ăn-chơi-xả-láng;0
ýt-t;0
út-tập;0
út-ta;0
úp-đây;0
úp-na;0
ùn-ni;0
ộp-pa;0
ố-mới;0
ôxy-ôzôn;0
ôxi-hóa;0
ôngfrancois-marie;0
ôm-xoa;0
ôm-vỗ;0
ôm-phản-lao-ra-biển;0
ôm-nhảy;0
ôm-lăn;0
ói-ing;0
ðờ-róc-ba;0
ðờ-póc-ti-vô;0
ðờ-lát;0
ðờ-giô-cô-vích;0
ðơ-bin;0
ðông-tây;0
ðông-nam;0
ðô-mi-ních;0
ðô-li-na;0
ðô-ha;0
ðóc-mun;0
ðê-vôn;0
ðê-vít;0
ðê-li;0
ðê-ghê-a;0
ðuyếc-vin;0
ðuy-ma;0
ðu-sê-vi-na;0
ðu-me;0
ðu-ma;0
ðin-ma;0
ði-y-a-la;0
ða-vít;0
ða-vu-tô-glu;0
ða-rôn;0
ða-ni-ên;0
ða-ni-en;0
ða-mát;0
ða-ma-van;0
ða-lát;0
ða-bi;0
ít-giác-li;0
ít-dắc;0
ìn;0
ếch-cám;0
ên-đriu;0
ét-vê;0
ét-trô-gien;0
ét-sừ-em-thôu;0
ét-nai;0
ét-em;0
ép-ích;0
ép-phê;0
ép-phen;0
ép-du-xi-kây;0
éo-ing;0
ấy-người;0
ây-xơn;0
ây-len;0
ây-ieps-ét;0
ân-đờ-oe;0
ân-tgđ;0
âm-đạo;0
âm-thiên;0
âm-ly;0
át-xát;0
át-tơn-bơ;0
át-ti-là;0
át-ti-a;0
át-ta-pư;0
áp-đun-la;0
áp-xe;0
áp-phe;0
áp-kha-di-a;0
áp-ga-ni-xtan;0
áp-bát;0
áp-ba-si-a;0
áo-như-nùi-giẻ;0
áo-giựt;0
ánh-gia;0
ám-bờ;0
ái-đờ;0
ách-xì;0
ác-xơ-nan;0
ác-quy;0
ác-mô-ni-ca;0
zồ-man-tịch;0
zơ-rượt;0
zùzú-chan;0
zô-mi;0
zô-bớt;0
zuno-shi;0
zu-chan;0
zoé-sama;0
zitmo-phiên;0
zin-gi-ba-in;0
zic-zắc;0
zi-cạc-đô;0
zhijun-người;0
zeta-look-a-like;0
zero-day;0
zenit-benfica;0
zapchas-a;0
zai-kute-hiền;0
za-ua;0
yến-quỷ-lùn;0
yến-nguyễn;0
yú-rì;0
yêu-vô-cùng;0
yêu-ul;0
yêu-niềm;0
yêu-ed;0
yêu-cupid;0
yên-giám;0
yyk-er;0
yuri-yaoi;0
yuntae-ssi;0
yunnie-mat-hi-moi-tre;0
yunjae-ver;0
yunjae-thứ;0
yunjae-shipper;0
yunho-sunbaenim;0
yung-yan;0
yung-woo;0
yung-jan;0
yun-kyum;0
yun-jin;0
yun-jae-chun;0
yul-soo;0
yuki最爱赫j澈;0
yuchun-triệu;0
yuan-tsung;0
yu-tung;0
yu-ri;0
yu-ma-la;0
yu-hung;0
yu-chơn;0
yu-chan;0
yt-tc;0
youuuuuuuuuuuuuuuuuuuuuuuuuuuuuuuuuuuuuuuuuuuuuuuuuuuuuuuuuuuuuuuuuuuuuuuuuuuuuuuuuuuuuuuuuuuuuuuuuuuuuuuuuuuuuuuuuu;0
youuuuuuuuuuuuuuuuuuuuuuuuuuuuuuuuuuuuuuuuuuuuuuuuuuuuuuuuuuuuuuuuuuuuuuuuuuuuuuuuuuuuuuuuuuuuuuuuuuuuuuuuuuuuu;0
youngmin-ah;0
youngie-ah;0
young-tae;0
young-sun;0
young-min;0
young-hak;0
young-cheol;0
you-without;0
you-sằng;0
you-superjunior;0
you-s;0
you-aholic;0
yotsuba-chan;0
york-los;0
yoosu-junseob;0
yoon-x;0
yoo-jin;0
yonghwa-alex;0
yong-rim;0
yong-nam;0
yong-hyun;0
yong-hui;0
yong-hong;0
yong-chun;0
yon-ho;0
yo-ok;0
yo-chan;0
yo-car;0
yo-bu;0
ymjet-fi;0
ylva-maria;0
yj-shipper;0
yj-love;0
yin-yang;0
yh-list;0
yg-stans;0
yg-life;0
yey-tuc;0
yewook-ism;0
yeu-ing;0
yesungie-yah;0
yep-pu-ta;0
yeoung-su;0
yeo-jong;0
yen-hsun;0
yeeun-impact;0
year-old;0
year-end;0
yeah-me;0
ye-x;0
ye-jin;0
yà-ôi;0
yat-chan;0
yasusu-sensei;0
yaoi-dammei;0
yaoi-chan;0
yao-i;0
yangnyeom-manager;0
yang-yop;0
yang-pyong;0
yang-canh-cúc;0
yana-ss;0
yamdrok-sto;0
yamashita-san;0
yamanote-sen;0
yamaha-motor;0
yamaguchi-gumi;0
ya-ya-yah;0
ya-xù-xù;0
ya-tho-tu;0
ya-hassan;0
xụp-rai;0
xợt;0
xỡ;0
xờ-côi;0
xớp;0
xộp;0
xồn;0
xốp-ki-sên;0
xỏng;0
xỉu-ing;0
xẽo;0
xẹc-si;0
xắm;0
xấu-hơn-mọi-khi;0
xấu-bên-nhau;0
xạp;0
xương-trường;0
xưa-mỹ;0
xưa-ing;0
xơ-un;0
xơ-mít;0
xăng-pha-nhớt;0
xăng-không;0
xăm-mi-heo;0
xú-chan;0
xôn-ta-ni-ê;0
xô-phia;0
xô-phi-a;0
xô-mỹ;0
xô-ma-li-a;0
xô-lây-ma-ni;0
xóp;0
xói-xấu-xí;0
xít-mân-xa-ry;0
xì-tát;0
xì-trum;0
xì-teen;0
xì-ta;0
xì-pên;0
xì-phé;0
xì-pem;0
xì-pam;0
xì-mai;0
xì-lô-gan;0
xì-kai;0
xì-dách;0
xê-xin;0
xê-phê-na-thát;0
xéc-măng;0
xéc;0
xâu-mết;0
xáy;0
xác-cô-di;0
xào-nui;0
xào-cơm;0
xà-lùng;0
xy-xtơ-rôm;0
xy-ri;0
xy-lanh;0
xx-xxi;0
xx-line;0
xuống-hun;0
xuất-kinh;0
xù-chan;0
xuân-người;0
xuân-hạ-thu-đôg;0
xuân-hà;0
xuynh;0
xun-nít;0
xum-xki;0
xue-xing;0
xu-đăng;0
xu-đa-ta-oa;0
xu-ít;0
xu-xi-lô;0
xu-vông;0
xu-tan-tô;0
xu-bô-ua;0
xu-bu-gu;0
xtê-rô-ít;0
xtra-cal;0
xti-ê-ling;0
xti-glít;0
xoăn-tít-tu-gây-bát;0
xoác;0
xong-việc-rồi;0
xoay-phương;0
xoa-chu;0
xo-lâu;0
xo-ghi-xò-ghí;0
xnl-heart-ul;0
xn-tncn;0
xlr-v;0
xla-vơ;0
xkr-s;0
xì-tin;0
xì-ke;0
xì-căng-đan;0
xinh-ga-po;0
xin-va;0
xin-na-vắt;0
xim;0
xial-junsu;0
xiah-hyuk;0
xi-ếch;0
xi-đa-phôn;0
xi-xu-lít;0
xi-xiv;0
xi-téc;0
xi-trum;0
xi-troet;0
xi-tret;0
xi-tin;0
xi-ti;0
xi-ten;0
xi-tai;0
xi-rô;0
xi-ri-a;0
xi-man;0
xi-li-côn;0
xi-ha-mô-ni;0
xi-bê-ri;0
xh-tt;0
xẹc-xy;0
xem-học;0
xec-xi;0
xec-pan-xki;0
xe-ôm;0
xe-vào;0
xe-pv;0
xe-non;0
xe-ing;0
xe-dịch;0
xe-co-gioi-gay-tai-nan-khong-co-loi-van-phai-boi-thuong;0
xd-tm;0
xd-dvkt;0
xd-dv;0
xcốt-len;0
xcăng-đi-na-vi;0
xcan-đan;0
xá-xã;0
xavi-fabregas;0
xavi-busquets-iniesta;0
xanh-đỏ;0
xanh-đậu;0
xanh-trứng-hồng;0
xanh-trứng;0
xanh-trắng;0
xanh-sạch-đẹp;0
xan-xcrít;0
xan-tô-xô;0
xan-ti-a-gô;0
xam-đô-ri-a;0
xam-xơn;0
xai-mơn;0
xa-đa;0
xa-mu-en-sơn;0
xa-minh;0
xa-lê-hi;0
xa-lê;0
xa-lat;0
xa-la-hát-đin;0
xa-hoi;0
xa-dang-hê-zô;0
xa-côn;0
xa-anh;0
wright-phillips;0
wright-phillip;0
wright-philips;0
wp-content;0
wp-config;0
work-data;0
word-by-word;0
woonie-yah;0
wookie-tịt;0
wook-sung-hen;0
wook-actor;0
woo-suk;0
woo-ik;0
wonnie-yah;0
won-wook-min-kyu;0
won-sú;0
won-ssi;0
won-soon;0
woman-being;0
wolls-chapels;0
wk-shippers;0
with-k;0
wissenschaftssprache-deutsch;0
wish-list;0
win-spoil;0
wifi-only;0
wide-screen;0
who-gacp;0
who-aa;0
white-black;0
wha-what;0
wha-le;0
wgc-accenture;0
weston-super-mare;0
west-lb;0
were-rabbit;0
weo-cum;0
well-edited;0
well-being;0
weekes-shackelford;0
wed-thu;0
webserver-website;0
web-mail;0
web-based;0
wealth-x;0
weak-hearted;0
wb-ifc;0
wá-chog;0
way-go;0
wax-cellence;0
watase-ss;0
washington-các;0
wan-tien;0
wan-ifra;0
wan-chan;0
wallonie-bruxelles;0
wallonia-brussels;0
wall-mart;0
wali-ur-rehman;0
wake-up;0
wait-er;0
wa-y;0
vụ-thương;0
vợ-chồng-con;0
vời-bị;0
vờ-ép-ép;0
vờ-pờ-ép;0
vờ-lờ;0
vỏng;0
vỏ-tôi;0
vọng-tự;0
vịt-vợ;0
vịnh-hạ-long;0
vền;0
về-về-không;0
về-không;0
vẽ-ing;0
vẻ-ngoài-đứng-đắn;0
vẻ-mạnh;0
vậyt-t;0
vậy-nếu-có;0
vật-được-quan-sát;0
vẫy-tay;0
vẩy-tay;0
vảy-tay;0
vở-ing;0
vớ-vẩn;0
vờ-tu;0
vơ-đét;0
vơ-not;0
vơ-ni-dơ;0
vơ-gi-ni-a;0
vũ-đạo-ko-phù-hợp;0
vũ-lưu;0
vănt-t;0
văn-vẽ-vẽ;0
văn-thực;0
văn-sử-địa;0
văn-nhà;0
văn-lí;0
văn-lý;0
văn-hóa;0
văn-er;0
văn-anh;0
võ-thuật-đầy-mình;0
vô-tình-bị-từ-chối;0
vô-sản;0
vô-ra-vi;0
vô-lê;0
vô-dơ-ni-ác-ki;0
vô-cùng-tỉnh-táo;0
vít-bánh;0
vích-to;0
ví-là;0
vì-xuân;0
vê-tân;0
vê-nê-xu-ê-la;0
vét-ten;0
vép-bơ;0
vé-mua;0
vã-li;0
vâng-mới;0
vân-cầu;0
váy-nào-cũng-xấu;0
vào-bán;0
vàng-đen;0
vàng-ðen;0
vàng-trầm;0
vàng-ngố;0
vàng-ghi;0
vài-trăm-trấm;0
và-chỉ-muốn-vứt-hết;0
vy-đrốt;0
vvt-i;0
vuong-vingroup;0
vui-khỏe;0
vui-buồn;0
vua-tương;0
vtb-khẳng;0
vt-cntt;0
vt-bht;0
vsh-hsx;0
vpvp-ktn;0
vpf-vff-avg;0
vpcp-đmdn;0
vpcp-v;0
vpcp-tccv;0
vpcp-ktn;0
vpcp-kntn;0
vpcp-kgvx;0
vp-vhkg;0
voronezh-dm;0
volturi-những;0
volley-view;0
voi-tịnh;0
vo-om;0
vnpt-ca;0
vn-ông;0
vn-zôm;0
vn-zoxx;0
vn-z;0
vn-singapore;0
vn-qte;0
vn-pv;0
vn-pro;0
vn-nhật;0
vn-news;0
vn-myr;0
vn-malay;0
vn-macau;0
vn-indo;0
vn-idol;0
vn-fanbase;0
vn-ese;0
vn-directioners;0
vn-có;0
vn-cpc;0
vms-mobifone;0
vla-đi-vô-xtốc;0
vk-vln-ccht;0
vk-ck;0
việt-đức;0
việt-trung-triều-mông;0
việt-tiệp;0
việt-sing;0
việt-nhật;0
việt-nga;0
việt-miên;0
việt-hàn;0
việt-hy;0
việt-hoa-pháp;0
việt-chăm;0
việt-an;0
viện-ing;0
vì-ing;0
việt-nhật;0
việt-hàn;0
việt-an;0
viên-biên;0
vitamin-m;0
vit-hair;0
virginian-pilot;0
vip-pop;0
vip-elf;0
vinh-quang;0
vinh-ptgđ;0
vinh-một;0
vinh-hn;0
vinaconex-itc;0
vinaconex-ict;0
villa-boas;0
vigh-larsen;0
viettel-ca;0
vietnamese-my;0
vietnamese-korean;0
vietnam-the;0
vietnam-nhà;0
vietnam-korea;0
vietnam-japan;0
vietnam-elfs;0
vietnam-elf;0
vietnam-e;0
vietnam-chan;0
vietnam-cat;0
viet-xo;0
viet-transcript;0
viet-trans;0
viet-sub;0
viet-nhat;0
viet-indo;0
viet-han;0
viet-evn;0
viet-engtrans;0
vientiane-lào;0
vieng-luang;0
vie-t;0
video-door;0
video-camera;0
victor-sshi;0
victor-goon;0
victor-bwf;0
vicky-xinh-dữ-dội;0
vice-admin;0
vi-ô-lét;0
vi-tinh-vien-thong;0
vi-swooners;0
vi-siếc;0
vi-pốp;0
vi-mo-fone;0
vi-lơ-panh;0
vi-lovers;0
vi-hia;0
vi-en-pi-teo;0
vi-déo;0
vi-ba;0
vhvn-tdtt;0
vhf-dsc;0
vh-tt-du;0
vh-tdtt;0
vff-cúp;0
vff-cup;0
vff-avg-vpf;0
vff-avg;0
ver-c;0
venezuela-brazil;0
venera-d;0
ven-giơ;0
veltins-arena;0
ve-l-f;0
vcb-sms;0
vcb-phone;0
vcb-ib;0
vcb-etopup;0
vay-tay;0
vaughn-ueda;0
vanh-xi;0
van-đéc-xa;0
van-van-van-fap-fap;0
van-pơ-si;0
van-cu-vơ;0
van-cu-tí-vơ;0
value-added;0
vai-ku-lê;0
vai-hai;0
vac-xin;0
va-đam;0
va-ni;0
va-ly;0
va-len-xi-a;0
va-len-tyn;0
va-le-ry;0
uống-ngồi;0
uốn-éo;0
uýt-ki;0
uôn-ni;0
uây-cum;0
uyên-sa;0
uyn-nếc;0
uyenlinh-mania;0
uy-xcôn-xin;0
usd-index;0
usb-a;0
us-uk;0
us-elf;0
us-cert;0
uru-chan;0
ursa-s;0
upside-down;0
up-star;0
up-side-down;0
up-er;0
unmake-up;0
uni-town;0
uni-president;0
uni-fairy;0
uni-cp;0
ung-yong;0
un-đỡ-able;0
un-đỡ-able;0
un-tweet;0
un-original;0
un-official;0
un-offfical;0
un-off;0
un-habitat;0
un-follow;0
un-fl;0
un-finished;0
un-edisactcuscar;0
umma-gah;0
umi-chan;0
ulan-ude;0
ukraine-pháp;0
ukraine-ba;0
uk-us;0
uhm-hum;0
uh-hu;0
ueto-san;0
ueda-kun;0
ubuntu-vn;0
ubtc-ns;0
ubnd-đtmt;0
ubnd-xdđt;0
ubnd-xdcb;0
ubnd-vx;0
ubnd-tnmt;0
ubnd-tckh;0
ubnd-sx;0
ubnd-kt;0
ubnd-hà;0
ubnd-gt;0
ubnd-ct;0
ubnd-cn;0
ubck-gcn;0
ub-qlđt;0
uamh-binn;0
tỷ-đệ;0
tự-trị;0
tự-gọi-mình-là-elf;0
tử-vôn;0
tử-viễn;0
tử-sanh-đường;0
tử-máy;0
tử-bạn;0
từ-bây-giờ;0
tờ-ráng;0
tờ-quít-tơ;0
tờ-holic;0
tờ-giấy-trắng;0
tớ-cậu;0
tốp-ma-xi-an;0
tố-cellulite;0
tỉnh-thành;0
tết-xuân;0
tế-tài;0
tế-tiền;0
tế-ngân;0
tế-luật;0
tế-giá;0
tế-bán;0
tẻm;0
tặc-giăng;0
tắt-khởi;0
tắm-ing;0
tất-lẽ-dĩ-ngẫu;0
tất-cả-trong-một;0
tất-cả-mọi-thứ-liên-quan-đến;0
tấc-sora;0
tả-pí-lù;0
tạo-suy;0
tại-tươg;0
tại-sao-không-xem-cho-tôi-với;0
tượng-tiền;0
tượng-thần;0
tượng-hay;0
tường-t;0
tường-khóc;0
tựki-ing;0
tượng-ing;0
tươi-lý;0
tư-xây;0
tờ-rinh;0
tơ-rê-vin;0
tơ-ri-pa-thi;0
tơ-ren-xơ;0
tơ-ran-xtơ-rô-mơ;0
tũm;0
tđ-kt;0
tăm-bờ;0
tăm-bờ-lờ;0
tý-có;0
tú-đoàn;0
tú-đ;0
tú-xuân;0
tú-người;0
tú-minh;0
tùng-h;0
tông-xuyệt-tông;0
tôm-ing;0
tôi-được;0
tôi-zé;0
tôi-thật-sự-muốn-nôn-ngay-lập-tức;0
tôi-southwest;0
tôi-rèn;0
tôi-muốn-đấm-vào-măt-con-nhỏ-đó;0
tôi-ko-xứng;0
tôi-không-muốn-ngồi-ị-trong-nhà;0
tôi-bạn;0
tô-rê;0
tô-my;0
tô-lét;0
tô-ky-ô;0
tô-ki-ô;0
tô-hô-cư;0
tô-bơ;0
tô-bin;0
tóc-quấn;0
típ-lẩm;0
tín-nhà;0
tín-hà;0
tích-cực-và-mệt-mỏi-lắm-nhỉ;0
tìm-từ;0
tì-ni-đa-lưu-chi;0
tết-đại;0
tết-du;0
tết-dọn;0
tết-chuẩn;0
tênh-bờ;0
tên-mặt;0
tê-vơ-nê;0
tê-ung;0
tê-ra-thon;0
tê-lê-phê;0
tê-ka;0
tê-hê-ran;0
tê-cuôn-đô;0
tã³c;0
tã-thế;0
tập-ăn;0
tập-ing;0
tây-rừng;0
tây-ba;0
tân-thành;0
tân-nội;0
tân-nguyên;0
tâmtrí-thânthể-tinhthần;0
tâm-tỳ-thận;0
tâm-nhìn;0
tát-xi-nhi;0
tát-gi-ki-xtan;0
táp-lô;0
táp-ed;0
tám-ngã;0
tách-nhập-sở;0
tách-nhập;0
tá-tụy;0
tàu-đánh-tàu;0
tàu-hoa;0
tàn-ác;0
tài-tiếu-tuyệt;0
tài-gái;0
tà-xi;0
tà-vẹt;0
tà-hahahahahaha;0
tzu-yaw;0
ty-để;0
ty-pô;0
twt-er;0
two-shots;0
twitzer-twitter;0
twitter-wannabe;0
twitter-nhà;0
twitter-er;0
twitter-chan;0
twitter-aholics;0
twitter-aholic;0
twins-turbo;0
twin-turbocharged;0
twin-turbo;0
twi-light;0
twenty-foot;0
tweetにだくさん教えて下さい;0
tw-ăn;0
tvxq-fcvietnam;0
tvxq-dbsk-thsk;0
tv-xd;0
tuổi-vĩnh;0
tuổi-bắc;0
tuốc-mê-ni-xtan;0
tuốc-bin;0
tuệch;0
tuấn-đình;0
tuấn-trần;0
tuấn-long;0
tùng-tụ;0
tuýt-tờ;0
tuýt-tơ;0
tuýt-ing;0
tuổi-e;0
tuyen-dung;0
tuy-ni-di;0
tuy-lip;0
tuttle-mori;0
turn-back-time;0
turbo-diesel;0
tung-ing;0
tum-rosie;0
tum-james;0
tuki-ing;0
tui-người;0
tuc-ki;0
tua-vít;0
tua-vit;0
tua-lè-giua;0
tu-mát;0
tu-mo-rồ;0
tu-lông;0
tu-lu-dơ;0
tu-lip;0
ttxh-catp;0
ttxh-ca;0
tttp-th;0
ttlt-byt-bhxh;0
ttlt-btp-bca-tandtc-vksndtc;0
ttlt-bcvt-vhtt-ca-khđt;0
ttlt-bca-bng;0
ttgt-đt;0
ttg-qhqt;0
ttg-cn;0
ttav-cv;0
ttav-av;0
tt-ttchỉ;0
tt-tlđ;0
tt-dl;0
tt-byt;0
tt-bxd;0
tt-bvhttdl;0
tt-btttt;0
tt-btp;0
tt-btm;0
tt-blđtbxh;0
tt-bgtvt;0
tt-bca;0
tsuna-kun;0
ts-ls;0
ts-kts;0
trừa;0
trủ;0
trờn;0
trời-ơi-ta-hận;0
trời-nim;0
trời-mặt;0
trời-ing;0
trớp;0
trọng-mọi;0
trị-hành;0
trị-an;0
trếch;0
trẽ;0
trẻ-ốm-men;0
trằm;0
trắng-đen;0
trắng-xanh;0
trắng-tạm;0
trắng-k-tì-vết;0
trậm;0
trầm-trung-bổng;0
trưỡng;0
trưởng-trường;0
trưởng-nim;0
trưởng-chủ;0
trường-đà;0
trường-xã;0
trường-nhà;0
trường-họp-về;0
trường-bí;0
trước-mức;0
trắg-đỏ;0
trắg-đen;0
trắg-tím;0
trúm;0
trúc-ngũ;0
trúc-giám;0
trò-chơi-của-các-thiên;0
trít-xờ-tần;0
trít;0
tríp-bồ;0
trí-đức;0
trí-viện;0
trình-thể;0
trình-nhạc;0
trên-mức-bình-thường;0
trê-vi-lơ;0
trém;0
tréc-nô-bưn;0
trèn;0
trãi-lê;0
trân-trính;0
trân-phố;0
trà-sữa-pạt-ty;0
truyện-ing;0
trung-tây;0
trung-pháp;0
trung-ngõ;0
trung-nam-bắc;0
trung-indo;0
trung-hàn;0
trung-dài;0
trung-cao;0
true-prim;0
true-false;0
truck-tour;0
tru-bít-xi-na;0
troy-vanessa;0
trouble-maker;0
trong-kham;0
trojan-ss;0
troitsk-pechersk;0
triệt-linh;0
triển-xã;0
triều-mỹ;0
trị-kinh;0
trinidad-tobago;0
trinh-minh;0
trinh-duc;0
trinh-bạch;0
trial-mod;0
trial-listening;0
trial-listen;0
tri-zen;0
tri-ring;0
tri-metal;0
tri-angle;0
tri-angel;0
tri-al;0
tri-a-đi;0
trẻ-máy;0
treo-vientiane-vang;0
trend-setter;0
tree-j;0
tre-rép-cốp;0
tre-len-ba;0
tre-ing;0
travel-mate;0
trans-or;0
trans-er;0
trans-cont;0
trang-điểm-thật-đẹp;0
trang-thành;0
trang-sờ-phục;0
trang-lịp;0
trang-ing;0
trang-diem;0
trang-chan;0
trang-bộ;0
tran-treo;0
traitors-u;0
trai-con;0
tra-phớt;0
tra-công;0
tq-kr-jp-irac-iran;0
tphcm-đồng;0
tphcm-quy;0
tp-link;0
tóc-done;0
toèn;0
toán-văn;0
toán-lý-hóa;0
toán-lý-anh;0
toán-lý;0
toàn-đkvđ;0
toàn-biệt-thự;0
toyota-tesla;0
townsend-greenspan;0
toure-keita;0
touch-screen;0
toto-sama;0
tot-to-chan;0
topol-m;0
top-globis;0
tooc-nor;0
tony-scary;0
ton-sur-ton;0
tomorow-my;0
tommy-consultant;0
tommaso-gđ;0
tomiko-chan;0
tom-skype;0
tom-ly;0
tokyo-seoul;0
tokyo-osaka;0
tokyo-mitsubishi;0
tokyo-haneda;0
toki-kun;0
tohoshinki-the;0
toét-tờ;0
toe-kéo;0
toe-hill;0
toan-sinh;0
to-tay;0
to-không;0
to-do;0
tnhh-tm-dv;0
tnhh-mtv-tm;0
tnhh-mtv;0
tm-xnk;0
tm-xd;0
tm-sx;0
tm-mt;0
tl-ul-hl;0
tl-hn;0
tiền-mỹ;0
tiền-ing;0
tiết-vtv;0
tiếp-nhanh-dễ;0
tiếng-đau;0
tiếng-kaspersky;0
tía-đỏ;0
tiên-sướng;0
titan-zircon;0
titan-kronos;0
tired-day;0
tiqui-taka;0
tiqui-tacca;0
tips-dùng;0
tinh-khổng;0
tinh-dep-nhu-co-tich-cua-co-gai-khuyet-tat;0
tinh-anh-em;0
tin-tuc;0
tin-thư;0
tin-lap;0
tin-ing;0
tin-hy;0
tin-a;0
times-news;0
timed-clock;0
time-share;0
time-line;0
time-cosuming;0
time-consuming;0
tiger-grandmother;0
tie-in;0
tie-break;0
tia-sờ;0
ti-vct;0
ti-mô-thi;0
ti-mo;0
thực-sự-sống;0
thực-sự;0
thử-miêu;0
thừa-thời;0
thức-nội;0
thức-khuya-học-bài;0
thứ-mà-ai-cũng-biết-là-gì-đấy;0
thứ-không-tốt;0
thứ-buồn-cười-nhất-có-thể;0
thủy-hải;0
thụy-hải;0
thụ-đối;0
thụ-lí;0
thụ-bị;0
thợt;0
thờn;0
thờ-chỉ;0
thổ-lãnh;0
thối-ing;0
thỏa-cục;0
thọ-hồ;0
thịu;0
thề-hok-bao-h-học-tủ-nữa;0
thế-giới-ảo;0
thế-bắc;0
thẹp;0
thặc-xỉn;0
thằng-não-phẳng;0
thắt-mở;0
thắng-giám;0
thắng-bại;0
thắc-được;0
thật-đệm;0
thật-giả;0
thật-chuyên-nghiệp;0
thảo-a;0
thảm-ing;0
thượng-che;0
thưởng-kỷ;0
thương-theo;0
thương-mùa;0
thương-hay;0
thương-chấn;0
thơ-nhà;0
thơ-cáo;0
thú-vật-sở;0
thông-võ;0
thông-rạch;0
thông-du;0
thông-cntt;0
thông-bưu;0
thôi-đi-cậu;0
thôi-mà;0
thôi-k;0
thô-mát;0
thíp;0
thích-mê-nghiện;0
thích-ing;0
thíc-con-trai;0
thân-tâm;0
thân-nằm;0
thâm-mắt;0
tháo-si;0
thám-hà;0
thái-văn;0
thái-việt;0
thái-thanh;0
thái-póp;0
thành-tp;0
thành-sica-điên-dại;0
thành-nội;0
thành-nhà;0
thành-nguyễn;0
thành-láng;0
thành-chủ;0
thành-bến;0
thuật-xã;0
thuật-ctđ;0
thuận-duy;0
thuoc-an-ngu-xem;0
thu-trưởng;0
thu-thạch;0
thu-phóng;0
ths-bs;0
thong-lun;0
thomson-houston;0
thoi-trang;0
thoa-công;0
thiện-hợp;0
thiện-chan;0
thiểu-vẫn;0
thiền-ing;0
thiết-mũi;0
thiết-nhữg;0
thiên-thần-xuyên-tạc;0
this-bao-is;0
third-person;0
thiet-mui;0
thien-y;0
thien-vay;0
thien-de;0
thi-ing;0
thi-ha;0
thi-công;0
theo-ôm;0
then-kiu;0
the-us-co;0
the-forever;0
thcs-thpt;0
thành-đồng;0
thành-đoan;0
that-don;0
thanh-việt;0
thanh-ssi;0
thanh-lang;0
thanh-hữu;0
thanh-chan;0
thang-du;0
than-ks;0
tham-ma-sạt;0
tham-lam-ích-kỉ;0
thai-pt;0
thai-league;0
thai-boice;0
thae-bok;0
tha-ni;0
th-thcs;0
th-nào-đấy;0
th-nc;0
text-to-speech;0
text-link;0
teuk-sún;0
teuk-ssi;0
teuk-sora;0
teuk-khóc;0
tetra-chlorodibenzo-p-dioxin;0
ter-minasyan;0
teo-ssi;0
ten-g;0
tempel-tuttle;0
tem-plơ;0
teletubbies-aholic;0
tehrik-e;0
tehreek-e-taliban;0
teen-top;0
teen-tiếp;0
technology-lotus;0
techno-frontier;0
tech-show;0
tech-cũng;0
tech-com;0
te-vh-ct;0
te-ri;0
td-tt;0
td-quân;0
tct-cntt;0
tccg-đt;0
tc-nh;0
tc-kh;0
tbn-nam;0
tbi-li-xi;0
tb-vp;0
tb-sgdhcm;0
tb-cct;0
tb-byt;0
tb-bvhttdl;0
tb-btttt;0
tb-btc;0
tazan-girl;0
taylor-fletcher;0
taylor-burton;0
tay-ủa;0
tay-lúc;0
tay-lo;0
tay-kéo;0
tay-ing;0
tay-ha;0
tay-cắt;0
tay-chân-miệng;0
tay-chân-miệng;0
tap-chi-toan;0
tao-xí-rồi-nha;0
tao-mày;0
tao-muốn-vào-ét-tê-ba-một-chín;0
tan-ma-giơ;0
tama-chan;0
tam-meo-ri;0
tako-chan;0
takla-o;0
take-san;0
taiji-san;0
tai-mắt-miệng;0
tai-mũi-họng;0
taemin-son;0
taemin-nah;0
taegoo-addicted;0
tae-young;0
tae-min;0
tae-jin;0
tae-hee;0
tablo-ssi;0
table-tennis;0
ta-ít;0
ta-xi;0
ta-về-ta-tắm-ao-ta-dù-trong-dù-đục-ao-nhà-vẫn-hơn;0
ta-tu;0
ta-sken;0
ta-shinee;0
ta-rích;0
ta-o;0
ta-nàng;0
ta-nàg;0
ta-nghĩ;0
ta-nàng;0
ta-mj;0
ta-mi;0
ta-lần;0
ta-lông;0
ta-li-ban;0
ta-dah;0
ta-da;0
ta-co;0
ta-chi;0
ta-ca-hi-rô;0
sỹ-hoặc;0
sỹ-dj;0
sự-đương;0
sự-ra-đi-có-sắp-xếp;0
sự-năm;0
sự-ca;0
sự-an;0
sử-ing;0
sử-chẹm-xã;0
sứa-gà;0
sứ-ác;0
sụp-roai;0
sợi-sơn;0
sợ-phải-biết;0
sợ-khinh;0
sở-ngành;0
sờm;0
sờ-tu-đi-ô;0
sờ-trym;0
sờ-troong;0
sờ-pờ-rét-jyj-lớp;0
sờ-pa-i-đơ-mên;0
sờ-mờ;0
sờ-mông;0
sớt-gu-gồ;0
sốp-ping;0
sốp-pheo;0
sống-tình;0
sống-rất;0
sống-là-cho;0
sống-cuộc;0
số-kế;0
số-khhgđ;0
sọp-ping;0
sọm;0
sỉa;0
sếch-pia;0
sếc-xi;0
sẹo-scars;0
sẹc-xi;0
sắt-nhôm;0
sắp-pót;0
sắp-phờ-ling;0
sắp-chết-ing;0
sắp-bị-kiểm-tra;0
sắm-thưởng;0
sắc-beautiful;0
sấp-mặt;0
sấp-gặm;0
sạch-thật;0
sướng-line;0
sướng-ing;0
sử-sinh;0
sừng-ed;0
sướng-ing;0
sư-viện;0
sư-anh;0
sờ-care;0
sơng-kun-quan;0
sơn-vĩnh;0
sơn-quản;0
sơn-lạng;0
sơn-kiếp;0
sơn-hội;0
sơn-hạp;0
sơn-h;0
sơmi-rơmoc;0
sơ-pờ-rai;0
sơ-lốc;0
sơ-cua;0
sĩ-vệ;0
sĩ-nhạc;0
sĩ-giấy;0
săng-đan;0
săm-pết;0
súp-pờ;0
súp-pơ-men;0
súp-một;0
sún-nie;0
sốp-ping;0
sông-la;0
sôn-sắc-boi;0
sô-lôkhốp;0
sô-lô-khốp;0
sô-fa;0
sô-cô-là;0
són-elf;0
sóm;0
sóc-bị-cạo-sạch-lông-đuôi;0
sòi;0
sò-lài;0
sì-tin;0
sì-chét;0
sê-mê;0
sê-mi-na;0
sê-kông;0
sèo-kyu;0
sèo-hae;0
sâu-quấn;0
sâu-hiến;0
sâu-bệnh;0
sáu-ngã;0
sát-xi;0
sát-tội;0
sát-na;0
sáp-cát;0
sáng-đánh;0
sáng-tối;0
sáng-thiện;0
sáng-sớm-noel-noel-sáng;0
sáng-ed;0
sái-nì;0
ság-chiều;0
sách-xã;0
sách-xong;0
sách-nét;0
sác-ma;0
sác-lo;0
sàn-mức;0
sà-lách;0
szalay-berzeviczy;0
system-on-chip;0
syn-chan;0
sym-link;0
sx-tm;0
sx-kd-dịch;0
sx-kd;0
sven-olov;0
sven-goran;0
svebakk-boehn;0
sv-năm-nhất-ở-nhà-trọ;0
sv-gv-vc;0
sushi-zanmai;0
susano-o;0
survivor-bài;0
support-towel;0
superstar東方神起;0
superjunior-superman;0
super-star;0
super-lcd;0
super-handsome;0
super-gonorrhoea;0
super-generation;0
sup-sup-suppper;0
sup-bờ-chu-nhiờ;0
sunny-saem;0
sunni-syed;0
sungmin-ssi;0
sungmin-sshi;0
sungmin-holic;0
sungjin-ssi;0
sung-yong;0
sung-sung;0
sung-soo;0
sung-ngoen;0
sung-nam;0
sung-min;0
sung-lak;0
sung-lac;0
sung-kyun-wan;0
sung-kun-wan;0
sung-ha;0
sung-dép;0
sunday-felix-samson;0
sunbae-nimmm;0
sumiyoshi-rengo;0
suk-hwan;0
suju-zhoumi;0
suju-show;0
suju-n;0
suju-m;0
suju-elf;0
suju-dbsk;0
suju-có;0
suju-back-to-vn;0
suga-san;0
sub-users;0
sub-units;0
sub-team;0
sub-group;0
sub-er;0
sub-cp;0
sub-compact;0
sub-box;0
su-yong;0
su-stơ;0
su-ra;0
su-mr;0
su-mki;0
su-ma-khơ;0
su-ju-gan-da;0
su-jihyo;0
su-du-ka;0
su-du;0
su-dong;0
su-chan;0
su-cassiopeia;0
su-ah;0
stê-nơ-xen;0
stuttgart-zuffenhausen;0
study-ing;0
student-arena;0
stuart-houston;0
stress-out;0
stress-ing;0
strauss-khan;0
straus-kahn;0
strau-kahn;0
strass-kahn;0
stop-motion;0
stnmt-ttr;0
still-cut;0
steroid-hormone;0
stb-hose;0
staunton-lambert;0
startup-prison;0
start-up;0
start-stop;0
start-off;0
start-begin;0
stalker-taxi;0
st-remy;0
st-exupery;0
st-ericsson;0
st-ds;0
ssẹẹẹc-ssi;0
ss-móm;0
ss-khi;0
ss-er;0
ss-em;0
sri-in;0
src-hsx;0
sr-answer;0
square-enix;0
sqc-peo;0
spoóc-tinh;0
spider-man;0
spell-checker;0
speed-typing;0
spectr-r;0
speak-to-tweet;0
space-prince;0
spa-francorchamps;0
soạn-văn;0
són-lai;0
soyuz-u;0
soyuz-fg;0
soyu-eunhyuk;0
soyeon-unnie;0
south-sea;0
soup-pv;0
souma-sama;0
sou-chan;0
sos-cầu;0
sorry-no;0
sorry-gummy;0
soraa-shi;0
sora-unnie;0
sora-sungmin;0
sora-ssi;0
sora-san;0
sopha-ing;0
soo-san;0
soo-jin;0
soo-ah;0
sony-atv;0
song-thaek-một;0
song-thaek;0
song-kun-quan;0
sone-inter;0
sone-cass;0
son-s;0
son-môi-yêu-thích;0
son-in-law;0
sold-out;0
sok-ju;0
soccersu-twitter;0
so-won;0
so-un;0
so-ra;0
so-one;0
so-fa;0
so-call-themself;0
snsd-mr;0
snsd-like;0
snsd-l;0
snsd-jyj;0
snowz-steak;0
snap-in;0
smtown-ers;0
smith-arkansas;0
smart-phone;0
sm-đh;0
sm-town;0
sm-lover;0
sm-han;0
sm-cjes;0
sm-biased;0
sm-avex;0
slăm-đóc;0
slna-thanh;0
slna-t;0
slna-hà;0
slna-hn;0
sleepy-mood;0
slave-shi;0
sl-class;0
skype-mẹ;0
skyactiv-g;0
skyactiv-d;0
skip-beat;0
skin-ship;0
skh-vp;0
sjc-đơn;0
sjc-sài;0
sj-world;0
sj-worl;0
sj-word;0
sj-wonder;0
sj-wolrd;0
sj-w;0
sj-v;0
sj-title;0
sj-t;0
sj-r;0
sj-o;0
sj-n;0
sj-market;0
sj-kry;0
sj-k;0
sj-h;0
sj-db;0
sj-b;0
siễn;0
sì-méc-đao;0
siêu-nhân-của-ss;0
six-pack;0
siwon-ssi;0
siwon-sshi;0
siwon-nim;0
siu-pờ;0
sinsa-dong;0
sinh-viên-đã-làm-mẹ;0
sinh-tử;0
sinh-tổng;0
sinh-tương;0
sinh-toán-anh-văn-văn;0
sinh-sẽ;0
sinh-môi;0
sinh-lão-bệnh-tử;0
single-point;0
singers-philippines;0
singer-sales;0
singapore-malaysia;0
sing-gum;0
sing-ga-pò;0
sinama-pongolle;0
sin-gồ;0
sin-fra;0
simple-super;0
simple-minded;0
silva-herzog;0
silly-boy;0
silent-reader;0
sil-metropole;0
signal-iduna-park;0
signal-iduna;0
sign-up;0
sibum-ing;0
si-ít;0
si-won-hae-yo;0
si-won-ha-ta;0
si-tin;0
si-omani;0
si-lát;0
si-da;0
si-cờ-rít;0
shwe-than;0
shu-i;0
show-me-how;0
show-biz;0
shove-it;0
shounei-ai;0
shoujo-ai;0
shota-con;0
shortened-url;0
short-list;0
shojo-ai;0
sho-kun;0
shirakawa-go;0
shindong-nấm;0
shinagawa-ku;0
shin-sui;0
shin-ran;0
shin-min;0
shin-etsu;0
shin-cậu;0
shimamoto-san;0
shimamoto-chan;0
shim-thị-nhà-cô;0
shim-sshi;0
shield-life;0
shibuya-kei;0
shi-kun;0
sherwood-randall;0
sheece-sama;0
sgtvt-gtt;0
sg-hn-sg;0
sg-elf;0
sg-bình;0
sẹch-xy;0
sẹc-xi;0
sexy-jj;0
sex-party;0
sex-men;0
sex-king;0
seungho-ssi;0
seung-tự-sờ-mó;0
seung-ssi;0
seung-soo;0
seung-ri;0
seung-jun;0
seung-joo;0
seung-jo;0
seung-hui;0
seung-heon;0
seung-hee;0
seung-gi;0
seu-to-ri;0
setting-connection;0
seto-chuo;0
setia-becamex;0
set-up;0
set-top-box;0
set-point;0
set-menu;0
set-list;0
server-side;0
sero-tonin;0
seoul-showing;0
seoul-nhật;0
seople-zone;0
seong-yong;0
seong-chang;0
seonah-ssi;0
seon-taek;0
seol-woon;0
seok-ho;0
seo-kyuhyukhae;0
seo-kyu;0
sen-vo-doi;0
semi-classical;0
semi-classic;0
seme-uke;0
self-promotion;0
self-portrait;0
self-host;0
self-help;0
self-doubt;0
self-care;0
sekai-ichi;0
seismicity-ris;0
sec-xi;0
sebas-chan;0
sea-eu-net;0
sct-khtc;0
screen-name;0
scim-unikey;0
school-samiweng;0
schleswig-holstein;0
scherri-lee;0
sáng-goodmorning;0
saxophonist-liên;0
sau-om;0
sat-sun;0
sasuke-naruto;0
sart-top;0
saranghae-yo;0
sap-vn;0
sao-ing;0
santa-ssi;0
sans-souci;0
sans-serif;0
sang-vuốt;0
sang-kuk;0
sang-ki;0
sang-hak;0
san-to;0
san-ta;0
san-souci;0
san-le;0
san-e;0
samy-tuyết;0
samuel-lucio;0
samsung-holic;0
sam-walton;0
saloon-coupe;0
sale-off;0
saju-ers;0
saju-er;0
sajadi-nia;0
saint-sulpice;0
saint-michel;0
saint-laurent;0
saint-lambert;0
saint-jean-baptiste;0
saint-germain;0
saint-flour;0
saint-etienne;0
saint-barthélémy;0
sai-trượt;0
sai-mơn;0
saeng-il;0
sae-byul;0
sadako-chan;0
sacomreal-s;0
sacombank-sbs;0
sacombank-sbj;0
sac-d;0
sabuga-a;0
sa-yaoi;0
sa-sa-ki;0
sa-răng-tơ;0
sa-rô;0
sa-ri-ê;0
sa-phia;0
sa-oa;0
sa-lông-pat;0
sa-ku-ra;0
sa-côn;0
sa-cu-ri;0
rủa-ing;0
rờ-sọt;0
rờ-moóc;0
rộng-là;0
rồng-lai-lợn-lai-tê-giác;0
rồm;0
rồi-đau;0
rồi-kiểu;0
rồ-i;0
rốt-đa;0
rỏm;0
rọc-kẹt-tìa;0
rệp-pie;0
rết-tinh;0
rết-ting;0
rếp-ting;0
rếp;0
rập-xê;0
rất-rảnh-rổi;0
rất-pực;0
rất-nhạt;0
rất-nhiều-tiền;0
rất-may-mắn;0
rất-bực-mình;0
rất-buồn-cười;0
rạy;0
rượu-thơ;0
rượu-ga;0
rượn;0
rườn;0
rư-bác;0
rơ-đanh-gốt;0
rơ-moóc;0
rơ-mooc;0
rơ-le;0
răng-hàm-mặt;0
rút-xép;0
rùa-nấm;0
rùa-chan;0
rù-mo;0
rối-karik;0
rông-ia;0
rô-đri-ghết;0
rô-ma;0
rô-bi-ni;0
ròi-e;0
rít-đờ;0
rê-an;0
rét-ký;0
rãnh-ing;0
rất-hiểu;0
râu-roi;0
rât-muốn-có;0
rát-sâu;0
rát-chạ-tha-ni;0
rát-cha-tha-ni;0
rà-chan;0
ryoma-chan;0
ryo-chan;0
ryeowook-ssi;0
ry-ô-gô-ku;0
ry-cycle;0
ry-an;0
rvn-vallet;0
ruy-ki;0
rus-invest-tur;0
ruoi-fly;0
run-up;0
run-off;0
run-ing;0
run-as;0
run-a-way;0
rum-chan;0
ru-pi;0
ru-ni;0
ru-mo;0
ru-ma-ni;0
ru-chan;0
rtl-charitree;0
round-up;0
rougon-macquart;0
rosa-luxemburg;0
ros-lehtinen;0
rongo-rongo;0
rongcheng-wuhai;0
ronaldo-oezil-di;0
romantic-lover;0
romania-việt;0
roly-poly;0
roll-royce;0
roll-back;0
rohto-mentholatum;0
roger-vasselin;0
rodriguez-chavez;0
rock-opera;0
rock-metal;0
rock-fan;0
rock-chip;0
rock-and-roll;0
ro-nan-do;0
riếc-kơ;0
riêng-mỗi;0
rit-chan;0
risk-weighted;0
rin-nie;0
rin-ni;0
rin-chan;0
right-it;0
rich-te;0
rice-burger;0
rica-nicaragua;0
ria-novosti;0
ri-ô;0
ri-ni;0
ri-ga;0
ri-eo-cúc;0
ri-ca;0
rhône-alpes;0
rhein-neckar-arena;0
rhein-neckar;0
rè-rè;0
revenue-per-infection;0
retin-a;0
reo-coker;0
reno-tahoe;0
renault-nissan;0
ren-san;0
relax-ing;0
reef-amy;0
redis-server;0
red-nosed;0
rear-wheel;0
real-time-update;0
real-moudrid;0
real-barca;0
ready-to-wear;0
re-ét;0
re-writer;0
re-watching;0
re-watch;0
re-wallpost;0
re-use;0
re-upload;0
re-uo;0
re-tw;0
re-touch;0
re-thinking;0
re-t;0
re-run;0
re-read;0
re-post;0
re-pe-pe-peat;0
re-p;0
re-open;0
re-mĩ;0
re-info;0
re-ghost;0
re-follow;0
re-entrypermit;0
re-entry;0
re-define;0
re-cycled;0
re-cycle;0
re-converted;0
re-captcha;0
re-call;0
re-blend;0
rà-chan;0
ray-c;0
raw-photo;0
rang-tháp;0
ran-minamokpo;0
ran-miinah;0
ran-chan;0
raleigh-durham;0
rajin-sonbong;0
rain-nous;0
rai-môn;0
rae-chan;0
radzh-sutadzharn;0
ra-đác;0
ra-vào;0
ra-un;0
ra-sức-đấu-tranh;0
ra-ssi;0
ra-ngoài-xã-stress;0
ra-mặt;0
ra-mét;0
ra-mát;0
ra-ma-la;0
ra-lấy;0
ra-kéo;0
ra-im;0
ra-gu;0
ra-gioi;0
ra-dắc;0
ra-da;0
qđst-ds;0
qđ-xphc;0
qđ-vnpt-kd;0
qđ-tư;0
qđ-ttcp;0
qđ-spvphc;0
qđ-sgdhcm;0
qđ-ngân;0
qđ-lđtbxh;0
qđ-kl;0
qđ-hcvn;0
qđ-ctubnd;0
qđ-ctn;0
qđ-ct;0
qđ-bxd;0
qđ-bvhttdl;0
qđ-bvhtt;0
qđ-bnv;0
qđ-bgtvt;0
qđ-bgdđt;0
qđ-bct;0
qđ-bca;0
qý-khóc;0
qð-ubnd;0
qð-ttg;0
qá-ai;0
quỳnh-tam;0
quỳnh-kiến;0
quỳ-gia;0
quốc-đã;0
quốc-triều;0
quốc-quang;0
quốc-nhật;0
quốc-mỹ;0
quềnh;0
quận-huyện;0
quần-áo;0
quấn-cột;0
quý-xờ-tộc;0
quý-bà-mặc-áo-choàng-lông;0
quí-sì-ma;0
quân-lê;0
quân-hải;0
quákhứ-hiệntại-tươnglai;0
quái-khỉ-khô;0
quáaaaaaaaaaaaaaaaaaaaaaaaaaaaaaaaaaaaaaaaaaaaaaaaaaaaaaaaaaaaaaaaaaaaaaaaaaaaaaaaaaaaaaaaaaaaaaaaaaaaaaaaaaaaaaaaaaaaaaaa;0
quá-thiếu-thốn;0
quá-pv;0
quá-mệt-luôn;0
quyền-lào;0
quds-al;0
quanh-la;0
quang-điện;0
quang-giáp;0
quan-tbc;0
quad-core;0
qua-ngày;0
qua-hà;0
qqd-hnv;0
qp-an;0
qn-lđbđvn;0
qllđnn-qllđ;0
ql-ptn;0
qi-gót-me-rịt;0
qh-kt;0
qg-super;0
qdst-ds;0
qá-mức-kần-thiết;0
qa-hạnh;0
pờ-rồ;0
pờ-li-zờ;0
pờ-lay;0
pặc-nơ;0
pờ-phi-sờờờ;0
pơ-thi;0
pđkkd-kt;0
pô-sah-inư;0
pô-kô;0
pô-dô;0
pót-tơ;0
pót-stơ;0
pót-len;0
pò-đú-ủn;0
pít-toa-xê;0
pê-đan;0
pê-u-nô-va;0
pê-trốp;0
pê-tra;0
pê-se-ri-cốp;0
pê-ru;0
pê-lê;0
pê-em;0
péc-xích;0
pây-py;0
pát-ta-ni;0
pác-ti-ca;0
pác-ti-a;0
pà-tui;0
pyong-il;0
pyong-ho;0
py-gđ;0
pxs-hsx;0
pvfc-vũng;0
pvfc-thắp;0
pvc-ms;0
putin-medvedev;0
puss-boots;0
push-up;0
purple-microbloging;0
pu-tin;0
pu-ga-chô-va;0
psycho蝉儿;0
psychic-experiences;0
psg-ts-bs;0
prồ-mốt;0
prô-xi-măng;0
prô-khô-rốp;0
prít-xcơ;0
proudtobeelfproudtobeelfproudtobeelfproudtobeelfproudtobeelfproudtobeelfproudtobeelfproudtobeelfproudtobeelf;0
proton-m;0
pro-vitamin;0
pro-rẻ;0
pro-link;0
pro-k;0
prize-thao;0
prithvi-ii;0
prior-wanderforde;0
princes-boateng;0
prince-sama;0
prince-boateng;0
prin-xê;0
pri-a-khốp;0
pretty-kara;0
prerecord-no;0
pre-đưa;0
pre-wgm;0
pre-university;0
pre-sessional;0
pre-sale;0
pre-safe;0
pre-recoring;0
pre-recording;0
pre-record;0
pre-re;0
pre-production;0
pre-order;0
pre-interview;0
pre-intermediate;0
pre-inter;0
pre-debut;0
pre-cording;0
pre-casting;0
pre-boy;0
pralanpad-lak;0
prabang-xieng;0
pra-đét;0
pra-xát;0
pra-típ-ha;0
pr-ord;0
pq-chỉ;0
poọc-nô;0
power-lac;0
potter-thời;0
potato-girl;0
post-rock;0
post-nuke;0
post-graduation;0
port-au-prince;0
porchon-lynch;0
pop-rock;0
pop-fan;0
pop-dance;0
pop-ballad;0
pop-balad;0
pooh-boo;0
polyurethane-rim;0
poly-change-i;0
poi-tu;0
pocket-lint;0
po-ju;0
pnj-dongabank;0
pnj-donga;0
pnj-dab;0
plây-cu;0
pli-ông;0
play-off;0
play-dân;0
play-date;0
pl-ubtvqh;0
piv-ssi;0
pitt-jolie;0
pit-tông;0
pit-a-pat;0
pit-a-pad;0
pippi-tất-dài;0
pilsuk-jason;0
pierre-henry;0
pierre-august;0
pie-kha;0
picture-in-picture;0
pics-gmp;0
pick-up;0
pi-ẹt;0
pi-ét;0
pi-ta;0
pi-processbook;0
pi-linh;0
pi-ke;0
pi-em;0
pi-e;0
pi-công-chúa;0
pi-chan;0
pi-a;0
phởn-ing;0
phờ-tu;0
phờ-răng;0
phờ-roăng;0
phốt-phát;0
phốt-pho;0
phịu-lắc;0
phịt;0
phề;0
phạm-khoa;0
phương-ngô;0
phương-hồng;0
phư-cư-si-ma;0
phởn-ing;0
phơ-đâu-xi;0
phơ-gu-xơn;0
phơ-gu-sơn;0
phăng-sê;0
phăng-phuốc;0
phúc-hơn-năm-ngoái-ko;0
phúc-hay;0
phúc-have;0
phúc-chị;0
phúc-an;0
phú-yên;0
phú-phúc;0
phú-lưu;0
phú-cần;0
phú-chủ;0
phú-an;0
phông-ten-nơ-blô;0
phôm;0
phô-đi;0
phô-tô-sốp;0
phô-tô;0
phô-to;0
phót;0
phóng-đhbk;0
phó-mỹ;0
phòng-trụ;0
phòng-quân;0
phòng-i;0
phòng-hà;0
phê-đê-rơ;0
phê-rét;0
phê-lích;0
phèo-thị;0
phát-tỷ;0
pháp-thổ;0
pháp-pháp;0
pháp-lúc;0
pháp-brazil;0
pháp-arles;0
phá-thâm;0
phúc-hãnh;0
phú-hoàn;0
phu-kư-si-ma;0
phrăng-phuốc;0
phray-a;0
phran-xít;0
phran-xi-xcô;0
php-fpm;0
phong-ngôi;0
phoenix-v;0
phobos-ground;0
pho-to;0
pho-rin;0
pho-mat;0
pho-mai;0
pho-l;0
phnôm-pênh;0
phlo-ren-xơ;0
phin-nơ;0
phim-truyền;0
phim-ing;0
phim-hon-truong-ba-da-hang-thit;0
phil-lip-pin;0
phil-elf;0
phi-sms;0
phi-líp;0
phi-lê;0
phi-li-pin;0
phi-brô-xi-măng;0
pheo-pớt;0
phen-pớt;0
phe-ra-ri;0
phải-tặng-hoa;0
phan-nắng;0
phan-nom;0
phan-cô;0
pha-đa-ni;0
pha-đa;0
pha-ta;0
pha-rít;0
pha-ra-ông;0
pha-nôm;0
pha-lu-gia;0
pha-gâu;0
pha-cốt;0
ph-elf;0
pgs-tskh;0
pgs-ts-bs;0
pgs-nsưt;0
pgm-fi;0
performance-capture;0
perakis-valat;0
pepsi-cola;0
penny-stock;0
pen-faen-kan-mai;0
pen-ek;0
pen-cát;0
pd-nim;0
pclb-tkcn;0
pccc-chcn;0
pcbl-tkcn;0
pc-server;0
pc-dos;0
pc-chan;0
paul-henri;0
paul-heinz;0
pau-lơ;0
pat-tơ-sơn;0
pascali-bonaro;0
party-super;0
party-kyuhyun;0
part-tjme;0
park-sshi;0
park-ho;0
paris-sciences;0
para-chậu;0
papp-a;0
panhard-levassor;0
pandev-milito-eto;0
pan-american;0
palmer-tomkinson;0
palm-rest;0
palestine-israel;0
pakistan-afghanistan;0
pak-fa;0
pad-chan;0
paal-fredrik;0
pa-vôn;0
pa-tờ-rích;0
pa-tô;0
pa-tri-xơ;0
pa-tin;0
pa-stun;0
pa-pan-đrê-u;0
pa-nét-ta;0
pa-ny;0
pa-nai-tan;0
pa-lào;0
pa-lem-bang;0
pa-le-xtin;0
pa-laocai-hn;0
pa-ki-xtan;0
pa-hđbt;0
oẻ;0
oằn-tà-nà-vằn;0
ọt-to-kê;0
oóc-om-bóc;0
oét-hem;0
oép-bơ;0
oé;0
oánh-giám;0
oz-ca;0
oxlade-chamberlain;0
oxdale-chamberlain;0
over-sensitve;0
over-night;0
over-limit;0
over-emotional;0
over-confident;0
over-acting;0
out-dated;0
ourplanet-tv;0
ortega-hernandez;0
oro-sama;0
ori-apa;0
optoma-cho;0
oppa-ah;0
open-được;0
open-tour;0
open-mind;0
open-heartedness;0
only-child;0
online-ing;0
onii-san;0
oni-chan;0
ong-muối;0
onew-yewook;0
onew-line;0
one-woman;0
one-stop;0
one-sided;0
one-night;0
one-day;0
one-call;0
one-body;0
once-ler;0
on-road;0
on-off;0
on-ny;0
on-call;0
on-air;0
om-vo;0
olli-pekka;0
ok-to-ke;0
ok-can;0
ojii-san;0
oil-flooded;0
ohio-usa;0
oh-my-god;0
off-road;0
off-note;0
off-mess;0
off-line;0
off-label;0
off-day;0
of-dragon;0
oezil-ronaldo-di;0
oen-bếch;0
odour-less;0
oda-san;0
ocs-s;0
objective-c;0
object-relational;0
obata-papa;0
oa-đắc;0
oa-sinh-tơn;0
oa-lit-xắc;0
oa-di-ri-xtan;0
nữa-bg;0
nợ-chủ;0
nờ-xê;0
nờ-gê-u;0
nờ-cê;0
nội-yên;0
nội-thành;0
nội-sài;0
nội-quảng;0
nội-phú;0
nội-k;0
nội-hà;0
nội-gdp;0
nội-amsterdam;0
nốc-ten;0
nẵng-tp;0
nẵng-quảng;0
nẵng-nha;0
nẵng-nguyễn;0
nẵng-hội;0
nẵng-an;0
nại-pv;0
nướng-cơm;0
nước-thế;0
nước-nước;0
nước-của;0
nước-bất;0
nờ-xê;0
nờ-cê;0
nơ-tron;0
nơ-ron;0
năng-xi;0
năng-perfect;0
năm-khi;0
năm-giá;0
núi-biển;0
nội-ngoại;0
nội-amsterdam;0
nông-thổ;0
nông-ngư;0
nông-lâm-thủy;0
nông-lâm-súc;0
nông-lâm-ngư-nghiệp;0
nông-lâm-ngư;0
nôi-en;0
nô-đa;0
nô-vắc;0
nô-rô-đôm;0
nô-ri-ô;0
nô-lơ;0
nô-cam;0
nóng-lạnh;0
nón-lá-girl;0
nó-đã-từng;0
nó-là-cái-gì;0
nó-không;0
ních-nêm;0
nên-như-thế;0
nên-làm-gì;0
nê-ru;0
nê-pe;0
nép-tuyn;0
né-nhảy;0
né-chém;0
nấm-chan;0
nâu-com-mần;0
này-violet;0
nàot-t;0
nàng-ta;0
nàng-nhà;0
ny-t;0
nws-đổi;0
nws-đồng;0
nws-đề;0
nws-đầu;0
nws-điều;0
nws-đã;0
nws-ẩn;0
nws-xuất;0
nws-wb;0
nws-vốn;0
nws-vì;0
nws-vàng;0
nws-vpbank;0
nws-việt;0
nws-vietinbank;0
nws-vietcombank;0
nws-vietbank;0
nws-vietabank;0
nws-vib;0
nws-usd;0
nws-tỷ;0
nws-tập;0
nws-tản;0
nws-tăng;0
nws-tín;0
nws-tình;0
nws-tuần;0
nws-trustbank;0
nws-tiếp;0
nws-tiênphongbank;0
nws-thủ;0
nws-thời;0
nws-thống;0
nws-thị;0
nws-thế;0
nws-thông;0
nws-thêm;0
nws-tháng;0
nws-thu;0
nws-techcombank;0
nws-sửa;0
nws-sử;0
nws-sẽ;0
nws-sắp;0
nws-standard;0
nws-southernbank;0
nws-southern;0
nws-so;0
nws-shb;0
nws-seabank;0
nws-scic;0
nws-scb;0
nws-sau;0
nws-saigonbank;0
nws-sacombank;0
nws-quy;0
nws-pvi;0
nws-phạt;0
nws-phân;0
nws-pháp;0
nws-phép;0
nws-pg;0
nws-oceanbank;0
nws-nợ;0
nws-nới;0
nws-nỗi;0
nws-nông;0
nws-nhập;0
nws-nhu;0
nws-nhiều;0
nws-ngôi;0
nws-ngóng;0
nws-ngân;0
nws-ngày;0
nws-nguyên;0
nws-nghị;0
nws-một;0
nws-mất;0
nws-mhb;0
nws-mb;0
nws-maritime;0
nws-lợi;0
nws-lần;0
nws-lại;0
nws-lạc;0
nws-lý;0
nws-lúc;0
nws-lãi;0
nws-làm;0
nws-luật;0
nws-lo;0
nws-liệu;0
nws-lienvietbank;0
nws-kiểm;0
nws-kiều;0
nws-khởi;0
nws-không;0
nws-khó;0
nws-imf;0
nws-hỗ;0
nws-hỏa;0
nws-hơn;0
nws-hóa;0
nws-hsbc;0
nws-hong;0
nws-hdbank;0
nws-habubank;0
nws-gỡ;0
nws-gp;0
nws-google;0
nws-giữ;0
nws-giới;0
nws-giảm;0
nws-giá;0
nws-giadinhbank;0
nws-fitch;0
nws-eximbank;0
nws-dự;0
nws-dư;0
nws-dòng;0
nws-dè;0
nws-dấu;0
nws-doanh;0
nws-diễn;0
nws-daiabank;0
nws-cơ;0
nws-có;0
nws-cuối;0
nws-ctg;0
nws-citi;0
nws-chủ;0
nws-chính;0
nws-chuyển;0
nws-cho;0
nws-chi;0
nws-cfc;0
nws-c;0
nws-bội;0
nws-bộ;0
nws-bổ;0
nws-bỏ;0
nws-bảo;0
nws-bloomberg;0
nws-biểu;0
nws-bidv;0
nws-bic;0
nws-ba;0
nws-atm;0
nws-ai;0
nws-adb;0
nws-acb;0
nws-abbank;0
nv-đhqg;0
nuôi-vệ;0
nuôi-thú;0
nur-chan;0
nua-na;0
nu-neun;0
nt-đụg;0
nt-k;0
nsnd-đạo;0
ns-x;0
nq-tư;0
nq-tw;0
nq-lđbđvn;0
nq-hđtp;0
nq-bch;0
nói-nhảm-ing;0
nó-an;0
nowplaying-snow;0
novo-peredelkino;0
note-ing;0
not-have-much-fan-in-vn;0
nori-tan;0
noona-fan;0
nonhyeon-dong;0
non-unicode;0
non-typhi;0
non-terrestrial;0
non-sub;0
non-stop;0
non-steroid;0
non-quality;0
non-no;0
non-native;0
non-metal;0
non-it;0
non-electric;0
non-card;0
non-business;0
non-b;0
non-autotune;0
non-au;0
non-a;0
nokia-xuân;0
nokia-partner;0
noi-vietnam;0
noi-viet;0
noi-nghe;0
nock-ten;0
no-ti-fi-ca-sừn;0
no-star;0
no-makeup;0
no-js;0
no-hoctap;0
no-el;0
no-căng-rốn;0
nkkn-ntmk;0
niên-quán;0
niên-nói;0
niu-sừ;0
niu-cát-xơn;0
niu-ca-xtơn;0
nishi-kun;0
ninh-thuận;0
ninh-hải;0
ninh-hn;0
ninh-chính;0
nine-member;0
nilo-sensei;0
nikname-k-nên-nói-ra;0
nik-chan;0
nii-chan;0
nihon-chan;0
nicole-ssi;0
nickname-cyn;0
nickel-metal;0
nick-name;0
nichkhun-xxi;0
nichkhun-ssii;0
nichkhun-ssi;0
nice-matin;0
ni-tơ;0
ni-trát;0
ni-thuộc;0
ni-mh;0
ni-long;0
ni-lon;0
ni-ken;0
ni-cô-tin;0
ni-ca-ra-goa;0
ni-bí;0
những-thứ-đã-qua;0
những-mối-quan-hệ;0
những-cá-nhân-sinh-viên;0
những-ai-còn-thức;0
nhụng;0
nhở-để;0
nhậu-ing;0
nhật-triều;0
nhật-cameroon;0
nhất-quốc;0
nhất-nhì-ba;0
nhất-htv;0
nhất-bình;0
nhảy-dãy;0
nhảm-ing;0
nhạc-đc-đào-tạo-bày-bản;0
nhạc-nhạc;0
như-thường-thấy;0
như-hà;0
như-chưa-từng-sinh-con;0
như-bình-thường;0
nhơn-sông;0
nhù;0
nhôm-titan;0
nhóm-trưởng-của-nhóm-nhạc-bậc-nhất-châu-á;0
nhía;0
nhìn-quẹt;0
nhìn-ngây-thơ-nhưng-hóa-ra-lại-đểu;0
nhé-đáp;0
nhé-mai;0
nhé-không;0
nhã-trạm;0
nhân-thú;0
nhân-thanh;0
nhân-pv;0
nhân-kết;0
nhân-cầm;0
nhái-nhại;0
nhàm-nhạt;0
nhà-sở;0
nhà-sân;0
nhà-ing;0
nhuận-tphcm;0
nhục-er;0
nhuôm;0
nhui;0
nhoé;0
nhoen;0
nhnn-vp;0
nhnn-qlnh;0
nhnn-cstt;0
nhiễm-ed;0
nhiều-ít;0
nhiều-ren-rua-quá-đáng;0
nhiều-dai;0
nhi-ngọc;0
nhi-ka-lai-e-vích;0
nhi-bệnh;0
nhau-lấy;0
nhau-công;0
nhau-có;0
nhanh-nhỏ-nhuyễn;0
nhanh-mạnh-liều;0
nhanh-gọn;0
nha-kẻ;0
nha-ing;0
ngựa-cá-khỉ;0
ngự-phản;0
ngữ-viện;0
ngữ-tin;0
ngừng-đá-cầu;0
ngủ-với-mày;0
ngỗ-holic;0
ngỏm;0
ngọt-đắng;0
ngọc-v;0
ngọc-ngà;0
ngệ-tin;0
ngấm-chúng;0
ngưỡng-tính;0
người-đó;0
người-đây;0
người-yêu-kento-hơn;0
người-từ;0
người-trong-cuộc;0
người-quan-sát;0
người-một;0
người-mình-từng-yêu;0
người-mà;0
người-không-bao-giờ-là-của-mình;0
người-không;0
người-của-công-chúng-bị-mất-quyền-công-dân;0
người-chơi;0
người-cha-chân-dài;0
người-anh-thích;0
người-mà-ai-cũng-bít-là-ai;0
ngưu-chức;0
ngú;0
ngô-lam;0
ngão;0
ngãi-ing;0
ngân-hà;0
ngáp-tựa;0
ngáp-lau;0
ngáp-dụi;0
ngác-ing;0
ngày-mà;0
ngày-giờ;0
ngàn-thương-trăm-nhớ;0
nguộit-tcòn;0
ngủ-ing;0
nguyệt-nguyễn;0
nguyệt-hà;0
nguyện-ing;0
nguyên-nhiên-vật;0
nguyên-nhiên;0
nguyên-mậu;0
nguyên-hiền;0
nguyên-giám;0
nguyên-di;0
nguyendac-thianguyen;0
nguyen-indict;0
nguoi-ngua;0
nguoi-lai;0
ngua-nguoi;0
ngu-tin;0
ngu-ly;0
ngoảy;0
ngoạn-xuân;0
ngoãn-có;0
ngoài-tbc;0
ngoài-làm;0
ngox-hâm;0
ngon-khỏe;0
ngon-have;0
ngon-bổ-rẻ;0
ngoang;0
ngoan-ing;0
ngoan-hiền-thánh-thiện;0
nghỉ-học-nghỉ-học;0
nghệ-yếu;0
nghệ-sĩ-chân-chính;0
nghệ-sinh-tin;0
nghĩ-ing;0
nghĩ-cười;0
nghj-co;0
nghiệp-thủy;0
nghiệp-phu;0
nghiệp-ngân;0
nghiệp-khu;0
nghiệp-dinamo;0
nghiệp-bsa;0
nghiep-dag;0
nghe-nói;0
nghe-nhay;0
nghe-dịch;0
ngáy-đánh;0
ngay-lập-tức;0
ngay-bây-h;0
ngao-mối;0
ngang-thẳng-cao;0
nga-minh;0
nga-belarus;0
ng-đ;0
ng-ss-hi-vọng-là-david;0
ng-nó-thích;0
ng-mà-em-mong-là-david;0
ng-mà-ai-cũng-bít-là-ai;0
ng-k-có-thiện-cảm-nhiều-chuyện;0
ng-iu;0
newton-john;0
new-york;0
neuilly-sur-seine;0
network-attached;0
net-worm;0
nem-ing;0
nehru-gandhi;0
negro-catwalk;0
nee-chan;0
nebraska-lincoln;0
nebo-u;0
near-geng;0
near-field;0
ne-yo;0
ne-xát;0
ndđt-thời;0
nd-yag;0
nd-cp;0
ncgd-ct;0
nản-ing;0
nay-ngày;0
nay-dễ;0
natnatvip-online;0
naru-chan;0
nari-shin;0
nara-simha;0
napnhanh-card;0
naoya-kun;0
nano-giây;0
nan-đô;0
namyong-ssi;0
nam-điện;0
nam-đan;0
nam-ân;0
nam-vẻ;0
nam-vương;0
nam-vpf;0
nam-tiến;0
nam-timeless;0
nam-thực;0
nam-thái;0
nam-the;0
nam-qatar;0
nam-philippines;0
nam-nữ;0
nam-nu;0
nam-mo-a-di-da-phat;0
nam-i;0
nam-giám;0
nam-de-mun;0
nam-cuba;0
nam-cu;0
nam-campuchia-thái;0
nam-campuchia-lào-myanmar;0
naked-street-bike;0
naked-bike;0
nak-sun;0
nad-e;0
na-đan;0
na-ryeowook;0
na-ri-ho-ba-shi;0
na-ranong;0
na-ra-y-an;0
na-ra-thi-vát;0
na-pô-li;0
na-pan;0
na-lidco;0
na-khon;0
na-chan;0
mỹ-ấn;0
mỹ-úc-ấn-nhật;0
mỹ-ông;0
mỹ-âu-nhật-ả;0
mỹ-tq;0
mỹ-philippines;0
mỹ-nga;0
mỹ-myanmar;0
mỹ-iran;0
mỹ-hàn-nhật;0
mỹ-hàn;0
mỹ-dụ;0
mỹ-b;0
mỹ-australia;0
mỹ-anh;0
mức-thế;0
mụp;0
mục-đa-hản;0
mờm;0
mờ-a;0
mới-tuần;0
mới-người;0
mới-keke;0
một-vài;0
một-số-người;0
một-hai;0
một-cách-kì-bí;0
một-chuồng-người-bẩn-không-tắm;0
một-ai-khác;0
mỗ-đại;0
mỗ-lê;0
mốc-pô;0
mốc-bô;0
mỏng-nhẹ;0
mỏng-gọn-nhẹ-rẻ;0
mỏ-ngủ;0
mệt-tưởng-chết;0
mệt-nghỉ;0
mềm-mí;0
mế;0
mẻo;0
mẹc-nê;0
mẹ-tcty;0
mẹ-cty;0
mẹ-con;0
mặt-ôm;0
mặt-với;0
mặt-nhai;0
mặt-ngồi;0
mặt-ngúng;0
mặt-kéo;0
mặt-ho-khan;0
mặn-ngọt-chua-cay;0
mẳn;0
mắt-ôm;0
mắt-toe;0
mắt-quẹt;0
mắt-ngủ;0
mắm-sso;0
mắm-ssi;0
mắc-ma;0
mậu-nguyễn;0
mập-el-sheikh;0
mẫu-người-lý-tưởng;0
mầng;0
mạt-hy;0
mại-đầu;0
mại-tài;0
mại-dịch;0
mại-bộ;0
mười-minh;0
mười-kiêm-mười-kiêm-mười;0
mưa-trung;0
mưa-thế;0
mưa-lạnh-rét;0
mưa-leo;0
mưa-ing;0
mơn-đơ;0
mơi-ing;0
mơ-xơ;0
mơ-ni;0
mơ-ing;0
mũi-ôm;0
mắn-ssi;0
mắm-ssi;0
măng-tô;0
müller-öetvös;0
mút-lắc;0
mùa-xuân-vĩnh-cửu;0
một-rừng-điểm-xấu;0
mông-ngồi;0
mông-gối;0
môn-đô-va;0
môi-xoa;0
môi-nhìn;0
môi-mút;0
môi-miệng;0
mô-đô;0
mô-tả-chi-tiết;0
mô-tuýp;0
mô-ri-en-tét;0
mô-mừn;0
mô-ha-mét;0
mô-ha-mát;0
mô-bi-le;0
mó-nìng;0
míu;0
mít-su-ri;0
mít-na;0
mình-đầy-sáng-kiến;0
mình-đang-ko-ghen;0
mình-yuna;0
mình-vừa-gọi-con-trai-mình-là-oppa;0
mình-tự;0
mình-thấy-ghê;0
mình-thích-bạn;0
mình-rất-là-buồn;0
mình-muốn-thử-tập-viết-fic;0
mình-làm;0
mình-lee;0
mình-căm;0
mì-mì;0
mì-ing;0
mì-holic;0
mêm-bờ;0
mê-zai;0
mê-man-pa-rát;0
mét-xi;0
mép-liếc-cầm;0
mép-không;0
méc-ken;0
méc-cô-di;0
mèo-thỏ;0
mã-sshi;0
mây-đậu;0
mây-xơn;0
mây-phong;0
mây-ga;0
mây-chan;0
mâu-ra;0
mâng;0
máy-môn;0
máu-nghe;0
máu-ing;0
mát-xơ-cơ-va;0
mát-sa;0
mát-cơ-va;0
mách-mai;0
mác-xê-lô;0
mác-xây;0
mác-kham;0
mác-bét;0
má-ôm;0
má-kịt;0
má-hôn;0
má-cười-nhắm;0
má-cười;0
má-chụt;0
màu-ing;0
mài-gót;0
mà-á;0
mà-i;0
mà-ai-cũng-biết-là-ai;0
m¹;0
m²;0
mỹ-việt;0
myung-sub;0
myung-pak;0
myung-bank;0
myong-rok;0
myint-u;0
myb-day;0
myanmar-trung;0
myanmar-triều;0
my-phần;0
my-ngàn-năm-tuổi-computer;0
my-ly;0
my-i-ông;0
my-an-ma;0
mv-to;0
muộn-bệnh;0
musudan-ri;0
must-play;0
must-have;0
music-hong;0
multi-thread;0
multi-terrain;0
multi-tasking;0
multi-point;0
multi-platform;0
multi-media;0
multi-layer;0
multi-language;0
mueller-tư;0
mubo-er;0
mua-ing;0
mua-bán-sáp;0
mua-ban;0
mu-sa-ráp;0
mu-ray;0
mu-rangers;0
mu-ních;0
mu-nich;0
mu-mo;0
mu-mc;0
mu-mancity;0
mu-man;0
mu-inter;0
mu-bayen;0
mu-barca;0
mu-ba-rắc;0
mtv-uk;0
mr-t;0
mr-saju;0
mr-removed;0
mq-game;0
mp-engine;0
mou-bestie;0
motomachi-nhật;0
motion-blur;0
mother-mẹ;0
mortgage-backed;0
morning-xin;0
mori-san;0
moreno-ocampo;0
moowon-san;0
moon-walk;0
moon-sugar;0
moo-jin;0
mont-blanc;0
monkey-fish;0
monge-ampere;0
mong-manh-tràn-đầy-yêu-thương;0
mong-joon;0
mong-ing;0
mong-hyun;0
mong-hun;0
mon-tue;0
mon-ro;0
mon-do;0
momo-si;0
mom-t;0
mol-ngày-mai;0
mol-ca;0
mokpo-simba;0
mokele-mbembe;0
mohi-ud-din;0
mohammd-reza;0
mohammadi-ashtiani;0
mode-on;0
mobu-ers;0
mobile-review;0
mobifone-viettel;0
mo-rơ-phin;0
mo-rơ;0
mo-den;0
ml-class;0
miễn-giảm;0
mình-bạn;0
mizuno-ss;0
mizrahi-tefahot;0
mix-style;0
mit-lancer;0
missa佳;0
miss-a;0
mishiko-nee-chan;0
mirotic-itv;0
mirai-kun;0
mir-ssi;0
minwook-sim;0
minsadist-ism;0
minmin-gege;0
miniature-art;0
mini-show;0
mini-offline;0
mini-me;0
mini-ma;0
mini-lôcốt;0
mini-itx;0
mini-hdmi;0
mini-article;0
mini-album;0
mini-abum;0
minho-kyu-key;0
minho-hyung;0
minh-vi;0
minh-trung;0
minh-trai;0
minh-người;0
minh-huế;0
minh-bến;0
ming-chàn;0
mind-mate;0
minato-ku;0
min-x;0
min-mẫn-bí-thỏ-bò;0
min-min;0
min-koo;0
min-ki;0
min-ke;0
min-hý;0
min-hyorin;0
min-hyori;0
min-hye;0
min-hae;0
min-dong-hyuk-hyun;0
min-chan;0
min-bias;0
milli-sievert;0
miller-heidke;0
mille-feuille;0
millbank-tower;0
mili-mét;0
miinaheevn-er;0
miinahee-er;0
mid-day;0
mid-cap;0
mid-atlantic;0
micro-usb;0
micro-sd;0
micro-hoo;0
micro-e;0
micro-ct;0
micro-blog;0
michyeoss-eo;0
mic-chan;0
mi-ả;0
mi-y-a-gi;0
mi-sister;0
mi-rư;0
mi-rơ-di-ô-ép;0
mi-rô-nốp;0
mi-rin;0
mi-nu-te-sì;0
mi-nhon;0
mi-lan;0
mi-kha-in;0
mi-gu-ê-li;0
mi-gia-tô-vích;0
mi-cờ-rô;0
mi-chan;0
mi-a;0
mf-hf;0
mexico-el;0
messi-farbegas;0
merryx-mas;0
merci-bibeon;0
mercedez-benz;0
mercedes-mclaren;0
mercedes-benz-com;0
mercedes-amg;0
meo-ha;0
meo-bơn;0
men-xoắn;0
men-văn-hoá;0
men-nì;0
men-lỳ;0
men-lì;0
member-ai;0
mem-bờ;0
mello-onisan;0
meev-san;0
meeting-chul;0
meet-up;0
mee-go;0
medvedev-putin;0
media-tw;0
media-in;0
mecklenburg-western;0
me-xơ-chu-xít;0
me-too;0
me-ta;0
me-rô-di;0
me-minzy;0
me-lou-di;0
me-in;0
me-den-xép;0
me-c;0
mcbride-irby;0
mblaq-go;0
mạch-luật;0
mát-ka-ra;0
mác-lênin;0
maître-chien;0
mazatlan-durango;0
mazar-i-sharif;0
mayna-kea;0
may-welby;0
may-téng;0
may-ta;0
may-nuoc-nong;0
may-giày;0
maxi-scooter;0
maxi-scoooer;0
mau-đi;0
mattek-sands;0
mattek-sand;0
matsuura-san;0
matsubara-san;0
match-point;0
mat-om-hun;0
mat-hung;0
mat-day-ly;0
massy-palaiseau;0
mash-up;0
masataka-chan;0
masaru-emoto;0
mary-kate;0
martins-green;0
martin-meireles;0
mars-net;0
markevin-lovers;0
mark-to-market;0
mariko-sama;0
marie-dominique;0
marcelo-albiol-carvalho-arbeloa;0
marc-andre;0
mao-kun;0
mao-chan;0
many-shot;0
manga-anime;0
mana-sama;0
man-đen-xtam;0
man-pupu-ner;0
man-mát;0
man-kwong;0
man-in-the-middle;0
man-che-xtơ;0
mam-ssi;0
mam-chan;0
malaysia-man;0
malay-indo;0
malai-indo;0
makoto-sensei;0
mail-group;0
maid-sama;0
mai-đi-chơi-bù-đê;0
mai-shj;0
mai-lan-cúc-trúc;0
mai-kiu-giắc-son;0
mai-k;0
mai-hà;0
mai-cồ;0
mai-a-mi;0
maggio-zuniga;0
mae-wan-ho;0
made-in-japan;0
macfarlane-barrow;0
mac-ma;0
mac-lênin;0
mac-lenin;0
mac-le-nin;0
mac-le;0
ma-đrít;0
ma-xo;0
ma-xi;0
ma-ta;0
ma-ri-mon-ro;0
ma-ra-đô-na;0
ma-nê;0
ma-người;0
ma-nguon-website-ban-hang-bang-ngon-ngu-asp;0
ma-mút;0
ma-lích;0
ma-li-ki;0
ma-la-uy;0
ma-la-ran-geng;0
ma-ku-đi;0
ma-jun;0
ma-ing;0
ma-di-lin;0
ma-den;0
ma-ca-rong;0
lực-làm;0
lực-less;0
lợi-vành;0
lợi-hại;0
lời-thì-thầm-mùa-xuân;0
lờ-ồn;0
lộc-thị;0
lộc-thanh;0
lỗ-nâng;0
lịch-nghỉ;0
lịch-c;0
lệ-đặng;0
lễ-trí-tín;0
lẹn;0
lặm;0
lẳm;0
lắk-hà;0
lậy-thị;0
lập-mai;0
lạt-tp;0
lạp-sa;0
lạp-hàn;0
lạnh-nóng;0
lạnh-bà-cố-chứ-ấm-làm-gì-nổi;0
lại-ôm;0
lại-tần;0
lại-nhìn;0
lại-k;0
lại-gửi;0
lại-bị-làm-sao;0
lượng-uy;0
lượn-ing;0
lưỡi-chạy;0
lườm-ăn;0
lườm-ôm;0
lườm-quay;0
lườm-ghé;0
lườm-dỗi;0
lướng;0
lương-chúc;0
lưng-cắn;0
lũ-đập;0
lđtbxh-lđtl;0
lđsx-llvt;0
lđ-vl;0
lý-xã;0
lý-trần-lê;0
lý-sinh-hoá-anh;0
lý-ing;0
lý-hóa-nhiệt;0
lý-hà;0
lý-giáo;0
lý-công;0
lütten-klein;0
lúc-xăm-bua;0
lúc-xong;0
lôn-ning;0
lô-ta-ru;0
lô-sừn;0
lô-stơ;0
lô-pét;0
lô-mô-nô-xốp;0
lòng-tái;0
lòng-pv;0
lòng-mong;0
lòng-ing;0
lít-va;0
lích-sh;0
lên-thở;0
lên-hun;0
lê-ôn-nác-đô;0
lê-ôn-chép;0
lê-ô;0
lê-mạc;0
lê-a;0
lép-ca-ra;0
léc;0
lèng-mèo;0
lân-sư-trống-hội;0
lân-sư-rồng;0
lân-sau;0
lâm-đại;0
lâm-tỳ-ni;0
lâm-ngựa;0
lát-vi-a;0
lán-quỵt;0
lá-xanh;0
lào-hay;0
lành-ngoan;0
làm-quá;0
làm-gì-trong-phòng;0
là-như-thế;0
là-kẻ-vô-tình-đc-sinh-ra;0
là-anh;0
l¹;0
lý-tin;0
lym-pha;0
lylang-hn;0
ly-hợp;0
lx-s;0
lx-p;0
luật-chưa;0
luời-co;0
luộc-ing;0
luôn-quan-tâm-đến-mọi-người;0
luôn-mở-rộng-cửa;0
luôm;0
luân-đôn;0
luzon-philippines;0
luyện-tâm-trí;0
luyện-thân-thể;0
lussac-les-châteaux;0
luso-americano;0
lunt-t;0
luhan-kai;0
luel-brockdorff;0
lucio-samuel;0
lucifer-fire;0
lu-ít;0
lu-xen;0
lu-lao;0
lu-la;0
lu-i;0
lu-dông;0
lsb-cad;0
ls-vh;0
ls-series;0
loạn-ing;0
loài-một;0
low-frequency;0
low-enriched;0
low-e;0
low-date;0
low-carb;0
lovey-dovey;0
loveland-curtze;0
love-ru;0
love-line;0
love-kim;0
love-hewitt;0
love-f;0
love-er;0
louisiana-lafayette;0
lotte-và;0
los-alamos;0
look-a-like;0
longfic-trans;0
long-đà;0
long-zing;0
long-vân;0
long-tổng;0
long-qninh;0
long-qn;0
long-overdue;0
long-om;0
long-march;0
long-fic;0
loli-con;0
lol-mi;0
lol-ing;0
loen;0
locker-shower;0
location-based;0
loạn-ing;0
loan-sơn;0
loan-super;0
lo-to-mo;0
lo-hd;0
lo-go;0
lk-tt;0
liệu-không;0
liệu-khoa;0
liếm-ed;0
liếc-lên;0
liv单恋晟敏;0
liverpool-m;0
live-view;0
live-show;0
live-concert;0
liu-bli-a-na;0
lithium-polymer;0
lithium-lon;0
lithium-lion;0
lithium-iron-phosphate;0
lithium-ion;0
lisa-mblaq;0
linkhay-ers;0
linh-thành;0
linh-ngọc;0
linh-la;0
linh-giải;0
lineweaver-burk;0
line-height;0
lind-waldock;0
lin-hae;0
limitless-trí;0
lily-rose;0
lilly-ella;0
liko-chằng;0
like-new;0
like-er;0
lies-bb;0
lienvietpost-bank;0
liede-schumann;0
li-ông;0
li-yuan;0
li-xơn-chun;0
li-xon-chun;0
li-vơ-pun;0
li-vơ-phun;0
li-sờ-đờ;0
li-non;0
li-na;0
li-ly;0
li-jie;0
li-giác-đô;0
li-bê-ri-a;0
li-am;0
lg-vina;0
lg-k;0
lf-lc;0
lf-gh;0
lf-ch;0
lf-a;0
lewis-mcchord;0
leo-beu;0
len-hun;0
lem-thiên;0
leigh-anne;0
lei-chan;0
leeteuk-ssi;0
leeteuk-si;0
leeteuk-shi;0
lee-anne;0
led-backlit;0
lech-nylan;0
lebanon-israel;0
leader-ssi;0
leader-sshi;0
leader-shi;0
leader-nim;0
leader-chan;0
le-vơ-cu-xen;0
le-israel;0
ldl-cholesterol;0
ldl-c;0
ld-xh;0
lb-ft;0
lạt-vietnam;0
lá-nguyễn;0
lay-ơn;0
lashkar-e-taiba;0
lap-top;0
lap-chan;0
laos-eng;0
lao-ly;0
lao-hà;0
land-mark;0
lana-sator;0
lan-việt;0
lan-ukraine;0
lan-pháp-bỉ-italy-đức;0
lan-cố;0
lan-campuchia;0
lam-pác;0
lai-tít;0
lai-ma;0
lady-sensei;0
la-đen;0
la-đan;0
la-ăng;0
la-zăng;0
la-xơn;0
la-vi;0
la-típ;0
la-tu-sơ;0
la-tso;0
la-trường;0
la-ri-xa;0
la-ren;0
la-ran-giơ;0
la-gác-đơ;0
kỷ-ing;0
kỷ-hai;0
kỳ-pháp;0
kờ-lốp;0
kỉ-ing;0
kệnh;0
kẻ-săn-tình;0
kẻ-ai-cũng-biết-là-ai-đấy;0
kẹo-ing;0
kơ-cham;0
kăm-bách;0
kô-cần-thiết;0
kít-xừ;0
kít-xinh-giơ;0
kít-sư;0
kì-quặc;0
kênh-đài;0
kê-đa;0
kê-vin;0
kéo-đẩy;0
kéo-đấm-lá;0
kây-pốp;0
kây-dộp;0
kyuvn-er;0
kyung-sook;0
kyumin-x;0
kyumin-shipper;0
kyumin-kyuwook;0
kyumin-eunhae;0
kyuhyun-ah;0
kyu-x;0
kyu-uke;0
kyu-ssi;0
kyu-shi;0
kyu-seok;0
kyu-seo;0
kyu-seme;0
kyu-maknae;0
kyu-line;0
kyu-han;0
kyu-geneva;0
kyu-bias;0
kyousuke-san;0
kyesang-jiwon;0
kye-gwan;0
ky-ô-tô;0
ky-su-thiet-ke-canh-quan-cong-trinh;0
kwong-yu;0
kwon-người;0
kwon-ah;0
kwi-eomin;0
kwi-eo-min;0
kwang-vatar;0
kwang-rae;0
kwan-jin;0
kwan-chan-a;0
kwan-bin;0
kvi-tô-va;0
kun-kun;0
ku-toe;0
ku-teo;0
ku-man;0
ku-bấy-bì-cu-tè;0
ku-band;0
ktth-hn;0
ktla-tv;0
ktkđclgd-vb;0
ktb-hsx;0
kt-tun;0
kt-ns;0
kt-kt;0
ksđt-ta;0
ks-dl;0
krystal-fx;0
kruger-mpumalanga;0
kri-xnan;0
krasny-sulin;0
kpop-holic;0
kpop-boy;0
kou-chan;0
kottenforst-ville;0
korphe-một;0
korea-china;0
kor-viet;0
kor-translator;0
kor-trans;0
kook-ie;0
kook-hye;0
komsomolsk-on-amur;0
komsomolsk-na-amure;0
kompany-yaya-silva;0
koi-hop;0
ko-xin-phép;0
ko-wen;0
ko-viet;0
ko-thở-đc;0
ko-thể-vào-đc-fb;0
ko-thể-ko;0
ko-thể-có-ích-hơn;0
ko-the-chap-nhan;0
ko-quen-biết;0
ko-pik-giữ-ngừi-yêu;0
ko-liên-quan-rì-đến-bf;0
ko-giống-gái-tí-nào;0
ko-dám-quen;0
ko-bị-trùng;0
ko-bình-thường;0
ko-biết;0
knox-hewson;0
knowles-philipp;0
knowledgebase-script;0
know-how;0
knocked-out;0
knock-up;0
knee-drop;0
kn-tc;0
kmph-tv;0
km-holic;0
kleine-levin;0
klaas-jan;0
kl-ubnd;0
kl-ttr;0
kl-ttcp;0
kkomaeng-ah;0
kkc-hnx;0
kjs-là;0
kiệt-lâm;0
kiệm-tiết;0
kiểu-fan-đó;0
kiếm-hn;0
kỉ-ing;0
kitayama-kun;0
kita-kyushu;0
kissme-elf;0
kissgoodbye-wangleehom;0
kiss-the-radio;0
kiss-ing;0
kiryu-san;0
kinh-dị;0
kinh-chăm;0
kinh-bangkok;0
king-sized;0
kindled-twitter;0
kin-đa;0
kin-bong;0
kimberly-clark;0
kim-jun-su-đi-ngủ-ngay;0
kim-il;0
kim-dun-xích;0
kim-che-chung;0
kilo-oat;0
kil-yon;0
kico-ism;0
kick-ass;0
kick-and-rush;0
kichi-kichi;0
kia-trường;0
kia-killed;0
kia-hyundai;0
ki-xừ;0
ki-ta-juk-ken;0
ki-sư;0
ki-o-min;0
ki-nam;0
ki-mun;0
ki-man;0
ki-lô-gam;0
ki-li-măng-gia-rô;0
ki-ki-kiss;0
ki-hae-hyuk;0
ki-chan;0
ki-bo;0
ki-a;0
khứ-hiện;0
khổn;0
khối-thu;0
khỏng;0
khỉ-j;0
khỉ-cá;0
khẩu-giá;0
khải-phó;0
khải-nguyễn;0
khăn-thừa;0
khăm-xản;0
khùng-shii;0
không-được-phép-quên;0
không-được-lăng-xê;0
không-tranh-luận;0
không-thể-rách-thêm-được-nữa;0
không-thể-quên;0
không-thể-man-rợ-hơn;0
không-thể-không-biết-đến;0
không-thể-bị-đánh-bại;0
không-thông-minh;0
không-thích;0
không-phải-là-học;0
không-phải-ipad;0
không-phải-dành-cho-mình;0
không-nửa-kái-moment;0
không-muốn-làm-gì-hết;0
không-hề-chong-xáng;0
không-hiểu-sao;0
không-có-tự-hào-dân-tộc;0
không-có-bất-kỳ-cái-gì-đáng-để-đọc;0
không-cung;0
không-chấp-nhận-đưọc;0
không-bình-thường-tẹo-nào;0
không-bao-giờ-dậy-sớm;0
không-bao-giờ-có-thể-chấp-nhận;0
khôi-một;0
khô-cằn-tình-người;0
khói-ôm;0
khói-túm;0
khóc-ing;0
khóa-tiền;0
khí-địa;0
khí-điện-đạm;0
khê-thường;0
khê-ngô;0
khê-kanat;0
khép-mở;0
khén;0
khánh-võ;0
khánh-thành;0
khánh-cần;0
kháng-tuyển;0
khác-nên;0
khuơ;0
khuê-tây;0
khunho-cái;0
khun-victoria;0
khoắm;0
khoảnh-khắc-đần;0
khóc-như-đúng-rồi;0
khouang-xam;0
khoc-om;0
khoc-cuoi-voi-sot-gia-vang;0
khoa-học-liên-ngành;0
kho-giá;0
khích-ing;0
khiêm-tiểu;0
khinh-hoang-vai-vat;0
khi-ế-p;0
khedira-alonso;0
khe-gia;0
khatam-ol-anbiya;0
khanhlinh-tdh;0
khang-tử;0
khai-đại;0
kha-mi-ép;0
kha-lít;0
kh-ủ-ng;0
kh-ubnd;0
kh-tn;0
kh-kt;0
kh-bcđ;0
kf-x;0
kéo-đẩy;0
keyless-go;0
kevin-prince;0
kevin-doylce;0
ket-in;0
kermadec-bentzmann;0
keon-hyok;0
keo-le;0
ken-tắc-ki;0
ken-gi;0
ken-chan;0
kem-pô;0
kem-pét;0
kelvin-helmhotlz;0
kelvin-helmholtz;0
kee-ngen;0
keangnam-chestnut;0
ke-chin;0
kd-đn;0
kd-ptn;0
kcx-kcn;0
kcx-cn;0
kcn-kcx;0
kcn-cx;0
kay-ôn;0
kay-chan;0
kawahara-san;0
kato-sensei;0
katharina-maria;0
karl-theodor;0
karl-heinz;0
karaoke-ing;0
kara-t;0
kansai-ben;0
kangwon-do;0
kangteuk-er;0
kangsora-leeteuk;0
kangin-ssi;0
kang-in;0
kana-chan;0
kami-sama;0
kame-tan;0
kame-chan;0
kam-sam-mi-ta;0
kam-sa-ham-ni-tà;0
kali-iotua;0
kal-el;0
kaka-sensei;0
kaka-sama;0
kaka-higuain;0
kai-luhan;0
kai-fu;0
kaeri-chan;0
kabocha-cake;0
ka-tápt;0
ka-shing;0
ka-ro-ka;0
ka-ra-ô-kê;0
ka-ra-tê-đô;0
ka-ra-te-đô;0
ka-man;0
ka-li;0
ka-kit;0
ka-ka;0
ka-joker;0
ka-er;0
ka-chan;0
ka-cao;0
jẻ-nát-k-rách;0
jơn-jeng-i-ya;0
jyj-hm;0
jyj-băng;0
jyh-straight;0
just-boy;0
just-blaq;0
junsu-yoochun-jaejoong-changmin-yunho;0
junsu-ssi;0
junsu-sshi;0
junsu-ese;0
junseob-aholic;0
juno-ya;0
junnie-bb;0
junior-t;0
junior-m;0
junior-cua;0
juni-oyeyo;0
juni-or;0
junho-nim;0
junho-anh;0
jung-suk;0
jung-moo;0
jung-min-hwa;0
jung-hyun;0
jung-ha;0
jung-gu;0
jung-eun;0
jun-ss;0
jun-sensei;0
jun-ra;0
jun-kun;0
jun-kim;0
julien-sujung;0
jug-eul-lae;0
judas-lady;0
juan-pablo;0
ju-ho;0
ju-go;0
js-shipper;0
js-das;0
jpop-jrock;0
joy-ers;0
joule-lenz;0
joseph-robert;0
joong-un;0
joon-ssi;0
joon-pyo;0
joo-mi;0
jongjin-ssi;0
jonghun-sshi;0
jong-yong;0
jong-sil;0
jong-kwan;0
jong-ku;0
jong-joo;0
jong-hyeok;0
jong-huyn;0
jong-gak;0
jong-ah;0
jolie-pitt;0
johnson-sirleaf;0
johnson-freese;0
johnny-sama;0
joe-côn;0
job-market;0
jo-wilfried-tsonga;0
jo-wilfried;0
jo-wilfred;0
jo-gu;0
jo-anne;0
jo-ann;0
jj-cục;0
jj-ah;0
jiyeon-yesung;0
jiyeon-ah;0
jin-wook;0
jin-pyo;0
jin-gyu;0
jiji-chan;0
jihyo-người;0
ji-young;0
ji-yeon;0
ji-won;0
ji-sung;0
ji-ri-so;0
ji-min;0
ji-jeu;0
ji-hoon;0
ji-e;0
jet-impala;0
jessica-thật-là-nguy-hiểm;0
jeong-hwa;0
jeong-ha;0
jeong-eun;0
jen-hsun;0
jean-yves;0
jean-rené;0
jean-michel;0
jean-marcel;0
jean-luc;0
jean-honoré;0
jean-dominique;0
jean-christopher;0
jean-benoit;0
je-kyoon;0
je-i;0
jazz-pop;0
jay-z;0
jase-w;0
japan-us;0
japan-elf;0
jap-chin;0
jan-petter;0
jan-ingwer;0
james-lin;0
jal-foundation;0
jaish-e-muhammad;0
jaeuke-ism;0
jaeshin-ssi;0
jaejoongie-ah;0
jaejoong-ssi;0
jae-yul;0
jae-young;0
jae-sung;0
jae-dragon;0
jae-ah;0
ja-nguoi;0
í-e;0
izmit-nơi;0
iwep-đông;0
iu-lét-xờ;0
iu-hay;0
itv-ý;0
italy-elf;0
isshi-san;0
israel-gaza;0
iskenderun-hatay;0
iskander-m;0
ishii-san;0
is-league;0
is-f;0
iron-phosphate;0
iron-người;0
iran-afghanistan;0
ir-a;0
iq-rs;0
iq-mr;0
ipm-gap;0
ipl-điều;0
ion-catiovital;0
intro-bán;0
internet-con;0
interfax-avn;0
inter-sones;0
inter-serie;0
inter-ranieri;0
inter-mourinho;0
inter-htt;0
inter-generation;0
inter-fan;0
inter-continetail;0
inter-continental;0
inter-champions;0
inter-bayern;0
instant-on;0
inspiring-pic;0
inoo-chan;0
ino-chan;0
inmarsat-c;0
inh-lích-shờ;0
inh-bờ-li-vơ-bồ;0
ing-lịt;0
ing-lít;0
indus-saraswati;0
indo-vn;0
indo-manai;0
incheon-airport;0
in-đra;0
in-ú;0
in-tờ;0
in-tẹt-nét;0
in-tặc-nét;0
in-tơ-pôn;0
in-tơ-nét;0
in-taek;0
in-pocket;0
in-na;0
in-ie;0
in-ho;0
in-grê-xô;0
in-ear;0
in-duk;0
in-do-ne-sia;0
in-do-ne-si-a;0
in-deed;0
in-app;0
ime-vân;0
im-worm;0
im-hyungjoon;0
ilsan-gu;0
il-chun;0
iie-de;0
ii-lấy;0
ii-iii;0
ii-f;0
ii-c;0
ihs-jane;0
if-kyuhyun;0
idico-conac;0
ict-hcm;0
ichigo-chan;0
ichi-kun;0
ich-xau;0
ice-tv;0
ibus-unikey;0
ibrahimovic-cassano;0
ibra-pato-robinho;0
ib-ft;0
hữu-chug;0
hợp-tan;0
hờn-pé;0
hờ-sáu;0
hột-vịt-chiên;0
hộp-ing;0
hội-từ;0
hội-nghề;0
hội-kinh;0
hội-hay-ho;0
hội-doanh;0
hội-bộ;0
hỗng;0
hồng-tổng;0
hồi-thiếu;0
hồ-hà;0
hốp-man;0
hỏi-có;0
học-xuất;0
học-tùng;0
học-thi-nhận;0
học-pts;0
học-nguyễn;0
học-ing;0
học-hành;0
họ-suju;0
hỉ-nộ-ái-ố;0
hệ-mr;0
hết-điều-kiện-để-học-rồi;0
hế-nhô;0
hế-lô;0
hằng-sông;0
hắz-xì;0
hắt-xìiiii;0
hắt-ka-tê;0
hắc-zì;0
hắc-clơ-be-ri;0
hậu-seohae;0
hậu-pc;0
hận-ing;0
hẫu;0
hấn-nìì;0
hải-ốc;0
hải-tp;0
hải-thu;0
hải-phó;0
hải-lê;0
hải-ly;0
hải-jes;0
hải-hư-hỏng;0
hải-hàng;0
hải-hiền;0
hải-cảng-mưa-buồn;0
hải-bí;0
hạnh-thù;0
hạng-super;0
hạn-quá;0
hạn-nước;0
hại-đáng;0
hại-ing;0
hạc-chủ;0
hướng-dẫn-sử-dụng-máy-ảnh;0
hưng-đặng;0
hưng-tản;0
hưng-cẩm;0
hơn-cầu;0
hơi-ing;0
hơi-hơi;0
hơi-cảm-ing;0
hũm;0
hđtdth-tcdk;0
hđqt-tgđ;0
hý-ọ-yon;0
hùng-trưởng;0
hùng-lan;0
hùng-khoa;0
hùng-ctv;0
hô-xê;0
hô-teo;0
hô-ma-ra;0
hô-ly-út;0
hót-gơ;0
hóng-ing;0
hóc-môn;0
hóa-tlsq;0
hóa-ing;0
hòa-đồng;0
hòa-từ;0
hòa-nắng;0
hòa-nhân;0
hít-le;0
hình-phim;0
hình-ing;0
hì-ngồi;0
hên-xui;0
hê-rô-in;0
hê-lồ;0
hê-lô;0
hê-hiếc;0
héc-cu-lít;0
hé-lô;0
hé-lu;0
hè-thu;0
häagen-dazs;0
hãng-rẻ;0
hã-add;0
hận-ing;0
hây-da;0
hâm-ing;0
hát-e-gờ;0
háp-pi;0
há-hốc-mồm;0
há-há-há;0
hào-thành;0
hào-ninh;0
hành-quản;0
hành-là-chính;0
hàng-tài;0
hàng-dù;0
hàn-xẻng;0
hàn-việt;0
hàn-trung;0
hàn-triều;0
hàn-nhật;0
hàn-khựa;0
hàn-hàn;0
hàn-guốc;0
hàn-eng;0
hàn-chính;0
hàn-anh-việt;0
hàn-anh;0
hàm-nguyên;0
hài-nhạc;0
hài-ing;0
hài-holic;0
hài-cười;0
hà-p;0
hà-lạc;0
hà-lý;0
hà-láng;0
hà-liễu;0
hà-h;0
hà-chủ;0
hz-gấp;0
hyunie-chan;0
hyung-suk;0
hyung-nim;0
hyundai-kia;0
hyundai-huy;0
hyun-ssi;0
hyun-soo;0
hyun-joong;0
hyun-ik;0
hyun-chae;0
hyun-a;0
hyukjae-donghae;0
hyuk-yú;0
hyuk-x;0
hyuk-sshi;0
hyuk-nách;0
hyuk-dong;0
hyorin-min;0
hyong-sop;0
hyeong-seok;0
hyeon-jong;0
hye-young;0
hye-ryun;0
hye-rim;0
hye-kyo;0
hydro-desulphurisation;0
hydro-chloro-fluoro-carbon;0
hy-hn;0
hwa-seung;0
hwa-n;0
huỳnh-giảng;0
huỳnh-cồn;0
huệ-lê;0
huế-đại;0
huế-đà;0
huế-phan;0
huế-hàng;0
huế-nơi;0
huyền-chùa;0
huynh-mụi;0
huyndai-vinashin;0
huy-vân;0
huy-thúi;0
hut-ing;0
huong-dan-do-an-tot-nghiep-nganh-tin-hoc-xay-dung;0
huntington-whitely;0
hunter-sama;0
hungary-việt;0
hung-dữ;0
hun-cắn;0
huflit-er;0
hue-dancesport;0
hua-chu;0
hu-xê-in;0
hu-xen;0
http-requests;0
htc-highroad;0
hsuan-chou;0
hs-tk;0
hs-gv;0
hpbd-tự;0
hoạch-đầu;0
hoạch-kiến;0
học-xã;0
học-ing;0
họ-sj;0
họ-fan;0
hóng-ing;0
hóa-sinh;0
hóa-er;0
hoóc-mút;0
hoá-nghệ;0
hoá-du;0
hoá-cao;0
hoành-t-tráng;0
hoàng-hồng;0
hoà-tĩnh;0
hoà-nhân;0
house-trance;0
house-er;0
houphouët-boigny;0
houphouet-boigny;0
hot-trích;0
hot-info;0
hot-a-co-co;0
hospital-seoul;0
hors-la-loi;0
hoon-hoàng;0
honh-oai;0
hongnhung-hp;0
hongki-chơnchơn;0
hong-fu;0
honda-air;0
hon-đa;0
hon-kim;0
home-các;0
holic-er;0
hole-in-one;0
hokkage-chan;0
hoegh-guldberg;0
hoà-kỳ;0
hoa-thường;0
hoa-indo;0
hoa-foxconn;0
ho-yeol;0
ho-min-jae-su-chun;0
ho-min;0
hnx-och;0
hnx-inex;0
hn-t;0
hn-sng;0
hn-nghia;0
hn-nam;0
hn-kí;0
hn-hy;0
hn-hcm-đalat-hn;0
hn-hcm;0
hn-bk;0
hn-amsterdam;0
hn-ams;0
hm-vs;0
hiện-đại-ngữ;0
hiểu-hiểu;0
hiểm-thảm;0
hiền-thanh;0
hiền-ly;0
hiếc-dê;0
hiêng;0
hizbul-islam;0
hiv-aids;0
hiu-tơn;0
hit-maker;0
hino-ss;0
hin-la-ri;0
him-the;0
him-chan;0
hill-wood;0
hikaru-chan;0
hika-chan;0
hik-chan;0
hihi-are;0
high-working;0
high-tensile-strength;0
high-tech;0
high-school;0
high-heel;0
high-five;0
high-fashioned;0
high-end;0
high-definition;0
high-beam;0
hide-san;0
hic-nhìn;0
hibiri-luv;0
hi-đrô;0
hi-ê-rô;0
hi-vision;0
hi-úc;0
hi-sushi;0
hi-shock;0
hi-ra-ta;0
hi-q;0
hi-polymer;0
hi-polimer;0
hi-perf;0
hi-p;0
hi-mobile;0
hi-lander;0
hi-hat;0
hi-gol;0
hi-c;0
hi-bred;0
hi-brand;0
hi-ace;0
hfi-r;0
hezb-e-islami;0
hewlet-packard;0
heung-min;0
heuk-jin;0
hertz-picciotto;0
hero-xiah;0
hero-sexyjj;0
hero-sexy;0
hero-manly;0
heriot-watt;0
heo-vê-ti-coa;0
hen-tai;0
hen-man;0
helms-burton;0
helm-in;0
hello-haelo;0
hei-lol;0
heenim-note;0
heelee-shipper;0
heechul-ssi;0
heechul-hyung;0
hee-won;0
hee-nủng;0
hee-nim;0
hee-my;0
hee-ho;0
hee-chan;0
heatlie-jackson;0
heat-tech;0
heart-wrenching;0
heart-breaking;0
heart-attack;0
head-up;0
head-phone;0
hdl-c;0
hd-vip;0
hd-media;0
hd-gold;0
hd-bb;0
hcmc-hanoi;0
hcmc-ers;0
hcm-đà;0
hcm-vn;0
hcm-offline;0
hcm-hn;0
hcm-elf;0
hcm-băng;0
há-la;0
hàn-vietnam;0
hay-đơn;0
hay-dã-man;0
hawk-iii;0
hawk-ii;0
hatch-back;0
hat-trick;0
hastc-index;0
harvard-thing;0
harvard-smithsonian;0
haru-kun;0
hartsfield-jackson;0
harris-moore;0
harmon-jones;0
harley-davidson;0
hard-yaoi;0
hard-working;0
hard-link;0
hard-coding;0
happy-ing;0
hany-shop;0
hans-peter;0
hans-joerg;0
hans-adam;0
hanoi-vietnam-asean-asian-earth;0
hanoi-er;0
hanoi-aptech;0
hanns-seidel;0
hankyung-vic-zhoumi;0
hanging-out-girl;0
hand-foot-mouth;0
hana-kim;0
han-wool;0
han-viet;0
han-suju;0
han-sol;0
han-nô-vơ;0
han-kyu;0
han-hắc;0
han-bơ-xtam;0
hamid-awi;0
hamgyungnam-do;0
ham-ni-da;0
half-sone;0
half-nude;0
half-naked;0
half-nake;0
hak-soon;0
hajime-chan;0
haizzzzzzzzzzzzzzzzzzzzzzzzzzzzzzzzzzzzzzzzzzzzzzzzzzzzzzzzzzzzzzzzzzzzzzzzzzzzzzzzzzzzzzzzzzzzzzzzzzzzzzzzzzzzzzzzzzzzzzzzzzzzzz;0
haider-maurer;0
hai-tẹc;0
hai-ti;0
hai-thứ;0
hai-pờ-mờ;0
hai-noob;0
hai-người-trong-phòng-tắm;0
hai-người-một-phòng-tắm-lớn-không-quần-áo;0
hai-ma;0
hai-con-bét-mút;0
haft-blood;0
hafl-nude;0
haeng-un-neun-bim-ni-da;0
haekyu-kyuhae;0
haehyuk-eunhae;0
hae-ye;0
hae-x;0
hae-vui;0
hae-tè;0
hae-sung;0
hae-ngủ;0
hae-móm;0
hae-mà;0
hae-kyu;0
hae-jessica;0
hae-girls;0
hae-eunseo;0
hae-eunhae;0
hae-dép;0
hae-de;0
hae-bias;0
hadocort-d;0
hack-ai;0
habshan-fujairah;0
habeco-trading;0
haans-jorg;0
ha-đứt;0
ha-đi;0
ha-ê;0
ha-vớt;0
ha-sê-mi;0
ha-se-o;0
ha-rốt;0
ha-ri;0
ha-qua-ni;0
ha-oppa;0
ha-mát;0
ha-min-tơn;0
ha-gl;0
ha-da;0
ha-bông;0
gụt-lai;0
gợi-nhớ;0
gớm-quá;0
gộ;0
gồ-chan;0
gốp-ba-chốp;0
gốm-carbon;0
gối-mếu;0
gối-mặt;0
gối-lủi;0
gốc-một;0
gọi-ism;0
gần-xa;0
gần-thích-chị-rồi-đấy;0
gần-như-là-vô-cảm;0
gơn-bi;0
gơ-len;0
găng-xtơ;0
gút-mo-ninh;0
gút-mo-ling-e-vơ-di-bô-đy;0
gút-gồ;0
gúc-gờ;0
gùng;0
gù-gồ;0
gôn-xa-lết;0
gô-ti-ơ;0
gô-ku;0
gòn-đơn;0
gòn-ninh;0
gòn-hà;0
gò-xa;0
gíp-xơn;0
gíp;0
gì-những;0
gà-trứng;0
gà-chan;0
gyeonggi-do;0
gye-gwan;0
gwang-jo;0
gv-loại;0
gv-hs;0
guồng-máy-truyền-thông-vĩ-đại-internet;0
guồi;0
guýp-pê;0
guzman-mcmillan;0
gur-e;0
guoi-tim-viec;0
gummy-tư;0
gullwing-doors;0
gu-am;0
gtel-mobile;0
gte-airfone;0
gs-ts-ngnd;0
gs-ts-kts;0
gs-ts-bác;0
gs-pgs;0
gs-ngnd;0
gs-bs;0
grơ-nốp;0
gru-di-a;0
group-buying;0
grin-xpan;0
green-chan;0
greeeen-花唄;0
gray-man;0
grapo-ju;0
grand-biz;0
gran-sasso;0
gram-my;0
grail-b;0
grail-a;0
gra-nit;0
gprs-cs;0
gp-nhnn;0
gp-btnmt;0
gp-bc;0
gp-bbcvt;0
gordon-levitt;0
goran-eriksson;0
google-translate;0
google-sonytv;0
google-motorola;0
google-hacking;0
google-chin;0
goodbye-ra;0
good-night;0
good-linkers-aodai;0
good-comfortable;0
good-bye;0
golf-resort;0
golf-cart;0
goan-ta-na-mô;0
go-ran;0
go-onger;0
go-oh-oh;0
go-o-o;0
go-globe;0
go-acoustic;0
gnome-panel;0
gmp-who;0
gmp-ilag;0
glucoza-huyết;0
glonass-m;0
glonass-k;0
glasses-free;0
gl-v;0
gl-class;0
giựt-lắc;0
giờn;0
giới-trong;0
giộ;0
giổi;0
giồ;0
giống-vật;0
giỏn;0
giền;0
giẹo;0
giắc-két;0
giắc-krít;0
giấy-đá;0
giấy-ngã;0
giấy-là;0
giảnh;0
giường-ôm;0
giường-cấu;0
giôn-xtơn;0
giô-xê;0
giô-xép;0
giót-gia;0
gión;0
gió-không;0
giê-ru-xa-lem;0
giê-hô-va;0
giéc-manh;0
giây-long;0
giâu;0
giáo-dục;0
giá-lạm;0
giá-kinh;0
giá-cát;0
già-đô-gái;0
già-mòm;0
già-bổn;0
giuong-om;0
giuog-om;0
giu-đô-giô-nô;0
giu-đô;0
giro-szasz;0
girl-hot;0
girl-group-like-snsd;0
girl-group;0
girl-girl;0
girl-dancers;0
girl-boy;0
gioóc-đa-ni;0
gioóc-giơ-tao;0
giovinco-floccari;0
gion;0
gin-san;0
gil-san;0
gien-nơ-dây-sờn;0
gie-rác;0
gie-phơ-ri;0
giả-vờ;0
già-mà-ko-nên-nết;0
giang-đình;0
giang-thơm;0
giang-thom;0
giang-ing;0
giang-hưng;0
giang-chan;0
giai-đơ;0
giai-ram;0
giai-cống;0
gia-đức;0
gia-đi;0
gia-xim;0
gia-va;0
gia-trà;0
gia-thu;0
gia-thanh;0
gia-oa-hác-lan;0
gia-nhược;0
gia-mu;0
gia-ka-ba-rinh;0
gia-các-ta;0
gi-ri-nốp-xki;0
gi-lô;0
gi-hông;0
gi-gô;0
gi-bran-ta;0
ghế-bật;0
ghê-đê;0
ghê-óc-ghi;0
ghu-na-oan;0
ghi-nét;0
ghi-chát;0
ghét-vậy;0
ghem-ba;0
ghana-uruguay;0
gh-lover;0
geun-hye;0
georgia-nước;0
geng-nt;0
geng-bao;0
gender-bender;0
gen-y;0
gen-nie;0
gem-chan;0
gel-silicon;0
geeky-gadgets;0
gee-gee;0
gdđh-nghề;0
gdtx-gdhn;0
gdcd-c;0
gd-đto;0
gd-đh;0
gd-top;0
gd-qp;0
gd-cl;0
gái-trai;0
gay-themed;0
gau;0
gassho-zukuri;0
gary-ssi;0
garcia-lopez;0
gao-chay;0
ganso-neymar-borges;0
gangnam-gu;0
gangam-gu;0
gan-ga;0
gan-du-ri;0
gamma-linolenic;0
game-ma;0
game-ing;0
game-bí;0
galacto-oligosaccharide;0
gakuran-oujisama;0
gaj-thorn;0
gain-ah;0
ga-tô;0
ga-to;0
ga-lơ-ry;0
ga-lăng-tiiii;0
ga-lăng-ti;0
ga-lông;0
ga-li-un;0
ga-len;0
ga-in;0
ga-da;0
fờ-ai-ting;0
fếc-búc;0
fởn-ing;0
făn-nỳ;0
făn-nì;0
fê-ing;0
fz-s;0
futurelink-cho;0
funny-hóa;0
fun-vii;0
full-time;0
full-option;0
full-need;0
full-hd;0
fuku-chan;0
fuji-san;0
fuel-air;0
fu-ku-shi-ma;0
ftuers-to-be;0
ft-vn;0
ft-se;0
ft-island;0
fructo-oligosaccharide;0
front-wheel;0
front-row;0
friend-partner;0
freeport-mcmoran;0
free-doom;0
fraser-grant;0
frank-louie;0
francois-xavier;0
francois-marie;0
fran-xít;0
fpt-fpts;0
fpt-ca;0
fpt-aptech;0
four-wheel;0
ford-martin;0
for-us;0
fondiaria-sai;0
follow-up;0
folding-finger;0
fol-er;0
fml-hàng;0
fly-kry;0
flw-er;0
floyd-warshall;0
floch-prigent;0
float-bar;0
flat-chested;0
flash-vietnam;0
fl-ing;0
fl-ers;0
fl-er;0
fl-back;0
five-o;0
fitz-james;0
fish-eye;0
first-sight;0
fils-aime;0
filipino-american;0
filezilla-project;0
fic-ing;0
fews-net;0
ferowat-vh;0
ferney-voltaire;0
ferguson-man;0
felix-mentor;0
felbab-brown;0
fe-gu-sơn;0
fc-kpop;0
fb-ad;0
fawoo-kidi;0
fangirl-side;0
fangirl-ing;0
fangirl-dàh;0
fandom-related;0
fandom-mates;0
fancy-free;0
fanboy-hàng;0
fan-voting;0
fan-talk;0
fan-service;0
fan-reply;0
fan-quá-sức-cuồng;0
fan-não-ngắn;0
fan-je-anti-ar;0
fan-gơn;0
fan-gơ;0
fan-girling;0
fan-girl;0
fan-fiction;0
fan-epik;0
fan-cp;0
fan-chân-chính;0
fan-chant;0
fan-bôi;0
fan-boy;0
fan-art;0
fan-acc;0
fam-saju;0
fake-friendship;0
fair-pay;0
fair-paly;0
face-my;0
fabregas-messi-alexis;0
ezu-on;0
ez-link;0
extra-terrestrial;0
express-news;0
exo-m;0
exo-k;0
ex-wifey;0
ex-u-kiss;0
ex-tvxq;0
ex-members;0
ex-member;0
ex-mem;0
ex-l;0
ex-idol;0
ex-husband;0
ex-hubby;0
ex-hott;0
ex-girlfriend;0
ex-gf;0
ex-ex;0
ex-em;0
ex-crush;0
ex-boyfriend;0
ex-bf;0
ex-anh;0
ever-young;0
event-driven;0
europe-south;0
euro-zone;0
eunseo-donghae;0
eunhyuk-đậu;0
eunhae-haehyuk;0
euna-unnie;0
eun-young;0
eun-x;0
eun-seon;0
eun-hye;0
eun-hak;0
eun-hae;0
eul-chul;0
eui-don;0
estonia-ireland;0
essen-dusseldrf;0
ernst-happel;0
erlangen-nuremberg;0
epstein-barr;0
eo-vít;0
eo-hun;0
entry-level;0
enjo-kōsai;0
eng-viet;0
eng-tweet;0
eng-trans;0
eng-sub;0
eng-finity;0
end-user;0
end-used;0
enc-er;0
en-zồ;0
en-xma;0
en-v;0
en-rồ;0
en-na-đa;0
en-lin;0
en-gốc;0
en-giồ;0
em-ttct;0
em-quang;0
em-mỳ;0
em-minh;0
em-mi;0
em-cê;0
elmer-dewitt;0
elisabethen-krankenhaus;0
elf-younger;0
elf-vietnam;0
elf-v;0
elf-són;0
elf-sone;0
elf-petal;0
elf-orrrr;0
elf-jp;0
elf-jo;0
elf-gương-mẫu;0
elf-afsquotevn;0
electro-pop;0
el-zour;0
el-thawra;0
el-sheikh;0
el-mamoun;0
el-mallah;0
el-mahroug;0
el-khalil;0
el-keib;0
el-keeb;0
el-hiri;0
el-hettan;0
el-gomaa;0
el-ganzouri;0
el-gamaty;0
el-gabal;0
el-faramawi;0
el-din;0
el-baradei;0
el-araby;0
el-arabi;0
el-adly;0
el-adli;0
ekblom-bak;0
ek-link;0
eib-hose;0
eia-hun;0
ehp-ers;0
ef-cambridge;0
eeteuk-ssi;0
edward-scott-montagu;0
edward-bella;0
edge-lit;0
eco-system;0
eco-resort;0
ec-đốt-xơ;0
ebanks-blake;0
eat-man;0
eat-er;0
earthquake-report;0
ear-phone;0
eadon-clarke;0
dựng-kinh;0
dựng-hud;0
dựng-giao;0
dựng-chuyển;0
dừng-khởi;0
dục-từ;0
dục-khoa;0
dục-bảo;0
dụ-đại-mỹ;0
dụ-mỹ;0
dụ-cường-mỹ-công;0
dở-ít-mắc;0
dờ-pen;0
dờ-boi;0
dờ-biếc;0
dớt-tin-bi-bơ;0
dối-phương;0
dối-phươg;0
dịch-ebanking-pos-atm-trung;0
dệt-may;0
dậy-siêu;0
dậy-sims-twitter-ngủ-sims-twitter-zai;0
dậy-nằm;0
dậy-lén;0
dậu-ssi;0
dầu-tôi;0
dầu-acrylic;0
dầm-nem;0
dất-là-aegyo;0
dạy-dỗ;0
dược-bộ;0
dương-ssi;0
dơ-er;0
dũng-thanh;0
dũng-hôm;0
dù-nhổ;0
dót;0
dón;0
dóm;0
dìm-ai-tự-biết-nhé;0
dì-sai;0
dênh;0
dê-licious;0
dê-ba-ri;0
dép-síc-ca;0
dép-si-đa;0
dèn;0
dã-cả-man;0
dân-môn;0
dân-chính-đảng;0
dành-cho-nam-giới;0
dài-ôm;0
dài-nói;0
dài-ngồi;0
dài-lòng-thòng-dằng-dặc-zô-bờ-bến-mỏi-mồm-mòi-mỏ;0
dzốn-ers;0
dzêss-bung;0
dvi-d;0
dvd-rw;0
dvb-t;0
dv-tm;0
duyên-est;0
dun-ly;0
dun-kíp-phi;0
duk-soo;0
duk-min;0
duk-eon;0
dubreuil-prevot;0
duan-quyhoach;0
dual-core;0
dual-carrier;0
dual-band;0
du-lượng;0
du-cơ-bớc;0
dt-ukh;0
ds-skss;0
ds-pt;0
ds-khhgđ;0
drop-down;0
download-ing;0
down-time;0
double-plugin;0
double-language;0
double-faul;0
double-bogey;0
dose-response;0
doraemon-kun;0
dora-chan;0
dopa-mine;0
doosan-vina;0
doojoon-gì-đó;0
doo-wops;0
doo-ki-senb;0
dongwoon-nim;0
dongwoon-beast;0
dongie-yah;0
donghae-min;0
donghae-eunseo;0
dong-yi;0
dong-wook-won;0
dong-won;0
dong-tay;0
dong-min;0
dong-jin;0
dong-hwan;0
dong-dong;0
dong-chul;0
dong-a;0
don-ki-ho-te;0
don-joo;0
dome-nhật;0
domazet-loso;0
dolphin-việt;0
doi-thoai;0
dodo-hathien;0
dodd-frank;0
doanh-nghiệp;0
doanh-chuyển;0
do-nothing;0
do-it-yourself;0
do-concert;0
do-bác;0
dn-hvnclc;0
dn-cơ;0
dn-a;0
dm-ed;0
dl-methionin;0
diện-dân;0
diễn-thuận;0
diễn-quay;0
dịch-huyền;0
diện-tự;0
diu-ga-nốp;0
discuss-argue;0
dis-moi;0
direct-steer;0
direct-share;0
diponenegoro-indonesia;0
dinh-lắc;0
digi-texx;0
diezel-dien;0
diesel-điện;0
diehl-armstrong;0
die-ing;0
dich-vu-in-anthiết;0
dich-vu;0
diaz-balart;0
diarra-alonso;0
di-đan;0
di-ốt;0
di-lân;0
dhd-ls;0
dh-cd;0
dfid-uk;0
dẹo-banh-sân-khấu;0
dezome-shiki;0
devillers-tác;0
deuterium-tritium;0
deu-ra-ma;0
des-er;0
deng-dongshaen;0
den-vin-sờ;0
demi-volley;0
delta-iv;0
del-del-del;0
debit-card;0
de-mi-lo-va-to;0
de-kun;0
de-activate;0
ddth-ers;0
dcom-niềm;0
dc-nó;0
dbsk-vcass;0
dbsk-changmin;0
dbsj-bf;0
db-fic;0
db-couple;0
db-class;0
dài-niềm;0
day-runner;0
day-my;0
day-minh;0
day-mare;0
day-dreamer;0
david-kilgour;0
daughter-in-law;0
dau-wookiee;0
date-krumm;0
dapriho-er;0
dap-vinachem;0
danky-chan;0
danh-tên-ns;0
danh-tkv;0
dangsan-dong;0
dance-pop;0
dana-farber;0
dan-chan;0
dalgona-sbs;0
dalat-nha;0
daimler-benz;0
daigo-san;0
dai-và;0
dai-sama;0
dai-kun;0
dai-ichi;0
dai-chan;0
daffa-alla;0
daewoo-cleve;0
daesang-our;0
dae-sung;0
dae-jung;0
dad-bố-tức;0
da-đran;0
da-ôi;0
da-giày;0
da-da-da-danger;0
da-ba-đa-ni;0
cực-kì-đau-tim;0
cực-kì-lười;0
cực-kì-không-được-hợp-với-anh-cho-lắm;0
cực-kì-khó-tính;0
cực-kì-hoành-tráng;0
cực-k-ì-dễ-thương;0
cửa-khóa;0
của-tao-nha;0
cờ-rít-li;0
cờ-lích;0
cờ-hó;0
cớt;0
cộng-đúng;0
cống-xàng-xê-cống;0
cốn;0
cố-tình-ly;0
cố-tình;0
cẳn;0
cằm-mơ;0
cắp-pồ;0
cắn-able;0
cậu-tớ;0
cậu-tình;0
cận-tử;0
cấu-xì;0
cấp-thoát;0
cảy;0
cảnh-báo;0
cảng-hickam;0
cảm-sốt-nhức;0
cạnh-vòng;0
cương-ing;0
cưc-kì-k-thích;0
cư-tê;0
cư-rơ-gư-xtan;0
cơm-đưa;0
cơm-áo-gạo-tiền;0
cơm-ing;0
cơm-bách;0
cơ-nét;0
cũ-từng;0
cđ-đh;0
căm-bách;0
cút-kít;0
cúp-pồ;0
cúp-học;0
cúp-bồ;0
cún-bông;0
cúm-ing;0
cốc-tai;0
công-xéc-tô;0
công-tống;0
công-tư;0
công-tơ-mét;0
công-tơ;0
công-thụ-thụ;0
công-ing;0
công-hoàng;0
công-gô;0
côg-thụ;0
cô-độc;0
cô-xta;0
cô-tôi;0
cô-rô-phan;0
cô-pen-ha-ghen;0
cô-nhắc;0
cô-lét-tơ-ron;0
cô-lum-bi-a;0
cô-lin;0
cô-gái-vì-ăn-chơi-nên-mới-khổ-nhục;0
cô-en-trao;0
cô-dét;0
cô-cháu;0
cô-bé;0
có-tí-seme;0
có-thể-tương-lai;0
cát-xê;0
cái-ngừi-từ-hcm-chuyển-ra;0
cái-máy-tính-ko-bò;0
cái-chết-tiệt;0
các-te;0
các-nin;0
các-men;0
các-lô;0
cá-đông-lạnh;0
cá-thải;0
cá-khoai;0
cá-ie;0
cá-cua-tôm-ốc;0
cá-chuột;0
càng-ngày-càng-tốt;0
càng-ngày;0
cà-mèn;0
cà-kheo;0
cy-world;0
cva-er;0
cv-ttrc;0
cv-ta;0
cv-phỏng;0
cv-nhmr;0
cv-lđbđvn;0
cv-htc;0
cv-cds;0
cuồng-ing;0
của-bạn-ý;0
cù-là;0
cute-keo;0
cup-pen;0
cuoi-om;0
cuoi-dam;0
cuoi-butterfly;0
cung-ten;0
cu-đơ;0
cu-tè;0
cu-toe;0
cu-te;0
cu-roa;0
cu-lôn;0
cu-dan-mang-nhat-ban-lien-tuc-chi-trich-su-gia-doi-cua-snsd;0
cu-ben;0
cts-v;0
ctrl-alt-del;0
ct-xh;0
ct-tw;0
ct-thnvdt;0
ct-t;0
ct-scan;0
ct-nhnn;0
ct-ktnn;0
ct-bca;0
csđt-công;0
cshs-catp;0
csgt-tt-pưn;0
csgt-tt;0
csgt-catp;0
crô-a-ti-a;0
cry-park;0
cry-inggggggggghgggggggggggggg;0
cry-ing;0
cru-ip;0
crossover-coupe;0
crit-xti-na;0
cri-j;0
crem-li;0
credit-transferred;0
cr-z;0
cpop-aholic;0
cpi-tháng;0
cpi-m;0
cp-dv;0
có-cá-tính;0
course-work;0
country-vietnam;0
counter-steer;0
counter-rotating;0
cospas-sarsat;0
coslett-hughes;0
cornella-el;0
copy-pase;0
copy-cat;0
coordi-nuna;0
coop-mark;0
cool-chất-phong;0
context-free;0
cont-trans;0
coninco-sec;0
cong-go;0
concert-hay;0
concept-phones;0
conan-ing;0
con-đường;0
con-tét;0
con-sê-quần-sịt;0
con-người;0
con-hà;0
con-cãi;0
con-bé;0
computer-aided;0
commerzbank-arena;0
comic-con;0
com-pô-sít;0
com-plê;0
com-pho;0
colo-colo;0
cole-yorke;0
coil-over;0
cohn-bendit;0
coffeecandy-chan;0
code-v;0
cock-tail;0
coa-cola;0
co-sign;0
co-owner;0
co-operative;0
co-operation;0
co-ma-ra-soa-my;0
co-edvn;0
co-ed;0
co-axial;0
cnvc-lđ;0
cnvc-llvt;0
cnv-lđ;0
cntt-tt;0
cntt-trường;0
cnt-của;0
cnn-ers;0
cnn-er;0
cnh-đth;0
cnh-hđh;0
cn-ttcn;0
cmc-hnx;0
cluj-napoca;0
clin-tơn;0
click-vào-rồi-điên;0
clichy-sous-bois;0
cli-giơ;0
clau-đi-ô;0
clau-đi;0
clau-dơ-vít;0
cj-gvc;0
city-vietnam;0
city-ing;0
cis-vietnam;0
ciganer-albeniz;0
chủn;0
chủ-vị;0
chủ-từ;0
chủ-lý;0
chủ-cách;0
chụ-la-lông-con;0
chớp-chị;0
chống-kito;0
chống-bệnh;0
chịa;0
chị-cứ-khoái-xáp-vào-zais;0
chị-anh;0
chị-ai-cũng-biết-là-ai-đấy;0
chỉ-mình-từng-bước-đi;0
chỉ-là-của-riêng-người-kia-mà-thôi;0
chỉ-cần-ăn-mà-bày-đặt-đeo-mặt-nạ;0
chề-chường;0
chết-ngộp-ed;0
chế-ing;0
chẹo;0
chặt-chu;0
chẵn-ngày;0
chẵn-lẽ;0
chẳng-có-lí-do-gì-để-không-có-lí-do-gì-mình-buồn-nữa-cả-mọi-chuyện-rồi-sẽ-ổn-mà;0
chắc-chắn-phải-làm-được;0
chậm-boy;0
chất-sinh;0
chảy-kitchen;0
chả-ra-cái-gì;0
chả-quen-biết;0
chả-lụa;0
chưa-baoh-nhìn-thấy;0
chư-yang-sin;0
chơn-xi;0
chơn-ssi;0
chơn-ni;0
chơi-xem-mua;0
chơi-nhạc-cụ;0
chơi-ngủ;0
chơi-check;0
chăn-ôm;0
chăn-trùm;0
chăn-lén;0
chăm-tư;0
chăm-học;0
chúng-đầu;0
chúng-tâm;0
chúa-siwon;0
chúa-hoàng;0
chùm-rụm;0
chõm;0
chóng-an;0
chó-người;0
chó-chết;0
chính-tư;0
chính-tín;0
chính-thanh;0
chính-nhưng;0
chính-kinh;0
chìm-ing;0
châu-pct;0
châu-chan;0
chân-xem;0
chân-thật-mà-nói;0
chân-thiện-nhẫn;0
chân-chính;0
cháo-ăn-liền;0
chánh-tphcm;0
chán-đời;0
chán-trời;0
chán-ing;0
chàng-của-em;0
chài-ni;0
chuếch;0
chuyện-mà-ai-cũng-biết;0
chuyện-không;0
chuyên-nghiệp;0
chunnie-ah;0
chungdam-dong;0
chung-yong;0
chung-nhân;0
chung-lee;0
chun-pắc;0
chun-li;0
chun-hee;0
chun-ah;0
chul-shi;0
chul-kim;0
chul-da;0
chui-ra;0
chua-ngu-duoc;0
chua-dai;0
chua-bánh;0
chua-bao-gio;0
chu-young;0
chu-ka-ham-mi-ta;0
chu-ka-hae;0
chu-ka;0
chu-jung;0
chrysler-fiat;0
choái;0
choá;0
chonl-nam;0
chong-kim;0
chol-su;0
chol-nam;0
choikang-ssi;0
choi-ssi;0
choi-long;0
choco-late;0
cho-i;0
chk-tc;0
chiên-sandwitch-mì;0
chip-wrecked;0
china-korea;0
china-defense;0
chin-fon;0
chin-cha;0
chin-baarstad;0
chim-điên;0
chill-out;0
chile-ers;0
chih-peng;0
chien-lam-anh-bun;0
chick-flick;0
chicago-taipei;0
chicago-lincoln;0
chic-land;0
chibis-m;0
chibichibi-chan;0
chiaki-sama;0
chia-richmond;0
chi-tiet;0
chi-sub;0
chi-holic;0
chi-a-ki;0
chet-vi-cuoi;0
chess-meeting;0
cheryl-joan-wang;0
cheongdam-dong;0
cheong-ho;0
cheon-ha;0
chen-đôg;0
chen-xi;0
chelsea-mourinho;0
checked-in;0
check-ins;0
che-r;0
chán-ing;0
chat-yahoo;0
chat-nham;0
chat-chit;0
charles-augustin;0
chant-suju;0
chansung-taecyeon-seulong-changmin;0
chanh-mật;0
changmin-yunho;0
changmin-thật;0
changmin-ssi;0
changmin-shii;0
changmin-hyung;0
chan-san;0
chan-qua-di-thoi;0
chan-nim;0
chan-na;0
champs-élysées;0
champs-elysees;0
champaign-urbana;0
chai-yo;0
chai-en;0
chai-của-mình;0
chaejin-suk;0
chaban-delmas;0
cha-yol;0
cha-kyu;0
cha-cha-cha;0
cha-cha;0
ch-er;0
cgw-jyhs;0
cfd-iles;0
cesc-robinho;0
cep-ausaid;0
cen-ti-mét;0
cedars-sinai;0
ce-le-bra-te;0
cdc-hsx;0
cbnv-công;0
cbmp-qld;0
cbcc-vc;0
cb-cc-vc;0
cb-cc;0
cạn-long;0
cà-phê;0
catp-gtvt;0
cat-xê;0
cat-walk;0
cat-tong;0
cat-sê;0
cat-css;0
cassiopeia-fan;0
cassiopaia-family;0
cass-ng;0
cass-elf;0
case-study;0
case-shriller;0
case-shiller;0
carroll-bellamy;0
carbon-titan;0
carbon-gốm;0
cap-haitien;0
cao-rồng;0
cao-cortisol;0
cao-bắc-lạng;0
canh-mặn-rau;0
canada-chile;0
can-đỡ-able;0
can-xít;0
can-li;0
can-khuynh;0
can-cút-ta;0
campuchia-việt;0
campuchia-thái;0
camponoti-balzani;0
cam-trắng;0
calmy-rey;0
calmette-guérin;0
callsen-bracker;0
california-irvine;0
california-berkeley;0
cal-grant;0
cai-sa;0
cafe-làm-bài;0
cafe-beers-travel;0
cac-ton;0
cabra-vale;0
cabin-thùng;0
ca-đíp;0
ca-đúpliu;0
ca-đa-phi;0
ca-vát;0
ca-táp;0
ca-tun;0
ca-tbd;0
ca-ta-lô-ni-a;0
ca-sơ-mia;0
ca-săng;0
ca-rôn;0
ca-rô-lin;0
ca-rô-li-na;0
ca-ri-mốp;0
ca-ra-men;0
ca-ra-cát;0
ca-pô;0
ca-pê-lô;0
ca-pri;0
ca-po;0
ca-phe-den-da;0
ca-pa-nát-de;0
ca-mờ;0
ca-mê-rơn;0
ca-mê-rôn;0
ca-mê-ra;0
ca-lăng;0
ca-hiu;0
ca-fe;0
ca-dắc-xtan;0
ca-dai;0
ca-cib;0
ca-cao;0
ca-bóp;0
ca-bun;0
ca-a-a-a-a-are;0
bựa-chan;0
bự-gà;0
bừng-mừng;0
bức-thư-của-juliette;0
bứ;0
bờ-rút-xi-a;0
bờ-lô;0
bờ-lách-ber-ri;0
bớt-thừ-đêy;0
bớc-minh-ham;0
bội-luôn;0
bộc-tây;0
bộ-đường;0
bộ-phóng;0
bốt-đan;0
bốt-xừ-rư;0
bố-mẹ;0
bố-baby;0
bịt-pv;0
bị-ma-ám;0
bị-lừa-gạt;0
bị-bus-bỏ-bến-dưới-cái-lạnh-thấu-xương;0
bẹc-kham;0
bằng-trung;0
bằng-mọi-giá;0
bắt-tơn;0
bắp-chan;0
bắc-đông;0
bận-làm-việc;0
bẩy-ing;0
bấy-bề;0
bấy-bì;0
bấy-bi;0
bất-bình-thường;0
bấn-loạn-đến-mức-tự-kỉ;0
bấn-ing;0
bấm-sáp;0
bảo-bối-nhà-em;0
bản-tính-khó-đổi;0
bản-siêu;0
bạt-ti;0
bạp;0
bạn-đại-học;0
bạn-tôi;0
bạn-thân-mới;0
bạn-thân;0
bạn-suýt-thân;0
bạn-mà-cậu-ấy-không-chơi;0
bạn-là;0
bạn-hồi;0
bạn-bị-bơ-ngủ-quên-không-đi-học-lại-học-dốt;0
bạn-bơ-mình-và-đã-làm-xog-bài-tập-tết;0
bạn-bơ-khôngchơi-với-bạn-bè-lại-còn-chiều-nay-đi-học-vừa-đi-chơi-về-rồi;0
bạn-bơ-khôngchơi-với-bạn-bè-lại-còn-chiều-nay-đi-học-vừa-đi-chơi-về-lâu-không-nói-chuyện;0
bạn-bơ-khôngchơi-với-bạn-bè-lại-còn-chiều-nay-đi-học;0
bại-est;0
bơ-ing;0
bđ-vh;0
băng-rôm;0
băng-ca;0
bút-tô;0
búp-fê;0
bù-lông;0
bông-múa;0
bôn-tơn;0
bôi-xê-li-ê;0
bô-ê-đi-nô;0
bô-át;0
bô-xtơn;0
bô-tơn;0
bô-nai;0
bô-li-va;0
bô-go;0
bô-cô-va;0
bô-a-teng;0
bói-ing;0
bòi;0
bík-e;0
bí-béo-sâu-sắc;0
bình-trọng;0
bình-tphcm;0
bình-thân;0
bình-dân-học-vụ;0
bình-cs;0
bình-cao;0
bì-li;0
bêta-caryophyllen;0
bêta-caroten;0
bênh-mô;0
bê-đê;0
bê-tít;0
bê-tai;0
bê-ta;0
bê-la-rút;0
bê-gô;0
bét-lê-em;0
béo-đầu;0
béo-bụng;0
béc-na-bu;0
béc-lin;0
béc-kham;0
béc-giê;0
béc;0
bé-bỏng-kooki-e-ki-ô;0
bát-đrôn;0
bát-đa;0
bánh-nghi;0
bán-khỏa-thân;0
báck-rao;0
bách-ti-a;0
bác-xơ-lô-na;0
bác-xê-lô-na;0
bác-xa;0
bác-pv;0
bá-anh;0
bày-không;0
bàn-đập;0
bài-ing;0
bà-ông;0
bà-con;0
byunghyun-nim;0
byung-ok;0
byung-jae;0
byoung-kweon;0
byeong-chun;0
bye-yeom;0
by-products;0
bxd-vp;0
bxd-hđxd;0
bvhttdl-vp;0
bvhttdl-ttr;0
bva-gallup;0
bv-pharma;0
buồn-sao;0
buồn-ing;0
bụng-hiện;0
bùn-ing;0
butt-hurt;0
busquets-xavi-iniesta;0
busquets-thiago-xavi;0
burns-cox;0
burn-out;0
burn-in;0
burdon-sanderson;0
bunga-bunga;0
bung-woo;0
bung-nam;0
bung-ga-ri;0
bun-ga;0
built-to-last;0
build-your-own;0
build-in;0
bue-chip;0
buble-tea;0
bub-op;0
bua-di-di;0
bu-đa-pét;0
bu-zi;0
bu-xkết;0
bu-tra-ghê-nô;0
bu-sơ;0
bu-se-ke;0
bu-lông;0
bu-kyung;0
btc-tct;0
btc-qlg;0
btc-nsnn;0
btc-cst;0
bt-ing;0
brúc-xen;0
brô-át;0
brét-xi-a;0
bruni-sarkozy;0
bru-nây;0
brix-tôn;0
britney-i;0
brill-zinsser;0
briand-kellogg;0
bri-xtơn;0
bri-brit;0
bri-an;0
brett-livingston;0
brennan-jobs;0
break-point;0
brain-washed;0
bra-ti-xla-va;0
bra-ga;0
bpc-hnx;0
boóc-đô;0
boys-male;0
boy-friend;0
boy-f;0
boy-cậu;0
boy-boy;0
boy-anh-hung;0
bowen-simpkins;0
boud-sa;0
bou-pha-kham;0
boss-cha-bé;0
bosnia-herzgovina;0
bosnia-herzegovina-bđn;0
borussia-park;0
borey-a;0
borei-a;0
boo-boo;0
bong-jo;0
bonai-wanggai;0
bon-chan;0
bom-sa;0
bom-ah;0
boh-seon;0
body-shaking;0
body-kit;0
board-junior;0
bo-đì;0
bo-xì;0
bo-sn;0
bo-kaap;0
bo-blog;0
blách-pun;0
blue-track;0
blue-ie;0
blue-chip;0
blog-tweet;0
block-b;0
blind-carbon-copy;0
blf-er;0
blem-li;0
blaq-style;0
bkhđt-clpt;0
bkhcn-khtc;0
bkav-ca;0
bk-aptech;0
biển-đảo-rừng;0
biển-tuyến;0
biết-tiếng-hàn;0
biết-thực;0
biết-là-ai-đấy;0
biết-cách-đùa;0
biết-cách-chăm-sóc-da;0
biết-các;0
biết-bao-giờ-là-của-ta;0
bị-đẹp;0
biên-nơi;0
biên-lai;0
biên-gia;0
biu-đờ-pho;0
biu-tì-phun;0
bitexco-bitexco;0
bisphenol-a;0
bio-medicure;0
binh-đường;0
binh-nuoc-nong;0
binh-nong-lanh;0
binh-bốp;0
bin-ti;0
bin-shk;0
bin-diving;0
bigbang-vip;0
big-bear;0
bieber-hater;0
bia-rượu-nước;0
bia-rượu-ngk;0
bia-bơ;0
bi-ết;0
bi-át;0
bi-xenon;0
bi-skếch;0
bi-o-nic;0
bi-li;0
bi-ha;0
bi-an-nê;0
bi-a-ne;0
bhơ-noong;0
bhutto-zardari;0
bhu-mi-bôn;0
bh-chelsea;0
bgtvt-tccb;0
bgdđt-khtc;0
bgdđt-gdmn;0
bettencourt-meyers;0
beta-readers;0
beta-catenin;0
beta-caroten;0
beta-amyloid;0
bet-industry;0
bet-boi;0
best-selling;0
best-choice-tech;0
berwick-upon-tweed;0
bergès-frisbey;0
benq-siemens;0
ben-hatira;0
ben-gan;0
ben-ami;0
bell-labs;0
bel-hotel;0
bel-air;0
bedroom-ah;0
bed-perf;0
bed-gơ;0
become-pro;0
bec-giê;0
beau-jour-concert;0
beat-nấc;0
beat-ing;0
beat-boxxxxxxxxxx;0
beasty-ma;0
be-thu-nam;0
be-li-dơ;0
be-au-ty;0
bcð-qltt;0
bct-xnk;0
bct-tttn;0
bcb-pr;0
bc-vt;0
bc-ttcp;0
bc-cp;0
bbuing-bbuing;0
bbc-blockb;0
bb-wannabe;0
bb-dict;0
bá-chúc;0
bayan-kara-ula;0
bay-đánh-máy;0
bay-bê;0
bay-bi;0
bay-arena;0
bautista-agut;0
bau-troi-u-ám;0
bat-dong-san;0
baskin-robbins;0
barré-sinoussi;0
barrett-jackson;0
barnaul-t;0
barca-arsenal;0
barbel-massin;0
barbara-con;0
baram-ssi;0
bar-tab;0
bar-nhà;0
bar-café;0
baobei-ah;0
bao-ni-long;0
bao-màu-đỏ;0
bang-nim;0
bang-ge;0
bandra-kurla;0
bana-ki;0
ban-tích;0
ban-nơ;0
ban-nhận;0
ban-ing;0
bam-bang;0
ball-point;0
baik-chu;0
baidu-yi;0
bai-ơ;0
bai-đơn;0
bai-bai;0
bae-da;0
baden-württemberg;0
back-ups;0
back-hug;0
bachkhoa-aptech;0
bac-trung-nam;0
baby-missa;0
baby-g;0
baby-faced;0
ba-đờ-sốc;0
ba-zan;0
ba-xê-xcu;0
ba-xcơ;0
ba-tê;0
ba-te;0
ba-tal;0
ba-rắc;0
ba-ri-nốp;0
ba-ri;0
ba-ren;0
ba-rem;0
ba-ranh;0
ba-nô-ê;0
ba-mươi-sáu;0
ba-li;0
ba-la-mật-đa;0
ba-khờ-ti-a;0
ba-dô-ca;0
ba-chan;0
ba-cái-thể-loại-hok-phải-nhạc-việt;0
ái-chà;0
àkt-t;0
ayumu-điều;0
ayu-chan;0
aya-tan;0
aya-chan;0
ay-ây-a-oa-đi;0
awd-arena;0
avg-vpf;0
avg-vff-vpf;0
avg-vff;0
avant-garde;0
auvers-sur-oise;0
auto-tune;0
auto-sacombank;0
auto-play;0
auto-on;0
auto-off;0
auto-bank;0
autio-techica;0
aupelf-uref;0
audio-video;0
audio-technica;0
auburn-cord-duesenberg;0
atvslđ-pccn;0
atsu-hime;0
atletico-mg;0
atd-x;0
assou-ekotto;0
association-bfca;0
asou-kun;0
asian-hóa;0
asia-american;0
asha-rose;0
asean-ấn;0
asean-mỹ;0
asean-liên;0
asean-hàn;0
asean-eu;0
asean-bis;0
asean-admm;0
as-salif;0
art-house;0
ars-mu;0
aronson-tổng;0
arnof-fenn;0
arkani-hamed;0
arirangtv-kr;0
ariella的秘密花園;0
argentina-peru;0
archu-quiz;0
arc-f;0
ar-romsawa;0
aps-c;0
aprotrain-aptech;0
apple-sauce;0
appa-ssi;0
appa-shi;0
apollo-chan;0
ap-xe;0
ap-con;0
ap-builtin;0
aoi-san;0
ao-wa;0
ao-vi;0
ao-tung-chao;0
anti-virus;0
anti-twitter;0
anti-theft;0
anti-sopa;0
anti-skimmer;0
anti-sj;0
anti-rootkit;0
anti-my-self-phone;0
anti-married;0
anti-malware;0
anti-list;0
anti-hallyu;0
anti-fans;0
anti-fanbase;0
anti-fan;0
anti-er;0
anti-dumping;0
anti-circumvention;0
anti-cheat;0
anti-bonkey;0
anti-bk;0
anti-apple;0
anti-alias;0
ant-free;0
anstruther-gough-calthorpe;0
anpha-ag;0
anne-élise;0
anieken-tài;0
anh-đã-hút-thuốc;0
anh-điên-giữa-đêm-đi-sửa-điện;0
anh-đẹp-trai;0
anh-youngie;0
anh-xtanh;0
anh-việt-trung;0
anh-vat;0
anh-tình;0
anh-trưởng;0
anh-trung;0
anh-trang;0
anh-thợ-nước-gần-nhà;0
anh-rất-là-láo;0
anh-ruột;0
anh-pháp;0
anh-những;0
anh-nhat;0
anh-í;0
anh-hà;0
anh-ho-song;0
anh-hay-cố-tình-hở-hàng-nhà-chị;0
anh-han;0
anh-cá;0
anh-chàng-đẹp-zai-người-nga;0
anh-chan;0
anglais-english;0
angel-sshi;0
ane-mone;0
android-them-tinh-nang-dinh-vi-bang-giong-noi;0
andre-pierre;0
an-đi;0
an-xê-lốt-ti;0
an-vợ;0
an-si;0
an-quỳnh-hiền;0
an-phơ-rét;0
an-phó;0
an-phòng;0
an-nói;0
an-nyoung;0
an-nhông;0
an-nhon;0
an-lê-gri;0
an-huế;0
an-hoàn;0
an-giồ-la;0
an-giơ-lét;0
an-gen;0
an-drô-gen;0
an-cầu;0
an-choi-ngu;0
an-chan;0
an-ca-ra;0
an-bum;0
an-be;0
an-ba;0
amy-ami;0
amundsen-scott;0
amun-re;0
amrita-banana;0
amir-ali;0
american-koream;0
amar-tandor;0
aman-i-khas;0
am-nữ;0
alusol-b;0
alt-t;0
alpha-terpineol;0
alpha-hydroxy;0
alpha-fetoprotein;0
alpha-ag;0
alpes-maritimes;0
alpe-d;0
almaz-antey;0
alliot-marie;0
allah-u-akbhar;0
all-wheel;0
all-terrain;0
all-suite;0
all-stars;0
all-new;0
all-kill;0
all-in-one;0
all-in;0
all-country;0
all-around;0
ali-reza;0
ali-asghar;0
ali-akbar;0
alex-wayne;0
alex-ko-thể-nằm-nghiêng;0
alcatel-lucent;0
al-zubair;0
al-zayani;0
al-zawahri;0
al-zawahiri;0
al-zaidi;0
al-zahra;0
al-younesi;0
al-walid;0
al-wajehiya;0
al-wahishi;0
al-uyayri;0
al-tourki;0
al-thani;0
al-tarshani;0
al-taboul;0
al-sultan;0
al-sulaiti;0
al-silmi;0
al-shuruk;0
al-sheikh;0
al-shahri;0
al-shabwani;0
al-shabab;0
al-shabaab;0
al-shaari;0
al-shaar;0
al-senussi;0
al-senoussi;0
al-seddiq;0
al-sawaf;0
al-sanussi;0
al-sanoussi;0
al-salem;0
al-sadek;0
al-sadd;0
al-sabah;0
al-sabaa;0
al-saadi;0
al-rubat;0
al-rishawi;0
al-rai;0
al-qusayyer;0
al-qurmez;0
al-quadea;0
al-qiyaamah;0
al-qeda;0
al-qashmi;0
al-qamoodi;0
al-qahsi;0
al-othman;0
al-orouba;0
al-omari;0
al-obeidi;0
al-nur;0
al-nujaifi;0
al-nour;0
al-nasr;0
al-nashar;0
al-naser;0
al-naimi;0
al-nahyan;0
al-mutlaq;0
al-mutlak;0
al-mukalla;0
al-muhtadee;0
al-muatham;0
al-muallem;0
al-muabarak;0
al-mouallem;0
al-mohammad;0
al-moallem;0
al-midhar;0
al-menshaz;0
al-megrahi;0
al-masri;0
al-maqar;0
al-mangush;0
al-maktoum;0
al-mahmudi;0
al-mahmoudi;0
al-mahdi;0
al-mabouh;0
al-mabhouh;0
al-libi;0
al-libbi;0
al-kibar;0
al-kib;0
al-khelaifi;0
al-khaul;0
al-khatib;0
al-khararah;0
al-khalifa;0
al-keib;0
al-keeb;0
al-kayed;0
al-kabir;0
al-juwali;0
al-jura;0
al-judi;0
al-jubeir;0
al-jazira;0
al-jazeeri;0
al-jazeera;0
al-ja;0
al-issaoui;0
al-iraqiya;0
al-husseini;0
al-humaid;0
al-hotmani;0
al-hojaj;0
al-hirrī;0
al-hiri;0
al-hazmi;0
al-hauthi;0
al-hashimi;0
al-hashemi;0
al-haqqani;0
al-hamli;0
al-hamhoudi;0
al-gomhuria;0
al-gohary;0
al-gharafa;0
al-ghandour;0
al-ghanam;0
al-ghadeer;0
al-ghad;0
al-gaylani;0
al-ganzuri;0
al-gaith;0
al-fitr;0
al-fayed;0
al-fatah;0
al-falih;0
al-faisal;0
al-essawi;0
al-essa;0
al-erian;0
al-ektisadiya;0
al-dulaimi;0
al-diqbassi;0
al-deqbasi;0
al-dekbas;0
al-dabi;0
al-bunuk;0
al-beshi;0
al-beblawi;0
al-bayda;0
al-bashar;0
al-bashaagha;0
al-barrak;0
al-baraasi;0
al-baraaesa;0
al-banna;0
al-baida;0
al-bahri;0
al-baghdadi;0
al-badri;0
al-azzawi;0
al-azizya;0
al-aziziyah;0
al-azizia;0
al-azazia;0
al-awlaki;0
al-assar;0
al-askari;0
al-aseifr;0
al-asaad;0
al-aradi;0
al-arabi;0
al-arab;0
al-ansariyyah;0
al-amil;0
al-alam;0
al-alagi;0
al-akhbar;0
al-ahrar;0
al-ahram;0
al-ahmar;0
al-ahly;0
al-adly;0
al-adha;0
al-adel;0
al-abidine;0
al-abedine;0
al-abdaly;0
al-abdali;0
al-abaaj;0
akira-kun;0
aki-ra;0
aki-p;0
akanishi-kun;0
akame-dường;0
ajumma-là;0
ajuma-ssi;0
aix-en;0
aiti-aptech;0
aishhhhhhh-ko;0
air-condition;0
air-blade;0
air-asia;0
ai-đóxbee;0
ai-đó-mà-ai-cũng-biết-là-ai;0
ai-đó;0
ai-đó;0
ai-zắc-bi-át;0
ai-zắc;0
ai-phôn;0
ai-moi-that-su-la-ong-trum-cua-the-gioi-cong-nghe;0
ai-lai-kit;0
ai-kia;0
ai-ing;0
ai-dồ;0
ai-do;0
ai-cũng-biết-là-ai-đấy;0
ai-cũng-biết-là-ai-dấy;0
ai-cũng;0
ai-côn;0
ai-có-vẻ;0
ai-class;0
ai-chan;0
ahoussou-kouadio;0
ahmadi-roshan;0
ah-ssi;0
ah-ips;0
aguero-forlan;0
agni-v;0
agni-iv;0
agni-iii;0
agni-ii;0
afshin-jam;0
afs-er;0
afs-e;0
afro-beat;0
afe-ers;0
adopt-a-bear;0
admission-ccc;0
adc-thvl;0
adb-japan;0
ada-chan;0
ad-din;0
acc-tw;0
ac-x;0
ac-inter;0
abv-aquabird;0
abdul-ilah;0
abdel-moez;0
abdel-maguid;0
abdel-jalil;0
abdel-hafiz;0
abd-rabbu;0
abbe-deschamps;0
ab-er;0