Words,Score
tôi,1000
không,995
việt nam,980
là,970
tết nguyên đán,970
phở bò,970
cà phê,970
anh,969
có,969
hà nội,960
bánh mì,960
áo dài,960
zalo,960
bóng đá,950
xe máy,950
xin chào,950
hôm nay,950
ta,946
sài gòn,940
bánh chưng,940
học sinh,940
cảm ơn,940
điện thoại,940
nón lá,940
máy tính,930
sinh viên,930
bún bò,930
ô tô,930
xin lỗi,930
du lịch,930
của,926
đi,924
đã,922
đó,920
sẽ,920
bệnh viện,920
cơm tấm,920
máy bay,920
giáo viên,920
gia đình,920
hạnh phúc,920
chúng,918
gì,918
một,918
được,916
và,914
cô,911
facebook,910
bác sĩ,910
sức khỏe,910
làm,908
phải,908
rồi,905
người,905
này,903
cho,900
youtube,900
trà sữa,900
xe buýt,900
không có,900
mạng xã hội,900
thành công,900
yêu thương,900
không sao,900
em,897
đây,896
con,893
sao,890
bạn bè,890
thế giới,890
tiktok,890
biết,887
ông,887
nói,887
nó,887
thể,886
với,882
cậu,881
tất nhiên,880
người yêu,880
ngày mai,880
thế,878
lại,876
ra,876
vậy,875
okay,870
instagram,870
bây giờ,870
nước mía,870
cơm gà,870
vợ chồng,870
hôm qua,870
chắc chắn,870
để,869
nào,869
ấy,867
cái,867
đang,863
muốn,860
trong,860
mà,859
như,859
nhưng,858
khi,851
những,851
đến,851
đâu,851
chuyện,849
chỉ,847
cả,844
về,844
thì,843
họ,842
giờ,840
thôi,840
thấy,839
còn,839
cũng,837
vào,835
các,834
bị,833
nghĩ,832
đấy,831
ai,831
thật,830
hắn,829
nếu,829
mình,828
việc,824
nữa,823
rất,823
vì,823
cần,822
chứ,818
à,818
điều,818
sự,814
tới,811
xin,810
thứ,809
chưa,809
nhà,809
lên,808
đúng,807
từ,807
mẹ,806
nghe,805
hơn,804
mọi,803
bạn,803
tớ,802
nên,802
chết,801
mày,800
ơn,800
đầu,799
đừng,798
tìm,798
tốt,797
tin,792
hãy,791
quá,790
nhiều,790
trước,789
cảm,789
bà,789
ý,788
hay,787
công,786
nhất,786
tao,786
bố,785
tất,784
bao,783
trên,782
tên,782
lỗi,781
tại,780
thành,778
sau,778
cháu,777
ngày,777
khác,777
xem,777
theo,776
chắc,775
gặp,775
anh tão,775
bắt,774
yêu,774
cứ,774
qua,773
vẫn,773
cùng,773
ngay,773
thích,773
cách,773
nhìn,773
sống,772
bọn,772
lúc,771
giết,770
mới,770
quan,769
chào,769
đưa,768
lắm,768
gọi,767
hết,766
bảo,766
hai,766
rằng,765
ăn,764
giúp,764
hiểu,764
lấy,763
ngài,762
tự,762
lần,762
chính,761
tay,761
nhân,760
cuộc,759
bỏ,759
bầy tôi,759
bề tôi,759
năm,757
mất,757
hả,757
vụ,756
xe,756
ngươi,756
ba không,756
nhận,755
cha,755
chúa,753
khỏi,751
nay,751
định,750
tiền,750
thời,749
cơ,749
nhé,748
do,747
trở,747
bé,746
mặt,746
đường,746
vâng,745
gái,745
luôn,744
mấy,744
gia,744
nhau,744
anh cả,744
lời,743
nơi,743
chị,742
xuống,742
bây,742
thưa,742
số,742
động,742
đồ,742
ngoài,741
toàn,741
bất,741
sát,741
thực,740
từng,740
phòng,740
thằng,739
kẻ,739
hàng,738
bằng,738
chẳng,737
chút,737
nhớ,737
chú,737
lý anh,737
anh chị,737
nhiên,736
lý,736
chỗ,736
học,736
bàn là,736
chế là,736
tiếng anh,736
anh quân,736
bài là,736
nhanh,735
quay,735
sĩ,735
cố,735
tuyệt,735
anh quốc,735
anh giáo,735
sùng là,735
a có,735
anh chàng,735
anh hùng,735
anh thư,735
anh tài,735
anh ánh,735
ca có,735
lẽ,734
chiến,734
hỏi,734
đại,734
tiếp,734
anh ngữ,734
thụy anh,734
vân anh,734
anh hào,734
anh kiệt,734
anh nhuệ,734
anh nuôi,734
anh thảo,734
anh tuấn,734
anh túc,734
anh xải,734
anh yến,734
anh ách,734
anh đào,734
cau có,734
tình,733
ơi,733
bên,733
đồng,733
vui,733
ổn,733
gian,732
tâm,732
cứu,732
bánh không men,732
bóng thám không,732
đề,731
i,731
sinh,731
anh chị em,731
trả,730
bộ,730
đều,730
máy,730
mỳ không người lái,730
vài,729
vị,729
nước,728
giống,728
đánh,728
xảy,728
chơi,728
trai,728
tối,728
lạy ông tôi ở bụi này,728
biết người biết ta,728
cảnh,727
của ông,727
câu,726
kia,725
ko,725
giữ,725
hành,724
vô,724
kết,723
bởi,722
hiện,722
biết người biết của,722
giới,721
vừa,721
tiếng,721
báo,721
tưởng,720
chờ,719
lo,719
đẹp,719
hôm,718
viên,718
hình,717
đáng,717
vấn,716
trọng,716
ta trẽ,715
tết ta,715
bình,714
đủ,714
con cuông,714
anh em đồng hao,714
oh,713
cám,713
lớn,713
sáng,713
anh em thúc bá,713
anh em thức bá,713
anh em xã hội,713
bàn là hơi,713
bác,712
lâu,712
vương quốc anh,712
anh em cọc chèo,712
anh em cột chèo,712
thần,711
sợ,711
biệt,711
thông,711
cổ,711
giải,711
phụ,711
anh cát lợi,711
anh hùng ca,711
thường,710
thương,710
vẻ,710
cuối,710
rõ,710
anh hùng rơm,710
cửa,709
hợp,709
trung,709
cha chung không ai khóc,709
bản,708
dùng,708
ôi,708
tra,708
bắn,708
anh chị em họ chéo,708
cầu,707
ba,707
hội,707
t,707
đội,707
tiên,706
thân,706
chạy,706
thêm,706
đứa,706
thay,706
mang,705
quân,705
xác,705
đời,705
ngủ,705
trời,705
bụt chùa nhà không thiêng,705
bán trời không văn tự,705
đổi,704
nhỏ,704
bỏ đi,704
liên,703
tội,702
nghĩa,702
an,702
điện,702
dù,701
bay,701
nữ,701
vệ,701
ra glây,701
blở lại,701
phát,700
đối,700
c,700
đêm,700
trẻ,700
bệnh,699
gần,699
hoàn,699
trường,699
paulus của,699
bắn sẽ,698
thời thế tạo anh hùng,698
a đây rồi,698
anh hùng cá nhân,698
bà cô,698
đợi,697
tính,697
nhỉ,697
đất,697
biết đâu,697
đứng,696
ngồi,696
trông,696
chiếc,696
anh hùng chủ nghĩa,696
n,695
xa,695
coi,695
tháng một,695
chứng,694
ảnh,694
kể,694
khó,694
anh hùng bàn phím,694
anh hùng mạt lộ,694
anh hùng mạt vận,694
quyết,693
cái nhum,693
xín cái,693
chịu,692
năng,692
tập,692
súng,692
vọng,692
ngày của mẹ,692
biết nghĩ,692
báo cô,692
chà và,691
cô ba,691
giá,690
hoặc,690
sắp,690
xong,690
tử,690
đàn,690
sẵn,690
kiểm,690
mở,690
cao,689
uống,689
chuyển,689
dừng,689
ba phải,689
ít,688
dưới,688
đình,688
chủ,688
chọn,688
điên,688
cô giang,688
cô kiều,688
cô mười,688
cô tô,688
ngày của cha,688
trí phải,688
biết điều,688
biết đâu đấy,688
bài làm,688
vật,687
thử,687
thống,687
kiếm,687
anh hùng cứu mỹ nhân,687
mắt,686
trưởng,686
kế,686
phần,686
biến,686
lòng,686
ai lại,686
bà con,686
sư,685
loại,685
biết ơn,685
mạnh,684
thuốc,684
đấu,684
thức,683
vương quốc liên hiệp anh,683
biết ý,683
dễ,682
vợ,682
dụng,682
y,682
trái,682
anh hùng xuất thiếu niên,682
thứ mười một,682
biết bao,682
quái,681
phía,681
tiến,681
đau,681
điểm,681
lực,681
sai,681
con ông cháu cha,681
bân này,681
bé con,681
ng,680
tệ,680
chắn,680
quả,680
khốn,680
sàng,680
quên,680
biết chừng nào,680
phút,679
minh,679
gã,679
mừng,679
kỳ,679
biết tay,679
hơi,678
a,678
chân,678
trọng con,678
vương quốc liên hiệp anh và bắc ireland,678
kinh,677
tuần,677
sao hôm,677
biết mấy,677
mua,676
thủ,676
đặc,676
may,676
duy,676
con tạo,676
bản sao,676
trí,675
tàu,675
sức,675
báo nói,675
bẳm cả,675
trò,674
quyền,674
kìa,674
mỗi,674
quý,674
phố,674
nhà cái,674
biết thân,674
biết đâu chừng,674
bán anh em xa mua láng giềng gần,674
buổi,673
thư,673
hạ,673
bài,673
đặt,673
ngôi sao,673
bói người ra ma,673
bản thể,673
tháng,672
hôn,672
mai,672
tài,672
diễn,672
to,672
the,672
phép,672
nổi,672
pháp,672
khách,672
đôi,672
bồ sao,672
sao hỏa,672
sao đỏ,672
thủ dầu một,672
biết thân biết phận,672
hiệu,671
mặc,671
vũ,671
yên,671
quốc,671
máu,671
kiện sừng sẽ,671
sao hoả,671
sao mộc,671
sao thổ,671
tháng mười một,671
biến thể,671
hệ,670
đơn,670
khí,670
khiến,670
phá,670
bè ai người ấy chống,670
tục,669
thú,669
tuổi,669
dân,669
chuẩn,669
tạo,669
cá,669
luật,669
dẫn,669
phục,669
thể dục,669
biết thóp,669
biết thỏm,669
biết tỏng,669
m,668
nhiêu,668
lõa thể,668
bởi thế,668
mau,667
hiểm,667
chà và ku,667
bàn,666
hoàng,666
độ,666
mạng,666
hán và tần,666
thế năng,666
biến thế,666
cao thế,666
sách,665
chó,665
tiêu,665
ư,665
phạm,665
chúc,665
thế dân,665
yên thế,665
adơi ai,665
ai knhâo,665
ai làm nấy chịu,665
ai pì,665
ba mặt một lời,665
nhiệm,664
thoại,664
tinh,664
tránh,664
gây,664
thúc,664
khu,664
danh,664
tranh,664
người vị vong,664
vật lại,664
ổng,663
thắng,663
cây,663
xấu,663
thế tôn,663
bàn ra,663
xuất,662
áo,662
s,662
bề thế,662
sếp,661
hy,661
tiệt,661
chí,661
cấp,661
người khóc tượng,661
thọ thế,661
giả,660
xử,660
tấn,660
mật,660
thiết,660
khá,660
vĩnh lại,660
biết bao nhiêu,660
liệu,659
địa,659
lạc,659
bán,659
trình,659
tượng,659
bản cái,659
người mò rận,659
thoát,658
tạm,658
ngon,658
đoán,658
bậc của số đại số,658
thiên,657
giáo,657
mời,657
rời,657
thanh,657
dự,657
chàng,657
lệnh,657
l,657
cái kinh,657
gậy ông đập lưng ông,657
bên trong,657
hứa,656
nằm,656
sớm,656
hey,656
cái bàn,656
cái đôi vàm,656
như cố,656
dối,655
dịch,655
viết,655
hoạch,655
giao tử được ngọc,655
hoa cái,655
ba bó một giạ,655
ba con sâu,655
bản thể học,655
vời,654
giữa,654
ma,654
nhớ người hàng bánh,654
ba con sói,654
bao giờ,654
bóng,653
hộ,653
nghỉ,653
sử,653
nạn,653
cái bầu,653
cái dầu,653
cái răng,653
cái rồng,653
sao chức nữ,653
bảo chỉ,653
bỏ bóng đá người,653
hại,652
căn,652
tim,652
nguy,652
hồ,652
dậy,652
băng,652
mục,652
phim,652
giỏi,652
cái chiên,652
cái khế,652
cái quế,652
cái vồn,652
thằng xe cho nợ,652
thế chiến i,652
viện,651
hướng,651
tế,651
tĩnh,651
cầu ông lãnh,651
sao thiên vương,651
tăng sâm giết người,651
biết đâu ma ăn cỗ,651
thuật,650
nhóc,650
đọc,650
kiểu,650
trị,650
phản,650
giao,650
tù,650
rối,650
sao thiên lang,650
bản thể luận,650
trốn,649
rượu,649
đá,649
bước,649
dấu,649
ngu,649
đức,649
cười,649
như thanh,649
sao hải vương,649
tương như,649
tư,648
cánh,648
vòng,648
mỹ,648
hoa,648
lập,648
lạ,648
tổng,648
hợp chúng quốc hoa kỳ,648
người đẹp sông tương,648
như hòa,648
như lai,648
sao diêm vương,648
bàn ra tán vào,648
ban,647
đóng,647
tác,647
bằng cả,647
nhà rường,647
trong quít,647
blét nhà,647
bìa trong,647
cha dỡ đó mẹ xó chùa,647
hề,646
lượng,646
tụi,646
càng,646
thận,646
di,646
bánh,646
da,646
ngốc,646
án,646
như hoà,646
như khuê,646
như nguyệt,646
như quỳnh,646
như thuỵ,646
như xuân,646
bạn bè như cái bẹn bà,646
đám,645
tham,645
tức,645
văn,645
mong,645
già,645
thế chiến ii,645
ba chỉ,645
nghiệp,644
thuyền,644
bí,644
trang,644
nè,644
lũ,644
ai bảo,644
hồi,643
độc,643
hạnh,643
khỏe,643
hẹn,643
gửi,643
đùa,643
trừ,642
cáo,642
khoảng,642
nhảy,642
mặt trơ như cái thớt,642
bài chỉ,642
giác,641
thầy,641
đầy,641
bản sao hợp lệ,641
cao cả,641
khoan,640
món,640
khả,640
phi,640
nghiệm,640
hóa,640
cẩn,640
chiềng ơn,640
giao chỉ,640
blả ơn,640
bị động,640
suy,639
đông,639
suốt,639
vua,639
kéo,639
bên bị,639
bị chú,639
chồng,638
thất,638
đô,638
nhật,638
nghi,638
khủng,638
tiếc,638
dành,638
biển cả,638
bán vợ đợ con,638
bạ ăn bạ nói,638
bịa chuyện,638
thị,637
lái,637
tương,637
bữa,637
chả,637
kiếp,637
trận,637
im,637
chiến tranh thế giới thứ nhất,637
hẹn người tới cửa vườn dâu,637
bố mẹ,637
bức,636
mãi,636
triệu,636
quanh,636
màu,636
buồn,636
riêng,636
biển,636
nàng,636
bố cái đại vương,636
cái tàu hạ,636
sán chỉ,636
thiền chỉ,636
ai khảo mà xưng,636
dài,635
đỡ,635
sơ,635
chiến tranh thế giới thứ hai,635
thôi giao,635
thôi hộ,635
ba bị,635
bị thương,635
ngờ,634
nổ,634
đạo,634
đem,634
linh,634
hậu xa đón người hiền,634
thọ thế bảo nguyên,634
tự sự,634
vọng các,634
ai đời,634
bất cần,634
bốc họ,634
chức,633
chất,633
thẳng,633
chống,633
mơ,633
bao đầu,633
tuất thì,633
tổ,632
hoạt,632
mắn,632
lịch,632
gắng,632
quen,632
chừng,632
thù,632
nhà ăn,632
ai tử,632
bấm giờ,632
khóa,631
đuổi,631
nguyên,631
cầm,631
thuộc,631
lửa,631
uh,631
lính,631
bà rậu,631
bà xoà,631
bấy giờ,631
bị đơn,631
bởi vì,631
ghét,630
dạy,630
ngăn,630
bảng chữ cái,630
bắt đầu,630
bị hại,630
bị trị,630
bị án,630
kiến,629
thả,629
thu,629
thiếu,629
ngôi,629
lợi,629
nam,629
chia,629
các đằng,629
kpăng công,629
nhà ngươi,629
binh bị,629
bị cáo,629
cắt,628
dây,628
lắng,628
thậm,628
sở,628
nhập,628
trách,628
ai ngờ,628
biết tỏng tòng tong,628
bị thịt,628
cha mẹ,628
ghi,627
đen,627
lão,627
cưới,627
hẳn,627
ly,627
âm,627
nghị,627
ngựa,627
binh,627
bao công,627
các sơn,627
nhà gái,627
ai hầu chi ai,627
bao bố,627
bị can,627
bồ các,627
cũ,626
vàng,626
phân,626
hủy,626
phương,626
v,626
công thành,626
quảng bị,626
thành nhất,626
ai biểu,626
bao nhêo,626
bộ chỉ huy,626
trợ,625
ngoại,625
tây,625
tòa,625
tai,625
truyền,625
đạn,625
kì,625
ký,625
ai cập,625
khỏe như voi,625
nhà lý,625
nhà hàng,625
quan âm các,625
ai mượn,625
bị đơn dân sự,625
nghiêm,624
tá,624
vết,624
nhắc,624
đảm,624
tiệc,624
dám,624
la,624
ok,624
quần,624
ai dè,624
ai hoài,624
ai lê,624
ai nấy,624
ai nọng,624
ai oán,624
ai xáy,624
ai điếu,624
ai đỏng,624
ai ải,624
ai ộm,624
bạn đường,624
mối,623
chấp,623
phiền,623
th,623
đổ,623
nhà nước,623
nhà trai,623
bạn gái,623
lựa,622
ràng,622
nửa,622
lầm,622
chung,622
chế,622
chiem thành,622
hằng nga giáng thế,622
bực mình,622
ước,621
chi,621
cướp,621
hi,621
nhờ,621
bạn học,621
bổn cũ soạn lại,621
bại,620
quỷ,620
huy,620
ch,620
đằng,620
chính công,620
họ đặng chết đói,620
nhà thương,620
buộc chỉ cổ tay,620
bỉ thử nhất thì,620
tiểu,619
hát,619
cử,619
ca,619
bố chính,619
nhà cầu,619
tốt động,619
buổi đực buổi cái,619
bác mẹ,619
bắt pèng,619
bới bèo ra bọ,619
cưng,618
mã,618
chuyến,618
thi,618
khăn,618
lễ,618
bảo thành,618
cần thơ,618
cần đăng,618
bay lên,618
bà chúa,618
lai,617
vượt,617
lối,617
thuyết,617
tha,617
cần kiệm,617
cần thạnh,617
bình chân như vại,617
nóng,616
vùng,616
phúc,616
giấy,616
tích,616
thái,616
nhạc,616
bà gia,616
báo ơn,616
tận,615
rắc,615
u,615
buộc,615
xét,615
gia thư để vạn kim,615
nhà trò,615
thần chết,615
bạn thân,615
bạn đời,615
bất quá,615
kích,614
đoàn,614
tiết,614
thịt,614
tóc,614
trắng,614
vĩnh điều,614
bouche à pipe,614
bắt tay,614
bố đường,614
thuận,613
phù,613
rơi,613
chăm,613
lạnh,613
cực,613
căn nhà,613
nhà giáo,613
yên từ,613
bà đồng,613
bất công,613
bỏ qua,613
bố phòng,613
nhóm,612
kim,612
b,612
tỉnh,612
công bằng,612
nhà tù,612
nhà văn,612
nhà đá,612
bạn lòng,612
cộng,611
mái,611
ty,611
cung,611
săn,611
ngôi nhà,611
nhà triệu,611
nhà vàng,611
nhà vua,611
trở thành,611
bao quy đầu,611
bách văn bất như nhất kiến,611
băng từ,611
cuốn,610
tướng,610
dữ,610
giận,610
thượng,610
miệng,610
soát,610
sản,610
tăng,610
ứng,610
nhà trắng,610
nhà chung,610
bao đồng,610
báo trước,610
bốc bát họ,610
bắc,609
vi,609
trộm,609
phí,609
sửa,609
lệ,609
nhà đèn,609
tiếng ý,609
tàng kinh các,609
a đầu,609
bắn tin,609
cà,608
lừa,608
mức,608
túi,608
thánh,608
bok tới,608
bằng thành,608
hợp phố châu về,608
nhà bè,608
nhà lao,608
nhà nghề,608
nhà thơ,608
báo công,608
bạn tác,608
bạn đọc,608
bất tỉnh nhân sự,608
đỏ,607
giây,607
hưởng,607
yếu,607
dõi,607
công bình,607
cầu bà,607
nhà chứa,607
nhà gác,607
nhà lầu,607
nhà pha,607
nhà sàn,607
nhà thổ,607
nhà xí,607
trung ý,607
từ bi,607
bà ba,607
bất cứ,607
bỏ cuộc,607
bỏ njăm,607
ích,606
trại,606
cơn,606
khai,606
sâu,606
nhà nho,606
nhà thục,606
nhà nòi,606
nhà rông,606
nhà trệt,606
nhà đoan,606
thành trai,606
toà nhà,606
tập tin,606
tốt gỗ hơn tốt nước sơn,606
từ sơn,606
vân từ,606
ao cả nước sâu,606
ban ơn,606
bão từ,606
bước đầu,606
bằng cứ,606
bệ từ,606
vương,605
thở,605
tí,605
ah,605
diện,605
hồn,605
bạn đỏ,605
bản công,605
nhà hóa học,605
trang đầu,605
trung nhất,605
từ điển,605
ban đầu,605
bà trẻ,605
hầu,604
đảo,604
tín,604
xúc,604
nỗi,604
phủ,604
biểu,604
bảo toàn,604
khu tập thể xây lắp lâm nghiệp,604
mọi bi,604
từ liêm,604
bao lâu,604
bhrợ cha,604
buộc chỉ chân voi,604
bè bạn,604
bún mẹ,604
bạn hữu,604
bạn trăm năm,604
bầu bạn,604
hòa,603
loạn,603
nặng,603
tấm,603
lớp,603
bom,603
nh,603
chuyên,603
ác,603
bận,603
huynh,603
dĩ,603
chương,603
chúa blời,603
phướn nhà đường,603
bà chủ,603
bình an vô sự,603
bắt giữ,603
lí,602
chữa,602
lãnh,602
đột,602
kính,602
rút,602
phóng,602
thỏa,602
khỉ,602
á,602
bà điểm,602
bảo lý,602
cổ thành,602
nhà tư tưởng,602
bình thành,602
bạc đầu,602
bạn đảng,602
cao công,602
lộ,601
cạnh,601
kỹ,601
hậu,601
hùng,601
sang,601
thề,601
đoạn,601
sóc,601
khẩu,601
luyện,601
ba thành,601
hờn bạn,601
hợp thành,601
mọi luỹ,601
nhượng bạn,601
thành trung,601
thống nhất,601
ao sâu cá cả,601
bán tin,601
bóp chết,601
bất chính,601
bất nhân,601
thăm,600
giản,600
sạch,600
chim,600
xếp,600
nha,600
quán,600
mùi,600
ánh,600
đón,600
an thành,600
bao tự cười,600
chính lý,600
câu quan,600
quá trình,600
sự thử nghiệm,600
thành an,600
tiên thành,600
a công ouiq,600
bao tử,600
bình yên vô sự,600
lá,599
tồi,599
phong,599
ngạc,599
giấu,599
bố hạ,599
khí công,599
tìm hương,599
vũ công,599
bán sống bán chết,599
bù đầu,599
bạch đầu,599
bố trí,599
cau mày,599
thủy,598
quản,598
thuê,598
lành,598
tôn,598
tường,598
hỏng,598
não,598
new,598
tầm,598
bản qua,598
chí công,598
chính tâm,598
gia định,598
hàn sinh bị luộc,598
trọng quan,598
ba cùng,598
bà già,598
ê,597
vực,597
loài,597
hộp,597
xanh,597
cao thành,597
công giáo,597
tin lành,597
bao thư,597
bà đỡ,597
bán công,597
bé đường,597
bất định,597
bắt tội,597
tắm,596
tắt,596
ngừng,596
siêu,596
dọn,596
nhắn,596
ấn,596
thừa,596
bà đen,596
bảo bình,596
công nghiệp,596
nghĩa vụ công an,596
nhà triều tiên,596
thành tiến,596
tin nhắn,596
tiến thành,596
ba đầu sáu tay,596
ban công,596
bao cấp,596
bao nhiêu,596
bao tiêu,596
bom từ trường,596
bà ngoại,596
bé gái,596
ô,595
nguyện,595
dựng,595
sân,595
nợ,595
lặng,595
nội,595
mùa,595
it,595
công nguyên,595
hóa công,595
phú quí như phù vân,595
thành a,595
thành minh,595
ban bố,595
bao tượng,595
biểu cảm,595
bà la sát,595
bà nhạc,595
bác hai,595
bít tất tay,595
bố cáo,595
đập,594
diệt,594
chà,594
tầng,594
hạn,594
kiện,594
mắc,594
trực,594
chiềng nơi,594
cầu hai,594
nhất nam,594
thiết bị hiển thị,594
thành yên,594
yên thành,594
binh nhất,594
bà nội,594
bánh bao,594
bảng tin,594
bất tuân dân sự,594
đài,593
muộn,593
bạc,593
sót,593
lưu,593
can,593
quà,593
say,593
đống,593
khắp,593
hút,593
bảo an,593
chí thành,593
tin xuân,593
bi cảm,593
biến cách,593
bà bầu,593
bà xã,593
bản kết luận điều tra,593
bất đồ,593
bất động,593
bất ổn định,593
bằng nhau,593
ca công,593
ca nhất,593
giám,592
giường,592
chặn,592
bình nhân,592
nhà chức trách,592
trung tự,592
bà mụ,592
bà vãi,592
bác bỏ,592
báo vụ,592
bảo vệ,592
hảo,591
xinh,591
cục,591
trấn,591
in,591
bình phục nhất,591
cách duy,591
cát bà,591
công hải,591
dương công,591
hồng công,591
lương công,591
mang đao tới hội,591
ninh nhất,591
sông công,591
thiệu công,591
thành mỹ,591
thành trị,591
thác bà,591
tiền công danh nghĩa,591
bà cốt,591
bà tám,591
bà đẻ,591
bảo chứng,591
bất bằng,591
bất thành văn,591
bố cục,591
bố nuôi,591
bộ mặt,591
du,590
núi,590
đích,590
nắm,590
chạm,590
nguồn,590
bà lụa,590
bà nà,590
chiềng bằng,590
công sơn,590
công đa,590
quảng công,590
sơn công,590
thành triệu,590
thành văn,590
thành đông,590
thân công tài,590
triệu thành,590
tự an,590
vô cơ,590
võ công,590
văn thành,590
ban ngày,590
bao phủ,590
bao quản,590
bao sân,590
bà bổi,590
bà chằn,590
bà chằng,590
bà huyện,590
bà lảo,590
bà nguyệt,590
bà phước,590
bà xơ,590
bà đầm,590
bãi công,590
bên ngoài,590
bất đồng,590
bằng bặn,590
bố thí,590
chụp,589
phê,589
h,589
hữu,589
khoa,589
so,589
truy,589
thua,589
tồn,589
tàn,589
xây,589
dính,589
bang,589
ngân,589
công trừng,589
cư bao,589
cứ hồ,589
hoá công,589
lịch thành,589
phố mới,589
thành lợi,589
vĩnh công,589
vụ bản,589
vụ cầu,589
bảo kiếm,589
bảo vật,589
bất ổn,589
bễnh hay lây,589
bộ đồ,589
ném,588
tờ,588
chìa,588
nuôi,588
đói,588
kh,588
bát công,588
bình định,588
bố giang,588
ca thành,588
công liêm,588
phúc thành,588
thàng công,588
thái thành,588
bao chiếm,588
bao thơ,588
bao tải,588
bõ công,588
bắt bí,588
bệnh nhân,588
nhầm,587
đẩy,587
of,587
khóc,587
kêu,587
giấc,587
dục,587
khổ,587
bốn,587
chặt,587
ẩn,587
bố trạch,587
bộc bố,587
nhà dây thép,587
sơn bao,587
thuận thành,587
thành hòa,587
thành kim,587
tân công sinh,587
tăng thành,587
bao gói,587
bao vây,587
báo vụ viên,587
bảo thủ,587
bố láo,587
bố láo bố lếu,587
bố láo bố toét,587
bố ráp,587
bộ nhớ,587
hiệp,586
úy,586
no,586
áp,586
chán,586
rừng,586
bảo hiệu,586
cao nhân,586
chúa trời,586
cách linh,586
hang trống còn vời tiếng chân,586
mạnh hiền còn chịu tiếng tàng thương,586
quan bán,586
thành trực,586
tháng hai,586
trọng do,586
bao biện,586
bao bọc,586
bao gồm,586
bao hàm,586
bao phấn,586
bao trùm,586
bao vải,586
bán tự động,586
báo động,586
bít tất,586
bảnh bao,586
bảo hiểm,586
bề trên,586
nghệ,585
mẫu,585
trễ,585
luận,585
thang,585
hào,585
sổ,585
đèn,585
lưng,585
phận,585
bao chửng,585
bình đường,585
bằng hành,585
bến nhà rồng,585
châu thành,585
chủ nghĩa tự do,585
nam từ liêm,585
ninh thành,585
thiệu thành,585
thành hải,585
thành long,585
thành vinh,585
thạch lỗi,585
trọng gia,585
bao báp,585
bao bì,585
bao lăm,585
bao lơn,585
bao quát,585
bao thầu,585
bao tưỡng,585
bao tời,585
binh cách,585
bảo hiểm bắt buộc,585
bảo hoàng,585
bảo mạng,585
bảo mật,585
bắt buộc,585
quy,584
vận,584
khởi,584
chậm,584
biên,584
tộc,584
chữ,584
cháy,584
khắc,584
an định,584
bảo thanh,584
bắc từ liêm,584
chiềng sinh,584
hơi chính,584
quang thành,584
quảng thành,584
rùa đầu to,584
sơn thành,584
thiên bảo,584
thành sơn,584
tiền an,584
văn quan,584
biến mất,584
bạn kim lan,584
bản mặt,584
bản đồ học,584
bảo hộ,584
bộ máy,584
dàng,583
dòng,583
bò,583
ngàn,583
hổ,583
dị,583
dọa,583
bến thành,583
cam thành,583
cát thành,583
mặt trời,583
tam thành,583
thành lâm,583
thành tân,583
thân nhân trung,583
thạch thành,583
trung thành đông,583
tân thành,583
việt thành,583
vĩnh thành,583
vũ chính,583
xuân thành,583
yên chính,583
an toàn sinh học,583
biệt động,583
bất bình,583
bắt nguồn,583
bắt ấn,583
bộ đội thông tin liên lạc,583
túc,582
xứng,582
giảm,582
bà nữ oa,582
chiêm thành,582
cơ đốc nhân,582
cẩm thành,582
khí công nghiệp,582
quan âm,582
thành hoà,582
thành hưng,582
thành lộc,582
thành thọ,582
thịnh thành,582
thọ thành,582
trung thành tây,582
yên nhân,582
binh đáo quan thành,582
bàn tay,582
bé nhỏ,582
bất thường,582
bắt cóc,582
bắt giam,582
bắt phạt,582
bỏ cá,582
bộ hành,582
bụt chùa nhà,582
bầu,581
mệt,581
nhẫn,581
đào,581
trải,581
châu,581
mê,581
trạng,581
ba động,581
bảo linh,581
bảo nam,581
bộ chính trị,581
chơn thành,581
cách bi,581
nhơn thành,581
quới thành,581
thuật ngữ tin học anh-việt,581
tháng năm,581
tiên động,581
tiền cơ sở,581
ban ngày ban mặt,581
bình chú,581
bản đồ,581
bắt lát,581
ngục,580
hầm,580
kỷ,580
mi,580
tiện,580
tốc,580
hoang,580
tung,580
gà,580
chiều,580
sam,580
lỗ,580
cùng sơn,580
tử cơ,580
biệt chú,580
bác học,580
bảo cử,580
bảo toàn năng lượng,580
bảo trợ,580
bảo đảm,580
bắt đền,580
bệnh thành tích,580
bữa ăn,580
ừm,579
thiệt,579
mệnh,579
vỡ,579
ba hàng,579
bình tâm,579
bảo thuận,579
chính mỹ,579
dương quan,579
nhất tướng công thành vạn cốt khô,579
thượng yên công,579
trang chính,579
trung lý,579
tân thành bình,579
tì bà đình,579
an toàn,579
biên quan,579
bác đồng,579
bình ổn,579
bùa yêu,579
băng nhân,579
bất an,579
bất nghĩa,579
bắt bén,579
bắt bẻ,579
bắt chước,579
bắt lăng,579
bắt nạt,579
bắt rể,579
bắt rễ,579
bồ nhìn,579
triển,578
dương,578
sắc,578
me,578
nghiên,578
tặng,578
cư,578
sáu,578
ám,578
dao,578
cao đường,578
gội đầu vấn tóc,578
hổ đầu tướng quân,578
lý quân,578
môi trường đầu tư,578
quan lãng,578
văn nhân,578
biến trở,578
biệt tâm,578
bán công khai,578
bù nhìn,578
bảo hòa,578
bảo lãnh,578
bảo quản,578
bần cùng,578
bắt bớ,578
bắt chẹt,578
bắt nẩy,578
bắt vạ,578
bằng an,578
bỏ tù,578
my,577
sa,577
lạy,577
hải,577
vinh,577
bình hàng trung,577
bảo đài,577
cách mạng pháp,577
tam nhân thành hổ,577
tiếng ac-mê-ni,577
tiếng afrikaans,577
tiếng hy-lập,577
tiếng i-đít,577
tiếng phần-lan,577
tiếng đan-mạch,577
yên định,577
an nhiên,577
biệt động quân,577
biệt động đội,577
bào quan,577
báo giới,577
bảo lưu,577
bảo tồn,577
tổn,576
đệ,576
mũi,576
o,576
nga,576
tóm,576
chảy,576
lùi,576
bảo ninh,576
bảo vinh,576
bến quan,576
chuyển động,576
chúa giáo,576
chợ mới,576
hoa đào năm ngoái còn cười gió đông,576
pháp luân công,576
thiên chúa,576
tiền yên,576
tiền nhân hậu quả,576
trung bộ,576
tân quan,576
xuân quan,576
bàn định,576
bá quan,576
bánh xe,576
bản bộ,576
bảo mệnh,576
bất hoặc,576
bất tử,576
bệnh lý,576
ninh,575
ngoan,575
xung,575
dạ,575
tỏ,575
an đồng,575
bảo quang,575
cẩm quan,575
hoàn tình,575
thọ quan,575
trung vị,575
tân công chí,575
tử phòng,575
xa lý,575
an toàn hạt nhân,575
an tâm,575
an ổn,575
biến số,575
biến động,575
biểu tự,575
bàng quan,575
báo hình,575
bình hành,575
bảl chờ,575
bản vị,575
bất biến,575
bắt cóc bỏ dĩa,575
bằng chứng,575
bệnh tình,575
bộ quân,575
bộ đội,575
hứng,574
toán,574
hài,574
vai,574
khám,574
che,574
mông,574
sông,574
bội,574
ống,574
vĩ,574
bi,574
hồng,574
bà la môn,574
bảo hà,574
bảo sơn,574
cao bằng,574
cảnh tiên,574
hoa thược đỏ trước nhà ngọc trắng,574
quan chiểu,574
quan lạn,574
thanh định,574
trực chính,574
vĩnh bảo,574
vắng chủ nhà gà vọc nhiều tôm,574
yên đường,574
bảo trì,574
bảo tàng,574
bất động sản,574
bằng giá,574
bỏ rơi,574
bộ xử lý trung tâm,574
cha chả,574
miễn,573
ghế,573
đốc,573
ha,573
lương,573
thẩm,573
d,573
ngược,573
thiệu,573
giọng,573
bảo cường,573
bảo nhai,573
bảo ái,573
chúa nhật,573
phán sự đền tản viên,573
viên bình,573
xuân bảo,573
an vị,573
bát bảo,573
bảo bọc,573
bảo hoà,573
bảo kê,573
bảo toà,573
bất kỳ,573
bất lực,573
bất minh,573
bằng lòng,573
bệnh tâm thần,573
bỏ thăm,573
bỏ túi,573
cao học,573
khiển,572
dặm,572
thưởng,572
chối,572
bụng,572
niềm,572
a phòng,572
bảo hưng,572
bảo khê,572
bảo thạnh,572
cao đại,572
mai động,572
mông chính,572
quỳnh bảo,572
thiệu chính,572
tân thành a,572
biếng rằng,572
biện công thất,572
bài bây,572
bảo luỹ,572
bảo sanh,572
bất bạo động,572
hỏa,571
khoản,571
well,571
kịch,571
rộng,571
sạn,571
tán,571
phán,571
ban cơ,571
hoàng động,571
hệ mặt trời,571
quan vân trường,571
thành thới a,571
vân tự,571
y học,571
am hiểu,571
an dân bảo quốc,571
ay rằng,571
binh công xưởng,571
biến cố,571
bán thành phẩm,571
bây nhiêu,571
bất tài,571
bỏ hoang,571
bè,570
gió,570
nối,570
hấp,570
thoải,570
thờ,570
lôi,570
cập,570
giam,570
cam chính,570
chính gián,570
cương chính,570
hoa đường,570
nam định,570
nghệ sĩ nhân dân,570
phật tự,570
quảng chính,570
tam nhân đồng hành tất hữu ngã sư,570
thông bình,570
tiếng do thái,570
tuân chính,570
tân chính,570
báo an,570
bãi bỏ,570
bình thường,570
bước đường,570
bảo toàn khối lượng,570
bất hợp pháp,570
bỏ cờ,570
bỏ liều,570
bỏ lỡ,570
bỏ phiếu,570
bồ chính,570
bổ chính,570
đốt,569
nhẹ,569
chiếm,569
họp,569
ghê,569
e,569
mộ,569
vẽ,569
on,569
bình ba,569
bình trung,569
bình định vương,569
bộ trưởng,569
cổ nhuế,569
cửa lớn,569
gia đức,569
hán tự,569
quảng nhân,569
tự lạn,569
yên bằng,569
a ơi,569
an toàn lao động,569
bài binh bố trận,569
bài học,569
bác cổ,569
bán đồ,569
bình bản,569
bình đội,569
bó tay,569
bảo hiểm phi nhân thọ,569
bỏ dở,569
bố láo chi khươn,569
cha nội,569
địch,568
kho,568
dì,568
cắp,568
phẩm,568
đâm,568
chuột,568
wow,568
gia nã đại,568
hàm tử quan,568
lễ hiện xuống,568
mặt trận,568
thuỵ chính,568
viên an,568
ba mũi giáp công,568
binh cơ,568
biên nhận,568
buột tay,568
bình thân,568
bưu chính,568
bỏ bê,568
bỏ lỏng,568
tạp,567
đeo,567
hãi,567
phu,567
an bình,567
bình nghĩa,567
bỉ nhân,567
cam thành nam,567
cha cú,567
cẩm nhân,567
tề nhân,567
viên tính,567
vụ quang,567
yên đồng,567
a máy,567
an toàn khu,567
báo ảnh,567
bình an,567
bình điện,567
bí số,567
bản co̱n,567
bằng cấp,567
bỏ rèm,567
trao,566
cản,566
lao,566
nghề,566
màn,566
cặp,566
răng,566
bạo,566
khúc giang công,566
tiền nha,566
trung hội,566
trường bình,566
tân thành tây,566
yên tâm,566
an toàn giao thông,566
bao vây kinh tế,566
báo giá,566
báo tử,566
bạo chúa,566
bản thân,566
bất hạnh,566
bỏ ngỏ,566
bộ thủ,566
trống,565
trụ,565
thám,565
cụ,565
xuyên,565
canh,565
cờ,565
khiếp,565
hạt,565
vớ,565
thí,565
cứng,565
thiện,565
xương,565
thợ,565
an kỳ sinh,565
an phụ,565
an thương,565
biển động,565
bình hàng tây,565
cam thành bắc,565
cổ nghĩa,565
máy tính điện tử,565
thành phố hồ chí minh,565
tháng mười hai,565
tiên hội,565
tân thành b,565
tân thới nhất,565
vụ bổn,565
an thần,565
ba quân,565
blan năm,565
bài vị,565
bàn tay vàng,565
bút sa gà chết,565
bất cẩn,565
bến xe,565
bộ hạ,565
thảm,564
lan,564
tố,564
mèo,564
an cầu,564
an hội,564
ba liên,564
bình xa,564
cao viên,564
cha chiêu,564
dao tiền,564
hội an,564
hữu cơ,564
trung điện,564
tâm thắng,564
vinh tiền,564
xe tơ,564
an toàn dịch bệnh,564
biến báo,564
buổi tối,564
bàn máy,564
báo điện tử,564
bé tí,564
bất hoạt,564
bất ngờ,564
bất tài đồ thơ,564
bằng sáng chế,564
cao đẹp,564
tan,563
rồng,563
trăm,563
môn,563
điệp,563
phạt,563
hò,563
um,563
kẹt,563
cú,563
long,563
ngực,563
ben,563
đua,563
dạng,563
bắc gia nghĩa,563
ninh cơ,563
thanh đồng,563
thiên chúa giáo,563
thành thới b,563
thần xa,563
tiên an,563
trường trung,563
văn lý,563
vị hoàng,563
an thân,563
bao ni lông,563
biến hình,563
bàn vị,563
bánh hằng sống,563
báo thức,563
bạc mặt,563
bản ghi nhớ,563
bất chấp,563
bất kì,563
bất lợi,563
cha ghẻ,563
rồ,562
đế,562
bả,562
lục,562
trùng,562
xưa,562
bác vọng,562
chiềng an,562
cầu đất,562
gây giống,562
hóa học,562
quảng định,562
sơn định,562
thi toàn,562
thường thới tiền,562
thời kỳ khai sáng,562
vị thắng,562
bánh hỏi,562
bình chọn,562
bường an,562
bản tính,562
bảo đảm pháp luật,562
bất bại,562
bất khả chiến bại,562
bất tận,562
bộ lạc,562
xã,561
g,561
đe,561
khuyên,561
hư,561
rửa,561
tùy,561
sóng,561
bằng la,561
kỳ viên,561
mạnh thường quân,561
thạch định,561
trần tiễn thành,561
tân định,561
tô hiến thành,561
vân cơ,561
vệ an,561
vị thanh,561
xuân định,561
an toàn sâu bệnh,561
bao khón lả,561
biểu đồ,561
bác vật,561
bán nước,561
báo cáo viên,561
báo thủ,561
băng vệ sinh,561
bạch tiền,561
bản năng,561
bản đồ tư duy,561
bất tỉnh,561
cao lâu,561
cao phụ,561
giày,560
thẻ,560
giàu,560
khứ,560
treo,560
an bình a,560
an trường,560
bạch thoại tự,560
bằng phúc,560
bộ vi xử lý,560
cẩm định,560
gác đường vẽ mặt,560
phật tiền,560
quán cao đường,560
sài gòn-gia định,560
tiếng pháp,560
tiền giang,560
triệu đại,560
tràng định,560
trường an,560
trần thành ngọ,560
tân hoà thành,560
tân phú thành,560
việt nam cách mạng đồng chí hội,560
vô tranh,560
an toàn xã hội,560
buồn tình,560
bài báo,560
báo hiệu,560
báo yên,560
bình sai,560
bóng tối,560
bất hòa,560
bất kính,560
bất tường,560
bấy nay,560
leo,559
cân,559
lãng,559
bãi,559
võ,559
cóc,559
tắc,559
lẫn,559
câm,559
trần,559
cổng,559
bình chân,559
lý chế,559
mặt trăng,559
tràng tiền,559
an dưỡng đường,559
be bé,559
báo phục,559
bên nguyên,559
bình minh,559
bất diệt,559
bất hảo,559
cam đường,559
cãi,558
lang,558
cận,558
ngọn,558
gấp,558
bơi,558
bẩn,558
bám,558
trưa,558
phó,558
thai,558
mẽ,558
đụng,558
ba lòng,558
ba đình,558
binh tình,558
bần yên nhân,558
bắc trung bộ,558
cơ kiều,558
dao đại bản,558
tam quan bắc,558
thái học,558
thượng lý,558
tiếng ba tư,558
triệu đề,558
trí bình,558
tải xuống,558
yên viên,558
biên phòng,558
bom hàng,558
bà già bốc mắm,558
bán kết,558
báo danh,558
bò sát,558
bạo động,558
bản sư,558
bất luận,558
bất tiện,558
bất túc,558
bề mặt,558
cao bay xa chạy,558
cao chạy xa bay,558
hung,557
đồn,557
tải,557
nhiệt,557
sứ,557
bia bà la khê,557
bình quý,557
bình yên,557
cảnh hóa,557
gia cát,557
gia lâm,557
hải phòng,557
hịch tướng sĩ,557
liên hợp quốc,557
long đồ,557
lý hòa,557
mâng nhé,557
mạc gia,557
sài gòn - gia định,557
tam đường,557
thủy bằng,557
tiên sư,557
vũ bình,557
vị đông,557
yên bình,557
an sinh xã hội,557
an tử,557
ba cọc ba đồng,557
biến đổi,557
bli đất,557
blời đất,557
buổi sáng,557
bác cổ thông kim,557
báo chí,557
bình thư,557
bưng mắt bắt chim,557
bất cập,557
bất lương,557
đòi,556
lỡ,556
tống,556
ép,556
dần,556
lui,556
mạch,556
kịp,556
bật,556
hối,556
thấp,556
đạt,556
đáp,556
bình chuẩn,556
cúc đường,556
cảnh nghi,556
cẩm đường,556
diêu đường,556
gia kiệm,556
hàng châu,556
hạ thần,556
ngôn đa tất thất,556
sào do,556
tử trường,556
a ôi,556
ban hành,556
bjoóc coi,556
bài bác,556
bái đường,556
báo viết,556
bình dân,556
bình phục,556
bình thường hóa,556
bưởi đường,556
bắn hơi,556
bằng hữu,556
bẽ mặt,556
bỉ mặt,556
bộ binh,556
bụng bảo dạ,556
canh phòng,556
cỡ,555
đựng,555
ấm,555
nhiễm,555
tước,555
nhắm,555
an trường a,555
bình thắng,555
bình trung đông,555
châu lý,555
cuối hạ,555
do thái giáo,555
hoàn kiếm,555
hòa đồng,555
lục xâm bảo,555
máy vi tính,555
sông bằng,555
tiên kỳ,555
tiên minh,555
tiếng đức,555
toàn sơn,555
tông qua lìn,555
vô trang,555
yên phụ,555
yên thường,555
bay biến,555
biên chú,555
biểu tình,555
biệt hiệu,555
biệt tài,555
báo hại,555
bát chiết yêu,555
bên cạnh,555
bình tinh,555
bản quyền,555
bất cập vật,555
bất cốc,555
bần cùng hoá,555
bằng vai,555
rác,554
cởi,554
đc,554
mồm,554
xâm,554
don,554
mảnh,554
ngón,554
cất,554
khẩn,554
an tiến,554
ba tàu,554
bình trung tây,554
bình tấn,554
bản phố,554
bằng lang,554
chị hằng,554
hoạn đồ,554
khánh gia,554
thiệu lý,554
thạch động,554
tiên kinh,554
toán học,554
trung hạ,554
trung quốc,554
trung yên,554
viên an đông,554
vĩnh thực,554
yên hợp,554
yên trung,554
an toàn dữ liệu,554
blai gái,554
bài bản,554
bài trung,554
bát chính đạo,554
bạc tình,554
bạc đồng,554
bản quốc,554
bất mãn,554
bận tâm,554
bề ngoài,554
bịt mắt bắt dê,554
bộ tướng,554
chiếu,553
dụ,553
vẩn,553
tuy,553
bia,553
chấm,553
dung,553
đậu,553
bàn cổ,553
bàn tân định,553
bình giáo,553
bình thanh,553
bích động,553
bằng cốc,553
chú mười,553
cơ đốc giáo,553
cầu diễn,553
cố thiệu,553
hồ dương mơ tống công,553
khuynh thành khuynh quốc,553
khói báo chiến tranh,553
liên minh bưu chính quốc tế,553
quý quân,553
quất động,553
sơn bằng,553
tao khang chi thê,553
thái bình trung,553
tháng ba,553
thời gian rảnh rỗi,553
vũ hội,553
ba tháng,553
biểu sinh,553
biệt danh,553
biệt khu,553
báo cáo,553
bây bẩy,553
bây chừ,553
bình địa,553
băng hình,553
bưu chính viễn thông,553
bất hoà,553
bất khuất,553
bất nhã,553
bắc bộ,553
phiếu,552
tom,552
mười,552
thơ,552
mưu,552
bờ,552
ảo,552
an bình tây,552
bình hòa trung,552
bằng mạc,552
cao vọng,552
nghiên cứu,552
thường thắng,552
tiêu bản,552
tiếng nhật,552
trái đất,552
trường minh,552
tu lý,552
tú thực,552
an trí,552
bay hơi,552
biến chứng,552
biển báo,552
bán thần,552
báo đông,552
bơ thực vật,552
bạch đồng nữ,552
bất chợt,552
bất hủ,552
bất kham,552
bất toại,552
bất trắc,552
bất tín nhiệm,552
bộ não,552
xu,551
ngã,551
nát,551
dũng,551
vé,551
lĩnh,551
ngang,551
an quý,551
ba chúc,551
ba tiêu,551
bình mỹ,551
bình trị,551
bình đức,551
bằng giang,551
bằng luân,551
bồ lý,551
cao phạ,551
cao đình,551
hi di tiên sinh,551
khâm định đại nam hội điển,551
mây hàng,551
quan thầu sán,551
quả đất,551
sinh tồn,551
thang máy,551
thiệu tâm,551
thường lạc,551
thạch bằng,551
tiên hoàng,551
trần văn thời,551
tân việt cách mạng,551
vũ phương đề,551
yên nghĩa,551
a hoàn,551
an bài,551
ay từng,551
biển báo giao thông,551
bàn cầu,551
báo thù,551
bình tĩnh,551
bình đẳng giới,551
bõ công má hồng,551
bản chí,551
bất đẳng thức,551
bằng lăng,551
bộ phận,551
bộ tộc,551
gan,550
chai,550
trà,550
căng,550
đăng,550
man,550
kí,550
lát,550
r,550
thèm,550
an bình b,550
an dân,550
bì bà bì bõm,550
bình văn,550
bằng lũng,550
chí tiên,550
cộng hòa nhân dân trung hoa,550
lý nhi,550
quyết tiến,550
thuỷ bằng,550
thắng quân,550
trả châu,550
tân hộ cơ,550
biến chuyển,550
biện lý,550
boom hàng,550
bán thân bất toại,550
bùa chú,550
bùng hàng,550
băng thông,550
bản địa,550
bất khả thi,550
bất đắc kỳ tử,550
bằng cớ,550
bằng khoán,550
bằng phẳng,550
bộ bài tây,550
bộ tư lệnh,550
dạo,549
bếp,549
chôn,549
liều,549
trúng,549
đéo,549
all,549
đương,549
dẹp,549
bình nghi,549
bình đông,549
bằng doãn,549
bằng giã,549
bằng khánh,549
hà đồng,549
lý hoà,549
nho học,549
nước dương,549
phật học,549
quảng tâm,549
sơn đồng,549
tiếng triều tiên,549
trường yên,549
tình cương,549
vĩnh đại,549
yên trường,549
ampere kế,549
biên cảnh,549
biến hŏá,549
biến ngẫu nhiên,549
biệt lập,549
bài tính,549
bán chạy,549
bán cầu,549
bán thân,549
báo hoa mai,549
bỗng nhiên,549
bộ chuyển đổi xúc tác,549
bộ dạng,549
bộ môn,549
cam tâm,549
đếm,548
doanh,548
bảy,548
chỉnh,548
mưa,548
góc,548
an thái trung,548
an thắng,548
bút chiến,548
bản hồ,548
bồ đề,548
chinh chiến,548
chử đồng tử,548
cảnh dương,548
cẩm lý,548
giáng sinh,548
hán học,548
lâm đồng,548
lý bôn,548
lý uyên,548
nhơn lý,548
nổi quân hạ,548
nữ hoàng,548
phú sĩ,548
quán hành,548
thanh quân,548
thanh tiên,548
thụy sĩ,548
tiếp dư,548
truyền hình,548
tân đồng,548
tổng hợp,548
vị xuyên,548
xuân tình,548
an toàn bức xạ,548
băng cầu,548
bộ lĩnh,548
cao điểm,548
niệm,547
làng,547
giáng,547
đa,547
ngơi,547
phức,547
dựa,547
we,547
hỗ,547
miếng,547
thảo,547
an lạc,547
ba vòng,547
bình kiến,547
bình lợi,547
bình nam,547
bản già,547
cao kỳ,547
chất bình,547
cổ đông,547
cộng hoà nhân dân trung hoa,547
cộng hòa nhân dân mông cổ,547
cự đồng,547
dòng câu,547
hoà đồng,547
quỹ tiền tệ quốc tế,547
tam đồng,547
thanh liên,547
thạch đồng,547
tiếng hy lập,547
trung mỹ,547
xuân tâm,547
biểu hiện,547
biệt vô âm tín,547
bàn hoàn,547
bàn tính,547
bàng tiếp,547
bách chiến,547
báo biểu,547
báo ứng,547
bát đồng,547
bình nguyên,547
bình thường hoá,547
bản văn,547
bản án,547
bần sĩ,547
bổ đề,547
fbi,546
sỹ,546
tái,546
nô,546
hmm,546
hoại,546
bài tập,546
bình hoà trung,546
bình la,546
bình nghị,546
bó sinh,546
cai bộ,546
cổ linh,546
dãi đồng,546
khả biến thần kinh,546
ruộng tình,546
sài đồng,546
thử thủ,546
tiên lập,546
tiên mỹ,546
toả tình,546
trường sa lớn,546
tâm vu,546
tây bình,546
vô kỷ,546
văn hội,546
vệ thanh,546
vị quang,546
yên tập,546
biên tập viên,546
biếu tình,546
báo tường,546
bình phương,546
băng cầu thủ,546
bất đắc chí,546
bấy nay giả dối,546
bằng bay côn nhảy,546
bệnh viện dã chiến,546
bộ tịch,546
bộ điệu,546
ca đáng,546
cao thủ,546
thăng,545
huấn,545
gác,545
trăng,545
ngắn,545
mô,545
túy,545
chứa,545
dầu,545
nấu,545
nông,545
chớ,545
nãy,545
an lạc a,545
bình thạnh trung,545
bạch ốc xuất công khanh,545
bộ gõ,545
cẩm tâm,545
giải nguyên,545
hoa liên,545
hà đồ lạc thư,545
liên hoa,545
lã đường thi tập,545
nam lâu,545
nau tâm rnglăp mhe,545
nhật bản,545
phả đồng,545
quân tử cầm,545
thanh phát,545
thượng bằng la,545
tiếng phần lan,545
trang cộng đồng,545
trung lập hạ,545
trung màu,545
trung đô,545
trung đông,545
trường lạc,545
tân thông hội,545
tùng vài,545
vắng chủ nhà gà vọc niêu tôm,545
vị tân,545
yên giá,545
an nghỉ,545
an phận thủ thường,545
an toàn phóng xạ,545
bom hóa học,545
bình địa ba đào,545
bút máy,545
bạo hành,545
bất chấp thủ đoạn,545
bộ đàm,545
canh giữ,545
cao quý,545
cao độ kế,545
thách,544
cấm,544
nâng,544
ph,544
gương,544
is,544
an lập,544
an mỹ,544
an đức,544
bình phúc,544
bình thuận,544
bình trị thiên,544
bản cầm,544
bản nguyên,544
chiềng sàng,544
chùa bia bà la khê,544
cống vị,544
cộng hòa dân chủ nhân dân triều tiên,544
cửa nam,544
duyên đằng gió đưa,544
nguyên trung,544
thuận bình,544
thái bình,544
thị cầu,544
tài mệnh ghét nhau,544
tân cảnh,544
tân hội trung,544
tư nghĩa,544
tế hầu ngã xe,544
yên đình,544
biên giới,544
biệt ly,544
buồng máy,544
bách bộ,544
bán đứng,544
bản chất,544
bản chức,544
bẩm sinh,544
bệnh sử,544
bối cảnh,544
cao tuổi,544
đỉnh,543
điếm,543
sắt,543
sẻ,543
dứt,543
hân,543
lộn,543
mạo,543
hoảng,543
tu,543
a mrơn,543
a roàng,543
an nghiệp,543
cảnh hoá,543
cầu cầm,543
cổ chi,543
cổ lễ,543
dị an cư sĩ,543
múa rìu qua mắt thợ,543
pháp luân đại pháp,543
thượng bình,543
tiếng nga,543
trí thức,543
trả bích,543
tây nam bộ,543
tổ cầu,543
viên nội,543
văn an,543
văn nghĩa,543
vị thuỷ,543
xuân cảnh,543
a drâm dheac,543
a dupẹ,543
a líah,543
a nguỳ,543
a ngên,543
a pông,543
a pạc,543
a revêre,543
a sliên,543
a troóng,543
a tuḵ akoogaanjí,543
a tíx glíah,543
ban phát,543
buồn ngủ,543
buồng tối,543
bài thuốc,543
bàn xong,543
bán đấu giá,543
bút thiên nhiên,543
bản ghi,543
bất đắc kì tử,543
bồ câu,543
cao độ,543
mù,542
bẫy,542
tuyên,542
ngại,542
kệ,542
lượt,542
an hóa,542
bình hòa,542
bình lãnh,542
bình tường,542
bản lầm,542
bản ngoại,542
cổ phúc,542
cổ tiết,542
hòa bình,542
mé nước,542
mất búa đổ ngờ,542
suối trai,542
thần phù,542
trung hoa dân quốc,542
trí quả,542
tân an hội,542
ba bề bốn bên,542
ba dây,542
ban chấp hành,542
ban đêm,542
bay nhảy,542
binh đội,542
biệt kích,542
biệt tích,542
bán chịu,542
bán trả dần,542
bình chương,542
bình phong,542
bình thủy,542
bông lai tiên cảnh,542
bệnh án,542
bổ túc tay lái,542
bộ quy tắc hiệp sĩ,542
huh,541
thổi,541
thập,541
thùng,541
ủng,541
ôm,541
an phú trung,541
an đô,541
báo đáp,541
bình trị đông,541
bản thi,541
cảnh cước,541
cảnh hưng,541
cảnh thuỵ,541
khay liên hợp,541
lão quân,541
thiệu viên,541
thạch kính đường,541
thủ thiêm,541
tiên ngoại,541
tiên phương,541
triệu an,541
trung lễ,541
trung phúc,541
vũ tiến,541
yên tiến,541
bài sai,541
bán bình nguyên,541
bán tử,541
bản in thử,541
bản lai,541
bản nhạc,541
cam kết,541
cao cấp,541
họa,540
buôn,540
dâm,540
phẫu,540
trứng,540
môi,540
trạm,540
tuyết,540
an ngãi trung,540
an thạnh trung,540
an đạo,540
bình hiệp,540
bình đào,540
bắc hợp,540
chân vũ,540
cầm đuốc chơi đêm,540
cầu giấy,540
cộng hòa dân chủ nhân dân lào,540
cửa bắc,540
thân cửu nghĩa,540
thường tín,540
thượng trung,540
thới an hội,540
trung cộng,540
trung thượng,540
trường đông,540
tân lý đông,540
viên môn,540
yên kỳ,540
yên minh,540
bay màu,540
bán trả góp,540
báo mộng,540
bình dị,540
bình luận,540
bình vận,540
bùng nổ dân số,540
bản cực,540
cao trình,540
cải,539
cốc,539
mát,539
phiên,539
xóa,539
lùng,539
bảng,539
ho,539
mụ,539
an lão,539
bình châu,539
bình dương,539
bình hải,539
bình lương,539
bình ninh,539
bình sa,539
châu bình,539
câu gồ,539
kiến an,539
ninh bình,539
sa bình,539
sín quyền,539
thanh đình,539
thọ am tự thuyền,539
tiên thuận,539
tiếng băng đảo,539
tiếng hàn,539
trí yên,539
ba kích,539
ba tăng,539
buôn dân bán nước,539
bài trí,539
bán nước buôn dân,539
bán phá giá,539
bán phụ âm,539
báo bổ,539
báo tang,539
báo ân,539
báo đền,539
bát kết,539
bình cư,539
băng giá,539
bại quân,539
bản gốc văn bản,539
bản mạch chủ,539
bắn cung,539
gi,538
tả,538
khổng,538
cắn,538
an minh bắc,538
an tây,538
bình lôi,538
bình xuyên,538
chiềng mai,538
cải viên,538
cổ ngân,538
giao tử,538
kỳ tiêu,538
mai châw,538
rừng thông,538
tiến thắng,538
tiếng hàn quốc,538
tiếng việt,538
tiếng ồn,538
trung á,538
tân lý tây,538
tây an,538
viên sơn,538
việt nam học,538
vũ quý,538
vũ thư,538
yên quý,538
biến dịch,538
biến thiên,538
blổ tài,538
buổi mai,538
bài luỗn,538
bàn chân,538
bào chế học,538
bình phẩm,538
bí quyết,538
bản quán,538
bằng hữu chi giao,538
ngọt,537
đấm,537
khiêu,537
gấu,537
house,537
giành,537
quang,537
móc,537
an lễ,537
an phúc,537
an thái,537
ba ngạc,537
bình lãng,537
cao đức,537
chiềng yên,537
chí minh,537
cấp tiến,537
cầu xanh,537
cầu ô,537
cộng hoà dân chủ nhân dân lào,537
khả năng,537
long quang động,537
lâm viên,537
nghĩa phụ nam xương,537
quang trọng,537
sàn viên,537
sào phủ hứa do,537
thái an,537
thường châu,537
thấu kính máy ảnh,537
tiên lãnh,537
trung ấn,537
trà bình,537
trường tây,537
vũ đoài,537
yên bài,537
yên thwí,537
ba hoa thiên địa,537
ba lá,537
ba tầm,537
biệt tăm biệt tích,537
buộc tội,537
bách gia chư tử,537
báo hiếu,537
bóng hạc xe mây,537
bất đắc dĩ,537
bần cùng khố bện,537
bệnh binh,537
giãn,536
dường,536
rắn,536
bào,536
quảng,536
ví,536
bão,536
song,536
an thuận,536
ba tầng,536
bình đa,536
cổ bi,536
cửa dương,536
hoạ vô đơn chí,536
hán tự văn hóa quyển,536
môn thần,536
mông cổ,536
quang bình,536
sỹ bình,536
thánh hội kị sĩ đoàn,536
thường nga,536
thủy tiên,536
tiên nha,536
tiên nội,536
tiên thủy,536
tiếng malaysia,536
tiếng ả-rập,536
trung hiệp,536
tuyên bình,536
tân viên,536
vọng đông,536
xuân viên,536
yên luật,536
bay buộc,536
bi thương,536
biên bản,536
bác lãm cổ kim,536
bách khoa toàn thư,536
bánh trung thu,536
bánh ít,536
báo hỉ,536
báo hỷ,536
báo oán,536
bình phiên,536
bức ảnh,536
ức,535
quyển,535
ghé,535
sơn,535
vờ,535
an lạc tây,535
an thượng,535
bác sỹ,535
bình ân,535
bắc an,535
cam bình,535
cầu khởi,535
hoàng mai,535
hòa nghĩa,535
lục thông,535
quảng bình,535
song bình,535
sơn bình,535
sử dụng,535
thiệu hợp,535
thiệu trung,535
thổ bình,535
tiên du,535
tiên hiệp,535
tiêu diễn,535
tiếng a-rập,535
tiếng an-ba-ni,535
tiếng bun-ga-ri,535
tiếng hin-đi,535
tiếng hy lạp,535
tiếng hà-lan,535
trung hải,535
trung mỹ tây,535
tản viên,535
vân bình,535
an hưởng,535
ba bốn,535
biên đội,535
báo cạ,535
báo liếp,535
bản sắc,535
bắc bán cầu,535
liền,534
huyết,534
mượn,534
đớn,534
tách,534
an hùng,534
bình cảng,534
bình hàn,534
bình hòa đông,534
bình lâm,534
bình ngọc,534
bình triều,534
bình tân,534
bù gia mập,534
châu hội,534
chủ nhật,534
cổ dũng,534
hình hươu,534
kinh dịch,534
liên hiệp quốc,534
nữ vương,534
thiện trung,534
thuốc điểm mắt rồng,534
thủy an,534
tiên châu,534
tiến đức,534
trung môn,534
trung thiện,534
trà cổ,534
tân bình,534
tả gia khâu,534
vĩnh bình,534
vũ thắng,534
yên thắng,534
ba đào,534
biệt mù,534
bom hoá học,534
bài xuất,534
bác hà,534
bán cầu não,534
băng điểm,534
bước tiến,534
bản vẽ,534
bức tử,534
can liên,534
bệ,533
chóng,533
kín,533
tr,533
niên,533
chở,533
hét,533
ngữ,533
lông,533
an lưu,533
an nội,533
an tôn,533
an tường,533
an đức tây,533
bình lăng,533
bình phú,533
bình trưng,533
bình xuân,533
bình xá,533
bản lang,533
cao tổ,533
cầu kho,533
lạc phố,533
ninh thân,533
thạch bình,533
tiên dương,533
tiên hải,533
tiên lương,533
trung lập thượng,533
tấn tài,533
vạn bình,533
xuân bình,533
yên mật,533
a hộ,533
an lành,533
bang liên,533
biến hóa,533
biện chứng duy vật,533
biệt xứ,533
bàn dân thiên hạ,533
bách nhân bách khẩu,533
bán hạ,533
bánh trái,533
bình giảng,533
bình ngưng,533
bình tông,533
bình đẳng,533
bạc nghĩa,533
bạch diện thư sinh,533
bản dạng,533
bản mạch,533
bầu trời,533
bệnh lí,533
cao nguyên,533
cao đạo,533
hạng,532
lồ,532
cớm,532
pháo,532
khát,532
ga,532
suýt,532
ung,532
nguyền,532
paris,532
phỏng,532
nhục,532
an dục,532
an hiệp,532
an hảo,532
an hữu,532
ba đồn,532
bình hoà,532
bình hòa nam,532
bình hẻm,532
bình nhì,532
bình phước,532
bình thuỷ,532
bình điền,532
bản mù,532
chợ lớn,532
cấp dẫn,532
hoa kỳ,532
hoà bình,532
hạ long bay,532
hồ chí minh,532
nam đàn,532
nghệ an,532
quảng hợp,532
thích ca mâu ni phật,532
thông thụ,532
tiên long,532
tiên lục,532
trà bản,532
trà trung,532
trúc lâu,532
trường hòa,532
trại đất,532
tây tử,532
tương bình hiệp,532
tử sở,532
văn tiến,532
vĩnh thông,532
vũ lạc,532
yên lạc,532
a rối,532
an giấc,532
biện bác,532
biệt li,532
biệt phái,532
bác ái,532
bình tặc,532
bình xịt,532
bản doanh,532
bản làng,532
bản lĩnh,532
bản ngã,532
bản thảo,532
cao kiến,532
cha mô á sì,532
tuyến,531
tốn,531
cam,531
mộng,531
hòn,531
hè,531
mũ,531
hận,531
kĩ,531
an biên,531
an cư,531
an dương,531
an lợi đông,531
bình chánh,531
bình giã,531
bình hiên,531
bình hòa tây,531
bình hưng,531
bình khang,531
bình khánh,531
bình khương,531
bình kiều,531
bình lư,531
bình lộc,531
bình quế,531
bình thọ,531
bình tú,531
bình tịnh,531
bó tay chấm com,531
bản liền,531
cư an,531
cẩm bình,531
cửa cạn,531
lục quân,531
mai dịch,531
nam đình,531
nàng mạnh,531
quảng trung,531
quế bình,531
sơn trung,531
thường kiệt,531
thủ đức,531
tiến đông,531
tiếng tây ban nha,531
trung hà,531
trung sơn,531
trường thủy,531
tề thiên đại thánh,531
tịnh bình,531
vân trung,531
vực trường,531
xa khả tham,531
xuân thần,531
an ninh mạng,531
an phận,531
ba bảy,531
ba gác,531
ba trăng,531
ba đậu,531
biến chất,531
biện giải,531
biệt dược,531
biệt đãi,531
bom ba càng,531
bài viết,531
bán dẫn,531
bình bồng,531
bình duyệt,531
bình thản,531
bình đạm,531
bại tử,531
bạo quân,531
bảng tuần hoàn,531
bồi thường,531
can trường,531
bồ,530
gắn,530
hà,530
cút,530
p,530
sàn,530
cứt,530
vãi,530
tạ,530
sói,530
an hải,530
an hồng,530
an lương,530
bình chiểu,530
bình nhâm,530
bình phan,530
bình quới,530
bình qúy,530
bình thới,530
bản lầu,530
bắc mỹ an,530
canh liên,530
cổ chiên,530
cổ lũng,530
cửa lò,530
giám đốc tiếp thị,530
hồ việt nhứt gia,530
kiềm lâu,530
lai tử,530
lạc long quân,530
nam phần,530
nhơn bình,530
phần lão,530
phần tây,530
sơn ba,530
sơn hội,530
thuật ngữ toán học anh-việt,530
thông hoà,530
thạnh bình,530
thới bình,530
trung giáp,530
trung âu,530
trà quân,530
tân hợp,530
tân trung,530
tự cổ hồng nhan đa bạc mệnh,530
xuân thương,530
yên hồ,530
a hành ác nghiệt,530
ba lông,530
binh biến,530
biến âm,530
biệt tăm,530
buôn hàng xách,530
buồn đau,530
bài mục,530
bán mạng,530
bán đồ nhi phế,530
bán độ,530
bát cổ,530
bâư thông chinh,530
bình toong,530
bôi bác,530
bản gốc,530
bản kỉ,530
bản xứ,530
bấy lâu,530
chìm,529
gián,529
tủ,529
hèn,529
táo,529
trì,529
an lục,529
an thái đông,529
an xuyên,529
bình hòa bắc,529
bản giang,529
bản khoang,529
bối cầu,529
cổ am,529
danh mục bộ thủ chữ hán,529
hồ phục,529
luy lâu,529
mang kệ,529
phạm thiên,529
quảng tiên,529
sáng nhè,529
sông vệ,529
tháng tư,529
thạch trung,529
tiên cát,529
tiên hà,529
tiên kiên,529
tiên sơn,529
trung kênh,529
trung xuân,529
tây yên a,529
tư mai,529
việt trung,529
vân hội,529
văn võ kiêm toàn,529
xuân trung,529
yên trị,529
yên tĩnh,529
yên đức,529
ba lô,529
ba má,529
biểu quyết,529
biệt thự,529
bào xác,529
bác hõ,529
bác roch,529
bái biệt,529
báng thần,529
bóng cá,529
bản chép,529
bản cáo trạng,529
bản đáo,529
bảng trời,529
bần thần,529
trá,528
quê,528
nền,528
kiên,528
kẹo,528
be,528
lưỡi,528
bày,528
buông,528
trượt,528
gãy,528
ba tô,528
cổ súy,528
mạnh tân chi hội,528
mỹ quốc,528
niệm nghĩa,528
thanh xuân trung,528
thân giáp,528
thường phước,528
tiên ngọc,528
tiến lợi,528
tiếng hòa lan,528
triều tiên,528
trung hoá,528
trung thịnh,528
trường dương,528
trường sa,528
tân hội,528
xuân hội,528
yên hoa,528
yên lập,528
yên mỹ,528
ba xuân,528
biền biệt,528
biển kỳ,528
bài văn,528
bách hợp,528
bí thư,528
bóng bàn,528
bóng bán dẫn,528
bướu cổ,528
bạch cầu,528
bạo phát,528
bản kê,528
bất thình lình,528
bệnh phẩm,528
bụi đời,528
cao sản,528
cao thượng,528
cao tăng,528
bông,527
kem,527
bá,527
vân,527
thải,527
nghiện,527
liệt,527
vội,527
sữa,527
an nông,527
ba lê,527
bát đại sơn,527
bình trinh đông,527
bản bo,527
chiềng tượng,527
cầu chày,527
cẩm trung,527
hồi quốc,527
nho gia văn hóa quyển,527
phương sai,527
quảng liên,527
quảng nghĩa,527
quỳnh phụ,527
thái bình dương,527
thương trạch,527
thượng đình,527
thạch hội,527
thọ hợp,527
tiên dược,527
trung chải,527
trung phụng,527
trung tú,527
trường long,527
trại cao,527
tuyên nghĩa,527
tuyết nghĩa,527
tây tiến,527
tô quân,527
tế tiêu,527
tử kính,527
văn yên,527
yên nghiệp,527
ba mươi,527
ba tầu,527
binh lực,527
biến thái,527
biển thủ,527
buân bán,527
buộc lòng,527
bài trừ,527
bàn chải đánh răng,527
bàn giao,527
bán vũ trang,527
bó thân,527
bạo bệnh,527
bản lề,527
bảng điện,527
bần cố nông,527
óc,526
hương,526
cỏ,526
lô,526
khuôn,526
hiến,526
mò,526
an bá,526
an hà,526
ba điền,526
bát tiên,526
bình hoà đông,526
bình hưng hòa a,526
bản díu,526
bản mế,526
bản ngò,526
bản phiệt,526
bản phùng,526
bản rao,526
bản sen,526
bản vược,526
bản xèo,526
bắc phần,526
cao chương,526
cao hùng,526
cao lãnh,526
cán cầu,526
cầu lam,526
khấu quân,526
la quả,526
lăng quân,526
nam kỳ,526
phù giao tử,526
quân chu,526
quảng an,526
quế trung,526
rã bản,526
sơn an,526
sơn điện,526
sư tử hống,526
thanh lạc,526
thuần mang,526
thuỷ tiên,526
tiên phú,526
tiên thuỷ,526
tiên điền,526
trung chánh,526
trung giã,526
trung lộc,526
trung ngãi,526
trung trạch,526
trình thanh,526
trường lang,526
tuyên bình tây,526
tân liên,526
tây minh,526
tế thắng,526
vân an,526
vĩnh bình nam,526
vũ đông,526
an cư lạc nghiệp,526
ba máu sáu cơn,526
biến tướng,526
buôn gian bán lận,526
bách chiến bách thắng,526
báo lá cải,526
bãi trường,526
bút bi nước,526
bản kẽm,526
bản lườn,526
bức thư,526
cao tốc độ,526
cương,525
tri,525
miền,525
phe,525
khôn,525
an bồi,525
an hòa tây,525
an hải đông,525
an lâm,525
an ninh đông,525
an tiêm,525
an tân,525
an viễn,525
ba bích,525
ba chùa,525
ba chẽ,525
ba ngòi,525
ba tơ,525
buổi biểu diễn,525
bình khánh đông,525
bình thạnh đông,525
chánh hội,525
cầu dền,525
cầu giát,525
cầu kè,525
cầu lộc,525
cầu thia,525
cầu tre,525
kỳ la,525
liên xô,525
liên bang cộng hòa xã hội chủ nghĩa xô viết,525
phong đình,525
suối tiên,525
tam tư hậu hành,525
thanh hwả,525
thạch liên,525
thọ tiên,525
tiên cẩm,525
tiên hưng,525
tiên thọ,525
tiến phúc,525
triệu tài,525
tân nghĩa,525
tây kỳ,525
tương mai,525
tạ nữ,525
văn bàn,525
văn hoàng,525
vĩnh điện,525
vỹ sinh ôm cây,525
xuân liên,525
ya hội,525
ba giăng,525
ba gạc,525
ba khía,525
ba láp,525
ba lơn,525
ba rọi,525
ba trợn,525
ba trợn ba trạo,525
ba vạ,525
ba xàm,525
ba xạo,525
ban bí thư,525
biên tập,525
biến loạn,525
biển hiệu,525
bánh tiêu,525
bí hiểm,525
bùa hộ thân,525
bất thùng chi thình,525
bệ vệ,525
bổ nghĩa,525
cao siêu,525
cao tầng,525
kháng,524
xứ,524
ngầm,524
trừng,524
nướng,524
vây,524
muội,524
khối,524
cát,524
trôi,524
an chấn,524
an cựu,524
an lạc thôn,524
an thạch,524
an xuân,524
ba mùn,524
bình hoà nam,524
chu điện,524
long trời lở đất,524
nguyên tài,524
nhơn hội,524
phước mỹ trung,524
quỳnh ba,524
quỳnh hội,524
sơn trường,524
sư hùng,524
tam xuân i,524
tiên khanh,524
tiên kiều,524
tiên lộc,524
trường hà,524
trường sơn,524
tứ liên,524
tức tranh,524
việt điện,524
xuân an,524
an dưỡng,524
an trú,524
ban cấp,524
biền thân,524
bàn độc,524
bá bệnh,524
bâl hey,524
bí danh,524
bôn ba,524
bận lòng,524
bệnh nghề nghiệp,524
cam khổ dữ đồng,524
bóp,523
manh,523
tiệm,523
mì,523
gói,523
mồi,523
điệu,523
god,523
mồ,523
khùng,523
thổ,523
tháo,523
an hoá,523
an thuỷ,523
an điền,523
bình hoà tây,523
chí đám,523
cá biển,523
cây trường ii,523
cộng hòa trung phi,523
dương tử,523
nhật hoàng,523
pháp thuộc,523
quân cờ vàng,523
quân cờ đen,523
quân khê,523
quân thiều,523
thanh trị,523
thiên đức,523
thuận minh,523
thuận nghĩa hòa,523
thuỷ an,523
thường thới hậu a,523
thượng tiến,523
thụy liên,523
tân hội đông,523
tân thuận bình,523
tổ quốc,523
tử dị,523
tử hải,523
tử tiện,523
vu liên,523
vân trường,523
vĩnh hội đông,523
vĩnh trường,523
vạn an,523
yên nguyên,523
an tức hương,523
an ủi,523
ba hoa chích choè,523
binh quyền,523
binh thư,523
biểu thức,523
buôn nước bọt,523
buôn thần bán thánh,523
bàn thắng vàng,523
bán hoa,523
bánh mật,523
bóng ma,523
cao tốc,523
cao áp,523
nick,523
gốc,522
bụi,522
dâu,522
tv,522
giai,522
tuân,522
lầu,522
đảng,522
mập,522
xoay,522
mạn,522
đuôi,522
re,522
an hải tây,522
an ninh tây,522
an phước,522
an thịnh,522
bình khánh tây,522
cao dương,522
cao lỗ,522
chánh nghĩa,522
châu đình,522
cẩm liên,522
cửu an,522
hòn đất,522
minh lệ,522
nội mông cổ,522
phần du,522
quỳnh liên,522
thanh mỹ,522
thanh đức,522
thuỵ liên,522
thụy an,522
tiêu tương,522
tiếng hà lan,522
trung hoa văn hóa quyển,522
trí lễ,522
trường lâm,522
trường nhi,522
trường xuân,522
tân trường,522
tượng văn,522
vĩnh bình bắc,522
vạn phát,522
xuân trường,522
yên lợi,522
yên nam,522
yên sở,522
an táng,522
an tọa,522
bang trưởng,522
bay lượn,522
bay lắc,522
binh pháp,522
biên đình,522
blái tim,522
bài ngoại,522
bài tây,522
bàng an,522
bí mật,522
bưu điện,522
bầu chọn,522
bệnh hoạn,522
bột phát,522
cao hứng,522
bar,522
ân,521
tỷ,521
sốt,521
go,521
nhốt,521
đần,521
tám,521
bỏng,521
bồi,521
dở,521
âu,521
chọc,521
an hưng,521
an khánh,521
an khương,521
an lư,521
an lộc,521
an thọ,521
an tràng,521
an trạch,521
an tảo,521
an tịnh,521
an ấp,521
bình hoà bắc,521
bắc kinh,521
bồng an,521
chánh an,521
cây thị,521
cẩm an,521
cộng hòa xã hội chủ nghĩa việt nam,521
hồi giáo,521
kim chân,521
miến điện,521
nau tâm rnglăp ơm,521
nguyễn thái bình,521
nhơn nghĩa,521
quân cờ trắng,521
quế an,521
quỳnh nghĩa,521
thanh văn,521
thọ an,521
trà tập,521
tràng an,521
trường giang,521
tây yên,521
tây ba lô,521
tú an,521
tường tiến,521
tịnh an,521
tử long,521
văn giáo,521
vũ tây,521
xuất hóa,521
yên phương,521
yên đổ,521
am thanh cảnh vắng,521
an bần,521
an nhàn,521
an toạ,521
ba chân bốn cẳng,521
bay bướm,521
bay bổng,521
bi đình,521
binh khí,521
biến dị,521
biến áp,521
bú dù,521
bệnh tật,521
bệnh xá,521
bức tranh,521
cao lương,521
cao răng,521
pha,520
k,520
mến,520
gởi,520
hôi,520
thỉnh,520
mỏi,520
tháp,520
khô,520
an ngãi,520
an thạnh,520
an thới,520
cây bài chặt,520
kinh thánh,520
nhơn an,520
nùng an,520
phật tính,520
quới an,520
thói nước trịnh,520
thạnh an,520
thới an,520
tiếng hoà lan,520
trường hoà,520
trường thuỷ,520
trường thịnh,520
trần cao,520
tầng quái,520
yên chi,520
binh phục,520
biến sắc,520
biến tốc,520
bom nguyên tử,520
bài ca,520
bài hát,520
bài nhạc,520
bách bệnh,520
bướm đêm,520
bặt vô âm tín,520
bộc phát,520
nhát,519
nhảm,519
tươi,519
kỉ,519
ngắm,519
hô,519
chín,519
ngôn,519
a di đà kinh,519
an dương vương,519
an hải bắc,519
an phú đông,519
ba cụm nam,519
bình hòa hưng,519
bình hòa phước,519
bình hưng hòa,519
bạch xa,519
chí linh,519
chí đạo,519
khóe thu ba,519
lam sơn thực lục,519
quảng vọng,519
quốc ca,519
thanh hóa,519
thuận quý,519
thái yên,519
thọ trường,519
tiếng đan mạch,519
trường khánh,519
trường long tây,519
tùng ảnh,519
tập sơn,519
vũ lễ,519
vũ phúc,519
yên lễ,519
yên phúc,519
yên thái,519
ao tù nước đục,519
ba chìm bảy nổi,519
bài tiết,519
bán hoá giá,519
bánh căn,519
bạc má lớn,519
bờ đàn,519
bức thiết,519
cam chịu,519
cao mưu,519
nút,518
li,518
by,518
tỉ,518
mạc,518
tang,518
thoảng,518
an thới đông,518
bình phong thạnh,518
cam giá,518
cao thăng,518
chiềng ban,518
chiềng hoa,518
châu tiến,518
cộng hoà xã hội chủ nghĩa việt nam,518
khoé thu ba,518
phần lan,518
thanh nhật,518
thanh tương,518
thiện kế,518
thuận yên,518
thuỵ trường,518
thượng thư,518
thới an đông,518
tiến châu,518
trường khanh,518
trường thạnh,518
vàng danh,518
văn đức,518
yên thuận,518
ban búm,518
ban chiêò,518
ban grêy,518
ban mướng,518
ban tlưa,518
biến dạng,518
biện chứng,518
bàn thắng bạc,518
bào tử,518
bá súng,518
bách tính,518
bí thuật,518
bảng tổng sắp,518
bẩm tính,518
tởm,517
hỗn,517
đít,517
đuối,517
bốc,517
rũ,517
tiêm,517
đền,517
bắc triều tiên,517
cao bồ,517
cao quảng,517
cao sơn,517
cao trì,517
cầu lá buông,517
hạ hòa,517
hồng y,517
ninh tiến,517
nội kinh,517
quy kỳ,517
reino da traulitânia,517
sơn cao,517
thiên vương tinh,517
thượng vũ,517
thủ thừa,517
trông nom,517
yên bắc,517
yên thượng,517
biến nhiệt,517
biến ảo,517
biểu diễn,517
bom thư,517
bánh bía,517
bánh gềy,517
bánh khọt,517
bánh nậm,517
bánh rợm,517
bảng chọn,517
bẳn tính,517
xích,516
cạn,516
vứt,516
ngũ,516
xạ,516
giỡn,516
phái,516
đạp,516
dò,516
triều,516
a túc,516
an hoà tây,516
an phú tây,516
biển hồ,516
cam an bắc,516
châu minh,516
diễn đàn trực tuyến,516
hướng hóa,516
nghệ sĩ ưu tú,516
quảng văn đình,516
thanh nguyên,516
thiệu tiến,516
tiếng xứ cornwall,516
trần mạnh,516
tùng tử,516
tường hạ,516
vân đình,516
bàn giấy,516
bá chủ,516
bái vật giáo,516
bình thủy tương phùng,516
băng đô,516
bột năng,516
cao bồi,516
cao lầu,516
cao xạ,516
truyện,515
cược,515
nương,515
vĩnh,515
ba cụm bắc,515
cao ngọc,515
cao tân,515
cà mau,515
cộng hòa liên bang đức,515
kinh châu,515
lão giáo,515
mạn đình,515
mỹ hóa,515
ngọc kiểm,515
quốc phong,515
tam đàn,515
thanh nghị,515
thiệu minh,515
thủy xuân tiên,515
tiếng bặt bờ tương,515
tiếng bồ đào nha,515
tuần châu,515
tà năng,515
tây thiên,515
xa dận,515
xa khả sâm,515
xuân cao,515
xuất lễ,515
yên hùng,515
yên phong,515
ban giám hiệu,515
biến cải,515
biện hộ sư,515
bán kính thủy lực,515
bình nam ngũ hổ,515
bù giá,515
bạch đàn,515
bạo lực,515
bỉ quyết,515
cao ủy,515
đĩa,514
chăng,514
lâm,514
ruột,514
giơ,514
kém,514
vầy,514
an ngãi tây,514
an nhơn tây,514
an phú thuận,514
chi thiết,514
cộng hòa ba lan,514
dương kinh,514
gối du tiên,514
hạnh ngươn,514
thanh ký,514
thuận nghĩa hoà,514
thị hoa,514
tử đà,514
việt nam quang phục hội,514
vũ muộn,514
vọng thê,514
yên kiện,514
an giấc ngàn thu,514
ba hoa xích đế,514
biến điệu,514
buồn cười,514
bài bạc,514
bán tín bán nghi,514
báng súng,514
bánh vua,514
bèo lục bình,514
bỏng mắt,514
cam lòng,514
cao cường,514
cao dày,514
cao dược,514
cao đạc,514
hít,513
tròn,513
trói,513
giật,513
heo,513
he,513
van,513
xóm,513
hoan,513
gợi,513
tịch,513
tụ,513
thiêu,513
right,513
hiếp,513
nụ,513
an quảng hữu,513
bàu năng,513
bạch thử,513
cao thịnh,513
cao xá,513
giấc mai,513
hồ nam,513
hội long vân,513
hữu hiệu,513
lâm phần,513
mỹ đức tây,513
ngọc lâu phó triệu,513
ngồi giữa gió xuân hơi hòa,513
nông tiến,513
núi đôi,513
phố châu,513
quý châu,513
song tử tây,513
tam đình,513
thiệu duy,513
tiến dũng,513
tiến nông,513
trấn yên,513
tập ngãi,513
tế lợi,513
tử củ,513
tử ngụy,513
việt thống,513
ban sơ,513
ban đem,513
biên thư,513
biến chủng,513
bánh chả,513
bánh lái,513
bát đàn,513
báu vật,513
bí kiếp,513
cao dán,513
cao khảo,513
cao ngất,513
cao nhã,513
cao thâm,513
cao tần,513
cao đẳng,513
cao ốc,513
lò,512
thối,512
chủng,512
vườn,512
cột,512
ốm,512
thụ,512
váy,512
dáng,512
bàn giản,512
búa bài cây,512
chí cà,512
cẩm đàn,512
cửu cao,512
hoàng hậu,512
khúc phượng cầu hoàng,512
khả pẻ,512
ngựa hồ,512
quang tiến,512
quảng tiến,512
rạch giá,512
suối cao,512
sàng ma sáo,512
sơn tiến,512
thống kênh,512
tinh biểu,512
tiến sơn,512
tân long hội,512
tử kiều,512
văn đình dận,512
vũ phạm hàm,512
y sơn,512
yến tử,512
bia hơi,512
buổi chiều,512
bán nguyên âm,512
băng đạn,512
bạch biến,512
bốc thuốc,512
cao khiết,512
cao ngạo,512
mét,511
ủy,511
má,511
mãn,511
chuông,511
vỏ,511
thiếp,511
đàng,511
đồi,511
nạ,511
bự,511
huống,511
hàn,511
cai,511
bình phước xuân,511
cao miên,511
cao mên,511
chiềng đông,511
cát tiến,511
cư yên,511
cộng lạc,511
dành phía tả,511
hòn tre lớn,511
hội gió mây,511
lạc tướng,511
mai thúc loan,511
mân đàn,511
mặc dương,511
mỹ nam,511
nam mỹ,511
nam tư,511
ninh hạ,511
nội hoàng,511
thiện trí,511
thuận thiên,511
tháng sáu,511
tiếng hòa lan ở kếp,511
tứ vật,511
tử nguỵ,511
tử nê,511
tử uyên,511
vĩnh mỹ a,511
vũ phạm khải,511
vọng nguyệt cầm,511
yên châu,511
yên cư,511
yên dương,511
yên lỗ,511
binh hùng tướng mạnh,511
biến hoá,511
biến tần,511
biện sư,511
bài toán,511
bánh tổ,511
cao ráo,511
cao tột,511
cao uỷ,511
ưu,510
bối,510
mềm,510
hang,510
gỡ,510
san,510
biển đông,510
cao ngạn,510
cao răm,510
cẩm đình,510
hoa kì,510
kỳ sơn,510
mạnh tông,510
quảng minh,510
quốc tế ngữ,510
sơn kỳ,510
thiệu vũ,510
thường thới hậu b,510
thượng giáo,510
thắng thủy,510
triệu đô,510
triệu đông,510
tân bình thạnh,510
tục mệnh,510
văn lợi,510
văn thiên tường,510
vĩnh tiến,510
y tịch,510
yên hải,510
yên hồng,510
yên lương,510
yên mông,510
yên ninh,510
a ma tơ,510
a móc,510
bom tấn,510
bàn bạc,510
bái vật,510
bánh cắt,510
bình thủy hữu duyên,510
băng ca,510
bảng danh dự,510
bảnh mắt,510
bổ dụng,510
can phạm,510
cao vút,510
lặn,509
cu,509
tùng,509
giáp,509
quyến,509
ngọc,509
mỏ,509
ghen,509
a di đà,509
an thạnh thủy,509
bình hoà hưng,509
bình hoà phước,509
bình hưng hoà,509
bình phong xạ tước,509
bắc lệnh,509
chân mộng,509
cát minh,509
cộng hòa pháp,509
hạ long,509
lạc hầu,509
mặc địch,509
nhiêu châu,509
sơn a,509
sư miện,509
thập dạng chi tiên,509
thủ sỹ,509
tiến xuân,509
trung sơn trầm,509
trực thắng,509
việt tiến,509
văn phương,509
xuân tiến,509
a cỏ,509
a lô,509
an giấc nghìn thu,509
binh nghiệp,509
biểu tượng,509
buổi trưa,509
bài vớ,509
bàn luận,509
bàn đèn,509
bán khai,509
bán kính,509
bán đảo,509
bình thuỷ tương phùng,509
bạch huyết cầu,509
bổn sư,509
london,509
gỗ,508
đẻ,508
quỳ,508
hiếm,508
tia,508
cuồng,508
cỗ,508
tân,508
quỹ,508
viễn,508
a lịch sơn,508
chiềng sơ,508
hoa biểu hồ ly,508
minh tân,508
ngồi giữa gió xuân hơi hoà,508
nội dung mở,508
quảng phú cầu,508
tam tiến,508
thanh chương,508
thái thượng hoàng,508
thái trị,508
tháng mười,508
thạch tiến,508
trần đình phong,508
tung chung phố,508
tân phú trung,508
vũ lãng,508
vương quốc tây ban nha,508
y lăng,508
yên lãng,508
ampe kế,508
ba xị đế,508
biên độ,508
biến tấu,508
bài thơ,508
bán kính thuỷ lực,508
bán sơn địa,508
bút lực,508
băng nhóm,508
bạch quả,508
bốc hơi,508
dã,507
tàng,507
diệu,507
tràn,507
vốn,507
nhịp,507
phổi,507
điển,507
mexico,507
khoác,507
quét,507
than,507
hoa giấy,507
hàm tiến,507
hồ bắc,507
lang yên,507
mạnh mẫu tam thiên,507
nông hạ,507
thuận giao,507
thái mỹ,507
thái đức,507
tháng bảy,507
thận huy,507
thủ trì,507
thủy thanh,507
tiến thịnh,507
triệu nguyên,507
trà mai,507
tân kỳ,507
tây phi,507
vĩnh chân,507
vạn điểm,507
xuân minh,507
a he ế,507
a đốn a đa,507
ban nhạc,507
biện minh,507
bàn lùi,507
bát quái,507
bạc giả,507
rẽ,506
béo,506
thao,506
thiệp,506
bực,506
ll,506
khoẻ,506
cúi,506
trục,506
a lưới,506
bài sơn,506
châu thắng,506
cây dương,506
côn minh,506
dao áo dài,506
kinh dương vương,506
mại dâm cao cấp,506
núi tượng,506
phương cao kén ngựa,506
quý sơn,506
sùng trái,506
sơn hạ,506
sơn phố,506
thanh tường,506
thuận mỹ,506
trần đình túc,506
tân khánh trung,506
tây đô,506
tĩnh bắc,506
tử văn đốt đền,506
văn phúc,506
vĩnh thạnh trung,506
vũ nông,506
vương hộ,506
y tý,506
yên dũng,506
yên mô,506
a sơ tê,506
biểu hộ,506
bàn ghế,506
bàn thờ,506
bàn tán,506
bá quyền,506
bãi cá,506
bắp chân,506
bệ hạ,506
cai tuần,506
bổ,505
tô,505
băng đảo,505
bắc mỹ,505
bến thủ,505
chân cường,505
chân mây,505
cầm kỳ thi họa,505
duy hàn,505
hỏa tinh,505
lê chân,505
mạng môn,505
mở tranh lấp rào,505
mỹ bắc,505
ninh thắng,505
quang yên,505
quảng yên,505
sơn trung tể tướng,505
sơn mai,505
thanh lưu,505
thiệu thắng,505
thuỷ xuân tiên,505
thái dương hệ,505
thái hoàng thái thượng,505
thạnh đông a,505
tiến lộc,505
tiếng hà lan ở kếp,505
trạng nguyên làng nghĩa bang,505
trực thanh,505
tài vân,505
tân quới trung,505
tờ trình,505
tứ kỳ,505
tứ minh,505
vũ sơn,505
vương sư bá,505
vạn bệnh hồi xuân,505
yên hân,505
yên quang,505
yên sơn,505
a còng,505
a lê,505
a nốt,505
bài bông,505
bàn cờ,505
bày đặt,505
bán đổ bán tháo,505
bảng hiệu,505
bội tinh,505
bữa tiệc,505
can dự,505
yes,504
trinh,504
ngớ,504
trùm,504
camera,504
thỏ,504
huyền,504
gối,504
vững,504
kiệt,504
ngẩn,504
bàn đạt,504
bóng thừa,504
chdcnd triều tiên,504
cát tài,504
cẩm minh,504
cộng hòa phần lan,504
cộng hòa áo,504
hỗn hợp đẳng phí,504
linh tây,504
lỗ tấn,504
ngư phủ đình,504
nông trường chiềng ve,504
thuận hạnh,504
tháng chín,504
tháng tám,504
thư lâm,504
thọ minh,504
tiểu vương quốc hồi giáo afghanistan,504
trường long hoà,504
tây thừa thiên,504
tấn dương,504
vĩnh quý,504
vũ khâm thận,504
vũ vân,504
yên hà,504
yên hương,504
a la xô,504
a phiến,504
ba la bô lô,504
ba mươi tết,504
bi chí,504
bia hạ mã,504
biểu thống kê,504
buồn phiền,504
bài xích,504
bàn cãi,504
bánh cuốn,504
bô lô ba la,504
bơi chó,504
bầu bán,504
bến tàu,504
lợn,503
khích,503
thắc,503
nộp,503
sợi,503
chấn,503
dưỡng,503
bạch,503
chiêu,503
bớt,503
đinh,503
cắm,503
a dơi,503
a tì địa ngục,503
an phú tân,503
bạch hạ,503
chuyên mỹ,503
da đỏ,503
dôông nam ả,503
hứa chữ,503
khe tào múc nước,503
kính đức,503
mỹ hòa,503
quang phục,503
quế minh,503
thanh châu,503
thanh luận,503
thanh vận,503
thiết ống,503
tiếng hoà lan ở kếp,503
tràng minh,503
trí dược,503
tuần duyên,503
tân mai,503
tân quý tây,503
tây nguyên,503
tịnh kỳ,503
tịnh minh,503
uyên minh,503
vĩnh yên,503
vũ lâm,503
yên cát,503
yên mạc,503
a xít,503
ba lăng nhăng,503
binh lính,503
binh lửa,503
bàn mảnh,503
bánh thánh,503
bãi nhiệm,503
bén hơi,503
bí đỏ,503
bại trận,503
bếp hoàng cầm,503
báu,502
up,502
ngửi,502
nghìn,502
dùm,502
a la hán,502
a lù,502
bóng chim tăm cá,502
bạch mai,502
chiêu vũ,502
chiêu yên,502
chiềng ly,502
chiềng đen,502
chí thiện,502
cửu kinh,502
hàn quốc,502
hồng lạc,502
lịch triều hiến chương loại chí,502
nhơn thạnh trung,502
quỳnh minh,502
thanh dương,502
thanh hải,502
thuận hóa,502
thái đô,502
thạch hạ,502
thạch quý,502
thừa đức,502
triệu lễ,502
tây nam,502
tô hiệu,502
tạ an khương,502
vũ chấn,502
xuân mai,502
yên lâm,502
yên than,502
yên tân,502
a dè,502
a lùa,502
a noi hlây,502
a nà,502
a tòng,502
ba hồn bảy vía,502
biên dịch,502
biện pháp,502
bài khoá,502
bài vở,502
bàn thảo,502
bình thuỷ hữu duyên,502
bóng ném,502
bạch đôi,502
bạt hơi,502
ca mãi,502
đòn,501
góp,501
bê,501
xăng,501
cơm,501
taxi,501
rẻ,501
loạt,501
co,501
a tiêng,501
an nhựt tân,501
an vĩnh ngãi,501
bắc phi,501
cảo kinh,501
cộng hòa liên bang myanmar,501
dị sử,501
nam kì,501
ngô quyền,501
nhị quý,501
phật pháp,501
quý hoà,501
quốc việt,501
thanh hồng,501
thư phú,501
thạch yên,501
thừa tư,501
tiêu bảng,501
triệu thuận,501
trực mỹ,501
tân dân,501
tây ban nha,501
việt yên,501
văn chương,501
văn quán,501
vạn mai,501
xuân yên,501
xín vàng,501
yên giang,501
yên thạch,501
a la hỉ,501
a lản,501
a ngặp,501
a vảo,501
a xăn,501
bi ba bi bô,501
bài giảng,501
bát phố,501
bóng đèn,501
bút hiệu,501
bút pháp,501
băng dính,501
khói,500
gồm,500
gục,500
ti,500
lót,500
sướng,500
gánh,500
ve,500
đắn,500
ong,500
nghèo,500
rốt,500
cao sơn lưu thủy,500
chúc sơn,500
chương dương độ,500
cộng hòa ấn độ,500
hoàng liệt,500
hải vương tinh,500
nghệ tĩnh,500
nguyên thủy thiên tôn,500
nhạc đạo,500
phú yên,500
quy hướng,500
suối quyền,500
thượng nhật,500
tiêu sơn,500
triệu thượng,500
tân an luông,500
tân an thạnh,500
tân tạo,500
tứ hạ,500
việt dân,500
văn thủy,500
vũ lăng,500
vũ xá,500
vũng tàu,500
vương phi,500
vạn yên,500
yên cường,500
yên hoá,500
yên khoái,500
yên phú,500
yên xá,500
yên đỗ,500
ba hồn chín vía,500
blái tai,500
buồng the,500
bạch mao nữ,500
bễnh the lùn,500
bịa đặt,500
bức cung,500
nhi,499
ướt,499
hoài,499
chui,499
cảng,499
gạt,499
suất,499
ồn,499
mmm,499
an thạnh thuỷ,499
cao biền dậy non,499
chiềng la,499
chí thảo,499
cà nàng,499
cẩm quý,499
du lượng,499
dị hướng,499
la dêê,499
la êê,499
phú quốc,499
phạm ngũ lão,499
quy đức,499
quý ưng,499
quảng thắng,499
tam dân,499
thanh vĩnh đông,499
thanh xương,499
thái nguyên,499
thắng sơn,499
trí uẩn,499
tứ yên,499
văn đức giai,499
vũ hoà,499
vương quốc thái lan,499
xơn la,499
yên hoà,499
yên thuỷ,499
yên thịnh,499
binh chế,499
biếm quyền,499
bài cào,499
bài gạo,499
bàn đạp,499
bán tống,499
bánh in,499
bì thư,499
bóng hồng,499
bóng nga,499
băng dương,499
băng sa,499
bại binh,499
bỉ thư,499
bồi bàn,499
bụng mang dạ chửa,499
can án,499
xé,498
việt,498
vả,498
virus,498
lau,498
bến,498
râu,498
bào hy,498
bái tử long,498
châu mỹ,498
cát thắng,498
cát tinh,498
hắc cá,498
mỹ hào,498
mỹ châu,498
ngọc tiêu,498
nhơn quý,498
nùng quý rỵn,498
phiếu hữu mai,498
phù lá hoa,498
phúc kiến,498
thanh hối,498
thanh lãng,498
thúc kháng,498
thất hùng,498
thắng cương,498
tây đằng,498
tĩnh hải,498
tư châu,498
tượng lĩnh,498
văn du,498
vũ hán,498
vũ yến,498
yên na,498
yên nhuận,498
ba que xỏ lá,498
binh mã,498
biểu thị,498
buôn chứng khoán,498
bài ngà,498
bài tá lả,498
bàng hệ,498
bán dạo,498
bóng gió,498
bạc hạnh,498
bức xúc,498
like,497
ưa,497
thà,497
ngưỡng,497
xì,497
thô,497
bậc,497
cuộn,497
xuân,497
bắc thuộc,497
chiềng chung,497
cẩm vũ,497
cẩm yên,497
hưng yên,497
hạ sái,497
la mã,497
nam phù,497
nam cực,497
nga la tư,497
quỳnh mai,497
thanh đa,497
thiệu giao,497
thái phương,497
thái đen,497
thạch bàn,497
thụy dân,497
triệu hòa,497
trà thanh,497
trần hy tăng,497
tân hiệp a,497
vía mai,497
vũ huyệt,497
vương đạo,497
yên bái,497
yên hưng,497
yên khánh,497
yên lộc,497
yên thọ,497
yên vượng,497
ba mươi sáu chước,497
binh đoàn,497
buôn bán,497
bài chòi,497
bài hoc,497
bài pac,497
bài tâp,497
bàn mổ,497
bàn thạch,497
bàn đạc,497
bách thú,497
bán buôn,497
bán dâm,497
bán tống bán tháo,497
bánh bò,497
bánh da lợn,497
bánh quy,497
bí ẩn,497
bóng đá phủi,497
bạch thoại,497
bổ nhiệm,497
bội phản,497
stark,496
but,496
lặp,496
ngưng,496
biện,496
tò,496
khoảnh,496
tuyển,496
khớp,496
bóng hạc châu hoàng,496
diêm dân,496
khổng giáo,496
kiến trúc phần mềm,496
lạc sơn,496
mảng hệ,496
ninh mỹ,496
quái khiêng giường,496
quảng lạc,496
quốc tuấn,496
quỳnh yên,496
quỳnh đôi,496
thanh nông,496
thoại giang,496
thái giàng phố,496
thạnh thới an,496
thạnh yên,496
thọ dân,496
triệu phong,496
tân thắng,496
tây nam á,496
tây thuận,496
tượng sơn,496
vinh mỹ,496
việt nam cộng hòa quốc,496
vĩnh châu a,496
vũ qúy,496
vạn kiếp tông bí truyền thư,496
y cẩm hồi hương,496
yên bồng,496
yên khang,496
yên khê,496
yên khương,496
yên luông,496
yên lư,496
yên qúy,496
yên thố,496
yên trạch,496
ban tặng,496
bo mạch chủ,496
bán niên,496
bọ chó,496
robot,495
bề,495
sụp,495
trú,495
phấn,495
dày,495
đê,495
trương,495
a di đà phật,495
bắc băng dương,495
châu hạnh,495
chí viễn,495
cảng khẩu quốc,495
cự thắng,495
lạc trôi,495
mã liềng,495
nông trường mộc châu,495
quảng thanh,495
quốc toản,495
thanh xuân nam,495
thiện thuật,495
thạch thắng,495
tân thanh tây,495
vân trình,495
văn hải,495
xuân thắng,495
ban thưởng,495
ban thờ,495
bàn ủi,495
bàng hoàng,495
bái phục,495
bán tháo,495
bãi tha ma,495
bói cá,495
bút danh,495
băng tải,495
bấy nhiêu,495
bứt phá,495
ca chỏl,495
ca dhôh,495
ca hát,495
ca rộc,495
ca thốch,495
ca tướp,495
lén,494
nắng,494
trật,494
giang,494
chốt,494
vở,494
bắc la,494
bộc nhiêu,494
châu phú a,494
gió nữ mưa ngâu,494
hứa tốn,494
mèo hoa,494
mỹ lợi kiên,494
nam đảo,494
ninh văn,494
quy hóa,494
sở vương,494
thanh hương,494
thanh liệt,494
thanh trì,494
thiện mỹ,494
thuỵ dân,494
thái bạch kim tinh,494
thúc kiệm,494
thị ngân,494
tiêu sương,494
tây bắc,494
võ thuật,494
văn lương,494
vĩnh lạc,494
vương quốc bỉ,494
vạn thắng,494
xuất hoá,494
ban thiện,494
biểu kiến,494
bom khinh khí,494
bàn soạn,494
bàn tọa,494
bào tử nang,494
bán tống bán táng,494
bát sách,494
bóng bảy,494
bóng trăng,494
bôi bàn,494
băng đăng,494
bước sóng,494
bạc màu,494
ca nhạc,494
canh cánh,494
canh tác,494
sung,493
nhí,493
khoang,493
cậy,493
bọc,493
buýt,493
đàm,493
got,493
ái,493
alô,493
nhàng,493
trúc,493
bắp,493
nôn,493
mọc,493
thắt,493
cự,493
sốc,493
buôn hồ,493
châu hóa,493
châu phi,493
cẩm hoàng,493
cộng hoà liên bang myanmar,493
cộng hòa hồi giáo i-ran,493
cộng hòa hồi giáo iran,493
hy lạp,493
lưu linh,493
lệnh ngôn,493
nam á,493
nhập hương tùy tục,493
phi châu,493
thiên phái,493
thái phúc,493
thú dương sơn,493
thắng thuỷ,493
thủy nguyên,493
trải nghiệm,493
trực đạo,493
a lê hấp,493
bia đá,493
bàn chải,493
bàn rà,493
bái mạng,493
bán phổi,493
bánh canh,493
bánh răng,493
bánh vẽ,493
bóng mát,493
băng hoại,493
bước nhảy vọt,493
bốc rời,493
bốc đoán,493
bổ bán,493
video,492
tam,492
chợ,492
bó,492
nhặt,492
a di đà tam tôn,492
băng cốc,492
chuyên ngoại,492
hoàng diêu,492
hoàng hạc,492
hoàng trù,492
hoả tinh,492
lâm thanh,492
mảng ư,492
thanh lâm,492
thanh ngọc,492
thanh tùng,492
thiên tân,492
thiện văn,492
thái sử bá,492
thái thuận,492
thái trắng,492
thúc hoành,492
thạch lạc,492
trà đức,492
tân thanh,492
tây hòa,492
tây du ký,492
tây á,492
tế nông,492
văn long,492
văn môn,492
văn tố,492
vương quốc campuchia,492
xuân lạc,492
bom đạn,492
buồn khổ,492
buồn no,492
bàn chông,492
bàn cuốc,492
bàn phím,492
bàn ren,492
bàn toạ,492
bàn trổ,492
bán trú,492
bánh cóc,492
bóng bầu dục,492
bôi xấu,492
bại sản,492
bạt mạng,492
bồn địa,492
ván,491
hâm,491
baby,491
lược,491
thuế,491
quận,491
ngào,491
ngoái,491
rào,491
not,491
bồn,491
x,491
dan,491
biển bạch đông,491
cao sơn lưu thuỷ,491
chí hoà,491
cộng hoà áo,491
hướng sơn,491
lốt chó,491
mật tông,491
nguyên thuỷ thiên tôn,491
ninh đông,491
núi lịch,491
phù lá đen,491
phật giáo,491
quỳnh hoàng,491
sơn tĩnh,491
thanh xuân,491
thiệu hóa,491
thượng phúc,491
thạch tượng,491
thọ thắng,491
triệu tung,491
trừ văn thố,491
tuyên đức,491
tây phong,491
tư mã quang,491
tương dương,491
vân hồ,491
văn lang,491
văn lãng,491
văn võ,491
vạn tượng,491
xuân thanh,491
xuân thiên,491
bi đông,491
binh vực,491
biên đạo,491
bàn chên,491
bàn rùn,491
bàn tắng,491
bá hộ,491
bách khoa thư,491
bám càng,491
bò biển,491
băng huyết,491
băng hà,491
băng sơn,491
can ngăn,491
va,490
phối,490
ngành,490
rome,490
bọ,490
mổ,490
cia,490
get,490
phật,490
thỉu,490
lưới,490
dư,490
khoá,490
chép,490
a lịch sơn đắc lộ,490
bắc thái,490
chăm hroi,490
chăm pôông,490
chư a thai,490
chống lưng,490
cây gáo,490
cốc mỹ,490
diêm vương tinh,490
hà tĩnh,490
lạc điền,490
nho giáo,490
quảng trị,490
quảng đức,490
quỳnh thắng,490
thanh cường,490
thanh hoá,490
thanh xuân bắc,490
thiệu đô,490
thái thượng,490
thạch thanh,490
thạnh thắng,490
thắng mố,490
thủy tây,490
triệu dương,490
triệu hải,490
triệu thị trinh,490
tư mạo,490
tường phương,490
vàng ma chải,490
ban nãy,490
bia đỡ đạn,490
bán lẻ,490
bán muối,490
bán non,490
bóng dáng,490
bóng mềm,490
bóng tang,490
băng đảng,490
nhét,489
hệt,489
thác,489
đáo,489
chu,489
giặt,489
hoạn,489
mươi,489
cụt,489
out,489
ngắt,489
dắt,489
vong,489
cam đức,489
châu quế hạ,489
cộng hoà ấn độ,489
mã lai-đa đảo,489
nhữ đình hiền,489
ninh sơ,489
phi điệp,489
quảng lập,489
sơn mỹ,489
thanh chiên,489
thanh phú,489
thanh xá,489
thụy trình,489
triệu lương,489
tấn mài,489
u lệ,489
bom lân tinh,489
bán nguyệt,489
bán sỉ,489
bánh tai voi,489
bánh đa,489
bêu xấu,489
bút viết,489
băng phái,489
bạc đạn,489
bại lộ,489
bắc cực,489
bền chí,489
hước,488
thạch,488
de,488
tầu,488
rủa,488
trữ,488
đứt,488
jesus,488
kỵ,488
gậy,488
mớ,488
kênh,488
bán hon,488
bắc kạn,488
bắc zang,488
chí khê,488
căn co,488
cẩm lạc,488
da̒ bắc,488
giả hạc,488
hà hoa,488
khóc dây cung,488
thanh thịnh,488
thanh điền,488
thuỷ thanh,488
tia phân giác,488
tăng nhụ,488
tế tân,488
việt hồ,488
vĩnh trị,488
yến lạc,488
ban bệ,488
biện hộ,488
blét miệng,488
bom nổ chậm,488
bách phát bách trúng,488
bánh ngọt,488
bông ban,488
băng trinh,488
bấu chí,488
bắc bử,488
ca kỹ,488
ca ti wềl tổng,488
cam tổng,488
can đảm,488
thạnh,488
bút,487
nhấn,487
ghép,487
vang,487
móng,487
thuần,487
tỏa,487
khúc,487
đạc,487
xông,487
chén,487
bể,487
cài,487
hiền,487
nhá,487
xô,487
cưỡng,487
cống,487
rộn,487
bắn nhạn ven mây,487
chung lèn hồ,487
cà lúi,487
cộng hoà nam phi,487
liêm lạc,487
phù lá trắng,487
quy khứ lai hề,487
quảng nghiệp,487
quảng văn,487
sử hi nhan,487
tham sơn,487
thanh lân,487
thanh phước,487
thiên hán,487
thạnh mỹ lợi,487
thụy thanh,487
triệu long,487
trà giác,487
tám tư,487
tân thuật,487
văn sơn,487
vĩnh mỹ b,487
ban ân,487
bang trợ,487
bang tá,487
binh vận,487
buồn thảm,487
bách thanh,487
bán chác,487
bán nháp,487
bán rao,487
bán rong,487
bán ròng,487
bán xao,487
bánh cam,487
bóng xế,487
băng bó,487
bối rối,487
bốn phương,487
cai trị,487
cai tù,487
cựu,486
voi,486
chăn,486
đo,486
nạp,486
yo,486
city,486
xài,486
nhạy,486
cẩm thanh,486
dao quần trắng,486
hải nam,486
kitô giáo,486
mạch tương,486
nam dương,486
phong thái,486
ruộng lạc hầu,486
thanh hưng,486
thanh lộc,486
thiên khánh,486
thiên lộc,486
thiệu nguyên,486
thuỵ trình,486
thái thủy,486
thạnh mỹ tây,486
thọ thanh,486
thổ nhĩ kỳ,486
trà đông,486
tân lập,486
tân mỹ,486
tân đức,486
tây vương mẫu,486
tổ địch,486
vĩnh lập,486
vĩnh mỹ,486
xuân giao,486
xà hồ,486
bán xới,486
bánh bỏng,486
bánh kem,486
bánh nướng,486
bánh trôi,486
bánh đậu xanh,486
bãi thị,486
bóng chuyền,486
bóng chày,486
bóng thung,486
bóng đái,486
bôn trình,486
băng đai,486
xí,485
dàn,485
sờ,485
chóc,485
nỗ,485
cường,485
cạo,485
vắng,485
tảng,485
rỗng,485
bông trang,485
bắc hòa,485
cát văn,485
giao cấu,485
hoài đức,485
hứa tuấn,485
mã nhật tân,485
nghiêm châu,485
nhữ đình toản,485
rượu hồng môn,485
thanh khương,485
thanh liêm,485
thanh miếu,485
thanh trạch,485
thanh tuyền,485
thanh uyên,485
thạch trị,485
thủy phù,485
trực thái,485
tuyên hóa,485
tuân tức,485
tân tác,485
tường phù,485
việt lập,485
vĩnh phước a,485
xuân lập,485
xuân mỹ,485
ban bạch,485
biên niên sử,485
bách chiết thiên ma,485
bánh xích,485
bãi biển,485
băng chuyền,485
băng tần,485
bội thu,485
bới đất nhặt cỏ,485
hưu,484
kê,484
cấu,484
dãy,484
finch,484
ngập,484
ow,484
đắt,484
bắc phong,484
bắc á,484
cán hồ,484
hoa hâm,484
lâm nghiệp,484
ninh tây,484
quỳnh thanh,484
sông âm,484
tam mỹ,484
thanh khê,484
thanh luông,484
thanh nưa,484
thanh quới,484
thuần mỹ,484
thạch lập,484
thạch mỹ,484
trần quốc tuấn,484
tài cất vạc,484
táy thanh,484
tây ninh,484
tây vinh,484
tây dương,484
tế liễu,484
vĩnh lộc a,484
ban ngành,484
biên chung,484
biên chế,484
bong bóng,484
bá cáo,484
bánh gối,484
bãi chức,484
bóng rổ,484
bông đùa,484
băng lậu,484
băng phiến,484
bạc giấy,484
bạc nhạc,484
bồi hồi,484
bờ biển,484
lật,483
độn,483
dại,483
hắc,483
khen,483
côn,483
mờ,483
hiển,483
cộng hoà hồi giáo i-ran,483
cộng hoà hồi giáo iran,483
dứt bữa,483
hoa dương ẩn cư,483
hà đông,483
hùng vương,483
phú mỹ,483
quán thánh,483
quảng đông,483
sơn đông,483
thượng vực,483
trà linh,483
trần tế xương,483
trực thuận,483
tân thuận đông,483
tân văn,483
tây lương,483
tăng nhơn phú a,483
tường thượng,483
văn chấn,483
văn điển,483
vương hậu,483
vạn mỹ,483
xuân đám,483
ao hồ,483
bi ký,483
binh hỏa,483
bán trôn nuôi miệng,483
bánh dày,483
bánh ướt,483
bóng râm,483
bọc da,483
bực tức,483
đệch,482
đô-la,482
tráng,482
pin,482
xế,482
gọn,482
nốt,482
quấy,482
hoá,482
khoai,482
gõ,482
a mú sung,482
a phú hãn,482
cam phúc nam,482
lí hòa,482
mèo đen,482
mạc tư khoa,482
ngũ giác,482
nhuận đức,482
phản ứng ôxi hóa-khử,482
quang võ ngờ lão tướng,482
tam văn,482
thạch văn,482
thừa thiên - huế,482
thừa thiên huế,482
tân hạnh,482
tứ mỹ,482
văn giang,482
an khang thịnh vượng,482
ban cượt mướng nón,482
biên lai,482
biểu lộ,482
bom hiđrô,482
bom phóng,482
bào tương,482
bánh bó,482
bánh khoai,482
bánh khoái,482
bánh khúc,482
bánh tráng,482
bóng loáng,482
băng keo,482
bầu cử,482
bật lửa,482
bức họa,482
nho,481
đoạt,481
chém,481
đãi,481
dược,481
if,481
khoái,481
radio,481
đếch,481
nọ,481
di đà,481
gấu vũ uyên,481
hầu xanh,481
hồ yết,481
hồ điệp mộng,481
lai châu,481
liễu kỳ khanh,481
mã dương,481
mỹ hoà,481
suối đá,481
thanh ngõa đài,481
triệu sơn,481
tân hòa đông,481
tết âm lịch,481
vân tương,481
văn khúc,481
văn nho,481
vương quốc thụy điển,481
ao tù,481
ban miêu,481
bánh khảo,481
bánh trưng,481
bánh trứng gà,481
bánh đai,481
bánh đà,481
bơbung sang,481
bưu hoa,481
bướm hoa,481
bạng duật tương trì,481
bội chi,481
khấu,480
rảnh,480
lăn,480
lỏng,480
hoãn,480
cừu,480
xíu,480
mây,480
mm,480
bầy,480
toà,480
té,480
chuộc,480
viêm,480
lồng,480
dỗ,480
cò,480
nuốt,480
cang mục,480
chi lăng nam,480
châu thái,480
cát lái,480
cư lễ,480
hướng phùng,480
ia băng,480
linh sơn,480
quản lộ,480
sơn linh,480
sỹ nguyên,480
thái đào,480
triệu thổ,480
tràm chim,480
tân hóa,480
tân đông,480
tĩnh húc,480
văn phú,480
văn thuỷ,480
văn xá,480
vĩnh đông,480
ban phước,480
bánh bàng,480
bánh căm,480
bánh lá liễu,480
bánh tro,480
bãi binh,480
bò u,480
băng rôn,480
bậc thầy,480
bệ đỡ,480
bợm rượu,480
lê,479
ơ,479
run,479
tể,479
ngộ,479
bát trang,479
chánh mỹ,479
châu thuận,479
cát dài,479
cẩm mỹ,479
dương nhạc,479
hoa kiều,479
kim biên,479
lái thiêu,479
ninh phúc,479
nụ cười nghìn vàng,479
phúc hải,479
quang lịch,479
quỳnh giao,479
thanh phú long,479
thuận châu,479
thái dương,479
thái ninh,479
thọ lập,479
thụy lượng,479
triệu việt vương,479
triệu ân,479
trà nam,479
tà da,479
tân nhật,479
tường phong,479
vinh thái,479
việt nam cộng hòa,479
văn lung,479
vương quốc na uy,479
xuân hóa,479
xá la vàng,479
bá đạo,479
bánh gai,479
bánh tôm,479
bí ngô,479
bù trừ,479
bùa hộ mệnh,479
bước ngoặt,479
bắc thang,479
bọ nhảy,479
bức xạ,479
ca kịch,479
nhu,478
bù,478
su,478
dọc,478
bẻ,478
vạn,478
châu kim,478
cát linh,478
nhơn đức,478
nã phá luân,478
phú hòa đông,478
quảng nguyên,478
sơn nguyên,478
sở dầu,478
tham đôn,478
thiên thai tông,478
thiệu phúc,478
thái hồng,478
thạch hóa,478
thạnh đức,478
thụy văn,478
trực hùng,478
tân thuận tây,478
tích lương,478
tầm thủy,478
việt đông,478
vân nam vương,478
vĩnh thuận tây,478
xuân đông,478
bám chấp,478
bánh chay,478
bánh dẻo,478
bánh giầy,478
bánh mỳ,478
bánh quấn,478
bánh rán,478
bánh tẻ,478
bánh đúc,478
bánh ếch,478
bí đao,478
bùn già,478
bạc ác,478
bạch nhật,478
bảng thu,478
bức bối,478
ca mãi nhỏl,478
lạp,477
mực,477
xà,477
đai,477
ranh,477
biển bạch,477
bến tương,477
bột phi,477
châu lệ,477
cáo điền,477
cẩm văn,477
giọt hồng băng,477
hán văn,477
lầu trúc hoàng châu,477
mỹ luông,477
nghiêu hoa,477
nguyên hà,477
nhơn mỹ,477
nhạc lôi,477
ninh thuận,477
phù lai sơn,477
phù ninh,477
quảng lợi,477
quảng nam,477
quế non yên,477
quỳnh hoa,477
quỳnh lập,477
quỳnh mỹ,477
thuyền quyên,477
thạch thất,477
thạnh mỹ,477
thạnh đông b,477
thọ nghiệp,477
thọ văn,477
tinh thổi lữa,477
tranh vân cẩu,477
triệu việt,477
truyền đăng,477
tương giang,477
tổng cọt,477
văn cẩm,477
văn hán,477
vĩnh thanh vân,477
ban cưu,477
ban pê,477
buồn bực,477
bánh chè,477
bánh giò,477
bánh nếp,477
bánh phồng,477
bánh quế,477
bánh ú,477
bát giác,477
bò đỏ,477
bưu gửi,477
bệ kiến,477
bữa cơm,477
cay độc,477
trưng,476
hằng,476
hố,476
sherlock,476
đà,476
rung,476
biên hòa,476
bắc hải,476
cam hải đông,476
cát nguyên,476
cốc ly,476
mun di pạ,476
mùn di,476
nghi trưng,476
ninh thượng,476
phúc thủy nan thu,476
quỳnh di,476
sơn nam,476
thuỵ lượng,476
thái lan,476
thái xuyên,476
thượng hải,476
thượng ninh,476
thừa thiên-huế,476
triệu giang,476
triệu ái,476
tân quy đông,476
tân đông hiệp,476
tích lan,476
tích thiện,476
văn lộc,476
văn nham,476
văn nhuệ,476
binh trạm,476
biểu mẫu,476
buông thả,476
buồn nôn,476
bánh bèo,476
bánh cáy,476
bánh cốm,476
bánh dầy,476
bánh dứa,476
bánh kếp,476
bánh mướt,476
bánh ngải,476
bánh phở,476
bánh quy gai,476
bánh tày,476
bánh tét,476
bánh vít,476
bánh xèo,476
bí bét,476
bí kíp,476
bảng vàng,476
bảng đen,476
bề dài,476
bỉ sắc tư phong,476
bồ cắt,476
thói,475
họng,475
rưỡi,475
hạm,475
xưởng,475
nhấc,475
tẩy,475
vặt,475
lăng,475
mại,475
bĩ cực thái lai,475
bắc hồng,475
bắc ninh,475
cam phúc bắc,475
chuột trắng,475
chà vàl,475
dao đỏ,475
hiến nam,475
huệ khả,475
khúc trùng thanh dạ,475
kỷ tín,475
quy hậu,475
quảng phương,475
quảng tây,475
quỳnh văn,475
song phương,475
sở lưu hương,475
thuỵ văn,475
thuỷ đông,475
thái long,475
trác văn,475
trực nội,475
tân hòa tây,475
tây cốc,475
tây sơn,475
tướng hỏa,475
uông bí,475
vân nam,475
văn khê,475
văn lem,475
văn luông,475
văn miếu,475
văn mỗ,475
văn đẩu,475
vĩ thượng,475
vĩnh nguyên,475
vạn kiếp,475
aich chà,475
buồn thỉu,475
bày mưu đặt chước,475
bánh gio,475
bánh pía,475
bánh rế,475
bánh sừng bò,475
bí xị,475
bẻ lái,475
bốc lửa,475
ca múa hát,475
trích,474
châm,474
cưỡi,474
vịt,474
cam hiệp nam,474
canh thuận,474
chuế lưu,474
châu á,474
hà tây,474
mã dung,474
mèo trắng,474
nghiêm quang,474
ngư toản y tông kim giám,474
nhan hồi,474
ninh ích,474
phương ngữ,474
quảng la,474
quỳnh trang,474
sách lược vắn tắt,474
thạch linh,474
thị tứ,474
thị vải,474
toa đô,474
triệu lăng,474
tân nguyên,474
vân âm,474
vĩnh lợi,474
biên phong,474
biểu dương,474
bromure bạc,474
buồn bã,474
buồng lái,474
bá âm,474
bạc bromure,474
bạc phau,474
bạc sỉu,474
bại hoại,474
bồi lắng,474
ca la thầu,474
trộn,473
giùm,473
dịp,473
tát,473
tiềm,473
ối,473
trân,473
time,473
đỗ,473
giảng,473
chi lăng bắc,473
châu phong,473
gió núi mã dương,473
giọt tương,473
lô lô hoa,473
miền tây,473
nhơn hạnh,473
nông văn vân,473
phong châu,473
phùng chí kiên,473
phật tổ,473
sơn la,473
thu ngọc,473
thác mơ,473
tri phương,473
triệu hoà,473
trần đoàn,473
tân lợi,473
tịnh độ tông,473
tịnh ấn đông,473
bách nhật,473
bông tai,473
ca nô,473
let,472
al,472
rớt,472
uhm,472
nhện,472
muôn,472
j,472
xăm,472
lắc,472
tông,472
phun,472
hitler,472
non,472
gài,472
muối,472
lẻ,472
lắp,472
tiễn,472
cúp,472
huỷ,472
kiệm,472
bột,472
chiên,472
bát trận tân phương,472
chín vàng,472
chế cu nha,472
cẩm đông,472
cộng hòa bồ đào nha,472
dương hậu,472
hạc lập kê quần,472
hải khẩu,472
kỷ tôn,472
sùng đô,472
thiệu hòa,472
thượng lan,472
thượng long,472
thượng đế,472
thủy châu,472
tân nam,472
tân phương bát trận,472
tây âu,472
tả thanh oai,472
tịnh đông,472
vực bò,472
binh chủng,472
biển khơi,472
biển lận,472
blái núi,472
buồn thỉu buồn thiu,472
bào chế,472
bào huy,472
bán nguyệt san,472
bội tín,472
bức bách,472
bữa huân,472
nón,471
chằm,471
amen,471
gay,471
tăm,471
súc,471
thâm,471
phú,471
hở,471
vất,471
đẳng,471
bã,471
thơm,471
bắc lãng,471
chxhcn việt nam,471
chiềng khoa,471
cờ đỏ,471
dấu gạch ngang,471
hà nam ninh,471
mèo đỏ,471
thu bồn,471
thủy dương,471
tiệc li,471
triệu phước,471
tảo dương văn,471
vĩnh phương,471
xuân thu,471
xá lá vàng,471
bang bjém,471
bang bổl,471
bi hùng,471
buôn chuyến,471
bùng nổ,471
bạc mẫu,471
bạc phận,471
bầu cua cá cọp,471
bẻ khóa,471
ca khổng,471
sẹo,470
tật,470
tần,470
chuy,470
lột,470
xá,470
lều,470
thầm,470
đậy,470
tào,470
tản,470
hãng,470
ed,470
cam hải tây,470
châu can,470
cành nàng,470
cường lợi,470
ninh thủy,470
sơn lễ,470
thi sơn,470
thuỷ nguyên,470
thượng đạt,470
thượng ấm,470
thạnh đông,470
thất khê,470
thới đông,470
triệu lộc,470
tân phương,470
tân tây,470
tích cốc,470
viễn tây,470
vĩnh chấp,470
buồn tẻ,470
bách đạo,470
bạo loạn,470
bọt biển,470
bổ trợ,470
bye,469
tê,469
nhã,469
rưởi,469
mu,469
điếu,469
rủi,469
pizza,469
kiêu,469
xộn,469
luân,469
gươm,469
rỉ,469
dập,469
buôn ma thuột,469
chương thiện,469
cửu linh,469
dương đài,469
giang tây,469
nam châm,469
nguyên chẩn,469
quang phúc,469
quảng phúc,469
quảng thái,469
sơn lai,469
sơn phúc,469
sơn thái,469
thiếu lăng,469
thiện hòa,469
thái sơn,469
thượng lĩnh,469
thủy lương,469
tân la,469
tân quy tây,469
tây giang,469
tây xuân,469
tích sơn,469
xuân phương,469
xuân tây,469
bia miệng,469
binh lược,469
buồn teo,469
bánh mì gối,469
bánh trứng nhện,469
bóc lịch,469
bạc mệnh,469
bọ ngựa,469
ca lô,469
đáy,468
múa,468
dâng,468
quí,468
két,468
lọ,468
los,468
thoả,468
gớm,468
kèn,468
sét,468
biển baltic,468
chăm mát,468
cờ lao trắng,468
dạ đài,468
khạ quy,468
nội mông,468
quang thuận,468
thi hương,468
thái niên,468
thạch đạn,468
thối chi,468
tri lễ,468
triệu trạch,468
trực ninh,468
tân ước,468
tây cống,468
xuân la,468
xích quỷ,468
biện ký,468
buôn hương bán phấn,468
buôn phấn bán hương,468
buông tha,468
buồn hiu,468
buồn rười rượi,468
buồn rượi,468
buồn rầu,468
buồn thiu,468
buồn tênh,468
buồn tủi,468
buồn xo,468
buồn ọe,468
bán phấn buôn hương,468
bún chả,468
bần đạo,468
bẻ ghi,468
bợ đỡ,468
bức tèn,468
rập,467
buồng,467
dịu,467
chuồn,467
đè,467
lây,467
tị,467
lùn,467
chuyền,467
chớp,467
àh,467
cửu nguyên,467
diḙ̂n biên,467
lương đài,467
nông thượng,467
nùng nàng,467
quảng kim,467
song thuận,467
sơ pai,467
thu tà,467
thuận sơn,467
thượng nông,467
trùng quán,467
trảng dài,467
trấn ninh,467
tuấn đạo,467
tân chi,467
tịnh ấn tây,467
vân phúc,467
võ nguyên giáp,467
binh xưởng,467
biểu đạt,467
bái tổ,467
bò bía,467
bầu dục,467
bỏm bò,467
bồ đoàn,467
bội bạc,467
ca dò,467
khảo,466
bấm,466
banh,466
thiêng,466
down,466
dơ,466
yểm,466
bành tổ,466
bãi cát vàng,466
bạch đằng,466
cam hiệp bắc,466
chù lá phù lá,466
cờ lao đỏ,466
diên linh,466
hậu tắc,466
lục thủy,466
mèo xanh,466
nhơn đạo,466
núi hồng,466
sơn kim,466
thuỷ phương,466
thượng cốc,466
thọ nguyên,466
tuy hòa,466
tây phú,466
ban lúng mướng tả,466
bia mậu dịch kịch ti vi,466
bát âm,466
ca mềm,466
trèo,465
ngậm,465
trồng,465
chày,465
nhằm,465
bùa,465
hàm,465
underwood,465
chua,465
lố,465
phổ,465
cam thượng,465
chiềng châu,465
châu ổ,465
cộng hòa séc,465
cựu ước,465
ia mơ,465
lâm tích,465
lão nhai,465
nguyên khanh,465
ninh hiệp,465
phong đồn,465
suối dây,465
sơn thượng,465
thuỷ tây,465
thượng quảng,465
thượng sơn,465
trà lãnh,465
tân lễ,465
tân tây lan,465
tây hoà,465
tết dương lịch,465
vĩnh phúc,465
vĩnh thái,465
vương quốc ả rập xê út,465
xuân huy,465
binh nhì,465
binh đao,465
bào tôn ô,465
bái kiến,465
bánh đa nem,465
bôi đen,465
bùng binh,465
bạch mã,465
bại vong,465
bầu nậm,465
còng,464
làn,464
khỏa,464
tui,464
nhở,464
ngẫu,464
dê,464
đệt,464
vay,464
yi,464
bàng la,464
bắc hà,464
châu dương,464
cà lồ,464
cẩm nam,464
hà bắc,464
nguyên đán,464
phù tang,464
quê mỹ thạnh,464
quỳnh nguyên,464
sam mứn,464
sóc đăng,464
thu cúc,464
thái tân,464
thượng hà,464
trì cung,464
tân hiệp b,464
tân phúc,464
tân thái,464
tây hiếu,464
xuân lễ,464
bá tướng,464
bách phân,464
bèo hoa dâu,464
bê tha,464
thép,463
cà-phê,463
sánh,463
cốt,463
vịnh,463
suỵt,463
trầm,463
chuỗi,463
thuỷ,463
nếm,463
thung,463
chang tây,463
châu hải,463
châu nga,463
chích trợ,463
cộng hòa iraq,463
phù lá hán,463
quy mông,463
sở liêu,463
thiệu vận,463
thác mã,463
thượng cát,463
thượng ân,463
tiểu cường,463
trà phong,463
trà thủy,463
tuy thủy,463
tân mỹ chánh,463
tân đoàn,463
tây tạng,463
vĩnh châu b,463
vĩnh thuận,463
xuân lai,463
xuân phúc,463
buôn phấn bán son,463
bô lão,463
bưu tá,463
bạo tàn,463
ca khúc,463
sưu,462
đính,462
vỗ,462
khinh,462
lũng,462
bịch,462
ủi,462
chuồng,462
lờ,462
ngư,462
quãng,462
bắc âu,462
cam thịnh đông,462
châu hồng,462
châu đốc,462
cư dliê m’nông,462
cư drăm,462
cư kty,462
cư k’róa,462
cư m’ta,462
cư prao,462
cư pui,462
cư pơng,462
cư suê,462
cư êbur,462
cẩm tây,462
cộng hòa indonesia,462
cộng hòa síp,462
cờ lao xanh,462
hàm ly long,462
hải dương,462
kim chi ngọc diệp,462
liễu chi,462
lăn lóc đá,462
nhuế dương,462
sóc trăng,462
tam phúc,462
tam thái,462
thanh lộc đán,462
thiệu châu,462
thái giang,462
thượng pha,462
thạc nam,462
thạnh lợi,462
trần hưng đạo,462
tân thuận,462
tây hưng,462
tích giang,462
tết tây,462
viêt nam,462
việt đoàn,462
vĩnh hòa hiệp,462
xuân thái,462
xá quỷ,462
biên kịch,462
broă lơh sa,462
buôn gánh bán bưng,462
băl me,462
bạo mồm bạo miệng,462
bịt tai trộm chuông,462
phiêu,461
ngh,461
dán,461
uy,461
chĩa,461
vải,461
vạch,461
sườn,461
bồ đào nha,461
bờ biển ngà,461
cam phước đông,461
cẩm la,461
hồng dương,461
kim quỹ,461
kính nhi viễn chi,461
lô lô đen,461
ninh dương,461
ninh thạnh lợi,461
thái cường,461
thái thuần,461
thượng lâm,461
thỏ lạnh,461
trạm lộ,461
tân kim,461
tây lộc,461
tây tựu,461
tường đa,461
vinh hải,461
việt thuận,461
vĩnh phú đông,461
vương bá,461
ang nhờ,461
binh khố,461
biểu ngữ,461
bào chữa,461
bào đột,461
bá thở,461
bá vương,461
bánh bột lọc,461
bó buộc,461
bút tích,461
bạch kim,461
bạt tai,461
bắp thịt,461
ca múa,461
cang nghị,461
qu,460
đấng,460
sảnh,460
căm,460
nã,460
chinh,460
nhị,460
bạch cung,460
bắc hàn,460
chung chải,460
hàn vi,460
la ha ưng,460
la hủ,460
quảng hùng,460
sơn hùng,460
sơn lộ,460
tam thuận,460
thiệu dương,460
thuỵ phương,460
thượng giáp,460
thẩm dương,460
tân phú đông,460
tân thượng,460
tây côn lĩnh,460
tây trạch,460
vạn phúc,460
vạn thái,460
xuân sơn nam,460
ao ước,460
bom chìm,460
bèo tây,460
bạt quần,460
bệ phóng,460
liễu,459
củ,459
khử,459
ham,459
quầy,459
búp,459
lấp,459
khao,459
bi đup,459
bá chương,459
bạch thượng,459
bệ phong,459
châu phú b,459
cẩm chế,459
dao quần chẹt,459
hoa thịnh đốn,459
long biên,459
phương chiểu,459
quảng phong,459
quảng thủy,459
quỳnh phương,459
rắc lây,459
sin suối hồ,459
sóc hà,459
sông hồng,459
sông kôn,459
sông đốc,459
sơn phong,459
thiểm tây,459
thiệu toán,459
thuận hoá,459
thái thuỷ,459
thạch kim,459
thạnh tây,459
thủy sơn,459
trà xinh,459
tân hoà đông,459
tân nhuận đông,459
tây mỗ,459
tây papua,459
vân lộ,459
võ nghệ,459
võng la,459
vĩ dạ,459
bi hài,459
bi tuôm,459
bong đằng,459
bút thuận,459
bộp tai,459
ca ngợi,459
ca nhì,459
lọc,458
cớ,458
spartacus,458
at,458
kẹp,458
láo,458
thiểu,458
bơ,458
đợt,458
diệp,458
khán,458
rể,458
ngất,458
vú,458
bãi cháy,458
bảy núi,458
bắc giang,458
chiềng lương,458
cà ti,458
cẩm huy,458
cộng hiền,458
cộng hoà bồ đào nha,458
lương xơn,458
phúc thịnh,458
quán vân,458
thái thịnh,458
thượng quận,458
tuân lộ,458
tường sơn,458
xuân bắc,458
xuân lệ,458
xuân thượng,458
xuân tăng,458
bi hài kịch,458
bi kịch,458
canh gà,458
sọ,457
nhường,457
nàn,457
khẳng,457
khôi,457
ro,457
nghịch,457
lượn,457
điền,457
see,457
tặc,457
dội,457
bắc cường,457
dao tam đảo,457
giấy sương,457
gu cà phê,457
hương thủy,457
kháng đón,457
khải chi,457
nhơn hoà lập,457
sài lang đương đạo,457
thuỷ phù,457
thượng cường,457
thượng hiền,457
thượng hoá,457
thạch thượng,457
thụy phúc,457
tu mơ rông,457
tân hưng đông,457
tân khai,457
tân khánh đông,457
tân vương,457
tề lễ,457
vân phong,457
vĩnh hòa,457
vạn kim,457
bánh ú tro,457
bơi trải,457
bổ ích,457
bụng nhụng,457
ca cào,457
ca cẩm,457
ca tụng,457
hãm,456
đĩ,456
cẩu,456
sắm,456
nhổ,456
xả,456
bàng,456
lung,456
nâu,456
tứ,456
chi nê,456
chim việt đậu cành nam,456
châu thai,456
cà chu,456
lễ vu lan,456
phò mã,456
phù chẩn,456
pé lầm,456
quảng lưu,456
quảng trực,456
sơn mùa,456
thuận điền,456
tri thủy,456
tri tôn,456
trà hiệp,456
tân hòa,456
vĩnh hùng,456
vĩnh hậu,456
buôn thúng bán bưng,456
buôn thúng bán mẹt,456
bánh phồng tôm,456
bạch hầu,456
lận,455
holmes,455
giọt,455
cafe,455
đố,455
hãnh,455
tè,455
xỉn,455
xách,455
đái,455
kèm,455
bắc phú,455
bắc xá,455
chiềng on,455
châu quế thượng,455
cẩm phúc,455
gương ly loan,455
hà nhì đen,455
phúc thọ,455
quán triều,455
quảng hảo,455
sa tắc,455
thái thọ,455
thượng kiệm,455
trạch mỹ lộc,455
trần dương,455
tân thạnh đông,455
tăng bạt hổ,455
vân nội,455
bi thảm,455
bom xăng,455
bóc ngắn cắn dài,455
bóng xế nhành dâu,455
bạc hà,455
bạo ngược,455
bả vai,455
bậc nam nhi,455
bội lan,455
ca gô,455
ca nòi,455
ca rệp,455
ca trù,455
ca vát,455
toa,454
rạp,454
bond,454
moi,454
ngây,454
quăng,454
quậy,454
bách thuận,454
bắc thuỷ,454
cam thịnh tây,454
guinea xích đạo,454
khắc niệm,454
tam phủ,454
thiệu long,454
thuận phước,454
thái hưng,454
thượng hoà,454
tầm dương giang,454
võ ninh,454
vĩnh tường,454
xuân hòa,454
xuân lãnh,454
biểu thuế,454
bạch lộ,454
bồng lai,454
ca chõi,454
ca cảl,454
ca dhôh gâu,454
ca dé,454
ca nhỏl,454
ca nặm,454
ca pát,454
ca pốt,454
ca rạc,454
ca thết,454
ca tuyện,454
ca đác,454
can gián,454
chổ,453
bát,453
vẹn,453
chẩn,453
hỡi,453
flash,453
hoà,453
bạch nha,453
bắc hoà,453
cam phước tây,453
chiềng lao,453
côn đảo,453
hòa cường,453
phù lảng,453
tam lãnh,453
thạch hòa,453
thới lai,453
trưng vương,453
trầm ngư lạc nhạn,453
vang quới đông,453
việt hùng,453
vĩnh phú tây,453
xuân hùng,453
acheéq trao,453
bhâng răng,453
biện lí,453
bãi miễn,453
cai quản,453
khiếu,452
savage,452
ốc,452
thước,452
rỗi,452
ngô,452
vuốt,452
rách,452
êm,452
tro,452
park,452
ngụy,452
bắc mĩ,452
châu dầu,452
chư ty,452
giáng phi cổi ngọc,452
hoạn lộ,452
hậu giang,452
hằng nga cung quảng,452
mĩ bắc,452
ngân hà,452
nhơn phúc,452
quế thuận,452
sơn hiệp,452
tam á,452
thuận hưng,452
thuận lộc,452
thuỵ phúc,452
thạnh phú đông,452
trà dương,452
trà my,452
trà vinh,452
trần phán,452
tân phú tây,452
tăng nhơn phú b,452
tạ khoa,452
vĩnh ô,452
xuân nha,452
biểu trưng,452
bân tóc,452
bưu phí,452
bả chuột,452
bận rộn,452
bịt miệng,452
bọc hậu,452
bội nhiễm,452
bột khai,452
khơi,451
him,451
bơm,451
xui,451
cấy,451
xưng,451
bậy,451
nhạt,451
caesar,451
as,451
xoa,451
thịnh,451
biên sơn,451
bến thủy,451
long xuyên,451
mạn hảo,451
phù phiếm,451
quán trữ,451
săn hươu,451
thiện long,451
thượng cửu,451
thượng thôn,451
trúc lâm thất hiền,451
tân hoà tây,451
tăng sâm,451
tướng hoả,451
u ní,451
xuân phong,451
asâo tan,451
bào tộc,451
bí rì rì,451
bùn đỏ,451
bắc phang,451
bờ sông,451
bờ vai,451
nấm,450
angeles,450
chèo,450
khung,450
nít,450
đoan,450
màng,450
ang,450
nhì,450
lánh,450
duyên,450
bắc hưng,450
châu quang,450
cẩm thượng,450
huỳnh kim,450
kim ngưu,450
mỏ cày nam,450
ninh đa,450
quang châu,450
quảng châu,450
quế cung,450
quỳnh thuận,450
thuận thới,450
thới thuận,450
trà đốc,450
trích đoạn,450
trần đăng ninh,450
vinh thăng,450
võ lao,450
vĩnh hảo,450
vương mãnh,450
xuân sơn bắc,450
xuân tầm,450
amã ben,450
ben boóc,450
bi kí,450
biên niên,450
bát diện,450
bả mướng,450
bả slâư,450
cam phận,450
mdr,450
phiến,449
rèn,449
rau,449
côi,449
sòng,449
fan,449
bạch lưu,449
cam túc,449
chiêu lưu,449
châu sơn,449
chăm rê,449
cát hiệp,449
cẩm lệ,449
hồng nhan bạc mệnh,449
khúc nam huân,449
phù khê,449
sơn châu,449
thượng lộc,449
thượng nung,449
tân lợi thạnh,449
tân phước tây,449
tú lệ,449
tịnh bắc,449
xuân nội,449
xứ nghệ,449
bá cháy,449
bám trụ,449
bát chánh đạo,449
bần tăng,449
can thiệp,449
cõi,448
wells,448
sập,448
nấp,448
ngai,448
tẩu,448
khoe,448
sáo,448
el,448
dặn,448
ruồi,448
buồm,448
đam,448
a-lô,448
khuẩn,448
choàng,448
mòn,448
han,448
khéo,448
tọa,448
bắc ngà,448
bắc ruộng,448
hòa hiếu,448
lâm truy,448
lí hoà,448
phong phú,448
quảng cư,448
sơn dương,448
thượng phùng,448
thụy hòa,448
trùng khánh-hạ lang,448
trại chuối,448
tân hưng tây,448
xuân đài,448
biên cương,448
blái cân,448
boóc cân,448
bím tóc đuôi sam,448
bắc ten,448
bọt biển nhĩ,448
canh cà chua trứng,448
phàn,447
bùng,447
thấu,447
lẩn,447
gen,447
quặc,447
soi,447
gotham,447
bịa,447
bạch đích,447
bắc trạch,447
cư ê wi,447
diêm vương,447
miệng sàm,447
núi tô,447
phổ phong,447
quảng hải,447
quảng ninh,447
quảng vinh,447
sa sơn,447
thượng mỗ,447
tầm xá,447
vĩnh hiệp,447
yang bắc,447
biểu bì,447
buột miệng,447
bách niên giai lão,447
bám bíu,447
bạo gan,447
shaw,446
h-san,446
náo,446
email,446
want,446
big,446
chốn,446
lậu,446
ngột,446
đầm,446
mỏng,446
khờ,446
am,446
cặn,446
dna,446
ráng,446
phô,446
bùn,446
sôi,446
dồn,446
coulson,446
bắc khê,446
châu âu,446
cà dy,446
cà ná,446
cẩm phủ,446
ninh sơn,446
phong điền,446
sơn nga,446
sơn ninh,446
thạch giám,446
thạch lưu,446
thạch đài,446
thổ châu,446
thụy hùng,446
thủy liễu,446
trà cú,446
trực cường,446
tân hiệp,446
tân qúy tây,446
tân thạnh tây,446
tầm thuỷ,446
vinh hà,446
vĩnh biên,446
xuân du,446
bật bãi,446
bốc cháy,446
miêu,445
trọn,445
hử,445
nở,445
oxy,445
sex,445
nét,445
hẹp,445
ây,445
canada,445
châu pha,445
chư á,445
hải vân,445
lam thủy,445
lương sơn,445
ninh hà,445
ninh tốn,445
sơn hồng,445
sơn lương,445
sứ pán,445
thiệu quang,445
tháp hà nội,445
thổ đà bắc,445
trại cau,445
tân hào,445
vân dương,445
vân hải,445
vương hủ,445
bang biện,445
bạc đãi,445
canh gác,445
lam,444
son,444
team,444
tà,444
chffffff,444
cay,444
lơ,444
vồ,444
bích hòa,444
cư k roá,444
cư k róa,444
hòa lộc,444
mịch la giang,444
ninh vân,444
sông ray,444
thăng long,444
thụy phong,444
tri hải,444
triều châu,444
trực phú,444
tân biên,444
tân quy,444
tịnh hòa,444
vang quới tây,444
võ xu,444
vĩnh châu,444
xuân dục,444
xích lỗ,444
am tường,444
bày tỏ,444
bày vai,444
bê trễ,444
bích chương,444
bút phê,444
canh nông,444
búa,443
chục,443
túng,443
berlin,443
black,443
mãnh,443
ào,443
toi,443
đao,443
dời,443
chánh lộ,443
căm muộn,443
mãn châu,443
ninh kháng,443
quỳnh diện,443
sông lô,443
sơn lôi,443
tam hiệp,443
thiệu vân,443
tân túc,443
tú đoạn,443
xuân hiệp,443
biện luận,443
bèo tấm,443
bén mùi,443
bồi tổn,443
bổ túc,443
bộc lộ,443
canh cải,443
hông,442
sương,442
chun,442
cuddy,442
đ,442
mĩ,442
khâu,442
ngạo,442
gạch,442
mẻ,442
đươc,442
day,442
nhuận,442
thủng,442
biên giang,442
bạch long vĩ,442
bắc hà dog,442
bửu hòa,442
cát bi,442
cẩm phong,442
hải triều,442
lã hậu,442
lữ hậu,442
nhơn hòa,442
phong trắc,442
quang thiện,442
quỳnh hòa,442
qúy hòa,442
thiền quán,442
thới hòa,442
trà don,442
vĩnh hải,442
vĩnh phước b,442
xà bang,442
bàng bạc,442
bê bò,442
bún thịt nướng,442
bạc điền,442
bận bịu,442
bốn mươi,442
bụi hồng,442
lướt,441
gai,441
vã,441
cáu,441
xuôi,441
trêu,441
thê,441
ki,441
bạch sam,441
bờ ngoong,441
cẩm thủy,441
quán toan,441
quảng xương,441
thạch thang,441
thọ vực,441
trảng bom,441
trần hoảng,441
tân dương,441
tịnh phong,441
bac ác,441
biên chép,441
bày vẽ,441
bá chiếm,441
bão tố,441
bòn rút,441
bóp bụng,441
bưu kiện,441
bảng cửu chương,441
bồi thẩm,441
bờ ſou᷃,441
bờ ſou᷄,441
chì,440
men,440
foreman,440
snow,440
nghiền,440
xám,440
khái,440
lọt,440
súp,440
tím,440
khuất,440
bắc hà dogs,440
bến mê,440
bồ xuyên,440
chim vàn,440
chu túc,440
châu giang,440
cour đăng,440
cạnh nậu,440
dương chấn,440
hư tả,440
nhơn hậu,440
nội thôn,440
quy hoá,440
quảng long,440
quỳnh hậu,440
sen thủy,440
sơn long,440
tam dị,440
thuỵ hùng,440
thạch ngàn,440
triển chiêu,440
trà lĩnh,440
trà nú,440
tân hải,440
tân vinh,440
tường lộc,440
tứ du,440
vinh tân,440
vĩnh hồng,440
vĩnh lộc b,440
xuân châu,440
yến nội,440
bi bốc,440
bjải lát,440
bênh vực,440
bạch dương,440
can nhiễu,440
alpha,440
nhãn,439
florida,439
đũa,439
còi,439
chửi,439
đẽ,439
piano,439
she,439
nguyệt,439
bướm,439
bá xuyên,439
cửu đoạn tuyến,439
ninh tân,439
núi sập,439
quán lào,439
quảng lãng,439
song lãng,439
thạch châu,439
trà đa,439
trịnh tường,439
tân ninh,439
vân canh,439
vĩnh lương,439
biện thiệt,439
bưu cục,439
bạc nhược,439
bạo liệt,439
bỏng chiềng thờ,439
nến,438
nghiệt,438
cán,438
gũi,438
kiềm,438
dưa,438
lẻn,438
soạn,438
look,438
bôi,438
đắm,438
potter,438
hiếu,438
vần,438
bưu,438
líu,438
đan,438
bosniýa we gersegowina,438
bạch nga,438
bảy háp,438
bến hải,438
chàm châu đốc,438
châu hoá,438
hớn quản,438
lương ngọc,438
mỏ cày bắc,438
nhơn phong,438
phong khê,438
phong thạnh,438
sơn lang,438
thiệu ngọc,438
thiệu tân,438
thạnh phong,438
thới quản,438
thủy biều,438
trăng lưỡi liềm đỏ,438
trực hưng,438
tân hồng,438
tôn khang,438
việt hải,438
việt vinh,438
vĩnh hoà hưng nam,438
xuân dương,438
xuân hải,438
bia ôm,438
buơl làng,438
bào thai,438
bát nháo chi khươn,438
bè phái,438
bôk ntuh nău ngơi,438
bắc hàn đới,438
bếp dầu,438
bộc trực,438
bực bội,438
huệ,437
sừng,437
ngầu,437
mộc,437
vòi,437
rực,437
nảy,437
len,437
thụy,437
bóc,437
khống,437
nhích,437
thét,437
nhai,437
nồng,437
scofield,437
bách khoa,437
dương chu,437
krông nô,437
ninh xuân,437
nội duệ,437
quất lưu,437
tam hải,437
thạnh hòa sơn,437
túc trưng,437
tứ hiệp,437
vinh xuân,437
xuân ninh,437
xuân vinh,437
xá khắc,437
biên khảo,437
bút nghiên,437
nhúc,436
ngợi,436
đực,436
dốc,436
na,436
bãi bông,436
bạc liêu,436
châu lăng,436
dương nỗ,436
hà nhì la mí,436
non đào,436
quế lưu,436
thạch hải,436
trực tuấn,436
tân vĩnh hiệp,436
tắc vân,436
vinh hiền,436
việt hồng,436
võ liệt,436
vầng ô,436
xuân hồng,436
buồng đào,436
bát mẫu,436
bãi cỏ,436
bãi thải,436
bạc xỉu,436
make,435
lề,435
bỗng,435
vu,435
bịt,435
phụng,435
lạm,435
biên hoà,435
chà cang,435
cán mã pờ,435
lương giang,435
quảng lĩnh,435
quỵt nợ,435
sông giang,435
sơn dung,435
sơn lĩnh,435
tam hồng,435
thiệu giang,435
thuỷ châu,435
trực khanh,435
vĩnh trụ,435
vĩnh xương,435
xuân lương,435
xuân thiệu,435
xuân thới thượng,435
xá u ní,435
xương lâm,435
buôn làng,435
bát chữ,435
bạc mầu,435
bạch cập,435
bẻ quế cung thiềm,435
bổ cập,435
vác,434
lẹ,434
tý,434
us,434
ngự,434
bẩm,434
green,434
thắn,434
rên,434
bầm,434
chà nưa,434
chà tở,434
châu ro,434
châu điền,434
giọt châu,434
mán quần cộc,434
ngô dữ ngô bào,434
quỳnh lưu,434
suối hiệp,434
thạch lương,434
trà sơn,434
tân khánh hòa,434
bi khúc,434
biên soạn,434
bá tước,434
bách nghệ,434
bãi bồi,434
bút bi,434
bút toán,434
bạc cắc,434
bạc phơ,434
bạc thau,434
bật bông,434
bề rộng,434
bột tàn mì,434
bụi trần,434
can khương,434
canh thiếp,434
game,433
km,433
ken,433
găng,433
phơi,433
ahh,433
internet,433
xót,433
lệch,433
khuyến,433
back,433
sưởi,433
phế,433
nạt,433
châu hoà,433
cò xung,433
dao làn tiẻn,433
hiền lương,433
hằng nga,433
kê thiệu,433
suối nghệ,433
sông khoai,433
thiện tân,433
thuỷ dương,433
tân thiện,433
vinh phú,433
vạn ninh,433
xuân lôi,433
bang bít,433
bi tráng,433
bát ô tô,433
bạc bẽo,433
bổn phận,433
canh tân,433
mv,433
gdp,433
ubnd,433
vẫy,432
cáp,432
trọ,432
đùi,432
fitz,432
hydra,432
cua,432
bùm,432
xơ,432
dinh,432
roi,432
nhạo,432
scotland,432
thây,432
trán,432
brển kỷ lậu,432
buôn choah,432
buôn tría,432
buôn trấp,432
cấm sơn,432
dao cóc ngáng,432
hán tộc,432
kitô hữu,432
mĩ châu,432
mộc châu,432
ninh phú,432
ninh xá,432
sông đà,432
thiệu hoá,432
trà bá,432
trà vân,432
trần lâm,432
tái sơn,432
tân long,432
vạn lương,432
blề môi,432
bãi triều,432
bền chặt,432
cam thảo,432
chip,432
câng,432
ẩm,431
nhỡ,431
giời,431
hụt,431
bảnh,431
more,431
khe,431
tủy,431
hù,431
doạ,431
hái,431
phết,431
trơn,431
nứt,431
tuệ,431
chôm,431
bế,431
lưỡng,431
gầm,431
lannister,431
khiết,431
nhiễu,431
amérique du nord,431
amérique du sud,431
bạch long,431
corée du nord,431
corée du sud,431
cấn hữu,431
cốc pài,431
cốc pàng,431
cộng hoà indonesia,431
dao cóc mùn,431
hương trà,431
ninh thuỷ,431
núi biêu,431
quế hiệp,431
tuyên quang,431
tân xã,431
tịnh hiệp,431
việt xuyên,431
xuân canh,431
xuân thiện,431
bi lắc,431
bia tươi,431
bá bảy,431
bút vẽ,431
bờ bụi,431
tôm,430
nộ,430
đôn,430
bách,430
ớt,430
sir,430
over,430
sỉ,430
mánh,430
lười,430
rầy,430
châu thôn,430
hào sảng,430
ninh điền,430
sập sa,430
thiệu phú,430
tân lãng,430
tả ngảo,430
tả phìn,430
tả phời,430
việt long,430
vĩnh hoà hiệp,430
xá lương,430
xương giang,430
bang bính,430
bang khoèo,430
bão tuyết,430
bích quy,430
bọc trăm trứng,430
bồ nông,430
bong,429
sandwich,429
spock,429
avatar,429
show,429
phanh,429
sylar,429
gìn,429
sô,429
điếc,429
nhúng,429
trặc,429
nhánh,429
web,429
nhồi,429
nháy,429
tỉa,429
vướng,429
châu mạ,429
cẩm châu,429
giọt hồng,429
hồng bàng,429
khúc xuyên,429
kiềng canh nóng thổi rau nguội,429
man đần,429
quang sơn,429
quảng bường,429
sơn quang,429
tam điệp,429
thuần thiện,429
thuỷ lương,429
trương hán siêu,429
tề lỗ,429
tống ngọc,429
xuân long,429
been mê tróh,429
biên thùy,429
bạt ngàn,429
bấm bụng,429
cisco,428
địt,428
lựu,428
arrow,428
phang,428
moscow,428
lõi,428
vãn,428
séc,428
ôn,428
thảy,428
vụn,428
hoành,428
nhựa,428
bì,428
lẫy,428
bích đào,428
châu hưng,428
châu khánh,428
phước hải,428
quảng sơn,428
song khủa,428
thiệu hoà,428
thạch long,428
thạch môn,428
thụy ninh,428
trà lâm,428
tơ tung,428
yến dương,428
bò cạp,428
bấm đốt,428
thoáng,427
cưa,427
triết,427
starling,427
né,427
bỉ,427
gầy,427
west,427
cún,427
chư,427
giở,427
miện,427
hm,427
chanh,427
qkk,427
canh đà,427
châu lộc,427
hầu loan phụng,427
mũi né,427
ninh phước,427
quế châu,427
sông bôi,427
thiệu thịnh,427
tiều phu núi na,427
tiệp khắc,427
tịnh châu,427
vĩnh hoà hưng bắc,427
vạn thiện,427
xương lê,427
biên mậu,427
biên ải,427
bò húc,427
bún thang,427
bút lục,427
hòng,426
mỡ,426
xuẩn,426
happy,426
khuya,426
vặn,426
neo,426
hổng,426
phước,426
chen,426
mợ,426
thự,426
bồng châu,426
bột xuyên,426
chiếu bạch,426
cẩm dương,426
hồng ngự,426
lao xá,426
ngã rẽ,426
quảng hà,426
thạnh thới thuận,426
thụy hồng,426
trà giáp,426
trà tân,426
trì quang,426
trạm trôi,426
trịnh châu,426
tân lĩnh,426
vai lệch,426
vĩnh niệm,426
au mê,426
aṅ lông,426
biên thuỳ,426
bãi chợ,426
bãi khoá,426
bôh lông,426
bần tiện,426
bầu bĩnh,426
chước,425
bấy,425
then,425
que,425
xôi,425
đãng,425
chồn,425
hotch,425
vách,425
dơi,425
khiên,425
cư môt,425
cư ni,425
cẩm hải,425
cốc lầu,425
dã man,425
hương sơn,425
long đỗ,425
ninh diêm,425
quế dương,425
si sa phìn,425
song vân,425
sơn kiên,425
thọ hải,425
thọ vinh,425
tiều châu,425
trần ửng long,425
túc đán,425
vinh hưng,425
vân sơn,425
võ cường,425
vạn long,425
bát phẩm,425
bẩn thỉu,425
bể bơi,425
bọ hung,425
bồ hòn,425
chích,424
rùa,424
liếm,424
barnes,424
trượng,424
nóc,424
tạng,424
star,424
dỡ,424
giầy,424
liêng,424
aw,424
nhượng,424
châu bính,424
châu khê,424
châu thới,424
cương sơn,424
cẩm ninh,424
hồng kông,424
nhơn châu,424
ninh hưng,424
ninh thọ,424
quảng cát,424
quỳnh châu,424
sơn cương,424
tân chánh hiệp,424
vinh lộc,424
bom bươm bướm,424
bách tán,424
bôn đào,424
bông lông,424
bút lâm xuyên,424
bồ bồ,424
bờ bến,424
jo,423
rán,423
choáng,423
rach,423
quyên,423
her,423
truồng,423
bừa,423
rót,423
xịt,423
trào,423
chật,423
xen,423
giếng,423
rợ,423
chuối,423
nề,423
bồi sơn,423
cát sơn,423
gối cuốc kêu,423
liêu ninh,423
ninh lộc,423
quế ninh,423
sông hiên,423
sầm dương,423
tam thôn hiệp,423
thổ sơn,423
trà xuân,423
trì trì,423
trùng xá,423
tứ xuyên,423
vân hà,423
xuân lĩnh,423
bùa bả,423
bưu phẩm,423
bả mu,423
bờ đê,423
or,422
thoái,422
aang,422
hẻm,422
lãm,422
há,422
bổn,422
mr,422
vạt,422
lách,422
yến,422
clb,422
đểu,422
nghiêng,422
quạ,422
bãi thơm,422
bó mười,422
bồng nga,422
cương gián,422
cẩm lương,422
cộng hoà ả rập syria,422
dao lô gang,422
lục thuỷ,422
nga ngố,422
thiện hoà,422
thiện phiến,422
thiệu hưng,422
thuỵ dương,422
trà giang,422
trần phú,422
tân thới hiệp,422
vân vân,422
xương thịnh,422
bi bô,422
buông xõng,422
bói toán,422
bông phèng,422
bề ngang,422
nhược,421
manhattan,421
whiskey,421
nản,421
von,421
lộng,421
duyệt,421
sê,421
lm,421
ngần,421
give,421
rành,421
brển quảng lâm,421
bá hiến,421
cù mông,421
cư huê,421
cư jiang,421
cốc san,421
mông kha,421
mộng tuân,421
ngôn ngữ,421
nhơn hải,421
quảng lâm,421
quảng vĩnh,421
quỳnh hải,421
sa nhơn,421
sa rài,421
tam trà,421
thiệu khánh,421
thuỵ hải,421
thịnh long,421
trà vong,421
tràng lương,421
tả van,421
tứ xã,421
xuyên mộc,421
xá phó,421
bhuôm lô,421
bi méo,421
bi phẫn,421
bát cú,421
bạo nghiệt,421
bấm ngọn,421
viếng,420
phiện,420
khiêm,420
cong,420
gào,420
nắp,420
watson,420
chang,420
báng,420
pho,420
mìn,420
hăng,420
bồ khô pạ,420
chuột sa chĩnh gạo,420
chư răng,420
cát vân,420
kháng quảng lâm,420
ninh thới,420
quỳnh vinh,420
sông lũy,420
sơn lâm,420
thạnh hải,420
tà long,420
tống trân,420
vĩnh sơn,420
xuân thăng,420
xá tống,420
buông trôi,420
bãi bể nương dâu,420
bụng mủ,420
cay cú,420
cối,419
dưng,419
tề,419
bời,419
tivi,419
nghênh,419
đắp,419
cửu,419
kid,419
lìn,419
trút,419
central,419
chọi,419
vali,419
dang,419
cam lâm,419
hồng phất,419
kháng xúa,419
nhơn ninh,419
nhựt ninh,419
ninh quới,419
ninh thạnh,419
quảng ngọc,419
quảng tùng,419
song giáp,419
sông nhạn,419
sông xoài,419
tam thăng,419
trà côn,419
tân quang,419
vỹ dạ,419
xuân đỉnh,419
bi đát,419
bạch tuyết,419
bảy mươi,419
rỡ,418
cọc,418
điềm,418
ă,418
bổng,418
chợt,418
zoom,418
chê,418
tokyo,418
ao,418
hong,418
huân,418
ngứa,418
hot,418
thuẫn,418
nực,418
nhào,418
bãi bùng,418
bù đăng,418
chư long,418
hàn ngữ,418
hương mạc,418
hắc long giang,418
quảng tân,418
quỳnh hồng,418
sông luỹ,418
sông trầu,418
sơn tân,418
sạch sành sanh,418
thuỵ hồng,418
thịnh lang,418
tân sơn,418
viễn sơn,418
vĩnh hà,418
bar jât,418
bar jăt,418
bar yuê,418
bi chạng,418
bãi soi,418
bún sông,418
bệ ngọc,418
bứng ghế,418
rổ,417
sync,417
chải,417
onii-chan,417
shit,417
cúng,417
jersey,417
hán,417
lầy,417
chùi,417
đả,417
chiềng ân,417
cẩm xuyên,417
nguyễn cư trinh,417
quảng bạch,417
quỳnh lương,417
thôn môn,417
thạch đỉnh,417
trà phú,417
tú xuyên,417
võ nhai,417
vĩnh kiên,417
bỏng tliênh,417
lân,416
táng,416
thẹn,416
ohh,416
ngó,416
oz,416
cỡi,416
cam tân,416
chiềng pha,416
dương tam kha,416
quách phẩm,416
thiện hưng,416
thọ xương,416
thổ tang,416
tân hà,416
tân tuyến,416
việt quang,416
armastuses ja sõjas on kõik lubatud,416
bóc trần,416
bạch huyết,416
bảng xuân,416
bắp cải,416
bế tắc,416
bổ ngữ,416
gps,415
kông,415
rủ,415
sorry,415
xảo,415
khăng,415
sâm,415
đắc,415
núp,415
bịp,415
vụng,415
cào,415
đm,415
năn,415
vùi,415
rãi,415
lường,415
cát lâm,415
cẩm long,415
hắc điếm,415
quảng xuân,415
quỳnh lôi,415
thuỵ lôi,415
trà thuỷ,415
tuy hoà,415
tân kiên,415
tân trì,415
tùng bá,415
tả ván,415
tịnh thiện,415
việt sơn,415
vân tùng,415
xuân quang,415
bả cước,415
bừa bãi,415
subteam,414
rải,414
kề,414
gom,414
rình,414
jc,414
ưng,414
xoáy,414
tấp,414
ấu,414
xoắn,414
lon,414
lúa,414
bạch hà,414
khánh long,414
long khánh,414
ngây thơ,414
phó duyệt,414
quế long,414
sơn giang,414
sơn xuân,414
sỹ nhã,414
tri ngọc,414
tuyên hoá,414
tân cương,414
tân hương,414
tắc củi,414
tịnh long,414
việt ngữ,414
vân trục,414
võ điềm,414
võng xuyên,414
atông tang,414
bạo dạn,414
bả biếng,414
bả dột,414
mẩu,413
ru,413
suối,413
thôn,413
some,413
dải,413
dó,413
nhãi,413
vét,413
téi,413
rò,413
búng lao,413
cát tân,413
quảng chu,413
quảng thạch,413
tam sơn,413
thạch quảng,413
tiều phu,413
trùng khánh,413
trúc sơn,413
bả lả,413
bảng kê,413
bậc trượng phu,413
bịt mồm,413
bờ cõi,413
mỉa,412
cằn,412
mách,412
củi,412
trâu,412
gạo,412
lốp,412
colombia,412
nai,412
siết,412
tua,412
vành,412
nín,412
dẫm,412
dc,412
bọt,412
quang hiển,412
quảng nạp,412
thiện ky,412
thạch sơn,412
thảo điền,412
thục đế,412
trần thuyên,412
tày hạt,412
tân ân,412
tơ hung,412
việt trì,412
vĩnh lâm,412
vĩnh nguơn,412
vĩnh ngươn,412
xuân hà,412
bãi nại,412
bơi lội,412
bưu phiếu,412
cam bề,412
bo,411
nhiếp,411
thừng,411
off,411
ngạt,411
sấm,411
đụ,411
sủa,411
cừ,411
quấn,411
adn,411
ak,411
fox,411
dẻo,411
girl,411
chổi,411
canh nậu,411
côn sơn,411
hà giang,411
hương cảng,411
mèo lài,411
quới thiện,411
quỳnh thiện,411
thụy dũng,411
tuy phước,411
vân xuân,411
xuân kiên,411
xuân vân,411
bo mạch,411
bày biện,411
bãi chầu,411
bút lông,411
bơi ngửa,411
bồi bổ,411
noel,411
keo,410
lút,410
enterprise,410
tuỳ,410
thắp,410
bus,410
hand,410
nén,410
eo,410
tựa,410
life,410
dai,410
nhức,410
phàm,410
bén,410
hương giang,410
kiên giang,410
long thới,410
long tuyền,410
thới long,410
trà ôn,410
va xỏ lao,410
xuân hương,410
ya tờ mốt,410
bia bọt,410
buồng trứng,410
bồi dưỡng,410
diêm,409
chưởng,409
sing,409
bravo,409
khéng,409
kèo,409
kìm,409
cọ,409
nồi,409
lip,409
hãn,409
nghếch,409
hon,409
cóng,409
chặng,409
bến cát,409
bửu long,409
long đọi,409
ngoạ long,409
ngọa long,409
nông thịnh,409
quang phú,409
quới long,409
quỳnh long,409
sơn đà,409
trà nóc,409
tân triều,409
tùng lâm,409
việt gốc khơ-me,409
vĩnh ngọc,409
vĩnh tân,409
vạn sơn,409
bả phạc,409
bột ngọt,409
nhàm,408
wall,408
heh,408
einstein,408
tẻ,408
mép,408
háo,408
xiếc,408
baker,408
chiên sơn,408
chiềng san,408
chu hương,408
cự khối,408
hàn san,408
kháng ái,408
quảng phú,408
song phú,408
sơn phú,408
thạch hương,408
táy mộc châu,408
bám víu,408
bần bật,408
bờ lu,408
bauer,407
fort,407
góa,407
khoán,407
vodka,407
dốt,407
bãi sậy,407
chợ lầu,407
cẩm lĩnh,407
tuy lộc,407
tào sơn,407
vân côn,407
võ miếu,407
bách thảo,407
bơi sải,407
bốc khói,407
tơ,406
nhăn,406
thẳm,406
rạch,406
cước,406
khan,406
đu,406
bới,406
uý,406
bát canh đản thổ,406
bãi trành,406
bạch đàng,406
bồ tát,406
hối khanh,406
quảng thuỷ,406
song ngư,406
sơn hàm,406
thuỷ sơn,406
trà thọ,406
tráng liệt,406
trần hợi,406
trần thới,406
trần điệt,406
tân dĩnh,406
tân la̭c,406
tân thiềng,406
xá toong lương,406
buôn lậu,406
buông lỏng,406
bào ngư,406
bám riết,406
bù trì,406
bẩn tưởi,406
bồ đà,406
lảng,405
mấu,405
loa,405
xi,405
xịn,405
văng,405
hú,405
đẫm,405
ó,405
nhẽ,405
sưng,405
xỉ,405
vá,405
trắc,405
chay,405
toilet,405
thản,405
nguội,405
latin,405
bàu đồn,405
hà xá,405
quảng điền,405
song liễu,405
trần khánh dư,405
tà lùng,405
tạ xá,405
việt lâm,405
vĩnh xuân,405
vạn hương,405
xuân lâm,405
buần bực,405
bàng quang,405
bê bối,405
bạch ngọc,405
bật mí,405
bền gan,405
bể dâu,405
bồi bút,405
băn,404
delta,404
chói,404
hạch,404
tỵ,404
chốc,404
ếch,404
too,404
sùng,404
nhịn,404
orleans,404
dom,404
cuba,404
bính dần,404
cam thuỷ,404
cải đan,404
quang thịnh,404
quảng thịnh,404
sơn điền,404
thịnh quang,404
trà nham,404
tòng đậu,404
tả van chư,404
tịnh trà,404
tống phan,404
bảng nhãn,404
xẻo,403
dí,403
lãi,403
lu,403
vinci,403
lt,403
xít,403
đành,403
xéo,403
hốt,403
xắn,403
still,403
hoả,403
nhĩ,403
boong,403
buôn triết,403
buôn đôn,403
cẩm thăng,403
khúc quảng lăng,403
sơn thịnh,403
thăng thọ,403
thịnh sơn,403
trà bồng,403
trúc lâm,403
tân việt,403
việt ngọc,403
vân phú,403
xuân mãn,403
bào mòn,403
bã thải,403
bật tôm tanh tách,403
bồ bịch,403
bồ liễu,403
bổ dưỡng,403
hunt,402
afghanistan,402
papa,402
mốc,402
nhằn,402
hiên,402
nhử,402
vươn,402
phẳng,402
nấy,402
ương,402
call,402
mắng,402
cành,402
đệm,402
bu,402
ià,402
nêu,402
eh,402
cam hoà,402
lam sơn,402
nhuận sơn,402
thăng hưng,402
thạch lâm,402
thạch vĩnh,402
tri phú,402
uy kiên,402
vĩnh hiền,402
vĩnh khúc,402
vĩnh thạch,402
xuân ngọc,402
xuân quỳ,402
xuân tân,402
buồng hương,402
bạch bạch,402
bạch đinh,402
dượng,401
mâu,401
úp,401
khoăn,401
bìa,401
gật,401
cave,401
ầm,401
petrelli,401
đốn,401
nhậu,401
lội,401
bến gối,401
liễu trì,401
lư san mạch phú,401
nông nại,401
song phụng,401
tam ngọc,401
thuỷ vân,401
thụy sơn,401
trà bùi,401
tu dí,401
táy mười,401
tân giang,401
tụ hiền,401
vân thuỷ,401
xuân tô,401
bê tông cốt sắt,401
bê tơnô,401
bột mì,401
cam đoan,401
sấu,400
halloween,400
lượm,400
escobar,400
stifler,400
lanh,400
tuế,400
ri,400
đôla,400
quáng,400
úc,400
oán,400
bá khôi,400
chiềng ve,400
giang tô,400
hạp lĩnh,400
quảng phước,400
tri thuỷ,400
trà bui,400
trà cang,400
trà dơn,400
trà leng,400
tám xá,400
tân lược,400
tân trúc,400
au làng,400
biện bạch,400
bjoóc ve,400
bầm gan tím ruột,400
bần nông,400
bổ sung,400
bờ mản,400
street,400
apache,399
trym,399
gieo,399
quẳng,399
gáy,399
oan,399
hoạ,399
khuyết,399
trát,399
oa,399
đậm,399
dead,399
mỳ,399
f,399
hood,399
diễu,399
bad,399
thuyên,399
burrows,399
xỏ,399
trụi,399
cam hiếu,399
hà nhì tò,399
làn điệu,399
phước sơn,399
quang hán,399
quảng ngần,399
sơn phước,399
thạch ngọc,399
thạch tân,399
trà khê,399
trà kót,399
vân hoà,399
bát hương,399
bê đê,399
bôn chôn,399
bảng lảng,399
bếp núc,399
bịt kín,399
nỉ,398
subbing,398
lay,398
cẩm,398
đày,398
đúc,398
ngõ,398
khoát,398
miên,398
nhọn,398
slade,398
chót,398
tú,398
bạ,398
reo,398
đục,398
home,398
pheebs,398
bến đìn,398
gốc liễu,398
pen ti lô lô,398
thạc sỹ,398
thịnh liệt,398
vo ngại,398
bào bọt,398
bích họa,398
bó gối,398
bóp vú,398
bông cặn,398
loan,397
hươu,397
laughing,397
division,397
mỉm,397
thọ,397
fuck,397
jazz,397
nhủ,397
rễ,397
winterfell,397
flint,397
đắng,397
tụng,397
cát thịnh,397
cẩm quang,397
lưỡng hà,397
sơn diêm,397
thạch kiệt,397
thập thò,397
tân hoá,397
vĩnh phú,397
buông xuôi,397
cai cò,397
trum,396
kền,396
lốc,396
hòm,396
tuột,396
si,396
mạ,396
bú,396
quất,396
ướp,396
rương,396
beckett,396
lưỡng kiên,396
quang hưng,396
quảng thọ,396
thụy hương,396
vĩnh xá,396
xuân giang,396
xuân trúc,396
xuân ái,396
bè lim sào gậy,396
thấm,395
quẹo,395
crixus,395
phone,395
quỵ,395
translated,395
gallagher,395
simmons,395
gôn,395
lẽo,395
chiềng khoang,395
chiềng sung,395
cẩm sơn,395
lưỡi hái,395
quang lộc,395
quảng hưng,395
sơn cẩm,395
sơn thọ,395
thọ sơn,395
tân vạn,395
tú sơn,395
việt chu,395
vĩnh thuỷ,395
bông mánh,395
bỏng ngô,395
bồ cào,395
bực dọc,395
thpt,395
dậu,395
gót,394
bái,394
tết,394
nhung,394
giỏ,394
ngừa,394
rụi,394
léo,394
kiêng,394
mikey,394
falcone,394
nòng,394
điêu,394
quẩn,394
nom,394
rụng,394
tụt,394
rìu,394
bích sơn,394
côn lôn nô,394
cự nẫm,394
liễu vĩnh,394
niêm sơn,394
quảng lộc,394
song lộc,394
sài sơn,394
tam thuấn,394
thâm quyến,394
thạch xuân,394
tràng sơn,394
trạm tấu,394
việt cường,394
bu lông,394
bóp còi,394
bảng nháp,394
bồ nhiếp,394
hé,393
lằn,393
se,393
xoá,393
thính,393
lóc,393
đút,393
nhơ,393
mmm-hmm,393
nsa,393
parkman,393
chợ vàm,393
cán tỷ,393
hà lội,393
quang khải,393
quảng nham,393
sơn lộc,393
sơn vy,393
tráng việt,393
trạm thán,393
tu nốp,393
tân phú,393
tả lủng,393
tịnh sơn,393
vân hán,393
biếm họa,393
buôn buốt,393
bóp phơi,393
bóp trán,393
bơm tiêm,393
bạch lạp,393
hưng,392
gắt,392
sure,392
hức,392
thầu,392
náu,392
bourne,392
éo,392
vest,392
ngượng,392
quỉ,392
chợ chu,392
cẩm hà,392
cốc xo,392
nhã điển,392
sơn nham,392
trinh phú,392
tuyên thạnh,392
tạ bú,392
vĩnh hoà,392
xuân hoá,392
bào hao,392
bút đàm,392
biếng,391
bét,391
nhọc,391
phò,391
dằn,391
rã,391
fbl,391
cốp,391
two,391
rữa,391
cause,391
què,391
hí,391
christ,391
tưng,391
xẩy,391
face,391
xước,391
bồng sơn,391
cốc lếu,391
cốc đán,391
quảng uyên,391
song phượng,391
sơn lư,391
tam cường,391
thuỷ tân,391
thạch kêng,391
tân thuỷ,391
tô múa,391
tú trì,391
tả nhìu,391
việt gốc miên,391
vĩnh thịnh,391
xuân thới sơn,391
aceites de hígado de bacalao,391
aceites de sésamo,391
aceleradores de partículas,391
agència de viatges,391
agències de viatges,391
baie de genièvre,391
baie de genévrier,391
baies de genièvre,391
baies de genévrier,391
bái tạ,391
bão giông,391
bê tông,391
bĩu môi,391
bịa truyện,391
bọ gậy,391
bồ chao,391
caña de azúcar,391
capitol,390
nhuộm,390
katniss,390
sansa,390
khía,390
dong,390
batman,390
khép,390
bộc,390
hoắc,390
old,390
cúc,390
tụy,390
las,390
vuông,390
cẩm vân,390
cốc rế,390
lạng sơn,390
quang húc,390
quỳnh bảng,390
suối cát,390
sính lùng,390
trù sơn,390
tân liễu,390
tả giàng phìn,390
tả thàng,390
tịnh hà,390
vạn xuân,390
abate deus djaeyes d’ on côp d’ warokea,390
be bét,390
bão táp,390
bét be,390
hừm,389
ford,389
brazil,389
nại,389
krypton,389
dunbar,389
find,389
lụa,389
dĩa,389
láng,389
ngơ,389
dog,389
cam bốt,389
chiềng chăn,389
cò sung,389
giáp bát,389
nhiếc móc,389
quảng ngạn,389
quảng trạch,389
sầm sơn,389
tân điền,389
tả lèng,389
vĩnh hiếu,389
vĩnh nhuận,389
bó té,389
bô bá,389
bạch cương tàm,389
bế mạc,389
bồi yến,389
bồi đắp,389
triệt,388
vắt,388
xẻ,388
tã,388
chừa,388
ngoạn,388
kg,388
rạng,388
miss,388
hell,388
samurai,388
mọt,388
bế triều,388
bỉm sơn,388
chu hoá,388
chư đăng ya,388
cồn cỏ,388
phú xuân,388
quảng khê,388
quảng nam-đà nẵng,388
quảng ngãi,388
quảng nhâm,388
san sá hô,388
sơn diệm,388
sơn trạch,388
thuỵ sơn,388
thạch hoá,388
thụy lâm,388
tân hoà,388
tân thịnh,388
vân khánh,388
xuân phú,388
bào xoi,388
bão chủa,388
bể cạn non mòn,388
crowley,387
xao,387
phồng,387
guys,387
ngụ,387
crassus,387
grand,387
rôi,387
min,387
chùm,387
luồng,387
mama,387
khốc,387
mút,387
khoáng,387
ngòi,387
ngâm,387
williams,387
stop,387
đùng,387
nan,387
chuốc,387
rãnh,387
chiềng hắc,387
cát hưng,387
cú dề xừ,387
hà gặt,387
nhơn sơn,387
quới sơn,387
quỳnh sơn,387
song khê,387
sơn thuý,387
sơn thúy,387
sơn đoòng,387
thúy sơn,387
thới sơn,387
vy hương,387
xạ phang,387
biếu ngữ,387
búp bê,387
bưu thiếp,387
bẻ khoá,387
bệ rạc,387
bỏng lãi,387
cam chỉa,387
đon,387
gates,386
trọc,386
niêm,386
ói,386
frankenstein,386
bô,386
gara,386
nasa,386
cồn,386
ever,386
ngủi,386
gân,386
bến thuỷ,386
cát chánh,386
cát khánh,386
cù vân,386
cẩm ân,386
tam phú,386
thạch đà,386
tràng cát,386
tà củ tỷ,386
vân kiều,386
vĩnh phước,386
xuân phổ,386
bá vơ,386
bó bột,386
bút mực,386
bệ thiều,386
bồ hóng,386
bột bắp,386
cam tuyền,386
ngoãn,385
chappie,385
lấn,385
khiêng,385
chòng,385
hold,385
ráp,385
lăm,385
dãi,385
chậu,385
rợn,385
nể,385
xua,385
diều,385
trẫm,385
rìa,385
live,385
ấp,385
cam đuờng,385
chấn thịnh,385
thuỷ xuân,385
vĩnh cửu,385
xuân lũng,385
xuân thuỷ,385
ya krông bông,385
bá tánh,385
bóp nghẹt,385
bạch phiến,385
bột giặt,385
bụi rậm,385
cam nhông,385
sub,385
cỏi,384
lavigne,384
bon,384
mặp,384
stannis,384
cháo,384
axit,384
xơi,384
choi,384
laptop,384
mài,384
xạo,384
sài,384
light,384
bù nho,384
cam cọn,384
giáp tý,384
huệ viễn,384
thuỵ hà,384
thạc gián,384
thạch phú,384
thạch xá,384
thụy tân,384
thụy điển,384
tân mộc,384
tân nhai,384
vân tảo,384
xuân chinh,384
xuân khao,384
ao lâm,384
bac hà,384
bóp méo,384
bưu thiệp,384
cam lòn,384
giẹp,384
môt,383
củng,383
dột,383
mẹo,383
chánh,383
inch,383
đốm,383
zeus,383
playing,383
golf,383
sạc,383
gas,383
cm,383
lothbrok,383
chư ngọc,383
cát lũy,383
dĩnh ngộ,383
kháng bung,383
kháng hốc,383
nhuận phú tân,383
việt hoà,383
vân diên,383
buông lơi,383
bông bụp,383
bảng lảng bơ lơ,383
bồ ngót,383
ừa,382
tràng,382
boom,382
thạo,382
hercules,382
nzt,382
lim,382
bênh,382
thiền,382
ngặt,382
mạt,382
people,382
hall,382
mean,382
chùa,382
lìa,382
đới,382
cát trù,382
cẩm vĩnh,382
hoành tân,382
quắc hương,382
thuỵ vân,382
vĩnh thọ,382
xuân hoà,382
xuân thịnh,382
xà phìn,382
buông tuồng,382
bá láp,382
bá ngọ,382
bông lơn,382
bổ phế,382
qui,382
igt,381
satan,381
rậm,381
goku,381
khâm,381
huyệt,381
euro,381
sushi,381
nhũng,381
top,381
bông krang,381
chợ điền,381
ngũ sài,381
thuỵ hương,381
thọ lâm,381
tràng phái,381
tân duyệt,381
vĩnh hưng,381
xích bích,381
buông thõng,381
bá trạo,381
bách bổ,381
bê tông cốt thép,381
bông bụt,381
quạt,380
chao,380
jj,380
giàn,380
ngỗng,380
rượt,380
suôn,380
kíp,380
tạt,380
clip,380
ngửa,380
núm,380
chambers,380
bích,380
bền,380
soái,380
cát nê,380
ghép liễu,380
mù cang chải,380
suối tân,380
tam hoà,380
tam ngô,380
thạnh hoà sơn,380
trâu quỳ,380
tân lân,380
việt khái,380
vĩnh chánh,380
vạn phú,380
xuân lam,380
bèo dâu,380
bướm ong,380
quẩy,379
bít,379
mafia,379
uốn,379
harvard,379
lít,379
bolton,379
phác,379
cát hanh,379
gối hàm đan,379
quế lâm,379
thạch khôi,379
thạch điền,379
thụy việt,379
uy nỗ,379
vĩnh khánh,379
vĩnh lộc,379
báng bổ,379
bạch tạng,379
bốc phét,379
bụi bặm,379
je,378
strange,378
ku,378
xay,378
blah,378
mcgill,378
murdock,378
cúm,378
nhõm,378
titan,378
mùt,378
khánh,378
thúi,378
thệ,378
chướng,378
tơi,378
translator,378
bộn,378
woman,378
rà,378
hacker,378
xáo,378
cí,378
google,378
trơ,378
metro,378
lộc,378
al doilea război mondial,378
chiềng muôn,378
cát nhơn,378
cẩm ngọc,378
kháng dống,378
tháp nhạn,378
thạch hoà,378
thọ ngọc,378
thụy xuân,378
xuân đan,378
bôt mì,378
bú cu,378
bạch yến,378
bợ đít,378
cai thầu,378
sun,377
sảng,377
bạt,377
jerusalem,377
club,377
great,377
trỗi,377
rùng,377
nothing,377
khét,377
soda,377
cày,377
nanh,377
ưi,377
iraq,377
bách việt,377
cẩm tân,377
tam xuân ii,377
thọ tân,377
trương huệ,377
tân thọ,377
tứ cường,377
tỷ dực,377
arlô tăm,377
bốc nhác,377
bột chiên,377
hayes,376
sexy,376
gập,376
peabody,376
nhót,376
túm,376
colorado,376
yu,376
vớt,376
ceo,376
std,376
nặc,376
thoi,376
chịch,376
quật,376
ghim,376
cường thịnh,376
hằng thuỷ,376
tân hưng,376
vạn thuỷ,376
xá aỏi,376
xá côống,376
xá pươi,376
xá xeng,376
xá xúa,376
bổ khuyết,376
hót,375
ganh,375
radar,375
tẹo,375
quát,375
ngáy,375
ngẫm,375
ăc,375
te,375
venice,375
mầm,375
keep,375
air,375
lùa,375
snart,375
hoi,375
sút,375
allah,375
quế,375
găm,375
camelot,375
át,375
rẩy,375
chín muồi,375
hán việt,375
mỏ cày,375
nau vay rơh bar,375
si tô,375
tân chánh,375
tân khánh,375
tùng lộc,375
xuân phước,375
xá dâng,375
bích ngọc,375
bần hàn,375
bắp đùi,375
bẻ liễu,375
job,375
mứt,374
thiến,374
tuco,374
tịnh,374
xỉu,374
cợt,374
fnhobo,374
link,374
vò,374
copy,374
trầy,374
mễ,374
mcclane,374
thing,374
tuý,374
kị,374
cán chu phìn,374
lào bốc,374
quế tân,374
sì lờ lầu,374
tân lộc,374
a-i két,374
bút chì,374
bạch oan,374
mak,373
chéo,373
chiêm,373
gặm,373
ẩu,373
oxford,373
place,373
khuấy,373
ria,373
le,373
heroin,373
mảng,373
chẽ,373
sen,373
phớt,373
vượng,373
ni,373
rèm,373
winchester,373
sanders,373
sục,373
lả,373
bai,373
linderman,373
bến củi,373
cửu giang,373
lư san,373
tam phước,373
tân kiều,373
tứ trưng,373
vĩnh trạch,373
vạn hoà,373
xích thố,373
bo xì,373
bạch cúc,373
bạt thiệp,373
bọ rầy,373
bộc bạch,373
vienna,373
reynolds,372
trụy,372
vằn,372
khiếm,372
lord,372
grey,372
nốc,372
hăm,372
uh-oh,372
vung,372
mốt,372
bàu cạn,372
chợ lách,372
co mạ,372
hán giang,372
vĩnh qúy,372
vĩnh thới,372
xá khao,372
am mây,372
bún đậu mắm tôm,372
bền vững,372
bọ que,372
bồn chồn,372
bột lọc,372
bói,371
hên,371
muỗi,371
martini,371
fire,371
peeta,371
nịnh,371
first,371
mm-hm,371
phà,371
dừa,371
uỷ,371
chạp,371
dìm,371
po,371
giục,371
lẳng,371
guitar,371
bàu lâm,371
giơ lâng,371
quỳnh lâm,371
thuỵ lâm,371
tân khánh hoà,371
tân phượng,371
tân sỏi,371
tân trịnh,371
vĩnh hựu,371
vĩnh khê,371
vĩnh quới,371
vĩnh quỳnh,371
vĩnh thạnh,371
xá cẩu,371
bê ana,371
bọ rùa,371
xuồng,370
much,370
e-mail,370
nhộn,370
dumbledore,370
dance,370
philly,370
lì,370
chapman,370
gao,370
tít,370
rong,370
sanchez,370
fisk,370
tru,370
vy,370
phộng,370
prentiss,370
rắm,370
càn,370
blog,370
ngẩng,370
langley,370
loanh,370
dude,370
hời,370
nà hang,370
việt hưng,370
vầy nưa,370
xuân cẩm,370
xuân thọ,370
xước cảng,370
yến chu,370
biện oan,370
bành tô,370
béo bở,370
bướu giáp,370
bột ngô,370
bẽ,369
cụm,369
dicaprio,369
pop,369
tennis,369
pepper,369
vatican,369
chè,369
chầu,369
xẻng,369
trội,369
ii,369
thọc,369
bull,369
ash,369
nghẹt,369
pharaoh,369
geller,369
thằn,369
phắn,369
naples,369
metatron,369
high,369
chủng chá,369
cáp nhĩ tân,369
dã hạc,369
lào cai,369
thuỷ liễu,369
tân huề,369
xuân bái,369
xuân hưng,369
shakespeare,368
chòm,368
nọc,368
đản,368
end,368
linc,368
sò,368
data,368
bishop,368
cai lậy,368
cẩm giang,368
tân khang,368
bách hoá,368
bùn non,368
bạch tuộc,368
bột nở,368
bỡ thiếp,368
file,368
vệt,367
fax,367
sầu,367
floki,367
aye,367
yoga,367
chảo,367
morphine,367
herbie,367
trc,367
x-quang,367
quế xuân,367
thạch hãn,367
thạch khoán,367
tân phước hưng,367
tân trạch,367
tú quận,367
xuân khánh,367
xuân lộc,367
xuân quế,367
acid béo,367
bó trát,367
bón lót,367
bút chổi,367
bột đao,367
cai cuổn,367
tho,366
út,366
subtitle,366
rossi,366
biêt,366
tusk,366
vo,366
sâm-banh,366
try,366
chan,366
xổ,366
online,366
ngả,366
tròng,366
vũng,366
sparta,366
teo,366
iron,366
nới,366
tèo,366
phẫn,366
times,366
chaney,366
lảm,366
knocking,366
moore,366
cmn,366
tựu,366
phím,366
brick,366
side,366
chợ rã,366
co tòng,366
ngọc lặc,366
nhơn tân,366
nùng tùng slìn,366
phú nhuận,366
quỳnh ngọc,366
quỳnh tân,366
tam hưng,366
thuỵ tân,366
tân nhựt,366
tân thới,366
tùng khê,366
tả ngải chồ,366
tả sìn thàng,366
việt kiều,366
bơ ruôi,366
bạch hạc,366
bề bộn,366
usd,365
vitamin,365
vấp,365
help,365
thóc,365
nhút,365
pound,365
hoffman,365
logic,365
point,365
cạp,365
giẻ,365
bần,365
gin,365
liêu,365
hen,365
bíp,365
xém,365
ập,365
arkham,365
mon,365
nang,365
poe,365
thình,365
pope,365
cage,365
wa,365
sokka,365
phịch,365
chộp,365
bến tre,365
thạch cẩm,365
thạnh tân,365
tân bửu,365
tân kiểng,365
tân lỹ,365
tân ngãi,365
tân pheo,365
tân phước khánh,365
tân quới,365
tô mậu,365
tịnh giang,365
vạn phước,365
beo béo,365
bàng ien,365
béo núc,365
bặt thiệp,365
bổ mí,365
bớt xén,365
lữ,364
saint,364
tráo,364
bựa,364
gu,364
mulder,364
tem,364
cabin,364
kè,364
bát nàn,364
chày sương,364
chợ chùa,364
suối nho,364
tam lộc,364
thạch hưng,364
tân thới nhì,364
tô hạp,364
abhai ka xé,364
bóc lột,364
bù đắp,364
bút bú,364
bắp cày,364
deacon,363
xù,363
vọt,363
gyeon-woo,363
diggle,363
sugar,363
hotchner,363
ui,363
nhấm,363
lynch,363
thím,363
lết,363
petrov,363
move,363
ngán,363
điểu,363
toái,363
album,363
bừng,363
tưới,363
karate,363
phỉ,363
mịa,363
nhả,363
kén,363
boxing,363
bướng,363
cairo,363
nemo,363
argh,363
cửu vạn,363
dực thúy sơn,363
thuần hưng,363
thọ cường,363
bát croaq,363
bát nhuam,363
bèo ong,363
bê bết,363
bạch ngạch,363
ctu,362
columbia,362
tỏi,362
hằn,362
nhe,362
bẩy,362
laser,362
lòi,362
cocaine,362
mền,362
rao,362
mụn,362
churchill,362
đuợc,362
scotch,362
labs,362
giun,362
hàm đan,362
luân đôn,362
xuân khanh,362
xá đôn,362
bắp rang,362
banks,361
mủ,361
peterson,361
rang,361
nhẹn,361
lady,361
mind,361
party,361
ireland,361
tyrion,361
xiên,361
id,361
jenkins,361
phét,361
heathcliff,361
chần,361
hói,361
hyah,361
ripley,361
kiều,361
nham,361
khải,361
quyệt,361
kẻo,361
put,361
khánh kỵ,361
lạng giang,361
phật đản,361
thuần lộc,361
akăi tro,361
bến đò,361
bọ cạp,361
cùi,360
yếm,360
cằm,360
chập,360
boa,360
bingley,360
samaritan,360
bợm,360
jensen,360
đạm,360
yay,360
cùi chu,360
hà nhì cồ chồ,360
hố nai,360
phú bổn,360
xuân khang,360
ang arương,360
ang savứq,360
bã bời,360
bó giò,360
bù lu bù loa,360
hủ,359
gãi,359
vơ,359
queens,359
interpol,359
things,359
bân,359
vòm,359
mửa,359
giêsu,359
protein,359
lửng,359
skynet,359
cocktail,359
ngụm,359
diếm,359
hills,359
nài,359
butler,359
méo,359
sôcôla,359
quế cường,359
thuỵ việt,359
thụy liễu,359
xuân trạch,359
xuân áng,359
bó vỉa,359
bông mả nọi,359
guột,359
hun,358
xở,358
hẽm,358
cersei,358
mị,358
vs,358
rô,358
last,358
ark,358
fisher,358
gàng,358
wheeler,358
shrek,358
thò,358
hùm,358
lụt,358
batiatus,358
tành,358
bến nghé,358
hiển khánh,358
thuỵ xuân,358
adơaih soi,358
aṅ el ta-nyô,358
bùng bùng,358
băl han,358
bấy chày,358
bột gạo,358
thún,358
vấy,357
dòm,357
gò,357
rv,357
tạc,357
mướn,357
gcpd,357
dvd,357
westeros,357
sành,357
frost,357
dzậy,357
sparrow,357
thă,357
măng,357
nện,357
appa,357
katara,357
four,357
russo,357
lúng,357
castiel,357
phách,357
scully,357
proctor,357
indy,357
phài,357
bốt,357
nho quế,357
nhị bách,357
quỳnh xuân,357
vạn hưng,357
xuân nộn,357
bọ chét,357
bột tẻ,357
phì,356
tequila,356
phao,356
yankee,356
dă,356
lừng,356
kha,356
cça,356
lã,356
râm,356
xược,356
hermione,356
kẽ,356
xướng,356
maroni,356
lụy,356
thạnh xuân,356
trầm lộng,356
xuân khê,356
xuân thạnh,356
bách diệp,356
bó rọ,356
bỉnh bút,356
sulu,355
lụi,355
đuốc,355
panh,355
mọn,355
nhăng,355
olympic,355
dj,355
tango,355
scylla,355
nôi,355
nấc,355
en,355
borg,355
đù,355
darhk,355
ahem,355
cụng,355
thât,355
boss,355
uế,355
dép,355
bón,355
baymax,355
stevens,355
cộ,355
baratheon,355
umbrella,355
xiềng,355
chánh phú hoà,355
cẩm phú,355
quỳnh giang,355
tà bhing,355
tà hine,355
tà pơơ,355
tà xùa,355
vạn khánh,355
bơ neo,355
bề tlên,355
bột mỳ,355
bit,354
xãy,354
dẫu,354
inhuman,354
mercedes,354
vip,354
gandalf,354
opera,354
rahl,354
gội,354
tns,354
ráo,354
saiyan,354
thùy,354
cọp,354
ngố,354
bẻ quế,354
cẩm xá,354
giang yêm,354
hươu tần,354
nhơn ái,354
nùng giang,354
phú thọ,354
thạch thán,354
thọ phú,354
tràng đà,354
ao chuồng,354
bẻ bai,354
hallelujah,353
ỉa,353
duệ,353
tre,353
zero,353
bành,353
targaryen,353
chợp,353
q,353
lõa,353
nhấp,353
beach,353
tột,353
state,353
luồn,353
ngưu,353
after,353
doctor,353
tuốt,353
cự khê,353
quận cồ,353
quỳnh tam,353
thốt nốt,353
bù xù,353
bịt bùng,353
bồn trũng,353
cay nghiệt,353
cruchot,352
heights,352
play,352
grodd,352
foot,352
cutter,352
dollar,352
rặn,352
poker,352
hê,352
care,352
break,352
mẫn,352
pacquiao,352
nhoáng,352
super,352
sấy,352
xám khôống,352
bể phốt,352
bột mài,352
thiêm,352
hựu,352
doi,352
thcs,352
noãn,352
tràm,352
nậm,352
phèn,352
hđnd,352
nsưt,352
riềng,352
tw,352
thiều,352
anti,352
nakamura,351
debs,351
ruồng,351
sully,351
vảng,351
ke,351
fury,351
mãng,351
dè,351
ace,351
hắt,351
wickham,351
mui,351
chác,351
ghul,351
roll,351
nơ,351
ắt,351
durant,351
tâu,351
cù,351
máng,351
tâng,351
vẹt,351
thốn,351
dẻ,351
case,351
thâu,351
borgia,351
côn lôn,351
kê khang,351
phú khánh,351
phú lộc,351
tràng xá,351
tông bạt,351
bù hao,351
tợn,350
champagne,350
giẫm,350
chiết,350
ngo,350
bs,350
phiếm,350
ngóng,350
khóe,350
khánh thạnh tân,350
quế phú,350
quỳnh thạch,350
suối bàng,350
thạch khê,350
thạch quới,350
tông đản,350
vạn giã,350
armas de destrucción masiva,350
hodor,349
bẹp,349
thục,349
thorn,349
rogers,349
chừ,349
dấn,349
mó,349
giương,349
hao,349
limo,349
hẻo,349
lình,349
hám,349
lockwood,349
tẩm,349
bowling,349
steroid,349
nếp,349
panama,349
feeling,349
chận,349
rơm,349
et,349
pakistan,349
lải,349
rẫy,349
răn,349
head,349
fu,349
best,349
hợm,349
va-li,349
chăn nưa,349
sập vạt,349
sủng tráng,349
bầy nhầy,349
sáp,348
chocolate,348
zombie,348
bolt,348
nyssa,348
drazen,348
lư,348
nghẽn,348
ahhh,348
creek,348
lỏi,348
optimus,348
pinkman,348
simba,348
mặn,348
main,348
medici,348
nung,348
nhải,348
hlv,348
superman,348
tris,348
chiềng lề,348
cò nòi,348
suối ngô,348
viêng chăn,348
béo nung núc,348
bôi trơn,348
bợ,347
ziggy,347
í,347
verde,347
giò,347
orc,347
ú,347
mt,347
wrong,347
lở,347
bates,347
tì,347
gone,347
tuộc,347
archer,347
bellick,347
xúi,347
lọi,347
zuko,347
xát,347
moriarty,347
kình,347
ờm,347
garage,347
rói,347
italy,347
xó,347
bass,347
crazy,347
mcqueen,347
gạc,347
thốt,347
ge,347
klingon,347
nháp,347
schmidt,347
ngách,347
trướng,347
ass,347
odin,347
chiềng ken,347
cẩm điền,347
khiết đan,347
thới tam thôn,347
bầy hầy,347
bột nếp,347
gien,347
master,346
colonel,346
muỗng,346
nhể,346
bones,346
lake,346
die,346
nu,346
seoul,346
chíp,346
boyle,346
falls,346
thoa,346
keller,346
tà chải,346
tà dưng,346
tát ngà,346
bùn lầy,346
bồng bột,346
tong,345
stalin,345
pao,345
jr,345
greene,345
trăn,345
tuấn,345
tía,345
rét,345
fusco,345
name,345
đâ,345
nệm,345
kếp,345
cd,345
beta,345
đọa,345
bellamy,345
st,345
xào,345
nấng,345
teen,345
hây,345
kind,345
rọi,345
bồng,345
vulcan,345
elderman,345
sỏi,345
tesla,345
cù tê,345
sen thuỷ,345
bac đãi,345
bàng thính,345
bột kẽm,345
loki,344
toan,344
trĩ,344
listen,344
future,344
ĩ,344
cõng,344
gamma,344
luộc,344
đă,344
phai,344
toả,344
oi,344
hard,344
nhừ,344
hoán,344
bank,344
lost,344
masters,344
meta-human,344
phô-mai,344
thạnh hoá,344
trịnh xá,344
vạn trạch,344
bong đíp,344
bù khú,344
website,343
yale,343
true,343
gả,343
burger,343
hit,343
tour,343
gán,343
váng,343
đọ,343
hốc,343
friends,343
blu,343
khuynh,343
giếm,343
ngáng,343
lác,343
rích,343
phung,343
cẩm thịnh,343
lê lếch,343
tú thịnh,343
vần chải,343
xá bung,343
buồng thêu,343
bậy bạ,343
hứ,342
ngỏ,342
skeeter,342
bingo,342
nazca,342
fall,342
kỉnh,342
đặn,342
láu,342
lún,342
giềng,342
mao,342
burke,342
taub,342
start,342
trans,342
ròng,342
giã,342
weaver,342
lặt,342
gàn,342
dóc,342
cuống,342
rambo,342
mác,342
mardon,342
albuquerque,342
mè,342
trớn,342
pải,342
stamper,342
andrews,342
phình,342
cool,342
real,342
phượng,342
hĩnh,342
saw,342
tòng,342
ten,342
turn,342
bát mọt,342
thịnh hưng,342
tứ chánh,342
bù tọt,342
bỗng dưng,342
booth,341
death,341
sảy,341
malick,341
băm,341
post,341
vếu,341
rum,341
nao,341
rings,341
kung,341
bát tràng,341
chư hmu,341
chư hreng,341
chư krêy,341
chư né,341
chư rcăm,341
cẩm phô,341
diên phú,341
sừng trâu,341
tà lu,341
vạn thạnh,341
bát chậu,341
bươn lạp,341
bẻ họe,341
thêu,340
kibo,340
wu,340
hachi,340
topper,340
ka,340
horton,340
uhh,340
huýt,340
gatsby,340
alabama,340
lopez,340
quào,340
minion,340
ya,340
cross,340
rourke,340
lũy,340
vượn,340
khay,340
tarzan,340
ts,340
bích hoà,340
bùi xá,340
phùng xá,340
quăng thoi,340
thọ lam,340
bẽ bàng,340
bột sắn,340
nypd,339
mỉ,339
thorne,339
athelstan,339
lứa,339
mầy,339
cn,339
pittsburgh,339
sên,339
kitô,339
set,339
beck,339
whisky,339
nhún,339
nhái,339
tẫn,339
vi-rút,339
minds,339
dad,339
dạt,339
boov,339
tấc,339
cuốc,339
rít,339
caspere,339
pike,339
cohen,339
hấn,339
matthews,339
côa,339
machete,339
giòn,339
toạc,339
capua,339
tịnh hoà,339
xuy xá,339
après moi le déluge,339
bát bai,339
bát bai phuôm,339
bơ vơ,339
cay đắng,339
swat,338
dùi,338
galavan,338
thóp,338
winstone,338
atm,338
mycroft,338
must,338
đóa,338
uổng,338
ẻo,338
cogburn,338
hawk,338
singh,338
kềm,338
vỉa,338
níu,338
gold,338
freeza,338
once,338
cảo thơm,338
mứn xen,338
thuỵ phú,338
thịnh lộc,338
yết kiêu,338
bặt tăm,338
bừa phứa,338
quách,337
ishaan,337
summers,337
gòn,337
ahn,337
giông,337
thuở,337
trịnh,337
unh,337
ủa,337
võng,337
bullock,337
diaz,337
thìa,337
thé,337
tuông,337
lẻo,337
kill,337
sồi,337
abbott,337
chửng,337
chiềng ngần,337
nhơn phú,337
quỳnh phú,337
xá hộc,337
xá qủy,337
dỏm,336
ghẹo,336
hóc,336
michaels,336
nobita,336
hook,336
giũ,336
giựt,336
lagertha,336
speaking,336
adrenaline,336
héo,336
sám,336
amsterdam,336
own,336
ngà,336
bỉnh,336
xía,336
waller,336
brighton,336
sforza,336
nice,336
kẽm,336
costa,336
uyên,336
khố,336
tánh,336
hagrid,336
hara,336
óng,336
travers,336
hulk,336
believe,336
coca,336
huơu tần,336
quỳnh xá,336
thạnh phú,336
bã trầu,336
bôk pho,336
búa xua,336
bỗ bã,336
hobbit,335
lủng,335
khong,335
thong,335
okja,335
shot,335
lọng,335
vơi,335
hn,335
scarlet,335
sô-cô-la,335
bở,335
tywin,335
dutch,335
khaleesi,335
peck,335
callahan,335
bloom,335
bran,335
khắt,335
miệt,335
muñn,335
fischer,335
ghẻ,335
nash,335
nghịch ngợm,335
buồng khuê,335
rhodes,334
mills,334
american,334
came,334
suv,334
bục,334
trớ,334
mom,334
mâm,334
bangkok,334
hancock,334
lằng,334
sharp,334
dent,334
kutner,334
chèn,334
vandal,334
xửa,334
hó,334
lạng,334
thỏi,334
swagger,334
sín chải,334
thụy hưng,334
xín chải,334
ao chuôm,334
ao cừi,334
ao dlông,334
ao pơđao,334
ao rôt kui,334
giăng,333
ungh,333
blondie,333
clary,333
dorne,333
khăm,333
khước,333
mõm,333
liếc,333
sệt,333
chekov,333
mào,333
enterprises,333
au,333
kiêm,333
đên,333
iàm,333
cáng,333
nhọ,333
ḿnh,333
vồng,333
dệt,333
nhẽo,333
mùng,333
sụt,333
ngợm,333
root,333
les,333
winter,332
giễu,332
lởm,332
ew,332
iại,332
dầm,332
hừ,332
kưng,332
friend,332
arya,332
wales,332
muirfield,332
mail,332
omega,332
sẳn,332
bean,332
briggs,332
thòng,332
dái,332
ló,332
jedi,332
ferrari,332
nhột,332
talk,332
haha,332
bàu hàm,332
nhĩ chước,332
ata kông,332
bưu chánh,332
chũi,331
mooney,331
xấp,331
peru,331
khẽ,331
grunting,331
mề,331
ẻm,331
tribbiani,331
national,331
criminal,331
nhuệ,331
bung,331
gẫy,331
union,331
agh,331
nhoi,331
atom,331
golden,331
nần,331
wilkes,331
ran,331
ché,331
tanh,331
cambridge,331
đun,331
daenerys,331
gaines,331
murph,331
road,331
oanh,331
asgard,331
ss,331
carver,331
richards,331
hendricks,331
nguời,331
porsche,331
nhan,331
đay,331
translate,331
iceman,331
hẵng,331
rạn,331
kép,331
suối nánh,331
biền ngẫu,331
bát dật,331
khoanh,330
nhàn,330
indiana,330
gru,330
seo,330
shake,330
groot,330
rước,330
machine,330
ngấm,330
sọc,330
ù,330
hogwarts,330
hã,330
amberle,330
rooster,330
cẩm nhượng,330
sảng mộc,330
thuỷ biều,330
been tróh,330
bách hí,330
gé,329
cobb,329
tấu,329
carbon,329
lẩm,329
beowulf,329
prime,329
rận,329
mercia,329
jfk,329
far,329
aurens,329
plaza,329
ngỏm,329
told,329
kaiju,329
haiti,329
khuỷu,329
quai,329
kenshin,329
ecbert,329
ruộng,329
micro,329
ảm,329
liễu nhữ,329
thuỵ liễu,329
tà nung,329
bo bíu,329
bong gân,329
bơ phờ,329
ip,328
ngấy,328
hu,328
brandt,328
round,328
sarang,328
boys,328
hopkins,328
dạn,328
đag,328
tuýp,328
wá,328
salad,328
credit,328
vietnam,328
joker,328
toát,328
cé,328
woa,328
reddington,328
nghẹn,328
sea,328
gừ,328
tẩn,328
kramer,328
trợn,328
costello,328
nghiến,328
scooby,328
háng,328
usb,328
phụng thiến,328
rô men,328
tà trĩ,328
táy khao,328
om,327
gặt,327
encoder,327
jupiter,327
cũi,327
giê-su,327
laze,327
lauda,327
maximus,327
đong,327
django,327
xỉa,327
dụt,327
alvarez,327
chằng,327
hũ,327
luyến,327
force,327
madrid,327
đèo,327
hamburger,327
viêc,327
ngòai,327
frey,327
planet,327
unsullied,327
junior,327
chiềng cọ,327
tà phình,327
bành ki,327
bóc tem,327
bơ lạt,327
lot,327
hd,326
pi,326
rát,326
hawkins,326
whitehall,326
ãn,326
yah,326
malley,326
thorin,326
đơ,326
gẫu,326
blade,326
thun,326
phả,326
gibson,326
tuếch,326
mendez,326
biff,326
scorpion,326
nguyễn,326
yard,326
stress,326
suối bu,326
búp báp,326
bền bỉ,326
bủn xỉn,326
atlantic,325
barrow,325
fuller,325
noi,325
disney,325
phường,325
carlisle,325
meereen,325
augie,325
hờ,325
hổi,325
vãng,325
village,325
nhác,325
room,325
chat,325
holt,325
sound,325
business,325
dật,325
dark,325
quàng,325
ngừ,325
code,325
check,325
bam,325
trọt,325
sặc,325
quới điền,325
bhâp nhăn,325
bát nháo,325
bọng đái,325
crane,324
xê,324
xâu,324
toretto,324
puma,324
mink,324
sỉn,324
nheo,324
chét,324
renly,324
doe,324
corrected,324
tuck,324
lucifer,324
khanh,324
vênh,324
ngùng,324
gở,324
ròi,324
cau,324
trối,324
pa,324
ghiếc,324
atlantis,324
ngỡ,324
valley,324
fring,324
hess,324
rancho,324
heil,324
gibbons,324
special,324
quày,324
fe,324
hú zhìmíng,324
quế phước,324
quọ quậy,324
thuỵ hoà,324
trảng bàng,324
bĩ bàng,324
socola,323
phào,323
sỡ,323
full,323
aspirin,323
úi,323
schrader,323
bĩnh,323
zậy,323
z,323
dáy,323
skipper,323
ja,323
fogg,323
mace,323
cảu,323
princeton,323
quẹt,323
kham,323
cotton,323
car,323
ngóc,323
melman,323
nhè,323
suối thầu,323
thới hoà,323
tà rụt,323
vách quế,323
ang áng,323
ao amăng lăm,323
bát ngát,323
bừa bộn,323
yemen,322
cla,322
múi,322
walk,322
nhớt,322
javi,322
gaius,322
mói,322
mad,322
sofa,322
nong,322
crewe,322
chằn,322
mahone,322
hất,322
comanche,322
kilo,322
gestapo,322
mo,322
creasy,322
singapore,322
nhậm,322
healy,322
mirakuru,322
xxx,322
phích,322
cật,322
margaery,322
loras,322
gỉ,322
khuếch,322
yankees,322
bửu hoà,322
nhơn hoà,322
quỳnh hoà,322
thuỵ duyên,322
tà mít,322
boong mầư,322
bát bửu,322
bát nhảo,322
bén gót,322
bôi nhọ,322
băn khoăn,322
banshee,321
dể,321
trù,321
greenland,321
dấy,321
xoăn,321
nhọt,321
baahubali,321
nắn,321
xì-gà,321
nuối,321
babylon,321
whoo-hoo,321
damn,321
vắc-xin,321
goodwin,321
lươn,321
alone,321
ha-ha,321
chệch,321
league,321
xốp,321
đóm,321
theon,321
rùi,321
huỳnh,321
xấc,321
bu đêh,321
chư gu,321
thạnh hoà,321
thịnh đán,321
bu klâu,321
bập bùng,321
jun,321
greyjoy,320
nhằng,320
thirteen,320
tếu,320
dỗi,320
goodman,320
rogue,320
vê,320
smurfette,320
thiếc,320
land,320
rám,320
sucre,320
cỗi,320
suông,320
screaming,320
xiết,320
lét,320
donnelly,320
change,320
baelish,320
cadillac,320
sấp,320
gypsy,320
hâu,320
búa liềm,320
quỳnh côi,320
ang nặm,320
bịt mõm,320
bổng lộc,320
đúp,319
baudelaire,319
darkness,319
hạc,319
bourbon,319
tảo,319
chỉa,319
block,319
luthor,319
strauss,319
conlon,319
khêu,319
ngời,319
abaddon,319
pompey,319
shishio,319
phông,319
insulin,319
bem,319
andré,319
jessup,319
mesa,319
whip,319
rứt,319
theta,319
hăy,319
trờ,319
aha,319
girls,319
hammond,319
spa,319
meechum,319
mượt,319
cặc,319
ngoáy,319
running,319
cẩm đoài,319
tà lài,319
bôn tẩu,319
melly,318
quill,318
vợt,318
nhang,318
aids,318
lives,318
bitch,318
vicodin,318
twitter,318
vuột,318
speed,318
horn,318
drive,318
nịt,318
dothraki,318
bau,318
sheriff,318
iii,318
glades,318
nua,318
nỡ,318
hàu,318
oải,318
bubba,318
memphis,318
myers,318
xóc,318
bbs,318
news,318
hổn,318
foggy,318
voldemort,318
giêng,318
glass,318
subtitles,318
nhẹt,318
editor,318
remember,318
open,318
tà hộc,318
bôi nhếch,318
munich,317
dig,317
touch,317
daily,317
barnett,317
sưa,317
khuy,317
nĩa,317
rĩ,317
kensei,317
rabbit,317
gượng,317
quây,317
mcfly,317
yancey,317
simpson,317
lj,317
ven,317
mải,317
sán,317
stokes,317
tech,317
nhïng,317
mc,317
mên,317
newman,317
obama,317
uther,317
lupus,317
arryn,317
mòng,317
power,317
lõng,317
barcelona,317
eggsy,317
dào,317
huyên,317
tòan,317
nobel,317
pollock,317
wessex,317
nhuận trạch,317
nhạn nhai,317
tà cạ,317
bấy chừ,317
bồng chanh,317
đếu,316
loãng,316
lem,316
essex,316
xắc,316
nhói,316
tura,316
pho-mát,316
mầu,316
laì,316
birch,316
duỗi,316
casino,316
jeez,316
thiển,316
kiếng,316
looking,316
ranger,316
nhại,316
shado,316
gốm,316
derby,316
oái,316
maine,316
cẩm hưng,316
mendoza,315
nách,315
tùm,315
tuôn,315
uss,315
ắng,315
narnia,315
vít,315
stars,315
water,315
hớ,315
sào,315
er,315
leeds,315
yates,315
amazon,315
card,315
ách,315
mẩn,315
nixon,315
mun,315
lênh,315
bướu,315
bưởi,315
timer,315
lự,315
picard,315
moose,315
kubo,315
oắt,315
beaumont,315
tà đảnh,315
bén mảng,315
bươm bướm,315
ảng,315
áy,314
font,314
lum,314
lóng,314
ball,314
liêm,314
víu,314
oldman,314
gardner,314
course,314
riddick,314
hopper,314
thềm,314
echo,314
trying,314
puerto,314
rap,314
vẹo,314
hóng,314
tuồn,314
lơ pang,314
suối rao,314
sín thầu,314
tà hừa,314
tà lèng,314
tà sì láng,314
yến mao,314
bịp bợm,314
gomez,313
wind,313
loét,313
chòi,313
cocain,313
athens,313
wick,313
doraemon,313
seal,313
xàm,313
mormont,313
sit,313
mún,313
barr,313
vertigo,313
jacobs,313
nhòm,313
chuyçn,313
county,313
cẳng,313
studio,313
morra,313
page,313
gừng,313
wild,313
android,313
ỏi,313
ocean,313
tt,313
khạo,313
bring,313
tịt,313
nòi,313
heisenberg,313
under,313
america,313
cut,312
mît,312
lamb,312
yards,312
wall-e,312
paddington,312
cdc,312
soul,312
crusoe,312
dastan,312
meet,312
toại,312
sh,312
hớt,312
mini,312
massage,312
il,312
gym,312
met,312
jamaica,312
vế,312
color,312
singing,312
nichols,312
smoak,312
mance,312
vargas,312
gù,312
ton,312
chiềng dong,312
dong măk,312
kali,312
roma,312
lockhart,311
thẩn,311
danton,311
vẩy,311
baylor,311
papi,311
webb,311
story,311
snape,311
plasma,311
vogel,311
tiger,311
keen,311
ramal,311
ngưới,311
springs,311
worf,311
sirius,311
horus,311
kgb,311
whistler,311
fad,311
tag,311
nhầy,311
scar,311
sum,311
garner,311
nhộng,311
dầy,311
ask,311
rầu,311
nguôi,311
briarcliff,311
rochester,311
w,311
montreal,311
shoot,311
mccoy,311
series,311
khumba,311
cẩm lộc,311
suối tre,311
vàm láng,311
báng dầm,311
nsnd,311
sả,311
chơn,311
pgs,311
dĩnh,311
gio,311
dền,311
cntt,311
info,311
truật,311
vàm,311
iot,311
ndt,311
nùng,311
thuấn,311
lk,311
ns,311
tộ,311
đoài,311
xoan,311
vưu,311
vắc,310
hobbs,310
tink,310
ha-ha-ha,310
mozart,310
norm,310
spartan,310
nhuốm,310
nhãng,310
vóc,310
brothers,310
mía,310
shredder,310
morpheus,310
yakuza,310
paso,310
trek,310
chẻ,310
chảnh,310
đọng,310
patterson,310
tóe,310
campuchia,310
ớn,310
whit,310
hongkong,310
chênh,310
cán khê,310
thọ lộc,310
thụy quỳnh,310
saudi,309
hỉ,309
cọng,309
byrde,309
walking,309
iên,309
button,309
maui,309
chầm,309
holloway,309
boog,309
hanson,309
ngông,309
rocket,309
hão,309
encode,309
goes,309
hungary,309
soren,309
warsaw,309
oai,309
decker,309
airbender,309
lôn,309
trác,309
vát,309
õôc,309
megatron,309
hobbes,309
rốn,309
autobot,309
azrael,309
mustang,309
ăng-lê,309
matter,309
kan hađăch,309
quế thọ,309
thụy khê,309
tịnh thọ,309
xắm khống,309
bô bô,309
au lường,308
bòng bong,308
bầm giập,308
ngủm,307
dồi,307
crying,307
nygma,307
rặng,307
viền,307
sookie,307
charleston,307
rat,307
cloud,307
nộm,307
hớp,307
hột,307
khui,307
rapunzel,307
hut,307
grimm,307
vía,307
bèo,307
chớn,307
dô,307
xới,307
tangles,307
phất,307
gondor,307
pos,307
bender,307
fun,307
banner,307
guốc,307
budapest,307
gang,307
hansen,307
rè,307
mịn,307
megamind,307
mitsuha,307
bon phặng,307
déjà vu,307
sùng phài,307
vu hựu,307
axit đêôxiribônuclêic,307
ellcrys,306
cựa,306
trổ,306
noodles,306
hartley,306
thắm,306
treadstone,306
reaper,306
farmer,306
thụt,306
bridger,306
xức,306
cáy,306
rụt,306
benson,306
lạch,306
lẫm,306
hammer,306
nhõ,306
seven,306
váo,306
mit,306
vụt,306
locke,306
metropolis,306
cash,306
hatter,306
vietsub,306
ngoặt,306
carmichael,306
many,306
steadman,306
gram,306
ai-len,306
joaquin,306
download,306
davos,306
gô,306
hades,306
lợm,306
césar,306
valjean,306
lổ,306
atcu,306
giặc,306
khoét,306
sán chải,306
tú nang,306
blở mạt,306
bùm tum,306
bỉ ổi,306
ringing,305
bowman,305
rover,305
second,305
níi,305
rệp,305
rúc,305
sẩy,305
jareau,305
nottingham,305
turbo,305
hah,305
tahiti,305
sandpiper,305
kẹ,305
nile,305
dà,305
worth,305
higgins,305
quantico,305
kowalski,305
cup,305
chẵn,305
garzooka,305
hờn,305
whitaker,305
kimble,305
everdeen,305
ukraine,305
same,305
trask,305
rạch sỏi,305
thào chư phìn,305
ana kayâo,305
ana kyâo asăr êdah,305
ana kyâo brei mnơ̌ng ƀơ̌ng huă,305
bẹp dí,305
bỉ ngạn,305
trầng,305
thip,304
sarge,304
trồi,304
toét,304
latinh,304
uất,304
chưng,304
horik,304
náy,304
dauntless,304
huề,304
lecter,304
mít,304
quạo,304
giư,304
cop,304
maseo,304
nhạn,304
magic,304
kattegat,304
uranium,304
nhếch,304
múc,304
trệ,304
havana,304
strucker,304
meggie,304
wake,304
ếm,304
galloway,304
nhặn,304
fight,304
fábio,304
bứt,304
à-há,304
negan,304
chiện,304
thui,304
wexler,304
avenue,304
kappa,304
villa,304
normandy,304
suối bau,304
bốt đờ sô,304
self,303
hampton,303
webber,303
ghém,303
hip,303
haku,303
uây,303
thộn,303
klein,303
gvn,303
shock,303
sửng,303
adler,303
sentinel,303
sảo,303
ngợp,303
winn,303
nah,303
cavanaugh,303
siberia,303
ramos,303
chửa,303
guinea,303
hiv,303
pollard,303
thán,303
dubai,303
beirut,303
cent,303
macao,303
atlas,303
graves,303
damascus,303
fly,303
ig,303
vôi,303
templeton,303
tñt,303
iroh,303
dua,303
cẩm duệ,303
oa ngưu,303
bong đạch,303
boong hây,303
cara,303
bong khau cày,302
bì bõm,302
bộn lộc,302
kragle,301
avengers,301
hannlbal,301
stand,301
pk,301
cuội,301
búng,301
dánh,301
javert,301
war,301
olsen,301
dụm,301
danvers,301
balo,301
trip,301
eggs,301
poster,301
sanh,301
ò,301
police,301
nán,301
reacher,301
khít,301
amabella,301
diablo,301
khuây,301
jefe,301
lazarus,301
nành,301
tọc,301
turing,301
hermie,301
hado,301
schultz,301
esposito,301
busan,301
earp,301
temple,301
downey,301
buffalo,301
nãm,301
chư jor,301
chư mố,301
nhĩ khước,301
quế lộc,301
akeal túm,301
bâl nanh,301
bèo bọt,301
bọt bèo,301
weasley,300
hooc-môn,300
húng,300
ừh,300
warden,300
sải,300
sứa,300
medellín,300
nhen,300
steele,300
beto,300
đẩu,300
wooley,300
lupin,300
shotgun,300
bane,300
aj,300
kellerman,300
hhm,300
gột,300
ngýõi,300
jennings,300
chronos,300
leekie,300
khựa,300
móa,300
krueger,300
dế,300
shaggy,300
cox,300
aaah,300
ưm,300
giấm,300
talking,300
đờ,300
sidao,300
steel,300
chư drăng,300
chư pả,300
thạnh phước,300
vượng lộc,300
briêng kung kang,300
bấy chầy,300
thy,300
killer,299
gladiator,299
cheese,299
bít-tết,299
close,299
dex,299
ehome,299
solonius,299
khạc,299
vầng,299
loeb,299
thày,299
fitzgerald,299
craster,299
macallan,299
iv,299
ramanujan,299
toronto,299
ipad,299
nhợt,299
hấu,299
rëi,299
hẵn,299
ga-ra,299
casterly,299
kyoto,299
khướt,299
cook,299
follow,299
nickerson,299
morse,299
phệ,299
bope,299
viper,299
nhựt bổn,299
amăng jang,299
bời bẹ,299
mảng gứng,298
tuấn hưng,298
mự,298
húc,297
part,297
quèn,297
landing,297
horizon,297
hands,297
phẩu,297
waterloo,297
mận,297
phùng,297
saxon,297
secret,297
date,297
congo,297
nhắt,297
hwi,297
vn,297
xén,297
everest,297
ser,297
táp,297
iáu,297
raph,297
barca,297
jimbo,297
chấu,297
tiếu,297
thunder,297
mammy,297
mênh,297
uhura,297
sủng,297
đom,297
grimes,297
dobby,297
đưc,297
yo-han,297
bomb,297
tweet,297
nặn,297
khal,297
nà,297
meo,297
t-bag,297
shadow,297
cincinnati,297
dúng,297
wonder,297
chài,297
mussolini,297
nhôm,297
yến khê,297
portman,296
hwayi,296
buồi,296
lùm,296
hampshire,296
waverider,296
baldwin,296
ải,296
josey,296
ngoi,296
xà-bông,296
josé,296
dyad,296
rommel,296
cap,296
sất,296
đò,296
moana,296
đát,296
vố,296
thrace,296
beethoven,296
tửu,296
thó,296
hoe,296
sỏ,296
lose,296
along,296
bingham,296
waiting,296
grove,296
doss,296
kick-ass,296
newark,296
walden,296
gannicus,296
khuân,296
ngấu,296
building,296
trỏ,296
fi,296
laputa,296
ridge,296
shield,296
cẩm phả,296
nùng phàn sình,296
suối giàng,296
bống báng,296
excuse,295
palm,295
original,295
mọng,295
clough,295
sy,295
lawton,295
càm,295
aelle,295
cougar,295
larkin,295
suyin,295
battousai,295
nazareth,295
sầm,295
outis,295
chuộng,295
lởn,295
mig,295
judas,295
container,295
lisbon,295
coop,295
ahmadi,295
makes,295
granger,295
wars,295
lazlo,295
agent,295
dứa,295
cortez,295
rô-bốt,295
hamlin,295
vani,295
garden,295
devasena,295
kô,295
sim,295
qúy ưng,295
suối kiết,295
sâm khoé,295
uyên hưng,295
chơ ru,294
quế nham,294
tủa sín chải,294
ao bak rơngiao,294
bung bét,294
bú cặc,294
bươn chải,294
bn,293
boat,293
use,293
hawking,293
iq,293
connors,293
cello,293
dzô,293
varys,293
hển,293
gusteau,293
phỉnh,293
rorschach,293
gordo,293
suzuran,293
arms,293
pryce,293
vén,293
vikings,293
palestine,293
gọt,293
lồn,293
minny,293
nhím,293
lóe,293
yểu,293
mirae,293
bakuto,293
sẫm,293
comes,293
haines,293
ện,293
quica,293
kremlin,293
nootka,293
tommen,293
pink,293
biếm,293
shhh,293
aa,293
bưng,293
thorwald,293
livingston,293
catelyn,293
cấn,293
delhi,293
kiệu,293
pilgrim,293
bridge,293
mcdonald,293
tetch,293
taliban,293
goose,293
xo,293
chóp,293
dracula,293
seki,293
acid,293
vegeta,293
phủi,293
diên,293
french,293
mịt,293
loáng,293
drop,293
hầy,293
thracian,293
saunders,293
nhàu,293
dega,293
domino,293
ride,293
nhìu,293
limbani,293
zapata,293
chàm,293
chư yang sin,293
vo troốc,293
bung lụa,293
psi,292
zo,292
quẫn,292
thẹo,292
trườn,292
cộc,292
fry,292
nullah,292
hiu,292
hơ,292
mnh,292
mẫm,292
cobblepot,292
waters,292
mcgee,292
mống,292
drac,292
firestorm,292
parbat,292
xoang,292
bịu,292
stumpy,292
jigsaw,292
tenoch,292
marathon,292
theokoles,292
darken,292
nghê,292
doosan,292
thunderbolt,292
kemp,292
marshal,292
săm,292
ngước,292
albany,292
gandhi,292
baghdad,292
vorenus,292
khập,292
vàn,292
body,292
ké,292
cnn,292
vogler,292
living,292
malfoy,292
seen,292
corleone,292
motors,292
corrigan,292
giẻ triêng,292
biếng nhác,292
bét nhè,292
bíp bjáp,292
biếm hoạ,291
bìm bịp,291
ren,290
thornton,290
bagwell,290
stick,290
strigoi,290
lới,290
salamanca,290
aladeen,290
australia,290
khoả,290
bilbo,290
rú,290
casablanca,290
romulan,290
bush,290
ráy,290
zorin,290
dunne,290
list,290
mission,290
quạnh,290
express,290
hourglass,290
nhẵn,290
chắp,290
ct,290
sọt,290
babi,290
dragon,290
oddball,290
xổng,290
taki-kun,290
uyển,290
đễ,290
mri,290
brussels,290
đỉa,290
zambrano,290
trouble,290
goi,290
stiles,290
rệt,290
ipod,290
fuhrer,290
đỗi,290
cushing,290
sioux,290
luẩn,290
book,290
cookie,290
phèo,290
ðýc,290
yahoo,290
medusa,290
gogh,290
supernatural,290
sñ,290
suối trầu,290
suối tọ,290
trâu qùy,290
băn hăn,290
bẩy chôật,290
india,290
clu,289
iắm,289
bolivia,289
nhúm,289
kiss,289
gaul,289
vởn,289
khang,289
energon,289
lòe,289
míi,289
ring,289
truất,289
mơn,289
raccoon,289
titanic,289
hoover,289
lềnh,289
birkhoff,289
kaulder,289
salt,289
shark,289
downs,289
empire,289
cheering,289
oxi,289
step,289
dặt,289
mát-xa,289
francois,289
allnut,289
riverrun,289
perseus,289
toph,289
school,289
okinawa,289
mương,289
pepes,289
ní,289
chõ,289
umm,289
indian,289
fantômas,289
mann,289
monster,289
smelly,289
goon,289
playboy,289
smitty,289
loomis,289
dìu,289
zac,289
gam,289
chipmunks,289
hưng iên,289
trụy lư,289
a-ứm rang,289
bân khỉch,288
bân ljêêng,288
bén ngót,288
bưởi chùm,288
mích,287
hockey,287
ji,287
groaning,287
bla,287
hec-quyn,287
waco,287
rest,287
riario,287
gadreel,287
jaeger,287
ba-lê,287
albright,287
tulip,287
jeffchang,287
lú,287
weyland,287
control,287
hoât,287
toẹt,287
bùi,287
tốp,287
six,287
chuckling,287
tâp,287
buchanan,287
kingdom,287
giòi,287
nomad,287
cc,287
aaa,287
siggy,287
istanbul,287
mayuka,287
vảy,287
philippines,287
cmnr,287
ukraina,287
khứa,287
mido,287
alzheimer,287
zohan,287
mclovin,287
iu,287
fast,287
spot,287
photo,287
markov,287
denham,287
phé,287
hackus,287
zod,287
cuỗm,287
beauchamp,287
sleep,287
tràng khanh,287
cùn,286
chội,286
olympus,286
aibileen,286
orange,286
nỏ,286
trệt,286
abc,286
walsh,286
thèn,286
tata,286
sparky,286
sñng,286
chavez,286
mg,286
merrin,286
starck,286
bím,286
nớt,286
valance,286
ox,286
click,286
scpd,286
toro,286
mount,286
ôtô,286
tee,286
qúa,286
cctv,286
coke,286
xẹp,286
peters,286
mic,286
xép,286
irish,286
gút,286
ẹc,286
half,286
sún,286
mèm,286
trảm,286
ngõñi,286
brenner,286
mouse,286
rug,286
caligula,286
tarly,286
castor,286
sộ,286
freud,286
spaghetti,286
vietnameseghost,286
isil,286
rostov,286
country,286
hmmm,286
malaysia,286
bặm,286
sâm-panh,286
mường,286
mishima,286
nhớp,286
duluth,286
picnic,286
compton,286
dodge,286
ultron,286
ná,286
assassins,286
hảy,286
dae-su,286
watts,286
mojo,286
faraday,286
mú dí pạ,286
trảo oa,285
ebay,284
hex,284
airbending,284
gorilla,284
blackjack,284
jericho,284
venezuela,284
trừu,284
short,284
đơi,284
rái,284
rọ,284
dẳng,284
standing,284
jorah,284
used,284
episode,284
wilder,284
valhalla,284
bakshi,284
hách,284
film,284
est,284
gipsy,284
disco,284
chuckle,284
sibley,284
bớ,284
mordor,284
bikini,284
nygaard,284
lốn,284
pull,284
front,284
zedd,284
safe,284
conners,284
đựơc,284
muffin,284
minho,284
hauser,284
coì,284
mĩm,284
mckay,284
lể,284
went,284
enigma,284
darrow,284
horse,284
kantmiss,284
nhõng,284
mội,284
io,284
gượm,284
ạh,284
lèo,284
unknow,284
ô-liu,284
spider,284
sến,284
ăng,284
buckingham,284
đt,284
family,284
stacks,284
sosa,284
jt,284
peach,284
fibonacci,284
septime,284
goodnight,284
liềm,284
carnival,284
chiềng en,284
mắng nhiếc,284
sùng nhơn,284
thuý loa,284
bái yết,284
bưng bô,283
hạo,282
kaniel,282
tower,282
decepticon,282
xốt,282
kettleman,282
explorer,282
thorndyke,282
bụp,282
thòi,282
connolly,282
reek,282
thursday,282
phantom,282
viãn,282
ýy,282
earthbending,282
quì,282
chường,282
cuôc,282
chechnya,282
quặng,282
harvie,282
ngáo,282
hewitt,282
maksoon,282
t́m,282
mướt,282
wood,282
hindu,282
ny,282
mass,282
bash,282
fat,282
ln,282
bịnh,282
tej,282
meade,282
clgt,282
whispering,282
tiệp,282
square,282
nuông,282
becke,282
hate,282
sauron,282
nano,282
lannisters,282
kree,282
draco,282
vasquez,282
tenchi,282
tỳ,282
epinephrine,282
mav,282
baggins,282
cầy,282
hủi,282
cicero,282
sands,282
chát,282
tuyền,282
canyon,282
ressler,282
chevy,282
chẵng,282
muggles,282
thớt,282
nhão,282
tú mịch,282
quắc,281
aarav,281
indianapolis,281
gate,281
hart,281
circle,281
pinky,281
trể,281
delaware,281
mccarthy,281
hừng,281
macau,281
late,281
smeagol,281
đủi,281
zeb,281
xuy,281
eagle,281
suyễn,281
small,281
panting,281
kovu,281
lotus,281
buốt,281
arnhem,281
shine,281
tót,281
pge,281
canary,281
gờm,281
creedy,281
catch,281
khiễng,281
knicks,281
richter,281
chuốt,281
zai,281
drogo,281
michonne,281
payne,281
smart,281
seville,281
penkoff,281
đưng,281
scoffs,281
law,281
cứa,281
severus,281
miến,281
gabby,281
siêng,281
sịp,281
raza,281
dunson,281
macdonald,281
azimoff,281
diesel,281
bowl,281
damm,281
zobrist,281
totoro,281
cở,281
yondu,281
lóa,281
bấn,281
sancorp,281
pd,281
jax,281
frankfurt,281
animation,281
wilkins,281
đặng,281
ẵm,281
butterfield,281
lè,281
hk,281
tĩu,281
nariko,281
braavos,281
cutler,281
huntington,281
pita,281
chô mạ,281
thoòng nhằn,281
biền mâu,281
bướng bỉnh,281
noong hẻo,280
tòng sành,280
ada tơi,280
bành trướng,280
bẳn gắt,280
pudding,279
pacific,279
mayonnaise,279
kẹc,279
heroes,279
coffee,279
spike,279
ego,279
đanh,279
hễ,279
gauche,279
fringe,279
sec,279
ye,279
bone,279
chùn,279
hammerschmidt,279
hastings,279
dề,279
fabious,279
aethelwulf,279
atia,279
phileas,279
zì,279
jinx,279
donkey,279
kiev,279
tép,279
ta-da,279
womack,279
prim,279
miyagi,279
phôi,279
gh,279
coffey,279
ắc,279
eyre,279
chyện,279
weir,279
riker,279
whitey,279
haas,279
penn,279
smurf,279
kludd,279
sheeta,279
glock,279
crete,279
borden,279
spade,279
morty,279
blackwood,279
tekken,279
thơi,279
mcmurphy,279
serbia,279
godolphin,279
siletsky,279
kringle,279
vông,279
joyner,279
logo,279
ra-đa,279
dớt,279
eiffel,279
cẩm khê,279
nhơn thọ,279
quỳnh thọ,279
thuỵ hưng,279
bú fame,279
bưng bít,279
bèo sen,278
bú dích,278
gettysburg,277
scoob,277
box,277
vút,277
tời,277
xuyến,277
snowy,277
ín,277
sergeant,277
winters,277
ắp,277
đoản,277
sủi,277
hennessy,277
revie,277
newyork,277
rameses,277
ôxy,277
flass,277
wc,277
eretria,277
president,277
illuminati,277
adaline,277
sheldrake,277
ketcham,277
zira,277
xệ,277
trâm,277
graber,277
genji,277
guyver,277
ay,277
yelling,277
rêu,277
methylamine,277
thạc,277
vista,277
smile,277
oberyn,277
koda,277
keng,277
silicon,277
phóc,277
turnbull,277
bow,277
bằm,277
rọc,277
bết,277
vỉ,277
pay,277
altmann,277
jar,277
kiowa,277
flying,277
ngạnh,277
wants,277
bềnh,277
knight,277
dẽ,277
mob,277
ghệ,277
most,277
server,277
thõa,277
nghành,277
bahamas,277
scandal,277
schwartz,277
cavendish,277
mrx,277
nh́n,277
nhó,277
mạ crom,277
bái xái,277
bòn bon,277
cắc,276
inhumans,276
lòa,276
bim,276
giì,276
gộp,276
phẩy,276
media,276
hể,276
miá,276
beam,276
rạc,276
khõi,276
himura,276
ngoặc,276
lép,276
mercer,276
phập,276
making,276
tintin,276
eiling,276
thompkins,276
ëng,276
watney,276
ottoman,276
badger,276
khuyển,276
lahood,276
diễm,276
elster,276
ramirez,276
sin,276
ăng-ten,276
hrothgar,276
gave,276
gợn,276
denton,276
pass,276
sụ,276
shining,276
chắt,276
émilien,276
keel,276
lympho,276
smurfs,276
aqaba,276
zoé,276
jacksonville,276
gông,276
trust,276
foxtrot,276
poole,276
gỏng,276
tip,276
cape,276
loving,276
lsabel,276
zô,276
đềm,276
kaufman,276
zurich,276
cdo,276
penicillin,276
port,276
kronos,276
syndicate,276
opens,276
nhờn,276
peaches,276
blart,276
gáp,276
hòan,276
karaoke,276
gibbs,276
callaghan,276
juarez,276
petersburg,276
estes,276
ngưi,276
mathison,276
tíc,276
clouseau,276
bye-bye,276
chườm,276
tăn,276
quỳnh hưng,276
vũng liêm,276
bấn bít,276
mili,276
chiềng phung,275
nhơn hưng,275
bập bênh,275
bợm bĩnh,275
hèm,274
station,274
vạ,274
giớ,274
zealand,274
tree,274
lce,274
nhởn,274
soviet,274
kenai,274
kincaid,274
saruman,274
pow,274
hansel,274
hiễu,274
der,274
goldberg,274
shopping,274
chực,274
lốt,274
mumbai,274
giằng,274
ngoảnh,274
beng,274
gờ,274
nhép,274
richmond,274
hippy,274
sởn,274
wilkinson,274
cội,274
sida,274
racoon,274
nhòa,274
heller,274
lancaster,274
magnussen,274
ballard,274
eisenhower,274
bõ,274
fucking,274
moto,274
gasping,274
nhùng,274
bửa,274
mẽo,274
pampinea,274
ronal,274
kids,274
phốt,274
potts,274
charter,274
trumpet,274
al-qaeda,274
bec,274
burdette,274
u-boat,274
starfleet,274
chông,274
deadshot,274
havard,274
crôm,274
harbard,274
anh-điêng,274
thawne,274
walder,274
các-ten,274
mém,274
khương,274
tùi,274
cowboy,274
hair,274
lủi,274
thursby,274
born,274
bấp bênh,274
pà hưng,273
thạnh hưng,273
adék nao nao,273
latte,272
dậm,272
spears,272
cartagena,272
weber,272
lổi,272
belicoff,272
vè,272
oprah,272
arab,272
tủi,272
praha,272
pick,272
mcquaid,272
théi,272
krei,272
dunham,272
càu,272
dôi,272
hamptons,272
gú,272
giggles,272
brother,272
regrets,272
neary,272
csi,272
romania,272
jojo,272
xoàng,272
shilling,272
strickland,272
jeffries,272
đét,272
eph,272
ruiz,272
hopps,272
muggle,272
skull,272
smee,272
stauffenberg,272
dông,272
alps,272
irs,272
sadness,272
indistinctly,272
giãy,272
trót,272
yet,272
monet,272
strong,272
fields,272
crash,272
jonson,272
lsrael,272
gollum,272
lab,272
bleh,272
atticus,272
mả,272
global,272
hamburg,272
nhuyễn,272
cing,272
marsh,272
phồn,272
hogan,272
rugal,272
angier,272
sacks,272
chiềng khay,272
amăng jang jar kmar,272
bộc tuệch,271
bỡn cợt,271
beeping,270
laìm,270
prometheus,270
monterey,270
marseille,270
nhũ,270
bot,270
passepartout,270
walters,270
sloan,270
lãn,270
carrillo,270
kubelik,270
trẽn,270
hieuzozo,270
myrcella,270
oscorp,270
dancing,270
lash,270
cỏn,270
ree,270
schneider,270
saavik,270
springfield,270
marketing,270
smythe,270
mathayus,270
elf,270
watanabe,270
đui,270
chuyn,270
imf,270
pro,270
crown,270
vl,270
blackbeard,270
patton,270
nhô,270
largo,270
xerxes,270
achilles,270
xói,270
stagg,270
kahlan,270
rât,270
bazooka,270
slick,270
ngắc,270
đớp,270
supergirl,270
hurley,270
skinny,270
guantanamo,270
bells,270
mets,270
jingim,270
saint-clair,270
aragorn,270
chọt,270
quite,270
troll,270
prewitt,270
hannassey,270
nẹp,270
xõa,270
pavlichenko,270
gecko,270
chỏ,270
arrr,270
whew,270
vetvix,270
fighting,270
surly,270
morales,270
milos,270
chelios,270
hanzo,270
dunn,270
lestrade,270
clegane,270
foley,270
taison,270
bracken,270
pryor,270
thiu,270
nhựt chánh,270
bing mơi,270
cheo,270
duật,270
nhuế,270
quới,270
khau,270
húy,270
hđqt,270
nxb,270
sính,270
liễn,270
ib,270
bch,270
thuôn,270
xiển,270
đờn,270
brom,270
lợ,270
nghè,270
đbqh,270
bua,270
ths,270
xang,270
bazan,270
btc,270
debut,270
thược,270
cuông,270
gtvt,270
thát,270
asen,270
selen,270
amèrica del nord,269
sủ ngòi,269
hive,268
sướt,268
biếu,268
toanh,268
gí,268
muên,268
natri,268
rựa,268
nhẩy,268
lâi,268
net,268
moucheboume,268
gisaburo,268
toyoji,268
hahaha,268
ballon,268
đung,268
loẹt,268
smoke,268
cell,268
bugsy,268
bed,268
menu,268
xy,268
cheers,268
send,268
clumsy,268
sarcoid,268
queo,268
verone,268
babe,268
band,268
chấy,268
cà-vạt,268
vigilante,268
cacao,268
trojan,268
cappuccino,268
syracuse,268
stalingrad,268
kaito,268
gạ,268
lf,268
xùy,268
diếp,268
hop,268
laden,268
ms,268
toang,268
corbett,268
trọi,268
marsellus,268
dover,268
hubble,268
trằn,268
sắn,268
dominus,268
nitơ,268
gẫm,268
pippin,268
chinesedragonls,268
lovelace,268
tars,268
ặc,268
snack,268
theseus,268
disneyland,268
khấn,268
gum,268
tic,268
chimera,268
haul,268
snake,268
belly,268
perkins,268
xôn,268
n-woo,268
kangaroo,268
strike,268
hến,268
trư,268
different,268
nứng,268
goehring,268
ia tơi,268
nùng cháo,267
goebel,266
england,266
lồi,266
nê,266
háu,266
cà-rốt,266
bòn,266
picasso,266
boeuf,266
goliath,266
griff,266
pratt,266
bulma,266
albania,266
lơi,266
mịe,266
rộp,266
ménh,266
luli,266
turk,266
knox,266
its,266
zaya,266
láp,266
eboshi,266
díu,266
buffay,266
taw,266
lomax,266
pullo,266
barovsky,266
brace,266
úng,266
sũng,266
carrington,266
xèo,266
woah,266
emperor,266
rống,266
drex,266
đn,266
tìn,266
bartleby,266
toorop,266
uhhuh,266
driscoll,266
gambrelli,266
isaacs,266
ibn,266
mercury,266
harker,266
kohl,266
indonesia,266
cohle,266
train,266
benz,266
daksha,266
whittaker,266
bỡn,266
tank,266
shire,266
holliday,266
mossad,266
azula,266
rust,266
bỉm,266
com,266
sharpe,266
huênh,266
laguardia,266
quýt,266
upload,266
ym,266
uầy,266
brewster,266
xị,266
òa,266
boomerang,266
yết,266
caine,266
wifi,266
coffe,266
ferragamo,266
laszlo,266
word,266
nết,266
norfolk,266
pong,266
dota,266
nhan uyên,266
tủa chùa,266
au châư,266
au cừi,266
au njăm,266
au rèng,266
quảy,265
vờn,264
mcnally,264
palace,264
vại,264
camp,264
usher,264
malvo,264
rầm,264
espn,264
meachum,264
ky,264
lyons,264
chayton,264
lõm,264
luyên,264
seine,264
gallon,264
mí,264
ballou,264
ồh,264
nhụt,264
slide,264
beep,264
manchester,264
karpov,264
toạ,264
sudan,264
café,264
dách,264
abilene,264
almeida,264
ryusei,264
spin,264
mcleod,264
chennai,264
hvitserk,264
petey,264
candie,264
mahishmati,264
sanguinem,264
bòng,264
hiccup,264
barn,264
harken,264
sye,264
ehrmantraut,264
napoli,264
feder,264
animal,264
rone,264
khư,264
bolshevik,264
mornin,264
haddock,264
tinker,264
nantucket,264
shifu,264
lù,264
trĩu,264
thredson,264
pops,264
deac,264
grim,264
tiều,264
manning,264
fault,264
keystone,264
stockholm,264
bottom,264
rue,264
barristan,264
davenport,264
khứu,264
bumblebee,264
cochise,264
mulligan,264
trét,264
sayid,264
ruổi,264
speakers,264
henshaw,264
mb,264
chột,264
primatech,264
ames,264
ashur,264
mwah,264
toh,264
áng,264
vó,264
dolor,264
ã,264
thá,264
georgetown,264
nức,264
waterbender,264
echelon,264
hurt,264
hắng,264
cid,264
dreyman,264
boon,264
ramses,264
moss,264
tear,264
gọng,264
t-virus,264
coast,264
gắp,264
dock,264
nhơn khánh,264
nhơn lộc,264
quỳnh lộc,264
tịnh thới,264
chon,264
sủng máng,263
bít chên,263
idea,262
virut,262
zamani,262
baskerville,262
pum,262
ma-mút,262
tửng,262
shorty,262
bươm,262
hull,262
fanpage,262
moreau,262
bucharest,262
scan,262
quạu,262
sững,262
beatles,262
muón,262
phăng,262
gwizdo,262
runner,262
nhẹp,262
nạo,262
sims,262
carlson,262
phen,262
peralta,262
geum-ja,262
problem,262
rinaldi,262
witwicky,262
hopewell,262
hỷ,262
valentín,262
harrenhal,262
uganda,262
trạch,262
finnick,262
ratched,262
đưực,262
pompeii,262
roku,262
obelisk,262
deal,262
deepwater,262
consolidated,262
cùa,262
sweetwater,262
eurus,262
capital,262
mater,262
banning,262
bentley,262
cronauer,262
brienne,262
nigeria,262
kaiser,262
rết,262
craven,262
sheba,262
giài,262
robbins,262
banir,262
shaughnessy,262
thinh,262
rafer,262
ingstad,262
hawks,262
tươm,262
giăm-bông,262
fyers,262
mỏm,262
nebuchadnezzar,262
skinner,262
abruzzi,262
pivert,262
chappelle,262
mandarin,262
đụt,262
beachum,262
viển,262
such,262
riết,262
blind,262
pines,262
chym,262
croft,262
soran,262
lào,262
mill,262
tñ,262
wun,262
nạng,262
ishmael,262
speedy,262
poncelet,262
tm,262
slytherin,262
salluste,262
josépha,262
nẻo,262
nhom,262
briar,262
soho,262
mighty,262
gryffindor,262
ksyusha,262
aó tơi,262
sảng tủng,261
thạnh lộc,261
bai bải,261
bợt bạt,261
sầy,261
bàu sen,260
sen chiểu,260
tịnh khê,260
nôốc,260
harv,259
grissom,259
bout,259
tapia,259
đênh,259
họat,259
fogell,259
herpes,259
gâu,259
nhông,259
china,259
mess,259
conklin,259
duck,259
wayward,259
calls,259
trợt,259
palazzo,259
cleary,259
giũa,259
mắm,259
fasto,259
cartel,259
limón,259
greely,259
khế,259
sox,259
calling,259
đa-vít,259
groves,259
gaulle,259
ilithyia,259
ricoletti,259
dendi,259
rivers,259
sondre,259
speedster,259
tritak,259
cs,259
naught,259
niz,259
ùm,259
müntze,259
strahm,259
goemon,259
geisha,259
albie,259
vđv,259
grendel,259
bêu,259
pran,259
plays,259
tooms,259
chev,259
hdvietnam,259
zorba,259
tick,259
tc,259
ness,259
frosty,259
hr,259
xúp,259
artist,259
blow,259
minsk,259
broken,259
wharton,259
yum,259
ghiền,259
mowgli,259
luy,259
quặt,259
cưu,259
hare,259
chama,259
iggy,259
acapulco,259
nc,259
saviors,259
dougherty,259
gould,259
parsons,259
fema,259
lightning,259
pm,259
linguini,259
goldwater,259
skitter,259
landy,259
ibbetson,259
fải,259
tịa,259
ùa,259
marquez,259
lanie,259
vể,259
panem,259
lanagin,259
crick,259
frankia,259
ngộp,259
goki,259
queenan,259
ti-vi,259
malamadre,259
brotherhood,259
lán,259
rouge,259
fsb,259
flag,259
lun,259
blái cật,258
bở vía,258
núng,257
sc,257
nickname,257
mallow,257
emp,257
sồn,257
magnum,257
burning,257
ne,257
áp-ra-ham,257
ccpd,257
lanning,257
strabo,257
maple,257
pumbaa,257
rigg,257
western,257
westmoreland,257
highgarden,257
dolokhov,257
wise,257
kings,257
marseilles,257
knives,257
tonic,257
alamo,257
moving,257
corpus,257
stretch,257
encom,257
pain,257
dekker,257
hbo,257
boxer,257
paulson,257
giầu,257
jp,257
bastard,257
bermuda,257
quick,257
bosco,257
yip,257
bellas,257
piccolo,257
sony,257
chamberlain,257
lài,257
griggs,257
mississipi,257
henson,257
thadeous,257
sinbad,257
tòi,257
sedan,257
kwenthrith,257
pocket,257
lăo,257
grave,257
continues,257
gangster,257
shah,257
service,257
castro,257
karos,257
goody,257
becker,257
none,257
vèo,257
skylark,257
nhý,257
harkness,257
edited,257
hanh,257
es,257
hormone,257
gets,257
honda,257
cheddar,257
rờ,257
bend,257
bện,257
gổ,257
maori,257
bập,257
cmm,257
kalf,257
loco,257
ludlow,257
chow,257
li-na,257
ổi,257
xối,257
huyện,257
human,257
takahata,257
ngạch,257
keefe,257
neto,257
kaplan,257
tạnh,257
tig,257
julii,257
thưc,257
cofell,257
pls,257
khất,257
guard,257
baudelaires,257
athletics,257
nitro,257
lỳ,257
scaramanga,257
fix,257
liệm,257
phờ,257
gerber,257
barkley,257
forster,257
markinson,257
sonar,257
jyn,257
tróc,257
zephyr,257
hăn,257
khú,257
bành trạch,257
xoang phượng,257
cồ đạm,256
nùng xuồng,256
himmler,255
shepherd,255
ít-ra-en,255
eddard,255
lsd,255
phát-xít,255
ramoray,255
ẳm,255
khắm,255
starbucks,255
nghệch,255
july,255
àsia,255
levinson,255
trãi,255
thomson,255
bmw,255
eyrie,255
dav,255
chùng,255
tấy,255
moneypenny,255
sinuessa,255
sú,255
angin,255
slater,255
mija,255
faramir,255
ter,255
fncomic,255
science,255
pulitzer,255
waterbending,255
mayweather,255
papillon,255
đẽo,255
saladin,255
cherevin,255
read,255
donut,255
cuòa,255
chít,255
kal-el,255
jaffad,255
foyet,255
golem,255
bezukhov,255
dawg,255
barbossa,255
ẹt,255
channel,255
battosai,255
vắn,255
winslow,255
goin,255
skype,255
barret,255
working,255
meryn,255
ailen,255
véo,255
goken,255
mejia,255
fillory,255
reng,255
boyeur,255
osborn,255
plutonium,255
tmt,255
discovery,255
escape,255
pằng,255
vail,255
nhac,255
mufasa,255
reeves,255
hawthorne,255
frozen,255
maltese,255
hooper,255
oof,255
aegon,255
đãy,255
becket,255
tằng,255
nằng,255
môtô,255
khom,255
doon,255
turtle,255
eisenheim,255
mackenna,255
pollux,255
pussy,255
passport,255
breaking,255
wax,255
grenouille,255
mars,255
poppins,255
cognac,255
riordan,255
chình,255
polyhedrus,255
vader,255
brewer,255
davian,255
grande,255
jacq,255
quẻ,255
gă,255
earthbender,255
chược,255
tq,255
northern,255
rằm,255
heat,255
tullius,255
nyx,255
raptor,255
rainbow,255
cola,255
jingle,255
alamut,255
nero,255
reliant,255
ngốn,255
wadiya,255
ewing,255
diwan,255
apple,255
zulu,255
patch,255
mậu,255
trơi,255
clan,255
saying,255
su-yeon,255
varro,255
reiden,255
phạn,255
iceland,255
lỏm,255
coin,255
bềnh bồng,255
bồng bềnh,255
ion,255
vin,255
bung búng,254
bộp chộp,254
spider-man,252
koran,252
waggoman,252
bible,252
fashion,252
chuckie,252
stereo,252
denisovich,252
còm,252
chucky,252
court,252
shop,252
noìi,252
rovere,252
soạng,252
auschwitz,252
sunaina,252
kryptonite,252
ngýi,252
the-o,252
la-tinh,252
canxi,252
mccullen,252
rộ,252
tỏng,252
trịch,252
synequanon,252
share,252
laboulaye,252
quầng,252
quác,252
evey,252
chững,252
nhn,252
họach,252
cera,252
ipkiss,252
sùi,252
governor,252
resync,252
sẵng,252
wilkerman,252
bulger,252
goodspeed,252
chong,252
brittain,252
smiley,252
toác,252
prescott,252
cảo,252
judo,252
bertrise,252
anyway,252
stormborn,252
nagasaki,252
southampton,252
vardhaan,252
wegener,252
tachyon,252
masson,252
shaq,252
rell,252
loxley,252
chúi,252
vaccine,252
robotics,252
hñc,252
ackerman,252
phũ,252
exhales,252
mòi,252
diçn,252
schweikart,252
gaffney,252
cooke,252
ồi,252
pemberton,252
fong,252
cõ,252
somalia,252
namek,252
ghìm,252
bunker,252
shapiro,252
vịn,252
breed,252
samuels,252
judea,252
heavy,252
bedford,252
bainbridge,252
dr,252
sméagol,252
lesbian,252
ram,252
ohhh,252
nữưa,252
rice,252
chờn,252
hơp,252
gaga,252
soph,252
romanoff,252
janeiro,252
ethiopia,252
pee,252
trề,252
edinburgh,252
dulles,252
ortega,252
salsa,252
hiding,252
center,252
xỉnh,252
gekko,252
johns,252
kyoshi,252
đùn,252
pellit,252
pod,252
quại,252
ft,252
goddard,252
nhành,252
snacks,252
godric,252
bison,252
westchester,252
turley,252
gò quao,252
dell,252
avogadrós number,251
boggs,250
callo,250
gummer,250
wilde,250
lhq,250
thßn,250
amish,250
haywire,250
aguilar,250
sobbing,250
oculus,250
chổng,250
less,250
hinkley,250
razor,250
dăm,250
rền,250
haru,250
memnon,250
blues,250
drink,250
crab,250
mayor,250
khua,250
geordi,250
wi-fi,250
quằn,250
iphone,250
female,250
armenia,250
xà-lách,250
telling,250
ems,250
jaggu,250
én,250
huron,250
push,250
games,250
ershon,250
ntsb,250
bèn,250
rom,250
whoops,250
lapd,250
calo,250
kháu,250
sparazza,250
beecher,250
oy,250
karstark,250
larson,250
pham,250
mớm,250
freeze,250
curley,250
mj,250
mole,250
crowe,250
upham,250
hiềm,250
runway,250
varsava,250
miếu,250
tuỷ,250
balthazar,250
sefton,250
tarth,250
chảng,250
dangal,250
prior,250
patel,250
double,250
aztec,250
lussier,250
lugo,250
darling,250
pḥng,250
chạng,250
lover,250
beeps,250
fortune,250
lumbergh,250
phaser,250
ghì,250
straight,250
xổm,250
galuska,250
gator,250
t́nh,250
fougasse,250
dagda,250
ất,250
omegaq,250
hargrove,250
vạng,250
jørgen,250
mayhew,250
mccourt,250
clank,250
cactus,250
kimmy,250
mayflower,250
gamevn,250
hogarth,250
gg,250
popie,250
friendship,250
kingsman,250
eguchi,250
tac,250
tuliver,250
valkyrie,250
bấp,250
sượt,250
võìi,250
riggan,250
tapaswi,250
question,250
newgate,250
degaton,250
jep,250
xồm,250
đười,250
tatsu,250
hanukkah,250
sít,250
milwaukee,250
giàng,250
azkaban,250
ibm,250
treece,250
model,250
cotys,250
vôn,250
chau,250
cambulac,250
koch,250
orsini,250
ngưởi,250
sunset,250
lovecraft,250
angels,250
oooh,250
jor-el,250
rởm,250
faheen,250
masterson,250
rềibền,250
nùng lòi,250
bứt rứt,250
chin,250
bặm trợn,248
lzumi,247
vỹ,247
vọc,247
wckd,247
bluebell,247
logue,247
pr,247
nhưvậy,247
windsor,247
lia,247
quắt,247
haymitch,247
moment,247
photon,247
riddle,247
xừ,247
hiều,247
whitman,247
prada,247
zabel,247
hobb,247
sand,247
loi,247
pai,247
béng,247
acardo,247
faraway,247
ludendorff,247
chanlder,247
zootopia,247
caspian,247
dumas,247
triễn,247
wyler,247
vói,247
fellow,247
nht,247
mclaughlin,247
cricket,247
noì,247
swing,247
barbarians,247
irkutsk,247
jukkalan,247
yells,247
mozi,247
merida,247
porn,247
lưi,247
xìu,247
thon,247
wave,247
rey,247
kệch,247
november,247
chụy,247
buột,247
expelliarmus,247
lêu,247
alakay,247
gucci,247
viagra,247
lâng,247
bonaparte,247
baskin,247
laroche,247
falling,247
rogo,247
den,247
gracchus,247
gruber,247
cops,247
cạm,247
phay,247
yunkai,247
sahara,247
tirith,247
jinxy,247
focker,247
franken,247
tôt,247
grug,247
laeddis,247
mumble,247
bogart,247
taking,247
afterlife,247
capri,247
takezo,247
x-ray,247
hilts,247
roper,247
momon,247
beneke,247
thailand,247
schindler,247
soo-ji,247
nhòe,247
kershaw,247
nhng,247
chồi,247
reiter,247
aedile,247
lơn,247
đmm,247
thảnh,247
oddy,247
axe,247
somali,247
talin,247
petyr,247
mũm,247
themistocles,247
liverpool,247
calvera,247
sameen,247
tombstone,247
chick,247
kwang-ho,247
butcher,247
asano,247
franks,247
khắn,247
winley,247
drift,247
ngăm,247
alcatraz,247
falcon,247
brakebills,247
cenci,247
chạ,247
rolex,247
office,247
fudge,247
faulkner,247
lobo,247
rickon,247
md,247
monga,247
arlington,247
painted,247
geneve,247
xoài,247
sykov,247
hửm,247
tadlock,247
redbeard,247
háy,247
krug,247
sốtiền,247
galahad,247
ngao,247
sykes,247
millican,247
lieutenant,247
philippin,247
nhũn,247
măng coong,246
búi trĩ,246
amahl,245
rê,245
giong,245
sadako,245
ladja,245
sê-ríp,245
eunhyo,245
osgood,245
boise,245
unit,245
pinehearst,245
downside,245
piston,245
goines,245
vandy,245
nuột,245
ga-lông,245
bi-da,245
babbitt,245
ich,245
chappel,245
moby,245
umber,245
trảo,245
hearts,245
đở,245
lỉnh,245
thẫm,245
tày,245
dollars,245
ovidius,245
branson,245
brockhart,245
reason,245
tubbs,245
curry,245
sting,245
shouting,245
cng,245
cạy,245
base,245
fargo,245
veldt,245
hydro,245
xuýt,245
stonebridge,245
herod,245
oánh,245
chậc,245
cute,245
ngừơi,245
sà,245
gogolak,245
ươi,245
crossing,245
nos,245
auda,245
sikes,245
hem,245
northmoor,245
minute,245
dawai,245
collingwood,245
titanium,245
mô-tô,245
sparks,245
gras,245
ab,245
glory,245
hide,245
rj,245
sozin,245
meow,245
beshraavi,245
mueller,245
ợt,245
lins,245
túp,245
savitar,245
kalahari,245
mát-xcơ-va,245
heparin,245
szalinski,245
brodeur,245
bosnia,245
fiti,245
seri,245
rupi,245
kainan,245
meyer,245
yanis,245
traynor,245
chattering,245
moretti,245
inn,245
oppenheimer,245
kusanagi,245
mồng,245
maleficent,245
ruparel,245
saunière,245
fumitaka,245
corto,245
ghềnh,245
sb,245
glaber,245
gắm,245
pirate,245
lazarre,245
sàm,245
moaning,245
sabbath,245
alley,245
ciao,245
morph,245
thames,245
montauk,245
dợt,245
kiết,245
giãi,245
hén,245
rawlings,245
tohno,245
frog,245
nghía,245
ashitaka,245
gardens,245
tọng,245
zooey,245
spark,245
caldwell,245
cùm,245
òm,245
porunn,245
coney,245
brownie,245
spec,245
violin,245
ritalin,245
carrigan,245
level,245
livvie,245
megasis,245
tanaka,245
benoit,245
ngạn,245
khỏang,245
tệp,245
un,245
toáng,245
nhíp,245
flo,245
bullseye,245
madagascar,245
jonesy,245
xốc,245
daiwa,245
trout,245
barbados,245
kungfu,245
hendrix,245
ls,245
truỵ lư,245
ariàc gram,245
cang,245
chịt,245
qh,245
gành,245
héc,245
ngàm,245
nhạ,245
photpho,245
miễu,245
rươi,245
ptth,245
súy,245
trập,245
báp,245
ruốc,245
tand,245
ancol,245
capo,245
gấc,245
btv,245
thếp,245
rường,245
trend,245
trạo,245
vectơ,245
vk,245
xhcn,245
gianh,245
mentor,245
sán dìu,244
truông mít,243
bành bạnh,243
huyễn,242
vietnamese,242
chicken,242
farc,242
merlotte,242
hemingway,242
neiman,242
aeon,242
athen,242
boong-ke,242
trứ,242
ric,242
moncada,242
đí,242
leng,242
garrigan,242
podrick,242
metal,242
zimmerman,242
rúm,242
deckert,242
citadel,242
rembrandt,242
rolls,242
later,242
longer,242
chêt,242
loàn,242
paden,242
bủn,242
hymie,242
darth,242
rider,242
fredricksen,242
renard,242
mulgarath,242
howe,242
leary,242
ba-lô,242
tripplehorn,242
hộc,242
aynsley,242
qúy,242
pac-man,242
caputo,242
boone,242
yubaba,242
allied,242
fowler,242
không-thời,242
zới,242
sussman,242
casa,242
deakins,242
rin,242
hole,242
chile,242
sacramento,242
petrovich,242
manson,242
àm,242
virtanen,242
carmack,242
donner,242
đú,242
pancon,242
bag,242
eustace,242
ansatsuken,242
giambi,242
minotaur,242
andersen,242
sam-sôn,242
phi-li-tinh,242
baton,242
prague,242
raymie,242
leed,242
electron,242
dragonfly,242
tun,242
lẹo,242
chọe,242
beca,242
cempaka,242
rosings,242
chởm,242
minutes,242
phui,242
goto,242
weeks,242
dada,242
nháo,242
quệ,242
brogan,242
mocha,242
trấu,242
fuzzy,242
brethren,242
aka,242
belfort,242
stillwater,242
nhê,242
tough,242
koi,242
miu,242
socrates,242
taa,242
goldman,242
volantis,242
thố,242
madden,242
hỉnh,242
bouchard,242
ém,242
dopamine,242
ballet,242
habilis,242
araragi-kun,242
trũng,242
byamba,242
byzantium,242
jam,242
stainer,242
gaviria,242
ki-tô,242
cheetor,242
abrasax,242
bi-đông,242
moody,242
bogue,242
nhýng,242
dởm,242
ngải,242
scientist,242
auto,242
cherokee,242
vostok,242
celtic,242
kiễm,242
breathing,242
dấm,242
federal,242
davus,242
gồ,242
lemarchal,242
forge,242
bogotá,242
test,242
hợt,242
monaco,242
deeds,242
usr,242
veritas,242
phọt,242
mannix,242
niska,242
note,242
erebor,242
yussef,242
mân,242
juju,242
mạp,242
chuìng,242
fb,242
uể,242
usa,242
handle,242
trẹo,242
tj,242
amworks,242
fairfax,242
yamamoto,242
oscy,242
rưới,242
suki,242
edf,242
rupee,242
đẫn,242
broomhilda,242
pegasus,242
wilee,242
thatcher,242
volga,242
fleming,242
geez,242
chũng,242
toyohashi,242
hotel,242
dến,242
upendi,242
vickers,242
avenger,242
juve,242
ãy,242
ada chahơn,242
ada dahơn,242
baba,242
búng fạ,241
búng slung,241
giọi,241
búng tô̱ng nà,240
spectre,239
cheswick,239
fellas,239
tripp,239
taggart,239
chiu,239
yell,239
hail,239
dy,239
ghi-ta,239
dreyfus,239
boromir,239
quơ,239
ngọ,239
madero,239
goldstein,239
barden,239
matloff,239
avalon,239
zaius,239
cayman,239
pinewood,239
rađa,239
dum,239
babadook,239
zuba,239
ninomae,239
rục,239
chernus,239
ốp,239
vanishing,239
bặt,239
lorca,239
dorado,239
moves,239
yea,239
copenhagen,239
sweeney,239
louvre,239
france,239
ních,239
cht,239
đổng,239
racing,239
bacall,239
xuông,239
cassius,239
fawcett,239
breslin,239
thào,239
slip,239
closes,239
glade,239
inu,239
clean,239
shivgami,239
stall,239
húp,239
xập,239
nêm,239
ctx,239
tó,239
stoddard,239
lyon,239
yem,239
bumpy,239
pincus,239
fa,239
nịch,239
shadows,239
spinella,239
single,239
choạng,239
oki,239
skies,239
rocha,239
thít,239
led,239
hích,239
pazu,239
niềng,239
sensei,239
valium,239
adhemar,239
sicilia,239
vous,239
khảm,239
browning,239
pooch,239
serizawa,239
corp,239
leezar,239
timmons,239
bắng,239
fiji,239
nassau,239
mủi,239
ramsdell,239
stowe,239
credence,239
nhéo,239
circus,239
sình,239
bẳn,239
chili,239
hyperion,239
quark,239
đựoc,239
sah-him,239
wizard,239
ml,239
cón,239
kraken,239
poncho,239
stoner,239
satsui,239
hế,239
vù,239
shinzon,239
cheuk,239
hughes,239
salon,239
fel,239
aryoung,239
mossi,239
alds,239
faa,239
wái,239
wennerström,239
munny,239
ativan,239
naìy,239
chuôi,239
tuỵ,239
tripoli,239
hammad,239
turkey,239
guardian,239
cuùc,239
dal-gu,239
xòe,239
globulin,239
federov,239
shelleen,239
broadsword,239
cruise,239
malta,239
fingers,239
qũy,239
racine,239
boetticher,239
saanj,239
kau,239
hok,239
custer,239
dãn,239
barber,239
beast,239
yenicall,239
twinkie,239
kirkland,239
mayday,239
vinny,239
bẹ,239
rông,239
rise,239
sậy,239
katsumoto,239
netflix,239
vữa,239
urich,239
katana,239
wicked,239
bro,239
valyrian,239
dượt,239
muddy,239
hùa,239
baines,239
gonzales,239
lasagna,239
raines,239
nhong,239
loves,239
bñn,239
ucla,239
bìu dái,239
bơta niam chài,238
bồng khê,237
châw fi,237
giê-su ki-tô,237
phung kôranh phat dôih,237
cars,236
setta,236
edric,236
interferon,236
sandoval,236
ọe,236
stapleton,236
phan,236
malloy,236
bat,236
crescent,236
memnet,236
maximal,236
spyder,236
kamiya,236
medivh,236
penthouse,236
nobu,236
sái,236
tuttle,236
xandar,236
lụn,236
chernobyl,236
plan,236
xiii,236
su-mi,236
trỏng,236
guồng,236
chopper,236
tonga,236
cucu,236
farnese,236
rớ,236
gagné,236
wyldstyle,236
valy,236
tàm,236
tenma,236
markham,236
sòm,236
artagnan,236
memory,236
bốtôi,236
bergman,236
cim,236
stupid,236
squad,236
beech,236
rydell,236
stephano,236
djem,236
barran,236
behmen,236
constantinople,236
agghhh,236
phàng,236
giỗ,236
chỉn,236
bìu,236
given,236
barlow,236
spence,236
spearman,236
gargamel,236
delancey,236
rashley,236
housen,236
memories,236
xùm,236
pony,236
neptune,236
mystic,236
creel,236
philips,236
fill,236
nẻ,236
meryton,236
dathan,236
milano,236
pinata,236
melanthius,236
laramie,236
cốc-tai,236
git,236
melquiades,236
agents,236
khmer,236
copyright,236
linhgay,236
njala,236
mags,236
jadvie,236
cardiff,236
happens,236
xanax,236
midtown,236
hodge,236
calypso,236
davies,236
lịm,236
goat,236
rơ,236
barrymore,236
sanim,236
napster,236
ì,236
kuwait,236
wolverine,236
litchfield,236
shem,236
shuuya,236
cacbon,236
enzyme,236
crenshaw,236
nhẹm,236
subbergirl,236
duggan,236
splinter,236
aahh,236
sực,236
cerberus,236
jackal,236
thỉ,236
xi-rô,236
galilee,236
digger,236
nô-en,236
dreadful,236
dong-hyeok,236
hodgins,236
bradshaw,236
gém,236
cholesterol,236
ghề,236
balan,236
rabbi,236
carrasco,236
khè,236
type,236
kmart,236
sfpd,236
tbn,236
bờm,236
nãng,236
bronn,236
rousokuzawa,236
oakenshield,236
fake,236
omg,236
ươm,236
laòi,236
enslin,236
wây,236
upper,236
diệm,236
jong-un,236
shimada,236
ngừoi,236
husband,236
jong-il,236
delos,236
pepsi,236
nhiêm,236
ngưỡi,236
navy,236
taste,236
algren,236
wazowski,236
starks,236
stackhouse,236
sybok,236
chang-yi,236
rhesus,236
calavius,236
òng,236
tus,236
brill,236
ladies,236
hanekawa,236
hound,236
gohan,236
ritchi,236
noisy,236
cạch,236
yamcha,236
loola,236
blackfoot,236
khïi,236
hernandez,236
vừng,236
bills,236
alcaman,236
riesen,236
thæt,236
chatham,236
scamander,236
roses,236
deepcore,236
dâ,236
tuyçt,236
vìi,236
hòang,236
bordeaux,236
wilpharma,236
hattori,236
tahoe,236
ramada,236
midway,236
reverse-flash,236
²,236
kaguya,236
stupefy,236
frazier,236
fdr,236
sammi,236
chisolm,236
broxton,236
gerbino,236
dublin,236
ạt,236
lightyear,236
heihachi,236
leavenworth,236
sổng,236
ranchodas,236
pilate,236
sevastopol,236
búi,236
shrieve,236
chùy,236
tât,236
piranha,236
comedian,236
shrike,236
băm vằm,236
bưng riềng,235
bưng bưng,235
däniken,233
jeans,233
blackgate,233
sếu,233
mardi,233
snatcher,233
noc,233
mp,233
cornwall,233
ptv,233
drax,233
apart,233
foss,233
sô-đa,233
fit,233
wesker,233
mitzvah,233
scooby-doo,233
lock,233
err,233
worm,233
lòai,233
ransom,233
aemon,233
rowe,233
phango,233
tecker,233
smithsonian,233
lảo,233
trạc,233
ngói,233
tribune,233
boardman,233
royale,233
nhât,233
project,233
tangier,233
lead,233
espresso,233
aiexander,233
lữa,233
wistrom,233
ruỗng,233
hotdog,233
figure,233
hilltop,233
gemellus,233
vanger,233
wear,233
balls,233
scout,233
watching,233
chipettes,233
iấy,233
jingles,233
morrow,233
felder,233
quăn,233
maguire,233
rolling,233
nẩy,233
clinch,233
oogway,233
hummel,233
alarm,233
torvi,233
riverside,233
ci,233
nhãm,233
kandahar,233
esseker,233
boisei,233
lennon,233
fielding,233
leh,233
bridges,233
izzy,233
bertinelli,233
whee,233
frou,233
zuckerberg,233
duroy,233
tsk,233
mi-ho,233
moroi,233
musgrave,233
helmsley,233
taupe,233
underdogs,233
hindley,233
dộng,233
bohan,233
dam,233
thãi,233
kray,233
mockingjay,233
đoái,233
coffin,233
brennidon,233
catco,233
â,233
caribbean,233
croker,233
jungle,233
leaving,233
bobble,233
tẹt,233
mma,233
paradigm,233
rodin,233
crophopper,233
zombrex,233
méc,233
cannes,233
blackberry,233
chips,233
al-hattal,233
simms,233
nhố,233
hẳng,233
chihuahua,233
netherfield,233
quarter,233
lạn,233
cab,233
theoden,233
romanov,233
greystoke,233
acres,233
asriel,233
crandall,233
levenstein,233
prix,233
buffet,233
ferreira,233
ngợ,233
ooo,233
boogie,233
qué,233
knockout,233
chessani,233
đụn,233
nhuốc,233
rutledge,233
heckles,233
deathstroke,233
giïi,233
toe,233
schulz,233
sparkle,233
huell,233
triền,233
muller,233
bốp,233
dryden,233
lợp,233
durin,233
abnegation,233
railly,233
melville,233
găp,233
sent,233
lll,233
dufresne,233
núc,233
wah,233
vạc,233
wide,233
calvert,233
peso,233
das,233
nguỵ,233
boulder,233
nix,233
officer,233
abagnale,233
uuu,233
ahab,233
lists,233
mahé,233
slugline,233
rỉa,233
nope,233
glasgow,233
banana,233
whoville,233
thanos,233
strain,233
balô,233
bayard,233
sun-ho,233
sứt,233
tudeski,233
acheron,233
mister,233
volvo,233
spirit,233
motor,233
himalayas,233
crow,233
wolverines,233
crawly,233
farms,233
yoda,233
bb,233
peacock,233
allanon,233
oaks,233
itomori,233
mittens,233
xuỵt,233
happen,233
swallow,233
keys,233
sính phình,233
bẻo lẻo,232
choé,231
au nả,230
bâl ji,230
cannonball,229
sinatra,229
gunny,229
nghen,229
riviera,229
gambit,229
alfie,229
nobunaga,229
bolkonsky,229
saku,229
xhp,229
jaffe,229
di-gan,229
muồi,229
teterboro,229
éa,229
shoo,229
barker,229
gopnik,229
khuê,229
krall,229
juilliard,229
memmio,229
jorgensen,229
osip,229
market,229
week,229
cmnd,229
osbourne,229
yorkshire,229
hoen,229
fork,229
order,229
allentown,229
mellors,229
houdini,229
homestead,229
knights,229
đh,229
ej,229
albus,229
purcell,229
katanga,229
pendleton,229
coronado,229
jenko,229
jew,229
ô-pốt,229
mát-cơ-va,229
continental,229
búp-bê,229
gah,229
kichijiro,229
tritannus,229
inches,229
ngáp,229
ha-young,229
chapple,229
terty,229
genisys,229
toy,229
cupid,229
pollos,229
hankel,229
hum,229
alderaan,229
rumani,229
match,229
vortex,229
scythe,229
ngquangt,229
wladek,229
jaguar,229
baa,229
bơ-gơ,229
valina,229
dame,229
delgadina,229
crain,229
ex,229
nazi,229
thịch,229
idol,229
lebanon,229
fromm,229
posner,229
roussel,229
macbeth,229
bugenhagen,229
mêxicô,229
beretta,229
roz,229
women,229
cpu,229
woof,229
savitz,229
rhine,229
tút,229
kều,229
rỏ,229
samwell,229
senpai,229
xẹt,229
ream,229
algerie,229
broyles,229
hip-hop,229
chuyèn,229
bello,229
fed,229
hiroshima,229
ht,229
choa,229
host,229
scrappy,229
dorio,229
shame,229
ngoai,229
bemidji,229
rpg,229
cv,229
mmhm,229
arborlon,229
tattaglia,229
fillmore,229
hởi,229
dmv,229
moans,229
kemper,229
megget,229
goodweather,229
clash,229
niệu,229
soán,229
motherfucker,229
halley,229
welles,229
caster,229
terminal,229
proust,229
odyssey,229
bt,229
ripper,229
nẫng,229
quẫy,229
gamora,229
condé,229
cạ,229
ét,229
saya,229
mcbain,229
gower,229
memi,229
scrooge,229
lấm,229
bọng,229
heracleo,229
chặc,229
magadha,229
alliser,229
nhâm,229
thuỵ,229
paradise,229
thule,229
jamềs,229
gutierrez,229
qaeda,229
gothic,229
madox,229
sãn,229
winklevoss,229
fonzie,229
arm,229
souxie,229
rayder,229
bartlett,229
uzbekistan,229
zook,229
yashida,229
striker,229
burrito,229
x-men,229
pied,229
ngýõìi,229
paulot,229
pride,229
huerta,229
wee,229
sardine,229
cót,229
gaulois,229
nhậy,229
éc,229
bcs,229
rené,229
basque,229
doofy,229
boz,229
despereaux,229
tallahassee,229
shadowspire,229
trickster,229
spinosaurus,229
marx,229
messina,229
forces,229
phenotrans,229
africa,229
no-kyu,229
oách,229
reserved,229
somerset,229
tijuana,229
căng-tin,229
doctore,229
luftwaffe,229
bép,229
ná miẻo,229
bụt hảng méo,229
bửng hảy,229
cre,229
biếu xén,227
giề,226
rivera,226
cents,226
atropine,226
vãnh,226
blows,226
crooked,226
nũa,226
berenson,226
heraldo,226
walls,226
tockman,226
mần,226
quillin,226
tall,226
inuit,226
mèn,226
ctytvxdkg,226
earhart,226
lije,226
nejim,226
casanova,226
midas,226
kao,226
nhiểu,226
untranslated,226
elder,226
ßu,226
forum,226
niobe,226
books,226
takagi,226
pollyhop,226
looks,226
feinberg,226
vaucan,226
chù,226
khẩm,226
cyanide,226
lark,226
humming,226
ràm,226
prednisone,226
ashford,226
mag,226
nijmegen,226
adelie,226
glover,226
chồm,226
lotso,226
combo,226
candyland,226
eagles,226
tián,226
bundy,226
gardiner,226
cataleya,226
industries,226
shogun,226
instro,226
nhứ,226
bali,226
trùn,226
vothaison,226
dug,226
quidditch,226
odi,226
sộp,226
ako,226
oishi,226
botox,226
cobalt,226
demon,226
attius,226
bấu,226
barzini,226
sollozzo,226
zimmer,226
măm,226
nghì,226
bip,226
avocet,226
unidac,226
tiếm,226
hoach,226
dormammu,226
emelia,226
laredo,226
tug,226
crime,226
kếch,226
rườm,226
reverend,226
rì,226
agamemnon,226
sinai,226
loạng,226
bê-tông,226
kashiwada,226
orlov,226
hippie,226
tisdale,226
messiah,226
parasource,226
kabul,226
saldua,226
jaanu,226
vision,226
gorkon,226
ppwa,226
tumnus,226
nhiáu,226
magneto,226
westminster,226
uber,226
anakin,226
quĩ,226
điu,226
gryff,226
alchemy,226
sumida,226
astapor,226
cọt,226
thẻo,226
luống,226
gentlemen,226
goá,226
nhiu,226
prison,226
kutuzov,226
whoosah,226
shae,226
snoopy,226
gel,226
coulter,226
hendley,226
tehran,226
bloc,226
granada,226
smooth,226
kidd,226
welch,226
bully,226
chatur,226
zin,226
macarthur,226
magua,226
đia,226
pet,226
durotan,226
schiller,226
đóan,226
rón,226
hitchcock,226
dei,226
rén,226
đén,226
vee,226
cafein,226
remote,226
mồn,226
tramell,226
chechen,226
bloomingdale,226
kềnh,226
stuck,226
ýu,226
empress,226
forgive,226
giử,226
mellow,226
skin,226
ladoo,226
hearpe,226
tét,226
dome,226
libya,226
lexington,226
armageddon,226
tắn,226
tuscarora,226
singer,226
rắng,226
xộc,226
lire,226
twist,226
hurrah,226
baja,226
vạm,226
biggs,226
tide,226
pigeon,226
cyberdyne,226
szabo,226
cohaagen,226
americano,226
mướp,226
sutemaru,226
wulfric,226
sakê,226
twain,226
boongke,226
gulf,226
norick,226
thết,226
cranston,226
patin,226
chacon,226
odie,226
nệ,226
giggling,226
bbc,226
distance,226
trautman,226
caliban,226
winx,226
delacroix,226
caltech,226
autobots,226
fist,226
nhưỡng,226
gap,226
tuxedo,226
wiener,226
punch,226
sos,226
mưng,226
ia,226
mât,226
yero,226
pool,226
stinger,226
baiano,226
hebrew,226
houten,226
tartarus,226
fallen,226
buick,226
nhày,226
large,226
ripstein,226
abernathy,226
chơ,226
gitmo,226
pietros,226
killick,226
benjen,226
henley,226
keeps,226
baahu,226
missandei,226
humvee,226
kattappa,226
tậu,226
lol,226
chỏm,226
bellagio,226
nhò,226
hớn,226
britain,226
treadwell,226
morg,226
phởn,226
belt,226
muổn,226
quiet,226
lorek,226
jobs,226
mombasa,226
bấu víu,226
sán ngái,225
acán tót,225
bung bủng,225
bỡ ngỡ,223
keithie,222
neck,222
gíi,222
burnham,222
quyện,222
komarovsky,222
nũng,222
ðiêìu,222
kilgallen,222
envy,222
poli,222
hutchen,222
qủy,222
nauy,222
zazu,222
micheletto,222
gargantua,222
thềo,222
lưa,222
young-ju,222
cnri,222
gotti,222
toyota,222
otterton,222
folks,222
galvatron,222
daylight,222
coon,222
nightingale,222
feldman,222
tooth,222
rạo,222
mayfield,222
kelabra,222
lắt,222
ngữi,222
unger,222
hideyoshi,222
wả,222
vallon,222
qarth,222
sounds,222
kruse,222
kruger,222
kiếu,222
wat,222
comin,222
somers,222
mú,222
ngoạc,222
whiskers,222
giạt,222
tiển,222
chakal,222
caìi,222
nightlinger,222
rockefeller,222
cossinius,222
cồ,222
volturi,222
swift,222
trapped,222
mé,222
sa-bát,222
hollander,222
singin,222
berg,222
bantams,222
fennigan,222
bơn,222
kalabi,222
thọt,222
jovi,222
lemarc,222
spivot,222
obi,222
doo-wop,222
caracas,222
thổn,222
also,222
suspect,222
moesgaard,222
ultralink,222
cossack,222
tweener,222
galvez,222
lace,222
ember,222
kaos,222
castus,222
squats,222
rasmussen,222
saeki,222
xiaokui,222
standish,222
childs,222
shaffer,222
kuze,222
lp,222
apeldjus,222
hospital,222
yorktown,222
pottery,222
burk,222
yummy,222
diggler,222
highland,222
dutton,222
staten,222
choai,222
nass,222
holiday,222
réo,222
thặng,222
benghazi,222
ptsd,222
andras,222
obelix,222
hanssen,222
lucis,222
hóm,222
biçt,222
wadề,222
gii,222
giăm,222
commodus,222
oaa,222
cornish,222
daae,222
lego,222
lithium,222
kenobi,222
sakharine,222
eww,222
holland,222
andes,222
xèng,222
computer,222
chazz,222
khoé,222
takeda,222
valyria,222
nọt,222
vinciguerra,222
sơ-mi,222
duque,222
burbank,222
hamster,222
quebec,222
rattrap,222
tsa,222
stasi,222
stifmeister,222
able,222
johanson,222
priestly,222
giê-xu,222
lamonsoff,222
inca,222
calais,222
dằng,222
skorsky,222
xbox,222
arendelle,222
krauss,222
rincon,222
sởi,222
lử,222
vontea,222
ngườ,222
woodrugh,222
ged,222
fo,222
salameh,222
cîn,222
stops,222
cữ,222
xoong,222
numerius,222
steroids,222
mims,222
college,222
greenaway,222
gazelle,222
estrogen,222
cjc,222
und,222
capone,222
talus,222
whis,222
biru,222
add,222
ecuador,222
munchausen,222
agiulo,222
eungyo,222
shannara,222
craigslist,222
gasp,222
vasilievna,222
vasilievich,222
fell,222
ruskov,222
sick,222
elysium,222
canine,222
olympics,222
darpa,222
iỗi,222
cove,222
loose,222
frenchy,222
bressler,222
andal,222
gáo,222
grease,222
action,222
past,222
cheung,222
ballad,222
sa-un,222
naboo,222
prius,222
yo-yo,222
blonsky,222
sister,222
hyde,222
gnaeus,222
broke,222
hefty,222
krill,222
haraldson,222
tres,222
lowa,222
trìu,222
ketamine,222
sale,222
arrietty,222
gs,222
cuồn,222
tasty,222
journal,222
milf,222
belladonna,222
cochrane,222
kristoff,222
uv,222
musella,222
nhặng,222
komarov,222
mảy,222
trõòng,222
blanchard,222
zanetakos,222
ả-rập,222
crockett,222
macro,222
mhysa,222
ay lồm,222
ay yểng,222
bổi hổi,222
belgrade,219
silent,219
fc,219
helius,219
brashear,219
meacham,219
wedding,219
koro-sensei,219
pine,219
beauregard,219
xẩu,219
wald,219
colson,219
gióng,219
ới,219
grazer,219
dibala,219
piece,219
axít,219
vựng,219
katyn,219
tallis,219
plans,219
danzer,219
riu,219
falzone,219
đỉ,219
knoxville,219
quạc,219
mê-hi-cô,219
rhino,219
jaha,219
butts,219
valliant,219
ssa,219
evergreen,219
són,219
ostia,219
bi-a,219
các-bon,219
mithras,219
seatle,219
malekith,219
b́nh,219
longbourn,219
monkey,219
shimura,219
hindi,219
amore,219
zhukov,219
plastic,219
namaste,219
burns,219
decepticons,219
scherbatsky,219
quỵt,219
pyjama,219
uông,219
cụp,219
fuji,219
jiaying,219
nadal,219
ửng,219
butt,219
tail,219
glad,219
guam,219
scoop,219
pycelle,219
records,219
generation,219
tortuga,219
ềm,219
scanlon,219
pearly,219
johanssen,219
pea,219
nefretiri,219
willoughby,219
vun,219
quintana,219
luiz,219
novik,219
goode,219
trệch,219
mod,219
promise,219
greyhound,219
farquaad,219
nance,219
kili,219
madrigal,219
cates,219
mercenary,219
phnom,219
bartok,219
penh,219
sôfa,219
spats,219
xắt,219
crusher,219
dougie,219
kar,219
rốc,219
matera,219
naberius,219
icarus,219
aventine,219
wangdu,219
harbor,219
khoắng,219
mô-đun,219
khịt,219
beaming,219
bragg,219
dá,219
cồng,219
beane,219
turns,219
sạp,219
homeland,219
crush,219
roose,219
nilsen,219
velcoro,219
estonia,219
sữ,219
silence,219
boca,219
nimbus,219
thăn,219
ré,219
carruthers,219
trubshaw,219
ẹp,219
ọp,219
jehovah,219
sé,219
spooner,219
ogi,219
enter,219
tĩến,219
larusso,219
sellers,219
lmntrix,219
virtuse,219
lunare,219
dolphin,219
rattling,219
perfect,219
zing,219
rocks,219
hamada,219
moriguchi,219
bòi,219
trujillo,219
trunks,219
granderson,219
hùn,219
rah,219
hóc-môn,219
roài,219
yank,219
rumpelstiltskin,219
report,219
cortisol,219
biêìt,219
vaì,219
tn,219
tằm,219
watergate,219
sp,219
clooney,219
worthy,219
slow,219
cypher,219
clanton,219
manina,219
ferrara,219
pemberley,219
goebbels,219
creaking,219
girlfriend,219
million,219
cbs,219
kirky,219
nazis,219
fremont,219
wings,219
dsm,219
pythagoras,219
malankov,219
parkin,219
senator,219
fedex,219
phaòi,219
akkadian,219
kuhn,219
stoick,219
cobra,219
cavalier,219
rizzo,219
tyreese,219
scorpions,219
thik,219
target,219
chavo,219
domergue,219
loang,219
barksdale,219
survive,219
limousine,219
bc,219
dodgers,219
poughkeepsie,219
clicks,219
slappy,219
thau,219
centimet,219
clarion,219
tiễu,219
chạc,219
sắng,219
millers,219
đờm,219
canaveral,219
gomie,219
merlot,219
olbricht,219
tyto,219
proton,219
transylvania,219
escondido,219
boot,219
éng,219
hyatt,219
belmont,219
phiệt,219
nhén,219
trñi,219
bunderslaw,219
uhhh,219
harge,219
gift,219
guerrera,219
plz,219
hăm-bơ-gơ,219
spiritus,219
lowery,219
broad,219
legatus,219
failure,219
ngàng,219
i-ran,219
epperly,219
methamphetamine,219
memorial,219
eskimo,219
photocopy,219
fermin,219
commander,219
yeh,219
situation,219
teller,219
táy,219
láy,219
gyeongchul,219
sodium,219
longstride,219
williger,219
dahl,219
beeplng,219
ưỡn,219
midnite,219
chatter,219
danger,219
dorjee,219
tuồng,219
clovers,219
surge,219
lok,219
lamarque,219
places,219
lẩu,219
stuttgart,219
juarista,219
cipher,219
albani,219
paper,219
amerika,219
stinson,219
montoya,219
trê,219
shmatte,219
microbot,219
chiềng khương,219
nong luông,219
xốp cộp,219
bhô tree,219
bhăh tree,219
bèo nhèo,219
bíu,219
trù hựu,218
birlesken arab ámirlikleri,217
tênh phông,217
blái càu,217
nà rì,216
sào báy,215
nfl,214
dune,214
ibiza,214
zordon,214
foosa,214
sanga,214
store,214
brue,214
thuộm,214
vote,214
mellark,214
hatteberg,214
bek,214
calzones,214
brickwell,214
teschen,214
thổng,214
thỳ,214
joffre,214
matsui,214
raf,214
nightshade,214
pfeiffer,214
soo-an,214
hiêu,214
shooting,214
thoai,214
gatling,214
waspinator,214
nazarene,214
jer,214
tauren,214
chô,214
lnternet,214
daggett,214
lừ,214
so-mi,214
thuồng,214
esca,214
crew,214
westlund,214
solando,214
riverlands,214
sordo,214
gto,214
clo,214
kensington,214
măt,214
nựng,214
cuả,214
hermanos,214
koa,214
mẹt,214
norad,214
pda,214
býy,214
nhợ,214
savrinn,214
trau,214
pontiac,214
stahl,214
blackie,214
neski,214
nepal,214
kamio,214
dartmouth,214
fayden,214
ryback,214
gally,214
pepito,214
mñi,214
khoắt,214
pinkus,214
schroeder,214
thèch,214
erso,214
sậm,214
thồ,214
parks,214
system,214
ouu,214
gran,214
calhoun,214
hòi,214
caramel,214
suzuki,214
guadalcanal,214
kobayashi,214
curran,214
size,214
bogota,214
flea,214
thè,214
ji-min,214
barrel,214
hïi,214
masazuka,214
thoạt,214
hurst,214
demons,214
person,214
jakarta,214
hunsaker,214
nẵng,214
rả,214
whelan,214
nhữ,214
cavaldi,214
holbrooke,214
glabrus,214
bugi,214
dả,214
chaucer,214
miletto,214
ramusan,214
oslo,214
destroyer,214
beagle,214
chewie,214
mohawk,214
katelbach,214
xì-phé,214
deak,214
bain,214
carnaby,214
truck,214
arkenstone,214
flight,214
ac,214
chaplin,214
dae-suh,214
forks,214
lestrange,214
mỗ,214
aggy,214
style,214
nùa,214
prew,214
aargh,214
harith,214
playbook,214
lebron,214
vehicle,214
peninsula,214
youngja,214
chewing,214
vector,214
entertainment,214
amazzon,214
giê,214
ilparatzo,214
warlock,214
salat,214
velociraptor,214
cilician,214
naevia,214
least,214
ḷng,214
sụn,214
gein,214
hawke,214
khấc,214
trám,214
zalanski,214
rhaegar,214
footsteps,214
arbogast,214
scene,214
bệch,214
híc,214
wheat,214
slughorn,214
muto,214
eikon,214
uploader,214
garsiv,214
condor,214
murmuring,214
hannigan,214
tillman,214
hungnam,214
skywalker,214
kovacs,214
austerlitz,214
baka,214
thom,214
nghén,214
brindle,214
twin,214
rỏi,214
kozlow,214
levine,214
doku,214
sighing,214
ariza,214
hanks,214
methane,214
celt,214
capella,214
molderos,214
halfhand,214
nhẩm,214
renn,214
fitzhugh,214
ngỗ,214
selvig,214
borgias,214
myer,214
sampson,214
devereaux,214
frankland,214
awasthi,214
công-gô,214
dis,214
whistles,214
velskud,214
production,214
waltham,214
bhalla,214
brucie,214
mach,214
fig,214
lobos,214
lade,214
smolensk,214
rhode,214
bỏi,214
microphone,214
costco,214
feed,214
tanque,214
furius,214
nhín,214
sephiroth,214
milkie,214
gỏi,214
chĩ,214
ngoạm,214
ithaca,214
varma,214
du-shik,214
kilomet,214
owens,214
partridge,214
brainy,214
thừ,214
fate,214
diêu,214
mëng,214
phẩn,214
kush,214
nicaragua,214
goob,214
degas,214
âìy,214
shaolong,214
british,214
pack,214
fulton,214
lất,214
dahmer,214
yuriatin,214
thụi,214
malum,214
ðýõòc,214
storybrooke,214
navarone,214
nãi,214
eminem,214
garper,214
tokiwa,214
titans,214
crack,214
genoa,214
record,214
tnt,214
hakuna,214
final,214
matata,214
event,214
edmure,214
hiău,214
cavalleri,214
miết,214
aoshi,214
trịa,214
thrones,214
jabberwocky,214
suit,214
oxley,214
gunner,214
arsenal,214
nhủi,214
úa,214
marello,214
pinter,214
cadmus,214
delarue,214
pennies,214
clack,214
thưi,214
nghêu,214
nuông dăm,214
sán déo,214
bập bềnh,214
thee,214
albania caucásica,213
bâl bỡn,213
thèn phàng,212
búng bính,212
sà dề phìn,211
saizou,210
lra,210
growling,210
aldridge,210
zamperini,210
hunted,210
thebes,210
maldives,210
afo,210
bernstein,210
vortigem,210
path,210
jotunheim,210
áh,210
sarchie,210
chẩm,210
resnel,210
luger,210
hee-haw,210
testosterone,210
shack,210
providence,210
nãn,210
nhứng,210
dinoco,210
dm,210
lentz,210
bullet,210
mamela,210
mahavir,210
đểtôi,210
unagi,210
omura,210
gơ,210
buddha,210
servilia,210
soju,210
ariq,210
kimono,210
scav,210
mikaelson,210
brude,210
organ,210
brie,210
vái,210
anastasi,210
goodchild,210
january,210
lightman,210
voyager,210
guaracy,210
walmart,210
idiot,210
hinh,210
ooaa,210
ogygia,210
aether,210
vibranium,210
rozz,210
haitian,210
teacher,210
tally,210
mụt,210
raiden,210
ginty,210
umbridge,210
bremner,210
eleven,210
điếng,210
connelly,210
hiễm,210
vt,210
il-byoung,210
lị,210
stigman,210
unferth,210
lindhagen,210
hipwell,210
fowkes,210
cracker,210
nia,210
cannon,210
rains,210
huzzah,210
takaki,210
pookie,210
keats,210
sạo,210
quao,210
cortland,210
greenwich,210
contention,210
chái,210
homo,210
bp,210
sail,210
diggory,210
ẹo,210
bupyung,210
bannon,210
oẳn,210
hanley,210
rundstedt,210
jedha,210
tẻm,210
northumbria,210
sicily,210
chìu,210
soft,210
mosby,210
zu,210
nights,210
covenant,210
lago,210
kawaguchi,210
arbor,210
tau,210
lọai,210
khoắn,210
gồng,210
xoi,210
dassin,210
xuể,210
kapeniak,210
norrington,210
zigic,210
lói,210
boria,210
psp,210
hanratty,210
sandman,210
mcgonagall,210
lọan,210
leningrad,210
tìim,210
race,210
gobbler,210
jammer,210
maru,210
cô-ca-in,210
greco,210
kiddo,210
botswana,210
xầm,210
chico,210
bevans,210
tonto,210
tolstoy,210
sallah,210
wallaby,210
griesen,210
normal,210
bourgh,210
kaiten,210
ô-xi,210
higher,210
tamina,210
ecstasy,210
lassoo,210
bacon,210
blanco,210
leech,210
prick,210
leader,210
champ,210
mikasa,210
ascot,210
nexus,210
sui,210
trß,210
loã,210
rinh,210
cologne,210
milimet,210
massey,210
disantos,210
morley,210
mystique,210
sybert,210
cover,210
chuyêòn,210
lvan,210
nm,210
zaitsev,210
thêò,210
bluetooth,210
chinook,210
boggis,210
hoo-ah,210
kristofferson,210
nibs,210
golz,210
veil,210
harford,210
achiiies,210
happening,210
frizzy,210
falco,210
terrorize,210
cedar,210
bunce,210
jethro,210
lombard,210
sokovia,210
dione,210
phễu,210
blowing,210
weii,210
dreyfuss,210
pawley,210
thẩy,210
diviner,210
durden,210
grundy,210
puppy,210
legs,210
đễnh,210
poh,210
cruces,210
arbus,210
dibs,210
dodd,210
hostages,210
rumancek,210
halsey,210
inaudible,210
sesshomaru,210
brittle,210
dragovic,210
mimic,210
immortals,210
đoá,210
hague,210
cợ,210
đật,210
chời,210
strodey,210
stockman,210
choảng,210
rá,210
giê-hô-va,210
brisbane,210
dragonstone,210
bama,210
chuvện,210
rothbard,210
stowecroft,210
stonebanks,210
bruner,210
bavaria,210
beacon,210
ttp,210
feds,210
rùm,210
catalog,210
trim,210
lichtenstein,210
thới,210
figueroa,210
weems,210
niagara,210
chc,210
giddy,210
raise,210
pagan,210
mcb,210
kahr,210
armitage,210
insomnia,210
vc,210
rochev,210
aston,210
patoshik,210
figaro,210
onza,210
canaan,210
walley,210
kẻ-mà-ai-cũng-biết-là-ai-đấy,210
mịch,210
lenin,210
lift,210
xiêu,210
international,210
pitt,210
prissy,210
woodbury,210
rhodey,210
euros,210
zeta,210
khỉnh,210
selden,210
marron,210
waltz,210
hostetler,210
previously,210
uco,210
firebending,210
purgatory,210
a-cappella,210
credits,210
riggs,210
knot,210
teeler,210
glucose,210
chasseur,210
samba,210
bethesda,210
rough,210
ỉn,210
ngọng,210
thóat,210
mather,210
thía,210
thudding,210
shared,210
uchida,210
zaytsev,210
warm,210
kovaks,210
goshen,210
mascius,210
sa-lát,210
dza,210
softly,210
mcivers,210
jefferies,210
khufu,210
nhiện,210
quít,210
jansen,210
safehold,210
timbuktu,210
bartender,210
whitmore,210
maggott,210
vampire,210
atf,210
calm,210
pyke,210
rỗ,210
cßn,210
oozma,210
makimura,210
pisa,210
milkin,210
danforth,210
matxcơva,210
drum,210
nhèo,210
grossman,210
pym,210
godzilla,210
budahas,210
budd,210
pô,210
imlay,210
dứng,210
mẹc,210
nike,210
nakatomi,210
cà-fê,210
nhối,210
mành,210
lolla,210
ilyn,210
site,210
luộm,210
cuckoo,210
truớc,210
pilcher,210
hondo,210
kolchin,210
bép xép,210
bõ bèn,210
trạc tuyền,209
táy mương,209
bốp chát,209
blái khế,208
dowd,206
dae-ho,206
gaijin,206
fr,206
chinatown,206
ngái,206
percocet,206
zumurrud,206
politea,206
waves,206
tạch,206
vaako,206
durham,206
quọ,206
jenner,206
quinlan,206
zhivago,206
youens,206
dyke,206
schmitz,206
mk,206
kt,206
epa,206
ocd,206
fitz-simmons,206
ạnh,206
hydrogen,206
matterhorn,206
suicide,206
bahrain,206
tổi,206
fixer,206
varga,206
dwarves,206
berman,206
kalloor,206
nhiếc,206
plutarch,206
excelsior,206
cease,206
cyborg,206
ospina,206
curly,206
potus,206
rixin,206
present,206
setrakian,206
akela,206
ritz,206
hạp,206
pig,206
neon,206
caffeine,206
bonner,206
castaño,206
burris,206
scooter,206
hoản,206
chn,206
chameleon,206
brandenburg,206
tampon,206
miligram,206
tĩm,206
buckbeak,206
abercrombie,206
ricks,206
kokachin,206
ad,206
đcsth,206
ripslinger,206
farés,206
packard,206
pirates,206
maragon,206
beauty,206
crimson,206
concorde,206
littlewood,206
thich,206
hundred,206
nguệch,206
jervis,206
ouroboros,206
khò,206
grenn,206
prudhomme,206
dng,206
evolet,206
gato,206
balon,206
mesrine,206
anslo,206
connection,206
broadhurst,206
bbq,206
shinjuku,206
mayhem,206
arius,206
mcvay,206
rawlins,206
hump,206
view,206
cyclops,206
nmb,206
nasty,206
chề,206
rôn,206
hubbie,206
bowersox,206
schubert,206
khàn,206
thuẩn,206
pineapple,206
phaeacia,206
ô-kê,206
mapu,206
takekimi,206
sayonara,206
a-xít,206
mfdp,206
tressler,206
ramone,206
horror,206
solace,206
taj,206
ironside,206
minneapolis,206
rần,206
mott,206
suggs,206
reston,206
rt,206
sense,206
christo,206
đìa,206
karp,206
kimmel,206
giái,206
ể,206
hehe,206
department,206
chi-lê,206
urgh,206
portley-rind,206
carlsbad,206
kakie,206
letter,206
fresno,206
giuộc,206
duh,206
viçc,206
liệng,206
kumbaya,206
fiel,206
hanover,206
amico,206
minchin,206
smaug,206
adrenalin,206
relax,206
snell,206
longshadow,206
izzet,206
beirada,206
predacon,206
quạng,206
osmond,206
cbi,206
strelnikov,206
flood,206
orochi,206
laucha,206
dutchbok,206
ngç,206
kryton,206
seho,206
hertfordshire,206
posey,206
nba,206
sumatra,206
thãng,206
tweedy,206
tampa,206
cordona,206
miggs,206
jell-o,206
landers,206
invincible,206
fntimes,206
gavroche,206
doom,206
wut,206
resort,206
vợi,206
track,206
vit,206
barts,206
zurg,206
mềnh,206
bấc,206
leviathan,206
pê-đê,206
lockerbie,206
vẳng,206
panda,206
gonzo,206
reb,206
nhụa,206
kingsleigh,206
úm,206
newcastle,206
giụa,206
cy,206
rindy,206
begs,206
êu,206
bou,206
horvath,206
fluffy,206
zuzu,206
doole,206
ngớt,206
thêì,206
hasselhoff,206
carlito,206
carlitos,206
thực-tế,206
bethlehem,206
torrez,206
owlsley,206
iem,206
farris,206
soyuz,206
smek,206
omnia,206
greenville,206
ops,206
havershaw,206
hêt,206
sakaar,206
drifter,206
navarro,206
nghé,206
molina,206
dickens,206
burgundy,206
panther,206
canterbury,206
berkowitz,206
chớm,206
napalm,206
farren,206
cummings,206
como,206
crest,206
jitters,206
vcr,206
troubles,206
neytiri,206
hitokiri,206
taep,206
muntz,206
farges,206
sprague,206
mud,206
sutler,206
otranto,206
fontenoy,206
jabba,206
trombone,206
shore,206
líi,206
banzai,206
liotta,206
lbj,206
đis,206
nầy,206
lechiffre,206
chandier,206
beaufort,206
lange,206
lda,206
đòan,206
đuờng,206
ñøng,206
iần,206
inverness,206
expecto,206
mithrandir,206
kash,206
fuentes,206
martel,206
phéng,206
chỉlà,206
holding,206
pantoufle,206
soldano,206
wheel,206
soomro,206
triêu,206
caz,206
sonmi,206
ßng,206
morocco,206
bisbee,206
nightmare,206
hoạc,206
truỵ,206
đcm,206
vancouver,206
maruthin,206
legends,206
vespania,206
keener,206
bakersfield,206
loz,206
sutton,206
nhùi,206
osiris,206
abyzou,206
proteus,206
maggio,206
llewelyn,206
smokey,206
agenor,206
antwerp,206
hartford,206
byrnison,206
stelu,206
sundance,206
detective,206
orestes,206
bât,206
cộm,206
technologies,206
whoop,206
spoon,206
yvaine,206
septimus,206
matxa,206
epsilon,206
reman,206
chacha,206
allenby,206
motel,206
cracow,206
subits,206
chaien,206
coolsville,206
rikers,206
ableman,206
ại,206
nature,206
okkoto,206
traymore,206
brave,206
tắp,206
press,206
alessa,206
rekall,206
amoniac,206
spanky,206
yuck,206
reset,206
map,206
mcallister,206
cooley,206
dialogue,206
dogs,206
rhythm,206
pollo,206
liếng,206
won-mo,206
bismarck,206
greve,206
bonnard,206
trãn,206
pinkerton,206
sigan,206
photoshop,206
cubs,206
hanh kwuốc,206
bùi nhùi,206
mora,206
akhàt ter,204
bhâh gah tree,204
pu nà,203
ay đỉ,203
kadokawa,201
tht,201
kolchak,201
carthage,201
reade,201
bủa,201
jerico,201
chabi,201
èo,201
aro,201
serum,201
voz,201
zsasz,201
reverse,201
stills,201
zog,201
abson,201
starts,201
in-guk,201
serotonin,201
danford,201
tháy,201
valera,201
vinyard,201
pasta,201
avocado,201
kamikaze,201
amberson,201
diondra,201
nhuần,201
desert,201
cluff,201
saxo,201
browder,201
yama,201
spokane,201
naepepo-uasu,201
harbin,201
heathrow,201
proculus,201
khồng,201
bellerophon,201
trump,201
grunion,201
putney,201
vình,201
infinite,201
darkghost,201
miraz,201
lafitte,201
nylon,201
telmarine,201
mclaren,201
saxophone,201
baelor,201
mathews,201
bangladesh,201
voss,201
xiaoyu,201
mavey,201
unnn,201
suh,201
nghĩnh,201
shavers,201
dolce,201
pilot,201
asylum,201
dong-go,201
arnaut,201
bey,201
gluten,201
düsseldorf,201
respect,201
shade,201
redfern,201
foxy,201
kheo,201
cheffamily,201
ngoắc,201
erm,201
morel,201
range,201
clapton,201
applauding,201
quit,201
fin,201
phin,201
nose,201
corner,201
hayworth,201
accidentally,201
pdv,201
whooshing,201
espo,201
zeroz,201
baltic,201
bletchley,201
deathlok,201
sac,201
pepperoni,201
bnd,201
osaka,201
table,201
whisper,201
bodey,201
graboid,201
metcalf,201
thếch,201
đi-văng,201
marky,201
behn,201
mat-xcơ-va,201
làu,201
barzillai,201
corvette,201
kkk,201
frannie,201
hooters,201
bieber,201
rasputin,201
rog,201
griswold,201
scottsdale,201
macedonia,201
honduras,201
dagley,201
ahkmenrah,201
nhón,201
krest,201
csu,201
toes,201
universal,201
belarus,201
ji-eun,201
vidrine,201
caen,201
morahan,201
mundo,201
ban-công,201
stavrou,201
dzai,201
kuklinski,201
jaipur,201
gunnery,201
hardcastle,201
rousseau,201
ngếch,201
nocenti,201
grosso,201
bezzerides,201
ranch,201
yee-ha,201
cibola,201
mahal,201
reisman,201
nicks,201
menelaus,201
nái,201
dúi,201
castleroy,201
kamar-taj,201
rangers,201
lacroix,201
angelis,201
kipps,201
xiêm,201
mega,201
dnr,201
rosenberg,201
ragheeb,201
hollom,201
dreidel,201
antoninus,201
dobisch,201
kurtzman,201
crop,201
greenslade,201
caymans,201
stormhold,201
tight,201
luốn,201
bliss,201
nạy,201
emme,201
phưu,201
hiram,201
sherbourne,201
yohan,201
pinball,201
jemm,201
niro,201
worldwide,201
cói,201
karpof,201
kol,201
erudite,201
devilers,201
bebop,201
nicotine,201
virg,201
mót,201
lto,201
calthrop,201
dim,201
musgrove,201
holtzmann,201
kreacher,201
jacket,201
mammon,201
chapel,201
hống,201
nunally,201
loé,201
gribbet,201
lakota,201
ware,201
ratta,201
parkinson,201
sixsmith,201
vitoli,201
thoắt,201
dandrige,201
gault,201
pinzón,201
vermouth,201
engine,201
shepard,201
nietzsche,201
gendry,201
chọ,201
spud,201
kikuchiyo,201
leaning,201
yule,201
brantley,201
grindelwald,201
manley,201
olek,201
onee-chan,201
chãi,201
supposes,201
sô-pha,201
c-note,201
yellowstone,201
mamby,201
hicks,201
soto,201
trộng,201
tick-tock,201
hực,201
farm,201
dadich,201
purvis,201
pict,201
admin,201
chhainu,201
hormon,201
arriba,201
lamborghini,201
lạt,201
pc,201
lc,201
stage,201
nhúa,201
defcon,201
nurko,201
flame,201
za,201
cham,201
nhài,201
sn,201
dealer,201
bug,201
xăng-uých,201
ô-xy,201
ceasar,201
kosovo,201
strayger,201
dupre,201
cnh,201
webcam,201
migi,201
burry,201
himalaya,201
wên,201
treeger,201
stromberg,201
nonnie,201
knockin,201
prozac,201
qualen,201
holynight,201
someday,201
radchenko,201
đũng,201
sinskey,201
vửa,201
tritter,201
kruhulik,201
burroughs,201
gently,201
chivington,201
trail,201
moloch,201
lris,201
quo,201
guinness,201
golitsyn,201
lycan,201
xắp,201
dobosh,201
botis,201
benjie,201
belize,201
họi,201
tio,201
oyo-ne,201
hubba,201
bombay,201
muôìn,201
rúng,201
vidia,201
mutagen,201
buzzing,201
quaker,201
cóp,201
ulpianus,201
dandy,201
krillin,201
dontos,201
nitrat,201
xạc,201
act,201
hirsch,201
roth,201
knee,201
vitruvius,201
silky,201
ruy-băng,201
vánh,201
hoss,201
moro,201
tuabin,201
sicario,201
kuratov,201
overwatch,201
langmore,201
hượm,201
đẫ,201
agrippa,201
doll,201
mamma,201
voila,201
suyển,201
coyote,201
rochefort,201
uẩn,201
thoyt,201
poison,201
ma-rốc,201
nala,201
beckers,201
bridgit,201
shiny,201
phineas,201
europol,201
ei,201
talbott,201
moóc,201
egg,201
narracott,201
quêc,201
warfarin,201
darfur,201
funk,201
hooray,201
tambria,201
sethi,201
hoay,201
bhallaldev,201
hasegawa,201
maestro,201
gordinski,201
el-masri,201
hic,201
haymon,201
bitsu,201
alameda,201
quinjet,201
lãy,201
yoroi,201
aibee,201
comfort,201
hững,201
chardonnay,201
mmmm,201
fet,201
gñi,201
catwalk,201
att,201
ichika,201
couple,201
orm,201
pablito,201
verdun,201
bra-xin,201
nép,201
sargent,201
mơi,201
kuzuri,201
azazel,201
kiko,201
mactaggert,201
leipzig,201
windows,201
dợ,201
dẫy,201
olenna,201
oxit,201
solverson,201
đán,201
hoya,201
junction,201
khãn,201
mexican,201
rề,201
tivo,201
trog,201
andromeda,201
lảnh,201
marlow,201
sugarman,201
masry,201
bitches,201
hammett,201
tropez,201
gazette,201
guru,201
vii,201
galveston,201
mõi,201
pijama,201
vưởng,201
giậm,201
grimly,201
burgred,201
chanchad,201
thùa,201
aristotle,201
fifield,201
ndofa,201
bauhaus,201
gp,201
ôliu,201
octopus,201
trigon,201
psych,201
twilight,201
food,201
bưng biền,200
sủng thài,199
bập bẹ,199
bêu nhuốc,198
gerrera,196
desimilus,196
rousset,196
margaritas,196
xình,196
taken,196
têt,196
scarif,196
stories,196
rigoletto,196
yeager,196
huggsy,196
sa-her,196
nghiễm,196
krennic,196
charge,196
binding,196
flamel,196
venezia,196
fade,196
wincott,196
blauner,196
mojave,196
limitless,196
abrams,196
holliston,196
aberdeen,196
honolulu,196
giộp,196
generis,196
brannigan,196
questions,196
t-dog,196
bothos,196
nomar,196
finatus,196
mitty,196
lran,196
basilisk,196
jule,196
oram,196
taystee,196
đển,196
tokizo,196
ực,196
forestier,196
yamashiro,196
ship,196
approaching,196
watchdogs,196
đàu,196
shrieking,196
punxsutawney,196
hoskins,196
exploring,196
birmingham,196
pot,196
flower,196
barnac,196
monican,196
oxygen,196
log,196
stormtrooper,196
pushkov,196
zytle,196
denethor,196
information,196
caparzo,196
khôg,196
sport,196
dịnh,196
incheon,196
mantle,196
dình,196
kapoor,196
salonga,196
zavitz,196
meyers,196
vhs,196
chlamydia,196
wikipedia,196
krakow,196
nude,196
léng,196
bigelow,196
dzerzhinsky,196
muc,196
ogre,196
bop,196
yoyo,196
velasco,196
wellzyn,196
springsteen,196
wallbrook,196
turin,196
ablixa,196
rhabdo,196
chẹt,196
nghẻ,196
morritz,196
saugus,196
mcgovern,196
ngín,196
berlicot,196
peregrin,196
tuyêt,196
lexa,196
sarfaraz,196
thelonious,196
ostreicher,196
flapper,196
ngoằn,196
allomere,196
nghĩlà,196
rng,196
toạt,196
saint-tropez,196
boots,196
giving,196
sng,196
sandwiches,196
chy,196
groove,196
dẹo,196
caponi,196
ducky,196
zandra,196
apu,196
beamer,196
nữu,196
stevesneezes,196
karenin,196
mech,196
corgidog,196
landman,196
sleepy,196
tennyson,196
whiplash,196
weps,196
belvedere,196
hiya,196
aqua,196
lưc,196
japheth,196
iwo,196
jima,196
windmill,196
vymuop,196
geoglyph,196
millen,196
chụm,196
rushmore,196
myspace,196
curcio,196
world-gobbler,196
pale,196
nhền,196
greenwood,196
methotrexate,196
khọm,196
ãƒ,196
dửng,196
shinra,196
pullings,196
kraznys,196
kadaj,196
nbc,196
reaching,196
olduvai,196
uac,196
chiền,196
oswego,196
kakarot,196
blakeney,196
lexicon,196
vesuvius,196
đăt,196
krieger,196
kittridge,196
krantz,196
angola,196
chrysler,196
kisaragi,196
đât,196
quantrill,196
varykino,196
rid,196
blazo,196
argyle,196
bellatrix,196
whyphy,196
michelin,196
widow,196
darkweb,196
chitauri,196
parish,196
riot,196
craft,196
nhạnh,196
lñi,196
pac,196
latimer,196
gôm,196
triple,196
hiller,196
killing,196
airways,196
balin,196
rane,196
vasari,196
vayentha,196
oài,196
tel,196
slate,196
cormier,196
collier,196
tauriel,196
cornwallis,196
cô-ca,196
princeton-plainsboro,196
plato,196
cj,196
messner,196
scordia,196
dinner,196
pankot,196
méng,196
watkins,196
middleton,196
eklund,196
genesisq,196
mô-sê,196
tarantula,196
muska,196
joes,196
balian,196
gimli,196
kahmunrah,196
kalishkanov,196
absolem,196
radcliffe,196
denniston,196
mobile,196
ceci,196
shayn,196
thñc,196
monarch,196
fantastic,196
indominus,196
mode,196
mtv,196
gant,196
shanghai,196
đúm,196
ratatouille,196
akator,196
phelps,196
mít-tinh,196
ladder,196
daario,196
cats,196
ironhide,196
brentwood,196
myr,196
ôh,196
congratulations,196
sanderson,196
locust,196
terrier,196
pallas,196
aì,196
oseransky,196
pleasant,196
myanmar,196
graffiti,196
deli,196
dieppe,196
app,196
veidt,196
bigg,196
nhừng,196
oliu,196
phimf,196
tháu,196
gàu,196
giập,196
wham,196
yugorsky,196
yardbird,196
beats,196
aegeus,196
mulcahy,196
bún,196
maì,196
spalding,196
fitzwilliam,196
moons,196
vâòy,196
aaaa,196
loay,196
tậm,196
octavius,196
favorite,196
canavaro,196
nanbu,196
lannier,196
yee-haw,196
ðêìn,196
golightly,196
ngoằng,196
pearson,196
vô-lăng,196
hosanna,196
naìo,196
thuôc,196
aruba,196
fifth,196
patriot,196
fenton,196
yaah,196
thời-không,196
parmitt,196
fache,196
initech,196
erickson,196
energy,196
leoch,196
phở,196
standall,196
naegi,196
fensky,196
ispahan,196
shadowhunter,196
malkin,196
lescovar,196
breacher,196
frenhofer,196
zerga,196
thc,196
sarin,196
intel,196
amunet,196
essen,196
arry,196
stinky,196
ravager,196
andals,196
jimenez,196
malone,196
thunk,196
gareeb,196
cebra,196
mirror,196
pas,196
mckee,196
mimics,196
blonde,196
tấ,196
deadpool,196
okubo,196
spinning,196
sasami,196
balê,196
enzym,196
bixby,196
kevlar,196
stream,196
i-rắc,196
phudeviet,196
blackwolf,196
dồ,196
vièc,196
nikumbh,196
mockingbird,196
yahtzee,196
tornado,196
kitai,196
harbinger,196
surrogate,196
minton,196
chamber,196
bangs,196
togawa,196
gảy,196
banjo,196
polymer,196
yorker,196
ski,196
amybie,196
eversmann,196
rash,196
dupree,196
dát,196
wellington,196
lờn,196
ghe,196
rothschild,196
salisbury,196
bumper,196
lumen,196
brona,196
fries,196
lúp,196
shots,196
gennero,196
khalasar,196
phỉa,196
punk,196
patronum,196
bôn,196
whimpering,196
bumpty,196
nhữưng,196
fatal,196
anubis,196
mpudi,196
vanilla,196
heisner,196
grams,196
whele,196
corvus,196
parabolani,196
seasons,196
vachs,196
luxembourg,196
stubbs,196
owl,196
tov,196
goya,196
blackburn,196
jassie,196
rúp,196
kuipers,196
kinaho,196
vroom,196
sms,196
vâm,196
agghhhh,196
gargoyles,196
coelophysis,196
mazel,196
atlee,196
krissi,196
goosfraba,196
bâu,196
ghẽ,196
assblaster,196
thit,196
excel,196
bureau,196
meeting,196
nardole,196
dzb,196
dew,196
ỉm,196
gigglesworth,196
navajo,196
ta-er,196
halo,196
hoffy,196
argos,196
donati,196
bagby,196
charlton,196
roads,196
roulette,196
mowbray,196
redbone,196
doorbell,196
tshombe,196
sá,196
maxima,196
stones,196
sellars,196
epstein,196
tsushima,196
reverb,196
pendragon,196
glaive,196
no-maj,196
cardinals,196
nhựt,196
mouthe,196
specter,196
denisov,196
choy,196
dũa,196
arroyo,196
beans,196
boga,196
bosnia hèrzègovina,196
chiềng cang,196
quài cang,196
tày poọng,196
ab péng,196
bùi ngùi,195
rơ ngao,193
rơ ngao krem,193
bấu véo,193
bach tãng,192
bòn mót,192
kamasutra,190
trôn,190
nashville,190
brassel,190
williamsburg,190
ozawa,190
schadenfreude,190
pykon,190
chõa,190
toothless,190
camry,190
btk,190
mậy,190
lemon,190
mantlo,190
bada,190
ngoéo,190
bankston,190
lạo,190
khấm,190
carraway,190
varjak,190
ld,190
ichiyama,190
akasha,190
palestin,190
swanson,190
puff,190
oviedo,190
hin,190
têu,190
leiter,190
madre,190
dios,190
misery,190
ngãn,190
giñng,190
b-hop,190
com-lê,190
gyptian,190
squirt,190
aaaah,190
balem,190
bolshoi,190
cake,190
quantum,190
ordonez,190
tume,190
moines,190
renesmee,190
firebender,190
cabo,190
jonesey,190
thoros,190
popeye,190
quờ,190
andraz,190
lerner,190
trash,190
quắp,190
garona,190
knees,190
mascara,190
o-ren,190
carcharodontosaurus,190
increase,190
devices,190
paparazzi,190
location,190
tiêt,190
tector,190
scream,190
gin-chan,190
magiê,190
viì,190
sly,190
heh-heh,190
khônggg,190
calcutta,190
midge,190
tôi-nhỏ,190
lykos,190
sicile,190
sorenson,190
hecate,190
rutherford,190
luỵ,190
foy,190
nonomiya,190
ozai,190
ibelin,190
pakistani,190
blomkvist,190
boomer,190
saracen,190
macôla,190
elevator,190
lếu,190
karasuma,190
grasse,190
aegis,190
machiavelli,190
oj,190
qủa,190
gallipoli,190
row,190
soe,190
niflheim,190
trick,190
natre,190
sticky,190
murtagh,190
cilicians,190
fellini,190
rouran,190
vogue,190
bard,190
fec,190
distant,190
slessman,190
ponce,190
woodward,190
mankiw,190
heptapod,190
delphi,190
senior,190
maximize,190
nhin,190
daly,190
eriksen,190
hallen,190
bng,190
jờ,190
oss,190
rới,190
rammondelo,190
technology,190
kalvin,190
mm-mmm,190
roshi,190
quack,190
legend,190
bính,190
eichhorst,190
roach,190
ahmanet,190
chòc,190
gives,190
fernandez,190
twins,190
divergent,190
ùng,190
roxanno,190
fincham,190
rosenthal,190
flicker,190
jumbo,190
aerys,190
zee,190
newlin,190
attorney,190
tifanny,190
guggenheim,190
dẹt,190
nhều,190
toalet,190
beatdown,190
daejeon,190
frenchie,190
negra,190
jag,190
except,190
florès,190
sons,190
hambuger,190
sần,190
ontario,190
vệc,190
aghhh,190
azog,190
huỵch,190
chểnh,190
steiner,190
cửng,190
kirova,190
gủi,190
guiana,190
orlean,190
spottswoode,190
quell,190
balfont,190
lauder,190
board,190
o-man,190
pyramid,190
maid,190
dragons,190
shipwreck,190
mice,190
khị,190
erlich,190
fandor,190
hawkes,190
norway,190
gloucester,190
hự,190
surprise,190
tifa,190
u-ru,190
parley,190
pe,190
eldritch,190
seljuk,190
õn,190
mccabe,190
legolas,190
coughing,190
bagheera,190
pinocchio,190
linga,190
stenz,190
ngĩ,190
chica,190
elmont,190
macgregor,190
dunkirk,190
kfc,190
quắn,190
garza,190
dimaggio,190
chaìu,190
biocyte,190
doniphon,190
vậ,190
dupont,190
kiễu,190
rocksteady,190
uhmm,190
sigma,190
gross,190
gibraltar,190
erebus,190
aldus,190
brundusium,190
blanc,190
shout,190
nostradamus,190
nhưn,190
pentos,190
stace,190
bulgaria,190
paulsen,190
fuegos,190
patil,190
airlines,190
pickles,190
jaian,190
hôp,190
kimmie,190
sayyad,190
ngát,190
viserys,190
rapid,190
neutrino,190
redstone,190
strip,190
ếu,190
mccall,190
rạ,190
phượt,190
khônghl,190
yolo,190
copeland,190
eywa,190
mahoney,190
veridian,190
celine,190
aegean,190
woe,190
hathaway,190
northumberland,190
douchebag,190
benstrom,190
magarri,190
cúa,190
kahn,190
gylfie,190
sapphire,190
onn,190
nairobi,190
lyze,190
uýt-xki,190
littlestone,190
haiz,190
quyt,190
nhưthế,190
lancel,190
keating,190
dqor,190
olson,190
wolowitz,190
peppermint,190
polnareff,190
broom,190
saisyu,190
tieu,190
grimmy,190
oedipus,190
cữu,190
týõng,190
quû,190
galovitch,190
mambo,190
player,190
bivolo,190
frye,190
mổi,190
utrilla,190
showman,190
sway,190
tivkom,190
academy,190
sort,190
krull,190
epi,190
tắc-xi,190
myshkin,190
jib,190
mrs,190
necromonger,190
cocktails,190
terrigen,190
wombosi,190
hir,190
zilpha,190
wesson,190
lockett,190
thuyển,190
tói,190
druce,190
parkins,190
gmt,190
chichester,190
masa,190
macbook,190
trap,190
mcguire,190
bợn,190
barrier,190
skeetacus,190
musk,190
sithandra,190
doggett,190
gaza,190
sê-ri,190
trangji,190
ậy,190
haibara,190
chappy,190
bod,190
thin,190
quayle,190
evening,190
liquid,190
durban,190
borby,190
lém,190
barbarian,190
cinna,190
cybertron,190
nhăm,190
medicine,190
byebye,190
rodrigues,190
fda,190
voulez-vous,190
adderall,190
da-dum,190
petrocelli,190
opening,190
lầ,190
aphrodite,190
choán,190
khệnh,190
mềllish,190
hamegg,190
sangeras,190
komodo,190
rabe,190
loch,190
đẵng,190
disaster,190
mcadam,190
touched,190
lapadite,190
exo,190
millbrook,190
vón,190
rackham,190
trystane,190
undercover,190
calitri,190
sênh,190
sasaki,190
sillycorn,190
jeju,190
anhora,190
croatia,190
chivilcoy,190
banging,190
needles,190
ehb,190
snoop,190
northwestern,190
flanders,190
dry,190
gresham,190
spice,190
caldlow,190
neutron,190
cruella,190
ùh,190
belivet,190
dyveke,190
nhụi,190
nhám,190
dinar,190
tulips,190
qa,190
warcraft,190
valar,190
dancin,190
tiptoe,190
arum,190
cannoli,190
qc,190
gogo,190
isengard,190
bangun,190
suite,190
greenpoint,190
buznik,190
vicap,190
latham,190
rảo,190
lậy,190
mcpherson,190
turning,190
agildo,190
szpilman,190
nanomite,190
nuts,190
dyson,190
snowball,190
tap,190
avignon,190
hardwicke,190
brigman,190
chiệu,190
goering,190
hidro,190
coca-cola,190
slovak,190
macmillan,190
kushal,190
edmonds,190
tascosa,190
colors,190
gorsky,190
coaley,190
bhima,190
quiznos,190
acchan,190
norvania,190
beeline,190
dẩn,190
playstation,190
katsushiro,190
hellboy,190
kawasaki,190
lrv,190
randyll,190
brutal,190
poo,190
apoorva,190
jacks,190
delgado,190
ainslie,190
solex,190
felson,190
inh,190
ưh,190
wasabi,190
rennes,190
bruges,190
toledo,190
lambo,190
burnett,190
dhs,190
kkotbun,190
longbottom,190
rohypnol,190
khộng,190
ceti,190
hasta,190
oozaru,190
weinberg,190
browns,190
nago,190
southern,190
tanto,190
chill,190
thanksgiving,190
rupees,190
tréo,190
khôgn,190
kingsbury,190
bratva,190
forth,190
cwi,190
áu,190
kazama,190
taki,190
trẻo,190
dust,190
valse,190
jaqen,190
kizuki,190
udinov,190
potato,190
biiiy,190
schwarzenegger,190
downing,190
rây,190
moscram,190
litvenko,190
arcnet,190
búi tó,190
este,190
khmer krôm,189
rơ kơi,189
thèn sìn,189
bíu bìu,189
bõ tồng,189
cacbon đioxit,189
cang cọt,189
kaecilius,184
sedgwick,184
terrorsaur,184
clearwater,184
fendall,184
lcarus,184
roof,184
italian,184
emotional,184
daredevil,184
swede,184
giangftg,184
oblivion,184
roarke,184
gholem,184
howdy,184
vamos,184
pavlovich,184
terrible,184
crimea,184
flux,184
lẹt,184
tanne,184
lightfoot,184
nge,184
nơm,184
fergie,184
python,184
batdambang,184
lô-gic,184
hemlock,184
mcginnis,184
lechero,184
đng,184
guevara,184
phia,184
dort,184
horcrux,184
conclusion,184
ravenclaw,184
wakanda,184
seligman,184
jagger,184
blixen,184
sù,184
laid,184
zoltar,184
bedouin,184
lindisfarne,184
trant,184
eastman,184
research,184
réunion,184
muffled,184
fitzy,184
romilly,184
wason,184
cácbôníc,184
kedavra,184
avada,184
staring,184
dilithium,184
vatan,184
metropolitan,184
sponder,184
bold,184
mcgrath,184
pasternak,184
dawes,184
pennyworth,184
lceman,184
swenson,184
vạy,184
throne,184
beausejour,184
dickinson,184
yongkang,184
ục,184
moriwaki,184
snoring,184
goodensnake,184
colchicine,184
nhớn,184
toa-lét,184
khyber,184
pettigrew,184
ambo,184
virgin,184
tascha,184
exodus,184
dặc,184
imagine,184
asking,184
tut,184
ozona,184
hdvnbits,184
thalaron,184
tube,184
saberhawk,184
neverland,184
himes,184
croissant,184
lysowsky,184
hardman,184
archbishop,184
chatillon,184
pyp,184
epps,184
sherrinford,184
lặc,184
dòi,184
chinese,184
lé,184
moonlight,184
missing,184
wooton,184
kerrigan,184
zpd,184
somethin,184
khóm,184
rolls-royce,184
gossamer,184
jetstream,184
einie,184
rdx,184
byrnes,184
fame,184
stevenson,184
bologna,184
vểnh,184
chug,184
zimm,184
tưởi,184
aquila,184
noir,184
joao,184
youth,184
rockstrom,184
ày,184
purple,184
hường,184
hippo,184
blackwater,184
howeitat,184
woodbridge,184
lz,184
dredd,184
cajun,184
octa,184
helion,184
breaker,184
walcott,184
ngẫn,184
mavericks,184
barkawi,184
sịt,184
helium,184
monolith,184
pettifer,184
davidstown,184
kalarjian,184
yorgi,184
furyan,184
gotten,184
nhữn,184
oas,184
dasha,184
dez,184
thúng,184
sunwoo,184
markridge,184
mustard,184
area,184
frăng,184
carrying,184
neanderthal,184
drogheda,184
tannen,184
nhựng,184
exclaims,184
prosser,184
gogol,184
hangyul,184
nefario,184
xề,184
mistake,184
greiff,184
ùn,184
cức,184
felt,184
nhưlà,184
tomato,184
tae-ahn,184
mcara,184
rycart,184
dzaaa,184
heimdall,184
eobard,184
gnome,184
luvet,184
tock,184
trố,184
tzu,184
lukis,184
buzzy,184
giants,184
đẫy,184
mọ,184
tcn,184
swim,184
krstic,184
sephora,184
heimdahl,184
rumplestiltskin,184
cynodont,184
hụ,184
dvdrip,184
farnsworth,184
sancti,184
enemies,184
kidding,184
rinzler,184
quorra,184
chalk,184
quince,184
mă,184
sphinx,184
goring,184
pha-ra-ông,184
bonsai,184
ellison,184
phogat,184
festival,184
bob-omb,184
attwell,184
danzinger,184
hục,184
stryker,184
ginzo,184
aiolos,184
pariah,184
capi,184
muông,184
tantrum,184
medbay,184
clap,184
dewald,184
ời,184
coward,184
ca-nô,184
baleman,184
booyah,184
fido,184
t-bird,184
naiyeer,184
caffein,184
dùa,184
spit,184
neya,184
worthington,184
ngò,184
ariadne,184
pressure,184
tõm,184
smithers,184
squeaking,184
fifi,184
konieg,184
lenihan,184
lọn,184
ình,184
cỡm,184
ou,184
khon,184
skeeto,184
murtaugh,184
vexy,184
philipin,184
atlanticnet,184
gobber,184
renoir,184
lilah,184
clorat,184
pintero,184
rifle,184
hoquoctri,184
bithiah,184
benning,184
kimura,184
romance,184
phơ,184
chýa,184
bottoms,184
wreath,184
mandela,184
blanc-sec,184
pê,184
anten,184
nều,184
farell,184
fallin,184
mariner,184
melbourne,184
matsuda,184
nấn,184
mccloy,184
oh-ho,184
dewer,184
hyung-gu,184
dl,184
pathfinder,184
rollergirl,184
motunui,184
vao,184
katz,184
obote,184
omo,184
mgm,184
moraeu,184
mãt,184
spolano,184
yalta,184
tuxhorn,184
honeycutt,184
ludes,184
tp,184
december,184
obadiah,184
sadovaya,184
kc,184
climb,184
southfork,184
cheeeehoooo,184
hockley,184
mix,184
buối,184
ptolemy,184
savior,184
bengal,184
thủa,184
vargulf,184
jernigan,184
salvation,184
cronin,184
dất,184
offer,184
eureka,184
biếc,184
rocker,184
beeze,184
oakmont,184
lyanna,184
pinkminx,184
castlegard,184
ngậy,184
donk,184
difference,184
ev,184
al-sahfer,184
giêt,184
thãy,184
ahhhhhh,184
canter,184
possible,184
sanpo,184
libertus,184
klark,184
jaws,184
basher,184
syrio,184
eames,184
rangoon,184
ngoẻo,184
garlick,184
zamora,184
belen,184
brockman,184
ap,184
bois,184
chic,184
glorious,184
kappel,184
beetee,184
lancia,184
tiêc,184
sakaarson,184
nunez,184
khạng,184
honeybunny,184
chateau,184
ubient,184
anarchy,184
sistine,184
maitland,184
kdk,184
halifax,184
diamondback,184
bah,184
yagahl,184
chilton,184
operation,184
naga,184
heindrich,184
hatch,184
dhaakad,184
astoria,184
nugget,184
i-ốt,184
maker,184
loai,184
beef,184
closing,184
driving,184
davinci,184
dignam,184
oti,184
bandy,184
oxycontin,184
caesars,184
mexisolar,184
pritchard,184
agnihotri,184
dk,184
legionella,184
mbạng,184
frabjous,184
trooper,184
hamir,184
eponine,184
kên,184
steps,184
ngữa,184
xucker,184
wonderly,184
nyu,184
valdes,184
doping,184
heii,184
tằn,184
pacho,184
fitch,184
cì,184
thøng,184
megadeus,184
gpa,184
garupe,184
bouboulina,184
korosensei,184
xerox,184
whoo-hoo-hoo,184
fukuryu-ji,184
sankara,184
toubei,184
hym,184
jaye,184
dzụ,184
hemsley,184
hanniger,184
bari,184
nạc,184
prairie,184
mcmurran,184
trôm,184
bãng,184
dev,184
sandin,184
reaux,184
dười,184
fleck,184
kuroda,184
torah,184
harcourt,184
upbeat,184
sagan,184
rổi,184
baracus,184
doãn,184
secrets,184
chúgn,184
sachs,184
impala,184
foyt,184
prancer,184
vangor,184
barking,184
trẩu,184
rrts,184
athur,184
pseudo,184
yasuno,184
nitric,184
aldetha,184
falken,184
shell,184
zimbabwe,184
houser,184
lifestream,184
meth,184
rd,184
corrections,184
hashtag,184
churg-strauss,184
jinxers,184
cravat,184
denari,184
looper,184
antipas,184
gomey,184
crenna,184
weep,184
clarinet,184
ji-su,184
aghh,184
thàng,184
mỉnh,184
mapo,184
arch,184
schott,184
wheely,184
dongdongdua,184
crosby,184
cob,184
peanut,184
sometime,184
closer,184
vossler,184
caretaker,184
milk,184
beì,184
quở,184
cimarron,184
rivetti,184
mint,184
calico,184
icu,184
rising,184
nitrate,184
prospector,184
hq,184
ime,184
chagarin,184
ledward,184
campion,184
cassian,184
static,184
güp,184
chãm,184
softsub,184
víng,184
cailin,184
mchale,184
vine,184
versailles,184
amip,184
guldur,184
berube,184
lña,184
chủa,184
kiwi,184
cries,184
bẳng,184
shouid,184
serrano,184
romani,184
phới,184
woodman,184
thichlamvip,184
kiu,184
seeing,184
leefolt,184
sẩm,184
sịn,184
hashshashin,184
trane,184
duelling,184
deveraux,184
lổng,184
toeses,184
chành,184
fubar,184
bremen,184
predator,184
chiêng,184
koike,184
nitrogen,184
tatihana,184
weeping,184
ơôc,184
marlowe,184
dnc,184
lactic,184
budderball,184
badland,184
liếu,184
engsub,184
dagget,184
lines,184
batou,184
xuñng,184
nemesis,184
quincannon,184
slattery,184
wailing,184
morro,184
jonh,184
hertz,184
tễnh,184
minuti,184
franchucha,184
khỏ,184
dồng,184
jurassic,184
rockin,184
doành nhâm,184
lào nọi,184
nhơn trạch,182
tằng lổng,182
ia broăi,181
ia dơk,181
ia krêl,181
ia mrơn,181
ia tôr,181
noong luống,181
pé lù,181
xín mần,181
bhâp gong,181
morozov,178
millburn,178
uptown,178
boney,178
bigfoot,178
aaargh,178
jocasta,178
butterfly,178
weary,178
concert,178
ector,178
noctis,178
gemini,178
khôngggg,178
su-yun,178
greenway,178
çînh,178
bors,178
weller,178
lèm,178
posca,178
cadmium,178
zip,178
kere,178
faroux,178
bonds,178
holbrook,178
ounce,178
chènh,178
mobil,178
triad,178
sleeping,178
niết,178
vennett,178
ce,178
uggg,178
aaalhlhlhlh,178
ôxi,178
finger,178
horne,178
macmorrow,178
shattuck,178
tôii,178
céng,178
rặt,178
vót,178
gladstone,178
quacking,178
xúc-xích,178
pennington,178
duloc,178
proximo,178
pills,178
siffredi,178
hezbollah,178
bcci,178
đơm,178
pancakes,178
yippee,178
europa,178
rainmaker,178
puzzle,178
rebel,178
vởi,178
farraj,178
imperial,178
gout,178
đy,178
fitzherbert,178
dionysus,178
coolidge,178
yenbo,178
chanting,178
cũung,178
identity,178
sisters,178
oxfordshire,178
audience,178
regret,178
bound,178
fantasy,178
mbbg,178
obispo,178
uhoh,178
sandor,178
coughs,178
phỗng,178
stiff,178
electricity,178
kamaji,178
deveny,178
choá,178
costigan,178
kawai,178
tobruk,178
overkill,178
miley,178
sudoku,178
shinbone,178
figs,178
baldini,178
kipling,178
moab,178
pasarian,178
partner,178
galapagos,178
cạu,178
sniper,178
ent,178
souls,178
meat,178
endurance,178
dwarf,178
flaherty,178
ru-ma-ni,178
pants,178
ìch,178
blackpool,178
certain,178
slam,178
ca-pô,178
fynn,178
chevrolet,178
tabes,178
francoise,178
chew,178
lepidus,178
cinderella,178
piccadilly,178
tanis,178
indistinct,178
pole,178
aroon,178
habeeboo,178
twombly,178
hama,178
sequoia,178
xè,178
fenway,178
float,178
mistakes,178
digging,178
catalan,178
poussin,178
ruselsky,178
eg,178
maginot,178
mobley,178
sebumi,178
waste,178
cee,178
posada,178
coldwater,178
khem,178
carnegie,178
tondc,178
staff,178
sommerton,178
phổng,178
deveaux,178
weinstein,178
adelynn,178
ashmita,178
wheels,178
gruner,178
lshông,178
khựng,178
rapids,178
bụt,178
puss,178
tasker,178
lich,178
siegen,178
aldrin,178
bót,178
swiss,178
ô-tô,178
shoryuken,178
kehoe,178
nussbaum,178
rơ-le,178
hezbolla,178
ahmedov,178
đáu,178
mackay,178
mccallister,178
ozark,178
exeter,178
moors,178
poodle,178
meaning,178
smiling,178
fagle,178
shaunessy,178
bongo,178
đíu,178
rockies,178
tootsie,178
soo-ah,178
whack,178
yeonpyeong,178
chernobly,178
garô,178
thorazine,178
chắng,178
gotetsu,178
kíli,178
chain,178
torture,178
musubi,178
molo,178
source,178
oba,178
rafiki,178
sebulba,178
bighorn,178
baze,178
lojack,178
boomako,178
yonkers,178
ley,178
ừmm,178
kí-lô,178
animus,178
massude,178
vêì,178
panza,178
jardine,178
obi-wan,178
wirepa,178
fatum,178
greater,178
fairbanks,178
hightopp,178
sỗ,178
mountains,178
humpty,178
mokichi,178
trilithium,178
pettibone,178
thãm,178
ebola,178
virilus,178
maiden,178
ic,178
enola,178
cawley,178
oregano,178
awake,178
noyce,178
alura,178
do-won,178
peak,178
lủ,178
mõ,178
thễ,178
winkler,178
sweetzer,178
ngầy,178
segovax,178
bui,178
mamba,178
roswell,178
să,178
vory,178
anheuser,178
fetch,178
gới,178
oenomaus,178
pfft,178
grab,178
files,178
lonergan,178
nùi,178
ngật,178
haeundae,178
phị,178
bagghar,178
kyungwon,178
mye,178
professor,178
clements,178
plenty,178
bertioga,178
yakul,178
dayal,178
crawe,178
tupinamba,178
hỉu,178
sitting,178
hau,178
bagram,178
sheppard,178
degi,178
dss,178
hazelton,178
cod,178
gulapa,178
proxy,178
baxford,178
struggling,178
fordham,178
lair,178
baku,178
zatoichi,178
offshore,178
regazzoni,178
metan,178
izzie,178
oceanic,178
cẫng,178
strand,178
federale,178
quoa,178
adwords,178
ran-neechan,178
verdant,178
wingate,178
buliwyf,178
lucca,178
zaibatsu,178
herrera,178
rockwell,178
oằn,178
squire,178
munson,178
fail,178
zerbib,178
smallwood,178
trưc,178
allahu,178
funeral,178
pakal,178
neapolis,178
exchange,178
oompa,178
oates,178
renner,178
sonora,178
vsi,178
zeddicus,178
lollipop,178
gruenewald,178
jb,178
switch,178
cane,178
tombi,178
tuscany,178
nd,178
excalibur,178
stingray,178
placerias,178
hammersmark,178
ruf,178
lime,178
ladeado,178
camino,178
severak,178
aoyama,178
letters,178
mcclure,178
dreaming,178
elloe,178
shows,178
aird,178
chunichi,178
goryeo,178
sakuramiya,178
petunia,178
monkford,178
vie,178
jofre,178
wtf,178
ngoa,178
welsborough,178
public,178
roh,178
nảo,178
navigator,178
wonka,178
bechet,178
omsk,178
tada,178
sạt,178
vibius,178
synced,178
rastogi,178
homes,178
vastrel,178
toki,178
rờn,178
nishamura,178
xibalba,178
shawshank,178
braxin,178
tribeca,178
hepburn,178
telescope,178
preacher,178
spiderwick,178
typesetter,178
ursa,178
highline,178
farook,178
muống,178
futterman,178
taiana,178
carat,178
iss,178
godfather,178
mba,178
galgo,178
audio,178
dragonglass,178
sesterce,178
halden,178
thâòt,178
a-men,178
thâìy,178
tibbett,178
mephisto,178
nhít,178
kacee,178
bogo,178
sirô,178
đượ,178
dickson,178
mckendrick,178
yusef,178
đạ,178
okey,178
sùm,178
underverse,178
goldilocks,178
doctors,178
frobisher,178
garriga,178
yahiko,178
đoc,178
carradine,178
zeph,178
ngổn,178
planchet,178
dực,178
delorean,178
bread,178
wapner,178
típ,178
caucasus,178
bink,178
shush,178
rubicon,178
vancomycin,178
deeply,178
burgers,178
algeria,178
cfo,178
nqk,178
perrin,178
lehnsherr,178
freighter,178
catalast,178
azeroth,178
naharis,178
sionis,178
acth,178
mcphee,178
myelin,178
sniffer,178
buỗi,178
fraulein,178
đăng-ten,178
wheirdicht,178
hartig,178
cyber,178
islands,178
belfast,178
naki,178
bonnet,178
macumba,178
milori,178
bozeman,178
guatemala,178
sore,178
xời,178
nem,178
chếch,178
nhửng,178
gisla,178
draper,178
faces,178
jezebel,178
lannon,178
đa-ni-ên,178
khúm,178
ngiêm,178
đân,178
clemensen,178
berger,178
ahhhhh,178
svalbard,178
gorban,178
rumbling,178
lndistinct,178
hý,178
lamontagne,178
lad,178
natchios,178
nớp,178
listening,178
capra,178
breitkopf,178
stonehenge,178
ngườl,178
kleist,178
destro,178
corral,178
iorek,178
mulholland,178
lsland,178
deny,178
wao,178
lexcorp,178
agnew,178
benthic,178
agua,178
kikuyu,178
schaffer,178
auf,178
maroc,178
muồn,178
filch,178
crestmont,178
kuragin,178
dress,178
lit,178
glendale,178
milkovich,178
aloha,178
mays,178
acappella,178
cette,178
bennell,178
uk,178
keeping,178
diner,178
mingo,178
bachchan,178
harmonica,178
minxie,178
nơ-ron,178
lainie,178
ngác,178
tikhon,178
charak,178
sodom,178
dougy,178
pritchett,178
whimpers,178
barish,178
annapolis,178
yamagato,178
tụm,178
ừ-hứ,178
baht,178
usdf,178
edge,178
laaa,178
dandolo,178
minaton,178
laeta,178
almasy,178
ouelet,178
raining,178
japan,178
adventure,178
manche,178
celtics,178
coahuila,178
linder,178
absalom,178
cameras,178
weathers,178
woodland,178
boeing,178
zone,178
arimaspi,178
hê-rô-in,178
rày,178
capoeira,178
moá,178
shadaloo,178
peppy,178
dingwall,178
bẹn,178
whistle,178
endeavour,178
sumner,178
pullman,178
creech,178
ni-tơ,178
sóat,178
passion,178
breach,178
insight,178
richelieu,178
allo,178
hidalgo,178
outumov,178
mithridates,178
sevetnaya,178
nây,178
thướng,178
beerus,178
brucey,178
hawai,178
mayfleet,178
propp,178
wireless,178
monk-e,178
kingsly,178
timing,178
cokely,178
metallo,178
dol,178
hi-ya,178
artaban,178
strut,178
jhon,178
dun,178
td,178
roand,178
jets,178
jacobite,178
bulldog,178
gouda,178
petit,178
mattocks,178
hoăc,178
ghb,178
lsabella,178
ramse,178
minos,178
mamaji,178
mata,178
seahawks,178
faber,178
shoe,178
lookit,178
downloaded,178
influence,178
feelings,178
proud,178
viếc,178
hershey,178
lumos,178
riggins,178
ót,178
cmt,178
akita,178
hashimoto,178
giảo,178
opus,178
vermeer,178
ygritte,178
clouds,178
shales,178
khù,178
hawkeye,178
dinobot,178
sardinia,178
shameless,178
briseis,178
heli,178
khum,178
táy chiềng,175
táy đeng,175
bêu rếu,173
akăi măt,172
bỏi wâng,172
bủn khún nọi,172
hombre,171
akiyama,171
trõñng,171
lavieenrose,171
guerrero,171
reseda,171
verheiden,171
delta-xray-delta,171
gerhana,171
dook,171
ugggh,171
rardy,171
peril,171
reordan,171
recall,171
raizo,171
mazur,171
jiminy,171
lassiter,171
buzzer,171
liberia,171
ozunu,171
buzzes,171
kinshasa,171
segars,171
wembley,171
director,171
february,171
amargosa,171
ripcord,171
lyme,171
scarecrow,171
chố,171
jd,171
rắt,171
warhol,171
tuýt,171
micrô,171
renquist,171
roche,171
cobain,171
marshak,171
babra,171
ghẹ,171
dé,171
cotwell,171
methadone,171
lìm,171
plane,171
tuchman,171
peridot,171
gryska,171
kkhôngw,171
beanie,171
boxen,171
dillinger,171
mannings,171
nỏi,171
phomat,171
mordrake,171
horie,171
ledoux,171
gupta,171
dổi,171
zamp,171
daytona,171
wowee,171
fairmont,171
otsu,171
carpenter,171
bullshit,171
samwise,171
ix,171
hĩ,171
baybạn,171
plugger,171
mirana,171
iracebeth,171
roc,171
pru,171
tehachapi,171
hercule,171
duval,171
mpeg,171
dampier,171
lindberg,171
shreveport,171
picketwire,171
lain,171
dt,171
stew,171
hamas,171
theme,171
jind,171
muse,171
bedlam,171
ammer,171
stalag,171
sullenberger,171
samari,171
ây-dà,171
nitroglycerin,171
fê,171
ultra,171
starkey,171
beeman,171
zoot,171
kettering,171
rhonu,171
cocoa,171
sars,171
bâi,171
krang,171
nails,171
kaoru-dono,171
twinkle,171
naath,171
foundation,171
letto,171
ufb,171
silk,171
quỳnh,171
platform,171
chạn,171
lax,171
feathers,171
antarctica,171
osgiliath,171
barstow,171
acosta,171
kiếc,171
mecklen,171
deraa,171
hửi,171
zaretsky,171
waite,171
mauritius,171
duden,171
ganush,171
ca-cao,171
ksi,171
wieck,171
fallujah,171
kito,171
palo,171
hauk,171
wilberforce,171
brockovich,171
locker,171
mansley,171
armorique,171
bagel,171
cpr,171
boyfriend,171
bergen,171
shar,171
merrit,171
gobbels,171
a-con,171
canal,171
kaylo,171
dớ,171
praise,171
hypatia,171
persephone,171
ler,171
duới,171
zapp,171
chá,171
hummus,171
funkyzeit,171
abati-posanga,171
punku,171
taft,171
takiya,171
tupiniquin,171
buff,171
kawaishi,171
fender,171
stallion,171
nation,171
swayze,171
merkers,171
audi,171
lovegood,171
nhách,171
fitzpatrick,171
ssh,171
dejorio,171
eng,171
thicke,171
likes,171
niám,171
lụm,171
apocalypse,171
chẹn,171
stoker,171
gotcha,171
spitfire,171
drablow,171
toulon,171
gómez,171
scudder,171
bitter,171
dirksen,171
toptabi,171
khutulun,171
thúy,171
masrani,171
elefun,171
kochkor,171
karakorum,171
rothstein,171
lansing,171
jamé,171
đich,171
kurston,171
haggerty,171
leyte,171
clave,171
dundee,171
claw,171
elk,171
pendejo,171
exxon,171
hutchinson,171
hi-c,171
morgenstern,171
agency,171
aesir,171
aghhhh,171
è,171
zzz,171
jiminez,171
uýt,171
dumbo,171
đúa,171
pbs,171
mcalester,171
burma,171
pavlov,171
giừo,171
xoe,171
beyonce,171
pentagon,171
pots,171
santorini,171
chopin,171
regent,171
kerak,171
sworn,171
godfreys,171
tiberias,171
liquor,171
contact,171
clown,171
flickr,171
harp,171
culverton,171
róc,171
kheros,171
chi-ca-gô,171
devonshire,171
nhện-bơ-gơ,171
kardashian,171
hc,171
toefl,171
pavency,171
rươu,171
huckleberry,171
sedona,171
ngồ,171
hitier,171
oriani,171
raging,171
sears,171
bostick,171
problems,171
polack,171
scotia,171
dúm,171
status,171
êh,171
nhíu,171
ài,171
mcbee,171
copperfield,171
brockston,171
ikea,171
players,171
lecoeur,171
hulka,171
wernick,171
vlkl,171
rumspringa,171
yellowjacket,171
waffle,171
shelter,171
amphetamines,171
predacons,171
bayou,171
giỡ,171
patmosis,171
ngút,171
owlduy,171
greek,171
đởn,171
thirsty,171
azarath,171
nư,171
kosiak,171
wildwood,171
gallian,171
klingons,171
piak,171
everglot,171
bẵng,171
niken,171
smurfy,171
baywatch,171
forbidden,171
abdic,171
bệt,171
udre,171
auburn,171
hardhome,171
navabi,171
ps,171
dartmoor,171
tomako,171
dóng,171
loăng,171
giô-sua,171
i-sa-ác,171
sô-đôm,171
galuzzo,171
boremont,171
keyboard,171
september,171
shingen,171
alexandretta,171
iskenderun,171
primus,171
hesse,171
irắc,171
ueno,171
angle,171
supply,171
xệch,171
ethanol,171
loop,171
grass,171
lộp,171
rave,171
crease,171
sèng,171
scabbers,171
crabbe,171
kennex,171
mcgowen,171
hufan,171
suza,171
thorpe,171
helios,171
diu,171
producer,171
ajax,171
verbis,171
mashido,171
xoát,171
ravello,171
gía,171
soa,171
ngưòi,171
guderian,171
tuốc,171
klaw,171
hanging,171
xự,171
rollins,171
râìt,171
furiosa,171
pinkney,171
townsend,171
galaga,171
tễ,171
medved,171
vaseline,171
glickenstein,171
colada,171
perk,171
bubus,171
nikolaevich,171
bôì,171
ey,171
jester,171
nhaì,171
vukmir,171
caesonia,171
derbyshire,171
madras,171
õò,171
chaerea,171
kít,171
nghễ,171
lentulus,171
tic-tac,171
cern,171
villega,171
cinnamon,171
mayer,171
thax,171
bubbles,171
phòi,171
taòi,171
blowfish,171
lowan,171
lõìi,171
heflin,171
chiò,171
sarasota,171
sõi,171
ralston,171
băt,171
ắc-quy,171
elm,171
bending,171
lys,171
nothin,171
orellana,171
digest,171
andretti,171
carbohydrate,171
roscuro,171
trolius,171
retrieve,171
iungebit,171
tread,171
chelmsford,171
lumiere,171
hửng,171
nọi,171
vulcanalia,171
salaam,171
voices,171
wicks,171
russoti,171
underground,171
impossible,171
meam,171
district,171
helsinki,171
khoải,171
nool,171
ortiz,171
montenegro,171
wolfshiem,171
savoy,171
geographic,171
miligam,171
cumberland,171
gomorrah,171
đốtxương,171
mcmichael,171
cloche,171
porphyrin,171
pooh,171
radiator,171
ghent,171
amazing,171
lnterpol,171
diazepam,171
furst,171
hatchet,171
colonna,171
akula,171
freckie,171
originals,171
sột,171
larkhill,171
gorski,171
sễ,171
strawn,171
chăc,171
outlet,171
gallen,171
cỡn,171
lase,171
toomy,171
nạm,171
parson,171
caraway,171
nướu,171
nải,171
hênh,171
maroof,171
ecofield,171
divine,171
praying,171
loudly,171
prothero,171
geiger,171
maddow,171
denbow,171
virtucon,171
legionnaire,171
crackling,171
mckinney,171
dọ,171
đôc,171
triads,171
nascar,171
finnerty,171
juice,171
peoc,171
oop,171
attack,171
elves,171
đỏm,171
abracadabra,171
meta-humans,171
carlifornia,171
diamonds,171
positron,171
karoo,171
gauguin,171
behcet,171
slivko,171
dos,171
jospin,171
eam,171
chaung,171
weedy,171
baylock,171
vậng,171
hornet,171
rast,171
đị,171
notice,171
lohan,171
knauer,171
eastwood,171
hoanglonghs,171
manzo,171
hearst,171
keziah,171
vuitton,171
jacuzzi,171
găng-tơ,171
mogadishu,171
sizemore,171
release,171
rants,171
cholmondeley,171
jankis,171
awk,171
inferno,171
reactron,171
voan,171
rules,171
gezza,171
scars,171
spread,171
busy,171
yun-ju,171
găngxtơ,171
crumb,171
rwanda,171
moguy,171
priest,171
heston,171
smoot,171
quết,171
tylenol,171
rym,171
fixer-upper,171
seacord,171
prentice,171
brolin,171
trench,171
radagast,171
al-shabab,171
ag,171
tobeols,171
ruger,171
kafka,171
lewton,171
khều,171
kilgrave,171
whooping,171
toole,171
mùn,171
granny,171
chiricahua,171
tb,171
voodoo,171
pohlmann,171
sack,171
straub,171
argus,171
fanning,171
enambala,171
nengw,171
inspiron,171
bannerman,171
b-dawg,171
cleaver,171
breeze,171
rosebud,171
sơmi,171
h́nh,171
schaeffer,171
prado,171
boxo,171
reynaud,171
brixton,171
ngonyama,171
beaupre,171
pogo,171
tenebrae,171
rôm,171
paymon,171
nhắng,171
prolethean,171
si-rô,171
viăn,171
scorpio,171
maeda,171
bulletin,171
iuôn,171
keeler,171
cytomegalo,171
iúc,171
catedral,171
publius,171
cabeça,171
cườm,171
ravech,171
zampano,171
pepsee,171
murmansk,171
xuêng,171
chop,171
centipede,171
viettorrent,171
lßn,171
pelican,171
jiwoo,171
weld,171
capote,171
dotzler,171
eaton,171
tangiers,171
wormald,171
immovable,171
windigo,171
phoe,171
iớn,171
rachmaninoff,171
silic,171
yukon,171
barnsby,171
desean,171
putting,171
loát,171
kowalsky,171
khoãng,171
thớ,171
qatar,171
raikes,171
frogman,171
doniger,171
hưm,171
macintosh,171
howling,171
narain,171
social,171
od,171
gunshot,171
mcewen,171
baez,171
goff,171
thuóc,171
claxion,171
tãn,171
porthos,171
lmperial,171
outcome,171
rumba,171
janders,171
supermax,171
punchy,171
ak-em,171
louden,171
cerebro,171
bulgari,171
tune,171
woodridge,171
guineas,171
hits,171
random,171
khênh,171
boldieu,171
dith,171
hĩm,171
lebedev,171
quixote,171
copernicus,171
nomak,171
méliès,171
ringer,171
squillace,171
supertramp,171
mccartney,171
asterix,171
muerd,171
voight,171
winchesters,171
saffron,171
dioneo,171
wheatondale,171
quặn,171
thỏai,171
sun-ja,171
rivendell,171
xitto,171
boo-ya,171
pugio,171
stolen,171
kerns,171
lởi,171
grenoble,171
chng,171
thởi,171
dearest,171
zakone,171
tbilisi,171
lalaurie,171
lambrick,171
kava,171
downtown,171
càfê,171
rotc,171
grin,171
sap,171
yasar,171
ahhhh,171
colucci,171
arkani,171
thuds,171
mexicô,171
toulour,171
angka,171
hoboken,171
dêm,171
tarconi,171
ending,171
piscatella,171
soo-mi,171
đỏi,171
mojito,171
believer,171
buchwalter,171
commotion,171
grammaton,171
porto,171
aasim,171
iridium,171
kalen,171
xom,171
mirkovich,171
yochabel,171
load,171
trafalgar,171
cuse,171
yogi,171
boulevard,171
drayton,171
wainwright,171
khĩ,171
comment,171
silverton,171
breakline,171
lib,171
orpheus,171
hyperdrive,171
áp-xe,171
ridgley,171
attention,171
hodges,171
lẵng,171
shada,171
faro,171
napa,171
yelps,171
skadoosh,171
cassiopeia,171
thornfield,171
graysons,171
redford,171
chatterley,171
yoshida,171
meeker,171
bèm,171
dembe,171
mowett,171
treasure,171
gilzean,171
sach,171
caddy,171
clusiot,171
ingleman,171
missus,171
lỏn,171
portos,171
cusimano,171
network,171
ramen,171
bugs,171
marigold,171
brac,171
mếu,171
amo,171
đỏng,171
soohyun,171
jeffords,171
janos,171
kirami,171
tormund,171
kuala,171
thou,171
khua phat kơđi,170
buenos días,170
bêu riếu,170
bắng nhắng,170
nùng khèn lài,168
viêng lán,168
yàng pô lơngì,168
bĩ cảo,168
mậu thìn,166
bordj bou arréridj,165
thuỵ quỳnh,165
tày hạy,165
a-mi-nô a-xít,165
a-xít đê-zoóc-xi-ri-bô-nu-clê-ích,165
bèn bẹt,165
choong-su,163
bump,163
omnicorp,163
mcmillan,163
hardscrabble,163
bugle,163
highway,163
sulley,163
sitibi,163
gotaland,163
nakajima,163
toss,163
hashima,163
joint,163
kyros,163
walks,163
zuse,163
beaman,163
muggeridge,163
abyssina,163
himmelstoss,163
grinder,163
genius,163
praxis,163
camel,163
progeria,163
prussia,163
badge,163
nghỉm,163
thửa,163
faranoosh,163
beo,163
rai,163
machu,163
minor,163
ao-xơ,163
searching,163
picchu,163
schumacher,163
yee-hah,163
ngiệm,163
thimbletack,163
chiän,163
eok-jo,163
noiseuse,163
săp,163
mannheim,163
rothmayar,163
lucullus,163
trổi,163
sitwell,163
hub,163
xực,163
beric,163
littlefinger,163
donagan,163
solstein,163
augsburg,163
haimes,163
thỏm,163
nostra,163
arc,163
debelzaq,163
tardis,163
peper,163
ut,163
roan,163
silverman,163
hennessey,163
longson,163
singleton,163
sancia,163
nantz,163
nhẩn,163
mazda,163
ee,163
sarfaraaz,163
young-ha,163
ju,163
campos,163
batroc,163
venafro,163
clattering,163
vestris,163
plains,163
wachtell,163
bodies,163
borquita,163
blackbird,163
depot,163
lsaac,163
kuntala,163
galicia,163
harder,163
mordred,163
rinky,163
giếc,163
lmir,163
chiron,163
message,163
pipes,163
tilden,163
rumlow,163
fernfield,163
gúp,163
ồng,163
landale,163
koto,163
ging,163
pipe,163
ceceli,163
konishi,163
liddell,163
speedbird,163
gravity,163
mutant,163
barrol,163
blam,163
wize,163
jesu,163
sterlo,163
galbrain,163
radfield,163
shackleton,163
tãng,163
hefner,163
ría,163
rent,163
ein,163
kisses,163
mkhulu,163
kovach,163
nebula,163
rican,163
tunica,163
narrator,163
mirdin,163
ethion,163
lếch,163
mendl,163
carbine,163
monitor,163
tae-ho,163
quale,163
davidseanghia,163
nerva,163
bitou,163
ầy,163
papua,163
kargykistan,163
cời,163
magnifico,163
annex,163
maman,163
alaikum,163
brava,163
haldol,163
ngoba,163
brunt,163
ledwaba,163
croix,163
ducats,163
ambush,163
drummer,163
dassault,163
kleinman,163
epirus,163
batter,163
chelat,163
virút,163
phunsuk,163
kazama-san,163
nám,163
nishitamashi,163
điêng,163
ắn,163
hollingsworth,163
zenigata,163
posy,163
yamazaki,163
serapis,163
dolarhyde,163
chains,163
plymouth,163
greyjoys,163
hauffe,163
caramba,163
songs,163
campell,163
seaworth,163
nicholls,163
vd,163
support,163
campana,163
raylene,163
appledore,163
plus,163
anthrax,163
stair,163
irf,163
bển,163
smaal,163
horseshoe,163
triassic,163
xx,163
mumbles,163
lẽn,163
heroine,163
canardo,163
leviticus,163
tydeus,163
ist,163
hankle,163
vosen,163
dekisugi,163
suneo,163
stanzler,163
mescalero,163
phè,163
lyde,163
walrus,163
baccarat,163
hirayama,163
fontenot,163
caramen,163
santanico,163
tưựng,163
held,163
riverdale,163
dye,163
sadusky,163
yeo-wol,163
thetas,163
goren,163
turkle,163
nghiêu,163
kwla,163
nhảnh,163
weng,163
cramer,163
scraps,163
blaster,163
barter,163
toulouse,163
roméo,163
electra,163
thưở,163
giừ,163
lub,163
heesoo,163
silverado,163
hawley,163
solana,163
vược,163
carbo,163
young-ki,163
su-jin,163
lippman,163
akechi,163
goyle,163
mitsunari,163
montel,163
dioxide,163
buren,163
damián,163
mvp,163
fogarty,163
nbe,163
lundquist,163
nhơn,163
berkley,163
satisfy,163
rằn,163
learning,163
lenk,163
zelner,163
pheobe,163
barbosa,163
vkl,163
hatton,163
mamud,163
wet,163
anaconda,163
dutchman,163
gibberish,163
belknap,163
kilimanjaro,163
mayes,163
snitch,163
cooze,163
joan-chỉ,163
la-ze,163
ottawa,163
gough,163
aswan,163
polk,163
dings,163
eternal,163
deck,163
selling,163
conga,163
yigael,163
doo-wat,163
facing,163
highness,163
african,163
butter,163
sith,163
xi-măng,163
batmobile,163
hữa,163
kêt,163
bromwell,163
masahashi,163
cigarettes,163
esperate,163
tape,163
dú,163
tâi,163
ngơñi,163
plant,163
tuyèt,163
hîi,163
speck,163
dêi,163
berchem,163
diwali,163
male,163
smallville,163
bièt,163
õa,163
fnsvn-agency,163
tetrarch,163
tým,163
plate,163
iời,163
foods,163
chattanooga,163
cê,163
canadian,163
lườm,163
odesa,163
giắt,163
kido,163
belial,163
vộ,163
dastun,163
hairy,163
bottcher,163
bide,163
vât,163
wellspring,163
toad,163
kihano,163
borneo,163
stammers,163
majestic,163
creatinine,163
bienstock,163
dô-kề,163
shinoda,163
belloq,163
sussex,163
inuyasha,163
diss,163
corn,163
roommate,163
lúm,163
nandy,163
mactavish,163
millions,163
teamsub,163
razors,163
giói,163
aiolia,163
aidid,163
wacko,163
reading,163
struecker,163
discount,163
gringotts,163
kissy,163
runflat,163
huế,163
adlai,163
isert,163
sa-kê,163
applause,163
hydrolaza,163
robredo,163
cin,163
bßi,163
rẳng,163
cía,163
manchuria,163
bath,163
grammy,163
kanemaru,163
bristol,163
jig,163
nermal,163
otter,163
ravel,163
tọi,163
rainman,163
dón,163
oyster,163
mookie,163
siling,163
fix-a-lot,163
desjardin,163
poon,163
roomeao,163
wac,163
lubbock,163
sheehan,163
mêhicô,163
flatbush,163
iưng,163
tuởng,163
corazón,163
sink,163
xịch,163
shibuya,163
nguyçn,163
ferrell,163
pyro,163
ingen,163
medicus,163
hăp,163
bears,163
oik,163
đủa,163
wailaree,163
spiller,163
giûi,163
digby,163
teardrop,163
tríng,163
asac,163
sheen,163
bộp,163
titsy,163
manstein,163
lỵ,163
bangu,163
fountain,163
marijuana,163
mutt,163
tildy,163
nikiforov,163
quaid,163
móp,163
thirty,163
yê,163
rhinehart,163
tếch,163
mizukho,163
rhi,163
bolan,163
stiglitz,163
sherl,163
methicillin,163
mimieux,163
zoller,163
sm,163
sikh,163
donatelli,163
dáin,163
gải,163
phảng,163
hoole,163
daedalus,163
makunga,163
mpd,163
chirping,163
kuby,163
priam,163
following,163
vrataski,163
toot,163
alpert,163
tk,163
troponin,163
justy,163
cares,163
sweat,163
chử,163
gort,163
zombies,163
fiat,163
axiom,163
hicock,163
trứơc,163
silvermist,163
rozanov,163
andresy,163
zebra,163
rhinox,163
neveu,163
phoenicia,163
dơn,163
fnuvn,163
zoanoid,163
denby,163
dzồi,163
grenich,163
niguchi,163
satisfied,163
brahms,163
preeclampsia,163
rumpus,163
yak,163
hittite,163
gusto,163
pork,163
conglomerate,163
bullets,163
e-mails,163
xày,163
benzen,163
jazira,163
brundon,163
midland,163
chalinee,163
lemmut,163
aagh,163
pappadimos,163
trawler,163
crips,163
chiêc,163
tuskegee,163
dói,163
nhiền,163
gilpin,163
harrah,163
bis,163
saturn,163
epstein-barr,163
abq,163
shearing,163
ah-hoo,163
tg,163
geostigma,163
marenick,163
koh,163
cartwright,163
rymus,163
epo,163
hecta,163
hummingbird,163
bernbaum,163
vcc,163
timberline,163
chun-li,163
earnshaw,163
vaìo,163
laurei,163
hula,163
loccent,163
typhoon,163
đêu,163
gutman,163
viêòc,163
coconut,163
caò,163
sapien,163
mummius,163
jenova,163
sector,163
fools,163
glow,163
nimitz,163
duen,163
gét,163
vetra,163
rookwood,163
keyes,163
niles,163
rapoport,163
manx,163
naco,163
abaza,163
dày-ruột,163
lamarr,163
tacos,163
templar,163
palantine,163
switowski,163
maltz,163
jerska,163
seconds,163
amityville,163
modern,163
becks,163
bringing,163
vulture,163
boing,163
scrilla,163
junk,163
sings,163
filipova,163
piscine,163
tanzania,163
ticket,163
pv,163
léc,163
rightly,163
nanite,163
salazar,163
thốc,163
lodge,163
lanka,163
rosenbaum,163
bride,163
bandon,163
phứt,163
ró,163
lậm,163
mumbling,163
amma,163
outlander,163
giòng,163
jurai,163
milligram,163
bải,163
hogg,163
delamare,163
redondo,163
ravenna,163
ryerson,163
afghan,163
corman,163
sesterces,163
sâmpanh,163
fairchild,163
prize,163
kirkeby,163
sigh,163
corps,163
shy,163
nưa,163
pegler,163
melisandre,163
thn,163
yugo,163
fayad,163
cso,163
truckin,163
nintendo,163
dade,163
jahar,163
dyer,163
terminator,163
fever,163
phesmatos,163
xyanua,163
robocop,163
rứa,163
kzla,163
watt,163
geiranger,163
khôngbel,163
terminus,163
calamy,163
hdd,163
nitramene,163
drums,163
míc,163
daffy,163
kitayama,163
ceasars,163
lighthouse,163
haunted,163
goeth,163
guadalajara,163
weeps,163
bĩu,163
mấp,163
baronet,163
cibelli,163
ducati,163
louboutins,163
delete,163
dubois,163
cocks,163
norther,163
schuler,163
beneath,163
thìsao,163
hoằng,163
trởi,163
oww,163
nigga,163
chirrut,163
bodhi,163
eowyn,163
wordsworth,163
hòe,163
đii,163
nesby,163
nagata,163
saxophon,163
genghis,163
bombs,163
khaleen,163
ankertill,163
marconi,163
lux,163
schanberg,163
midwest,163
ngưởng,163
kerner,163
một-hai,163
tở,163
enchantress,163
ababwa,163
xáp,163
quesada,163
centra,163
xà-lim,163
ardennes,163
mecca,163
panzer,163
sant,163
bale,163
tỗi,163
legion,163
spiderman,163
cới,163
wagon,163
jay-z,163
flatbed,163
trident,163
tips,163
license,163
form,163
hunters,163
íc,163
cream,163
dấp,163
wedgie,163
evidence,163
bida,163
ankara,163
jiisama,163
reveal,163
cupcake,163
chair,163
troezen,163
thữ,163
escalade,163
valack,163
moldero,163
aragon,163
pastuzo,163
hodgson,163
nhiểm,163
dod,163
vass,163
đượi,163
théoden,163
côca,163
grenada,163
giuliani,163
ramjee,163
shi-jiiy,163
madoff,163
ajaw,163
cửi,163
uhul,163
hallorann,163
split,163
sembene,163
sarek,163
chewbacca,163
orsay,163
gorbachev,163
nhình,163
willamette,163
gằng,163
prohaszka,163
waking,163
java,163
harmously,163
dread,163
qyburn,163
dorwell,163
spellman,163
enright,163
slynt,163
alcaino,163
àn,163
metahuman,163
millềr,163
okyun,163
mirabeau,163
ghớm,163
vintage,163
doberman,163
adic,163
morghulis,163
kanine,163
weird,163
uỵch,163
parthia,163
friendly,163
tiêp,163
krunchies,163
pulcini,163
ngụp,163
kazu,163
bmd,163
harkins,163
nhốn,163
jurgens,163
crouch,163
terravex,163
gungan,163
phúng,163
medicis,163
quặp,163
millstone,163
gilligan,163
sncc,163
dobkins,163
bụ,163
can-xi,163
na-uy,163
modem,163
ngan,163
grs,163
palms,163
sniffs,163
yevhen,163
bẫm,163
xìn,163
ừng,163
schumann,163
fareed,163
kudrow,163
begins,163
enceladus,163
runyon,163
suffolk,163
postosuchus,163
bussotti,163
doán,163
dhampir,163
yaourt,163
muskavich,163
sơm,163
é,163
faust,163
regal,163
bartocci,163
cấc,163
tng,163
đừa,163
toolbox,163
tucci,163
naruto,163
vứa,163
niflhem,163
drogon,163
stilinski,163
concerto,163
excellent,163
seals,163
flipper,163
talkin,163
samaria,163
needle,163
mfana,163
demo,163
hearth,163
ashland,163
leads,163
bogladyte,163
rojas,163
electric,163
t-shirt,163
loser,163
baloo,163
sélim,163
zorg,163
wayneright,163
boyz,163
decarlo,163
heineken,163
facetime,163
snowman,163
ngòm,163
harrold,163
tèn,163
operator,163
ịch,163
lakers,163
ronin,163
ăngten,163
waldorf,163
nethd,163
rachei,163
chũm chọe,163
diêu cữu,163
chiềng kheo,161
chơ rai,161
akăi amon,161
bâng lâng,161
nùng qúy rỵn,157
bac xíq,157
bủn rủn,157
thuỵ khê,155
bâng quơ,155
bờm xờm,155
jähn,154
rahi,154
cũa,154
sittin,154
av,154
dích,154
odysseus,154
stanwick,154
budweiser,154
mệ,154
steady,154
louisville,154
trova,154
t-rex,154
bings,154
coven,154
cerca,154
nhiệu,154
tupac,154
fou,154
turkish,154
sang-du,154
afganistan,154
ruff,154
ngiên,154
diotimus,154
jojen,154
fancy,154
đing,154
luwin,154
sém,154
linky,154
ka-hee,154
soon-boon,154
gambardella,154
gammell,154
rascal,154
galentine,154
grants,154
bửu,154
nilon,154
gibert,154
ngấn,154
nuada,154
mởn,154
raaa,154
syrian,154
kore,154
nip,154
metellus,154
mẩm,154
zeppelin,154
đi-na,154
hagia,154
bụa,154
tokugawa,154
rogaine,154
aloo,154
unabomber,154
matherson,154
hunger,154
tnh,154
hampstead,154
dipietro,154
n-tek,154
atherton,154
charlle,154
khìn,154
toll,154
mastercard,154
ts-wain,154
nhă,154
vựa,154
conell,154
kéa,154
harrisburg,154
whoomp,154
morisaki,154
insane,154
lakes,154
decaf,154
honk,154
chemical,154
xì-trét,154
liar,154
saxitoxin,154
mule,154
lenamtrung,154
hopes,154
loops,154
chess,154
hokani,154
realize,154
unknown,154
áp-phích,154
xu-đăng,154
khảnh,154
sut,154
lagrange,154
parkway,154
doreena,154
trolls,154
knyazev,154
cuêi,154
patris,154
nguyån,154
ericson,154
xcôtlen,154
sheckman,154
clanky,154
heisman,154
hippi,154
ozone,154
trade,154
chñn,154
sitka,154
luỹ,154
politico,154
ghana,154
org,154
demmin,154
cecelio,154
petrograd,154
gurov,154
crossed,154
valor,154
cristu,154
nomine,154
asgeirsson,154
whoa-oh-oh,154
gieba,154
nhãt,154
graf,154
folsom,154
fujiwara,154
medal,154
dic,154
anchorage,154
gìcả,154
bavenod,154
luyèn,154
cty,154
wrapped,154
dow,154
chuyễn,154
rimpac,154
năy,154
oahu,154
digital,154
midian,154
montesquieu,154
brodsky,154
aii,154
kamata,154
kanye,154
karn,154
mormon,154
phones,154
emcon,154
lunafreya,154
lavi,154
airbus,154
toriyama,154
honking,154
begun,154
bahama,154
labrador,154
wh,154
suntory,154
moshi,154
khụ,154
ngưoi,154
licinius,154
pontius,154
tuơi,154
amidala,154
beetle,154
hangman,154
rướn,154
valorum,154
mobray,154
tobacco,154
tchaikovsky,154
lieberman,154
costner,154
ferc,154
versa,154
walnut,154
bernini,154
columbo,154
bussiness,154
dẽo,154
hugz,154
pantheon,154
lied,154
corporation,154
uýt-ki,154
total,154
ròm,154
berne,154
dogbite,154
nuclear,154
kamlui,154
tráp,154
hellman,154
farsi,154
kanryu,154
đăc,154
alexxa,154
sesame,154
tey,154
cristobal,154
omaticaya,154
gop,154
dzhokhar,154
cossetti,154
bungee,154
ghar,154
potolsky,154
đượm,154
peckham,154
task,154
feraldo,154
technodrome,154
gl,154
elizalde,154
lombardini,154
đãu,154
arnot,154
basterds,154
flow,154
jackpot,154
creem,154
changing,154
staples,154
nập,154
mojitos,154
halls,154
babbling,154
chiểu,154
einstein-rosen,154
kilt,154
sanwa-kai,154
utivich,154
shape,154
kabuki-cho,154
woohoo,154
sanosuke,154
tools,154
holtz,154
mô-men,154
risotto,154
gulag,154
dior,154
hp,154
dorkon,154
edgecomb,154
prudentius,154
hanfstaengl,154
medicare,154
pilates,154
kahuna,154
mlt,154
cốm,154
quintas,154
roundup,154
lollys,154
chianti,154
stompin,154
nagel,154
deedle,154
badakhshan,154
bayaut,154
makarov,154
widmore,154
bk,154
yutani,154
fitts,154
collings,154
si-linh,154
hindenburg,154
shed,154
muah,154
lazer,154
hummer,154
squirrel,154
edoras,154
huhu,154
aztreonam,154
eadu,154
miura,154
parabol,154
kimchi,154
blackhand,154
copacabana,154
stormwind,154
chún,154
amarilla,154
pericles,154
chariie,154
khủy,154
joão,154
khadgar,154
altaussee,154
morgul,154
gìa,154
flashpoint,154
screen,154
gable,154
kung-fu,154
khabiri,154
yanagawa,154
cine,154
tich,154
alexanderplatz,154
boulogne,154
bedu,154
dosh,154
stock,154
bancini,154
õng,154
beaumagnan,154
tihuanaco,154
subscene,154
whipple,154
moone,154
pôn-ca,154
tìinh,154
lv,154
aaaaa,154
zerro,154
islamabad,154
i-on,154
astaire,154
scarface,154
peroxide,154
horny,154
hẫng,154
ghi-nê,154
kuchever,154
riddikulus,154
bah-da-da,154
boccace,154
danseur,154
fipsi,154
deauville,154
al-rahim,154
antioch,154
kabuki,154
thấ,154
schlumberger,154
sammael,154
halfman,154
amelita,154
tritium,154
tiramisu,154
erdheim,154
hoch,154
zolomon,154
ralphie,154
character,154
sauna,154
newhbo,154
caravaggio,154
binky,154
sinking,154
austria,154
al-harazi,154
silberman,154
ayoob,154
para,154
cọn,154
autolycus,154
gear,154
rule,154
period,154
cuts,154
weasel,154
toys,154
julot,154
glance,154
qasimis,154
decide,154
transport,154
culebras,154
mừ,154
begin,154
guillain-barre,154
lorazepam,154
malaria,154
glà,154
wilcox,154
af,154
schofield,154
nhứt,154
propofol,154
stockburn,154
onzz,154
feelin,154
caffe,154
lfany,154
blix,154
delamere,154
amazonia,154
toraja,154
pyria,154
pitlor,154
wounded,154
cantel,154
wasington,154
lrving,154
savignat,154
vaudrec,154
ruchowski,154
wilderun,154
wolenski,154
lebel,154
scherbach,154
equipoise,154
volt,154
tmz,154
troelsen,154
nack,154
dashrath,154
ravenwood,154
khẩy,154
fella,154
flanagan,154
valeris,154
pinkley,154
rox,154
ru-lét,154
kemmerick,154
hillman,154
sutter,154
chíu,154
faster,154
pledge,154
guipago,154
inc,154
canby,154
nhoét,154
jeopardy,154
ciark,154
hesh-ke,154
bars,154
banna,154
cray,154
swahili,154
lstanbul,154
kolinahr,154
jiménez,154
cleland,154
hazmat,154
chalerm,154
reykjavik,154
mjolnir,154
sainte-mère-eglise,154
hoiiiday,154
dabney,154
dmz,154
drone,154
wyant,154
farley,154
vitello,154
cuz,154
hiroim,154
apaches,154
cherryvale,154
reef,154
tango-tango,154
mốn,154
clegg,154
nagasawa,154
balkan,154
direction,154
lawn,154
kalashnikov,154
l-grip,154
aleei,154
ninth,154
finest,154
eun-yi,154
finish,154
underneath,154
ăh,154
lazarro,154
ahhhhhhhhh,154
hammerson,154
jive,154
ho-ho,154
vanderbrink,154
cities,154
negel,154
bigsby,154
kismet,154
pinot,154
ăm,154
gare,154
grylls,154
arsanov,154
a-ha,154
potomac,154
buốn,154
accio,154
soyka,154
selmy,154
overlook,154
squat,154
cusack,154
tarot,154
rihanna,154
plo,154
barkis,154
uds,154
victorr,154
fires,154
sớ,154
grid,154
tĩinh,154
đợ,154
thinquanaut,154
sweets,154
quebrada,154
barty,154
chadden,154
trĩnh,154
shengcún,154
forward,154
btt,154
vanity,154
tinder,154
pentothal,154
chasing,154
angkor,154
toto,154
mím,154
spoke,154
zwaiter,154
spitzer,154
đước,154
istook,154
matches,154
đảnh,154
tepi,154
gobekli,154
omashu,154
qùy,154
reich,154
jacoub,154
sauropod,154
janjaweed,154
wilansky,154
đếc,154
hooch,154
shooter,154
startica,154
vlp,154
marbaden,154
mátxa,154
sattler,154
bite,154
cac,154
freak,154
maìy,154
nasally,154
macros,154
khuông,154
agricola,154
melhoff,154
hootie,154
clinking,154
germany,154
tôìt,154
merriwether,154
ngãi,154
măc,154
capsule,154
zoo,154
pond,154
cytoxan,154
leishmaniasis,154
ungar,154
wiston,154
mãy,154
doenitz,154
kioko,154
polka,154
stiltskin,154
suck,154
trudeau,154
ulmann,154
domina,154
greenberg,154
chúg,154
phill,154
watling,154
image,154
câìn,154
walternate,154
livin,154
khưu,154
oh-ho-ho,154
nicholson,154
ngọai,154
kapatek-anahuac,154
matlock,154
babaco,154
zebel,154
takahashi,154
harrington,154
lumpy,154
đtdd,154
cesium,154
gameshow,154
pakku,154
bõòi,154
isulin,154
asap,154
lulubelle,154
vigau,154
boyer,154
totem,154
trõò,154
manners,154
pheeps,154
pate,154
grrr,154
tữ,154
rikichi,154
sýò,154
hãìn,154
montro,154
boò,154
rôìi,154
wahoo,154
carnaval,154
penderghast,154
lactose,154
dzaa,154
kroll,154
anychanh,154
noonan,154
muôi,154
trev,154
chvanov,154
shep,154
yukshi,154
saratoga,154
toxo,154
togusa,154
standard,154
brea,154
doran,154
beside,154
extra,154
drugs,154
algiers,154
palmyra,154
gammons,154
kbo,154
yevgraf,154
andreyevich,154
niếm,154
moriaty,154
lefty,154
polyester,154
hunting,154
honks,154
clicking,154
thuân,154
vivaldi,154
blitz,154
magenta,154
rudder,154
valiena,154
iy,154
dump,154
cereza,154
sobinski,154
facility,154
vủa,154
gudger,154
esperandieu,154
albinius,154
crashing,154
hostrup,154
gronckle,154
snotlout,154
fourche,154
zui,154
zê,154
flick,154
fekkesh,154
cabot,154
kalba,154
suet,154
lắn,154
seryosha,154
guillemot,154
safari,154
baelfire,154
kuzon,154
vorpal,154
simple,154
imitates,154
yoha,154
normandie,154
bandhu,154
naval,154
xái,154
băng-ca,154
ssr,154
aim,154
mullet,154
pep,154
đòng,154
carmody,154
snapper,154
huốt,154
kissinger,154
hamm,154
ườn,154
quải,154
morphy,154
cilicia,154
u-ri-gia,154
goldar,154
giô-na-than,154
bifrost,154
leroux,154
mich,154
goble,154
humungus,154
latvia,154
smurfintine,154
đnh,154
salter,154
invention,154
sơ-cua,154
sa-mu-en,154
gaelic,154
suárez,154
velez,154
seventh,154
mulford,154
horai,154
ghibli,154
morphin,154
playfair,154
ummm,154
crawl,154
sacred,154
calvary,154
tanaruz,154
đọi,154
beating,154
zen,154
chắm,154
hoh,154
granite,154
bry,154
gini,154
xì-căng-đan,154
fredericksburg,154
spotsylvania,154
parentis,154
crowning,154
drury,154
prospect,154
stitches,154
trè,154
yamashita,154
salinas,154
gorgeous,154
extremis,154
dibbuk,154
xằng,154
yukizome,154
chaiwalla,154
mumbay,154
sherminator,154
ngac,154
whistling,154
sputnik,154
cable,154
ĩnh,154
băi,154
hunley,154
vain,154
ờh,154
duomo,154
lndia,154
garvey,154
aisi,154
bronco,154
puccini,154
bayonne,154
gehrig,154
bỡi,154
jenkin,154
parcher,154
tyberghein,154
outryve,154
bluray,154
fudak,154
toner,154
kashiwagi,154
bald,154
killin,154
sovereign,154
harling,154
cadei,154
palermo,154
havens,154
geomancer,154
kashwak,154
mccann,154
xú,154
dispatch,154
caledonia,154
gesundheit,154
ohhhh,154
roofies,154
halstead,154
sip,154
edgewood,154
ramey,154
silencio,154
marsoc,154
đõ,154
thũng,154
gamble,154
huntley,154
aue,154
danilov,154
lovett,154
filipov,154
landsat,154
viêt,154
cherbourg,154
giầm,154
skalk,154
soạt,154
mohr,154
terrigenesis,154
troi,154
wapping,154
cercei,154
vậu,154
gunderson,154
scoresby,154
culver,154
flagstaff,154
fokin,154
dreamed,154
fitzsimmons,154
applebaum,154
seventeen,154
yorish,154
sakutaro,154
okey-dokey,154
cabret,154
briscoe,154
mohican,154
veto,154
samsung,154
kelso,154
mahi,154
koshmar,154
nả,154
deepwood,154
motte,154
mycah,154
lamson,154
exclaiming,154
duro,154
padre,154
yều,154
g-man,154
hoắt,154
nurhachi,154
purnell,154
botany,154
xố,154
ibuprofen,154
laguerta,154
estrada,154
stranger,154
emt,154
monk,154
hara-san,154
leavitt,154
module,154
kool-aid,154
ngèo,154
gather,154
osborne,154
jumping,154
dominguez,154
soap,154
herek,154
alibert,154
chỉcó,154
oliveria,154
tyrus,154
mê-xi-cô,154
fairies,154
casting,154
pixum,154
griphook,154
leung,154
kwok,154
visalia,154
parade,154
lesabre,154
shel,154
tồng,154
transformer,154
roybal,154
gaming,154
mirtes,154
makinin,154
iuật,154
dụi,154
protego,154
lrish,154
habeas,154
ratree,154
kiển,154
powder,154
magazine,154
hày,154
nghịu,154
amarendra,154
moryakov,154
mailer,154
hephaestus,154
mansion,154
yaqui,154
funnel-ferry,154
prove,154
cmnl,154
markovia,154
woodlawn,154
cinco,154
xinfnty,154
knott,154
tipperary,154
ga-lăng,154
uav,154
karachi,154
bàu,154
gâ,154
tylosaur,154
goblin,154
gloin,154
nellis,154
andalasia,154
lòn,154
trươc,154
yogorov,154
thút,154
annh,154
scanner,154
daunte,154
coliseum,154
maester,154
bậu,154
woao,154
bleecker,154
heavily,154
balrog,154
mcgrady,154
russia,154
echoing,154
đứ,154
valdez,154
medical,154
hotman,154
scud,154
important,154
eunsik,154
deputy,154
sleigh,154
muchacho,154
wanh,154
pikeman,154
thấn,154
naew,154
hedysarum,154
jinhee,154
kiềng,154
cracking,154
greenawalt,154
romany,154
balboa,154
yong-gu,154
yaaa,154
gatorade,154
services,154
slav,154
morelli,154
pandit,154
dies,154
eller,154
balloonman,154
hoóc-môn,154
npr,154
nuớc,154
yaaah,154
bống,154
ncic,154
gt,154
ivanovich,154
fusion,154
ribavirin,154
sports,154
câụ,154
tikal,154
milich,154
thunderclap,154
jacklar,154
guran,154
đợc,154
putih,154
cardinal,154
elang,154
factory,154
cheaters,154
ammonius,154
jeam,154
tuc,154
dozer,154
gangsta,154
normandi,154
palenque,154
dexamethasone,154
hyhy,154
ddt,154
dòn,154
vartox,154
petiminus,154
croc,154
keene,154
pavilion,154
filipino,154
thót,154
goodacre,154
kogoro,154
rourans,154
lẩy,154
westbound,154
betts,154
signs,154
đũy,154
consultants,154
gundabad,154
private,154
meep,154
aspasius,154
seet,154
đì,154
nogales,154
bole,154
cheetos,154
cardenas,154
kedar,154
yô-ga,154
maclaren,154
halen,154
speedo,154
scoonie,154
actor,154
tires,154
đẵ,154
hootie-hoo,154
secare,154
roofilin,154
taxis,154
selfie,154
cordoba,154
tuscan,154
mêm,154
tailor,154
espin,154
polkovnik,154
hershfeld,154
linden,154
vane,154
xê-un,154
đkm,154
fiddle,154
wire,154
yarbrough,154
bouff,154
crap,154
líp,154
răm,154
niêu,154
tull,154
foxglove,154
mikawa,154
siren,154
maslow,154
nhoẹt,154
veo,154
presents,154
đĩnh,154
galleons,154
whore,154
chaozu,154
mta,154
lake-town,154
hắm,154
walkman,154
pesel,154
suwon,154
jungler,154
cousin,154
manero,154
hdtv,154
debt,154
lớ,154
vespucci,154
crepe,154
admit,154
gladwell,154
progressive,154
gầu,154
rắp,154
denlon,154
davidov,154
heda,154
starlight,154
kolwaski,154
nshombo,154
yavapai,154
events,154
desgoffe,154
ki-hyoung,154
cattleman,154
donahue,154
pít-tông,154
xoè,154
huơ,154
vergon,154
idefix,154
cheonan,154
táy đăm,152
bod bréige,152
bơng quơ,152
a-bu đa-bi,150
a-xíng gānyán,150
banská bystrica,150
beýik britaniýa,150
bha lêê,150
bjoly bóg,150
bruă mơnuă,150
brển côống venh,150
běi cháoxiǎn,150
chiềng khừa,150
chiềng mung,150
chiềng pấc,150
chiềng pằn,150
chiềng sại,150
châw âw,150
châw ả,150
ciobănesc românesc carpatins,150
cuôr knia,150
câine ciobănesc carpatin,150
câine ciobănesc carpatins,150
demirgazyk koreýa,150
fàguó dàgémìng,150
fủ tho̭,150
günorta koreýa,150
jihočínské moře,150
khlá phlạo,150
khơ-me krôm,150
khơme krôm,150
kolíya dineʼé bizaad,150
koreai népi demokratikus köztársaság,150
krông pač,150
ktul dliê,150
la̭c thwí,150
la̭c xơn,150
lhôk seumaw‘è,150
mikroneziýanyň birleşen ştatlary,150
màwés aasʼè,150
mãe natal,150
mô̭c châw,150
měishì zúqiú,150
mǎlái bàndǎo,150
orăng glai,150
phlắc khlá,150
plơi kơdưr,150
primul război mondial,150
république khmère,150
république arabe syrienne,150
république centrafricaine,150
thích-ca mâu-ni,150
tánxiāng shān,150
täze zelandiýa,150
tơlơi pơgop hơđăp,150
tơlơi pơgop phrâo,150
tất-đạt-đa cồ-đàm,150
xi̒n hô̒,150
yàng jêsu krist,150
yǔsǎn yùndòng,150
zhōnghuá wénhuàquān,150
a-i a-ăm,150
a-i pưt,150
a-âih asêu,150
a-ât acheéq,150
a-ât parsăp,150
a-ât poóng,150
a-êp ayoóng,150
a-ăi angăt,150
a-ăi aroóq,150
a-ăi asăn,150
a-ăi kiteng,150
a-ăi pangốh,150
a-ăi plô,150
a-ăi tarma,150
a-ăi taruáh,150
a-ăi taruáh ti-ôq,150
a-ăi upeng,150
a-ứm kloq,150
a-ứm kuchăh,150
abejas melíferas,150
aberraciones esféricas,150
aberración esférica,150
abonos orgánicos,150
abuelas políticas,150
abuelos políticos,150
abáng aloai,150
abáng catang,150
abóh apéh,150
acervos genéticos,150
acheéq a-ât,150
acheéq abeap,150
acheéq partoal,150
acheéq pirưi,150
acheéq pleeng,150
acheéq tatee,150
acho ayỡn,150
achưng alư,150
achʼííʼ yázhí,150
achởng lèq,150
acoq chưq,150
acoq hlơu,150
acoq jumã,150
acoq lagơu,150
acoq tu-ùq,150
acán acrúq,150
acán lôih,150
acán nhơp,150
acơi canau,150
acơi coq,150
adhaq putau dlòc,150
adék hamốh,150
adék ráqê,150
adôh suang,150
adơaih ríl,150
adơi maluh cuma,150
adơi sa-ai,150
adơi taluiq,150
adữ cupỗq,150
adữ ra-ỗt,150
adữ ralot,150
agat vanuãq,150
ahlơ̆q aphươ̆i,150
ahnop kơtol,150
ahnuk ranơh,150
ahnôn anaq,150
ahnăiq ngăq,150
ahrai mkoăiq,150
ahrô̆m thưao,150
ahòq phanlơc,150
ahòq pơr,150
ahòq tơcthăng,150
akeal ngíl,150
akhàt jucar,150
akloóq kukloo,150
akooh plô,150
akăi achău,150
akăi akon,150
akăi kantưi,150
akăi koonh,150
akăi kăn,150
akăi pannêq,150
akăi pông,150
akăi tulooiq,150
akứng kloq,150
akứng toiq,150
alac còq,150
alcă pitică asiatică,150
algebraická struktura,150
algebraické číslo,150
aluang phlốc,150
amã tamaha,150
amùc pitơi,150
amăng adŭng,150
amỏq canau,150
amỏq coq,150
amỏq jơc,150
anak ală,150
anak čô,150
ancien régime,150
angia pưn,150
angia pỡng,150
angĩn pùq duar,150
angĭn hưt hưt,150
angĭn êbŭ,150
anhua chơkăi,150
anhúq tamoong,150
anoi pazâp,150
anrơp risãi,150
anta mìríʔaì,150
anãng atùac,150
anìng anàng,150
ană rơmô,150
ană tơčô,150
anĩt sanãm,150
anảq cachua,150
anảq cuvau,150
anảq dahnỏq,150
anảq dunsa,150
anảq lacaih,150
anảq tangãn chadiac,150
anảq tangãn pitau,150
anảq ticho,150
aoq amứng,150
aoq kún,150
apôh jiêk,150
apơng chiam,150
apơng treéq,150
areap ajóq,150
ariàc lavua,150
ariàc tasìq,150
arưih nhuam,150
arưih roah,150
asei djăm,150
asoóng abít,150
asâq aseénh,150
asơi brông,150
asơi hơna,150
ata kăn,150
atuk tưk,150
atómová zbraň,150
avere gli occhi più grandi dello stomaco,150
avoóq tăq parlai,150
awung awăng,150
ayên avan,150
ayơơq ayóh,150
ayỡ alúc,150
ayững atĩ,150
azúcares glasé,150
aê duân,150
añuê abăn,150
aơc aơc,150
a’choo crâng,150
bandes dessinées,150
barză albă,150
besʼsʼé màa kʼwèènè,150
besʼsʼé màà kʼwèèj,150
beét bhô,150
bhiệc bhan,150
bhong tăqlan,150
bhong tăqlup,150
bhu tíq,150
bhuân đhăm,150
bhuông păr,150
bhê bhê,150
bhô klâu,150
bhôi pôl,150
bhăh klâu,150
bhăn chem,150
bhăn chem pato,150
bjoóc ngậu,150
bjào bjào,150
bjáp bjáp,150
bjép bjép,150
bjùng bjùng,150
bjải bjác,150
bjải bjét,150
bjắc bjoi,150
bjằng bjằng,150
bjốp bjốp,150
blang blối,150
blái tlám,150
blái đaò,150
blái ſim,150
blúc blác,150
blả cou᷃,150
blả cou᷄,150
blốc blác,150
blối blang,150
blở lào᷃,150
blở lào᷄,150
boh lơ-u,150
boh lơhong,150
boh pơtih,150
boỏng pjạ,150
brjai gơu,150
brôi chiêk,150
bálsamos labiales,150
báw vḙ̂,150
bâl měq,150
bâl mĭng,150
bâl ŭn,150
bêh trôk,150
bílé znaky,150
bòq kla,150
bôh apô,150
bôh mung,150
bôh pơneh,150
bôk nkuông,150
bùfādá guójiā,150
bă rêng,150
băl băl,150
băl hư̆n,150
bŏh hră,150
bơnga črih,150
bơơn lêy,150
bưởm õm,150
bạng duật,150
bảl tliênh,150
bẳm thôm,150
bễnh khới,150
bịn rịn,150
bọp xọp,150
bỏu᷃ chŏúc,150
bỏu᷄ chŏúc,150
bồm bồm,150
ala hwiê,148
ala pa-àq,148
ala êa,148
ap jếq,148
bôh phia,148
bôm bốp,148
bhâh gah klo,145
beasley,144
markowitz,144
knuck,144
evanora,144
véc,144
wabash,144
exr,144
commonwealth,144
gyatso,144
plates,144
ppd,144
lê-vi,144
civic,144
slake,144
novales,144
beyoncé,144
rapper,144
acrisius,144
zues,144
diaval,144
nghëa,144
phuy,144
virgii,144
maersk,144
goddess,144
ashes,144
hichcock,144
sorrow,144
khanna,144
djibouti,144
kono,144
golconda,144
bosch,144
recollection,144
lụng,144
worcester,144
hollard,144
rotterdam,144
beek,144
bolsa,144
rược,144
iao,144
diệc,144
mumm,144
mago,144
elip,144
germania,144
hoagy,144
grr,144
kiểng,144
ngịch,144
maharajah,144
diaries,144
puta,144
walplex,144
trñng,144
lunch,144
gìđó,144
auchinleck,144
parents,144
ooh-oh,144
tunbridge,144
tonbridge,144
bbb,144
savonarola,144
sabotage,144
lasseter,144
thoth,144
according,144
corsica,144
shipley,144
libyan,144
whitner,144
bỡ,144
policeman,144
moments,144
cairns,144
manchas,144
nudge,144
join,144
andalusia,144
dimitry,144
kinnick,144
temps,144
creff,144
os,144
sullins,144
oshima,144
seacrest,144
xhđ,144
funboy,144
từa,144
elgyn,144
kitchner,144
triceratops,144
katsin,144
lipperhey,144
drey,144
thegunner,144
satake,144
hadleyberg,144
swanwick,144
gustas,144
walczak,144
richy,144
bessé,144
rainey,144
jodl,144
colombian,144
vảo,144
plucker,144
xòa,144
dio,144
psycho,144
luén,144
larsen,144
găng-xtơ,144
bury,144
schmosby,144
watertown,144
surveillance,144
cf,144
biễn,144
đoàng,144
strom,144
creed,144
clawhauser,144
amoni,144
arrest,144
stonehearst,144
winkie,144
steely,144
wiggle,144
bushido,144
sửu,144
amtrak,144
zuckerburg,144
bellwether,144
binks,144
tiff,144
khồn,144
billiam,144
stony,144
gagarin,144
zoloft,144
garces,144
pillow,144
nelse,144
trng,144
sjogren,144
vác-sa-va,144
đừ,144
codeine,144
smells,144
híp,144
burned,144
callister,144
microprocessors,144
denmark,144
bridgewater,144
iad,144
preece,144
feylinn,144
herot,144
ampicillin,144
atac,144
zakkour,144
giởn,144
heartbreak,144
biế,144
xoàm,144
jiwon,144
phasmatos,144
steinmetz,144
grozny,144
parral,144
meachums,144
badabing,144
laguna,144
sprite,144
sanwich,144
peachoid,144
newport,144
tells,144
ki-moon,144
cuîc,144
volante,144
ouvirier,144
đão,144
teenage,144
vein,144
tripod,144
morrlson,144
tunis,144
plke,144
weekly,144
cabinda,144
changrok,144
lreland,144
solid,144
rios-garza,144
pitts,144
petachi,144
motion,144
bets,144
embrace,144
lendl,144
phụt,144
quýnh,144
tuareg,144
geogre,144
ngiệp,144
kephart,144
breaks,144
silus,144
preview,144
budiansky,144
da-ba,144
walkin,144
navarre,144
drinking,144
scimitar,144
fournier,144
sằng,144
oât,144
correa,144
nedry,144
pelna,144
drown,144
pockets,144
omotemachi,144
telegraph,144
họai,144
kuzmin,144
atkins,144
hdvn,144
thñi,144
dikembe,144
lahore,144
karenina,144
westie,144
whores,144
bucket,144
xô-viết,144
holla,144
zoanoids,144
gamieux,144
dimello,144
utica,144
racie,144
rango,144
translation,144
herodotus,144
pheromones,144
woodruff,144
strasbourg,144
slot,144
westwood,144
gauss,144
neeson,144
vet,144
thủ-chiến,144
wenus,144
testudo,144
limbo,144
padeen,144
melander,144
theodopolis,144
ụm,144
gratuity,144
tibbs,144
whispers,144
whirring,144
sagami,144
harrod,144
okada,144
negotiator,144
var,144
shakku,144
chía,144
bola,144
bling,144
hacking,144
euler,144
quyät,144
xống,144
hawky,144
tuesday,144
buìi,144
queensland,144
hõi,144
ăt,144
chesapeake,144
klubeck,144
tempest,144
martinis,144
curie,144
fading,144
polyphemus,144
seraph,144
alexandrovich,144
belyakov,144
sights,144
armed,144
cherryh,144
côm,144
medellin,144
assface,144
petrificus,144
totalus,144
ringold,144
greenspan,144
drawn,144
subway,144
a-rập,144
volkswagen,144
fitzgibbons,144
dvds,144
tompkins,144
brujeria,144
szymanski,144
phãi,144
brinkley,144
prom,144
õ,144
vesper,144
chenkov,144
nth,144
boylston,144
tetinha,144
toruk,144
são,144
biii,144
medrano,144
bri,144
daxos,144
masơ,144
pueblo,144
nagamaki,144
sheer,144
craigh,144
herc,144
belkin,144
vocalizing,144
tulane,144
weenie,144
funyuns,144
jacobi,144
coóc-xê,144
vorchek,144
spirits,144
rỉnh,144
rủng,144
khrushchev,144
flack,144
kazakhstan,144
harrow,144
dinkleman,144
gièm,144
mou,144
wigstan,144
rictus,144
jooyeon,144
vằm,144
lòc,144
ae,144
bnv,144
wright-patterson,144
orders,144
gọ,144
phám,144
heimlich,144
lujan,144
thuât,144
jekyll,144
booger,144
cauchy,144
dumpty,144
cagney,144
lôgíc,144
quibbler,144
stepping,144
nebelsbad,144
altus,144
lopsang,144
zefram,144
knocks,144
bombur,144
wassa,144
guinan,144
carsen,144
steiller,144
maenad,144
bươn,144
tumbler,144
community,144
yanks,144
gigawatt,144
saigon,144
roennfeldt,144
gassam,144
calloway,144
hungari,144
survivor,144
hahahaha,144
syrie,144
mcelroy,144
andale,144
melo,144
mead,144
volcazar,144
điễn,144
trằng,144
perrier,144
palomar,144
apb,144
kickstart,144
nightcrawler,144
periwinkle,144
driver,144
caulfield,144
guide,144
rador,144
dub,144
masai,144
circles,144
dunya,144
torn,144
mil,144
mehico,144
kalique,144
quiche,144
tartar,144
alpine,144
yelp,144
chéng,144
sniffing,144
applebee,144
thud,144
hydrazine,144
lngrid,144
roselee,144
mccandless,144
romerito,144
yokohama,144
espérance,144
sticks,144
foucault,144
danile,144
miểng,144
oso,144
ufc,144
grable,144
arimathea,144
huddleston,144
hayhaytv,144
zakayev,144
cabron,144
charron,144
vòa,144
kaluza,144
mufc,144
perl,144
carrollton,144
javadi,144
buttons,144
nhiếu,144
berthier,144
mackie,144
gộc,144
hỡ,144
bloomberg,144
trading,144
warnock,144
synesius,144
nadler,144
brasier,144
handel,144
mid-city,144
eu,144
nomura,144
hoot,144
adu,144
lke,144
yoren,144
kipfer,144
kindle,144
xuốn,144
mangan,144
megabom,144
salander,144
kissel,144
dunlop,144
kimball,144
giạ,144
minhhanb,144
kaki,144
gou,144
carbohidraþi,144
minet,144
rodrik,144
geminette,144
allfather,144
iglo,144
oe,144
fuchida,144
revolution,144
la-hay,144
nục,144
pesaro,144
parma,144
toombs,144
kyber,144
mahatma,144
cị,144
minaj,144
hì,144
aragog,144
dial,144
shiner,144
mononoke,144
talent,144
kpek,144
scrutzler,144
masiello,144
catkin,144
thủi,144
richardson,144
darton,144
muldiss,144
dar,144
taber,144
ck,144
tiber,144
taka,144
angmar,144
alcazar,144
arapaho,144
pocahontas,144
troopers,144
sawaguchi,144
ayrs,144
huơu,144
sprinkles,144
tuốc-nơ-vít,144
tarish,144
griffindor,144
crimsom,144
overlord,144
bacchus,144
lemkova,144
ziza,144
valen,144
pêđê,144
tied,144
vyvyan,144
desalvo,144
haibara-san,144
finnegan,144
independence,144
abramowitz,144
funky,144
gags,144
defeated,144
pickett,144
gụ,144
pcp,144
cindino,144
nôm,144
xi-nhan,144
cujo,144
snoggletog,144
pesto,144
kowloon,144
essos,144
relical,144
canario,144
stoic,144
tưỡng,144
nachtner,144
kirin,144
hermandad,144
maps,144
mundane,144
armus,144
sipan,144
al-jawhara,144
tunnel,144
hillside,144
volkov,144
truởng,144
rov,144
regular,144
antares,144
jedda,144
masterblaster,144
winding,144
allcom,144
greenhill,144
fridays,144
oster,144
shochu,144
meatlug,144
ngi,144
sashimi,144
tởn,144
guacamole,144
kaintuck,144
fockyerdoder,144
putin,144
dirt,144
datuk,144
amidan,144
commodore,144
scrum,144
bibbs,144
qrf,144
vor,144
toc,144
johner,144
snickers,144
anonymous,144
bertier,144
wauwatosa,144
ammonia,144
lllinois,144
daza,144
hibbing,144
lafite,144
muya,144
lawless,144
tìên,144
zeek,144
mabry,144
rockaway,144
lynns,144
cữa,144
cucus,144
chit,144
hoberman,144
sarmatian,144
albuterol,144
borodin,144
shevchenko,144
artorius,144
eckerton,144
worst,144
chances,144
ết,144
witkowski,144
đăm,144
poof,144
tigers,144
mcconnell,144
kjikerud,144
bẽn,144
ponting,144
mếch,144
aristarchus,144
tóan,144
sucker,144
sharky,144
primordial,144
rations,144
windward,144
nhuc,144
sheils,144
wonders,144
rọt,144
mum,144
lững,144
semtex,144
tood,144
hamshari,144
mckensie,144
ulm,144
gyrosphere,144
hippolyta,144
varna,144
comolli,144
ahhhhhhh,144
cost,144
phon,144
protection,144
xọt,144
amigos,144
cãn,144
kidner,144
nhao,144
sabinus,144
orphan,144
evp,144
batgirl,144
chuện,144
defense,144
finding,144
mandrakos,144
editer,144
greeley,144
inkigayo,144
apartment,144
agrabah,144
cephalo,144
chụt,144
frenho,144
leicester,144
trammel,144
mague,144
acu,144
mosasaurus,144
kurzweil,144
balẽ,144
hác,144
review,144
grouper,144
grừ,144
giry,144
xòm,144
thranduil,144
bj,144
orcs,144
katey-kakes,144
pitbull,144
àmsterdam,144
boogedy,144
flanen,144
trồ,144
lahiri,144
gauls,144
thẫn,144
meuse,144
zykov,144
frampton,144
mentalist,144
duẩn,144
halt,144
asshai,144
ek,144
kịt,144
bolvangar,144
yeller,144
belacqua,144
labarie,144
doppler,144
gấm,144
jaylah,144
advised,144
roaring,144
peel,144
chupacabra,144
quâu,144
cp,144
semper,144
kaboom,144
chlorpromazine,144
marrakech,144
grimpen,144
ep,144
tiresia,144
ivonka,144
fcb,144
olivetta,144
hodgkins,144
garibaldi,144
bussy,144
cụi,144
lôgic,144
molitor,144
eastern,144
wrenches,144
slap,144
dechambou,144
kursk,144
styne,144
triện,144
gassin,144
natural,144
mullens,144
guerra,144
cort,144
mbui,144
il-seok,144
maruthi,144
burr,144
nightlock,144
fm,144
sofy,144
va-ni,144
during,144
thiêt,144
kosini,144
liti,144
takayama,144
mordo,144
choking,144
itona,144
trển,144
slavich,144
baochau,144
fedorov,144
leg,144
plaga,144
iglesias,144
nhãy,144
singhania,144
glee,144
puddin,144
muchassi,144
haizz,144
soóc,144
celiac,144
tla,144
filii,144
ingeras,144
snail,144
marker,144
mcnamara,144
adlon,144
blast,144
feeding,144
hoorah,144
mackenzies,144
shagga,144
iolaus,144
increate,144
amphiaraus,144
assassination,144
nhem,144
tricard,144
pinsonnière,144
cagliostro,144
blazer,144
papers,144
tyrannosaurus,144
clawtooth,144
shinobi,144
uruguay,144
update,144
flashlight,144
amilia,144
targaryens,144
yada,144
sanguinis,144
viracocha,144
nymeria,144
mumbley,144
kayano,144
zarathustra,144
clonazepam,144
kornish,144
menendez,144
colotto,144
irk,144
noons,144
xộ,144
kraus,144
linux,144
hartwell,144
truân,144
kesher,144
sangre,144
phn,144
antigua,144
hacksaw,144
nun,144
commanche,144
rojo,144
points,144
mengele,144
calculon,144
kraglin,144
ddos,144
espósito,144
bubblech,144
gn,144
fizzy,144
twinkies,144
giffen,144
ikedaya,144
sác,144
flaco,144
nhoài,144
aist,144
janson,144
hapen,144
poliakoff,144
oberhausen,144
sock,144
pondicherry,144
cantrell,144
tulga,144
redman,144
southjet,144
hitle,144
santini,144
vicious,144
kruschev,144
winthrow,144
nguậy,144
dobbs,144
rãt,144
tãt,144
mcdonagh,144
testament,144
libyann,144
benmahmoud,144
messengers,144
hardwick,144
braun,144
neff,144
presbyterian,144
caviar,144
pringle,144
raige,144
an-ba-ni,144
tremble,144
toàng,144
tousignant,144
hoffa,144
spam,144
trn,144
unique,144
tabo,144
danzig,144
quint,144
witty,144
ðôìt,144
xuôn,144
figue,144
reign,144
suhas,144
kenner,144
brubaker,144
chẳn,144
thuyệt,144
littlefield,144
acyclovir,144
silverberg,144
spaulding,144
ra-đi-ô,144
gazzola,144
antiope,144
vỏn,144
frederiksen,144
trejo,144
panoramix,144
chum,144
ivanov,144
sí,144
kuryakin,144
benihana,144
caeser,144
willits,144
anchor,144
jor,144
pansa,144
hirtius,144
sang-ok,144
mask,144
hedeby,144
atwood,144
jadotville,144
nềuvillề,144
strikes,144
bái-bai,144
đằm,144
tales,144
vầ,144
sprout,144
ephedrine,144
carrow,144
bavarian,144
launch,144
slingshot,144
moor,144
endorphins,144
augh,144
medford,144
caius,144
peugeot,144
shaking,144
halloran,144
pé,144
gregson,144
warn,144
perrish,144
flemmi,144
rupture,144
ipo,144
wiz,144
chakra,144
nghéo,144
trýc,144
linz,144
ệt,144
hog,144
clum,144
milchie,144
rifampin,144
vonfram,144
belfontaine,144
froot,144
summertime,144
starbuck,144
zeller,144
zukovsky,144
manga,144
dharma,144
oang,144
guthrie,144
ạch,144
vil,144
buckner,144
konig,144
affairs,144
fireball,144
meerkat,144
solar,144
tuyt,144
lag,144
tỏm,144
warriors,144
lovell,144
drama,144
rude,144
hacon,144
stegman,144
dogg,144
dicks,144
tambul,144
chapter,144
holler,144
vềcchio,144
hourani,144
deangelis,144
hustler,144
đuề,144
tuẫn,144
finale,144
lymphô,144
gulfidan,144
zodiac,144
phlegm,144
mcat,144
tiềng,144
klm,144
olé,144
ngoắt,144
uppsala,144
balder,144
mercado,144
adoratrice,144
hitman,144
thornhill,144
moorwen,144
muranishi,144
gaìi,144
falafel,144
wiggen,144
tar,144
rothgar,144
gradski,144
flicka,144
nhiêìu,144
jessaby,144
almansa,144
dardanelle,144
orwell,144
cooking,144
stack,144
charrolastra,144
tìếp,144
nekhorvich,144
snowhill,144
hoji,144
dickey,144
bakumatsu,144
garbage,144
margolis,144
goolaj,144
awol,144
chyre,144
bapu,144
math,144
nêìu,144
neanderthals,144
billion,144
col,144
brockden,144
lookin,144
saoul,144
burrow,144
lovejoy,144
egypt,144
ghè,144
thàn,144
chạch,144
mx,144
sleeve,144
tax,144
escalante,144
doody,144
cub,144
necessities,144
cheapside,144
ành,144
carrucan,144
hermilda,144
bios,144
sticker,144
jedburgh,144
armadillo,144
sangchun,144
cousteau,144
nen,144
yellnikoff,144
shinkichi,144
machin,144
alohomora,144
voldermort,144
fright,144
scuderi,144
aradi,144
toyocky,144
pfarrer,144
jailbreak,144
dec,144
apolskis,144
rồii,144
ktv,144
sneezes,144
sobs,144
so-co-la,144
zig-zag,144
lambton,144
redfield,144
vaucanson,144
fíli,144
shrieks,144
playa,144
heywood,144
finchy,144
whoosh,144
alard,144
swithin,144
măn,144
wondering,144
chetniks,144
hustle,144
dive,144
bridgeton,144
warlords,144
trevitt,144
pitty,144
anij,144
faraldo,144
personal,144
whooshes,144
colville,144
score,144
brenek,144
cind,144
classic,144
gorlacon,144
gm,144
nerwin,144
çình,144
ashecliffe,144
gladiators,144
kerza,144
mailman,144
maske,144
gr,144
ludus,144
mrsa,144
morroco,144
erase,144
shouts,144
curl,144
mariposa,144
serve,144
rep,144
wilshire,144
thạt,144
etain,144
doodie,144
septus,144
tiêng,144
tacoma,144
congress,144
focus,144
cãm,144
mundungus,144
bươi,144
panello,144
trager,144
thump,144
thenardier,144
longfellow,144
carnot,144
kagome,144
ca-rô,144
bormann,144
groan,144
parrino,144
brevet,144
nõi,144
barns,144
jenks,144
gaëlle,144
maniacally,144
itc,144
barneys,144
sticking,144
chestnut,144
stronger,144
hiêòu,144
biễu,144
tŕnh,144
opcom,144
bruja,144
amino,144
bắm,144
lassa,144
lionheart,144
bubs,144
rouen,144
canfield,144
vires,144
tolling,144
omnis,144
michener,144
kozlov,144
trýõìc,144
điễm,144
mcburney,144
thaình,144
castamere,144
miệngthánh,144
hản,144
bu-dum-dum-dum,144
lagos,144
cracks,144
arigato,144
schwerner,144
attitude,144
popular,144
infini,144
lidocaine,144
mishra,144
tatp,144
versace,144
hùi,144
krakauer,144
lengthy,144
amphetamine,144
humphries,144
triton,144
mcintyre,144
cic,144
nhản,144
gữi,144
torre,144
dancer,144
xán,144
connery,144
yinsen,144
pân,144
evel,144
godspeed,144
hya,144
marốc,144
stayne,144
rướm,144
ssssss,144
tosh,144
fawkes,144
violator,144
patten,144
nt,144
bozo,144
k-val,144
gellers,144
nộn,144
vexille,144
woltz,144
wasted,144
writing,144
coruscant,144
iăm,144
winnebago,144
lithuania,144
bãn,144
iscariot,144
bagration,144
anou,144
akimoto,144
serpico,144
midalian,144
bastar,144
paying,144
sher,144
judges,144
anger,144
hokkaido,144
brasi,144
winehouse,144
neko,144
quịt,144
shields,144
vadalos,144
ntn,144
ameliathi,144
marbury,144
phấm,144
intercom,144
healing,144
tesseract,144
bilgrami,144
ankor,144
koufax,144
password,144
torng,144
vëa,144
thuỳ,144
lamden,144
executive,144
cluskey,144
toé,144
tessio,144
sa-tan,144
dogger,144
mô-tơ,144
kă,144
ballett,144
shatters,144
tailgate,144
healey,144
bunty,144
thanhvyf,144
bluff,144
bouncing,144
reflection,144
içn,144
shazam,144
ngọa,144
inyou,144
irisu,144
bamboozled,144
sailor,144
whoah,144
khôngt,144
denarii,144
sa-ra,144
knievel,144
watchmen,144
bering,144
oakwood,144
ethics,144
hửu,144
blackthorn,144
ins,144
xỏa,144
fishlegs,144
vỉn,144
dzui,144
sx,144
horunvendush,144
grouch,144
nghĩvậy,144
kleenex,144
seuss,144
kich,144
măi,144
saints,144
prepare,144
tabby,144
surrender,144
jêsus,144
odds,144
đa-li-la,144
abreu,144
formoso,144
revudeville,144
crohn,144
goal,144
pisonia,144
earn,144
gruzia,144
ode,144
navidad,144
akăi nhít,142
anảq mata jùq,142
bụt bụt,142
aya kăn,137
bẩu đán,137
bươn chiêng,134
khuỵu,133
gunnars,133
legacy,133
chump,133
nor,133
yotsuha,133
styx,133
scandinavi,133
suffer,133
rockoff,133
ghostbusters,133
muay,133
jsoc,133
bagdad,133
fez,133
ởn,133
rsvp,133
hedges,133
hơm,133
lary,133
trunk,133
muttering,133
sigurbjörn,133
cnsa,133
osei,133
stockton,133
silda,133
genda,133
kagira,133
monzen,133
dừ,133
zoltan,133
sidwa,133
cnp,133
gypxi,133
patiala,133
ghandi,133
miam,133
güero,133
gellman,133
bifur,133
fonz,133
hemoglobin,133
khomeini,133
zlotys,133
đệp,133
fisa,133
runs,133
liedenbrock,133
nghĩvề,133
dermody,133
thermopylae,133
portsmouth,133
arena,133
khiểu,133
đấyl,133
position,133
bratton,133
villain,133
hkia,133
pico,133
langstrom,133
leavis,133
rust-eze,133
tòn,133
corticosteroids,133
siberian,133
urquhart,133
nippon,133
fonzarelli,133
assyria,133
murrow,133
dcm,133
koplin,133
methyl,133
phiều,133
holiness,133
forsythe,133
neosporin,133
panache,133
solatano,133
kataware-doki,133
lrắc,133
aey,133
đễn,133
one-of-a-kind,133
macgyver,133
younce,133
mânh,133
belshazzar,133
aum,133
zilla,133
euphrates,133
thurston,133
tulley,133
princes,133
zartan,133
umh,133
ngocquevt,133
dãu,133
okie,133
positronic,133
moat,133
francs,133
soroush,133
freakshow,133
chitza,133
faded,133
doogie,133
hiể,133
foolish,133
eshel,133
vanishedsky,133
audel,133
montezuma,133
chặp,133
sharply,133
beginning,133
scorch,133
khalski,133
heave,133
redrum,133
showtime,133
gatô,133
paad,133
vaf,133
pỏn,133
jour,133
nstung,133
mố,133
starting,133
pon,133
luminol,133
ashen,133
wooo,133
sangiema,133
underwater,133
okudera-senpai,133
tribum,133
godders,133
tl,133
viras,133
namtrang,133
osnaz,133
dunbarton,133
gôi,133
playland,133
penney,133
jaada,133
dusseldorf,133
ghraib,133
pouran,133
portillo,133
d́nh,133
otisville,133
local,133
latth,133
galeano,133
wasp,133
vọp,133
hacienda,133
tupelo,133
blackthorne,133
oven,133
tortilla,133
hush,133
bode,133
whalen,133
gaad,133
thụp,133
sala,133
aaaaah,133
gelderland,133
skjoldmo,133
stamp,133
laoghaire,133
kếm,133
keitel,133
kuchinawa,133
mcknight,133
summit,133
tartars,133
yurek,133
sakamoto,133
spooge,133
stammel,133
rô-tơ,133
haba,133
lubyanka,133
olam,133
cuôi,133
novick,133
beckham,133
watsuhita,133
moz,133
đólà,133
chỗi,133
ltzhak,133
bambini,133
esquire,133
sokolov,133
bogladytes,133
cyclophosphamide,133
koichak,133
niner,133
huh-uh,133
abraxas,133
meeks,133
endorphin,133
bowery,133
spitting,133
gorgon,133
syrena,133
león,133
giyuk,133
steve-o,133
cassette,133
warrior,133
cheesecake,133
bloomington,133
westin,133
potami,133
veins,133
thror,133
powerpoint,133
dalbergia,133
osan,133
hardbodies,133
loâi,133
eomer,133
butoh,133
nhên,133
maldonia,133
xuổng,133
quid,133
incan,133
huê,133
occam,133
williamson,133
principles,133
kiloton,133
myeongdong,133
li-băng,133
gamling,133
iai,133
dogood,133
vg,133
meridian,133
ceiling,133
antimony,133
eco,133
sotheby,133
magellan,133
độp,133
ooh-hoo,133
wolcott,133
powerball,133
golbangee,133
tunisia,133
loaf,133
wango,133
mccormick,133
mourne,133
wingardium,133
uhf,133
đừơng,133
braddock,133
tardieu,133
uptick,133
cubit,133
rahmah,133
grows,133
leach,133
klunkers,133
suweidi,133
janai,133
prayer,133
paella,133
phoenixdkny,133
sơri,133
shimura-kun,133
haizzz,133
swords,133
sowoski,133
tumbling,133
camorra,133
kozielsk,133
balford,133
neruda,133
cabarcas,133
barracuda,133
marcinho,133
wearing,133
giơi,133
hahah,133
baapu,133
mù-tạt,133
karazhan,133
raw,133
frostwolves,133
poldo,133
peri,133
drazens,133
czech,133
coughlin,133
khoen,133
csny,133
yeatman,133
ditto,133
hadoken,133
clerq,133
pushing,133
casilda,133
nơ-rôn,133
bénh,133
duff,133
pappas,133
albanian,133
cowles,133
possum,133
ca-ra,133
mado,133
delporte,133
lô-gíc,133
amazons,133
sehat,133
baretto,133
nghĩthế,133
daws,133
marlinspike,133
ommaya,133
hanlin,133
wilcott,133
tìếng,133
chatwin,133
majorek,133
rampart,133
elite,133
beemer,133
liye,133
ojai,133
darmani,133
sanemon,133
stallone,133
balor,133
kojak,133
fansub,133
kenedy,133
cotesworth,133
chỡ,133
pachenko,133
qußn,133
gw,133
metro-north,133
thìtôi,133
bark,133
furya,133
apis,133
hibbott,133
blank,133
tachuela,133
bitsy,133
fades,133
babies,133
ferrero,133
nuốn,133
maplewood,133
beaver,133
heels,133
penrose,133
huntress,133
héc-quyn,133
lequint,133
thằng-đệt-mẹ,133
lceland,133
exciting,133
haanikaarak,133
vacation,133
blueberry,133
rank,133
mmhmm,133
gumbo,133
attaboy,133
ambassador,133
stonesipher,133
pafko,133
available,133
cunt,133
alaykum,133
marseillaise,133
gain,133
chitt,133
breeher,133
sỏa,133
robicheaux,133
rial,133
plain,133
gunnison,133
badass,133
toluca,133
dostoyevsky,133
borodino,133
chapelle,133
abuse,133
quôc,133
honesty,133
matters,133
guillotine,133
lức,133
hofstadter,133
holdfast,133
emotion,133
snarling,133
conference,133
cardozo,133
culpepper,133
nững,133
techtonic,133
tren,133
leborgne,133
fleet,133
thếthôi,133
molotov,133
soy,133
wân,133
aerotyne,133
factor,133
blink,133
đốí,133
believing,133
kepesh,133
gedion,133
kayak,133
rugrat,133
mcclintock,133
alcol,133
mòa,133
stoltz,133
horrible,133
negative,133
warrant,133
units,133
claim,133
ság,133
sur,133
pêru,133
mauna,133
faithful,133
streetlight,133
nobb,133
aorion,133
snc,133
aulfric,133
bir,133
megiddo,133
marlloy,133
sakana,133
nandlala,133
paste,133
tõòng,133
kizilcullu,133
novgorod,133
digoxin,133
mauser,133
yesona,133
donar,133
borrachón,133
gals,133
atka,133
haram,133
gossip,133
corinth,133
nda,133
xụp,133
sanus,133
lamberti,133
cranberry,133
volcano,133
marriott,133
woodstock,133
sakai,133
als,133
sheboygan,133
canakkale,133
osage,133
phọng,133
chòt,133
bagpipes,133
iòng,133
walbridge,133
band-aid,133
hoác,133
siếc,133
shakin,133
mẩy,133
mantis,133
đượcc,133
siu,133
dwighty,133
mierzwiak,133
paf,133
rta,133
gic,133
thoreau,133
bracknell,133
haynes,133
mandalay,133
goethe,133
lizewski,133
exit,133
dynamic,133
macready,133
crowberry,133
uc,133
bun-ga-ri,133
species,133
xêm,133
kadam,133
llc,133
illusion,133
frisian,133
boma,133
cupcakes,133
bail,133
bayside,133
expressionlessly,133
frame,133
reichenbach,133
yoomi,133
paine,133
giê-ru-sa-lem,133
gúc,133
wordlessly,133
chaka,133
senate,133
education,133
freakin,133
drivin,133
techno,133
héc-ta,133
nhay,133
phắt,133
tuy-líp,133
moron,133
mercier,133
beith,133
khà,133
hóp,133
airfield,133
comic,133
svet,133
adamantium,133
ruvé,133
kreme,133
krispy,133
antilly,133
millay,133
rumple,133
crimsen,133
eherols,133
laurus,133
cà-phê-in,133
wikileaks,133
caribê,133
angelou,133
olmstead,133
coachella,133
reung,133
lar,133
lúy,133
angrboda,133
squeeze,133
bòm,133
songguk,133
firing,133
canon,133
pardon,133
ekg,133
inglewood,133
hayek,133
tọt,133
blackout,133
orell,133
vưc,133
uso,133
hi-fi,133
weed,133
týng,133
nangi,133
phipps,133
alamein,133
sto,133
hebron,133
tuyệ,133
kona,133
zắc,133
groovy,133
merrick,133
ker-rah,133
mirage,133
gascon,133
legoland,133
tillisi,133
deluca,133
atc,133
cotta,133
shakey,133
javelin,133
acerbo,133
adie,133
opa,133
cerillium,133
ngẩu,133
iinh,133
doa,133
arabia,133
a-fishin,133
nhém,133
carpet,133
pew,133
rence,133
chẹp,133
lovin,133
itôi,133
hollow,133
iôi,133
miyamizu,133
hng,133
sassetti,133
philby,133
alderman,133
purdue,133
watchit,133
hassert,133
samarra,133
katiee,133
whooo,133
dolgan,133
serapeum,133
omni,133
informant,133
zorander,133
takaoka,133
locum,133
lagoon,133
dla,133
karat,133
matrix,133
greyf,133
dragosh,133
snorts,133
kanzaki,133
shinigami,133
route,133
chemo,133
exhibit,133
hartland,133
aaalhlhlh,133
cuói,133
afanc,133
glyxerin,133
hoster,133
stammering,133
cheka,133
buchinsky,133
dake,133
alkali,133
bolsheviks,133
maximoff,133
ecmo,133
cyrano,133
pest,133
conti,133
garbo,133
majorie,133
nipon,133
ny-lông,133
messerschmitt,133
thanagarian,133
nome,133
kestrel,133
huck,133
kuchikamizake,133
tuơng,133
mifune,133
witch,133
piza,133
fruit,133
borscht,133
friar,133
chochancuuduc,133
takin,133
nghẻo,133
okuda,133
grill,133
samhain,133
double-cross,133
sours,133
ackles,133
lsis,133
chiffre,133
gường,133
nemetes,133
doggone,133
róm,133
cheeks,133
curious,133
butterbar,133
tợ,133
oni,133
travkin,133
bruun,133
pepperidge,133
đek,133
cạc,133
lausanne,133
dướng,133
năm-viên-kim-cương,133
fransisco,133
delacourt,133
patroclus,133
cum,133
plants,133
barea,133
pause,133
heihei,133
maldonado,133
soames,133
pangborn,133
sambuca,133
dracarys,133
dondarrion,133
whitechapel,133
hacky,133
benzo,133
bàng-cú,133
spend,133
strabonitz,133
enoki,133
biko,133
milimét,133
via,133
wilkie,133
frankly,133
centauri,133
macavoy,133
naku,133
mcrandle,133
fsociety,133
boboli,133
rua,133
honecker,133
appetit,133
frittata,133
jamot,133
stilwel,133
thiếm,133
creatures,133
slit,133
shirt,133
humm,133
diến,133
picking,133
catania,133
kellogg,133
ghết,133
amerian,133
nemeton,133
mere,133
laveau,133
bofur,133
moria,133
ngoe,133
tua-bin,133
ngụa,133
balle,133
cork,133
thráin,133
boyanov,133
crot,133
tôc,133
ủn,133
yluda,133
dudaev,133
gaddafi,133
midgard,133
section,133
sandringham,133
agnan,133
hackers,133
nghàn,133
uncas,133
woude,133
platinum,133
bor,133
blackbriar,133
oin,133
gramercy,133
high-hat,133
calvi,133
tüªng,133
chingachgook,133
delvecchio,133
aocher,133
tinian,133
jeor,133
gq,133
maserati,133
hị,133
amh,133
mus,133
fajitas,133
dẩm,133
hearn,133
lansky,133
oberman,133
aaaaalhlhlhlhlhlh,133
celestial,133
la-de,133
alecto,133
wildcats,133
vladivostok,133
cowabunga,133
marynia,133
trành,133
botticelli,133
erie,133
goetz,133
ngưa,133
kissed,133
redding,133
mccuddin,133
apd,133
hb,133
satellite,133
lockdown,133
wellcome,133
sulla,133
fourth,133
sashihara,133
dilophosaurus,133
orpheum,133
chorus,133
operating,133
deanie,133
monticello,133
schäfer,133
rupal,133
nnsc,133
galaxy,133
offred,133
dns,133
notch,133
hock,133
yancy,133
twix,133
traven,133
ostin,133
thyri,133
afrs,133
croods,133
phillies,133
pittypat,133
lacrosse,133
cinnabon,133
operations,133
porbus,133
mccleish,133
pancras,133
steelgrave,133
hel,133
duce,133
lambeau,133
hooks,133
utopia,133
gỉa,133
norte,133
cheek,133
loằng,133
torrhen,133
nhiìn,133
dragonetti,133
qhorin,133
cetera,133
clavell,133
mofet,133
raspail,133
vùa,133
fredrica,133
flames,133
pembry,133
nee,133
quệt,133
videl,133
muốt,133
erikson,133
pissing,133
lexy,133
docheski,133
pair,133
krelman,133
ragu,133
iạ,133
fietch,133
honex,133
týì,133
pendle,133
meteor,133
côcain,133
ðâìu,133
current,133
washio,133
dendera,133
petain,133
không-không-không,133
ẳng,133
ravens,133
hassini,133
hornswoggle,133
jeese,133
godshaw,133
sextoy,133
guatemalan,133
zời,133
mandon,133
muppet,133
pa-tanh,133
pfaffenbach,133
atp,133
malden,133
methuselah,133
bergerman,133
innocence,133
cartier,133
mawr,133
nhiến,133
phỡn,133
saipan,133
thalidomide,133
fico,133
bitterbuck,133
basson,133
rura,133
penthe,133
ngổ,133
hungered,133
siam,133
lucita,133
klondike,133
tangu,133
goong,133
kure,133
apophis,133
pacha,133
freaky,133
aces,133
plankton,133
pluskat,133
gorightly,133
hix,133
boson,133
gauntlet,133
okavango,133
livewire,133
rovers,133
pimp,133
deluxe,133
bastards,133
sapiens,133
hanar,133
scientific,133
afyon,133
sonoma,133
collet,133
clanging,133
avrat,133
rf,133
teotihuacan,133
saynanda,133
ruddiger,133
seminole,133
burdett,133
maniax,133
al-chir,133
wareeth,133
ravana,133
yppolitovich,133
giza,133
bưa,133
keppler,133
monde,133
temptation,133
bait,133
cheer,133
lynchburg,133
weak,133
rim,133
prendergast,133
springer,133
barada,133
tygrysku,133
biình,133
lousy,133
prisoner,133
rayzah,133
veeko,133
tetravaal,133
chicks,133
fagina,133
bradbury,133
biò,133
cassady,133
nghệm,133
luss,133
neighbor,133
threshold,133
cuìng,133
đagn,133
pronto,133
wilkerson,133
neeva,133
chëu,133
nurse,133
chepe,133
ied,133
churros,133
complete,133
loe,133
carreon,133
shook,133
cơi,133
thọai,133
suprip,133
aclu,133
klaatu,133
nikto,133
hanuman,133
capuchin,133
heiss,133
theflashcwvn,133
dzạ,133
yolosubbingteam,133
tais,133
fiddle-dee-dee,133
yomiuri,133
morrissey,133
pierson,133
chou,133
artim,133
yew-cheen,133
wished,133
woger,133
wodewick,133
hubbard,133
checkpoint,133
mangione,133
demeo,133
xuka,133
lantern,133
hura,133
koala,133
róng,133
lifetime,133
tyavka,133
passing,133
snapchat,133
andreuccio,133
shekel,133
montoli,133
dramamine,133
helmand,133
fredler,133
bwian,133
lazy,133
surfer,133
rodeo,133
deutsch,133
dominion,133
welker,133
prochnost,133
chef-faw,133
shosanna,133
greane,133
lauricello,133
snappy,133
enforcement,133
blackwell,133
stalker,133
chirac,133
noriega,133
sappho,133
murron,133
xila,133
meerket,133
songaksan,133
tiki,133
lapron,133
gat,133
sạm,133
mornay,133
cancer,133
sycamore,133
fourteen,133
hachiko,133
rayne,133
hunsford,133
tannis,133
ếp,133
waverly,133
eddies,133
thoãi,133
crimean,133
magistrate,133
hahn,133
aba,133
dahn,133
miit,133
eindhoven,133
talla,133
skank,133
phấp,133
lcd,133
internal,133
simonova,133
ghetto,133
mhm,133
lets,133
suchart,133
chato,133
crate,133
eichelberger,133
lige,133
bekka,133
nóa,133
pilla,133
acheson,133
motus,133
spikes,133
go-kart,133
grimble,133
vieques,133
phenytoin,133
dennison,133
jatt,133
samba-tapas,133
cointreau,133
rack,133
sasquatch,133
griga,133
dmx,133
gwai,133
khuyếch,133
msa,133
lithia,133
hapstall,133
abcxyz,133
kasnia,133
reuter,133
hoolemere,133
culi,133
navi,133
volts,133
plainsboro,133
schopenhauer,133
maximals,133
jhandni,133
psc,133
onatopp,133
leigh-jensen,133
phomai,133
phớ,133
khoàn,133
pipizich,133
bronski,133
macpherson,133
levy,133
newfoundland,133
hutchins,133
bonni,133
banes,133
quyán,133
bridgeport,133
chaos,133
hit-girl,133
bomba,133
matveyev,133
mù-tạc,133
traps,133
mclachlan,133
forel,133
salladhor,133
antilles,133
chiệc,133
mandingo,133
aid,133
arctic,133
wardenclyffe,133
iwata,133
pint,133
yagami,133
harow,133
baboor,133
slug,133
pg,133
vanderfloog,133
sonata,133
uniform,133
seaton,133
berlioz,133
tachyons,133
biền,133
gazmán,133
codis,133
bergin,133
chickie,133
ingot,133
fredericks,133
sunt,133
deniro,133
octam,133
yidu,133
hamacher,133
liến,133
havasu,133
mental,133
kotkin,133
nguẩy,133
tri-pi,133
vanowen,133
saratov,133
hamer,133
traherne,133
forrester,133
bogle,133
kesselring,133
dob-ble-dore,133
angiulo,133
zielinska,133
macchiato,133
thênh,133
pounce,133
gaalians,133
trảng,133
sic,133
velders,133
xửu,133
compare,133
vladek,133
funvick,133
kimoko,133
bowren,133
beckerman,133
vốt-ka,133
manage,133
syri,133
barbiturate,133
macguffin,133
beta-blocker,133
vlf,133
martorano,133
buffett,133
ogden,133
sergeyevich,133
amantha,133
shatner,133
scarborough,133
pimlico,133
deuce,133
interest,133
norwich,133
rage,133
heavenly,133
rialto,133
ood,133
genaros,133
hều,133
thậy,133
diadema,133
shawarma,133
pj,133
facemash,133
redfoo,133
leonhia,133
ltaly,133
laughlin,133
lizard,133
bricassart,133
properties,133
juuichi,133
hellgrammite,133
ponch,133
keeffe,133
cesca,133
lườn,133
vi-ô-lông,133
chò,133
bust,133
refuge,133
bickle,133
martey,133
piledriver,133
kdh,133
rejoice,133
diddy,133
origami,133
mooc,133
parking,133
thồng,133
al-moraad,133
rump,133
spakowsky,133
smasher,133
korg,133
welsh,133
léontine,133
rub,133
indica,133
heel,133
phậm,133
gummi,133
salmonella,133
faggot,133
pờ,133
delacroixs,133
spine,133
yuzuha,133
resist,133
chĩnh,133
khiểng,133
cobretti,133
hamill,133
mer,133
sunspear,133
dubov,133
vazir,133
cuổi,133
fenner,133
fielder,133
lindbergh,133
montecasino,133
faz,133
hissing,133
theater,133
adore,133
marinara,133
padmini,133
mulieribus,133
togawa-gumi,133
grice,133
snyder,133
smiles,133
servicecircuit,133
alexsie,133
mercea,133
harpy,133
huyến,133
colter,133
chòe,133
allman,133
mứa,133
công-tắc,133
scouts,133
fray,133
wilberforces,133
trổng,133
salk,133
sufi,133
nacio,133
brass,133
dreiberg,133
mouton,133
monicans,133
việ,133
lipson,133
hilldale,133
tandy,133
badur,133
homie,133
whoao,133
balerion,133
ozymandias,133
morelos,133
dreadfort,133
hedgewitch,133
activity,133
wolkan,133
gigawatts,133
flathead,133
constitution,133
fujita,133
departed,133
grigio,133
shankman,133
marielito,133
bleu,133
barnowsky,133
tilton,133
tricks,133
havelock,133
kyung-ho,133
vện,133
laughton,133
ngênh,133
gạp,133
chotchkie,133
akutagawa,133
coìn,133
quyễn,133
voyage,133
surraya,133
nassima,133
roppongi,133
ehh,133
binkowski,133
enchantment,133
tâìt,133
polliver,133
ar,133
letterman,133
strangers,133
lehman,133
lemurian,133
morningside,133
quasimodo,133
shabbat,133
ô-xít,133
vp,133
palau,133
auckland,133
lrs,133
chugns,133
nyle,133
champion,133
gíup,133
tòm,133
jeffersonian,133
recon,133
emberato,133
sôđa,133
chive,133
fransokyo,133
anata,133
bín,133
arbuckle,133
lằm,133
fredrickson,133
đep,133
bacardi,133
deckard,133
radford,133
ratchet,133
fiesta,133
farra,133
satin,133
patrón,133
vanozza,133
lemkov,133
chầy,133
tuyện,133
hydrat,133
kaluga,133
ah-ha,133
capitan,133
spivey,133
coach,133
sisler,133
yosemite,133
dều,133
skelter,133
thiago,133
aldy,133
sefelt,133
solzhenitsyn,133
arkov,133
dohr,133
sheik,133
nunes,133
frisco,133
brigham,133
sã,133
washinton,133
đs,133
naka,133
revere,133
stump,133
mangold,133
moriya,133
hodgkin,133
waffles,133
barranquilla,133
associates,133
ruhr,133
dresden,133
gentleman,133
nefud,133
khartoum,133
ensign,133
zito,133
hẹo,133
mn,133
chỗm,133
rastatter,133
tenzin,133
helter,133
amun-ra,133
brustin,133
golgotha,133
pana,133
padmé,133
damned,133
ast,133
simón,133
hab,133
roulade,133
bedevere,133
malt,133
kẻng,133
schlitz,133
catholic,133
rival,133
romantic,133
squeals,133
lakul,133
runes,133
touchdown,133
jumpship,133
harvest,133
vưi,133
greyhill,133
dreyer,133
lonano,133
blond,133
khảng,133
hyperborea,133
panzers,133
casgar,133
dunphy,133
pu,133
lodon,133
nicholai,133
nhưtôi,133
sharia,133
tajtelbaum,133
balsora,133
quantas,133
bulma-san,133
magra,133
akkermans,133
koroku,133
mẫy,133
vinhcmb,133
haiku,133
nò,133
regum,133
jiko,133
mungin,133
kasie,133
fallow,133
pop-tarts,133
huangsgiving,133
selby,133
steak,133
uñng,133
ðuìng,133
k-mart,133
capricornia,133
soot,133
biêòn,133
thresh,133
swoja,133
reichstag,133
matke,133
geppetto,133
sylocet,133
havemeyer,133
clausewitz,133
côì,133
mcmurdo,133
porch,133
paster,133
hey-ah,133
volume,133
mallister,133
koenig,133
stays,133
cote,133
hõn,133
chýì,133
múôn,133
dioxin,133
bags,133
skyline,133
xy-lanh,133
paylor,133
dopinder,133
elway,133
violon,133
hamberger,133
ladriya,133
dyck,133
vamonos,133
oxide,133
thóa,133
hambơgơ,133
kitahara,133
elephant,133
harpo,133
fontane,133
brazin,133
roebuck,133
gables,133
perth,133
mitchum,133
ziegler,133
candor,133
lass,133
dahlin,133
sựu,133
myumelzee,133
beauvais,133
bostic,133
luìc,133
rampage,133
expresso,133
heading,133
pốt,133
obscurian,133
rikyu,133
butchie,133
ishikawa,133
wladyslaw,133
zouaret,133
mercato,133
macusa,133
drews,133
fresca,133
ostos,133
naloxone,133
pacman,133
augoura,133
karlin,133
zap,133
stoneheart,133
armbrecht,133
sumter,133
gdr,133
pabst,133
bayview,133
steinbeck,133
òi,133
norby,133
shuddering,133
vontae,133
dascomb,133
bermann,133
clarkson,133
con-tai-nơ,133
yi-shan,133
xm,133
gữ,133
mửng,133
gallegher,133
thenn,133
glảl,133
yo-landi,133
nutter,133
zuppa,133
ooa,133
ngồng,133
shushing,133
beebs,133
eurystheus,133
thiìch,133
sclc,133
cronos,133
bilkins,133
hallowed,133
bellevue,133
vacxin,133
d-series,133
regg,133
mimosa,133
tarantulas,133
reader,133
reel,133
chôìng,133
sấn,133
shenandoah,133
montclair,133
hffffff,133
donnegan,133
pruitt,133
crucio,133
allesandro,133
madness,133
alastor,133
hansberry,133
puh,133
gambino,133
folic,133
whipstaff,133
muscle,133
animai,133
dep,133
culebra,133
cyanure,133
wailin,133
tempura,133
montpellier,133
garofa,133
vella,133
pbr,133
amphotericin,133
mutare,133
louder,133
reuters,133
tum,133
egan,133
slinky,133
truờng,133
căi,133
everlasting,133
lamp,133
talif,133
comic-con,133
algérie,133
design,133
xớt,133
underland,133
ứa,133
chatsworth,133
cũn,133
loompa,133
tequilla,133
albumin,133
aramaki,133
apoc,133
danube,133
boop,133
millerettes,133
pajama,133
linkletter,133
wal-mart,133
campari,133
mami,133
xun,133
rui,133
quài nưa,130
slam pé,130
thới thạnh,130
ahnong săp,130
akhăl săp,130
kôranh nơm nti,127
quải tở,127
tủa thàng,127
tén tằn,123
a-ăi veo,123
bàu bạu,123
bẽn lẽn,123
nùng inh,120
quỳnh khê,120
thạnh nhựt,120
nasaf,119
bern,119
anthem,119
meadows,119
malagasy,119
tomaki,119
belrose,119
bocão,119
birão,119
pringles,119
hom,119
fairman,119
parts,119
croy,119
bullwinkle,119
foxx,119
muy,119
na-nô,119
blackarachnia,119
tumer,119
điệt,119
hedstrom,119
sundog,119
humboldt,119
revanski,119
thuyt,119
ftj,119
treasures,119
kimagure,119
raatib,119
capture,119
vercingetorix,119
tituba,119
maecenas,119
vicksburg,119
thrill,119
charliề,119
secure,119
bandersnatch,119
hs,119
ahk,119
hua,119
días,119
wonderland,119
marreco,119
donuts,119
middletown,119
dáp,119
luât,119
công-te-nơ,119
wibberly,119
lougle,119
giốn,119
oxytocin,119
bđn,119
moorcroft,119
deitrich,119
fag,119
summerland,119
botulinum,119
bittrich,119
bateaux-mouche,119
anhh,119
flava,119
vối,119
nadder,119
zippleback,119
sosabowski,119
jữ,119
ginza,119
guarantee,119
calgary,119
uzbek,119
croydon,119
itakura,119
tribal,119
ruffnut,119
margha,119
cracked,119
hellfire,119
lapooh,119
caju,119
speece,119
electrical,119
surprises,119
carinii,119
cuỡi,119
bleed,119
comanchero,119
amasova,119
ít-ma-ên,119
mlckey,119
management,119
enniscorthy,119
mulvey,119
quinones,119
michka,119
fiery,119
al-thani,119
mdma,119
fnarial,119
aiice,119
tso,119
perlmutter,119
hếch,119
jawa,119
menz,119
rugby,119
laércio,119
grounded,119
feather,119
simmon,119
phô-tô,119
nuka,119
hoochie,119
pixie,119
colonnade,119
nhõi,119
patient,119
hellerman,119
vường,119
onề,119
dairy,119
lloyds,119
nti,119
trâng,119
dỏng,119
cezanne,119
sôìng,119
gorobei,119
gedawar,119
galant,119
gnocchi,119
farber,119
vdqg,119
nýþa,119
colosseum,119
saginowski,119
dỵ,119
seynaeve,119
nố,119
hesketh,119
pecos,119
lisieux,119
desfontaines,119
buckmaster,119
clearing,119
careless,119
trính,119
angelito,119
yarnell,119
derzmond,119
vause,119
ngủn,119
gentle,119
chỵyện,119
ngàu,119
am-pe,119
tủa,119
ngịu,119
noon,119
rails,119
kakuzen,119
bệu,119
oji,119
merritsville,119
osen,119
bounder,119
lốm,119
zeniba,119
kohaku,119
vivo,119
barcalounger,119
slavic,119
glassman,119
spank,119
crps,119
rope,119
nhâìt,119
chiefs,119
douche,119
madeira,119
jewjew,119
snowden,119
axc,119
blunderwood,119
marelli,119
ritter,119
minucius,119
sleepin,119
impact,119
oversight,119
engines,119
performed,119
tzadok,119
ốt,119
saiki,119
grumbles,119
delriego,119
thumping,119
higashi,119
toast,119
coretta,119
druid,119
ngă,119
aaj,119
reutemann,119
gullet,119
buxton,119
troop,119
đãm,119
awhile,119
baòo,119
ollivander,119
visenya,119
tyrells,119
cattermole,119
cuôòc,119
nubbin,119
caìch,119
somerville,119
helzinger,119
murmillo,119
kh-không,119
second-hand,119
báy,119
cinemax,119
flemish,119
stunning,119
miều,119
veliante,119
roseman,119
wenneck,119
đg,119
gạn,119
farting,119
vẫ,119
sauvignon,119
gằn,119
bakara,119
nosete,119
grimesy,119
archibaldo,119
simran,119
ji-hye,119
spitz,119
hogsqueal,119
straw,119
wỉ,119
dợi,119
trusted,119
opossum,119
sanderman,119
esp,119
basin,119
ul,119
bertineau,119
nextel,119
spinks,119
relief,119
graydon,119
drn,119
rewind,119
dcpd,119
kickstand,119
tittie,119
catalogue,119
jumanji,119
whittle,119
sixteen,119
paik,119
chula,119
verrocchio,119
gristle,119
fabry,119
erroneously,119
hỏn,119
loác,119
barbozza,119
monana,119
florins,119
backdoor,119
stoia,119
spilner,119
butte,119
miình,119
campe,119
yaa,119
phng,119
stravinsky,119
lufthansa,119
bhai,119
arcanan,119
nhướng,119
nàoi,119
piu,119
chariot,119
xuynh,119
gracechurch,119
seltzer,119
ransone,119
nứơc,119
mính,119
mra,119
scarlotti,119
dolorosa,119
cardholders,119
creature,119
string,119
nhâc,119
phầm,119
quirrell,119
espheni,119
mitsui,119
leviosa,119
mi-hee,119
macaroni,119
balinese,119
salzburg,119
hộp-nhóc,119
choir,119
ppk,119
stuka,119
vác-xa-va,119
rig,119
dukas,119
aggghhhhh,119
byblos,119
mecury,119
wol,119
panton,119
ninomae-san,119
mortar,119
ghệt,119
mayberry,119
span,119
asperger,119
glaux,119
tetrodotoxin,119
zire,119
schenk,119
boron,119
mozarella,119
tokuma,119
thậ,119
lnter,119
par,119
hargensen,119
malky,119
chancellor,119
yggdrasil,119
giè,119
thoắng,119
nì,119
eco-front,119
valentines,119
sabrosito,119
loreal,119
novakovich,119
texpro,119
grumbling,119
port-au-prince,119
cavalry,119
christiansen,119
whitley,119
matron,119
lays,119
levaquin,119
primes,119
borozdin,119
dumpling,119
descartes,119
solitaire,119
malsky,119
ozera,119
phenol,119
iiepwop,119
aerospace,119
starscream,119
khẻ,119
rawitch,119
velasquez,119
menard,119
van-xơ,119
visual,119
hểu,119
tến,119
fyodorovna,119
lám,119
dd,119
shanssey,119
west-allen,119
phuket,119
quỡn,119
hằm,119
michaelson,119
mccleod,119
sle,119
five-o,119
funahachi,119
viến,119
advil,119
ellaria,119
whittingham,119
buher,119
nhậ,119
naphthalene,119
mikề,119
halliday,119
vandermaark,119
tidewater,119
kodak,119
hảng,119
bartimeo,119
nubian,119
wicke,119
stagner,119
quaì,119
cloister,119
yaaaa,119
hamburgers,119
mãòt,119
blancardo,119
maremma,119
occura,119
lungren,119
lte,119
móm,119
vinter,119
dachau,119
ounces,119
drops,119
warrnambool,119
shoshone,119
shamaldas,119
vx,119
gantua,119
dough,119
gườm,119
stello,119
racquetball,119
elgos,119
thoản,119
nitromin,119
penistone,119
gentil,119
sturges,119
magoo,119
grange,119
ðôìi,119
buck-naked,119
erkigsnek,119
môòt,119
javu,119
e-harmony,119
wrench,119
slams,119
pager,119
tits,119
rấy,119
mọp,119
seko,119
sheeny,119
sinaloa,119
carvalho,119
merkert,119
dinkum,119
đách,119
kress,119
loà,119
afis,119
lì-xì,119
razgul,119
hendershot,119
cobol,119
tweed,119
engineering,119
udonta,119
kingston,119
wilmington,119
ultimate,119
emails,119
nikname,119
nậu,119
fosters,119
fletcham,119
ðêìu,119
cellphone,119
barnum,119
eto,119
pont,119
xirô,119
bãìt,119
bowmont,119
taekwondo,119
senshi,119
tamatoa,119
kushner,119
sees,119
pilaf,119
koulikov,119
khời,119
mimicking,119
lawan,119
yawp,119
pomona,119
kirigi,119
shuffle,119
ritsu,119
kp,119
chubb,119
hanaway,119
reports,119
hẹ,119
coheeries,119
pruszkow,119
nhây,119
teams,119
screech,119
ashley-pitt,119
burnside,119
pattering,119
njord,119
stands,119
liubliu,119
hae-rang,119
gethers,119
pakhan,119
hotchkiss,119
wentworth,119
avirgin,119
cyprus,119
scagnetti,119
vichy,119
người-cá,119
touché,119
exposition,119
kinko,119
icon,119
latapha,119
đọat,119
bigglesworth,119
fabergé,119
hi-yah,119
đún,119
vassar,119
attraction,119
saving,119
meantime,119
csv,119
footage,119
coastal,119
vùn,119
korolenko,119
coogan,119
isogai,119
kwai,119
ươn,119
hamra,119
bakri,119
steward,119
marduk,119
belteshazzar,119
cừa,119
odair,119
restless,119
nickytun,119
oberst,119
buttercup,119
keldysh,119
ipswich,119
mcewan,119
heavensbee,119
fongoli,119
tồ,119
comple,119
tsing,119
liệp,119
hawkin,119
tenis,119
bungari,119
lu-thơ,119
vaes,119
tables,119
madsen,119
họan,119
frustration,119
boner,119
lyov,119
belgian,119
loo,119
alamos,119
azur,119
camo,119
atomic,119
elbow,119
pierdoli,119
dill,119
eritrea,119
avanti,119
brookline,119
dothrak,119
heagh,119
storsch,119
bouchet,119
alotta,119
cogsworth,119
sprezzatura,119
forms,119
tama,119
epic,119
síp,119
kinograph,119
exports,119
pollack,119
fooling,119
ponzi,119
quincey,119
xếch,119
boobs,119
eunt,119
abate,119
lagravanese,119
fa-la-la-la-la,119
lến,119
xướt,119
calpurnia,119
portinari,119
wolfie,119
vicker,119
gta,119
hạy,119
enfield,119
scraping,119
vanadium,119
crom,119
montero,119
bumble,119
xon,119
liện,119
ộng,119
heyward,119
khụy,119
balkans,119
devaney,119
talisa,119
orient,119
strawberry,119
nether,119
thỗ,119
hippocrates,119
superstar,119
poop,119
ba-tư,119
cháui,119
libria,119
friedman,119
cleric,119
bẽo,119
ỉu,119
surrey,119
adwan,119
horner,119
mcconnel,119
alga,119
mccain,119
đướng,119
langford,119
homeward,119
shokunin,119
diona,119
prozium,119
borisovich,119
markowski,119
fassbach,119
inferni,119
doraemi,119
tejada,119
enochian,119
riverview,119
play-off,119
san-uých,119
emf,119
hợi,119
váp,119
winnipeg,119
minivan,119
so-ho,119
hardcore,119
glue,119
dọng,119
hưa,119
follies,119
cóa,119
karting,119
macadamia,119
wimbledon,119
hildebranda,119
pasa,119
etruscan,119
kkhông,119
cattano,119
kristensen,119
caddo,119
giesu,119
eléonore,119
whitecap,119
rootin,119
maccorry,119
bẻo,119
manchester-reid,119
arson,119
med,119
hopscotch,119
plum,119
shariff,119
nawyecky,119
isi,119
treena,119
alert,119
multiple,119
nolcorp,119
potsdam,119
aningaaq,119
babineaux,119
parading,119
vồn,119
obara,119
xỡ,119
nephilim,119
kresge,119
resurrection,119
malpas,119
suttel,119
goth,119
jupe,119
gậm,119
bubaye,119
assaidi,119
slo-mo,119
lawford,119
laforte,119
watashi,119
scottish,119
weakness,119
competition,119
corners,119
hagamar,119
troops,119
smyrna,119
matsen,119
kellicams,119
snakes,119
finler,119
shoulder,119
sperling,119
cà-ra-vát,119
sãng,119
horrox,119
kolpos,119
xăng-ti-mét,119
xúm,119
carton,119
izz,119
acamus,119
guiness,119
drifting,119
sượng,119
chuếnh,119
training,119
teiji,119
miyano,119
lanigan,119
axelrod,119
galilê,119
heck,119
stud,119
muriella,119
enterprise-b,119
sapo,119
bonus,119
wittman,119
klan,119
mcbride,119
adenosine,119
korrd,119
catfish,119
mccloud,119
reporter,119
xiri,119
arak,119
whow,119
cypress,119
chũm,119
yé,119
garf,119
koso,119
ullman,119
zachry,119
ignore,119
bimmel,119
pccc,119
ọc,119
gặng,119
tomb,119
signor,119
guignol,119
blouse,119
zambique,119
gundy,119
tigris,119
wiress,119
karhold,119
neak,119
slovakia,119
babydoll,119
frick,119
chigurh,119
blazek,119
rấ,119
bunyan,119
viv,119
bellows,119
bjornberg,119
coronis,119
vardis,119
mord,119
ratbag,119
karlenko,119
ahuru,119
rottmayar,119
mummy,119
groshkover,119
squealing,119
sandler,119
curtains,119
versucci,119
piccolomini,119
aramaic,119
foote,119
romagna,119
tout,119
branzino,119
delacour,119
hips,119
zolo,119
langral,119
tnhh,119
snowflake,119
temoxelin,119
barasa,119
nót,119
vaò,119
tõ,119
kutedragonbabe,119
reducto,119
ảy,119
mottorola,119
gìđây,119
dialing,119
ah-hah,119
franche-comté,119
savings,119
charger,119
darnay,119
gìchứ,119
amnesia,119
oreos,119
enron,119
adal,119
cantara,119
volta,119
official,119
aguilera,119
khắng,119
benadryl,119
azevedo,119
zahrani,119
áp-ga-ni-tăng,119
fentress,119
ivanovna,119
orefice,119
schiaparelli,119
karaboudjan,119
mercker,119
entertain,119
hedestad,119
bubo,119
palmgren,119
newcombe,119
rượi,119
jean-françois,119
sforzas,119
finncannon,119
lindua,119
kormamin,119
shiff,119
allenwood,119
kitten,119
birimbau,119
min-gi,119
đẹt,119
moonshine,119
syenit,119
lndiana,119
tiwari,119
dv,119
metalonien,119
cốt-len,119
mylee,119
cds,119
girmacakil,119
rugelach,119
vedder,119
vụi,119
scrabble,119
shermanous,119
sins,119
quam,119
inhofe,119
sah-fer,119
lockart,119
triskelion,119
anxious,119
sherpa,119
hove,119
fixed,119
clue,119
gem,119
kettner,119
tinkle,119
kutcher,119
laws,119
kneel,119
washes,119
orde,119
parslow,119
cuột,119
ltd,119
zig,119
trailer,119
bastogne,119
radlo,119
dubuque,119
ramayana,119
muza,119
narvik,119
dumbarton,119
robbery,119
takani,119
essential,119
pangaea,119
tadzio,119
zloty,119
lippe,119
lizarrabengoa,119
zollinger-ellison,119
sartre,119
cưc,119
coffeehouse,119
drug,119
lochlan,119
wizzie,119
miêng,119
riệu,119
twister,119
shankland,119
hinton,119
pollito,119
wolves,119
macho,119
arce,119
prophytes,119
máo,119
saan,119
homs,119
seagulls,119
caspi,119
delight,119
fitzrobert,119
locutus,119
dickon,119
effects,119
weimar,119
chủy,119
steinem,119
rumina,119
improv,119
regulus,119
mauch,119
viii,119
hoitz,119
sweetest,119
okê,119
dodgson,119
halcones,119
ngha,119
phish,119
runnin,119
ish,119
kishida,119
prefer,119
goodwill,119
wrap,119
transvaal,119
laven,119
ballroom,119
rooms,119
bike,119
snores,119
pipsy,119
twenty-four,119
mudd,119
coroner,119
trigger,119
mella,119
worms,119
pratters,119
winterfelt,119
tầy,119
al-hady,119
brand-new,119
tìến,119
majdanek,119
mesopotamia,119
cabbage,119
sẳng,119
october,119
urea,119
potassium,119
vault,119
lalalala,119
arunasva,119
hol,119
correct,119
eastland,119
yamada,119
comm,119
kharkov,119
biki,119
kirb,119
grifon,119
ngùi,119
zoeyin,119
paisa,119
godspell,119
vitriol,119
wiccan,119
xoảng,119
yutyevich,119
cutback,119
weiner,119
luschek,119
durango,119
bimbim,119
poliakov,119
liderman,119
television,119
ratprick,119
nhẳng,119
barbecue,119
bangers,119
mash,119
blown,119
gothel,119
blessed,119
điiều,119
oh-no,119
devier,119
risker,119
sanctuary,119
scum,119
sơi,119
equis,119
blogger,119
bachman,119
gyges,119
candaules,119
carverton,119
ellisif,119
nepenthe,119
arai,119
westmeyer-holt,119
albatross,119
chza,119
capades,119
miyatsuko,119
intracoastal,119
rodgers,119
riding,119
hoánh,119
johansson,119
sales,119
belhatchett,119
stutler,119
messinger,119
napoléon,119
leece,119
midorikawa,119
splicer,119
langham,119
pirozhkis,119
alluaudia,119
knick,119
meyerheim,119
hatherton,119
funakoshi,119
mim,119
dennet,119
prank,119
ink,119
gilfoyle,119
chunky,119
mulctuary,119
piedmont,119
tỡ,119
korea,119
seung-ki,119
ịt,119
kiviak,119
maassannguaq,119
coldfield,119
gorak,119
tugarin,119
chóe,119
mikele,119
suri,119
lukasi,119
mow,119
messed,119
xoạc,119
rustling,119
barley,119
thíc,119
gẫn,119
mompos,119
cro-magnon,119
pasteur,119
paralti,119
ulanga,119
nơron,119
wolynetz,119
chupa,119
bly,119
divide,119
twinky,119
blech,119
doubts,119
thefacebook,119
sòn,119
kerik,119
chook,119
phiển,119
serbian,119
sotero,119
manningham,119
farrel,119
thiel,119
sold,119
busted,119
myramy,119
tibi,119
kasic,119
dmitriyevich,119
mcrashley,119
climbing,119
hoằn,119
showers,119
shuts,119
sorrell,119
suppose,119
yindel,119
besh,119
phenylaxetic,119
a-mi-ăng,119
camembert,119
peachtree,119
bretset,119
salton,119
alpinum,119
auriga,119
nịu,119
tumor,119
incarcerous,119
stoli,119
anhcos,119
dolichorhynchops,119
paddie,119
ammonites,119
ca-bin,119
mansfield,119
kute,119
woodburn,119
armor,119
fairvale,119
distress,119
rosing,119
jenga,119
winger,119
native,119
eating,119
cheerio,119
baurel,119
coa,119
havre,119
wormsley,119
curse,119
vâg,119
hính,119
growls,119
charing,119
tubby,119
cuesta,119
fernandes,119
shrapnel,119
blimey,119
fac,119
lambeth,119
macer,119
mikhalev,119
streeters,119
combustion,119
sarandon,119
yhun-kihong,119
deptford,119
corcoran,119
bugayev,119
kanha,119
palladium,119
nơtron,119
shamu,119
enchanting,119
cabana,119
bãy,119
ror,119
okun,119
niền,119
hurray,119
lnterceptor,119
huých,119
wpa,119
victorian,119
iẽ,119
casse,119
torgo,119
nudho,119
setupaty,119
beloved,119
simpsons,119
nitti,119
nguyenthaonguyen,119
landreaux,119
pic,119
heny,119
chàu,119
kah,119
somethings,119
dunholtz,119
primal,119
whitfield,119
hotline,119
pursuit,119
gigante,119
nykwana,119
tasarov,119
nikku,119
phomát,119
scorponok,119
splitz,119
tibet,119
nagoya,119
takida,119
snakeshit,119
fangorn,119
g-dogg,119
hauptmann,119
sarajevo,119
mâ,119
echoed,119
popo,119
haters,119
ioại,119
attica,119
machiendl,119
rpgs,119
miner,119
gìđâu,119
do-hyun,119
subs,119
napan,119
bootstrap,119
peyketewa,119
zoroaster,119
sparkplug,119
tochigi,119
tikka,119
roycephus,119
pupa,119
mamada,119
djinn,119
xục,119
behan,119
isere,119
oaxaca,119
martyrs,119
meeren,119
hdm,119
matarese,119
garrideb,119
stradivarius,119
snivellus,119
idk,119
loony,119
jopling,119
ngạ,119
guillain-barré,119
protocop,119
fontaine,119
krubechoff,119
mozambique,119
khin,119
anudo,119
garlic,119
glou-kester,119
greasy,119
nhẩu,119
grima,119
stare,119
clarkie,119
prism,119
astor,119
takase,119
oreo,119
psychic,119
plt,119
bluey,119
dín,119
abdikarim,119
oharra,119
decitabine,119
chuồi,119
travolta,119
margutta,119
assume,119
hyundai,119
boothe,119
hariri,119
pressing,119
rgs,119
satou,119
dorri,119
magdala,119
serial,119
baguette,119
disorder,119
sawano,119
stasiak,119
galon,119
whoohoo,119
crawling,119
gabbana,119
bukkake-sha,119
decimus,119
funnel,119
embarrassed,119
bix,119
lợt,119
gian-thời,119
shagwell,119
mykonos,119
arika,119
elysée,119
shaman,119
lvy,119
iike,119
jenning,119
dansky,119
sinful,119
chatek,119
horowitz,119
mochaccino,119
âi,119
schischkin,119
soke,119
sela,119
crépin,119
giân,119
ariella,119
mitsuhide,119
gimbels,119
generally,119
manik,119
tiamat,119
ishida,119
sayacchi,119
nhđ,119
mđi,119
posa,119
appuh,119
muffins,119
marne,119
daruma,119
leduc,119
thérése,119
chukchi,119
joyang,119
nyame,119
serna,119
eichorst,119
aconitine,119
nghièp,119
ngoác,119
bakunas,119
raspberry,119
palpatine,119
kingslayer,119
ponte,119
router,119
lundwall,119
bench,119
spooky,119
a-team,119
roddney,119
wreck,119
segovia,119
among,119
fiction,119
nghinh,119
premiere,119
stocky,119
nhú,119
limited,119
svendsen,119
controlled,119
tém,119
cowen,119
namagiri,119
xuþt,119
atley,119
tack,119
viät,119
castlebeck,119
cruel,119
moan,119
macmahon,119
ngong,119
colly,119
beaty,119
tagi,119
struck,119
tendo,119
yunan,119
limehouse,119
delcavoli,119
newgrange,119
joliet,119
grosse,119
binnie,119
taser,119
border,119
moved,119
buớc,119
ifany,119
qùa,119
africom,119
khê,119
ds,119
anaheim,119
dah,119
xĩnh,119
childers,119
packers,119
basement,119
ixtapa,119
nhoè,119
bomwitz,119
hamlindigo,119
pant,119
tauretta,119
heydrich,119
tèng,119
schuiz,119
cigarette,119
pinochle,119
antenne,119
sandia,119
valiant,119
belding,119
sausalito,119
buttes,119
trimble,119
pittsy,119
chýn,119
hiăm,119
partageuse,119
eventine,119
fighters,119
alias,119
husky,119
lat,119
skynyrd,119
mi-sook,119
traveling,119
loger,119
peyote,119
so-ma,119
hiss,119
ymca,119
destarte,119
man-tik,119
marburg,119
akizuki,119
lứu,119
mitchie,119
pershing,119
bulgarie,119
dundy,119
tuất,119
winconsin,119
norepinephrine,119
cabeza,119
karamel,119
crock,119
whis-san,119
epipen,119
sì,119
kel,119
gurdlinger,119
hostess,119
wuertz,119
uva,119
mcu,119
achimong,119
surrillo,119
yakavetta,119
ma-at,119
holguín,119
nervously,119
assassin,119
dem,119
stamford,119
diop,119
drubetskoy,119
sogliato,119
tivan,119
kagoshima,119
haaa,119
dimmond,119
wildcat,119
couscous,119
poona,119
dulmacher,119
multiplex,119
trumbull,119
aqualantic,119
hanscum,119
glasses,119
scenes,119
martense,119
viceroy,119
farnum,119
swimming,119
andreyev,119
yamaha,119
waitin,119
sa-tanh,119
taị,119
oxycodone,119
ngøng,119
bubble,119
cýp,119
guards,119
byers,119
kaeng,119
delatrex,119
digan,119
docklands,119
thụng,119
solitary,119
lýng,119
nieven,119
gmail,119
moroni,119
toshiba,119
accident,119
pít,119
voice-over,119
ozon,119
bẩu,119
harriman,119
balalaika,119
bolo,119
christabella,119
waikiki,119
nghch,119
digg,119
ham-bơ-gơ,119
underwear,119
thàm,119
wolfman,119
deu,119
fatoush,119
demidov,119
tucky,119
pennsatucky,119
wink,119
crush-a-nator,119
qur,119
wrigley,119
barrera,119
cuời,119
twelves,119
cát-sét,119
bosun,119
springbay,119
dasher,119
willebrand,119
upton,119
harbour,119
gillespie,119
oakley,119
nhắp,119
rexy,119
wynwood,119
nguồi,119
minions,119
cơng,119
loè,119
sanada,119
t-ball,119
dorn,119
makio-san,119
hi-mi,119
tcri,119
chôi,119
courage,119
khướu,119
painful,119
abbies,119
camero,119
convinced,119
sg,119
machuria,119
commit,119
intensive,119
chỉhuy,119
sằn,119
crisco,119
edele,119
pontchartrain,119
bamboleo,119
puchi,119
gruper,119
embry,119
beryllium,119
kaznia,119
mcmahon,119
weezy,119
oo-ooh,119
bậm,119
aaugh,119
qasimi,119
el-bee,119
follet,119
holywood,119
dzị,119
maffei,119
vanderburgh,119
moskva,119
alzo,119
hinđu,119
broekie,119
càphê,119
passes,119
quạch,119
lund,119
hrt,119
kendallo,119
bedelia,119
demarchelier,119
winds,119
kravecki,119
hightopps,119
exist,119
penalty,119
gando,119
jvc,119
suez,119
shafter,119
frostwolf,119
semenchko,119
dope,119
melanin,119
knutson,119
schieber,119
alodi,119
kossef,119
domo,119
mutter,119
amp,119
roots,119
geldof,119
trampoline,119
weekend,119
beret,119
bakery,119
zuki,119
raa,119
khiểm,119
phd,119
kra,119
envigado,119
mhz,119
pelagius,119
khàng,119
aghhhhh,119
nỡm,119
fiyin,119
dùn,119
deadwood,119
flirtual,119
hinkle,119
sns,119
confirm,119
tickin,119
sẽl,119
vhf,119
dickenson,119
kaminsky,119
mellor,119
astros,119
khỏng,119
nodell,119
mcneil,119
đé,119
hapi,119
larouche,119
diån,119
parody,119
ect,119
shores,119
dadina,119
alligator,119
ganske,119
draka,119
iâu,119
mátxcơva,119
derkaderkastain,119
highpockets,119
piedras,119
adohi,119
a-sin,119
admiral,119
kalfus,119
vas,119
cừng,119
escarguel,119
baravia,119
isarel,119
moroes,119
sipowicz,119
tis,119
enchilada,119
lyciscus,119
seger,119
akb,119
gallier,119
nicholaij,119
khñn,119
li-ti,119
karadjov,119
xủ,119
bilắc,119
dunlevy,119
kantor,119
wasswa,119
pavlograd,119
osha,119
burne-jones,119
dickerson,119
propwash,119
cratchit,119
roldy,119
nình,119
fue,119
duster,119
nô-ê,119
renwick,119
cure,119
thessaly,119
haloperidol,119
diễ,119
swofford,119
niacin,119
angellier,119
continue,119
wilk,119
niểm,119
monopoly,119
bangdamuahe,119
merovingian,119
freaking,119
godard,119
cps,119
doggy,119
aliens,119
mô-típ,119
langlois,119
ngiện,119
mango,119
mcentee,119
initrode,119
bonnetot,119
ăn-ten,119
euclid,119
snaps,119
ishani,119
oerstadt,119
oval,119
tujunga,119
chuốixịp,119
revy,119
laogai,119
flaubert,119
xoẹt,119
diiber,119
bande,119
nergal,119
copa,119
daffs,119
carcerema,119
plea,119
ptt,119
kuchta,119
levitan,119
klopman,119
sheraton,119
na-pan,119
fiend,119
woad,119
cozy,119
liber,119
dagonet,119
germanius,119
cb,119
rock-n-roll,119
rossetti,119
kurusu,119
cosmopolitan,119
téc,119
pickle,119
wetmore,119
byzantine,119
neuberger,119
cheeseburger,119
ees,119
flute,119
camaro,119
abbot,119
pancake,119
giú,119
beauvoir,119
jaialai,119
boba,119
vestry,119
gulfstream,119
khoẻn,119
confusion,119
êi,119
clorua,119
southy,119
topsail,119
gøng,119
dwyer,119
deenz,119
phệt,119
motts,119
plait,119
supper,119
knob,119
negro,119
puto,119
flyer,119
bogdanov,119
còp,119
rodríguez,119
gời,119
corbet,119
hardest,119
crone,119
pays,119
medic,119
vưa,119
shines,119
nautilus,119
mcveigh,119
giữu,119
yushin,119
mysterious,119
nhiãn,119
mayonaise,119
gershom,119
buơi,119
wheezy,119
anyways,119
thõñng,119
dhabi,119
knocked,119
anzac,119
thõïng,119
tribals,119
sabatin,119
awacs,119
acre,119
tây-ban-nha,119
cathedral,119
shichikokuyama,119
itunes,119
khiền,119
midi-chlorians,119
tarak,119
khalifa,119
coutances,119
cheedo,119
gnomes,119
oriflamme,119
lautrec,119
shiffman,119
manocanh,119
winkle,119
mos,119
rigby,119
morcant,119
value,119
irac,119
frightening,119
bwana,119
biow,119
concord,119
zumbi,119
gon,119
scooby-dooby-doo,119
peanuts,119
ramho,119
nặm,119
eggy,119
clariss,119
orgy,119
phiá,119
kathmandu,119
hassler,119
wom,119
dổ,119
homecoming,119
railgun,119
vosch,119
ma-ra-tông,119
jeevan,119
calamity,119
saal,119
staying,119
lõ,119
pretending,119
ghót,119
keck,119
vladie,119
dõng,119
massive,119
ertz,119
chloroform,119
brego,119
holds,119
setup,119
chritian,119
battlefield,119
rù,119
iễ,119
niel,119
krone,119
âo,119
biãn,119
bros,119
thôii,119
nhbạng,119
ón,119
gamgee,119
shephard,119
airport,119
cuồi,119
abuela,119
nhíc,119
heidelberg,119
mutara,119
thm,119
anido,119
pawnee,119
viễnlq,119
melshi,119
kozak,119
hém,119
array,119
reggio,119
fowls,119
jeziah,119
awan,119
ack,119
hatieupro,119
mortner,119
matxcova,119
tomaye,119
lansbury,119
arathorn,119
gasim,119
promethium,119
hamari,119
adhuri,119
tayi,119
mackelpie,119
dagger,119
tuned,119
vúc,119
fujima,119
waa,119
kaena,119
kikki,119
wylis,119
leatherwood,119
indians,119
chinoy,119
yadda,119
bein,119
hillbilly,119
chuyăn,119
ca-vát,119
vinalia,119
mushrooms,119
doodle,119
thenns,119
phom,119
robles,119
ry,119
drag,119
flat,119
myriad,119
yuda,119
xcốt-len,119
giòp,119
teabing,119
dreux-soubise,119
anduin,119
thandor,119
dense,119
yokomichi,119
draycon,119
rtacus,119
kanon,119
kahndaq,119
strook,119
thng,119
renfro,119
unay,119
plutoni,119
trolos,119
worldwell,119
gizah,119
smikers,119
cowboys,119
kasshin,119
adirondacks,119
tực,119
fellowship,119
cornerback,119
tober,119
goòng,119
yifalchunbee,119
lacoste,119
beechwood,119
jaiko,119
annexe,119
manet,119
cotter,119
kà,119
vục,119
sterns,119
sieland,119
ba-de-ya,119
sojiro,119
widefield,119
willson,119
bilkemen,119
cubbies,119
phosphate,119
dạc,119
ditch,119
winthrop,119
bogs,119
rađiô,119
abyssinia,119
xuóng,119
autotrophs,119
battlin,119
doodle-dum,119
løng,119
drool,119
sậu,119
hmo,119
developed,119
crossings,119
deathmask,119
tresckow,119
ticktock,119
zembala,119
chuta,119
omkar,119
altar,119
bemique,119
thoang,119
quietly,119
năo,119
expansion,119
amertek,119
vích,119
gravano,119
kettle,119
hopkinton,119
sahx,119
hăi,119
olivetti,119
senegal,119
wight,119
rate,119
thurgood,119
nob,119
senor,119
ol,119
signal,119
slayne,119
hathor,119
ephialtes,119
ikran,119
partners,119
borovsky,119
baffin,119
pa-pow,119
đìêu,119
bannion,119
erectus,119
vng,119
stearns,119
lod,119
ellic,119
saviano,119
đốp,119
mehtevas,119
vishnu,119
kitano-san,119
thunderbird,119
barium,119
kilmer,119
stormlands,119
ruybăng,119
rafe,119
khản,119
jeepers,119
gordita,119
bute,119
bõm,119
salesman,119
mongolia,119
paypal,119
chekhov,119
nobi,119
serezha,119
mcneely,119
padawan,119
cứuuuuu,119
gá,119
cýi,119
werewolves,119
rottweiler,119
kalima,119
riz,119
do-hyuk,119
snider,119
bamberg,119
nephthys,119
trụa,119
drazak,119
spandex,119
roxxon,119
çëp,119
grennan,119
nhiệp,119
hy-lạp,119
mauritania,119
unicorn,119
frown,119
ichi,119
yatsko,119
cheeto,119
tourette,119
subaru,119
chronicle,119
koning,119
hổm,119
androoha,119
lessing,119
surratt,119
whack-bat,119
ferreiro,119
lump,119
mondana,119
boogster,119
rapanui,119
oka,119
só,119
yoshikawa,119
apotequil,119
lieser,119
slushee,119
bbyd,119
bregdan,119
chdc,119
hirschland,119
pyong,119
unraveling,119
macky,119
biệc,119
cyrillic,119
alhambra,119
direct,119
marble,119
dwalin,119
chp,119
barks,119
nightfort,119
pyros,119
crighton,119
as-salamu,119
klicks,119
skyhawk,119
anweald,119
hadouken,119
lucii,119
điệm,119
méry,119
radioshack,119
tiwanaku,119
vimana,119
makio,119
pmc,119
arm-ageddon,119
bãt,119
nagar,119
mayfair,119
vlog,119
allsafe,119
twink,119
sophi,119
dùt,119
wheatley,119
biggerson,119
fellgiebel,119
ngc,119
deville,119
repton,119
hỗi,119
ngoải,119
gangnam,119
aikido,119
audition,119
beaton,119
argosy,119
nut,119
rôbô,119
đựợc,119
bh,119
rajasthan,119
falklands,119
beerus-sama,119
kicking,119
pyramids,119
gahiji,119
muscovite,119
allum,119
ần,119
account,119
punjabi,119
xùng,119
nfc,119
mosinus,119
mclean,119
ởi,119
vernian,119
hypnotize,119
vernet,119
kitsune,119
hillcott,119
tatooine,119
ari-aye,119
niffler,119
thýõng,119
haryana,119
mambukaba,119
sikita,119
valleschkova,119
tarrytown,119
steinbrenner,119
xena,119
nốc-ao,119
sumer,119
qwerty,119
khônh,119
abyssinian,119
wushu,119
horns,119
freys,119
kingsglaive,119
pichón,119
uớc,119
drautos,119
terms,119
bellocq,119
crows,119
chm,119
administration,119
whining,119
investigation,119
kon,119
khù khoằm,116
sín chéng,116
adơi bẽn,116
bri hmíah,116
bri năh,116
bri pôl,116
bri tôq,116
bươn nhi̱,116
bươn nhuâ̱n,116
bươn ết,116
bợn cợn,116
bun nưa,111
bun tở,111
biêng biếc,111
chiềng cơi,106
pu thênh,106
angia moat mandang pât,106
allegheny,103
melon,103
vehicles,103
faisil,103
cianton,103
jubilee,103
wedge,103
kaowao,103
tooi,103
abruzzo,103
hallmark,103
aereon,103
bĩ,103
brunswick,103
oozmas,103
steam,103
bleeth,103
cobbler,103
burden,103
drap,103
quest,103
waterman,103
watchdog,103
crematoria,103
joshamee,103
charms,103
shafer,103
traub,103
mericain,103
nhộm,103
isamel,103
panic,103
manious,103
barthes,103
tarkin,103
seats,103
gifts,103
montague,103
framingham,103
kodiak,103
pinnacle,103
stylist,103
bennington,103
carnitas,103
chipotle,103
helicarrier,103
sệ,103
boerhaave,103
khômg,103
escaton,103
ebert,103
bagginses,103
earendil,103
pomfrey,103
meriadoc,103
longclaw,103
lauderdale,103
oracle,103
apex,103
basset,103
seisser,103
hh,103
littie,103
rưi,103
thrain,103
marteetee,103
madec,103
upright,103
lysine,103
tamako,103
g-string,103
ma-thi-ơ,103
parliament,103
chuấn,103
locklear,103
sear,103
tñi,103
spain,103
yebo,103
turlington,103
makto,103
môđun,103
điii,103
smirnoff,103
huk,103
kabbalah,103
ngoạy,103
bachmann,103
simes,103
thồi,103
fizz,103
biscayne,103
fowles,103
everyday,103
kudo,103
mirv,103
flyin,103
tricorder,103
anbtahoa,103
mêo,103
erased,103
mattress,103
thíp,103
rating,103
choctaw,103
doomsday,103
yagger,103
tskany,103
botulism,103
wanaka,103
showbiz,103
bummer,103
terran,103
meudon,103
cbgb,103
xxi,103
atmanand,103
muecke,103
lmmerman,103
hiphop,103
thiamine,103
novikov,103
fluzoo,103
popcorn,103
laos,103
ardsley-on-hudson,103
mackey,103
iý,103
uhn,103
elementary,103
mcdonough,103
tonari,103
hiccups,103
bibbit,103
hanoi,103
milosevic,103
lancester,103
nokia,103
fitness,103
ansan,103
tua-vít,103
shantanu,103
déagol,103
jtrp,103
confirmation,103
electromotive,103
ches,103
kristol,103
deserves,103
vanderhof,103
treebeard,103
territory,103
sneezed,103
đôia,103
oooooh,103
sulphur,103
bfab,103
imagination,103
julep,103
galino,103
wigwam,103
chyornaya,103
terhark,103
draba,103
aiiie,103
finis,103
arcielo,103
scheuren,103
foch,103
familia,103
carpe,103
kiăm,103
frappuccino,103
fesche,103
gutknecht,103
labels,103
chillin,103
monrovia,103
clemons,103
chessy,103
lạl,103
rahe,103
himmel,103
rubbing,103
bruises,103
muss,103
uhuru,103
ua,103
balcon,103
larrieu,103
lauer,103
struggle,103
daidarabotchi,103
hón,103
socom,103
primera,103
obuh,103
ta-xi,103
bowser,103
gimp,103
goa,103
yoona,103
malesh,103
monteiro,103
ngoèo,103
đượcl,103
gov,103
reindeer,103
tootin,103
cabinet,103
hirotaro,103
dunharrow,103
samsky,103
kodo,103
hematin,103
parkington,103
katakana,103
abenader,103
pump,103
barabbas,103
lía,103
thbạn,103
langston,103
creme,103
bellator,103
venture,103
klimt,103
jeem,103
vhagar,103
gb,103
dimholt,103
yucatan,103
westergaurd,103
nord,103
och,103
cancun,103
vâyh,103
wadiyan,103
bvs,103
xuấn,103
sambo,103
xọa,103
rừ,103
grimbold,103
foie,103
sa-lô-môn,103
céu,103
hazimi,103
saddle,103
whatnot,103
kingpin,103
elendil,103
swedish,103
weisz,103
mooski,103
script,103
halyburton,103
southpaw,103
raptors,103
maul,103
shillings,103
wrb,103
nhồn,103
garaad,103
unorthodox,103
frisky,103
pua,103
lẹm,103
karuata-uara,103
zamparo,103
nguơi,103
beluga,103
moresby,103
mol,103
vướn,103
haute,103
flex,103
terre,103
xăng-uýt,103
swaziland,103
harabo,103
caodung,103
ceres,103
whippit,103
vinyl,103
krugman,103
ecthelion,103
spar-ta-cus,103
mabula,103
stokeworth,103
hoggins,103
helenics,103
euripides,103
shouidn,103
missiles,103
ricci,103
handy,103
pankeska,103
wernicke,103
tyne,103
farragut,103
beg,103
fenrir,103
ragnarok,103
fuzz,103
rottmayer,103
nghiã,103
detrick,103
corporal,103
hatcher,103
kalenkor,103
correctional,103
chelovek,103
caves,103
slidell,103
hutch,103
unnatural,103
frenzy,103
đửng,103
khoogn,103
seleya,103
puljaria,103
honky-tonk,103
smack,103
campania,103
amdursky,103
mullen,103
samoa,103
cặm,103
garea,103
polaroid,103
satyr,103
vaticăng,103
luddie,103
nets,103
bpaa-thap,103
brucella,103
strep,103
sitcom,103
cochon,103
raider,103
quéo,103
carrera,103
fahdlan,103
chickasaw,103
aq,103
hyoga,103
fosse,103
candle,103
sono,103
todorov,103
litsky,103
muga,103
chazeaux,103
vitebsk,103
sera,103
obert,103
nhồng,103
iiên,103
zloda,103
corporate,103
pleiades,103
burkes,103
bốt-xi-nha,103
mchenry,103
chatty,103
stimson,103
nàu,103
association,103
makise,103
sanghoon,103
borgin,103
velvel,103
guthrum,103
redwood,103
cậm,103
cone,103
merchant,103
homerun,103
takizawa,103
commission,103
defiant,103
plackba,103
lebandauer,103
beltran,103
pittman,103
rếu,103
barnsdale,103
zor-el,103
sequitas,103
ns-hai,103
brask,103
noen,103
tabard,103
bulletproof,103
millennium,103
atta,103
labisse,103
crag,103
lathbury,103
escalated,103
toward,103
viềrvillề,103
ratter,103
clarus,103
lucumí,103
remains,103
sĩĩ,103
compiègne,103
donohue,103
bayezid,103
farder,103
scandinavia,103
kingson,103
dagon,103
futures,103
coram,103
motto,103
rakharo,103
bren,103
petn,103
watie,103
lndy,103
fra,103
paragua,103
béc,103
galahd,103
fulenko,103
lenox,103
no-doze,103
boer,103
bianchi,103
knuckle,103
sevens,103
ipiru-guacu,103
zisman,103
muray,103
hightower,103
reidy,103
geillis,103
rader,103
dashkov,103
krassky,103
nunc,103
rabanne,103
kasselbach,103
sernin,103
malmedy,103
pháp-canada,103
percys,103
khng,103
cereta,103
trillion,103
capable,103
inteferon,103
spinosauru,103
angar,103
vow,103
murry,103
sepulveda,103
theft,103
bup,103
wzpz,103
mont,103
rna,103
doryyy,103
horrors,103
earlin,103
holidays,103
lipscomb,103
vễ,103
interview,103
penis,103
kasnian,103
howser,103
chuỵen,103
magical,103
nhiềm,103
hikkupz,103
manhay,103
colgate,103
spinosaur,103
trollesund,103
tiệu,103
lấu,103
krauts,103
carbone,103
logos,103
destinyyy,103
mishka,103
jumper,103
mccready,103
dunleavy,103
schumaker,103
mouseville,103
firefly,103
econo,103
icy,103
cups,103
lọm,103
thêp,103
popsicle,103
véc-ni,103
narrows,103
caiera,103
masdar,103
rocourt,103
đăi,103
deucalion,103
lockraven,103
el-aziz,103
eljay,103
porton,103
lủa,103
vag-tastic,103
giứ,103
megure,103
reforma,103
kuyus,103
sunrise,103
miroki,103
cheat,103
dantooine,103
claret,103
aquino,103
copuletta,103
rhythms,103
chatterjee,103
ooh-woo-ooh-ooh,103
cuongctcclh,103
huntsville,103
xaveco,103
pensacola,103
khoăng,103
cheetah,103
coins,103
canton,103
fur,103
bashi,103
neiflhem,103
neils,103
tallula,103
iạc,103
adena,103
barbarossa,103
bastia,103
babilonia,103
kẻ-ai-cũng-biết,103
joules,103
lossow,103
lounge,103
umqra,103
appleyard,103
pralidoxime,103
jacquot,103
coloman,103
silverbolt,103
psk,103
fears,103
higgs,103
restaurant,103
kerguelen,103
mubbles,103
raheem,103
antihistamine,103
fcc,103
alphabet,103
quạy,103
snarls,103
ozma,103
kaposi,103
trompet,103
noakes,103
beaupied,103
aigoo,103
krystof,103
trupo,103
rossellini,103
tanpopo,103
melancholy,103
mữa,103
eleazar,103
mcantony,103
luche,103
oo,103
milland,103
oraculum,103
precinct,103
powaqa,103
megumi-dono,103
glaives,103
grigoryevich,103
wacker,103
deer,103
sabara,103
kracorian,103
khohd,103
sectumsempra,103
rosas,103
hoaitrung,103
kastrobascilla,103
overland,103
beale,103
films,103
peaceful,103
corvinus,103
waist,103
planitia,103
bitey,103
bullet-face,103
garber,103
haleiwa,103
make-up,103
condition,103
englewood,103
coá,103
colossus,103
eternity,103
mermaid,103
súa,103
cockeye,103
capuano,103
pittburgh,103
nothing-ham,103
leather,103
nagumo,103
zork,103
ascii,103
akrotiri,103
katib,103
nandkishore,103
jinni,103
hogwart,103
jpl,103
whoa-oa,103
damodaran,103
dolls,103
fanji,103
gandia,103
manfredy,103
algren-san,103
swain,103
suits,103
ritz-carlton,103
encino,103
muniqi,103
gypsies,103
moeru,103
missile,103
ensure,103
pinch,103
esu,103
taxes,103
falangie,103
ovie,103
sweep,103
janesses,103
aten,103
medicaid,103
caruso,103
bonadeo,103
mento,103
hofstater,103
fights,103
wa-hey,103
ukulele,103
langton,103
sốn,103
stormtroopers,103
lager,103
ngëng,103
tinkerbell,103
gorge,103
seabrook,103
tappan,103
gunshots,103
bledsoe,103
resker,103
neverbird,103
tenerife,103
giộng,103
schlinger,103
abbat,103
deauxma,103
vfw,103
cst,103
avila,103
shingleton,103
shope,103
llane,103
kebo,103
zakidernes,103
desk,103
oboe,103
geroge,103
neener,103
rhaenyra,103
manta,103
terror,103
loá,103
donaka,103
huớng,103
xềnh,103
pickins,103
coctail,103
vistain,103
benezet,103
rouge-gorge,103
gettleman,103
whooly,103
gìcho,103
gums,103
peacemaker,103
thorium,103
giằn,103
jhaggat,103
gen-sys,103
hicox,103
isda,103
routine,103
ahoy,103
wal,103
dằm,103
túyp,103
metallica,103
danaerys,103
werden,103
arcana,103
tastee,103
pall,103
callin,103
clearance,103
montmartre,103
lsla,103
crowhurst,103
weatherby,103
thracians,103
avro,103
trầu,103
uuh,103
cashew,103
sbs,103
sarch,103
casi,103
gazzy,103
studebaker,103
kripke,103
gentoo,103
rams,103
suggsy,103
observer,103
lannisport,103
consider,103
holtzy,103
sandal,103
dice,103
sền,103
toalét,103
ways,103
zinging,103
hawaiian,103
bilson,103
lever,103
nhế,103
directly,103
bessemer,103
lipschwitz,103
cậi,103
superchip,103
bổi,103
darkest,103
nega,103
urani,103
báthory,103
witzend,103
urshu,103
roe,103
valez,103
shaler,103
tophet,103
nghãi,103
sabatoni,103
boswell,103
khitomer,103
coconuts,103
peshawar,103
tactics,103
frontpoint,103
lakeview,103
pulp,103
jacobson,103
putnam,103
demonhead,103
martinique,103
chomp,103
dx,103
lavender,103
swell,103
stonegate,103
formaldehyde,103
ooh-la-la,103
baklava,103
seebach,103
rumble,103
trinket,103
escapade,103
ripped,103
baring,103
spuddies,103
patron,103
lassie,103
sedalia,103
thớm,103
a-ma-tơ,103
traners,103
tiel,103
raiph,103
convince,103
doreamon,103
kinlaw,103
darcey,103
toreros,103
rdd,103
gillick,103
saskatchatoon,103
oooa,103
subsides,103
maximum,103
novi,103
sasuke,103
slumber,103
impressive,103
cometh,103
ngĩa,103
crs,103
konnichiwa,103
fordyce,103
sorbet,103
hideoyoshi,103
sleeps,103
tỉu,103
khôngg,103
slurpee,103
bôt,103
greening,103
swinging,103
finney,103
streisand,103
promoter,103
rinda,103
moulin,103
ụt,103
bubank,103
bookbinder,103
cuôn,103
boldt,103
lòm,103
osakawa,103
đìều,103
wasurenai,103
kuttner,103
amiđan,103
magie,103
chachi,103
blobby,103
shadownet,103
poke,103
cushko,103
bourdillion,103
fooled,103
dum-ble-dore,103
covent,103
appaloosa,103
pudge,103
firm,103
wellenbeck,103
amundsen,103
teaching,103
pual,103
faulk,103
masi,103
aguamenti,103
muời,103
espressos,103
disulfoton,103
extreme,103
mesaj,103
mươn,103
ryles,103
aestival,103
czarina,103
băng-rôn,103
chím,103
lubumbashi,103
nhẫm,103
copycat,103
gelatine,103
kunsdt,103
boreman,103
seahawk,103
unikitty,103
tonichi,103
nath,103
baumer,103
lactate,103
taguchi,103
hef,103
bamboo,103
bromua,103
hanzou,103
diederitz,103
eyewitness,103
tagoma,103
hashiba,103
keytective,103
guara-miri,103
ngía,103
daonguyen,103
môm,103
litter,103
mits,103
fon,103
kutsch,103
budget,103
kappara,103
picton,103
dismissed,103
tobeloski,103
yunioshi,103
phải-trái,103
stavanger,103
prost,103
azulon,103
lefou,103
corrick,103
headquarters,103
attempts,103
vanderwick,103
prisoners,103
bouvier,103
sestok,103
pammy,103
colony,103
mết,103
pastia,103
pereira,103
rooks,103
ivanic,103
deception,103
cpd,103
yow,103
bosphorus,103
rossy,103
shabbes,103
fietcher,103
sentences,103
cordova,103
workers,103
popol,103
vuh,103
minibus,103
umbutu,103
nimish,103
plexiglas,103
wavekrest,103
sel,103
chóa,103
anokhi,103
checkabarame,103
lusignan,103
u-gamma,103
calcium,103
liberate,103
turbines,103
malevich,103
kamio-san,103
lemoyne,103
decent,103
thạm,103
kilô,103
suspicion,103
sinners,103
degree,103
samyaza,103
nesterov,103
cnb,103
chuôt,103
cellula,103
manilow,103
gumb,103
siz,103
bourget,103
antikythera,103
wakefield,103
kaliari,103
iá,103
óa,103
high-five,103
tutemet,103
merc,103
grell,103
ca-ta-lô,103
avoyelles,103
mycrolf,103
lullaby,103
moussah,103
coupe,103
isthmus,103
aringarosa,103
iỡ,103
scopolamine,103
quacks,103
tâ,103
ột,103
seiku,103
presume,103
railroad,103
manly,103
earned,103
nuevo,103
effort,103
hemisphere,103
eosinophilic,103
boogaloo,103
bazaii,103
advertising,103
auctus,103
farnham,103
penitentiary,103
amc,103
godiva,103
kendo,103
required,103
pounding,103
xi-lô,103
relaxicab,103
takenaka,103
ceso,103
ze,103
shimomura,103
lens,103
donaldson,103
hoocmon,103
sudden,103
cigar,103
kojima,103
provasic,103
spelman,103
cde,103
aangy,103
pemsel,103
mally,103
majin,103
gods,103
pumping,103
balance,103
fedayeen,103
rides,103
buu,103
kalsai,103
neuromorphic,103
erotic,103
syl,103
lovat,103
thỉng,103
denisof,103
xuề,103
somaliland,103
shoit,103
interstate,103
nuôn,103
skill,103
processors,103
swordfish,103
tokita,103
supreme,103
gettin,103
cáp-ca,103
reebok,103
register,103
montego,103
anfo,103
cocoon,103
crunch,103
hager,103
butterflies,103
accord,103
nagila,103
karaki,103
inamrinone,103
cousins,103
penal,103
åkerneset,103
parr,103
rảy,103
domum,103
norrin,103
hiệm,103
buying,103
kemidov,103
berkshires,103
dorset,103
tawny,103
obscurus,103
thứu,103
mistook,103
forensic,103
anandi,103
penicilin,103
andros,103
clendon,103
sails,103
closet,103
tithonus,103
brockton,103
rit,103
hat-trick,103
occamy,103
colonial,103
stephanopoulos,103
khỏan,103
pelham,103
đoảng,103
scotlen,103
regem,103
acetaminophen,103
morphus,103
degeneres,103
fyer,103
cocking,103
swingline,103
ghĩ,103
gremlin,103
tsavo,103
qareen,103
kuka,103
grapini,103
robichaux,103
twinkletoes,103
goku-san,103
iyo,103
fierro,103
langevin,103
ughhh,103
witte,103
whitten,103
algerian,103
nasal,103
jaimes,103
kazan,103
ravno,103
tah,103
hooke,103
ghiết,103
jewish,103
quad,103
lonesome,103
goắt,103
berchtesgaden,103
aquitania,103
pinheiro,103
kinanjui,103
paramus,103
ngẩm,103
patrol,103
warp,103
tryin,103
federicnguyen,103
ọi,103
kingsguard,103
purga,103
punta,103
vulva,103
jeeves,103
solis,103
limoges,103
dinesen,103
thorvard,103
ahhhhhhhhhhh,103
studies,103
burdeau,103
mèng,103
cra,103
inchs,103
goncourt,103
shangri-la,103
nghịt,103
achebe,103
reale,103
slanter,103
watto,103
sam-panh,103
loằn,103
minx,103
boles,103
moriarity,103
zultan,103
nkhông,103
kurata,103
rushing,103
nghễnh,103
leva,103
ngãng,103
circumstance,103
dáo,103
foo,103
gigabyte,103
vernoff,103
lumpur,103
seddon,103
lunde,103
boby,103
swahlll,103
eskimos,103
chippewa,103
seyoon,103
blon,103
bondurant,103
branston,103
felpa,103
enzim,103
raton,103
anzio,103
đưuọc,103
xàlát,103
königsbank,103
marck,103
charges,103
rios,103
calabria,103
martello,103
hy-đrô,103
vonnegut,103
alcott,103
doyley,103
bellefleur,103
ngối,103
perform,103
commando,103
oaaa,103
kopecki,103
luttrell,103
mele,103
cô-ban,103
rr,103
mochi,103
netherlands,103
ikhông,103
timber,103
screeches,103
marlboro,103
shui,103
teti,103
imax,103
gungans,103
prillo,103
dimmock,103
doorbal,103
vọ,103
puka,103
tßm,103
starship,103
kabala,103
cocker,103
konreid,103
thuý,103
massini,103
vitani,103
xiền,103
baggia,103
midget,103
geist,103
wê,103
khiu,103
đưỡng,103
ouellette,103
stormfly,103
kame,103
puyule,103
haji,103
kolkata,103
seychelles,103
warlord,103
railguns,103
lịa,103
sugita,103
thiçn,103
kiể,103
annandale,103
schilling,103
ravus,103
fodhla,103
sarangani,103
eastbrook,103
hếu,103
groton,103
rook,103
phi-mỹ,103
musgood,103
xl,103
peasebury,103
nite,103
mẹ-con,103
sa-đin,103
righetti,103
lambda,103
sonoran,103
fujitsu,103
saltzman,103
shelf,103
ỏng,103
ri-xin,103
ouzo,103
metapontum,103
arabesque,103
krabowski,103
busby,103
nasick,103
raziel,103
biesbosch,103
xaro,103
storlock,103
đoi,103
photography,103
castano,103
lauriston,103
extremophiles,103
shibata,103
giêxu,103
crakehall,103
tigranes,103
nguoisat,103
héa,103
giordani,103
quileute,103
nứa,103
tró,103
ollahm,103
haigh,103
kahani,103
savarin,103
chỏng,103
bumi,103
cresta,103
riếc,103
secundus,103
xăn,103
tertius,103
antipov,103
miếc,103
glimmer,103
mckittrick,103
bannochhoven,103
rởi,103
statham,103
sextus,103
gilder,103
drain,103
crt,103
wookiee,103
trilling,103
shiatsu,103
gromeko,103
achmed,103
woke,103
baz,103
rowling,103
baochou,103
ohmsford,103
bodine,103
poconos,103
bel-air,103
asteroid,103
kael,103
vitor,103
domine,103
pdf,103
ralphy,103
crisp,103
tooele,103
blazers,103
braithwaite,103
neapolitan,103
dashwood,103
flamingo,103
wangari,103
clayborne,103
slnglng,103
vibal,103
nagini,103
klauss,103
cét,103
bahadin,103
items,103
technicolor,103
schmoll,103
pontotoc,103
hutts,103
underdog,103
prophet,103
spotter,103
palance,103
brissago,103
bind,103
hướm,103
chick-chicky,103
zylinski,103
rí,103
wmd,103
magicians,103
development,103
nemea,103
rowley,103
pharmacy,103
atalanta,103
phât,103
sergeev,103
juanele,103
charown,103
karkaroff,103
stephane,103
johnnystein,103
sassenach,103
matak,103
clove,103
deg,103
timberlake,103
culloden,103
korsun,103
negasonic,103
darkmoon,103
nhm,103
hemi,103
cr,103
raskov,103
eritrean,103
modesty,103
listeria,103
evo,103
goats,103
accomplished,103
sukiyaki,103
riesling,103
đl,103
x-files,103
nguòi,103
hostile,103
tarpon,103
flickerman,103
dwarfs,103
usc,103
high-spade,103
argent,103
quư,103
giào,103
sangok,103
carbonhydrate,103
uytky,103
gwang-il,103
wolfburg,103
tapout,103
perlman,103
boang,103
pub,103
heinze,103
losing,103
bridesdale,103
darbinyan,103
cha-cha,103
mitrich,103
fenian,103
khơng,103
asimov,103
ldel,103
vanderbilt,103
taffy,103
ashdown,103
incoming,103
sâmbanh,103
thọi,103
eubank,103
abs,103
thên,103
traces,103
pawpaw,103
tu-líp,103
ngừi,103
pacífico,103
goody-hai-giày,103
bremin,103
tutankhamun,103
tattoo,103
ho-ho-ho,103
bouvar,103
bumme-lumme-lumme-lùm,103
coker,103
chutney,103
calvelli,103
dubrovnik,103
ladle,103
in-su,103
champs,103
yuk,103
christwind,103
beaulieu,103
lasagne,103
illustrated,103
backwards,103
barre,103
đết,103
loire,103
shone,103
sêri,103
saucer,103
microchip,103
gere,103
killbot,103
furiad,103
mdk,103
callate,103
mß,103
ache,103
genova,103
imperio,103
choẹt,103
gọc,103
ping-pong,103
guiliano,103
depp,103
galway,103
shoreline,103
juicy,103
tracker,103
glider,103
lagerfeld,103
globe,103
ê-kíp,103
antonov,103
memoriae,103
cecils,103
antipova,103
damnatio,103
schnickeifritz,103
youporn,103
vere,103
ôngi,103
kippler,103
subber,103
bulk,103
brella,103
jager,103
playlng,103
mokujin,103
daph,103
cedars,103
rội,103
ngeh,103
burbage,103
hcl,103
poussey,103
garcía,103
albertson,103
kyln,103
humidity,103
harada,103
pumpkin,103
hutt,103
hoffmann,103
malawi,103
halket,103
vêò,103
winning,103
geyer,103
pikachu,103
zavodovski,103
booty,103
packer,103
bambolea,103
fetcher,103
vâìn,103
balm,103
suis,103
ýì,103
frankel,103
looky,103
kool,103
nimah,103
stuttering,103
methacholine,103
mng,103
dutchy,103
sneakers,103
intrepid,103
beso,103
ell,103
phc,103
vigilance,103
niya,103
painting,103
booey,103
seas,103
volfoni,103
hosen,103
shahrukh,103
néu,103
knowhere,103
snuck,103
saltgrass,103
grusus,103
speech,103
đưọc,103
fufi,103
anhi,103
dũ,103
producers,103
shrink,103
nhiêt,103
trỗ,103
nuy,103
sampanh,103
weave,103
bidwell,103
fauntleroy,103
reppler,103
zumba,103
fenix,103
căng-gu-ru,103
copper,103
mứng,103
playin,103
a-ri-an,103
exio,103
yotsuya,103
carnac,103
norbury,103
agaba,103
kaczynski,103
sf,103
gregorovitch,103
blackhoart,103
mcdermott,103
reysner,103
eukaryote,103
dieker,103
ðôòi,103
repello,103
buzzlng,103
sụa,103
twizzlers,103
iran-contra,103
iubesc,103
babbles,103
transigen,103
plainfield,103
yeehaw,103
trườc,103
krausmeyr,103
fishin,103
arrive,103
kanbo,103
kouzuki,103
phaolô,103
aberforth,103
hặc,103
tứng,103
brow,103
sats,103
terabyte,103
qi,103
iập,103
strung,103
mcc,103
pss,103
caribe,103
morons,103
thiì,103
wataya,103
ruin,103
xoạch,103
doggie,103
zuriff,103
merengue,103
cyberman,103
designs,103
skitzer,103
takigawa,103
mosbius,103
kills,103
hểm,103
stepford,103
burj,103
gambinos,103
ngẹt,103
streep,103
shhhh,103
sharkey,103
bergdorf,103
mấ,103
bucknell,103
dèm,103
herzog,103
dean-o,103
nử,103
khón,103
chovka,103
pinehurst,103
aggghhhh,103
sadler-benelux,103
aggggghhhhhh,103
hiten,103
ngri,103
mão,103
ca-mê-ra,103
centaur,103
heimdal,103
phôn,103
flew,103
rastafarian,103
lụp,103
themiscira,103
cement,103
rubber,103
caribu,103
sharc,103
exocon,103
rurouni,103
umarov,103
mono,103
feilding,103
sđt,103
whymper,103
navacerrada,103
yadriel,103
schweitzer,103
goodyear,103
tềnh,103
hẹt,103
slink,103
õi,103
hollister,103
retina,103
hickock,103
wills,103
bãìng,103
acars,103
hannity,103
hụp,103
haze,103
cameroon,103
hiyah,103
mamiya,103
blenheim,103
chúngta,103
lemons,103
fucksville,103
pedranski,103
mutina,103
papa-thing,103
creation,103
brigade,103
qrh,103
danine,103
coursing,103
xlôven,103
desh,103
rodarte-quayle,103
thểtừ,103
phrixur,103
basto,103
tuch,103
tirmawr,103
acroma,103
wandering,103
quaalude,103
prey,103
stonehill,103
pérignon,103
muley,103
nasdaq,103
toga,103
alfonse,103
akers,103
sidhe,103
krav,103
tedeschi,103
wragby,103
gírenlas,103
xcốt,103
rnd,103
salty,103
mothers,103
parmalee,103
giýþ,103
nột,103
og,103
shimla,103
skiles,103
amytal,103
kessler,103
yamashiros,103
jeokyo,103
wycombe,103
tohoku,103
braegher,103
follows,103
donowitz,103
cafferty,103
knightley,103
khiäp,103
spy,103
prinny,103
scratch,103
stannum,103
durisehvar,103
triborough,103
cocobolo,103
shipman,103
israelites,103
highest,103
tosatsu,103
ba-boom,103
sêng,103
briny,103
sõò,103
giờn,103
walser,103
eyjafjallajökull,103
baìc,103
hendon,103
está,103
ravenite,103
exi,103
gless,103
vitals,103
prototype,103
xoàn,103
beiieve,103
mản,103
lnternal,103
quin,103
terrace,103
holdings,103
tapes,103
hooked,103
hooli,103
nagle,103
jwa,103
silberling,103
aschenbach,103
arsus,103
haggis,103
sahaffi,103
bonden,103
tutlek,103
caroll,103
grays,103
icepick,103
lack,103
gallup,103
szerman,103
lowry,103
boohockey,103
ðaòo,103
pursue,103
thoâi,103
exploslon,103
marke,103
asakura,103
ríu,103
naiba,103
yamaguchi,103
reeb,103
culpa,103
concern,103
glienicke,103
plath,103
schongrabern,103
valparaiso,103
literally,103
fyi,103
sanuk,103
savile,103
keeper,103
raaaa,103
hoshino,103
bâybie,103
julysnow,103
battersea,103
ishitsukuri,103
cochran,103
towne,103
jockeys,103
entering,103
phặc,103
trãm,103
star-spangled,103
caller,103
giuìp,103
gi-lê,103
brimstone,103
qaim,103
finehair,103
sumbul,103
proceed,103
tuồi,103
wyrick,103
navstar,103
karacule,103
sờn,103
gobi,103
karanergiz,103
chãìc,103
bachmanity,103
pulling,103
tréng,103
johannesburg,103
lgor,103
anglia,103
thieves,103
thuổng,103
jolayemi,103
sơ-ri,103
approachlng,103
slaughter,103
sorts,103
yo-ho,103
nazari,103
juvenile,103
sandbox,103
tiăn,103
dubstep,103
tsimshian,103
gunfire,103
occido,103
jovie,103
caelian,103
anlj,103
tuôi,103
chíc,103
nhụy,103
cawing,103
xi-lip,103
hnh,103
smoky,103
longitude,103
gulch,103
fashioned,103
bulleit,103
hurts,103
slayer,103
antioquia,103
siena,103
chaing,103
ayukawa,103
archives,103
bira,103
reache,103
bff,103
lozano,103
corolla,103
cristiane,103
câp,103
garfunkel,103
xóng,103
fci,103
hénh,103
worries,103
moorpark,103
t-back,103
rocking,103
thuếvụ,103
ca-ri-bê,103
mayugoro,103
thiểm,103
massacre,103
colins,103
ngồn,103
drill,103
milligrams,103
telekinesis,103
kelbonite,103
dummy,103
hoxha,103
alek,103
pharmaceuticals,103
mãu,103
damerjian,103
navaja,103
ngâc,103
limos,103
chamomile,103
tashkent,103
sardu,103
èt,103
gữa,103
heave-ho,103
roam,103
klimitov,103
decatur,103
iove,103
ítt,103
chulo,103
tuyêòt,103
rh,103
vipe,103
nion,103
election,103
hollar,103
reynard,103
rolled,103
upstate,103
tamphong,103
treble,103
trwng,103
immortal,103
iêu,103
bambas,103
angles,103
lanista,103
hannad,103
hillicker,103
akoni,103
mcgeever,103
witter,103
yeti,103
generieve,103
citizen,103
narcotics,103
a-ca,103
disgust,103
blitzer,103
wishes,103
coladas,103
nhơng,103
treblemakers,103
saxons,103
bancông,103
mitsurugi,103
lưởi,103
dallo,103
nhâp,103
tỡm,103
conejo,103
moms,103
burgh,103
benjy,103
goị,103
nghiêp,103
aig,103
marwood,103
dess,103
barnet,103
gwang-su,103
theismann,103
huyng,103
iunget,103
thựa,103
dictum,103
sapienti,103
pangea,103
oph,103
lemonade,103
giậy,103
ups,103
luthorcorp,103
seul,103
sustin,103
marai,103
mọe,103
viín,103
brindisi,103
eichbaum,103
pesos,103
khoắc,103
măng-sét,103
kuraman,103
shakespear,103
đệt-mẹ,103
timireva,103
thumper,103
moores,103
schiffer,103
poly,103
zebulon,103
booby,103
bestiarum,103
impetus,103
charrolastras,103
rohtak,103
laị,103
juneau,103
headphone,103
ferret,103
teemo,103
pornstache,103
retriever,103
nekhovich,103
saintanne,103
nguwoif,103
thodi,103
akuma,103
grifoni,103
grind,103
courier,103
gatti,103
genie,103
vủ,103
bicarbonate,103
hisses,103
burst,103
reyne,103
quánh,103
boros,103
dàm,103
abenaki,103
nhêu,103
nàonra,103
violence,103
sopespian,103
fukuyama,103
sùc,103
habet,103
boombastic,103
yamagata,103
tomeo,103
ono,103
atlantico,103
trombon,103
gibbering,103
mah,103
puebla,103
nin,103
pont-l,103
jeca,103
sulphide,103
badal,103
numidian,103
flomax,103
veracruz,103
rhoyne,103
nimueh,103
kitto,103
nüburgring,103
lick,103
tags,103
inocente,103
qá,103
bake,103
sibilance,103
gilehriyaan,103
mariachi,103
đuồi,103
dessler,103
dhadkanon,103
ygraine,103
nanhe,103
grandmother,103
xvii,103
coóng,103
lysander,103
raah,103
begley,103
bhi,103
lafferty,103
chowder,103
dimco,103
nghí,103
earthbend,103
golinski,103
pontiacs,103
ducat,103
kháo,103
pillau,103
schmid,103
schteron,103
pradhan,103
lrene,103
bruiser,103
hawlwadig,103
shaft,103
donitz,103
phảiii,103
gwn,103
spee,103
zelman,103
mints,103
jaake,103
gadget,103
quổc,103
iru,103
lucero,103
nearby,103
nayi,103
trón,103
mitsubishi,103
catton,103
syzor,103
con-nichon-aah,103
lucasz,103
gobal,103
glausser,103
sudetenland,103
brassard,103
assalam,103
weinraub,103
crossfit,103
article,103
xẽ,103
risala,103
smoler,103
đặm,103
chứu,103
naw,103
intact,103
vanir,103
andrés,103
rhymes,103
orphanarium,103
frigg,103
sồ,103
đâyl,103
kerensky,103
trồn,103
quânl,103
cutbush,103
initial,103
baalak,103
refuse,103
mawaru,103
maracaibo,103
dowding,103
trã,103
salviati,103
bengals,103
dash,103
crocs,103
kevo,103
discipline,103
itna,103
rijas,103
halga,103
cosby,103
chacagua,103
krapotkin,103
nuremberg,103
litzke,103
blacksburg,103
potamitis,103
ditomasso,103
danson,103
lions,103
ostrov,103
salát,103
candles,103
nugent,103
studios,103
chikyuu,103
wandsworth,103
ammi,103
levite,103
inosuke,103
kismat,103
tgi,103
vasiiievna,103
rubio,103
bazaar,103
rangitoto,103
ùmm,103
lênin,103
thraex,103
chambliss,103
content,103
xiaolan,103
boc,103
nghẹ,103
idc,103
separate,103
aulus,103
tremors,103
thanagar,103
elysian,103
smuts,103
comics,103
sangria,103
simbas,103
monumental,103
yeow,103
chăt,103
timeship,103
doopie,103
hoò,103
maison,103
ammoniac,103
chewy,103
holyfield,103
tuàn,103
benzodiazepine,103
cacbua,103
cassini,103
zafrina,103
irag,103
blinding,103
ladislas,103
junkyard,103
endotex,103
đtdđ,103
poets,103
scranton,103
iphitos,103
àl,103
têm,103
tropoja,103
krenzler,103
boheme,103
vớii,103
kurazo,103
elkhorn,103
mccalle,103
nhảu,103
bocce,103
arts,103
sinha,103
pointz,103
setting,103
squash,103
duổi,103
toản,103
gravitonium,103
bứng,103
gafeluec,103
khônggggg,103
tez,103
hobbits,103
deagol,103
lawsen,103
mutters,103
extract,103
arabian,103
rib,103
baòn,103
torso,103
pear,103
amstel,103
irc,103
ezel,103
tớn,103
ngững,103
scholar,103
shinomori,103
witchell,103
rookie,103
role,103
rootkit,103
stupnitsky,103
đoạ,103
xut,103
wintergreen,103
selbyville,103
klüver-bucy,103
collar,103
furukawa,103
umair,103
dccc,103
ngow,103
stairs,103
aydindril,103
fresco,103
banksy,103
goody-two-shoes,103
stakar,103
shecky,103
ket,103
booooo,103
gày,103
oa-sinh-tơn,103
bu-lông,103
sprees,103
delahay,103
nonny,103
genève,103
intercontinental,103
panmunjom,103
crittenden,103
henoichi,103
rutgers,103
blackleg,103
mention,103
fl,103
bảm,103
x-man,103
solas,103
priek,103
andalucia,103
mcghee,103
muscat,103
spleen,103
pa-tê,103
bapstein,103
cứuuuuuu,103
vv,103
tìền,103
reds,103
cresty,103
chão,103
surdas,103
blaring,103
xãm,103
konichiwa,103
hughie,103
separtarian,103
booing,103
chesterfield,103
mulgrew,103
hawkesville,103
petrovitch,103
quicken,103
cliffside,103
miyazaki,103
tool,103
giệt,103
dít,103
juney,103
inter,103
rovick,103
flava-flav,103
musical,103
uric,103
lupron,103
lỡi,103
hậm,103
roux,103
hyeong-do,103
miso,103
whale,103
saint-emilion,103
durmaz,103
dắn,103
lune,103
wildfire,103
jelani,103
oát,103
aiken,103
lydon,103
frazelli,103
tengan,103
chowpatty,103
sipped,103
bendel,103
lakeside,103
ucraina,103
waterbend,103
zihuatanejo,103
chuỵên,103
jambon,103
fumm,103
snifter,103
kunryongwe,103
quirey,103
ừhm,103
chote,103
livesey,103
kafir,103
aghani,103
coopers,103
puttin,103
ideas,103
wallenberg,103
gantar,103
thýì,103
benkowski,103
moòi,103
tux,103
đụng-và-bỏ,103
salinger,103
roqua,103
centreville,103
cascadia,103
presto,103
cheerleader,103
mõò,103
ripping,103
mcguckian,103
koyama,103
plugstreet,103
knowses,103
turski,103
siếp,103
create,103
slider,103
dozza,103
kessel,103
vokswagen,103
cow,103
colchis,103
bilbe,103
sneffels,103
ladak,103
vanxơ,103
inventions,103
hailstorm,103
eguchi-san,103
tyrannis,103
íng,103
connected,103
sayin,103
zafiro,103
endochrine,103
flamenco,103
fulsom,103
ballistics,103
mores,103
whisler,103
galich,103
kruczynski,103
gkg,103
montparnasse,103
auntie,103
elms,103
robo-warrior,103
nui,103
pakkred,103
circuit,103
forêt,103
unwin,103
arras,103
pentonville,103
casvine,103
dyle,103
somme,103
qurac,103
piazza,103
bluebeard,103
officers,103
juniors,103
sutra,103
fills,103
arby,103
screwed,103
zemo,103
alekseyevich,103
mesias,103
drakkar,103
smash,103
amarillo,103
sukoshi,103
tỉm,103
rpr,103
stegosaurus,103
wần,103
pheonix,103
adieu,103
moldova,103
meloutis,103
tadere,103
one-horse,103
phắc,103
rêi,103
murati,103
neman,103
product,103
kenkyuusei,103
rogues,103
guardsman,103
bolg,103
sternberg,103
abooboo,103
briegel,103
rãng,103
cursed,103
pembury,103
goerge,103
dollies,103
workin,103
pachy,103
kiệp,103
chthonic,103
ezylryb,103
dtp,103
pssst,103
sarcoidosis,103
fulmen,103
galadriel,103
raus,103
danlin,103
thrór,103
mellon,103
anht,103
nee-chan,103
c-rayz,103
airag,103
enchodus,103
trài,103
kirikkale,103
dúa,103
krom,103
crocker,103
pivot,103
tricart,103
lanzhou,103
kọt,103
gãdei,103
choang,103
jerks,103
youngguk,103
cannibal,103
forsaken,103
napier,103
masanga,103
saricullu,103
hesperornis,103
challenger,103
cretaceous,103
ngứ,103
falernian,103
mocca,103
trogn,103
midler,103
baath,103
nũ,103
cunts,103
burcher,103
jutt,103
backseat,103
projects,103
corben,103
tengu,103
lunas,103
mikhailovna,103
caceres,103
mcdonalds,103
amstrong,103
scaggs,103
stooge,103
thornberg,103
samura,103
marshmallow,103
ngẽn,103
flan,103
delivered,103
lienz,103
professional,103
kearney,103
wendol,103
answered,103
obsessed,103
xâ,103
ứu,103
jujuy,103
helps,103
hazelwood,103
olim,103
westerfield,103
zetrov,103
knolls,103
lockheed,103
aluminum,103
brite,103
vallarta,103
mbonga,103
tiểm,103
sano,103
affleck,103
pã,103
navasky,103
stroke,103
sedgewick,103
sumatran,103
microsoft,103
sympathy,103
pithom,103
seti,103
marshals,103
eskin,103
letts,103
nằn,103
amun,103
couch,103
gỡi,103
rở,103
winton,103
basho,103
discover,103
kabu,103
xiv,103
normally,103
crookedtooth,103
tests,103
solve,103
owned,103
tbd,103
giãm,103
cananda,103
kennefick,103
millimet,103
mamarut,103
families,103
polastri,103
fransico,103
hid,103
lensflair,103
hehehe,103
diehl,103
burin,103
holborn,103
staties,103
ccd,103
downton,103
damaskinos,103
các-tông,103
atacama,103
biêu,103
chilly,103
bavastro,103
oasis,103
ozarks,103
tend,103
aqui,103
lah,103
checking,103
fafnir,103
chansu,103
knee-deep,103
teasdale,103
brecca,103
wilner,103
ktor,103
necronomicon,103
transcript,103
cưởi,103
zích,103
bonobo,103
nuys,103
renegades,103
tranquila,103
henrch,103
entropy,103
skidmark,103
beckmann,103
alas,103
đýt,103
shadowed,103
manfredini,103
giyera,103
cortex,103
transia,103
happier,103
pase,103
xùi,103
lefevre,103
popping,103
droid,103
ldaho,103
gramps,103
polystyrene,103
longstreet,103
erlc,103
agamotto,103
cam-pu-chia,103
odinson,103
tushy,103
rhodesia,103
tapping,103
branch,103
shockwave,103
eudorus,103
hays,103
devry,103
kieslowski,103
grier,103
behave,103
slghs,103
plesac,103
reality,103
kashi,103
wto,103
stangard,103
ambulance,103
thướt,103
schnapps,103
waterfront,103
physics,103
xa-phia,103
ngót,103
liberace,103
sandora,103
fett,103
shindra,103
widener,103
phạc,103
seibu,103
blah-blah,103
maclerin,103
sherly,103
togasaki,103
volka,103
vox,103
phô-tôn,103
kiền,103
wii,103
oro,103
material,103
analog,103
phoi,103
rochway,103
pageant,103
daniken,103
spoken,103
appomattox,103
antoinetta,103
arghh,103
lowood,103
gigantor,103
valenti,103
sek-jin,103
rhaenys,103
firebird,103
clacking,103
stephens,103
joff,103
oàn,103
pressman,103
pernod,103
diểm,103
doang,103
sềan,103
nimmo,103
sequoias,103
palmero,103
momma,103
illyrio,103
raft,103
rumanceks,103
morthor,103
connally,103
rhaskos,103
bannen,103
sachkov,103
boo-yah,103
bakềr,103
jackrabbit,103
legendary,103
sluts,103
allessandro,103
ưmm,103
degroat,103
crooks,103
vámonos,103
loss,103
alvarado,103
moma,103
produced,103
klum,103
takoyaki,103
weatherman,103
gamely,103
spruce,103
directed,103
aerion,103
homefeldt,103
aft,103
montreau,103
boren,103
rõi,103
rotten,103
kêo,103
pan-fry,103
strachwitz,103
ubu,103
cronow,103
nikolayevna,103
na-tri,103
yeu,103
mechanism,103
rc,103
jheri,103
yagoobian,103
susie-q,103
hutton,103
cuớp,103
matanikau,103
butterfingers,103
rooftops,103
aminotransferase,103
nghộ,103
criss,103
nguc,103
sadler,103
sr,103
advanced,103
nhon,103
xẩm,103
diển,103
meets,103
minegishi,103
ramềllề,103
hammersmith,103
surface,103
bolivian,103
saresh,103
hâng,103
mutual,103
cromwell,103
deferoxamine,103
larvan,103
greatm,103
woww,103
franlsel,103
hernan,103
tén,103
commo,103
enchanted,103
marching,103
sẹ,103
bolin,103
heaviest,103
rân,103
homicide,103
ironman,103
endo,103
chesty,103
gìtôi,103
dilaudid,103
leclaire,103
shizuoka,103
margaritaville,103
electro,103
claps,103
singhs,103
château,103
umami,103
holman,103
prô-tê-in,103
sar,103
clanking,103
howlin,103
demille,103
cunoval,103
giải-thưởng,103
stephanos,103
aviation,103
roars,103
thayer,103
yoatl,103
joplin,103
soldi,103
freelancer,103
bưc,103
lutorius,103
t-mose,103
sundowning,103
hdonline,103
nạnh,103
yukimura,103
buồin,103
pelissier,103
nacy,103
all-star,103
mantovani,103
xềm,103
algernon,103
fulbright,103
patchouli,103
blackfish,103
upside,103
dbaa,103
bluebonnet,103
calculator,103
thõng,103
yunkish,103
krazy,103
chềrbourg,103
shockley,103
sportster,103
mature,103
tủn,103
gaillard,103
panhead,103
acdc,103
smykowski,103
grimal,103
infinince,103
germanicus,103
bithia,103
zubrowka,103
chât,103
trược,103
khơ,103
notebook,103
zima,103
kevorkian,103
perot,103
kolarin,103
hoytl,103
mamet,103
wertzner,103
aanh,103
intro,103
salouha,103
orchard,103
kanhaiyya,103
harvardville,103
carte,103
phịt,103
kaziranga,103
chivas,103
bravest,103
ndele,103
nae,103
valignano,103
khôôông,103
bandits,103
piggy,103
decon,103
exorcist,103
tabriz,103
giồng,103
coburn,103
cẳn,103
gringo,103
deed,103
heron,103
trazodone,103
sadiq,103
olmec,103
tonks,103
abstergo,103
cortes,103
pushkin,103
purdy,103
rật,103
xianua,103
rublo,103
wrangler,103
volarik,103
meuccio,103
cuốí,103
soong,103
akron,103
caw,103
phừng,103
lexapro,103
fierce,103
doodly,103
eisenschiml,103
spreads,103
gemmatta,103
a-coming,103
ése,103
godboldt,103
limburger,103
rệu,103
gondola,103
survival,103
cộp,103
cantillo,103
kreutz,103
thểtin,103
cemetery,103
dắc,103
pouring,103
rấc,103
goofer,103
vđqg,103
funds,103
chảu,103
wahpah,103
biều,103
guita,103
yelllng,103
chïi,103
iridessa,103
mierda,103
anytime,103
dinkley,103
ghanh,103
híp-pi,103
kranz,103
nightcap,103
harmonia,103
hartlepools,103
cđv,103
caca,103
gaty,103
borglum,103
beatle,103
fore,103
answering,103
theoline,103
nghiãm,103
kapelput,103
fio,103
trức,103
friggin,103
destruction,103
bumped,103
aligned,103
cẫn,103
gunston,103
tum-taram,103
gluck,103
whiteboys,103
tiäp,103
kabubble,103
shag,103
nhỉnh,103
britannia,103
gath,103
ngõôc,103
teacup,103
saf,103
leveque,103
searched,103
dăn,103
foe-men,103
cât,103
lickety,103
piaf,103
combs,103
têi,103
krog,103
principal,103
muỗn,103
tược,103
performance,103
neddy,103
ramel,103
sopha,103
teepano,103
stacker,103
kkeutsun,103
minnetonka,103
wuxi,103
juventus,103
starring,103
reliable,103
cryo,103
chới,103
sa-jung,103
qà,103
gallgher,103
anung,103
oars,103
ledger,103
az,103
domus,103
morstan,103
theatre,103
bailiff,103
cõñi,103
mén,103
biloxi,103
bethmora,103
panini,103
petite,103
jezreel,103
balzac,103
proxima,103
trộnthalaron,103
telephone,103
wooters,103
nigger,103
flock,103
frum,103
avox,103
krause,103
tál,103
grifter,103
directors,103
agoe,103
didgeridoo,103
gord,103
crood,103
restaurants,103
jackman,103
hỗng,103
gammas,103
diggs,103
chỉcần,103
dende,103
juda,103
delicate,103
standards,103
pentecost,103
deau,103
grade,103
sud,103
perimeter,103
sarkozy,103
bangalore,103
waterford,103
zim,103
navier-stokes,103
rainbows,103
đọan,103
calderock,103
tiãn,103
mõìi,103
kearns,103
xịp,103
la-da-la-da,103
grawpy,103
doughnut,103
thệt,103
ents,103
ốn,103
morsov,103
minoan,103
linhga,103
gilvary,103
thug,103
wrevock,103
bludhaven,103
theodred,103
khøp,103
aioli,103
shikishima,103
cầ,103
capitana,103
ubilla,103
tỏn,103
balloon,103
sonic,103
bedivere,103
madeley,103
sawan,103
cassity,103
steer,103
commandos,103
pid,103
gront,103
tamil,103
losers,103
flush,103
al-sharif,103
antacid,103
vino,103
darlin,103
valdore,103
frieza,103
kormoryx,103
eothain,103
hoặch,103
organic,103
chẩy,103
nightline,103
shimachi,103
rociel,103
tali,103
hath,103
doth,103
seng,103
gali,103
asia,103
nail,103
bủng beo,101
banda acèh,100
basa acèh,100
bliadhna mhath ùr,100
bánovce nad bebravou,100
chiềng bôm,100
chiềng hặc,100
chiềng khoi,100
chiềng khoong,100
chiềng ngàm,100
chiềng xôm,100
nau hôr,100
nau kơp,100
nau mprơ ueh,100
nau mprơ ơm,100
nau ntơm,100
nau rêh jêng,100
nhơn thạnh,100
noong hẹt,100
nùng dín,100
nùng dýn,100
núa ngam,100
phja luông,100
phja vẻn,100
première guerre mondiale,100
pác nặm,100
pâu thìn,100
pé lèng,100
thài phìn tủng,100
thạnh ngãi,100
thạnh quới,100
a-ok kónh,100
a-ok kăn,100
a-ok kơrnăn,100
a-ok pakónh,100
abáng pheo,100
adŭ dưm hruôm hră,100
adứp lom,100
alik kăn,100
anảq lamu,100
ape kakăq,100
ape vavoóq,100
ara êa,100
ayoaq ỗng,100
bande dessinée,100
bhi trăh,100
bhâm nau,100
blan blở,100
blan duapăn,100
blan klâo,100
blan pă,100
blan rơma,100
blan sapăn,100
blan tơjuh,100
blái giứa,100
bonne année,100
bruă mơnuih ngă hmua,100
bruă ngă lŏ hma,100
bâl yau,100
bâng khuâng,100
bâư khẻ,100
bìm bìm,100
bôm toòng,100
bôt chẩy,100
búc bẩu,100
bơl ras,100
bạng nhạng,100
bải hoải,100
bẹo nhẹo,100
bẻo bựt,100
bễnh đải,100
bỏm bẻm,100
bờn bợt,100
bứa nga̱u,100
