Words,Link,Score
HUMANES DE MADRID,28970,280
LAS ROZAS DE MADRID,28231,320
MADRID,28000,1000
MADRIDANOS,49157,100
MADRIDEJOS,45710,110
RIVAS-VACIAMADRID,28521,310
VALMADRID,50138,100
BARCELONA,08001,970
MALAGA,29000,620
ALICANTE,03000,540
CORDOBA,14000,420
PALMA,07000,620
IBIZA,07800,650
SAN SEBASTIAN,20000,420
TENERIFE,38000,650
DONOSTIA,20000,131
GRAN CANARIA,35000,550
PAMPLONA,31000,380
CADIZ,11000,115
CANARIAS,35000,700
CATALUNA,08000,700
GIJON,33200,350
ISLAS BALEARES,07000,640
ISLAS CANARIAS,35000,690
LANZAROTE,35500,450
PAIS VASCO,48000,650
BALEARES,07000,650
ANDALUCIA,41000,750
FUERTEVENTURA,35600,420
MENORCA,07700,380
ASTURIAS,33000,580
GALICIA,15000,620
LOGRONO,26000,290
NAVARRA,31000,550
ARAGON,50000,600
AJALVIR,28864,667
ALAMEDA DEL VALLE,28749,667
ALCOBENDAS,28100,667
ALCORCÓN,28921,667
ALDEA DEL FRESNO,28620,667
ALGETE,28110,667
ALPEDRETE,28430,667
AMBITE,28580,667
ANCHUELO,28818,667
ARANJUEZ,28300,667
ARGANDA DEL REY,28500,667
BATRES,28976,667
BECERRIL DE LA SIERRA,28490,667
BELMONTE DE TAJO,28390,667
BERZOSA DEL LOZOYA,28194,667
BOADILLA DEL MONTE,28660,667
BRAOJOS,28737,667
BREA DE TAJO,28596,667
BRUNETE,28690,667
BUITRAGO DEL LOZOYA,28730,667
BUSTARVIEJO,28720,667
CABANILLAS DE LA SIERRA,28721,667
CADALSO DE LOS VIDRIOS,28640,667
CAMPO REAL,28510,667
CANENCIA,28743,667
CARABAÑA,28560,667
CASARRUBUELOS,28977,667
CENICIENTOS,28650,667
CERCEDILLA,28470,667
CERVERA DE BUITRAGO,28193,667
CHAPINERÍA,28694,667
CHINCHÓN,28370,667
CIEMPOZUELOS,28350,667
COBEÑA,28863,667
COLLADO MEDIANO,28450,667
COLLADO VILLALBA,28400,667
COLMENAR DE OREJA,28380,667
COLMENAR DEL ARROYO,28213,667
COLMENAR VIEJO,28120,667
COLMENAREJO,28270,667
CORPA,28811,667
COSLADA,28821,667
CUBAS DE LA SAGRA,28978,667
DAGANZO DE ARRIBA,28814,667
EL ATAZAR,28189,667
EL BERRUECO,28192,667
EL BOALO,28412,667
EL CARDOSO DE LA SIERRA,28190,667
EL ESCORIAL,28211,667
EL MOLAR,28710,667
EL VELLÓN,28722,667
EL ÁLAMO,28607,667
ESTREMERA,28595,667
FRESNEDILLAS DE LA OLIVA,28214,667
FRESNO DE TOROTE,28815,667
FUENTE EL SAZ DE JARAMA,28140,667
FUENTIDUEÑA DE TAJO,28597,667
GALAPAGAR,28250,667
GARGANTA DE LOS MONTES,28739,667
GARGANTILLA DEL LOZOYA Y PINILLA DE BUITRAGO,28739,667
GASCONES,28737,667
GRIÑÓN,28971,667
GUADALIX DE LA SIERRA,28794,667
GUADARRAMA,28440,667
HORCAJO DE LA SIERRA-AOSLOS,28755,667
HORCAJUELO DE LA SIERRA,28191,667
HOYO DE MANZANARES,28240,667
LA ACEBEDA,28755,667
LA CABRERA,28751,667
LA HIRUELA,28191,667
LA SERNA DEL MONTE,28737,667
LOECHES,28890,667
LOS MOLINOS,28460,667
LOS SANTOS DE LA HUMOSA,28817,667
LOZOYA,28742,667
LOZOYUELA-NAVAS-SIETEIGLESIAS,28752,667
MADARCOS,28755,667
MAJADAHONDA,28220,667
MANZANARES EL REAL,28410,667
MECO,28880,667
MEJORADA DEL CAMPO,28840,667
MIRAFLORES DE LA SIERRA,28792,667
MONTEJO DE LA SIERRA,28190,667
MORALEJA DE ENMEDIO,28950,667
MORALZARZAL,28411,667
MORATA DE TAJUÑA,28530,667
NAVACERRADA,28491,667
NAVALAFUENTE,28729,667
NAVALAGAMELLA,28210,667
NAVALCARNERO,28600,667
NAVARREDONDA Y SAN MAMÉS,28739,667
NAVAS DEL REY,28695,667
NUEVO BAZTÁN,28514,667
OLMEDA DE LAS FUENTES,28515,667
ORUSCO DE TAJUÑA,28570,667
PARACUELLOS DE JARAMA,28860,667
PARLA,28981,667
PATONES,28189,667
PEDREZUELA,28723,667
PELAYOS DE LA PRESA,28696,667
PERALES DE TAJUÑA,28540,667
PEZUELA DE LAS TORRES,28812,667
PINILLA DEL VALLE,28749,667
PINTO,28320,667
PIÑUÉCAR-GANDULLAS,28737,667
POZUELO DE ALARCÓN,28024,667
POZUELO DEL REY,28813,667
PRÁDENA DEL RINCÓN,28191,667
PUEBLA DE LA SIERRA,28190,667
PUENTES VIEJAS,28195,667
QUIJORNA,28693,667
RASCAFRÍA,28740,667
REDUEÑA,28721,667
RIBATEJADA,28815,667
ROBLEDILLO DE LA JARA,28124,667
ROBLEDO DE CHAVELA,28294,667
ROBREGORDO,28755,667
ROZAS DE PUERTO REAL,28649,667
SAN AGUSTÍN DEL GUADALIX,28750,667
SAN FERNANDO DE HENARES,28830,667
SAN LORENZO DE EL ESCORIAL,28200,667
SAN MARTÍN DE LA VEGA,28330,667
SAN MARTÍN DE VALDEIGLESIAS,28680,667
SANTA MARÍA DE LA ALAMEDA,28296,667
SANTORCAZ,28818,667
SERRANILLOS DEL VALLE,28979,667
SOMOSIERRA,28756,667
SOTO DEL REAL,28791,667
TALAMANCA DE JARAMA,28160,667
TIELMES,28550,667
TITULCIA,28359,667
TORREJÓN DE ARDOZ,28850,667
TORREJÓN DE LA CALZADA,28991,667
TORREJÓN DE VELASCO,28990,667
TORRELAGUNA,28160,667
TORRELODONES,28250,667
TORREMOCHA DE JARAMA,28189,667
TORRES DE LA ALAMEDA,28813,667
TRES CANTOS,28760,667
VALDARACETE,28594,667
VALDEAVERO,28816,667
VALDELAGUNA,28391,667
VALDEMANCO,28729,667
VALDEMAQUEDA,28295,667
VALDEMORILLO,28210,667
VALDEMORO,28340,667
VALDEOLMOS-ALALPARDO,28130,667
VALDEPIÉLAGOS,28170,667
VALDETORRES DE JARAMA,28150,667
VALDILECHA,28511,667
VALVERDE DE ALCALÁ,28812,667
VELILLA DE SAN ANTONIO,28891,667
VENTURADA,28729,667
VILLA DEL PRADO,28630,667
VILLACONEJOS,28360,667
VILLALBILLA,28810,667
VILLAMANRIQUE DE TAJO,28598,667
VILLAMANTA,28610,667
VILLAMANTILLA,28609,667
VILLANUEVA DE LA CAÑADA,28691,667
VILLANUEVA DE PERALES,28609,667
VILLANUEVA DEL PARDILLO,28229,667
VILLAR DEL OLMO,28512,667
VILLAREJO DE SALVANÉS,28590,667
VILLAVICIOSA DE ODÓN,28670,667
VILLAVIEJA DEL LOZOYA,28739,667
ZARZALEJO,28293,667
VALENCIA,46001,680
VALENCIA DE ALCÁNTARA,10500,634
VALENCIA DE DON JUAN,24200,634
VALENCIA DE LAS TORRES,06444,634
VALENCIA DEL MOMBUEY,06134,634
VALENCIA DEL VENTOSO,06330,634
ABRERA,08630,600
AGUILAR DE SEGARRA,08256,600
AIGUAFREDA,08591,600
ALELLA,08328,600
ALPENS,08587,600
ARENYS DE MAR,08350,600
ARENYS DE MUNT,08358,600
ARGENTONA,08310,600
ARGENÇOLA,08717,600
ARTÉS,08271,600
AVINYONET DEL PENEDÈS,08734,600
AVINYÓ,08279,600
AVIÀ,08610,600
BADIA DEL VALLÈS,08214,600
BAGÀ,08695,600
BALENYÀ,08550,600
BALSARENY,08660,600
BARBERÀ DEL VALLÈS,08210,600
BEGUES,08859,600
BERGA,08600,600
BIGUES I RIELLS,08415,600
BORREDÀ,08619,600
CABRERA D'ANOIA,08718,600
CABRERA DE MAR,08349,600
CABRILS,08348,600
CALAF,08280,600
CALDERS,08275,600
CALDES D'ESTRAC,08393,600
CALDES DE MONTBUI,08140,600
CALELLA,08370,600
CALLDETENES,08506,600
CALLÚS,08262,600
CALONGE DE SEGARRA,08281,600
CAMPINS,08472,600
CANET DE MAR,08360,600
CANOVELLES,08420,600
CANYELLES,08811,600
CAPELLADES,08786,600
CAPOLAT,08617,600
CARDEDEU,08440,600
CARDONA,08261,600
CARME,08787,600
CASSERRES,08693,600
CASTELL DE L'ARENY,08604,600
CASTELLAR DE N'HUG,08696,600
CASTELLAR DEL RIU,08618,600
CASTELLAR DEL VALLÈS,08211,600
CASTELLBELL I EL VILAR,08241,600
CASTELLBISBAL,08755,600
CASTELLCIR,08183,600
CASTELLDEFELS,08860,600
CASTELLET I LA GORNAL,08729,600
CASTELLFOLLIT DE RIUBREGÓS,08283,600
CASTELLFOLLIT DEL BOIX,08255,600
CASTELLGALÍ,08297,600
CASTELLNOU DE BAGES,08251,600
CASTELLOLÍ,08719,600
CASTELLTERÇOL,08183,600
CASTELLVÍ DE LA MARCA,08732,600
CASTELLVÍ DE ROSANES,08769,600
CENTELLES,08540,600
CERCS,08698,600
CERDANYOLA DEL VALLÈS,08193,600
CERVELLÓ,08758,600
COLLBATÓ,08293,600
COLLSUSPINA,08178,600
COPONS,08289,600
CORBERA DE LLOBREGAT,08757,600
CORNELLÀ DE LLOBREGAT,08073,600
CUBELLES,08880,600
CÀNOVES I SAMALÚS,08445,600
DOSRIUS,08318,600
EL BRUC,08294,600
EL BRULL,08559,600
EL CUERVO DE SEVILLA,41749,600
EL MASNOU,08320,600
EL PAPIOL,08754,600
EL PLA DEL PENEDÈS,08733,600
EL PONT DE VILOMARA I ROCAFORT,08254,600
EL PRAT DE LLOBREGAT,08820,600
ELS HOSTALETS DE PIEROLA,08781,600
ELS PRATS DE REI,08281,600
ESPARREGUERA,08292,600
ESPLUGUES DE LLOBREGAT,08950,600
FIGARÓ-MONTMANY,08590,600
FOGARS DE LA SELVA,08495,600
FOGARS DE MONTCLÚS,08469,600
FOLGUEROLES,08519,600
FONOLLOSA,08259,600
FONT-RUBÍ,08736,600
FÍGOLS,08698,600
GAIÀ,08672,600
GALLIFA,08146,600
GAVÀ,08850,600
GELIDA,08790,600
GIRONELLA,08680,600
GISCLARENY,08695,600
GRANERA,08183,600
GRANOLLERS,08401,600
GUALBA,08474,600
GUARDIOLA DE BERGUEDÀ,08694,600
GURB,08503,600
IGUALADA,08700,600
JORBA,08719,600
JOSA I TUIXÉN,08697,600
L' AMETLLA DEL VALLÈS,08480,600
L' ESPUNYOLA,08614,600
L' ESQUIROL,08511,600
L' ESTANY,08148,600
LA GARRIGA,08530,600
LA LLACUNA,08779,600
LA LLAGOSTA,08120,600
LA MOLSOSA,08281,600
LA NOU DE BERGUEDÀ,08698,600
LA POBLA DE CLARAMUNT,08787,600
LA POBLA DE LILLET,08696,600
LA QUAR,08619,600
LA ROCA DEL VALLÈS,08430,600
LA TORRE DE CLARAMUNT,08789,600
LES CABANYES,08794,600
LES FRANQUESES DEL VALLÈS,08520,600
LES MASIES DE RODA,08510,600
LES MASIES DE VOLTREGÀ,08508,600
LLINARS DEL VALLÈS,08450,600
LLIÇÀ D'AMUNT,08186,600
LLIÇÀ DE VALL,08185,600
LLUÇÀ,08514,600
MALGRAT DE MAR,08380,600
MALLA,08522,600
MANLLEU,08560,600
MANRESA,08240,600
MARGANELL,08298,600
MARTORELL,08760,600
MARTORELLES,08107,600
MASQUEFA,08782,600
MATADEPERA,08230,600
MATARÓ,08204,600
MEDIONA,08773,600
MOIÀ,08180,600
MOLINS DE REI,08750,600
MOLLET DEL VALLÈS,08100,600
MONISTROL DE CALDERS,08275,600
MONISTROL DE MONTSERRAT,08691,600
MONTCADA I REIXAC,08110,600
MONTCLAR,08605,600
MONTESQUIU,08585,600
MONTGAT,08390,600
MONTMAJOR,08612,600
MONTMANEU,08717,600
MONTMELÓ,08160,600
MONTORNÈS DEL VALLÈS,08170,600
MONTSENY,08469,600
MUNTANYOLA,08529,600
MURA,08278,600
NAVARCLES,08270,600
NAVÀS,08269,600
OLESA DE BONESVALLS,08795,600
OLESA DE MONTSERRAT,08640,600
OLIVELLA,08818,600
OLOST,08516,600
OLVAN,08611,600
OLÈRDOLA,08734,600
ORISTÀ,08518,600
ORPÍ,08787,600
ORÍS,08573,600
PACS DEL PENEDÈS,08796,600
PALAFOLLS,08389,600
PALAU-SOLITÀ I PLEGAMANS,08184,600
PALLEJÀ,08753,600
PARETS DEL VALLÈS,08150,600
PERAFITA,08589,600
PIERA,08101,600
PINEDA DE MAR,08397,600
POLINYÀ,08213,600
PONTONS,08738,600
PRATS DE LLUÇANÈS,08513,600
PREMIÀ DE DALT,08338,600
PREMIÀ DE MAR,08330,600
PUIG-REIG,08692,600
PUIGDÀLBER,08797,600
PUJALT,08282,600
RAJADELL,08256,600
RELLINARS,08299,600
RIPOLLET,08291,600
RODA DE TER,08510,600
RUBIÓ,08719,600
RUBÍ,08191,600
RUPIT I PRUIT,08569,600
SAGÀS,08517,600
SALDES,08697,600
SALLENT,08650,600
SANT ADRIÀ DE BESÒS,08930,600
SANT AGUSTÍ DE LLUÇANÈS,08586,600
SANT ANDREU DE LA BARCA,08740,600
SANT ANDREU DE LLAVANERES,08392,600
SANT ANTONI DE VILAMAJOR,08459,600
SANT BARTOMEU DEL GRAU,08503,600
SANT BOI DE LLOBREGAT,08220,600
SANT BOI DE LLUÇANÈS,08589,600
SANT CEBRIÀ DE VALLALTA,08396,600
SANT CELONI,08470,600
SANT CLIMENT DE LLOBREGAT,08849,600
SANT CUGAT DEL VALLÈS,08172,600
SANT CUGAT SESGARRIGUES,08798,600
SANT ESTEVE DE PALAUTORDERA,08461,600
SANT ESTEVE SESROVIRES,08635,600
SANT FELIU DE CODINES,08182,600
SANT FELIU DE LLOBREGAT,08980,600
SANT FELIU SASSERRA,08274,600
SANT FOST DE CAMPSENTELLES,08105,600
SANT FRUITÓS DE BAGES,08272,600
SANT GUIM DE FREIXENET,08289,600
SANT HIPÒLIT DE VOLTREGÀ,08512,600
SANT ISCLE DE VALLALTA,08359,600
SANT JAUME DE FRONTANYÀ,08607,600
SANT JOAN DE VILATORRADA,08250,600
SANT JOAN DESPÍ,08970,600
SANT JULIÀ DE CERDANYOLA,08694,600
SANT JULIÀ DE VILATORTA,08504,600
SANT JUST DESVERN,08960,600
SANT LLORENÇ D'HORTONS,08791,600
SANT LLORENÇ SAVALL,08212,600
SANT MARTÍ D'ALBARS,08515,600
SANT MARTÍ DE CENTELLES,08592,600
SANT MARTÍ DE TOUS,08712,600
SANT MARTÍ SARROCA,08731,600
SANT MARTÍ SESGUEIOLES,08282,600
SANT MATEU DE BAGES,08263,600
SANT PERE DE RIBES,08810,600
SANT PERE DE RIUDEBITLLES,08776,600
SANT PERE DE TORELLÓ,08572,600
SANT PERE DE VILAMAJOR,08458,600
SANT PERE SALLAVINERA,08281,600
SANT POL DE MAR,08395,600
SANT QUINTÍ DE MEDIONA,08777,600
SANT QUIRZE DE BESORA,08580,600
SANT QUIRZE DEL VALLÈS,08192,600
SANT QUIRZE SAFAJA,08189,600
SANT SADURNÍ D'ANOIA,08770,600
SANT SADURNÍ D'OSORMORT,08504,600
SANT SALVADOR DE GUARDIOLA,08253,600
SANT VICENÇ DE CASTELLET,08295,600
SANT VICENÇ DE MONTALT,08394,600
SANT VICENÇ DE TORELLÓ,08571,600
SANT VICENÇ DELS HORTS,08620,600
SANTA CECÍLIA DE VOLTREGÀ,08509,600
SANTA COLOMA DE CERVELLÓ,08690,600
SANTA COLOMA DE GRAMENET,08921,600
SANTA EUGÈNIA DE BERGA,08257,600
SANTA EULÀLIA DE RIUPRIMER,08505,600
SANTA EULÀLIA DE RONÇANA,08187,600
SANTA FE DEL PENEDÈS,08792,600
SANTA MARGARIDA DE MONTBUI,08710,600
SANTA MARGARIDA I ELS MONJOS,08730,600
SANTA MARIA D'OLÓ,08273,600
SANTA MARIA DE BESORA,08584,600
SANTA MARIA DE MARTORELLES,08106,600
SANTA MARIA DE MERLÈS,08517,600
SANTA MARIA DE MIRALLES,08787,600
SANTA MARIA DE PALAUTORDERA,08460,600
SANTA PERPÈTUA DE MOGODA,08130,600
SANTA SUSANNA,08398,600
SANTPEDOR,08251,600
SENTMENAT,08181,600
SEVA,08553,600
SEVILLA,41001,700
SEVILLA LA NUEVA,28609,600
SITGES,08660,600
SOBREMUNT,08589,600
SORA,08588,600
SUBIRATS,08739,600
SÚRIA,08260,600
TAGAMANENT,08593,600
TALAMANCA,08278,600
TALAVERA,08717,600
TARADELL,08552,600
TAVERTET,08511,600
TAVÈRNOLES,08519,600
TEIÀ,08329,600
TIANA,08391,600
TONA,08551,600
TORDERA,08490,600
TORELLÓ,08570,600
TORRELAVIT,08775,600
TORRELLES DE FOIX,08737,600
TORRELLES DE LLOBREGAT,08629,600
ULLASTRELL,08231,600
VACARISSES,08233,600
VALLBONA D'ANOIA,08785,600
VALLCEBRE,08699,600
VALLGORGUINA,08471,600
VALLIRANA,08759,600
VALLROMANES,08188,600
VECIANA,08289,600
VIC,08500,600
VILADA,08613,600
VILADECANS,08840,600
VILADECAVALLS,08232,600
VILAFRANCA DEL PENEDÈS,08720,600
VILALBA SASSERRA,08455,600
VILANOVA DE SAU,08519,600
VILANOVA DEL CAMÍ,08788,600
VILANOVA DEL VALLÈS,08410,600
VILANOVA I LA GELTRÚ,08800,600
VILASSAR DE DALT,08339,600
VILASSAR DE MAR,08340,600
VILOBÍ DEL PENEDÈS,08735,600
VIVER I SERRATEIX,08673,600
ÒDENA,08711,600
ÒRRIUS,08317,600
MÁLAGA,29001,500
MÁLAGA DEL FRESNO,19219,500
VÉLEZ-MÁLAGA,29700,500
ADEMUZ,46140,467
ADOR,46729,467
AGULLENT,46890,467
AIELO DE MALFERIT,46812,467
AIELO DE RUGAT,46842,467
ALAQUÀS,46970,467
ALBAIDA,46860,467
ALBAL,46470,467
ALBALAT DE LA RIBERA,46687,467
ALBALAT DELS SORELLS,46135,467
ALBALAT DELS TARONGERS,46591,467
ALBERIC,46260,467
ALBORACHE,46369,467
ALBORAIA/ALBORAYA,46120,467
ALBUIXECH,46550,467
ALCUBLAS,46172,467
ALCÀNTERA DE XÚQUER,46293,467
ALCÀSSER,46290,467
ALDAIA,46960,467
ALFAFAR,46910,467
ALFARA DE LA BARONIA,46594,467
ALFARA DEL PATRIARCA,46115,467
ALFARP,46197,467
ALFARRASÍ,46893,467
ALFAUIR,46725,467
ALGAR DE PALANCIA,46593,467
ALGEMESÍ,46680,467
ALGIMIA DE ALFARA,46148,467
ALGINET,46230,467
ALMISERÀ,46726,467
ALMOINES,46723,467
ALMUSSAFES,46440,467
ALMÀSSERA,46132,467
ALPUENTE,46178,467
ALZIRA,46268,467
ANDILLA,46162,467
ANNA,46820,467
ANTELLA,46266,467
ARAS DE LOS OLMOS,46179,467
ATZENETA D'ALBAIDA,46869,467
AYORA,46620,467
BARX,46758,467
BARXETA,46667,467
BELLREGUARD,46713,467
BELLÚS,46839,467
BENAGUASIL,46180,467
BENAGÉBER,46173,467
BENAVITES,46514,467
BENEIXIDA,46293,467
BENETÚSSER,46910,467
BENIARJÓ,46722,467
BENIATJAR,46844,467
BENICOLET,46838,467
BENICULL DE XÚQUER,46689,467
BENIFAIRÓ DE LA VALLDIGNA,46791,467
BENIFAIRÓ DE LES VALLS,46511,467
BENIFAIÓ,46450,467
BENIFLÁ,46722,467
BENIGÀNIM,46830,467
BENIMODO,46291,467
BENIMUSLEM,46611,467
BENIPARRELL,46469,467
BENIRREDRÀ,46703,467
BENISSANÓ,46181,467
BENISSODA,46869,467
BENISSUERA,46839,467
BICORP,46825,467
BILBAO,48001,580
BOCAIRENT,46880,467
BOLBAITE,46822,467
BONREPÒS I MIRAMBELL,46131,467
BUFALI,46891,467
BUGARRA,46165,467
BURJASSOT,46100,467
BUÑOL,46360,467
BÈLGIDA,46868,467
BÉTERA,46117,467
CALLES,46175,467
CAMPORROBLES,46330,467
CANALS,46650,467
CANET D'EN BERENGUER,46529,467
CARCAIXENT,46740,467
CARLET,46240,467
CARRÍCOLA,46869,467
CASAS ALTAS,46147,467
CASAS BAJAS,46146,467
CASINOS,46171,467
CASTELLONET DE LA CONQUESTA,46726,467
CASTELLÓ DE RUGAT,46841,467
CASTIELFABIB,46140,467
CATADAU,46196,467
CATARROJA,46470,467
CAUDETE DE LAS FUENTES,46315,467
CERDÀ,46813,467
CHELLA,46821,467
CHELVA,46176,467
CHERA,46350,467
CHESTE,46380,467
CHIVA,46370,467
CHULILLA,46167,467
COFRENTES,46625,467
CORBERA,46612,467
CORTES DE PALLÁS,46199,467
COTES,46294,467
CULLERA,46400,467
CÀRCER,46294,467
DAIMÚS,46710,467
DOMEÑO,46174,467
DOS AGUAS,46198,467
EL PALOMAR,46891,467
EL PUIG DE SANTA MARIA,46540,467
EL REAL DE GANDIA,46727,467
EMPERADOR,46135,467
ENGUERA,46810,467
ESTIVELLA,46590,467
ESTUBENY,46817,467
FAURA,46512,467
FAVARA,46614,467
FOIOS,46134,467
FONTANARS DELS ALFORINS,46635,467
FORTALENY,46418,467
FUENTERROBLES,46314,467
GANDIA,46701,467
GAVARDA,46267,467
GENOVÉS,46894,467
GESTALGAR,46166,467
GILET,46149,467
GODELLA,46110,467
GODELLETA,46388,467
GUADASSUAR,46610,467
GUADASSÉQUIES,46839,467
GUARDAMAR DE LA SAFOR,46711,467
GÁTOVA,46169,467
HIGUERUELAS,46162,467
JALANCE,46624,467
JARAFUEL,46623,467
L' ALCÚDIA,46250,467
L' ALCÚDIA DE CRESPINS,46690,467
L' ALQUERIA DE LA COMTESSA,46715,467
L' ELIANA,46183,467
L' OLLERIA,46850,467
L' ÈNOVA,46669,467
LA FONT D'EN CARRÒS,46717,467
LA FONT DE LA FIGUERA,46630,467
LA GRANJA DE LA COSTERA,46818,467
LA LLOSA DE RANES,46815,467
LA POBLA DE FARNALS,46137,467
LA POBLA DE VALLBONA,46185,467
LA POBLA DEL DUC,46840,467
LA POBLA LLARGA,46670,467
LA YESA,46178,467
LLANERA DE RANES,46814,467
LLAURÍ,46613,467
LLOCNOU D'EN FENOLLET,46668,467
LLOCNOU DE LA CORONA,46910,467
LLOCNOU DE SANT JERONI,46726,467
LLOMBAI,46195,467
LLUTXENT,46838,467
LLÍRIA,46160,467
LORIGUILLA,46393,467
LOSA DEL OBISPO,46168,467
MACASTRE,46368,467
MANISES,46940,467
MANUEL,46660,467
MARINES,46163,467
MASSALAVÉS,46292,467
MASSALFASSAR,46560,467
MASSAMAGRELL,46130,467
MASSANASSA,46470,467
MELIANA,46133,467
MILLARES,46198,467
MIRAMAR,46711,467
MISLATA,46920,467
MOGENTE/MOIXENT,46640,467
MONCADA,46113,467
MONTAVERNER,46892,467
MONTESA,46692,467
MONTITXELVO/MONTICHELVO,46842,467
MONTROI/MONTROY,46193,467
MONTSERRAT,46192,467
MUSEROS,46136,467
NAVARRÉS,46823,467
NOVELÉ/NOVETLÈ,46819,467
NÁQUERA,46119,467
OLIVA,46780,467
OLOCAU,46169,467
ONTINYENT,46870,467
OTOS,46844,467
PAIPORTA,46200,467
PALMERA,46714,467
PATERNA,46182,467
PEDRALBA,46164,467
PETRÉS,46501,467
PICANYA,46210,467
PICASSENT,46220,467
PILES,46712,467
PINET,46838,467
POLINYÀ DE XÚQUER,46688,467
POTRIES,46721,467
PUEBLA DE SAN MIGUEL,46140,467
PUÇOL,46530,467
QUART DE LES VALLS,46515,467
QUART DE POBLET,46930,467
QUARTELL,46510,467
QUATRETONDA,46837,467
QUESA,46824,467
RAFELBUNYOL,46138,467
RAFELCOFER,46716,467
RAFELGUARAF,46666,467
REAL,46194,467
REQUENA,46340,467
RIBA-ROJA DE TÚRIA,46190,467
RIOLA,46417,467
ROCAFORT,46111,467
ROTGLÀ I CORBERÀ,46816,467
RUGAT,46842,467
RÁFOL DE SALEM,46843,467
RÓTOVA,46725,467
SAGUNTO/SAGUNT,46250,467
SALEM,46843,467
SAN ANTONIO DE BENAGÉBER,46184,467
SANT JOANET,46669,467
SEDAVÍ,46910,467
SEGART,46592,467
SELLENT,46295,467
SEMPERE,46839,467
SENYERA,46669,467
SERRA,46118,467
SIETE AGUAS,46392,467
SILLA,46460,467
SIMAT DE LA VALLDIGNA,46750,467
SINARCAS,46320,467
SOLLANA,46430,467
SOT DE CHERA,46168,467
SUECA,46410,467
SUMACÀRCER,46295,467
TAVERNES BLANQUES,46016,467
TAVERNES DE LA VALLDIGNA,46760,467
TERESA DE COFRENTES,46622,467
TERRATEIG,46842,467
TITAGUAS,46178,467
TORREBAJA,46143,467
TORRELLA,46814,467
TORRES TORRES,46595,467
TOUS,46269,467
TURÍS,46389,467
TUÉJAR,46177,467
UTIEL,46300,467
VALLADA,46691,467
VALLANCA,46145,467
VALLÉS,46818,467
VENTA DEL MORO,46310,467
VILALLONGA/VILLALONGA,46720,467
VILAMARXANT,46191,467
VILLANUEVA DE CASTELLÓN,46270,467
VILLAR DEL ARZOBISPO,46170,467
VILLARGORDO DEL CABRIEL,46317,467
VINALESA,46114,467
XERACO,46770,467
XERESA,46790,467
XIRIVELLA,46014,467
XÀTIVA,46800,467
YÁTOVA,46367,467
ZARAGOZA,50001,560
ZARRA,46621,467
AGUADULCE,41550,434
ALANÍS,41380,434
ALBAIDA DEL ALJARAFE,41809,434
ALCALÁ DE GUADAÍRA,41500,434
ALCALÁ DEL RÍO,41200,434
ALCOLEA DEL RÍO,41440,434
ALGÁMITAS,41661,434
ALHAMA DE GRANADA,18120,434
ALICANTE/ALACANT,03001,434
ALMADÉN DE LA PLATA,41240,434
ALMENSILLA,41111,434
ARAHAL,41600,434
AZNALCÁZAR,41489,434
AZNALCÓLLAR,41870,434
BADOLATOSA,41570,434
BEAS DE GRANADA,18184,434
BENACAZÓN,41805,434
BOLLULLOS DE LA MITACIÓN,41110,434
BORMUJOS,41930,434
BRENES,41310,434
BURGUILLOS,41200,434
CAMAS,41900,434
CANTILLANA,41320,434
CARMONA,41339,434
CARRIÓN DE LOS CÉSPEDES,41820,434
CASARICHE,41580,434
CASTILBLANCO DE LOS ARROYOS,41230,434
CASTILLEJA DE GUZMÁN,41908,434
CASTILLEJA DE LA CUESTA,41950,434
CASTILLEJA DEL CAMPO,41810,434
CAZALLA DE LA SIERRA,41370,434
CAÑADA ROSAL,41439,434
CONSTANTINA,41450,434
CORIA DEL RÍO,41100,434
CORIPE,41780,434
CÓRDOBA,14001,434
DOMINGO PÉREZ DE GRANADA,18550,434
DOS HERMANAS,41089,434
EL CASTILLO DE LAS GUARDAS,41889,434
EL CORONIL,41760,434
EL GARROBO,41888,434
EL MADROÑO,41897,434
EL PEDROSO,41360,434
EL REAL DE LA JARA,41250,434
EL RONQUILLO,41880,434
EL RUBIO,41568,434
EL SAUCEJO,41650,434
EL VISO DEL ALCOR,41520,434
ESPARTINAS,41807,434
ESTEPA,41560,434
FUENTES DE ANDALUCÍA,41420,434
GELVES,41120,434
GERENA,41860,434
GILENA,41565,434
GINES,41960,434
GRANADA,18001,470
GUADALCANAL,41390,434
GUILLENA,41210,434
HERRERA,41567,434
HUÉVAR DEL ALJARAFE,41830,434
ISLA MAYOR,41140,434
LA ALGABA,41980,434
LA CAMPANA,41429,434
LA GRANADA,08792,434
LA GRANADA DE RÍO-TINTO,21668,434
LA LUISIANA,41430,434
LA PUEBLA DE CAZALLA,41540,434
LA PUEBLA DE LOS INFANTES,41479,434
LA PUEBLA DEL RÍO,41130,434
LA RINCONADA,41300,434
LA RODA DE ANDALUCÍA,41590,434
LANTEJUELA,41630,434
LAS CABEZAS DE SAN JUAN,41729,434
LAS NAVAS DE LA CONCEPCIÓN,41460,434
LEBRIJA,41740,434
LORA DE ESTEPA,41564,434
LORA DEL RÍO,41440,434
LOS CORRALES,41565,434
LOS MOLARES,41750,434
LOS PALACIOS Y VILLAFRANCA,41720,434
MAIRENA DEL ALCOR,41510,434
MAIRENA DEL ALJARAFE,41927,434
MARCHENA,41620,434
MARINALEDA,41569,434
MARTÍN DE LA JARA,41658,434
MONTALBÁN DE CÓRDOBA,14548,434
MONTELLANO,41770,434
MORÓN DE LA FRONTERA,41530,434
OLIVARES,41804,434
OSUNA,41640,434
PALMA DE MALLORCA,07001,434
PALOMARES DEL RÍO,41928,434
PARADAS,41610,434
PEDRERA,41566,434
PEÑAFLOR,41470,434
PILAS,41840,434
PRIEGO DE CÓRDOBA,14800,434
PRUNA,41670,434
SALTERAS,41909,434
SAN JUAN DE AZNALFARACHE,41920,434
SAN NICOLÁS DEL PUERTO,41388,434
SANLÚCAR LA MAYOR,41800,434
SANTIPONCE,41970,434
TOCINA,41330,434
TOMARES,41940,434
UMBRETE,41806,434
UTRERA,41471,434
VALENCINA DE LA CONCEPCIÓN,41907,434
VILLAFRANCA DE CÓRDOBA,14071,434
VILLAMANRIQUE DE LA CONDESA,41850,434
VILLANUEVA DE CÓRDOBA,14440,434
VILLANUEVA DE SAN JUAN,41660,434
VILLANUEVA DEL ARISCAL,41808,434
VILLANUEVA DEL RÍO Y MINAS,41330,434
VILLAVERDE DEL RÍO,41318,434
VILLAVICIOSA DE CÓRDOBA,14300,434
ÉCIJA,41400,434
FUENCALIENTE DE LA PALMA,38740,417
LA PALMA D'EBRE,43370,417
LA PALMA DE CERVELLÓ,08756,417
LA PALMA DEL CONDADO,21700,417
LAS PALMAS DE GRAN CANARIA,35001,520
PALMA DE GANDÍA,46724,417
PALMA DEL RÍO,14700,417
SANT JOAN D'ALACANT,03550,417
SANTA CRUZ DE LA PALMA,38700,417
VALPALMAS,50615,417
ALHAMA DE MURCIA,30840,401
DONOSTIA/SAN SEBASTIÁN,20001,401
FUENTE ÁLAMO DE MURCIA,30320,401
MARBELLA,29601,401
MURCIA,30001,400
SAN SEBASTIÁN DE LA GOMERA,38800,401
SAN SEBASTIÁN DE LOS BALLESTEROS,14150,401
SAN SEBASTIÁN DE LOS REYES,28700,401
SANTA CRUZ DE TENERIFE,38001,480
SANTIAGO DE COMPOSTELA,15688,401
EIVISSA,07800,394
A CORUÑA,15001,374
ALAMEDA,29530,367
ALCAUCÍN,29711,367
ALFARNATE,29194,367
ALFARNATEJO,29194,367
ALGARROBO,29750,367
ALGATOCÍN,29491,367
ALHAURÍN DE LA TORRE,29130,367
ALHAURÍN EL GRANDE,29120,367
ALMARGEN,29330,367
ALMOGÍA,29150,367
ALMONACID DE TOLEDO,45420,367
ALMÁCHAR,29718,367
ALOZAINA,29567,367
ALPANDEIRE,29460,367
ANTEQUERA,29200,367
ARCHIDONA,29300,367
ARDALES,29550,367
ARENAS,29753,367
ARRIATE,29350,367
ATAJATE,29494,367
BENADALID,29493,367
BENAHAVÍS,29679,367
BENALAURÍA,29491,367
BENALMÁDENA,29630,367
BENAMARGOSA,29718,367
BENAMOCARRA,29719,367
BENAOJÁN,29370,367
BENARRABÁ,29490,367
BURGUILLOS DE TOLEDO,45112,367
CAMPILLOS,29320,367
CANILLAS DE ACEITUNO,29716,367
CANILLAS DE ALBAIDA,29755,367
CARRATRACA,29551,367
CARTAJIMA,29452,367
CASABERMEJA,29160,367
CASARABONELA,29566,367
CASARES,29690,367
CAÑETE LA REAL,29340,367
COLMENAR,29170,367
COMARES,29195,367
CORTES DE LA FRONTERA,29380,367
COÍN,29100,367
CUEVAS BAJAS,29220,367
CUEVAS DE SAN MARCOS,29210,367
CUEVAS DEL BECERRO,29470,367
CÁRTAMA,29010,367
CÓMPETA,29754,367
CÚTAR,29718,367
EL BORGE,29718,367
EL BURGO,29420,367
FARAJÁN,29461,367
FRIGILIANA,29788,367
FUENGIROLA,29640,367
FUENTE DE PIEDRA,29520,367
GAUCÍN,29480,367
GENALGUACIL,29492,367
GUARO,29108,367
HUMILLADERO,29531,367
IGUALEJA,29440,367
ISTÁN,29611,367
IZNATE,29792,367
JIMERA DE LÍBAR,29392,367
JUBRIQUE,29492,367
JÚZCAR,29462,367
MACHARAVIAYA,29791,367
MANILVA,29691,367
MIJAS,29649,367
MOCLINEJO,29738,367
MOLLINA,29532,367
MONDA,29110,367
MONTECORTO,29430,367
MONTEJAQUE,29360,367
NERJA,29780,367
OJÉN,29610,367
PAMPLONA/IRUÑA,31001,367
PARAUTA,29451,367
PERIANA,29710,367
PORTILLO DE TOLEDO,45512,367
PUJERRA,29450,367
RINCÓN DE LA VICTORIA,29720,367
RIOGORDO,29180,367
SALARES,29714,367
SANTA MARÍA DE GUÍA DE GRAN CANARIA,35450,367
SAYALONGA,29752,367
SEDELLA,29715,367
SERRATO,29400,367
SIERRA DE YEGUAS,29328,367
TEBA,29327,367
TOLEDO,45001,480
TOLOX,29109,367
TORREMOLINOS,29620,367
TORROX,29770,367
TOTALÁN,29197,367
VALLADOLID,47001,370
VALLE DE ABDALAJÍS,29240,367
VALSEQUILLO DE GRAN CANARIA,35214,367
VIGO,36201,360
VILLAMIEL DE TOLEDO,45594,367
VILLANUEVA DE ALGAIDAS,29310,367
VILLANUEVA DE LA CONCEPCIÓN,29230,367
VILLANUEVA DE TAPIA,29315,367
VILLANUEVA DEL ROSARIO,29312,367
VILLANUEVA DEL TRABUCO,29313,367
VITORIA-GASTEIZ,01001,146
VIÑUELA,29712,367
YUNQUERA,29410,367
ÁLORA,29500,367
ÁRCHEZ,29753,367
IRUÑA OKA/IRUÑA DE OCA,01191,361
ABADIÑO,48220,334
ABANTO,50375,334
ABANTO Y CIÉRVANA-ABANTO ZIERBENA,48500,334
ACERED,50347,334
ADEJE,38615,334
AGAETE,35480,334
AGOST,03698,334
AGRES,03837,334
AGUARÓN,50408,334
AGUILÓN,50155,334
AGULO,38830,334
AGÓN,50560,334
AGÜIMES,35118,334
AIGÜES,03569,334
AINZÓN,50570,334
AJANGIZ,48320,334
ALADRÉN,50481,334
ALAGÓN,50630,334
ALAIOR,07730,334
ALAJERÓ,38810,334
ALARBA,50345,334
ALARÓ,07340,334
ALBATERA,03340,334
ALBERITE DE SAN JUAN,50529,334
ALBETA,50549,334
ALBORGE,50781,334
ALCALALÍ,03723,334
ALCALÁ DE EBRO,50691,334
ALCALÁ DE MONCAYO,50591,334
ALCOCER DE PLANES,03841,334
ALCOLEJA,03814,334
ALCOY/ALCOI,03800,334
ALCÚDIA,07400,334
ALDEHUELA DE LIESTOS,50374,334
ALFAFARA,03838,334
ALFAJARÍN,50172,334
ALFAMÉN,50461,334
ALFORQUE,50783,334
ALGAIDA,07210,334
ALGORFA,03169,334
ALGUEÑA,03668,334
ALHAMA DE ARAGÓN,50230,334
ALMONACID DE LA CUBA,50133,334
ALMONACID DE LA SIERRA,50108,334
ALMORADÍ,03160,334
ALMUDAINA,03827,334
ALONSOTEGI,48810,334
ALPARTIR,50109,334
ALTEA,03590,334
AMBEL,50546,334
AMOREBIETA-ETXANO,48340,334
AMOROTO,48289,334
ANDRATX,07150,334
ANENTO,50369,334
ANIÑÓN,50313,334
ANTIGUA,35369,334
ARAFO,38509,334
ARAKALDO,48498,334
ARANDA DE MONCAYO,50259,334
ARANTZAZU,48140,334
ARDISA,50614,334
AREATZA,48143,334
ARIANY,07259,334
ARICO,38580,334
ARIZA,50220,334
ARONA,38626,334
ARRANKUDIAGA,48498,334
ARRATZU,48383,334
ARRECIFE,35500,334
ARRIETA,48114,334
ARRIGORRIAGA,48003,334
ARTEA,48142,334
ARTENARA,35350,334
ARTIEDA,50683,334
ARTZENTALES,48879,334
ARTÀ,07570,334
ARUCAS,35300,334
ARÁNDIGA,50266,334
ASPE,03680,334
ASÍN,50619,334
ATEA,50348,334
ATECA,50200,334
ATXONDO,48291,334
AULESTI,48380,334
AZUARA,50140,334
AÑÓN DE MONCAYO,50590,334
BADULES,50491,334
BAGÜÉS,50685,334
BAKIO,48130,334
BALCONCHÁN,50366,334
BALMASEDA,48800,334
BALONES,03812,334
BANYALBUFAR,07190,334
BANYERES DE MARIOLA,03450,334
BARAKALDO,48901,334
BARDALLUR,50296,334
BARLOVENTO,38726,334
BARRIKA,48650,334
BASAURI,48970,334
BEDIA,48390,334
BELCHITE,50130,334
BELMONTE DE GRACIÁN,50332,334
BENASAU,03814,334
BENEIXAMA,03460,334
BENEJÚZAR,03390,334
BENFERRI,03316,334
BENIARBEIG,03759,334
BENIARDÁ,03517,334
BENIARRÉS,03850,334
BENIDOLEIG,03759,334
BENIDORM,03501,500
BENIFALLIM,03816,334
BENIFATO,03517,334
BENIGEMBLA,03794,334
BENIJÓFAR,03178,334
BENILLOBA,03810,334
BENILLUP,03827,334
BENIMANTELL,03516,334
BENIMARFULL,03827,334
BENIMASSOT,03812,334
BENIMELI,03769,334
BENISSA,03720,334
BERANGO,48640,334
BERDEJO,50316,334
BERMEO,48370,334
BERRIATUA,48710,334
BERRIZ,48240,334
BERRUECO,50373,334
BETANCURIA,35637,334
BIAR,03410,334
BIEL,50619,334
BIGASTRO,03380,334
BIJUESCA,50316,334
BINISSALEM,07350,334
BIOTA,50695,334
BISIMBRE,50561,334
BOLULLA,03518,334
BOQUIÑENI,50641,334
BORDALBA,50229,334
BORJA,50540,334
BOTORRITA,50441,334
BREA DE ARAGÓN,50246,334
BREÑA ALTA,38710,334
BREÑA BAJA,38711,334
BUBIERCA,50239,334
BUENAVISTA DEL NORTE,38479,334
BUJARALOZ,50177,334
BULBUENTE,50546,334
BUNYOLA,07110,334
BURETA,50547,334
BUSOT,03111,334
BUSTURIA,48350,334
BÁRBOLES,50297,334
BÚGER,07311,334
CABAÑAS DE EBRO,50638,334
CABOLAFUENTE,50228,334
CADRETE,50420,334
CALATAYUD,50299,334
CALATORAO,50280,334
CALCENA,50268,334
CALLOSA D'EN SARRIÀ,03510,334
CALLOSA DE SEGURA,03317,334
CALMARZA,50238,334
CALP,03710,334
CALVIÀ,07160,334
CAMPANET,07310,334
CAMPILLO DE ARAGÓN,50214,334
CAMPOS,07630,334
CANDELARIA,38509,334
CAPDEPERA,07580,334
CARENAS,50212,334
CARIÑENA,50400,334
CASPE,50700,334
CASTALLA,03420,334
CASTEJÓN DE ALARBA,50346,334
CASTEJÓN DE LAS ARMAS,50211,334
CASTEJÓN DE VALDEJASA,50612,334
CASTELL DE CASTELLS,03793,334
CASTILISCAR,50696,334
CATRAL,03158,334
CAÑADA,03409,334
CERVERA DE LA CAÑADA,50312,334
CERVERUELA,50368,334
CETINA,50292,334
CHIPRANA,50792,334
CHODES,50269,334
CIMBALLA,50213,334
CINCO OLIVAS,50782,334
CLARÉS DE RIBOTA,50314,334
COCENTAINA,03820,334
CODO,50132,334
CODOS,50326,334
CONFRIDES,03517,334
CONSELL,07330,334
CONTAMINA,50239,334
COSTITX,07144,334
COSUENDA,50409,334
COX,03350,334
CREVILLENT,03158,334
CUARTE DE HUERVA,50410,334
CUBEL,50351,334
CÁDIZ,11001,334
DAROCA,50360,334
DAYA NUEVA,03159,334
DAYA VIEJA,03177,334
DEIÀ,07179,334
DERIO,48160,334
DIMA,48141,334
DOLORES,03150,334
DOÑINOS DE SALAMANCA,37117,334
DURANGO,48200,334
DÉNIA,03700,334
EA,48287,334
EJEA DE LOS CABALLEROS,50600,334
EL BENITACHELL/POBLE NOU DE BENITATXELL,03726,334
EL BURGO DE EBRO,50730,334
EL BUSTE,50548,334
EL CAMPELLO,03560,334
EL CAMPO DE MIRRA/CAMP DE MIRRA,03469,334
EL CASTELL DE GUADALEST,03517,334
EL FRAGO,50610,334
EL FRASNO,50320,334
EL PASO,38750,334
EL PINAR DE EL HIERRO,38914,334
EL ROSARIO,38109,334
EL RÀFOL D'ALMÚNIA,03769,334
EL SAUZAL,38359,334
EL TANQUE,38435,334
EL VERGER,03770,334
EL/HONDÓN DE LAS NIEVES FONDÓ DE LES NEUS,03688,334
EL/PINOSO PINÓS,03650,334
ELANTXOBE,48310,334
ELDA,03600,334
ELORRIO,48230,334
ELS POBLETS,03779,334
EMBID DE ARIZA,50239,334
ENCINACORBA,50470,334
ERANDIO,48850,334
EREÑO,48313,334
ERLA,50611,334
ERMUA,48260,334
ERRIGOITI,48309,334
ES CASTELL,07720,334
ES MERCADAL,07730,334
ES MIGJORN GRAN,07749,334
ESCATRÓN,50790,334
ESCORCA,07315,334
ESPORLES,07190,334
ESTELLENCS,07192,334
ETXEBARRI,48450,334
ETXEBARRIA,48277,334
FABARA,50793,334
FACHECA,03813,334
FAMORCA,03813,334
FARLETE,50163,334
FASNIA,38570,334
FAYÓN,50795,334
FELANITX,07200,334
FERRERIES,07750,334
FIGUERUELAS,50639,334
FINESTRAT,03509,334
FIRGAS,35430,334
FOMBUENA,50491,334
FORMENTERA,07860,334
FORMENTERA DEL SEGURA,03177,334
FORNALUTX,07109,334
FORUA,48393,334
FRONTERA,38911,334
FRUIZ,48116,334
FRÉSCANO,50562,334
FUENDEJALÓN,50529,334
FUENDETODOS,50142,334
FUENTES DE EBRO,50135,334
FUENTES DE JILOCA,50390,334
GAIANES,03840,334
GALDAKAO,48960,334
GALDAMES,48191,334
GALLOCANTA,50373,334
GALLUR,50650,334
GAMIZ-FIKA,48113,334
GARACHICO,38450,334
GARAFÍA,38728,334
GARAI,48200,334
GATA DE GORGOS,03740,334
GATIKA,48110,334
GAUTEGIZ ARTEAGA,48314,334
GELSA,50786,334
GERNIKA-LUMO,48300,334
GETXO,48930,334
GIJÓN,05519,334
GIZABURUAGA,48289,334
GODOJOS,50238,334
GORDEXOLA,48192,334
GORGA,03811,334
GORLIZ,48620,334
GOTOR,50257,334
GRANADILLA DE ABONA,38594,334
GRANJA DE ROCAMORA,03348,334
GRISEL,50513,334
GRISÉN,50297,334
GUARDAMAR DEL SEGURA,03140,334
GUÍA DE ISORA,38680,334
GÁLDAR,35188,334
GÜEÑES,48820,334
GÜÍMAR,38500,334
HARÍA,35520,334
HERMIGUA,38820,334
HERRERA DE LOS NAVARROS,50150,334
HONDÓN DE LOS FRAILES,03689,334
IBARRANGELU,48311,334
IBDES,50236,334
IBI,03440,334
ICOD DE LOS VINOS,38430,334
IGORRE,48140,334
ILLUECA,50250,334
INCA,07300,334
INGENIO,35000,334
ISPASTER,48288,334
ISUERRE,50687,334
IURRETA,48215,334
IZURTZA,48213,334
JACARILLA,03310,334
JARABA,50237,334
JARQUE,50258,334
JAULÍN,50141,334
JEREZ DE LA FRONTERA,11400,137
JIJONA/XIXONA,03100,334
JÁVEA/XÀBIA,03730,334
KARRANTZA HARANA/VALLE DE CARRANZA,48890,334
KORTEZUBI,48315,334
L' ALFÀS DEL PI,03580,334
L' ALQUERIA D'ASNAR,03829,334
L' ATZÚBIA,03786,334
L' LORCHA/ORXA,03860,334
LA ALMOLDA,50178,334
LA ALMUNIA DE DOÑA GODINA,50100,334
LA GUANCHA,38440,334
LA JOYOSA,50692,334
LA MATANZA DE ACENTEJO,38370,334
LA MUELA,50196,334
LA NUCIA,03530,334
LA OLIVA,03660,334
LA OROTAVA,38300,334
LA PUEBLA DE ALFINDÉN,50171,334
LA ROMANA,03669,334
LA TORREMANZANAS/TORRE DE LES MAÇANES,03108,334
LA VALL D'ALCALÀ,03788,334
LA VALL D'EBO,03789,334
LA VALL DE LAGUAR,03791,334
LA VICTORIA DE ACENTEJO,38380,334
LA VILLAJOYOSA/VILA JOIOSA,03570,334
LA VILUEÑA,50219,334
LA ZAIDA,50784,334
LAGATA,50134,334
LANESTOSA,48895,334
LANGA DEL CASTILLO,50367,334
LARRABETZU,48195,334
LAS CUERLAS,50373,334
LAS PEDROSAS,50610,334
LAUKIZ,48111,334
LAYANA,50679,334
LECHÓN,50369,334
LECIÑENA,50160,334
LEIOA,48940,334
LEKEITIO,48280,334
LEMOA,48330,334
LEMOIZ,48620,334
LETUX,50136,334
LEZAMA,48196,334
LITAGO,50582,334
LITUÉNIGO,50581,334
LLORET DE VISTALEGRE,07518,334
LLOSETA,07360,334
LLUBÍ,07430,334
LLUCMAJOR,07600,334
LLÍBER,03729,334
LOBERA DE ONSELLA,50687,334
LOIU,48180,334
LONGARES,50460,334
LONGÁS,50688,334
LOS FAYOS,50513,334
LOS LLANOS DE ARIDANE,38759,334
LOS MONTESINOS,03187,334
LOS PINTANOS,50685,334
LOS REALEJOS,38410,334
LOS SILOS,38435,334
LUCENA DE JALÓN,50294,334
LUCENI,50640,334
LUESIA,50619,334
LUESMA,50151,334
LUMPIAQUE,50295,334
LUNA,50610,334
LÉCERA,50131,334
MAELLA,50710,334
MAGALLÓN,50520,334
MAINAR,50368,334
MALANQUILLA,50315,334
MALEJÁN,50549,334
MALLABIA,48269,334
MALLÉN,50550,334
MALUENDA,50340,334
MALÓN,50511,334
MANACOR,07500,334
MANCHONES,50366,334
MANCOR DE LA VALL,07312,334
MARA,50331,334
MARIA DE LA SALUT,07519,334
MARKINA-XEMEIN,48270,334
MARRACOS,50616,334
MARRATXÍ,07141,334
MARURI-JATABE,48112,334
MARÍA DE HUERVA,50430,334
MAÑARIA,48212,334
MEDIANA DE ARAGÓN,50135,334
MENDATA,48382,334
MENDEXA,48289,334
MEQUINENZA,50170,334
MESONES DE ISUELA,50267,334
MEZALOCHA,50152,334
MEÑAKA,48120,334
MIANOS,50683,334
MIEDES DE ARAGÓN,50330,334
MILLENA,03812,334
MOGÁN,35120,334
MONEGRILLO,50164,334
MONEVA,50144,334
MONFORTE DEL CID,03670,334
MONTERDE,50213,334
MONTUÏRI,07230,334
MONTÓN,50391,334
MONÓVAR/MONÒVER,03640,334
MORATA DE JALÓN,50260,334
MORATA DE JILOCA,50344,334
MORGA,48115,334
MOROS,50215,334
MORÉS,50240,334
MOYUELA,50143,334
MOZOTA,50440,334
MUEL,50450,334
MUNDAKA,48360,334
MUNGIA,48100,334
MUNITIBAR-ARBATZEGI GERRIKAITZ,48381,334
MUNÉBREGA,50219,334
MURERO,50366,334
MURLA,03792,334
MURO,07440,334
MURO DE ALCOY,03830,334
MURUETA,48394,334
MUSKIZ,48550,334
MUTXAMEL,03110,334
MUXIKA,48391,334
NABARNIZ,48312,334
NAVARDÚN,50686,334
NIGÜELLA,50269,334
NOMBREVILLA,50369,334
NONASPE,50794,334
NOVALLAS,50510,334
NOVELDA,03660,334
NOVILLAS,50530,334
NUEZ DE EBRO,50173,334
NUÉVALOS,50210,334
OLVÉS,50341,334
ONDARA,03760,334
ONDARROA,48700,334
ONIL,03430,334
ORBA,03790,334
ORCAJO,50366,334
ORERA,50331,334
ORIHUELA,03119,334
OROZKO,48410,334
ORTUELLA,48530,334
ORXETA,03579,334
ORÉS,50619,334
OSEJA,50258,334
OSERA DE EBRO,50175,334
OTXANDIO,48210,334
OVIEDO,33001,350
PANIZA,50480,334
PARACUELLOS DE JILOCA,50342,334
PARACUELLOS DE LA RIBERA,50299,334
PARCENT,03792,334
PASTRIZ,50195,334
PEDREGUER,03750,334
PEDROLA,50690,334
PEGO,03780,334
PENÀGUILA,03185,334
PERDIGUERA,50161,334
PETILLA DE ARAGÓN,50686,334
PETRA,07520,334
PETRER,03610,334
PIEDRATAJADA,50616,334
PILAR DE LA HORADADA,03190,334
PINA DE EBRO,50750,334
PINSEQUE,50298,334
PLANES,03828,334
PLASENCIA DE JALÓN,50296,334
PLEITAS,50297,334
PLENAS,50143,334
PLENTZIA,48620,334
POLLENÇA,07460,334
POLOP,03520,334
POMER,50259,334
PORRERES,07260,334
PORTUGALETE,48920,334
POZUELO DE ARAGÓN,50529,334
PRADILLA DE EBRO,50668,334
PUEBLA DE ALBORTÓN,50137,334
PUENDELUNA,50614,334
PUERTO DE LA CRUZ,38400,334
PUERTO DEL ROSARIO,35500,334
PUIGPUNYENT,07194,334
PUNTAGORDA,38789,334
PUNTALLANA,38714,334
PURUJOSA,50268,334
PÁJARA,35625,334
QUATRETONDETA,03811,334
QUINTO,50770,334
RAFAL,03369,334
REDOVÁN,03370,334
RELLEU,03578,334
REMOLINOS,50637,334
RETASCÓN,50367,334
RICLA,50270,334
ROJALES,03170,334
ROMANOS,50491,334
RUEDA DE JALÓN,50295,334
RUESCA,50331,334
SA POBLA,07420,334
SABIÑÁN,50299,334
SAGRA,03795,334
SALAMANCA,37001,430
SALILLAS DE JALÓN,50294,334
SALINAS,03409,334
SALVATIERRA DE ESCA,50684,334
SAMPER DEL SALZ,50134,334
SAN ANDRÉS Y SAUCES,38720,334
SAN BARTOLOMÉ,35509,334
SAN BARTOLOMÉ DE TIRAJANA,35100,334
SAN CRISTÓBAL DE LA LAGUNA,38108,334
SAN FULGENCIO,03177,334
SAN ISIDRO,03349,334
SAN JUAN DE LA RAMBLA,38420,334
SAN MARTÍN DE LA VIRGEN DE MONCAYO,50584,334
SAN MATEO DE GÁLLEGO,50840,334
SAN MIGUEL DE ABONA,38620,334
SAN MIGUEL DE SALINAS,03193,334
SAN VICENTE DEL RASPEIG/SANT VICENT DEL RASPEIG,03690,334
SANET Y NEGRALS,03769,334
SANT ANTONI DE PORTMANY,07800,334
SANT JOAN,07240,334
SANT JOAN DE LABRITJA,07810,334
SANT JOSEP DE SA TALAIA,07817,334
SANT LLORENÇ DES CARDASSAR,07530,334
SANT LLUÍS,07710,334
SANTA BRÍGIDA,35300,334
SANTA CRUZ DE GRÍO,50324,334
SANTA CRUZ DE MONCAYO,50513,334
SANTA EUGÈNIA,07142,334
SANTA EULÀRIA DES RIU,07800,334
SANTA LUCÍA DE TIRAJANA,35110,334
SANTA MARGALIDA,07450,334
SANTA MARÍA DEL CAMÍ,07320,334
SANTA POLA,03130,334
SANTA ÚRSULA,38390,334
SANTANDER,39001,340
SANTANYÍ,07560,334
SANTED,50373,334
SANTIAGO DEL TEIDE,38683,334
SANTURTZI,48980,334
SAX,03630,334
SEDILES,50334,334
SELLA,03579,334
SELVA,07313,334
SENCELLES,07140,334
SENIJA,03729,334
SES SALINES,07638,334
SESTAO,48910,334
SESTRICA,50248,334
SIERRA DE LUNA,50612,334
SIGÜÉS,50682,334
SINEU,07510,334
SISAMÓN,50227,334
SOBRADIEL,50629,334
SON SERVERA,07550,334
SONDIKA,48150,334
SOPELA,48600,334
SOPUERTA,48190,334
SOS DEL REY CATÓLICO,50680,334
SUKARRIETA,48395,334
SÁDABA,50670,334
SÁSTAGO,50780,334
SÓLLER,07100,334
TABUENCA,50547,334
TACORONTE,38340,334
TALAMANTES,50546,334
TARAZONA,50500,334
TAUSTE,50660,334
TAZACORTE,38770,334
TEGUESTE,38280,334
TEGUISE,35507,334
TEJEDA,35360,334
TELDE,35200,334
TEROR,35000,334
TERRER,50293,334
TEULADA,03724,334
TIBI,03109,334
TIERGA,50269,334
TIJARAFE,38780,334
TINAJO,35550,334
TOBED,50325,334
TOLLOS,03813,334
TORMOS,03795,334
TORRALBA DE LOS FRAILES,50374,334
TORRALBA DE RIBOTA,50311,334
TORRALBILLA,50368,334
TORRELAPAJA,50316,334
TORRELLAS,50512,334
TORRES DE BERRELLÉN,50693,334
TORRIJO DE LA CAÑADA,50217,334
TOSOS,50154,334
TRASMOZ,50583,334
TRASOBARES,50268,334
TRUCIOS-TURTZIOZ,48880,334
TUINEJE,35620,334
TÀRBENA,03518,334
TÍAS,35510,334
UBIDE,48145,334
UGAO-MIRABALLES,48490,334
UNCASTILLO,50678,334
UNDUÉS DE LERDA,50689,334
URDULIZ,48610,334
URDUÑA/ORDUÑA,48460,334
URREA DE JALÓN,50296,334
URRIÉS,50685,334
USED,50374,334
UTEBO,50180,334
VAL DE SAN MARTÍN,50372,334
VALDEHORNA,50371,334
VALL DE GALLINERA,03787,334
VALLDEMOSSA,07170,334
VALLE DE TRÁPAGA-TRAPAGARAN,48510,334
VALLE GRAN REY,38852,334
VALLEHERMOSO,38840,334
VALLESECO,35000,334
VALTORRES,50219,334
VALVERDE,38900,334
VEGA DE SAN MATEO,35320,334
VELILLA DE EBRO,50760,334
VELILLA DE JILOCA,50343,334
VERA DE MONCAYO,50580,334
VIERLAS,50513,334
VILAFLOR DE CHASNA,38613,334
VILAFRANCA DE BONANY,07250,334
VILLA DE MAZO,38730,334
VILLADOZ,50490,334
VILLAFELICHE,50391,334
VILLAFRANCA DE EBRO,50174,334
VILLALBA DE PEREJIL,50333,334
VILLALENGUA,50216,334
VILLAMAYOR DE GÁLLEGO,50162,334
VILLANUEVA DE GÁLLEGO,50830,334
VILLANUEVA DE HUERVA,50153,334
VILLANUEVA DE JILOCA,50370,334
VILLAR DE LOS NAVARROS,50156,334
VILLARREAL DE HUERVA,50490,334
VILLARROYA DE LA SIERRA,50310,334
VILLARROYA DEL CAMPO,50368,334
VILLENA,03400,334
VISTABELLA,50482,334
XALÓ,03727,334
YAIZA,35370,334
YECLA,03657,334
ZALDIBAR,48250,334
ZALLA,48850,334
ZAMUDIO,48170,334
ZARATAMO,48480,334
ZEANURI,48144,334
ZEBERIO,48499,334
ZIERBENA,48508,334
ZIORTZA-BOLIBAR,48278,334
ZUERA,50800,334
ÉPILA,50290,334
ABALTZISKETA,20269,301
ABANILLA,30626,301
ABARÁN,30550,301
ADAMUZ,14430,301
ADUNA,20150,301
AGUILAR DE LA FRONTERA,14920,301
AIA,20809,301
AIZARNAZABAL,20749,301
ALBIZTUR,20495,301
ALBUDEITE,30190,301
ALCANTARILLA,30820,301
ALCARACEJOS,14480,301
ALEDO,30859,301
ALEGIA,20260,301
ALGUAZAS,30560,301
ALHAMA DE ALMERÍA,04400,301
ALKIZA,20494,301
ALMEDINILLA,14812,301
ALMERÍA,04001,301
ALMODÓVAR DEL RÍO,14720,301
ALTZAGA,20248,301
ALTZO,20268,301
AMEZKETA,20268,301
ANDOAIN,20140,301
ANOETA,20270,301
ANTZUOLA,20577,301
ARAMA,20248,301
ARCHENA,30600,301
ARETXABALETA,20550,301
ARRASATE/MONDRAGÓN,20500,301
ASTEASU,20159,301
ASTIGARRAGA,20115,301
ATAUN,20211,301
AZKOITIA,20720,301
AZPEITIA,20730,301
AÑORA,14450,301
BAENA,14850,301
BALIARRAIN,20259,301
BEASAIN,20200,301
BEIZAMA,20739,301
BELALCÁZAR,14280,301
BELAUNTZA,20491,301
BELMEZ,14209,301
BENAMEJÍ,14190,301
BENIEL,30130,301
BERASTEGI,20492,301
BERGARA,20569,301
BERROBI,20493,301
BIDANIA-GOIATZ,20496,301
BLANCA,30540,301
BUJALANCE,14650,301
BULLAS,30180,301
BURGOS,09001,310
CABRA,14811,301
CALASPARRA,30420,301
CAMPOS DEL RÍO,30191,301
CARAVACA DE LA CRUZ,30195,301
CARCABUEY,14810,301
CARCEDO DE BURGOS,09193,301
CARDEÑA,14445,301
CARTAGENA,30201,138
CASTRO DEL RÍO,14840,301
CAÑETE DE LAS TORRES,14660,301
CEHEGÍN,30189,301
CEUTA,51001,600
CEUTÍ,30562,301
CIEZA,30530,301
CIUTADELLA DE MENORCA,07750,301
CONQUISTA,14448,301
DEBA,20820,301
DOS TORRES,14460,301
DOÑA MENCÍA,14860,301
EIBAR,20600,301
EL CARPIO,14115,301
EL GUIJO,14413,301
EL VISO,14470,301
ELCHE DE LA SIERRA,02430,301
ELCHE/ELX,03113,301
ELDUAIN,20493,301
ELGETA,20690,301
ELGOIBAR,20860,301
ENCINAS REALES,14193,301
ERRENTERIA,20100,301
ERREZIL,20737,301
ESKORIATZA,20530,301
ESPEJO,14830,301
ESPIEL,14210,301
EZKIO-ITSASO,20218,301
FERNÁN-NÚÑEZ,14520,301
FORTUNA,30620,301
FUENTE LA LANCHA,14260,301
FUENTE OBEJUNA,14209,301
FUENTE PALMERA,14110,301
FUENTE-TÓJAR,14815,301
GABIRIA,20217,301
GAINTZA,20248,301
GAZTELU,20491,301
GETARIA,20808,301
GUADALCÁZAR,14130,301
HERNANI,20120,301
HERNIALDE,20494,301
HINOJOSA DEL DUQUE,14035,301
HONDARRIBIA,20280,301
HORNACHUELOS,14129,301
HUÉRCAL DE ALMERÍA,04230,301
IBARRA,20400,301
IDIAZABAL,20213,301
IKAZTEGIETA,20267,301
IRUN,20301,301
IRURA,20271,301
ITSASONDO,20249,301
IZNÁJAR,14970,301
JUMILLA,30520,301
L' HOSPITALET DE LLOBREGAT,08901,301
LA CARLOTA,14100,301
LA GRANJUELA,14207,301
LA RAMBLA,14540,301
LA UNIÓN,30360,301
LA VICTORIA,14140,301
LARRAUL,20159,301
LAS TORRES DE COTILLAS,30565,301
LASARTE-ORIA,20160,301
LAZKAO,20210,301
LEABURU,20491,301
LEGAZPI,20220,301
LEGORRETA,20250,301
LEINTZ-GATZAGA,20530,301
LEZO,20100,301
LIBRILLA,30892,301
LIZARTZA,20490,301
LORCA,30800,301
LORQUÍ,30564,301
LOS ALCÁZARES,30710,301
LOS BLÁZQUEZ,14208,301
LUCENA,14511,301
LUQUE,14880,301
MAZARRÓN,30335,301
MENDARO,20850,301
MOLINA DE SEGURA,30500,301
MONTEMAYOR,14530,301
MONTILLA,14450,301
MONTORO,14600,301
MONTURQUE,14930,301
MORATALLA,30387,301
MORILES,14510,301
MULA,30170,301
MUTILOA,20214,301
MUTRIKU,20830,301
NUEVA CARTEYA,14857,301
OBEJO,14310,301
OIARTZUN,20180,301
OJÓS,30611,301
OLABERRIA,20212,301
ORDIZIA,20240,301
ORENDAIN,20269,301
OREXA,20490,301
ORIO,20810,301
ORMAIZTEGI,20216,301
OÑATI,20560,301
PASAIA,20110,301
PEDRO ABAD,14630,301
PEDROCHE,14412,301
PEÑARROYA-PUEBLONUEVO,14200,301
PLIEGO,30176,301
POSADAS,14730,301
POZOBLANCO,14400,301
PUENTE GENIL,14500,301
PUERTO LUMBRERAS,30890,301
RICOTE,30610,301
RUTE,14950,301
SALDAÑA DE BURGOS,09620,301
SAN CRISTÓBAL DE SEGOVIA,40197,301
SAN JAVIER,30370,301
SAN MAMÉS DE BURGOS,09230,301
SAN PEDRO DEL PINATAR,30740,301
SANTA EUFEMIA,14491,301
SANTAELLA,14546,301
SANTOMERA,30140,301
SEGOVIA,40001,301
SEGURA,20214,301
SORALUZE-PLACENCIA DE LAS ARMAS,20590,301
TOLOSA,20267,301
TORRE-PACHECO,30591,301
TORRECAMPO,14410,301
TOTANA,30850,301
ULEA,30612,301
URNIETA,20130,301
URRETXU,20700,301
USURBIL,20170,301
VALENZUELA,14670,301
VALSEQUILLO,14206,301
VILLA DEL RÍO,14640,301
VILLABONA,20150,301
VILLAHARTA,14210,301
VILLALBILLA DE BURGOS,09195,301
VILLANUEVA DEL DUQUE,14250,301
VILLANUEVA DEL REY,14230,301
VILLANUEVA DEL RÍO SEGURA,30613,301
VILLARALTO,14490,301
ZALDIBIA,20247,301
ZARAUTZ,20800,301
ZEGAMA,20215,301
ZERAIN,20214,301
ZESTOA,20740,301
ZIZURKIL,20159,301
ZUHEROS,14870,301
ZUMAIA,20750,301
ZUMARRAGA,20700,301
ÁGUILAS,30880,301
AGRÓN,18132,284
ALAMEDILLA,18520,284
ALBOLOTE,18220,284
ALBONDÓN,18708,284
ALBUÑOL,18700,284
ALBUÑUELAS,18659,284
ALBUÑÁN,18518,284
ALDEIRE,18514,284
ALFACAR,18170,284
ALGARINEJO,18280,284
ALHENDÍN,18620,284
ALICÚN DE ORTEGA,18538,284
ALMEGÍJAR,18438,284
ALMUÑÉCAR,18690,284
ALPUJARRA DE LA SIERRA,18420,284
ALQUIFE,18518,284
ARENAS DEL REY,18126,284
ARMILLA,18100,284
ATARFE,18230,284
BAZA,18800,284
BEAS DE GUADIX,18516,284
BENALÚA,18510,284
BENALÚA DE LAS VILLAS,18566,284
BENAMAUREL,18817,284
BUBIÓN,18412,284
BUSQUÍSTAR,18416,284
BÉRCHULES,18451,284
CACÍN,18129,284
CALICASAS,18290,284
CAMPOTÉJAR,18565,284
CANILES,18810,284
CAPILEIRA,18413,284
CARATAUNAS,18410,284
CASTILLÉJAR,18818,284
CASTRIL,18816,284
CENES DE LA VEGA,18190,284
CHAUCHINA,18330,284
CHIMENEAS,18329,284
CHURRIANA DE LA VEGA,18194,284
CIJUELA,18339,284
COGOLLOS DE GUADIX,18518,284
COGOLLOS DE LA VEGA,18211,284
COLOMERA,18564,284
CORTES DE BAZA,18814,284
CORTES Y GRAENA,18517,284
CUEVAS DEL CAMPO,18813,284
CÁDIAR,18440,284
CÁJAR,18199,284
CÁSTARAS,18349,284
CÁÑAR,18418,284
CÚLLAR,18850,284
CÚLLAR VEGA,18195,284
DARRO,18181,284
DEHESAS DE GUADIX,18538,284
DEHESAS VIEJAS,18567,284
DEIFONTES,18570,284
DIEZMA,18180,284
DÍLAR,18152,284
DÓLAR,18512,284
DÚDAR,18192,284
DÚRCAL,18650,284
EL PINAR,18658,284
EL VALLE,18658,284
ESCÚZAR,18130,284
FERREIRA,18513,284
FONELAS,18515,284
FREILA,18812,284
FUENTE VAQUEROS,18340,284
GALERA,18840,284
GOBERNADOR,18540,284
GOR,18870,284
GORAFE,18890,284
GUADAHORTUNA,18560,284
GUADIX,18500,284
GUALCHOS,18614,284
GÓJAR,18150,284
GÜEVÉJAR,18212,284
GÜÉJAR SIERRA,18160,284
HUÉLAGO,18540,284
HUÉNEJA,18512,284
HUÉSCAR,18830,284
HUÉTOR DE SANTILLÁN,18183,284
HUÉTOR TÁJAR,18360,284
HUÉTOR VEGA,18198,284
IZNALLOZ,18550,284
JAYENA,18127,284
JEREZ DEL MARQUESADO,18518,284
JETE,18699,284
JUN,18213,284
JUVILES,18452,284
JÁTAR,18127,284
LA CALAHORRA,18512,284
LA MALAHÁ,18130,284
LA PEZA,18181,284
LA TAHA,18414,284
LA ZUBIA,18140,284
LANJARÓN,18420,284
LANTEIRA,18518,284
LAS GABIAS,18110,284
LECRÍN,18656,284
LENTEGÍ,18699,284
LOBRAS,18449,284
LOJA,18300,284
LOS GUÁJARES,18165,284
LUGROS,18516,284
LÁCHAR,18327,284
LÚJAR,18614,284
MARACENA,18200,284
MARCHAL,18516,284
MAÓ-MAHÓN,07700,284
MELILLA,52001,500
MOCLÍN,18247,284
MOLVÍZAR,18611,284
MONACHIL,18193,284
MONTEFRÍO,18230,284
MONTEJÍCAR,18501,284
MONTILLANA,18569,284
MORALEDA DE ZAFAYONA,18370,284
MORELÁBOR,18540,284
MOTRIL,18000,284
MURTAS,18490,284
NEVADA,18494,284
NIGÜELAS,18657,284
NÍVAR,18214,284
OGÍJARES,18151,284
ORCE,18858,284
OTÍVAR,18698,284
PADUL,18150,284
PAMPANEIRA,18411,284
PEDRO MARTÍNEZ,18530,284
PELIGROS,18210,284
PINOS GENIL,18191,284
PINOS PUENTE,18240,284
POLOPOS,18710,284
POLÍCAR,18516,284
PUEBLA DE DON FADRIQUE,18820,284
PULIANAS,18197,284
PURULLENA,18515,284
PÍÑAR,18562,284
PÓRTUGOS,18415,284
QUÉNTAR,18192,284
RUBITE,18711,284
SALAR,18310,284
SALOBREÑA,18610,284
SANTA CRUZ DEL COMERCIO,18129,284
SANTA FE,18320,284
SOPORTÚJAR,18410,284
SORVILÁN,18710,284
TORRE-CARDELA,18563,284
TORVIZCÓN,18430,284
TREVÉLEZ,18417,284
TURÓN,18491,284
UGÍJAR,18480,284
VALDERRUBIO,18250,284
VALLE DEL ZALABÍ,18511,284
VEGAS DEL GENIL,18101,284
VENTAS DE HUELMA,18131,284
VILLA DE OTURA,18130,284
VILLAMENA,18659,284
VILLANUEVA DE LAS TORRES,18539,284
VILLANUEVA MESÍA,18369,284
VÁLOR,18470,284
VÉLEZ DE BENAUDALLA,18615,284
VÍZNAR,18179,284
ZAFARRAYA,18128,284
ZAGRA,18311,284
ZÚJAR,18811,284
ÍLLORA,18260,284
ÍTRABO,18600,284
ÓRGIVA,18400,284
A BAÑA,15839,267
A CAPELA,15613,267
A LARACHA,15145,267
A POBRA DO CARAMIÑAL,15940,267
ABAURREGAINA/ABAURREA ALTA,31692,267
ABAURREPEA/ABAURREA BAJA,31692,267
ABEGONDO,15318,267
ABERIN,31264,267
ABLITAS,31523,267
ABÁIGAR,31280,267
ABÁRZUZA/ABARTZUZA,31178,267
ACEBO,01857,267
ADIÓS,31153,267
AGUILAR DE CODÉS,31228,267
AGURAIN/SALVATIERRA,01200,267
AIBAR/OIBAR,31460,267
ALBACETE,02001,128
ALCALÁ DE HENARES,28801,267
ALDEADÁVILA DE LA RIBERA,37250,267
ALEGRÍA-DULANTZI,01193,267
ALLO,31262,267
ALLÍN/ALLIN,31241,267
ALTSASU/ALSASUA,31800,267
AMES,15220,267
AMURRIO,01450,267
AMÉSCOA BAJA,31272,267
ANCÍN/ANTZIN,31280,267
ANDOSILLA,31261,267
ANSOÁIN/ANTSOAIN,31013,267
ANUE,31708,267
AOIZ/AGOITZ,31430,267
ARAITZ,31891,267
ARAKIL,31849,267
ARAMAIO,01160,267
ARANARACHE/ARANARATXE,31271,267
ARANGA,15317,267
ARANGUREN,31192,267
ARANO,31754,267
ARANTZA,31790,267
ARAS,31239,267
ARBIZU,31839,267
ARCE/ARTZI,31438,267
ARELLANO,31263,267
ARES,15623,267
ARESO,31876,267
ARGUEDAS,31513,267
ARIA,31671,267
ARIBE,31671,267
ARMAÑANZAS,31228,267
ARMIÑÓN,01211,267
ARRAIA-MAEZTU,01120,267
ARRATZUA-UBARRUNDIA,01510,267
ARROYOMOLINOS DE LEÓN,21280,267
ARRUAZU,31840,267
ARRÓNIZ,31243,267
ARTAJONA,31140,267
ARTAZU,31109,267
ARTEIXO,15008,267
ARTZINIEGA,01474,267
ARZÚA,15810,267
AS PONTES DE GARCÍA RODRÍGUEZ,15320,267
AS SOMOZAS,15565,267
ASPARRENA,01208,267
ATEZ/ATETZ,31193,267
AURITZ/BURGUETE,31640,267
AYALA/AIARA,01408,267
AYEGUI/AIEGI,31208,267
AZAGRA,31560,267
AZUELO,31228,267
AÑANA,01423,267
AÑORBE,31154,267
BADALONA,08911,139
BAKAIKU,31810,267
BARAÑÁIN/BARAÑAIN,31010,267
BARBARIN,31243,267
BARGOTA,31229,267
BARILLAS,31523,267
BARRUNDIA,01206,267
BARÁSOAIN,31395,267
BASABURUA,31866,267
BAZTAN,31700,267
BAÑOS DE EBRO/MAÑUETA,01307,267
BEINTZA-LABAIEN,31753,267
BEIRE,31393,267
BELASCOÁIN,31174,267
BERA,31780,267
BERANTEVILLA,01121,267
BERBERANA,01427,267
BERBINZANA,31252,267
BERGONDO,15165,267
BERIÁIN,31191,267
BERNEDO,01118,267
BERRIOPLANO/BERRIOBEITI,31013,267
BERRIOZAR,31013,267
BERTIZARANA,31720,267
BETANZOS,15300,267
BETELU,31890,267
BIDAURRETA,31174,267
BIURRUN-OLCOZ,31398,267
BOIMORTO,15816,267
BOIRO,15930,267
BOQUEIXÓN,15582,267
BRIÓN,15280,267
BURGUI/BURGI,31412,267
BURLADA/BURLATA,31600,267
BUÑUEL,31540,267
CABANA DE BERGANTIÑOS,15110,267
CABANAS,15611,267
CABANILLAS,31511,267
CABREDO,31227,267
CADREITA,31515,267
CALERA DE LEÓN,06292,267
CAMARIÑAS,15121,267
CAMBRE,15181,267
CAMPEZO/KANPEZU,01110,267
CAPARROSO,31380,267
CARBALLO,15100,267
CARCASTILLO,31310,267
CARIÑO,15360,267
CARNOTA,15292,267
CARRAL,15175,267
CASCANTE,31520,267
CASTILLEJO DE MESLEÓN,40593,267
CASTILLONUEVO,31454,267
CAÑAVERAL DE LEÓN,21388,267
CEDEIRA,15347,267
CEE,15138,267
CENDEA DE OLZA/OLTZA ZENDEA,31170,267
CERCEDA,15185,267
CERDIDO,15530,267
CINTRUÉNIGO,31592,267
CIRAUQUI/ZIRAUKI,31131,267
CIRIZA/ZIRITZA,31174,267
CIZUR,31174,267
COIRÓS,15316,267
CONDADO DE TREVIÑO,01118,267
CORCUBIÓN,15130,267
CORELLA,31591,267
CORISTANCO,15147,267
CORTES,31530,267
CULLEREDO,15139,267
CURTIS,15310,267
CÁRCAR,31579,267
CÁSEDA,31312,267
DESOJO,31229,267
DICASTILLO,31263,267
DODRO,15916,267
DONAMARIA,31750,267
DONEZTEBE/SANTESTEBAN,31740,267
DUMBRÍA,15151,267
ECHARRI/ETXARRI,31174,267
EL BARCO DE ÁVILA,05600,267
EL BUSTO,31229,267
ELBURGO/BURGELU,01192,267
ELCIEGO,01340,267
ELGORRIAGA,31744,267
ELVILLAR/BILAR,01309,267
ENÉRIZ/ENERITZ,31153,267
ERATSUN,31748,267
ERGOIENA,31829,267
ERRIBERAGOITIA/RIBERA ALTA,01213,267
ERRO,31638,267
ESLAVA,31494,267
ESPARZA DE SALAZAR/ESPARTZA ZARAITZU,31453,267
ESPRONCEDA,31228,267
ESTELLA-LIZARRA,31200,267
ESTERIBAR,31630,267
ETAYO,31281,267
ETXALAR,31760,267
ETXARRI ARANATZ,31820,267
ETXAURI,31174,267
EULATE,31271,267
EZCABARTE,31194,267
EZCÁROZ/EZKAROZE,31690,267
EZKURRA,31749,267
EZPROGUI,31491,267
FALCES,31370,267
FENE,15500,267
FERROL,15401,267
FISTERRA,15153,267
FITERO,31593,267
FLORES DE ÁVILA,05370,267
FONTELLAS,31512,267
FRADES,15685,267
FUENTES DE LEÓN,06280,267
FUNES,31360,267
FUSTIÑANA,31510,267
GALAR,31191,267
GALLIPIENZO/GALIPENTZU,31493,267
GALLUÉS/GALOZE,31451,267
GARAIOA,31692,267
GARDE,31414,267
GARRALDA,31693,267
GARÍNOAIN,31395,267
GENEVILLA,31227,267
GIBRALEÓN,21500,267
GIRONA,17001,267
GOIZUETA,31754,267
GOÑI,31172,267
GUESÁLAZ/GESALATZ,31175,267
GUIJO DE ÁVILA,37774,267
GUIRGUILLANO,31174,267
GÜESA/GORZA,31452,267
HARANA/VALLE DE ARANA,01117,267
HIRIBERRI/VILLANUEVA DE AEZKOA,31671,267
HUARTE/UHARTE,31620,267
IBARGOITI,31472,267
IGANTZI,31790,267
IGÚZQUIZA,31241,267
IMOTZ,31867,267
IRAÑETA,31849,267
IRIXOA,15313,267
IRURAIZ-GAUNA,01193,267
IRURTZUN,31860,267
ISABA/IZABA,31417,267
ITUREN,31745,267
ITURMENDI,31810,267
IZA/ITZA,31170,267
IZAGAONDOA,31421,267
IZALZU/ITZALTZU,31689,267
JAURRIETA,31691,267
JAVIER,31409,267
JURISDICCIÓN DE SAN ZADORNIL,01427,267
JUSLAPEÑA,31193,267
KRIPAN,01308,267
KUARTANGO,01430,267
LABASTIDA/BASTIDA,01012,267
LAGRÁN,01118,267
LAGUARDIA,01300,267
LAKUNTZA,31830,267
LANA,31283,267
LANCIEGO/LANTZIEGO,01308,267
LANTARÓN,01213,267
LANTZ,31798,267
LAPOBLACIÓN,31227,267
LAPUEBLA DE LABARCA,01306,267
LARRAGA,31251,267
LARRAONA,31270,267
LARRAUN,31877,267
LAUDIO/LLODIO,01400,267
LAXE,15117,267
LAZAGURRÍA,31588,267
LEACHE/LEATXE,31460,267
LEGARDA,31133,267
LEGARIA,31281,267
LEGUTIO,01170,267
LEITZA,31880,267
LEKUNBERRI,31870,267
LEOZ/LEOTZ,31395,267
LERGA,31494,267
LERÍN,31260,267
LESAKA,31770,267
LEZA,01309,267
LEZÁUN,31177,267
LEÓN,24001,267
LIZOÁIN-ARRIASGOITI,31482,267
LIÉDENA,31487,267
LODOSA,31580,267
LOGROÑO,26001,267
LOS ARCOS,31210,267
LOUSAME,15212,267
LUMBIER,31440,267
LUQUIN,31243,267
LUZAIDE/VALCARLOS,31660,267
LÓNGUIDA/LONGIDA,31438,267
MALPICA DE BERGANTIÑOS,15111,267
MARAÑÓN,31227,267
MARCILLA,31340,267
MAZALEÓN,44621,267
MAZARICOS,15256,267
MAÑERU,31130,267
MAÑÓN,15337,267
MELIDE,15800,267
MENDAVIA,31587,267
MENDAZA,31219,267
MENDIGORRÍA,31150,267
MESÍA,15685,267
METAUTEN,31241,267
MILAGRO,31320,267
MIRAFUENTES,31219,267
MIRANDA DE ARGA,31253,267
MIÑO,15608,267
MOECHE,15563,267
MONFERO,15315,267
MONLEÓN,37765,267
MONREAL/ELO,31471,267
MONTEAGUDO,31522,267
MOREDA DE ÁLAVA/MOREDA ARABA,01322,267
MORENTIN,31264,267
MUES,31219,267
MUGARDOS,15620,267
MURCHANTE,31521,267
MURIETA,31280,267
MURILLO EL CUENDE,31315,267
MURILLO EL FRUTO,31313,267
MUROS,15240,267
MURUZÁBAL,31152,267
MUXÍA,15124,267
MÉLIDA,31382,267
NARÓN,15540,267
NAVARIDAS,01309,267
NAVASCUÉS/NABASKOZE,31450,267
NAZAR,31282,267
NEDA,15510,267
NEGREIRA,15830,267
NOIA,15200,267
NOÁIN (VALLE DE ELORZ)/NOAIN (ELORTZIBAR),31110,267
O PINO,15821,267
OBANOS,31151,267
OCHAGAVÍA/OTSAGABIA,31680,267
OCO,31281,267
ODIETA,31799,267
OIZ,31751,267
OKONDO,01409,267
OLAIBAR,31799,267
OLAZTI/OLAZAGUTÍA,31809,267
OLEIROS,15171,267
OLEJUA,31281,267
OLITE/ERRIBERRI,31390,267
OLÓRIZ/OLORITZ,31395,267
ORBAIZETA,31670,267
ORBARA,31671,267
ORDES,15680,267
ORKOIEN,31160,267
ORONZ/ORONTZE,31451,267
OROSO,15684,267
OROZ-BETELU/OROTZ-BETELU,31439,267
ORREAGA/RONCESVALLES,31650,267
ORTIGUEIRA,15330,267
ORÍSOAIN,31395,267
OTEIZA,31250,267
OUTES,15230,267
OYÓN-OION,01320,267
OZA-CESURAS,15380,267
PADERNE,15314,267
PADRÓN,15900,267
PERALTA/AZKOIEN,31350,267
PEÑACERRADA-URIZAHARRA,01211,267
PEÑALBA DE ÁVILA,05163,267
PIEDRAMILLERA,31219,267
PITILLAS,31392,267
PONTECESO,15110,267
PONTEDEUME,15600,267
PONTEVEDRA,36001,267
PORTO DO SON,15218,267
PUENTE LA REINA/GARES,31100,267
PUEYO,31394,267
RIANXO,15920,267
RIBAFORADA,31550,267
RIBEIRA,15950,267
RIBERA BAJA/ERRIBERA BEITIA,01213,267
ROIS,15281,267
ROMANZADO,31448,267
RONCAL/ERRONKARI,31415,267
RONDA,29394,267
SADA,15160,267
SALDÍAS,31747,267
SALINAS DE ORO/JAITZ,31175,267
SALVALEÓN,06174,267
SAMANIEGO,01307,267
SAN ADRIÁN,31570,267
SAN MARTÍN DE UNX,31495,267
SAN MILLÁN/DONEMILIAGA,01207,267
SAN SADURNIÑO,15560,267
SANGÜESA/ZANGOZA,31400,267
SANSOL,31220,267
SANTA COMBA,15837,267
SANTACARA,31314,267
SANTISO,15808,267
SARRIÉS/SARTZE,31451,267
SARTAGUDA,31589,267
SEGURA DE LEÓN,06270,267
SESMA,31293,267
SOBRADO,15813,267
SOLANA DE ÁVILA,05621,267
SORLADA,31219,267
SUNBILLA,31791,267
TAFALLA,31300,267
TARRAGONA,43001,119
TEO,15866,267
TIEBAS-MURUARTE DE RETA,31397,267
TIRAPU,31154,267
TOQUES,15806,267
TORDOIA,15683,267
TORNADIZOS DE ÁVILA,05196,267
TORRALBA DEL RÍO,31219,267
TORREJONCILLO,01830,267
TORRES DEL RÍO,31229,267
TOURO,15822,267
TRAZO,15686,267
TUDELA,31500,267
TULEBRAS,31522,267
UCAR,31154,267
UHARTE ARAKIL,31840,267
UJUÉ,31496,267
ULTZAMA,31797,267
UNCITI,31422,267
UNZUÉ/UNTZUE,31396,267
URDAZUBI/URDAX,31711,267
URDIAIN,31810,267
URKABUSTAIZ,01440,267
URRAUL ALTO,31448,267
URRAUL BAJO,31448,267
URROZ,31752,267
URROZ-VILLA,31420,267
URZAINQUI/URZAINKI,31416,267
UTERGA,31133,267
UZTÁRROZ/UZTARROZE,31418,267
VAL DO DUBRA,15871,267
VALDEGOVÍA/GAUBEA,01423,267
VALDOVIÑO,15542,267
VALLE DE EGÜÉS/EGUESIBAR,31192,267
VALLE DE OLLO/OLLARAN,31172,267
VALLE DE YERRI/DEIERRI,31176,267
VALTIERRA,31514,267
VEDRA,15880,267
VIANA,31230,267
VIDÁNGOZ/BIDANKOZE,31413,267
VILARMAIOR,15615,267
VILASANTAR,15807,267
VILLABUENA DE ÁLAVA/ESKUERNAGA,01307,267
VILLAFRANCA,31330,267
VILLAMAYOR DE MONJARDÍN,31242,267
VILLANUEVA DE ÁVILA,05114,267
VILLATUERTA,31132,267
VILLAVA/ATARRABIA,31610,267
VIMIANZO,15121,267
YESA,31410,267
YÉCORA/IEKORA,01322,267
ZABALZA/ZABALTZA,31174,267
ZALDUONDO,01208,267
ZAMBRANA,01212,267
ZAS,15150,267
ZIGOITIA,01138,267
ZIORDIA,31809,267
ZIZUR MAYOR/ZIZUR NAGUSIA,31180,267
ZUBIETA,31746,267
ZUGARRAMURDI,31710,267
ZUIA,01130,267
ZÚÑIGA,31284,267
ÁVILA,05001,267
TERRASSA,08221,139
A CAÑIZA,36880,234
A ESTRADA,36559,234
A GUARDA,36780,234
A ILLA DE AROUSA,36626,234
A LAMA,36830,234
ABUSEJO,37640,234
ADALIA,47129,234
AGALLAS,37510,234
AGOLADA,36514,234
AGUASAL,47418,234
AGUILAR DE CAMPOS,47814,234
AHIGAL DE LOS ACEITEROS,37248,234
AHIGAL DE VILLARINO,37173,234
AJOFRÍN,45110,234
ALAEJOS,47510,234
ALAMEDA DE LA SAGRA,45240,234
ALARAZ,37312,234
ALBA DE TORMES,37800,234
ALBA DE YELTES,37478,234
ALBARREAL DE TAJO,45522,234
ALCABÓN,45523,234
ALCALÁ DE LOS GAZULES,11180,234
ALCALÁ DEL VALLE,11693,234
ALCAUDETE DE LA JARA,45662,234
ALCAZARÉN,47238,234
ALCAÑIZO,45687,234
ALCOLEA DE TAJO,45571,234
ALCONADA,37329,234
ALDEA DE SAN MIGUEL,47160,234
ALDEA DEL OBISPO,37488,234
ALDEA EN CABO,45908,234
ALDEACIPRESTE,37718,234
ALDEALENGUA,37350,234
ALDEAMAYOR DE SAN MARTÍN,47162,234
ALDEANUEVA DE BARBARROYA,45661,234
ALDEANUEVA DE FIGUEROA,37429,234
ALDEANUEVA DE LA SIERRA,37621,234
ALDEANUEVA DE SAN BARTOLOMÉ,45575,234
ALDEARRODRIGO,37110,234
ALDEARRUBIA,37340,234
ALDEASECA DE ALBA,37870,234
ALDEASECA DE LA FRONTERA,37317,234
ALDEATEJADA,37186,234
ALDEAVIEJA DE TORMES,37779,234
ALDEHUELA DE LA BÓVEDA,37460,234
ALDEHUELA DE YELTES,37478,234
ALFOZ DE LLOREDO,39320,234
ALGAR,11639,234
ALGECIRAS,11201,234
ALGODONALES,11389,234
ALLANDE,33815,234
ALLER,33584,234
ALMENARA DE ADAJA,47419,234
ALMENARA DE TORMES,37115,234
ALMENDRA,37176,234
ALMENDRAL DE LA CAÑADA,45631,234
ALMOROX,45900,234
AMIEVA,33557,234
AMPUERO,39840,234
AMUSQUILLO,47177,234
ANAYA DE ALBA,37863,234
ANIEVAS,39451,234
ARABAYONA DE MÓGICA,37418,234
ARAPILES,37188,234
ARBO,36430,234
ARCEDIANO,37429,234
ARCICÓLLAR,45182,234
ARCOS DE LA FRONTERA,11620,234
ARENAS DE IGUÑA,39450,234
ARGOÑOS,39197,234
ARGÉS,45122,234
ARMENTEROS,37753,234
ARNUERO,39193,234
ARREDONDO,39813,234
ARROYO DE LA ENCOMIENDA,47195,234
ARTESA DE LLEIDA,25150,234
AS NEVES,36440,234
ATAQUINES,47210,234
AVILÉS,33401,234
AZUTÁN,45571,234
AÑOVER DE TAJO,45250,234
AÑOVER DE TORMES,37111,234
BABILAFUENTE,37330,234
BADAJOZ,06001,124
BAHABÓN,47312,234
BAIONA,36300,234
BARBADILLO,37440,234
BARBALOS,37607,234
BARBATE,11150,234
BARCEO,37217,234
BARCIAL DE LA LOMA,47674,234
BARCIENCE,45225,234
BAREYO,39170,234
BARGAS,45593,234
BARRO,36190,234
BARRUECOPARDO,37255,234
BARRUELO DEL VALLE,47129,234
BAÑOBÁREZ,37271,234
BECILLA DE VALDERADUEY,47670,234
BELEÑA,37789,234
BELMONTE DE MIRANDA,33827,234
BELVÍS DE LA JARA,45660,234
BENAFARCES,47880,234
BENALUP-CASAS VIEJAS,11190,234
BENAOCAZ,11612,234
BERCERO,47115,234
BERCERUELO,47115,234
BERMELLAR,37291,234
BERROCAL DE HUEBRA,37609,234
BERROCAL DE SALVATIERRA,37795,234
BERRUECES,47813,234
BIMENES,33527,234
BOADA,37290,234
BOAL,33720,234
BOBADILLA DEL CAMPO,47462,234
BOCIGAS,47419,234
BOCOS DE DUERO,47317,234
BOECILLO,47151,234
BOGAJO,37291,234
BOLAÑOS DE CAMPOS,47675,234
BORNOS,11520,234
BOROX,45222,234
BRAHOJOS DE MEDINA,47461,234
BRINCONES,37217,234
BUENAMADRE,37209,234
BUENAVENTURA,45634,234
BUENAVISTA,37789,234
BUEU,36930,234
BURUJÓN,45521,234
BUSTILLO DE CHAVES,47608,234
BÁRCENA DE CICERO,39760,234
BÁRCENA DE PIE DE CONCHA,39420,234
BÉJAR,37700,234
BÓVEDA DEL RÍO ALMAR,37316,234
CABAÑAS DE LA SAGRA,45592,234
CABAÑAS DE YEPES,45312,234
CABEZA DEL CABALLO,37214,234
CABEZABELLOSA DE LA CALZADA,37490,234
CABEZAMESADA,45890,234
CABEZÓN DE LA SAL,39500,234
CABEZÓN DE LIÉBANA,39571,234
CABEZÓN DE PISUERGA,47260,234
CABEZÓN DE VALDERADUEY,47689,234
CABRALES,33554,234
CABRANES,33310,234
CABRERIZOS,37193,234
CABREROS DEL MONTE,47832,234
CABRILLAS,37630,234
CABUÉRNIGA,39510,234
CALDAS DE REIS,36615,234
CALERA Y CHOZAS,45580,234
CALERUELA,45589,234
CALVARRASA DE ABAJO,37181,234
CALVARRASA DE ARRIBA,37191,234
CALZADA DE DON DIEGO,37440,234
CALZADA DE OROPESA,45580,234
CALZADA DE VALDUNCIEL,37797,234
CAMALEÑO,39582,234
CAMARENA,45180,234
CAMARENILLA,45181,234
CAMARGO,39600,234
CAMBADOS,36630,234
CAMPASPERO,47310,234
CAMPILLO DE AZABA,37550,234
CAMPO LAMEIRO,36110,234
CAMPOO DE ENMEDIO,39200,234
CAMPOO DE YUSO,39290,234
CAMPORREDONDO,47165,234
CAMUÑAS,45720,234
CANALEJAS DE PEÑAFIEL,47311,234
CANDAMO,33414,234
CANDELARIO,37710,234
CANGAS,36940,234
CANGAS DE ONÍS,33547,234
CANGAS DEL NARCEA,33800,234
CANILLAS DE ABAJO,37130,234
CANILLAS DE ESGUEVA,47185,234
CANTAGALLO,37716,234
CANTALAPIEDRA,37400,234
CANTALPINO,37405,234
CANTARACILLO,37319,234
CARAVIA,33343,234
CARBAJOSA DE LA SAGRADA,37008,234
CARDIEL DE LOS MONTES,45642,234
CARMENA,45531,234
CARPIO,47470,234
CARPIO DE AZABA,37497,234
CARRANQUE,45216,234
CARRASCAL DE BARREGAS,37120,234
CARRASCAL DEL OBISPO,37451,234
CARREÑO,33430,234
CARRICHES,45532,234
CARTES,39311,234
CASAFRANCA,37767,234
CASARRUBIOS DEL MONTE,45950,234
CASASBUENAS,45124,234
CASASOLA DE ARIÓN,47110,234
CASILLAS DE FLORES,37541,234
CASO,33990,234
CASTAÑEDA,39650,234
CASTELLANOS DE MORISCOS,37439,234
CASTELLANOS DE VILLIQUERA,37797,234
CASTELLAR DE LA FRONTERA,11350,234
CASTILLEJO DE MARTÍN VIEJO,37470,234
CASTILLO DE BAYUELA,45641,234
CASTRAZ,37496,234
CASTREJÓN DE TRABANCOS,47512,234
CASTRILLO DE DUERO,47318,234
CASTRILLO-TEJERIEGO,47329,234
CASTRILLÓN,33401,234
CASTRO-URDIALES,39700,234
CASTROBOL,47689,234
CASTRODEZA,47192,234
CASTROMEMBIBRE,47882,234
CASTROMONTE,47641,234
CASTRONUEVO DE ESGUEVA,47171,234
CASTRONUÑO,47520,234
CASTROPOL,33760,234
CASTROPONCE,47664,234
CASTROVERDE DE CERRATO,47182,234
CATOIRA,36612,234
CAZALEGAS,45683,234
CEBOLLA,45680,234
CEDILLO DEL CONDADO,45214,234
CEINOS DE CAMPOS,47692,234
CEPEDA,37656,234
CERDEDO-COTOBADE,36116,234
CERECEDA DE LA SIERRA,37621,234
CEREZAL DE PEÑAHORCADA,37253,234
CERRALBO,37273,234
CERVERA DE LOS MONTES,45637,234
CERVILLEGO DE LA CRUZ,47494,234
CESPEDOSA DE TORMES,37750,234
CHAGARCÍA MEDIANERO,37861,234
CHICLANA DE LA FRONTERA,11130,234
CHILLARÓN DE CUENCA,16190,234
CHIPIONA,11550,234
CHOZAS DE CANALES,45960,234
CHUECA,45113,234
CIGALES,47270,234
CIGUÑUELA,47191,234
CILLEROS DE LA BASTIDA,37621,234
CILLORIGO DE LIÉBANA,39580,234
CIPÉREZ,37216,234
CIRUELOS,45314,234
CISTÉRNIGA,47193,234
CIUDAD RODRIGO,37170,234
COAÑA,33179,234
COBEJA,45291,234
COBISA,45111,234
COCA DE ALBA,37830,234
COGECES DE ÍSCAR,47440,234
COGECES DEL MONTE,47313,234
COLINDRES,39750,234
COLMENAR DE MONTEMAYOR,37711,234
COLUNGA,33320,234
COMILLAS,39520,234
CONIL DE LA FRONTERA,11140,234
CONSUEGRA,45700,234
CORCOS,47280,234
CORDOVILLA,37337,234
CORRAL DE ALMAGUER,45880,234
CORRALES DE DUERO,47317,234
CORVERA DE ASTURIAS,33404,234
CORVERA DE TORANZO,39680,234
COVELO,36872,234
CRECENTE,36420,234
CRISTÓBAL,37684,234
CUBILLAS DE SANTA MARTA,47290,234
CUDILLERO,33150,234
CUENCA,16001,234
CUENCA DE CAMPOS,47650,234
CUERVA,45126,234
CUNTIS,36670,234
CURIEL DE DUERO,47316,234
DEGAÑA,33812,234
DIOS LE GUARDE,37478,234
DOMINGO PÉREZ,45544,234
DOSBARRIOS,45311,234
DOZÓN,36516,234
DOÑINOS DE LEDESMA,37130,234
EJEME,37891,234
EL ARCO,37110,234
EL ASTILLERO,39610,234
EL BODÓN,37520,234
EL BOSQUE,11670,234
EL CABACO,37621,234
EL CAMPILLO DE LA JARA,45578,234
EL CAMPO DE PEÑARANDA,37317,234
EL CARPIO DE TAJO,45533,234
EL CASAR DE ESCALONA,45542,234
EL CERRO,37720,234
EL CUBO DE DON SANCHO,37281,234
EL FRANCO,33746,234
EL GASTOR,11687,234
EL MANZANO,37171,234
EL MAÍLLO,37621,234
EL MILANO,37256,234
EL PAYO,37524,234
EL PEDROSO DE LA ARMUÑA,37410,234
EL PINO DE TORMES,37170,234
EL PUENTE DEL ARZOBISPO,45570,234
EL PUERTO DE SANTA MARÍA,11500,234
EL REAL DE SAN VICENTE,45460,234
EL ROMERAL,45770,234
EL SAHUGO,37510,234
EL TEJADO,37749,234
EL TOBOSO,45820,234
EL TORNADIZO,37765,234
EL VISO DE SAN JUAN,45215,234
ENCINA DE SAN SILVESTRE,37114,234
ENCINAS DE ABAJO,37874,234
ENCINAS DE ARRIBA,37892,234
ENCINAS DE ESGUEVA,47186,234
ENCINASOLA DE LOS COMENDADORES,37256,234
ENDRINAL,37765,234
ENTRAMBASAGUAS,39715,234
ERUSTES,45540,234
ESCALANTE,39193,234
ESCALONA,45910,234
ESCALONILLA,45517,234
ESCURIAL DE LA SIERRA,37762,234
ESGUEVILLAS DE ESGUEVA,47176,234
ESPADAÑA,37148,234
ESPEJA,37497,234
ESPERA,11648,234
ESPINO DE LA ORBADA,37419,234
ESPINOSO DEL REY,45650,234
ESQUIVIAS,45221,234
FLORIDA DE LIÉBANA,37129,234
FOMBELLIDA,47184,234
FOMPEDRAZA,47311,234
FONTIHOYUELO,47609,234
FORCAREI,36549,234
FORFOLEDA,37799,234
FORNELOS DE MONTES,36845,234
FRADES DE LA SIERRA,37766,234
FRESNEDOSO,37775,234
FRESNO ALHÁNDIGA,37789,234
FRESNO EL VIEJO,47480,234
FUENSALDAÑA,47194,234
FUENSALIDA,45510,234
FUENTE EL SOL,47494,234
FUENTE-OLMEDO,47418,234
FUENTEGUINALDO,37540,234
FUENTELIANTE,37291,234
FUENTERROBLE DE SALVATIERRA,37768,234
FUENTES DE BÉJAR,37790,234
FUENTES DE OÑORO,37480,234
GAJATES,37872,234
GALINDO Y PERAHUY,37129,234
GALINDUSTE,37785,234
GALISANCHO,37891,234
GALLEGOS DE ARGAÑÁN,37497,234
GALLEGOS DE HORNIJA,47134,234
GALLEGOS DE SOLMIRÓN,37751,234
GARCIBUEY,37658,234
GARCIHERNÁNDEZ,37810,234
GARCIOTUM,45643,234
GARCIRREY,37460,234
GATÓN DE CAMPOS,47606,234
GEJUELO DEL BARRO,37114,234
GERIA,47131,234
GERINDOTE,45518,234
GOLPEJAS,37170,234
GOMECELLO,37420,234
GONDOMAR,36316,234
GOZÓN,33418,234
GRADO,33119,234
GRANDAS DE SALIME,33730,234
GRAZALEMA,11610,234
GUADAMUR,45160,234
GUADRAMIRO,37219,234
GUIJUELO,37700,234
GURIEZO,39778,234
GÁLVEZ,45164,234
HAZAS DE CESTO,39730,234
HERGUIJUELA DE CIUDAD RODRIGO,37510,234
HERGUIJUELA DE LA SIERRA,37617,234
HERGUIJUELA DEL CAMPO,37759,234
HERMANDAD DE CAMPOO DE SUSO,39210,234
HERRERUELA DE OROPESA,45588,234
HERRERÍAS,39549,234
HERRÍN DE CAMPOS,47607,234
HINOJOSA DE DUERO,37230,234
HINOJOSA DE SAN VICENTE,45645,234
HONTANAR,45159,234
HORCAJO DE MONTEMAYOR,37712,234
HORCAJO MEDIANERO,37860,234
HORMIGOS,45919,234
HORNILLOS DE ERESMA,47238,234
HUECAS,45511,234
HUELVA,21001,122
HUERTA,37336,234
HUERTA DE VALDECARÁBANOS,45750,234
IBIAS,33810,234
ILLANO,33732,234
ILLAS,33411,234
ILLESCAS,45200,234
ILLÁN DE VACAS,45551,234
IRUELOS,37217,234
ITUERO DE AZABA,37551,234
JIMENA DE LA FRONTERA,11320,234
JUZBADO,37115,234
LA ALAMEDA DE GARDÓN,37497,234
LA ALAMEDILLA,37554,234
LA ALBERCA,37624,234
LA ALBERGUERÍA DE ARGAÑÁN,37555,234
LA ATALAYA,37591,234
LA BASTIDA,37621,234
LA BOUZA,37488,234
LA CABEZA DE BÉJAR,37773,234
LA CALZADA DE BÉJAR,37714,234
LA ENCINA,37515,234
LA ESTRELLA,45574,234
LA FREGENEDA,37220,234
LA FUENTE DE SAN ESTEBAN,37200,234
LA GUARDIA,45760,234
LA HOYA,37716,234
LA IGLESUELA,45633,234
LA LÍNEA DE LA CONCEPCIÓN,11300,234
LA MATA,45534,234
LA MATA DE LEDESMA,37130,234
LA MAYA,37780,234
LA MUDARRA,47630,234
LA NAVA DE RICOMALILLO,45670,234
LA ORBADA,37428,234
LA PARRILLA,47328,234
LA PEDRAJA DE PORTILLO,47196,234
LA PEÑA,37214,234
LA PUEBLA DE ALMORADIEL,45840,234
LA PUEBLA DE MONTALBÁN,45516,234
LA PUEBLANUEVA,45690,234
LA REDONDA,37247,234
LA RINCONADA DE LA SIERRA,37607,234
LA SAGRADA,37465,234
LA SECA,47491,234
LA SIERPE,37759,234
LA TALA,37752,234
LA TORRE DE ESTEBAN HAMBRÁN,45920,234
LA UNIÓN DE CAMPOS,47670,234
LA VELLÉS,37427,234
LA VILLA DE DON FADRIQUE,45850,234
LA VÍDOLA,37214,234
LA ZARZA DE PUMAREDA,37253,234
LAGARTERA,45567,234
LAGUNA DE DUERO,47140,234
LAGUNILLA,37724,234
LALÍN,36500,234
LAMASÓN,39550,234
LANGAYO,47314,234
LANGREO,33900,234
LAREDO,39770,234
LARRODRIGO,37865,234
LAS CASAS DEL CONDE,37659,234
LAS HERENCIAS,45663,234
LAS REGUERAS,33190,234
LAS ROZAS DE VALDEARROYO,39213,234
LAS VEGUILLAS,37452,234
LAS VENTAS CON PEÑA AGUILERA,45127,234
LAS VENTAS DE RETAMOSA,45183,234
LAS VENTAS DE SAN JULIÁN,45568,234
LAVIANA,33970,234
LAYOS,45123,234
LEDESMA,37100,234
LEDRADA,37730,234
LENA,33620,234
LIENDO,39776,234
LILLO,45870,234
LIMPIAS,39778,234
LINARES DE RIOFRÍO,37760,234
LIÉRGANES,39178,234
LLANERA,33192,234
LLANES,33500,234
LLANO DE OLMEDO,47418,234
LLEIDA,25001,121
LOMINCHAR,45212,234
LOMOVIEJO,47494,234
LOS BARRIOS,11370,234
LOS CERRALBOS,45682,234
LOS CORRALES DE BUELNA,39400,234
LOS NAVALMORALES,45112,234
LOS NAVALUCILLOS,45130,234
LOS SANTOS,37768,234
LOS TOJOS,39517,234
LOS YÉBENES,45470,234
LUCILLOS,45684,234
LUENA,39682,234
LUMBRALES,37240,234
MACHACÓN,37893,234
MACOTERA,37310,234
MADROÑAL,37619,234
MAGÁN,45590,234
MALPARTIDA,37313,234
MALPICA DE TAJO,45692,234
MANCERA DE ABAJO,37315,234
MANZANEQUE,45460,234
MANZANILLO,47314,234
MAQUEDA,45515,234
MARINA DE CUDEYO,39130,234
MARJALIZA,45479,234
MARRUPE,45636,234
MARTIAGO,37510,234
MARTINAMOR,37891,234
MARTÍN DE YELTES,37494,234
MARZALES,47133,234
MARÍN,36900,234
MASCARAQUE,45430,234
MASUECO,37251,234
MATAPOZUELOS,47230,234
MATILLA DE LOS CAÑOS,47114,234
MATILLA DE LOS CAÑOS DEL RÍO,37450,234
MAYORGA,47680,234
MAZARAMBROZ,45114,234
MAZCUERRAS,39509,234
MEAÑO,36638,234
MEDINA DE RIOSECO,47800,234
MEDINA DEL CAMPO,47400,234
MEDINA-SIDONIA,11170,234
MEDIO CUDEYO,39619,234
MEGECES,47440,234
MEIS,36192,234
MEJORADA,45622,234
MELGAR DE ABAJO,47687,234
MELGAR DE ARRIBA,47686,234
MEMBRIBE DE LA SIERRA,37766,234
MENASALBAS,45120,234
MERUELO,39192,234
MESEGAR DE TAJO,45541,234
MIENGO,39310,234
MIERA,39723,234
MIEZA,37254,234
MIGUEL ESTEBAN,45830,234
MIRANDA DE AZÁN,37187,234
MIRANDA DEL CASTAÑAR,37660,234
MOAÑA,36950,234
MOCEJÓN,45270,234
MOGARRAZ,37610,234
MOHEDAS DE LA JARA,45276,234
MOJADOS,47250,234
MOLINILLO,37683,234
MOLLEDO,39420,234
MONASTERIO DE VEGA,47688,234
MONDARIZ,36870,234
MONDARIZ-BALNEARIO,36890,234
MONFORTE DE LA SIERRA,37618,234
MONLERAS,37171,234
MONSAGRO,37532,234
MONTEALEGRE DE CAMPOS,47816,234
MONTEARAGÓN,45685,234
MONTEJO,37787,234
MONTEMAYOR DE PILILLA,47320,234
MONTEMAYOR DEL RÍO,37727,234
MONTERRUBIO DE ARMUÑA,37798,234
MONTERRUBIO DE LA SIERRA,37781,234
MONTESCLAROS,45620,234
MONTOLIU DE LLEIDA,25172,234
MORA,45400,234
MORAL DE LA REINA,47691,234
MORALEJA DE LAS PANADERAS,47454,234
MORALES DE CAMPOS,47811,234
MORASVERDES,37590,234
MORAÑA,36660,234
MORCÍN,33161,234
MORILLE,37183,234
MORISCOS,37430,234
MORONTA,37216,234
MORÍÑIGO,37337,234
MOS,36311,234
MOTA DEL MARQUÉS,47120,234
MOZÁRBEZ,37183,234
MUCIENTES,47194,234
MURIEL,47219,234
MUROS DE NALÓN,33130,234
MÉNTRIDA,45930,234
MÉRIDA,06800,234
NAMBROCA,45190,234
NARROS DE MATALAYEGUA,37452,234
NAVA,33520,234
NAVA DE BÉJAR,37776,234
NAVA DE FRANCIA,37659,234
NAVA DE SOTROBAL,37850,234
NAVA DEL REY,47500,234
NAVACARROS,37716,234
NAVAHERMOSA,45150,234
NAVALCÁN,45610,234
NAVALES,37882,234
NAVALMORAL DE BÉJAR,37794,234
NAVALMORALEJO,45573,234
NAVAMORALES,37749,234
NAVAMORCUENDE,45630,234
NAVARREDONDA DE LA RINCONADA,37607,234
NAVASFRÍAS,37542,234
NAVIA,33710,234
NIGRÁN,36340,234
NOBLEJAS,45350,234
NOEZ,45162,234
NOJA,39180,234
NOMBELA,45917,234
NOREÑA,33180,234
NOVÉS,45519,234
NUEVA VILLA DE LAS TORRES,47464,234
NUMANCIA DE LA SAGRA,45230,234
NUÑO GÓMEZ,45644,234
O GROVE,36980,234
O PORRIÑO,36400,234
O ROSAL,36760,234
OCAÑA,45300,234
OIA,36309,234
OLIVA DE MÉRIDA,06475,234
OLIVARES DE DUERO,47359,234
OLMEDO,47410,234
OLMEDO DE CAMACES,37292,234
OLMOS DE ESGUEVA,47173,234
OLMOS DE PEÑAFIEL,47318,234
OLVERA,11690,234
OLÍAS DEL REY,45280,234
ONTÍGOLA,45340,234
ONÍS,33556,234
ORGAZ,45109,234
OROPESA,45560,234
OTERO,45543,234
OURENSE,32001,234
PAJARES DE LA LAGUNA,37428,234
PALACIOS DEL ARZOBISPO,37111,234
PALACIOSRUBIOS,37406,234
PALAZUELO DE VEDIJA,47812,234
PALOMEQUE,45213,234
PANTOJA,45290,234
PARADA DE ARRIBA,37129,234
PARADA DE RUBIALES,37419,234
PARADINAS DE SAN JUAN,37318,234
PAREDES DE ESCALONA,45908,234
PARRES,33509,234
PARRILLAS,45611,234
PASTORES,37510,234
PATERNA DE RIVERA,11178,234
PAZOS DE BORBÉN,36817,234
PEDRAJAS DE SAN ESTEBAN,47430,234
PEDRAZA DE ALBA,37882,234
PEDROSA DEL REY,47112,234
PEDROSILLO DE ALBA,37871,234
PEDROSILLO DE LOS AIRES,37788,234
PEDROSILLO EL RALO,37427,234
PELABRAVO,37181,234
PELAHUSTÁN,45918,234
PELARRODRÍGUEZ,37209,234
PELAYOS,37787,234
PENAGOS,39627,234
PEPINO,45638,234
PERALEJOS DE ABAJO,37216,234
PERALEJOS DE ARRIBA,37216,234
PEREÑA DE LA RIBERA,37175,234
PEROMINGO,37791,234
PESAGUERO,39572,234
PESOZ,33735,234
PESQUERA,39491,234
PESQUERA DE DUERO,47315,234
PEÑACABALLERA,37727,234
PEÑAFIEL,47300,234
PEÑAFLOR DE HORNIJA,47640,234
PEÑAMELLERA ALTA,33576,234
PEÑAMELLERA BAJA,33570,234
PEÑAPARDA,37523,234
PEÑARANDA DE BRACAMONTE,37300,234
PEÑARANDILLA,37820,234
PEÑARRUBIA,39580,234
PILOÑA,33530,234
PINEDAS,37712,234
PITIEGUA,37490,234
PIZARRAL,37795,234
PIÉLAGOS,39120,234
PIÑA DE ESGUEVA,47175,234
PIÑEL DE ABAJO,47316,234
PIÑEL DE ARRIBA,47316,234
POIO,36163,234
POLACIONES,39556,234
POLANCO,39312,234
POLLOS,47116,234
POLÁN,45161,234
PONGA,33557,234
PONTE CALDELAS,36820,234
PONTEAREAS,36685,234
PONTECESURES,36640,234
PORTAS,36652,234
PORTILLO,47160,234
POTES,39570,234
POVEDA DE LAS CINTAS,37406,234
POZAL DE GALLINAS,47450,234
POZALDEZ,47220,234
POZOS DE HINOJO,37216,234
POZUELO DE LA ORDEN,47831,234
PRADO DEL REY,11660,234
PRAVIA,33120,234
PROAZA,33112,234
PUEBLA DE AZABA,37552,234
PUEBLA DE SAN MEDEL,37791,234
PUEBLA DE YELTES,37606,234
PUENTE DEL CONGOSTO,37748,234
PUENTE VIESGO,39670,234
PUERTAS,37159,234
PUERTO DE BÉJAR,37720,234
PUERTO DE SAN VICENTE,45577,234
PUERTO REAL,11510,234
PUERTO SEGURO,37488,234
PUERTO SERRANO,11300,234
PUIGVERD DE LLEIDA,25153,234
PULGAR,45125,234
PURAS,47419,234
QUERO,45790,234
QUINTANAR DE LA ORDEN,45400,234
QUINTANILLA DE ARRIBA,47360,234
QUINTANILLA DE ONÉSIMO,47350,234
QUINTANILLA DE TRIGUEROS,47283,234
QUINTANILLA DEL MOLAR,47673,234
QUIRÓS,33115,234
QUISMONDO,45514,234
RAMALES DE LA VICTORIA,39800,234
RAMIRO,47453,234
RASINES,39860,234
RECAS,45211,234
REDONDELA,36320,234
REINOSA,39200,234
RENEDO DE ESGUEVA,47170,234
REOCÍN,39530,234
RETAMOSO DE LA JARA,45652,234
RETORTILLO,37219,234
RIBADEDEVA,33520,234
RIBADESELLA,33345,234
RIBADUMIA,36635,234
RIBAMONTÁN AL MAR,39140,234
RIBAMONTÁN AL MONTE,39793,234
RIBERA DE ARRIBA,33170,234
RIELVES,45524,234
RIONANSA,39553,234
RIOSA,33160,234
RIOTUERTO,39720,234
ROALES DE CAMPOS,47673,234
ROBLADILLO,47131,234
ROBLEDA,37521,234
ROBLEDO DEL MAZO,45674,234
ROBLIZA DE COJOS,37130,234
RODEIRO,36511,234
ROLLÁN,37447,234
ROTA,11520,234
ROTURAS,47316,234
RUBÍ DE BRACAMONTE,47494,234
RUEDA,47490,234
RUENTE,39510,234
RUESGA,39728,234
RUILOBA,39527,234
RÁBANO,47319,234
RÁGAMA,37318,234
SABADELL,08184,137
SAELICES DE MAYORGA,47689,234
SAELICES EL CHICO,37592,234
SALAS,33781,234
SALCEDA DE CASELAS,36460,234
SALDEANA,37259,234
SALMORAL,37314,234
SALVADOR DE ZAPARDIEL,47219,234
SALVATERRA DE MIÑO,36450,234
SALVATIERRA DE TORMES,37779,234
SAN BARTOLOMÉ DE LAS ABIERTAS,45654,234
SAN CEBRIÁN DE MAZOTE,47129,234
SAN CRISTÓBAL DE LA CUESTA,37439,234
SAN ESTEBAN DE LA SIERRA,37671,234
SAN FELICES DE BUELNA,39409,234
SAN FELICES DE LOS GALLEGOS,37270,234
SAN FERNANDO,11100,234
SAN JOSÉ DEL VALLE,11580,234
SAN LLORENTE,47317,234
SAN MARTÍN DE MONTALBÁN,45165,234
SAN MARTÍN DE OSCOS,33777,234
SAN MARTÍN DE PUSA,45170,234
SAN MARTÍN DE VALVENÍ,47209,234
SAN MARTÍN DEL CASTAÑAR,37659,234
SAN MARTÍN DEL REY AURELIO,33940,234
SAN MIGUEL DE AGUAYO,39491,234
SAN MIGUEL DE VALERO,37763,234
SAN MIGUEL DEL ARROYO,47164,234
SAN MIGUEL DEL PINO,47132,234
SAN MIGUEL DEL ROBLEDO,37659,234
SAN MORALES,37340,234
SAN MUÑOZ,37208,234
SAN PABLO DE LA MORALEJA,47219,234
SAN PABLO DE LOS MONTES,45120,234
SAN PEDRO DE LATARCE,47851,234
SAN PEDRO DE MÉRIDA,06893,234
SAN PEDRO DE ROZADOS,37183,234
SAN PEDRO DEL ROMERAL,39683,234
SAN PEDRO DEL VALLE,37170,234
SAN PELAYO,47129,234
SAN PELAYO DE GUAREÑA,37110,234
SAN ROMÁN DE HORNIJA,47530,234
SAN ROMÁN DE LOS MONTES,45646,234
SAN ROQUE,11310,234
SAN ROQUE DE RIOMIERA,39726,234
SAN SALVADOR,47134,234
SAN TIRSO DE ABRES,33774,234
SAN VICENTE DE LA BARQUERA,39540,234
SAN VICENTE DEL PALACIO,47493,234
SANCHOTELLO,37794,234
SANCHÓN DE LA RIBERA,37217,234
SANCHÓN DE LA SAGRADA,37466,234
SANDO,37460,234
SANLÚCAR DE BARRAMEDA,11311,234
SANTA ANA DE PUSA,45653,234
SANTA CRUZ DE BEZANA,39100,234
SANTA CRUZ DE LA ZARZA,45370,234
SANTA CRUZ DEL RETAMAR,45513,234
SANTA EUFEMIA DEL ARROYO,47811,234
SANTA EULALIA DE OSCOS,33776,234
SANTA MARTA DE TORMES,37900,234
SANTA MARÍA DE CAYÓN,39620,234
SANTA MARÍA DE SANDO,37468,234
SANTA OLALLA,45530,234
SANTERVÁS DE CAMPOS,47609,234
SANTIAGO DE LA PUEBLA,37311,234
SANTIBÁÑEZ DE BÉJAR,37740,234
SANTIBÁÑEZ DE LA SIERRA,37670,234
SANTIBÁÑEZ DE VALCORBA,47330,234
SANTILLANA DEL MAR,39314,234
SANTIURDE DE REINOSA,39490,234
SANTIURDE DE TORANZO,39689,234
SANTIZ,37110,234
SANTO ADRIANO,33115,234
SANTO DOMINGO-CAUDILLA,45526,234
SANTOVENIA DE PISUERGA,47155,234
SANTOÑA,39197,234
SANXENXO,36960,234
SARDÓN DE DUERO,47340,234
SARDÓN DE LOS FRAILES,37172,234
SARIEGO,33518,234
SARO,39639,234
SARROCA DE LLEIDA,25175,234
SARTAJADA,45632,234
SAUCELLE,37257,234
SEGURILLA,45621,234
SELAYA,39696,234
SEPULCRO-HILARIO,37638,234
SEQUEROS,37650,234
SERRADA,47231,234
SERRADILLA DEL ARROYO,37531,234
SERRADILLA DEL LLANO,37530,234
SESEÑA,45223,234
SETENIL DE LAS BODEGAS,11692,234
SEVILLEJA DE LA JARA,45671,234
SIERO,33010,234
SIETE IGLESIAS DE TRABANCOS,47511,234
SIETEIGLESIAS DE TORMES,37892,234
SILLEDA,36540,234
SIMANCAS,47130,234
SOBA,39728,234
SOBRADILLO,37246,234
SOBRESCOBIO,33993,234
SOLÓRZANO,39738,234
SOMIEDO,33840,234
SONSECA,45100,234
SORIHUELA,37777,234
SOTILLO DE LAS PALOMAS,45635,234
SOTO DEL BARCO,33125,234
SOTOSERRANO,37657,234
SOUTOMAIOR,36690,234
SUANCES,39340,234
TABERA DE ABAJO,37130,234
TALAVERA DE LA REINA,45600,234
TAMAMES,37600,234
TAMARIZ DE CAMPOS,47815,234
TAPIA DE CASARIEGO,33476,234
TARAMUNDI,33775,234
TARAZONA DE GUAREÑA,37409,234
TARDÁGUILA,37429,234
TARIFA,11380,234
TEJEDA Y SEGOYUELA,37607,234
TEMBLEQUE,45780,234
TENEBRÓN,37589,234
TERRADILLOS,37190,234
TEVERGA,33110,234
TIEDRA,47870,234
TINEO,33870,234
TOMIÑO,36470,234
TOPAS,37799,234
TORDEHUMOS,47830,234
TORDESILLAS,47100,234
TORDILLOS,37840,234
TORRALBA DE OROPESA,45569,234
TORRE ALHÁQUIME,11691,234
TORRE DE ESGUEVA,47183,234
TORRE DE PEÑAFIEL,47313,234
TORRECILLA DE LA ABADESA,47114,234
TORRECILLA DE LA JARA,45651,234
TORRECILLA DE LA ORDEN,47513,234
TORRECILLA DE LA TORRE,47129,234
TORRELAVEGA,39300,234
TORRELOBATÓN,47134,234
TORRESCÁRCELA,47313,234
TORRESMENUDAS,37110,234
TORRICO,45572,234
TORRIJOS,45500,234
TOTANÉS,45163,234
TRABANCA,37173,234
TRASPINEDO,47330,234
TREBUJENA,11560,234
TREMEDAL DE TORMES,37148,234
TRESVISO,39580,234
TRIGUEROS DEL VALLE,47282,234
TUDANCA,39555,234
TUDELA DE DUERO,47161,234
TUI,36460,234
TURLEQUE,45789,234
UBRIQUE,11600,234
UDÍAS,39507,234
UGENA,45217,234
URDA,45480,234
URONES DE CASTROPONCE,47671,234
URUEÑA,47862,234
VAL DE SAN VICENTE,39548,234
VALBUENA DE DUERO,47359,234
VALDEARCOS DE LA VEGA,47317,234
VALDECARROS,37881,234
VALDECUENCA,44122,234
VALDEFUENTES DE SANGUSÍN,37680,234
VALDEHIJADEROS,37713,234
VALDELACASA,37791,234
VALDELAGEVE,37724,234
VALDELOSA,37799,234
VALDEMIERQUE,37891,234
VALDENEBRO DE LOS VALLES,47816,234
VALDEOLEA,39410,234
VALDEPRADO DEL RÍO,39248,234
VALDERREDIBLE,39220,234
VALDERRODRIGO,37256,234
VALDESTILLAS,47240,234
VALDEVERDEJA,45572,234
VALDUNCIEL,37798,234
VALDUNQUILLO,47672,234
VALDÁLIGA,39528,234
VALDÉS,33700,234
VALERO,37764,234
VALGA,36645,234
VALLE DE VILLAVERDE,39880,234
VALLEJERA DE RIOFRÍO,37717,234
VALMOJADO,45940,234
VALORIA LA BUENA,47200,234
VALSALABROSO,37214,234
VALVERDE DE CAMPOS,47690,234
VALVERDE DE MÉRIDA,06890,234
VALVERDE DE VALDELACASA,37791,234
VALVERDÓN,37115,234
VECINOS,37450,234
VEGA DE LIÉBANA,39575,234
VEGA DE PAS,39682,234
VEGA DE RUIPONCE,47609,234
VEGA DE TIRADOS,37115,234
VEGA DE VALDETRONCO,47133,234
VEGADEO,33770,234
VEJER DE LA FRONTERA,11150,234
VELADA,45612,234
VELASCÁLVARO,47463,234
VELILLA,47114,234
VELLIZA,47131,234
VENTOSA DE LA CUESTA,47232,234
VENTOSA DEL RÍO ALMAR,37329,234
VIANA DE CEGA,47150,234
VILA DE CRUCES,36580,234
VILABOA,36140,234
VILAGARCÍA DE AROUSA,36600,234
VILANOVA DE AROUSA,36614,234
VILLABARUZ DE CAMPOS,47815,234
VILLABRÁGIMA,47820,234
VILLABÁÑEZ,47329,234
VILLACARRALÓN,47609,234
VILLACARRIEDO,39639,234
VILLACAÑAS,45860,234
VILLACID DE CAMPOS,47607,234
VILLACO,47181,234
VILLAESCUSA,39690,234
VILLAFLORES,37406,234
VILLAFRADES DE CAMPOS,47606,234
VILLAFRANCA DE DUERO,47529,234
VILLAFRANCA DE LOS CABALLEROS,45730,234
VILLAFRECHÓS,47810,234
VILLAFUERTE,47180,234
VILLAFUFRE,39630,234
VILLAGARCÍA DE CAMPOS,47840,234
VILLAGONZALO DE TORMES,37893,234
VILLAGÓMEZ LA NUEVA,47608,234
VILLALAR DE LOS COMUNEROS,47111,234
VILLALBA DE LA LOMA,47689,234
VILLALBA DE LOS ALCORES,47639,234
VILLALBA DE LOS LLANOS,37446,234
VILLALBARBA,47113,234
VILLALUENGA DE LA SAGRA,45520,234
VILLALUENGA DEL ROSARIO,11611,234
VILLALÁN DE CAMPOS,47675,234
VILLALÓN DE CAMPOS,47600,234
VILLAMARTÍN,11650,234
VILLAMAYOR,37185,234
VILLAMINAYA,45440,234
VILLAMUELAS,45749,234
VILLAMURIEL DE CAMPOS,47814,234
VILLANUBLA,47620,234
VILLANUEVA DE ALCARDETE,45810,234
VILLANUEVA DE BOGAS,45410,234
VILLANUEVA DE DUERO,47239,234
VILLANUEVA DE LA CONDESA,47608,234
VILLANUEVA DE LOS CABALLEROS,47850,234
VILLANUEVA DE OSCOS,33777,234
VILLANUEVA DE SAN MANCIO,47813,234
VILLANUEVA DEL CONDE,37658,234
VILLAR DE ARGAÑÁN,37497,234
VILLAR DE CIERVO,37488,234
VILLAR DE GALLIMAZO,37320,234
VILLAR DE LA YEGUA,37488,234
VILLAR DE PERALONSO,37147,234
VILLAR DE SAMANIEGO,37217,234
VILLARDEFRADES,47860,234
VILLAREJO DE MONTALBÁN,45179,234
VILLARES DE LA REINA,37184,234
VILLARES DE YELTES,37267,234
VILLARINO DE LOS AIRES,37160,234
VILLARMAYOR,37130,234
VILLARMENTERO DE ESGUEVA,47172,234
VILLARMUERTO,37217,234
VILLARRUBIA DE SANTIAGO,45360,234
VILLASBUENAS,37256,234
VILLASDARDO,37468,234
VILLASECA DE LA SAGRA,45260,234
VILLASECO DE LOS GAMITOS,37114,234
VILLASECO DE LOS REYES,37140,234
VILLASEQUILLA,45740,234
VILLASEXMIR,47134,234
VILLASRUBIAS,37522,234
VILLATOBAS,45310,234
VILLAVAQUERÍN,47329,234
VILLAVELLID,47883,234
VILLAVERDE DE GUAREÑA,37428,234
VILLAVERDE DE MEDINA,47465,234
VILLAVICENCIO DE LOS CABALLEROS,47676,234
VILLAVICIOSA,33300,234
VILLAVIEJA DE YELTES,37260,234
VILLAYÓN,33717,234
VILLORIA,37339,234
VILLORUELA,37338,234
VILLÁN DE TORDESILLAS,47131,234
VILORIA,47166,234
VILVESTRE,37258,234
VITIGUDINO,37210,234
VOTO,39761,234
WAMBA,47190,234
YECLA DE YELTES,37219,234
YELES,45220,234
YEPES,45313,234
YERNES Y TAMEZA,33826,234
YUNCLER,45529,234
YUNCLILLOS,45591,234
YUNCOS,45210,234
ZAHARA,11688,234
ZAMARRA,37591,234
ZAMAYÓN,37110,234
ZARAPICOS,37170,234
ZARATÁN,47610,234
ZORITA DE LA FRONTERA,37408,234
ÍSCAR,47420,234
LUGO,27001,217
ABADES,40141,201
ABAJAS,09141,201
ABENGIBRE,02250,201
ABLA,04510,201
ABRUCENA,04520,201
ACEBEDO,24994,201
ADRA,04770,201
ADRADA DE HAZA,09462,201
ADRADA DE PIRÓN,40192,201
ADRADOS,40354,201
AGONCILLO,26160,201
AGUAS CÁNDIDAS,09593,201
AGUILAFUENTE,40340,201
AGUILAR DE BUREBA,09249,201
AGUILAR DEL RÍO ALHAMA,26530,201
AGULLANA,17707,201
AIGUAMÚRCIA,43714,201
AIGUAVIVA,17181,201
AJAMIL DE CAMEROS,26133,201
ALATOZ,02152,201
ALBANYÀ,17733,201
ALBATANA,02653,201
ALBERITE,26130,201
ALBILLOS,09239,201
ALBINYANA,43716,201
ALBOLODUY,04531,201
ALBONS,17136,201
ALBOREA,02215,201
ALBOX,04600,201
ALBÁNCHEZ,04857,201
ALCADOZO,02124,201
ALCALÁ DEL JÚCAR,02210,201
ALCANADRE,26509,201
ALCANAR,43530,201
ALCARAZ,02300,201
ALCOCERO DE MOLA,09258,201
ALCOLEA,04480,201
ALCONADA DE MADERUELO,40529,201
ALCOVER,43460,201
ALCUDIA DE MONTEAGUD,04276,201
ALCÓNTAR,04897,201
ALDEA REAL,40292,201
ALDEALCORVO,40389,201
ALDEALENGUA DE PEDRAZA,40162,201
ALDEALENGUA DE SANTA MARÍA,40555,201
ALDEANUEVA DE EBRO,26559,201
ALDEANUEVA DE GUADALAJARA,19152,201
ALDEANUEVA DE LA SERREZUELA,40532,201
ALDEANUEVA DEL CODONAL,40462,201
ALDEASOÑA,40235,201
ALDEHORNO,40533,201
ALDEHUELA DEL CODONAL,40462,201
ALDEONTE,40530,201
ALDOVER,43591,201
ALESANCO,26324,201
ALESÓN,26315,201
ALFARA DE CARLES,43528,201
ALFARO,26540,201
ALFORJA,43365,201
ALFOZ DE BRICIA,09233,201
ALFOZ DE QUINTANADUEÑAS,09131,201
ALFOZ DE SANTA GADEA,09571,201
ALGADEFE,24238,201
ALHABIA,04567,201
ALICÚN,04409,201
ALIJA DEL INFANTADO,24761,201
ALIÓ,43813,201
ALMANSA,02640,201
ALMANZA,24170,201
ALMARZA DE CAMEROS,26100,201
ALMOSTER,43393,201
ALMÓCITA,04458,201
ALP,17537,201
ALPERA,02690,201
ALSODUX,04568,201
ALTABLE,09219,201
ALTAFULLA,43893,201
AMER,17170,201
AMEYUGO,09219,201
AMPOSTA,43549,201
ANAYA,40121,201
ANGLÈS,17160,201
ANGUCIANA,26210,201
ANGUIANO,26322,201
ANGUIX,09312,201
ANTAS,04628,201
ARAHUETES,40173,201
ARANDA DE DUERO,02410,201
ARANDILLA,09410,201
ARAUZO DE MIEL,09451,201
ARAUZO DE SALCE,09451,201
ARAUZO DE TORRE,09451,201
ARBOLEAS,04660,201
ARBOLÍ,43365,201
ARBÚCIES,17401,201
ARCONES,40164,201
ARCOS,09195,201
ARDÓN,24223,201
ARENILLAS DE RIOPISUERGA,09107,201
ARENZANA DE ABAJO,26311,201
ARENZANA DE ARRIBA,26312,201
AREVALILLO DE CEGA,40185,201
ARGANZA,24410,201
ARGELAGUER,17853,201
ARIJA,09570,201
ARLANZÓN,09199,201
ARMUÑA,40191,201
ARMUÑA DE ALMANZORA,04888,201
ARNEDILLO,26585,201
ARNEDO,26250,201
ARNES,43495,201
ARRAYA DE OCA,09292,201
ARRÚBAL,26151,201
ASCÓ,43791,201
ASTORGA,24700,201
ATAPUERCA,09199,201
AUSEJO,26513,201
AUTOL,26560,201
AVELLANOSA DE MUÑÓ,09345,201
AVINYONET DE PUIGVENTÓS,17742,201
AYLLÓN,40512,201
AYNA,02124,201
AZOFRA,26323,201
AÑE,40492,201
BACARES,04889,201
BADARÁN,26310,201
BAHABÓN DE ESGUEVA,09350,201
BALANEGRA,04713,201
BALAZOTE,02320,201
BALBOA,24525,201
BALSA DE VES,02213,201
BANYERES DEL PENEDÈS,43711,201
BANYOLES,17820,201
BARBADILLO DE HERREROS,09615,201
BARBADILLO DEL MERCADO,09613,201
BARBADILLO DEL PEZ,09614,201
BARBERÀ DE LA CONCA,43422,201
BARBOLLA,40530,201
BARJAS,24521,201
BARRAX,02639,201
BARRIO DE MUÑÓ,09226,201
BARRIOS DE COLINA,09199,201
BASARDILLA,40180,201
BASCONCILLOS DEL TOZO,09125,201
BASCUÑANA,09259,201
BATEA,43786,201
BAYARQUE,04888,201
BAYÁRCAL,04479,201
BAÑARES,26257,201
BAÑOS DE RIOJA,26241,201
BAÑOS DE RÍO TOBÍA,26320,201
BAÑOS DE VALDEARADOS,09450,201
BAÑUELOS DE BUREBA,09248,201
BEGUR,17213,201
BEIRES,04458,201
BELBIMBRE,09226,201
BELLCAIRE D'EMPORDÀ,17141,201
BELLMUNT DEL PRIORAT,43738,201
BELLPRAT,43421,201
BELLVEI,43719,201
BELORADO,09248,201
BEMBIBRE,24300,201
BENAHADUX,04410,201
BENAVIDES,24280,201
BENIFALLET,43512,201
BENISSANET,43747,201
BENITAGLA,04276,201
BENIZALÓN,04274,201
BENTARIQUE,04569,201
BENUZA,24388,201
BERCEO,26327,201
BERCIAL,40144,201
BERCIANOS DEL PÁRAMO,24249,201
BERCIANOS DEL REAL CAMINO,24325,201
BERCIMUEL,40550,201
BERGASA,26588,201
BERGASILLAS BAJERA,26588,201
BERJA,04760,201
BERLANGA DEL BIERZO,24438,201
BERLANGAS DE ROA,09316,201
BERNARDOS,40430,201
BERNUY DE PORREROS,40190,201
BERZOSA DE BUREBA,09245,201
BESALÚ,17850,201
BESCANÓ,17162,201
BEUDA,17850,201
BEZARES,26312,201
BIENSERVIDA,02360,201
BIURE,17723,201
BLANCAFORT,43411,201
BLANES,17300,201
BOADELLA I LES ESCAULES,17723,201
BOBADILLA,26321,201
BOCA DE HUÉRGANO,24885,201
BOCEGUILLAS,40560,201
BOGARRA,02130,201
BOLLULLOS PAR DEL CONDADO,02170,201
BOLVIR,17539,201
BONASTRE,43884,201
BONETE,02691,201
BORDILS,17462,201
BORRASSÀ,17700,201
BORRENES,24443,201
BOT,43785,201
BOTARELL,43772,201
BOZOÓ,09214,201
BOÑAR,24257,201
BRAZACORTA,09490,201
BRAZUELO,24714,201
BREDA,17400,201
BRIEVA,40180,201
BRIEVA DE CAMEROS,26322,201
BRIONES,26330,201
BRIVIESCA,09240,201
BRIÑAS,26290,201
BRUNYOLA,17441,201
BRÀFIM,43812,201
BUGEDO,09293,201
BUNIEL,09230,201
BURÓN,24917,201
BUSTILLO DEL PÁRAMO,24248,201
BUSTO DE BUREBA,09244,201
BÀSCARA,17468,201
BÉDAR,04288,201
CABACÉS,43373,201
CABALLAR,40182,201
CABANELLES,17746,201
CABAÑAS DE POLENDOS,40392,201
CABAÑAS RARAS,24212,201
CABAÑES DE ESGUEVA,09350,201
CABEZUELA,40396,201
CABEZÓN DE CAMEROS,26135,201
CABEZÓN DE LA SIERRA,09612,201
CABRA DEL CAMP,43811,201
CABREROS DEL RÍO,24224,201
CABRILLANES,24141,201
CACABELOS,24540,201
CADAQUÉS,17488,201
CALABAZAS DE FUENTIDUEÑA,40356,201
CALAFELL,43820,201
CALAHORRA,26500,201
CALDES DE MALAVELLA,17455,201
CALERUEGA,09451,201
CALONGE,17251,201
CALZADA DEL COTO,24342,201
CAMALLERA I LLAMPAIES SAUS,17465,201
CAMARLES,43894,201
CAMBRILS,43850,201
CAMPAZAS,24221,201
CAMPDEVÀNOL,17530,201
CAMPELLES,17534,201
CAMPILLO DE ARANDA,09493,201
CAMPLLONG,17459,201
CAMPO DE SAN PEDRO,40551,201
CAMPO DE VILLAVIDEL,24225,201
CAMPOLARA,09650,201
CAMPONARAYA,24410,201
CAMPRODON,17867,201
CAMPROVÍN,26311,201
CAMÓS,17834,201
CANALES DE LA SIERRA,26329,201
CANDÍN,24433,201
CANET D'ADRI,17199,201
CANICOSA DE LA SIERRA,09692,201
CANILLAS DE RÍO TUERTO,26325,201
CANJÁYAR,04450,201
CANTABRANA,09593,201
CANTALEJO,40320,201
CANTALLOPS,17708,201
CANTIMPALOS,40360,201
CANTORIA,04815,201
CAPAFONTS,43364,201
CAPMANY,17750,201
CAPÇANES,43776,201
CARAZO,09611,201
CARBONERAS,04140,201
CARBONERO EL MAYOR,40270,201
CARCEDO DE BUREBA,09246,201
CARCELÉN,02153,201
CARDEÑADIJO,09194,201
CARDEÑAJIMENO,09193,201
CARDEÑUELA RIOPICO,09192,201
CARRACEDELO,24390,201
CARRASCAL DEL RÍO,40331,201
CARRIAS,09248,201
CARRIZO,24270,201
CARROCERA,24123,201
CARUCEDO,24440,201
CASALARREINA,26230,201
CASAR DE CÁCERES,10190,201
CASAS DE BENÍTEZ,02636,201
CASAS DE JUAN NÚÑEZ,02151,201
CASAS DE LÁZARO,02329,201
CASAS DE VES,02212,201
CASAS-IBÁÑEZ,02200,201
CASCAJARES DE BUREBA,09280,201
CASCAJARES DE LA SIERRA,09640,201
CASERES,43787,201
CASLA,40590,201
CASSÀ DE LA SELVA,17244,201
CASTAÑARES DE RIOJA,26240,201
CASTELL-PLATJA D'ARO,17248,201
CASTELLANOS DE CASTRO,09227,201
CASTELLFOLLIT DE LA ROCA,17856,201
CASTELLVELL DEL CAMP,43392,201
CASTELLÓ D'EMPÚRIES,17486,201
CASTELLÓN DE LA PLANA/CASTELLÓ DE LA PLANA,12001,201
CASTIL DE PEONES,09258,201
CASTILDELGADO,09259,201
CASTILFALÉ,24206,201
CASTRILLO DE CABRERA,24742,201
CASTRILLO DE LA REINA,09691,201
CASTRILLO DE LA VALDUERNA,24721,201
CASTRILLO DE LA VEGA,09391,201
CASTRILLO DE RIOPISUERGA,09108,201
CASTRILLO DEL VAL,09193,201
CASTRILLO MOTA DE JUDÍOS,09107,201
CASTRO DE FILABRES,04212,201
CASTRO DE FUENTIDUEÑA,40315,201
CASTROCALBÓN,24760,201
CASTROCONTRIGO,24734,201
CASTROJERIZ,09109,201
CASTROJIMENO,40315,201
CASTROPODAME,24314,201
CASTROSERNA DE ABAJO,40318,201
CASTROSERRACÍN,40316,201
CASTROTIERRA DE VALMADRIGAL,24323,201
CASTROVIEJO,26315,201
CAUDETE,02660,201
CAVIA,09239,201
CAYUELA,09239,201
CAÑAS,26325,201
CEA,24172,201
CEBANICO,24170,201
CEBRECOS,09348,201
CEBRONES DEL RÍO,24769,201
CEDILLO DE LA TORRE,40550,201
CELADA DEL CAMINO,09226,201
CELLORIGO,26212,201
CELRÀ,17460,201
CENICERO,26350,201
CENIZATE,02247,201
CEREZO DE ABAJO,40591,201
CEREZO DE ARRIBA,40592,201
CEREZO DE RÍO TIRÓN,09270,201
CERRATÓN DE JUARROS,09292,201
CERVERA DEL RÍO ALHAMA,26520,201
CERVIÀ DE TER,17464,201
CHAÑE,40216,201
CHERCOS,04859,201
CHINCHILLA DE MONTE-ARAGÓN,02156,201
CHIRIVEL,04825,201
CHOZAS DE ABAJO,24231,201
CIADONCHA,09228,201
CIDAMÓN,26291,201
CIHURI,26210,201
CILLAPERLATA,09213,201
CILLERUELO DE ABAJO,09349,201
CILLERUELO DE ARRIBA,09349,201
CILLERUELO DE SAN MAMÉS,40551,201
CIMANES DE LA VEGA,24239,201
CIMANES DEL TEJAR,24272,201
CIRUELOS DE CERVERA,09610,201
CIRUEÑA,26258,201
CISTELLA,17741,201
CISTIERNA,24800,201
CLAVIJO,26130,201
COBOS DE FUENTIDUEÑA,40332,201
COCA,40480,201
CODORNIZ,40463,201
COGOLLOS,09320,201
COLERA,17496,201
COLLADO HERMOSO,40170,201
COLLDEJOU,43310,201
COLOMERS,17144,201
CONDADO DE CASTILNOVO,40318,201
CONESA,43427,201
CONGOSTO,24398,201
CONSTANTÍ,43120,201
CONTRERAS,09613,201
CORBERA D'EBRE,43784,201
CORBILLOS DE LOS OTEROS,24225,201
CORDOVÍN,26311,201
CORERA,26144,201
CORNAGO,26526,201
CORNELLÀ DEL TERRI,17844,201
CORNUDELLA DE MONTSANT,43360,201
CORPORALES,26259,201
CORRAL DE AYLLÓN,40529,201
CORRAL-RUBIO,02693,201
CORULLÓN,24514,201
CORUÑA DEL CONDE,09410,201
CORÇÀ,17121,201
COTILLAS,02461,201
COVARRUBIAS,09346,201
COZUELOS DE FUENTIDUEÑA,40354,201
CREIXELL,43839,201
CRESPIÀ,17832,201
CRÉMENES,24960,201
CUADROS,24122,201
CUBILLAS DE LOS OTEROS,24224,201
CUBILLAS DE RUEDA,24161,201
CUBILLO,40185,201
CUBILLO DEL CAMPO,09352,201
CUBILLOS DEL SIL,24492,201
CUBO DE BUREBA,09251,201
CUEVAS DE PROVANCO,40239,201
CUEVAS DE SAN CLEMENTE,09641,201
CUEVAS DEL ALMANZORA,04610,201
CUNIT,43881,201
CUZCURRITA DE RÍO TIRÓN,26214,201
CUÉLLAR,40200,201
CÁCERES,10000,201
CÁRDENAS,26311,201
CÁRMENES,24837,201
CÓBDAR,04859,201
DALÍAS,04750,201
DARNIUS,17722,201
DAROCA DE RIOJA,26373,201
DAS,17538,201
DELTEBRE,43580,201
DESTRIANA,24730,201
DOMINGO GARCÍA,40495,201
DONHIERRO,40469,201
DUESAIGÜES,43773,201
DURUELO,40312,201
EL BALLESTERO,02614,201
EL BONILLO,02610,201
EL BURGO RANERO,24343,201
EL CATLLAR,43150,201
EL EJIDO,04700,201
EL ESPINAR,40400,201
EL FAR D'EMPORDÀ,17469,201
EL LLOAR,43737,201
EL MASROIG,43736,201
EL MILÀ,43143,201
EL MONTMELL,43714,201
EL MORELL,43760,201
EL PERELLÓ,43519,201
EL PINELL DE BRAI,43594,201
EL PLA DE SANTA MARIA,43810,201
EL PONT D'ARMENTERA,43817,201
EL PORT DE LA SELVA,17489,201
EL RASILLO DE CAMEROS,26124,201
EL REDAL,26146,201
EL ROURELL,43142,201
EL VENDRELL,43700,201
EL VILLAR DE ARNEDO,26511,201
EL VILOSELL,24457,201
ELS GARIDELLS,43153,201
ELS GUIAMETS,43777,201
ELS PALLARESOS,43151,201
ENCINAS,40531,201
ENCINEDO,24150,201
ENCINILLAS,40391,201
ENCISO,26586,201
ENCÍO,09219,201
ENIX,04729,201
ENTRENA,26375,201
ESCALONA DEL PRADO,40350,201
ESCARABAJOSA DE CABEZAS,40291,201
ESCOBAR DE CAMPOS,24341,201
ESCOBAR DE POLENDOS,40392,201
ESPINELVES,17405,201
ESPINOSA DE CERVERA,09610,201
ESPINOSA DE LOS MONTEROS,09560,201
ESPINOSA DEL CAMINO,09258,201
ESPIRDO,40191,201
ESPOLLA,17753,201
ESPONELLÀ,17832,201
ESTEPONA,02395,201
ESTOLLO,26328,201
ESTÉPAR,09230,201
EZCARAY,26280,201
FABERO,24420,201
FALSET,43730,201
FELIX,04728,201
FIGUERES,17484,201
FIGUEROLA DEL CAMP,43811,201
FINES,04869,201
FIÑANA,04500,201
FLAÇÀ,17463,201
FLIX,43750,201
FOIXÀ,17132,201
FOLGOSO DE LA RIBERA,24310,201
FONCEA,26211,201
FONDÓN,04460,201
FONTANALS DE CERDANYA,17538,201
FONTANILLES,17257,201
FONTCOBERTA,17833,201
FONTIOSO,09349,201
FONZALECHE,26211,201
FORALLAC,17110,201
FORNELLS DE LA SELVA,17458,201
FORTIÀ,17469,201
FORÈS,43425,201
FRANDOVÍNEZ,09230,201
FREGINALS,43558,201
FRESNEDA DE CUÉLLAR,40217,201
FRESNEDA DE LA SIERRA TIRÓN,09267,201
FRESNEÑA,09259,201
FRESNILLO DE LAS DUEÑAS,09491,201
FRESNO DE CANTESPINO,40418,201
FRESNO DE LA FUENTE,40540,201
FRESNO DE LA VEGA,24223,201
FRESNO DE RODILLA,09290,201
FRESNO DE RÍO TIRÓN,09272,201
FRUMALES,40298,201
FRÍAS,09211,201
FUENLABRADA,28941,133
FUENLABRADA DE LOS MONTES,06660,201
FUENMAYOR,26360,201
FUENSANTA,02637,201
FUENTE DE SANTA CRUZ,40496,201
FUENTE EL OLMO DE FUENTIDUEÑA,40359,201
FUENTE EL OLMO DE ÍSCAR,40218,201
FUENTE-ÁLAMO,02651,201
FUENTEALBILLA,02249,201
FUENTEBUREBA,09244,201
FUENTECÉN,09315,201
FUENTELCÉSPED,09471,201
FUENTELISENDO,09318,201
FUENTEMOLINOS,09315,201
FUENTENEBRO,09461,201
FUENTEPELAYO,40260,201
FUENTEPIÑEL,40358,201
FUENTERREBOLLO,40330,201
FUENTES DE CARBAJAL,24206,201
FUENTESAÚCO DE FUENTIDUEÑA,40355,201
FUENTESOTO,40314,201
FUENTESPINA,09471,201
FUENTIDUEÑA,40357,201
FÉREZ,02436,201
GALBARROS,09247,201
GALBÁRRULI,26212,201
GALILEA,26144,201
GALLEGOS,40162,201
GALLINERO DE CAMEROS,26122,201
GANDESA,43780,201
GARCIA,43749,201
GARCILLÁN,40120,201
GARRAFE DE TORÍO,24820,201
GARRIGOLES,17466,201
GARRIGUELLA,17780,201
GARRIGÀS,17476,201
GARRUCHA,04630,201
GER,17539,201
GIMILEO,26221,201
GINESTAR,43748,201
GODALL,43516,201
GOLOSALVO,02253,201
GOMBRÈN,17531,201
GOMEZSERRACÍN,40240,201
GORDALIZA DEL PINO,24325,201
GORDONCILLO,24294,201
GRADEFES,24160,201
GRAJAL DE CAMPOS,24340,201
GRAJERA,40569,201
GRATALLOPS,43737,201
GRAÑÓN,26259,201
GRIJALBA,09128,201
GRISALEÑA,09245,201
GRÁVALOS,26587,201
GUADALAJARA,19001,201
GUALTA,17257,201
GUILS DE CERDANYA,17528,201
GUMIEL DE IZÁN,09370,201
GUMIEL DE MERCADO,09443,201
GUSENDOS DE LOS OTEROS,24209,201
GÁDOR,04560,201
GÉRGAL,04450,201
HACINAS,09611,201
HARO,26200,201
HAZA,09463,201
HELLÍN,02400,201
HERCE,26584,201
HERRAMÉLLURI,26213,201
HERVÍAS,26257,201
HIGUERUELA,02690,201
HONRUBIA DE LA CUESTA,40541,201
HONTALBILLA,40353,201
HONTANARES DE ERESMA,40490,201
HONTANAS,09227,201
HONTANGAS,09462,201
HONTORIA DE LA CANTERA,09351,201
HONTORIA DE VALDEARADOS,09450,201
HONTORIA DEL PINAR,09619,201
HORMILLA,26323,201
HORMILLEJA,26223,201
HORNILLOS DE CAMEROS,26133,201
HORNILLOS DEL CAMINO,09230,201
HORNOS DE MONCALVILLO,26372,201
HORTA DE SANT JOAN,43596,201
HORTIGÜELA,09640,201
HOSPITAL DE ÓRBIGO,24286,201
HOSTALRIC,17450,201
HOYA-GONZALO,02696,201
HOYALES DE ROA,09316,201
HUERTA DE ARRIBA,09614,201
HUERTA DE REY,09430,201
HUMADA,09124,201
HURONES,09191,201
HUÉCIJA,04409,201
HUÉRCAL-OVERA,04600,201
HUÉRCANOS,26314,201
HUÉRMECES,09125,201
IBEAS DE JUARROS,09128,201
IBRILLOS,09259,201
IGEA,26525,201
IGLESIARRUBIA,09345,201
IGLESIAS,09227,201
IGÜEÑA,24312,201
INSTINCIÓN,04430,201
ISAR,09133,201
ISÒVOL,17539,201
ITERO DEL CASTILLO,09107,201
ITUERO Y LAMA,40151,201
IZAGRE,24293,201
JAFRE,17143,201
JALÓN DE CAMEROS,26134,201
JARAMILLO DE LA FUENTE,09640,201
JARAMILLO QUEMADO,09640,201
JOARILLA DE LAS MATAS,24324,201
JORQUERA,02248,201
JUARROS DE RIOMOROS,40131,201
JUARROS DE VOLTOYA,40445,201
JUIÀ,17462,201
JUNTA DE TRASLALOMA,09510,201
JUNTA DE VILLALBA DE LOSA,09511,201
JURISDICCIÓN DE LARA,09640,201
L' ALBIOL,43479,201
L' ALDEA,43896,201
L' ALEIXAR,43381,201
L' AMETLLA DE MAR,43860,201
L' AMPOLLA,43895,201
L' ARBOÇ,43720,201
L' ARGENTERA,43773,201
L' ARMENTERA,17472,201
L' ESCALA,17130,201
L' ESPLUGA DE FRANCOLÍ,43440,201
LA ANTIGUA,24796,201
LA BAÑEZA,24750,201
LA BISBAL D'EMPORDÀ,17100,201
LA BISBAL DE FALSET,43372,201
LA BISBAL DEL PENEDÈS,43717,201
LA CANONJA,43110,201
LA CELLERA DE TER,17165,201
LA CUEVA DE ROA,09315,201
LA ERCINA,24870,201
LA FATARELLA,43781,201
LA FEBRÓ,43364,201
LA FIGUERA,43736,201
LA GALERA,43515,201
LA GALLEGA,09612,201
LA GINETA,02110,201
LA HERRERA,02162,201
LA HORRA,09311,201
LA JONQUERA,17700,201
LA LASTRILLA,40196,201
LA LOSA,40420,201
LA MASÓ,43143,201
LA MATILLA,40175,201
LA MOJONERA,04745,201
LA MORERA DE MONTSANT,43361,201
LA NOU DE GAIÀ,43763,201
LA PERA,17120,201
LA POBLA DE MAFUMET,43140,201
LA POBLA DE MONTORNÈS,43761,201
LA POLA DE GORDÓN,24600,201
LA PUEBLA DE ARGANZÓN,09294,201
LA RECUEJA,02249,201
LA REVILLA Y AHEDO,09163,201
LA RIBA,43450,201
LA RIERA DE GAIÀ,43762,201
LA ROBLA,24640,201
LA RODA,02630,201
LA SECUITA,43154,201
LA SELVA DE MAR,17489,201
LA SELVA DEL CAMP,43470,201
LA SEQUERA DE HAZA,09462,201
LA SÉNIA,43560,201
LA TALLADA D'EMPORDÀ,17134,201
LA TORRE DE FONTAUBELLA,43774,201
LA TORRE DE L'ESPANYOL,43792,201
LA VAJOL,17707,201
LA VALL D'EN BAS,17176,201
LA VALL DE BIANYA,17813,201
LA VECILLA,24840,201
LA VID DE BUREBA,09249,201
LA VID Y BARRIOS,09471,201
LA VILELLA ALTA,43375,201
LA VILELLA BAIXA,43374,201
LABAJOS,40146,201
LAGUNA DALGA,24248,201
LAGUNA DE CAMEROS,26135,201
LAGUNA DE CONTRERAS,40236,201
LAGUNA DE NEGRILLOS,24234,201
LAGUNILLA DEL JUBERA,26131,201
LANGUILLA,40556,201
LARDERO,26140,201
LAROYA,04868,201
LAS HORMAZAS,09133,201
LAS OMAÑAS,24273,201
LAS QUINTANILLAS,09131,201
LAS TRES VILLAS,04530,201
LASTRAS DE CUÉLLAR,40352,201
LASTRAS DEL POZO,40142,201
LEDESMA DE LA COGOLLA,26321,201
LEIVA,26213,201
LERMA,09340,201
LES BORGES DEL CAMP,43350,201
LES LLOSSES,17512,201
LES PILES,43428,201
LES PLANES D'HOSTOLES,17172,201
LES PRESES,17178,201
LETUR,02434,201
LEZA DE RÍO LEZA,26132,201
LEZUZA,02160,201
LIÉTOR,02124,201
LLADÓ,17745,201
LLAGOSTERA,17240,201
LLAMAS DE LA RIBERA,24271,201
LLAMBILLES,17243,201
LLANARS,17869,201
LLANO DE BUREBA,09246,201
LLANÇÀ,17490,201
LLERS,17730,201
LLORAC,43427,201
LLORENÇ DEL PENEDÈS,43712,201
LLORET DE MAR,17310,201
LLÍVIA,17527,201
LOS ALTOS,09146,201
LOS AUSINES,09194,201
LOS BALBASES,09119,201
LOS BARRIOS DE BUREBA,09246,201
LOS BARRIOS DE LUNA,24148,201
LOS GALLARDOS,04280,201
LOS HUERTOS,40490,201
LUBRÍN,04271,201
LUCAINENA DE LAS TORRES,04114,201
LUCILLO,24717,201
LUMBRERAS,26126,201
LUYEGO,24717,201
LÁUJAR DE ANDARAX,04470,201
LÍJAR,04859,201
LÚCAR,04877,201
MACAEL,04867,201
MADERUELO,40554,201
MADREMANYA,17462,201
MADRIGAL DEL MONTE,09320,201
MADRIGALEJO DEL MONTE,09330,201
MADRIGUERAS,02230,201
MAGAZ DE CEPEDA,24396,201
MAHAMUD,09228,201
MAHORA,02240,201
MAIÀ DE MONTCAL,17851,201
MALPARTIDA DE CÁCERES,10910,201
MAMBRILLA DE CASTREJÓN,09317,201
MAMBRILLAS DE LARA,09640,201
MAMOLAR,09612,201
MANCILES,09133,201
MANJARRÉS,26315,201
MANSILLA DE LA SIERRA,26329,201
MANSILLA DE LAS MULAS,24210,201
MANSILLA MAYOR,24217,201
MANZANARES DE RIOJA,26258,201
MARAZOLEJA,40132,201
MARAZUELA,40133,201
MARAÑA,24996,201
MARGALEF,43371,201
MARTÍN MIGUEL,40130,201
MARTÍN MUÑOZ DE LA DEHESA,40466,201
MARTÍN MUÑOZ DE LAS POSADAS,40446,201
MARUGÁN,40142,201
MARÇÀ,43730,201
MARÍA,04838,201
MAS DE BARBERANS,43514,201
MASARAC,17762,201
MASDENVERGE,43878,201
MASEGOSO,02314,201
MASLLORENÇ,43718,201
MASPUJOLS,43382,201
MASSANES,17452,201
MATA DE CUÉLLAR,40214,201
MATABUENA,40163,201
MATADEÓN DE LOS OTEROS,24291,201
MATALLANA DE TORÍO,24648,201
MATANZA,24207,201
MATUTE,26321,201
MAZUELA,09228,201
MAÇANET DE CABRENYS,17720,201
MAÇANET DE LA SELVA,17412,201
MECERREYES,09346,201
MEDINA DE POMAR,09500,201
MEDRANO,26374,201
MELGAR DE FERNAMENTAL,09100,201
MELQUE DE CERCOS,40444,201
MEMBIBRE DE LA HOZ,40234,201
MERANGES,17539,201
MERINDAD DE CUESTA-URRIA,09212,201
MERINDAD DE MONTIJA,09514,201
MERINDAD DE RÍO UBIERNA,09140,201
MERINDAD DE SOTOSCUEVA,09557,201
MERINDAD DE VALDEPORRES,09557,201
MERINDAD DE VALDIVIELSO,09559,201
MIERES,17830,201
MIGUELÁÑEZ,40441,201
MILAGROS,09460,201
MINAYA,02620,201
MIRANDA DE EBRO,09200,201
MIRAVECHE,09250,201
MIRAVET,43747,201
MODÚBAR DE LA EMPAREDADA,09620,201
MOJÁCAR,04638,201
MOLINASECA,24398,201
MOLINICOS,02440,201
MOLLET DE PERALADA,17752,201
MOLLÓ,17868,201
MONASTERIO DE LA SIERRA,09613,201
MONASTERIO DE RODILLA,09292,201
MONCALVILLO,09691,201
MONELLS I SANT SADURNÍ DE L'HEURA CRUÏLLES,17116,201
MONT-RAL,43364,201
MONT-RAS,17253,201
MONT-ROIG DEL CAMP,43300,201
MONTAGUT I OIX,17855,201
MONTALVOS,02638,201
MONTBLANC,43400,201
MONTBRIÓ DEL CAMP,43340,201
MONTEALEGRE DEL CASTILLO,02650,201
MONTEJO DE ARÉVALO,40468,201
MONTEJO DE LA VEGA DE LA SERREZUELA,40542,201
MONTERRUBIO,40142,201
MONTERRUBIO DE LA DEMANDA,09615,201
MONTFERRI,43812,201
MONTORIO,09125,201
MORADILLO DE ROA,09462,201
MORAL DE HORNUEZ,40542,201
MOTILLEJA,02220,201
MOZONCILLO,40250,201
MUNERA,02612,201
MUNILLA,26586,201
MURIAS DE PAREDES,24130,201
MURILLO DE RÍO LEZA,26143,201
MURO DE AGUAS,26587,201
MURO EN CAMEROS,26134,201
MUÑOPEDRO,40145,201
MUÑOVEROS,40183,201
MÓRA D'EBRE,43740,201
MÓRA LA NOVA,43770,201
NACIMIENTO,04540,201
NALDA,26121,201
NAVA DE LA ASUNCIÓN,40450,201
NAVA DE ROA,09318,201
NAVAFRÍA,40161,201
NAVAJÚN,26533,201
NAVALILLA,40331,201
NAVALMANZANO,40280,201
NAVARES DE AYUSO,40531,201
NAVARES DE ENMEDIO,40532,201
NAVARES DE LAS CUEVAS,40532,201
NAVARRETE,26370,201
NAVAS DE BUREBA,09249,201
NAVAS DE JORQUERA,02246,201
NAVAS DE ORO,40470,201
NAVAS DE RIOFRÍO,40420,201
NAVAS DE SAN ANTONIO,40408,201
NAVATA,17744,201
NEBREDA,09348,201
NEILA,09679,201
NERPIO,02530,201
NESTARES,26110,201
NIEVA,40447,201
NIEVA DE CAMEROS,26124,201
NOCEDA DEL BIERZO,24319,201
NULLES,43887,201
NÁJERA,26200,201
NÍJAR,04100,201
OCHÁNDURI,26213,201
OCÓN,26144,201
OENCIA,24566,201
OGASSA,17861,201
OHANES,04459,201
OJACASTRO,26270,201
OLLAURI,26220,201
OLMEDILLO DE ROA,09311,201
OLMILLOS DE MUÑÓ,09228,201
OLOMBRADA,40220,201
OLOT,17800,201
OLULA DE CASTRO,04212,201
OLULA DEL RÍO,04860,201
ONTUR,02652,201
ONZONILLA,24192,201
OQUILLAS,09350,201
ORBANEJA RIOPICO,09192,201
ORDIS,17772,201
OREJANA,40176,201
ORIA,04640,201
ORTIGOSA DE CAMEROS,26124,201
ORTIGOSA DE PESTAÑO,40495,201
ORTIGOSA DEL MONTE,40421,201
OSEJA DE SAJAMBRE,24916,201
OSOR,17161,201
OSSA DE MONTIEL,02611,201
OTERO DE HERREROS,40422,201
OÑA,09211,201
PADILLA DE ABAJO,09109,201
PADILLA DE ARRIBA,09108,201
PADRONES DE BUREBA,09593,201
PADULES,04458,201
PAJAREJOS,40567,201
PAJARES DE LOS OTEROS,24208,201
PALACIOS DE LA SIERRA,09680,201
PALACIOS DE LA VALDUERNA,24764,201
PALACIOS DE RIOPISUERGA,09107,201
PALACIOS DEL SIL,24480,201
PALAFRUGELL,17124,201
PALAMÓS,17230,201
PALAU DE SANTA EULÀLIA,17476,201
PALAU-SATOR,17256,201
PALAU-SAVERDERA,17495,201
PALAZUELOS DE ERESMA,40193,201
PALAZUELOS DE LA SIERRA,09649,201
PALAZUELOS DE MUÑÓ,09226,201
PALOL DE REVARDIT,17843,201
PALS,17256,201
PAMPLIEGA,09220,201
PANCORBO,09280,201
PARDILLA,09462,201
PARDINES,17534,201
PARLAVÀ,17133,201
PARTALOA,04810,201
PARTIDO DE LA SIERRA EN TOBALINA,09211,201
PASSANANT I BELLTALL,43413,201
PATERNA DEL MADERA,02136,201
PATERNA DEL RÍO,04479,201
PAU,17494,201
PAZUENGOS,26261,201
PAÜLS,43593,201
PECHINA,04250,201
PEDRAZA,40172,201
PEDRET I MARZÀ,17493,201
PEDROSA DE DUERO,09314,201
PEDROSA DE RÍO ÚRBEL,09131,201
PEDROSA DEL PRÍNCIPE,09119,201
PEDROSA DEL PÁRAMO,09133,201
PEDROSO,26321,201
PELAYOS DEL ARROYO,40170,201
PERAFORT,43152,201
PERAL DE ARLANZA,09342,201
PERALADA,17491,201
PERANZANES,24429,201
PEROSILLO,40354,201
PEÑARANDA DE DUERO,09410,201
PEÑAS DE SAN PEDRO,02120,201
PEÑASCOSA,02013,201
PINAREJOS,40296,201
PINARNEGRILLO,40294,201
PINEDA DE LA SIERRA,09199,201
PINEDA TRASMONTE,09349,201
PINILLA DE LOS BARRUECOS,09612,201
PINILLA DE LOS MOROS,09613,201
PINILLA TRASMONTE,09354,201
PINILLOS,26111,201
PIRA,43423,201
PIÉRNIGAS,09246,201
PLANOLES,17535,201
POBLADURA DE PELAYO GARCÍA,24249,201
POBOLEDA,43376,201
PONFERRADA,24003,201
PONT DE MOLINS,17706,201
PONTILS,43421,201
PONTÓS,17773,201
PORQUERES,17834,201
PORRERA,43739,201
PORTBOU,17497,201
POSADA DE VALDEÓN,24914,201
POVEDILLA,02311,201
POZA DE LA SAL,09246,201
POZO CAÑADA,02099,201
POZO DE GUADALAJARA,19161,201
POZO-LORENTE,02154,201
POZOHONDO,02129,201
POZUELO,02327,201
POZUELO DEL PÁRAMO,24792,201
PRADALES,40540,201
PRADEJÓN,26510,201
PRADELL DE LA TEIXETA,43774,201
PRADES,43364,201
PRADILLO,26122,201
PRADO DE LA GUZPEÑA,24893,201
PRADOLUENGO,09260,201
PRAT DE COMTE,43595,201
PRATDIP,43320,201
PRESENCIO,09228,201
PRIARANZA DEL BIERZO,24445,201
PRIORO,24885,201
PRÁDANOS DE BUREBA,09248,201
PRÁDENA,40165,201
PRÉJANO,26589,201
PUEBLA DE LILLO,24855,201
PUEBLA DE PEDRAZA,40184,201
PUENTE DE DOMINGO FLÓREZ,24380,201
PUENTEDURA,09347,201
PUIGCERDÀ,17520,201
PUIGPELAT,43812,201
PULPÍ,04640,201
PURCHENA,04870,201
PÁRAMO DEL SIL,24469,201
PÉTROLA,02692,201
QUART,17241,201
QUEL,26570,201
QUEMADA,09454,201
QUERALBS,17534,201
QUEROL,43715,201
QUINTANA DEL CASTILLO,24285,201
QUINTANA DEL MARCO,24762,201
QUINTANA DEL PIDIO,09370,201
QUINTANA Y CONGOSTO,24733,201
QUINTANABUREBA,09246,201
QUINTANAORTUÑO,09140,201
QUINTANAPALLA,09290,201
QUINTANAR DE LA SIERRA,09670,201
QUINTANAVIDES,09292,201
QUINTANAÉLEZ,09244,201
QUINTANILLA DE LA MATA,09349,201
QUINTANILLA DEL AGUA Y TORDUELES,09347,201
QUINTANILLA DEL COCO,09348,201
QUINTANILLA SAN GARCÍA,09271,201
QUINTANILLA VIVAR,09140,201
RABANERA,26133,201
RABANERA DEL PINAR,09660,201
RABÉ DE LAS CALZADAS,09130,201
RABÓS,17754,201
RAPARIEGOS,40466,201
RASQUERA,43513,201
REAL SITIO DE SAN ILDEFONSO,40100,201
REBOLLO,40184,201
REDECILLA DEL CAMINO,09259,201
REDECILLA DEL CAMPO,09259,201
REGENCÓS,17214,201
REGUERAS DE ARRIBA,24763,201
REGUMIEL DE LA SIERRA,09693,201
REINOSO,09248,201
REMONDO,40216,201
RENAU,43886,201
RETUERTA,09347,201
REUS,43201,201
REVILLA DEL CAMPO,09194,201
REVILLARRUZ,09620,201
REYERO,24856,201
REZMONDO,09108,201
RIAGUAS DE SAN BARTOLOMÉ,40529,201
RIAZA,40500,201
RIAÑO,24900,201
RIBA-ROJA D'EBRE,43790,201
RIBAFRECHA,26130,201
RIBES DE FRESER,17534,201
RIBOTA,40513,201
RIEGO DE LA VEGA,24765,201
RIELLO,24126,201
RIELLS I VIABREA,17404,201
RINCÓN DE SOTO,26550,201
RIOCAVADO DE LA SIERRA,09615,201
RIOFRÍO DE RIAZA,40515,201
RIOJA,04260,201
RIOSECO DE TAPIA,24274,201
RIPOLL,17500,201
RIUDARENES,17421,201
RIUDAURA,17179,201
RIUDECANYES,43771,201
RIUDECOLS,43390,201
RIUDELLOTS DE LA SELVA,17457,201
RIUDOMS,43330,201
RIUMORS,17469,201
RIÓPAR,02450,201
ROA,09300,201
ROBLEDO,02331,201
ROBRES DEL CASTILLO,26131,201
ROCAFORT DE QUERALT,43426,201
RODA DE BERÀ,43883,201
RODA DE ERESMA,40290,201
RODEZNO,26214,201
RODONYÀ,43812,201
ROJAS,09246,201
ROPERUELOS DEL PÁRAMO,24790,201
ROQUETAS DE MAR,04720,201
ROQUETES,43520,201
ROSES,17480,201
ROYUELA DE RÍO FRANCO,09344,201
RUBENA,09199,201
RUBLACEDO DE ABAJO,09592,201
RUCANDIO,09593,201
RUPIÀ,17131,201
RÁBANOS,09199,201
RÁGOL,04440,201
SABERO,24810,201
SACRAMENIA,40237,201
SAHAGÚN,24320,201
SAJAZARRA,26212,201
SALAS DE BUREBA,09593,201
SALAS DE LOS INFANTES,09600,201
SALES DE LLIERCA,17853,201
SALINILLAS DE BUREBA,09247,201
SALOBRE,02316,201
SALOMÓ,43885,201
SALOU,43840,201
SALT,17190,201
SAMBOAL,40442,201
SAN ADRIÁN DE JUARROS,09198,201
SAN ADRIÁN DEL VALLE,24797,201
SAN ANDRÉS DEL RABANEDO,24009,201
SAN ASENSIO,26340,201
SAN CRISTÓBAL DE CUÉLLAR,40212,201
SAN CRISTÓBAL DE LA POLANTERA,24359,201
SAN CRISTÓBAL DE LA VEGA,40465,201
SAN EMILIANO,24143,201
SAN ESTEBAN DE NOGALES,24760,201
SAN JUAN DEL MONTE,09490,201
SAN JUSTO DE LA VEGA,24359,201
SAN MARTÍN DE RUBIALES,09317,201
SAN MARTÍN Y MUDRIÁN,40295,201
SAN MIGUEL DE BERNUY,40332,201
SAN MILLÁN DE LA COGOLLA,26326,201
SAN MILLÁN DE LARA,09640,201
SAN MILLÁN DE LOS CABALLEROS,24237,201
SAN MILLÁN DE YÉCORA,26216,201
SAN PEDRO,02326,201
SAN PEDRO BERCIANOS,24252,201
SAN PEDRO DE GAÍLLOS,40389,201
SAN ROMÁN DE CAMEROS,26133,201
SAN TORCUATO,26291,201
SAN VICENTE DE LA SONSIERRA,26338,201
SAN VICENTE DEL VALLE,09268,201
SANCEDO,24439,201
SANCHONUÑO,40297,201
SANGARCÍA,40134,201
SANT ANDREU SALOU,17454,201
SANT ANIOL DE FINESTRES,17154,201
SANT CARLES DE LA RÀPITA,43540,201
SANT CLIMENT SESCEBES,17751,201
SANT FELIU DE BUIXALLEU,17451,201
SANT FELIU DE GUÍXOLS,17220,201
SANT FELIU DE PALLEROLS,17174,201
SANT FERRIOL,17830,201
SANT GREGORI,17150,201
SANT HILARI SACALM,17403,201
SANT JAUME D'ENVEJA,43877,201
SANT JAUME DE LLIERCA,17854,201
SANT JAUME DELS DOMENYS,43713,201
SANT JOAN DE LES ABADESSES,17860,201
SANT JOAN DE MOLLET,17463,201
SANT JOAN LES FONTS,17857,201
SANT JORDI DESVALLS,17464,201
SANT JULIÀ DE RAMIS,17481,201
SANT JULIÀ DEL LLOR I BONMATÍ,17164,201
SANT LLORENÇ DE LA MUGA,17732,201
SANT MARTÍ DE LLÉMENA,17152,201
SANT MARTÍ VELL,17462,201
SANT MIQUEL DE CAMPMAJOR,17831,201
SANT MIQUEL DE FLUVIÀ,17475,201
SANT MORI,17467,201
SANT PAU DE SEGÚRIES,17864,201
SANT PERE PESCADOR,17470,201
SANTA BÀRBARA,43570,201
SANTA CECILIA,09341,201
SANTA COLOMA,26315,201
SANTA COLOMA DE FARNERS,17430,201
SANTA COLOMA DE QUERALT,43420,201
SANTA COLOMBA DE CURUEÑO,24150,201
SANTA COLOMBA DE SOMOZA,24720,201
SANTA CRISTINA D'ARO,17240,201
SANTA CRISTINA DE VALMADRIGAL,24290,201
SANTA CRUZ DE LA SALCEDA,09471,201
SANTA CRUZ DE MARCHENA,04568,201
SANTA CRUZ DEL VALLE URBIÓN,09268,201
SANTA ELENA DE JAMUZ,24762,201
SANTA ENGRACIA DEL JUBERA,26131,201
SANTA EULALIA BAJERA,26585,201
SANTA FE DE MONDÚJAR,04420,201
SANTA GADEA DEL CID,09219,201
SANTA INÉS,09390,201
SANTA LLOGAIA D'ÀLGUEMA,17771,201
SANTA MARINA DEL REY,24393,201
SANTA MARTA DEL CERRO,40310,201
SANTA MARÍA DE LA ISLA,24795,201
SANTA MARÍA DE ORDÁS,24124,201
SANTA MARÍA DEL CAMPO,09342,201
SANTA MARÍA DEL INVIERNO,09292,201
SANTA MARÍA DEL MERCADILLO,09353,201
SANTA MARÍA DEL MONTE DE CEA,24343,201
SANTA MARÍA DEL PÁRAMO,24240,201
SANTA MARÍA LA REAL DE NIEVA,40122,201
SANTA MARÍA RIVARREDONDA,09219,201
SANTA OLALLA DE BUREBA,09292,201
SANTA OLIVA,43710,201
SANTA PAU,17811,201
SANTAS MARTAS,24330,201
SANTIAGO MILLAS,24717,201
SANTIBÁÑEZ DE ESGUEVA,09350,201
SANTIBÁÑEZ DEL VAL,09617,201
SANTIUSTE DE PEDRAZA,40141,201
SANTIUSTE DE SAN JUAN BAUTISTA,40460,201
SANTO DOMINGO DE LA CALZADA,26250,201
SANTO DOMINGO DE PIRÓN,40180,201
SANTO DOMINGO DE SILOS,09610,201
SANTO TOMÉ DEL PUERTO,40590,201
SANTOVENIA DE LA VALDONCINA,24009,201
SANTURDE DE RIOJA,26260,201
SANTURDEJO,26261,201
SARGENTES DE LA LORA,09143,201
SARIEGOS,24121,201
SARRACÍN,09620,201
SARRAL,43424,201
SARRIÀ DE TER,17840,201
SASAMÓN,09109,201
SAUQUILLO DE CABEZAS,40351,201
SAVALLÀ DEL COMTAT,43427,201
SEBÚLCOR,40340,201
SENA DE LUNA,24145,201
SENAN,43449,201
SENÉS,04213,201
SEPÚLVEDA,40300,201
SEQUERA DE FRESNO,40517,201
SERINYÀ,17852,201
SERRA DE DARÓ,17133,201
SERÓN,04890,201
SETCASES,17869,201
SIERRO,04878,201
SILS,17410,201
SIURANA,17469,201
SOCOVOS,02435,201
SOJUELA,26376,201
SOLARANA,09348,201
SOLIVELLA,43412,201
SOMONTÍN,04877,201
SORBAS,04149,201
SORDILLOS,09128,201
SORZANO,26191,201
SOTILLO,40311,201
SOTILLO DE LA RIBERA,09440,201
SOTO DE LA VEGA,24763,201
SOTO EN CAMEROS,26132,201
SOTO Y AMÍO,24120,201
SOTOSALBOS,40170,201
SOTRAGERO,09004,201
SOTRESGUDO,09135,201
SOTÉS,26371,201
SUFLÍ,04878,201
SUSINOS DEL PÁRAMO,09133,201
SUSQUEDA,17166,201
TABANERA LA LUENGA,40291,201
TABERNAS,04200,201
TABERNO,04661,201
TAHAL,04274,201
TAMARÓN,09227,201
TARAZONA DE LA MANCHA,02100,201
TARDAJOS,09130,201
TEJADA,09616,201
TERQUE,04569,201
TERRADES,17731,201
TERRADILLOS DE ESGUEVA,09442,201
TERROBA,26132,201
TINIEBLAS DE LA SIERRA,09640,201
TIRGO,26210,201
TIVENYS,43511,201
TIVISSA,43320,201
TOBAR,09133,201
TOBARRA,02500,201
TOBÍA,26321,201
TOLOCIRIO,40467,201
TORAL DE LOS GUZMANES,24237,201
TORAL DE LOS VADOS,24441,201
TORDÓMAR,09341,201
TORENO,24438,201
TORMANTOS,26213,201
TORRE DEL BIERZO,24310,201
TORRE EN CAMEROS,26134,201
TORRE VAL DE SAN PEDRO,40171,201
TORREADRADA,40313,201
TORRECABALLEROS,40160,201
TORRECILLA DEL MONTE,09390,201
TORRECILLA DEL PINAR,40359,201
TORRECILLA EN CAMEROS,26100,201
TORRECILLA SOBRE ALESANCO,26224,201
TORREDEMBARRA,43830,201
TORREGALINDO,09493,201
TORREIGLESIAS,40192,201
TORRELARA,09645,201
TORREMONTALBO,26359,201
TORRENT,17123,201
TORREPADRE,09342,201
TORRESANDINO,09310,201
TORREVIEJA,03181,112
TORROELLA DE FLUVIÀ,17474,201
TORROELLA DE MONTGRÍ,17130,201
TORROJA DEL PRIORAT,43737,201
TORTELLÀ,17853,201
TORTOSA,43500,201
TOSANTOS,09258,201
TOSES,17536,201
TOSSA DE MAR,17320,201
TRABADELO,24522,201
TRESCASAS,40194,201
TRESPADERNE,09213,201
TREVIANA,26215,201
TRICIO,26312,201
TRUCHAS,24738,201
TUBILLA DEL AGUA,09143,201
TUBILLA DEL LAGO,09453,201
TUDELILLA,26512,201
TURCIA,24284,201
TURRE,04277,201
TURRILLAS,04211,201
TURÉGANO,40181,201
TÍJOLA,04275,201
TÓRTOLES DE ESGUEVA,09310,201
ULEILA DEL CAMPO,04274,201
ULLASTRET,17114,201
ULLDECONA,43550,201
ULLDEMOLINS,43363,201
ULLÀ,17140,201
ULTRAMORT,17133,201
URDIALES DEL PÁRAMO,24248,201
URRÁCAL,04879,201
URUEÑAS,40317,201
URUÑUELA,26313,201
URÚS,17538,201
VADOCONDES,09491,201
VAL DE SAN LORENZO,24717,201
VALDEANDE,09453,201
VALDEFRESNO,24156,201
VALDEFUENTES DEL PÁRAMO,24253,201
VALDEGANGA,02150,201
VALDELUGUEROS,24837,201
VALDEMADERA,26532,201
VALDEMORA,24206,201
VALDEPIÉLAGO,24846,201
VALDEPOLO,24218,201
VALDEPRADOS,40423,201
VALDERAS,24220,201
VALDERREY,24394,201
VALDERRUEDA,24880,201
VALDESAMARIO,24127,201
VALDEVACAS DE MONTEJO,40185,201
VALDEVACAS Y GUIJAR,40185,201
VALDEVIMBRE,24230,201
VALDEZATE,09318,201
VALDORROS,09320,201
VALGAÑÓN,26288,201
VALL-LLOBREGA,17253,201
VALLARTA DE BUREBA,09245,201
VALLCLARA,43439,201
VALLE DE LAS NAVAS,09191,201
VALLE DE LOSA,09510,201
VALLE DE MANZANEDO,09558,201
VALLE DE MENA,09545,201
VALLE DE OCA,09258,201
VALLE DE SANTIBÁÑEZ,09131,201
VALLE DE SEDANO,09142,201
VALLE DE TABLADILLO,40331,201
VALLE DE TOBALINA,09210,201
VALLE DE VALDEBEZANA,09571,201
VALLE DE VALDELAGUNA,09614,201
VALLE DE VALDELUCIO,09127,201
VALLE DE ZAMANZAS,09146,201
VALLECILLO,24324,201
VALLELADO,40213,201
VALLERUELA DE PEDRAZA,40174,201
VALLERUELA DE SEPÚLVEDA,40176,201
VALLES DE PALENZUELA,09338,201
VALLFOGONA DE RIPOLLÈS,17862,201
VALLFOGONA DE RIUCORB,43427,201
VALLMOLL,43144,201
VALLS,43491,201
VALLUÉRCANES,09219,201
VALMALA,09268,201
VALSECA,40390,201
VALTIENDAS,40238,201
VALVERDE DE LA VIRGEN,24198,201
VALVERDE DEL MAJANO,40140,201
VALVERDE-ENRIQUE,24292,201
VANDELLÒS I L'HOSPITALET DE L'INFANT,43890,201
VEGA DE ESPINAREDA,24430,201
VEGA DE INFANZONES,24346,201
VEGA DE VALCARCE,24520,201
VEGACERVERA,24836,201
VEGANZONES,40395,201
VEGAQUEMADA,24152,201
VEGAS DE MATUTE,40423,201
VEGAS DEL CONDADO,24150,201
VELEFIQUE,04212,201
VENTALLÓ,17473,201
VENTOSA,26371,201
VENTOSILLA Y TEJADILLA,40165,201
VENTROSA,26329,201
VERA,04620,201
VERGES,17142,201
VESPELLA DE GAIÀ,43763,201
VIANOS,02315,201
VIATOR,04240,201
VIDRERES,17411,201
VIDRÀ,17515,201
VIGUERA,26121,201
VILA-RODONA,43814,201
VILA-SACRA,17485,201
VILA-SECA,43206,201
VILABELLA,43886,201
VILABERTRAN,17760,201
VILABLAREIX,17180,201
VILADAMAT,17137,201
VILADASENS,17464,201
VILADEMULS,17468,201
VILADRAU,17406,201
VILAFANT,17740,201
VILAJUÏGA,17493,201
VILALBA DELS ARCS,43782,201
VILALLONGA DE TER,17869,201
VILALLONGA DEL CAMP,43141,201
VILAMACOLUM,17474,201
VILAMALLA,17469,201
VILAMANISCLE,17227,201
VILANANT,17741,201
VILANOVA D'ESCORNALBOU,43311,201
VILANOVA DE PRADES,43439,201
VILAPLANA,43380,201
VILAVERD,43490,201
VILAÜR,17483,201
VILEÑA,09249,201
VILLA DE VES,02213,201
VILLABLINO,24100,201
VILLABRAZ,24206,201
VILLACASTÍN,40150,201
VILLADANGOS DEL PÁRAMO,24392,201
VILLADEMOR DE LA VEGA,24237,201
VILLADIEGO,09120,201
VILLAESCUSA DE ROA,09314,201
VILLAESCUSA LA SOMBRÍA,09292,201
VILLAESPASA,09640,201
VILLAFRANCA DEL BIERZO,24500,201
VILLAFRANCA MONTES DE OCA,09257,201
VILLAFRUELA,09344,201
VILLAGALIJO,09268,201
VILLAGATÓN,24360,201
VILLAGONZALO PEDERNALES,09195,201
VILLAHOZ,09343,201
VILLALBA DE DUERO,09443,201
VILLALBA DE RIOJA,26292,201
VILLALBILLA DE GUMIEL,09453,201
VILLALDEMIRO,09227,201
VILLALGORDO DEL JÚCAR,02236,201
VILLALMANZO,09390,201
VILLALOBAR DE RIOJA,26256,201
VILLAMALEA,02270,201
VILLAMANDOS,24238,201
VILLAMANÍN,24680,201
VILLAMARTÍN DE DON SANCHO,24344,201
VILLAMAYOR DE LOS MONTES,09339,201
VILLAMAYOR DE TREVIÑO,09128,201
VILLAMAÑÁN,24233,201
VILLAMBISTIA,09258,201
VILLAMEDIANA DE IREGUA,26006,201
VILLAMEJIL,24711,201
VILLAMIEL DE LA SIERRA,09649,201
VILLAMOL,24172,201
VILLAMONTÁN DE LA VALDUERNA,24730,201
VILLAMORATIEL DE LAS MATAS,24339,201
VILLANGÓMEZ,09339,201
VILLANUEVA DE ARGAÑO,09652,201
VILLANUEVA DE CAMEROS,26123,201
VILLANUEVA DE CARAZO,09611,201
VILLANUEVA DE GUMIEL,09450,201
VILLANUEVA DE LAS MANZANAS,24225,201
VILLANUEVA DE TEBA,09219,201
VILLAOBISPO DE OTERO,24711,201
VILLAORNATE Y CASTRO,24222,201
VILLAPALACIOS,02350,201
VILLAQUEJIDA,24235,201
VILLAQUILAMBRE,24193,201
VILLAQUIRÁN DE LA PUEBLA,09119,201
VILLAQUIRÁN DE LOS INFANTES,09226,201
VILLAR DE TORRE,26325,201
VILLARCAYO DE MERINDAD DE CASTILLA LA VIEJA,09513,201
VILLAREJO,26325,201
VILLAREJO DE ÓRBIGO,24288,201
VILLARES DE ÓRBIGO,24287,201
VILLARIEZO,09195,201
VILLARROBLEDO,02600,201
VILLARROYA,26587,201
VILLARTA-QUINTANA,26259,201
VILLASABARIEGO,24162,201
VILLASANDINO,09109,201
VILLASELÁN,24171,201
VILLASUR DE HERREROS,09199,201
VILLATOYA,02215,201
VILLATUELDA,09310,201
VILLATURIEL,24199,201
VILLAVALIENTE,02154,201
VILLAVELAYO,26329,201
VILLAVERDE DE GUADALIMAR,02460,201
VILLAVERDE DE MONTEJO,40541,201
VILLAVERDE DE RIOJA,26321,201
VILLAVERDE DE ÍSCAR,40219,201
VILLAVERDE DEL MONTE,09228,201
VILLAVERDE-MOGINA,09226,201
VILLAYERNO MORQUILLAS,09191,201
VILLAZALA,24356,201
VILLAZANZO DE VALDERADUEY,24172,201
VILLAZOPEQUE,09226,201
VILLEGAS,09128,201
VILLEGUILLO,40496,201
VILLORUEBO,09640,201
VILLOSLADA DE CAMEROS,26125,201
VILOBÍ D'ONYAR,17183,201
VILOPRIU,17144,201
VILORIA DE RIOJA,09259,201
VILVIESTRE DEL PINAR,09690,201
VIMBODÍ I POBLET,43430,201
VINEBRE,43792,201
VINIEGRA DE ABAJO,26329,201
VINIEGRA DE ARRIBA,26329,201
VINYOLS I ELS ARCS,43391,201
VIVEROS,02310,201
VIZCAÍNOS,09613,201
VÉLEZ-BLANCO,04829,201
VÉLEZ-RUBIO,04820,201
VÍCAR,04721,201
XERTA,43592,201
YANGUAS DE ERESMA,40493,201
YESTE,02480,201
ZAEL,09339,201
ZARRATÓN,26291,201
ZARZOSA,26586,201
ZARZOSA DE RÍO PISUERGA,09108,201
ZARZUELA DEL MONTE,40152,201
ZARZUELA DEL PINAR,40293,201
ZAZUAR,09490,201
ZORRAQUÍN,26288,201
ZOTES DEL PÁRAMO,24249,201
ZURGENA,04650,201
ZUÑEDA,09245,201
ÁBALOS,26339,201
ÍLLAR,04431,201
ÚRBEL DEL CASTILLO,09125,201
ALBOCÀSSER,12140,184
ALCALÀ DE XIVERT,12570,184
ALCUDIA DE VEO,12222,184
ALFONDEGUILLA,12609,184
ALGIMIA DE ALMONACID,12414,184
ALMAZORA/ALMASSORA,12550,184
ALMEDÍJAR,12413,184
ALMENARA,12590,184
ALTURA,12410,184
ARAÑUEL,12232,184
ARES DEL MAESTRAT,12165,184
ARGELITA,12230,184
ARTANA,12527,184
ATZENETA DEL MAESTRAT,12132,184
AYÓDAR,12224,184
AZUÉBAR,12490,184
AÍN,12222,184
BARRACAS,12420,184
BEJÍS,12430,184
BENAFER,12449,184
BENAFIGOS,12134,184
BENASSAL,12160,184
BENICARLÓ,12530,184
BENICASIM/BENICÀSSIM,12560,184
BENLLOCH,12181,184
BETXÍ,12549,184
BORRIANA/BURRIANA,12530,184
BORRIOL,12190,184
CABANES,12180,184
CANET LO ROIG,12350,184
CASTELL DE CABRES,12319,184
CASTELLFORT,12159,184
CASTELLNOVO,12413,184
CASTILLO DE VILLAMALEFA,12123,184
CATÍ,12513,184
CAUDIEL,12440,184
CERVERA DEL MAESTRE,12578,184
CHILCHES/XILXES,12592,184
CHODOS/XODOS,12124,184
CHÓVAR,12499,184
CINCTORRES,12138,184
CIRAT,12231,184
CORTES DE ARENOSO,12126,184
COSTUR,12119,184
CULLA,12163,184
CÀLIG,12589,184
EL TORO,12429,184
ESLIDA,12528,184
ESPADILLA,12230,184
FANZARA,12230,184
FIGUEROLES,12122,184
FORCALL,12310,184
FUENTE LA REINA,12428,184
FUENTES DE AYÓDAR,12225,184
GAIBIEL,12415,184
GELDO,12135,184
HERBÉS,12317,184
HIGUERAS,12449,184
JÉRICA,12450,184
L' ALCORA,12100,184
LA JANA,12340,184
LA LLOSA,12591,184
LA MATA DE MORELLA,12312,184
LA POBLA DE BENIFASSÀ,12599,184
LA POBLA TORNESA,12191,184
LA SALZADELLA,12186,184
LA SERRATELLA,12184,184
LA TORRE D'EN BESORA,12161,184
LA TORRE D'EN DOMÉNEC,12184,184
LA VALL D'UIXÓ,12600,184
LA VILAVELLA,12526,184
LEGANÉS,28911,184
LES COVES DE VINROMÀ,12185,184
LES USERAS/USERES,12118,184
LES/ALQUERÍAS DEL NIÑO PERDIDO ALQUERIES,12539,184
LLUCENA/LUCENA DEL CID,12120,184
LUDIENTE,12123,184
MATET,12415,184
MONCOFA,12593,184
MONTANEJOS,12448,184
MONTÁN,12447,184
MORELLA,12300,184
MÓSTOLES,28635,184
NAVAJAS,12470,184
NULES,12520,184
OLOCAU DEL REY,12312,184
ONDA,12200,184
OROPESA DEL MAR/ORPESA,12594,184
PALANQUES,12311,184
PAVÍAS,12449,184
PENÍSCOLA/PEÑÍSCOLA,12598,184
PINA DE MONTALGRAO,12429,184
PORTELL DE MORELLA,12318,184
PUEBLA DE ARENOSO,12428,184
RIBESALBES,12210,184
ROSSELL,12511,184
SACAÑET,12469,184
SAN RAFAEL DEL RÍO,12330,184
SANT JOAN DE MORÓ,12130,184
SANT JORDI/SAN JORGE,12320,184
SANT MATEU,12170,184
SANTA MAGDALENA DE PULPIS,12597,184
SEGORBE,12400,184
SIERRA ENGARCERÁN,12164,184
SONEJA,12480,184
SOT DE FERRER,12489,184
SUERAS/SUERA,12223,184
TALES,12221,184
TERESA,12469,184
TODOLELLA,12312,184
TOGA,12230,184
TORRALBA DEL PINAR,12225,184
TORREBLANCA,12596,184
TORRECHIVA,12232,184
TORÁS,12431,184
TRAIGUERA,12330,184
TÍRIG,12179,184
VALL D'ALBA,12190,184
VALL DE ALMONACID,12414,184
VALLAT,12230,184
VALLIBONA,12315,184
VALVERDE DE LEGANÉS,06130,184
VILA-REAL,12540,184
VILAFAMÉS,12192,184
VILANOVA D'ALCOLEA,12183,184
VILAR DE CANES,12162,184
VILLAFRANCA DEL CID/VILAFRANCA,12150,184
VILLAHERMOSA DEL RÍO,12124,184
VILLAMALUR,12224,184
VILLANUEVA DE VIVER,12428,184
VILLORES,12311,184
VINARÒS,12500,184
VISTABELLA DEL MAESTRAT,12135,184
VIVER,12460,184
XERT,12360,184
ZORITA DEL MAESTRAZGO,12311,184
ZUCAINA,12125,184
A ARNOIA,32417,168
A BOLA,32812,168
A GUDIÑA,32456,168
A MERCA,32816,168
A MEZQUITA,32499,168
A PEROXA,32120,168
A POBRA DE TRIVES,32780,168
A RÚA,32350,168
A TEIXEIRA,32764,168
A VEIGA,32357,168
ABELLA DE LA CONCA,25651,168
ABENÓJAR,13180,168
ABIA DE LA OBISPALÍA,16195,168
ABIEGO,22143,168
ABIZANDA,22392,168
ACEDERA,06713,168
ACEUCHAL,06207,168
ADAHUESCA,22147,168
ADANERO,05296,168
AGRAMUNT,25310,168
AGUDO,13410,168
AGÜERO,22808,168
AHILLONES,06940,168
AISA,22860,168
AITONA,25182,168
ALAMILLO,13413,168
ALANGE,06840,168
ALARCÓN,16214,168
ALBALADEJO,13340,168
ALBALADEJO DEL CUENDE,16111,168
ALBALATE DE CINCA,22534,168
ALBALATE DE LAS NOGUERAS,16841,168
ALBALATILLO,22220,168
ALBANCHEZ DE MÁGINA,23538,168
ALBATÀRREC,25171,168
ALBELDA,22558,168
ALBENDEA,16812,168
ALBERO ALTO,22112,168
ALBERO BAJO,22255,168
ALBERUELA DE TUBO,22212,168
ALBESA,25135,168
ALBORNOS,05358,168
ALBURQUERQUE,06501,168
ALCALÁ DE GURREA,22282,168
ALCALÁ DE LA VEGA,16315,168
ALCALÁ DEL OBISPO,22135,168
ALCALÁ LA REAL,23680,168
ALCAMPELL,22560,168
ALCANTUD,16812,168
ALCANÓ,25162,168
ALCARRÀS,25180,168
ALCAUDETE,23660,168
ALCOBA,13115,168
ALCOHUJATE,16537,168
ALCOLEA DE CALATRAVA,13107,168
ALCOLEA DE CINCA,22410,168
ALCOLETGE,25560,168
ALCONCHEL,06131,168
ALCONCHEL DE LA ESTRELLA,16433,168
ALCONERA,06393,168
ALCUBIERRE,22251,168
ALCUBILLAS,13391,168
ALCÁZAR DE SAN JUAN,13600,168
ALCÁZAR DEL REY,16464,168
ALDEA DEL REY,13380,168
ALDEANUEVA DE SANTA CRUZ,05580,168
ALDEAQUEMADA,23215,168
ALDEASECA,05212,168
ALERRE,22194,168
ALFARRÀS,25120,168
ALFÁNTEGA,22416,168
ALFÉS,25161,168
ALGARRA,16338,168
ALGERRI,25130,168
ALGUAIRE,25125,168
ALHAMBRA,13248,168
ALIAGUILLA,16313,168
ALINS,25573,168
ALJARAQUE,21100,168
ALJUCÉN,06894,168
ALLARIZ,32660,168
ALMACELLES,25100,168
ALMADENEJOS,13414,168
ALMADÉN,13400,168
ALMAGRO,13260,168
ALMATRET,25187,168
ALMEDINA,13328,168
ALMENAR,25126,168
ALMENDRAL,06171,168
ALMENDRALEJO,06200,168
ALMENDROS,16420,168
ALMODÓVAR DEL CAMPO,13179,168
ALMODÓVAR DEL PINAR,16215,168
ALMONACID DEL MARQUESADO,16431,168
ALMONASTER LA REAL,21290,168
ALMONTE,21730,168
ALMUDÉVAR,22270,168
ALMUNIA DE SAN JUAN,22417,168
ALMUNIENTE,22255,168
ALMURADIEL,13760,168
ALOSNO,21520,168
ALPICAT,25110,168
ALQUÉZAR,22145,168
ALT ÀNEU,25586,168
ALTAREJOS,16195,168
ALTORRICÓN,22540,168
ALÀS I CERC,25715,168
ALÁJAR,21340,168
ALÒS DE BALAGUER,25737,168
AMAVIDA,05560,168
AMOEIRO,32170,168
ANCHURAS,13117,168
ANDÚJAR,23740,168
ANGLESOLA,25320,168
ANGÜÉS,22122,168
ANSÓ,22728,168
ANTILLÓN,22133,168
ARACENA,21007,168
ARAGÜÉS DEL PUERTO,22730,168
ARANDILLA DEL ARROYO,16812,168
ARBECA,25140,168
ARCAS,16123,168
ARCOS DE LA SIERRA,16141,168
ARENALES DE SAN GREGORIO,13619,168
ARENAS DE SAN JUAN,13679,168
ARENAS DE SAN PEDRO,05400,168
AREVALILLO,05153,168
ARGAMASILLA DE ALBA,13710,168
ARGAMASILLA DE CALATRAVA,13440,168
ARGAVIESO,22135,168
ARGUIS,22150,168
ARGUISUELAS,16360,168
ARJONA,23760,168
ARJONILLA,23750,168
AROCHE,21239,168
ARQUILLOS,23230,168
ARRANCACEPAS,16855,168
ARRES,25551,168
ARROBA DE LOS MONTES,13193,168
ARROYO DE SAN SERVÁN,06850,168
ARROYO DEL OJANCO,23289,168
ARSÈGUEL,25722,168
ARTESA DE SEGRE,25370,168
ARÉN,22583,168
ARÉVALO,05200,168
ASPA,25151,168
ATALAYA,06329,168
ATALAYA DEL CAÑAVATE,16710,168
AVEINTE,05357,168
AVELLANEDA,05580,168
AVIÓN,32520,168
AYAMONTE,21400,168
AYERBE,22800,168
AZANUY-ALINS,22421,168
AZARA,22311,168
AZLOR,22311,168
AZUAGA,06920,168
AÍNSA-SOBRARBE,22149,168
BAEZA,23411,168
BAILO,22751,168
BAILÉN,23710,168
BAIX PALLARS,25217,168
BALAGUER,25600,168
BALDELLOU,22571,168
BALLESTEROS DE CALATRAVA,13432,168
BALLOBAR,22234,168
BALTAR,32632,168
BANASTÁS,22194,168
BANDE,32840,168
BARAJAS DE MELO,16460,168
BARBADÁS,32002,168
BARBASTRO,22300,168
BARBENS,25262,168
BARBUÉS,22255,168
BARBUÑALES,22132,168
BARCARROTA,06160,168
BARCHÍN DEL HOYO,16118,168
BARROMÁN,05229,168
BASCUÑANA DE SAN PEDRO,16191,168
BASSELLA,25289,168
BATERNO,06659,168
BAUSEN,25549,168
BAÉLLS,22569,168
BAÑOS DE LA ENCINA,23214,168
BAÑOS DE MOLGAS,32592,168
BEADE,32431,168
BEAMUD,16152,168
BEARIZ,32520,168
BEAS,21609,168
BEAS DE SEGURA,23280,168
BECEDAS,05610,168
BECEDILLAS,05153,168
BEDMAR Y GARCÍEZ,23537,168
BEGÍJAR,23520,168
BELIANES,25266,168
BELINCHÓN,16470,168
BELL-LLOC D'URGELL,25220,168
BELLAGUARDA,25177,168
BELLCAIRE D'URGELL,25337,168
BELLMUNT D'URGELL,25336,168
BELLPUIG,25250,168
BELLVER DE CERDANYA,25720,168
BELLVÍS,25142,168
BELMONTE,16640,168
BELMONTEJO,16779,168
BELVER DE CINCA,22533,168
BENABARRE,22580,168
BENASQUE,22440,168
BENATAE,23390,168
BENAVENT DE SEGRIÀ,25132,168
BENQUERENCIA DE LA SERENA,06428,168
BERANUY,22484,168
BERBEGAL,22131,168
BERCIAL DE ZAPARDIEL,05229,168
BERLANGA,06930,168
BERNUY-ZAPARDIEL,05211,168
BERROCAL,21647,168
BERROCALEJO DE ARAGONA,05194,168
BETETA,16870,168
BIELSA,22350,168
BIENVENIDA,06020,168
BIERGE,22141,168
BIESCAS,22613,168
BINACED,22510,168
BINÉFAR,22500,168
BIOSCA,25752,168
BISAURRI,22466,168
BISCARRUÉS,22807,168
BLASCOMILLÁN,05146,168
BLASCONUÑO DE MATACABRAS,05299,168
BLASCOSANCHO,05290,168
BLECUA Y TORRES,22133,168
BOBORÁS,32512,168
BODONAL DE LA SIERRA,06394,168
BOHOYO,05630,168
BOLAÑOS DE CALATRAVA,13260,168
BOLTAÑA,22340,168
BONANSA,22486,168
BONARES,21830,168
BONICHES,16311,168
BONILLA DE LA SIERRA,05514,168
BORAU,22860,168
BOSSÒST,25550,168
BOVERA,25178,168
BRABOS,05357,168
BRAZATORTAS,13449,168
BROTO,22370,168
BUCIEGAS,16851,168
BUENACHE DE ALARCÓN,16114,168
BUENACHE DE LA SIERRA,16192,168
BUENDÍA,16512,168
BULARROS,05140,168
BURGOHONDO,05113,168
BURGUILLOS DEL CERRO,06370,168
BÁRCABO,22148,168
BÉLMEZ DE LA MORALEDA,23568,168
CABANABONA,25748,168
CABEZA DEL BUEY,06600,168
CABEZA LA VACA,06293,168
CABEZARADOS,13192,168
CABEZARRUBIAS DEL PUERTO,13591,168
CABEZAS DE ALAMBRE,05217,168
CABEZAS DEL POZO,05211,168
CABEZAS DEL VILLAR,05148,168
CABEZAS RUBIAS,21580,168
CABIZUELA,05165,168
CABRA DEL SANTO CRISTO,23550,168
CABÓ,25794,168
CALA,21270,168
CALAMONTE,06810,168
CALAÑAS,21300,168
CALDEARENAS,22624,168
CALVOS DE RANDÍN,32644,168
CALZADA DE CALATRAVA,13370,168
CALZADILLA DE LOS BARROS,06249,168
CAMARASA,25592,168
CAMBIL,23120,168
CAMPANARIO,06459,168
CAMPILLO DE ALTOBUEY,16210,168
CAMPILLO DE ARENAS,23130,168
CAMPILLO DE LLERENA,06443,168
CAMPILLOS-PARAVIENTOS,16043,168
CAMPILLOS-SIERRA,16316,168
CAMPO,22450,168
CAMPO DE CRIPTANA,13610,168
CAMPOFRÍO,21668,168
CAMPORRÉLLS,22570,168
CAMPOS DEL PARAÍSO,16550,168
CANAL DE BERDÚN,22770,168
CANALEJAS DEL ARROYO,16857,168
CANALES,05212,168
CANDASNOS,22591,168
CANDELEDA,05480,168
CANEJAN,25548,168
CANENA,23420,168
CANFRANC,22880,168
CANTIVEROS,05211,168
CAPDESASO,22212,168
CAPELLA,22480,168
CAPILLA,06612,168
CARACUEL DE CALATRAVA,13191,168
CARBALLEDA DE AVIA,32412,168
CARBALLEDA DE VALDEORRAS,32329,168
CARBONERAS DE GUADAZAÓN,16350,168
CARBONEROS,23211,168
CARDENETE,16373,168
CARDEÑOSA,05320,168
CARMONITA,06488,168
CARRASCOSA,16879,168
CARRASCOSA DE HARO,16649,168
CARRIZOSA,13329,168
CARRIÓN DE CALATRAVA,13150,168
CARTAYA,21450,168
CARTELLE,32820,168
CASAS DE DON PEDRO,06770,168
CASAS DE FERNANDO ALONSO,16610,168
CASAS DE GARCIMOLINA,16338,168
CASAS DE GUIJARRO,16708,168
CASAS DE HARO,16611,168
CASAS DE LOS PINOS,16612,168
CASAS DE REINA,06960,168
CASAS DEL PUERTO,05571,168
CASASIMARRO,16239,168
CASASOLA,05140,168
CASAVIEJA,05450,168
CASBAS DE HUESCA,22141,168
CASILLAS,05428,168
CASTAÑO DEL ROBLEDO,21292,168
CASTEJÓN,16856,168
CASTEJÓN DE MONEGROS,22222,168
CASTEJÓN DE SOS,22465,168
CASTEJÓN DEL PUENTE,22310,168
CASTELFLORITE,22215,168
CASTELL DE MUR,25198,168
CASTELLANOS DE ZAPARDIEL,05229,168
CASTELLAR,23260,168
CASTELLAR DE LA RIBERA,25289,168
CASTELLAR DE SANTIAGO,13750,168
CASTELLDANS,25154,168
CASTELLNOU DE SEANA,25265,168
CASTELLSERÀ,25334,168
CASTELLÓ DE FARFANYA,25136,168
CASTIELLO DE JACA,22710,168
CASTIGALEU,22585,168
CASTILBLANCO,06680,168
CASTILLAZUELO,22313,168
CASTILLEJO DE INIESTA,16250,168
CASTILLEJO-SIERRA,16141,168
CASTILLO DE GARCIMUÑOZ,16623,168
CASTILLO DE LOCUBÍN,23670,168
CASTILLO-ALBARÁÑEZ,16854,168
CASTILLONROY,22570,168
CASTRELO DE MIÑO,32430,168
CASTRELO DO VAL,32591,168
CASTRO CALDELAS,32760,168
CASTUERA,06420,168
CAVA,25722,168
CAZALILLA,23628,168
CAZORLA,23469,168
CAÑADA DE CALATRAVA,13430,168
CAÑADA DEL HOYO,16340,168
CAÑADA JUNCOSA,16720,168
CAÑAMARES,16890,168
CAÑAVERAS,16850,168
CAÑAVERUELAS,16537,168
CAÑETE,16300,168
CAÑIZARES,16890,168
CEBREROS,05260,168
CELANOVA,32800,168
CENLLE,32450,168
CEPEDA LA MORA,05132,168
CERVERA,25200,168
CERVERA DEL LLANO,16444,168
CERVIÀ DE LES GARRIGUES,25460,168
CHALAMERA,22233,168
CHAMARTÍN,05141,168
CHANDREXA DE QUEIXA,32767,168
CHELES,06105,168
CHICLANA DE SEGURA,23264,168
CHILLUÉVAR,23470,168
CHILLÓN,13412,168
CHIMILLAS,22194,168
CHUCENA,21891,168
CHUMILLAS,16216,168
CHÍA,22465,168
CILLÁN,05149,168
CISLA,05211,168
CIUDAD REAL,13001,168
CIUTADILLA,25341,168
CLARIANA DE CARDENER,25290,168
COLES,32100,168
COLL DE NARGÓ,25790,168
COLLADO DE CONTRERAS,05309,168
COLLADO DEL MIRÓN,05153,168
COLUNGO,22148,168
CONCA DE DALT,25516,168
CONSTANZANA,05217,168
CORBINS,25137,168
CORDOBILLA DE LÁCARA,06487,168
CORRAL DE CALATRAVA,13190,168
CORTE DE PELEAS,06196,168
CORTECONCEPCIÓN,21209,168
CORTEGADA,32200,168
CORTEGANA,21230,168
CORTELAZOR,21208,168
CRESPOS,05300,168
CRISTINA,06479,168
CUALEDRO,32680,168
CUBELLS,25737,168
CUEVA DEL HIERRO,16879,168
CUEVAS DEL VALLE,05414,168
CUMBRES DE ENMEDIO,21387,168
CUMBRES DE SAN BARTOLOMÉ,21386,168
CUMBRES MAYORES,21380,168
CÁRCHELES,23191,168
CÓZAR,13345,168
DAIMIEL,13250,168
DIEGO DEL CARPIO,05151,168
DON BENITO,06400,168
DON ÁLVARO,06820,168
DONJIMENO,05217,168
DONVIDAS,05125,168
EL ACEBRÓN,16412,168
EL ALMENDRO,21593,168
EL ARENAL,05416,168
EL BARRACO,05110,168
EL BOHODÓN,05165,168
EL CAMPILLO,21649,168
EL CARRASCALEJO,06894,168
EL CAÑAVATE,16738,168
EL CERRO DE ANDÉVALO,21320,168
EL COGUL,25152,168
EL FRESNO,05197,168
EL GRADO,22312,168
EL GRANADO,21594,168
EL HERRUMBLAR,16290,168
EL HITO,16441,168
EL HORNILLO,05415,168
EL HOYO DE PINARES,05250,168
EL LOSAR DEL BARCO,05692,168
EL MIRÓN,05153,168
EL OSO,05164,168
EL PALAU D'ANGLESOLA,25243,168
EL PARRAL,05146,168
EL PEDERNOSO,16638,168
EL PERAL,16240,168
EL PICAZO,16211,168
EL POAL,25143,168
EL PONT DE BAR,25722,168
EL PONT DE SUERT,25514,168
EL POZUELO,16812,168
EL PROVENCIO,16670,168
EL PUEYO DE ARAGUÁS,22338,168
EL ROBLEDO,13114,168
EL SOLERÀS,25163,168
EL TIEMBLO,05270,168
EL VALLE DE ALTOMIRA,16510,168
ELS ALAMÚS,25221,168
ELS OMELLONS,25412,168
ELS OMELLS DE NA GAIA,25268,168
ELS PLANS DE SIÓ,25212,168
ELS TORMS,25164,168
ENCINASOLA,21390,168
ENGUÍDANOS,16372,168
ENTRIMO,32860,168
ENTRÍN BAJO,06197,168
ES BÒRDES,25551,168
ESCACENA DEL CAMPO,21870,168
ESCAÑUELA,23657,168
ESGOS,32720,168
ESPARRAGALEJO,06860,168
ESPARRAGOSA DE LA SERENA,06439,168
ESPARRAGOSA DE LARES,06620,168
ESPELUY,23628,168
ESPINOSA DE LOS CABALLEROS,05296,168
ESPLÚS,22535,168
ESPOT,25597,168
ESTADA,22424,168
ESTADILLA,22423,168
ESTAMARIU,25719,168
ESTARÀS,25214,168
ESTERRI D'ÀNEU,25580,168
ESTERRI DE CARDÓS,25571,168
ESTOPIÑÁN DEL CASTILLO,22572,168
FAGO,22729,168
FANLO,22375,168
FARRERA,25595,168
FERIA,06390,168
FERNÁN CABALLERO,13140,168
FISCAL,22371,168
FONDARELLA,25244,168
FONTANAREJO,13193,168
FONTIVEROS,05310,168
FONZ,22417,168
FORADADA,25737,168
FORADADA DEL TOSCAR,22337,168
FRAGA,22520,168
FRAILES,23488,168
FREGENAL DE LA SIERRA,06340,168
FRESNEDA DE ALTAREJOS,16122,168
FRESNEDA DE LA SIERRA,16141,168
FRESNEDILLA,05427,168
FUENCALIENTE,13130,168
FUENLLANA,13333,168
FUENSANTA DE MARTOS,23610,168
FUENTE DE CANTOS,06240,168
FUENTE DE PEDRO NAHARRO,16411,168
FUENTE DEL ARCO,06980,168
FUENTE DEL MAESTRE,06360,168
FUENTE EL FRESNO,13428,168
FUENTE EL SAÚZ,05212,168
FUENTEHERIDOS,21290,168
FUENTELESPINO DE HARO,16647,168
FUENTELESPINO DE MOYA,16311,168
FUENTENAVA DE JÁBAGA,16190,168
FUENTES,16193,168
FUENTES DE AÑO,05212,168
FUERTE DEL REY,23180,168
FUERTESCUSA,16890,168
FULLEDA,25411,168
FÍGOLS I ALINYÀ,25794,168
GABALDÓN,16214,168
GALAROZA,21291,168
GALLEGOS DE ALTAMIROS,05141,168
GALLEGOS DE SOBRINOS,05147,168
GARABALLA,16312,168
GARBAYUELA,06690,168
GARGANTA DEL VILLAR,05134,168
GARLITOS,06656,168
GASCUEÑA,16532,168
GAVET DE LA CONCA,25638,168
GAVILANES,05460,168
GEMUÑO,05197,168
GETAFE,28901,130
GIL GARCÍA,05693,168
GILBUENA,05619,168
GIMENELLS I EL PLA DE LA FONT,25112,168
GIMIALCÓN,05380,168
GISTAÍN,22367,168
GOLMÉS,25241,168
GOMESENDE,32212,168
GOTARRENDURA,05163,168
GRAJA DE CAMPALBO,16339,168
GRAJA DE INIESTA,16251,168
GRANDES Y SAN MARTÍN,05357,168
GRANJA DE TORREHERMOSA,06910,168
GRANYANELLA,25218,168
GRANYENA DE LES GARRIGUES,25160,168
GRANYENA DE SEGARRA,25217,168
GRANÁTULA DE CALATRAVA,13360,168
GRAUS,22430,168
GRAÑÉN,22225,168
GUADALMEZ,13490,168
GUADIANA DEL CAUDILLO,06186,168
GUAREÑA,06410,168
GUARROMÁN,23210,168
GUIMERÀ,25341,168
GUISANDO,05417,168
GUISSONA,25210,168
GUIXERS,25285,168
GURREA DE GÁLLEGO,22116,168
GUTIERRE-MUÑOZ,05296,168
GÉNAVE,23392,168
GÓSOL,25716,168
HELECHOSA DE LOS MONTES,06692,168
HENAREJOS,16312,168
HERENCIA,13640,168
HERNANSANCHO,05164,168
HERRADÓN DE PINARES,05196,168
HERRERA DEL DUQUE,06670,168
HERREROS DE SUSO,05146,168
HIGUERA DE CALATRAVA,23611,168
HIGUERA DE LA SERENA,06441,168
HIGUERA DE LA SIERRA,21220,168
HIGUERA DE LAS DUEÑAS,05427,168
HIGUERA DE LLERENA,06445,168
HIGUERA DE VARGAS,06132,168
HIGUERA LA REAL,06350,168
HINOJALES,21388,168
HINOJARES,23486,168
HINOJOS,21740,168
HINOJOSA DEL VALLE,06226,168
HINOJOSAS DE CALATRAVA,13590,168
HONRUBIA,16730,168
HONTANAYA,16421,168
HONTECILLAS,16118,168
HORCAJO DE LAS TORRES,05210,168
HORCAJO DE LOS MONTES,13110,168
HORCAJO DE SANTIAGO,16410,168
HORNACHOS,06228,168
HORNOS,23292,168
HOYOCASERO,05123,168
HOYORREDONDO,05516,168
HOYOS DE MIGUEL MUÑOZ,05132,168
HOYOS DEL COLLADO,05634,168
HOYOS DEL ESPINO,05364,168
HOZ DE JACA,22662,168
HOZ Y COSTEAN,22312,168
HUELMA,23560,168
HUELVES,16465,168
HUERTA DE LA OBISPALÍA,16195,168
HUERTA DEL MARQUESADO,16316,168
HUERTO,22210,168
HUESA,23487,168
HUESCA,22000,168
HUETE,16500,168
HURTUMPASCUAL,05147,168
HUÉLAMO,16152,168
HUÉRGUINA,16311,168
IBIECA,22122,168
IBROS,23450,168
IGRIÉS,22193,168
ILCHE,22415,168
INIESTA,16235,168
ISLA CRISTINA,21410,168
ISONA I CONCA DELLÀ,25650,168
ISÁBENA,22462,168
IVARS D'URGELL,25260,168
IVARS DE NOGUERA,25122,168
IVORRA,25216,168
IZNATORAF,23338,168
JABALQUINTO,23629,168
JABUGO,21290,168
JACA,22349,168
JAMILENA,23658,168
JASA,22731,168
JAÉN,23001,168
JEREZ DE LOS CABALLEROS,06380,168
JIMENA,23530,168
JUNCIANA,05694,168
JUNCOSA,25165,168
JUNEDA,25430,168
JÓDAR,23500,168
L' ALBAGÉS,25155,168
L' ALBI,25450,168
L' ESPLUGA CALBA,25410,168
LA ADRADA,05430,168
LA ALBERCA DE ZÁNCARA,16620,168
LA ALBUERA,06170,168
LA ALDEHUELA,05593,168
LA ALMARCHA,16740,168
LA BARONIA DE RIALB,25747,168
LA CAROLINA,23200,168
LA CARRERA,05620,168
LA CIERVA,16340,168
LA CODOSERA,06518,168
LA COLILLA,05192,168
LA COMA I LA PEDRA,25284,168
LA CORONADA,06469,168
LA FLORESTA,25413,168
LA FRONTERA,16144,168
LA FUEVA,22336,168
LA FULIOLA,25332,168
LA GARROVILLA,06870,168
LA GRANADELLA,25177,168
LA GRANJA D'ESCARP,25185,168
LA GUARDIA DE JAÉN,23170,168
LA GUINGUETA D'ÀNEU,25588,168
LA HABA,06174,168
LA HIJA DE DIOS,05131,168
LA HINOJOSA,16435,168
LA HORCAJADA,05695,168
LA IRUELA,23476,168
LA LAPA,06391,168
LA MORERA,06176,168
LA NAVA,21291,168
LA NAVA DE SANTIAGO,06486,168
LA PARRA,06175,168
LA PARRA DE LAS VEGAS,16113,168
LA PERALEJA,16532,168
LA PESQUERA,16269,168
LA POBLA DE CÉRVOLES,25471,168
LA POBLA DE SEGUR,25500,168
LA PORTELLA,25134,168
LA PUEBLA DE CASTRO,22435,168
LA PUERTA DE SEGURA,23360,168
LA ROCA DE LA SIERRA,06190,168
LA SENTIU DE SIÓ,25617,168
LA SERRADA,05192,168
LA SEU D'URGELL,25700,168
LA SOLANA,13240,168
LA SOTONERA,22160,168
LA TORRE,05520,168
LA TORRE DE CABDELLA,25510,168
LA VALL DE BOÍ,25327,168
LA VANSA I FÓRNOLS,25717,168
LA ZARZA,06830,168
LABUERDA,22360,168
LAGUNA DEL MARQUESADO,16316,168
LAGUNASECA,16878,168
LAHIGUERA,23746,168
LALUENGA,22125,168
LALUEZA,22212,168
LANAJA,22213,168
LANDETE,16330,168
LANGA,05213,168
LANZAHÍTA,05490,168
LAPERDIGUERA,22126,168
LAROUCO,32357,168
LARVA,23591,168
LAS BERLANAS,05162,168
LAS LABORES,13660,168
LAS MAJADAS,16142,168
LAS MESAS,16650,168
LAS NAVAS DEL MARQUÉS,05230,168
LAS PEDROÑERAS,16660,168
LAS PEÑAS DE RIGLOS,22808,168
LAS VALERAS,16120,168
LASCELLAS-PONZANO,22124,168
LASCUARRE,22586,168
LASPAÚLES,22361,168
LASPUÑA,22361,168
LAZA,32620,168
LEDAÑA,16237,168
LEGANIEL,16461,168
LEIRO,32419,168
LEPE,21400,168
LES,25540,168
LES AVELLANES I SANTA LINYA,25611,168
LES BORGES BLANQUES,25400,168
LES OLUGES,25214,168
LES VALLS D'AGUILAR,25714,168
LES VALLS DE VALIRA,25798,168
LINARES,23490,168
LINARES DE LA SIERRA,21207,168
LINYOLA,25240,168
LLADORRE,25571,168
LLADURS,25283,168
LLANOS DEL CAUDILLO,13220,168
LLARDECANS,25186,168
LLAVORSÍ,25594,168
LLERA,06227,168
LLERENA,06900,168
LLES DE CERDANYA,25726,168
LLIMIANA,25638,168
LLOBERA,25281,168
LOARRE,22809,168
LOBEIRA,32846,168
LOBIOS,32869,168
LOBÓN,06187,168
LOPERA,23780,168
LOPORZANO,22140,168
LOS CORTIJOS,13427,168
LOS HINOJOSOS,16417,168
LOS LLANOS DE TORMES,05690,168
LOS MARINES,21208,168
LOS POZUELOS DE CALATRAVA,13191,168
LOS SANTOS DE MAIMONA,06230,168
LOS VALDECOLMENAS,16541,168
LOS VILLARES,23160,168
LOSCORRALES,22809,168
LUCENA DEL PUERTO,21820,168
LUCIANA,13108,168
LUPIÑÉN-ORTILLA,22810,168
LUPIÓN,23519,168
MACEDA,32700,168
MADRIGAL DE LAS ALTAS TORRES,05220,168
MAELLO,05291,168
MAGACELA,06468,168
MAGUILLA,06939,168
MAIALS,25179,168
MALAGÓN,13194,168
MALCOCINADO,06928,168
MALDÀ,25266,168
MALPARTIDA DE CORNEJA,05153,168
MALPARTIDA DE LA SERENA,06440,168
MAMBLAS,05298,168
MANCERA DE ARRIBA,05146,168
MANCHA REAL,23100,168
MANCHITA,06478,168
MANJABÁLAGO Y ORTIGOSA DE RIOALMAR,05145,168
MANZANARES,13200,168
MANZANEDA,32375,168
MANZANILLA,21890,168
MARIANA,16143,168
MARLÍN,05140,168
MARMOLEJO,23770,168
MARTIHERRERO,05140,168
MARTOS,23600,168
MARTÍNEZ,05151,168
MASEGOSA,16878,168
MASIDE,32570,168
MASSALCOREIG,25184,168
MASSOTERES,25211,168
MEDELLÍN,06411,168
MEDIANA DE VOLTOYA,05194,168
MEDINA DE LAS TORRES,06320,168
MEDINILLA,05619,168
MELÓN,32410,168
MEMBRILLA,13230,168
MENGABRIL,06413,168
MENGAMUÑOZ,05131,168
MENGÍBAR,23620,168
MENÀRGUENS,25139,168
MESEGAR DE CORNEJA,05514,168
MESTANZA,13592,168
MIGUELTURRA,13170,168
MIJARES,05461,168
MINAS DE RIOTINTO,21660,168
MINGLANILLA,16260,168
MINGORRÍA,05161,168
MIRA,16393,168
MIRALCAMP,25242,168
MIRANDILLA,06891,168
MIRONCILLO,05191,168
MIRUEÑA DE LOS INFANZONES,05146,168
MOGUER,21130,168
MOLLERUSSA,25230,168
MOMBELTRÁN,05410,168
MONESMA Y CAJIGAR,22587,168
MONESTERIO,06260,168
MONFLORITE-LASCASAS,22111,168
MONREAL DEL LLANO,16649,168
MONSALUPE,05163,168
MONTALBANEJO,16434,168
MONTALBO,16440,168
MONTANUY,22473,168
MONTEAGUDO DE LAS SALINAS,16360,168
MONTEDERRAMO,32750,168
MONTELLÀ I MARTINET,25724,168
MONTEMOLÍN,06291,168
MONTERREI,32611,168
MONTERRUBIO DE LA SERENA,06427,168
MONTFERRER I CASTELLBÒ,25711,168
MONTGAI,25315,168
MONTIEL,13326,168
MONTIJO,06480,168
MONTIZÓN,23265,168
MONTOLIU DE SEGARRA,25217,168
MONTORNÈS DE SEGARRA,25340,168
MONZÓN,22400,168
MORAL DE CALATRAVA,13350,168
MORALEJA DE MATACABRAS,05299,168
MOTA DE ALTAREJOS,16780,168
MOTA DEL CUERVO,16630,168
MOTILLA DEL PALANCAR,16200,168
MOYA,16337,168
MURILLO DE GÁLLEGO,22808,168
MUÍÑOS,32880,168
MUÑANA,05540,168
MUÑICO,05145,168
MUÑOGALINDO,05530,168
MUÑOGRANDE,05309,168
MUÑOMER DEL PECO,05358,168
MUÑOPEPE,05192,168
MUÑOSANCHO,05380,168
MUÑOTELLO,05560,168
NALEC,25341,168
NARBONETA,16371,168
NARRILLOS DEL REBOLLAR,05141,168
NARRILLOS DEL ÁLAMO,05154,168
NARROS DE SALDUEÑA,05358,168
NARROS DEL CASTILLO,05370,168
NARROS DEL PUERTO,05131,168
NAUT ARAN,25539,168
NAVA DE ARÉVALO,05216,168
NAVA DEL BARCO,05697,168
NAVACEPEDILLA DE CORNEJA,05571,168
NAVADIJOS,05134,168
NAVAESCURIAL,05514,168
NAVAHONDILLA,05429,168
NAVAL,22320,168
NAVALACRUZ,05134,168
NAVALMORAL,05120,168
NAVALONGUILLA,05697,168
NAVALOSA,05123,168
NAVALPERAL DE PINARES,05240,168
NAVALPERAL DE TORMES,05631,168
NAVALPINO,13193,168
NAVALUENGA,05100,168
NAVALVILLAR DE PELA,06730,168
NAVAQUESERA,05122,168
NAVARREDONDA DE GREDOS,05635,168
NAVARREDONDILLA,05120,168
NAVARREVISCA,05115,168
NAVAS DE ESTENA,13194,168
NAVAS DE SAN JUAN,23240,168
NAVATALGORDO,05122,168
NAVATEJARES,05697,168
NAVÈS,25286,168
NEILA DE SAN MIGUEL,05619,168
NERVA,21670,168
NIEBLA,21840,168
NIHARRA,05191,168
NOALEJO,23140,168
NOGALES,06173,168
NOGUEIRA DE RAMUÍN,32160,168
NOVALES,22113,168
NUENO,22193,168
O BARCO DE VALDEORRAS,32300,168
O BOLO,32357,168
O CARBALLIÑO,32500,168
O IRIXO,32526,168
O PEREIRO DE AGUIAR,32710,168
ODÈN,25283,168
OJOS-ALBOS,05193,168
OLIANA,25790,168
OLIOLA,25318,168
OLIUS,25280,168
OLIVA DE LA FRONTERA,06120,168
OLIVARES DE JÚCAR,16760,168
OLIVENZA,06100,168
OLMEDA DE LA CUESTA,16852,168
OLMEDA DEL REY,16216,168
OLMEDILLA DE ALARCÓN,16118,168
OLMEDILLA DE ELIZ,16853,168
OLVENA,22439,168
ONTIÑENA,22232,168
ORBITA,05296,168
ORCERA,23370,168
ORELLANA DE LA SIERRA,06750,168
ORELLANA LA VIEJA,06740,168
ORGANYÀ,25794,168
OS BLANCOS,32632,168
OS DE BALAGUER,25610,168
OSA DE LA VEGA,16423,168
OSSO DE CINCA,22531,168
OSSÓ DE SIÓ,25318,168
OÍMBRA,32613,168
PADERNE DE ALLARIZ,32110,168
PADIERNOS,05520,168
PADRENDA,32220,168
PAJARES DE ADAJA,05292,168
PAJARONCILLO,16390,168
PAJARÓN,16390,168
PALACIOS DE GODA,05215,168
PALO,22337,168
PALOMARES DEL CAMPO,16160,168
PALOMAS,06476,168
PALOMERA,16192,168
PALOS DE LA FRONTERA,21130,168
PANTICOSA,22650,168
PAPATRIGO,05358,168
PARACUELLOS,16372,168
PARADA DE SIL,32740,168
PAREDES,16465,168
PASCUALCOBO,05150,168
PATERNA DEL CAMPO,21880,168
PAYMOGO,21560,168
PEAL DE BECERRO,23460,168
PEDRO BERNARDO,05470,168
PEDRO MUÑOZ,13620,168
PEDRO-RODRÍGUEZ,05165,168
PEGALAJAR,23110,168
PEGUERINOS,05239,168
PENELLES,25240,168
PERALEDA DEL ZAUCEJO,06919,168
PERALTA DE ALCOFEA,22131,168
PERALTA DE CALASANZ,22513,168
PERALTILLA,22311,168
PERAMOLA,25790,168
PERARRÚA,22460,168
PERTUSA,22132,168
PETÍN,32356,168
PEÑALBA,22592,168
PEÑALSORDO,06610,168
PICÓN,13196,168
PIEDRABUENA,13100,168
PIEDRAHÍTA,05500,168
PIEDRALAVES,05440,168
PINAREJO,16622,168
PINEDA DE GIGÜELA,16541,168
PINELL DE SOLSONÈS,25286,168
PINÓS,25287,168
PIQUERAS DEL CASTILLO,16118,168
PIRACÉS,22268,168
PIZARRA,25969,168
PIÑOR,32135,168
PLAN,22366,168
POBLETE,13195,168
POLEÑINO,22216,168
PONTEDEVA,32235,168
PONTS,25740,168
PORCUNA,23790,168
PORQUEIRA,32641,168
PORTALRUBIO DE GUADAMEJUD,16522,168
PORTILLA,16141,168
PORZUNA,13118,168
POVEDA,05560,168
POYALES DEL HOYO,05198,168
POYATOS,16878,168
POZANCO,05292,168
POZO ALCÓN,23485,168
POZOAMARGO,16708,168
POZORRUBIELOS DE LA MANCHA,16212,168
POZORRUBIO DE SANTIAGO,16414,168
POZUELO DE CALATRAVA,13179,168
POZÁN DE VERO,22313,168
PRADOSEGAR,05560,168
PRATS I SANSOR,25721,168
PREIXANA,25263,168
PREIXENS,25316,168
PRIEGO,16800,168
PRULLANS,25727,168
PUEBLA DE ALCOCER,06630,168
PUEBLA DE ALMENARA,16421,168
PUEBLA DE DON RODRIGO,13109,168
PUEBLA DE GUZMÁN,21550,168
PUEBLA DE LA CALZADA,06490,168
PUEBLA DE LA REINA,06477,168
PUEBLA DE OBANDO,06191,168
PUEBLA DE SANCHO PÉREZ,06310,168
PUEBLA DEL MAESTRE,06906,168
PUEBLA DEL PRIOR,06229,168
PUEBLA DEL PRÍNCIPE,13342,168
PUEBLA DEL SALVADOR,16269,168
PUEBLONUEVO DEL GUADIANA,06184,168
PUENTE DE GÉNAVE,23350,168
PUENTE DE MONTAÑANA,22584,168
PUENTE LA REINA DE JACA,22750,168
PUERTO CASTILLA,05621,168
PUERTO LÁPICE,13650,168
PUERTO MORAL,21209,168
PUERTOLLANO,13500,168
PUEYO DE SANTA CRUZ,22416,168
PUIGGRÒS,25420,168
PUIGVERD D'AGRAMUNT,25318,168
PUNTA UMBRÍA,21100,168
PUNXÍN,32452,168
PUÉRTOLAS,22362,168
QUESADA,23480,168
QUICENA,22191,168
QUINTANA DE LA SERENA,06450,168
QUINTANAR DEL REY,16220,168
QUINTELA DE LEIRADO,32814,168
RADA DE HARO,16649,168
RAIRIZ DE VEIGA,32652,168
RAMIRÁS,32810,168
RASUEROS,05298,168
REINA,06970,168
RENA,06715,168
RETAMAL DE LLERENA,06442,168
RETUERTA DEL BULLAQUE,13194,168
REÍLLO,16390,168
RIALP,25594,168
RIBADAVIA,32400,168
RIBERA D'ONDARA,25213,168
RIBERA D'URGELLET,25713,168
RIBERA DEL FRESNO,06225,168
RINER,25287,168
RIOCABADO,05150,168
RIOFRÍO,05190,168
RISCO,06657,168
RIU DE CERDANYA,25721,168
RIVILLA DE BARAJAS,05309,168
RIÓS,32610,168
ROBRES,22252,168
ROCIANA DEL CONDADO,21720,168
ROSAL DE LA FRONTERA,21250,168
ROSSELLÓ,25124,168
ROZALÉN DEL MONTE,16432,168
RUBIÁ,32310,168
RUIDERA,13249,168
RUS,23412,168
SABIOTE,23410,168
SABIÑÁNIGO,22392,168
SACEDA-TRASIERRA,16463,168
SACERUELA,13414,168
SAELICES,16430,168
SAHÚN,22467,168
SALAS ALTAS,22314,168
SALAS BAJAS,22314,168
SALILLAS,22110,168
SALINAS DEL MANZANO,16317,168
SALLENT DE GÁLLEGO,22640,168
SALMERONCILLOS,16813,168
SALOBRAL,05520,168
SALVACAÑETE,16318,168
SALVADIÓS,05380,168
SALVATIERRA DE LOS BARROS,06175,168
SALÀS DE PALLARS,25693,168
SAN AMARO,32453,168
SAN BARTOLOMÉ DE BÉJAR,05619,168
SAN BARTOLOMÉ DE CORNEJA,05516,168
SAN BARTOLOMÉ DE LA TORRE,21510,168
SAN BARTOLOMÉ DE PINARES,05267,168
SAN CARLOS DEL VALLE,13247,168
SAN CIBRAO DAS VIÑAS,32005,168
SAN CLEMENTE,16600,168
SAN CRISTOVO DE CEA,32130,168
SAN ESTEBAN DE LITERA,22512,168
SAN ESTEBAN DE LOS PATOS,05289,168
SAN ESTEBAN DE ZAPARDIEL,05229,168
SAN ESTEBAN DEL VALLE,05412,168
SAN GARCÍA DE INGELMOS,05146,168
SAN JUAN DE GREDOS,05631,168
SAN JUAN DE LA ENCINILLA,05210,168
SAN JUAN DE LA NAVA,05111,168
SAN JUAN DE PLAN,22367,168
SAN JUAN DEL MOLINILLO,05120,168
SAN JUAN DEL OLMO,05145,168
SAN JUAN DEL PUERTO,21610,168
SAN LORENZO DE CALATRAVA,13779,168
SAN LORENZO DE LA PARRILLA,16770,168
SAN LORENZO DE TORMES,05696,168
SAN MARTÍN DE BONICHES,16370,168
SAN MARTÍN DE LA VEGA DEL ALBERCHE,05133,168
SAN MARTÍN DEL PIMPOLLAR,05132,168
SAN MIGUEL DE CORNEJA,05514,168
SAN MIGUEL DE SERREZUELA,05150,168
SAN MIGUEL DEL CINCA,22411,168
SAN PASCUAL,05164,168
SAN PEDRO DEL ARROYO,05350,168
SAN PEDRO PALMICHES,16813,168
SAN SILVESTRE DE GUZMÁN,21591,168
SAN VICENTE DE ALCÁNTARA,06500,168
SAN VICENTE DE ARÉVALO,05217,168
SAN XOÁN DE RÍO,32770,168
SANAÜJA,25753,168
SANCHIDRIÁN,05290,168
SANCHORREJA,05141,168
SANCTI-SPÍRITUS,06655,168
SANDIÁS,32692,168
SANGARRÉN,22100,168
SANLÚCAR DE GUADIANA,21595,168
SANT ESTEVE DE LA SARGA,25632,168
SANT GUIM DE LA PLANA,25211,168
SANT LLORENÇ DE MORUNYS,25193,168
SANT MARTÍ DE RIUCORB,25267,168
SANT RAMON,25215,168
SANTA AMALIA,06410,168
SANTA ANA LA REAL,21239,168
SANTA BÁRBARA DE CASA,21570,168
SANTA CILIA,22752,168
SANTA CRUZ DE LA SERÓS,22791,168
SANTA CRUZ DE LOS CÁÑAMOS,13327,168
SANTA CRUZ DE MOYA,16336,168
SANTA CRUZ DE MUDELA,13730,168
SANTA CRUZ DE PINARES,05268,168
SANTA CRUZ DEL VALLE,05413,168
SANTA ELENA,23213,168
SANTA EULALIA DE GÁLLEGO,22806,168
SANTA MARTA,06150,168
SANTA MARÍA DE DULCIS,22146,168
SANTA MARÍA DE LOS CABALLEROS,05580,168
SANTA MARÍA DE LOS LLANOS,16639,168
SANTA MARÍA DEL ARROYO,05530,168
SANTA MARÍA DEL BERROCAL,05510,168
SANTA MARÍA DEL CAMPO RUS,16621,168
SANTA MARÍA DEL CUBILLO,05193,168
SANTA MARÍA DEL TIÉTAR,05429,168
SANTA MARÍA DEL VAL,16878,168
SANTA OLALLA DEL CALA,21260,168
SANTALIESTRA Y SAN QUÍLEZ,22460,168
SANTIAGO DE CALATRAVA,23612,168
SANTIAGO DEL COLLADO,05592,168
SANTIAGO DEL TORMES,05630,168
SANTIAGO-PONTONES,23290,168
SANTISTEBAN DEL PUERTO,23250,168
SANTO DOMINGO DE LAS POSADAS,05292,168
SANTO TOMÉ,23311,168
SANTO TOMÉ DE ZABARCOS,05357,168
SARIÑENA,22200,168
SARREAUS,32631,168
SARROCA DE BELLERA,25555,168
SECASTILLA,22391,168
SEGURA DE LA SIERRA,23293,168
SEIRA,22463,168
SENA,22230,168
SENTERADA,25214,168
SENÉS DE ALCUBIERRE,22253,168
SERRANILLOS,05115,168
SERÒS,25183,168
SESA,22110,168
SESUÉ,22467,168
SIDAMON,25222,168
SIGERES,05357,168
SILES,23380,168
SINLABAJOS,05215,168
SIRUELA,06650,168
SISANTE,16700,168
SIÉTAMO,22120,168
SOCUÉLLAMOS,13630,168
SOLANA DE LOS BARROS,06196,168
SOLANA DE RIOALMAR,05149,168
SOLANA DEL PINO,13593,168
SOLERA DE GABALDÓN,16216,168
SOLOSANCHO,05130,168
SOLSONA,25280,168
SOPEIRA,22583,168
SORIGUERA,25566,168
SORIHUELA DEL GUADALIMAR,23270,168
SORT,25560,168
SOSES,25181,168
SOTALBO,05198,168
SOTILLO DE LA ADRADA,05420,168
SOTORRIBAS,16143,168
SUDANELL,25173,168
SUNYER,25174,168
TABOADELA,32690,168
TALARN,25630,168
TALARRUBIAS,06640,168
TALAVERA LA REAL,06140,168
TALAYUELAS,16320,168
TAMARITE DE LITERA,22549,168
TAMUREJO,06658,168
TARANCÓN,16400,168
TARDIENTA,22240,168
TARROJA DE SEGARRA,25211,168
TARRÉS,25480,168
TEJADILLOS,16317,168
TELLA-SIN,22364,168
TERRINCHES,13341,168
TIERZ,22192,168
TINAJAS,16522,168
TIURANA,25791,168
TIÑOSILLOS,05165,168
TOLBAÑOS,05289,168
TOLVA,22585,168
TOMELLOSO,13629,168
TORLA-ORDESA,22376,168
TORMELLAS,05697,168
TORNABOUS,25331,168
TORRALBA,16842,168
TORRALBA DE ARAGÓN,22254,168
TORRALBA DE CALATRAVA,13160,168
TORRE DE JUAN ABAD,13344,168
TORRE DE MIGUEL SESMERO,06172,168
TORRE LA RIBERA,22451,168
TORRE-SERONA,25131,168
TORREBESSES,25176,168
TORREBLASCOPEDRO,23510,168
TORREDELCAMPO,23640,168
TORREDONJIMENO,23650,168
TORREFARRERA,25110,168
TORREFETA I FLOREJACS,25211,168
TORREGROSSA,25141,168
TORREJONCILLO DEL REY,16161,168
TORRELAMEU,25138,168
TORREMAYOR,06880,168
TORREMEJÍA,06210,168
TORRENTE DE CINCA,22590,168
TORRENUEVA,13740,168
TORREPEROGIL,23320,168
TORRES,23540,168
TORRES DE ALBÁNCHEZ,23391,168
TORRES DE ALCANADRE,22132,168
TORRES DE BARBUÉS,22255,168
TORRES DE SEGRE,25170,168
TORRUBIA DEL CAMPO,16413,168
TORRUBIA DEL CASTILLO,16739,168
TORÀ,25750,168
TOÉN,32920,168
TRAGACETE,16150,168
TRAMACED,22268,168
TRASIERRA,06909,168
TRASMIRAS,32631,168
TREMP,22583,168
TRESJUNCOS,16422,168
TRIBALDOS,16452,168
TRIGUEROS,21620,168
TRUJILLANOS,06892,168
TÀRREGA,25300,168
TÁLIGA,06133,168
TÉBAR,16710,168
TÉRMENS,25670,168
TÍRVIA,25595,168
TÓRTOLES,05514,168
UCLÉS,16452,168
UMBRÍAS,05693,168
USAGRE,06290,168
UÑA,16152,168
VADILLO DE LA SIERRA,05560,168
VALDECABALLEROS,06689,168
VALDECASA,05143,168
VALDELACALZADA,06185,168
VALDELARCO,21291,168
VALDEMANCO DEL ESTERAS,13411,168
VALDEMECA,16152,168
VALDEMORILLO DE LA SIERRA,16340,168
VALDEMORO-SIERRA,16316,168
VALDEOLIVAS,16813,168
VALDEPEÑAS,13300,168
VALDEPEÑAS DE JAÉN,23150,168
VALDETORRES,06474,168
VALDETÓRTOLA,16122,168
VALENZUELA DE CALATRAVA,13279,168
VALFARTA,22223,168
VALHERMOSO DE LA FUENTE,16214,168
VALL DE CARDÓS,25570,168
VALLBONA DE LES MONGES,25268,168
VALLE DE BARDAJÍ,22451,168
VALLE DE HECHO,22720,168
VALLE DE LA SERENA,06458,168
VALLE DE LIERP,22451,168
VALLE DE MATAMOROS,06177,168
VALLE DE SANTA ANA,06178,168
VALLFOGONA DE BALAGUER,25617,168
VALSALOBRE,16879,168
VALVERDE DE BURGUILLOS,06378,168
VALVERDE DE JÚCAR,16100,168
VALVERDE DE LLERENA,06927,168
VALVERDE DEL CAMINO,21600,168
VALVERDEJO,16214,168
VARA DE REY,16709,168
VEGA DE SANTA MARÍA,05292,168
VEGA DEL CODORNO,16150,168
VELAYOS,05292,168
VELILLA DE CINCA,22528,168
VELLISCA,16510,168
VENCILLÓN,22549,168
VERDÚ,25340,168
VEREA,32813,168
VERÍN,32600,168
VIACAMP Y LITERA,22584,168
VIANA DO BOLO,32550,168
VICIÉN,22190,168
VIELHA E MIJARAN,25530,168
VILA-SANA,25245,168
VILAGRASSA,25330,168
VILALLER,25552,168
VILAMARTÍN DE VALDEORRAS,32315,168
VILAMARÍN,32101,168
VILAMÒS,25551,168
VILANOVA DE BELLPUIG,25264,168
VILANOVA DE L'AGUDA,25748,168
VILANOVA DE LA BARCA,25690,168
VILANOVA DE MEIÀ,25735,168
VILANOVA DE SEGRIÀ,25133,168
VILAR DE BARRIO,32702,168
VILAR DE SANTOS,32650,168
VILARDEVÓS,32610,168
VILARIÑO DE CONSO,32547,168
VILCHES,23220,168
VILLABLANCA,21590,168
VILLACARRILLO,23300,168
VILLACONEJOS DE TRABAQUE,16860,168
VILLAESCUSA DE HARO,16647,168
VILLAFLOR,05357,168
VILLAFRANCA DE LA SIERRA,05571,168
VILLAFRANCA DE LOS BARROS,06220,168
VILLAGARCÍA DE LA TORRE,06950,168
VILLAGARCÍA DEL LLANO,16236,168
VILLAGONZALO,06473,168
VILLAHERMOSA,13331,168
VILLALBA DE LA SIERRA,16140,168
VILLALBA DE LOS BARROS,06208,168
VILLALBA DEL ALCOR,21860,168
VILLALBA DEL REY,16535,168
VILLALGORDO DEL MARQUESADO,16646,168
VILLALPARDO,16270,168
VILLAMANRIQUE,13343,168
VILLAMAYOR DE CALATRAVA,13595,168
VILLAMAYOR DE SANTIAGO,16415,168
VILLANOVA,22467,168
VILLANUEVA DE GUADAMEJUD,16532,168
VILLANUEVA DE GÓMEZ,05164,168
VILLANUEVA DE LA FUENTE,13330,168
VILLANUEVA DE LA JARA,16230,168
VILLANUEVA DE LA REINA,23730,168
VILLANUEVA DE LA SERENA,06700,168
VILLANUEVA DE LAS CRUCES,21592,168
VILLANUEVA DE LOS CASTILLEJOS,21540,168
VILLANUEVA DE LOS INFANTES,13320,168
VILLANUEVA DE SAN CARLOS,13379,168
VILLANUEVA DE SIGENA,22231,168
VILLANUEVA DEL ACERAL,05212,168
VILLANUEVA DEL ARZOBISPO,23330,168
VILLANUEVA DEL CAMPILLO,05591,168
VILLANUEVA DEL FRESNO,06110,168
VILLANÚA,22870,168
VILLAR DE CAÑAS,16433,168
VILLAR DE CORNEJA,05516,168
VILLAR DE DOMINGO GARCÍA,16191,168
VILLAR DE LA ENCINA,16648,168
VILLAR DE OLALLA,16195,168
VILLAR DE RENA,06716,168
VILLAR DEL HUMO,16370,168
VILLAR DEL INFANTADO,16813,168
VILLAR DEL POZO,13431,168
VILLAR DEL REY,06192,168
VILLAR Y VELASCO,16542,168
VILLARDOMPARDO,23659,168
VILLAREJO DE FUENTES,16432,168
VILLAREJO DE LA PEÑUELA,16541,168
VILLAREJO DEL VALLE,05413,168
VILLAREJO-PERIESTEBAN,16771,168
VILLARES DEL SAZ,16442,168
VILLARRASA,21850,168
VILLARRODRIGO,23393,168
VILLARRUBIA DE LOS OJOS,13670,168
VILLARRUBIO,16420,168
VILLARTA,16280,168
VILLARTA DE LOS MONTES,06678,168
VILLARTA DE SAN JUAN,13210,168
VILLAS DE LA VENTOSA,16843,168
VILLATORO,05560,168
VILLATORRES,23529,168
VILLAVERDE Y PASACONSOL,16111,168
VINAIXA,25440,168
VINDEL,16812,168
VISO DEL MARQUÉS,13739,168
VITA,05146,168
VIÑEGRA DE MORAÑA,05309,168
VÍLLORA,16371,168
XINZO DE LIMIA,32630,168
XUNQUEIRA DE AMBÍA,32670,168
XUNQUEIRA DE ESPADANEDO,32708,168
YEBRA DE BASA,22610,168
YÉMEDA,16373,168
YÉSERO,22639,168
ZAFRA,06300,168
ZAFRA DE ZÁNCARA,16771,168
ZAFRILLA,16317,168
ZAHÍNOS,06129,168
ZAIDÍN,22530,168
ZALAMEA DE LA SERENA,06430,168
ZALAMEA LA REAL,21640,168
ZAPARDIEL DE LA CAÑADA,05154,168
ZAPARDIEL DE LA RIBERA,05631,168
ZARZA DE TAJO,16470,168
ZARZA-CAPILLA,06611,168
ZARZUELA,16146,168
ZUFRE,21210,168
ÀGER,25611,168
ÚBEDA,23314,168
A FONSAGRADA,27100,151
A PASTORIZA,27246,151
A POBRA DO BROLLÓN,27330,151
A PONTENOVA,27720,151
ABADÍA,10748,151
ABADÍN,27730,151
ABERTURA,10262,151
ABLANQUE,19442,151
ABÁNADES,19432,151
ACEHÚCHE,10879,151
ACEITUNA,10666,151
ADOBES,19325,151
AHIGAL,10650,151
ALAGÓN DEL RÍO,10690,151
ALAMINOS,19490,151
ALARILLA,19127,151
ALBALATE DE ZORITA,19117,151
ALBALÁ,10187,151
ALBARES,19112,151
ALBENDIEGO,19275,151
ALCOCER,19125,151
ALCOLEA DE LAS PEÑAS,19277,151
ALCOLEA DEL PINAR,19260,151
ALCOLLARÍN,10135,151
ALCOROCHES,19310,151
ALCUÉSCAR,10160,151
ALCÁNTARA,10980,151
ALDEA DEL CANO,10163,151
ALDEACENTENERA,10251,151
ALDEANUEVA DE LA VERA,10440,151
ALDEANUEVA DEL CAMINO,10740,151
ALDEHUELA DE JERTE,10671,151
ALFOZ,27773,151
ALGAR DE MESA,19332,151
ALGORA,19268,151
ALHÓNDIGA,19132,151
ALIQUE,19129,151
ALISEDA,10550,151
ALMADRONES,19490,151
ALMARAZ,10350,151
ALMOGUERA,19115,151
ALMOHARÍN,10132,151
ALMONACID DE ZORITA,19118,151
ALOCÉN,19133,151
ALOVERA,19208,151
ALUSTANTE,19320,151
ALÍA,10137,151
ANGUITA,19283,151
ANGÓN,19245,151
ANQUELA DEL DUCADO,19286,151
ANQUELA DEL PEDREGAL,19357,151
ANTAS DE ULLA,27570,151
ARANZUEQUE,19141,151
ARBANCÓN,19237,151
ARBETETA,19492,151
ARGECILLA,19196,151
ARMALLONES,19461,151
ARMUÑA DE TAJUÑA,19135,151
ARROYO DE LA LUZ,10900,151
ARROYO DE LAS FRAGUAS,19135,151
ARROYOMOLINOS,10161,151
ARROYOMOLINOS DE LA VERA,10410,151
AS NOGAIS,27646,151
ATANZÓN,19153,151
ATIENZA,19270,151
AUÑÓN,19130,151
AZUQUECA DE HENARES,19200,151
BAIDES,19295,151
BALEIRA,27130,151
BARALLA,27680,151
BARRADO,10696,151
BARREIROS,27790,151
BARRIOPEDRO,19490,151
BAÑOS DE MONTEMAYOR,10750,151
BAÑOS DE TAJO,19390,151
BAÑUELOS,19276,151
BECERREÁ,27640,151
BEGONTE,27370,151
BELVÍS DE MONROY,10394,151
BENQUERENCIA,10185,151
BERNINCHES,19133,151
BERROCALEJO,10392,151
BERZOCANA,10129,151
BOHONAL DE IBOR,10320,151
BOTIJA,10185,151
BRIHUEGA,19400,151
BROZAS,10950,151
BUDIA,19133,151
BUJALARO,19247,151
BURELA,27880,151
BUSTARES,19243,151
BÓVEDA,27340,151
CABANILLAS DEL CAMPO,19171,151
CABAÑAS DEL CASTILLO,10372,151
CABEZABELLOSA,10729,151
CABEZUELA DEL VALLE,10610,151
CABRERO,10616,151
CACHORRILLA,10881,151
CADALSO,10865,151
CALZADILLA,10817,151
CAMINOMORISCO,10620,151
CAMPILLO DE DELEITOSA,10329,151
CAMPILLO DE DUEÑAS,19360,151
CAMPILLO DE RANAS,19223,151
CAMPISÁBALOS,19275,151
CAMPO LUGAR,10134,151
CANREDONDO,19431,151
CANTALOJAS,19274,151
CARBAJO,10511,151
CARBALLEDO,27520,151
CARCABOSO,10670,151
CARRASCALEJO,10331,151
CASA DE UCEDA,19184,151
CASAR DE PALOMERO,10630,151
CASARES DE LAS HURDES,10628,151
CASAS DE DON ANTONIO,10162,151
CASAS DE DON GÓMEZ,10816,151
CASAS DE MILLÁN,10592,151
CASAS DE MIRAVETE,10360,151
CASAS DE SAN GALINDO,19246,151
CASAS DEL CASTAÑAR,10616,151
CASAS DEL MONTE,10730,151
CASATEJADA,10520,151
CASILLAS DE CORIA,10818,151
CASPUEÑAS,19412,151
CASTAÑAR DE IBOR,10340,151
CASTEJÓN DE HENARES,19294,151
CASTELLAR DE LA MUELA,19328,151
CASTILFORTE,19127,151
CASTILNUEVO,19391,151
CASTRO DE REI,27250,151
CASTROVERDE,27120,151
CAÑAMERO,10136,151
CAÑAVERAL,10820,151
CAÑIZAR,19197,151
CECLAVÍN,10870,151
CEDILLO,10513,151
CENDEJAS DE ENMEDIO,19245,151
CENDEJAS DE LA TORRE,19245,151
CENTENERA,19151,151
CEREZO,10663,151
CERVANTES,27659,151
CERVO,27888,151
CHANTADA,27400,151
CHECA,19310,151
CHEQUILLA,19310,151
CHILLARÓN DEL REY,19128,151
CHILOECHES,19160,151
CIFUENTES,19420,151
CILLEROS,10895,151
CINCOVILLAS,19277,151
CIRUELAS,19197,151
CIRUELOS DEL PINAR,19285,151
COBETA,19443,151
COGOLLOR,19490,151
COGOLLUDO,19229,151
COLLADO DE LA VERA,10317,151
CONDEMIOS DE ABAJO,19275,151
CONDEMIOS DE ARRIBA,19244,151
CONGOSTRINA,19243,151
CONQUISTA DE LA SIERRA,10240,151
COPERNAL,19292,151
CORDUENTE,19334,151
CORIA,10800,151
COSPEITO,27375,151
CUACOS DE YUSTE,10430,151
DELEITOSA,10370,151
DESCARGAMARÍA,10866,151
DRIEBES,19116,151
DURÓN,19133,151
EL CASAR,19170,151
EL CUBILLO DE UCEDA,19186,151
EL GORDO,10392,151
EL OLIVAR,19133,151
EL ORDIAL,19238,151
EL PEDREGAL,19327,151
EL POBO DE DUEÑAS,19326,151
EL RECUENCO,19492,151
EL SOTILLO,19491,151
EL TORNO,10617,151
ELJAS,10891,151
EMBID,19339,151
ESCAMILLA,19127,151
ESCARICHE,19119,151
ESCOPETE,19119,151
ESCURIAL,10133,151
ESPINOSA DE HENARES,19247,151
ESPLEGARES,19445,151
ESTABLÉS,19287,151
ESTRIÉGANA,19262,151
FOLGOSO DO COUREL,27324,151
FONTANAR,19290,151
FOZ,27780,151
FRESNEDOSO DE IBOR,10328,151
FRIOL,27156,151
FUEMBELLIDA,19390,151
FUENCEMILLÁN,19237,151
FUENTELAHIGUERA DE ALBATAGES,19182,151
FUENTELENCINA,19144,151
FUENTELSAZ,19287,151
FUENTELVIEJO,19144,151
FUENTENOVILLA,19113,151
GAJANEJOS,19192,151
GALISTEO,10691,151
GALVE DE SORBE,19275,151
GALÁPAGOS,19174,151
GARCIAZ,10250,151
GARGANTA LA OLLA,10412,151
GARGANTILLA,10749,151
GARGÜERA,10696,151
GARROVILLAS DE ALCONÉTAR,10940,151
GARVÍN,10333,151
GASCUEÑA DE BORNOVA,19243,151
GATA,10849,151
GUADALUPE,10140,151
GUIJO DE CORIA,10815,151
GUIJO DE GALISTEO,10692,151
GUIJO DE GRANADILLA,10616,151
GUIJO DE SANTA BÁRBARA,10459,151
GUITIRIZ,27300,151
GUNTÍN,27152,151
HENCHE,19491,151
HERAS DE AYUSO,19197,151
HERGUIJUELA,10230,151
HERNÁN-PÉREZ,10370,151
HERRERA DE ALCÁNTARA,10512,151
HERRERUELA,10560,151
HERRERÍA,19342,151
HERVÁS,10700,151
HIENDELAENCINA,19242,151
HIGUERA,10359,151
HIJES,19276,151
HINOJAL,10192,151
HITA,19248,151
HOLGUERA,10824,151
HOMBRADOS,19328,151
HONTOBA,19119,151
HORCHE,19140,151
HORTEZUELA DE OCÉN,19445,151
HOYOS,10850,151
HUERTAHERNANDO,19441,151
HUEVA,19119,151
HUMANES,19220,151
HUÉLAGA,10849,151
HUÉRMECES DEL CERRO,19295,151
IBAHERNANDO,10280,151
ILLANA,19119,151
INIÉSTOLA,19283,151
IRUESTE,19143,151
JADRAQUE,19240,151
JARAICEJO,10380,151
JARANDILLA DE LA VERA,10450,151
JARAÍZ DE LA VERA,10400,151
JARILLA,10728,151
JERTE,10612,151
JIRUEQUE,19245,151
LA ALDEA DEL OBISPO,10291,151
LA BODERA,19278,151
LA CUMBRE,10270,151
LA GARGANTA,10759,151
LA GRANJA,10711,151
LA HUERCE,19238,151
LA MIERLA,19225,151
LA MIÑOSA,19274,151
LA OLMEDA DE JADRAQUE,19266,151
LA PESGA,10649,151
LA TOBA,19243,151
LA YUNTA,19361,151
LADRILLAR,10624,151
LAS INVIERNAS,19491,151
LAS NAVAS DE JADRAQUE,19244,151
LEDANCA,19196,151
LOGROSÁN,10120,151
LORANCA DE TAJUÑA,19141,151
LOSAR DE LA VERA,10110,151
LOURENZÁ,27750,151
LUPIANA,19142,151
LUZAGA,19261,151
LUZÓN,19285,151
LÁNCARA,27360,151
MADRIGAL DE LA VERA,10480,151
MADRIGALEJO,10110,151
MADROÑERA,10210,151
MAJADAS,10529,151
MAJAELRAYO,19223,151
MALAGUILLA,19219,151
MALPARTIDA DE PLASENCIA,10590,151
MANDAYONA,19294,151
MANTIEL,19128,151
MARANCHÓN,19280,151
MARCHAGAZ,10662,151
MARCHAMALO,19180,151
MASEGOSO DE TAJUÑA,19490,151
MATA DE ALCÁNTARA,10970,151
MATARRUBIA,19227,151
MATILLAS,19294,151
MAZARETE,19286,151
MAZUECOS,19114,151
MEDRANDA,19246,151
MEGINA,19315,151
MEIRA,27240,151
MEMBRILLERA,19247,151
MEMBRÍO,10580,151
MESAS DE IBOR,10329,151
MIAJADAS,10100,151
MIEDES DE ATIENZA,19276,151
MILLANA,19127,151
MILLANES,10394,151
MILMARCOS,19287,151
MIRABEL,10540,151
MIRABUENO,19268,151
MIRALRÍO,19246,151
MOCHALES,19332,151
MOHEDAS DE GRANADILLA,10664,151
MOHERNANDO,19226,151
MOLINA DE ARAGÓN,19300,151
MONASTERIO,19239,151
MONDOÑEDO,27740,151
MONDÉJAR,19110,151
MONFORTE DE LEMOS,27400,151
MONROY,10194,151
MONTARRÓN,19229,151
MONTEHERMOSO,10810,151
MONTERROSO,27215,151
MONTÁNCHEZ,10170,151
MORALEJA,10840,151
MORATILLA DE LOS MELEROS,19144,151
MORCILLO,10811,151
MORENILLA,19328,151
MUDUEX,19196,151
MURAS,27817,151
NAVACONCEJO,10613,151
NAVALMORAL DE LA MATA,10300,151
NAVALVILLAR DE IBOR,10341,151
NAVAS DEL MADROÑO,10930,151
NAVEZUELAS,10374,151
NAVIA DE SUARNA,27650,151
NEGREDO,19245,151
NEGUEIRA DE MUÑIZ,27113,151
NUÑOMORAL,10623,151
O CORGO,27145,151
O INCIO,27341,151
O PÁRAMO,27362,151
O SAVIÑAO,27540,151
O VALADOURO,27700,151
O VICEDO,27860,151
OCENTEJO,19432,151
OLIVA DE PLASENCIA,10667,151
OLMEDA DE COBETA,19443,151
OREA,19311,151
OUROL,27865,151
OUTEIRO DE REI,27150,151
PALAS DE REI,27200,151
PALOMERO,10660,151
PANTÓN,27419,151
PARADELA,27611,151
PARDOS,19336,151
PAREDES DE SIGÜENZA,19269,151
PAREJA,19128,151
PASARÓN DE LA VERA,10411,151
PASTRANA,19100,151
PEDRAFITA DO CEBREIRO,27670,151
PEDROSO DE ACIM,10829,151
PERALEDA DE LA MATA,10335,151
PERALEDA DE SAN ROMÁN,10334,151
PERALEJOS DE LAS TRUCHAS,19313,151
PERALES DEL PUERTO,10896,151
PERALVECHE,19493,151
PESCUEZA,10882,151
PEÑALVER,19134,151
PEÑALÉN,19462,151
PIEDRAS ALBAS,10991,151
PINILLA DE JADRAQUE,19246,151
PINILLA DE MOLINA,19312,151
PINOFRANQUEADO,10630,151
PIORNAL,10615,151
PIOZ,19162,151
PIQUERAS,19325,151
PLASENCIA,10600,151
PLASENZUELA,10271,151
POL,27247,151
PORTAJE,10883,151
PORTEZUELO,10828,151
PORTOMARÍN,27170,151
POVEDA DE LA SIERRA,19463,151
POZO DE ALMOGUERA,19112,151
POZUELO DE ZARZÓN,10813,151
PRADOS REDONDOS,19352,151
PRÁDENA DE ATIENZA,19243,151
PUEBLA DE BELEÑA,19229,151
PUEBLA DE VALLES,19225,151
PUEBLONUEVO DE MIRAMONTES,10318,151
PUERTO DE SANTA CRUZ,10261,151
PÁLMACES DE JADRAQUE,19245,151
QUER,19209,151
QUIROGA,27320,151
REBOLLAR,10617,151
REBOLLOSA DE JADRAQUE,19245,151
RENERA,19145,151
RETIENDAS,19225,151
RIBA DE SAELICES,19441,151
RIBADEO,27700,151
RIBAS DE SIL,27310,151
RIBEIRA DE PIQUÍN,27243,151
RILLO DE GALLO,19340,151
RIOFRÍO DEL LLANO,19269,151
RIOLOBOS,10693,151
RIOTORTO,27743,151
ROBLEDILLO DE GATA,10867,151
ROBLEDILLO DE LA VERA,10493,151
ROBLEDILLO DE MOHERNANDO,19227,151
ROBLEDILLO DE TRUJILLO,10261,151
ROBLEDO DE CORPES,19243,151
ROBLEDOLLANO,10371,151
ROMANGORDO,10270,151
ROMANILLOS DE ATIENZA,19276,151
ROMANONES,19143,151
ROSALEJO,10391,151
RUANES,10189,151
RUEDA DE LA SIERRA,19339,151
RÁBADE,27370,151
SACECORBO,19432,151
SACEDÓN,19120,151
SAELICES DE LA SAL,19443,151
SALMERÓN,19126,151
SALORINO,10570,151
SALVATIERRA DE SANTIAGO,10189,151
SAMOS,27620,151
SAN ANDRÉS DEL CONGOSTO,19237,151
SAN ANDRÉS DEL REY,19143,151
SAN MARTÍN DE TREVEJO,10892,151
SANTA ANA,10189,151
SANTA CRUZ DE LA SIERRA,10260,151
SANTA CRUZ DE PANIAGUA,10660,151
SANTA MARTA DE MAGASCA,10198,151
SANTIAGO DE ALCÁNTARA,10510,151
SANTIAGO DEL CAMPO,10191,151
SANTIBÁÑEZ EL ALTO,10859,151
SANTIBÁÑEZ EL BAJO,10666,151
SANTIUSTE,19245,151
SARRIA,27392,151
SAUCEDILLA,10390,151
SAYATÓN,19119,151
SAÚCA,19262,151
SEGURA DE TORO,10739,151
SELAS,19346,151
SEMILLAS,19346,151
SERRADILLA,10530,151
SERREJÓN,10528,151
SETILES,19324,151
SIENES,19269,151
SIERRA DE FUENTES,10181,151
SIGÜENZA,19250,151
SOBER,27421,151
SOLANILLOS DEL EXTREMO,19491,151
SOMOLINOS,19275,151
SOTODOSOS,19445,151
TABOADA,27550,151
TALAVERUELA DE LA VERA,10491,151
TALAVÁN,10193,151
TALAYUELA,10310,151
TAMAJÓN,19222,151
TARAGUDO,19227,151
TARAVILLA,19314,151
TARTANEDO,19287,151
TEJEDA DE TIÉTAR,10420,151
TENDILLA,19134,151
TERZAGA,19312,151
TIERZO,19390,151
TIÉTAR,10319,151
TORDELLEGO,19325,151
TORDELRÁBANO,19277,151
TORDESILOS,19323,151
TORIJA,19190,151
TORIL,10520,151
TORNAVACAS,10611,151
TORRE DE DON MIGUEL,10864,151
TORRE DE SANTA MARÍA,10186,151
TORRE DEL BURGO,19197,151
TORRECILLA DE LOS ÁNGELES,10869,151
TORRECILLAS DE LA TIESA,10252,151
TORRECUADRADA DE MOLINA,19355,151
TORRECUADRADILLA,19431,151
TORREJÓN DEL REY,19174,151
TORREJÓN EL RUBIO,10694,151
TORREMENGA,10413,151
TORREMOCHA,10184,151
TORREMOCHA DE JADRAQUE,19245,151
TORREMOCHA DEL CAMPO,19268,151
TORREMOCHA DEL PINAR,19345,151
TORREMOCHUELA,19391,151
TORREORGAZ,10182,151
TORREQUEMADA,10183,151
TORRUBIA,19337,151
TORTUERA,19338,151
TORTUERO,19184,151
TRABADA,27765,151
TRAÍD,19312,151
TRIACASTELA,27630,151
TRIJUEQUE,19192,151
TRILLO,19450,151
TRUJILLO,10200,151
TÓRTOLA DE HENARES,19198,151
UCEDA,19187,151
UJADOS,19276,151
UTANDE,19196,151
VALDARACHAS,19141,151
VALDASTILLAS,10614,151
VALDEARENAS,19196,151
VALDEAVELLANO,19142,151
VALDEAVERUELO,19174,151
VALDECAÑAS DE TAJO,10329,151
VALDECONCHA,19132,151
VALDEFUENTES,10180,151
VALDEGRUDAS,19412,151
VALDEHÚNCAR,10393,151
VALDELACASA DE TAJO,10332,151
VALDELCUBO,19269,151
VALDEMORALES,10131,151
VALDENUÑO FERNÁNDEZ,19185,151
VALDEOBISPO,10672,151
VALDEPEÑAS DE LA SIERRA,19184,151
VALDERREBOLLO,19490,151
VALDESOTOS,19225,151
VALFERMOSO DE TAJUÑA,19411,151
VALHERMOSO,19390,151
VALTABLADO DEL RÍO,19492,151
VALVERDE DE LA VERA,10490,151
VALVERDE DE LOS ARROYOS,19224,151
VALVERDE DEL FRESNO,10890,151
VEGAVIANA,10484,151
VIANA DE JADRAQUE,19295,151
VIANDAR DE LA VERA,10492,151
VILALBA,27375,151
VILLA DEL CAMPO,10814,151
VILLA DEL REY,10960,151
VILLAMESÍAS,10263,151
VILLAMIEL,10893,151
VILLANUEVA DE ALCORÓN,19460,151
VILLANUEVA DE ARGECILLA,19246,151
VILLANUEVA DE LA SIERRA,10812,151
VILLANUEVA DE LA TORRE,19209,151
VILLANUEVA DE LA VERA,10470,151
VILLAR DE PLASENCIA,10720,151
VILLAR DEL PEDROSO,10330,151
VILLARES DE JADRAQUE,19243,151
VILLASBUENAS DE GATA,10858,151
VILLASECA DE HENARES,19294,151
VILLASECA DE UCEDA,19184,151
VILLEL DE MESA,19332,151
VIVEIRO,27850,151
VIÑUELAS,19184,151
XERMADE,27824,151
XOVE,27870,151
YEBES,19080,151
YEBRA,19111,151
YUNQUERA DE HENARES,19210,151
YÉLAMOS DE ABAJO,19143,151
YÉLAMOS DE ARRIBA,19143,151
ZAOREJAS,19444,151
ZARZA DE GRANADILLA,10710,151
ZARZA DE MONTÁNCHEZ,10169,151
ZARZA LA MAYOR,10880,151
ZARZUELA DE JADRAQUE,19237,151
ZORITA,10130,151
ZORITA DE LOS CANES,19119,151
ABABUJ,44155,134
ABARCA DE CAMPOS,34338,134
ABEJAR,42146,134
ABEJUELA,44422,134
ABEZAMES,49834,134
ABIA DE LAS TORRES,34491,134
ADRADAS,42216,134
AGUATÓN,44382,134
AGUAVIVA,44566,134
AGUILAR DE CAMPOO,34486,134
AGUILAR DEL ALFAMBRA,44156,134
ALACÓN,44549,134
ALAR DEL REY,34480,134
ALBA,44395,134
ALBA DE CERRATO,34219,134
ALBALATE DEL ARZOBISPO,44540,134
ALBARRACÍN,44100,134
ALBENTOSA,44424,134
ALCAINE,44792,134
ALCALÁ DE LA SELVA,44431,134
ALCAÑICES,49500,134
ALCAÑIZ,44600,134
ALCONABA,42133,134
ALCONCHEL DE ARIZA,42269,134
ALCORISA,44550,134
ALCUBILLA DE AVELLANEDA,42351,134
ALCUBILLA DE LAS PEÑAS,42295,134
ALCUBILLA DE NOGALES,49696,134
ALDEALAFUENTE,42135,134
ALDEALICES,42171,134
ALDEALPOZO,42111,134
ALDEALSEÑOR,42180,134
ALDEHUELA DE PERIÁÑEZ,42182,134
ALENTISQUE,42225,134
ALFAMBRA,44160,134
ALFARAZ DE SAYAGO,49177,134
ALGODRE,49539,134
ALIAGA,44150,134
ALIUD,42129,134
ALLEPUZ,44145,134
ALLOZA,44509,134
ALLUEVA,44492,134
ALMAJANO,42180,134
ALMALUEZ,42222,134
ALMARAZ DE DUERO,49180,134
ALMARZA,42161,134
ALMAZUL,42126,134
ALMAZÁN,42200,134
ALMEIDA DE SAYAGO,49177,134
ALMENAR DE SORIA,42130,134
ALMOCHUEL,44591,134
ALMOHAJA,44369,134
ALOBRAS,44134,134
ALPANSEQUE,42213,134
ALPEÑÉS,44721,134
AMAYUELAS DE ARRIBA,34429,134
AMPUDIA,34159,134
AMUSCO,34419,134
ANADÓN,44212,134
ANDAVÍAS,49162,134
ANDORRA,44500,134
ANTIGÜEDAD,34248,134
ARANCÓN,42111,134
ARCENILLAS,49151,134
ARCONADA,34449,134
ARCOS DE JALÓN,42249,134
ARCOS DE LA POLVOROSA,49699,134
ARCOS DE LAS SALINAS,44421,134
ARENILLAS,42368,134
ARENS DE LLEDÓ,44622,134
ARGAÑÍN,49251,134
ARGENTE,44165,134
ARGUJILLO,49716,134
ARIÑO,44547,134
ARQUILLINOS,49126,134
ARRABALDE,49696,134
ARÉVALO DE LA SIERRA,42161,134
ASPARIEGOS,49124,134
ASTUDILLO,34450,134
ASTURIANOS,49324,134
AUSEJO DE LA SIERRA,42171,134
AUTILLA DEL PINO,34191,134
AUTILLO DE CAMPOS,34338,134
AYOÓ DE VIDRIALES,49610,134
AYUELA,34473,134
AZAILA,44590,134
BALTANÁS,34240,134
BAQUERÍN DE CAMPOS,34305,134
BARAONA,42213,134
BARCA,42210,134
BARCIAL DEL BARCO,49760,134
BARCONES,42368,134
BARRACHINA,44220,134
BARRUELO DE SANTULLÁN,34820,134
BAYUBAS DE ABAJO,42366,134
BAYUBAS DE ARRIBA,42366,134
BAÑÓN,44357,134
BEA,44492,134
BECEITE,44588,134
BECERRIL DE CAMPOS,34310,134
BELLO,44232,134
BELMONTE DE CAMPOS,34304,134
BELMONTE DE SAN JOSÉ,44642,134
BELVER DE LOS MONTES,49830,134
BENAVENTE,49600,134
BENEGILES,49123,134
BERATÓN,42107,134
BERGE,44556,134
BERLANGA DE DUERO,42360,134
BERMILLO DE SAYAGO,49200,134
BERZOSILLA,34814,134
BEZAS,44121,134
BLACOS,42193,134
BLANCAS,44314,134
BLESA,44790,134
BLIECOS,42128,134
BOADA DE CAMPOS,34305,134
BOADILLA DE RIOSECO,34349,134
BOADILLA DEL CAMINO,34468,134
BORDÓN,44563,134
BORJABAD,42218,134
BOROBIA,42138,134
BRAÑOSERA,34829,134
BRETOCINO,49698,134
BRETÓ,49751,134
BRIME DE SOG,49629,134
BRIME DE URZ,49622,134
BRONCHALES,44367,134
BUBEROS,42129,134
BUENAVISTA DE VALDAVIA,34470,134
BUEÑA,44394,134
BUITRAGO,42162,134
BURBÁGUENA,44330,134
BURGANES DE VALVERDE,49698,134
BURGO DE OSMA-CIUDAD DE OSMA,42195,134
BUSTILLO DE LA VEGA,34116,134
BUSTILLO DEL ORO,49831,134
BUSTILLO DEL PÁRAMO DE CARRIÓN,34129,134
BÁDENAS,44491,134
BÁGUENA,44320,134
BÁRCENA DE CAMPOS,34477,134
BÁSCONES DE OJEDA,34406,134
CABAÑAS DE SAYAGO,49709,134
CABRA DE MORA,44409,134
CABREJAS DEL CAMPO,42135,134
CABREJAS DEL PINAR,42146,134
CALACEITE,44610,134
CALAHORRA DE BOEDO,34407,134
CALAMOCHA,44200,134
CALANDA,44570,134
CALATAÑAZOR,42193,134
CALOMARDE,44126,134
CALTOJAR,42367,134
CALZADA DE LOS MOLINOS,34129,134
CALZADILLA DE TERA,49331,134
CAMARENA DE LA SIERRA,44191,134
CAMARILLAS,44155,134
CAMARMA DE ESTERUELAS,28816,134
CAMARZANA DE TERA,49332,134
CAMAÑAS,44167,134
CAMINREAL,44350,134
CANDILICHERA,42134,134
CANTAVIEJA,44140,134
CAPILLAS,34305,134
CARABANTES,42137,134
CARACENA,42311,134
CARBAJALES DE ALBA,49160,134
CARBELLINO,49211,134
CARDEÑOSA DE VOLPEJERA,34309,134
CARRASCOSA DE ABAJO,42311,134
CARRASCOSA DE LA SIERRA,42180,134
CARRIÓN DE LOS CONDES,34120,134
CASAREJOS,42148,134
CASASECA DE CAMPEÁN,49708,134
CASASECA DE LAS CHANAS,49151,134
CASCANTE DEL RÍO,44191,134
CASTEJÓN DE TORNOS,44231,134
CASTEL DE CABRA,44706,134
CASTELLOTE,44560,134
CASTELNOU,44592,134
CASTELSERÁS,44630,134
CASTIL DE VELA,34306,134
CASTILFRÍO DE LA SIERRA,42171,134
CASTILLEJO DE ROBLEDO,42328,134
CASTILRUIZ,42108,134
CASTREJÓN DE LA PEÑA,34850,134
CASTRILLO DE DON JUAN,34246,134
CASTRILLO DE LA GUAREÑA,49419,134
CASTRILLO DE ONIELO,34219,134
CASTRILLO DE VILLAVEGA,34478,134
CASTROGONZALO,49660,134
CASTROMOCHO,34305,134
CASTRONUEVO,49127,134
CASTROVERDE DE CAMPOS,49110,134
CAZURRA,49191,134
CAÑADA DE BENATANDUZ,44140,134
CAÑADA VELLIDA,44168,134
CAÑAMAQUE,42220,134
CAÑIZAL,49440,134
CAÑIZAR DEL OLIVAR,44707,134
CAÑIZO,49128,134
CEDRILLAS,44147,134
CELADAS,44194,134
CELLA,44370,134
CENTENERA DE ANDALUZ,42211,134
CERBÓN,42175,134
CERECINOS DE CAMPOS,49640,134
CERECINOS DEL CARRIZAL,49125,134
CERNADILLA,49317,134
CERVATOS DE LA CUEZA,34309,134
CERVERA DE PISUERGA,34486,134
CEVICO DE LA TORRE,34218,134
CEVICO NAVERO,34247,134
CIDONES,42145,134
CIGUDOSA,42114,134
CIHUELA,42126,134
CIRIA,42138,134
CIRUJALES DEL RÍO,42180,134
CISNEROS,34320,134
COBOS DE CERRATO,34248,134
COBREROS,49394,134
COLLAZOS DE BOEDO,34406,134
CONGOSTO DE VALDAVIA,34470,134
COOMONTE,49783,134
CORBALÁN,44193,134
CORDOVILLA LA REAL,34259,134
CORESES,49530,134
CORRALES DEL VINO,49700,134
CORTES DE ARAGÓN,44791,134
COSA,44358,134
COSCURITA,42216,134
COTANES DEL MONTE,49639,134
COVALEDA,42157,134
CRETAS,44623,134
CRIVILLÉN,44557,134
CUBILLA,42148,134
CUBILLAS DE CERRATO,34219,134
CUBILLOS,49730,134
CUBLA,44191,134
CUBO DE BENAVENTE,49327,134
CUBO DE LA SOLANA,42191,134
CUCALÓN,44491,134
CUELGAMURES,49717,134
CUEVA DE ÁGREDA,42107,134
CUEVAS DE ALMUDÉN,44169,134
CUEVAS LABRADAS,44162,134
DEHESA DE MONTEJO,34404,134
DEHESA DE ROMANOS,34406,134
DEZA,42125,134
DUEÑAS,34208,134
DURUELO DE LA SIERRA,42158,134
DÉVANOS,42108,134
EJULVE,44559,134
EL CASTELLAR,44409,134
EL CUBO DE TIERRA DEL VINO,49710,134
EL CUERVO,44134,134
EL MADERAL,49719,134
EL PEGO,49154,134
EL PERDIGÓN,49170,134
EL PIÑERO,49715,134
EL POBO,44155,134
EL ROYO,42153,134
EL VALLECILLO,44123,134
ENTRALA,49721,134
ESCOBOSA DE ALMAZÁN,42224,134
ESCORIHUELA,44161,134
ESCUCHA,44770,134
ESPADAÑEDO,49341,134
ESPEJA DE SAN MARCELINO,42141,134
ESPEJÓN,42142,134
ESPINOSA DE CERRATO,34248,134
ESPINOSA DE VILLAGONZALO,34405,134
ESTEPA DE SAN JUAN,42171,134
ESTERCUEL,44558,134
FARAMONTANOS DE TÁBARA,49141,134
FERMOSELLE,49220,134
FERRERAS DE ABAJO,49334,134
FERRERAS DE ARRIBA,49335,134
FERRERUELA,49540,134
FERRERUELA DE HUERVA,44490,134
FIGUERUELA DE ARRIBA,49520,134
FONFRÍA,44492,134
FORMICHE ALTO,44440,134
FORTANETE,44143,134
FOZ-CALANDA,44579,134
FRECHILLA,34306,134
FRECHILLA DE ALMAZÁN,42215,134
FRESNO DE CARACENA,42311,134
FRESNO DE LA POLVOROSA,49693,134
FRESNO DE LA RIBERA,49590,134
FRESNO DE SAYAGO,49174,134
FRESNO DEL RÍO,34889,134
FRIERA DE VALVERDE,49698,134
FRÍAS DE ALBARRACÍN,44126,134
FRÓMISTA,34440,134
FUENFERRADA,44741,134
FUENTE ENCALADA,49618,134
FUENTEARMEGIL,42143,134
FUENTECAMBRÓN,42339,134
FUENTECANTOS,42162,134
FUENTELAPEÑA,49410,134
FUENTELMONGE,42124,134
FUENTELSAZ DE SORIA,42162,134
FUENTEPINILLA,42293,134
FUENTES CALIENTES,44711,134
FUENTES CLARAS,44340,134
FUENTES DE MAGAÑA,42181,134
FUENTES DE NAVA,34337,134
FUENTES DE ROPEL,49670,134
FUENTES DE RUBIELOS,44415,134
FUENTES DE VALDEPERO,34419,134
FUENTESAÚCO,49400,134
FUENTESECAS,49833,134
FUENTESPALDA,44587,134
FUENTESPREADAS,49714,134
FUENTESTRÚN,42113,134
FÓRNOLES,44650,134
GALENDE,49350,134
GALLEGOS DEL PAN,49539,134
GALLEGOS DEL RÍO,49512,134
GALVE,44168,134
GAMONES,49251,134
GARGALLO,44558,134
GARRAY,42162,134
GEA DE ALBARRACÍN,44110,134
GEMA,49151,134
GOLMAYO,42190,134
GORMAZ,42313,134
GRANJA DE MORERUELA,49740,134
GRANUCILLO,49621,134
GRIEGOS,44114,134
GRIJOTA,34192,134
GUADALAVIAR,44115,134
GUARDO,34879,134
GUARRATE,49156,134
GUAZA DE CAMPOS,34306,134
GÓMARA,42120,134
GÚDAR,44433,134
HERMISENDE,49571,134
HERRERA DE PISUERGA,34400,134
HERRERA DE SORIA,42144,134
HERRERA DE VALDECAÑAS,34259,134
HINOJOSA DE JARQUE,44157,134
HINOJOSA DEL CAMPO,42112,134
HONTORIA DE CERRATO,34209,134
HORNILLOS DE CERRATO,34249,134
HUESA DEL COMÚN,44212,134
HUSILLOS,34419,134
HÉRMEDES DE CERRATO,34247,134
HÍJAR,44530,134
ITERO DE LA VEGA,34468,134
JABALOYAS,44122,134
JAMBRINA,49191,134
JARQUE DE LA VAL,44169,134
JATIEL,44592,134
JORCAS,44156,134
JOSA,44792,134
JUSTEL,49340,134
LA ALDEA DE SAN NICOLÁS,34570,134
LA BÓVEDA DE TORO,49155,134
LA CAÑADA DE VERICH,44643,134
LA CEROLLERA,44651,134
LA CODOÑERA,44640,134
LA CUBA,44141,134
LA FRESNEDA,44596,134
LA GINEBROSA,44643,134
LA HINIESTA,49192,134
LA HOZ DE LA VIEJA,44791,134
LA IGLESUELA DEL CID,44142,134
LA LOSILLA,42181,134
LA MATA DE LOS OLMOS,44557,134
LA PERNÍA,34487,134
LA PORTELLADA,44589,134
LA PUEBLA DE HÍJAR,44510,134
LA PUEBLA DE VALDAVIA,34470,134
LA PUEBLA DE VALVERDE,44450,134
LA PÓVEDA DE SORIA,42169,134
LA RIBA DE ESCALOTE,42368,134
LA SERNA,34128,134
LA TORRE DEL VALLE,49781,134
LA VID DE OJEDA,34485,134
LA ZOMA,44707,134
LAGARTOS,34347,134
LAGUERUELA,44492,134
LANGA DE DUERO,42320,134
LANTADILLA,34468,134
LANZUELA,44491,134
LAS ALDEHUELAS,42173,134
LAS PARRAS DE CASTELLOTE,44566,134
LEDIGOS,34347,134
LIBROS,44132,134
LICERAS,42341,134
LIDÓN,44164,134
LINARES DE MORA,44412,134
LLEDÓ,44624,134
LOMA DE UCIEZA,34118,134
LOMAS,34449,134
LOS OLMOS,44557,134
LOS RÁBANOS,42191,134
LOS VILLARES DE SORIA,42171,134
LOSACINO,49541,134
LOSACIO,49540,134
LOSCOS,44212,134
LUBIÁN,49570,134
LUELMO,49215,134
MAGAZ DE PISUERGA,34220,134
MAGAÑA,42181,134
MAHIDE,49522,134
MAICAS,44791,134
MAIRE DE CASTROPONCE,49783,134
MAJÁN,42225,134
MALVA,49832,134
MANGANESES DE LA LAMPREANA,49130,134
MANGANESES DE LA POLVOROSA,49694,134
MANQUILLOS,34429,134
MANTINOS,34889,134
MANZANAL DE ARRIBA,49593,134
MANZANAL DE LOS INFANTES,49317,134
MANZANAL DEL BARCO,49163,134
MANZANERA,44420,134
MARCILLA DE CAMPOS,34469,134
MARTÍN DEL RÍO,44730,134
MAS DE LAS MATAS,44564,134
MATALEBRERAS,42113,134
MATAMALA DE ALMAZÁN,42211,134
MATILLA DE ARZÓN,49692,134
MATILLA LA SECA,49590,134
MAYALDE,49718,134
MAZARIEGOS,34170,134
MAZUECOS DE VALDEGINATE,34306,134
MEDINACELI,42230,134
MELGAR DE TERA,49626,134
MELGAR DE YUSO,34467,134
MENESES DE CAMPOS,34305,134
MEZQUITA DE JARQUE,44169,134
MICERECES DE TERA,49624,134
MICIECES DE OJEDA,34485,134
MILLES DE LA POLVOROSA,49699,134
MIRAMBEL,44141,134
MIRAVETE DE LA SIERRA,44159,134
MIÑO DE MEDINACELI,42230,134
MIÑO DE SAN ESTEBAN,42328,134
MOLACILLOS,49120,134
MOLEZUELAS DE LA CARBALLEDA,49327,134
MOLINOS,44556,134
MOLINOS DE DUERO,42155,134
MOMBLONA,42225,134
MOMBUEY,49121,134
MONFARRACINOS,49121,134
MONFORTE DE MOYUELA,44493,134
MONREAL DE ARIZA,42269,134
MONREAL DEL CAMPO,44300,134
MONROYO,44652,134
MONTALBÁN,44700,134
MONTAMARTA,49149,134
MONTEAGUDO DE LAS VICARÍAS,42220,134
MONTEAGUDO DEL CASTILLO,44146,134
MONTEJO DE TIERMES,42311,134
MONTENEGRO DE CAMEROS,42127,134
MONTERDE DE ALBARRACÍN,44368,134
MONZÓN DE CAMPOS,34410,134
MORA DE RUBIELOS,44400,134
MORAL DE SAYAGO,49254,134
MORALEJA DE SAYAGO,49177,134
MORALEJA DEL VINO,49150,134
MORALES DE REY,49693,134
MORALES DE TORO,49810,134
MORALES DE VALVERDE,49697,134
MORALES DEL VINO,49190,134
MORALINA,49253,134
MORATINOS,34349,134
MORERUELA DE LOS INFANZONES,49731,134
MORERUELA DE TÁBARA,49148,134
MORÓN DE ALMAZÁN,42216,134
MOSCARDÓN,44124,134
MOSQUERUELA,44410,134
MUDÁ,34839,134
MUELAS DE LOS CABALLEROS,49319,134
MUELAS DEL PAN,49164,134
MUGA DE SAYAGO,49212,134
MUNIESA,44780,134
MURIEL DE LA FUENTE,42193,134
MURIEL VIEJO,42148,134
NAFRÍA DE UCERO,42141,134
NARROS,42189,134
NAVALENO,42149,134
NAVIANOS DE VALVERDE,49697,134
NEGRILLA DE PALENCIA,37426,134
NEPAS,42218,134
NOGAL DE LAS HUERTAS,34128,134
NOGUERA DE ALBARRACÍN,44113,134
NOGUERAS,44497,134
NOGUERUELAS,44414,134
NOLAY,42224,134
NOVIERCAS,42124,134
OBÓN,44792,134
ODÓN,44233,134
OJOS NEGROS,44312,134
OLBA,44478,134
OLEA DE BOEDO,34407,134
OLIETE,44548,134
OLMILLOS DE CASTRO,49146,134
OLMOS DE OJEDA,34485,134
ONCALA,42172,134
ORIHUELA DEL TREMEDAL,44366,134
ORRIOS,44161,134
OSORNILLO,34468,134
OSORNO LA MAYOR,34460,134
OTERO DE BODAS,49336,134
PAJARES DE LA LAMPREANA,49142,134
PALACIOS DE SANABRIA,49320,134
PALACIOS DEL PAN,49162,134
PALENCIA,34001,134
PALENCIA DE NEGRILLA,37426,134
PALENCIANA,14914,134
PALENZUELA,34257,134
PALOMAR DE ARROYOS,44708,134
PANCRUDO,44720,134
PAREDES DE NAVA,34300,134
PAYO DE OJEDA,34485,134
PEDRALBA DE LA PRADERÍA,49391,134
PEDRAZA DE CAMPOS,34170,134
PEDROSA DE LA VEGA,34113,134
PELEAGONZALO,49880,134
PELEAS DE ABAJO,49191,134
PEQUE,49318,134
PERACENSE,44369,134
PERALEJOS,44162,134
PERALES,34310,134
PERALES DEL ALFAMBRA,44161,134
PERERUELA,49171,134
PERILLA DE CASTRO,49145,134
PEÑARROYA DE TASTAVINS,44586,134
PEÑAUSENDE,49176,134
PIEDRAHITA DE CASTRO,49143,134
PINILLA DE TORO,49850,134
PINILLA DEL CAMPO,42112,134
PINO DEL ORO,49514,134
PINO DEL RÍO,34110,134
PITARQUE,44555,134
PIÑA DE CAMPOS,34430,134
PLOU,44213,134
POBLACIÓN DE ARROYO,34347,134
POBLACIÓN DE CAMPOS,34449,134
POBLACIÓN DE CERRATO,34219,134
POBLADURA DE VALDERADUEY,49127,134
POBLADURA DEL VALLE,49780,134
POLENTINOS,34846,134
POMAR DE VALDIVIA,34811,134
PORTILLO DE SORIA,42136,134
PORTO,49583,134
POZA DE LA VEGA,34111,134
POZALMURO,42112,134
POZO DE URAMA,34347,134
POZOANTIGUO,49835,134
POZONDÓN,44368,134
POZUEL DE ARIZA,42269,134
POZUEL DEL CAMPO,44315,134
POZUELO DE TÁBARA,49148,134
PRADO,49638,134
PRÁDANOS DE OJEDA,34486,134
PUEBLA DE SANABRIA,49300,134
PUEBLICA DE VALVERDE,49333,134
PUERTOMINGALVO,44411,134
PÁRAMO DE BOEDO,34407,134
PÍAS,49580,134
QUINTANA DEL PUENTE,34250,134
QUINTANA REDONDA,42291,134
QUINTANAS DE GORMAZ,42313,134
QUINTANILLA DE ONSOÑA,34114,134
QUINTANILLA DE URZ,49622,134
QUINTANILLA DEL MONTE,49639,134
QUINTANILLA DEL OLMO,49638,134
QUIRUELAS DE VIDRIALES,49622,134
QUIÑONERÍA,42137,134
RABANALES,49512,134
REBOLLEDO DE LA TORRE,34492,134
RECUERDA,42313,134
REINOSO DE CERRATO,34208,134
RELLO,42368,134
RENEDO DE LA VEGA,34126,134
RENIEBLAS,42134,134
REQUEJO,49394,134
REQUENA DE CAMPOS,34469,134
RESPENDA DE LA PEÑA,34870,134
RETORTILLO DE SORIA,42315,134
REVELLINOS,49135,134
REVENGA DE CAMPOS,34447,134
REVILLA DE COLLAZOS,34407,134
REVILLA VALLEJERA,34260,134
REZNOS,42137,134
RIBAS DE CAMPOS,34429,134
RIBEROS DE LA CUEZA,34309,134
RILLO,44710,134
RIODEVA,44133,134
RIOFRÍO DE ALISTE,49591,134
RIONEGRO DEL PUENTE,49318,134
RIOSECO DE SORIA,42194,134
ROALES,49192,134
ROBLEDA-CERVANTES,49320,134
ROELOS DE SAYAGO,49211,134
ROLLAMIENTA,42165,134
ROSINOS DE LA REQUEJADA,49322,134
ROYUELA,44125,134
RUBIALES,44121,134
RUBIELOS DE LA CÉRIDA,44166,134
RUBIELOS DE MORA,44415,134
RÁBANO DE ALISTE,49515,134
RÁFALES,44589,134
RÓDENAS,44310,134
SALCE,49211,134
SALCEDILLO,44793,134
SALDAÑA,34100,134
SALDUERO,42156,134
SALDÓN,44122,134
SALINAS DE PISUERGA,34810,134
SAMIR DE LOS CAÑOS,49513,134
SAMPER DE CALANDA,44520,134
SAN AGUSTÍN,44480,134
SAN AGUSTÍN DEL POZO,49135,134
SAN CEBRIÁN DE CAMPOS,34429,134
SAN CEBRIÁN DE CASTRO,49144,134
SAN CEBRIÁN DE MUDÁ,34828,134
SAN CRISTÓBAL DE BOEDO,34491,134
SAN CRISTÓBAL DE ENTREVIÑAS,49690,134
SAN ESTEBAN DE GORMAZ,42320,134
SAN ESTEBAN DEL MOLAR,49650,134
SAN FELICES,42114,134
SAN JUSTO,49357,134
SAN LEONARDO DE YAGÜE,42140,134
SAN MAMÉS DE CAMPOS,34127,134
SAN MARTÍN DE VALDERADUEY,49129,134
SAN MARTÍN DEL RÍO,44390,134
SAN MIGUEL DE LA RIBERA,49717,134
SAN MIGUEL DEL VALLE,49680,134
SAN PEDRO DE CEQUE,49628,134
SAN PEDRO DE LA NAVE-ALMENDRA,49182,134
SAN PEDRO MANRIQUE,42174,134
SAN ROMÁN DE LA CUBA,34347,134
SAN VICENTE DE LA CABEZA,49592,134
SAN VITERO,49523,134
SANTA CECILIA DEL ALCOR,34191,134
SANTA CLARA DE AVEDILLO,49707,134
SANTA COLOMBA DE LAS MONJAS,49699,134
SANTA CRISTINA DE LA POLVOROSA,49620,134
SANTA CROYA DE TERA,49626,134
SANTA CRUZ DE BOEDO,34405,134
SANTA CRUZ DE NOGUERAS,44497,134
SANTA CRUZ DE YANGUAS,42173,134
SANTA EUFEMIA DEL BARCO,49145,134
SANTA EULALIA,44360,134
SANTA MARÍA DE HUERTA,42260,134
SANTA MARÍA DE LA VEGA,49696,134
SANTA MARÍA DE LAS HOYAS,42141,134
SANTA MARÍA DE VALVERDE,49333,134
SANTERVÁS DE LA VEGA,34112,134
SANTIBÁÑEZ DE ECLA,34486,134
SANTIBÁÑEZ DE LA PEÑA,34869,134
SANTIBÁÑEZ DE TERA,49624,134
SANTIBÁÑEZ DE VIDRIALES,49610,134
SANTOVENIA,49750,134
SANTOYO,34490,134
SANZOLES,49152,134
SARRIÓN,44424,134
SEGURA DE LOS BAÑOS,44793,134
SENO,44561,134
SERÓN DE NÁGIMA,42127,134
SINGRA,44382,134
SOLIEDRA,42224,134
SORIA,42001,134
SOTILLO DEL RINCÓN,42165,134
SOTO DE CERRATO,34209,134
SOTOBAÑADO Y PRIORATO,34407,134
SUELLACABRAS,42189,134
TABANERA DE CERRATO,34257,134
TABANERA DE VALDAVIA,34473,134
TAJAHUERCE,42112,134
TAJUECO,42366,134
TALVEILA,42148,134
TAPIOLES,49639,134
TARDELCUENDE,42294,134
TARIEGO DE CERRATO,34209,134
TARODA,42216,134
TEJADO,42128,134
TERRIENTE,44120,134
TERUEL,44001,134
TORIL Y MASEGOSO,44123,134
TORLENGUA,42124,134
TORMÓN,44134,134
TORNOS,44230,134
TORO,49800,134
TORQUEMADA,34230,134
TORRALBA DE LOS SISONES,44359,134
TORRE DE ARCAS,44653,134
TORRE DE LAS ARCAS,44709,134
TORRE DEL COMPTE,44597,134
TORRE LOS NEGROS,44358,134
TORREBLACOS,42193,134
TORRECILLA DE ALCAÑIZ,44640,134
TORRECILLA DEL REBOLLAR,44221,134
TORREGAMONES,49252,134
TORREHERMOSA,42269,134
TORRELACÁRCEL,44382,134
TORREMOCHA DE JILOCA,44381,134
TORREMORMOJÓN,34305,134
TORRES DE ALBARRACÍN,44111,134
TORRES DEL CARRIZAL,49122,134
TORREVELILLA,44641,134
TORRIJAS,44421,134
TORRIJO DEL CAMPO,44393,134
TORRUBIA DE SORIA,42136,134
TRABAZOS,49516,134
TRAMACASTIEL,44132,134
TRAMACASTILLA,44112,134
TREFACIO,49358,134
TRIOLLO,34844,134
TRONCHÓN,44141,134
TRÉVAGO,42113,134
TÁBARA,49140,134
TÁMARA DE CAMPOS,34439,134
UCERO,42317,134
URREA DE GAÉN,44593,134
UTRILLAS,44760,134
UÑA DE QUINTANA,49327,134
VADILLO,42144,134
VADILLO DE LA GUAREÑA,49420,134
VALACLOCHE,44191,134
VALBONA,44430,134
VALBUENA DE PISUERGA,34465,134
VALCABADO,49192,134
VALDE-UCIEZA,34127,134
VALDEALGORFA,44594,134
VALDEAVELLANO DE TERA,42165,134
VALDEFINJAS,49882,134
VALDEGEÑA,42111,134
VALDELAGUA DEL CERRO,42113,134
VALDELINARES,44413,134
VALDELTORMO,44620,134
VALDEMALUQUE,42317,134
VALDENEBRO,42193,134
VALDEOLMILLOS,34239,134
VALDEPRADO,42114,134
VALDERROBRES,44580,134
VALDERRODILLA,42293,134
VALDERRÁBANO,34115,134
VALDESCORRIEL,49680,134
VALJUNQUERA,44595,134
VALLE DE CERRATO,34209,134
VALLE DEL RETORTILLO,34307,134
VALLEJERA,34260,134
VALLESA DE LA GUAREÑA,49450,134
VALTAJEROS,42181,134
VEGA DE TERA,49330,134
VEGA DE VILLALOBOS,49133,134
VEGALATRAVE,49542,134
VEGUILLAS DE LA SIERRA,44134,134
VELAMAZÁN,42392,134
VELILLA DE LA SIERRA,42189,134
VELILLA DE LOS AJOS,42225,134
VELILLA DEL RÍO CARRIÓN,34886,134
VENIALBO,49153,134
VENTA DE BAÑOS,34200,134
VERTAVILLO,34219,134
VEZDEMARBÁN,49840,134
VIANA DE DUERO,42218,134
VIDAYANES,49135,134
VIDEMALA,49164,134
VILLABASTA DE VALDAVIA,34475,134
VILLABRÁZARO,49770,134
VILLABUENA DEL PUENTE,49820,134
VILLACIDALER,34348,134
VILLACIERVOS,42192,134
VILLACONANCIO,34247,134
VILLADA,34340,134
VILLADEPERA,49250,134
VILLAELES DE VALDAVIA,34475,134
VILLAFERRUEÑA,49695,134
VILLAFRANCA DEL CAMPO,44394,134
VILLAFÁFILA,49136,134
VILLAGERIZ,49618,134
VILLAHERMOSA DEL CAMPO,44494,134
VILLAHERREROS,34469,134
VILLAHÁN,34257,134
VILLALACO,34259,134
VILLALAZÁN,49158,134
VILLALBA DE GUARDO,34889,134
VILLALBA DE LA LAMPREANA,49126,134
VILLALCAMPO,49166,134
VILLALCÁZAR DE SIRGA,34449,134
VILLALCÓN,34347,134
VILLALOBOS,49134,134
VILLALOBÓN,34419,134
VILLALONSO,49860,134
VILLALPANDO,49630,134
VILLALUBE,49539,134
VILLALUENGA DE LA VEGA,34111,134
VILLAMARTÍN DE CAMPOS,34170,134
VILLAMAYOR DE CAMPOS,49131,134
VILLAMEDIANA,34239,134
VILLAMEDIANILLA,34260,134
VILLAMERIEL,34407,134
VILLAMOR DE LOS ESCUDEROS,49719,134
VILLAMORONTA,34126,134
VILLAMUERA DE LA CUEZA,34309,134
VILLAMURIEL DE CERRATO,34190,134
VILLANUEVA DE AZOAGUE,49660,134
VILLANUEVA DE CAMPEÁN,49708,134
VILLANUEVA DE GORMAZ,42312,134
VILLANUEVA DE LAS PERAS,49333,134
VILLANUEVA DEL CAMPO,49100,134
VILLANUEVA DEL REBOLLAR,34309,134
VILLANUEVA DEL REBOLLAR DE LA SIERRA,44223,134
VILLANUÑO DE VALDAVIA,34477,134
VILLANÁZAR,49623,134
VILLAPROVEDO,34491,134
VILLAR DE FALLAVES,49132,134
VILLAR DEL ALA,42165,134
VILLAR DEL BUEY,49230,134
VILLAR DEL CAMPO,42112,134
VILLAR DEL COBO,44114,134
VILLAR DEL RÍO,42174,134
VILLAR DEL SALZ,44311,134
VILLARALBO,49159,134
VILLARDECIERVOS,49562,134
VILLARDIEGUA DE LA RIBERA,49250,134
VILLARDONDIEGO,49871,134
VILLARLUENGO,44559,134
VILLARMENTERO DE CAMPOS,34447,134
VILLARQUEMADO,44380,134
VILLARRABÉ,34113,134
VILLARRAMIEL,34350,134
VILLARROYA DE LOS PINARES,44144,134
VILLARRÍN DE CAMPOS,49137,134
VILLASARRACINO,34132,134
VILLASAYAS,42214,134
VILLASECA DE ARCIEL,42129,134
VILLASECO DEL PAN,49181,134
VILLASILA DE VALDAVIA,34475,134
VILLASTAR,44130,134
VILLATURDE,34129,134
VILLAUMBRALES,34170,134
VILLAVENDIMIO,49870,134
VILLAVEZA DE VALVERDE,49697,134
VILLAVEZA DEL AGUA,49760,134
VILLAVIUDAS,34249,134
VILLEL,44131,134
VILLERÍAS DE CAMPOS,34305,134
VILLODRE,34466,134
VILLODRIGO,34257,134
VILLOLDO,34131,134
VILLOTA DEL PÁRAMO,34111,134
VILLOVIECO,34449,134
VILLÁRDIGA,49129,134
VINACEITE,44591,134
VINUESA,42150,134
VISIEDO,44164,134
VIVEL DEL RÍO MARTÍN,44740,134
VIZMANOS,42173,134
VIÑAS,49515,134
VOZMEDIANO,42109,134
YANGUAS,42172,134
YELO,42296,134
ZAMORA,49001,134
ÁGREDA,42100,134
ÓLVEGA,42100,134
ALBELDA DE IREGUA,00633,1
FARIZA,00085,1
LA POBLA DE MASSALUCA,00043,1
