Words,Link,Score
ROMA,00118,1000
ROME,00100,1000
MILANO,20121,970
MILAN,20100,970
NAPOLI,80100,920
NAPLES,80100,920
VENEZIA,30100,890
VENICE,30100,890
TORINO,10100,880
TURIN,10100,880
FIRENZE,50100,870
FLORENCE,50100,870
PALERMO,90100,840
GENOVA,16100,820
GENOA,16100,820
BOLOGNA,40100,810
LOMBARDY,20100,790
BARI,70100,780
TUSCANY,50100,770
CATANIA,95100,760
VERONA,37100,760
SICILY,90100,750
LAZIO,00100,750
CAMPANIA,80100,730
VENETO,30100,730
MESSINA,98100,720
CITTÀ DEL VATICANO,00120,720
PIEDMONT,10100,710
EMILIA-ROMAGNA,40100,710
SAN MARINO,36020,700
TRIESTE,34100,700
PADOVA,35100,700
PADUA,35100,700
VATICAN,00120,700
VATICANO,00120,700
BRESCIA,25100,690
PUGLIA,52100,690
CAPRI,80073,680
APULIA,70100,680
TARANTO,74100,670
CAGLIARI,09100,660
PISA,56100,660
SARDEGNA,09100,660
POMPEI,80045,650
MODENA,41100,650
PRATO,42015,650
PERUGIA,06100,650
SARDINIA,09100,650
POMPEII,80045,650
LIGURIA,16100,650
PARMA,43100,640
REGGIO EMILIA,42100,640
RIMINI,47900,640
BERGAMO,24100,640
SIENA,53100,640
CALABRIA,89100,640
REGGIO CALABRIA,89100,630
SALERNO,84100,630
AMALFI,84011,620
RAVENNA,48100,620
MONZA,20900,620
LIVORNO,57100,620
LUCCA,55100,620
TRENTO,38100,620
CINQUE TERRE,19011,620
BOLZANO,39100,610
VICENZA,36100,610
MARCHE,60100,610
UMBRIA,06100,610
SORRENTO,80067,600
POSITANO,84017,600
FERRARA,44121,600
COMO,22100,600
FOGGIA,71100,600
LECCE,73100,600
ABRUZZO,67100,600
ANCONA,60100,590
AREZZO,52100,590
PESCARA,65100,580
UDINE,33100,580
PORTOFINO,16034,580
SASSARI,07100,580
TAORMINA,98039,580
SIRACUSA,96100,580
ASSISI,06081,580
AOSTA,11100,580
SYRACUSE,96100,580
DOLOMITES,32043,580
TRENTINO-ALTO ADIGE,38100,580
DOLOMITI,32043,580
LATINA,04100,570
LA SPEZIA,19100,570
NOVARA,28100,570
FRIULI-VENEZIA GIULIA,34100,570
FORLÌ,47121,560
PIACENZA,29100,560
ANDRIA,76123,560
BASILICATA,85100,560
LAGO DI COMO,22100,560
SAN REMO,18038,540
BELLAGIO,22021,540
TRANI,76125,540
SAN GIMIGNANO,53037,540
CORTINA D'AMPEZZO,32043,540
VALLE D'AOSTA,11100,540
RAGUSA,97100,530
MOLISE,86020,520
AGRIGENTO,92100,520
ORVIETO,05018,520
TROPEA,89861,510
TIVOLI,00019,510
COURMAYEUR,11013,510
ERCOLANO,80056,500
STRESA,28838,500
NOTO,96017,500
MONTECARLO,55015,500
VENEZIA MESTRE,30170,500
CERVINIA,11021,480
SAN GIOVANNI,03010,473
PAESTUM,84047,470
LASPEZIA,19121,459
SAN PIETRO,08020,430
SANTA LUCIA,00013,430
SAN MARTINO,15030,430
SANT'ANTONIO,12050,430
VILLANOVA,00012,414
SAN MICHELE,15040,396
SANT'ANNA,09094,396
SANTA CATERINA,09073,396
CASTELLO,13853,396
SANTO STEFANO,04020,377
SAN GIACOMO,06049,377
SELVA,33081,356
SAN VITO,05035,356
SAN GIORGIO,15020,356
SAN BIAGIO,12044,356
SANTA CROCE,02010,356
SAN NICOLA,07014,333
SAN SILVESTRO,08020,333
SANT'ANGELO,30036,333
SAN MARCO,06131,333
SANTA MARIA,05017,333
GALLO,12060,307
SAN ROCCO,12046,307
SAN LEONARDO,09075,307
FONTANELLE,12012,307
BOSCO,35030,307
SAN CARLO,28879,307
SAN FELICE,20090,307
SAN PAOLO,03035,307
SAN BARTOLOMEO,00033,307
CASTELNUOVO,06081,277
SANTA MARGHERITA,12016,277
SAN CATALDO,04021,277
CANALE,05018,277
CASALE,10035,277
SAN GIUSEPPE,10059,277
SERRAVALLE,06046,277
ISOLA,12041,277
SAN CASSIANO,23020,277
BELVEDERE,00060,277
OSPEDALETTO,05010,277
SAN SEBASTIANO,12045,243
COLOGNA,23884,243
SANT'ANDREA,25038,243
SAN SALVATORE,16030,243
SAN NICOLO',29010,243
SERRA,12087,243
CAMPAGNOLA,24126,243
SANTA BARBARA,52022,243
PIAZZA,12084,243
MONTICELLI,03045,243
CASTELLUCCIO,06046,243
VILLA,06063,243
CASONI,16023,243
MERCATALE,40064,243
SAN BERNARDINO,10090,243
SAN POLO,02040,243
SAN QUIRICO,36078,243
CASTIGLIONE,14100,243
PIEVE,16019,243
PEDEMONTE,16010,243
FORNACI,06089,243
CHIESANUOVA,10080,243
MESTRE,30171,243
PAGLIARA,67050,203
SAN DONATO,12056,203
SAN GREGORIO,22010,203
TERRANOVA,15033,203
OLMI,31048,203
MEZZANA,38020,203
MASSA,54100,203
SAN FILIPPO,02043,203
MARINELLA,19038,203
SAN LORENZO,08020,203
CASOLA,41045,203
PIANO,14057,203
SALA,05016,203
MOTTA,14055,203
CAPRILE,03038,203
PONTICELLI,02038,203
OSTERIA NUOVA,02037,203
CASELLE,35030,203
SAN VITTORE,12045,203
CASTELVECCHIO,36078,203
OSPITALETTO,20032,203
SANTA GIUSTINA,17044,203
SAN PANCRAZIO,25036,203
SAN PELLEGRINO,06023,203
RIVALTA,12064,203
CASETTE,02100,203
CANNETO,02032,203
POGGIO,18038,203
MONTEMAGNO,14030,203
OLMO,14054,203
BAGNOLO,31020,203
SANT'ELENA,30122,203
PATERNO,64012,154
CIVITA,01022,154
SCANZANO,06034,154
PAGLIARE,63078,154
SAN BENEDETTO,09016,154
MONTICCHIO,04013,154
SANT'EGIDIO,47023,154
FILETTO,48100,154
CASOLI,55041,154
ARCHI,66044,154
SANT'ONOFRIO,03041,154
CERVARO,03044,154
CASTAGNETO,41026,154
MIANO,64100,154
MACCHIA,71030,154
PANTANO,42033,154
ACQUAFREDDA,25010,154
SAN BIASE,84052,154
LAGO,31020,154
PIETRAFITTA,03040,154
VICO,13835,154
SAN BERNARDO,16031,154
COLLA,24010,154
SANT'ELIA,60044,154
TORRETTA,80010,154
CIANO,31035,154
BORGO,12066,154
MONTORO,05035,154
MOIANO,06062,154
BAGNOLI,58031,154
CAVE,00033,154
CASANOVA,16028,154
SANT'AGATA,50038,154
CARANO,04011,154
SAN CLEMENTE,47832,154
MEZZANO,38050,154
QUARTO,29020,154
BELLAVISTA,00060,154
FONTANA,40037,154
PASTENA,03020,154
TRINITA',12049,154
ARIANO,44026,154
VALLE,17013,154
ACQUAVIVA,00017,154
GAIANO,43044,154
VIGNALE,28100,154
SAN PROSPERO,40026,154
MARANO,30034,154
CASTELLETTO,25024,154
BUDRIO,40054,154
BAGNAROLA,33079,154
SAN LAZZARO,12037,154
SAN DONNINO,40127,154
SAN COLOMBANO,25060,154
CELLA,42100,154
VILLAFRANCA,17033,154
GAVELLO,41037,154
LAMA,06016,154
MONTAGNANA,35044,154
CASTELLARO,18011,154
COLOMBARO,10020,154
MONTALE,19015,154
MONTALTO,41055,154
VIGNOLA,38057,154
RONCAGLIA,15033,154
VEZZANO,38096,154
SOLAROLO,25080,154
BARCO,33076,154
MAROLA,19132,154
CROCE,30024,154
SAN MAURIZIO,13060,154
BELLARIA,20068,154
MONTALBANO,47842,154
SAN SAVINO,06063,154
FRATTA,30025,154
SAN VALENTINO,06055,154
QUATTRO STRADE,03010,154
PACE,02024,154
CASTEL SAN PIETRO,02047,154
CASABIANCA,00043,154
GIARDINO,01019,154
BORGHETTO,01033,154
DOGANA,19034,154
MELARA,19136,154
PERO,17019,154
BASTIA,06083,154
SANTA BRIGIDA,24010,154
FRONTALE,23035,154
BRIONE,10040,154
CASE NUOVE,21019,154
SAN SIRO,22010,154
AZZANO,22010,154
BOSCHETTO,10034,154
CASONE,20010,154
PONTE NUOVO,06053,154
CANTALUPO,06031,154
BELFORTE,06047,154
MONTE,15048,154
PIANELLO,60010,154
CAMPIGLIONE,10060,154
TORRE,50054,154
GUALDO,05035,154
MONTECCHIO,05020,154
TAVERNELLE,06068,154
PESARO,61100,154
MIRANDA,05100,154
PIANEZZE,13821,154
RONCHI,12100,154
SAN BASILIO,09040,154
MONTI,07020,154
ZISA,90134,154
SAN MAURO,30142,154
MONTENERO,06059,154
TEZZE,31028,154
BELFIORE,06034,154
SANT'URBANO,05035,154
CAPITIGNANO,67014,90
VIGLIANO,20060,90
FOSSA,41033,90
SAN POTITO,48022,90
ROVERE,47100,90
VILLAGRANDE,61014,90
ROCCA SANTO STEFANO,00030,90
CORONA,34070,90
META,67054,90
PRETURO,67100,90
BAGNO,42100,90
BAZZANO,40053,90
FORCELLA,64100,90
SASSA,56040,90
VILLAMAGNA,56048,90
SANT'AMATO,50059,90
VALLEMARE,02010,90
PIANELLA,53019,90
CORVARA,39033,90
VILLA SAN GIOVANNI,65020,90
BOLOGNANO,38062,90
SAN TOMMASO,65023,90
SCAFA,65027,90
ANCARANO,06046,90
ROCCA SANTA MARIA,41028,90
PONZANO,51100,90
SALINO,33027,90
MONTONE,06014,90
APPIGNANO,62010,90
SCORRANO,64036,90
PADULA,64040,90
CERQUETO,06023,90
VARANO,60129,90
SPIANO,64100,90
STIGLIANO,30036,90
RIFREDDO,12030,90
SANT'ILARIO,57034,90
SANT'ARCANGELO,06063,90
SAN COSTANTINO,85040,90
MAGNANO,13887,90
GALDO,84068,90
PERGOLA,61045,90
MARCELLINA,00010,90
CIRELLA,87023,90
SCARCELLI,87024,90
FOSSE,37020,90
LONGOBARDI,87030,90
GRIMALDI,18039,90
GRECI,83030,90
SAN BARTOLO,48100,90
MALAVICINA,46048,90
ALTILIA,87040,90
BISIGNANO,63094,90
PERITO,84060,90
CALVISI,81010,90
CAMIGLIANO,81050,90
MIRTO,87060,90
FARNETA,41045,90
ORIOLO,27058,90
VILLAPIANA,32020,90
CASTAGNA,16010,90
CANCELLO,81030,90
GABELLA,56011,90
SIANO,84088,90
LE CASTELLA,04012,90
PELLEGRINA,37063,90
SPINA,06072,90
SAN LUCA,62032,90
PAZZANO,41028,90
FIUMARA,89050,90
ACQUACALDA,89050,90
MELIA,89058,90
ARMO,18026,90
GALLINA,53023,90
CATONA,84046,90
SALICE CALABRO,89135,90
VILLA SAN GIUSEPPE,63079,90
SAN CONO,89816,90
ARENA,56017,90
BADIA,39036,90
VENA,89900,90
PORTO SALVO,89900,90
MIGLIANO,06072,90
MONTAPERTO,83038,90
MONTEVERDE,83049,90
BAGNARA,30020,90
PASTENE,82010,90
RIPABIANCA,06051,90
PERRILLO,82010,90
DURAZZANO,48100,90
FAGGIANO,74020,90
CASTELPAGANO,82024,90
PONTE,82030,90
TORELLO,82030,90
DRAGONI,73010,90
POLVICA,80035,90
CESA,52047,90
FONTANAFREDDA,33074,90
CISTERNA,33030,90
CURTI,81040,90
CAMINO,15020,90
VISCIANO,80030,90
POZZILLO,81042,90
SIPICCIANO,01020,90
MONTANARO,10017,90
PUGLIANO,81057,90
SAN GIULIANO,29010,90
MONTANO,22070,90
CASERTA,23868,90
VACCHERIA,12050,90
ARPINO,03033,90
SANTA MARIA LA SCALA,80047,90
GRAGNANO,55010,90
MONTECHIARO,39026,90
FORNACELLE,59013,90
CAPPELLA,38046,90
MONTERONE,52038,90
ISCHIA,63066,90
CAPPUCCINI,13100,90
AGNANO,56017,90
PIANURA,80126,90
CORBARA,05018,90
SCALA,84010,90
ERCHIE,72020,90
MOLINA,38030,90
CAMPAGNA,33085,90
BATTAGLIA,84030,90
SILLA,40041,90
TERRADURA,35020,90
FORNELLI,84060,90
FONTE,31010,90
SACCO,23013,90
GORGA,00030,90
CAPEZZANO,55045,90
CAPRIGLIA,55045,90
SAVA,74028,90
SAN NAZARIO,36029,90
BOLANO,19020,90
GIOVI,16018,90
FRATTE,35010,90
LONGARA,36100,90
SAN VINCENZO,40015,90
DECIMA,00144,90
CANTAGALLO,40033,90
VADO,40036,90
SUSANO,40038,90
GAVIGNANO,00030,90
MONTE SAN PIETRO,39050,90
CORTICELLA,40128,90
CASAGLIA,40135,90
PADERNO,32030,90
SAN RUFFILLO,40141,90
SANTA SOFIA,08034,90
MONTIANO,47020,90
LIZZANO,47023,90
RONTA,47023,90
BORELLO,18038,90
SANTA MARIA NUOVA,47032,90
CARPENA,19020,90
RONCADELLO,26041,90
SAN MARTINO IN STRADA,26817,90
RONCO,25064,90
BOCCALEONE,24125,90
OSPITALE,41021,90
MIGLIARO,26100,90
MIGLIARINO,44027,90
FOSSALTA,35010,90
MIRABELLO,26856,90
SANT'AGOSTINO,35020,90
PANZANO,41011,90
MIGLIARINA,19125,90
GARGALLO,28010,90
SOLIERA,41019,90
FANANO,41021,90
VAGLIO,13843,90
CADIGNANO,25028,90
CROCETTE,24030,90
NIVIANO,29029,90
MONZONE,41026,90
MONTEBONELLO,41026,90
SAN DALMAZIO,41028,90
RICCO',41028,90
FAETO,41028,90
CASINE,41029,90
STAGGIA,41030,90
RIVARA,10080,90
RUBBIANO,26010,90
MORANO,06023,90
SALTINO,41048,90
SAMONE,38059,90
ALBARETO,41100,90
CHIARAVALLE,29010,90
STRA',29010,90
SAN DAMIANO,20861,90
CARMIANO,29020,90
MARSAGLIA,12060,90
QUADRELLI,05026,90
BETTOLA,20068,90
LE MOLINE,12080,90
BRUGNETO,29024,90
CENTENARO,25017,90
SARIANO,29025,90
GERBIDO,10095,90
RIANO,00060,90
PILASTRO,35042,90
MOZZANO,43024,90
CAPRIGLIO,14014,90
MULAZZANO,26837,90
SANTA MARIA DEL PIANO,43037,90
SAN VITALE,06081,90
CAMPORE,13825,90
BARGONE,16030,90
GHIARE,14045,90
CERESETO,15020,90
CARIGNANO,10041,90
FOGNANO,48013,90
PISIGNANO,48015,90
SANT'ALBERTO,31059,90
VILLA SAN MARTINO,48022,90
SAN SEVERO,48033,90
BARBIANO,39040,90
GAMBELLARA,36053,90
SALVATERRA,42013,90
SAN GIROLAMO,42016,90
CHIOZZA,42019,90
ROSANO,42020,90
SOLOGNO,28010,90
REGNANO,42030,90
SANTA VITTORIA,07033,90
MARMIROLO,42100,90
MASONE,16010,90
FOGLIANO,04100,90
TREBBIO,25070,90
SANTA MARIA DEL MONTE,21100,90
CANEVA,33028,90
NAVE,25075,90
VIGONOVO,30030,90
SAN FOCA,33080,90
RIVAROTTA,33061,90
POZZO,06035,90
VALERIANO,19020,90
GRIGNANO,24041,90
AQUILINIA,34015,90
RESIA,33010,90
ORGNANO,30038,90
MANZANO,33044,90
ZUGLIANO,33050,90
CARPENETO,15071,90
MADONNA DELLE GRAZIE,03010,90
PORCIANO,03013,90
MADONNA DELLA STELLA,03030,90
PURGATORIO,03034,90
SANT'APOLLINARE,03048,90
MADONNA DELLA NEVE,03100,90
CAMPOVERDE,04011,90
CARRARA,04013,90
SCAURI,04026,90
PIEDICOLLE,02010,90
SANTA GIUSTA,02012,90
SAN LIBERATO,02014,90
TORANO,02021,90
SANT'AGAPITO,02023,90
SANT'IPPOLITO,02023,90
COLLELUNGO,02030,90
SELCI,02040,90
MONTEBUONO,02040,90
BORGO SANTA MARIA,00010,90
VILLALBA,00012,90
LA BOTTE,00012,90
MONTEROTONDO,00015,90
PALO,00055,90
VICARELLO,00069,90
MALPASSO,00128,90
TORRENOVA,00133,90
CAPODIMONTE,01010,90
CASENUOVE,01020,90
GALLESE,01035,90
MAGUGNANO,01100,90
GUARDIA,16014,90
FERRIERA,10090,90
ORERO,16015,90
SAN FRUTTUOSO,16032,90
CAVI,16033,90
SAN MASSIMO,16035,90
BORGONOVO,12052,90
SAN DESIDERIO,14031,90
SANT'EUSEBIO,13060,90
PRA',12080,90
PRELA',18020,90
RANZO,18020,90
DOLCEDO,18020,90
VASIA,18020,90
NAVA,18024,90
CALDERARA,18026,90
TORRI,18039,90
PRATI,19020,90
LE GRAZIE,19025,90
CAMPIGLIA,19132,90
ELLERA,06070,90
GIOVO,17042,90
SAN GOTTARDO,23806,90
CORNALE,24020,90
ABBAZIA,15024,90
PONTE SAN PIETRO,24036,90
GHIAIE,24040,90
MALPAGA,24050,90
FONTANELLA,24056,90
MONASTEROLO,10070,90
LUZZANA,23847,90
LORETO,24128,90
VIADANA,25012,90
PADERNELLO,25022,90
FARFENGO,25022,90
RONCADELLE,25030,90
MAIRANO,25030,90
CONIOLO,15030,90
GALLENO,25040,90
CEVO,23010,90
FONTANE,12082,90
ZONE,25050,90
SAN VIGILIO,25062,90
COGOZZO,25069,90
SOTTOCASTELLO,25070,90
CHIESA,25080,90
MOLINETTO,22073,90
BOTTICINO,25082,90
ORIA,22010,90
STAZZONA,22010,90
CAMNAGO,20823,90
SCHIGNANO,22020,90
GALLIANO,22030,90
OSIGO,22039,90
LUCINO,20090,90
ANDRATE,10010,90
TAVERNOLA,22100,90
ROVERETO,26010,90
SABBIONI,26013,90
SPINEDA,26030,90
LEVATA,26044,90
VALCAVA,23806,90
ROGOREDO,20138,90
MONTICELLO,06059,90
MOMBELLO,20812,90
CANONICA,06059,90
SEGGIANO,20096,90
GABBIANA,46010,90
MONTANARA,37030,90
GRAZIE,46010,90
STRADELLA,27049,90
VILLASTRADA,06061,90
GAZZO,35010,90
CAPPELLETTA,30033,90
BORGOFORTE,35022,90
SAN FERMO,21100,90
SOAVE,37038,90
BUSCA,12022,90
CASTANA,27040,90
CASENOVE,06034,90
ALBOSAGGIA,23010,90
CAMPO,23025,90
FAEDO,23100,90
DOMO,21010,90
CALDANA,21034,90
BARAGGIA,21059,90
RASA,21100,90
MONTEFORTINO,60011,90
PALAZZO,06081,90
PADIGLIONE,60027,90
STAZIONE,39049,90
MONTEROSSO,60041,90
CANCELLI,50066,90
SASSO,36012,90
PATRIGNONE,52100,90
VILLA SANT'ANTONIO,09080,90
CAPODACQUA,06034,90
PIAGGE,61030,90
CASTELLANO,38060,90
MONTEGRANARO,61100,90
STRADA,52018,90
CESI,05100,90
SAN SISTO,06132,90
MONASTERO,52022,90
CERRETO,54038,90
SAN PIETRO IN VALLE,37060,90
INCORONATA,71100,90
PONZONE,13835,90
MONTECASTELLO,15040,90
VILLABELLA,15048,90
VALENZA,05100,90
SAN CRISTOFORO,15060,90
ALESSANDRIA,15100,90
ORTI,15100,90
ANTIGNANO,14010,90
CANTARANA,14010,90
MADONNA,14045,90
MONTEGROSSO,14100,90
ARGENTERA,10086,90
VILLA SAN PIETRO,09010,90
MONTA',12046,90
CASTELROTTO,12050,90
RORETO,10060,90
CINZANO,10090,90
MOLINE,12080,90
PRATOLUNGO,28028,90
CAMBIANO,10020,90
CASTEL DEL BOSCO,10060,90
LUSERNA,10062,90
LA VILLA,10070,90
FIANO,10070,90
SUPERGA,10132,90
BIENO,28804,90
CEREDA,28881,90
PRAROLO,13012,90
SCOPELLO,13028,90
LIGNANA,13034,90
PUTIGNANO,56121,90
SAN PASQUALE,07028,90
SAN COSIMO,72024,90
POGGIO IMPERIALE,50125,90
CAVALLINO,30013,90
MARTIGNANO,38100,90
CORSANO,53014,90
MAGLIANO,55030,90
NOVOLI,50127,90
LA MADDALENA,07024,90
BERCHIDDA,07022,90
MANDRIOLA,09070,90
VIGNE,05035,90
SAN PANTALEO,07026,90
TRAVERSA,08020,90
FICARAZZI,90010,90
CANALICCHIO,95030,90
PALAZZOLO,37060,90
TRAPPETO,90040,90
SAN NULLO,95045,90
SAN TEODORO,95121,90
SOCCORSO,06063,90
ROMETTA,54013,90
MILI MARINA,98131,90
SANTO STEFANO MEDIO,98135,90
MOLINO,36070,90
SANTO,98146,90
CAMARO,98149,90
SANT'AMBROGIO,35010,90
BRANCACCIO CIACULLI,90121,90
SFERRACAVALLO,05018,90
SAN GIULIANO TRENTAPIEDI,91016,90
PAPIANO,06055,90
SAN CIPRIANO,31056,90
VAGGIO,50066,90
VILLE,11020,90
SANTA FIORA,52037,90
MANCIANO,52043,90
COLONNATA,50019,90
CARRAIA,50041,90
PIEVE A RIPOLI,50050,90
VARNA,39040,90
PONTE A ELSA,50053,90
ORBIGNANO,50059,90
CASCIA,06043,90
CAMPESE,36061,90
CAPANNE,56020,90
POMONTE,57030,90
MARCIANA,56021,90
MONTEBELLO,06126,90
POZZI,30028,90
FORNO,38035,90
ASCIANO,53041,90
LA SERRA,56024,90
ULIGNANO,53037,90
CARMIGNANO,35040,90
GOMAGOI,39020,90
MONTEFRANCO,05030,90
TRAFOI,39020,90
MORTER,39020,90
TANAS,39020,90
COLFOSCO,31010,90
MONTAN,11010,90
NEUSTIFT,39040,90
PETERSBERG,39040,90
PALU',37050,90
COSTALUNGA,37032,90
ROMAGNANO,37023,90
CASTIONE,31037,90
CORTE,35028,90
MEANO,32035,90
COLLESECCO,05026,90
MACCHIE,05022,90
ROISAN,11010,90
VILLA DI VILLA,31016,90
LAGHI,35013,90
PRESINA,35016,90
LEVADA,31047,90
VO',35030,90
SALETTO,31030,90
TERRANEGRA,35127,90
NOVE,31029,90
SAN FLORIANO,31029,90
CARPENEDO,30175,90
SAN ZENO,36022,90
BARETE,67010,1
CAGNANO AMITERNO,67012,1
MASCIONI,67013,1
CAMPOTOSTO,67013,1
ORTOLANO,67013,1
POGGIO CANCELLI,67013,1
CESAPROBA,67015,1
MARANA DI MONTEREALE,67015,1
ARINGO,67015,1
VILLE DI FANO,67015,1
MARANA,67015,1
MONTEREALE,67015,1
SAN GIOVANNI PAGANICA,67015,1
SAN LORENZO DI PIZZOLI,67017,1
PIZZOLI,67017,1
MARRUCI,67017,1
SELLA DI CORNO,67019,1
SCOPPITO,67019,1
CASTELNUOVO DI SAN PIO DELLE CAMERE,67020,1
SAN PIO DELLE CAMERE,67020,1
VILLA SANTA LUCIA DEGLI ABRUZZI,67020,1
SANTO STEFANO DI SESSANIO,67020,1
GAGLIANO ATERNO,67020,1
ACCIANO,67020,1
GORIANO VALLI,67020,1
SAN BENEDETTO IN PERILLIS,67020,1
NAVELLI,67020,1
BEFFI,67020,1
MOLINA ATERNO,67020,1
CASTEL DI IERI,67020,1
FAGNANO ALTO,67020,1
COLLEPIETRO,67020,1
CAPORCIANO,67020,1
SANT'EUSANIO FORCONESE,67020,1
ROCCAPRETURO,67020,1
CARRUFO,67020,1
PRATA D'ANSIDONIA,67020,1
CIVITARETENGA,67020,1
TIONE DEGLI ABRUZZI,67020,1
CALASCIO,67020,1
CARAPELLE CALVISIO,67020,1
CASTELVECCHIO CALVISIO,67020,1
VILLA SANT'ANGELO,67020,1
FONTECCHIO,67020,1
TUSSIO,67020,1
PICENZE,67021,1
BARISCIANO,67021,1
CAPESTRANO,67022,1
CASTEL DEL MONTE,67023,1
CASTELVECCHIO SUBEQUO,67024,1
OFENA,67025,1
POGGIO PICENZE,67026,1
RAIANO,67027,1
SAN DEMETRIO NE' VESTINI,67028,1
SECINARO,67029,1
CIVITELLA ALFEDENA,67030,1
ROCCACASALE,67030,1
ALFEDENA,67030,1
CASTROVALVA,67030,1
VILLETTA BARREA,67030,1
CORFINIO,67030,1
TORRE DEI NOLFI,67030,1
OPI,67030,1
PACENTRO,67030,1
VILLA SCONTRONE,67030,1
ANVERSA DEGLI ABRUZZI,67030,1
BARREA,67030,1
VILLALAGO,67030,1
CANSANO,67030,1
VITTORITO,67030,1
CAMPO DI GIOVE,67030,1
CAMPO DI FANO,67030,1
PREZZA,67030,1
BUGNARA,67030,1
GORIANO SICOLI,67030,1
ATELETA,67030,1
SCONTRONE,67030,1
COCULLO,67030,1
ROCCA PIA,67030,1
INTRODACQUA,67030,1
ROCCACINQUEMIGLIA,67031,1
CASTEL DI SANGRO,67031,1
PESCASSEROLI,67032,1
PESCOCOSTANZO,67033,1
PETTORANO SUL GIZIO,67034,1
PRATOLA PELIGNA,67035,1
BAGNATURO,67035,1
RIVISONDOLI,67036,1
AREMOGNA,67037,1
PIETRANSIERI,67037,1
ROCCARASO,67037,1
FRATTURA,67038,1
SCANNO,67038,1
FRATTURA DI SCANNO,67038,1
CAVATE,67039,1
ABAZIA DI SULMONA,67039,1
ARABONA,67039,1
MARANE,67039,1
TORRONE,67039,1
TORRONE DI SULMONA,67039,1
SULMONA,67039,1
ALBANESE,67039,1
SAN MARTINO D'OCRE,67040,1
COLLARMELE,67040,1
OCRE,67040,1
AIELLI,67041,1
AIELLI STAZIONE,67041,1
CELANO,67043,1
CERCHIO,67044,1
CASAMAINA,67045,1
VILLE DI LUCOLI,67045,1
LUCOLI,67045,1
CASAMAINA DI LUCOLI,67045,1
SANTO IONA,67046,1
OVINDOLI,67046,1
ROCCA DI CAMBIO,67047,1
ROVERE DI ROCCA DI MEZZO,67048,1
ROCCA DI MEZZO,67048,1
ROCCA SANTO STEFANO DI TORNIMPARTE,67049,1
TORNIMPARTE,67049,1
SAN NICOLA DI TORNIMPARTE,67049,1
SAN VINCENZO VALLE ROVETO SUPERIORE,67050,1
SAN VINCENZO VECCHIO,67050,1
ROCCAVIVI,67050,1
MASSA D'ALBE,67050,1
RENDINARA,67050,1
CARRITO,67050,1
ORTONA DEI MARSI,67050,1
GRANCIA,67050,1
PAGLIARA DEI MARSI,67050,1
CANISTRO SUPERIORE,67050,1
CASTRONOVO,67050,1
ORTUCCHIO,67050,1
CANISTRO INFERIORE,67050,1
FORME,67050,1
SAN VINCENZO VALLE ROVETO,67050,1
LECCE NEI MARSI,67050,1
BISEGNA,67050,1
CASTELLAFIUME,67050,1
MORINO,67050,1
PERO DEI SANTI,67050,1
VILLAVALLELONGA,67050,1
CANISTRO,67050,1
CIVITA D'ANTINO,67050,1
COLLELONGO,67050,1
ALBE,67050,1
ANTROSANO,67051,1
SAN PELINO,67051,1
AVEZZANO,67051,1
CESE,67051,1
SANTUARIO DI PIETRACQUARIA,67051,1
BALSORANO NUOVO,67052,1
BALSORANO,67052,1
RIDOTTI DI BALSORANO,67052,1
RIDOTTI,67052,1
CORCUMELLO,67053,1
CAPISTRELLO,67053,1
PESCOCANALE DI CAPISTRELLO,67053,1
PESCOCANALE,67053,1
CIVITELLA ROVETO,67054,1
GIOIA DEI MARSI,67055,1
CASALI D'ASCHI,67055,1
LUCO DEI MARSI,67056,1
PESCINA,67057,1
VENERE,67057,1
SAN BENEDETTO DEI MARSI,67058,1
TRASACCO,67059,1
PETRELLA LIRI,67060,1
CAPPADOCIA,67060,1
VERRECCHIE,67060,1
COLLI DI MONTEBOVE,67061,1
VILLA ROMANA,67061,1
PIETRASECCA,67061,1
TUFO DI CARSOLI,67061,1
CARSOLI,67061,1
POGGIO CINOLFO,67061,1
MONTESABINESE,67061,1
MAGLIANO DE' MARSI,67062,1
ROSCIOLO DEI MARSI,67062,1
ROSCIOLO,67062,1
MARANO DEI MARSI,67062,1
ORICOLA,67063,1
PERETO,67064,1
ROCCA DI BOTTE,67066,1
SANTE MARIE,67067,1
SANTO STEFANO DI SANTE MARIE,67067,1
SCURCOLA MARSICANA,67068,1
CAPPELLE,67068,1
CAPPELLE DEI MARSI,67068,1
GALLO DI TAGLIACOZZO,67069,1
VILLA SAN SEBASTIANO,67069,1
SORBO DI TAGLIACOZZO,67069,1
TREMONTI,67069,1
TAGLIACOZZO,67069,1
SORBO,67069,1
ROCCACERRO,67069,1
POGGIO FILIPPO,67069,1
POGGETELLO DI TAGLIACOZZO,67069,1
POGGETELLO,67069,1
SAN DONATO DI TAGLIACOZZO,67069,1
POGGIO DI ROIO,67100,1
ARISCHIA,67100,1
PILE,67100,1
PAGANICA,67100,1
ARAGNO,67100,1
L'AQUILA,67100,1
COLLEBRINCIONI,67100,1
CAMPO IMPERATORE,67100,1
TEMPERA,67100,1
ASSERGI,67100,1
SAN VITTORINO AMITERNO,67100,1
COLLE BRINCIONI,67100,1
PIANOLA,67100,1
ONNA,67100,1
SANTI,67100,1
COLLE DI ROIO,67100,1
ROIO PIANO,67100,1
COPPITO,67100,1
CAMARDA,67100,1
SAN VITTORINO,67100,1
PENNAPIEDIMONTE,66010,1
GESSOPALENA,66010,1
SAN MARTINO SULLA MARRUCINA,66010,1
ARI,66010,1
MIGLIANICO,66010,1
SEMIVICOLI,66010,1
MONTENERODOMO,66010,1
CANOSA SANNITA,66010,1
TOLLO,66010,1
LETTOPALENA,66010,1
PRETORO,66010,1
ROCCAMONTEPIANO,66010,1
CIVITELLA MESSER RAIMONDO,66010,1
VACRI,66010,1
RIPA TEATINA,66010,1
LAMA DEI PELIGNI,66010,1
FARA FILIORUM PETRI,66010,1
GIULIANO TEATINO,66010,1
CASTELFERRATO,66010,1
RAPINO,66010,1
PALOMBARO,66010,1
CASACANDITELLA,66010,1
TORREVECCHIA TEATINA,66010,1
COLLEDIMACINE,66010,1
COLLE SANT'ANTONIO,66011,1
BUCCHIANICO,66011,1
CASALINCONTRADA,66012,1
VILLA TUCCI,66014,1
CRECCHIO,66014,1
FARA SAN MARTINO,66015,1
VILLA SAN VINCENZO,66016,1
COMINO,66016,1
CAPOROSSO,66016,1
PIANO DELLE FONTI,66016,1
GUARDIAGRELE,66016,1
PALENA,66017,1
TARANTA PELIGNA,66018,1
FALLASCOSO,66019,1
TORRICELLA PELIGNA,66019,1
SAMBUCETO,66020,1
ROCCA SAN GIOVANNI,66020,1
SAN GIOVANNI TEATINO,66020,1
VILLALFONSINA,66020,1
SAN GIACOMO DI SCERNI,66020,1
TORINO DI SANGRO STAZIONE,66020,1
TORINO DI SANGRO,66020,1
SCERNI,66020,1
POLLUTRI,66020,1
PAGLIETA,66020,1
MIRACOLI,66021,1
CASALBORDINO,66021,1
CASALBORDINO STAZIONE,66021,1
SCORCIOSA,66022,1
VILLASCORCIOSA,66022,1
FOSSACESIA,66022,1
FOSSACESIA MARINA,66022,1
FRANCAVILLA AL MARE,66023,1
FRANCAVILLA AL MARE RIONE FORO,66023,1
ORTONA PORTO,66026,1
ORTONA FORO,66026,1
VILLA GRANDE,66026,1
ORTONA,66026,1
VILLA SAN LEONARDO,66026,1
VILLA SAN NICOLA,66026,1
VILLA CALDARI,66026,1
MOZZAGROGNA,66030,1
FRISA,66030,1
TREGLIO,66030,1
POGGIOFIORITO,66030,1
ARIELLI,66030,1
GUASTAMEROLI,66030,1
CARPINETO SINELLO,66030,1
MONTAZZOLI,66030,1
VILLA ROMAGNOLI,66030,1
SANTA MARIA IMBARO,66030,1
CASALANGUIDA,66031,1
CASTEL FRENTANO,66032,1
CASTIGLIONE MESSER MARINO,66033,1
MADONNA DEL CARMINE,66034,1
RIZZACORNO,66034,1
LANCIANO,66034,1
VILLA ELCE,66034,1
NASUTI,66034,1
ORSOGNA,66036,1
SANT'EUSANIO DEL SANGRO,66037,1
SANT'APOLLINARE CHIETINO,66038,1
SAN VITO CHIETINO,66038,1
MARINA DI SAN VITO,66038,1
GAMBERALE,66040,1
CIVITALUPARELLA,66040,1
MONTELAPIANO,66040,1
CASTELGUIDONE,66040,1
COLLEDIMEZZO,66040,1
FALLO,66040,1
ALTINO,66040,1
MONTEFERRANTE,66040,1
PERANO,66040,1
ROIO DEL SANGRO,66040,1
PIZZOFERRATO,66040,1
BUONANOTTE,66040,1
MONTEBELLO SUL SANGRO,66040,1
BORRELLO,66040,1
SELVA DI ALTINO,66040,1
ROCCASCALEGNA,66040,1
QUADRI,66040,1
PIETRAFERRAZZANA,66040,1
ROSELLO,66040,1
GIULIOPOLI,66040,1
PENNADOMO,66040,1
MONTE MARCONE,66041,1
PIAZZANO DI ATESSA,66041,1
PIAZZANO,66041,1
ATESSA,66041,1
PIANA LA FARA,66041,1
BOMBA,66042,1
SELVA PIANA,66043,1
PIANE D'ARCHI,66044,1
TAVERNA DI SCHIAVI DI ABRUZZO,66045,1
SCHIAVI DI ABRUZZO,66045,1
TORNARECCIO,66046,1
VILLA SANTA MARIA,66047,1
LENTELLA,66050,1
LISCIA,66050,1
ROCCASPINALVETI,66050,1
SAN SALVO,66050,1
GUILMI,66050,1
FRESAGRANDINARIA,66050,1
FURCI,66050,1
MONTEODORISIO,66050,1
DOGLIOLA,66050,1
SAN GIOVANNI LIPIONI,66050,1
TORREBRUNA,66050,1
GUARDIABRUNA,66050,1
FRAINE,66050,1
PALMOLI,66050,1
CARUNCHIO,66050,1
SAN BUONO,66050,1
TUFILLO,66050,1
SAN SALVO MARINA,66050,1
CELENZA SUL TRIGNO,66050,1
CUPELLO,66051,1
GISSI,66052,1
SAN LORENZO DI VASTO,66054,1
INCORONATA DI VASTO,66054,1
VASTO,66054,1
VASTO MARINA,66054,1
MARINA DI VASTO,66054,1
BRECCIAROLA,66100,1
CHIETI,66100,1
CHIETI STAZIONE,66100,1
TRICALLE,66100,1
CHIETI SCALO,66100,1
VILLA CELIERA,65010,1
ELICE,65010,1
CIVITELLA CASANOVA,65010,1
CARPINETO DELLA NORA,65010,1
PICCIANELLO,65010,1
VICOLI,65010,1
COLLECORVINO,65010,1
SANTA LUCIA DI COLLECORVINO,65010,1
SPOLTORE,65010,1
BARBERI,65010,1
NOCCIANO,65010,1
MONTEBELLO DI BERTONA,65010,1
BRITTOLI,65010,1
VILLA RASPA,65010,1
FARINDOLA,65010,1
CAPRARA D'ABRUZZO,65010,1
CIVITAQUANA,65010,1
MOSCUFO,65010,1
CONGIUNTI,65010,1
VESTEA,65010,1
CAPPELLE SUL TAVO,65010,1
PICCIANO,65010,1
SANTA TERESA,65010,1
CATIGNANO,65011,1
VILLAREIA,65012,1
VALLEMARE DI CEPAGATTI,65012,1
CEPAGATTI,65012,1
MARINA,65013,1
SAN MARTINO BASSA,65013,1
CITTA' SANT'ANGELO,65013,1
VILLA CIPRESSO,65013,1
LORETO APRUTINO,65014,1
MONTESILVANO COLLE,65015,1
VILLA CARMINE,65015,1
MONTESILVANO,65015,1
MONTESILVANO SPIAGGIA,65015,1
MONTESILVANO MARINA,65015,1
ROCCAFINADAMO,65017,1
PENNE,65017,1
CERRATINA,65019,1
CASTELLANA,65019,1
ABBATEGGIO,65020,1
SALLE,65020,1
TICCHIONE,65020,1
TURRIVALIGNANI,65020,1
SANT'EUFEMIA A MAIELLA,65020,1
VILLA OLIVETI,65020,1
SAN VALENTINO IN ABRUZZO CITERIORE,65020,1
ALANNO,65020,1
CASTIGLIONE A CASAURIA,65020,1
PIETRANICO,65020,1
CUGNOLI,65020,1
VILLA BADESSA,65020,1
LETTOMANOPPELLO,65020,1
ALANNO SCALO,65020,1
PESCOSANSONESCO,65020,1
MUSELLARO,65020,1
ROSCIANO,65020,1
ROCCAMORICE,65020,1
PESCONUOVO,65020,1
ALANNO STAZIONE,65020,1
PIANO D'ORTA,65020,1
BUSSI OFFICINE,65022,1
BUSSI SUL TIRINO,65022,1
CARAMANICO TERME,65023,1
MANOPPELLO SCALO,65024,1
RIPACORBARIA,65024,1
MANOPPELLO STAZIONE,65024,1
MANOPPELLO,65024,1
SERRAMONACESCA,65025,1
POPOLI,65026,1
DECONTRA,65027,1
TOCCO DA CASAURIA,65028,1
TORRE DE' PASSERI,65029,1
PESCARA COLLI,65125,1
PINETA DI PESCARA,65129,1
VILLA LEMPA,64010,1
CESANO,64010,1
SANTO STEFANO DI TORRICELLA SICURA,64010,1
PIETRALTA,64010,1
TORANO NUOVO,64010,1
CIVITELLA DEL TRONTO,64010,1
VALLE CASTELLANA,64010,1
PASCELLATA,64010,1
IOANELLA,64010,1
CONTROGUERRA,64010,1
CERQUETO DEL TRONTO,64010,1
ROCCHE DI CIVITELLA,64010,1
VILLA FAVALE,64010,1
VILLA PASSO,64010,1
RIPE CIVITELLA DEL TRONTO,64010,1
COLONNELLA,64010,1
TORRICELLA SICURA,64010,1
LEOFARA,64010,1
ALBA ADRIATICA,64011,1
CAMPLI,64012,1
PIANCARANI,64012,1
CAMPOVALANO,64012,1
GARRUFO DI CAMPLI,64012,1
VILLA PATERNO,64012,1
CORROPOLI,64013,1
VILLA ROSA,64014,1
VILLA ROSA DI MARTINSICURO,64014,1
MARTINSICURO,64014,1
NERETO,64015,1
SANT'EGIDIO ALLA VIBRATA,64016,1
VILLA MATTONI,64016,1
PAOLANTONIO,64016,1
FARAONE NUOVO,64016,1
FARAONE,64016,1
TORTORETO,64018,1
TORTORETO LIDO,64018,1
BELLANTE STAZIONE,64020,1
MORRO D'ORO,64020,1
CANZANO,64020,1
PETRICCIONE,64020,1
VILLA ZACCHEO,64020,1
ZACCHEO,64020,1
CASEMOLINO,64020,1
VALLE CANZANO,64020,1
RIPATTONI,64020,1
BELLANTE,64020,1
CASTELLALTO,64020,1
CASTELBASSO,64020,1
CASTELNUOVO VOMANO,64020,1
COLLERANESCO,64021,1
GIULIANOVA,64021,1
GIULIANOVA SPIAGGIA,64021,1
NOTARESCO STAZIONE,64023,1
MOSCIANO SANT'ANGELO,64023,1
NOTARESCO,64024,1
PIANURA VOMANO,64024,1
GUARDIA VOMANO,64024,1
PINETO,64025,1
SCERNE,64025,1
SCERNE DI PINETO,64025,1
BORGO SANTA MARIA IMMACOLATA,64025,1
MUTIGNANO,64025,1
COLOGNA SPIAGGIA,64026,1
SANTA LUCIA DI ROSETO DEGLI ABRUZZI,64026,1
ROSETO DEGLI ABRUZZI,64026,1
COLOGNA PAESE,64026,1
MONTEPAGANO,64026,1
POGGIO MORELLO,64027,1
GARRUFO,64027,1
SANT'OMERO,64027,1
PIANACCE,64028,1
SILVI,64028,1
SILVI MARINA,64028,1
BASCIANO,64030,1
MONTEFINO,64030,1
CASTEL CASTAGNA,64030,1
VILLA BOZZA,64030,1
ARSITA,64031,1
TRECIMINIERE,64032,1
CASOLI DI ATRI,64032,1
SAN GIACOMO D'ATRI,64032,1
ATRI,64032,1
SANTA MARGHERITA DI ATRI,64032,1
BISENTI,64033,1
CASTIGLIONE MESSER RAIMONDO,64034,1
CASTILENTI,64035,1
VILLA SAN ROMUALDO,64035,1
CELLINO ATTANASIO,64036,1
MONTEGUALTIERI,64037,1
POGGIO DELLE ROSE,64037,1
CERMIGNANO,64037,1
VAL VOMANO,64039,1
PENNA SANT'ANDREA,64039,1
CORTINO,64040,1
PAGLIAROLI,64040,1
CASTELLI,64041,1
COLLEDORO,64041,1
VILLA PETTO,64042,1
ORNANO GRANDE,64042,1
COLLEDARA,64042,1
SAN GIORGIO DI CROGNALETO,64043,1
MACCHIA VOMANO,64043,1
CROGNALETO,64043,1
TOTTEA,64043,1
CESACASTINA,64043,1
POGGIO UMBRICCHIO,64043,1
NERITO,64043,1
FANO ADRIANO,64044,1
ISOLA DEL GRAN SASSO D'ITALIA,64045,1
FANO A CORNO,64045,1
SAN GABRIELE DELL'ADDOLORATA,64045,1
FORCA DI VALLE,64045,1
CERCHIARA,64045,1
MONTORIO AL VOMANO,64046,1
LEOGNANO,64046,1
COLLEVECCHIO DI MONTORIO,64046,1
CUSCIANO,64046,1
INTERMESOLI,64047,1
PIETRACAMELA,64047,1
CHIARINO,64049,1
AZZINANO,64049,1
TOSSICIA,64049,1
NEPEZZANO,64100,1
VALLE SAN GIOVANNI,64100,1
PIANO D'ACCIO,64100,1
SAN NICOLO' A TORDINO,64100,1
POGGIO SAN VITTORINO,64100,1
VILLA VOMANO,64100,1
TORDINIA,64100,1
VILLA RIPA,64100,1
CARTECCHIO,64100,1
COLLEATTERRATO ALTO,64100,1
FRONDAROLA,64100,1
TERAMO,64100,1
SANT'ATTO,64100,1
COLLEMINUCCIO,64100,1
COLLE SANTA MARIA,64100,1
CRACO,75010,1
PESCHIERA,75010,1
SAN MAURO FORTE,75010,1
GARAGUSO,75010,1
GORGOGLIONE,75010,1
MIGLIONICO,75010,1
CIRIGLIANO,75010,1
ALIANO,75010,1
CALCIANO,75010,1
GROTTOLE,75010,1
OLIVETO LUCANO,75010,1
ACCETTURA,75011,1
METAPONTO LIDO,75012,1
METAPONTO,75012,1
BERNALDA,75012,1
SERRA MARINA,75012,1
BORGO MACCHIA,75013,1
FERRANDINA,75013,1
GRASSANO,75014,1
PISTICCI,75015,1
PISTICCI SCALO,75015,1
MARCONIA,75015,1
POMARICO,75016,1
SALANDRA,75017,1
CALLE,75019,1
TRICARICO,75019,1
NOVA SIRI SCALO,75020,1
NOVA SIRI,75020,1
RECOLETA,75020,1
SCANZANO JONICO,75020,1
NOVA SIRI STAZIONE,75020,1
COLOBRARO,75021,1
IRSINA,75022,1
TACCONE,75022,1
MONTALBANO JONICO,75023,1
MONTESCAGLIOSO,75024,1
POLICORO,75025,1
ROTONDELLA,75026,1
SAN GIORGIO LUCANO,75027,1
TURSI,75028,1
CAPRARICO,75028,1
GANNANO,75028,1
VALSINNI,75029,1
VENUSIO,75100,1
LA MARTELLA,75100,1
MATERA,75100,1
BANZI,85010,1
PIGNOLA,85010,1
BRINDISI MONTAGNA,85010,1
CASTELMEZZANO,85010,1
CALVELLO,85010,1
GALLICCHIO,85010,1
MADONNA DEL PANTANO,85010,1
CAMPOMAGGIORE,85010,1
SAN CHIRICO NUOVO,85010,1
ABRIOLA,85010,1
ALBANO DI LUCANIA,85010,1
MISSANELLO,85010,1
GUARDIA PERTICARA,85010,1
PIETRAPERTOSA,85010,1
VAGLIO BASILICATA,85010,1
ANZI,85010,1
ARMENTO,85010,1
CANCELLARA,85010,1
ACERENZA,85011,1
CORLETO PERTICARA,85012,1
GENZANO DI LUCANIA,85013,1
LAURENZANA,85014,1
OPPIDO LUCANO,85015,1
PIETRAGALLA,85016,1
TOLVE,85017,1
TRIVIGNO,85018,1
SANT'ANGELO DI AVIGLIANO,85020,1
DRAGONETTI,85020,1
RAPONE,85020,1
FILIANO,85020,1
AVIGLIANO SCALO,85020,1
MASCHITO,85020,1
PIANO SAN NICOLA,85020,1
STERPITO,85020,1
STERPITO DI SOPRA,85020,1
SCALERA,85020,1
MONTEMILONE,85020,1
STERPITO DI SOTTO,85020,1
GINESTRA,85020,1
RUVO DEL MONTE,85020,1
LAGOPESOLE,85020,1
ATELLA,85020,1
RIPACANDIDA,85020,1
SAN FELE,85020,1
PESCOPAGANO,85020,1
SAN GIORGIO DI PIETRAGALLA,85020,1
CASTEL LAGOPESOLE,85021,1
PIANO DEL CONTE,85021,1
SAN CATALDO DI BELLA,85021,1
AVIGLIANO,85021,1
POSSIDENTE,85021,1
BARILE,85022,1
FORENZA,85023,1
LAVELLO,85024,1
GAUDIANO,85024,1
MELFI,85025,1
FOGGIANO,85025,1
LEONESSA DI MELFI,85025,1
PALAZZO SAN GERVASIO,85026,1
RAPOLLA,85027,1
RIONERO IN VULTURE,85028,1
MONTICCHIO BAGNI,85028,1
VENOSA,85029,1
SAN PAOLO ALBANESE,85030,1
CASTRONUOVO DI SANT'ANDREA,85030,1
CALVERA,85030,1
CASA DEL CONTE,85030,1
SAN SEVERINO LUCANO,85030,1
SAN COSTANTINO ALBANESE,85030,1
SAN CHIRICO RAPARO,85030,1
SAN MARTINO D'AGRI,85030,1
CERSOSIMO,85030,1
VILLANETO,85030,1
TERRANOVA DI POLLINO,85030,1
MEZZANA SALICE,85030,1
CARBONE,85030,1
FRUSCI,85031,1
MIRALDO,85031,1
CASTELSARACENO,85031,1
TEANA,85032,1
CHIAROMONTE,85032,1
EPISCOPIA,85033,1
FARDELLA,85034,1
FRANCAVILLA IN SINNI,85034,1
NOEPOLI,85035,1
ROCCANOVA,85036,1
SAN BRANCATO,85037,1
SENISE,85038,1
SPINOSO,85039,1
CASTELLUCCIO INFERIORE,85040,1
SAN COSTANTINO DI RIVELLO,85040,1
CASTELLUCCIO SUPERIORE,85040,1
RIVELLO,85040,1
VIGGIANELLO,85040,1
NEMOLI,85040,1
PEDALI DI VIGGIANELLO,85040,1
LAGONEGRO,85042,1
MILEO,85043,1
AGROMONTE,85043,1
CERRI,85043,1
LATRONICO,85043,1
LAURIA SUPERIORE,85044,1
LAURIA INFERIORE,85044,1
COGLIANDRINO,85044,1
SELUCI,85044,1
LAURIA,85044,1
GALDO DI LAURIA,85044,1
PECORONE,85044,1
FIUMICELLO SANTA VENERE,85046,1
MARATEA PORTO,85046,1
MARATEA,85046,1
MOLITERNO,85047,1
ROTONDA,85048,1
PIANO DEI PERI,85049,1
TRECCHINA,85049,1
SANT'ANGELO LE FRATTE,85050,1
GRUMENTO NOVA,85050,1
MARSICOVETERE,85050,1
SAVOIA DI LUCANIA,85050,1
VILLA D'AGRI,85050,1
SASSO DI CASTALDA,85050,1
TITO,85050,1
BRIENZA,85050,1
BALVANO,85050,1
BARAGIANO,85050,1
CASTELGRANDE,85050,1
SARCONI,85050,1
TITO SCALO,85050,1
SATRIANO DI LUCANIA,85050,1
SCALO DI BARAGIANO,85050,1
BARAGIANO SCALO,85050,1
SANT'ANTONIO CASALINI,85051,1
BELLA,85051,1
MARSICO NUOVO,85052,1
GALAINO,85052,1
MONTEMURRO,85053,1
CAPO DI GIANO,85054,1
MURO LUCANO,85054,1
PICERNO,85055,1
RUOTI,85056,1
TRAMUTOLA,85057,1
VIETRI DI POTENZA,85058,1
MOSILEO,85058,1
VIGGIANO,85059,1
POTENZA,85100,1
MONTOCCHIO,85100,1
GIULIANO,85100,1
FIRMO,87010,1
TORANO CASTELLO SCALO,87010,1
POLICASTRELLO,87010,1
TORANO CASTELLO,87010,1
ROTA GRECA,87010,1
SAN DONATO DI NINEA,87010,1
SAN BASILE,87010,1
IOGGI,87010,1
LATTARICO,87010,1
SANTA CATERINA ALBANESE,87010,1
CERVICATI,87010,1
FRASCINETO,87010,1
MALVITO,87010,1
SARACENA,87010,1
TERRANOVA DA SIBARI,87010,1
EIANINA,87010,1
REGINA,87010,1
SANTA MARIA LE GROTTE,87010,1
LUNGRO,87010,1
SANT'AGATA DI ESARO,87010,1
ACQUAFORMOSA,87010,1
SAN SOSTI,87010,1
SARTANO,87010,1
MOTTAFOLLONE,87010,1
SAN MARTINO DI FINITA,87010,1
LAUROPOLI,87011,1
LATTUGHELLE,87011,1
SIBARI STAZIONE,87011,1
CASSANO ALLO IONIO,87011,1
PIANOSCAFO,87011,1
SIBARI,87011,1
DORIA,87011,1
CASTROVILLARI,87012,1
VIGNE DI CASTROVILLARI,87012,1
FAGNANO CASTELLO,87013,1
LAINO BORGO,87014,1
LAINO CASTELLO,87015,1
MORANO CALABRO,87016,1
ROGGIANO GRAVINA,87017,1
SAN MARCO ARGENTANO,87018,1
SAN MARCO ARGENTANO STAZIONE,87018,1
SAN MARCO ROGGIANO STAZIONE,87018,1
SPEZZANO ALBANESE TERME,87019,1
SPEZZANO ALBANESE STAZIONE,87019,1
SPEZZANO ALBANESE,87019,1
ACQUAPPESA MARINA,87020,1
MAIERA',87020,1
ACQUAPPESA,87020,1
GUARDIA PIEMONTESE,87020,1
BONIFATI,87020,1
MARINA DI TORTORA,87020,1
SAN NICOLA ARCELLA,87020,1
GUARDIA PIEMONTESE MARINA,87020,1
SANGINETO,87020,1
SANTA DOMENICA TALAO,87020,1
GUARDIA PIEMONTESE TERME,87020,1
ORSOMARSO,87020,1
BUONVICINO,87020,1
GRISOLIA,87020,1
TORREVECCHIA,87020,1
GRANATA,87020,1
LE CRETE,87020,1
INTAVOLATA,87020,1
TORTORA MARINA,87020,1
VERBICARO,87020,1
CITTADELLA DEL CAPO,87020,1
AIETA,87020,1
SANTA MARIA DEL CEDRO,87020,1
TORTORA,87020,1
SANGINETO LIDO,87020,1
PAPASIDERO,87020,1
LAISE,87021,1
BELVEDERE MARITTIMO,87021,1
MARINA DI BELVEDERE MARITTIMO,87021,1
CETRARO,87022,1
BATTENDIERI,87022,1
CETRARO MARINA,87022,1
SANT'ANGELO DI CETRARO,87022,1
DIAMANTE,87023,1
MARINA DI FUSCALDO,87024,1
FUSCALDO,87024,1
CARIGLIO,87024,1
MORMANNO,87026,1
PAOLA MARINA,87027,1
PAOLA SANTUARIO,87027,1
SANTUARIO SAN FRANCESCO,87027,1
PAOLA,87027,1
SAN MICELI,87027,1
PRAIA A MARE,87028,1
SCALEA,87029,1
VADUE,87030,1
BELSITO,87030,1
GESUITI,87030,1
CAROLEI,87030,1
CLETO,87030,1
FALCONARA ALBANESE,87030,1
DOMANICO,87030,1
FIUMEFREDDO BRUZIO,87030,1
SERRA D'AIELLO,87030,1
SAN VINCENZO LA COSTA,87030,1
LONGOBARDI MARINA,87030,1
MARINA DI FIUMEFREDDO BRUZIO,87030,1
SCORNAVACCA,87030,1
REGGIO,87030,1
STAZIONE DI FIUMEFREDDO BRUZIO,87030,1
TORREMEZZO,87030,1
TORREMEZZO DI FALCONARA,87030,1
MALITO,87030,1
SAVUTO,87030,1
SAN PIETRO IN AMANTEA,87030,1
SAVUTO DI CLETO,87030,1
AIELLO CALABRO,87031,1
AMANTEA MARINA,87032,1
CAMPORA SAN GIOVANNI,87032,1
AMANTEA,87032,1
CORICA,87032,1
BELMONTE CALABRO MARINA,87033,1
BELMONTE CALABRO,87033,1
VADI,87033,1
TERRATI,87035,1
ARIA DI LUPI,87035,1
RENDE,87036,1
QUATTROMIGLIA,87036,1
ARCAVACATA,87036,1
CASTIGLIONE COSENTINO STAZIONE,87036,1
SURDO,87036,1
ROGES,87036,1
COMMENDA,87036,1
BUCITA,87037,1
SAN FILI,87037,1
SAN LUCIDO,87038,1
POLLELLA,87038,1
CASAL DI BASSO,87040,1
ANDREOTTA,87040,1
ROSE,87040,1
MONGRASSANO,87040,1
MARANO PRINCIPATO,87040,1
ROSARIO,87040,1
MONGRASSANO STAZIONE,87040,1
TIVOLILLE,87040,1
DEPOSITO DI LUZZI,87040,1
MONTALTO UFFUGO SCALO,87040,1
SAN GIACOMO DI CERZETO,87040,1
STAZIONE DI MONGRASSANO,87040,1
LUZZI,87040,1
SAN BENEDETTO ULLANO,87040,1
MAIONE,87040,1
CERZETO,87040,1
MENDICINO,87040,1
TIMPARELLO DI LUZZI,87040,1
ORTOMATERA,87040,1
CAVALLERIZZO,87040,1
SAN LORENZO DEL VALLO,87040,1
TARSIA,87040,1
TIMPARELLO,87040,1
PATERNO CALABRO,87040,1
TAVERNA DI MONTALTO UFFUGO,87040,1
ANDREOTTA DI CASTROLIBERO,87040,1
CASTIGLIONE COSENTINO,87040,1
MARANO MARCHESATO,87040,1
CASTROLIBERO,87040,1
ZUMPANO,87040,1
PARENTI,87040,1
ACRI,87041,1
MONTAGNOLA,87041,1
SAN GIACOMO D'ACRI,87041,1
DUGLIA,87041,1
SERRICELLA,87041,1
ALTOMONTE,87042,1
CERISANO,87044,1
LAURIGNANO,87045,1
DIPIGNANO,87045,1
TESSANO,87045,1
VACCARIZZO DI MONTALTO,87046,1
CALDOPIANO,87046,1
VACCARIZZO,87046,1
PARANTORO,87046,1
MONTALTO UFFUGO,87046,1
SAN PIETRO IN GUARANO,87047,1
SAN BENEDETTO IN GUARANO,87047,1
REDIPIANO,87047,1
SANTA SOFIA D'EPIRO,87048,1
MORELLI,87050,1
PIAN DEL LAGO,87050,1
ROVITO,87050,1
FIGLINE VEGLIATURO,87050,1
TRENTA,87050,1
PEDACE,87050,1
MAGLI,87050,1
BIANCHI,87050,1
MARZI,87050,1
BORBORUSO,87050,1
SERRA PEDACE,87050,1
SPEZZANO PICCOLO,87050,1
CASOLE BRUZIO,87050,1
PIANE CRATI,87050,1
PANETTIERI,87050,1
CELLARA,87050,1
COLOSIMI,87050,1
LAPPANO,87050,1
CARPANZANO,87050,1
PEDIVIGLIANO,87050,1
MANGONE,87050,1
SILVANA MANSIO,87050,1
CAMARDA DI APRIGLIANO,87051,1
APRIGLIANO,87051,1
CAMIGLIATELLO SILANO,87052,1
CROCE DI MAGARA,87052,1
MOCCONE,87052,1
CAMIGLIATELLO,87052,1
FAGO DEL SOLDATO,87052,1
CELICO,87053,1
SALIANO,87054,1
ROGLIANO,87054,1
SAN GIOVANNI IN FIORE,87055,1
MONTE OLIVETO,87055,1
LORICA,87055,1
SANTO STEFANO DI ROGLIANO,87056,1
SCIGLIANO,87057,1
DIANO,87057,1
SPEZZANO DELLA SILA,87058,1
PIETRAPAOLA STAZIONE,87060,1
PIETRAPAOLA,87060,1
TERRAVECCHIA,87060,1
PALUDI,87060,1
CALOVETO,87060,1
SAN COSMO ALBANESE,87060,1
CROSIA,87060,1
CALOPEZZATI,87060,1
SCALA COELI,87060,1
CROPALATI,87060,1
SAN GIORGIO ALBANESE,87060,1
BOCCHIGLIERO,87060,1
SAN MORELLO,87060,1
MANDATORICCIO,87060,1
VACCARIZZO ALBANESE,87060,1
VECCHIARELLO,87060,1
CAMPANA,87061,1
CARIATI,87062,1
CARIATI MARINA,87062,1
VILLAGGIO FRASSO,87064,1
SCHIAVONEA,87064,1
FABRIZIO,87064,1
MARINA DI SCHIAVONEA,87064,1
CORIGLIANO CALABRO STAZIONE,87064,1
CORIGLIANO CALABRO,87064,1
CORIGLIANO SCALO,87064,1
CANTINELLA,87064,1
DESTRO,87066,1
LONGOBUCCO,87066,1
ROSSANO,87067,1
ROSSANO STAZIONE,87067,1
PIRAGINETI,87067,1
AMICA,87067,1
MACCHIA ALBANESE,87069,1
SAN DEMETRIO CORONE,87069,1
CANNA,87070,1
CASTROREGIO,87070,1
NOCARA,87070,1
PLATACI,87070,1
PIANA DI CERCHIARA,87070,1
ROSETO CAPO SPULICO STAZIONE,87070,1
ALESSANDRIA DEL CARRETTO,87070,1
BORGATA MARINA,87070,1
ALBIDONA,87070,1
MONTEGIORDANO,87070,1
CERCHIARA DI CALABRIA,87070,1
ROSETO CAPO SPULICO,87070,1
MONTEGIORDANO MARINA,87070,1
SAN LORENZO BELLIZZI,87070,1
AMENDOLARA,87071,1
AMENDOLARA MARINA,87071,1
FRANCAVILLA MARITTIMA,87072,1
ROCCA IMPERIALE,87074,1
ROCCA IMPERIALE MARINA,87074,1
TREBISACCE,87075,1
TORRE CERCHIAR,87076,1
VILLAPIANA LIDO,87076,1
VILLAPIANA SCALO,87076,1
COSENZA,87100,1
CASALI,87100,1
SANVITO,87100,1
BORGO PARTENOPE,87100,1
SANT'IPPOLITO DI COSENZA,87100,1
DONNICI SUPERIORE,87100,1
DONNICI INFERIORE,87100,1
JACURSO,88020,1
CORTALE,88020,1
SAN FLORO,88021,1
ROCCELLETTA,88021,1
BORGIA,88021,1
ACCONIA,88022,1
CURINGA,88022,1
GIRIFALCO,88024,1
SAN PIETRO A MAIDA,88025,1
MAIDA,88025,1
PIANOPOLI,88040,1
MOTTA SANTA LUCIA,88040,1
MARTIRANO LOMBARDO,88040,1
ACCARIA ROSARIA,88040,1
PLATANIA,88040,1
ACCARIA,88040,1
CONFLENTI,88040,1
MARTELLETTO,88040,1
CONFLENTI INFERIORE,88040,1
SAN PIETRO APOSTOLO,88040,1
ANGOLI,88040,1
SERRASTRETTA,88040,1
AMATO,88040,1
MARTIRANO,88040,1
SAN MANGO D'AQUINO,88040,1
CICALA,88040,1
GIZZERIA LIDO,88040,1
SETTINGIANO,88040,1
MIGLIERINA,88040,1
PRATORA SARROTTINO,88040,1
CARLOPOLI,88040,1
IEVOLI,88040,1
SAN MAZZEO,88040,1
GIZZERIA,88040,1
MIGLIUSO,88040,1
FEROLETO ANTICO,88040,1
CERRISI,88041,1
ADAMI,88041,1
DECOLLATURA,88041,1
CASTIGLIONE MARITTIMO,88042,1
FALERNA,88042,1
FALERNA SCALO,88042,1
MARCELLINARA,88044,1
GIMIGLIANO INFERIORE,88045,1
GIMIGLIANO,88045,1
CAVORA',88045,1
CAVORA' DI GIMIGLIANO,88045,1
SANTA EUFEMIA LAMEZIA,88046,1
NICASTRO,88046,1
SAN PIETRO LAMETINO,88046,1
FRONTI,88046,1
CARONTE,88046,1
SAMBIASE,88046,1
SANT'EUFEMIA DI LAMEZIA TERME,88046,1
BELLA DI LAMEZIA TERME,88046,1
SAMBIASE DI LAMEZIA TERME,88046,1
ZANGARONA,88046,1
ZANGARONA DI LAMEZIA TERME,88046,1
LAMEZIA TERME,88046,1
NOCERA TERINESE,88047,1
MARINA DI NOCERA TERINESE,88047,1
SOVERIA MANNELLI,88049,1
AMARONI,88050,1
LA PETRIZIA,88050,1
SORBO SAN BASILE,88050,1
PETRONA',88050,1
CRICHI,88050,1
BELCASTRO,88050,1
SELLIA,88050,1
VALLEFIORITA,88050,1
URIA,88050,1
MARCEDUSA,88050,1
PALERMITI,88050,1
SOVERIA SIMERI,88050,1
FOSSATO SERRALTA,88050,1
SELLIA MARINA,88050,1
SIMERI,88050,1
PENTONE,88050,1
CALABRICATA,88050,1
SIMERI CRICHI,88050,1
MAGISANO,88050,1
CERVA,88050,1
PETRIZIA,88050,1
SAN PIETRO MAGISANO,88050,1
CARAFFA DI CATANZARO,88050,1
SCOPPOLISE,88050,1
ZAGARISE,88050,1
ANDALI,88050,1
CROPANI,88051,1
CUTURELLA,88051,1
CROPANI MARINA,88051,1
SERSALE,88054,1
ALBI,88055,1
VILLAGGIO MANCUSO,88055,1
TAVERNA,88055,1
BUTURO,88055,1
SAN GIOVANNI D'ALBI,88055,1
VILLAGGIO RACISE,88055,1
TIRIOLO,88056,1
PRATORA,88056,1
SAN SOSTENE,88060,1
MONTEPAONE,88060,1
MARINA DI DAVOLI,88060,1
DAVOLI,88060,1
ARGUSTO,88060,1
GAGLIATO,88060,1
SAN SOSTENE MARINA,88060,1
SANT'ANDREA IONIO MARINA,88060,1
TORRE DI RUGGIERO,88060,1
SANT'ANDREA APOSTOLO DELLO IONIO,88060,1
SANTA CATERINA DELLO IONIO MARINA,88060,1
GASPERINA,88060,1
SANTA CATERINA DELLO IONIO,88060,1
BADOLATO,88060,1
SATRIANO,88060,1
PETRIZZI,88060,1
MONTEPAONE LIDO,88060,1
ISCA SULLO IONIO,88060,1
MARINA DI GUARDAVALLE,88060,1
ISCA MARINA,88060,1
BADOLATO MARINA,88060,1
MARINA DI SANT'ANDREA JONIO,88060,1
MONTAURO,88060,1
MONTAURO STAZIONE,88060,1
NOVALBA,88062,1
CARDINALE,88062,1
CHIARAVALLE CENTRALE,88064,1
GUARDAVALLE MARINA,88065,1
GUARDAVALLE,88065,1
CENADI,88067,1
CENTRACHE,88067,1
SAN VITO SULLO IONIO,88067,1
OLIVADI,88067,1
SOVERATO,88068,1
SOVERATO SUPERIORE,88068,1
SOVERATO MARINA,88068,1
STALETTI,88069,1
COPANELLO,88069,1
SQUILLACE LIDO,88069,1
SQUILLACE,88069,1
LIDO DI SQUILLACE,88069,1
BOTRICELLO,88070,1
PONTEGRANDE,88100,1
CATANZARO LIDO,88100,1
SANTA MARIA DI CATANZARO,88100,1
CATANZARO SALA,88100,1
CAVA DI CATANZARO,88100,1
CATANZARO,88100,1
CIRO' MARINA,88811,1
CRUCOLI,88812,1
CRUCOLI TORRETTA,88812,1
CIRO',88813,1
TORRE MELISSA,88814,1
MELISSA,88814,1
MARINA DI STRONGOLI,88815,1
STRONGOLI,88816,1
SAN NICOLA DELL'ALTO,88817,1
CARFIZZI,88817,1
PALLAGORIO,88818,1
VERZINO,88819,1
CORAZZO,88821,1
ROCCA DI NETO,88821,1
CASABONA,88822,1
ZINGA,88822,1
UMBRIATICO,88823,1
PERTICARO,88823,1
BELVEDERE DI SPINELLO,88824,1
SAVELLI,88825,1
SAN MAURO MARCHESATO,88831,1
SCANDALE,88831,1
SANTA SEVERINA,88832,1
CACCURI,88833,1
CERENZIA,88833,1
CASTELSILANO,88834,1
ROCCABERNARDA,88835,1
COTRONEI,88836,1
CAMELLINO,88837,1
FORESTA,88837,1
PAGLIARELLE,88837,1
PETILIA POLICASTRO,88837,1
FILIPPA,88838,1
MESORACA,88838,1
PUNTA LE CASTELLA,88841,1
ISOLA DI CAPO RIZZUTO,88841,1
CUTRO,88842,1
STECCATO DI CUTRO,88842,1
SAN LEONARDO DI CUTRO,88842,1
CROTONE,88900,1
VILLAGGIO BUCCHI,88900,1
PAPANICE,88900,1
SCIDO,89010,1
TERRANOVA SAPPO MINULIO,89010,1
VARAPODIO,89010,1
MOLOCHIO,89010,1
BAGNARA CALABRA,89011,1
CERAMIDA,89011,1
PORELLI DI BAGNARA,89011,1
SOLANO INFERIORE,89011,1
DELIANUOVA,89012,1
GIOIA TAURO,89013,1
MARINA DI GIOIA TAURO,89013,1
CASTELLACE,89014,1
MESSIGNADI,89014,1
PIMINORO,89014,1
OPPIDO MAMERTINA,89014,1
ZURGONADIO,89014,1
TRESILICO,89014,1
TAUREANA,89015,1
PALMI,89015,1
TRODIO,89015,1
CIRELLO,89016,1
DROSI,89016,1
RIZZICONI,89016,1
SAN GIORGIO MORGETO,89017,1
CANNITELLO,89018,1
ACCIARELLO,89018,1
FERRITO,89018,1
PEZZO DI VILLA SAN GIOVANNI,89018,1
ANOIA,89020,1
SAN PIER FEDELE,89020,1
MELICUCCA',89020,1
ANOIA INFERIORE,89020,1
CANDIDONI,89020,1
MAROPATI,89020,1
TRITANTI,89020,1
SINOPOLI,89020,1
SAN PROCOPIO,89020,1
SINOPOLI INFERIORE,89020,1
MELICUCCO,89020,1
SERRATA,89020,1
ANOIA SUPERIORE,89020,1
SAN PIETRO DI CARIDA',89020,1
GIFFONE,89020,1
CINQUEFRONDI,89021,1
CITTANOVA,89022,1
STELLETANONE,89023,1
BELLANTONE,89023,1
LAUREANA DI BORRELLO,89023,1
POLISTENA,89024,1
ROSARNO,89025,1
SAN FERDINANDO,89026,1
SANT'EUFEMIA D'ASPROMONTE,89027,1
SANT'ANNA DI SEMINARA,89028,1
BARRITTERI,89028,1
SEMINARA,89028,1
AMATO DI TAURIANOVA,89029,1
TAURIANOVA,89029,1
SAN MARTINO DI TAURIANOVA,89029,1
AFRICO,89030,1
NATILE NUOVO,89030,1
NATILE VECCHIO,89030,1
BRUZZANO ZEFFIRIO,89030,1
NATILE,89030,1
SANT'AGATA DEL BIANCO,89030,1
CANALELLO,89030,1
CONDOFURI MARINA,89030,1
CARERI,89030,1
BENESTARE,89030,1
BELLORO,89030,1
CARAFFA DEL BIANCO,89030,1
CASIGNANA,89030,1
SANTUARIO DI POLSI,89030,1
FERRUZZANO,89030,1
SAMO,89030,1
STAITI,89030,1
CONDOFURI,89030,1
MOTTICELLA,89030,1
ARDORE,89031,1
BOMBILE,89031,1
PARDESCA,89032,1
BIANCO,89032,1
BOVA,89033,1
BOVALINO SUPERIORE,89034,1
BOVALINO,89034,1
BOVALINO MARINA,89034,1
BOSCO SANT'IPPOLITO,89034,1
BOVA MARINA,89035,1
GALATI,89036,1
CAPO SPARTIVENTO,89036,1
BRANCALEONE MARINA,89036,1
BRANCALEONE,89036,1
ARDORE MARINA,89037,1
MARINA D'ARDORE,89037,1
PALIZZI,89038,1
PIETRAPENNATA,89038,1
PALIZZI MARINA,89038,1
MARINA DI PALIZZI,89038,1
PLATI',89039,1
SANT'ILARIO DELLO IONIO,89040,1
CIMINA',89040,1
BIVONGI,89040,1
AGNANA CALABRA,89040,1
PORTIGLIOLA,89040,1
CAMINI,89040,1
PLACANICA,89040,1
CONDOJANNI,89040,1
RIACE,89040,1
ANTONIMINA,89040,1
RIACE MARINA,89040,1
MONASTERACE MARINA,89040,1
MONASTERACE,89040,1
STIGNANO,89040,1
MARTONE,89040,1
MARINA DI CAULONIA,89040,1
GERACE,89040,1
CANOLO,89040,1
SAN GIOVANNI DI GERACE,89040,1
MARINA DI SANT'ILARIO DELLO IONIO,89040,1
CANOLO NUOVA,89040,1
CAMPOLI DI CAULONIA,89041,1
URSINI,89041,1
SAN NICOLA DI CAULONIA,89041,1
CAULONIA,89041,1
CAULONIA MARINA,89041,1
GIOIOSA IONICA,89042,1
GROTTERIA,89043,1
CROCE FERRATA,89043,1
MERICI,89044,1
MOSCHETTA,89044,1
MOSCHETTA DI LOCRI,89044,1
LOCRI,89044,1
MAMMOLA,89045,1
MARINA DI GIOIOSA IONICA,89046,1
ROCCELLA IONICA,89047,1
SIDERNO SUPERIORE,89048,1
DONISI,89048,1
SIDERNO,89048,1
SIDERNO MARINA,89048,1
STILO,89049,1
SITIZANO,89050,1
SAN ROBERTO,89050,1
VILLA MESA,89050,1
LAGANADI,89050,1
COSOLETO,89050,1
COLELLI,89050,1
FEROLETO DELLA CHIESA,89050,1
PLAESANO,89050,1
CALANNA,89050,1
SANT'ALESSIO IN ASPROMONTE,89050,1
CAMPO CALABRO,89052,1
GALATRO,89054,1
SANTA CRISTINA D'ASPROMONTE,89056,1
LUBRICHI,89056,1
SANTO STEFANO IN ASPROMONTE,89057,1
GAMBARIE,89057,1
SCILLA,89058,1
FAVAZZINA,89058,1
MILEA,89058,1
CARDETO,89060,1
SALINE JONICHE,89060,1
ROGHUDI,89060,1
GHORIO,89060,1
BAGALADI,89060,1
ROGHUDI NUOVO,89060,1
ROCCAFORTE DEL GRECO,89060,1
LAZZARO,89062,1
ANNA',89063,1
MELITO DI PORTO SALVO,89063,1
PRUNELLA,89063,1
LACCO,89063,1
CAREDIA,89063,1
PENTEDATTILO,89063,1
MONTEBELLO IONICO,89064,1
SALINE IONICHE,89064,1
MASELLA,89064,1
FOSSATO IONICO,89064,1
MOTTA SAN GIOVANNI,89065,1
MARINA DI SAN LORENZO,89069,1
CHORIO,89069,1
SAN PANTALEONE,89069,1
SAN FANTINO,89069,1
VITO,89122,1
EREMO,89124,1
TERRETI,89126,1
PODARGONI,89126,1
TRIZZINO,89126,1
TRABOCCHETTO,89126,1
ORTI' SUPERIORE,89126,1
ORTI' INFERIORE,89126,1
SANT'ELIA DI CONDERA,89126,1
SCHINDILIFA',89126,1
IN VIA DALMAZIA,89126,1
ARASI',89126,1
CERASI,89126,1
ORTI',89126,1
SPIRITO SANTO,89128,1
PUZZI,89131,1
RAVAGNESE,89131,1
CATAFORIO,89133,1
MOSORROFA,89133,1
VINCO,89133,1
SBARRE,89133,1
PAVIGLIANA,89133,1
SAN SPERATO,89133,1
CANNAVO',89133,1
SAN GIORGIO EXTRA,89133,1
ROSARIO VALANIDI,89134,1
CROCE VALANIDI,89134,1
PELLARO,89134,1
BOCALE,89134,1
ROSALI',89135,1
GALLICO,89135,1
DIMINNITI,89135,1
SAMBATELLO,89135,1
PIZZO,89812,1
PIZZO MARINA,89812,1
POLIA,89813,1
MENNITI,89813,1
TRECROCI,89813,1
MONTESORO,89814,1
SCARRO,89814,1
FILADELFIA,89814,1
FRANCAVILLA ANGITOLA,89815,1
PANNACONI,89816,1
FAVELLONI,89816,1
CESSANITI,89816,1
BRIATICO,89817,1
PARADISONI,89817,1
SCICONI,89817,1
SAN COSTANTINO DI BRIATICO,89817,1
POTENZONI,89817,1
CAPISTRANO,89818,1
MONTEROSSO CALABRO,89819,1
SAN NICOLA DA CRISSA,89821,1
VALLELONGA,89821,1
SIMBARIO,89822,1
SPADOLA,89822,1
BROGNATURO,89822,1
SERRA SAN BRUNO,89822,1
MONGIANA,89823,1
FABRIZIA,89823,1
NARDODIPACE,89824,1
GEROCARNE,89831,1
SANT'ANGELO GEROCARNE,89831,1
SORIANELLO,89831,1
SORIANO CALABRO,89831,1
ACQUARO,89832,1
DASA',89832,1
LIMPIDI,89832,1
DINAMI,89833,1
MONSORETO,89833,1
MELICUCCA' DI DINAMI,89833,1
VAZZANO,89834,1
PIZZONI,89834,1
FILANDARI,89841,1
MOLADI,89841,1
PRESINACI,89841,1
PIZZINNI,89841,1
ROMBIOLO,89841,1
PERNOCARI,89841,1
ARZONA,89841,1
SAN CALOGERO,89842,1
CALIMERA CALABRA,89842,1
STEFANACONI,89843,1
MAIERATO,89843,1
FILOGASO,89843,1
LIMBADI,89844,1
COMERCONI,89844,1
CARONI,89844,1
MARINA DI NICOTERA,89844,1
MANDARADONI,89844,1
NICOTERA,89844,1
MOTTA FILOCASTRO,89844,1
PREITONI,89844,1
NAO,89851,1
SAN COSTANTINO CALABRO,89851,1
FRANCICA,89851,1
JONADI,89851,1
COMPARNI,89852,1
MILETO,89852,1
PARAVATI,89852,1
SAN GREGORIO D'IPPONA,89853,1
PARGHELIA,89861,1
FITILI,89861,1
CARIA,89862,1
BRATTIRO',89862,1
DRAPIA,89862,1
GASPONI,89862,1
CARONITI,89863,1
JOPPOLO,89863,1
COCCORINO,89863,1
SPILINGA,89864,1
PANAIA,89864,1
BARBALACONI,89866,1
SANTA DOMENICA,89866,1
SANTA DOMENICA RICADI,89866,1
SAN NICOLO' DI RICADI,89866,1
LAMPAZZONE,89866,1
RICADI,89866,1
ZUNGRI,89867,1
ZACCANOPOLI,89867,1
DAFFINA',89868,1
SAN GIOVANNI DI ZAMBRONE,89868,1
ZAMBRONE,89868,1
VIBO MARINA,89900,1
VIBO VALENTIA MARINA,89900,1
VIBO VALENTIA,89900,1
PISCOPIO,89900,1
TRIPARNI,89900,1
VENA SUPERIORE,89900,1
SANT'ANGELO A SCALA,83010,1
STARZE,83010,1
SUMMONTE,83010,1
TUFO,83010,1
GROTTOLELLA,83010,1
PETRURO IRPINO,83010,1
CAPRIGLIA IRPINA,83010,1
STARZE DI SUMMONTE,83010,1
TORRIONI,83010,1
CHIANCHE,83010,1
ALTAVILLA IRPINA,83011,1
TRESCINE,83012,1
IOFFREDO,83012,1
CERVINARA,83012,1
SANTUARIO DI MONTEVERGINE,83013,1
MERCOGLIANO,83013,1
TORRETTE,83013,1
TORELLI DI MERCOGLIANO,83013,1
TORELLI,83013,1
OSPEDALETTO D'ALPINOLO,83014,1
CIARDELLI INFERIORE,83015,1
PIETRASTORNINA,83015,1
ROCCABASCERANA,83016,1
CASSANO CAUDINO,83016,1
TUFARA VALLE,83016,1
SQUILLANI,83016,1
FERRARI DI CERVINARA,83017,1
ROTONDI,83017,1
SAN MARTINO VALLE CAUDINA,83018,1
PAGO DEL VALLO DI LAURO,83020,1
AIELLO DEL SABATO,83020,1
TAVERNOLA SAN FELICE,83020,1
FORINO,83020,1
PETRURO,83020,1
CELZI,83020,1
DOMICELLA,83020,1
CESINALI,83020,1
QUADRELLE,83020,1
SIRIGNANO,83020,1
SPERONE,83020,1
CONTRADA,83020,1
QUINDICI,83020,1
MARZANO DI NOLA,83020,1
SANTA LUCIA DI SERINO,83020,1
MOSCHIANO,83020,1
TAURANO,83020,1
SAN MICHELE DI SERINO,83020,1
AVELLA,83021,1
BAIANO,83022,1
LAURO,83023,1
FONTENOVELLA,83023,1
MONTEFORTE IRPINO,83024,1
MOLINELLE,83024,1
ATERRANA,83025,1
TORCHIATI,83025,1
MISCIANO,83025,1
CALIANO,83025,1
FIGLIOLI,83025,1
BORGO DI MONTORO INFERIORE,83025,1
MONTORO INFERIORE,83025,1
PIAZZA DI PANDOLA,83025,1
BANZANO,83025,1
MONTORO SUPERIORE,83025,1
SAN PIETRO DI MONTORO SUPERIORE,83026,1
BANZANO DI MONTORO SUPERIORE,83026,1
MUGNANO DEL CARDINALE,83027,1
SAN SOSSIO DI SERINO,83028,1
FERRARI STAZIONE SERINO,83028,1
SERINO,83028,1
SOLOFRA,83029,1
SANT'ANDREA APOSTOLO,83029,1
SANT'AGATA IRPINA,83029,1
SANT'ELENA IRPINA,83030,1
CASTELLO DEL LAGO,83030,1
MONTAGUTO,83030,1
SANT'ANGELO A CANCELLI,83030,1
PIETRADEFUSI,83030,1
PRATA DI PRINCIPATO ULTRA,83030,1
SAVIGNANO STAZIONE,83030,1
TAURASI,83030,1
ZUNGOLI,83030,1
MELITO IRPINO,83030,1
SANTA PAOLINA,83030,1
MONTEFUSCO,83030,1
SAVIGNANO IRPINO,83030,1
TORRE LE NOCELLE,83030,1
VILLANOVA DEL BATTISTA,83030,1
SAN BARBATO,83030,1
ARCELLA,83030,1
MANOCALZATI,83030,1
CAMPANARELLO,83030,1
MONTEFREDANE,83030,1
LAPIO,83030,1
VENTICANO,83030,1
DENTECANE,83030,1
MONTEFALCIONE,83030,1
ARIANO IRPINO,83031,1
ARIANO IRPINO STAZIONE,83031,1
ARIANO SCALO,83031,1
LA MANNA,83031,1
PALAZZISI,83031,1
ORNETA,83031,1
BONITO,83032,1
MORRONI,83032,1
CASALBORE,83034,1
GROTTAMINARDA,83035,1
CARPIGNANO,83035,1
PASSO DI MIRABELLA,83036,1
CALORE,83036,1
PIANOPANTANO,83036,1
MIRABELLA ECLANO,83036,1
MONTECALVO IRPINO,83037,1
MONTEMILETTO,83038,1
SAN MICHELE DI PRATOLA,83039,1
SAN MICHELE DI PRATOLA SERRA,83039,1
SERRA DI PRATOLA SERRA,83039,1
PRATOLA SERRA,83039,1
MONTEMARANO,83040,1
GUARDIA LOMBARDI,83040,1
CARIFE,83040,1
LUOGOSANO,83040,1
QUAGLIETTA,83040,1
CONZA DELLA CAMPANIA,83040,1
CANDIDA,83040,1
FONTANAROSA,83040,1
MATTINELLA,83040,1
GESUALDO,83040,1
CASTELFRANCI,83040,1
ALVANO,83040,1
CASSANO IRPINO,83040,1
CAIRANO,83040,1
CASTEL BARONIA,83040,1
CASTELVETERE SUL CALORE,83040,1
CAPOSELE,83040,1
ANDRETTA,83040,1
CHIUSANO DI SAN DOMENICO,83040,1
FRIGENTO,83040,1
CALABRITTO,83040,1
PILA AI PIANI,83040,1
FLUMERI,83040,1
MATERDOMINI,83040,1
MORRA DE SANCTIS,83040,1
AQUILONIA,83041,1
ATRIPALDA,83042,1
LACENO,83043,1
VILLAGGIO LACENO,83043,1
BAGNOLI IRPINO,83043,1
PIANO REGOLATORE,83044,1
BISACCIA NUOVA,83044,1
BISACCIA,83044,1
CALITRI,83045,1
LACEDONIA,83046,1
LIONI,83047,1
MONTELLA,83048,1
FONTANA DI MONTELLA,83048,1
SORBO DI MONTELLA,83048,1
ROCCA SAN FELICE,83050,1
VILLAMAINA,83050,1
SAN SOSSIO BARONIA,83050,1
SAN POTITO ULTRA,83050,1
SCAMPITELLA,83050,1
VALLESACCARDA,83050,1
SORBO SERPICO,83050,1
SALZA IRPINA,83050,1
SENERCHIA,83050,1
SAN NICOLA BARONIA,83050,1
SANTO STEFANO DEL SOLE,83050,1
VOLTURARA IRPINA,83050,1
PAROLISE,83050,1
SAN MANGO SUL CALORE,83050,1
SANT'ANGELO ALL'ESCA,83050,1
PONTEROMITO,83051,1
NUSCO,83051,1
PATERNOPOLI,83052,1
SANT'ANDREA DI CONZA,83053,1
SANT'ANGELO DEI LOMBARDI,83054,1
SAN VITO DEI LOMBARDI,83054,1
STURNO,83055,1
TEORA,83056,1
TORELLA DEI LOMBARDI,83057,1
MOLINI,83058,1
TREVICO,83058,1
VALLATA,83059,1
BELLIZZI IRPINO,83100,1
VALLE PONTICELLI,83100,1
PICARELLI,83100,1
AVELLINO,83100,1
RIPABIANCA TRESSANTI,82010,1
MONTORSI,82010,1
TERRANOVA D'ARPAISE,82010,1
CEPPALONI,82010,1
MONTEROCCHETTA,82010,1
SANT'ANGELO A CUPOLO,82010,1
BUCCIANO,82010,1
MACCOLI,82010,1
LUZZANO,82010,1
SAN NICOLA MANFREDI,82010,1
IANNASSI,82010,1
BELTIGLIO DI CEPPALONI,82010,1
SAN MARTINO SANNITA,82010,1
BELTIGLIO,82010,1
BOSCO PERROTTA,82010,1
SAN GIOVANNI DI CEPPALONI,82010,1
ARPAISE,82010,1
SAN LEUCIO DEL SANNIO,82010,1
CAVUOTI,82010,1
AIROLA,82011,1
ARPAIA,82011,1
PAOLISI,82011,1
FORCHIA,82011,1
BONEA,82013,1
VARONI,82016,1
MONTESARCHIO,82016,1
CIRIGNANO,82016,1
PANNARANO,82017,1
SAN GIORGIO DEL SANNIO,82018,1
CUBANTE,82018,1
SAN GIOVANNI DI SAN GIORGIO DEL SANNIO,82018,1
SAN NAZZARO,82018,1
CALVI,82018,1
LAIANO,82019,1
SANT'AGATA DE' GOTI,82019,1
CAMPOLATTARO,82020,1
SANTA CROCE DEL SANNIO,82020,1
SAN GIORGIO LA MOLARA,82020,1
FRAGNETO L'ABATE,82020,1
GINESTRA DEGLI SCHIAVONI,82020,1
PAGO VEIANO,82020,1
FRAGNETO MONFORTE,82020,1
PADULI,82020,1
FOIANO DI VAL FORTORE,82020,1
PESCO SANNITA,82020,1
BUONALBERGO,82020,1
BASELICE,82020,1
MOLINARA,82020,1
CIRCELLO,82020,1
REINO,82020,1
PIETRELCINA,82020,1
APICE NUOVO,82021,1
SANT'ARCANGELO TRIMONTE,82021,1
APICE,82021,1
CASTELFRANCO IN MISCANO,82022,1
CASTELVETERE IN VAL FORTORE,82023,1
COLLE SANNITA,82024,1
DECORATA,82024,1
MONTEFALCONE DI VAL FORTORE,82025,1
CUFFIANO,82026,1
MORCONE,82026,1
SASSINORO,82026,1
PONTELANDOLFO,82027,1
CASALDUNI,82027,1
GIALLONARDO,82027,1
SAN BARTOLOMEO IN GALDO,82028,1
SAN MARCO DEI CAVOTI,82029,1
MELIZZANO,82030,1
TORRECUSO,82030,1
BIANCANO,82030,1
LIMATOLA,82030,1
FOGLIANISE,82030,1
CAMPOLI DEL MONTE TABURNO,82030,1
PAUPISI,82030,1
PIETRAROJA,82030,1
CASTELPOTO,82030,1
AVE GRATIA PLENA,82030,1
PUGLIANELLO,82030,1
FAICCHIO,82030,1
TOCCO CAUDIO,82030,1
CACCIANO,82030,1
CAUTANO,82030,1
TORELLO DI MELIZZANO,82030,1
GIARDONI,82030,1
SAN SALVATORE TELESINO,82030,1
APOLLOSA,82030,1
FRASSO TELESINO,82030,1
DUGENTA,82030,1
SAN LORENZELLO,82030,1
AMOROSI,82031,1
CERRETO SANNITA,82032,1
CUSANO MUTRI,82033,1
CIVITELLA LICINIO,82033,1
GUARDIA SANFRAMONDI,82034,1
SAN LUPO,82034,1
SAN LORENZO MAGGIORE,82034,1
SOLOPACA,82036,1
TELESE TERME,82037,1
CASTELVENERE,82037,1
VITULANO,82038,1
BENEVENTO,82100,1
CASTEL CAMPAGNANO,81010,1
GIOIA SANNITICA,81010,1
CIORLANO,81010,1
GALLO MATESE,81010,1
TORCINO,81010,1
LATINA DI BAIA,81010,1
CARATTANO,81010,1
BAIA E LATINA,81010,1
AILANO,81010,1
SQUILLE,81010,1
PRATA SANNITA,81010,1
PRATELLA,81010,1
ALVIGNANELLO,81010,1
LETINO,81010,1
VALLE AGRICOLA,81010,1
VALLELUNGA,81010,1
SAN GREGORIO MATESE,81010,1
RUVIANO,81010,1
ALIFE,81011,1
TOTARI,81011,1
ALVIGNANO,81012,1
MARCIANO FREDDO,81012,1
PIANA DI MONTE VERNA,81013,1
SAN GIOVANNI E PAOLO,81013,1
CAIAZZO,81013,1
VILLA SANTA CROCE,81013,1
CAPRIATI A VOLTURNO,81014,1
FONTEGRECA,81014,1
SEPICCIANO,81016,1
SAN POTITO SANNITICO,81016,1
PIEDIMONTE D'ALIFE,81016,1
PIEDIMONTE MATESE,81016,1
CASTELLO DEL MATESE,81016,1
QUATTROVENTI,81017,1
SANT'ANGELO D'ALIFE,81017,1
RAVISCANINA,81017,1
VALLE DI MADDALONI,81020,1
SAN NICOLA LA STRADA,81020,1
CASAPULLA,81020,1
RECALE,81020,1
CASTEL MORRONE,81020,1
CAPODRISE,81020,1
ANNUNZIATA,81020,1
SAN MARCO EVANGELISTA,81020,1
ARIENZO,81021,1
CASAGIOVE,81022,1
FORCHIA DI CERVINO,81023,1
MESSERCOLA,81023,1
CERVINO,81023,1
MADDALONI,81024,1
GROTTICELLA,81024,1
MONTEDECORO,81024,1
CANTONE,81025,1
MARCIANISE,81025,1
CANCELLO DI FERROVIA,81027,1
CAVE DI SAN FELICE,81027,1
SAN MARCO TROTTI,81027,1
SAN FELICE A CANCELLO,81027,1
SANTA MARIA A VICO,81028,1
CASAPESENNA,81030,1
VILLA DI BRIANO,81030,1
SAN MARCELLINO,81030,1
BAIA DOMIZIA,81030,1
CARINOLA,81030,1
CANCELLO ED ARNONE,81030,1
FRIGNANO,81030,1
ORTA DI ATELLA,81030,1
PARETE,81030,1
TEVEROLA,81030,1
GRICIGNANO DI AVERSA,81030,1
SANT'ARPINO,81030,1
ARNONE,81030,1
CASTEL VOLTURNO,81030,1
NOCELLETO,81030,1
CASALE DI CARINOLA,81030,1
VILLAGGIO COPPOLA PINETAMARE,81030,1
SUCCIVO,81030,1
CASALUCE,81030,1
CELLOLE,81030,1
LUSCIANO,81030,1
FALCIANO DEL MASSICO,81030,1
AVERSA,81031,1
CARINARO,81032,1
CASAL DI PRINCIPE,81033,1
MONDRAGONE,81034,1
GAROFALI,81035,1
FILORSI,81035,1
AMEGLIO,81035,1
MARZANO APPIO,81035,1
ROCCAMONFINA,81035,1
GROTTOLA,81035,1
SAN CIPRIANO D'AVERSA,81036,1
FONTANARADINA,81037,1
CUPA,81037,1
CASCANO,81037,1
VALOGNO,81037,1
SAN MARTINO DI SESSA AURUNCA,81037,1
CORIGLIANO,81037,1
FASANI,81037,1
PIEDIMONTE DI SESSA AURUNCA,81037,1
LAURO DI SESSA AURUNCA,81037,1
SESSA AURUNCA,81037,1
CUPA E FASANI,81037,1
AVEZZANO SORBELLO,81037,1
CARANO DI SESSA AURUNCA,81037,1
SAN CASTRESE,81037,1
SAN CARLO DI SESSA AURUNCA,81037,1
SANTA MARIA VALONGO,81037,1
PIEDIMONTE,81037,1
TRENTOLA DUCENTA,81038,1
BONIFICA VILLA LITERNO,81039,1
VILLA LITERNO,81039,1
ROCCA D'EVANDRO,81040,1
FORMICOLA,81040,1
TREGLIA,81040,1
PONTELATONE,81040,1
PIETRAVAIRANO,81040,1
BIVIO MORTOLA,81040,1
CASTEL DI SASSO,81040,1
COCURUZZO,81040,1
BORGO SANT'ANTONIO ABATE,81040,1
MAIORANO DI MONTE,81040,1
CISTERNA DI CASTEL DI SASSO,81040,1
LIBERI,81040,1
SAN FELICE A PIETRAVAIRANO,81040,1
VITULAZIO,81041,1
BELLONA,81041,1
PETRULO,81042,1
CALVI RISORTA,81042,1
GIANO VETUSTO,81042,1
PETRULLO,81042,1
ROCCHETTA E CROCE,81042,1
VAL D'ASSANO,81042,1
SANT'ANGELO IN FORMIS,81043,1
CAPUA,81043,1
PICCILLI,81044,1
TORA E PICCILLI,81044,1
ORCHI,81044,1
VAGLIE,81044,1
CONCA DELLA CAMPANIA,81044,1
GALLUCCIO,81044,1
TORA,81044,1
BREZZA,81046,1
BORGO RURALE APPIO,81046,1
GRAZZANISE,81046,1
BORGO APPIO,81046,1
MACERATA CAMPANIA,81047,1
CATURANO,81047,1
MIGNANO MONTE LUNGO,81049,1
CASPOLI,81049,1
SAN PIETRO INFINE,81049,1
MUSICILE,81050,1
PORTICO DI CASERTA,81050,1
SANTA MARIA LA FOSSA,81050,1
FRANCOLISE,81050,1
PASTORANO,81050,1
PANTULIANO,81050,1
SANT'ANDREA DEL PIZZONE,81050,1
SAN TAMMARO,81050,1
PRESENZANO,81050,1
CIAMPRISCO,81050,1
PIETRAMELARA,81051,1
ROCCAROMANA,81051,1
STATIGLIANO,81051,1
PIGNATARO MAGGIORE,81052,1
RIARDO,81053,1
SAN PRISCO,81054,1
SANTA MARIA CAPUA VETERE,81055,1
SPARANISE,81056,1
CASAFREDDA,81057,1
CASALE DI TEANO,81057,1
FURNOLO,81057,1
CASAMOSTRA,81057,1
TEANO,81057,1
VERSANO,81057,1
CASI,81057,1
VAIRANO,81058,1
PATENORA,81058,1
VAIRANO SCALO,81058,1
VAIRANO PATENORA,81058,1
MARZANELLO,81058,1
VAIRANO STAZIONE,81059,1
CAIANELLO,81059,1
CASOLA DI CASERTA,81100,1
SAN CLEMENTE DI CASERTA,81100,1
CASERTAVECCHIA,81100,1
SALA DI CASERTA,81100,1
SAN LEUCIO,81100,1
CENTURANO,81100,1
ERCOLE,81100,1
TUORO,81100,1
PUCCIANIELLO,81100,1
TREDICI,81100,1
STATURANO,81100,1
FALCIANO,81100,1
CASOLLA,81100,1
BRIANO,81100,1
VILLARICCA,80010,1
SCALZAPECORA,80010,1
ACERRA,80011,1
PEZZALUNGA,80011,1
CALVIZZANO,80012,1
LICIGNANO DI NAPOLI,80013,1
CASALNUOVO DI NAPOLI,80013,1
TAVERNANOVA,80013,1
CASAREA,80013,1
GIUGLIANO IN CAMPANIA,80014,1
VARCATURO,80014,1
LAGO PATRIA,80014,1
TORRE PISCITELLI,80016,1
MARANO DI NAPOLI,80016,1
MELITO DI NAPOLI,80017,1
MUGNANO DI NAPOLI,80018,1
QUALIANO,80019,1
PARCO DELLE ACACIE,80020,1
CASAVATORE,80020,1
FRATTAMINORE,80020,1
CRISPANO,80020,1
AFRAGOLA,80021,1
ARZANO,80022,1
PASCAROLA,80023,1
CAIVANO,80023,1
CARDITELLO,80024,1
CARDITO,80024,1
CASANDRINO,80025,1
CASORIA,80026,1
FRATTAMAGGIORE,80027,1
GRUMO NEVANO,80028,1
SANT'ANTIMO,80029,1
TUFINO,80030,1
SCISCIANO,80030,1
COMIZIANO,80030,1
SAN PAOLO BEL SITO,80030,1
GARGANI,80030,1
SCHIAVA,80030,1
CASTELLO DI CISTERNA,80030,1
CARBONARA DI NOLA,80030,1
LIVERI,80030,1
ROCCARAINOLA,80030,1
SAN VITALIANO,80030,1
MARIGLIANELLA,80030,1
CAMPOSANO,80030,1
CIMITILE,80030,1
SPARTIMENTO,80030,1
BRUSCIANO,80031,1
CASAMARCIANO,80032,1
CICCIANO,80033,1
LAUSDOMINI,80034,1
FAIBANO,80034,1
CASAFERRO,80034,1
MARIGLIANO,80034,1
NOLA,80035,1
CINQUEVIE,80035,1
PIAZZOLLA,80035,1
POLLASTRI,80035,1
PALMA CAMPANIA,80036,1
VICO DI PALMA,80036,1
POMIGLIANO D'ARCO,80038,1
PIAZZOLLA DI SAVIANO,80039,1
SAVIANO,80039,1
VOLLA,80040,1
POGGIOMARINO,80040,1
CERCOLA,80040,1
MUSCI,80040,1
TERZIGNO,80040,1
STRIANO,80040,1
POLLENA TROCCHIA,80040,1
TRECASE,80040,1
SAN SEBASTIANO AL VESUVIO,80040,1
BOCCIA AL MAURO,80040,1
FLOCCO,80040,1
CARAVITA,80040,1
MASSA DI SOMMA,80040,1
SAN GENNARO VESUVIANO,80040,1
MARCHESA,80041,1
BOSCOREALE,80041,1
BOSCOTRECASE,80042,1
OTTAVIANO,80044,1
SAN GENNARELLO,80044,1
MARICONDA,80045,1
MESSIGNO,80045,1
POMPEI SCAVI,80045,1
SAN GIORGIO A CREMANO,80046,1
SAN GIUSEPPE VESUVIANO,80047,1
CASILLI,80047,1
STARZA VECCHIA,80048,1
PONTE DI FERRO,80048,1
MADONNA DELL'ARCO,80048,1
SANT'ANASTASIA,80048,1
SOMMA VESUVIANA,80049,1
CASOLA DI NAPOLI,80050,1
PIAZZA ROMA,80050,1
PIMONTE,80050,1
FRANCHE,80050,1
SANTA MARIA LA CARITA',80050,1
TRALIA,80050,1
LETTERE,80050,1
AGEROLA,80051,1
SAN LAZZARO DI AGEROLA,80051,1
PIANILLO,80051,1
BOMERANO,80051,1
CASTELLAMMARE DI STABIA,80053,1
QUISISANA,80053,1
PONTE DELLA PERSICA,80053,1
PORTICI,80055,1
RESINA,80056,1
SANT'ANTONIO ABATE,80057,1
TORRE ANNUNZIATA,80058,1
TORRE DEL GRECO,80059,1
SANTA MARIA LA BRUNA,80059,1
LEOPARDI,80059,1
MASSAQUANO,80060,1
MONTE FAITO,80060,1
MASSA LUBRENSE,80061,1
TERMINI,80061,1
NERANO,80061,1
SANT'AGATA SUI DUE GOLFI,80061,1
MONTICCHIO DI MASSA LUBRENSE,80061,1
PIANO DI SORRENTO,80063,1
SANT'AGNELLO,80065,1
COLLI DI FONTANELLE,80065,1
SEIANO,80066,1
FORNACELLA,80066,1
CAPO DI SORRENTO,80067,1
PRIORA,80067,1
VILLAGGIO MONTE FAITO,80069,1
VICO EQUENSE,80069,1
BAIA,80070,1
CUMA,80070,1
SERRARA FONTANA,80070,1
BACOLI,80070,1
FUSARO,80070,1
TORREGAVETA,80070,1
BARANO D'ISCHIA,80070,1
MONTE DI PROCIDA,80070,1
MILISCOLA,80070,1
SUCCHIVO,80070,1
CAPO MISENO,80070,1
BUONOPANE,80070,1
SERRARA,80070,1
TESTACCIO D'ISCHIA,80070,1
MISENO,80070,1
ANACAPRI,80071,1
MARINA GRANDE DI CAPRI,80073,1
CASAMICCIOLA TERME,80074,1
FORIO,80075,1
PANZA,80075,1
LACCO AMENO,80076,1
ISCHIA PONTE,80077,1
PIEDIMONTE D'ISCHIA,80077,1
SANT'ANTUONO D'ISCHIA,80077,1
ISCHIA SAN MICHELE,80077,1
ISCHIA PORTO,80077,1
POZZUOLI,80078,1
ARCO FELICE,80078,1
LIDO DI LICOLA,80078,1
LUCRINO,80078,1
LAGO AVERNO,80078,1
MONTERUSCIELLO,80078,1
LICOLA,80078,1
PROCIDA,80079,1
CHIAIA,80122,1
SOCCAVO,80126,1
VOMERO,80127,1
CAPPELLA CANGIANI,80131,1
ARENELLA,80131,1
SECONDIGLIANO,80144,1
SAN PIETRO A PATIERNO,80144,1
MARIANELLA,80145,1
SCAMPIA,80145,1
CHIAIANO ED UNITI,80145,1
PISCINOLA,80145,1
SAN GIOVANNI A TEDUCCIO,80146,1
BARRA,80147,1
TRAMONTI,84010,1
SAN LORENZO DI SANT'EGIDIO,84010,1
MINORI,84010,1
FURORE,84010,1
SAN VALENTINO TORIO,84010,1
MAIORI,84010,1
PRAIANO,84010,1
RAVELLO,84010,1
CETARA,84010,1
ATRANI,84010,1
PONTONE,84010,1
SAN MARZANO SUL SARNO,84010,1
SANT'EGIDIO DEL MONTE ALBINO,84010,1
CAMPINOLA,84010,1
CONCA DEI MARINI,84010,1
VETTICA PASTENA,84011,1
LONE,84011,1
POGEROLA DI AMALFI,84011,1
POGEROLA,84011,1
ANGRI,84012,1
SAN PIETRO DI CAVA,84013,1
PASSIANO,84013,1
ALESSIA,84013,1
CORPO DI CAVA,84013,1
MARINI,84013,1
SANTA LUCIA DI CAVA,84013,1
CAVA DE' TIRRENI,84013,1
PREGIATO,84013,1
BADIA DI CAVA DE' TIRRENI,84013,1
DUPINO,84013,1
ARCARA,84013,1
NOCERA INFERIORE,84014,1
MATERDOMINI DI NOCERA,84015,1
NOCERA SUPERIORE,84015,1
PAGANI,84016,1
MONTEPERTUSO,84017,1
SAN PIETRO DI SCAFATI,84018,1
SCAFATI,84018,1
RAITO,84019,1
BENINCASA,84019,1
DRAGONEA,84019,1
MARINA DI VIETRI,84019,1
MOLINA DI VIETRI SUL MARE,84019,1
VIETRI SUL MARE,84019,1
CENTRO URBANO,84020,1
OLIVETO CITRA,84020,1
CASTELNUOVO DI CONZA,84020,1
PETINA,84020,1
RICIGLIANO,84020,1
ROMAGNANO AL MONTE,84020,1
QUADRIVIO DI CAMPAGNA,84020,1
CORLETO MONFORTE,84020,1
ROSCIGNO,84020,1
VALVA,84020,1
SALVITELLE,84020,1
SAN GREGORIO MAGNO,84020,1
AQUARA,84020,1
CASTELCIVITA,84020,1
LAVIANO,84020,1
PERRAZZE,84020,1
BELLOSGUARDO,84020,1
BIVIO PALOMONTE,84020,1
COLLIANO,84020,1
SERRA DI CASTELCIVITA,84020,1
OTTATI,84020,1
CONTRONE,84020,1
PALOMONTE,84020,1
SANTOMENNA,84020,1
BUCCINO,84021,1
BUCCINO STAZIONE,84021,1
TUFARIELLO,84021,1
QUADRIVIO,84022,1
SERRADARCE,84022,1
PUGLIETTA,84022,1
PERSANO,84023,1
BAGNI DI CONTURSI,84024,1
CONTURSI TERME,84024,1
BIVIO SANTA CECILIA,84025,1
SANTA CECILIA DI EBOLI,84025,1
CORNO D'ORO,84025,1
EBOLI,84025,1
POSTIGLIONE,84026,1
SANT'ANGELO A FASANELLA,84027,1
BORGO SAN LAZZARO,84028,1
SERRE,84028,1
ZUPPINO,84029,1
SICIGNANO DEGLI ALBURNI STAZIONE,84029,1
SICIGNANO DEGLI ALBURNI,84029,1
CASTELLUCCIO COSENTINO,84029,1
GALDO DEGLI ALBURNI,84029,1
SCORZO,84029,1
CASALETTO SPARTANO,84030,1
CASALBUONO,84030,1
SANZA,84030,1
TORRACA,84030,1
SAN RUFO,84030,1
SAN PIETRO AL TANAGRO,84030,1
CASELLE IN PITTARI,84030,1
ATENA LUCANA,84030,1
MORIGERATI,84030,1
TORTORELLA,84030,1
TAVERNE,84030,1
ATENA LUCANA SCALO,84030,1
PERTOSA,84030,1
SICILI',84030,1
CAGGIANO,84030,1
MONTE SAN GIACOMO,84030,1
AULETTA,84031,1
BUONABITACOLO,84032,1
PRATO COMUNE,84033,1
MONTESANO SULLA MARCELLANA,84033,1
MONTESANO SCALO,84033,1
TARDIANO,84033,1
ARENABIANCA,84033,1
PADULA SCALO,84034,1
POLLA,84035,1
SALA CONSILINA,84036,1
SANT'ARSENIO,84037,1
SASSANO,84038,1
CAIAZZANO,84038,1
PRATO PERILLO,84039,1
PANTANO DI TEGGIANO,84039,1
SAN MARCO DI TEGGIANO,84039,1
TEGGIANO,84039,1
CANNALONGA,84040,1
CELLE DI BULGHERIA,84040,1
VELINA,84040,1
CASAL VELINO MARINA,84040,1
PODERIA,84040,1
ALFANO,84040,1
ACQUAVELLA,84040,1
CASTELNUOVO VALLO STAZIONE,84040,1
CASTELNUOVO CILENTO,84040,1
CASAL VELINO,84040,1
CAMPORA,84040,1
MARINA DI CASAL VELINO,84040,1
ACERNO,84042,1
AGROPOLI STAZIONE,84043,1
AGROPOLI,84043,1
MATINELLA,84044,1
ALBANELLA,84044,1
BORGO CARILLIA,84045,1
CARILLIA,84045,1
CERRELLI,84045,1
ALTAVILLA SILENTINA,84045,1
MARINA DI ASCEA,84046,1
MANDIA,84046,1
ASCEA,84046,1
CATONA DI ASCEA,84046,1
MANDIA DI ASCEA,84046,1
TERRADURA DI ASCEA,84046,1
SANTA VENERE,84047,1
PONTE BARIZZO,84047,1
TORRE DI PAESTUM,84047,1
LICINELLA,84047,1
GROMOLA,84047,1
CAPACCIO,84047,1
RETTIFILO,84047,1
VANNULLO,84047,1
BORGO NUOVO,84047,1
CAFASSO,84047,1
CAPACCIO SCALO,84047,1
VUCCOLO DI MAIORANO,84047,1
LAURA,84047,1
SANTA MARIA DI CASTELLABATE,84048,1
OGLIASTRO MARINA,84048,1
CASTELLABATE,84048,1
CASTEL SAN LORENZO,84049,1
LAUREANA CILENTO,84050,1
MATONTI,84050,1
FUTANI,84050,1
ISPANI,84050,1
LAURITO,84050,1
MAGLIANO VETERE,84050,1
SORVARO,84050,1
GIUNGANO,84050,1
CUCCARO VETERE,84050,1
CAPITELLO,84050,1
MAGLIANO NUOVO,84050,1
CAPIZZO,84050,1
LUSTRA,84050,1
SAN SEVERINO,84051,1
PALINURO,84051,1
CENTOLA,84051,1
SAN NICOLA DI CENTOLA,84051,1
FORIA,84051,1
SAN SEVERINO DI CENTOLA,84051,1
CERASO,84052,1
MASSASCUSA,84052,1
SAN SUMINO,84052,1
MONTE CICERALE,84053,1
CICERALE,84053,1
FELITTO,84055,1
CARDILE,84056,1
GIOI,84056,1
VILLA LITTORIO,84057,1
LAURINO,84057,1
LICUSATI,84059,1
MARINA DI CAMEROTA,84059,1
CAMEROTA,84059,1
LENTISCOSA,84059,1
OMIGNANO STAZIONE,84060,1
OMIGNANO,84060,1
MOIO DELLA CIVITELLA,84060,1
CASE DEL CONTE,84060,1
MONTECORICE,84060,1
PELLARE,84060,1
MONTEFORTE CILENTO,84060,1
PIANO VETRALE,84060,1
ACQUAVENA,84060,1
OMIGNANO SCALO,84060,1
ABATEMARCO,84060,1
MASSICELLE,84060,1
PERDIFUMO,84060,1
MONTANO ANTILIA,84060,1
OSTIGLIANO,84060,1
VATOLLA,84060,1
ROCCAGLORIOSA,84060,1
MERCATO CILENTO,84060,1
NOVI VELIA,84060,1
ORTODONICO,84060,1
PRIGNANO CILENTO,84060,1
ORRIA,84060,1
AGNONE CILENTO,84060,1
EREDITA,84061,1
FINOCCHITO,84061,1
OGLIASTRO CILENTO,84061,1
OLEVANO SUL TUSCIANO,84062,1
SALITTO,84062,1
PIAGGINE,84065,1
MARINA DI PISCIOTTA,84066,1
RODIO,84066,1
PISCIOTTA,84066,1
CAPRIOLI,84066,1
SANTA MARINA,84067,1
POLICASTRO BUSSENTINO,84067,1
PIOPPI,84068,1
CANNICCHIO,84068,1
GALDO CILENTO,84068,1
POLLICA,84068,1
ACCIAROLI,84068,1
CELSO,84068,1
CARRATIELLO,84069,1
ROCCADASPIDE,84069,1
SALENTO,84070,1
SAN GIOVANNI A PIRO,84070,1
SERRAMEZZANA,84070,1
CASALSOTTANO,84070,1
VALLE DELL'ANGELO,84070,1
TRENTINARA,84070,1
SAN MAURO LA BRUCA,84070,1
SAN MAURO CILENTO,84070,1
SCARIO,84070,1
STELLA CILENTO,84070,1
ROFRANO,84070,1
RUTINO,84070,1
SAPRI,84073,1
SESSA CILENTO,84074,1
SAN MANGO,84074,1
SANTA LUCIA CILENTO,84074,1
SAN MANGO CILENTO,84074,1
STIO,84075,1
COPERSITO,84076,1
TORCHIARA,84076,1
COPERSITO CILENTO,84076,1
CASTEL RUGGERO,84077,1
TORRE ORSAIA,84077,1
VALLO DELLA LUCANIA,84078,1
MASSA DELLA LUCANIA,84078,1
PATTANO,84078,1
ANGELLARA,84078,1
VILLAMMARE,84079,1
VIBONATI,84079,1
CAPEZZANO SUPERIORE,84080,1
CALVANICO,84080,1
CAPEZZANO INFERIORE,84080,1
COPERCHIA,84080,1
PELLEZZANO,84080,1
ANTESSANO,84081,1
BARONISSI,84081,1
FUSARA,84081,1
SARAGNANO,84081,1
ACQUAMELA,84081,1
CAPRECANO,84081,1
MANZI,84082,1
BRACIGLIANO,84082,1
LANZARA,84083,1
CASTEL SAN GIORGIO,84083,1
FIMIANI,84083,1
SETTEFICHI,84084,1
PIZZOLANO,84084,1
FISCIANO,84084,1
PENTA,84084,1
LANCUSI,84084,1
MERCATO SAN SEVERINO,84085,1
CURTERI,84085,1
PANDOLA,84085,1
SANT'ANGELO DI MERCATO SAN SEVERINO,84085,1
SANT'EUSTACHIO,84085,1
CIORANI,84085,1
CARIFI,84085,1
PIAZZA DEL GALDO,84085,1
ACQUAROLA,84085,1
ROCCAPIEMONTE,84086,1
CASALI SAN POTITO,84086,1
CASALI DI ROCCAPIEMONTE,84086,1
LAVORATE,84087,1
EPISCOPIO,84087,1
SARNO,84087,1
PREPEZZANO,84090,1
SAN MANGO PIEMONTE,84090,1
SIETI,84090,1
SANTA TECLA,84090,1
CASTIGLIONE DEL GENOVESI,84090,1
GIFFONI SEI CASALI,84090,1
MONTECORVINO PUGLIANO,84090,1
SANTA LUCIA DI BATTIPAGLIA,84091,1
BELVEDERE DI BATTIPAGLIA,84091,1
BATTIPAGLIA,84091,1
BELLIZZI,84092,1
BIVIO,84092,1
GIFFONI VALLE PIANA,84095,1
ORNITO,84095,1
MERCATO,84095,1
GAURO,84096,1
MONTECORVINO ROVELLA,84096,1
LENZI,84096,1
SAN MARTINO MONTECORVINO ROVELLA,84096,1
PONTECAGNANO FAIANO,84098,1
PONTECAGNANO,84098,1
MAGAZZENO,84098,1
SANT'ANTONIO DI PONTECAGNANO,84098,1
CORVINIA,84098,1
FAIANO,84098,1
CAMPIGLIANO,84099,1
FILETTA,84099,1
PEZZANO,84099,1
SAN CIPRIANO PICENTINO,84099,1
TORRIONE DI SALERNO,84127,1
PASTENA DI SALERNO,84128,1
FUORNI,84131,1
MERCATELLO DI SALERNO,84131,1
OGLIARA,84135,1
MATIERNO,84135,1
SANTA MARIA IN DUNO,40010,1
PADULLE,40010,1
SALA BOLOGNESE,40010,1
INTERPORTO BENTIVOGLIO,40010,1
BENTIVOGLIO,40010,1
ANZOLA DELL'EMILIA,40011,1
SAN GIACOMO DEL MARTIGNONE,40011,1
SANTA MARIA IN STRADA,40011,1
LAVINO DI MEZZO,40011,1
LIPPO,40012,1
CALDERARA DI RENO,40012,1
BARGELLINO,40012,1
TAVERNELLE EMILIA,40012,1
TAVERNELLE D'EMILIA,40012,1
VILLA SALINA,40013,1
TREBBO,40013,1
TREBBO DI RENO,40013,1
CASTEL MAGGIORE,40013,1
PROGRESSO,40013,1
PALATA PEPOLI,40014,1
CREVALCORE,40014,1
BOSCO DI GALLIERA,40015,1
GALLIERA FRAZIONE,40015,1
SAN VENANZIO,40015,1
GALLIERA,40015,1
SAN GIORGIO DI PIANO,40016,1
SAN GIOVANNI IN PERSICETO,40017,1
BUDRIE,40017,1
AMOLA DI PIANO,40017,1
SAN MATTEO DELLA DECIMA,40017,1
SAN PIETRO IN CASALE,40018,1
MACCARETOLO,40018,1
SANT'AGATA BOLOGNESE,40019,1
CASALFIUMANESE,40020,1
BORGO TOSSIGNANO,40021,1
TOSSIGNANO,40021,1
CASTEL DEL RIO,40022,1
MORADUCCIO DI VALSALVA,40022,1
MORADUCCIO,40022,1
GIUGNOLA,40022,1
SASSOLEONE,40022,1
CASTEL GUELFO DI BOLOGNA,40023,1
GAIANA,40024,1
OSTERIA GRANDE,40024,1
CASTEL SAN PIETRO TERME,40024,1
SAN MARTINO IN PEDRIOLO,40024,1
FONTANELICE,40025,1
CARSEGGIO,40025,1
SASSO MORELLI,40026,1
IMOLA,40026,1
PIRATELLO,40026,1
SPAZZATE SASSATELLI,40026,1
SESTO IMOLESE,40026,1
BUBANO,40027,1
MORDANO,40027,1
BERZANTINA,40030,1
GRIZZANA MORANDI,40030,1
SUVIANA,40030,1
PIAN DI CASALE,40030,1
PIANDISETTA,40030,1
CASTEL DI CASIO,40030,1
PIOPPE DI SALVARO,40030,1
BADI,40030,1
PIANO DI SETTA,40030,1
PONTE DI VERZUNO,40032,1
BARGI,40032,1
CAMUGNANO,40032,1
CASALECCHIO DI RENO,40033,1
CERETOLO,40033,1
VILLA D'AIANO,40034,1
SANTA MARIA DI LABANTE,40034,1
ROCCA DI ROFFENO,40034,1
CASTEL D'AIANO,40034,1
CREDA,40035,1
BARAGAZZA,40035,1
LAGARO,40035,1
CASTIGLIONE DEI PEPOLI,40035,1
MONZUNO,40036,1
RIOVEGGIO,40036,1
PONTECCHIO MARCONI,40037,1
SASSO MARCONI,40037,1
BORGONUOVO,40037,1
CEREGLIO,40038,1
TOLE',40038,1
RIOLA,40038,1
VERGATO,40038,1
SANTA MARIA VILLIANA,40041,1
BOMBIANA,40041,1
GAGGIO MONTANO,40041,1
FARNETO DI LIZZANO,40042,1
VIDICIATICO,40042,1
ROCCA CORNETA,40042,1
MONTEACUTO DELLE ALPI,40042,1
PIANACCIO,40042,1
QUERCIOLA,40042,1
LIZZANO IN BELVEDERE,40042,1
MARZABOTTO,40043,1
LAMA DI RENO,40043,1
LAMA DI SETTA,40043,1
PIAN DI VENOLA,40043,1
BORGO CAPANNE,40046,1
PONTE DELLA VENTURINA,40046,1
MOLINO DEL PALLONE,40046,1
GRANAGLIONE,40046,1
PORRETTA TERME,40046,1
CAPUGNANO,40046,1
CASA CALISTRI,40046,1
CASA FORLAI,40046,1
VIZZERO,40046,1
PIANO DEL VOGLIO,40048,1
MADONNA DEI FORNELLI,40048,1
SAN BENEDETTO VAL DI SAMBRO,40048,1
CASTEL DELL'ALPI,40048,1
PIZZANO,40050,1
CASTELLO DI SERRAVALLE,40050,1
CALDERINO,40050,1
SAVAZZA,40050,1
ARGELATO,40050,1
MONTEVEGLIO,40050,1
MONTERENZIO,40050,1
CASADIO,40050,1
CENTERGROSS,40050,1
RIGNANO BOLOGNESE,40050,1
CASTELLO D'ARGILE,40050,1
MONTE SAN GIOVANNI,40050,1
FUNO,40050,1
BISANO,40050,1
SAN BENEDETTO DEL QUERCETO,40050,1
LOIANO,40050,1
VENEZZANO,40050,1
PEGOLA,40051,1
ALTEDO,40051,1
MALALBERGO,40051,1
SAN GABRIELE,40052,1
BOSCHI,40052,1
BARICELLA,40052,1
MONDONUOVO,40052,1
VALSAMOGGIA,40053,1
VEDRANA,40054,1
MEZZOLARA,40054,1
RICCARDINA,40054,1
FIESSO,40055,1
CASTENASO,40055,1
PRAGATTO,40056,1
MUFFA,40056,1
CALCARA,40056,1
CRESPELLANO,40056,1
QUARTO INFERIORE,40057,1
LOVOLETO,40057,1
GRANAROLO DELL'EMILIA,40057,1
FABBRERIA DI CADRIANA,40057,1
VILLA FONTANA,40059,1
GANZANIGO,40059,1
BUDA,40059,1
PORTONOVO,40059,1
MEDICINA,40059,1
TOSCANELLA,40060,1
VEDEGHETO,40060,1
SAVIGNO,40060,1
GALLO BOLOGNESE,40060,1
DOZZA,40060,1
MINERBIO,40061,1
CA' DE' FABBRI,40061,1
MOLINELLA,40062,1
SAN PIETRO CAPOFIUME,40062,1
MARMORTA,40062,1
SAN MARTINO IN ARGINE,40062,1
SELVA MALVEZZI,40062,1
MONGHIDORO,40063,1
OZZANO DELL'EMILIA,40064,1
LIVERGNANO,40065,1
PIANORO,40065,1
PIANORO VECCHIO,40065,1
PIEVE DI CENTO,40066,1
RASTIGNANO,40067,1
MARTIRI DI PIZZOCALVO,40068,1
CASTEL DEI BRITTI,40068,1
FARNETO,40068,1
PONTICELLA,40068,1
SAN LAZZARO DI SAVENA,40068,1
PULCE,40068,1
RIALE,40069,1
ZOLA PREDOSA,40069,1
PONTE RONCA,40069,1
ZOLA,40069,1
BERTALIA,40131,1
BORGO PANIGALE,40132,1
GAIBOLA,40136,1
RONCRIO,40136,1
ROVERI,40138,1
MONTE DONATO,40141,1
PORTICO DI ROMAGNA,47010,1
PORTICO E SAN BENEDETTO,47010,1
SAN BENEDETTO IN ALPE,47010,1
GALEATA,47010,1
STRADA SAN ZENO,47010,1
BOCCONI,47010,1
PREMILCUORE,47010,1
PIEVE SALUTARE,47011,1
TERRA DEL SOLE,47011,1
CASTROCARO TERME E TERRA DEL SOLE,47011,1
NESPOLI,47012,1
VOLTRE,47012,1
CIVITELLA DI ROMAGNA,47012,1
CUSERCOLI,47012,1
DOVADOLA,47013,1
MELDOLA,47014,1
TEODORANO,47014,1
VITIGNANO,47014,1
RICO',47014,1
PARA,47014,1
SAN COLOMBANO DI MELDOLA,47014,1
SANTA REPARATA,47015,1
MODIGLIANA,47015,1
PREDAPPIO,47016,1
TONTOLA,47016,1
ROCCA DELLE CAMINATE,47016,1
FIUMANA,47016,1
PREDAPPIO ALTA,47016,1
ROCCA SAN CASCIANO,47017,1
CALBOLA,47017,1
BISERNO,47018,1
CORNIOLO,47018,1
TREDOZIO,47019,1
ORIOLA,47020,1
RONCOFREDDO,47020,1
LONGIANO,47020,1
VESSA,47021,1
SAN PIERO IN BAGNO,47021,1
BAGNO DI ROMAGNA,47021,1
MONTE GUIDI,47021,1
SELVAPIANA,47021,1
CASE SCUOLA VECCHIA,47023,1
TORRE DEL MORO,47023,1
SAIANO,47023,1
CESUOLA,47023,1
SAN MAURO IN VALLE,47023,1
PIEVESESTINA,47023,1
SAN GIORGIO DI CESENA,47023,1
MACERONE,47023,1
RIO MARANO,47023,1
ROVERSANO,47023,1
CESENA,47023,1
DIEGARO,47023,1
TESSELLO,47023,1
SAN CARLO DI CESENA,47023,1
MARTORANO,47023,1
CALISESE,47023,1
CELLETTA,47023,1
MADONNA DELL ULIVO,47023,1
GATTOLINO,47023,1
AIE,47023,1
BULGARIA,47023,1
SETTECROCIARI,47023,1
LINARO,47025,1
MERCATO SARACENO,47025,1
PIAVOLA,47025,1
MONTE CASTELLO,47025,1
BORA BASSA,47025,1
CIOLA,47025,1
TORNANO,47025,1
BACCIOLINO,47025,1
PIEVE DI RIVOSCHIO,47027,1
RANCHIO,47027,1
SARSINA,47027,1
SORBANO,47027,1
QUARTO DI SARSINA,47027,1
BALZE,47028,1
VERGHERETO,47028,1
ALFERO,47028,1
SAN GIOVANNI IN GALILEA,47030,1
SAVIGNANO DI RIGO,47030,1
MONTEPETRA,47030,1
RONTAGNANO,47030,1
MONTEGELLI,47030,1
LO STRADONE,47030,1
SAN MAURO A MARE,47030,1
SOGLIANO AL RUBICONE,47030,1
SAN MAURO PASCOLI,47030,1
BORGHI,47030,1
SAN MARTINO IN CONVERSETO,47030,1
COLLINELLO,47032,1
FRATTA TERME,47032,1
BERTINORO,47032,1
POLENTA,47032,1
CAPOCOLLE,47032,1
PANIGHINA,47032,1
COLLINELLO POLENTA,47032,1
SELBAGNONE,47034,1
FORLIMPOPOLI,47034,1
GAMBETTOLA,47035,1
SAVIGNANO SUL RUBICONE,47039,1
FIUMICINO DI SAVIGNANO,47039,1
CESENATICO,47042,1
VILLALTA,47042,1
GATTEO A MARE,47043,1
GATTEO,47043,1
SANT'ANGELO IN SALUTE,47043,1
SAN LORENZO IN NOCETO,47100,1
SAN VARANO,47100,1
CARPINELLO,47100,1
VECCHIAZZANO,47100,1
VILLA ROVERE,47100,1
CAVA,47100,1
BARISANO,47100,1
PIANTA,47100,1
ANITA,44011,1
CAMPOTTO,44011,1
FILO,44011,1
TRAGHETTO,44011,1
SANTA MARIA CODIFIUME,44011,1
ARGENTA,44011,1
LA FIORANA,44011,1
OSPITAL MONACALE,44011,1
CONSANDOLO,44011,1
LONGASTRINO,44011,1
BANDO,44011,1
PILASTRI,44012,1
BURANA,44012,1
STELLATA,44012,1
SCORTICHINO,44012,1
BONDENO,44012,1
MADONNA BOSCHI,44014,1
RUNCO,44015,1
PORTOVERRARA,44015,1
MAIERO,44015,1
PORTOMAGGIORE,44015,1
RIPAPERSICO,44015,1
GAMBULAGA,44015,1
VOGHIERA,44019,1
VOGHENZA,44019,1
MONTESANTO,44019,1
GORO,44020,1
SAN GIUSEPPE DI COMACCHIO,44020,1
MASI SAN GIACOMO,44020,1
MEDELANA,44020,1
DOGATO,44020,1
OSTELLATO,44020,1
GORINO,44020,1
SAN GIOVANNI DI OSTELLATO,44020,1
GORINO DI GORO,44020,1
ROVERETO FERRARESE,44020,1
MASI TORELLO,44020,1
CODIGORO,44021,1
PONTEMAODINO,44021,1
PONTELANGORINO,44021,1
POMPOSA,44021,1
MEZZOGORO,44021,1
VOLANIA,44022,1
COMACCHIO,44022,1
VACCOLINO,44022,1
MAROZZO,44023,1
LAGOSANTO,44023,1
BOSCO MESOLA,44026,1
MESOLA,44026,1
MASSENZATICA,44026,1
ARIANO FERRARESE,44026,1
MASSA FISCAGLIA,44027,1
FISCAGLIA,44027,1
CHIESA NUOVA,44028,1
CORONELLA,44028,1
POGGIO RENATICO,44028,1
LIDO DEGLI ESTENSI,44029,1
PORTO GARIBALDI,44029,1
LIDO DI SPINA,44029,1
GUARDA,44030,1
RUINA,44030,1
GUARDA FERRARESE,44030,1
ALBERONE DI GUARDA,44030,1
ALBERONE DI RO,44030,1
RO,44033,1
BERRA,44033,1
TAMARA,44034,1
ZENZALINO,44034,1
GRADIZZA,44034,1
SABBIONCELLO SAN PIETRO,44034,1
SABBIONCELLO SAN VITTORE,44034,1
CESTA,44034,1
COPPARO,44034,1
COCCANILE,44034,1
SALETTA,44034,1
AMBROGIO,44034,1
BRAZZOLO,44035,1
JOLANDA DI SAVOIA,44037,1
FORMIGNANA,44039,1
RERO,44039,1
FINAL DI RERO,44039,1
TRESIGALLO,44039,1
CASUMARO,44041,1
BUONACOMPRA,44041,1
RENO CENTESE,44041,1
CORPO DI RENO,44042,1
CORPO RENO,44042,1
CENTO,44042,1
ALBERONE,44042,1
PENZALE,44042,1
ALBERONE DI CENTO,44042,1
DODICI MORELLI,44045,1
RENAZZO,44045,1
DOSSO,44047,1
VIGARANO PIEVE,44049,1
VIGARANO MAINARDA,44049,1
CAMPOGALLIANO,41011,1
SALICETO BUZZALINO,41011,1
BUDRIONE,41012,1
CORTILE,41012,1
SAN MARTINO SECCHIA,41012,1
CARPI,41012,1
FOSSOLI,41012,1
MANZOLINO,41013,1
RECOVATO,41013,1
CAVAZZONA,41013,1
RIOLO,41013,1
CASTELFRANCO EMILIA,41013,1
PIUMAZZO,41013,1
RASTELLINO,41013,1
GAGGIO DI PIANO,41013,1
CASTELVETRO DI MODENA,41014,1
CA' DI SOLA,41014,1
LEVIZZANO RANGONE,41014,1
SOLIGNANO NUOVO,41014,1
LA GRANDE,41015,1
BAGAZZANO,41015,1
CAMPAZZO,41015,1
NONANTOLA,41015,1
VIA LARGA,41015,1
REDU',41015,1
NOVI DI MODENA,41016,1
ROVERETO SULLA SECCHIA,41016,1
SANT'ANTONIO IN MERCADELLO,41016,1
STUFFIONE,41017,1
RAVARINO,41017,1
SAN CESARIO SUL PANARO,41018,1
APPALTO,41019,1
SOZZIGALLI,41019,1
LIMIDI,41019,1
CASTELLINO,41020,1
SERPIANO,41020,1
CASTELLINO BROCCO,41020,1
RIOLUNATO,41020,1
GROPPO,41020,1
CANEVARE,41021,1
TRIGNANO NEL FRIGNANO,41021,1
TRIGNANO,41021,1
OSPITALE NEL FRIGNANO,41021,1
LOTTA,41021,1
TRENTINO NEL FRIGNANO,41021,1
SERRAZZONE,41021,1
FELLICAROLO,41021,1
DOGANA NUOVA,41022,1
FIUMALBO,41022,1
FAIDELLO,41022,1
MOCOGNO,41023,1
SASSOSTORNO,41023,1
MONTECENERE,41023,1
LAMA MOCOGNO,41023,1
BARIGAZZO,41023,1
PIANORSO,41023,1
LA SANTONA,41023,1
MONTECRETO,41025,1
ACQUARIA,41025,1
VERICA,41026,1
BENEDELLO,41026,1
MONTECUCCOLO,41026,1
PAVULLO NEL FRIGNANO,41026,1
MICENO,41026,1
MONTORSO,41026,1
SASSO GUIDANO,41026,1
IDDIANO,41026,1
RENNO,41026,1
COSCOGNO,41026,1
CAMATTA,41026,1
FRASSINETI,41026,1
GAIANELLO,41026,1
GAIATO,41026,1
OLINA,41026,1
ROCCAPELAGO,41027,1
SANT'ANDREA PELAGO,41027,1
TAGLIOLE,41027,1
PIEVEPELAGO,41027,1
SANT'ANNA PELAGO,41027,1
VARANA,41028,1
SELVA NEL FRIGNANO,41028,1
POMPEANO,41028,1
RICCO' NEL FRIGNANO,41028,1
SAN DALMAZIO NEL FRIGNANO,41028,1
LIGORZANO,41028,1
SERRAMAZZONI,41028,1
MONFESTINO,41028,1
RONCOSCAGLIA,41029,1
ROCCHETTA SANDRI,41029,1
CASTELLARO NEL FRIGNANO,41029,1
SESTOLA,41029,1
VESALE,41029,1
SOLARA,41030,1
BASTIGLIA,41030,1
GORGHETTO,41030,1
BOMPORTO,41030,1
SAN LORENZO DELLA PIOPPA,41030,1
SAN MARTINO DI SAN PROSPERO,41030,1
SAN PIETRO IN ELDA,41030,1
STAGGIA MODENESE,41030,1
SORBARA,41030,1
SAN LORENZO PIOPPA,41030,1
CAMPOSANTO,41031,1
MOTTA SULLA SECCHIA,41032,1
CAVEZZO,41032,1
VILLA MOTTA,41032,1
VALLALTA,41033,1
CONCORDIA SULLA SECCHIA,41033,1
FOSSA DI CONCORDIA,41033,1
FINALE EMILIA,41034,1
RENO FINALESE,41034,1
MASSA FINALESE,41035,1
MEDOLLA,41036,1
CAMURANA,41036,1
VILLAFRANCA DI MEDOLLA,41036,1
QUARANTOLI,41037,1
CIVIDALE,41037,1
MORTIZZUOLO,41037,1
SAN MARTINO SPINO,41037,1
PONTE SAN PELLEGRINO,41037,1
TRAMUSCHIO,41037,1
SAN MARTINO CARANO,41037,1
SAN GIACOMO RONCOLE,41037,1
MIRANDOLA,41037,1
PAVIGNANE,41038,1
SAN BIAGIO IN PADULE,41038,1
CONFINE,41038,1
SAN FELICE SUL PANARO,41038,1
DOGARO,41038,1
SAN POSSIDONIO,41039,1
SAN MARTINO VALLATA,41040,1
PONTE GOMBOLA,41040,1
GOMBOLA,41040,1
CASSANO,41040,1
POLINAGO,41040,1
FIORANO MODENESE,41042,1
UBERSETTO,41042,1
SPEZZANO,41042,1
CORLO DI FORMIGINE,41043,1
CASINALBO,41043,1
COLOMBARO DI FORMIGINE,41043,1
MAGRETA,41043,1
FORMIGINE,41043,1
RICCOVOLTO,41044,1
PIANDELAGOTTI,41044,1
MADONNA DI PIETRAVOLTA,41044,1
SASSATELLA,41044,1
ROVOLO,41044,1
FONTANALUCCIA,41044,1
CARGEDOLO,41044,1
ROMANORO,41044,1
FRASSINORO,41044,1
MONTEFIORINO,41045,1
VITRIOLA,41045,1
MACOGNANO,41045,1
GUSCIOLA,41045,1
PALAGANO,41046,1
MONCHIO NEL FRIGNANO,41046,1
COSTRIGNANO,41046,1
BOCCASSUOLO,41046,1
SAVONIERO,41046,1
MONCHIO,41046,1
PIGNETO,41048,1
MONCERRATO,41048,1
PRIGNANO SULLA SECCHIA,41048,1
CASTELVECCHIO SULLA SECCHIA,41048,1
SASSO MORELLO,41048,1
MONTEBARANZONE,41048,1
SALTINO SULLA SECCHIA,41048,1
SAN MICHELE DEI MUCCHIETTI,41049,1
SASSUOLO,41049,1
MONTEGIBBIO,41049,1
MONTALE RANGONE,41051,1
CASTELNUOVO RANGONE,41051,1
GUIGLIA,41052,1
ROCCA MALATINA,41052,1
PIEVE TREBBIO,41052,1
PIEVE DI TREBBIO,41052,1
ROCCHETTA,41052,1
MONTEORSELLO,41052,1
GAINAZZO,41052,1
CASTELLINO DELLE FORMICHE,41052,1
GORZANO,41053,1
TORRE MAINA,41053,1
MARANELLO,41053,1
POZZA,41053,1
MARANO SUL PANARO,41054,1
VILLA BIANCA,41054,1
FESTA',41054,1
BERTOCCHI,41055,1
SALTO,41055,1
SAN GIACOMO MAGGIORE,41055,1
MONTESPECCHIO,41055,1
SEMELANO,41055,1
MASERNO,41055,1
MONTESE,41055,1
CASTELLUCCIO DI MOSCHEDA,41055,1
IOLA,41055,1
IOLA DI MONTESE,41055,1
SAVIGNANO SUL PANARO,41056,1
MAGAZZINO,41056,1
FORMICA,41056,1
GAROFANO,41056,1
MULINO,41056,1
SPILAMBERTO,41057,1
MISSANO,41059,1
MONTEOMBRARO,41059,1
MONTEALBANO,41059,1
ROSOLA,41059,1
MONTETORTORE,41059,1
ZOCCA,41059,1
MONTECORONE,41059,1
CIANO NEL FRIGNANO,41059,1
VILLANOVA SAN PANCRAZIO,41100,1
BAGGIOVARA,41100,1
CHIESA NUOVA DI MARZAGLIA,41100,1
SALICETO PANARO,41100,1
FRETO,41100,1
VACIGLIO,41100,1
LESIGNANA,41100,1
GANACETO,41100,1
SALICETO SAN GIULIANO,41100,1
MARZAGLIA,41100,1
COGNENTO,41100,1
SAN DAMASO,41100,1
PORTILE,41100,1
CASTELNUOVO FOGLIANI,29010,1
CASTELVETRO PIACENTINO,29010,1
FONTANA FREDDA,29010,1
CASALIGGIO,29010,1
BACEDASCO SOTTO,29010,1
VILLANOVA SULL'ARDA,29010,1
PIANELLO VAL TIDONE,29010,1
MEZZANO CHITANTOLO,29010,1
SAN NICOLO' A TREBBIA,29010,1
CAMPREMOLDO SOPRA E SOTTO,29010,1
PECORARA,29010,1
SAN GIULIANO PIACENTINO,29010,1
TREVOZZO,29010,1
VERNASCA,29010,1
VALCONASSO,29010,1
NIBBIANO,29010,1
ALSENO,29010,1
CALENDASCO,29010,1
ROVELETO,29010,1
ROTTOFRENO,29010,1
CADEO,29010,1
SAN PIETRO IN CERRO,29010,1
VICOBARONE,29010,1
ZIANO PIACENTINO,29010,1
CAMPREMOLDO SOPRA,29010,1
SAN NAZZARO D'ONGINA,29010,1
BESENZONE,29010,1
CAMINATA,29010,1
SARMATO,29010,1
OLZA,29010,1
VIGOLENO,29010,1
AGAZZANO,29010,1
SANT'IMENTO,29010,1
PONTENURE,29010,1
REZZANELLO,29010,1
LUSURASCO,29010,1
MONTICELLI D'ONGINA,29010,1
TASSARA,29010,1
GRAGNANO TREBBIENSE,29010,1
FOGAROLE,29010,1
PIOZZANO,29010,1
CAMPREMOLDO SOTTO,29010,1
GAZZOLA,29010,1
CASTELNOVO VAL TIDONE,29011,1
BORGONOVO VAL TIDONE,29011,1
CAORSO,29012,1
REZZANO,29013,1
CARPANETO PIACENTINO,29013,1
VIGOLO MARCHESE,29014,1
CASTELL'ARQUATO,29014,1
CRETA,29015,1
GANAGHELLO,29015,1
CASTEL SAN GIOVANNI,29015,1
FONTANA PRADOSA,29015,1
CORTEMAGGIORE,29016,1
BASELICADUCE,29017,1
SAN PROTASO,29017,1
FIORENZUOLA D'ARDA,29017,1
CHIAVENNA ROCCHETTA,29018,1
RUSTIGAZZO,29018,1
LUGAGNANO VAL D'ARDA,29018,1
SAN GIORGIO PIACENTINO,29019,1
GODI,29019,1
VIGOLZONE,29020,1
TRAVO,29020,1
VILLO',29020,1
GOSSOLENGO,29020,1
GRAZZANO VISCONTI,29020,1
COLI,29020,1
PONTE ORGANASCO,29020,1
PEJ,29020,1
CERIGNALE,29020,1
PERINO,29020,1
SETTIMA,29020,1
MORFASSO,29020,1
QUADRELLI DI FELLINO,29020,1
ZERBA,29020,1
CORTE BRUGNATELLA,29020,1
BRAMAIANO,29021,1
GROPPODUCALE,29021,1
CASSOLO,29022,1
BOBBIO,29022,1
VACCAREZZA,29022,1
MEZZANO SCOTTI,29022,1
SANTA MARIA DI BOBBIO,29022,1
CECI,29022,1
PASSO PENICE,29022,1
GROPPALLO,29023,1
MARETO,29023,1
FARINI,29023,1
TORRIO CASETTA,29024,1
TORRIO SOPRA,29024,1
FERRIERE,29024,1
TORRIO SOPRA E SOTTO E CASETTA,29024,1
SALSOMINORE,29024,1
CENTENARO CASTELLO,29024,1
GROPPARELLO,29025,1
GROPPOVISDOMO,29025,1
OTTONE,29026,1
OREZZOLI,29026,1
PODENZANO,29027,1
TORRANO,29028,1
PONTE DELL'OLIO,29028,1
BIANA,29028,1
ROVELETO LANDI,29029,1
NIVIANO CASTELLO,29029,1
ANCARANO DI SOPRA,29029,1
RIVERGARO,29029,1
GERBIDO DI MORTIZZA,29100,1
BORGO TREBBIA,29100,1
SAN BONICO,29100,1
PITTOLO,29100,1
VERZA,29100,1
BAIA DEL RE,29100,1
SAN LAZZARO ALBERONI,29100,1
RAFFAELINA,29100,1
MUCINASSO,29100,1
MORTIZZA,29100,1
RAFFAELLINA,29100,1
MONCHIO DELLE CORTI,43010,1
FONTEVIVO,43010,1
RIGOSO,43010,1
BIANCONESE,43010,1
PONTE TARO,43010,1
RIANA,43010,1
RIANA DI MONCHIO,43010,1
VALDITACCA,43010,1
ROCCABIANCA,43010,1
RAGAZZOLA,43010,1
CASTELGUELFO,43010,1
BUSSETO,43011,1
RONCOLE VERDI,43011,1
FONTANELLATO,43012,1
PAROLA,43012,1
LANGHIRANO,43013,1
COZZANO,43013,1
PASTORELLO,43013,1
TORRECHIARA,43013,1
MEDESANO,43014,1
FELEGARA,43014,1
RAMIOLA,43014,1
COSTAMEZZANA,43015,1
CELLA DI COSTAMEZZANA,43015,1
NOCETO,43015,1
ZIBELLO,43016,1
POLESINE PARMENSE,43016,1
PIEVEOTTOVILLE,43016,1
SAN SECONDO PARMENSE,43017,1
GRAMIGNAZZO,43018,1
VIAROLO,43018,1
SAN QUIRICO TRECASALI,43018,1
TRECASALI,43018,1
RONCO CAMPO CANNETO,43018,1
COLTARO,43018,1
SISSA,43018,1
SISSA TRECASALI,43018,1
SORAGNA,43019,1
BEDUZZO,43021,1
GHIARE DI CORNIGLIO,43021,1
VESTOLA GHIARE,43021,1
CORNIGLIO,43021,1
BOSCO DI CORNIGLIO,43021,1
BASILICANOVA,43022,1
MONTECHIARUGOLO,43022,1
BASILICAGOIANO,43022,1
MONTICELLI TERME DI MONTECHIARUGOLO,43022,1
MONTICELLI TERME,43022,1
NEVIANO DEGLI ARDUINI,43024,1
SCURANO,43024,1
SASSO DI NEVIANO,43024,1
BAZZANO PARMENSE,43024,1
PROVAZZANO,43024,1
LUPAZZANO,43024,1
MEDIANO,43024,1
PALANZANO,43025,1
VAIRO,43025,1
SELVANIZZA,43025,1
RUZZANO,43025,1
RANZANO,43025,1
ISOLA DI PALANZANO,43025,1
VAIRO SUPERIORE,43025,1
LAGRIMONE,43028,1
TIZZANO VAL PARMA,43028,1
CAPOPONTE,43028,1
CARPANETO,43028,1
MUSIARA INFERIORE,43028,1
RENO,43028,1
CASTIONE DE' BARATTI,43029,1
MAMIANO,43029,1
TRAVERSETOLO,43029,1
MARZOLARA,43030,1
RAVARANO,43030,1
CALESTANO,43030,1
BORE,43030,1
BARDI,43032,1
SANTA GIUSTINA VAL DI LECCA,43032,1
GRAVAGO,43032,1
PIONE,43032,1
SAN MICHELE DI TIORRE,43035,1
SANT'ILARIO DI BAGANZA,43035,1
FELINO,43035,1
CASTIONE DEI MARCHESI,43036,1
CHIUSA FERRANDA,43036,1
FIDENZA,43036,1
CASTIONE MARCHESI,43036,1
PIEVE DI CUSIGNANO,43036,1
COGOLONCHIO,43036,1
MULAZZANO PONTE,43037,1
SAN MICHELE CAVANA,43037,1
LESIGNANO DE' BAGNI,43037,1
TALIGNANO,43038,1
SALA BAGANZA,43038,1
SAN VITALE DI BAGANZA,43038,1
BAGNI DI TABIANO,43039,1
SALSOMAGGIORE TERME,43039,1
CONGELASIO,43039,1
TABIANO,43039,1
CANGELASIO,43039,1
PIE' DI VIA,43039,1
SCIPIONE,43039,1
CORNIANA,43040,1
SELVA DEL BOCCHETTO,43040,1
CASSIO,43040,1
PRELERNA,43040,1
LESIGNANO PALMIA,43040,1
TERENZO,43040,1
VIAZZANO,43040,1
SOLIGNANO,43040,1
SPECCHIO,43040,1
VIANINO,43040,1
BOSCHI DI BARDONE,43040,1
VARANO DE' MELEGARI,43040,1
MASANTI DI SOTTO,43041,1
BEDONIA,43041,1
PONTESTRAMBO,43041,1
DRUSCO,43041,1
PONTECENO,43041,1
MASANTI,43041,1
MOLINO DELL'ANZOLA,43041,1
CASASELVATICA,43042,1
BERGOTTO,43042,1
GHIARE DI BERCETO,43042,1
BERCETO,43042,1
CASTELLONCHIO,43042,1
FUGAZZOLO,43042,1
PONTOLO,43043,1
PORCIGATONE,43043,1
TIEDOLI,43043,1
BORGO VAL DI TARO,43043,1
OSTIA PARMENSE,43043,1
OSTIA DI BORGO VAL DI TARO,43043,1
COLLECCHIO,43044,1
SAN MARTINO SINZANO,43044,1
OZZANO TARO,43044,1
MADREGOLO,43044,1
FORNOVO DI TARO,43045,1
PIANTONIA,43045,1
SIVIZZANO,43045,1
NEVIANO DE' ROSSI,43045,1
GROTTA,43047,1
IGGIO,43047,1
MARIANO,43047,1
PELLEGRINO PARMENSE,43047,1
SANT'ANDREA BAGNI,43048,1
VARANO DEI MARCHESI,43048,1
VARANO MARCHESI,43048,1
PESSOLA,43049,1
CARPADASCO,43049,1
VARSI,43049,1
SAN MARTINO DI VALMOZZOLA,43050,1
MORMOROLA,43050,1
VALMOZZOLA STAZIONE,43050,1
VALMOZZOLA,43050,1
STAZIONE VALMOZZOLA,43050,1
BERTORELLA,43051,1
SAN QUIRICO D'ALBARETO,43051,1
COLORNO,43052,1
COMPIANO,43053,1
STRELA,43053,1
MEZZANO SUPERIORE,43055,1
MEZZANO RONDANI,43055,1
MEZZANO INFERIORE,43055,1
TORRILE,43056,1
SORBOLO,43058,1
CHIOZZOLA,43058,1
MEZZANI,43058,1
CASALE DI TORNOLO,43059,1
TORNOLO,43059,1
SANTA MARIA DEL TARO,43059,1
TARSOGNO,43059,1
VIGATTO,43100,1
CORCAGNANO,43100,1
SAN PANCRAZIO PARMENSE,43100,1
SAN PROSPERO PARMENSE,43100,1
SAN LAZZARO PARMENSE,43100,1
FRAORE,43100,1
VICOFERTILE,43100,1
PARADIGNA,43100,1
PORPORANO,43100,1
FONTANINI,43100,1
MOLETOLO,43100,1
CORTILE SAN MARTINO,43100,1
VICOMERO,43100,1
PANOCCHIA,43100,1
BOTTEGHINO,43100,1
BAGANZOLA,43100,1
GAIONE,43100,1
ALBERI,43100,1
CASAL BORSETTI,48010,1
ALFONSINE,48011,1
ABBATESSE,48012,1
GLORIE,48012,1
BAGNACAVALLO,48012,1
VILLANOVA DI BAGNACAVALLO,48012,1
BONCELLINO,48012,1
TRAVERSARA,48012,1
MASIERA,48012,1
BRISIGHELLA,48013,1
SAN MARTINO IN GATTARA,48013,1
ZATTAGLIA,48013,1
MARZENO,48013,1
MONTEROMANO,48013,1
CASTEL BOLOGNESE,48014,1
PINARELLA,48015,1
MADONNA DEGLI ANGELI,48015,1
VILLA INFERNO,48015,1
CANNUZZO,48015,1
CERVIA MILANO MARITTIMA,48015,1
CERVIA,48015,1
SAVIO,48015,1
SAN PATRIZIO,48017,1
LAVEZZOLA,48017,1
CONSELICE,48017,1
COSINA,48018,1
CASE SAN MARTINO,48018,1
ERRANO,48018,1
SANTA LUCIA DELLE SPIANATE,48018,1
CELLE,48018,1
SARNA,48018,1
REDA,48018,1
GRANAROLO,48018,1
FOSSOLO,48018,1
FAENZA,48018,1
PRADA,48018,1
CASTEL RANIERO,48018,1
MEZZENO,48018,1
SANT'AGATA SUL SANTERNO,48020,1
SAVARNA,48020,1
LUGO,48022,1
PASSOGATTO,48022,1
SAN LORENZO DI LUGO,48022,1
ASCENSIONE,48022,1
VOLTANA,48022,1
BELRICETTO,48022,1
SANTA MARIA IN FABRIAGO,48022,1
GIOVECCA,48022,1
MASSA LOMBARDA,48024,1
VILLA SERRAGLIO,48024,1
BORGO RIVOLA,48025,1
RIOLO TERME,48025,1
RUSSI,48026,1
GODO,48026,1
BAGNARA DI ROMAGNA,48031,1
CASOLA VALSENIO,48032,1
COTIGNOLA,48033,1
FUSIGNANO,48034,1
ROMEA VECCHIA,48100,1
SAN ZACCARIA,48100,1
LIDO DI CLASSE,48100,1
SAN PIETRO IN VINCOLI,48100,1
LIDO DI SAVIO,48100,1
CAMPIANO,48100,1
MADONNA DELL'ALBERO,48100,1
COCCOLIA,48100,1
CLASSE,48100,1
RONCALCECI,48100,1
SAN ROMUALDO,48100,1
SAN PIETRO IN CAMPIANO,48100,1
LIDO ADRIANO,48100,1
PIANGIPANE,48100,1
MARINA DI RAVENNA,48100,1
GHIBULLO,48100,1
FOSSO GHIAIA,48100,1
CASTIGLIONE DI RAVENNA,48100,1
SAN PIETRO IN TRENTO,48100,1
CAMERLONA,48100,1
CARRAIE,48100,1
MARINA ROMEA,48100,1
PORTO FUORI,48100,1
FORNACE ZARATTINI,48100,1
PUNTA MARINA,48100,1
PORTO CORSINI,48100,1
SANTERNO,48100,1
DUCENTA,48100,1
AMMONITE,48100,1
TOANO,42010,1
CAVOLA,42010,1
CERREDOLO,42010,1
RIO SALICETO,42010,1
QUARA,42010,1
BAGNOLO IN PIANO,42011,1
CAMPAGNOLA EMILIA,42012,1
VILLALUNGA,42013,1
VEGGIA,42013,1
CASALGRANDE,42013,1
CADIROGGIO,42014,1
ROTEGLIA,42014,1
CASTELLARANO,42014,1
FOSDONDO,42015,1
CORREGGIO,42015,1
GUASTALLA,42016,1
VEZZOLA,42017,1
NOVELLARA,42017,1
SAN MARTINO IN RIO,42018,1
PRATISSOLO,42019,1
CA' DE CAROLI,42019,1
IANO,42019,1
ARCETO,42019,1
SCANDIANO,42019,1
VENTOSO,42019,1
FELLEGARA,42019,1
RONDINARA,42019,1
COLA,42020,1
MONTECAVOLO,42020,1
PUIANELLO,42020,1
QUATTRO CASTELLA,42020,1
VETTO,42020,1
ALBINEA,42020,1
SAN POLO D'ENZA,42020,1
RONCOLO,42020,1
BORZANO,42020,1
BIBBIANO,42021,1
BORETTO,42022,1
CADELBOSCO DI SOPRA,42023,1
ARGINE,42023,1
CADELBOSCO DI SOTTO,42023,1
MELETOLE,42024,1
CASTELNOVO DI SOTTO,42024,1
CAVRIAGO,42025,1
COMPIANO D'ENZA,42026,1
CANOSSA,42026,1
CIANO D'ENZA,42026,1
MONTECCHIO EMILIA,42027,1
POVIGLIO,42028,1
VIANO,42030,1
VEZZANO SUL CROSTOLO,42030,1
CIVAGO,42030,1
ASTA NELL'EMILIA,42030,1
SAN GIOVANNI DI QUERCIOLA,42030,1
SUCCISO,42030,1
PECORILE,42030,1
GAZZANO,42030,1
MINOZZO,42030,1
VILLA MINOZZO,42030,1
LA VECCHIA,42030,1
BAISO,42031,1
CASINO LEVIZZANO,42031,1
LEVIZZANO,42031,1
RAMISETO,42032,1
CERVAREZZA,42032,1
PIEVE SAN VINCENZO,42032,1
SUCCISO NUOVO,42032,1
BUSANA,42032,1
CINQUECERRI,42032,1
COLLAGNA,42032,1
LIGONCHIO,42032,1
CERRETO ALPI,42032,1
VALESTRA,42033,1
CARPINETI,42033,1
SAVOGNATICA,42033,1
PAULLO DI CASINA,42034,1
CASINA,42034,1
VOLOGNO DI SOTTO,42035,1
FELINA,42035,1
VOLOGNO,42035,1
MONTEDURO,42035,1
VILLABERZA,42035,1
CROCE NE' MONTI,42035,1
GATTA,42035,1
CASTELNOVO NE' MONTI,42035,1
CASTELNUOVO NE' MONTI,42035,1
CAPRARA,42040,1
CAMPEGINE,42040,1
LENTIGIONE,42041,1
BRESCELLO,42041,1
FABBRICO,42042,1
TANETO,42043,1
PRATICELLO,42043,1
GATTATICO,42043,1
GUALTIERI,42044,1
SANTA VITTORIA DI GUALTIERI,42044,1
PIEVE SALICETO,42044,1
VILLAROTTA,42045,1
CODISOTTO,42045,1
LUZZARA,42045,1
REGGIOLO,42046,1
ROLO,42047,1
RUBIERA,42048,1
CALERNO,42049,1
SANT'ILARIO D'ENZA,42049,1
CADE',42100,1
MANCASALE,42100,1
CODEMONDO,42100,1
QUARESIMO,42100,1
GAVASSETO,42100,1
OSPIZIO,42100,1
CAVAZZOLI,42100,1
RONCOCESI,42100,1
COVIOLO,42100,1
GAVASSA,42100,1
MASSENZATICO,42100,1
SESSO,42100,1
CANALI,42100,1
CASTELLAZZO,42100,1
GAIDA,42100,1
PIEVE MODOLENA,42100,1
BELLARIA IGEA MARINA,47814,1
IGEA MARINA,47814,1
SANTA GIUSTINA DI SANTARCANGELO,47822,1
CIOLA CORNIALE,47822,1
SANTARCANGELO DI ROMAGNA,47822,1
MONTALBANO DI SANTARCANGELO DI ROMAGNA,47822,1
SAN MARTINO DEI MULINI,47822,1
SANT'ERMETE,47822,1
POGGIO BERNI,47824,1
POGGIO TORRIANA,47824,1
SANTO MARINO,47824,1
TORRIANA,47824,1
VERUCCHIO,47826,1
VILLA VERUCCHIO,47826,1
SANT'ANDREA IN CASALE,47832,1
MORCIANO DI ROMAGNA,47833,1
SERBADONE,47834,1
MONTEFIORE CONCA,47834,1
SALUDECIO,47835,1
MONDAINO,47836,1
MONTEGRIDOLFO,47837,1
RICCIONE,47838,1
CATTOLICA,47841,1
PIANVENTENA,47842,1
SAN GIOVANNI IN MARIGNANO,47842,1
SANTA MONICA,47843,1
VILLAGGIO ARGENTINA,47843,1
SCACCIANO,47843,1
MISANO MONTE,47843,1
MISANO ADRIATICO,47843,1
CERASOLO,47853,1
OSPEDALETTO DI RIMINI,47853,1
CORIANO,47853,1
SANT'ANDREA IN BESANIGO,47853,1
MONTESCUDO,47854,1
TRARIVI,47854,1
SAN SAVINO DI MONTE COLOMBO,47854,1
TAVERNA DI MONTE COLOMBO,47854,1
MONTE COLOMBO,47854,1
ONFERNO,47855,1
GEMMANO,47855,1
CASTELDELCI,47861,1
MAIOLO,47862,1
SECCHIANO MARECCHIA,47863,1
PONTE MOLINO BAFFONI,47863,1
PERTICARA,47863,1
NOVAFELTRIA,47863,1
PENNABILLI,47864,1
PONTE MESSA,47864,1
MACIANO,47864,1
SOANNE,47864,1
MOLINO DI BASCIO,47864,1
MONTEMAGGIO,47865,1
PIETRACUTA,47865,1
SAN LEO,47865,1
SANT'AGATA FELTRIA,47866,1
TALAMELLO,47867,1
VERGIANO,47900,1
TORRE PEDRERA,47900,1
BELLARIVA,47900,1
GAIOFANA,47900,1
VISERBELLA,47900,1
SAN FORTUNATO,47900,1
RIVAZZURRA,47900,1
SAN LORENZO IN CORREGGIANO,47900,1
CORPOLO',47900,1
RIVABELLA,47900,1
MIRAMARE DI RIMINI,47900,1
VISERBA,47900,1
SAN GIULIANO A MARE,47900,1
SANTA AQUILINA,47900,1
FOGLIANO REDIPUGLIA,34070,1
TURRIACO,34070,1
GIASBANA,34070,1
SCRIO',34070,1
VENCO',34070,1
REDIPUGLIA SACRARIO,34070,1
GABRIA,34070,1
MOSSA,34070,1
RUPA,34070,1
MERNICCO,34070,1
MORARO,34070,1
SAN PIER D'ISONZO,34070,1
REDIPUGLIA,34070,1
SAVOGNA D'ISONZO,34070,1
CASSEGLIANO,34070,1
LONZANO,34070,1
MARIANO DEL FRIULI,34070,1
SAN FLORIANO DEL COLLIO,34070,1
MARCOTTINI,34070,1
DOBERDO' DEL LAGO,34070,1
VILLESSE,34070,1
JAMIANO,34070,1
DOLEGNA DEL COLLIO,34070,1
POLAZZO,34070,1
SAN LORENZO ISONTINO,34070,1
SAN MICHELE DEL CARSO,34070,1
CAPRIVA DEL FRIULI,34070,1
BORGNANO,34071,1
CORMONS,34071,1
BRAZZANO,34071,1
FARRA D'ISONZO,34072,1
GRADISCA D'ISONZO,34072,1
GRADO,34073,1
GRADO PINETA,34073,1
ROTTA PRIMERO,34073,1
FOSSALON,34073,1
GRADO CITTA' GIARDINO,34073,1
MARINA JULIA,34074,1
MONFALCONE,34074,1
PIERIS,34075,1
SAN CANZIAN D'ISONZO,34075,1
BEGLIANO,34075,1
ISOLA MOROSINI,34075,1
ROMANS D'ISONZO,34076,1
MEDEA,34076,1
VERSA,34076,1
VERMEGLIANO,34077,1
RONCHI DEI LEGIONARI,34077,1
POGGIO TERZARMATA,34078,1
SAN MARTINO DEL CARSO,34078,1
SAGRADO,34078,1
BISTRIGNA,34079,1
STARANZANO,34079,1
OSLAVIA,34170,1
LUCINICO,34170,1
PIEDIMONTE DEL CALVARIO,34170,1
GORIZIA,34170,1
PIUMA,34170,1
SARONE,33070,1
TAMAI,33070,1
BRUGNERA,33070,1
POLCENIGO,33070,1
MARON,33070,1
DARDAGO,33070,1
STEVENA',33070,1
BUDOIA,33070,1
SAN GIOVANNI DI POLCENIGO,33070,1
SANTA LUCIA DI BUDOIA,33070,1
CASARSA DELLA DELIZIA,33072,1
SAN GIOVANNI DI CASARSA,33072,1
CEOLINI,33074,1
CORDOVADO,33075,1
MUSSONS,33075,1
MORSANO AL TAGLIAMENTO,33075,1
PRAVISDOMINI,33076,1
SACILE,33077,1
CAVOLANO,33077,1
SCHIAVOI,33077,1
SAN GIOVANNI DI LIVENZA,33077,1
SAN VITO AL TAGLIAMENTO,33078,1
GLERIS,33078,1
SAVORGNANO,33078,1
RAMUSCELLO,33079,1
SESTO AL REGHENA,33079,1
CLAUT,33080,1
GHIRANO,33080,1
PORCIA,33080,1
PALSE,33080,1
FIUME VENETO,33080,1
POFFABRO,33080,1
BARCIS,33080,1
PUIA,33080,1
ANDREIS,33080,1
BANNIA,33080,1
CASTIONS,33080,1
ERTO E CASSO,33080,1
ORCENICO INFERIORE,33080,1
PRATA DI PORDENONE,33080,1
CIMOLAIS,33080,1
CIMPELLO,33080,1
ROVEREDO IN PIANO,33080,1
RORAIPICCOLO,33080,1
SAN QUIRINO,33080,1
ZOPPOLA,33080,1
FRISANCO,33080,1
VAJONT,33080,1
SEDRANO,33080,1
AVIANO,33081,1
GLERA,33081,1
SAN MARTINO DI CAMPAGNA,33081,1
MARSURE,33081,1
CORTINA,33081,1
GIAIS,33081,1
FAGNIGOLA,33082,1
TIEZZO,33082,1
AZZANO DECIMO,33082,1
CORVA,33082,1
CHIONS,33083,1
VILLOTTA,33083,1
TAIEDO,33083,1
MUSIL,33084,1
VILLA D'ARCO,33084,1
CORDENONS,33084,1
MANIAGO,33085,1
MONTEREALE VALCELLINA,33086,1
MALNISIO,33086,1
SAN LEONARDO VALCELLINA,33086,1
PASIANO,33087,1
CECCHINI,33087,1
PASIANO DI PORDENONE,33087,1
VISINALE,33087,1
CHIEVOLIS,33090,1
SEQUALS,33090,1
SOLIMBERGO,33090,1
CASTELNOVO DEL FRIULI,33090,1
USAGO,33090,1
TOPPO,33090,1
ARBA,33090,1
CAMPONE,33090,1
ANDUINS,33090,1
TRAVESIO,33090,1
LESTANS,33090,1
CLAUZETTO,33090,1
TRAMONTI DI SOPRA,33090,1
CASIACCO,33090,1
COLLE,33090,1
VITO D'ASIO,33090,1
PIELUNGO,33090,1
TRAMONTI DI SOTTO,33090,1
CAVASSO NUOVO,33092,1
FANNA,33092,1
MEDUNO,33092,1
PINZANO AL TAGLIAMENTO,33094,1
SAN GIORGIO DELLA RICHINVELDA,33095,1
PROVESANO,33095,1
DOMANINS,33095,1
RAUSCEDO,33095,1
ISTRAGO,33097,1
TAURIANO,33097,1
SPILIMBERGO,33097,1
VACILE,33097,1
BARBEANO,33097,1
VALVASONE,33098,1
ARZENE,33098,1
SAN MARTINO AL TAGLIAMENTO,33098,1
VALVASONE ARZENE,33098,1
VIVARO,33099,1
PORDENONE,33170,1
COMINA (LA),33170,1
LA COMINA,33170,1
BORGO MEDUNA,33170,1
VALLENONCELLO,33170,1
SGONICO,34010,1
SISTIANA,34011,1
VISOGLIANO,34011,1
DUINO AURISINA,34011,1
VILLAGGIO DEL PESCATORE,34011,1
AURISINA,34011,1
SAN PELAGIO,34011,1
DUINO,34011,1
BASOVIZZA,34012,1
SANTA CROCE DI TRIESTE,34014,1
MUGGIA,34015,1
STRAMARE,34015,1
MONRUPINO,34016,1
PROSECCO,34017,1
DOMIO,34018,1
SAN DORLIGO DELLA VALLE,34018,1
SAN GIUSEPPE DELLA CHIUSA,34018,1
SANT'ANTONIO IN BOSCO,34018,1
BAGNOLI DELLA ROSANDRA,34018,1
CEDAS,34136,1
CATTINARA,34149,1
COLLOREDO DI MONTE ALBANO,33010,1
CHIUSAFORTE,33010,1
REANA DEL ROIALE,33010,1
TREPPO GRANDE,33010,1
LA CARNIA,33010,1
BORGO ZURINI,33010,1
VENDOGLIO,33010,1
COLUGNA,33010,1
TAVAGNACCO,33010,1
VALBRUNA,33010,1
PEONIS,33010,1
QUALSO,33010,1
LUSEVERA,33010,1
TRASAGHIS,33010,1
CASSACCO,33010,1
LAUZZANA,33010,1
VENZONE,33010,1
BORDANO,33010,1
VERGNACCO,33010,1
MALBORGHETTO VALBRUNA,33010,1
ALESSO,33010,1
CAVALICCO,33010,1
UGOVIZZA,33010,1
MALBORGHETTO,33010,1
OSOPPO,33010,1
MONTENARS,33010,1
RESIUTTA,33010,1
ADEGLIACCO,33010,1
FELETTO UMBERTO,33010,1
CAPORIACCO,33010,1
CARNIA,33010,1
MAGNANO IN RIVIERA,33010,1
PAGNACCO,33010,1
AVASINIS,33010,1
MELS,33010,1
DOGNA,33010,1
CARVACCO,33010,1
VEDRONZA,33010,1
STOLVIZZA,33010,1
BRAULINS,33010,1
ARTEGNA,33011,1
GEMONA PIOVEGA,33013,1
OSPEDALETTO DI GEMONA,33013,1
GEMONA DEL FRIULI,33013,1
MOGGIO UDINESE,33015,1
MOGGIO DI SOPRA,33015,1
MOGGIO DI SOTTO,33015,1
PONTEBBA,33016,1
COLLALTO,33017,1
BULFONS,33017,1
TARCENTO,33017,1
FUSINE IN VALROMANA,33018,1
TARVISIO,33018,1
CAVE DEL PREDIL,33018,1
CAMPOROSSO IN VALCANALE,33018,1
TRICESIMO,33019,1
LEONACCO,33019,1
SUTRIO,33020,1
PIERIA,33020,1
FORNI AVOLTRI,33020,1
QUINIS,33020,1
CAVAZZO CARNICO,33020,1
LIGOSULLO,33020,1
AMARO,33020,1
PESARIIS,33020,1
SAURIS,33020,1
PRATO CARNICO,33020,1
RIGOLATO,33020,1
SOCCHIEVE,33020,1
TREPPO CARNICO,33020,1
PREONE,33020,1
MEDIIS,33020,1
FORNI DI SOTTO,33020,1
CERCIVENTO,33020,1
VERZEGNIS,33020,1
ZUGLIO,33020,1
ENEMONZO,33020,1
RAVASCLETTO,33020,1
AMPEZZO,33021,1
ARTA TERME,33022,1
PIANO D'ARTA,33022,1
COMEGLIANS,33023,1
FORNI DI SOPRA,33024,1
OVARO,33025,1
PALUZZA,33026,1
CLEULIS,33026,1
TIMAU,33026,1
DIERICO,33027,1
PAULARO,33027,1
TOLMEZZO,33028,1
CADUNEA,33028,1
ILLEGIO,33028,1
IMPONZO,33028,1
CANEVA DI TOLMEZZO,33028,1
TERZO DI TOLMEZZO,33028,1
INVILLINO,33029,1
RAVEO,33029,1
VILLA SANTINA,33029,1
CHIASSIS,33029,1
LAUCO,33029,1
TRAVA,33029,1
BUJA,33030,1
RIVE D'ARCANO,33030,1
CORNINO,33030,1
CISTERNA DEL FRIULI,33030,1
URBIGNACCO,33030,1
VIDULIS,33030,1
FLUMIGNANO,33030,1
MURIS DI RAGOGNA,33030,1
FORGARIA NEL FRIULI,33030,1
MURIS,33030,1
CAMPOFORMIDO,33030,1
MAJANO,33030,1
ROVEREDO,33030,1
BRESSA,33030,1
RAGOGNA,33030,1
FLAGOGNA,33030,1
SANTO STEFANO DI BUJA,33030,1
COSEANO,33030,1
CAMINO AL TAGLIAMENTO,33030,1
CANUSSIO,33030,1
MADONNA DI BUJA,33030,1
CARPACCO,33030,1
SAN TOMASO,33030,1
FLAIBANO,33030,1
AVILLA,33030,1
VARMO,33030,1
BRAZZACCO,33030,1
BASALDELLA,33030,1
TALMASSONS,33030,1
DIGNANO,33030,1
SAN VITO DI FAGAGNA,33030,1
SILVELLA,33030,1
ROMANS,33030,1
MORUZZO,33030,1
RODEANO,33030,1
RODEANO BASSO,33030,1
FLAMBRO,33030,1
ROMANS DI VARMO,33030,1
VARIANO,33031,1
BASILIANO,33031,1
VISSANDONE,33031,1
VILLAORBA,33031,1
BASAGLIAPENTA,33031,1
BLESSANO,33031,1
POZZECCO,33032,1
BERTIOLO,33032,1
BEANO,33033,1
RIVOLTO,33033,1
CODROIPO,33033,1
LONCA,33033,1
BIAUZZO,33033,1
GORICIZZA E POZZO,33033,1
FAGAGNA,33034,1
CICONICCO,33034,1
MADRISIO,33034,1
NOGAREDO DI PRATO,33035,1
MARTIGNACCO,33035,1
TORREANO DI MARTIGNACCO,33035,1
PLASENCIS,33036,1
PANTIANICCO,33036,1
MERETO DI TOMBA,33036,1
TOMBA,33036,1
PASSONS,33037,1
COLLOREDO DI PRATO,33037,1
PASIAN DI PRATO,33037,1
VILLANOVA DI SAN DANIELE,33038,1
SAN DANIELE DEL FRIULI,33038,1
CODERNO,33039,1
GRADISCA DI SEDEGLIANO,33039,1
SEDEGLIANO,33039,1
TURRIDA,33039,1
PRADAMANO,33040,1
RAVOSA,33040,1
PRIMULACCO,33040,1
PREPOTTO,33040,1
DRENCHIA,33040,1
TAIPANA,33040,1
MAGREDIS,33040,1
CLODIG,33040,1
VISCO,33040,1
CASTELMONTE,33040,1
TORREANO,33040,1
ORSARIA,33040,1
PREMARIACCO,33040,1
GRIONS,33040,1
CORNO DI ROSAZZO,33040,1
IPPLIS,33040,1
TAPOGLIANO,33040,1
POVOLETTO,33040,1
STREGNA,33040,1
ATTIMIS,33040,1
GRIMACCO,33040,1
CAMPEGLIO,33040,1
FAEDIS,33040,1
PACIUG,33040,1
PODRESCA,33040,1
MOIMACCO,33040,1
SAVORGNANO DEL TORRE,33040,1
CAVENZANO,33040,1
CAMPOLONGO AL TORRE,33040,1
RACCHIUSO,33040,1
SAVOGNA,33040,1
JOANNIS,33041,1
AIELLO DEL FRIULI,33041,1
BUTTRIO,33042,1
PURGESSIMO,33043,1
SANGUARZO,33043,1
CIVIDALE DEL FRIULI,33043,1
NIMIS,33045,1
PULFERO,33046,1
CERNEGLONS,33047,1
ORZANO,33047,1
REMANZACCO,33047,1
ZIRACCO,33047,1
VILLANOVA DELLO IUDRIO,33048,1
CHIOPRIS VISCONE,33048,1
CHIOPRIS,33048,1
SAN GIOVANNI AL NATISONE,33048,1
DOLEGNANO,33048,1
MEDEUZZA,33048,1
SAN PIETRO AL NATISONE,33049,1
PRECENICCO,33050,1
CARGNACCO,33050,1
CASALE DELLA MADONNA,33050,1
LUMIGNACCO,33050,1
BAGNARIA ARSA,33050,1
PAVIA DI UDINE,33050,1
TRIVIGNANO UDINESE,33050,1
GALLERIANO,33050,1
PERCOTO,33050,1
PERTEOLE,33050,1
TORSA,33050,1
BICINICCO,33050,1
POCENIA,33050,1
RONCHIS,33050,1
TISSANO,33050,1
SAN VITO AL TORRE,33050,1
TORSA DI POCENIA,33050,1
CASTIONS DELLE MURA,33050,1
CASTIONS DI STRADA,33050,1
LAUZACCO,33050,1
SANTA MARIA LA LONGA,33050,1
PORPETTO,33050,1
SAMMARDENCHIA,33050,1
MARANO LAGUNARE,33050,1
RUDA,33050,1
RISANO,33050,1
SCLAUNICCO,33050,1
CARLINO,33050,1
ONTAGNANO,33050,1
TERZO D'AQUILEIA,33050,1
NESPOLEDO,33050,1
CHIASELLIS,33050,1
POZZUOLO DEL FRIULI,33050,1
MORTEGLIANO,33050,1
PAPARIANO,33050,1
LAVARIANO,33050,1
CLAUIANO,33050,1
MERETO DI CAPITOLO,33050,1
FELETTIS,33050,1
MALISANA,33050,1
LESTIZZA,33050,1
FIUMICELLO,33050,1
SEVEGLIANO,33050,1
TORVISCOSA,33050,1
GONARS,33050,1
TERENZANO,33050,1
BELVEDERE DI AQUILEIA,33051,1
AQUILEIA,33051,1
CERVIGNANO DEL FRIULI,33052,1
STRASSOLDO,33052,1
GORGO,33053,1
LATISANA,33053,1
PERTEGADA,33053,1
LIGNANO PINETA,33054,1
LIGNANO SABBIADORO,33054,1
MUZZANA DEL TURGNANO,33055,1
PALAZZOLO DELLO STELLA,33056,1
IALMICCO,33057,1
JALMICCO,33057,1
SOTTOSELVA,33057,1
PALMANOVA,33057,1
SAN GIORGIO DI NOGARO,33058,1
VILLA VICENTINA,33059,1
TEOR,33061,1
RIVIGNANO,33061,1
RIVIGNANO TEOR,33061,1
GERVASUTTA,33100,1
LAIPACCO,33100,1
GODIA,33100,1
BALDASSERIA,33100,1
CUSSIGNACCO,33100,1
VICO NEL LAZIO,03010,1
PATONI,03010,1
TREVI NEL LAZIO,03010,1
PIGLIO,03010,1
SGURGOLA,03010,1
ACUTO,03010,1
COLLEPARDO,03010,1
FUMONE,03010,1
TORRE CAJETANI,03010,1
CERTOSA DI TRISULTI,03010,1
SERRONE,03010,1
FILETTINO,03010,1
PITOCCO,03010,1
TRIVIGLIANO,03010,1
PATRICA,03010,1
LA FORMA,03010,1
TECCHIENA,03011,1
ALATRI,03011,1
COLLELAVENA,03011,1
MONTE SAN MARINO,03011,1
OSTERIA DELLA FONTANA,03012,1
ANAGNI,03012,1
TOFE,03013,1
FERENTINO,03013,1
FERENTINO STAZIONE,03013,1
FIUGGI,03014,1
FIUGGI FONTE,03014,1
CAMPOCATINO,03016,1
GUARCINO,03016,1
MOROLO,03017,1
CERQUOTTI MADONNA DEL PIANO,03017,1
PALIANO,03018,1
SUPINO,03019,1
ARNARA,03020,1
MADONNA DEL PIANO,03020,1
TORRICE,03020,1
PICO,03020,1
CASTRO DEI VOLSCI,03020,1
GIULIANO DI ROMA,03020,1
VILLA SANTO STEFANO,03020,1
FALVATERRA,03020,1
SAN SOSIO,03020,1
STRANGOLAGALLI,03020,1
VALLECORSA,03020,1
AMASENO,03021,1
COLLE CAMPANO,03022,1
SCRIMA,03022,1
CASAVITOLA,03022,1
BOVILLE ERNICA,03022,1
MOZZANO TORRETTA,03022,1
ROTABILE,03022,1
ANTICA COLLE PISCIOSO,03022,1
BRECCIARO,03022,1
CECCANO,03023,1
CEPRANO,03024,1
CHIAIAMARI,03025,1
ANITRELLA,03025,1
COLLI,03025,1
PORRINO,03025,1
MONTE SAN GIOVANNI CAMPANO,03025,1
POFI,03026,1
RIPI,03027,1
SAN GIOVANNI INCARICO,03028,1
CASAMARI,03029,1
SANTA FRANCESCA,03029,1
GIGLIO,03029,1
VEROLI,03029,1
SANT'ANGELO IN VILLA,03029,1
CASE CAMPOLI,03029,1
COTROPAGNO,03029,1
SCIFELLI,03029,1
COLLEBERARDI,03029,1
CASTELMASSIMO,03029,1
PANETTA,03029,1
VILLA FELICE,03030,1
CAMPOLI APPENNINO,03030,1
CASTROCIELO,03030,1
SANTOPADRE,03030,1
COLLE SAN MAGNO,03030,1
FONTECHIARI,03030,1
VILLA SANTA LUCIA,03030,1
PIUMAROLA,03030,1
CASALATTICO,03030,1
BROCCOSTELLA,03030,1
POSTA FIBRENO,03030,1
COLDRAGONE,03030,1
PIEDIMONTE SAN GERMANO ALTA,03030,1
PIEDIMONTE SAN GERMANO,03030,1
ROCCA D'ARCE,03030,1
PESCOSOLIDO,03030,1
COLFELICE,03030,1
CASTELLIRI,03030,1
VICALVI,03030,1
AQUINO,03031,1
ISOLETTA,03032,1
ARCE,03032,1
SCAFFA SAN SOSSIO,03033,1
SCAFFA,03033,1
CASALVIERI,03034,1
ROSELLI,03034,1
FONTANA LIRI,03035,1
COLLEFONTANA,03035,1
FONTANA LIRI SUPERIORE,03035,1
ISOLA DEL LIRI,03036,1
SANT'OLIVA,03037,1
SANT'OLIVA DI PONTECORVO,03037,1
PONTECORVO,03037,1
PASTINE DI PONTECORVO,03037,1
ROCCASECCA,03038,1
ROCCASECCA STAZIONE,03038,1
SORA,03039,1
CARNELLO,03039,1
SELVA DI SORA,03039,1
SANT'AMBROGIO SUL GARIGLIANO,03040,1
VILLA LATINA,03040,1
GALLINARO,03040,1
SELVACAVA,03040,1
PIGNATARO INTERAMNA,03040,1
CERRETO DI VALLEROTONDA,03040,1
ACQUAFONDATA,03040,1
SANT'ANDREA DEL GARIGLIANO,03040,1
VALVORI,03040,1
SETTEFRATI,03040,1
CASALCASSINESE,03040,1
CASTELNUOVO PARANO,03040,1
TERELLE,03040,1
BELMONTE CASTELLO,03040,1
SAN VITTORE DEL LAZIO,03040,1
CORENO AUSONIO,03040,1
AUSONIA,03040,1
VALLEMAIO,03040,1
SAN BIAGIO SARACINISCO,03040,1
VITICUSO,03040,1
PICINISCO,03040,1
CARDITO DI VALLEROTONDA,03040,1
VALLEROTONDA,03040,1
CASTELLO D'ALVITO,03041,1
ALVITO,03041,1
ATINA,03042,1
CASINO PICA,03042,1
ATINA INFERIORE,03042,1
SANT'ANGELO IN THEODICE,03043,1
MONTECASSINO,03043,1
CAIRA,03043,1
CAPPELLA MORRONE,03043,1
CASSINO,03043,1
PACITTI,03044,1
PASTENELLE,03044,1
SPRUMARO,03044,1
ESPERIA,03045,1
ESPERIA INFERIORE,03045,1
SAN DONATO VAL DI COMINO,03046,1
SAN GIORGIO A LIRI,03047,1
SANT'ELIA FIUMERAPIDO,03049,1
VALLELUCE,03049,1
PORTELLA,03049,1
OLIVELLA,03049,1
FROSINONE,03100,1
DE MATTEIS,03100,1
FROSINONE STAZIONE,03100,1
ROCCASECCA DEI VOLSCI,04010,1
GIULIANELLO,04010,1
NORMA,04010,1
SEZZE STAZIONE,04010,1
CORI,04010,1
PISTERZO,04010,1
PROSSEDI,04010,1
SONNINO,04010,1
MAENZA,04010,1
ROCCA MASSIMA,04010,1
ROCCAGORGA,04010,1
SONNINO SCALO,04010,1
SEZZE SCALO,04010,1
BASSIANO,04010,1
CAMILLERI,04011,1
APRILIA,04011,1
CAMPOLEONE,04011,1
FOSSIGNANO,04011,1
VALLELATA,04011,1
COGNA,04011,1
TORRE DEL PADIGLIONE,04011,1
CASALAZARA,04011,1
PANTANELLE,04011,1
CAMPO DI CARNE,04011,1
CISTERNA DI LATINA,04012,1
BORGO FLORA,04012,1
SERMONETA,04013,1
DOGANELLA,04013,1
SERMONETA SCALO,04013,1
DOGANELLA DI NINFA,04013,1
LATINA AEROPORTO,04013,1
PONTINIA,04014,1
BORGO PASUBIO,04014,1
PRIVERNO,04015,1
FOSSANOVA,04015,1
ABBAZIA DI FOSSANOVA,04015,1
BORGO VODICE,04016,1
BAIA D'ARGENTO,04016,1
BORGO SAN DONATO,04016,1
SABAUDIA,04016,1
BORGO MONTENERO,04017,1
SAN FELICE CIRCEO,04017,1
SEZZE,04018,1
COLLI DI SUSO,04018,1
LA FIORA,04019,1
BADINO,04019,1
BORGO HERMADA,04019,1
TERRACINA,04019,1
CAMPOMAGGIORE SAN LUCA,04020,1
GRUNUOVO,04020,1
MONTE SAN BIAGIO,04020,1
SPIGNO SATURNIA INFERIORE,04020,1
SAN LORENZO DI SANTI COSMA E DAMIANO,04020,1
SANTI COSMA E DAMIANO,04020,1
SPIGNO SATURNIA,04020,1
GRUNUOVO DI SANTI COSMA E DAMIANO,04020,1
ITRI,04020,1
VENTOTENE,04020,1
CAMPODIMELE,04020,1
FORME DI SUIO,04021,1
SUIO TERME,04021,1
CASTELFORTE,04021,1
SALTO DI FONDI,04022,1
SAN MAGNO,04022,1
FONDI,04022,1
MARANOLA,04023,1
FORMIA,04023,1
CASTELLONORATO,04023,1
PENITRO,04023,1
TRIVIO DI FORMIA,04023,1
ACQUATRAVERSA DI FORMIA,04023,1
VINDICIO DI FORMIA,04023,1
GAETA,04024,1
VALLE BERNARDO,04025,1
LENOLA,04025,1
TREMENSUOLI,04026,1
SANTA MARIA INFANTE,04026,1
TUFO DI MINTURNO,04026,1
MINTURNO,04026,1
MARINA DI MINTURNO,04026,1
PONZA,04027,1
LE FORNA,04027,1
SPERLONGA,04029,1
BORGO MONTELLO,04100,1
BORGO PIAVE,04100,1
FORO APPIO,04100,1
LE FERRIERE,04100,1
BORGO SAN MICHELE,04100,1
BORGO ISONZO,04100,1
BORGO SABOTINO,04100,1
LATINA SCALO,04100,1
BORGO GRAPPA,04100,1
BORGO CARSO,04100,1
BORGO FAITI,04100,1
BORGO PODGORA,04100,1
FOCE VERDE,04100,1
TOR TRE PONTI,04100,1
BORGO BAINSIZZA,04100,1
CITTAREALE,02010,1
SANTA CROCE DI CITTAREALE,02010,1
BORGO VELINO,02010,1
CASTEL SANT'ANGELO,02010,1
LABRO,02010,1
BORBONA,02010,1
CANETRA DI CASTEL SANT'ANGELO,02010,1
COLLI SUL VELINO,02010,1
MORRO REATINO,02010,1
RIVODUTRI,02010,1
MICIGLIANO,02010,1
GRISCIANO,02011,1
ACCUMOLI,02011,1
AMATRICE,02012,1
SOMMATI,02012,1
COLLEMORESCO,02012,1
SANTI LORENZO E FLAVIANO,02012,1
SCAI,02012,1
PRETA,02012,1
TORRITA,02012,1
ANTRODOCO,02013,1
FANTAUZZI,02014,1
CANTALICE,02014,1
GROTTI DI CITTADUCALE,02015,1
CITTADUCALE,02015,1
GROTTI,02015,1
SANTA RUFINA,02015,1
TERZONE,02016,1
ALBANETO,02016,1
VINDOLI,02016,1
LEONESSA,02016,1
SAN CLEMENTE DI LEONESSA,02016,1
PIEDELPOGGIO,02016,1
VILLA BIGIONI,02016,1
POGGIO BUSTONE,02018,1
PICCIAME,02019,1
SIGILLO DI POSTA,02019,1
POSTA,02019,1
FAVISCHIO,02019,1
CASTEL DI TORA,02020,1
COLLE DI TORA,02020,1
LONGONE SABINO,02020,1
BELMONTE IN SABINA,02020,1
TURANIA,02020,1
PAGANICO SABINO,02020,1
MARCETELLI,02020,1
ASCREA,02020,1
STIPES,02020,1
VARCO SABINO,02020,1
CAMPOLANO,02020,1
COLLEGIOVE,02020,1
CONCERVIANO,02020,1
NESPOLO,02020,1
ROCCARANIERI,02020,1
VACCARECCIA,02020,1
SANT'ANATOLIA,02021,1
GROTTI DI BORGOROSE,02021,1
CORVARO,02021,1
VILLEROSE,02021,1
COLLEMAGGIORE,02021,1
POGGIOVALLE,02021,1
POGGIOVALLE DI BORGOROSE,02021,1
BORGOROSE,02021,1
COLLALTO SABINO,02022,1
PESCHIETA,02023,1
FIAMIGNANO,02023,1
SANTA LUCIA DI FIAMIGNANO,02023,1
LEOFRENI,02024,1
PESCOROCCHIANO,02024,1
SANT'ELPIDIO DI PESCOROCCHIANO,02024,1
SANT'ELPIDIO,02024,1
FIUMATA,02025,1
CASTELMARERI,02025,1
BORGO SAN PIETRO,02025,1
CAPRADOSSO,02025,1
PETRELLA SALTO,02025,1
ROCCA SINIBALDA,02026,1
POSTICCIOLA,02026,1
CASAPROTA,02030,1
POZZAGLIA SABINA,02030,1
POGGIO SAN LORENZO,02030,1
TORRICELLA IN SABINA,02030,1
POGGIO NATIVO,02030,1
FRASSO SABINO,02030,1
MONTE SANTA MARIA,02030,1
VILLETTA SANT'ANTONIO,02030,1
COLLELUNGO SABINO,02030,1
CASTELNUOVO DI FARFA,02031,1
COLTODINO,02032,1
BORGO QUINZIO,02032,1
TALOCCI,02032,1
CORESE TERRA,02032,1
FARFA,02032,1
PASSO CORESE,02032,1
FARFA SABINA,02032,1
FARA IN SABINA,02032,1
BORGO SALARIO,02032,1
CANNETO SABINO,02032,1
PRIME CASE,02032,1
MONTELEONE SABINO,02033,1
GINESTRA SABINA,02033,1
MONTOPOLI DI SABINA,02034,1
BOCCHIGNANO,02034,1
ORVINIO,02035,1
CERDOMARE,02037,1
FIACCHINI,02037,1
POGGIO MOIANO,02037,1
SCANDRIGLIA,02038,1
TOFFIA,02039,1
MONTASOLA,02040,1
VACONE,02040,1
MOMPEO,02040,1
SAN POLO SABINO,02040,1
FIANELLO,02040,1
CONFIGNI,02040,1
MONTE SAN GIOVANNI IN SABINA,02040,1
CANTALUPO IN SABINA,02040,1
TARANO,02040,1
SALISANO,02040,1
MONTENERO SABINO,02040,1
COTTANELLO,02040,1
ROCCANTICA,02040,1
POGGIO CATINO,02040,1
CASPERIA,02041,1
COLLEVECCHIO,02042,1
MONTISOLA,02043,1
CONTIGLIANO,02043,1
SAN FILIPPO DI CONTIGLIANO,02043,1
GAVIGNANO SABINO,02044,1
FORANO,02044,1
GRECCIO,02045,1
LIMITI DI GRECCIO,02045,1
FOGLIA,02046,1
MAGLIANO SABINA,02046,1
POGGIO MIRTETO SCALO,02047,1
POGGIO MIRTETO,02047,1
POGGIO MIRTETO STAZIONE,02047,1
STIMIGLIANO STAZIONE,02048,1
STIMIGLIANO SCALO,02048,1
STIMIGLIANO,02048,1
TORRI IN SABINA,02049,1
VAZIA,02100,1
MONTE TERMINILLO,02100,1
POGGIO FIDONI,02100,1
PIE' DI MOGGIO,02100,1
POGGIO PERUGINO,02100,1
RIETI,02100,1
SAN GIOVANNI REATINO,02100,1
MORICONE,00010,1
MONTEFLAVIO,00010,1
GALLICANO NEL LAZIO,00010,1
SETTEVILLE,00010,1
SAN GREGORIO DA SASSOLA,00010,1
POLI,00010,1
SAN POLO DEI CAVALIERI,00010,1
SANT'ANGELO ROMANO,00010,1
MONTORIO ROMANO,00010,1
SETTEVILLE DI GUIDONIA,00010,1
MONTELIBRETTI,00010,1
CASAPE,00010,1
BAGNI DI TIVOL,00011,1
MONTECELIO,00012,1
COLLE VERDE,00012,1
VILLANOVA DI GUIDONIA,00012,1
ALBUCCIONE,00012,1
GUIDONIA MONTECELIO,00012,1
GUIDONIA,00012,1
TOR LUPARA,00013,1
CASTELCHIODATO,00013,1
FONTE NUOVA,00013,1
TORLUPARA DI MENTANA,00013,1
MENTANA,00013,1
MONTEROTONDO STAZIONE,00015,1
NEROLA,00017,1
CRETONE,00018,1
PALOMBARA SABINA,00018,1
ARCI,00019,1
TIVOLI TERME,00019,1
BIVIO SAN POLO,00019,1
VILLA ADRIANA,00019,1
EMPOLITANA,00019,1
PONTELUCANO,00019,1
CICILIANO,00020,1
AGOSTA,00020,1
CERVARA DI ROMA,00020,1
CANTERANO,00020,1
PERCILE,00020,1
VIVARO ROMANO,00020,1
MARANO EQUO,00020,1
SARACINESCO,00020,1
MADONNA DELLA PACE,00020,1
ALTIPIANI DI ARCINAZZO,00020,1
MANDELA,00020,1
PISONIANO,00020,1
SAMBUCI,00020,1
RIOFREDDO,00020,1
VALLEPIETRA,00020,1
JENNE,00020,1
VALLINFREDA,00020,1
CINETO ROMANO,00020,1
ROCCA CANTERANO,00020,1
CAMERATA NUOVA,00020,1
ROCCAGIOVINE,00020,1
CERRETO LAZIALE,00020,1
ARCINAZZO ROMANO,00020,1
AFFILE,00021,1
ANTICOLI CORRADO,00022,1
ARSOLI,00023,1
CASTEL MADAMA,00024,1
GERANO,00025,1
LICENZA,00026,1
CIVITELLA,00026,1
ROVIANO,00027,1
SUBIACO,00028,1
VICOVARO,00029,1
LABICO,00030,1
SAN CESAREO,00030,1
MONTELANICO,00030,1
GUADAGNOLO,00030,1
BELLEGRA,00030,1
ROIATE,00030,1
GENAZZANO,00030,1
SAN VITO ROMANO,00030,1
COLONNA STAZIONE,00030,1
COLONNA,00030,1
CAPRANICA PRENESTINA,00030,1
CASTEL SAN PIETRO ROMANO,00030,1
ROCCA DI CAVE,00030,1
ARTENA,00031,1
COLUBRO,00031,1
MACERE,00031,1
CARPINETO ROMANO,00032,1
COLLEFERRO STAZIONE,00034,1
COLLEFERRO SCALO,00034,1
COLLEFERRO,00034,1
OLEVANO ROMANO,00035,1
CARCHITTI,00036,1
PALESTRINA,00036,1
SEGNI,00037,1
VALMONTONE,00038,1
VALLE MARTELLA,00039,1
ZAGAROLO,00039,1
TOR SAN LORENZO,00040,1
MARINA DI ARDEA,00040,1
ARDEA,00040,1
ROCCA DI PAPA,00040,1
FRATTOCCHIE,00040,1
SANTA MARIA DELLE MOLE,00040,1
PONTE SULLA MOLETTA,00040,1
CECCHINA,00041,1
CECCHINA STAZIONE,00041,1
ALBANO LAZIALE,00041,1
PAVONA STAZIONE,00041,1
PAVONA,00041,1
LIDO DEI PINI,00042,1
ANZIO,00042,1
COLONIA DI ANZIO,00042,1
LAVINIO LIDO DI ENEA,00042,1
CIAMPINO AEROPORTO,00043,1
CIAMPINO,00043,1
FRASCATI,00044,1
VERMICINO,00044,1
LANDI,00045,1
PEDICA,00045,1
GENZANO DI ROMA,00045,1
GROTTAFERRATA,00046,1
POGGIO TULLIANO,00046,1
MARINO,00047,1
NETTUNO,00048,1
VELLETRI,00049,1
TESTA DI LEPRE DI SOPRA,00050,1
LA BIANCA,00051,1
ALLUMIERE,00051,1
MARINA DI CERVETERI,00052,1
CERI,00052,1
CERVETERI,00052,1
CERENOVA,00052,1
FURBARA CERENOVA,00052,1
BORGO SAN MARTINO DI CERVETERI,00052,1
STAZIONE DI FURBARA,00052,1
AURELIA,00053,1
CIVITAVECCHIA,00053,1
AURELIA DI CIVITAVECCHIA,00053,1
FREGENE,00054,1
MACCARESE,00054,1
FIUMICINO,00054,1
TESTA DI LEPRE,00054,1
PASSO OSCURO,00054,1
ARA NOVA,00054,1
TORRIMPIETRA,00054,1
FOCENE,00054,1
ISOLA SACRA,00054,1
FIUMICINO AEROPORTO,00054,1
MARINA SAN NICOLA,00055,1
LADISPOLI,00055,1
PANTANO DI GRANO,00057,1
MALAGROTTA,00057,1
SANTA SEVERA,00058,1
SANTA MARINELLA,00058,1
TOLFA,00059,1
SANTA SEVERA NORD,00059,1
MONTE CAMINETTO,00060,1
NAZZANO,00060,1
TERME DI STIGLIAN,00060,1
PONTE STORTO,00060,1
BAGNI DI STIGLIANO,00060,1
SACROFANO,00060,1
LE RUGHE,00060,1
CIVITELLA SAN PAOLO,00060,1
CASTELNUOVO DI PORTO,00060,1
FORMELLO,00060,1
GIRARDI,00060,1
CAPENA,00060,1
PONZANO ROMANO,00060,1
BIVIO DI CAPANELLE,00060,1
TERRAZZE,00060,1
CANALE MONTERANO,00060,1
TORRITA TIBERINA,00060,1
MONTEVIRGINIO,00060,1
SANT'ORESTE,00060,1
FILACCIANO,00060,1
MAZZANO ROMANO,00060,1
MAGLIANO ROMANO,00060,1
ANGUILLARA SABAZIA,00061,1
RINASCENTE,00062,1
BRACCIANO,00062,1
CASTEL GIULIANO,00062,1
VIGNA DI VALLE,00062,1
CAMPAGNANO DI ROMA,00063,1
FERONIA,00065,1
FIANO ROMANO,00065,1
QUADRONI,00066,1
MANZIANA,00066,1
MORLUPO,00067,1
RIGNANO FLAMINIO,00068,1
TREVIGNANO ROMANO,00069,1
PRATICA DI MARE,00071,1
TORVAIANICA,00071,1
SANTA PALOMBA,00071,1
POMEZIA,00071,1
ARICCIA,00072,1
GALLORO,00072,1
LAGHETTO DI CASTEL GANDOLFO,00073,1
CASTEL GANDOLFO,00073,1
NEMI,00074,1
LANUVIO,00075,1
PASCOLARE,00075,1
LARIANO,00076,1
LAGHETTO DI MONTECOMPATRI,00077,1
MOLARA,00077,1
MONTECOMPATRI,00077,1
ARMETTA,00078,1
MONTE PORZIO CATONE,00078,1
COLLE DI FUORI,00079,1
ROCCA PRIORA,00079,1
OSTIA ANTICA,00119,1
LIDO DI OSTIA PONENTE,00121,1
LIDO DI OSTIA LEVANTE,00122,1
CASTEL PORZIANO,00122,1
CASTEL FUSANO,00122,1
LA STORTA,00123,1
ISOLA FARNESE,00123,1
CASAL PALOCCO,00124,1
ACILIA,00125,1
VITINIA,00127,1
MEZZOCAMMINO,00127,1
RISARO,00127,1
CASTEL ROMANO,00128,1
TOR DE' CENCI,00128,1
CASTEL DI DECIMA,00128,1
SETTECAMINI,00131,1
BORGATA FINOCCHIO,00132,1
BORGATA BORGHESIANA,00132,1
COLLE DELLA VALENTINA,00132,1
TORRE GAIA,00133,1
TORRE ANGELA,00133,1
CASTEL DI LEVA,00134,1
DIVINO AMORE,00134,1
LA GIUSTINIANA,00135,1
BORGATA OTTAVIA,00135,1
MARCIGLIANA,00138,1
CASTEL GIUBILEO,00138,1
BORGATA FIDENE,00138,1
SETTEBAGNI,00138,1
CECCHIGNOLA,00143,1
MAGLIANA TRULLO,00148,1
BORGATA CORVIALE,00148,1
LA RUSTICA,00155,1
TOR SAPIENZA,00155,1
REBIBBIA,00156,1
BORGATA CASALOTTI,00166,1
TORRE MAURA,00169,1
TORRE SPACCATA,00169,1
TORRICOLA,00178,1
CAPANNELLE,00178,1
LABARO,00188,1
PRIMA PORTA,00188,1
TOMBA DI NERONE,00189,1
GROTTAROSSA,00189,1
ARLENA DI CASTRO,01010,1
BLERA,01010,1
LATERA,01010,1
GRADOLI,01010,1
ORIOLO ROMANO,01010,1
VILLA SAN GIOVANNI IN TUSCIA,01010,1
ONANO,01010,1
CELLERE,01010,1
ISCHIA DI CASTRO,01010,1
MARTA,01010,1
TESSENNANO,01010,1
VEJANO,01010,1
MONTE ROMANO,01010,1
CIVITELLA CESI,01010,1
PIANSANO,01010,1
FARNESE,01010,1
BARBARANO ROMANO,01010,1
MUSIGNANO,01011,1
CANINO,01011,1
CAPRANICA,01012,1
VICO MATRINO,01012,1
PESCIA ROMANA,01014,1
MONTALTO DI CASTRO,01014,1
SUTRI,01015,1
MARINA VELCA,01016,1
TARQUINIA,01016,1
LIDO DI TARQUINIA,01016,1
TUSCANIA,01017,1
VALENTANO,01018,1
TRE CROCI,01019,1
CURA,01019,1
PIETRARA,01019,1
VETRALLA,01019,1
BOMARZO,01020,1
CELLENO,01020,1
SAN LORENZO NUOVO,01020,1
LUBRIANO,01020,1
PROCENO,01020,1
GRAFFIGNANO,01020,1
MUGNANO,01020,1
CIVITELLA D'AGLIANO,01020,1
SAN MICHELE IN TEVERINA,01020,1
ACQUAPENDENTE,01021,1
TREVINANO,01021,1
TORRE ALFINA,01021,1
BAGNOREGIO,01022,1
VETRIOLO,01022,1
CASTEL CELLESI,01022,1
BOLSENA,01023,1
SERMUGNANO,01024,1
CASTIGLIONE IN TEVERINA,01024,1
GROTTE DI CASTRO,01025,1
MONTEFIASCONE,01027,1
ZEPPONAMI,01027,1
LE MOSSE,01027,1
ORTE STAZIONE,01028,1
ORTE,01028,1
ORTE SCALO,01028,1
CALCATA,01030,1
CANEPINA,01030,1
VITORCHIANO,01030,1
FALERIA,01030,1
CORCHIANO,01030,1
CALCATA NUOVA,01030,1
MONTEROSI,01030,1
CASTEL SANT'ELIA,01030,1
VITORCHIANO STAZIONE,01030,1
CARBOGNANO,01030,1
BASSANO ROMANO,01030,1
VASANELLO,01030,1
BASSANO IN TEVERINA,01030,1
VALLERANO,01030,1
CAPRAROLA,01032,1
CIVITA CASTELLANA,01033,1
BORGHETTO DI CIVITA CASTELLANA STAZIONE,01033,1
CIVITA CASTELLANA STAZIONE,01033,1
FABRICA DI ROMA,01034,1
REGOLELLI,01034,1
SCALO TEVERINA,01035,1
NEPI,01036,1
RONCIGLIONE,01037,1
LAGO DI VICO,01037,1
CHIA,01038,1
SORIANO NEL CIMINO,01038,1
VIGNANELLO,01039,1
VITERBO,01100,1
TOBIA,01100,1
ROCCALVECCE,01100,1
GROTTE SANTO STEFANO,01100,1
SAN MARTINO AL CIMINO,01100,1
LA QUERCIA,01100,1
FASTELLO,01100,1
BAGNAIA,01100,1
MELE,16010,1
MANESSENO,16010,1
CARSI,16010,1
VOBBIA,16010,1
PRELO,16010,1
ACQUASANTA,16010,1
CROCEFIESCHI,16010,1
TIGLIETO,16010,1
ROSSIGLIONE,16010,1
SAVIGNONE,16010,1
PONTE DI SAVIGNONE,16010,1
MAINETTO,16010,1
SANT'OLCESE,16010,1
PICCARELLO,16010,1
VALBREVENNA,16010,1
ORERO DI SERRA RICCO',16010,1
SERRA RICCO',16010,1
ISORELLE,16010,1
PINETA DI ARENZANO,16011,1
ARENZANO,16011,1
BUSALLA,16012,1
SARISSOLA,16012,1
CAMARZA,16012,1
CAMPO LIGURE,16013,1
CAMPOMORONE,16014,1
LANGASCO,16014,1
CERANESI,16014,1
PONTASSO,16014,1
GEO,16014,1
ISOVERDE,16014,1
SANTUARIO DELLA GUARDIA,16014,1
CASELLA,16015,1
SCIARBORASCA,16016,1
LERCA,16016,1
COGOLETO,16016,1
ISOLA DEL CANTONE,16017,1
MIGNANEGO,16018,1
BORGO FORNARI,16019,1
RONCO SCRIVIA,16019,1
FONTANAROSSA,16020,1
GORRETO,16020,1
FASCIA,16020,1
CASSINGHENO,16020,1
BARGAGLI,16021,1
DAVAGNA,16022,1
MECO,16022,1
SCOFFERA,16022,1
MORANEGO,16022,1
FONTANIGORDA,16023,1
CANALE FONTANIGORDA,16023,1
LUMARZO,16024,1
PONTE TREBBIA,16025,1
RONDANINA,16025,1
MONTEBRUNO,16025,1
TREFONTANE,16026,1
MONTOGGIO,16026,1
PROPATA,16027,1
ROVEGNO,16028,1
FASCIA DI CARLO,16029,1
TORRIGLIA,16029,1
LACCIO,16029,1
CASTIGLIONE CHIAVARESE,16030,1
USCIO,16030,1
SORI,16030,1
VELVA,16030,1
CAPRENO,16030,1
PIEVE LIGURE,16030,1
COGORNO,16030,1
TRIBOGNA,16030,1
CASARZA LIGURE,16030,1
CANEPA,16030,1
AVEGNO,16030,1
MONEGLIA,16030,1
ZOAGLI,16030,1
TESTANA,16030,1
COLONIA ARNALDI,16030,1
BOGLIASCO,16031,1
POGGIO FAVARO,16031,1
CAMOGLI,16032,1
SAN FRUTTUOSO DI CAMOGLI,16032,1
SAN ROCCO DI CAMOGLI,16032,1
RUTA,16032,1
LAVAGNA,16033,1
SAN MICHELE DI PAGANA,16035,1
RAPALLO,16035,1
RECCO,16036,1
SANTA MARGHERITA LIGURE,16038,1
SAN LORENZO DELLA COSTA,16038,1
PARAGGI,16038,1
SESTRI LEVANTE,16039,1
SANTA VITTORIA DI LIBIOLA,16039,1
RIVA TRIGOSO,16039,1
PILA SUL GROMOLO,16039,1
ISOLONA,16040,1
REPPIA,16040,1
STATALE,16040,1
COREGLIA LIGURE,16040,1
NE,16040,1
NEIRONE,16040,1
LEIVI,16040,1
CONSCENTI,16040,1
SAN COLOMBANO CERTENOLI,16040,1
CELESIA,16040,1
FAVALE DI MALVARO,16040,1
PIANDIFIENO,16040,1
CALVARI,16040,1
ROCCATAGLIATA,16040,1
PIAN DEI RATTI,16040,1
OGNIO,16040,1
BRIZZOLARA,16041,1
BORZONASCA,16041,1
BERTIGARO,16041,1
PRATO SOPRALACROCE,16041,1
GIAIETTE,16041,1
RIVAROLA,16042,1
CARASCO,16042,1
GRAVEGLIA,16042,1
SANT'ANDREA DI ROVERETO,16043,1
CAPERANA,16043,1
CHIAVARI,16043,1
CICAGNA,16044,1
MONLEONE,16044,1
LORSICA,16045,1
MEZZANEGO,16046,1
PASSO DEL BOCCO,16046,1
BORGONOVO LIGURE,16046,1
MOCONESI,16047,1
GATTORNA,16047,1
FERRADA,16047,1
REZZOAGLIO,16048,1
ALPEPIANA,16048,1
CABANNE,16048,1
PARAZZUOLO,16048,1
PRIOSA,16048,1
MAGNASCO,16048,1
SANTO STEFANO D'AVETO,16049,1
AMBORZASCO,16049,1
ALLEGREZZE,16049,1
BAVARI,16133,1
APPARIZIONE,16133,1
STAGLIENO,16137,1
MOLASSANA,16138,1
STURLA,16147,1
QUARTO DEI MILLE,16148,1
SAMPIERDARENA,16149,1
CAMPASSO,16151,1
CORNIGLIANO LIGURE,16152,1
CORONATA,16152,1
BORZOLI,16153,1
SESTRI PONENTE,16154,1
SAN GIOVANNI BATTISTA,16154,1
MULTEDO,16155,1
PEGLI,16155,1
PALMARO DI PRA',16157,1
VOLTRI,16158,1
FABBRICHE,16158,1
CERTOSA DI RIVAROLO LIGURE,16159,1
RIVAROLO LIGURE,16159,1
TEGLIA,16161,1
FEGINO,16161,1
BOLZANETO,16162,1
SAN QUIRICO IN VAL POLCEVERA,16163,1
PONTEDECIMO,16164,1
STRUPPA,16165,1
QUINTO AL MARE,16166,1
NERVI,16167,1
SANT'ILARIO LIGURE,16167,1
CERVO,18010,1
CARPASIO,18010,1
TERZORIO,18010,1
VILLA FARALDI,18010,1
AGAGGIO INFERIORE,18010,1
TRIORA,18010,1
BADALUCCO,18010,1
MONTALTO LIGURE,18010,1
BOSCOMARE,18010,1
SANTO STEFANO AL MARE,18010,1
RIVA FARALDI,18010,1
MOLINI DI TRIORA,18010,1
PIETRABRUNA,18010,1
SEBORGA,18012,1
BORGHETTO SAN NICOLO',18012,1
VALLEBONA,18012,1
BORDIGHERA,18012,1
PIANI DI BORGHETTO,18012,1
BORDIGHERA ALTA,18012,1
DIANO SAN PIETRO,18013,1
DIANO MARINA,18013,1
DIANO CASTELLO,18013,1
DIANO ARENTINO,18013,1
OSPEDALETTI,18014,1
RIVA LIGURE,18015,1
POMPEIANA,18015,1
SAN BARTOLOMEO AL MARE,18016,1
CIVEZZA,18017,1
CIPRESSA,18017,1
COSTARAINERA,18017,1
SAN LORENZO AL MARE,18017,1
LINGUEGLIETTA,18017,1
ARMA DI TAGGIA,18018,1
TAGGIA,18018,1
VALLECROSIA,18019,1
VALLECROSIA ALTA,18019,1
AURIGO,18020,1
LUCINASCO,18020,1
AQUILA DI ARROSCIA,18020,1
CARAVONICA,18020,1
BORGHETTO D'ARROSCIA,18020,1
BORGOMARO,18021,1
ARZENO D'ONEGLIA,18022,1
CESIO,18022,1
CARTARI,18022,1
COSIO DI ARROSCIA,18023,1
CASE DI NAVA,18024,1
PORNASSIO,18024,1
MENDATICA,18025,1
MONTEGROSSO PIAN LATTE,18025,1
PIEVE DI TECO,18026,1
REZZO,18026,1
VESSALICO,18026,1
CENOVA,18026,1
CHIUSANICO,18027,1
PONTEDASSIO,18027,1
CHIUSAVECCHIA,18027,1
AIROLE,18030,1
ROCCHETTA NERVINA,18030,1
CASTEL VITTORIO,18030,1
OLIVETTA SAN MICHELE,18030,1
BAJARDO,18031,1
PERINALDO,18032,1
CAMPOROSSO MARE,18033,1
CAMPOROSSO,18033,1
CERIANA,18034,1
ISOLABONA,18035,1
DOLCEACQUA,18035,1
APRICALE,18035,1
SOLDANO,18036,1
SAN BIAGIO DELLA CIMA,18036,1
PIGNA,18037,1
COLDIRODI,18038,1
BUSSANA,18038,1
SAN ROMOLO,18038,1
VEREZZO,18038,1
TRUCCO,18039,1
LATTE,18039,1
ROVERINO,18039,1
CALVO,18039,1
BEVERA,18039,1
SEALZA,18039,1
GRIMALDI DI VENTIMIGLIA,18039,1
VENTIMIGLIA,18039,1
BORGO PRIMO,18100,1
CARAMAGNA LIGURE,18100,1
CASTELVECCHIO DI SANTA MARIA MAGGIORE,18100,1
IMPERIA,18100,1
ONEGLIA,18100,1
PORTO MAURIZIO,18100,1
MAISSANA,19010,1
TORZA,19010,1
BONASSOLA,19011,1
CARRO,19012,1
DEIVA MARINA,19013,1
FRAMURA,19014,1
LEVANTO,19015,1
MONTEROSSO AL MARE,19016,1
MANAROLA,19017,1
RIOMAGGIORE,19017,1
VERNAZZA,19018,1
CORNIGLIA,19018,1
RICCO' DEL GOLFO DI SPEZIA,19020,1
VEPPO,19020,1
MADONNA DI BUONVIAGGIO,19020,1
PONZO' BOVECCHIO,19020,1
BRUGNATO,19020,1
SAN MARTINO DI DURASCA,19020,1
CEPARANA,19020,1
FORNOLA,19020,1
PIANA BATTOLLA,19020,1
VALDURASCA,19020,1
CAVANELLA VARA,19020,1
SESTA GODANO,19020,1
TIVEGNA,19020,1
VEZZANO LIGURE,19020,1
SUVERO,19020,1
BASTREMOLI,19020,1
MATTARANA,19020,1
PIANO DI FOLLO,19020,1
PIANO DI VALERIANO,19020,1
PIGNONE,19020,1
BOTTAGNA,19020,1
CARRODANO,19020,1
PONZO',19020,1
FOLLO,19020,1
ROCCHETTA DI VARA,19020,1
BORGHETTO DI VARA,19020,1
CALICE AL CORNOVIGLIO,19020,1
BEVERINO,19020,1
ZIGNAGO,19020,1
PIEVE DI ZIGNAGO,19020,1
PADIVARMA,19020,1
ROMITO MAGRA,19021,1
ARCOLA,19021,1
PORTOVENERE,19025,1
ISOLA PALMARIA,19025,1
LE GRAZIE VARIGNANO,19025,1
FEZZANO,19025,1
SAN PIETRO VARA,19028,1
SCURTABO',19028,1
VARESE LIGURE,19028,1
PORCIORASCO,19028,1
COMUNEGLIA,19028,1
FIUMARETTA,19030,1
MONTEMARCELLO,19031,1
AMEGLIA,19031,1
BOCCA DI MAGRA,19031,1
FIUMARETTA DI AMEGLIA,19031,1
TELLARO,19032,1
FIASCHERINO,19032,1
PUGLIOLA,19032,1
SAN TERENZO,19032,1
LERICI,19032,1
CASTELNUOVO MAGRA,19033,1
COLOMBIERA,19033,1
MOLICCIARA,19033,1
LUNI,19034,1
NICOLA,19034,1
LUNI MARE,19034,1
ORTONOVO,19034,1
ISOLA DI ORTONOVO,19034,1
CASANO,19034,1
PONZANO SUPERIORE,19037,1
PONZANO MAGRA,19037,1
SANTO STEFANO DI MAGRA,19037,1
SARZANA,19038,1
FALCINELLO,19038,1
MARINELLA DI SARZANA,19038,1
SARZANELLO,19038,1
FABIANO,19123,1
CHIAPPA,19123,1
PEGAZZANO,19123,1
CADIMARE,19131,1
BIASSA,19133,1
MARINASCO,19134,1
LA FOCE,19134,1
SAN VENERIO,19135,1
LIMONE,19136,1
TERMO,19136,1
PITELLI,19137,1
MUGGIANO,19139,1
MASSIMINO,12071,1
GIUSVALLA,17010,1
OSIGLIA,17010,1
ALBISOLA SUPERIORE,17011,1
ALBISOLA CAPO,17011,1
ALBISSOLA MARINA,17012,1
MURIALDO,17013,1
VALLE DI MURIALDO,17013,1
ROCCHETTA CAIRO,17014,1
BRAGNO,17014,1
FERRANIA,17014,1
SAN GIUSEPPE DI CAIRO,17014,1
CAIRO MONTENOTTE,17014,1
CELLE LIGURE,17015,1
ROCCAVIGNALE,17017,1
MILLESIMO,17017,1
COSSERIA,17017,1
FAIE,17019,1
VARAZZE,17019,1
ALPICELLA,17019,1
CALICE LIGURE,17020,1
STELLANELLO,17020,1
MAGLIOLO,17020,1
TESTICO,17020,1
RIALTO,17020,1
BARDINO NUOVO,17020,1
BALESTRINO,17020,1
TOVO SAN GIACOMO,17020,1
BARDINO VECCHIO,17020,1
MOGLIO,17021,1
ALASSIO,17021,1
BORGIO VEREZZI,17022,1
BORGIO,17022,1
CERIALE,17023,1
GORRA,17024,1
FINALE LIGURE,17024,1
FINALBORGO,17024,1
ORCO FEGLINO,17024,1
VARIGOTTI,17024,1
FEGLINO,17024,1
LOANO,17025,1
NOLI,17026,1
GIUSTENICE,17027,1
PIETRA LIGURE,17027,1
SPOTORNO,17028,1
BERGEGGI,17028,1
VEZZI PORTIO,17028,1
CASTELBIANCO,17030,1
ERLI,17030,1
NASINO,17030,1
LUSIGNANO,17031,1
LECA,17031,1
SAN FEDELE,17031,1
ALBENGA,17031,1
CAMPOCHIESA,17031,1
ARNASCO,17032,1
VENDONE,17032,1
GARLENDA,17033,1
CASANOVA LERRONE,17033,1
CASTELVECCHIO DI ROCCA BARBENA,17034,1
CISANO SUL NEVA,17035,1
POGLI,17037,1
ORTOVERO,17037,1
ONZO,17037,1
VILLANOVA D'ALBENGA,17038,1
ZUCCARELLO,17039,1
MIOGLIA,17040,1
ALTARE,17041,1
CADIBONA,17041,1
GIOVO LIGURE,17042,1
PONTINVREA,17042,1
PLODIO,17043,1
PIANI,17043,1
PALLARE,17043,1
CARCARE,17043,1
SAN MARTINO STELLA,17044,1
STELLA,17044,1
BORMIDA,17045,1
MALLARE,17045,1
SASSELLO,17046,1
PIAMPALUDO,17046,1
QUILIANO,17047,1
VALLEGGIA,17047,1
VADO LIGURE,17047,1
VARA SUPERIORE,17048,1
URBE,17048,1
VARA INFERIORE,17048,1
SAN PIETRO D'OLBA,17048,1
VARA,17048,1
OLBA,17048,1
MARINA DI ANDORA,17051,1
ANDORA,17051,1
BORGHETTO SANTO SPIRITO,17052,1
LAIGUEGLIA,17053,1
BOISSANO,17054,1
TOIRANO,17055,1
CENGIO,17056,1
CALIZZANO,17057,1
BARDINETO,17057,1
CARAGNA,17057,1
PIANA CRIXIA,17058,1
DEGO,17058,1
SAVONA,17100,1
SANTUARIO,17100,1
SANTUARIO DI SAVONA,17100,1
ZINOLA,17100,1
LAVAGNOLA,17100,1
LEGINO,17100,1
PETOSINO,24010,1
BRACCA,24010,1
LENNA,24010,1
BORDOGNA,24010,1
OLDA,24010,1
VALTORTA,24010,1
BOTTA,24010,1
AVERARA,24010,1
SORISOLE,24010,1
ALGUA,24010,1
SEDRINA,24010,1
VEDESETA,24010,1
DOSSENA,24010,1
ISOLA DI FONDRA,24010,1
OLMO AL BREMBO,24010,1
VALLEVE,24010,1
CAMERATA CORNELLO,24010,1
PONTERANICA,24010,1
MUGGIASCA,24010,1
CUSIO,24010,1
COSTA SERINA,24010,1
VALNEGRA,24010,1
UBIALE,24010,1
CASSIGLIO,24010,1
CARONA,24010,1
FOPPOLO,24010,1
UBIALE CLANEZZO,24010,1
BOTTA DI SEDRINA,24010,1
BLELLO,24010,1
MEZZOLDO,24010,1
BRANZI,24010,1
FONDRA,24010,1
MOIO DE' CALVI,24010,1
PIAZZATORRE,24010,1
PEGHERA,24010,1
ORNICA,24010,1
TALEGGIO,24010,1
RONCOBELLO,24010,1
PIAZZOLO,24010,1
CLANEZZO,24010,1
ALME',24011,1
GEROSA,24012,1
VAL BREMBILLA,24012,1
BREMBILLA,24012,1
LAXOLO,24012,1
OLTRE IL COLLE,24013,1
PIAZZA BREMBANA,24014,1
SAN GIOVANNI BIANCO,24015,1
SAN PELLEGRINO TERME,24016,1
SERINA,24017,1
CORNALBA,24017,1
VILLA D'ALME',24018,1
SPINO,24019,1
POSCANTE,24019,1
AMBRIA,24019,1
ZOGNO,24019,1
AZZONE,24020,1
PONTE SELVA,24020,1
DEZZO,24020,1
FINO DEL MONTE,24020,1
CERETE BASSO,24020,1
TRIBULINA,24020,1
CENE,24020,1
SONGAVAZZO,24020,1
ARDESIO,24020,1
VALGOGLIO,24020,1
PARRE,24020,1
PIARIO,24020,1
VILLA D'OGNA,24020,1
CASNIGO,24020,1
BONDIONE,24020,1
GORLE,24020,1
VILLA DI SERIO,24020,1
GORNO,24020,1
CANTONIERA DELLA PRESOLANA,24020,1
TORRE BOLDONE,24020,1
FIORANO AL SERIO,24020,1
ROVETTA,24020,1
NEGRONE,24020,1
VILMINORE DI SCALVE,24020,1
VILMINORE,24020,1
BOARIO,24020,1
RANICA,24020,1
PEIA,24020,1
CERETE,24020,1
ONETA,24020,1
OLTRESSENDA ALTA,24020,1
AVIATICO,24020,1
GANDELLINO,24020,1
FIUMENERO,24020,1
ROSCIATE,24020,1
GAVARNO,24020,1
SELVINO,24020,1
VALBONDIONE,24020,1
PREMOLO,24020,1
BRATTO,24020,1
GROMO,24020,1
COLZATE,24020,1
VILLASSIO,24020,1
PARRE PONTE SELVA,24020,1
ONORE,24020,1
CASTIONE DELLA PRESOLANA,24020,1
SCANZO,24020,1
PRADALUNGA,24020,1
SCHILPARIO,24020,1
COLERE,24020,1
LIZZOLA,24020,1
SAN LORENZO DI ROVETTA,24020,1
SCANZOROSCIATE,24020,1
COMENDUNO,24021,1
VALL'ALTA,24021,1
ALBINO,24021,1
BONDO PETELLO,24021,1
DESENZANO AL SERIO,24021,1
ALZANO LOMBARDO,24022,1
NESE,24022,1
CLUSONE,24023,1
GANDINO,24024,1
GAZZANIGA,24025,1
OREZZO,24025,1
LEFFE,24026,1
CAZZANO SANT'ANDREA,24026,1
GAVARNO RINNOVATA,24027,1
NEMBRO,24027,1
PONTE NOSSA,24028,1
VERTOVA,24029,1
TERNO D'ISOLA,24030,1
CAPRINO,24030,1
CAPRINO BERGAMASCO,24030,1
PALADINA,24030,1
PONTE GIURINO,24030,1
CAMONEONE,24030,1
STROZZA,24030,1
BEDULITA,24030,1
VALBREMBO,24030,1
CELANA,24030,1
MAPELLO,24030,1
CORNA IMAGNA,24030,1
PRESEZZO,24030,1
FUIPIANO VALLE IMAGNA,24030,1
CAPIZZONE,24030,1
LOCATELLO,24030,1
BARZANA,24030,1
CARVICO,24030,1
GROMLONGO,24030,1
MOZZO,24030,1
MEDOLAGO,24030,1
PONTIDA,24030,1
SCANO AL BREMBO,24030,1
PALAZZAGO,24030,1
BERBENNO,24030,1
BREMBATE DI SOPRA,24030,1
SOLZA,24030,1
RONCOLA,24030,1
ALMENNO SAN BARTOLOMEO,24030,1
COSTA VALLE IMAGNA,24030,1
AMBIVERE,24030,1
VILLA D'ADDA,24030,1
ALMENNO SAN SALVATORE,24031,1
CALUSCO D'ADDA,24033,1
CISANO BERGAMASCO,24034,1
CURNO,24035,1
BRUMANO,24037,1
ROTA D'IMAGNA,24037,1
CALCHERA,24037,1
VALSECCA,24038,1
MAZZOLENI,24038,1
SELINO BASSO,24038,1
SANT'OMOBONO TERME,24038,1
SOTTO IL MONTE GIOVANNI XXIII,24039,1
PIAZZA CADUTI,24039,1
LALLIO,24040,1
CASTEL ROZZONE,24040,1
BOTTANUCO,24040,1
SUISIO,24040,1
BONATE SOTTO,24040,1
BOLTIERE,24040,1
CANONICA D'ADDA,24040,1
ISSO,24040,1
MADONE,24040,1
POGNANO,24040,1
LEVATE,24040,1
CASIRATE D'ADDA,24040,1
PONTIROLO NUOVO,24040,1
ZINGONIA,24040,1
ARCENE,24040,1
BARBATA,24040,1
VERDELLINO,24040,1
ARZAGO D'ADDA,24040,1
FILAGO,24040,1
BONATE SOPRA,24040,1
CHIGNOLO D'ISOLA,24040,1
CISERANO,24040,1
COMUN NUOVO,24040,1
MISANO DI GERA D'ADDA,24040,1
GRUMELLO DEL PIANO,24040,1
OSIO SOPRA,24040,1
CALVENZANO,24040,1
STEZZANO,24040,1
PAGAZZANO,24040,1
FORNOVO SAN GIOVANNI,24040,1
BREMBATE,24041,1
CAPRIATE SAN GERVASIO,24042,1
CRESPI D'ADDA,24042,1
SAN GERVASIO D'ADDA,24042,1
MASANO,24043,1
CARAVAGGIO,24043,1
VIDALENGO,24043,1
SFORZATICA,24044,1
SABBIO BERGAMASCO,24044,1
DALMINE,24044,1
BADALASCO,24045,1
FARA GERA D'ADDA,24045,1
OSIO SOTTO,24046,1
GEROMINA,24047,1
CASTEL CERRETO,24047,1
TREVIGLIO,24047,1
TREVIOLO,24048,1
VERDELLO,24049,1
MORENGO,24050,1
GRASSOBBIO,24050,1
COVO,24050,1
CALCINATE,24050,1
GHISALBA,24050,1
ORIO AL SERIO,24050,1
PALOSCO,24050,1
ZANICA,24050,1
PUMENENGO,24050,1
BARIANO,24050,1
CIVIDATE AL PIANO,24050,1
MOZZANICA,24050,1
LURANO,24050,1
CORTENUOVA,24050,1
TORRE PALLAVICINA,24050,1
CAVERNAGO,24050,1
MORNICO AL SERIO,24050,1
SPIRANO,24050,1
ANTEGNATE,24051,1
AZZANO SAN PAOLO,24052,1
BRIGNANO GERA D'ADDA,24053,1
CALCIO,24054,1
COLOGNO AL SERIO,24055,1
MARTINENGO,24057,1
ROMANO DI LOMBARDIA,24058,1
SOLA,24058,1
FARA OLIVANA CON SOLA,24058,1
FARA OLIVANA,24058,1
BASELLA,24059,1
URGNANO,24059,1
CASTELLI CALEPIO,24060,1
TOLARI,24060,1
GAVERINA TERME,24060,1
SOVERE,24060,1
VIADANICA,24060,1
CASCO,24060,1
CREDARO,24060,1
CELATICA,24060,1
CHIUDUNO,24060,1
TORRE DE' ROVERI,24060,1
FORESTO SPARSO,24060,1
RIVA DI SOLTO,24060,1
VILLONGO,24060,1
PIANICO,24060,1
ENDINE,24060,1
BERZO SAN FERMO,24060,1
BRUSAPORTO,24060,1
CASAZZA,24060,1
GORLAGO,24060,1
CASTEL DE' CONTI,24060,1
ENDINE GAIANO,24060,1
CIVIDINO,24060,1
BORGO DI TERZO,24060,1
RANZANICO,24060,1
CAROBBIO DEGLI ANGELI,24060,1
VIGOLO,24060,1
BIANZANO,24060,1
ZANDOBBIO,24060,1
MONASTEROLO DEL CASTELLO,24060,1
ADRARA SAN ROCCO,24060,1
ENTRATICO,24060,1
BAGNATICA,24060,1
PARZANICA,24060,1
CENATE SOPRA,24060,1
SPINONE AL LAGO,24060,1
MONTELLO,24060,1
PIANGAIANO,24060,1
FONTENO,24060,1
ROGNO,24060,1
BOSSICO,24060,1
GANDOSSO,24060,1
VIGANO SAN MARTINO,24060,1
BOLGARE,24060,1
TELGATE,24060,1
SOLTO COLLINA,24060,1
ADRARA SAN MARTINO,24060,1
SAN PAOLO D'ARGON,24060,1
GRONE,24060,1
COSTA DI MEZZATE,24060,1
PREDORE,24060,1
TAVERNOLA BERGAMASCA,24060,1
ALBANO SANT'ALESSANDRO,24061,1
COSTA VOLPINO,24062,1
CASTRO,24063,1
FONDERIA DI LOVERE,24063,1
GRUMELLO DEL MONTE,24064,1
LOVERE,24065,1
PEDRENGO,24066,1
SARNICO,24067,1
CASSINONE,24068,1
SERIATE,24068,1
CENATE SOTTO,24069,1
TRESCORE BALNEARIO,24069,1
CENATE DI SOTTO,24069,1
VALTESSE,24123,1
REDONA,24124,1
COLOGNOLA AL PIANO,24126,1
MALPENSATA,24126,1
LONGUELO,24129,1
VISANO,25010,1
ISORELLA,25010,1
LIMONE SUL GARDA,25010,1
RIVOLTELLA,25010,1
CAMPIONE DEL GARDA,25010,1
SAN FELICE DEL BENACO,25010,1
CAMPIONE,25010,1
SAN MARTINO DELLA BATTAGLIA,25010,1
POZZOLENGO,25010,1
BORGOSATOLLO,25010,1
VESIO,25010,1
REMEDELLO,25010,1
TREMOSINE,25010,1
MONTIRONE,25010,1
REMEDELLO DI SOPRA,25010,1
REMEDELLO DI SOTTO,25010,1
SAN ZENO NAVIGLIO,25010,1
PONTE SAN MARCO,25011,1
CALCINATO,25011,1
CALCINATELLO,25011,1
MEZZANE,25012,1
CALVISANO,25012,1
CARPENEDOLO,25013,1
CASTENEDOLO,25014,1
DESENZANO DEL GARDA,25015,1
GHEDI,25016,1
ESENTA,25017,1
LONATO,25017,1
SEDENA,25017,1
MONTICHIARI,25018,1
VIGHIZZOLO,25018,1
NOVAGLI,25018,1
COLOMBARE DI SIRMIONE,25019,1
SIRMIONE,25019,1
FAVERZANO,25020,1
SCARPIZZOLO,25020,1
SENIGA,25020,1
PONCARALE,25020,1
AZZANO MELLA,25020,1
PRALBOINO,25020,1
BASSANO BRESCIANO,25020,1
CIGOLE,25020,1
OFFLAGA,25020,1
MILZANO,25020,1
ALFIANELLO,25020,1
CAPRIANO DEL COLLE,25020,1
QUINZANELLO,25020,1
SAN GERVASIO BRESCIANO,25020,1
FIESSE,25020,1
CIGNANO,25020,1
GAMBARA,25020,1
DELLO,25020,1
PAVONE DEL MELLA,25020,1
CORTICELLE PIEVE,25020,1
FLERO,25020,1
BAGNOLO MELLA,25021,1
MOTELLA,25022,1
BORGO SAN GIACOMO,25022,1
GOTTOLENGO,25023,1
PORZANO,25024,1
LENO,25024,1
CASTELLETTO DI LENO,25024,1
MANERBIO,25025,1
PONTEVICO,25026,1
QUINZANO D'OGLIO,25027,1
VEROLANUOVA,25028,1
VEROLAVECCHIA,25029,1
POMPIANO,25030,1
TORBOLE CASAGLIA,25030,1
CASTELCOVATI,25030,1
LONGHENA,25030,1
ROCCAFRANCA,25030,1
CIZZAGO,25030,1
LUDRIANO,25030,1
CASTREZZATO,25030,1
ERBUSCO,25030,1
CORZANO,25030,1
TORBIATO,25030,1
BERLINGO,25030,1
ZOCCO,25030,1
VILLA PEDERGNANO,25030,1
CASTEL MELLA,25030,1
ORZIVECCHI,25030,1
PARATICO,25030,1
RUDIANO,25030,1
VILLACHIARA,25030,1
MACLODIO,25030,1
COMEZZANO,25030,1
LOGRATO,25030,1
COSSIRANO,25030,1
COMEZZANO CIZZAGO,25030,1
PIEVEDIZIO,25030,1
COCCAGLIO,25030,1
TRENZANO,25030,1
BRANDICO,25030,1
BARBARIGA,25030,1
ADRO,25030,1
URAGO D'OGLIO,25030,1
CAPRIOLO,25031,1
CHIARI,25032,1
COLOGNE,25033,1
ORZINUOVI,25034,1
PALAZZOLO SULL'OGLIO,25036,1
PONTOGLIO,25037,1
ROVATO,25038,1
DUOMO,25038,1
LODETTO,25038,1
TRAVAGLIATO,25039,1
TIMOLINE,25040,1
CERVENO,25040,1
CORTE FRANCA,25040,1
BORGONATO,25040,1
SAVIORE DELL'ADAMELLO,25040,1
PLEMO,25040,1
FORNO D'ALLIONE,25040,1
BRAONE,25040,1
BIENNO,25040,1
LOZIO,25040,1
ANGOLO TERME,25040,1
BERZO DEMO,25040,1
MONNO,25040,1
NIGOLINE,25040,1
PARMEZZANA CALZANA,25040,1
INCUDINE,25040,1
MONTICELLI BRUSATI,25040,1
ARTOGNE,25040,1
CETO,25040,1
BONOMELLI,25040,1
SANTICOLO,25040,1
FORNO ALLIONE,25040,1
SACCA,25040,1
ONO SAN PIETRO,25040,1
MALONNO,25040,1
CORTENO GOLGI,25040,1
BADETTO,25040,1
PRESTINE,25040,1
CIVIDATE CAMUNO,25040,1
BERZO INFERIORE,25040,1
ESINE,25040,1
GIANICO,25040,1
BOARIO TERME,25041,1
ERBANNO,25041,1
BORNO,25042,1
PESCARZO,25043,1
BRENO,25043,1
ASTRIO,25043,1
CAPO DI PONTE,25044,1
CASTEGNATO,25045,1
CALINO,25046,1
CAZZAGO SAN MARTINO,25046,1
BORNATO,25046,1
PEDROCCA,25046,1
GORZONE,25047,1
DARFO BOARIO TERME,25047,1
DARFO,25047,1
CORTENEDOLO,25048,1
SONICO,25048,1
EDOLO,25048,1
PILZONE,25049,1
ISEO,25049,1
CLUSANE,25049,1
PONTE CINGOLI,25050,1
PADERNO FRANCIACORTA,25050,1
PASPARDO,25050,1
PROVEZZE,25050,1
STADOLINA,25050,1
PESCHIERA MARAGLIO,25050,1
PIAN CAMUNO,25050,1
OSSIMO INFERIORE,25050,1
CRIST,25050,1
OSSIMO SUPERIORE,25050,1
RODENGO SAIANO,25050,1
OSSIMO,25050,1
CAMIGNONE,25050,1
TEMU',25050,1
LOSINE,25050,1
PAISCO LOVENO,25050,1
NIARDO,25050,1
NOVELLE,25050,1
VIONE,25050,1
PONTAGNA,25050,1
PASSIRANO,25050,1
SELLERO,25050,1
CIMBERGO,25050,1
VALLE DI SAVIORE,25050,1
GRESINE,25050,1
MONTE ISOLA,25050,1
PROVAGLIO D'ISEO,25050,1
ZURANE,25050,1
SIVIANO,25050,1
OME,25050,1
CEDEGOLO,25051,1
PIANCOGNO,25052,1
COGNO,25052,1
PIAN DI BORNO,25052,1
ANNUNCIATA,25052,1
MALEGNO,25053,1
MARONE,25054,1
TOLINE,25055,1
PISOGNE,25055,1
GRATACASOLO,25055,1
PONTE DI LEGNO,25056,1
SALE MARASINO,25057,1
SULZANO,25058,1
VEZZA D'OGLIO,25059,1
PEZZAZE,25060,1
CELLATICA,25060,1
POLAVENO,25060,1
TAVERNOLE SUL MELLA,25060,1
LODRINO,25060,1
BROZZO,25060,1
COLLEBEATO,25060,1
FANTASINA,25060,1
MARMENTINO,25060,1
STRAVIGNINO,25060,1
LAVONE DI PEZZAZE,25060,1
MARCHENO,25060,1
LAVONE,25060,1
COLLIO,25060,1
GOMBIO,25060,1
BOVEGNO,25061,1
IRMA,25061,1
CONCESIO,25062,1
GARDONE VAL TROMPIA,25063,1
MAGNO,25063,1
GUSSAGO,25064,1
MANDOLOSSA,25064,1
LUMEZZANE,25065,1
LUMEZZANE SANT'APOLLONIO,25065,1
LUMEZZANE PIEVE,25065,1
SANT'APOLLONIO,25065,1
PONTE ZANANO,25068,1
ZANANO,25068,1
SAREZZO,25068,1
CARCINA,25069,1
VILLA CARCINA,25069,1
PERTICA ALTA,25070,1
GAZZANE,25070,1
PONTE CAFFARO,25070,1
PROVAGLIO VAL SABBIA,25070,1
SABBIO CHIESE,25070,1
BARGHE,25070,1
MURA,25070,1
ANFO,25070,1
PRESEGLIE,25070,1
TREVISO BRESCIANO,25070,1
CASTO,25070,1
LIVEMMO,25070,1
CAPOVALLE,25070,1
SAN FAUSTINO,25070,1
BIONE,25070,1
CAINO,25070,1
AGNOSINE,25071,1
BAGOLINO,25072,1
BOVEZZO,25073,1
IDRO,25074,1
CRONE,25074,1
LAVENONE,25074,1
ODOLO,25076,1
ROE' VOLCIANO,25077,1
ROE',25077,1
NOZZA,25078,1
VESTONE,25078,1
PERTICA BASSA,25078,1
FORNO D'ONO,25078,1
POMPEGNINO,25079,1
DEGAGNA,25079,1
VOBARNO,25079,1
CARPENEDA,25079,1
PAITONE,25080,1
MUSCOLINE,25080,1
GARDOLA,25080,1
NUVOLENTO,25080,1
MAGASA,25080,1
MOERNA,25080,1
SERLE,25080,1
NUVOLERA,25080,1
RAFFA,25080,1
PUEGNAGO SUL GARDA,25080,1
CARZAGO RIVIERA,25080,1
PADENGHE SUL GARDA,25080,1
TIGNALE,25080,1
CARZAGO DELLA RIVIERA,25080,1
MANERBA DEL GARDA,25080,1
MONIGA DEL GARDA,25080,1
VALLIO TERME,25080,1
POLPENAZZE DEL GARDA,25080,1
PREVALLE,25080,1
SOIANO,25080,1
SOIANO DEL LAGO,25080,1
VALVESTINO,25080,1
MAZZANO,25080,1
CALVAGESE DELLA RIVIERA,25080,1
CILIVERGHE,25080,1
BEDIZZOLE,25081,1
BOTTICINO SERA,25082,1
SAN GALLO,25082,1
BOTTICINO MATTINA,25082,1
GARDONE RIVIERA,25083,1
FASANO DEL GARDA,25083,1
MONTECUCCO,25083,1
NAVAZZO,25084,1
BOGLIACO,25084,1
GARGNANO,25084,1
GAVARDO,25085,1
SOPRAPONTE,25085,1
REZZATO,25086,1
VIRLE TREPONTI,25086,1
BARBARANO,25087,1
SALO',25087,1
MADERNO,25088,1
TOSCOLANO MADERNO,25088,1
BOSTONE,25089,1
VILLANUOVA SUL CLISI,25089,1
BETTOLE DI BUFFALORA,25129,1
MANDOLOSSA DI BRESCIA,25132,1
MOMPIANO,25133,1
CAIONVICO,25135,1
SANT'EUFEMIA DELLA FONTE,25135,1
STOCCHETTA,25136,1
GERA LARIO,22010,1
SANTA MARIA REZZONICO,22010,1
VAL REZZO,22010,1
COLONNO,22010,1
SAN PIETRO SOVERA,22010,1
GARZENO,22010,1
SANT'ABBONDIO,22010,1
VALSOLDA,22010,1
MOLTRASIO,22010,1
SALA COMACINA,22010,1
MEZZEGRA,22010,1
GERMASINO,22010,1
CAVARGNA,22010,1
ACQUASERIA,22010,1
SAN NAZZARO VAL CAVARGNA,22010,1
CONSIGLIO DI RUMO,22010,1
LIVO,22010,1
PLESIO,22010,1
CODOGNA,22010,1
ALBOGASIO,22010,1
GRANDOLA ED UNITI,22010,1
TREZZONE,22010,1
MUSSO,22010,1
CREMIA,22010,1
OSSUCCIO,22010,1
REZZONICO,22010,1
LAGLIO,22010,1
CORRIDO,22010,1
SORICO,22010,1
ARGEGNO,22010,1
CLAINO CON OSTENO,22010,1
CARLAZZO,22010,1
BENE LARIO,22010,1
CALOZZO,22010,1
PIANELLO DEL LARIO,22010,1
MONTEMEZZO,22010,1
DOSSO DEL LIRO,22010,1
BRIENNO,22010,1
SAN BARTOLOMEO VAL CAVARGNA,22010,1
URIO,22010,1
CUSINO,22010,1
CARATE URIO,22010,1
PEGLIO,22010,1
PIANO PORLEZZA,22010,1
GRIANTE,22011,1
CADENABBIA,22011,1
CERNOBBIO,22012,1
DOMASO,22013,1
VERCANA,22013,1
DONGO,22014,1
GRAVEDONA,22015,1
TREMEZZINA,22016,1
LENNO,22016,1
MENAGGIO,22017,1
CIMA,22018,1
PORLEZZA,22018,1
TREMEZZO,22019,1
SAN FERMO DELLA BATTAGLIA,22020,1
RAMPONIO VERNA,22020,1
CAMNAGO FALOPPIO,22020,1
NESSO,22020,1
BLEVIO,22020,1
OCCAGNO,22020,1
LEMNA,22020,1
POGNANA LARIO,22020,1
PARE',22020,1
BOSCONE,22020,1
PIGRA,22020,1
GAGGINO,22020,1
VELESO,22020,1
ZELBIO,22020,1
FAGGETO LARIO,22020,1
PELLIO INTELVI,22020,1
PONNA,22020,1
DIZZASCO,22020,1
PELLIO,22020,1
BIZZARONE,22020,1
TORNO,22020,1
LAINO,22020,1
CERANO D'INTELVI,22020,1
DREZZO,22020,1
FALOPPIO,22020,1
SAN GIOVANNI DI BELLAGIO,22021,1
CASASCO D'INTELVI,22022,1
CASTIGLIONE D'INTELVI,22023,1
LANZO D'INTELVI,22024,1
SCARIA,22024,1
LEZZENO,22025,1
MASLIANICO,22026,1
RONAGO,22027,1
BLESSAGNO,22028,1
SAN FEDELE INTELVI,22028,1
UGGIATE TREVANO,22029,1
MAGREGLIO,22030,1
CORNENO,22030,1
CAGLIO,22030,1
LASNIGO,22030,1
BARNI,22030,1
SORMANO,22030,1
REZZAGO,22030,1
PENZANO,22030,1
LONGONE AL SEGRINO,22030,1
CASTELMARTE,22030,1
ORSENIGO,22030,1
PUSIANO,22030,1
MONTORFANO,22030,1
EUPILIO,22030,1
PROSERPIO,22030,1
CASLINO D'ERBA,22030,1
LIPOMO,22030,1
CIVENNA,22030,1
ALBAVILLA,22031,1
ALBESE CON CASSANO,22032,1
ASSO,22033,1
BRUNATE,22034,1
CANZO,22035,1
ERBA,22036,1
ARCELLASCO,22036,1
PONTE LAMBRO,22037,1
TAVERNERIO,22038,1
SOLZAGO,22038,1
VALBRONA,22039,1
ANZANO DEL PARCO,22040,1
ALZATE BRIANZA,22040,1
FABBRICA DURINI,22040,1
LURAGO D'ERBA,22040,1
MONGUZZO,22040,1
NOBILE,22040,1
ALSERIO,22040,1
BRENNA,22040,1
GIRONICO AL PIANO,22041,1
GIRONICO,22041,1
COLVERDE,22041,1
CAVALLASCA,22042,1
SOLBIATE,22043,1
CAGNO,22043,1
INVERIGO,22044,1
ROMANO' BRIANZA,22044,1
CREMNAGO,22044,1
LAMBRUGO,22045,1
MERONE,22046,1
CUCCIAGO,22060,1
FIGINO SERENZA,22060,1
CAMPIONE D'ITALIA,22060,1
CABIATE,22060,1
MONTESOLARO,22060,1
CARIMATE,22060,1
CARUGO,22060,1
AROSIO,22060,1
NOVEDRATE,22060,1
CANTU',22063,1
CANTU' ASNAGO,22063,1
ASNAGO DI CANTU',22063,1
VIGHIZZOLO DI CANTU',22063,1
MIRABELLO DI CANTU',22063,1
CASCINA AMATA,22063,1
MARIANO COMENSE,22066,1
PERTICATO,22066,1
ROVELLASCA,22069,1
VENIANO,22070,1
LUISAGO,22070,1
FIGLIARO,22070,1
BREGNANO,22070,1
PUGINATE,22070,1
INTIMIANO,22070,1
CAPIAGO INTIMIANO,22070,1
MINOPRIO,22070,1
CARBONATE,22070,1
VERTEMATE CON MINOPRIO,22070,1
CAPIAGO,22070,1
GRANDATE,22070,1
PORTICHETTO,22070,1
CASNATE,22070,1
RODERO,22070,1
ALBIOLO,22070,1
MONTANO LUCINO,22070,1
CASANOVA LANZA,22070,1
OLTRONA DI SAN MAMETTE,22070,1
SENNA COMASCO,22070,1
BINAGO,22070,1
BULGAROGRASSO,22070,1
LIMIDO COMASCO,22070,1
LURAGO MARINONE,22070,1
CIRIMIDO,22070,1
ROVELLO PORRO,22070,1
LOCATE VARESINO,22070,1
BEREGAZZO,22070,1
BEREGAZZO CON FIGLIARO,22070,1
CASTELNUOVO BOZZENTE,22070,1
CASNATE CON BERNATE,22070,1
CASCINA RESTELLI,22070,1
GUANZATE,22070,1
FENEGRO',22070,1
VALMOREA,22070,1
APPIANO GENTILE,22070,1
CASSINA RIZZARDI,22070,1
CONCAGNO,22070,1
BULGORELLO,22071,1
CASLINO AL PIANO,22071,1
CADORAGO,22071,1
CERMENATE,22072,1
FINO MORNASCO,22073,1
LOMAZZO,22074,1
MANERA,22074,1
LURATE CACCIVIO,22075,1
MOZZATE,22076,1
OLGIATE COMASCO,22077,1
TURATE,22078,1
VILLA GUARDIA,22079,1
LORA,22100,1
CIVIGLIO,22100,1
MONTE OLIMPINO,22100,1
REBBIO,22100,1
CAMERLATA,22100,1
BRECCIA,22100,1
ALBATE,22100,1
CAMNAGO VOLTA,22100,1
PONTE CHIASSO,22100,1
SERGNANO,26010,1
PIANENGO,26010,1
SALVIROLA,26010,1
ROBECCO D'OGLIO,26010,1
CAMPAGNOLA CREMASCA,26010,1
CASALSIGONE,26010,1
POZZAGLIO ED UNITI,26010,1
CREMOSANO,26010,1
RIPALTA GUERINA,26010,1
CASALETTO VAPRIO,26010,1
MONTODINE,26010,1
CAPRALBA,26010,1
CASALE CREMASCO,26010,1
ZAPPELLO,26010,1
CHIEVE,26010,1
FIESCO,26010,1
CASALETTO CEREDANO,26010,1
BOLZONE,26010,1
RICENGO,26010,1
DOVERA,26010,1
MOSCAZZANO,26010,1
VAIANO CREMASCO,26010,1
OLMENETA,26010,1
RIPALTA NUOVA,26010,1
CAMISANO,26010,1
IZANO,26010,1
POZZAGLIO,26010,1
RIPALTA CREMASCA,26010,1
CREDERA RUBBIANO,26010,1
BAGNOLO CREMASCO,26010,1
AZZANELLO,26010,1
OFFANENGO,26010,1
CAPERGNANICA,26010,1
CORTE DE' FRATI,26010,1
RIPALTA ARPINA,26010,1
CASTELVISCONTI,26010,1
MONTE CREMASCO,26010,1
CASALE CREMASCO VIDOLASCO,26010,1
CREDERA,26010,1
CASTEL GABBIANO,26010,1
CASALBUTTANO ED UNITI,26011,1
CASALBUTTANO,26011,1
CASTELLEONE,26012,1
CREMA,26013,1
OMBRIANO,26013,1
SANTA MARIA DELLA CROCE,26013,1
SANTO STEFANO IN VAIRANO,26013,1
ROMANENGO,26014,1
CASALETTO DI SOPRA,26014,1
SORESINA,26015,1
SPINO D'ADDA,26016,1
TORLINO VIMERCATI,26017,1
QUINTANO,26017,1
TRESCORE CREMASCO,26017,1
PIERANICA,26017,1
TRIGOLO,26018,1
VAILATE,26019,1
CASALMORANO,26020,1
CUMIGNANO SUL NAVIGLIO,26020,1
MADIGNANO,26020,1
CAPPELLA CANTONE,26020,1
CORTE DE' CORTESI CON CIGNONE,26020,1
FENGO,26020,1
AGNADELLO,26020,1
GENIVOLTA,26020,1
ACQUANEGRA CREMONESE,26020,1
CROTTA D'ADDA,26020,1
SAN BASSANO,26020,1
GOMBITO,26020,1
PALAZZO PIGNANO,26020,1
TICENGO,26020,1
CIGNONE,26020,1
SCANNABUE,26020,1
CASCINE GANDINI,26020,1
FORMIGARA,26020,1
CORTE DE' CORTESI,26020,1
SPINADESCO,26020,1
BORDOLANO,26020,1
BARZANIGA,26021,1
ANNICCO,26021,1
SAN MARTINO IN BELISETO,26022,1
CASTELVERDE,26022,1
COSTA SANT'ABRAMO,26022,1
GRUMELLO CREMONESE ED UNITI,26023,1
GRUMELLO CREMONESE,26023,1
PADERNO PONCHIELLI,26024,1
NOSADELLO,26025,1
PANDINO,26025,1
ROGGIONE,26026,1
REGONA,26026,1
PIZZIGHETTONE,26026,1
RIVOLTA D'ADDA,26027,1
SESTO ED UNITI,26028,1
SESTO CREMONESE,26028,1
CASANOVA DEL MORBASCO,26028,1
SONCINO,26029,1
GALLIGNANO,26029,1
GABBIONETA BINANUOVA,26030,1
TORNATA,26030,1
ARDOLE SAN MARINO,26030,1
VOLTIDO,26030,1
CALVATONE,26030,1
CASTELDIDONE,26030,1
GADESCO PIEVE DELMONA,26030,1
CICOGNOLO,26030,1
CAPPELLA DE' PICENARDI,26030,1
PESSINA CREMONESE,26030,1
GABBIONETA,26030,1
MALAGNINO,26030,1
CA' DE' MARI,26030,1
SOLAROLO RAINERIO,26030,1
VOLONGO,26030,1
BINANUOVA,26030,1
ISOLA DOVARESE,26031,1
OSTIANO,26032,1
PESCAROLO ED UNITI,26033,1
PESCAROLO,26033,1
PIEVE TERZAGNI,26033,1
PIADENA,26034,1
DRIZZONA,26034,1
PIEVE SAN GIACOMO,26035,1
RIVAROLO DEL RE,26036,1
RIVAROLO DEL RE ED UNITI,26036,1
SAN GIOVANNI IN CROCE,26037,1
SAN LORENZO DE' PICENARDI,26038,1
TORRE DE' PICENARDI,26038,1
CA' D'ANDREA,26038,1
VESCOVATO,26039,1
CA' DE' STEFANI,26039,1
CASTELPONZONE,26040,1
SCANDOLARA RAVARA,26040,1
DEROVERE,26040,1
BONEMERSE,26040,1
SAN MARTINO DEL LAGO,26040,1
GERRE DE' CAPRIOLI,26040,1
PIEVE D'OLMI,26040,1
CELLA DATI,26040,1
GUSSOLA,26040,1
TORRICELLA DEL PIZZO,26040,1
MARTIGNANA DI PO,26040,1
VICOBONEGHISIO,26041,1
QUATTROCASE,26041,1
VICOBELLIGNANO,26041,1
AGOIOLO,26041,1
VICOMOSCANO,26041,1
CASALBELLOTTO,26041,1
CASALMAGGIORE,26041,1
CINGIA DE' BOTTI,26042,1
PERSICHELLO,26043,1
PERSICO DOSIMO,26043,1
DOSIMO,26043,1
GRONTARDO,26044,1
MOTTA BALUFFI,26045,1
SAN DANIELE PO,26046,1
SCANDOLARA RIPA D'OGLIO,26047,1
SOSPIRO,26048,1
STAGNO LOMBARDO,26049,1
CREMONA,26100,1
MARISTELLA,26100,1
CAVA TIGOZZI,26100,1
ROSSINO,23801,1
CALOLZIOCORTE,23801,1
CARENNO,23802,1
MONTE MARENZO,23804,1
ERVE,23805,1
FAVIRANO,23806,1
TORRE DE' BUSI,23806,1
CASSINA FRA MARTINO,23807,1
MERATE,23807,1
VERCURAGO,23808,1
BALLABIO,23811,1
MORTERONE,23811,1
BINDO,23813,1
CORTENOVA,23813,1
MAGGIO,23814,1
CREMENO,23814,1
INTROBIO,23815,1
BARZIO,23816,1
MOGGIO,23817,1
CASSINA VALSASSINA,23817,1
PASTURO,23818,1
PRIMALUNA,23819,1
CORTABBIO,23819,1
ABBADIA LARIANA,23821,1
CREBBIO,23821,1
VESTRENO,23822,1
BELLANO,23822,1
COLICO,23823,1
COLICO PIANO,23823,1
DORIO,23824,1
DERVIO,23824,1
ESINO LARIO,23825,1
MANDELLO DEL LARIO,23826,1
LIERNA,23827,1
PERLEDO,23828,1
FIUMELATTE,23829,1
VARENNA,23829,1
CASARGO,23831,1
CRANDOLA VALSASSINA,23832,1
MARGNO,23832,1
PAGNONA,23833,1
PREMANA,23834,1
SUEGLIO,23835,1
INTROZZO,23835,1
TREMENICO,23836,1
TACENO,23837,1
PARLASCO,23837,1
VENDROGNO,23838,1
ANNONE DI BRIANZA,23841,1
BOSISIO PARINI,23842,1
DOLZAGO,23843,1
SIRONE,23844,1
COSTA MASNAGA,23845,1
CAMISASCA,23845,1
BRONGIO,23846,1
GARBAGNATE MONASTERO,23846,1
MOLTENO,23847,1
OGGIONO,23848,1
ELLO,23848,1
CASLETTO,23849,1
ROGENO,23849,1
SALA AL BARRO,23851,1
VERGANO VILLA,23851,1
GALBIATE,23851,1
GARLATE,23852,1
OLGINATE,23854,1
PESCATE,23855,1
VALGREGHENTINO,23857,1
CESANA BRIANZA,23861,1
CIVATE,23862,1
MALGRATE,23864,1
OLIVETO LARIO,23865,1
LIMONTA,23865,1
ONNO,23865,1
SUELLO,23867,1
VALMADRERA,23868,1
CERNUSCO LOMBARDONE,23870,1
LOMAGNA,23871,1
MARESSO,23873,1
MISSAGLIA,23873,1
MONTEVECCHIA,23874,1
OSNAGO,23875,1
MONTICELLO BRIANZA,23876,1
PADERNO D'ADDA,23877,1
VERDERIO SUPERIORE,23878,1
VERDERIO INFERIORE,23879,1
VERDERIO,23879,1
CASATENOVO,23880,1
GALGIANA,23880,1
CAMPOFIORENZO,23880,1
CALIFORNIA,23880,1
RIMOLDO,23880,1
VALAPERTA,23880,1
AIRUNO,23881,1
BEVERATE,23883,1
BRIVIO,23883,1
CARAVERIO,23884,1
CASTELLO DI BRIANZA,23884,1
CALCO,23885,1
ARLATE,23885,1
COLLE BRIANZA,23886,1
OLGIATE MOLGORA,23887,1
CANOVA,23887,1
LA VALLETTA BRIANZA,23888,1
ROVAGNATE,23888,1
PEREGO,23888,1
SANTA MARIA HOE',23889,1
BARZAGO,23890,1
BARZANO',23891,1
BULCIAGO,23892,1
CASSAGO BRIANZA,23893,1
CREMELLA,23894,1
CIBRONE,23895,1
TABIAGO,23895,1
NIBIONNO,23895,1
BEVERA DI SIRTORI,23896,1
SIRTORI,23896,1
VIGANO',23897,1
IMBERSAGO,23898,1
ROBBIATE,23899,1
LECCO,23900,1
BOFFALORA D'ADDA,26811,1
BORGHETTO LODIGIANO,26812,1
GRAFFIGNANA,26813,1
LIVRAGA,26814,1
MOTTA VIGANA,26815,1
MASSALENGO,26815,1
OSSAGO LODIGIANO,26816,1
VILLANOVA DEL SILLARO,26818,1
BARGANO,26818,1
BERTONICO,26821,1
BREMBIO,26822,1
CASTIGLIONE D'ADDA,26823,1
CAMAIRAGO,26823,1
CAVENAGO D'ADDA,26824,1
BASIASCO,26825,1
MAIRAGO,26825,1
SECUGNAGO,26826,1
TERRANOVA DEI PASSERINI,26827,1
TURANO LODIGIANO,26828,1
MELEGNANELLO,26828,1
COLOGNO,26831,1
CASALMAIOCCO,26831,1
CERVIGNANO D'ADDA,26832,1
GALGAGNANO,26832,1
COMAZZO,26833,1
MERLINO,26833,1
TERRAVERDE,26834,1
CADILANA,26834,1
CORTE PALASIO,26834,1
ABBADIA CERRETO,26834,1
CRESPIATICA,26835,1
MONTANASO LOMBARDO,26836,1
CASSINO D'ALBERI,26837,1
QUARTIANO,26837,1
VILLAVESCO,26838,1
TAVAZZANO,26838,1
TAVAZZANO CON VILLAVESCO,26838,1
ZELO BUON PERSICO,26839,1
CASALPUSTERLENGO,26841,1
ZORLESCO,26841,1
CASELLE LANDI,26842,1
CORNOVECCHIO,26842,1
MACCASTORNA,26843,1
MELETI,26843,1
CASTELNUOVO BOCCA D'ADDA,26843,1
CAVACURTA,26844,1
CODOGNO,26845,1
CORNO GIOVINE,26846,1
MALEO,26847,1
SAN FIORANO,26848,1
SANTO STEFANO LODIGIANO,26849,1
BORGO SAN GIOVANNI,26851,1
CASALETTO LODIGIANO,26852,1
CASELLE LURANI,26853,1
CORNEGLIANO LAUDENSE,26854,1
PIEVE FISSIRAGA,26854,1
MUZZA SANT'ANGELO,26854,1
LODI VECCHIO,26855,1
SENNA LODIGIANA,26856,1
SALERANO SUL LAMBRO,26857,1
SORDIO,26858,1
VALERA FRATTA,26859,1
FOMBIO,26861,1
RETEGNO,26861,1
GUARDAMIGLIO,26862,1
ORIO LITTA,26863,1
OSPEDALETTO LODIGIANO,26864,1
SAN ROCCO AL PORTO,26865,1
SANT'ANGELO LODIGIANO,26866,1
VIDARDO,26866,1
CASTIRAGA VIDARDO,26866,1
MARUDO,26866,1
SOMAGLIA,26867,1
SAN MARTINO PIZZOLANO,26867,1
LODI,26900,1
SAN GRATO,26900,1
CASSINA SAVINA,20811,1
VILLAGGIO SNIA,20811,1
BINZAGO,20811,1
CESANO MADERNO,20811,1
VILLAGGIO DEI GIOVI,20812,1
VILLAGGIO DEL SOLE,20812,1
LIMBIATE,20812,1
BOVISIO,20813,1
BOVISIO-MASCIAGO,20813,1
MASCIAGO,20813,1
VALERA,20814,1
VAREDO,20814,1
COGLIATE,20815,1
DAL POZZO,20816,1
CERIANO LAGHETTO,20816,1
MEDA,20821,1
SEVESO,20822,1
BARUCCANA,20822,1
CIMNAGO,20823,1
LENTATE SUL SEVESO,20823,1
LAZZATE,20824,1
BARLASSINA,20825,1
MISINTO,20826,1
CASCINA NUOVA,20826,1
SEREGNO,20831,1
DESIO,20832,1
ROBBIANO DI GIUSSANO,20833,1
PAINA,20833,1
GIUSSANO,20833,1
NOVA MILANESE,20834,1
MUGGIO',20835,1
TACCONA,20835,1
BRIOSCO,20836,1
CAPRIANO,20836,1
VEDUGGIO CON COLZANO,20837,1
RENATE,20838,1
AGLIATE,20841,1
CARATE BRIANZA,20841,1
BESANA IN BRIANZA,20842,1
VILLA RAVERIO,20842,1
ZOCCORINO,20842,1
VERANO BRIANZA,20843,1
TRIUGGIO,20844,1
TREGASIO,20844,1
SOVICO,20845,1
MACHERIO,20846,1
ALBIATE,20847,1
LISSONE,20851,1
VILLASANTA,20852,1
BIASSONO,20853,1
VEDANO AL LAMBRO,20854,1
LESMO,20855,1
PEREGALLO,20855,1
CORREZZANA,20856,1
CAMPARADA,20857,1
BRUGHERIO,20861,1
ARCORE,20862,1
CONCOREZZO,20863,1
AGRATE BRIANZA,20864,1
OMATE,20864,1
VELATE,20865,1
USMATE VELATE,20865,1
CARNATE,20866,1
CAPONAGO,20867,1
VIMERCATE,20871,1
ORENO,20871,1
VELASCA,20871,1
COLNAGO,20872,1
PORTO D'ADDA,20872,1
CORNATE D'ADDA,20872,1
CAVENAGO DI BRIANZA,20873,1
BUSNAGO,20874,1
BURAGO DI MOLGORA,20875,1
ORNAGO,20876,1
RONCELLO,20877,1
BERNAREGGIO,20881,1
BELLUSCO,20882,1
MEZZAGO,20883,1
SULBIATE,20884,1
RONCO BRIANTINO,20885,1
AICURZIO,20886,1
INVERUNO,20001,1
OSSONA,20002,1
CASOREZZO,20003,1
ARLUNO,20004,1
POGLIANO MILANESE,20005,1
PREGNANA MILANESE,20006,1
CORNAREDO,20007,1
BAREGGIO,20008,1
VITTUONE,20009,1
MESERO,20010,1
SANTO STEFANO TICINO,20010,1
FURATO,20010,1
BERNATE TICINO,20010,1
BOFFALORA SOPRA TICINO,20010,1
MANTEGAZZA,20010,1
MARCALLO CON CASONE,20010,1
CASATE,20010,1
BUSCATE,20010,1
ROGOROTTO,20010,1
SAN PIETRO ALL'OLMO,20010,1
BATTUELLO,20011,1
CORBETTA,20011,1
CERELLO,20011,1
CUGGIONO,20012,1
MAGENTA,20013,1
SANT'ILARIO MILANESE,20014,1
NERVIANO,20014,1
PARABIAGO,20015,1
VILLASTANZA,20015,1
CERCHIATE,20016,1
MAZZO MILANESE,20017,1
TERRAZZANO,20017,1
LUCERNATE,20017,1
PASSIRANA,20017,1
RHO,20017,1
SEDRIANO,20018,1
VIGHIGNOLO,20019,1
SETTIMO MILANESE,20019,1
VILLAGGIO BROLLO,20020,1
BIENATE,20020,1
CASCINA NUOVA DI MISINTO,20020,1
VANZAGHELLO,20020,1
ARCONATE,20020,1
BARBAIANA,20020,1
MAGNAGO,20020,1
NOSATE,20020,1
ROBECCHETTO CON INDUNO,20020,1
CASSINA NUOVA,20021,1
BARANZATE,20021,1
BOLLATE,20021,1
CASTANO PRIMO,20022,1
CERRO MAGGIORE,20023,1
VILLAGGIO GARBAGNATE,20024,1
GARBAGNATE MILANESE,20024,1
LEGNANO,20025,1
NOVATE MILANESE,20026,1
RESCALDINA,20027,1
RESCALDA,20027,1
SAN VITTORE OLONA,20028,1
TURBIGO,20029,1
SENAGO,20030,1
CESATE,20031,1
CORMANO,20032,1
BRUSUGLIO,20032,1
SOLARO,20033,1
SAN GIORGIO SU LEGNANO,20034,1
VILLA CORTESE,20035,1
DAIRAGO,20036,1
PADERNO DUGNANO,20037,1
PALAZZOLO MILANESE,20037,1
BUSTO GAROLFO,20038,1
CANEGRATE,20039,1
VELATE MILANESE,20040,1
TORRAZZA DEI MANDELLI,20040,1
CAMBIAGO,20040,1
BUSSERO,20041,1
PESSANO CON BORNAGO,20042,1
VANZAGO,20043,1
ARESE,20044,1
LAINATE,20045,1
CISLIANO,20046,1
CUSAGO,20047,1
PANTIGLIATE,20048,1
SETTALA,20049,1
LISCATE,20050,1
CASSINA DE' PECCHI,20051,1
VIGNATE,20052,1
RODANO,20053,1
SEGRATE,20054,1
VIMODRONE,20055,1
TREZZO SULL'ADDA,20056,1
CONCESA,20056,1
GREZZAGO,20056,1
ASSAGO,20057,1
ZIBIDO SAN GIACOMO,20058,1
CASARILE,20059,1
TRECELLA,20060,1
BELLINZAGO LOMBARDO,20060,1
TRIGINTO,20060,1
ALBIGNANO,20060,1
POZZUOLO MARTESANA,20060,1
POZZO D'ADDA,20060,1
ALBIGNANO D'ADDA,20060,1
MOMBRETTO,20060,1
BORNAGO,20060,1
TRUCCAZZANO,20060,1
BALBIANO,20060,1
BETTOLA DI POZZO D'ADDA,20060,1
MASATE,20060,1
BUSTIGHERA,20060,1
SANT'AGATA MARTESANA,20060,1
GESSATE,20060,1
TREZZANO ROSA,20060,1
VILLA FORNACI,20060,1
BASIANO,20060,1
CARUGATE,20061,1
CASSANO D'ADDA,20062,1
CASCINE SAN PIETRO,20062,1
GROPPELLO D'ADDA,20062,1
CERNUSCO SUL NAVIGLIO,20063,1
GORGONZOLA,20064,1
INZAGO,20065,1
MELZO,20066,1
PAULLO,20067,1
TRIBIANO,20067,1
PESCHIERA BORROMEO,20068,1
MEZZATE,20068,1
LINATE,20068,1
ZELOFOROMAGNO,20068,1
LINATE PAESE,20068,1
SAN BOVIO,20068,1
VAPRIO D'ADDA,20069,1
DRESANO,20070,1
VILLA BISSONE,20070,1
SARMAZZANO,20070,1
RIOZZO,20070,1
VIZZOLO PREDABISSI,20070,1
SAN ZENONE AL LAMBRO,20070,1
CERRO AL LAMBRO,20070,1
VERMEZZO,20071,1
ZELO SURRIGONE,20071,1
PIEVE EMANUELE,20072,1
OPERA,20073,1
CARPIANO,20074,1
COLTURANO,20075,1
MEDIGLIA,20076,1
MELEGNANO,20077,1
SAN COLOMBANO AL LAMBRO,20078,1
BASIGLIO,20079,1
BADILE,20080,1
BESATE,20080,1
CALVIGNASCO,20080,1
SAN PIETRO CUSICO,20080,1
ALBAIRATE,20080,1
OZZERO,20080,1
VERNATE,20080,1
MONCUCCO,20080,1
BUBBIANO,20080,1
MOIRAGO,20080,1
PASTURAGO,20080,1
MORIMONDO,20081,1
CASSINETTA DI LUGAGNANO,20081,1
ABBIATEGRASSO,20081,1
BINASCO,20082,1
NOVIGLIO,20082,1
SANTA CORINNA,20082,1
VIGANO,20083,1
GAGGIANO,20083,1
LACCHIARELLA,20084,1
LOCATE DI TRIULZI,20085,1
MOTTA VISCONTI,20086,1
CASTERNO,20087,1
ROBECCO SUL NAVIGLIO,20087,1
CASTELLAZZO DE' BARZI,20087,1
GUDO VISCONTI,20088,1
ROSATE,20088,1
QUINTO DE STAMPI,20089,1
ROZZANO,20089,1
CESANO BOSCONE,20090,1
TREGAREZZO,20090,1
NOVEGRO,20090,1
ROMANO BANCO,20090,1
NOVERASCO,20090,1
SPORTING MIRASOLE,20090,1
TREZZANO SUL NAVIGLIO,20090,1
CALEPPIO,20090,1
LINATE AEROPORTO,20090,1
FIZZONASCO,20090,1
PREMENUGO,20090,1
MONZORO,20090,1
ZINGONE DI TREZZANO SUL NAVIGLIO,20090,1
MILLEPINI,20090,1
ZINGONE,20090,1
BUCCINASCO,20090,1
BRESSO,20091,1
CINISELLO BALSAMO,20092,1
COLOGNO MONZESE,20093,1
SAN MAURIZIO AL LAMBRO,20093,1
CORSICO,20094,1
MILANINO,20095,1
CUSANO MILANINO,20095,1
LIMITO,20096,1
PIOLTELLO,20096,1
SORIGHERIO,20097,1
METANOPOLI,20097,1
POASCO,20097,1
SAN DONATO MILANESE,20097,1
SESTO ULTERIANO,20098,1
SAN GIULIANO MILANESE,20098,1
BORGO LOMBARDO,20098,1
SESTO SAN GIOVANNI,20099,1
PRECOTTO,20125,1
GORLA,20125,1
GRECO,20125,1
CRESCENZAGO,20127,1
LAMBRATE,20134,1
CHIARAVALLE MILANESE,20139,1
GRATOSOGLIO,20142,1
BARONA,20143,1
MUSOCCO,20151,1
BAGGIO,20152,1
TRENNO,20153,1
FIGINO,20153,1
VIALBA,20157,1
QUARTO OGGIARO,20157,1
AFFORI,20161,1
BRUZZANO,20161,1
NIGUARDA,20162,1
CASATICO,46010,1
CAMPITELLO,46010,1
VILLAGGIO EREMO,46010,1
COMMESSAGGIO,46010,1
CANICOSSA,46010,1
CURTATONE,46010,1
BUSCOLDO,46010,1
CESOLE,46010,1
REDONDESCO,46010,1
SAN MARTINO DALL'ARGINE,46010,1
GAZZUOLO,46010,1
SAN MICHELE IN BOSCO,46010,1
MARIANA MANTOVANA,46010,1
MARCARIA,46010,1
ACQUANEGRA SUL CHIESE,46011,1
MOSIO,46011,1
BOZZOLO,46012,1
CANNETO SULL'OGLIO,46013,1
SARGINESCO,46014,1
CASTELLUCCHIO,46014,1
OSPITALETTO MANTOVANO,46014,1
CIVIDALE MANTOVANO,46017,1
RIVAROLO MANTOVANO,46017,1
SABBIONETA,46018,1
VILLA PASQUALI,46018,1
PONTETERRA,46018,1
BREDA CISONI,46018,1
BELLAGUARDA,46019,1
CIZZOLO,46019,1
BUZZOLETTO,46019,1
CICOGNARA,46019,1
SAN MATTEO DELLE CHIAVICHE,46019,1
VILLA SAVIOLA,46020,1
VILLA POMA,46020,1
PEGOGNAGA,46020,1
MOTTEGGIANA,46020,1
PIEVE DI CORIANO,46020,1
QUINGENTOLE,46020,1
MAGNACAVALLO,46020,1
POLESINE,46020,1
SCHIVENOGLIA,46020,1
SAN GIOVANNI DEL DOSSO,46020,1
SAN GIACOMO DELLE SEGNATE,46020,1
CARBONARA DI PO,46021,1
BORGOFRANCO SUL PO,46021,1
FELONICA,46022,1
PALIDANO,46023,1
BONDENO DI GONZAGA,46023,1
GONZAGA,46023,1
MOGLIA,46024,1
BONDANELLO,46024,1
POGGIO RUSCO,46025,1
QUISTELLO,46026,1
NUVOLATO,46026,1
PORTIOLO,46027,1
SAN BENEDETTO PO,46027,1
MIRASOLE,46027,1
SERMIDE,46028,1
MOGLIA DI SERMIDE,46028,1
CAPOSOTTO,46028,1
MALCANTONE,46028,1
SAILETTO,46029,1
TABELLANO,46029,1
BRUSATASSO,46029,1
SUZZARA,46029,1
RIVA,46029,1
DOSOLO,46030,1
LIBIOLA,46030,1
SACCHETTA,46030,1
POMPONESCO,46030,1
SUSTINENTE,46030,1
CORREGGIOVERDE,46030,1
CA' VECCHIA,46030,1
MOTTELLA,46030,1
SERRAVALLE A PO,46030,1
TRIPOLI,46030,1
VILLANOVA DE BELLIS,46030,1
SAN NICOLO' PO,46031,1
BAGNOLO SAN VITO,46031,1
CASTELBELFORTE,46032,1
CASTEL D'ARIO,46033,1
BOCCADIGANDA,46034,1
VIRGILIO,46034,1
CERESE,46034,1
PIETOLE,46034,1
ROMANORE,46034,1
BORGO VIRGILIO,46034,1
CORREGGIOLI,46035,1
OSTIGLIA,46035,1
REVERE,46036,1
VILLA GARIBALDI,46037,1
PONTEMERLANO,46037,1
GOVERNOLO,46037,1
RONCOFERRARO,46037,1
BORGO CASTELLETTO,46037,1
BARBASSO,46037,1
VILLIMPENTA,46039,1
FONTANELLA GRAZIOLI,46040,1
GAZOLDO DEGLI IPPOLITI,46040,1
PONTI SUL MINCIO,46040,1
PIUBEGA,46040,1
CERESARA,46040,1
SOLFERINO,46040,1
RIVALTA SUL MINCIO,46040,1
CASALMORO,46040,1
MONZAMBANO,46040,1
CASALOLDO,46040,1
CASALROMANO,46040,1
GUIDIZZOLO,46040,1
CAVRIANA,46040,1
RODIGO,46040,1
BARCHI DI ASOLA,46041,1
ASOLA,46041,1
CASTELNUOVO ASOLANO,46041,1
CASTEL GOFFREDO,46042,1
CASTIGLIONE DELLE STIVIERE,46043,1
GOZZOLINA,46043,1
GOITO,46044,1
CERLONGO,46044,1
POZZOLO,46045,1
MARENGO,46045,1
MEDOLE,46046,1
SOAVE MANTOVANO,46047,1
PORTO MANTOVANO,46047,1
PELLALOCO,46048,1
ROVERBELLA,46048,1
CANEDOLE,46048,1
CASTIGLIONE MANTOVANO,46048,1
VOLTA MANTOVANA,46049,1
CERETA,46049,1
SAN GIORGIO DI MANTOVA,46051,1
BIGARELLO,46051,1
LUNETTA,46100,1
FRASSINO MANTOVANO,46100,1
MANTOVA,46100,1
BORGOVIRGILIANA,46100,1
FORMIGOSA,46100,1
SPESSA,27010,1
TURAGO BORDONE,27010,1
MONTICELLI PAVESE,27010,1
MARZANO,27010,1
GIUSSAGO,27010,1
LINAROLO,27010,1
MONTELEONE,27010,1
INVERNO E MONTELEONE,27010,1
CERANOVA,27010,1
GUINZANO,27010,1
ALBUZZANO,27010,1
MAGHERNO,27010,1
ROGNANO,27010,1
VIGONZONE,27010,1
VISTARINO,27010,1
TORREVECCHIA PIA,27010,1
BASCAPE',27010,1
GIOVENZANO,27010,1
CURA CARPIGNANO,27010,1
VALLE SALIMBENE,27010,1
SIZIANO,27010,1
MIRADOLO TERME,27010,1
FILIGHERA,27010,1
INVERNO,27010,1
MOTTA SAN DAMIANO,27010,1
GERENZAGO,27010,1
COPIANO,27010,1
RONCARO,27010,1
ZECCONE,27010,1
BADIA PAVESE,27010,1
BORGARELLO,27010,1
SAN LEONARDO DI LINAROLO,27010,1
VELLEZZO BELLINI,27010,1
BORNASCO,27010,1
COSTA DE' NOBILI,27010,1
SANTA CRISTINA E BISSONE,27010,1
SAN GENESIO ED UNITI,27010,1
SAN ZENONE AL PO,27010,1
CAMPORINALDO,27010,1
TORRE D'ARESE,27010,1
TORRE DE' NEGRI,27011,1
BELGIOIOSO,27011,1
TORRE DEL MANGANO,27012,1
CERTOSA DI PAVIA,27012,1
TORRIANO,27012,1
LAMBRINIA,27013,1
CHIGNOLO PO,27013,1
CORTEOLONA,27014,1
GENZONE,27014,1
LANDRIANO,27015,1
SANT'ALESSIO CON VIALONE,27016,1
LARDIRAGO,27016,1
ZERBO,27017,1
PIEVE PORTO MORONE,27017,1
VIDIGULFO,27018,1
VILLANTERIO,27019,1
VALLE LOMELLINA,27020,1
MARCIGNAGO,27020,1
ALAGNA,27020,1
BORGO SAN SIRO,27020,1
BATTUDA,27020,1
MASSAUA,27020,1
DORNO,27020,1
TROMELLO,27020,1
SAN GIORGIO DI LOMELLINA,27020,1
ZERBOLO',27020,1
TRAVACO' SICCOMARIO,27020,1
ROTTA,27020,1
CARBONARA AL TICINO,27020,1
OLEVANO DI LOMELLINA,27020,1
TORRE D'ISOLA,27020,1
VALEGGIO,27020,1
CERGNAGO,27020,1
VELEZZO LOMELLINA,27020,1
ALBONESE,27020,1
SEMIANA,27020,1
TRIVOLZIO,27020,1
SCALDASOLE,27020,1
TROVO,27020,1
NICORVO,27020,1
SARTIRANA LOMELLINA,27020,1
PARONA,27020,1
BREME,27020,1
GRAVELLONA LOMELLINA,27020,1
CASOTTOLE,27020,1
BEREGUARDO,27021,1
CASORATE PRIMO,27022,1
CASSOLNOVO,27023,1
CILAVEGNA,27024,1
GAMBOLO',27025,1
MADONNA DELLE BOZZOLE,27026,1
GARLASCO,27026,1
GROPELLO CAIROLI,27027,1
BIVIO CAVA MANARA,27028,1
SAN MARTINO SICCOMARIO,27028,1
VIGEVANO,27029,1
SFORZESCA,27029,1
ROSASCO,27030,1
CONFIENZA,27030,1
TORRE BERETTI E CASTELLARO,27030,1
CASTELLO D'AGOGNA,27030,1
CASTELLARO DE' GIORGI,27030,1
ZEME,27030,1
OTTOBIANO,27030,1
FRASCAROLO,27030,1
COZZO,27030,1
CASTELNOVETTO,27030,1
MEZZANA RABATTONE,27030,1
PIEVE ALBIGNOLA,27030,1
CERETTO LOMELLINA,27030,1
SANT'ANGELO LOMELLINA,27030,1
ZINASCO NUOVO,27030,1
LANGOSCO,27030,1
SAIRANO,27030,1
GAMBARANA,27030,1
BALOSSA BIGLI,27030,1
MEZZANA BIGLI,27030,1
SUARDI,27030,1
VILLANOVA D'ARDENGHI,27030,1
ZINASCO,27030,1
ZINASCO VECCHIO,27030,1
PALESTRO,27030,1
CANDIA LOMELLINA,27031,1
FERRERA ERBOGNONE,27032,1
GARBANA,27033,1
GALLIAVOLA,27034,1
LOMELLO,27034,1
MEDE,27035,1
VILLA BISCOSSI,27035,1
MORTARA,27036,1
PIEVE DEL CAIRO,27037,1
ROBBIO,27038,1
SANNAZZARO DE' BURGONDI,27039,1
CASTELLETTO DI BRANDUZZO,27040,1
PIETRA DE' GIORGI,27040,1
MORNICO,27040,1
TORNELLO,27040,1
ROVESCALA,27040,1
MORNICO LOSANA,27040,1
BOSNASCO,27040,1
CALVIGNANO,27040,1
ARENA PO,27040,1
ROCCA DE' GIORGI,27040,1
SAN DAMIANO AL COLLE,27040,1
CASATISMA,27040,1
MONTESCANO,27040,1
CIGOGNOLA,27040,1
LIRIO,27040,1
CASTELLETTO PO,27040,1
BORGORATTO MORMOROLO,27040,1
MONTU' BECCARIA,27040,1
TORRE DEGLI ALBERI,27040,1
VALLESCUROPASSO,27040,1
MEZZANINO,27040,1
CAMPOSPINOSO,27040,1
POMETO,27040,1
MONTALTO PAVESE,27040,1
BORGO PRIOLO,27040,1
VERRUA PO,27040,1
FORTUNAGO,27040,1
ALBAREDO ARNABOLDI,27040,1
REA,27040,1
PINAROLO PO,27040,1
PORTALBERA,27040,1
CASANOVA LONATI,27041,1
BARBIANELLO,27041,1
BOTTARONE,27042,1
BRESSANA,27042,1
BRESSANA BOTTARONE,27042,1
ROBECCO PAVESE,27042,1
SAN CIPRIANO PO,27043,1
BRONI,27043,1
CANNETO PAVESE,27044,1
CASTEGGIO,27045,1
SANTA GIULETTA,27046,1
VOLPARA,27047,1
GOLFERENZO,27047,1
SANTA MARIA DELLA VERSA,27047,1
MONTECALVO VERSIGGIA,27047,1
SOMMO,27048,1
ZENEVREDO,27049,1
CASEI,27050,1
CASEI GEROLA,27050,1
PANCARANA,27050,1
TORRAZZA COSTE,27050,1
CORANA,27050,1
CERVESINA,27050,1
VAL DI NIZZA,27050,1
CODEVILLA,27050,1
BRALLO DI PREGOLA,27050,1
CORVINO SAN QUIRICO,27050,1
PIZZALE,27050,1
OLIVA GESSI,27050,1
SANTA MARGHERITA DI STAFFORA,27050,1
FUMO,27050,1
SILVANO PIETRA,27050,1
ROMAGNESE,27050,1
PONTE NIZZA,27050,1
MENCONICO,27050,1
REDAVALLE,27050,1
CECIMA,27050,1
RETORBIDO,27050,1
COLLEGIO,27050,1
TORRICELLA VERZATE,27050,1
BASTIDA PANCARANA,27050,1
CASANOVA DI DESTRA,27050,1
BAGNARIA,27050,1
MEZZANA CORTI,27051,1
TRE RE,27051,1
CAVA MANARA,27051,1
MONTESEGALE,27052,1
GODIASCO,27052,1
ROCCA SUSELLA,27052,1
SALICE TERME,27052,1
VERRETTO,27053,1
LUNGAVILLA,27053,1
MONTEBELLO DELLA BATTAGLIA,27054,1
RIVANAZZANO,27055,1
CORNALE E BASTIDA,27056,1
BASTIDA DE' DOSSI,27056,1
PIETRAGAVINA,27057,1
VARZI,27057,1
VOGHERA,27058,1
ZAVATTARELLO,27059,1
RUINO,27061,1
CANEVINO,27061,1
MIRABELLO DI PAVIA,27100,1
CA' DELLA TERRA,27100,1
PAVIA,27100,1
FOSSARMATO,27100,1
BEMA,23010,1
RASURA,23010,1
CINO,23010,1
MELLO,23010,1
ROGOLO,23010,1
FORCOLA,23010,1
DAZIO,23010,1
CEDRASCO,23010,1
SAN MARTINO VAL MASINO,23010,1
PIANTEDO,23010,1
MOIA,23010,1
VAL MASINO,23010,1
CAMPO TARTANO,23010,1
POSTALESIO,23010,1
FUSINE,23010,1
CIVO,23010,1
CAIOLO,23010,1
SAN PIETRO DI BERBENNO,23010,1
SIRTA,23010,1
BERBENNO DI VALTELLINA,23010,1
VILLAPINTA,23010,1
ALBAREDO PER SAN MARCO,23010,1
CATAEGGIO,23010,1
SANT'ANTONIO MORIGNONE,23010,1
TORCHIONE,23010,1
PEDESINA,23010,1
TARTANO,23010,1
BUGLIO IN MONTE,23010,1
COLORINA,23010,1
GEROLA ALTA,23010,1
ARDENNO,23011,1
CASTIONE ANDEVENNO,23012,1
COSIO STAZIONE,23013,1
COSIO VALTELLINO,23013,1
REGOLEDO,23013,1
DELEBIO,23014,1
ANDALO VALTELLINO,23014,1
DUBINO,23015,1
NUOVA OLONIO,23015,1
CERCINO,23016,1
MANTELLO,23016,1
MORBEGNO,23017,1
CAMPOVICO,23017,1
TALAMONA,23018,1
TRAONA,23019,1
CASPOGGIO,23020,1
MESE,23020,1
FAEDO VALTELLINO,23020,1
VERCEIA,23020,1
TRESIVIO,23020,1
SPRIANA,23020,1
BOFFETTO,23020,1
MONTAGNA IN VALTELLINA,23020,1
PRASOMASO,23020,1
PRATA CAMPORTACCIO,23020,1
SANTA CROCE DI PIURO,23020,1
PROSTO,23020,1
SAN GIACOMO FILIPPO,23020,1
POGGIRIDENTI,23020,1
SAN CASSIANO VALCHIAVENNA,23020,1
PIURO,23020,1
PIATEDA,23020,1
MENAROLA,23020,1
TORRE DI SANTA MARIA,23020,1
LANZADA,23020,1
BORGONUOVO DI PIURO,23020,1
LIRONE,23020,1
GORDONA,23020,1
FRACISCIO,23021,1
CAMPODOLCINO,23021,1
CHIAVENNA,23022,1
BETTE,23022,1
PRIMOLO,23023,1
CHIESA IN VALMALENCO,23023,1
CHIAREGGIO,23023,1
MADESIMO,23024,1
MONTESPLUGA,23024,1
PIANAZZO,23024,1
NOVATE MEZZOLA,23025,1
PONTE IN VALTELLINA,23026,1
ARIGNA,23026,1
SOMAGGIA,23027,1
SAN PIETRO SAMOLACO,23027,1
SAMOLACO,23027,1
ERA SAMOLACO,23027,1
ERA,23027,1
DOGANA DI VILLA CHIAVENNA,23029,1
VILLA DI CHIAVENNA,23029,1
TREPALLE,23030,1
TOVO DI SANT'AGATA,23030,1
CEPINA VALDISOTTO,23030,1
VALFURVA,23030,1
LIVIGNO,23030,1
SAN NICOLO' DI VALFURVA,23030,1
CASTIONETTO,23030,1
VILLA DI TIRANO,23030,1
VERVIO,23030,1
VALDISOTTO,23030,1
CEPINA,23030,1
PIATTA,23030,1
SERNIO,23030,1
MAZZO DI VALTELLINA,23030,1
CHIURO,23030,1
LOVERO,23030,1
CASTELLO DELL'ACQUA,23030,1
BIANZONE,23030,1
SANTA CATERINA VALFURVA,23030,1
APRICA,23031,1
PASSO STELVIO,23032,1
BORMIO,23032,1
RAVOLEDO,23033,1
TIOLO,23033,1
GROSIO,23033,1
GROSOTTO,23034,1
ABETINA VALLESANA,23035,1
PINETA DI SORTENNA,23035,1
VILLAGGIO SONDALO,23035,1
SONDALO,23035,1
PINETA DI SORTENNA VALLESANA,23035,1
MONDADIZZA,23035,1
LE PRESE,23035,1
PENDOSSO,23035,1
SAN GIACOMO DI TEGLIO,23036,1
TRESENDA,23036,1
TEGLIO,23036,1
MADONNA DI TIRANO,23037,1
TIRANO,23037,1
SEMOGO,23038,1
ISOLACCIA,23038,1
BAGNI NUOVI DI BORMIO,23038,1
VALDIDENTRO,23038,1
BAGNI NUOVI,23038,1
MOSSINI,23100,1
SONDRIO,23100,1
PONCHIERA,23100,1
TRIANGIA,23100,1
BESNATE,21010,1
SAN MACARIO,21010,1
MONTEGRINO VALTRAVAGLIA,21010,1
CURIGLIA CON MONTEVIASCO,21010,1
CALDE',21010,1
NASCA,21010,1
LIGURNO,21010,1
PINO SULLA SPONDA DEL LAGO MAGGIORE,21010,1
PORTO VALTRAVAGLIA,21010,1
AGRA,21010,1
VIZZOLA TICINO,21010,1
MUCENO,21010,1
GOLASECCA,21010,1
GERMIGNAGA,21010,1
ARSAGO SEPRIO,21010,1
CARDANO AL CAMPO,21010,1
TRONZANO LAGO MAGGIORE,21010,1
VEDDASCA,21010,1
FERNO,21010,1
CASTELVECCANA,21010,1
BREZZO DI BEDERO,21010,1
DUE COSSANI,21010,1
DUMENZA,21010,1
CASORATE SEMPIONE,21011,1
CASSANO MAGNAGO,21012,1
GALLARATE,21013,1
CRENNA,21013,1
CEDRATE,21013,1
LAVENO MOMBELLO,21014,1
LAVENO,21014,1
SANT'ANTONINO TICINO,21015,1
LONATE POZZOLO,21015,1
TORNAVENTO,21015,1
LUINO,21016,1
POPPINO,21016,1
CREVA,21016,1
VOLDOMINO,21016,1
VERGHERA,21017,1
SAMARATE,21017,1
CASCINA ELISA,21017,1
CASCINA COSTA,21017,1
LISANZA,21018,1
SESTO CALENDE,21018,1
COAREZZA,21019,1
SOMMA LOMBARDO,21019,1
MADDALENA,21019,1
MALPENSA AEROPORTO,21019,1
CASCIAGO,21020,1
LUVINATE,21020,1
CRUGNOLA,21020,1
BUGUGGIATE,21020,1
RANCO,21020,1
BODIO LOMNAGO,21020,1
VARANO BORGHI,21020,1
COMABBIO,21020,1
BODIO,21020,1
LOMNAGO,21020,1
GALLIATE LOMBARDO,21020,1
BERNATE,21020,1
MORNAGO,21020,1
CASALE LITTA,21020,1
CAZZAGO BRABBIA,21020,1
CROSIO DELLA VALLE,21020,1
BRUNELLO,21020,1
BREBBIA,21020,1
BREGANO,21020,1
INARZO,21020,1
MONTONATE,21020,1
MONVALLE,21020,1
VILLADOSIA,21020,1
TAINO,21020,1
TERNATE,21020,1
MALGESSO,21020,1
MERCALLO,21020,1
BARDELLO,21020,1
BARASSO,21020,1
DAVERIO,21020,1
ANGERA,21021,1
AZZATE,21022,1
BESOZZO,21023,1
BIANDRONNO,21024,1
COMERIO,21025,1
OLTRONA AL LAGO,21026,1
GAVIRATE,21026,1
ISPRA,21027,1
ISPRA CENTRO EURATOM,21027,1
BARZA,21027,1
TRAVEDONA MONATE,21028,1
CIMBRO,21029,1
CUIRONE,21029,1
VERGIATE,21029,1
CORGENO,21029,1
BRINZIO,21030,1
CASTELLO CABIAGLIO,21030,1
CUGLIATE,21030,1
FABIASCO,21030,1
CASSANO VALCUVIA,21030,1
CASALZUIGNO,21030,1
BRISSAGO VALTRAVAGLIA,21030,1
AZZIO,21030,1
BRENTA,21030,1
MARCHIROLO,21030,1
CUGLIATE FABIASCO,21030,1
MASCIAGO PRIMO,21030,1
MARZIO,21030,1
ORINO,21030,1
RANCIO VALCUVIA,21030,1
MESENZANA,21030,1
CUVIO,21030,1
FERRERA DI VARESE,21030,1
DUNO,21030,1
CREMENAGA,21030,1
GRANTOLA,21030,1
CUVEGLIO,21030,1
CADEGLIANO VICONAGO,21031,1
VICONAGO,21031,1
CADEGLIANO,21031,1
CARAVATE,21032,1
CITTIGLIO,21033,1
TREVISAGO,21034,1
COCQUIO TREVISAGO,21034,1
COCQUIO,21034,1
CUNARDO,21035,1
GEMONIO,21036,1
PONTE TRESA,21037,1
LAVENA PONTE TRESA,21037,1
LEGGIUNO,21038,1
SANGIANO,21038,1
BEDERO VALCUVIA,21039,1
VALGANNA,21039,1
GHIRLA,21039,1
GANNA,21039,1
UBOLDO,21040,1
MORAZZONE,21040,1
VENEGONO SUPERIORE,21040,1
CARNAGO,21040,1
LOZZA,21040,1
VEDANO OLONA,21040,1
OGGIONA CON SANTO STEFANO,21040,1
MASSINA,21040,1
OGGIONA,21040,1
CARONNO VARESINO,21040,1
CASTRONNO,21040,1
CISLAGO,21040,1
CASCINE MAGGIO,21040,1
JERAGO CON ORAGO,21040,1
ROVATE,21040,1
ORIGGIO,21040,1
SUMIRAGO,21040,1
GORNATE OLONA,21040,1
GERENZANO,21040,1
VENEGONO INFERIORE,21040,1
ALBIZZATE,21041,1
CARONNO PERTUSELLA,21042,1
GORNATE SUPERIORE,21043,1
CASTIGLIONE OLONA,21043,1
CAVARIA CON PREMEZZO,21044,1
GAZZADA,21045,1
SCHIANNO,21045,1
GAZZADA SCHIANNO,21045,1
MALNATE,21046,1
SARONNO,21047,1
SOLBIATE ARNO,21048,1
TRADATE,21049,1
ABBIATE GUAZZONE,21049,1
GORLA MAGGIORE,21050,1
CAIRATE,21050,1
CASTELSEPRIO,21050,1
BISUSCHIO,21050,1
GAGGIOLO,21050,1
CUASSO AL PIANO,21050,1
CLIVIO,21050,1
BRUSIMPIANO,21050,1
CANTELLO,21050,1
LONATE CEPPINO,21050,1
MARNATE,21050,1
CUASSO AL MONTE,21050,1
SALTRIO,21050,1
CAVAGNANO,21050,1
BOLLADELLO,21050,1
PORTO CERESIO,21050,1
BESANO,21050,1
BRENNO USERIA,21051,1
ARCISATE,21051,1
SACCONAGO,21052,1
BUSTO ARSIZIO,21052,1
BORSANO,21052,1
CASTELLANZA,21053,1
BERGORO,21054,1
FAGNANO OLONA,21054,1
GORLA MINORE,21055,1
INDUNO OLONA,21056,1
CASCINA BUON GESU',21057,1
OLGIATE OLONA,21057,1
SOLBIATE OLONA,21058,1
VIGGIU',21059,1
MACCAGNO CON PINO E VEDDASCA,21061,1
MACCAGNO,21061,1
CADREZZATE,21062,1
OSMATE,21062,1
CALCINATE DEL PESCE,21100,1
CAPOLAGO,21100,1
VARESE,21100,1
CASBENO,21100,1
MASNAGO,21100,1
RASA DI VELATE,21100,1
CARTABBIA,21100,1
BIZZOZERO,21100,1
SANT'AMBROGIO OLONA,21100,1
PIANELLO DI OSTRA,60010,1
PONTE RIO DI MONTERADO,60010,1
OSTRA VETERE,60010,1
BARBARA,60010,1
OSTRA,60010,1
CASTELLEONE DI SUASA,60010,1
VACCARILE,60010,1
CASTIGLIONI,60011,1
AVACELLI,60011,1
CASTIGLIONI D'ARCEVIA,60011,1
ARCEVIA,60011,1
PITICCHIO,60011,1
COSTA D'ARCEVIA,60011,1
PALAZZO D'ARCEVIA,60011,1
NIDASTORE,60011,1
RIPE,60012,1
MONTERADO,60012,1
BRUGNETTO,60012,1
TRECASTELLI,60012,1
PASSO DI RIPE,60012,1
CASTEL COLONNA,60012,1
PONTE RIO,60012,1
CORINALDO,60013,1
CASTELFERRETTI,60015,1
FALCONARA MARITTIMA,60015,1
FALCONARA ALTA,60015,1
LUNGOMARE,60018,1
MONTEMARCIANO,60018,1
MARINA DI MONTEMARCIANO,60018,1
MARZOCCA DI SENIGALLIA,60019,1
MARZOCCA,60019,1
VALLONE,60019,1
SENIGALLIA,60019,1
MONTIGNANO,60019,1
SANT'ANGELO DI SENIGALLIA,60019,1
CESANO DI SENIGALLIA,60019,1
RONCITELLI,60019,1
SCAPEZZANO,60019,1
OFFAGNA,60020,1
SIROLO,60020,1
AGUGLIANO,60020,1
CAMERATA PICENA,60020,1
CASTEL D'EMILIO,60020,1
POLVERIGI,60020,1
CAMERANO,60021,1
ASPIO TERME,60021,1
SAN ROCCHETTO,60022,1
ACQUAVIVA VILLA MUSONE,60022,1
CASTELFIDARDO,60022,1
FILOTTRANO,60024,1
LORETO STAZIONE,60025,1
VILLA MUSONE,60025,1
NUMANA,60026,1
MARCELLI,60026,1
NUMANA LIDO,60026,1
PASSATEMPO,60027,1
OSIMO STAZIONE,60027,1
CAMPOCAVALLO,60027,1
OSIMO,60027,1
SAN SABINO,60027,1
ANGELI,60030,1
OSTERIA,60030,1
ANGELI DI MERGO,60030,1
MONSANO,60030,1
BELVEDERE OSTRENSE,60030,1
ANGELI DI ROSORA,60030,1
COLLINA SANTA MARIA NUOVA,60030,1
SAN MARCELLO,60030,1
PIANELLO VALLESINA,60030,1
MERGO,60030,1
MOIE,60030,1
POGGIO SAN MARCELLO,60030,1
ROSORA,60030,1
SERRA DE' CONTI,60030,1
MONTE ROBERTO,60030,1
MAIOLATI SPONTINI,60030,1
MORRO D'ALBA,60030,1
CASTELBELLINO,60030,1
CASTELPLANIO,60031,1
MACINE,60031,1
BORGO LORETO,60031,1
CASTELPLANIO STAZIONE,60031,1
GRANCETTA,60033,1
CUPRAMONTANA,60034,1
JESI,60035,1
MONTECAROTTO,60036,1
MONTE SAN VITO,60037,1
LE COZZE,60037,1
SAN PAOLO DI JESI,60038,1
STAFFOLO,60039,1
TRINQUELLI,60040,1
GENGA STAZIONE,60040,1
COLLEPONI,60040,1
GENGA,60040,1
COLLEPONI DI GENGA,60040,1
CABERNARDI,60041,1
PIANO DI FRASSINETA,60041,1
SASSOFERRATO,60041,1
MONTEROSSO STAZIONE,60041,1
PERTICANO,60041,1
BORGO SASSOFERRATO,60041,1
CERRETO D'ESI,60043,1
SERRADICA,60044,1
CASTELLETTA,60044,1
ATTIGGIO,60044,1
NEBBIANO,60044,1
ARGIGNANO,60044,1
BORGO TUFICO,60044,1
MARISCHIO,60044,1
ALBACINA,60044,1
MELANO,60044,1
FABRIANO,60044,1
COLLAMATO,60044,1
ROCCHETTA DI FABRIANO,60044,1
MELANO BASTIA,60044,1
CAMPODONICO,60044,1
SERRA SAN QUIRICO STAZIONE,60048,1
SERRA SAN QUIRICO,60048,1
PINOCCHIO,60127,1
PIETRALACROCE,60129,1
MONTESICURO,60131,1
PIANE DI FALERONE,63020,1
CASTEL DI LAMA STAZIONE,63031,1
MASSIGNANO,63061,1
MONTEFIORE DELL'ASO,63062,1
CARASSAI,63063,1
CUPRA MARITTIMA,63064,1
RIPATRANSONE,63065,1
GROTTAMMARE,63066,1
COSSIGNANO,63067,1
MONTALTO DELLE MARCHE,63068,1
PORCHIA,63068,1
MONTEDINOVE,63069,1
CASTEL DI CROCE,63071,1
ROTELLA,63071,1
CASTIGNANO,63072,1
RIPABERARDA,63072,1
OFFIDA,63073,1
SAN BENEDETTO DEL TRONTO,63074,1
PORTO D'ASCOLI,63074,1
ACQUAVIVA PICENA,63075,1
MONTEPRANDONE,63076,1
CENTOBUCHI,63076,1
MONSAMPOLO DEL TRONTO,63077,1
STELLA DI MONSAMPOLO,63077,1
SPINETOLI,63078,1
COLLI DEL TRONTO,63079,1
CASTORANO,63081,1
PIATTONI,63082,1
CASTEL DI LAMA,63082,1
CASTEL DI LAMA PIATTONI,63082,1
APPIGNANO DEL TRONTO,63083,1
PIANE DI MORRO,63084,1
FOLIGNANO,63084,1
PIGNA BASSA,63084,1
VILLA PIGNA,63084,1
MALTIGNANO,63085,1
FORCE,63086,1
COMUNANZA,63087,1
CROCE DI CASALE,63087,1
MONTEMONACO,63088,1
VENAROTTA,63091,1
PALMIANO,63092,1
AGELLI,63093,1
MARSIA,63093,1
ROCCAFLUVIONE,63093,1
MONTEGALLO,63094,1
PAGGESE,63095,1
SAN MARTINO DI ACQUASANTA,63095,1
QUINTODECIMO,63095,1
PONTE D'ARLI,63095,1
ACQUASANTA TERME,63095,1
POZZA DI ACQUASANTA,63095,1
TALLACANO,63095,1
SPELONGA,63096,1
TRISUNGO,63096,1
ARQUATA DEL TRONTO,63096,1
PRETARE,63096,1
PESCARA DEL TRONTO,63096,1
LISCIANO DI COLLOTO,63100,1
VENAGRANDE,63100,1
POGGIO DI BRETTA,63100,1
ASCOLI PICENO,63100,1
MARINO DEL TRONTO,63100,1
PIAGGE DI ASCOLI PICENO,63100,1
LISCIANO,63100,1
CASTEL TROSINO,63100,1
CAMPOLUNGO,63100,1
SANT'ELPIDIO A MARE,63811,1
CASCINARE,63811,1
BIVIO CASCINARE,63811,1
LA LUCE,63811,1
CASETTE D'ETE,63811,1
CRETAROLA,63811,1
MONTE URANO,63813,1
TORRE SAN PATRIZIO,63814,1
MONTE SAN PIETRANGELI,63815,1
FRANCAVILLA D'ETE,63816,1
PORTO SANT'ELPIDIO,63821,1
PORTO SAN GIORGIO,63822,1
LAPEDONA,63823,1
ALTIDONA,63824,1
MARINA DI ALTIDONA,63824,1
RUBBIANELLO,63825,1
MONTERUBBIANO,63825,1
MORESCO,63826,1
PEDASO,63827,1
CAMPOFILONE,63828,1
CONTRADA TENNA,63831,1
RAPAGNANO,63831,1
MAGLIANO DI TENNA,63832,1
MONTEGIORGIO,63833,1
PIANE DI MONTEGIORGIO,63833,1
ALTETA,63833,1
MASSA FERMANA,63834,1
MONTAPPONE,63835,1
MONTE VIDON CORRADO,63836,1
PIANE,63837,1
FALERONE,63837,1
BELMONTE PICENO,63838,1
CURETTA,63839,1
SERVIGLIANO,63839,1
MONTELEONE DI FERMO,63841,1
SANT'ELPIDIO MORICO,63842,1
MONSAMPIETRO MORICO,63842,1
MONTOTTONE,63843,1
GROTTAZZOLINA,63844,1
CAPPARUCCIA,63845,1
PONZANO DI FERMO,63845,1
TORCHIARO,63845,1
MONTE GIBERTO,63846,1
MONTE VIDON COMBATTE,63847,1
PETRITOLI,63848,1
MOREGNANO,63848,1
ORTEZZANO,63851,1
MONTE RINALDO,63852,1
MONTELPARO,63853,1
SANTA VITTORIA IN MATENANO,63854,1
MONTEFALCONE APPENNINO,63855,1
SMERILLO,63856,1
SAN MARTINO AL FAGGIO,63856,1
AMANDOLA,63857,1
SANTA LUCIA IN CONSILVANO,63858,1
LIDO DI FERMO,63900,1
PONTE ETE,63900,1
MARINA PALMENSE,63900,1
CAPODARCO,63900,1
CALDARETTE,63900,1
MOLINI DI TENNA,63900,1
SAN TOMMASO TRE ARCHI,63900,1
TORRE DI PALME,63900,1
SALVANO,63900,1
FERMO,63900,1
POLLENZA,62010,1
MONTEFANO,62010,1
TREIA,62010,1
SAMBUCHETO,62010,1
MONTECOSARO,62010,1
MORROVALLE,62010,1
BORGO STAZIONE,62010,1
MONTECOSARO STAZIONE,62010,1
PASSO DI TREIA,62010,1
TRODICA,62010,1
MONTECASSIANO,62010,1
URBISAGLIA,62010,1
MONTELUPONE,62010,1
MOGLIANO,62010,1
STAZIONE MORROVALLE,62010,1
CASETTE VERDINI,62010,1
MORROVALLE STAZIONE,62010,1
SANTA MARIA IN SELVA,62010,1
PINTURA,62010,1
VILLA MOSCOSI,62011,1
CINGOLI,62011,1
VILLA TORRE,62011,1
GROTTACCIA,62011,1
TROVIGGIANO,62011,1
AVENALE,62011,1
MOSCOSI,62011,1
CIVITANOVA MARCHE,62012,1
CIVITANOVA MARCHE ALTA,62012,1
CIVITANOVA ALTA,62012,1
FONTESPINA,62012,1
SANTA MARIA APPARENTE,62012,1
CORRIDONIA,62014,1
COLBUCCARO,62014,1
PASSO DEL BIDOLLO,62014,1
PETRIOLO,62014,1
SAN CLAUDIO,62014,1
VILLA SAN FILIPPO,62015,1
MONTE SAN GIUSTO,62015,1
PORTO RECANATI,62017,1
POTENZA PICENA,62018,1
PORTO POTENZA PICENA,62018,1
MUSONE,62019,1
RECANATI,62019,1
COLMURANO,62020,1
SERRAPETRONA,62020,1
CESSAPALOMBO,62020,1
PENNA SAN GIOVANNI,62020,1
CALDAROLA,62020,1
CAMPOROTONDO DI FIASTRONE,62020,1
MONTE SAN MARTINO,62020,1
SANT'ANGELO IN PONTANO,62020,1
VALCIMARRA,62020,1
LORO PICENO,62020,1
RIPE SAN GINESIO,62020,1
BELFORTE DEL CHIENTI,62020,1
APIRO,62021,1
POGGIO SAN VICINO,62021,1
CRISPIERO,62022,1
CASTELRAIMONDO,62022,1
GAGLIOLE,62022,1
ESANATOGLIA,62024,1
MATELICA,62024,1
COLFERRAIO,62024,1
FONTE DI BRESCIA,62025,1
PIORACO,62025,1
FIUMINATA,62025,1
SEPPIO,62025,1
SEFRO,62025,1
PIAN DI PIECA,62026,1
SAN GINESIO,62026,1
PASSO SAN GINESIO,62026,1
SAN SEVERINO MARCHE,62027,1
CESOLO,62027,1
SARNANO,62028,1
TOLENTINO,62029,1
MERGNANO,62032,1
MERGNANO SAN SAVINO,62032,1
MORRO,62032,1
CAMERINO,62032,1
POLVERINA,62032,1
MUCCIA,62034,1
PIEVEBOVIGLIANA,62035,1
FIASTRA,62035,1
FIORDIMONTE,62035,1
ACQUACANINA,62035,1
FIEGNI,62035,1
BOLOGNOLA,62035,1
MONTE CAVALLO,62036,1
PIE' CASAVECCHIA,62036,1
APPENNINO,62036,1
PIEVE TORINA,62036,1
CASAVECCHIA,62036,1
SERRAVALLE DI CHIENTI,62038,1
CESI DI MACERATA,62038,1
USSITA,62039,1
VISSO,62039,1
FEMATRE,62039,1
CASTELSANTANGELO SUL NERA,62039,1
SFORZACOSTA,62100,1
VILLA POTENZA,62100,1
MADONNA DEL MONTE,62100,1
PIEDIRIPA,62100,1
MACERATA,62100,1
CORRIDONIA STAZIONE,62100,1
MONTE CERIGNONE,61010,1
CASE BERNARDI,61010,1
RIO SALSO,61010,1
MONTELICCIANO,61010,1
SAVIGNANO MONTETASSI,61010,1
MONTEGRIMANO,61010,1
TAVULLIA,61010,1
VALLE DI TEVA,61010,1
BELVEDERE FOGLIENSE,61010,1
GABICCE MARE,61011,1
CASE BADIOLI,61011,1
GRADARA,61012,1
VALLE SANT'ANASTASIO,61013,1
FRATTE DI SASSOFELTRIO,61013,1
PIANDICASTELLO,61013,1
MERCATINO CONCA,61013,1
SASSOFELTRIO,61013,1
MADONNA DI PUGLIANO,61014,1
MONTECOPIOLO,61014,1
CASININA,61020,1
PETRIANO,61020,1
GALLO DI PETRIANO,61020,1
BORGO MASSANO,61020,1
CA' GALLO,61020,1
MONTECALVO IN FOGLIA,61020,1
TAVOLETO,61020,1
CARPEGNA,61021,1
FRONTINO,61021,1
SANT'ANGELO IN LIZZOLA,61022,1
VALLEFOGLIA,61022,1
MORCIOLA,61022,1
COLBORDOLO,61022,1
BOTTEGA,61022,1
MACERATA FELTRIA,61023,1
PIETRARUBBIA,61023,1
MOMBAROCCIO,61024,1
MONTECICCARDO,61024,1
MONTELABBATE,61025,1
LUNANO,61026,1
BELFORTE ALL'ISAURO,61026,1
PIANDIMELETO,61026,1
AUDITORE,61028,1
SASSOCORVARO,61028,1
CAPRAZZINO,61028,1
TRASANNI,61029,1
PIEVE DI CAGNA,61029,1
PONTE IN FOGLIA,61029,1
SCHIETI,61029,1
URBINO,61029,1
CASTELLO DI CAVALLINO,61029,1
GADANA,61029,1
VIA PIANA,61029,1
CASTELCAVALLINO,61029,1
CANAVACCIO,61029,1
SERRUNGARINA,61030,1
MONTEMAGGIORE AL METAURO,61030,1
CALCINELLI,61030,1
CARTOCETO,61030,1
LUCREZIA,61030,1
SAN GIORGIO DI PESARO,61030,1
SALTARA,61030,1
ISOLA DEL PIANO,61030,1
MONTEGUIDUCCIO,61030,1
MONTEFELCINO,61030,1
FANO,61032,1
BELLOCCHI,61032,1
FENILE,61032,1
CUCCURANO,61032,1
FERMIGNANO,61033,1
CALMAZZO,61034,1
ISOLA DI FANO,61034,1
FOSSOMBRONE,61034,1
CENTOCROCI,61037,1
MONDOLFO,61037,1
MAROTTA,61037,1
ORCIANO DI PESARO,61038,1
CERASA,61039,1
SAN COSTANZO,61039,1
SERRA SANT'ABBONDIO,61040,1
SORBOLONGO,61040,1
LAMOLI,61040,1
BORGO PACE,61040,1
FRONTONE,61040,1
BARCHI,61040,1
FRATTE ROSA,61040,1
SAN FILIPPO SUL CESANO,61040,1
MONDAVIO,61040,1
MERCATELLO SUL METAURO,61040,1
MONTE PORZIO,61040,1
SANT'ANDREA DI SUASA,61040,1
SAN MICHELE AL FIUME,61040,1
ABBADIA DI NARO,61041,1
POLE,61041,1
FURLO,61041,1
PETRICCIO,61041,1
ACQUALAGNA,61041,1
SERRAVALLE DI CARDA,61042,1
APECCHIO,61042,1
SMIRRA,61043,1
ACQUAVIVA MARCHE,61043,1
SECCHIANO,61043,1
CAGLI,61043,1
CHIASERNA,61044,1
PONTERICCIOLI,61044,1
CANTIANO,61044,1
BELLISIO SOLFARE,61045,1
MONTEROLO,61045,1
PIOBBICO,61046,1
SAN VITO SUL CESANO,61047,1
SAN LORENZO IN CAMPO,61047,1
SANT'ANGELO IN VADO,61048,1
URBANIA,61049,1
MURAGLIONE,61049,1
PONTE DEL COLOMBARONE,61100,1
CATTABRIGHE,61100,1
SANTA VENERANDA,61100,1
CASE BRUCIATE,61100,1
FIORENZUOLA DI FOCARA,61100,1
VILLA FASTIGGI,61100,1
SANTA MARIA DELLE FABRECCE,61100,1
POZZO ALTO,61100,1
SORIA,61100,1
SAN PIETRO IN CALIBANO,61100,1
MURAGLIA,61100,1
VILLA CECCOLINI,61100,1
NOVILARA,61100,1
CANDELARA,61100,1
GINESTRETO,61100,1
SAN GIULIANO DEL SANNIO,86010,1
BUSSO,86010,1
SAN GIOVANNI IN GALDO,86010,1
CAMPODIPIETRA,86010,1
ROCCASPROMONTE,86010,1
GILDONE,86010,1
TUFARA,86010,1
FERRAZZANO,86010,1
MIRABELLO SANNITICO,86010,1
CASALCIPRANO,86010,1
ORATINO,86010,1
CERCEPICCOLA,86010,1
CASTROPIGNANO,86010,1
BARANELLO,86011,1
CERCEMAGGIORE,86012,1
GAMBATESA,86013,1
GUARDIAREGIA,86014,1
JELSI,86015,1
RICCIA,86016,1
SEPINO,86017,1
TORO,86018,1
VINCHIATURO,86019,1
CAMPOCHIARO,86020,1
COLLE D'ANCHISE,86020,1
SAN POLO MATESE,86020,1
CASTELLINO DEL BIFERNO,86020,1
SANT'ANGELO LIMOSANO,86020,1
PIETRACUPA,86020,1
SPINETE,86020,1
DURONIA,86020,1
FOSSALTO,86020,1
ROCCAVIVARA,86020,1
BOJANO,86021,1
CASTELLONE,86021,1
MONTEVERDE DI BOIANO,86021,1
CASTELLONE DI BOIANO,86021,1
LIMOSANO,86022,1
MONTAGANO,86023,1
PETRELLA TIFERNINA,86024,1
RIPALIMOSANI,86025,1
SALCITO,86026,1
TORELLA DEL SANNIO,86028,1
TRIVENTO,86029,1
MAFALDA,86030,1
LUPARA,86030,1
ACQUAVIVA COLLECROCE,86030,1
MONTEMITRO,86030,1
MATRICE,86030,1
CASTELBOTTACCIO,86030,1
SAN GIACOMO DEGLI SCHIAVONI,86030,1
TAVENNA,86030,1
CIVITACAMPOMARANO,86030,1
LUCITO,86030,1
SAN FELICE DEL MOLISE,86030,1
GUARDIALFIERA,86030,1
CASTELMAURO,86031,1
MONTECILFONE,86032,1
MONTEFALCONE NEL SANNIO,86033,1
GUGLIONESI,86034,1
LARINO,86035,1
MONTENERO DI BISACCIA,86036,1
PALATA,86037,1
COLLECALCIONI,86038,1
PETACCIATO,86038,1
TERMOLI,86039,1
MORRONE DEL SANNIO,86040,1
MACCHIA VALFORTORE,86040,1
CAMPOLIETO,86040,1
MONTORIO NEI FRENTANI,86040,1
SAN GIULIANO DI PUGLIA,86040,1
RIPABOTTONI STAZIONE,86040,1
MONTELONGO,86040,1
ROTELLO,86040,1
PIETRACATELLA,86040,1
MONACILIONI,86040,1
PROVVIDENTI,86040,1
RIPABOTTONI,86040,1
BONEFRO,86041,1
NUOVA CLITERNIA,86042,1
LIDO DI CAMPOMARINO,86042,1
CAMPOMARINO,86042,1
CASACALENDA,86043,1
COLLETORTO,86044,1
PORTOCANNONE,86045,1
SAN MARTINO IN PENSILIS,86046,1
SANTA CROCE DI MAGLIANO,86047,1
SANT'ELIA A PIANISI,86048,1
URURI,86049,1
SANTO STEFANO DI CAMPOBASSO,86100,1
CAMPOBASSO,86100,1
ROCCHETTA A VOLTURNO,86070,1
ROCCARAVINDOLA STAZIONE,86070,1
CONCA CASALE,86070,1
TAVERNA RAVINDOLA,86070,1
MACCHIA D'ISERNIA,86070,1
MONTAQUILA,86070,1
SCAPOLI,86070,1
SANT'AGAPITO SCALO,86070,1
CASTELNUOVO AL VOLTURNO,86070,1
ROCCHETTA NUOVA,86070,1
ROCCARAVINDOLA,86070,1
PIZZONE,86071,1
CASTEL SAN VINCENZO,86071,1
CERRO AL VOLTURNO,86072,1
CUPONE,86072,1
COLLI A VOLTURNO,86073,1
FILIGNANO,86074,1
CERASUOLO,86074,1
SANT'EUSANIO,86075,1
MONTERODUNI,86075,1
POZZILLI,86077,1
SANTA MARIA OLIVETO,86077,1
SELVOTTA,86078,1
SESTO CAMPANO,86078,1
ROCCAPIPIROZZI,86078,1
CAMPOPINO,86078,1
CEPPAGNA,86079,1
VENAFRO,86079,1
BELMONTE DEL SANNIO,86080,1
ACQUAVIVA D'ISERNIA,86080,1
CASTEL DEL GIUDICE,86080,1
SANT'ANGELO DEL PESCO,86080,1
MONTENERO VAL COCCHIARA,86080,1
ROCCASICURA,86080,1
CASTELVERRINO,86080,1
PESCOPENNATARO,86080,1
AGNONE,86081,1
VILLA CANALE,86081,1
CAPRACOTTA,86082,1
CAROVILLI,86083,1
VANDRA,86084,1
FORLI' DEL SANNIO,86084,1
PIETRABBONDANTE,86085,1
POGGIO SANNITA,86086,1
RIONERO SANNITICO,86087,1
SAN PIETRO AVELLANA,86088,1
VILLA SAN MICHELE,86089,1
VASTOGIRARDI,86089,1
PETTORANELLO DEL MOLISE,86090,1
GUASTO,86090,1
CASTELPETROSO,86090,1
CASTELPIZZUTO,86090,1
INDIPRETE,86090,1
LONGANO,86090,1
PESCHE,86090,1
BAGNOLI DEL TRIGNO,86091,1
ROCCAMANDOLFI,86092,1
CANTALUPO NEL SANNIO,86092,1
CARPINONE,86093,1
CIVITANOVA DEL SANNIO,86094,1
SANT'ELENA SANNITA,86095,1
FROSOLONE,86095,1
SANTA MARIA DEL MOLISE,86096,1
SANT'ANGELO IN GROTTE,86096,1
MACCHIAGODENA,86096,1
CHIAUCI,86097,1
SESSANO DEL MOLISE,86097,1
PESCOLANCIANO,86097,1
ISERNIA,86170,1
CASTELROMANO,86170,1
CAVATORE,15010,1
CREMOLINO,15010,1
MELAZZO,15010,1
MERANA,15010,1
RIVALTA BORMIDA,15010,1
MONTECHIARO D'ACQUI,15010,1
FRASCARO,15010,1
MONTALDO BORMIDA,15010,1
MORBELLO,15010,1
GAMALERO,15010,1
MORSASCO,15010,1
DENICE,15010,1
ALICE BEL COLLE,15010,1
PRASCO,15010,1
TERZO,15010,1
PONTI,15010,1
PARETO,15010,1
ORSARA BORMIDA,15010,1
CASTELLETTO D'ERRO,15010,1
RICALDONE,15010,1
VISONE,15010,1
MONTECHIARO DENICE,15010,1
GROGNARDO,15010,1
MOIRANO,15011,1
ACQUI TERME,15011,1
BISTAGNO,15012,1
BORGORATTO ALESSANDRINO,15013,1
CARTOSIO,15015,1
MALVICINO,15015,1
CASSINE,15016,1
GAVONATA,15016,1
CARANZANO,15016,1
CASTELNUOVO BORMIDA,15017,1
SPIGNO MONFERRATO,15018,1
STREVI,15019,1
SOLONGHELLO,15020,1
MURISENGO,15020,1
VILLAMIROGLIO,15020,1
ODALENGO PICCOLO,15020,1
SERRALUNGA DI CREA,15020,1
GABIANO,15020,1
ZANCO,15020,1
SAN GIORGIO MONFERRATO,15020,1
ODALENGO GRANDE,15020,1
PONZANO MONFERRATO,15020,1
VALLEGIOLITI,15020,1
CANTAVENNA,15020,1
POZZENGO,15020,1
MOMBELLO MONFERRATO,15020,1
VALLE CERRINA,15020,1
VILLADEATI,15020,1
VARENGO,15020,1
MONTALERO,15020,1
BRUSASCHETTO,15020,1
CASTELLETTO MERLI,15020,1
CASALINO DI MOMBELLO,15020,1
CERRINA MONFERRATO,15020,1
VILLA DEL FORO,15020,1
CASTEL SAN PIETRO MONFERRATO,15020,1
CASALBAGLIANO,15020,1
LUSSELLO,15020,1
MONCESTINO,15020,1
SANICO,15021,1
ALFIANO NATTA,15021,1
CARDONA,15021,1
BERGAMASCO,15022,1
FELIZZANO,15023,1
MASIO,15024,1
MORANO SUL PO,15025,1
OVIGLIO,15026,1
CARENTINO,15026,1
PONTESTURA,15027,1
PIEPASSO,15028,1
QUATTORDIO,15028,1
SOLERO,15029,1
TERRUGGIA,15030,1
SALA MONFERRATO,15030,1
TREVILLE,15030,1
CONZANO,15030,1
VILLANOVA MONFERRATO,15030,1
CAMAGNA MONFERRATO,15030,1
STEVANI,15030,1
OLIVOLA,15030,1
ROSIGNANO MONFERRATO,15030,1
BALZOLA,15031,1
BORGO SAN MARTINO,15032,1
SANTA MARIA DEL TEMPIO,15033,1
TERRANOVA MONFERRATO,15033,1
CASALE MONFERRATO,15033,1
POPOLO,15033,1
POZZO SANT'EVASIO,15033,1
SAN GERMANO,15033,1
CELLA MONTE,15034,1
FRASSINELLO MONFERRATO,15035,1
GIAROLE,15036,1
CUCCARO MONFERRATO,15037,1
LU,15037,1
OTTIGLIO,15038,1
OZZANO MONFERRATO,15039,1
GIARDINETTO,15040,1
CASTELLETTO MONFERRATO,15040,1
VALMACCA,15040,1
OCCIMIANO,15040,1
VALMADONNA,15040,1
PIETRA MARAZZI,15040,1
RIVARONE,15040,1
BOZZOLE,15040,1
PECETTO DI VALENZA,15040,1
MIRABELLO MONFERRATO,15040,1
POMARO MONFERRATO,15040,1
PIOVERA,15040,1
VALLE SAN BARTOLOMEO,15040,1
ALLUVIONI CAMBIO',15040,1
TICINETO,15040,1
FRASSINETO PO,15040,1
GRAVA,15040,1
PAVONE D'ALESSANDRIA,15040,1
ALTAVILLA MONFERRATO,15041,1
FRANCHINI,15041,1
FIONDI,15042,1
BASSIGNANA,15042,1
MUGARONE,15042,1
FUBINE,15043,1
QUARGNENTO,15044,1
SALE,15045,1
SAN SALVATORE MONFERRATO,15046,1
VIGNALE MONFERRATO,15049,1
SANT'AGATA FOSSILI,15050,1
MONTACUTO,15050,1
MONTEGIOCO,15050,1
AVOLASCA,15050,1
GUAZZORA,15050,1
POZZOL GROPPO,15050,1
CASTELLAR GUIDOBONO,15050,1
GARBAGNA,15050,1
CERRETO GRUE,15050,1
BRIGNANO FRASCATA,15050,1
ALZANO SCRIVIA,15050,1
SPINETO SCRIVIA,15050,1
ISOLA SANT'ANTONIO,15050,1
VILLALVERNIA,15050,1
PADERNA,15050,1
CASASCO,15050,1
BERZANO DI TORTONA,15050,1
MOLINO DEI TORTI,15050,1
VILLAROMAGNANO,15050,1
MOMPERONE,15050,1
CARBONARA SCRIVIA,15050,1
VOLPEGLINO,15050,1
MONTEMARZINO,15050,1
COSTA VESCOVATO,15050,1
SAREZZANO,15050,1
CASTELLANIA,15051,1
CAREZZANO,15051,1
CASALNOCETO,15052,1
CASTELNUOVO SCRIVIA,15053,1
CALDIROLA,15054,1
GARADASSI,15054,1
FABBRICA CURONE,15054,1
PONTECURONE,15055,1
GREMIASCO,15056,1
SAN SEBASTIANO CURONE,15056,1
DERNICE,15056,1
RIVALTA SCRIVIA,15057,1
TORTONA,15057,1
CASTELLAR PONZANO,15057,1
TORRE GAROFOLI,15057,1
PASSALACQUA,15057,1
VIGUZZOLO,15058,1
MONLEALE,15059,1
VOLPEDO,15059,1
CARROSIO,15060,1
BASALUZZO,15060,1
CABELLA LIGURE,15060,1
TASSAROLO,15060,1
CASTAGNOLA DI FRACONALTO,15060,1
CAPRIATA D'ORBA,15060,1
SARDIGLIANO,15060,1
MONGIARDINO LIGURE,15060,1
VOLTAGGIO,15060,1
MONTALDEO,15060,1
CANTALUPO LIGURE,15060,1
PARODI LIGURE,15060,1
ROCCHETTA LIGURE,15060,1
CUQUELLO,15060,1
BORGHETTO DI BORBERA,15060,1
PERSI,15060,1
VIGNOLE BORBERA,15060,1
CASTAGNOLA,15060,1
GRONDONA,15060,1
ALBERA LIGURE,15060,1
COSOLA DI CABELLA,15060,1
CARREGA LIGURE,15060,1
TORRE DE' RATTI,15060,1
CASTELLETTO D'ORBA,15060,1
SILVANO D'ORBA,15060,1
PASTURANA,15060,1
BOSIO,15060,1
FRANCAVILLA BISIO,15060,1
FRACONALTO,15060,1
STAZZANO,15060,1
ROCCAFORTE LIGURE,15060,1
ARQUATA SCRIVIA,15061,1
BOSCO MARENGO,15062,1
DONNA,15062,1
POLLASTRA,15062,1
CASSANO SPINOLA,15063,1
GAVAZZANA,15063,1
FRESONARA,15064,1
FRUGAROLO,15065,1
GAVI,15066,1
MERELLA,15067,1
NOVI LIGURE,15067,1
POZZOLO FORMIGARO,15068,1
SERRAVALLE SCRIVIA,15069,1
TRISOBBIO,15070,1
BANDITA,15070,1
TAGLIOLO MONFERRATO,15070,1
CASALEGGIO BOIRO,15070,1
BELFORTE MONFERRATO,15070,1
VILLA BOTTERI,15070,1
MONGIARDINO,15070,1
CASSINELLE,15070,1
CASTELSPINA,15070,1
LERMA,15070,1
PORTANOVA,15072,1
CASAL CERMELLI,15072,1
CASTELLAZZO BORMIDA,15073,1
MOLARE,15074,1
MORNESE,15075,1
GNOCCHETTO,15076,1
OVADA,15076,1
CASTELFERRO,15077,1
PREDOSA,15077,1
ROCCA GRIMALDA,15078,1
SEZZADIO,15079,1
LITTA PARODI,15100,1
CASCINAGROSSA,15100,1
CASTELCERIOLO,15100,1
SPINETTA MARENGO,15100,1
LOBBI,15100,1
SAN GIULIANO VECCHIO,15100,1
MANDROGNE,15100,1
SAN GIULIANO NUOVO,15100,1
CRISTO,15100,1
SAN MARTINO ALFIERI,14010,1
DUSINO SAN MICHELE,14010,1
DUSINO,14010,1
MONTEGROSSO DI CINAGLIO,14010,1
CELLARENGO,14010,1
CELLE ENOMONDO,14010,1
REVIGLIASCO D'ASTI,14010,1
SAN MATTEO,14010,1
CISTERNA D'ASTI,14010,1
CORTAZZONE,14010,1
SAN PAOLO SOLBRITO,14010,1
VIALE,14010,1
BALDICHIERI D'ASTI,14011,1
FERRERE,14012,1
MONALE,14013,1
CASTELLERO,14013,1
CORTANDONE,14013,1
MONTAFIA,14014,1
SAN DAMIANO D'ASTI,14015,1
PRATOMORONE,14016,1
TIGLIOLE,14016,1
VALFENERA,14017,1
ROATTO,14018,1
VILLAFRANCA D'ASTI,14018,1
MARETTO,14018,1
VILLANOVA D'ASTI,14019,1
VILLANOVA D'ASTI STAZIONE,14019,1
SETTIME,14020,1
BERZANO DI SAN PIETRO,14020,1
PASSERANO,14020,1
CAMERANO CASASCO,14020,1
CINAGLIO,14020,1
PINO D'ASTI,14020,1
SOGLIO,14020,1
PIEA,14020,1
COSSOMBRATO,14020,1
CORSIONE,14020,1
ARAMENGO,14020,1
PASSERANO MARMORITO,14020,1
CERRETO D'ASTI,14020,1
VILLA SAN SECONDO,14020,1
CORTANZE,14020,1
SERRAVALLE D'ASTI,14020,1
MARMORITO,14020,1
SCHIERANO,14020,1
ROBELLA,14020,1
BUTTIGLIERA D'ASTI,14021,1
CASTELNUOVO DON BOSCO,14022,1
BECCHI,14022,1
ALBUGNANO,14022,1
MONDONIO SAN DOMENICO SAVIO,14022,1
MORANSENGO,14023,1
COCCONITO VIGNARETTO,14023,1
COCCONITO,14023,1
TONENGO,14023,1
COCCONATO,14023,1
MONCUCCO TORINESE,14024,1
CHIUSANO D'ASTI,14025,1
MONTECHIARO D'ASTI,14025,1
COLCAVAGNO,14026,1
PIOVA' MASSAIA,14026,1
MONTIGLIO MONFERRATO,14026,1
MONTIGLIO,14026,1
SCANDELUZZA,14026,1
CUNICO,14026,1
PENANGO,14030,1
ROCCHETTA TANARO,14030,1
CERRO TANARO,14030,1
VALENZANI,14030,1
SCURZOLENGO,14030,1
ROCCA D'ARAZZO,14030,1
ACCORNERI,14030,1
AZZANO D'ASTI,14030,1
FRINCO,14030,1
CASTAGNOLE MONFERRATO,14030,1
REFRANCORE,14030,1
VIARIGI,14030,1
GRANA,14031,1
CALLIANO,14031,1
CASORZO,14032,1
CASTELL'ALFERO STAZIONE,14033,1
CALLIANETTO,14033,1
CASTELL'ALFERO,14033,1
CASTELLO DI ANNONE,14034,1
MONFALLITO,14034,1
GRAZZANO BADOGLIO,14035,1
MONCALVO,14036,1
MIGLIANDOLO,14037,1
CASTIGLIONE D'ASTI,14037,1
PORTACOMARO,14037,1
TONCO,14039,1
MONGARDINO,14040,1
CORTIGLIONE,14040,1
QUARANTI,14040,1
VINCHIO,14040,1
MONTABONE,14040,1
CASTELLETTO MOLINA,14040,1
VIGLIANO D'ASTI,14040,1
CASTELNUOVO CALCEA,14040,1
MARANZANA,14040,1
CASTEL BOGLIONE,14040,1
BELVEGLIO,14040,1
AGLIANO,14041,1
AGLIANO TERME,14041,1
ROCCHETTA PALAFEA,14042,1
CALAMANDRANA,14042,1
CASTELNUOVO BELBO,14043,1
FONTANILE,14044,1
CASTEL ROCCHERO,14044,1
INCISA SCAPACCINO,14045,1
BAZZANA,14046,1
BRUNO,14046,1
MOMBARUZZO,14046,1
MOMBERCELLI,14047,1
MONTEGROSSO D'ASTI,14048,1
MONTEGROSSO D'ASTI STAZIONE,14048,1
MONTALDO SCARAMPI,14048,1
VAGLIO SERRA,14049,1
NIZZA MONFERRATO,14049,1
OLMO GENTILE,14050,1
MOMBALDONE,14050,1
SEROLE,14050,1
CESSOLE,14050,1
MOTTA DI COSTIGLIOLE,14050,1
ROCCAVERANO,14050,1
MOASCA,14050,1
SAN MARZANO OLIVETO,14050,1
CASSINASCO,14050,1
LOAZZOLO,14051,1
BUBBIO,14051,1
CALOSSO,14052,1
CANELLI,14053,1
SANT'ANTONIO DI CANELLI,14053,1
CANELLI RECAPITO GANCIA,14053,1
COAZZOLO,14054,1
CASTAGNOLE DELLE LANZE,14054,1
OLMO DI CASTAGNOLE LANZE,14054,1
SAN BARTOLOMEO LANZE,14054,1
BOGLIETTO,14055,1
COSTIGLIOLE D'ASTI,14055,1
MOLINI D'ISOLA,14057,1
ISOLA D'ASTI,14057,1
SESSAME,14058,1
MONASTERO BORMIDA,14058,1
SAN GIORGIO SCARAMPI,14059,1
VESIME,14059,1
QUARTO D'ASTI,14100,1
ASTI,14100,1
SESSANT,14100,1
REVIGNANO,14100,1
VALLEANDONA,14100,1
VAGLIERANO,14100,1
SAN MARZANOTTO,14100,1
PORTACOMARO STAZIONE,14100,1
MONTEMARZO,14100,1
MONTEMARZO D'ASTI,14100,1
VALGERA,14100,1
VARIGLIE,14100,1
MOMBARONE,14100,1
VALLETANARO,14100,1
VIATOSTO,14100,1
POGGIO D'ASTI,14100,1
STAZIONE DI PORTACOMARO,14100,1
ANDORNO MICCA,13811,1
TAVIGLIANO,13811,1
CAMPIGLIA CERVO,13812,1
MONTESINARO,13812,1
BALMA BIELLESE,13812,1
BALMA,13812,1
PIEDICAVALLO,13812,1
QUITTENGO,13812,1
SAN PAOLO CERVO,13812,1
POLLONE,13814,1
ROSAZZA,13815,1
MIAGLIANO,13816,1
SAGLIANO MICCA,13816,1
SORDEVOLO,13817,1
TOLLEGNO,13818,1
CALLABIANA,13821,1
CAMANDONA,13821,1
PISTOLESA,13822,1
FONTANELLA OZINO,13823,1
STRONA,13823,1
VEGLIO,13824,1
CROCEMOSSO,13825,1
MEZZANA MORTIGLIENGO,13831,1
PORTULA,13833,1
BOTTO,13835,1
TRIVERO,13835,1
BULLIANA,13835,1
SOPRANA,13835,1
PRATRIVERO,13835,1
VALLE MOSSO,13835,1
MOSSO,13835,1
COSSATO,13836,1
PONTE GUELPA,13836,1
CASTELLENGO,13836,1
AGLIETTI,13836,1
BIOGLIO,13841,1
SELVE MARCONE,13841,1
PETTINENGO,13843,1
TERNENGO,13844,1
PIATTO,13844,1
RONCO BIELLESE,13845,1
VALLANZENGO,13847,1
VALLE SAN NICOLAO,13847,1
ZUMAGLIA,13848,1
CASTELLETTO CERVO,13851,1
CAPOVILLA,13853,1
CROSA,13853,1
LESSONA,13853,1
CERRETO CASTELLO,13854,1
QUAREGNA,13854,1
VALDENGO,13855,1
VIGLIANO BIELLESE,13856,1
VILLAGGI,13856,1
AILOCHE,13861,1
BRUSNENGO,13862,1
COGGIOLA,13863,1
CREVACUORE,13864,1
CURINO,13865,1
CASAPINTA,13866,1
MASSERANO,13866,1
FLECCHIA,13867,1
PRAY,13867,1
PIANCERI ALTO,13867,1
VILLA DEL BOSCO,13868,1
SOSTEGNO,13868,1
BENNA,13871,1
VERRONE,13871,1
BORRIANA,13872,1
MASSAZZA,13873,1
GIFFLENGA,13874,1
MOTTALCIATA,13874,1
PONDERANO,13875,1
SANDIGLIANO,13876,1
VILLANOVA BIELLESE,13877,1
CANDELO,13878,1
DORZANO,13881,1
CAVAGLIA',13881,1
CERRIONE,13882,1
VERGNASCO,13882,1
MAGNONEVOLO,13882,1
ROPPOLO,13883,1
TORRAZZO,13884,1
SALA BIELLESE,13884,1
SALUSSOLA,13885,1
VIGELLIO,13885,1
BRIANCO,13885,1
VIVERONE,13886,1
ZIMONE,13887,1
CERESANE,13888,1
CURANUOVA,13888,1
MONGRANDO,13888,1
ZUBIENA,13888,1
CAMBURZANO,13891,1
DONATO,13893,1
GAGLIANICO,13894,1
GRAGLIA SANTUARIO,13895,1
GRAGLIA,13895,1
GRAGLIA BAGNI,13895,1
MUZZANO,13895,1
NETRO,13896,1
OCCHIEPPO INFERIORE,13897,1
OCCHIEPPO SUPERIORE,13898,1
PRALUNGO,13899,1
CHIAVAZZA,13900,1
BIELLA,13900,1
OROPA,13900,1
VANDORNO,13900,1
PAVIGNANO,13900,1
FAVARO,13900,1
BARAZZETTO,13900,1
COSSILA,13900,1
PIANCHE,12010,1
PIETRAPORZIO,12010,1
VALDIERI,12010,1
CERVASCA,12010,1
SANTA CROCE CERVASCA,12010,1
BERNEZZO,12010,1
VIGNOLO,12010,1
AISONE,12010,1
ENTRACQUE,12010,1
VALLORIATE,12010,1
VINADIO,12010,1
ROCCASPARVERA,12010,1
MOIOLA,12010,1
SANT'ANNA DI VALDIERI,12010,1
RITTANA,12010,1
SAMBUCO,12010,1
BAGNI DI VINADIO,12010,1
SAN DEFENDENTE,12010,1
GAIOLA,12010,1
SAN ROCCO DI BERNEZZO,12010,1
ANDONNO,12010,1
BERSEZIO,12010,1
ROASCHIA,12010,1
ARADOLO LA BRUNA,12011,1
MARTINETTO DEL RAME,12011,1
BORGO SAN DALMAZZO,12011,1
BOVES,12012,1
RIVOIRA,12012,1
MELLANA,12012,1
SAN GIACOMO DI BOVES,12012,1
CERATI,12012,1
CHIUSA DI PESIO,12013,1
DEMONTE,12014,1
FESTIONA,12014,1
LIMONE PIEMONTE,12015,1
PEVERAGNO,12016,1
SAN LORENZO PEVERAGNO,12016,1
ROBILANTE,12017,1
BRIGNOLA,12018,1
ROCCAVIONE,12018,1
BRIGNOLA SOTTANA,12018,1
VERNANTE,12019,1
VILLAFALLETTO,12020,1
VILLAR SAN COSTANZO,12020,1
VALGRANA,12020,1
ROSSANA,12020,1
ROCCABRUNA,12020,1
TARANTASCA,12020,1
FRASSINO,12020,1
SAMPEYRE,12020,1
VILLAR,12020,1
VENASCA,12020,1
VILLAR SAMPEYRE,12020,1
CARTIGNANO,12020,1
MARMORA,12020,1
MONSOLA,12020,1
ELVA,12020,1
LEMMA,12020,1
CASTELDELFINO,12020,1
PONTECHIANALE,12020,1
CELLE DI MACRA,12020,1
BROSSASCO,12020,1
CASTELMAGNO,12020,1
VOTTIGNASCO,12020,1
BELLINO,12020,1
RORE,12020,1
STROPPO,12020,1
ISASCA,12020,1
SAN PIETRO MONTEROSSO,12020,1
MONTEROSSO GRANA,12020,1
MACRA,12020,1
CANOSIO,12020,1
MELLE,12020,1
ACCEGLIO,12021,1
VALMALA,12022,1
SAN CHIAFFREDO,12022,1
CASTELLETTO BUSCA,12022,1
CARAGLIO,12023,1
COSTIGLIOLE SALUZZO,12024,1
MONTEMALE DI CUNEO,12025,1
DRONERO,12025,1
PIASCO,12026,1
PRADLEVES,12027,1
SAN MICHELE PRAZZO,12028,1
PRAZZO,12028,1
LOTTULO,12029,1
SAN DAMIANO MACRA,12029,1
MURELLO,12030,1
TORRE SAN GIORGIO,12030,1
LAGNASCO,12030,1
POLONGHERA,12030,1
OSTANA,12030,1
CAVALLERLEONE,12030,1
MARENE,12030,1
ENVIE,12030,1
GAMBASCA,12030,1
MONASTEROLO DI SAVIGLIANO,12030,1
FAULE,12030,1
CRISSOLO,12030,1
CAVALLERMAGGIORE,12030,1
PAGNO,12030,1
SCARNAFIGI,12030,1
VILLANOVA SOLARO,12030,1
ONCINO,12030,1
MARTINIANA PO,12030,1
RUFFIA,12030,1
BRONDELLO,12030,1
CASALGRASSO,12030,1
CARAMAGNA PIEMONTE,12030,1
MANTA,12030,1
MADONNA DEL PILONE,12030,1
SANFRONT,12030,1
RIFREDDO DI SALUZZO,12030,1
CARDE',12030,1
BAGNOLO PIEMONTE,12031,1
BARGE,12032,1
GALLEANE,12032,1
MORETTA,12033,1
PAESANA,12034,1
RACCONIGI,12035,1
STAFFARDA,12036,1
REVELLO,12036,1
CASTELLAR,12037,1
CERVIGNASCO,12037,1
SAN LAZZARO SALUZZO,12037,1
VIA DEI ROMANI,12037,1
SALUZZO,12037,1
LEVALDIGI,12038,1
SAVIGLIANO,12038,1
VILLANOVETTA,12039,1
FALICETTO,12039,1
VERZUOLO,12039,1
SANT'ALBANO STURA,12040,1
SALMOUR,12040,1
BALDISSERO D'ALBA,12040,1
MARGARITA,12040,1
MOROZZO,12040,1
PIOBESI D'ALBA,12040,1
VEZZA D'ALBA,12040,1
SANTO STEFANO ROERO,12040,1
CANOVE,12040,1
SOMMARIVA PERNO,12040,1
CERVERE,12040,1
CERESOLE ALBA,12040,1
MONTEU ROERO,12040,1
SAN LORENZO ROERO,12040,1
CASTELLETTO STURA,12040,1
PRIOCCA,12040,1
GENOLA,12040,1
GOVONE,12040,1
SANFRE',12040,1
CORNELIANO D'ALBA,12040,1
MONTANERA,12040,1
MONTALDO ROERO,12040,1
TRUCCHI,12040,1
ISOLA DI BENE VAGIENNA,12041,1
BENE VAGIENNA,12041,1
POLLENZO,12042,1
BRA,12042,1
BANDITO,12042,1
VALPONE,12043,1
ROATA CHIUSANI,12044,1
CENTALLO,12044,1
PIOVANI,12045,1
GERBO,12045,1
SAN SEBASTIANO DELLA COMUNIA,12045,1
MADDALENE,12045,1
TAGLIATA,12045,1
FOSSANO,12045,1
MURAZZO,12045,1
SAN ROCCO MONTA',12046,1
CRAVA,12047,1
ROCCA DE' BALDI,12047,1
SOMMARIVA DEL BOSCO,12048,1
CASTAGNITO,12050,1
LEQUIO BERRIA,12050,1
TORRE BORMIDA,12050,1
TREISO,12050,1
GUARENE,12050,1
MAGLIANO ALFIERI,12050,1
BORGOMALE,12050,1
ARGUELLO,12050,1
RODDINO,12050,1
BENEVELLO,12050,1
BOSIA,12050,1
CISSONE,12050,1
CERRETO LANGHE,12050,1
SAN BENEDETTO BELBO,12050,1
CASTINO,12050,1
RODELLO,12050,1
NIELLA BELBO,12050,1
BARACCONE,12050,1
SINIO,12050,1
NEVIGLIE,12050,1
SERRAVALLE LANGHE,12050,1
MONTELUPO ALBESE,12050,1
CASTELLINALDO,12050,1
SANT'ANTONIO MAGLIANO ALFIERI,12050,1
BARBARESCO,12050,1
ROCCHETTA BELBO,12050,1
TREZZO TINELLA,12050,1
ALBARETTO DELLA TORRE,12050,1
CRAVANZANA,12050,1
FEISOGLIO,12050,1
SERRALUNGA D'ALBA,12050,1
ALBA,12051,1
MUSSOTTO,12051,1
NEIVE,12052,1
BORGONUOVO DI NEIVE,12052,1
SANTUARIO TINELLA,12053,1
CASTIGLIONE TINELLA,12053,1
COSSANO BELBO,12054,1
SANTA LIBERA,12054,1
VALLE TALLORIA,12055,1
RICCA,12055,1
DIANO D'ALBA,12055,1
SAN ROCCO CHERASCA,12055,1
MANGO,12056,1
SAN DONATO DI MANGO,12056,1
CAMO,12058,1
SANTO STEFANO BELBO,12058,1
VALDIVILLA,12058,1
BOSSOLASCO,12060,1
BASTIA MONDOVI',12060,1
MURAZZANO,12060,1
SOMANO,12060,1
CLAVESANA,12060,1
GRINZANE CAVOUR,12060,1
NIELLA TANARO,12060,1
CIGLIE',12060,1
FARIGLIANO,12060,1
BAROLO,12060,1
LEQUIO TANARO,12060,1
BONVICINO,12060,1
MAGLIANO ALPI,12060,1
CASTELLINO TANARO,12060,1
BELVEDERE LANGHE,12060,1
POCAPAGLIA,12060,1
ROCCA CIGLIE',12060,1
RODDI,12060,1
NOVELLO,12060,1
VERDUNO,12060,1
MAGLIANO ALPI SOTTANO,12060,1
PIOZZO,12060,1
CASTIGLIONE FALLETTO,12060,1
IGLIANO,12060,1
MAGLIANO ALPI SOPRANO,12060,1
GALLO DI GRINZANE,12060,1
MONCHIERO,12060,1
MACELLAI,12060,1
CARRU',12061,1
BRICCO FAVOLE,12062,1
CHERASCO,12062,1
DOGLIANI,12063,1
LA MORRA,12064,1
PERNO,12065,1
MONFORTE D'ALBA,12065,1
MONTICELLO D'ALBA,12066,1
NARZOLE,12068,1
SANTA VITTORIA D'ALBA,12069,1
SANTA VITTORIA D'ALBA CINZANO,12069,1
SALE SAN GIOVANNI,12070,1
MONTEZEMOLO,12070,1
PERLO,12070,1
NUCETTO,12070,1
PERLETTO,12070,1
SALE DELLE LANGHE,12070,1
VIOLA,12070,1
GOTTASECCA,12070,1
PRIOLA,12070,1
ALTO,12070,1
PRIERO,12070,1
BRAGIOLI,12070,1
LISIO,12070,1
CASTELNUOVO DI CEVA,12070,1
MOMBASIGLIO,12070,1
TORRESINA,12070,1
LEVICE,12070,1
GORZEGNO,12070,1
MOMBARCARO,12070,1
CAPRAUNA,12070,1
SCAGNELLO,12070,1
PAROLDO,12070,1
SCALETTA UZZONE,12070,1
BATTIFOLLO,12070,1
CASTELLETTO UZZONE,12070,1
PEZZOLO VALLE UZZONE,12070,1
BAGNASCO,12071,1
CAMERANA,12072,1
CEVA,12073,1
ROASCIO,12073,1
BERGOLO,12074,1
CORTEMILIA,12074,1
GARESSIO BORGO PONTE,12075,1
CERISOLA,12075,1
GARESSIO BORGO PIAVE,12075,1
GARESSIO,12075,1
TRAPPA,12075,1
LESEGNO,12076,1
PRUNETTO,12077,1
MONESIGLIO,12077,1
ORMEA,12078,1
PONTE DI NAVA,12078,1
SALICETO,12079,1
PRA' DI ROBURENT,12080,1
TORRE MONDOVI',12080,1
VICOFORTE,12080,1
BRIAGLIA,12080,1
MONASTEROLO CASOTTO,12080,1
SAN MICHELE MONDOVI',12080,1
MONTALDO DI MONDOVI',12080,1
ROBURENT,12080,1
SANTUARIO DI VICOFORTE,12080,1
PIANFEI,12080,1
MONASTERO DI VASCO,12080,1
BEINETTE,12081,1
CORSAGLIA,12082,1
BOSSEA,12082,1
FRABOSA SOPRANA,12082,1
FRABOSA SOTTANA,12083,1
GOSI PIANVIGNALE,12083,1
GOSI,12083,1
MONDOVI',12084,1
PASCOMONTI,12084,1
POGLIOLA,12084,1
BREO,12084,1
SANT'ANNA AVAGNINA,12084,1
BREOLUNGI,12084,1
GRATTERIA,12084,1
RIFREDDO MONDOVI',12084,1
SERRA PAMPARATO,12087,1
PAMPARATO,12087,1
VALCASOTTO,12087,1
ROCCAFORTE MONDOVI',12088,1
PREA DI ROCCAFORTE,12088,1
PREA,12088,1
LURISIA,12088,1
VILLANOVA MONDOVI',12089,1
SAN PIETRO DEL GALLO,12100,1
SAN ROCCO CASTAGNARETTA,12100,1
SPINETTA,12100,1
BORGO SAN GIUSEPPE,12100,1
CONFRERIA,12100,1
BORGO GESSO,12100,1
CUNEO,12100,1
SAN BENIGNO,12100,1
PASSATORE,12100,1
MADONNA DELL'OLMO,12100,1
ROATA ROSSI,12100,1
BRIGA ALTA,18025,1
PIAGGIA,18025,1
BRIGA NOVARESE,28010,1
BOGOGNO,28010,1
PISANO,28010,1
SORISO,28010,1
FONTANETO D'AGOGNA,28010,1
DIVIGNANO,28010,1
CAVAGLIETTO,28010,1
BOLZANO NOVARESE,28010,1
BOCA,28010,1
PELLA,28010,1
AGRATE CONTURBIA,28010,1
CAVALLIRIO,28010,1
VAPRIO D'AGOGNA,28010,1
NEBBIUNO,28010,1
ALZO,28010,1
BARENGO,28010,1
CAVAGLIO D'AGOGNA,28010,1
AMENO,28010,1
COLAZZA,28010,1
MIASINO,28010,1
REVISLATE,28010,1
CALTIGNAGA,28010,1
ARMENO,28011,1
COIROMONTE,28011,1
SOVAZZA,28011,1
CRESSA,28012,1
GATTICO,28013,1
VERUNO,28013,1
MAGGIORA,28014,1
MOMO,28015,1
ISOLA SAN GIULIO,28016,1
ORTA NOVARESE,28016,1
ORTA SAN GIULIO,28016,1
SAN MAURIZIO D'OPAGLIO,28017,1
SUNO,28019,1
SAN MARCO DI BORGOMANERO,28021,1
VERGANO DI BORGOMANERO,28021,1
SANTA CRISTINA DI BORGOMANERO,28021,1
BORGOMANERO,28021,1
GOZZANO,28024,1
PETTENASCO,28028,1
MARANO TICINO,28040,1
PARUZZARO,28040,1
LESA,28040,1
VARALLO POMBIA,28040,1
BORGO TICINO,28040,1
MASSINO VISCONTI,28040,1
DORMELLETTO,28040,1
OLEGGIO CASTELLO,28040,1
MEZZOMERICO,28040,1
MERCURAGO,28041,1
DAGNENTE,28041,1
ARONA,28041,1
BELLINZAGO NOVARESE,28043,1
INVORIO,28045,1
GHEVIO,28046,1
MEINA,28046,1
OLEGGIO,28047,1
POMBIA,28050,1
CASTELLETTO SOPRA TICINO,28053,1
GRANOZZO,28060,1
CASALEGGIO NOVARA,28060,1
VINZAGLIO,28060,1
CAMERIANO,28060,1
NIBBIA,28060,1
SOZZAGO,28060,1
COMIGNAGO,28060,1
MANDELLO VITTA,28060,1
ORFENGO,28060,1
GRANOZZO CON MONTICELLO,28060,1
CASALVOLONE,28060,1
CASALBELTRAME,28060,1
SAN NAZZARO SESIA,28060,1
RECETTO,28060,1
CUREGGIO,28060,1
SAN PIETRO MOSEZZO,28060,1
VICOLUNGO,28060,1
CASTELLAZZO NOVARESE,28060,1
CASALINO,28060,1
BIANDRATE,28061,1
CAMERI AERONAUTICA,28062,1
CAMERI,28062,1
SILLAVENGO,28064,1
CARPIGNANO SESIA,28064,1
LANDIONA,28064,1
CERANO,28065,1
GALLIATE,28066,1
ROMENTINO,28068,1
TRECATE,28069,1
SIZZANO,28070,1
TORNACO,28070,1
TERDOBBIATE,28070,1
GARBAGNA NOVARESE,28070,1
NIBBIOLA,28070,1
BORGOLAVEZZARO,28071,1
BRIONA,28072,1
FARA NOVARESE,28073,1
GHEMME,28074,1
GRIGNASCO,28075,1
POGNO,28076,1
PRATO SESIA,28077,1
ROMAGNANO SESIA,28078,1
VESPOLATE,28079,1
SANT'AGABIO,28100,1
BICOCCA DI NOVARA,28100,1
VEVERI,28100,1
OLENGO,28100,1
CASALGIATE,28100,1
LUMELLOGNO,28100,1
AGOGNATE,28100,1
TORRION QUARTARA,28100,1
PERNATE,28100,1
COSSANO CANAVESE,10010,1
STRAMBINELLO,10010,1
ORIO CANAVESE,10010,1
SCARMAGNO,10010,1
MASINO,10010,1
CANDIA CANAVESE,10010,1
BAIRO,10010,1
QUAGLIUZZO,10010,1
PIVERONE,10010,1
NOMAGLIO,10010,1
LESSOLO,10010,1
PALAZZO CANAVESE,10010,1
COLLERETTO GIACOSA,10010,1
CARAVINO,10010,1
FIORANO CANAVESE,10010,1
SAN MARTINO CANAVESE,10010,1
RUEGLIO,10010,1
SETTIMO ROTTARO,10010,1
TAVAGNASCO,10010,1
BUROLO,10010,1
SALERANO CANAVESE,10010,1
MERCENASCO,10010,1
PEROSA CANAVESE,10010,1
CALEA,10010,1
BARONE CANAVESE,10010,1
QUINCINETTO,10010,1
TORRE CANAVESE,10010,1
GAUNA,10010,1
ALBIANO D'IVREA,10010,1
BANCHETTE,10010,1
VILLATE,10010,1
SETTIMO VITTONE,10010,1
CAREMA,10010,1
AZEGLIO,10010,1
CASCINETTE D'IVREA,10010,1
LORANZE',10010,1
PARELLA,10010,1
CHIAVERANO,10010,1
QUASSOLO,10010,1
AGLIE',10011,1
BOLLENGO,10012,1
BORGOFRANCO D'IVREA,10013,1
BAIO DORA,10013,1
CALUSO,10014,1
VALLO DI CALUSO,10014,1
ARE',10014,1
VALLO,10014,1
RODALLO,10014,1
SAN BERNARDO D'IVREA,10015,1
TORRE BALFREDO,10015,1
IVREA,10015,1
MONTALTO DORA,10016,1
PAVONE CANAVESE,10018,1
STRAMBINO,10019,1
CERONE,10019,1
CARRONE,10019,1
PECETTO TORINESE,10020,1
CAVAGNOLO,10020,1
MONTALDO TORINESE,10020,1
ARIGNANO,10020,1
MOMBELLO DI TORINO,10020,1
BALDISSERO TORINESE,10020,1
MARCORENGO,10020,1
ANDEZENO,10020,1
SAN SEBASTIANO DA PO,10020,1
VERRUA SAVOIA,10020,1
BRUSASCO,10020,1
RIVA PRESSO CHIERI,10020,1
MARENTINO,10020,1
CASALBORGONE,10020,1
MORIONDO TORINESE,10020,1
BROZOLO,10020,1
PAVAROLO,10020,1
MADONNA DELLA SCALA,10020,1
RIVODORA,10020,1
MONTEU DA PO,10020,1
LAURIANO,10020,1
SAN BERNARDO CARMAGNOLA,10022,1
SAN MICHELE E GRATO,10022,1
BORGO SALSASIO,10022,1
FUMERI,10022,1
CARMAGNOLA,10022,1
CAVALLERI,10022,1
CHIERI,10023,1
PESSIONE,10023,1
MONCALIERI,10024,1
BARAUDA,10024,1
REVIGLIASCO,10024,1
COLLE DELLA MADDALENA,10024,1
TESTONA,10024,1
TAGLIAFERRO,10024,1
REVIGLIASCO TORINESE,10024,1
BORGO SAN PIETRO DI MONCALIERI,10024,1
PINO TORINESE,10025,1
SANTENA,10026,1
TROFARELLO,10028,1
VALLE SAUGLIO,10028,1
VILLASTELLONE,10029,1
VESTIGNE',10030,1
MAGLIONE,10030,1
RONDISSONE,10030,1
TINA,10030,1
VISCHE,10030,1
VILLAREGGIA,10030,1
BORGOMASINO,10031,1
BRANDIZZO,10032,1
CASTELROSSO,10034,1
TORASSI,10034,1
CHIVASSO,10034,1
TONENGO DI MAZZE',10035,1
MAZZE',10035,1
OLIMPIA,10036,1
SETTIMO TORINESE,10036,1
TORRAZZA PIEMONTE,10037,1
VEROLENGO,10038,1
BORGO REVEL,10038,1
ALICE SUPERIORE,10039,1
LUGNACCO,10039,1
PECCO,10039,1
TEDESCHI,10040,1
LA CASSA,10040,1
MILANERE,10040,1
PIOBESI TORINESE,10040,1
RIVERA,10040,1
RIVALTA DI TORINO,10040,1
RIVAROSSA,10040,1
RUBIANA,10040,1
CASELETTE,10040,1
SAN GILLIO,10040,1
OSASIO,10040,1
GIVOLETTO,10040,1
BIVIO CUMIANA,10040,1
LEINI',10040,1
MONTELERA,10040,1
NOVARETTO,10040,1
ZUCCHE,10040,1
LA LOGGIA,10040,1
ALMESE,10040,1
LOMBARDORE,10040,1
CUMIANA,10040,1
DRUENTO,10040,1
VAL DELLA TORRE,10040,1
GERBOLE,10040,1
LOMBRIASCO,10040,1
CAPRIE,10040,1
PRALORMO,10040,1
VOLVERA,10040,1
VILLAR DORA,10040,1
CERETTO DI CARIGNANO,10041,1
CERETTO,10041,1
NICHELINO,10042,1
STUPINIGI,10042,1
ORBASSANO,10043,1
PIANEZZA,10044,1
PIOSSASCO,10045,1
GAROLA,10045,1
MAROCCHI,10046,1
AVATANEI,10046,1
FAVARI,10046,1
POIRINO,10046,1
ISOLABELLA,10046,1
VINOVO,10048,1
GARINO,10048,1
MONCENISIO,10050,1
SAN GIORIO,10050,1
SALICE D'ULZIO,10050,1
CLAVIERE,10050,1
SAN GIORIO DI SUSA,10050,1
BRUZOLO,10050,1
CHIUSA DI SAN MICHELE,10050,1
VERNETTO,10050,1
BORGONE SUSA,10050,1
BARATTE,10050,1
CHIANOCCO,10050,1
COAZZE,10050,1
ZOIE,10050,1
NOVALESA,10050,1
SAUZE D'OULX,10050,1
SAN DIDERO,10050,1
SALBERTRAND,10050,1
MEANA DI SUSA,10050,1
CHIOMONTE,10050,1
VENAUS,10050,1
VILLAR FOCCHIARDO,10050,1
MATTIE,10050,1
GIAGLIONE,10050,1
VAIE,10050,1
GRAVERE,10050,1
EXILLES,10050,1
SANT'ANTONINO DI SUSA,10050,1
GRANGIA,10051,1
AVIGLIANA,10051,1
DRUBIAGLIO,10051,1
BORGONOVO BARDONECCHIA,10052,1
BARDONECCHIA,10052,1
FORESTO,10053,1
BUSSOLENO,10053,1
BOUSSON,10054,1
SAUZE DI CESANA,10054,1
CESANA TORINESE,10054,1
SOLOMIAC,10054,1
CONDOVE,10055,1
OULX,10056,1
BEAULARD,10056,1
SANT'AMBROGIO DI TORINO,10057,1
SESTRIERE,10058,1
COLLE SESTRIERE,10058,1
MOMPANTERO,10059,1
SUSA,10059,1
MIRADOLO,10060,1
DUBBIONE,10060,1
PISCINA,10060,1
ANGROGNA,10060,1
PRAROSTINO,10060,1
SAN PIETRO VAL LEMINA,10060,1
MACELLO,10060,1
CANDIOLO,10060,1
CASTAGNOLE PIEMONTE,10060,1
INVERSO PINASCA,10060,1
VILLAR PELLICE,10060,1
ROURE,10060,1
RORA',10060,1
VIRLE PIEMONTE,10060,1
PRAGELATO,10060,1
MENTOULLES,10060,1
CANTALUPA,10060,1
ROLETTO,10060,1
BRICHERASIO,10060,1
BOBBIO PELLICE,10060,1
VIOTTO,10060,1
VILLARETTO,10060,1
NONE,10060,1
VILLARETTO CHISONE,10060,1
SCALENGHE,10060,1
PANCALIERI,10060,1
COMBALERE,10060,1
PERRERO,10060,1
OSASCO,10060,1
AIRASCA,10060,1
PRA' CATINAT,10060,1
FENESTRELLE,10060,1
BURIASCO,10060,1
LUSERNETTA,10060,1
FROSSASCO,10060,1
USSEAUX,10060,1
GARZIGLIANA,10060,1
SALZA DI PINEROLO,10060,1
PRALI,10060,1
MASSELLO,10060,1
CERCENASCO,10060,1
PORTE,10060,1
CAMPIGLIONE FENILE,10060,1
SAN SECONDO DI PINEROLO,10060,1
PINASCA,10060,1
RORETO CHISONE,10060,1
BIBIANA,10060,1
RICLARETTO,10060,1
CAVOUR,10061,1
AIRALI,10062,1
LUSERNA SAN GIOVANNI,10062,1
POMARETTO,10063,1
PEROSA ARGENTINA,10063,1
PINEROLO,10064,1
BAUDENASCA,10064,1
RIVA DI PINEROLO,10064,1
ABBADIA ALPINA,10064,1
SAN GERMANO CHISONE,10065,1
PRAMOLLO,10065,1
TORRE PELLICE,10066,1
VIGONE,10067,1
VILLAFRANCA PIEMONTE,10068,1
VILLAR PEROSA,10069,1
BALANGERO,10070,1
PESSINETTO,10070,1
TRAVES,10070,1
VARISELLA,10070,1
GROSCAVALLO,10070,1
MEZZENILE,10070,1
GERMAGNANO,10070,1
PROCARIA,10070,1
FORNO ALPI GRAIE,10070,1
COL SAN GIOVANNI DI VIU',10070,1
CAFASSE,10070,1
COASSOLO TORINESE,10070,1
SAN CARLO CANAVESE,10070,1
CANTOIRA,10070,1
LEVONE,10070,1
CORIO,10070,1
MONDRONE,10070,1
GROSSO,10070,1
LEMIE,10070,1
COL SAN GIOVANNI,10070,1
VIU',10070,1
ROCCA CANAVESE,10070,1
BENNE,10070,1
ALA DI STURA,10070,1
SAN FRANCESCO AL CAMPO,10070,1
VILLANOVA CANAVESE,10070,1
CERES,10070,1
MONASTEROLO TORINESE,10070,1
VAUDA CANAVESE SUPERIORE,10070,1
VALLO TORINESE,10070,1
VAUDA CANAVESE,10070,1
FRONT,10070,1
BONZO,10070,1
BALME,10070,1
ROBASSOMERO,10070,1
BARBANIA,10070,1
MONASTERO DI LANZO,10070,1
USSEGLIO,10070,1
CHIALAMBERTO,10070,1
BORGARO TORINESE,10071,1
MAPPANO,10072,1
CASELLE TORINESE,10072,1
DEVESI,10073,1
CIRIE',10073,1
LANZO TORINESE,10074,1
MATHI,10075,1
NOLE,10076,1
CERETTA DI SAN MAURIZIO CANAVESE,10077,1
MALANGHERO,10077,1
SAN MAURIZIO CANAVESE,10077,1
VENARIA REALE,10078,1
ALTESSANO,10078,1
VALPRATO SOANA,10080,1
SAN COLOMBANO BELMONTE,10080,1
PRATIGLIONE,10080,1
SALASSA,10080,1
CINTANO,10080,1
SPARONE,10080,1
OZEGNA,10080,1
CICONIO,10080,1
FORNOLOSA,10080,1
SAN PONSO,10080,1
LUSIGLIE',10080,1
VISTRORIO,10080,1
CASETTI,10080,1
TRAVERSELLA,10080,1
BALDISSERO CANAVESE,10080,1
BROSSO,10080,1
BORGIALLO,10080,1
FELETTO,10080,1
CANISCHIO,10080,1
COLLERETTO CASTELNUOVO,10080,1
ROSONE,10080,1
SAN BENIGNO CANAVESE,10080,1
INGRIA,10080,1
PERTUSIO,10080,1
CERESOLE REALE,10080,1
BOSCONERO,10080,1
OGLIANICO,10080,1
BUSANO,10080,1
RONCO CANAVESE,10080,1
RIBORDONE,10080,1
VIDRACCO,10080,1
DRUSACCO,10080,1
ALPETTE,10080,1
CASTELNUOVO NIGRA,10080,1
NOASCA,10080,1
VILLA CASTELNUOVO,10080,1
FRASSINETTO,10080,1
LOCANA,10080,1
PRASCORSANO,10080,1
ISSIGLIO,10080,1
CASTELLAMONTE,10081,1
SAN GIOVANNI CANAVESE,10081,1
CAMPO CANAVESE,10081,1
MURIAGLIO,10081,1
CUORGNE',10082,1
SALTO CANAVESE,10082,1
PRIACCO,10082,1
FAVRIA,10083,1
FORNO CANAVESE,10084,1
PONT CANAVESE,10085,1
RIVAROLO CANAVESE,10086,1
VALPERGA,10087,1
VOLPIANO,10088,1
VICO CANAVESE,10089,1
TRAUSELLA,10089,1
MEUGLIANO,10089,1
SANGANO,10090,1
RIVALBA,10090,1
SAN GIORGIO CANAVESE,10090,1
TRANA,10090,1
ROSTA,10090,1
FOGLIZZO,10090,1
BUSSOLINO,10090,1
SCIOLZE,10090,1
ROMANO CANAVESE,10090,1
CASTAGNETO PO,10090,1
CASTIGLIONE TORINESE,10090,1
MONTALENGHE,10090,1
VILLARBASSE,10090,1
VILLAGGIO LA QUERCIA,10090,1
BUTTIGLIERA ALTA,10090,1
PIANA SAN RAFFAELE,10090,1
BRUINO,10090,1
SAN RAFFAELE CIMENA,10090,1
REANO,10090,1
SAN GIUSTO CANAVESE,10090,1
GASSINO TORINESE,10090,1
CUCEGLIO,10090,1
CORBIGLIA,10090,1
VIALFRE',10090,1
ALPIGNANO,10091,1
BEINASCO,10092,1
BORGARETTO,10092,1
COLLEGNO,10093,1
REGINA MARGHERITA,10093,1
LEUMANN,10093,1
SAVONERA,10093,1
BORGATA PARADISO DI COLLEGNO,10093,1
SELVAGGIO,10094,1
VALGIOIE,10094,1
GIAVENO,10094,1
PONTEPIETRA,10094,1
GRUGLIASCO,10095,1
LESNA,10095,1
BRUERE,10098,1
CASCINE VICA,10098,1
RIVOLI,10098,1
TETTI NEIROTTI,10098,1
SAN MAURO TORINESE,10099,1
CAVORETTO,10133,1
BERTOLLA BARCA,10156,1
FALCHERA,10156,1
COSSOGNO,28801,1
ALBO,28802,1
MERGOZZO,28802,1
PREMOSELLO CHIOVENDA,28803,1
CUZZAGO,28803,1
SAN BERNARDINO VERBANO,28804,1
VOGOGNA,28805,1
CISSANO,28811,1
ARIZZANO,28811,1
CRESSEGLIO,28811,1
AURANO,28812,1
BEE,28813,1
CAMBIASCA,28814,1
CAPREZZO,28815,1
INTRAGNA,28816,1
MIAZZINA,28817,1
PREMENO,28818,1
VIGNONE,28819,1
CANNERO RIVIERA,28821,1
CANNOBIO,28822,1
GHIFFA,28823,1
CARGIAGO,28823,1
SUSELLO,28823,1
GONTE,28824,1
OGGEBBIO,28824,1
PONTE DI FALMENTA,28825,1
TRAREGO VIGGIONA,28826,1
CAVAGLIO SPOCCIA,28827,1
CURSOLO ORASSO,28827,1
AIRETTA,28827,1
FALMENTA,28827,1
GURRO,28828,1
FERIOLO BAVENO,28831,1
FERIOLO,28831,1
BAVENO,28831,1
BELGIRATE,28832,1
BROVELLO CARPUGNINO,28833,1
VEZZO,28836,1
GIGNESE,28836,1
ISOLA BELLA,28838,1
MAGOGNINO,28838,1
CARCIANO,28838,1
LEVO,28838,1
BINDA,28838,1
ANTRONAPIANA,28841,1
ANTRONA SCHIERANCO,28841,1
BOGNANCO,28842,1
FONTI,28842,1
BOGNANCO FONTI,28842,1
MONTESCHENO,28843,1
VILLADOSSOLA,28844,1
DOMODOSSOLA,28845,1
SEPPIANA,28846,1
VIGANELLA,28846,1
CUZZEGO,28851,1
BEURA,28851,1
BEURA CARDEZZA,28851,1
CRAVEGGIA,28852,1
VOCOGNO,28852,1
DRUOGNO,28853,1
MALESCO,28854,1
ZORNASCO,28854,1
FINERO,28854,1
MASERA,28855,1
RE,28856,1
VILLETTE,28856,1
SANTA MARIA MAGGIORE,28857,1
TOCENO,28858,1
TRONTANO,28859,1
BACENO,28861,1
CRODO,28862,1
FORMAZZA,28863,1
MONTECRESTESE,28864,1
PONTETTO,28864,1
ROLDO,28864,1
CREVOLADOSSOLA,28865,1
PREGLIA,28865,1
PREMIA,28866,1
ISELLE,28868,1
TRASQUERA,28868,1
VARZO,28868,1
BANNIO ANZINO,28871,1
CALASCA CASTIGLIONE,28873,1
CASTIGLIONE D'OSSOLA,28873,1
CEPPO MORELLI,28875,1
BORCA,28876,1
BORCA DI MACUGNAGA,28876,1
PESTARENA,28876,1
MACUGNAGA,28876,1
ORNAVASSO,28877,1
ANZOLA D'OSSOLA,28877,1
VANZONE CON SAN CARLO,28879,1
RAMATE,28881,1
GABBIO CON MONTE OSSOLANO,28881,1
CASALE CORTE CERRO,28881,1
GABBIO,28881,1
GRANEROLO,28883,1
GRAVELLONA TOCE,28883,1
PALLANZENO,28884,1
PIEDIMULERA,28885,1
PIEVE VERGONTE,28886,1
CIREGGIO,28887,1
AGRANO,28887,1
GERMAGNO,28887,1
BAGNELLA,28887,1
CRUSINALLO,28887,1
OMEGNA,28887,1
NONIO,28891,1
CESARA,28891,1
LOREGLIA,28893,1
MADONNA DEL SASSO,28894,1
FORNO DI OMEGNA,28895,1
MASSIOLA,28895,1
QUARNA SOTTO,28896,1
FORNERO,28897,1
VALSTRONA,28897,1
LUZZOGNO,28897,1
SAMBUGHETTO,28897,1
QUARNA SOPRA,28898,1
AROLA,28899,1
VERBANIA,28922,1
STROPPIANA,13010,1
MOTTA DE' CONTI,13010,1
CIVIASCO,13010,1
GUARDABOSONE,13010,1
VILLATA,13010,1
CARESANA,13010,1
POSTUA,13010,1
PEZZANA,13010,1
BORGOSESIA,13011,1
BETTOLE SESIA,13011,1
ISOLELLA,13011,1
BORGO VERCELLI,13012,1
QUARONA,13017,1
DOCCIO,13017,1
VALDUGGIA,13018,1
ZUCCARO,13018,1
MORCA,13019,1
VALMAGGIA,13019,1
ROCCAPIETRA,13019,1
VARALLO,13019,1
PILA,13020,1
MOLLIA,13020,1
RIMELLA,13020,1
BALMUCCIA,13020,1
BREIA,13020,1
SABBIA,13020,1
ROSSA,13020,1
RASSA,13020,1
FERRERA,13020,1
VOCCA,13020,1
PIODE,13020,1
CRAVAGLIANA,13020,1
CA' DI IANZO,13020,1
RIVA VALDOBBIA,13021,1
ALAGNA VALSESIA,13021,1
FERVENTO,13022,1
BOCCIOLETO,13022,1
CAMPERTOGNO,13023,1
CELLIO,13024,1
FOBELLO,13025,1
CERVATTO,13025,1
RIMA SAN GIUSEPPE,13026,1
RIMASCO,13026,1
CARCOFORO,13026,1
SCOPA,13027,1
VILLARBOIT,13030,1
CARESANABLOT,13030,1
COLLOBIANO,13030,1
ALBANO VERCELLESE,13030,1
GHISLARENGO,13030,1
RIVE,13030,1
OLDENICO,13030,1
PERTENGO,13030,1
CASANOVA ELVO,13030,1
GREGGIO,13030,1
SAN GIACOMO VERCELLESE,13030,1
QUINTO VERCELLESE,13030,1
FORMIGLIANA,13030,1
ARBORIO,13031,1
ASIGLIANO VERCELLESE,13032,1
COSTANZANA,13033,1
DESANA,13034,1
LENTA,13035,1
RONSECCO,13036,1
BORNATE SESIA,13037,1
VINTEBBIO,13037,1
SERRAVALLE SESIA,13037,1
TRICERRO,13038,1
TRINO,13039,1
ALICE CASTELLO,13040,1
PALAZZOLO VERCELLESE,13040,1
BURONZO,13040,1
BORGO D'ALE,13040,1
CROVA,13040,1
SALI VERCELLESE,13040,1
MONCRIVELLO,13040,1
SALUGGIA,13040,1
ROVASENDA,13040,1
SALASCO,13040,1
SANT'ANTONINO,13040,1
FORNACE CROCICCHIO,13040,1
FONTANETTO PO,13040,1
BALOCCO,13040,1
CARISIO,13040,1
BIANZE',13041,1
CIGLIANO,13043,1
SAN GENUARIO,13044,1
CRESCENTINO,13044,1
LOZZOLO,13045,1
GATTINARA,13045,1
LAMPORO,13046,1
LIVORNO FERRARIS,13046,1
OLCENENGO,13047,1
SAN GERMANO VERCELLESE,13047,1
SANTHIA',13048,1
TRONZANO VERCELLESE,13049,1
ROASIO,13060,1
BRAROLA,13100,1
LARIZZATE,13100,1
VERCELLI,13100,1
CASAMASSIMA,70010,1
TRITO,70010,1
VALENZANO,70010,1
SAMMICHELE DI BARI,70010,1
CELLAMARE,70010,1
ADELFIA,70010,1
TURI,70010,1
LOCOROTONDO,70010,1
CAPURSO,70010,1
ADELFIA MONTRONE,70010,1
ADELFIA CANNETO,70010,1
COREGGIA,70011,1
ALBEROBELLO,70011,1
CASTELLANA GROTTE,70013,1
TRIGGIANELLO,70014,1
CONVERSANO,70014,1
LAMADACQUA,70015,1
NOCI,70015,1
PARCO SCIZZO,70016,1
PARCHITELLO,70016,1
NOICATTARO,70016,1
SAN MICHELE IN MONTE LAURETO,70017,1
SAN PIETRO PITURNO,70017,1
RUTIGLIANO,70018,1
TRIGGIANO,70019,1
BITRITTO,70020,1
BITETTO,70020,1
CASSANO DELLE MURGE,70020,1
TORITTO,70020,1
BINETTO,70020,1
POGGIORSINI,70020,1
ACQUAVIVA DELLE FONTI,70021,1
ALTAMURA,70022,1
PARISI,70022,1
CURTANIELLO,70022,1
MURGIA,70023,1
GIOIA DEL COLLE,70023,1
DOLCECANTO,70024,1
GRAVINA IN PUGLIA,70024,1
LA MURGETTA,70024,1
MURGETTA,70024,1
GRUMO APPULA,70025,1
MODUGNO,70026,1
PALO DEL COLLE,70027,1
SANNICANDRO DI BARI,70028,1
SANTERAMO IN COLLE,70029,1
BITONTO,70032,1
MARIOTTO,70032,1
PALOMBAIO,70032,1
CORATO,70033,1
RUVO DI PUGLIA,70037,1
TERLIZZI,70038,1
SAN MADERNO,70042,1
MOLA DI BARI,70042,1
COZZE,70042,1
SANT'ANTONIO D'ASCULA,70043,1
LAMALUNGA,70043,1
MONOPOLI,70043,1
IMPALATA,70043,1
GORGOFREDDO,70043,1
ANTONELLI,70043,1
COZZANA,70043,1
POLIGNANO A MARE,70044,1
GIOVINAZZO,70054,1
MOLFETTA,70056,1
FESCA,70123,1
SAN FRANCESCO DELL'ARENA,70123,1
STANIC,70123,1
PICONE,70124,1
POGGIO FRANCO,70124,1
CARRASSI,70125,1
JAPIGIA,70126,1
MUNGIVACCA,70126,1
TORRE A MARE,70126,1
SANTO SPIRITO,70127,1
PALESE,70128,1
LOSETO,70129,1
CEGLIE DEL CAMPO,70129,1
CARBONARA DI BARI,70131,1
SERRANOVA DI CAROVIGNO,72012,1
SERRANOVA,72012,1
CAROVIGNO,72012,1
CEGLIE MESSAPICA,72013,1
CASALINI,72014,1
CISTERNINO,72014,1
CARANNA,72014,1
MADONNA POZZO GUACITO,72015,1
FASANO,72015,1
PEZZE DI GRECO,72015,1
LAMIE DI OLIMPIE,72015,1
STAZIONE DI FASANO,72015,1
SAVELLETRI,72015,1
MARINA DI SAVELLETRI,72015,1
TORRE CANNE,72015,1
SELVA DI FASANO,72015,1
MONTALBANO DI FASANO,72016,1
POZZO GUACITO,72016,1
OSTUNI,72017,1
SAN MICHELE SALENTINO,72018,1
SAN VITO DEI NORMANNI,72019,1
CELLINO SAN MARCO,72020,1
TUTURANO,72020,1
TORCHIAROLO,72020,1
CAPECE BAX,72021,1
CAPECE,72021,1
FRANCAVILLA FONTANA,72021,1
LATIANO,72022,1
MESAGNE,72023,1
SAN COSIMO ALLA MACCHIA,72024,1
SAN DONACI,72025,1
SAN PANCRAZIO SALENTINO,72026,1
SAN PIETRO VERNOTICO,72027,1
TORRE SANTA SUSANNA,72028,1
VILLA CASTELLI,72029,1
BRINDISI,72100,1
BRINDISI CASALE,72100,1
BISCEGLIE,76011,1
CANOSA DI PUGLIA,76012,1
LOCONIA,76012,1
MINERVINO MURGE,76013,1
SPINAZZOLA,76014,1
TRINITAPOLI,76015,1
MARGHERITA DI SAVOIA,76016,1
SAN FERDINANDO DI PUGLIA,76017,1
BARLETTA,76121,1
FOCE VARANO,71010,1
SAN PAOLO DI CIVITATE,71010,1
CARPINO,71010,1
ISCHITELLA,71010,1
RIPALTA,71010,1
SERRACAPRIOLA,71010,1
RIGNANO GARGANICO,71010,1
CAGNANO VARANO,71010,1
PESCHICI,71010,1
LESINA,71010,1
DIFENSOLA,71010,1
CHIEUTI,71010,1
CHIEUTI SCALO,71010,1
APRICENA,71011,1
RODI GARGANICO,71012,1
SAN GIOVANNI ROTONDO,71013,1
MATINE,71013,1
BORGO CELANO,71014,1
SAN MARCO IN LAMIS,71014,1
SAN NICANDRO GARGANICO,71015,1
PETRULLI,71017,1
TORREMAGGIORE,71017,1
VICO DEL GARGANO,71018,1
UMBRA,71018,1
SAN MENAIO,71018,1
VIESTE,71019,1
ROCCHETTA SANT'ANTONIO STAZIONE,71020,1
CASTELLUCCIO VALMAGGIORE,71020,1
PANNI,71020,1
ROCCHETTA SANT'ANTONIO,71020,1
MONTELEONE DI PUGLIA,71020,1
ANZANO DI PUGLIA,71020,1
CELLE DI SAN VITO,71020,1
ACCADIA,71021,1
ASCOLI SATRIANO,71022,1
SAN CARLO D'ASCOLI,71022,1
BOVINO,71023,1
CANDELA,71024,1
CASTELLUCCIO DEI SAURI,71025,1
DELICETO,71026,1
ORSARA DI PUGLIA,71027,1
SANT'AGATA DI PUGLIA,71028,1
BORGO GIARDINETTO,71029,1
TROIA,71029,1
VOLTURARA APPULA,71030,1
ZAPPONETA,71030,1
CARLANTINO,71030,1
MOTTA MONTECORVINO,71030,1
SAN MARCO LA CATOLA,71030,1
CASALVECCHIO DI PUGLIA,71030,1
FONTEROSA,71030,1
VOLTURINO,71030,1
MATTINATA,71030,1
ALBERONA,71031,1
BERARDINONE,71032,1
BICCARI,71032,1
CASALNUOVO MONTEROTARO,71033,1
CASTELNUOVO DELLA DAUNIA,71034,1
CELENZA VALFORTORE,71035,1
LUCERA,71036,1
PALMORI,71036,1
MONTE SANT'ANGELO,71037,1
PIETRAMONTECORVINO,71038,1
ROSETO VALFORTORE,71039,1
SAN DOMINO,71040,1
ORDONA,71040,1
SAN NICOLA DI TREMITI,71040,1
MEZZANONE,71040,1
BORGATA MEZZANONE,71040,1
ISOLE TREMITI,71040,1
CARAPELLE,71041,1
BORGO LIBERTA',71042,1
TRESSANTI,71042,1
CERIGNOLA,71042,1
BORGO TRESSANTI,71042,1
LA MOSCHELLA,71042,1
MOSCHELLA,71042,1
SIPONTO,71043,1
MANFREDONIA,71043,1
ORTA NOVA,71045,1
STORNARA,71047,1
STORNARELLA,71048,1
BORGO CERVARO,71100,1
RIGNANO GARGANICO SCALO,71100,1
BORGO INCORONATA,71100,1
SEGEZIA,71100,1
ARPINOVA,71100,1
STERNATIA,73010,1
PORTO CESAREO,73010,1
VEGLIE,73010,1
GALUGNANO,73010,1
SURBO,73010,1
SAN DONATO DI LECCE,73010,1
ARNESANO,73010,1
VILLA BALDASSARRI,73010,1
SOGLIANO CAVOUR,73010,1
TORRE LAPILLO,73010,1
ZOLLINO,73010,1
CAPRARICA DI LECCE,73010,1
RIESCI,73010,1
SAN PIETRO IN LAMA,73010,1
SOLETO,73010,1
GUAGNANO,73010,1
LEQUILE,73010,1
ALEZIO,73011,1
CAMPI SALENTINA,73012,1
NOHA,73013,1
COLLEMETO,73013,1
GALATINA,73013,1
GALLIPOLI,73014,1
SALICE SALENTINO,73015,1
SAN CESARIO DI LECCE,73016,1
SAN SIMONE,73017,1
LIDO CONCHIGLIE,73017,1
SANNICOLA,73017,1
SQUINZANO,73018,1
TREPUZZI,73019,1
CASTROMEDIANO,73020,1
CARPIGNANO SALENTINO,73020,1
CURSI,73020,1
CASTRI DI LECCE,73020,1
CANNOLE,73020,1
GIURDIGNANO,73020,1
CASAMASSELLA,73020,1
NOCIGLIA,73020,1
SERRANO,73020,1
CERFIGNANO,73020,1
VITIGLIANO,73020,1
PALMARIGGI,73020,1
SANTA CESAREA TERME,73020,1
CASTRIGNANO DE' GRECI,73020,1
BOTRUGNO,73020,1
BAGNOLO DEL SALENTO,73020,1
CUTROFIANO,73020,1
UGGIANO LA CHIESA,73020,1
MELPIGNANO,73020,1
CALIMERA,73021,1
CORIGLIANO D'OTRANTO,73022,1
LIZZANELLO,73023,1
MERINE,73023,1
MAGLIE,73024,1
MORIGINO,73024,1
MARTANO,73025,1
MELENDUGNO,73026,1
ROCCA VECCHIA,73026,1
TORRE DELL'ORSO,73026,1
BORGAGNE,73026,1
ROCA,73026,1
SPECCHIA GALLONE,73027,1
COCUMOLA,73027,1
MINERVINO DI LECCE,73027,1
OTRANTO,73028,1
STRUDA',73029,1
VERNOLE,73029,1
VANZE,73029,1
ACQUARICA DI LECCE,73029,1
ACAIA,73029,1
ORTELLE,73030,1
GIUGGIANELLO,73030,1
MONTESANO SALENTINO,73030,1
CASTRO MARINA,73030,1
TIGGIANO,73030,1
DISO,73030,1
SURANO,73030,1
VIGNACASTRISI,73030,1
MARITTIMA,73030,1
SANARICA,73030,1
MONTESARDO,73031,1
ALESSANO,73031,1
ANDRANO,73032,1
GAGLIANO DEL CAPO,73034,1
SAN DANA,73034,1
ARIGLIANO,73034,1
MIGGIANO,73035,1
MURO LECCESE,73036,1
POGGIARDO,73037,1
VASTE,73037,1
SPONGANO,73038,1
DEPRESSA,73039,1
TUTINO,73039,1
CAPRARICA DEL CAPO,73039,1
SANT'EUFEMIA,73039,1
TRICASE PORTO,73039,1
LUCUGNANO,73039,1
TRICASE,73039,1
ALLISTE,73040,1
MARINA DI LEUCA,73040,1
FELLINE,73040,1
MELISSANO,73040,1
BARBARANO DEL CAPO,73040,1
CASTRIGNANO DEL CAPO,73040,1
GIULIANO DI LECCE,73040,1
SPECCHIA,73040,1
ARADEO,73040,1
ACQUARICA DEL CAPO,73040,1
MORCIANO DI LEUCA,73040,1
LEUCA,73040,1
COLLEPASSO,73040,1
NEVIANO,73040,1
SUPERSANO,73040,1
SALIGNANO,73040,1
CASARANO,73042,1
COPERTINO,73043,1
GALATONE,73044,1
LEVERANO,73045,1
MATINO,73046,1
MONTERONI DI LECCE,73047,1
NARDO',73048,1
RUFFANO,73049,1
TORREPADULI,73049,1
RUGGIANO,73050,1
BONCORE,73050,1
SANTA CHIARA,73050,1
SANTA CHIARA DI NARDO',73050,1
VILLAGGIO BONCORE,73050,1
SANTA MARIA AL BAGNO,73050,1
SALVE,73050,1
SECLI',73050,1
VILLA CONVENTO,73051,1
PARABITA,73052,1
PATU',73053,1
PRESICCE,73054,1
RACALE,73055,1
TAURISANO,73056,1
TAVIANO,73057,1
TUGLIE,73058,1
GEMINI,73059,1
UGENTO,73059,1
FRIGOLE,73100,1
TORRE CHIANCA,73100,1
STATTE,74010,1
MARINA DI CASTELLANETA,74011,1
CASTELLANETA,74011,1
BORGO PERRONE,74011,1
CASE PERRONE,74011,1
CRISPIANO,74012,1
GINOSA,74013,1
LATERZA,74014,1
MARTINA FRANCA,74015,1
CARPARI,74015,1
LANZO DI MARTINA FRANCA,74015,1
SPECCHIA TARANTINA,74015,1
MASSAFRA,74016,1
MOTTOLA,74017,1
SAN BASILIO MOTTOLA,74017,1
PALAGIANELLO,74018,1
CONCA D'ORO,74019,1
PALAGIANO,74019,1
MONTEIASI,74020,1
AVETRANA,74020,1
ROCCAFORZATA,74020,1
MARUGGIO,74020,1
LEPORANO,74020,1
MONTEPARANO,74020,1
SAN MARZANO DI SAN GIUSEPPE,74020,1
MONTEMESOLA,74020,1
TORRICELLA,74020,1
LEPORANO MARINA,74020,1
CAROSINO,74021,1
FRAGAGNANO,74022,1
GROTTAGLIE,74023,1
SAN PIETRO IN BEVAGNA,74024,1
UGGIANO MONTEFUSCO,74024,1
SPECCHIARICA,74024,1
MANDURIA,74024,1
MARINA DI GINOSA,74025,1
MONTI D'ARENA,74026,1
PULSANO,74026,1
BOSCO CAGGIONE,74026,1
LIDO SILVANA,74026,1
SAN GIORGIO IONICO,74027,1
TALSANO,74100,1
PAOLO VI,74100,1
SAN VITO TARANTO,74100,1
ESTERZILI,08030,1
NURALLAO,08030,1
SADALI,08030,1
SERRI,08030,1
VILLANOVA TULO,08030,1
ORROLI,08030,1
SEULO,08030,1
LIXIUS,08030,1
ESCOLCA,08030,1
NURAGUS,08030,1
GERGEI,08030,1
ISILI,08033,1
NURRI,08035,1
ESCALAPLANO,08043,1
DECIMOPUTZU,09010,1
VILLASPECIOSA,09010,1
FORTE VILLAGE,09010,1
SILIQUA,09010,1
DOMUS DE MARIA,09010,1
VALLERMOSA,09010,1
PULA,09010,1
UTA,09010,1
CAPOTERRA,09012,1
POGGIO DEI PINI,09012,1
SAN LEONE,09012,1
VILLA D'ORRI,09018,1
SARROCH,09018,1
TEULADA,09019,1
SAMATZAI,09020,1
PIMENTEL,09020,1
USSANA,09020,1
MONASTIR,09023,1
NURAMINIS,09024,1
VILLAGRECA,09024,1
SAN SPERATE,09026,1
SESTU,09028,1
ELMAS,09030,1
MACCHIAREDDU,09032,1
ASSEMINI,09032,1
DECIMOMANNU,09033,1
VILLASOR,09034,1
VILLAPUTZU,09040,1
ARIXI,09040,1
GONI,09040,1
BARRALI,09040,1
GUAMAGGIORE,09040,1
SIURGUS DONIGALA,09040,1
GESICO,09040,1
SUELLI,09040,1
SELEGAS,09040,1
MANDAS,09040,1
SILIUS,09040,1
SOLEMINIS,09040,1
SISINI,09040,1
VILLASALTO,09040,1
ARMUNGIA,09040,1
SERDIANA,09040,1
ORTACESUS,09040,1
SAN NICOLO' GERREI,09040,1
GUASILA,09040,1
CASTIADAS,09040,1
BURCEI,09040,1
BALLAO,09040,1
SANT'ANDREA FRIUS,09040,1
DONORI',09040,1
SENORBI',09040,1
SETTIMO SAN PIETRO,09040,1
MARACALAGONIS,09040,1
DOLIANOVA,09041,1
MONSERRATO,09042,1
MURAVERA,09043,1
QUARTUCCIU,09044,1
QUARTU SANT'ELENA,09045,1
FLUMINI DI QUARTU SANT'ELENA,09045,1
SU PLANU,09047,1
SELARGIUS,09047,1
SINNAI,09048,1
VILLASIMIUS,09049,1
CALA MOSCA,09126,1
LAZZARETTO,09126,1
POETTO,09126,1
PIRRI,09134,1
BIRORI,08010,1
LEI,08010,1
NORAGUGUME,08010,1
DUALCHI,08010,1
BOLOTANA,08011,1
BORTIGALI,08012,1
MULARGIA,08012,1
MACOMER,08015,1
BORORE,08016,1
SILANUS,08017,1
SINDIA,08018,1
MAMONE,08020,1
SU COSSU,08020,1
OROTELLI,08020,1
SA PALA RUIA,08020,1
SARULE,08020,1
GAVOI,08020,1
SANT'EFISIO,08020,1
OTTANA,08020,1
MONTE LONGU,08020,1
OVODDA,08020,1
ONIFAI,08020,1
BRUNELLA,08020,1
LODINE,08020,1
ONANI,08020,1
OVEDI',08020,1
TIANA,08020,1
ORUNE,08020,1
IRGOLI,08020,1
POSADA,08020,1
LOCULI,08020,1
SAS MURTAS,08020,1
LODE',08020,1
LULA,08020,1
ONIFERI,08020,1
OLLOLAI,08020,1
OSIDDA,08020,1
TALAVA',08020,1
CONCAS,08020,1
S'ENA SA CHITTA,08020,1
OLZAI,08020,1
GALTELLI,08020,1
SU PRADU,08020,1
TORPE',08020,1
BITTI,08021,1
DORGALI,08022,1
CALA GONONE,08022,1
FONNI,08023,1
MAMOIADA,08024,1
OLIENA,08025,1
SU COLOGONE,08025,1
ORANI,08026,1
ORGOSOLO,08027,1
OROSEI,08028,1
CALA LIBEROTTO,08028,1
SOS ALINOS,08028,1
CALA GINEPRO,08028,1
SAS LINNAS SICCAS,08028,1
CAPO COMINO,08029,1
SU TILIO',08029,1
LA CALETTA,08029,1
MANDRAS,08029,1
BERCHIDA,08029,1
SA PERTA RUIA,08029,1
SA PISCHERA,08029,1
SINISCOLA,08029,1
SARENARGIU,08029,1
ENA SA CHITTA,08029,1
OVERÌ,08029,1
TETI,08030,1
BELVI,08030,1
AUSTIS,08030,1
GADONI,08030,1
MEANA SARDO,08030,1
ATZARA,08030,1
ARITZO,08031,1
GIDILAU,08031,1
DESULO,08032,1
ORTUERI,08036,1
SEUI,08037,1
SORGONO,08038,1
TONARA,08039,1
ELINI,08040,1
TRIEI,08040,1
TANCAU,08040,1
CARDEDU,08040,1
TANCAU SUL MARE,08040,1
TALANA,08040,1
LOCERI,08040,1
USSASSAI,08040,1
TAQUISARA,08040,1
LOTZORAI,08040,1
ILBONO,08040,1
ULASSAI,08040,1
S'ARRIDELLU,08040,1
ARDALI,08040,1
GAIRO,08040,1
OSINI,08040,1
URZULEI,08040,1
BAUNEI,08040,1
SANTA MARIA NAVARRESE,08040,1
GAIRO SANT'ELENA,08040,1
ARZANA,08040,1
GIRASOLE,08040,1
BARI SARDO,08042,1
JERZU,08044,1
LANUSEI,08045,1
PERDASDEFOGU,08046,1
TERTENIA,08047,1
MIGHELI,08047,1
IS MURDEGUS,08048,1
TORTOLI',08048,1
SU TROCCU,08048,1
CALAMORESCA,08048,1
SU PINU,08048,1
ARBATAX,08048,1
PORTO FRAILIS,08048,1
VILLANOVA STRISAILI,08049,1
VILLAGRANDE STRISAILI,08049,1
MONTE ORTOBENE,08100,1
LOLLOVE,08100,1
MANASUDDAS,08100,1
NUORO,08100,1
FLUSSIO,08010,1
SAGAMA,08010,1
MAGOMADAS,08010,1
SUNI,08010,1
MONTRESTA,08010,1
TINNURA,08010,1
SA LUMENERA,08010,1
TURAS,08013,1
BOSA,08013,1
BOSA MARINA,08013,1
MODOLO,08019,1
GENONI,08030,1
LACONI,08034,1
TRAIDODINI,08034,1
CRASTU,08034,1
SU LAU,08034,1
MILIS,09070,1
PAULILATINO,09070,1
SIAMAGGIORE,09070,1
DOMUSNOVAS CANALES,09070,1
ROCCA TUNDA,09070,1
PUTZU IDU,09070,1
SAN VERO MILIS,09070,1
NURACHI,09070,1
NORBELLO,09070,1
TRAMATZA,09070,1
SENEGHE,09070,1
AIDOMAGGIORE,09070,1
BAULADU,09070,1
ZEDDIANI,09070,1
SA ROCCA TUNDA,09070,1
RIOLA SARDO,09070,1
NARBOLIA,09070,1
BARATILI SAN PIETRO,09070,1
PARDU NOU,09070,1
ZERFALIU,09070,1
BONARCADO,09070,1
ABBASANTA,09071,1
CABRAS,09072,1
SOLANAS,09072,1
SANTA CATERINA DI PITTINURRI,09073,1
CUGLIERI,09073,1
TORRE DEL POZZO,09073,1
S'ARCHITTU,09073,1
GHILARZA,09074,1
ZURI,09074,1
SANTU LUSSURGIU,09075,1
SEDILO,09076,1
SOLARUSSA,09077,1
SENNARIOLO,09078,1
SCANO DI MONTIFERRO,09078,1
TRESNURAGHES,09079,1
BORONEDDU,09080,1
SORRADILE,09080,1
SODDI',09080,1
MOGORELLA,09080,1
NUGHEDU SANTA VITTORIA,09080,1
NEONELI,09080,1
SANT'ANTONIO RUINAS,09080,1
SIAMANNA,09080,1
SENIS,09080,1
SIAPICCIA,09080,1
ALLAI,09080,1
NURECI,09080,1
ULA' TIRSO,09080,1
ASUNI,09080,1
ASSOLO,09080,1
VILLAURBANA,09080,1
TADASUNI,09080,1
BIDONI',09080,1
ARDAULI,09081,1
BUSACHI,09082,1
FORDONGIANUS,09083,1
VILLANOVA TRUSCHEDU,09084,1
RUINAS,09085,1
SAMUGHEO,09086,1
SIMAXIS,09088,1
OLLASTRA,09088,1
TIRIA,09090,1
MASULLAS,09090,1
CURCURIS,09090,1
MORGONGIORI,09090,1
GONNOSNO',09090,1
USELLUS,09090,1
VILLA VERDE,09090,1
SIMALA,09090,1
SIRIS,09090,1
BARADILI,09090,1
GONNOSCODINA,09090,1
PALMAS ARBOREA,09090,1
PAU,09090,1
BARESSA,09090,1
SINI,09090,1
ALBAGIARA,09090,1
ALES,09091,1
ARBOREA,09092,1
POMPU,09093,1
GONNOSTRAMATZA,09093,1
MARRUBIU,09094,1
MOGORO,09095,1
SAN NICOLO' D'ARCIDANO,09097,1
TANCA MARCHESE,09098,1
TERRALBA,09098,1
URAS,09099,1
NURAXINIEDDU,09170,1
DONIGALA FENUGHEDU,09170,1
TORRE GRANDE,09170,1
MASSAMA,09170,1
ORISTANO,09170,1
SILI',09170,1
ILLORAI,07010,1
BOTTIDDA,07010,1
ARDARA,07010,1
MONTELEONE ROCCA DORIA,07010,1
BENETUTTI,07010,1
ANELA,07010,1
NULE,07010,1
ESPORLATU,07010,1
ROMANA,07010,1
NUGHEDU SAN NICOLO',07010,1
MARA,07010,1
TULA,07010,1
ITTIREDDU,07010,1
BULTEI,07010,1
FORESTA DI BURGOS,07010,1
FORESTA BURGOS,07010,1
GIAVE,07010,1
SEMESTENE,07010,1
BURGOS,07010,1
COSSOINE,07010,1
BONO,07011,1
BONORVA,07012,1
REBECCU,07012,1
MORES,07013,1
OZIERI,07014,1
CHILIVANI,07014,1
FRAIGAS,07014,1
PADRIA,07015,1
PATTADA,07016,1
PLOAGHE,07017,1
POZZOMAGGIORE,07018,1
VILLANOVA MONTELEONE,07019,1
LUOGOSANTO,07020,1
AGGIUS,07020,1
PADRU,07020,1
PORTO SAN PAOLO,07020,1
GOLFO ARANCI,07020,1
ALA' DEI SARDI,07020,1
BUDDUSO',07020,1
VACCILEDDI,07020,1
AGLIENTU,07020,1
TELTI,07020,1
LOIRI,07020,1
SAN FRANCESCO D'AGLIENTU,07020,1
PALAU,07020,1
SU CANALE,07020,1
LOIRI PORTO SAN PAOLO,07020,1
CAPO FERRO,07021,1
PIRAZZOLU,07021,1
BAIA SARDINIA,07021,1
CANNIGIONE,07021,1
COSTA SMERALDA,07021,1
ARZACHENA,07021,1
PORTO CERVO,07021,1
CALA DI VOLPE,07021,1
CALANGIANUS,07023,1
ISOLA DI CAPRERA,07024,1
MONETA,07024,1
LURAS,07025,1
PORTO ROTONDO,07026,1
BERCHIDDEDDU,07026,1
OLBIA,07026,1
OSCHIRI,07027,1
SANTA TERESA GALLURA,07028,1
BASSACUTENA,07029,1
NUCHIS,07029,1
TEMPIO PAUSANIA,07029,1
MARTIS,07030,1
CHIARAMONTI,07030,1
SANT'ANTONIO DI GALLURA,07030,1
BORTIGIADAS,07030,1
FLORINAS,07030,1
TERGU,07030,1
SANTA MARIA COGHINAS,07030,1
VIDDALBA,07030,1
ERULA,07030,1
BADESI,07030,1
MUROS,07030,1
BULZI,07030,1
CARGEGHE,07030,1
LAERRU,07030,1
CASTELSARDO,07031,1
LU BAGNU,07031,1
NULVI,07032,1
OSILO,07033,1
PERFUGAS,07034,1
SEDINI,07035,1
SENNORI,07036,1
PLATAMONA,07037,1
SORSO,07037,1
TRINITA' D'AGULTU E VIGNOLA,07038,1
LU COLBU,07038,1
VALLEDORIA,07039,1
LA MUDDIZZA,07039,1
CODARUINA,07039,1
PALMADULA,07040,1
BIANCAREDDU,07040,1
URI,07040,1
BANARI,07040,1
SILIGO,07040,1
CAMPANEDDA,07040,1
BESSUDE,07040,1
CHEREMULE,07040,1
ARGENTIERA,07040,1
PUTIFIGARI,07040,1
OLMEDO,07040,1
BORUTTA,07040,1
RUMANEDDA,07040,1
TOTTUBELLA,07040,1
TISSI,07040,1
LA CORTE,07040,1
ARGENTIERA NURRA,07040,1
STINTINO,07040,1
CODRONGIANOS,07040,1
CANAGLIA,07040,1
FERTILIA,07041,1
MARISTELLA PORTO CONTE,07041,1
TRAMARIGLIO,07041,1
SANTA MARIA LA PALMA,07041,1
ALGHERO,07041,1
BONNANARO,07043,1
ITTIRI,07044,1
OSSI,07045,1
CALA REALE,07046,1
PORTO TORRES,07046,1
ASINARA LAZZARETTO,07046,1
ASINARA CALA D'OLIVA,07046,1
THIESI,07047,1
TORRALBA,07048,1
USINI,07049,1
MACCIADOSA,07100,1
OTTAVA,07100,1
BANCALI,07100,1
LI PUNTI,07100,1
LA LANDRIGGA,07100,1
BUDDITOGLIU,08020,1
STAZZU BRUCIATU,08020,1
PEDRA E CUPA,08020,1
MALAMORI',08020,1
SU LINALVU,08020,1
LU SITAGLIACCIU,08020,1
TIRIDDULI,08020,1
L'ALZONI,08020,1
RINAGGIU,08020,1
LI TEGGI,08020,1
LI MORI,08020,1
TERRAPADEDDA,08020,1
LU CUPONEDDI,08020,1
PIRA MASEDA,08020,1
STAZZU MESU,08020,1
STRUGAS,08020,1
LU IMPOSTU,08020,1
SITAGLIACCIU,08020,1
LUDDUI,08020,1
PATTIMEDDA,08020,1
BIRCOLOVO',08020,1
LU TITIMBARU,08020,1
TANAUNELLA,08020,1
LU TINTIMBARU,08020,1
OTTIOLU,08020,1
LIMPOSTU,08020,1
FRANCULACCIU,08020,1
SCHIFONI,08020,1
SUAREDDA,08020,1
NURAGHEDDU,08020,1
LA RUNCINA,08020,1
LU RICCIU,08020,1
SILIMINI,08020,1
LA TRAVERSA,08020,1
LUTTURAI,08020,1
LOTTURAI,08020,1
MUVRUNEDDI,08020,1
LU MUVRUNEDDU,08020,1
MURISCUVO',08020,1
BADUALGA,08020,1
MONTE PETROSU,08020,1
S'ISCALA,08020,1
STRAULAS,08020,1
PUNTALDIA,08020,1
LIMPIDDU,08020,1
BUDONI,08020,1
NUDITTA,08020,1
MAIORCA,08020,1
SOLITA',08020,1
SAN GAVINO,08020,1
TAMARISPA,08020,1
LU FRAILI,08020,1
AGRUSTOS,08020,1
CAPO CODA CAVALLO,08020,1
BERRUILES,08020,1
LU LIONI,08020,1
LUTTUNI,08020,1
BIRGALAVO',08020,1
GIBA,09010,1
VILLAMASSARGIA,09010,1
PERDAXIUS,09010,1
BUGGERRU,09010,1
SANT'ANNA ARRESI,09010,1
PARINGIANU,09010,1
MATZACCARA,09010,1
MASAINAS,09010,1
PALMAS,09010,1
SAN GIOVANNI SUERGIU,09010,1
TERRESOLI,09010,1
GONNESA,09010,1
ROSAS,09010,1
TERRASEO,09010,1
MUSEI,09010,1
FLUMINIMAGGIORE,09010,1
SANTADI,09010,1
TRATALIAS,09010,1
VILLARIOS,09010,1
NARCAO,09010,1
PISCINAS,09010,1
PORTOSCUSO,09010,1
VILLAPERUCCIO,09010,1
IS URIGUS,09010,1
NUXIS,09010,1
NURAXI FIGUS,09010,1
RIOMURTAS,09010,1
CALASETTA,09011,1
CUSSORGIA,09011,1
SIRAI,09013,1
BARBUSI,09013,1
BACU ABIS,09013,1
SERBARIU,09013,1
CORTOGHIANA,09013,1
CARBONIA,09013,1
CARLOFORTE,09014,1
DOMUSNOVAS,09015,1
NEBIDA,09016,1
IGLESIAS,09016,1
MONTEPONI,09016,1
BINDUA,09016,1
SANT'ANTIOCO,09017,1
VILLANOVAFORRU,09020,1
GENURI,09020,1
SIDDI,09020,1
GESTURI,09020,1
USSARAMANNA,09020,1
VILLAMAR,09020,1
TURRI,09020,1
PAULI ARBAREI,09020,1
LAS PLASSAS,09020,1
VILLANOVAFRANCA,09020,1
COLLINAS,09020,1
BARUMINI,09021,1
LUNAMATRONA,09022,1
SANLURI STATO,09025,1
SANLURI,09025,1
SERRENTI,09027,1
SETZU,09029,1
TUILI,09029,1
MONTEVECCHIO,09030,1
SARDARA,09030,1
SAMASSI,09030,1
PABILLONIS,09030,1
INGURTOSU,09031,1
ARBUS,09031,1
SANT'ANTONIO DI SANTADI,09031,1
GENNAMARI,09031,1
GONNOSFANADIGA,09035,1
GUSPINI,09036,1
SAN GAVINO MONREALE,09037,1
SERRAMANNA,09038,1
VILLACIDRO,09039,1
SEGARIU,09040,1
FURTEI,09040,1
LAMPEDUSA,92010,1
BURGIO,92010,1
SANT'ANNA DI CALTABELLOTTA,92010,1
LUCCA SICULA,92010,1
CALTABELLOTTA,92010,1
SICULIANA,92010,1
BIVONA,92010,1
CALAMONACI,92010,1
MONTALLEGRO,92010,1
LAMPEDUSA E LINOSA,92010,1
LINOSA,92010,1
JOPPOLO GIANCAXIO,92010,1
MONTEVAGO,92010,1
REALMONTE,92010,1
ALESSANDRIA DELLA ROCCA,92010,1
CATTOLICA ERACLEA,92011,1
CIANCIANA,92012,1
MENFI,92013,1
PORTO EMPEDOCLE,92014,1
RAFFADALI,92015,1
BORGO BONSIGNORE,92016,1
RIBERA,92016,1
SAMBUCA DI SICILIA,92017,1
SANTA MARGHERITA DI BELICE,92018,1
SCIACCA,92019,1
SANTA ELISABETTA,92020,1
VILLAFRANCA SICULA,92020,1
SAN GIOVANNI GEMINI,92020,1
SANT'ANGELO MUXARO,92020,1
RACALMUTO,92020,1
SAN BIAGIO PLATANI,92020,1
COMITINI,92020,1
SANTO STEFANO QUISQUINA,92020,1
PALMA DI MONTECHIARO,92020,1
GROTTE,92020,1
CAMASTRA,92020,1
CASTROFILIPPO,92020,1
CALDARE,92021,1
ARAGONA,92021,1
CAMMARATA,92022,1
BORGO CALLEA,92022,1
CAMPOBELLO DI LICATA,92023,1
CANICATTI',92024,1
CASTELTERMINI,92025,1
ZOLFARE,92025,1
CASTELTERMINI ZOLFARE,92025,1
FAVARA,92026,1
LICATA,92027,1
NARO,92028,1
CAMPOBELLO RAVANUSA STAZIONE,92029,1
RAVANUSA,92029,1
VILLAGGIO MOSE',92100,1
BORGO LA LOGGIA,92100,1
VILLASETA,92100,1
GIARDINA GALLOTTI,92100,1
SAN LEONE MOSE',92100,1
MILENA,93010,1
BOMPENSIERE,93010,1
ACQUAVIVA PLATANI,93010,1
CAMPOFRANCO,93010,1
SERRADIFALCO,93010,1
VALLELUNGA PRATAMENO,93010,1
DELIA,93010,1
MONTEDORO,93010,1
MARIANOPOLI,93010,1
RESUTTANO,93010,1
SUTERA,93010,1
BUTERA,93011,1
GELA,93012,1
MAZZARINO,93013,1
POLIZZELLO,93014,1
MUSSOMELI,93014,1
NISCEMI,93015,1
RIESI,93016,1
SANTA CATERINA VILLARMOSA,93018,1
TRABIA MINIERE,93019,1
SOMMATINO,93019,1
VILLAGGIO SANTA BARBARA,93100,1
FAVARELLA,93100,1
BORGO PETILIA,93100,1
CALTANISSETTA,93100,1
DAGALA DEL RE,95010,1
FORNAZZO,95010,1
LINERA,95010,1
SANT'ALFIO,95010,1
SANTA VENERINA,95010,1
MILO,95010,1
CALATABIANO,95011,1
PASTERIA,95011,1
VERZELLA,95012,1
MITOGIO,95012,1
CASTIGLIONE DI SICILIA,95012,1
PASSOPISCIARO,95012,1
SOLICCHIATA,95012,1
FIUMEFREDDO DI SICILIA,95013,1
GIARRE,95014,1
ALTARELLO,95014,1
CARRUBA,95014,1
TREPUNTI,95014,1
SAN GIOVANNI MONTEBELLO,95014,1
MACCHIA DI GIARRE,95014,1
SAN LEONARDELLO,95014,1
LINGUAGLOSSA,95015,1
PUNTALAZZO,95016,1
MASCALI,95016,1
PORTOSALVO,95016,1
CARRABBA,95016,1
SANTA VENERA,95016,1
NUNZIATA,95016,1
PIEDIMONTE ETNEO,95017,1
PRESA,95017,1
TORRE ARCHIRAFI,95018,1
RIPOSTO,95018,1
FLERI,95019,1
ZAFFERANA ETNEA,95019,1
SARRO,95019,1
PISANO ETNEO,95019,1
ACI BONACCORSI,95020,1
ACI TREZZA,95021,1
ACI CASTELLO,95021,1
CANNIZZARO,95021,1
NIZZETI,95022,1
ACI CATENA,95022,1
VAMPOLIERI,95022,1
ACI SAN FILIPPO,95022,1
EREMO SANT'ANNA,95022,1
STAZZO,95024,1
SANTA TECLA DI ACIREALE,95024,1
ACIREALE,95024,1
ACI PLATANI,95024,1
SCILLICHENTI,95024,1
PENNISI,95024,1
PIANO D'API,95024,1
MANGANO,95024,1
SANTA MARIA DEGLI AMMALATI,95024,1
MONTEROSSO ETNEO,95025,1
ACI SANT'ANTONIO,95025,1
LAVINA,95025,1
SANTA MARIA LA STELLA,95025,1
LAVINAIO,95025,1
CERZA,95027,1
SAN GREGORIO DI CATANIA,95027,1
VALVERDE,95028,1
VIAGRANDE,95029,1
SAN PIETRO CLARENZA,95030,1
NICOLOSI,95030,1
SANT'AGATA LI BATTIATI,95030,1
TREMESTIERI ETNEO,95030,1
PEDARA,95030,1
MANIACE,95030,1
RAGALNA,95030,1
GRAVINA DI CATANIA,95030,1
MASCALUCIA,95030,1
ADRANO,95031,1
BORRELLO DI CATANIA,95032,1
BELPASSO,95032,1
VILLAGGIO LE GINESTRE,95032,1
VILLAGGIO DEL PINO,95032,1
PIANO TAVOLA,95032,1
BIANCAVILLA,95033,1
BRONTE,95034,1
MALETTO,95035,1
RANDAZZO,95036,1
SAN GIOVANNI LA PUNTA,95037,1
SANTA MARIA DI LICODIA,95038,1
TRECASTAGNI,95039,1
LIBERTINIA,95040,1
LICODIA EUBEA,95040,1
MOTTA SANT'ANASTASIA,95040,1
GIUMARRA,95040,1
MIRABELLA IMBACCARI,95040,1
CINQUEGRANA,95040,1
RADDUSA,95040,1
CARRUBBO,95040,1
CASTEL DI IUDICA,95040,1
MAZZARRONE,95040,1
CAMPOROTONDO ETNEO,95040,1
SAN MICHELE DI GANZARIA,95040,1
RAMACCA,95040,1
SANTO PIETRO,95041,1
CALTAGIRONE,95041,1
SAN PIETRO DI CALTAGIRONE,95041,1
GRANIERI,95041,1
GRAMMICHELE,95042,1
MILITELLO IN VAL DI CATANIA,95043,1
BORGO LUPO,95044,1
MINEO,95044,1
MISTERBIANCO,95045,1
PALAGONIA,95046,1
PATERNO',95047,1
SFERRO,95047,1
SCORDIA,95048,1
VIZZINI,95049,1
SANTA MARIA GORETTI,95121,1
ZIA LISA,95121,1
FONTANAROSSA AEREOPORTO,95121,1
SAN GIUSEPPE ALLA RENA,95121,1
NESIMA SUPERIORE,95122,1
NESIMA INFERIORE,95122,1
ACQUICELLA,95122,1
CIBALI,95123,1
BARRIERA DEL BOSCO,95125,1
OGNINA,95126,1
PICANELLO,95127,1
CACCHIAMO,94010,1
BORGO BACCARATO,94010,1
CALASCIBETTA,94010,1
ASSORO,94010,1
CATENANUOVA,94010,1
AIDONE,94010,1
SPERLINGA,94010,1
NISSORIA,94010,1
GAGLIANO CASTELFERRATO,94010,1
CERAMI,94010,1
VILLAROSA,94010,1
CENTURIPE,94010,1
VILLAPRIOLO,94010,1
AGIRA,94011,1
BARRAFRANCA,94012,1
LEONFORTE,94013,1
NICOSIA,94014,1
VILLADORO,94014,1
GROTTACALDA,94015,1
PIAZZA ARMERINA,94015,1
PIETRAPERZIA,94016,1
REGALBUTO,94017,1
TROINA,94018,1
VALGUARNERA CAROPEPE,94019,1
BORGO CASCINO,94100,1
PERGUSA,94100,1
ENNA,94100,1
MANDANICI,98020,1
LOCADI,98020,1
ALI',98020,1
ROCCHENERE,98020,1
ALI' TERME,98021,1
FIUMEDINISI,98022,1
FURCI SICULO,98023,1
ITALA,98025,1
ITALA MARINA,98025,1
NIZZA DI SICILIA,98026,1
ALLUME,98027,1
ROCCALUMERA,98027,1
SCIGLIO,98027,1
SANTA TERESA DI RIVA,98028,1
BARRACCA,98028,1
MISSERIO,98028,1
GUIDOMANDRI,98029,1
SCALETTA ZANCLEA,98029,1
GUIDOMANDRI MARINA,98029,1
GUIDOMANDRI SUPERIORE,98029,1
CASTELMOLA,98030,1
SANT'ALESSIO SICULO,98030,1
MONGIUFFI,98030,1
ROCCAFIORITA,98030,1
GAGGI,98030,1
LIMINA,98030,1
ROCCELLA VALDEMONE,98030,1
MOTTA CAMASTRA,98030,1
MOIO ALCANTARA,98030,1
MONGIUFFI MELIA,98030,1
ANTILLO,98030,1
MALVAGNA,98030,1
FORZA D'AGRO',98030,1
FLORESTA,98030,1
GALLODORO,98030,1
SANTA DOMENICA VITTORIA,98030,1
CAPIZZI,98031,1
MISITANO INFERIORE,98032,1
CASALVECCHIO SICULO,98032,1
MISITANO SUPERIORE,98032,1
MISITANO,98032,1
CESARO',98033,1
FRANCAVILLA DI SICILIA,98034,1
GIARDINI NAXOS,98035,1
NAXOS,98035,1
PALLIO,98035,1
GRANITI,98036,1
LETOJANNI,98037,1
RINA,98038,1
SAVOCA,98038,1
CHIANCHITTA,98039,1
TRAPPITELLO,98039,1
MAZZEO,98039,1
MAZZARO',98039,1
FONDACHELLO,98040,1
ROCCAVALDINA,98040,1
CONDRO',98040,1
VENETICO MARINA,98040,1
GUALTIERI SICAMINO',98040,1
TORREGROTTA,98040,1
SCALA DI TORREGROTTA,98040,1
MERI',98040,1
VALDINA,98040,1
VENETICO SUPERIORE,98040,1
VENETICO,98040,1
PELLEGRINO,98041,1
MONFORTE MARINA,98041,1
MONFORTE SAN GIORGIO,98041,1
PACE DEL MELA,98042,1
GIAMMORO,98042,1
GIMELLO,98043,1
ROMETTA MAREA,98043,1
CORRIOLO,98044,1
CATTAFI,98044,1
SAN FILIPPO DEL MELA,98044,1
OLIVARELLA,98044,1
SAN PIER MARINA,98045,1
SAN PIER NICETO,98045,1
SANTA LUCIA DEL MELA,98046,1
SAPONARA,98047,1
CAVALIERE,98047,1
SAPONARA MARITTIMA,98047,1
SPADAFORA,98048,1
SAN MARTINO SPADAFORA,98048,1
VILLAFRANCA TIRRENA,98049,1
DIVIETO,98049,1
CALVARUSO,98049,1
SERRO,98049,1
TERME VIGLIATORE,98050,1
VULCANO,98050,1
FILICUDI,98050,1
GINOSTRA DI LIPARI,98050,1
ALICUDI PORTO,98050,1
CASTROREALE TERME,98050,1
LINGUA,98050,1
PANAREA,98050,1
ALICUDI,98050,1
GINOSTRA,98050,1
VIGLIATORE,98050,1
FONDACHELLI FANTINA,98050,1
MALFA,98050,1
RUBINO,98050,1
FILICUDI PORTO,98050,1
LENI,98050,1
SANTA MARINA SALINA,98050,1
PECORINI A MARE,98050,1
FANTINA,98050,1
STROMBOLI,98050,1
VULCANO PORTO,98050,1
EVANGELISTI,98050,1
GALA,98051,1
LA GALA,98051,1
CALDERA',98051,1
SANT'ANTONINO CONVENTO,98051,1
POZZO DI GOTTO,98051,1
ACQUAFICARA,98051,1
BARCELLONA POZZO DI GOTTO,98051,1
CANNISTRA',98051,1
CASTROREALE,98053,1
BAFIA,98053,1
PROTONOTARO,98053,1
FURNARI,98054,1
TONNARELLA,98054,1
PIANOCONTE,98055,1
CANNETO LIPARI,98055,1
QUATTROPANI,98055,1
LIPARI,98055,1
MAZZARRA' SANT'ANDREA,98056,1
SAN PIETRO DI MILAZZO,98057,1
MILAZZO,98057,1
SANTA MARINA DI MILAZZO,98057,1
SAN BASILIO DI NOVARA DI SICILIA,98058,1
NOVARA DI SICILIA,98058,1
MILICI,98059,1
RODI' MILICI,98059,1
SAN LORENZITTO,98060,1
PIRAINO,98060,1
SALINA',98060,1
MONTAGNAREALE,98060,1
UCRIA,98060,1
OLIVERI,98060,1
GLIACA,98060,1
CAMPOGRANDE,98060,1
FIUMARA DI PIRAINO,98060,1
BASICO',98060,1
CAVALLO PASTORIO,98060,1
TRIPI,98060,1
SANT'ANGELO DI BROLO,98060,1
FALCONE,98060,1
SANTA MARIA LO PIANO,98060,1
BROLO,98061,1
FICARRA,98062,1
MAGARO,98063,1
GIOIOSA MAREA,98063,1
NASIDI,98064,1
LIBRIZZI,98064,1
COLLA MAFFONE,98064,1
BRAIDI,98065,1
MONTALBANO ELICONA,98065,1
MONGIOVE,98066,1
CASE NUOVE RUSSO,98066,1
PATTI,98066,1
TINDARI,98066,1
MARINA DI PATTI,98066,1
ZAPPA,98067,1
FONDACHELLO DI RACCUJA,98067,1
RACCUJA,98067,1
TESORIERO,98068,1
SAN PIERO PATTI,98068,1
SINAGRA,98069,1
ALCARA LI FUSI,98070,1
GALATI MAMERTINO,98070,1
SAN MARCO D'ALUNZIO,98070,1
ACQUEDOLCI,98070,1
ROCCA DI CAPRI LEONE,98070,1
REITANO,98070,1
SAN SALVATORE DI FITALIA,98070,1
MILITELLO ROSMARINO,98070,1
CAPRI LEONE,98070,1
LONGI,98070,1
MOTTA D'AFFERMO,98070,1
PETTINEO,98070,1
CASTEL DI LUCIO,98070,1
CASTELL'UMBERTO,98070,1
FRAZZANO',98070,1
SFARANDA,98070,1
TORREMUZZA,98070,1
PIANA DI CAPO D'ORLANDO,98071,1
CAPO D'ORLANDO,98071,1
CARONIA,98072,1
MARINA DI CARONIA,98072,1
CANNETO DI CARONIA,98072,1
MISTRETTA,98073,1
NASO,98074,1
MALO',98074,1
CRESTA,98074,1
SAN FRATELLO,98075,1
SANT'AGATA DI MILITELLO,98076,1
TORRECANDELE,98076,1
VALLEBRUCA,98076,1
SANTO STEFANO DI CAMASTRA,98077,1
GRAZIA,98078,1
SCETI,98078,1
TORTORICI,98078,1
MOIRA,98078,1
ILOMBATI,98078,1
SANT'ANTONINO SCIORTINO,98078,1
CASTEL DI TUSA,98079,1
TUSA,98079,1
GAZZI,98124,1
CONTESSE,98125,1
SANTA LUCIA SOPRA CONTESSE,98126,1
ZAFFERIA,98127,1
TREMESTIERI,98128,1
LARDERIA,98129,1
MILI SAN MARCO,98132,1
MILI SUPERIORE,98133,1
GALATI MARINA,98134,1
SANTO STEFANO DI BRIGA,98137,1
PEZZOLO,98138,1
BRIGA MARINA,98139,1
BRIGA,98139,1
SAN PLACIDO CALONERO',98139,1
GIAMPILIERI MARINA,98141,1
GIAMPILIERI,98142,1
SAN FILIPPO INFERIORE,98142,1
ALTOLIA,98143,1
BORDONARO,98145,1
CUMIA,98146,1
VILLAGGIO ALDISIO,98147,1
CAMARO INFERIORE,98149,1
CATARATTI,98149,1
SCALA RITIRO,98152,1
GESSO,98153,1
SALICE,98154,1
CASTANEA,98155,1
CASTANEA DELLE FURIE,98155,1
MASSA SAN GIORGIO,98156,1
MASSA SANTA LUCIA,98157,1
MASSA SAN GIOVANNI,98157,1
FARO SUPERIORE,98158,1
LIUZZO ORTO,98159,1
RODIA,98161,1
SAN SABA,98162,1
SPARTA',98163,1
LIDO DI MORTELLE,98164,1
TORRE FARO,98164,1
GANZIRRI,98165,1
VILLAGGIO ANNUNZIATA,98168,1
VILLAGGIO PARADISO,98168,1
CONTEMPLAZIONE,98168,1
LASCARI,90010,1
TORRE NORMANNA,90010,1
LASCARI SCALO,90010,1
GERACI SICULO,90010,1
ALTAVILLA MILICIA,90010,1
BORRELLO DI SAN MAURO CASTELVERDE,90010,1
ISNELLO,90010,1
USTICA,90010,1
POLLINA,90010,1
CAMPOFELICE DI ROCCELLA,90010,1
GRATTERI,90010,1
CERDA,90010,1
SAN MAURO CASTELVERDE,90010,1
FINALE,90010,1
BAGHERIA,90011,1
ASPRA,90011,1
SAN GIOVANNI LI GRECI,90012,1
SAMBUCHI,90012,1
CACCAMO,90012,1
CASTELBUONO,90013,1
CASTELDACCIA,90014,1
GIBILMANNA,90015,1
CEFALU',90015,1
COLLESANO,90016,1
PORTICELLO,90017,1
SANTA FLAVIA,90017,1
TERMINI IMERESE,90018,1
DANIGARCI,90018,1
SAN NICOLO' L'ARENA,90019,1
TRABIA,90019,1
LOCATI,90020,1
REGALGIOFFOLI,90020,1
ALIMINUSA,90020,1
CASTELLANA SICULA,90020,1
SCILLATO,90020,1
SCLAFANI BAGNI,90020,1
NOCIAZZI INFERIORE,90020,1
VENTIMIGLIA DI SICILIA,90020,1
BAUCINA,90020,1
SCIARA,90020,1
NOCIAZZI,90020,1
BOMPIETRO,90020,1
ROCCAPALUMBA,90020,1
CALCARELLI,90020,1
MONTEMAGGIORE BELSITO,90020,1
ALIMENA,90020,1
BLUFI,90020,1
VICARI,90020,1
ALIA,90021,1
CALTAVUTURO,90022,1
CIMINNA,90023,1
GANGI,90024,1
LERCARA FRIDDI,90025,1
PIANELLO DI PETRALIA SOTTANA,90026,1
RAFFO,90026,1
PETRALIA SOPRANA,90026,1
FASANO',90026,1
PETRALIA SOTTANA,90027,1
POLIZZI GENEROSA,90028,1
VALLEDOLMO,90029,1
SANTA CRISTINA GELA,90030,1
GIULIANA,90030,1
CAMPOFIORITO,90030,1
GODRANO,90030,1
BOLOGNETTA,90030,1
ALTOFONTE,90030,1
BLANDINO,90030,1
PALAZZO ADRIANO,90030,1
VILLAFRATI,90030,1
MEZZOJUSO,90030,1
CASTRONUOVO DI SICILIA,90030,1
PIANO MAGLIO,90030,1
CEFALA' DIANA,90030,1
CONTESSA ENTELLINA,90030,1
CAMPOFELICE DI FITALIA,90030,1
BELMONTE MEZZAGNO,90031,1
BISACQUINO,90032,1
CHIUSA SCLAFANI,90033,1
CORLEONE,90034,1
FICUZZA,90034,1
MARINEO,90035,1
MISILMERI,90036,1
PORTELLA DI MARE,90036,1
PIANA DEGLI ALBANESI,90037,1
FILAGA,90038,1
PRIZZI,90038,1
VILLABATE,90039,1
GRISI',90040,1
ROCCAMENA,90040,1
GIARDINELLO,90040,1
SAN CIPIRELLO,90040,1
MONTELEPRE,90040,1
ISOLA DELLE FEMMINE,90040,1
CAPACI,90040,1
CORTIGLIA,90040,1
BALESTRATE,90041,1
FOCE,90041,1
BORGETTO,90042,1
CAMPOREALE,90043,1
CARINI,90044,1
VILLAGRAZIA DI CARINI,90044,1
PUNTA RAISI AEROPORTO,90045,1
CINISI,90045,1
POGGIO SAN FRANCESCO,90046,1
PIOPPO,90046,1
VILLA CIAMBRA,90046,1
MONREALE,90046,1
SAN MARTINO DELLE SCALE,90046,1
PARTINICO,90047,1
SAN GIUSEPPE JATO,90048,1
TERRASINI,90049,1
CITTA' DEL MARE,90049,1
ACQUA DEI CORSARI,90121,1
IN VIA MESSINA MARINE,90121,1
IN VIA AMMIRAGLIO CRISTODULO,90121,1
BOCCADIFALCO,90121,1
ROCCELLA GUARNASCHELLI,90122,1
SETTECANNOLI,90123,1
IN VIA CHIAVELLI,90124,1
IN VIA BRANCACCIO,90124,1
IN VIA SANTA MARIA DI GESU',90124,1
IN VIA ALOI,90125,1
MEZZOMONREALE BOCCADIFALCO,90126,1
ROCCA MONREALE,90131,1
TRIBUNALI CASTELLAMMARE,90133,1
IN VIA GIOIAMIA,90134,1
ARENELLA VERGINE MARIA,90142,1
MONTEPELLEGRINO,90142,1
IN VIA SAN NICOLA,90146,1
PALLAVICINO,90146,1
SAN LORENZO COLLI,90146,1
RESUTTANA SAN LORENZO,90146,1
CRUILLAS,90146,1
TOMMASO NATALE SFERRACAVALLO,90147,1
VILLAGRAZIA,90148,1
TOMMASO NATALE,90148,1
MONDELLO,90151,1
PARTANNA MONDELLO,90151,1
BELLOCOZZO,97010,1
MARINA DI RAGUSA,97010,1
MARINA DI MODICA,97010,1
MONTEROSSO ALMO,97010,1
ROCCAZZO,97010,1
GIARRATANA,97010,1
ACATE,97011,1
CHIARAMONTE GULFI,97012,1
COMISO,97013,1
PEDALINO,97013,1
ISPICA,97014,1
ROCCIOLA SORDA,97015,1
CAVA D'ISPICA,97015,1
MODICA ALTA,97015,1
FRIGINTINI,97015,1
MODICA,97015,1
POZZALLO,97016,1
SANTA CROCE CAMERINA,97017,1
DONNAFUGATA,97017,1
DONNALUCATA,97018,1
JUNGI,97018,1
CAVA D'ALIGA,97018,1
SCICLI,97018,1
SAMPIERI,97018,1
SCOGLITTI,97019,1
VITTORIA,97019,1
RAGUSA IBLA,97100,1
PRIOLO GARGALLO,96010,1
MELILLI,96010,1
SORTINO,96010,1
PORTOPALO DI CAPO PASSERO,96010,1
CANICATTINI BAGNI,96010,1
VILLASMUNDO,96010,1
SOLARINO,96010,1
BUCCHERI,96010,1
CASSARO,96010,1
BUSCEMI,96010,1
SAN FOCA',96010,1
PALAZZOLO ACREIDE,96010,1
RIZZOLO,96010,1
FERLA,96010,1
MARINA DI MELILLI,96010,1
BRUCOLI,96011,1
AUGUSTA,96011,1
AVOLA,96012,1
BORGO RIZZA,96013,1
PEDAGAGGI,96013,1
CARLENTINI,96013,1
FLORIDIA,96014,1
FRANCOFONTE,96015,1
LENTINI,96016,1
SAN PAOLO DI NOTO,96017,1
TESTA DELL'ACQUA,96017,1
RIGOLIZIA,96017,1
SANTA LUCIA DI NOTO,96017,1
SAN CORRADO DI FUORI,96017,1
PACHINO,96018,1
MARZAMEMI,96018,1
ROSOLINI,96019,1
BELVEDERE DI SIRACUSA,96100,1
CASSIBILE,96100,1
CARROZZIERE,96100,1
VITA,91010,1
MARETTIMO,91010,1
SAN VITO LO CAPO,91010,1
CASTELLUZZO,91010,1
MACARI,91010,1
ALCAMO,91011,1
BRUCA,91012,1
BUSETO PALIZZOLO,91012,1
CALATAFIMI SEGESTA,91013,1
SASI,91013,1
CALATAFIMI,91013,1
BALATA DI BAIDA,91014,1
CASTELLO INICI,91014,1
CASTELLAMMARE DEL GOLFO,91014,1
CUSTONACI,91015,1
SPERONE DI CUSTONACI,91015,1
RIGALETTA,91016,1
ERICE,91016,1
CASA SANTA,91016,1
PIZZOLUNGO,91016,1
BALLATA,91016,1
NAPOLA,91016,1
PANTELLERIA,91017,1
KAMMA,91017,1
SCAURI SICULO,91017,1
PANTELLERIA AEROPORTO,91017,1
GORGAZZO,91018,1
SAN CIRO,91018,1
ULMI,91018,1
FILCI,91018,1
SALEMI,91018,1
TONNARA DI BONAGIA,91019,1
FICO,91019,1
BONAGIA,91019,1
CROCEVIE,91019,1
CROCCI,91019,1
SANT'ANDREA BONAGIA,91019,1
VALDERICE,91019,1
PETROSINO,91020,1
COSTIERA DI MAZARA,91020,1
SALAPARUTA,91020,1
POGGIOREALE,91020,1
GRANITOLA,91020,1
CAMPOBELLO DI MAZARA,91021,1
GRANITOLA TORRETTA,91021,1
TRE FONTANE,91021,1
MARINELLA DI SELINUNTE,91022,1
CASTELVETRANO,91022,1
TRISCINA,91022,1
FAVIGNANA,91023,1
LEVANZO,91023,1
GIBELLINA,91024,1
VILLAGGIO MADONNA DELLE GRAZIE,91024,1
TERRENOVE BAMBINA,91025,1
SANTO PADRE DELLE PERRIERE,91025,1
MATAROCCO,91025,1
BUFALATA,91025,1
SPAGNOLA,91025,1
CIAVOLOTTO,91025,1
TABACCARO,91025,1
MARSALA,91025,1
RAGATTISI,91025,1
PAOLINI,91025,1
CIAVOLO,91025,1
STRASATTI DI MARSALA,91025,1
MAZARA DEL VALLO,91026,1
BORGATA COSTIERA,91026,1
DATTILO,91027,1
NUBIA,91027,1
PACECO,91027,1
PARTANNA,91028,1
SANTA NINFA,91029,1
GUARRATO,91100,1
LOCOGRANDE,91100,1
MARAUSA,91100,1
UMMARI,91100,1
FONTANELLE CASASANTA,91100,1
MARAUSA LOCO GRANDE,91100,1
BORGO ANNUNZIATA,91100,1
XITTA,91100,1
BIRGI AEROSTAZIONE,91100,1
FULGATORE,91100,1
RILIEVO,91100,1
BORGO FAZIO,91100,1
TRAPANI,91100,1
SALINAGRANDE,91100,1
SANTA MAMA,52010,1
SERRAVALLE DI BIBBIENA,52010,1
ORTIGNANO RAGGIOLO,52010,1
CHITIGNANO,52010,1
ORTIGNANO,52010,1
RAGGIOLO,52010,1
CHIUSI DELLA VERNA,52010,1
SUBBIANO,52010,1
FALTONA,52010,1
TALLA,52010,1
MOGGIONA DI POPPI,52010,1
CORSALONE,52010,1
MONTEMIGNAIO,52010,1
LA VERNA,52010,1
BIFORCO,52010,1
CAPOLONA,52010,1
BANZENA,52011,1
SOCI,52011,1
BIBBIENA STAZIONE,52011,1
BIBBIENA,52011,1
PARTINA,52011,1
QUOTA,52014,1
MOGGIONA,52014,1
AVENA,52014,1
POPPI,52014,1
BADIA PRATAGLIA,52014,1
CAMALDOLI,52014,1
PORRENA,52014,1
PONTE A POPPI,52014,1
PRATOVECCHIO STIA,52015,1
PRATOVECCHIO,52015,1
SALUTIO,52016,1
CASTEL FOCOGNANO,52016,1
RASSINA,52016,1
PIEVE A SOCANA,52016,1
STIA,52017,1
CASTEL SAN NICCOLO',52018,1
BORGO ALLA COLLINA,52018,1
PERGINE VALDARNO,52020,1
LATERINA STAZIONE,52020,1
PONTICINO,52020,1
CASTELFRANCO DI SOPRA,52020,1
CASALONE,52020,1
PIEVE A PRESCIANO,52020,1
LATERINA,52020,1
AMBRA,52021,1
CAPANNOLE,52021,1
PIETRAVIVA,52021,1
BADIA AGNANO,52021,1
BUCINE,52021,1
MELETO,52022,1
VACCHERECCIA,52022,1
CAVRIGLIA,52022,1
NERI,52022,1
MONTEGONZI,52022,1
CASTELNUOVO DEI SABBIONI,52022,1
LORO CIUFFENNA,52024,1
SAN GIUSTINO VALDARNO,52024,1
MONTEVARCHI,52025,1
MERCATALE VALDARNO,52025,1
LEVANE,52025,1
MONCIONI,52025,1
CASTELFRANCO PIANDISCÒ,52026,1
PIAN DI SCO,52026,1
FAELLA,52026,1
SAN GIOVANNI VALDARNO,52027,1
MADRIGALE,52028,1
TERRANUOVA BRACCIOLINI,52028,1
CAMPOGIALLI,52028,1
PENNA,52028,1
MALVA,52028,1
CASTIGLION FIBOCCHI,52029,1
SAN LEO DI ANGHIARI,52031,1
ANGHIARI,52031,1
CA' RAFFAELLO,52032,1
BADIA TEDALDA,52032,1
FRESCIANO,52032,1
CAPRESE MICHELANGELO,52033,1
LE VILLE,52035,1
MONTERCHI,52035,1
MADONNUCCIA,52036,1
PIEVE SANTO STEFANO,52036,1
GRICIGNANO,52037,1
SANSEPOLCRO,52037,1
SESTINO,52038,1
COLCELLALTO,52038,1
CIVITELLA IN VAL DI CHIANA,52041,1
TEGOLETO,52041,1
CIGGIANO,52041,1
BADIA AL PINO,52041,1
PIEVE AL TOPPO,52041,1
VICIOMAGGIO,52041,1
CASTIGLION FIORENTINO,52043,1
MONTANARE,52044,1
MONTANARE DI CORTONA,52044,1
CAMUCIA,52044,1
TERONTOLA,52044,1
SANT'ANDREA DI SORBELLO,52044,1
CORTONA,52044,1
MERCATALE DI CORTONA,52044,1
SANTA CATERINA DI CORTONA,52044,1
TERONTOLA STAZIONE,52044,1
CAPEZZINE,52044,1
CENTOIA,52044,1
POZZO DELLA CHIANA,52045,1
FOIANO DELLA CHIANA,52045,1
LUCIGNANO,52046,1
MARCIANO DELLA CHIANA,52047,1
MARCIANO,52047,1
PALAZZUOLO,52048,1
ALBERORO,52048,1
MONTE SAN SAVINO,52048,1
MONTAGNANO ALBERORO,52048,1
MONTAGNANO,52048,1
RUSCELLO,52100,1
POGGIOLA,52100,1
PALAZZO DEL PERO,52100,1
CECILIANO,52100,1
STAGGIANO,52100,1
ANTRIA,52100,1
RIGUTINO,52100,1
MOLIN NUOVO,52100,1
CHIASSA,52100,1
FRASSINETO,52100,1
BATTIFOLLE,52100,1
TREGOZZANO,52100,1
GIOVI D'AREZZO,52100,1
CHIASSA SUPERIORE,52100,1
PIEVE AL BAGNORO,52100,1
PONTE ALLA CHIASSA,52100,1
QUARATA,52100,1
INDICATORE,52100,1
PRATANTICO,52100,1
SAN GIULIANO D'AREZZO,52100,1
TRESPIANO,50010,1
VALLINA,50012,1
GRASSINA PONTE A EMA,50012,1
ANTELLA,50012,1
BAGNO A RIPOLI,50012,1
CANDELI,50012,1
GRASSINA,50012,1
RIMAGGIO,50012,1
SANT'ANGELO A LECORE,50013,1
SAN DONNINO DI CAMPI,50013,1
CAMPI BISENZIO,50013,1
IL ROSI,50013,1
SAN PIERO A PONTI,50013,1
CAPALLE,50013,1
CALDINE,50014,1
SAN DOMENICO DI FIESOLE,50014,1
FIESOLE,50014,1
PIAN DI MUGNONE,50014,1
SAN VINCENZO A TORRI,50018,1
SCANDICCI,50018,1
SAN MARTINO ALLA PALMA,50018,1
BADIA A SETTIMO,50018,1
LE BAGNESE SAN GIUSTO,50018,1
CASELLINA,50018,1
SESTO FIORENTINO,50019,1
PONTE A GIOGOLI,50019,1
OSMANNORO,50019,1
QUERCETO,50019,1
QUINTO,50019,1
MERCATALE VAL DI PESA,50020,1
VICO D'ELSA,50021,1
MARCIALLA,50021,1
LUCOLENA,50022,1
GREVE IN CHIANTI,50022,1
SAN POLO IN CHIANTI,50022,1
LAMOLE,50022,1
IMPRUNETA,50023,1
POZZOLATICO,50023,1
BOTTAI,50023,1
TAVARNUZZE,50023,1
MONTE ORIOLO,50023,1
BACCAIANO,50025,1
MONTESPERTOLI,50025,1
MARTIGNANA,50025,1
MONTAGNANA VAL DI PESA,50025,1
SAN QUIRICO IN COLLINA,50025,1
LUCARDO,50025,1
MONTEFIRIDOLFI,50026,1
ROMOLA,50026,1
SPEDALETTO,50026,1
SAN CASCIANO IN VAL DI PESA,50026,1
CERBAIA,50026,1
CHIOCCHIO,50027,1
PASSO DEI PECORAI,50027,1
STRADA IN CHIANTI,50027,1
SAN DONATO IN POGGIO,50028,1
TAVARNELLE VAL DI PESA,50028,1
SAMBUCA,50028,1
BARBERINO VAL D'ELSA,50028,1
SAMBUCA VAL DI PESA,50028,1
CAVALLINA,50031,1
CAFAGGIOLO,50031,1
GAGLIANO DI MUGELLO,50031,1
MONTECARELLI,50031,1
BARBERINO DI MUGELLO,50031,1
LUCO MUGELLO,50032,1
PANICAGLIA,50032,1
BORGO SAN LORENZO,50032,1
POLCANTO,50032,1
FIRENZUOLA,50033,1
CONIALE,50033,1
PIETRAMALA,50033,1
BRUSCOLI,50033,1
CORNACCHIAIA,50033,1
COVIGLIAIO,50033,1
PIANCALDOLI,50033,1
RIFREDO,50033,1
FILIGARE,50033,1
CRESPINO DEL LAMONE,50034,1
MARRADI,50034,1
LUTIRANO,50034,1
PALAZZUOLO SUL SENIO,50035,1
MISILEO,50035,1
BIVIGLIANO,50036,1
FONTEBUONA,50036,1
VAGLIA,50036,1
PRATOLINO,50036,1
SAN PIERO A SIEVE,50037,1
SANT'AGATA MUGELLO,50038,1
SCARPERIA,50038,1
SCARPERIA E SAN PIERO,50038,1
CISTIO,50039,1
GATTAIA,50039,1
RUPECANINA,50039,1
VILLORE,50039,1
VICCHIO,50039,1
CALENZANO,50041,1
CROCI DI CALENZANO,50041,1
SETTIMELLO,50041,1
LE CROCI,50041,1
IL CASTAGNO,50050,1
MONTAIONE,50050,1
STABBIA,50050,1
LIMITE SULL'ARNO,50050,1
IL CASTAGNO VAL D'ELSA,50050,1
CAPRAIA,50050,1
PONTE DI MASINO,50050,1
LAZZERETTO,50050,1
CERRETO GUIDI,50050,1
BADIA A CERRETO,50050,1
BASSA,50050,1
SAN ZIO,50050,1
GAMBASSI TERME,50050,1
GAVENA,50050,1
CAPRAIA E LIMITE,50050,1
PETRAZZI,50051,1
GRANAIOLO,50051,1
CASTELFIORENTINO,50051,1
CASTELNUOVO D'ELSA,50051,1
CERTALDO,50052,1
OSTERIA BIANCA,50053,1
MARCIGNANA,50053,1
EMPOLI,50053,1
MONTERAPPOLI,50053,1
BRUSCIANA,50053,1
PONTE A CAPPIANO,50054,1
LE BOTTEGHE,50054,1
MASSARELLA,50054,1
LA TORRE,50054,1
QUERCE,50054,1
FUCECCHIO,50054,1
SAN PIERINO,50054,1
GINESTRA FIORENTINA,50055,1
MALMANTILE,50055,1
LASTRA A SIGNA,50055,1
BRUCIANESI,50055,1
PORTO DI MEZZO,50055,1
PONTE A SIGNA,50055,1
SAMMINIATELLO,50056,1
FIBBIANA,50056,1
MONTELUPO FIORENTINO,50056,1
AMBROGIANA,50056,1
SAMMONTANA,50056,1
SIGNA,50058,1
SAN MAURO A SIGNA,50058,1
VINCI,50059,1
VITOLINI,50059,1
SPICCHIO,50059,1
SOVIGLIANA,50059,1
LONDA,50060,1
CONSUMA,50060,1
SAN GODENZO,50060,1
DIACCETO,50060,1
PELAGO,50060,1
BORSELLI,50060,1
COMPIOBBI,50061,1
DICOMANO,50062,1
SANDETOLE,50062,1
FIGLINE E INCISA VALDARNO,50063,1
FIGLINE VALDARNO,50063,1
LOPPIANO,50064,1
INCISA IN VAL D'ARNO,50064,1
SIECI,50065,1
PONTASSIEVE,50065,1
MOLINO DEL PIANO,50065,1
SAN DONATO FRONZANO,50066,1
VALLOMBROSA,50066,1
SANT'ELLERO,50066,1
DONNINI,50066,1
PIETRAPIANA,50066,1
TOSI,50066,1
REGGELLO,50066,1
LECCIO,50066,1
MATASSINO,50066,1
BORGO A CASCIA,50066,1
RIGNANO SULL'ARNO,50067,1
TROGHI,50067,1
SAN DONATO IN COLLINA,50067,1
CONTEA,50068,1
POMINO,50068,1
RUFINA,50068,1
GALLUZZO,50124,1
ARCETRI,50125,1
SAN FELICE A EMA,50125,1
BADIA A RIPOLI,50126,1
BANDINO,50126,1
SORGANE,50126,1
PONTE A EMA,50126,1
CAREGGI,50134,1
COVERCIANO,50135,1
SETTIGNANO,50135,1
VARLUNGO,50136,1
ROVEZZANO,50136,1
RIFREDI,50141,1
MANTIGNANO,50142,1
ISOLOTTO,50142,1
BROZZI,50145,1
PERETOLA,50145,1
ELMO,58010,1
SAN GIOVANNI DELLE CONTEE,58010,1
SORANO,58010,1
SOVANA,58010,1
ALBINIA,58010,1
MONTEVITOZZO,58010,1
MONTORIO,58010,1
CASTELL'OTTIERI,58010,1
BORGO CARIGE,58011,1
CAPALBIO,58011,1
CHIARONE,58011,1
CAPALBIO STAZIONE,58011,1
ISOLA DEL GIGLIO,58012,1
GIGLIO PORTO,58012,1
GIGLIO CAMPESE,58012,1
GIGLIO CASTELLO,58012,1
POGGIO MURELLA,58014,1
MARSILIANA,58014,1
SAN MARTINO SUL FIORA,58014,1
MONTEMERANO,58014,1
SATURNIA,58014,1
POGGIO CAPANNE,58014,1
PODERI DI MONTEMERANO,58014,1
ORBETELLO SCALO,58015,1
SANTA LIBERATA,58015,1
TALAMONE,58015,1
ORBETELLO STAZIONE,58015,1
POLVEROSA,58015,1
ORBETELLO,58015,1
FONTEBLANDA,58015,1
PITIGLIANO,58017,1
IL CASONE,58017,1
PORTO ERCOLE,58018,1
PORTO SANTO STEFANO,58019,1
GIANNUTRI,58019,1
MONTE ARGENTARIO,58019,1
SCARLINO STAZIONE,58020,1
PUNTONE,58020,1
SCARLINO,58020,1
SCARLINO SCALO,58020,1
PRATO RANIERI,58022,1
FOLLONICA,58022,1
GIUNCARICO,58023,1
GRILLI,58023,1
RAVI,58023,1
BIVIO DI RAVI,58023,1
FILARE,58023,1
GAVORRANO,58023,1
POTASSA,58023,1
MINIERA,58023,1
CASTEL DI PIETRA,58023,1
BAGNO DI GAVORRANO,58023,1
NICCIOLETA,58024,1
MONTEBAMBOLI,58024,1
GHIRLANDA,58024,1
CAPANNE VECCHIE,58024,1
PRATA,58024,1
TATTI,58024,1
MASSA MARITTIMA,58024,1
VALPIANA,58024,1
FRASSINE,58025,1
LAGO BORACIFERO,58025,1
MONTEROTONDO MARITTIMO,58025,1
BOCCHEGGIANO,58026,1
MONTIERI,58026,1
GERFALCO,58026,1
TRAVALE,58026,1
MONTEMASSI,58027,1
RIBOLLA,58027,1
ZANCONA,58031,1
STRIBUGLIANO,58031,1
MONTELATERONE,58031,1
SALAIOLA,58031,1
ARCIDOSSO,58031,1
MONTEGIOVI,58033,1
CASTEL DEL PIANO,58033,1
CASTELL'AZZARA,58034,1
SELVENA,58034,1
ROCCASTRADA,58036,1
STICCIANO SCALO,58036,1
STICCIANO,58036,1
STICCIANO STAZIONE,58036,1
ROCCATEDERIGHI,58036,1
SASSOFORTINO,58036,1
TORNIELLA,58036,1
BAGNORE,58037,1
MARRONETO,58037,1
CAMPAGNATICO,58042,1
MONTORSAIO,58042,1
ARCILLE,58042,1
ARCILLE DI CAMPAGNATICO,58042,1
RIVA DEL SOLE,58043,1
VETULONIA,58043,1
PUNTA ALA,58043,1
BURIANO,58043,1
TIRLI,58043,1
CASTIGLIONE DELLA PESCAIA,58043,1
SASSO D'OMBRONE,58044,1
CINIGIANO,58044,1
MONTICELLO AMIATA,58044,1
MONTICELLO DELL'AMIATA,58044,1
CASTIGLIONCELLO BANDINI,58044,1
MONTE ANTICO SCALO,58045,1
STAZIONE DI MONTE ANTICO,58045,1
MONTE ANTICO,58045,1
CIVITELLA PAGANICO,58045,1
PAGANICO,58045,1
CIVITELLA MARITTIMA,58045,1
CASALE DI PARI,58045,1
PARI,58045,1
MAGLIANO IN TOSCANA,58051,1
PERETA,58051,1
ROCCALBEGNA,58053,1
CANA,58053,1
TRIANA,58053,1
VALLERONA,58053,1
PANCOLE,58054,1
MONTORGIALI,58054,1
PRESELLE SERGARDI,58054,1
MURCI,58054,1
SCANSANO,58054,1
BACCINELLO,58054,1
PRESELLE,58054,1
POGGIOFERRO,58054,1
POLVERAIA,58054,1
SEMPRONIANO,58055,1
PETRICCI,58055,1
CELLENA,58055,1
CATABBIO,58055,1
GROSSETO,58100,1
ISTIA D'OMBRONE,58100,1
LE STIACCIOLE,58100,1
ROSELLE TERME,58100,1
BAGNO ROSELLE,58100,1
MONTEPESCALI,58100,1
RISPESCIA,58100,1
ALBERESE,58100,1
MARINA DI GROSSETO,58100,1
MONTEPESCALI STAZIONE,58100,1
BRACCAGNI,58100,1
BATIGNANO,58100,1
SANTA MARIA DI RISPESCIA,58100,1
CROCINO SAN GIUSTO,57014,1
CROCINO,57014,1
CASTELL'ANSELMO,57014,1
COLOGNOLE,57014,1
COLLESALVETTI,57014,1
PARRANA SAN MARTINO,57014,1
PARRANA SAN GIUSTO,57014,1
NIBBIAIA,57016,1
VADA,57016,1
CASTIGLIONCELLO,57016,1
GABBRO,57016,1
ROSIGNANO MARITTIMO,57016,1
CASTELNUOVO MISERICORDIA,57016,1
CALETTA DI CASTIGLIONCELLO,57016,1
ROSIGNANO SOLVAY,57016,1
NUGOLA,57017,1
GUASTICCE,57017,1
STAGNO,57017,1
NUGOLA NUOVA,57017,1
BIBBONA,57020,1
LA CALIFORNIA,57020,1
SASSETTA,57020,1
CAMPIGLIA MARITTIMA STAZIONE,57021,1
CAMPIGLIA MARITTIMA,57021,1
VENTURINA,57021,1
STAZIONE DI CAMPIGLIA MARITTIMA,57021,1
BOLGHERI,57022,1
SAN GUIDO,57022,1
CASTAGNETO CARDUCCI,57022,1
DONORATICO,57022,1
MARINA DI CASTAGNETO CARDUCCI,57022,1
MARINA DI CASTAGNETO,57022,1
CECINA,57023,1
SAN PIETRO IN PALAZZI,57023,1
CECINA MARINA,57023,1
PIOMBINO,57025,1
COLMATA,57025,1
VIGNALE RIOTORTO,57025,1
POPULONIA,57025,1
COTONE,57025,1
RIOTORTO,57025,1
PORTOVECCHIO,57025,1
TORRE MOZZA,57025,1
COLMATA FIORENTINA DI PIOMBINO,57025,1
SUVERETO,57028,1
MONTIONI,57028,1
PROCCHIO,57030,1
CAPOLIVERI,57031,1
CAPRAIA ISOLA,57032,1
MARCIANA MARINA,57033,1
PIANOSA,57034,1
PIANOSA ISOLA,57034,1
CAVOLI,57034,1
MARINA DI CAMPO,57034,1
SAN PIERO IN CAMPO,57034,1
CAMPO NELL'ELBA,57034,1
LA PILA,57034,1
SECCHETO,57034,1
PORTO AZZURRO,57036,1
CARPANI,57037,1
PORTOFERRAIO,57037,1
MAGAZZINI,57037,1
RIO MARINA,57038,1
CAVO,57038,1
RIO NELL'ELBA,57039,1
VALLE BENEDETTA,57124,1
SALVIANO,57124,1
ARDENZA,57128,1
CAMIGLIANO SANTA GEMMA,55010,1
SAN GENNARO,55010,1
LAPPATO,55010,1
MARGINONE,55011,1
SPIANATE,55011,1
BADIA POZZEVERI,55011,1
ALTOPASCIO,55011,1
PIEVE SAN PAOLO,55012,1
LUNATA,55012,1
CAPANNORI,55012,1
LAMMARI,55013,1
MARLIA,55014,1
SAN SALVATORE DI MONTECARLO,55015,1
TURCHETTO,55015,1
PORCARI,55016,1
SEGROMIGNO IN PIANO,55018,1
SEGROMIGNO IN MONTE,55018,1
MATRAIA,55018,1
PRACANDO,55019,1
VILLA BASILICA,55019,1
FORNOVOLASCO,55020,1
VERGEMOLI,55020,1
SAN PELLEGRINETTO,55020,1
SASSI,55020,1
MOLAZZANA,55020,1
FOSCIANDORA,55020,1
FABBRICHE DI VERGEMOLI,55021,1
FABBRICHE DI VALLICO,55021,1
PONTE A SERRAGLIO,55022,1
FORNOLI,55022,1
BAGNI DI LUCCA VILLA,55022,1
SAN CASSIANO DI CONTRONI,55022,1
BENABBIO,55022,1
SCESTA,55022,1
BAGNI DI LUCCA,55022,1
MONTEFEGATESI,55022,1
BAGNI DI LUCCA PONTE,55022,1
CASABASCIANA,55022,1
PIEVE DI CONTRONE,55022,1
LUCCHIO,55022,1
ANCHIANO,55023,1
BORGO A MOZZANO,55023,1
CORSAGNA,55023,1
VALDOTTAVO,55023,1
CHIFENTI,55023,1
DIECIMO,55023,1
GIOVIANO,55023,1
TEREGLIO,55025,1
CALAVORNO,55025,1
PIANO DI COREGLIA,55025,1
GHIVIZZANO,55025,1
COREGLIA ANTELMINELLI,55025,1
TRASSILICO,55027,1
FIATTONE,55027,1
GALLICANO,55027,1
TURRITECAVA,55027,1
VAGLI SOTTO,55030,1
CORFINO,55030,1
CAREGGINE,55030,1
VILLA COLLEMANDINA,55030,1
VAGLI SOPRA,55030,1
POGGIO GARFAGNANA,55031,1
CAMPORGIANO,55031,1
FILICAIA,55031,1
CASTELNUOVO DI GARFAGNANA,55032,1
PALLEROSO,55032,1
CERAGETO,55033,1
VALBONA,55033,1
CASTIGLIONE DI GARFAGNANA,55033,1
PIEVE SAN LORENZO,55034,1
CASONE CARPINELLI,55034,1
CARPINELLI,55034,1
MINUCCIANO,55034,1
GRAMOLAZZO,55034,1
GORFIGLIANO,55034,1
PIAZZA AL SERCHIO,55035,1
SANT'ANASTASIO,55035,1
PIEVE FOSCIANA,55036,1
SAN ROMANO IN GARFAGNANA,55038,1
GIUNCUGNANO,55039,1
SILLANO GIUNCUGNANO,55039,1
SILLANO,55039,1
STAZZEMA,55040,1
PONTESTAZZEMESE,55040,1
TERRINCA,55040,1
RUOSINA,55040,1
VALPROMARO,55041,1
CAPEZZANO PIANORE,55041,1
LIDO DI CAMAIORE,55041,1
PEDONA,55041,1
CAMAIORE,55041,1
NOCCHI,55041,1
FORTE DEI MARMI,55042,1
VALLECCHIA,55045,1
PIETRASANTA,55045,1
VALDICASTELLO CARDUCCI,55045,1
FIUMETTO,55045,1
CROCIALE,55045,1
FOCETTE,55045,1
CAPEZZANO MONTE,55045,1
STRETTOIA,55045,1
TONFANO,55045,1
MARINA DI PIETRASANTA,55045,1
QUERCETA,55047,1
PONTEROSSO,55047,1
SERAVEZZA,55047,1
RIOMAGNO,55047,1
BASATI,55047,1
RIPA,55047,1
TORRE DEL LAGO PUCCINI,55049,1
VIAREGGIO,55049,1
SOMMOCOLONIA,55051,1
FILECCHIO,55051,1
CASTELVECCHIO PASCOLI,55051,1
FORNACI DI BARGA,55051,1
MOLOGNO,55051,1
TIGLIO,55051,1
BARGA,55051,1
PONTE ALL'ANIA,55051,1
SOMMACOLONIA,55051,1
PIEVE A ELICI,55054,1
CORSANICO,55054,1
QUIESA,55054,1
MASSAROSA,55054,1
GUALDO DI MASSAROSA,55054,1
PIANO DI MOMMIO,55054,1
STIAVA,55054,1
BOZZANO,55054,1
PALAGNANA,55060,1
MASSA MACINAIA,55060,1
GUAMO,55060,1
VORNO,55060,1
BADIA CANTIGNANO,55060,1
SAN GINESE,55061,1
COLLE DI COMPITO,55062,1
PIEVE DI COMPITO,55062,1
RUOTA,55062,1
SAN MARTINO IN FREDDANA,55064,1
LOPPEGLIA,55064,1
PASCOSO,55064,1
VILLA A ROGGIO,55064,1
SAN ROCCO IN TURRITE,55064,1
PIEGAIO BASSO,55064,1
PIEGAIO,55064,1
PESCAGLIA,55064,1
MONTE SAN QUIRICO,55100,1
SAN LORENZO DI MORIANO,55100,1
CERASOMMA,55100,1
PONTETETTO,55100,1
MUTIGLIANO,55100,1
SAN CONCORDIO DI MORIANO,55100,1
PIAGGIONE,55100,1
PONTE A MORIANO,55100,1
PONTE DEL GIGLIO,55100,1
SALTOCCHIO,55100,1
PICCIORANA,55100,1
SANTA MARIA DEL GIUDICE,55100,1
FAGNANO,55100,1
MAGGIANO,55100,1
SAN PIETRO A VICO,55100,1
NOZZANO,55100,1
MONTUOLO,55100,1
MASSA PISANA,55100,1
VINCHIANA,55100,1
GATTAIOLA,55100,1
MONTEDIVALLI,54010,1
PODENZANA,54010,1
PALLERONE,54011,1
BIBOLA,54011,1
AULLA,54011,1
QUERCIA,54011,1
SERRICCIOLO,54011,1
ALBIANO MAGRA,54011,1
CAPRIGLIOLA,54011,1
BIGLIOLO,54011,1
BARBARASCO,54012,1
VILLA DI TRESANA,54012,1
TRESANA,54012,1
SASSALBO,54013,1
TENERANO,54013,1
MONCIGOLI,54013,1
FIVIZZANO,54013,1
SAN TERENZO MONTI,54013,1
CESERANO,54013,1
AGNINO,54013,1
GASSANO,54013,1
ROMETTA APUANA,54013,1
SOLIERA APUANA,54013,1
GRAGNOLA,54013,1
VINCA,54013,1
CODIPONTE,54014,1
EQUI,54014,1
EQUI TERME,54014,1
CASOLA IN LUNIGIANA,54014,1
COMANO,54015,1
CRESPIANO,54015,1
MONTI DI LICCIANA,54016,1
TERRAROSSA,54016,1
LICCIANA NARDI,54016,1
CORLAGA,54021,1
BAGNONE,54021,1
TRESCHIETTO,54021,1
CANTIERE,54023,1
PONTICELLO,54023,1
FILATTIERA,54023,1
SCORCETOLI,54023,1
MULAZZO,54026,1
GROPPOLI,54026,1
MONTEREGGIO DI MULAZZO,54026,1
ARPIOLA,54026,1
MONTEREGGIO,54026,1
CERVARA,54027,1
GRONDOLA,54027,1
GUINADI,54027,1
MOLINELLO,54027,1
TRAVERDE,54027,1
PONTREMOLI,54027,1
VIRGOLETTA,54028,1
MERIZZO,54028,1
VILLAFRANCA IN LUNIGIANA,54028,1
CHIESA DI ROSSANO,54029,1
ZERI,54029,1
AVENZA,54033,1
GRAGNANA,54033,1
BERGIOLA,54033,1
FOSSONE,54033,1
FOSSOLA,54033,1
MISEGLIA,54033,1
BEDIZZANO,54033,1
FONTIA,54033,1
SORGNANO,54033,1
CODENA,54033,1
MARINA DI CARRARA,54033,1
CASTELPOGGIO,54033,1
FOSDINOVO,54035,1
MARCIASO,54035,1
CANIPAROLA,54035,1
TENDOLA,54035,1
MONTIGNOSO,54038,1
CINQUALE,54038,1
PRATO CAPANNE,54038,1
TURANO,54100,1
QUERCIOLI,54100,1
CANEVARA,54100,1
ALTAGNANA,54100,1
MIRTETO,54100,1
MARINA DI MASSA,54100,1
CUCIGLIANA,56010,1
ARENA METATO,56010,1
SAN GIOVANNI ALLA VENA,56010,1
CAPRONA,56010,1
ULIVETO TERME,56010,1
VICOPISANO,56010,1
CASTELMAGGIORE,56011,1
CALCI,56011,1
FORNACETTE,56012,1
CALCINAIA,56012,1
MOLINA DI QUOSA,56017,1
RIGOLI,56017,1
PAPPIANA,56017,1
GHEZZANO,56017,1
GELLO,56017,1
RIPAFRATTA,56017,1
SAN GIULIANO TERME,56017,1
PONTASSERCHIO,56017,1
AVANE,56019,1
FILETTOLE,56019,1
NODICA,56019,1
VECCHIANO,56019,1
MONTECALVOLI,56020,1
MONTOPOLI IN VAL D'ARNO,56020,1
SAN ROMANO,56020,1
MONTOPOLI,56020,1
CERRETTI,56020,1
MARTI,56020,1
SANTA MARIA A MONTE,56020,1
LATIGNANO,56021,1
CASCINA,56021,1
SAN BENEDETTO A SETTIMO,56021,1
SAN CASCIANO,56021,1
SAN LORENZO A PAGNATICO,56021,1
SAN FREDIANO A SETTIMO,56021,1
CASTELFRANCO DI SOTTO,56022,1
VILLA CAMPANILE,56022,1
ORENTANO,56022,1
RIPOLI,56023,1
MONTIONE,56023,1
MUSIGLIANO,56023,1
SAN LORENZO ALLE CORTI,56023,1
NAVACCHIO,56023,1
CORAZZANO,56024,1
PONTE A EGOLA,56024,1
IL ROMITO,56025,1
PONTEDERA,56025,1
LA BORRA,56025,1
TREGGIAIA,56025,1
LA ROTTA,56025,1
LA SCALA,56028,1
SAN MINIATO BASSO,56028,1
SAN MINIATO,56028,1
STAFFOLI,56029,1
SANTA CROCE SULL'ARNO,56029,1
SOIANA,56030,1
MORRONA,56030,1
ORCIATICO,56030,1
LAJATICO,56030,1
TERRICCIOLA,56030,1
SELVATELLE,56030,1
BIENTINA,56031,1
CASCINE,56032,1
BUTI,56032,1
LA CROCE,56032,1
CAPANNOLI,56033,1
SAN PIETRO BELVEDERE,56033,1
CASCIANA TERME,56034,1
RIVALTO,56034,1
CHIANNI,56034,1
USIGLIANO,56035,1
LE CASINE,56035,1
LAVAIANO,56035,1
SPINELLI,56035,1
CEVOLI,56035,1
LARI,56035,1
CASCIANA TERME LARI,56035,1
PERIGNANO,56035,1
CASCIANA ALTA,56035,1
PALAIA,56036,1
VILLA SALETTA,56036,1
MONTEFOSCOLI,56036,1
PARTINO,56036,1
FORCOLI,56036,1
ALICA,56036,1
FABBRICA,56037,1
FABBRICA DI PECCIOLI,56037,1
LEGOLI,56037,1
GHIZZANO DI PECCIOLI,56037,1
PECCIOLI,56037,1
GHIZZANO,56037,1
PONSACCO,56038,1
CANNETO DI MONTEVERDI,56040,1
CRESPINA,56040,1
PIEVE DI SANTA LUCE,56040,1
POMAIA,56040,1
CASINO DI TERRA,56040,1
PONTEGINORI,56040,1
LE BADIE,56040,1
SANTA LUCE,56040,1
CENAIA,56040,1
CASTELLINA MARITTIMA,56040,1
ORCIANO PISANO,56040,1
MONTECATINI VAL DI CECINA,56040,1
CASALE MARITTIMO,56040,1
MONTEVERDI MARITTIMO,56040,1
MONTESCUDAIO,56040,1
GUARDISTALLO,56040,1
CASTELLO DI QUERCETO,56040,1
PASTINA,56040,1
MONTECASTELLI PISANO,56041,1
CASTELNUOVO DI VAL DI CECINA,56041,1
SASSO PISANO,56041,1
CRESPINA LORENZANA,56042,1
LORENZANA,56042,1
LUCIANA,56043,1
FAUGLIA,56043,1
MONTECERBOLI,56044,1
LUSTIGNANO,56044,1
LARDERELLO,56044,1
SERRAZZANO,56044,1
MICCIANO,56045,1
MONTEGEMOLI,56045,1
LIBBIANO,56045,1
POMARANCE,56045,1
RIPARBELLA,56046,1
PIGNANO,56048,1
SALINE DI VOLTERRA,56048,1
SALINE,56048,1
VOLTERRA,56048,1
MAZZOLLA,56048,1
RIGLIONE,56121,1
COLTANO,56121,1
SAN PIERO A GRADO,56122,1
SEANO,59011,1
BACCHERETO,59011,1
MONTEMURLO,59013,1
OSTE,59013,1
POGGIO ALLA MALVA,59015,1
ARTIMINO,59015,1
COMEANA,59015,1
POGGIO A CAIANO,59016,1
POGGETTO,59016,1
VAIANO,59021,1
LA BRIGLIA,59021,1
CAVARZANO,59024,1
SAN QUIRICO DI VERNIO,59024,1
VERNIO,59024,1
MERCATALE VERNIO,59024,1
LUICCIANA,59025,1
IL FABBRO,59025,1
CARMIGNANELLO,59025,1
USELLA,59025,1
MONTEPIANO,59026,1
CAFAGGIO,59100,1
GALCIANA,59100,1
FIGLINE DI PRATO,59100,1
VIACCIA,59100,1
MALISETI,59100,1
IOLO,59100,1
TAVOLA,59100,1
SANTA MARIA A COLONICA,59100,1
NARNALI,59100,1
PAPERINO,59100,1
SAN GIORGIO A COLONICA,59100,1
COIANO,59100,1
LA QUERCE,59100,1
TRAVERSAGNA,51010,1
MARGINE COPERTA,51010,1
MARLIANA,51010,1
SANTA LUCIA UZZANESE,51010,1
UZZANO,51010,1
CASORE DEL MONTE,51010,1
AVAGLIO,51010,1
MOMIGNO,51010,1
FORONE,51010,1
SERRA PISTOIESE,51010,1
MASSA E COZZILE,51010,1
BUGGIANO,51011,1
BORGO A BUGGIANO,51011,1
VENERI,51012,1
PONTE ALL'ABATE,51012,1
CASTELLARE DI PESCIA,51012,1
COLLODI,51012,1
CHIESINA UZZANESE,51013,1
CHIESANUOVA UZZANESE,51013,1
MONSUMMANO TERME,51015,1
MONTEVETTOLINI,51015,1
CINTOLESE,51015,1
GROTTA GIUSTI,51015,1
UGGIA,51015,1
POZZARELLO,51015,1
PAZZERA,51015,1
NIEVOLE,51016,1
MONTECATINI ALTO,51016,1
MONTECATINI TERME,51016,1
MONTECATINI VAL DI NIEVOLE,51016,1
PIETRABUONA,51017,1
SAN QUIRICO VALLERIANA,51017,1
PESCIA,51017,1
CASTELVECCHIO DI VELLANO,51017,1
PONTITO,51017,1
VELLANO,51017,1
PIEVE A NIEVOLE,51018,1
PONTE BUGGIANESE,51019,1
ANCHIONE,51019,1
PAVANA,51020,1
PAVANA PISTOIESE,51020,1
PRATACCIO,51020,1
SAN PELLEGRINO AL CASSERO,51020,1
CALAMECCA,51020,1
SAMBUCA PISTOIESE,51020,1
LA LIMA,51020,1
FRASSIGNONI,51020,1
COLLINA,51020,1
POPIGLIO,51020,1
CRESPOLE,51020,1
TREPPIO,51020,1
PITEGLIO,51020,1
PRUNETTA,51020,1
LE REGINE,51021,1
ABETONE,51021,1
PIAN DEGLI ONTANI,51024,1
PIANOSINATICO,51024,1
CUTIGLIANO,51024,1
SAN MARCELLO PISTOIESE,51028,1
PONTEPETRI,51028,1
GAVINANA,51028,1
LIMESTRE,51028,1
BARDALONE,51028,1
LIMESTRE PISTOIESE,51028,1
MARESCA,51028,1
MAMMIANO,51028,1
LIZZANO PISTOIESE,51028,1
CAMPO TIZZORO,51028,1
MONTAGNANA PISTOIESE,51030,1
SAN PIERO,51031,1
AGLIANA,51031,1
PONTE DI SERRAVALLE,51034,1
CASALGUIDI,51034,1
SERRAVALLE PISTOIESE,51034,1
STAZIONE MASOTTI,51034,1
MASTROMARCO,51035,1
LAMPORECCHIO,51035,1
SAN BARONTO,51035,1
LARCIANO,51036,1
CASTELMARTINI,51036,1
FOGNANO DI MONTALE,51037,1
TOBBIANA,51037,1
STAZIONE DI MONTALE,51037,1
MONTEMAGNO DI QUARRATA,51039,1
QUARRATA,51039,1
CATENA,51039,1
SANTONUOVO,51039,1
FERRUCCIA,51039,1
TIZZANA,51039,1
CAPOSTRADA,51100,1
CORBEZZI,51100,1
PRACCHIA,51100,1
ORSIGNA,51100,1
SATURNANA,51100,1
PONTELUNGO,51100,1
CANDEGLIA,51100,1
MASIANO,51100,1
CHIAZZANO,51100,1
VILLA DI BAGGIO,51100,1
CIREGLIO,51100,1
PISTOIA,51100,1
PITECCIO,51100,1
VILLA BAGGIO,51100,1
BOTTEGONE,51100,1
PIASTRE,51100,1
VALDIBRANA,51100,1
SAMMOMME',51100,1
SANTOMATO,51100,1
FONTERUTOLI,53011,1
CASTELLINA IN CHIANTI,53011,1
MONTALCINELLO,53012,1
CICIANO,53012,1
FROSINI,53012,1
CHIUSDINO,53012,1
GAIOLE IN CHIANTI,53013,1
NUSENNA,53013,1
CASTAGNOLI,53013,1
LECCHI,53013,1
AMA,53013,1
PONTE A TRESSA,53014,1
LUCIGNANO D'ARBIA,53014,1
MONTERONI D'ARBIA,53014,1
PONTE D'ARBIA,53014,1
VILLE DI CORSANO,53014,1
MONTICIANO,53015,1
SCALVAIA,53015,1
IESA,53015,1
SAN LORENZO A MERSE,53015,1
TOCCHI,53015,1
VESCOVADO,53016,1
CASCIANO,53016,1
MURLO,53016,1
RADDA IN CHIANTI,53017,1
LUCARELLI,53017,1
ROSIA,53018,1
SAN ROCCO A PILLI,53018,1
SOVICILLE,53018,1
VAGLIAGLI,53019,1
MONTEAPERTI,53019,1
PONTE A BOZZONE,53019,1
CASTELNUOVO BERARDENGA,53019,1
SAN GUSME',53019,1
CASETTA,53019,1
QUERCEGROSSA,53019,1
MONTISI,53020,1
PETROIO,53020,1
SAN GIOVANNI D'ASSO,53020,1
TREQUANDA,53020,1
CASTELMUZIO,53020,1
ABBADIA SAN SALVATORE,53021,1
BUONCONVENTO,53022,1
CASTIGLIONE D'ORCIA,53023,1
BAGNI DI SAN FILIPPO,53023,1
BAGNI SAN FILIPPO,53023,1
VIVO D'ORCIA,53023,1
CAMPIGLIA D'ORCIA,53023,1
SANT'ANGELO IN COLLE,53024,1
TORRENIERI,53024,1
MONTE AMIATA,53024,1
MONTALCINO,53024,1
CASTELNUOVO DELL'ABATE,53024,1
PIANCASTAGNAIO,53025,1
SARAGIOLO,53025,1
PIENZA,53026,1
MONTICCHIELLO,53026,1
SAN QUIRICO D'ORCIA,53027,1
BAGNO VIGNONI,53027,1
ANQUA,53030,1
CASTEL SAN GIMIGNANO,53030,1
RADICONDOLI,53030,1
CASTEL SAN GIMINIANO,53030,1
MONTEGUIDI,53031,1
PIEVESCOLA,53031,1
CASOLE D'ELSA,53031,1
QUARTAIA,53034,1
GRACCIANO DI COLLE VAL D'ELSA,53034,1
COLLE DI VAL D'ELSA,53034,1
BELVERDE,53035,1
CASTELLINA IN CHIANTI STAZIONE,53035,1
CASTELLINA SCALO,53035,1
UOPINI,53035,1
BADESSE,53035,1
MONTERIGGIONI,53035,1
STROVE,53035,1
TOGNAZZA,53035,1
POGGIBONSI,53036,1
BADIA A ELMI,53037,1
RAPOLANO TERME,53040,1
CONTIGNANO,53040,1
SERRE DI RAPOLANO,53040,1
RADICOFANI,53040,1
PALAZZONE,53040,1
PIAZZE,53040,1
CELLE SUL RIGO,53040,1
CETONA,53040,1
SAN CASCIANO DEI BAGNI,53040,1
CHIUSURE,53041,1
MONTE OLIVETO MAGGIORE,53041,1
MONTE SANTE MARIE,53041,1
ARBIA,53041,1
CHIANCIANO TERME,53042,1
CHIUSI STAZIONE,53043,1
MONTALLESE,53043,1
CHIUSI SCALO,53043,1
CHIUSI,53043,1
SANT'ALBINO,53045,1
ABBADIA DI MONTEPULCIANO,53045,1
GRACCIANO,53045,1
MONTEPULCIANO,53045,1
VALIANO,53045,1
ABBADIA,53045,1
MONTEPULCIANO STAZIONE,53045,1
SARTEANO,53047,1
RIGOMAGNO,53048,1
BETTOLLE,53048,1
SINALUNGA,53048,1
SCROFIANO,53048,1
PIEVE DI SINALUNGA,53048,1
GUAZZINO,53048,1
RIGAIOLO,53048,1
TORRITA STAZIONE,53049,1
MONTEFOLLONICO,53049,1
TORRITA DI SIENA,53049,1
TAVERNE D'ARBIA,53100,1
ISOLA D'ARBIA,53100,1
PONTE AL BOZZONE,53100,1
COSTALPINO,53100,1
CORONCINA,53100,1
MALAFRASCA,53100,1
SANT'ANDREA A MONTECCHIO,53100,1
SENALE,39010,1
ST. MARTIN IN PASSEIER,39010,1
CAINES,39010,1
VÖRAN,39010,1
CERMES,39010,1
RIFIANO,39010,1
PRISSIANO,39010,1
SAN MARTINO IN PASSIRIA,39010,1
TSCHERMS,39010,1
TISENS,39010,1
ANDRIAN,39010,1
TESIMO,39010,1
ANDRIANO,39010,1
VERANO,39010,1
HAFLING,39010,1
AVELENGO,39010,1
WALTEN,39010,1
MELTINA,39010,1
SANT'ORSOLA IN PASSIRIA,39010,1
GARGAZON,39010,1
GARGAZZONE,39010,1
MÖLTEN,39010,1
ST. PANKRAZ,39010,1
RIFFIAN,39010,1
SINICH,39010,1
VERNUE,39010,1
NALLES,39010,1
NALS,39010,1
PAWIGL,39010,1
SIGMUNDSKRON,39010,1
ST. FELIX,39010,1
SALTAUS,39010,1
UNSERE LIEBE FRAU I. W.,39010,1
GFRILL,39010,1
PLATZERS,39010,1
PRISSIA,39010,1
GRISSIAN,39010,1
SAN FELICE VAL DI NON,39010,1
SENALE SAN FELICE,39010,1
UNSERE LIEBE FRAU IM WALD,39010,1
SALTUSIO,39010,1
ST. NIKOLAUS/ULTEN,39010,1
VILPIAN,39010,1
ST. GERTRAUD,39010,1
SCHLANEID,39010,1
FRANGART,39010,1
VERSCHNEID,39010,1
KUENS,39010,1
ST. HELENA,39010,1
PFELDERS,39010,1
GFEIS,39010,1
MONTE SAN VIGILIO,39011,1
PAWIG,39011,1
VÖLLAN,39011,1
PAVICOLO,39011,1
VIGILJOC,39011,1
LANA,39011,1
OBERMAIS,39012,1
SINIGO,39012,1
SINIC,39012,1
MERAN SINIC,39012,1
GRATSCH,39012,1
BORGO VITTORIA,39012,1
MERANO,39012,1
UNTERMAIS,39012,1
MERAN,39012,1
MOSO IN PASSIRIA,39013,1
MOOS,39013,1
STULS,39013,1
ULFAS,39013,1
PFELDER,39013,1
PLAN IN PASSIRIA,39013,1
PLATT,39013,1
RABENSTEIN,39013,1
POSTAL,39014,1
BURGSTALL,39014,1
SAN LEONARDO IN PASSIRIA,39015,1
WALTE,39015,1
ST. LEONHARD IN PASS.,39015,1
VALTINA,39015,1
SANT'ORSOLA,39015,1
WINDEGG,39015,1
SCHWEINSTEG,39015,1
ST.WALBURG ULTE,39016,1
SANTA VALBURGA ULTIMO,39016,1
ST. MORITZ/ULTEN,39016,1
KUPPELWIES,39016,1
ST.NIKOLAU,39016,1
SAN NICOLO' ULTIMO,39016,1
SANTA GELTRUDE IN ULTIMO,39016,1
ULTIMO,39016,1
SANTA VALBURGA,39016,1
SANTA GERTRUDE,39016,1
ST. WALBURG/ULTEN,39016,1
SCENA,39017,1
SCHENNA,39017,1
VERDINS,39017,1
VIDEGG,39017,1
TALL,39017,1
VILPIA,39018,1
SIEBENEICH,39018,1
VILPIANO,39018,1
TERLAN,39018,1
SETTEQUERCE,39018,1
TERLANO,39018,1
TIROLO,39019,1
TIROL,39019,1
TSCHARS,39020,1
TARTSCH,39020,1
GRAUN/VINSCHG.,39020,1
EYRS,39020,1
GAND/MARTELL,39020,1
PLANEIL,39020,1
LICHTENBERG,39020,1
TABLAND,39020,1
KATHARINABERG,39020,1
MARLENGO,39020,1
VERNAGT,39020,1
MARLING,39020,1
LAATSCH,39020,1
UNSER FRA,39020,1
UNSERE FRAU I. SCHNALS,39020,1
MATSCH,39020,1
TOL,39020,1
FREIBERG,39020,1
STABEN,39020,1
TARSCH,39020,1
GRIES,39020,1
FREIBERG VINSCHGA,39020,1
KASTELBELL,39020,1
KARTHAUS,39020,1
ST. VALENTIN A. D. H.,39020,1
CASTELBELLO CIARDES,39020,1
MONTEFRANCO IN VENOSTA,39020,1
TAUFERS I. MÜNSTERTAL,39020,1
PARTSCHINS,39020,1
MAREIN,39020,1
PLAWENN,39020,1
MELAG,39020,1
TSCHENGLS,39020,1
TÖLL,39020,1
TEL,39020,1
SENALES,39020,1
PARCINES,39020,1
GLORENZA,39020,1
SLUDERNO,39020,1
GLURNS,39020,1
SCHLUDERNS,39020,1
RABLA',39020,1
RABLAND,39020,1
STILFS,39020,1
GOLDRAIN,39020,1
HINTERKIRCH,39020,1
PEDROSS,39020,1
MARTELLO,39020,1
CIARDES,39020,1
RIFAIR,39020,1
TUBRE,39020,1
CASTELBELLO,39020,1
MARTELL,39020,1
ST. MARTIN AM KOFL,39021,1
MORTE,39021,1
TARRES,39021,1
LATSCH,39021,1
GOLDRAI,39021,1
TARSC,39021,1
LACES,39021,1
COLDRANO,39021,1
VELLAU,39022,1
OBERPLARS,39022,1
PLARS,39022,1
ASCHBACH,39022,1
LAGUNDO,39022,1
ALGUND,39022,1
LASA,39023,1
ALLITZ,39023,1
LAAS,39023,1
CENGLES,39023,1
TARNELL,39023,1
TANA,39023,1
ORIS,39023,1
EYR,39023,1
TSCHENGEL,39023,1
MARIENBERG,39024,1
PLANOL,39024,1
SCHLEIS,39024,1
LAATSC,39024,1
TARTSC,39024,1
SCHLINIG,39024,1
PLANEI,39024,1
MATSC,39024,1
LAUDES,39024,1
MAZIA,39024,1
BURGUSIO,39024,1
BURGEIS,39024,1
MALS,39024,1
MALLES VENOSTA,39024,1
TARCES,39024,1
PLAUS,39025,1
STABE,39025,1
NATURNO,39025,1
STAVA,39025,1
NATURNS,39025,1
PRAD,39026,1
LICHTENBER,39026,1
PRATO ALLO STELVIO,39026,1
AGUMS,39026,1
SAN VALENTINO ALLA MUTA,39027,1
RESCHEN,39027,1
CURON VENOSTA,39027,1
SILANDRO,39028,1
SCHLANDERS,39028,1
COVELANO,39028,1
GOEFLA,39028,1
TALATSCH,39028,1
KORTSCH,39028,1
GÖFLAN,39028,1
VEZZAN,39028,1
GOMAGO,39029,1
TRAFO,39029,1
SOLDA,39029,1
STELVIO,39029,1
SULDEN,39029,1
VALLARGA,39030,1
FALZES,39030,1
VALDAORA,39030,1
UNTERPLANKEN,39030,1
LONGEGA,39030,1
SEXTEN,39030,1
ST. LORENZEN,39030,1
SAN SIGISMONDO,39030,1
ST. SIGMUND,39030,1
SESTO,39030,1
OLANG,39030,1
WELSCHELLEN,39030,1
MONTAL,39030,1
PERCHA,39030,1
PERCA,39030,1
STEFANSDORF,39030,1
OBEROLANG,39030,1
AHRNTAL,39030,1
MÜHLEN/PFALZEN,39030,1
SAALEN,39030,1
ST. MARTIN IN GSIES,39030,1
MÜHLBACH B. GAIS,39030,1
ST. MAGDALENA I. G.,39030,1
NASEN,39030,1
WENGEN/LA VAL,39030,1
KAMPILL,39030,1
ELLEN,39030,1
GAIS,39030,1
VINTL,39030,1
ISSING,39030,1
ST. JAKOB IN AHRN,39030,1
ONACH,39030,1
GREINWALDEN,39030,1
ST. VIGIL I. ENNEBERG,39030,1
RASUN DI SOTTO,39030,1
UNTERGSIES,39030,1
ST. VEIT IN PRAGS,39030,1
PFLAURENZ,39030,1
ST. WALBURG I. ANTHOLZ,39030,1
PICHL,39030,1
UNTERVINTL,39030,1
VALDAORA DI MEZZO,39030,1
KASERN,39030,1
ST. MARTIN IN THURN/S. MARTIN DE TOR,39030,1
ST. PETER IN AHRN,39030,1
MARGEN,39030,1
HOFERN,39030,1
GEISELSBERG,39030,1
UNTERMOI,39030,1
KURFAR,39030,1
KOLFUSCHG,39030,1
WEISSENBACH,39030,1
ST. JOHANN IN AHRN,39030,1
OBERWIELENBACH,39030,1
ENNEBERG/MAREO,39030,1
CAMPIL,39030,1
ST.VIGI,39030,1
SAN LORENZO DI SEBATO,39030,1
PFALZEN,39030,1
AHORNACH,39030,1
WIELENBERG,39030,1
TESSELBERG,39030,1
PIKOLEIN,39030,1
RODENECK,39030,1
PEDERO,39030,1
VANDOIES DI SOTTO,39030,1
MAREBBE,39030,1
NIEDEROLANG,39030,1
NIEDERVINTL,39030,1
ST.MAGDALEN,39030,1
RASUN ANTERSELVA,39030,1
STEINHAUS,39030,1
LA VALLE,39030,1
ZWISCHENWASSER,39030,1
ST.JOHANN IN AHRNTA,39030,1
PLATTEN,39030,1
OBERVINTL,39030,1
WEITENTAL,39030,1
ST.MARTIN GSIE,39030,1
ST. KASSIA,39030,1
ST.SIGMUN,39030,1
SAN GIACOMO IN VALLE AURINA,39030,1
ST.JAKOB IN AHRNTA,39030,1
MOO,39030,1
LONGIARU',39030,1
SAN GIOVANNI IN VALLE AURINA,39030,1
VALLE AURINA,39030,1
VANDOIES,39030,1
MITTEROLANG,39030,1
VALLE DI CASIES,39030,1
OBERRASEN,39030,1
NIEDERRASEN,39030,1
CADIPIETRA,39030,1
LUTTACH,39030,1
SAN MARTINO IN CASIES,39030,1
MÜHLWALD,39030,1
RASUN DI SOPRA,39030,1
TERENTO,39030,1
SELVA DEI MOLINI,39030,1
REIN,39030,1
PFUNDERS,39030,1
TERENTEN,39030,1
FUNDRES,39030,1
PEDEROA,39030,1
LAPPACH,39030,1
SAN MARTINO IN BADIA,39030,1
VILLA OTTONE,39030,1
PICCOLINO,39030,1
BRAIES,39030,1
UTTENHEIM,39030,1
CASTELDARNE,39030,1
ANTERSELVA DI MEZZO,39030,1
CHIENES,39030,1
EHRENBURG,39030,1
VANDOIES DI SOPRA,39030,1
PRAGS,39030,1
SANTA MADDALENA,39030,1
PRETTAU,39030,1
LUTAGO,39030,1
PREDOI,39030,1
ANTHOLZ,39030,1
VALDAORA DI SOTTO,39030,1
KIENS,39030,1
BRUNICO,39031,1
LUNS,39031,1
BRUNECK,39031,1
RISCONE,39031,1
REISCHACH,39031,1
STEGEN,39031,1
ST. GEORGEN,39031,1
TEODONE,39031,1
DIETENHEIM,39031,1
AUFHOFEN,39031,1
AHORNAC,39032,1
RIVA DI TURES,39032,1
TAUFERS/AHRNTAL,39032,1
KEMATEN,39032,1
MOEHLEN IN TAUFER,39032,1
MÜHLEN I. TAUFERS,39032,1
SAND IN TAUFERS,39032,1
CAMPO TURES,39032,1
MOLINI DI TURES,39032,1
ACERETO,39032,1
KOLFUSCH,39033,1
CORVARA IN BADIA,39033,1
TOBLACH,39034,1
DOBBIACO,39034,1
AUFKIRCHEN,39034,1
WAHLEN,39034,1
TESIDO,39035,1
MONGUELFO,39035,1
WELSBERG,39035,1
TAISTEN,39035,1
ABTEI/BADIA,39036,1
PEDRACE,39036,1
PEDRACES,39036,1
ST. KASSIAN,39036,1
STERN,39036,1
RIO DI PUSTERIA,39037,1
RODENGO,39037,1
SPINGES,39037,1
MERANSEN,39037,1
MÜHLBACH,39037,1
VALS,39037,1
VIERSCHACH,39038,1
WINNEBACH,39038,1
SAN CANDIDO,39038,1
NIEDERDORF,39039,1
VILLABASSA,39039,1
MARGREID,39040,1
WEISSENSTEIN,39040,1
ALPE DI SIUSI,39040,1
KLERANT,39040,1
ALDEIN,39040,1
GSCHNON,39040,1
TSCHÖVAS,39040,1
SEISER AL,39040,1
LOEWENVIERTEL ELISABETHSIEDLUN,39040,1
INNERPFITSCH,39040,1
ATZWANG,39040,1
S. LUGANO,39040,1
TAGUSENS,39040,1
FENNBERG,39040,1
SCHNAUDERS,39040,1
FLANS,39040,1
ST. OSWALD,39040,1
GFRILL/UNTERLAND,39040,1
LAUREIN,39040,1
LAUREGNO,39040,1
ST. LEONHARD,39040,1
PINZON,39040,1
FREINS,39040,1
ST. ANDRÄ_,39040,1
ST.LUGAN,39040,1
TELFES,39040,1
NATZ,39040,1
PFLERSCH,39040,1
SPILUCK,39040,1
ST. PETER B. LAJEN,39040,1
SCHRAMBACH,39040,1
ANTERIVO,39040,1
SCHMUDERS,39040,1
PROVEIS,39040,1
STILFES,39040,1
ST. MICHAEL/KASTELR.,39040,1
BUCHHOLZ,39040,1
NAZ,39040,1
TANÜRZ,39040,1
ST. MORITZ B. VILLANDERS,39040,1
MAGRE' SULLA STRADA DEL VINO,39040,1
ELZENBAUM,39040,1
ALDINO,39040,1
HOHLEN,39040,1
MÜHLEN/TRUDEN,39040,1
SCHALDERS,39040,1
SEIS AM SCHLER,39040,1
SAN PIETRO LAION,39040,1
TERMENO SULLA STRADA DEL VINO,39040,1
GARN,39040,1
GRAUN/UNTERL.,39040,1
JAUFENTAL,39040,1
GLEN,39040,1
SÖLL,39040,1
BARBIAN,39040,1
VALGIOVO,39040,1
AFERS,39040,1
KALTENBRUNN,39040,1
FREIENFELD,39040,1
CAMPO DI TRENS,39040,1
TRENS,39040,1
VILLNÖSS,39040,1
FLITT,39040,1
VELTURNO,39040,1
FELDTHURNS,39040,1
LAION,39040,1
NAZ SCIAVES,39040,1
KURTATSCH,39040,1
ST.PETER LAJE,39040,1
ENTIKLAR,39040,1
CORTACCIA SULLA STRADA DEL VINO,39040,1
SCHABS,39040,1
GASTEI,39040,1
VIUMS,39040,1
MAREIT,39040,1
REDAGNO,39040,1
ALTREI,39040,1
RAA,39040,1
RACINES,39040,1
PRUNO DI STILVES,39040,1
RADEIN,39040,1
HOLE,39040,1
ST.PETE,39040,1
FUNES,39040,1
PFULTERS,39040,1
KOLLMANN,39040,1
RUNGG,39040,1
MONTAGNA,39040,1
STANGE,39040,1
MULES,39040,1
FONTANEFREDDE,39040,1
STILVES,39040,1
SCIAVES,39040,1
ALBIONS,39040,1
MAULS,39040,1
CAMPODAZZO,39040,1
KASTELRUTH,39040,1
PENON,39040,1
PROVES,39040,1
STANGHE,39040,1
TRODENA,39040,1
LEONE SANTA ELISABETTA,39040,1
AUER,39040,1
RATSCHINGS,39040,1
SALURN,39040,1
VAHRN,39040,1
PFITSCH,39040,1
LÜSEN,39040,1
SEIS AM SCHLERN,39040,1
SIUSI,39040,1
LUSON,39040,1
PRUNO,39040,1
SAN LUGANO,39040,1
CAURIA,39040,1
CASATEIA,39040,1
ORA,39040,1
SALORNO,39040,1
PONTE GARDENA,39040,1
RIDANNA,39040,1
WAIDBRUCK,39040,1
LAAG,39040,1
GOSSENSASS,39040,1
TRUDEN,39040,1
CORTINA SULLA STRADA DEL VINO,39040,1
KURTINIG,39040,1
NOVACELLA,39040,1
VILLANDERS,39040,1
LAJEN,39040,1
RIDNAUN,39040,1
VILLANDRO,39040,1
MARETA,39040,1
TRAMIN,39040,1
COLLE ISARCO,39041,1
BRENNER,39041,1
BRENNERO,39041,1
GOSSENSAS,39041,1
TSCHÖTSCH,39042,1
ST.ANDR,39042,1
EORES,39042,1
ALBEINS,39042,1
PINZAGEN,39042,1
TILS,39042,1
KARNOL,39042,1
ZINGGEN,39042,1
SARNS,39042,1
MELLAUN,39042,1
MILLAND,39042,1
BRESSANONE,39042,1
AFER,39042,1
ELVAS,39042,1
BRIXEN,39042,1
ALBES,39042,1
SANT'ANDREA IN MONTE,39042,1
CHIUSA,39043,1
KLAUSEN,39043,1
GUFIDAUN,39043,1
GUDON,39043,1
LATZFONS,39043,1
TEIS,39043,1
VERDINGS,39043,1
LAZFONS,39043,1
LAGHETTI,39044,1
NEUMARKT,39044,1
EGNA,39044,1
MAZON,39044,1
OBERAU,39045,1
MITTEWALD,39045,1
GRASSTEIN,39045,1
FRANZENSFESTE,39045,1
FORTEZZA,39045,1
ST. ULRICH/URTIJEI,39046,1
ST. JAKOB,39046,1
PUFELS,39046,1
ORTISEI,39046,1
ST. CHRISTINA/S. CRESTINA -GHERDEINA,39047,1
SANTA CRISTINA VAL GARDENA,39047,1
WOLKENSTEIN/SELVA,39048,1
SELVA DI VAL GARDENA,39048,1
TSCHÖFS,39049,1
VIPITENO,39049,1
KEMATEN/PFITSCH,39049,1
VAL DI VIZZE,39049,1
THUINS,39049,1
BAHNHO,39049,1
FLAINS,39049,1
STECKHOLZ,39049,1
STERZING,39049,1
RIED,39049,1
WIESEN,39049,1
GIRLAN,39050,1
DEUTSCHNOFEN,39050,1
NOVA PONENTE,39050,1
AFING,39050,1
ST.PAULS,39050,1
JENESIEN,39050,1
BIRCHABRUCK,39050,1
SAN GENESIO ATESINO,39050,1
UNTERINN,39050,1
AVIGNA,39050,1
TIERS,39050,1
COLOGNA DI SOTTO,39050,1
SAN NICOLO' D'EGA,39050,1
TIRES,39050,1
ST. PAULS/EPPAN,39050,1
WANGEN,39050,1
STEINEGG,39050,1
RAUT,39050,1
BLUMAU,39050,1
VALAS,39050,1
FLAAS,39050,1
KARNEID,39050,1
INNICHEN,39050,1
VÖLSER AICHA,39050,1
FIE' ALLO SCILIAR,39050,1
UNTEREGGEN,39050,1
VÖLS AM SCHLERN,39050,1
EGGEN,39050,1
PONTE NOVA,39050,1
UNTERGLANING,39050,1
ST. KONSTANTIN,39050,1
STEINMANNWALD,39050,1
SEIT,39050,1
ST. JUSTINA/EPPAN,39050,1
UMS,39050,1
ST. NIKOLAUS I. EGGEN,39050,1
UNTERRAIN/EPPAN,39050,1
MISSIAN,39050,1
OBERINN,39050,1
BREIEN,39050,1
LENGSTEIN,39050,1
PERDONIG,39050,1
GUMMER,39050,1
ST. JAKOB/BOZEN,39050,1
PRÖSELS,39050,1
AICA DI FIE',39050,1
VADENA,39051,1
BRONZOLO,39051,1
BRANZOLL,39051,1
PFATTEN,39051,1
OBERPLANITZING,39052,1
MITTERDORF,39052,1
ST. ANTON,39052,1
UNTERPLANITZING,39052,1
ALTENBURG,39052,1
ST. JOSEF AM SEE,39052,1
ST. NIKOLAUS/KALTERN,39052,1
CALDARO SULLA STRADA DEL VINO,39052,1
KALTERN,39052,1
SAN VALENTINO IN CAMPO,39053,1
BLUMA,39053,1
COLLEPIETRA,39053,1
CARDANO,39053,1
CORNEDO ALL'ISARCO,39053,1
KARDAUN/BOZEN,39053,1
KARDAUN,39053,1
PRATO ALL'ISARCO,39053,1
GUMME,39053,1
EGGENTA,39053,1
STEINEG,39053,1
CONTRADA VAL D'EGA,39053,1
AUNA INFERIORE,39054,1
VANGA,39054,1
GISSMANN,39054,1
RENON,39054,1
AUNA DI SOPRA,39054,1
OBERBOZE,39054,1
SANT'OTTILIA IN RENON,39054,1
LENGSTEIN AM RITTE,39054,1
UNTERIN,39054,1
COLLALBO,39054,1
LENGMOOS,39054,1
OBERI,39054,1
WANGE,39054,1
RITTEN,39054,1
SOPRABOLZANO,39054,1
KLOBENSTEIN,39054,1
ST.JAKOB BEI BOZE,39055,1
PINETA,39055,1
SEIT BEI LEIFER,39055,1
LA COSTA,39055,1
LAIVES,39055,1
SAN GIACOMO DI LAIVES,39055,1
LA COSTA DI LAIVES,39055,1
LEIFERS,39055,1
NOVA LEVANTE,39056,1
WELSCHNOFEN,39056,1
CAREZZA AL LAGO,39056,1
KARERSEE,39056,1
CAREZZA,39056,1
FRANGARTO,39057,1
ST. MICHAEL/EPPAN,39057,1
SAN MICHELE APPIANO,39057,1
APPIANO SULLA STRADA DEL VINO,39057,1
MONTIGGL,39057,1
GIRLA,39057,1
CORNAIANO,39057,1
EPPAN,39057,1
DURNHOLZ,39058,1
ABERSTÜCKL,39058,1
NORDHEI,39058,1
CAMPOLASTA,39058,1
PENS,39058,1
ASTEN,39058,1
RIEDELSBERG,39058,1
REINSWALD,39058,1
ASTFELD-NORDHEIM,39058,1
SARENTINO,39058,1
WEISSENBACH/SARNTAL,39058,1
BUNDSCHEN,39058,1
SARNTHEIN,39058,1
OBERBOZEN,39059,1
WOLFSGRUBEN,39059,1
RENTSCH,39100,1
SIGNAT,39100,1
KAMPENN,39100,1
CASTELFIRMIANO,39100,1
OBERAU/BOZEN,39100,1
SIGMUNDSKRO,39100,1
GLANING,39100,1
BOZEN,39100,1
ANDALO,38010,1
CAVEDAGO,38010,1
DAMBEL,38010,1
ROMENO,38010,1
CAMPODENNO,38010,1
DENNO,38010,1
CASEZ,38010,1
SAN MICHELE ALL'ADIGE,38010,1
SPORMINORE,38010,1
RONZONE,38010,1
FAI DELLA PAGANELLA,38010,1
SPORMAGGIORE,38010,1
VIGO DI TON,38010,1
RUFFRE',38010,1
VIGO ANAUNIA,38010,1
TON,38010,1
MALGOLO,38010,1
CIMA PAGANELLA,38010,1
TAVON,38010,1
SFRUZ,38010,1
BANCO,38010,1
SAN ROMEDIO,38010,1
SANZENO,38010,1
AMBLAR,38011,1
CAVARENO,38011,1
SARNONICO,38011,1
DON,38011,1
SEIO,38011,1
PREDAIA,38012,1
MOLLARO,38012,1
DERMULO,38012,1
TRES,38012,1
TAIO,38012,1
VERVÒ,38012,1
COREDO,38012,1
SMARANO,38012,1
SEGNO,38012,1
VASIO,38013,1
MALOSCO,38013,1
FONDO,38013,1
TRET,38013,1
PRESSANO,38015,1
NAVE SAN FELICE,38015,1
LAVIS,38015,1
MEZZOCORONA,38016,1
MEZZOLOMBARDO,38017,1
MOLVENO,38018,1
TUENNO,38019,1
TASSULLO,38019,1
NANNO,38019,1
PRACORNO,38020,1
MOCENIGO,38020,1
CIS,38020,1
MARCENA,38020,1
CASTELFONDO,38020,1
MESTRIAGO,38020,1
BRESIMO,38020,1
COMMEZZADURA,38020,1
RUMO,38020,1
RABBI,38020,1
DEGGIANO,38020,1
CLOZ,38020,1
PELLIZZANO,38020,1
BREZ,38021,1
CALDES,38022,1
CAVIZZANA,38022,1
BOZZANA,38022,1
MECHEL,38023,1
CLES,38023,1
CALTRON,38023,1
COGOLO IN VAL DI PEJO,38024,1
COGOLO,38024,1
CELEDIZZO,38024,1
PEIO,38024,1
CELLEDIZZO,38024,1
MONCLASSICO,38025,1
DIMARO,38025,1
FUCINE DI OSSANA,38026,1
CUSIANO,38026,1
FUCINE,38026,1
OSSANA,38026,1
CROVIANA,38027,1
MALE',38027,1
TERZOLAS,38027,1
ROMALLO,38028,1
CAGNO',38028,1
TREGIOVO,38028,1
REVO',38028,1
PASSO DEL TONALE,38029,1
VERMIGLIO,38029,1
FRAVIANO,38029,1
VARENA,38030,1
DAIANO,38030,1
MOLINA DI FIEMME,38030,1
VERLA,38030,1
CASTELLO DI FIEMME,38030,1
MAZZIN,38030,1
PANCHIA',38030,1
ZIANO DI FIEMME,38030,1
CAMPESTRIN,38030,1
SORAGA,38030,1
STRAMENTIZZO,38030,1
CASTELLO MOLINA DI FIEMME,38030,1
STRAMENTIZZO NUOVO,38030,1
ROVERE' DELLA LUNA,38030,1
CAPRIANA,38030,1
CAMPITELLO DI FASSA,38031,1
SASS PORDOI,38032,1
ALBA DI CANAZEI,38032,1
CANAZEI,38032,1
PENIA,38032,1
MASI DI CAVALESE,38033,1
CAVALESE,38033,1
CEMBRA,38034,1
LISIGNAGO,38034,1
FORNO DI FIEMME,38035,1
MOENA,38035,1
PERA DI FASSA,38036,1
PERA,38036,1
POZZA DI FASSA,38036,1
BELLAMONTE,38037,1
PREDAZZO,38037,1
PASSO ROLLE,38037,1
PANEVEGGIO,38037,1
TESERO,38038,1
VIGO DI FASSA,38039,1
PASSO COSTALUNGA,38039,1
FORNACE,38040,1
RAVINA,38040,1
LONA LASES,38040,1
LASES,38040,1
VALFLORIANA,38040,1
LONA,38040,1
ALBIANO,38041,1
MONTAGNAGA,38042,1
CAMPOLONGO,38042,1
FAIDA,38042,1
FAIDA DI PINE',38042,1
RIZZOLAGA,38042,1
BASELGA DI PINE',38042,1
BRUSAGO,38043,1
BEDOLLO,38043,1
REGNANA,38043,1
SEREGNANO,38045,1
CIVEZZANO,38045,1
GIONGHI,38046,1
LAVARONE CAPPELLA,38046,1
LAVARONE,38046,1
SEVIGNANO,38047,1
SEGONZANO,38047,1
QUARAS,38047,1
SOVER,38048,1
VATTARO,38049,1
VIGOLO VATTARO,38049,1
CENTA SAN NICOLO',38049,1
BOSENTINO,38049,1
MIGAZZONE,38049,1
CALCERANICA AL LAGO,38050,1
SAGRON MIS,38050,1
MONTE DI MEZZO,38050,1
IMER,38050,1
TELVE DI SOPRA,38050,1
PIEVE TESINO,38050,1
PRADE,38050,1
SANT'ORSOLA TERME,38050,1
TORCEGNO,38050,1
MARTER,38050,1
FIEROZZO,38050,1
GOBBERA,38050,1
TELVE DI VALSUGANA,38050,1
SCURELLE,38050,1
RONCHI VALSUGANA,38050,1
NOVALEDO,38050,1
CARZANO,38050,1
CAORIA,38050,1
RONCEGNO,38050,1
CINTE TESINO,38050,1
CANAL SAN BOVO,38050,1
SAN FRANCESCO,38050,1
TENNA,38050,1
FRASSILONGO,38050,1
PALU' DEL FERSINA,38050,1
TELVE,38050,1
BORGO VALSUGANA,38051,1
OLLE,38051,1
CALDONAZZO,38052,1
CASTELLO TESINO,38053,1
SIROR,38054,1
FIERA DI PRIMIERO,38054,1
TONADICO,38054,1
TRANSACQUA,38054,1
SAN MARTINO DI CASTROZZA,38054,1
GRIGNO,38055,1
TEZZE VAL SUGANA,38055,1
SELVA DI GRIGNO,38055,1
LEVICO TERME,38056,1
RONCOGNO,38057,1
CANEZZA,38057,1
VIGALZANO,38057,1
PERGINE VALSUGANA,38057,1
COSTASAVINA,38057,1
FALESINA,38057,1
SUSA',38057,1
MADRANO,38057,1
VIARAGO,38057,1
VIGNOLA FALESINA,38057,1
SAN CRISTOFORO AL LAGO,38057,1
CANZOLINO,38057,1
ISCHIA TRENTINA,38057,1
SERSO,38057,1
SPERA,38059,1
STRIGNO,38059,1
IVANO FRACENA,38059,1
VILLA AGNEDO,38059,1
AGNEDO,38059,1
RAOSSI,38060,1
TIARNO DI SOTTO,38060,1
CROSANO,38060,1
CORNALE',38060,1
RAOSSI DI VALLARSA,38060,1
NOGAREDO,38060,1
BESENELLO,38060,1
ANGHEBENI DI VALLARSA,38060,1
CONCEI,38060,1
VALDUGA,38060,1
ISERA,38060,1
PREGASINA,38060,1
CIMONE,38060,1
ANGHEBENI,38060,1
GAVAZZO NUOVA,38060,1
VILLA LAGARINA,38060,1
VALMORBIA,38060,1
CHIENIS,38060,1
GARNIGA TERME,38060,1
RIVA DI VALLARSA,38060,1
RONZO,38060,1
RONZO CHIENIS,38060,1
PEDERSANO,38060,1
TENNO,38060,1
PIEVE DI LEDRO,38060,1
TERRAGNOLO,38060,1
MOLINA DI LEDRO,38060,1
BRENTONICO,38060,1
TIARNO DI SOPRA,38060,1
NOMI,38060,1
BEZZECCA,38060,1
ALDENO,38060,1
VALLARSA,38060,1
VOLANO,38060,1
POMAROLO,38060,1
PILCANTE,38061,1
SERRAVALLE ALL'ADIGE,38061,1
SEGA DEI LESSINI,38061,1
CHIZZOLA,38061,1
ALA,38061,1
ARCO,38062,1
OLTRESARCA,38062,1
VIGNOLE,38062,1
SABBIONARA,38063,1
BORGHETTO ALL'ADIGE,38063,1
AVIO,38063,1
SERRADA,38064,1
FOLGARIA,38064,1
MEZZOMONTE,38064,1
NOSELLARI,38064,1
MEZZOMONTE DI SOTTO,38064,1
CARBONARE DI FOLGARIA,38064,1
SERRADA DI FOLGARIA,38064,1
CARBONARE,38064,1
MEZZOMONTE DI SOPRA,38064,1
PANNONE,38065,1
BESAGNO,38065,1
VALLE SAN FELICE,38065,1
SANO,38065,1
MORI,38065,1
VARONE,38066,1
RIVA DEL GARDA,38066,1
BIACESA DI LEDRO,38067,1
MEZZOLAGO,38067,1
LEDRO,38067,1
MORI FERROVIA,38068,1
LIZZANELLA,38068,1
MARCO,38068,1
TRAMBILENO,38068,1
BORGO SACCO,38068,1
NAGO TORBOLE,38069,1
TORBOLE,38069,1
NAGO,38069,1
TAVODO,38070,1
VILLA BANALE,38070,1
LOMASO,38070,1
STENICO,38070,1
MARAZZONE,38071,1
BLEGGIO SUPERIORE,38071,1
BIVEDO,38071,1
LARIDO,38071,1
BLEGGIO INFERIORE,38071,1
CAVEDINE,38073,1
VIGO,38073,1
STRAVINO,38073,1
VIGO CAVEDINE,38073,1
DRENA,38074,1
PIETRAMURATA,38074,1
CENIGA,38074,1
DRO,38074,1
BALLINO,38075,1
FIAVE',38075,1
LASINO,38076,1
CALAVINO,38076,1
CASTEL MADRUZZO,38076,1
SARCHE,38076,1
MADRUZZO,38076,1
COMANO TERME,38077,1
BAGNI DI COMANO,38077,1
LUNDO,38077,1
PONTE ARCHE,38077,1
VIGO LOMASO,38077,1
SAN LORENZO IN BANALE,38078,1
SAN LORENZO DORSINO,38078,1
DORSINO,38078,1
MOLINE DI BANALE,38078,1
ZUCLO,38079,1
PELUGO,38079,1
BOLBENO,38079,1
SAONE,38079,1
TIONE DI TRENTO,38079,1
BOCENAGO,38080,1
CARISOLO,38080,1
BONDONE,38080,1
BAITONI,38080,1
STREMBO,38080,1
IAVRE' VIGO RENDENA,38080,1
CADERZONE,38080,1
CASTEL CONDINO,38082,1
CIMEGO,38083,1
CONDINO,38083,1
PIEVE DI BONO,38085,1
CRETO,38085,1
PREZZO,38085,1
MASSIMENO,38086,1
SANT'ANTONIO DI MAVIGNOLA,38086,1
MADONNA DI CAMPIGLIO,38086,1
PINZOLO,38086,1
GIUSTINO,38086,1
LARDARO,38087,1
BONDO,38087,1
RONCONE,38087,1
BREGUZZO,38087,1
SPIAZZO RENDENA,38088,1
SPIAZZO,38088,1
DARZO,38089,1
STORO,38089,1
LODRONE,38089,1
VALDAONE,38091,1
PRASO,38091,1
DAONE,38091,1
BERSONE,38091,1
GRUMES,38092,1
GRAUNO,38092,1
VALDA,38092,1
FAVER,38092,1
TERRES,38093,1
CUNEVO,38093,1
FLAVON,38093,1
VERDESINA,38094,1
DARE',38094,1
IAVRE',38094,1
VIGO RENDENA,38094,1
VILLA RENDENA,38094,1
RAGOLI,38095,1
PREORE,38095,1
MONTAGNE,38095,1
TERLAGO,38096,1
PADERGNONE,38096,1
MARGONE,38096,1
ZAMBANA,38097,1
NAVE SAN ROCCO,38097,1
POVO,38100,1
MATTARELLO,38100,1
MONTEVACCINO,38100,1
VANEZE,38100,1
BASELGA DI VEZZANO,38100,1
VELA,38100,1
VILLAMONTAGNA,38100,1
VANEZE DI BONDONE,38100,1
VALSORDA,38100,1
VIGOLO BASELGA,38100,1
CADINE,38100,1
SOPRAMONTE,38100,1
SARDAGNA,38100,1
COGNOLA,38100,1
BASELGA DEL BONDONE,38100,1
GARDOLO,38100,1
VILLAZZANO,38100,1
VIGO MEANO,38100,1
GARDOLO DI MEZZO,38100,1
MONTE SANTA MARIA TIBERINA,06010,1
LIPPIANO,06010,1
CITERNA,06010,1
FIGHILLE,06010,1
PROMANO,06012,1
SAN SECONDO,06012,1
FRACCANO,06012,1
LERCHI,06012,1
SAN MAIANO,06012,1
CINQUEMIGLIA,06012,1
CITTA' DI CASTELLO,06012,1
MORRA,06012,1
MUCCIGNANO,06012,1
PIOSINA,06012,1
RIOSECCO,06012,1
CERBARA,06012,1
SAN GIUSTINO,06016,1
LUGNANO,06018,1
PETRELLE,06018,1
TRESTINA,06018,1
SAN LEO BASTIA,06018,1
LUGNANO CITTA' DI CASTELLO,06018,1
PISTRINO,06018,1
BADIA PETROIA,06018,1
PETROIA,06018,1
PIERANTONIO,06019,1
UMBERTIDE,06019,1
MONTECASTELLI,06019,1
NICCONE,06019,1
VERNA,06019,1
PREGGIO,06019,1
CALZOLARO,06019,1
MONTECASTELLI UMBRO,06019,1
TORRE DEI CALZOLARI,06020,1
BRANCA,06020,1
COSTACCIARO,06021,1
VILLA COL DEI CANALI,06021,1
VILLA COL DE' CANALI,06021,1
PURELLO,06022,1
FOSSATO DI VICO,06022,1
OSTERIA DEL GATTO,06022,1
FOSSATO DI VICO STAZIONE,06022,1
PIEVE DI COMPRESSETO,06023,1
GUALDO TADINO,06023,1
SAN PELLEGRINO DI GUALDO TADINO,06023,1
MORANO MADONNUCCIA,06023,1
TORRE CALZOLARI,06024,1
STAZIONE DI PADULE,06024,1
COLPALOMBO,06024,1
CASAMORCIA,06024,1
CIPOLLETO,06024,1
MOCAIANA,06024,1
CAMPOREGGIANO,06024,1
GUBBIO,06024,1
PADULE,06024,1
MOCAIANA STAZIONE,06024,1
PONTE D'ASSI,06024,1
SAN BENEDETTO VECCHIO,06024,1
SEMONTE,06024,1
CAICAMBIUCCI,06024,1
SCRITTO,06024,1
MOLINACCIO,06025,1
NOCERA UMBRA,06025,1
GAIFANA,06025,1
PIETRALUNGA,06026,1
ISOLA FOSSARA,06027,1
SCHEGGIA E PASCELUPO,06027,1
SCHEGGIA,06027,1
PASCELUPO,06027,1
SIGILLO,06028,1
VALFABBRICA,06029,1
CASA CASTALDA,06029,1
ORSANO E CAMMORO,06030,1
GIANO DELL'UMBRIA,06030,1
CAMMORO,06030,1
BASTARDO,06030,1
SELLANO,06030,1
VALTOPINA,06030,1
BEVAGNA,06031,1
CANNARA,06033,1
RASIGLIA,06034,1
SCAFALI,06034,1
SANT'ERACLIO,06034,1
ANNIFO,06034,1
FIAMENGA,06034,1
UPPELLO,06034,1
COLFIORITO,06034,1
FOLIGNO,06034,1
VERCHIANO,06034,1
PALE,06034,1
PIEVE FANONICA,06034,1
SAN GIOVANNI PROFIAMMA,06034,1
SCOPOLI,06034,1
PERTICANI,06034,1
STERPETE,06034,1
GUALDO CATTANEO,06035,1
MARCELLANO,06035,1
POZZO DI GUALDO CATTANEO,06035,1
SAN TERENZIANO,06035,1
MONTEFALCO,06036,1
SAN MARCO DI MONTEFALCO,06036,1
SPELLO,06038,1
CAPITAN LORETO,06038,1
TREVI,06039,1
SANTA MARIA IN VALLE,06039,1
MATIGGE,06039,1
LI CELLI,06039,1
CANNAIOLA,06039,1
BORGO DI TREVI,06039,1
CESELLI,06040,1
SCHEGGINO,06040,1
SANT'ANATOLIA DI NARCO,06040,1
PIEDIPATERNO SUL NERA,06040,1
PIEDIPATERNO,06040,1
VALLO DI NERA,06040,1
POGGIODOMO,06040,1
BUGIANO,06041,1
BORGO CERRETO,06041,1
TRIPONZO,06041,1
CERRETO DI SPOLETO,06041,1
CAMPELLO SUL CLITUNNO,06042,1
MALTIGNANO DI CASCIA,06043,1
CHIAVANO,06043,1
BRUNA,06044,1
CASTEL RITALDI,06044,1
MONTELEONE DI SPOLETO,06045,1
SAN PELLEGRINO DI NORCIA,06046,1
SERRAVALLE DI NORCIA,06046,1
NORCIA,06046,1
SAVELLI DI NORCIA,06046,1
AGRIANO,06046,1
ABETO,06047,1
CASALI BELFORTE,06047,1
TODIANO,06047,1
PRECI,06047,1
PIEDIVALLE,06047,1
ROCCANOLFI,06047,1
SAN BRIZIO,06049,1
EGGI,06049,1
BAZZANO INFERIORE,06049,1
MORGNANO,06049,1
STRETTURA,06049,1
SAN MARTINO IN TRIGNANO,06049,1
BAIANO DI SPOLETO,06049,1
CORTACCIONE,06049,1
MAIANO,06049,1
BEROIDE,06049,1
MONTEMARTANO,06049,1
TERZO LA PIEVE,06049,1
SAN GIOVANNI DI BAIANO,06049,1
SAN GIACOMO DI SPOLETO,06049,1
SANT'ANGELO IN MERCOLE,06049,1
MADONNA DI BAIANO,06049,1
SPOLETO,06049,1
COLLAZZONE,06050,1
COLLEPEPE,06050,1
CASALALTA,06050,1
CASALINA,06051,1
SAN NICCOLO' DI CELLE,06053,1
DERUTA,06053,1
SANT'ANGELO DI CELLE,06053,1
SAN NICOLO' DI CELLE,06053,1
FRATTA TODINA,06054,1
MARSCIANO,06055,1
SAN VALENTINO DELLA COLLINA,06055,1
MASSA MARTANA,06056,1
VILLA SAN FAUSTINO,06056,1
COLPETRAZZO,06056,1
VIEPRI,06056,1
MONTE CASTELLO DI VIBIO,06057,1
PONTECUTI,06059,1
PONTERIO,06059,1
ILCI,06059,1
TODI,06059,1
CAMERATA,06059,1
IZZALINI,06059,1
PANTALLA,06059,1
MONTENERO DI TODI,06059,1
COLLEVALENZA,06059,1
PIAN DI SAN MARTINO,06059,1
VILLASTRADA UMBRA,06060,1
PACIANO,06060,1
LISCIANO NICCONE,06060,1
PANICAROLA,06061,1
POZZUOLO,06061,1
PETRIGNANO DEL LAGO,06061,1
PORTO,06061,1
SANFATUCCHIO,06061,1
GIOIELLA,06061,1
CASTIGLIONE DEL LAGO,06061,1
PO BANDINO,06062,1
SALCI,06062,1
PONTICELLI CITTA' DELLA PIEVE,06062,1
CITTA' DELLA PIEVE,06062,1
MAGIONE,06063,1
SANT'ARCANGELO DI MAGIONE,06063,1
AGELLO,06063,1
SAN FELICIANO,06063,1
PANICALE,06064,1
PASSIGNANO SUL TRASIMENO,06065,1
CASTEL RIGONE,06065,1
CASTIGLION FOSCO,06066,1
PIEGARO,06066,1
BORGHETTO DI TUORO,06069,1
TUORO SUL TRASIMENO,06069,1
ISOLA MAGGIORE,06069,1
ELLERA UMBRA,06070,1
SAN MARIANO,06070,1
COMPIGNANO,06072,1
BADIOLA,06072,1
PIEVE CAINA,06072,1
CASTIGLIONE DELLA VALLE,06072,1
MERCATELLO,06072,1
SAN BIAGIO DELLA VALLE,06072,1
MANTIGNANA,06073,1
CORCIANO,06073,1
PETRIGNANO,06081,1
TORDANDREA,06081,1
RIVOTORTO,06081,1
TORCHIAGINA,06081,1
PALAZZO D'ASSISI,06081,1
SANTA MARIA DEGLI ANGELI,06081,1
VIOLE DI ASSISI,06081,1
CASTELNUOVO D'ASSISI,06081,1
PETRIGNANO D'ASSISI,06081,1
ASSISI SANTUARIO,06081,1
OSPEDALICCHIO DI BASTIA UMBRA,06083,1
OSPEDALICCHIO,06083,1
COSTANO,06083,1
PASSAGGIO,06084,1
PASSAGGIO DI BETTONA,06084,1
BETTONA,06084,1
BRUFA,06089,1
TORGIANO,06089,1
PERUGIA STAZIONE,06124,1
MONTECORNEO,06126,1
FERRO DI CAVALLO,06127,1
PONTE DELLA PIETRA,06128,1
PREPO,06129,1
POGGIO AQUILONE,05010,1
SAN VENANZO,05010,1
MONTEGABBIONE,05010,1
RIPALVELLA,05010,1
PORNELLO,05010,1
PARRANO,05010,1
SAN VITO IN MONTE,05010,1
PORANO,05010,1
STAZIONE DI ALLERONA,05011,1
ALLERONA STAZIONE,05011,1
ALLERONA,05011,1
ATTIGLIANO,05012,1
CASTEL GIORGIO,05013,1
CASTEL VISCARDO,05014,1
MONTERUBIAGLIO,05014,1
PIANLUNGO,05014,1
FABRO SCALO,05015,1
CARNAIOLA,05015,1
FABRO,05015,1
FICULLE,05016,1
MONTELEONE D'ORVIETO,05017,1
CICONIA,05018,1
TITIGNANO,05018,1
SUGANO,05018,1
ORVIETO STAZIONE,05018,1
PRODO,05018,1
GABELLETTA,05018,1
MORRANO,05018,1
MORRANO NUOVO,05018,1
CANALE VECCHIO,05018,1
ORVIETO SCALO,05018,1
CANALE NUOVO,05018,1
MORRANO VECCHIO,05018,1
MELEZZOLE,05020,1
TENAGLIE,05020,1
SANTA RESTITUTA,05020,1
DUNAROBBA,05020,1
SISMANO,05020,1
ALVIANO,05020,1
LUGNANO IN TEVERINA,05020,1
AVIGLIANO UMBRO,05020,1
ACQUASPARTA,05021,1
CASIGLIANO,05021,1
PORTARIA,05021,1
MONTECAMPANO,05022,1
PORCHIANO DEL MONTE,05022,1
PORCHIANO,05022,1
AMELIA,05022,1
FORNOLE,05022,1
BASCHI,05023,1
CIVITELLA DEL LAGO,05023,1
ACQUALORETO,05023,1
MORRE,05023,1
GIOVE,05024,1
GUARDEA,05025,1
CASTEL DELL'AQUILA,05026,1
MONTECASTRILLI,05026,1
CASTELTODINO,05026,1
FARNETTA,05026,1
PENNA IN TEVERINA,05028,1
SAN GEMINI,05029,1
FONTECHIARUCCIA,05030,1
POGGIO DI OTRICOLI,05030,1
OTRICOLI,05030,1
POLINO,05030,1
CASTELDILAGO,05031,1
ARRONE,05031,1
BUONACQUISTO,05031,1
SANTA MARIA DELLA NEVE,05032,1
CALVI DELL'UMBRIA,05032,1
FERENTILLO,05034,1
STIFONE,05035,1
PONTE SAN LORENZO,05035,1
SCHIFANOIA,05035,1
NARNI,05035,1
TESTACCIO,05035,1
BORGARIA,05035,1
TAIZZANO,05035,1
ITIELI,05035,1
NARNI SCALO,05035,1
VIGNE DI NARNI,05035,1
NARNI STAZIONE,05035,1
BORGARIA DI NARNI,05035,1
GUALDO DI NARNI,05035,1
CAPITONE,05035,1
NERA MONTORO,05035,1
STRONCONE,05039,1
CESI DI TERNI,05100,1
MARMORE,05100,1
PIEDILUCO,05100,1
TERNI,05100,1
COLLESTATTE PIANO,05100,1
CECALOCCO,05100,1
GABELLETTA DI CESI,05100,1
GIUNCANO SCALO,05100,1
PAPIGNO,05100,1
TORREORSINA,05100,1
GIUNCANO,05100,1
BATTIFERRO,05100,1
COLLESTATTE,05100,1
ROCCA SAN ZENONE,05100,1
COLLESCIPOLI,05100,1
VIEYES,11010,1
PLAN D'INTROD,11010,1
OLLOMONT,11010,1
INTROD,11010,1
PRE' SAINT DIDIER,11010,1
ANGELIN,11010,1
ARENSOD,11010,1
VERRAND,11010,1
LA CRETAZ,11010,1
VALGRISENCHE,11010,1
ALLEIN,11010,1
GIGNOD,11010,1
BOSSES,11010,1
RHEMES SAINT GEORGES,11010,1
SARRE,11010,1
CHESALLET SARRE,11010,1
SAINT NICOLAS,11010,1
CHESALLET,11010,1
SAINT PIERRE,11010,1
OYACE,11010,1
AYMAVILLES,11010,1
AVISE,11010,1
SAINT RHEMY EN BOSSES,11010,1
BIONAZ,11010,1
RUNAZ,11010,1
DOUES,11010,1
VALSAVARENCHE,11010,1
VALPELLINE,11010,1
SAINT MAURICE,11010,1
RHEMES NOTRE DAME,11010,1
LEVEROGNE,11011,1
PLANAVAL,11011,1
ARVIER,11011,1
COGNE,11012,1
GIMILLIAN,11012,1
EPINEL,11012,1
DOLONNE,11013,1
LA SAXE,11013,1
ENTREVES,11013,1
SAINT OYEN,11014,1
ETROUBLES,11014,1
LA SALLE,11015,1
DERBY,11015,1
LA THUILE,11016,1
MORGEX,11017,1
VILLENEUVE,11018,1
ANTEY SAINT ANDRE',11020,1
PONTBOSET,11020,1
SAINT BARTHELEMY,11020,1
ARNAD,11020,1
CHARVENSOD,11020,1
LA PLACE,11020,1
PERIASC,11020,1
NUS,11020,1
JOVENCAN,11020,1
SAINT MARCEL,11020,1
CHEF LIEU,11020,1
CHALLAND SAINT VICTOR,11020,1
MONGNOD,11020,1
LA MAGDELEINE,11020,1
PEROULAZ,11020,1
BARME,11020,1
LIGNOD,11020,1
CHALLAND SAINT ANSELME,11020,1
GABY,11020,1
AYAS,11020,1
SAINT CHRISTOPHE,11020,1
BLAVY,11020,1
BRISSOGNE,11020,1
GRAND VILLA CRAVON,11020,1
GRESSONEY LA TRINITE',11020,1
VERRAYES,11020,1
BLAVY NUS,11020,1
PONT SUAZ,11020,1
GRAND VERT,11020,1
VERT,11020,1
VILLE SUR NUS,11020,1
ETABLOZ,11020,1
CHAMPOLUC,11020,1
VILLAIR,11020,1
VILLEFRANCHE,11020,1
FIERNAZ,11020,1
POLLEIN,11020,1
BUISSON,11020,1
FONTAINEMORE,11020,1
CHAMPDEPRAZ,11020,1
HONE,11020,1
GRESSAN,11020,1
BARD,11020,1
QUART,11020,1
CHEZ CROISET,11020,1
ISSIME,11020,1
FENIS,11020,1
TORGNON,11020,1
NEYRAN,11020,1
CHAMPORCHER,11020,1
MONTJOVET,11020,1
PLAN FELINAZ,11020,1
PERLOZ,11020,1
DONNAS,11020,1
LILLIANES,11020,1
EMARESE,11020,1
GRAND VILLA,11020,1
ISSOGNE,11020,1
ANTAGNOD,11020,1
CHAMOIS,11020,1
BREUIL,11021,1
BREUIL CERVINIA,11021,1
ARCESAZ,11022,1
EXTREPIERAZ,11022,1
BRUSSON,11022,1
CHAMBAVE,11023,1
SAINT DENIS,11023,1
LASSOLAZ,11024,1
USSEL,11024,1
CHATILLON,11024,1
PONTEY,11024,1
GRESSONEY SAINT JEAN,11025,1
PONT SAINT MARTIN,11026,1
MORON,11027,1
SAINT VINCENT,11027,1
PAQUIER,11028,1
VALTOURNENCHE,11028,1
VERRES,11029,1
GLAIR,11029,1
EXCENEX,11100,1
SIGNAYES,11100,1
ARPUILLES,11100,1
POROSSAN,11100,1
TERMINE,32010,1
PECOL,32010,1
GARNA,32010,1
PODENZOI,32010,1
ZOLDO ALTO,32010,1
TIGNES,32010,1
TAMBRE,32010,1
MARESON,32010,1
TERMINE DI CADORE,32010,1
PERAROLO DI CADORE,32010,1
LAMOSANO,32010,1
CODISSAGO,32010,1
SOVERZENE,32010,1
OSPITALE DI CADORE,32010,1
PIEVE D'ALPAGO,32010,1
CASTELLO LAVAZZO,32010,1
CHIES D'ALPAGO,32010,1
ZOPPE' DI CADORE,32010,1
DONT DI ZOLDO,32012,1
DONT,32012,1
FORNO DI ZOLDO,32012,1
DOZZA DI ZOLDO,32012,1
IGNE,32013,1
FORTOGNA,32013,1
LONGARONE,32013,1
PONTE NELLE ALPI,32014,1
COL DI CUGNAN,32014,1
CADOLA,32014,1
CASAN,32014,1
SOCCHER,32014,1
PAIANE,32014,1
POLPET,32014,1
LA SECCA,32014,1
PUOS D'ALPAGO,32015,1
CORNEI,32015,1
SANTA CROCE DEL LAGO,32016,1
FARRA D'ALPAGO,32016,1
SPERT,32016,1
COLLE SANTA LUCIA,32020,1
PIE' FALCADE,32020,1
VOLTAGO AGORDINO,32020,1
GOSALDO,32020,1
LA VALLE AGORDINA,32020,1
SAN TOMASO AGORDINO,32020,1
CAVIOLA,32020,1
DUSSOI,32020,1
CANALE D'AGORDO,32020,1
VALLADA AGORDINA,32020,1
CENCENIGHE AGORDINO,32020,1
ARABBA,32020,1
FALCADE,32020,1
LIMANA,32020,1
AVOSCAN,32020,1
LIVINALLONGO DEL COL DI LANA,32020,1
RIVAMONTE AGORDINO,32020,1
RONCHENA,32020,1
TISER,32020,1
FRASSENE',32020,1
SELVA DI CADORE,32020,1
AGORDO,32021,1
ALLEGHE,32022,1
LASTE DI ROCCA PIETORE,32023,1
ROCCA PIETORE,32023,1
SANTA MARIA DELLE GRAZIE,32023,1
LENTIAI,32026,1
MEL,32026,1
TRICHIANA,32026,1
TAIBON AGORDINO,32027,1
SANT'ANTONIO TORTAL,32028,1
SORANZEN,32030,1
SORRIVA,32030,1
MELLAME,32030,1
ARSIE',32030,1
SOVRAMONTE,32030,1
SEREN DEL GRAPPA,32030,1
FONZASO,32030,1
CESIOMAGGIORE,32030,1
ROCCA D'ARSIE',32030,1
BUSCHE,32030,1
ROCCA,32030,1
ARTEN,32030,1
SAN GREGORIO NELLE ALPI,32030,1
FASTRO,32030,1
ALANO DI PIAVE,32031,1
FENER,32031,1
COLMIRANO,32031,1
FOEN,32032,1
FELTRE,32032,1
MUGNAI,32032,1
UMIN,32032,1
VILLABRUNA,32032,1
ANZU',32032,1
TOMO,32032,1
VILLAPAIERA,32032,1
ARINA,32033,1
LAMON,32033,1
NORCEN,32034,1
PEDAVENA,32034,1
TRAVAGOLA,32034,1
FACEN,32034,1
FORMEGAN,32035,1
SEDICO,32036,1
ROE ALTE,32036,1
BRIBANO,32036,1
MAS,32036,1
MIS,32037,1
SOSPIROLO,32037,1
VAS,32038,1
QUERO VAS,32038,1
QUERO,32038,1
VENAS,32040,1
SAN NICOLO' DI COMELICO,32040,1
VALLESELLA,32040,1
VALLE DI CADORE,32040,1
PADOLA,32040,1
VILLAPICCOLA,32040,1
LAGGIO DI CADORE,32040,1
BORCA DI CADORE,32040,1
VILLAGGIO TURISTICO DI BORCA DI CADORE,32040,1
LORENZAGO DI CADORE,32040,1
COMELICO SUPERIORE,32040,1
CANDIDE,32040,1
CASAMAZZAGNO,32040,1
VODO CADORE,32040,1
PELOS DI CADORE,32040,1
PELOS,32040,1
SAN PIETRO DI CADORE,32040,1
VIGO DI CADORE,32040,1
LOZZO DI CADORE,32040,1
DANTA DI CADORE,32040,1
DOMEGGE DI CADORE,32040,1
MASARIE',32040,1
COSTALTA,32040,1
DOSOLEDO,32040,1
PRESENAIO,32040,1
CIBIANA DI CADORE,32040,1
REANE,32041,1
AURONZO DI CADORE,32041,1
GIRALBA,32041,1
MISURINA,32041,1
CALALZO DI CADORE,32042,1
VEROCAI,32043,1
ACQUABONA,32043,1
ZUEL,32043,1
TAI DI CADORE,32044,1
POZZALE,32044,1
PIEVE DI CADORE,32044,1
CAMPOLONGO DI CADORE,32045,1
SANTO STEFANO DI CADORE,32045,1
COSTALISSOIO,32045,1
CHIAPUZZA,32046,1
SAN VITO DI CADORE,32046,1
SAPPADA,32047,1
GRANVILLA,32047,1
SOSSAI,32100,1
SOIS,32100,1
CASTION,32100,1
LEVEGO,32100,1
TISOI,32100,1
BELLUNO,32100,1
BOLZANO DI BELLUNO,32100,1
CALEIPO,32100,1
ANTOLE,32100,1
BES,32100,1
VISOME,32100,1
FIAMMOI,32100,1
SAFFORZE,32100,1
SALCE,32100,1
VILLA DEL CONTE,35010,1
CAVINO,35010,1
CADONEGHE,35010,1
LOREGGIA,35010,1
SAN MICHELE DELLE BADESSE,35010,1
MASSANZAGO,35010,1
ABBAZIA PISANI,35010,1
TAVO,35010,1
SILVELLE,35010,1
SAN GIORGIO IN BOSCO,35010,1
CAMPO SAN MARTINO,35010,1
MEJANIGA,35010,1
TERRAGLIONE,35010,1
CARMIGNANO DI BRENTA,35010,1
PIONCA,35010,1
VILLANOVA DI CAMPOSAMPIERO,35010,1
CURTAROLO,35010,1
BORGORICCO,35010,1
SAN PIETRO IN GU,35010,1
PONTEROTTO,35010,1
GRANTORTO,35010,1
PIEVE DI CURTAROLO,35010,1
ARSEGO,35010,1
TAGGI',35010,1
CAMPODORO,35010,1
SAN GIORGIO DELLE PERTICHE,35010,1
SALETTO DI VIGODARZERE,35010,1
FOSSALTA DI TREBASELEGHE,35010,1
CA' BAGLIONI,35010,1
LOREGGIOLA,35010,1
CODIVERNO,35010,1
VIGODARZERE,35010,1
VIGONZA,35010,1
SANTA GIUSTINA IN COLLE,35010,1
MARSANGO,35010,1
VILLAFRANCA PADOVANA,35010,1
PERAROLO,35010,1
LIMENA,35010,1
SANTA MARIA DI NON,35010,1
TREBASELEGHE,35010,1
CAMAZZOLE,35010,1
RONCHI DI CAMPANILE,35010,1
CAMPODARSEGO,35011,1
SANT'ANDREA DI CAMPODARSEGO,35011,1
RUSTEGA,35012,1
CAMPOSAMPIERO,35012,1
SANTA CROCE BIGOLINA,35013,1
CITTADELLA,35013,1
FONTANIVA,35014,1
GALLIERA VENETA,35015,1
TREMIGNON,35016,1
PIAZZOLA SUL BRENTA,35016,1
VACCARINO,35016,1
TORRESELLE,35017,1
PIOMBINO DESE,35017,1
SAN MARTINO DI LUPARI,35018,1
TOMBOLO,35019,1
ONARA,35019,1
CONCHE DI CODEVIGO,35020,1
ALBIGNASEGO,35020,1
VALLONGA,35020,1
ARZERGRANDE,35020,1
ARZERCAVALLI,35020,1
SAN PIETRO VIMINARIO,35020,1
CARRARA SAN GIORGIO,35020,1
CONCHE,35020,1
CANDIANA,35020,1
MASERA' DI PADOVA,35020,1
CORREZZOLA,35020,1
ARRE,35020,1
BRUGINE,35020,1
PERNUMIA,35020,1
CIVE',35020,1
DUE CARRARE,35020,1
POLVERARA,35020,1
CASALSERUGO,35020,1
TRIBANO,35020,1
POZZONOVO,35020,1
CODEVIGO,35020,1
LEGNARO,35020,1
TERRASSA PADOVANA,35020,1
BERTIPAGLIA,35020,1
SAONARA,35020,1
PONTE SAN NICOLO',35020,1
SANT'ANGELO DI PIOVE DI SACCO,35020,1
CARRARA SANTO STEFANO,35020,1
VILLATORA,35020,1
VIGOROVEA,35020,1
AGNA,35021,1
ANGUILLARA VENETA,35022,1
BAGNOLI DI SOPRA,35023,1
LE CASETTE,35023,1
BOVOLENTA,35024,1
CARTURA,35025,1
CAGNOLA,35025,1
CONSELVE,35026,1
OLTRE BRENTA,35027,1
NOVENTA PADOVANA,35027,1
ARZERELLO,35028,1
PIOVE DI SACCO,35028,1
PIOVEGA,35028,1
PONTELONGO,35029,1
BAONE,35030,1
VO' VECCHIO,35030,1
VEGGIANO,35030,1
FERIOLE,35030,1
BASTIA DI ROVOLON,35030,1
CINTO EUGANEO,35030,1
VALSANZIBIO,35030,1
RIVADOLMO,35030,1
TENCAROLA,35030,1
CERVARESE SANTA CROCE,35030,1
SARMEOLA,35030,1
VILLAGUATTERA,35030,1
ROVOLON,35030,1
GALZIGNANO TERME,35030,1
FOSSONA,35030,1
GALZIGNANO,35030,1
RUBANO,35030,1
SACCOLONGO,35030,1
MONTEMERLO,35030,1
SELVAZZANO DENTRO,35030,1
CASELLE DI SELVAZZANO DENTRO,35030,1
ABANO TERME,35031,1
MONTEORTONE,35031,1
ARQUA' PETRARCA,35032,1
LANZETTA,35034,1
LOZZO ATESTINO,35034,1
MESTRINO,35035,1
ARLESEGA,35035,1
MONTEGROTTO TERME,35036,1
TREPONTI,35037,1
TEOLO,35037,1
VILLA DI TEOLO,35037,1
BRESSEO,35037,1
TORREGLIA,35038,1
BOARA PISANI,35040,1
PONSO,35040,1
PIACENZA D'ADIGE,35040,1
VILLA ESTENSE,35040,1
SAN FIDENZIO,35040,1
GRANZE,35040,1
MASI,35040,1
MEGLIADINO SAN FIDENZIO,35040,1
CASALE DI SCODOSIA,35040,1
CA' MOROSINI,35040,1
VALLI MOCENIGHE,35040,1
VIGHIZZOLO D'ESTE,35040,1
BARBONA,35040,1
URBANA,35040,1
MEGLIADINO SAN VITALE,35040,1
COLOMBARE,35040,1
VALLI MOCENICHE,35040,1
BRESEGA,35040,1
MERLARA,35040,1
SANTA MARGHERITA D'ADIGE,35040,1
CARCERI,35040,1
CASTELBALDO,35040,1
VESCOVANA,35040,1
BATTAGLIA TERME,35041,1
DESERTO,35042,1
ESTE,35042,1
COSTA CALCINARA,35043,1
MONSELICE,35043,1
SAN COSMA,35043,1
OSPEDALETTO EUGANEO,35045,1
SOLESINO,35047,1
PISANA,35048,1
STANGHELLA,35048,1
PONTE GORZONE,35048,1
SALBORO,35124,1
GUIZZA,35125,1
CAMIN,35127,1
MORTISE,35129,1
PONTE DI BRENTA,35129,1
MANDRIA,35142,1
BRUSEGANA,35143,1
LAMA PEZZOLI,45010,1
CEREGNANO,45010,1
PAPOZZE,45010,1
LAMA POLESINE,45010,1
BRAGLIA,45010,1
PETTORAZZA GRIMANI,45010,1
ROSOLINA,45010,1
VILLADOSE,45010,1
ROSOLINA MARE,45010,1
PASSETTO,45011,1
FASANA POLESINE,45011,1
BELLOMBRA,45011,1
FASANA,45011,1
CAVEDON,45011,1
BARICETTA,45011,1
PIANTAMELON,45011,1
ADRIA,45011,1
CA' EMO,45011,1
BOTTRIGHE,45011,1
CAVANELLA PO,45011,1
VALLIERA,45011,1
GRILLARA,45012,1
SANTA MARIA IN PUNTA,45012,1
RIVA',45012,1
ARIANO NEL POLESINE,45012,1
CROCIARA,45012,1
DONADA,45014,1
CONTARINA,45014,1
PORTO VIRO,45014,1
VILLAREGIA,45014,1
CORBOLA,45015,1
LOREO,45017,1
DONZELLA,45018,1
BONELLI,45018,1
CA' TIEPOLO,45018,1
TOLLE,45018,1
GNOCCA,45018,1
SCARDOVARI,45018,1
CA' ZULIANI,45018,1
PORTO TOLLE,45018,1
CA' VENIER,45018,1
IVICA,45018,1
CA' DOLFIN,45018,1
BOCCASETTE,45018,1
POLESINELLO,45019,1
TAGLIO DI PO,45019,1
CA' VENDRAMIN,45019,1
MAZZORNO,45019,1
MAZZORNO DESTRO,45019,1
PINCARA,45020,1
CAVAZZANA,45020,1
ZELO,45020,1
CASTELGUGLIELMO,45020,1
VILLANOVA DEL GHEBBO,45020,1
BARUCHELLA,45020,1
GIACCIANO CON BARUCHELLA,45020,1
CA MOROSINI,45020,1
LUSIA,45020,1
SAN BELLINO,45020,1
CANDA,45020,1
VILLA D'ADIGE,45021,1
BADIA POLESINE,45021,1
COLOMBANO,45021,1
BAGNOLO DI PO,45022,1
COSTA DI ROVIGO,45023,1
FIESSO UMBERTIANO,45024,1
FRATTA POLESINE,45025,1
LENDINARA,45026,1
BARBUGLIO,45026,1
RAMODIPALO RASA,45026,1
SAGUEDO,45026,1
RAMODIPALO,45026,1
TRECENTA,45027,1
PISSATOLA,45027,1
TRONA DI SOPRA,45030,1
SAN MARTINO DI VENEZZE,45030,1
PONTECCHIO POLESINE,45030,1
FRASSINELLE POLESINE,45030,1
GUARDA VENETA,45030,1
CASTELNOVO BARIANO,45030,1
VILLAMARZANA,45030,1
OCCHIOBELLO,45030,1
BEVERARE,45030,1
CENESELLI,45030,1
SAN PIETRO POLESINE,45030,1
VILLANOVA MARCHESANA,45030,1
SANTA MARIA MADDALENA,45030,1
CALTO,45030,1
SALARA,45030,1
CRESPINO,45030,1
GAIBA,45030,1
CORNE',45031,1
ARQUA' POLESINE,45031,1
BERGANTINO,45032,1
BOSARO,45033,1
PAVIOLE,45034,1
CANARO,45034,1
CASTELMASSA,45035,1
FICAROLO,45036,1
POLESELLA,45038,1
RACCANO,45038,1
ZAMPINE,45039,1
STIENTA,45039,1
SANT'APOLLINARE CON SELVA,45100,1
BUSO SARZANO,45100,1
BORSEA,45100,1
ROVIGO,45100,1
CONCADIRAME,45100,1
CANTONAZZO,45100,1
ROVERDICRE',45100,1
BOARA POLESINE,45100,1
GRANZETTE,45100,1
GRIGNANO POLESINE,45100,1
MARDIMAGO,45100,1
CIMADOLMO,31010,1
ONE',31010,1
BIBANO,31010,1
MORIAGO DELLA BATTAGLIA,31010,1
GODEGA DI SANT'URBANO,31010,1
CRESPIGNAGA,31010,1
ORSAGO,31010,1
PIANZANO,31010,1
MOSNIGO,31010,1
FARRA DI SOLIGO,31010,1
MULIPARTE,31010,1
SANTA MARIA DI PIAVE,31010,1
SANTA MARIA DEL PIAVE,31010,1
PONTE DELLA PRIULA,31010,1
FONTE ALTO,31010,1
SAN MICHELE DI PIAVE,31010,1
MASER,31010,1
FREGONA,31010,1
SOLIGO,31010,1
MONFUMO,31010,1
COL SAN MARTINO,31010,1
MARENO DI PIAVE,31010,1
PRIULA,31010,1
VILLA D'ASOLO,31011,1
PAGNANO,31011,1
CASELLA D'ASOLO,31011,1
ASOLO,31011,1
CAPPELLA MAGGIORE,31012,1
ANZANO,31012,1
CODOGNE',31013,1
CIMETTA,31013,1
ROVERBASSO,31013,1
SAN MARTINO DI COLLE UMBERTO,31014,1
COLLE UMBERTO,31014,1
SCOMIGO,31015,1
COLLALBRIGO,31015,1
CONEGLIANO,31015,1
CORDIGNANO,31016,1
PADERNO DEL GRAPPA,31017,1
CRESPANO DEL GRAPPA,31017,1
GAIARINE,31018,1
ALBINA,31018,1
CAMPOMOLINO,31018,1
FRANCENIGO,31018,1
SAN VENDEMIANO,31020,1
FOSSAMERLO,31020,1
SAN ZENONE DEGLI EZZELINI,31020,1
ZOPPE',31020,1
VIDOR,31020,1
SAN FIOR DI SOTTO,31020,1
SERNAGLIA DELLA BATTAGLIA,31020,1
COSNIGA,31020,1
SAN FIOR,31020,1
REFRONTOLO,31020,1
REVINE LAGO,31020,1
CORBANESE,31020,1
SAN FIOR DI SOPRA,31020,1
CASTELLO ROGANZUOLO,31020,1
REVINE,31020,1
SAN POLO DI PIAVE,31020,1
LIEDOLO,31020,1
SAN PIETRO DI FELETTO,31020,1
TARZO,31020,1
LANCENIGO,31020,1
CA' RAINATI,31020,1
VILLORBA,31020,1
RUA,31020,1
FALZE' DI PIAVE,31020,1
CAMPOCROCE,31021,1
ZERMAN,31021,1
BONISIOLO,31021,1
MOGLIANO VENETO,31021,1
MAROCCO,31021,1
FRESCADA,31022,1
SAN TROVASO,31022,1
PREGANZIOL,31022,1
SAMBUGHE,31022,1
BORGO VERDE,31022,1
CASTELMINIO,31023,1
RESANA,31023,1
ORMELLE,31024,1
SANTA LUCIA DI PIAVE,31025,1
SARMEDE,31026,1
MONTANER,31026,1
VISNADELLO,31027,1
LOVADINA,31027,1
SPRESIANO,31027,1
VISNA',31028,1
VAZZOLA,31028,1
CARPESICA,31029,1
VITTORIO VENETO,31029,1
SAN GIACOMO DI VEGLIA,31029,1
COZZUOLO,31029,1
FADALTO,31029,1
CARBONERA,31030,1
VACIL,31030,1
ALTIVOLE,31030,1
CASTELCUCCO,31030,1
SEMONZO,31030,1
BREDA DI PIAVE,31030,1
CASELLE DI ALTIVOLE,31030,1
VALLA',31030,1
SAN VITO DI ALTIVOLE,31030,1
BORSO DEL GRAPPA,31030,1
CASIER,31030,1
CASTELLO DI GODEGO,31030,1
SANT'EULALIA,31030,1
TOVENA,31030,1
CISON DI VALMARINO,31030,1
DOSSON,31030,1
MIGNAGOLA,31030,1
ARCADE,31030,1
CAERANO DI SAN MARCO,31031,1
CASALE SUL SILE,31032,1
CONSCIO,31032,1
LUGHIGNANO,31032,1
CASTELFRANCO VENETO,31033,1
VILLARAZZO,31033,1
SALVAROSA,31033,1
SALVATRONDA,31033,1
CAVASO DEL TOMBA,31034,1
CROCETTA DEL MONTELLO,31035,1
CIANO DEL MONTELLO,31035,1
ISTRANA,31036,1
PEZZAN,31036,1
RAMON CAMPAGNA,31037,1
LORIA,31037,1
BESSICA,31037,1
PAESE,31038,1
PORCELLENGO,31038,1
POSTIOMA,31038,1
CASTAGNOLE,31038,1
POGGIANA,31039,1
RIESE PIO X,31039,1
VENEGAZZU',31040,1
SIGNORESSA,31040,1
TREVIGNANO,31040,1
GIAVERA DEL MONTELLO,31040,1
PEDEROBBA,31040,1
GORGO AL MONTICANO,31040,1
MANSUE',31040,1
MEDUNA DI LIVENZA,31040,1
PORTOBUFFOLE',31040,1
CESSALTO,31040,1
SELVA DEL MONTELLO,31040,1
FALZE',31040,1
SANTI ANGELI DEL MONTELLO,31040,1
CAMPO DI PIETRA,31040,1
ONIGO,31040,1
COVOLO,31040,1
CAMPO DI PIETRA DI SALGAREDA,31040,1
SANTI ANGELI,31040,1
FOSSALTA MAGGIORE,31040,1
NERVESA DELLA BATTAGLIA,31040,1
SEGUSINO,31040,1
SALGAREDA,31040,1
VOLPAGO DEL MONTELLO,31040,1
BAVARIA,31040,1
CHIARANO,31040,1
MUSANO DI TREVIGNANO,31040,1
MUSANO,31040,1
CUSIGNANA,31040,1
CORNUDA,31041,1
FAGARE' DELLA BATTAGLIA,31042,1
FAGARE',31042,1
LUTRANO,31043,1
MONTEBELLUNA,31044,1
BIADENE,31044,1
MOTTA DI LIVENZA,31045,1
RUSTIGNE',31046,1
ODERZO,31046,1
PIAVON,31046,1
FAE',31046,1
PONTE DI PIAVE,31047,1
NEGRISIA,31047,1
SPERCENIGO,31048,1
SAN BIAGIO DI CALLALTA,31048,1
CAVRIE,31048,1
OLMI DI TREVISO,31048,1
SAN VITO DI VALDOBBIADENE,31049,1
SAN PIETRO DI BARBOZZA,31049,1
BIGOLINO,31049,1
VALDOBBIADENE,31049,1
GUIA,31049,1
PREMAOR,31050,1
FANZOLO,31050,1
BARCON,31050,1
ALBAREDO,31050,1
CAVASAGRA DI VEDELAGO,31050,1
BADOERE,31050,1
CASACORBA,31050,1
POVEGLIANO,31050,1
VEDELAGO,31050,1
CAVASAGRA,31050,1
FOSSALUNGA,31050,1
PONZANO VENETO,31050,1
VASCON,31050,1
ZENSON DI PIAVE,31050,1
CAMALO',31050,1
MIANE,31050,1
COMBAI,31050,1
MONASTIER DI TREVISO,31050,1
SANTANDRA',31050,1
MORGANO,31050,1
PEDEGUARDA,31051,1
VALMARENO,31051,1
FOLLINA,31051,1
MASERADA SUL PIAVE,31052,1
VARAGO,31052,1
CANDELU',31052,1
BARBISANO,31053,1
PIEVE DI SOLIGO,31053,1
SOLIGHETTO,31053,1
POSSAGNO,31054,1
SANTA CRISTINA,31055,1
QUINTO DI TREVISO,31055,1
MUSESTRE,31056,1
RONCADE,31056,1
BIANCADE,31056,1
CENDON,31057,1
SILEA,31057,1
SUSEGANA,31058,1
ZERO BRANCO,31059,1
SCANDOLARA,31059,1
FIERA,31100,1
TREVISO,31100,1
CANIZZANO,31100,1
SANTA MARIA DELLA ROVERE,31100,1
MONIGO,31100,1
SELVANA BASSA,31100,1
CAMPOLONGO MAGGIORE,30010,1
LIETTOLI,30010,1
PEGOLOTTE,30010,1
BOJON,30010,1
CAMPONOGARA,30010,1
CONA,30010,1
LOVA,30010,1
CAMPAGNA LUPIA,30010,1
LUGHETTO,30010,1
CA' SAVIO,30013,1
CA' BALLARIN,30013,1
CA' PASQUALI,30013,1
CAVALLINO TREPORTI,30013,1
TREPORTI,30013,1
CAVARZERE,30014,1
VILLAGGIO BUSONERA,30014,1
ROTTANOVA,30014,1
ROTTANOVA DI CAVARZERE,30014,1
SAN PIETRO DI CAVARZERE,30014,1
BOSCOCHIARO,30014,1
CAVANELLA D'ADIGE,30015,1
VALLI,30015,1
SANT'ANNA DI CHIOGGIA,30015,1
CHIOGGIA,30015,1
CA' BIANCA,30015,1
SOTTOMARINA,30015,1
LIDO DI IESOLO,30016,1
IESOLO,30016,1
LOSSON DELLA BATTAGLIA,30020,1
LONCON,30020,1
STRETTI,30020,1
PRAMAGGIORE,30020,1
MEOLO,30020,1
ERACLEA MARE,30020,1
QUARTO D'ALTINO,30020,1
SAN LIBERALE,30020,1
MARCON,30020,1
TORRE DI FINE,30020,1
PORTEGRANDI,30020,1
STRETTI DI ERACLEA,30020,1
GAGGIO,30020,1
TORRE DI MOSTO,30020,1
CINTO CAOMAGGIORE,30020,1
ERACLEA,30020,1
NOVENTA DI PIAVE,30020,1
ANNONE VENETO,30020,1
GRUARO,30020,1
PRAMAGGIORE BLESSAGLIA,30020,1
GIAI,30020,1
FOSSALTA DI PIAVE,30020,1
PONTE CREPALDO,30020,1
PORTO SANTA MARGHERITA,30021,1
CA' CORNIANI,30021,1
CAORLE,30021,1
SAN GAETANO,30021,1
SAN GIORGIO DI LIVENZA,30021,1
CEGGIA,30022,1
CONCORDIA SAGITTARIA,30023,1
SINDACALE,30023,1
MUSILE DI PIAVE,30024,1
TEGLIO VENETO,30025,1
CINTELLO,30025,1
VILLANOVA SANTA MARGHERITA,30025,1
FOSSALTA DI PORTOGRUARO,30025,1
LUGUGNANA,30026,1
PORTOGRUARO,30026,1
PRADIPOZZO,30026,1
SUMMAGA,30026,1
CALVECCHIA,30027,1
SAN DONA' DI PIAVE,30027,1
PASSARELLA,30027,1
BIBIONE,30028,1
SAN MICHELE AL TAGLIAMENTO,30028,1
POZZI SAN MICHELE TAGLIAMENTO,30028,1
SAN GIORGIO AL TAGLIAMENTO,30028,1
CESAROLO,30028,1
BIBIONE PINEDA,30028,1
LA SALUTE DI LIVENZA,30029,1
CORBOLONE,30029,1
SANTO STINO DI LIVENZA,30029,1
FOSSO',30030,1
ROBEGANO,30030,1
CAZZAGO DI PIANIGA,30030,1
CAZZAGO,30030,1
TOMBELLE,30030,1
PIANIGA,30030,1
SALZANO,30030,1
MARTELLAGO,30030,1
GALTA,30030,1
MAERNE,30030,1
SANDON,30030,1
OLMO DI MARTELLAGO,30030,1
DOLO,30031,1
ARINO,30031,1
SAMBRUSON,30031,1
FIESSO D'ARTICO,30032,1
MONIEGO DI NOALE,30033,1
NOALE,30033,1
MONIEGO,30033,1
ORIAGO,30034,1
BORBIAGO,30034,1
MARANO VENEZIANO,30034,1
MIRA PORTE,30034,1
MIRA,30034,1
MIRA TAGLIO,30034,1
GAMBARARE,30034,1
BALLO',30035,1
ZIANIGO,30035,1
SCALTENIGO,30035,1
MIRANO,30035,1
VETREGO,30035,1
SANTA MARIA DI SALA,30036,1
CALTANA,30036,1
VETERNIGO,30036,1
SCORZE',30037,1
PESEGGIA,30037,1
RIO SAN MARTINO,30037,1
FORNASE,30038,1
SPINEA,30038,1
SAN PIETRO DI STRA',30039,1
STRA,30039,1
PALUELLO,30039,1
CANNAREGIO,30121,1
DORSODURO,30123,1
ALBERONI,30126,1
SCARPA,30126,1
BUSETTI,30126,1
ZENNARI,30126,1
PORTOSECCO,30126,1
SAN PIETRO IN VOLTA,30126,1
LIDO DI VENEZIA,30126,1
VIANELLI,30126,1
MALAMOCCO,30126,1
LIDO,30126,1
GIUDECCA,30133,1
SACCA FISOLA,30133,1
MURANO,30141,1
BURANO,30142,1
MAZZORBO,30142,1
SAN MARTINO SINISTRA,30142,1
GIUDECCA DI BURANO,30142,1
SAN MARTINO DESTRA,30142,1
CAMPALTO,30173,1
VILLAGGIO SAN MARCO,30173,1
GAZZERA,30174,1
ZELARINO,30174,1
MARGHERA,30175,1
CA' EMILIANI,30175,1
MEZZASELVA DI ROANA,36010,1
CAVAZZALE,36010,1
POSINA,36010,1
TRESCHE' CONCA,36010,1
CHIUPPANO,36010,1
COGOLLO DEL CENGIO,36010,1
VIGARDOLO,36010,1
VELO D'ASTICO,36010,1
ZANE',36010,1
MONTICELLO CONTE OTTO,36010,1
ROANA,36010,1
SEGHE DI VELO,36010,1
CARRE',36010,1
ROTZO,36010,1
CESUNA,36010,1
VELO,36010,1
SEGHE,36010,1
CANOVE DI ROANA,36010,1
FOZA,36010,1
CAMPOROVERE,36010,1
ARSIERO,36011,1
RODEGHIERI,36012,1
ASIAGO,36012,1
RIGONI,36012,1
PIOVENE ROCCHETTE,36013,1
SANTORSO,36014,1
GIAVENALE,36015,1
MONTE MAGRE',36015,1
SANT'ULDERICO,36015,1
SANT'ULDERICO DI TRETTO,36015,1
MAGRE' DI SCHIO,36015,1
SCHIO,36015,1
TRETTO,36015,1
THIENE,36016,1
ROZZAMPIA,36016,1
CARPANE',36020,1
ALBETTONE,36020,1
PRIMOLANO,36020,1
SOLAGNA,36020,1
ZOVENCEDO,36020,1
AGUGLIARO,36020,1
CAMPIGLIA DEI BERICI,36020,1
ASIGLIANO VENETO,36020,1
POVE DEL GRAPPA,36020,1
CASTEGNERO,36020,1
VILLAGANZERLA,36020,1
PONTE DI CASTEGNERO,36020,1
PONTE DI BARBARANO,36021,1
BARBARANO VICENTINO,36021,1
VILLAGA,36021,1
SAN GIUSEPPE DI CASSOLA,36022,1
CASSOLA,36022,1
BUGANO,36023,1
LONGARE,36023,1
LUMIGNANO,36023,1
MOSSANO,36024,1
NANTO,36024,1
PONTE DI NANTO,36024,1
NOVENTA VICENTINA,36025,1
CAGNANO,36026,1
POIANA MAGGIORE,36026,1
ROSA',36027,1
ROSSANO VENETO,36028,1
VALSTAGNA,36029,1
CAMPOLONGO SUL BRENTA,36029,1
CISMON DEL GRAPPA,36029,1
LUGO DI VICENZA,36030,1
CRESOLE,36030,1
RETTORGOLE,36030,1
PRIABONA,36030,1
LEVA' DI MONTECCHIO PRECALCINO,36030,1
CALTRANO,36030,1
NOVOLEDO,36030,1
LEVA',36030,1
GRUMOLO PEDEMONTE,36030,1
FARA VICENTINO,36030,1
VILLAVERLA,36030,1
MONTE DI MALO,36030,1
STARO,36030,1
SANT'ANTONIO VALLI,36030,1
COSTABISSARA,36030,1
SARCEDO,36030,1
CALVENE,36030,1
MONTECCHIO PRECALCINO,36030,1
SAN VITO DI LEGUZZANO,36030,1
CALDOGNO,36030,1
VALLI DEL PASUBIO,36030,1
CENTRALE,36030,1
PREARA,36030,1
SAN GIORGIO DI PERLENA,36030,1
POVOLARO,36031,1
DUEVILLE,36031,1
GALLIO,36032,1
ISOLA VICENTINA,36033,1
CASTELNOVO,36033,1
MALO,36034,1
SAN TOMIO,36034,1
MARANO VICENTINO,36035,1
TORREBELVICINO,36036,1
PIEVEBELVICINO,36036,1
LERINO,36040,1
GRANCONA,36040,1
SAN GERMANO DEI BERICI,36040,1
VALDASTICO,36040,1
LAVERDA,36040,1
SAN PIETRO VALDASTICO,36040,1
PEDERIVA,36040,1
LASTEBASSE,36040,1
ORGIANO,36040,1
SALCEDO,36040,1
BRENDOLA,36040,1
CASOTTO,36040,1
TORRI DI QUARTESOLO,36040,1
POIANA DI GRANFION,36040,1
MELEDO,36040,1
MONTICELLO DI FARA,36040,1
TONEZZA DEL CIMONE,36040,1
BARCAROLA,36040,1
SOSSANO,36040,1
GRUMOLO DELLE ABBADESSE,36040,1
GRISIGNANO DI ZOCCO,36040,1
SAREGO,36040,1
PEDESCALA,36040,1
MIRABELLA,36042,1
BREGANZE,36042,1
MARAGNOLE,36042,1
CAMISANO VICENTINO,36043,1
LONIGO,36045,1
ALMISANO,36045,1
ALONTE,36045,1
BAGNOLO DI LONIGO,36045,1
CONCO,36046,1
LUSIANA,36046,1
MONTEGALDA,36047,1
MONTEGALDELLA,36047,1
VILLAGGIO MONTEGRAPPA,36050,1
GAMBUGLIANO,36050,1
CARTIGLIANO,36050,1
MONTORSO VICENTINO,36050,1
QUINTO VICENTINO,36050,1
BRESSANVIDO,36050,1
LISIERA,36050,1
POIANELLA,36050,1
SOVIZZO,36050,1
BOLZANO VICENTINO,36050,1
LANZE',36050,1
MONTEVIALE,36050,1
FRIOLA,36050,1
ZERMEGHEDO,36050,1
POZZOLEONE,36050,1
CREAZZO,36051,1
ENEGO,36052,1
STONER,36052,1
MONTEBELLO VICENTINO,36054,1
TEZZE SUL BRENTA,36056,1
TORMENO,36057,1
PIANEZZE DEL LAGO,36057,1
NOGARAZZA,36057,1
TORRI D'ARCUGNANO,36057,1
ARCUGNANO,36057,1
ROMANO D'EZZELINO,36060,1
SPIN,36060,1
FELLETTE,36060,1
FELLETTE DI ROMANO D'EZZELLINO,36060,1
SCHIAVON,36060,1
LONGA,36060,1
VILLA DI MOLVENA,36060,1
VALROVINA,36061,1
BASSANO DEL GRAPPA,36061,1
VALLE SAN FLORIANO,36063,1
CROSARA,36063,1
VALLONARA,36063,1
MAROSTICA,36063,1
VILLARASPA,36064,1
MOLVENA,36064,1
MASON VICENTINO,36064,1
MUSSOLENTE,36065,1
SANDRIGO,36066,1
BROGLIANO,36070,1
FERRAZZA,36070,1
CASTELGOMBERTO,36070,1
CRESPADORO,36070,1
LOVARA,36070,1
MOLINO DI ALTISSIMO,36070,1
SAN PIETRO VECCHIO,36070,1
ALTISSIMO,36070,1
TRISSINO,36070,1
NOGAROLE VICENTINO,36070,1
SAN PIETRO MUSSOLINO,36070,1
ARZIGNANO,36071,1
PUGNELLO,36071,1
CHIAMPO,36072,1
CORNEDO VICENTINO,36073,1
MONTECCHIO MAGGIORE,36075,1
ALTE CECCATO,36075,1
ALTE DI MONTECCHIO MAGGIORE,36075,1
ROVEGLIANA,36076,1
RECOARO TERME,36076,1
VALMARANA,36077,1
TAVERNELLE VICENTINA,36077,1
ALTAVILLA VICENTINA,36077,1
MAGLIO DI SOPRA,36078,1
NOVALE,36078,1
VALDAGNO,36078,1
PIANA,36078,1
SETTECA',36100,1
CAMPEDELLO,36100,1
POLEGGE,36100,1
ANCONETTA,36100,1
CASTION VERONESE,37010,1
PASTRENGO,37010,1
CAVAION VERONESE,37010,1
SEGA,37010,1
CASTELLETTO DI BRENZONE,37010,1
SEGA DI CAVAION,37010,1
AFFI,37010,1
PIOVEZZANO,37010,1
SAN ZENO DI MONTAGNA,37010,1
TORRI DEL BENACO,37010,1
BRENZONE,37010,1
RIVOLI VERONESE,37010,1
COSTERMANO,37010,1
ALBARE',37010,1
ALBARE' STAZIONE,37010,1
CALMASINO,37011,1
BARDOLINO,37011,1
CISANO,37011,1
SAN VITO AL MANTICO,37012,1
BUSSOLENGO,37012,1
CAPRINO VERONESE,37013,1
PESINA,37013,1
SPIAZZI,37013,1
BOI,37013,1
CASTELNUOVO DEL GARDA,37014,1
CAVALCASELLE,37014,1
SANDRA',37014,1
OLIOSI,37014,1
SANT'AMBROGIO DI VALPOLICELLA,37015,1
DOMEGLIARA,37015,1
GARGAGNAGO,37015,1
GARDA,37016,1
LAZISE,37017,1
COLA',37017,1
COLA' DI LAZISE,37017,1
PACENGO,37017,1
CASSONE,37018,1
MALCESINE,37018,1
PESCHIERA DEL GARDA,37019,1
SAN BENEDETTO DI LUGANA,37019,1
SANT'ANNA D'ALFAEDO,37020,1
VALGATARA,37020,1
CERRO VERONESE,37020,1
PERI,37020,1
BELLUNO VERONESE,37020,1
VOLARGNE,37020,1
BRENTINO BELLUNO,37020,1
FERRARA DI MONTE BALDO,37020,1
FANE,37020,1
MARANO DI VALPOLICELLA,37020,1
DOLCE',37020,1
ERBEZZO,37020,1
CERNA,37020,1
PRUN,37020,1
CORBIOLO,37021,1
BOSCO CHIESANUOVA,37021,1
LUGHEZZANO,37021,1
CAVALO,37022,1
FUMANE,37022,1
BREONIO,37022,1
AZZAGO,37023,1
LUGO DI GREZZANA,37023,1
GREZZANA,37023,1
STALLAVENA,37023,1
NEGRAR,37024,1
ARBIZZANO DI VALPOLICELLA,37024,1
ARBIZZANO,37024,1
SANTA MARIA DI NEGRAR,37024,1
PESCANTINA,37026,1
SETTIMO,37026,1
ROVERE' VERONESE,37028,1
SAN PIETRO IN CARIANO,37029,1
BURE,37029,1
NEGARINE,37029,1
CORRUBBIO,37029,1
VESTENANOVA,37030,1
MONTECCHIA DI CROSARA,37030,1
SELVA DI PROGNO,37030,1
COLOGNOLA AI COLLI,37030,1
MEZZANE DI SOTTO,37030,1
VAGO,37030,1
LAVAGNO,37030,1
SAN BRICCIO,37030,1
VELO VERONESE,37030,1
CAZZANO DI TRAMIGNA,37030,1
RONCA',37030,1
SAN BORTOLO,37030,1
TERROSSA,37030,1
SAN MAURO DI SALINE,37030,1
SAN ROCCO DI PIEGARA,37030,1
BADIA CALAVENA,37030,1
ILLASI,37031,1
CELLORE,37031,1
MONTEFORTE D'ALPONE,37032,1
BROGNOLIGO,37032,1
SAN GIOVANNI ILARIONE,37035,1
MARCELLISE,37036,1
FERRAZZE,37036,1
MAMBROTTA,37036,1
SAN MARTINO BUON ALBERGO,37036,1
CENTRO,37039,1
COGOLLO,37039,1
TREGNAGO,37039,1
ARCOLE,37040,1
BEGOSSO,37040,1
BONAVIGO,37040,1
ROVEREDO DI GUA',37040,1
TERRAZZO,37040,1
BOSCHI SANT'ANNA,37040,1
BEVILACQUA,37040,1
MAREGA,37040,1
GAZZOLO,37040,1
PRESSANA,37040,1
SABBION,37040,1
VERONELLA,37040,1
SANTO STEFANO DI ZIMELLA,37040,1
SAN GREGORIO DI VERONELLA,37040,1
ZIMELLA,37040,1
CORIANO VERONESE,37041,1
ALBAREDO D'ADIGE,37041,1
MICHELLORIE,37041,1
CALDIERO,37042,1
CALDIERINO,37042,1
CASTAGNARO,37043,1
MENA',37043,1
MENA' VALLESTREMA,37043,1
BALDARIA,37044,1
COLOGNA VENETA,37044,1
SULE',37044,1
VANGADIZZA,37045,1
LEGNAGO,37045,1
SAN PIETRO DI LEGNAGO,37045,1
MINERBE,37046,1
LOCARA,37047,1
SAN BONIFACIO,37047,1
PROVA,37047,1
CARPI DI VILLA BARTOLOMEA,37049,1
SPINIMBECCO,37049,1
VILLA BARTOLOMEA,37049,1
CONCAMARISE,37050,1
BONAVICINA,37050,1
VALLESE,37050,1
OPPEANO,37050,1
CA' DEGLI OPPI,37050,1
ROVERCHIARA,37050,1
ANGIARI,37050,1
ISOLA RIZZA,37050,1
SAN PIETRO DI MORUBIO,37050,1
ROVERCHIARETTA,37050,1
VILLAFONTANA,37051,1
BOVOLONE,37051,1
CASALEONE,37052,1
CHERUBINE,37053,1
ASPARETTO,37053,1
CEREA,37053,1
NOGARA,37054,1
ALBARO,37055,1
TOMBAZOSANA,37055,1
RONCO ALL'ADIGE,37055,1
BIONDE,37056,1
CROSAROL,37056,1
VALMORSEL,37056,1
ENGAZZA',37056,1
SALIZZOLE,37056,1
RALDON,37057,1
POZZO CAMACICI,37057,1
SAN GIOVANNI LUPATOTO,37057,1
SANGUINETTO,37058,1
ZEVIO,37059,1
PERZACCO,37059,1
VOLON,37059,1
SANTA MARIA DI ZEVIO,37059,1
RONCOLEVA',37060,1
MARCHESINO,37060,1
NOGAROLE ROCCA,37060,1
SONA,37060,1
BECCACIVETTA,37060,1
MOZZECANE,37060,1
MACCACARI,37060,1
SAN GIORGIO IN SALICI,37060,1
BONFERRARO,37060,1
SORGA',37060,1
BOVO,37060,1
CORREZZO,37060,1
ERBE',37060,1
TREVENZUOLO,37060,1
BUTTAPIETRA,37060,1
LUGAGNANO,37060,1
PRADELLE,37060,1
PONTEPOSSERO,37060,1
RONCANOVA,37060,1
GAZZO VERONESE,37060,1
CASTEL D'AZZANO,37060,1
DOSSOBUONO,37062,1
ALPO,37062,1
ISOLA DELLA SCALA,37063,1
TARMASSIA,37063,1
POVEGLIANO VERONESE,37064,1
CASELLE DI SOMMACAMPAGNA,37066,1
CUSTOZA,37066,1
SOMMACAMPAGNA,37066,1
VALEGGIO SUL MINCIO,37067,1
SALIONZE,37067,1
ISOLALTA,37068,1
VIGASIO,37068,1
FORETTE,37068,1
CALURI,37069,1
QUADERNI,37069,1
VILLAFRANCA DI VERONA,37069,1
ROSEGAFERRO,37069,1
PIZZOLETTA,37069,1
QUINZANO,37125,1
AVESA,37127,1
SAN MICHELE EXTRA,37132,1
SAN MASSIMO ALL'ADIGE,37139,1
CHIEVO,37139,1
