Words,Link,Score
PARIS,75000,1000
PARIS 01,75001,1000
PARIS 08,75008,957
PARIS 02,75002,943
PARIS 07,75007,943
PARIS 04,75004,929
PARIS 06,75006,929
PARIS 03,75003,914
PARIS 05,75005,914
PARIS 09,75009,886
PARIS 16,75016,886
PARIS 18,75018,886
PARIS 10,75010,857
PARIS 11,75011,857
PARIS 17,75017,857
PARIS 15,75015,843
PARIS 12,75012,829
PARIS 13,75013,829
PARIS 14,75014,829
PARIS 19,75019,800
PARIS 20,75020,800
LYON,69000,715
LYON 01,69001,715
GUADELOUPE,97100,700
LYON 02,69002,700
MARTINIQUE,97200,700
MARSEILLE,13000,686
MARSEILLE 01,13001,686
GUYANE,97300,680
SAINT DENIS,97400,680
SAINT-BARTHELEMY,97133,680
LYON 06,69006,672
SAINT-MARTIN,97150,670
GUSTAVIA,97133,660
MAYOTTE,97600,660
NOUVELLE CALEDONIE,98800,660
POLYNESIE FRANCAISE,98700,660
LYON 03,69003,657
LYON 05,69005,657
MARIGOT,97150,650
SAINT-PIERRE,97500,650
LYON 04,69004,643
MARSEILLE 02,13002,643
SAINT PIERRE ET MIQUELON,97500,640
BORDEAUX,33000,629
LYON 07,69007,629
WALLIS ET FUTUNA,98600,620
LYON 08,69008,615
TOULOUSE,31000,615
LYON 09,69009,600
MARSEILLE 03,13003,600
MATA UTU,98600,600
NICE,06000,600
MARSEILLE 04,13004,586
MARSEILLE 06,13006,586
MARSEILLE 08,13008,586
NANTES,44000,586
MARSEILLE 05,13005,572
MARSEILLE 07,13007,572
STRASBOURG,67000,572
LILLE,59000,558
MARSEILLE 09,13009,558
TERRES AUSTRALES,98400,550
BEAURECUEIL,13100,543
LE THOLONET,13100,543
MARSEILLE 10,13010,543
MONTPELLIER,34000,543
ST ANTONIN SUR BAYON,13100,543
ST MARC JAUMEGARDE,13100,543
MARSEILLE 11,13011,529
RENNES,35000,529
ROUBAIX,59100,529
BOULOGNE BILLANCOURT,92100,515
MARSEILLE 12,13012,515
VERSAILLES,78000,515
LAMBERSART,59130,500
MARSEILLE 13,13013,500
REIMS,51100,500
ARCANGUES,64200,486
BASSUSSARRY,64200,486
BIARRITZ,64200,486
GRENOBLE,38000,486
MARSEILLE 14,13014,486
ST ETIENNE,42000,486
ST TROPEZ,83990,486
TOULON,83000,486
ANGERS,49000,472
ANNECY,74000,472
DIJON,21000,472
ECOUFLANT,49000,472
LA ROCHELLE,17000,472
MARSEILLE 15,13015,472
NANTERRE,92000,472
AUCEY LA PLAINE,50170,458
AVIGNON,84000,458
BEAUVOIR,50170,458
CLERMONT FERRAND,63000,458
HUISNES SUR MER,50170,458
LE MONT ST MICHEL,50170,458
LE REVEST LES EAUX,83200,458
MARSEILLE 16,13016,458
METZ,57000,458
NANCY,54000,458
NIMES,30000,458
ORLEANS,45000,458
PONTORSON,50170,458
ROUEN,76000,458
SACEY,50170,458
SERVON,50170,458
TANIS,50170,458
TOURS,37000,458
BREST,29200,443
CAEN,14000,443
LE HAVRE,76600,443
ADE,65100,429
AFFOUX,69170,429
AJACCIO,20000,429
ALBIGNY SUR SAONE,69250,429
ALIX,69380,429
AMBERIEUX,69480,429
AMIENS,80000,429
AMPLEPUIS,69550,429
AMPUIS,69420,429
ANCY,69490,429
ANSE,69480,429
ARCIZAC EZ ANGLES,65100,429
ARNAS,69400,429
ARRAYOU LAHITTE,65100,429
ARRODETS EZ ANGLES,65100,429
ASPIN EN LAVEDAN,65100,429
AVEIZE,69610,429
AZOLETTE,69790,429
BARBERAZ,73000,429
BARLEST,65100,429
BARTRES,65100,429
BELLEVILLE EN BEAUJOLAIS,69220,429
BELMONT D AZERGUES,69380,429
BERBERUST LIAS,65100,429
BERRIAC,11000,429
BESANCON,25000,429
BESSENAY,69690,429
BIBOST,69690,429
BLACE,69460,429
BOURREAC,65100,429
BRIGNAIS,69530,429
BRINDAS,69126,429
BRON,69500,429
BRULLIOLES,69690,429
BRUSSIEU,69690,429
CAILLOUX SUR FONTAINES,69270,429
CALUIRE ET CUIRE,69300,429
CARCASSONNE,11000,429
CENVES,69840,429
CERCIE,69220,429
CHABANIERE,69440,429
CHAMBERY,73000,429
CHAMBOST ALLIERES,69870,429
CHAMBOST LONGESSAIGNE,69770,429
CHAMELET,69620,429
CHAMPAGNE AU MONT D OR,69410,429
CHAPONNAY,69970,429
CHAPONOST,69630,429
CHARBONNIERES LES BAINS,69260,429
CHARENTAY,69220,429
CHARTRES,28000,429
CHASSIEU,69680,429
CHAUSSAN,69440,429
CHAZAY D AZERGUES,69380,429
CHENAS,69840,429
CHENELETTE,69430,429
CHESSY,69380,429
CHEUST,65100,429
CHEVINAY,69210,429
CHIROUBLES,69115,429
CIVRIEUX D AZERGUES,69380,429
CLAVEISOLLES,69870,429
COISE,69590,429
COLLONGES AU MONT D OR,69660,429
COLMAR,68000,429
COLOMBIER SAUGNIEU,69124,429
COMMUNAY,69360,429
CONDRIEU,69420,429
CORBAS,69960,429
CORCELLES EN BEAUJOLAIS,69220,429
COURZIEU,69690,429
COUZON AU MONT D OR,69270,429
CRAPONNE,69290,429
CRETEIL,94000,429
CUBLIZE,69550,429
CURIS AU MONT D OR,69250,429
DARDILLY,69570,429
DECINES CHARPIEU,69150,429
DENICE,69640,429
DEUX GROSNES,69430,429
DIEME,69170,429
DRACE,69220,429
DUERNE,69850,429
ECHALAS,69700,429
ECULLY,69130,429
EMERINGES,69840,429
ESCOUBES POUTS,65100,429
EVEUX,69210,429
FEYZIN,69320,429
FLEURIE,69820,429
FLEURIEU SUR SAONE,69250,429
FLEURIEUX SUR L ARBRESLE,69210,429
FONTAINES ST MARTIN,69270,429
FONTAINES SUR SAONE,69270,429
FRONTENAS,69620,429
GAZOST,65100,429
GENAS,69740,429
GEU,65100,429
GEZ EZ ANGLES,65100,429
GIVORS,69700,429
GLEIZE,69400,429
GRANDRIS,69870,429
GREZIEU LA VARENNE,69290,429
GREZIEU LE MARCHE,69610,429
GRIGNY SUR RHONE,69520,429
HAUTE RIVOIRE,69610,429
IRIGNY,69540,429
JACOB BELLECOMBETTE,73000,429
JARRET,65100,429
JONAGE,69330,429
JONS,69330,429
JOUX,69170,429
JULIENAS,69840,429
JULLIE,69840,429
JULOS,65100,429
JUNCALAS,65100,429
L ARBRESLE,69210,429
LA CHAPELLE SUR COISE,69590,429
LA MULATIERE,69350,429
LA TOUR DE SALVAGNY,69890,429
LACENAS,69640,429
LACHASSAGNE,69480,429
LAMURE SUR AZERGUES,69870,429
LANCIE,69220,429
LANTIGNIE,69430,429
LARAJASSE,69590,429
LE BAN ST MARTIN,57050,429
LE PERREON,69460,429
LEGNY,69620,429
LENTILLY,69210,429
LES ARDILLATS,69430,429
LES CHERES,69380,429
LES HAIES,69420,429
LES HALLES,69610,429
LES SAUVAGES,69170,429
LETRA,69620,429
LEZIGNAN,65100,429
LIMAS,69400,429
LIMOGES,87000,429
LIMONEST,69760,429
LISSIEU,69380,429
LOIRE SUR RHONE,69700,429
LONGES,69420,429
LONGESSAIGNE,69770,429
LONGEVILLE LES METZ,57050,429
LORRY LES METZ,57050,429
LOUBAJAC,65100,429
LOURDES,65100,429
LOZANNE,69380,429
LUCENAY,69480,429
LUGAGNAN,65100,429
MARCHAMPT,69430,429
MARCILLY D AZERGUES,69380,429
MARCY L ETOILE,69280,429
MARENNES,69970,429
MEAUX LA MONTAGNE,69550,429
MESSIMY,69510,429
MEYS,69610,429
MEYZIEU,69330,429
MIONS,69780,429
MOIRE,69620,429
MONTAGNOLE,73000,429
MONTANAY,69250,429
MONTMELAS ST SORLIN,69640,429
MONTROMANT,69610,429
MONTROTTIER,69770,429
MORANCE,69480,429
MORNANT,69440,429
MULHOUSE,68100,429
NEUVILLE SUR SAONE,69250,429
ODENAS,69460,429
OMEX,65100,429
ORLIENAS,69530,429
OSSEN,65100,429
OSSUN EZ ANGLES,65100,429
OULLINS PIERRE BENITE,69310,429
OURDIS COTDOUSSAN,65100,429
OURDON,65100,429
OUSTE,65100,429
PAREAC,65100,429
PAU,64000,429
PERPIGNAN,66000,429
PLAPPEVILLE,57050,429
POLEYMIEUX AU MONT D OR,69250,429
POLLIONNAY,69290,429
POMEYS,69590,429
PORTE DES PIERRES DOREES,69400,429
POUEYFERRE,65100,429
POULE LES ECHARMEAUX,69870,429
PROPIERES,69790,429
PUSIGNAN,69330,429
QUINCIE EN BEAUJOLAIS,69430,429
QUINCIEUX,69650,429
RANCHAL,69470,429
REGNIE DURETTE,69430,429
RILLIEUX LA PAPE,69140,429
RIVERIE,69440,429
RIVOLET,69640,429
ROCHETAILLEE SUR SAONE,69270,429
RONNO,69550,429
RONTALON,69510,429
RUEIL MALMAISON,92500,429
SAIN BEL,69210,429
SALLES ARBUISSONNAS EN BEAUJOLAIS,69460,429
SATHONAY CAMP,69580,429
SATHONAY VILLAGE,69580,429
SEGUS,65100,429
SERE LANSO,65100,429
SEREZIN DU RHONE,69360,429
SIMANDRES,69360,429
SOLAIZE,69360,429
SONNAZ,73000,429
SOUCIEU EN JARREST,69510,429
SOURCIEUX LES MINES,69210,429
SOUZY,69610,429
ST ANDRE LA COTE,69440,429
ST APPOLINAIRE,69170,429
ST BONNET DE MURE,69720,429
ST BONNET DES BRUYERES,69790,429
ST BONNET LE TRONCY,69870,429
ST CLEMENT DE VERS,69790,429
ST CLEMENT LES PLACES,69930,429
ST CLEMENT SUR VALSONNE,69170,429
ST CYR AU MONT D OR,69450,429
ST CYR LE CHATOUX,69870,429
ST CYR SUR LE RHONE,69560,429
ST DIDIER AU MONT D OR,69370,429
ST DIDIER SUR BEAUJEU,69430,429
ST ETIENNE DES OULLIERES,69460,429
ST ETIENNE LA VARENNE,69460,429
ST FONS,69190,429
ST FORGEUX,69490,429
ST GENIS L ARGENTIERE,69610,429
ST GENIS LAVAL,69230,429
ST GENIS LES OLLIERES,69290,429
ST GEORGES DE RENEINS,69830,429
ST GERMAIN AU MONT D OR,69650,429
ST GERMAIN NUELLES,69210,429
ST IGNY DE VERS,69790,429
ST JEAN DES VIGNES,69380,429
ST JEAN LA BUSSIERE,69550,429
ST JULIEN SUR BIBOST,69690,429
ST JUST D AVRAY,69870,429
ST LAGER,69220,429
ST LAURENT D AGNY,69440,429
ST LAURENT DE CHAMOUSSET,69930,429
ST LAURENT DE MURE,69720,429
ST MARCEL L ECLAIRE,69170,429
ST MARTIN EN HAUT,69850,429
ST NIZIER D AZERGUES,69870,429
ST PIERRE DE CHANDIEU,69780,429
ST PIERRE LA PALUD,69210,429
ST ROMAIN AU MONT D OR,69270,429
ST ROMAIN DE POPEY,69490,429
ST ROMAIN EN GAL,69560,429
ST ROMAIN EN GIER,69700,429
ST SYMPHORIEN D OZON,69360,429
ST SYMPHORIEN SUR COISE,69590,429
ST VINCENT DE REINS,69240,429
STE CONSORCE,69280,429
STE FOY L ARGENTIERE,69610,429
STE FOY LES LYON,69110,429
STE PAULE,69620,429
TALUYERS,69440,429
TAPONAS,69220,429
TARARE,69170,429
TASSIN LA DEMI LUNE,69160,429
TERNAND,69620,429
THEIZE,69620,429
THIZY LES BOURGS,69240,429
THURINS,69510,429
TOUSSIEU,69780,429
TROYES,10000,429
TUPIN ET SEMONS,69420,429
VAL D OINGT,69620,429
VALSONNE,69170,429
VAUGNERAY,69670,429
VAULX EN VELIN,69120,429
VAUX EN BEAUJOLAIS,69460,429
VAUXRENARD,69820,429
VENISSIEUX,69200,429
VERNAISON,69390,429
VERNAY,69430,429
VIGER,65100,429
VILLE SUR JARNIOUX,69640,429
VILLECHENEVE,69770,429
VILLEFRANCHE SUR SAONE,69400,429
VILLEURBANNE,69100,429
VILLIE MORGON,69910,429
VINDRY SUR TURDINE,69490,429
VOURLES,69390,429
YZERON,69510,429
BAYONNE,64100,415
DUNKERQUE,59140,415
FONTAINEBLEAU,77300,415
BASTIA,20200,401
FORT DE FRANCE,97200,401
LE TOUQUET PARIS PLAGE,62520,401
LORIENT,56100,401
SAN MARTINO DI LOTA,20200,401
SANTA MARIA DI LOTA,20200,401
VILLE DI PIETRABUGNO,20200,401
ARGENTEUIL,95100,386
POINTE A PITRE,97110,386
AGASSAC,31230,372
AIGNES,31550,372
AIGREFEUILLE,31280,372
ALAN,31420,372
ALBIAC,31460,372
AMBAX,31230,372
AMIRAT,06910,372
ANAN,31230,372
ANDON,06750,372
ANTIBES,06160,372
ANTICHAN DE FRONTIGNES,31510,372
ARBAS,31160,372
ARBON,31160,372
ARDIEGE,31210,372
ARGUENOS,31160,372
ARGUT DESSOUS,31440,372
ARLOS,31440,372
ARNAUD GUILHEM,31360,372
ARTIGUE,31110,372
ASCROS,06260,372
ASPET,31160,372
ASPRET SARRAT,31800,372
AUCAMVILLE,31140,372
AURAGNE,31190,372
AUREVILLE,31320,372
AURIAC SUR VENDINELLE,31460,372
AURIBAIL,31190,372
AURIBEAU SUR SIAGNE,06810,372
AURIGNAC,31420,372
AURIN,31570,372
AUSSEING,31260,372
AUSSON,31210,372
AUSSONNE,31840,372
AUTERIVE,31190,372
AUVARE,06260,372
AUZAS,31360,372
AUZEVILLE TOLOSANE,31320,372
AUZIELLE,31650,372
AVIGNONET LAURAGAIS,31290,372
AYGUESVIVES,31450,372
AZAS,31380,372
BACHAS,31420,372
BACHOS,31440,372
BAGIRY,31510,372
BAGNERES DE LUCHON,31110,372
BAIROLS,06420,372
BALESTA,31580,372
BALMA,31130,372
BARBAZAN,31510,372
BAREN,31440,372
BAX,31310,372
BAZIEGE,31450,372
BAZUS,31380,372
BEAUCHALOT,31360,372
BEAUFORT,31370,372
BEAULIEU SUR MER,06310,372
BEAUMONT SUR LEZE,31870,372
BEAUPUY,31850,372
BEAUSOLEIL,06240,372
BEAUTEVILLE,31290,372
BEAUVILLE,31460,372
BEAUZELLE,31700,372
BELBERAUD,31450,372
BELBEZE DE LAURAGAIS,31450,372
BELBEZE EN COMMINGES,31260,372
BELESTA EN LAURAGAIS,31540,372
BELLEGARDE STE MARIE,31530,372
BELLESSERRE,31480,372
BELVEDERE,06450,372
BENDEJUN,06390,372
BENQUE,31420,372
BENQUE DESSOUS ET DESSUS,31110,372
BERAT,31370,372
BERRE LES ALPES,06390,372
BESSIERES,31660,372
BEUIL,06470,372
BEZAUDUN LES ALPES,06510,372
BEZINS GARRAUX,31440,372
BILLIERE,31110,372
BINOS,31440,372
BIOT,06410,372
BLAGNAC,31700,372
BLAJAN,31350,372
BLAUSASC,06440,372
BOIS DE LA PIERRE,31390,372
BOISSEDE,31230,372
BONDIGOUX,31340,372
BONREPOS RIQUET,31590,372
BONREPOS SUR AUSSONNELLE,31470,372
BONSON,06830,372
BORDES DE RIVIERE,31210,372
BOUDRAC,31580,372
BOULOC,31620,372
BOULOGNE SUR GESSE,31350,372
BOURG D OUEIL,31110,372
BOURG ST BERNARD,31570,372
BOUSSAN,31420,372
BOUSSENS,31360,372
BOUTX,31160,372
BOUYON,06510,372
BOUZIN,31420,372
BRAGAYRAC,31470,372
BRAX,31490,372
BREIL SUR ROYA,06540,372
BRETX,31530,372
BRIANCONNET,06850,372
BRIGNEMONT,31480,372
BRUGUIERES,31150,372
BURGALAYS,31440,372
BUZET SUR TARN,31660,372
CABANAC CAZAUX,31160,372
CABANAC SEGUENVILLE,31480,372
CABRIS,06530,372
CADOURS,31480,372
CAGNES SUR MER,06800,372
CAIGNAC,31560,372
CAILLE,06750,372
CAMBERNARD,31470,372
CAMBIAC,31460,372
CANENS,31310,372
CANNES,06150,372
CANTARON,06340,372
CAP D AIL,06320,372
CAPENS,31410,372
CARAGOUDES,31460,372
CARAMAN,31460,372
CARBONNE,31390,372
CARDEILHAC,31350,372
CARROS,06510,372
CASSAGNABERE TOURNAS,31420,372
CASSAGNE,31260,372
CASTAGNAC,31310,372
CASTAGNEDE,31260,372
CASTAGNIERS,06670,372
CASTANET TOLOSAN,31320,372
CASTELBIAGUE,31160,372
CASTELGAILLARD,31230,372
CASTELGINEST,31780,372
CASTELLAR,06500,372
CASTELMAUROU,31180,372
CASTELNAU D ESTRETEFONDS,31620,372
CASTELNAU PICAMPEAU,31430,372
CASTERA VIGNOLES,31350,372
CASTIES LABRANDE,31430,372
CASTILLON,06500,372
CASTILLON DE LARBOUST,31110,372
CASTILLON DE ST MARTORY,31360,372
CATHERVIELLE,31110,372
CAUBIAC,31480,372
CAUBOUS,31110,372
CAUJAC,31190,372
CAUSSOLS,06460,372
CAZAC,31230,372
CAZARIL TAMBOURES,31580,372
CAZARILH LASPENES,31110,372
CAZAUNOUS,31160,372
CAZAUX LAYRISSE,31440,372
CAZEAUX DE LARBOUST,31110,372
CAZENEUVE MONTAUT,31420,372
CAZERES,31220,372
CEPET,31620,372
CESSALES,31290,372
CHARLAS,31350,372
CHATEAUNEUF D ENTRAUNES,06470,372
CHATEAUNEUF GRASSE,06740,372
CHATEAUNEUF VILLEVIEILLE,06390,372
CHAUM,31440,372
CHEIN DESSUS,31160,372
CIADOUX,31350,372
CIER DE LUCHON,31110,372
CIER DE RIVIERE,31510,372
CIERP GAUD,31440,372
CINTEGABELLE,31550,372
CIPIERES,06620,372
CIRES,31110,372
CLANS,06420,372
CLARAC,31210,372
CLERMONT LE FORT,31810,372
COARAZE,06390,372
COLLONGUES,06910,372
COLOMARS,06670,372
COLOMIERS,31770,372
CONSEGUDES,06510,372
CONTES,06390,372
CORNEBARRIEU,31700,372
CORRONSAC,31450,372
COUEILLES,31230,372
COULADERE,31220,372
COURET,31160,372
COURMES,06620,372
COURSEGOULES,06140,372
COX,31480,372
CUEBRIS,06910,372
CUGNAUX,31270,372
CUGURON,31210,372
DALUIS,06470,372
DAUX,31700,372
DEYME,31450,372
DONNEVILLE,31450,372
DRAP,06340,372
DREMIL LAFAGE,31280,372
DRUDAS,31480,372
DURANUS,06670,372
EAUNES,31600,372
EMPEAUX,31470,372
ENCAUSSE LES THERMES,31160,372
ENTRAUNES,06470,372
EOUX,31420,372
ESCALQUENS,31750,372
ESCANECRABE,31350,372
ESCOULIS,31260,372
ESCRAGNOLLES,06460,372
ESPANES,31450,372
ESPERCE,31190,372
ESTADENS,31160,372
ESTANCARBON,31800,372
ESTENOS,31440,372
EUP,31440,372
EZE,06360,372
FALGA,31540,372
FALICON,06950,372
FENOUILLET,31150,372
FIGAROL,31260,372
FLOURENS,31130,372
FOLCARDE,31290,372
FONBEAUZARD,31140,372
FONSORBES,31470,372
FONTAN,06540,372
FONTENILLES,31470,372
FORGUES,31370,372
FOS,31440,372
FOUGARON,31160,372
FOURQUEVAUX,31450,372
FRANCARVILLE,31460,372
FRANCAZAL,31260,372
FRANCON,31420,372
FRANQUEVIELLE,31210,372
FRONSAC,31440,372
FRONTIGNAN DE COMMINGES,31510,372
FRONTIGNAN SAVES,31230,372
FRONTON,31620,372
FROUZINS,31270,372
FUSTIGNAC,31430,372
GAGNAC SUR GARONNE,31150,372
GAILLAC TOULZA,31550,372
GALIE,31510,372
GANTIES,31160,372
GARAC,31480,372
GARDOUCH,31290,372
GARGAS,31620,372
GARIDECH,31380,372
GARIN,31110,372
GARS,06850,372
GATTIERES,06510,372
GAURE,31590,372
GEMIL,31380,372
GENOS,31510,372
GENSAC DE BOULOGNE,31350,372
GENSAC SUR GARONNE,31310,372
GIBEL,31560,372
GILETTE,06830,372
GORBIO,06500,372
GOUAUX DE LARBOUST,31110,372
GOUAUX DE LUCHON,31110,372
GOUDEX,31230,372
GOURDAN POLIGNAN,31210,372
GOURDON,06620,372
GOUTEVERNISSE,31310,372
GOUZENS,31310,372
GOYRANS,31120,372
GRAGNAGUE,31380,372
GRASSE,06130,372
GRATENS,31430,372
GRATENTOUR,31150,372
GRAZAC,31190,372
GRENADE,31330,372
GREOLIERES,06620,372
GREPIAC,31190,372
GUILLAUMES,06470,372
GURAN,31440,372
HERRAN,31160,372
HIS,31260,372
HUOS,31210,372
ILONSE,06420,372
ISOLA,06420,372
ISSUS,31450,372
IZAUT DE L HOTEL,31160,372
JURVIELLE,31110,372
JUZES,31540,372
JUZET D IZAUT,31160,372
JUZET DE LUCHON,31110,372
L ESCARENE,06440,372
L ISLE EN DODON,31230,372
L UNION,31240,372
LA BOLLENE VESUBIE,06450,372
LA BRIGUE,06430,372
LA COLLE SUR LOUP,06480,372
LA CROIX SUR ROUDOULE,06260,372
LA GAUDE,06610,372
LA MAGDELAINE SUR TARN,31340,372
LA PENNE,06260,372
LA ROCHETTE,06260,372
LA ROQUE EN PROVENCE,06910,372
LA ROQUETTE SUR SIAGNE,06550,372
LA ROQUETTE SUR VAR,06670,372
LA SALVETAT LAURAGAIS,31460,372
LA SALVETAT ST GILLES,31880,372
LA TOUR,06420,372
LA TRINITE,06340,372
LA TURBIE,06320,372
LABARTHE INARD,31800,372
LABARTHE RIVIERE,31800,372
LABARTHE SUR LEZE,31860,372
LABASTIDE BEAUVOIR,31450,372
LABASTIDE CLERMONT,31370,372
LABASTIDE PAUMES,31230,372
LABASTIDE ST SERNIN,31620,372
LABASTIDETTE,31600,372
LABEGE,31670,372
LABROQUERE,31510,372
LABRUYERE DORSA,31190,372
LACAUGNE,31390,372
LACROIX FALGARDE,31120,372
LAFFITE TOUPIERE,31360,372
LAFITTE VIGORDANE,31390,372
LAGARDELLE SUR LEZE,31870,372
LAGRACE DIEU,31190,372
LAGRAULET ST NICOLAS,31480,372
LAHAGE,31370,372
LAHITERE,31310,372
LALOURET LAFFITEAU,31800,372
LAMASQUERE,31600,372
LANDORTHE,31800,372
LANTA,31570,372
LANTOSQUE,06450,372
LAPEYRERE,31310,372
LAPEYROUSE FOSSAT,31180,372
LARCAN,31800,372
LAREOLE,31480,372
LARRA,31330,372
LARROQUE,31580,372
LASSERRE PRADERE,31530,372
LATOUE,31800,372
LATOUR,31310,372
LATRAPE,31310,372
LAUNAC,31330,372
LAUNAGUET,31140,372
LAUTIGNAC,31370,372
LAUZERVILLE,31650,372
LAVELANET DE COMMINGES,31220,372
LAVERNOSE LACASSE,31410,372
LAYRAC SUR TARN,31340,372
LE BAR SUR LOUP,06620,372
LE BORN,31340,372
LE BROC,06510,372
LE BURGAUD,31330,372
LE CABANIAL,31460,372
LE CANNET,06110,372
LE CASTERA,31530,372
LE CUING,31210,372
LE FAGET,31460,372
LE FAUGA,31410,372
LE FOUSSERET,31430,372
LE FRECHET,31360,372
LE GRES,31480,372
LE MAS,06910,372
LE PIN MURELET,31370,372
LE PLAN,31220,372
LE ROURET,06650,372
LE TIGNET,06530,372
LECUSSAN,31580,372
LEGE,31440,372
LEGUEVIN,31490,372
LES FERRES,06510,372
LES MUJOULS,06910,372
LES TOURREILLES,31210,372
LESCUNS,31220,372
LESPINASSE,31150,372
LESPITEAU,31160,372
LESPUGUE,31350,372
LESTELLE DE ST MARTORY,31360,372
LEVENS,06670,372
LEVIGNAC,31530,372
LHERM,31600,372
LIEOUX,31800,372
LIEUCHE,06260,372
LILHAC,31230,372
LODES,31800,372
LONGAGES,31410,372
LOUBENS LAURAGAIS,31460,372
LOUDET,31580,372
LOURDE,31510,372
LUCERAM,06440,372
LUSCAN,31510,372
LUSSAN ADEILHAC,31430,372
MAILHOLAS,31310,372
MALAUSSENE,06710,372
MALVEZIE,31510,372
MANCIOUX,31360,372
MANDELIEU LA NAPOULE,06210,372
MARIE,06420,372
MARIGNAC LASCLARES,31430,372
MARIGNAC LASPEYRES,31220,372
MARLIAC,31550,372
MARQUEFAVE,31390,372
MARSOULAS,31260,372
MARTISSERRE,31230,372
MARTRES DE RIVIERE,31210,372
MARTRES TOLOSANE,31220,372
MASCARVILLE,31460,372
MASSABRAC,31310,372
MASSOINS,06710,372
MAURAN,31220,372
MAUREMONT,31290,372
MAURENS,31540,372
MAURESSAC,31190,372
MAUREVILLE,31460,372
MAUVAISIN,31190,372
MAUVEZIN,31230,372
MAUZAC,31410,372
MAYREGNE,31110,372
MAZERES SUR SALAT,31260,372
MELLES,31440,372
MENTON,06500,372
MENVILLE,31530,372
MERENVIELLE,31530,372
MERVILLA,31320,372
MERVILLE,31330,372
MILHAS,31160,372
MIRAMONT DE COMMINGES,31800,372
MIREMONT,31190,372
MIREPOIX SUR TARN,31340,372
MOLAS,31230,372
MONCAUP,31160,372
MONDAVEZAN,31220,372
MONDILHAN,31350,372
MONDONVILLE,31700,372
MONDOUZIL,31850,372
MONES,31370,372
MONESTROL,31560,372
MONT DE GALIE,31510,372
MONTAIGUT SUR SAVE,31530,372
MONTASTRUC DE SALIES,31160,372
MONTASTRUC LA CONSEILLERE,31380,372
MONTASTRUC SAVES,31370,372
MONTAUBAN DE LUCHON,31110,372
MONTBERAUD,31220,372
MONTBERNARD,31230,372
MONTBERON,31140,372
MONTBRUN BOCAGE,31310,372
MONTBRUN LAURAGAIS,31450,372
MONTCLAR DE COMMINGES,31220,372
MONTCLAR LAURAGAIS,31290,372
MONTEGUT BOURJAC,31430,372
MONTEGUT LAURAGAIS,31540,372
MONTESPAN,31260,372
MONTESQUIEU GUITTAUT,31230,372
MONTESQUIEU LAURAGAIS,31450,372
MONTESQUIEU VOLVESTRE,31310,372
MONTGAILLARD DE SALIES,31260,372
MONTGAILLARD LAURAGAIS,31290,372
MONTGAILLARD SUR SAVE,31350,372
MONTGAZIN,31410,372
MONTGEARD,31560,372
MONTGISCARD,31450,372
MONTGRAS,31370,372
MONTJOIRE,31380,372
MONTMAURIN,31350,372
MONTOULIEU ST BERNARD,31420,372
MONTOUSSIN,31430,372
MONTPITOL,31380,372
MONTRABE,31850,372
MONTREJEAU,31210,372
MONTSAUNES,31260,372
MOUANS SARTOUX,06370,372
MOUGINS,06250,372
MOULINET,06380,372
MOURVILLES BASSES,31460,372
MOURVILLES HAUTES,31540,372
MOUSTAJON,31110,372
MURET,31600,372
NAILLOUX,31560,372
NENIGAN,31350,372
NIZAN GESSE,31350,372
NOE,31410,372
NOGARET,31540,372
NOUEILLES,31450,372
ODARS,31450,372
ONDES,31330,372
OO,31110,372
OPIO,06650,372
ORE,31510,372
PALAMINY,31220,372
PAYSSOUS,31510,372
PECHABOU,31320,372
PECHBONNIEU,31140,372
PECHBUSQUE,31320,372
PEGOMAS,06580,372
PEGUILHAN,31350,372
PEILLE,06440,372
PEILLON,06440,372
PELLEPORT,31480,372
PEONE,06470,372
PEYMEINADE,06530,372
PEYRISSAS,31420,372
PEYROUZET,31420,372
PEYSSIES,31390,372
PIBRAC,31820,372
PIERLAS,06260,372
PIERREFEU,06910,372
PIN BALMA,31130,372
PINS JUSTARET,31860,372
PINSAGUEL,31120,372
PLAGNOLE,31370,372
PLAISANCE DU TOUCH,31830,372
POINTIS DE RIVIERE,31210,372
POINTIS INARD,31800,372
POLASTRON,31430,372
POMPERTUZAT,31450,372
PONLAT TAILLEBOURG,31210,372
PORTET D ASPET,31160,372
PORTET DE LUCHON,31110,372
PORTET SUR GARONNE,31120,372
POUBEAU,31110,372
POUCHARRAMET,31370,372
POUY DE TOUGES,31430,372
POUZE,31450,372
PRESERVILLE,31570,372
PROUPIARY,31360,372
PUGET ROSTANG,06260,372
PUGET THENIERS,06260,372
PUYDANIEL,31190,372
PUYMAURIN,31230,372
PUYSSEGUR,31480,372
QUINT FONSEGRIVES,31130,372
RAMONVILLE ST AGNE,31520,372
RAZECUEILLE,31160,372
REBIGUE,31320,372
REGADES,31800,372
REVEL,31250,372
REVEST LES ROCHES,06830,372
RIEUCAZE,31800,372
RIEUMAJOU,31290,372
RIEUMES,31370,372
RIEUX VOLVESTRE,31310,372
RIGAUD,06260,372
RIMPLAS,06420,372
RIOLAS,31230,372
ROQUEBILLIERE,06450,372
ROQUEBRUNE CAP MARTIN,06190,372
ROQUEFORT LES PINS,06330,372
ROQUEFORT SUR GARONNE,31360,372
ROQUES,31120,372
ROQUESERIERE,31380,372
ROQUESTERON,06910,372
ROQUETTES,31120,372
ROUBION,06420,372
ROUEDE,31160,372
ROUFFIAC TOLOSAN,31180,372
ROUMENS,31540,372
ROURE,06420,372
SABONNERES,31370,372
SACCOURVIELLE,31110,372
SAIGUEDE,31470,372
SAJAS,31370,372
SALEICH,31260,372
SALHERM,31230,372
SALIES DU SALAT,31260,372
SALLAGRIFFON,06910,372
SALLES ET PRATVIEL,31110,372
SALLES SUR GARONNE,31390,372
SAMAN,31350,372
SAMOUILLAN,31420,372
SANA,31220,372
SAORGE,06540,372
SARRECAVE,31350,372
SARREMEZAN,31350,372
SAUBENS,31600,372
SAUSSENS,31460,372
SAUVETERRE DE COMMINGES,31510,372
SAUX ET POMAREDE,31800,372
SAUZE,06470,372
SAVARTHES,31800,372
SAVERES,31370,372
SEDEILHAC,31580,372
SEGREVILLE,31460,372
SEILH,31840,372
SEILHAN,31510,372
SENARENS,31430,372
SENGOUAGNET,31160,372
SEPX,31360,372
SERANON,06750,372
SEYRE,31560,372
SEYSSES,31600,372
SIGALE,06910,372
SIGNAC,31440,372
SODE,31110,372
SOSPEL,06380,372
SOUEICH,31160,372
SPERACEDES,06530,372
ST ANDRE,31420,372
ST ANDRE DE LA ROCHE,06730,372
ST ANTONIN,06260,372
ST ARAILLE,31430,372
ST AUBAN,06850,372
ST AVENTIN,31110,372
ST BEAT LEZ,31440,372
ST BERTRAND DE COMMINGES,31510,372
ST BLAISE,06670,372
ST CEZAIRE SUR SIAGNE,06530,372
ST CEZERT,31330,372
ST CHRISTAUD,31310,372
ST CLAR DE RIVIERE,31600,372
ST DALMAS LE SELVAGE,06660,372
ST ELIX LE CHATEAU,31430,372
ST ELIX SEGLAN,31420,372
ST ETIENNE DE TINEE,06660,372
ST FELIX LAURAGAIS,31540,372
ST FERREOL DE COMMINGES,31350,372
ST FRAJOU,31230,372
ST GAUDENS,31800,372
ST GENIES BELLEVUE,31180,372
ST GERMIER,31290,372
ST IGNAN,31800,372
ST JEAN,31240,372
ST JEAN CAP FERRAT,06230,372
ST JEAN LHERM,31380,372
ST JORY,31790,372
ST JULIA,31540,372
ST JULIEN SUR GARONNE,31220,372
ST LARY BOUJEAN,31350,372
ST LAURENT DU VAR,06700,372
ST LEGER,06260,372
ST LOUP CAMMAS,31140,372
ST LOUP EN COMMINGES,31350,372
ST LYS,31470,372
ST MAMET,31110,372
ST MARCEL PAULEL,31590,372
ST MARCET,31800,372
ST MARTIN D ENTRAUNES,06470,372
ST MARTIN DU VAR,06670,372
ST MARTIN VESUBIE,06450,372
ST MARTORY,31360,372
ST ORENS DE GAMEVILLE,31650,372
ST PAUL D OUEIL,31110,372
ST PAUL DE VENCE,06570,372
ST PAUL SUR SAVE,31530,372
ST PE D ARDET,31510,372
ST PE DELBOSC,31350,372
ST PIERRE,06260,372
ST PIERRE DE LAGES,31570,372
ST PLANCARD,31580,372
ST ROME,31290,372
ST RUSTICE,31620,372
ST SAUVEUR SUR TINEE,06420,372
ST SULPICE SUR LEZE,31410,372
ST VALLIER DE THIEY,06460,372
ST VINCENT,31290,372
STE AGNES,06500,372
STE FOY D AIGREFEUILLE,31570,372
STE FOY DE PEYROLIERES,31470,372
STE LIVRADE,31530,372
TARABEL,31570,372
TENDE,06430,372
TERREBASSE,31420,372
THEOULE SUR MER,06590,372
THIERY,06710,372
TOUDON,06830,372
TOUET DE L ESCARENE,06440,372
TOUET SUR VAR,06710,372
TOUILLE,31260,372
TOURETTE DU CHATEAU,06830,372
TOURNEFEUILLE,31170,372
TOURNEFORT,06420,372
TOURRETTE LEVENS,06690,372
TOURRETTES SUR LOUP,06140,372
TOUTENS,31460,372
TREBONS DE LUCHON,31110,372
TREBONS SUR LA GRASSE,31290,372
URAU,31260,372
UTELLE,06450,372
VACQUIERS,31340,372
VALBONNE,06560,372
VALCABRERE,31510,372
VALDEBLORE,06420,372
VALDEROURE,06750,372
VALENTINE,31800,372
VALLAURIS,06220,372
VALLEGUE,31290,372
VALLESVILLES,31570,372
VAUDREUILLE,31250,372
VENANSON,06450,372
VENCE,06140,372
VENDINE,31460,372
VENERQUE,31810,372
VERFEIL,31590,372
VERNET,31810,372
VIEILLE TOULOUSE,31320,372
VIEILLEVIGNE,31290,372
VIGNAUX,31480,372
VIGOULET AUZIL,31320,372
VILLARIES,31380,372
VILLARS SUR VAR,06710,372
VILLATE,31860,372
VILLAUDRIC,31620,372
VILLEFRANCHE DE LAURAGAIS,31290,372
VILLEFRANCHE SUR MER,06230,372
VILLEMATIER,31340,372
VILLEMUR SUR TARN,31340,372
VILLENEUVE D ENTRAUNES,06470,372
VILLENEUVE DE RIVIERE,31800,372
VILLENEUVE LECUSSAN,31580,372
VILLENEUVE LES BOULOC,31620,372
VILLENEUVE LOUBET,06270,372
VILLENEUVE TOLOSANE,31270,372
VILLENOUVELLE,31290,372
VITRY SUR SEINE,94400,372
ABBARETZ,44170,358
AIGREFEUILLE SUR MAINE,44140,358
ANCENIS ST GEREON,44150,358
ASSERAC,44410,358
AVESSAC,44460,358
BASSE GOULAINE,44115,358
BATZ SUR MER,44740,358
BESNE,44160,358
BLAIN,44130,358
BOUAYE,44830,358
BOUEE,44260,358
BOUGUENAIS,44340,358
BOUVRON,44130,358
BRAINS,44830,358
CAMPBON,44750,358
CARQUEFOU,44470,358
CASSON,44390,358
CHATEAU THEBAUD,44690,358
CHATEAUBRIANT,44110,358
CHAUMES EN RETZ,44320,358
CHAUVE,44320,358
CHEIX EN RETZ,44640,358
CLISSON,44190,358
CONQUEREUIL,44290,358
CORCOUE SUR LOGNE,44650,358
CORDEMAIS,44360,358
CORSEPT,44560,358
COUERON,44220,358
COUFFE,44521,358
CROSSAC,44160,358
DERVAL,44590,358
DIVATTE SUR LOIRE,44450,358
DONGES,44480,358
DREFFEAC,44530,358
ERBRAY,44110,358
FAY DE BRETAGNE,44130,358
FEGREAC,44460,358
FERCE,44660,358
FROSSAY,44320,358
GENESTON,44140,358
GETIGNE,44190,358
GORGES,44190,358
GRAND AUVERNE,44520,358
GRANDCHAMP DES FONTAINES,44119,358
GUEMENE PENFAO,44290,358
GUENROUET,44530,358
GUERANDE,44350,358
HAUTE GOULAINE,44115,358
HERBIGNAC,44410,358
HERIC,44810,358
INDRE,44610,358
ISSE,44520,358
JANS,44170,358
JOUE SUR ERDRE,44440,358
JUIGNE DES MOUTIERS,44670,358
LA BAULE ESCOUBLAC,44500,358
LA BERNERIE EN RETZ,44760,358
LA BOISSIERE DU DORE,44430,358
LA CHAPELLE DES MARAIS,44410,358
LA CHAPELLE GLAIN,44670,358
LA CHAPELLE HEULIN,44330,358
LA CHAPELLE LAUNAY,44260,358
LA CHAPELLE SUR ERDRE,44240,358
LA CHEVALLERAIS,44810,358
LA CHEVROLIERE,44118,358
LA GRIGONNAIS,44170,358
LA HAIE FOUASSIERE,44690,358
LA LIMOUZINIERE,44310,358
LA MARNE,44270,358
LA MEILLERAYE DE BRETAGNE,44520,358
LA MONTAGNE,44620,358
LA PLAINE SUR MER,44770,358
LA PLANCHE,44140,358
LA REGRIPPIERE,44330,358
LA REMAUDIERE,44430,358
LA ROCHE BLANCHE,44522,358
LA TURBALLE,44420,358
LAVAU SUR LOIRE,44260,358
LE BIGNON,44140,358
LE CELLIER,44850,358
LE CROISIC,44490,358
LE GAVRE,44130,358
LE LANDREAU,44430,358
LE LOROUX BOTTEREAU,44430,358
LE PALLET,44330,358
LE PELLERIN,44640,358
LE POULIGUEN,44510,358
LE TEMPLE DE BRETAGNE,44360,358
LES MOUTIERS EN RETZ,44760,358
LES SORINIERES,44840,358
LES TOUCHES,44390,358
LOIREAUXENCE,44370,358
LOUISFERT,44110,358
LUSANGER,44590,358
MACHECOUL ST MEME,44270,358
MAISDON SUR SEVRE,44690,358
MALVILLE,44260,358
MARSAC SUR DON,44170,358
MASSERAC,44290,358
MAUVES SUR LOIRE,44470,358
MESANGER,44522,358
MESQUER,44420,358
MISSILLAC,44780,358
MOISDON LA RIVIERE,44520,358
MONTBERT,44140,358
MONTOIR DE BRETAGNE,44550,358
MONTRELAIS,44370,358
MOUAIS,44590,358
MOUZEIL,44850,358
MOUZILLON,44330,358
NORT SUR ERDRE,44390,358
NOTRE DAME DES LANDES,44130,358
NOYAL SUR BRUTZ,44110,358
ORVAULT,44700,358
OUDON,44521,358
PAIMBOEUF,44560,358
PANNECE,44440,358
PAULX,44270,358
PETIT AUVERNE,44670,358
PETIT MARS,44390,358
PIERRIC,44290,358
PIRIAC SUR MER,44420,358
PLESSE,44630,358
PONT ST MARTIN,44860,358
PONTCHATEAU,44160,358
PORNIC,44210,358
PORNICHET,44380,358
PORT ST PERE,44710,358
POUILLE LES COTEAUX,44522,358
PREFAILLES,44770,358
PRINQUIAU,44260,358
PUCEUL,44390,358
REMOUILLE,44140,358
REZE,44400,358
RIAILLE,44440,358
ROUANS,44640,358
ROUGE,44660,358
RUFFIGNE,44660,358
SAFFRE,44390,358
SAUTRON,44880,358
SAVENAY,44260,358
SEVERAC,44530,358
SION LES MINES,44590,358
SOUDAN,44110,358
SOULVACHE,44660,358
ST AIGNAN GRANDLIEU,44860,358
ST AUBIN DES CHATEAUX,44110,358
ST BREVIN LES PINS,44250,358
ST COLOMBAN,44310,358
ST ETIENNE DE MER MORTE,44270,358
ST ETIENNE DE MONTLUC,44360,358
ST FIACRE SUR MAINE,44690,358
ST GILDAS DES BOIS,44530,358
ST HERBLAIN,44800,358
ST HILAIRE DE CHALEONS,44680,358
ST HILAIRE DE CLISSON,44190,358
ST JEAN DE BOISEAU,44640,358
ST JOACHIM,44720,358
ST JULIEN DE CONCELLES,44450,358
ST JULIEN DE VOUVANTES,44670,358
ST LEGER LES VIGNES,44710,358
ST LUMINE DE CLISSON,44190,358
ST LUMINE DE COUTAIS,44310,358
ST LYPHARD,44410,358
ST MALO DE GUERSAC,44550,358
ST MARS DE COUTAIS,44680,358
ST MARS DU DESERT,44850,358
ST MICHEL CHEF CHEF,44730,358
ST MOLF,44350,358
ST NICOLAS DE REDON,44460,358
ST PERE EN RETZ,44320,358
ST PHILBERT DE GRAND LIEU,44310,358
ST SEBASTIEN SUR LOIRE,44230,358
ST VIAUD,44320,358
ST VINCENT DES LANDES,44590,358
STE ANNE SUR BRIVET,44160,358
STE LUCE SUR LOIRE,44980,358
STE PAZANNE,44680,358
STE REINE DE BRETAGNE,44160,358
SUCE SUR ERDRE,44240,358
TEILLE,44440,358
THOUARE SUR LOIRE,44470,358
TOUVOIS,44650,358
TRANS SUR ERDRE,44440,358
TREFFIEUX,44170,358
TREILLIERES,44119,358
TRIGNAC,44570,358
VAIR SUR LOIRE,44150,358
VALLET,44330,358
VALLONS DE L ERDRE,44540,358
VAY,44170,358
VERTOU,44120,358
VIGNEUX DE BRETAGNE,44360,358
VILLENEUVE EN RETZ,44580,358
VILLEPOT,44110,358
VUE,44640,358
ABEILHAN,34290,344
ADISSAN,34230,344
AGDE,34300,344
AGEL,34210,344
AGONES,34190,344
AIGNE,34210,344
AIX EN PROVENCE,13080,344
ALIGNAN DU VENT,34290,344
ALLAUCH,13190,344
ALLEINS,13980,344
ANIANE,34150,344
ARBORAS,34150,344
ARGELLIERS,34380,344
ARLES,13104,344
ASPIRAN,34800,344
ASSAS,34820,344
ASSIGNAN,34360,344
AUBAGNE,13400,344
AUMELAS,34230,344
AUMES,34530,344
AUREILLE,13930,344
AURIOL,13390,344
AURONS,13121,344
AUTIGNAC,34480,344
AVENE,34260,344
AZILLANET,34210,344
BABEAU BOULDOUX,34360,344
BAILLARGUES,34670,344
BALARUC LE VIEUX,34540,344
BALARUC LES BAINS,34540,344
BARBENTANE,13570,344
BASSAN,34290,344
BEDARIEUX,34600,344
BELARGA,34230,344
BELCODENE,13720,344
BERLOU,34360,344
BERRE L ETANG,13130,344
BESSAN,34550,344
BEZIERS,34500,344
BOISSERON,34160,344
BOUC BEL AIR,13320,344
BOUJAN SUR LIBRON,34760,344
BOULBON,13150,344
BOUZIGUES,34140,344
BRENAS,34650,344
BRIGNAC,34800,344
BRISSAC,34190,344
BUZIGNARGUES,34160,344
CABANNES,13440,344
CABREROLLES,34480,344
CABRIES,13480,344
CADOLIVE,13950,344
CAMBON ET SALVERGUES,34330,344
CAMPAGNAN,34230,344
CAMPLONG,34260,344
CANDILLARGUES,34130,344
CAPESTANG,34310,344
CARLENCAS ET LEVAS,34600,344
CARNOUX EN PROVENCE,13470,344
CARRY LE ROUET,13620,344
CASSIS,13260,344
CASTANET LE HAUT,34610,344
CASTELNAU DE GUERS,34120,344
CASTELNAU LE LEZ,34170,344
CASTRIES,34160,344
CAUSSE DE LA SELLE,34380,344
CAUSSES ET VEYRAN,34490,344
CAUSSINIOJOULS,34600,344
CAUX,34720,344
CAZEDARNES,34460,344
CAZEVIEILLE,34270,344
CAZOULS D HERAULT,34120,344
CAZOULS LES BEZIERS,34370,344
CEBAZAN,34360,344
CEILHES ET ROCOZELS,34260,344
CERS,34420,344
CESSENON SUR ORB,34460,344
CESSERAS,34210,344
CEYRAS,34800,344
CEYRESTE,13600,344
CHARLEVAL,13350,344
CHATEAUNEUF LE ROUGE,13790,344
CHATEAUNEUF LES MARTIGUES,13220,344
CHATEAURENARD,13160,344
CLAPIERS,34830,344
CLERMONT L HERAULT,34800,344
COLOMBIERES SUR ORB,34390,344
COMBAILLAUX,34980,344
COMBES,34240,344
CORNEILHAN,34490,344
CORNILLON CONFOUX,13250,344
COUDOUX,13111,344
COULOBRES,34290,344
COURNIOU,34220,344
COURNONSEC,34660,344
COURNONTERRAL,34660,344
CREISSAN,34370,344
CRUZY,34310,344
CUGES LES PINS,13780,344
EGUILLES,13510,344
ENSUES LA REDONNE,13820,344
ENTRE VIGNES,34400,344
ESPONDEILHAN,34290,344
EYGALIERES,13810,344
EYGUIERES,13430,344
EYRAGUES,13630,344
FABREGUES,34690,344
FELINES MINERVOIS,34210,344
FERRALS LES MONTAGNES,34210,344
FERRIERES LES VERRERIES,34190,344
FERRIERES POUSSAROU,34360,344
FLORENSAC,34510,344
FONTES,34320,344
FONTVIEILLE,13990,344
FOS SUR MER,13270,344
FOUZILHON,34480,344
FOZIERES,34700,344
FRAISSE SUR AGOUT,34330,344
FRONTIGNAN,34110,344
FUVEAU,13710,344
GABIAN,34320,344
GALARGUES,34160,344
GANGES,34190,344
GARDANNE,13120,344
GARRIGUES,34160,344
GEMENOS,13420,344
GIGEAN,34770,344
GIGNAC,34150,344
GIGNAC LA NERTHE,13180,344
GORNIES,34190,344
GRABELS,34790,344
GRAISSESSAC,34260,344
GRANS,13450,344
GRAVESON,13690,344
GREASQUE,13850,344
GUZARGUES,34820,344
HEREPIAN,34600,344
ISTRES,13118,344
JACOU,34830,344
JONCELS,34650,344
JOUQUES,13490,344
JUVIGNAC,34990,344
LA BARBEN,13330,344
LA BOUILLADISSE,13720,344
LA CAUNETTE,34210,344
LA CIOTAT,13600,344
LA DESTROUSSE,13112,344
LA FARE LES OLIVIERS,13580,344
LA GRANDE MOTTE,34280,344
LA LIVINIERE,34210,344
LA PENNE SUR HUVEAUNE,13821,344
LA ROQUE D ANTHERON,13640,344
LA SALVETAT SUR AGOUT,34330,344
LA TOUR SUR ORB,34260,344
LA VACQUERIE ET ST MARTIN DE CASTRIES,34520,344
LACOSTE,34800,344
LAGAMAS,34150,344
LAMALOU LES BAINS,34240,344
LAMANON,13113,344
LAMBESC,13410,344
LANCON PROVENCE,13680,344
LANSARGUES,34130,344
LATTES,34970,344
LAURENS,34480,344
LAURET,34270,344
LAUROUX,34700,344
LAVERUNE,34880,344
LE BOUSQUET D ORB,34260,344
LE CAYLAR,34520,344
LE CRES,34920,344
LE CROS,34520,344
LE POUGET,34230,344
LE POUJOL SUR ORB,34600,344
LE PRADAL,34600,344
LE PUECH,34700,344
LE PUY STE REPARADE,13610,344
LE ROVE,13740,344
LE SOULIE,34330,344
LE TRIADOU,34270,344
LES AIRES,34600,344
LES BAUX DE PROVENCE,13520,344
LES MATELLES,34270,344
LES PENNES MIRABEAU,13170,344
LES RIVES,34520,344
LESPIGNAN,34710,344
LEZIGNAN LA CEBE,34120,344
LIAUSSON,34800,344
LIEURAN CABRIERES,34800,344
LIEURAN LES BEZIERS,34290,344
LIGNAN SUR ORB,34490,344
LODEVE,34700,344
LOUPIAN,34140,344
LUNAS LES CHATEAUX,34650,344
LUNEL,34400,344
LUNEL VIEL,34400,344
MAGALAS,34480,344
MAILLANE,13910,344
MALLEMORT,13370,344
MARAUSSAN,34370,344
MARGON,34320,344
MARIGNANE,13700,344
MARSILLARGUES,34590,344
MARTIGUES,13117,344
MAS BLANC DES ALPILLES,13103,344
MAS DE LONDRES,34380,344
MAUGUIO,34130,344
MAUREILHAN,34370,344
MAUSSANE LES ALPILLES,13520,344
MERIFONS,34800,344
MEYRARGUES,13650,344
MEYREUIL,13590,344
MEZE,34140,344
MIMET,13105,344
MINERVE,34210,344
MIRAMAS,13140,344
MIREVAL,34110,344
MOLLEGES,13940,344
MONTADY,34310,344
MONTARNAUD,34570,344
MONTAUD,34160,344
MONTBAZIN,34560,344
MONTBLANC,34290,344
MONTESQUIEU,34320,344
MONTFERRIER SUR LEZ,34980,344
MONTOULIERS,34310,344
MOULES ET BAUCELS,34190,344
MOUREZE,34800,344
MOURIES,13890,344
MUDAISON,34130,344
MURLES,34980,344
MURVIEL LES BEZIERS,34490,344
MURVIEL LES MONTPELLIER,34570,344
NEBIAN,34800,344
NEFFIES,34320,344
NEZIGNAN L EVEQUE,34120,344
NISSAN LEZ ENSERUNE,34440,344
NOTRE DAME DE LONDRES,34380,344
NOVES,13550,344
OCTON,34800,344
OLARGUES,34390,344
OLMET ET VILLECUN,34700,344
OLONZAC,34210,344
ORGON,13660,344
OUPIA,34210,344
PALAVAS LES FLOTS,34250,344
PARADOU,13520,344
PARDAILHAN,34360,344
PAULHAN,34230,344
PEGAIROLLES DE BUEGES,34380,344
PEGAIROLLES DE L ESCALETTE,34700,344
PELISSANNE,13330,344
PERET,34800,344
PEROLS,34470,344
PEYNIER,13790,344
PEYPIN,13124,344
PEYROLLES EN PROVENCE,13860,344
PEZENAS,34120,344
PEZENES LES MINES,34600,344
PIGNAN,34570,344
PINET,34850,344
PLAISSAN,34230,344
PLAN D ORGON,13750,344
PLAN DE CUQUES,13380,344
POILHES,34310,344
POMEROLS,34810,344
POPIAN,34230,344
PORT DE BOUC,13110,344
PORT ST LOUIS DU RHONE,13230,344
PORTIRAGNES,34420,344
POUJOLS,34700,344
POUSSAN,34560,344
POUZOLLES,34480,344
POUZOLS,34230,344
PRADES LE LEZ,34730,344
PRADES SUR VERNAZOBRE,34360,344
PREMIAN,34390,344
PUECHABON,34150,344
PUILACHER,34230,344
PUIMISSON,34480,344
PUISSALICON,34480,344
PUISSERGUIER,34620,344
PUYLOUBIER,13114,344
QUARANTE,34310,344
RESTINCLIERES,34160,344
RIBOUX,13780,344
RIEUSSEC,34220,344
RIOLS,34220,344
ROGNAC,13340,344
ROGNES,13840,344
ROGNONAS,13870,344
ROMIGUIERES,34650,344
ROQUEBRUN,34460,344
ROQUEFORT LA BEDOULE,13830,344
ROQUEREDONDE,34650,344
ROQUESSELS,34320,344
ROQUEVAIRE,13360,344
ROSIS,34610,344
ROUET,34380,344
ROUJAN,34320,344
ROUSSET,13790,344
SAINTES MARIES DE LA MER,13460,344
SALASC,34800,344
SALON DE PROVENCE,13300,344
SATURARGUES,34400,344
SAUSSAN,34570,344
SAUSSET LES PINS,13960,344
SAUSSINES,34160,344
SAUTEYRARGUES,34270,344
SAUVIAN,34410,344
SENAS,13560,344
SEPTEMES LES VALLONS,13240,344
SERIGNAN,34410,344
SERVIAN,34290,344
SETE,34200,344
SIMIANE COLLONGUE,13109,344
SORBS,34520,344
SOUBES,34700,344
SOUMONT,34700,344
ST ANDIOL,13670,344
ST ANDRE DE BUEGES,34190,344
ST ANDRE DE SANGONIS,34725,344
ST AUNES,34130,344
ST BAUZILLE DE LA SYLVE,34230,344
ST BAUZILLE DE MONTMEL,34160,344
ST BAUZILLE DE PUTOIS,34190,344
ST CANNAT,13760,344
ST CHAMAS,13250,344
ST CHINIAN,34360,344
ST CLEMENT DE RIVIERE,34980,344
ST DREZERY,34160,344
ST ESTEVE JANSON,13610,344
ST ETIENNE D ALBAGNAN,34390,344
ST ETIENNE DE GOURGAS,34700,344
ST ETIENNE DU GRES,13103,344
ST ETIENNE ESTRECHOUX,34260,344
ST FELIX DE L HERAS,34520,344
ST FELIX DE LODEZ,34725,344
ST GELY DU FESC,34980,344
ST GENIES DE FONTEDIT,34480,344
ST GENIES DE VARENSAL,34610,344
ST GENIES DES MOURGUES,34160,344
ST GEORGES D ORQUES,34680,344
ST GERVAIS SUR MARE,34610,344
ST GUILHEM LE DESERT,34150,344
ST GUIRAUD,34725,344
ST HILAIRE DE BEAUVOIR,34160,344
ST JEAN DE BUEGES,34380,344
ST JEAN DE CORNIES,34160,344
ST JEAN DE CUCULLES,34270,344
ST JEAN DE FOS,34150,344
ST JEAN DE LA BLAQUIERE,34700,344
ST JEAN DE MINERVOIS,34360,344
ST JEAN DE VEDAS,34430,344
ST MARTIN DE CRAU,13310,344
ST MARTIN DE L ARCON,34390,344
ST MARTIN DE LONDRES,34380,344
ST MATHIEU DE TREVIERS,34270,344
ST MAURICE NAVACELLES,34190,344
ST MITRE LES REMPARTS,13920,344
ST NAZAIRE DE LADAREZ,34490,344
ST NAZAIRE DE PEZAN,34400,344
ST PARGOIRE,34230,344
ST PAUL ET VALMALLE,34570,344
ST PAUL LES DURANCE,13115,344
ST PIERRE DE LA FAGE,34520,344
ST PIERRE DE MEZOARGUES,13150,344
ST PONS DE MAUCHIENS,34230,344
ST PONS DE THOMIERES,34220,344
ST REMY DE PROVENCE,13210,344
ST SATURNIN DE LUCIAN,34725,344
ST SAVOURNIN,13119,344
ST SERIES,34400,344
ST THIBERY,34630,344
ST VICTORET,13730,344
ST VINCENT D OLARGUES,34390,344
ST VINCENT DE BARBEYRARGUES,34730,344
STE CROIX DE QUINTILLARGUES,34270,344
SUSSARGUES,34160,344
TARASCON,13150,344
TAUSSAC LA BILLIERE,34600,344
TEYRAN,34820,344
THEZAN LES BEZIERS,34490,344
TOURBES,34120,344
TRESSAN,34230,344
TRETS,13530,344
USCLAS D HERAULT,34230,344
USCLAS DU BOSC,34700,344
VACQUIERES,34270,344
VAILHAN,34320,344
VAILHAUQUES,34570,344
VALERGUES,34130,344
VALFLAUNES,34270,344
VALMASCLE,34800,344
VALRAS PLAGE,34350,344
VALROS,34290,344
VAUVENARGUES,13126,344
VELAUX,13880,344
VELIEUX,34220,344
VENDARGUES,34740,344
VENDEMIAN,34230,344
VENDRES,34350,344
VENELLES,13770,344
VENTABREN,13122,344
VERNEGUES,13116,344
VERQUIERES,13670,344
VERRERIES DE MOUSSANS,34220,344
VIAS,34450,344
VIC LA GARDIOLE,34110,344
VIEUSSAN,34390,344
VILLEMAGNE L ARGENTIERE,34600,344
VILLENEUVE LES BEZIERS,34420,344
VILLENEUVE LES MAGUELONE,34750,344
VILLENEUVETTE,34800,344
VILLESPASSANS,34360,344
VILLETELLE,34400,344
VILLEVEYRAC,34560,344
VIOLS EN LAVAL,34380,344
VIOLS LE FORT,34380,344
ACIGNE,35690,329
AMANLIS,35150,329
ANDOUILLE NEUVILLE,35250,329
ARBRISSEL,35130,329
ARGENTRE DU PLESSIS,35370,329
AUBIGNE,35250,329
AVAILLES SUR SEICHE,35130,329
BAGUER MORVAN,35120,329
BAGUER PICAN,35120,329
BAIN DE BRETAGNE,35470,329
BAINS SUR OUST,35600,329
BAIS,35680,329
BALAZE,35500,329
BAULON,35580,329
BAZOUGES LA PEROUSE,35560,329
BEAUCE,35133,329
BECHEREL,35190,329
BEDEE,35137,329
BETTON,35830,329
BILLE,35133,329
BLERUAIS,35750,329
BOISGERVILLY,35360,329
BOISTRUDAN,35150,329
BONNEMAIN,35270,329
BOURG DES COMPTES,35890,329
BOURGBARRE,35230,329
BOVEL,35330,329
BREAL SOUS MONTFORT,35310,329
BREAL SOUS VITRE,35370,329
BRECE,35530,329
BRETEIL,35160,329
BRIELLES,35370,329
BROUALAN,35120,329
BRUC SUR AFF,35550,329
BRUZ,35170,329
CANCALE,35260,329
CARDROC,35190,329
CESSON SEVIGNE,35510,329
CHAMPEAUX,35500,329
CHANTELOUP,35150,329
CHANTEPIE,35135,329
CHARTRES DE BRETAGNE,35131,329
CHASNE SUR ILLET,35250,329
CHATEAUGIRON,35410,329
CHATEAUNEUF D ILLE ET VILAINE,35430,329
CHATILLON EN VENDELAIS,35210,329
CHAUVIGNE,35490,329
CHAVAGNE,35310,329
CHELUN,35640,329
CHERRUEIX,35120,329
CHEVAIGNE,35250,329
CINTRE,35310,329
CLAYES,35590,329
COESMES,35134,329
COMBLESSAC,35330,329
COMBOURG,35270,329
COMBOURTILLE,35210,329
CORPS NUDS,35150,329
CREVIN,35320,329
CUGUEN,35270,329
DINARD,35800,329
DINGE,35440,329
DOL DE BRETAGNE,35120,329
DOMAGNE,35113,329
DOMALAIN,35680,329
DOMLOUP,35410,329
DOURDAIN,35450,329
DROUGES,35130,329
EANCE,35640,329
EPINIAC,35120,329
ERBREE,35500,329
ERCE EN LAMEE,35620,329
ERCE PRES LIFFRE,35340,329
ETRELLES,35370,329
FEINS,35440,329
FORGES LA FORET,35640,329
FOUGERES,35300,329
GAEL,35290,329
GAHARD,35490,329
GENNES SUR SEICHE,35370,329
GEVEZE,35850,329
GOSNE,35140,329
GOVEN,35580,329
GRAND FOUGERAY,35390,329
GUICHEN,35580,329
GUIGNEN,35580,329
GUIPEL,35440,329
GUIPRY MESSAC,35480,329
HEDE BAZOUGES,35630,329
HIREL,35120,329
IFFENDIC,35750,329
IRODOUER,35850,329
JANZE,35150,329
JAVENE,35133,329
L HERMITAGE,35590,329
LA BAUSSAINE,35190,329
LA BAZOUGE DU DESERT,35420,329
LA BOSSE DE BRETAGNE,35320,329
LA BOUEXIERE,35340,329
LA BOUSSAC,35120,329
LA CHAPELLE AUX FILTZMEENS,35190,329
LA CHAPELLE BOUEXIC,35330,329
LA CHAPELLE CHAUSSEE,35630,329
LA CHAPELLE DE BRAIN,35660,329
LA CHAPELLE DES FOUGERETZ,35520,329
LA CHAPELLE DU LOU DU LAC,35360,329
LA CHAPELLE ERBREE,35500,329
LA CHAPELLE FLEURIGNE,35133,329
LA CHAPELLE ST AUBERT,35140,329
LA CHAPELLE THOUARAULT,35590,329
LA COUYERE,35320,329
LA DOMINELAIS,35390,329
LA FRESNAIS,35111,329
LA GOUESNIERE,35350,329
LA GUERCHE DE BRETAGNE,35130,329
LA MEZIERE,35520,329
LA NOE BLANCHE,35470,329
LA NOUAYE,35137,329
LA RICHARDAIS,35780,329
LA SELLE EN LUITRE,35133,329
LA SELLE GUERCHAISE,35130,329
LA VILLE ES NONAIS,35430,329
LAIGNELET,35133,329
LAILLE,35890,329
LALLEU,35320,329
LANDAVRAN,35450,329
LANDEAN,35133,329
LANDUJAN,35360,329
LANGAN,35850,329
LANGOUET,35630,329
LANRIGAN,35270,329
LASSY,35580,329
LE CHATELLIER,35133,329
LE CROUAIS,35290,329
LE FERRE,35420,329
LE LOROUX,35133,329
LE MINIHIC SUR RANCE,35870,329
LE PERTRE,35370,329
LE PETIT FOUGERAY,35320,329
LE RHEU,35650,329
LE SEL DE BRETAGNE,35320,329
LE THEIL DE BRETAGNE,35240,329
LE TIERCENT,35460,329
LE TRONCHET,35540,329
LE VERGER,35160,329
LE VIVIER SUR MER,35960,329
LECOUSSE,35133,329
LES BRULAIS,35330,329
LES IFFS,35630,329
LES PORTES DU COGLAIS,35460,329
LIEURON,35550,329
LIFFRE,35340,329
LILLEMER,35111,329
LIVRE SUR CHANGEON,35450,329
LOHEAC,35550,329
LONGAULNAY,35190,329
LOURMAIS,35270,329
LOUTEHEL,35330,329
LOUVIGNE DE BAIS,35680,329
LOUVIGNE DU DESERT,35420,329
LUITRE DOMPIERRE,35133,329
MAEN ROCH,35460,329
MARCILLE RAOUL,35560,329
MARCILLE ROBERT,35240,329
MARPIRE,35220,329
MARTIGNE FERCHAUD,35640,329
MAXENT,35380,329
MECE,35450,329
MEDREAC,35360,329
MEILLAC,35270,329
MELESSE,35520,329
MELLE,35420,329
MERNEL,35330,329
MESNIL ROC H,35720,329
MEZIERES SUR COUESNON,35140,329
MINIAC MORVAN,35540,329
MINIAC SOUS BECHEREL,35190,329
MONDEVERT,35370,329
MONT DOL,35120,329
MONTAUBAN DE BRETAGNE,35360,329
MONTAUTOUR,35210,329
MONTERFIL,35160,329
MONTFORT SUR MEU,35160,329
MONTGERMONT,35760,329
MONTHAULT,35420,329
MONTREUIL DES LANDES,35210,329
MONTREUIL LE GAST,35520,329
MONTREUIL SOUS PEROUSE,35500,329
MONTREUIL SUR ILLE,35440,329
MORDELLES,35310,329
MOUAZE,35250,329
MOUSSE,35130,329
MOUTIERS,35130,329
MUEL,35290,329
NOUVOITOU,35410,329
NOYAL CHATILLON SUR SEICHE,35230,329
NOYAL SOUS BAZOUGES,35560,329
NOYAL SUR VILAINE,35530,329
ORGERES,35230,329
PACE,35740,329
PAIMPONT,35380,329
PANCE,35320,329
PARCE,35210,329
PARIGNE,35133,329
PARTHENAY DE BRETAGNE,35850,329
PIPRIAC,35550,329
PIRE CHANCE,35150,329
PLECHATEL,35470,329
PLEINE FOUGERES,35610,329
PLELAN LE GRAND,35380,329
PLERGUER,35540,329
PLESDER,35720,329
PLEUGUENEUC,35720,329
PLEUMELEUC,35137,329
PLEURTUIT,35730,329
POCE LES BOIS,35500,329
POILLEY,35420,329
POLIGNE,35320,329
PONT PEAN,35131,329
PRINCE,35210,329
QUEBRIAC,35190,329
QUEDILLAC,35290,329
RANNEE,35130,329
REDON,35600,329
RENAC,35660,329
RETIERS,35240,329
RIMOU,35560,329
RIVES DU COUESNON,35140,329
ROMAZY,35490,329
ROMILLE,35850,329
ROZ LANDRIEUX,35120,329
ROZ SUR COUESNON,35610,329
SAINS,35610,329
SENS DE BRETAGNE,35490,329
SERVON SUR VILAINE,35530,329
SIXT SUR AFF,35550,329
SOUGEAL,35610,329
ST ARMEL,35230,329
ST AUBIN D AUBIGNE,35250,329
ST AUBIN DES LANDES,35500,329
ST AUBIN DU CORMIER,35140,329
ST BENOIT DES ONDES,35114,329
ST BRIAC SUR MER,35800,329
ST BRIEUC DES IFFS,35630,329
ST BROLADRE,35120,329
ST CHRISTOPHE DE VALAINS,35140,329
ST CHRISTOPHE DES BOIS,35210,329
ST COULOMB,35350,329
ST DOMINEUC,35190,329
ST ERBLON,35230,329
ST GANTON,35550,329
ST GEORGES DE GREHAIGNE,35610,329
ST GEORGES DE REINTEMBAULT,35420,329
ST GERMAIN DU PINEL,35370,329
ST GERMAIN EN COGLES,35133,329
ST GERMAIN SUR ILLE,35250,329
ST GONDRAN,35630,329
ST GONLAY,35750,329
ST GREGOIRE,35760,329
ST GUINOUX,35430,329
ST HILAIRE DES LANDES,35140,329
ST JACQUES DE LA LANDE,35136,329
ST JEAN SUR VILAINE,35220,329
ST JOUAN DES GUERETS,35430,329
ST LEGER DES PRES,35270,329
ST LUNAIRE,35800,329
ST M HERVE,35500,329
ST MALO,35400,329
ST MALO DE PHILY,35480,329
ST MALON SUR MEL,35750,329
ST MARC LE BLANC,35460,329
ST MARCAN,35120,329
ST MAUGAN,35750,329
ST MEDARD SUR ILLE,35250,329
ST MEEN LE GRAND,35290,329
ST MELOIR DES ONDES,35350,329
ST ONEN LA CHAPELLE,35290,329
ST OUEN DES ALLEUX,35140,329
ST PERAN,35380,329
ST PERE MARC EN POULET,35430,329
ST PERN,35190,329
ST REMY DU PLAIN,35560,329
ST SAUVEUR DES LANDES,35133,329
ST SEGLIN,35330,329
ST SENOUX,35580,329
ST SULIAC,35430,329
ST SULPICE DES LANDES,35390,329
ST SULPICE LA FORET,35250,329
ST THUAL,35190,329
ST THURIAL,35310,329
ST UNIAC,35360,329
STE ANNE SUR VILAINE,35390,329
TAILLIS,35500,329
TALENSAC,35160,329
TEILLAY,35620,329
THORIGNE FOUILLARD,35235,329
THOURIE,35134,329
TINTENIAC,35190,329
TORCE,35370,329
TRANS LA FORET,35610,329
TREFFENDEL,35380,329
TREMEHEUC,35270,329
TRESBOEUF,35320,329
TREVERIEN,35190,329
TRIMER,35190,329
VAL COUESNON,35460,329
VAL D ANAST,35330,329
VAL D IZE,35450,329
VERGEAL,35680,329
VERN SUR SEICHE,35770,329
VEZIN LE COQUET,35132,329
VIEUX VIEL,35610,329
VIEUX VY SUR COUESNON,35490,329
VIGNOC,35630,329
VILLAMEE,35420,329
VISSEICHE,35130,329
VITRE,35500,329
AFA,20167,315
AGHIONE,20270,315
AGNIN,38150,315
AIGUINES,83630,315
AILLAS,33124,315
AITI,20244,315
ALANDO,20212,315
ALATA,20167,315
ALBERTACCE,20224,315
ALBITRECCIA,20128,315
ALERIA,20270,315
ALGAJOLA,20220,315
ALLEMOND,38114,315
ALLEVARD,38580,315
ALTAGENE,20112,315
ALTIANI,20251,315
ALZI,20212,315
AMBARES ET LAGRAVE,33440,315
AMBEL,38970,315
AMBES,33810,315
AMBIEGNA,20151,315
AMPRIANI,20272,315
AMPUS,83111,315
ANDERNOS LES BAINS,33510,315
ANGLADE,33390,315
ANJOU,38150,315
ANNOISIN CHATELANS,38460,315
ANTHON,38280,315
ANTISANTI,20270,315
ANTONY,92160,315
AOSTE,38490,315
APPIETTO,20167,315
APPRIEU,38140,315
ARANDON PASSINS,38510,315
ARBANATS,33640,315
ARBELLARA,20110,315
ARBORI,20160,315
ARCACHON,33120,315
ARCINS,33460,315
AREGNO,20220,315
ARES,33740,315
ARGIUSTA MORICCIO,20140,315
ARRO,20151,315
ARSAC,33460,315
ARTAS,38440,315
ARTIGNOSC SUR VERDON,83630,315
ARTIGUES PRES BORDEAUX,33370,315
ARVEYRES,33500,315
ASCO,20276,315
ASNIERES SUR SEINE,92600,315
ASQUES,33240,315
ASSIEU,38150,315
AUBERIVES EN ROYANS,38680,315
AUBERIVES SUR VAREZE,38550,315
AUBIAC,33430,315
AUDENGE,33980,315
AULLENE,20116,315
AUPS,83630,315
AURIOLLES,33790,315
AURIS,38142,315
AUROS,33124,315
AUTRANS MEAUDRE EN VERCORS,38112,315
AVAPESSA,20225,315
AVENSAN,33480,315
AVIGNONET,38650,315
AYGUEMORTE LES GRAVES,33640,315
AZILONE AMPAZA,20190,315
AZZANA,20121,315
BAGAS,33190,315
BAGNOLS EN FORET,83600,315
BALIZAC,33730,315
BALOGNA,20160,315
BANDOL,83150,315
BARBAGGIO,20253,315
BARGEME,83840,315
BARGEMON,83830,315
BARIE,33190,315
BARJOLS,83670,315
BARRAUX,38530,315
BARRETTALI,20228,315
BASSANNE,33190,315
BASSENS,33530,315
BASTELICA,20119,315
BASTELICACCIA,20129,315
BAUDINARD SUR VERDON,83630,315
BAUDUEN,83630,315
BAURECH,33880,315
BAYAS,33230,315
BAYON SUR GIRONDE,33710,315
BAZAS,33430,315
BEAUCROISSANT,38140,315
BEAUFIN,38970,315
BEAUREPAIRE,38270,315
BEAUTIRAN,33640,315
BEAUVOIR DE MARC,38440,315
BEAUVOIR EN ROYANS,38160,315
BEGADAN,33340,315
BEGLES,33130,315
BEGUEY,33410,315
BELGENTIER,83210,315
BELGODERE,20226,315
BELIN BELIET,33830,315
BELLEBAT,33760,315
BELLEGARDE POUSSIEU,38270,315
BELVEDERE CAMPOMORO,20110,315
BELVES DE CASTILLON,33350,315
BERNIN,38190,315
BERNOS BEAULAC,33430,315
BERSON,33390,315
BERTHEZ,33124,315
BESSE SUR ISSOLE,83890,315
BESSINS,38160,315
BEVENAIS,38690,315
BEYCHAC ET CAILLAU,33750,315
BIEUJAC,33210,315
BIGANOS,33380,315
BIGORNO,20252,315
BIGUGLIA,20620,315
BILIA,20100,315
BILIEU,38850,315
BIOL,38690,315
BISINCHI,20235,315
BIVIERS,38330,315
BIZONNES,38690,315
BLAIGNAC,33190,315
BLAIGNAN PRIGNAC,33340,315
BLANDIN,38730,315
BLASIMON,33540,315
BLAYE,33390,315
BLESIGNAC,33670,315
BOCOGNANO,20136,315
BOIS COLOMBES,92270,315
BOMMES,33210,315
BONIFACIO,20169,315
BONNEFAMILLE,38090,315
BONNETAN,33370,315
BONZAC,33910,315
BORGO,20290,315
BORMES LES MIMOSAS,83230,315
BOSSIEU,38260,315
BOSSUGAN,33350,315
BOUGE CHAMBALUD,38150,315
BOULIAC,33270,315
BOURDELLES,33190,315
BOURG,33710,315
BOURG LA REINE,92340,315
BOURGOIN JALLIEU,38300,315
BOURIDEYS,33113,315
BOUVESSE QUIRIEU,38390,315
BRACH,33480,315
BRANDO,20222,315
BRANGUES,38510,315
BRANNENS,33124,315
BRAS,83149,315
BRAUD ET ST LOUIS,33820,315
BRENON,83840,315
BRESSIEUX,38870,315
BRESSON,38320,315
BREZINS,38590,315
BRIE ET ANGONNES,38320,315
BRIGNOLES,83170,315
BROUQUEYRAN,33124,315
BRUE AURIAC,83119,315
BRUGES,33520,315
BUDOS,33720,315
BURCIN,38690,315
BUSTANICO,20212,315
CABANAC ET VILLAGRAINS,33650,315
CABARA,33420,315
CABASSE,83340,315
CADARSAC,33750,315
CADAUJAC,33140,315
CADILLAC EN FRONSADAIS,33240,315
CADILLAC SUR GARONNE,33410,315
CAGNANO,20228,315
CALACUCCIA,20224,315
CALCATOGGIO,20111,315
CALENZANA,20214,315
CALLAS,83830,315
CALVI,20260,315
CAMARSAC,33750,315
CAMBES,33880,315
CAMBIA,20244,315
CAMBLANES ET MEYNAC,33360,315
CAMIAC ET ST DENIS,33420,315
CAMIRAN,33190,315
CAMPANA,20229,315
CAMPI,20270,315
CAMPILE,20290,315
CAMPITELLO,20252,315
CAMPO,20142,315
CAMPS LA SOURCE,83170,315
CAMPS SUR L ISLE,33660,315
CAMPUGNAN,33390,315
CANALE DI VERDE,20230,315
CANARI,20217,315
CANAVAGGIA,20235,315
CANEJAN,33610,315
CANNELLE,20151,315
CAPIAN,33550,315
CAPLONG,33220,315
CAPTIEUX,33840,315
CARBINI,20170,315
CARBON BLANC,33560,315
CARBUCCIA,20133,315
CARCANS,33121,315
CARCES,83570,315
CARCHETO BRUSTICO,20229,315
CARDAN,33410,315
CARDO TORGIA,20190,315
CARGESE,20130,315
CARGIACA,20164,315
CARIGNAN DE BORDEAUX,33360,315
CARNOULES,83660,315
CARPINETO,20229,315
CARQUEIRANNE,83320,315
CARS,33390,315
CARTELEGUE,33390,315
CARTICASI,20244,315
CASABIANCA,20237,315
CASAGLIONE,20111,315
CASALABRIVA,20140,315
CASALTA,20215,315
CASAMACCIOLI,20224,315
CASANOVA,20250,315
CASEVECCHIE,20270,315
CASSEUIL,33190,315
CASTELLARE DI CASINCA,20213,315
CASTELLARE DI MERCURIO,20212,315
CASTELLO DI ROSTINO,20235,315
CASTELMORON D ALBRET,33540,315
CASTELNAU DE MEDOC,33480,315
CASTELVIEL,33540,315
CASTETS ET CASTILLON,33210,315
CASTIFAO,20218,315
CASTIGLIONE,20218,315
CASTILLON LA BATAILLE,33350,315
CASTINETA,20218,315
CASTIRLA,20236,315
CASTRES GIRONDE,33640,315
CATERI,20225,315
CAUDROT,33490,315
CAURO,20117,315
CAUVIGNAC,33690,315
CAVALAIRE SUR MER,83240,315
CAVIGNAC,33620,315
CAZALIS,33113,315
CAZATS,33430,315
CAZAUGITAT,33790,315
CENAC,33360,315
CENON,33150,315
CENTURI,20238,315
CERONS,33720,315
CERVIONE,20221,315
CESSAC,33760,315
CESSIEU,38110,315
CESTAS,33610,315
CEZAC,33620,315
CHABONS,38690,315
CHALON,38122,315
CHAMADELLE,33230,315
CHAMAGNIEU,38460,315
CHAMP SUR DRAC,38560,315
CHAMPAGNIER,38800,315
CHAMPIER,38260,315
CHAMROUSSE,38410,315
CHANAS,38150,315
CHANTEPERIER,38740,315
CHANTESSE,38470,315
CHAPAREILLAN,38530,315
CHARANCIEU,38490,315
CHARANTONNAY,38790,315
CHARAVINES,38850,315
CHARETTE,38390,315
CHARNECLES,38140,315
CHARVIEU CHAVAGNEUX,38230,315
CHASSE SUR RHONE,38670,315
CHASSELAY,38470,315
CHASSIGNIEU,38730,315
CHATEAU BERNARD,38650,315
CHATEAUVERT,83670,315
CHATEAUVILAIN,38300,315
CHATEL EN TRIEVES,38710,315
CHATENAY MALABRY,92290,315
CHATONNAY,38440,315
CHATTE,38160,315
CHAVANOZ,38230,315
CHAVILLE,92370,315
CHELIEU,38730,315
CHEVRIERES,38160,315
CHEYSSIEU,38550,315
CHEZENEUVE,38300,315
CHIATRA,20230,315
CHICHILIANNE,38930,315
CHIMILIN,38490,315
CHIRENS,38850,315
CHISA,20240,315
CHOLONGE,38220,315
CHONAS L AMBALLAN,38121,315
CHORANCHE,38680,315
CHOZEAU,38460,315
CHUZELLES,38200,315
CIAMANNACCE,20134,315
CISSAC MEDOC,33250,315
CIVRAC DE BLAYE,33920,315
CIVRAC EN MEDOC,33340,315
CIVRAC SUR DORDOGNE,33350,315
CLAMART,92140,315
CLAVANS EN HAUT OISANS,38142,315
CLAVIERS,83830,315
CLELLES,38930,315
CLEYRAC,33540,315
CLICHY,92110,315
CLONAS SUR VAREZE,38550,315
COGGIA,20118,315
COGNET,38350,315
COGNIN LES GORGES,38470,315
COGNOCOLI MONTICCHI,20123,315
COGOLIN,83310,315
COIMERES,33210,315
COIRAC,33540,315
COLLOBRIERES,83610,315
COLOMBE,38690,315
COLOMBES,92700,315
COMPS SUR ARTUBY,83840,315
CONCA,20135,315
CORBARA,20220,315
CORBELIN,38630,315
CORENC,38700,315
CORNILLON EN TRIEVES,38710,315
CORPS,38970,315
CORRANO,20168,315
CORRENCON EN VERCORS,38250,315
CORRENS,83570,315
CORSCIA,20224,315
CORTE,20250,315
COSTA,20226,315
COTI CHIAVARI,20138,315
COTIGNAC,83570,315
COUBEYRAC,33890,315
COUBLEVIE,38500,315
COUQUEQUES,33340,315
COUR ET BUIS,38122,315
COURBEVOIE,92400,315
COURPIAC,33760,315
COURS DE MONSEGUR,33580,315
COURS LES BAINS,33690,315
COURTENAY,38510,315
COUTRAS,33230,315
COZZANO,20148,315
CRACHIER,38300,315
CRAS,38210,315
CREMIEU,38460,315
CREON,33670,315
CRETS EN BELLEDONNE,38570,315
CREYS MEPIEU,38510,315
CRISTINACCE,20126,315
CROCE,20237,315
CROCICCHIA,20290,315
CROIGNON,33750,315
CROLLES,38920,315
CUBNEZAIS,33620,315
CUBZAC LES PONTS,33240,315
CUDOS,33430,315
CUERS,83390,315
CULIN,38300,315
CURSAN,33670,315
CUSSAC FORT MEDOC,33460,315
CUTTOLI CORTICCHIATO,20167,315
DAIGNAC,33420,315
DARDENAC,33420,315
DAUBEZE,33540,315
DIEMOZ,38790,315
DIEULIVOL,33580,315
DIZIMIEU,38460,315
DOISSIN,38730,315
DOLOMIEU,38110,315
DOMARIN,38300,315
DOMENE,38420,315
DONNEZAC,33860,315
DONZAC,33410,315
DOULEZON,33350,315
DRAGUIGNAN,83300,315
ECCICA SUARELLA,20117,315
ECHIROLLES,38130,315
ECLOSE BADINIERES,38300,315
ENGINS,38360,315
ENTRAIGUES,38740,315
ENTRE DEUX GUIERS,38380,315
ENTRECASTEAUX,83570,315
ERBAJOLO,20212,315
ERONE,20244,315
ERSA,20275,315
ESCAUDES,33840,315
ESCOUSSANS,33760,315
ESPARRON DE PALLIERES,83560,315
ESPIET,33420,315
ESTRABLIN,38780,315
ETAULIERS,33820,315
EVENOS,83330,315
EVISA,20126,315
EYBENS,38320,315
EYDOCHE,38690,315
EYNESSE,33220,315
EYRANS,33390,315
EYSINES,33320,315
EYZIN PINET,38780,315
FALEYRAS,33760,315
FARGUES,33210,315
FARGUES ST HILAIRE,33370,315
FARINOLE,20253,315
FAVALELLO,20212,315
FAVERGES DE LA TOUR,38110,315
FAYENCE,83440,315
FELCE,20234,315
FELICETO,20225,315
FICAJA,20237,315
FIGANIERES,83830,315
FIGARI,20114,315
FLACHERES,38690,315
FLASSANS SUR ISSOLE,83340,315
FLAUJAGUES,33350,315
FLAYOSC,83780,315
FLOUDES,33190,315
FOCE,20100,315
FOCICCHIA,20212,315
FONTANIL CORNILLON,38120,315
FONTENAY AUX ROSES,92260,315
FONTET,33190,315
FORCALQUEIRET,83136,315
FORCIOLO,20190,315
FOSSES ET BALEYSSAC,33190,315
FOUGUEYROLLES,33220,315
FOUR,38080,315
FOURS,33390,315
FOX AMPHOUX,83670,315
FOZZANO,20143,315
FRANCS,33570,315
FRASSETO,20157,315
FREJUS,83370,315
FROGES,38190,315
FRONTENAC,33760,315
FRONTONAS,38290,315
FURIANI,20600,315
GABARNAC,33410,315
GAILLAN EN MEDOC,33340,315
GAJAC,33430,315
GALERIA,20245,315
GALGON,33133,315
GANS,33430,315
GARCHES,92380,315
GARDEGAN ET TOURTIRAC,33350,315
GAREOULT,83136,315
GASSIN,83580,315
GAURIAC,33710,315
GAURIAGUET,33240,315
GAVIGNANO,20218,315
GENISSAC,33420,315
GENNEVILLIERS,92230,315
GENSAC,33890,315
GHISONACCIA,20240,315
GHISONI,20227,315
GIERES,38610,315
GILLONNAY,38260,315
GINASSERVIS,83560,315
GIOCATOJO,20237,315
GIRONDE SUR DROPT,33190,315
GISCOS,33840,315
GIUNCAGGIO,20251,315
GIUNCHETO,20100,315
GONCELIN,38570,315
GONFARON,83590,315
GORNAC,33540,315
GOUALADE,33840,315
GOURS,33660,315
GRADIGNAN,33170,315
GRANACE,20100,315
GRANIEU,38490,315
GRAYAN ET L HOPITAL,33590,315
GRENAY,38540,315
GRESSE EN VERCORS,38650,315
GREZILLAC,33420,315
GRIMAUD,83310,315
GROSSA,20100,315
GROSSETO PRUGNA,20128,315
GUAGNO,20160,315
GUARGUALE,20128,315
GUILLAC,33420,315
GUILLOS,33720,315
GUITERA LES BAINS,20153,315
GUITRES,33230,315
GUJAN MESTRAS,33470,315
HAUX,33550,315
HERBEYS,38320,315
HEYRIEUX,38540,315
HIERES SUR AMBY,38118,315
HOSTENS,33125,315
HOURTIN,33990,315
HUEZ,38750,315
HURE,33190,315
HURTIERES,38570,315
HYERES,83400,315
ILLATS,33720,315
ISLE ST GEORGES,33640,315
ISOLACCIO DI FIUMORBO,20243,315
ISSY LES MOULINEAUX,92130,315
IZEAUX,38140,315
IZERON,38160,315
IZON,33450,315
JANNEYRIAS,38280,315
JARCIEU,38270,315
JARDIN,38200,315
JARRIE,38560,315
JAU DIGNAC ET LOIRAC,33590,315
JUGAZAN,33420,315
L ALBENC,38470,315
L ILE ROUSSE,20220,315
L ISLE D ABEAU,38080,315
LA BALME LES GROTTES,38390,315
LA BATIE MONTGASCON,38110,315
LA BREDE,33650,315
LA BUISSE,38500,315
LA BUISSIERE,38530,315
LA CADIERE D AZUR,83740,315
LA CHAPELLE DE LA TOUR,38110,315
LA CHAPELLE DE SURIEU,38150,315
LA CHAPELLE DU BARD,38580,315
LA COMBE DE LANCEY,38190,315
LA COTE ST ANDRE,38260,315
LA CRAU,83260,315
LA CROIX VALMER,83420,315
LA FARLEDE,83210,315
LA FLACHERE,38530,315
LA FORTERESSE,38590,315
LA FRETTE,38260,315
LA GARDE FREINET,83680,315
LA GARENNE COLOMBES,92250,315
LA LANDE DE FRONSAC,33240,315
LA LONDE LES MAURES,83250,315
LA MARTRE,83840,315
LA MOLE,83310,315
LA MORTE,38350,315
LA MOTTE D AVEILLANS,38770,315
LA MOTTE ST MARTIN,38770,315
LA MURE,38350,315
LA MURETTE,38140,315
LA PIERRE,38570,315
LA PORTA,20237,315
LA REOLE,33190,315
LA RIVIERE,33126,315
LA ROQUE ESCLAPON,83840,315
LA ROQUEBRUSSANNE,83136,315
LA ROQUILLE,33220,315
LA SALETTE FALLAVAUX,38970,315
LA SALLE EN BEAUMONT,38350,315
LA SAUVE,33670,315
LA SEYNE SUR MER,83500,315
LA SONE,38840,315
LA SURE EN CHARTREUSE,38134,315
LA TERRASSE,38660,315
LA TESTE DE BUCH,33115,315
LA TOUR DU PIN,38110,315
LA TRONCHE,38700,315
LA VALETTE,38350,315
LA VALETTE DU VAR,83160,315
LA VERDIERE,83560,315
LA VERPILLIERE,38290,315
LABARDE,33460,315
LABESCAU,33690,315
LACANAU,33680,315
LADAUX,33760,315
LADOS,33124,315
LAFFREY,38220,315
LALANDE DE POMEROL,33500,315
LALLEY,38930,315
LAMA,20218,315
LAMARQUE,33460,315
LAMOTHE LANDERRON,33190,315
LANDERROUAT,33790,315
LANDERROUET SUR SEGUR,33540,315
LANDIRAS,33720,315
LANGOIRAN,33550,315
LANGON,33210,315
LANO,20244,315
LANS EN VERCORS,38250,315
LANSAC,33710,315
LANTON,33138,315
LAPOUYADE,33620,315
LAROQUE,33410,315
LARUSCADE,33620,315
LATRESNE,33360,315
LAVAL EN BELLEDONNE,38190,315
LAVALDENS,38350,315
LAVARS,38710,315
LAVATOGGIO,20225,315
LAVAZAN,33690,315
LE BARP,33114,315
LE BEAUSSET,83330,315
LE BOURG D OISANS,38520,315
LE BOURGUET,83840,315
LE BOUSCAT,33110,315
LE CANNET DES MAURES,83340,315
LE CHAMP PRES FROGES,38190,315
LE CHEYLAS,38570,315
LE FIEU,33230,315
LE FRENEY D OISANS,38142,315
LE GRAND LEMPS,38690,315
LE HAILLAN,33185,315
LE HAUT BREDA,38580,315
LE LAVANDOU,83980,315
LE LUC,83340,315
LE MOUTARET,38580,315
LE MUY,83490,315
LE NIZAN,33430,315
LE PASSAGE,38490,315
LE PEAGE DE ROUSSILLON,38550,315
LE PERCY,38930,315
LE PIAN MEDOC,33290,315
LE PIAN SUR GARONNE,33490,315
LE PLAN DE LA TOUR,83120,315
LE PLESSIS ROBINSON,92350,315
LE PONT DE BEAUVOISIN,38480,315
LE PONT DE CLAIX,38800,315
LE PORGE,33680,315
LE POUT,33670,315
LE PRADET,83220,315
LE SAPPEY EN CHARTREUSE,38700,315
LE TAILLAN MEDOC,33320,315
LE TEICH,33470,315
LE TEMPLE,33680,315
LE THORONET,83340,315
LE TOURNE,33550,315
LE TOUVET,38660,315
LE TUZAN,33125,315
LE VERDON SUR MER,33123,315
LE VERSOUD,38420,315
LECCI,20137,315
LEGE CAP FERRET,33950,315
LENTIOL,38270,315
LENTO,20252,315
LEOGEATS,33210,315
LEOGNAN,33850,315
LERM ET MUSSET,33840,315
LES ABRETS EN DAUPHINE,38490,315
LES ADRETS,38190,315
LES ADRETS DE L ESTEREL,83600,315
LES ARCS,83460,315
LES ARTIGUES DE LUSSAC,33570,315
LES AVENIERES VEYRINS THUELLIN,38630,315
LES BILLAUX,33500,315
LES COTES D AREY,38138,315
LES COTES DE CORPS,38970,315
LES DEUX ALPES,38520,315
LES EGLISOTTES ET CHALAURES,33230,315
LES EPARRES,38300,315
LES ESSEINTES,33190,315
LES LEVES ET THOUMEYRAGUES,33220,315
LES MAYONS,83340,315
LES PEINTURES,33230,315
LES ROCHES DE CONDRIEU,38370,315
LES SALLES DE CASTILLON,33350,315
LES SALLES SUR VERDON,83630,315
LESPARRE MEDOC,33340,315
LESTIAC SUR GARONNE,33550,315
LETIA,20160,315
LEVALLOIS PERRET,92300,315
LEVIE,20170,315
LEYRIEU,38460,315
LIBOURNE,33500,315
LIEUDIEU,38440,315
LIGNAN DE BAZAS,33430,315
LIGNAN DE BORDEAUX,33360,315
LIGUEUX,33220,315
LINGUIZZETTA,20230,315
LISTRAC DE DUREZE,33790,315
LISTRAC MEDOC,33480,315
LIVET ET GAVET,38220,315
LONGECHENAL,38690,315
LOPIGNA,20139,315
LORETO DI CASINCA,20215,315
LORETO DI TALLANO,20165,315
LORGUES,83510,315
LORMONT,33310,315
LOUCHATS,33125,315
LOUPES,33370,315
LOUPIAC,33410,315
LOUPIAC DE LA REOLE,33190,315
LOZZI,20224,315
LUCCIANA,20290,315
LUCMAU,33840,315
LUDON MEDOC,33290,315
LUGAIGNAC,33420,315
LUGASSON,33760,315
LUGO DI NAZZA,20240,315
LUGON ET L ILE DU CARNAY,33240,315
LUGOS,33830,315
LUMBIN,38660,315
LUMIO,20260,315
LURI,20228,315
LUZINAY,38200,315
MACAU,33460,315
MADIRAC,33670,315
MALAKOFF,92240,315
MALLEVAL EN VERCORS,38470,315
MANSO,20245,315
MARANSIN,33230,315
MARCENAIS,33620,315
MARCHEPRIME,33380,315
MARCIEU,38350,315
MARCILLOLES,38260,315
MARCOLLIN,38270,315
MARGAUX CANTENAC,33460,315
MARGUERON,33220,315
MARIGNANA,20141,315
MARIMBAULT,33430,315
MARIONS,33690,315
MARNANS,38980,315
MARNES LA COQUETTE,92430,315
MARSAS,33620,315
MARTIGNAS SUR JALLE,33127,315
MARTILLAC,33650,315
MARTRES,33760,315
MASSEILLES,33690,315
MASSIEU,38620,315
MASSUGAS,33790,315
MATRA,20270,315
MAUBEC,38300,315
MAUSOLEO,20259,315
MAYRES SAVEL,38350,315
MAZAUGUES,83136,315
MAZION,33390,315
MAZZOLA,20212,315
MELA,20112,315
MENS,38710,315
MEOUNES LES MONTRIEUX,83136,315
MERIA,20287,315
MERIGNAS,33350,315
MERLAS,38620,315
MESTERRIEUX,33540,315
MEUDON,92190,315
MEYLAN,38240,315
MEYRIE,38300,315
MEYRIEU LES ETANGS,38440,315
MEYSSIEZ,38440,315
MIOS,33380,315
MIRIBEL LANCHATRE,38450,315
MIRIBEL LES ECHELLES,38380,315
MIZOEN,38142,315
MOCA CROCE,20140,315
MOIDIEU DETOURBE,38440,315
MOIRANS,38430,315
MOISSAC BELLEVUE,83630,315
MOISSIEU SUR DOLON,38270,315
MOITA,20270,315
MOLTIFAO,20218,315
MOMBRIER,33710,315
MONACIA D AULLENE,20171,315
MONACIA D OREZZA,20229,315
MONCALE,20214,315
MONESTIER D AMBEL,38970,315
MONESTIER DE CLERMONT,38650,315
MONESTIER DU PERCY,38930,315
MONGAUZY,33190,315
MONPRIMBLANC,33410,315
MONSEGUR,33580,315
MONSTEROUX MILIEU,38122,315
MONTAGNE,33570,315
MONTAGOUDIN,33190,315
MONTALIEU VERCIEU,38390,315
MONTAUROUX,83440,315
MONTBONNOT ST MARTIN,38330,315
MONTCARRA,38890,315
MONTCHABOUD,38220,315
MONTE,20290,315
MONTEGROSSO,20214,315
MONTEYNARD,38770,315
MONTFALCON,38940,315
MONTFERRAT,38620,315
MONTFORT SUR ARGENS,83570,315
MONTICELLO,20220,315
MONTIGNAC,33760,315
MONTMEYAN,83670,315
MONTREVEL,38690,315
MONTROUGE,92120,315
MONTSEVEROUX,38122,315
MONTUSSAN,33450,315
MORAS,38460,315
MORESTEL,38510,315
MORETTE,38210,315
MORIZES,33190,315
MOROSAGLIA,20218,315
MORSIGLIA,20238,315
MOTTIER,38260,315
MOUILLAC,33240,315
MOULIETS ET VILLEMARTIN,33350,315
MOULIS EN MEDOC,33480,315
MOULON,33420,315
MOURENS,33410,315
MURACCIOLE,20219,315
MURATO,20239,315
MURIANETTE,38420,315
MURINAIS,38160,315
MURO,20225,315
MURZO,20160,315
NANS LES PINS,83860,315
NANTES EN RATIER,38350,315
NAUJAC SUR MER,33990,315
NAUJAN ET POSTIAC,33420,315
NEAC,33500,315
NEOULES,83136,315
NERIGEAN,33750,315
NESSA,20225,315
NEUFFONS,33580,315
NEUILLY SUR SEINE,92200,315
NIVOLAS VERMELLE,38300,315
NOAILLAC,33190,315
NOAILLAN,33730,315
NOCARIO,20229,315
NOCETA,20242,315
NONZA,20217,315
NOTRE DAME DE COMMIERS,38450,315
NOTRE DAME DE L OSIER,38470,315
NOTRE DAME DE MESAGE,38220,315
NOTRE DAME DE VAULX,38144,315
NOVALE,20234,315
NOVELLA,20226,315
NOYAREY,38360,315
OCANA,20117,315
OCCHIATANA,20226,315
OGLIASTRO,20217,315
OLCANI,20217,315
OLETTA,20232,315
OLIVESE,20140,315
OLLIERES,83470,315
OLLIOULES,83190,315
OLMETA DI CAPOCORSO,20217,315
OLMETA DI TUDA,20232,315
OLMETO,20113,315
OLMI CAPPELLA,20259,315
OLMICCIA,20112,315
OLMO,20290,315
OMESSA,20236,315
OMET,33410,315
OPTEVOZ,38460,315
ORDONNAC,33340,315
ORIGNE,33113,315
ORIS EN RATTIER,38350,315
ORNACIEUX BALBINS,38260,315
ORNON,38520,315
ORTALE,20234,315
ORTIPORIO,20290,315
ORTO,20125,315
OSANI,20147,315
OTA,20150,315
OULLES,38520,315
OYEU,38690,315
OYTIER ST OBLAS,38780,315
OZ,38114,315
PACT,38270,315
PAILLET,33550,315
PAJAY,38260,315
PALASCA,20226,315
PALNECA,20134,315
PANCHERACCIA,20251,315
PANOSSAS,38460,315
PARATA,20229,315
PAREMPUYRE,33290,315
PARMILIEU,38390,315
PARTINELLO,20147,315
PASTRICCIOLA,20121,315
PATRIMONIO,20253,315
PAUILLAC,33250,315
PELLAFOL,38970,315
PELLEGRUE,33790,315
PENOL,38260,315
PENTA ACQUATELLA,20290,315
PENTA DI CASINCA,20213,315
PERELLI,20234,315
PERI,20167,315
PERISSAC,33240,315
PERO CASEVECCHIE,20230,315
PESSAC,33600,315
PESSAC SUR DORDOGNE,33890,315
PETIT PALAIS ET CORNEMPS,33570,315
PETRETO BICCHISANO,20140,315
PEUJARD,33240,315
PIANA,20115,315
PIANELLO,20272,315
PIANO,20215,315
PIANOTTOLI CALDARELLO,20131,315
PIAZZALI,20234,315
PIAZZOLE,20229,315
PIE D OREZZA,20229,315
PIEDICORTE DI GAGGIO,20251,315
PIEDICROCE,20229,315
PIEDIGRIGGIO,20218,315
PIEDIPARTINO,20229,315
PIERRE CHATEL,38119,315
PIERREFEU DU VAR,83390,315
PIETRA DI VERDE,20230,315
PIETRACORBARA,20233,315
PIETRALBA,20218,315
PIETRASERENA,20251,315
PIETRICAGGIO,20234,315
PIETROSELLA,20166,315
PIETROSO,20242,315
PIEVE,20246,315
PIGNA,20220,315
PIGNANS,83790,315
PILA CANALE,20123,315
PINEUILH,33220,315
PINO,20228,315
PIOBETTA,20234,315
PIOGGIOLA,20259,315
PISIEU,38270,315
PLAN,38590,315
PLAN D AUPS STE BAUME,83640,315
PLATEAU DES PETITES ROCHES,38660,315
PODENSAC,33720,315
POGGIO D OLETTA,20232,315
POGGIO DI NAZZA,20240,315
POGGIO DI VENACO,20250,315
POGGIO MARINACCIO,20237,315
POGGIO MEZZANA,20230,315
POGGIOLO,20125,315
POISAT,38320,315
POLIENAS,38210,315
POLVEROSO,20229,315
POMEROL,33500,315
POMMIER DE BEAUREPAIRE,38260,315
POMPEJAC,33730,315
POMPIGNAC,33370,315
PONDAURAT,33190,315
PONSONNAS,38350,315
PONT DE CHERUY,38230,315
PONT EN ROYANS,38680,315
PONT EVEQUE,38780,315
PONTCHARRA,38530,315
PONTEVES,83670,315
POPOLASCA,20218,315
PORCHERES,33660,315
PORCIEU AMBLAGNIEU,38390,315
PORRI,20215,315
PORT STE FOY ET PONCHAPT,33220,315
PORTE DE BENAUGE,33760,315
PORTE DES BONNEVAUX,38260,315
PORTETS,33640,315
PORTO VECCHIO,20137,315
POURCIEUX,83470,315
POURRIERES,83910,315
PRATO DI GIOVELLINA,20218,315
PREBOIS,38710,315
PREIGNAC,33210,315
PRESLES,38680,315
PRESSINS,38480,315
PRIGNAC ET MARCAMPS,33710,315
PRIMARETTE,38270,315
PROPRIANO,20110,315
PROVEYSIEUX,38120,315
PRUNELLI DI CASACCONI,20290,315
PRUNELLI DI FIUMORBO,20243,315
PRUNO,20213,315
PUGET SUR ARGENS,83480,315
PUGET VILLE,83390,315
PUGNAC,33710,315
PUISSEGUIN,33570,315
PUJOLS,33350,315
PUJOLS SUR CIRON,33210,315
PUTEAUX,92800,315
PUYBARBAN,33190,315
PUYNORMAND,33660,315
QUAIX EN CHARTREUSE,38950,315
QUASQUARA,20142,315
QUENZA,20122,315
QUERCITELLO,20237,315
QUET EN BEAUMONT,38970,315
QUEYRAC,33340,315
QUINCIEU,38470,315
RAMATUELLE,83350,315
RAPAGGIO,20229,315
RAPALE,20246,315
RAUZAN,33420,315
RAYOL CANADEL SUR MER,83820,315
REAUMONT,38140,315
REGUSSE,83630,315
RENAGE,38140,315
RENCUREL,38680,315
RENNO,20160,315
REVEL TOURDAN,38270,315
REVENTIN VAUGRIS,38121,315
REZZA,20121,315
RIMONS,33580,315
RIOCAUD,33220,315
RIONS,33410,315
RIVENTOSA,20250,315
RIVES,38140,315
ROAILLAN,33210,315
ROCBARON,83136,315
ROCHE,38090,315
ROCHETOIRIN,38110,315
ROGLIANO,20247,315
ROISSARD,38650,315
ROMAGNE,33760,315
ROMAGNIEU,38480,315
ROQUEBRUNE SUR ARGENS,83380,315
ROSAZIA,20121,315
ROSPIGLIANI,20242,315
ROUGIERS,83170,315
ROUSSILLON,38150,315
ROVON,38470,315
ROYAS,38440,315
ROYBON,38940,315
RUCH,33350,315
RUSIO,20244,315
RUTALI,20239,315
RUY MONTCEAU,38300,315
SABLONS,33910,315
SADIRAC,33670,315
SALAGNON,38890,315
SALAISE SUR SANNE,38150,315
SALAUNES,33160,315
SALERNES,83690,315
SALICE,20121,315
SALICETO,20218,315
SALLEBOEUF,33370,315
SALLES,33770,315
SAMONAC,33710,315
SAMPOLO,20134,315
SAN DAMIANO,20213,315
SAN GAVINO D AMPUGNANI,20213,315
SAN GAVINO DI CARBINI,20137,315
SAN GAVINO DI FIUMORBO,20243,315
SAN GAVINO DI TENDA,20246,315
SAN GIOVANNI DI MORIANI,20230,315
SAN GIULIANO,20230,315
SAN LORENZO,20244,315
SAN NICOLAO,20230,315
SANARY SUR MER,83110,315
SANT ANDREA D ORCINO,20151,315
SANT ANDREA DI BOZIO,20212,315
SANT ANDREA DI COTONE,20221,315
SANT ANTONINO,20220,315
SANTA LUCIA DI MERCURIO,20250,315
SANTA LUCIA DI MORIANI,20230,315
SANTA MARIA FIGANIELLA,20143,315
SANTA MARIA POGGIO,20221,315
SANTA MARIA SICHE,20190,315
SANTA REPARATA DI BALAGNA,20220,315
SANTA REPARATA DI MORIANI,20230,315
SANTO PIETRO DI TENDA,20217,315
SANTO PIETRO DI VENACO,20250,315
SARCENAS,38700,315
SARDIEU,38260,315
SARI D ORCINO,20151,315
SARI SOLENZARA,20145,315
SARROLA CARCOPINO,20167,315
SARTENE,20100,315
SASSENAGE,38360,315
SATOLAS ET BONCE,38290,315
SAUCATS,33650,315
SAUGON,33920,315
SAUMOS,33680,315
SAUTERNES,33210,315
SAUVETERRE DE GUYENNE,33540,315
SAVAS MEPIN,38440,315
SAVIGNAC DE L ISLE,33910,315
SCATA,20213,315
SCEAUX,92330,315
SCOLCA,20290,315
SECHILIENNE,38220,315
SEILLANS,83440,315
SEILLONS SOURCE D ARGENS,83470,315
SEMENS,33490,315
SENDETS,33690,315
SEPTEME,38780,315
SEREZIN DE LA TOUR,38300,315
SERMANO,20212,315
SERMERIEU,38510,315
SERPAIZE,38200,315
SERRA DI FERRO,20140,315
SERRA DI FIUMORBO,20243,315
SERRA DI SCOPAMENE,20127,315
SERRE NERPOL,38470,315
SERRIERA,20147,315
SEVRES,92310,315
SEYSSINET PARISET,38170,315
SEYSSINS,38180,315
SEYSSUEL,38200,315
SICCIEU ST JULIEN ET CARISIEU,38460,315
SIEVOZ,38350,315
SIGALENS,33690,315
SIGNES,83870,315
SILLANS,38590,315
SILLANS LA CASCADE,83690,315
SILLAS,33690,315
SILVARECCIO,20215,315
SINARD,38650,315
SISCO,20233,315
SIX FOURS LES PLAGES,83140,315
SOCCIA,20125,315
SOLARO,20240,315
SOLEYMIEU,38460,315
SOLLACARO,20140,315
SOLLIES PONT,83210,315
SOLLIES TOUCAS,83210,315
SOLLIES VILLE,83210,315
SONNAY,38150,315
SORBO OCAGNANO,20213,315
SORBOLLANO,20152,315
SORIO,20246,315
SOTTA,20146,315
SOULAC SUR MER,33780,315
SOULIGNAC,33760,315
SOUSSAC,33790,315
SOUSSANS,33460,315
SOUSVILLE,38350,315
SOVERIA,20250,315
SPELONCATO,20226,315
ST AGNIN SUR BION,38300,315
ST ALBAN DE ROCHE,38080,315
ST ALBAN DU RHONE,38370,315
ST ALBIN DE VAULSERRE,38480,315
ST ANDRE DE CUBZAC,33240,315
ST ANDRE DU BOIS,33490,315
ST ANDRE EN ROYANS,38680,315
ST ANDRE ET APPELLES,33220,315
ST ANDRE LE GAZ,38490,315
ST ANDRONY,33390,315
ST ANTOINE DU QUEYRET,33790,315
ST ANTOINE L ABBAYE,38160,315
ST ANTOINE SUR L ISLE,33660,315
ST ANTONIN DU VAR,83510,315
ST APPOLINARD,38160,315
ST AREY,38350,315
ST AUBIN DE BLAYE,33820,315
ST AUBIN DE BRANNE,33420,315
ST AUBIN DE MEDOC,33160,315
ST AUPRE,38960,315
ST AVIT DE SOULEGE,33220,315
ST AVIT ST NAZAIRE,33220,315
ST BARTHELEMY,38270,315
ST BARTHELEMY DE SECHILIENNE,38220,315
ST BAUDILLE DE LA TOUR,38118,315
ST BAUDILLE ET PIPET,38710,315
ST BLAISE DU BUIS,38140,315
ST BONNET DE CHAVAGNE,38840,315
ST BUEIL,38620,315
ST CAPRAIS DE BORDEAUX,33880,315
ST CHEF,38890,315
ST CHRISTOLY DE BLAYE,33920,315
ST CHRISTOLY MEDOC,33340,315
ST CHRISTOPHE DE DOUBLE,33230,315
ST CHRISTOPHE DES BARDES,33330,315
ST CHRISTOPHE EN OISANS,38520,315
ST CHRISTOPHE SUR GUIERS,38380,315
ST CIBARD,33570,315
ST CIERS D ABZAC,33910,315
ST CIERS DE CANESSE,33710,315
ST CIERS SUR GIRONDE,33820,315
ST CLAIR DE LA TOUR,38110,315
ST CLAIR DU RHONE,38370,315
ST CLAIR SUR GALAURE,38940,315
ST CLOUD,92210,315
ST COME,33430,315
ST CYR SUR MER,83270,315
ST DENIS DE PILE,33910,315
ST DIDIER DE BIZONNES,38690,315
ST DIDIER DE LA TOUR,38110,315
ST EGREVE,38120,315
ST EMILION,33330,315
ST ETIENNE DE CROSSEY,38960,315
ST ETIENNE DE LISSE,33330,315
ST ETIENNE DE ST GEOIRS,38590,315
ST EXUPERY,33190,315
ST FELIX DE FONCAUDE,33540,315
ST FERME,33580,315
ST FLORENT,20217,315
ST GENES DE BLAYE,33390,315
ST GENES DE CASTILLON,33350,315
ST GENES DE FRONSAC,33240,315
ST GENES DE LOMBAUD,33670,315
ST GEOIRE EN VALDAINE,38620,315
ST GEOIRS,38590,315
ST GEORGES D ESPERANCHE,38790,315
ST GEORGES DE COMMIERS,38450,315
ST GERMAIN D ESTEUIL,33340,315
ST GERMAIN DE GRAVE,33490,315
ST GERMAIN DE LA RIVIERE,33240,315
ST GERMAIN DU PUCH,33750,315
ST GIRONS D AIGUEVIVES,33920,315
ST GUILLAUME,38650,315
ST HILAIRE DE BRENS,38460,315
ST HILAIRE DE LA COTE,38260,315
ST HILAIRE DE LA NOAILLE,33190,315
ST HILAIRE DU ROSIER,38840,315
ST HONORE,38350,315
ST ISMIER,38330,315
ST JEAN D AVELANNE,38480,315
ST JEAN D HERANS,38710,315
ST JEAN D ILLAC,33127,315
ST JEAN DE BLAIGNAC,33420,315
ST JEAN DE BOURNAY,38440,315
ST JEAN DE MOIRANS,38430,315
ST JEAN DE SOUDAIN,38110,315
ST JEAN DE VAULX,38220,315
ST JOSEPH DE RIVIERE,38134,315
ST JULIEN BEYCHEVELLE,33250,315
ST JULIEN DE L HERMS,38122,315
ST JUST CHALEYSSIN,38540,315
ST JUST DE CLAIX,38680,315
ST LATTIER,38840,315
ST LAURENT D ARCE,33240,315
ST LAURENT DU BOIS,33540,315
ST LAURENT DU PLAN,33190,315
ST LAURENT DU PONT,38380,315
ST LAURENT EN BEAUMONT,38350,315
ST LAURENT MEDOC,33112,315
ST LEGER DE BALSON,33113,315
ST LOUBERT,33210,315
ST LOUBES,33450,315
ST LOUIS DE MONTFERRAND,33440,315
ST MACAIRE,33490,315
ST MAGNE,33125,315
ST MAGNE DE CASTILLON,33350,315
ST MANDRIER SUR MER,83430,315
ST MARCEL BEL ACCUEIL,38080,315
ST MARCELLIN,38160,315
ST MARIENS,33620,315
ST MARTIN D HERES,38400,315
ST MARTIN D URIAGE,38410,315
ST MARTIN DE CLELLES,38930,315
ST MARTIN DE LA CLUZE,38650,315
ST MARTIN DE LAYE,33910,315
ST MARTIN DE LERM,33540,315
ST MARTIN DE PALLIERES,83560,315
ST MARTIN DE SESCAS,33490,315
ST MARTIN DE VAULSERRE,38480,315
ST MARTIN DU BOIS,33910,315
ST MARTIN DU PUY,33540,315
ST MARTIN LACAUSSADE,33390,315
ST MARTIN LE VINOUX,38950,315
ST MAURICE EN TRIEVES,38930,315
ST MAURICE L EXIL,38550,315
ST MAXIMIN LA STE BAUME,83470,315
ST MEDARD D EYRANS,33650,315
ST MEDARD DE GUIZIERES,33230,315
ST MEDARD EN JALLES,33160,315
ST MICHEL DE CASTELNAU,33840,315
ST MICHEL DE FRONSAC,33126,315
ST MICHEL DE LAPUJADE,33190,315
ST MICHEL DE RIEUFRET,33720,315
ST MICHEL DE ST GEOIRS,38590,315
ST MICHEL EN BEAUMONT,38350,315
ST MICHEL LES PORTES,38650,315
ST MORILLON,33650,315
ST MURY MONTEYMOND,38190,315
ST NAZAIRE LES EYMES,38330,315
ST NICOLAS DE MACHERIN,38500,315
ST NIZIER DU MOUCHEROTTE,38250,315
ST ONDRAS,38490,315
ST PARDON DE CONQUES,33210,315
ST PAUL D IZEAUX,38140,315
ST PAUL DE VARCES,38760,315
ST PAUL EN FORET,83440,315
ST PAUL LES MONESTIER,38650,315
ST PEY D ARMENS,33330,315
ST PEY DE CASTETS,33350,315
ST PHILIPPE D AIGUILHE,33350,315
ST PHILIPPE DU SEIGNAL,33220,315
ST PIERRE D AURILLAC,33490,315
ST PIERRE D ENTREMONT,38380,315
ST PIERRE DE BAT,33760,315
ST PIERRE DE BRESSIEUX,38870,315
ST PIERRE DE CHARTREUSE,38380,315
ST PIERRE DE CHERENNES,38160,315
ST PIERRE DE MEAROZ,38350,315
ST PIERRE DE MESAGE,38220,315
ST PIERRE DE MONS,33210,315
ST PRIM,38370,315
ST QUENTIN DE BARON,33750,315
ST QUENTIN DE CAPLONG,33220,315
ST QUENTIN FALLAVIER,38070,315
ST QUENTIN SUR ISERE,38210,315
ST ROMAIN DE JALIONAS,38460,315
ST ROMAIN DE SURIEU,38150,315
ST ROMAIN LA VIRVEE,33240,315
ST ROMANS,38160,315
ST SAUVEUR DE PUYNORMAND,33660,315
ST SAVIN,33920,315
ST SELVE,33650,315
ST SEURIN DE BOURG,33710,315
ST SEURIN DE CADOURNE,33180,315
ST SEURIN DE CURSAC,33390,315
ST SEURIN SUR L ISLE,33660,315
ST SEVE,33190,315
ST SIMEON DE BRESSIEUX,38870,315
ST SORLIN DE MORESTEL,38510,315
ST SORLIN DE VIENNE,38200,315
ST SULPICE DE FALEYRENS,33330,315
ST SULPICE DE GUILLERAGUES,33580,315
ST SULPICE DE POMMIERS,33540,315
ST SULPICE DES RIVOIRES,38620,315
ST SULPICE ET CAMEYRAC,33450,315
ST THEOFFREY,38119,315
ST TROJAN,33710,315
ST VERAND,38160,315
ST VICTOR DE CESSIEU,38110,315
ST VICTOR DE MORESTEL,38510,315
ST VINCENT DE MERCUZE,38660,315
ST VINCENT DE PAUL,33440,315
ST VINCENT DE PERTIGNAS,33420,315
ST VIVIEN DE BLAYE,33920,315
ST VIVIEN DE MEDOC,33590,315
ST VIVIEN DE MONSEGUR,33580,315
ST YZAN DE SOUDIAC,33920,315
ST YZANS DE MEDOC,33340,315
ST ZACHARIE,83640,315
STAZZONA,20229,315
STE ANASTASIE SUR ISSOLE,83136,315
STE ANNE SUR GERVONDE,38440,315
STE BLANDINE,38110,315
STE CROIX DU MONT,33410,315
STE FLORENCE,33350,315
STE FOY LA GRANDE,33220,315
STE FOY LA LONGUE,33490,315
STE HELENE,33480,315
STE LUCE,38970,315
STE LUCIE DE TALLANO,20112,315
STE MARIE D ALLOIX,38660,315
STE MARIE DU MONT,38660,315
STE MAXIME,83120,315
STE TERRE,33350,315
SUCCIEU,38300,315
SURESNES,92150,315
SUSVILLE,38350,315
TABANAC,33550,315
TAGLIO ISOLACCIO,20230,315
TAILLECAVAT,33580,315
TALAIS,33590,315
TALASANI,20230,315
TALENCE,33400,315
TALLONE,20270,315
TANNERON,83440,315
TARADEAU,83460,315
TARGON,33760,315
TARNES,33240,315
TARRANO,20234,315
TASSO,20134,315
TAURIAC,33710,315
TAVACO,20167,315
TAVERA,20163,315
TAVERNES,83670,315
TAYAC,33570,315
TECHE,38470,315
TENCIN,38570,315
TEUILLAC,33710,315
THEYS,38570,315
THODURE,38260,315
TIGNIEU JAMEYZIEU,38230,315
TIZAC DE CURTON,33420,315
TIZAC DE LAPOUYADE,33620,315
TOLLA,20117,315
TOMINO,20248,315
TORCHEFELON,38690,315
TOULENNE,33210,315
TOURRETTES,83440,315
TOURTOUR,83690,315
TOURVES,83170,315
TOX,20270,315
TRALONCA,20250,315
TRAMOLE,38300,315
TRANS EN PROVENCE,83720,315
TREFFORT,38650,315
TREMINIS,38710,315
TREPT,38460,315
TRESSES,33370,315
TRIGANCE,83840,315
TULLINS,38210,315
UCCIANI,20133,315
URBALACONE,20128,315
URTACA,20218,315
UZESTE,33730,315
VAL DE LIVENNE,33820,315
VAL DE VIRIEU,38730,315
VAL DE VIRVEE,33240,315
VALBONNAIS,38740,315
VALENCIN,38540,315
VALENCOGNE,38730,315
VALEYRAC,33340,315
VALJOUFFREY,38740,315
VALLE D ALESANI,20234,315
VALLE D OREZZA,20229,315
VALLE DI CAMPOLORO,20221,315
VALLE DI MEZZANA,20167,315
VALLE DI ROSTINO,20235,315
VALLECALLE,20232,315
VALLICA,20259,315
VANVES,92170,315
VARACIEUX,38470,315
VARAGES,83670,315
VARCES ALLIERES ET RISSET,38760,315
VASSELIN,38890,315
VATILIEU,38470,315
VAUCRESSON,92420,315
VAUJANY,38114,315
VAULNAVEYS LE BAS,38410,315
VAULNAVEYS LE HAUT,38410,315
VAULX MILIEU,38090,315
VAYRES,33870,315
VELANNE,38620,315
VELONE ORNETO,20230,315
VENACO,20231,315
VENDAYS MONTALIVET,33930,315
VENERIEU,38460,315
VENSAC,33590,315
VENTISERI,20240,315
VENZOLASCA,20215,315
VERAC,33240,315
VERDELAIS,33490,315
VERDESE,20229,315
VERIGNON,83630,315
VERNAS,38460,315
VERNIOZ,38150,315
VERO,20172,315
VERTHEUIL,33180,315
VERTRIEU,38390,315
VESCOVATO,20215,315
VEUREY VOROIZE,38113,315
VEYSSILIEU,38460,315
VEZERONCE CURTIN,38510,315
VEZZANI,20242,315
VICO,20118,315
VIDAUBAN,83550,315
VIENNE,38200,315
VIF,38450,315
VIGGIANELLO,20110,315
VIGNALE,20290,315
VIGNIEU,38890,315
VIGNONET,33330,315
VILLAGES DU LAC DE PALADRU,38730,315
VILLANDRAUT,33730,315
VILLANOVA,20167,315
VILLARD BONNOT,38190,315
VILLARD DE LANS,38250,315
VILLARD NOTRE DAME,38520,315
VILLARD RECULAS,38114,315
VILLARD REYMOND,38520,315
VILLARD ST CHRISTOPHE,38119,315
VILLE D AVRAY,92410,315
VILLE DI PARASO,20279,315
VILLE SOUS ANJOU,38150,315
VILLECROZE,83690,315
VILLEFONTAINE,38090,315
VILLEGOUGE,33141,315
VILLEMOIRIEU,38460,315
VILLENAVE D ORNON,33140,315
VILLENAVE DE RIONS,33550,315
VILLENEUVE DE MARC,38440,315
VILLENEUVE LA GARENNE,92390,315
VILLETTE D ANTHON,38280,315
VILLETTE DE VIENNE,38200,315
VINAY,38470,315
VINON SUR VERDON,83560,315
VINS SUR CARAMY,83170,315
VIRELADE,33720,315
VIRIVILLE,38980,315
VIRSAC,33240,315
VIVARIO,20219,315
VIZILLE,38220,315
VOIRON,38500,315
VOISSANT,38620,315
VOLPAJOLA,20290,315
VOREPPE,38340,315
VOUREY,38210,315
YVRAC,33370,315
ZALANA,20272,315
ZERUBIA,20116,315
ZEVACO,20173,315
ZICAVO,20132,315
ZIGLIARA,20190,315
ZILIA,20214,315
ZONZA,20124,315
ZOZA,20112,315
ZUANI,20272,315
ABLANCOURT,51240,301
ABONCOURT SUR SEILLE,57590,301
ABRESCHVILLER,57560,301
ACHAIN,57340,301
ACHEN,57412,301
ADAINCOURT,57580,301
ADELANGE,57380,301
AGENCOURT,21700,301
AGEY,21410,301
AHUY,21121,301
AIGNAY LE DUC,21510,301
AIGNY,51150,301
AISEREY,21110,301
AISEY SUR SEINE,21400,301
AISY SOUS THIL,21390,301
AJONCOURT,57590,301
ALAINCOURT LA COTE,57590,301
ALBESTROFF,57670,301
ALGRANGE,57440,301
ALISE STE REINE,21150,301
ALLEMANCHE LAUNAY ET SOYER,51260,301
ALLEREY,21230,301
ALLIANCELLES,51250,301
ALOXE CORTON,21420,301
ALSTING,57515,301
ALTRIPPE,57660,301
ALTVILLER,57730,301
ALZING,57320,301
AMANVILLERS,57865,301
AMBONNAY,51150,301
AMBRIERES,51290,301
AMELECOURT,57170,301
AMNEVILLE,57360,301
AMPILLY LE SEC,21400,301
AMPILLY LES BORDES,21450,301
ANCEY,21410,301
ANCY DORNOT,57130,301
ANGEVILLERS,57440,301
ANGLURE,51260,301
ANGLUZELLES ET COURCELLES,51230,301
ANTHENAY,51700,301
ANTHEUIL,21360,301
ANTIGNY LA VILLE,21230,301
ANTILLY,57640,301
ANZELING,57320,301
AOUGNY,51170,301
APACH,57480,301
ARC SUR TILLE,21560,301
ARCEAU,21310,301
ARCENANT,21700,301
ARCEY,21410,301
ARCIS LE PONSART,51170,301
ARCONCEY,21320,301
ARGANCY,57640,301
ARGERS,51800,301
ARGILLY,21700,301
ARNAY LE DUC,21230,301
ARNAY SOUS VITTEAUX,21350,301
ARRAINCOURT,57380,301
ARRANS,21500,301
ARRIANCE,57580,301
ARRIGNY,51290,301
ARRY,57680,301
ARS LAQUENEXY,57530,301
ARS SUR MOSELLE,57130,301
ARZILLIERES NEUVILLE,51290,301
ARZVILLER,57405,301
ASNIERES EN MONTAGNE,21500,301
ASNIERES LES DIJON,21380,301
ASPACH,57790,301
ASSENONCOURT,57260,301
ATHEE,21130,301
ATHIE,21500,301
ATHIS,51150,301
ATTILLONCOURT,57170,301
AUBAINE,21360,301
AUBE,57580,301
AUBERIVE,51600,301
AUBIGNY EN PLAINE,21170,301
AUBIGNY LA RONCE,21340,301
AUBIGNY LES SOMBERNON,21540,301
AUBILLY,51170,301
AUDUN LE TICHE,57390,301
AUGNY,57685,301
AULNAY L AITRE,51240,301
AULNAY SUR MARNE,51150,301
AULNOIS SUR SEILLE,57590,301
AUMENANCOURT,51110,301
AUMETZ,57710,301
AUTRICOURT,21570,301
AUVE,51800,301
AUVILLARS SUR SAONE,21250,301
AUXANT,21360,301
AUXEY DURESSES,21190,301
AUXONNE,21130,301
AVELANGES,21120,301
AVENAY VAL D OR,51160,301
AVIZE,51190,301
AVOSNES,21350,301
AVOT,21580,301
AY CHAMPAGNE,51150,301
AY SUR MOSELLE,57300,301
AZOUDANGE,57810,301
BACONNES,51400,301
BACOURT,57590,301
BAERENTHAL,57230,301
BAGNOT,21700,301
BAIGNEUX LES JUIFS,21450,301
BALOT,21330,301
BAMBIDERSTROFF,57690,301
BARBIREY SUR OUCHE,21410,301
BARBONNE FAYEL,51120,301
BARCHAIN,57830,301
BARD LE REGULIER,21430,301
BARD LES EPOISSES,21460,301
BARGES,21910,301
BARJON,21580,301
BARONVILLE,57340,301
BARST,57450,301
BASLIEUX LES FISMES,51170,301
BASLIEUX SOUS CHATILLON,51700,301
BASSE HAM,57970,301
BASSE RENTGEN,57570,301
BASSING,57260,301
BASSU,51300,301
BASSUET,51300,301
BAUBIGNY,21340,301
BAUDEMENT,51260,301
BAULME LA ROCHE,21410,301
BAZANCOURT,51110,301
BAZONCOURT,57530,301
BEAUMONT SUR VESLE,51360,301
BEAUMONT SUR VINGEANNE,21310,301
BEAUNAY,51270,301
BEAUNE,21200,301
BEAUNOTTE,21510,301
BEBING,57830,301
BECHY,57580,301
BEHREN LES FORBACH,57460,301
BEINE NAUROY,51490,301
BEIRE LE CHATEL,21310,301
BEIRE LE FORT,21110,301
BELAN SUR OURCE,21570,301
BELLANGE,57340,301
BELLEFOND,21490,301
BELLENEUVE,21310,301
BELLENOD SUR SEINE,21510,301
BELLENOT SOUS POUILLY,21320,301
BELLES FORETS,57930,301
BELVAL EN ARGONNE,51330,301
BELVAL SOUS CHATILLON,51480,301
BENESTROFF,57670,301
BENEUVRE,21290,301
BENING LES ST AVOLD,57800,301
BENOISEY,21500,301
BERG SUR MOSELLE,57570,301
BERGERES LES VERTUS,51130,301
BERGERES SOUS MONTMIRAIL,51210,301
BERIG VINTRANGE,57660,301
BERLING,57370,301
BERMERICOURT,51220,301
BERMERING,57340,301
BERRU,51420,301
BERTHELMING,57930,301
BERTRANGE,57310,301
BERVILLER EN MOSELLE,57550,301
BERZIEUX,51800,301
BESSEY EN CHAUME,21360,301
BESSEY LA COUR,21360,301
BESSEY LES CITEAUX,21110,301
BETHENIVILLE,51490,301
BETHENY,51450,301
BETHON,51260,301
BETTANCOURT LA LONGUE,51330,301
BETTANGE,57220,301
BETTBORN,57930,301
BETTELAINVILLE,57640,301
BETTING,57800,301
BETTVILLER,57410,301
BEUREY BAUGUAY,21320,301
BEURIZOT,21350,301
BEUX,57580,301
BEVY,21220,301
BEYREN LES SIERCK,57570,301
BEZANGE LA PETITE,57630,301
BEZANNES,51430,301
BEZE,21310,301
BEZOUOTTE,21310,301
BIBICHE,57320,301
BICKENHOLTZ,57635,301
BIDESTROFF,57260,301
BIDING,57660,301
BIGNICOURT SUR MARNE,51300,301
BIGNICOURT SUR SAULX,51340,301
BILLEY,21130,301
BILLY LE GRAND,51400,301
BILLY LES CHANCEAUX,21450,301
BINARVILLE,51800,301
BINGES,21270,301
BINING,57410,301
BIONCOURT,57170,301
BIONVILLE SUR NIED,57220,301
BISSEY LA COTE,21520,301
BISSEY LA PIERRE,21330,301
BISTEN EN LORRAINE,57220,301
BISTROFF,57660,301
BITCHE,57230,301
BLACY,51300,301
BLAGNY SUR VINGEANNE,21310,301
BLAISE SOUS ARZILLIERES,51300,301
BLAISY BAS,21540,301
BLAISY HAUT,21540,301
BLANCEY,21320,301
BLANCHE EGLISE,57260,301
BLANCS COTEAUX,51130,301
BLANOT,21430,301
BLESME,51340,301
BLIES EBERSING,57200,301
BLIES GUERSVILLER,57200,301
BLIESBRUCK,57200,301
BLIGNY LE SEC,21440,301
BLIGNY LES BEAUNE,21200,301
BLIGNY SUR OUCHE,21360,301
BOISSY LE REPOS,51210,301
BONCOURT LE BOIS,21700,301
BONNENCONTRE,21250,301
BOUCHEPORN,57220,301
BOUCHY ST GENEST,51310,301
BOUDREVILLE,21520,301
BOUHEY,21360,301
BOUILLAND,21420,301
BOUIX,21330,301
BOULANGE,57655,301
BOULAY MOSELLE,57220,301
BOULEUSE,51170,301
BOULT SUR SUIPPE,51110,301
BOURBERAIN,21610,301
BOURDONNAY,57810,301
BOURGALTROFF,57260,301
BOURGOGNE FRESNE,51110,301
BOURSAULT,51480,301
BOURSCHEID,57370,301
BOUSBACH,57460,301
BOUSSE,57310,301
BOUSSELANGE,21250,301
BOUSSENOIS,21260,301
BOUSSEVILLER,57230,301
BOUSSEY,21350,301
BOUST,57570,301
BOUSTROFF,57380,301
BOUVANCOURT,51140,301
BOUX SOUS SALMAISE,21690,301
BOUY,51400,301
BOUZE LES BEAUNE,21200,301
BOUZONVILLE,57320,301
BOUZY,51150,301
BRAIN,21350,301
BRANDONVILLERS,51290,301
BRANSCOURT,51140,301
BRAUX ST REMY,51800,301
BRAUX STE COHIERE,51800,301
BRAZEY EN MORVAN,21430,301
BRAZEY EN PLAINE,21470,301
BREBAN,51320,301
BREHAIN,57340,301
BREIDENBACH,57720,301
BREISTROFF LA GRANDE,57570,301
BREMUR ET VAUROIS,21400,301
BRESSEY SUR TILLE,21560,301
BRETENIERE,21110,301
BRETIGNY,21490,301
BRETTNACH,57320,301
BREUIL SUR VESLE,51140,301
BREUVERY SUR COOLE,51240,301
BRIANNY,21390,301
BRIMONT,51220,301
BRION SUR OURCE,21570,301
BROCHON,21220,301
BROIN,21250,301
BROINDON,21220,301
BRONVAUX,57535,301
BROUCK,57220,301
BROUDERDORFF,57565,301
BROUILLET,51170,301
BROUSSY LE GRAND,51230,301
BROUSSY LE PETIT,51230,301
BROUVILLER,57635,301
BROYES,51120,301
BRUGNY VAUDANCOURT,51530,301
BRULANGE,57340,301
BRUSSON,51300,301
BUCHY,57420,301
BUDING,57920,301
BUDLING,57970,301
BUFFON,21500,301
BUHL LORRAINE,57400,301
BUNCEY,21400,301
BURE LES TEMPLIERS,21290,301
BURLIONCOURT,57170,301
BURTONCOURT,57220,301
BUSSEAUT,21510,301
BUSSEROTTE ET MONTENAILLE,21580,301
BUSSIERES,21580,301
BUSSY LA PESLE,21540,301
BUSSY LE CHATEAU,51600,301
BUSSY LE GRAND,21150,301
BUSSY LE REPOS,51330,301
BUSSY LETTREE,51320,301
BUXEROLLES,21290,301
CAPPEL,57450,301
CARLING,57490,301
CATTENOM,57570,301
CAUROY LES HERMONVILLE,51220,301
CENSEREY,21430,301
CERNAY EN DORMOIS,51800,301
CERNAY LES REIMS,51420,301
CESSEY SUR TILLE,21110,301
CHAIGNAY,21120,301
CHAILLY LES ENNERY,57365,301
CHAILLY SUR ARMANCON,21320,301
CHAINTRIX BIERGES,51130,301
CHALONS EN CHAMPAGNE,51000,301
CHALONS SUR VESLE,51140,301
CHALTRAIT,51130,301
CHAMBAIN,21290,301
CHAMBEIRE,21110,301
CHAMBLANC,21250,301
CHAMBOEUF,21220,301
CHAMBOLLE MUSIGNY,21220,301
CHAMBRECY,51170,301
CHAMBREY,57170,301
CHAMERY,51500,301
CHAMESSON,21400,301
CHAMP D OISEAU,21500,301
CHAMPAGNE SUR VINGEANNE,21310,301
CHAMPAGNY,21440,301
CHAMPAUBERT,51270,301
CHAMPDOTRE,21130,301
CHAMPEAU EN MORVAN,21210,301
CHAMPGUYON,51310,301
CHAMPIGNEUL CHAMPAGNE,51150,301
CHAMPIGNOLLES,21230,301
CHAMPIGNY,51370,301
CHAMPILLON,51160,301
CHAMPLAT ET BOUJACOURT,51480,301
CHAMPRENAULT,21690,301
CHAMPVOISY,51700,301
CHANCEAUX,21440,301
CHANNAY,21330,301
CHANTEMERLE,51260,301
CHANVILLE,57580,301
CHAPELAINE,51290,301
CHARENCEY,21690,301
CHARIGNY,21140,301
CHARLEVILLE,51120,301
CHARLEVILLE SOUS BOIS,57220,301
CHARLY ORADOUR,57640,301
CHARMONT,51330,301
CHARNY,21350,301
CHARREY SUR SAONE,21170,301
CHARREY SUR SEINE,21400,301
CHASSAGNE MONTRACHET,21190,301
CHASSEY,21150,301
CHATEAU BREHAIN,57340,301
CHATEAU ROUGE,57320,301
CHATEAU SALINS,57170,301
CHATEAU VOUE,57170,301
CHATEAUNEUF,21320,301
CHATEL ST GERMAIN,57160,301
CHATELLENOT,21320,301
CHATELRAOULD ST LOUVENT,51300,301
CHATILLON SUR BROUE,51290,301
CHATILLON SUR MARNE,51700,301
CHATILLON SUR MORIN,51310,301
CHATILLON SUR SEINE,21400,301
CHATRICES,51800,301
CHAUDEFONTAINE,51800,301
CHAUDENAY LA VILLE,21360,301
CHAUDENAY LE CHATEAU,21360,301
CHAUGEY,21290,301
CHAUME ET COURCHAMP,21610,301
CHAUME LES BAIGNEUX,21450,301
CHAUMONT LE BOIS,21400,301
CHAUMUZY,51170,301
CHAUX,21700,301
CHAVOT COURCOURT,51530,301
CHAZEUIL,21260,301
CHAZILLY,21320,301
CHEMERY LES DEUX,57320,301
CHEMIN D AISEY,21400,301
CHEMINON,51250,301
CHEMINOT,57420,301
CHENAY,51140,301
CHENOIS,57580,301
CHENOVE,21300,301
CHEPPES LA PRAIRIE,51240,301
CHEPY,51240,301
CHERISEY,57420,301
CHERVILLE,51150,301
CHESNY,57245,301
CHEUGE,21310,301
CHEVANNAY,21540,301
CHEVANNES,21220,301
CHEVIGNY EN VALIERE,21200,301
CHEVIGNY ST SAUVEUR,21800,301
CHICHEY,51120,301
CHICOURT,57590,301
CHIEULLES,57070,301
CHIGNY LES ROSES,51500,301
CHIVRES,21820,301
CHOREY LES BEAUNE,21200,301
CHOUILLY,51530,301
CIREY LES PONTAILLER,21270,301
CIVRY EN MONTAGNE,21320,301
CLAMANGES,51130,301
CLAMEREY,21390,301
CLENAY,21490,301
CLERY,21270,301
CLESLES,51260,301
CLOMOT,21230,301
CLOUANGE,57185,301
CLOYES SUR MARNE,51300,301
COCHEREN,57800,301
COEUR DE LA VALLEE,51480,301
COIN LES CUVRY,57420,301
COIN SUR SEILLE,57420,301
COIZARD JOCHES,51270,301
COLLIGNY MAIZERY,57530,301
COLLONGES ET PREMIERES,21110,301
COLLONGES LES BEVY,21220,301
COLMEN,57320,301
COMBERTAULT,21200,301
COMBLANCHIEN,21700,301
COMMARIN,21320,301
COMPERTRIX,51510,301
CONDE NORTHEN,57220,301
CONDE SUR MARNE,51150,301
CONFLANS SUR SEINE,51260,301
CONGY,51270,301
CONNANTRAY VAUREFROY,51230,301
CONNANTRE,51230,301
CONTAULT,51330,301
CONTHIL,57340,301
CONTZ LES BAINS,57480,301
COOLE,51320,301
COOLUS,51510,301
CORBEIL,51320,301
CORBERON,21250,301
CORCELLES LES ARTS,21190,301
CORCELLES LES CITEAUX,21910,301
CORCELLES LES MONTS,21160,301
CORFELIX,51210,301
CORGENGOUX,21250,301
CORGOLOIN,21700,301
CORMICY,51220,301
CORMONTREUIL,51350,301
CORMOT VAUCHIGNON,21340,301
CORMOYEUX,51480,301
CORNY SUR MOSELLE,57680,301
CORPEAU,21190,301
CORPOYER LA CHAPELLE,21150,301
CORRIBERT,51270,301
CORROBERT,51210,301
CORROMBLES,21460,301
CORROY,51230,301
CORSAINT,21460,301
COUCHEY,21160,301
COULMIER LE SEC,21400,301
COULOMMES LA MONTAGNE,51390,301
COUME,57220,301
COUPETZ,51240,301
COUPEVILLE,51240,301
COURBAN,21520,301
COURCELLES CHAUSSY,57530,301
COURCELLES FREMOY,21460,301
COURCELLES LES MONTBARD,21500,301
COURCELLES LES SEMUR,21140,301
COURCELLES SAPICOURT,51140,301
COURCELLES SUR NIED,57530,301
COURCEMAIN,51260,301
COURDEMANGES,51300,301
COURGIVAUX,51310,301
COURJEONNET,51270,301
COURLANDON,51170,301
COURLON,21580,301
COURMAS,51390,301
COURTAGNON,51480,301
COURTEMONT,51800,301
COURTHIEZY,51700,301
COURTISOLS,51460,301
COURTIVRON,21120,301
COURVILLE,51170,301
COUTERNON,21560,301
COUVROT,51300,301
CRAINCOURT,57590,301
CRAMANT,51530,301
CREANCEY,21320,301
CRECEY SUR TILLE,21120,301
CREHANGE,57690,301
CREPAND,21500,301
CREUTZWALD,57150,301
CRUGEY,21360,301
CRUGNY,51170,301
CUCHERY,51480,301
CUIS,51530,301
CUISEREY,21310,301
CUISLES,51700,301
CULETRE,21230,301
CUMIERES,51480,301
CUPERLY,51400,301
CURLEY,21220,301
CURTIL ST SEINE,21380,301
CURTIL VERGY,21220,301
CUSSEY LES FORGES,21580,301
CUSSY LA COLONNE,21360,301
CUSSY LE CHATEL,21230,301
CUTTING,57260,301
CUVRY,57420,301
DABO,57850,301
DAIX,21121,301
DALEM,57550,301
DALHAIN,57340,301
DALSTEIN,57320,301
DAMERY,51480,301
DAMPIERRE EN MONTAGNE,21350,301
DAMPIERRE ET FLEE,21310,301
DAMPIERRE LE CHATEAU,51330,301
DAMPIERRE SUR MOIVRE,51240,301
DANNE ET QUATRE VENTS,57370,301
DANNELBOURG,57820,301
DARCEY,21150,301
DAROIS,21121,301
DELME,57590,301
DENTING,57220,301
DESSELING,57260,301
DESTRY,57340,301
DETAIN ET BRUANT,21220,301
DIANCEY,21430,301
DIANE CAPELLE,57830,301
DIEBLING,57980,301
DIENAY,21120,301
DIESEN,57890,301
DIEUZE,57260,301
DIFFEMBACH LES HELLIMER,57660,301
DISTROFF,57925,301
DIZY,51530,301
DOLVING,57400,301
DOMMARTIN DAMPIERRE,51800,301
DOMMARTIN LETTREE,51320,301
DOMMARTIN SOUS HANS,51800,301
DOMMARTIN VARIMONT,51330,301
DOMNOM LES DIEUZE,57260,301
DOMPIERRE EN MORVAN,21390,301
DOMPREMY,51300,301
DONNELAY,57810,301
DONTRIEN,51490,301
DORMANS,51700,301
DRAMBON,21270,301
DREE,21540,301
DROSNAY,51290,301
DROUILLY,51300,301
DUESME,21510,301
EBATY,21190,301
EBERSVILLER,57320,301
EBLANGE,57220,301
ECHALOT,21510,301
ECHANNAY,21540,301
ECHENON,21170,301
ECHEVANNES,21120,301
ECHEVRONNE,21420,301
ECHIGEY,21110,301
ECLAIRES,51800,301
ECOLLEMONT,51290,301
ECRIENNES,51300,301
ECUEIL,51500,301
ECURY LE REPOS,51230,301
ECURY SUR COOLE,51240,301
ECUTIGNY,21360,301
EGUELSHARDT,57230,301
EGUILLY,21320,301
EINCHEVILLE,57340,301
ELISE DAUCOURT,51800,301
ELVANGE,57690,301
ELZANGE,57970,301
ENCHENBERG,57415,301
ENNERY,57365,301
ENTRANGE,57330,301
EPENSE,51330,301
EPERNAY,51200,301
EPERNAY SOUS GEVREY,21220,301
EPOISSES,21460,301
EPOYE,51490,301
EPPING,57720,301
ERCHING,57720,301
ERINGES,21500,301
ERNESTVILLER,57510,301
ERSTROFF,57660,301
ESBARRES,21170,301
ESCARDES,51310,301
ESCHERANGE,57330,301
ESCLAVOLLES LUREY,51260,301
ESSAROIS,21290,301
ESSEY,21320,301
ESTERNAY,51310,301
ETAIS,21500,301
ETALANTE,21510,301
ETEVAUX,21270,301
ETOGES,51270,301
ETORMAY,21450,301
ETREPY,51340,301
ETROCHEY,21400,301
ETTING,57412,301
ETZLING,57460,301
EUVY,51230,301
EVRANGE,57570,301
FAGNIERES,51510,301
FAILLY,57640,301
FAIN LES MONTBARD,21500,301
FAIN LES MOUTIERS,21500,301
FALCK,57550,301
FAMECK,57290,301
FAREBERSVILLER,57450,301
FARSCHVILLER,57450,301
FAULQUEMONT,57380,301
FAUVERNEY,21110,301
FAUX FRESNAY,51230,301
FAUX VESIGNEUL,51320,301
FAVEROLLES ET COEMY,51170,301
FAVEROLLES LES LUCEY,21290,301
FAVRESSE,51300,301
FENAY,21600,301
FENETRANGE,57930,301
FERE CHAMPENOISE,51230,301
FEREBRIANGES,51270,301
FESTIGNY,51700,301
FEVES,57280,301
FEY,57420,301
FILSTROFF,57320,301
FISMES,51170,301
FIXEM,57570,301
FIXIN,21220,301
FLACEY,21490,301
FLAGEY ECHEZEAUX,21640,301
FLAGEY LES AUXONNE,21130,301
FLAMMERANS,21130,301
FLASTROFF,57320,301
FLAVIGNEROT,21160,301
FLAVIGNY SUR OZERAIN,21150,301
FLEISHEIM,57635,301
FLETRANGE,57690,301
FLEUREY SUR OUCHE,21410,301
FLEURY LA RIVIERE,51480,301
FLEVY,57365,301
FLOCOURT,57580,301
FLORANGE,57190,301
FLORENT EN ARGONNE,51800,301
FOISSY,21230,301
FOLKLING,57600,301
FOLSCHVILLER,57730,301
FONCEGRIVE,21260,301
FONTAINE DENIS NUISY,51120,301
FONTAINE EN DORMOIS,51800,301
FONTAINE FRANCAISE,21610,301
FONTAINE LES DIJON,21121,301
FONTAINE SUR AY,51160,301
FONTAINES EN DUESMOIS,21450,301
FONTAINES LES SECHES,21330,301
FONTANGY,21390,301
FONTENY,57590,301
FONTOY,57650,301
FORBACH,57600,301
FORLEANS,21460,301
FOSSIEUX,57590,301
FOULCREY,57830,301
FOULIGNY,57220,301
FOVILLE,57420,301
FRAIGNOT ET VESVROTTE,21580,301
FRANCALTROFF,57670,301
FRANCHEVILLE,21440,301
FRANXAULT,21170,301
FRAQUELFING,57790,301
FRAUENBERG,57200,301
FREISTROFF,57320,301
FREMERY,57590,301
FREMESTROFF,57660,301
FRENOIS,21120,301
FRESNES,21500,301
FRESNES EN SAULNOIS,57170,301
FREYBOUSE,57660,301
FREYMING MERLEBACH,57800,301
FRIBOURG,57810,301
FRIGNICOURT,51300,301
FROLOIS,21150,301
FROMENTIERES,51210,301
FUSSEY,21700,301
GANDRANGE,57175,301
GARREBOURG,57820,301
GAVISSE,57570,301
GAYE,51120,301
GELUCOURT,57260,301
GEMEAUX,21120,301
GENAY,21140,301
GENLIS,21110,301
GERBECOURT,57170,301
GERGUEIL,21410,301
GERLAND,21700,301
GERMIGNY,51390,301
GERMINON,51130,301
GEVREY CHAMBERTIN,21220,301
GEVROLLES,21520,301
GIFFAUMONT CHAMPAUBERT,51290,301
GIGNY BUSSY,51290,301
GILLY LES CITEAUX,21640,301
GISSEY LE VIEIL,21350,301
GISSEY SOUS FLAVIGNY,21150,301
GISSEY SUR OUCHE,21410,301
GIVRY EN ARGONNE,51330,301
GIVRY LES LOISY,51130,301
GIVRYCOURT,57670,301
GIZAUCOURT,51800,301
GLANNES,51300,301
GLANON,21250,301
GLATIGNY,57530,301
GOETZENBRUCK,57620,301
GOIN,57420,301
GOMELANGE,57220,301
GOMMEVILLE,21400,301
GONDREXANGE,57815,301
GORZE,57680,301
GOSSELMING,57930,301
GOURGANCON,51230,301
GRANCEY LE CHATEAU NEUVELLE,21580,301
GRANCEY SUR OURCE,21570,301
GRANGES SUR AUBE,51260,301
GRATREUIL,51800,301
GRAUVES,51190,301
GRAVELOTTE,57130,301
GREMECEY,57170,301
GRENANT LES SOMBERNON,21540,301
GRENING,57660,301
GRESIGNY STE REINE,21150,301
GRIGNON,21150,301
GRINDORFF BIZING,57480,301
GRISELLES,21330,301
GROS REDERCHING,57410,301
GROSBLIEDERSTROFF,57520,301
GROSBOIS EN MONTAGNE,21540,301
GROSBOIS LES TICHEY,21250,301
GROSTENQUIN,57660,301
GRUNDVILLER,57510,301
GUEBENHOUSE,57510,301
GUEBESTROFF,57260,301
GUEBLANGE LES DIEUZE,57260,301
GUEBLING,57260,301
GUENANGE,57310,301
GUENVILLER,57470,301
GUERMANGE,57260,301
GUERSTLING,57320,301
GUERTING,57880,301
GUESSLING HEMERING,57380,301
GUEUX,51390,301
GUINGLANGE,57690,301
GUINKIRCHEN,57220,301
GUINZELING,57670,301
GUNTZVILLER,57405,301
GURGY LA VILLE,21290,301
GURGY LE CHATEAU,21290,301
HABOUDANGE,57340,301
HAGEN,57570,301
HAGONDANGE,57300,301
HALLERING,57690,301
HALSTROFF,57480,301
HAM SOUS VARSBERG,57880,301
HAMBACH,57910,301
HAMPONT,57170,301
HAN SUR NIED,57580,301
HANGVILLER,57370,301
HANNOCOURT,57590,301
HANS,51800,301
HANVILLER,57230,301
HARAUCOURT SUR SEILLE,57630,301
HARGARTEN AUX MINES,57550,301
HARPRICH,57340,301
HARREBERG,57870,301
HARTZVILLER,57870,301
HASELBOURG,57850,301
HASPELSCHIEDT,57230,301
HATTIGNY,57790,301
HAUCONCOURT,57280,301
HAUSSIGNEMONT,51300,301
HAUSSIMONT,51320,301
HAUT CLOCHER,57400,301
HAUTE KONTZ,57480,301
HAUTE VIGNEULLES,57690,301
HAUTEROCHE,21150,301
HAUTEVILLE LES DIJON,21121,301
HAUTVILLERS,51160,301
HAVANGE,57650,301
HAYANGE,57700,301
HAYES,57530,301
HAZEMBOURG,57430,301
HEILTZ L EVEQUE,51340,301
HEILTZ LE HUTIER,51300,301
HEILTZ LE MAURUPT,51340,301
HEINING LES BOUZONVILLE,57320,301
HELLERING LES FENETRANGE,57930,301
HELLIMER,57660,301
HELSTROFF,57220,301
HEMILLY,57690,301
HEMING,57830,301
HENRIDORFF,57820,301
HENRIVILLE,57450,301
HERANGE,57635,301
HERMELANGE,57790,301
HERMONVILLE,51220,301
HERNY,57580,301
HERPONT,51460,301
HERTZING,57830,301
HESSE,57400,301
HESTROFF,57320,301
HETTANGE GRANDE,57330,301
HEUILLEY SUR SAONE,21270,301
HEUTREGIVILLE,51110,301
HILBESHEIM,57400,301
HILSPRICH,57510,301
HINCKANGE,57220,301
HOLACOURT,57380,301
HOLLING,57220,301
HOLVING,57510,301
HOMBOURG BUDANGE,57920,301
HOMBOURG HAUT,57470,301
HOMMARTING,57405,301
HOMMERT,57870,301
HONSKIRCH,57670,301
HOSTE,57510,301
HOTTVILLER,57720,301
HOURGES,51140,301
HUIRON,51300,301
HULTEHOUSE,57820,301
HUMBAUVILLE,51320,301
HUNDLING,57990,301
HUNTING,57480,301
IBIGNY,57830,301
IGNY COMBLIZY,51700,301
ILLANGE,57970,301
IMLING,57400,301
INGLANGE,57970,301
INSMING,57670,301
INSVILLER,57670,301
IPPLING,57990,301
IS SUR TILLE,21120,301
ISLE SUR MARNE,51290,301
ISLES SUR SUIPPE,51110,301
IZEURE,21110,301
IZIER,21110,301
JAILLY LES MOULINS,21150,301
JALLANGES,21250,301
JALLAUCOURT,57590,301
JALONS,51150,301
JANCIGNY,21310,301
JANVILLIERS,51210,301
JANVRY,51390,301
JEUX LES BARD,21460,301
JOISELLE,51310,301
JONCHERY SUR SUIPPE,51600,301
JONCHERY SUR VESLE,51140,301
JONQUERY,51700,301
JOUEY,21230,301
JOURS LES BAIGNEUX,21450,301
JOUY AUX ARCHES,57130,301
JOUY LES REIMS,51390,301
JUILLENAY,21210,301
JUILLY,21140,301
JURY,57245,301
JUSSECOURT MINECOURT,51340,301
JUVELIZE,57630,301
JUVILLE,57590,301
KALHAUSEN,57412,301
KANFEN,57330,301
KAPPELKINGER,57430,301
KEDANGE SUR CANNER,57920,301
KEMPLICH,57920,301
KERBACH,57460,301
KERLING LES SIERCK,57480,301
KERPRICH AUX BOIS,57830,301
KIRSCH LES SIERCK,57480,301
KIRSCHNAUMEN,57480,301
KIRVILLER,57430,301
KLANG,57920,301
KNUTANGE,57240,301
KOENIGSMACKER,57970,301
KUNTZIG,57970,301
L ETANG VERGY,21220,301
L HOPITAL,57490,301
LA BUSSIERE SUR OUCHE,21360,301
LA CAURE,51270,301
LA CELLE SOUS CHANTEMERLE,51260,301
LA CHAPELLE FELCOURT,51800,301
LA CHAPELLE LASSON,51260,301
LA CHAPELLE SOUS ORBAIS,51270,301
LA CHAUME,21520,301
LA CHAUSSEE SUR MARNE,51240,301
LA CHEPPE,51600,301
LA CROIX EN CHAMPAGNE,51600,301
LA FORESTIERE,51120,301
LA MAXE,57140,301
LA MOTTE TERNANT,21210,301
LA NEUVILLE AU PONT,51800,301
LA NEUVILLE AU TEMPLE,51400,301
LA NEUVILLE AUX BOIS,51330,301
LA NEUVILLE AUX LARRIS,51480,301
LA NOUE,51310,301
LA ROCHE EN BRENIL,21530,301
LA ROCHE VANNEAU,21150,301
LA ROCHEPOT,21340,301
LA VEUVE,51520,301
LA VILLE SOUS ORBAIS,51270,301
LA VILLENEUVE LES CHARLEVILLE,51120,301
LA VILLENEUVE LES CONVERS,21450,301
LABERGEMENT FOIGNEY,21110,301
LABERGEMENT LES AUXONNE,21130,301
LABERGEMENT LES SEURRE,21820,301
LABRUYERE,21250,301
LACANCHE,21230,301
LACHAMBRE,57730,301
LACHY,51120,301
LACOUR D ARCENAY,21210,301
LADOIX SERRIGNY,21550,301
LAFRIMBOLLE,57560,301
LAGERY,51170,301
LAIGNES,21330,301
LAMARCHE SUR SAONE,21760,301
LAMARGELLE,21440,301
LAMBACH,57410,301
LANDANGE,57830,301
LANDROFF,57340,301
LANEUVEVILLE EN SAULNOIS,57590,301
LANEUVEVILLE LES LORQUIN,57790,301
LANGATTE,57400,301
LANGUIMBERG,57810,301
LANING,57660,301
LANTHES,21250,301
LANTILLY,21140,301
LAPERRIERE SUR SAONE,21170,301
LAQUENEXY,57530,301
LARREY,21330,301
LARZICOURT,51290,301
LAUDREFANG,57385,301
LAUMESFELD,57480,301
LAUNSTROFF,57480,301
LAVAL SUR TOURBE,51600,301
LAVANNES,51110,301
LE BAIZIL,51270,301
LE CHATELIER,51330,301
LE CHEMIN,51800,301
LE FETE,21230,301
LE FRESNE,51240,301
LE GAULT SOIGNY,51210,301
LE MEIX,21580,301
LE MEIX ST EPOING,51120,301
LE MEIX TIERCELIN,51320,301
LE MESNIL SUR OGER,51190,301
LE THOULT TROSNAY,51210,301
LE VAL DE GUEBLANGE,57430,301
LE VAL LARREY,21140,301
LE VEZIER,51210,301
LE VIEIL DAMPIERRE,51330,301
LECHATELET,21250,301
LELLING,57660,301
LEMBERG,57620,301
LEMONCOURT,57590,301
LEMUD,57580,301
LENGELSHEIM,57720,301
LENHARREE,51230,301
LENING,57670,301
LERY,21440,301
LES CHARMONTOIS,51330,301
LES ESSARTS LE VICOMTE,51310,301
LES ESSARTS LES SEZANNE,51120,301
LES ETANGS,57530,301
LES GOULLES,21520,301
LES GRANDES LOGES,51400,301
LES ISTRES ET BURY,51190,301
LES MAILLYS,21130,301
LES MESNEUX,51370,301
LES PETITES LOGES,51400,301
LES RIVIERES HENRUEL,51300,301
LESSE,57580,301
LESSY,57160,301
LEUGLAY,21290,301
LEUVRIGNY,51700,301
LEVERNOIS,21200,301
LEY,57810,301
LEYVILLER,57660,301
LEZEY,57630,301
LHERY,51170,301
LHOR,57670,301
LICEY SUR VINGEANNE,21610,301
LIDREZING,57340,301
LIEDERSCHIEDT,57230,301
LIEHON,57420,301
LIERNAIS,21430,301
LIGNON,51290,301
LINDRE BASSE,57260,301
LINDRE HAUTE,57260,301
LINTHELLES,51230,301
LINTHES,51230,301
LIOCOURT,57590,301
LISSE EN CHAMPAGNE,51300,301
LIVRY LOUVERCY,51400,301
LIXHEIM,57635,301
LIXING LES ROUHLING,57520,301
LIXING LES ST AVOLD,57660,301
LOISY EN BRIE,51130,301
LOISY SUR MARNE,51300,301
LOIVRE,51220,301
LOMMERANGE,57650,301
LONGCHAMP,21110,301
LONGEAULT PLUVAULT,21110,301
LONGECOURT EN PLAINE,21110,301
LONGECOURT LES CULETRE,21230,301
LONGEVILLE LES ST AVOLD,57740,301
LONGVIC,21600,301
LORQUIN,57790,301
LORRY MARDIGNY,57420,301
LOSNE,21170,301
LOSTROFF,57670,301
LOUDREFING,57670,301
LOUESME,21520,301
LOUPERSHOUSE,57510,301
LOUTZVILLER,57720,301
LUBECOURT,57170,301
LUCENAY LE DUC,21150,301
LUCEY,21290,301
LUCY,57590,301
LUDES,51500,301
LUPPY,57580,301
LUSIGNY SUR OUCHE,21360,301
LUTTANGE,57935,301
LUTZELBOURG,57820,301
LUX,21120,301
LUXEMONT ET VILLOTTE,51300,301
MACHEREN,57730,301
MACONGE,21320,301
MAFFRECOURT,51800,301
MAGENTA,51530,301
MAGNEUX,51170,301
MAGNIEN,21230,301
MAGNY LA VILLE,21140,301
MAGNY LAMBERT,21450,301
MAGNY LES AUBIGNY,21170,301
MAGNY LES VILLERS,21700,301
MAGNY MONTARLOT,21130,301
MAGNY ST MEDARD,21310,301
MAGNY SUR TILLE,21110,301
MAILLY CHAMPAGNE,51500,301
MAINVILLERS,57380,301
MAIRY SUR MARNE,51240,301
MAISEY LE DUC,21400,301
MAISONS EN CHAMPAGNE,51300,301
MAIZEROY,57530,301
MAIZIERES LES METZ,57280,301
MAIZIERES LES VIC,57810,301
MALAIN,21410,301
MALAUCOURT SUR SEILLE,57590,301
MALIGNY,21230,301
MALLING,57480,301
MALMY,51800,301
MALROY,57640,301
MANCY,51530,301
MANDEREN RITZING,57480,301
MANHOUE,57590,301
MANLAY,21430,301
MANOM,57100,301
MANY,57380,301
MARANDEUIL,21270,301
MARANGE SILVANGE,57535,301
MARANGE ZONDRANGE,57690,301
MARCELLOIS,21350,301
MARCENAY,21330,301
MARCHESEUIL,21430,301
MARCIGNY SOUS THIL,21390,301
MARCILLY ET DRACY,21350,301
MARCILLY OGNY,21320,301
MARCILLY SUR SEINE,51260,301
MARCILLY SUR TILLE,21120,301
MARDEUIL,51530,301
MAREUIL EN BRIE,51270,301
MAREUIL LE PORT,51700,301
MAREY LES FUSSEY,21700,301
MAREY SUR TILLE,21120,301
MARFAUX,51170,301
MARGERIE HANCOURT,51290,301
MARIEULLES,57420,301
MARIGNY LE CAHOUET,21150,301
MARIGNY LES REULLEE,21200,301
MARIMONT LES BENESTROFF,57670,301
MARLIENS,21110,301
MARLY,57155,301
MARSAL,57630,301
MARSANGIS,51260,301
MARSANNAY LA COTE,21160,301
MARSANNAY LE BOIS,21380,301
MARSON,51240,301
MARTHILLE,57340,301
MARTROIS,21320,301
MASSIGES,51800,301
MASSINGY,21400,301
MASSINGY LES SEMUR,21140,301
MASSINGY LES VITTEAUX,21350,301
MATIGNICOURT GONCOURT,51300,301
MATOUGUES,51510,301
MAURUPT LE MONTOIS,51340,301
MAUVILLY,21510,301
MAVILLY MANDELOT,21190,301
MAXILLY SUR SAONE,21270,301
MAXSTADT,57660,301
MECLEUVES,57245,301
MECRINGES,51210,301
MEGANGE,57220,301
MEILLY SUR ROUVRES,21320,301
MEISENTHAL,57960,301
MELOISEY,21190,301
MENESBLE,21290,301
MENESSAIRE,21430,301
MENETREUX LE PITOIS,21150,301
MENSKIRCH,57320,301
MERCEUIL,21190,301
MERFY,51220,301
MERLAUT,51300,301
MERSCHWEILLER,57480,301
MERTEN,57550,301
MERY PREMECY,51390,301
MESSANGES,21220,301
MESSIGNY ET VANTOUX,21380,301
METAIRIES ST QUIRIN,57560,301
METTING,57370,301
METZERESCHE,57920,301
METZERVISSE,57940,301
METZING,57980,301
MEUILLEY,21700,301
MEULSON,21510,301
MEURSANGES,21200,301
MEURSAULT,21190,301
MEY,57070,301
MILLERY,21140,301
MIMEURE,21230,301
MINAUCOURT LE MESNIL LES HURLUS,51800,301
MINOT,21510,301
MIREBEAU SUR BEZE,21310,301
MISSERY,21210,301
MITTELBRONN,57370,301
MITTERSHEIM,57930,301
MOEURS VERDEY,51120,301
MOIREMONT,51800,301
MOITRON,21510,301
MOIVRE,51240,301
MOLESME,21330,301
MOLINOT,21340,301
MOLOY,21120,301
MOLPHEY,21210,301
MOLRING,57670,301
MOMERSTROFF,57220,301
MONCETZ L ABBAYE,51290,301
MONCETZ LONGEVAS,51470,301
MONCHEUX,57420,301
MONCOURT,57810,301
MONDELANGE,57300,301
MONDEMENT MONTGIVROUX,51120,301
MONDORFF,57570,301
MONNEREN,57920,301
MONT SUR COURVILLE,51170,301
MONTAGNY LES BEAUNE,21200,301
MONTAGNY LES SEURRE,21250,301
MONTBARD,21500,301
MONTBERTHAULT,21460,301
MONTBRE,51500,301
MONTBRONN,57415,301
MONTCEAU ET ECHARNANT,21360,301
MONTDIDIER,57670,301
MONTENACH,57480,301
MONTEPREUX,51320,301
MONTGENOST,51260,301
MONTHELIE,21190,301
MONTHELON,51530,301
MONTIGNY LES METZ,57950,301
MONTIGNY MONTFORT,21500,301
MONTIGNY MORNAY VILLENEUVE VINGEANNE,21610,301
MONTIGNY ST BARTHELEMY,21390,301
MONTIGNY SUR ARMANCON,21140,301
MONTIGNY SUR AUBE,21520,301
MONTIGNY SUR VESLE,51140,301
MONTLAY EN AUXOIS,21210,301
MONTLIOT ET COURCELLES,21400,301
MONTMAIN,21250,301
MONTMANCON,21270,301
MONTMIRAIL,51210,301
MONTMORT LUCY,51270,301
MONTMOYEN,21290,301
MONTOILLOT,21540,301
MONTOIS LA MONTAGNE,57860,301
MONTOT,21170,301
MORANGIS,51530,301
MOREY ST DENIS,21220,301
MORHANGE,57340,301
MORSAINS,51210,301
MORSBACH,57600,301
MORVILLE LES VIC,57170,301
MORVILLE SUR NIED,57590,301
MOSLINS,51530,301
MOSSON,21400,301
MOULINS LES METZ,57160,301
MOURMELON LE GRAND,51400,301
MOURMELON LE PETIT,51400,301
MOUSSY,51530,301
MOUTERHOUSE,57620,301
MOUTIERS ST JEAN,21500,301
MOYENVIC,57630,301
MOYEUVRE GRANDE,57250,301
MOYEUVRE PETITE,57250,301
MUIZON,51140,301
MULCEY,57260,301
MUNSTER,57670,301
MUSIGNY,21230,301
MUSSY LA FOSSE,21150,301
MUTIGNY,51160,301
NAN SOUS THIL,21390,301
NANTEUIL LA FORET,51480,301
NANTOUX,21190,301
NARBEFONTAINE,57220,301
NEBING,57670,301
NELLING,57670,301
NESLE ET MASSOULT,21330,301
NESLE LA REPOSTE,51120,301
NESLE LE REPONS,51700,301
NEUFCHEF,57700,301
NEUFGRANGE,57910,301
NEUFMOULINS,57830,301
NEUFVILLAGE,57670,301
NEUILLY CRIMOLOIS,21800,301
NEUNKIRCHEN LES BOUZONVILLE,57320,301
NICEY,21330,301
NIDERHOFF,57560,301
NIDERVILLER,57565,301
NIEDERSTINZEL,57930,301
NIEDERVISSE,57220,301
NILVANGE,57240,301
NITTING,57790,301
NOD SUR SEINE,21400,301
NOGENT L ABBESSE,51420,301
NOGENT LES MONTBARD,21500,301
NOIDAN,21390,301
NOIRLIEU,51330,301
NOIRON SOUS GEVREY,21910,301
NOIRON SUR BEZE,21310,301
NOIRON SUR SEINE,21400,301
NOISSEVILLE,57645,301
NOLAY,21340,301
NORGES LA VILLE,21490,301
NORMIER,21390,301
NORROIS,51300,301
NORROY LE VENEUR,57140,301
NOUILLY,57645,301
NOUSSEVILLER LES BITCHE,57720,301
NOUSSEVILLER ST NABOR,57990,301
NOVEANT SUR MOSELLE,57680,301
NUISEMENT SUR COOLE,51240,301
NUITS ST GEORGES,21700,301
OBERDORFF,57320,301
OBERGAILBACH,57720,301
OBERSTINZEL,57930,301
OBERVISSE,57220,301
OBRECK,57170,301
OBTREE,21400,301
OETING,57600,301
OGY MONTOY FLANVILLE,57530,301
OIGNY,21450,301
OIRY,51530,301
OISILLY,21310,301
OLIZY,51700,301
OMEY,51240,301
OMMERAY,57810,301
ORAIN,21610,301
ORBAIS L ABBAYE,51270,301
ORCONTE,51300,301
ORGEUX,21490,301
ORIGNY,21510,301
ORIOCOURT,57590,301
ORMERSVILLER,57720,301
ORNY,57420,301
ORON,57590,301
ORRET,21450,301
ORVILLE,21260,301
OTTANGE,57840,301
OTTONVILLE,57220,301
OUDRENNE,57970,301
OUGES,21600,301
OUTINES,51290,301
OUTREPONT,51300,301
OYES,51120,301
PAGNY LA VILLE,21250,301
PAGNY LE CHATEAU,21250,301
PAGNY LES GOIN,57420,301
PAINBLANC,21360,301
PANGE,57530,301
PANGES,21540,301
PARGNY LES REIMS,51390,301
PARGNY SUR SAULX,51340,301
PASQUES,21370,301
PASSAVANT EN ARGONNE,51800,301
PASSY GRIGNY,51700,301
PEAS,51120,301
PELLEREY,21440,301
PELTRE,57245,301
PERNAND VERGELESSES,21420,301
PERRIGNY LES DIJON,21160,301
PERRIGNY SUR L OGNON,21270,301
PETIT REDERCHING,57410,301
PETIT TENQUIN,57660,301
PETITE ROSSELLE,57540,301
PETTONCOURT,57170,301
PEVANGE,57340,301
PEVY,51140,301
PHALSBOURG,57370,301
PHILIPPSBOURG,57230,301
PIBLANGE,57220,301
PICHANGES,21120,301
PIERRE MORAINS,51130,301
PIERREVILLERS,57120,301
PIERRY,51530,301
PLAINE DE WALSCH,57870,301
PLANAY,21500,301
PLESNOIS,57140,301
PLEURS,51230,301
PLICHANCOURT,51300,301
PLIVOT,51150,301
PLOMBIERES LES DIJON,21370,301
PLUVET,21110,301
POCANCY,51130,301
POGNY,51240,301
POILLY,51170,301
POINCON LES LARREY,21330,301
POISEUL LA GRANGE,21440,301
POISEUL LA VILLE ET LAPERRIERE,21450,301
POISEUL LES SAULX,21120,301
POIX,51460,301
POMACLE,51110,301
POMMARD,21630,301
PONCEY LES ATHEE,21130,301
PONCEY SUR L IGNON,21440,301
PONT,21130,301
PONT ET MASSENE,21140,301
PONTAILLER SUR SAONE,21270,301
PONTFAVERGER MORONVILLIERS,51490,301
PONTHION,51300,301
PONTOY,57420,301
PONTPIERRE,57380,301
PORCELETTE,57890,301
POSANGES,21350,301
POSSESSE,51330,301
POSTROFF,57930,301
POTANGIS,51260,301
POTHIERES,21400,301
POUILLENAY,21150,301
POUILLY,57420,301
POUILLY EN AUXOIS,21320,301
POUILLY SUR SAONE,21250,301
POUILLY SUR VINGEANNE,21610,301
POURCY,51480,301
POURNOY LA CHETIVE,57420,301
POURNOY LA GRASSE,57420,301
PRALON,21410,301
PRECY SOUS THIL,21390,301
PREMEAUX PRISSEY,21700,301
PRENOIS,21370,301
PREVOCOURT,57590,301
PRINGY,51300,301
PROSNES,51400,301
PROUILLY,51140,301
PRUNAY,51360,301
PRUSLY SUR OURCE,21400,301
PUISIEULX,51500,301
PUITS,21400,301
PULIGNY MONTRACHET,21190,301
PUTTELANGE AUX LACS,57510,301
PUTTELANGE LES THIONVILLE,57570,301
PUTTIGNY,57170,301
PUZIEUX,57590,301
QUEMIGNY SUR SEINE,21510,301
QUETIGNY,21800,301
QUEUDES,51120,301
QUINCEROT,21500,301
QUINCEY,21700,301
QUINCY LE VICOMTE,21500,301
RACRANGE,57340,301
RAHLING,57410,301
RANGUEVAUX,57700,301
RAPSECOURT,51330,301
RAVILLE,57530,301
RECEY SUR OURCE,21290,301
RECHICOURT LE CHATEAU,57810,301
RECY,51520,301
REDANGE,57390,301
REDING,57445,301
REIMS LA BRULEE,51300,301
REMELFANG,57320,301
REMELFING,57200,301
REMELING,57480,301
REMERING,57550,301
REMERING LES PUTTELANGE,57510,301
REMICOURT,51330,301
REMILLY,57580,301
REMILLY EN MONTAGNE,21540,301
REMILLY SUR TILLE,21560,301
RENEVE,21310,301
RENING,57670,301
RETONFEY,57645,301
RETTEL,57480,301
REULLE VERGY,21220,301
REUVES,51120,301
REVEILLON,51310,301
REYERSVILLER,57230,301
REZONVILLE VIONVILLE,57130,301
RHODES,57810,301
RICHE,57340,301
RICHELING,57510,301
RICHEMONT,57270,301
RICHEVAL,57830,301
RIEL LES EAUX,21570,301
RIEUX,51210,301
RILLY LA MONTAGNE,51500,301
RIMLING,57720,301
ROCHEFORT SUR BREVON,21510,301
ROCHONVILLERS,57840,301
RODALBE,57340,301
RODEMACK,57570,301
ROHRBACH LES BITCHE,57410,301
ROILLY,21390,301
ROLBING,57720,301
ROMBAS,57120,301
ROMELFING,57930,301
ROMIGNY,51170,301
RONCOURT,57860,301
ROPPEVILLER,57230,301
RORBACH LES DIEUZE,57260,301
ROSBRUCK,57800,301
ROSSELANGE,57780,301
ROUFFY,51130,301
ROUGEMONT,21500,301
ROUHLING,57520,301
ROUPELDANGE,57220,301
ROUSSY LE VILLAGE,57330,301
ROUVRAY,21530,301
ROUVRES EN PLAINE,21110,301
ROUVRES SOUS MEILLY,21320,301
ROUVROY RIPONT,51800,301
ROZERIEULLES,57160,301
RUFFEY LES BEAUNE,21200,301
RUFFEY LES ECHIREY,21490,301
RURANGE LES THIONVILLE,57310,301
RUSSANGE,57390,301
RUSTROFF,57480,301
SACQUENAY,21260,301
SACY,51500,301
SAFFRES,21350,301
SAILLY ACHATEL,57420,301
SALIVES,21580,301
SALMAISE,21690,301
SALONNES,57170,301
SAMEREY,21170,301
SANRY LES VIGY,57640,301
SANRY SUR NIED,57530,301
SANTENAY,21590,301
SANTOSSE,21340,301
SARCY,51170,301
SARON SUR AUBE,51260,301
SARRALBE,57430,301
SARRALTROFF,57400,301
SARREBOURG,57400,301
SARREGUEMINES,57200,301
SARREINSMING,57905,301
SARRY,51520,301
SAUDOY,51120,301
SAULIEU,21210,301
SAULNY,57140,301
SAULON LA CHAPELLE,21910,301
SAULON LA RUE,21910,301
SAULX LE DUC,21120,301
SAUSSEY,21360,301
SAUSSY,21380,301
SAVIGNY LE SEC,21380,301
SAVIGNY LES BEAUNE,21420,301
SAVIGNY SOUS MALAIN,21540,301
SAVIGNY SUR ARDRES,51170,301
SAVILLY,21430,301
SAVOISY,21500,301
SAVOLLES,21310,301
SAVOUGES,21910,301
SCHALBACH,57370,301
SCHMITTVILLER,57412,301
SCHNECKENBUSCH,57400,301
SCHOENECK,57350,301
SCHORBACH,57230,301
SCHWERDORFF,57320,301
SCHWEYEN,57720,301
SCRUPT,51340,301
SCY CHAZELLES,57160,301
SECOURT,57420,301
SEGROIS,21220,301
SEIGNY,21150,301
SEINGBOUSE,57455,301
SELONGEY,21260,301
SEMAREY,21320,301
SEMECOURT,57280,301
SEMEZANGES,21220,301
SEMOND,21450,301
SEMUR EN AUXOIS,21140,301
SENAILLY,21500,301
SENNECEY LES DIJON,21800,301
SEPT SAULX,51400,301
SEREMANGE ERZANGE,57290,301
SERMAIZE LES BAINS,51250,301
SERMIERS,51500,301
SERVIGNY LES RAVILLE,57530,301
SERVIGNY LES STE BARBE,57640,301
SERVON MELZICOURT,51800,301
SERZY ET PRIN,51170,301
SEURRE,21250,301
SEZANNE,51120,301
SIERCK LES BAINS,57480,301
SIERSTHAL,57410,301
SILLEGNY,57420,301
SILLERY,51500,301
SILLY EN SAULNOIS,57420,301
SILLY SUR NIED,57530,301
SINCEY LES ROUVRAY,21530,301
SIVRY ANTE,51800,301
SOGNY AUX MOULINS,51520,301
SOGNY EN L ANGLE,51340,301
SOIRANS,21110,301
SOISSONS SUR NACEY,21270,301
SOIZY AUX BOIS,51120,301
SOLGNE,57420,301
SOMBERNON,21540,301
SOMME BIONNE,51800,301
SOMME SUIPPE,51600,301
SOMME TOURBE,51600,301
SOMME VESLE,51460,301
SOMME YEVRE,51330,301
SOMMEPY TAHURE,51600,301
SOMMESOUS,51320,301
SOMPUIS,51320,301
SOMSOIS,51290,301
SONGY,51240,301
SOTZELING,57170,301
SOUAIN PERTHES LES HURLUS,51600,301
SOUCHT,57960,301
SOUDE,51320,301
SOUDRON,51320,301
SOUHEY,21140,301
SOULANGES,51300,301
SOULIERES,51130,301
SOURCE SEINE,21690,301
SOUSSEY SUR BRIONNE,21350,301
SPICHEREN,57350,301
ST AMAND SUR FION,51300,301
ST ANDEUX,21530,301
ST ANTHOT,21540,301
ST AVOLD,57500,301
ST BON,51310,301
ST BRICE COURCELLES,51370,301
ST BROING LES MOINES,21290,301
ST CHERON,51290,301
ST DIDIER,21210,301
ST EPVRE,57580,301
ST ETIENNE AU TEMPLE,51460,301
ST ETIENNE SUR SUIPPE,51110,301
ST EUPHRAISE ET CLAIRIZET,51390,301
ST EUPHRONE,21140,301
ST FRANCOIS LACROIX,57320,301
ST GERMAIN DE MODEON,21530,301
ST GERMAIN LA VILLE,51240,301
ST GERMAIN LE ROCHEUX,21510,301
ST GERMAIN LES SENAILLY,21500,301
ST GIBRIEN,51510,301
ST HELIER,21690,301
ST HILAIRE LE GRAND,51600,301
ST HILAIRE LE PETIT,51490,301
ST HUBERT,57640,301
ST IMOGES,51160,301
ST JEAN DE BASSEL,57930,301
ST JEAN DE BOEUF,21410,301
ST JEAN DE LOSNE,21170,301
ST JEAN DEVANT POSSESSE,51330,301
ST JEAN KOURTZERODE,57370,301
ST JEAN ROHRBACH,57510,301
ST JEAN SUR MOIVRE,51240,301
ST JEAN SUR TOURBE,51600,301
ST JULIEN,21490,301
ST JULIEN LES METZ,57070,301
ST JURE,57420,301
ST JUST SAUVAGE,51260,301
ST LEGER TRIEY,21270,301
ST LOUIS,57820,301
ST LOUIS LES BITCHE,57620,301
ST LUMIER EN CHAMPAGNE,51300,301
ST LUMIER LA POPULEUSE,51340,301
ST MARC SUR SEINE,21450,301
ST MARD LES ROUFFY,51130,301
ST MARD SUR AUVE,51800,301
ST MARD SUR LE MONT,51330,301
ST MARTIN AUX CHAMPS,51240,301
ST MARTIN D ABLOIS,51530,301
ST MARTIN DE LA MER,21210,301
ST MARTIN L HEUREUX,51490,301
ST MARTIN SUR LE PRE,51520,301
ST MASMES,51490,301
ST MAURICE SUR VINGEANNE,21610,301
ST MEMMIE,51470,301
ST NICOLAS LES CITEAUX,21700,301
ST OUEN DOMPROT,51320,301
ST PHILIBERT,21220,301
ST PIERRE EN VAUX,21230,301
ST PRIVAT LA MONTAGNE,57855,301
ST PRIX LES ARNAY,21230,301
ST QUENTIN LE VERGER,51120,301
ST QUENTIN LES MARAIS,51300,301
ST QUENTIN SUR COOLE,51240,301
ST QUIRIN,57560,301
ST REMY EN BOUZEMONT ST GENEST ISSON,51290,301
ST REMY SOUS BROYES,51120,301
ST REMY SUR BUSSY,51600,301
ST SEINE EN BACHE,21130,301
ST SEINE L ABBAYE,21440,301
ST SEINE SUR VINGEANNE,21610,301
ST SOUPLET SUR PY,51600,301
ST SYMPHORIEN SUR SAONE,21170,301
ST THIERRY,51220,301
ST THOMAS EN ARGONNE,51800,301
ST UTIN,51290,301
ST VICTOR SUR OUCHE,21410,301
ST VRAIN,51340,301
STE BARBE,57640,301
STE COLOMBE EN AUXOIS,21350,301
STE COLOMBE SUR SEINE,21400,301
STE MARIE A PY,51600,301
STE MARIE AUX CHENES,57255,301
STE MARIE DU LAC NUISEMENT,51290,301
STE MARIE LA BLANCHE,21200,301
STE MARIE SUR OUCHE,21410,301
STE MENEHOULD,51800,301
STE RUFFINE,57130,301
STE SABINE,21320,301
STIRING WENDEL,57350,301
STUCKANGE,57970,301
STURZELBRONN,57230,301
SUIPPES,51600,301
SUISSE,57340,301
SUIZY LE FRANC,51270,301
SUSSEY,21430,301
TAISSY,51500,301
TALANGE,57525,301
TALANT,21240,301
TALMAY,21270,301
TALUS ST PRIX,51270,301
TANAY,21310,301
TARQUIMPOL,57260,301
TARSUL,21120,301
TART,21110,301
TART LE BAS,21110,301
TELLECEY,21270,301
TENTELING,57980,301
TERREFONDREE,21290,301
TERVILLE,57180,301
TETERCHEN,57220,301
TETING SUR NIED,57385,301
THAAS,51230,301
THEDING,57450,301
THENISSEY,21150,301
THIBIE,51510,301
THICOURT,57380,301
THIEBLEMONT FAREMONT,51300,301
THILLOIS,51370,301
THIMONVILLE,57580,301
THIONVILLE,57100,301
THOIRES,21570,301
THOISY LA BERCHERE,21210,301
THOISY LE DESERT,21320,301
THOMIREY,21360,301
THONVILLE,57380,301
THOREY EN PLAINE,21110,301
THOREY SOUS CHARNY,21350,301
THOREY SUR OUCHE,21360,301
THOSTE,21460,301
THURY,21340,301
TICHEY,21250,301
TIL CHATEL,21120,301
TILLENAY,21130,301
TILLOY ET BELLAY,51460,301
TINCRY,57590,301
TINQUEUX,51430,301
TOGNY AUX BOEUFS,51240,301
TORCHEVILLE,57670,301
TORCY ET POULIGNY,21460,301
TOUILLON,21500,301
TOURS SUR MARNE,51150,301
TOUTRY,21460,301
TRAGNY,57580,301
TRAMERY,51170,301
TRECLUN,21130,301
TRECON,51130,301
TREFOLS,51210,301
TREMERY,57300,301
TREPAIL,51380,301
TRESLON,51140,301
TRESSANGE,57710,301
TRIGNY,51140,301
TRITTELING REDLACH,57385,301
TROCHERES,21310,301
TROIS FONTAINES L ABBAYE,51340,301
TROIS PUITS,51500,301
TROISFONTAINES,57870,301
TROISSY,51700,301
TROMBORN,57320,301
TROUHANS,21170,301
TROUHAUT,21440,301
TRUGNY,21250,301
TURCEY,21540,301
TURQUESTEIN BLANCRUPT,57560,301
UCKANGE,57270,301
UNCEY LE FRANC,21350,301
UNCHAIR,51170,301
URCY,21220,301
VADENAY,51400,301
VAHL EBERSING,57660,301
VAHL LES BENESTROFF,57670,301
VAHL LES FAULQUEMONT,57380,301
VAL DE BRIDE,57260,301
VAL DE LIVRE,51150,301
VAL DE VESLE,51360,301
VAL DE VIERE,51340,301
VAL DES MARAIS,51130,301
VAL MONT,21340,301
VAL SUZON,21121,301
VALFORET,21220,301
VALLERANGE,57340,301
VALMESTROFF,57970,301
VALMONT,57730,301
VALMUNSTER,57220,301
VALMY,51800,301
VANAULT LE CHATEL,51330,301
VANAULT LES DAMES,51340,301
VANDENESSE EN AUXOIS,21320,301
VANDEUIL,51140,301
VANDIERES,51700,301
VANNAIRE,21400,301
VANNECOURT,57340,301
VANTOUX,57070,301
VANVEY,21400,301
VANY,57070,301
VARANGES,21110,301
VARIZE VAUDONCOURT,57220,301
VAROIS ET CHAIGNOT,21490,301
VARSBERG,57880,301
VASPERVILLER,57560,301
VASSIMONT ET CHAPELAINE,51320,301
VATIMONT,57580,301
VATRY,51320,301
VAUCHAMPS,51210,301
VAUCIENNES,51480,301
VAUCLERC,51300,301
VAUDEMANGE,51380,301
VAUDESINCOURT,51600,301
VAUDRECHING,57320,301
VAUX SAULES,21440,301
VAVRAY LE GRAND,51300,301
VAVRAY LE PETIT,51300,301
VAXY,57170,301
VECKERSVILLER,57370,301
VECKRING,57920,301
VEILLY,21360,301
VELARS SUR OUCHE,21370,301
VELOGNY,21350,301
VELVING,57220,301
VELYE,51130,301
VENAREY LES LAUMES,21150,301
VENTELAY,51140,301
VENTEUIL,51480,301
VERDONNET,21330,301
VERGAVILLE,57260,301
VERNANCOURT,51330,301
VERNEVILLE,57130,301
VERNOIS LES VESVRES,21260,301
VERNOT,21120,301
VERNY,57420,301
VERONNES,21260,301
VERREY SOUS DREE,21540,301
VERREY SOUS SALMAISE,21690,301
VERT TOULON,51130,301
VERTAULT,21330,301
VERZENAY,51360,301
VERZY,51380,301
VESCHEIM,57370,301
VESIGNEUL SUR MARNE,51240,301
VESVRES,21350,301
VEUVEY SUR OUCHE,21360,301
VEUXHAULLES SUR AUBE,21520,301
VIANGES,21430,301
VIBERSVILLER,57670,301
VIC DE CHASSENAY,21140,301
VIC DES PRES,21360,301
VIC SOUS THIL,21390,301
VIC SUR SEILLE,57630,301
VIEILMOULIN,21540,301
VIELVERGE,21270,301
VIENNE LA VILLE,51800,301
VIENNE LE CHATEAU,51800,301
VIEUX CHATEAU,21460,301
VIEUX LIXHEIM,57635,301
VIEVIGNE,21310,301
VIEVY,21230,301
VIGNOLES,21200,301
VIGNY,57420,301
VIGY,57640,301
VILLAINES EN DUESMOIS,21450,301
VILLAINES LES PREVOTES,21500,301
VILLARGOIX,21210,301
VILLARS ET VILLENOTTE,21140,301
VILLARS FONTAINE,21700,301
VILLE DOMMANGE,51390,301
VILLE EN SELVE,51500,301
VILLE EN TARDENOIS,51170,301
VILLE SUR TOURBE,51800,301
VILLEBERNY,21350,301
VILLEBICHOT,21700,301
VILLECOMTE,21120,301
VILLEFERRY,21350,301
VILLENEUVE LA LIONNE,51310,301
VILLENEUVE RENNEVILLE CHEVIGNY,51130,301
VILLENEUVE SOUS CHARIGNY,21140,301
VILLENEUVE ST VISTRE ET VILLEVOTTE,51120,301
VILLER,57340,301
VILLERS ALLERAND,51500,301
VILLERS AUX BOIS,51130,301
VILLERS AUX NOEUDS,51500,301
VILLERS EN ARGONNE,51800,301
VILLERS FRANQUEUX,51220,301
VILLERS LA FAYE,21700,301
VILLERS LE CHATEAU,51510,301
VILLERS LES POTS,21130,301
VILLERS MARMERY,51380,301
VILLERS PATRAS,21400,301
VILLERS ROTIN,21130,301
VILLERS STONCOURT,57530,301
VILLERS SUR NIED,57340,301
VILLESENEUX,51130,301
VILLEVENARD,51270,301
VILLEY SUR TILLE,21120,301
VILLIERS AUX CORNEILLES,51260,301
VILLIERS EN MORVAN,21430,301
VILLIERS LE DUC,21400,301
VILLING,57550,301
VILLOTTE ST SEINE,21690,301
VILLOTTE SUR OURCE,21400,301
VILLY EN AUXOIS,21350,301
VILLY LE MOUTIER,21250,301
VILSBERG,57370,301
VINCELLES,51700,301
VINDEY,51120,301
VIRGINY,51800,301
VIRMING,57340,301
VISERNY,21500,301
VITRY EN PERTHOIS,51300,301
VITRY LA VILLE,51240,301
VITRY LE FRANCOIS,51300,301
VITRY SUR ORNE,57185,301
VITTEAUX,21350,301
VITTERSBOURG,57670,301
VITTONCOURT,57580,301
VIX,21400,301
VOELFLING LES BOUZONVILLE,57320,301
VOILEMONT,51800,301
VOIMHAUT,57580,301
VOLMERANGE LES BOULAY,57220,301
VOLMERANGE LES MINES,57330,301
VOLMUNSTER,57720,301
VOLNAY,21190,301
VOLSTROFF,57940,301
VONGES,21270,301
VOSNE ROMANEE,21700,301
VOUARCES,51260,301
VOUDENAY,21230,301
VOUGEOT,21640,301
VOUILLERS,51340,301
VOULAINES LES TEMPLIERS,21290,301
VOUZY,51130,301
VOYER,57560,301
VRAUX,51150,301
VROIL,51330,301
VRY,57640,301
VULMONT,57420,301
WALDHOUSE,57720,301
WALDWEISTROFF,57320,301
WALDWISSE,57480,301
WALSCHBRONN,57720,301
WALSCHEID,57870,301
WALTEMBOURG,57370,301
WARGEMOULIN HURLUS,51800,301
WARMERIVILLE,51110,301
WIESVILLER,57200,301
WILLERWALD,57430,301
WINTERSBOURG,57635,301
WITRY LES REIMS,51420,301
WITTRING,57905,301
WOELFLING LES SARREGUEMINES,57200,301
WOIPPY,57140,301
WOUSTVILLER,57915,301
WUISSE,57170,301
XANREY,57630,301
XOCOURT,57590,301
XOUAXANGE,57830,301
YUTZ,57970,301
ZARBELING,57340,301
ZETTING,57905,301
ZILLING,57370,301
ZIMMING,57690,301
ZOMMANGE,57260,301
ZOUFFTGEN,57330,301
ABILLY,37160,286
ABONDANCE,74360,286
ALBY SUR CHERAN,74540,286
ALEX,74290,286
ALLEVES,74540,286
ALLINGES,74200,286
ALLONZIER LA CAILLE,74350,286
ALLOUVILLE BELLEFOSSE,76190,286
ALVIMARE,76640,286
AMANCY,74800,286
AMBILLOU,37340,286
AMBILLY,74100,286
AMBOISE,37400,286
AMBRUMESNIL,76550,286
AMFREVILLE LA MI VOIE,76920,286
ANCEAUMEVILLE,76710,286
ANCHE,37500,286
ANCOURT,76370,286
ANCOURTEVILLE SUR HERICOURT,76560,286
ANCRETIEVILLE ST VICTOR,76760,286
ANCRETTEVILLE SUR MER,76540,286
ANGERVILLE BAILLEUL,76110,286
ANGERVILLE L ORCHER,76280,286
ANGERVILLE LA MARTEL,76540,286
ANGIENS,76740,286
ANGLESQUEVILLE L ESNEVAL,76280,286
ANGLESQUEVILLE LA BRAS LONG,76740,286
ANNEMASSE,74100,286
ANNEVILLE AMBOURVILLE,76480,286
ANNEVILLE SUR SCIE,76590,286
ANNOUVILLE VILMESNIL,76110,286
ANQUETIERVILLE,76490,286
ANTHY SUR LEMAN,74200,286
ANTOGNY LE TILLAC,37800,286
ANVEVILLE,76560,286
ARACHES LA FRASSE,74300,286
ARBUSIGNY,74930,286
ARCHAMPS,74160,286
ARDOUVAL,76680,286
ARELAUNE EN SEINE,76940,286
ARENTHON,74800,286
ARGONAY,74370,286
ARGUEIL,76780,286
ARMOY,74200,286
ARQUES LA BATAILLE,76880,286
ARTANNES SUR INDRE,37260,286
ARTHAZ PONT NOTRE DAME,74380,286
ASSAY,37120,286
ATHEE SUR CHER,37270,286
AUBEGUIMONT,76390,286
AUBERMESNIL AUX ERABLES,76340,286
AUBERMESNIL BEAUMAIS,76550,286
AUBERVILLE LA MANUEL,76450,286
AUBERVILLE LA RENAULT,76110,286
AUMALE,76390,286
AUPPEGARD,76730,286
AUTHIEUX RATIEVILLE,76690,286
AUTIGNY,76740,286
AUTRECHE,37110,286
AUVILLIERS,76270,286
AUZEBOSC,76190,286
AUZOUER EN TOURAINE,37110,286
AUZOUVILLE L ESNEVAL,76760,286
AUZOUVILLE SUR RY,76116,286
AUZOUVILLE SUR SAANE,76730,286
AVESNES EN BRAY,76220,286
AVESNES EN VAL,76630,286
AVOINE,37420,286
AVON LES ROCHES,37220,286
AVREMESNIL,76730,286
AVRILLE LES PONCEAUX,37340,286
AYSE,74130,286
AZAY LE RIDEAU,37190,286
AZAY SUR CHER,37270,286
AZAY SUR INDRE,37310,286
BACQUEVILLE EN CAUX,76730,286
BAILLEUL NEUVILLE,76660,286
BAILLOLET,76660,286
BAILLY EN RIVIERE,76630,286
BALLAISON,74140,286
BALLAN MIRE,37510,286
BAONS LE COMTE,76190,286
BARDOUVILLE,76480,286
BARENTIN,76360,286
BAROMESNIL,76260,286
BARROU,37350,286
BASSY,74910,286
BAZINVAL,76340,286
BEAUBEC LA ROSIERE,76440,286
BEAULIEU LES LOCHES,37600,286
BEAUMONT EN VERON,37420,286
BEAUMONT LE HARENG,76850,286
BEAUMONT LOUESTAULT,37360,286
BEAUMONT VILLAGE,37460,286
BEAUSSAULT,76870,286
BEAUTOT,76890,286
BEAUVAL EN CAUX,76890,286
BEAUVOIR EN LYONS,76220,286
BEC DE MORTAGNE,76110,286
BELBEUF,76240,286
BELLENCOMBRE,76680,286
BELLEVAUX,74470,286
BELLEVILLE EN CAUX,76890,286
BELMESNIL,76590,286
BENAIS,37140,286
BENARVILLE,76110,286
BENESVILLE,76560,286
BERNEX,74500,286
BERNIERES,76210,286
BERTHEAUVILLE,76450,286
BERTHENAY,37510,286
BERTREVILLE,76450,286
BERTREVILLE ST OUEN,76590,286
BERTRIMONT,76890,286
BERVILLE EN CAUX,76560,286
BERVILLE SUR SEINE,76480,286
BETZ LE CHATEAU,37600,286
BEUZEVILLE LA GRENIER,76210,286
BEUZEVILLE LA GUERARD,76450,286
BEUZEVILLETTE,76210,286
BEZANCOURT,76220,286
BIERVILLE,76750,286
BIHOREL,76420,286
BIVILLE LA BAIGNARDE,76890,286
BIVILLE LA RIVIERE,76730,286
BLACQUEVILLE,76190,286
BLAINVILLE CREVON,76116,286
BLANGY SUR BRESLE,76340,286
BLERE,37150,286
BLOSSEVILLE,76460,286
BLOYE,74150,286
BLUFFY,74290,286
BOEGE,74420,286
BOGEVE,74250,286
BOIS D ENNEBOURG,76160,286
BOIS GUILBERT,76750,286
BOIS GUILLAUME,76230,286
BOIS HEROULT,76750,286
BOIS HIMONT,76190,286
BOIS L EVEQUE,76160,286
BOISSAY,76750,286
BOLBEC,76210,286
BOLLEVILLE,76210,286
BONNE,74380,286
BONNEVILLE,74130,286
BONS EN CHABLAIS,74890,286
BONSECOURS,76240,286
BOOS,76520,286
BORDEAUX ST CLAIR,76790,286
BORNAMBUSC,76110,286
BOSC BERENGER,76680,286
BOSC BORDEL,76750,286
BOSC EDELINE,76750,286
BOSC GUERARD ST ADRIEN,76710,286
BOSC HYONS,76220,286
BOSC LE HARD,76850,286
BOSC MESNIL,76680,286
BOSSAY SUR CLAISE,37290,286
BOSSEE,37240,286
BOSSEY,74160,286
BOSVILLE,76450,286
BOUDEVILLE,76560,286
BOUELLES,76270,286
BOURDAINVILLE,76760,286
BOURGUEIL,37140,286
BOURNAN,37240,286
BOURVILLE,76740,286
BOUSSAY,37290,286
BOUSSY,74150,286
BRACHY,76730,286
BRACQUETUIT,76850,286
BRADIANCOURT,76680,286
BRAMETOT,76740,286
BRASLOU,37120,286
BRAYE SOUS FAYE,37120,286
BRAYE SUR MAULNE,37330,286
BREAUTE,76110,286
BRECHES,37330,286
BREHEMONT,37130,286
BREMONTIER MERVAL,76220,286
BRENTHONNE,74890,286
BRETTEVILLE DU GRAND CAUX,76110,286
BRETTEVILLE ST LAURENT,76560,286
BRIDORE,37600,286
BRIZAY,37220,286
BRIZON,74130,286
BUEIL EN TOURAINE,37370,286
BURDIGNIN,74420,286
BURES EN BRAY,76660,286
BUTOT,76890,286
BUTOT VENESVILLE,76450,286
CAILLEVILLE,76460,286
CAILLY,76690,286
CALLENGEVILLE,76270,286
CALLEVILLE LES DEUX EGLISES,76890,286
CAMPNEUSEVILLE,76340,286
CANDES ST MARTIN,37500,286
CANEHAN,76260,286
CANGEY,37530,286
CANOUVILLE,76450,286
CANTELEU,76380,286
CANVILLE LES DEUX EGLISES,76560,286
CANY BARVILLE,76450,286
CARVILLE LA FOLLETIERE,76190,286
CARVILLE POT DE FER,76560,286
CATENAY,76116,286
CAUDEBEC LES ELBEUF,76320,286
CAUVILLE SUR MER,76930,286
CERCIER,74350,286
CERE LA RONDE,37460,286
CERELLES,37390,286
CERNEX,74350,286
CERVENS,74550,286
CHAINAZ LES FRASSES,74540,286
CHALLONGES,74910,286
CHAMBOURG SUR INDRE,37310,286
CHAMBRAY LES TOURS,37170,286
CHAMONIX MONT BLANC,74400,286
CHAMPANGES,74500,286
CHAMPIGNY SUR VEUDE,37120,286
CHANCAY,37210,286
CHANCEAUX PRES LOCHES,37600,286
CHANCEAUX SUR CHOISILLE,37390,286
CHANNAY SUR LATHAN,37330,286
CHAPEIRY,74540,286
CHARENTILLY,37390,286
CHARGE,37530,286
CHARNIZAY,37290,286
CHARVONNEX,74370,286
CHATEAU LA VALLIERE,37330,286
CHATEAU RENAULT,37110,286
CHATEL,74390,286
CHATILLON SUR CLUSES,74300,286
CHAUMUSSAY,37350,286
CHAVANNAZ,74270,286
CHAVANOD,74650,286
CHAVEIGNES,37120,286
CHEDIGNY,37310,286
CHEILLE,37190,286
CHEMILLE SUR DEME,37370,286
CHEMILLE SUR INDROIS,37460,286
CHENE EN SEMINE,74270,286
CHENEX,74520,286
CHENONCEAUX,37150,286
CHENS SUR LEMAN,74140,286
CHESSENAZ,74270,286
CHEVALINE,74210,286
CHEVENOZ,74500,286
CHEVRIER,74520,286
CHINON,37500,286
CHISSEAUX,37150,286
CHOISY,74330,286
CHOUZE SUR LOIRE,37140,286
CIDEVILLE,76570,286
CIGOGNE,37310,286
CINAIS,37500,286
CINQ MARS LA PILE,37130,286
CIRAN,37240,286
CIVRAY DE TOURAINE,37150,286
CIVRAY SUR ESVES,37160,286
CLAIS,76660,286
CLARAFOND ARCINE,74270,286
CLASVILLE,76450,286
CLAVILLE MOTTEVILLE,76690,286
CLEON,76410,286
CLERE LES PINS,37340,286
CLERES,76690,286
CLEUVILLE,76450,286
CLIPONVILLE,76640,286
CLUSES,74300,286
COLLEVILLE,76400,286
COLLONGES SOUS SALEVE,74160,286
COLMESNIL MANNEVILLE,76550,286
COMBLOUX,74920,286
COMPAINVILLE,76440,286
CONTAMINE SARZIN,74270,286
CONTAMINE SUR ARVE,74130,286
CONTINVOIR,37340,286
CONTREMOULINS,76400,286
COPPONEX,74350,286
CORDON,74700,286
CORMERY,37320,286
CORNIER,74800,286
COTEAUX SUR LOIRE,37130,286
COTTEVRARD,76850,286
COUESMES,37330,286
COURCAY,37310,286
COURCELLES DE TOURAINE,37330,286
COURCOUE,37120,286
COUZIERS,37500,286
CRANVES SALES,74380,286
CRASVILLE LA MALLET,76450,286
CRASVILLE LA ROCQUEFORT,76740,286
CRAVANT LES COTEAUX,37500,286
CREMPIGNY BONNEGUETE,74150,286
CRIEL SUR MER,76910,286
CRIQUEBEUF EN CAUX,76111,286
CRIQUETOT L ESNEVAL,76280,286
CRIQUETOT LE MAUCONDUIT,76540,286
CRIQUETOT SUR LONGUEVILLE,76590,286
CRIQUETOT SUR OUVILLE,76760,286
CRIQUIERS,76390,286
CRISSAY SUR MANSE,37220,286
CRITOT,76680,286
CROISY SUR ANDELLE,76780,286
CROIX MARE,76190,286
CROIXDALLE,76660,286
CROPUS,76720,286
CROSVILLE SUR SCIE,76590,286
CROTELLES,37380,286
CROUZILLES,37220,286
CRUSEILLES,74350,286
CUSSAY,37240,286
CUSY,74540,286
CUVAT,74350,286
CUVERVILLE SUR YERES,76260,286
CUY ST FIACRE,76220,286
DAME MARIE LES BOIS,37110,286
DAMPIERRE EN BRAY,76220,286
DAMPIERRE ST NICOLAS,76510,286
DANCOURT,76340,286
DARNETAL,76160,286
DAUBEUF SERVILLE,76110,286
DEMI QUARTIER,74120,286
DENESTANVILLE,76590,286
DESCARTES,37160,286
DESINGY,74270,286
DEVILLE LES ROUEN,76250,286
DIEPPE,76200,286
DIERRE,37150,286
DINGY EN VUACHE,74520,286
DINGY ST CLAIR,74230,286
DOLUS LE SEC,37310,286
DOMANCY,74700,286
DOUDEVILLE,76560,286
DOUSSARD,74210,286
DOUVAINE,74140,286
DOUVREND,76630,286
DRACHE,37800,286
DRAILLANT,74550,286
DROSAY,76460,286
DRUYE,37190,286
DUCLAIR,76480,286
DUINGT,74410,286
ECALLES ALIX,76190,286
ECRAINVILLE,76110,286
ECRETTEVILLE LES BAONS,76190,286
ECRETTEVILLE SUR MER,76540,286
ECTOT L AUBER,76760,286
ECTOT LES BAONS,76970,286
ELBEUF,76500,286
ELBEUF EN BRAY,76220,286
ELBEUF SUR ANDELLE,76780,286
ELETOT,76540,286
ELLECOURT,76390,286
ENTREVERNES,74410,286
ENVERMEU,76630,286
ENVRONVILLE,76640,286
EPAGNY METZ TESSY,74330,286
EPEIGNE LES BOIS,37150,286
EPEIGNE SUR DEME,37370,286
EPINAY SUR DUCLAIR,76480,286
EPOUVILLE,76133,286
EPRETOT,76430,286
EPREVILLE,76400,286
ERMENOUVILLE,76740,286
ERNEMONT LA VILLETTE,76220,286
ERNEMONT SUR BUCHY,76750,286
ESCLAVELLES,76270,286
ESLETTES,76710,286
ESSERT ROMAND,74110,286
ESTEVILLE,76690,286
ESVES LE MOUTIER,37240,286
ESVRES,37320,286
ETAIMPUIS,76850,286
ETAINHUS,76430,286
ETALLEVILLE,76560,286
ETALONDES,76260,286
ETEAUX,74800,286
ETERCY,74150,286
ETOUTTEVILLE,76190,286
ETREMBIERES,74100,286
ETRETAT,76790,286
EU,76260,286
EVIAN LES BAINS,74500,286
EXCENEVEX,74140,286
FALLENCOURT,76340,286
FAUCIGNY,74130,286
FAVERGES SEYTHENEX,74210,286
FAYE LA VINEUSE,37120,286
FECAMP,76400,286
FEIGERES,74160,286
FERRIERE LARCON,37350,286
FERRIERE SUR BEAULIEU,37600,286
FERRIERES EN BRAY,76220,286
FESQUES,76270,286
FESSY,74890,286
FETERNES,74500,286
FILLIERE,74370,286
FILLINGES,74250,286
FLAMETS FRETILS,76270,286
FLOCQUES,76260,286
FONDETTES,37230,286
FONGUEUSEMARE,76280,286
FONTAINE EN BRAY,76440,286
FONTAINE LA MALLET,76290,286
FONTAINE LE BOURG,76690,286
FONTAINE LE DUN,76740,286
FONTAINE SOUS PREAUX,76160,286
FORGES LES EAUX,76440,286
FOUCARMONT,76340,286
FOUCART,76640,286
FRANCLENS,74910,286
FRANCUEIL,37150,286
FRANGY,74270,286
FRANQUEVILLE ST PIERRE,76520,286
FREAUVILLE,76660,286
FRENEUSE,76410,286
FRESLES,76270,286
FRESNAY LE LONG,76850,286
FRESNE LE PLAN,76520,286
FRESNOY FOLNY,76660,286
FRESQUIENNES,76570,286
FREULLEVILLE,76510,286
FRICHEMESNIL,76690,286
FROBERVILLE,76400,286
FRY,76780,286
FULTOT,76560,286
GAILLARD,74240,286
GAILLEFONTAINE,76870,286
GAINNEVILLE,76700,286
GANCOURT ST ETIENNE,76220,286
GANZEVILLE,76400,286
GENILLE,37460,286
GERPONVILLE,76540,286
GERVILLE,76790,286
GIEZ,74210,286
GIZEUX,37340,286
GLIERES VAL DE BORNE,74130,286
GODERVILLE,76110,286
GONFREVILLE CAILLOT,76110,286
GONFREVILLE L ORCHER,76700,286
GONNETOT,76730,286
GONNEVILLE LA MALLET,76280,286
GONNEVILLE SUR SCIE,76590,286
GONZEVILLE,76560,286
GOUPILLIERES,76570,286
GOURNAY EN BRAY,76220,286
GRAIMBOUVILLE,76430,286
GRAINVILLE LA TEINTURIERE,76450,286
GRAINVILLE SUR RY,76116,286
GRAINVILLE YMAUVILLE,76110,286
GRAND COURONNE,76530,286
GRANDCOURT,76660,286
GRAVAL,76270,286
GREGES,76370,286
GREMONVILLE,76970,286
GREUVILLE,76810,286
GRIGNEUSEVILLE,76850,286
GROISY,74570,286
GRUCHET LE VALASSE,76210,286
GRUCHET ST SIMEON,76810,286
GRUFFY,74540,286
GRUGNY,76690,286
GRUMESNIL,76440,286
GUERVILLE,76340,286
GUEURES,76730,286
GUEUTTEVILLE,76890,286
GUEUTTEVILLE LES GRES,76460,286
HABERE LULLIN,74420,286
HABERE POCHE,74420,286
HARCANVILLE,76560,286
HARFLEUR,76700,286
HATTENVILLE,76640,286
HAUDRICOURT,76390,286
HAUSSEZ,76440,286
HAUTEVILLE SUR FIER,74150,286
HAUTOT L AUVRAY,76450,286
HAUTOT LE VATOIS,76190,286
HAUTOT ST SULPICE,76190,286
HAUTOT SUR MER,76550,286
HAUTOT SUR SEINE,76113,286
HEBERVILLE,76740,286
HENOUVILLE,76840,286
HERICOURT EN CAUX,76560,286
HERMANVILLE,76730,286
HERMEVILLE,76280,286
HERONCHELLES,76750,286
HERY SUR ALBY,74540,286
HEUGLEVILLE SUR SCIE,76720,286
HEURTEAUVILLE,76940,286
HODENG AU BOSC,76340,286
HODENG HODENGER,76780,286
HOMMES,37340,286
HOUDETOT,76740,286
HOUPPEVILLE,76770,286
HOUQUETOT,76110,286
HUGLEVILLE EN CAUX,76570,286
HUISMES,37420,286
ILLOIS,76390,286
IMBLEVILLE,76890,286
INCHEVILLE,76117,286
INGOUVILLE,76460,286
ISNEAUVILLE,76230,286
JAULNAY,37120,286
JONZIER EPAGNY,74520,286
JOUE LES TOURS,37300,286
JUMIEGES,76480,286
L ILE BOUCHARD,37220,286
LA BALME DE SILLINGY,74330,286
LA BALME DE THUY,74230,286
LA BAUME,74430,286
LA BOUILLE,76530,286
LA CELLE GUENAND,37350,286
LA CELLE ST AVANT,37160,286
LA CERLANGUE,76430,286
LA CHAPELLE AUX NAUX,37130,286
LA CHAPELLE BLANCHE ST MARTIN,37240,286
LA CHAPELLE D ABONDANCE,74360,286
LA CHAPELLE DU BOURGAY,76590,286
LA CHAPELLE RAMBAUD,74800,286
LA CHAPELLE ST MAURICE,74410,286
LA CHAPELLE ST OUEN,76780,286
LA CHAPELLE SUR DUN,76740,286
LA CHAPELLE SUR LOIRE,37140,286
LA CHAUSSEE,76590,286
LA CLUSAZ,74220,286
LA COTE D ARBROZ,74110,286
LA CRIQUE,76850,286
LA CROIX EN TOURAINE,37150,286
LA FERRIERE,37110,286
LA FERTE ST SAMSON,76440,286
LA FONTELAYE,76890,286
LA FORCLAZ,74200,286
LA FRENAYE,76170,286
LA GAILLARDE,76740,286
LA GUERCHE,37350,286
LA HALLOTIERE,76780,286
LA HOUSSAYE BERANGER,76690,286
LA LONDE,76500,286
LA MEMBROLLE SUR CHOISILLE,37390,286
LA MURAZ,74560,286
LA NEUVILLE CHANT D OISEL,76520,286
LA POTERIE CAP D ANTIFER,76280,286
LA REMUEE,76430,286
LA RICHE,37520,286
LA RIVIERE ENVERSE,74440,286
LA ROCHE CLERMAULT,37500,286
LA ROCHE SUR FORON,74800,286
LA TOUR ST GELIN,37120,286
LA TRINITE DU MONT,76170,286
LA VAUPALIERE,76150,286
LA VERNAZ,74200,286
LA VIEUX RUE,76160,286
LA VILLE AUX DAMES,37700,286
LAMMERVILLE,76730,286
LANDES VIEILLES ET NEUVES,76390,286
LANGEAIS,37130,286
LANQUETOT,76210,286
LARCAY,37270,286
LARRINGES,74500,286
LATHUILE,74210,286
LE BIOT,74430,286
LE BOCASSE,76690,286
LE BOIS ROBERT,76590,286
LE BOUCHET,74230,286
LE BOULAY,37110,286
LE BOURG DUN,76740,286
LE CATELIER,76590,286
LE CAULE STE BEUVE,76390,286
LE GRAND BORNAND,74450,286
LE GRAND PRESSIGNY,37350,286
LE GRAND QUEVILLY,76120,286
LE HANOUARD,76450,286
LE HOULME,76770,286
LE LIEGE,37460,286
LE LOUROUX,37240,286
LE MESNIL DURDENT,76460,286
LE MESNIL ESNARD,76240,286
LE MESNIL LIEUBRAY,76780,286
LE MESNIL REAUME,76260,286
LE MESNIL SOUS JUMIEGES,76480,286
LE PETIT PRESSIGNY,37350,286
LE PETIT QUEVILLY,76140,286
LE REPOSOIR,74950,286
LE SAPPEY,74350,286
LE THIL RIBERPRE,76440,286
LE TILLEUL,76790,286
LE TORP MESNIL,76560,286
LE TRAIT,76580,286
LE TREPORT,76470,286
LEMERE,37120,286
LERNE,37500,286
LES AUTHIEUX SUR LE PORT ST OUEN,76520,286
LES CENT ACRES,76590,286
LES CLEFS,74230,286
LES CONTAMINES MONTJOIE,74170,286
LES GETS,74260,286
LES GRANDES VENTES,76950,286
LES HAUTS DE CAUX,76190,286
LES HERMITES,37110,286
LES HOUCHES,74310,286
LES IFS,76630,286
LES TROIS PIERRES,76430,286
LES VILLARDS SUR THONES,74230,286
LESCHAUX,74320,286
LESTANVILLE,76730,286
LIGNIERES DE TOURAINE,37130,286
LIGRE,37500,286
LIGUEIL,37240,286
LILLEBONNE,76170,286
LIMERAY,37530,286
LIMESY,76570,286
LIMPIVILLE,76540,286
LINDEBEUF,76760,286
LINTOT,76210,286
LINTOT LES BOIS,76590,286
LOCHE SUR INDROIS,37460,286
LOCHES,37600,286
LOISIN,74140,286
LONDINIERES,76660,286
LONGMESNIL,76440,286
LONGROY,76260,286
LONGUEIL,76860,286
LONGUERUE,76750,286
LONGUEVILLE SUR SCIE,76590,286
LORNAY,74150,286
LOUANS,37320,286
LOUVETOT,76490,286
LOVAGNY,74330,286
LUBLE,37330,286
LUCINGES,74380,286
LUGRIN,74500,286
LULLIN,74470,286
LULLY,74890,286
LUNERAY,76810,286
LUSSAULT SUR LOIRE,37400,286
LUYNES,37230,286
LUZE,37120,286
LUZILLE,37150,286
LYAUD,74200,286
MACHILLY,74140,286
MAGLAND,74300,286
MAILLE,37800,286
MALAUNAY,76770,286
MALLEVILLE LES GRES,76450,286
MANEGLISE,76133,286
MANEHOUVILLE,76590,286
MANIGOD,74230,286
MANIQUERVILLE,76400,286
MANNEVILLE ES PLAINS,76460,286
MANNEVILLE LA GOUPIL,76110,286
MANNEVILLETTE,76290,286
MANTHELAN,37240,286
MARCAY,37500,286
MARCE SUR ESVES,37160,286
MARCELLAZ,74250,286
MARCELLAZ ALBANAIS,74150,286
MARCILLY SUR MAULNE,37330,286
MARCILLY SUR VIENNE,37800,286
MARGENCEL,74200,286
MARIGNIER,74970,286
MARIGNY MARMANDE,37120,286
MARIGNY ST MARCEL,74150,286
MARIN,74200,286
MARLIOZ,74270,286
MARNAZ,74460,286
MAROMME,76150,286
MARQUES,76390,286
MARRAY,37370,286
MARTAINVILLE EPREVILLE,76116,286
MARTIN EGLISE,76370,286
MASSONGY,74140,286
MASSY,76270,286
MATHONVILLE,76680,286
MAUCOMBLE,76680,286
MAULEVRIER STE GERTRUDE,76490,286
MAUNY,76530,286
MAUQUENCHY,76440,286
MAXILLY SUR LEMAN,74500,286
MAZIERES DE TOURAINE,37130,286
MEGEVE,74120,286
MEGEVETTE,74490,286
MEILLERIE,74500,286
MELAMARE,76170,286
MELLEVILLE,76260,286
MENERVAL,76220,286
MENONVAL,76270,286
MENTHEVILLE,76110,286
MENTHON ST BERNARD,74290,286
MENTHONNEX EN BORNES,74350,286
MENTHONNEX SOUS CLERMONT,74270,286
MESANGUEVILLE,76780,286
MESIGNY,74330,286
MESNIERES EN BRAY,76270,286
MESNIL FOLLEMPRISE,76660,286
MESNIL MAUGER,76440,286
MESNIL PANNEVILLE,76570,286
MESNIL RAOUL,76520,286
MESSERY,74140,286
METTRAY,37390,286
MEULERS,76510,286
MIEUSSY,74440,286
MILLEBOSC,76260,286
MINZIER,74270,286
MIRVILLE,76210,286
MOLAGNIES,76220,286
MONCHAUX SORENG,76340,286
MONCHY SUR EU,76260,286
MONNAIE,37380,286
MONNETIER MORNEX,74560,286
MONT CAUVAIRE,76690,286
MONT SAXONNEX,74130,286
MONT ST AIGNAN,76130,286
MONTAGNY LES LANCHES,74600,286
MONTBAZON,37250,286
MONTEROLIER,76680,286
MONTHODON,37110,286
MONTIVILLIERS,76290,286
MONTLOUIS SUR LOIRE,37270,286
MONTRESOR,37460,286
MONTREUIL EN CAUX,76850,286
MONTREUIL EN TOURAINE,37530,286
MONTRIOND,74110,286
MONTROTY,76220,286
MONTS,37260,286
MONTVILLE,76710,286
MORAND,37110,286
MORGNY LA POMMERAYE,76750,286
MORIENNE,76390,286
MORILLON,74440,286
MORVILLE LE HERON,76780,286
MORZINE,74110,286
MOSNES,37530,286
MOTTEVILLE,76970,286
MOULINEAUX,76530,286
MOUZAY,37600,286
MOYE,74150,286
MUCHEDENT,76590,286
MURES,74540,286
MUSIEGES,74270,286
NANCY SUR CLUSES,74300,286
NANGY,74380,286
NAVES PARMELAN,74370,286
NAZELLES NEGRON,37530,286
NERNIER,74140,286
NESLE HODENG,76270,286
NESLE NORMANDEUSE,76340,286
NEUF MARCHE,76220,286
NEUFBOSC,76680,286
NEUFCHATEL EN BRAY,76270,286
NEUIL,37190,286
NEUILLE LE LIERRE,37380,286
NEUILLE PONT PIERRE,37360,286
NEUILLY LE BRIGNON,37160,286
NEUVECELLE,74500,286
NEUVILLE FERRIERES,76270,286
NEUVILLE SUR BRENNE,37110,286
NEUVY LE ROI,37370,286
NEVILLE,76460,286
NEYDENS,74160,286
NOINTOT,76210,286
NOIZAY,37210,286
NOLLEVAL,76780,286
NONGLARD,74330,286
NORVILLE,76330,286
NOTRE DAME D ALIERMONT,76510,286
NOTRE DAME D OE,37390,286
NOTRE DAME DE BLIQUETUIT,76940,286
NOTRE DAME DE BONDEVILLE,76960,286
NOTRE DAME DU BEC,76133,286
NOTRE DAME DU PARC,76590,286
NOUANS LES FONTAINES,37460,286
NOUATRE,37800,286
NOUZILLY,37380,286
NOVEL,74500,286
NOYANT DE TOURAINE,37800,286
NULLEMONT,76390,286
OCQUEVILLE,76450,286
OCTEVILLE SUR MER,76930,286
OFFRANVILLE,76550,286
OHERVILLE,76560,286
OISSEL SUR SEINE,76350,286
OMONVILLE,76730,286
ONNION,74490,286
ORBIGNY,37460,286
ORCIER,74550,286
OSMOY ST VALERY,76660,286
OUAINVILLE,76450,286
OUDALLE,76430,286
OURVILLE EN CAUX,76450,286
OUVILLE L ABBAYE,76760,286
OUVILLE LA RIVIERE,76860,286
PALUEL,76450,286
PANZOULT,37220,286
PARC D ANXTOT,76210,286
PARCAY MESLAY,37210,286
PARCAY SUR VIENNE,37220,286
PAULMY,37350,286
PAVILLY,76570,286
PEILLONNEX,74250,286
PERNAY,37230,286
PERRIGNIER,74550,286
PERRUSSON,37600,286
PERS JUSSY,74930,286
PETIT CAUX,76370,286
PETIT COURONNE,76650,286
PIERREFIQUES,76280,286
PIERREVAL,76750,286
PISSY POVILLE,76360,286
PLEINE SEVE,76460,286
POCE SUR CISSE,37530,286
POISY,74330,286
POMMEREUX,76440,286
POMMEREVAL,76680,286
PONT DE RUAN,37260,286
PONTS ET MARAIS,76260,286
PORT JEROME SUR SEINE,76170,286
PORTS SUR VIENNE,37800,286
POUZAY,37800,286
PRAZ SUR ARLY,74120,286
PRETOT VICQUEMARE,76560,286
PREUILLY SUR CLAISE,37290,286
PREUSEVILLE,76660,286
PUBLIER,74500,286
PUISENVAL,76660,286
PUSSIGNY,37800,286
QUEVILLON,76840,286
QUEVREVILLE LA POTERIE,76520,286
QUIBERVILLE SUR MER,76860,286
QUIEVRECOURT,76270,286
QUINCAMPOIX,76230,286
QUINTAL,74600,286
RAFFETOT,76210,286
RAINFREVILLE,76730,286
RAZINES,37120,286
REALCAMP,76340,286
REBETS,76750,286
REIGNAC SUR INDRE,37310,286
REIGNIER ESERY,74930,286
RESTIGNE,37140,286
RETONVAL,76340,286
REUVILLE,76560,286
REYVROZ,74200,286
RICARVILLE DU VAL,76510,286
RICHELIEU,37120,286
RIGNY USSE,37420,286
RILLE,37340,286
RILLY SUR VIENNE,37220,286
RIVES EN SEINE,76490,286
RIVIERE,37500,286
RIVILLE,76540,286
ROBERTOT,76560,286
ROCHECORBON,37210,286
ROCQUEFORT,76640,286
ROGERVILLE,76700,286
ROLLEVILLE,76133,286
RONCHEROLLES EN BRAY,76440,286
RONCHEROLLES SUR LE VIVIER,76160,286
RONCHOIS,76390,286
ROUMARE,76480,286
ROUTES,76560,286
ROUVRAY CATILLON,76440,286
ROUXMESNIL BOUTEILLES,76370,286
ROUZIERS DE TOURAINE,37360,286
ROYVILLE,76730,286
RY,76116,286
SAANE ST JUST,76730,286
SACHE,37190,286
SAHURS,76113,286
SAINNEVILLE,76430,286
SALES,74150,286
SALLANCHES,74700,286
SALLENOVES,74270,286
SAMOENS,74340,286
SANDOUVILLE,76430,286
SASSETOT LE MALGARDE,76730,286
SASSETOT LE MAUCONDUIT,76540,286
SASSEVILLE,76450,286
SAUCHAY,76630,286
SAUMONT LA POTERIE,76440,286
SAUNAY,37110,286
SAUQUEVILLE,76550,286
SAUSSEUZEMARE EN CAUX,76110,286
SAVIGNE SUR LATHAN,37340,286
SAVIGNY EN VERON,37420,286
SAVONNIERES,37510,286
SAXEL,74420,286
SAZILLY,37220,286
SCIENTRIER,74930,286
SCIEZ,74140,286
SCIONZIER,74950,286
SEMBLANCAY,37360,286
SENNEVIERES,37600,286
SENNEVILLE SUR FECAMP,76400,286
SEPMES,37800,286
SEPT MEULES,76260,286
SERRAVAL,74230,286
SERVAVILLE SALMONVILLE,76116,286
SERVOZ,74310,286
SEUILLY,37500,286
SEVRIER,74320,286
SEYTROUX,74430,286
SIERVILLE,76690,286
SIGY EN BRAY,76780,286
SILLINGY,74330,286
SIXT FER A CHEVAL,74740,286
SMERMESNIL,76660,286
SOMMERY,76440,286
SOMMESNIL,76560,286
SONZAY,37360,286
SORIGNY,37250,286
SORQUAINVILLE,76540,286
SOTTEVILLE LES ROUEN,76300,286
SOTTEVILLE SOUS LE VAL,76410,286
SOTTEVILLE SUR MER,76740,286
SOUVIGNY DE TOURAINE,37530,286
ST AIGNAN SUR RY,76116,286
ST ANDRE DE BOEGE,74420,286
ST ANDRE SUR CAILLY,76690,286
ST ANTOINE DU ROCHER,37360,286
ST ANTOINE LA FORET,76170,286
ST AUBIN CELLOVILLE,76520,286
ST AUBIN DE CRETOT,76190,286
ST AUBIN EPINAY,76160,286
ST AUBIN LE CAUF,76510,286
ST AUBIN LE DEPEINT,37370,286
ST AUBIN LES ELBEUF,76410,286
ST AUBIN ROUTOT,76430,286
ST AUBIN SUR SCIE,76550,286
ST AVERTIN,37550,286
ST BENOIT LA FORET,37500,286
ST BRANCHS,37320,286
ST CERGUES,74140,286
ST CHRISTOPHE SUR LE NAIS,37370,286
ST CLAIR SUR LES MONTS,76190,286
ST CRESPIN,76590,286
ST CYR SUR LOIRE,37540,286
ST DENIS D ACLON,76860,286
ST DENIS LE THIBOULT,76116,286
ST DENIS SUR SCIE,76890,286
ST EPAIN,37800,286
ST ETIENNE DE CHIGNY,37230,286
ST ETIENNE DU ROUVRAY,76800,286
ST EUSTACHE,74410,286
ST EUSTACHE LA FORET,76210,286
ST FERREOL,74210,286
ST FLOVIER,37600,286
ST GENOUPH,37510,286
ST GEORGES SUR FONTAINE,76690,286
ST GERMAIN D ETABLES,76590,286
ST GERMAIN DES ESSOURTS,76750,286
ST GERMAIN SOUS CAILLY,76690,286
ST GERMAIN SUR EAULNE,76270,286
ST GERMAIN SUR RHONE,74910,286
ST GERMAIN SUR VIENNE,37500,286
ST GERVAIS LES BAINS,74170,286
ST GILLES DE CRETOT,76490,286
ST GILLES DE LA NEUVILLE,76430,286
ST GINGOLPH,74500,286
ST HELLIER,76680,286
ST JACQUES D ALIERMONT,76510,286
ST JACQUES SUR DARNETAL,76160,286
ST JEAN D AULPS,74430,286
ST JEAN DE FOLLEVILLE,76170,286
ST JEAN DE LA NEUVILLE,76210,286
ST JEAN DE SIXT,74450,286
ST JEAN DE THOLOME,74250,286
ST JEAN DU CARDONNAY,76150,286
ST JEAN ST GERMAIN,37600,286
ST JEOIRE,74490,286
ST JORIOZ,74410,286
ST JOUIN BRUNEVAL,76280,286
ST JULIEN EN GENEVOIS,74160,286
ST LAURENT DE BREVEDENT,76700,286
ST LAURENT DE LIN,37330,286
ST LAURENT EN CAUX,76560,286
ST LAURENT EN GATINES,37380,286
ST LEGER DU BOURG DENIS,76160,286
ST MACLOU DE FOLLEVILLE,76890,286
ST MACLOU LA BRIERE,76110,286
ST MARDS,76730,286
ST MARTIN AU BOSC,76340,286
ST MARTIN AUX ARBRES,76760,286
ST MARTIN AUX BUNEAUX,76450,286
ST MARTIN DE BOSCHERVILLE,76840,286
ST MARTIN DE L IF,76190,286
ST MARTIN DU BEC,76133,286
ST MARTIN DU MANOIR,76290,286
ST MARTIN DU VIVIER,76160,286
ST MARTIN L HORTIER,76270,286
ST MARTIN LE BEAU,37270,286
ST MARTIN LE GAILLARD,76260,286
ST MARTIN OSMONVILLE,76680,286
ST MAURICE D ETELAN,76330,286
ST MICHEL D HALESCOURT,76440,286
ST NICOLAS D ALIERMONT,76510,286
ST NICOLAS DE BOURGUEIL,37140,286
ST NICOLAS DE LA HAIE,76490,286
ST NICOLAS DE LA TAILLE,76170,286
ST NICOLAS DES MOTETS,37110,286
ST OUEN DU BREUIL,76890,286
ST OUEN LE MAUGER,76730,286
ST OUEN LES VIGNES,37530,286
ST OUEN SOUS BAILLY,76630,286
ST PAER,76480,286
ST PATERNE RACAN,37370,286
ST PAUL EN CHABLAIS,74500,286
ST PIERRE BENOUVILLE,76890,286
ST PIERRE DE MANNEVILLE,76113,286
ST PIERRE DE VARENGEVILLE,76480,286
ST PIERRE DES CORPS,37700,286
ST PIERRE DES JONQUIERES,76660,286
ST PIERRE EN FAUCIGNY,74800,286
ST PIERRE EN PORT,76540,286
ST PIERRE EN VAL,76260,286
ST PIERRE LE VIGER,76740,286
ST PIERRE LES ELBEUF,76320,286
ST QUENTIN SUR INDROIS,37310,286
ST REGLE,37530,286
ST REMY BOSCROCOURT,76260,286
ST RIQUIER EN RIVIERE,76340,286
ST RIQUIER ES PLAINS,76460,286
ST ROCH,37390,286
ST ROMAIN DE COLBOSC,76430,286
ST SAENS,76680,286
ST SAIRE,76270,286
ST SAUVEUR D EMALLEVILLE,76110,286
ST SENOCH,37600,286
ST SIXT,74800,286
ST VAAST D EQUIQUEVILLE,76510,286
ST VAAST DIEPPEDALLE,76450,286
ST VAAST DU VAL,76890,286
ST VALERY EN CAUX,76460,286
ST VICTOR L ABBAYE,76890,286
ST VIGOR D YMONVILLE,76430,286
ST VINCENT CRAMESNIL,76430,286
STE ADRESSE,76310,286
STE AGATHE D ALIERMONT,76660,286
STE AUSTREBERTHE,76570,286
STE BEUVE EN RIVIERE,76270,286
STE CATHERINE DE FIERBOIS,37800,286
STE CROIX SUR BUCHY,76750,286
STE HELENE BONDEVILLE,76400,286
STE MARGUERITE SUR DUCLAIR,76480,286
STE MARGUERITE SUR MER,76119,286
STE MARIE AU BOSC,76280,286
STE MARIE DES CHAMPS,76190,286
STE MAURE DE TOURAINE,37800,286
SUBLAINES,37310,286
TALLOIRES MONTMIN,74210,286
TANCARVILLE,76430,286
TANINGES,74440,286
TAUXIGNY ST BAULD,37310,286
TAVANT,37220,286
TERRES DE CAUX,76640,286
THENEUIL,37220,286
THEROULDEVILLE,76540,286
THEUVILLE AUX MAILLOTS,76540,286
THIERGEVILLE,76540,286
THIETREVILLE,76540,286
THIL MANNEVILLE,76730,286
THILOUZE,37260,286
THIOUVILLE,76450,286
THOLLON LES MEMISES,74500,286
THONES,74230,286
THONON LES BAINS,74200,286
THUSY,74150,286
THYEZ,74300,286
TOCQUEVILLE EN CAUX,76730,286
TOCQUEVILLE LES MURS,76110,286
TOTES,76890,286
TOUFFREVILLE LA CORBELINE,76190,286
TOUFFREVILLE SUR EU,76910,286
TOURNON ST PIERRE,37290,286
TOURVILLE LA RIVIERE,76410,286
TOURVILLE LES IFS,76400,286
TOURVILLE SUR ARQUES,76550,286
TOUSSAINT,76400,286
TREMAUVILLE,76640,286
TROGUES,37220,286
TROUVILLE ALLIQUERVILLE,76210,286
TRUYES,37320,286
TURRETOT,76280,286
USINENS,74910,286
VACHERESSE,74360,286
VAL DE CHAISE,74210,286
VAL DE LA HAYE,76380,286
VAL DE SAANE,76890,286
VAL DE SCIE,76720,286
VALLEIRY,74520,286
VALLERES,37190,286
VALLIERES SUR FIER,74150,286
VALLIQUERVILLE,76190,286
VALLORCINE,74660,286
VANZY,74270,286
VARENGEVILLE SUR MER,76119,286
VARNEVILLE BRETTEVILLE,76890,286
VASSONVILLE,76890,286
VATIERVILLE,76270,286
VATTETOT SOUS BEAUMONT,76110,286
VATTETOT SUR MER,76111,286
VATTEVILLE LA RUE,76940,286
VEAUVILLE LES QUELLES,76560,286
VEIGNE,37250,286
VEIGY FONCENEX,74140,286
VENESTANVILLE,76730,286
VENTES ST REMY,76680,286
VERCHAIX,74440,286
VERETZ,37270,286
VERGETOT,76280,286
VERNEUIL LE CHATEAU,37120,286
VERNEUIL SUR INDRE,37600,286
VERNOU SUR BRENNE,37210,286
VETRAZ MONTHOUX,74100,286
VEULES LES ROSES,76980,286
VEULETTES SUR MER,76450,286
VEYRIER DU LAC,74290,286
VIBEUF,76760,286
VIEUX MANOIR,76750,286
VIEUX ROUEN SUR BRESLE,76390,286
VILLAINES LES ROCHERS,37190,286
VILLAINVILLE,76280,286
VILLANDRY,37510,286
VILLAZ,74370,286
VILLE EN SALLAZ,74250,286
VILLE LA GRAND,74100,286
VILLEBOURG,37370,286
VILLEDOMAIN,37460,286
VILLEDOMER,37110,286
VILLELOIN COULANGE,37460,286
VILLEPERDUE,37260,286
VILLERS ECALLES,76360,286
VILLERS SOUS FOUCARMONT,76340,286
VILLIERS AU BOUIN,37330,286
VILLY LE BOUVERET,74350,286
VILLY LE PELLOUX,74350,286
VILLY SUR YERES,76260,286
VINNEMERVILLE,76540,286
VINZIER,74500,286
VIRVILLE,76110,286
VITTEFLEUR,76450,286
VIUZ EN SALLAZ,74250,286
VIUZ LA CHIESAZ,74540,286
VOU,37240,286
VOUVRAY,37210,286
VOVRAY EN BORNES,74350,286
VULBENS,74520,286
WANCHY CAPVAL,76660,286
YAINVILLE,76480,286
YEBLERON,76640,286
YERVILLE,76760,286
YMARE,76520,286
YPORT,76111,286
YPREVILLE BIVILLE,76540,286
YQUEBEUF,76690,286
YVECRIQUE,76560,286
YVETOT,76190,286
YVILLE SUR SEINE,76530,286
YVOIRE,74140,286
YZEURES SUR CREUSE,37290,286
ABLON,14600,272
AGY,14400,272
ALTHEN DES PALUDS,84210,272
AMAYE SUR ORNE,14210,272
AMAYE SUR SEULLES,14310,272
AMFREVILLE,14860,272
ANGERVILLE,14430,272
ANISY,14610,272
ANNEBAULT,14430,272
ANSOUIS,84240,272
APT,84400,272
ARGANCHY,14400,272
ARGENCES,14370,272
ARGOL,29560,272
ARROMANCHES LES BAINS,14117,272
ARZANO,29300,272
ASNELLES,14960,272
ASNIERES EN BESSIN,14710,272
AUBERVILLE,14640,272
AUBIGNAN,84810,272
AUDIERNE,29770,272
AUDRIEU,14250,272
AURE SUR MER,14520,272
AURIBEAU,84400,272
AURSEULLES,14240,272
AUTHIE,14280,272
AUVILLARS,14340,272
AVENAY,14210,272
BALLEROY SUR DROME,14490,272
BANNALEC,29380,272
BANNEVILLE LA CAMPAGNE,14940,272
BANVILLE,14480,272
BARBERY,14220,272
BARBEVILLE,14400,272
BARNEVILLE LA BERTRAN,14600,272
BARON SUR ODON,14210,272
BAROU EN AUGE,14620,272
BASLY,14610,272
BASSENEVILLE,14670,272
BAVENT,14860,272
BAYE,29300,272
BAYEUX,14400,272
BAZENVILLE,14480,272
BEAUFOUR DRUVAL,14340,272
BEAUMAIS,14620,272
BEAUMES DE VENISE,84190,272
BEAUMESNIL,14380,272
BEAUMETTES,84220,272
BEAUMONT DE PERTUIS,84120,272
BEAUMONT DU VENTOUX,84340,272
BEAUMONT EN AUGE,14950,272
BEDARRIDES,84370,272
BEDOIN,84410,272
BELLE VIE EN AUGE,14270,272
BELLENGREVILLE,14370,272
BENERVILLE SUR MER,14910,272
BENODET,29950,272
BENOUVILLE,14970,272
BENY SUR MER,14440,272
BERNESQ,14710,272
BERNIERES D AILLY,14170,272
BERNIERES SUR MER,14990,272
BERRIEN,29690,272
BEUVILLERS,14100,272
BEUVRON EN AUGE,14430,272
BEUZEC CAP SIZUN,29790,272
BIEVILLE BEUVILLE,14112,272
BLAINVILLE SUR ORNE,14550,272
BLANGY LE CHATEAU,14130,272
BLAUVAC,84570,272
BLAY,14400,272
BLONVILLE SUR MER,14910,272
BODILIS,29400,272
BOHARS,29820,272
BOLAZEC,29640,272
BOLLENE,84500,272
BONNEBOSQ,14340,272
BONNEMAISON,14260,272
BONNEVILLE LA LOUVET,14130,272
BONNEVILLE SUR TOUQUES,14800,272
BONNIEUX,84480,272
BONNOEIL,14700,272
BONS TASSILLY,14420,272
BOTMEUR,29690,272
BOTSORHEL,29650,272
BOUGY,14210,272
BOULON,14220,272
BOURG BLANC,29860,272
BOURGEAUVILLE,14430,272
BOURGUEBUS,14540,272
BRANTES,84390,272
BRANVILLE,14430,272
BRASPARTS,29190,272
BRELES,29810,272
BREMOY,14260,272
BRENNILIS,29690,272
BRETTEVILLE LE RABET,14190,272
BRETTEVILLE SUR LAIZE,14680,272
BRETTEVILLE SUR ODON,14760,272
BREVILLE LES MONTS,14860,272
BRICQUEVILLE,14710,272
BRIEC,29510,272
BRUCOURT,14160,272
BUCEELS,14250,272
BUISSON,84110,272
BUOUX,84480,272
CABOURG,14390,272
CABRIERES D AIGUES,84240,272
CABRIERES D AVIGNON,84220,272
CADENET,84160,272
CADEROUSSE,84860,272
CAGNY,14630,272
CAHAGNES,14240,272
CAHAGNOLLES,14490,272
CAIRANNE,84290,272
CAIRON,14610,272
CAMARET SUR AIGUES,84850,272
CAMARET SUR MER,29570,272
CAMBES EN PLAINE,14610,272
CAMBREMER,14340,272
CAMPAGNOLLES,14500,272
CAMPIGNY,14490,272
CANAPVILLE,14800,272
CANCHY,14230,272
CANTELOUP,14370,272
CARANTEC,29660,272
CARCAGNY,14740,272
CARDONVILLE,14230,272
CARHAIX PLOUGUER,29270,272
CAROMB,84330,272
CARPENTRAS,84200,272
CARPIQUET,14650,272
CARTIGNY L EPINAY,14330,272
CASENEUVE,84750,272
CAST,29150,272
CASTELLET EN LUBERON,84400,272
CASTILLON EN AUGE,14140,272
CASTINE EN PLAINE,14540,272
CAUMONT SUR AURE,14240,272
CAUMONT SUR DURANCE,84510,272
CAUVICOURT,14190,272
CAUVILLE,14770,272
CAVAILLON,84300,272
CERNAY,14290,272
CESNY AUX VIGNES,14270,272
CESNY LES SOURCES,14220,272
CHATEAULIN,29150,272
CHATEAUNEUF DE GADAGNE,84470,272
CHATEAUNEUF DU FAOU,29520,272
CHATEAUNEUF DU PAPE,84230,272
CHEVAL BLANC,84460,272
CHOUAIN,14250,272
CINTHEAUX,14680,272
CLARBEC,14130,272
CLECY,14570,272
CLEDEN CAP SIZUN,29770,272
CLEDEN POHER,29270,272
CLEDER,29233,272
CLEVILLE,14370,272
CLOHARS CARNOET,29360,272
CLOHARS FOUESNANT,29950,272
COAT MEAL,29870,272
COLLEVILLE MONTGOMERY,14880,272
COLLEVILLE SUR MER,14710,272
COLLOREC,29530,272
COLOMBELLES,14460,272
COLOMBIERES,14710,272
COLOMBIERS SUR SEULLES,14480,272
COLOMBY ANGUERNY,14610,272
COMBRAY,14220,272
COMBRIT,29120,272
COMMANA,29450,272
COMMES,14520,272
CONCARNEAU,29900,272
CONDE EN NORMANDIE,14110,272
CONDE SUR IFS,14270,272
CONDE SUR SEULLES,14400,272
CONFORT MEILARS,29790,272
COQUAINVILLIERS,14130,272
CORAY,29370,272
CORDEBUGLE,14100,272
CORDEY,14700,272
CORMELLES LE ROYAL,14123,272
CORMOLAIN,14240,272
COSSESSEVILLE,14690,272
COTTUN,14400,272
COURCY,14170,272
COURSEULLES SUR MER,14470,272
COURTHEZON,84350,272
COURTONNE LA MEURDRAC,14100,272
COURTONNE LES DEUX EGLISES,14290,272
COURVAUDON,14260,272
CREPON,14480,272
CRESSERONS,14440,272
CRESSEVEUILLE,14430,272
CRESTET,84110,272
CREULLY SUR SEULLES,14480,272
CRICQUEBOEUF,14113,272
CRICQUEVILLE EN AUGE,14430,272
CRICQUEVILLE EN BESSIN,14450,272
CRILLON LE BRAVE,84410,272
CRISTOT,14250,272
CROCY,14620,272
CROISILLES,14220,272
CROUAY,14400,272
CROZON,29160,272
CUCURON,84160,272
CULEY LE PATRY,14220,272
CUSSY,14400,272
CUVERVILLE,14840,272
DAMBLAINVILLE,14620,272
DANESTAL,14430,272
DAOULAS,29460,272
DEAUVILLE,14800,272
DEMOUVILLE,14840,272
DEUX JUMEAUX,14230,272
DIALAN SUR CHAINE,14260,272
DINEAULT,29150,272
DIRINON,29460,272
DIVES SUR MER,14160,272
DONNAY,14220,272
DOUARNENEZ,29100,272
DOUVILLE EN AUGE,14430,272
DOUVRES LA DELIVRANDE,14440,272
DOZULE,14430,272
DRUBEC,14130,272
DUCY STE MARGUERITE,14250,272
EDERN,29510,272
ELLIANT,29370,272
ELLON,14250,272
EMIEVILLE,14630,272
ENGLESQUEVILLE EN AUGE,14800,272
ENGLESQUEVILLE LA PERCEE,14710,272
ENTRAIGUES SUR LA SORGUE,84320,272
ENTRECHAUX,84340,272
EPANEY,14170,272
EPINAY SUR ODON,14310,272
EPRON,14610,272
EQUEMAUVILLE,14600,272
ERAINES,14700,272
ERGUE GABERIC,29500,272
ERNES,14270,272
ESCOVILLE,14850,272
ESPINS,14220,272
ESQUAY NOTRE DAME,14210,272
ESQUAY SUR SEULLES,14400,272
ESSON,14220,272
ESTREES LA CAMPAGNE,14190,272
ETERVILLE,14930,272
ETREHAM,14400,272
EVRECY,14210,272
FAUCON,84110,272
FAUGUERNON,14100,272
FEUGUEROLLES BULLY,14320,272
FIERVILLE LES PARCS,14130,272
FIRFOL,14100,272
FLASSAN,84410,272
FLEURY SUR ORNE,14123,272
FONTAINE DE VAUCLUSE,84800,272
FONTAINE ETOUPEFOUR,14790,272
FONTAINE HENRY,14610,272
FONTAINE LE PIN,14190,272
FONTENAY LE MARMION,14320,272
FONTENAY LE PESNEL,14250,272
FORMENTIN,14340,272
FORMIGNY LA BATAILLE,14710,272
FOUESNANT,29170,272
FOULOGNES,14240,272
FOURCHES,14620,272
FOURNEAUX LE VAL,14700,272
FOURNEVILLE,14600,272
FRENOUVILLE,14630,272
FRESNE LA MERE,14700,272
FRESNEY LE PUCEUX,14680,272
FRESNEY LE VIEUX,14220,272
FUMICHON,14590,272
GARLAN,29610,272
GAVRUS,14210,272
GEFOSSE FONTENAY,14230,272
GENNEVILLE,14600,272
GIBERVILLE,14730,272
GIGONDAS,84190,272
GLANVILLE,14950,272
GLOS,14100,272
GONNEVILLE EN AUGE,14810,272
GONNEVILLE SUR HONFLEUR,14600,272
GONNEVILLE SUR MER,14510,272
GORDES,84220,272
GOUESNACH,29950,272
GOUESNOU,29850,272
GOUEZEC,29190,272
GOULIEN,29770,272
GOULT,84220,272
GOULVEN,29890,272
GOURLIZON,29710,272
GOUSTRANVILLE,14430,272
GOUVIX,14680,272
GRAINVILLE LANGANNERIE,14190,272
GRAINVILLE SUR ODON,14210,272
GRAMBOIS,84240,272
GRANDCAMP MAISY,14450,272
GRANGUES,14160,272
GRAYE SUR MER,14470,272
GRENTHEVILLE,14540,272
GRILLON,84600,272
GRIMBOSQ,14220,272
GUENGAT,29180,272
GUERLESQUIN,29650,272
GUERON,14400,272
GUICLAN,29410,272
GUILER SUR GOYEN,29710,272
GUILERS,29820,272
GUILLIGOMARC H,29300,272
GUILVINEC,29730,272
GUIMAEC,29620,272
GUIMILIAU,29400,272
GUIPAVAS,29490,272
GUISSENY,29880,272
HANVEC,29460,272
HENVIC,29670,272
HERMANVILLE SUR MER,14880,272
HERMIVAL LES VAUX,14100,272
HEROUVILLE ST CLAIR,14200,272
HEROUVILLETTE,14850,272
HEULAND,14430,272
HONFLEUR,14600,272
HOPITAL CAMFROUT,29460,272
HOTOT EN AUGE,14430,272
HOTTOT LES BAGUES,14250,272
HOULGATE,14510,272
HUELGOAT,29690,272
IFS,14123,272
ILE DE BATZ,29253,272
ILE DE SEIN,29990,272
ILE MOLENE,29259,272
ILE TUDY,29980,272
IRVILLAC,29460,272
ISIGNY SUR MER,14230,272
JANVILLE,14670,272
JONQUERETTES,84450,272
JORT,14170,272
JOUCAS,84220,272
JUAYE MONDAYE,14250,272
JUVIGNY SUR SEULLES,14250,272
KERGLOFF,29270,272
KERLAZ,29100,272
KERLOUAN,29890,272
KERNILIS,29260,272
KERNOUES,29260,272
KERSAINT PLABENNEC,29860,272
L HOTELLERIE,14100,272
L ISLE SUR LA SORGUE,84800,272
LA BASTIDE DES JOURDANS,84240,272
LA BASTIDONNE,84120,272
LA BAZOQUE,14490,272
LA BOISSIERE,14340,272
LA CAINE,14210,272
LA CAMBE,14230,272
LA FEUILLEE,29690,272
LA FOLIE,14710,272
LA FOLLETIERE ABENON,14290,272
LA FOREST LANDERNEAU,29800,272
LA FORET FOUESNANT,29940,272
LA HOGUETTE,14700,272
LA HOUBLONNIERE,14340,272
LA MARTYRE,29800,272
LA MOTTE D AIGUES,84240,272
LA POMMERAYE,14690,272
LA RIVIERE ST SAUVEUR,14600,272
LA ROCHE MAURICE,29800,272
LA ROQUE ALRIC,84190,272
LA ROQUE BAIGNARD,14340,272
LA ROQUE SUR PERNES,84210,272
LA TOUR D AIGUES,84240,272
LA VESPIERE FRIARDEL,14290,272
LA VILLETTE,14570,272
LAFARE,84190,272
LAGARDE D APT,84400,272
LAGARDE PAREOL,84290,272
LAGNES,84800,272
LAIZE CLINCHAMPS,14320,272
LAMOTTE DU RHONE,84840,272
LAMPAUL GUIMILIAU,29400,272
LAMPAUL PLOUARZEL,29810,272
LAMPAUL PLOUDALMEZEAU,29830,272
LANARVILY,29260,272
LANDEDA,29870,272
LANDELEAU,29530,272
LANDELLES ET COUPIGNY,14380,272
LANDERNEAU,29800,272
LANDES SUR AJON,14310,272
LANDEVENNEC,29560,272
LANDIVISIAU,29400,272
LANDREVARZEC,29510,272
LANDUDAL,29510,272
LANDUDEC,29710,272
LANDUNVEZ,29840,272
LANGOLEN,29510,272
LANGRUNE SUR MER,14830,272
LANHOUARNEAU,29430,272
LANILDUT,29840,272
LANMEUR,29620,272
LANNEANOU,29640,272
LANNEDERN,29190,272
LANNEUFFRET,29400,272
LANNILIS,29870,272
LANRIVOARE,29290,272
LANVEOC,29160,272
LAPALUD,84840,272
LAURIS,84360,272
LAZ,29520,272
LE BARROUX,84330,272
LE BEAUCET,84210,272
LE BO,14690,272
LE BREUIL EN AUGE,14130,272
LE BREUIL EN BESSIN,14330,272
LE BREVEDENT,14130,272
LE BU SUR ROUVRES,14190,272
LE CASTELET,14540,272
LE CLOITRE PLEYBEN,29190,272
LE CLOITRE ST THEGONNEC,29410,272
LE CONQUET,29217,272
LE DETROIT,14690,272
LE DRENNEC,29860,272
LE FAOU,29590,272
LE FAULQ,14130,272
LE FOLGOET,29260,272
LE FOURNET,14340,272
LE FRESNE CAMILLY,14480,272
LE JUCH,29100,272
LE MANOIR,14400,272
LE MARAIS LA CHAPELLE,14620,272
LE MESNIL AU GRAIN,14260,272
LE MESNIL EUDES,14100,272
LE MESNIL GUILLAUME,14100,272
LE MESNIL ROBERT,14380,272
LE MESNIL SIMON,14140,272
LE MESNIL SUR BLANGY,14130,272
LE MESNIL VILLEMENT,14690,272
LE MOLAY LITTRY,14330,272
LE PRE D AUGE,14340,272
LE RELECQ KERHUON,29480,272
LE THEIL EN AUGE,14130,272
LE THOR,84250,272
LE TORQUESNE,14130,272
LE TREHOU,29450,272
LE TREVOUX,29380,272
LE TRONQUAY,14490,272
LE VEY,14570,272
LEAUPARTIE,14340,272
LEFFARD,14700,272
LENNON,29190,272
LES AUTHIEUX SUR CALONNE,14130,272
LES ISLES BARDEL,14690,272
LES LOGES,14240,272
LES LOGES SAULCES,14700,272
LES MONCEAUX,14100,272
LES MONTS D AUNAY,14260,272
LES MOUTIERS EN AUGE,14620,272
LES MOUTIERS EN CINGLAIS,14220,272
LESNEVEN,29260,272
LESSARD ET LE CHENE,14140,272
LEUHAN,29390,272
LINGEVRES,14250,272
LION SUR MER,14780,272
LIOUX,84220,272
LISIEUX,14100,272
LISON,14330,272
LISORES,14140,272
LITTEAU,14490,272
LIVAROT PAYS D AUGE,14140,272
LOC BREVALAIRE,29260,272
LOC EGUINER,29400,272
LOCMARIA PLOUZANE,29280,272
LOCMELAR,29400,272
LOCQUENOLE,29670,272
LOCQUIREC,29241,272
LOCRONAN,29180,272
LOCTUDY,29750,272
LOCUNOLE,29310,272
LOGONNA DAOULAS,29460,272
LONGUES SUR MER,14400,272
LONGUEVILLE,14230,272
LONGVILLERS,14310,272
LOPEREC,29590,272
LOPERHET,29470,272
LOQUEFFRET,29530,272
LORIOL DU COMTAT,84870,272
LOTHEY,29190,272
LOUCELLES,14250,272
LOURMARIN,84160,272
LOUVAGNY,14170,272
LOUVIGNY,14111,272
LUC SUR MER,14530,272
MAGNY EN BESSIN,14400,272
MAHALON,29790,272
MAISONCELLES PELVEY,14310,272
MAISONCELLES SUR AJON,14210,272
MAIZET,14210,272
MAIZIERES,14190,272
MALAUCENE,84340,272
MALEMORT DU COMTAT,84570,272
MALHERBE SUR AJON,14260,272
MALTOT,14930,272
MANDEVILLE EN BESSIN,14710,272
MANERBE,14340,272
MANNEVILLE LA PIPARD,14130,272
MANVIEUX,14117,272
MAROLLES,14100,272
MARTAINVILLE,14220,272
MARTIGNY SUR L ANTE,14700,272
MATHIEU,14920,272
MAZAN,84380,272
MELGVEN,29140,272
MELLAC,29300,272
MENERBES,84560,272
MERINDOL,84360,272
MERVILLE FRANCEVILLE PLAGE,14810,272
MERY BISSIERES EN AUGE,14370,272
MESLAY,14220,272
MESPAUL,29420,272
METHAMIS,84570,272
MEUVAINES,14960,272
MEZIDON VALLEE D AUGE,14140,272
MILIZAC GUIPRONVEL,29290,272
MODENE,84330,272
MOELAN SUR MER,29350,272
MONCEAUX EN BESSIN,14400,272
MONDEVILLE,14120,272
MONDRAGON,84430,272
MONDRAINVILLE,14210,272
MONFREVILLE,14230,272
MONIEUX,84390,272
MONTEUX,84170,272
MONTFIQUET,14490,272
MONTIGNY,14210,272
MONTILLIERES SUR ORNE,14210,272
MONTREUIL EN AUGE,14340,272
MONTS EN BESSIN,14310,272
MORIERES LES AVIGNON,84310,272
MORLAIX,29600,272
MORMOIRON,84570,272
MORNAS,84550,272
MORTEAUX COULIBOEUF,14620,272
MOSLES,14400,272
MOTREFF,29270,272
MOUEN,14790,272
MOULINES,14220,272
MOULINS EN BESSIN,14480,272
MOULT CHICHEBOVILLE,14370,272
MOYAUX,14590,272
MUTRECY,14220,272
NEVEZ,29920,272
NONANT,14400,272
NOROLLES,14100,272
NORON L ABBAYE,14700,272
NORON LA POTERIE,14490,272
NORREY EN AUGE,14620,272
NOTRE DAME D ESTREES CORBON,14340,272
NOTRE DAME DE LIVAYE,14340,272
NOUES DE SIENNE,14380,272
OLENDON,14170,272
OPPEDE,84580,272
ORANGE,84100,272
ORBEC,14290,272
OSMANVILLE,14230,272
OUESSANT,29242,272
OUEZY,14270,272
OUFFIERES,14220,272
OUILLY DU HOULEY,14590,272
OUILLY LE TESSON,14190,272
OUILLY LE VICOMTE,14100,272
OUISTREHAM,14150,272
PARFOURU SUR ODON,14310,272
PENCRAN,29800,272
PENMARCH,29760,272
PENNEDEPIE,14600,272
PERIERS EN AUGE,14160,272
PERIERS SUR LE DAN,14112,272
PERNES LES FONTAINES,84210,272
PERRIERES,14170,272
PERTHEVILLE NERS,14700,272
PERTUIS,84120,272
PETIVILLE,14390,272
PEUMERIT,29710,272
PEYPIN D AIGUES,84240,272
PIERREFITTE EN AUGE,14130,272
PIERREFITTE EN CINGLAIS,14690,272
PIOLENC,84420,272
PLABENNEC,29860,272
PLANQUERY,14490,272
PLEUVEN,29170,272
PLEYBEN,29190,272
PLEYBER CHRIST,29410,272
PLOBANNALEC LESCONIL,29740,272
PLOEVEN,29550,272
PLOGASTEL ST GERMAIN,29710,272
PLOGOFF,29770,272
PLOGONNEC,29180,272
PLOMELIN,29700,272
PLOMEUR,29120,272
PLOMODIERN,29550,272
PLONEIS,29710,272
PLONEOUR LANVERN,29720,272
PLONEVEZ DU FAOU,29530,272
PLONEVEZ PORZAY,29550,272
PLOUARZEL,29810,272
PLOUDALMEZEAU,29830,272
PLOUDANIEL,29260,272
PLOUDIRY,29800,272
PLOUEDERN,29800,272
PLOUEGAT GUERAND,29620,272
PLOUEGAT MOYSAN,29650,272
PLOUENAN,29420,272
PLOUESCAT,29430,272
PLOUEZOC H,29252,272
PLOUGAR,29440,272
PLOUGASNOU,29630,272
PLOUGASTEL DAOULAS,29470,272
PLOUGONVELIN,29217,272
PLOUGONVEN,29640,272
PLOUGOULM,29250,272
PLOUGOURVEST,29400,272
PLOUGUERNEAU,29880,272
PLOUGUIN,29830,272
PLOUHINEC,29780,272
PLOUIDER,29260,272
PLOUIGNEAU,29610,272
PLOUMOGUER,29810,272
PLOUNEOUR BRIGNOGAN PLAGES,29890,272
PLOUNEOUR MENEZ,29410,272
PLOUNEVENTER,29400,272
PLOUNEVEZ LOCHRIST,29430,272
PLOUNEVEZEL,29270,272
PLOURIN,29830,272
PLOURIN LES MORLAIX,29600,272
PLOUVIEN,29860,272
PLOUVORN,29420,272
PLOUYE,29690,272
PLOUZANE,29280,272
PLOUZEVEDE,29440,272
PLOVAN,29720,272
PLOZEVET,29710,272
PLUGUFFAN,29700,272
PLUMETOT,14440,272
PONT AVEN,29930,272
PONT BELLANGER,14380,272
PONT CROIX,29790,272
PONT D OUILLY,14690,272
PONT DE BUIS LES QUIMERCH,29590,272
PONT L ABBE,29120,272
PONT L EVEQUE,14130,272
PONTECOULANT,14110,272
PONTS SUR SEULLES,14480,272
PORSPODER,29840,272
PORT EN BESSIN HUPPAIN,14520,272
PORT LAUNAY,29150,272
POTIGNY,14420,272
POULDERGAT,29100,272
POULDREUZIC,29710,272
POULLAN SUR MER,29100,272
POULLAOUEN,29246,272
PREAUX BOCAGE,14210,272
PRETREVILLE,14140,272
PRIMELIN,29770,272
PUGET,84360,272
PUTOT EN AUGE,14430,272
PUYMERAS,84110,272
PUYVERT,84160,272
QUEMENEVEN,29180,272
QUERRIEN,29310,272
QUETTEVILLE,14130,272
QUIMPER,29000,272
QUIMPERLE,29300,272
RANCHY,14400,272
RANVILLE,14860,272
RAPILLY,14690,272
RASTEAU,84110,272
REDENE,29300,272
REPENTIGNY,14340,272
REUX,14130,272
REVIERS,14470,272
RICHERENCHES,84600,272
RIEC SUR BELON,29340,272
ROAIX,84110,272
ROBION,84440,272
ROCQUES,14100,272
ROSCANVEL,29570,272
ROSCOFF,29680,272
ROSEL,14740,272
ROSNOEN,29590,272
ROSPORDEN,29140,272
ROTS,14740,272
ROUVRES,14190,272
RUBERCY,14710,272
RUMESNIL,14340,272
RUSTREL,84400,272
RYES,14400,272
SABLET,84110,272
SAIGNON,84400,272
SALLEN,14240,272
SALLENELLES,14121,272
SANNERVILLE,14940,272
SANNES,84240,272
SANTEC,29250,272
SAON,14330,272
SAONNET,14330,272
SARRIANS,84260,272
SASSY,14170,272
SAULT,84390,272
SAUMANE DE VAUCLUSE,84800,272
SAVOILLAN,84390,272
SCAER,29390,272
SCRIGNAC,29640,272
SEGURET,84110,272
SERIGNAN DU COMTAT,84830,272
SEULLINE,14260,272
SIBIRIL,29250,272
SIVERGUES,84400,272
SIZUN,29450,272
SOIGNOLLES,14190,272
SOLIERS,14540,272
SOMMERVIEU,14400,272
SORGUES,84700,272
SOULANGY,14700,272
SOULEUVRE EN BOCAGE,14260,272
SOUMONT ST QUENTIN,14420,272
SPEZET,29540,272
ST ANDRE D HEBERTOT,14130,272
ST ANDRE SUR ORNE,14320,272
ST ARNOULT,14800,272
ST AUBIN D ARQUENAY,14970,272
ST AUBIN DES BOIS,14380,272
ST AUBIN SUR MER,14750,272
ST BENOIT D HEBERTOT,14130,272
ST COME DE FRESNE,14960,272
ST CONTEST,14280,272
ST COULITZ,29150,272
ST DENIS DE MAILLOC,14100,272
ST DENIS DE MERE,14110,272
ST DERRIEN,29440,272
ST DESIR,14100,272
ST DIVY,29800,272
ST ELOY,29460,272
ST ETIENNE LA THILLAYE,14950,272
ST EVARZEC,29170,272
ST FREGANT,29260,272
ST GATIEN DES BOIS,14130,272
ST GERMAIN DE LIVET,14100,272
ST GERMAIN DU PERT,14230,272
ST GERMAIN LA BLANCHE HERBE,14280,272
ST GERMAIN LANGOT,14700,272
ST GERMAIN LE VASSON,14190,272
ST GOAZEC,29520,272
ST HERNIN,29270,272
ST HIPPOLYTE LE GRAVEYRON,84330,272
ST HYMER,14130,272
ST JEAN DE LIVET,14100,272
ST JEAN DU DOIGT,29630,272
ST JEAN TROLIMON,29120,272
ST JOUIN,14430,272
ST JULIEN SUR CALONNE,14130,272
ST LAMBERT,14570,272
ST LAURENT DE CONDEL,14220,272
ST LAURENT SUR MER,14710,272
ST LEGER DU VENTOUX,84390,272
ST LEGER DUBOSQ,14430,272
ST LOUET SUR SEULLES,14310,272
ST LOUP HORS,14400,272
ST MANVIEU NORREY,14740,272
ST MARCELLIN LES VAISON,84110,272
ST MARCOUF,14330,272
ST MARTIN AUX CHARTRAINS,14130,272
ST MARTIN DE BIENFAITE LA CRESSONNIERE,14290,272
ST MARTIN DE BLAGNY,14710,272
ST MARTIN DE CASTILLON,84750,272
ST MARTIN DE LA BRASQUE,84760,272
ST MARTIN DE LA LIEUE,14100,272
ST MARTIN DE MAILLOC,14100,272
ST MARTIN DE MAY,14320,272
ST MARTIN DE MIEUX,14700,272
ST MARTIN DES ENTREES,14400,272
ST MEEN,29260,272
ST NIC,29550,272
ST OMER,14220,272
ST OUEN DU MESNIL OGER,14670,272
ST OUEN LE PIN,14340,272
ST PABU,29830,272
ST PAIR,14670,272
ST PANTALEON,84220,272
ST PAUL DU VERNAY,14490,272
ST PHILBERT DES CHAMPS,14130,272
ST PIERRE AZIF,14950,272
ST PIERRE CANIVET,14700,272
ST PIERRE DE VASSOLS,84330,272
ST PIERRE DES IFS,14100,272
ST PIERRE DU BU,14700,272
ST PIERRE DU FRESNE,14260,272
ST PIERRE DU JONQUET,14670,272
ST PIERRE DU MONT,14450,272
ST PIERRE EN AUGE,14140,272
ST POL DE LEON,29250,272
ST RENAN,29290,272
ST RIVOAL,29190,272
ST ROMAIN EN VIENNOIS,84110,272
ST ROMAN DE MALEGARDE,84290,272
ST SAMSON,14670,272
ST SATURNIN LES APT,84490,272
ST SATURNIN LES AVIGNON,84450,272
ST SEGAL,29590,272
ST SYLVAIN,14190,272
ST THEGONNEC LOC EGUINER,29410,272
ST THOIS,29520,272
ST THONAN,29800,272
ST THURIEN,29380,272
ST TRINIT,84390,272
ST URBAIN,29800,272
ST VAAST EN AUGE,14640,272
ST VAAST SUR SEULLES,14250,272
ST VIGOR LE GRAND,14400,272
ST VOUGAY,29440,272
ST YVI,29140,272
STE CECILE LES VIGNES,84290,272
STE CROIX SUR MER,14480,272
STE HONORINE DE DUCY,14240,272
STE HONORINE DU FAY,14210,272
STE MARGUERITE D ELLE,14330,272
STE MARIE OUTRE L EAU,14380,272
STE SEVE,29600,272
SUBLES,14400,272
SULLY,14400,272
SURRAIN,14710,272
SURVILLE,14130,272
SUZETTE,84190,272
TAILLADES,84300,272
TAULE,29670,272
TELGRUC SUR MER,29560,272
TERRES DE DRUANCE,14770,272
TESSEL,14250,272
THAON,14610,272
THUE ET MUE,14210,272
THURY HARCOURT LE HOM,14220,272
TILLY SUR SEULLES,14250,272
TOUFFREVILLE,14940,272
TOUQUES,14800,272
TOUR EN BESSIN,14400,272
TOURCH,29140,272
TOURGEVILLE,14800,272
TOURNIERES,14330,272
TOURVILLE EN AUGE,14130,272
TOURVILLE SUR ODON,14210,272
TRACY BOCAGE,14310,272
TRACY SUR MER,14117,272
TRAVAILLAN,84850,272
TREBABU,29217,272
TREFFIAGAT,29730,272
TREFLAOUENAN,29440,272
TREFLEVENEZ,29800,272
TREFLEZ,29430,272
TREGARANTEC,29260,272
TREGARVAN,29560,272
TREGLONOU,29870,272
TREGOUREZ,29970,272
TREGUENNEC,29720,272
TREGUNC,29910,272
TREMAOUEZAN,29800,272
TREMEOC,29120,272
TREOGAT,29720,272
TREOUERGAT,29290,272
TREPREL,14690,272
TREVIERES,14710,272
TREZILIDE,29440,272
TROARN,14670,272
TROUVILLE SUR MER,14360,272
TRUNGY,14490,272
UCHAUX,84100,272
USSY,14420,272
VACOGNES NEUILLY,14210,272
VACQUEYRAS,84190,272
VAISON LA ROMAINE,84110,272
VAL D ARRY,14210,272
VAL DE DROME,14240,272
VAL DE VIE,14140,272
VALAMBRAY,14190,272
VALDALLIERE,14350,272
VALORBIQUET,14290,272
VALREAS,84600,272
VALSEME,14340,272
VARAVILLE,14390,272
VAUCELLES,14400,272
VAUGINES,84160,272
VAUVILLE,14800,272
VAUX SUR AURE,14400,272
VAUX SUR SEULLES,14400,272
VEDENE,84270,272
VELLERON,84740,272
VENASQUE,84210,272
VENDES,14250,272
VENDEUVRE,14170,272
VER SUR MER,14114,272
VERSAINVILLE,14700,272
VERSON,14790,272
VICQUES,14170,272
VICTOT EN AUGE,14430,272
VIENNE EN BESSIN,14400,272
VIENS,84750,272
VIERVILLE SUR MER,14710,272
VIEUX,14930,272
VIEUX BOURG,14130,272
VIGNATS,14700,272
VILLELAURE,84530,272
VILLERS BOCAGE,14310,272
VILLERS CANIVET,14420,272
VILLERS SUR MER,14640,272
VILLERVILLE,14113,272
VILLES SUR AUZON,84570,272
VILLONS LES BUISSONS,14610,272
VILLY BOCAGE,14310,272
VILLY LEZ FALAISE,14700,272
VIMONT,14370,272
VIOLES,84150,272
VIRE NORMANDIE,14500,272
VISAN,84820,272
VITROLLES EN LUBERON,84240,272
ABLIS,78660,258
ACHENHEIM,67204,258
ADAINVILLE,78113,258
ADAMSWILLER,67320,258
AIGALIERS,30700,258
AIGREMONT,30350,258
AIGUEBELETTE LE LAC,73610,258
AIGUES MORTES,30220,258
AIGUEZE,30760,258
AILLON LE JEUNE,73340,258
AILLON LE VIEUX,73340,258
AIMARGUES,30470,258
AIME LA PLAGNE,73210,258
AITON,73220,258
AIX LES BAINS,73100,258
ALBE,67220,258
ALBERTVILLE,73200,258
ALBIEZ LE JEUNE,73300,258
ALBIEZ MONTROND,73300,258
ALES,30100,258
ALLEGRE LES FUMADES,30500,258
ALLONDAZ,73200,258
ALTECKENDORF,67270,258
ALTENHEIM,67490,258
ALTORF,67120,258
ALTWILLER,67260,258
ALZON,30770,258
ANDELU,78770,258
ANDLAU,67140,258
ANDRESY,78570,258
ANDUZE,30140,258
ARAMON,30390,258
ARBIN,73800,258
ARGENTINE,73220,258
ARGILLIERS,30210,258
ARITH,73340,258
ARNOUVILLE LES MANTES,78790,258
ARPAILLARGUES ET AUREILLAC,30700,258
ARPHY,30120,258
ARRE,30120,258
ARRIGAS,30770,258
ARTOLSHEIM,67390,258
ARVILLARD,73110,258
ASCHBACH,67250,258
ASPERES,30250,258
ASSWILLER,67320,258
ATTIGNAT ONCIN,73610,258
AUBAIS,30250,258
AUBERGENVILLE,78410,258
AUBORD,30620,258
AUBUSSARGUES,30190,258
AUFFARGIS,78610,258
AUFFREVILLE BRASSEUIL,78930,258
AUJARGUES,30250,258
AULAS,30120,258
AULNAY SUR MAULDRE,78126,258
AUMESSAS,30770,258
AUSSOIS,73500,258
AUTOUILLET,78770,258
AVEZE,30120,258
AVOLSHEIM,67120,258
AVRESSIEUX,73240,258
AVRIEUX,73500,258
AYN,73470,258
BAERENDORF,67320,258
BAGARD,30140,258
BAGNOLS SUR CEZE,30200,258
BALBRONN,67310,258
BALDENHEIM,67600,258
BAREMBACH,67130,258
BARON,30700,258
BARR,67140,258
BASSEMBERG,67220,258
BATZENDORF,67500,258
BAZAINVILLE,78550,258
BAZEMONT,78580,258
BAZOCHES SUR GUYONNE,78490,258
BEAUCAIRE,30300,258
BEHOUST,78910,258
BEINHEIM,67930,258
BELLECOMBE EN BAUGES,73340,258
BELLEFOSSE,67130,258
BELLEGARDE,30127,258
BELMONT TRAMONET,73330,258
BELVEZET,30580,258
BENFELD,67230,258
BENNECOURT,78270,258
BERG,67320,258
BERGBIETEN,67310,258
BERNARDSWILLER,67210,258
BERNARDVILLE,67140,258
BERNIS,30620,258
BERNOLSHEIM,67170,258
BERSTETT,67370,258
BERSTHEIM,67170,258
BESSANS,73480,258
BESSEGES,30160,258
BETSCHDORF,67660,258
BETTON BETTONET,73390,258
BETTWILLER,67320,258
BEZ ET ESPARON,30120,258
BEZOUCE,30320,258
BIBLISHEIM,67360,258
BIETLENHEIM,67720,258
BILLIEME,73170,258
BILWISHEIM,67170,258
BINDERNHEIM,67600,258
BISCHHEIM,67800,258
BISCHHOLTZ,67340,258
BISCHOFFSHEIM,67870,258
BISCHWILLER,67240,258
BISSERT,67260,258
BITSCHHOFFEN,67350,258
BLAESHEIM,67113,258
BLANCHERUPT,67130,258
BLANDAS,30770,258
BLARU,78270,258
BLAUZAC,30700,258
BLIENSCHWILLER,67650,258
BOERSCH,67530,258
BOESENBIESEN,67390,258
BOINVILLE EN MANTOIS,78930,258
BOINVILLE LE GAILLARD,78660,258
BOINVILLIERS,78200,258
BOIS D ARCY,78390,258
BOISSET ET GAUJAC,30140,258
BOISSETS,78910,258
BOISSIERES,30114,258
BOISSY MAUVOISIN,78200,258
BOISSY SANS AVOIR,78490,258
BOLSENHEIM,67150,258
BONNELLES,78830,258
BONNEVAL SUR ARC,73480,258
BONNIERES SUR SEINE,78270,258
BONVILLARD,73460,258
BONVILLARET,73220,258
BOOFZHEIM,67860,258
BOOTZHEIM,67390,258
BORDEZAC,30160,258
BOSSELSHAUSEN,67330,258
BOSSENDORF,67270,258
BOUAFLE,78410,258
BOUCOIRAN ET NOZIERES,30190,258
BOUGIVAL,78380,258
BOUILLARGUES,30230,258
BOUQUET,30580,258
BOURDEAU,73370,258
BOURDIC,30190,258
BOURDONNE,78113,258
BOURG BRUCHE,67420,258
BOURG ST MAURICE,73700,258
BOURGET EN HUILE,73110,258
BOURGHEIM,67140,258
BOUXWILLER,67330,258
BOZEL,73350,258
BRAGASSARGUES,30260,258
BRANOUX LES TAILLADES,30110,258
BREAU MARS,30120,258
BREITENAU,67220,258
BREITENBACH,67220,258
BREUIL BOIS ROBERT,78930,258
BREUSCHWICKERSHEIM,67112,258
BREVAL,78980,258
BRIDES LES BAINS,73570,258
BRIGNON,30190,258
BRISON ST INNOCENT,73100,258
BROUZET LES ALES,30580,258
BROUZET LES QUISSAC,30260,258
BRUEIL EN VEXIN,78440,258
BRUMATH,67170,258
BUC,78530,258
BUCHELAY,78200,258
BUHL,67470,258
BULLION,78830,258
BURBACH,67260,258
BUST,67320,258
BUSWILLER,67350,258
BUTTEN,67430,258
CABRIERES,30210,258
CAISSARGUES,30132,258
CALVISSON,30420,258
CAMPESTRE ET LUC,30770,258
CANAULES ET ARGENTIERES,30350,258
CANNES ET CLAIRAN,30260,258
CARDET,30350,258
CARNAS,30260,258
CARRIERES SOUS POISSY,78955,258
CARRIERES SUR SEINE,78420,258
CARSAN,30130,258
CASSAGNOLES,30350,258
CASTELNAU VALENCE,30190,258
CASTILLON DU GARD,30210,258
CAUSSE BEGON,30750,258
CAVEIRAC,30820,258
CAVILLARGUES,30330,258
CENDRAS,30480,258
CERNAY LA VILLE,78720,258
CESARCHES,73200,258
CEVINS,73730,258
CHALLES LES EAUX,73190,258
CHAMBORIGAUD,30530,258
CHAMBOURCY,78240,258
CHAMOUSSET,73390,258
CHAMOUX SUR GELON,73390,258
CHAMP LAURENT,73390,258
CHAMPAGNEUX,73240,258
CHAMPAGNY EN VANOISE,73350,258
CHANAZ,73310,258
CHANTELOUP LES VIGNES,78570,258
CHAPET,78130,258
CHATOU,78400,258
CHAUFOUR LES BONNIERES,78270,258
CHAVENAY,78450,258
CHEVREUSE,78460,258
CHIGNIN,73800,258
CHINDRIEUX,73310,258
CHOISEL,78460,258
CHUSCLAN,30200,258
CIVRY LA FORET,78910,258
CLAIREFONTAINE EN YVELINES,78120,258
CLARENSAC,30870,258
CLEEBOURG,67160,258
CLIMBACH,67510,258
CODOGNAN,30920,258
CODOLET,30200,258
COGNIN,73160,258
COHENNOZ,73400,258
COIGNIERES,78310,258
COISE ST JEAN PIED GAUTHIER,73800,258
COLLIAS,30210,258
COLLORGUES,30190,258
COLOGNAC,30460,258
COLROY LA ROCHE,67420,258
COMBAS,30250,258
CONCOULES,30450,258
CONDE SUR VESGRE,78113,258
CONFLANS STE HONORINE,78700,258
CONGENIES,30111,258
CONJUX,73310,258
CONNAUX,30330,258
CONQUEYRAC,30170,258
CORBEL,73160,258
CORCONNE,30260,258
CORNILLON,30630,258
COSSWILLER,67310,258
COURCHEVEL,73120,258
COURGENT,78790,258
COURRY,30500,258
CRASTATT,67310,258
CRAVENT,78270,258
CRESPIAN,30260,258
CRESPIERES,78121,258
CREST VOLAND,73590,258
CROETTWILLER,67470,258
CROISSY SUR SEINE,78290,258
CROS,30170,258
CRUET,73800,258
CRUVIERS LASCOURS,30360,258
CURIENNE,73190,258
DACHSTEIN,67120,258
DAHLENHEIM,67310,258
DALHUNDEN,67770,258
DAMBACH,67110,258
DAMBACH LA VILLE,67650,258
DAMMARTIN EN SERVE,78111,258
DAMPIERRE EN YVELINES,78720,258
DANGOLSHEIM,67310,258
DAUBENSAND,67150,258
DAUENDORF,67350,258
DAVRON,78810,258
DEAUX,30360,258
DEHLINGEN,67430,258
DETRIER,73110,258
DETTWILLER,67490,258
DIEBOLSHEIM,67230,258
DIEDENDORF,67260,258
DIEFFENBACH AU VAL,67220,258
DIEFFENBACH LES WOERTH,67360,258
DIEFFENTHAL,67650,258
DIEMERINGEN,67430,258
DIMBSTHAL,67440,258
DINGSHEIM,67370,258
DINSHEIM SUR BRUCHE,67190,258
DIONS,30190,258
DOMAZAN,30390,258
DOMESSARGUES,30350,258
DOMESSIN,73330,258
DOMFESSEL,67430,258
DONNENHEIM,67170,258
DORLISHEIM,67120,258
DOSSENHEIM KOCHERSBERG,67117,258
DOSSENHEIM SUR ZINSEL,67330,258
DOUCY EN BAUGES,73630,258
DOURBIES,30750,258
DRACHENBRONN BIRLENBACH,67160,258
DRULINGEN,67320,258
DRUMETTAZ CLARAFOND,73420,258
DRUSENHEIM,67410,258
DULLIN,73610,258
DUNTZENHEIM,67270,258
DUPPIGHEIM,67120,258
DURFORT ET ST MARTIN DE SOSSENAC,30170,258
DURNINGEN,67270,258
DURRENBACH,67360,258
DURSTEL,67320,258
DUTTLENHEIM,67120,258
EBERBACH SELTZ,67470,258
EBERSHEIM,67600,258
EBERSMUNSTER,67600,258
ECKARTSWILLER,67700,258
ECKBOLSHEIM,67201,258
ECKWERSHEIM,67550,258
ECOLE,73630,258
ECQUEVILLY,78920,258
EICHHOFFEN,67140,258
ELANCOURT,78990,258
ELSENHEIM,67390,258
EMANCE,78125,258
ENGWILLER,67350,258
ENTRELACS,73410,258
ENTREMONT LE VIEUX,73670,258
ENTZHEIM,67960,258
EPFIG,67680,258
EPIERRE,73220,258
EPONE,78680,258
ERCKARTSWILLER,67290,258
ERGERSHEIM,67120,258
ERNOLSHEIM BRUCHE,67120,258
ERNOLSHEIM LES SAVERNE,67330,258
ERSTEIN,67150,258
ESCHAU,67114,258
ESCHBACH,67360,258
ESCHBOURG,67320,258
ESCHWILLER,67320,258
ESSERTS BLAY,73540,258
ESTEZARGUES,30390,258
ETTENDORF,67350,258
EUZET,30360,258
EVECQUEMONT,78740,258
EYWILLER,67320,258
FAVRIEUX,78200,258
FEGERSHEIM,67640,258
FEISSONS SUR SALINS,73350,258
FESSENHEIM LE BAS,67117,258
FEUCHEROLLES,78810,258
FLACOURT,78200,258
FLAUX,30700,258
FLEXANVILLE,78910,258
FLEXBOURG,67310,258
FLINS NEUVE EGLISE,78790,258
FLINS SUR SEINE,78410,258
FLUMET,73590,258
FOLLAINVILLE DENNEMONT,78520,258
FONS SUR LUSSAN,30580,258
FONTANES,30250,258
FONTARECHES,30580,258
FONTCOUVERTE LA TOUSSUIRE,73300,258
FONTENAY LE FLEURY,78330,258
FONTENAY MAUVOISIN,78200,258
FONTENAY ST PERE,78440,258
FORSTFELD,67480,258
FORSTHEIM,67580,258
FORT LOUIS,67480,258
FOUCHY,67220,258
FOUDAY,67130,258
FOURNES,30210,258
FOURQUES,30300,258
FRENEY,73500,258
FRESSAC,30170,258
FRETERIVE,73250,258
FRIEDOLSHEIM,67490,258
FRIESENHEIM,67860,258
FROESCHWILLER,67360,258
FROHMUHL,67290,258
FRONTENEX,73460,258
FURCHHAUSEN,67700,258
FURDENHEIM,67117,258
GAGNIERES,30160,258
GAILHAN,30260,258
GAILLON SUR MONTCIENT,78250,258
GALLARGUES LE MONTUEUX,30660,258
GALLUIS,78490,258
GAMBAIS,78950,258
GAMBAISEUIL,78490,258
GAMBSHEIM,67760,258
GARANCIERES,78890,258
GARGENVILLE,78440,258
GARONS,30128,258
GARRIGUES STE EULALIE,30190,258
GAUJAC,30330,258
GAZERAN,78125,258
GEISPOLSHEIM,67118,258
GEISWILLER ZOEBERSDORF,67270,258
GENERAC,30510,258
GENERARGUES,30140,258
GENOLHAC,30450,258
GERBAIX,73470,258
GERSTHEIM,67150,258
GERTWILLER,67140,258
GEUDERTHEIM,67170,258
GILLY SUR ISERE,73200,258
GOERLINGEN,67320,258
GOERSDORF,67360,258
GOTTENHOUSE,67700,258
GOTTESHEIM,67490,258
GOUDARGUES,30630,258
GOUGENHEIM,67270,258
GOUSSONVILLE,78930,258
GOXWILLER,67210,258
GRAND AIGUEBLANCHE,73260,258
GRASSENDORF,67350,258
GRENDELBRUCH,67190,258
GRESSEY,78550,258
GRESSWILLER,67190,258
GRESY SUR AIX,73100,258
GRESY SUR ISERE,73460,258
GRIES,67240,258
GRIESHEIM PRES MOLSHEIM,67870,258
GRIESHEIM SUR SOUFFEL,67370,258
GROSROUVRE,78490,258
GUERNES,78520,258
GUITRANCOURT,78440,258
GUMBRECHTSHOFFEN,67110,258
GUNDERSHOFFEN,67110,258
GUNGWILLER,67320,258
GUNSTETT,67360,258
GUYANCOURT,78280,258
HAEGEN,67700,258
HAGUENAU,67500,258
HANDSCHUHEIM,67117,258
HANGENBIETEN,67980,258
HARDRICOURT,78250,258
HARGEVILLE,78790,258
HARSKIRCHEN,67260,258
HATTEN,67690,258
HATTMATT,67330,258
HAUTELUCE,73620,258
HEGENEY,67360,258
HEIDOLSHEIM,67390,258
HEILIGENBERG,67190,258
HEILIGENSTEIN,67140,258
HENGWILLER,67440,258
HERBEVILLE,78580,258
HERBITZHEIM,67260,258
HERBSHEIM,67230,258
HERMERAY,78125,258
HERRLISHEIM,67850,258
HESSENHEIM,67390,258
HILSENHEIM,67600,258
HINDISHEIM,67150,258
HINSBOURG,67290,258
HINSINGEN,67260,258
HIPSHEIM,67150,258
HIRSCHLAND,67320,258
HOCHFELDEN,67270,258
HOCHSTETT,67170,258
HOENHEIM,67800,258
HOERDT,67720,258
HOFFEN,67250,258
HOHENGOEFT,67310,258
HOHFRANKENHEIM,67270,258
HOLTZHEIM,67810,258
HOUDAN,78550,258
HOUILLES,78800,258
HUNSPACH,67250,258
HURTIGHEIM,67117,258
HUTTENDORF,67270,258
HUTTENHEIM,67230,258
ICHTRATZHEIM,67640,258
ILLKIRCH GRAFFENSTADEN,67400,258
INGENHEIM,67270,258
INGOLSHEIM,67250,258
INGWILLER,67340,258
INNENHEIM,67880,258
ISSENHAUSEN,67330,258
ISSIRAC,30760,258
ISSOU,78440,258
ITTENHEIM,67117,258
ITTERSWILLER,67140,258
JAMBVILLE,78440,258
JARRIER,73300,258
JARSY,73630,258
JETTERSWILLER,67440,258
JONGIEUX,73170,258
JONQUIERES ST VINCENT,30300,258
JOUARS PONTCHARTRAIN,78760,258
JOUY EN JOSAS,78350,258
JOUY MAUVOISIN,78200,258
JUMEAUVILLE,78580,258
JUNAS,30250,258
JUZIERS,78820,258
KALTENHOUSE,67240,258
KAUFFENHEIM,67480,258
KEFFENACH,67250,258
KERTZFELD,67230,258
KESKASTEL,67260,258
KESSELDORF,67930,258
KIENHEIM,67270,258
KILSTETT,67840,258
KINDWILLER,67350,258
KINTZHEIM,67600,258
KIRCHHEIM,67520,258
KIRRBERG,67320,258
KIRRWILLER,67330,258
KLEINGOEFT,67440,258
KNOERSHEIM,67310,258
KOGENHEIM,67230,258
KOLBSHEIM,67120,258
KRAUTERGERSHEIM,67880,258
KRAUTWILLER,67170,258
KRIEGSHEIM,67170,258
KURTZENHOUSE,67240,258
KUTTOLSHEIM,67520,258
KUTZENHAUSEN,67250,258
L ESTRECHURE,30124,258
L ETANG LA VILLE,78620,258
LA BALME,73170,258
LA BASTIDE D ENGRAS,30330,258
LA BATHIE,73540,258
LA BAUCHE,73360,258
LA BIOLLE,73410,258
LA BOISSIERE ECOLE,78125,258
LA BRIDOIRE,73520,258
LA BROQUE,67130,258
LA BRUGUIERE,30580,258
LA CADIERE ET CAMBO,30170,258
LA CALMETTE,30190,258
LA CAPELLE ET MASMOLENE,30700,258
LA CELLE LES BORDES,78720,258
LA CELLE ST CLOUD,78170,258
LA CHAMBRE,73130,258
LA CHAPELLE DU MONT DU CHAT,73370,258
LA CHAPELLE ST MARTIN,73170,258
LA CHAVANNE,73800,258
LA COMPOTE,73630,258
LA CROIX DE LA ROCHETTE,73110,258
LA FALAISE,78410,258
LA GIETTAZ,73590,258
LA GRAND COMBE,30110,258
LA HAUTEVILLE,78113,258
LA LECHERE,73260,258
LA MOTTE EN BAUGES,73340,258
LA MOTTE SERVOLEX,73290,258
LA PETITE PIERRE,67290,258
LA PLAGNE TARENTAISE,73210,258
LA QUEUE LES YVELINES,78940,258
LA RAVOIRE,73490,258
LA ROQUE SUR CEZE,30200,258
LA ROUVIERE,30190,258
LA TABLE,73110,258
LA THUILE,73190,258
LA TOUR EN MAURIENNE,73300,258
LA VANCELLE,67730,258
LA VERNAREDE,30530,258
LA VERRIERE,78320,258
LA VILLENEUVE EN CHEVRIE,78270,258
LA WANTZENAU,67610,258
LAINVILLE EN VEXIN,78440,258
LAISSAUD,73800,258
LALAYE,67220,258
LAMELOUZE,30110,258
LAMPERTHEIM,67450,258
LAMPERTSLOCH,67250,258
LANDERSHEIM,67700,258
LANDRY,73210,258
LANGENSOULTZBACH,67360,258
LANGLADE,30980,258
LANUEJOLS,30750,258
LASALLE,30460,258
LAUBACH,67580,258
LAUDUN L ARDOISE,30290,258
LAUTERBOURG,67630,258
LAVAL PRADEL,30110,258
LAVAL ST ROMAN,30760,258
LE BOURGET DU LAC,73370,258
LE CAILAR,30740,258
LE CHATELARD,73630,258
LE CHESNAY ROCQUENCOURT,78150,258
LE GARN,30760,258
LE GRAU DU ROI,30240,258
LE HOHWALD,67140,258
LE MARTINET,30960,258
LE MESNIL LE ROI,78600,258
LE MESNIL ST DENIS,78320,258
LE PECQ,78230,258
LE PERRAY EN YVELINES,78610,258
LE PONTET,73110,258
LE PORT MARLY,78560,258
LE TARTRE GAUDRAN,78113,258
LE TERTRE ST DENIS,78980,258
LE TREMBLAY SUR MAULDRE,78490,258
LE VERNEIL,73110,258
LE VESINET,78110,258
LE VIGAN,30120,258
LECQUES,30250,258
LEDENON,30210,258
LEDIGNAN,30350,258
LEMBACH,67510,258
LEPIN LE LAC,73610,258
LES ALLUES,73550,258
LES ALLUETS LE ROI,78580,258
LES ANGLES,30133,258
LES AVANCHERS VALMOREL,73260,258
LES BELLEVILLE,73440,258
LES BREVIAIRES,78610,258
LES CHAPELLES,73700,258
LES CHAVANNES EN MAURIENNE,73660,258
LES CLAYES SOUS BOIS,78340,258
LES DESERTS,73230,258
LES ECHELLES,73360,258
LES ESSARTS LE ROI,78690,258
LES LOGES EN JOSAS,78350,258
LES MAGES,30960,258
LES MESNULS,78490,258
LES MOLLETTES,73800,258
LES MUREAUX,78130,258
LES PLANS,30340,258
LES PLANTIERS,30122,258
LES SALLES DU GARDON,30110,258
LESCHERAINES,73340,258
LEUTENHEIM,67480,258
LEVIS ST NOM,78320,258
LEZAN,30350,258
LICHTENBERG,67340,258
LIMAY,78520,258
LIMERSHEIM,67150,258
LIMETZ VILLEZ,78270,258
LINGOLSHEIM,67380,258
LIOUC,30260,258
LIPSHEIM,67640,258
LIRAC,30126,258
LITTENHEIM,67490,258
LIXHAUSEN,67270,258
LOBSANN,67250,258
LOCHWILLER,67440,258
LOGRIAN FLORIAN,30610,258
LOHR,67290,258
LOISIEUX,73170,258
LOMMOYE,78270,258
LORENTZEN,67430,258
LOUVECIENNES,78430,258
LUPSTEIN,67490,258
LUSSAN,30580,258
LUTZELHOUSE,67130,258
MACKENHEIM,67390,258
MACKWILLER,67430,258
MAENNOLSHEIM,67700,258
MAGNANVILLE,78200,258
MAGNY LES HAMEAUX,78114,258
MAISONS LAFFITTE,78600,258
MAISONSGOUTTE,67220,258
MALONS ET ELZE,30450,258
MANDAGOUT,30120,258
MANDUEL,30129,258
MANTES LA JOLIE,78200,258
MANTES LA VILLE,78711,258
MARCIEUX,73470,258
MARCKOLSHEIM,67390,258
MAREIL LE GUYON,78490,258
MAREIL MARLY,78750,258
MAREIL SUR MAULDRE,78124,258
MARGUERITTES,30320,258
MARLENHEIM,67520,258
MARLY LE ROI,78160,258
MARMOUTIER,67440,258
MARTHOD,73400,258
MARTIGNARGUES,30360,258
MARUEJOLS LES GARDON,30350,258
MASSANES,30350,258
MASSILLARGUES ATTUECH,30140,258
MATZENHEIM,67150,258
MAULE,78580,258
MAULETTE,78550,258
MAURECOURT,78780,258
MAUREPAS,78310,258
MAURESSARGUES,30350,258
MEDAN,78670,258
MEISTRATZHEIM,67210,258
MEJANNES LE CLAP,30430,258
MEJANNES LES ALES,30340,258
MELSHEIM,67270,258
MEMMELSHOFFEN,67250,258
MENCHHOFFEN,67340,258
MENERVILLE,78200,258
MERCURY,73200,258
MERE,78490,258
MERKWILLER PECHELBRONN,67250,258
MERTZWILLER,67580,258
MERY,73420,258
MEULAN EN YVELINES,78250,258
MEYNES,30840,258
MEYRANNES,30410,258
MEYRIEUX TROUET,73170,258
MEZIERES SUR SEINE,78970,258
MEZY SUR SEINE,78250,258
MIETESHEIM,67580,258
MILHAUD,30540,258
MILLEMONT,78940,258
MILON LA CHAPELLE,78470,258
MINVERSHEIM,67270,258
MITTAINVILLE,78125,258
MITTELBERGHEIM,67140,258
MITTELHAUSBERGEN,67206,258
MITTELSCHAEFFOLSHEIM,67170,258
MODANE,73500,258
MOISSON,78840,258
MOLIERES CAVAILLAC,30120,258
MOLIERES SUR CEZE,30410,258
MOLLKIRCH,67190,258
MOLSHEIM,67120,258
MOMMENHEIM,67670,258
MONOBLET,30170,258
MONSWILLER,67700,258
MONTAGNAC,30350,258
MONTAILLEUR,73460,258
MONTAINVILLE,78124,258
MONTALET LE BOIS,78440,258
MONTAREN ET ST MEDIERS,30700,258
MONTCHAUVET,78790,258
MONTDARDIER,30120,258
MONTENDRY,73390,258
MONTESSON,78360,258
MONTFORT L AMAURY,78490,258
MONTFRIN,30490,258
MONTGILBERT,73220,258
MONTHION,73200,258
MONTIGNARGUES,30190,258
MONTIGNY LE BRETONNEUX,78180,258
MONTMELIAN,73800,258
MONTMIRAT,30260,258
MONTPEZAT,30730,258
MONTRICHER ALBANNE,73870,258
MONTSAPEY,73220,258
MONTVALEZAN,73700,258
MONTVERNIER,73300,258
MORAINVILLIERS,78630,258
MORSBRONN LES BAINS,67360,258
MORSCHWILLER,67350,258
MOTHERN,67470,258
MOTZ,73310,258
MOULEZAN,30350,258
MOUSSAC,30190,258
MOUSSEAUX SUR SEINE,78270,258
MOUXY,73100,258
MUHLBACH SUR BRUCHE,67130,258
MULCENT,78790,258
MULHAUSEN,67350,258
MUNCHHAUSEN,67470,258
MUNDOLSHEIM,67450,258
MUS,30121,258
MUSSIG,67600,258
MUTTERSHOLTZ,67600,258
MUTZENHOUSE,67270,258
MUTZIG,67190,258
MYANS,73800,258
NAGES ET SOLORGUES,30114,258
NANCES,73470,258
NATZWILLER,67130,258
NAVACELLES,30580,258
NEAUPHLE LE CHATEAU,78640,258
NEAUPHLE LE VIEUX,78640,258
NEAUPHLETTE,78980,258
NEEWILLER PRES LAUTERBOURG,67630,258
NERS,30360,258
NEUBOIS,67220,258
NEUGARTHEIM ITTLENHEIM,67370,258
NEUHAEUSEL,67480,258
NEUVE EGLISE,67220,258
NEUVILLER LA ROCHE,67130,258
NEUWILLER LES SAVERNE,67330,258
NEZEL,78410,258
NIEDERBRONN LES BAINS,67110,258
NIEDERHASLACH,67280,258
NIEDERHAUSBERGEN,67207,258
NIEDERLAUTERBACH,67630,258
NIEDERMODERN,67350,258
NIEDERNAI,67210,258
NIEDERROEDERN,67470,258
NIEDERSCHAEFFOLSHEIM,67500,258
NIEDERSOULTZBACH,67330,258
NIEDERSTEINBACH,67510,258
NOISY LE ROI,78590,258
NORDHEIM,67520,258
NORDHOUSE,67150,258
NOTHALTEN,67680,258
NOTRE DAME DE BELLECOMBE,73590,258
NOTRE DAME DE LA MER,78270,258
NOTRE DAME DES MILLIERES,73460,258
NOTRE DAME DU CRUET,73130,258
NOTRE DAME DU PRE,73600,258
NOVALAISE,73470,258
OBENHEIM,67230,258
OBERBRONN,67110,258
OBERDORF SPACHBACH,67360,258
OBERHASLACH,67280,258
OBERHAUSBERGEN,67205,258
OBERHOFFEN LES WISSEMBOURG,67160,258
OBERHOFFEN SUR MODER,67240,258
OBERLAUTERBACH,67160,258
OBERMODERN ZUTZENDORF,67330,258
OBERNAI,67210,258
OBERROEDERN,67250,258
OBERSCHAEFFOLSHEIM,67203,258
OBERSOULTZBACH,67330,258
OBERSTEINBACH,67510,258
ODRATZHEIM,67520,258
OERMINGEN,67970,258
OFFENDORF,67850,258
OFFWILLER,67340,258
OHLUNGEN,67170,258
OHNENHEIM,67390,258
OINVILLE SUR MONTCIENT,78250,258
OLWISHEIM,67170,258
ONTEX,73310,258
ORCEMONT,78125,258
ORELLE,73140,258
ORGERUS,78910,258
ORPHIN,78125,258
ORSAN,30200,258
ORSCHWILLER,67600,258
ORSONVILLE,78660,258
ORTHOUX SERIGNAC QUILHAN,30260,258
ORVILLIERS,78910,258
OSTHOFFEN,67990,258
OSTHOUSE,67150,258
OSTWALD,67540,258
OTTERSTHAL,67700,258
OTTERSWILLER,67700,258
OTTROTT,67530,258
OTTWILLER,67320,258
PALLUD,73200,258
PARAY DOUAVILLE,78660,258
PARIGNARGUES,30730,258
PEISEY NANCROIX,73210,258
PERDREAUVILLE,78200,258
PETERSBACH,67290,258
PEYREMALE,30160,258
PEYROLLES EN CEVENNES,30124,258
PFALZWEYER,67320,258
PFULGRIESHEIM,67370,258
PLAINE,67420,258
PLAISIR,78370,258
PLANAISE,73800,258
PLANCHERINE,73200,258
PLOBSHEIM,67115,258
POIGNY LA FORET,78125,258
POISSY,78300,258
POMPIGNAN,30170,258
PONT ST ESPRIT,30130,258
PONTEILS ET BRESIS,30450,258
PONTHEVRARD,78730,258
PORCHEVILLE,78440,258
PORTE DE SAVOIE,73800,258
POTELIERES,30500,258
POUGNADORESSE,30330,258
POULX,30320,258
POUZILHAC,30210,258
PRALOGNAN LA VANOISE,73710,258
PRESLE,73110,258
PREUSCHDORF,67250,258
PRINTZHEIM,67490,258
PRUNAY EN YVELINES,78660,258
PRUNAY LE TEMPLE,78910,258
PUBERG,67290,258
PUECHREDON,30610,258
PUGNY CHATENOD,73100,258
PUJAUT,30131,258
PUYGROS,73190,258
QUATZENHEIM,67117,258
QUEIGE,73720,258
QUISSAC,30260,258
RAIZEUX,78125,258
RAMBOUILLET,78120,258
RANGEN,67310,258
RANRUPT,67420,258
RATZWILLER,67430,258
RAUWILLER,67320,258
REDESSAN,30129,258
REICHSFELD,67140,258
REICHSHOFFEN,67110,258
REICHSTETT,67116,258
REINHARDSMUNSTER,67440,258
REIPERTSWILLER,67340,258
REMOULINS,30210,258
RENNEMOULIN,78590,258
RETSCHWILLER,67250,258
REUTENBOURG,67440,258
REVENS,30750,258
REXINGEN,67320,258
RHINAU,67860,258
RIBAUTE LES TAVERNES,30720,258
RICHTOLSHEIM,67390,258
RIEDSELTZ,67160,258
RIMSDORF,67260,258
RINGENDORF,67350,258
RITTERSHOFFEN,67690,258
ROBIAC ROCHESSADOULE,30160,258
ROCHEFORT DU GARD,30650,258
ROCHEFORT EN YVELINES,78730,258
RODILHAN,30230,258
ROESCHWOOG,67480,258
ROGNAIX,73730,258
ROGUES,30120,258
ROHR,67270,258
ROHRWILLER,67410,258
ROLLEBOISE,78270,258
ROMANSWILLER,67310,258
ROPPENHEIM,67480,258
ROQUEDUR,30440,258
ROQUEMAURE,30150,258
ROSENWILLER,67560,258
ROSHEIM,67560,258
ROSNY SUR SEINE,78710,258
ROSSFELD,67230,258
ROSTEIG,67290,258
ROTHAU,67570,258
ROTHBACH,67340,258
ROTHERENS,73110,258
ROTT,67160,258
ROTTELSHEIM,67170,258
ROUNTZENHEIM AUENHEIM,67480,258
ROUSSON,30340,258
RUFFIEUX,73310,258
RUSS,67130,258
SAALES,67420,258
SAASENHEIM,67390,258
SABRAN,30200,258
SAESSOLSHEIM,67270,258
SALAZAC,30760,258
SALINDRES,30340,258
SALINELLES,30250,258
SALINS FONTAINE,73600,258
SALMBACH,67160,258
SAND,67230,258
SANILHAC SAGRIES,30700,258
SARDAN,30260,258
SARRE UNION,67260,258
SARREWERDEN,67260,258
SARTROUVILLE,78500,258
SAULX MARCHAIS,78650,258
SAUVE,30610,258
SAUVETERRE,30150,258
SAVERNE,67700,258
SAVIGNARGUES,30350,258
SAZE,30650,258
SCHAEFFERSHEIM,67150,258
SCHAFFHOUSE PRES SELTZ,67470,258
SCHALKENDORF,67350,258
SCHARRACHBERGHEIM IRMSTETT,67310,258
SCHEIBENHARD,67630,258
SCHERLENHEIM,67270,258
SCHERWILLER,67750,258
SCHILLERSDORF,67340,258
SCHILTIGHEIM,67300,258
SCHIRMECK,67130,258
SCHIRRHEIN,67240,258
SCHIRRHOFFEN,67240,258
SCHLEITHAL,67160,258
SCHNERSHEIM,67370,258
SCHOENAU,67390,258
SCHOENBOURG,67320,258
SCHOENENBOURG,67250,258
SCHOPPERTEN,67260,258
SCHWEIGHOUSE SUR MODER,67590,258
SCHWENHEIM,67440,258
SCHWINDRATZHEIM,67270,258
SCHWOBSHEIM,67390,258
SEEBACH,67160,258
SEEZ,73700,258
SELESTAT,67600,258
SELTZ,67470,258
SENECHAS,30450,258
SENLISSE,78720,258
SEPTEUIL,78790,258
SERMERSHEIM,67230,258
SERNHAC,30210,258
SERRIERES EN CHAUTAGNE,73310,258
SERVIERS ET LABAUME,30700,258
SESSENHEIM,67770,258
SEYNES,30580,258
SIEGEN,67160,258
SIEWILLER,67320,258
SILTZHEIM,67260,258
SOINDRES,78200,258
SOLBACH,67130,258
SOMMERAU,67310,258
SOMMIERES,30250,258
SONCHAMP,78120,258
SOUDORGUES,30460,258
SOUFFELWEYERSHEIM,67460,258
SOUFFLENHEIM,67620,258
SOULTZ LES BAINS,67120,258
SOULTZ SOUS FORETS,67250,258
SOUSTELLE,30110,258
SOUVIGNARGUES,30250,258
SPARSBACH,67340,258
ST ALBAN D HURTIERES,73220,258
ST ALBAN DE MONTBEL,73610,258
ST ALBAN DES VILLARDS,73130,258
ST ALBAN LEYSSE,73230,258
ST ALEXANDRE,30130,258
ST ANDRE D OLERARGUES,30330,258
ST ANDRE DE MAJENCOULES,30570,258
ST ANDRE DE ROQUEPERTUIS,30630,258
ST ANDRE DE VALBORGNE,30940,258
ST ARNOULT EN YVELINES,78730,258
ST AVRE,73130,258
ST BALDOPH,73190,258
ST BAUZELY,30730,258
ST BENEZET,30350,258
ST BERON,73520,258
ST BLAISE LA ROCHE,67420,258
ST BONNET DE SALENDRINQUE,30460,258
ST BONNET DU GARD,30210,258
ST BRES,30500,258
ST BRESSON,30440,258
ST CASSIN,73160,258
ST CESAIRE DE GAUZIGNAN,30360,258
ST CHAPTES,30190,258
ST CHRISTOL DE RODIERES,30760,258
ST CHRISTOL LEZ ALES,30380,258
ST COLOMBAN DES VILLARDS,73130,258
ST COME ET MARUEJOLS,30870,258
ST CYR L ECOLE,78210,258
ST DEZERY,30190,258
ST DIONISY,30980,258
ST ETIENNE DE CUINES,73130,258
ST ETIENNE DE L OLM,30360,258
ST ETIENNE DES SORTS,30200,258
ST FELIX DE PALLIERES,30140,258
ST FLORENT SUR AUZONNET,30960,258
ST FORGET,78720,258
ST FRANC,73360,258
ST FRANCOIS DE SALES,73340,258
ST FRANCOIS LONGCHAMP,73130,258
ST GENIES DE COMOLAS,30150,258
ST GENIES DE MALGOIRES,30190,258
ST GENIX LES VILLAGES,73240,258
ST GEORGES D HURTIERES,73220,258
ST GERMAIN DE LA GRANGE,78640,258
ST GERMAIN EN LAYE,78100,258
ST GERVAIS,30200,258
ST GERVASY,30320,258
ST GILLES,30800,258
ST HILAIRE D OZILHAN,30210,258
ST HILAIRE DE BRETHMAS,30560,258
ST HILARION,78125,258
ST HIPPOLYTE DE CATON,30360,258
ST HIPPOLYTE DE MONTAIGU,30700,258
ST HIPPOLYTE DU FORT,30170,258
ST ILLIERS LA VILLE,78980,258
ST ILLIERS LE BOIS,78980,258
ST JEAN D ARVES,73530,258
ST JEAN D ARVEY,73230,258
ST JEAN DE CEYRARGUES,30360,258
ST JEAN DE CHEVELU,73170,258
ST JEAN DE COUZ,73160,258
ST JEAN DE CRIEULON,30610,258
ST JEAN DE LA PORTE,73250,258
ST JEAN DE MARUEJOLS ET AVEJAN,30430,258
ST JEAN DE MAURIENNE,73300,258
ST JEAN DE SERRES,30350,258
ST JEAN DE VALERISCLE,30960,258
ST JEAN DU GARD,30270,258
ST JEAN DU PIN,30140,258
ST JEAN SAVERNE,67700,258
ST JEOIRE PRIEURE,73190,258
ST JULIEN DE CASSAGNAS,30500,258
ST JULIEN DE LA NEF,30440,258
ST JULIEN DE PEYROLAS,30760,258
ST JULIEN LES ROSIERS,30340,258
ST JULIEN MONT DENIS,73870,258
ST JUST ET VACQUIERES,30580,258
ST LAURENT D AIGOUZE,30220,258
ST LAURENT DE CARNOLS,30200,258
ST LAURENT DES ARBRES,30126,258
ST LAURENT LA VERNEDE,30330,258
ST LAURENT LE MINIER,30440,258
ST LEGER EN YVELINES,78610,258
ST MAMERT DU GARD,30730,258
ST MARCEL DE CAREIRET,30330,258
ST MARTIN D ARC,73140,258
ST MARTIN DE BRETHENCOURT,78660,258
ST MARTIN DE LA PORTE,73140,258
ST MARTIN DE VALGALGUES,30520,258
ST MARTIN LA GARENNE,78520,258
ST MARTIN SUR LA CHAMBRE,73130,258
ST MAURICE DE CAZEVIEILLE,30360,258
ST MAXIMIN,30700,258
ST MICHEL D EUZET,30200,258
ST MICHEL DE MAURIENNE,73140,258
ST NABOR,67530,258
ST NAZAIRE,30200,258
ST NAZAIRE DES GARDIES,30610,258
ST NOM LA BRETECHE,78860,258
ST OFFENGE,73100,258
ST PAUL LA COSTE,30480,258
ST PAUL LES FONTS,30330,258
ST PAUL SUR ISERE,73730,258
ST PAUL SUR YENNE,73170,258
ST PAULET DE CAISSON,30130,258
ST PIERRE BOIS,67220,258
ST PIERRE D ALBIGNY,73250,258
ST PIERRE D ALVEY,73170,258
ST PIERRE DE BELLEVILLE,73220,258
ST PIERRE DE CURTILLE,73310,258
ST PIERRE DE GENEBROZ,73360,258
ST PIERRE DE SOUCY,73800,258
ST PONS LA CALM,30330,258
ST PRIVAT DE CHAMPCLOS,30430,258
ST PRIVAT DES VIEUX,30340,258
ST QUENTIN LA POTERIE,30700,258
ST REMY DE MAURIENNE,73660,258
ST REMY L HONORE,78690,258
ST REMY LES CHEVREUSE,78470,258
ST ROMAN DE CODIERES,30440,258
ST SAUVEUR CAMPRIEU,30750,258
ST SEBASTIEN D AIGREFEUILLE,30140,258
ST SIFFRET,30700,258
ST SORLIN D ARVES,73530,258
ST THEODORIT,30260,258
ST THIBAUD DE COUZ,73160,258
ST VICTOR DE MALCAP,30500,258
ST VICTOR DES OULES,30700,258
ST VICTOR LA COSTE,30290,258
ST VITAL,73460,258
STATTMATTEN,67770,258
STE CECILE D ANDORGE,30110,258
STE CROIX DE CADERLE,30460,258
STE FOY TARENTAISE,73640,258
STE HELENE DU LAC,73800,258
STE HELENE SUR ISERE,73460,258
STE MARIE D ALVEY,73240,258
STE MARIE DE CUINES,73130,258
STE MESME,78730,258
STEIGE,67220,258
STEINBOURG,67790,258
STEINSELTZ,67160,258
STILL,67190,258
STOTZHEIM,67140,258
STRUTH,67290,258
STUNDWILLER,67250,258
STUTZHEIM OFFENHEIM,67370,258
SUMENE,30440,258
SUNDHOUSE,67920,258
SURBOURG,67250,258
TACOIGNIERES,78910,258
TAVEL,30126,258
TESSANCOURT SUR AUBETTE,78250,258
THAL DRULINGEN,67320,258
THAL MARMOUTIER,67440,258
THANVILLE,67220,258
THARAUX,30430,258
THENESOL,73200,258
THEZIERS,30390,258
THIVERVAL GRIGNON,78850,258
THOIRAS CORBES,30140,258
TIEFFENBACH,67290,258
TIGNES,73320,258
TORNAC,30140,258
TOURNON,73460,258
TOURS EN SAVOIE,73790,258
TOUSSUS LE NOBLE,78117,258
TRAENHEIM,67310,258
TRAIZE,73170,258
TRAPPES,78190,258
TRESQUES,30330,258
TRESSERVE,73100,258
TREVES,30750,258
TREVIGNIN,73100,258
TRIEL SUR SEINE,78510,258
TRIEMBACH AU VAL,67220,258
TRIMBACH,67470,258
TRUCHTERSHEIM,67370,258
UCHAUD,30620,258
UGINE,73400,258
UHLWILLER,67350,258
UHRWILLER,67350,258
URBEIS,67220,258
URMATT,67280,258
UTTENHEIM,67150,258
UTTENHOFFEN,67110,258
UTTWILLER,67330,258
UZES,30700,258
VAL CENIS,73480,258
VAL D AIGOUAL,30570,258
VAL D ARC,73220,258
VAL D ISERE,73150,258
VAL DE MODER,67350,258
VALFF,67210,258
VALGELON LA ROCHETTE,73110,258
VALLABREGUES,30300,258
VALLABRIX,30700,258
VALLERARGUES,30580,258
VALLIGUIERES,30210,258
VALLOIRE,73450,258
VALMEINIER,73450,258
VAUVERT,30600,258
VAUX SUR SEINE,78740,258
VELIZY VILLACOUBLAY,78140,258
VENDENHEIM,67550,258
VENEJAN,30200,258
VENTHON,73200,258
VEREL DE MONTBEL,73330,258
VEREL PRAGONDRAN,73230,258
VERFEUIL,30630,258
VERGEZE,30310,258
VERNEUIL SUR SEINE,78480,258
VERRENS ARVEY,73460,258
VERS PONT DU GARD,30210,258
VERTHEMEX,73170,258
VESTRIC ET CANDIAC,30600,258
VEZENOBRES,30360,258
VIC LE FESQ,30260,258
VIEILLE EGLISE EN YVELINES,78125,258
VILLARD D HERY,73800,258
VILLARD LEGER,73390,258
VILLARD SALLET,73110,258
VILLARD SUR DORON,73270,258
VILLAREMBERT,73300,258
VILLARGONDRAN,73300,258
VILLARODIN BOURGET,73500,258
VILLAROGER,73640,258
VILLAROUX,73110,258
VILLENEUVE LES AVIGNON,30400,258
VILLENNES SUR SEINE,78670,258
VILLEPREUX,78450,258
VILLEVIEILLE,30250,258
VILLIERS LE MAHIEU,78770,258
VILLIERS ST FREDERIC,78640,258
VIMINES,73160,258
VIONS,73310,258
VIROFLAY,78220,258
VISSEC,30770,258
VIVIERS DU LAC,73420,258
VOELLERDINGEN,67430,258
VOGLANS,73420,258
VOISINS LE BRETONNEUX,78960,258
VOLKSBERG,67290,258
WAHLENHEIM,67170,258
WALBOURG,67360,258
WALDERSBACH,67130,258
WALDHAMBACH,67430,258
WALDOLWISHEIM,67700,258
WALTENHEIM SUR ZORN,67670,258
WANGEN,67520,258
WANGENBOURG ENGENTHAL,67710,258
WASSELONNE,67310,258
WEINBOURG,67340,258
WEISLINGEN,67290,258
WEITBRUCH,67500,258
WEITERSWILLER,67340,258
WESTHOFFEN,67310,258
WESTHOUSE,67230,258
WESTHOUSE MARMOUTIER,67440,258
WEYER,67320,258
WEYERSHEIM,67720,258
WICKERSHEIM WILSHAUSEN,67270,258
WILDERSBACH,67130,258
WILLGOTTHEIM,67370,258
WILWISHEIM,67270,258
WIMMENAU,67290,258
WINDSTEIN,67110,258
WINGEN,67510,258
WINGEN SUR MODER,67290,258
WINGERSHEIM LES QUATRE BANS,67170,258
WINTERSHOUSE,67590,258
WINTZENBACH,67470,258
WINTZENHEIM KOCHERSBERG,67370,258
WISCHES,67130,258
WISSEMBOURG,67160,258
WITTERNHEIM,67230,258
WITTERSHEIM,67670,258
WITTISHEIM,67820,258
WIWERSHEIM,67370,258
WOERTH,67360,258
WOLFISHEIM,67202,258
WOLFSKIRCHEN,67260,258
WOLSCHHEIM,67700,258
WOLXHEIM,67120,258
YENNE,73170,258
ZEHNACKER,67310,258
ZEINHEIM,67310,258
ZELLWILLER,67140,258
ZINSWILLER,67110,258
ZITTERSHEIM,67290,258
ABAUCOURT,54610,244
ABBEVILLE LES CONFLANS,54800,244
ABONCOURT,54115,244
ADON,45230,244
AFFLEVILLE,54800,244
AFFRACOURT,54740,244
AGINCOURT,54770,244
AILLANT SUR MILLERON,45230,244
AINGERAY,54460,244
ALENYA,66200,244
ALGOLSHEIM,68600,244
ALLAIN,54170,244
ALLAMONT,54800,244
ALLAMPS,54112,244
ALLONDRELLE LA MALMAISON,54260,244
ALTENACH,68210,244
ALTKIRCH,68130,244
AMELIE LES BAINS PALALDA,66110,244
AMENONCOURT,54450,244
AMMERSCHWIHR,68410,244
ANCERVILLER,54450,244
ANDERNY,54560,244
ANDOLSHEIM,68280,244
ANDONVILLE,45480,244
ANGOMONT,54540,244
ANGOUSTRINE VILLENEUVE DES ESCALDES,66760,244
ANOUX,54150,244
ANSAUVILLE,54470,244
ANSIGNAN,66220,244
ANTHELUPT,54110,244
APPENWIHR,68280,244
ARBOUSSOLS,66320,244
ARGELES SUR MER,66700,244
ARLES SUR TECH,66150,244
ARMAUCOURT,54760,244
ARNAVILLE,54530,244
ARRACOURT,54370,244
ARRAYE ET HAN,54760,244
ART SUR MEURTHE,54510,244
ARTENAY,45410,244
ARTZENHEIM,68320,244
ASCHERES LE MARCHE,45170,244
ASCOUX,45300,244
ASPACH LE BAS,68700,244
ASPACH MICHELBACH,68700,244
ATHIENVILLE,54370,244
ATTENSCHWILLER,68220,244
ATTON,54700,244
ATTRAY,45170,244
AUBOUE,54580,244
AUBURE,68150,244
AUDEVILLE,45300,244
AUDUN LE ROMAN,54560,244
AUGERVILLE LA RIVIERE,45330,244
AULNAY LA RIVIERE,45390,244
AUTREPIERRE,54450,244
AUTREVILLE SUR MOSELLE,54380,244
AUTREY,54160,244
AUTRUY SUR JUINE,45480,244
AUTRY LE CHATEL,45500,244
AUVILLIERS EN GATINAIS,45270,244
AUXY,45340,244
AVILLERS,54490,244
AVRAINVILLE,54385,244
AVRICOURT,54450,244
AVRIL,54150,244
AYGUATEBIA TALAU,66360,244
AZELOT,54210,244
AZERAILLES,54122,244
BACCARAT,54120,244
BACCON,45130,244
BADONVILLER,54540,244
BAHO,66540,244
BAILLESTAVY,66320,244
BAINVILLE AUX MIROIRS,54290,244
BAINVILLE SUR MADON,54550,244
BAIXAS,66390,244
BALDERSHEIM,68390,244
BALGAU,68740,244
BALLERSDORF,68210,244
BALSCHWILLER,68210,244
BALTZENHEIM,68320,244
BANTZENHEIM,68490,244
BANYULS DELS ASPRES,66300,244
BANYULS SUR MER,66650,244
BARBAS,54450,244
BARBONVILLE,54360,244
BARISEY AU PLAIN,54170,244
BARISEY LA COTE,54170,244
BARTENHEIM,68870,244
BARVILLE EN GATINAIS,45340,244
BASLIEUX,54620,244
BATHELEMONT,54370,244
BATILLY,54980,244
BATILLY EN GATINAIS,45340,244
BATILLY EN PUISAYE,45420,244
BATTENHEIM,68390,244
BATTIGNY,54115,244
BAULE,45130,244
BAUZEMONT,54370,244
BAYON,54290,244
BAYONVILLE SUR MAD,54890,244
BAZAILLES,54620,244
BAZOCHES LES GALLERANDES,45480,244
BAZOCHES SUR LE BETZ,45210,244
BEAUCHAMPS SUR HUILLARD,45270,244
BEAUGENCY,45190,244
BEAULIEU SUR LOIRE,45630,244
BEAUNE LA ROLANDE,45340,244
BEBLENHEIM,68980,244
BECHAMPS,54800,244
BELLEMAGNY,68210,244
BELLEVILLE,54940,244
BENAMENIL,54450,244
BENDORF,68480,244
BENNEY,54740,244
BENNWIHR,68126,244
BERENTZWILLER,68130,244
BERGHEIM,68750,244
BERGHOLTZ,68500,244
BERGHOLTZZELL,68500,244
BERNECOURT,54470,244
BERNWILLER,68210,244
BERRWILLER,68500,244
BERTRAMBOIS,54480,244
BERTRICHAMPS,54120,244
BETTAINVILLERS,54640,244
BETTENDORF,68560,244
BETTLACH,68480,244
BEUVEILLE,54620,244
BEUVEZIN,54115,244
BEY SUR SEILLE,54760,244
BEZANGE LA GRANDE,54370,244
BEZAUMONT,54380,244
BICQUELEY,54200,244
BIEDERTHAL,68480,244
BIENVILLE LA PETITE,54300,244
BIESHEIM,68600,244
BILTZHEIM,68127,244
BIONVILLE,54540,244
BISCHWIHR,68320,244
BISEL,68580,244
BITSCHWILLER LES THANN,68620,244
BLAINVILLE SUR L EAU,54360,244
BLEMEREY,54450,244
BLENOD LES PONT A MOUSSON,54700,244
BLENOD LES TOUL,54113,244
BLODELSHEIM,68740,244
BLOTZHEIM,68730,244
BOESSES,45390,244
BOIGNY SUR BIONNE,45760,244
BOIS DE HAYE,54840,244
BOISCOMMUN,45340,244
BOISMONT,54620,244
BOISMORAND,45290,244
BOISSEAUX,45480,244
BOLLWILLER,68540,244
BOLQUERE,66210,244
BONDAROY,45300,244
BONNEE,45460,244
BONNY SUR LOIRE,45420,244
BONVILLER,54300,244
BORDEAUX EN GATINAIS,45340,244
BORVILLE,54290,244
BOU,45430,244
BOUCQ,54200,244
BOUGY LEZ NEUVILLE,45170,244
BOUILLONVILLE,54470,244
BOUILLY EN GATINAIS,45300,244
BOULAY LES BARRES,45140,244
BOULE D AMONT,66130,244
BOULETERNERE,66130,244
BOURBACH LE BAS,68290,244
BOURBACH LE HAUT,68290,244
BOURG MADAME,66760,244
BOUXIERES AUX CHENES,54770,244
BOUXIERES AUX DAMES,54136,244
BOUXIERES SOUS FROIDMONT,54700,244
BOUZANVILLE,54930,244
BOUZONVILLE AUX BOIS,45300,244
BOUZY LA FORET,45460,244
BOYNES,45300,244
BRALLEVILLE,54740,244
BRATTE,54610,244
BRAY ST AIGNAN,45460,244
BRECHAUMONT,68210,244
BREHAIN LA VILLE,54190,244
BREITENBACH HAUT RHIN,68380,244
BREMENIL,54540,244
BREMONCOURT,54290,244
BRETEAU,45250,244
BRETTEN,68780,244
BRIARE,45250,244
BRIARRES SUR ESSONNE,45390,244
BRICY,45310,244
BRIN SUR SEILLE,54280,244
BRINCKHEIM,68870,244
BROMEILLES,45390,244
BROUILLA,66620,244
BROUVILLE,54120,244
BRUEBACH,68440,244
BRULEY,54200,244
BRUNSTATT DIDENHEIM,68350,244
BRUVILLE,54800,244
BUCY LE ROI,45410,244
BUCY ST LIPHARD,45140,244
BUETHWILLER,68210,244
BUISSONCOURT,54110,244
BULLIGNY,54113,244
BURES,54370,244
BURIVILLE,54450,244
BURNHAUPT LE BAS,68520,244
BURNHAUPT LE HAUT,68520,244
BURTHECOURT AUX CHENES,54210,244
BUSCHWILLER,68220,244
CABESTANY,66330,244
CAIXAS,66300,244
CALCE,66600,244
CALMEILLES,66400,244
CAMELAS,66300,244
CAMPOME,66500,244
CAMPOUSSY,66730,244
CANAVEILLES,66360,244
CANET EN ROUSSILLON,66140,244
CANOHES,66680,244
CARAMANY,66720,244
CARSPACH,68130,244
CASEFABRE,66130,244
CASES DE PENE,66600,244
CASTEIL,66820,244
CASTELNOU,66300,244
CATLLAR,66500,244
CAUDIES DE CONFLENT,66360,244
CAUDIES DE FENOUILLEDES,66220,244
CEINTREY,54134,244
CEPOY,45120,244
CERBERE,66290,244
CERCOTTES,45520,244
CERET,66400,244
CERNOY EN BERRY,45360,244
CERVILLE,54420,244
CESARVILLE DOSSAINVILLE,45300,244
CHAILLY EN GATINAIS,45260,244
CHAINGY,45380,244
CHALAMPE,68490,244
CHALETTE SUR LOING,45120,244
CHALIGNY,54230,244
CHAMBLEY BUSSIERES,54890,244
CHAMBON LA FORET,45340,244
CHAMPENOUX,54280,244
CHAMPEY SUR MOSELLE,54700,244
CHAMPIGNEULLES,54250,244
CHAMPOULET,45420,244
CHANTEAU,45400,244
CHANTECOQ,45320,244
CHANTEHEUX,54300,244
CHAOUILLEY,54330,244
CHAPELON,45270,244
CHARENCY VEZIN,54260,244
CHAREY,54470,244
CHARMES LA COTE,54113,244
CHARMOIS,54360,244
CHARMONT EN BEAUCE,45480,244
CHARSONVILLE,45130,244
CHATEAU RENARD,45220,244
CHATEAUNEUF SUR LOIRE,45110,244
CHATENOY,45260,244
CHATILLON COLIGNY,45230,244
CHATILLON LE ROI,45480,244
CHATILLON SUR LOIRE,45360,244
CHAUDENEY SUR MOSELLE,54200,244
CHAUSSY,45480,244
CHAVANNES SUR L ETANG,68210,244
CHAZELLES SUR ALBE,54450,244
CHECY,45430,244
CHENEVIERES,54122,244
CHENICOURT,54610,244
CHENIERES,54720,244
CHEVILLON SUR HUILLARD,45700,244
CHEVILLY,45520,244
CHEVRY SOUS LE BIGNON,45210,244
CHILLEURS AUX BOIS,45170,244
CHOLOY MENILLOT,54200,244
CHUELLES,45220,244
CIREY SUR VEZOUZE,54480,244
CLAIRA,66530,244
CLARA VILLERACH,66500,244
CLAYEURES,54290,244
CLEMERY,54610,244
CLEREY SUR BRENON,54330,244
CLERY ST ANDRE,45370,244
CODALET,66500,244
COINCES,45310,244
COINCOURT,54370,244
COLLIOURE,66190,244
COLMEY,54260,244
COLOMBEY LES BELLES,54170,244
COMBLEUX,45800,244
COMBREUX,45530,244
CONAT,66500,244
CONFLANS EN JARNISY,54800,244
CONFLANS SUR LOING,45700,244
CONS LA GRANDVILLE,54870,244
CORBEILLES,45490,244
CORBERE,66130,244
CORBERE LES CABANES,66130,244
CORNEILLA DE CONFLENT,66820,244
CORNEILLA DEL VERCOL,66200,244
CORNEILLA LA RIVIERE,66550,244
CORQUILLEROY,45120,244
CORSAVY,66150,244
CORTRAT,45700,244
COSNES ET ROMAIN,54400,244
COUDROY,45260,244
COULLONS,45720,244
COULMIERS,45130,244
COURBESSEAUX,54110,244
COURCELLES LE ROI,45300,244
COURCY AUX LOGES,45300,244
COURTAVON,68480,244
COURTEMAUX,45320,244
COURTEMPIERRE,45490,244
COUSTOUGES,66260,244
COYVILLER,54210,244
CRANTENOY,54740,244
CRAVANT,45190,244
CREPEY,54170,244
CREVECHAMPS,54290,244
CREVIC,54110,244
CREZILLES,54113,244
CRION,54300,244
CROISMARE,54300,244
CROTTES EN PITHIVERAIS,45170,244
CRUSNES,54680,244
CUSTINES,54670,244
DADONVILLE,45300,244
DAMELEVIERES,54360,244
DAMMARIE EN PUISAYE,45420,244
DAMMARIE SUR LOING,45230,244
DAMPIERRE EN BURLY,45570,244
DAMPVITOUX,54470,244
DARVOY,45150,244
DENEUVRE,54120,244
DESMONTS,45390,244
DESSENHEIM,68600,244
DEUXVILLE,54370,244
DIARVILLE,54930,244
DIEFMATTEN,68780,244
DIETWILLER,68440,244
DIEULOUARD,54380,244
DIMANCHEVILLE,45390,244
DOLCOURT,54170,244
DOLLEREN,68290,244
DOMBASLE SUR MEURTHE,54110,244
DOMEVRE EN HAYE,54385,244
DOMEVRE SUR VEZOUZE,54450,244
DOMGERMAIN,54119,244
DOMJEVIN,54450,244
DOMMARIE EULMONT,54115,244
DOMMARTEMONT,54130,244
DOMMARTIN LA CHAUSSEE,54470,244
DOMMARTIN LES TOUL,54200,244
DOMMARTIN SOUS AMANCE,54770,244
DOMPRIX,54490,244
DOMPTAIL EN L AIR,54290,244
DONCOURT LES CONFLANS,54800,244
DONCOURT LES LONGUYON,54620,244
DONNERY,45450,244
DORDIVES,45680,244
DORRES,66760,244
DOUCHY MONTCORBON,45220,244
DROUVILLE,54370,244
DRY,45370,244
DURLINSDORF,68480,244
DURMENACH,68480,244
DURRENENTZEN,68320,244
ECHILLEUSES,45390,244
ECROUVES,54200,244
EGAT,66120,244
EGLINGEN,68720,244
EGRY,45340,244
EGUISHEIM,68420,244
EINVAUX,54360,244
EINVILLE AU JARD,54370,244
ELBACH,68210,244
ELNE,66200,244
EMBERMENIL,54370,244
EMLINGEN,68130,244
ENGENVILLE,45300,244
ENSISHEIM,68190,244
ENVEITG,66760,244
EPIEDS EN BEAUCE,45130,244
EPIEZ SUR CHIERS,54260,244
EPLY,54610,244
ERBEVILLER SUR AMEZULE,54280,244
ERCEVILLE,45480,244
ERR,66800,244
ERROUVILLE,54680,244
ERVAUVILLE,45320,244
ESCARO,66360,244
ESCHBACH AU VAL,68140,244
ESCHENTZWILLER,68440,244
ESCRENNES,45300,244
ESCRIGNELLES,45250,244
ESPIRA DE CONFLENT,66320,244
ESPIRA DE L AGLY,66600,244
ESSEY ET MAIZERAIS,54470,244
ESSEY LA COTE,54830,244
ESSEY LES NANCY,54270,244
ESTAGEL,66310,244
ESTAVAR,66800,244
ESTOHER,66320,244
ESTOUY,45300,244
ETEIMBES,68210,244
ETREVAL,54330,244
EULMONT,54690,244
EUS,66500,244
EUVEZIN,54470,244
EYNE,66800,244
FALKWILLER,68210,244
FAULX,54760,244
FAVERELLES,45420,244
FAY AUX LOGES,45450,244
FECOCOURT,54115,244
FEILLUNS,66730,244
FEINS EN GATINAIS,45230,244
FELDBACH,68640,244
FELDKIRCH,68540,244
FELLERING,68470,244
FENNEVILLER,54540,244
FEROLLES,45150,244
FERRETTE,68480,244
FERRIERES EN GATINAIS,45210,244
FESSENHEIM,68740,244
FEY EN HAYE,54470,244
FILLIERES,54560,244
FILLOLS,66820,244
FINESTRET,66320,244
FISLIS,68480,244
FLAINVAL,54110,244
FLAVIGNY SUR MOSELLE,54630,244
FLAXLANDEN,68720,244
FLEURY LES AUBRAIS,45400,244
FLEVILLE DEVANT NANCY,54710,244
FLEVILLE LIXIERES,54150,244
FLIN,54122,244
FLIREY,54470,244
FOLGENSBOURG,68220,244
FONT ROMEU ODEILLO VIA,66120,244
FONTENAY SUR LOING,45210,244
FONTENOY LA JOUTE,54122,244
FONTENOY SUR MOSELLE,54840,244
FONTPEDROUSE,66360,244
FONTRABIOUSE,66210,244
FORCELLES SOUS GUGNEY,54930,244
FORCELLES ST GORGON,54330,244
FORMIGUERES,66210,244
FORTSCHWIHR,68320,244
FOUCHEROLLES,45320,244
FOUG,54570,244
FRAIMBOIS,54300,244
FRAISNES EN SAINTOIS,54930,244
FRANCONVILLE,54830,244
FRANKEN,68130,244
FRELAND,68240,244
FREMENIL,54450,244
FREMONVILLE,54450,244
FRESNOIS LA MONTAGNE,54260,244
FREVILLE DU GATINAIS,45270,244
FRIAUVILLE,54800,244
FRIESEN,68580,244
FROENINGEN,68720,244
FROUARD,54390,244
FROVILLE,54290,244
FUILLA,66820,244
FULLEREN,68210,244
GALFINGUE,68990,244
GAUBERTIN,45340,244
GEISHOUSE,68690,244
GEISPITZEN,68510,244
GEISWASSER,68600,244
GELACOURT,54120,244
GELAUCOURT,54115,244
GELLENONCOURT,54110,244
GEMIGNY,45310,244
GEMONVILLE,54115,244
GERBECOURT ET HAPLEMONT,54740,244
GERBEVILLER,54830,244
GERMIGNY DES PRES,45110,244
GERMINY,54170,244
GERMONVILLE,54740,244
GEZONCOURT,54380,244
GIBEAUMEIX,54112,244
GIDY,45520,244
GIEN,45500,244
GILDWILLER,68210,244
GIRAUMONT,54780,244
GIRIVILLER,54830,244
GIROLLES,45120,244
GIVRAINES,45300,244
GLONVILLE,54122,244
GLORIANES,66320,244
GOGNEY,54450,244
GOLDBACH ALTENBACH,68760,244
GOMMERSDORF,68210,244
GONDRECOURT AIX,54800,244
GONDREVILLE,45490,244
GONDREXON,54450,244
GORCY,54730,244
GOVILLER,54330,244
GRAND FAILLY,54260,244
GRANGERMONT,45390,244
GRENEVILLE EN BEAUCE,45480,244
GRIESBACH AU VAL,68140,244
GRIMONVILLER,54115,244
GRIPPORT,54290,244
GRISCOURT,54380,244
GROSROUVRES,54470,244
GRUSSENHEIM,68320,244
GUEBERSCHWIHR,68420,244
GUEBWILLER,68500,244
GUEMAR,68970,244
GUEVENATTEN,68210,244
GUEWENHEIM,68116,244
GUGNEY,54930,244
GUIGNEVILLE,45300,244
GUNDOLSHEIM,68250,244
GUNSBACH,68140,244
GY LES NONAINS,45220,244
GYE,54113,244
HABLAINVILLE,54120,244
HABSHEIM,68440,244
HAGENBACH,68210,244
HAGENTHAL LE BAS,68220,244
HAGENTHAL LE HAUT,68220,244
HAGEVILLE,54470,244
HAIGNEVILLE,54290,244
HALLOVILLE,54450,244
HAMMEVILLE,54330,244
HAMONVILLE,54470,244
HAN DEVANT PIERREPONT,54620,244
HANNONVILLE SUZEMONT,54800,244
HARBOUEY,54450,244
HAROUE,54740,244
HARTMANNSWILLER,68500,244
HATRIZE,54800,244
HATTSTATT,68420,244
HAUCOURT MOULAINE,54860,244
HAUDONVILLE,54830,244
HAUSGAUEN,68130,244
HAUSSONVILLE,54290,244
HECKEN,68210,244
HEGENHEIM,68220,244
HEIDWILLER,68720,244
HEILLECOURT,54180,244
HEIMERSDORF,68560,244
HEIMSBRUNN,68990,244
HEITEREN,68600,244
HEIWILLER,68130,244
HELFRANTZKIRCH,68510,244
HENAMENIL,54370,244
HERBEVILLER,54450,244
HERIMENIL,54300,244
HERRLISHEIM PRES COLMAR,68420,244
HERSERANGE,54440,244
HESINGUE,68220,244
HETTENSCHLAG,68600,244
HINDLINGEN,68580,244
HIRSINGUE,68560,244
HIRTZBACH,68118,244
HIRTZFELDEN,68740,244
HOCHSTATT,68720,244
HOEVILLE,54370,244
HOHROD,68140,244
HOMBOURG,68490,244
HOMECOURT,54310,244
HORBOURG WIHR,68180,244
HOUDELMONT,54330,244
HOUDEMONT,54180,244
HOUDREVILLE,54330,244
HOUSSEN,68125,244
HOUSSEVILLE,54930,244
HUDIVILLER,54110,244
HUETRE,45520,244
HUISSEAU SUR MAUVES,45130,244
HUNAWIHR,68150,244
HUNDSBACH,68130,244
HUNINGUE,68330,244
HUSSEREN LES CHATEAUX,68420,244
HUSSEREN WESSERLING,68470,244
HUSSIGNY GODBRANGE,54590,244
IGNEY,54450,244
ILLE SUR TET,66130,244
ILLFURTH,68720,244
ILLHAEUSERN,68970,244
ILLTAL,68960,244
ILLZACH,68110,244
INGERSHEIM,68040,244
INGRANNES,45450,244
INGRE,45140,244
INTVILLE LA GUETARD,45300,244
ISDES,45620,244
ISSENHEIM,68500,244
JAILLON,54200,244
JARGEAU,45150,244
JARNY,54800,244
JARVILLE LA MALGRANGE,54140,244
JAULNY,54470,244
JEANDELAINCOURT,54114,244
JEANDELIZE,54800,244
JEBSHEIM,68320,244
JETTINGEN,68130,244
JEVONCOURT,54740,244
JEZAINVILLE,54700,244
JOCH,66320,244
JOEUF,54240,244
JOLIVET,54300,244
JOPPECOURT,54620,244
JOUAVILLE,54800,244
JOUDREVILLE,54490,244
JOUY EN PITHIVERAIS,45480,244
JOUY LE POTIER,45370,244
JUJOLS,66360,244
JUNGHOLTZ,68500,244
JURANVILLE,45340,244
JUVRECOURT,54370,244
KAPPELEN,68510,244
KATZENTHAL,68230,244
KAYSERSBERG VIGNOBLE,68240,244
KEMBS,68680,244
KIFFIS,68480,244
KINGERSHEIM,68260,244
KIRCHBERG,68290,244
KNOERINGUE,68220,244
KOESTLACH,68480,244
KOETZINGUE,68510,244
KRUTH,68820,244
KUNHEIM,68320,244
L ALBERE,66480,244
LA BASTIDE,66110,244
LA BUSSIERE,45230,244
LA CABANASSE,66210,244
LA CHAPELLE ONZERAIN,45310,244
LA CHAPELLE ST MESMIN,45380,244
LA CHAPELLE ST SEPULCRE,45210,244
LA CHAPELLE SUR AVEYRON,45230,244
LA COUR MARIGNY,45260,244
LA FERTE ST AUBIN,45240,244
LA LLAGONNE,66210,244
LA NEUVILLE SUR ESSONNE,45390,244
LA SELLE EN HERMOY,45210,244
LA SELLE SUR LE BIED,45210,244
LABAROCHE,68910,244
LABRY,54800,244
LADON,45270,244
LAGNEY,54200,244
LAILLY EN VAL,45740,244
LAITRE SOUS AMANCE,54770,244
LAIX,54720,244
LALOEUF,54115,244
LAMANERE,66230,244
LAMATH,54300,244
LANDECOURT,54360,244
LANDREMONT,54380,244
LANDRES,54970,244
LANDSER,68440,244
LANEUVELOTTE,54280,244
LANEUVEVILLE AUX BOIS,54370,244
LANEUVEVILLE DERRIERE FOUG,54570,244
LANEUVEVILLE DEVANT BAYON,54740,244
LANEUVEVILLE DEVANT NANCY,54410,244
LANFROICOURT,54760,244
LANGESSE,45290,244
LANTEFONTAINE,54150,244
LAPOUTROIE,68650,244
LARGITZEN,68580,244
LARONXE,54950,244
LAROQUE DES ALBERES,66740,244
LATOUR BAS ELNE,66200,244
LATOUR DE CAROL,66760,244
LATOUR DE FRANCE,66720,244
LAUTENBACH,68610,244
LAUTENBACHZELL,68610,244
LAUW,68290,244
LAXOU,54520,244
LAY ST CHRISTOPHE,54690,244
LAY ST REMY,54570,244
LE BARCARES,66420,244
LE BARDON,45130,244
LE BIGNON MIRABEAU,45210,244
LE BONHOMME,68650,244
LE BOULOU,66160,244
LE CHARME,45230,244
LE HAUT SOULTZBACH,68780,244
LE MALESHERBOIS,45300,244
LE MOULINET SUR SOLIN,45290,244
LE PERTHUS,66480,244
LE SOLER,66270,244
LE TECH,66230,244
LE VIVIER,66730,244
LEBEUVILLE,54740,244
LEIMBACH,68800,244
LEINTREY,54450,244
LEMAINVILLE,54740,244
LEMENIL MITRY,54740,244
LENONCOURT,54110,244
LEOUVILLE,45480,244
LES BAROCHES,54150,244
LES CHOUX,45290,244
LES CLUSES,66480,244
LESMENILS,54700,244
LESQUERDE,66220,244
LETRICOURT,54610,244
LEXY,54720,244
LEYMEN,68220,244
LEYR,54760,244
LIEBENSWILLER,68220,244
LIEBSDORF,68480,244
LIEPVRE,68660,244
LIGNY LE RIBAULT,45240,244
LIGSDORF,68480,244
LIMEY REMENAUVILLE,54470,244
LINSDORF,68480,244
LINTHAL,68610,244
LION EN BEAUCE,45410,244
LION EN SULLIAS,45600,244
LIRONVILLE,54470,244
LIVERDUN,54460,244
LLAURO,66300,244
LLO,66800,244
LLUPIA,66300,244
LOGELHEIM,68280,244
LOISY,54700,244
LOMBREUIL,45700,244
LONGLAVILLE,54810,244
LONGUYON,54260,244
LONGWY,54400,244
LORCY,45490,244
LOREY,54290,244
LOROMONTZEY,54290,244
LORRIS,45260,244
LOS MASOS,66500,244
LOURY,45470,244
LOUZOUER,45210,244
LUBEY,54150,244
LUCELLE,68480,244
LUDRES,54710,244
LUEMSCHWILLER,68720,244
LUNEVILLE,54300,244
LUPCOURT,54210,244
LUTTENBACH PRES MUNSTER,68140,244
LUTTER,68480,244
LUTTERBACH,68460,244
MAGNIERES,54129,244
MAGSTATT LE BAS,68510,244
MAGSTATT LE HAUT,68510,244
MAIDIERES,54700,244
MAILLY SUR SEILLE,54610,244
MAIRY MAINVILLE,54150,244
MAIXE,54370,244
MALAVILLERS,54560,244
MALLELOY,54670,244
MALMERSPACH,68550,244
MALZEVILLE,54220,244
MAMEY,54470,244
MANDRES AUX QUATRE TOURS,54470,244
MANGONVILLE,54290,244
MANONCOURT EN VERMOIS,54210,244
MANONCOURT EN WOEVRE,54385,244
MANONVILLE,54385,244
MANONVILLER,54300,244
MANSPACH,68210,244
MANTET,66360,244
MARAINVILLER,54300,244
MARBACHE,54820,244
MARCILLY EN VILLETTE,45240,244
MARDIE,45430,244
MAREAU AUX BOIS,45300,244
MAREAU AUX PRES,45370,244
MARIGNY LES USAGES,45760,244
MARQUIXANES,66320,244
MARS LA TOUR,54800,244
MARSAINVILLIERS,45300,244
MARTHEMONT,54330,244
MARTINCOURT,54380,244
MASEVAUX NIEDERBRUCK,68290,244
MATEMALE,66210,244
MATTEXEY,54830,244
MAUREILLAS LAS ILLAS,66480,244
MAURY,66460,244
MAXEVILLE,54320,244
MAZERULLES,54280,244
MEHONCOURT,54360,244
MELLEROY,45220,244
MENESTREAU EN VILLETTE,45240,244
MENIL LA TOUR,54200,244
MERCY LE BAS,54960,244
MERCY LE HAUT,54560,244
MEREVILLE,54850,244
MERINVILLE,45210,244
MERTZEN,68210,244
MERVILLER,54120,244
MERXHEIM,68500,244
MESSAS,45190,244
MESSEIN,54850,244
METZERAL,68380,244
MEUNG SUR LOIRE,45130,244
MEXY,54135,244
MEYENHEIM,68890,244
MEZIERES EN GATINAIS,45270,244
MEZIERES LEZ CLERY,45370,244
MICHELBACH LE BAS,68730,244
MICHELBACH LE HAUT,68220,244
MIGNERES,45490,244
MIGNERETTE,45490,244
MIGNEVILLE,54540,244
MILLAS,66170,244
MINORVILLE,54385,244
MITTELWIHR,68630,244
MITTLACH,68380,244
MITZACH,68470,244
MOERNACH,68480,244
MOINEVILLE,54580,244
MOIVRONS,54760,244
MOLITG LES BAINS,66500,244
MOLLAU,68470,244
MONCEL LES LUNEVILLE,54300,244
MONCEL SUR SEILLE,54280,244
MONT BONVILLERS,54111,244
MONT L ETROIT,54170,244
MONT LE VIGNOBLE,54113,244
MONT LOUIS,66210,244
MONT SUR MEURTHE,54360,244
MONTALBA LE CHATEAU,66130,244
MONTARGIS,45200,244
MONTAUVILLE,54700,244
MONTBARROIS,45340,244
MONTBOLO,66110,244
MONTBOUY,45230,244
MONTCRESSON,45700,244
MONTENOY,54760,244
MONTEREAU,45260,244
MONTESCOT,66200,244
MONTESQUIEU DES ALBERES,66740,244
MONTFERRER,66150,244
MONTIGNY SUR CHIERS,54870,244
MONTLIARD,45340,244
MONTNER,66720,244
MONTREUX,54450,244
MONTREUX JEUNE,68210,244
MONTREUX VIEUX,68210,244
MOOSCH,68690,244
MOOSLARGUE,68580,244
MORFONTAINE,54920,244
MORIVILLER,54830,244
MORMANT SUR VERNISSON,45700,244
MORSCHWILLER LE BAS,68790,244
MORVILLE EN BEAUCE,45300,244
MORVILLE SUR SEILLE,54700,244
MOSSET,66500,244
MOUACOURT,54370,244
MOUAVILLE,54800,244
MOUSSON,54700,244
MOUTROT,54113,244
MOYEN,54118,244
MUESPACH,68640,244
MUESPACH LE HAUT,68640,244
MUHLBACH SUR MUNSTER,68380,244
MUNCHHOUSE,68740,244
MUNTZENHEIM,68320,244
MUNWILLER,68250,244
MURBACH,68530,244
MURVILLE,54490,244
NAHUJA,66340,244
NAMBSHEIM,68740,244
NANCRAY SUR RIMARDE,45340,244
NARGIS,45210,244
NEFIACH,66170,244
NESPLOY,45270,244
NEUF BRISACH,68600,244
NEUFMAISONS,54540,244
NEUVES MAISONS,54230,244
NEUVILLE AUX BOIS,45170,244
NEUVILLER LES BADONVILLER,54540,244
NEUVILLER SUR MOSELLE,54290,244
NEUVY EN SULLIAS,45510,244
NEUWILLER,68220,244
NEVOY,45500,244
NIBELLE,45340,244
NIEDERENTZEN,68127,244
NIEDERHERGHEIM,68127,244
NIEDERMORSCHWIHR,68230,244
NIFFER,68680,244
NOGENT SUR VERNISSON,45290,244
NOHEDES,66500,244
NOMENY,54610,244
NONHIGNY,54450,244
NORROY LE SEC,54150,244
NORROY LES PONT A MOUSSON,54700,244
NOVIANT AUX PRES,54385,244
NYER,66360,244
OBERBRUCK,68290,244
OBERENTZEN,68127,244
OBERHERGHEIM,68127,244
OBERLARG,68480,244
OBERMORSCHWIHR,68420,244
OBERMORSCHWILLER,68130,244
OBERSAASHEIM,68600,244
OCHEY,54170,244
ODEREN,68830,244
OGEVILLER,54450,244
OGNEVILLE,54330,244
OISON,45170,244
OLETTE,66360,244
OLIVET,45160,244
OLLEY,54800,244
OLTINGUE,68480,244
OMELMONT,54330,244
OMS,66400,244
ONDREVILLE SUR ESSONNE,45390,244
ONVILLE,54890,244
OPOUL PERILLOS,66600,244
ORBEY,68370,244
OREILLA,66360,244
ORMES ET VILLE,54740,244
ORSCHWIHR,68500,244
ORTAFFA,66560,244
OSENBACH,68570,244
OSSEJA,66340,244
OSTHEIM,68150,244
OTHE,54260,244
OTTMARSHEIM,68490,244
OUSSON SUR LOIRE,45250,244
OUSSOY EN GATINAIS,45290,244
OUTARVILLE,45480,244
OUVROUER LES CHAMPS,45150,244
OUZOUER DES CHAMPS,45290,244
OUZOUER SOUS BELLEGARDE,45270,244
OUZOUER SUR LOIRE,45570,244
OUZOUER SUR TREZEE,45250,244
OZERAILLES,54150,244
PAGNEY DERRIERE BARINE,54200,244
PAGNY SUR MOSELLE,54530,244
PALAU DE CERDAGNE,66340,244
PALAU DEL VIDRE,66690,244
PANNECIERES,45300,244
PANNES,45700,244
PAREY ST CESAIRE,54330,244
PARROY,54370,244
PARUX,54480,244
PASSA,66300,244
PATAY,45310,244
PAUCOURT,45200,244
PERS EN GATINAIS,45210,244
PETIT FAILLY,54260,244
PETIT LANDAU,68490,244
PETITMONT,54480,244
PETTONVILLE,54120,244
PEXONNE,54540,244
PEYRESTORTES,66600,244
PEZILLA DE CONFLENT,66730,244
PEZILLA LA RIVIERE,66370,244
PFAFFENHEIM,68250,244
PFASTATT,68120,244
PFETTERHOUSE,68480,244
PHLIN,54610,244
PIA,66380,244
PIENNES,54490,244
PIERRE LA TREICHE,54200,244
PIERRE PERCEE,54540,244
PIERREFITTE ES BOIS,45360,244
PITHIVIERS,45300,244
PITHIVIERS LE VIEIL,45300,244
PLANES,66210,244
PLANEZES,66720,244
POILLY LEZ GIEN,45500,244
POLLESTRES,66450,244
POMPEY,54340,244
PONT A MOUSSON,54700,244
PONT ST VINCENT,54550,244
PONTEILLA,66300,244
PORT SUR SEILLE,54700,244
PORT VENDRES,66660,244
PORTA,66760,244
PORTE DU RIED,68320,244
PORTE PUYMORENS,66760,244
PRATS DE MOLLO LA PRESTE,66230,244
PRATS DE SOURNIA,66730,244
PRAYE,54116,244
PREFONTAINES,45490,244
PRENY,54530,244
PRESNOY,45260,244
PRESSIGNY LES PINS,45290,244
PREUTIN HIGNY,54490,244
PRUGNANES,66220,244
PRUNET ET BELPUIG,66130,244
PUISEAUX,45390,244
PULLIGNY,54160,244
PULNEY,54115,244
PULNOY,54425,244
PULVERSHEIM,68840,244
PUXE,54800,244
PUXIEUX,54800,244
PUYVALADOR,66210,244
PY,66360,244
QUEVILLONCOURT,54330,244
QUIERS SUR BEZONDE,45270,244
RABOUILLET,66730,244
RAEDERSDORF,68480,244
RAEDERSHEIM,68190,244
RAILLEU,66360,244
RAMMERSMATT,68800,244
RAMOULU,45300,244
RANSPACH,68470,244
RANSPACH LE BAS,68730,244
RANSPACH LE HAUT,68220,244
RANTZWILLER,68510,244
RAON LES LEAU,54540,244
RASIGUERES,66720,244
RAUCOURT,54610,244
RAVILLE SUR SANON,54370,244
REAL,66210,244
REBRECHIEN,45470,244
RECHICOURT LA PETITE,54370,244
RECLONVILLE,54450,244
REGUISHEIM,68890,244
REHAINVILLER,54300,244
REHERREY,54120,244
REHON,54430,244
REILLON,54450,244
REININGUE,68950,244
REMBERCOURT SUR MAD,54470,244
REMENOVILLE,54830,244
REMEREVILLE,54110,244
REMONCOURT,54370,244
REPAIX,54450,244
RETZWILLER,68210,244
REYNES,66400,244
RIA SIRACH,66500,244
RICHARDMENIL,54630,244
RICHWILLER,68120,244
RIEDISHEIM,68400,244
RIESPACH,68640,244
RIGARDA,66320,244
RIMBACH PRES GUEBWILLER,68500,244
RIMBACH PRES MASEVAUX,68290,244
RIMBACHZELL,68500,244
RIQUEWIHR,68340,244
RIVESALTES,66600,244
RIXHEIM,68170,244
RODEREN,68800,244
RODERN,68590,244
RODES,66320,244
ROGEVILLE,54380,244
ROGGENHOUSE,68740,244
ROMAGNY,68210,244
ROMBACH LE FRANC,68660,244
ROPPENTZWILLER,68480,244
RORSCHWIHR,68590,244
ROSENAU,68128,244
ROSIERES AUX SALINES,54110,244
ROSIERES EN HAYE,54385,244
ROUFFACH,68250,244
ROUVES,54610,244
ROUVRAY STE CROIX,45310,244
ROUVRES ST JEAN,45300,244
ROVILLE DEVANT BAYON,54290,244
ROYAUMEIX,54200,244
ROZELIEURES,54290,244
ROZIERES EN BEAUCE,45130,244
ROZOY LE VIEIL,45210,244
RUAN,45410,244
RUEDERBACH,68560,244
RUELISHEIM,68270,244
RUMERSHEIM LE HAUT,68740,244
RUSTENHART,68740,244
SAFFAIS,54210,244
SAHORRE,66360,244
SAILLAGOUSE,66800,244
SAIZERAIS,54380,244
SALEILLES,66280,244
SALSES LE CHATEAU,66600,244
SANCY,54560,244
SANDILLON,45640,244
SANSA,66360,244
SANTEAU,45170,244
SANZEY,54200,244
SARAN,45770,244
SAULNES,54650,244
SAULXEROTTE,54115,244
SAULXURES LES NANCY,54420,244
SAULXURES LES VANNES,54170,244
SAUSHEIM,68390,244
SAUTO,66210,244
SAXON SION,54330,244
SCEAUX DU GATINAIS,45490,244
SCHLIERBACH,68440,244
SCHWEIGHOUSE THANN,68520,244
SCHWOBEN,68130,244
SEICHAMPS,54280,244
SEICHEBRIERES,45530,244
SEICHEPREY,54470,244
SELAINCOURT,54170,244
SEMOY,45400,244
SENNELY,45240,244
SENTHEIM,68780,244
SEPPOIS LE BAS,68580,244
SEPPOIS LE HAUT,68580,244
SERANVILLE,54830,244
SERDINYA,66360,244
SERMAISES,45300,244
SERRALONGUE,66230,244
SERROUVILLE,54560,244
SEWEN,68290,244
SEXEY AUX FORGES,54550,244
SICKERT,68290,244
SIERENTZ,68510,244
SIGLOY,45110,244
SIONVILLER,54300,244
SIVRY,54610,244
SOLTERRE,45700,244
SOMMERVILLER,54110,244
SONDERNACH,68380,244
SONDERSDORF,68480,244
SOPPE LE BAS,68780,244
SOREDE,66690,244
SORNEVILLE,54280,244
SOUANYAS,66360,244
SOUGY,45410,244
SOULTZ HAUT RHIN,68360,244
SOULTZBACH LES BAINS,68230,244
SOULTZEREN,68140,244
SOULTZMATT,68570,244
SOURNIA,66730,244
SPECHBACH,68720,244
SPONVILLE,54800,244
ST AIGNAN LE JAILLARD,45600,244
ST AIL,54580,244
ST AMARIN,68550,244
ST ARNAC,66220,244
ST AY,45130,244
ST BAUSSANT,54470,244
ST BENOIT SUR LOIRE,45730,244
ST BOINGT,54290,244
ST BRISSON SUR LOIRE,45500,244
ST COSME,68210,244
ST CYR EN VAL,45590,244
ST DENIS DE L HOTEL,45550,244
ST DENIS EN VAL,45560,244
ST ESTEVE,66240,244
ST FELIU D AMONT,66170,244
ST FELIU D AVALL,66170,244
ST FIRMIN DES BOIS,45220,244
ST FIRMIN SUR LOIRE,45360,244
ST FLORENT LE JEUNE,45600,244
ST GENIS DES FONTAINES,66740,244
ST GONDON,45500,244
ST HILAIRE LES ANDRESIS,45320,244
ST HILAIRE ST MESMIN,45160,244
ST HILAIRE SUR PUISEAUX,45700,244
ST JEAN DE BRAYE,45800,244
ST JEAN DE LA RUELLE,45140,244
ST JEAN LASSEILLE,66300,244
ST JEAN LE BLANC,45650,244
ST JEAN LES LONGUYON,54260,244
ST JEAN PLA DE CORTS,66490,244
ST JULIEN LES GORZE,54470,244
ST LAURENT DE CERDANS,66260,244
ST LAURENT DE LA SALANQUE,66250,244
ST LOUP DES VIGNES,45340,244
ST LYE LA FORET,45170,244
ST MARSAL,66110,244
ST MARTIN D ABBAT,45110,244
ST MARTIN DE FENOUILLET,66220,244
ST MARTIN SUR OCRE,45500,244
ST MAURICE AUX FORGES,54540,244
ST MAURICE SUR AVEYRON,45230,244
ST MAURICE SUR FESSARD,45700,244
ST MAX,54130,244
ST MICHEL DE LLOTES,66130,244
ST NICOLAS DE PORT,54210,244
ST PANCRE,54730,244
ST PAUL DE FENOUILLET,66220,244
ST PERAVY LA COLOMBE,45310,244
ST PERE SUR LOIRE,45600,244
ST PIERRE DELS FORCATS,66210,244
ST PRYVE ST MESMIN,45750,244
ST REMIMONT,54740,244
ST REMY AUX BOIS,54290,244
ST SIGISMOND,45310,244
ST SUPPLET,54620,244
ST ULRICH,68210,244
STAFFELFELDEN,68850,244
STE COLOMBE DE LA COMMANDERIE,66300,244
STE CROIX AUX MINES,68160,244
STE CROIX EN PLAINE,68127,244
STE GENEVIEVE DES BOIS,45230,244
STE LEOCADIE,66800,244
STE MARIE AUX MINES,68160,244
STE MARIE LA MER,66470,244
STE POLE,54540,244
STEINBACH,68700,244
STEINBRUNN LE BAS,68440,244
STEINBRUNN LE HAUT,68440,244
STEINSOULTZ,68640,244
STERNENBERG,68780,244
STETTEN,68510,244
STORCKENSOHN,68470,244
STOSSWIHR,68140,244
STRUETH,68580,244
SULLY LA CHAPELLE,45450,244
SULLY SUR LOIRE,45600,244
SUNDHOFFEN,68280,244
SURY AUX BOIS,45530,244
TAGOLSHEIM,68720,244
TAGSDORF,68130,244
TAILLET,66400,244
TANCONVILLE,54480,244
TANTONVILLE,54116,244
TARERACH,66320,244
TARGASONNE,66120,244
TAULIS,66110,244
TAURINYA,66500,244
TAUTAVEL,66720,244
TAVERS,45190,244
TELLANCOURT,54260,244
TERRATS,66300,244
THANN,68800,244
THANNENKIRCH,68590,244
THELOD,54330,244
THEY SOUS VAUDEMONT,54930,244
THEZA,66200,244
THEZEY ST MARTIN,54610,244
THIAUCOURT REGNIEVILLE,54470,244
THIAVILLE SUR MEURTHE,54120,244
THIEBAUMENIL,54300,244
THIGNONVILLE,45300,244
THIMORY,45260,244
THORAILLES,45210,244
THOREY LYAUTEY,54115,244
THUES ENTRE VALLS,66360,244
THUILLEY AUX GROSEILLES,54170,244
THUIR,66300,244
THUMEREVILLE,54800,244
TIERCELET,54190,244
TIGY,45510,244
TIVERNON,45170,244
TOMBLAINE,54510,244
TONNOY,54210,244
TORDERES,66300,244
TORREILLES,66440,244
TOUL,54200,244
TOULOUGES,66350,244
TOURNOISIS,45310,244
TRAINOU,45470,244
TRAMONT EMY,54115,244
TRAMONT LASSUS,54115,244
TRAMONT ST ANDRE,54115,244
TRAUBACH LE BAS,68210,244
TRAUBACH LE HAUT,68210,244
TREILLES EN GATINAIS,45490,244
TREMBLECOURT,54385,244
TRESSERRE,66300,244
TREVILLACH,66130,244
TRIEUX,54750,244
TRIGUERES,45220,244
TRILLA,66220,244
TRINAY,45410,244
TRONDES,54570,244
TRONVILLE,54800,244
TROUILLAS,66300,244
TUCQUEGNIEUX,54640,244
TURCKHEIM,68230,244
UEBERSTRASS,68580,244
UFFHEIM,68510,244
UFFHOLTZ,68700,244
UGNY,54870,244
UNGERSHEIM,68190,244
UR,66760,244
URBANYA,66500,244
URBES,68121,244
URSCHENHEIM,68320,244
URUFFE,54112,244
VACQUEVILLE,54540,244
VAL DE BRIEY,54150,244
VAL ET CHATILLON,54480,244
VALCEBOLLERE,66340,244
VALDIEU LUTRAN,68210,244
VALHEY,54370,244
VALLOIS,54830,244
VALMANYA,66320,244
VANDELAINVILLE,54890,244
VANDELEVILLE,54115,244
VANDOEUVRE LES NANCY,54500,244
VANNES LE CHATEL,54112,244
VANNES SUR COSSON,45510,244
VARANGEVILLE,54110,244
VARENNES CHANGY,45290,244
VATHIMENIL,54122,244
VAUCOURT,54370,244
VAUDEMONT,54330,244
VAUDEVILLE,54740,244
VAUDIGNY,54740,244
VAXAINVILLE,54120,244
VEHO,54450,244
VELAINE SOUS AMANCE,54280,244
VELLE SUR MOSELLE,54290,244
VENEY,54540,244
VENNECY,45760,244
VENNEZEY,54830,244
VERDENAL,54450,244
VERNET LES BAINS,66820,244
VEZELISE,54330,244
VIEILLES MAISONS SUR JOUDRY,45260,244
VIENNE EN VAL,45510,244
VIEUX FERRETTE,68480,244
VIEUX THANN,68800,244
VIEVILLE EN HAYE,54470,244
VIGLAIN,45600,244
VIGNEULLES,54360,244
VILCEY SUR TREY,54700,244
VILLACOURT,54290,244
VILLAGE NEUF,68128,244
VILLAMBLAIN,45310,244
VILLE AU MONTOIS,54620,244
VILLE AU VAL,54380,244
VILLE EN VERMOIS,54210,244
VILLE HOUDLEMONT,54730,244
VILLE SUR YRON,54800,244
VILLECEY SUR MAD,54890,244
VILLEFRANCHE DE CONFLENT,66500,244
VILLELONGUE DE LA SALANQUE,66410,244
VILLELONGUE DELS MONTS,66740,244
VILLEMANDEUR,45700,244
VILLEMOLAQUE,66300,244
VILLEMOUTIERS,45270,244
VILLEMURLIN,45600,244
VILLENEUVE DE LA RAHO,66180,244
VILLENEUVE LA RIVIERE,66610,244
VILLENEUVE SUR CONIE,45310,244
VILLEREAU,45170,244
VILLERS EN HAYE,54380,244
VILLERS LA CHEVRE,54870,244
VILLERS LA MONTAGNE,54920,244
VILLERS LE ROND,54260,244
VILLERS LES MOIVRONS,54760,244
VILLERS LES NANCY,54600,244
VILLERS SOUS PRENY,54700,244
VILLERUPT,54190,244
VILLETTE,54260,244
VILLEVOQUES,45700,244
VILLEY LE SEC,54840,244
VILLEY ST ETIENNE,54200,244
VILLORCEAU,45190,244
VIMORY,45700,244
VINCA,66320,244
VINGRAU,66600,244
VIRECOURT,54290,244
VITERNE,54123,244
VITREY,54330,244
VITRIMONT,54300,244
VITRY AUX LOGES,45530,244
VITTONVILLE,54700,244
VIVES,66490,244
VIVIERS SUR CHIERS,54260,244
VOEGTLINSHOFFEN,68420,244
VOGELGRUN,68600,244
VOINEMONT,54134,244
VOLGELSHEIM,68600,244
VRIGNY,45300,244
VRONCOURT,54330,244
WAHLBACH,68130,244
WALBACH,68230,244
WALDIGHOFFEN,68640,244
WALHEIM,68130,244
WALTENHEIM,68510,244
WASSERBOURG,68230,244
WATTWILLER,68700,244
WAVILLE,54890,244
WECKOLSHEIM,68600,244
WEGSCHEID,68290,244
WENTZWILLER,68220,244
WERENTZHOUSE,68480,244
WESTHALTEN,68250,244
WETTOLSHEIM,68920,244
WICKERSCHWIHR,68320,244
WIDENSOLEN,68320,244
WIHR AU VAL,68230,244
WILDENSTEIN,68820,244
WILLER,68960,244
WILLER SUR THUR,68760,244
WINKEL,68480,244
WINTZENHEIM,68124,244
WITTELSHEIM,68310,244
WITTENHEIM,68270,244
WITTERSDORF,68130,244
WOLFERSDORF,68210,244
WOLFGANTZEN,68600,244
WOLSCHWILLER,68480,244
WUENHEIM,68500,244
XAMMES,54470,244
XERMAMENIL,54300,244
XEUILLEY,54990,244
XIROCOURT,54740,244
XIVRY CIRCOURT,54490,244
XONVILLE,54800,244
XOUSSE,54370,244
XURES,54370,244
YEVRE LA VILLE,45300,244
ZAESSINGUE,68130,244
ZELLENBERG,68340,244
ZILLISHEIM,68720,244
ZIMMERBACH,68230,244
ZIMMERSHEIM,68440,244
AAST,64460,229
ABANCOURT,59268,229
ABBANS DESSOUS,25320,229
ABBANS DESSUS,25440,229
ABBENANS,25340,229
ABBEVILLE LA RIVIERE,91150,229
ABBEVILLERS,25310,229
ABERE,64160,229
ABIDOS,64150,229
ABITAIN,64390,229
ABLON SUR SEINE,94480,229
ABOEN,42380,229
ABONDANT,28410,229
ABOS,64360,229
ABSCON,59215,229
ACCOLANS,25250,229
ACCOUS,64490,229
ADAM LES PASSAVANT,25360,229
ADAM LES VERCEL,25530,229
AGNOS,64400,229
AGUDELLE,17500,229
AHAXE ALCIETTE BASCASSAN,64220,229
AHETZE,64210,229
AIBES,59149,229
AIBRE,25750,229
AICIRITS CAMOU SUHAST,64120,229
AIGREFEUILLE D AUNIS,17290,229
AILLEUX,42130,229
AINCILLE,64220,229
AINHARP,64130,229
AINHICE MONGELOS,64220,229
AINHOA,64250,229
AISSEY,25360,229
AIX EN PEVELE,59310,229
ALCAY ALCABEHETY SUNHARETTE,64470,229
ALDUDES,64430,229
ALFORTVILLE,94140,229
ALLAINVILLE,28500,229
ALLAS BOCAGE,17150,229
ALLAS CHAMPAGNE,17500,229
ALLENJOIE,25490,229
ALLENNES LES MARAIS,59251,229
ALLONDANS,25550,229
ALLONNES,28150,229
ALLUYES,28800,229
ALOS SIBAS ABENSE,64470,229
AMAGNEY,25220,229
AMANCEY,25330,229
AMATHAY VESIGNEUX,25330,229
AMBIERLE,42820,229
AMENDEUIX ONEIX,64120,229
AMILLY,28300,229
AMONDANS,25330,229
AMOROTS SUCCOS,64120,229
ANCE FEAS,64570,229
ANDILLY,17230,229
ANDOINS,64420,229
ANDREIN,64390,229
ANDREZIEUX BOUTHEON,42160,229
ANET,28260,229
ANGAIS,64510,229
ANGERVILLIERS,91470,229
ANGLET,64600,229
ANGLIERS,17540,229
ANGOULINS,17690,229
ANGOUS,64190,229
ANGRIE,49440,229
ANHAUX,64220,229
ANHIERS,59194,229
ANICHE,59580,229
ANNEPONT,17350,229
ANNEUX,59400,229
ANNEZAY,17380,229
ANNOEULLIN,59112,229
ANOR,59186,229
ANOS,64160,229
ANOYE,64350,229
ANSE BERTRAND,97121,229
ANSTAING,59152,229
ANTEUIL,25340,229
ANTEZANT LA CHAPELLE,17400,229
ANTOIGNE,49260,229
ANZIN,59410,229
APINAC,42550,229
APPENANS,25250,229
ARAMITS,64570,229
ARANCOU,64270,229
ARAUJUZON,64190,229
ARAUX,64190,229
ARBERATS SILLEGUE,64120,229
ARBONNE,64210,229
ARBOUANS,25400,229
ARBOUET SUSSAUTE,64120,229
ARBUS,64230,229
ARC ET SENANS,25610,229
ARC SOUS CICON,25520,229
ARC SOUS MONTENOT,25270,229
ARCES,17120,229
ARCHIAC,17520,229
ARCHINGEAY,17380,229
ARCINGES,42460,229
ARCISSES,28400,229
ARCON,25300,229
ARCUEIL,94110,229
ARDELLES,28170,229
ARDELU,28700,229
ARDILLIERES,17290,229
AREN,64400,229
ARESSY,64320,229
ARETTE,64570,229
ARGAGNON,64300,229
ARGENVILLIERS,28480,229
ARGET,64410,229
ARHANSUS,64120,229
ARLEUX,59151,229
ARMAILLE,49420,229
ARMBOUTS CAPPEL,59380,229
ARMENDARITS,64640,229
ARMENTIERES,59280,229
ARNEGUY,64220,229
ARNEKE,59285,229
ARNOS,64370,229
AROUE ITHOROTS OLHAIBY,64120,229
ARPAJON,91290,229
ARRANCOURT,91690,229
ARRAST LARREBIEU,64130,229
ARRAUTE CHARRITTE,64120,229
ARRICAU BORDES,64350,229
ARRIEN,64420,229
ARROS DE NAY,64800,229
ARROSES,64350,229
ARS EN RE,17590,229
ARTANNES SUR THOUET,49260,229
ARTHENAC,17520,229
ARTHEZ D ASSON,64800,229
ARTHEZ DE BEARN,64370,229
ARTHUN,42130,229
ARTIGUELOUTAN,64420,229
ARTIGUELOUVE,64230,229
ARTRES,59269,229
ARUDY,64260,229
ARVERT,17530,229
ARZACQ ARRAZIGUET,64410,229
ASASP ARROS,64660,229
ASCAIN,64310,229
ASCARAT,64220,229
ASNIERES LA GIRAUD,17400,229
ASSAT,64510,229
ASSEVENT,59600,229
ASSON,64800,229
ASTE BEON,64260,229
ASTIS,64450,229
ATHIS MONS,91200,229
ATHOS ASPIS,64390,229
ATTICHES,59551,229
AUBENCHEUL AU BAC,59265,229
AUBERCHICOURT,59165,229
AUBERS,59249,229
AUBERTIN,64290,229
AUBIGNE SUR LAYON,49540,229
AUBIGNY AU BAC,59265,229
AUBONNE,25520,229
AUBOUS,64330,229
AUBRY DU HAINAUT,59494,229
AUBY,59950,229
AUCHY LEZ ORCHIES,59310,229
AUDAUX,64190,229
AUDEUX,25170,229
AUDIGNIES,59570,229
AUDINCOURT,25400,229
AUGA,64450,229
AUJAC,17770,229
AULNOY LEZ VALENCIENNES,59300,229
AULNOYE AYMERIES,59620,229
AUMAGNE,17770,229
AUNAY SOUS AUNEAU,28700,229
AUNAY SOUS CRECY,28500,229
AUNEAU BLEURY ST SYMPHORIEN,28700,229
AURIONS IDERNES,64350,229
AUSSEVIELLE,64230,229
AUSSURUCQ,64130,229
AUTECHAUX,25110,229
AUTECHAUX ROIDE,25150,229
AUTERRIVE,64270,229
AUTEVIELLE ST MARTIN BIDEREN,64390,229
AUTHON DU PERCHE,28330,229
AUTHON EBEON,17770,229
AUTHON LA PLAINE,91410,229
AUVERNAUX,91830,229
AUVERS ST GEORGES,91580,229
AVANNE AVENEY,25720,229
AVEIZIEUX,42330,229
AVELIN,59710,229
AVESNELLES,59440,229
AVESNES LE SEC,59296,229
AVESNES LES AUBERT,59129,229
AVESNES SUR HELPE,59440,229
AVILLEY,25680,229
AVOUDREY,25690,229
AVRILLE,49240,229
AVY,17800,229
AWOINGT,59400,229
AYDIE,64330,229
AYDIUS,64490,229
AYHERRE,64240,229
AYTRE,17440,229
BACHANT,59138,229
BACHY,59830,229
BADEVEL,25490,229
BAGNIZEAU,17160,229
BAIE MAHAULT,97122,229
BAIGNEAUX,28140,229
BAIGTS DE BEARN,64300,229
BAILLEAU ARMENONVILLE,28320,229
BAILLEAU L EVEQUE,28300,229
BAILLEAU LE PIN,28120,229
BAILLEUL,59270,229
BAILLIF,97123,229
BAISIEUX,59780,229
BAIVES,59132,229
BALANSUN,64300,229
BALANZAC,17600,229
BALBIGNY,42510,229
BALEIX,64460,229
BALIRACQ MAUMUSSON,64330,229
BALIROS,64510,229
BALLAINVILLIERS,91160,229
BALLANCOURT SUR ESSONNE,91610,229
BALLANS,17160,229
BALLON,17290,229
BAMBECQUE,59470,229
BANCA,64430,229
BANNANS,25560,229
BANTEUX,59266,229
BANTIGNY,59554,229
BANTOUZELLE,59266,229
BARACE,49430,229
BARCUS,64130,229
BARD,42600,229
BARDOS,64520,229
BARINQUE,64160,229
BARJOUVILLE,28630,229
BARRAUTE CAMU,64390,229
BART,25420,229
BARTHERANS,25440,229
BARZAN,17120,229
BARZUN,64530,229
BAS LIEU,59440,229
BASSE POINTE,97218,229
BASSE TERRE,97100,229
BASSILLON VAUZE,64350,229
BASTANES,64190,229
BATTENANS LES MINES,25640,229
BATTENANS VARIN,25380,229
BAUDREIX,64800,229
BAUDREVILLE,28310,229
BAUGE EN ANJOU,49150,229
BAULNE,91590,229
BAUME LES DAMES,25110,229
BAUVIN,59221,229
BAVANS,25550,229
BAVAY,59570,229
BAVINCHOVE,59670,229
BAZAUGES,17490,229
BAZOCHES EN DUNOIS,28140,229
BAZOCHES LES HAUTES,28140,229
BAZUEL,59360,229
BEAUCAMPS LIGNY,59134,229
BEAUCHE,28270,229
BEAUCOUZE,49070,229
BEAUDIGNIES,59530,229
BEAUFORT EN ANJOU,49250,229
BEAUGEAY,17620,229
BEAULIEU SUR LAYON,49750,229
BEAUMONT EN CAMBRESIS,59540,229
BEAUMONT LES AUTELS,28480,229
BEAUPREAU EN MAUGES,49110,229
BEAURAIN,59730,229
BEAUREPAIRE SUR SAMBRE,59550,229
BEAUVAIS SUR MATHA,17490,229
BEAUVILLIERS,28150,229
BEAUVOIS EN CAMBRESIS,59157,229
BECON LES GRANITS,49370,229
BEDENAC,17210,229
BEDOUS,64490,229
BEGROLLES EN MAUGES,49122,229
BEGUIOS,64120,229
BEHASQUE LAPISTE,64120,229
BEHORLEGUY,64220,229
BEHUARD,49170,229
BELFAYS,25470,229
BELHOMERT GUEHOUVILLE,28240,229
BELLAING,59135,229
BELLEGARDE EN FOREZ,42210,229
BELLEHERBE,25380,229
BELLEROCHE,42670,229
BELLEVIGNE EN LAYON,49380,229
BELLEVIGNE LES CHATEAUX,49260,229
BELLIGNIES,59570,229
BELLOCQ,64270,229
BELLUIRE,17800,229
BELMONT,25530,229
BELMONT DE LA LOIRE,42670,229
BELVOIR,25430,229
BENEJACQ,64800,229
BENON,17170,229
BENTAYOU SEREE,64460,229
BEOST,64440,229
BERCHE,25420,229
BERCHERES LES PIERRES,28630,229
BERCHERES ST GERMAIN,28300,229
BERCHERES SUR VESGRE,28260,229
BERCLOUX,17770,229
BERELLES,59740,229
BERENX,64300,229
BERGOUEY VIELLENAVE,64270,229
BERGUES,59380,229
BERLAIMONT,59145,229
BERMERAIN,59213,229
BERNADETS,64160,229
BERNAY ST MARTIN,17330,229
BEROU LA MULOTIERE,28270,229
BERROGAIN LARUNS,64130,229
BERSEE,59235,229
BERSILLIES,59600,229
BERTHELANGE,25410,229
BERTHEN,59270,229
BERTRY,59980,229
BESCAT,64260,229
BESINGRAND,64150,229
BESSEY,42520,229
BETHENCOURT,59540,229
BETHONCOURT,25200,229
BETHONVILLIERS,28330,229
BETRACQ,64350,229
BETTIGNIES,59600,229
BETTRECHIES,59570,229
BEUGNIES,59216,229
BEURE,25720,229
BEURLAY,17250,229
BEUSTE,64800,229
BEUTAL,25250,229
BEUVRAGES,59192,229
BEUVRY LA FORET,59310,229
BEVILLE LE COMTE,28700,229
BEVILLERS,59217,229
BEYRIE EN BEARN,64230,229
BEYRIE SUR JOYEUSE,64120,229
BIDACHE,64520,229
BIDARRAY,64780,229
BIDART,64210,229
BIDOS,64400,229
BIEF,25190,229
BIELLE,64260,229
BIERNE,59380,229
BIGNAY,17400,229
BILHERES,64260,229
BILLANCELLES,28190,229
BILLERE,64140,229
BIRIATOU,64700,229
BIRON,17800,229
BISSEZEELE,59380,229
BIZANOS,64320,229
BLAISON ST SULPICE,49320,229
BLAMONT,25310,229
BLANDAINVILLE,28120,229
BLANZAC LES MATHA,17160,229
BLANZAY SUR BOUTONNE,17470,229
BLARIANS,25640,229
BLARINGHEM,59173,229
BLOU,49160,229
BLUSSANGEAUX,25250,229
BLUSSANS,25250,229
BOEIL BEZING,64510,229
BOEN SUR LIGNON,42130,229
BOESCHEPE,59299,229
BOESEGHEM,59189,229
BOIGNEVILLE,91720,229
BOIS,17240,229
BOIS GRENIER,59280,229
BOIS HERPIN,91150,229
BOISREDON,17150,229
BOISSET LES MONTROND,42210,229
BOISSET ST PRIEST,42560,229
BOISSY EN DROUAIS,28500,229
BOISSY LA RIVIERE,91690,229
BOISSY LE CUTTE,91590,229
BOISSY LE SEC,91870,229
BOISSY LES PERCHE,28340,229
BOISSY SOUS ST YON,91790,229
BOISSY ST LEGER,94470,229
BOISVILLE LA ST PERE,28150,229
BOLANDOZ,25330,229
BOLLEZEELE,59470,229
BONCE,28150,229
BONDEVAL,25230,229
BONDOUFLE,91070,229
BONDUES,59910,229
BONLOC,64240,229
BONNAL,25680,229
BONNAY,25870,229
BONNETAGE,25210,229
BONNEUIL SUR MARNE,94380,229
BONNEVAL,28800,229
BONNEVAUX,25560,229
BONNUT,64300,229
BORCE,64490,229
BORDERES,64800,229
BORDES,64510,229
BORDS,17430,229
BORESSE ET MARTRON,17270,229
BORRE,59190,229
BOSCAMNANT,17360,229
BOSDARROS,64290,229
BOUCAU,64340,229
BOUCHAIN,59111,229
BOUCHEMAINE,49080,229
BOUCLANS,25360,229
BOUEILH BOUEILHO LASQUE,64330,229
BOUGARBER,64230,229
BOUGLAINVAL,28130,229
BOUGNEAU,17800,229
BOUHET,17540,229
BOUILLANTE,97125,229
BOUILLE MENARD,49520,229
BOUILLON,64410,229
BOUJAILLES,25560,229
BOULLAY LES TROUX,91470,229
BOULOGNE SUR HELPE,59440,229
BOUMOURT,64370,229
BOURAY SUR JUINE,91850,229
BOURBOURG,59630,229
BOURCEFRANC LE CHAPUS,17560,229
BOURDETTES,64800,229
BOURG ARGENTAL,42220,229
BOURG L EVEQUE,49520,229
BOURGHELLES,59830,229
BOURGNEUF,17220,229
BOURGUIGNON,25150,229
BOURNOIS,25250,229
BOURNOS,64450,229
BOURSIES,59400,229
BOUSBECQUE,59166,229
BOUSIES,59222,229
BOUSIGNIES,59178,229
BOUSIGNIES SUR ROC,59149,229
BOUSSIERES,25320,229
BOUSSIERES EN CAMBRESIS,59217,229
BOUSSIERES SUR SAMBRE,59330,229
BOUSSOIS,59168,229
BOUSSY ST ANTOINE,91800,229
BOUTENAC TOUVENT,17120,229
BOUTERVILLIERS,91150,229
BOUTIGNY PROUAIS,28410,229
BOUTIGNY SUR ESSONNE,91820,229
BOUVERANS,25560,229
BOUVIGNIES,59870,229
BOUVILLE,28800,229
BOUVINES,59830,229
BOYER,42460,229
BRAILLANS,25640,229
BRAIN SUR ALLONNES,49650,229
BRAN,17210,229
BRANNE,25340,229
BRAS PANON,97412,229
BRAY DUNES,59123,229
BRECHAMPS,28210,229
BRECONCHAUX,25640,229
BREMONDANS,25530,229
BRERES,25440,229
BRESDON,17490,229
BRETIGNEY,25250,229
BRETIGNEY NOTRE DAME,25110,229
BRETIGNY SUR ORGE,91220,229
BRETONVILLERS,25380,229
BREUIL LA REORTE,17700,229
BREUIL MAGNE,17870,229
BREUILLET,17920,229
BREUX JOUY,91650,229
BREY ET MAISON DU BOIS,25240,229
BREZOLLES,28270,229
BRIASTRE,59730,229
BRICONVILLE,28300,229
BRIE SOUS ARCHIAC,17520,229
BRIE SOUS MATHA,17160,229
BRIE SOUS MORTAGNE,17120,229
BRIENNON,42720,229
BRIERES LES SCELLES,91150,229
BRIIS SOUS FORGES,91640,229
BRILLON,59178,229
BRIOLLAY,49125,229
BRISCOUS,64240,229
BRISSAC LOIRE AUBANCE,49250,229
BRIVES SUR CHARENTE,17800,229
BRIZAMBOURG,17770,229
BROGNARD,25600,229
BROSSAY,49700,229
BROU,28160,229
BROUCKERQUE,59630,229
BROUE,28410,229
BROUY,91150,229
BROXEELE,59470,229
BRUAY SUR L ESCAUT,59860,229
BRUGES CAPBIS MIFAGET,64800,229
BRUILLE LEZ MARCHIENNES,59490,229
BRUILLE ST AMAND,59199,229
BRUNEMONT,59151,229
BRUNOY,91800,229
BRUYERES LE CHATEL,91680,229
BRY,59144,229
BRY SUR MARNE,94360,229
BU,28410,229
BUFFARD,25440,229
BUGNEIN,64190,229
BUGNICOURT,59151,229
BUGNY,25520,229
BULLAINVILLE,28800,229
BULLE,25560,229
BULLY,42260,229
BUNO BONNEVAUX,91720,229
BUNUS,64120,229
BURDIGNES,42220,229
BURES SUR YVETTE,91440,229
BURGARONNE,64390,229
BURGILLE,25170,229
BURIE,17770,229
BURNEVILLERS,25470,229
BUROS,64160,229
BUROSSE MENDOUSSE,64330,229
BUSIGNY,59137,229
BUSSAC FORET,17210,229
BUSSAC SUR CHARENTE,17100,229
BUSSUNARITS SARRASQUETTE,64220,229
BUSSY ALBIEUX,42260,229
BUSTINCE IRIBERRY,64220,229
BUSY,25320,229
BUYSSCHEURE,59285,229
BUZIET,64680,229
BUZY,64260,229
BY,25440,229
BYANS SUR DOUBS,25320,229
CABARIOT,17430,229
CABIDOS,64410,229
CACHAN,94230,229
CADEMENE,25290,229
CADILLON,64330,229
CAESTRE,59190,229
CAGNONCLES,59161,229
CALOIRE,42240,229
CAMBO LES BAINS,64250,229
CAMBRAI,59400,229
CAME,64520,229
CAMOU CIHIGUE,64470,229
CAMPHIN EN CAREMBAULT,59133,229
CAMPHIN EN PEVELE,59780,229
CANDE,49440,229
CANTAING SUR ESCAUT,59267,229
CANTENAY EPINARD,49460,229
CANTIN,59169,229
CAPELLE,59213,229
CAPESTERRE BELLE EAU,97130,229
CAPESTERRE DE MARIE GALANTE,97140,229
CAPINGHEM,59160,229
CAPPELLE BROUCK,59630,229
CAPPELLE EN PEVELE,59242,229
CAPPELLE LA GRANDE,59180,229
CARBAY,49420,229
CARDESSE,64360,229
CARNIERES,59217,229
CARNIN,59112,229
CARRERE,64160,229
CARRESSE CASSABER,64270,229
CARTIGNIES,59244,229
CASE PILOTE,97222,229
CASSEL,59670,229
CASTEIDE CAMI,64170,229
CASTEIDE CANDAU,64370,229
CASTEIDE DOAT,64460,229
CASTERA LOUBIX,64460,229
CASTET,64260,229
CASTETBON,64190,229
CASTETIS,64300,229
CASTETNAU CAMBLONG,64190,229
CASTETNER,64300,229
CASTETPUGON,64330,229
CASTILLON D ARTHEZ,64370,229
CASTILLON DE LEMBEYE,64350,229
CATILLON SUR SAMBRE,59360,229
CATTENIERES,59217,229
CAUBIOS LOOS,64230,229
CAUDRY,59540,229
CAULLERY,59191,229
CAUROIR,59400,229
CELLIEU,42320,229
CENDREY,25640,229
CERCOUX,17270,229
CERFONTAINE,59680,229
CERNAY L EGLISE,25120,229
CERNUSSON,49310,229
CERNY,91590,229
CESSEY,25440,229
CETTE EYGUN,64490,229
CEZAY,42130,229
CHADENAC,17800,229
CHAFFOIS,25300,229
CHAGNON,42800,229
CHAILLEVETTE,17890,229
CHALAIN D UZORE,42600,229
CHALAIN LE COMTAL,42600,229
CHALEZE,25220,229
CHALEZEULE,25220,229
CHALLAIN LA POTHERIE,49440,229
CHALLET,28300,229
CHALMAZEL JEANSAGNIERE,42920,229
CHALO ST MARS,91780,229
CHALONNES SUR LOIRE,49290,229
CHALOU MOULINEUX,91740,229
CHAMARANDE,91730,229
CHAMBELLAY,49220,229
CHAMBEON,42110,229
CHAMBLES,42170,229
CHAMBON,17290,229
CHAMESEY,25380,229
CHAMESOL,25190,229
CHAMOUILLAC,17130,229
CHAMPAGNEY,25170,229
CHAMPAGNOLLES,17240,229
CHAMPCUEIL,91750,229
CHAMPDIEU,42600,229
CHAMPDOLENT,17430,229
CHAMPHOL,28300,229
CHAMPIGNY SUR MARNE,94500,229
CHAMPLAN,91160,229
CHAMPLIVE,25360,229
CHAMPMOTTEUX,91150,229
CHAMPOLY,42430,229
CHAMPOUX,25640,229
CHAMPROND EN GATINE,28240,229
CHAMPROND EN PERCHET,28400,229
CHAMPSERU,28700,229
CHAMPTOCE SUR LOIRE,49123,229
CHAMPVANS LES MOULINS,25170,229
CHANDON,42190,229
CHANGY,42310,229
CHANIERS,17610,229
CHANTELOUP LES BOIS,49340,229
CHANTEMERLE SUR LA SOIE,17380,229
CHANTRANS,25330,229
CHAPELLE D HUIN,25270,229
CHAPELLE DES BOIS,25240,229
CHAPELLE GUILLAUME,28330,229
CHAPELLE ROYALE,28290,229
CHARBONNIERES,28330,229
CHARENTON LE PONT,94220,229
CHARLIEU,42190,229
CHARMAUVILLERS,25470,229
CHARMOILLE,25380,229
CHARNAY,25440,229
CHARONVILLE,28120,229
CHARPONT,28500,229
CHARQUEMONT,25140,229
CHARRE,64190,229
CHARRITTE DE BAS,64130,229
CHARRON,17230,229
CHARTAINVILLIERS,28130,229
CHARTUZAC,17130,229
CHASSAGNE ST DENIS,25290,229
CHASSANT,28480,229
CHATAINCOURT,28270,229
CHATEAU L ABBAYE,59230,229
CHATEAUDUN,28200,229
CHATEAUNEUF EN THYMERAIS,28170,229
CHATEAUVIEUX LES FOSSES,25840,229
CHATELAILLON PLAGE,17340,229
CHATELBLANC,25240,229
CHATENET,17210,229
CHATIGNONVILLE,91410,229
CHATILLON GUYOTTE,25640,229
CHATILLON LE DUC,25870,229
CHAUCENNE,25170,229
CHAUDEFONDS SUR LAYON,49290,229
CHAUDON,28210,229
CHAUFFOUR LES ETRECHY,91580,229
CHAUFFOURS,28120,229
CHAUNAC,17130,229
CHAUSSETERRE,42430,229
CHAUX LES PASSAVANT,25530,229
CHAUX NEUVE,25240,229
CHAVANAY,42410,229
CHAY,25440,229
CHAZE SUR ARGOS,49500,229
CHAZELLES SUR LAVIEU,42560,229
CHAZELLES SUR LYON,42140,229
CHAZOT,25430,229
CHEFFES,49125,229
CHEMAUDIN ET VAUX,25320,229
CHEMILLE EN ANJOU,49120,229
CHEMY,59147,229
CHENAC ST SEURIN D UZET,17120,229
CHENECEY BUILLON,25440,229
CHENEREILLES,42560,229
CHENILLE CHAMPTEUSSE,49220,229
CHENNEVIERES SUR MARNE,94430,229
CHEPNIERS,17210,229
CHEPTAINVILLE,91630,229
CHERAC,17610,229
CHERAUTE,64130,229
CHERBONNIERES,17470,229
CHERENG,59152,229
CHERIER,42430,229
CHERISY,28500,229
CHERMIGNAC,17460,229
CHEVANCEAUX,17210,229
CHEVIGNEY LES VERCEL,25530,229
CHEVIGNEY SUR L OGNON,25170,229
CHEVILLY LARUE,94550,229
CHEVROZ,25870,229
CHILLY MAZARIN,91380,229
CHIRASSIMONT,42114,229
CHIVES,17510,229
CHOISIES,59740,229
CHOISY LE ROI,94600,229
CHOLET,49300,229
CHOUZELOT,25440,229
CHUISNES,28190,229
CHUYER,42410,229
CIBOURE,64500,229
CIERZAC,17520,229
CILAOS,97413,229
CINTRAY,28300,229
CIRE D AUNIS,17290,229
CIVENS,42110,229
CIZAY LA MADELEINE,49700,229
CLAIRFAYTS,59740,229
CLAM,17500,229
CLARACQ,64330,229
CLARY,59225,229
CLAVETTE,17220,229
CLEPPE,42110,229
CLERAC,17270,229
CLERE SUR LAYON,49560,229
CLERON,25330,229
CLEVILLIERS,28300,229
CLION,17240,229
CLOYES LES TROIS RIVIERES,28220,229
COARRAZE,64800,229
COBRIEUX,59830,229
COIVERT,17330,229
COLLERET,59680,229
COLOMBIER FONTAINE,25260,229
COLOMBIERS,17460,229
COLTAINVILLE,28300,229
COMBRE,42840,229
COMBRES,28480,229
COMINES,59560,229
COMMELLE VERNAY,42120,229
CONCHEZ DE BEARN,64330,229
CONDE SUR L ESCAUT,59163,229
CONGERVILLE THIONVILLE,91740,229
CONIE MOLITARD,28200,229
CONSAC,17150,229
CONSOLATION MAISONNETTES,25390,229
CONTRE,17470,229
CORANCEZ,28630,229
CORBEIL ESSONNES,91100,229
CORBERE ABERES,64350,229
CORBREUSE,91410,229
CORCELLE MIESLOT,25640,229
CORCELLES FERRIERES,25410,229
CORCONDRAY,25410,229
CORDELLE,42123,229
CORIGNAC,17130,229
CORMAINVILLE,28140,229
CORME ECLUSE,17600,229
CORME ROYAL,17600,229
CORNILLE LES CAVES,49140,229
CORON,49690,229
CORZE,49140,229
COSLEDAA LUBE BOAST,64160,229
COTEBRUNE,25360,229
COTTANCE,42360,229
COUBLUCQ,64410,229
COUDEKERQUE BRANCHE,59210,229
COUDRAY AU PERCHE,28330,229
COULOMBS,28210,229
COUR ST MAURICE,25380,229
COURANCES,91490,229
COURANT,17330,229
COURBEHAYE,28140,229
COURCELLES,17400,229
COURCELLES LES MONTBELIARD,25420,229
COURCERAC,17160,229
COURCHAPON,25170,229
COURCHELETTES,59552,229
COURCON,17170,229
COURCOURY,17100,229
COURDIMANCHE SUR ESSONNE,91720,229
COURLEON,49390,229
COURPIGNAC,17130,229
COURSON MONTELOUP,91680,229
COURTEFONTAINE,25470,229
COURTETAIN ET SALANS,25530,229
COURVIERES,25560,229
COURVILLE SUR EURE,28190,229
COUSOLRE,59149,229
COUTICHES,59310,229
COUTOUVRE,42460,229
COZES,17120,229
CRAINTILLEUX,42210,229
CRAM CHABAN,17170,229
CRAVANS,17260,229
CRAYWICK,59279,229
CRAZANNES,17350,229
CRECY COUVE,28500,229
CREMEAUX,42260,229
CRESSE,17160,229
CREVECOEUR SUR L ESCAUT,59258,229
CROCHTE,59380,229
CROIX,59170,229
CROIX CALUYAU,59222,229
CROIX CHAPEAU,17220,229
CROIZET SUR GAND,42540,229
CROSEY LE GRAND,25340,229
CROSEY LE PETIT,25340,229
CROSNE,91560,229
CROUSEILLES,64350,229
CROUZET MIGETTE,25270,229
CRUCEY VILLAGES,28270,229
CUBRIAL,25680,229
CUBRY,25680,229
CUINCY,59553,229
CUINZIER,42460,229
CUQUERON,64360,229
CURGIES,59990,229
CUSANCE,25110,229
CUSE ET ADRISANS,25680,229
CUSSEY SUR L OGNON,25870,229
CUSSEY SUR LISON,25440,229
CUVILLERS,59268,229
CYSOING,59830,229
D HUISON LONGUEVILLE,91590,229
DAMBELIN,25150,229
DAMBENOIS,25600,229
DAMBRON,28140,229
DAMMARIE,28360,229
DAMMARTIN LES TEMPLIERS,25110,229
DAMOUSIES,59680,229
DAMPIERRE LES BOIS,25490,229
DAMPIERRE SOUS BROU,28160,229
DAMPIERRE SUR AVRE,28350,229
DAMPIERRE SUR BOUTONNE,17470,229
DAMPIERRE SUR LE DOUBS,25420,229
DAMPJOUX,25190,229
DAMPRICHARD,25450,229
DANCY,28800,229
DANGEAU,28160,229
DANGERS,28190,229
DANNEMARIE,25310,229
DANNEMARIE SUR CRETE,25410,229
DANNEMOIS,91490,229
DARGOIRE,42800,229
DASLE,25230,229
DECHY,59187,229
DEHERIES,59127,229
DELUZ,25960,229
DENAIN,59220,229
DENEE,49190,229
DENEZE SOUS DOUE,49700,229
DENGUIN,64230,229
DENONVILLE,28700,229
DESANDANS,25750,229
DESERVILLERS,25330,229
DESHAIES,97126,229
DEULEMONT,59890,229
DEVECEY,25870,229
DIGNY,28250,229
DIMECHAUX,59740,229
DIMONT,59216,229
DISTRE,49400,229
DIUSSE,64330,229
DOAZON,64370,229
DOEUIL SUR LE MIGNON,17330,229
DOGNEN,64190,229
DOIGNIES,59400,229
DOIZIEUX,42740,229
DOLUS D OLERON,17550,229
DOMEZAIN BERRAUTE,64120,229
DOMMARTIN,25300,229
DOMPIERRE LES TILLEULS,25560,229
DOMPIERRE SUR CHARENTE,17610,229
DOMPIERRE SUR HELPE,59440,229
DOMPIERRE SUR MER,17139,229
DOMPREL,25510,229
DON,59272,229
DONNEMAIN ST MAMES,28200,229
DOUAI,59500,229
DOUBS,25300,229
DOUCHY LES MINES,59282,229
DOUE EN ANJOU,49700,229
DOUMY,64450,229
DOURDAN,91410,229
DOURLERS,59440,229
DRAVEIL,91210,229
DREUX,28100,229
DRINCHAM,59630,229
DROUE SUR DROUETTE,28230,229
DUCOS,97224,229
DUNG,25550,229
DURNES,25580,229
DURTAL,49430,229
EAUX BONNES,64440,229
EBBLINGHEM,59173,229
ECAILLON,59176,229
ECCLES,59740,229
ECHARCON,91540,229
ECHAY,25440,229
ECHEBRUNE,17800,229
ECHENANS,25550,229
ECHILLAIS,17620,229
ECLAIBES,59330,229
ECLUZELLES,28500,229
ECOCHE,42670,229
ECOLE VALENTIN,25480,229
ECOT,25150,229
ECOTAY L OLME,42600,229
ECOYEUX,17770,229
ECROSNES,28320,229
ECUELIN,59620,229
ECUILLE,49460,229
ECURAT,17810,229
ECURCEY,25150,229
EECKE,59114,229
EGLY,91520,229
ELESMES,59600,229
ELINCOURT,59127,229
EMAGNY,25170,229
EMERCHICOURT,59580,229
EMMERIN,59320,229
ENGLEFONTAINE,59530,229
ENGLOS,59320,229
ENNETIERES EN WEPPES,59320,229
ENNEVELIN,59710,229
ENTRE DEUX,97414,229
EOLE EN BEAUCE,28150,229
EPARGNES,17120,229
EPEAUTROLLES,28120,229
EPENOUSE,25530,229
EPENOY,25800,229
EPERCIEUX ST PAUL,42110,229
EPERNON,28230,229
EPEUGNEY,25290,229
EPINAY SOUS SENART,91860,229
EPINAY SUR ORGE,91360,229
EPPE SAUVAGE,59132,229
ERCHIN,59169,229
ERDRE EN ANJOU,49220,229
ERINGHEM,59470,229
ERMENONVILLE LA GRANDE,28120,229
ERMENONVILLE LA PETITE,28120,229
ERQUINGHEM LE SEC,59320,229
ERQUINGHEM LYS,59193,229
ERRE,59171,229
ESCARMAIN,59213,229
ESCAUDAIN,59124,229
ESCAUDOEUVRES,59161,229
ESCAUTPONT,59278,229
ESCOBECQUES,59320,229
ESCORPAIN,28270,229
ESCOS,64270,229
ESCOT,64490,229
ESCOU,64870,229
ESCOUBES,64160,229
ESCOUT,64870,229
ESCURES,64350,229
ESLOURENTIES DABAN,64420,229
ESNANDES,17137,229
ESNANS,25110,229
ESNES,59127,229
ESPECHEDE,64160,229
ESPELETTE,64250,229
ESPES UNDUREIN,64130,229
ESPIUTE,64390,229
ESPOEY,64420,229
ESQUELBECQ,59470,229
ESQUERCHIN,59553,229
ESQUIULE,64400,229
ESSERTINES EN CHATELNEUF,42600,229
ESSERTINES EN DONZY,42360,229
ESSOUVERT,17400,229
ESTAIRES,59940,229
ESTERENCUBY,64220,229
ESTIALESCQ,64290,229
ESTOS,64400,229
ESTOURMEL,59400,229
ESTREUX,59990,229
ESTRUN,59295,229
ESWARS,59161,229
ETALANS,25580,229
ETAMPES,91150,229
ETAULES,17750,229
ETCHARRY,64120,229
ETCHEBAR,64470,229
ETERNOZ VALLEE DU LISON,25330,229
ETH,59144,229
ETIOLLES,91450,229
ETOUVANS,25260,229
ETRABONNE,25170,229
ETRAPPE,25250,229
ETRAY,25800,229
ETRICHE,49330,229
ETROEUNGT,59219,229
ETSAUT,64490,229
ETUPES,25460,229
EVILLERS,25520,229
EVRY COURCOURONNES,91000,229
EXINCOURT,25400,229
EXPIREMONT,17130,229
EYSSON,25530,229
EYSUS,64400,229
FACHES THUMESNIL,59155,229
FAIMBE,25250,229
FALLERANS,25580,229
FAMARS,59300,229
FARNAY,42320,229
FAUMONT,59310,229
FAVIERES,28170,229
FECHAIN,59247,229
FEIGNIES,59750,229
FELLERIES,59740,229
FENAIN,59179,229
FENEU,49460,229
FENIOUX,17350,229
FERIN,59169,229
FERON,59610,229
FERRIERE LA GRANDE,59680,229
FERRIERE LA PETITE,59680,229
FERRIERES,17170,229
FERRIERES LE LAC,25470,229
FERRIERES LES BOIS,25410,229
FERTANS,25330,229
FESCHES LE CHATEL,25490,229
FESSANVILLIERS MATTANVILLIERS,28270,229
FESSEVILLERS,25470,229
FEULE,25190,229
FEURS,42110,229
FICHOUS RIUMAYOU,64410,229
FIRMINY,42700,229
FLAGEY,25330,229
FLAGEY RIGNEY,25640,229
FLANGEBOUCHE,25390,229
FLAUMONT WAUDRECHIES,59440,229
FLEAC SUR SEUGNE,17800,229
FLERS EN ESCREBIEUX,59128,229
FLESQUIERES,59267,229
FLETRE,59270,229
FLEUREY,25190,229
FLEURY MEROGIS,91700,229
FLINES LES MORTAGNE,59158,229
FLINES LEZ RACHES,59148,229
FLOIRAC,17120,229
FLOURSIES,59440,229
FLOYON,59219,229
FONDS ST DENIS,97250,229
FONTAIN,25660,229
FONTAINE AU BOIS,59550,229
FONTAINE AU PIRE,59157,229
FONTAINE CHALENDRAY,17510,229
FONTAINE LA GUYON,28190,229
FONTAINE LA RIVIERE,91690,229
FONTAINE LES CLERVAL,25340,229
FONTAINE LES RIBOUTS,28170,229
FONTAINE SIMON,28240,229
FONTAINES D OZILLAC,17500,229
FONTENAY LE VICOMTE,91540,229
FONTENAY LES BRIIS,91640,229
FONTENAY SOUS BOIS,94120,229
FONTENAY SUR CONIE,28140,229
FONTENAY SUR EURE,28630,229
FONTENELLE MONTBY,25340,229
FONTENET,17400,229
FONTENOTTE,25110,229
FONTEVRAUD L ABBAYE,49590,229
FOREST EN CAMBRESIS,59222,229
FOREST SUR MARQUE,59510,229
FORGES,17290,229
FORGES LES BAINS,91470,229
FOURAS,17450,229
FOURBANNE,25110,229
FOURCATIER ET MAISON NEUVE,25370,229
FOURG,25440,229
FOURMIES,59610,229
FOURNEAUX,42470,229
FOURNES EN WEPPES,59134,229
FOURNET BLANCHEROCHE,25140,229
FOURNETS LUISANS,25390,229
FRAISSES,42490,229
FRAMBOUHANS,25140,229
FRANCOURVILLE,28700,229
FRANEY,25170,229
FRANOIS,25770,229
FRASNE,25560,229
FRASNOY,59530,229
FRAZE,28160,229
FRELINGHIEN,59236,229
FRESNAY L EVEQUE,28310,229
FRESNAY LE COMTE,28360,229
FRESNAY LE GILMERT,28300,229
FRESNES SUR ESCAUT,59970,229
FRESSAIN,59234,229
FRESSIES,59268,229
FRETIN,59273,229
FRIAIZE,28240,229
FROIDEVAUX,25190,229
FROMELLES,59249,229
FRUNCE,28190,229
FUANS,25390,229
GABASTON,64160,229
GABAT,64120,229
GALLARDON,28320,229
GAMARTHE,64220,229
GAN,64290,229
GARANCIERES EN BEAUCE,28700,229
GARANCIERES EN DROUAIS,28500,229
GARINDEIN,64130,229
GARLEDE MONDEBAT,64450,229
GARLIN,64330,229
GARNAY,28500,229
GAROS,64410,229
GARRIS,64120,229
GAS,28320,229
GASVILLE OISEME,28300,229
GAYON,64350,229
GEAY,17250,229
GELLAINVILLE,28630,229
GELLIN,25240,229
GELOS,64110,229
GEMONVAL,25250,229
GEMOZAC,17260,229
GENECH,59242,229
GENEUILLE,25870,229
GENEY,25250,229
GENILAC,42800,229
GENNES,25660,229
GENNES VAL DE LOIRE,49160,229
GENOUILLE,17430,229
GENTILLY,94250,229
GERDEREST,64160,229
GERE BELESTEN,64260,229
GERMAINVILLE,28500,229
GERMEFONTAINE,25510,229
GERMIGNAC,17520,229
GERMONDANS,25640,229
GERONCE,64400,229
GESTAS,64190,229
GEUS D ARZACQ,64370,229
GEUS D OLORON,64400,229
GEVRESIN,25270,229
GHISSIGNIES,59530,229
GHYVELDE,59122,229
GIBOURNE,17160,229
GIF SUR YVETTE,91190,229
GILLES,28260,229
GILLEY,25650,229
GIRONVILLE SUR ESSONNE,91720,229
GIVREZAC,17260,229
GLAGEON,59132,229
GLAMONDANS,25360,229
GLAY,25310,229
GLERE,25190,229
GODEWAERSVELDE,59270,229
GOES,64400,229
GOEULZIN,59169,229
GOGNIES CHAUSSEE,59600,229
GOHORY,28160,229
GOMER,64420,229
GOMETZ LA VILLE,91400,229
GOMETZ LE CHATEL,91940,229
GOMMEGNIES,59144,229
GOMMERVILLE,28310,229
GONDECOURT,59147,229
GONDENANS LES MOULINS,25680,229
GONDENANS MONTBY,25340,229
GONNELIEU,59231,229
GONSANS,25360,229
GOTEIN LIBARRENX,64130,229
GOUHELANS,25680,229
GOUILLONS,28310,229
GOUMOIS,25470,229
GOURBEYRE,97113,229
GOURVILLETTE,17490,229
GOUSSAINVILLE,28410,229
GOUX LES DAMBELIN,25150,229
GOUX SOUS LANDET,25440,229
GOUZEAUCOURT,59231,229
GOYAVE,97128,229
GRAIX,42220,229
GRAMMOND,42140,229
GRAND BOURG,97112,229
GRAND CHARMONT,25200,229
GRAND COMBE CHATELEU,25570,229
GRAND COMBE DES BOIS,25210,229
GRAND FAYT,59244,229
GRAND FORT PHILIPPE,59153,229
GRAND RIVIERE,97218,229
GRANDE SYNTHE,59760,229
GRANDFONTAINE,25320,229
GRANDFONTAINE SUR CREUSE,25510,229
GRANDJEAN,17350,229
GRANGES NARBOZ,25300,229
GRAVELINES,59820,229
GREZ NEUVILLE,49220,229
GREZAC,17120,229
GREZIEUX LE FROMENTAL,42600,229
GREZOLLES,42260,229
GROS MORNE,97213,229
GROSBOIS,25110,229
GRUSON,59152,229
GUAINVILLE,28260,229
GUESNAIN,59287,229
GUETHARY,64210,229
GUIBEVILLE,91630,229
GUICHE,64520,229
GUIGNEVILLE SUR ESSONNE,91590,229
GUILLERVAL,91690,229
GUILLEVILLE,28310,229
GUILLON LES BAINS,25110,229
GUILLONVILLE,28140,229
GUINARTHE PARENTIES,64390,229
GUITINIERES,17500,229
GUMIERES,42560,229
GURMENCON,64400,229
GURS,64190,229
GUSSIGNIES,59570,229
GUYANS DURNES,25580,229
GUYANS VENNES,25390,229
HAGETAUBIN,64370,229
HAIMPS,17160,229
HALLENNES LEZ HAUBOURDIN,59320,229
HALLUIN,59250,229
HALSOU,64480,229
HAMEL,59151,229
HANCHES,28130,229
HANTAY,59496,229
HAPPONVILLIERS,28480,229
HARDIFORT,59670,229
HASNON,59178,229
HASPARREN,64240,229
HASPRES,59198,229
HAUBOURDIN,59320,229
HAUCOURT EN CAMBRESIS,59191,229
HAULCHIN,59121,229
HAUSSY,59294,229
HAUT DE BOSDARROS,64800,229
HAUT LIEU,59440,229
HAUTMONT,59330,229
HAVELU,28410,229
HAVELUY,59255,229
HAVERSKERQUE,59660,229
HAYNECOURT,59268,229
HAZEBROUCK,59190,229
HECQ,59530,229
HELESMES,59171,229
HELETTE,64640,229
HEM,59510,229
HEM LENGLET,59247,229
HENDAYE,64700,229
HERGNIES,59199,229
HERIMONCOURT,25310,229
HERIN,59195,229
HERLIES,59134,229
HERRERE,64680,229
HERRIN,59147,229
HERZEELE,59470,229
HESTRUD,59740,229
HIGUERES SOUYE,64160,229
HOLQUE,59143,229
HON HERGIES,59570,229
HONDEGHEM,59190,229
HONDSCHOOTE,59122,229
HONNECHY,59980,229
HONNECOURT SUR ESCAUT,59266,229
HORDAIN,59111,229
HORNAING,59171,229
HOSTA,64120,229
HOUDAIN LEZ BAVAY,59570,229
HOUPLIN ANCOISNE,59263,229
HOUPLINES,59116,229
HOURS,64420,229
HOUTAUD,25300,229
HOUTKERQUE,59470,229
HOUVILLE LA BRANCHE,28700,229
HOUX,28130,229
HOYMILLE,59492,229
HUANNE MONTMARTIN,25680,229
HUILLE LEZIGNE,49430,229
HYEMONDANS,25250,229
HYEVRE MAGNY,25110,229
HYEVRE PAROISSE,25110,229
IBARROLLE,64120,229
IDAUX MENDY,64130,229
IDRON,64320,229
IGON,64800,229
IHOLDY,64640,229
ILE D AIX,17123,229
ILHARRE,64120,229
ILLIERS COMBRAY,28120,229
ILLIES,59480,229
INCHY,59540,229
INDEVILLERS,25470,229
INGRANDES LE FRESNE SUR LOIRE,49123,229
INTREVILLE,28310,229
IRISSARRY,64780,229
IROULEGUY,64220,229
ISPOURE,64220,229
ISSANS,25550,229
ISSOR,64570,229
ISTURITS,64240,229
ITTEVILLE,91760,229
ITXASSOU,64250,229
IVRY SUR SEINE,94200,229
IWUY,59141,229
IZESTE,64260,229
JALLANS,28200,229
JALLERANGE,25170,229
JANVILLE EN BEAUCE,28310,229
JANVILLE SUR JUINE,91510,229
JARNAC CHAMPAGNE,17520,229
JARNOSSE,42460,229
JARZE VILLAGES,49140,229
JAS,42110,229
JASSES,64190,229
JATXOU,64480,229
JAUDRAIS,28250,229
JAXU,64220,229
JAZENNES,17260,229
JENLAIN,59144,229
JEUMONT,59460,229
JOINVILLE LE PONT,94340,229
JOLIMETZ,59530,229
JONZAC,17500,229
JONZIEUX,42660,229
JOUGNE,25370,229
JOUY,28300,229
JUICQ,17770,229
JURANCON,64110,229
JURE,42430,229
JUSSAS,17130,229
JUVARDEIL,49330,229
JUVISY SUR ORGE,91260,229
JUXUE,64120,229
KILLEM,59122,229
L AJOUPA BOUILLON,97216,229
L ECOUVOTTE,25640,229
L EGUILLE,17600,229
L ETANG SALE,97427,229
L ETRAT,42580,229
L HAY LES ROSES,94240,229
L HOPITAL D ORION,64270,229
L HOPITAL DU GROSBOIS,25620,229
L HOPITAL LE GRAND,42210,229
L HOPITAL ST BLAISE,64130,229
L HOPITAL ST LIEFFROY,25340,229
L HORME,42152,229
L HOUMEAU,17137,229
L ISLE SUR LE DOUBS,25250,229
L OREE DE MORMAL,59144,229
LA BARDE,17360,229
LA BASSEE,59480,229
LA BASTIDE CLAIRENCE,64240,229
LA BAZOCHE GOUET,28330,229
LA BENISSON DIEU,42720,229
LA BOSSE,25210,229
LA BOURDINIERE ST LOUP,28360,229
LA BREE LES BAINS,17840,229
LA BREILLE LES PINS,49390,229
LA BRETENIERE,25640,229
LA BROUSSE,17160,229
LA CHAMBA,42440,229
LA CHAMBONIE,42440,229
LA CHAPELLE D ARMENTIERES,59930,229
LA CHAPELLE D AUNAINVILLE,28700,229
LA CHAPELLE DES POTS,17100,229
LA CHAPELLE DU NOYER,28200,229
LA CHAPELLE EN LAFAYE,42380,229
LA CHAPELLE FORAINVILLIERS,28500,229
LA CHAPELLE FORTIN,28340,229
LA CHAPELLE ST LAUD,49140,229
LA CHAPELLE VILLARS,42410,229
LA CHAUSSEE D IVRY,28260,229
LA CHAUX,25650,229
LA CHENALOTTE,25500,229
LA CHEVILLOTTE,25620,229
LA CLISSE,17600,229
LA CLOTTE,17360,229
LA CLUSE ET MIJOUX,25300,229
LA COTE ST DIDIER,42111,229
LA COUARDE SUR MER,17670,229
LA CROIX COMTESSE,17330,229
LA CROIX DU PERCHE,28480,229
LA DESIRADE,97127,229
LA DEVISE,17380,229
LA FERTE ALAIS,91590,229
LA FERTE VIDAME,28340,229
LA FLOTTE,17630,229
LA FORET LE ROI,91410,229
LA FORET STE CROIX,91150,229
LA FOUILLOUSE,42480,229
LA FRAMBOISIERE,28250,229
LA GAUDAINE,28400,229
LA GENETOUZE,17360,229
LA GIMOND,42140,229
LA GORGUE,59253,229
LA GRAND CROIX,42320,229
LA GRANGE,25380,229
LA GRESLE,42460,229
LA GREVE SUR MIGNON,17170,229
LA GRIPPERIE ST SYMPHORIEN,17620,229
LA GROISE,59360,229
LA JAILLE YVON,49220,229
LA JARD,17460,229
LA JARNE,17220,229
LA JARRIE,17220,229
LA JARRIE AUDOUIN,17330,229
LA LAIGNE,17170,229
LA LANDE CHASLES,49150,229
LA LONGUEVILLE,59570,229
LA LOUPE,28240,229
LA MADELEINE,59110,229
LA MANCELIERE,28270,229
LA MENITRE,49250,229
LA NEUVILLE,59239,229
LA NORVILLE,91290,229
LA PACAUDIERE,42310,229
LA PELLERINE,49490,229
LA PLAINE,49360,229
LA PLAINE DES PALMISTES,97431,229
LA PLANEE,25160,229
LA POSSESSION,97419,229
LA POSSONNIERE,49170,229
LA PRETIERE,25250,229
LA PUISAYE,28250,229
LA QUEUE EN BRIE,94510,229
LA RICAMARIE,42150,229
LA RIVIERE DRUGEON,25560,229
LA RONDE,17170,229
LA SAUCELLE,28250,229
LA SEGUINIERE,49280,229
LA SENTINELLE,59174,229
LA SOMMETTE,25510,229
LA TALAUDIERE,42350,229
LA TERRASSE SUR DORLAY,42740,229
LA TESSOUALLE,49280,229
LA TOUR DE SCAY,25640,229
LA TOUR EN JAREZ,42580,229
LA TOURETTE,42380,229
LA TREMBLADE,17390,229
LA TUILIERE,42830,229
LA VALLA EN GIER,42131,229
LA VALLA SUR ROCHEFORT,42111,229
LA VALLEE,17250,229
LA VERGNE,17400,229
LA VERSANNE,42220,229
LA VEZE,25660,229
LA VILLE DU BOIS,91620,229
LA VILLEDIEU,17470,229
LAA MONDRANS,64300,229
LABASTIDE CEZERACQ,64170,229
LABASTIDE MONREJEAU,64170,229
LABASTIDE VILLEFRANCHE,64270,229
LABATMALE,64530,229
LABATUT FIGUIERES,64460,229
LABERGEMENT STE MARIE,25160,229
LABETS BISCAY,64120,229
LABEYRIE,64300,229
LACADEE,64300,229
LACARRE,64220,229
LACARRY ARHAN CHARRITTE DE HAUT,64470,229
LACOMMANDE,64360,229
LACQ,64170,229
LAGOR,64150,229
LAGORD,17140,229
LAGOS,64800,229
LAGUINGE RESTOUE,64470,229
LAHONCE,64990,229
LAHONTAN,64270,229
LAHOURCADE,64150,229
LAIRE,25550,229
LAISSEY,25820,229
LALLAING,59167,229
LALONGUE,64350,229
LALONQUETTE,64450,229
LAMAYOU,64460,229
LAMBLORE,28340,229
LAMBRES LEZ DOUAI,59552,229
LAMENTIN,97129,229
LANANS,25360,229
LANDAS,59310,229
LANDELLES,28190,229
LANDES,17380,229
LANDRAIS,17290,229
LANDRECIES,59550,229
LANDRESSE,25530,229
LANNE EN BARETOUS,64570,229
LANNECAUBE,64350,229
LANNEPLAA,64300,229
LANNOY,59390,229
LANTABAT,64640,229
LANTENNE VERTIERE,25170,229
LANTHENANS,25250,229
LAONS,28270,229
LARCEVEAU ARROS CIBITS,64120,229
LARDY,91510,229
LARNOD,25720,229
LAROIN,64110,229
LAROUILLIES,59219,229
LARRAU,64560,229
LARRESSORE,64480,229
LARREULE,64410,229
LARRIBAR SORHAPURU,64120,229
LARUNS,64440,229
LASCLAVERIES,64450,229
LASSE,64220,229
LASSEUBE,64290,229
LASSEUBETAT,64290,229
LAUWIN PLANQUE,59553,229
LAVAL LE PRIEURE,25210,229
LAVANS QUINGEY,25440,229
LAVANS VUILLAFANS,25580,229
LAVERNAY,25170,229
LAVIEU,42560,229
LAVIRON,25510,229
LAY,42470,229
LAY LAMIDOU,64190,229
LE BARBOUX,25210,229
LE BELIEU,25500,229
LE BESSAT,42660,229
LE BIZOT,25210,229
LE BOIS PLAGE EN RE,17580,229
LE BOULLAY LES DEUX EGLISES,28170,229
LE BOULLAY MIVOYE,28210,229
LE BOULLAY THIERRY,28210,229
LE CARBET,97221,229
LE CATEAU CAMBRESIS,59360,229
LE CERGNE,42460,229
LE CHAMBON FEUGEROLLES,42500,229
LE CHATEAU D OLERON,17480,229
LE CHAY,17600,229
LE COTEAU,42120,229
LE COUDRAY,28630,229
LE COUDRAY MACOUARD,49260,229
LE COUDRAY MONTCEAUX,91830,229
LE CROUZET,25240,229
LE CROZET,42310,229
LE DIAMANT,97223,229
LE DOUHET,17100,229
LE DOULIEU,59940,229
LE FOUILLOUX,17270,229
LE FRANCOIS,97240,229
LE GAULT ST DENIS,28800,229
LE GICQ,17160,229
LE GOSIER,97190,229
LE GRAND VILLAGE PLAGE,17370,229
LE GUA,17600,229
LE GUE D ALLERE,17540,229
LE GUE DE LONGROI,28700,229
LE KREMLIN BICETRE,94270,229
LE LAMENTIN,97232,229
LE LION D ANGERS,49220,229
LE LORRAIN,97214,229
LE LUHIER,25210,229
LE MAISNIL,59134,229
LE MARIGOT,97225,229
LE MARIN,97290,229
LE MAY SUR EVRE,49122,229
LE MEMONT,25210,229
LE MEREVILLOIS,91660,229
LE MESNIL THOMAS,28250,229
LE MORNE ROUGE,97260,229
LE MORNE VERT,97226,229
LE MOULE,97160,229
LE MOUTHEROT,25170,229
LE MUNG,17350,229
LE PERREUX SUR MARNE,94170,229
LE PLESSIS GRAMMOIRE,49124,229
LE PLESSIS PATE,91220,229
LE PLESSIS TREVISE,94420,229
LE PRECHEUR,97250,229
LE PUY,25640,229
LE PUY NOTRE DAME,49260,229
LE QUESNOY,59530,229
LE ROBERT,97231,229
LE RUSSEY,25210,229
LE SEURE,17770,229
LE TAMPON,97418,229
LE THIEULIN,28240,229
LE THOU,17290,229
LE VAL,25440,229
LE VAL ST GERMAIN,91530,229
LE VAUCLIN,97280,229
LE VERNOY,25750,229
LECELLES,59226,229
LECLUSE,59259,229
LECUMBERRY,64220,229
LEDERZEELE,59143,229
LEDEUIX,64400,229
LEDRINGHEM,59470,229
LEE,64320,229
LEERS,59115,229
LEES ATHAS,64490,229
LEFFRINCKOUCKE,59495,229
LEIGNEUX,42130,229
LEMBEYE,64350,229
LENTIGNY,42155,229
LEOVILLE,17500,229
LEREN,64270,229
LERIGNEUX,42600,229
LES ABYMES,97139,229
LES ALLIES,25300,229
LES ANSES D ARLET,97217,229
LES AUTELS VILLEVILLON,28330,229
LES AUXONS,25870,229
LES AVIRONS,97425,229
LES BOIS D ANJOU,49250,229
LES BRESEUX,25120,229
LES CERQUEUX,49360,229
LES CHATELETS,28270,229
LES CHATELLIERS NOTRE DAME,28120,229
LES COMBES,25500,229
LES CORVEES LES YYS,28240,229
LES ECORCES,25140,229
LES EDUTS,17510,229
LES EGLISES D ARGENTEUIL,17400,229
LES ETILLEUX,28330,229
LES FINS,25500,229
LES FONTENELLES,25210,229
LES FOURGS,25300,229
LES GARENNES SUR LOIRE,49320,229
LES GONDS,17100,229
LES GRANGES LE ROI,91410,229
LES GRANGETTES,25160,229
LES GRAS,25790,229
LES HAUTS D ANJOU,49330,229
LES HOPITAUX NEUFS,25370,229
LES HOPITAUX VIEUX,25370,229
LES MATHES,17570,229
LES MOLIERES,91470,229
LES MONTS RONDS,25620,229
LES NOES,42370,229
LES NOUILLERS,17380,229
LES PINTHIERES,28210,229
LES PLAINS ET GRANDS ESSARTS,25470,229
LES PONTETS,25240,229
LES PONTS DE CE,49130,229
LES PORTES EN RE,17880,229
LES PREMIERS SAPINS,25580,229
LES RAIRIES,49430,229
LES RESSUINTES,28340,229
LES RUES DES VIGNES,59258,229
LES SALLES,42440,229
LES TERRES DE CHAUX,25190,229
LES TOUCHES DE PERIGNY,17160,229
LES TROIS BASSINS,97426,229
LES TROIS ILETS,97229,229
LES ULIS,91940,229
LES ULMES,49700,229
LES VILLAGES VOVEENS,28150,229
LES VILLEDIEU,25240,229
LESCAR,64230,229
LESCUN,64490,229
LESDAIN,59258,229
LESPIELLE,64350,229
LESPOURCY,64160,229
LESQUIN,59810,229
LESTELLE BETHARRAM,64800,229
LETHUIN,28700,229
LEUDEVILLE,91630,229
LEUVILLE SUR ORGE,91310,229
LEVAINVILLE,28700,229
LEVAL,59620,229
LEVES,28300,229
LEVESVILLE LA CHENARD,28310,229
LEVIER,25270,229
LEWARDE,59287,229
LEZ FONTAINE,59740,229
LEZENNES,59260,229
LEZIGNEUX,42600,229
LICHANS SUNHAR,64470,229
LICHOS,64130,229
LICQ ATHEREY,64560,229
LIEBVILLERS,25190,229
LIESLE,25440,229
LIESSIES,59740,229
LIEU ST AMAND,59111,229
LIGNY EN CAMBRESIS,59191,229
LIMEIL BREVANNES,94450,229
LIMENDOUS,64420,229
LIMONT FONTAINE,59330,229
LIMOURS,91470,229
LINAS,91310,229
LINSELLES,59126,229
LISSES,91090,229
LIVRON,64530,229
LIZINE,25330,229
LOCQUIGNOL,59530,229
LODS,25930,229
LOFFRE,59182,229
LOGRON,28200,229
LOHITZUN OYHERCQ,64120,229
LOIGNY LA BATAILLE,28140,229
LOIRE,49440,229
LOIRE AUTHION,49140,229
LOIRE LES MARAIS,17870,229
LOIRE SUR NIE,17470,229
LOIX,17111,229
LOMBARD,25440,229
LOMBIA,64160,229
LOMONT SUR CRETE,25110,229
LOMPRET,59840,229
LONCON,64410,229
LONGECHAUX,25690,229
LONGEMAISON,25690,229
LONGEVELLE LES RUSSEY,25380,229
LONGEVELLE SUR DOUBS,25260,229
LONGEVES,17230,229
LONGEVILLE,25330,229
LONGEVILLES MONT D OR,25370,229
LONGJUMEAU,91160,229
LONGPONT SUR ORGE,91310,229
LONGUE JUMELLES,49160,229
LONGUENEE EN ANJOU,49220,229
LONS,64140,229
LONZAC,17520,229
LOOBERGHE,59630,229
LOON PLAGE,59279,229
LOOS,59120,229
LORAY,25390,229
LORETTE,42420,229
LORIGNAC,17240,229
LORMAYE,28210,229
LOUBIENG,64300,229
LOUGRES,25260,229
LOUHOSSOA,64250,229
LOULAY,17330,229
LOURCHES,59156,229
LOURDIOS ICHERE,64570,229
LOURENTIES,64420,229
LOURESSE ROCHEMENIER,49700,229
LOUVIE JUZON,64260,229
LOUVIE SOUBIRON,64440,229
LOUVIGNIES QUESNOY,59530,229
LOUVIL,59830,229
LOUVILLE LA CHENARD,28150,229
LOUVILLIERS EN DROUAIS,28500,229
LOUVILLIERS LES PERCHE,28250,229
LOUVROIL,59720,229
LOUZIGNAC,17160,229
LOZAY,17330,229
LUC ARMAU,64350,229
LUCARRE,64350,229
LUCE,28110,229
LUCGARIER,64420,229
LUCHAT,17600,229
LUCQ DE BEARN,64360,229
LUIGNY,28480,229
LUISANT,28600,229
LUMEAU,28140,229
LUPE,42520,229
LUPLANTE,28360,229
LURAY,28500,229
LURBE ST CHRISTAU,64660,229
LURE,42260,229
LURIECQ,42380,229
LUSSAGNET LUSSON,64160,229
LUSSANT,17430,229
LUXE SUMBERRAUTE,64120,229
LUXIOL,25110,229
LYNDE,59173,229
LYS HAUT LAYON,49310,229
LYS LEZ LANNOY,59390,229
MABLY,42300,229
MACAYE,64240,229
MACHEZAL,42114,229
MACLAS,42520,229
MACOUBA,97218,229
MACQUEVILLE,17490,229
MAGNEUX HAUTE RIVE,42600,229
MAGNY,28120,229
MAGNY CHATELARD,25360,229
MAICHE,25120,229
MAILLEBOIS,28170,229
MAING,59233,229
MAINTENON,28130,229
MAINVILLIERS,28300,229
MAIRIEUX,59600,229
MAISONS ALFORT,94700,229
MAISONS DU BOIS LIEVREMONT,25650,229
MAISSE,91720,229
MAIZILLY,42750,229
MALANS,25330,229
MALAUSSANNE,64410,229
MALBRANS,25620,229
MALBUISSON,25160,229
MALINCOURT,59127,229
MALLEVAL,42520,229
MALPAS,25160,229
MAMIROLLE,25620,229
MANCENANS,25250,229
MANCENANS LIZERNE,25120,229
MANDEURE,25350,229
MANDRES LES ROSES,94520,229
MANOU,28240,229
MARANS,17230,229
MARBAIX,59440,229
MARBOUE,28200,229
MARCE,49140,229
MARCENOD,42140,229
MARCHAUX CHAUDEFONTAINE,25640,229
MARCHEVILLE,28120,229
MARCHEZAIS,28410,229
MARCHIENNES,59870,229
MARCILLY LE CHATEL,42130,229
MARCLOPT,42210,229
MARCOING,59159,229
MARCOUSSIS,91460,229
MARCQ EN BAROEUL,59700,229
MARCQ EN OSTREVENT,59252,229
MARENNES HIERS BROUAGE,17320,229
MARESCHES,59990,229
MARETZ,59238,229
MARGERIE CHANTAGRET,42560,229
MARIGNAC,17800,229
MARINGES,42140,229
MARLHES,42660,229
MAROILLES,59550,229
MAROLLES EN BEAUCE,91150,229
MAROLLES EN HUREPOIX,91630,229
MAROLLES LES BUIS,28400,229
MAROLS,42560,229
MARPENT,59164,229
MARQUETTE EN OSTREVANT,59252,229
MARQUETTE LEZ LILLE,59520,229
MARQUILLIES,59274,229
MARSAIS,17700,229
MARSILLY,17137,229
MARVELISE,25250,229
MARVILLE MOUTIERS BRULE,28500,229
MASCARAAS HARON,64330,229
MASLACQ,64300,229
MASNIERES,59241,229
MASNY,59176,229
MASPARRAUTE,64120,229
MASPIE LALONQUERE JUILLACQ,64350,229
MASTAING,59172,229
MATHA,17160,229
MATHAY,25700,229
MAUBEUGE,59600,229
MAUCHAMPS,91730,229
MAUCOR,64160,229
MAUGES SUR LOIRE,49110,229
MAULDE,59158,229
MAULEON LICHARRE,64130,229
MAULEVRIER,49360,229
MAURE,64460,229
MAUROIS,59980,229
MAZE MILON,49140,229
MAZERAY,17400,229
MAZERES LEZONS,64110,229
MAZEROLLES LE SALIN,25170,229
MAZIERES EN MAUGES,49280,229
MAZINGHIEN,59360,229
MEAUCE,28240,229
MECQUIGNIES,59570,229
MEDIERE,25250,229
MEDIS,17600,229
MEHARIN,64120,229
MEILLON,64510,229
MENDIONDE,64240,229
MENDITTE,64130,229
MENDIVE,64220,229
MENNECY,91540,229
MERACQ,64410,229
MERCEY LE GRAND,25410,229
MERCKEGHEM,59470,229
MEREGLISE,28120,229
MEREY VIEILLEY,25870,229
MERIGNIES,59710,229
MERITEIN,64190,229
MERLE LEIGNEC,42380,229
MEROBERT,91780,229
MEROUVILLE,28310,229
MERRIS,59270,229
MESANDANS,25680,229
MESCHERS SUR GIRONDE,17132,229
MESLAY LE GRENET,28120,229
MESLAY LE VIDAME,28360,229
MESLIERES,25310,229
MESMAY,25440,229
MESPLEDE,64370,229
MESPUITS,91150,229
MESSAC,17130,229
METABIEF,25370,229
METEREN,59270,229
MEURSAC,17120,229
MEUX,17500,229
MEVOISINS,28130,229
MEZIERES EN DROUAIS,28500,229
MIALOS,64410,229
MIERMAIGNE,28480,229
MIGNIERES,28630,229
MIGRE,17330,229
MIGRON,17770,229
MILLAM,59143,229
MILLONFOSSE,59178,229
MILLY LA FORET,91490,229
MIOSSENS LANUSSE,64450,229
MIRAMBEAU,17150,229
MIRE,49330,229
MIREPEIX,64800,229
MISEREY SALINES,25480,229
MITTAINVILLIERS VERIGNY,28190,229
MIZERIEUX,42110,229
MOEUVRES,59400,229
MOEZE,17780,229
MOIGNY SUR ECOLE,91490,229
MOINVILLE LA JEULIN,28700,229
MOLEANS,28200,229
MOMAS,64230,229
MOMY,64350,229
MONASSUT AUDIRACQ,64160,229
MONCAYOLLE LARRORY MENDIBIEU,64130,229
MONCEAU ST WAAST,59620,229
MONCEY,25870,229
MONCHAUX SUR ECAILLON,59224,229
MONCHEAUX,59283,229
MONCHECOURT,59234,229
MONCLA,64330,229
MONCLEY,25170,229
MONDON,25680,229
MONDONVILLE ST JEAN,28700,229
MONEIN,64360,229
MONNERVILLE,91930,229
MONPEZAT,64350,229
MONS EN BAROEUL,59370,229
MONS EN PEVELE,59246,229
MONT,64300,229
MONT DE LAVAL,25210,229
MONT DE VOUGNEY,25120,229
MONT DISSE,64330,229
MONTAGNEY SERVIGNEY,25680,229
MONTAGNY,42840,229
MONTAGUT,64410,229
MONTANCY,25190,229
MONTANDON,25190,229
MONTANER,64460,229
MONTARCHER,42380,229
MONTARDON,64121,229
MONTAY,59360,229
MONTBELIARD,25200,229
MONTBELIARDOT,25210,229
MONTBOISSIER,28800,229
MONTBRISON,42600,229
MONTCHAL,42360,229
MONTECHEROUX,25190,229
MONTENDRE,17130,229
MONTENOIS,25260,229
MONTFERRAND LE CHATEAU,25320,229
MONTGERON,91230,229
MONTGESOYE,25111,229
MONTGUYON,17270,229
MONTHARVILLE,28800,229
MONTIGNE LES RAIRIES,49430,229
MONTIGNY EN CAMBRESIS,59225,229
MONTIGNY EN OSTREVENT,59182,229
MONTIGNY LE CHARTIF,28120,229
MONTIGNY SUR AVRE,28270,229
MONTILLIERS,49310,229
MONTILS,17800,229
MONTIREAU,28240,229
MONTIVERNAGE,25110,229
MONTJOIE LE CHATEAU,25190,229
MONTLANDON,28240,229
MONTLEBON,25500,229
MONTLHERY,91310,229
MONTLIEU LA GARDE,17210,229
MONTMAHOUX,25270,229
MONTORY,64470,229
MONTPELLIER DE MEDILLAN,17260,229
MONTPERREUX,25160,229
MONTRECOURT,59227,229
MONTREUIL,28500,229
MONTREUIL BELLAY,49260,229
MONTREUIL JUIGNE,49460,229
MONTREUIL SUR LOIR,49140,229
MONTREUIL SUR MAINE,49220,229
MONTREVAULT SUR EVRE,49110,229
MONTROND LE CHATEAU,25660,229
MONTROND LES BAINS,42210,229
MONTROY,17220,229
MONTSOREAU,49730,229
MONTUSSAINT,25680,229
MONTVERDUN,42130,229
MORAGNE,17430,229
MORAINVILLE,28700,229
MORANCEZ,28630,229
MORANNES SUR SARTHE DAUMERAY,49640,229
MORBECQUE,59190,229
MORIERS,28800,229
MORIGNY CHAMPIGNY,91150,229
MORLAAS,64160,229
MORLANNE,64370,229
MORNAC SUR SEUDRE,17113,229
MORNAND EN FOREZ,42600,229
MORNE A L EAU,97111,229
MORRE,25660,229
MORSANG SUR ORGE,91390,229
MORSANG SUR SEINE,91250,229
MORTAGNE DU NORD,59158,229
MORTAGNE SUR GIRONDE,17120,229
MORTEAU,25500,229
MOSNAC,17240,229
MOTTEREAU,28160,229
MOUCHIN,59310,229
MOUGUERRE,64990,229
MOUHOUS,64330,229
MOULHARD,28160,229
MOULIHERNE,49390,229
MOUMOUR,64400,229
MOURENX,64150,229
MOUSTIER EN FAGNE,59132,229
MOUTHE,25240,229
MOUTHIER HAUTE PIERRE,25920,229
MOUTIERS EN BEAUCE,28150,229
MOUVAUX,59420,229
MOZE SUR LOUET,49610,229
MURON,17430,229
MURS ERIGNE,49610,229
MUSCULDY,64130,229
MYON,25440,229
NABAS,64190,229
NACHAMPS,17380,229
NAINVILLE LES ROCHES,91750,229
NAISEY LES GRANGES,25360,229
NANCRAS,17600,229
NANCRAY,25360,229
NANDAX,42720,229
NANS,25680,229
NANS SOUS STE ANNE,25330,229
NANTILLE,17770,229
NARBIEF,25210,229
NARCASTET,64510,229
NARP,64190,229
NAVAILLES ANGOS,64450,229
NAVARRENX,64190,229
NEAUX,42470,229
NERE,17510,229
NERON,28210,229
NERONDE,42510,229
NERVIEUX,42510,229
NEUCHATEL URTIERE,25150,229
NEUF BERQUIN,59940,229
NEUF MESNIL,59330,229
NEUILLAC,17520,229
NEUILLE,49680,229
NEULISE,42590,229
NEULLES,17500,229
NEUVICQ,17270,229
NEUVICQ LE CHATEAU,17490,229
NEUVILLE EN AVESNOIS,59218,229
NEUVILLE EN FERRAIN,59960,229
NEUVILLE ST DENIS,28310,229
NEUVILLE ST REMY,59554,229
NEUVILLE SUR ESCAUT,59293,229
NEUVILLY,59360,229
NEUVY EN DUNOIS,28800,229
NIEPPE,59850,229
NIERGNIES,59400,229
NIEUL LE VIROUIL,17150,229
NIEUL LES SAINTES,17810,229
NIEUL SUR MER,17137,229
NIEULLE SUR SEUDRE,17600,229
NIEURLET,59143,229
NIVELLE,59230,229
NOAILLY,42640,229
NOEL CERNEUX,25500,229
NOGENT LE PHAYE,28630,229
NOGENT LE ROI,28210,229
NOGENT LE ROTROU,28400,229
NOGENT SUR EURE,28120,229
NOGENT SUR MARNE,94130,229
NOGUERES,64150,229
NOIREFONTAINE,25190,229
NOIRETABLE,42440,229
NOIRONTE,25170,229
NOISEAU,94880,229
NOLLIEUX,42260,229
NOMAIN,59310,229
NOMMAY,25600,229
NONVILLIERS GRANDHOUX,28120,229
NOORDPEENE,59670,229
NOTRE DAME DE BOISSET,42120,229
NOTTONVILLE,28140,229
NOUSTY,64420,229
NOVILLARS,25220,229
NOYANT VILLAGES,49390,229
NOYELLES LES SECLIN,59139,229
NOYELLES SUR ESCAUT,59159,229
NOYELLES SUR SAMBRE,59550,229
NOYELLES SUR SELLE,59282,229
NUAILLE,49340,229
NUAILLE D AUNIS,17540,229
OBIES,59570,229
OBRECHIES,59680,229
OCHTEZEELE,59670,229
ODOMEZ,59970,229
OGENNE CAMPTORT,64190,229
OGEU LES BAINS,64680,229
OHAIN,59132,229
OINVILLE SOUS AUNEAU,28700,229
OINVILLE ST LIPHARD,28310,229
OLLANS,25640,229
OLLE,28120,229
OLORON STE MARIE,64400,229
OMBREE D ANJOU,49420,229
ONANS,25250,229
ONCY SUR ECOLE,91490,229
ONNAING,59264,229
OOST CAPPEL,59122,229
ORAAS,64390,229
ORCHAMPS VENNES,25390,229
ORCHIES,59310,229
ORDIARP,64130,229
OREE D ANJOU,49270,229
OREGUE,64120,229
ORGEANS BLANCHEFONTAINE,25120,229
ORGERES EN BEAUCE,28140,229
ORIGNOLLES,17210,229
ORIN,64400,229
ORION,64390,229
ORLY,94310,229
ORMESSON SUR MARNE,94490,229
ORMOY,28210,229
ORMOY LA RIVIERE,91150,229
ORNANS,25290,229
ORRIULE,64390,229
ORROUER,28190,229
ORS,59360,229
ORSANCO,64120,229
ORSAY,91400,229
ORSINVAL,59530,229
ORTHEZ,64300,229
ORVE,25430,229
ORVEAU,91590,229
OS MARSILLON,64150,229
OSSAS SUHARE,64470,229
OSSE,25360,229
OSSE EN ASPE,64490,229
OSSELLE ROUTELLE,25320,229
OSSENX,64190,229
OSSERAIN RIVAREYTE,64390,229
OSSES,64780,229
OSTABAT ASME,64120,229
OSTRICOURT,59162,229
OUARVILLE,28150,229
OUCHES,42155,229
OUDEZEELE,59670,229
OUERRE,28500,229
OUGNEY DOUVOT,25640,229
OUHANS,25520,229
OUILLON,64160,229
OULINS,28260,229
OUSSE,64320,229
OUVANS,25530,229
OXELAERE,59670,229
OYE ET PALLET,25160,229
OYSONVILLE,28700,229
OZENX MONTESTRUCQ,64300,229
OZILLAC,17500,229
PAGOLLE,64120,229
PAILLE,17470,229
PAILLENCOURT,59295,229
PALAISEAU,91120,229
PALANTINE,25440,229
PALISE,25870,229
PALOGNEUX,42990,229
PANISSIERES,42360,229
PARAY VIEILLE POSTE,91550,229
PARBAYSE,64360,229
PARDIES,64150,229
PARDIES PIETAT,64800,229
PARIGNY,42120,229
PAROY,25440,229
PASSAVANT,25360,229
PASSAVANT SUR LAYON,49560,229
PASSONFONTAINE,25690,229
PAVEZIN,42410,229
PAYS DE CLERVAL,25340,229
PAYS DE MONTBENOIT,25650,229
PECQUENCOURT,59146,229
PECQUEUSE,91470,229
PELOUSEY,25170,229
PELUSSIN,42410,229
PERENCHIES,59840,229
PERIGNEUX,42380,229
PERONNE EN MELANTOIS,59273,229
PERONVILLE,28140,229
PERREUX,42120,229
PESEUX,25190,229
PESSANS,25440,229
PESSINES,17810,229
PETIT BOURG,97170,229
PETIT CANAL,97131,229
PETIT FAYT,59244,229
PETITE CHAUX,25240,229
PETITE FORET,59494,229
PETITE ILE,97429,229
PEYRELONGUE ABOS,64350,229
PHALEMPIN,59133,229
PIERREFONTAINE LES BLAMONT,25310,229
PIERREFONTAINE LES VARANS,25510,229
PIERRES,28130,229
PIETS PLASENCE MOUSTROU,64410,229
PINAY,42590,229
PIREY,25480,229
PISANY,17600,229
PITGAM,59284,229
PLACEY,25170,229
PLAIMBOIS DU MIROIR,25210,229
PLAIMBOIS VENNES,25390,229
PLANFOY,42660,229
PLASSAC,17240,229
PLASSAY,17250,229
PLESSIS ST BENOIST,91410,229
POEY D OLORON,64400,229
POEY DE LESCAR,64230,229
POINTE NOIRE,97116,229
POINVILLE,28310,229
POISVILLIERS,28300,229
POIX DU NORD,59218,229
POLIGNAC,17210,229
POMMEREUIL,59360,229
POMMIERS EN FOREZ,42260,229
POMMIERS MOULONS,17130,229
POMPIERRE SUR DOUBS,25340,229
POMPS,64370,229
PONCINS,42110,229
PONS,17800,229
PONSON DEBAT POUTS,64460,229
PONSON DESSUS,64460,229
PONT A MARCQ,59710,229
PONT DE ROIDE VERMONDANS,25150,229
PONT L ABBE D ARNOULT,17250,229
PONT LES MOULINS,25110,229
PONT SUR SAMBRE,59138,229
PONTACQ,64530,229
PONTARLIER,25300,229
PONTGOUIN,28190,229
PONTIACQ VIELLEPINTE,64460,229
PORT D ENVAUX,17350,229
PORT DES BARQUES,17730,229
PORTET,64330,229
POTELLE,59530,229
POUILLAC,17210,229
POUILLEY FRANCAIS,25410,229
POUILLEY LES VIGNES,25115,229
POUILLY LES FEURS,42110,229
POUILLY LES NONAINS,42155,229
POUILLY SOUS CHARLIEU,42720,229
POULIACQ,64410,229
POULIGNEY LUSANS,25640,229
POUPRY,28140,229
POURSAY GARNAUD,17400,229
POURSIUGUES BOUCOUE,64410,229
PRALONG,42600,229
PRASVILLE,28150,229
PRE ST EVROULT,28800,229
PRE ST MARTIN,28800,229
PRECHACQ JOSBAIG,64190,229
PRECHACQ NAVARRENX,64190,229
PRECIEUX,42600,229
PRECILHON,64400,229
PREGUILLAC,17460,229
PREMESQUES,59840,229
PRESEAU,59990,229
PRESENTEVILLERS,25550,229
PREUX AU BOIS,59288,229
PREUX AU SART,59144,229
PRIGNAC,17160,229
PRISCHES,59550,229
PROUVY,59121,229
PROVENCHERE,25380,229
PROVILLE,59267,229
PROVIN,59185,229
PRUDEMANCHE,28270,229
PRUNAY LE GILLON,28360,229
PRUNAY SUR ESSONNE,91720,229
PUESSANS,25680,229
PUGEY,25720,229
PUILBOREAU,17138,229
PUISELET LE MARAIS,91150,229
PUSSAY,91740,229
PUY DU LAC,17380,229
PUYOO,64270,229
PUYRAVAULT,17700,229
PUYROLLAND,17380,229
QUAEDYPRE,59380,229
QUAROUBLE,59243,229
QUERENAING,59269,229
QUESNOY SUR DEULE,59890,229
QUIEVELON,59680,229
QUIEVRECHAIN,59920,229
QUIEVY,59214,229
QUINCY SOUS SENART,91480,229
QUINGEY,25440,229
RACHES,59194,229
RADINGHEM EN WEPPES,59320,229
RAHON,25430,229
RAILLENCOURT STE OLLE,59554,229
RAIMBEAUCOURT,59283,229
RAINSARS,59177,229
RAISMES,59590,229
RAMILLIES,59161,229
RAMOUS,64270,229
RAMOUSIES,59177,229
RANCENAY,25320,229
RANDEVILLERS,25430,229
RANG,25250,229
RAUCOURT AU BOIS,59530,229
RAYNANS,25550,229
REAUX SUR TREFLE,17500,229
REBENACQ,64260,229
RECLAINVILLE,28150,229
RECOLOGNE,25170,229
RECQUIGNIES,59245,229
RECULFOZ,25240,229
REJET DE BEAULIEU,59360,229
REMONDANS VAIVRE,25150,229
REMORAY BOUJEONS,25160,229
RENAISON,42370,229
RENEDALE,25520,229
RENESCURE,59173,229
RENNES SUR LOUE,25440,229
RETAUD,17460,229
REUGNEY,25330,229
REUMONT,59980,229
REVERCOURT,28270,229
REXPOEDE,59122,229
RIBARROUY,64330,229
RIBECOURT LA TOUR,59159,229
RICHARVILLE,91410,229
RIEULAY,59870,229
RIEUX EN CAMBRESIS,59277,229
RIGNEY,25640,229
RIGNOSOT,25640,229
RILLANS,25110,229
RIORGES,42153,229
RIOUX,17460,229
RIS ORANGIS,91130,229
RIUPEYROUS,64160,229
RIVAS,42340,229
RIVE DE GIER,42800,229
RIVEDOUX PLAGE,17940,229
RIVEHAUTE,64190,229
RIVES DE BOUTONNE,17470,229
RIVES DU LOIR EN ANJOU,49140,229
RIVIERE PILOTE,97211,229
RIVIERE SALEE,97215,229
ROANNE,42300,229
ROBERSART,59550,229
ROCHE EN FOREZ,42600,229
ROCHE LA MOLIERE,42230,229
ROCHE LES CLERVAL,25340,229
ROCHE LEZ BEAUPRE,25220,229
ROCHEFORT,17300,229
ROCHEFORT SUR LOIRE,49190,229
ROCHEJEAN,25370,229
ROCHES LES BLAMONT,25310,229
ROEULX,59172,229
ROGNON,25680,229
ROHAIRE,28340,229
ROINVILLE,28700,229
ROINVILLIERS,91150,229
ROISEY,42520,229
ROMAIN,25680,229
ROMAZIERES,17510,229
ROMBIES ET MARCHIPONT,59990,229
ROMEGOUX,17250,229
ROMERIES,59730,229
RONCHAUX,25440,229
RONCHIN,59790,229
RONCQ,59223,229
RONDEFONTAINE,25240,229
RONTIGNON,64110,229
ROOST WARENDIN,59286,229
ROQUIAGUE,64130,229
ROSET FLUANS,25410,229
ROSIERES SUR BARBECHE,25190,229
ROSULT,59230,229
ROSUREUX,25380,229
ROU MARSON,49400,229
ROUCOURT,59169,229
ROUFFIGNAC,17130,229
ROUGEMONTOT,25640,229
ROUHE,25440,229
ROULANS,25640,229
ROUSIES,59131,229
ROUVIGNIES,59220,229
ROYAN,17200,229
ROZIER COTES D AUREC,42380,229
ROZIER EN DONZY,42810,229
RUBROUCK,59285,229
RUEIL LA GADELIERE,28270,229
RUESNES,59530,229
RUFFEY LE CHATEAU,25170,229
RUMEGIES,59226,229
RUMILLY EN CAMBRESIS,59281,229
RUNGIS,94150,229
RUREY,25290,229
SABLONCEAUX,17600,229
SACLAS,91690,229
SACLAY,91400,229
SAIL LES BAINS,42310,229
SAIL SOUS COUZAN,42890,229
SAILLY LEZ CAMBRAI,59554,229
SAILLY LEZ LANNOY,59390,229
SAINGHIN EN MELANTOIS,59262,229
SAINGHIN EN WEPPES,59184,229
SAINS DU NORD,59177,229
SAINTES,17100,229
SAINTIGNY,28480,229
SAINTRY SUR SEINE,91250,229
SAINVILLE,28700,229
SALAZIE,97433,229
SALEIGNES,17510,229
SALESCHES,59218,229
SALIES DE BEARN,64270,229
SALIGNAC DE MIRAMBEAU,17130,229
SALIGNAC SUR CHARENTE,17800,229
SALLES MONGISCARD,64300,229
SALLES SUR MER,17220,229
SALLESPISSE,64300,229
SALOME,59496,229
SALT EN DONZY,42110,229
SALVIZINET,42110,229
SAMEON,59310,229
SAMES,64520,229
SAMSON,25440,229
SAMSONS LION,64350,229
SANCEY,25430,229
SANCHEVILLE,28800,229
SANDARVILLE,28120,229
SANTENY,94440,229
SANTES,59211,229
SANTEUIL,28700,229
SANTILLY,28310,229
SAONE,25660,229
SARE,64310,229
SARPOURENX,64300,229
SARRAGEOIS,25240,229
SARRANCE,64490,229
SARRIGNE,49800,229
SARS ET ROSIERES,59230,229
SARS POTERIES,59216,229
SASSEGNIES,59145,229
SAUBOLE,64420,229
SAUCEDE,64400,229
SAUGUIS ST ETIENNE,64470,229
SAUJON,17600,229
SAULES,25580,229
SAULNIERES,28500,229
SAULT DE NAVAILLES,64300,229
SAULTAIN,59990,229
SAULX LES CHARTREUX,91160,229
SAULZOIR,59227,229
SAUMERAY,28800,229
SAUMUR,49400,229
SAUSSAY,28260,229
SAUVAGNEY,25170,229
SAUVAGNON,64230,229
SAUVAIN,42990,229
SAUVELADE,64150,229
SAUVETERRE DE BEARN,64390,229
SAVENNIERES,49170,229
SAVIGNY SUR ORGE,91600,229
SCEAUX D ANJOU,49330,229
SCEY MAISIERES,25290,229
SCHOELCHER,97233,229
SEBOURG,59990,229
SEBY,64410,229
SECHIN,25110,229
SECLIN,59113,229
SEDZE MAUBECQ,64160,229
SEDZERE,64160,229
SEGRE EN ANJOU BLEU,49500,229
SEICHES SUR LE LOIR,49140,229
SEIGNE,17510,229
SELONCOURT,25230,229
SEMEACQ BLACHON,64350,229
SEMERIES,59440,229
SEMILLAC,17150,229
SEMONDANS,25750,229
SEMOUSIES,59440,229
SEMOUSSAC,17150,229
SEMUSSAC,17120,229
SENANTES,28210,229
SENONCHES,28250,229
SEPMERIES,59269,229
SEPTFONTAINES,25270,229
SEQUEDIN,59320,229
SERANVILLERS FORENVILLE,59400,229
SERAZEREUX,28170,229
SERCUS,59173,229
SERMAISE,49140,229
SERRE LES SAPINS,25770,229
SERRES CASTET,64121,229
SERRES MORLAAS,64160,229
SERRES STE MARIE,64170,229
SERVILLE,28410,229
SERVIN,25430,229
SEVELINGES,42460,229
SEVIGNACQ,64160,229
SEVIGNACQ MEYRACQ,64260,229
SEVREMOINE,49230,229
SIECQ,17490,229
SILLEY AMANCEY,25330,229
SILLEY BLEFOND,25110,229
SIMACOURBE,64350,229
SIN LE NOBLE,59450,229
SIROS,64230,229
SOCHAUX,25600,229
SOCX,59380,229
SOISY SUR ECOLE,91840,229
SOISY SUR SEINE,91450,229
SOLEMONT,25190,229
SOLESMES,59730,229
SOLEYMIEUX,42560,229
SOLORE EN FOREZ,42130,229
SOLRE LE CHATEAU,59740,229
SOLRINNES,59740,229
SOMAIN,59490,229
SOMLOIRE,49360,229
SOMMAING,59213,229
SOREL MOUSSEL,28260,229
SOUANCE AU PERCHE,28400,229
SOUBISE,17780,229
SOUBRAN,17150,229
SOULAINES SUR AUBANCE,49610,229
SOULAIRE ET BOURG,49460,229
SOULAIRES,28130,229
SOULCE CERNAY,25190,229
SOULIGNONNE,17250,229
SOUMERAS,17130,229
SOUMOULOU,64420,229
SOURAIDE,64250,229
SOURANS,25250,229
SOURS,28630,229
SOUSMOULINS,17130,229
SOUTERNON,42260,229
SOUZAY CHAMPIGNY,49400,229
SOUZY LA BRICHE,91580,229
SOYE,25250,229
SPYCKER,59380,229
ST ABIT,64800,229
ST AGNANT,17620,229
ST AIGULIN,17360,229
ST ALBAN LES EAUX,42370,229
ST AMAND LES EAUX,59230,229
ST ANDRE D APCHON,42370,229
ST ANDRE DE LIDON,17260,229
ST ANDRE LE PUY,42210,229
ST ANDRE LEZ LILLE,59350,229
ST ANGE ET TORCAY,28170,229
ST ARMOU,64160,229
ST ARNOULT DES BOIS,28190,229
ST AUBERT,59188,229
ST AUGUSTIN,17570,229
ST AUGUSTIN DES BOIS,49170,229
ST AVIT LES GUESPIERES,28120,229
ST AYBERT,59163,229
ST BARTHELEMY D ANJOU,49124,229
ST BARTHELEMY LESTRA,42110,229
ST BENIN,59360,229
ST BOES,64300,229
ST BOMER,28330,229
ST BONNET DES QUARTS,42310,229
ST BONNET LE CHATEAU,42380,229
ST BONNET LE COURREAU,42940,229
ST BONNET LES OULES,42330,229
ST BONNET SUR GIRONDE,17150,229
ST BRIS DES BOIS,17770,229
ST CASTIN,64160,229
ST CESAIRE,17770,229
ST CHAMOND,42400,229
ST CHRISTO EN JAREZ,42320,229
ST CHRISTOPHE DU BOIS,49280,229
ST CIERS CHAMPAGNE,17520,229
ST CIERS DU TAILLON,17240,229
ST CLEMENT DE LA PLACE,49370,229
ST CLEMENT DES BALEINES,17590,229
ST CLEMENT DES LEVEES,49350,229
ST COUTANT LE GRAND,17430,229
ST CYR DE FAVIERES,42123,229
ST CYR DE VALORGES,42114,229
ST CYR DU DORET,17170,229
ST CYR LA RIVIERE,91690,229
ST CYR LES VIGNES,42210,229
ST CYR SOUS DOURDAN,91410,229
ST DENIS D OLERON,17650,229
ST DENIS DE CABANNE,42750,229
ST DENIS DES PUITS,28240,229
ST DENIS LANNERAY,28200,229
ST DENIS SUR COISE,42140,229
ST DIZANT DU BOIS,17150,229
ST DIZANT DU GUA,17240,229
ST DOS,64270,229
ST ELIPH,28240,229
ST EMAN,28120,229
ST ESCOBILLE,91410,229
ST ESPRIT,97270,229
ST ESTEBEN,64640,229
ST ETIENNE DE BAIGORRY,64430,229
ST ETIENNE LE MOLARD,42130,229
ST FAUST,64110,229
ST FORGEUX LESPINASSE,42640,229
ST FORT SUR GIRONDE,17240,229
ST FRANCOIS,97118,229
ST FROULT,17780,229
ST GALMIER,42330,229
ST GENEST LERPT,42530,229
ST GENEST MALIFAUX,42660,229
ST GENIS DE SAINTONGE,17240,229
ST GEORGES ANTIGNAC,17240,229
ST GEORGES ARMONT,25340,229
ST GEORGES D OLERON,17190,229
ST GEORGES DE BAROILLE,42510,229
ST GEORGES DE DIDONNE,17110,229
ST GEORGES DES AGOUTS,17150,229
ST GEORGES DES COTEAUX,17810,229
ST GEORGES DU BOIS,17700,229
ST GEORGES EN COUZAN,42990,229
ST GEORGES HAUTE VILLE,42610,229
ST GEORGES SUR EURE,28190,229
ST GEORGES SUR L AA,59820,229
ST GEORGES SUR LOIRE,49170,229
ST GERMAIN DE LUSIGNAN,17500,229
ST GERMAIN DE VIBRAC,17500,229
ST GERMAIN DU SEUDRE,17240,229
ST GERMAIN LA MONTAGNE,42670,229
ST GERMAIN LAVAL,42260,229
ST GERMAIN LE GAILLARD,28190,229
ST GERMAIN LES ARPAJON,91180,229
ST GERMAIN LES CORBEIL,91250,229
ST GERMAIN LESPINASSE,42640,229
ST GIRONS EN BEARN,64300,229
ST GLADIE ARRIVE MUNEIN,64390,229
ST GOIN,64400,229
ST GORGON MAIN,25520,229
ST GREGOIRE D ARDENNES,17240,229
ST HAON LE CHATEL,42370,229
ST HAON LE VIEUX,42370,229
ST HEAND,42570,229
ST HILAIRE CUSSON LA VALMITTE,42380,229
ST HILAIRE DE VILLEFRANCHE,17770,229
ST HILAIRE DU BOIS,17500,229
ST HILAIRE LEZ CAMBRAI,59292,229
ST HILAIRE SOUS CHARLIEU,42190,229
ST HILAIRE SUR HELPE,59440,229
ST JAMMES,64160,229
ST JANS CAPPEL,59270,229
ST JEAN BONNEFONDS,42650,229
ST JEAN D ANGELY,17400,229
ST JEAN D ANGLE,17620,229
ST JEAN DE BEAUREGARD,91940,229
ST JEAN DE LA CROIX,49130,229
ST JEAN DE LIVERSAY,17170,229
ST JEAN DE LUZ,64500,229
ST JEAN DE REBERVILLIERS,28170,229
ST JEAN LA VETRE,42440,229
ST JEAN PIED DE PORT,64220,229
ST JEAN PIERRE FIXTE,28400,229
ST JEAN POUDGE,64330,229
ST JEAN SOLEYMIEUX,42560,229
ST JEAN ST MAURICE SUR LOIRE,42155,229
ST JODARD,42590,229
ST JOSEPH,42800,229
ST JUAN,25360,229
ST JULIEN D ODDES,42260,229
ST JULIEN DE L ESCAP,17400,229
ST JULIEN LES MONTBELIARD,25550,229
ST JULIEN LES RUSSEY,25210,229
ST JULIEN MOLIN MOLETTE,42220,229
ST JUST EN BAS,42990,229
ST JUST EN CHEVALET,42430,229
ST JUST IBARRE,64120,229
ST JUST LA PENDUE,42540,229
ST JUST LUZAC,17320,229
ST JUST ST RAMBERT,42170,229
ST JUST SUR DIVE,49260,229
ST LAMBERT LA POTHERIE,49070,229
ST LAURENT BRETAGNE,64160,229
ST LAURENT DE LA PREE,17450,229
ST LAURENT LA CONCHE,42210,229
ST LAURENT LA GATINE,28210,229
ST LEGER DE LINIERES,49070,229
ST LEGER DES AUBEES,28700,229
ST LEGER SOUS CHOLET,49280,229
ST LEGER SUR ROANNE,42155,229
ST LEU,97416,229
ST LUBIN DE CRAVANT,28270,229
ST LUBIN DE LA HAYE,28410,229
ST LUBIN DES JONCHERETS,28350,229
ST LUCIEN,28210,229
ST LUPERCE,28190,229
ST MACAIRE DU BOIS,49260,229
ST MAIGRIN,17520,229
ST MAIXME HAUTERIVE,28170,229
ST MANDE,94160,229
ST MANDE SUR BREDOIRE,17470,229
ST MARCEL D URFE,42430,229
ST MARCEL DE FELINES,42122,229
ST MARCELLIN EN FOREZ,42680,229
ST MARTIAL DE MIRAMBEAU,17150,229
ST MARTIAL DE VITATERNE,17500,229
ST MARTIAL SUR NE,17520,229
ST MARTIN D ARBEROUE,64640,229
ST MARTIN D ARROSSA,64780,229
ST MARTIN D ARY,17270,229
ST MARTIN D ESTREAUX,42620,229
ST MARTIN DE COUX,17360,229
ST MARTIN DE JUILLERS,17400,229
ST MARTIN DE NIGELLES,28130,229
ST MARTIN DE RE,17410,229
ST MARTIN DU FOUILLOUX,49170,229
ST MARTIN LA PLAINE,42800,229
ST MARTIN LA SAUVETE,42260,229
ST MARTIN LESTRA,42110,229
ST MARTIN SUR ECAILLON,59213,229
ST MAUR DES FOSSES,94100,229
ST MAUR SUR LE LOIR,28800,229
ST MAURICE COLOMBIER,25260,229
ST MAURICE EN GOURGOIS,42240,229
ST MAURICE MONTCOURONNE,91530,229
ST MAURICE ST GERMAIN,28240,229
ST MEDARD D AUNIS,17220,229
ST MEDARD EN FOREZ,42330,229
ST MELAINE SUR AUBANCE,49610,229
ST MICHEL SUR ORGE,91240,229
ST MICHEL SUR RHONE,42410,229
ST MOMELIN,59143,229
ST NAZAIRE SUR CHARENTE,17780,229
ST NIZIER DE FORNAS,42380,229
ST NIZIER SOUS CHARLIEU,42190,229
ST OUEN D AUNIS,17230,229
ST OUEN LA THENE,17490,229
ST OUEN MARCHEFROY,28260,229
ST PALAIS DE NEGRIGNAC,17210,229
ST PALAIS DE PHIOLIN,17800,229
ST PALAIS SUR MER,17420,229
ST PARDOULT,17400,229
ST PAUL D UZORE,42600,229
ST PAUL DU BOIS,49310,229
ST PAUL EN CORNILLON,42240,229
ST PAUL EN JAREZ,42740,229
ST PE DE LEREN,64270,229
ST PEE SUR NIVELLE,64310,229
ST PHILBERT DU PEUPLE,49160,229
ST PHILIPPE,97442,229
ST PIAT,28130,229
ST PIERRE BROUCK,59630,229
ST PIERRE D AMILLY,17700,229
ST PIERRE D IRUBE,64990,229
ST PIERRE D OLERON,17310,229
ST PIERRE DE BOEUF,42520,229
ST PIERRE DE JUILLERS,17400,229
ST PIERRE DE L ISLE,17330,229
ST PIERRE DU PALAIS,17270,229
ST PIERRE DU PERRAY,91280,229
ST PIERRE LA NOAILLE,42190,229
ST PIERRE LA NOUE,17700,229
ST PIERRE LAVAL,42620,229
ST POINT LAC,25160,229
ST POLGUES,42260,229
ST PORCHAIRE,17250,229
ST PREST,28300,229
ST PRIEST EN JAREZ,42270,229
ST PRIEST LA PRUGNE,42830,229
ST PRIEST LA ROCHE,42590,229
ST PRIEST LA VETRE,42440,229
ST PYTHON,59730,229
ST QUANTIN DE RANCANNE,17800,229
ST REGIS DU COIN,42660,229
ST REMY CHAUSSEE,59620,229
ST REMY DU NORD,59330,229
ST REMY SUR AVRE,28380,229
ST RIRAND,42370,229
ST ROGATIEN,17220,229
ST ROMAIN D URFE,42430,229
ST ROMAIN DE BENET,17600,229
ST ROMAIN EN JAREZ,42800,229
ST ROMAIN LA MOTTE,42640,229
ST ROMAIN LE PUY,42610,229
ST ROMAIN LES ATHEUX,42660,229
ST SATURNIN DU BOIS,17700,229
ST SAULVE,59880,229
ST SAUVANT,17610,229
ST SAUVEUR D AUNIS,17540,229
ST SAUVEUR EN RUE,42220,229
ST SAUVEUR MARVILLE,28170,229
ST SAVINIEN,17350,229
ST SEURIN DE PALENNE,17800,229
ST SEVER DE SAINTONGE,17800,229
ST SEVERIN SUR BOUTONNE,17330,229
ST SIGISMOND DE CLERMONT,17240,229
ST SIMON DE BORDES,17500,229
ST SIMON DE PELLOUAILLE,17260,229
ST SIXTE,42130,229
ST SORLIN DE CONAC,17150,229
ST SOUPLET,59360,229
ST SULPICE D ARNOULT,17250,229
ST SULPICE DE FAVIERES,91910,229
ST SULPICE DE ROYAN,17200,229
ST SYLVESTRE CAPPEL,59114,229
ST SYMPHORIEN DE LAY,42470,229
ST THOMAS DE CONAC,17150,229
ST THOMAS LA GARDE,42600,229
ST TROJAN LES BAINS,17370,229
ST VAAST EN CAMBRESIS,59188,229
ST VAIZE,17100,229
ST VICTOR DE BUTHON,28240,229
ST VICTOR SUR RHINS,42630,229
ST VINCENT DE BOISSET,42120,229
ST VIT,25410,229
ST VIVIEN,17220,229
ST WAAST,59570,229
ST XANDRE,17138,229
ST YON,91650,229
STAPLE,59190,229
STE AGATHE EN DONZY,42510,229
STE AGATHE LA BOUTERESSE,42130,229
STE ANNE,25270,229
STE COLOMBE SUR GAND,42540,229
STE COLOME,64260,229
STE CROIX EN JAREZ,42800,229
STE ENGRACE,64560,229
STE FOY ST SULPICE,42110,229
STE GEMME,17250,229
STE GEMME MORONVAL,28500,229
STE GEMMES SUR LOIRE,49130,229
STE LHEURINE,17520,229
STE MARIE CAPPEL,59670,229
STE MARIE DE RE,17740,229
STE MEME,17770,229
STE RAMEE,17240,229
STE ROSE,97115,229
STE SOULLE,17220,229
STEENBECQUE,59189,229
STEENE,59380,229
STEENVOORDE,59114,229
STEENWERCK,59181,229
STRAZEELE,59270,229
SUCY EN BRIE,94370,229
SUHESCUN,64780,229
SURGERES,17700,229
SURMONT,25380,229
SURY LE COMTAL,42450,229
SUS,64190,229
SUSMIOU,64190,229
TABAILLE USQUAIN,64190,229
TADOUSSE USSAU,64330,229
TAILLANT,17350,229
TAILLEBOURG,17350,229
TAILLECOURT,25400,229
TAISNIERES EN THIERACHE,59550,229
TAISNIERES SUR HON,59570,229
TALLANS,25680,229
TALLENAY,25870,229
TALMONT SUR GIRONDE,17120,229
TANZAC,17260,229
TARCENAY FOUCHERANS,25620,229
TARDETS SORHOLUS,64470,229
TARENTAISE,42660,229
TARON SADIRAC VIELLENAVE,64330,229
TARSACQ,64360,229
TARTARAS,42800,229
TAUGON,17170,229
TEMPLEMARS,59175,229
TEMPLEUVE EN PEVELE,59242,229
TERDEGHEM,59114,229
TERMINIERS,28140,229
TERNANT,17400,229
TERRANJOU,49380,229
TERRE DE BAS,97136,229
TERRE DE HAUT,97137,229
TESSON,17460,229
TETEGHEM COUDEKERQUE VILLAGE,59229,229
THAIMS,17120,229
THAIRE,17290,229
THELIS LA COMBE,42220,229
THENAC,17460,229
THEUVILLE,28150,229
THEZAC,17600,229
THIAIS,94320,229
THIANT,59224,229
THIEBOUHANS,25470,229
THIENNES,59189,229
THIMERT GATELLES,28170,229
THIRON GARDAIS,28480,229
THISE,25220,229
THIVARS,28630,229
THIVENCELLE,59163,229
THIVILLE,28200,229
THORAISE,25320,229
THORIGNE D ANJOU,49220,229
THULAY,25310,229
THUMERIES,59239,229
THUN L EVEQUE,59141,229
THUN ST AMAND,59158,229
THUN ST MARTIN,59141,229
THUREY LE MONT,25870,229
TIERCE,49125,229
TIGERY,91250,229
TILLAY LE PENEUX,28140,229
TILLOY LEZ CAMBRAI,59554,229
TILLOY LEZ MARCHIENNES,59870,229
TONNAY BOUTONNE,17380,229
TONNAY CHARENTE,17430,229
TORFOU,91730,229
TORPES,25320,229
TORXE,17380,229
TOUFFLERS,59390,229
TOUILLON ET LOUTELET,25370,229
TOURCOING,59200,229
TOURMIGNIES,59551,229
TOURNANS,25680,229
TOURY,28310,229
TOUTLEMONDE,49360,229
TRANCRAINVILLE,28310,229
TRELAZE,49800,229
TRELINS,42130,229
TRELON,59132,229
TREMBLAY LES VILLAGES,28170,229
TREMENTINES,49340,229
TREON,28500,229
TREPOT,25620,229
TRESSANDANS,25680,229
TRESSIN,59152,229
TREVILLERS,25470,229
TRITH ST LEGER,59125,229
TRIZAY,17250,229
TRIZAY COUTRETOT ST SERGE,28400,229
TRIZAY LES BONNEVAL,28800,229
TROIS VILLES,64470,229
TROISVILLES,59980,229
TROUVANS,25680,229
TUFFALUN,49700,229
TUGERAS ST MAURICE,17130,229
TURQUANT,49730,229
UHART CIZE,64220,229
UHART MIXE,64120,229
UMPEAU,28700,229
UNIAS,42210,229
UNIEUX,42240,229
UNVERRE,28160,229
URBISE,42310,229
URCUIT,64990,229
URDOS,64490,229
UREPEL,64430,229
UROST,64160,229
URRUGNE,64122,229
URT,64240,229
URTIERE,25470,229
USSON EN FOREZ,42550,229
USTARITZ,64480,229
UXEM,59229,229
UZAN,64370,229
UZEIN,64230,229
UZELLE,25340,229
UZOS,64110,229
VAIRE,25220,229
VAL D ERDRE AUXENCE,49370,229
VAL D USIERS,25520,229
VAL DE ROULANS,25640,229
VAL DU LAYON,49190,229
VALD YERRE,28290,229
VALDAHON,25800,229
VALEILLE,42110,229
VALENCIENNES,59300,229
VALENTIGNEY,25700,229
VALENTON,94460,229
VALFLEURY,42320,229
VALLEROY,25870,229
VALONNE,25190,229
VALOREILLE,25190,229
VALPUISEAUX,91720,229
VANDONCOURT,25230,229
VANZAC,17500,229
VARAIZE,17400,229
VARENNES JARCY,91480,229
VARENNES SUR LOIRE,49730,229
VARIZE,28140,229
VARRAINS,49400,229
VARZAY,17460,229
VAUCLUSE,25380,229
VAUCLUSOTTE,25380,229
VAUDELNAY,49260,229
VAUDRIVILLERS,25360,229
VAUFREY,25190,229
VAUGRIGNEUSE,91640,229
VAUHALLAN,91430,229
VAUPILLON,28240,229
VAUX ET CHANTEGRUE,25160,229
VAUX SUR MER,17640,229
VAYRES SUR ESSONNE,91820,229
VEAUCHE,42340,229
VEAUCHETTE,42340,229
VELESMES ESSARTS,25410,229
VELLEROT LES BELVOIR,25430,229
VELLEROT LES VERCEL,25530,229
VELLEVANS,25430,229
VENDEGIES AU BOIS,59218,229
VENDEGIES SUR ECAILLON,59213,229
VENDEVILLE,59175,229
VENDRANGES,42590,229
VENERAND,17100,229
VENISE,25870,229
VENNANS,25640,229
VENNES,25390,229
VER LES CHARTRES,28630,229
VERANNE,42520,229
VERCEL VILLEDIEU LE CAMP,25530,229
VERCHAIN MAUGRE,59227,229
VERDETS,64400,229
VERGEROUX,17300,229
VERGNE,17330,229
VERGRANNE,25110,229
VERIN,42410,229
VERINES,17540,229
VERLINGHEM,59237,229
VERNANTES,49390,229
VERNE,25110,229
VERNIERFONTAINE,25580,229
VERNOIL LE FOURRIER,49390,229
VERNOIS LES BELVOIR,25430,229
VERNOUILLET,28500,229
VERRIE,49400,229
VERRIERES DE JOUX,25300,229
VERRIERES EN ANJOU,49112,229
VERRIERES EN FOREZ,42600,229
VERRIERES LE BUISSON,91370,229
VERT EN DROUAIS,28500,229
VERT LE GRAND,91810,229
VERT LE PETIT,91710,229
VERTAIN,59730,229
VETRE SUR ANZON,42111,229
VEZELIN SUR LOIRE,42260,229
VEZINS,49340,229
VIALER,64330,229
VICHERES,28480,229
VIDELLES,91890,229
VIEILLEY,25870,229
VIELLENAVE D ARTHEZ,64170,229
VIELLENAVE DE NAVARRENX,64190,229
VIELLESEGURE,64150,229
VIERVILLE,28700,229
VIESLY,59271,229
VIETHOREY,25340,229
VIEUVICQ,28120,229
VIEUX BERQUIN,59232,229
VIEUX CHARMONT,25600,229
VIEUX CONDE,59690,229
VIEUX FORT,97141,229
VIEUX HABITANTS,97119,229
VIEUX MESNIL,59138,229
VIEUX RENG,59600,229
VIGNES,64410,229
VIGNEUX SUR SEINE,91270,229
VILLABE,91100,229
VILLAMPUY,28200,229
VILLARS EN PONS,17260,229
VILLARS LES BLAMONT,25310,229
VILLARS LES BOIS,17770,229
VILLARS SOUS DAMPJOUX,25190,229
VILLARS SOUS ECOT,25150,229
VILLARS ST GEORGES,25410,229
VILLEBERNIER,49400,229
VILLEBON,28190,229
VILLEBON SUR YVETTE,91140,229
VILLECONIN,91580,229
VILLECRESNES,94440,229
VILLEDOUX,17230,229
VILLEFRANQUE,64990,229
VILLEJUIF,94800,229
VILLEJUST,91140,229
VILLEMAURY,28200,229
VILLEMEUX SUR EURE,28210,229
VILLEMOISSON SUR ORGE,91360,229
VILLEMONTAIS,42155,229
VILLEMORIN,17470,229
VILLENEUVE D AMONT,25270,229
VILLENEUVE D ASCQ,59491,229
VILLENEUVE LA COMTESSE,17330,229
VILLENEUVE LE ROI,94290,229
VILLENEUVE ST GEORGES,94190,229
VILLENEUVE SUR AUVERS,91580,229
VILLEREST,42300,229
VILLERS,42460,229
VILLERS AU TERTRE,59234,229
VILLERS BUZON,25170,229
VILLERS CHIEF,25530,229
VILLERS EN CAUCHIES,59188,229
VILLERS GRELOT,25640,229
VILLERS GUISLAIN,59297,229
VILLERS LA COMBE,25510,229
VILLERS LE LAC,25130,229
VILLERS OUTREAUX,59142,229
VILLERS PLOUICH,59231,229
VILLERS POL,59530,229
VILLERS SIRE NICOLE,59600,229
VILLERS SOUS CHALAMONT,25270,229
VILLERS ST MARTIN,25110,229
VILLEXAVIER,17500,229
VILLIERS COUTURE,17510,229
VILLIERS LE BACLE,91190,229
VILLIERS LE MORHIER,28130,229
VILLIERS ST ORIEN,28800,229
VILLIERS SUR MARNE,94350,229
VILLIERS SUR ORGE,91700,229
VINAX,17510,229
VINCENNES,94300,229
VIODOS ABENSE DE BAS,64130,229
VIOLAY,42780,229
VIRICELLES,42140,229
VIRIGNEUX,42140,229
VIROLLET,17260,229
VIRSON,17290,229
VIRY CHATILLON,91170,229
VITRAY EN BEAUCE,28360,229
VIVANS,42310,229
VIVEN,64450,229
VIVY,49680,229
VOILLANS,25110,229
VOIRES,25580,229
VOISE,28700,229
VOISSAY,17400,229
VOLCKERINCKHOVE,59470,229
VORGES LES PINS,25320,229
VOUGY,42720,229
VOUHE,17700,229
VOUJEAUCOURT,25420,229
VRED,59870,229
VUILLAFANS,25840,229
VUILLECIN,25300,229
VYT LES BELVOIR,25430,229
WAHAGNIES,59261,229
WALINCOURT SELVIGNY,59127,229
WALLERS,59135,229
WALLERS EN FAGNE,59132,229
WALLON CAPPEL,59190,229
WAMBAIX,59400,229
WAMBRECHIES,59118,229
WANDIGNIES HAMAGE,59870,229
WANNEHAIN,59830,229
WARGNIES LE GRAND,59144,229
WARGNIES LE PETIT,59144,229
WARHEM,59380,229
WARLAING,59870,229
WARNETON,59560,229
WASNES AU BAC,59252,229
WASQUEHAL,59290,229
WATTEN,59143,229
WATTIGNIES,59139,229
WATTIGNIES LA VICTOIRE,59680,229
WATTRELOS,59150,229
WAVRECHAIN SOUS DENAIN,59220,229
WAVRECHAIN SOUS FAULX,59111,229
WAVRIN,59136,229
WAZIERS,59119,229
WEMAERS CAPPEL,59670,229
WERVICQ SUD,59117,229
WEST CAPPEL,59380,229
WICRES,59134,229
WIGNEHIES,59212,229
WILLEMS,59780,229
WILLIES,59740,229
WINNEZEELE,59670,229
WISSOUS,91320,229
WORMHOUT,59470,229
WULVERDINGHE,59143,229
WYLDER,59380,229
YERMENONVILLE,28130,229
YERRES,91330,229
YEVRES,28160,229
YMERAY,28320,229
YMONVILLE,28150,229
YVES,17340,229
YZERNAY,49360,229
ZEGERSCAPPEL,59470,229
ZERMEZEELE,59670,229
ZUYDCOOTE,59123,229
ZUYTPEENE,59670,229
ABLEIGES,95450,215
ACHERES LA FORET,77760,215
AGNEAUX,50180,215
AGON COUTAINVILLE,50230,215
AINCOURT,95510,215
AIREL,50680,215
AMBLEVILLE,95420,215
AMENUCOURT,95510,215
AMIGNY,50620,215
AMILLIS,77120,215
AMPONVILLE,77760,215
ANCTOVILLE SUR BOSCQ,50400,215
ANDREZEL,77390,215
ANNET SUR MARNE,77410,215
ANNEVILLE EN SAIRE,50760,215
APPEVILLE,50500,215
ARBONNE LA FORET,77630,215
ARGENTIERES,77390,215
ARMENTIERES EN BRIE,77440,215
ARNOUVILLE,95400,215
ARRONVILLE,95810,215
ARTHIES,95420,215
ARVILLE,77890,215
ASNIERES SUR OISE,95270,215
ATTAINVILLE,95570,215
AUBEPIERRE OZOUER LE REPOS,77720,215
AUDOUVILLE LA HUBERT,50480,215
AUFFERVILLE,77570,215
AUGERS EN BRIE,77560,215
AULNOY,77120,215
AUMEVILLE LESTRE,50630,215
AUVERS SUR OISE,95430,215
AUXAIS,50500,215
AVERNES,95450,215
AVON,77210,215
AVRANCHES,50300,215
AZEVILLE,50310,215
BABY,77480,215
BACILLY,50530,215
BAGNEAUX SUR LOING,77167,215
BAILLET EN FRANCE,95560,215
BAILLY ROMAINVILLIERS,77700,215
BALLOY,77118,215
BANNOST VILLEGAGNON,77970,215
BANTHELU,95420,215
BARBEY,77130,215
BARBIZON,77630,215
BARCY,77910,215
BARENTON,50720,215
BARFLEUR,50760,215
BARNEVILLE CARTERET,50270,215
BASSEVELLE,77750,215
BAUDRE,50000,215
BAUPTE,50500,215
BAZOCHES LES BRAY,77118,215
BEAUCHAMP,95250,215
BEAUCHAMPS,50320,215
BEAUCHERY ST MARTIN,77560,215
BEAUCOUDRAY,50420,215
BEAUFICEL,50150,215
BEAUMONT DU GATINAIS,77890,215
BEAUMONT SUR OISE,95260,215
BEAUTHEIL SAINTS,77120,215
BELLOT,77510,215
BELLOY EN FRANCE,95270,215
BENOITVILLE,50340,215
BERIGNY,50810,215
BERNAY VILBERT,77540,215
BERNES SUR OISE,95340,215
BERVILLE,95810,215
BESLON,50800,215
BESNEVILLE,50390,215
BESSANCOURT,95550,215
BETHEMONT LA FORET,95840,215
BETON BAZOCHES,77320,215
BEUVRIGNY,50420,215
BEUZEVILLE LA BASTILLE,50360,215
BEZALLES,77970,215
BEZONS,95870,215
BIEVILLE,50160,215
BINIVILLE,50390,215
BLAINVILLE SUR MER,50560,215
BLANDY,77115,215
BLENNES,77940,215
BLOSVILLE,50480,215
BOISDON,77970,215
BOISEMONT,95000,215
BOISSETTES,77350,215
BOISSISE LA BERTRAND,77350,215
BOISSISE LE ROI,77310,215
BOISSY AUX CAILLES,77760,215
BOISSY L AILLERIE,95650,215
BOISSY LE CHATEL,77169,215
BOISYVON,50800,215
BOMBON,77720,215
BONNEUIL EN FRANCE,95500,215
BOUFFEMONT,95570,215
BOUGLIGNY,77570,215
BOULANCOURT,77760,215
BOULEURS,77580,215
BOUQUEVAL,95720,215
BOURGUENOLLES,50800,215
BOURGVALLEES,50750,215
BOURRON MARLOTTE,77780,215
BOUTIGNY,77470,215
BOUTTEVILLE,50480,215
BRAINVILLE,50200,215
BRANSLES,77620,215
BRAY ET LU,95710,215
BRAY SUR SEINE,77480,215
BREANCON,95640,215
BREAU,77720,215
BRECEY,50370,215
BREHAL,50290,215
BRETTEVILLE,50110,215
BRETTEVILLE SUR AY,50430,215
BREUVILLE,50260,215
BREVILLE SUR MER,50290,215
BRICQUEBEC EN COTENTIN,50260,215
BRICQUEBOSQ,50340,215
BRICQUEVILLE LA BLOUETTE,50200,215
BRICQUEVILLE SUR MER,50290,215
BRIE COMTE ROBERT,77170,215
BRIGNANCOURT,95640,215
BRILLEVAST,50330,215
BRIX,50700,215
BROU SUR CHANTEREINE,77177,215
BROUAINS,50150,215
BRUYERES SUR OISE,95820,215
BUAIS LES MONTS,50640,215
BUHY,95770,215
BURCY,77760,215
BUSSY ST GEORGES,77600,215
BUSSY ST MARTIN,77600,215
BUTRY SUR OISE,95430,215
CAMBERNON,50200,215
CAMETOURS,50570,215
CAMPROND,50210,215
CANISY,50750,215
CANNES ECLUSE,77130,215
CANVILLE LA ROCQUE,50580,215
CARANTILLY,50570,215
CARENTAN LES MARAIS,50480,215
CARNETIN,77400,215
CARNEVILLE,50330,215
CAROLLES,50740,215
CATTEVILLE,50390,215
CAVIGNY,50620,215
CEAUX,50220,215
CELY,77930,215
CERENCES,50510,215
CERGY,95000,215
CERISY LA FORET,50680,215
CERISY LA SALLE,50210,215
CERNEUX,77320,215
CESSON,77240,215
CESSOY EN MONTOIS,77520,215
CHAILLY EN BIERE,77930,215
CHAILLY EN BRIE,77120,215
CHAINTREAUX,77460,215
CHALAUTRE LA GRANDE,77171,215
CHALAUTRE LA PETITE,77160,215
CHALIFERT,77144,215
CHALMAISON,77650,215
CHAMIGNY,77260,215
CHAMPAGNE SUR OISE,95660,215
CHAMPAGNE SUR SEINE,77430,215
CHAMPCENEST,77560,215
CHAMPDEUIL,77390,215
CHAMPREPUS,50800,215
CHAMPS SUR MARNE,77420,215
CHANGIS SUR MARNE,77660,215
CHANTELOUP EN BRIE,77600,215
CHARMENTRAY,77410,215
CHARS,95750,215
CHARTRETTES,77590,215
CHARTRONGES,77320,215
CHATEAU LANDON,77570,215
CHATEAUBLEAU,77370,215
CHATENAY EN FRANCE,95190,215
CHATENAY SUR SEINE,77126,215
CHATILLON LA BORDE,77820,215
CHAUCONIN NEUFMONTIERS,77124,215
CHAUFFRY,77169,215
CHAULIEU,50150,215
CHAUMES EN BRIE,77390,215
CHAUMONTEL,95270,215
CHAUVRY,95560,215
CHAVOY,50870,215
CHENNEVIERES LES LOUVRES,95380,215
CHENOISE CUCHARMOY,77160,215
CHENOU,77570,215
CHERBOURG EN COTENTIN,50100,215
CHERENCE,95510,215
CHERENCE LE HERON,50800,215
CHEVRAINVILLIERS,77760,215
CHEVRU,77320,215
CHEVRY COSSIGNY,77173,215
CHEVRY EN SEREINE,77710,215
CHOISY EN BRIE,77320,215
CITRY,77730,215
CLAYE SOUILLY,77410,215
CLERY EN VEXIN,95420,215
CLITOURPS,50330,215
CLOS FONTAINE,77370,215
COCHEREL,77440,215
COLLEGIEN,77090,215
COLOMBY,50700,215
COMBS LA VILLE,77380,215
COMMENY,95450,215
COMPANS,77290,215
CONCHES SUR GONDOIRE,77600,215
CONDE STE LIBIAIRE,77450,215
CONDE SUR VIRE,50420,215
CONDECOURT,95450,215
CONGIS SUR THEROUANNE,77440,215
CORMEILLES EN PARISIS,95240,215
CORMEILLES EN VEXIN,95830,215
COUBERT,77170,215
COUDEVILLE SUR MER,50290,215
COUILLY PONT AUX DAMES,77860,215
COULOMBS EN VALOIS,77840,215
COULOMMES,77580,215
COULOMMIERS,77120,215
COULOUVRAY BOISBENATRE,50670,215
COUPVRAY,77700,215
COURCELLES EN BASSEE,77126,215
COURCELLES SUR VIOSNE,95650,215
COURCHAMP,77560,215
COURDIMANCHE,95800,215
COURPALAY,77540,215
COURQUETAINE,77390,215
COURTACON,77560,215
COURTILS,50220,215
COURTRY,77181,215
COUTANCES,50200,215
COUTENCON,77154,215
COUTEVROULT,77580,215
COUVAINS,50680,215
COUVILLE,50690,215
CREANCES,50710,215
CRECY LA CHAPELLE,77580,215
CREGY LES MEAUX,77124,215
CREVECOEUR EN BRIE,77610,215
CRISENOY,77390,215
CROISSY BEAUBOURG,77183,215
CROLLON,50220,215
CROSVILLE SUR DOUVE,50360,215
CROUY SUR OURCQ,77840,215
CUVES,50670,215
DAGNY,77320,215
DAMMARIE LES LYS,77190,215
DAMMARTIN EN GOELE,77230,215
DAMMARTIN SUR TIGEAUX,77163,215
DAMPMART,77400,215
DANGY,50750,215
DARVAULT,77140,215
DEUIL LA BARRE,95170,215
DHUISY,77440,215
DIANT,77940,215
DIGOSVILLE,50110,215
DOMJEAN,50420,215
DOMONT,95330,215
DONNEMARIE DONTILLY,77520,215
DONVILLE LES BAINS,50350,215
DORMELLES,77130,215
DOUE,77510,215
DOUY LA RAMEE,77139,215
DOVILLE,50250,215
DRAGEY RONTHON,50530,215
DUCEY LES CHERIS,50220,215
EAUBONNE,95600,215
ECAUSSEVILLE,50310,215
ECHOUBOULAINS,77830,215
ECOUEN,95440,215
EGLIGNY,77126,215
EGREVILLE,77620,215
EMERAINVILLE,77184,215
EMONDEVILLE,50310,215
ENGHIEN LES BAINS,95880,215
EPIAIS LES LOUVRES,95380,215
EPIAIS RHUS,95810,215
EPINAY CHAMPLATREUX,95270,215
EQUILLY,50320,215
ERAGNY SUR OISE,95610,215
ERMONT,95120,215
EROUDEVILLE,50310,215
ESBLY,77450,215
ESMANS,77940,215
ETIENVILLE,50360,215
EVERLY,77157,215
EVRY GREGY SUR YERRE,77166,215
EZANVILLE,95460,215
FAREMOUTIERS,77515,215
FAY LES NEMOURS,77167,215
FERICY,77133,215
FERMANVILLE,50840,215
FEROLLES ATTILLY,77150,215
FERRIERES EN BRIE,77164,215
FEUGERES,50190,215
FIERVILLE LES MINES,50580,215
FLAMANVILLE,50340,215
FLEURY EN BIERE,77930,215
FLOTTEMANVILLE,50700,215
FOLLIGNY,50320,215
FONTAINE FOURCHES,77480,215
FONTAINE LE PORT,77590,215
FONTAINS,77370,215
FONTENAILLES,77370,215
FONTENAY EN PARISIS,95190,215
FONTENAY SUR MER,50310,215
FONTENAY TRESIGNY,77610,215
FORFRY,77165,215
FOSSES,95470,215
FOUJU,77390,215
FREMAINVILLE,95450,215
FREMECOURT,95830,215
FREPILLON,95740,215
FRESNES SUR MARNE,77410,215
FRESVILLE,50310,215
FRETOY,77320,215
FROMONT,77760,215
FROUVILLE,95690,215
FUBLAINES,77470,215
GARENTREVILLE,77890,215
GARGES LES GONESSE,95140,215
GASTINS,77370,215
GATHEMO,50150,215
GATTEVILLE LE PHARE,50760,215
GAVRAY SUR SIENNE,50450,215
GEFFOSSES,50560,215
GENAINVILLE,95420,215
GENETS,50530,215
GENICOURT,95650,215
GER,50850,215
GERMIGNY L EVEQUE,77910,215
GERMIGNY SOUS COULOMBS,77840,215
GESVRES LE CHAPITRE,77165,215
GIREMOUTIERS,77120,215
GIRONVILLE,77890,215
GOLLEVILLE,50390,215
GONESSE,95500,215
GONFREVILLE,50190,215
GONNEVILLE LE THEIL,50330,215
GOUAIX,77114,215
GOUVERNES,77400,215
GOUVETS,50420,215
GOUVILLE SUR MER,50200,215
GRAIGNES MESNIL ANGOT,50620,215
GRANDPARIGNY,50600,215
GRANDPUITS BAILLY CARROIS,77720,215
GRANVILLE,50400,215
GRATOT,50200,215
GRAVON,77118,215
GRESSY,77410,215
GRETZ ARMAINVILLIERS,77220,215
GREZ SUR LOING,77880,215
GRIMESNIL,50450,215
GRISY LES PLATRES,95810,215
GRISY SUISNES,77166,215
GRISY SUR SEINE,77480,215
GROSLAY,95410,215
GROSVILLE,50340,215
GUERARD,77580,215
GUERCHEVILLE,77760,215
GUERMANTES,77600,215
GUIGNES,77390,215
GUIRY EN VEXIN,95450,215
GURCY LE CHATEL,77520,215
HAMBYE,50450,215
HAMELIN,50730,215
HARAVILLIERS,95640,215
HARDINVAST,50690,215
HAUTE ISLE,95780,215
HAUTEFEUILLE,77515,215
HAUTEVILLE LA GUICHARD,50570,215
HAUTEVILLE SUR MER,50590,215
HAUTTEVILLE BOCAGE,50390,215
HEAUVILLE,50340,215
HEDOUVILLE,95690,215
HELLEVILLE,50340,215
HEMEVEZ,50700,215
HERBLAY SUR SEINE,95220,215
HERICY,77850,215
HERME,77114,215
HEROUVILLE EN VEXIN,95300,215
HEUGUEVILLE SUR SIENNE,50200,215
HIESVILLE,50480,215
HOCQUIGNY,50320,215
HODENT,95420,215
HONDEVILLIERS,77510,215
HUBERVILLE,50700,215
HUDIMESNIL,50510,215
ICHY,77890,215
ISIGNY LE BUAT,50540,215
ISLES LES MELDEUSES,77440,215
ISLES LES VILLENOY,77450,215
IVERNY,77165,215
JABLINES,77450,215
JAGNY SOUS BOIS,95850,215
JAIGNES,77440,215
JAULNES,77480,215
JOGANVILLE,50310,215
JOSSIGNY,77600,215
JOUARRE,77640,215
JOUY LE CHATEL,77970,215
JOUY LE MOUTIER,95280,215
JOUY SUR MORIN,77320,215
JUILLEY,50220,215
JULLOUVILLE,50610,215
JUTIGNY,77650,215
JUVIGNY LES VALLEES,50520,215
L ETANG BERTRAND,50260,215
L ISLE ADAM,95290,215
LA BALEINE,50450,215
LA BARRE DE SEMILLY,50810,215
LA BLOUTIERE,50800,215
LA BONNEVILLE,50360,215
LA BROSSE MONTCEAUX,77940,215
LA CELLE SUR MORIN,77515,215
LA CHAISE BAUDOUIN,50370,215
LA CHAPELLE CECELIN,50800,215
LA CHAPELLE EN VEXIN,95420,215
LA CHAPELLE IGER,77540,215
LA CHAPELLE LA REINE,77760,215
LA CHAPELLE MOUTILS,77320,215
LA CHAPELLE RABLAIS,77370,215
LA CHAPELLE ST SULPICE,77160,215
LA CHAPELLE UREE,50370,215
LA COLOMBE,50800,215
LA CROIX EN BRIE,77370,215
LA FERTE GAUCHER,77320,215
LA FERTE SOUS JOUARRE,77260,215
LA FEUILLIE,50190,215
LA FRETTE SUR SEINE,95530,215
LA GENEVRAYE,77690,215
LA GODEFROY,50300,215
LA GRANDE PAROISSE,77130,215
LA HAGUE,50440,215
LA HAUTE MAISON,77580,215
LA HAYE,50250,215
LA HAYE BELLEFOND,50410,215
LA HAYE D ECTOT,50270,215
LA HAYE PESNEL,50320,215
LA HOUSSAYE EN BRIE,77610,215
LA LANDE D AIROU,50800,215
LA LUCERNE D OUTREMER,50320,215
LA LUZERNE,50680,215
LA MADELEINE SUR LOING,77570,215
LA MEAUFFE,50880,215
LA MEURDRAQUIERE,50510,215
LA MOUCHE,50320,215
LA PERNELLE,50630,215
LA ROCHE GUYON,95780,215
LA TOMBE,77130,215
LA TRETOIRE,77510,215
LA VENDELEE,50200,215
LABBEVILLE,95690,215
LAGNY SUR MARNE,77400,215
LAMBERVILLE,50160,215
LAPENTY,50600,215
LARCHANT,77760,215
LAULNE,50430,215
LAVAL EN BRIE,77148,215
LE BELLAY EN VEXIN,95750,215
LE CHATELET EN BRIE,77820,215
LE DEZERT,50620,215
LE FRESNE PORET,50850,215
LE GRAND CELLAND,50370,215
LE GRIPPON,50320,215
LE GUISLAIN,50410,215
LE HAM,50310,215
LE HEAULME,95640,215
LE LOREUR,50510,215
LE LOREY,50570,215
LE LUOT,50870,215
LE MEE SUR SEINE,77350,215
LE MESNIL,50580,215
LE MESNIL ADELEE,50520,215
LE MESNIL AMELOT,77990,215
LE MESNIL AMEY,50570,215
LE MESNIL AU VAL,50110,215
LE MESNIL AUBERT,50510,215
LE MESNIL AUBRY,95720,215
LE MESNIL EURY,50570,215
LE MESNIL GARNIER,50450,215
LE MESNIL GILBERT,50670,215
LE MESNIL OZENNE,50220,215
LE MESNIL ROUXELIN,50000,215
LE MESNIL VENERON,50620,215
LE MESNIL VILLEMAN,50450,215
LE MESNILLARD,50600,215
LE NEUFBOURG,50140,215
LE PARC,50870,215
LE PERCHAY,95450,215
LE PERRON,50160,215
LE PETIT CELLAND,50370,215
LE PLESSIS AUX BOIS,77165,215
LE PLESSIS BOUCHARD,95130,215
LE PLESSIS FEU AUSSOUX,77540,215
LE PLESSIS GASSOT,95720,215
LE PLESSIS L EVEQUE,77165,215
LE PLESSIS LASTELLE,50250,215
LE PLESSIS LUZARCHES,95270,215
LE PLESSIS PLACY,77440,215
LE ROZEL,50340,215
LE TANU,50320,215
LE TEILLEUL,50640,215
LE THILLAY,95500,215
LE VAL ST PERE,50300,215
LE VAST,50630,215
LE VAUDOUE,77123,215
LE VICEL,50760,215
LENGRONNE,50450,215
LES CHAPELLES BOURBON,77610,215
LES CRESNAYS,50370,215
LES ECRENNES,77820,215
LES LOGES MARCHIS,50600,215
LES LOGES SUR BRECEY,50370,215
LES MARETS,77560,215
LES MOITIERS D ALLONNE,50270,215
LES ORMES SUR VOULZIE,77134,215
LES PIEUX,50340,215
LESCHEROLLES,77320,215
LESCHES,77450,215
LESIGNY,77150,215
LESSAY,50430,215
LESTRE,50310,215
LEUDON EN BRIE,77320,215
LIESVILLE SUR DOUVE,50480,215
LIEUSAINT,50700,215
LIMOGES FOURCHES,77550,215
LINGEARD,50670,215
LISSY,77550,215
LIVERDY EN BRIE,77220,215
LIVILLIERS,95300,215
LIVRY SUR SEINE,77000,215
LIZINES,77650,215
LIZY SUR OURCQ,77440,215
LOGNES,77185,215
LOLIF,50530,215
LONGPERRIER,77230,215
LONGUESSE,95450,215
LORREZ LE BOCAGE PREAUX,77710,215
LOUAN VILLEGRUIS FONTAINE,77560,215
LOUVRES,95380,215
LUISETAINES,77520,215
LUMIGNY NESLES ORMEAUX,77540,215
LUZANCY,77138,215
LUZARCHES,95270,215
MAFFLIERS,95560,215
MAGNEVILLE,50260,215
MAGNY EN VEXIN,95420,215
MAGNY LE HONGRE,77700,215
MAINCY,77950,215
MAISON ROUGE,77370,215
MAISONCELLES EN BRIE,77580,215
MAISONCELLES EN GATINAIS,77570,215
MARCEY LES GREVES,50300,215
MARCHEMORET,77230,215
MARCHESIEUX,50190,215
MARCILLY,50220,215
MAREIL EN FRANCE,95850,215
MAREUIL LES MEAUX,77100,215
MARGENCY,95580,215
MARGUERAY,50410,215
MARIGNY LE LOZON,50570,215
MARINES,95640,215
MARLES EN BRIE,77610,215
MARLY LA VILLE,95670,215
MAROLLES EN BRIE,77120,215
MAROLLES SUR SEINE,77130,215
MARTINVAST,50690,215
MARY SUR MARNE,77440,215
MAUDETOUR EN VEXIN,95420,215
MAUPERTHUIS,77120,215
MAUPERTUIS,50410,215
MAUPERTUS SUR MER,50330,215
MAUREGARD,77990,215
MAY EN MULTIEN,77145,215
MEAUTIS,50500,215
MEAUX,77100,215
MEIGNEUX,77520,215
MEILLERAY,77320,215
MELUN,77000,215
MELZ SUR SEINE,77171,215
MENOUVILLE,95810,215
MENUCOURT,95180,215
MERIEL,95630,215
MERY SUR MARNE,77730,215
MERY SUR OISE,95540,215
MESSY,77410,215
MILLIERES,50190,215
MISY SUR YONNE,77130,215
MITRY MORY,77290,215
MOISENAY,77950,215
MOISSELLES,95570,215
MOISSY CRAMAYEL,77550,215
MONCOURT FROMONVILLE,77140,215
MONDREVILLE,77570,215
MONS EN MONTOIS,77520,215
MONTABOT,50410,215
MONTAIGU LA BRISETTE,50700,215
MONTAIGU LES BOIS,50450,215
MONTBRAY,50410,215
MONTCEAUX LES MEAUX,77470,215
MONTCEAUX LES PROVINS,77151,215
MONTCUIT,50490,215
MONTDAUPHIN,77320,215
MONTEBOURG,50310,215
MONTENILS,77320,215
MONTEREAU FAULT YONNE,77130,215
MONTEREAU SUR LE JARD,77950,215
MONTEVRAIN,77144,215
MONTFARVILLE,50760,215
MONTGE EN GOELE,77230,215
MONTGEROULT,95650,215
MONTHUCHON,50200,215
MONTHYON,77122,215
MONTIGNY LE GUESDIER,77480,215
MONTIGNY LENCOUP,77520,215
MONTIGNY LES CORMEILLES,95370,215
MONTIGNY SUR LOING,77690,215
MONTJOIE ST MARTIN,50240,215
MONTLIGNON,95680,215
MONTMACHOUX,77940,215
MONTMAGNY,95360,215
MONTMARTIN SUR MER,50590,215
MONTMORENCY,95160,215
MONTOLIVET,77320,215
MONTPINCHON,50210,215
MONTRABOT,50810,215
MONTREUIL SUR EPTE,95770,215
MONTREUIL SUR LOZON,50570,215
MONTRY,77450,215
MONTSENELLE,50250,215
MONTSOULT,95560,215
MOON SUR ELLE,50680,215
MORET LOING ET ORVANNE,77250,215
MORIGNY,50410,215
MORMANT,77720,215
MORTAIN BOCAGE,50140,215
MORTCERF,77163,215
MORTERY,77160,215
MORVILLE,50700,215
MOUROUX,77120,215
MOURS,95260,215
MOUSSEAUX LES BRAY,77480,215
MOUSSY LE NEUF,77230,215
MOUSSY LE VIEUX,77230,215
MOUY SUR SEINE,77480,215
MOYON VILLAGES,50420,215
MUNEVILLE LE BINGARD,50490,215
MUNEVILLE SUR MER,50290,215
NANDY,77176,215
NANGIS,77370,215
NANTEAU SUR ESSONNE,77760,215
NANTEAU SUR LUNAIN,77710,215
NANTEUIL LES MEAUX,77100,215
NANTEUIL SUR MARNE,77730,215
NANTOUILLET,77230,215
NAY,50190,215
NEGREVILLE,50260,215
NEHOU,50390,215
NEMOURS,77140,215
NERVILLE LA FORET,95590,215
NESLES LA VALLEE,95690,215
NEUFMESNIL,50250,215
NEUFMOUTIERS EN BRIE,77610,215
NEUILLY EN VEXIN,95640,215
NEUVILLE AU PLAIN,50480,215
NEUVILLE EN BEAUMONT,50250,215
NEUVILLE SUR OISE,95000,215
NICORPS,50200,215
NOISIEL,77186,215
NOISY RUDIGNON,77940,215
NOISY SUR ECOLE,77123,215
NOISY SUR OISE,95270,215
NONVILLE,77140,215
NOTRE DAME DE CENILLY,50210,215
NOTRE DAME DE LIVOYE,50370,215
NOUAINVILLE,50690,215
NOYEN SUR SEINE,77114,215
NUCOURT,95420,215
OBSONVILLE,77890,215
OCQUERRE,77440,215
OCTEVILLE L AVENEL,50630,215
OISSERY,77178,215
OMERVILLE,95420,215
ORGLANDES,50390,215
ORLY SUR MORIN,77750,215
ORMESSON,77167,215
ORVAL SUR SIENNE,50660,215
OSNY,95520,215
OTHIS,77280,215
OUVILLE,50210,215
OZEVILLE,50310,215
OZOIR LA FERRIERE,77330,215
OZOUER LE VOULGIS,77390,215
PALEY,77710,215
PAMFOU,77830,215
PARMAIN,95620,215
PASSY SUR SEINE,77480,215
PECY,77970,215
PENCHARD,77124,215
PERCY EN NORMANDIE,50410,215
PERIERS,50190,215
PERRIERS EN BEAUFICEL,50150,215
PERSAN,95340,215
PEZARCHES,77131,215
PICAUVILLE,50250,215
PIERRE LEVEE,77580,215
PIERRELAYE,95220,215
PIERREVILLE,50340,215
PIROU,50770,215
PISCOP,95350,215
POIGNY,77160,215
POINCY,77470,215
POMMEUSE,77515,215
POMPONNE,77400,215
PONT HEBERT,50620,215
PONTAUBAULT,50220,215
PONTAULT COMBAULT,77340,215
PONTCARRE,77135,215
PONTOISE,95000,215
PONTS,50300,215
PORT BAIL SUR MER,50580,215
PRECEY,50220,215
PRECY SUR MARNE,77410,215
PRESLES EN BRIE,77220,215
PROVINS,77160,215
PUISEUX EN FRANCE,95380,215
PUISEUX PONTOISE,95650,215
QUETTEHOU,50630,215
QUETTREVILLE SUR SIENNE,50210,215
QUIBOU,50750,215
QUIERS,77720,215
QUINCY VOISINS,77860,215
QUINEVILLE,50310,215
RAIDS,50500,215
RAMPAN,50000,215
RAMPILLON,77370,215
RAUVILLE LA BIGOT,50260,215
RAUVILLE LA PLACE,50390,215
REAU,77550,215
REBAIS,77510,215
RECLOSES,77760,215
REFFUVEILLE,50520,215
REGNEVILLE SUR MER,50590,215
REIGNEVILLE BOCAGE,50390,215
REMAUVILLE,77710,215
REMILLY LES MARAIS,50570,215
REUIL EN BRIE,77260,215
REVILLE,50760,215
ROCHEVILLE,50260,215
ROISSY EN BRIE,77680,215
ROISSY EN FRANCE,95700,215
ROMAGNY FONTENAY,50140,215
RONCEY,50210,215
RONQUEROLLES,95340,215
ROUILLY,77160,215
ROZAY EN BRIE,77540,215
RUBELLES,77950,215
RUPEREUX,77560,215
SAACY SUR MARNE,77730,215
SABLONNIERES,77510,215
SAMMERON,77260,215
SAMOIS SUR SEINE,77920,215
SAMOREAU,77210,215
SANCY LES PROVINS,77320,215
SANNOIS,95110,215
SARCELLES,95200,215
SARTILLY BAIE BOCAGE,50530,215
SAUSSEMESNIL,50700,215
SAVIGNY,50210,215
SAVIGNY LE TEMPLE,77176,215
SAVIGNY LE VIEUX,50640,215
SAVINS,77650,215
SEBEVILLE,50480,215
SEINE PORT,77240,215
SENOVILLE,50270,215
SEPT SORTS,77260,215
SERRIS,77700,215
SEUGY,95270,215
SIDEVILLE,50690,215
SIGNY SIGNETS,77640,215
SIGY,77520,215
SIOUVILLE HAGUE,50340,215
SIVRY COURTRY,77115,215
SOGNOLLES EN MONTOIS,77520,215
SOIGNOLLES EN BRIE,77111,215
SOISY BOUY,77650,215
SOISY SOUS MONTMORENCY,95230,215
SOLERS,77111,215
SORTOSVILLE,50310,215
SORTOSVILLE EN BEAUMONT,50270,215
SOTTEVAST,50260,215
SOTTEVILLE,50340,215
SOUPPES SUR LOING,77460,215
SOURDEVAL,50150,215
SOURDUN,77171,215
ST AMAND VILLAGES,50160,215
ST ANDRE DE BOHON,50500,215
ST ANDRE DE L EPINE,50680,215
ST AUBIN DE TERREGATTE,50240,215
ST AUBIN DES PREAUX,50380,215
ST BRICE DE LANDELLES,50730,215
ST BRICE SOUS FORET,95350,215
ST CHRISTOPHE DU FOC,50340,215
ST CLAIR SUR EPTE,95770,215
ST CLAIR SUR L ELLE,50680,215
ST CLEMENT RANCOUDRAY,50140,215
ST CYR BOCAGE,50310,215
ST CYR DU BAILLEUL,50720,215
ST CYR EN ARTHIES,95510,215
ST CYR SUR MORIN,77750,215
ST DENIS LE GAST,50450,215
ST DENIS LE VETU,50210,215
ST DENIS LES REBAIS,77510,215
ST FARGEAU PONTHIERRY,77310,215
ST FLOXEL,50310,215
ST FROMOND,50620,215
ST GEORGES D ELLE,50680,215
ST GEORGES DE LA RIVIERE,50270,215
ST GEORGES DE LIVOYE,50370,215
ST GEORGES DE ROUELLEY,50720,215
ST GEORGES MONTCOCQ,50000,215
ST GERMAIN D ELLE,50810,215
ST GERMAIN DE TOURNEBUT,50700,215
ST GERMAIN DE VARREVILLE,50480,215
ST GERMAIN LAXIS,77950,215
ST GERMAIN SOUS DOUE,77169,215
ST GERMAIN SUR AY,50430,215
ST GERMAIN SUR ECOLE,77930,215
ST GERMAIN SUR MORIN,77860,215
ST GERMAIN SUR SEVES,50190,215
ST HILAIRE DU HARCOUET,50600,215
ST HILLIERS,77160,215
ST JACQUES DE NEHOU,50390,215
ST JAMES,50240,215
ST JEAN D ELLE,50810,215
ST JEAN DE DAYE,50620,215
ST JEAN DE LA HAIZE,50300,215
ST JEAN DE LA RIVIERE,50270,215
ST JEAN DE SAVIGNY,50680,215
ST JEAN DES CHAMPS,50320,215
ST JEAN DU CORAIL DES BOIS,50370,215
ST JEAN LE THOMAS,50530,215
ST JEAN LES DEUX JUMEAUX,77660,215
ST JUST EN BRIE,77370,215
ST LAURENT DE CUVES,50670,215
ST LAURENT DE TERREGATTE,50240,215
ST LEU LA FORET,95320,215
ST LO,50000,215
ST LOUET SUR VIRE,50420,215
ST LOUP DE NAUD,77650,215
ST MALO DE LA LANDE,50200,215
ST MAMMES,77670,215
ST MARS VIEUX MAISONS,77320,215
ST MARTIN D AUBIGNY,50190,215
ST MARTIN D AUDOUVILLE,50310,215
ST MARTIN DE BONFOSSE,50750,215
ST MARTIN DE CENILLY,50210,215
ST MARTIN DE VARREVILLE,50480,215
ST MARTIN DU BOSCHET,77320,215
ST MARTIN EN BIERE,77630,215
ST MARTIN LE BOUILLANT,50800,215
ST MARTIN LE GREARD,50690,215
ST MAUR DES BOIS,50800,215
ST MAURICE EN COTENTIN,50270,215
ST MERY,77720,215
ST MESMES,77410,215
ST MICHEL DE MONTJOIE,50670,215
ST NICOLAS DE PIERREPONT,50250,215
ST NICOLAS DES BOIS,50370,215
ST OUEN EN BRIE,77720,215
ST OUEN L AUMONE,95310,215
ST OUEN SUR MORIN,77750,215
ST OVIN,50300,215
ST PAIR SUR MER,50380,215
ST PATHUS,77178,215
ST PATRICE DE CLAIDS,50190,215
ST PIERRE D ARTHEGLISE,50270,215
ST PIERRE DE COUTANCES,50200,215
ST PIERRE DE SEMILLY,50810,215
ST PIERRE EGLISE,50330,215
ST PIERRE LANGERS,50530,215
ST PIERRE LES NEMOURS,77140,215
ST PLANCHERS,50400,215
ST POIS,50670,215
ST QUENTIN SUR LE HOMME,50220,215
ST REMY DE LA VANNE,77320,215
ST SAUVEUR DE PIERREPONT,50250,215
ST SAUVEUR LA POMMERAYE,50510,215
ST SAUVEUR LE VICOMTE,50390,215
ST SAUVEUR LES BRAY,77480,215
ST SAUVEUR SUR ECOLE,77930,215
ST SAUVEUR VILLAGES,50200,215
ST SEBASTIEN DE RAIDS,50190,215
ST SENIER DE BEUVRON,50240,215
ST SENIER SOUS AVRANCHES,50300,215
ST SOUPPLETS,77165,215
ST THIBAULT DES VIGNES,77400,215
ST VAAST LA HOUGUE,50550,215
ST VIGOR DES MONTS,50420,215
ST WITZ,95470,215
STE AULDE,77260,215
STE CECILE,50800,215
STE MERE EGLISE,50480,215
STE SUZANNE SUR VIRE,50750,215
SURTAINVILLE,50270,215
SURVILLIERS,95470,215
TAILLEPIED,50390,215
TAMERVILLE,50700,215
TANCROU,77440,215
TAVERNY,95150,215
TERRE ET MARAIS,50500,215
TESSY BOCAGE,50420,215
TEURTHEVILLE BOCAGE,50630,215
TEURTHEVILLE HAGUE,50690,215
THEMERICOURT,95450,215
THENISY,77520,215
THEREVAL,50180,215
THEVILLE,50330,215
THOMERY,77810,215
THORIGNY SUR MARNE,77400,215
THOURY FEROTTES,77940,215
TIGEAUX,77163,215
TIREPIED SUR SEE,50300,215
TOLLEVAST,50470,215
TORIGNY LES VILLES,50160,215
TOUQUIN,77131,215
TOURNAN EN BRIE,77220,215
TOURNEVILLE SUR MER,50660,215
TOURVILLE SUR SIENNE,50200,215
TOUSSON,77123,215
TREAUVILLE,50340,215
TREUZY LEVELAY,77710,215
TRIBEHOU,50620,215
TRILBARDOU,77450,215
TRILPORT,77470,215
TROCY EN MULTIEN,77440,215
TURQUEVILLE,50480,215
URY,77760,215
US,95450,215
USSY SUR MARNE,77260,215
VAINS,50300,215
VAIRES SUR MARNE,77360,215
VALCANVILLE,50760,215
VALENCE EN BRIE,77830,215
VALLANGOUJARD,95810,215
VALMONDOIS,95760,215
VALOGNES,50700,215
VANVILLE,77370,215
VARENGUEBEC,50250,215
VARENNES SUR SEINE,77130,215
VAROUVILLE,50330,215
VARREDDES,77910,215
VAUCOURTOIS,77580,215
VAUDHERLAND,95500,215
VAUDOY EN BRIE,77141,215
VAUDREVILLE,50310,215
VAUREAL,95490,215
VAUX LE PENIL,77000,215
VAUX SUR LUNAIN,77710,215
VEMARS,95470,215
VENDREST,77440,215
VER,50450,215
VERDELOT,77510,215
VERNEUIL L ETANG,77390,215
VERNIX,50370,215
VERNOU LA CELLE SUR SEINE,77670,215
VERT ST DENIS,77240,215
VETHEUIL,95510,215
VIARMES,95270,215
VICQ SUR MER,50330,215
VIDECOSVILLE,50630,215
VIENNE EN ARTHIES,95510,215
VIEUX CHAMPAGNE,77370,215
VIGNELY,77450,215
VILLAINES SOUS BOIS,95570,215
VILLE ST JACQUES,77130,215
VILLEBAUDON,50410,215
VILLEBEON,77710,215
VILLECERF,77250,215
VILLEDIEU LES POELES ROUFFIGNY,50800,215
VILLEMARECHAL,77710,215
VILLEMAREUIL,77470,215
VILLEMER,77250,215
VILLENAUXE LA PETITE,77480,215
VILLENEUVE LE COMTE,77174,215
VILLENEUVE LES BORDES,77154,215
VILLENEUVE SOUS DAMMARTIN,77230,215
VILLENEUVE ST DENIS,77174,215
VILLENEUVE SUR BELLOT,77510,215
VILLENOY,77124,215
VILLEPARISIS,77270,215
VILLERON,95380,215
VILLEROY,77410,215
VILLERS EN ARTHIES,95510,215
VILLEVAUDE,77410,215
VILLIERS ADAM,95840,215
VILLIERS EN BIERE,77190,215
VILLIERS FOSSARD,50680,215
VILLIERS LE BEL,95400,215
VILLIERS SOUS GREZ,77760,215
VILLIERS ST GEORGES,77560,215
VILLIERS SUR MORIN,77580,215
VILLIERS SUR SEINE,77114,215
VILLUIS,77480,215
VIMPELLES,77520,215
VINANTES,77230,215
VINCY MANOEUVRE,77139,215
VIRANDEVILLE,50690,215
VOINSLES,77540,215
VOISENON,77950,215
VOULANGIS,77580,215
VOULTON,77560,215
VOULX,77940,215
VULAINES LES PROVINS,77160,215
VULAINES SUR SEINE,77870,215
WY DIT JOLI VILLAGE,95420,215
YEBLES,77390,215
YQUELON,50400,215
YVETOT BOCAGE,50700,215
ABBEVILLE ST LUCIEN,60480,201
ABLAIN ST NAZAIRE,62153,201
ABLAINZEVELLE,62116,201
ACHEVILLE,62320,201
ACHICOURT,62217,201
ACHIET LE GRAND,62121,201
ACHIET LE PETIT,62121,201
ACHY,60690,201
ACLOU,27800,201
ACON,27570,201
ACQ,62144,201
ACQUIGNY,27400,201
ACQUIN WESTBECOURT,62380,201
ACY EN MULTIEN,60620,201
ADINFER,62116,201
AFFRINGUES,62380,201
AGNETZ,60600,201
AGNEZ LES DUISANS,62161,201
AGNIERES,62690,201
AGNY,62217,201
AIGLEVILLE,27120,201
AIGUEPERSE,63260,201
AILLEVILLE,10200,201
AILLY,27600,201
AIRE SUR L ADOUR,40800,201
AIRE SUR LA LYS,62120,201
AIRION,60600,201
AIRON NOTRE DAME,62180,201
AIRON ST VAAST,62180,201
AIX EN ERGNY,62650,201
AIX EN ISSART,62170,201
AIX LA FAYETTE,63980,201
AIX NOULETTE,62160,201
AIX VILLEMAUR PALIS,10160,201
AIZIER,27500,201
ALEMBON,62850,201
ALETTE,62650,201
ALINCTHUN,62142,201
ALIZAY,27460,201
ALLEREY SUR SAONE,71350,201
ALLERIOT,71380,201
ALLIBAUDIERES,10700,201
ALLONNE,60000,201
ALLOUAGNE,62157,201
ALQUINES,62850,201
ALUZE,71510,201
AMANCE,10140,201
AMANZE,71800,201
AMBENAY,27250,201
AMBERIEU EN BUGEY,01500,201
AMBERIEUX EN DOMBES,01330,201
AMBERT,63600,201
AMBLAINVILLE,60110,201
AMBLEON,01300,201
AMBLETEUSE,62164,201
AMBLOY,41310,201
AMBRICOURT,62310,201
AMBRINES,62127,201
AMBRONAY,01500,201
AMBUTRIX,01500,201
AMECOURT,27140,201
AMES,62190,201
AMETTES,62260,201
AMEUGNY,71460,201
AMFREVILLE LES CHAMPS,27380,201
AMFREVILLE SOUS LES MONTS,27380,201
AMFREVILLE ST AMAND,27370,201
AMFREVILLE SUR ITON,27400,201
AMOU,40330,201
AMPLIER,62760,201
AMY,60310,201
ANDE,27430,201
ANDERT ET CONDON,01300,201
ANDEVILLE,60570,201
ANDRES,62340,201
ANGE,41400,201
ANGERVILLE LA CAMPAGNE,27930,201
ANGICOURT,60940,201
ANGIVILLERS,60130,201
ANGLEFORT,01350,201
ANGLURE SOUS DUN,71170,201
ANGOUME,40990,201
ANGRES,62143,201
ANGRESSE,40150,201
ANGY,60250,201
ANNEQUIN,62149,201
ANNEZIN,62232,201
ANOST,71550,201
ANSACQ,60250,201
ANSAUVILLERS,60120,201
ANTHEUIL PORTES,60162,201
ANTOINGT,63340,201
ANTULLY,71400,201
ANVIN,62134,201
ANZAT LE LUGUET,63420,201
ANZIN ST AUBIN,62223,201
ANZY LE DUC,71110,201
APATOU,97317,201
APCHAT,63420,201
APPEVILLE ANNEBAULT,27290,201
APPILLY,60400,201
APREMONT,01100,201
ARANC,01110,201
ARANDAS,01230,201
ARBENT,01100,201
ARBIGNY,01190,201
ARBOUCAVE,40320,201
ARBOYS EN BUGEY,01300,201
ARCIS SUR AUBE,10700,201
ARCONSAT,63250,201
ARCONVILLE,10200,201
ARDES,63420,201
ARDRES,62610,201
AREINES,41100,201
ARENGOSSE,40110,201
ARGANCON,10140,201
ARGELOS,40700,201
ARGELOUSE,40430,201
ARGIS,01230,201
ARLANC,63220,201
ARLEUX EN GOHELLE,62580,201
ARMANCOURT,60880,201
ARMENTIERES SUR AVRE,27820,201
ARMIX,01510,201
ARNIERES SUR ITON,27180,201
ARRAS,62000,201
ARRELLES,10340,201
ARREMBECOURT,10330,201
ARRENTIERES,10200,201
ARS LES FAVETS,63700,201
ARS SUR FORMANS,01480,201
ARSAGUE,40330,201
ARSONVAL,10200,201
ARSY,60190,201
ARTAIX,71110,201
ARTASSENX,40090,201
ARTEMARE,01510,201
ARTHEZ D ARMAGNAC,40190,201
ARTINS,41800,201
ARTONNE,63460,201
ARUE,40120,201
ARVIERE EN VALROMEY,01260,201
ARX,40310,201
ASNIERES,27260,201
ASNIERES SUR SAONE,01570,201
ASSENAY,10320,201
ASSENCIERES,10220,201
ATHIES,62223,201
ATTICHY,60350,201
ATTIGNAT,01340,201
ATTIN,62170,201
AUBAGNAN,40700,201
AUBERVILLIERS,93300,201
AUBETERRE,10150,201
AUBIAT,63260,201
AUBIERE,63170,201
AUBIGNY EN ARTOIS,62690,201
AUBIN ST VAAST,62140,201
AUBROMETZ,62390,201
AUBUSSON D AUVERGNE,63120,201
AUCHEL,62260,201
AUCHY AU BOIS,62190,201
AUCHY LA MONTAGNE,60360,201
AUCHY LES HESDIN,62770,201
AUCHY LES MINES,62138,201
AUDEMBERT,62250,201
AUDIGNON,40500,201
AUDINCTHUN,62560,201
AUDINGHEN,62179,201
AUDON,40400,201
AUDREHEM,62890,201
AUDRESSELLES,62164,201
AUDRUICQ,62370,201
AUGER ST VINCENT,60800,201
AUGEROLLES,63930,201
AUGNAT,63340,201
AULHAT FLAT,63500,201
AULNAT,63510,201
AULNAY,10240,201
AULNAY SOUS BOIS,93600,201
AULNAY SUR ITON,27180,201
AUMERVAL,62550,201
AUMONT EN HALATTE,60300,201
AUNEUIL,60390,201
AUREILHAN,40200,201
AURICE,40500,201
AURIERES,63210,201
AUTAINVILLE,41240,201
AUTEUIL,60390,201
AUTHEUIL AUTHOUILLET,27490,201
AUTHEUIL EN VALOIS,60890,201
AUTHEVERNES,27420,201
AUTHEZAT,63114,201
AUTHOU,27290,201
AUTHUMES,71270,201
AUTINGUES,62610,201
AUTRECHES,60350,201
AUTUN,71400,201
AUX MARAIS,60000,201
AUXI LE CHATEAU,62390,201
AUXON,10130,201
AUZAT LA COMBELLE,63570,201
AUZELLES,63590,201
AVANT LES MARCILLY,10400,201
AVANT LES RAMERUPT,10240,201
AVARAY,41500,201
AVERDOINGT,62127,201
AVERDON,41330,201
AVESNES,62650,201
AVESNES LE COMTE,62810,201
AVESNES LES BAPAUME,62450,201
AVILLY ST LEONARD,60300,201
AVION,62210,201
AVIREY LINGEY,10340,201
AVIRON,27930,201
AVON LA PEZE,10290,201
AVONDANCE,62310,201
AVRECHY,60130,201
AVREUIL,10130,201
AVRIGNY,60190,201
AVROULT,62560,201
AWALA YALIMAPO,97319,201
AYAT SUR SIOULE,63390,201
AYDAT,63970,201
AYETTE,62116,201
AZE,41100,201
AZINCOURT,62310,201
AZUR,40140,201
BABOEUF,60400,201
BACOUEL,60120,201
BACQUEPUIS,27930,201
BACQUEVILLE,27440,201
BAFFIE,63600,201
BAGE DOMMARTIN,01380,201
BAGE LE CHATEL,01380,201
BAGNEUX LA FOSSE,10340,201
BAGNOLET,93170,201
BAGNOLS,63810,201
BAHUS SOUBIRAN,40320,201
BAIGTS,40380,201
BAILLEUL AUX CORNAILLES,62127,201
BAILLEUL LA VALLEE,27260,201
BAILLEUL LE SOC,60190,201
BAILLEUL LES PERNES,62550,201
BAILLEUL SIR BERTHOULT,62580,201
BAILLEUL SUR THERAIN,60930,201
BAILLEULMONT,62123,201
BAILLEULVAL,62123,201
BAILLEVAL,60140,201
BAILLOU,41170,201
BAILLY,60170,201
BAILLY LE FRANC,10330,201
BAINCTHUN,62360,201
BAINGHEN,62850,201
BAJUS,62150,201
BALAGNY SUR THERAIN,60250,201
BALAN,01360,201
BALIGNICOURT,10330,201
BALINES,27130,201
BALINGHEM,62610,201
BALLORE,71220,201
BALNOT LA GRANGE,10210,201
BALNOT SUR LAIGNES,10110,201
BANCOURT,62450,201
BANEINS,01990,201
BANOS,40500,201
BANSAT,63570,201
BANTANGES,71500,201
BAPAUME,62450,201
BAR SUR AUBE,10200,201
BAR SUR SEINE,10110,201
BARALLE,62860,201
BARASTRE,62124,201
BARBEREY ST SULPICE,10600,201
BARBUISE,10400,201
BARC,27170,201
BARGNY,60620,201
BARIZEY,71640,201
BARLIN,62620,201
BARLY,62810,201
BARNAY,71540,201
BARNEVILLE SUR SEINE,27310,201
BAROVILLE,10200,201
BARQUET,27170,201
BARVILLE,27230,201
BAS ET LEZAT,63310,201
BAS MAUCO,40500,201
BASCONS,40090,201
BASSERCLES,40700,201
BASSEUX,62123,201
BASTENNES,40360,201
BATS,40320,201
BAUDEMONT,71800,201
BAUDIGNAN,40310,201
BAUDRIERES,71370,201
BAUZY,41250,201
BAVINCOURT,62158,201
BAYEL,10310,201
BAYENGHEM LES EPERLECQUES,62910,201
BAYENGHEM LES SENINGHEM,62380,201
BAZICOURT,60700,201
BAZINCOURT SUR EPTE,27140,201
BAZINGHEN,62250,201
BAZOQUES,27230,201
BEALENCOURT,62770,201
BEARD GEOVREISSIAT,01460,201
BEAUBERY,71220,201
BEAUBRAY,27190,201
BEAUCE LA ROMAINE,41160,201
BEAUCHENE,41170,201
BEAUDEDUIT,60210,201
BEAUDRICOURT,62810,201
BEAUFICEL EN LYONS,27480,201
BEAUFORT BLAVINCOURT,62810,201
BEAUGIES SOUS BOIS,60640,201
BEAULENCOURT,62450,201
BEAULIEU LES FONTAINES,60310,201
BEAUMERIE ST MARTIN,62170,201
BEAUMETZ LES AIRE,62960,201
BEAUMETZ LES CAMBRAI,62124,201
BEAUMETZ LES LOGES,62123,201
BEAUMONT LE ROGER,27170,201
BEAUMONT LES NONAINS,60390,201
BEAUMONT LES RANDAN,63310,201
BEAUMONT SUR GROSNE,71240,201
BEAUMONTEL,27170,201
BEAUPONT,01270,201
BEAURAINS,62217,201
BEAURAINS LES NOYON,60400,201
BEAURAINVILLE,62990,201
BEAUREGARD,01480,201
BEAUREGARD L EVEQUE,63116,201
BEAUREGARD VENDON,63460,201
BEAUREPAIRE EN BRESSE,71580,201
BEAUVAIS,60000,201
BEAUVERNOIS,71270,201
BEAUVOIR WAVANS,62390,201
BEAUVOIS,62130,201
BECOURT,62240,201
BEGAAR,40400,201
BEHAGNIES,62121,201
BEHERICOURT,60400,201
BELHADE,40410,201
BELIGNEUX,01360,201
BELIS,40120,201
BELLE EGLISE,60540,201
BELLE ET HOULLEFORT,62142,201
BELLEBRUNE,62142,201
BELLEVESVRE,71270,201
BELLEY,01300,201
BELLEYDOUX,01130,201
BELLIGNAT,01100,201
BELLINGHEM,62129,201
BELLONNE,62490,201
BELLOY,60490,201
BELUS,40300,201
BEMECOURT,27160,201
BENESSE LES DAX,40180,201
BENESSE MAREMNE,40230,201
BENIFONTAINE,62410,201
BENONCES,01470,201
BENQUET,40280,201
BENY,01370,201
BERCENAY EN OTHE,10190,201
BERCENAY LE HAYER,10290,201
BERCK,62600,201
BERENGEVILLE LA CAMPAGNE,27110,201
BEREZIAT,01340,201
BERGERES,10200,201
BERGESSERIN,71250,201
BERGONNE,63500,201
BERGOUEY,40250,201
BERGUENEUSE,62134,201
BERLENCOURT LE CAUROY,62810,201
BERLES AU BOIS,62123,201
BERLES MONCHEL,62690,201
BERMICOURT,62130,201
BERNAY,27300,201
BERNEUIL EN BRAY,60390,201
BERNEUIL SUR AISNE,60350,201
BERNEVILLE,62123,201
BERNIENVILLE,27180,201
BERNIEULLES,62170,201
BERNON,10130,201
BERNOUVILLE,27660,201
BERTHECOURT,60370,201
BERTHOUVILLE,27800,201
BERTIGNAT,63480,201
BERTIGNOLLES,10110,201
BERTINCOURT,62124,201
BERULLE,10160,201
BERVILLE LA CAMPAGNE,27170,201
BERVILLE SUR MER,27210,201
BERZE LA VILLE,71960,201
BERZE LE CHATEL,71960,201
BESSE ET ST ANASTAISE,63610,201
BESSY,10170,201
BETBEZER D ARMAGNAC,40240,201
BETHANCOURT EN VALOIS,60129,201
BETHISY ST MARTIN,60320,201
BETHISY ST PIERRE,60320,201
BETHONSART,62690,201
BETHUNE,62400,201
BETIGNICOURT,10500,201
BETTANT,01500,201
BETZ,60620,201
BEUGIN,62150,201
BEUGNATRE,62450,201
BEUGNY,62124,201
BEUREY,10140,201
BEURIERES,63220,201
BEUSSENT,62170,201
BEUTIN,62170,201
BEUVREQUEN,62250,201
BEUVRY,62660,201
BEUZEVILLE,27210,201
BEY,01290,201
BEYLONGUE,40370,201
BEYNOST,01700,201
BEYRIES,40700,201
BEZINGHEM,62650,201
BEZU LA FORET,27480,201
BEZU ST ELOI,27660,201
BIACHE ST VAAST,62118,201
BIARROTTE,40390,201
BIAS,40170,201
BIAUDOS,40390,201
BIEFVILLERS LES BAPAUME,62450,201
BIENVILLE,60280,201
BIENVILLERS AU BOIS,62111,201
BIERMONT,60490,201
BIHUCOURT,62121,201
BILLIAT,01200,201
BILLOM,63160,201
BILLY BERCLAU,62138,201
BILLY MONTIGNY,62420,201
BIMONT,62650,201
BINAS,41240,201
BIOLLET,63640,201
BIRIEUX,01330,201
BISCARROSSE,40600,201
BISSEY SOUS CRUCHAUD,71390,201
BISSY LA MACONNAISE,71260,201
BISSY SOUS UXELLES,71460,201
BISSY SUR FLEY,71460,201
BIZIAT,01290,201
BLACOURT,60650,201
BLAINCOURT LES PRECY,60460,201
BLAINCOURT SUR AUBE,10500,201
BLAIRVILLE,62173,201
BLANCFOSSE,60120,201
BLANGERVAL BLANGERMONT,62270,201
BLANGY SUR TERNOISE,62770,201
BLANZAT,63112,201
BLANZY,71450,201
BLARGIES,60220,201
BLENDECQUES,62575,201
BLEQUIN,62380,201
BLESSY,62120,201
BLICOURT,60860,201
BLIGNICOURT,10500,201
BLIGNY,10200,201
BLINCOURT,60190,201
BLINGEL,62770,201
BLOIS,41000,201
BLOT L EGLISE,63440,201
BLYES,01150,201
BOBIGNY,93000,201
BOFFLES,62390,201
BOHAS MEYRIAT RIGNAT,01250,201
BOIRY BECQUERELLE,62128,201
BOIRY NOTRE DAME,62156,201
BOIRY ST MARTIN,62175,201
BOIRY STE RICTRUDE,62175,201
BOIS ANZERAY,27330,201
BOIS ARNAULT,27250,201
BOIS BERNARD,62320,201
BOIS JEROME ST OUEN,27620,201
BOIS LE ROI,27220,201
BOIS NORMAND PRES LYRE,27330,201
BOIS STE MARIE,71800,201
BOISDINGHEM,62500,201
BOISJEAN,62170,201
BOISLEUX AU MONT,62175,201
BOISLEUX ST MARC,62175,201
BOISNEY,27800,201
BOISSEAU,41290,201
BOISSET LES PREVANCHES,27120,201
BOISSEY,01190,201
BOISSEY LE CHATEL,27520,201
BOISSY FRESNOY,60440,201
BOISSY LAMBERVILLE,27300,201
BOLOZON,01450,201
BOMY,62960,201
BONDY,93140,201
BONGHEAT,63160,201
BONLIER,60510,201
BONNAY ST YTHAIRE,71460,201
BONNEGARDE,40330,201
BONNEUIL EN VALOIS,60123,201
BONNEUIL LES EAUX,60120,201
BONNEVEAU,41800,201
BONNEVILLE APTOT,27290,201
BONNIERES,60112,201
BONNINGUES LES ARDRES,62890,201
BONNINGUES LES CALAIS,62340,201
BONVILLERS,60120,201
BORAN SUR OISE,60820,201
BORDERES ET LAMENSANS,40270,201
BOREST,60300,201
BORNEL,60540,201
BORT L ETANG,63190,201
BOSGOUET,27310,201
BOSJEAN,71330,201
BOSQUENTIN,27480,201
BOSROBERT,27800,201
BOSROUMOIS,27670,201
BOSSANCOURT,10140,201
BOSTENS,40090,201
BOUAFLES,27700,201
BOUBERS LES HESMOND,62990,201
BOUBERS SUR CANCHE,62270,201
BOUBIERS,60240,201
BOUCHEVILLIERS,27150,201
BOUCONVILLERS,60240,201
BOUDES,63340,201
BOUFFRY,41270,201
BOUGUE,40090,201
BOUHANS,71330,201
BOUILLANCY,60620,201
BOUILLY,10320,201
BOUIN PLUMOISON,62140,201
BOULAGES,10380,201
BOULIGNEUX,01330,201
BOULLARRE,60620,201
BOULLEVILLE,27210,201
BOULOGNE LA GRASSE,60490,201
BOULOGNE SUR MER,62200,201
BOUQUEHAULT,62340,201
BOUQUELON,27500,201
BOUQUETOT,27310,201
BOURANTON,10270,201
BOURBON LANCY,71140,201
BOURDALAT,40190,201
BOURDENAY,10290,201
BOURECQ,62190,201
BOURET SUR CANCHE,62270,201
BOURG ACHARD,27310,201
BOURG BEAUDOUIN,27380,201
BOURG EN BRESSE,01000,201
BOURG LASTIC,63760,201
BOURG LE COMTE,71110,201
BOURG ST CHRISTOPHE,01800,201
BOURGUIGNONS,10110,201
BOURGVILAIN,71520,201
BOURLON,62860,201
BOURNAINVILLE FAVEROLLES,27230,201
BOURNEVILLE STE CROIX,27500,201
BOURNONVILLE,62240,201
BOURRIOT BERGONCE,40120,201
BOURS,62550,201
BOURSAY,41270,201
BOURSIN,62132,201
BOURSONNE,60141,201
BOURTH,27580,201
BOURTHES,62650,201
BOURY EN VEXIN,60240,201
BOUTENCOURT,60590,201
BOUVELINGHEM,62380,201
BOUVIGNY BOYEFFLES,62172,201
BOUVRESSE,60220,201
BOUY LUXEMBOURG,10220,201
BOUY SUR ORVIN,10400,201
BOUZEL,63910,201
BOUZERON,71150,201
BOYAVAL,62134,201
BOYELLES,62128,201
BOYEUX ST JEROME,01640,201
BOZ,01190,201
BRACIEUX,41250,201
BRAGELOGNE BEAUVOIR,10340,201
BRAGNY SUR SAONE,71350,201
BRAISNES SUR ARONDE,60113,201
BRANGES,71500,201
BRASSAC LES MINES,63570,201
BRASSEMPOUY,40330,201
BRASSEUSE,60810,201
BRAY,27170,201
BREBIERES,62117,201
BREGNIER CORDON,01300,201
BREGY,60440,201
BREMES,62610,201
BRENAT,63500,201
BRENOD,01110,201
BRENOUILLE,60870,201
BRENS,01300,201
BRESLES,60510,201
BRESSE SUR GROSNE,71460,201
BRESSE VALLONS,01340,201
BRESSOLLES,01360,201
BRESTOT,27350,201
BRETAGNE DE MARSAN,40280,201
BRETAGNOLLES,27220,201
BRETEUIL,27160,201
BREUIL LE SEC,60840,201
BREUIL LE VERT,60600,201
BREUILPONT,27640,201
BREUX SUR AVRE,27570,201
BREVAINVILLE,41160,201
BREVIANDES,10450,201
BREVILLERS,62140,201
BREVONNES,10220,201
BREXENT ENOCQ,62170,201
BRIANT,71110,201
BRIAS,62130,201
BRIEL SUR BARSE,10140,201
BRIENNE,71290,201
BRIENNE LA VIEILLE,10500,201
BRIENNE LE CHATEAU,10500,201
BRIFFONS,63820,201
BRILLECOURT,10240,201
BRIMEUX,62170,201
BRION,01460,201
BRIONNE,27800,201
BRIORD,01470,201
BRIOT,60210,201
BRIOU,41370,201
BROCAS,40420,201
BROGLIE,27270,201
BROMBOS,60210,201
BROMONT LAMOTHE,63230,201
BROQUIERS,60220,201
BROSVILLE,27930,201
BROYE,71190,201
BRUAILLES,71500,201
BRUAY LA BUISSIERE,62700,201
BRUNEMBERT,62240,201
BRUNVILLERS LA MOTTE,60130,201
BUANES,40320,201
BUCAMPS,60480,201
BUCEY EN OTHE,10190,201
BUCHERES,10800,201
BUCQUOY,62116,201
BUEIL,27730,201
BUELLAS,01310,201
BUFFIERES,71250,201
BUICOURT,60380,201
BUIRE AU BOIS,62390,201
BUIRE LE SEC,62870,201
BUISSY,62860,201
BULHON,63350,201
BULLECOURT,62128,201
BULLES,60130,201
BULLY LES MINES,62160,201
BUNEVILLE,62130,201
BURBURE,62151,201
BUREY,27190,201
BURGY,71260,201
BURNAND,71460,201
BURY,60250,201
BURZY,71460,201
BUS,62124,201
BUSLOUP,41160,201
BUSNES,62350,201
BUSSEOL,63270,201
BUSSIERES ET PRUNS,63260,201
BUXEUIL,10110,201
BUXIERES SOUS MONTAIGUT,63700,201
BUXIERES SUR ARCE,10110,201
BUXY,71390,201
CACHEN,40120,201
CAFFIERS,62132,201
CAGNICOURT,62182,201
CAGNOTTE,40300,201
CAILLOUET ORGEVILLE,27120,201
CAILLY SUR EURE,27490,201
CAISNES,60400,201
CALAIS,62100,201
CALLEN,40430,201
CALLEVILLE,27800,201
CALONNE RICOUART,62470,201
CALONNE SUR LA LYS,62350,201
CAMBLAIN CHATELAIN,62470,201
CAMBLAIN L ABBE,62690,201
CAMBLIGNEUL,62690,201
CAMBRIN,62149,201
CAMBRONNE LES CLERMONT,60290,201
CAMBRONNE LES RIBECOURT,60170,201
CAMIERS,62176,201
CAMOPI,97330,201
CAMPAGNE LES BOULONNAIS,62650,201
CAMPAGNE LES GUINES,62340,201
CAMPAGNE LES HESDIN,62870,201
CAMPAGNE LES WARDRECQUES,62120,201
CAMPEAUX,60220,201
CAMPET ET LAMOLERE,40090,201
CAMPIGNEULLES LES GRANDES,62170,201
CAMPIGNEULLES LES PETITES,62170,201
CAMPREMY,60480,201
CANAPPEVILLE,27400,201
CANDE SUR BEUVRON,41120,201
CANDOR,60310,201
CANDRESSE,40180,201
CANENX ET REAUT,40090,201
CANETTEMONT,62270,201
CANLERS,62310,201
CANLY,60680,201
CANNECTANCOURT,60310,201
CANNY SUR MATZ,60310,201
CANNY SUR THERAIN,60220,201
CAORCHES ST NICOLAS,27300,201
CAPBRETON,40130,201
CAPELLE FERMONT,62690,201
CAPELLE LES GRANDS,27270,201
CAPELLE LES HESDIN,62140,201
CARCARES STE CROIX,40400,201
CARCEN PONSON,40400,201
CARENCY,62144,201
CARLEPONT,60170,201
CARLY,62830,201
CARVIN,62220,201
CASSEN,40380,201
CASTAIGNOS SOUSLENS,40700,201
CASTANDET,40270,201
CASTEL SARRAZIN,40330,201
CASTELNAU CHALOSSE,40360,201
CASTELNAU TURSAN,40320,201
CASTELNER,40700,201
CASTETS,40260,201
CATENOY,60840,201
CATHEUX,60360,201
CATIGNY,60640,201
CATILLON FUMECHON,60130,201
CAUCHY A LA TOUR,62260,201
CAUCOURT,62150,201
CAUFFRY,60290,201
CAUGE,27180,201
CAUNA,40500,201
CAUNEILLE,40300,201
CAUPENNE,40250,201
CAUVERVILLE EN ROUMOIS,27350,201
CAUVIGNY,60730,201
CAVRON ST MARTIN,62140,201
CAYENNE,97300,201
CAZERES SUR L ADOUR,40270,201
CEBAZAT,63118,201
CEIGNES,01430,201
CEILLOUX,63520,201
CELLE,41360,201
CELLES SUR DUROLLE,63250,201
CELLES SUR OURCE,10110,201
CEMPUIS,60210,201
CERDON,01450,201
CERE,40090,201
CERNOY,60190,201
CERON,71110,201
CERSOT,71390,201
CERTINES,01240,201
CESSEVILLE,27110,201
CESSY,01170,201
CEYRAT,63122,201
CEYSSAT,63210,201
CEYZERIAT,01250,201
CEYZERIEU,01350,201
CHABRELOCHE,63250,201
CHACENAY,10110,201
CHADELEUF,63320,201
CHAIGNES,27120,201
CHAILLES,41120,201
CHAINTRE,71570,201
CHAISE DIEU DU THEIL,27580,201
CHALAMONT,01320,201
CHALEINS,01480,201
CHALETTE SUR VOIRE,10500,201
CHALEY,01230,201
CHALLES LA MONTAGNE,01450,201
CHALLEX,01630,201
CHALMOUX,71140,201
CHALON SUR SAONE,71100,201
CHALUS,63340,201
CHAMALIERES,63400,201
CHAMANT,60300,201
CHAMBARON SUR MORGE,63200,201
CHAMBILLY,71110,201
CHAMBLAC,27270,201
CHAMBLY,60230,201
CHAMBOIS,27240,201
CHAMBON SUR DOLORE,63980,201
CHAMBON SUR LAC,63790,201
CHAMBORD,27250,201
CHAMBORS,60240,201
CHAMBRAY,27120,201
CHAMILLY,71510,201
CHAMOY,10130,201
CHAMP DOLENT,27190,201
CHAMP SUR BARSE,10140,201
CHAMPAGNAT LE JEUNE,63580,201
CHAMPAGNE EN VALROMEY,01260,201
CHAMPAGNY SOUS UXELLES,71460,201
CHAMPDOR CORCELLES,01110,201
CHAMPEIX,63320,201
CHAMPENARD,27600,201
CHAMPETIERES,63600,201
CHAMPFLEURY,10700,201
CHAMPFORGEUIL,71530,201
CHAMPFROMIER,01410,201
CHAMPIGNOL LEZ MONDEVILLE,10200,201
CHAMPIGNY EN BEAUCE,41330,201
CHAMPIGNY LA FUTELAYE,27220,201
CHAMPIGNY SUR AUBE,10700,201
CHAMPLECY,71120,201
CHANAT LA MOUTEYRE,63530,201
CHANAY,01420,201
CHANCIA,01590,201
CHANEINS,01990,201
CHANES,71570,201
CHANNES,10340,201
CHANONAT,63450,201
CHANOZ CHATENAY,01400,201
CHANTILLY,60500,201
CHAON,41600,201
CHAOURCE,10210,201
CHAPAIZE,71460,201
CHAPDES BEAUFORT,63230,201
CHAPELLE VALLON,10700,201
CHAPTUZAT,63260,201
CHARBONNAT,71320,201
CHARBONNIER LES MINES,63340,201
CHARBONNIERES LES VARENNES,63410,201
CHARBONNIERES LES VIEILLES,63410,201
CHARDONNAY,71700,201
CHARENSAT,63640,201
CHARETTE VARENNES,71270,201
CHARIX,01130,201
CHARMONT SOUS BARBUISE,10150,201
CHARMOY,10290,201
CHARNAT,63290,201
CHARNAY LES CHALON,71350,201
CHARNAY LES MACON,71850,201
CHARNOZ SUR AIN,01800,201
CHARNY LE BACHOT,10380,201
CHAROLLES,71120,201
CHARRECEY,71510,201
CHAS,63160,201
CHASEREY,10210,201
CHASSAGNE,63320,201
CHASSELAS,71570,201
CHASSEY LE CAMP,71150,201
CHASSIGNY SOUS DUN,71170,201
CHASTREIX,63680,201
CHATEAU,71250,201
CHATEAU GAILLARD,01500,201
CHATEAU SUR CHER,63330,201
CHATEAU SUR EPTE,27420,201
CHATEAUGAY,63119,201
CHATEAUNEUF LES BAINS,63390,201
CHATEL GUYON,63140,201
CHATEL MORON,71510,201
CHATELDON,63290,201
CHATENAY,01320,201
CHATENOY EN BRESSE,71380,201
CHATENOY LE ROYAL,71880,201
CHATILLON LA PALUD,01320,201
CHATILLON SUR CHALARONNE,01400,201
CHATILLON SUR CHER,41130,201
CHATRES,10510,201
CHATRES SUR CHER,41320,201
CHAUCHIGNY,10170,201
CHAUDREY,10240,201
CHAUFFAILLES,71170,201
CHAUFFOUR LES BAILLY,10110,201
CHAUMESNIL,10500,201
CHAUMONT EN VEXIN,60240,201
CHAUMONT LE BOURG,63220,201
CHAUMONT SUR LOIRE,41150,201
CHAUMONT SUR THARONNE,41600,201
CHAURIAT,63117,201
CHAUVIGNY DU PERCHE,41270,201
CHAUVINCOURT PROVEMONT,27150,201
CHAVANGES,10330,201
CHAVANNES SUR REYSSOUZE,01190,201
CHAVAROUX,63720,201
CHAVENCON,60240,201
CHAVEYRIAT,01660,201
CHAVIGNY BAILLEUL,27220,201
CHAZEY BONS,01300,201
CHAZEY SUR AIN,01150,201
CHEIGNIEU LA BALME,01510,201
CHEILLY LES MARANGES,71150,201
CHELERS,62127,201
CHELLES,60350,201
CHEMERY,41700,201
CHENAY LE CHATEL,71340,201
CHENNEBRUN,27820,201
CHENNEGY,10190,201
CHENOVES,71390,201
CHEPOIX,60120,201
CHERIENNES,62140,201
CHERIZET,71250,201
CHERONVILLIERS,27250,201
CHERVEY,10110,201
CHESLEY,10210,201
CHESSY LES PRES,10130,201
CHEVAGNY LES CHEVRIERES,71960,201
CHEVAGNY SUR GUYE,71220,201
CHEVERNY,41700,201
CHEVILLARD,01430,201
CHEVINCOURT,60150,201
CHEVREVILLE,60440,201
CHEVROUX,01190,201
CHEVRY,01170,201
CHEZERY FORENS,01200,201
CHIRY OURSCAMP,60138,201
CHISSAY EN TOURAINE,41400,201
CHISSEY EN MORVAN,71540,201
CHISSEY LES MACON,71460,201
CHITENAY,41120,201
CHOCQUES,62920,201
CHOISY AU BAC,60750,201
CHOISY LA VICTOIRE,60190,201
CHOQUEUSE LES BENARDS,60360,201
CHOUE,41170,201
CHOUSSY,41700,201
CIERREY,27930,201
CINQUEUX,60940,201
CIRES LES MELLO,60660,201
CIRY LE NOBLE,71420,201
CISTERNES LA FORET,63740,201
CIVRIEUX,01390,201
CIZE,01250,201
CLAIRMARAIS,62500,201
CLAIROIX,60280,201
CLASSUN,40320,201
CLAVILLE,27180,201
CLEDES,40320,201
CLEF VALLEE D EURE,27490,201
CLEMENSAT,63320,201
CLENLEU,62650,201
CLEREY,10390,201
CLERLANDE,63720,201
CLERQUES,62890,201
CLESSE,71260,201
CLESSY,71130,201
CLETY,62380,201
CLEYZIEU,01230,201
CLICHY SOUS BOIS,93390,201
CLUNY,71250,201
CLUX VILLENEUVE,71270,201
COCLOIS,10240,201
COIVREL,60420,201
COLEMBERT,62142,201
COLIGNY,01270,201
COLLANDRES QUINCARNON,27190,201
COLLANGES,63340,201
COLLETOT,27500,201
COLLINE BEAUMONT,62180,201
COLLONGE EN CHAROLLAIS,71460,201
COLLONGE LA MADELEINE,71360,201
COLLONGES,01550,201
COLOMBE LA FOSSE,10200,201
COLOMBE LE SEC,10200,201
COLOMBIER EN BRIONNAIS,71800,201
COLOMIEU,01300,201
COMBON,27170,201
COMBRAILLES,63380,201
COMBRONDE,63460,201
COMMENSACQ,40210,201
COMPAINS,63610,201
COMPIEGNE,60200,201
CONAN,41290,201
CONAND,01230,201
CONCHES EN OUCHE,27190,201
CONCHIL LE TEMPLE,62180,201
CONCHY LES POTS,60490,201
CONCHY SUR CANCHE,62270,201
CONCRIERS,41370,201
CONDAL,71480,201
CONDAMINE,01430,201
CONDAT EN COMBRAILLE,63380,201
CONDAT LES MONTBOISSIER,63490,201
CONDE SUR RISLE,27290,201
CONDEISSIAT,01400,201
CONDETTE,62360,201
CONFORT,01200,201
CONFRANCON,01310,201
CONNELLES,27430,201
CONTEVILLE,27210,201
CONTEVILLE EN TERNOIS,62130,201
CONTEVILLE LES BOULOGNE,62126,201
CONTREVOZ,01300,201
CONZIEU,01300,201
COQUELLES,62231,201
CORBEHEM,62112,201
CORBEIL CERF,60110,201
CORBONOD,01420,201
CORDESSE,71540,201
CORENT,63730,201
CORLIER,01110,201
CORMATIN,71460,201
CORMEILLES,27260,201
CORMENON,41170,201
CORMERAY,41120,201
CORMONT,62630,201
CORMORANCHE SUR SAONE,01290,201
CORMOST,10800,201
CORMOZ,01560,201
CORNEVILLE LA FOUQUETIERE,27300,201
CORNEVILLE SUR RISLE,27500,201
CORTAMBERT,71250,201
CORTEVAIX,71460,201
CORVEISSIAT,01250,201
COUBRON,93470,201
COUCHES,71490,201
COUDDES,41700,201
COUDES,63114,201
COUDRAY,27150,201
COUDRES,27220,201
COUDUN,60150,201
COUDURES,40500,201
COUETRON AU PERCHE,41170,201
COUFFY,41110,201
COUIN,62760,201
COULLEMONT,62158,201
COULOGNE,62137,201
COULOISY,60350,201
COULOMBY,62380,201
COULOMMIERS LA TOUR,41100,201
COUPELLE NEUVE,62310,201
COUPELLE VIEILLE,62310,201
COUR CHEVERNY,41700,201
COUR SUR LOIRE,41500,201
COURBEPINE,27300,201
COURCELLES EPAYELLES,60420,201
COURCELLES LE COMTE,62121,201
COURCELLES LES GISORS,60240,201
COURCELLES LES LENS,62970,201
COURCELLES SUR SEINE,27940,201
COURCELLES SUR VOIRE,10500,201
COURCEROY,10400,201
COURDEMANCHE,27320,201
COURGOUL,63320,201
COURMANGOUX,01370,201
COURMEMIN,41230,201
COURNOLS,63450,201
COURNON D AUVERGNE,63800,201
COURPIERE,63120,201
COURRIERES,62710,201
COURSAN EN OTHE,10130,201
COURSET,62240,201
COURTAOULT,10130,201
COURTEILLES,27130,201
COURTENOT,10260,201
COURTERANGES,10270,201
COURTERON,10250,201
COURTES,01560,201
COURTEUIL,60300,201
COURTIEUX,60350,201
COUSSEGREY,10210,201
COUTURELLE,62158,201
COUVIGNON,10200,201
COYE LA FORET,60580,201
COYECQUES,62560,201
CRAMOISY,60660,201
CRANCEY,10100,201
CRANS,01320,201
CRAPEAUMESNIL,60310,201
CRASVILLE,27400,201
CRECHES SUR SAONE,71680,201
CREIL,60100,201
CREMAREST,62240,201
CRENEY PRES TROYES,10150,201
CREON D ARMAGNAC,40240,201
CREOT,71490,201
CREPY EN VALOIS,60800,201
CREQUY,62310,201
CRESANTIGNES,10320,201
CRESPY LE NEUF,10500,201
CRESSIN ROCHEFORT,01350,201
CRESSONSACQ,60190,201
CRESSY SUR SOMME,71760,201
CRESTOT,27110,201
CREVANT LAVEINE,63350,201
CREVECOEUR LE GRAND,60360,201
CREVECOEUR LE PETIT,60420,201
CRILLON,60112,201
CRIQUEBEUF LA CAMPAGNE,27110,201
CRIQUEBEUF SUR SEINE,27340,201
CRISOLLES,60400,201
CROISETTE,62130,201
CROISSY SUR CELLE,60120,201
CROISY SUR EURE,27120,201
CROIX EN TERNOIS,62130,201
CRONAT,71140,201
CROSVILLE LA VIEILLE,27110,201
CROTH,27530,201
CROTTET,01290,201
CROUTOY,60350,201
CROUY EN THELLE,60530,201
CROUY SUR COSSON,41220,201
CROZET,01170,201
CRUCHERAY,41100,201
CRUZILLE,71260,201
CRUZILLES LES MEPILLAT,01290,201
CUCQ,62780,201
CUIGNIERES,60130,201
CUIGY EN BRAY,60850,201
CUINCHY,62149,201
CUISE LA MOTTE,60350,201
CUISEAUX,71480,201
CUISERY,71290,201
CULHAT,63350,201
CULLES LES ROCHES,71460,201
CULOZ BEON,01350,201
CUNFIN,10360,201
CUNLHAT,63590,201
CURBIGNY,71800,201
CURCIAT DONGALON,01560,201
CURDIN,71130,201
CURGY,71400,201
CURTAFOND,01310,201
CURTIL SOUS BUFFIERES,71520,201
CURTIL SOUS BURNAND,71460,201
CUSSANGY,10210,201
CUSSY EN MORVAN,71550,201
CUTS,60400,201
CUVERGNON,60620,201
CUVILLY,60490,201
CUY,60310,201
CUZIEU,01300,201
CUZY,71320,201
DAGNEUX,01120,201
DAINVILLE,62000,201
DAMERAUCOURT,60210,201
DAMEREY,71620,201
DAMPIERRE,10240,201
DAMPIERRE EN BRESSE,71310,201
DANGU,27720,201
DANNES,62187,201
DANZE,41160,201
DARDEZ,27930,201
DARGIES,60210,201
DAUBEUF LA CAMPAGNE,27110,201
DAUBEUF PRES VATTEVILLE,27430,201
DAUZAT SUR VODABLE,63340,201
DAVAYAT,63200,201
DAVAYE,71960,201
DAVREY,10130,201
DAX,40100,201
DELETTES,62129,201
DELINCOURT,60240,201
DEMIGNY,71150,201
DENIER,62810,201
DENNEBROEUCQ,62560,201
DENNEVY,71510,201
DESVRES,62240,201
DETTEY,71190,201
DEVROUZE,71330,201
DEZIZE LES MARANGES,71150,201
DHUIZON,41220,201
DICONNE,71330,201
DIENVILLE,10500,201
DIERREY ST JULIEN,10190,201
DIERREY ST PIERRE,10190,201
DIEUDONNE,60530,201
DIEVAL,62460,201
DIGOIN,71160,201
DIVES,60310,201
DIVION,62460,201
DIVONNE LES BAINS,01220,201
DOAZIT,40700,201
DOHEM,62380,201
DOLANCOURT,10200,201
DOMAIZE,63520,201
DOMELIERS,60360,201
DOMFRONT,60420,201
DOMMARTIN LE COQ,10240,201
DOMMARTIN LES CUISEAUX,71480,201
DOMPIERRE,60420,201
DOMPIERRE LES ORMES,71520,201
DOMPIERRE SOUS SANVIGNES,71420,201
DOMPIERRE SUR CHALARONNE,01400,201
DOMPIERRE SUR VEYLE,01240,201
DOMSURE,01270,201
DONNEMENT,10330,201
DONZACQ,40360,201
DONZY LE PERTUIS,71250,201
DORANGES,63220,201
DORAT,63300,201
DORE L EGLISE,63220,201
DORTAN,01590,201
DOSCHES,10220,201
DOSNON,10700,201
DOUAINS,27120,201
DOUCHY LES AYETTE,62116,201
DOUDEAUVILLE,62830,201
DOUDEAUVILLE EN VEXIN,27150,201
DOURGES,62119,201
DOURIEZ,62870,201
DOUVILLE SUR ANDELLE,27380,201
DOUVRES,01500,201
DOUVRIN,62138,201
DRACY LE FORT,71640,201
DRACY LES COUCHES,71490,201
DRACY ST LOUP,71400,201
DRANCY,93700,201
DROCOURT,62320,201
DROISY,27320,201
DROM,01250,201
DROUE,41270,201
DROUPT ST BASLE,10170,201
DROUPT STE MARIE,10170,201
DROUVIN LE MARAIS,62131,201
DRUCOURT,27230,201
DRUILLAT,01160,201
DUGNY,93440,201
DUHORT BACHEN,40800,201
DUISANS,62161,201
DUMES,40500,201
DURANVILLE,27230,201
DURMIGNAT,63700,201
DURTOL,63830,201
DUVY,60800,201
DYO,71800,201
EAUX PUISEAUX,10130,201
ECAQUELON,27290,201
ECARDENVILLE LA CAMPAGNE,27170,201
ECAUVILLE,27110,201
ECHALLON,01130,201
ECHANDELYS,63980,201
ECHEMINES,10350,201
ECHENEVEX,01170,201
ECHINGHEN,62360,201
ECLANCE,10200,201
ECLIMEUX,62770,201
ECOIVRES,62270,201
ECOUIS,27440,201
ECOURT ST QUENTIN,62860,201
ECOUST ST MEIN,62128,201
ECQUEDECQUES,62190,201
ECQUES,62129,201
ECQUETOT,27110,201
ECUELLES,71350,201
ECUIRES,62170,201
ECUISSES,71210,201
ECURIE,62223,201
ECUVILLY,60310,201
EFFIAT,63260,201
EGLISENEUVE D ENTRAIGUES,63850,201
EGLISENEUVE DES LIARDS,63490,201
EGLISENEUVE PRES BILLOM,63160,201
EGLISOLLES,63840,201
EGUILLY SOUS BOIS,10110,201
ELENCOURT,60210,201
ELEU DIT LEAUWETTE,62300,201
ELINCOURT STE MARGUERITE,60157,201
ELNES,62380,201
ELOISE,01200,201
EMALLEVILLE,27930,201
EMANVILLE,27190,201
EMBRY,62990,201
EMEVILLE,60123,201
ENENCOURT LEAGE,60590,201
ENGENTE,10200,201
ENNEZAT,63720,201
ENQUIN LEZ GUINEGATTE,62145,201
ENQUIN SUR BAILLONS,62650,201
ENVAL,63530,201
EPAGNE,10500,201
EPAIGNES,27260,201
EPEGARD,27110,201
EPERLECQUES,62910,201
EPERTULLY,71360,201
EPERVANS,71380,201
EPIAIS,41290,201
EPINAC,71360,201
EPINAY SUR SEINE,93800,201
EPINEUSE,60190,201
EPINOY,62860,201
EPOTHEMONT,10500,201
EPREVILLE EN LIEUVIN,27560,201
EPREVILLE PRES LE NEUBOURG,27110,201
EPS,62134,201
EPUISAY,41360,201
EQUIHEN PLAGE,62224,201
EQUIRRE,62134,201
ERAGNY SUR EPTE,60590,201
ERCUIS,60530,201
ERGNY,62650,201
ERIN,62134,201
ERMENONVILLE,60950,201
ERNEMONT BOUTAVENT,60380,201
ERNY ST JULIEN,62960,201
ERQUERY,60600,201
ERQUINVILLERS,60130,201
ERVILLERS,62121,201
ERVY LE CHATEL,10130,201
ESCALANS,40310,201
ESCALLES,62179,201
ESCAMES,60380,201
ESCHES,60110,201
ESCLES ST PIERRE,60220,201
ESCOEUILLES,62850,201
ESCOURCE,40210,201
ESCOUTOUX,63300,201
ESPAUBOURG,60650,201
ESPINCHAL,63850,201
ESPIRAT,63160,201
ESQUENNOY,60120,201
ESQUERDES,62380,201
ESSARS,62400,201
ESSERTENNE,71510,201
ESSOYES,10360,201
ESSUILES,60510,201
ESTANDEUIL,63520,201
ESTEIL,63570,201
ESTEVELLES,62880,201
ESTIBEAUX,40290,201
ESTIGARDE,40240,201
ESTISSAC,10190,201
ESTREE,62170,201
ESTREE BLANCHE,62145,201
ESTREE CAUCHY,62690,201
ESTREE WAMIN,62810,201
ESTREELLES,62170,201
ESTREES ST DENIS,60190,201
ETAING,62156,201
ETANG SUR ARROUX,71190,201
ETAPLES,62630,201
ETAVIGNY,60620,201
ETERPIGNY,62156,201
ETOURVY,10210,201
ETOUY,60600,201
ETRELLES SUR AUBE,10170,201
ETREPAGNY,27150,201
ETREVILLE,27350,201
ETRIGNY,71240,201
ETRUN,62161,201
ETURQUERAYE,27350,201
EUGENIE LES BAINS,40320,201
EVE,60330,201
EVIN MALMAISON,62141,201
EVOSGES,01230,201
EVREUX,27000,201
EVRICOURT,60310,201
EYRES MONCUBE,40500,201
EZY SUR EURE,27530,201
FAINS,27120,201
FAMECHON,62760,201
FAMPOUX,62118,201
FARAMANS,01800,201
FARBUS,62580,201
FARCEAUX,27150,201
FAREINS,01480,201
FARGES,01550,201
FARGES LES CHALON,71150,201
FARGES LES MACON,71700,201
FATOUVILLE GRESTAIN,27210,201
FAUQUEMBERGUES,62560,201
FAUVILLE,27930,201
FAUX VILLECERF,10290,201
FAVEROLLES LA CAMPAGNE,27190,201
FAVEROLLES SUR CHER,41400,201
FAVREUIL,62450,201
FAY LES ETANGS,60240,201
FAY LES MARCILLY,10290,201
FAYE,41100,201
FAYET LE CHATEAU,63160,201
FAYET RONAYE,63630,201
FAYS LA CHAPELLE,10320,201
FEBVIN PALFART,62960,201
FEIGNEUX,60800,201
FEILLENS,01570,201
FERFAY,62260,201
FERNEY VOLTAIRE,01210,201
FERNOEL,63620,201
FERQUES,62250,201
FERREUX QUINCEY,10400,201
FERRIERES HAUT CLOCHER,27190,201
FERRIERES ST HILAIRE,27270,201
FESTUBERT,62149,201
FEUCHY,62223,201
FEUGES,10150,201
FEUGUEROLLES,27110,201
FEUQUIERES,60960,201
FICHEUX,62173,201
FIEFS,62134,201
FIENNES,62132,201
FILLIEVRES,62770,201
FIQUEFLEUR EQUAINVILLE,27210,201
FITZ JAMES,60600,201
FLACEY EN BRESSE,71580,201
FLANCOURT CRESCY EN ROUMOIS,27310,201
FLAVACOURT,60590,201
FLAVY LE MELDEUX,60640,201
FLAXIEU,01350,201
FLECHIN,62960,201
FLECHY,60120,201
FLEURBAIX,62840,201
FLEURINES,60700,201
FLEURVILLE,71260,201
FLEURY LA FORET,27480,201
FLEURY LA MONTAGNE,71340,201
FLEURY SUR ANDELLE,27380,201
FLEY,71390,201
FLIPOU,27380,201
FLORINGHEM,62550,201
FOISSIAT,01340,201
FOLLEVILLE,27230,201
FONCQUEVILLERS,62111,201
FONTAINE,10200,201
FONTAINE BELLENGER,27600,201
FONTAINE BONNELEAU,60360,201
FONTAINE CHAALIS,60300,201
FONTAINE L ABBE,27470,201
FONTAINE L ETALON,62390,201
FONTAINE LA LOUVET,27230,201
FONTAINE LAVAGANNE,60690,201
FONTAINE LES BOULANS,62134,201
FONTAINE LES COTEAUX,41800,201
FONTAINE LES CROISILLES,62128,201
FONTAINE LES GRES,10280,201
FONTAINE LES HERMANS,62550,201
FONTAINE MACON,10400,201
FONTAINE RAOUL,41270,201
FONTAINE SOUS JOUY,27120,201
FONTAINE ST LUCIEN,60480,201
FONTAINES,71150,201
FONTAINES EN SOLOGNE,41250,201
FONTENAY DE BOSSERY,10400,201
FONTENAY TORCY,60380,201
FONTETTE,10360,201
FONTVANNES,10190,201
FORMERIE,60220,201
FORT MOVILLE,27210,201
FORTAN,41360,201
FORTEL EN ARTOIS,62270,201
FOSSEUX,62810,201
FOUCHERES,10260,201
FOUCRAINVILLE,27220,201
FOUFFLIN RICAMETZ,62130,201
FOUILLEUSE,60190,201
FOUILLOY,60220,201
FOULANGUES,60250,201
FOULBEC,27210,201
FOUQUENIES,60000,201
FOUQUEREUIL,62232,201
FOUQUEROLLES,60510,201
FOUQUEVILLE,27370,201
FOUQUIERES LES BETHUNE,62232,201
FOUQUIERES LES LENS,62740,201
FOURNIVAL,60130,201
FOURNOLS,63980,201
FRAGNES LA LOYERE,71530,201
FRALIGNES,10110,201
FRAMECOURT,62130,201
FRANCASTEL,60480,201
FRANCAY,41190,201
FRANCHELEINS,01090,201
FRANCIERES,60190,201
FRANGY EN BRESSE,71330,201
FRANS,01480,201
FRAVAUX,10200,201
FREMICOURT,62450,201
FRENCQ,62630,201
FRENELLES EN VEXIN,27150,201
FRENEUSE SUR RISLE,27290,201
FRENICHES,60640,201
FRESNAY,10200,201
FRESNE CAUVERVILLE,27260,201
FRESNE LEGUILLON,60240,201
FRESNES LES MONTAUBAN,62490,201
FRESNEY,27220,201
FRESNICOURT LE DOLMEN,62150,201
FRESNIERES,60310,201
FRESNOY,62770,201
FRESNOY EN GOHELLE,62580,201
FRESNOY EN THELLE,60530,201
FRESNOY LA RIVIERE,60127,201
FRESNOY LE CHATEAU,10270,201
FRESNOY LE LUAT,60800,201
FRESSIN,62140,201
FRETEVAL,41160,201
FRETHUN,62185,201
FRETOY LE CHATEAU,60640,201
FRETTERANS,71270,201
FREVENT,62270,201
FREVILLERS,62127,201
FREVIN CAPELLE,62690,201
FROCOURT,60000,201
FROISSY,60480,201
FRONTENARD,71270,201
FRONTENAUD,71580,201
FRUGES,62310,201
FUISSE,71960,201
FULIGNY,10200,201
GAAS,40350,201
GABARRET,40310,201
GADENCOURT,27120,201
GAGNY,93220,201
GAILLERES,40090,201
GAILLON,27600,201
GALAMETZ,62770,201
GAMACHES EN VEXIN,27150,201
GAMARDE LES BAINS,40380,201
GANNES,60120,201
GAREIN,40420,201
GARENNES SUR EURE,27780,201
GARNERANS,01140,201
GARREY,40180,201
GASNY,27620,201
GASTES,40160,201
GAUCHIN LEGAL,62150,201
GAUCHIN VERLOINGT,62130,201
GAUCIEL,27930,201
GAUDECHART,60210,201
GAUDIEMPRE,62760,201
GAUDREVILLE LA RIVIERE,27190,201
GAUJACQ,40330,201
GAUVILLE LA CAMPAGNE,27930,201
GAVRELLE,62580,201
GEAUNE,40320,201
GELANNES,10100,201
GELLES,63740,201
GELOUX,40090,201
GENELARD,71420,201
GENNES IVERGNY,62390,201
GENOUILLEUX,01090,201
GENVRY,60400,201
GEOVREISSET,01100,201
GERAUDOT,10220,201
GERBEROY,60380,201
GERGY,71590,201
GERMAGNY,71460,201
GERMOLLES SUR GROSNE,71520,201
GERZAT,63360,201
GEX,01170,201
GIAT,63620,201
GIBLES,71800,201
GIBRET,40380,201
GIEVRES,41130,201
GIGNAT,63340,201
GIGNY SUR SAONE,71240,201
GILLY SUR LOIRE,71160,201
GILOCOURT,60129,201
GIMEAUX,63200,201
GIRON,01130,201
GISORS,27140,201
GIVENCHY EN GOHELLE,62580,201
GIVENCHY LE NOBLE,62810,201
GIVENCHY LES LA BASSEE,62149,201
GIVERNY,27620,201
GIVERVILLE,27560,201
GLAIGNES,60129,201
GLAINE MONTAIGUT,63160,201
GLISOLLES,27190,201
GLOS SUR RISLE,27290,201
GODENVILLERS,60420,201
GOINCOURT,60000,201
GOLANCOURT,60640,201
GOMBERGEAN,41310,201
GOMIECOURT,62121,201
GOMMECOURT,62111,201
GONNEHEM,62920,201
GOOS,40180,201
GORREVOD,01190,201
GOSNAY,62199,201
GOUPIL OTHON,27170,201
GOURBERA,40990,201
GOURCHELLES,60220,201
GOURNAY LE GUERIN,27580,201
GOURNAY SUR ARONDE,60190,201
GOURNAY SUR MARNE,93460,201
GOUSSE,40465,201
GOUTS,40400,201
GOUTTIERES,63390,201
GOUVES,62123,201
GOUVIEUX,60270,201
GOUY EN ARTOIS,62123,201
GOUY EN TERNOIS,62127,201
GOUY LES GROSEILLERS,60120,201
GOUY SERVINS,62530,201
GOUY SOUS BELLONNE,62112,201
GOUY ST ANDRE,62870,201
GRAINCOURT LES HAVRINCOURT,62147,201
GRAND BOURGTHEROULDE,27520,201
GRAND CAMP,27270,201
GRAND CORENT,01250,201
GRAND RULLECOURT,62810,201
GRAND SANTI,97340,201
GRANDEYROLLES,63320,201
GRANDFRESNOY,60680,201
GRANDRIF,63600,201
GRANDRU,60400,201
GRANDVAL,63890,201
GRANDVAUX,71430,201
GRANDVILLE,10700,201
GRANDVILLERS AUX BOIS,60190,201
GRANDVILLIERS,60210,201
GRANGES,71390,201
GRAVERON SEMERVILLE,27110,201
GRAVIGNY,27930,201
GREMEVILLERS,60380,201
GRENADE SUR L ADOUR,40270,201
GREVILLERS,62450,201
GREVILLY,71700,201
GREZ,60210,201
GRIEGES,01290,201
GRIGNY,62140,201
GRILLY,01220,201
GRINCOURT LES PAS,62760,201
GROFFLIERS,62600,201
GROISSIAT,01100,201
GROSLEE ST BENOIT,01300,201
GROSLEY SUR RISLE,27170,201
GROSSOEUVRE,27220,201
GRURY,71760,201
GUARBECQUE,62330,201
GUEMAPPE,62128,201
GUEMPS,62370,201
GUEREINS,01090,201
GUERFAND,71620,201
GUERNY,27720,201
GUEUGNON,71130,201
GUICHAINVILLE,27930,201
GUIGNECOURT,60480,201
GUIGNY,62140,201
GUINECOURT,62130,201
GUINES,62340,201
GUISCARD,60640,201
GUISENIERS,27700,201
GUISY,62140,201
GUMERY,10400,201
GURY,60310,201
GY EN SOLOGNE,41230,201
GYE SUR SEINE,10250,201
HABARCQ,62123,201
HABAS,40290,201
HACQUEVILLE,27150,201
HADANCOURT LE HAUT CLOCHER,60240,201
HAGETMAU,40700,201
HAILLICOURT,62940,201
HAINVILLERS,60490,201
HAISNES,62138,201
HALINGHEN,62830,201
HALLINES,62570,201
HALLOY,60210,201
HAM EN ARTOIS,62190,201
HAMBLAIN LES PRES,62118,201
HAMELINCOURT,62121,201
HAMES BOUCRES,62340,201
HAMPIGNY,10500,201
HANNACHES,60650,201
HANNESCAMPS,62111,201
HANVOILE,60650,201
HAPLINCOURT,62124,201
HARAVESNES,62390,201
HARCOURT,27800,201
HARDENCOURT COCHEREL,27120,201
HARDINGHEN,62132,201
HARDIVILLERS,60120,201
HARNES,62440,201
HARQUENCY,27700,201
HASTINGUES,40300,201
HAUCOURT,60112,201
HAUDIVILLERS,60510,201
HAURIET,40250,201
HAUT LOQUIN,62850,201
HAUT MAUCO,40280,201
HAUT VALROMEY,01260,201
HAUTBOS,60210,201
HAUTE AVESNES,62144,201
HAUTE EPINE,60690,201
HAUTECLOQUE,62130,201
HAUTECOURT ROMANECHE,01250,201
HAUTEFOND,71600,201
HAUTEFONTAINE,60350,201
HAUVILLE,27350,201
HAVRINCOURT,62147,201
HEBECOURT,27150,201
HEBUTERNE,62111,201
HECMANVILLE,27800,201
HECOURT,27120,201
HECTOMARE,27110,201
HEILLES,60250,201
HELFAUT,62570,201
HEMEVILLERS,60190,201
HENDECOURT LES CAGNICOURT,62182,201
HENDECOURT LES RANSART,62175,201
HENIN BEAUMONT,62110,201
HENIN SUR COJEUL,62128,201
HENINEL,62128,201
HENNEVEUX,62142,201
HENNEZIS,27700,201
HENONVILLE,60119,201
HENU,62760,201
HERBAULT,41190,201
HERBINGHEN,62850,201
HERBISSE,10700,201
HERCHIES,60112,201
HERICOURT,62130,201
HERICOURT SUR THERAIN,60380,201
HERLIN LE SEC,62130,201
HERLINCOURT,62130,201
HERLY,62650,201
HERM,40990,201
HERMAVILLE,62690,201
HERMELINGHEN,62132,201
HERMENT,63470,201
HERMES,60370,201
HERMIES,62147,201
HERMIN,62150,201
HERNICOURT,62130,201
HERQUEVILLE,27430,201
HERRE,40310,201
HERSIN COUPIGNY,62530,201
HERVELINGHEN,62179,201
HESDIGNEUL LES BETHUNE,62196,201
HESDIGNEUL LES BOULOGNE,62360,201
HESDIN L ABBE,62360,201
HESDIN LA FORET,62140,201
HESMOND,62990,201
HESTRUS,62550,201
HETOMESNIL,60360,201
HEUBECOURT HARICOURT,27630,201
HEUCHIN,62134,201
HEUDEBOUVILLE,27400,201
HEUDICOURT,27860,201
HEUDREVILLE EN LIEUVIN,27230,201
HEUDREVILLE SUR EURE,27400,201
HEUGAS,40180,201
HEUME L EGLISE,63210,201
HEUQUEVILLE,27700,201
HEURINGHEM,62575,201
HEZECQUES,62310,201
HINGES,62232,201
HINX,40180,201
HOCQUINGHEN,62850,201
HODENC EN BRAY,60650,201
HODENC L EVEQUE,60430,201
HONDAINVILLE,60250,201
HONDOUVILLE,27400,201
HONGUEMARE GUENOUVILLE,27310,201
HONTANX,40190,201
HORSARRIEU,40700,201
HOUCHIN,62620,201
HOUDAIN,62150,201
HOUDANCOURT,60710,201
HOUETTEVILLE,27400,201
HOULBEC COCHEREL,27120,201
HOULLE,62910,201
HOUSSAY,41800,201
HOUVILLE EN VEXIN,27440,201
HOUVIN HOUVIGNEUL,62270,201
HUBERSENT,62630,201
HUCLIER,62130,201
HUCQUELIERS,62650,201
HUEST,27930,201
HUILLY SUR SEILLE,71290,201
HUISSEAU EN BEAUCE,41310,201
HUISSEAU SUR COSSON,41350,201
HULLUCH,62410,201
HUMBERCAMPS,62158,201
HUMBERT,62650,201
HUMEROEUILLE,62130,201
HUMIERES,62130,201
HURIGNY,71870,201
IGORNAY,71540,201
IGOVILLE,27460,201
IGUERANDE,71340,201
ILLEVILLE SUR MONTFORT,27290,201
ILLIAT,01140,201
ILLIERS L EVEQUE,27770,201
INCARVILLE,27400,201
INCHY EN ARTOIS,62860,201
INCOURT,62770,201
INJOUX GENISSIAT,01200,201
INNIMOND,01680,201
INXENT,62170,201
IRACOUBO,97350,201
IRREVILLE,27930,201
ISBERGUES,62330,201
ISLE AUBIGNY,10240,201
ISLE AUMONT,10800,201
ISQUES,62360,201
ISSERTEAUX,63270,201
ISSOIRE,63500,201
ISSY L EVEQUE,71760,201
IVERGNY,62810,201
IVILLE,27110,201
IVORS,60141,201
IVRY LA BATAILLE,27540,201
IVRY LE TEMPLE,60173,201
IZEL LES EQUERCHIN,62490,201
IZEL LES HAMEAU,62690,201
IZENAVE,01430,201
IZERNORE,01580,201
IZIEU,01300,201
JALOGNY,71250,201
JAMBLES,71640,201
JAMERICOURT,60240,201
JASSANS RIOTTIER,01480,201
JASSEINES,10330,201
JASSERON,01250,201
JAUCOURT,10200,201
JAULZY,60350,201
JAUX,60880,201
JAVERNANT,10320,201
JAYAT,01340,201
JESSAINS,10140,201
JEUGNY,10320,201
JOB,63990,201
JONCREUIL,10330,201
JONCY,71460,201
JOSNES,41370,201
JOSSE,40230,201
JOUDES,71480,201
JOURNANS,01250,201
JOURNY,62850,201
JOUVENCON,71290,201
JOUY SOUS THELLE,60240,201
JOUY SUR EURE,27120,201
JOYEUX,01800,201
JOZE,63350,201
JOZERAND,63460,201
JUGY,71240,201
JUIF,71440,201
JUIGNETTES,27250,201
JUJURIEUX,01640,201
JULLY LES BUXY,71390,201
JULLY SUR SARCE,10260,201
JUMEAUX,63570,201
JUMELLES,27220,201
JUVANCOURT,10310,201
JUVANZE,10140,201
JUVIGNIES,60112,201
JUZANVIGNY,10500,201
KOUROU,97310,201
L ABERGEMENT CLEMENCIAT,01400,201
L ABERGEMENT DE CUISERY,71290,201
L ABERGEMENT DE VAREY,01640,201
L ABERGEMENT STE COLOMBE,71370,201
L HABIT,27220,201
L HOPITAL LE MERCIER,71600,201
L HOSMES,27570,201
L ILE ST DENIS,93450,201
LA BARONNIE,27220,201
LA BOISSE,01120,201
LA BONNEVILLE SUR ITON,27190,201
LA BOULAYE,71320,201
LA BOURBOULE,63150,201
LA BURBANCHE,01510,201
LA CALOTTERIE,62170,201
LA CAPELLE LES BOULOGNE,62360,201
LA CAUCHIE,62158,201
LA CELLE EN MORVAN,71400,201
LA CHAISE,10500,201
LA CHAPELLE AGNON,63590,201
LA CHAPELLE AU MANS,71130,201
LA CHAPELLE BAYVEL,27260,201
LA CHAPELLE DE BRAGNY,71240,201
LA CHAPELLE DE GUINCHAY,71570,201
LA CHAPELLE DU BOIS DES FAULX,27930,201
LA CHAPELLE DU CHATELARD,01240,201
LA CHAPELLE DU MONT DE FRANCE,71520,201
LA CHAPELLE EN SERVAL,60520,201
LA CHAPELLE ENCHERIE,41290,201
LA CHAPELLE GAUTHIER,27270,201
LA CHAPELLE HARENG,27230,201
LA CHAPELLE LONGUEVILLE,27950,201
LA CHAPELLE MARCOUSSE,63420,201
LA CHAPELLE MONTMARTIN,41320,201
LA CHAPELLE NAUDE,71500,201
LA CHAPELLE SOUS BRANCION,71700,201
LA CHAPELLE SOUS DUN,71800,201
LA CHAPELLE SOUS UCHON,71190,201
LA CHAPELLE ST LUC,10600,201
LA CHAPELLE ST MARTIN EN PLAINE,41500,201
LA CHAPELLE ST SAUVEUR,71310,201
LA CHAPELLE SUR USSON,63580,201
LA CHAPELLE THECLE,71470,201
LA CHAPELLE VENDOMOISE,41330,201
LA CHAPELLE VICOMTESSE,41270,201
LA CHARMEE,71100,201
LA CHAULME,63660,201
LA CHAUSSEE ST VICTOR,41260,201
LA CLAYETTE,71800,201
LA COMELLE,71990,201
LA COMTE,62150,201
LA CORNE EN VEXIN,60240,201
LA COURNEUVE,93120,201
LA COUTURE,62136,201
LA COUTURE BOUSSEY,27750,201
LA CROISILLE,27190,201
LA CROUZILLE,63700,201
LA DRENNE,60790,201
LA FERRIERE SUR RISLE,27760,201
LA FERTE BEAUHARNAIS,41210,201
LA FERTE IMBAULT,41300,201
LA FERTE ST CYR,41220,201
LA FONTENELLE,41270,201
LA FORET DU PARC,27220,201
LA FORIE,63600,201
LA FOSSE CORDUAN,10100,201
LA GENETE,71290,201
LA GODIVELLE,63850,201
LA GOULAFRIERE,27390,201
LA GOUTELLE,63230,201
LA GRANDE VERRIERE,71990,201
LA GUICHE,71220,201
LA HARENGERE,27370,201
LA HAYE AUBREE,27350,201
LA HAYE DE CALLEVILLE,27800,201
LA HAYE DE ROUTOT,27350,201
LA HAYE DU THEIL,27370,201
LA HAYE LE COMTE,27400,201
LA HAYE MALHERBE,27400,201
LA HAYE ST SYLVESTRE,27330,201
LA HERELLE,60120,201
LA HERLIERE,62158,201
LA HEUNIERE,27950,201
LA HOUSSAYE,27410,201
LA HOUSSOYE,60390,201
LA LANDE ST LEGER,27210,201
LA LOGE,62140,201
LA LOGE AUX CHEVRES,10140,201
LA LOGE POMBLIN,10210,201
LA LOUPTIERE THENARD,10400,201
LA MADELAINE SOUS MONTREUIL,62170,201
LA MADELEINE DE NONANCOURT,27320,201
LA MADELEINE VILLEFROUIN,41370,201
LA MAROLLE EN SOLOGNE,41210,201
LA MONNERIE LE MONTEL,63650,201
LA MOTTE ST JEAN,71160,201
LA MOTTE TILLY,10400,201
LA NEUVE GRANGE,27150,201
LA NEUVE LYRE,27330,201
LA NEUVILLE DU BOSC,27890,201
LA NEUVILLE EN HEZ,60510,201
LA NEUVILLE ROY,60190,201
LA NEUVILLE ST PIERRE,60480,201
LA NEUVILLE SUR OUDEUIL,60690,201
LA NEUVILLE SUR RESSONS,60490,201
LA NEUVILLE VAULT,60112,201
LA NOE POULAIN,27560,201
LA PETITE VERRIERE,71400,201
LA POTERIE MATHIEU,27560,201
LA PYLE,27370,201
LA RACINEUSE,71310,201
LA RENAUDIE,63930,201
LA RIVIERE DE CORPS,10440,201
LA ROCHE NOIRE,63800,201
LA ROCHE VINEUSE,71960,201
LA ROQUETTE,27700,201
LA ROTHIERE,10500,201
LA RUE ST PIERRE,60510,201
LA SALLE,71260,201
LA SAULSOTTE,10400,201
LA SAUSSAYE,27370,201
LA TAGNIERE,71190,201
LA THIEULOYE,62130,201
LA TOUR D AUVERGNE,63680,201
LA TRANCLIERE,01160,201
LA TRINITE DE REVILLE,27270,201
LA TRINITE DE THOUBERVILLE,27310,201
LA TRUCHERE,71290,201
LA VACHERIE,27400,201
LA VENDUE MIGNOT,10800,201
LA VIEILLE LYRE,27330,201
LA VILLE AUX CLERCS,41160,201
LA VILLENEUVE AU CHATELOT,10400,201
LA VILLENEUVE AU CHENE,10140,201
LA VILLENEUVE SOUS THURY,60890,201
LA VINEUSE SUR FREGANDE,71250,201
LABALME,01450,201
LABASTIDE CHALOSSE,40700,201
LABASTIDE D ARMAGNAC,40240,201
LABENNE,40530,201
LABERLIERE,60310,201
LABESSETTE,63690,201
LABEUVRIERE,62122,201
LABOISSIERE EN THELLE,60570,201
LABOSSE,60590,201
LABOUHEYRE,40210,201
LABOURSE,62113,201
LABRIT,40420,201
LABROYE,62140,201
LACAJUNTE,40320,201
LACHAPELLE AUX POTS,60650,201
LACHAPELLE SOUS GERBEROY,60380,201
LACHAPELLE ST PIERRE,60730,201
LACHAUSSEE DU BOIS D ECU,60480,201
LACHAUX,63290,201
LACHELLE,60190,201
LACQUY,40120,201
LACRABE,40700,201
LACRES,62830,201
LACROIX ST OUEN,60610,201
LACROST,71700,201
LAFRAYE,60510,201
LAGESSE,10210,201
LAGLORIEUSE,40090,201
LAGNICOURT MARCEL,62159,201
LAGNIEU,01150,201
LAGNY,60310,201
LAGNY LE SEC,60330,201
LAGRANGE,40240,201
LAHOSSE,40250,201
LAIGNEVILLE,60290,201
LAINES AUX BOIS,10120,201
LAIRES,62960,201
LAIVES,71240,201
LAIZ,01290,201
LAIZE,71870,201
LAIZY,71190,201
LAJOUX,01410,201
LALANDE EN SON,60590,201
LALANDELLE,60850,201
LALHEUE,71240,201
LALUQUE,40465,201
LAMBRES LEZ AIRE,62120,201
LAMECOURT,60600,201
LAMONTGIE,63570,201
LAMORLAYE,60260,201
LAMOTHE,40250,201
LAMOTTE BEUVRON,41600,201
LANCE,41310,201
LANCOME,41190,201
LANDES LE GAULOIS,41190,201
LANDOGNE,63380,201
LANDRETHUN LE NORD,62250,201
LANDRETHUN LES ARDRES,62610,201
LANDREVILLE,10110,201
LANGON SUR CHER,41320,201
LANNOY CUILLERE,60220,201
LANS,71380,201
LANTAGES,10210,201
LANTENAY,01430,201
LAPEYROUSE,01330,201
LAPS,63270,201
LAPUGNOY,62122,201
LAQUEUILLE,63820,201
LARBEY,40250,201
LARBROYE,60400,201
LARODDE,63690,201
LARRIVIERE ST SAVIN,40270,201
LASSAY SUR CROISNE,41230,201
LASSICOURT,10500,201
LASSIGNY,60310,201
LATAULE,60490,201
LATRILLE,40800,201
LATTAINVILLE,60240,201
LATTRE ST QUENTIN,62810,201
LAUBRESSEL,10270,201
LAUNAY,27470,201
LAUREDE,40250,201
LAVACQUERIE,60120,201
LAVANCIA EPERCY,01590,201
LAVARDIN,41800,201
LAVAU,10150,201
LAVENTIE,62840,201
LAVERRIERE,60210,201
LAVERSINES,60510,201
LAVILLETERTRE,60240,201
LAVOURS,01350,201
LAYS SUR LE DOUBS,71270,201
LE BEC HELLOUIN,27800,201
LE BEC THOMAS,27370,201
LE BLANC MESNIL,93150,201
LE BOIS HELLAIN,27260,201
LE BOSC DU THEIL,27370,201
LE BOULAY MORIN,27930,201
LE BOURGET,93350,201
LE BREUIL SUR COUZE,63340,201
LE BRUGERON,63880,201
LE CENDRE,63670,201
LE CHEIX SUR MORGE,63200,201
LE CHENE,10700,201
LE CONTROIS EN SOLOGNE,41120,201
LE CORMIER,27120,201
LE COUDRAY ST GERMER,60850,201
LE COUDRAY SUR THELLE,60430,201
LE CREST,63450,201
LE CREUSOT,71200,201
LE CROCQ,60120,201
LE FAVRIL,27230,201
LE FAY,71580,201
LE FAY ST QUENTIN,60510,201
LE FAYEL,60680,201
LE FIDELAIRE,27190,201
LE FRECHE,40190,201
LE FRESTOY VAUX,60420,201
LE GALLET,60360,201
LE GAULT DU PERCHE,41270,201
LE HAMEL,60210,201
LE LANDIN,27350,201
LE LESME,27160,201
LE LEUY,40250,201
LE MERIOT,10400,201
LE MESNIL CONTEVILLE,60210,201
LE MESNIL EN THELLE,60530,201
LE MESNIL FUGUET,27930,201
LE MESNIL JOURDAIN,27400,201
LE MESNIL ST FIRMIN,60120,201
LE MESNIL ST JEAN,27560,201
LE MESNIL SUR BULLES,60130,201
LE MESNIL THERIBUS,60240,201
LE MEUX,60880,201
LE MIROIR,71480,201
LE MONESTIER,63890,201
LE MONT ST ADRIEN,60650,201
LE MONTELLIER,01800,201
LE NEUBOURG,27110,201
LE NOYER EN OUCHE,27410,201
LE PARCQ,62770,201
LE PAVILLON STE JULIE,10350,201
LE PERREY,27500,201
LE PLANOIS,71330,201
LE PLANQUAY,27230,201
LE PLANTAY,01330,201
LE PLESSIER SUR BULLES,60130,201
LE PLESSIER SUR ST JUST,60130,201
LE PLESSIS BELLEVILLE,60330,201
LE PLESSIS BRION,60150,201
LE PLESSIS DORIN,41170,201
LE PLESSIS GROHAN,27180,201
LE PLESSIS HEBERT,27120,201
LE PLESSIS L ECHELLE,41370,201
LE PLESSIS PATTE D OIE,60640,201
LE PLESSIS STE OPPORTUNE,27170,201
LE PLOYRON,60420,201
LE POISLAY,41270,201
LE POIZAT LALLEYRIAT,01130,201
LE PONCHEL,62390,201
LE PORTEL,62480,201
LE PRE ST GERVAIS,93310,201
LE PULEY,71460,201
LE QUARTIER,63330,201
LE QUESNEL AUBRY,60480,201
LE QUESNOY EN ARTOIS,62140,201
LE RAINCY,93340,201
LE ROUSSET MARIZY,71220,201
LE SARS,62450,201
LE SAULCHOY,60360,201
LE SEN,40420,201
LE SOUICH,62810,201
LE TARTRE,71330,201
LE THEIL NOLENT,27230,201
LE THIL,27150,201
LE THUIT,27700,201
LE THUIT DE L OISON,27370,201
LE TILLEUL LAMBERT,27110,201
LE TORPT,27210,201
LE TRANSLOY,62450,201
LE TREMBLAY OMONVILLE,27110,201
LE TRONCQ,27110,201
LE VAL D HAZEY,27600,201
LE VAL DAVID,27120,201
LE VAL DORE,27190,201
LE VAUDREUIL,27100,201
LE VAUMAIN,60590,201
LE VAUROUX,60390,201
LE VERNET CHAMEANE,63580,201
LE VERNET STE MARGUERITE,63710,201
LE VIEIL EVREUX,27930,201
LE VIGNAU,40270,201
LE VILLARS,71700,201
LE WAST,62142,201
LEAZ,01200,201
LEBIEZ,62990,201
LEBUCQUIERE,62124,201
LECHELLE,62124,201
LEDINGHEM,62380,201
LEFAUX,62630,201
LEFOREST,62790,201
LEGLANTIERS,60420,201
LELEX,01410,201
LEMPDES,63370,201
LEMPTY,63190,201
LENCOUACQ,40120,201
LENS,62300,201
LENT,01240,201
LENTILLES,10330,201
LEON,40550,201
LEPINE,62170,201
LES AGEUX,60700,201
LES ANCIZES COMPS,63770,201
LES ANDELYS,27700,201
LES ATTAQUES,62730,201
LES AUTHIEUX,27220,201
LES BARILS,27130,201
LES BAUX DE BRETEUIL,27160,201
LES BAUX STE CROIX,27180,201
LES BIZOTS,71710,201
LES BORDES AUMONT,10800,201
LES BOTTEREAUX,27250,201
LES CROUTES,10130,201
LES DAMPS,27340,201
LES DEUX RIVES,63320,201
LES ESSARTS,41800,201
LES GRANDES CHAPELLES,10170,201
LES GRANGES,10210,201
LES GUERREAUX,71160,201
LES HAUTS TALICAN,60390,201
LES HAYES,41800,201
LES HOGUES,27910,201
LES LILAS,93260,201
LES LOGES MARGUERON,10210,201
LES MARTRES D ARTIERE,63430,201
LES MARTRES DE VEYRE,63730,201
LES MONTILS,41120,201
LES MONTS DU ROUMOIS,27370,201
LES NEYROLLES,01130,201
LES NOES PRES TROYES,10420,201
LES PAVILLONS SOUS BOIS,93320,201
LES PLACES,27230,201
LES PRADEAUX,63500,201
LES PREAUX,27500,201
LES RICEYS,10340,201
LES ROCHES L EVEQUE,41800,201
LES THILLIERS EN VEXIN,27420,201
LES TROIS LACS,27700,201
LES VENTES,27180,201
LESCHEROUX,01560,201
LESGOR,40400,201
LESME,71140,201
LESMONT,10500,201
LESPESSES,62190,201
LESPINOY,62990,201
LESSARD EN BRESSE,71440,201
LESSARD LE NATIONAL,71530,201
LESTIOU,41500,201
LESTREM,62136,201
LETTEGUIVES,27910,201
LEUBRINGHEN,62250,201
LEULINGHEM,62500,201
LEULINGHEN BERNES,62250,201
LEVIGNACQ,40170,201
LEVIGNEN,60800,201
LEVIGNY,10200,201
LEYMENT,01150,201
LEYNES,71570,201
LEYSSARD,01450,201
LEZOUX,63190,201
LHERAULE,60650,201
LHUIS,01680,201
LHUITRE,10700,201
LIANCOURT,60140,201
LIANCOURT ST PIERRE,60240,201
LIBERCOURT,62820,201
LIBERMONT,60640,201
LICQUES,62850,201
LIENCOURT,62810,201
LIERES,62190,201
LIERVILLE,60240,201
LIETTRES,62145,201
LIEUREY,27560,201
LIEUVILLERS,60130,201
LIEVIN,62800,201
LIGNEREUIL,62810,201
LIGNIERES,10130,201
LIGNOL LE CHATEAU,10200,201
LIGNY EN BRIONNAIS,71110,201
LIGNY LES AIRE,62960,201
LIGNY ST FLOCHEL,62127,201
LIGNY SUR CANCHE,62270,201
LIGNY THILLOY,62450,201
LIHUS,60360,201
LILLERS,62190,201
LILLY,27480,201
LIMONS,63290,201
LINGHEM,62120,201
LINXE,40260,201
LINZEUX,62270,201
LIPOSTHEY,40410,201
LIREY,10320,201
LISBOURG,62134,201
LISORS,27440,201
LISSEUIL,63440,201
LIT ET MIXE,40170,201
LITZ,60510,201
LIVET SUR AUTHOU,27800,201
LIVRY GARGAN,93190,201
LOCHES SUR OURCE,10110,201
LOCON,62400,201
LOCONVILLE,60240,201
LOISON SOUS LENS,62218,201
LOISON SUR CREQUOISE,62990,201
LOMPNAS,01680,201
LONGCHAMP SUR AUJON,10310,201
LONGCHAMPS,27150,201
LONGEPIERRE,71270,201
LONGEVILLE SUR MOGNE,10320,201
LONGFOSSE,62240,201
LONGPRE LE SEC,10140,201
LONGSOLS,10240,201
LONGUEIL ANNEL,60150,201
LONGUEIL STE MARIE,60126,201
LONGUENESSE,62219,201
LONGUEVILLE SUR AUBE,10170,201
LONGVILLIERS,62630,201
LOOS EN GOHELLE,62750,201
LOREUX,41200,201
LORGES,41370,201
LORGIES,62840,201
LORLEAU,27480,201
LORMAISON,60110,201
LOSSE,40240,201
LOTTINGHEN,62240,201
LOUBEYRAT,63410,201
LOUCHES,62610,201
LOUER,40380,201
LOUEUSE,60380,201
LOUHANS CHATEAURENAUD,71500,201
LOURNAND,71250,201
LOURQUEN,40250,201
LOUVERSEY,27190,201
LOUVIERS,27400,201
LOUYE,27650,201
LOYETTES,01360,201
LOZINGHEM,62540,201
LUBBON,40240,201
LUCBARDEZ ET BARGUES,40090,201
LUCENAY L EVEQUE,71540,201
LUCHY,60360,201
LUDESSE,63320,201
LUE,40210,201
LUGLON,40630,201
LUGNY LES CHAROLLES,71120,201
LUGY,62310,201
LUMBRES,62380,201
LUNAY,41360,201
LURCY,01090,201
LUSIGNY SUR BARSE,10270,201
LUSSAGNET,40270,201
LUXEY,40430,201
LUYERES,10150,201
LUZILLAT,63350,201
LYONS LA FORET,27480,201
MACEY,10300,201
MACHEMONT,60150,201
MACHY,10320,201
MACON,71000,201
MACOURIA,97355,201
MADRIAT,63340,201
MAGESCQ,40140,201
MAGNANT,10110,201
MAGNICOURT,10240,201
MAGNICOURT EN COMTE,62127,201
MAGNICOURT SUR CANCHE,62270,201
MAGNIEU,01300,201
MAGNY FOUCHARD,10140,201
MAIGNELAY MONTIGNY,60420,201
MAILLAS,40120,201
MAILLAT,01430,201
MAILLERES,40120,201
MAILLY,71340,201
MAILLY LE CAMP,10230,201
MAIMBEVILLE,60600,201
MAINNEVILLE,27150,201
MAINTENAY,62870,201
MAISNIL,62130,201
MAISNIL LES RUITZ,62620,201
MAISON DES CHAMPS,10140,201
MAISONCELLE,62310,201
MAISONCELLE ST PIERRE,60112,201
MAISONCELLE TUILERIE,60480,201
MAISONS LES CHAOURCE,10210,201
MAISONS LES SOULAINES,10200,201
MAIZIERES LA GRANDE PAROISSE,10510,201
MAIZIERES LES BRIENNE,10500,201
MALAFRETAZ,01340,201
MALAUZAT,63200,201
MALAY,71460,201
MALINTRAT,63510,201
MALLEVILLE SUR LE BEC,27800,201
MALOUY,27300,201
MALTAT,71140,201
MAMETZ,62120,201
MANA,97318,201
MANCEY,71240,201
MANDEVILLE,27370,201
MANDRES,27130,201
MANGLIEU,63270,201
MANIN,62810,201
MANINGHEM,62650,201
MANINGHEN HENNE,62250,201
MANNEVILLE LA RAOULT,27210,201
MANNEVILLE SUR RISLE,27500,201
MANO,40410,201
MANT,40700,201
MANTENAY MONTLIN,01560,201
MANZAT,63410,201
MANZIAT,01570,201
MARAIS VERNIER,27680,201
MARANT,62170,201
MARAT,63480,201
MARAY,41320,201
MARAYE EN OTHE,10160,201
MARBEUF,27110,201
MARBOIS,27160,201
MARBOZ,01851,201
MARCHAMP,01680,201
MARCHENOIR,41370,201
MARCIGNY,71110,201
MARCILLAT,63440,201
MARCILLY EN BEAUCE,41100,201
MARCILLY EN GAULT,41210,201
MARCILLY LA CAMPAGNE,27320,201
MARCILLY LA GUEURCE,71120,201
MARCILLY LE HAYER,10290,201
MARCILLY LES BUXY,71390,201
MARCILLY SUR EURE,27810,201
MARCK,62730,201
MARCONNELLE,62140,201
MARENLA,62990,201
MARESQUEL ECQUEMICOURT,62990,201
MAREST,62550,201
MAREST SUR MATZ,60490,201
MARESVILLE,62630,201
MAREUGHEOL,63340,201
MAREUIL LA MOTTE,60490,201
MAREUIL SUR CHER,41110,201
MAREUIL SUR OURCQ,60890,201
MARGNY AUX CERISES,60310,201
MARGNY LES COMPIEGNE,60280,201
MARGNY SUR MATZ,60490,201
MARIGNIEU,01300,201
MARIGNY LE CHATEL,10350,201
MARINGUES,63350,201
MARIPASOULA,97370,201
MARLES LES MINES,62540,201
MARLES SUR CANCHE,62170,201
MARLIEUX,01240,201
MARLY SOUS ISSY,71760,201
MARLY SUR ARROUX,71420,201
MARNAY SUR SEINE,10400,201
MAROEUIL,62161,201
MAROLLES LES BAILLY,10110,201
MAROLLES SOUS LIGNIERES,10130,201
MARPAPS,40330,201
MARQUEGLISE,60490,201
MARQUION,62860,201
MARQUISE,62250,201
MARSAC EN LIVRADOIS,63940,201
MARSAT,63200,201
MARSEILLE EN BEAUVAISIS,60690,201
MARSONNAS,01340,201
MARTAGNY,27150,201
MARTAILLY LES BRANCION,71700,201
MARTIGNAT,01100,201
MARTIGNY LE COMTE,71220,201
MARTINPUICH,62450,201
MARTOT,27340,201
MARTRES SUR MORGE,63720,201
MARY,71300,201
MASLIVES,41250,201
MASSIEUX,01600,201
MASSIGNIEU DE RIVES,01300,201
MASSILLY,71250,201
MATAFELON GRANGES,01580,201
MATHAUX,10500,201
MATOUR,71520,201
MATOURY,97351,201
MATRINGHEM,62310,201
MAUCOURT,60640,201
MAULERS,60480,201
MAUPAS,10320,201
MAURIES,40320,201
MAURRIN,40270,201
MAUVEZIN D ARMAGNAC,40240,201
MAUZUN,63160,201
MAVES,41500,201
MAYLIS,40250,201
MAYSEL,60660,201
MAZANGE,41100,201
MAZAYE,63230,201
MAZILLE,71250,201
MAZINGARBE,62670,201
MAZINGHEM,62120,201
MAZOIRES,63420,201
MEDEYROLLES,63220,201
MEES,40990,201
MEHERS,41140,201
MEILHAUD,63320,201
MEILLONNAS,01370,201
MELICOCQ,60150,201
MELICOURT,27390,201
MELLECEY,71640,201
MELLO,60660,201
MENARS,41500,201
MENAT,63560,201
MENCAS,62310,201
MENESQUEVILLE,27850,201
MENETREUIL,71470,201
MENETROL,63200,201
MENEVILLERS,60420,201
MENILLES,27120,201
MENNETOU SUR CHER,41320,201
MENNEVAL,27300,201
MENNEVILLE,62240,201
MENTQUE NORTBECOURT,62890,201
MER,41500,201
MERCATEL,62217,201
MERCEY,27950,201
MERCK ST LIEVIN,62560,201
MERCUREY,71640,201
MEREY,27640,201
MERGEY,10600,201
MERICOURT,62680,201
MERIGNAT,01450,201
MERLIMONT,62155,201
MERREY SUR ARCE,10110,201
MERU,60110,201
MERVANS,71310,201
MERY LA BATAILLE,60420,201
MERY SUR SEINE,10170,201
MESGRIGNY,10170,201
MESLAND,41150,201
MESNIL EN OUCHE,27270,201
MESNIL LA COMTESSE,10700,201
MESNIL LETTRE,10240,201
MESNIL ROUSSET,27390,201
MESNIL SELLIERES,10220,201
MESNIL SOUS VIENNE,27150,201
MESNIL ST LOUP,10190,201
MESNIL ST PERE,10140,201
MESNIL SUR L ESTREE,27650,201
MESNIL VERCLIVES,27440,201
MESNILS SUR ITON,27160,201
MESSEIX,63750,201
MESSEY SUR GROSNE,71390,201
MESSIMY SUR SAONE,01480,201
MESSON,10190,201
MESVRES,71190,201
METZ EN COUTURE,62124,201
METZ ROBERT,10210,201
MEURCHIN,62410,201
MEURVILLE,10200,201
MEUSNES,41130,201
MEXIMIEUX,01800,201
MEZERIAT,01660,201
MEZIERES EN VEXIN,27510,201
MEZOS,40170,201
MIJOUX,01170,201
MILLANCAY,41200,201
MILLY LAMARTINE,71960,201
MILLY SUR THERAIN,60112,201
MIMBASTE,40350,201
MIMIZAN,40200,201
MINGOVAL,62690,201
MIONNAY,01390,201
MIRAMONT SENSACQ,40320,201
MIREFLEURS,63730,201
MIRIBEL,01700,201
MISEREY,27930,201
MISERIEUX,01600,201
MISSON,40290,201
MOGNENEINS,01140,201
MOISSAT,63190,201
MOISVILLE,27320,201
MOISY,41160,201
MOLIENS,60220,201
MOLIETS ET MAA,40660,201
MOLINS SUR AUBE,10500,201
MOMUY,40700,201
MONCEAUX,60940,201
MONCEAUX L ABBAYE,60220,201
MONCHEAUX LES FREVENT,62270,201
MONCHEL SUR CANCHE,62270,201
MONCHIET,62123,201
MONCHY AU BOIS,62111,201
MONCHY BRETON,62127,201
MONCHY CAYEUX,62134,201
MONCHY HUMIERES,60113,201
MONCHY LE PREUX,62118,201
MONCHY ST ELOI,60290,201
MONDESCOURT,60400,201
MONDICOURT,62760,201
MONDOUBLEAU,41170,201
MONGET,40700,201
MONNEVILLE,60240,201
MONT BERNANCHON,62350,201
MONT DE MARSAN,40000,201
MONT DORE,63240,201
MONT L EVEQUE,60300,201
MONT LES SEURRE,71270,201
MONT PRES CHAMBORD,41250,201
MONT ST ELOI,62144,201
MONT ST VINCENT,71300,201
MONTAGNAT,01250,201
MONTAGNIEU,01470,201
MONTAGNY EN VEXIN,60240,201
MONTAGNY LES BUXY,71390,201
MONTAGNY PRES LOUHANS,71500,201
MONTAGNY STE FELICITE,60950,201
MONTAIGUT EN COMBRAILLE,63700,201
MONTANGES,01200,201
MONTATAIRE,60160,201
MONTAULIN,10270,201
MONTBELLET,71260,201
MONTCAVREL,62170,201
MONTCEAU LES MINES,71300,201
MONTCEAUX,01090,201
MONTCEAUX L ETOILE,71110,201
MONTCEAUX LES VAUDES,10260,201
MONTCEAUX RAGNY,71240,201
MONTCEL,63460,201
MONTCENIS,71710,201
MONTCET,01310,201
MONTCHANIN,71210,201
MONTCHEVREUIL,60240,201
MONTCONY,71500,201
MONTCOY,71620,201
MONTEAUX,41150,201
MONTEL DE GELAT,63380,201
MONTENESCOURT,62123,201
MONTEPILLOY,60810,201
MONTFERMEIL,93370,201
MONTFERMY,63230,201
MONTFEY,10130,201
MONTFORT EN CHALOSSE,40380,201
MONTFORT SUR RISLE,27290,201
MONTGERAIN,60420,201
MONTGUEUX,10300,201
MONTHIEUX,01390,201
MONTHOU SUR BIEVRE,41120,201
MONTHOU SUR CHER,41400,201
MONTIER EN L ISLE,10200,201
MONTIERAMEY,10270,201
MONTIERS,60190,201
MONTIGNY EN GOHELLE,62640,201
MONTIGNY LES MONTS,10130,201
MONTJAVOULT,60240,201
MONTLIVAULT,41350,201
MONTLOGNON,60300,201
MONTLUEL,01120,201
MONTMACQ,60150,201
MONTMARTIN,60190,201
MONTMARTIN LE HAUT,10140,201
MONTMELARD,71520,201
MONTMERLE SUR SAONE,01090,201
MONTMORENCY BEAUFORT,10330,201
MONTMORIN,63160,201
MONTMORT,71320,201
MONTOIRE SUR LE LOIR,41800,201
MONTPENSIER,63260,201
MONTPONT EN BRESSE,71470,201
MONTPOTHIER,10400,201
MONTRACOL,01310,201
MONTREAL LA CLUSE,01460,201
MONTRET,71440,201
MONTREUIL L ARGILLE,27390,201
MONTREUIL SUR BARSE,10270,201
MONTREUIL SUR BRECHE,60480,201
MONTREUIL SUR MER,62170,201
MONTREUIL SUR THERAIN,60134,201
MONTREVEL EN BRESSE,01340,201
MONTRICHARD VAL DE CHER,41400,201
MONTRIEUX EN SOLOGNE,41210,201
MONTROUVEAU,41800,201
MONTS EN TERNOIS,62130,201
MONTSINERY TONNEGRANDE,97356,201
MONTSOUE,40500,201
MONTSUZAIN,10150,201
MORAINVILLE JOUVEAUX,27260,201
MORANGLES,60530,201
MORCENX LA NOUVELLE,40110,201
MORCHIES,62124,201
MOREE,41160,201
MOREMBERT,10240,201
MOREY,71510,201
MORGANX,40700,201
MORGNY,27150,201
MORIAT,63340,201
MORIENVAL,60127,201
MORINGHEM,62910,201
MORLET,71360,201
MORLINCOURT,60400,201
MORNAY,71220,201
MOROGES,71390,201
MORSAN,27800,201
MORTEFONTAINE EN THELLE,60570,201
MORTEMER,60490,201
MORVAL,62450,201
MORVILLERS,60380,201
MORVILLIERS,10500,201
MORY,62159,201
MORY MONTCRUX,60120,201
MOUCHY LE CHATEL,60250,201
MOUETTES,27220,201
MOUFLAINES,27420,201
MOULIN SOUS TOUVENT,60350,201
MOULLE,62910,201
MOUREUILLE,63700,201
MOURIEZ,62140,201
MOUSCARDES,40290,201
MOUSSEAUX NEUVILLE,27220,201
MOUSSEY,10800,201
MOUSTEY,40410,201
MOUTHIER EN BRESSE,71270,201
MOUY,60250,201
MOYENNEVILLE,60190,201
MOYVILLERS,60190,201
MOZAC,63200,201
MUGRON,40250,201
MUIDES SUR LOIRE,41500,201
MUIDORGE,60480,201
MUIDS,27430,201
MUIRANCOURT,60640,201
MULSANS,41500,201
MUNCQ NIEURLET,62890,201
MUR DE SOLOGNE,41230,201
MUR SUR ALLIER,63111,201
MURAT LE QUAIRE,63150,201
MUREAUMONT,60220,201
MUROL,63790,201
MURS ET GELIGNIEUX,01300,201
MUSSY SOUS DUN,71170,201
MUSSY SUR SEINE,10250,201
MUZY,27650,201
NABRINGHEN,62142,201
NAGEL SEEZ MESNIL,27190,201
NAMPCEL,60400,201
NANTEUIL LE HAUDOUIN,60440,201
NANTON,71240,201
NANTUA,01130,201
NARROSSE,40180,201
NASSANDRES SUR RISLE,27170,201
NASSIET,40330,201
NAVEIL,41100,201
NAVILLY,71270,201
NAVOUR SUR GROSNE,71520,201
NEAUFLES AUVERGNY,27250,201
NEAUFLES ST MARTIN,27830,201
NEBOUZAT,63210,201
NEDON,62550,201
NEDONCHEL,62550,201
NEMPONT ST FIRMIN,62180,201
NERBIS,40250,201
NERONDE SUR DORE,63120,201
NERY,60320,201
NESCHERS,63320,201
NESLES,62152,201
NEUF EGLISE,63560,201
NEUFCHATEL HARDELOT,62152,201
NEUFCHELLES,60890,201
NEUFVY SUR ARONDE,60190,201
NEUILLY,27730,201
NEUILLY EN THELLE,60530,201
NEUILLY PLAISANCE,93360,201
NEUILLY SOUS CLERMONT,60290,201
NEUILLY SUR MARNE,93330,201
NEULETTE,62770,201
NEUNG SUR BEUVRON,41210,201
NEUVE CHAPELLE,62840,201
NEUVILLE AU CORNET,62130,201
NEUVILLE BOSC,60119,201
NEUVILLE BOURJONVAL,62124,201
NEUVILLE LES DAMES,01400,201
NEUVILLE SOUS MONTREUIL,62170,201
NEUVILLE ST VAAST,62580,201
NEUVILLE SUR AIN,01160,201
NEUVILLE SUR AUTHOU,27800,201
NEUVILLE SUR SEINE,10250,201
NEUVILLE SUR VANNE,10190,201
NEUVILLE VITASSE,62217,201
NEUVIREUIL,62580,201
NEUVY GRANDCHAMP,71130,201
NEYRON,01700,201
NIELLES LES ARDRES,62610,201
NIELLES LES BLEQUIN,62380,201
NIELLES LES CALAIS,62185,201
NIEVROZ,01120,201
NIVIGNE ET SURAN,01250,201
NIVILLERS,60510,201
NIVOLLET MONTGRIFFON,01230,201
NOALHAT,63290,201
NOARDS,27560,201
NOCHIZE,71600,201
NOE LES MALLETS,10360,201
NOEUX LES AUXI,62390,201
NOEUX LES MINES,62290,201
NOGENT EN OTHE,10160,201
NOGENT LE SEC,27190,201
NOGENT SUR AUBE,10240,201
NOGENT SUR OISE,60180,201
NOGENT SUR SEINE,10400,201
NOHANENT,63830,201
NOINTEL,60840,201
NOIREMONT,60480,201
NOISY LE GRAND,93160,201
NOISY LE SEC,93130,201
NOJEON EN VEXIN,27150,201
NONANCOURT,27320,201
NONETTE ORSONNETTE,63340,201
NORDAUSQUES,62890,201
NOREUIL,62128,201
NORMANVILLE,27930,201
NOROY,60130,201
NORRENT FONTES,62120,201
NORT LEULINGHEM,62890,201
NORTKERQUE,62370,201
NOTRE DAME D EPINE,27800,201
NOTRE DAME DE L ISLE,27940,201
NOTRE DAME DU HAMEL,27390,201
NOUAN LE FUZELIER,41600,201
NOURARD LE FRANC,60130,201
NOURRAY,41310,201
NOUSSE,40380,201
NOUVELLE EGLISE,62370,201
NOVACELLES,63220,201
NOVILLERS,60730,201
NOYELLE VION,62810,201
NOYELLES GODAULT,62950,201
NOYELLES LES HUMIERES,62770,201
NOYELLES LES VERMELLES,62980,201
NOYELLES SOUS BELLONNE,62490,201
NOYELLES SOUS LENS,62221,201
NOYELLETTE,62123,201
NOYERS,27720,201
NOYERS ST MARTIN,60480,201
NOYERS SUR CHER,41140,201
NOYON,60400,201
NOZAY,10700,201
NUNCQ HAUTECOTE,62270,201
NURIEUX VOLOGNAT,01460,201
OBLINGHEM,62920,201
OEUF EN TERNOIS,62130,201
OEYREGAVE,40300,201
OEYRELUY,40180,201
OFFEKERQUE,62370,201
OFFIN,62990,201
OFFOY,60210,201
OFFRETHUN,62250,201
OGNOLLES,60310,201
OIGNIES,62590,201
OISLY,41700,201
OISY LE VERGER,62860,201
OLBY,63210,201
OLLIERGUES,63880,201
OLLOIX,63450,201
OLMET,63880,201
OMECOURT,60220,201
ONARD,40380,201
ONCIEU,01230,201
ONDRES,40440,201
ONESSE LAHARIE,40110,201
ONJON,10220,201
ONS EN BRAY,60650,201
OPPY,62580,201
ORBEIL,63500,201
ORCAY,41300,201
ORCET,63670,201
ORCINES,63870,201
ORCIVAL,63210,201
ORDONNAZ,01510,201
ORIGNY LE SEC,10510,201
ORIST,40300,201
ORLEAT,63190,201
ORMES,10700,201
ORMOY LE DAVIEN,60620,201
ORMOY VILLERS,60800,201
ORNEX,01210,201
OROER,60510,201
ORROUY,60129,201
ORRY LA VILLE,60560,201
ORTHEVIELLE,40300,201
ORTILLON,10700,201
ORVILLERS SOREL,60490,201
ORVILLIERS ST JULIEN,10170,201
ORX,40230,201
OSLON,71380,201
OSSAGES,40290,201
OSSEY LES TROIS MAISONS,10100,201
OSTREVILLE,62130,201
OUANARY,97380,201
OUCQUES LA NOUVELLE,41290,201
OUDEUIL,60860,201
OUDRY,71420,201
OUROUX SOUS LE BOIS STE MARIE,71800,201
OUROUX SUR SAONE,71370,201
OURSEL MAISON,60480,201
OURTON,62460,201
OUSSE SUZAN,40110,201
OUTREAU,62230,201
OUTRIAZ,01430,201
OUVE WIRQUIN,62380,201
OUZOUER LE DOYEN,41160,201
OYE,71800,201
OYE PLAGE,62215,201
OYONNAX,01100,201
OZAN,01190,201
OZENAY,71700,201
OZOLLES,71120,201
OZOURT,40380,201
PACY SUR EURE,27120,201
PAILLART,60120,201
PAISY COSDON,10160,201
PALINGES,71430,201
PALLADUC,63550,201
PALLEAU,71350,201
PALLUEL,62860,201
PANTIN,93500,201
PAPAICHTON,97316,201
PARAY LE MONIAL,71600,201
PARCIEUX,01600,201
PARDINES,63500,201
PARENT,63270,201
PARENTIGNAT,63500,201
PARENTIS EN BORN,40160,201
PARENTY,62650,201
PARGUES,10210,201
PARIS L HOPITAL,71150,201
PARLEBOSCQ,40310,201
PARNES,60240,201
PARS LES CHAVANGES,10330,201
PARS LES ROMILLY,10100,201
PARVES ET NATTAGES,01300,201
PARVILLE,27180,201
PAS EN ARTOIS,62760,201
PASLIERES,63290,201
PASSEL,60400,201
PASSY,71220,201
PAYNS,10600,201
PAYROS CAZAUTETS,40320,201
PECORADE,40320,201
PEL ET DER,10500,201
PELVES,62118,201
PENIN,62127,201
PERIGNAT LES SARLIEVE,63170,201
PERIGNAT SUR ALLIER,63800,201
PERIGNY LA ROSE,10400,201
PERNES,62550,201
PERNES LES BOULOGNE,62126,201
PERON,01630,201
PERONNAS,01960,201
PERONNE,71260,201
PEROUGES,01800,201
PEROY LES GOMBRIES,60440,201
PERPEZAT,63210,201
PERQUIE,40190,201
PERRECY LES FORGES,71420,201
PERREUIL,71510,201
PERREX,01540,201
PERRIER,63500,201
PERRIERS SUR ANDELLE,27910,201
PERRIGNY SUR LOIRE,71160,201
PERRUEL,27910,201
PERTHES LES BRIENNE,10500,201
PESCHADOIRES,63920,201
PESLIERES,63580,201
PESSAT VILLENEUVE,63200,201
PETIT MESNIL,10500,201
PEUPLINGUES,62231,201
PEY,40300,201
PEYRE,40700,201
PEYREHORADE,40300,201
PEYRIAT,01430,201
PEYRIEU,01300,201
PEYZIEUX SUR SAONE,01140,201
PEZOU,41100,201
PHILONDENX,40320,201
PICHERANDE,63113,201
PIENCOURT,27230,201
PIERRE DE BRESSE,71270,201
PIERRECLOS,71960,201
PIERREFITTE EN BEAUVAISIS,60112,201
PIERREFITTE SUR SAULDRE,41300,201
PIERREFONDS,60350,201
PIERREMONT,62130,201
PIGNOLS,63270,201
PIHEM,62570,201
PIHEN LES GUINES,62340,201
PIMBO,40320,201
PIMPREZ,60170,201
PINEY,10220,201
PINTERVILLE,27400,201
PIONSAT,63330,201
PIRAJOUX,01270,201
PISEUX,27130,201
PISSELEU,60860,201
PISSOS,40410,201
PITRES,27590,201
PITTEFAUX,62126,201
PIZAY,01120,201
PLAGNE,01130,201
PLAILLY,60128,201
PLAINES ST LANGE,10250,201
PLAINVAL,60130,201
PLAINVILLE,27300,201
PLANCY L ABBAYE,10380,201
PLANQUES,62310,201
PLANTY,10160,201
PLASNES,27300,201
PLATEAU D HAUTEVILLE,01110,201
PLAUZAT,63730,201
PLESSIS BARBUISE,10400,201
PLESSIS DE ROYE,60310,201
PLOTTES,71700,201
PLOUVAIN,62118,201
POISSON,71600,201
POIVRES,10700,201
POLINCOVE,62370,201
POLISOT,10110,201
POLISY,10110,201
POLLIAT,01310,201
POLLIEU,01350,201
POMAREZ,40360,201
POMMERA,62760,201
POMMIER,62111,201
PONCHON,60430,201
PONCIN,01450,201
PONT A VENDIN,62880,201
PONT AUDEMER,27500,201
PONT AUTHOU,27290,201
PONT D AIN,01160,201
PONT DE L ARCHE,27340,201
PONT DE VAUX,01190,201
PONT DE VEYLE,01290,201
PONT DU CHATEAU,63430,201
PONT ST PIERRE,27360,201
PONT STE MARIE,10150,201
PONT STE MAXENCE,60700,201
PONT SUR SEINE,10400,201
PONTARME,60520,201
PONTAUMUR,63380,201
PONTENX LES FORGES,40200,201
PONTGIBAUD,63230,201
PONTLEVOY,41400,201
PONTOISE LES NOYON,60400,201
PONTONX SUR L ADOUR,40465,201
PONTOUX,71270,201
PONTPOINT,60700,201
PORCHEUX,60390,201
PORQUERICOURT,60400,201
PORT,01460,201
PORT DE LANNE,40300,201
PORT MORT,27940,201
PORTE DE SEINE,27100,201
PORTES,27190,201
POSES,27740,201
POUAN LES VALLEES,10700,201
POUDENX,40700,201
POUGNY,01550,201
POUGY,10240,201
POUILLAT,01250,201
POUILLE,41110,201
POUILLON,40350,201
POUILLOUX,71230,201
POURLANS,71270,201
POUY SUR VANNES,10290,201
POUYDESSEAUX,40120,201
POUZOL,63440,201
POYANNE,40380,201
POYARTIN,40380,201
PRASLIN,10210,201
PRAY,41190,201
PRECHACQ LES BAINS,40465,201
PRECY NOTRE DAME,10500,201
PRECY ST MARTIN,10500,201
PRECY SUR OISE,60460,201
PREDEFIN,62134,201
PREMEYZEL,01300,201
PREMIERFAIT,10170,201
PREMILLIEU,01110,201
PRESSAGNY L ORGUEILLEUX,27510,201
PRESSY,62550,201
PRESSY SOUS DONDIN,71220,201
PRETY,71290,201
PREURES,62650,201
PREVESSIN MOENS,01280,201
PREVILLERS,60360,201
PREY,27220,201
PRIAY,01160,201
PRISSE,71960,201
PRIZY,71800,201
PROMPSAT,63200,201
PRONDINES,63470,201
PRONLEROY,60190,201
PRONVILLE EN ARTOIS,62860,201
PROVERVILLE,10200,201
PRUGNY,10190,201
PRUNAY BELLEVILLE,10350,201
PRUNAY CASSEREAU,41310,201
PRUNIERS EN SOLOGNE,41200,201
PRUSY,10210,201
PRUZILLY,71570,201
PUCHAY,27150,201
PUISEUX EN BRAY,60850,201
PUISEUX LE HAUBERGER,60540,201
PUISIEUX,62116,201
PUITS ET NUISEMENT,10140,201
PUITS LA VALLEE,60480,201
PUJO LE PLAN,40190,201
PULLAY,27130,201
PULVERIERES,63230,201
PUY GUILLAUME,63290,201
PUY ST GULMIER,63470,201
PUYOL CAZALET,40320,201
QUATREMARE,27400,201
QUEANT,62860,201
QUELMES,62500,201
QUERCAMPS,62380,201
QUERNES,62120,201
QUESMY,60640,201
QUESQUES,62240,201
QUESTRECQUES,62830,201
QUEUILLE,63780,201
QUIERY LA MOTTE,62490,201
QUIESTEDE,62120,201
QUILEN,62650,201
QUILLEBEUF SUR SEINE,27680,201
QUINCAMPOIX FLEUZY,60220,201
QUINQUEMPOIX,60130,201
QUITTEBEUF,27110,201
QUOEUX HAUT MAINIL,62390,201
RACINES,10130,201
RACQUINGHEM,62120,201
RADEPONT,27380,201
RADINGHEM,62310,201
RADONVILLIERS,10500,201
RAHART,41160,201
RAINVILLERS,60155,201
RAMASSE,01250,201
RAMECOURT,62130,201
RAMERUPT,10240,201
RANCE,01390,201
RANCES,10500,201
RANCY,71290,201
RANDAN,63310,201
RANG DU FLIERS,62180,201
RANSART,62173,201
RANTIGNY,60290,201
RARAY,60810,201
RATENELLE,71290,201
RATTE,71500,201
RAVEL,63190,201
RAVENEL,60130,201
RAYE SUR AUTHIE,62140,201
REBERGUES,62850,201
REBREUVE RANCHICOURT,62150,201
REBREUVE SUR CANCHE,62270,201
REBREUVIETTE,62270,201
RECLESNE,71540,201
RECLINGHEM,62560,201
RECOURT,62860,201
RECQUES SUR COURSE,62170,201
RECQUES SUR HEM,62890,201
REEZ FOSSE MARTIN,60620,201
REGINA,97353,201
REGNAUVILLE,62140,201
REIGNAT,63160,201
REILLY,60240,201
RELEVANT,01990,201
RELY,62120,201
REMECOURT,60600,201
REMERANGLES,60510,201
REMILLY WIRQUIN,62380,201
REMIRE MONTJOLY,97354,201
REMY,60190,201
RENAY,41100,201
RENTIERES,63420,201
RENTY,62560,201
RENUNG,40270,201
REPLONGES,01750,201
RESSONS SUR MATZ,60490,201
RETHONDES,60153,201
RETJONS,40120,201
RETY,62720,201
REUIL SUR BRECHE,60480,201
REUILLY,27930,201
REVONNAS,01250,201
REYRIEUX,01600,201
REYSSOUZE,01190,201
RHEGES,10170,201
RHODON,41290,201
RHUIS,60410,201
RIBECOURT DRESLINCOURT,60170,201
RICHEVILLE,27420,201
RICQUEBOURG,60490,201
RIENCOURT LES BAPAUME,62450,201
RIENCOURT LES CAGNICOURT,62182,201
RIGNIEUX LE FRANC,01800,201
RIGNY LA NONNEUSE,10290,201
RIGNY LE FERRON,10160,201
RIGNY SUR ARROUX,71160,201
RILLY STE SYRE,10280,201
RILLY SUR LOIRE,41150,201
RIMBEZ ET BAUDIETS,40310,201
RIMBOVAL,62990,201
RINXENT,62720,201
RIOM,63200,201
RION DES LANDES,40370,201
RIS,63290,201
RIVECOURT,60126,201
RIVIERE SAAS ET GOURBY,40180,201
ROBECQ,62350,201
ROBERVAL,60410,201
ROCE,41100,201
ROCHE CHARLES LA MAYRAND,63420,201
ROCHE D AGOUX,63330,201
ROCHEFORT MONTAGNE,63210,201
ROCHY CONDE,60510,201
ROCLINCOURT,62223,201
ROCQUEMONT,60800,201
ROCQUENCOURT,60120,201
RODELINGHEM,62610,201
ROELLECOURT,62130,201
ROEUX,62118,201
ROLLANCOURT,62770,201
ROMAGNAT,63540,201
ROMAINVILLE,93230,201
ROMANECHE THORINS,71570,201
ROMANS,01400,201
ROMBLY,62120,201
ROMENAY,71470,201
ROMESCAMPS,60220,201
ROMILLY,41270,201
ROMILLY LA PUTHENAYE,27170,201
ROMILLY SUR ANDELLE,27610,201
ROMILLY SUR SEINE,10100,201
ROMORANTIN LANTHENAY,41200,201
RONCENAY,10320,201
ROQUETOIRE,62120,201
ROSAY SUR LIEURE,27790,201
ROSIERES PRES TROYES,10430,201
ROSNAY L HOPITAL,10500,201
ROSNY SOUS BOIS,93110,201
ROSOY,60140,201
ROSOY EN MULTIEN,60620,201
ROSSILLON,01510,201
ROTANGY,60360,201
ROTHOIS,60690,201
ROUGE PERRIERS,27110,201
ROUGEFAY,62390,201
ROUGEMONTIER,27350,201
ROUGEOU,41230,201
ROUILLY SACEY,10220,201
ROUILLY ST LOUP,10800,201
ROURA,97311,201
ROUSSELOY,60660,201
ROUSSENT,62870,201
ROUSSILLON EN MORVAN,71550,201
ROUTOT,27350,201
ROUVILLE,60800,201
ROUVILLERS,60190,201
ROUVRES EN MULTIEN,60620,201
ROUVRES LES VIGNES,10200,201
ROUVROY LES MERLES,60120,201
ROY BOISSY,60690,201
ROYAT,63130,201
ROYAUCOURT,60420,201
ROYE SUR MATZ,60310,201
ROYER,71700,201
ROYON,62990,201
RUAN SUR EGVONNE,41270,201
RUGLES,27250,201
RUISSEAUVILLE,62310,201
RUITZ,62620,201
RULLY,60810,201
RUMAUCOURT,62860,201
RUMILLY,62650,201
RUMILLY LES VAUDES,10260,201
RUMINGHEM,62370,201
RUSSY BEMONT,60117,201
RUVIGNY,10410,201
RUYAULCOURT,62124,201
SABRES,40630,201
SACHIN,62550,201
SACQUENVILLE,27930,201
SACY LE GRAND,60700,201
SACY LE PETIT,60190,201
SAGY,71580,201
SAILLANT,63840,201
SAILLENARD,71580,201
SAILLY AU BOIS,62111,201
SAILLY EN OSTREVENT,62490,201
SAILLY LABOURSE,62113,201
SAILLY SUR LA LYS,62840,201
SAINS EN GOHELLE,62114,201
SAINS LES FRESSIN,62310,201
SAINS LES MARQUION,62860,201
SAINS LES PERNES,62550,201
SAINS MORAINVILLERS,60420,201
SAINTINES,60410,201
SAISY,71360,201
SALAVRE,01270,201
SALBRIS,41300,201
SALENCY,60400,201
SALLAUMINES,62430,201
SALLEDES,63270,201
SALON,10700,201
SALORNAY SUR GUYE,71250,201
SALPERWICK,62500,201
SAMADET,40320,201
SAMBIN,41120,201
SAMER,62830,201
SAMOGNAT,01580,201
SAMPIGNY LES MARANGES,71150,201
SANCE,71000,201
SANCOURT,27150,201
SANDRANS,01400,201
SANGATTE,62231,201
SANGHEN,62850,201
SANGUINET,40460,201
SANVIGNES LES MINES,71410,201
SAPIGNIES,62121,201
SARBAZAN,40120,201
SARCUS,60210,201
SARDON,63260,201
SARGE SUR BRAYE,41170,201
SARNOIS,60210,201
SARRAZIET,40500,201
SARRON,40800,201
SARS LE BOIS,62810,201
SARTON,62760,201
SASNIERES,41310,201
SASSANGY,71390,201
SASSAY,41700,201
SASSENAY,71530,201
SASSEY,27930,201
SAUBION,40230,201
SAUBRIGUES,40230,201
SAUBUSSE,40180,201
SAUCHY CAUCHY,62860,201
SAUCHY LESTREE,62860,201
SAUDEMONT,62860,201
SAUGNAC ET CAMBRAN,40180,201
SAUGNAC ET MURET,40410,201
SAUL,97314,201
SAULCHOY,62870,201
SAULCY,10200,201
SAULT BRENAZ,01150,201
SAULTY,62158,201
SAULZET LE FROID,63970,201
SAUNIERES,71350,201
SAURET BESSERVE,63390,201
SAURIER,63320,201
SAUSSAY LA CAMPAGNE,27150,201
SAUVAGNAT,63470,201
SAUVAGNAT STE MARTHE,63500,201
SAUVERNY,01220,201
SAUVESSANGES,63840,201
SAUVIAT,63120,201
SAUXILLANGES,63490,201
SAVIANGES,71460,201
SAVIERES,10600,201
SAVIGNEUX,01480,201
SAVIGNIES,60650,201
SAVIGNY EN REVERMONT,71580,201
SAVIGNY SUR BRAYE,41360,201
SAVIGNY SUR GROSNE,71460,201
SAVIGNY SUR SEILLE,71440,201
SAVY BERLETTE,62690,201
SAYAT,63530,201
SEBECOURT,27190,201
SEGNY,01170,201
SEIGNOSSE,40510,201
SEIGY,41110,201
SEILLONNAZ,01470,201
SELLES,27500,201
SELLES ST DENIS,41300,201
SELLES SUR CHER,41130,201
SELOMMES,41100,201
SEMOINE,10700,201
SEMPIGNY,60400,201
SEMPY,62170,201
SEMUR EN BRIONNAIS,71110,201
SENINGHEM,62380,201
SENLECQUES,62240,201
SENLIS,60300,201
SENNECEY LE GRAND,71240,201
SENOTS,60240,201
SENOZAN,71260,201
SENS SUR SEILLE,71330,201
SERANS,60240,201
SERCY,71460,201
SEREVILLERS,60120,201
SEREZ,27220,201
SERGY,01630,201
SERICOURT,62270,201
SERIFONTAINE,60590,201
SERIS,41500,201
SERLEY,71310,201
SERMAIZE,60400,201
SERMENTIZON,63120,201
SERMESSE,71350,201
SERMOYER,01190,201
SERQUES,62910,201
SERQUIGNY,27470,201
SERRES GASTON,40700,201
SERRESLOUS ET ARRIBANS,40700,201
SERRIERES DE BRIORD,01470,201
SERRIERES SUR AIN,01450,201
SERRIGNY EN BRESSE,71310,201
SERVANT,63560,201
SERVAS,01960,201
SERVIGNAT,01560,201
SERVINS,62530,201
SERY MAGNEVAL,60800,201
SETQUES,62380,201
SEUR,41120,201
SEVRAN,93270,201
SEVREY,71100,201
SEYCHALLES,63190,201
SEYRESSE,40180,201
SEYSSEL,01420,201
SIBIVILLE,62270,201
SIEST,40180,201
SIGY LE CHATEL,71250,201
SILLY LE LONG,60330,201
SILLY TILLARD,60430,201
SIMANDRE,71290,201
SIMANDRE SUR SURAN,01250,201
SIMARD,71330,201
SIMENCOURT,62123,201
SINGLES,63690,201
SINNAMARY,97315,201
SIRACOURT,62130,201
SIVIGNON,71220,201
SOINGS EN SOLOGNE,41230,201
SOLENTE,60310,201
SOLFERINO,40210,201
SOLIGNAT,63500,201
SOLIGNY LES ETANGS,10400,201
SOLOGNY,71960,201
SOLUTRE POUILLY,71960,201
SOMBRIN,62810,201
SOMMANT,71540,201
SOMMEREUX,60210,201
SOMMEVAL,10320,201
SONGEONS,60380,201
SONTHONNAX LA MONTAGNE,01580,201
SOORTS HOSSEGOR,40150,201
SORDE L ABBAYE,40300,201
SORE,40430,201
SORRUS,62170,201
SORT EN CHALOSSE,40180,201
SOUASTRE,62111,201
SOUCHEZ,62153,201
SOUCLIN,01150,201
SOUESMES,41300,201
SOULAINES DHUYS,10200,201
SOULIGNY,10320,201
SOUPROSSE,40250,201
SOUSTONS,40140,201
SOUVIGNY EN SOLOGNE,41600,201
SPOY,10200,201
ST AGNAN,71160,201
ST AGNAN DE CERNIERES,27390,201
ST AGNET,40800,201
ST AGOULIN,63260,201
ST ALBAIN,71260,201
ST ALBAN,01450,201
ST ALYRE D ARLANC,63220,201
ST ALYRE ES MONTAGNE,63420,201
ST AMAND LONGPRE,41310,201
ST AMANT ROCHE SAVINE,63890,201
ST AMANT TALLENDE,63450,201
ST AMBREUIL,71240,201
ST AMOUR BELLEVUE,71570,201
ST ANDRE D HUIRIAT,01290,201
ST ANDRE DE BAGE,01380,201
ST ANDRE DE CORCY,01390,201
ST ANDRE DE L EURE,27220,201
ST ANDRE DE SEIGNANX,40390,201
ST ANDRE EN BRESSE,71440,201
ST ANDRE FARIVILLERS,60480,201
ST ANDRE LE BOUCHOUX,01240,201
ST ANDRE LE COQ,63310,201
ST ANDRE LE DESERT,71220,201
ST ANDRE LES VERGERS,10120,201
ST ANDRE SUR VIEUX JONC,01960,201
ST ANTHEME,63660,201
ST ANTONIN DE SOMMAIRE,27250,201
ST AUBIN D ECROSVILLE,27110,201
ST AUBIN DE SCELLON,27230,201
ST AUBIN DU THENNEY,27270,201
ST AUBIN EN BRAY,60650,201
ST AUBIN EN CHAROLLAIS,71430,201
ST AUBIN SOUS ERQUERY,60600,201
ST AUBIN SUR GAILLON,27600,201
ST AUBIN SUR LOIRE,71140,201
ST AUBIN SUR QUILLEBEUF,27680,201
ST AVIT D AUVERGNE,63380,201
ST BABEL,63500,201
ST BENIGNE,01190,201
ST BENOIST SUR VANNE,10160,201
ST BENOIT DES OMBRES,27450,201
ST BENOIT SUR SEINE,10180,201
ST BERAIN SOUS SANVIGNES,71300,201
ST BERAIN SUR DHEUNE,71510,201
ST BERNARD,01600,201
ST BOHAIRE,41330,201
ST BOIL,71390,201
ST BONNET DE CRAY,71340,201
ST BONNET DE JOUX,71220,201
ST BONNET DE VIEILLE VIGNE,71430,201
ST BONNET EN BRESSE,71310,201
ST BONNET LE BOURG,63630,201
ST BONNET LE CHASTEL,63630,201
ST BONNET LES ALLIER,63800,201
ST BONNET PRES ORCIVAL,63210,201
ST BONNET PRES RIOM,63200,201
ST CHRISTOPHE DODINICOURT,10500,201
ST CHRISTOPHE EN BRESSE,71370,201
ST CHRISTOPHE EN BRIONNAIS,71800,201
ST CHRISTOPHE SUR AVRE,27820,201
ST CHRISTOPHE SUR CONDE,27450,201
ST CLAUDE DE DIRAY,41350,201
ST CLEMENT DE REGNAT,63310,201
ST CLEMENT DE VALORGUE,63660,201
ST CLEMENT SUR GUYE,71460,201
ST CREPIN AUX BOIS,60170,201
ST CREPIN IBOUVILLERS,60149,201
ST CRICQ CHALOSSE,40700,201
ST CRICQ DU GAVE,40300,201
ST CRICQ VILLENEUVE,40190,201
ST CYR DE SALERNE,27800,201
ST CYR DU GAULT,41190,201
ST CYR LA CAMPAGNE,27370,201
ST CYR SUR MENTHON,01380,201
ST DENIS COMBARNAZAT,63310,201
ST DENIS D AUGERONS,27390,201
ST DENIS DE VAUX,71640,201
ST DENIS DES MONTS,27520,201
ST DENIS EN BUGEY,01500,201
ST DENIS LE FERMENT,27140,201
ST DENIS LES BOURG,01000,201
ST DENIS SUR LOIRE,41000,201
ST DENISCOURT,60380,201
ST DENOEUX,62990,201
ST DESERT,71390,201
ST DIDIER D AUSSIAT,01340,201
ST DIDIER DE FORMANS,01600,201
ST DIDIER DES BOIS,27370,201
ST DIDIER EN BRESSE,71620,201
ST DIDIER EN BRIONNAIS,71110,201
ST DIDIER SUR ARROUX,71190,201
ST DIDIER SUR CHALARONNE,01140,201
ST DIER D AUVERGNE,63520,201
ST DIERY,63320,201
ST DONAT,63680,201
ST DYE SUR LOIRE,41500,201
ST EDMOND,71740,201
ST ELIE,97312,201
ST ELIER,27190,201
ST ELOI,01800,201
ST ELOI DE FOURQUES,27800,201
ST ELOY LA GLACIERE,63890,201
ST ELOY LES MINES,63700,201
ST EMILAND,71490,201
ST ETIENNE AU MONT,62360,201
ST ETIENNE D ORTHE,40300,201
ST ETIENNE DES CHAMPS,63380,201
ST ETIENNE DES GUERETS,41190,201
ST ETIENNE DU BOIS,01370,201
ST ETIENNE DU VAUVRAY,27430,201
ST ETIENNE EN BRESSE,71370,201
ST ETIENNE L ALLIER,27450,201
ST ETIENNE ROILAYE,60350,201
ST ETIENNE SOUS BAILLEUL,27920,201
ST ETIENNE SOUS BARBUISE,10700,201
ST ETIENNE SUR CHALARONNE,01140,201
ST ETIENNE SUR REYSSOUZE,01190,201
ST ETIENNE SUR USSON,63580,201
ST EUSEBE,71210,201
ST FERREOL DES COTES,63600,201
ST FIRMIN DES PRES,41100,201
ST FLAVY,10350,201
ST FLORET,63320,201
ST FLORIS,62350,201
ST FLOUR L ETANG,63520,201
ST FOLQUIN,62370,201
ST FORGEOT,71400,201
ST GAL SUR SIOULE,63440,201
ST GEIN,40190,201
ST GENES CHAMPANELLE,63122,201
ST GENES CHAMPESPE,63850,201
ST GENES DU RETZ,63260,201
ST GENES LA TOURETTE,63580,201
ST GENGOUX DE SCISSE,71260,201
ST GENGOUX LE NATIONAL,71460,201
ST GENIS POUILLY,01630,201
ST GENIS SUR MENTHON,01380,201
ST GEORGES DE MONS,63780,201
ST GEORGES DU VIEVRE,27450,201
ST GEORGES MOTEL,27710,201
ST GEORGES SUR ALLIER,63800,201
ST GEORGES SUR CHER,41400,201
ST GEORGES SUR RENON,01400,201
ST GEOURS D AURIBAT,40380,201
ST GEOURS DE MAREMNE,40230,201
ST GERMAIN DE FRESNEY,27220,201
ST GERMAIN DE JOUX,01130,201
ST GERMAIN DE PASQUIER,27370,201
ST GERMAIN DES ANGLES,27930,201
ST GERMAIN DU BOIS,71330,201
ST GERMAIN DU PLAIN,71370,201
ST GERMAIN EN BRIONNAIS,71800,201
ST GERMAIN L HERM,63630,201
ST GERMAIN LA CAMPAGNE,27230,201
ST GERMAIN LA POTERIE,60650,201
ST GERMAIN LEMBRON,63340,201
ST GERMAIN LES BUXY,71390,201
ST GERMAIN LES PAROISSES,01300,201
ST GERMAIN PRES HERMENT,63470,201
ST GERMAIN SUR AVRE,27320,201
ST GERMAIN SUR RENON,01240,201
ST GERMER DE FLY,60850,201
ST GERVAIS D AUVERGNE,63390,201
ST GERVAIS EN VALLIERE,71350,201
ST GERVAIS LA FORET,41350,201
ST GERVAIS SOUS MEYMONT,63880,201
ST GERVAIS SUR COUCHES,71490,201
ST GERVAZY,63340,201
ST GOR,40120,201
ST GOURGON,41310,201
ST GREGOIRE DU VIEVRE,27450,201
ST HERENT,63340,201
ST HILAIRE COTTES,62120,201
ST HILAIRE LA CROIX,63440,201
ST HILAIRE LA GRAVELLE,41160,201
ST HILAIRE LES MONGES,63380,201
ST HILAIRE SOUS ROMILLY,10100,201
ST HURUGE,71460,201
ST IGNAT,63720,201
ST IGNY DE ROCHE,71170,201
ST INGLEVERT,62250,201
ST JACQUES D AMBUR,63230,201
ST JACQUES DES GUERETS,41800,201
ST JEAN D HEURS,63190,201
ST JEAN DE BONNEVAL,10320,201
ST JEAN DE GONVILLE,01630,201
ST JEAN DE LIER,40380,201
ST JEAN DE MARSACQ,40230,201
ST JEAN DE NIOST,01800,201
ST JEAN DE THURIGNEUX,01390,201
ST JEAN DE TREZY,71490,201
ST JEAN DE VAUX,71640,201
ST JEAN DES OLLIERES,63520,201
ST JEAN DU THENNEY,27270,201
ST JEAN EN VAL,63490,201
ST JEAN FROIDMENTEL,41160,201
ST JEAN LE VIEUX,01640,201
ST JEAN ST GERVAIS,63570,201
ST JEAN SUR REYSSOUZE,01560,201
ST JEAN SUR VEYLE,01290,201
ST JOSSE,62170,201
ST JULIEN D ARMAGNAC,40240,201
ST JULIEN DE CHEDON,41400,201
ST JULIEN DE CIVRY,71800,201
ST JULIEN DE COPPEL,63160,201
ST JULIEN DE JONZY,71110,201
ST JULIEN DE LA LIEGUE,27600,201
ST JULIEN EN BORN,40170,201
ST JULIEN LA GENESTE,63390,201
ST JULIEN LES VILLAS,10800,201
ST JULIEN PUY LAVEZE,63820,201
ST JULIEN SUR CHER,41320,201
ST JULIEN SUR DHEUNE,71210,201
ST JULIEN SUR REYSSOUZE,01560,201
ST JULIEN SUR VEYLE,01540,201
ST JUST,01250,201
ST JUST EN CHAUSSEE,60130,201
ST LAURE,63350,201
ST LAURENT BLANGY,62223,201
ST LAURENT D ANDENAY,71210,201
ST LAURENT DE GOSSE,40390,201
ST LAURENT DES BOIS,27220,201
ST LAURENT DU MARONI,97320,201
ST LAURENT DU TENCEMENT,27390,201
ST LAURENT EN BRIONNAIS,71800,201
ST LAURENT NOUAN,41220,201
ST LAURENT SUR SAONE,01750,201
ST LEGER AUX BOIS,60170,201
ST LEGER DE ROTES,27300,201
ST LEGER DU BOIS,71360,201
ST LEGER DU GENNETEY,27520,201
ST LEGER EN BRAY,60155,201
ST LEGER LES PARAY,71600,201
ST LEGER PRES TROYES,10800,201
ST LEGER SOUS BEUVRAY,71990,201
ST LEGER SOUS BRIENNE,10500,201
ST LEGER SOUS LA BUSSIERE,71520,201
ST LEGER SOUS MARGERIE,10330,201
ST LEGER SUR DHEUNE,71510,201
ST LEONARD EN BEAUCE,41370,201
ST LEU D ESSERENT,60340,201
ST LON LES MINES,40300,201
ST LOUBOUER,40320,201
ST LOUP DE BUFFIGNY,10100,201
ST LOUP DE VARENNES,71240,201
ST LOUP GEANGES,71350,201
ST LUBIN EN VERGONNOIS,41190,201
ST LUC,27930,201
ST LUPIEN,10350,201
ST LYE,10180,201
ST MACLOU,27210,201
ST MAIGNER,63330,201
ST MARC DU COR,41170,201
ST MARCEL,01390,201
ST MARCELIN DE CRAY,71460,201
ST MARD DE VAUX,71640,201
ST MARDS DE BLACARVILLE,27500,201
ST MARDS DE FRESNE,27230,201
ST MARDS EN OTHE,10160,201
ST MARTIN AUX BOIS,60420,201
ST MARTIN BELLE ROCHE,71118,201
ST MARTIN BOULOGNE,62280,201
ST MARTIN CHOQUEL,62240,201
ST MARTIN D AUXY,71390,201
ST MARTIN D HARDINGHEM,62560,201
ST MARTIN D OLLIERES,63580,201
ST MARTIN D ONEY,40090,201
ST MARTIN DE BAVEL,01510,201
ST MARTIN DE BOSSENAY,10100,201
ST MARTIN DE COMMUNE,71490,201
ST MARTIN DE HINX,40390,201
ST MARTIN DE LIXY,71740,201
ST MARTIN DE SALENCEY,71220,201
ST MARTIN DE SEIGNANX,40390,201
ST MARTIN DES BOIS,41800,201
ST MARTIN DES OLMES,63600,201
ST MARTIN DES PLAINS,63570,201
ST MARTIN DU FRENE,01430,201
ST MARTIN DU LAC,71110,201
ST MARTIN DU MONT,01160,201
ST MARTIN DU TARTRE,71460,201
ST MARTIN DU TILLEUL,27300,201
ST MARTIN EN BRESSE,71620,201
ST MARTIN EN GATINOIS,71350,201
ST MARTIN LA CAMPAGNE,27930,201
ST MARTIN LA PATROUILLE,71460,201
ST MARTIN LE CHATEL,01310,201
ST MARTIN LE NOEUD,60000,201
ST MARTIN LEZ TATINGHEM,62500,201
ST MARTIN LONGUEAU,60700,201
ST MARTIN SOUS MONTAIGU,71640,201
ST MARTIN ST FIRMIN,27450,201
ST MARTIN SUR COJEUL,62128,201
ST MAURICE DE BEYNOST,01700,201
ST MAURICE DE GOURDANS,01800,201
ST MAURICE DE REMENS,01500,201
ST MAURICE DE SATONNAY,71260,201
ST MAURICE DES CHAMPS,71460,201
ST MAURICE EN RIVIERE,71620,201
ST MAURICE LES CHATEAUNEUF,71740,201
ST MAURICE LES COUCHES,71490,201
ST MAURICE PRES PIONSAT,63330,201
ST MAURICE SUR ADOUR,40270,201
ST MESLIN DU BOSC,27370,201
ST MESMIN,10280,201
ST MICAUD,71460,201
ST MICHEL ESCALUS,40550,201
ST MICHEL SOUS BOIS,62650,201
ST MICHEL SUR TERNOISE,62130,201
ST MYON,63460,201
ST NABORD SUR AUBE,10700,201
ST NECTAIRE,63710,201
ST NICOLAS,62223,201
ST NICOLAS LA CHAPELLE,10400,201
ST NIZIER LE BOUCHOUX,01560,201
ST NIZIER LE DESERT,01320,201
ST NIZIER SUR ARROUX,71190,201
ST OMER CAPELLE,62162,201
ST OMER EN CHAUSSEE,60860,201
ST OUEN,41100,201
ST OUEN DE PONTCHEUIL,27370,201
ST OUEN DE THOUBERVILLE,27310,201
ST OUEN DU TILLEUL,27670,201
ST OUEN SUR SEINE,93400,201
ST OULPH,10170,201
ST OURS,63230,201
ST PANDELON,40180,201
ST PARDOUX,63440,201
ST PARRES AUX TERTRES,10410,201
ST PARRES LES VAUDES,10260,201
ST PAUL DE FOURQUES,27800,201
ST PAUL DE VARAX,01240,201
ST PAUL EN BORN,40200,201
ST PAUL LES DAX,40990,201
ST PERDON,40090,201
ST PHAL,10130,201
ST PHILBERT SUR BOISSEY,27520,201
ST PHILBERT SUR RISLE,27290,201
ST PIERRE COLAMINE,63610,201
ST PIERRE DE BAILLEUL,27920,201
ST PIERRE DE CERNIERES,27390,201
ST PIERRE DE CORMEILLES,27260,201
ST PIERRE DE SALERNE,27800,201
ST PIERRE DE VARENNES,71670,201
ST PIERRE DES FLEURS,27370,201
ST PIERRE DU BOSGUERARD,27370,201
ST PIERRE DU VAL,27210,201
ST PIERRE DU VAUVRAY,27430,201
ST PIERRE ES CHAMPS,60850,201
ST PIERRE LA BOURLHONNE,63480,201
ST PIERRE LA GARENNE,27600,201
ST PIERRE LE CHASTEL,63230,201
ST PIERRE LES BITRY,60350,201
ST PIERRE ROCHE,63210,201
ST POINT,71520,201
ST POL SUR TERNOISE,62130,201
ST POUANGE,10120,201
ST PRIEST BRAMEFANT,63310,201
ST PRIEST DES CHAMPS,63640,201
ST PRIVE,71390,201
ST QUENTIN DES PRES,60380,201
ST QUENTIN SUR SAUXILLANGES,63490,201
ST QUINTIN SUR SIOULE,63440,201
ST RACHO,71800,201
ST RAMBERT EN BUGEY,01230,201
ST REMY,01310,201
ST REMY AU BOIS,62870,201
ST REMY DE BLOT,63440,201
ST REMY DE CHARGNAT,63500,201
ST REMY EN L EAU,60130,201
ST REMY SOUS BARBUISE,10700,201
ST REMY SUR DUROLLE,63550,201
ST RIMAY,41800,201
ST ROMAIN SOUS GOURDON,71230,201
ST ROMAIN SOUS VERSIGNY,71420,201
ST ROMAIN SUR CHER,41140,201
ST SAMSON DE LA ROQUE,27680,201
ST SAMSON LA POTERIE,60220,201
ST SANDOUX,63450,201
ST SAUVES D AUVERGNE,63950,201
ST SAUVEUR LA SAGNE,63220,201
ST SEBASTIEN DE MORSENT,27180,201
ST SERNIN DU BOIS,71200,201
ST SERNIN DU PLAIN,71510,201
ST SEVER,40500,201
ST SIMEON,27560,201
ST SORLIN EN BUGEY,01150,201
ST SULPICE,01340,201
ST SULPICE DE GRIMBOUVILLE,27210,201
ST SULPICE DE POMMERAY,41000,201
ST SYLVESTRE DE CORMEILLES,27260,201
ST SYLVESTRE PRAGOULIN,63310,201
ST SYMPHORIEN D ANCELLES,71570,201
ST SYMPHORIEN DE MARMAGNE,71710,201
ST SYMPHORIEN DES BOIS,71800,201
ST THIBAULT,10800,201
ST TRICAT,62185,201
ST TRIVIER DE COURTES,01560,201
ST TRIVIER SUR MOIGNANS,01990,201
ST USAGE,10360,201
ST USUGE,71500,201
ST VAAST DE LONGMONT,60410,201
ST VAAST LES MELLO,60660,201
ST VALERY,60220,201
ST VALLERIN,71390,201
ST VENANT,62350,201
ST VIATRE,41210,201
ST VICTOR D EPINE,27800,201
ST VICTOR DE CHRETIENVILLE,27300,201
ST VICTOR LA RIVIERE,63790,201
ST VICTOR MONTVIANEIX,63550,201
ST VICTOR SUR AVRE,27130,201
ST VIGOR,27930,201
ST VINCENT BRAGNY,71430,201
ST VINCENT DE TYROSSE,40230,201
ST VINCENT DES BOIS,27950,201
ST VINCENT DES PRES,71250,201
ST VINCENT DU BOULAY,27230,201
ST VINCENT EN BRESSE,71440,201
ST VULBAS,01150,201
ST YAGUEN,40400,201
ST YAN,71600,201
ST YVOINE,63500,201
STAINS,93240,201
STE AGATHE,63120,201
STE CATHERINE,62223,201
STE CHRISTINE,63390,201
STE COLOMBE LA COMMANDERIE,27110,201
STE COLOMBE PRES VERNON,27950,201
STE CROIX,01120,201
STE CROIX EN BRESSE,71470,201
STE EULALIE EN BORN,40200,201
STE EUPHEMIE,01600,201
STE EUSOYE,60480,201
STE FOY,40190,201
STE GENEVIEVE LES GASNY,27620,201
STE JULIE,01150,201
STE MARIE D ATTEZ,27160,201
STE MARIE DE GOSSE,40390,201
STE MARIE DE VATIMESNIL,27150,201
STE MARIE KERQUE,62370,201
STE MARTHE,27190,201
STE MAURE,10150,201
STE OLIVE,01330,201
STE OPPORTUNE DU BOSC,27110,201
STE OPPORTUNE LA MARE,27680,201
STE SAVINE,10300,201
SUEVRES,41500,201
SUGERES,63490,201
SUIN,71220,201
SULIGNAT,01400,201
SURAT,63720,201
SURJOUX LHOPITAL,01420,201
SURQUES,62850,201
SURTAUVILLE,27400,201
SUS ST LEGER,62810,201
SUZAY,27420,201
SUZOY,60400,201
SYLVAINS LES MOULINS,27240,201
TAIZE,71250,201
TALCY,41370,201
TALISSIEU,01510,201
TALLENDE,63450,201
TALLER,40260,201
TALMONTIERS,60590,201
TANCON,71740,201
TANGRY,62550,201
TARDINGHEN,62179,201
TARNOS,40220,201
TARTAS,40400,201
TARTIGNY,60120,201
TAUVES,63690,201
TAVERNAY,71400,201
TEILHEDE,63460,201
TENAY,01230,201
TENEUR,62134,201
TERCIS LES BAINS,40180,201
TERNANT LES EAUX,63340,201
TERNAS,62127,201
TERNAY,41800,201
TERRES DE BORD,27340,201
TETHIEU,40990,201
THEILLAY,41300,201
THELUS,62580,201
THENNELIERES,10410,201
THENOUVILLE,27290,201
THERDONNE,60510,201
THERINES,60380,201
THEROUANNE,62129,201
THESEE,41140,201
THIBERVILLE,27230,201
THIBIVILLERS,60240,201
THIBOUVILLE,27800,201
THIEFFRAIN,10140,201
THIEMBRONNE,62560,201
THIERS,63300,201
THIERS SUR THEVE,60520,201
THIERVILLE,27290,201
THIESCOURT,60310,201
THIEULOY ST ANTOINE,60210,201
THIEUX,60480,201
THIEVRES,62760,201
THIL,01120,201
THIL SUR ARROUX,71190,201
THIOLIERES,63600,201
THIVERNY,60160,201
THOIRY,01710,201
THOISSEY,01140,201
THORE LA ROCHETTE,41100,201
THORS,10200,201
THOUROTTE,60150,201
THOURY,41220,201
THURET,63260,201
THUREY,71440,201
THURY EN VALOIS,60890,201
THURY SOUS CLERMONT,60250,201
TIGNY NOYELLE,62180,201
TILH,40360,201
TILLE,60000,201
TILLEUL DAME AGNES,27170,201
TILLIERES SUR AVRE,27570,201
TILLOY LES HERMAVILLE,62690,201
TILLOY LES MOFFLAINES,62217,201
TILLY,27510,201
TILLY CAPELLE,62134,201
TILQUES,62500,201
TINCQUES,62127,201
TINGRY,62830,201
TINTRY,71490,201
TOCQUEVILLE,27500,201
TOLLENT,62390,201
TORCIEU,01230,201
TORCY,62310,201
TORCY LE GRAND,10700,201
TORCY LE PETIT,10700,201
TORTEBESSE,63470,201
TORTEFONTAINE,62140,201
TORTEQUESNE,62490,201
TORVILLIERS,10440,201
TOSSE,40230,201
TOSSIAT,01250,201
TOULON SUR ARROUX,71320,201
TOULOUZETTE,40250,201
TOUR EN SOLOGNE,41250,201
TOURAILLES,41190,201
TOURLY,60240,201
TOURNEDOS BOIS HUBERT,27180,201
TOURNEHEM SUR LA HEM,62890,201
TOURNEVILLE,27930,201
TOURNUS,71700,201
TOURS SUR MEYMONT,63590,201
TOURVILLE LA CAMPAGNE,27370,201
TOURVILLE SUR PONT AUDEMER,27500,201
TOURZEL RONZIERES,63320,201
TOUSSIEUX,01600,201
TOUTAINVILLE,27500,201
TOUTENANT,71350,201
TRACY LE MONT,60170,201
TRACY LE VAL,60170,201
TRAINEL,10400,201
TRALAIGUES,63380,201
TRAMAYES,71520,201
TRAMBLY,71520,201
TRAMECOURT,62310,201
TRAMOYES,01390,201
TRANCAULT,10290,201
TRANNES,10140,201
TREIS SANTS EN OUCHE,27270,201
TREMBLAY EN FRANCE,93290,201
TREMOUILLE ST LOUP,63810,201
TRENSACQ,40630,201
TRESCAULT,62147,201
TREVOUX,01600,201
TREZIOUX,63520,201
TRICOT,60420,201
TRIE CHATEAU,60590,201
TRIE LA VILLE,60590,201
TRIQUEVILLE,27500,201
TRIVY,71520,201
TROISSEREUX,60112,201
TROISVAUX,62130,201
TRONCHY,71440,201
TROO,41800,201
TROSLY BREUIL,60350,201
TROUANS,10700,201
TROUSSENCOURT,60120,201
TROUVILLE LA HAULE,27680,201
TRUMILLY,60800,201
TUBERSENT,62630,201
TURGY,10210,201
UCHACQ ET PARENTIS,40090,201
UCHIZY,71700,201
UCHON,71190,201
ULLY ST GEORGES,60730,201
UNIENVILLE,10140,201
URGONS,40320,201
URVILLE,10200,201
USSON,63490,201
UXEAU,71130,201
UZA,40170,201
VACQUERIE LE BOUCQ,62270,201
VACQUERIETTE ERQUIERES,62140,201
VAILLY,10150,201
VAL D AUZON,10220,201
VAL D ORGER,27380,201
VAL DE REUIL,27100,201
VAL REVERMONT,01370,201
VALAILLES,27300,201
VALAIRE,41120,201
VALBELEIX,63610,201
VALCIVIERES,63600,201
VALDAMPIERRE,60790,201
VALEINS,01140,201
VALENCISSE,41190,201
VALESCOURT,60130,201
VALHUON,62550,201
VALLANT ST GEORGES,10170,201
VALLEE DE RONSARD,41800,201
VALLENTIGNY,10500,201
VALLETOT,27350,201
VALLIERES,10210,201
VALLIERES LES GRANDES,41400,201
VALLOIRE SUR CISSE,41150,201
VALROMEY SUR SERAN,01260,201
VALSERHONE,01200,201
VALZ SOUS CHATEAUNEUF,63580,201
VANDEINS,01660,201
VANDELICOURT,60490,201
VANDRIMARE,27380,201
VANLAY,10210,201
VANNECROCQ,27210,201
VARAMBON,01160,201
VARENNE L ARCONCE,71110,201
VARENNE ST GERMAIN,71600,201
VARENNES LE GRAND,71240,201
VARENNES LES MACON,71000,201
VARENNES SOUS DUN,71800,201
VARENNES ST SAUVEUR,71480,201
VARENNES SUR MORGE,63720,201
VARENNES SUR USSON,63500,201
VARESNES,60400,201
VARINFROY,60890,201
VASCOEUIL,27910,201
VASSEL,63910,201
VATTEVILLE,27430,201
VAUBAN,71800,201
VAUCHASSIS,10190,201
VAUCHELLES,60400,201
VAUCHONVILLIERS,10140,201
VAUCOGNE,10240,201
VAUDANCOURT,60240,201
VAUDEBARRIER,71120,201
VAUDES,10260,201
VAUDRICOURT,62131,201
VAUDRINGHEM,62380,201
VAUJOURS,93410,201
VAULX,62390,201
VAULX VRAUCOURT,62159,201
VAUMOISE,60117,201
VAUPOISSON,10700,201
VAUX EN BUGEY,01150,201
VAUX EN PRE,71460,201
VAUX SUR EURE,27120,201
VEILLEINS,41230,201
VELENNES,60510,201
VELU,62124,201
VENDENESSE LES CHAROLLES,71120,201
VENDENESSE SUR ARROUX,71130,201
VENDEUIL CAPLY,60120,201
VENDEUVRE SUR BARSE,10140,201
VENDIN LE VIEIL,62880,201
VENDIN LES BETHUNE,62232,201
VENDOME,41100,201
VENETTE,60280,201
VENON,27110,201
VENSAT,63260,201
VER SUR LAUNETTE,60950,201
VERBERIE,60410,201
VERCHIN,62310,201
VERCHOCQ,62560,201
VERDEREL LES SAUQUEUSE,60112,201
VERDERONNE,60140,201
VERDUN CIEL,71350,201
VERGHEAS,63330,201
VERGISSON,71960,201
VERISSEY,71440,201
VERJON,01270,201
VERJUX,71590,201
VERLINCTHUN,62830,201
VERMELLES,62980,201
VERNEUGHEOL,63470,201
VERNEUIL D AVRE ET D ITON,27130,201
VERNEUIL EN HALATTE,60550,201
VERNEUSSES,27390,201
VERNINES,63210,201
VERNONVILLIERS,10200,201
VERNOU EN SOLOGNE,41230,201
VERNOUX,01560,201
VEROSVRES,71220,201
VERPILLIERES SUR OURCE,10360,201
VERQUIGNEUL,62113,201
VERQUIN,62131,201
VERRICOURT,10240,201
VERS,71240,201
VERSAILLEUX,01330,201
VERSAUGUES,71110,201
VERSONNEX,01210,201
VERT,40420,201
VERTAIZON,63910,201
VERTOLAYE,63480,201
VERTON,62180,201
VERZE,71960,201
VESANCY,01170,201
VESCOURS,01560,201
VESINES,01570,201
VESLY,27870,201
VEUZAIN SUR LOIRE,41150,201
VEXIN SUR EPTE,27420,201
VEYRE MONTON,63960,201
VEZ,60117,201
VEZILLON,27700,201
VIAPRES LE PETIT,10380,201
VIC LE COMTE,63270,201
VICHEL,63340,201
VICQ D AURIBAT,40380,201
VIEFVILLERS,60360,201
VIEIL HESDIN,62770,201
VIEIL MOUTIER,62240,201
VIEILLE CHAPELLE,62136,201
VIEILLE EGLISE,62162,201
VIELLE SOUBIRAN,40240,201
VIELLE ST GIRONS,40560,201
VIELLE TURSAN,40320,201
VIEU D IZENAVE,01430,201
VIEUX BOUCAU LES BAINS,40480,201
VIEUX MOULIN,60350,201
VIEUX PORT,27680,201
VIEVY LE RAYE,41290,201
VIGNEMONT,60162,201
VILLACERF,10600,201
VILLADIN,10290,201
VILLARS LES DOMBES,01330,201
VILLAVARD,41800,201
VILLE,60400,201
VILLE AUX BOIS,10500,201
VILLE SOUS LA FERTE,10310,201
VILLE SUR ARCE,10110,201
VILLE SUR TERRE,10200,201
VILLEBAROU,41000,201
VILLEBOIS,01150,201
VILLEBOUT,41270,201
VILLECHAUVE,41310,201
VILLECHETIF,10410,201
VILLEDIEU LE CHATEAU,41800,201
VILLEFRANCHE SUR CHER,41200,201
VILLEFRANCOEUR,41330,201
VILLEGATS,27120,201
VILLEGAUDIN,71620,201
VILLEHERVIERS,41200,201
VILLELOUP,10350,201
VILLEMARDY,41100,201
VILLEMBRAY,60650,201
VILLEMEREUIL,10800,201
VILLEMOIRON EN OTHE,10160,201
VILLEMOMBLE,93250,201
VILLEMORIEN,10110,201
VILLEMOTIER,01270,201
VILLEMOYENNE,10260,201
VILLENAUXE LA GRANDE,10370,201
VILLENAVE,40110,201
VILLENEUVE,01480,201
VILLENEUVE AU CHEMIN,10130,201
VILLENEUVE DE MARSAN,40190,201
VILLENEUVE EN MONTAGNE,71390,201
VILLENEUVE FROUVILLE,41290,201
VILLENEUVE LES CERFS,63310,201
VILLENEUVE LES SABLONS,60175,201
VILLENEUVE SUR VERBERIE,60410,201
VILLENY,41220,201
VILLEPORCHER,41310,201
VILLERABLE,41100,201
VILLERBON,41000,201
VILLEREVERSURE,01250,201
VILLERMAIN,41240,201
VILLEROMAIN,41100,201
VILLERS AU BOIS,62144,201
VILLERS AU FLOS,62450,201
VILLERS BRULIN,62690,201
VILLERS CHATEL,62690,201
VILLERS EN VEXIN,27420,201
VILLERS L HOPITAL,62390,201
VILLERS LES CAGNICOURT,62182,201
VILLERS SIR SIMON,62127,201
VILLERS SOUS ST LEU,60340,201
VILLERS ST BARTHELEMY,60650,201
VILLERS ST FRAMBOURG OGNON,60810,201
VILLERS ST GENEST,60620,201
VILLERS ST PAUL,60870,201
VILLERS ST SEPULCRE,60134,201
VILLERS SUR AUCHY,60650,201
VILLERS SUR BONNIERES,60860,201
VILLERS SUR COUDUN,60150,201
VILLERS SUR LE ROULE,27940,201
VILLERS VERMONT,60380,201
VILLERS VICOMTE,60120,201
VILLERY,10320,201
VILLES,01200,201
VILLESELVE,60640,201
VILLETANEUSE,93430,201
VILLETRUN,41100,201
VILLETTE SUR AIN,01320,201
VILLETTE SUR AUBE,10700,201
VILLETTES,27110,201
VILLEXANTON,41500,201
VILLEZ SOUS BAILLEUL,27950,201
VILLEZ SUR LE NEUBOURG,27110,201
VILLIERS EN DESOEUVRE,27640,201
VILLIERS HERBISSE,10700,201
VILLIERS LE BOIS,10210,201
VILLIERS SOUS PRASLIN,10210,201
VILLIERS SUR LOIR,41100,201
VILLIERSFAUX,41100,201
VILLIEU LOYES MOLLON,01800,201
VILLOSSANGES,63380,201
VILLY EN TRODES,10140,201
VILLY LE BOIS,10800,201
VILLY LE MARECHAL,10800,201
VIMY,62580,201
VINCLY,62310,201
VINDECY,71110,201
VINETS,10700,201
VINEUIL ST FIRMIN,60500,201
VINZELLES,63350,201
VIOLAINES,62138,201
VIRE,71260,201
VIREY LE GRAND,71530,201
VIREY SOUS BAR,10260,201
VIRIAT,01440,201
VIRIEU LE GRAND,01510,201
VIRIGNIN,01300,201
VIRLET,63330,201
VIRONVAY,27400,201
VIS EN ARTOIS,62156,201
VISCOMTAT,63250,201
VITOT,27110,201
VITRY EN ARTOIS,62490,201
VITRY EN CHAROLLAIS,71600,201
VITRY LE CROISE,10110,201
VITRY SUR LOIRE,71140,201
VIVEROLS,63840,201
VIVIERS SUR ARTAUT,10110,201
VODABLE,63500,201
VOIGNY,10200,201
VOINGT,63620,201
VOISCREVILLE,27520,201
VOLESVRES,71600,201
VOLLORE MONTAGNE,63120,201
VOLLORE VILLE,63120,201
VOLVIC,63530,201
VONGNES,01350,201
VONNAS,01540,201
VOSNON,10130,201
VOUE,10150,201
VOUGREY,10210,201
VOUZON,41600,201
VRAIVILLE,27370,201
VROCOURT,60112,201
VULAINES,10160,201
WABEN,62180,201
WACQUEMOULIN,60420,201
WACQUINGHEN,62250,201
WAIL,62770,201
WAILLY,62217,201
WAILLY BEAUCAMP,62170,201
WAMBERCOURT,62140,201
WAMBEZ,60380,201
WAMIN,62770,201
WANCOURT,62128,201
WANQUETIN,62123,201
WARDRECQUES,62120,201
WARLENCOURT EAUCOURT,62450,201
WARLINCOURT LES PAS,62760,201
WARLUIS,60430,201
WARLUS,62123,201
WARLUZEL,62810,201
WAVIGNIES,60130,201
WAVRANS SUR L AA,62380,201
WAVRANS SUR TERNOISE,62130,201
WELLES PERENNES,60420,201
WESTREHEM,62960,201
WICQUINGHEM,62650,201
WIDEHEM,62630,201
WIERRE AU BOIS,62830,201
WIERRE EFFROY,62720,201
WILLEMAN,62770,201
WILLENCOURT,62390,201
WILLERVAL,62580,201
WIMEREUX,62930,201
WIMILLE,62126,201
WINGLES,62410,201
WIRWIGNES,62240,201
WISMES,62380,201
WISQUES,62219,201
WISSANT,62179,201
WITTERNESSE,62120,201
WITTES,62120,201
WIZERNES,62570,201
YCHOUX,40160,201
YEVRES LE PETIT,10500,201
YGOS ST SATURNIN,40110,201
YOUX,63700,201
YRONDE ET BURON,63270,201
YSSAC LA TOURETTE,63200,201
YTRES,62124,201
YVOY LE MARRON,41600,201
YZOSSE,40180,201
ZOTEUX,62650,201
ZOUAFQUES,62890,201
ZUDAUSQUES,62500,201
ZUTKERQUE,62370,201
ABJAT SUR BANDIAT,24300,187
AGONAC,24460,187
AILLIERES BEAUVOIR,72600,187
AISY SUR ARMANCON,89390,187
AIZENAY,85190,187
AJAT,24210,187
ALBON,26140,187
ALENCON,61000,187
ALEYRAC,26770,187
ALIXAN,26300,187
ALLAN,26780,187
ALLAS LES MINES,24220,187
ALLEMANS,24600,187
ALLES SUR DORDOGNE,24480,187
ALLEX,26400,187
ALMENECHES,61570,187
AMBONIL,26800,187
AMNE,72540,187
ANCINNES,72610,187
ANCONE,26200,187
ANCY LE FRANC,89160,187
ANCY LE LIBRE,89160,187
ANDANCETTE,26140,187
ANDRYES,89480,187
ANGELY,89440,187
ANGOISSE,24270,187
ANLHIAC,24160,187
ANNAY LA COTE,89200,187
ANNAY SUR SEREIN,89310,187
ANNEOT,89200,187
ANNESSE ET BEAULIEU,24430,187
ANNEYRON,26140,187
ANNOUX,89440,187
ANTIGNY,85120,187
ANTONNE ET TRIGONANT,24420,187
AOUSTE SUR SYE,26400,187
APPENAI SOUS BELLEME,61130,187
APPOIGNY,89380,187
ARCES DILO,89320,187
ARCHIGNAC,24590,187
ARCONNAY,72610,187
ARCY SUR CURE,89270,187
ARDENAY SUR MERIZE,72370,187
ARGENTAN,61200,187
ARGENTENAY,89160,187
ARGENTEUIL SUR ARMANCON,89160,187
ARMEAU,89500,187
ARNAGE,72230,187
ARNAYON,26470,187
ARPAVON,26110,187
ARTHEMONAY,26260,187
ARTHEZE,72270,187
ARTHONNAY,89740,187
ASNIERES SOUS BOIS,89660,187
ASNIERES SUR VEGRE,72430,187
ASQUINS,89450,187
ASSE LE BOISNE,72130,187
ASSE LE RIBOUL,72170,187
ATHIS VAL DE ROUVRE,61100,187
AUBAS,24290,187
AUBENASSON,26340,187
AUBIGNE RACAN,72800,187
AUBIGNY LES CLOUZEAUX,85430,187
AUBRES,26110,187
AUBRY LE PANTHOU,61120,187
AUCELON,26340,187
AUCHAY SUR VENDEE,85200,187
AUDRIX,24260,187
AUGIGNAC,24300,187
AUGUAISE,61270,187
AULAN,26570,187
AUNAY LES BOIS,61500,187
AUNOU LE FAUCON,61200,187
AUNOU SUR ORNE,61500,187
AUREL,26340,187
AURIAC DU PERIGORD,24290,187
AUTICHAMP,26400,187
AUVERS LE HAMON,72300,187
AUVERS SOUS MONTFAUCON,72540,187
AUXERRE,89000,187
AVALLON,89200,187
AVERNES ST GOURGON,61470,187
AVESNES EN SAOSNOIS,72260,187
AVESSE,72350,187
AVOISE,72430,187
AZERAT,24210,187
BADEFOLS D ANS,24390,187
BADEFOLS SUR DORDOGNE,24150,187
BAGNEAUX,89190,187
BAGNOLES DE L ORNE NORMANDIE,61140,187
BALLON ST MARS,72290,187
BALLONS,26560,187
BANEUIL,24150,187
BANVOU,61450,187
BAON,89430,187
BARBATRE,85630,187
BARBIERES,26300,187
BARCELONNE,26120,187
BARDOU,24560,187
BARNAVE,26310,187
BARRET DE LIOURE,26570,187
BARS,24210,187
BARSAC,26150,187
BASSILLAC ET AUBEROCHE,24330,187
BASSOU,89400,187
BATHERNAY,26260,187
BAYAC,24150,187
BAZARNES,89460,187
BAZOCHES AU HOULME,61210,187
BAZOCHES SUR HOENE,61560,187
BAZOGES EN PAILLERS,85130,187
BAZOGES EN PAREDS,85390,187
BAZOUGES CRE SUR LOIR,72200,187
BEAUFAI,61270,187
BEAUFAY,72110,187
BEAUFORT SUR GERVANNE,26400,187
BEAUFOU,85170,187
BEAULIEU SOUS LA ROCHE,85190,187
BEAUMONT EN DIOIS,26310,187
BEAUMONT LES VALENCE,26760,187
BEAUMONT MONTEUX,26600,187
BEAUMONT SUR DEME,72340,187
BEAUMONT SUR SARTHE,72170,187
BEAUMONTOIS EN PERIGORD,24440,187
BEAUPOUYET,24400,187
BEAUREGARD BARET,26300,187
BEAUREGARD DE TERRASSON,24120,187
BEAUREGARD ET BASSAC,24140,187
BEAURIERES,26310,187
BEAURONNE,24400,187
BEAUSEMBLANT,26240,187
BEAUVAIN,61600,187
BEAUVALLON,26800,187
BEAUVOIR SUR MER,85230,187
BEAUVOISIN,26170,187
BEILLE,72160,187
BEINE,89800,187
BELEYMAS,24140,187
BELFONDS,61500,187
BELFORET EN PERCHE,61130,187
BELLAVILLIERS,61360,187
BELLECHAUME,89210,187
BELLECOMBE TARENDOL,26110,187
BELLEGARDE EN DIOIS,26470,187
BELLEME,61130,187
BELLEVIGNY,85170,187
BELLOU EN HOULME,61220,187
BELLOU LE TRICHARD,61130,187
BENET,85490,187
BENIVAY OLLON,26170,187
BEON,89410,187
BERBIGUIERES,24220,187
BERD HUIS,61340,187
BERFAY,72320,187
BERGERAC,24100,187
BERJOU,61430,187
BERNAY NEUVY EN CHAMPAGNE,72240,187
BERNOUIL,89360,187
BERTRIC BUREE,24320,187
BERU,89700,187
BERUS,72610,187
BESAYES,26300,187
BESIGNAN,26110,187
BESSAY,85320,187
BESSE SUR BRAYE,72310,187
BESSY SUR CURE,89270,187
BEUGNON,89570,187
BEYNAC ET CAZENAC,24220,187
BEZAUDUN SUR BINE,26460,187
BIERRY LES BELLES FONTAINES,89420,187
BIRAS,24310,187
BIZOU,61290,187
BLANNAY,89200,187
BLEIGNY LE CARREAU,89230,187
BLENEAU,89220,187
BLEVES,72600,187
BOECE,61560,187
BOESSE LE SEC,72400,187
BOEURS EN OTHE,89770,187
BOIS DE CENE,85710,187
BOISCHAMPRE,61570,187
BOISSE,24560,187
BOISSEI LA LANDE,61570,187
BOISSEUILH,24390,187
BOITRON,61500,187
BONLIEU SUR ROUBION,26160,187
BONNARD,89400,187
BONNEFOI,61270,187
BONNETABLE,72110,187
BONNEVILLE ET ST AVIT DE FUMADIERES,24230,187
BONSMOULINS,61380,187
BORREZE,24590,187
BOSSET,24130,187
BOUCHET,26790,187
BOUER,72390,187
BOUILLE COURDAULT,85420,187
BOUIN,85230,187
BOULAZAC ISLE MANOIRE,24330,187
BOULC,26410,187
BOULOIRE,72440,187
BOUNIAGUES,24560,187
BOURDEAUX,26460,187
BOURDEILLES,24310,187
BOURG DE PEAGE,26300,187
BOURG DES MAISONS,24320,187
BOURG DU BOST,24600,187
BOURG LE ROI,72610,187
BOURG LES VALENCE,26500,187
BOURGNAC,24400,187
BOURNEAU,85200,187
BOURNEZEAU,85480,187
BOURNIQUEL,24150,187
BOURROU,24110,187
BOUTEILLES ST SEBASTIEN,24320,187
BOUVANTE,26190,187
BOUVIERES,26460,187
BOUZIC,24250,187
BRAINS SUR GEE,72550,187
BRANCHES,89113,187
BRANNAY,89150,187
BRANTOME EN PERIGORD,24310,187
BREM SUR MER,85470,187
BREN,26260,187
BRETHEL,61270,187
BRETIGNOLLES SUR MER,85470,187
BRETONCELLES,61110,187
BRETTE,26340,187
BRETTE LES PINS,72250,187
BRIENON SUR ARMANCON,89210,187
BRIEUX,61160,187
BRIOSNE LES SABLES,72110,187
BRIOUZE,61220,187
BROSSES,89660,187
BROUCHAUD,24210,187
BRULLEMAIL,61390,187
BRULON,72350,187
BUIS LES BARONNIES,26170,187
BURSARD,61500,187
BUSSAC,24350,187
BUSSEROLLES,24360,187
BUSSIERE BADIL,24360,187
BUSSY EN OTHE,89400,187
BUTTEAUX,89360,187
CAHAN,61430,187
CALES,24150,187
CALIGNY,61100,187
CALVIAC EN PERIGORD,24370,187
CAMEMBERT,61120,187
CAMPAGNAC LES QUERCY,24550,187
CAMPAGNE,24260,187
CAMPSEGRET,24140,187
CAPDROT,24540,187
CARISEY,89360,187
CARLUX,24370,187
CARROUGES,61320,187
CARSAC AILLAC,24200,187
CARSAC DE GURSON,24610,187
CARVES,24170,187
CASTELNAUD LA CHAPELLE,24250,187
CASTELS ET BEZENAC,24220,187
CAUSE DE CLERANS,24150,187
CEAUCE,61330,187
CENAC ET ST JULIEN,24250,187
CENSY,89310,187
CERANS FOULLETOURTE,72330,187
CERISE,61000,187
CERISIERS,89320,187
CERISY BELLE ETOILE,61100,187
CETON,61260,187
CEZY,89410,187
CHABEUIL,26120,187
CHABLIS,89800,187
CHABRILLAN,26400,187
CHAHAIGNES,72340,187
CHAHAINS,61320,187
CHAILLE LES MARAIS,85450,187
CHAILLEY,89770,187
CHAILLOUE,61240,187
CHALAGNAC,24380,187
CHALANCON,26470,187
CHALLANS,85300,187
CHALLES,72250,187
CHAMALOC,26150,187
CHAMARET,26230,187
CHAMOUX,89660,187
CHAMP HAUT,61240,187
CHAMPAGNAC DE BELAIR,24530,187
CHAMPAGNE ET FONTAINE,24320,187
CHAMPAGNE LES MARAIS,85450,187
CHAMPCERIE,61210,187
CHAMPCEVINEL,24750,187
CHAMPCEVRAIS,89220,187
CHAMPEAUX SUR SARTHE,61560,187
CHAMPFLEUR,72610,187
CHAMPIGNELLES,89350,187
CHAMPLAY,89300,187
CHAMPLOST,89210,187
CHAMPNIERS ET REILHAC,24360,187
CHAMPOSOULT,61120,187
CHAMPROND,72320,187
CHAMPS ROMAIN,24470,187
CHAMPS SUR YONNE,89290,187
CHAMPSECRET,61700,187
CHAMVRES,89300,187
CHANCELADE,24650,187
CHANDAI,61300,187
CHANOS CURSON,26600,187
CHANTEMERLE LES BLES,26600,187
CHANTEMERLE LES GRIGNAN,26230,187
CHANTENAY VILLEDIEU,72430,187
CHANTERAC,24190,187
CHANTONNAY,85110,187
CHANU,61800,187
CHANVERRIE,85130,187
CHAPDEUIL,24320,187
CHARBUY,89113,187
CHARENS,26310,187
CHARENTENAY,89580,187
CHARMES SUR L HERBASSE,26260,187
CHARNY OREE DE PUISAYE,89120,187
CHAROLS,26450,187
CHARPEY,26300,187
CHASNAIS,85400,187
CHASSAIGNES,24600,187
CHASSIGNELLES,89160,187
CHASSILLE,72540,187
CHASTEL ARNAUD,26340,187
CHASTELLUX SUR CURE,89630,187
CHATEAU GUIBERT,85320,187
CHATEAU L EVEQUE,24460,187
CHATEAU L HERMITAGE,72510,187
CHATEAUDOUBLE,26120,187
CHATEAUNEUF DE BORDETTE,26110,187
CHATEAUNEUF DE GALAURE,26330,187
CHATEAUNEUF DU RHONE,26780,187
CHATEAUNEUF SUR ISERE,26300,187
CHATEL CENSOIR,89660,187
CHATEL GERARD,89310,187
CHATILLON EN DIOIS,26410,187
CHATILLON ST JEAN,26750,187
CHATUZANGE LE GOUBET,26300,187
CHAUCHE,85140,187
CHAUDEBONNE,26110,187
CHAUFOUR NOTRE DAME,72550,187
CHAUVAC LAUX MONTAUX,26510,187
CHAVAGNES EN PAILLERS,85250,187
CHAVAGNES LES REDOUX,85390,187
CHEFFOIS,85390,187
CHEMILLI,61360,187
CHEMILLY SUR SEREIN,89800,187
CHEMILLY SUR YONNE,89250,187
CHEMIRE EN CHARNIE,72540,187
CHEMIRE LE GAUDIN,72210,187
CHENEY,89700,187
CHENU,72500,187
CHENY,89400,187
CHERISAY,72610,187
CHEROY,89690,187
CHERRE AU,72400,187
CHERVAL,24320,187
CHERVEIX CUBAS,24390,187
CHEU,89600,187
CHEVILLE,72350,187
CHICHEE,89800,187
CHICHERY,89400,187
CHITRY,89530,187
CHOURGNAC,24640,187
CIRAL,61320,187
CISAI ST AUBIN,61230,187
CLADECH,24170,187
CLANSAYES,26130,187
CLAVEYSON,26240,187
CLEON D ANDRAN,26450,187
CLERIEUX,26260,187
CLERMONT CREANS,72200,187
CLERMONT D EXCIDEUIL,24160,187
CLERMONT DE BEAUREGARD,24140,187
CLIOUSCLAT,26270,187
COBONNE,26400,187
COEX,85220,187
COGNERS,72310,187
COLLAN,89700,187
COLLEMIERS,89100,187
COLONZELLE,26230,187
COLY ST AMAND,24120,187
COMBERANCHE ET EPELUCHE,24600,187
COMBLOT,61400,187
COMBOVIN,26120,187
COMMEAUX,61200,187
COMMEQUIERS,85220,187
COMMERVEIL,72600,187
COMPIGNY,89140,187
COMPS,26220,187
CONDAT SUR TRINCOU,24530,187
CONDAT SUR VEZERE,24570,187
CONDE SUR SARTHE,61250,187
CONDILLAC,26740,187
CONDORCET,26110,187
CONFLANS SUR ANILLE,72120,187
CONGE SUR ORNE,72290,187
CONLIE,72240,187
CONNE DE LABARDE,24560,187
CONNERRE,72160,187
CONNEZAC,24300,187
CONTILLY,72600,187
CORBON,61400,187
CORGNAC SUR L ISLE,24800,187
CORMES,72400,187
CORNANT,89500,187
CORNILLAC,26510,187
CORNILLE,24750,187
CORNILLON SUR L OULE,26510,187
CORPE,85320,187
COUBJOURS,24390,187
COUDEHARD,61160,187
COUDRECIEUX,72440,187
COULAINES,72190,187
COULANGERON,89580,187
COULANGES LA VINEUSE,89580,187
COULANGES SUR YONNE,89480,187
COULANS SUR GEE,72550,187
COULAURES,24420,187
COULIMER,61360,187
COULMER,61230,187
COULONCES,61160,187
COULONGE,72800,187
COULONGES SUR SARTHE,61170,187
COULOUNIEIX CHAMIERS,24660,187
COULOURS,89320,187
COUR MAUGIS SUR HUISNE,61110,187
COURCEBOEUFS,72290,187
COURCELLES LA FORET,72270,187
COURCEMONT,72110,187
COURCIVAL,72110,187
COURGAINS,72260,187
COURGENARD,72320,187
COURGENAY,89190,187
COURGEON,61400,187
COURGEOUT,61560,187
COURGIS,89800,187
COURLON SUR YONNE,89140,187
COURS DE PILE,24520,187
COURSAC,24430,187
COURSON LES CARRIERES,89560,187
COURTILLERS,72300,187
COURTOIN,89150,187
COURTOIS SUR YONNE,89100,187
COURTOMER,61390,187
COUTARNOUX,89440,187
COUTURES,24320,187
COUX ET BIGAROQUE MOUZENS,24220,187
COUZE ET ST FRONT,24150,187
CRAIN,89480,187
CRAMENIL,61220,187
CRANNES EN CHAMPAGNE,72540,187
CREPOL,26350,187
CREST,26400,187
CREYSSAC,24350,187
CREYSSE,24100,187
CREYSSENSAC ET PISSOT,24380,187
CRISSE,72140,187
CROSMIERES,72200,187
CROUTTES,61120,187
CROZES HERMITAGE,26600,187
CRULAI,61300,187
CRUPIES,26460,187
CRUZY LE CHATEL,89740,187
CRY,89390,187
CUBJAC AUVEZERE VAL D ANS,24640,187
CUDOT,89116,187
CUGAND LA BERNARDIERE,85610,187
CUISSAI,61250,187
CUNEGES,24240,187
CURES,72240,187
CURNIER,26110,187
CURZON,85540,187
CUSSY LES FORGES,89420,187
DAGLAN,24250,187
DAME MARIE,61130,187
DAMIGNY,61250,187
DAMVIX,85420,187
DANGEUL,72260,187
DANNEMOINE,89700,187
DEGRE,72550,187
DEHAULT,72400,187
DEUX RIVIERES,89460,187
DIE,26150,187
DIEULEFIT,26220,187
DIGES,89240,187
DISSANGIS,89440,187
DISSAY SOUS COURCILLON,72500,187
DIVAJEU,26400,187
DIXMONT,89500,187
DOISSAT,24170,187
DOIX LES FONTAINES,85200,187
DOLLON,72390,187
DOLLOT,89150,187
DOMATS,89150,187
DOMECY SUR CURE,89450,187
DOMECY SUR LE VAULT,89200,187
DOMFRONT EN CHAMPAGNE,72240,187
DOMFRONT EN POIRAIE,61700,187
DOMME,24250,187
DOMPIERRE SUR YON,85170,187
DONZERE,26290,187
DOUCELLES,72170,187
DOUCHAPT,24350,187
DOUILLET,72130,187
DOUVILLE,24140,187
DOUZILLAC,24190,187
DRACY,89130,187
DRUYES LES BELLES FONTAINES,89560,187
DUNEAU,72160,187
DURCET,61100,187
DUREIL,72270,187
DUSSAC,24270,187
DYE,89360,187
ECHALOU,61440,187
ECHAUFFOUR,61370,187
ECHEVIS,26190,187
ECHOURGNAC,24410,187
ECOMMOY,72220,187
ECORCEI,61270,187
ECORCHES,61160,187
ECORPAIN,72120,187
ECOUCHE LES VALLEES,61150,187
ECOUVES,61250,187
EGLENY,89240,187
EGLISE NEUVE D ISSAC,24400,187
EGLISE NEUVE DE VERGT,24380,187
EGRISELLES LE BOCAGE,89500,187
EPINEAU LES VOVES,89400,187
EPINEU LE CHEVREUIL,72540,187
EPINEUIL,89700,187
EPINOUZE,26210,187
EROME,26600,187
ESCOIRE,24420,187
ESCOLIVES STE CAMILLE,89290,187
ESNON,89210,187
ESPELUCHE,26780,187
ESPENEL,26340,187
ESSARTS EN BOCAGE,85140,187
ESSAY,61500,187
ESTABLET,26470,187
ETAIS LA SAUVIN,89480,187
ETAULE,89200,187
ETIGNY,89510,187
ETIVAL LES LE MANS,72700,187
ETIVEY,89310,187
ETOILE SUR RHONE,26800,187
ETOUARS,24360,187
EURRE,26400,187
EVRY,89140,187
EXCIDEUIL,24160,187
EYGALAYES,26560,187
EYGALIERS,26170,187
EYGLUY ESCOULIN,26400,187
EYGURANDE ET GARDEDEUIL,24700,187
EYMET,24500,187
EYMEUX,26730,187
EYRAUD CREMPSE MAURENS,24130,187
EYROLES,26110,187
EYZAHUT,26160,187
EYZERAC,24800,187
FALLERON,85670,187
FANLAC,24290,187
FATINES,72470,187
FAURILLES,24560,187
FAUX EN PERIGORD,24560,187
FAY,61390,187
FAY LE CLOS,26240,187
FAYMOREAU,85240,187
FEINGS,61400,187
FELINES SUR RIMANDOULE,26160,187
FERCE SUR SARTHE,72430,187
FERRASSIERES,26570,187
FERRIERES LA VERRERIE,61390,187
FILLE,72210,187
FIRBEIX,24450,187
FLACY,89190,187
FLEE,72500,187
FLERS,61100,187
FLEURE,61200,187
FLEURY LA VALLEE,89113,187
FLEYS,89800,187
FLOGNY LA CHAPELLE,89360,187
FLORIMONT GAUMIER,24250,187
FOISSY LES VEZELAY,89450,187
FOISSY SUR VANNE,89190,187
FONROQUE,24500,187
FONTAINE LA GAILLARDE,89100,187
FONTAINE LES BASSETS,61160,187
FONTENAY LE COMTE,85200,187
FONTENAY PRES CHABLIS,89800,187
FONTENAY PRES VEZELAY,89450,187
FONTENAY SOUS FOURONNES,89660,187
FONTENAY SUR VEGRE,72350,187
FOSSEMAGNE,24210,187
FOUGERE,85480,187
FOULEIX,24380,187
FOURNAUDIN,89320,187
FOURONNES,89560,187
FOUSSAIS PAYRE,85240,187
FRAISSE,24130,187
FRANCILLON SUR ROUBION,26400,187
FRESNAY LE SAMSON,61120,187
FRESNAY SUR SARTHE,72130,187
FROIDFOND,85300,187
FULVY,89160,187
FYE,72610,187
GABILLOU,24210,187
GACE,61230,187
GAGEAC ET ROUILLAC,24240,187
GANDELAIN,61420,187
GAPREE,61390,187
GARDONNE,24680,187
GAUGEAC,24540,187
GENIS,24160,187
GENISSIEUX,26750,187
GERVANS,26600,187
GESNES LE GANDELIN,72130,187
GEYSSANS,26750,187
GIEL COURTEILLES,61210,187
GIGORS ET LOZERON,26400,187
GINAI,61310,187
GINESTET,24130,187
GISY LES NOBLES,89140,187
GIVRAND,85800,187
GLANDAGE,26410,187
GOUFFERN EN AUGE,61160,187
GOUT ROSSIGNOL,24320,187
GRAND BRASSAC,24350,187
GRAND LANDES,85670,187
GRANE,26400,187
GRANGES D ANS,24390,187
GRANGES LES BEAUMONT,26600,187
GREEZ SUR ROC,72320,187
GRIGNAN,26230,187
GRIGNOLS,24110,187
GRIMAULT,89310,187
GRIVES,24170,187
GROLEJAC,24250,187
GROSBREUIL,85440,187
GRUES,85580,187
GRUN BORDAS,24380,187
GUECELARD,72230,187
GUEPREI,61160,187
GUERQUESALLES,61120,187
GUILLON TERRE PLAINE,89420,187
GUMIANE,26470,187
GURGY,89250,187
GY L EVEQUE,89580,187
HABLOVILLE,61210,187
HAUTEFAYE,24300,187
HAUTEFORT,24390,187
HAUTERIVES,26390,187
HELOUP,61250,187
HOSTUN,26730,187
IGE,61130,187
IRAI,61190,187
IRANCY,89290,187
ISLAND,89200,187
ISSAC,24400,187
ISSIGEAC,24560,187
IZON LA BRUISSE,26560,187
JAILLANS,26300,187
JARD SUR MER,85520,187
JAULGES,89360,187
JAURE,24140,187
JAUZE,72110,187
JAVERLHAC ET LA CHAPELLE ST ROBERT,24300,187
JAYAC,24590,187
JOIGNY,89300,187
JONCHERES,26310,187
JOUANCY,89310,187
JOUE DU BOIS,61320,187
JOUE DU PLAIN,61150,187
JOUE EN CHARNIE,72540,187
JOUE L ABBE,72380,187
JOURNIAC,24260,187
JOUX LA VILLE,89440,187
JUIGNE SUR SARTHE,72300,187
JULLY,89160,187
JUMILHAC LE GRAND,24630,187
JUNAY,89700,187
JUPILLES,72500,187
JUVIGNY SUR ORNE,61200,187
JUVIGNY VAL D ANDAINE,61140,187
L AIGLE,61300,187
L AIGUILLON LA PRESQU ILE,85460,187
L AIGUILLON SUR VIE,85220,187
L HERBERGEMENT,85260,187
L HERMENAULT,85570,187
L HOME CHAMONDOT,61290,187
L ILE D ELLE,85770,187
L ILE D OLONNE,85340,187
L ILE D YEU,85350,187
L ISLE SUR SEREIN,89440,187
L OIE,85140,187
L ORBRIE,85200,187
L OREE D ECOUVES,61320,187
LA BACHELLERIE,24210,187
LA BARRE DE MONTS,85550,187
LA BATIE DES FONDS,26310,187
LA BATIE ROLLAND,26160,187
LA BAUME CORNILLANE,26120,187
LA BAUME D HOSTUN,26730,187
LA BAUME DE TRANSIT,26790,187
LA BAZOGE,72650,187
LA BEGUDE DE MAZENC,26160,187
LA BELLIERE,61570,187
LA BELLIOLE,89150,187
LA BOISSIERE DE MONTAIGU,85600,187
LA BOISSIERE DES LANDES,85430,187
LA BRETONNIERE LA CLAYE,85320,187
LA BRUERE SUR LOIR,72500,187
LA BRUFFIERE,85530,187
LA CAILLERE ST HILAIRE,85410,187
LA CASSAGNE,24120,187
LA CELLE ST CYR,89116,187
LA CHAIZE GIRAUD,85220,187
LA CHAIZE LE VICOMTE,85310,187
LA CHAPELLE AU MOINE,61100,187
LA CHAPELLE AUBAREIL,24290,187
LA CHAPELLE AUX CHOUX,72800,187
LA CHAPELLE BICHE,61100,187
LA CHAPELLE D ALIGNE,72300,187
LA CHAPELLE DU BOIS,72400,187
LA CHAPELLE EN VERCORS,26420,187
LA CHAPELLE FAUCHER,24530,187
LA CHAPELLE GONAGUET,24350,187
LA CHAPELLE GRESIGNAC,24320,187
LA CHAPELLE HERMIER,85220,187
LA CHAPELLE HUON,72310,187
LA CHAPELLE MONTABOURLET,24320,187
LA CHAPELLE MONTLIGEON,61400,187
LA CHAPELLE MONTMOREAU,24300,187
LA CHAPELLE PALLUAU,85670,187
LA CHAPELLE PRES SEES,61500,187
LA CHAPELLE SOUEF,61130,187
LA CHAPELLE ST AUBIN,72650,187
LA CHAPELLE ST FRAY,72240,187
LA CHAPELLE ST JEAN,24390,187
LA CHAPELLE ST REMY,72160,187
LA CHAPELLE SUR OREUSE,89260,187
LA CHAPELLE THEMER,85210,187
LA CHAPELLE VAUPELTEIGNE,89800,187
LA CHAPELLE VIEL,61270,187
LA CHARCE,26470,187
LA CHARTRE SUR LE LOIR,72340,187
LA CHATAIGNERAIE,85120,187
LA CHAUDIERE,26340,187
LA COPECHAGNIERE,85260,187
LA COQUILLE,24450,187
LA COUCOURDE,26740,187
LA COULONCHE,61220,187
LA DORNAC,24120,187
LA DOUZE,24330,187
LA FERRIERE AU DOYEN,61380,187
LA FERRIERE AUX ETANGS,61450,187
LA FERRIERE BECHET,61500,187
LA FERRIERE BOCHARD,61420,187
LA FERTE BERNARD,72400,187
LA FERTE EN OUCHE,61470,187
LA FERTE LOUPIERE,89110,187
LA FERTE MACE,61410,187
LA FEUILLADE,24120,187
LA FLECHE,72200,187
LA FONTAINE ST MARTIN,72330,187
LA FRESNAIE FAYEL,61230,187
LA GARDE ADHEMAR,26700,187
LA GARNACHE,85710,187
LA GAUBRETIERE,85130,187
LA GONFRIERE,61550,187
LA GUERINIERE,85680,187
LA GUIERCHE,72380,187
LA JAUDONNIERE,85110,187
LA JEMAYE PONTEYRAUD,24410,187
LA JONCHERE,85540,187
LA LANDE DE GOULT,61320,187
LA LANDE DE LOUGE,61210,187
LA LANDE PATRY,61100,187
LA LANDE ST SIMEON,61100,187
LA LAUPIE,26740,187
LA MADELEINE BOUVET,61110,187
LA MEILLERAIE TILLAY,85700,187
LA MERLATIERE,85140,187
LA MESNIERE,61560,187
LA MILESSE,72650,187
LA MOTTE CHALANCON,26470,187
LA MOTTE FANJAS,26190,187
LA MOTTE FOUQUET,61600,187
LA PENNE SUR L OUVEZE,26170,187
LA POSTOLLE,89260,187
LA QUINTE,72550,187
LA RABATELIERE,85250,187
LA REORTHE,85210,187
LA REPARA AURIPLES,26400,187
LA ROCHE CHALAIS,24490,187
LA ROCHE DE GLUN,26600,187
LA ROCHE MABILE,61420,187
LA ROCHE SUR GRANE,26400,187
LA ROCHE SUR LE BUIS,26170,187
LA ROCHE SUR YON,85000,187
LA ROCHEBEAUCOURT ET ARGENTINE,24340,187
LA ROCHETTE DU BUIS,26170,187
LA ROQUE GAGEAC,24250,187
LA SELLE LA FORGE,61100,187
LA SUZE SUR SARTHE,72210,187
LA TAILLEE,85450,187
LA TOUCHE,26160,187
LA TOUR BLANCHE CERCLES,24320,187
LA TRANCHE SUR MER,85360,187
LA TRINITE DES LAITIERS,61230,187
LA VENTROUZE,61190,187
LABOREL,26560,187
LACHAU,26560,187
LACROPTE,24380,187
LAIGNE ST GERVAIS,72220,187
LAILLY,89190,187
LAIN,89560,187
LAINSECQ,89520,187
LAIROUX,85400,187
LALACELLE,61320,187
LALANDE,89130,187
LALEU,61170,187
LALINDE,24150,187
LAMNAY,72320,187
LAMONZIE MONTASTRUC,24520,187
LAMONZIE ST MARTIN,24680,187
LAMOTHE MONTRAVEL,24230,187
LANDERONDE,85150,187
LANDEVIEILLE,85220,187
LANDIGOU,61100,187
LANDISACQ,61100,187
LANOUAILLE,24270,187
LANQUAIS,24150,187
LAPEYROUSE MORNAY,26210,187
LARNAGE,26600,187
LAROCHE ST CYDROINE,89400,187
LARZAC,24170,187
LASSON,89570,187
LAVAL D AIX,26150,187
LAVALADE,24540,187
LAVARE,72390,187
LAVAUR,24550,187
LAVERNAT,72500,187
LAVEYRON,26240,187
LE BAILLEUL,72200,187
LE BERNARD,85560,187
LE BOSC RENOULT,61470,187
LE BOUILLON,61500,187
LE BOUPERE,85510,187
LE BOURDEIX,24300,187
LE BREIL SUR MERIZE,72370,187
LE BUGUE,24260,187
LE BUISSON DE CADOUIN,24480,187
LE CERCUEIL,61500,187
LE CHAFFAL,26190,187
LE CHALANGE,61390,187
LE CHALON,26350,187
LE CHAMP DE LA PIERRE,61320,187
LE CHAMP ST PERE,85540,187
LE CHATEAU D ALMENECHES,61570,187
LE FENOUILLER,85800,187
LE FLEIX,24130,187
LE GIROUARD,85150,187
LE GIVRE,85540,187
LE GRAIS,61600,187
LE GRAND LUCE,72150,187
LE GRAND SERRE,26530,187
LE GREZ,72140,187
LE GUE DE VELLUIRE,85770,187
LE LANGON,85370,187
LE LARDIN ST LAZARE,24570,187
LE LUART,72390,187
LE LUDE,72800,187
LE MAGE,61290,187
LE MANS,72000,187
LE MAZEAU,85420,187
LE MELE SUR SARTHE,61170,187
LE MENIL BERARD,61270,187
LE MENIL BROUT,61250,187
LE MENIL CIBOULT,61800,187
LE MENIL DE BRIOUZE,61220,187
LE MENIL GUYON,61170,187
LE MENIL SCELLEUR,61320,187
LE MENIL VICOMTE,61240,187
LE PAS ST L HOMER,61290,187
LE PEGUE,26770,187
LE PERRIER,85300,187
LE PIN AU HARAS,61310,187
LE PIN LA GARENNE,61400,187
LE PIZOU,24700,187
LE PLANTIS,61170,187
LE POET CELARD,26460,187
LE POET EN PERCIP,26170,187
LE POET LAVAL,26160,187
LE POET SIGILLAT,26110,187
LE POIRE SUR VIE,85170,187
LE RENOUARD,61120,187
LE SAP ANDRE,61230,187
LE TABLIER,85310,187
LE VAL D OCRE,89110,187
LEGUILLAC DE L AUCHE,24110,187
LEMBRAS,24100,187
LEMPZOURS,24800,187
LENS LESTANG,26210,187
LEONCEL,26190,187
LES ACHARDS,85150,187
LES ASPRES,61270,187
LES AULNEAUX,72600,187
LES BROUZILS,85260,187
LES CHAMPEAUX,61120,187
LES CLERIMOIS,89190,187
LES COTEAUX PERIGOURDINS,24120,187
LES EPESSES,85590,187
LES EYZIES,24260,187
LES FARGES,24290,187
LES GENETTES,61270,187
LES GRANGES GONTARDES,26290,187
LES HAUTS DE FORTERRE,89560,187
LES HERBIERS,85500,187
LES LANDES GENUSSON,85130,187
LES LECHES,24400,187
LES LUCS SUR BOULOGNE,85170,187
LES MAGNILS REIGNIERS,85400,187
LES MENUS,61290,187
LES MONTS D ANDAINE,61600,187
LES PILLES,26110,187
LES PINEAUX,85320,187
LES PRES,26310,187
LES SABLES D OLONNE,85100,187
LES SIEGES,89190,187
LES TONILS,26460,187
LES TOURRETTES,26740,187
LES VALLEES DE LA VANNE,89190,187
LES VELLUIRE SUR VENDEE,85770,187
LES VENTES DE BOURSE,61170,187
LES YVETEAUX,61210,187
LESCHES EN DIOIS,26310,187
LEVIS,89520,187
LEZINNES,89160,187
LHOMME,72340,187
LICHERES PRES AIGREMONT,89800,187
LICHERES SUR YONNE,89660,187
LIGNERES,61240,187
LIGNORELLES,89800,187
LIGNOU,61220,187
LIGNY LE CHATEL,89144,187
LIGRON,72270,187
LIMEUIL,24510,187
LIMEYRAT,24210,187
LINDRY,89240,187
LIORAC SUR LOUYRE,24520,187
LISLE,24350,187
LIVET EN SAOSNOIS,72610,187
LIVRON SUR DROME,26250,187
LIXY,89140,187
LOGE FOUGEREUSE,85120,187
LOIR EN VALLEE,72310,187
LOISAIL,61400,187
LOLME,24540,187
LOMBRON,72450,187
LONGEVILLE SUR MER,85560,187
LONGNES,72540,187
LONGNY LES VILLAGES,61290,187
LONLAY L ABBAYE,61700,187
LONLAY LE TESSON,61600,187
LONRAI,61250,187
LOOZE,89300,187
LORIOL SUR DROME,26270,187
LOUAILLES,72300,187
LOUBEJAC,24550,187
LOUE,72540,187
LOUGE SUR MAIRE,61150,187
LOUPLANDE,72210,187
LOUVIERES EN AUGE,61160,187
LOUZES,72600,187
LUC EN DIOIS,26310,187
LUCE SOUS BALLON,72290,187
LUCEAU,72500,187
LUCHE PRINGE,72800,187
LUCON,85400,187
LUCY LE BOIS,89200,187
LUCY SUR CURE,89270,187
LUCY SUR YONNE,89480,187
LUNAS,24130,187
LUS LA CROIX HAUTE,26620,187
LUSIGNAC,24320,187
LUSSAS ET NONTRONNEAU,24300,187
MACE,61500,187
MACHE,85190,187
MAGNY LE DESERT,61600,187
MAHERU,61380,187
MAIGNE,72210,187
MAILLEZAIS,85420,187
MAILLOT,89100,187
MAILLY LA VILLE,89270,187
MAILLY LE CHATEAU,89660,187
MALATAVERNE,26780,187
MALAY LE GRAND,89100,187
MALAY LE PETIT,89100,187
MALICORNE SUR SARTHE,72270,187
MALISSARD,26120,187
MALLIEVRE,85590,187
MAMERS,72600,187
MANAS,26160,187
MANSIGNE,72510,187
MANTHES,26210,187
MANTILLY,61350,187
MANZAC SUR VERN,24110,187
MARCHEMAISONS,61170,187
MARCHES,26300,187
MARCILLAC ST QUENTIN,24200,187
MARCON,72340,187
MARDILLY,61230,187
MAREIL EN CHAMPAGNE,72540,187
MAREIL SUR LOIR,72200,187
MARESCHE,72170,187
MAREUIL EN PERIGORD,24340,187
MAREUIL SUR LAY DISSAIS,85320,187
MARGES,26260,187
MARIGNAC EN DIOIS,26150,187
MARIGNE LAILLE,72220,187
MARILLET,85240,187
MARMEAUX,89420,187
MARNAC,24220,187
MAROLLES LES BRAULTS,72260,187
MAROLLES LES ST CALAIS,72120,187
MAROLLETTE,72600,187
MARQUAY,24620,187
MARSAC SUR L ISLE,24430,187
MARSAIS STE RADEGONDE,85570,187
MARSALES,24540,187
MARSANGY,89500,187
MARSANNE,26740,187
MARSAZ,26260,187
MARTINET,85150,187
MASSANGIS,89440,187
MAUVES SUR HUISNE,61400,187
MAUZAC ET GRAND CASTANG,24150,187
MAUZENS ET MIREMONT,24260,187
MAYAC,24420,187
MAYET,72360,187
MAZEYROLLES,24550,187
MEDAVY,61570,187
MEHOUDIN,61410,187
MELLERAY,72320,187
MENADES,89450,187
MENESPLET,24700,187
MENGLON,26410,187
MENIL ERREUX,61250,187
MENIL FROGER,61240,187
MENIL GONDOUIN,61210,187
MENIL HERMEI,61210,187
MENIL HUBERT EN EXMES,61230,187
MENIL HUBERT SUR ORNE,61430,187
MENIL VIN,61210,187
MENOMBLET,85700,187
MENSIGNAC,24350,187
MERCUROL VEAUNES,26600,187
MERINDOL LES OLIVIERS,26170,187
MERLERAULT LE PIN,61240,187
MERRI,61160,187
MERRY LA VALLEE,89110,187
MERRY SEC,89560,187
MERRY SUR YONNE,89660,187
MERVENT,85200,187
MESCOULES,24240,187
MESNARD LA BAROTIERE,85500,187
MESSEI,61440,187
MEURCE,72170,187
MEVOUILLON,26560,187
MEYRALS,24220,187
MEZERAY,72270,187
MEZIERES SOUS LAVARDIN,72240,187
MEZIERES SUR PONTHOUIN,72290,187
MEZILLES,89130,187
MIALET,24450,187
MICHERY,89140,187
MIEUXCE,61250,187
MIGE,89580,187
MIGENNES,89400,187
MILHAC DE NONTRON,24470,187
MINZAC,24610,187
MIRABEL AUX BARONNIES,26110,187
MIRABEL ET BLACONS,26400,187
MIRMANDE,26270,187
MISCON,26310,187
MOITRON SUR SARTHE,72170,187
MOLIERES,24480,187
MOLINONS,89190,187
MOLLANS SUR OUVEZE,26170,187
MOLOSMES,89700,187
MONBAZILLAC,24240,187
MONCE EN BELIN,72230,187
MONCE EN SAOSNOIS,72260,187
MONCY,61800,187
MONETEAU,89470,187
MONFAUCON,24130,187
MONHOUDOU,72260,187
MONMADALES,24560,187
MONMARVES,24560,187
MONPAZIER,24540,187
MONPLAISANT,24170,187
MONSAC,24440,187
MONSAGUEL,24560,187
MONSIREIGNE,85110,187
MONT ORMEL,61160,187
MONT ST SULPICE,89250,187
MONTABARD,61160,187
MONTACHER VILLEGARDIN,89150,187
MONTAGNAC D AUBEROCHE,24210,187
MONTAGNAC LA CREMPSE,24140,187
MONTAGRIER,24350,187
MONTAIGU VENDEE,85600,187
MONTAILLE,72120,187
MONTAUBAN SUR L OUVEZE,26170,187
MONTAULIEU,26110,187
MONTAZEAU,24230,187
MONTBIZOT,72380,187
MONTBOUCHER SUR JABRON,26740,187
MONTBRISON SUR LEZ,26770,187
MONTBRUN LES BAINS,26570,187
MONTCARET,24230,187
MONTCHENU,26350,187
MONTCHEVREL,61170,187
MONTCLAR SUR GERVANNE,26400,187
MONTELEGER,26760,187
MONTELIER,26120,187
MONTELIMAR,26200,187
MONTFERRAND DU PERIGORD,24440,187
MONTFERRAND LA FARE,26510,187
MONTFORT LE GESNOIS,72450,187
MONTFROC,26560,187
MONTGAUDRY,61360,187
MONTGUERS,26170,187
MONTHOLON,89110,187
MONTIGNAC LASCAUX,24290,187
MONTIGNY LA RESLE,89230,187
MONTILLOT,89660,187
MONTILLY SUR NOIREAU,61100,187
MONTJOUX,26220,187
MONTJOYER,26230,187
MONTLAUR EN DIOIS,26310,187
MONTMAUR EN DIOIS,26150,187
MONTMERREI,61570,187
MONTMEYRAN,26120,187
MONTMIRAL,26750,187
MONTOISON,26800,187
MONTOURNAIS,85700,187
MONTPON MENESTEROL,24700,187
MONTREAL LES SOURCES,26510,187
MONTREM,24110,187
MONTREUIL AU HOULME,61210,187
MONTREUIL LA CAMBE,61160,187
MONTREUIL LE CHETIF,72130,187
MONTREUIL LE HENRI,72150,187
MONTREVERD,85260,187
MONTS SUR ORNE,61150,187
MONTSECRET CLAIREFOUGERE,61800,187
MONTSEGUR SUR LAUZON,26130,187
MONTVAL SUR LOIR,72500,187
MONTVENDRE,26120,187
MORAS EN VALLOIRE,26210,187
MOREILLES,85450,187
MORNANS,26460,187
MORTAGNE AU PERCHE,61400,187
MORTAGNE SUR SEVRE,85290,187
MORTREE,61500,187
MOUCHAMPS,85640,187
MOUFFY,89560,187
MOUILLERON LE CAPTIF,85000,187
MOUILLERON ST GERMAIN,85390,187
MOULEYDIER,24520,187
MOULINS EN TONNERROIS,89310,187
MOULINS LA MARCHE,61380,187
MOULINS LE CARBONNEL,72130,187
MOULINS SUR ORNE,61200,187
MOULINS SUR OUANNE,89130,187
MOURS ST EUSEBE,26540,187
MOUTIERS AU PERCHE,61110,187
MOUTIERS EN PUISAYE,89520,187
MOUTIERS LES MAUXFAITS,85540,187
MOUTIERS SUR LE LAY,85320,187
MOUZEUIL ST MARTIN,85370,187
MULSANNE,72230,187
MUSSIDAN,24400,187
NABIRAT,24250,187
NADAILLAC,24590,187
NAILHAC,24390,187
NAILLY,89100,187
NALLIERS,85370,187
NANTEUIL AURIAC DE BOURZAC,24320,187
NANTHEUIL,24800,187
NANTHIAT,24800,187
NASTRINGUES,24230,187
NAUSSANNES,24440,187
NAUVAY,72260,187
NEAUPHE SOUS ESSAI,61500,187
NEAUPHE SUR DIVE,61160,187
NECY,61160,187
NEGRONDES,24460,187
NESMY,85310,187
NEUFCHATEL EN SAOSNOIS,72600,187
NEUILLY LE BISSON,61250,187
NEUVILLALAIS,72240,187
NEUVILLE SUR SARTHE,72190,187
NEUVILLE SUR TOUQUES,61120,187
NEUVILLETTE EN CHARNIE,72140,187
NEUVY AU HOULME,61210,187
NEUVY SAUTOUR,89570,187
NIEUL LE DOLENT,85430,187
NITRY,89310,187
NOGENT LE BERNARD,72110,187
NOGENT SUR LOIR,72500,187
NOIRMOUTIER EN L ILE,85330,187
NONTRON,24300,187
NOTRE DAME DE MONTS,85690,187
NOTRE DAME DE RIEZ,85270,187
NOTRE DAME DU PE,72300,187
NOUANS,72260,187
NOYEN SUR SARTHE,72430,187
NUILLE LE JALAIS,72370,187
NUITS,89390,187
NYONS,26110,187
OCCAGNES,61200,187
OISSEAU LE PETIT,72610,187
OIZE,72330,187
OMBLEZE,26400,187
OMMOY,61160,187
ORCINAS,26220,187
ORIGNY LE ROUX,61130,187
ORIOL EN ROYANS,26190,187
ORLIAC,24170,187
OUANNE,89560,187
OURCHES,26120,187
PACY SUR ARMANCON,89160,187
PAILLY,89140,187
PALLUAU,85670,187
PANON,72600,187
PARCE SUR SARTHE,72300,187
PARCOUL CHENAUD,24410,187
PARENNES,72140,187
PARIGNE L EVEQUE,72250,187
PARIGNE LE POLIN,72330,187
PARLY,89240,187
PARNANS,26750,187
PARON,89100,187
PAROY EN OTHE,89210,187
PAROY SUR THOLON,89300,187
PASILLY,89310,187
PASSAIS VILLAGES,61350,187
PAULIN,24590,187
PAUNAT,24510,187
PAUSSAC ET ST VIVIEN,24310,187
PAYS DE BELVES,24170,187
PAZAYAC,24120,187
PEAULT,85320,187
PECHS DE L ESPERANCE,24370,187
PELONNE,26510,187
PENNES LE SEC,26340,187
PERAY,72260,187
PERCENEIGE,89260,187
PERCEY,89360,187
PERCHE EN NOCE,61340,187
PERIGUEUX,24000,187
PERRIGNY SUR ARMANCON,89390,187
PERROU,61700,187
PERVENCHERES,61360,187
PETIT BERSAC,24600,187
PETOSSE,85570,187
PEYRIGNAC,24210,187
PEYRINS,26380,187
PEYRUS,26120,187
PEYZAC LE MOUSTIER,24620,187
PEZE LE ROBERT,72140,187
PEZULS,24510,187
PIACE,72170,187
PIEGON,26110,187
PIEGROS LA CLASTRE,26400,187
PIEGUT PLUVIERS,24360,187
PIERRE PERTHUIS,89450,187
PIERRELATTE,26700,187
PIERRELONGUE,26170,187
PIFFONDS,89330,187
PIMELLES,89740,187
PINCE,72300,187
PIRMIL,72430,187
PISSOTTE,85200,187
PISY,89420,187
PIZIEUX,72600,187
PLAISIANS,26170,187
PLAN DE BAIX,26400,187
PLANCHES,61370,187
PLAZAC,24580,187
PLESSIS ST JEAN,89140,187
POILLE SUR VEGRE,72350,187
POILLY SUR SEREIN,89310,187
POILLY SUR THOLON,89110,187
POINTEL,61220,187
POIROUX,85440,187
POMMEROL,26470,187
POMPORT,24240,187
PONET ET ST AUBAN,26150,187
PONSAS,26240,187
PONT DE BARRET,26160,187
PONT DE L ISERE,26600,187
PONT SUR VANNE,89190,187
PONT SUR YONNE,89140,187
PONTAIX,26150,187
PONTAUBERT,89200,187
PONTCHARDON,61120,187
PONTIGNY,89230,187
PONTOURS,24150,187
PONTVALLAIN,72510,187
PORTES EN VALDAINE,26160,187
PORTES LES VALENCE,26800,187
POURRAIN,89240,187
POUVRAI,61130,187
POUZAUGES,85700,187
POYOLS,26310,187
PRADELLE,26340,187
PRATS DE CARLUX,24370,187
PRATS DU PERIGORD,24550,187
PRECIGNE,72300,187
PRECY LE SEC,89440,187
PRECY SUR VRIN,89116,187
PREGILBERT,89460,187
PREHY,89800,187
PRESSIGNAC VICQ,24150,187
PREVAL,72400,187
PREVELLES,72110,187
PREYSSAC D EXCIDEUIL,24160,187
PRIGONRIEUX,24130,187
PROISSANS,24200,187
PROPIAC,26170,187
PROVENCY,89200,187
PRUILLE L EGUILLE,72150,187
PRUILLE LE CHETIF,72700,187
PUTANGES LE LAC,61210,187
PUY DE SERRE,85240,187
PUY ST MARTIN,26450,187
PUYGIRON,26160,187
QUARRE LES TOMBES,89630,187
QUENNE,89290,187
QUEYSSAC,24140,187
QUINSAC,24530,187
RAHAY,72120,187
RAI,61270,187
RAMPIEUX,24440,187
RANES,61150,187
RATIERES,26330,187
RAVIERES,89390,187
RAZAC D EYMET,24500,187
RAZAC DE SAUSSIGNAC,24240,187
RAZAC SUR L ISLE,24430,187
REAUMUR,85700,187
REAUVILLE,26230,187
RECOUBEAU JANSAC,26310,187
REILHANETTE,26570,187
REMALARD EN PERCHE,61110,187
REMUZAT,26510,187
RENE,72260,187
REQUEIL,72510,187
RESENLIEU,61230,187
RI,61210,187
RIBAGNAC,24240,187
RIBERAC,24600,187
RIMON ET SAVEL,26340,187
RIOMS,26170,187
RIVES D ANDAINE,61140,187
RIVES D AUTISE,85240,187
RIVES DE L YON,85310,187
RIVES DU FOUGERAIS,85410,187
ROCHE ST SECRET BECONNE,26770,187
ROCHEBAUDIN,26160,187
ROCHECHINARD,26190,187
ROCHEFORT EN VALDAINE,26160,187
ROCHEFORT SAMSON,26300,187
ROCHEFOURCHAT,26340,187
ROCHEGUDE,26790,187
ROCHESERVIERE,85620,187
ROCHETREJOUX,85510,187
ROEZE SUR SARTHE,72210,187
ROFFEY,89700,187
ROGNY LES SEPT ECLUSES,89220,187
ROIVILLE,61120,187
ROMANS SUR ISERE,26100,187
ROMEYER,26150,187
RONAI,61160,187
ROTTIER,26470,187
ROUESSE FONTAINE,72610,187
ROUESSE VASSE,72140,187
ROUEZ,72140,187
ROUFFIGNAC DE SIGOULES,24240,187
ROUFFIGNAC ST CERNIN DE REILHAC,24580,187
ROUILLON,72700,187
ROUPERROUX,61320,187
ROUPERROUX LE COQUET,72110,187
ROUSSAS,26230,187
ROUSSET LES VIGNES,26770,187
ROUSSIEUX,26510,187
ROYNAC,26450,187
RUAUDIN,72230,187
RUDEAU LADOSSE,24340,187
RUGNY,89430,187
RUILLE EN CHAMPAGNE,72240,187
SABLE SUR SARTHE,72300,187
SABLONS SUR HUISNE,61110,187
SADILLAC,24500,187
SAGELAT,24170,187
SAHUNE,26510,187
SAI,61200,187
SAILLANS,26340,187
SAINPUITS,89520,187
SAINTS EN PUISAYE,89520,187
SAIRES LA VERRERIE,61220,187
SALAGNAC,24160,187
SALETTES,26160,187
SALIGNAC EYVIGUES,24590,187
SALIGNY,89100,187
SALLERTAINE,85300,187
SALLES DE BELVES,24170,187
SALLES SOUS BOIS,26770,187
SAMBOURG,89160,187
SANTIGNY,89420,187
SAOSNES,72600,187
SAOU,26400,187
SAP EN AUGE,61120,187
SARCE,72360,187
SARCEAUX,61200,187
SARGE LES LE MANS,72190,187
SARLANDE,24270,187
SARLAT LA CANEDA,24200,187
SARLIAC SUR L ISLE,24420,187
SARRAZAC,24800,187
SAULCE SUR RHONE,26270,187
SAUSSIGNAC,24240,187
SAUVIGNY LE BEUREAL,89420,187
SAUVIGNY LE BOIS,89200,187
SAUZET,26740,187
SAVASSE,26740,187
SAVIGNAC DE MIREMONT,24260,187
SAVIGNAC DE NONTRON,24300,187
SAVIGNAC LEDRIER,24270,187
SAVIGNAC LES EGLISES,24420,187
SAVIGNE L EVEQUE,72460,187
SAVIGNE SOUS LE LUDE,72800,187
SAVIGNY EN TERRE PLAINE,89420,187
SAVIGNY SUR CLAIRIS,89150,187
SCEAU ST ANGEL,24300,187
SCEAUX SUR HUISNE,72160,187
SEDERON,26560,187
SEES,61500,187
SEGRIE,72170,187
SEIGNELAY,89250,187
SEMALLE,61250,187
SEMENTRON,89560,187
SEMUR EN VALLON,72390,187
SENAN,89710,187
SENNEVOY LE BAS,89160,187
SENNEVOY LE HAUT,89160,187
SENS,89100,187
SEPEAUX ST ROMAIN,89116,187
SERBONNES,89140,187
SERGEAC,24290,187
SERGINES,89140,187
SERIGNE,85200,187
SERMIZELLES,89200,187
SERRES ET MONTGUYARD,24500,187
SERRIGNY,89700,187
SERVANCHES,24410,187
SERVES SUR RHONE,26600,187
SEVIGNY,61200,187
SEVRAI,61150,187
SEVREMONT,85700,187
SIGOULES ET FLAUGEAC,24240,187
SIGOURNAIS,85110,187
SILLE LE GUILLAUME,72140,187
SILLE LE PHILIPPE,72460,187
SIMEYROLS,24370,187
SINGLEYRAC,24500,187
SIORAC DE RIBERAC,24600,187
SIORAC EN PERIGORD,24170,187
SOLAURE EN DIOIS,26150,187
SOLERIEUX,26130,187
SOLIGNY LA TRAPPE,61380,187
SOMMECAISE,89110,187
SORGES ET LIGUEUX EN PERIGORD,24420,187
SORMERY,89570,187
SOUDAT,24360,187
SOUGE LE GANELON,72130,187
SOUGERES EN PUISAYE,89520,187
SOUILLE,72380,187
SOULAURES,24540,187
SOULIGNE FLACE,72210,187
SOULIGNE SOUS BALLON,72290,187
SOULITRE,72370,187
SOULLANS,85300,187
SOUMAINTRAIN,89570,187
SOURZAC,24400,187
SOUSPIERRE,26160,187
SOUVIGNE SUR MEME,72400,187
SOUVIGNE SUR SARTHE,72300,187
SOYANS,26400,187
SPAY,72700,187
ST AGNAN EN VERCORS,26420,187
ST AGNAN SUR SARTHE,61170,187
ST AGNE,24520,187
ST AMAND DE VERGT,24380,187
ST ANDEOL,26150,187
ST ANDRE D ALLAS,24200,187
ST ANDRE DE BRIOUZE,61220,187
ST ANDRE DE DOUBLE,24190,187
ST ANDRE DE MESSEI,61440,187
ST ANDRE EN TERRE PLAINE,89420,187
ST ANDRE GOULE D OIE,85250,187
ST ANTOINE DE BREUILH,24230,187
ST AQUILIN,24110,187
ST AQUILIN DE CORBION,61380,187
ST ASTIER,24110,187
ST AUBAN SUR L OUVEZE,26170,187
ST AUBIN D APPENAI,61170,187
ST AUBIN DE BONNEVAL,61470,187
ST AUBIN DE CADELECH,24500,187
ST AUBIN DE COURTERAIE,61560,187
ST AUBIN DE LANQUAIS,24560,187
ST AUBIN DE LOCQUENAY,72130,187
ST AUBIN DE NABIRAT,24250,187
ST AUBIN DES COUDRAIS,72400,187
ST AUBIN DES ORMEAUX,85130,187
ST AUBIN LA PLAINE,85210,187
ST AUBIN SUR YONNE,89300,187
ST AULAYE PUYMANGOU,24410,187
ST AVAUGOURD DES LANDES,85540,187
ST AVIT DE VIALARD,24260,187
ST AVIT RIVIERE,24540,187
ST AVIT SENIEUR,24440,187
ST BARDOUX,26260,187
ST BARTHELEMY DE BELLEGARDE,24700,187
ST BARTHELEMY DE BUSSIERE,24360,187
ST BARTHELEMY DE VALS,26240,187
ST BENOIST SUR MER,85540,187
ST BENOIT EN DIOIS,26340,187
ST BIEZ EN BELIN,72220,187
ST BOMER LES FORGES,61700,187
ST BRANCHER,89630,187
ST BRICE SOUS RANES,61150,187
ST BRIS LE VINEUX,89530,187
ST CALAIS,72120,187
ST CALEZ EN SAOSNOIS,72600,187
ST CAPRAISE D EYMET,24500,187
ST CAPRAISE DE LALINDE,24150,187
ST CASSIEN,24540,187
ST CELERIN,72110,187
ST CENERI LE GEREI,61250,187
ST CERNIN DE L HERM,24550,187
ST CERNIN DE LABARDE,24560,187
ST CHAMASSY,24260,187
ST CHRISTOPHE DE CHAULIEU,61800,187
ST CHRISTOPHE DU JAMBET,72170,187
ST CHRISTOPHE DU LIGNERON,85670,187
ST CHRISTOPHE EN CHAMPAGNE,72540,187
ST CHRISTOPHE ET LE LARIS,26350,187
ST CLAIR DE HALOUZE,61490,187
ST CORNEILLE,72460,187
ST COSME EN VAIRAIS,72110,187
ST CREPIN D AUBEROCHE,24330,187
ST CREPIN ET CARLUCET,24590,187
ST CYBRANET,24250,187
ST CYR DES GATS,85410,187
ST CYR EN TALMONDAIS,85540,187
ST CYR LA ROSIERE,61130,187
ST CYR LES CHAMPAGNES,24270,187
ST CYR LES COLONS,89800,187
ST DENIS D ORQUES,72350,187
ST DENIS DES COUDRAIS,72110,187
ST DENIS DU PAYRE,85580,187
ST DENIS LA CHEVASSE,85170,187
ST DENIS LES SENS,89100,187
ST DENIS SUR HUISNE,61400,187
ST DENIS SUR SARTHON,61420,187
ST DIZIER EN DIOIS,26310,187
ST DONAT SUR L HERBASSE,26260,187
ST ELLIER LES BOIS,61320,187
ST ESTEPHE,24360,187
ST ETIENNE DE BRILLOUET,85210,187
ST ETIENNE DE PUYCORBIER,24400,187
ST EVROULT DE MONTFORT,61230,187
ST EVROULT NOTRE DAME DU BOIS,61550,187
ST FARGEAU,89170,187
ST FELIX DE BOURDEILLES,24340,187
ST FELIX DE REILLAC ET MORTEMART,24260,187
ST FELIX DE VILLADEIX,24510,187
ST FERREOL TRENTE PAS,26110,187
ST FRAIMBAULT,61350,187
ST FRONT D ALEMPS,24460,187
ST FRONT DE PRADOUX,24400,187
ST FRONT LA RIVIERE,24300,187
ST FRONT SUR NIZONNE,24300,187
ST FULGENT,85250,187
ST FULGENT DES ORMES,61130,187
ST GENIES,24590,187
ST GEORGES BLANCANEIX,24130,187
ST GEORGES D ANNEBECQ,61600,187
ST GEORGES DE LA COUEE,72150,187
ST GEORGES DE MONTCLARD,24140,187
ST GEORGES DE POINTINDOUX,85150,187
ST GEORGES DES GROSEILLERS,61100,187
ST GEORGES DU ROSAY,72110,187
ST GEORGES LE GAULTIER,72130,187
ST GEORGES SUR BAULCHE,89000,187
ST GERAUD DE CORPS,24700,187
ST GERMAIN D ARCE,72800,187
ST GERMAIN D AUNAY,61470,187
ST GERMAIN DE BELVES,24170,187
ST GERMAIN DE CLAIREFEUILLE,61240,187
ST GERMAIN DE LA COUDRE,61130,187
ST GERMAIN DE MARTIGNY,61560,187
ST GERMAIN DE PRINCAY,85110,187
ST GERMAIN DES CHAMPS,89630,187
ST GERMAIN DES GROIS,61110,187
ST GERMAIN DES PRES,24160,187
ST GERMAIN DU CORBEIS,61000,187
ST GERMAIN DU SALEMBRE,24190,187
ST GERMAIN ET MONS,24520,187
ST GERMAIN LE VIEUX,61390,187
ST GERVAIS DE VIC,72120,187
ST GERVAIS DES SABLONS,61160,187
ST GERVAIS DU PERRON,61500,187
ST GERVAIS SUR ROUBION,26160,187
ST GERY,24400,187
ST GEYRAC,24330,187
ST GILLES CROIX DE VIE,85800,187
ST GILLES DES MARAIS,61700,187
ST HILAIRE D ESTISSAC,24140,187
ST HILAIRE DE BRIOUZE,61220,187
ST HILAIRE DE RIEZ,85270,187
ST HILAIRE DE VOUST,85120,187
ST HILAIRE DES LOGES,85240,187
ST HILAIRE LA FORET,85440,187
ST HILAIRE LE CHATEL,61400,187
ST HILAIRE LE VOUHIS,85480,187
ST HILAIRE SUR ERRE,61340,187
ST HILAIRE SUR RISLE,61270,187
ST JEAN D ASSE,72380,187
ST JEAN D ATAUX,24190,187
ST JEAN D ESTISSAC,24140,187
ST JEAN D HERMINE,85210,187
ST JEAN DE COLE,24800,187
ST JEAN DE GALAURE,26240,187
ST JEAN DE LA MOTTE,72510,187
ST JEAN DE MONTS,85160,187
ST JEAN DES ECHELLES,72320,187
ST JEAN DU BOIS,72430,187
ST JEAN EN ROYANS,26190,187
ST JORY DE CHALAIS,24800,187
ST JORY LAS BLOUX,24160,187
ST JOUIN DE BLAVOU,61360,187
ST JUIRE CHAMPGILLON,85210,187
ST JULIEN DE LAMPON,24370,187
ST JULIEN DES LANDES,85150,187
ST JULIEN DU SAULT,89330,187
ST JULIEN EN QUINT,26150,187
ST JULIEN EN VERCORS,26420,187
ST JULIEN INNOCENCE EULALIE,24500,187
ST JULIEN SUR SARTHE,61170,187
ST LAMBERT SUR DIVE,61160,187
ST LANGIS LES MORTAGNE,61400,187
ST LAURENT D ONAY,26350,187
ST LAURENT DE LA SALLE,85410,187
ST LAURENT DES HOMMES,24400,187
ST LAURENT DES VIGNES,24100,187
ST LAURENT EN ROYANS,26190,187
ST LAURENT LA VALLEE,24170,187
ST LAURENT SUR SEVRE,85290,187
ST LEGER SUR SARTHE,61170,187
ST LEGER VAUBAN,89630,187
ST LEON D ISSIGEAC,24560,187
ST LEON SUR L ISLE,24110,187
ST LEON SUR VEZERE,24290,187
ST LEONARD DES BOIS,72130,187
ST LEONARD DES PARCS,61390,187
ST LONGIS,72600,187
ST LOUIS EN L ISLE,24400,187
ST LOUP D ORDON,89330,187
ST MAIXENT,72320,187
ST MAIXENT SUR VIE,85220,187
ST MALO DU BOIS,85590,187
ST MARCEL DU PERIGORD,24510,187
ST MARCEL LES SAUZET,26740,187
ST MARCEL LES VALENCE,26320,187
ST MARCORY,24540,187
ST MARD DE RENO,61400,187
ST MARS D EGRENNE,61350,187
ST MARS D OUTILLE,72220,187
ST MARS LA BRIERE,72470,187
ST MARS LA REORTHE,85590,187
ST MARTIAL D ALBAREDE,24160,187
ST MARTIAL D ARTENSET,24700,187
ST MARTIAL DE NABIRAT,24250,187
ST MARTIAL DE VALETTE,24300,187
ST MARTIAL VIVEYROL,24320,187
ST MARTIN D AOUT,26330,187
ST MARTIN D ECUBLEI,61300,187
ST MARTIN D ORDON,89330,187
ST MARTIN DE FRAIGNEAU,85200,187
ST MARTIN DE FRESSENGEAS,24800,187
ST MARTIN DE GURSON,24610,187
ST MARTIN DE RIBERAC,24600,187
ST MARTIN DES COMBES,24140,187
ST MARTIN DES FONTAINES,85570,187
ST MARTIN DES LANDES,61320,187
ST MARTIN DES MONTS,72400,187
ST MARTIN DES NOYERS,85140,187
ST MARTIN DES PEZERITS,61380,187
ST MARTIN DES TILLEULS,85130,187
ST MARTIN DU TERTRE,89100,187
ST MARTIN DU VIEUX BELLEME,61130,187
ST MARTIN EN VERCORS,26420,187
ST MARTIN L AIGUILLON,61320,187
ST MARTIN L ASTIER,24400,187
ST MARTIN LARS EN STE HERMINE,85210,187
ST MARTIN LE COLONEL,26190,187
ST MARTIN LE PIN,24300,187
ST MARTIN SUR ARMANCON,89700,187
ST MATHURIN,85150,187
ST MAURICE AUX RICHES HOMMES,89190,187
ST MAURICE DES NOUES,85120,187
ST MAURICE LE GIRARD,85390,187
ST MAURICE LE VIEIL,89110,187
ST MAURICE SUR EYGUES,26110,187
ST MAURICE THIZOUAILLE,89110,187
ST MAY,26510,187
ST MAYME DE PEREYROL,24380,187
ST MEARD DE DRONE,24600,187
ST MEARD DE GURCON,24610,187
ST MEDARD D EXCIDEUIL,24160,187
ST MEDARD DE MUSSIDAN,24400,187
ST MICHEL DE CHAVAIGNES,72440,187
ST MICHEL DE DOUBLE,24400,187
ST MICHEL DE MONTAIGNE,24230,187
ST MICHEL DE VILLADEIX,24380,187
ST MICHEL EN L HERM,85580,187
ST MICHEL LE CLOUCQ,85200,187
ST MICHEL SUR SAVASSE,26750,187
ST MICHEL TUBOEUF,61300,187
ST MORE,89270,187
ST NAZAIRE EN ROYANS,26190,187
ST NAZAIRE LE DESERT,26340,187
ST NEXANS,24520,187
ST NICOLAS DE SOMMAIRE,61550,187
ST OUEN DE MIMBRE,72130,187
ST OUEN DE SECHEROUVRE,61560,187
ST OUEN EN BELIN,72220,187
ST OUEN EN CHAMPAGNE,72350,187
ST OUEN LE BRISOULT,61410,187
ST OUEN SUR ITON,61300,187
ST PANCRACE,24530,187
ST PANTALEON LES VIGNES,26770,187
ST PANTALY D EXCIDEUIL,24160,187
ST PARDOUX DE DRONE,24600,187
ST PARDOUX ET VIELVIC,24170,187
ST PARDOUX LA RIVIERE,24470,187
ST PATERNE LE CHEVAIN,72610,187
ST PATRICE DU DESERT,61600,187
ST PAUL DE SERRE,24380,187
ST PAUL EN PAREDS,85500,187
ST PAUL LA ROCHE,24800,187
ST PAUL LE GAULTIER,72130,187
ST PAUL LES ROMANS,26750,187
ST PAUL LIZONNE,24320,187
ST PAUL MONT PENIT,85670,187
ST PAUL TROIS CHATEAUX,26130,187
ST PAVACE,72190,187
ST PERDOUX,24560,187
ST PHILBERT DE BOUAINE,85660,187
ST PHILBERT SUR ORNE,61430,187
ST PIERRE D EYRAUD,24130,187
ST PIERRE DE CHEVILLE,72500,187
ST PIERRE DE CHIGNAC,24330,187
ST PIERRE DE COLE,24800,187
ST PIERRE DE FRUGIE,24450,187
ST PIERRE DES BOIS,72430,187
ST PIERRE DES LOGES,61370,187
ST PIERRE DES ORMES,72600,187
ST PIERRE DU CHEMIN,85120,187
ST PIERRE DU LOROUER,72150,187
ST PIERRE DU REGARD,61790,187
ST PIERRE LA BRUYERE,61340,187
ST POMPON,24170,187
ST PRIEST LES FOUGERES,24450,187
ST PRIVAT EN PERIGORD,24410,187
ST PROUANT,85110,187
ST QUENTIN DE BLAVOU,61360,187
ST QUENTIN LES CHARDONNETS,61800,187
ST RABIER,24210,187
ST RAMBERT D ALBON,26140,187
ST RAPHAEL,24160,187
ST REMY DE SILLE,72140,187
ST REMY DES MONTS,72600,187
ST REMY DU VAL,72600,187
ST RESTITUT,26130,187
ST REVEREND,85220,187
ST ROCH SUR EGRENNE,61350,187
ST ROMAIN DE MONPAZIER,24540,187
ST ROMAIN ET ST CLEMENT,24800,187
ST ROMAN,26410,187
ST SAUD LACOUSSIERE,24470,187
ST SAUVEUR DE CARROUGES,61320,187
ST SAUVEUR EN DIOIS,26340,187
ST SAUVEUR EN PUISAYE,89520,187
ST SAUVEUR GOUVERNET,26110,187
ST SAUVEUR LALANDE,24700,187
ST SEROTIN,89140,187
ST SEURIN DE PRATS,24230,187
ST SEVERIN D ESTISSAC,24190,187
ST SORLIN EN VALLOIRE,26210,187
ST SULPICE D EXCIDEUIL,24800,187
ST SULPICE DE ROUMAGNAC,24600,187
ST SULPICE SUR RISLE,61300,187
ST SYMPHORIEN DES BRUYERES,61300,187
ST THOMAS EN ROYANS,26190,187
ST ULPHACE,72320,187
ST UZE,26240,187
ST VALERIEN,85570,187
ST VICTEUR,72130,187
ST VINCENT DE CONNEZAC,24190,187
ST VINCENT DE COSSE,24220,187
ST VINCENT DU LOROUER,72150,187
ST VINCENT JALMOUTIERS,24410,187
ST VINCENT LA COMMANDERIE,26300,187
ST VINCENT LE PALUEL,24200,187
ST VINCENT STERLANGES,85110,187
ST VINCENT SUR GRAON,85540,187
ST VINCENT SUR JARD,85520,187
ST VINCENT SUR L ISLE,24420,187
STE CERONNE LES MORTAGNE,61380,187
STE CEROTTE,72120,187
STE CROIX DE MAREUIL,24340,187
STE EULALIE D ANS,24640,187
STE EULALIE EN ROYANS,26190,187
STE EUPHEMIE SUR OUVEZE,26170,187
STE FLAIVE DES LOUPS,85150,187
STE FOY DE BELVES,24170,187
STE FOY DE LONGAS,24510,187
STE GAUBURGE STE COLOMBE,61370,187
STE GEMME LA PLAINE,85400,187
STE HONORINE LA CHARDONNE,61430,187
STE HONORINE LA GUILLAUME,61210,187
STE JALLE,26110,187
STE JAMME SUR SARTHE,72380,187
STE MAGNANCE,89420,187
STE MARGUERITE DE CARROUGES,61320,187
STE MARIE LA ROBERT,61320,187
STE MONDANE,24370,187
STE NATHALENE,24200,187
STE OPPORTUNE,61100,187
STE ORSE,24210,187
STE PALLAYE,89460,187
STE PEXINE,85320,187
STE RADEGONDE DES NOYERS,85450,187
STE SABINE SUR LONGEVE,72380,187
STE SCOLASSE SUR SARTHE,61170,187
STE TRIE,24160,187
STE VERTU,89310,187
STIGNY,89160,187
SURE,61360,187
SURFONDS,72370,187
SUZE,26400,187
SUZE LA ROUSSE,26790,187
TAIN L HERMITAGE,26600,187
TALLUD STE GEMME,85390,187
TALMONT ST HILAIRE,85440,187
TAMNIES,24620,187
TANLAY,89430,187
TANNERRE EN PUISAYE,89350,187
TANQUES,61150,187
TANVILLE,61500,187
TASSE,72430,187
TASSILLE,72540,187
TAULIGNAN,26770,187
TEILLOTS,24390,187
TELLIERES LE PLESSIS,61390,187
TELOCHE,72220,187
TEMPLE LAGUYON,24390,187
TENNIE,72240,187
TERRASSON LAVILLEDIEU,24120,187
TERREHAULT,72110,187
TERSANNE,26390,187
TERVAL,85120,187
TESSE FROULAY,61410,187
TEYJAT,24300,187
TEYSSIERES,26220,187
THAROISEAU,89450,187
THAROT,89200,187
THELIGNY,72320,187
THENON,24210,187
THIRE,85210,187
THIVIERS,24800,187
THIZY,89420,187
THOIGNE,72260,187
THOIRE SOUS CONTENSOR,72610,187
THOIRE SUR DINAN,72500,187
THONAC,24290,187
THOREE LES PINS,72800,187
THOREY,89430,187
THORIGNE SUR DUE,72160,187
THORIGNY,85480,187
THORIGNY SUR OREUSE,89260,187
TICHEVILLE,61120,187
TIFFAUGES,85130,187
TINCHEBRAY BOCAGE,61800,187
TISSEY,89700,187
TOCANE ST APRE,24350,187
TONNERRE,89700,187
TORCE EN VALLEE,72110,187
TORCHAMP,61330,187
TOUCY,89130,187
TOUQUETTES,61550,187
TOURNAI SUR DIVE,61160,187
TOUROUVRE AU PERCHE,61190,187
TOURTOIRAC,24390,187
TRANGE,72650,187
TREIGNY PERREUSE STE COLOMBE,89520,187
TREIZE SEPTIERS,85600,187
TREIZE VENTS,85590,187
TRELISSAC,24750,187
TREMOLAT,24510,187
TREMONT,61390,187
TRESSON,72440,187
TRIAIZE,85580,187
TRICHEY,89430,187
TRIORS,26750,187
TRONCHOY,89700,187
TRUCY SUR YONNE,89460,187
TRUINAS,26460,187
TRUN,61160,187
TUFFE VAL DE LA CHERONNE,72160,187
TULETTE,26790,187
TURNY,89570,187
TURSAC,24620,187
UPIE,26120,187
URVAL,24480,187
VAAS,72500,187
VACHERES EN QUINT,26150,187
VAL AU PERCHE,61130,187
VAL D ETANGSON,72120,187
VAL DE LA HUNE,72440,187
VAL DE LOUYRE ET CAUDEAU,24380,187
VAL DE MERCY,89580,187
VAL MARAVEL,26310,187
VALAURIE,26230,187
VALDROME,26310,187
VALENNES,72320,187
VALFRAMBERT,61250,187
VALHERBASSE,26350,187
VALLAN,89580,187
VALLEREUIL,24190,187
VALLERY,89150,187
VALLON SUR GEE,72540,187
VALOJOULX,24290,187
VALOUSE,26110,187
VALRAVILLON,89110,187
VANCE,72310,187
VANXAINS,24600,187
VARAIGNES,24360,187
VARENNES,24150,187
VASSIEUX EN VERCORS,26420,187
VASSY SOUS PISY,89420,187
VAUDEURS,89320,187
VAULT DE LUGNY,89200,187
VAUMORT,89320,187
VAUNAC,24800,187
VAUNAVEYS LA ROCHETTE,26400,187
VAUNOISE,61130,187
VELINES,24230,187
VENANSAULT,85190,187
VENDOIRE,24320,187
VENDRENNES,85250,187
VENIZY,89210,187
VENOUSE,89230,187
VENOY,89290,187
VERCHENY,26340,187
VERCLAUSE,26510,187
VERCOIRAN,26170,187
VERDON,24520,187
VERGIGNY,89600,187
VERGT,24380,187
VERGT DE BIRON,24540,187
VERLIN,89330,187
VERMENTON,89270,187
VERNEIL LE CHETIF,72360,187
VERNIE,72170,187
VERNOY,89150,187
VERON,89510,187
VERS SUR MEOUGE,26560,187
VERTEILLAC,24320,187
VESC,26220,187
VEYRIGNAC,24370,187
VEYRINES DE DOMME,24250,187
VEYRINES DE VERGT,24380,187
VEZANNES,89700,187
VEZELAY,89450,187
VEZINNES,89700,187
VEZOT,72600,187
VIBRAYE,72320,187
VIDAI,61360,187
VIEUX PONT,61150,187
VILLAC,24120,187
VILLAINES LA CARELLE,72600,187
VILLAINES LA GONAIS,72400,187
VILLAINES SOUS LUCE,72150,187
VILLAINES SOUS MALICORNE,72270,187
VILLAMBLARD,24140,187
VILLARS,24530,187
VILLEBLEVIN,89340,187
VILLEBOUGIS,89150,187
VILLECHETIVE,89320,187
VILLECIEN,89300,187
VILLEDIEU LES BAILLEUL,61160,187
VILLEFARGEAU,89240,187
VILLEFRANCHE DE LONCHAT,24610,187
VILLEFRANCHE DU PERIGORD,24550,187
VILLEFRANCHE LE CHATEAU,26560,187
VILLEMANOCHE,89140,187
VILLENAVOTTE,89140,187
VILLENEUVE EN PERSEIGNE,72600,187
VILLENEUVE L ARCHEVEQUE,89190,187
VILLENEUVE LA DONDAGRE,89150,187
VILLENEUVE LA GUYARD,89340,187
VILLENEUVE LES GENETS,89350,187
VILLENEUVE ST SALVES,89230,187
VILLENEUVE SUR YONNE,89500,187
VILLEPERDRIX,26510,187
VILLEPERROT,89140,187
VILLETHIERRY,89140,187
VILLETOUREIX,24600,187
VILLEVALLIER,89330,187
VILLIERS LES HAUTS,89160,187
VILLIERS LOUIS,89320,187
VILLIERS SOUS MORTAGNE,61400,187
VILLIERS ST BENOIT,89130,187
VILLIERS VINEUX,89360,187
VILLON,89740,187
VIMOUTIERS,61120,187
VINCELOTTES,89290,187
VINNEUF,89140,187
VINSOBRES,26110,187
VIRE EN CHAMPAGNE,72350,187
VIREAUX,89160,187
VITRAI SOUS LAIGLE,61300,187
VIVOIN,72170,187
VOIVRES LES LE MANS,72210,187
VOLVENT,26470,187
VOUILLE LES MARAIS,85450,187
VOUTENAY SUR CURE,89270,187
VOUVANT,85120,187
VOUVRAY SUR HUISNE,72160,187
XANTON CHASSENON,85240,187
YROUERRE,89700,187
YVRE L EVEQUE,72530,187
YVRE LE POLIN,72330,187
ABBECOURT,02300,172
ABERGEMENT LA RONCE,39500,172
ABERGEMENT LE GRAND,39600,172
ABERGEMENT LE PETIT,39800,172
ABERGEMENT LES THESY,39110,172
ABRIES RISTOLAS,05460,172
ABZAC,16500,172
ACCONS,07160,172
ACHERES,18250,172
ACHERY,02800,172
ACHUN,58110,172
ACY,02200,172
ADRIERS,86430,172
AGNICOURT ET SECHELLES,02340,172
AGRIS,16110,172
AGUILCOURT,02190,172
AIGLEPIERRE,39110,172
AIGRE,16140,172
AIGUILLES,05470,172
AILHON,07200,172
AINAY LE VIEIL,18200,172
AISONVILLE ET BERNOVILLE,02110,172
AIXE SUR VIENNE,87700,172
AIZAC,07530,172
AIZELLES,02820,172
AIZY JOUY,02370,172
AJOUX,07000,172
ALAINCOURT,02240,172
ALBA LA ROMAINE,07400,172
ALBON D ARDECHE,07190,172
ALBOUSSIERE,07440,172
ALIEZE,39270,172
ALISSAS,07210,172
ALLEMANT,02320,172
ALLIGNY COSNE,58200,172
ALLIGNY EN MORVAN,58230,172
ALLOGNY,18110,172
ALLOUE,16490,172
ALLOUIS,18500,172
ALLUY,58110,172
ALVIGNAC,46500,172
AMANGE,39700,172
AMAZY,58190,172
AMBAZAC,87240,172
AMBERAC,16140,172
AMBERNAC,16490,172
AMBERRE,86110,172
AMBLENY,02290,172
AMBRIEF,02200,172
AMIFONTAINE,02190,172
AMIGNY ROUY,02700,172
ANAIS,16560,172
ANCELLE,05260,172
ANCIENVILLE,02600,172
ANDANCE,07340,172
ANDELAIN,02800,172
ANDELOT EN MONTAGNE,39110,172
ANDELOT MORVAL,39320,172
ANGEAC CHAMPAGNE,16130,172
ANGEAC CHARENTE,16120,172
ANGEDUC,16300,172
ANGLARS,46120,172
ANGLARS JUILLAC,46140,172
ANGLARS NOZAC,46300,172
ANGLES SUR L ANGLIN,86260,172
ANGOULEME,16000,172
ANGUILCOURT LE SART,02800,172
ANIZY LE GRAND,02320,172
ANLEZY,58270,172
ANNAY,58450,172
ANNOIRE,39120,172
ANNOIS,02480,172
ANNOIX,18340,172
ANNONAY,07100,172
ANSAC SUR VIENNE,16500,172
ANTHIEN,58800,172
ANTRAN,86100,172
ANY MARTIN RIEUX,02500,172
APREMONT SUR ALLIER,18150,172
ARBOIS,39600,172
ARBOURSE,58350,172
ARCAMBAL,46090,172
ARCAY,18340,172
ARCENS,07310,172
ARCHELANGE,39290,172
ARCHIGNY,86210,172
ARCHON,02360,172
ARCOMPS,18200,172
ARCY STE RESTITUE,02130,172
ARDENAIS,18170,172
ARDOIX,07290,172
ARDON,39300,172
ARESCHES,39110,172
ARGENT SUR SAULDRE,18410,172
ARGENVIERES,18140,172
ARINTHOD,39240,172
ARLAY,39140,172
ARLEBOSC,07410,172
ARLEUF,58430,172
ARMENTIERES SUR OURCQ,02210,172
ARMES,58500,172
ARNAC LA POSTE,87160,172
AROMAS,39240,172
ARPHEUILLES,18200,172
ARQUIAN,58310,172
ARRANCY,02860,172
ARRAS SUR RHONE,07370,172
ARS,16130,172
ARSURE ARSURETTE,39250,172
ARTEMPS,02480,172
ARTHEL,58700,172
ARVIEUX,05350,172
ARZEMBOUY,58700,172
ASLONNES,86340,172
ASNAN,58420,172
ASNANS BEAUVOISIN,39120,172
ASNIERES SUR BLOUR,86430,172
ASNIERES SUR NOUERE,16290,172
ASNOIS,58190,172
ASPREMONT,05140,172
ASPRES LES CORPS,05800,172
ASPRES SUR BUECH,05140,172
ASSIER,46320,172
ASSIGNY,18260,172
ASSIS SUR SERRE,02270,172
ASTET,07330,172
ATHIES SOUS LAON,02840,172
ATTILLY,02490,172
AUBENAS,07200,172
AUBENCHEUL AUX BOIS,02420,172
AUBENTON,02500,172
AUBESSAGNE,05500,172
AUBETERRE SUR DRONNE,16390,172
AUBIGNAS,07400,172
AUBIGNY AUX KAISNES,02590,172
AUBIGNY EN LAONNOIS,02820,172
AUBIGNY SUR NERE,18700,172
AUBINGES,18220,172
AUDELANGE,39700,172
AUDIGNICOURT,02300,172
AUDIGNY,02120,172
AUGEA,39190,172
AUGERANS,39380,172
AUGISEY,39270,172
AUGNE,87120,172
AUGY,02220,172
AUGY SUR AUBOIS,18600,172
AUJOLS,46090,172
AULNOIS SOUS LAON,02000,172
AUMONT,39800,172
AUMUR,39410,172
AUNAC SUR CHARENTE,16460,172
AUNAY EN BAZOIS,58110,172
AUREIL,87220,172
AUSSAC VADALLE,16560,172
AUTHIOU,58700,172
AUTHUME,39100,172
AUTOIRE,46400,172
AUTREMENCOURT,02250,172
AUTREPPES,02580,172
AUTREVILLE,02300,172
AUXANGE,39700,172
AVAILLES EN CHATELLERAULT,86530,172
AVAILLES LIMOUZINE,86460,172
AVANCON,05230,172
AVANTON,86170,172
AVIGNON LES ST CLAUDE,39200,172
AVORD,18520,172
AVREE,58170,172
AVRIL SUR LOIRE,58300,172
AYNAC,46120,172
AYRON,86190,172
AZAT LE RIS,87360,172
AZY,18220,172
AZY LE VIF,58240,172
AZY SUR MARNE,02400,172
BACH,46230,172
BAGNAC SUR CELE,46270,172
BAGNEUX,02290,172
BAIGNES STE RADEGONDE,16360,172
BAIX,07210,172
BALADOU,46600,172
BALAISEAUX,39120,172
BALANOD,39160,172
BALAZUC,07120,172
BALLEDENT,87290,172
BALZAC,16430,172
BANCIGNY,02140,172
BANNAY,18300,172
BANNE,07460,172
BANNEGON,18210,172
BANNES,46400,172
BANS,39380,172
BARATIER,05200,172
BARBEZIERES,16140,172
BARBEZIEUX ST HILAIRE,16300,172
BARCILLONNETTE,05110,172
BARDENAC,16210,172
BARENTON BUGNY,02000,172
BARENTON CEL,02000,172
BARENTON SUR SERRE,02270,172
BARESIA SUR L AIN,39130,172
BARGUELONNE EN QUERCY,46800,172
BARISIS AUX BOIS,02700,172
BARLIEU,18260,172
BARNAS,07330,172
BARRET,16300,172
BARRET SUR MEOUGE,05300,172
BARRETAINE,39800,172
BARRO,16700,172
BARZY EN THIERACHE,02170,172
BARZY SUR MARNE,02850,172
BASSAC,16120,172
BASSES,86200,172
BASSOLES AULERS,02380,172
BAUGY,18800,172
BAUME LES MESSIEURS,39210,172
BAVERANS,39100,172
BAZAC,16210,172
BAZOCHES,58190,172
BAZOCHES ET ST THIBAUT,02220,172
BAZOLLES,58110,172
BEARD,58160,172
BEAUCHASTEL,07800,172
BEAUFORT ORBAGNA,39190,172
BEAULIEU,07460,172
BEAULIEU SUR SONNETTE,16450,172
BEAUME,02500,172
BEAUMONT,07110,172
BEAUMONT DU LAC,87120,172
BEAUMONT EN BEINE,02300,172
BEAUMONT LA FERRIERE,58700,172
BEAUMONT SARDOLLES,58270,172
BEAUMONT ST CYR,86130,172
BEAUREVOIR,02110,172
BEAURIEUX,02160,172
BEAUTOR,02800,172
BEAUVENE,07190,172
BEAUVOIS EN VERMANDOIS,02590,172
BECHERESSE,16250,172
BECQUIGNY,02110,172
BEDDES,18370,172
BEDUER,46100,172
BEFFES,18320,172
BEFFIA,39270,172
BELAYE,46140,172
BELFORT DU QUERCY,46230,172
BELLAC,87300,172
BELLEAU,02400,172
BELLECOMBE,39310,172
BELLEFONDS,86210,172
BELLEFONT LA RAUZE,46090,172
BELLEFONTAINE,39400,172
BELLENGLISE,02420,172
BELLEU,02200,172
BELLEVIGNE,16120,172
BELLEVILLE SUR LOIRE,18240,172
BELLICOURT,02420,172
BELLON,16210,172
BELMONT BRETENOUX,46130,172
BELMONT STE FOI,46230,172
BELSENTES,07160,172
BENAY,02440,172
BENEST,16350,172
BENGY SUR CRAON,18520,172
BERGANTY,46090,172
BERGUES SUR SAMBRE,02450,172
BERLANCOURT,02250,172
BERLISE,02340,172
BERNAC,16700,172
BERNEUIL,16480,172
BERNOT,02120,172
BERNOY LE CHATEAU,02200,172
BERNY RIVIERE,02290,172
BERRIAS ET CASTELJAU,07460,172
BERRIE,86120,172
BERRIEUX,02820,172
BERRY AU BAC,02190,172
BERRY BOUY,18500,172
BERSAC SUR RIVALIER,87370,172
BERSAILLIN,39800,172
BERTAUCOURT EPOURDON,02800,172
BERTHEGON,86420,172
BERTHENICOURT,02240,172
BERTRICOURT,02190,172
BERUGES,86190,172
BERZEME,07580,172
BESAIN,39800,172
BESME,02300,172
BESMONT,02500,172
BESNY ET LOIZY,02870,172
BESSAC,16250,172
BESSAIS LE FROMENTAL,18210,172
BESSAS,07150,172
BESSINES SUR GARTEMPE,87250,172
BESSONIES,46210,172
BETAILLE,46110,172
BETHANCOURT EN VAUX,02300,172
BETHINES,86310,172
BEUGNEUX,02210,172
BEUVARDES,02130,172
BEUVRON,58210,172
BEUXES,86120,172
BEYNAC,87700,172
BEZU LE GUERY,02310,172
BEZU ST GERMAIN,02400,172
BIARD,86580,172
BIARNE,39290,172
BIARS SUR CERE,46130,172
BICHANCOURT,02300,172
BICHES,58110,172
BIDON,07700,172
BIEF DES MAISONS,39150,172
BIEF DU FOURG,39250,172
BIEFMORIN,39800,172
BIEUXY,02290,172
BIEVRES,02860,172
BIGNOUX,86800,172
BILLECUL,39250,172
BILLY CHEVANNES,58270,172
BILLY SUR AISNE,02200,172
BILLY SUR OISY,58500,172
BILLY SUR OURCQ,02210,172
BIO,46500,172
BIOUSSAC,16700,172
BIRAC,16120,172
BITRY,58310,172
BLANCAFORT,18410,172
BLANZAGUET ST CYBARD,16320,172
BLANZAY,86400,172
BLANZY LES FISMES,02160,172
BLARS,46330,172
BLERANCOURT,02300,172
BLESMES,02400,172
BLET,18350,172
BLETTERANS,39140,172
BLISMES,58120,172
BLOIS SUR SEILLE,39210,172
BLOND,87300,172
BLYE,39130,172
BOFFRES,07440,172
BOGY,07340,172
BOHAIN EN VERMANDOIS,02110,172
BOIS D AMONT,39220,172
BOIS DE GAND,39230,172
BOIS LES PARGNY,02270,172
BOISBRETEAU,16480,172
BOISNE LA TUDE,16320,172
BOISSEUIL,87220,172
BOISSIA,39130,172
BOIVRE LA VALLEE,86470,172
BONA,58330,172
BONCOURT,02350,172
BONLIEU,39130,172
BONNAC LA COTE,87270,172
BONNEFONTAINE,39800,172
BONNEIL,02400,172
BONNES,16390,172
BONNESVALYN,02400,172
BONNEUIL,16120,172
BONNEUIL MATOURS,86210,172
BONY,02420,172
BOREE,07310,172
BORNAY,39570,172
BORNE,07590,172
BORS DE BAIGNES,16360,172
BORS DE MONTMOREAU,16190,172
BOSMIE L AIGUILLE,87110,172
BOSMONT SUR SERRE,02250,172
BOUCIEU LE ROI,07270,172
BOUCONVILLE VAUCLAIR,02860,172
BOUE,02450,172
BOUEX,16410,172
BOUFFIGNEREUX,02160,172
BOUHY,58310,172
BOULIEU LES ANNONAY,07100,172
BOULLERET,18240,172
BOURESCHES,02400,172
BOURESSE,86410,172
BOURG ARCHAMBAULT,86390,172
BOURG CHARENTE,16200,172
BOURG DE SIROD,39300,172
BOURG ET COMIN,02160,172
BOURG ST ANDEOL,07700,172
BOURGES,18000,172
BOURGUIGNON SOUS COUCY,02300,172
BOURGUIGNON SOUS MONTBAVIN,02000,172
BOURNAND,86120,172
BOUTEVILLE,16120,172
BOUTIERS ST TROJAN,16100,172
BOUZAIS,18200,172
BOUZIES,46330,172
BOZAS,07410,172
BRACON,39110,172
BRAINANS,39800,172
BRAINE,02220,172
BRANCOURT EN LAONNOIS,02320,172
BRANCOURT LE GRAND,02110,172
BRANS,39290,172
BRASLES,02400,172
BRASSY,58140,172
BRAY ST CHRISTOPHE,02480,172
BRAYE,02880,172
BRAYE EN LAONNOIS,02000,172
BRAYE EN THIERACHE,02140,172
BRECY,02210,172
BRENELLE,02220,172
BRENGUES,46320,172
BRENY,02210,172
BRETENIERES,39120,172
BRETENOUX,46130,172
BRETTES,16240,172
BREUGNON,58460,172
BREUILAUFA,87300,172
BREVANS,39100,172
BREVES,58530,172
BREVILLE,16370,172
BREZIERS,05190,172
BRIANCON,05100,172
BRIE,02870,172
BRIE SOUS BARBEZIEUX,16300,172
BRIE SOUS CHALAIS,16210,172
BRIGUEIL LE CHANTRE,86290,172
BRIGUEUIL,16420,172
BRILLAC,16500,172
BRINAY,18120,172
BRINON SUR BEUVRON,58420,172
BRINON SUR SAULDRE,18410,172
BRIOD,39570,172
BRISSAY CHOIGNY,02240,172
BRISSY HAMEGICOURT,02240,172
BROISSIA,39320,172
BROSSAC,16480,172
BROSSAINC,07340,172
BRUERE ALLICHAMPS,18200,172
BRUMETZ,02810,172
BRUNEHAMEL,02360,172
BRUX,86510,172
BRUYERES ET MONTBERAULT,02860,172
BRUYERES SUR FERE,02130,172
BRUYS,02220,172
BUCILLY,02500,172
BUCY LE LONG,02880,172
BUCY LES CERNY,02870,172
BUCY LES PIERREPONT,02350,172
BUE,18300,172
BUIRE,02500,172
BUIRONFOSSE,02620,172
BUISSARD,05500,172
BUJALEUF,87460,172
BULCY,58400,172
BUNZAC,16110,172
BURELLES,02140,172
BURGNAC,87800,172
BURZET,07450,172
BUSSIARES,02810,172
BUSSIERE GALANT,87230,172
BUSSY,18130,172
BUVILLY,39800,172
BUZANCY,02200,172
CABRERETS,46330,172
CADRIEU,46160,172
CAHORS,46000,172
CAHUS,46130,172
CAILLAC,46140,172
CAILLOUEL CREPIGNY,02300,172
CAJARC,46160,172
CALAMANE,46150,172
CALVIGNAC,46160,172
CAMBAYRAC,46140,172
CAMBOULIT,46100,172
CAMBURAT,46100,172
CAMELIN,02300,172
CANIAC DU CAUSSE,46240,172
CAPDENAC,46100,172
CARAYAC,46160,172
CARDAILLAC,46100,172
CARENNAC,46110,172
CARLUCET,46500,172
CARNAC ROUFFIAC,46140,172
CASSAGNES,46700,172
CASTELFRANC,46140,172
CASTELNAU MONTRATIER,46170,172
CASTRES,02680,172
CATUS,46150,172
CAULAINCOURT,02490,172
CAUMONT,02300,172
CAVAGNAC,46110,172
CAZALS,46250,172
CEAUX EN LOUDUN,86200,172
CEILLAC,05600,172
CELLE LEVESCAULT,86600,172
CELLEFROUIN,16260,172
CELLES LES CONDE,02330,172
CELLES SUR AISNE,02370,172
CELLETTES,16230,172
CELLIER DU LUC,07590,172
CENEVIERES,46330,172
CENON SUR VIENNE,86530,172
CENSEAU,39250,172
CERBOIS,18120,172
CERCY LA TOUR,58340,172
CERIZY,02240,172
CERNANS,39110,172
CERNIEBAUD,39250,172
CERNON,39240,172
CERNY EN LAONNOIS,02860,172
CERNY LES BUCY,02870,172
CERSEUIL,02220,172
CERVIERES,05100,172
CERVON,58800,172
CESANCEY,39570,172
CESSIERES SUZY,02320,172
CESSY LES BOIS,58220,172
CHABANAIS,16150,172
CHABESTAN,05400,172
CHABOTTES,05260,172
CHABOURNAY,86380,172
CHABRAC,16150,172
CHACRISE,02200,172
CHADURIE,16250,172
CHAILLAC SUR VIENNE,87200,172
CHAILLEVOIS,02000,172
CHAINEE DES COUPIS,39120,172
CHALAIS,16210,172
CHALANDRAY,86190,172
CHALANDRY,02270,172
CHALAUX,58140,172
CHALENCON,07240,172
CHALIVOY MILON,18130,172
CHALLEMENT,58420,172
CHALLIGNAC,16300,172
CHALLUY,58000,172
CHAMBERIA,39270,172
CHAMBLAY,39380,172
CHAMBONAS,07140,172
CHAMBORET,87140,172
CHAMBRY,02000,172
CHAMOLE,39800,172
CHAMOUILLE,02860,172
CHAMPAGNAC LA RIVIERE,87150,172
CHAMPAGNE,07340,172
CHAMPAGNE LE SEC,86510,172
CHAMPAGNE MOUTON,16350,172
CHAMPAGNE ST HILAIRE,86160,172
CHAMPAGNE SUR LOUE,39600,172
CHAMPAGNE VIGNY,16250,172
CHAMPAGNOLE,39300,172
CHAMPALLEMENT,58420,172
CHAMPCELLA,05310,172
CHAMPDIVERS,39500,172
CHAMPIGNY EN ROCHEREAU,86170,172
CHAMPIS,07440,172
CHAMPLEMY,58210,172
CHAMPMILLON,16290,172
CHAMPNETERY,87400,172
CHAMPNIERS,16430,172
CHAMPOLEON,05260,172
CHAMPROUGIER,39230,172
CHAMPS,02670,172
CHAMPSAC,87230,172
CHAMPVANS,39100,172
CHAMPVERT,58300,172
CHAMPVOUX,58400,172
CHANDOLAS,07230,172
CHANEAC,07310,172
CHANOUSSE,05700,172
CHANTENAY ST IMBERT,58240,172
CHANTILLAC,16360,172
CHAOURSE,02340,172
CHAPELLE VIVIERS,86300,172
CHAPELLE VOLAND,39140,172
CHAPOIS,39300,172
CHAPTELAT,87270,172
CHARCHILLA,39260,172
CHARCIER,39130,172
CHARENCY,39250,172
CHARENTON DU CHER,18210,172
CHARENTONNAY,18140,172
CHAREZIER,39130,172
CHARLY,18350,172
CHARLY SUR MARNE,02310,172
CHARME,16140,172
CHARMES,02800,172
CHARMES SUR RHONE,07800,172
CHARNAS,07340,172
CHARNOD,39240,172
CHAROST,18290,172
CHARRAS,16380,172
CHARRIN,58300,172
CHARTEVES,02400,172
CHASNAY,58350,172
CHASSAL MOLINGES,39360,172
CHASSEMY,02370,172
CHASSENEUIL DU POITOU,86360,172
CHASSENEUIL SUR BONNIEURE,16260,172
CHASSENON,16150,172
CHASSIECQ,16350,172
CHASSIERS,07110,172
CHASSORS,16200,172
CHASSY,18800,172
CHATAIN,86250,172
CHATEAU CHALON,39210,172
CHATEAU CHERVIX,87380,172
CHATEAU CHINON CAMPAGNE,58120,172
CHATEAU CHINON VILLE,58120,172
CHATEAU GARNIER,86350,172
CHATEAU LARCHER,86370,172
CHATEAU THIERRY,02400,172
CHATEAU VILLE VIEILLE,05350,172
CHATEAUBERNARD,16100,172
CHATEAUBOURG,07130,172
CHATEAUMEILLANT,18370,172
CHATEAUNEUF D OZE,05400,172
CHATEAUNEUF DE VERNOUX,07240,172
CHATEAUNEUF LA FORET,87130,172
CHATEAUNEUF SUR CHARENTE,16120,172
CHATEAUNEUF SUR CHER,18190,172
CHATEAUNEUF VAL DE BARGIS,58350,172
CHATEAUPONSAC,87290,172
CHATEAUROUX LES ALPES,05380,172
CHATEAUVIEUX,05000,172
CHATEL DE JOUX,39130,172
CHATELAY,39380,172
CHATELLERAULT,86100,172
CHATELNEUF,39300,172
CHATENOIS,39700,172
CHATIGNAC,16480,172
CHATILLON EN BAZOIS,58110,172
CHATILLON LES SONS,02270,172
CHATILLON SUR OISE,02240,172
CHATIN,58120,172
CHAUDARDES,02160,172
CHAUDUN,02200,172
CHAULGNES,58400,172
CHAUMARD,58120,172
CHAUMERGY,39230,172
CHAUMONT,18350,172
CHAUMOT,58800,172
CHAUMOUX MARCILLY,18140,172
CHAUNAY,86510,172
CHAUNY,02300,172
CHAUSSENANS,39800,172
CHAUSSIN,39120,172
CHAUVIGNY,86300,172
CHAUX CHAMPAGNY,39110,172
CHAUX DES CROTENAY,39150,172
CHAUZON,07120,172
CHAVANNES,18190,172
CHAVERIA,39270,172
CHAVIGNON,02000,172
CHAVIGNY,02880,172
CHAVONNE,02370,172
CHAZEAUX,07110,172
CHEISSOUX,87460,172
CHEMENOT,39230,172
CHEMIN,39120,172
CHEMINAS,07300,172
CHENE BERNARD,39120,172
CHENE SEC,39230,172
CHENEVELLES,86450,172
CHENON,16460,172
CHERET,02860,172
CHERMIZY AILLES,02860,172
CHERONNAC,87600,172
CHERVES,86170,172
CHERVES CHATELARS,16310,172
CHERY,18120,172
CHERY CHARTREUVE,02220,172
CHERY LES POUILLY,02000,172
CHERY LES ROZOY,02360,172
CHEVANNES CHANGY,58420,172
CHEVENNES,02250,172
CHEVENON,58160,172
CHEVIGNY,39290,172
CHEVREAUX,39190,172
CHEVREGNY,02000,172
CHEVRESIS MONCEAU,02270,172
CHEVROCHES,58500,172
CHEVROTAINE,39130,172
CHEZAL BENOIT,18160,172
CHEZY EN ORXOIS,02810,172
CHEZY SUR MARNE,02570,172
CHIDDES,58170,172
CHIERRY,02400,172
CHIGNY,02120,172
CHILLAC,16480,172
CHILLE,39570,172
CHILLY LE VIGNOBLE,39570,172
CHILLY SUR SALINS,39110,172
CHIRAC,16150,172
CHIRE EN MONTREUIL,86190,172
CHIROLS,07380,172
CHISSEY SUR LOUE,39380,172
CHITRY LES MINES,58800,172
CHIVRES EN LAONNOIS,02350,172
CHIVRES VAL,02880,172
CHIVY LES ETOUVELLES,02000,172
CHOISEY,39100,172
CHOMERAC,07210,172
CHORGES,05230,172
CHOUGNY,58110,172
CHOUPPES,86110,172
CHOUX,39370,172
CHOUY,02210,172
CIERGES,02130,172
CIEURAC,46230,172
CIEUX,87520,172
CIEZ,58220,172
CILLY,02250,172
CIRY SALSOGNE,02220,172
CISSE,86170,172
CIVAUX,86320,172
CIVRAY,18290,172
CIZELY,58270,172
CLACY ET THIERRET,02000,172
CLAIRFONTAINE,02260,172
CLAIRVAUX LES LACS,39130,172
CLAIX,16440,172
CLAMECY,02880,172
CLARET,05110,172
CLASTRES,02440,172
CLEMONT,18410,172
CLERMONT LES FERMES,02340,172
CLOUE,86600,172
CLUCY,39110,172
COEUR DE CAUSSE,46240,172
COEUVRES ET VALSERY,02600,172
COGNA,39130,172
COGNAC,16100,172
COGNAC LA FORET,87310,172
COGNY,18130,172
COINCY,02210,172
COINGT,02360,172
COISERETTE,39200,172
COLLIGIS CRANDELAIN,02860,172
COLMERY,58350,172
COLOMBIER LE CARDINAL,07430,172
COLOMBIER LE JEUNE,07270,172
COLOMBIER LE VIEUX,07410,172
COLONFAY,02120,172
COLONNE,39800,172
COMBIERS,16320,172
COMMENAILLES,39140,172
COMMENCHON,02300,172
COMPREIGNAC,87140,172
CONCEVREUX,02160,172
CONCORES,46310,172
CONCOTS,46260,172
CONCRESSAULT,18260,172
CONDAC,16700,172
CONDAT SUR VIENNE,87920,172
CONDE EN BRIE,02330,172
CONDE SUR AISNE,02370,172
CONDE SUR SUIPPE,02190,172
CONDEON,16360,172
CONDES,39240,172
CONDREN,02700,172
CONFOLENS,16500,172
CONLIEGE,39570,172
CONNIGIS,02330,172
CONTE,39300,172
CONTESCOURT,02680,172
CONTRES,18130,172
CORANCY,58120,172
CORBENY,02820,172
CORBIGNY,58800,172
CORCY,02600,172
CORN,46100,172
CORNAC,46130,172
CORNAS,07130,172
CORNOD,39240,172
CORNUSSE,18350,172
CORQUOY,18190,172
CORVOL D EMBERNARD,58210,172
CORVOL L ORGUEILLEUX,58460,172
COSGES,39140,172
COSNE COURS SUR LOIRE,58200,172
COSSAYE,58300,172
COTEAUX DU BLANZACAIS,16250,172
COTEAUX DU LIZON,39170,172
COUARGUES,18300,172
COUCOURON,07470,172
COUCY LA VILLE,02380,172
COUCY LE CHATEAU AUFFRIQUE,02380,172
COUCY LES EPPES,02840,172
COULANGES LES NEVERS,58660,172
COULGENS,16560,172
COULOMBIERS,86600,172
COULONGES,16330,172
COULONGES COHAN,02130,172
COULONGES LES HEROLLES,86290,172
COULOUTRE,58220,172
COUPRU,02310,172
COURBES,02800,172
COURBETTE,39570,172
COURBILLAC,16200,172
COURBOIN,02330,172
COURBOUZON,39570,172
COURCELLES SUR VESLE,02220,172
COURCHAMPS,02810,172
COURCOME,16240,172
COURGEAC,16190,172
COURLAC,16210,172
COURLANS,39570,172
COURLAOUX,39570,172
COURMELLES,02200,172
COURMONT,02130,172
COURS LES BARRES,18320,172
COURTEMONT VARENNES,02850,172
COURTRIZY ET FUSSIGNY,02820,172
COUSANCE,39190,172
COUSSAC BONNEVAL,87500,172
COUSSAY,86110,172
COUSSAY LES BOIS,86270,172
COUST,18210,172
COUTURE,16460,172
COUVRELLES,02220,172
COUVRON ET AUMENCOURT,02270,172
COUX,07000,172
COUY,18140,172
COUZEIX,87270,172
COUZOU,46500,172
COYOLLES,02600,172
COYRIERE,39200,172
COYRON,39260,172
CRAMAILLE,02130,172
CRAMANS,39600,172
CRAONNE,02160,172
CRAONNELLE,02160,172
CRAYSSAC,46150,172
CRECY AU MONT,02380,172
CRECY SUR SERRE,02270,172
CREGOLS,46330,172
CREMPS,46230,172
CRENANS,39260,172
CREPY,02870,172
CRESSENSAC SARRAZAC,46600,172
CRESSIA,39270,172
CREVOUX,05200,172
CREYSSEILLES,07000,172
CREZANCAY SUR CHER,18190,172
CREZANCY,02650,172
CREZANCY EN SANCERRE,18300,172
CRISSEY,39100,172
CRITEUIL LA MAGDELEINE,16300,172
CROISY,18350,172
CROIX FONSOMME,02110,172
CROMAC,87160,172
CROS DE GEORAND,07510,172
CROSSES,18340,172
CROTENAY,39300,172
CROTS,05200,172
CROUTELLE,86240,172
CROUTTES SUR MARNE,02310,172
CROUY,02880,172
CRUAS,07350,172
CRUPILLY,02120,172
CRUX LA VILLE,58330,172
CUFFIES,02880,172
CUFFY,18150,172
CUGNY,02480,172
CUHON,86110,172
CUIRIEUX,02350,172
CUIRY HOUSSE,02220,172
CUIRY LES CHAUDARDES,02160,172
CUIRY LES IVIERS,02360,172
CUISIA,39190,172
CUISSY ET GENY,02160,172
CUISY EN ALMONT,02200,172
CULAN,18270,172
CUNCY LES VARZY,58210,172
CURAC,16210,172
CURBANS,05110,172
CURCAY SUR DIVE,86120,172
CURZAY SUR VONNE,86600,172
CUTRY,02600,172
CUVIER,39250,172
CUZAC,46270,172
CUZANCE,46600,172
CYS LA COMMUNE,02220,172
DAGNY LAMBERCY,02140,172
DALLON,02680,172
DAMMARD,02470,172
DAMMARTIN MARPAIN,39290,172
DAMPARIS,39500,172
DAMPIERRE EN CROT,18260,172
DAMPIERRE EN GRACAY,18310,172
DAMPIERRE SOUS BOUHY,58310,172
DAMPLEUX,02600,172
DANGE ST ROMAIN,86220,172
DANIZY,02800,172
DARBONNAY,39230,172
DARBRES,07170,172
DAVEZIEUX,07430,172
DECIZE,58300,172
DEGAGNAC,46340,172
DENEZIERES,39130,172
DERCE,86420,172
DERCY,02270,172
DESAIGNES,07570,172
DESNES,39140,172
DEUILLET,02700,172
DEVAY,58300,172
DEVESSET,07320,172
DEVIAT,16190,172
DHUIZEL,02220,172
DHUYS ET MORIN EN BRIE,02330,172
DIENNES AUBIGNY,58340,172
DIGNA,39190,172
DIGNAC,16410,172
DINSAC,87210,172
DIRAC,16410,172
DIROL,58190,172
DISSAY,86130,172
DIZY LE GROS,02340,172
DOHIS,02360,172
DOLE,39100,172
DOLIGNON,02360,172
DOMBLANS,39210,172
DOMMIERS,02600,172
DOMPIERRE LES EGLISES,87190,172
DOMPIERRE SUR MONT,39270,172
DOMPIERRE SUR NIEVRE,58350,172
DOMPNAC,07260,172
DOMPS,87120,172
DOMPTIN,02310,172
DONZY,58220,172
DORENGT,02450,172
DORNAS,07160,172
DORNECY,58530,172
DORNES,58390,172
DOUCHY,02590,172
DOUCIER,39130,172
DOUELLE,46140,172
DOURNAZAC,87230,172
DOURNON,39110,172
DOUSSAY,86140,172
DOUZAT,16290,172
DOYE,39250,172
DRAMELAY,39240,172
DRAVEGNY,02130,172
DREVANT,18200,172
DROIZY,02210,172
DROUX,87190,172
DRUY PARIGNY,58160,172
DUN LES PLACES,58230,172
DUN SUR AURON,18130,172
DUN SUR GRANDRY,58110,172
DUNIERE SUR EYRIEUX,07360,172
DURAVEL,46700,172
DURBANS,46320,172
DURY,02480,172
EBOULEAU,02350,172
EBREON,16140,172
ECHALLAT,16170,172
ECLANS NENON,39700,172
ECLASSAN,07370,172
ECLEUX,39600,172
ECRILLE,39270,172
ECURAS,16220,172
EDON,16320,172
EFFRY,02500,172
EMBRUN,05200,172
EMPURANY,07270,172
EMPURE,16240,172
EMPURY,58140,172
ENGLANCOURT,02260,172
ENNORDRES,18380,172
ENTRAINS SUR NOHAIN,58410,172
ENTRE DEUX MONTS,39150,172
EOURRES,05300,172
EPAGNY,02290,172
EPARCY,02500,172
EPAUX BEZU,02400,172
EPENEDE,16490,172
EPIEDS,02400,172
EPINEUIL LE FLEURIEL,18360,172
EPIRY,58800,172
EPPES,02840,172
EQUEVILLON,39300,172
ERLON,02250,172
ERLOY,02260,172
ESCAMPS,46230,172
ESCLAUZELS,46090,172
ESPAGNAC STE EULALIE,46320,172
ESPARRON,05110,172
ESPEDAILLAC,46320,172
ESPERE,46090,172
ESPEYROUX,46120,172
ESPINASSES,05190,172
ESQUEHERIES,02170,172
ESSE,16500,172
ESSERVAL TARTRE,39250,172
ESSIGNY LE GRAND,02690,172
ESSIGNY LE PETIT,02100,172
ESSISES,02570,172
ESSOMES SUR MARNE,02400,172
ESTAL,46130,172
ESTREES,02420,172
ETABLES,07300,172
ETAGNAC,16150,172
ETAMPES SUR MARNE,02400,172
ETAVES ET BOCQUIAUX,02110,172
ETIVAL,39130,172
ETOILE ST CYRICE,05700,172
ETOUVELLES,02000,172
ETREAUPONT,02580,172
ETRECHY,18800,172
ETREILLERS,02590,172
ETREPIGNEY,39700,172
ETREPILLY,02400,172
ETREUX,02510,172
ETRIAC,16250,172
EVANS,39700,172
EVERGNICOURT,02190,172
EXIDEUIL SUR VIENNE,16150,172
EYBOULEUF,87400,172
EYGLIERS,05600,172
EYJEAUX,87220,172
EYMOUTHIERS,16220,172
EYMOUTIERS,87120,172
FABRAS,07380,172
FACHIN,58430,172
FAJOLES,46300,172
FALLETANS,39700,172
FARGES ALLICHAMPS,18200,172
FARGES EN SEPTAINE,18800,172
FAUGERES,07230,172
FAVERDINES,18360,172
FAVEROLLES,02600,172
FAY EN MONTAGNE,39800,172
FAYCELLES,46100,172
FAYET,02100,172
FELINES,07340,172
FELZINS,46270,172
FERE EN TARDENOIS,02130,172
FERTREVE,58270,172
FESMY LE SART,02450,172
FESTIEUX,02840,172
FEUILLADE,16380,172
FEUX,18300,172
FEYTIAT,87220,172
FIEULAINE,02110,172
FIGEAC,46100,172
FLAUJAC GARE,46320,172
FLAUJAC POUJOLS,46090,172
FLAVIAC,07000,172
FLAVIGNAC,87230,172
FLAVIGNY,18350,172
FLAVIGNY LE GRAND ET BEAURAIN,02120,172
FLAVY LE MARTEL,02520,172
FLEAC,16730,172
FLEIX,86300,172
FLETY,58170,172
FLEURAC,16200,172
FLEURY,02600,172
FLEURY SUR LOIRE,58240,172
FLEZ CUZY,58190,172
FLORESSAS,46700,172
FLUQUIERES,02590,172
FOECY,18500,172
FOLEMBRAY,02670,172
FOLLES,87250,172
FONCINE LE BAS,39520,172
FONCINE LE HAUT,39460,172
FONS,07200,172
FONSOMME,02110,172
FONTAINE LE COMTE,86240,172
FONTAINE LES CLERCS,02680,172
FONTAINE LES VERVINS,02140,172
FONTAINE NOTRE DAME,02110,172
FONTAINE UTERTE,02110,172
FONTAINEBRUX,39140,172
FONTENELLE,02170,172
FONTENILLE,16230,172
FONTENOY,02290,172
FONTENU,39130,172
FOREST ST JULIEN,05260,172
FORESTE,02590,172
FORT DU PLASNE,39150,172
FOSSOY,02650,172
FOUCHERANS,39100,172
FOUILLOUSE,05130,172
FOULENAY,39230,172
FOUQUEBRUNE,16410,172
FOUQUEURE,16140,172
FOURCHAMBAULT,58600,172
FOURDRAIN,02870,172
FOURMAGNAC,46100,172
FOUSSIGNAC,16200,172
FRAISANS,39700,172
FRANCILLY SELENCY,02760,172
FRANCOULES,46090,172
FRANQUEVILLE,02140,172
FRAROZ,39250,172
FRASNAY REUGNY,58270,172
FRASNE LES MEULIERES,39290,172
FRAYSSINET,46310,172
FRAYSSINET LE GELAT,46250,172
FRAYSSINHES,46400,172
FREBUANS,39570,172
FREISSINIERES,05310,172
FRESNES EN TARDENOIS,02130,172
FRESNES SOUS COUCY,02380,172
FRESNOY LE GRAND,02230,172
FRESSANCOURT,02800,172
FREYSSENET,07000,172
FRIERES FAILLOUEL,02700,172
FROIDESTREES,02260,172
FROIDMONT COHARTILLE,02270,172
FROMENTAL,87250,172
FRONTENAY,39210,172
FROZES,86190,172
FURMEYER,05400,172
FUSSY,18110,172
GACOGNE,58140,172
GAGNAC SUR CERE,46130,172
GAJOUBERT,87330,172
GANDELU,02810,172
GAP,05000,172
GARAT,16410,172
GARCHIZY,58600,172
GARCHY,58150,172
GARDE COLOMBE,05300,172
GARDEFORT,18300,172
GARIGNY,18140,172
GATEY,39120,172
GAUCHY,02430,172
GENAC BIGNAC,16170,172
GENCAY,86160,172
GENDREY,39350,172
GENESTELLE,07530,172
GENOD,39240,172
GENOUILLY,18310,172
GENSAC LA PALLUE,16130,172
GENTE,16130,172
GERAISE,39110,172
GERCY,02140,172
GERGNY,02260,172
GERMAINE,02590,172
GERMENAY,58800,172
GERMIGNEY,39380,172
GERMIGNY L EXEMPT,18150,172
GERMIGNY SUR LOIRE,58320,172
GERUGE,39570,172
GEVINGEY,39570,172
GEVRY,39100,172
GIBERCOURT,02440,172
GIEN SUR CURE,58230,172
GIGNY,39320,172
GIGOUZAC,46150,172
GILHAC ET BRUZAC,07800,172
GILHOC SUR ORMEZE,07270,172
GILLOIS,39250,172
GIMEUX,16130,172
GIMOUILLE,58470,172
GINDOU,46250,172
GINOUILLAC,46300,172
GINTRAC,46130,172
GIRAC,46130,172
GIRY,58700,172
GIVARDON,18600,172
GIZAY,86340,172
GIZIA,39190,172
GIZY,02350,172
GLAND,02400,172
GLANDON,87500,172
GLANES,46130,172
GLANGES,87380,172
GLENOUZE,86200,172
GLUIRAS,07190,172
GLUN,07300,172
GLUX EN GLENNE,58370,172
GOND PONTOUVRE,16160,172
GORRE,87310,172
GORSES,46210,172
GOUDELANCOURT LES BERRIEUX,02820,172
GOUDELANCOURT LES PIERREPONT,02350,172
GOUEX,86320,172
GOUJOUNAC,46250,172
GOULOUX,58230,172
GOUSSANCOURT,02130,172
GOUY,02420,172
GRACAY,18310,172
GRAMAT,46500,172
GRAND ROZOY,02210,172
GRAND VERLY,02120,172
GRANDE RIVIERE CHATEAU,39150,172
GRANDLUP ET FAY,02350,172
GRANDRIEUX,02360,172
GRANGE DE VAIVRE,39600,172
GRAS,07700,172
GRASSAC,16380,172
GRAVES ST AMANT,16120,172
GRAVIERES,07140,172
GRAYE ET CHARNAY,39320,172
GREALOU,46160,172
GREDISANS,39290,172
GRENOIS,58420,172
GREZELS,46700,172
GRICOURT,02100,172
GRISOLLES,02210,172
GROISES,18140,172
GRON,18800,172
GRONARD,02140,172
GROSPIERRES,07120,172
GROSSOUVRE,18600,172
GROUGIS,02110,172
GROZON,39800,172
GRUGIES,02680,172
GUERIGNY,58130,172
GUESNES,86420,172
GUILHERAND GRANGES,07500,172
GUILLESTRE,05600,172
GUIMPS,16300,172
GUIPY,58420,172
GUISE,02120,172
GUIVRY,02300,172
GUIZENGEARD,16480,172
GUNY,02300,172
GURAT,16320,172
GUYENCOURT,02160,172
HAIMS,86310,172
HANNAPES,02510,172
HAPPENCOURT,02480,172
HARAMONT,02600,172
HARCIGNY,02140,172
HARGICOURT,02420,172
HARLY,02100,172
HARTENNES ET TAUX,02210,172
HARY,02140,172
HAUTECOUR,39130,172
HAUTEVESNES,02810,172
HAUTEVILLE,02120,172
HAUTION,02140,172
HAUTS DE BIENNE,39400,172
HENRICHEMONT,18250,172
HERRY,18140,172
HERY,58800,172
HIERSAC,16290,172
HIESSE,16490,172
HINACOURT,02440,172
HIRSON,02500,172
HOLNON,02760,172
HOMBLIERES,02720,172
HOULETTE,16200,172
HOURY,02140,172
HOUSSET,02250,172
HUMBLIGNY,18250,172
IDS ST ROCH,18170,172
IGNOL,18350,172
IMPHY,58160,172
INEUIL,18160,172
IRON,02510,172
ISENAY,58290,172
ISLE,87170,172
ISSAMOULENC,07190,172
ISSANLAS,07510,172
ISSARLES,07470,172
ISSENDOLUS,46500,172
ISSEPTS,46320,172
ITANCOURT,02240,172
ITEUIL,86240,172
IVIERS,02360,172
IVORY,39110,172
IVOY LE PRE,18380,172
IVREY,39110,172
JABREILLES LES BORDES,87370,172
JAILLY,58330,172
JALOGNES,18300,172
JANAILHAC,87800,172
JARDRES,86800,172
JARJAYES,05130,172
JARNAC,16200,172
JARS,18260,172
JAUJAC,07380,172
JAULDES,16560,172
JAULGONNE,02850,172
JAUNAC,07160,172
JAUNAY MARIGNY,86130,172
JAVERDAT,87520,172
JAVREZAC,16100,172
JAZENEUIL,86600,172
JEANCOURT,02490,172
JEANTES,02140,172
JEURRE,39360,172
JOANNAS,07110,172
JONCOURT,02420,172
JOUAC,87890,172
JOUAIGNES,02220,172
JOUET SUR L AUBOIS,18320,172
JOUHE,39100,172
JOUHET,86500,172
JOURGNAC,87800,172
JOURNET,86290,172
JOUSSE,86350,172
JOYEUSE,07260,172
JUIGNAC,16190,172
JUILLAC LE COQ,16130,172
JUILLE,16230,172
JULIENNE,16200,172
JUMENCOURT,02380,172
JUMIGNY,02160,172
JUSSY,02480,172
JUSSY CHAMPAGNE,18130,172
JUSSY LE CHAUDRIER,18140,172
JUVIGNY,02880,172
JUVINAS,07600,172
JUVINCOURT ET DAMARY,02190,172
L ARGENTIERE LA BESSEE,05120,172
L EPINE,05700,172
L EPINE AUX BOIS,02540,172
L ETOILE,39570,172
L ISLE D ESPAGNAC,16340,172
LA BARRE,39700,172
LA BATIE MONTSALEON,05700,172
LA BATIE NEUVE,05230,172
LA BATIE VIEILLE,05000,172
LA BAZEUGE,87210,172
LA BEAUME,05140,172
LA BOIXE,16330,172
LA BOUTEILLE,02140,172
LA CAPELLE,02260,172
LA CELETTE,18360,172
LA CELLE CONDE,18160,172
LA CELLE SUR LOIRE,58440,172
LA CELLE SUR NIEVRE,58700,172
LA CHAILLEUSE,39270,172
LA CHAPELLE D ANGILLON,18380,172
LA CHAPELLE EN VALGAUDEMAR,05800,172
LA CHAPELLE HUGON,18150,172
LA CHAPELLE MONTBRANDEIX,87440,172
LA CHAPELLE MONTLINARD,18140,172
LA CHAPELLE MOULIERE,86210,172
LA CHAPELLE ST ANDRE,58210,172
LA CHAPELLE ST URSIN,18570,172
LA CHAPELLE SUR CHEZY,02570,172
LA CHAPELLE SUR FURIEUSE,39110,172
LA CHAPELOTTE,18250,172
LA CHARITE SUR LOIRE,58400,172
LA CHARME,39230,172
LA CHASSAGNE,39230,172
LA CHATELAINE,39600,172
LA CHAUMUSSE,39150,172
LA CHAUX DU DOMBIEF,39150,172
LA CHAUX EN BRESSE,39230,172
LA CHEVRERIE,16240,172
LA COLLANCELLE,58800,172
LA COURONNE,16400,172
LA CROISILLE SUR BRIANCE,87130,172
LA CROIX SUR GARTEMPE,87210,172
LA CROIX SUR OURCQ,02210,172
LA FARE EN CHAMPSAUR,05500,172
LA FAURIE,05140,172
LA FAVIERE,39250,172
LA FAYE,16700,172
LA FERE,02800,172
LA FERMETE,58160,172
LA FERRIERE AIROUX,86160,172
LA FERTE,39600,172
LA FERTE CHEVRESIS,02270,172
LA FERTE MILON,02460,172
LA FLAMENGRIE,02260,172
LA FORET DE TESSE,16240,172
LA FRASNEE,39130,172
LA FREISSINOUSE,05000,172
LA GENEYTOUSE,87400,172
LA GRAVE,05320,172
LA GRIMAUDIERE,86110,172
LA GROUTTE,18200,172
LA GUERCHE SUR L AUBOIS,18150,172
LA HAUTE BEAUME,05140,172
LA HERIE,02500,172
LA JONCHERE ST MAURICE,87340,172
LA LATETTE,39250,172
LA LOYE,39380,172
LA MACHINE,58260,172
LA MAGDELEINE,16240,172
LA MAISON DIEU,58190,172
LA MALMAISON,02190,172
LA MARCHE,58400,172
LA MARRE,39210,172
LA MEYZE,87800,172
LA MOTTE EN CHAMPSAUR,05500,172
LA NEUVILLE BOSMONT,02250,172
LA NEUVILLE EN BEINE,02300,172
LA NEUVILLE HOUSSET,02250,172
LA NEUVILLE LES DORENGT,02450,172
LA NOCLE MAULAIX,58250,172
LA PERCHE,18200,172
LA PESSE,39370,172
LA PIARRE,05700,172
LA PORCHERIE,87380,172
LA PUYE,86260,172
LA RIXOUSE,39200,172
LA ROCHE DE RAME,05310,172
LA ROCHE DES ARNAUDS,05400,172
LA ROCHE L ABEILLE,87800,172
LA ROCHE POSAY,86270,172
LA ROCHE RIGAULT,86200,172
LA ROCHEFOUCAULD EN ANGOUMOIS,16110,172
LA SALLE LES ALPES,05240,172
LA SAULCE,05110,172
LA SELVE,02150,172
LA SOUCHE,07380,172
LA TACHE,16260,172
LA TOUR DU MEIX,39270,172
LA TRIMOUILLE,86290,172
LA VALLEE AU BLE,02140,172
LA VALLEE MULATRE,02110,172
LA VIEILLE LOYE,39380,172
LA VILLE AUX BOIS LES DIZY,02340,172
LA VILLE AUX BOIS LES PONTAVERT,02160,172
LA VILLEDIEU DU CLAIN,86340,172
LA VOULTE SUR RHONE,07800,172
LABASTIDE DE VIRAC,07150,172
LABASTIDE DU HAUT MONT,46210,172
LABASTIDE DU VERT,46150,172
LABASTIDE MARNHAC,46090,172
LABASTIDE SUR BESORGUES,07600,172
LABATHUDE,46120,172
LABATIE D ANDAURE,07570,172
LABEAUME,07120,172
LABEGUDE,07200,172
LABLACHERE,07230,172
LABOULE,07110,172
LABURGADE,46230,172
LAC DES ROUGES TRUITES,39150,172
LACAPELLE CABANAC,46700,172
LACAPELLE MARIVAL,46120,172
LACHAISE,16300,172
LACHAMP RAPHAEL,07530,172
LACHAPELLE AUZAC,46200,172
LACHAPELLE GRAILLOUSE,07470,172
LACHAPELLE SOUS AUBENAS,07200,172
LACHAPELLE SOUS CHANEAC,07310,172
LADIGNAC LE LONG,87500,172
LADIRAT,46400,172
LADIVILLE,16120,172
LADOYE SUR SEILLE,39210,172
LAFARRE,07520,172
LAFFAUX,02880,172
LAGARDE SUR LE NE,16300,172
LAGARDELLE,46220,172
LAGORCE,07150,172
LAIGNY,02140,172
LALBENQUE,46230,172
LALEVADE D ARDECHE,07380,172
LALOUVESC,07520,172
LAMAGDELAINE,46090,172
LAMASTRE,07270,172
LAMENAY SUR LOIRE,58300,172
LAMOTHE CASSEL,46240,172
LAMOTHE FENELON,46350,172
LAMOURA,39310,172
LANARCE,07660,172
LANAS,07200,172
LANCHY,02590,172
LANDIFAY ET BERTAIGNEMONT,02120,172
LANDOUZY LA COUR,02140,172
LANDOUZY LA VILLE,02140,172
LANDRICOURT,02380,172
LANGERON,58240,172
LANISCOURT,02000,172
LANTAN,18130,172
LANTY,58250,172
LANZAC,46200,172
LAON,02000,172
LAPAN,18340,172
LAPPION,02150,172
LARAGNE MONTEGLIN,05300,172
LARAMIERE,46260,172
LARDIER ET VALENCA,05110,172
LARGENTIERE,07110,172
LARGILLAY MARSONNAY,39130,172
LARGNY SUR AUTOMNE,02600,172
LARNAGOL,46160,172
LARNAS,07220,172
LARNAUD,39140,172
LAROCHEMILLAY,58370,172
LARRIVOIRE,39360,172
LARROQUE TOIRAC,46160,172
LATHUS ST REMY,86390,172
LATILLE,86190,172
LATILLY,02210,172
LATOUILLE LENTILLAC,46400,172
LATRONQUIERE,46210,172
LAUNOY,02210,172
LAURAC EN VIVARAIS,07110,172
LAURESSES,46210,172
LAURIERE,87370,172
LAUTHIERS,86300,172
LAUZES,46360,172
LAVAL DE CERE,46130,172
LAVAL EN LAONNOIS,02860,172
LAVANGEOT,39700,172
LAVANS LES DOLE,39700,172
LAVANS LES ST CLAUDE,39170,172
LAVAQUERESSE,02450,172
LAVAULT DE FRETOY,58230,172
LAVERCANTIERE,46340,172
LAVERGNE,46500,172
LAVERSINE,02600,172
LAVIGNAC,87230,172
LAVIGNY,39210,172
LAVILLATTE,07660,172
LAVILLEDIEU,07170,172
LAVIOLLE,07530,172
LAVOUX,86800,172
LAYE,05500,172
LAZENAY,18120,172
LAZER,05300,172
LE BASTIT,46500,172
LE BEAGE,07630,172
LE BERSAC,05700,172
LE BOUCHAGE,16350,172
LE BOURG,46120,172
LE BOUYSSOU,46120,172
LE BUIS,87140,172
LE CATELET,02420,172
LE CHALARD,87500,172
LE CHAMBON,07160,172
LE CHARMEL,02850,172
LE CHATELET,18170,172
LE CHATELEY,39230,172
LE CHATENET EN DOGNON,87400,172
LE CHAUTAY,18150,172
LE CHEYLARD,07160,172
LE CRESTET,07270,172
LE DESCHAUX,39120,172
LE DEVOLUY,05250,172
LE DORAT,87210,172
LE FIED,39800,172
LE FRASNOIS,39130,172
LE GLAIZIL,05800,172
LE GRAND MADIEU,16450,172
LE HERIE LA VIEVILLE,02120,172
LE LAC D ISSARLES,07470,172
LE LARDERET,39300,172
LE LATET,39300,172
LE LINDOIS,16310,172
LE LOUVEROT,39210,172
LE MONETIER LES BAINS,05220,172
LE MONTAT,46090,172
LE NOUVION EN THIERACHE,02170,172
LE NOYER,05500,172
LE PALAIS SUR VIENNE,87410,172
LE PASQUIER,39300,172
LE PLAGNAL,07590,172
LE PLESSIER HULEU,02210,172
LE POET,05300,172
LE PONDY,18210,172
LE POUZIN,07250,172
LE ROC,46200,172
LE ROUX,07560,172
LE SAIX,05400,172
LE SAUZE DU LAC,05160,172
LE SOURD,02140,172
LE SUBDRAY,18570,172
LE TATRE,16360,172
LE TEIL,07400,172
LE THUEL,02340,172
LE VAUDIOUX,39300,172
LE VERGUIER,02490,172
LE VERNOIS,39210,172
LE VIEUX CERIER,16350,172
LE VIGAN EN QUERCY,46300,172
LE VIGEANT,86150,172
LE VIGEN,87110,172
LE VIGNON EN QUERCY,46110,172
LE VILLEY,39230,172
LECT,39260,172
LEHAUCOURT,02420,172
LEIGNE LES BOIS,86450,172
LEIGNE SUR USSEAU,86230,172
LEIGNES SUR FONTAINE,86300,172
LEME,02140,172
LEMPIRE,02420,172
LEMPS,07610,172
LEMUY,39110,172
LENCLOITRE,86140,172
LENDOU EN QUERCY,46800,172
LENTILLAC DU CAUSSE,46330,172
LENTILLAC ST BLAISE,46100,172
LENTILLERES,07200,172
LEOBARD,46300,172
LERE,18240,172
LERZY,02260,172
LES ADJOTS,16700,172
LES AIX D ANGILLON,18220,172
LES ARQUES,46250,172
LES ARSURES,39600,172
LES ASSIONS,07140,172
LES AUTELS,02360,172
LES BILLANGES,87340,172
LES BOUCHOUX,39370,172
LES CARS,87230,172
LES CHALESMES,39150,172
LES CROZETS,39260,172
LES DEUX FAYS,39230,172
LES ESSARDS,16210,172
LES ESSARDS TAIGNEVAUX,39120,172
LES GOURS,16140,172
LES GRANDS CHEZEAUX,87160,172
LES HAYS,39120,172
LES JUNIES,46150,172
LES METAIRIES,16200,172
LES MOUSSIERES,39310,172
LES NANS,39300,172
LES OLLIERES SUR EYRIEUX,07360,172
LES ORMES,86220,172
LES ORRES,05200,172
LES PECHS DU VERS,46360,172
LES PINS,16260,172
LES PLANCHES EN MONTAGNE,39150,172
LES PLANCHES PRES ARBOIS,39600,172
LES REPOTS,39140,172
LES ROUSSES,39220,172
LES SALELLES,07140,172
LES SALLES LAVAUGUYON,87440,172
LES SEPTVALLONS,02160,172
LES TROIS CHATEAUX,39160,172
LES TROIS MOUTIERS,86120,172
LES VANS,07140,172
LES VIGNEAUX,05120,172
LESCHELLE,02170,172
LESCHERES,39170,172
LESDINS,02100,172
LESGES,02220,172
LESIGNAC DURAND,16310,172
LESPERON,07660,172
LESQUIELLES ST GERMAIN,02120,172
LESSAC,16500,172
LESTERPS,16420,172
LETTRET,05130,172
LEUGNY,86220,172
LEUILLY SOUS COUCY,02380,172
LEURY,02880,172
LEUZE,02500,172
LEVERGIES,02420,172
LEVET,18340,172
LEYME,46120,172
LHOMMAIZE,86410,172
LHUYS,02220,172
LICHERES,16460,172
LICY CLIGNON,02810,172
LIERVAL,02860,172
LIESSE NOTRE DAME,02350,172
LIEZ,02700,172
LIGLET,86290,172
LIGNE,16140,172
LIGNIERES AMBLEVILLE,16130,172
LIGUGE,86240,172
LIMANTON,58290,172
LIME,02220,172
LIMEUX,18120,172
LIMOGNE EN QUERCY,46260,172
LIMON,58270,172
LIMONY,07340,172
LINAC,46270,172
LINARDS,87130,172
LINARS,16730,172
LINAZAY,86400,172
LINIERS,86800,172
LISLET,02340,172
LISSAC ET MOURET,46100,172
LISSAY LOCHY,18340,172
LIVERNON,46320,172
LIVRY,58240,172
LIZANT,86400,172
LOGNY LES AUBENTON,02500,172
LOISIA,39320,172
LONDIGNY,16700,172
LONGCHAUMOIS,39400,172
LONGCOCHON,39250,172
LONGPONT,02600,172
LONGRE,16240,172
LONGWY SUR LE DOUBS,39120,172
LONNES,16230,172
LONS LE SAUNIER,39000,172
LOR,02190,172
LORMES,58140,172
LOUATRE,02600,172
LOUBARESSE,07110,172
LOUBRESSAC,46130,172
LOUDUN,86200,172
LOULLE,39300,172
LOUPEIGNE,02130,172
LOUVATANGE,39350,172
LOUZAC ST ANDRE,16100,172
LOYE SUR ARNON,18170,172
LUCENAY LES AIX,58380,172
LUCHAPT,86430,172
LUCY LE BOCAGE,02400,172
LUGAGNAC,46260,172
LUGNY,02140,172
LUGNY CHAMPAGNE,18140,172
LUNAN,46100,172
LUNEGARDE,46240,172
LUNERY,18400,172
LUPSAULT,16140,172
LURCY LE BOURG,58700,172
LURY SUR ARNON,18120,172
LUSIGNAN,86600,172
LUSSAC,16450,172
LUSSAC LES CHATEAUX,86320,172
LUSSAC LES EGLISES,87360,172
LUSSAS,07170,172
LUTHENAY UXELOUP,58240,172
LUXE,16230,172
LUZECH,46140,172
LUZOIR,02500,172
LUZY,58170,172
LY FONTAINE,02440,172
LYAS,07000,172
LYS,58190,172
MAAST ET VIOLAINE,02220,172
MACHECOURT,02350,172
MACOGNY,02470,172
MACORNAY,39570,172
MACQUIGNY,02120,172
MAGNAC BOURG,87380,172
MAGNAC LAVAL,87190,172
MAGNAC LES GARDES,16320,172
MAGNAC SUR TOUVRE,16600,172
MAGNY COURS,58470,172
MAGNY LA FOSSE,02420,172
MAGNY LORMES,58800,172
MAILHAC SUR BENAIZE,87160,172
MAINE DE BOIXE,16230,172
MAINXE GONDEVILLE,16200,172
MAINZAC,16380,172
MAIRE,86270,172
MAISOD,39260,172
MAISONNAIS,18170,172
MAISONNAIS SUR TARDOIRE,87440,172
MAISONNEUVE,86170,172
MAISSEMY,02490,172
MAIZY,02160,172
MALANGE,39700,172
MALARCE SUR LA THINES,07140,172
MALBOSC,07140,172
MALZY,02120,172
MANICAMP,02300,172
MANOT,16500,172
MANSLE LES FONTAINES,16230,172
MANTEYER,05400,172
MANTRY,39230,172
MARCAIS,18170,172
MARCHAIS,02350,172
MARCILHAC SUR CELE,46160,172
MARCILLAC LANVILLE,16140,172
MARCOLS LES EAUX,07190,172
MARCY,02720,172
MARCY SOUS MARLE,02250,172
MAREST DAMPCOURT,02300,172
MAREUIL,16170,172
MAREUIL EN DOLE,02130,172
MAREUIL SUR ARNON,18290,172
MARFONTAINE,02140,172
MARGIVAL,02880,172
MARIAC,07160,172
MARIGNA SUR VALOUSE,39240,172
MARIGNY CHEMEREAU,86370,172
MARIGNY EN ORXOIS,02810,172
MARIGNY L EGLISE,58140,172
MARIGNY SUR YONNE,58800,172
MARILLAC LE FRANC,16110,172
MARIZY ST MARD,02470,172
MARIZY STE GENEVIEVE,02470,172
MARLE,02250,172
MARLY GOMONT,02120,172
MARMAGNE,18500,172
MARMINIAC,46250,172
MARNEZIA,39270,172
MARNOZ,39110,172
MARS,07320,172
MARS SUR ALLIER,58240,172
MARSAC,16570,172
MARSEILLES LES AUBIGNY,18320,172
MARTAIZE,86330,172
MARTEL,46600,172
MARTHON,16380,172
MARTIGNA,39260,172
MARTIGNY,02500,172
MARTIGNY COURPIERRE,02860,172
MARVAL,87440,172
MARZY,58180,172
MASCLAT,46350,172
MASLEON,87130,172
MASSAY,18120,172
MASSIGNAC,16310,172
MASSOGNES,86170,172
MATHENAY,39600,172
MAULAY,86200,172
MAUPREVOIR,86460,172
MAUREGNY EN HAYE,02820,172
MAUVES,07300,172
MAUX,58290,172
MAXOU,46090,172
MAYNAL,39190,172
MAYOT,02800,172
MAYRAC,46200,172
MAYRES,07330,172
MAYRINHAC LENTOUR,46500,172
MAZAN L ABBAYE,07510,172
MAZEROLLES,16310,172
MAZEUIL,86110,172
MECHMONT,46150,172
MEDILLAC,16210,172
MEHUN SUR YEVRE,18500,172
MEILHAC,87800,172
MEILLANT,18200,172
MENESTREAU,58410,172
MENETOU COUTURE,18320,172
MENETOU RATEL,18300,172
MENETOU SALON,18510,172
MENETREOL SOUS SANCERRE,18300,172
MENETREOL SUR SAULDRE,18700,172
MENETRU LE VIGNOBLE,39210,172
MENETRUX EN JOUX,39130,172
MENNESSIS,02700,172
MENNEVRET,02630,172
MENOTEY,39290,172
MENOU,58210,172
MERCIN ET VAUX,02200,172
MERCUER,07200,172
MERCUES,46090,172
MEREAU,18120,172
MEREUIL,05700,172
MERIGNAC,16200,172
MERLIEUX ET FOUQUEROLLES,02000,172
MERONA,39270,172
MERPINS,16100,172
MERY ES BOIS,18380,172
MERY SUR CHER,18100,172
MESBRECOURT RICHECOURT,02270,172
MESNAC,16370,172
MESNAY,39600,172
MESNIL ST LAURENT,02720,172
MESNOIS,39130,172
MESSEME,86200,172
MESSIA SUR SORNE,39570,172
MESVES SUR LOIRE,58400,172
METZ LE COMTE,58190,172
MEURIVAL,02160,172
MEUSSIA,39260,172
MEUZAC,87380,172
MEYRAS,07380,172
MEYRONNE,46200,172
MEYSSE,07400,172
MEZIERES SUR OISE,02240,172
MEZILHAC,07530,172
MEZY MOULINS,02650,172
MHERE,58140,172
MIEGES,39250,172
MIERS,46500,172
MIERY,39800,172
MIGNALOUX BEAUVOIR,86550,172
MIGNE AUXANCES,86440,172
MIGNOVILLARD,39250,172
MILHAC,46300,172
MILLAC,86150,172
MILLAY,58170,172
MIRABEL,07170,172
MIREBEAU,86110,172
MISSY AUX BOIS,02200,172
MISSY LES PIERREPONT,02350,172
MISSY SUR AISNE,02880,172
MOIRANS EN MONTAGNE,39260,172
MOIRON,39570,172
MOISSANNES,87400,172
MOISSEY,39290,172
MOISSY MOULINOT,58190,172
MOLAIN,02110,172
MOLAMBOZ,39600,172
MOLAY,39500,172
MOLINCHART,02000,172
MOLINES EN QUEYRAS,05350,172
MONAMPTEUIL,02000,172
MONAY,39230,172
MONCEAU LE NEUF ET FAUCOUZY,02270,172
MONCEAU LE WAAST,02840,172
MONCEAU LES LEUPS,02270,172
MONCEAU SUR OISE,02120,172
MONCEAUX LE COMTE,58190,172
MONDION,86230,172
MONDREPUIS,02500,172
MONETIER ALLEMONT,05110,172
MONNES,02470,172
MONNET LA VILLE,39300,172
MONNETAY,39320,172
MONNIERES,39100,172
MONS,16140,172
MONS EN LAONNOIS,02000,172
MONT D ORIGNY,02390,172
MONT DAUPHIN,05600,172
MONT ET MARRE,58110,172
MONT NOTRE DAME,02220,172
MONT SOUS VAUDREY,39380,172
MONT ST JEAN,02360,172
MONT ST MARTIN,02220,172
MONT ST PERE,02400,172
MONT SUR MONNET,39300,172
MONTAGNA LE RECONDUIT,39160,172
MONTAIGU,02820,172
MONTAIN,39210,172
MONTAMBERT,58250,172
MONTAMEL,46310,172
MONTAMISE,86360,172
MONTAPAS,58110,172
MONTARON,58250,172
MONTBARREY,39380,172
MONTBAVIN,02000,172
MONTBOYER,16620,172
MONTBRAND,05140,172
MONTBREHAIN,02110,172
MONTBRON,16220,172
MONTBRUN,46160,172
MONTCABRIER,46700,172
MONTCHALONS,02860,172
MONTCLERA,46250,172
MONTCLUS,05700,172
MONTCORNET,02340,172
MONTCUQ EN QUERCY BLANC,46800,172
MONTCUSEL,39260,172
MONTDOUMERC,46230,172
MONTEMBOEUF,16310,172
MONTENOISON,58700,172
MONTEPLAIN,39700,172
MONTESCOURT LIZEROLLES,02440,172
MONTET ET BOUXAL,46210,172
MONTFAUCON,02540,172
MONTFLEUR,39320,172
MONTGARDIN,05230,172
MONTGENEVRE,05100,172
MONTGESTY,46150,172
MONTGOBERT,02600,172
MONTGRU ST HILAIRE,02210,172
MONTHENAULT,02860,172
MONTHIERS,02400,172
MONTHOIRON,86210,172
MONTHOLIER,39800,172
MONTHUREL,02330,172
MONTIGNAC LE COQ,16390,172
MONTIGNY AUX AMOGNES,58130,172
MONTIGNY EN ARROUAISE,02110,172
MONTIGNY EN MORVAN,58120,172
MONTIGNY L ALLIER,02810,172
MONTIGNY LE FRANC,02250,172
MONTIGNY LENGRAIN,02290,172
MONTIGNY LES ARSURES,39600,172
MONTIGNY LES CONDE,02330,172
MONTIGNY SOUS MARLE,02250,172
MONTIGNY SUR CANNE,58340,172
MONTIGNY SUR CRECY,02270,172
MONTIGNY SUR L AIN,39300,172
MONTJAY,05150,172
MONTJEAN,16240,172
MONTLAINSIA,39320,172
MONTLAUZUN,46800,172
MONTLEVON,02330,172
MONTLOUE,02340,172
MONTLOUIS,18160,172
MONTMARLON,39110,172
MONTMAUR,05400,172
MONTMERAC,16300,172
MONTMIREY LA VILLE,39290,172
MONTMIREY LE CHATEAU,39290,172
MONTMOREAU,16190,172
MONTMORILLON,86500,172
MONTMOROT,39570,172
MONTPEZAT SOUS BAUZON,07560,172
MONTREAL,07110,172
MONTREDON,46270,172
MONTREUIL AUX LIONS,02310,172
MONTREUILLON,58800,172
MONTROL SENARD,87330,172
MONTROLLET,16420,172
MONTROND,05700,172
MONTS SUR GUESNES,86420,172
MONTSAUCHE LES SETTONS,58230,172
MONTSELGUES,07140,172
MONTVALENT,46600,172
MORACHES,58420,172
MORBIER,39400,172
MORCOURT,02100,172
MORGNY EN THIERACHE,02360,172
MORLAC,18170,172
MORNAC,16600,172
MORNAY BERRY,18350,172
MORNAY SUR ALLIER,18600,172
MOROGUES,18220,172
MORSAIN,02290,172
MORTEFONTAINE,02600,172
MORTEMART,87330,172
MORTHOMIERS,18570,172
MORTIERS,02270,172
MORTON,86120,172
MOSNAC ST SIMEUX,16120,172
MOUCHARD,39330,172
MOULIDARS,16290,172
MOULINS,02160,172
MOULINS ENGILBERT,58290,172
MOULINS SUR TARDOIRE,16110,172
MOULINS SUR YEVRE,18390,172
MOULISMES,86500,172
MOURNANS CHARBONNY,39250,172
MOURON SUR YONNE,58800,172
MOUSSY VERNEUIL,02160,172
MOUTERRE SILLY,86200,172
MOUTERRE SUR BLOURDE,86430,172
MOUTHIERS SUR BOEME,16440,172
MOUTON,16460,172
MOUTONNE,39270,172
MOUTOUX,39300,172
MOUX EN MORVAN,58230,172
MOY DE L AISNE,02610,172
MOYDANS,05150,172
MURET ET CROUTTES,02210,172
MURLIN,58700,172
MUSCOURT,02160,172
MUTIGNEY,39290,172
MYENNES,58440,172
NABINAUD,16390,172
NADAILLAC DE ROUGE,46350,172
NADILLAC,46360,172
NAINTRE,86530,172
NAMPCELLES LA COUR,02140,172
NAMPTEUIL SOUS MURET,02200,172
NANCAY,18330,172
NANCE,39140,172
NANCHEZ,39150,172
NANCLARS,16230,172
NANCUISE,39270,172
NANNAY,58350,172
NANTEUIL EN VALLEE,16700,172
NANTEUIL LA FOSSE,02880,172
NANTEUIL NOTRE DAME,02210,172
NANTIAT,87140,172
NAUROY,02420,172
NEDDE,87120,172
NEFFES,05000,172
NERCILLAC,16200,172
NERIGNAC,86150,172
NERONDES,18350,172
NERSAC,16440,172
NESLES LA MONTAGNE,02400,172
NEUBLANS ABERGEMENT,39120,172
NEUFCHATEL SUR AISNE,02190,172
NEUFFONTAINES,58190,172
NEUFLIEUX,02300,172
NEUILLY EN DUN,18600,172
NEUILLY EN SANCERRE,18250,172
NEUILLY ST FRONT,02470,172
NEUVE MAISON,02500,172
NEUVIC ENTIER,87130,172
NEUVILLE DE POITOU,86170,172
NEUVILLE LES DECIZE,58300,172
NEUVILLE ST AMAND,02100,172
NEUVILLE SUR AILETTE,02860,172
NEUVILLE SUR MARGIVAL,02880,172
NEUVILLETTE,02390,172
NEUVILLEY,39800,172
NEUVY DEUX CLOCHERS,18250,172
NEUVY LE BARROIS,18600,172
NEUVY SUR BARANGEON,18330,172
NEUVY SUR LOIRE,58450,172
NEVACHE,05100,172
NEVERS,58000,172
NEVY LES DOLE,39380,172
NEVY SUR SEILLE,39210,172
NEXON,87800,172
NEY,39300,172
NIEUIL,16270,172
NIEUIL L ESPOIR,86340,172
NIEUL,87510,172
NIZY LE COMTE,02150,172
NOGENT L ARTAUD,02310,172
NOGENTEL,02400,172
NOGNA,39570,172
NOHANT EN GOUT,18390,172
NOHANT EN GRACAY,18310,172
NOIRCOURT,02340,172
NONAC,16190,172
NOROY SUR OURCQ,02600,172
NOSSAGE ET BENEVENT,05700,172
NOUAILLE MAUPERTUIS,86340,172
NOUIC,87330,172
NOUVION ET CATILLON,02270,172
NOUVION LE COMTE,02800,172
NOUVION LE VINEUX,02860,172
NOUVRON VINGRE,02290,172
NOYALES,02120,172
NOZEROY,39250,172
NOZIERES,07270,172
NUARS,58190,172
NUEIL SOUS FAYE,86200,172
NUZEJOULS,46150,172
OEUILLY,02160,172
OFFLANGES,39290,172
OGNES,02300,172
OHIS,02500,172
OIGNY EN VALOIS,02600,172
OISY,02450,172
OIZON,18700,172
OLLEZY,02480,172
OMISSY,02100,172
ONGLIERES,39250,172
ONLAY,58370,172
ONOZ,39270,172
ORADOUR,16140,172
ORADOUR FANAIS,16500,172
ORADOUR ST GENEST,87210,172
ORADOUR SUR GLANE,87520,172
ORADOUR SUR VAYRES,87150,172
ORAINVILLE,02190,172
ORCENAIS,18200,172
ORCHAMPS,39700,172
ORCHES,86230,172
ORCIERES,05170,172
ORGEDEUIL,16220,172
ORGELET,39270,172
ORGEVAL,02860,172
ORGNAC L AVEN,07150,172
ORIGNY EN THIERACHE,02550,172
ORIGNY STE BENOITE,02390,172
ORIOLLES,16480,172
ORIVAL,16210,172
ORNIAC,46330,172
ORPIERRE,05700,172
ORVAL,18200,172
OSLY COURTIL,02290,172
OSMERY,18130,172
OSMOY,18390,172
OSTEL,02370,172
OUAGNE,58500,172
OUDAN,58210,172
OUGNEY,39350,172
OUGNY,58110,172
OULCHES LA VALLEE FOULON,02160,172
OULCHY LA VILLE,02210,172
OULCHY LE CHATEAU,02210,172
OULON,58700,172
OUNANS,39380,172
OUR,39700,172
OUROUER LES BOURDELINS,18350,172
OUROUX EN MORVAN,58230,172
OUSSIERES,39800,172
OUZILLY,86380,172
OYRE,86220,172
OZE,05400,172
OZON,07370,172
PAARS,02220,172
PADIRAC,46500,172
PAGEAS,87230,172
PAGNEY,39350,172
PAGNOZ,39330,172
PAILHARES,07410,172
PAISSY,02160,172
PAIZAY LE SEC,86300,172
PAIZAY NAUDOUIN EMBOURIE,16240,172
PALLUAUD,16390,172
PANAZOL,87350,172
PANCY COURTECON,02860,172
PANNESSIERES,39570,172
PAPLEUX,02260,172
PARASSY,18220,172
PARCEY,39100,172
PARCY ET TIGNY,02210,172
PARFONDEVAL,02360,172
PARFONDRU,02840,172
PARGNAN,02160,172
PARGNY ET FILAIN,02000,172
PARGNY LA DHUYS,02330,172
PARGNY LES BOIS,02270,172
PARIGNY LA ROSE,58210,172
PARIGNY LES VAUX,58320,172
PARNAY,18130,172
PARPEVILLE,02240,172
PARZAC,16450,172
PASLY,02200,172
PASSENANS,39230,172
PASSIRAC,16480,172
PASSY EN VALOIS,02470,172
PASSY SUR MARNE,02850,172
PATORNAY,39130,172
PAVANT,02310,172
PAYRAC,46350,172
PAYRIGNAC,46300,172
PAYROUX,86350,172
PAYZAC,07230,172
PAZY,58800,172
PEAUGRES,07340,172
PEINTRE,39290,172
PELLEAUTIER,05000,172
PENSOL,87440,172
PEREYRES,07450,172
PERIGNAC,16250,172
PERN LHOSPITALET,46170,172
PERNANT,02200,172
PERRIGNY,39570,172
PERROY,58220,172
PERSAC,86320,172
PESCADOIRES,46220,172
PETIT NOIR,39120,172
PETIT VERLY,02630,172
PEYRAT DE BELLAC,87300,172
PEYRAT LE CHATEAU,87470,172
PEYRAUD,07340,172
PEYRILHAC,87510,172
PEYRILLES,46310,172
PICARREAU,39800,172
PIEGUT,05130,172
PIERRE BUFFIERE,87260,172
PIERREMANDE,02300,172
PIERREPONT,02350,172
PIGNICOURT,02190,172
PIGNY,18110,172
PILLAC,16390,172
PILLEMOINE,39300,172
PIMORIN,39270,172
PINDRAY,86500,172
PINON,02320,172
PINSAC,46200,172
PITHON,02480,172
PLAIMPIED GIVAUDINS,18340,172
PLAINOISEAU,39210,172
PLAISIA,39270,172
PLANCHEZ,58230,172
PLANIOLES,46100,172
PLANZOLLES,07230,172
PLASNE,39210,172
PLASSAC ROUFFIAC,16250,172
PLATS,07300,172
PLEINE SELVE,02240,172
PLENISE,39250,172
PLENISETTE,39250,172
PLEUMARTIN,86450,172
PLEURE,39120,172
PLEUVILLE,16490,172
PLOISY,02200,172
PLOMION,02140,172
PLOU,18290,172
PLOYART ET VAURSEINE,02860,172
PLUMONT,39700,172
POIDS DE FIOLE,39570,172
POIL,58170,172
POINTRE,39290,172
POISEUX,58130,172
POISIEUX,18290,172
POITIERS,86000,172
POLIGNY,05500,172
POMAREDE,46250,172
POMMIERS,02200,172
PONT ARCY,02160,172
PONT D HERY,39110,172
PONT DE LABEAUME,07380,172
PONT DE POITTE,39130,172
PONT DU NAVOY,39300,172
PONT ST MARD,02380,172
PONTAVERT,02160,172
PONTCIRQ,46150,172
PONTIS,05160,172
PONTRU,02490,172
PONTRUET,02490,172
PORT DE PILES,86220,172
PORT LESNEY,39330,172
PORTE DU QUERCY,46800,172
POUANCAY,86120,172
POUANT,86200,172
POUGUES LES EAUX,58320,172
POUILLY SUR LOIRE,58150,172
POUILLY SUR SERRE,02270,172
POULLIGNAC,16190,172
POUQUES LORMES,58140,172
POURCHERES,07000,172
POURSAC,16700,172
POUSSEAUX,58500,172
PRADES,07380,172
PRADONS,07120,172
PRANLES,07000,172
PRANZAC,16110,172
PRAYSSAC,46220,172
PREAUX,07290,172
PRECY,18140,172
PREMANON,39220,172
PREMERY,58700,172
PREMONT,02110,172
PREMONTRE,02320,172
PRENDEIGNES,46270,172
PREPORCHE,58360,172
PRESILLY,39270,172
PRESLES ET BOVES,02370,172
PRESLES ET THIERNY,02860,172
PRESLY,18380,172
PRESSAC,86460,172
PRESSIGNAC,16150,172
PRETIN,39110,172
PREUILLY,18120,172
PREVERANGES,18370,172
PRIEZ,02470,172
PRIMELLES,18400,172
PRINCAY,86420,172
PRISCES,02140,172
PRIVAS,07000,172
PROISY,02120,172
PROIX,02120,172
PROMILHANES,46260,172
PROUVAIS,02190,172
PROVISEUX ET PLESNOY,02190,172
PRUDHOMAT,46130,172
PRUNET,07110,172
PRUNIERES,05230,172
PUBLY,39570,172
PUISEUX EN RETZ,02600,172
PUISIEUX ET CLANLIEU,02120,172
PUPILLIN,39600,172
PUY L EVEQUE,46700,172
PUY SANIERES,05200,172
PUY ST ANDRE,05100,172
PUY ST EUSEBE,05200,172
PUY ST PIERRE,05100,172
PUY ST VINCENT,05290,172
PUYBRUN,46130,172
PUYJOURDES,46260,172
PUYMOYEN,16400,172
PUYREAUX,16230,172
QUANTILLY,18110,172
QUEAUX,86150,172
QUIERZY,02300,172
QUINCAY,86190,172
QUINCY,18120,172
QUINCY BASSE,02380,172
QUINCY SOUS LE MONT,02220,172
QUINTENAS,07290,172
QUINTIGNY,39570,172
QUISSAC EN QUERCY,46320,172
RABOU,05400,172
RAILLIMONT,02360,172
RAINANS,39290,172
RAIX,16240,172
RAMBAUD,05000,172
RAMICOURT,02110,172
RAMPOUX,46340,172
RANCHOT,39700,172
RANCON,87290,172
RANS,39700,172
RANTON,86200,172
RANVILLE BREUILLAUD,16140,172
RASLAY,86120,172
RAVEAU,58400,172
RAVILLOLES,39170,172
RAYMOND,18130,172
RAZES,87640,172
REALLON,05160,172
RECANOZ,39230,172
REGNY,02240,172
REIGNAC,16360,172
REIGNY,18270,172
REILHAGUET,46350,172
REITHOUSE,39270,172
RELANS,39140,172
REMAUCOURT,02100,172
REMIES,02270,172
REMIGNY,02440,172
REMOLLON,05190,172
REMPNAT,87120,172
RENANSART,02240,172
RENNEVAL,02340,172
REOTIER,05600,172
REPARSAC,16200,172
RESIGNY,02360,172
RESSONS LE LONG,02290,172
RETHEUIL,02600,172
REUILLY SAUVIGNY,02850,172
REVIGNY,39570,172
REYREVIGNES,46320,172
REZAY,18170,172
RIANS,18220,172
RIBEAUVILLE,02110,172
RIBEMONT,02240,172
RIBES,07260,172
RIBEYRET,05150,172
RILHAC LASTOURS,87800,172
RILHAC RANCON,87570,172
RIOUX MARTIN,16210,172
RISOUL,05600,172
RIVIERES,16110,172
RIX,39250,172
ROCAMADOUR,46500,172
ROCHEBRUNE,05190,172
ROCHECHOUART,87600,172
ROCHECOLOMBE,07200,172
ROCHEFORT SUR NENON,39700,172
ROCHEMAURE,07400,172
ROCHEPAULE,07320,172
ROCHER,07110,172
ROCHES PREMARIE ANDILLE,86340,172
ROCHESSAUVE,07210,172
ROCOURT ST MARTIN,02210,172
ROCQUIGNY,02260,172
ROGECOURT,02800,172
ROGNA,39360,172
ROGNY,02140,172
ROIFFE,86120,172
ROIFFIEUX,07100,172
ROMANGE,39700,172
ROMENY SUR MARNE,02310,172
ROMERY,02120,172
ROMPON,07250,172
RONCHERES,02130,172
RONSENAC,16320,172
ROSANS,05150,172
ROSAY,39190,172
ROSIERES,07260,172
ROTALIER,39190,172
ROTHONAY,39270,172
ROUCY,02160,172
ROUFFANGE,39350,172
ROUFFILHAC,46300,172
ROUGERIES,02140,172
ROUGNAC,16320,172
ROUILLAC,16170,172
ROUILLE,86480,172
ROULLET ST ESTEPHE,16440,172
ROUPY,02590,172
ROUSSET SERRE PONCON,05190,172
ROUSSINES,16310,172
ROUVROY,02100,172
ROUVROY SUR SERRE,02360,172
ROUY,58110,172
ROUZEDE,16220,172
ROYAUCOURT ET CHAILVET,02000,172
ROYERES,87400,172
ROZET ST ALBIN,02210,172
ROZIERES SUR CRISE,02200,172
ROZIERS ST GEORGES,87130,172
ROZOY BELLEVALLE,02540,172
ROZOY SUR SERRE,02360,172
RUAGES,58190,172
RUDELLE,46120,172
RUELLE SUR TOUVRE,16600,172
RUEYRES,46120,172
RUFFEC,16700,172
RUFFEY SUR SEILLE,39140,172
RUOMS,07120,172
RYE,39230,172
SABADEL LATRONQUIERE,46210,172
SABADEL LAUZES,46360,172
SABLIERES,07260,172
SACONIN ET BREUIL,02200,172
SAFFLOZ,39130,172
SAGNES ET GOUDOULET,07450,172
SAGONNE,18600,172
SAILLAT SUR VIENNE,87720,172
SAINCAIZE MEAUCE,58470,172
SAINS RICHAUMONT,02120,172
SAIRES,86420,172
SAIZENAY,39110,172
SAIZY,58190,172
SALANS,39700,172
SALAVAS,07150,172
SALEON,05300,172
SALERANS,05300,172
SALIGNEY,39350,172
SALINS LES BAINS,39110,172
SALLES D ANGLES,16130,172
SALLES DE BARBEZIEUX,16300,172
SALLES DE VILLEFAGNAN,16700,172
SALLES LAVALETTE,16190,172
SALVIAC,46340,172
SAMMARCOLLES,86200,172
SAMOUSSY,02840,172
SAMPANS,39100,172
SAMPZON,07120,172
SANCERGUES,18140,172
SANCERRE,18300,172
SANCOINS,18600,172
SANCY LES CHEMINOTS,02880,172
SANILHAC,07110,172
SANTANS,39380,172
SANTRANGES,18240,172
SANXAY,86600,172
SAPOIS,39300,172
SAPONAY,02130,172
SARDY LES EPIRY,58800,172
SARRAS,07370,172
SARROGNA,39270,172
SATILLIEU,07290,172
SAUGEOT,39130,172
SAUGY,18290,172
SAULCHERY,02310,172
SAULGE,86500,172
SAULGOND,16420,172
SAULIAC SUR CELE,46330,172
SAULZAIS LE POTIER,18360,172
SAUVAGNAC,16310,172
SAUVIAT SUR VIGE,87400,172
SAUVIGNAC,16480,172
SAUVIGNY LES BOIS,58160,172
SAVAS,07430,172
SAVIGNE,86400,172
SAVIGNY EN SANCERRE,18240,172
SAVIGNY EN SEPTAINE,18390,172
SAVIGNY LEVESCAULT,86800,172
SAVIGNY POIL FOL,58170,172
SAVIGNY SOUS FAYE,86140,172
SAVINES LE LAC,05160,172
SAVOURNON,05700,172
SAVY,02590,172
SAXI BOURDON,58330,172
SCEAUTRES,07400,172
SCORBE CLAIRVAUX,86140,172
SEBONCOURT,02110,172
SECHERAS,07610,172
SEGONZAC,16130,172
SELENS,02300,172
SELIGNEY,39120,172
SELLIERES,39230,172
SEMELAY,58360,172
SENAILLAC LATRONQUIERE,46210,172
SENAILLAC LAUZES,46360,172
SENIERGUES,46240,172
SENILLE ST SAUVEUR,86100,172
SENNECAY,18340,172
SENS BEAUJEU,18300,172
SEPTMONCEL LES MOLUNES,39310,172
SEPTMONTS,02200,172
SEPTVAUX,02410,172
SEQUEHART,02420,172
SERAIN,02110,172
SERAUCOURT LE GRAND,02790,172
SERCHES,02220,172
SEREILHAC,87620,172
SERGENAUX,39230,172
SERGENON,39120,172
SERIGNAC,46700,172
SERIGNY,86230,172
SERINGES ET NESLES,02130,172
SERMAGES,58290,172
SERMANGE,39700,172
SERMOISE,02220,172
SERMOISE SUR LOIRE,58000,172
SERRE LES MOULIERES,39700,172
SERRES,05700,172
SERRIERES,07340,172
SERRUELLES,18190,172
SERS,16410,172
SERVAIS,02700,172
SERVAL,02160,172
SERY LES MEZIERES,02240,172
SEVRES ANXAUMONT,86800,172
SEVRY,18140,172
SICHAMPS,58700,172
SIDIAILLES,18270,172
SIGOGNE,16200,172
SIGOTTIER,05700,172
SILHAC,07240,172
SILLARS,86320,172
SILLY LA POTERIE,02460,172
SINCENY,02300,172
SIREUIL,16440,172
SIROD,39300,172
SISSONNE,02150,172
SISSY,02240,172
SMARVES,86240,172
SOISSONS,02200,172
SOIZE,02340,172
SOLIGNAC,87110,172
SOMMELANS,02470,172
SOMMERON,02260,172
SOMMETTE EAUCOURT,02480,172
SOMMIERES DU CLAIN,86160,172
SONAC,46320,172
SONGESON,39130,172
SONS ET RONCHERES,02270,172
SORBAIS,02580,172
SORBIERS,05150,172
SOSSAIS,86230,172
SOTURAC,46700,172
SOUCIA,39130,172
SOUCIRAC,46300,172
SOUCY,02600,172
SOUFFRIGNAC,16380,172
SOUGY SUR LOIRE,58300,172
SOUILLAC,46200,172
SOULANGIS,18220,172
SOULOMES,46240,172
SOUPIR,02160,172
SOUSCEYRAC EN QUERCY,46190,172
SOUVANS,39380,172
SOUVIGNE,16240,172
SOYAUX,16800,172
SOYE EN SEPTAINE,18340,172
SOYONS,07130,172
ST ADJUTORY,16310,172
ST AGNAN EN MORVAN,58230,172
ST AGREVE,07320,172
ST AIGNAN DES NOYERS,18600,172
ST ALBAN AURIOLLES,07120,172
ST ALBAN D AY,07790,172
ST ALBAN EN MONTAGNE,07590,172
ST ALGIS,02260,172
ST AMAND EN PUISAYE,58310,172
ST AMAND LE PETIT,87120,172
ST AMAND MAGNAZEIX,87290,172
ST AMAND MONTROND,18200,172
ST AMANT DE BOIXE,16330,172
ST AMANT DE NOUERE,16170,172
ST AMBROIX,18290,172
ST AMOUR,39160,172
ST ANDELAIN,58150,172
ST ANDEOL DE BERG,07170,172
ST ANDEOL DE FOURCHADES,07160,172
ST ANDEOL DE VALS,07600,172
ST ANDRE D EMBRUN,05200,172
ST ANDRE DE CRUZIERES,07460,172
ST ANDRE DE ROSANS,05150,172
ST ANDRE EN MORVAN,58140,172
ST ANDRE EN VIVARAIS,07690,172
ST ANDRE LACHAMP,07230,172
ST APOLLINAIRE,05160,172
ST APOLLINAIRE DE RIAS,07240,172
ST AUBAN D OZE,05400,172
ST AUBIN,02300,172
ST AUBIN DES CHAUMES,58190,172
ST AUBIN LES FORGES,58130,172
ST AULAIS LA CHAPELLE,16300,172
ST AUVENT,87310,172
ST AVIT,16210,172
ST BANDRY,02290,172
ST BARAING,39120,172
ST BARTHELEMY GROZON,07270,172
ST BARTHELEMY LE MEIL,07160,172
ST BARTHELEMY LE PLAIN,07300,172
ST BASILE,07270,172
ST BAUDEL,18160,172
ST BAUZILE,07210,172
ST BAZILE,87150,172
ST BENIN D AZY,58270,172
ST BENIN DES BOIS,58330,172
ST BONNET,16300,172
ST BONNET BRIANCE,87260,172
ST BONNET DE BELLAC,87300,172
ST BONNET EN CHAMPSAUR,05500,172
ST BONNOT,58700,172
ST BOUIZE,18300,172
ST BRESSOU,46120,172
ST BRICE,16100,172
ST BRICE SUR VIENNE,87200,172
ST BRISSON,58230,172
ST CEOLS,18220,172
ST CERE,46400,172
ST CHAFFREY,05330,172
ST CHAMARAND,46310,172
ST CHELS,46160,172
ST CHRISTOL,07160,172
ST CHRISTOPHE,16420,172
ST CHRISTOPHE A BERRY,02290,172
ST CHRISTOPHE LE CHAUDRY,18270,172
ST CIERGE LA SERRE,07800,172
ST CIERGE SOUS LE CHEYLARD,07160,172
ST CIERS SUR BONNIEURE,16230,172
ST CIRGUES DE PRADES,07380,172
ST CIRGUES EN MONTAGNE,07510,172
ST CIRQ LAPOPIE,46330,172
ST CIRQ MADELON,46300,172
ST CIRQ SOUILLAGUET,46300,172
ST CLAIR,07430,172
ST CLAUD,16450,172
ST CLAUDE,39200,172
ST CLEMENT,02360,172
ST CLEMENT SUR DURANCE,05600,172
ST COUTANT,16350,172
ST CREPIN,05600,172
ST CYBARDEAUX,16170,172
ST CYR,07430,172
ST CYR MONTMALIN,39600,172
ST DENIS CATUS,46150,172
ST DENIS DE PALIN,18130,172
ST DENIS DES MURS,87400,172
ST DENIS LES MARTEL,46600,172
ST DESIRAT,07340,172
ST DIDIER SOUS AUBENAS,07200,172
ST DOULCHARD,18230,172
ST ELOY DE GY,18110,172
ST ERME OUTRE ET RAMECOURT,02820,172
ST ETIENNE DE BOULOGNE,07200,172
ST ETIENNE DE FONTBELLON,07200,172
ST ETIENNE DE LUGDARES,07590,172
ST ETIENNE DE SERRE,07190,172
ST ETIENNE DE VALOUX,07340,172
ST ETIENNE LE LAUS,05130,172
ST EUGENE,02330,172
ST FELICIEN,07410,172
ST FIRMIN,05800,172
ST FLORENT SUR CHER,18400,172
ST FORT SUR LE NE,16130,172
ST FORTUNAT SUR EYRIEUX,07360,172
ST FRAIGNE,16140,172
ST FRANCHY,58330,172
ST FRONT,16460,172
ST GAUDENT,86400,172
ST GENCE,87510,172
ST GENEST D AMBIERE,86140,172
ST GENEST DE BEAUZON,07230,172
ST GENEST LACHAMP,07160,172
ST GENEST SUR ROSELLE,87260,172
ST GENGOULPH,02810,172
ST GENIS D HIERSAC,16570,172
ST GEORGES DE POISIEUX,18200,172
ST GEORGES LES BAILLARGEAUX,86130,172
ST GEORGES LES BAINS,07800,172
ST GEORGES LES LANDES,87160,172
ST GEORGES SUR LA PREE,18100,172
ST GEORGES SUR MOULON,18110,172
ST GERMAIN,07170,172
ST GERMAIN CHASSENAY,58300,172
ST GERMAIN DE MONTBRON,16380,172
ST GERMAIN DES BOIS,18340,172
ST GERMAIN DU BEL AIR,46310,172
ST GERMAIN DU PUY,18390,172
ST GERMAIN EN MONTAGNE,39300,172
ST GERMAIN LES BELLES,87380,172
ST GERVAIS LES TROIS CLOCHERS,86230,172
ST GERY VERS,46090,172
ST GILLES LES FORETS,87130,172
ST GINEYS EN COIRON,07580,172
ST GOBAIN,02410,172
ST GOBERT,02140,172
ST GOURSON,16700,172
ST GRATIEN SAVIGNY,58340,172
ST GROUX,16230,172
ST HILAIRE BONNEVAL,87260,172
ST HILAIRE DE COURT,18100,172
ST HILAIRE DE GONDILLY,18320,172
ST HILAIRE EN LIGNIERES,18160,172
ST HILAIRE EN MORVAN,58120,172
ST HILAIRE FONTAINE,58300,172
ST HILAIRE LA TREILLE,87190,172
ST HILAIRE LES PLACES,87800,172
ST HONORE LES BAINS,58360,172
ST HYMETIERE SUR VALOUSE,39240,172
ST JACQUES D ATTICIEUX,07340,172
ST JACQUES EN VALGODEMARD,05800,172
ST JEAN AUX AMOGNES,58270,172
ST JEAN CHAMBRE,07240,172
ST JEAN DE LAUR,46260,172
ST JEAN DE MUZOLS,07300,172
ST JEAN DE SAUVES,86330,172
ST JEAN LAGINESTE,46400,172
ST JEAN LE CENTENIER,07580,172
ST JEAN LESPINASSE,46400,172
ST JEAN LIGOURE,87260,172
ST JEAN MIRABEL,46270,172
ST JEAN ROURE,07160,172
ST JEAN ST NICOLAS,05260,172
ST JEANVRIN,18370,172
ST JEURE D ANDAURE,07320,172
ST JEURE D AY,07290,172
ST JOSEPH DES BANCS,07530,172
ST JOUVENT,87510,172
ST JULIEN D INTRES,07310,172
ST JULIEN DU GUA,07190,172
ST JULIEN DU SERRE,07200,172
ST JULIEN EN BEAUCHENE,05140,172
ST JULIEN EN CHAMPSAUR,05500,172
ST JULIEN EN ST ALBAN,07000,172
ST JULIEN L ARS,86800,172
ST JULIEN LE PETIT,87460,172
ST JULIEN LE ROUX,07240,172
ST JULIEN VOCANCE,07690,172
ST JUNIEN,87200,172
ST JUNIEN LES COMBES,87300,172
ST JUST D ARDECHE,07700,172
ST JUST LE MARTEL,87590,172
ST LAGER BRESSAC,07210,172
ST LAMAIN,39230,172
ST LAON,86200,172
ST LAURENT BAINS LAVAL D AURELLE,07590,172
ST LAURENT DE CERIS,16450,172
ST LAURENT DE COGNAC,16100,172
ST LAURENT DE JOURDES,86410,172
ST LAURENT DES COMBES,16480,172
ST LAURENT DU CROS,05500,172
ST LAURENT DU PAPE,07800,172
ST LAURENT EN GRANDVAUX,39150,172
ST LAURENT L ABBAYE,58150,172
ST LAURENT LES EGLISES,87240,172
ST LAURENT LES TOURS,46400,172
ST LAURENT SOUS COIRON,07170,172
ST LAURENT SUR GORRE,87310,172
ST LEGER DE FOUGERET,58120,172
ST LEGER DE MONTBRILLAIS,86120,172
ST LEGER DES VIGNES,58300,172
ST LEGER LA MONTAGNE,87340,172
ST LEGER LE PETIT,18140,172
ST LEGER LES MELEZES,05260,172
ST LEGER MAGNAZEIX,87190,172
ST LEOMER,86290,172
ST LEONARD DE NOBLAT,87400,172
ST LOTHAIN,39230,172
ST LOUP DES BOIS,58200,172
ST LOUP DES CHAUMES,18190,172
ST MALO EN DONZIOIS,58350,172
ST MARCEL D ARDECHE,07700,172
ST MARCEL LES ANNONAY,07100,172
ST MARD,02220,172
ST MARTIAL,07310,172
ST MARTIAL SUR ISOP,87330,172
ST MARTIN D ARDECHE,07700,172
ST MARTIN D AUXIGNY,18110,172
ST MARTIN D HEUILLE,58130,172
ST MARTIN DE JUSSAC,87200,172
ST MARTIN DE QUEYRIERES,05120,172
ST MARTIN DE VALAMAS,07310,172
ST MARTIN DES CHAMPS,18140,172
ST MARTIN DU CLOCHER,16700,172
ST MARTIN L ARS,86350,172
ST MARTIN LA PALLU,86110,172
ST MARTIN LABOUVAL,46330,172
ST MARTIN LE MAULT,87360,172
ST MARTIN LE REDON,46700,172
ST MARTIN LE VIEUX,87700,172
ST MARTIN RIVIERE,02110,172
ST MARTIN SUR LAVEZON,07400,172
ST MARTIN SUR NOHAIN,58150,172
ST MARTIN TERRESSUS,87400,172
ST MARY,16260,172
ST MATHIEU,87440,172
ST MAUR,18270,172
ST MAURICE CRILLAT,39130,172
ST MAURICE D ARDECHE,07200,172
ST MAURICE D IBIE,07170,172
ST MAURICE DES LIONS,16500,172
ST MAURICE EN CHALENCON,07190,172
ST MAURICE EN QUERCY,46120,172
ST MAURICE EN VALGODEMARD,05800,172
ST MAURICE LA CLOUERE,86160,172
ST MAURICE LES BROUSSES,87800,172
ST MEARD,87130,172
ST MEDARD,16300,172
ST MEDARD DE PRESQUE,46400,172
ST MEDARD NICOURBY,46210,172
ST MELANY,07260,172
ST MEME LES CARRIERES,16720,172
ST MICHEL,02830,172
ST MICHEL D AURANCE,07160,172
ST MICHEL DE BANNIERES,46110,172
ST MICHEL DE BOULOGNE,07200,172
ST MICHEL DE CHABRILLANOUX,07360,172
ST MICHEL DE CHAILLOL,05260,172
ST MICHEL DE VOLANGIS,18390,172
ST MICHEL LOUBEJOU,46130,172
ST MONTAN,07220,172
ST NICOLAS AUX BOIS,02410,172
ST OUEN SUR GARTEMPE,87300,172
ST OUEN SUR LOIRE,58160,172
ST OUTRILLE,18310,172
ST PALAIS DU NE,16300,172
ST PARDOUX LE LAC,87140,172
ST PARIZE EN VIRY,58300,172
ST PARIZE LE CHATEL,58490,172
ST PAUL AUX BOIS,02300,172
ST PAUL DE VERN,46400,172
ST PAUL FLAUGNAC,46170,172
ST PAUL LE JEUNE,07460,172
ST PERAY,07130,172
ST PERE,58200,172
ST PEREUSE,58110,172
ST PIERRE AIGLE,02600,172
ST PIERRE AVEZ,05300,172
ST PIERRE D ARGENCON,05140,172
ST PIERRE D EXIDEUIL,86400,172
ST PIERRE DE COLOMBIER,07450,172
ST PIERRE DE MAILLE,86260,172
ST PIERRE LA ROCHE,07400,172
ST PIERRE LAFEUILLE,46090,172
ST PIERRE LE MOUTIER,58240,172
ST PIERRE LES BOIS,18170,172
ST PIERRE LES ETIEUX,18210,172
ST PIERRE LES FRANQUEVILLE,02140,172
ST PIERRE ST JEAN,07140,172
ST PIERRE SUR DOUX,07520,172
ST PIERRE TOIRAC,46160,172
ST PIERREMONT,02250,172
ST PIERREVILLE,07190,172
ST PREUIL,16130,172
ST PRIEST,07000,172
ST PRIEST LA MARCHE,18370,172
ST PRIEST LIGOURE,87800,172
ST PRIEST SOUS AIXE,87700,172
ST PRIEST TAURION,87480,172
ST PRIVAT,07200,172
ST PROJET,46300,172
ST QUENTIN,02100,172
ST QUENTIN DE CHALAIS,16210,172
ST QUENTIN SUR CHARENTE,16150,172
ST QUENTIN SUR NOHAIN,58150,172
ST REMEZE,07700,172
ST REMY BLANZY,02210,172
ST REMY SUR CREUSE,86220,172
ST REVERIEN,58420,172
ST ROMAIN,16210,172
ST ROMAIN D AY,07290,172
ST ROMAIN DE LERPS,07130,172
ST SATUR,18300,172
ST SAULGE,58330,172
ST SAUVEUR,05200,172
ST SAUVEUR DE CRUZIERES,07460,172
ST SAUVEUR DE MONTAGUT,07190,172
ST SECONDIN,86350,172
ST SEINE,58250,172
ST SERNIN,07200,172
ST SEVERIN,16390,172
ST SIMON,02640,172
ST SORNIN LA MARCHE,87210,172
ST SORNIN LEULAC,87290,172
ST SOZY,46200,172
ST SULPICE DE RUFFEC,16460,172
ST SULPICE LAURIERE,87370,172
ST SULPICE LES FEUILLES,87160,172
ST SYLVESTRE,07440,172
ST SYMPHORIEN,18190,172
ST SYMPHORIEN DE MAHUN,07290,172
ST SYMPHORIEN SOUS CHOMERAC,07210,172
ST THIEBAUD,39110,172
ST THOMAS,02820,172
ST THOME,07220,172
ST VALLIER,16480,172
ST VERAIN,58310,172
ST VERAN,05350,172
ST VICTURNIEN,87420,172
ST VINCENT DE BARRES,07210,172
ST VINCENT DE DURFORT,07360,172
ST VINCENT DU PENDIT,46400,172
ST VINCENT RIVE D OLT,46140,172
ST VITTE,18360,172
ST VITTE SUR BRIANCE,87380,172
ST YRIEIX LA PERCHE,87500,172
ST YRIEIX SOUS AIXE,87700,172
ST YRIEIX SUR CHARENTE,16710,172
STE ANNE ST PRIEST,87120,172
STE COLOMBE,05700,172
STE COLOMBE DES BOIS,58220,172
STE EULALIE,07510,172
STE GEMME EN SANCERROIS,18240,172
STE GENEVIEVE,02340,172
STE MARGUERITE LAFIGERE,07140,172
STE MARIE DE VAUX,87420,172
STE MONTAINE,18700,172
STE PREUVE,02350,172
STE SEVERE,16200,172
STE SOLANGE,18220,172
STE SOULINE,16480,172
STE THORETTE,18500,172
STRENQUELS,46110,172
SUAUX,16260,172
SUBLIGNY,18260,172
SUILLY LA TOUR,58150,172
SUPT,39300,172
SURDOUX,87130,172
SURFONTAINE,02240,172
SURGY,58500,172
SURY EN VAUX,18300,172
SURY ES BOIS,18260,172
SURY PRES LERE,18240,172
SUSSAC,87130,172
SYAM,39300,172
TACONNAY,58420,172
TAILLEFONTAINE,02600,172
TAIZE AIZIE,16700,172
TALENCIEUX,07340,172
TALLARD,05130,172
TALON,58190,172
TAMNAY EN BAZOIS,58110,172
TANNAY,58190,172
TANNIERES,02220,172
TAPONNAT FLEURIGNAC,16110,172
TARTIERS,02290,172
TASSENIERES,39120,172
TAURIERS,07110,172
TAVAUX,39500,172
TAVAUX ET PONTSERICOURT,02250,172
TAXENNE,39350,172
TAZILLY,58170,172
TEIGNY,58190,172
TENDRON,18350,172
TERCE,86800,172
TERGNIER,02700,172
TERNY SORNY,02880,172
TERRES DE HAUTE CHARENTE,16270,172
TERROU,46120,172
TERSANNES,87360,172
TEYSSIEU,46190,172
THAIX,58250,172
THAUMIERS,18210,172
THAUVENAY,18300,172
THEDIRAC,46150,172
THEGRA,46500,172
THEIL RABIER,16240,172
THEMINES,46120,172
THEMINETTES,46120,172
THENAILLES,02140,172
THENELLES,02390,172
THENIOUX,18100,172
THERVAY,39290,172
THESY,39110,172
THEUS,05190,172
THIANGES,58260,172
THIERNU,02250,172
THOIRETTE COISIA,39240,172
THOIRIA,39130,172
THOISSIA,39160,172
THOLLET,86290,172
THORRENC,07340,172
THOU,18260,172
THOURON,87140,172
THUEYTS,07330,172
THURAGEAU,86110,172
THURE,86540,172
TINTURY,58110,172
TORCY EN VALOIS,02810,172
TORSAC,16410,172
TORTERON,18320,172
TOUCHAY,18160,172
TOULAUD,07130,172
TOULIS ET ATTENCOURT,02250,172
TOULOUSE LE CHATEAU,39230,172
TOUR DE FAURE,46330,172
TOURMONT,39800,172
TOURNON SUR RHONE,07300,172
TOURRIERS,16560,172
TOURY LURCY,58300,172
TOURY SUR JOUR,58240,172
TOUVERAC,16360,172
TOUVRE,16600,172
TOUZAC,46700,172
TRACY SUR LOIRE,58150,172
TRAVECY,02800,172
TREFCON,02490,172
TRELOU SUR MARNE,02850,172
TRENAL,39190,172
TRESCLEOUX,05700,172
TRESNAY,58240,172
TRESPOUX RASSIELS,46090,172
TRIAC LAUTRAIT,16200,172
TROESNES,02460,172
TROIS PALIS,16730,172
TROIS VEVRES,58260,172
TRONSANGES,58400,172
TROSLY LOIRE,02300,172
TROUY,18570,172
TRUCY,02860,172
TRUCY L ORGUEILLEUX,58460,172
TUGNY ET PONT,02640,172
TUPIGNY,02120,172
TURGON,16350,172
TUSSON,16140,172
UCEL,07200,172
UGNY LE GAY,02300,172
UPAIX,05300,172
URCEL,02000,172
URVILLERS,02690,172
URZY,58130,172
USCLADES ET RIEUTORD,07510,172
USSEAU,86230,172
USSON DU POITOU,86350,172
UXELLES,39130,172
UZAY LE VENON,18190,172
UZECH,46310,172
UZER,07110,172
VADANS,39600,172
VADENCOURT,02120,172
VAGNAS,07150,172
VAILLY SUR AISNE,02370,172
VAILLY SUR SAULDRE,18260,172
VAL BUECH MEOUGE,05300,172
VAL D AUGE,16170,172
VAL D EPY,39160,172
VAL D ISSOIRE,87330,172
VAL D OIRE ET GARTEMPE,87320,172
VAL DE BONNIEURE,16230,172
VAL DE COGNAC,16370,172
VAL DE COMPORTE,86400,172
VAL DES PRES,05100,172
VAL DES VIGNES,16250,172
VAL SONNETTE,39190,172
VAL SURAN,39320,172
VALDIVIENNE,86300,172
VALDOULE,05150,172
VALEMPOULIERES,39300,172
VALENCE,16460,172
VALENCE EN POITOU,86700,172
VALGORGE,07110,172
VALLEES D ANTRAIGUES ASPERJOC,07530,172
VALLEES EN CHAMPAGNE,02330,172
VALLENAY,18190,172
VALLON PONT D ARC,07150,172
VALLOUISE PELVOUX,05290,172
VALS LES BAINS,07600,172
VALSERRES,05130,172
VALVIGNERES,07400,172
VALZIN EN PETITE MONTAGNE,39240,172
VANDENESSE,58290,172
VANNOZ,39300,172
VANOSC,07690,172
VARAIRE,46260,172
VARENNES LES NARCY,58400,172
VARENNES VAUZELLES,58640,172
VARISCOURT,02190,172
VARS,05560,172
VARZY,58210,172
VASSELAY,18110,172
VASSENS,02290,172
VASSENY,02220,172
VASSOGNE,02160,172
VAUCELLES ET BEFFECOURT,02000,172
VAUCLAIX,58140,172
VAUDESSON,02320,172
VAUDEVANT,07410,172
VAUDREY,39380,172
VAULRY,87140,172
VAUX ANDIGNY,02110,172
VAUX D AMOGNES,58130,172
VAUX EN VERMANDOIS,02590,172
VAUX LAVALETTE,16320,172
VAUX LES ST CLAUDE,39360,172
VAUX ROUILLAC,16170,172
VAUX SUR VIENNE,86220,172
VAUXAILLON,02320,172
VAUXBUIN,02200,172
VAUXREZIS,02200,172
VAUXTIN,02220,172
VAYLATS,46230,172
VAYRAC,46110,172
VEAUGUES,18300,172
VELLECHES,86230,172
VENDELLES,02490,172
VENDEUIL,02800,172
VENDHUILE,02420,172
VENDIERES,02540,172
VENDRESSE BEAULNE,02160,172
VENEROLLES,02510,172
VENESMES,18190,172
VENIZEL,02200,172
VENTAVON,05300,172
VENTEROL,05130,172
VENTOUSE,16460,172
VERDIGNY,18300,172
VERDILLE,16140,172
VERDILLY,02400,172
VEREAUX,18600,172
VERGES,39570,172
VERIA,39160,172
VERMAND,02490,172
VERNAIS,18210,172
VERNANTOIS,39570,172
VERNEUIL,16310,172
VERNEUIL MOUSTIERS,87360,172
VERNEUIL SOUS COUCY,02380,172
VERNEUIL SUR SERRE,02000,172
VERNEUIL SUR VIENNE,87430,172
VERNON,07260,172
VERNOSC LES ANNONAY,07430,172
VERNOUX EN VIVARAIS,07240,172
VERRUE,86420,172
VERS EN MONTAGNE,39300,172
VERS SOUS SELLIERES,39230,172
VERSIGNY,02800,172
VERTAMBOZ,39130,172
VERTEUIL SUR CHARENTE,16510,172
VERVANT,16330,172
VERVINS,02140,172
VESCLES,39240,172
VESDUN,18360,172
VESLES ET CAUMONT,02350,172
VESLUD,02840,172
VESSEAUX,07200,172
VEUILLY LA POTERIE,02810,172
VEVY,39570,172
VEYNES,05400,172
VEYRAC,87520,172
VEYRAS,07000,172
VEZAPONIN,02290,172
VEZIERES,86120,172
VEZILLY,02130,172
VIAZAC,46100,172
VIBRAC,16120,172
VIC SUR AISNE,02290,172
VICHEL NANTEUIL,02210,172
VICQ SUR BREUILH,87260,172
VICQ SUR GARTEMPE,86260,172
VIDAILLAC,46260,172
VIDEIX,87600,172
VIEL ARCY,02160,172
VIELMANAY,58150,172
VIELS MAISONS,02540,172
VIERZON,18100,172
VIERZY,02210,172
VIEUX RUFFEC,16350,172
VIFFORT,02540,172
VIGNEUX HOCQUET,02340,172
VIGNOL,58190,172
VIGNOLLES,16300,172
VIGNOUX SOUS LES AIX,18110,172
VIGNOUX SUR BARANGEON,18500,172
VILLABON,18800,172
VILLAPOURCON,58370,172
VILLAR D ARENE,05480,172
VILLAR LOUBIERE,05800,172
VILLAR ST PANCRACE,05100,172
VILLARD ST SAUVEUR,39200,172
VILLARDS D HERIA,39260,172
VILLE LANGY,58270,172
VILLE SAVOYE,02220,172
VILLEBOIS LAVALETTE,16320,172
VILLEBOIS LES PINS,05700,172
VILLECELIN,18160,172
VILLEFAGNAN,16240,172
VILLEFAVARD,87190,172
VILLEGENON,18260,172
VILLEJOUBERT,16560,172
VILLEMONTOIRE,02210,172
VILLEMORT,86310,172
VILLENEUVE D AVAL,39600,172
VILLENEUVE DE BERG,07170,172
VILLENEUVE SOUS PYMONT,39570,172
VILLENEUVE ST GERMAIN,02200,172
VILLENEUVE SUR AISNE,02190,172
VILLENEUVE SUR CHER,18400,172
VILLENEUVE SUR FERE,02130,172
VILLEQUIER AUMONT,02300,172
VILLEQUIERS,18800,172
VILLERET,02420,172
VILLERS AGRON AIGUIZY,02130,172
VILLERS COTTERETS,02600,172
VILLERS FARLAY,39600,172
VILLERS HELON,02600,172
VILLERS LE SEC,02240,172
VILLERS LES BOIS,39120,172
VILLERS LES GUISE,02120,172
VILLERS ROBERT,39120,172
VILLERS ST CHRISTOPHE,02590,172
VILLERS SUR FERE,02130,172
VILLERSERINE,39800,172
VILLESEQUE,46090,172
VILLETTE LES ARBOIS,39600,172
VILLETTE LES DOLE,39100,172
VILLEVIEUX,39140,172
VILLEVOCANCE,07690,172
VILLIERS LE ROUX,16240,172
VILLIERS ST DENIS,02310,172
VILLIERS SUR YONNE,58500,172
VILLOGNON,16230,172
VINCENT FROIDEVILLE,39230,172
VINCY REUIL ET MAGNY,02340,172
VINDELLE,16430,172
VINEZAC,07110,172
VINON,18300,172
VINZIEUX,07340,172
VION,07610,172
VIRE SUR LOT,46700,172
VIRY,39360,172
VIRY NOUREUIL,02300,172
VITRAC ST VINCENT,16310,172
VITREUX,39350,172
VITROLLES,05110,172
VITRY LACHE,58420,172
VIVAISE,02870,172
VIVIERES,02600,172
VIVIERS,07220,172
VIVONNE,86370,172
VOCANCE,07690,172
VOEUIL ET GIGET,16400,172
VOGUE,07200,172
VOHARIES,02140,172
VOITEUR,39210,172
VORGES,02860,172
VORLY,18340,172
VORNAY,18130,172
VOSBLES VALFIN,39240,172
VOUHARTE,16330,172
VOULEME,86400,172
VOULGEZAC,16250,172
VOULON,86700,172
VOULPAIX,02140,172
VOUNEUIL SOUS BIARD,86580,172
VOUNEUIL SUR VIENNE,86210,172
VOUTHON,16220,172
VOUZAILLES,86170,172
VOUZAN,16410,172
VOUZERON,18330,172
VOYENNE,02250,172
VREGNY,02880,172
VRIANGE,39700,172
VUILLERY,02880,172
VULVOZ,39360,172
WASSIGNY,02630,172
WATIGNY,02830,172
WIEGE FATY,02120,172
WIMY,02500,172
WISSIGNICOURT,02320,172
XAMBES,16330,172
YVERSAY,86170,172
YVIERS,16210,172
YVRAC ET MALLEYRAND,16110,172
ABBEVILLE,80100,158
ABLAINCOURT PRESSOIR,80320,158
ACHEUX EN AMIENOIS,80560,158
ACHEUX EN VIMEU,80210,158
AGEN,47000,158
AGENVILLE,80370,158
AGENVILLERS,80150,158
AGME,47350,158
AGNAC,47800,158
AIGLUN,04510,158
AIGNEVILLE,80210,158
AIGUILLON,47190,158
AIGURANDE,36140,158
AILLY LE HAUT CLOCHER,80690,158
AILLY SUR NOYE,80250,158
AILLY SUR SOMME,80470,158
AIRAINES,80270,158
AIZE,36150,158
AIZECOURT LE BAS,80240,158
AIZECOURT LE HAUT,80200,158
ALBERT,80300,158
ALLAINES,80200,158
ALLEMAGNE EN PROVENCE,04500,158
ALLEMANS DU DROPT,47800,158
ALLENAY,80130,158
ALLERY,80270,158
ALLEZ ET CAZENEUVE,47110,158
ALLONS,04170,158
ALLONVILLE,80260,158
ALLOS,04260,158
AMBRAULT,36120,158
AMBRUS,47160,158
ANDAINVILLE,80140,158
ANDECHY,80700,158
ANDELNANS,90400,158
ANDIRAN,47170,158
ANGEOT,90150,158
ANGLES,04170,158
ANJOUIN,36210,158
ANJOUTEY,90170,158
ANNOT,04240,158
ANTAGNAC,47700,158
ANTHE,47370,158
ANZEX,47700,158
ARCHAIL,04420,158
ARDENTES,36120,158
ARGENTON,47250,158
ARGENTON SUR CREUSE,36200,158
ARGIESANS,90800,158
ARGOEUVES,80470,158
ARGOULES,80120,158
ARGUEL,80140,158
ARGY,36500,158
ARMILLAC,47800,158
ARQUEVES,80560,158
ARREST,80820,158
ARTHON,36330,158
ARVILLERS,80910,158
ASSAINVILLERS,80500,158
ASSEVILLERS,80200,158
ASTAFFORT,47220,158
AUBENAS LES ALPES,04110,158
AUBERCOURT,80110,158
AUBIGNOSC,04200,158
AUBVILLERS,80110,158
AUCHONVILLERS,80560,158
AULT,80460,158
AUMATRE,80140,158
AURADOU,47140,158
AURIAC SUR DROPT,47120,158
AUTHEUX,80600,158
AUTHIEULE,80600,158
AUTHON,04200,158
AUTHUILLE,80300,158
AUTRECHENE,90140,158
AUXELLES BAS,90200,158
AUXELLES HAUT,90200,158
AUZET,04140,158
AVELESGES,80270,158
AVELUY,80300,158
AVESNES CHAUSSOY,80140,158
AYENCOURT,80500,158
AZAY LE FERRON,36290,158
BACOUEL SUR SELLE,80480,158
BADECON LE PIN,36200,158
BAIZIEUX,80300,158
BAJAMONT,47480,158
BALATRE,80700,158
BALEYSSAGUES,47120,158
BANON,04150,158
BANVILLARS,90800,158
BARAIZE,36270,158
BARBASTE,47230,158
BARCELONNETTE,04400,158
BARLES,04140,158
BARLEUX,80200,158
BARRAS,04380,158
BARREME,04330,158
BAUDRES,36110,158
BAVELINCOURT,80260,158
BAVILLIERS,90800,158
BAYENCOURT,80560,158
BAYONS,04250,158
BAYONVILLERS,80170,158
BAZAIGES,36270,158
BAZENS,47130,158
BAZENTIN,80300,158
BEALCOURT,80370,158
BEAUCAMPS LE JEUNE,80430,158
BEAUCAMPS LE VIEUX,80430,158
BEAUCOURT,90500,158
BEAUCOURT EN SANTERRE,80110,158
BEAUCOURT SUR L ANCRE,80300,158
BEAUCOURT SUR L HALLUE,80260,158
BEAUFORT EN SANTERRE,80170,158
BEAUGAS,47290,158
BEAUJEU,04420,158
BEAUMETZ,80370,158
BEAUMONT HAMEL,80300,158
BEAUQUESNE,80600,158
BEAUVAL,80630,158
BEAUVEZER,04370,158
BEAUZIAC,47700,158
BECORDEL BECOURT,80300,158
BEHEN,80870,158
BEHENCOURT,80260,158
BELABRE,36370,158
BELFORT,90000,158
BELLAFFAIRE,04250,158
BELLANCOURT,80132,158
BELLEUSE,80160,158
BELLOY EN SANTERRE,80200,158
BELLOY ST LEONARD,80270,158
BELLOY SUR SOMME,80310,158
BERGICOURT,80290,158
BERMESNIL,80140,158
BERMONT,90400,158
BERNATRE,80370,158
BERNAVILLE,80370,158
BERNAY EN PONTHIEU,80120,158
BERNES,80240,158
BERNY EN SANTERRE,80200,158
BERTANGLES,80260,158
BERTEAUCOURT LES DAMES,80850,158
BERTEAUCOURT LES THENNES,80110,158
BERTRANCOURT,80560,158
BESSONCOURT,90160,158
BETHENCOURT SUR MER,80130,158
BETHENCOURT SUR SOMME,80190,158
BETTEMBOS,80290,158
BETTENCOURT RIVIERE,80270,158
BETTENCOURT ST OUEN,80610,158
BEUVRAIGNES,80700,158
BEVONS,04200,158
BEYNES,04270,158
BIACHES,80200,158
BIARRE,80190,158
BIENCOURT,80140,158
BILLANCOURT,80190,158
BIRAC SUR TREC,47200,158
BLANGY SOUS POIX,80290,158
BLANGY TRONVILLE,80440,158
BLANQUEFORT SUR BRIOLANCE,47500,158
BLAYMONT,47470,158
BLIEUX,04330,158
BOE,47550,158
BOISBERGUES,80600,158
BOMMIERS,36120,158
BON ENCONTRE,47240,158
BORON,90100,158
BOSQUEL,80160,158
BOTANS,90400,158
BOUCHAVESNES BERGEN,80200,158
BOUCHOIR,80910,158
BOUCHON,80830,158
BOUDY DE BEAUREGARD,47290,158
BOUESSE,36200,158
BOUFFLERS,80150,158
BOUGAINVILLE,80540,158
BOUGES LE CHATEAU,36110,158
BOUGLON,47250,158
BOUILLANCOURT EN SERY,80220,158
BOUILLANCOURT LA BATAILLE,80500,158
BOUQUEMAISON,80600,158
BOURDON,80310,158
BOURG SOUS CHATELET,90110,158
BOURGOUGNAGUE,47410,158
BOURLENS,47370,158
BOURNEL,47210,158
BOUROGNE,90140,158
BOURRAN,47320,158
BOURSEVILLE,80130,158
BOUSSES,47420,158
BOUSSICOURT,80500,158
BOUTTENCOURT,80220,158
BOUVAINCOURT SUR BRESLE,80220,158
BOUVINCOURT EN VERMANDOIS,80200,158
BOUZINCOURT,80300,158
BOVELLES,80540,158
BOVES,80440,158
BRACHES,80110,158
BRAILLY CORNEHOTTE,80150,158
BRAS D ASSE,04270,158
BRAUX,04240,158
BRAY LES MAREUIL,80580,158
BRAY SUR SOMME,80340,158
BREBOTTE,90140,158
BREILLY,80470,158
BRESLE,80300,158
BRETAGNE,36110,158
BREUIL,80400,158
BRIANTES,36400,158
BRIQUEMESNIL FLOXICOURT,80540,158
BRIVES,36100,158
BROCOURT,80430,158
BROUCHY,80400,158
BRUCAMPS,80690,158
BRUCH,47130,158
BRUGNAC,47260,158
BRUNET,04210,158
BRUTELLES,80230,158
BUIGNY L ABBE,80132,158
BUIGNY LES GAMACHES,80220,158
BUIGNY ST MACLOU,80132,158
BUIRE COURCELLES,80200,158
BUIRE SUR L ANCRE,80300,158
BUS LA MESIERE,80700,158
BUS LES ARTOIS,80560,158
BUSSU,80200,158
BUSSUS LES YAUCOURT,80135,158
BUSSY LES DAOURS,80800,158
BUSSY LES POIX,80290,158
BUVERCHY,80400,158
BUXIERES D AILLAC,36230,158
BUZANCAIS,36500,158
BUZET SUR BAISE,47160,158
CACHY,80800,158
CAHON,80132,158
CAIX,80170,158
CALIGNAC,47600,158
CALONGES,47430,158
CAMBRON,80132,158
CAMPS EN AMIENOIS,80540,158
CANAPLES,80670,158
CANCON,47290,158
CANDAS,80750,158
CANNESSIERES,80140,158
CANTIGNY,80500,158
CAOURS,80132,158
CAPPY,80340,158
CARDONNETTE,80260,158
CARNOY MAMETZ,80300,158
CARREPUIS,80700,158
CARTIGNY,80200,158
CASSENEUIL,47440,158
CASSIGNAS,47340,158
CASTELCULIER,47240,158
CASTELJALOUX,47700,158
CASTELLA,47340,158
CASTELLANE,04120,158
CASTELLET LES SAUSSES,04320,158
CASTELMORON SUR LOT,47260,158
CASTELNAU SUR GUPIE,47180,158
CASTELNAUD DE GRATECAMBE,47290,158
CASTILLONNES,47330,158
CAUBEYRES,47160,158
CAUBON ST SAUVEUR,47120,158
CAUDECOSTE,47220,158
CAULIERES,80290,158
CAUMONT SUR GARONNE,47430,158
CAUZAC,47470,158
CAVARC,47330,158
CAVILLON,80310,158
CAYEUX EN SANTERRE,80800,158
CAYEUX SUR MER,80410,158
CAZIDEROQUE,47370,158
CEAULMONT,36200,158
CELON,36200,158
CERESTE EN LUBERON,04280,158
CERISY,80800,158
CERISY BULEUX,80140,158
CHABRIS,36210,158
CHAILLAC,36310,158
CHAMPIEN,80700,158
CHAMPILLET,36160,158
CHAMPTERCIER,04660,158
CHASSENEUIL,36800,158
CHASSIGNOLLES,36400,158
CHATEAU ARNOUX ST AUBAN,04160,158
CHATEAUFORT,04250,158
CHATEAUNEUF MIRAVAIL,04200,158
CHATEAUNEUF VAL ST DONAT,04200,158
CHATEAUREDON,04270,158
CHATEAUROUX,36000,158
CHATENOIS LES FORGES,90700,158
CHATILLON SUR INDRE,36700,158
CHAUDON NORANTE,04330,158
CHAULNES,80320,158
CHAUSSOY EPAGNY,80250,158
CHAVANATTE,90100,158
CHAVANNES LES GRANDS,90100,158
CHAVIN,36200,158
CHAZELET,36170,158
CHEVREMONT,90340,158
CHEZELLES,36500,158
CHIPILLY,80800,158
CHIRMONT,80250,158
CHITRAY,36800,158
CHOUDAY,36100,158
CHUIGNES,80340,158
CHUIGNOLLES,80340,158
CIRON,36300,158
CITERNE,80490,158
CIZANCOURT,80200,158
CLAIRAC,47320,158
CLAIRY SAULCHOIX,80540,158
CLAMENSANE,04250,158
CLERE DU BOIS,36700,158
CLERMONT DESSOUS,47130,158
CLERMONT SOUBIRAN,47270,158
CLERY SUR SOMME,80200,158
CLUIS,36340,158
CLUMANC,04330,158
COCQUEREL,80510,158
COCUMONT,47250,158
COIGNEUX,80560,158
COINGS,36130,158
COISY,80260,158
COLAYRAC ST CIRQ,47450,158
COLINCAMPS,80560,158
COLMARS,04370,158
COMBLES,80360,158
CONCREMIERS,36300,158
CONDE,36100,158
CONDE FOLIE,80890,158
CONDEZAYGUES,47500,158
CONTALMAISON,80300,158
CONTAY,80560,158
CONTY,80160,158
CORBIE,80800,158
CORBIERES EN PROVENCE,04220,158
COTTENCHY,80440,158
COULLEMELLE,80250,158
COULONVILLERS,80135,158
COULX,47260,158
COURBIAC,47370,158
COURCELETTE,80300,158
COURCELLES AU BOIS,80560,158
COURCELLES SOUS MOYENCOURT,80290,158
COURCELLES SOUS THOIX,80160,158
COURS,47360,158
COURTELEVANT,90100,158
COURTEMANCHE,80500,158
COUTHURES SUR GARONNE,47180,158
CRAMONT,80370,158
CRAVANCHE,90300,158
CRECY EN PONTHIEU,80150,158
CREMERY,80700,158
CRESSY OMENCOURT,80190,158
CREUSE,80480,158
CREVANT,36140,158
CROIX MOLIGNEAUX,80400,158
CROIXRAULT,80290,158
CROUY ST PIERRE,80310,158
CROZON SUR VAUVRE,36140,158
CRUIS,04230,158
CUNELIERES,90150,158
CUQ,47220,158
CURCHY,80190,158
CUREL,04200,158
CURLU,80360,158
CUZION,36190,158
CUZORN,47500,158
DAMAZAN,47160,158
DANCOURT POPINCOURT,80700,158
DANJOUTIN,90400,158
DAOURS,80800,158
DARGNIES,80570,158
DAUPHIN,04300,158
DAUSSE,47140,158
DAVENESCOURT,80500,158
DELLE,90100,158
DEMANDOLX,04120,158
DEMUIN,80110,158
DENNEY,90160,158
DEOLS,36130,158
DERNANCOURT,80300,158
DEVILLAC,47210,158
DEVISE,80200,158
DIGNE LES BAINS,04000,158
DIORS,36130,158
DOINGT,80200,158
DOLMAYRAC,47110,158
DOMART EN PONTHIEU,80620,158
DOMART SUR LA LUCE,80110,158
DOMESMONT,80370,158
DOMINOIS,80120,158
DOMLEGER LONGVILLERS,80370,158
DOMPIERRE BECQUINCOURT,80980,158
DOMPIERRE SUR AUTHIE,80150,158
DOMQUEUR,80620,158
DOMVAST,80150,158
DONDAS,47470,158
DORANS,90400,158
DOUADIC,36300,158
DOUDELAINVILLE,80140,158
DOUDRAC,47210,158
DOUILLY,80400,158
DOULLENS,80600,158
DOUZAINS,47330,158
DRAIX,04420,158
DREUIL LES AMIENS,80470,158
DRIENCOURT,80240,158
DROMESNIL,80640,158
DRUCAT,80132,158
DUN LE POELIER,36210,158
DUNET,36310,158
DURANCE,47420,158
DURAS,47120,158
EAUCOURT SUR SOMME,80580,158
ECLUSIER VAUX,80340,158
ECUEILLE,36240,158
EGUENIGUE,90150,158
EGUZON CHANTOME,36270,158
ELOIE,90300,158
EMBREVILLE,80570,158
ENCHASTRAYES,04400,158
ENGAYRAC,47470,158
ENGLEBELMER,80300,158
ENNEMAIN,80200,158
ENTRAGES,04000,158
ENTREPIERRES,04200,158
ENTREVAUX,04320,158
ENTREVENNES,04700,158
EPAGNE EPAGNETTE,80580,158
EPAUMESNIL,80140,158
EPECAMPS,80370,158
EPEHY,80740,158
EPENANCOURT,80190,158
EPLESSIER,80290,158
EPPEVILLE,80400,158
EQUANCOURT,80360,158
EQUENNES ERAMECOURT,80290,158
ERCHES,80500,158
ERCHEU,80400,158
ERCOURT,80210,158
ERGNIES,80690,158
ERONDELLE,80580,158
ESCASSEFORT,47350,158
ESCLAINVILLERS,80250,158
ESCLOTTES,47120,158
ESMERY HALLON,80400,158
ESPARRON DE VERDON,04800,158
ESPIENS,47600,158
ESSERT,90850,158
ESSERTAUX,80160,158
ESTILLAC,47310,158
ESTOUBLON,04270,158
ESTREBOEUF,80230,158
ESTREES DENIECOURT,80200,158
ESTREES LES CRECY,80150,158
ESTREES MONS,80200,158
ESTREES SUR NOYE,80250,158
ETALON,80190,158
ETELFAY,80500,158
ETINEHEM MERICOURT,80340,158
ETRECHET,36120,158
ETREJUST,80140,158
ETRICOURT MANANCOURT,80360,158
ETUEFFONT,90170,158
EVETTE SALBERT,90350,158
FALS,47220,158
FALVY,80190,158
FARGUES SUR OURBISE,47700,158
FAUCON DE BARCELONNETTE,04400,158
FAUCON DU CAIRE,04250,158
FAUGUEROLLES,47400,158
FAUILLET,47400,158
FAVEROIS,90100,158
FECHE L EGLISE,90100,158
FELON,90110,158
FERRENSAC,47330,158
FESCAMPS,80500,158
FEUGAROLLES,47230,158
FEUILLERES,80200,158
FEUQUIERES EN VIMEU,80210,158
FEUSINES,36160,158
FIEFFES MONTRELET,80670,158
FIENVILLERS,80750,158
FIEUX,47600,158
FIGNIERES,80500,158
FINS,80360,158
FLAUCOURT,80200,158
FLERE LA RIVIERE,36700,158
FLERS SUR NOYE,80160,158
FLESSELLES,80260,158
FLIXECOURT,80420,158
FLORIMONT,90100,158
FLUY,80540,158
FOLIES,80170,158
FONCHES FONCHETTE,80700,158
FONGRAVE,47260,158
FONTAINE LE SEC,80140,158
FONTAINE LES CAPPY,80340,158
FONTAINE SOUS MONTDIDIER,80500,158
FONTAINE SUR MAYE,80150,158
FONTAINE SUR SOMME,80510,158
FONTENAY,36150,158
FONTGOMBAULT,36220,158
FONTGUENAND,36600,158
FONTIENNE,04230,158
FORCALQUIER,04300,158
FORCEVILLE,80560,158
FORCEVILLE EN VIMEU,80140,158
FOREST L ABBAYE,80150,158
FOREST MONTIERS,80120,158
FORT MAHON PLAGE,80120,158
FOSSEMANANT,80160,158
FOUCAUCOURT EN SANTERRE,80340,158
FOUCAUCOURT HORS NESLE,80140,158
FOUENCAMPS,80440,158
FOUGEROLLES,36230,158
FOULAYRONNES,47510,158
FOUQUESCOURT,80170,158
FOURCIGNY,80290,158
FOURDRINOY,80310,158
FOURQUES SUR GARONNE,47200,158
FOUSSEMAGNE,90150,158
FRAIS,90150,158
FRAMERVILLE RAINECOURT,80131,158
FRAMICOURT,80140,158
FRANCESCAS,47600,158
FRANCILLON,36110,158
FRANLEU,80210,158
FRANSART,80700,158
FRANSU,80620,158
FRANSURES,80160,158
FRANVILLERS,80800,158
FRECHENCOURT,80260,158
FRECHOU,47600,158
FREDILLE,36180,158
FREGIMONT,47360,158
FREMONTIERS,80160,158
FRESNES MAZANCOURT,80320,158
FRESNES TILLOLOY,80140,158
FRESNEVILLE,80140,158
FRESNOY ANDAINVILLE,80140,158
FRESNOY AU VAL,80290,158
FRESNOY EN CHAUSSEE,80110,158
FRESNOY LES ROYE,80700,158
FRESPECH,47140,158
FRESSENNEVILLE,80390,158
FRETTECUISSE,80140,158
FRETTEMEULE,80220,158
FRIAUCOURT,80460,158
FRICAMPS,80290,158
FRICOURT,80300,158
FRISE,80340,158
FRIVILLE ESCARBOTIN,80130,158
FROHEN SUR AUTHIE,80370,158
FROIDEFONTAINE,90140,158
FROYELLES,80150,158
FRUCOURT,80490,158
FUMEL,47500,158
GALAPIAN,47190,158
GAMACHES,80220,158
GANAGOBIE,04310,158
GAPENNES,80150,158
GARGILESSE DAMPIERRE,36190,158
GAUVILLE,80290,158
GAVAUDUN,47150,158
GEHEE,36240,158
GENTELLES,80800,158
GEZAINCOURT,80600,158
GIGORS,04250,158
GINCHY,80360,158
GIROMAGNY,90200,158
GIROUX,36150,158
GLISY,80440,158
GONTAUD DE NOGARET,47400,158
GORENFLOS,80690,158
GOURNAY,36230,158
GOYENCOURT,80700,158
GRAND LAVIERS,80132,158
GRANDVILLARS,90600,158
GRANGES SUR LOT,47260,158
GRATELOUP ST GAYRAND,47400,158
GRATIBUS,80500,158
GRATTEPANCHE,80680,158
GRAYSSAS,47270,158
GREBAULT MESNIL,80140,158
GREOUX LES BAINS,04800,158
GREZET CAVAGNAN,47250,158
GRIVESNES,80250,158
GRIVILLERS,80700,158
GROSMAGNY,90200,158
GROSNE,90100,158
GROUCHES LUCHUEL,80600,158
GRUNY,80700,158
GUERBIGNY,80500,158
GUERIN,47250,158
GUESCHART,80150,158
GUEUDECOURT,80360,158
GUIGNEMICOURT,80540,158
GUILLAUCOURT,80170,158
GUILLEMONT,80360,158
GUILLY,36150,158
GUIZANCOURT,80290,158
GUYENCOURT SAULCOURT,80240,158
GUYENCOURT SUR NOYE,80250,158
HAILLES,80440,158
HALLENCOURT,80490,158
HALLIVILLERS,80250,158
HALLOY LES PERNOIS,80670,158
HALLU,80320,158
HAM,80400,158
HAMELET,80800,158
HANCOURT,80240,158
HANGARD,80110,158
HANGEST EN SANTERRE,80134,158
HANGEST SUR SOMME,80310,158
HARBONNIERES,80131,158
HARDECOURT AUX BOIS,80360,158
HARPONVILLE,80560,158
HATTENCOURT,80700,158
HAUTEFAGE LA TOUR,47340,158
HAUTES DUYES,04380,158
HAUTESVIGNES,47400,158
HAUTVILLERS OUVILLE,80132,158
HAVERNAS,80670,158
HEDAUVILLE,80560,158
HEILLY,80800,158
HEM HARDINVAL,80600,158
HEM MONACU,80360,158
HENENCOURT,80300,158
HERBECOURT,80200,158
HERISSART,80260,158
HERLEVILLE,80340,158
HERVILLY,80240,158
HESBECOURT,80240,158
HESCAMPS,80290,158
HEUCOURT CROQUOISON,80270,158
HEUGNES,36180,158
HEUZECOURT,80370,158
HIERMONT,80370,158
HOMBLEUX,80400,158
HORNOY LE BOURG,80640,158
HOUEILLES,47420,158
HUCHENNEVILLE,80132,158
HUMBERCOURT,80600,158
HUPPY,80140,158
HYPERCOURT,80320,158
IGNAUCOURT,80800,158
INGRANDES,36300,158
INVAL BOIRON,80430,158
IRLES,80300,158
ISSOUDUN,36100,158
JAUSIERS,04850,158
JEU LES BOIS,36120,158
JEU MALOCHES,36240,158
JONCHEREY,90100,158
JUMEL,80250,158
JUSIX,47180,158
L ECHELLE ST AURIN,80700,158
L ESCALE,04160,158
L HOSPITALET,04150,158
LA BERTHENOUX,36400,158
LA BRILLANNE,04700,158
LA BUXERETTE,36140,158
LA CHAMPENOISE,36100,158
LA CHAPELLE ORTHEMALE,36500,158
LA CHAPELLE ST LAURIAN,36150,158
LA CHATRE,36400,158
LA CHATRE LANGLIN,36170,158
LA CHAUSSEE TIRANCOURT,80310,158
LA CHAVATTE,80700,158
LA CONDAMINE CHATELARD,04530,158
LA CROIX BLANCHE,47340,158
LA FALOISE,80250,158
LA GARDE,04120,158
LA JAVIE,04000,158
LA MOTTE DU CAIRE,04250,158
LA MOTTE FEUILLY,36160,158
LA MURE ARGENS,04170,158
LA NEUVILLE LES BRAY,80340,158
LA NEUVILLE SIRE BERNARD,80110,158
LA PALUD SUR VERDON,04120,158
LA PEROUILLE,36350,158
LA REUNION,47700,158
LA ROBINE SUR GALABRE,04000,158
LA ROCHEGIRON,04150,158
LA SAUVETAT DE SAVERES,47270,158
LA SAUVETAT DU DROPT,47800,158
LA SAUVETAT SUR LEDE,47150,158
LA VERNELLE,36600,158
LA VICOGNE,80260,158
LABASTIDE CASTEL AMOUROUX,47250,158
LABOISSIERE EN SANTERRE,80500,158
LABRETONIE,47350,158
LACAPELLE BIRON,47150,158
LACAUSSADE,47150,158
LACEPEDE,47360,158
LACHAPELLE,47350,158
LACHAPELLE SOUS CHAUX,90300,158
LACHAPELLE SOUS ROUGEMONT,90360,158
LACOLLONGE,90150,158
LACS,36400,158
LAFITTE SUR LOT,47320,158
LAFOX,47240,158
LAFRESGUIMONT ST MARTIN,80430,158
LAGARRIGUE,47190,158
LAGRUERE,47400,158
LAGUPIE,47180,158
LAHOUSSOYE,80800,158
LALANDUSSE,47330,158
LAMADELEINE VAL DES ANGES,90170,158
LAMARONDE,80290,158
LAMBRUISSE,04170,158
LAMONTJOIE,47310,158
LAMOTTE BREBIERE,80450,158
LAMOTTE BULEUX,80150,158
LAMOTTE WARFUSEE,80800,158
LANCHERES,80230,158
LANCHES ST HILAIRE,80620,158
LANGE,36600,158
LANGUEVOISIN QUIQUERY,80190,158
LANNES,47170,158
LAPARADE,47260,158
LAPERCHE,47800,158
LAPLUME,47310,158
LARDIERS,04230,158
LARIVIERE,90150,158
LAROQUE TIMBAUT,47340,158
LAUCOURT,80700,158
LAUGNAC,47360,158
LAUSSOU,47150,158
LAUZUN,47410,158
LAVARDAC,47230,158
LAVIEVILLE,80300,158
LAWARDE MAUGER L HORTOY,80250,158
LAYRAC,47390,158
LE BLANC,36300,158
LE BOISLE,80150,158
LE BRUSQUET,04420,158
LE CAIRE,04250,158
LE CARDONNOIS,80500,158
LE CASTELLARD MELAN,04380,158
LE CASTELLET,04700,158
LE CHAFFAUT ST JURSON,04510,158
LE CROTOY,80550,158
LE FUGERET,04240,158
LE LAUZET UBAYE,04340,158
LE MAGNY,36400,158
LE MAS D AGENAIS,47430,158
LE MAZIS,80430,158
LE MEILLARD,80370,158
LE MENOUX,36200,158
LE MESGE,80310,158
LE PECHEREAU,36200,158
LE PLESSIER ROZAINVILLERS,80110,158
LE POINCONNET,36330,158
LE PONT CHRETIEN CHABENET,36800,158
LE QUESNE,80430,158
LE QUESNEL,80118,158
LE TEMPLE SUR LOT,47110,158
LE TITRE,80132,158
LE TRANGER,36700,158
LE TRANSLAY,80140,158
LEALVILLERS,80560,158
LEBETAIN,90100,158
LEDAT,47300,158
LEPUIX,90200,158
LEPUIX NEUF,90100,158
LES BORDES,36100,158
LES MEES,04190,158
LES OMERGUES,04200,158
LES THUILES,04400,158
LESBOEUFS,80360,158
LEVIGNAC DE GUYENNE,47120,158
LEVROUX,36110,158
LEYRITZ MONCASSIN,47700,158
LIANCOURT FOSSE,80700,158
LICOURT,80320,158
LIERAMONT,80240,158
LIERCOURT,80580,158
LIGESCOURT,80150,158
LIGNAC,36370,158
LIGNIERES CHATELAIN,80290,158
LIGNIERES EN VIMEU,80140,158
LIHONS,80320,158
LIMANS,04300,158
LINGE,36220,158
LINIEZ,36150,158
LIOMER,80430,158
LIZERAY,36100,158
LONG,80510,158
LONGAVESNES,80240,158
LONGPRE LES CORPS SAINTS,80510,158
LONGUEAU,80330,158
LONGUEVAL,80360,158
LONGUEVILLETTE,80600,158
LOUBES BERNAC,47120,158
LOUGRATTE,47290,158
LOURDOUEIX ST MICHEL,36140,158
LOUROUER ST LAURENT,36400,158
LOUVENCOURT,80560,158
LOUVRECHY,80250,158
LUANT,36350,158
LUCAY LE LIBRE,36150,158
LUCAY LE MALE,36360,158
LUCHEUX,80600,158
LURAIS,36220,158
LUREUIL,36220,158
LURS,04700,158
LUSIGNAN PETIT,47360,158
LUZERET,36800,158
LYE,36600,158
LYS ST GEORGES,36230,158
MACHIEL,80150,158
MADAILLAN,47360,158
MAILLET,36340,158
MAILLY MAILLET,80560,158
MAILLY RAINEVAL,80110,158
MAISNIERES,80220,158
MAISON PONTHIEU,80150,158
MAISON ROLAND,80135,158
MAIZICOURT,80370,158
MAJASTRES,04270,158
MALICORNAY,36340,158
MALIJAI,04350,158
MALLEFOUGASSE AUGES,04230,158
MALLEMOISSON,04510,158
MALPART,80250,158
MANE,04300,158
MANOSQUE,04100,158
MARCELCAVE,80800,158
MARCELLUS,47200,158
MARCHE ALLOUARDE,80700,158
MARCHELEPOT MISERY,80200,158
MARCOUX,04420,158
MARESTMONTIERS,80500,158
MAREUIL CAUBERT,80132,158
MARICOURT,80360,158
MARIEUX,80560,158
MARLERS,80290,158
MARMANDE,47200,158
MARMONT PACHAS,47220,158
MARON,36120,158
MARQUAIX,80240,158
MARQUIVILLERS,80700,158
MARTAINNEVILLE,80140,158
MARTIZAY,36220,158
MASQUIERES,47370,158
MASSELS,47140,158
MASSOULES,47140,158
MATIGNY,80400,158
MAUVEZIN SUR GUPIE,47200,158
MAUVIERES,36370,158
MAZIERES NARESSE,47210,158
MEAILLES,04240,158
MEAULTE,80300,158
MEHARICOURT,80170,158
MEILHAN SUR GARONNE,47180,158
MELVE,04250,158
MENESLIES,80520,158
MENETOU SUR NAHON,36210,158
MENETREOLS SOUS VATAN,36150,158
MENONCOURT,90150,158
MEOBECQ,36500,158
MEOLANS REVEL,04340,158
MEREAUCOURT,80290,158
MERELESSART,80490,158
MERICOURT EN VIMEU,80640,158
MERICOURT L ABBE,80800,158
MERIGNY,36220,158
MEROUX MOVAL,90400,158
MERS LES BAINS,80350,158
MERS SUR INDRE,36230,158
MESNIL BRUNTEL,80200,158
MESNIL DOMQUEUR,80620,158
MESNIL EN ARROUAISE,80360,158
MESNIL MARTINSART,80300,158
MESNIL ST GEORGES,80500,158
MESNIL ST NICAISE,80190,158
METIGNY,80270,158
MEUNET PLANCHES,36100,158
MEUNET SUR VATAN,36150,158
MEZEL,04270,158
MEZEROLLES,80600,158
MEZIERES EN BRENNE,36290,158
MEZIERES EN SANTERRE,80110,158
MEZIN,47170,158
MEZIRE,90120,158
MIANNAY,80132,158
MIGNE,36800,158
MIGNY,36260,158
MILLENCOURT,80300,158
MILLENCOURT EN PONTHIEU,80135,158
MIRABEAU,04510,158
MIRAMONT DE GUYENNE,47800,158
MIRAUMONT,80300,158
MIRVAUX,80260,158
MISON,04200,158
MOIRAX,47310,158
MOISLAINS,80200,158
MOLLIENS AU BOIS,80260,158
MOLLIENS DREUIL,80540,158
MONBAHUS,47290,158
MONBALEN,47340,158
MONCAUT,47310,158
MONCHY LAGACHE,80200,158
MONCRABEAU,47600,158
MONFLANQUIN,47150,158
MONHEURT,47160,158
MONS BOUBERT,80210,158
MONSEMPRON LIBOS,47500,158
MONSURES,80160,158
MONTAGNAC MONTPEZAT,04500,158
MONTAGNAC SUR AUVIGNON,47600,158
MONTAGNAC SUR LEDE,47150,158
MONTAGNE FAYEL,80540,158
MONTASTRUC,47380,158
MONTAUBAN DE PICARDIE,80300,158
MONTAYRAL,47500,158
MONTBOUTON,90500,158
MONTCHEVRIER,36140,158
MONTCLAR,04140,158
MONTETON,47120,158
MONTFORT,04600,158
MONTFURON,04110,158
MONTGAILLARD EN ALBRET,47230,158
MONTGIVRAY,36400,158
MONTIERCHAUME,36130,158
MONTIGNAC DE LAUZUN,47800,158
MONTIGNAC TOUPINERIE,47350,158
MONTIGNY LES JONGLEURS,80370,158
MONTIGNY SUR L HALLUE,80260,158
MONTIPOURET,36230,158
MONTJUSTIN,04110,158
MONTLAUX,04230,158
MONTLEVICQ,36400,158
MONTONVILLERS,80260,158
MONTPOUILLAN,47200,158
MONTREUX CHATEAU,90130,158
MONTSALIER,04150,158
MONVIEL,47290,158
MORCHAIN,80190,158
MOREUIL,80110,158
MORIEZ,04170,158
MORISEL,80110,158
MORLANCOURT,80300,158
MORVILLARS,90120,158
MORVILLERS ST SATURNIN,80290,158
MOSNAY,36200,158
MOUFLERS,80690,158
MOUFLIERES,80140,158
MOUHERS,36340,158
MOUHET,36170,158
MOULINS SUR CEPHONS,36110,158
MOUSTIER,47800,158
MOUSTIERS STE MARIE,04360,158
MOYENCOURT,80400,158
MOYENCOURT LES POIX,80290,158
MUILLE VILLETTE,80400,158
MURS,36700,158
NAMPONT,80120,158
NAMPS MAISNIL,80290,158
NAMPTY,80160,158
NAOURS,80260,158
NEONS SUR CREUSE,36220,158
NERAC,47600,158
NERET,36400,158
NESLE,80190,158
NESLE L HOPITAL,80140,158
NESLETTE,80140,158
NEUFMOULIN,80132,158
NEUILLAY LES BOIS,36500,158
NEUILLY L HOPITAL,80132,158
NEUILLY LE DIEN,80150,158
NEUVILLE AU BOIS,80140,158
NEUVILLE COPPEGUEULE,80430,158
NEUVY PAILLOUX,36100,158
NEUVY ST SEPULCHRE,36230,158
NIBAS,80390,158
NIBLES,04250,158
NICOLE,47190,158
NIHERNE,36250,158
NIOZELLES,04300,158
NOHANT VIC,36400,158
NOMDIEU,47600,158
NOUVION,80860,158
NOVILLARD,90340,158
NOYELLES EN CHAUSSEE,80150,158
NOYELLES SUR MER,80860,158
NOYERS SUR JABRON,04200,158
NURET LE FERRON,36800,158
NURLU,80240,158
O DE SELLE,80160,158
OBTERRE,36290,158
OCCOCHES,80600,158
OCHANCOURT,80210,158
OFFEMONT,90300,158
OFFIGNIES,80290,158
OISEMONT,80140,158
OISSY,80540,158
ONEUX,80135,158
ONGLES,04230,158
OPPEDETTE,04110,158
ORAISON,04700,158
ORESMAUX,80160,158
ORSENNES,36190,158
OULCHES,36800,158
OUST MAREST,80460,158
OUTREBOIS,80600,158
OVILLERS LA BOISSELLE,80300,158
PAILLOLES,47440,158
PALLUAU SUR INDRE,36500,158
PARDAILLAN,47120,158
PARGNY,80190,158
PARNAC,36170,158
PARRANQUET,47210,158
PARVILLERS LE QUESNOY,80700,158
PAUDY,36260,158
PAULHIAC,47150,158
PAULNAY,36290,158
PEIPIN,04200,158
PELLEVOISIN,36180,158
PENDE,80230,158
PENNE D AGENAIS,47140,158
PERASSAY,36160,158
PERNOIS,80670,158
PEROUSE,90160,158
PETIT CROIX,90130,158
PETITEFONTAINE,90360,158
PETITMAGNY,90170,158
PEYRIERE,47350,158
PEYROULES,04120,158
PEYRUIS,04310,158
PHAFFANS,90150,158
PICQUIGNY,80310,158
PIENNES ONVILLERS,80500,158
PIERREGOT,80260,158
PIERRERUE,04300,158
PIERREVERT,04860,158
PINDERES,47700,158
PINEL HAUTERIVE,47380,158
PISSY,80540,158
PLACHY BUYON,80160,158
POEUILLY,80240,158
POIX DE PICARDIE,80290,158
POMPIEY,47230,158
POMPOGNE,47420,158
PONCHES ESTRUVAL,80150,158
PONT DE METZ,80480,158
PONT DU CASSE,47480,158
PONT NOYELLES,80115,158
PONT REMY,80580,158
PONTHOILE,80860,158
PORT LE GRAND,80132,158
PORT STE MARIE,47130,158
POTTE,80190,158
POUDENAS,47170,158
POULAINES,36210,158
POULAINVILLE,80260,158
POULIGNY NOTRE DAME,36160,158
POULIGNY ST MARTIN,36160,158
POULIGNY ST PIERRE,36300,158
POUSSIGNAC,47700,158
POZIERES,80300,158
PRADS HAUTE BLEONE,04420,158
PRAYSSAS,47360,158
PREUILLY LA VILLE,36220,158
PRISSAC,36370,158
PROUVILLE,80370,158
PROUZEL,80160,158
PROYART,80340,158
PRUNIERS,36120,158
PUCH D AGENAIS,47160,158
PUCHEVILLERS,80560,158
PUIMICHEL,04700,158
PUIMOISSON,04410,158
PUNCHY,80320,158
PUYMICLAN,47350,158
PUYMIROL,47270,158
PUYSSERAMPION,47800,158
PUZEAUX,80320,158
PYS,80300,158
QUEND,80120,158
QUERRIEU,80115,158
QUESNOY LE MONTANT,80132,158
QUESNOY SUR AIRAINES,80270,158
QUEVAUVILLERS,80710,158
QUINSON,04500,158
QUIRY LE SEC,80250,158
QUIVIERES,80400,158
RAINCHEVAL,80600,158
RAINNEVILLE,80260,158
RAMBURELLES,80140,158
RAMBURES,80140,158
RANCOURT,80360,158
RAYET,47210,158
RAZIMET,47160,158
REAUP LISSE,47170,158
REBOURSIN,36150,158
RECHESY,90370,158
RECOUVRANCE,90140,158
REDORTIERS,04150,158
REGNIERE ECLUSE,80120,158
REILLANNE,04110,158
REMAISNIL,80600,158
REMAUGIES,80500,158
REMIENCOURT,80250,158
REPPE,90150,158
RETHONVILLERS,80700,158
REVELLES,80540,158
REVEST DES BROUSSES,04150,158
REVEST DU BION,04150,158
REVEST ST MARTIN,04230,158
RIBEMONT SUR ANCRE,80800,158
RIENCOURT,80310,158
RIERVESCEMONT,90200,158
RIEZ,04500,158
RIVARENNES,36800,158
RIVERY,80136,158
ROGY,80160,158
ROIGLISE,80700,158
ROISEL,80240,158
ROLLOT,80500,158
ROMAGNY SOUS ROUGEMONT,90110,158
ROMESTAING,47250,158
RONSSOY,80740,158
ROPPE,90380,158
ROSIERES EN SANTERRE,80170,158
ROSNAY,36300,158
ROUGEGOUTTE,90200,158
ROUGEMONT LE CHATEAU,90110,158
ROUGON,04120,158
ROUMAGNE,47800,158
ROUMOULES,04500,158
ROUVREL,80250,158
ROUVRES LES BOIS,36110,158
ROUVROY EN SANTERRE,80170,158
ROUY LE GRAND,80190,158
ROUY LE PETIT,80190,158
RUBEMPRE,80260,158
RUBESCOURT,80500,158
RUE,80120,158
RUFFIAC,47700,158
SACIERGES ST MARTIN,36170,158
SAIGNEVILLE,80230,158
SAILLY FLIBEAUCOURT,80970,158
SAILLY LAURETTE,80800,158
SAILLY LE SEC,80800,158
SAILLY SAILLISEL,80360,158
SAINS EN AMIENOIS,80680,158
SAISSEVAL,80540,158
SALEUX,80480,158
SALIGNAC,04290,158
SALOUEL,80480,158
SAMAZAN,47250,158
SARZAY,36230,158
SASSIERGES ST GERMAIN,36120,158
SAULCHOY SOUS POIX,80290,158
SAULNAY,36290,158
SAUMANE,04150,158
SAUMEJAN,47420,158
SAUMONT,47600,158
SAUSSES,04320,158
SAUVAGNAS,47340,158
SAUVETERRE LA LEMANCE,47500,158
SAUVETERRE ST DENIS,47220,158
SAUVILLERS MONGIVAL,80110,158
SAUZELLES,36220,158
SAVEUSE,80470,158
SAVIGNAC DE DURAS,47120,158
SAVIGNAC SUR LEYZE,47150,158
SAZERAY,36160,158
SEGALAS,47410,158
SEGRY,36100,158
SELLES SUR NAHON,36180,158
SELONNET,04140,158
SEMBAS,47360,158
SEMBLECAY,36210,158
SENARPONT,80140,158
SENESTIS,47430,158
SENEZ,04270,158
SENLIS LE SEC,80300,158
SENTELIE,80160,158
SERIGNAC PEBOUDOU,47410,158
SERIGNAC SUR GARONNE,47310,158
SERMAMAGNY,90300,158
SEUX,80540,158
SEVENANS,90400,158
SEYCHES,47350,158
SEYNE,04140,158
SIGONCE,04300,158
SIGOYER,04200,158
SIMIANE LA ROTONDE,04150,158
SISTERON,04200,158
SOLEILHAS,04120,158
SOREL,80240,158
SOREL EN VIMEU,80490,158
SOS,47170,158
SOUGE,36500,158
SOUMENSAC,47120,158
SOURDON,80250,158
SOURRIBES,04290,158
SOYECOURT,80200,158
ST ACHEUL,80370,158
ST AIGNY,36300,158
ST ANDRE LES ALPES,04170,158
ST ANTOINE DE FICALBA,47340,158
ST AOUSTRILLE,36100,158
ST AOUT,36120,158
ST AUBIN MONTENOY,80540,158
ST AUBIN RIVIERE,80430,158
ST BARTHELEMY D AGENAIS,47350,158
ST BENOIT,04240,158
ST BENOIT DU SAULT,36170,158
ST BLIMONT,80960,158
ST CAPRAIS DE LERM,47270,158
ST CHARTIER,36400,158
ST CHRIST BRIOST,80200,158
ST CHRISTOPHE EN BAZELLE,36210,158
ST CHRISTOPHE EN BOUCHERIE,36400,158
ST CIVRAN,36170,158
ST COLOMB DE LAUZUN,47410,158
ST CYRAN DU JAMBOT,36700,158
ST DENIS DE JOUHET,36230,158
ST DIZIER L EVEQUE,90100,158
ST ETIENNE DE FOUGERES,47380,158
ST ETIENNE DE VILLEREAL,47210,158
ST ETIENNE LES ORGUES,04230,158
ST EUTROPE DE BORN,47210,158
ST FLORENTIN,36150,158
ST FRONT SUR LEMANCE,47500,158
ST FUSCIEN,80680,158
ST GAULTIER,36800,158
ST GENIEZ,04200,158
ST GENOU,36500,158
ST GEORGES SUR ARNON,36100,158
ST GERAUD,47120,158
ST GERMAIN LE CHATELET,90110,158
ST GERMAIN SUR BRESLE,80430,158
ST GRATIEN,80260,158
ST HILAIRE DE LUSIGNAN,47450,158
ST HILAIRE SUR BENAIZE,36370,158
ST JACQUES,04330,158
ST JEAN DE DURAS,47120,158
ST JEAN DE THURAC,47270,158
ST JEANNET,04270,158
ST JULIEN D ASSE,04270,158
ST JULIEN DU VERDON,04170,158
ST JURS,04410,158
ST LACTENCIN,36500,158
ST LAURENT DU VERDON,04500,158
ST LEGER LES AUTHIE,80560,158
ST LEGER LES DOMART,80780,158
ST LEGER SUR BRESLE,80140,158
ST LIONS,04330,158
ST MAIME,04300,158
ST MARTIN CURTON,47700,158
ST MARTIN DE BEAUVILLE,47270,158
ST MARTIN DE BROMES,04800,158
ST MARTIN DE VILLEREAL,47210,158
ST MARTIN LES EAUX,04300,158
ST MARTIN LES SEYNE,04140,158
ST MARTIN PETIT,47180,158
ST MAULVIS,80140,158
ST MAURICE DE LESTAPEL,47290,158
ST MAURIN,47270,158
ST MAXENT,80140,158
ST MICHEL EN BRENNE,36290,158
ST MICHEL L OBSERVATOIRE,04870,158
ST NICOLAS DE LA BALERME,47220,158
ST PARDOUX DU BREUIL,47200,158
ST PARDOUX ISAAC,47800,158
ST PASTOUR,47290,158
ST PAUL SUR UBAYE,04530,158
ST PE ST SIMON,47170,158
ST PIERRE DE BUZET,47160,158
ST PIERRE DE CLAIRAC,47270,158
ST PIERRE DE JARDS,36260,158
ST PIERRE SUR DROPT,47120,158
ST PLANTAIRE,36190,158
ST PONS,04400,158
ST QUENTIN DU DROPT,47330,158
ST QUENTIN EN TOURMONT,80120,158
ST QUENTIN LA MOTTE CROIX AU BAILLY,80880,158
ST RIQUIER,80135,158
ST ROMAIN LE NOBLE,47270,158
ST SALVY,47360,158
ST SARDOS,47360,158
ST SAUFLIEU,80160,158
ST SAUVEUR DE MEILHAN,47180,158
ST SYLVESTRE SUR LOT,47140,158
ST URCISSE,47270,158
ST VAAST EN CHAUSSEE,80310,158
ST VALENTIN,36100,158
ST VALERY SUR SOMME,80230,158
ST VINCENT DE LAMONTJOIE,47310,158
ST VINCENT SUR JABRON,04200,158
ST VITE,47500,158
STE BAZEILLE,47180,158
STE COLOMBE DE DURAS,47120,158
STE COLOMBE DE VILLENEUVE,47300,158
STE COLOMBE EN BRUILHOIS,47310,158
STE CROIX A LAUZE,04110,158
STE CROIX DU VERDON,04500,158
STE FAUSTE,36100,158
STE GEMME MARTAILLAC,47250,158
STE LIVRADE SUR LOT,47110,158
STE LIZAIGNE,36260,158
STE MAURE DE PEYRIAC,47170,158
STE SEGREE,80290,158
STE SEVERE SUR INDRE,36160,158
STE TULLE,04220,158
SUARCE,90100,158
SURCAMPS,80620,158
TALMAS,80260,158
TARTONNE,04330,158
TEMPLEUX LA FOSSE,80240,158
TEMPLEUX LE GUERARD,80240,158
TENDU,36200,158
TERRAMESNIL,80600,158
TERTRY,80200,158
THENAY,36800,158
THENNES,80110,158
THEVET ST JULIEN,36400,158
THEZE,04200,158
THEZY GLIMONT,80440,158
THIANCOURT,90100,158
THIEPVAL,80300,158
THIEULLOY L ABBAYE,80640,158
THIEULLOY LA VILLE,80290,158
THIZAY,36100,158
THOARD,04380,158
THOIX,80160,158
THORAME BASSE,04170,158
THORAME HAUTE,04170,158
THORY,80250,158
THOUARS SUR GARONNE,47230,158
TILLOLOY,80700,158
TILLOY FLORIVILLE,80220,158
TINCOURT BOUCLY,80240,158
TOEUFLES,80870,158
TOMBEBOEUF,47380,158
TONNEINS,47400,158
TOURLIAC,47210,158
TOURNON D AGENAIS,47370,158
TOURNON ST MARTIN,36220,158
TOURS EN VIMEU,80210,158
TOURTRES,47380,158
TOUTENCOURT,80560,158
TRANZAULT,36230,158
TREMONS,47140,158
TRENTELS,47140,158
TREUX,80300,158
TREVENANS,90400,158
TROIS RIVIERES,80500,158
TULLY,80130,158
TURRIERS,04250,158
UBAYE SERRE PONCON,04340,158
UBRAYE,04240,158
UGNY L EQUIPEE,80400,158
URCEREY,90800,158
URCIERS,36160,158
UVERNET FOURS,04400,158
VACHERES,04110,158
VAIRE SOUS CORBIE,80800,158
VAL D ORONAYE,04530,158
VAL DE CHALVAGNE,04320,158
VAL FOUZON,36210,158
VALAVOIRE,04250,158
VALBELLE,04200,158
VALDOIE,90300,158
VALENCAY,36600,158
VALENSOLE,04210,158
VALERNES,04200,158
VALINES,80210,158
VARES,47400,158
VATAN,36150,158
VAUCHELLES LES AUTHIE,80560,158
VAUCHELLES LES DOMART,80620,158
VAUCHELLES LES QUESNOY,80132,158
VAUMEILH,04200,158
VAUTHIERMONT,90150,158
VAUX EN AMIENOIS,80260,158
VAUX MARQUENNEVILLE,80140,158
VAUX SUR SOMME,80800,158
VECQUEMONT,80800,158
VELLES,36330,158
VELLESCOT,90100,158
VENDOEUVRES,36500,158
VERCOURT,80120,158
VERDACHES,04140,158
VERGIES,80270,158
VERGONS,04170,158
VERMANDOVILLERS,80320,158
VERNEUIL SUR IGNERAIE,36400,158
VERPILLIERES,80700,158
VERS SUR SELLE,80480,158
VERTEUIL D AGENAIS,47260,158
VESCEMONT,90200,158
VETRIGNE,90300,158
VEUIL,36600,158
VEZELOIS,90400,158
VIANNE,47230,158
VICQ EXEMPLET,36400,158
VICQ SUR NAHON,36600,158
VIGNACOURT,80650,158
VIGOULANT,36160,158
VIGOUX,36170,158
VIJON,36160,158
VILLARS COLMARS,04370,158
VILLARS LE SEC,90100,158
VILLE LE MARCLET,80420,158
VILLE SUR ANCRE,80300,158
VILLEBRAMAR,47380,158
VILLECOURT,80190,158
VILLEDIEU SUR INDRE,36320,158
VILLEFRANCHE DU QUEYRAN,47160,158
VILLEGONGIS,36110,158
VILLEGOUIN,36500,158
VILLEMUS,04110,158
VILLENEUVE DE DURAS,47120,158
VILLENEUVE SUR LOT,47300,158
VILLENTROIS FAVEROLLES EN BERRY,36360,158
VILLEREAL,47210,158
VILLERS AUX ERABLES,80110,158
VILLERS BRETONNEUX,80800,158
VILLERS CAMPSART,80140,158
VILLERS CARBONNEL,80200,158
VILLERS FAUCON,80240,158
VILLERS LES ROYE,80700,158
VILLERS SOUS AILLY,80690,158
VILLERS SUR AUTHIE,80120,158
VILLERS TOURNELLE,80500,158
VILLETON,47400,158
VILLIERS,36290,158
VINEUIL,36110,158
VIRAZEIL,47200,158
VIRONCHAUX,80150,158
VISMES,80140,158
VITZ SUR AUTHIE,80150,158
VOLONNE,04290,158
VOLX,04130,158
VOUILLON,36100,158
VOYENNES,80400,158
VRAIGNES EN VERMANDOIS,80240,158
VRAIGNES LES HORNOY,80640,158
VRELY,80170,158
VRON,80120,158
WARGNIES,80670,158
WARLOY BAILLON,80300,158
WARSY,80500,158
WARVILLERS,80170,158
WIENCOURT L EQUIPEE,80170,158
WIRY AU MONT,80270,158
WOIGNARUE,80460,158
WOINCOURT,80520,158
WOIREL,80140,158
XAINTRAILLES,47230,158
Y,80190,158
YONVAL,80132,158
YVRENCH,80150,158
YVRENCHEUX,80150,158
YZENGREMER,80520,158
YZEUX,80310,158
ABAINVILLE,55130,144
ABAUCOURT HAUTECOURT,55400,144
ABELCOURT,70300,144
ABONCOURT GESINCOURT,70500,144
ACHEY,70180,144
ACOUA,97630,144
ADAST,65260,144
ADELANS ET LE VAL DE BITHAINE,70200,144
ADERVIELLE POUCHERGUES,65240,144
ADILLY,79200,144
AFFIEUX,19260,144
AGNAT,43100,144
AGOS VIDALOS,65400,144
AHEVILLE,88500,144
AHUILLE,53940,144
AIFFRES,79230,144
AIGONDIGNE,79370,144
AIGUILHE,43000,144
AILLEVANS,70110,144
AILLEVILLERS ET LYAUMONT,70320,144
AILLONCOURT,70300,144
AINCREVILLE,55110,144
AINGEVILLE,88140,144
AINVELLE,70800,144
AIRVAULT,79600,144
AISEY ET RICHECOURT,70500,144
AIX,19200,144
ALBIGNAC,19190,144
ALBUSSAC,19380,144
ALEXAIN,53240,144
ALLARMONT,88110,144
ALLASSAC,19240,144
ALLEGRE,43270,144
ALLEYRAC,43150,144
ALLEYRAS,43580,144
ALLEYRAT,19200,144
ALLIER,65360,144
ALLOINAY,79110,144
ALTILLAC,19120,144
AMAGE,70280,144
AMAILLOUX,79350,144
AMANTY,55130,144
AMBACOURT,88500,144
AMBIEVILLERS,70210,144
AMBLANS ET VELOTTE,70200,144
AMBLY SUR MEUSE,55300,144
AMBRIERES LES VALLEES,53300,144
AMBRUGEAT,19250,144
AMEL SUR L ETANG,55230,144
AMEUVELLE,88410,144
AMONCOURT,70170,144
AMONT ET EFFRENEY,70310,144
AMURE,79210,144
ANCEMONT,55320,144
ANCERVILLE,55170,144
ANCHENONCOURT ET CHAZEL,70210,144
ANCIER,70100,144
ANCIZAN,65440,144
ANDELARRE,70000,144
ANDELARROT,70000,144
ANDERNAY,55800,144
ANDORNAY,70200,144
ANDOUILLE,53240,144
ANDREST,65390,144
ANERES,65150,144
ANGIREY,70700,144
ANGLEMONT,88700,144
ANGOS,65690,144
ANJEUX,70800,144
ANLA,65370,144
ANOULD,88650,144
ANSOST,65140,144
ANTICHAN,65370,144
ANTIN,65220,144
ANTIST,65200,144
AOUZE,88170,144
APREMONT LA FORET,55300,144
ARAGNOUET,65170,144
ARAULES,43200,144
ARBECEY,70120,144
ARBEOST,65560,144
ARC LES GRAY,70100,144
ARCAIS,79210,144
ARCHETTES,88380,144
ARCIZAC ADOUR,65360,144
ARCIZANS AVANT,65400,144
ARCIZANS DESSUS,65400,144
ARDENGOST,65240,144
ARDIN,79160,144
ARGELES BAGNERES,65200,144
ARGELES GAZOST,65400,144
ARGENTAT SUR DORDOGNE,19320,144
ARGENTONNAY,79150,144
ARGENTRE,53210,144
ARGILLIERES,70600,144
ARIES ESPENAN,65230,144
ARLEMPDES,43490,144
ARLET,43380,144
ARNAC POMPADOUR,19230,144
ARNE,65670,144
AROFFE,88170,144
ARON,53440,144
AROZ,70360,144
ARPENANS,70200,144
ARQUENAY,53170,144
ARRANCY SUR CRUSNES,55230,144
ARRAS EN LAVEDAN,65400,144
ARREAU,65240,144
ARRENS MARSOUS,65400,144
ARRENTES DE CORCIEUX,88430,144
ARRODETS,65130,144
ARSAC EN VELAY,43700,144
ARSANS,70100,144
ARTAGNAN,65500,144
ARTALENS SOUIN,65400,144
ARTIGUEMY,65130,144
ASNIERES EN POITOU,79170,144
ASPIN AURE,65240,144
ASQUE,65130,144
ASSAIS LES JUMEAUX,79600,144
ASSE LE BERENGER,53600,144
ASTAILLAC,19120,144
ASTE,65200,144
ASTILLE,53230,144
ASTUGUE,65200,144
ATHESANS ETROITEFONTAINE,70110,144
ATTIGNEVILLE,88300,144
ATTRICOURT,70100,144
AUBAREDE,65350,144
AUBAZAT,43380,144
AUBAZINES,19190,144
AUBREVILLE,55120,144
AUCUN,65400,144
AUGICOURT,70500,144
AULNOIS,88300,144
AULNOIS EN PERTHOIS,55170,144
AULX LES CROMARY,70190,144
AUREC SUR LOIRE,43110,144
AURIEBAT,65700,144
AUTET,70180,144
AUTHOISON,70190,144
AUTIGNY LA TOUR,88300,144
AUTOREILLE,70700,144
AUTRAC,43450,144
AUTRECOURT SUR AIRE,55120,144
AUTREVILLE ST LAMBERT,55700,144
AUTREY LE VAY,70110,144
AUTREY LES CERRE,70110,144
AUTREY LES GRAY,70100,144
AUVERS,43300,144
AUVET ET LA CHAPELOTTE,70100,144
AUZAINVILLIERS,88140,144
AUZON,43390,144
AVAILLES THOUARSAIS,79600,144
AVAJAN,65240,144
AVENTIGNAN,65660,144
AVERAN,65380,144
AVERTON,53700,144
AVEUX,65370,144
AVEZAC PRAT LAHITTE,65130,144
AVILLERS STE CROIX,55210,144
AVIOTH,55600,144
AVOCOURT,55270,144
AVRANVILLE,88630,144
AVRIGNEY VIREY,70150,144
AYDOILLES,88600,144
AYEN,19310,144
AYROS ARBOUIX,65400,144
AYZAC OST,65400,144
AZANNES ET SOUMAZANNES,55150,144
AZAY LE BRULE,79400,144
AZAY SUR THOUET,79130,144
AZEREIX,65380,144
AZET,65170,144
BAALON,55700,144
BADMENIL AUX BOIS,88330,144
BADONVILLIERS GERAUVILLIERS,55130,144
BAGNERES DE BIGORRE,65200,144
BAIGNES,70000,144
BAINS,43370,144
BAINVILLE AUX SAULES,88270,144
BALLEVILLE,88170,144
BALLOTS,53350,144
BAN DE LAVELINE,88520,144
BAN DE SAPT,88210,144
BAN SUR MEURTHE CLEFCY,88230,144
BANDRABOUA,97650,144
BANDRELE,97660,144
BANIOS,65200,144
BANNONCOURT,55300,144
BANTHEVILLE,55110,144
BAR,19800,144
BAR LE DUC,55000,144
BARBACHEN,65140,144
BARBAZAN DEBAT,65690,144
BARBAZAN DESSUS,65360,144
BARBEY SEROUX,88640,144
BARD LES PESMES,70140,144
BAREGES,65120,144
BAREILLES,65240,144
BARRANCOUEU,65240,144
BARRY,65380,144
BARTHE,65230,144
BAS EN BASSET,43210,144
BASSE SUR LE RUPT,88120,144
BASSIGNAC LE BAS,19430,144
BASSIGNAC LE HAUT,19220,144
BASSIGNEY,70800,144
BATSERE,65130,144
BATTEXEY,88130,144
BATTRANS,70100,144
BAUDONCOURT,70300,144
BAUDONVILLIERS,55170,144
BAUDREMONT,55260,144
BAUDRICOURT,88500,144
BAULAY,70160,144
BAULNY,55270,144
BAY,70150,144
BAYECOURT,88150,144
BAZEGNEY,88270,144
BAZEILLES SUR OTHAIN,55600,144
BAZET,65460,144
BAZIEN,88700,144
BAZILLAC,65140,144
BAZINCOURT SUR SAULX,55170,144
BAZOILLES ET MENIL,88500,144
BAZOILLES SUR MEUSE,88300,144
BAZORDAN,65670,144
BAZOUGERS,53170,144
BAZUS AURE,65170,144
BAZUS NESTE,65250,144
BEAUCENS,65400,144
BEAUCLAIR,55700,144
BEAUDEAN,65710,144
BEAUFORT EN ARGONNE,55700,144
BEAUFREMONT,88300,144
BEAUJEU ST VALLIER PIERREJUX QUITTEUR,70100,144
BEAULIEU EN ARGONNE,55250,144
BEAULIEU SOUS PARTHENAY,79420,144
BEAULIEU SUR DORDOGNE,19120,144
BEAULIEU SUR OUDON,53320,144
BEAUMENIL,88600,144
BEAUMONT EN VERDUNOIS,55100,144
BEAUMONT PIED DE BOEUF,53290,144
BEAUMOTTE AUBERTANS,70190,144
BEAUMOTTE LES PIN,70150,144
BEAUNE SUR ARZON,43500,144
BEAUSITE,55250,144
BEAUSSAIS VITRE,79370,144
BEAUVOIR SUR NIORT,79360,144
BEAUX,43200,144
BEAUZAC,43590,144
BECELEUF,79160,144
BEGNECOURT,88270,144
BEGOLE,65190,144
BEHONNE,55000,144
BELFAHY,70290,144
BELGEARD,53440,144
BELLECHASSAGNE,19290,144
BELLERAY,55100,144
BELLES FONTAINES,70110,144
BELLEVILLE SUR MEUSE,55430,144
BELLEVUE LA MONTAGNE,43350,144
BELMONT LES DARNEY,88260,144
BELMONT SUR BUTTANT,88600,144
BELMONT SUR VAIR,88800,144
BELONCHAMP,70270,144
BELRAIN,55260,144
BELRUPT,88260,144
BELRUPT EN VERDUNOIS,55100,144
BELVERNE,70400,144
BENAYES,19510,144
BENEY EN WOEVRE,55210,144
BENQUE MOLERE,65130,144
BERBEZIT,43160,144
BERNAC DEBAT,65360,144
BERNAC DESSUS,65360,144
BERNADETS DEBAT,65220,144
BERNADETS DESSUS,65190,144
BERTREN,65370,144
BERTRIMOUTIER,88520,144
BESNANS,70230,144
BESSAMOREL,43200,144
BESSINES,79000,144
BETAUCOURT,70500,144
BETBEZE,65230,144
BETHELAINVILLE,55100,144
BETHINCOURT,55270,144
BETONCOURT LES BROTTE,70300,144
BETONCOURT ST PANCRAS,70210,144
BETONCOURT SUR MANCE,70500,144
BETPOUEY,65120,144
BETPOUY,65230,144
BETTEGNEY ST BRICE,88450,144
BETTES,65130,144
BETTONCOURT,88500,144
BEUGNON THIREUIL,79130,144
BEULOTTE ST LAURENT,70310,144
BEUREY SUR SAULX,55000,144
BEVEUGE,70110,144
BEYNAT,19190,144
BEYREDE JUMET CAMOUS,65410,144
BEYSSAC,19230,144
BEYSSENAC,19230,144
BEZONVAUX,55100,144
BIECOURT,88170,144
BIENCOURT SUR ORGE,55290,144
BIERNE LES VILLAGES,53290,144
BIFFONTAINE,88430,144
BILHAC,19120,144
BILLY SOUS MANGIENNES,55230,144
BISLEE,55300,144
BIZOUS,65150,144
BLANDOUET ST JEAN,53270,144
BLANZAC,43350,144
BLANZEE,55400,144
BLASSAC,43380,144
BLAVOZY,43700,144
BLESLE,43450,144
BLEURVILLE,88410,144
BLEVAINCOURT,88320,144
BLONDEFONTAINE,70500,144
BOCQUEGNEY,88270,144
BOINVILLE EN WOEVRE,55400,144
BOIS DE CHAMP,88600,144
BOISME,79300,144
BONBOILLON,70150,144
BONCHAMP LES LAVAL,53960,144
BONCOURT SUR MEUSE,55200,144
BONNEFOND,19170,144
BONNEFONT,65220,144
BONNEMAZON,65130,144
BONNET,55130,144
BONNEVENT VELLOREILLE,70700,144
BONREPOS,65330,144
BONVILLET,88260,144
BONZEE,55160,144
BOO SILHEN,65400,144
BORDERES LOURON,65590,144
BORDERES SUR L ECHEZ,65320,144
BOREY,70110,144
BORT LES ORGUES,19110,144
BOUCHAMPS LES CRAON,53800,144
BOUCONVILLE SUR MADT,55300,144
BOUENI,97620,144
BOUERE,53290,144
BOUESSAY,53290,144
BOUGEY,70500,144
BOUGNON,70170,144
BOUGON,79800,144
BOUHANS ET FEURG,70100,144
BOUHANS LES LURE,70200,144
BOUHANS LES MONTBOZON,70230,144
BOUILH DEVANT,65140,144
BOUILH PEREUILH,65350,144
BOULAINCOURT,88500,144
BOULAY LES IFS,53370,144
BOULIGNEY,70800,144
BOULIGNY,55240,144
BOULIN,65350,144
BOULOT,70190,144
BOULT,70190,144
BOUQUEMONT,55300,144
BOURBEVELLE,70500,144
BOUREUILLES,55270,144
BOURG DE BIGORRE,65130,144
BOURGON,53410,144
BOURGUIGNON LES CONFLANS,70800,144
BOURGUIGNON LES LA CHARITE,70190,144
BOURGUIGNON LES MOREY,70120,144
BOURISP,65170,144
BOURNONCLE ST PIERRE,43360,144
BOURSIERES,70000,144
BOUSSAIS,79600,144
BOUSSERAUCOURT,70500,144
BOUXIERES AUX BOIS,88270,144
BOUXURULLES,88130,144
BOUZEMONT,88270,144
BOVEE SUR BARBOURE,55190,144
BOVIOLLES,55500,144
BRABANT EN ARGONNE,55120,144
BRABANT LE ROI,55800,144
BRABANT SUR MEUSE,55100,144
BRAINS SUR LES MARCHES,53350,144
BRAMEVAQUE,65370,144
BRANCEILLES,19500,144
BRANDEVILLE,55150,144
BRANTIGNY,88130,144
BRAQUIS,55400,144
BRAS SUR MEUSE,55100,144
BRAUVILLIERS,55170,144
BRECHAINVILLE,88350,144
BREE,53150,144
BREHEVILLE,55150,144
BRESILLEY,70140,144
BRESSUIRE,79300,144
BRETIGNOLLES,79140,144
BREUCHES,70300,144
BREUCHOTTE,70280,144
BREUREY LES FAVERNEY,70160,144
BREUX,55600,144
BREVILLIERS,70400,144
BRIEUIL SUR CHIZE,79170,144
BRIEULLES SUR MEUSE,55110,144
BRIGNAC LA PLAINE,19310,144
BRILLON EN BARROIS,55000,144
BRION PRES THOUET,79290,144
BRIOUDE,43100,144
BRIOUX SUR BOUTONNE,79170,144
BRIVE LA GAILLARDE,19100,144
BRIVES CHARENSAC,43700,144
BRIXEY AUX CHANOINES,55140,144
BRIZEAUX,55250,144
BROCOURT EN ARGONNE,55120,144
BROTTE LES LUXEUIL,70300,144
BROTTE LES RAY,70180,144
BROUENNES,55700,144
BROUSSEY EN BLOIS,55190,144
BROUSSEY RAULECOURT,55200,144
BROUVELIEURES,88600,144
BROYE AUBIGNEY MONTSEUGNY,70140,144
BROYE LES LOUPS ET VERFONTAINE,70100,144
BRU,88700,144
BRULAIN,79230,144
BRUSSEY,70150,144
BRUYERES,88600,144
BUCEY LES GY,70700,144
BUCEY LES TRAVES,70360,144
BUFFIGNECOURT,70500,144
BUGARD,65220,144
BUGEAT,19170,144
BULAN,65130,144
BULGNEVILLE,88140,144
BULT,88700,144
BUN,65400,144
BURE,55290,144
BUREY EN VAUX,55140,144
BUREY LA COTE,55140,144
BURG,65190,144
BUSSANG,88540,144
BUTHIERS,70190,144
BUXIERES SOUS LES COTES,55300,144
BUZON,65140,144
BUZY DARMONT,55400,144
CABANAC,65350,144
CADEAC,65240,144
CADEILHAN TRACHERE,65170,144
CAHARET,65190,144
CAIXON,65500,144
CALAVANTE,65190,144
CALMOUTIER,70240,144
CAMALES,65500,144
CAMPAN,65710,144
CAMPARAN,65170,144
CAMPISTROUS,65300,144
CAMPS ST MATHURIN LEOBAZEL,19430,144
CAMPUZAN,65230,144
CANTAOUS,65150,144
CAPVERN,65130,144
CARELLES,53120,144
CASTELBAJAC,65330,144
CASTELNAU MAGNOAC,65230,144
CASTELNAU RIVIERE BASSE,65700,144
CASTELVIEILH,65350,144
CASTERA LANUSSE,65190,144
CASTERA LOU,65350,144
CASTERETS,65230,144
CAUSSADE RIVIERE,65700,144
CAUTERETS,65110,144
CAYRES,43510,144
CAZARILH,65370,144
CAZAUX DEBAT,65590,144
CAZAUX FRECHET ANERAN CAMORS,65240,144
CEAUX D ALLEGRE,43270,144
CELLES SUR BELLE,79370,144
CELLES SUR PLAINE,88110,144
CEMBOING,70500,144
CENANS,70230,144
CENDRECOURT,70500,144
CERIZAY,79140,144
CERRE LES NOROY,70000,144
CERTILLEUX,88300,144
CERZAT,43380,144
CESSE,55700,144
CEYSSAC,43000,144
CHABRIGNAC,19350,144
CHADRAC,43770,144
CHADRON,43150,144
CHAGEY,70400,144
CHAILLAND,53420,144
CHAILLON,55210,144
CHALAINES,55140,144
CHALONS DU MAINE,53470,144
CHALONVILLARS,70400,144
CHAMAGNE,88130,144
CHAMALIERES SUR LOIRE,43800,144
CHAMBERET,19370,144
CHAMBEZON,43410,144
CHAMBORNAY LES BELLEVAUX,70190,144
CHAMBORNAY LES PIN,70150,144
CHAMBOULIVE,19450,144
CHAMEYRAT,19330,144
CHAMP LE DUC,88600,144
CHAMPAGNAC LA NOAILLE,19320,144
CHAMPAGNAC LA PRUNE,19320,144
CHAMPAGNAC LE VIEUX,43440,144
CHAMPCLAUSE,43260,144
CHAMPDENIERS,79220,144
CHAMPDRAY,88640,144
CHAMPEON,53640,144
CHAMPEY,70400,144
CHAMPFREMONT,53370,144
CHAMPGENETEUX,53160,144
CHAMPLITTE,70600,144
CHAMPNEUVILLE,55100,144
CHAMPOUGNY,55140,144
CHAMPTONNAY,70100,144
CHANAC LES MINES,19150,144
CHANALEILLES,43170,144
CHANCEY,70140,144
CHANGE,53810,144
CHANIAT,43100,144
CHANTEIX,19330,144
CHANTERAINE,55500,144
CHANTES,70360,144
CHANTEUGES,43300,144
CHANTRAINE,88000,144
CHANTRIGNE,53300,144
CHAPELLE SPINASSE,19300,144
CHARCENNE,70700,144
CHARCHIGNE,53250,144
CHARDOGNE,55000,144
CHARGEY LES GRAY,70100,144
CHARGEY LES PORT,70170,144
CHARIEZ,70000,144
CHARMES ST VALBERT,70120,144
CHARMOIS DEVANT BRUYERES,88460,144
CHARMOIS L ORGUEILLEUX,88270,144
CHARNY SUR MEUSE,55100,144
CHARPENTRY,55270,144
CHARRAIX,43300,144
CHARTRIER FERRIERE,19600,144
CHASPINHAC,43700,144
CHASPUZAC,43320,144
CHASSAGNES,43230,144
CHASSEY BEAUPRE,55130,144
CHASSEY LES MONTBOZON,70230,144
CHASSEY LES SCEY,70360,144
CHASTEAUX,19600,144
CHASTEL,43300,144
CHATAS,88210,144
CHATEAU GONTIER SUR MAYENNE,53200,144
CHATEL SUR MOSELLE,88330,144
CHATELAIN,53200,144
CHATENEY,70240,144
CHATILLON SOUS LES COTES,55400,144
CHATILLON SUR COLMONT,53100,144
CHATILLON SUR SAONE,88410,144
CHATILLON SUR THOUET,79200,144
CHATTANCOURT,55100,144
CHAUDEYROLLES,43430,144
CHAUFFECOURT,88500,144
CHAUFFOUR SUR VELL,19500,144
CHAUMEIL,19390,144
CHAUMERCENNE,70140,144
CHAUMONT DEVANT DAMVILLERS,55150,144
CHAUMONT SUR AIRE,55260,144
CHAUMOUSEY,88390,144
CHAURAY,79180,144
CHAUVENCY LE CHATEAU,55600,144
CHAUVENCY ST HUBERT,55600,144
CHAUVIREY LE CHATEL,70500,144
CHAUVIREY LE VIEIL,70500,144
CHAUVONCOURT,55300,144
CHAUX LA LOTIERE,70190,144
CHAUX LES PORT,70170,144
CHAVANAC,19290,144
CHAVANIAC LAFAYETTE,43230,144
CHAVANNE,70400,144
CHAVELOT,88150,144
CHAVEROCHE,19200,144
CHEF BOUTONNE,79110,144
CHEF HAUT,88500,144
CHELLE DEBAT,65350,144
CHELLE SPOU,65130,144
CHEMAZE,53200,144
CHEMERE LE ROI,53340,144
CHENAILLER MASCHEIX,19120,144
CHENEBIER,70400,144
CHENEVREY ET MOROGNE,70150,144
CHENIMENIL,88460,144
CHEPPY,55270,144
CHERANCE,53400,144
CHERIGNE,79170,144
CHERMISEY,88630,144
CHERVEUX,79410,144
CHEVAIGNE DU MAINE,53250,144
CHEVIGNEY,70140,144
CHEY,79120,144
CHEZE,65120,144
CHICHE,79350,144
CHICONI,97670,144
CHILHAC,43380,144
CHIRAC BELLEVUE,19160,144
CHIRONGUI,97620,144
CHIS,65800,144
CHIZE,79170,144
CHOMELIX,43500,144
CHONVILLE MALAUMONT,55200,144
CIERGES SOUS MONTFAUCON,55270,144
CIEUTAT,65200,144
CINTREY,70120,144
CIRCOURT,88270,144
CIRCOURT SUR MOUZON,88300,144
CIREY,70190,144
CIRIERES,79140,144
CISTRIERES,43160,144
CITERS,70300,144
CITEY,70700,144
CIZOS,65230,144
CLAIREGOUTTE,70200,144
CLARENS,65300,144
CLAUDON,88410,144
CLAVE,79420,144
CLEREY LA COTE,88630,144
CLERGOUX,19320,144
CLERMONT EN ARGONNE,55120,144
CLERY LE GRAND,55110,144
CLERY LE PETIT,55110,144
CLEURIE,88120,144
CLEZENTAINE,88700,144
CLUSSAIS LA POMMERAIE,79190,144
COGNIERES,70230,144
COHADE,43100,144
COINCHES,88100,144
COISEVAUX,70400,144
COLLAT,43230,144
COLLONGES LA ROUGE,19500,144
COLOMBE LES VESOUL,70000,144
COLOMBIERS DU PLESSIS,53120,144
COLOMBINE,70700,144
COLOMBOTTE,70240,144
COMBEAUFONTAINE,70120,144
COMBERJON,70000,144
COMBLES EN BARROIS,55000,144
COMBRAND,79140,144
COMBRES SOUS LES COTES,55160,144
COMBRESSOL,19250,144
COMBRIMONT,88490,144
COMMER,53470,144
COMMERCY,55200,144
CONCEZE,19350,144
CONDAT SUR GANAVEIX,19140,144
CONFLANDEY,70170,144
CONFLANS SUR LANTERNE,70800,144
CONFOLENT PORT DIEU,19200,144
CONFRACOURT,70120,144
CONGRIER,53800,144
CONNANGLES,43160,144
CONSENVOYE,55110,144
CONTEST,53100,144
CONTREGLISE,70160,144
CONTREXEVILLE,88140,144
CONTRISSON,55800,144
CORBENAY,70320,144
CORCIEUX,88430,144
CORDONNET,70190,144
CORNIL,19150,144
CORNIMONT,88310,144
CORNOT,70120,144
CORRAVILLERS,70310,144
CORRE,70500,144
CORREZE,19800,144
COSMES,53230,144
COSNAC,19360,144
COSSE EN CHAMPAGNE,53340,144
COSSE LE VIVIEN,53230,144
COSTAROS,43490,144
COUBON,43700,144
COUESMES VAUCE,53300,144
COUFFY SUR SARSONNE,19340,144
COULEVON,70000,144
COULON,79510,144
COULONGES SUR L AUTIZE,79160,144
COULONGES THOUARSAIS,79330,144
COUPTRAIN,53250,144
COURBEVEILLE,53230,144
COURCELLES EN BARROIS,55260,144
COURCELLES SOUS CHATENOIS,88170,144
COURCELLES SUR AIRE,55260,144
COURCITE,53700,144
COURCUIRE,70150,144
COURLAY,79440,144
COUROUVRE,55260,144
COURTEIX,19340,144
COURTESOULT ET GATEY,70600,144
COUSANCES LES FORGES,55170,144
COUSANCES LES TRICONVILLE,55500,144
COUSSAN,65350,144
COUSSEY,88630,144
COUTEUGES,43230,144
COUTHENANS,70400,144
COUTURE D ARGENSON,79110,144
COUVERTPUIS,55290,144
COUVONGES,55800,144
CRAINVILLIERS,88140,144
CRAON,53400,144
CRAPONNE SUR ARZON,43500,144
CRECHETS,65370,144
CRENNES SUR FRAUBEE,53700,144
CRESANCEY,70100,144
CREVANS ET LA CHAPELLE LES GRANGES,70400,144
CREVENEY,70240,144
CROMARY,70190,144
CRONCE,43300,144
CUBELLES,43170,144
CUBLAC,19520,144
CUBRY LES FAVERNEY,70160,144
CUGNEY,70700,144
CUILLE,53540,144
CUISY,55270,144
CULEY,55000,144
CULT,70150,144
CUMIERES LE MORT HOMME,55100,144
CUNEL,55110,144
CUREMONTE,19500,144
CUSSAC SUR LOIRE,43370,144
CUVE,70800,144
DAGONVILLE,55500,144
DAINVILLE BERTHELEVILLE,55130,144
DAMAS AUX BOIS,88330,144
DAMAS ET BETTEGNEY,88270,144
DAMBENOIT LES COLOMBE,70200,144
DAMBLAIN,88320,144
DAMLOUP,55400,144
DAMMARIE SUR SAULX,55500,144
DAMPIERRE LES CONFLANS,70800,144
DAMPIERRE SUR LINOTTE,70230,144
DAMPIERRE SUR SALON,70180,144
DAMPNIAT,19360,144
DAMPVALLEY LES COLOMBE,70000,144
DAMPVALLEY ST PANCRAS,70210,144
DAMVILLERS,55150,144
DANNEVOUX,55110,144
DAON,53200,144
DARAZAC,19220,144
DARNETS,19300,144
DARNEY,88260,144
DARNEY AUX CHENES,88170,144
DARNIEULLES,88390,144
DAVIGNAC,19250,144
DEINVILLERS,88700,144
DELAIN,70180,144
DELOUZE ROSIERES,55130,144
DELUT,55150,144
DEMANGE BAUDIGNECOURT,55130,144
DEMANGEVELLE,70210,144
DEMBENI,97660,144
DENAZE,53400,144
DENEVRE,70180,144
DENIPAIRE,88210,144
DERBAMONT,88270,144
DESGES,43300,144
DESTORD,88600,144
DEVEZE,65230,144
DEYCIMONT,88600,144
DEYVILLERS,88000,144
DIEPPE SOUS DOUAUMONT,55400,144
DIEUE SUR MEUSE,55320,144
DIGNONVILLE,88000,144
DINOZE,88000,144
DOCELLES,88460,144
DOGNEVILLE,88000,144
DOLAINCOURT,88170,144
DOMBASLE DEVANT DARNEY,88260,144
DOMBASLE EN ARGONNE,55120,144
DOMBASLE EN XAINTOIS,88500,144
DOMBRAS,55150,144
DOMBROT LE SEC,88140,144
DOMBROT SUR VAIR,88170,144
DOMEVRE SOUS MONTFORT,88500,144
DOMEVRE SUR AVIERE,88390,144
DOMEVRE SUR DURBION,88330,144
DOMEYRAT,43230,144
DOMFAING,88600,144
DOMJULIEN,88800,144
DOMMARTIN AUX BOIS,88390,144
DOMMARTIN LA MONTAGNE,55160,144
DOMMARTIN LES REMIREMONT,88200,144
DOMMARTIN LES VALLOIS,88260,144
DOMMARTIN SUR VRAINE,88170,144
DOMMARY BARONCOURT,55240,144
DOMPAIRE,88270,144
DOMPCEVRIN,55300,144
DOMPIERRE AUX BOIS,55300,144
DOMPTAIL,88700,144
DOMREMY LA CANNE,55240,144
DOMREMY LA PUCELLE,88630,144
DOMVALLIER,88500,144
DONCIERES,88700,144
DONCOURT AUX TEMPLIERS,55160,144
DONZENAC,19270,144
DOUAUMONT VAUX,55100,144
DOULCON,55110,144
DOUNOUX,88220,144
DOURS,65350,144
DUGNY SUR MEUSE,55100,144
DUN SUR MEUSE,55110,144
DUNIERES,43220,144
DUZEY,55230,144
DZAOUDZI,97615,144
ECHAVANNE,70400,144
ECHENANS SOUS MONT VAUDOIS,70400,144
ECHENOZ LA MELINE,70000,144
ECHENOZ LE SEC,70000,144
ECHIRE,79410,144
ECOUVIEZ,55600,144
ECROMAGNY,70270,144
ECUELLE,70600,144
ECUREY EN VERDUNOIS,55150,144
EGLETONS,19300,144
EHUNS,70300,144
EIX,55400,144
ELOYES,88510,144
ENS,65170,144
ENSIGNE,79170,144
ENTRAMMES,53260,144
ENTRE DEUX EAUX,88650,144
EPANNES,79270,144
EPIEZ SUR MEUSE,55140,144
EPINAL,88000,144
EPINONVILLE,55270,144
EQUEVILLEY,70160,144
ERIZE LA BRULEE,55260,144
ERIZE LA PETITE,55260,144
ERIZE ST DIZIER,55000,144
ERNEE,53500,144
ERNEVILLE AUX BOIS,55500,144
ERREVET,70400,144
ESBAREICH,65370,144
ESBOZ BREST,70300,144
ESCALA,65250,144
ESCAUNETS,65500,144
ESCLES,88260,144
ESCONDEAUX,65140,144
ESCONNETS,65130,144
ESCOTS,65130,144
ESLEY,88260,144
ESMOULIERES,70310,144
ESMOULINS,70100,144
ESNES EN ARGONNE,55100,144
ESPAGNAC,19150,144
ESPALEM,43450,144
ESPALY ST MARCEL,43000,144
ESPARROS,65130,144
ESPARTIGNAC,19140,144
ESPECHE,65130,144
ESPIEILH,65130,144
ESPLANTAS VAZEILLES,43170,144
ESPRELS,70110,144
ESQUIEZE SERE,65120,144
ESSEGNEY,88130,144
ESSERTENNE ET CECEY,70100,144
ESTAMPURES,65220,144
ESTARVIELLE,65240,144
ESTENSAN,65170,144
ESTERRE,65120,144
ESTIRAC,65700,144
ESTIVALS,19600,144
ESTIVAUX,19410,144
ESTRENNES,88500,144
ETAIN,55400,144
ETIVAL CLAIREFONTAINE,88480,144
ETOBON,70400,144
ETON,55240,144
ETRAYE,55150,144
ETRELLES ET LA MONTBLEUSE,70700,144
ETUZ,70150,144
EUVILLE,55200,144
EVAUX ET MENIL,88450,144
EVRES,55250,144
EVRON,53150,144
EXIREUIL,79400,144
EXOUDUN,79800,144
EYBURIE,19140,144
EYGURANDE,19340,144
EYREIN,19800,144
FAHY LES AUTREY,70100,144
FAINS VEEL,55000,144
FALLON,70110,144
FAUCOGNEY ET LA MER,70310,144
FAUCOMPIERRE,88460,144
FAUCONCOURT,88700,144
FAVARS,19330,144
FAVERNEY,70160,144
FAY SUR LIGNON,43430,144
FAYE L ABBESSE,79350,144
FAYE SUR ARDIN,79160,144
FAYMONT,70200,144
FEDRY,70120,144
FENERY,79450,144
FERDRUPT,88360,144
FERRERE,65370,144
FERRIERES LES RAY,70130,144
FERRIERES LES SCEY,70360,144
FERRUSSAC,43300,144
FEYT,19340,144
FIGNEVELLE,88410,144
FILAIN,70230,144
FIMENIL,88600,144
FIX ST GENEYS,43320,144
FLAGY,70000,144
FLASSIGNY,55600,144
FLEUREY LES FAVERNEY,70160,144
FLEUREY LES LAVONCOURT,70120,144
FLEUREY LES ST LOUP,70800,144
FLEURY DEVANT DOUAUMONT,55100,144
FLOREMONT,88130,144
FOAMEIX ORNEL,55400,144
FOMEREY,88390,144
FOMPERRON,79340,144
FONDREMAND,70190,144
FONTAINE COUVERTE,53350,144
FONTAINE LES LUXEUIL,70800,144
FONTAINES ST CLAIR,55110,144
FONTANNES,43100,144
FONTENILLE ST MARTIN D ENTRAIGUES,79110,144
FONTENOIS LA VILLE,70210,144
FONTENOIS LES MONTBOZON,70230,144
FONTENOY LE CHATEAU,88240,144
FONTIVILLIE,79110,144
FONTRAILLES,65220,144
FORCE,53260,144
FORGES SUR MEUSE,55110,144
FORS,79230,144
FOUCAUCOURT SUR THABAS,55250,144
FOUCHECOURT,70160,144
FOUCHERES AUX BOIS,55500,144
FOUGEROLLES DU PLESSIS,53190,144
FOUGEROLLES ST VALBERT,70220,144
FOUVENT ST ANDOCHE,70600,144
FRAHIER ET CHATEBIER,70400,144
FRAIN,88320,144
FRAIZE,88230,144
FRAMONT,70600,144
FRANCALMONT,70800,144
FRANCHEVELLE,70200,144
FRANCOIS,79260,144
FRANCOURT,70180,144
FRAPELLE,88490,144
FRASNE LE CHATEAU,70700,144
FREBECOURT,88630,144
FRECHEDE,65220,144
FRECHENDETS,65130,144
FRECHET AURE,65240,144
FRECHOU FRECHET,65190,144
FREDERIC FONTAINE,70200,144
FREMEREVILLE SOUS LES COTES,55200,144
FREMIFONTAINE,88600,144
FRENELLE LA GRANDE,88500,144
FRENELLE LA PETITE,88500,144
FRESNE ST MAMES,70130,144
FRESNES AU MONT,55260,144
FRESNES EN WOEVRE,55160,144
FRESSE,70270,144
FRESSE SUR MOSELLE,88160,144
FRESSINES,79370,144
FRETIGNEY ET VELLOREILLE,70130,144
FREVILLE,88350,144
FREYCENET LA CUCHE,43150,144
FREYCENET LA TOUR,43150,144
FRIZON,88440,144
FROIDECONCHE,70300,144
FROIDETERRE,70200,144
FROIDOS,55120,144
FROMEREVILLE LES VALLONS,55100,144
FROMEZEY,55400,144
FRONTENAY ROHAN ROHAN,79270,144
FROTEY LES LURE,70200,144
FROTEY LES VESOUL,70000,144
FRUGERES LES MINES,43250,144
FRUGIERES LE PIN,43230,144
FUTEAU,55120,144
GAILLAGOS,65400,144
GALAN,65330,144
GALEZ,65330,144
GARDERES,65320,144
GASTINES,53540,144
GAUDENT,65370,144
GAUSSAN,65670,144
GAVARNIE GEDRE,65120,144
GAYAN,65320,144
GAZAVE,65250,144
GELVECOURT ET ADOMPT,88270,144
GEMAINGOUTTE,88520,144
GEMBRIE,65370,144
GEMMELAINCOURT,88170,144
GENDREVILLE,88140,144
GENEREST,65150,144
GENEVREUILLE,70240,144
GENEVREY,70240,144
GENICOURT SUR MEUSE,55320,144
GENNES LONGUEFUYE,53200,144
GENNETON,79150,144
GERARDMER,88400,144
GERBAMONT,88120,144
GERBEPAL,88430,144
GERCOURT ET DRILLANCOURT,55110,144
GERDE,65200,144
GERM,65240,144
GERMOND ROUVRE,79220,144
GERMS SUR L OUSSOUET,65200,144
GERY,55000,144
GESNES,53150,144
GESNES EN ARGONNE,55110,144
GESVRES,53370,144
GEVIGNEY ET MERCEY,70500,144
GEVILLE,55200,144
GEZ,65400,144
GEZIER ET FONTENELAY,70700,144
GIGNEVILLE,88320,144
GIGNEY,88390,144
GIMECOURT,55260,144
GIMEL LES CASCADES,19800,144
GINCREY,55400,144
GIRANCOURT,88390,144
GIRAUVOISIN,55200,144
GIRCOURT LES VIEVILLE,88500,144
GIRECOURT SUR DURBION,88600,144
GIREFONTAINE,70210,144
GIRMONT VAL D AJOL,88340,144
GIRONCOURT SUR VRAINE,88170,144
GIVRAUVAL,55500,144
GLENAY,79330,144
GODONCOURT,88410,144
GOLBEY,88190,144
GONDRECOURT LE CHATEAU,55130,144
GONEZ,65350,144
GORHEY,88270,144
GORRON,53120,144
GOUAUX,65240,144
GOUDET,43150,144
GOUDON,65190,144
GOUHENANS,70110,144
GOULLES,19430,144
GOURAINCOURT,55230,144
GOURDON MURAT,19170,144
GOURGE,79200,144
GOURGEON,70120,144
GOURGUE,65130,144
GOUSSAINCOURT,55140,144
GRAILHEN,65170,144
GRAMMONT,70110,144
GRAND,88350,144
GRANDECOURT,70120,144
GRANDRUPT,88210,144
GRANDRUPT DE BAINS,88240,144
GRANDSAIGNE,19300,144
GRANDVELLE ET LE PERRENOT,70190,144
GRANDVILLERS,88600,144
GRANGES AUMONTZEY,88640,144
GRANGES LA VILLE,70400,144
GRANGES LE BOURG,70400,144
GRANZAY GRIPT,79360,144
GRATTERY,70170,144
GRAY,70100,144
GRAY LA VILLE,70100,144
GRAZAY,53440,144
GREMILLY,55150,144
GRENIER MONTGON,43450,144
GREUX,88630,144
GREZ EN BOUERE,53290,144
GREZES,43170,144
GREZIAN,65240,144
GRIGNONCOURT,88410,144
GRIMAUCOURT EN WOEVRE,55400,144
GRIMAUCOURT PRES SAMPIGNY,55500,144
GROS CHASTANG,19320,144
GRUEY LES SURANCE,88240,144
GRUST,65120,144
GUCHAN,65170,144
GUCHEN,65240,144
GUERPONT,55000,144
GUGNECOURT,88600,144
GUGNEY AUX AULX,88450,144
GUIZERIX,65230,144
GUMOND,19320,144
GUSSAINVILLE,55400,144
GY,70700,144
HACHAN,65230,144
HADIGNY LES VERRIERES,88330,144
HADOL,88220,144
HAGECOURT,88270,144
HAGEDET,65700,144
HAGNEVILLE ET RONCOURT,88300,144
HAILLAINVILLE,88330,144
HAIRONVILLE,55000,144
HALLES SOUS LES COTES,55700,144
HAMBERS,53160,144
HAN LES JUVIGNY,55600,144
HAN SUR MEUSE,55300,144
HANNONVILLE SOUS LES COTES,55210,144
HARCHECHAMP,88300,144
HARDANCOURT,88700,144
HARDANGES,53640,144
HAREVILLE,88800,144
HARMONVILLE,88300,144
HAROL,88270,144
HARVILLE,55160,144
HAUBAN,65200,144
HAUDAINVILLE,55100,144
HAUDIOMONT,55160,144
HAUMONT PRES SAMOGNEUX,55100,144
HAUT DU THEM CHATEAU LAMBERT,70440,144
HAUTAGET,65150,144
HAUTEFAGE,19400,144
HAUTEVELLE,70800,144
HECHES,65250,144
HEIPPES,55220,144
HENNECOURT,88270,144
HENNEMONT,55160,144
HENNEZEL,88260,144
HERBEUVILLE,55210,144
HERCE,53120,144
HERES,65700,144
HERGUGNEY,88130,144
HERMEVILLE EN WOEVRE,55400,144
HERPELMONT,88600,144
HEUDICOURT SOUS LES COTES,55210,144
HEVILLIERS,55290,144
HIBARETTE,65380,144
HIIS,65200,144
HITTE,65190,144
HORGUES,65310,144
HORVILLE EN ORNOIS,55130,144
HOUDELAINCOURT,55130,144
HOUECOURT,88170,144
HOUEVILLE,88300,144
HOUEYDETS,65330,144
HOURC,65350,144
HOUSSERAS,88700,144
HUGIER,70150,144
HURBACHE,88210,144
HURECOURT,70210,144
HYET,70190,144
HYMONT,88500,144
IBOS,65420,144
IGNY,70700,144
ILHET,65410,144
ILHEU,65370,144
INOR,55700,144
IPPECOURT,55220,144
IRAIS,79600,144
IRE LE SEC,55600,144
ISCHES,88320,144
IZAOURT,65370,144
IZAUX,65250,144
IZE,53160,144
JACQUE,65350,144
JAINVILLOTTE,88300,144
JAMETZ,55600,144
JARMENIL,88550,144
JASNEY,70800,144
JAVAUGUES,43100,144
JAVRON LES CHAPELLES,53250,144
JAX,43230,144
JEANMENIL,88700,144
JESONVILLE,88260,144
JEUXEY,88000,144
JEZEAU,65240,144
JONVELLE,70500,144
JONVILLE EN WOEVRE,55160,144
JORXEY,88500,144
JOSAT,43230,144
JOUY EN ARGONNE,55120,144
JUBAINVILLE,88630,144
JUBLAINS,53160,144
JUGEALS NAZARETH,19500,144
JUILLAC,19350,144
JUILLAN,65290,144
JULLIANGES,43500,144
JULVECOURT,55120,144
JUSCORPS,79230,144
JUSSARUPT,88640,144
JUSSEY,70500,144
JUVAINCOURT,88500,144
JUVIGNE,53380,144
JUVIGNY EN PERTHOIS,55170,144
JUVIGNY SUR LOISON,55600,144
KANI KELI,97625,144
KOEUR LA GRANDE,55300,144
KOEUR LA PETITE,55300,144
KOUNGOU,97600,144
L ABSIE,79240,144
L EGLISE AUX BOIS,19170,144
L HUISSERIE,53970,144
L ISLE EN RIGAULT,55000,144
LA BACONNIERE,53240,144
LA BAFFE,88460,144
LA BARTHE DE NESTE,65250,144
LA BASSE VAIVRE,70210,144
LA BAZOGE MONTPINCON,53440,144
LA BAZOUGE DE CHEMERE,53170,144
LA BAZOUGE DES ALLEUX,53470,144
LA BESSEYRE ST MARY,43170,144
LA BIGOTTIERE,53240,144
LA BOISSIERE EN GATINE,79310,144
LA BOURGONCE,88470,144
LA BRESSE,88250,144
LA BRULATTE,53410,144
LA BRUYERE,70280,144
LA CHAISE DIEU,43160,144
LA CHAPELLE ANTHENAISE,53950,144
LA CHAPELLE AU RIBOUL,53440,144
LA CHAPELLE AUX BOIS,88240,144
LA CHAPELLE AUX BROCS,19360,144
LA CHAPELLE AUX SAINTS,19120,144
LA CHAPELLE BATON,79220,144
LA CHAPELLE BERTIN,43270,144
LA CHAPELLE BERTRAND,79200,144
LA CHAPELLE CRAONNAISE,53230,144
LA CHAPELLE D AUREC,43120,144
LA CHAPELLE DEVANT BRUYERES,88600,144
LA CHAPELLE GENESTE,43160,144
LA CHAPELLE LES LUXEUIL,70300,144
LA CHAPELLE POUILLOUX,79190,144
LA CHAPELLE RAINSOUIN,53150,144
LA CHAPELLE ST GERAUD,19430,144
LA CHAPELLE ST LAURENT,79430,144
LA CHAPELLE ST QUILLAIN,70700,144
LA CHOMETTE,43230,144
LA CORBIERE,70300,144
LA COTE,70200,144
LA CRECHE,79260,144
LA CREUSE,70240,144
LA CROIX AUX MINES,88520,144
LA CROIXILLE,53380,144
LA CROPTE,53170,144
LA DEMIE,70000,144
LA DOREE,53190,144
LA FERRIERE EN PARTHENAY,79390,144
LA FORET SUR SEVRE,79380,144
LA FORGE,88530,144
LA FOYE MONJAULT,79360,144
LA GRANDE FOSSE,88490,144
LA GRANDE RESIE,70140,144
LA GRAVELLE,53410,144
LA HAIE TRAVERSAINE,53300,144
LA HOUSSIERE,88430,144
LA LANTERNE ET LES ARMONTS,70270,144
LA LONGINE,70310,144
LA MALACHERE,70190,144
LA MOTHE ST HERAY,79800,144
LA NEUVELLE LES LURE,70200,144
LA NEUVELLE LES SCEY,70360,144
LA NEUVEVILLE DEVANT LEPANGES,88600,144
LA NEUVEVILLE SOUS CHATENOIS,88170,144
LA NEUVEVILLE SOUS MONTFORT,88800,144
LA PALLU,53140,144
LA PETITE BOISSIERE,79700,144
LA PETITE FOSSE,88490,144
LA PETITE RAON,88210,144
LA PEYRATTE,79200,144
LA PISSEURE,70800,144
LA PROISELIERE ET LANGLE,70310,144
LA QUARTE,70120,144
LA RESIE ST MARTIN,70140,144
LA ROCHE CANILLAC,19320,144
LA ROCHE MOREY,70120,144
LA ROCHE NEUVILLE,53200,144
LA ROCHENARD,79270,144
LA ROE,53350,144
LA ROMAINE,70130,144
LA ROSIERE,70310,144
LA ROUAUDIERE,53390,144
LA SEAUVE SUR SEMENE,43140,144
LA SELLE CRAONNAISE,53800,144
LA VACHERESSE ET LA ROUILLIE,88140,144
LA VAIVRE,70320,144
LA VERGENNE,70200,144
LA VERNOTTE,70130,144
LA VILLEDIEU EN FONTENETTE,70160,144
LA VILLENEUVE BELLENOYE LA MAIZE,70240,144
LA VOGE LES BAINS,88240,144
LA VOIVRE,70310,144
LABASSERE,65200,144
LABASTIDE,65130,144
LABATUT RIVIERE,65700,144
LABEUVILLE,55160,144
LABORDE,65130,144
LACASSAGNE,65140,144
LACELLE,19170,144
LACHALADE,55120,144
LACHAUSSEE,55210,144
LACROIX SUR MEUSE,55300,144
LADIGNAC SUR RONDELLES,19150,144
LAFAGE SUR SOMBRE,19320,144
LAFITOLE,65700,144
LAGARDE MARC LA TOUR,19150,144
LAGEON,79200,144
LAGLEYGEOLLE,19500,144
LAGRAULIERE,19700,144
LAGUENNE SUR AVALOUZE,19150,144
LAHAYMEIX,55260,144
LAHAYVILLE,55300,144
LAHEYCOURT,55800,144
LAHITTE TOUPIERE,65700,144
LAIMONT,55800,144
LALANNE TRIE,65220,144
LALOUBERE,65310,144
LAMARCHE,88320,144
LAMARQUE PONTACQ,65380,144
LAMARQUE RUSTAING,65220,144
LAMAZIERE BASSE,19160,144
LAMAZIERE HAUTE,19340,144
LAMBREY,70500,144
LAMEAC,65140,144
LAMONGERIE,19510,144
LAMORVILLE,55300,144
LAMOUILLY,55700,144
LANDAVILLE,88300,144
LANDIVY,53190,144
LANDOS,43340,144
LANDRECOURT LEMPIRE,55100,144
LANESPEDE,65190,144
LANEUVILLE AU RUPT,55190,144
LANEUVILLE SUR MEUSE,55700,144
LANGEAC,43300,144
LANGLEY,88130,144
LANHERES,55400,144
LANNE,65380,144
LANNEMEZAN,65300,144
LANTENOT,70200,144
LANTEUIL,19190,144
LANTRIAC,43260,144
LAPEYRE,65220,144
LAPLEAU,19550,144
LAPTE,43200,144
LARAN,65670,144
LARCHAMP,53220,144
LARCHE,19600,144
LARGEASSE,79240,144
LARIANS ET MUNANS,70230,144
LAROCHE PRES FEYT,19340,144
LARRET,70600,144
LASCAUX,19130,144
LASCAZERES,65700,144
LASLADES,65350,144
LASSALES,65670,144
LASSAY LES CHATEAUX,53110,144
LATOUR EN WOEVRE,55160,144
LATRONCHE,19160,144
LAU BALAGNAS,65400,144
LAUBRIERES,53540,144
LAUNAY VILLIERS,53410,144
LAUSSONNE,43150,144
LAVAL,53000,144
LAVAL SUR DOULON,43440,144
LAVAL SUR LUZEGE,19550,144
LAVAL SUR VOLOGNE,88600,144
LAVALLEE,55260,144
LAVAUDIEU,43100,144
LAVELINE DEVANT BRUYERES,88600,144
LAVELINE DU HOUX,88640,144
LAVIGNEY,70120,144
LAVINCOURT,55170,144
LAVONCOURT,70120,144
LAVOUTE CHILHAC,43380,144
LAVOUTE SUR LOIRE,43800,144
LAVOYE,55120,144
LAYRISSE,65380,144
LE BEULAY,88490,144
LE BIGNON DU MAINE,53170,144
LE BOUCHET ST NICOLAS,43510,144
LE BOUCHON SUR SAULX,55500,144
LE BOURDET,79210,144
LE BOURGNEUF LA FORET,53410,144
LE BRIGNON,43370,144
LE BURET,53170,144
LE BUSSEAU,79240,144
LE CHAMBON SUR LIGNON,43400,144
LE CHASTANG,19190,144
LE CHILLOU,79600,144
LE CLAON,55120,144
LE CLERJUS,88240,144
LE GENEST ST ISLE,53940,144
LE HORPS,53640,144
LE HOUSSEAU BRETIGNOLLES,53110,144
LE LONZAC,19470,144
LE MAGNORAY,70000,144
LE MAS DE TENCE,43190,144
LE MENIL,88160,144
LE MONASTIER SUR GAZEILLE,43150,144
LE MONT,88210,144
LE NEUFOUR,55120,144
LE PAS,53300,144
LE PERTUIS,43200,144
LE PESCHER,19190,144
LE PUID,88210,144
LE PUY EN VELAY,43000,144
LE RETAIL,79130,144
LE RIBAY,53640,144
LE ROULIER,88460,144
LE SAULCY,88210,144
LE SYNDICAT,88120,144
LE TALLUD,79200,144
LE THILLOT,88160,144
LE THOLY,88530,144
LE TREMBLOIS,70100,144
LE VAL D AJOL,88340,144
LE VAL DE GOUHENANS,70200,144
LE VAL ST ELOI,70160,144
LE VALTIN,88230,144
LE VANNEAU IRLEAU,79270,144
LE VERMONT,88210,144
LE VERT,79170,144
LEGEVILLE ET BONFAYS,88270,144
LEMMECOURT,88300,144
LEMMES,55220,144
LEMPDES SUR ALLAGNON,43410,144
LEOTOING,43410,144
LEPANGES SUR VOLOGNE,88600,144
LEROUVILLE,55200,144
LERRAIN,88260,144
LES ABLEUVENETTES,88270,144
LES ANGLES SUR CORREZE,19000,144
LES AYNANS,70200,144
LES BATIES,70130,144
LES CHATELIERS,79340,144
LES EPARGES,55160,144
LES ESTABLES,43150,144
LES FESSEY,70310,144
LES FORGES,79340,144
LES FOSSES,79360,144
LES GROSEILLERS,79220,144
LES HAUTS DE CHEE,55000,144
LES ISLETTES,55120,144
LES MAGNY,70110,144
LES MONTHAIRONS,55320,144
LES PAROCHES,55300,144
LES POULIERES,88600,144
LES ROISES,55130,144
LES ROUGES EAUX,88600,144
LES SOUHESMES RAMPONT,55220,144
LES THONS,88410,144
LES TROIS DOMAINES,55220,144
LES TROIS SAINTS,19140,144
LES VALLOIS,88260,144
LES VASTRES,43430,144
LES VILLETTES,43600,144
LES VOIVRES,88240,144
LESBOIS,53120,144
LESCURRY,65140,144
LESPOUEY,65190,144
LESSEUX,88490,144
LESTARDS,19170,144
LEVARE,53120,144
LEVONCOURT,55260,144
LEYVAUX,43450,144
LEZAY,79120,144
LHEZ,65190,144
LHOUMOIS,79390,144
LIAC,65140,144
LIBAROS,65330,144
LIEFFRANS,70190,144
LIES,65200,144
LIEUCOURT,70140,144
LIEVANS,70240,144
LIEZEY,88400,144
LIFFOL LE GRAND,88350,144
LIGINIAC,19160,144
LIGNAREIX,19200,144
LIGNEVILLE,88800,144
LIGNEYRAC,19500,144
LIGNIERES ORGERES,53140,144
LIGNIERES SUR AIRE,55260,144
LIGNY EN BARROIS,55500,144
LIMALONGES,79190,144
LINEXERT,70200,144
LINY DEVANT DUN,55110,144
LION DEVANT DUN,55110,144
LIOURDRES,19120,144
LIRONCOURT,88410,144
LISLE EN BARROIS,55250,144
LISSAC SUR COUZE,19600,144
LISSEY,55150,144
LIVET,53150,144
LIVRE LA TOUCHE,53400,144
LIZOS,65350,144
LOEUILLEY,70100,144
LOIRON RUILLE,53320,144
LOISEY,55000,144
LOISON,55230,144
LOMBRES,65150,144
LOMNE,65130,144
LOMONT,70200,144
LONGCHAMP SOUS CHATENOIS,88170,144
LONGCHAMPS SUR AIRE,55260,144
LONGEAUX,55500,144
LONGEVELLE,70110,144
LONGEVILLE EN BARROIS,55000,144
LORETZ D ARGENTON,79290,144
LORIGNE,79190,144
LORLANGES,43360,144
LORTET,65250,144
LOSTANGES,19500,144
LOUBIGNE,79110,144
LOUBILLE,79110,144
LOUCRUP,65200,144
LOUDENVIELLE,65240,144
LOUDERVIELLE,65240,144
LOUDES,43320,144
LOUEY,65290,144
LOUIGNAC,19310,144
LOUIN,79600,144
LOUIT,65350,144
LOULANS VERCHAMP,70230,144
LOUPFOUGERES,53700,144
LOUPMONT,55300,144
LOUPPY LE CHATEAU,55800,144
LOUPPY SUR LOISON,55600,144
LOURES BAROUSSE,65370,144
LOUVEMONT COTE DU POIVRE,55100,144
LOUVERNE,53950,144
LOUVIGNE,53210,144
LOUZY,79100,144
LUBERSAC,19210,144
LUBILHAC,43100,144
LUBINE,88490,144
LUBRET ST LUC,65220,144
LUBY BETMONT,65220,144
LUCHE SUR BRIOUX,79170,144
LUCHE THOUARSAIS,79330,144
LUQUET,65320,144
LUSSE,88490,144
LUSSERAY,79170,144
LUSTAR,65220,144
LUTILHOUS,65300,144
LUVIGNY,88110,144
LUXEUIL LES BAINS,70300,144
LUZ ST SAUVEUR,65120,144
LUZAY,79100,144
LUZY ST MARTIN,55700,144
LYOFFANS,70200,144
M TSANGAMOUJI,97650,144
MACONCOURT,88170,144
MADECOURT,88270,144
MADEGNEY,88450,144
MADIRAN,65700,144
MADONNE ET LAMEREY,88270,144
MADRANGES,19470,144
MADRE,53250,144
MAGNE,79460,144
MAGNIVRAY,70300,144
MAGNONCOURT,70800,144
MAGNY DANIGON,70200,144
MAGNY JOBERT,70200,144
MAGNY LES JUSSEY,70500,144
MAGNY VERNOIS,70200,144
MAILLERONCOURT CHARETTE,70240,144
MAILLERONCOURT ST PANCRAS,70210,144
MAILLEY ET CHAZELOT,70000,144
MAIRE LEVESCAULT,79190,144
MAISONCELLES DU MAINE,53170,144
MAISONNAY,79500,144
MAISONTIERS,79600,144
MAIZERAY,55160,144
MAIZEY,55300,144
MALAINCOURT,88140,144
MALANCOURT,55270,144
MALBOUHANS,70200,144
MALEMORT,19360,144
MALREVERS,43800,144
MALVALETTE,43210,144
MALVIERES,43160,144
MALVILLERS,70120,144
MAMOUDZOU,97600,144
MANDRAY,88650,144
MANDRES EN BARROIS,55290,144
MANDRES SUR VAIR,88800,144
MANDREVILLARS,70400,144
MANGIENNES,55150,144
MANHEULLES,55160,144
MANSAC,19520,144
MANSAN,65140,144
MANTOCHE,70100,144
MARAINVILLE SUR MADON,88130,144
MARAST,70110,144
MARCHEVILLE EN WOEVRE,55160,144
MARCILLAC LA CROISILLE,19320,144
MARCILLAC LA CROZE,19500,144
MARCILLE,79500,144
MARCILLE LA VILLE,53440,144
MAREY,88320,144
MARGERIDES,19200,144
MARIGNE PEUTON,53200,144
MARNAY,70150,144
MARNES,79600,144
MARONCOURT,88270,144
MARQUERIE,65350,144
MARRE,55100,144
MARSON SUR BARBOURE,55190,144
MARTIGNE SUR MAYENNE,53470,144
MARTIGNY LES BAINS,88320,144
MARTIGNY LES GERBONVAUX,88300,144
MARTINCOURT SUR MEUSE,55700,144
MARTINVELLE,88410,144
MARVILLE,55600,144
MASSERET,19510,144
MATTAINCOURT,88500,144
MAUBOURGUET,65700,144
MAUCOURT SUR ORNE,55400,144
MAULAN,55500,144
MAULEON,79700,144
MAULEON BAROUSSE,65370,144
MAUSSAC,19250,144
MAUSSANS,70230,144
MAUVAGES,55190,144
MAUZE SUR LE MIGNON,79210,144
MAXEY SUR MEUSE,88630,144
MAXEY SUR VAISE,55140,144
MAYENNE,53100,144
MAZELEY,88150,144
MAZERAT AUROUZE,43230,144
MAZERES DE NESTE,65150,144
MAZET ST VOY,43520,144
MAZEYRAT D ALLIER,43300,144
MAZIERES EN GATINE,79310,144
MAZIROT,88500,144
MAZOUAU,65250,144
MECRIN,55300,144
MEDONVILLE,88140,144
MEE,53400,144
MEILHARDS,19510,144
MELECEY,70110,144
MELIGNY LE GRAND,55190,144
MELIGNY LE PETIT,55190,144
MELIN,70120,144
MELINCOURT,70210,144
MELISEY,70270,144
MELLERAN,79190,144
MEMBREY,70180,144
MEMENIL,88600,144
MENARMONT,88700,144
MENAUCOURT,55500,144
MENIGOUTE,79340,144
MENIL,53200,144
MENIL AUX BOIS,55260,144
MENIL DE SENONES,88210,144
MENIL EN XAINTOIS,88500,144
MENIL LA HORGNE,55190,144
MENIL SUR BELVITTE,88700,144
MENIL SUR SAULX,55500,144
MENOIRE,19190,144
MENOUX,70160,144
MERAL,53230,144
MERCEY SUR SAONE,70130,144
MERCOEUR,19430,144
MERILHEU,65200,144
MERLES SUR LOISON,55150,144
MERLINES,19340,144
MERSUAY,70160,144
MESLAY DU MAINE,53170,144
MESSE,79120,144
MESTES,19200,144
MEURCOURT,70300,144
MEYMAC,19250,144
MEYRIGNAC L EGLISE,19800,144
MEYSSAC,19500,144
MEZANGERS,53600,144
MEZERES,43800,144
MIDREVAUX,88630,144
MIGNAVILLERS,70400,144
MILLEVACHES,19290,144
MILLY SUR BRADON,55110,144
MINGOT,65140,144
MIRECOURT,88500,144
MOFFANS ET VACHERESSE,70200,144
MOGEVILLE,55400,144
MOGNEVILLE,55800,144
MOIMAY,70110,144
MOIREY FLABAS CREPION,55150,144
MOLLANS,70240,144
MOMERES,65360,144
MONCEAUX SUR DORDOGNE,19400,144
MONCEL SUR VAIR,88630,144
MONCOUTANT SUR SEVRE,79240,144
MONESTIER MERLINES,19340,144
MONESTIER PORT DIEU,19110,144
MONISTROL D ALLIER,43580,144
MONISTROL SUR LOIRE,43120,144
MONLEON MAGNOAC,65670,144
MONLET,43270,144
MONLONG,65670,144
MONT DEVANT SASSEY,55110,144
MONT LE VERNOIS,70000,144
MONT LES LAMARCHE,88320,144
MONT LES NEUFCHATEAU,88300,144
MONT ST LEGER,70120,144
MONTAGNEY,70140,144
MONTAIGNAC SUR DOUSTRE,19300,144
MONTARLOT LES RIOZ,70190,144
MONTAUDIN,53220,144
MONTBLAINVILLE,55270,144
MONTBOILLON,70700,144
MONTBOZON,70230,144
MONTBRAS,55140,144
MONTCEY,70000,144
MONTCLARD,43230,144
MONTCOURT,70500,144
MONTDORE,70210,144
MONTENAY,53500,144
MONTESSAUX,70270,144
MONTFAUCON D ARGONNE,55270,144
MONTFAUCON EN VELAY,43290,144
MONTFLOURS,53240,144
MONTGIBAUD,19210,144
MONTHUREUX LE SEC,88800,144
MONTHUREUX SUR SAONE,88410,144
MONTIERS SUR SAULX,55290,144
MONTIGNE LE BRILLANT,53970,144
MONTIGNY DEVANT SASSEY,55110,144
MONTIGNY LES CHERLIEU,70500,144
MONTIGNY LES VAUCOULEURS,55140,144
MONTIGNY LES VESOUL,70000,144
MONTJUSTIN ET VELOTTE,70110,144
MONTMEDY,55600,144
MONTMOTIER,88240,144
MONTOUSSE,65250,144
MONTPLONNE,55000,144
MONTRAVERS,79140,144
MONTREGARD,43290,144
MONTREUIL POULAY,53640,144
MONTSEC,55300,144
MONTSERIE,65150,144
MONTSURS,53150,144
MONTUREUX ET PRANTIGNY,70100,144
MONTUREUX LES BAULAY,70500,144
MONTUSCLAT,43260,144
MONTZEVILLE,55100,144
MORANVILLE,55400,144
MORELMAISON,88170,144
MORGEMOULIN,55400,144
MORIVILLE,88330,144
MORIZECOURT,88320,144
MORLEY,55290,144
MORTAGNE,88600,144
MOTEY BESUCHE,70140,144
MOUDEYRES,43150,144
MOUILLY,55320,144
MOULAINVILLE,55400,144
MOULAY,53100,144
MOULEDOUS,65190,144
MOULINS ST HUBERT,55700,144
MOULOTTE,55160,144
MOUMOULOUS,65140,144
MOUSTIER VENTADOUR,19300,144
MOYEMONT,88700,144
MOYENMOUTIER,88420,144
MTSAMBORO,97630,144
MUN,65350,144
MURVAUX,55110,144
MUZERAY,55230,144
NAIVES EN BLOIS,55190,144
NAIVES ROSIERES,55000,144
NAIX AUX FORGES,55500,144
NANCOIS LE GRAND,55500,144
NANCOIS SUR ORNAIN,55500,144
NANT LE GRAND,55500,144
NANT LE PETIT,55500,144
NANTEUIL,79400,144
NANTILLOIS,55270,144
NANTILLY,70100,144
NANTOIS,55500,144
NAVENNE,70000,144
NAYEMONT LES FOSSES,88100,144
NEAU,53150,144
NEPVANT,55700,144
NESPOULS,19600,144
NESTIER,65150,144
NETTANCOURT,55800,144
NEUFCHATEAU,88300,144
NEUILH,65200,144
NEUILLY LE VENDIN,53250,144
NEUREY EN VAUX,70160,144
NEUREY LES LA DEMIE,70000,144
NEUVELLE LES CROMARY,70190,144
NEUVELLE LES LA CHARITE,70130,144
NEUVIC,19160,144
NEUVILLE,19380,144
NEUVILLE EN VERDUNOIS,55260,144
NEUVILLE LES VAUCOULEURS,55140,144
NEUVILLE SUR ORNAIN,55800,144
NEUVILLERS SUR FAVE,88100,144
NEUVILLY EN ARGONNE,55120,144
NEUVY BOUIN,79130,144
NIAFLES,53400,144
NICEY SUR AIRE,55260,144
NIORT,79000,144
NISTOS,65150,144
NIXEVILLE BLERCOURT,55120,144
NOAILHAC,19500,144
NOAILLES,19600,144
NOIDANS LE FERROUX,70130,144
NOIDANS LES VESOUL,70000,144
NOIRON,70100,144
NOMEXY,88440,144
NOMPATELIZE,88470,144
NONARDS,19120,144
NONSARD LAMARCHE,55210,144
NONZEVILLE,88600,144
NOROY LE BOURG,70000,144
NORROY,88800,144
NOSSONCOURT,88700,144
NOUILHAN,65500,144
NOUILLONPONT,55230,144
NOYERS AUZECOURT,55800,144
NUBECOURT,55250,144
NUEIL LES AUBIERS,79250,144
NUILLE SUR VICOIN,53970,144
OBJAT,19130,144
ODOS,65310,144
OELLEVILLE,88500,144
OFFROICOURT,88500,144
OIGNEY,70120,144
OISELAY ET GRACHAUX,70700,144
OISSEAU,53300,144
OLEAC DEBAT,65350,144
OLEAC DESSUS,65190,144
OLIZY SUR CHIERS,55700,144
OLLAINVILLE,88170,144
ONAY,70100,144
OPPENANS,70110,144
ORDIZAN,65200,144
ORGAN,65230,144
ORGNAC SUR VEZERE,19410,144
ORICOURT,70110,144
ORIEUX,65190,144
ORIGNAC,65200,144
ORINCLES,65380,144
ORLEIX,65800,144
ORLIAC DE BAR,19390,144
ORMENANS,70230,144
ORMOICHE,70300,144
ORNES,55150,144
OROIX,65320,144
OROUX,79390,144
ORTONCOURT,88700,144
OSCHES,55220,144
OSMETS,65350,144
OSSUN,65380,144
OUANGANI,97670,144
OUEILLOUX,65190,144
OUGE,70500,144
OUIDES,43510,144
OURCHES SUR MEUSE,55190,144
OURDE,65370,144
OURSBELILLE,65490,144
OUZOUS,65400,144
OVANCHES,70360,144
OYRIERES,70600,144
PADOUX,88700,144
PAGNY LA BLANCHE COTE,55140,144
PAGNY SUR MEUSE,55190,144
PAILHAC,65240,144
PAIR ET GRANDRUPT,88100,144
PAIZAY LE CHAPT,79170,144
PALANTE,70200,144
PALAZINGES,19190,144
PALISSE,19160,144
PALLEGNEY,88330,144
PAMANDZI,97615,144
PAMPLIE,79220,144
PAMPROUX,79800,144
PANDRIGNES,19150,144
PAREID,55160,144
PAREY SOUS MONTFORT,88800,144
PARFONDRUPT,55400,144
PARGNY SOUS MUREAU,88350,144
PARIGNE SUR BRAYE,53100,144
PARNE SUR ROC,53260,144
PARTHENAY,79200,144
PAS DE JEU,79100,144
PASSAVANT LA ROCHERE,70210,144
PAULHAGUET,43230,144
PEBRAC,43300,144
PENNESIERES,70190,144
PERCEY LE GRAND,70600,144
PERE,65130,144
PERET BEL AIR,19300,144
PERIGNE,79170,144
PEROLS SUR VEZERE,19170,144
PERPEZAC LE BLANC,19310,144
PERPEZAC LE NOIR,19410,144
PERROUSE,70190,144
PESMES,70140,144
PEUTON,53360,144
PEUVILLERS,55150,144
PEYRAUBE,65190,144
PEYRELEVADE,19290,144
PEYRET ST ANDRE,65230,144
PEYRIGUERE,65350,144
PEYRISSAC,19260,144
PEYROUSE,65270,144
PEYRUN,65140,144
PIERRECOURT,70600,144
PIERREFITTE,19450,144
PIERREFITTE NESTALAS,65260,144
PIERREFITTE SUR AIRE,55260,144
PIERREPONT SUR L ARENTELE,88600,144
PILLON,55230,144
PIN,70150,144
PINAS,65300,144
PINOLS,43300,144
PINTAC,65320,144
PINTHEVILLE,55160,144
PLACE,53240,144
PLAINE D ARGENSON,79360,144
PLAINE ET VALLEES,79100,144
PLAINEMONT,70800,144
PLAINFAING,88230,144
PLANCHER BAS,70290,144
PLANCHER LES MINES,70290,144
PLEUVEZAIN,88170,144
PLOMBIERES LES BAINS,88370,144
POLAINCOURT ET CLAIREFONTAINE,70210,144
POMMERIEUX,53400,144
POMOY,70240,144
POMPAIRE,79200,144
POMPIERRE,88300,144
PONT DU BOIS,70210,144
PONT LES BONFAYS,88260,144
PONT SALOMON,43330,144
PONT SUR L OGNON,70110,144
PONT SUR MADON,88500,144
PONT SUR MEUSE,55200,144
PONTCEY,70360,144
PONTMAIN,53220,144
PORT BRILLET,53410,144
PORT SUR SAONE,70170,144
PORTIEUX,88330,144
POUGNE HERISSON,79130,144
POUILLY SUR MEUSE,55700,144
POUMAROUS,65190,144
POUSSAY,88500,144
POUXEUX,88550,144
POUY,65230,144
POUYASTRUC,65350,144
POUZAC,65200,144
POYANS,70100,144
PRADELLES,43420,144
PRADINES,19170,144
PRAHECQ,79230,144
PRAILLES LA COUARDE,79370,144
PRE EN PAIL ST SAMSON,53140,144
PREE D ANJOU,53200,144
PREIGNEY,70120,144
PRESAILLES,43150,144
PRETZ EN ARGONNE,55250,144
PRIN DEYRANCON,79210,144
PROVENCHERES ET COLROY,88490,144
PROVENCHERES LES DARNEY,88260,144
PUIHARDY,79160,144
PUJO,65500,144
PUNEROT,88630,144
PUNTOUS,65230,144
PURGEROT,70160,144
PUSEY,70000,144
PUSY ET EPENOUX,70000,144
PUY D ARNAC,19120,144
PUYDARRIEUX,65220,144
QUELAINES ST GAULT,53360,144
QUENOCHE,70190,144
QUERS,70200,144
QUEYRIERES,43260,144
QUEYSSAC LES VIGNES,19120,144
QUINCY LANDZECOURT,55600,144
RABASTENS DE BIGORRE,65140,144
RACECOURT,88270,144
RADDON ET CHAPENDU,70280,144
RAINCOURT,70500,144
RAINVILLE,88170,144
RAIVAL,55260,144
RAMBERVILLERS,88700,144
RAMBLUZIN ET BENOITE VAUX,55220,144
RAMBUCOURT,55300,144
RAMONCHAMP,88160,144
RANCOURT SUR ORNAIN,55800,144
RANZEVELLE,70500,144
RANZIERES,55300,144
RAON AUX BOIS,88220,144
RAON L ETAPE,88110,144
RAON SUR PLAINE,88110,144
RAPEY,88130,144
RARECOURT,55120,144
RAUCOULES,43290,144
RAURET,43340,144
RAVES,88520,144
RAVIGNY,53370,144
RAY SUR SAONE,70130,144
RAZE,70000,144
REBEUVILLE,88300,144
RECICOURT,55120,144
RECOLOGNE LES RIOZ,70190,144
RECOURT LE CREUX,55220,144
RECURT,65330,144
REFFANNES,79420,144
REFFROY,55190,144
REGNEVELLE,88410,144
REGNEVILLE SUR MEUSE,55110,144
REGNEY,88450,144
REHAINCOURT,88330,144
REHAUPAL,88640,144
RELANGES,88260,144
REMBERCOURT SOMMAISNE,55250,144
REMENNECOURT,55800,144
REMIREMONT,88200,144
REMOIVILLE,55600,144
REMOMEIX,88100,144
REMOVILLE,88170,144
RENAUCOURT,70120,144
RENAUVOID,88390,144
RENAZE,53800,144
RENNES EN GRENOUILLES,53110,144
REPEL,88500,144
RESSON,55000,144
RETOURNAC,43130,144
REVIGNY SUR ORNAIN,55800,144
REVILLE AUX BOIS,55150,144
REYGADE,19430,144
RIAVILLE,55160,144
RIBEAUCOURT,55290,144
RICHECOURT,55300,144
RIGNOVELLE,70200,144
RIGNY,70100,144
RIGNY LA SALLE,55140,144
RIGNY ST MARTIN,55140,144
RILHAC TREIGNAC,19260,144
RILHAC XAINTRIE,19220,144
RIOTORD,43220,144
RIOZ,70190,144
ROBECOURT,88320,144
ROBERT ESPAGNE,55000,144
ROCHE EN REGNIER,43810,144
ROCHE ET RAUCOURT,70180,144
ROCHE LE PEYROUX,19160,144
ROCHE LINOTTE ET SORANS CORDIERS,70230,144
ROCHESSON,88120,144
ROM,79120,144
ROMAGNE SOUS LES COTES,55150,144
ROMAGNE SOUS MONTFAUCON,55110,144
ROMAIN AUX BOIS,88320,144
ROMONT,88700,144
RONCHAMP,70250,144
RONVAUX,55160,144
ROSEY,70000,144
ROSIERES SUR MANCE,70500,144
ROSIERS D EGLETONS,19300,144
ROSIERS DE JUILLAC,19350,144
ROUVRES EN WOEVRE,55400,144
ROUVRES EN XAINTOIS,88500,144
ROUVRES LA CHETIVE,88170,144
ROUVROIS SUR MEUSE,55300,144
ROUVROIS SUR OTHAIN,55230,144
ROVILLE AUX CHENES,88700,144
ROYE,70200,144
ROZEROTTE,88500,144
ROZIERES SUR MOUZON,88320,144
RUGNEY,88130,144
RUHANS,70190,144
RUILLE FROID FONDS,53170,144
RUMONT,55000,144
RUPPES,88630,144
RUPT AUX NONAINS,55170,144
RUPT DEVANT ST MIHIEL,55260,144
RUPT EN WOEVRE,55320,144
RUPT SUR MOSELLE,88360,144
RUPT SUR OTHAIN,55150,144
RUPT SUR SAONE,70360,144
SABALOS,65350,144
SABARROS,65330,144
SACE,53470,144
SACOUE,65370,144
SADA,97640,144
SADOURNIN,65220,144
SADROC,19270,144
SAILHAN,65170,144
SAILLAC,19500,144
SAIVRES,79400,144
SALECHAN,65370,144
SALIGOS,65120,144
SALLES ADOUR,65360,144
SALMAGNE,55000,144
SALON LA TOUR,19510,144
SALZUIT,43230,144
SAMOGNEUX,55100,144
SAMPIGNY,55300,144
SAMURAN,65370,144
SANCHEY,88390,144
SANDAUCOURT,88170,144
SANOUS,65500,144
SANS VALLOIS,88260,144
SANSAIS,79270,144
SANSSAC L EGLISE,43320,144
SAPONCOURT,70210,144
SARIAC MAGNOAC,65230,144
SARLABOUS,65130,144
SARNIGUET,65390,144
SARP,65370,144
SARRAN,19800,144
SARRANCOLIN,65410,144
SARRIAC BIGORRE,65140,144
SARROUILLES,65600,144
SARROUX ST JULIEN,19110,144
SARTES,88300,144
SASSEY SUR MEUSE,55110,144
SASSIS,65120,144
SAUDRUPT,55000,144
SAUGUES,43170,144
SAULCY SUR MEURTHE,88580,144
SAULGES,53340,144
SAULMORY VILLEFRANCHE,55110,144
SAULNOT,70400,144
SAULVAUX,55500,144
SAULX,70240,144
SAULX LES CHAMPLON,55160,144
SAULXURES LES BULGNEVILLE,88140,144
SAULXURES SUR MOSELOTTE,88290,144
SAURAIS,79200,144
SAUVIGNEY LES GRAY,70100,144
SAUVIGNEY LES PESMES,70140,144
SAUVIGNY,55140,144
SAUVOY,55190,144
SAUZE ENTRE BOIS,79190,144
SAVONNIERES DEVANT BAR,55000,144
SAVONNIERES EN PERTHOIS,55170,144
SAVOYEUX,70130,144
SAZOS,65120,144
SCEY SUR SAONE ET ST ALBIN,70360,144
SCIECQ,79000,144
SCILLE,79240,144
SCYE,70170,144
SECENANS,70400,144
SECONDIGNE SUR BELLE,79170,144
SECONDIGNY,79130,144
SEGUR LE CHATEAU,19230,144
SEICH,65150,144
SEIGNEULLES,55000,144
SEILHAC,19700,144
SELIGNE,79170,144
SEMBADEL,43160,144
SEMEAC,65600,144
SEMMADON,70120,144
SENAC,65140,144
SENAIDE,88320,144
SENARGENT MIGNAFANS,70110,144
SENEUJOLS,43510,144
SENON,55230,144
SENONCOURT,70160,144
SENONCOURT LES MAUJOUY,55220,144
SENONES,88210,144
SENONGES,88260,144
SENONNES,53390,144
SENTOUS,65330,144
SEPTSARGES,55270,144
SEPVIGNY,55140,144
SEPVRET,79120,144
SERANDON,19160,144
SERAUMONT,88630,144
SERCOEUR,88600,144
SERE EN LAVEDAN,65400,144
SERE RUSTAING,65220,144
SERECOURT,88320,144
SERILHAC,19190,144
SEROCOURT,88320,144
SERON,65320,144
SERVANCE MIELLIN,70440,144
SERVIERES LE CHATEAU,19220,144
SERVIGNEY,70240,144
SEUIL D ARGONNE,55250,144
SEUZEY,55300,144
SEVEUX MOTEY,70130,144
SEXCLES,19430,144
SIARROUY,65500,144
SIAUGUES STE MARIE,43300,144
SILMONT,55000,144
SIMPLE,53360,144
SINZOS,65190,144
SIONIAC,19120,144
SIONNE,88630,144
SIRADAN,65370,144
SIREIX,65400,144
SIVRY LA PERCHE,55100,144
SIVRY SUR MEUSE,55110,144
SOCOURT,88130,144
SOING CUBRY CHARENTENAY,70130,144
SOLIGNAC SOUS ROCHE,43130,144
SOLIGNAC SUR LOIRE,43370,144
SOMBRUN,65700,144
SOMMEDIEUE,55320,144
SOMMEILLES,55800,144
SOMMELONNE,55170,144
SONCOURT,88170,144
SORANS LES BREUREY,70190,144
SORBEY,55230,144
SORCY ST MARTIN,55190,144
SOREAC,65350,144
SORNAC,19290,144
SORNAY,70150,144
SOST,65370,144
SOUBLECAUSE,65700,144
SOUCE,53300,144
SOUDAINE LAVINADIERE,19370,144
SOUDEILLES,19300,144
SOUES,65430,144
SOUILLY,55220,144
SOULGE SUR OUETTE,53210,144
SOULOM,65260,144
SOULOSSE SOUS ST ELOPHE,88630,144
SOURSAC,19550,144
SOUYEAUX,65350,144
SPINCOURT,55230,144
ST AIGNAN DE COUPTRAIN,53250,144
ST AIGNAN SUR ROE,53390,144
ST AMAND SUR ORNAIN,55500,144
ST AMAND SUR SEVRE,79700,144
ST AME,88120,144
ST ANDRE DE CHALENCON,43130,144
ST ANDRE EN BARROIS,55220,144
ST ANDRE SUR SEVRE,79380,144
ST ARCONS D ALLIER,43300,144
ST ARCONS DE BARGES,43420,144
ST AUBIN DU DESERT,53700,144
ST AUBIN DU PLAIN,79300,144
ST AUBIN FOSSE LOUVAIN,53120,144
ST AUBIN LE CLOUD,79450,144
ST AUBIN SUR AIRE,55500,144
ST AULAIRE,19130,144
ST AUSTREMOINE,43380,144
ST BASLEMONT,88260,144
ST BAUDELLE,53100,144
ST BAZILE DE MEYSSAC,19500,144
ST BEAUZIRE,43100,144
ST BENOIT LA CHIPOTTE,88700,144
ST BERAIN,43300,144
ST BERTHEVIN,53940,144
ST BERTHEVIN LA TANNIERE,53220,144
ST BONNET ELVERT,19380,144
ST BONNET L ENFANTIER,19410,144
ST BONNET LA RIVIERE,19130,144
ST BONNET LE FROID,43290,144
ST BONNET LES TOURS DE MERLE,19430,144
ST BONNET PRES BORT,19200,144
ST BROING,70100,144
ST CALAIS DU DESERT,53140,144
ST CERNIN DE LARCHE,19600,144
ST CHARLES LA FORET,53170,144
ST CHRISTOPHE D ALLIER,43340,144
ST CHRISTOPHE SUR DOLAIZON,43370,144
ST CHRISTOPHE SUR ROC,79220,144
ST CIRGUES,43380,144
ST CIRGUES LA LOUTRE,19220,144
ST CYPRIEN,19130,144
ST CYR EN PAIL,53140,144
ST CYR LA LANDE,79100,144
ST CYR LA ROCHE,19130,144
ST CYR LE GRAVELAIS,53320,144
ST DENIS D ANJOU,53290,144
ST DENIS DE GASTINES,53500,144
ST DENIS DU MAINE,53170,144
ST DIDIER EN VELAY,43140,144
ST DIDIER SUR DOULON,43440,144
ST DIE DES VOSGES,88100,144
ST ELLIER DU MAINE,53220,144
ST ELOY LES TUILERIES,19210,144
ST ETIENNE AUX CLOS,19200,144
ST ETIENNE DU VIGAN,43420,144
ST ETIENNE LA GENESTE,19160,144
ST ETIENNE LARDEYROL,43260,144
ST ETIENNE LES REMIREMONT,88200,144
ST ETIENNE SUR BLESLE,43450,144
ST EXUPERY LES ROCHES,19200,144
ST FERJEUX,70110,144
ST FERREOL D AUROURE,43330,144
ST FRAIMBAULT DE PRIERES,53300,144
ST FREJOUX,19200,144
ST GAND,70130,144
ST GELAIS,79410,144
ST GENEROUX,79600,144
ST GENEYS PRES ST PAULIEN,43350,144
ST GENIEZ O MERLE,19220,144
ST GEORGES BUTTAVENT,53100,144
ST GEORGES D AURAC,43230,144
ST GEORGES DE NOISNE,79400,144
ST GEORGES DE REX,79210,144
ST GEORGES LAGRICOL,43500,144
ST GEORGES LE FLECHARD,53480,144
ST GEORGES SUR ERVE,53600,144
ST GERMAIN D ANXURE,53240,144
ST GERMAIN DE COULAMER,53700,144
ST GERMAIN DE LONGUE CHAUME,79200,144
ST GERMAIN LAPRADE,43700,144
ST GERMAIN LAVOLPS,19290,144
ST GERMAIN LE FOUILLOUX,53240,144
ST GERMAIN LE GUILLAUME,53240,144
ST GERMAIN LES VERGNES,19330,144
ST GERMAIN SUR MEUSE,55140,144
ST GERON,43360,144
ST HAON,43340,144
ST HILAIRE DU MAINE,53380,144
ST HILAIRE EN WOEVRE,55160,144
ST HILAIRE FOISSAC,19550,144
ST HILAIRE LA PALUD,79210,144
ST HILAIRE LES COURBES,19170,144
ST HILAIRE LUC,19160,144
ST HILAIRE PEYROUX,19560,144
ST HILAIRE TAURIEUX,19400,144
ST HOSTIEN,43260,144
ST ILPIZE,43380,144
ST JACQUES DE THOUARS,79100,144
ST JAL,19700,144
ST JEAN D AUBRIGOUX,43500,144
ST JEAN D ORMONT,88210,144
ST JEAN DE NAY,43320,144
ST JEAN DE THOUARS,79100,144
ST JEAN LACHALM,43510,144
ST JEAN LES BUZY,55400,144
ST JEAN SUR MAYENNE,53240,144
ST JEURES,43200,144
ST JOIRE,55130,144
ST JULIEN AUX BOIS,19220,144
ST JULIEN CHAPTEUIL,43260,144
ST JULIEN D ANCE,43500,144
ST JULIEN DES CHAZES,43300,144
ST JULIEN DU PINET,43200,144
ST JULIEN DU TERROUX,53110,144
ST JULIEN LE PELERIN,19430,144
ST JULIEN LE VENDOMOIS,19210,144
ST JULIEN MAUMONT,19500,144
ST JULIEN MOLHESABATE,43220,144
ST JULIEN SOUS LES COTES,55200,144
ST JUST MALMONT,43240,144
ST JUST PRES BRIOUDE,43100,144
ST LANNE,65700,144
ST LARY SOULAN,65170,144
ST LAURENT CHABREUGES,43100,144
ST LAURENT DE NESTE,65150,144
ST LAURENT SUR OTHAIN,55150,144
ST LAURS,79160,144
ST LEGER DE MONTBRUN,79100,144
ST LEZER,65500,144
ST LIN,79420,144
ST LOUP DU DORAT,53290,144
ST LOUP DU GAST,53300,144
ST LOUP LAMAIRE,79600,144
ST LOUP NANTOUARD,70100,144
ST LOUP SUR SEMOUSE,70800,144
ST MAIXENT DE BEUGNE,79160,144
ST MAIXENT L ECOLE,79400,144
ST MARC LA LANDE,79310,144
ST MARS SUR COLMONT,53300,144
ST MARS SUR LA FUTAIE,53220,144
ST MARTIAL DE GIMEL,19150,144
ST MARTIAL ENTRAYGUES,19400,144
ST MARTIN DE BERNEGOUE,79230,144
ST MARTIN DE FUGERES,43150,144
ST MARTIN DE MACON,79100,144
ST MARTIN DE SANZAY,79290,144
ST MARTIN DE ST MAIXENT,79400,144
ST MARTIN DU LIMET,53800,144
ST MARTIN LA MEANNE,19320,144
ST MAURICE DE LIGNON,43200,144
ST MAURICE ETUSSON,79150,144
ST MAURICE SOUS LES COTES,55210,144
ST MAURICE SUR MORTAGNE,88700,144
ST MAURICE SUR MOSELLE,88560,144
ST MAXIRE,79410,144
ST MENGE,88170,144
ST MERD DE LAPLEAU,19320,144
ST MERD LES OUSSINES,19170,144
ST MEXANT,19330,144
ST MICHEL DE LA ROE,53350,144
ST MICHEL SUR MEURTHE,88470,144
ST MIHIEL,55300,144
ST NABORD,88200,144
ST OUEN DES TOITS,53410,144
ST OUEN LES PAREY,88140,144
ST PAL DE CHALENCON,43500,144
ST PAL DE MONS,43620,144
ST PAL DE SENOUIRE,43160,144
ST PANTALEON DE LAPLEAU,19160,144
ST PANTALEON DE LARCHE,19600,144
ST PARDOUX L ORTIGIER,19270,144
ST PARDOUX LA CROISILLE,19320,144
ST PARDOUX LE NEUF,19200,144
ST PARDOUX LE VIEUX,19200,144
ST PARDOUX SOUTIERS,79310,144
ST PASTOUS,65400,144
ST PAUL,19150,144
ST PAUL DE TARTAS,43420,144
ST PAUL EN GATINE,79240,144
ST PAULIEN,43350,144
ST PE DE BIGORRE,65270,144
ST PIERRE DES ECHAUBROGNES,79700,144
ST PIERRE DES LANDES,53500,144
ST PIERRE DES NIDS,53370,144
ST PIERRE DU CHAMP,43810,144
ST PIERRE EYNAC,43260,144
ST PIERRE LA COUR,53410,144
ST PIERRE SUR ERVE,53270,144
ST PIERREVILLERS,55230,144
ST POIX,53540,144
ST POMPAIN,79160,144
ST PRANCHER,88500,144
ST PREJET ARMANDON,43230,144
ST PREJET D ALLIER,43580,144
ST PRIEST DE GIMEL,19800,144
ST PRIVAT D ALLIER,43580,144
ST PRIVAT DU DRAGON,43380,144
ST QUENTIN LES ANGES,53400,144
ST REMY EN COMTE,70160,144
ST REMY LA CALONNE,55160,144
ST ROBERT,19310,144
ST ROMAIN LACHALM,43620,144
ST ROMANS DES CHAMPS,79230,144
ST ROMANS LES MELLE,79500,144
ST SALVADOUR,19700,144
ST SATURNIN DU LIMET,53800,144
ST SETIERS,19290,144
ST SEVER DE RUSTAN,65140,144
ST SOLVE,19130,144
ST SORNIN LAVOLPS,19230,144
ST STAIL,88210,144
ST SULPICE LES BOIS,19250,144
ST THOMAS DE COURCERIERS,53160,144
ST VARENT,79330,144
ST VENERAND,43580,144
ST VERT,43440,144
ST VIANCE,19240,144
ST VICTOR MALESCOURS,43140,144
ST VICTOR SUR ARLANC,43500,144
ST VICTOUR,19200,144
ST VIDAL,43320,144
ST VINCENT LA CHATRE,79500,144
ST YRIEIX LE DEJALAT,19300,144
STAINVILLE,55500,144
STE EANNE,79800,144
STE EUGENIE DE VILLENEUVE,43230,144
STE FEREOLE,19270,144
STE FLORINE,43250,144
STE FORTUNADE,19490,144
STE GEMMES LE ROBERT,53600,144
STE MARGUERITE,43230,144
STE MARIE DU BOIS,53110,144
STE MARIE EN CHANOIS,70310,144
STE MARIE EN CHAUX,70300,144
STE MARIE LAPANOUZE,19160,144
STE NEOMAYE,79260,144
STE OUENNE,79220,144
STE REINE,70700,144
STE SIGOLENE,43600,144
STE SOLINE,79120,144
STE SUZANNE ET CHAMMES,53270,144
STE VERGE,79100,144
STENAY,55700,144
SURIAUVILLE,88140,144
SURIN,79220,144
TAILHAC,43300,144
TAILLANCOURT,55140,144
TAINTRUX,88100,144
TAJAN,65300,144
TALAZAC,65500,144
TANNOIS,55000,144
TARASTEIX,65320,144
TARBES,65000,144
TARNAC,19170,144
TARTECOURT,70500,144
TENCE,43190,144
TENDON,88460,144
TERNUAY MELAY ET ST HILAIRE,70270,144
THALAMY,19200,144
THAON LES VOSGES,88150,144
THEBE,65370,144
THENEZAY,79390,144
THERMES MAGNOAC,65230,144
THEULEY,70120,144
THEY SOUS MONTFORT,88800,144
THIEFFRANS,70230,144
THIEFOSSE,88290,144
THIENANS,70230,144
THIERVILLE SUR MEUSE,55840,144
THILLOMBOIS,55260,144
THILLOT,55210,144
THIRAUCOURT,88500,144
THONNE LA LONG,55600,144
THONNE LE THIL,55600,144
THONNE LES PRES,55600,144
THONNELLE,55600,144
THORAS,43170,144
THORIGNE EN CHARNIE,53270,144
THOUARS,79100,144
THUBOEUF,53110,144
THUILLIERES,88260,144
THUY,65350,144
TIBIRAN JAUNAC,65150,144
TIGNECOURT,88320,144
TILHOUSE,65130,144
TILLEUX,88300,144
TILLY SUR MEUSE,55220,144
TINCEY ET PONTREBEAU,70120,144
TIRANGES,43530,144
TOLLAINCOURT,88320,144
TORCE VIVIERS EN CHARNIE,53270,144
TORSIAC,43450,144
TOSTAT,65140,144
TOTAINVILLE,88500,144
TOURNAY,65190,144
TOURNOUS DARRE,65220,144
TOURNOUS DEVANT,65330,144
TOURTENAY,79100,144
TOY VIAM,19170,144
TRAITIEFONTAINE,70190,144
TRAMEZAIGUES,65170,144
TRAMPOT,88350,144
TRANQUEVILLE GRAUX,88300,144
TRANS,53160,144
TRAVES,70360,144
TRAYES,79240,144
TREBONS,65200,144
TREIGNAC,19260,144
TREMOINS,70400,144
TREMONT SUR SAULX,55000,144
TREMONZEY,88240,144
TRESAUVAUX,55160,144
TRESILLEY,70190,144
TREVERAY,55130,144
TRIE SUR BAISE,65220,144
TROCHE,19230,144
TROMAREY,70150,144
TRONVILLE EN BARROIS,55310,144
TROUBAT,65370,144
TROULEY LABARTHE,65140,144
TROUSSEY,55190,144
TROYON,55300,144
TSINGONI,97680,144
TUDEILS,19120,144
TULLE,19000,144
TURENNE,19500,144
TUZAGUET,65150,144
UBEXY,88130,144
UGLAS,65300,144
UGNOUAS,65140,144
UGNY SUR MEUSE,55140,144
URIMENIL,88220,144
USSAC,19270,144
UXEGNEY,88390,144
UZ,65400,144
UZEMAIN,88220,144
UZERCHE,19140,144
VACHERAUVILLE,55100,144
VADELAINCOURT,55220,144
VADONVILLE,55200,144
VAGNEY,88120,144
VAIGES,53480,144
VAITE,70180,144
VAIVRE ET MONTOILLE,70000,144
VAL D ORNAIN,55000,144
VAL DU MAINE,53340,144
VAL DU MIGNON,79210,144
VAL EN VIGNES,79150,144
VALAY,70140,144
VALBOIS,55300,144
VALDELAUME,79110,144
VALFROICOURT,88270,144
VALIERGUES,19200,144
VALLANS,79270,144
VALLEROIS LE BOIS,70000,144
VALLEROIS LORIOZ,70000,144
VALLEROY AUX SAULES,88270,144
VALLEROY LE SEC,88800,144
VALPRIVAS,43210,144
VALS LE CHASTEL,43230,144
VALS PRES LE PUY,43750,144
VANCAIS,79120,144
VANDELANS,70190,144
VANNE,70130,144
VANTOUX ET LONGEVELLE,70700,144
VANZAY,79120,144
VARENNES EN ARGONNE,55270,144
VARENNES ST HONORAT,43270,144
VARETZ,19240,144
VARMONZEY,88450,144
VARNEVILLE,55300,144
VAROGNE,70240,144
VARS SUR ROSEIX,19130,144
VASLES,79340,144
VASSINCOURT,55800,144
VAUBECOURT,55250,144
VAUBEXY,88500,144
VAUCHOUX,70170,144
VAUCONCOURT NERVEZAIN,70120,144
VAUCOULEURS,55140,144
VAUDEVILLE LE HAUT,55130,144
VAUDONCOURT,55230,144
VAUQUOIS,55270,144
VAUSSEROUX,79420,144
VAUTEBIS,79420,144
VAUTORTE,53500,144
VAUVILLERS,70210,144
VAUX LE MONCELOT,70700,144
VAUX LES PALAMEIX,55300,144
VAVINCOURT,55000,144
VAXONCOURT,88330,144
VAZEILLES LIMANDRE,43320,144
VECOUX,88200,144
VEGENNES,19120,144
VEIX,19260,144
VELAINES,55500,144
VELESMES ECHEVANNE,70100,144
VELET,70100,144
VELLE LE CHATEL,70000,144
VELLECLAIRE,70700,144
VELLEFAUX,70000,144
VELLEFREY ET VELLEFRANGE,70700,144
VELLEFRIE,70240,144
VELLEGUINDRY ET LEVRECEY,70000,144
VELLEMINFROY,70240,144
VELLEMOZ,70700,144
VELLEXON QUEUTREY ET VAUDEY,70130,144
VELLOREILLE LES CHOYE,70700,144
VELORCEY,70300,144
VELOSNES,55600,144
VELOTTE ET TATIGNECOURT,88270,144
VENERE,70100,144
VENISEY,70500,144
VENTEUGES,43170,144
VENTRON,88310,144
VEREUX,70180,144
VERGEZAC,43320,144
VERGONGHEON,43360,144
VERLANS,70400,144
VERNASSAL,43270,144
VERNEUIL GRAND,55600,144
VERNEUIL PETIT,55600,144
VERNOIS SUR MANCE,70500,144
VERNOUX EN GATINE,79240,144
VERNOUX SUR BOUTONNE,79170,144
VERRUYES,79310,144
VERVEZELLE,88600,144
VERY,55270,144
VESOUL,70000,144
VEXAINCOURT,88110,144
VEZEZOUX,43390,144
VIAM,19170,144
VIC EN BIGORRE,65500,144
VICHEREY,88170,144
VIDOU,65220,144
VIDOUZE,65700,144
VIEILLE BRIOUDE,43100,144
VIELLE ADOUR,65360,144
VIELLE AURE,65170,144
VIELLE LOURON,65240,144
VIELPRAT,43490,144
VIENNAY,79200,144
VIENVILLE,88430,144
VIER BORDES,65400,144
VIEUVY,53120,144
VIEUZOS,65230,144
VIEY,65120,144
VIGEOIS,19410,144
VIGNEC,65170,144
VIGNEUL SOUS MONTMEDY,55600,144
VIGNEULLES LES HATTONCHATEL,55210,144
VIGNOLS,19130,144
VIGNOT,55200,144
VILLAFANS,70110,144
VILLAINES LA JUHEL,53700,144
VILLARGENT,70110,144
VILLARS LE PAUTEL,70500,144
VILLE DEVANT BELRAIN,55260,144
VILLE DEVANT CHAUMONT,55150,144
VILLE EN WOEVRE,55160,144
VILLE SUR COUSANCES,55120,144
VILLE SUR ILLON,88270,144
VILLE SUR SAULX,55000,144
VILLECLOYE,55600,144
VILLEFOLLET,79170,144
VILLELONGUE,65260,144
VILLEMAIN,79110,144
VILLEMBITS,65220,144
VILLEMUR,65230,144
VILLENAVE PRES BEARN,65500,144
VILLENAVE PRES MARSAC,65500,144
VILLENEUVE D ALLIER,43380,144
VILLEPAIL,53250,144
VILLEPAROIS,70000,144
VILLEROY SUR MEHOLLE,55190,144
VILLERS AUX VENTS,55800,144
VILLERS BOUTON,70190,144
VILLERS CHEMIN ET MONT LES ETRELLES,70700,144
VILLERS DEVANT DUN,55110,144
VILLERS LA VILLE,70110,144
VILLERS LES LUXEUIL,70300,144
VILLERS LES MANGIENNES,55150,144
VILLERS PATER,70190,144
VILLERS SOUS PAREID,55160,144
VILLERS SUR MEUSE,55220,144
VILLERS SUR PORT,70170,144
VILLERS SUR SAULNOT,70400,144
VILLERS VAUDEY,70120,144
VILLERSEXEL,70110,144
VILLIERS CHARLEMAGNE,53170,144
VILLIERS EN BOIS,79360,144
VILLIERS EN PLAINE,79160,144
VILLIERS SUR CHIZE,79170,144
VILLONCOURT,88150,144
VILLOTTE,88320,144
VILLOTTE DEVANT LOUPPY,55250,144
VILLOTTE SUR AIRE,55260,144
VILLOUXEL,88350,144
VILORY,70240,144
VILOSNES HARAUMONT,55110,144
VIMARTIN SUR ORTHE,53160,144
VIMENIL,88600,144
VINCEY,88450,144
VIOCOURT,88170,144
VIOMENIL,88260,144
VISCOS,65120,144
VISKER,65200,144
VISONCOURT,70300,144
VISSAC AUTEYRAC,43300,144
VITRAC SUR MONTANE,19800,144
VITREY SUR MANCE,70500,144
VITTARVILLE,55150,144
VITTEL,88800,144
VIVIERS LE GRAS,88260,144
VIVIERS LES OFFROICOURT,88500,144
VOID VACON,55190,144
VOLON,70180,144
VOMECOURT,88700,144
VOMECOURT SUR MADON,88500,144
VORAY SUR L OGNON,70190,144
VOREY,43800,144
VOUGECOURT,70500,144
VOUHENANS,70200,144
VOUILLE,79230,144
VOULMENTIN,79150,144
VOUTEZAC,19130,144
VOUTHON BAS,55130,144
VOUTHON HAUT,55130,144
VOUTRE,53600,144
VOUXEY,88170,144
VRECOURT,88140,144
VREGILLE,70150,144
VROVILLE,88500,144
VY LE FERROUX,70130,144
VY LES FILAIN,70230,144
VY LES LURE,70200,144
VY LES RUPT,70120,144
VYANS LE VAL,70400,144
WALY,55250,144
WATRONVILLE,55160,144
WAVRILLE,55150,144
WILLERONCOURT,55500,144
WISEMBACH,88520,144
WISEPPE,55700,144
WOEL,55210,144
WOIMBEY,55300,144
XAFFEVILLERS,88700,144
XAINTRAY,79220,144
XAMONTARUPT,88460,144
XARONVAL,88130,144
XERTIGNY,88220,144
XIVRAY ET MARVOISIN,55300,144
XONRUPT LONGEMER,88400,144
YSSANDON,19310,144
YSSINGEAUX,43200,144
ZINCOURT,88330,144
ABREST,03200,129
ACY ROMANCE,08300,129
AGEN D AVEYRON,12630,129
AGEVILLE,52340,129
AGONGES,03210,129
AGUESSAC,12520,129
AIGLEMONT,08090,129
AIGNAN,32290,129
AILLIANVILLE,52700,129
AINAY LE CHATEAU,03360,129
AINGOULAINCOURT,52230,129
AIRE,08190,129
AIZANVILLE,52120,129
ALBARET LE COMTAL,48310,129
ALBARET STE MARIE,48200,129
ALBEFEUILLE LAGARDE,82290,129
ALBIAS,82350,129
ALINCOURT,08310,129
ALLAND HUY ET SAUSSEUIL,08130,129
ALLENC,48190,129
ALLICHAMPS,52130,129
ALMONT LES JUNIES,12300,129
ALRANCE,12430,129
ALTIER,48800,129
AMAGNE,08300,129
AMBEYRAC,12260,129
AMBLY FLEURY,08130,129
AMBONVILLE,52110,129
ANCHAMPS,08500,129
ANDELAROCHE,03120,129
ANDELOT BLANCHEVILLE,52700,129
ANDILLY EN BASSIGNY,52360,129
ANGECOURT,08450,129
ANGEVILLE,82210,129
ANGLARS ST FELIX,12390,129
ANNELLES,08310,129
ANNEVILLE LA PRAIRIE,52310,129
ANNONVILLE,52230,129
ANROSEY,52500,129
ANSAN,32270,129
ANTHENY,08260,129
ANTRENAS,48100,129
AOUSTE,08290,129
APREY,52250,129
ARBIGNY SOUS VARENNES,52500,129
ARBLADE LE BAS,32720,129
ARBLADE LE HAUT,32110,129
ARBOT,52160,129
ARC EN BARROIS,52210,129
ARCHIGNAT,03380,129
ARDEUIL ET MONTFAUXELLES,08400,129
ARDIZAS,32430,129
ARFEUILLES,03120,129
ARGENCES EN AUBRAC,12210,129
ARMENTIEUX,32230,129
ARMOUS ET CAU,32230,129
ARNAC SUR DOURDOU,12360,129
ARNANCOURT,52110,129
ARNICOURT,08300,129
ARPHEUILLES ST PRIEST,03420,129
ARREUX,08090,129
ARRONNES,03250,129
ARROUEDE,32140,129
ARTAISE LE VIVIER,08390,129
ARVIEU,12120,129
ARZENC D APCHER,48310,129
ARZENC DE RANDON,48170,129
ASFELD,08190,129
ASPRIERES,12700,129
ATTANCOURT,52130,129
ATTIGNY,08130,129
AUBEPIERRE SUR AUBE,52210,129
AUBIET,32270,129
AUBIGNY,03460,129
AUBIGNY LES POTHEES,08150,129
AUBIN,12110,129
AUBONCOURT VAUZELLES,08270,129
AUBRIVES,08320,129
AUCH,32000,129
AUDELONCOURT,52240,129
AUDES,03190,129
AUFLANCE,08370,129
AUGE,08380,129
AUGNAX,32120,129
AUJAN MOURNEDE,32300,129
AUJEURRES,52190,129
AULNOY SUR AUBE,52160,129
AURADE,32600,129
AURE,08400,129
AURENSAN,32400,129
AURIAC LAGAST,12120,129
AURIMONT,32450,129
AUROUER,03460,129
AUROUX,48600,129
AUSSONCE,08310,129
AUSSOS,32140,129
AUTHE,08240,129
AUTIGNY LE GRAND,52300,129
AUTIGNY LE PETIT,52300,129
AUTRECOURT ET POURRON,08210,129
AUTREVILLE SUR LA RENNE,52120,129
AUTRUCHE,08240,129
AUTRY,08250,129
AUTRY ISSARDS,03210,129
AUTY,82220,129
AUVILLAR,82340,129
AUVILLERS LES FORGES,08260,129
AUX AUSSAT,32170,129
AUZITS,12390,129
AVAUX,08190,129
AVENSAC,32120,129
AVERMES,03000,129
AVERON BERGELLE,32290,129
AVEZAN,32380,129
AVRECOURT,52140,129
AVRILLY,03130,129
AYGUETINTE,32410,129
AYSSENES,12430,129
AYZIEU,32800,129
BAALONS,08430,129
BADAROUX,48000,129
BAILLY AUX FORGES,52130,129
BAIRON ET SES ENVIRONS,08390,129
BAISSEY,52250,129
BAJONNETTE,32120,129
BALAGUIER D OLT,12260,129
BALAGUIER SUR RANCE,12380,129
BALHAM,08190,129
BALIGNAC,82120,129
BALLAY,08400,129
BALSIEGES,48000,129
BANASSAC CANILHAC,48500,129
BANOGNE RECOUVRANCE,08220,129
BAR LES BUZANCY,08240,129
BARAQUEVILLE,12160,129
BARBAISE,08430,129
BARBERIER,03140,129
BARBY,08300,129
BARCELONNE DU GERS,32720,129
BARCUGNAN,32170,129
BARDIGUES,82340,129
BARRAIS BUSSOLLES,03120,129
BARRAN,32350,129
BARRE DES CEVENNES,48400,129
BARRY D ISLEMADE,82290,129
BASCOUS,32190,129
BASSONCOURT,52240,129
BASSOUES,32320,129
BASSURELS,48400,129
BAUDRECOURT,52110,129
BAY SUR AUBE,52160,129
BAYARD SUR MARNE,52170,129
BAYET,03500,129
BAYONVILLE,08240,129
BAZEILLES,08140,129
BAZIAN,32320,129
BAZUGUES,32170,129
BEAUCHEMIN,52260,129
BEAULON,03230,129
BEAUMARCHES,32160,129
BEAUMONT DE LOMAGNE,82500,129
BEAUMONT EN ARGONNE,08210,129
BEAUNE D ALLIER,03390,129
BECCAS,32730,129
BEDECHAN,32450,129
BEDOUES COCURES,48400,129
BEFFU ET LE MORTHOMME,08250,129
BEGUES,03800,129
BEL AIR VAL D ANCE,48600,129
BELBEZE EN LOMAGNE,82500,129
BELCASTEL,12390,129
BELLENAVES,03330,129
BELLERIVE SUR ALLIER,03700,129
BELLEVILLE ET CHATILLON SUR BAR,08240,129
BELLOC ST CLAMENS,32300,129
BELMONT SUR RANCE,12370,129
BELVAL,08090,129
BELVAL BOIS DES DAMES,08240,129
BELVEZE,82150,129
BERAUT,32100,129
BERDOUES,32300,129
BERGNICOURT,08300,129
BERNEDE,32400,129
BERRAC,32480,129
BERT,03130,129
BERTHOLENE,12310,129
BERTONCOURT,08300,129
BESSAY SUR ALLIER,03340,129
BESSENS,82170,129
BESSON,03210,129
BESSUEJOULS,12500,129
BETCAVE AGUIN,32420,129
BETOUS,32110,129
BETPLAN,32730,129
BETTANCOURT LA FERREE,52100,129
BEURVILLE,52110,129
BEZENET,03170,129
BEZERIL,32130,129
BEZOLLES,32310,129
BEZUES BAJON,32140,129
BIERMES,08300,129
BIESLES,52340,129
BIGNICOURT,08310,129
BILLEZOIS,03120,129
BILLY,03260,129
BIOULE,82800,129
BIOZAT,03800,129
BIRAN,32350,129
BIVES,32380,129
BIZE,52500,129
BIZENEUILLE,03170,129
BLAGNY,08110,129
BLAISY,52330,129
BLANCHEFOSSE ET BAY,08290,129
BLANQUEFORT,32270,129
BLANZY LA SALONNAISE,08190,129
BLAVIGNAC,48200,129
BLAZIERT,32100,129
BLECOURT,52300,129
BLESSONVILLE,52120,129
BLOMARD,03390,129
BLOMBAY,08260,129
BLOUSSON SERIAN,32230,129
BLUMERAY,52110,129
BOGNY SUR MEUSE,08120,129
BOISSE PENCHOT,12300,129
BOLOGNE,52310,129
BONAS,32410,129
BONNECOURT,52360,129
BOR ET BAR,12270,129
BOSSUS LES RUMIGNY,08290,129
BOST,03300,129
BOUCAGNERES,32550,129
BOUCE,03150,129
BOUCONVILLE,08250,129
BOUDOU,82200,129
BOUILLAC,12300,129
BOULAUR,32450,129
BOULOC EN QUERCY,82110,129
BOULT AUX BOIS,08240,129
BOULZICOURT,08410,129
BOURBON L ARCHAMBAULT,03160,129
BOURBONNE LES BAINS,52400,129
BOURCQ,08400,129
BOURDONS SUR ROGNON,52700,129
BOURG DE VISA,82190,129
BOURG FIDELE,08230,129
BOURG STE MARIE,52150,129
BOURGS SUR COLAGNE,48100,129
BOURMONT ENTRE MEUSE ET MOUZON,52150,129
BOURNAZEL,12390,129
BOURRET,82700,129
BOURROUILLAN,32370,129
BOUSSAC,12160,129
BOUVELLEMONT,08430,129
BOUZANCOURT,52110,129
BOUZON GELLENAVE,32290,129
BOZOULS,12340,129
BRACHAY,52110,129
BRAINVILLE SUR MEUSE,52150,129
BRAIZE,03360,129
BRANDONNET,12350,129
BRANSAT,03500,129
BRASC,12550,129
BRAUX LE CHATEL,52120,129
BRECY BRIERES,08400,129
BRENNES,52200,129
BRENOUX,48000,129
BRESNAY,03210,129
BRESSOLS,82710,129
BRETAGNE D ARMAGNAC,32800,129
BRETHENAY,52000,129
BREUVANNES EN BASSIGNY,52240,129
BREVILLY,08140,129
BRIAUCOURT,52700,129
BRICON,52120,129
BRIENNE SUR AISNE,08190,129
BRIEULLES SUR BAR,08240,129
BRIQUENAY,08240,129
BROGNON,08380,129
BROMMAT,12600,129
BROQUIES,12480,129
BROUSSE LE CHATEAU,12480,129
BROUSSEVAL,52130,129
BROUT VERNET,03110,129
BRUGHEAS,03700,129
BRUGNENS,32500,129
BRUNIQUEL,82800,129
BRUSQUE,12360,129
BUGNIERES,52210,129
BULSON,08450,129
BUSSET,03270,129
BUSSON,52700,129
BUXIERES LES CLEFMONT,52240,129
BUXIERES LES MINES,03440,129
BUXIERES LES VILLIERS,52000,129
CABANES,12800,129
CADEILHAN,32380,129
CADEILLAN,32220,129
CAHUZAC SUR ADOUR,32400,129
CAILLAVET,32190,129
CALLIAN,32190,129
CALMELS ET LE VIALA,12400,129
CALMONT,12450,129
CAMARES,12360,129
CAMBOULAZET,12160,129
CAMJAC,12800,129
CAMPAGNAC,12560,129
CAMPAGNE D ARMAGNAC,32800,129
CAMPOURIEZ,12140,129
CAMPSAS,82370,129
CAMPUAC,12580,129
CANALS,82170,129
CANET DE SALARS,12290,129
CANS ET CEVENNES,48400,129
CANTOIN,12420,129
CAP D ASTARAC,32140,129
CAPDENAC GARE,12700,129
CARIGNAN,08110,129
CASSAGNAS,48400,129
CASSAGNES BEGONHES,12120,129
CASSAIGNE,32100,129
CASSUEJOULS,12210,129
CASTANET,12240,129
CASTELFERRUS,82100,129
CASTELMARY,12800,129
CASTELMAYRAN,82210,129
CASTELNAU BARBARENS,32450,129
CASTELNAU D ANGLES,32320,129
CASTELNAU D ARBIEU,32500,129
CASTELNAU D AUZAN LABARRERE,32250,129
CASTELNAU DE MANDAILLES,12500,129
CASTELNAU PEGAYROLS,12620,129
CASTELNAU SUR L AUVIGNON,32100,129
CASTELNAVET,32290,129
CASTELSAGRAT,82400,129
CASTELSARRASIN,82100,129
CASTERA BOUZET,82120,129
CASTERA LECTOUROIS,32700,129
CASTERA VERDUZAN,32410,129
CASTERON,32380,129
CASTET ARROUY,32340,129
CASTEX D ARMAGNAC,32240,129
CASTILLON DEBATS,32190,129
CASTILLON MASSAS,32360,129
CASTILLON SAVES,32490,129
CASTIN,32810,129
CATONVIELLE,32200,129
CAUPENNE D ARMAGNAC,32110,129
CAUROY,08310,129
CAUSSADE,82300,129
CAUSSE ET DIEGE,12700,129
CAUSSENS,32100,129
CAYLUS,82160,129
CAYRAC,82440,129
CAYRIECH,82240,129
CAZAUBON,32150,129
CAZAUX D ANGLES,32190,129
CAZAUX SAVES,32130,129
CAZAUX VILLECOMTAL,32230,129
CAZENEUVE,32800,129
CAZES MONDENARD,82110,129
CEFFONDS,52220,129
CELLES EN BASSIGNY,52360,129
CELSOY,52600,129
CENTRES,12120,129
CERAN,32500,129
CERILLY,03350,129
CERISIERES,52320,129
CERNION,08260,129
CESSET,03500,129
CEZAN,32410,129
CHADENET,48190,129
CHAGNY,08430,129
CHALANCEY,52160,129
CHALANDRY ELAIRE,08160,129
CHALINDREY,52600,129
CHALLERANGE,08400,129
CHALVRAINES,52700,129
CHAMARANDES CHOIGNES,52000,129
CHAMBERAT,03370,129
CHAMBLET,03170,129
CHAMBRONCOURT,52700,129
CHAMOUILLEY,52410,129
CHAMPIGNEUL SUR VENCE,08430,129
CHAMPIGNEULLE,08250,129
CHAMPIGNEULLES EN BASSIGNY,52150,129
CHAMPIGNY LES LANGRES,52200,129
CHAMPIGNY SOUS VARENNES,52400,129
CHAMPLIN,08260,129
CHAMPSEVRAINE,52500,129
CHANAC,48230,129
CHANCENAY,52100,129
CHANGEY,52360,129
CHANOY,52260,129
CHANTELLE,03140,129
CHANTRAINES,52700,129
CHAPEAU,03340,129
CHAPPES,03390,129
CHARBOGNE,08130,129
CHARDENY,08400,129
CHAREIL CINTRAT,03140,129
CHARLEVILLE MEZIERES,08000,129
CHARMEIL,03110,129
CHARMES EN L ANGLE,52110,129
CHARMES LA GRANDE,52110,129
CHARNOIS,08600,129
CHARROUX,03140,129
CHASSENARD,03510,129
CHASSIGNY,52190,129
CHASTANIER,48300,129
CHASTEL NOUVEL,48000,129
CHATEAU PORCIEN,08360,129
CHATEAU SUR ALLIER,03320,129
CHATEAUNEUF DE RANDON,48170,129
CHATEAUVILLAIN,52120,129
CHATEL CHEHERY,08250,129
CHATEL DE NEUVRE,03500,129
CHATEL MONTAGNE,03250,129
CHATELPERRON,03220,129
CHATELUS,03120,129
CHATENAY MACHERON,52200,129
CHATENAY VAUDIN,52360,129
CHATILLON,03210,129
CHATONRUPT SOMMERMONT,52300,129
CHAUCHAILLES,48310,129
CHAUDENAY,52600,129
CHAUDEYRAC,48170,129
CHAUFFOURT,52140,129
CHAULHAC,48140,129
CHAUMONT LA VILLE,52150,129
CHAUMONT PORCIEN,08220,129
CHAVENON,03440,129
CHAVROCHES,03220,129
CHAZEMAIS,03370,129
CHELAN,32140,129
CHEMERY CHEHERY,08350,129
CHEMILLY,03210,129
CHESNOIS AUBONCOURT,08270,129
CHEVAGNES,03230,129
CHEVEUGES,08350,129
CHEVIERES,08250,129
CHEVILLON,52170,129
CHEYLARD L EVEQUE,48300,129
CHEZEAUX,52400,129
CHEZELLE,03140,129
CHEZY,03230,129
CHILLY,08260,129
CHIRAT L EGLISE,03330,129
CHOILLEY DARDENAY,52190,129
CHOISEUL,52240,129
CHOOZ,08600,129
CHOUVIGNY,03450,129
CHUFFILLY ROCHE,08130,129
CINDRE,03220,129
CIREY LES MAREILLES,52700,129
CIREY SUR BLAISE,52110,129
CIRFONTAINES EN AZOIS,52370,129
CIRFONTAINES EN ORNOIS,52230,129
CLAIRVAUX D AVEYRON,12330,129
CLAVY WARBY,08460,129
CLEFMONT,52240,129
CLERMONT POUYGUILLES,32300,129
CLERMONT SAVES,32600,129
CLINCHAMP,52700,129
CLIRON,08090,129
COGNAT LYONNE,03110,129
COHONS,52600,129
COIFFY LE BAS,52400,129
COIFFY LE HAUT,52400,129
COLMIER LE BAS,52160,129
COLMIER LE HAUT,52160,129
COLOGNE,32430,129
COLOMBEY LES DEUX EGLISES,52330,129
COLOMBIER,03600,129
COLOMBIES,12240,129
COMBEROUGER,82600,129
COMBRET,12370,129
COMMENTRY,03600,129
COMPEYRE,12520,129
COMPOLIBAT,12350,129
COMPREGNAC,12100,129
COMPS LA GRAND VILLE,12120,129
CONDE LES AUTRY,08250,129
CONDE LES HERPY,08360,129
CONDOM,32100,129
CONDOM D AUBRAC,12470,129
CONNAC,12170,129
CONQUES EN ROUERGUE,12320,129
CONSIGNY,52700,129
CONTIGNY,03500,129
CONTREUVE,08400,129
CORBARIEU,82370,129
CORDES TOLOSANNES,82700,129
CORNAY,08250,129
CORNEILLAN,32400,129
CORNUS,12540,129
CORNY MACHEROMENIL,08270,129
COSNE D ALLIER,03430,129
COUBISOU,12190,129
COUBLANC,52500,129
COUCY,08300,129
COULANDON,03000,129
COULANGES,03470,129
COULEUVRE,03320,129
COULOMMES ET MARQUENY,08130,129
COULOUME MONDEBAT,32160,129
COUPIAC,12550,129
COUPRAY,52210,129
COUR L EVEQUE,52210,129
COURCAIS,03370,129
COURCELLES EN MONTAGNE,52200,129
COURCELLES SUR BLAISE,52110,129
COURRENSAN,32330,129
COURTIES,32230,129
COUTANSOUZE,03330,129
COUZON,03160,129
CRANSAC LES THERMES,12110,129
CRASTES,32270,129
CRAVENCERES,32110,129
CRECHY,03150,129
CREISSELS,12100,129
CRESPIN,12800,129
CRESSANGES,03240,129
CREUZIER LE NEUF,03300,129
CREUZIER LE VIEUX,03300,129
CUBIERES,48190,129
CUBIERETTES,48190,129
CUELAS,32300,129
CULMONT,52600,129
CULTURES,48230,129
CUMONT,82500,129
CURAN,12410,129
CURIERES,12210,129
CURMONT,52330,129
CUSEY,52190,129
CUSSET,03300,129
DAIGNY,08140,129
DAILLANCOURT,52110,129
DAILLECOURT,52240,129
DAMMARTIN SUR MEUSE,52140,129
DAMOUZY,08090,129
DAMREMONT,52400,129
DANCEVOIR,52210,129
DARMANNES,52700,129
DECAZEVILLE,12300,129
DEMU,32190,129
DENEUILLE LES CHANTELLE,03140,129
DENEUILLE LES MINES,03170,129
DESERTINES,03630,129
DEUX CHAISES,03240,129
DEVILLE,08800,129
DIEUPENTALE,82170,129
DINTEVILLE,52120,129
DIOU,03290,129
DOM LE MESNIL,08160,129
DOMBLAIN,52130,129
DOMERAT,03410,129
DOMMARIEN,52190,129
DOMMARTIN LE FRANC,52110,129
DOMMARTIN LE ST PERE,52110,129
DOMMERY,08460,129
DOMPIERRE SUR BESBRE,03290,129
DOMREMY LANDEVILLE,52270,129
DONCHERY,08350,129
DONCOURT SUR MEUSE,52150,129
DONJEUX,52300,129
DOULAINCOURT SAUCOURT,52270,129
DOULEVANT LE CHATEAU,52110,129
DOULEVANT LE PETIT,52130,129
DOUMELY BEGNY,08220,129
DOUX,08300,129
DOUZY,08140,129
DOYET,03170,129
DRAIZE,08220,129
DRICOURT,08310,129
DROITURIER,03120,129
DRUELLE BALSAC,12000,129
DRULHE,12350,129
DUFFORT,32170,129
DUNES,82340,129
DURAN,32810,129
DURBAN,32260,129
DURDAT LAREQUILLE,03310,129
DURENQUE,12170,129
DURFORT LACAPELETTE,82390,129
EAUZE,32800,129
EBREUIL,03450,129
ECHASSIERES,03330,129
ECHENAY,52230,129
ECLARON BRAUCOURT STE LIVIERE,52290,129
ECLY,08300,129
ECORDAL,08130,129
ECOT LA COMBE,52700,129
EFFINCOURT,52300,129
ENCAUSSE,32430,129
ENDOUFIELLE,32600,129
ENFONVELLE,52400,129
ENTRAYGUES SUR TRUYERE,12140,129
EPIZON,52230,129
ESCANDOLIERES,12390,129
ESCATALENS,82700,129
ESCAZEAUX,82500,129
ESCLANEDES,48230,129
ESCLASSAN LABASTIDE,32140,129
ESCOMBRES ET LE CHESNOIS,08110,129
ESCORNEBOEUF,32200,129
ESCUROLLES,03110,129
ESNOUVEAUX,52340,129
ESPALAIS,82400,129
ESPALION,12500,129
ESPAON,32220,129
ESPARSAC,82500,129
ESPAS,32370,129
ESPEYRAC,12140,129
ESPINAS,82160,129
ESPINASSE VOZELLE,03110,129
ESTAING,12190,129
ESTAMPES,32170,129
ESTANG,32240,129
ESTIPOUY,32300,129
ESTIVAREILLES,03190,129
ESTRAMIAC,32380,129
ESTREBAY,08260,129
ETALLE,08260,129
ETEIGNIERES,08260,129
ETREPIGNY,08160,129
ETROUSSAT,03140,129
EUFFIGNEIX,52000,129
EUILLY ET LOMBUT,08210,129
EURVILLE BIENVILLE,52410,129
EVIGNY,08090,129
EXERMONT,08250,129
FAGET ABBATIAL,32450,129
FAGNON,08090,129
FAISSAULT,08270,129
FAJOLLES,82210,129
FALAISE,08400,129
FARINCOURT,52500,129
FAUDOAS,82500,129
FAUROUX,82190,129
FAUX,08270,129
FAYL BILLOT,52500,129
FAYS,52130,129
FENEYROLS,82140,129
FEPIN,08170,129
FERRIERE ET LAFOLIE,52300,129
FERRIERES SUR SICHON,03250,129
FINHAN,82700,129
FIRMI,12300,129
FLAGNAC,12300,129
FLAIGNES HAVYS,08260,129
FLAMARENS,32340,129
FLAMMERECOURT,52110,129
FLAVIN,12450,129
FLEIGNEUX,08200,129
FLEURANCE,32500,129
FLEURIEL,03140,129
FLEVILLE,08250,129
FLIGNY,08380,129
FLIZE,08160,129
FLOING,08200,129
FLORAC TROIS RIVIERES,48400,129
FLORENTIN LA CAPELLE,12140,129
FOISCHES,08600,129
FOISSAC,12260,129
FONDAMENTE,12540,129
FONTAINES SUR MARNE,52170,129
FONTANS,48700,129
FORCEY,52700,129
FOSSE,08240,129
FOULAIN,52000,129
FOURCES,32250,129
FOURILLES,03140,129
FOURNELS,48310,129
FRAILLICOURT,08220,129
FRAISSINET DE FOURQUES,48400,129
FRAMPAS,52220,129
FRANCHESSE,03160,129
FRANCHEVAL,08140,129
FRECOURT,52360,129
FREGOUVILLE,32490,129
FRESNES SUR APANCE,52400,129
FROMELENNES,08600,129
FROMY,08370,129
FRONCLES,52320,129
FRONVILLE,52300,129
FUMAY,08170,129
FUSTEROUAU,32400,129
GABRIAC,12340,129
GABRIAS,48100,129
GAILLAC D AVEYRON,12310,129
GALGAN,12220,129
GALIAX,32160,129
GANNAT,03800,129
GANNAY SUR LOIRE,03230,129
GARGANVILLAR,82100,129
GARIES,82500,129
GARNAT SUR ENGIEVRE,03230,129
GARRAVET,32220,129
GASQUES,82400,129
GATUZIERES,48150,129
GAUDONVILLE,32380,129
GAUJAN,32420,129
GAVARRET SUR AULOUSTE,32390,129
GAZAUPOUY,32480,129
GAZAX ET BACCARISSE,32230,129
GEE RIVIERE,32720,129
GENEBRIERES,82230,129
GENEVRIERES,52500,129
GENNETINES,03400,129
GERMAINES,52160,129
GERMAINVILLIERS,52150,129
GERMAY,52230,129
GERMISAY,52230,129
GERMONT,08240,129
GERNELLE,08440,129
GESPUNSART,08700,129
GIEY SUR AUJON,52210,129
GILLANCOURT,52330,129
GILLAUME,52230,129
GIMAT,82500,129
GIMBREDE,32340,129
GIMONT,32200,129
GINALS,82330,129
GIPCY,03210,129
GIRONDELLE,08260,129
GISCARO,32200,129
GISSAC,12360,129
GIVET,08600,129
GIVONNE,08200,129
GIVRON,08220,129
GIVRY,08130,129
GLAIRE,08200,129
GLATENS,82500,129
GOAS,82500,129
GOLFECH,82400,129
GOLINHAC,12140,129
GOMONT,08190,129
GONDRIN,32330,129
GORGES DU TARN CAUSSES,48210,129
GOUDOURVILLE,82400,129
GOUISE,03340,129
GOUTRENS,12390,129
GOUTZ,32500,129
GOUX,32400,129
GRAFFIGNY CHEMIN,52150,129
GRAMOND,12160,129
GRAMONT,82120,129
GRANDCHAMP,08270,129
GRANDHAM,08250,129
GRANDPRE,08250,129
GRANDRIEU,48600,129
GRANDVALS,48260,129
GRENANT,52500,129
GRIVY LOISY,08400,129
GRUYERES,08430,129
GUDMONT VILLIERS,52320,129
GUE D HOSSUS,08230,129
GUIGNICOURT SUR VENCE,08430,129
GUINCOURT,08130,129
GUINDRECOURT AUX ORMES,52300,129
GUINDRECOURT SUR BLAISE,52330,129
GUYONVELLE,52400,129
HACOURT,52150,129
HAGET,32730,129
HAGNICOURT,08430,129
HALLIGNICOURT,52100,129
HAM LES MOINES,08090,129
HAM SUR MEUSE,08600,129
HANNAPPES,08290,129
HANNOGNE ST MARTIN,08160,129
HANNOGNE ST REMY,08220,129
HARAUCOURT,08450,129
HARCY,08150,129
HARGNIES,08170,129
HARREVILLE LES CHANTEURS,52150,129
HARRICOURT,08240,129
HAUDRECY,08090,129
HAULIES,32550,129
HAULME,08800,129
HAUT BOCAGE,03190,129
HAUTE AMANCE,52600,129
HAUTERIVE,03270,129
HAUVINE,08310,129
HAYBES,08170,129
HERBEUVAL,08370,129
HERISSON,03190,129
HERPY L ARLESIENNE,08360,129
HEUILLEY LE GRAND,52600,129
HIERGES,08320,129
HOUDILCOURT,08190,129
HOULDIZY,08090,129
HUILLIECOURT,52150,129
HUMBECOURT,52290,129
HUMBERVILLE,52700,129
HUMES JORQUENAY,52200,129
HUPARLAC,12460,129
HURES LA PARADE,48150,129
HURIEL,03380,129
HYDS,03600,129
IDRAC RESPAILLES,32300,129
ILLOUD,52150,129
ILLY,08200,129
IMECOURT,08240,129
INAUMONT,08300,129
IS EN BASSIGNY,52140,129
ISLE ET BARDAIS,03360,129
ISOMES,52190,129
ISPAGNAC,48320,129
ISSANCOURT ET RUMEL,08440,129
ISSERPENT,03120,129
IZOTGES,32400,129
JALIGNY SUR BESBRE,03220,129
JANDUN,08430,129
JEGUN,32360,129
JENZAT,03800,129
JOIGNY SUR MEUSE,08700,129
JOINVILLE,52300,129
JONCHERY,52000,129
JONVAL,08130,129
JU BELLOC,32160,129
JUILLES,32200,129
JULIANGES,48140,129
JUNIVILLE,08310,129
JUSTIAN,32190,129
JUSTINE HERBIGNY,08270,129
JUZENNECOURT,52330,129
L ECAILLE,08300,129
L ECHELLE,08150,129
L HONOR DE COS,82130,129
L HOSPITALET DU LARZAC,12230,129
L ISLE ARNE,32270,129
L ISLE BOUZON,32380,129
L ISLE DE NOE,32300,129
L ISLE JOURDAIN,32600,129
LA BASTIDE PRADINES,12490,129
LA BASTIDE PUYLAURENT,48250,129
LA BASTIDE SOLAGES,12550,129
LA BERLIERE,08240,129
LA BESACE,08450,129
LA CANOURGUE,48500,129
LA CAPELLE BALAGUIER,12260,129
LA CAPELLE BLEYS,12240,129
LA CAPELLE BONANCE,12130,129
LA CAVALERIE,12230,129
LA CELLE,03600,129
LA CHABANNE,03250,129
LA CHAPELAUDE,03380,129
LA CHAPELLE,03300,129
LA CHAPELLE AUX CHASSES,03230,129
LA COUVERTOIRADE,12230,129
LA CRESSE,12640,129
LA CROIX AUX BOIS,08400,129
LA FAGE MONTIVERNOUX,48310,129
LA FAGE ST JULIEN,48200,129
LA FEREE,08290,129
LA FERTE HAUTERIVE,03340,129
LA FERTE SUR CHIERS,08370,129
LA FOUILLADE,12270,129
LA FRANCHEVILLE,08000,129
LA GENEVROYE,52320,129
LA GRANDVILLE,08700,129
LA GUILLERMIE,03250,129
LA HORGNE,08430,129
LA LOUBIERE,12740,129
LA MALENE,48210,129
LA NEUVILLE A MAIRE,08450,129
LA NEUVILLE AUX JOUTES,08380,129
LA NEUVILLE EN TOURNE A FUY,08310,129
LA NEUVILLE LES WASIGNY,08270,129
LA PANOUSE,48600,129
LA PETITE MARCHE,03420,129
LA PORTE DU DER,52220,129
LA ROMAGNE,08220,129
LA ROMIEU,32480,129
LA ROQUE STE MARGUERITE,12100,129
LA ROUQUETTE,12200,129
LA SABOTTERIE,08130,129
LA SALVETAT BELMONTET,82230,129
LA SALVETAT PEYRALES,12440,129
LA SAUVETAT,32500,129
LA SERRE,12380,129
LA TIEULE,48500,129
LA VILLE DIEU DU TEMPLE,82290,129
LAAS,32170,129
LABARTHE,32260,129
LABARTHETE,32400,129
LABASTIDE DE PENNE,82240,129
LABASTIDE DU TEMPLE,82100,129
LABASTIDE SAVES,32130,129
LABASTIDE ST PIERRE,82370,129
LABEJAN,32300,129
LABOURGADE,82100,129
LABRIHE,32120,129
LACAPELLE LIVRON,82160,129
LACHAMP RIBENNES,48100,129
LACHAPELLE EN BLAISY,52330,129
LACOUR,82190,129
LACOURT ST PIERRE,82290,129
LACROIX BARREZ,12600,129
LADEVEZE RIVIERE,32230,129
LADEVEZE VILLE,32230,129
LAFAUCHE,52700,129
LAFELINE,03500,129
LAFERTE SUR AMANCE,52500,129
LAFERTE SUR AUBE,52120,129
LAFITTE,82100,129
LAFRANCAISE,82130,129
LAGARDE HACHAN,32300,129
LAGARDERE,32310,129
LAGRAULET DU GERS,32330,129
LAGUEPIE,82250,129
LAGUIAN MAZOUS,32170,129
LAGUIOLE,12210,129
LAHAS,32130,129
LAHITTE,32810,129
LAIFOUR,08800,129
LAISSAC SEVERAC L EGLISE,12310,129
LAJO,48120,129
LALANNE,32500,129
LALANNE ARQUE,32140,129
LALIZOLLE,03450,129
LALOBBE,08460,129
LAMAGISTERE,82360,129
LAMAGUERE,32260,129
LAMAIDS,03380,129
LAMANCINE,52310,129
LAMAZERE,32300,129
LAMETZ,08130,129
LAMOTHE CAPDEVILLE,82130,129
LAMOTHE CUMONT,82500,129
LAMOTHE GOAS,32500,129
LANCON,08250,129
LANDRES ET ST GEORGES,08240,129
LANDRICHAMPS,08600,129
LANEUVELLE,52400,129
LANEUVILLE A REMY,52220,129
LANEUVILLE AU PONT,52100,129
LANGOGNE,48300,129
LANGRES,52200,129
LANGY,03150,129
LANNE SOUBIRAN,32110,129
LANNEMAIGNAN,32240,129
LANNEPAX,32190,129
LANNUX,32400,129
LANQUES SUR ROGNON,52800,129
LANTY SUR AUBE,52120,129
LANUEJOULS,12350,129
LAPALISSE,03120,129
LAPANOUSE DE CERNON,12230,129
LAPENCHE,82240,129
LAPRUGNE,03250,129
LAREE,32150,129
LARIVIERE ARNONCOURT,52400,129
LARRAZET,82500,129
LARRESSINGLE,32100,129
LARROQUE ENGALIN,32480,129
LARROQUE ST SERNIN,32410,129
LARROQUE SUR L OSSE,32100,129
LARTIGUE,32450,129
LASSERAN,32550,129
LASSERRADE,32160,129
LASSEUBE PROPRE,32550,129
LASSOUTS,12500,129
LATRECEY ORMOY SUR AUBE,52120,129
LAUBERT,48170,129
LAUJUZAN,32110,129
LAUNOIS SUR VENCE,08430,129
LAURAET,32330,129
LAUZERTE,82110,129
LAVAL DU TARN,48500,129
LAVAL MORENCY,08150,129
LAVAL ROQUECEZIERE,12380,129
LAVARDENS,32360,129
LAVAULT STE ANNE,03100,129
LAVAURETTE,82240,129
LAVERAET,32230,129
LAVERNOY,52140,129
LAVEYRUNE,48250,129
LAVILLE AUX BOIS,52000,129
LAVILLENEUVE,52140,129
LAVILLENEUVE AU ROI,52330,129
LAVIT,82120,129
LAVOINE,03250,129
LAYMONT,32220,129
LE BAS SEGALA,12200,129
LE BOUCHAUD,03130,129
LE BRETHON,03350,129
LE BREUIL,03120,129
LE BROUILH MONBERT,32350,129
LE BUISSON,48100,129
LE CAUSE,82500,129
LE CAYROL,12500,129
LE CHATELET SUR MEUSE,52400,129
LE CHATELET SUR RETOURNE,08300,129
LE CHATELET SUR SORMONNE,08150,129
LE CLAPIER,12540,129
LE COLLET DE DEZE,48160,129
LE DONJON,03130,129
LE FEL,12140,129
LE FRETY,08290,129
LE HOUGA,32460,129
LE MALZIEU FORAIN,48140,129
LE MALZIEU VILLE,48140,129
LE MAYET D ECOLE,03800,129
LE MAYET DE MONTAGNE,03250,129
LE MONASTERE,12000,129
LE MONTET,03240,129
LE MONTSAUGEONNAIS,52190,129
LE NAYRAC,12190,129
LE PAILLY,52600,129
LE PIN,03130,129
LE POMPIDOU,48110,129
LE ROZIER,48150,129
LE THEIL,03240,129
LE THOUR,08190,129
LE TRUEL,12430,129
LE VAL D ESNOMS,52190,129
LE VERNET,03200,129
LE VEURDRE,03320,129
LE VIBAL,12290,129
LE VILHAIN,03350,129
LEBOULIN,32810,129
LECEY,52360,129
LECTOURE,32700,129
LEDERGUES,12170,129
LEFFINCOURT,08310,129
LEFFONDS,52210,129
LELIN LAPUJOLLE,32400,129
LENAX,03130,129
LEOJAC,82230,129
LEPRON LES VALLEES,08150,129
LES ALBRES,12220,129
LES AYVELLES,08000,129
LES BARTHES,82100,129
LES BESSONS,48200,129
LES BONDONS,48400,129
LES COSTES GOZON,12400,129
LES DEUX VILLES,08110,129
LES GRANDES ARMOISES,08390,129
LES HAUTES RIVIERES,08800,129
LES HERMAUX,48340,129
LES LAUBIES,48700,129
LES MAZURES,08500,129
LES MONTS VERTS,48200,129
LES PETITES ARMOISES,08390,129
LES SALCES,48100,129
LESCHERES SUR LE BLAISERON,52110,129
LESCURE JAOUL,12440,129
LESTRADE ET THOUELS,12430,129
LETANNE,08210,129
LETELON,03360,129
LEUCHEY,52190,129
LEURVILLE,52700,129
LEVECOURT,52150,129
LEZEVILLE,52230,129
LIART,08290,129
LIAS,32600,129
LIAS D ARMAGNAC,32240,129
LIERNOLLES,03130,129
LIFFOL LE PETIT,52700,129
LIGARDES,32480,129
LIGNEROLLES,03410,129
LIMOISE,03320,129
LINAY,08110,129
LIRY,08400,129
LIVINHAC LE HAUT,12300,129
LIZAC,82200,129
LODDES,03130,129
LOGNY BOGNY,08150,129
LOMBEZ,32220,129
LONGEAU PERCEY,52250,129
LONGWE,08400,129
LONNY,08150,129
LORIGES,03500,129
LOUBEDAT,32110,129
LOUBERSAN,32300,129
LOUCHY MONTFAND,03500,129
LOUROUX BOURBONNAIS,03350,129
LOUROUX DE BEAUNE,03600,129
LOUROUX DE BOUBLE,03330,129
LOURTIES MONBRUN,32140,129
LOUSLITGES,32230,129
LOUSSOUS DEBAT,32290,129
LOUVEMONT,52130,129
LOUVIERES,52800,129
LOZE,82160,129
LUC,48250,129
LUC LA PRIMAUBE,12450,129
LUCQUY,08300,129
LUGAN,12220,129
LUMES,08440,129
LUNAC,12270,129
LUNEAU,03130,129
LUPIAC,32290,129
LUPPE VIOLLES,32110,129
LURCY LEVIS,03320,129
LUSIGNY,03230,129
LUZY SUR MARNE,52000,129
MAATZ,52500,129
MACHAULT,08310,129
MAGNAN,32110,129
MAGNAS,32380,129
MAGNET,03260,129
MAIGNAUT TAUZIA,32310,129
MAISONCELLE ET VILLERS,08450,129
MAISONCELLES,52240,129
MAIZIERES SUR AMANCE,52500,129
MALABAT,32730,129
MALAINCOURT SUR MEUSE,52150,129
MALANDRY,08370,129
MALAUSE,82200,129
MALEVILLE,12350,129
MALICORNE,03600,129
MANAS BASTANOUS,32170,129
MANCIET,32370,129
MANDRES LA COTE,52800,129
MANENT MONTANE,32140,129
MANHAC,12160,129
MANOIS,52700,129
MANRE,08400,129
MANSEMPUY,32120,129
MANSENCOME,32310,129
MANSONVILLE,82120,129
MARAC,52260,129
MARAMBAT,32190,129
MARANVILLE,52370,129
MARANWEZ,08460,129
MARAVAT,32120,129
MARBEVILLE,52320,129
MARBY,08260,129
MARCENAT,03260,129
MARCIAC,32230,129
MARCILLAC VALLON,12330,129
MARCILLAT EN COMBRAILLE,03420,129
MARCILLY EN BASSIGNY,52360,129
MARCQ,08250,129
MARDOR,52200,129
MAREILLES,52700,129
MARESTAING,32490,129
MARGNY,08370,129
MARGOUET MEYMES,32290,129
MARGUESTAU,32150,129
MARGUT,08370,129
MARIGNY,03210,129
MARIOL,03270,129
MARLEMONT,08290,129
MARNAY SUR MARNE,52800,129
MARNHAGUES ET LATOUR,12540,129
MARQUIGNY,08390,129
MARS SOUS BOURCQ,08400,129
MARSAN,32270,129
MARSEILLAN,32170,129
MARSOLAN,32700,129
MARTIEL,12200,129
MARTRIN,12550,129
MARVAUX VIEUX,08400,129
MARVEJOLS,48100,129
MAS D AUVIGNON,32700,129
MAS GRENIER,82600,129
MAS ST CHELY,48210,129
MASCARAS,32230,129
MASSEGROS CAUSSES GORGES,48210,129
MASSEUBE,32140,129
MATHONS,52300,129
MATTON ET CLEMENCY,08110,129
MAUBERT FONTAINE,08260,129
MAULEON D ARMAGNAC,32240,129
MAULICHERES,32400,129
MAUMUSSON,82120,129
MAUMUSSON LAGUIAN,32400,129
MAUROUX,32380,129
MAYRAN,12390,129
MAZERIER,03800,129
MAZERNY,08430,129
MAZIRAT,03420,129
MEAULNE VITRAY,03360,129
MEAUZAC,82290,129
MEILHAN,32420,129
MEILLARD,03500,129
MEILLERS,03210,129
MELAGUES,12360,129
MELAY,52400,129
MELJAC,12120,129
MENDE,48000,129
MENIL ANNELLES,08310,129
MENIL LEPINOIS,08310,129
MENNOUVEAUX,52240,129
MERCY,03340,129
MERENS,32360,129
MERLES,82210,129
MERREY,52240,129
MERTRUD,52110,129
MESMONT,08270,129
MESPLES,03370,129
MESSINCOURT,08110,129
MEURES,52310,129
MEYRUEIS,48150,129
MIELAN,32170,129
MILLAU,12100,129
MIRADOUX,32340,129
MIRAMONT D ASTARAC,32300,129
MIRAMONT DE QUERCY,82190,129
MIRAMONT LATOUR,32390,129
MIRANDE,32300,129
MIRANNES,32350,129
MIRBEL,52320,129
MOESLAINS,52100,129
MOGUES,08110,129
MOIRY,08370,129
MOISSAC,82200,129
MOISSAC VALLEE FRANCAISE,48110,129
MOLEZON,48110,129
MOLINET,03510,129
MOLLES,03300,129
MONBEQUI,82170,129
MONBLANC,32130,129
MONBRUN,32600,129
MONCASSIN,32300,129
MONCLAR,32150,129
MONCLAR DE QUERCY,82230,129
MONCLAR SUR LOSSE,32300,129
MONCORNEIL GRAZAN,32260,129
MONDIGNY,08430,129
MONESTIER,03140,129
MONETAY SUR ALLIER,03500,129
MONETAY SUR LOIRE,03470,129
MONFERRAN PLAVES,32260,129
MONFERRAN SAVES,32490,129
MONFORT,32120,129
MONGAUSY,32220,129
MONGUILHEM,32240,129
MONLAUR BERNET,32140,129
MONLEZUN,32230,129
MONLEZUN D ARMAGNAC,32240,129
MONPARDIAC,32170,129
MONT D ASTARAC,32140,129
MONT DE MARRAST,32170,129
MONT LAURENT,08130,129
MONT LOZERE ET GOULET,48170,129
MONT ST REMY,08310,129
MONTADET,32220,129
MONTAGNOL,12360,129
MONTAGUDET,82110,129
MONTAIGU DE QUERCY,82150,129
MONTAIGU LE BLIN,03150,129
MONTAIGUET EN FOREZ,03130,129
MONTALZAT,82270,129
MONTAMAT,32220,129
MONTAUBAN,82000,129
MONTAUT LES CRENEAUX,32810,129
MONTBARLA,82110,129
MONTBARTIER,82700,129
MONTBAZENS,12220,129
MONTBETON,82290,129
MONTBEUGNY,03340,129
MONTCHARVOT,52400,129
MONTCHEUTIN,08250,129
MONTCOMBROUX LES MINES,03130,129
MONTCY NOTRE DAME,08090,129
MONTECH,82700,129
MONTEGUT,32550,129
MONTEGUT ARROS,32730,129
MONTEGUT SAVES,32220,129
MONTEIGNET SUR L ANDELOT,03800,129
MONTEILS,12200,129
MONTESQUIOU,32320,129
MONTESTRUC SUR GERS,32390,129
MONTEZIC,12460,129
MONTFERMIER,82270,129
MONTFRANC,12380,129
MONTGON,08390,129
MONTHERIES,52330,129
MONTHERME,08800,129
MONTHOIS,08400,129
MONTIES,32420,129
MONTIGNY SUR MEUSE,08170,129
MONTIGNY SUR VENCE,08430,129
MONTILLY,03000,129
MONTIRON,32200,129
MONTJAUX,12490,129
MONTLAUR,12400,129
MONTLUCON,03100,129
MONTMARAULT,03390,129
MONTMEILLANT,08220,129
MONTOLDRE,03150,129
MONTORD,03500,129
MONTOT SUR ROGNON,52700,129
MONTPEYROUX,12210,129
MONTPEZAT DE QUERCY,82270,129
MONTREUIL SUR BLAISE,52130,129
MONTREUIL SUR THONNANCE,52230,129
MONTRICOUX,82800,129
MONTRODAT,48100,129
MONTROZIER,12630,129
MONTS DE RANDON,48000,129
MONTSALES,12260,129
MONTVICQ,03170,129
MORANCOURT,52110,129
MORIONVILLIERS,52700,129
MORLHON LE HAUT,12200,129
MORMES,32240,129
MOSTUEJOULS,12720,129
MOUCHAN,32330,129
MOUCHES,32300,129
MOUILLERON,52160,129
MOUNES PROHENCOUX,12370,129
MOUREDE,32190,129
MOURET,12330,129
MOURON,08250,129
MOUZON,08210,129
MOYRAZES,12160,129
MUR DE BARREZ,12600,129
MURASSON,12370,129
MURAT,03390,129
MURET LE CHATEAU,12330,129
MUROLS,12600,129
MURTIN ET BOGNY,08150,129
MUSSEY SUR MARNE,52300,129
NADES,03450,129
NAJAC,12270,129
NANT,12230,129
NANTEUIL SUR AISNE,08300,129
NARCY,52170,129
NASBINALS,48260,129
NASSIGNY,03190,129
NAUCELLE,12800,129
NAUSSAC,12700,129
NAUSSAC FONTANES,48300,129
NAUVIALE,12330,129
NAVES,03330,129
NEGREPELISSE,82800,129
NERIS LES BAINS,03310,129
NEUFLIZE,08300,129
NEUFMAISON,08460,129
NEUFMANIL,08700,129
NEUILLY EN DONJON,03130,129
NEUILLY L EVEQUE,52360,129
NEUILLY LE REAL,03340,129
NEUILLY SUR SUIZE,52000,129
NEURE,03320,129
NEUVELLE LES VOISEY,52400,129
NEUVILLE DAY,08130,129
NEUVILLE LES THIS,08090,129
NEUVILLE LEZ BEAULIEU,08380,129
NEUVIZY,08430,129
NEUVY,03000,129
NINVILLE,52800,129
NIZAS,32130,129
NIZEROLLES,03250,129
NOALHAC,48310,129
NOGARO,32110,129
NOGENT,52800,129
NOHIC,82370,129
NOIDANT CHATENOY,52600,129
NOIDANT LE ROCHEUX,52200,129
NOILHAN,32130,129
NOIRVAL,08400,129
NOMECOURT,52300,129
NONCOURT SUR LE RONGEANT,52230,129
NOUART,08240,129
NOUGAROULET,32270,129
NOULENS,32800,129
NOUVION SUR MEUSE,08160,129
NOUZONVILLE,08700,129
NOVION PORCIEN,08270,129
NOVY CHEVRIERES,08300,129
NOYANT D ALLIER,03210,129
NOYERS PONT MAUGIS,08350,129
NULLY,52110,129
OCCEY,52190,129
OCHES,08240,129
OLEMPS,12510,129
OLIZY PRIMAT,08250,129
OLS ET RINHODES,12260,129
OMICOURT,08450,129
OMONT,08430,129
ONET LE CHATEAU,12000,129
ORBESSAN,32260,129
ORBIGNY AU MONT,52360,129
ORBIGNY AU VAL,52360,129
ORCEVAUX,52250,129
ORDAN LARROQUE,32350,129
ORGES,52120,129
ORGUEIL,82370,129
ORMANCEY,52200,129
ORMOY LES SEXFONTAINES,52310,129
ORNEZAN,32260,129
ORQUEVAUX,52700,129
OSNE LE VAL,52300,129
OSNES,08110,129
OUDINCOURT,52310,129
OUTREMECOURT,52150,129
OZIERES,52700,129
PALAISEUL,52600,129
PALHERS,48100,129
PALLANNE,32230,129
PALMAS D AVEYRON,12310,129
PANASSAC,32140,129
PANJAS,32110,129
PANSEY,52230,129
PARAY LE FRESIL,03230,129
PARAY SOUS BRIAILLES,03500,129
PARNOY EN BASSIGNY,52400,129
PAROY SUR SAULX,52300,129
PAUILHAC,32500,129
PAULHAC EN MARGERIDE,48140,129
PAULHE,12520,129
PAUVRES,08310,129
PAVIE,32550,129
PEBEES,32130,129
PEIGNEY,52200,129
PELLEFIGUE,32420,129
PELOUSE,48000,129
PERCHEDE,32460,129
PERGAIN TAILLAC,32700,129
PERIGNY,03120,129
PERRANCEY LES VIEUX MOULINS,52200,129
PERROGNEY LES FONTAINES,52160,129
PERRUSSE,52240,129
PERTHES,08300,129
PERVILLE,82400,129
PESSAN,32550,129
PESSOULENS,32380,129
PEUX ET COUFFOULEUX,12360,129
PEYRE EN AUBRAC,48130,129
PEYRECAVE,32340,129
PEYRELEAU,12720,129
PEYRUSSE GRANDE,32320,129
PEYRUSSE LE ROC,12220,129
PEYRUSSE MASSAS,32360,129
PEYRUSSE VIEILLE,32230,129
PIED DE BORNE,48800,129
PIERREFICHE,12130,129
PIERREFITTE SUR LOIRE,03470,129
PIERREMONT SUR AMANCE,52500,129
PIQUECOS,82130,129
PIS,32500,129
PISSELOUP,52500,129
PLAISANCE,12550,129
PLANRUPT,52220,129
PLESNOY,52360,129
PLIEUX,32340,129
POEZAT,03800,129
POILCOURT SYDNEY,08190,129
POINSENOT,52160,129
POINSON LES FAYL,52500,129
POINSON LES GRANCEY,52160,129
POINSON LES NOGENT,52800,129
POISEUL,52360,129
POISSONS,52230,129
POIX TERRON,08430,129
POMAYROLS,12130,129
POMMEVIC,82400,129
POMPIAC,32130,129
PONSAMPERE,32300,129
PONSAN SOUBIRAN,32300,129
PONT DE MONTVERT SUD MONT LOZERE,48220,129
PONT DE SALARS,12290,129
PONT LA VILLE,52120,129
POULANGY,52800,129
POUPAS,82120,129
POURCHARESSES,48800,129
POURU AUX BOIS,08140,129
POURU ST REMY,08140,129
POUSTHOMY,12380,129
POUY LOUBRIN,32260,129
POUY ROQUELAURE,32480,129
POUYDRAGUIN,32290,129
POUYLEBON,32320,129
POUZY MESANGY,03320,129
PRADES D AUBRAC,12470,129
PRADES SALARS,12290,129
PRADINAS,12240,129
PRASLAY,52160,129
PRECHAC,32390,129
PRECHAC SUR ADOUR,32160,129
PREIGNAN,32810,129
PREMILHAT,03410,129
PRENERON,32190,129
PRESSIGNY,52500,129
PREVENCHERES,48800,129
PREVINQUIERES,12350,129
PREZ,08290,129
PREZ SOUS LAFAUCHE,52700,129
PRINSUEJOLS MALBOUZON,48100,129
PRIVEZAC,12350,129
PRIX LES MEZIERES,08000,129
PROJAN,32400,129
PRUINES,12320,129
PUILLY ET CHARBEAUX,08370,129
PUISEUX,08270,129
PUJAUDRAN,32600,129
PURE,08110,129
PUYCASQUIER,32120,129
PUYCORNET,82220,129
PUYGAILLARD DE LOMAGNE,82120,129
PUYGAILLARD DE QUERCY,82800,129
PUYLAGARDE,82160,129
PUYLAROQUE,82240,129
PUYLAUSIC,32220,129
PUYSEGUR,32390,129
QUATRE CHAMPS,08400,129
QUILLY,08400,129
QUINS,12800,129
QUINSSAINES,03380,129
RACHECOURT SUR MARNE,52170,129
RACHECOURT SUZEMONT,52130,129
RAILLICOURT,08430,129
RAMOUZENS,32800,129
RANCENNES,08600,129
RANCONNIERES,52140,129
RANGECOURT,52140,129
RAUCOURT ET FLABA,08450,129
RAZENGUES,32600,129
REALVILLE,82440,129
REANS,32800,129
REBOURGUIL,12400,129
RECOULES D AUBRAC,48260,129
RECOULES DE FUMAS,48100,129
REGNIOWEZ,08230,129
REJAUMONT,32390,129
REMILLY AILLICOURT,08450,129
REMILLY LES POTHEES,08150,129
RENNEPONT,52370,129
RENNEVILLE,08220,129
RENWEZ,08150,129
REQUISTA,12170,129
RETHEL,08300,129
REUGNY,03190,129
REVIN,08500,129
REYNEL,52700,129
REYNIES,82370,129
RIAUCOURT,52000,129
RICHEBOURG,52120,129
RICOURT,32230,129
RIEUPEYROUX,12240,129
RIGNAC,12390,129
RIGUEPEU,32320,129
RILLY SUR AISNE,08130,129
RIMAUCOURT,52700,129
RIMEIZE,48200,129
RIMOGNE,08150,129
RISCLE,32400,129
RIVES DERVOISES,52220,129
RIVIERE LES FOSSES,52190,129
RIVIERE SUR TARN,12640,129
RIVIERES LE BOIS,52600,129
RIZAUCOURT BUCHEY,52330,129
ROCHEFORT SUR LA COTE,52700,129
ROCHES BETTAINCOURT,52270,129
ROCHES SUR MARNE,52410,129
ROCHETAILLEE,52210,129
ROCLES,03240,129
ROCROI,08230,129
RODELLE,12340,129
RODEZ,12000,129
ROIZY,08190,129
ROLAMPONT,52260,129
ROMAIN SUR MEUSE,52150,129
RONGERES,03150,129
RONNET,03420,129
ROQUEBRUNE,32190,129
ROQUECOR,82150,129
ROQUEFORT,32390,129
ROQUEFORT SUR SOULZON,12250,129
ROQUELAURE,32810,129
ROQUELAURE ST AUBIN,32430,129
ROQUEPINE,32100,129
ROUECOURT,52320,129
ROUELLES,52160,129
ROUGEUX,52500,129
ROUSSENNAC,12220,129
ROUSSES,48400,129
ROUVRES SUR AUBE,52160,129
ROUVROY SUR AUDRY,08150,129
ROUVROY SUR MARNE,52300,129
ROZES,32190,129
RUBIGNY,08220,129
RULLAC ST CIRQ,12120,129
RUMIGNY,08290,129
RUPT,52300,129
SABAILLAN,32420,129
SABAZAN,32290,129
SACHY,08110,129
SADEILLAN,32170,129
SAILLY,08110,129
SAINTS GEOSMES,52200,129
SALIGNY SUR ROUDON,03470,129
SALLES COURBATIES,12260,129
SALLES CURAN,12410,129
SALLES D ARMAGNAC,32370,129
SALLES LA SOURCE,12330,129
SALMIECH,12120,129
SALVAGNAC CAJARC,12260,129
SAMARAN,32140,129
SAMATAN,32130,129
SANSAN,32260,129
SANSSAT,03150,129
SANVENSA,12200,129
SAPIGNICOURT,52100,129
SAPOGNE ET FEUCHERES,08160,129
SAPOGNE SUR MARCHE,08370,129
SARAMON,32450,129
SARCEY,52800,129
SARRAGACHIES,32400,129
SARRAGUZAN,32170,129
SARRANT,32120,129
SARREY,52140,129
SAUCLIERES,12230,129
SAUDRON,52230,129
SAUJAC,12260,129
SAULCES CHAMPENOISES,08130,129
SAULCES MONCLIN,08270,129
SAULCET,03500,129
SAULLES,52500,129
SAULT LES RETHEL,08300,129
SAULT ST REMY,08190,129
SAULXURES,52140,129
SAULZET,03800,129
SAUVAGNY,03430,129
SAUVETERRE DE ROUERGUE,12800,129
SAUVIAC,32300,129
SAUVILLE,08390,129
SAUVIMONT,32220,129
SAVENES,82600,129
SAVIGNAC,12200,129
SAVIGNAC MONA,32130,129
SAVIGNY SUR AISNE,08400,129
SAZERET,03390,129
SCIEURAC ET FLOURES,32230,129
SEAILLES,32190,129
SEBAZAC CONCOURES,12740,129
SEBRAZAC,12190,129
SECHAULT,08250,129
SECHEVAL,08150,129
SEDAN,08200,129
SEGOS,32400,129
SEGOUFIELLE,32600,129
SEGUR,12290,129
SEISSAN,32260,129
SEMBOUES,32230,129
SEMEZIES CACHAN,32450,129
SEMIDE,08400,129
SEMILLY,52700,129
SEMOUTIERS MONTSAON,52000,129
SEMPESSERRE,32700,129
SEMUY,08130,129
SENERGUES,12320,129
SENUC,08250,129
SEPTFONDS,82240,129
SERAINCOURT,08220,129
SERBANNES,03700,129
SERE,32140,129
SEREMPUY,32120,129
SERQUEUX,52400,129
SERVERETTE,48700,129
SERVILLY,03120,129
SERY,08270,129
SEUIL,08300,129
SEUILLET,03260,129
SEVERAC D AVEYRON,12150,129
SEVIGNY LA FORET,08230,129
SEVIGNY WALEPPE,08220,129
SEXFONTAINES,52330,129
SEYSSES SAVES,32130,129
SIGNEVILLE,52700,129
SIGNY L ABBAYE,08460,129
SIGNY LE PETIT,08380,129
SIGNY MONTLIBERT,08370,129
SILVAROUVRES,52120,129
SIMORRE,32420,129
SINGLY,08430,129
SION,32110,129
SIRAC,32430,129
SISTELS,82340,129
SOLOMIAC,32120,129
SOMMANCOURT,52130,129
SOMMAUTHE,08240,129
SOMMERANCE,08250,129
SOMMERECOURT,52150,129
SOMMEVOIRE,52220,129
SON,08300,129
SONCOURT SUR MARNE,52320,129
SONNAC,12700,129
SORBETS,32110,129
SORBIER,03220,129
SORBON,08300,129
SORCY BAUTHEMONT,08270,129
SORMONNE,08150,129
SOULAGES BONNEVAL,12210,129
SOULAUCOURT SUR MOUZON,52150,129
SOUVIGNY,03210,129
SOYERS,52400,129
ST AFFRIQUE,12400,129
ST AIGNAN,08350,129
ST ALBAN SUR LIMAGNOLE,48120,129
ST AMANS DE PELLAGAL,82110,129
ST AMANS DES COTS,12460,129
ST AMANS DU PECH,82150,129
ST ANDRE CAPCEZE,48800,129
ST ANDRE DE LANCIZE,48240,129
ST ANDRE DE NAJAC,12270,129
ST ANDRE DE VEZINES,12720,129
ST ANGEL,03170,129
ST ANTONIN NOBLE VAL,82140,129
ST ARAILLES,32350,129
ST ARROMAN,32300,129
ST ARROUMEX,82210,129
ST AUBIN LE MONIAL,03160,129
ST AUNIX LENGROS,32160,129
ST AVIT FRANDAT,32700,129
ST BEAULIZE,12540,129
ST BEAUZEIL,82150,129
ST BEAUZELY,12620,129
ST BLIN,52700,129
ST BONNET DE CHIRAC,48100,129
ST BONNET DE FOUR,03390,129
ST BONNET DE ROCHEFORT,03800,129
ST BONNET LAVAL,48600,129
ST BONNET TRONCAIS,03360,129
ST BROINGT LE BOIS,52190,129
ST BROINGT LES FOSSES,52190,129
ST CAPRAIS,03190,129
ST CHELY D APCHER,48200,129
ST CHELY D AUBRAC,12470,129
ST CHRISTOPHE EN BOURBONNAIS,03120,129
ST CHRISTOPHE VALLON,12330,129
ST CIERGUES,52200,129
ST CIRICE,82340,129
ST CIRQ,82300,129
ST CLAR,32380,129
ST CLEMENT A ARNES,08310,129
ST COME D OLT,12500,129
ST CREAC,32380,129
ST CRICQ,32430,129
ST DENIS EN MARGERIDE,48700,129
ST DESIRE,03370,129
ST DIDIER EN DONJON,03130,129
ST DIDIER LA FORET,03110,129
ST DIZIER,52100,129
ST ELIX D ASTARAC,32450,129
ST ELIX THEUX,32300,129
ST ELOY D ALLIER,03370,129
ST ENNEMOND,03400,129
ST ETIENNE A ARNES,08310,129
ST ETIENNE DE TULMONT,82410,129
ST ETIENNE DE VICQ,03300,129
ST ETIENNE DU VALDONNEZ,48000,129
ST ETIENNE VALLEE FRANCAISE,48330,129
ST EULIEN,52100,129
ST FARGEOL,03420,129
ST FELIX,03260,129
ST FELIX DE LUNEL,12320,129
ST FELIX DE SORGUES,12400,129
ST FERGEUX,08360,129
ST FLOUR DE MERCOIRE,48300,129
ST FREZAL D ALBUGES,48170,129
ST GAL,48700,129
ST GENEST,03310,129
ST GENIEZ D OLT ET D AUBRAC,12130,129
ST GEORGES DE LUZENCON,12100,129
ST GERAND DE VAUX,03340,129
ST GERAND LE PUY,03150,129
ST GERMAIN DE CALBERTE,48370,129
ST GERMAIN DE SALLES,03140,129
ST GERMAIN DES FOSSES,03260,129
ST GERMAIN DU TEIL,48340,129
ST GERMAINMONT,08190,129
ST GERME,32400,129
ST GRIEDE,32110,129
ST HILAIRE,03440,129
ST HILAIRE DE LAVIT,48160,129
ST HIPPOLYTE,12140,129
ST IGEST,12260,129
ST IZAIRE,12480,129
ST JEAN AUX BOIS,08220,129
ST JEAN D ALCAPIES,12250,129
ST JEAN DELNOUS,12170,129
ST JEAN DU BOUZET,82120,129
ST JEAN DU BRUEL,12230,129
ST JEAN ET ST PAUL,12250,129
ST JEAN LA FOUILLOUSE,48170,129
ST JEAN LE COMTAL,32550,129
ST JEAN POUTGE,32190,129
ST JUERY,12550,129
ST JULIEN DES POINTS,48160,129
ST JUST SUR VIAUR,12170,129
ST JUSTIN,32230,129
ST JUVIN,08250,129
ST LAMBERT ET MONT DE JEUX,08130,129
ST LAURENT,08090,129
ST LAURENT D OLT,12560,129
ST LAURENT DE LEVEZOU,12620,129
ST LAURENT DE MURET,48100,129
ST LAURENT DE VEYRES,48310,129
ST LEGER DE PEYRE,48100,129
ST LEGER DU MALZIEU,48140,129
ST LEGER SUR VOUZANCE,03130,129
ST LEON,03220,129
ST LEONARD,32380,129
ST LEONS,12780,129
ST LEOPARDIN D AUGY,03160,129
ST LIZIER DU PLANTE,32220,129
ST LOUBE,32220,129
ST LOUP,03150,129
ST LOUP EN CHAMPAGNE,08300,129
ST LOUP SUR AUJON,52210,129
ST LOUP TERRIER,08130,129
ST MARCEAU,08160,129
ST MARCEL EN MARCILLAT,03420,129
ST MARCEL EN MURAT,03390,129
ST MARTIN,32300,129
ST MARTIN D ARMAGNAC,32110,129
ST MARTIN DE BOUBAUX,48160,129
ST MARTIN DE GOYNE,32480,129
ST MARTIN DE LANSUSCLE,48110,129
ST MARTIN DE LENNE,12130,129
ST MARTIN DES LAIS,03230,129
ST MARTIN GIMOIS,32450,129
ST MARTIN LES LANGRES,52200,129
ST MARTINIEN,03380,129
ST MAURICE,52200,129
ST MENGES,08200,129
ST MENOUX,03210,129
ST MEZARD,32700,129
ST MICHEL DE DEZE,48160,129
ST MONT,32400,129
ST MOREL,08400,129
ST NAUPHARY,82370,129
ST NAZAIRE DE VALENTANE,82190,129
ST NICOLAS DE LA GRAVE,82210,129
ST NICOLAS DES BIEFS,03250,129
ST ORENS,32120,129
ST ORENS POUY PETIT,32100,129
ST OST,32300,129
ST PALAIS,03370,129
ST PARTHEM,12300,129
ST PAUL D ESPIS,82400,129
ST PAUL DE BAISE,32190,129
ST PAUL LE FROID,48600,129
ST PIERRE A ARNES,08310,129
ST PIERRE D AUBEZIES,32290,129
ST PIERRE DE NOGARET,48340,129
ST PIERRE DES TRIPIERS,48150,129
ST PIERRE LE VIEUX,48200,129
ST PIERRE SUR VENCE,08430,129
ST PLAISIR,03160,129
ST PONT,03110,129
ST PORQUIER,82700,129
ST POURCAIN SUR BESBRE,03290,129
ST POURCAIN SUR SIOULE,03500,129
ST PRIEST D ANDELOT,03800,129
ST PRIEST EN MURAT,03390,129
ST PRIVAT DE VALLONGUE,48240,129
ST PRIVAT DU FAU,48140,129
ST PRIX,03120,129
ST PUY,32310,129
ST QUENTIN LE PETIT,08220,129
ST REMY EN ROLLAT,03110,129
ST REMY LE PETIT,08300,129
ST ROME DE CERNON,12490,129
ST ROME DE TARN,12490,129
ST SANTIN,12300,129
ST SATURNIN DE LENNE,12560,129
ST SAUVEUR DE GINESTOUX,48170,129
ST SAUVIER,03370,129
ST SAUVY,32270,129
ST SERNIN SUR RANCE,12380,129
ST SEVER DU MOUSTIER,12370,129
ST SORNIN,03240,129
ST SOULAN,32220,129
ST SYMPHORIEN DE THENIERES,12460,129
ST THIEBAULT,52150,129
ST URBAIN MACONCOURT,52300,129
ST VALLIER SUR MARNE,52200,129
ST VICTOR,03410,129
ST VICTOR ET MELVIEU,12400,129
ST VINCENT D AUTEJAC,82300,129
ST VINCENT LESPINASSE,82400,129
ST VOIR,03220,129
ST YORRE,03270,129
STE AURENCE CAZAUX,32300,129
STE CHRISTIE,32390,129
STE CHRISTIE D ARMAGNAC,32370,129
STE CROIX VALLEE FRANCAISE,48110,129
STE DODE,32170,129
STE EULALIE D OLT,12130,129
STE EULALIE DE CERNON,12230,129
STE JULIETTE,82110,129
STE JULIETTE SUR VIAUR,12120,129
STE MARIE,08400,129
STE MERE,32700,129
STE RADEGONDE,12850,129
STE THERENCE,03420,129
STE VAUBOURG,08130,129
STONNE,08390,129
SUGNY,08400,129
SURY,08090,129
SUSSAT,03450,129
SUZANNE,08130,129
SUZANNECOURT,52300,129
SY,08390,129
SYLVANES,12360,129
TACHOIRES,32260,129
TAGNON,08300,129
TAILLETTE,08230,129
TAILLY,08240,129
TAIZY,08360,129
TANNAY LE MONT DIEU,08390,129
TARGET,03140,129
TARSAC,32400,129
TARZY,08380,129
TASQUE,32160,129
TAURIAC DE CAMARES,12360,129
TAURIAC DE NAUCELLE,12800,129
TAUSSAC,12600,129
TAXAT SENAT,03140,129
TAYBOSC,32120,129
TAYRAC,12440,129
TEILLET ARGENTY,03410,129
TERJAT,03420,129
TERMES D ARMAGNAC,32400,129
TERNAT,52210,129
TERRAUBE,32700,129
TETAIGNE,08110,129
THELONNE,08350,129
THENEUILLE,03350,129
THENORGUES,08240,129
THERONDELS,12600,129
THIEL SUR ACOLIN,03230,129
THILAY,08800,129
THILLEUX,52220,129
THIN LE MOUTIER,08460,129
THIONNE,03220,129
THIS,08090,129
THIVET,52800,129
THOL LES MILLIERES,52240,129
THONNANCE LES JOINVILLE,52300,129
THONNANCE LES MOULINS,52230,129
THOUX,32430,129
THUGNY TRUGNY,08300,129
TIESTE URAGNOUX,32160,129
TILLAC,32170,129
TIRENT PONTEJAC,32450,129
TOGES,08400,129
TORCENAY,52600,129
TORNAY,52500,129
TORTEZAIS,03430,129
TOUFFAILLES,82190,129
TOUGET,32430,129
TOUJOUSE,32240,129
TOULIGNY,08430,129
TOULON SUR ALLIER,03400,129
TOULONJAC,12200,129
TOURCELLES CHAUMONT,08400,129
TOURDUN,32230,129
TOURNAN,32420,129
TOURNAVAUX,08800,129
TOURNECOUPE,32380,129
TOURNEMIRE,12250,129
TOURNES,08090,129
TOURRENQUETS,32390,129
TOURTERON,08130,129
TRAVERSERES,32450,129
TREBAN,03240,129
TREIGNAT,03380,129
TREIX,52000,129
TREJOULS,82110,129
TRELANS,48340,129
TREMBLOIS LES CARIGNAN,08110,129
TREMBLOIS LES ROCROI,08150,129
TREMILLY,52110,129
TREMOUILLES,12290,129
TRETEAU,03220,129
TREVOL,03460,129
TREZELLES,03220,129
TROISFONTAINES LA VILLE,52130,129
TRONCENS,32230,129
TRONGET,03240,129
TUDELLE,32190,129
URCAY,03360,129
URDENS,32500,129
URGOSSE,32110,129
USSEL D ALLIER,03140,129
VABRES L ABBAYE,12400,129
VAILHOURLES,12200,129
VAILLANT,52160,129
VAISSAC,82800,129
VAL DE MEUSE,52140,129
VALADY,12330,129
VALCOURT,52100,129
VALEILLES,82150,129
VALENCE SUR BAISE,32310,129
VALIGNAT,03330,129
VALIGNY,03360,129
VALLERET,52130,129
VALLON EN SULLY,03190,129
VALS DES TILLES,52160,129
VALZERGUES,12220,129
VANDY,08400,129
VAREN,82330,129
VARENNES SUR ALLIER,03150,129
VARENNES SUR AMANCE,52400,129
VARENNES SUR TECHE,03220,129
VAUDRECOURT,52150,129
VAUDREMONT,52330,129
VAUMAS,03220,129
VAUREILLES,12220,129
VAUX,03190,129
VAUX CHAMPAGNE,08130,129
VAUX EN DIEULET,08240,129
VAUX LES MOURON,08250,129
VAUX LES MOUZON,08210,129
VAUX LES RUBIGNY,08220,129
VAUX MONTREUIL,08270,129
VAUX SUR BLAISE,52130,129
VAUX SUR ST URBAIN,52300,129
VAUX VILLAINE,08150,129
VAUXBONS,52200,129
VAZERAC,82220,129
VEAUCE,03450,129
VEBRON,48400,129
VECQUEVILLE,52300,129
VENAS,03190,129
VENDAT,03110,129
VENDRESSE,08160,129
VENTALON EN CEVENNES,48160,129
VERBIESLES,52000,129
VERDUN SUR GARONNE,82600,129
VERGOIGNAN,32720,129
VERLHAC TESCOU,82230,129
VERLUS,32400,129
VERNEIX,03190,129
VERNEUIL EN BOURBONNAIS,03500,129
VERNUSSE,03390,129
VERPEL,08240,129
VERRIERES,08390,129
VERSEILLES LE BAS,52250,129
VERSEILLES LE HAUT,52250,129
VERSOLS ET LAPEYRE,12400,129
VESAIGNES SOUS LAFAUCHE,52700,129
VESAIGNES SUR MARNE,52800,129
VESVRES SOUS CHALANCEY,52190,129
VEYREAU,12720,129
VEZINS DE LEVEZOU,12780,129
VIALA DU PAS DE JAUX,12250,129
VIALA DU TARN,12490,129
VIALAS,48220,129
VIC FEZENSAC,32190,129
VICHY,03200,129
VICQ,03450,129
VIEL ST REMY,08270,129
VIELLA,32400,129
VIEURE,03430,129
VIEUX LES ASFELD,08190,129
VIEVILLE,52310,129
VIGNES LA COTE,52700,129
VIGNORY,52320,129
VIGUERON,82500,129
VILLARS EN AZOIS,52120,129
VILLARS SANTENOGE,52160,129
VILLE EN BLAISOIS,52130,129
VILLE SUR LUMES,08440,129
VILLE SUR RETOURNE,08310,129
VILLEBRET,03310,129
VILLEBRUMIER,82370,129
VILLECOMTAL,12580,129
VILLECOMTAL SUR ARROS,32730,129
VILLEFRANCHE D ALLIER,03430,129
VILLEFRANCHE D ASTARAC,32420,129
VILLEFRANCHE DE PANAT,12430,129
VILLEFRANCHE DE ROUERGUE,12200,129
VILLEGUSIEN LE LAC,52190,129
VILLEMADE,82130,129
VILLENEUVE SUR ALLIER,03460,129
VILLERS DEVANT LE THOUR,08190,129
VILLERS DEVANT MOUZON,08210,129
VILLERS LE TILLEUL,08430,129
VILLERS LE TOURNEUR,08430,129
VILLERS SEMEUSE,08000,129
VILLERS SUR BAR,08350,129
VILLERS SUR LE MONT,08430,129
VILLIERS EN LIEU,52100,129
VILLIERS LE SEC,52000,129
VILLIERS LES APREY,52190,129
VILLIERS SUR SUIZE,52210,129
VILLY,08370,129
VIMENET,12310,129
VIOLOT,52600,129
VIOZAN,32300,129
VIPLAIX,03370,129
VIREUX MOLHAIN,08320,129
VIREUX WALLERAND,08320,129
VITRY EN MONTAGNE,52160,129
VITRY LES NOGENT,52800,129
VIVEY,52160,129
VIVIER AU COURT,08440,129
VIVIEZ,12110,129
VOILLECOMTE,52130,129
VOISEY,52400,129
VOISINES,52200,129
VONCOURT,52500,129
VONCQ,08400,129
VOUECOURT,52320,129
VOUSSAC,03140,129
VOUZIERS,08400,129
VRAINCOURT,52310,129
VRIGNE AUX BOIS,08330,129
VRIGNE MEUSE,08350,129
VRONCOURT LA COTE,52240,129
WADELINCOURT,08200,129
WAGNON,08270,129
WARCQ,08000,129
WARNECOURT,08090,129
WASIGNY,08270,129
WASSY,52130,129
WIGNICOURT,08270,129
WILLIERS,08110,129
YGRANDE,03160,129
YONCQ,08210,129
YVERNAUMONT,08430,129
YZEURE,03400,129
AHUN,23150,115
AJAIN,23380,115
ALBEPIERRE BREDONS,15300,115
ALLANCHE,15160,115
ALLEUZE,15100,115
ALLY,15700,115
ANDELAT,15100,115
ANGLARDS DE SALERS,15380,115
ANGLARDS DE ST FLOUR,15100,115
ANTERRIEUX,15110,115
ANTIGNAC,15240,115
ANZEME,23000,115
APCHON,15400,115
ARCHES,15200,115
ARFEUILLE CHATAIN,23700,115
ARNAC,15150,115
ARPAJON SUR CERE,15130,115
ARRENES,23210,115
AUBUSSON,23200,115
AUGERES,23210,115
AULON,23210,115
AURIAC L EGLISE,15500,115
AURIAT,23400,115
AURILLAC,15000,115
AUZANCES,23700,115
AUZERS,15240,115
AYRENS,15250,115
AZAT CHATENET,23210,115
AZERABLES,23160,115
BADAILHAC,15800,115
BANIZE,23120,115
BARRIAC LES BOSQUETS,15700,115
BASSIGNAC,15240,115
BASVILLE,23260,115
BAZELAT,23160,115
BEISSAT,23260,115
BELLEGARDE EN MARCHE,23190,115
BENEVENT L ABBAYE,23210,115
BESSE,15140,115
BETETE,23270,115
BLESSAC,23200,115
BOISSET,15600,115
BONNAT,23220,115
BORD ST GEORGES,23230,115
BOSMOREAU LES MINES,23400,115
BOSROGER,23200,115
BOURGANEUF,23400,115
BOUSSAC BOURG,23600,115
BRAGEAC,15700,115
BREZONS,15230,115
BROUSSE,23700,115
BUDELIERE,23170,115
BUSSIERE DUNOISE,23320,115
BUSSIERE NOUVELLE,23700,115
BUSSIERE ST GEORGES,23600,115
CARLAT,15130,115
CASSANIOUZE,15340,115
CAYROLS,15290,115
CELOUX,15500,115
CEYROUX,23210,115
CEZENS,15230,115
CHALIERS,15320,115
CHALINARGUES,15170,115
CHALVIGNAC,15200,115
CHAMBERAUD,23480,115
CHAMBON STE CROIX,23220,115
CHAMBON SUR VOUEIZE,23170,115
CHAMBONCHARD,23110,115
CHAMBORAND,23240,115
CHAMPAGNAC,15350,115
CHAMPAGNAT,23190,115
CHAMPS SUR TARENTAINE MARCHAL,15270,115
CHAMPSANGLARD,23220,115
CHANTERELLE,15190,115
CHARD,23700,115
CHARMENSAC,15500,115
CHATELARD,23700,115
CHATELUS LE MARCHEIX,23430,115
CHATELUS MALVALEIX,23270,115
CHAUDES AIGUES,15110,115
CHAUSSENAC,15700,115
CHAVAGNAC,15300,115
CHAVANAT,23250,115
CHAZELLES,15500,115
CHENERAILLES,23130,115
CHENIERS,23220,115
CHEYLADE,15400,115
CLAIRAVAUX,23500,115
CLAVIERES,15320,115
CLUGNAT,23270,115
COLLANDRES,15400,115
COLONDANNES,23800,115
COLTINES,15170,115
CONDAT,15190,115
COREN,15100,115
CRANDELLES,15250,115
CRESSAT,23140,115
CROCQ,23260,115
CROS DE MONTVERT,15150,115
CROS DE RONESQUE,15130,115
CROZANT,23160,115
CROZE,23500,115
CUSSAC,15430,115
DEUX VERGES,15110,115
DIENNE,15300,115
DOMEYROT,23140,115
DONTREIX,23700,115
DRUGEAC,15140,115
DUN LE PALESTEL,23800,115
ESCORAILLES,15700,115
ESPINASSE,15110,115
EVAUX LES BAINS,23110,115
FAUX LA MONTAGNE,23340,115
FAUX MAZURAS,23400,115
FELLETIN,23500,115
FENIERS,23100,115
FERRIERES ST MARY,15170,115
FLAYAT,23260,115
FLEURAT,23320,115
FONTANGES,15140,115
FONTANIERES,23110,115
FRANSECHES,23480,115
FREIX ANGLARDS,15310,115
FRESSELINES,23450,115
FRIDEFONT,15110,115
FURSAC,23290,115
GARTEMPE,23320,115
GENOUILLAC,23350,115
GENTIOUX PIGEROLLES,23340,115
GIOU DE MAMOU,15130,115
GIOUX,23500,115
GIRGOLS,15310,115
GLENAT,15150,115
GLENIC,23380,115
GOURDIEGES,15230,115
GOUZON,23230,115
GUERET,23000,115
ISSOUDUN LETRIEIX,23130,115
JABRUN,15110,115
JALESCHES,23270,115
JALEYRAC,15200,115
JANAILLAT,23250,115
JARNAGES,23140,115
JOU SOUS MONJOU,15800,115
JOUILLAT,23220,115
JOURSAC,15170,115
JUNHAC,15120,115
JUSSAC,15250,115
LA BRIONNE,23000,115
LA CELLE DUNOISE,23800,115
LA CELLE SOUS GOUZON,23230,115
LA CELLETTE,23350,115
LA CHAPELLE BALOUE,23160,115
LA CHAPELLE D ALAGNON,15300,115
LA CHAPELLE LAURENT,15500,115
LA CHAPELLE ST MARTIAL,23250,115
LA CHAPELLE TAILLEFERT,23000,115
LA CHAUSSADE,23200,115
LA COURTINE,23100,115
LA FORET DU TEMPLE,23360,115
LA MAZIERE AUX BONS HOMMES,23260,115
LA MONSELIE,15240,115
LA NOUAILLE,23500,115
LA POUGE,23250,115
LA SAUNIERE,23000,115
LA SEGALASSIERE,15290,115
LA SERRE BUSSIERE VIEILLE,23190,115
LA SOUTERRAINE,23300,115
LA TRINITAT,15110,115
LA VILLENEUVE,23260,115
LA VILLETELLE,23260,115
LABESSERETTE,15120,115
LABROUSSE,15130,115
LACAPELLE BARRES,15230,115
LACAPELLE DEL FRAISSE,15120,115
LACAPELLE VIESCAMP,15150,115
LADAPEYRE,23270,115
LADINHAC,15120,115
LAFAT,23800,115
LAFEUILLADE EN VEZIE,15130,115
LANDEYRAT,15160,115
LANOBRE,15270,115
LAPEYRUGUE,15120,115
LAROQUEBROU,15150,115
LAROQUEVIEILLE,15250,115
LASCELLE,15590,115
LASTIC,15500,115
LAURIE,15500,115
LAVAUFRANCHE,23600,115
LAVAVEIX LES MINES,23150,115
LAVEISSENET,15300,115
LAVEISSIERE,15300,115
LAVIGERIE,15300,115
LE BOURG D HEM,23220,115
LE CHAUCHET,23130,115
LE CLAUX,15400,115
LE COMPAS,23700,115
LE DONZEIL,23480,115
LE FALGOUX,15380,115
LE FAU,15140,115
LE GRAND BOURG,23240,115
LE MAS D ARTIGE,23100,115
LE MONTEIL,15240,115
LE MONTEIL AU VICOMTE,23460,115
LE ROUGET PERS,15290,115
LE TRIOULOU,15600,115
LE VAULMIER,15380,115
LE VIGEAN,15200,115
LEPAUD,23170,115
LEPINAS,23150,115
LES MARS,23700,115
LES TERNES,15100,115
LEUCAMP,15120,115
LEYNHAC,15600,115
LEYRAT,23600,115
LIEUTADES,15110,115
LINARD MALVAL,23220,115
LIOUX LES MONGES,23700,115
LIZIERES,23240,115
LORCIERES,15320,115
LOURDOUEIX ST PIERRE,23360,115
LUGARDE,15190,115
LUPERSAT,23190,115
LUSSAT,23170,115
MADIC,15210,115
MAGNAT L ETRANGE,23260,115
MAINSAT,23700,115
MAISON FEYNE,23800,115
MAISONNISSES,23150,115
MALBO,15230,115
MALLERET,23260,115
MALLERET BOUSSAC,23600,115
MANDAILLES ST JULIEN,15590,115
MANSAT LA COURRIERE,23400,115
MARCHASTEL,15400,115
MARCOLES,15220,115
MARMANHAC,15250,115
MASSIAC,15500,115
MAURIAC,15200,115
MAURINES,15110,115
MAURS,15600,115
MAUTES,23190,115
MAZEIRAT,23150,115
MEALLET,15200,115
MEASNES,23360,115
MENET,15400,115
MENTIERES,15100,115
MERINCHAL,23420,115
MOLEDES,15500,115
MOLOMPIZE,15500,115
MONTAIGUT LE BLANC,23320,115
MONTBOUCHER,23400,115
MONTBOUDIF,15190,115
MONTCHAMP,15100,115
MONTGRELEIX,15190,115
MONTMURAT,15600,115
MONTSALVY,15120,115
MONTVERT,15150,115
MORTROUX,23220,115
MOURIOUX VIEILLEVILLE,23210,115
MOUSSAGES,15380,115
MOUTIER D AHUN,23150,115
MOUTIER MALCARD,23220,115
MOUTIER ROZEILLE,23200,115
NAILLAT,23800,115
NARNHAC,15230,115
NAUCELLES,15250,115
NEOUX,23200,115
NEUSSARGUES MOISSAC,15170,115
NEUVEGLISE SUR TRUYERE,15100,115
NIEUDAN,15150,115
NOTH,23300,115
NOUHANT,23170,115
NOUZERINES,23600,115
NOUZEROLLES,23360,115
NOUZIERS,23350,115
OMPS,15290,115
PAILHEROLS,15800,115
PARLAN,15290,115
PARSAC RIMONDEIX,23140,115
PAULHAC,15430,115
PAULHENC,15230,115
PEYRABOUT,23000,115
PEYRAT LA NONIERE,23130,115
PEYRUSSE,15170,115
PIERREFORT,15230,115
PIONNAT,23140,115
PLEAUX,15700,115
POLMINHAC,15800,115
PONTARION,23250,115
PONTCHARRAUD,23260,115
POUSSANGES,23500,115
PRADIERS,15160,115
PUY MALSIGNAT,23130,115
PUYCAPEL,15340,115
QUEZAC,15600,115
RAGEADE,15500,115
RAULHAC,15800,115
REILHAC,15250,115
RETERRE,23110,115
REZENTIERES,15170,115
RIOM ES MONTAGNES,15400,115
ROANNES ST MARY,15220,115
ROCHES,23270,115
ROFFIAC,15100,115
ROUFFIAC,15150,115
ROUGNAT,23700,115
ROUMEGOUX,15290,115
ROUZIERS,15600,115
ROYERE DE VASSIVIERE,23460,115
RUYNES EN MARGERIDE,15320,115
SAGNAT,23800,115
SAIGNES,15240,115
SALERS,15140,115
SALINS,15200,115
SANNAT,23110,115
SANSAC DE MARMIESSE,15130,115
SANSAC VEINAZES,15120,115
SARDENT,23250,115
SAUVAT,15240,115
SAVENNES,23000,115
SEGUR LES VILLAS,15300,115
SENEZERGUES,15340,115
SERMUR,23700,115
SIRAN,15150,115
SOUBREBOST,23250,115
SOULAGES,15100,115
SOUMANS,23600,115
SOURNIAC,15200,115
SOUS PARSAT,23150,115
ST AGNANT DE VERSILLAT,23300,115
ST AGNANT PRES CROCQ,23260,115
ST ALPINIEN,23200,115
ST AMAND,23200,115
ST AMAND JARTOUDEIX,23400,115
ST AMANDIN,15190,115
ST ANTOINE,15220,115
ST AVIT DE TARDES,23200,115
ST AVIT LE PAUVRE,23480,115
ST BARD,23260,115
ST BONNET DE CONDAT,15190,115
ST BONNET DE SALERS,15140,115
ST CERNIN,15310,115
ST CHABRAIS,23130,115
ST CHAMANT,15140,115
ST CIRGUES DE JORDANNE,15590,115
ST CIRGUES DE MALBERT,15140,115
ST CONSTANT FOURNOULES,15600,115
ST DIZIER LA TOUR,23130,115
ST DIZIER LES DOMAINES,23270,115
ST DIZIER MASBARAUD,23400,115
ST DOMET,23190,115
ST ETIENNE CANTALES,15150,115
ST ETIENNE DE CARLAT,15130,115
ST ETIENNE DE CHOMEIL,15400,115
ST ETIENNE DE MAURS,15600,115
ST FIEL,23000,115
ST FLOUR,15100,115
ST FRION,23500,115
ST GEORGES,15100,115
ST GEORGES LA POUGE,23250,115
ST GEORGES NIGREMONT,23500,115
ST GERMAIN BEAUPRE,23160,115
ST GERONS,15150,115
ST GOUSSAUD,23430,115
ST HILAIRE LA PLAINE,23150,115
ST HILAIRE LE CHATEAU,23250,115
ST ILLIDE,15310,115
ST JACQUES DES BLATS,15800,115
ST JULIEN DE TOURSAC,15600,115
ST JULIEN LA GENETE,23110,115
ST JULIEN LE CHATEL,23130,115
ST JUNIEN LA BREGERE,23400,115
ST LEGER BRIDEREIX,23300,115
ST LEGER LE GUERETOIS,23000,115
ST MAIXANT,23200,115
ST MAMET LA SALVETAT,15220,115
ST MARC A FRONGIER,23200,115
ST MARC A LOUBAUD,23460,115
ST MARIEN,23600,115
ST MARTIAL LE MONT,23150,115
ST MARTIAL LE VIEUX,23100,115
ST MARTIN CANTALES,15140,115
ST MARTIN CHATEAU,23460,115
ST MARTIN SOUS VIGOUROUX,15230,115
ST MARTIN STE CATHERINE,23430,115
ST MARTIN VALMEROUX,15140,115
ST MARY LE PLAIN,15500,115
ST MAURICE LA SOUTERRAINE,23300,115
ST MAURICE PRES CROCQ,23260,115
ST MEDARD LA ROCHETTE,23200,115
ST MERD LA BREUILLE,23100,115
ST MICHEL DE VEISSE,23480,115
ST MOREIL,23400,115
ST ORADOUX DE CHIROUZE,23100,115
ST ORADOUX PRES CROCQ,23260,115
ST PARDOUX D ARNET,23260,115
ST PARDOUX LES CARDS,23150,115
ST PARDOUX MORTEROLLES,23400,115
ST PAUL DE SALERS,15140,115
ST PAUL DES LANDES,15250,115
ST PIERRE BELLEVUE,23460,115
ST PIERRE CHERIGNAT,23430,115
ST PIERRE LE BOST,23600,115
ST PONCY,15500,115
ST PRIEST LA FEUILLE,23300,115
ST PRIEST LA PLAINE,23240,115
ST PRIEST PALUS,23400,115
ST PROJET DE SALERS,15140,115
ST QUENTIN LA CHABANNE,23500,115
ST REMY DE CHAUDES AIGUES,15110,115
ST SANTIN CANTALES,15150,115
ST SANTIN DE MAURS,15600,115
ST SATURNIN,15190,115
ST SAURY,15290,115
ST SEBASTIEN,23160,115
ST SILVAIN BAS LE ROC,23600,115
ST SILVAIN BELLEGARDE,23190,115
ST SILVAIN MONTAIGUT,23320,115
ST SILVAIN SOUS TOULX,23140,115
ST SULPICE LE DUNOIS,23800,115
ST SULPICE LE GUERETOIS,23000,115
ST SULPICE LES CHAMPS,23480,115
ST URCIZE,15110,115
ST VAURY,23320,115
ST VICTOR EN MARCHE,23000,115
ST VINCENT DE SALERS,15380,115
ST YRIEIX LA MONTAGNE,23460,115
ST YRIEIX LES BOIS,23150,115
STE ANASTASIE,15170,115
STE FEYRE,23000,115
STE FEYRE LA MONTAGNE,23500,115
TALIZAT,15170,115
TANAVELLE,15100,115
TARDES,23170,115
TEISSIERES DE CORNET,15250,115
TEISSIERES LES BOULIES,15130,115
TERCILLAT,23350,115
THAURON,23250,115
THIEZAC,15800,115
TIVIERS,15100,115
TOULX STE CROIX,23600,115
TREMOUILLE,15270,115
TRIZAC,15400,115
TROIS FONDS,23230,115
USSEL,15300,115
VABRES,15100,115
VAL D ARCOMIE,15320,115
VALETTE,15400,115
VALJOUZE,15170,115
VALLIERE,23120,115
VALUEJOLS,15300,115
VAREILLES,23300,115
VEBRET,15240,115
VEDRINES ST LOUP,15100,115
VELZIC,15590,115
VERNEIGES,23170,115
VERNOLS,15160,115
VEYRIERES,15350,115
VEZAC,15130,115
VEZE,15160,115
VEZELS ROUSSY,15130,115
VIC SUR CERE,15800,115
VIDAILLAT,23250,115
VIEILLESPESSE,15500,115
VIEILLEVIE,15120,115
VIERSAT,23170,115
VIGEVILLE,23140,115
VILLARD,23800,115
VILLEDIEU,15100,115
VIRARGUES,15300,115
VITRAC,15220,115
YDES,15210,115
YOLET,15130,115
YTRAC,15000,115
AGUTS,81470,1
AIGUEFONDE,81200,1
AIGUES JUNTES,09240,1
AIGUES VIVES,09600,1
AIROUX,11320,1
AJAC,11300,1
ALAIGNE,11240,1
ALAIRAC,11290,1
ALBAN,81250,1
ALBAS,11360,1
ALBI,81000,1
ALBIERES,11330,1
ALBIES,09310,1
ALBINE,81240,1
ALET LES BAINS,11580,1
ALEU,09320,1
ALGANS,81470,1
ALLAIRE,56350,1
ALLIAT,09400,1
ALLIERES,09240,1
ALLINEUC,22460,1
ALMAYRAC,81190,1
ALO,98610,1
ALOS,09200,1
ALZEN,09240,1
ALZONNE,11170,1
AMARENS,81170,1
AMBIALET,81430,1
AMBON,56190,1
AMBRES,81500,1
ANAA,98760,1
ANDEL,22400,1
ANDILLAC,81140,1
ANDOUQUE,81350,1
ANTRAS,09800,1
ANTUGNAC,11190,1
APPELLE,81700,1
APPY,09250,1
ARABAUX,09000,1
ARAGON,11600,1
ARFONS,81110,1
ARGEIN,09800,1
ARGELIERS,11120,1
ARGENS MINERVOIS,11200,1
ARIFAT,81360,1
ARIGNAC,09400,1
ARMISSAN,11110,1
ARNAVE,09400,1
ARQUES,11190,1
ARQUETTES EN VAL,11220,1
ARRADON,56610,1
ARRIEN EN BETHMALE,09800,1
ARROUT,09800,1
ARTHES,81160,1
ARTIGAT,09130,1
ARTIGUES,09460,1
ARTIX,09120,1
ARUTUA,98761,1
ARVIGNA,09100,1
ARZAL,56190,1
ARZENS,11290,1
ARZON,56640,1
ASCOU,09110,1
ASSAC,81340,1
ASTON,09310,1
AUCALEUC,22100,1
AUCAZEIN,09800,1
AUDRESSEIN,09800,1
AUGAN,56800,1
AUGIREIN,09800,1
AULOS SINSAT,09310,1
AULUS LES BAINS,09140,1
AUNAT,11140,1
AURAY,56400,1
AURIAC,11330,1
AUSSAC,81600,1
AUSSILLON,81200,1
AUZAT,09220,1
AX LES THERMES,09110,1
AXAT,11140,1
AXIAT,09250,1
AZILLE,11700,1
BADEN,56870,1
BADENS,11800,1
BAGERT,09230,1
BAGES,11100,1
BAGNOLES,11600,1
BALACET,09800,1
BALAGUERES,09800,1
BANGOR,56360,1
BANNIERES,81500,1
BARAIGNE,11410,1
BARBAIRA,11800,1
BARJAC,09230,1
BARRE,81320,1
BAUD,56150,1
BAULOU,09000,1
BEAUSSAIS SUR MER,22650,1
BEAUVAIS SUR TESCOU,81630,1
BEDEILHAC ET AYNAT,09400,1
BEDEILLE,09230,1
BEGANNE,56350,1
BEGARD,22140,1
BEIGNON,56380,1
BELCAIRE,11340,1
BELCASTEL ET BUC,11580,1
BELEP,98811,1
BELESTA,09300,1
BELFLOU,11410,1
BELFORT SUR REBENTY,11140,1
BELLE ISLE EN TERRE,22810,1
BELLEGARDE DU RAZES,11240,1
BELLEGARDE MARSAL,81430,1
BELLESERRE,81540,1
BELLOC,09600,1
BELPECH,11420,1
BELVEZE DU RAZES,11240,1
BELVIANES ET CAVIRAC,11500,1
BELVIS,11340,1
BELZ,56550,1
BENAC,09000,1
BENAGUES,09100,1
BENAIX,09300,1
BERHET,22140,1
BERLATS,81260,1
BERNE,56240,1
BERRIC,56230,1
BERTRE,81700,1
BESSEDE DE SAULT,11140,1
BESSET,09500,1
BESTIAC,09250,1
BETCHAT,09160,1
BETHMALE,09800,1
BEZAC,09100,1
BIERT,09320,1
BIGNAN,56500,1
BILLIERS,56190,1
BILLIO,56420,1
BINIC ETABLES SUR MER,22520,1
BIZANET,11200,1
BIZE MINERVOIS,11120,1
BLAN,81700,1
BLAYE LES MINES,81400,1
BLOMAC,11700,1
BOBITAL,22100,1
BOHAL,56140,1
BOISSEZON,81490,1
BOMPAS,09400,1
BON REPOS SUR BLAVET,22570,1
BONAC IRAZEIN,09800,1
BONNAC,09100,1
BOQUEHO,22170,1
BORA BORA,98730,1
BORDES UCHENTEIN,09800,1
BOUAN,09310,1
BOUILHONNAC,11800,1
BOUISSE,11330,1
BOULOUPARI,98812,1
BOURAIL,98870,1
BOURBRIAC,22390,1
BOURIEGE,11300,1
BOURIGEOLE,11300,1
BOURSEUL,22130,1
BOUSSENAC,09320,1
BOUT DU PONT DE LARN,81660,1
BOUTENAC,11200,1
BRAM,11150,1
BRANDERION,56700,1
BRANDIVY,56390,1
BRASSAC,09000,1
BRECH,56400,1
BREHAN,56580,1
BREHAND,22510,1
BRELIDY,22140,1
BREZILHAC,11270,1
BRIATEXTE,81390,1
BRINGOLO,22170,1
BROONS,22250,1
BROUSSES ET VILLARET,11390,1
BROZE,81600,1
BRUGAIROLLES,11300,1
BRUSVILY,22100,1
BUBRY,56310,1
BUGARACH,11190,1
BULAT PESTIVIEN,22160,1
BULEON,56420,1
BURLATS,81100,1
BURRET,09000,1
BUSQUE,81300,1
BUZAN,09800,1
CABRESPINE,11160,1
CADALEN,81600,1
CADARCET,09240,1
CADEN,56220,1
CADIX,81340,1
CAGNAC LES MINES,81130,1
CAHUZAC,11420,1
CAHUZAC SUR VERE,81140,1
CAILHAU,11240,1
CAILHAVEL,11240,1
CAILLA,11140,1
CALAN,56240,1
CALANHEL,22160,1
CALLAC,22160,1
CALORGUEN,22100,1
CALZAN,09120,1
CAMARADE,09290,1
CAMBIEURE,11240,1
CAMBON,81990,1
CAMBON LES LAVAUR,81470,1
CAMBOUNES,81260,1
CAMBOUNET SUR LE SOR,81580,1
CAMLEZ,22450,1
CAMOEL,56130,1
CAMON,09500,1
CAMORS,56330,1
CAMPAGNA DE SAULT,11140,1
CAMPAGNE SUR ARIZE,09350,1
CAMPAGNE SUR AUDE,11260,1
CAMPENEAC,56800,1
CAMPLONG D AUDE,11200,1
CAMPS SUR L AGLY,11190,1
CAMURAC,11340,1
CANALA,98813,1
CANET,11200,1
CANIHUEL,22480,1
CANTE,09700,1
CAOUENNEC LANVEZEAC,22300,1
CAPENDU,11700,1
CAPOULET ET JUNAC,09400,1
CARBES,81570,1
CARCANIERES,09460,1
CARENTOIR,56910,1
CARLA BAYLE,09130,1
CARLA DE ROQUEFORT,09300,1
CARLIPA,11170,1
CARLUS,81990,1
CARMAUX,81400,1
CARNAC,56340,1
CARNOET,22160,1
CARO,56140,1
CASCASTEL DES CORBIERES,11360,1
CASSAIGNES,11190,1
CASTANS,11160,1
CASTELNAU D AUDE,11700,1
CASTELNAU DE LEVIS,81150,1
CASTELNAU DE MONTMIRAL,81140,1
CASTELNAU DURBAN,09420,1
CASTELNAUDARY,11400,1
CASTELRENG,11300,1
CASTERAS,09130,1
CASTEX,09350,1
CASTILLON EN COUSERANS,09800,1
CAUCALIERES,81200,1
CAUDAN,56850,1
CAUDEBRONDE,11390,1
CAULNES,22350,1
CAUNES MINERVOIS,11160,1
CAUNETTE SUR LAUQUET,11250,1
CAUNETTES EN VAL,11220,1
CAUREL,22530,1
CAUSSOU,09250,1
CAUX ET SAUZENS,11170,1
CAVAN,22140,1
CAVANAC,11570,1
CAVES,11510,1
CAYCHAX ET SENCONAC,09250,1
CAZALRENOUX,11270,1
CAZALS DES BAYLES,09500,1
CAZAUX,09120,1
CAZAVET,09160,1
CAZENAVE SERRES ET ALLENS,09400,1
CAZILHAC,11570,1
CELLES,09000,1
CENNE MONESTIES,11170,1
CEPIE,11300,1
CERIZOLS,09230,1
CESCAU,09800,1
CESTAYROLS,81150,1
CHALABRE,11230,1
CHATEAU VERDUN,09310,1
CHATELAUDREN PLOUAGAT,22170,1
CITOU,11160,1
CLEGUER,56620,1
CLEGUEREC,56480,1
CLERMONT,09420,1
CLERMONT SUR LAUQUET,11250,1
COADOUT,22970,1
COATASCORN,22140,1
COATREVEN,22450,1
COETMIEUX,22400,1
COHINIAC,22800,1
COLPO,56390,1
COMBEFA,81640,1
COMIGNE,11700,1
COMUS,11340,1
CONCORET,56430,1
CONILHAC CORBIERES,11200,1
CONQUES SUR ORBIEL,11600,1
CONTRAZY,09230,1
CORBIERES,11230,1
CORDES SUR CIEL,81170,1
CORLAY,22320,1
CORSEUL,22130,1
COS,09000,1
COUDONS,11500,1
COUFFOULENS,11250,1
COUFLENS,09140,1
COUFOULEUX,81800,1
COUIZA,11190,1
COUNOZOULS,11140,1
COURNANEL,11300,1
COURNON,56200,1
COURRIS,81340,1
COURSAN,11110,1
COURTAULY,11230,1
COUSSA,09120,1
COUSTAUSSA,11190,1
COUSTOUGE,11220,1
COUTENS,09500,1
CRACH,56950,1
CRAMPAGNA,09120,1
CREDIN,56580,1
CREHEN,22130,1
CRESPINET,81350,1
CRUGUEL,56420,1
CRUSCADES,11200,1
CUBIERES SUR CINOBLE,11190,1
CUCUGNAN,11350,1
CUMIES,11410,1
CUNAC,81990,1
CUQ TOULZA,81470,1
CURVALLE,81250,1
CUXAC CABARDES,11390,1
CUXAC D AUDE,11590,1
DALOU,09120,1
DAMGAN,56750,1
DAMIATTE,81220,1
DAUMAZAN SUR ARIZE,09350,1
DAVEJEAN,11330,1
DENAT,81120,1
DERNACUEILLETTE,11330,1
DINAN,22100,1
DONAZAC,11240,1
DONNAZAC,81170,1
DOURGNE,81110,1
DOUZENS,11700,1
DREUILHE,09300,1
DUAULT,22160,1
DUILHAC SOUS PEYREPERTUSE,11350,1
DUMBEA,98830,1
DUN,09600,1
DURBAN CORBIERES,11360,1
DURBAN SUR ARIZE,09240,1
DURFORT,09130,1
ELVEN,56250,1
EMBRES ET CASTELMAURE,11360,1
ENCOURTIECH,09200,1
ENGOMER,09800,1
ERCE,09140,1
ERDEVEN,56410,1
EREAC,22250,1
ERP,09200,1
ERQUY,22430,1
ESCALES,11200,1
ESCLAGNE,09600,1
ESCOSSE,09100,1
ESCOULOUBRE,11140,1
ESCOUSSENS,81290,1
ESCUEILLENS ET ST JUST DE BELENGARD,11240,1
ESPERAUSSES,81260,1
ESPERAZA,11260,1
ESPEZEL,11340,1
ESPLAS,09700,1
ESPLAS DE SEROU,09420,1
ETEL,56410,1
EVELLYS,56500,1
EVRAN,22630,1
EVRIGUET,56490,1
EYCHEIL,09200,1
FAAA,98704,1
FABAS,09230,1
FABREZAN,11200,1
FAJAC EN VAL,11220,1
FAJAC LA RELENQUE,11410,1
FAKARAVA,98763,1
FANGATAU,98765,1
FANJEAUX,11270,1
FARINO,98881,1
FATU HIVA,98740,1
FAUCH,81120,1
FAUSSERGUES,81340,1
FAYSSAC,81150,1
FELINES TERMENES,11330,1
FENDEILLE,11400,1
FENOLS,81600,1
FENOUILLET DU RAZES,11240,1
FEREL,56130,1
FERRALS LES CORBIERES,11200,1
FERRAN,11240,1
FERRIERES SUR ARIEGE,09000,1
FESTES ET ST ANDRE,11300,1
FEUILLA,11510,1
FIAC,81500,1
FITOU,11510,1
FLORENTIN,81150,1
FLOURE,11800,1
FOIX,09000,1
FONTANES DE SAULT,11140,1
FONTCOUVERTE,11700,1
FONTERS DU RAZES,11400,1
FONTIERS CABARDES,11390,1
FONTIES D AUDE,11800,1
FONTJONCOUSE,11360,1
FONTRIEU,81260,1
FORGES DE LANOUEE,56120,1
FORNEX,09350,1
FOUGAX ET BARRINEUF,09300,1
FOURNES CABARDES,11600,1
FOURTOU,11190,1
FRAISSE CABARDES,11600,1
FRAISSE DES CORBIERES,11360,1
FRAISSINES,81340,1
FRAUSSEILLES,81170,1
FREHEL,22240,1
FREJAIROLLES,81990,1
FREJEVILLE,81570,1
FREYCHENET,09300,1
GABRE,09290,1
GAILLAC,81600,1
GAJA ET VILLEDIEU,11300,1
GAJA LA SELVE,11270,1
GAJAN,09190,1
GALEY,09800,1
GALINAGUES,11140,1
GAMBIER,98755,1
GANAC,09000,1
GARANOU,09250,1
GARDIE,11250,1
GARREVAQUES,81700,1
GAUDIES,09700,1
GAUSSON,22150,1
GAVRES,56680,1
GENAT,09400,1
GENERVILLE,11270,1
GESTEL,56530,1
GESTIES,09220,1
GIJOUNET,81530,1
GINCLA,11140,1
GINESTAS,11120,1
GINOLES,11500,1
GIROUSSENS,81500,1
GLOMEL,22110,1
GOMENE,22230,1
GOMMENEC H,22290,1
GOUAREC,22570,1
GOUDELIN,22290,1
GOURBIT,09400,1
GOURHEL,56800,1
GOURIN,56110,1
GOURVIEILLE,11410,1
GRACE UZEL,22460,1
GRACES,22200,1
GRAMAZIE,11240,1
GRAND CHAMP,56390,1
GRANES,11500,1
GRAULHET,81300,1
GREFFEIL,11250,1
GROIX,56590,1
GRUISSAN,11430,1
GUDAS,09120,1
GUEGON,56120,1
GUEHENNO,56420,1
GUELTAS,56920,1
GUEMENE SUR SCORFF,56160,1
GUENIN,56150,1
GUENROC,22350,1
GUER,56380,1
GUERLEDAN,22530,1
GUERN,56310,1
GUIDEL,56520,1
GUILLIERS,56490,1
GUINGAMP,22200,1
GUISCRIFF,56560,1
GUITALENS L ALBAREDE,81220,1
GUITTE,22350,1
GURUNHUEL,22390,1
HAO,98767,1
HELLEAN,56120,1
HEMONSTOIR,22600,1
HENANBIHEN,22550,1
HENANSAL,22400,1
HENNEBONT,56700,1
HENON,22150,1
HIENGHENE,98815,1
HIKUERU,98768,1
HILLION,22120,1
HITIAA O TE RA,98705,1
HIVA OA,98741,1
HOEDIC,56170,1
HOMPS,11200,1
HOUAILOU,98816,1
HOUNOUX,11240,1
HUAHINE,98731,1
IGNAUX,09110,1
ILE AUX MOINES,56780,1
ILE D ARZ,56840,1
ILE D HOUAT,56170,1
ILE DE BREHAT,22870,1
ILE DE CLIPPERTON,98799,1
ILHAT,09300,1
ILLARTEIN,09800,1
ILLIER ET LARAMADE,09220,1
ILLIFAUT,22230,1
INGUINIEL,56240,1
INZINZAC LOCHRIST,56650,1
ISSEL,11400,1
ITZAC,81170,1
JONQUIERES,11220,1
JOSSELIN,56120,1
JOUCOU,11140,1
JOUQUEVIEL,81190,1
JUGON LES LACS,22270,1
JUSTINIAC,09700,1
KAALA GOMEN,98817,1
KERBORS,22610,1
KERFOT,22500,1
KERFOURN,56920,1
KERGRIST,56300,1
KERGRIST MOELOU,22110,1
KERIEN,22480,1
KERMARIA SULARD,22450,1
KERMOROC H,22140,1
KERNASCLEDEN,56540,1
KERPERT,22480,1
KERVIGNAC,56700,1
KONE,98859,1
KOUAOUA,98818,1
KOUMAC,98850,1
L AIGUILLON,09300,1
L HERM,09000,1
L HOSPITALET PRES L ANDORRE,09390,1
L ILE DES PINS,98832,1
LA BASTIDE DE BESPLAS,09350,1
LA BASTIDE DE BOUSIGNAC,09500,1
LA BASTIDE DE LORDAT,09700,1
LA BASTIDE DE SEROU,09240,1
LA BASTIDE DU SALAT,09160,1
LA BASTIDE SUR L HERS,09600,1
LA BEZOLE,11300,1
LA BOUILLIE,22240,1
LA CASSAIGNE,11270,1
LA CHAPELLE BLANCHE,22350,1
LA CHAPELLE NEUVE,22160,1
LA CHEZE,22210,1
LA COURTETE,11240,1
LA CROIX HELLEAN,56120,1
LA DIGNE D AMONT,11300,1
LA DIGNE D AVAL,11300,1
LA FAJOLLE,11140,1
LA FOA,98880,1
LA FORCE,11270,1
LA GACILLY,56200,1
LA GREE ST LAURENT,56120,1
LA HARMOYE,22320,1
LA LANDEC,22980,1
LA LOUVIERE LAURAGAIS,11410,1
LA MALHOURE,22640,1
LA MEAUGON,22440,1
LA MOTTE,22600,1
LA PALME,11480,1
LA POMAREDE,11400,1
LA PRENESSAYE,22210,1
LA REDORTE,11700,1
LA ROCHE BERNARD,56130,1
LA ROCHE JAUDY,22450,1
LA SAUZIERE ST JEAN,81630,1
LA SERPENT,11190,1
LA TOUR DU CRIEU,09100,1
LA TOURETTE CABARDES,11380,1
LA TRINITE PORHOET,56490,1
LA TRINITE SUR MER,56470,1
LA TRINITE SURZUR,56190,1
LA VICOMTE SUR RANCE,22690,1
LA VRAIE CROIX,56250,1
LABARTHE BLEYS,81170,1
LABASTIDE D ANJOU,11320,1
LABASTIDE DE LEVIS,81150,1
LABASTIDE EN VAL,11220,1
LABASTIDE ESPARBAIRENQUE,11380,1
LABASTIDE GABAUSSE,81400,1
LABASTIDE ROUAIROUX,81270,1
LABASTIDE ST GEORGES,81500,1
LABATUT,09700,1
LABECEDE LAURAGAIS,11400,1
LABESSIERE CANDEIL,81300,1
LABOULBENE,81100,1
LABOUTARIE,81120,1
LABRUGUIERE,81290,1
LACABAREDE,81240,1
LACAPELLE ESCROUX,81530,1
LACAPELLE PINET,81340,1
LACAPELLE SEGALAR,81170,1
LACAUNE,81230,1
LACAVE,09160,1
LACAZE,81330,1
LACOMBE,11310,1
LACOUGOTTE CADOUL,81500,1
LACOURT,09200,1
LACROISILLE,81470,1
LACROUZETTE,81210,1
LADERN SUR LAUQUET,11250,1
LAFAGE,11420,1
LAGARDE,09500,1
LAGARDIOLLE,81110,1
LAGRASSE,11220,1
LAGRAVE,81150,1
LAIRIERE,11330,1
LAMBALLE ARMOR,22400,1
LAMILLARIE,81120,1
LAMONTELARIE,81260,1
LANCIEUX,22770,1
LANDAUL,56690,1
LANDEBAERON,22140,1
LANDEBIA,22130,1
LANDEHEN,22400,1
LANDEVANT,56690,1
LANESTER,56600,1
LANET,11330,1
LANFAINS,22800,1
LANGOAT,22450,1
LANGOELAN,56160,1
LANGONNET,56630,1
LANGROLAY SUR RANCE,22490,1
LANGUEDIAS,22980,1
LANGUENAN,22130,1
LANGUEUX,22360,1
LANGUIDIC,56440,1
LANLEFF,22290,1
LANLOUP,22580,1
LANMERIN,22300,1
LANMODEZ,22610,1
LANNEBERT,22290,1
LANNION,22300,1
LANOUX,09130,1
LANRELAS,22250,1
LANRIVAIN,22480,1
LANRODEC,22170,1
LANTIC,22410,1
LANTILLAC,56120,1
LANVALLAY,22100,1
LANVAUDAN,56240,1
LANVELLEC,22420,1
LANVENEGEN,56320,1
LANVOLLON,22290,1
LAPARROUQUIAL,81640,1
LAPEGE,09400,1
LAPENNE,09500,1
LAPRADE,11390,1
LARBONT,09240,1
LARCAT,09310,1
LARMOR BADEN,56870,1
LARMOR PLAGE,56260,1
LARNAT,09310,1
LAROQUE D OLMES,09600,1
LAROQUE DE FA,11330,1
LARRE,56230,1
LASBORDES,11400,1
LASFAILLADES,81260,1
LASGRAISSES,81300,1
LASSERRE,09230,1
LASSERRE DE PROUILLE,11270,1
LASSUR,09310,1
LASTOURS,11600,1
LAURABUC,11400,1
LAURAC,11270,1
LAURAGUEL,11300,1
LAURE MINERVOIS,11800,1
LAURENAN,22230,1
LAUTREC,81440,1
LAUZACH,56190,1
LAVALETTE,11290,1
LAVELANET,09300,1
LE BEZ,81260,1
LE BODEO,22320,1
LE BONO,56400,1
LE BOSC,09000,1
LE BOUSQUET,11140,1
LE CARLARET,09100,1
LE CLAT,11140,1
LE COURS,56230,1
LE CROISTY,56540,1
LE DOURN,81340,1
LE FAOUET,22290,1
LE FOEIL,22800,1
LE FOSSAT,09130,1
LE FRAYSSE,81430,1
LE GARRIC,81450,1
LE GUERNO,56190,1
LE HAUT CORLAY,22320,1
LE HEZO,56450,1
LE HINGLE,22100,1
LE LESLAY,22800,1
LE MAS D AZIL,09290,1
LE MASNAU MASSUGUIES,81530,1
LE MENE,22330,1
LE MERZER,22200,1
LE MONT DORE,98809,1
LE MOUSTOIR,22340,1
LE PALAIS,56360,1
LE PEYRAT,09600,1
LE PLA,09460,1
LE PORT,09320,1
LE PUCH,09460,1
LE QUILLIO,22460,1
LE QUIOU,22630,1
LE RIALET,81240,1
LE RIOLS,81170,1
LE SAINT,56110,1
LE SEGUR,81640,1
LE SEQUESTRE,81990,1
LE SOURN,56300,1
LE TOUR DU PARC,56370,1
LE VERDIER,81140,1
LE VIEUX BOURG,22800,1
LE VIEUX MARCHE,22420,1
LE VINTROU,81240,1
LEDAS ET PENTHIES,81340,1
LEMPAUT,81700,1
LERAN,09600,1
LERCOUL,09220,1
LES BORDES SUR ARIZE,09350,1
LES BRUNELS,11400,1
LES CABANNES,09310,1
LES CAMMAZES,81540,1
LES CASSES,11320,1
LES CHAMPS GERAUX,22630,1
LES FOUGERETS,56200,1
LES ILHES,11380,1
LES ISSARDS,09100,1
LES MARTYS,11390,1
LES PUJOLS,09100,1
LESCOUET GOUAREC,22570,1
LESCOUSSE,09100,1
LESCOUT,81110,1
LESCURE,09420,1
LESCURE D ALBIGEOIS,81380,1
LESPARROU,09300,1
LESPINASSIERE,11160,1
LEUC,11250,1
LEUCATE,11370,1
LEYCHERT,09300,1
LEZARDRIEUX,22740,1
LEZAT SUR LEZE,09210,1
LEZIGNAN CORBIERES,11200,1
LIEURAC,09300,1
LIFOU,98820,1
LIGNAIROLLES,11240,1
LIGNOL,56160,1
LIMBRASSAC,09600,1
LIMERZEL,56220,1
LIMOUSIS,11600,1
LIMOUX,11300,1
LISLE SUR TARN,81310,1
LISSAC,09700,1
LIVERS CAZELLES,81170,1
LIZIO,56460,1
LOC ENVEL,22810,1
LOCARN,22340,1
LOCMALO,56160,1
LOCMARIA,56360,1
LOCMARIA GRAND CHAMP,56390,1
LOCMARIAQUER,56740,1
LOCMINE,56500,1
LOCMIQUELIC,56570,1
LOCOAL MENDON,56550,1
LOCQUELTAS,56390,1
LOGUIVY PLOUGRAS,22780,1
LOHUEC,22160,1
LOMBERS,81120,1
LORDAT,09250,1
LORP SENTARAILLE,09190,1
LOSCOUET SUR MEU,22230,1
LOUANNEC,22700,1
LOUARGAT,22540,1
LOUBAUT,09350,1
LOUBENS,09120,1
LOUBERS,81170,1
LOUBIERES,09000,1
LOUDEAC,22600,1
LOUPIA,11300,1
LOYAT,56800,1
LUC SUR AUDE,11190,1
LUC SUR ORBIEU,11200,1
LUDIES,09100,1
LUZENAC,09250,1
MADIERE,09100,1
MAEL CARHAIX,22340,1
MAEL PESTIVIEN,22160,1
MAGOAR,22480,1
MAGRIE,11300,1
MAGRIN,81220,1
MAHINA,98709,1
MAILHAC,11120,1
MAILHOC,81130,1
MAISONS,11330,1
MAKEMO,98769,1
MALANSAC,56220,1
MALEGOUDE,09500,1
MALESTROIT,56140,1
MALGUENAC,56300,1
MALLEON,09120,1
MALRAS,11300,1
MALVES EN MINERVOIS,11600,1
MALVIES,11300,1
MANIHI,98770,1
MANSES,09500,1
MANTALLOT,22450,1
MARCORIGNAN,11120,1
MARE,98828,1
MARNAVES,81170,1
MARQUEIN,11410,1
MARSA,11140,1
MARSEILLETTE,11800,1
MARSSAC SUR TARN,81150,1
MARZAN,56130,1
MARZENS,81500,1
MAS CABARDES,11380,1
MAS DES COURS,11570,1
MAS SAINTES PUELLES,11400,1
MASSAC,11330,1
MASSAC SERAN,81500,1
MASSAGUEL,81110,1
MASSALS,81250,1
MASSAT,09320,1
MATIGNON,22550,1
MAUPITI,98732,1
MAURENS SCOPONT,81470,1
MAURON,56430,1
MAUVEZIN DE PRAT,09160,1
MAUVEZIN DE STE CROIX,09230,1
MAYREVILLE,11420,1
MAYRONNES,11220,1
MAZAMET,81200,1
MAZERES,09270,1
MAZEROLLES DU RAZES,11240,1
MAZUBY,11140,1
MEGRIT,22270,1
MELLIONNEC,22110,1
MELRAND,56310,1
MENEAC,56490,1
MERAS,09350,1
MERCENAC,09160,1
MERCUS GARRABET,09400,1
MERDRIGNAC,22230,1
MERENS LES VALS,09110,1
MERIAL,11140,1
MERIGON,09230,1
MERILLAC,22230,1
MERLEAC,22460,1
MERLEVENEZ,56700,1
MESLAN,56320,1
MEUCON,56890,1
MEZENS,81800,1
MEZERVILLE,11410,1
MIGLOS,09400,1
MIJANES,09460,1
MILHARS,81170,1
MILHAVET,81130,1
MINIHY TREGUIER,22220,1
MIOLLES,81250,1
MIQUELON LANGLADE,97500,1
MIRANDOL BOURGNOUNAC,81190,1
MIRAVAL CABARDES,11380,1
MIREPEISSET,11120,1
MIREPOIX,09500,1
MIREVAL LAURAGAIS,11400,1
MISSECLE,81300,1
MISSEGRE,11580,1
MISSIRIAC,56140,1
MOHON,56490,1
MOINDOU,98819,1
MOLAC,56230,1
MOLANDIER,11420,1
MOLLEVILLE,11410,1
MONACO,98000,1
MONCONTOUR,22510,1
MONESPLE,09130,1
MONESTIES,81640,1
MONT ROC,81120,1
MONTAGAGNE,09240,1
MONTAILLOU,09110,1
MONTANS,81600,1
MONTARDIT,09230,1
MONTAURIOL,11410,1
MONTAUT,09700,1
MONTAZELS,11190,1
MONTBEL,09600,1
MONTBRUN DES CORBIERES,11700,1
MONTDRAGON,81440,1
MONTDURAUSSE,81630,1
MONTEGUT EN COUSERANS,09200,1
MONTEGUT PLANTAUREL,09120,1
MONTELS,09240,1
MONTENEUF,56380,1
MONTERBLANC,56250,1
MONTERTELOT,56800,1
MONTESQUIEU AVANTES,09200,1
MONTFA,09350,1
MONTFERRAND,11320,1
MONTFERRIER,09300,1
MONTFORT SUR BOULZANE,11140,1
MONTGAILHARD,09330,1
MONTGAILLARD,11330,1
MONTGAUCH,09160,1
MONTGEY,81470,1
MONTGRADAIL,11240,1
MONTHAUT,11240,1
MONTIRAT,11800,1
MONTJARDIN,11230,1
MONTJOI,11330,1
MONTJOIE EN COUSERANS,09200,1
MONTOLIEU,11170,1
MONTOULIEU,09000,1
MONTPINIER,81440,1
MONTREDON DES CORBIERES,11100,1
MONTREDON LABESSONNIE,81360,1
MONTROSIER,81170,1
MONTSEGUR,09300,1
MONTSERET,11200,1
MONTSERON,09240,1
MONTVALEN,81630,1
MONZE,11800,1
MOOREA MAIAO,98728,1
MOREAC,56500,1
MOULARES,81190,1
MOULAYRES,81300,1
MOULIN MAGE,81320,1
MOULIN NEUF,09500,1
MOULIS,09200,1
MOUSSAN,11120,1
MOUSSOULENS,11170,1
MOUSTERU,22200,1
MOUSTOIR AC,56500,1
MOUTHOUMET,11330,1
MOUX,11700,1
MOUZENS,81470,1
MOUZIEYS PANENS,81170,1
MOUZIEYS TEULET,81430,1
MURAT SUR VEBRE,81320,1
MUZILLAC,56190,1
NAGES,81320,1
NALZEN,09300,1
NAPUKA,98772,1
NARBONNE,11100,1
NEANT SUR YVEL,56430,1
NEBIAS,11500,1
NESCUS,09240,1
NEULLIAC,56300,1
NEVIAN,11200,1
NIAUX,09400,1
NIORT DE SAULT,11140,1
NIVILLAC,56130,1
NOSTANG,56690,1
NOUMEA,98800,1
NOYAL,22400,1
NOYAL MUZILLAC,56190,1
NOYAL PONTIVY,56920,1
NUKU HIVA,98742,1
NUKUTAVAKE,98773,1
ORBAN,81120,1
ORGEIX,09110,1
ORGIBET,09800,1
ORLU,09110,1
ORNAISONS,11200,1
ORNOLAC USSAT LES BAINS,09400,1
ORSANS,11270,1
ORUS,09220,1
OUEGOA,98821,1
OUST,09140,1
OUVEA,98814,1
OUVEILLAN,11590,1
PABU,22200,1
PADERN,11350,1
PADIES,81340,1
PAEA,98711,1
PAILHES,09130,1
PAIMPOL,22500,1
PAITA,98840,1
PALAIRAC,11330,1
PALAJA,11570,1
PALLEVILLE,81700,1
PAMIERS,09100,1
PAMPELONNE,81190,1
PAPARA,98712,1
PAPEETE,98714,1
PARAZA,11200,1
PARISOT,81310,1
PAULE,22340,1
PAULIGNE,11300,1
PAULINET,81250,1
PAYRA SUR L HERS,11410,1
PAYRIN AUGMONTEL,81660,1
PAZIOLS,11350,1
PEAULE,56130,1
PECH,09310,1
PECH LUNA,11420,1
PECHARIC ET LE PY,11420,1
PECHAUDIER,81470,1
PEDERNEC,22540,1
PEILLAC,56220,1
PENESTIN,56760,1
PENGUILY,22510,1
PENNAUTIER,11610,1
PENNE,81140,1
PENVENAN,22710,1
PEPIEUX,11700,1
PEREILLE,09300,1
PERLES ET CASTELET,09110,1
PERROS GUIREC,22700,1
PERSQUEN,56160,1
PEUMERIT QUINTIN,22480,1
PEXIORA,11150,1
PEYREFITTE DU RAZES,11230,1
PEYREFITTE SUR L HERS,11420,1
PEYREGOUX,81440,1
PEYRENS,11400,1
PEYRIAC DE MER,11440,1
PEYRIAC MINERVOIS,11160,1
PEYROLE,81310,1
PEYROLLES,11190,1
PEZENS,11170,1
PIEUSSE,11300,1
PIRAE,98716,1
PLAIGNE,11420,1
PLAINE HAUTE,22800,1
PLAINTEL,22940,1
PLANCOET,22130,1
PLAUDREN,56420,1
PLAVILLA,11270,1
PLEBOULLE,22550,1
PLEDELIAC,22270,1
PLEDRAN,22960,1
PLEGUIEN,22290,1
PLEHEDEL,22290,1
PLELAN LE PETIT,22980,1
PLELAUFF,22570,1
PLELO,22170,1
PLEMET,22210,1
PLEMY,22150,1
PLENEE JUGON,22640,1
PLENEUF VAL ANDRE,22370,1
PLERIN,22190,1
PLERNEUF,22170,1
PLESCOP,56890,1
PLESIDY,22720,1
PLESLIN TRIGAVOU,22490,1
PLESTAN,22640,1
PLESTIN LES GREVES,22310,1
PLEUBIAN,22610,1
PLEUCADEUC,56140,1
PLEUDANIEL,22740,1
PLEUDIHEN SUR RANCE,22690,1
PLEUGRIFFET,56120,1
PLEUMEUR BODOU,22560,1
PLEUMEUR GAUTIER,22740,1
PLEVENON,22240,1
PLEVIN,22340,1
PLOEMEL,56400,1
PLOEMEUR,56270,1
PLOERDUT,56160,1
PLOEREN,56880,1
PLOERMEL,56800,1
PLOEUC L HERMITAGE,22150,1
PLOEZAL,22260,1
PLOREC SUR ARGUENON,22130,1
PLOUARET,22420,1
PLOUASNE,22830,1
PLOUAY,56240,1
PLOUBAZLANEC,22620,1
PLOUBEZRE,22300,1
PLOUEC DU TRIEUX,22260,1
PLOUER SUR RANCE,22490,1
PLOUEZEC,22470,1
PLOUFRAGAN,22440,1
PLOUGONVER,22810,1
PLOUGOUMELEN,56400,1
PLOUGRAS,22780,1
PLOUGRESCANT,22820,1
PLOUGUENAST LANGAST,22150,1
PLOUGUERNEVEL,22110,1
PLOUGUIEL,22220,1
PLOUHA,22580,1
PLOUHARNEL,56340,1
PLOUISY,22200,1
PLOULEC H,22300,1
PLOUMAGOAR,22970,1
PLOUMILLIAU,22300,1
PLOUNERIN,22780,1
PLOUNEVEZ MOEDEC,22810,1
PLOUNEVEZ QUINTIN,22110,1
PLOURAC H,22160,1
PLOURAY,56770,1
PLOURHAN,22410,1
PLOURIVO,22860,1
PLOUVARA,22170,1
PLOUZELAMBRE,22420,1
PLUDUAL,22290,1
PLUFUR,22310,1
PLUHERLIN,56220,1
PLUMAUDAN,22350,1
PLUMAUGAT,22250,1
PLUMELEC,56420,1
PLUMELIAU BIEUZY,56310,1
PLUMELIN,56500,1
PLUMERGAT,56400,1
PLUMIEUX,22210,1
PLUNERET,56400,1
PLURIEN,22240,1
PLUSQUELLEC,22160,1
PLUSSULIEN,22320,1
PLUVIGNER,56330,1
PLUZUNET,22140,1
POINDIMIE,98822,1
POMAS,11250,1
POMMERET,22120,1
POMMERIT LE VICOMTE,22200,1
POMY,11300,1
PONERIHOUEN,98823,1
PONT DE LARN,81660,1
PONT MELVEZ,22390,1
PONT SCORFF,56620,1
PONTIVY,56300,1
PONTRIEUX,22260,1
PORCARO,56380,1
PORDIC,22590,1
PORT LA NOUVELLE,11210,1
PORT LOUIS,56290,1
PORTEL DES CORBIERES,11490,1
POUDIS,81700,1
POUEBO,98824,1
POUEMBOUT,98825,1
POULAN POUZOLS,81120,1
POUM,98826,1
POUZOLS MINERVOIS,11120,1
POYA,98827,1
PRADELLES CABARDES,11380,1
PRADETTES,09600,1
PRADIERES,09000,1
PRAT,22140,1
PRAT BONREPAUX,09160,1
PRATVIEL,81500,1
PRAYOLS,09000,1
PREIXAN,11250,1
PRIZIAC,56320,1
PUECHOURSI,81470,1
PUGINIER,11400,1
PUICHERIC,11700,1
PUILAURENS,11140,1
PUIVERT,11230,1
PUKAPUKA,98774,1
PUNAAUIA,98703,1
PUYBEGON,81390,1
PUYCALVEL,81440,1
PUYCELSI,81140,1
PUYGOUZON,81120,1
PUYLAURENS,81700,1
QUEMPER GUEZENNEC,22260,1
QUEMPERVEN,22450,1
QUERIGUT,09460,1
QUESSOY,22120,1
QUESTEMBERT,56230,1
QUEVEN,56530,1
QUEVERT,22100,1
QUIBERON,56170,1
QUIE,09400,1
QUILLAN,11500,1
QUINTENIC,22400,1
QUINTILLAN,11360,1
QUINTIN,22800,1
QUIRBAJOU,11500,1
QUISTINIC,56310,1
RABASTENS,81800,1
RABAT LES TROIS SEIGNEURS,09400,1
RADENAC,56500,1
RAISSAC,09300,1
RAISSAC D AUDE,11200,1
RAISSAC SUR LAMPY,11170,1
RAIVAVAE,98750,1
RANGIROA,98775,1
RAPA,98751,1
RAYSSAC,81330,1
REALMONT,81120,1
REAO,98779,1
REGAT,09600,1
REGUINY,56500,1
REMINIAC,56140,1
RENNES LE CHATEAU,11190,1
RENNES LES BAINS,11190,1
RIANTEC,56670,1
RIBAUTE,11220,1
RIBOUISSE,11270,1
RICAUD,11400,1
RIEUCROS,09500,1
RIEUX DE PELLEPORT,09120,1
RIEUX EN VAL,11220,1
RIEUX MINERVOIS,11160,1
RIMATARA,98752,1
RIMONT,09420,1
RIVEL,11230,1
RIVERENERT,09200,1
ROCHEFORT EN TERRE,56220,1
RODOME,11140,1
ROHAN,56580,1
ROQUECOURBE,81210,1
ROQUECOURBE MINERVOIS,11700,1
ROQUEFERE,11380,1
ROQUEFEUIL,11340,1
ROQUEFIXADE,09300,1
ROQUEFORT DE SAULT,11140,1
ROQUEFORT DES CORBIERES,11540,1
ROQUEFORT LES CASCADES,09300,1
ROQUETAILLADE ET CONILHAC,11190,1
ROQUEVIDAL,81470,1
ROSPEZ,22300,1
ROSTRENEN,22110,1
ROUAIROUX,81240,1
ROUBIA,11200,1
ROUDOUALLEC,56110,1
ROUFFIAC D AUDE,11250,1
ROUFFIAC DES CORBIERES,11350,1
ROULLENS,11290,1
ROUMENGOUX,09500,1
ROUSSAYROLLES,81140,1
ROUTIER,11240,1
ROUZE,09460,1
RUCA,22550,1
RUNAN,22260,1
RURUTU,98753,1
RUSTIQUES,11800,1
SABARAT,09350,1
SAISSAC,11310,1
SAIX,81710,1
SALIES,81990,1
SALLELES CABARDES,11600,1
SALLELES D AUDE,11590,1
SALLES D AUDE,11110,1
SALLES SUR L HERS,11410,1
SALSEIN,09800,1
SALSIGNE,11600,1
SALVAGNAC,81630,1
SALVEZINES,11140,1
SALZA,11330,1
SARRAMEA,98882,1
SARZEAU,56370,1
SAURAT,09400,1
SAUSSENAC,81350,1
SAUTEL,09300,1
SAUZON,56360,1
SAVERDUN,09700,1
SAVIGNAC LES ORMEAUX,09110,1
SEGLIEN,56160,1
SEGURA,09120,1
SEIGNALENS,11240,1
SEIX,09140,1
SEMALENS,81570,1
SENAUX,81530,1
SENE,56860,1
SENOUILLAC,81600,1
SENTEIN,09800,1
SENTENAC D OUST,09140,1
SENTENAC DE SEROU,09240,1
SENVEN LEHART,22720,1
SERENAC,81350,1
SERENT,56460,1
SERRES SUR ARGET,09000,1
SERVIES,81220,1
SERVIES EN VAL,11220,1
SEVIGNAC,22250,1
SIEURAC,81120,1
SIEURAS,09130,1
SIGAVE,98620,1
SIGEAN,11130,1
SIGUER,09220,1
SILFIAC,56480,1
SONNAC SUR L HERS,11230,1
SOR,09800,1
SOREZE,81540,1
SORGEAT,09110,1
SOUAL,81580,1
SOUEIX ROGALLE,09140,1
SOUEL,81170,1
SOUGRAIGNE,11190,1
SOUILHANELS,11400,1
SOUILHE,11400,1
SOULA,09000,1
SOULAN,09320,1
SOULATGE,11330,1
SOUPEX,11320,1
SQUIFFIEC,22200,1
ST ABRAHAM,56140,1
ST ADRIEN,22390,1
ST AFFRIQUE LES MONTAGNES,81290,1
ST AGATHON,22200,1
ST ALLOUESTRE,56500,1
ST AMADOU,09100,1
ST AMANCET,81110,1
ST AMANS,11270,1
ST AMANS SOULT,81240,1
ST AMANS VALTORET,81240,1
ST ANDRE DE ROQUELONGUE,11200,1
ST ANDRE DES EAUX,22630,1
ST AVE,56890,1
ST BARNABE,22600,1
ST BAUZEIL,09120,1
ST BEAUZILE,81140,1
ST BENOIT DE CARMAUX,81400,1
ST BIHY,22800,1
ST BRANDAN,22800,1
ST BRIEUC,22000,1
ST BRIEUC DE MAURON,56430,1
ST CARADEC,22600,1
ST CARADEC TREGOMEL,56540,1
ST CARNE,22100,1
ST CARREUC,22150,1
ST CAST LE GUILDO,22380,1
ST CIRGUE,81340,1
ST CLET,22260,1
ST CONGARD,56140,1
ST CONNAN,22480,1
ST CONNEC,22530,1
ST COUAT D AUDE,11700,1
ST COUAT DU RAZES,11300,1
ST DENIS,11310,1
ST DENOUAL,22400,1
ST DOLAY,56130,1
ST DONAN,22800,1
ST ETIENNE DU GUE DE L ISLE,22210,1
ST FELIX DE RIEUTORD,09120,1
ST FELIX DE TOURNEGAT,09500,1
ST FERRIOL,11500,1
ST FIACRE,22720,1
ST FRICHOUX,11800,1
ST GAUDERIC,11270,1
ST GAUZENS,81390,1
ST GENEST DE CONTEST,81440,1
ST GERAND CROIXANVEC,56920,1
ST GILDAS,22800,1
ST GILDAS DE RHUYS,56730,1
ST GILLES LES BOIS,22290,1
ST GILLES PLIGEAUX,22480,1
ST GILLES VIEUX MARCHE,22530,1
ST GIRONS,09200,1
ST GLEN,22510,1
ST GONNERY,56920,1
ST GORGON,56350,1
ST GRAVE,56220,1
ST GUYOMARD,56460,1
ST HELEN,22100,1
ST HERVE,22460,1
ST IGEAUX,22570,1
ST JACUT DE LA MER,22750,1
ST JACUT LES PINS,56220,1
ST JEAN BREVELAY,56660,1
ST JEAN D AIGUES VIVES,09300,1
ST JEAN DE BARROU,11360,1
ST JEAN DE MARCEL,81350,1
ST JEAN DE PARACOL,11260,1
ST JEAN DE RIVES,81500,1
ST JEAN DE VALS,81210,1
ST JEAN DE VERGES,09000,1
ST JEAN DU CASTILLONNAIS,09800,1
ST JEAN DU FALGA,09100,1
ST JEAN KERDANIEL,22170,1
ST JEAN LA POTERIE,56350,1
ST JOUAN DE L ISLE,22350,1
ST JUDOCE,22630,1
ST JULIA DE BEC,11500,1
ST JULIEN DE BRIOLA,11270,1
ST JULIEN DE GRAS CAPOU,09500,1
ST JULIEN DU PUY,81440,1
ST JULIEN GAULENE,81340,1
ST JUST ET LE BEZU,11500,1
ST JUVAT,22630,1
ST LARY,09800,1
ST LAURENT DE LA CABRERISSE,11220,1
ST LAURENT SUR OUST,56140,1
ST LERY,56430,1
ST LIEUX LES LAVAUR,81500,1
ST LIZIER,09190,1
ST LORMEL,22130,1
ST LOUIS ET PARAHOU,11500,1
ST MADEN,22350,1
ST MALO DE BEIGNON,56380,1
ST MALO DES TROIS FONTAINES,56490,1
ST MARCEL CAMPES,81170,1
ST MARCEL SUR AUDE,11120,1
ST MARTIN D OYDES,09100,1
ST MARTIN DE CARALP,09000,1
ST MARTIN DE VILLEREGLAN,11300,1
ST MARTIN DES PRES,22320,1
ST MARTIN DES PUITS,11220,1
ST MARTIN LAGUEPIE,81170,1
ST MARTIN LALANDE,11400,1
ST MARTIN LE VIEIL,11170,1
ST MARTIN LYS,11500,1
ST MARTIN SUR OUST,56200,1
ST MAUDAN,22600,1
ST MAUDEZ,22980,1
ST MAYEUX,22320,1
ST MELOIR DES BOIS,22980,1
ST MICHEL DE LANES,11410,1
ST MICHEL DE PLELAN,22980,1
ST MICHEL DE VAX,81140,1
ST MICHEL EN GREVE,22300,1
ST MICHEL LABADIE,81340,1
ST NAZAIRE D AUDE,11120,1
ST NICODEME,22160,1
ST NICOLAS DU PELEM,22480,1
ST NICOLAS DU TERTRE,56910,1
ST NOLFF,56250,1
ST PAPOUL,11400,1
ST PAUL CAP DE JOUX,81220,1
ST PAUL DE JARRAT,09000,1
ST PAULET,11320,1
ST PERREUX,56350,1
ST PEVER,22720,1
ST PIERRE DE RIVIERE,09000,1
ST PIERRE DE TRIVISY,81330,1
ST PIERRE DES CHAMPS,11220,1
ST PIERRE QUIBERON,56510,1
ST POLYCARPE,11300,1
ST POTAN,22550,1
ST QUAY PERROS,22700,1
ST QUAY PORTRIEUX,22410,1
ST QUENTIN LA TOUR,09500,1
ST QUIRC,09700,1
ST RIEUL,22270,1
ST SALVI DE CARCAVES,81530,1
ST SALVY DE LA BALME,81490,1
ST SAMSON SUR RANCE,22100,1
ST SERNIN LES LAVAUR,81700,1
ST SERVAIS,22160,1
ST SERVANT,56120,1
ST SULPICE LA POINTE,81370,1
ST THELO,22460,1
ST THURIAU,56300,1
ST TRIMOEL,22510,1
ST TUGDUAL,56540,1
ST VICTOR ROUZAUD,09100,1
ST VINCENT SUR OUST,56350,1
ST VRAN,22230,1
ST YBARS,09210,1
STE ANNE D AURAY,56400,1
STE BRIGITTE,56480,1
STE CAMELLE,11410,1
STE CECILE DU CAYROU,81140,1
STE COLOMBE SUR GUETTE,11140,1
STE COLOMBE SUR L HERS,11230,1
STE CROIX VOLVESTRE,09230,1
STE FOI,09500,1
STE SUZANNE,09130,1
STE TREPHINE,22480,1
STE VALIERE,11120,1
SULNIAC,56250,1
SURBA,09400,1
SURZUR,56450,1
SUZAN,09240,1
TABRE,09600,1
TADEN,22100,1
TAHAA,98733,1
TAHUATA,98743,1
TAIARAPU EST,98719,1
TAIARAPU OUEST,98723,1
TAIX,81130,1
TAKAROA,98781,1
TALAIRAN,11220,1
TANUS,81190,1
TAPUTAPUATEA,98735,1
TARASCON SUR ARIEGE,09400,1
TATAKOTO,98783,1
TAUPONT,56800,1
TAURIGNAN CASTET,09160,1
TAURIGNAN VIEUX,09190,1
TAURIZE,11220,1
TECOU,81600,1
TEILHET,09500,1
TEILLET,81120,1
TERMES,11330,1
TERRE DE BANCALIE,81120,1
TERROLES,11580,1
TERSSAC,81150,1
TEULAT,81500,1
TEVA I UTA,98726,1
TEYSSODE,81220,1
THEHILLAC,56130,1
THEIX NOYALO,56450,1
THEZAN DES CORBIERES,11200,1
THIO,98829,1
THOUARS SUR ARIZE,09350,1
TIGNAC,09110,1
TONNAC,81170,1
TONQUEDEC,22140,1
TOUHO,98831,1
TOURNISSAN,11220,1
TOUROUZELLE,11200,1
TOURREILLES,11300,1
TOURTOUSE,09230,1
TOURTROL,09500,1
TRAMAIN,22640,1
TRASSANEL,11160,1
TRAUSSE,11160,1
TREAL,56140,1
TREBAS,81340,1
TREBEDAN,22980,1
TREBES,11800,1
TREBEURDEN,22560,1
TREBRIVAN,22340,1
TREBRY,22510,1
TREDANIEL,22510,1
TREDARZEC,22220,1
TREDIAS,22250,1
TREDION,56250,1
TREDREZ LOCQUEMEAU,22300,1
TREDUDER,22310,1
TREFFLEAN,56250,1
TREFFRIN,22340,1
TREFUMEL,22630,1
TREGASTEL,22730,1
TREGLAMUS,22540,1
TREGOMEUR,22590,1
TREGONNEAU,22200,1
TREGROM,22420,1
TREGUEUX,22950,1
TREGUIDEL,22290,1
TREGUIER,22220,1
TREHORENTEUC,56430,1
TREILLES,11510,1
TRELEVERN,22660,1
TRELIVAN,22100,1
TREMARGAT,22110,1
TREMEL,22310,1
TREMEREUC,22490,1
TREMEUR,22250,1
TREMEVEN,22290,1
TREMOREL,22230,1
TREMOULET,09700,1
TREMUSON,22440,1
TREOGAN,22340,1
TRESSIGNAUX,22290,1
TREVE,22600,1
TREVENEUC,22410,1
TREVEREC,22290,1
TREVIEN,81190,1
TREVILLE,11400,1
TREVOU TREGUIGNEC,22660,1
TREVRON,22100,1
TREZENY,22450,1
TREZIERS,11230,1
TROGUERY,22450,1
TROYE D ARIEGE,09500,1
TUBUAI,98754,1
TUCHAN,11350,1
TUMARAA,98735,1
TUREIA,98784,1
UA HUKA,98744,1
UA POU,98745,1
UNAC,09250,1
UNZENT,09100,1
URS,09310,1
USSAT,09400,1
USTOU,09140,1
UTUROA,98735,1
UVEA,98600,1
UZEL,22460,1
VABRE,81330,1
VAL D ARGUENON,22130,1
VAL D OUST,56460,1
VAL DE DAGNE,11220,1
VAL DE LAMBRONNE,11230,1
VAL DE SOS,09220,1
VAL DU FABY,11260,1
VALDERIES,81350,1
VALDURENQUE,81090,1
VALENCE D ALBIGEOIS,81340,1
VALMIGERE,11580,1
VALS,09500,1
VANNES,56000,1
VAOUR,81140,1
VARILHES,09120,1
VAYCHIS,09110,1
VEBRE,09310,1
VEILHES,81500,1
VENES,81440,1
VENTENAC,09120,1
VENTENAC CABARDES,11610,1
VENTENAC EN MINERVOIS,11120,1
VERAZA,11580,1
VERDALLE,81110,1
VERDUN,09310,1
VERDUN EN LAURAGAIS,11400,1
VERNAJOUL,09000,1
VERNAUX,09250,1
VERNIOLLE,09340,1
VERZEILLE,11250,1
VIANE,81530,1
VIELMUR SUR AGOUT,81570,1
VIGNEVIEILLE,11330,1
VILDE GUINGALAN,22980,1
VILLALIER,11600,1
VILLANIERE,11600,1
VILLAR EN VAL,11220,1
VILLAR ST ANSELME,11250,1
VILLARDEBELLE,11580,1
VILLARDONNEL,11600,1
VILLARZEL CABARDES,11600,1
VILLARZEL DU RAZES,11300,1
VILLASAVARY,11150,1
VILLAUTOU,11420,1
VILLEBAZY,11250,1
VILLEDAIGNE,11200,1
VILLEDUBERT,11800,1
VILLEFLOURE,11570,1
VILLEFORT,11230,1
VILLEFRANCHE D ALBIGEOIS,81430,1
VILLEGAILHENC,11600,1
VILLEGLY,11600,1
VILLELONGUE D AUDE,11300,1
VILLEMAGNE,11310,1
VILLEMOUSTAUSSOU,11620,1
VILLENEUVE D OLMES,09300,1
VILLENEUVE DU LATOU,09130,1
VILLENEUVE DU PAREAGE,09100,1
VILLENEUVE LA COMPTAL,11400,1
VILLENEUVE LES CORBIERES,11360,1
VILLENEUVE LES LAVAUR,81500,1
VILLENEUVE LES MONTREAL,11290,1
VILLENEUVE MINERVOIS,11160,1
VILLENEUVE SUR VERE,81130,1
VILLEPINTE,11150,1
VILLEROUGE TERMENES,11330,1
VILLESEQUE DES CORBIERES,11360,1
VILLESEQUELANDE,11170,1
VILLESISCLE,11150,1
VILLESPY,11170,1
VILLETRITOULS,11220,1
VINASSAN,11110,1
VINDRAC ALAYRAC,81170,1
VIRA,09120,1
VIRAC,81640,1
VITERBE,81220,1
VIVIERS LES LAVAUR,81500,1
VIVIERS LES MONTAGNES,81290,1
VIVIES,09500,1
VOH,98833,1
YATE,98834,1
YFFINIAC,22120,1
YVIAS,22930,1
YVIGNAC LA TOUR,22350,1
