Words;Link;Score
BERLIN;10115;1000
HAMBURG;20038;950
MÜNCHEN;80331;920
MUNICH;80331;920
KÖLN;50667;890
COLOGNE;50667;890
FRANKFURT AM MAIN;60306;870
NORDRHEIN-WESTFALEN;40213;850
BAVARIA;80331;840
STUTTGART;70173;820
DÜSSELDORF;40210;810
LEIPZIG;04103;790
DORTMUND;44135;780
NIEDERSACHSEN;30159;780
ESSEN;45127;775
BREMEN;28195;770
DRESDEN;01067;765
HANNOVER;30159;760
HESSEN;38835;760
NÜRNBERG;90402;750
NUREMBERG;90402;750
SACHSEN;91623;730
DUISBURG;47051;730
SAXONY;01067;720
RHEINLAND-PFALZ;55116;710
BONN;53111;700
BOCHUM;44787;700
WUPPERTAL;42103;695
BIELEFELD;33519;690
SCHLESWIG-HOLSTEIN;24103;690
MÜNSTER;48079;680
STADTVERWALTUNG;09106;674
AMTSGERICHT;06095;672
KARLSRUHE;76006;670
MANNHEIM;68159;665
AUGSBURG;86150;660
WIESBADEN;65183;655
SACHSEN-ANHALT;39104;650
THURINGIA;99084;630
GELSENKIRCHEN;45879;620
MECKLENBURG-VORPOMMERN;19053;620
BRAUNSCHWEIG;38023;610
CHEMNITZ;09111;605
FINANZAMT;15515;603
AACHEN;52062;600
KIEL;24103;600
SAARLAND;66111;600
HALLE;06108;595
MAGDEBURG;39014;590
FREIBURG IM BREISGAU;79098;585
HEIDELBERG;69115;580
KREFELD;47798;570
LÜBECK;23539;565
OBERHAUSEN;46045;560
MAINZ;55116;555
ERFURT;99084;555
ROSTOCK;18055;550
NORTH RHINE-WESTPHALIA;40213;550
KASSEL;34117;545
HAGEN;24576;535
POTSDAM;14461;530
HAMM;54636;525
SAARBRÜCKEN;66111;525
REGENSBURG;93047;520
INGOLSTADT;85049;510
HUK-COBURG;01057;507
WÜRZBURG;97070;500
OKTOBERFEST;80331;500
LOWER SAXONY;30159;500
HEILBRONN;74072;490
ULM;89040;490
GÖTTINGEN;37073;480
TRIER;54290;475
JENA;07743;470
ERLANGEN;91052;465
TÜBINGEN;72070;460
KOBLENZ;56068;460
IKK CLASSIC;22521;455
REUTLINGEN;72760;455
BAMBERG;96047;450
WEIMAR;35096;450
NEUSCHWANSTEIN;87645;450
RHINELAND-PALATINATE;55116;450
KONSTANZ;78462;445
LÜNEBURG;21335;440
BAYREUTH;95444;435
GARMISCH-PARTENKIRCHEN;82467;430
PASSAU;94032;430
FLENSBURG;24937;425
ROTHENBURG OB DER TAUBER;91541;420
RHINELAND;50667;420
COMMERZBANK AG;01053;417
TECHNIKER KRANKENKASSE;20901;408
BLACK FOREST;79098;400
SCHWARZWALD;79098;400
WESTPHALIA;44135;400
ZUGSPITZE;82491;380
SYLT;25980;380
BODENSEE;78462;360
BARMER;23547;357
LANDRATSAMT;63736;357
RÜGEN;18528;350
KARSTADT AG;13344;345
MÖNCHENGLADBACH;41061;345
DEUTSCHE POST AG DIREKT MARKETING CENTER;34198;318
NEUENKIRCHEN;17039;318
SIEMENS AG;13622;303
LANDGERICHT;21332;303
COTTBUS;03042;303
WETZLAR;35576;303
MÜLHEIM AN DER RUHR;45403;303
RHEIN;55116;300
BRANDENBURGER TOR;10117;300
UNICREDIT BANK AG;10896;286
STAATSANWALTSCHAFT;31673;286
DEUTSCHE TELEKOM AG;25333;286
STUTTGART STUTTGART-MITTE;70173;286
HAMBURG EIMSBÜTTEL;20144;286
OLDENBURG;26121;286
OSNABRÜCK;49074;286
HERNE;44623;286
ALEXANDERPLATZ;10178;280
DAK-GESUNDHEIT;22778;267
KREISVERWALTUNG;23792;267
DARMSTADT;64283;267
DILLENBURG;35683;267
LIMBURG AN DER LAHN;65549;267
HAMBURG BRAMFELD;22047;267
NEUSS;41460;267
SOLINGEN;42651;267
DAIMLER AG;40467;246
AOK - DIE GESUNDHEITSKASSE;09099;246
DEUTSCHE BANK AG;10890;246
DEUTSCHE ANGESTELLTEN KRANKENKASSE;26119;246
E.ON REAL ESTATE GMBH;30686;246
SCHWERIN;15755;246
BUCHHOLZ;16928;246
BERLIN KREUZBERG;10961;246
PFORZHEIM;75172;246
SCHÖNBERG;08393;246
BREMERHAVEN;27568;246
TAUNUSSTEIN;65219;246
HAMBURG SANKT PAULI;20354;246
HAMBURG BAHRENFELD;22525;246
LUDWIGSHAFEN AM RHEIN;67059;246
METRO DEUTSCHLAND GMBH;45466;223
UNIVERSITÄTSBIBLIOTHEK;35386;223
AOK;49375;223
SCHÖNFELD;01561;223
TIEFENBACH;09661;223
BERGEN;08239;223
ROHRBACH;07429;223
HAUSEN;37327;223
FÜRTH;64658;223
ROTH;54597;223
OFFENBACH;63065;223
HANAU;63405;223
WITZENHAUSEN;37213;223
HAMBURG ROTHERBAUM;20144;223
HAMBURG HARVESTEHUDE;20144;223
HAMBURG WINTERHUDE;20249;223
HAMBURG TONNDORF;22041;223
RATINGEN;40832;223
REMSCHEID;42853;223
LEVERKUSEN;51371;223
KAISERSLAUTERN;67653;223
ZWICKAU;08056;223
GERA;07545;223
GALERIA KARSTADT KAUFHOF GMBH;12154;195
JUSTIZBEHÖRDEN;63736;195
STRABAG PROPERTY AND FACILITY SERVICES GMBH;34111;195
BUNDESKNAPPSCHAFT;09108;195
DEUTSCHE RENTENVERSICHERUNG KNAPPSCHAFT-BAHN-SEE;44781;195
POSTBANK EINE NIEDERLASSUNG DER DEUTSCHE BANK AG;31774;195
ZURICH SERVICE GMBH;50427;195
VERWALTUNGSGERICHT;10863;195
FRIEDERSDORF;02742;195
HIRSCHFELD;04932;195
FALKENBERG;15518;195
WOLTERSDORF;15569;195
STUTTGART STUTTGART-WEST;70176;195
STUTTGART STUTTGART-OST;70184;195
STUTTGART ZUFFENHAUSEN;70435;195
ALTDORF;67482;195
LUDWIGSBURG;71634;195
AALEN;73430;195
ESSLINGEN AM NECKAR;73728;195
NEUNKIRCHEN;54426;195
VILLINGEN-SCHWENNINGEN;78048;195
BERG;53505;195
LANDSHUT;84028;195
ELTVILLE AM RHEIN;65343;195
GIESSEN;35390;195
HAMBURG STELLINGEN;20255;195
HAMBURG NEUSTADT;20354;195
HAMBURG ALTONA-ALTSTADT;20357;195
HAMBURG BERGEDORF;21029;195
HAMBURG BILLSTEDT;22111;195
HAMBURG RAHLSTEDT;22143;195
HAMBURG BARMBEK-NORD;22297;195
HAMBURG HUMMELSBÜTTEL;22339;195
HAMBURG NIENDORF;22453;195
HAMBURG EIDELSTEDT;22457;195
HAMBURG OSDORF;22547;195
WILHELMSHAVEN;26382;195
CELLE;29221;195
HILDESHEIM;31134;195
SALZGITTER;38226;195
WOLFSBURG;38440;195
KEVELAER;47623;195
BERGISCH GLADBACH;51427;195
RECKLINGHAUSEN;45657;195
BOTTROP;46236;195
MINDEN;32423;195
PADERBORN;33098;195
GÜTERSLOH;33311;195
SIEGEN;57072;195
WITTEN;58452;195
LÜDENSCHEID;58507;195
ISERLOHN;58636;195
ARNSBERG;59755;195
NORDERSTEDT;22844;195
DESSAU;06842;195
ALLIANZ LEBENSVERSICHERUNGS-AG;10850;163
ROBERT BOSCH GMBH;31132;163
JUSTIZVOLLZUGSANSTALT;29523;163
GENERALI VERSICHERUNG;20074;163
KARSTADT WARENHAUS GMBH;45466;163
KREISKRANKENHAUS;38516;163
BISCHÖFLICHES ORDINARIAT;65547;163
DEUTSCHE POST AG NL PHILATELIE VERSANDZENTRUM;92624;163
ZBI GMBH;01303;163
AMAZON;90290;163
AACHENMÜNCHENER VERSICHERUNG AG;20081;163
AXEL SPRINGER SE;10867;163
BUNDESVERWALTUNGSAMT;11055;163
AMAZON LOGISTIK GMBH;36242;163
DEUTSCHE POST AG, ABT. 1U1;45195;163
ARBEITSGERICHT;32420;163
DEUTSCHE RENTENVERSICHERUNG BUND;07497;163
SCHIPKAU;01968;163
SCHÖNBORN;03253;163
BERGE;14641;163
BRANDENBURG AN DER HAVEL;14770;163
FRANKFURT (ODER);15230;163
FRIEDLAND;15848;163
FRIEDRICHSTHAL;16306;163
LINDENBERG;16321;163
STOLPE;16540;163
BERLIN FRIEDRICHSHAIN;10243;163
STUTTGART STUTTGART-NORD;70174;163
STUTTGART STUTTGART-SÜD;70178;163
STUTTGART BAD CANNSTATT;70191;163
STUTTGART MÖHRINGEN;70563;163
SINDELFINGEN;71063;163
WINTERBACH;55595;163
MÜHLHAUSEN;69242;163
LIMBACH;08491;163
WEINGARTEN;67366;163
LICHTENAU;09244;163
SEELBACH;56377;163
HOHENSTEIN;65329;163
ROSENHEIM;57520;163
KIRCHDORF;18519;163
BERGHEIM;50126;163
NEUKIRCHEN;23779;163
ROSSBACH;06242;163
REICHENBACH;07629;163
HOF;56472;163
SCHWEINFURT;97412;163
NEUENDORF;18246;163
STEINFELD;18184;163
HOLZHEIM;65558;163
BUCH;39517;163
MARBURG;35037;163
LINDEN;25791;163
FULDA;36037;163
PETERSBERG;06193;163
HAMBURG HOHELUFT-OST;20144;163
HAMBURG ALSTERDORF;20251;163
HAMBURG LOKSTEDT;20253;163
HAMBURG ALTONA-NORD;20257;163
HAMBURG LOHBRÜGGE;21031;163
HAMBURG HAUSBRUCH;21075;163
HAMBURG WANDSBEK;22041;163
HAMBURG BARMBEK-SÜD;22081;163
HAMBURG SASEL;22159;163
HAMBURG GROSS BORSTEL;22297;163
HAMBURG OHLSDORF;22309;163
HAMBURG FUHLSBÜTTEL;22335;163
HAMBURG POPPENBÜTTEL;22391;163
HAMBURG OTHMARSCHEN;22605;163
BÜLOW;17166;163
HOHENFELDE;18184;163
ELMENHORST;18510;163
LANGENHAGEN;19399;163
STADE;21680;163
EMDEN;26721;163
CUXHAVEN;27472;163
DELMENHORST;27749;163
WOLFENBÜTTEL;38281;163
MARL;45768;163
DORMAGEN;41539;163
VIERSEN;41747;163
VELBERT;42549;163
MOERS;47441;163
KERPEN;50169;163
DÜREN;52349;163
CASTROP-RAUXEL;44575;163
LIPPSTADT;59555;163
LEIMBACH;06268;163
BREITENBACH;06528;163
WORMS;67547;163
NEUMÜNSTER;24534;163
PLAUEN;08523;163
STATISTISCHES LANDESAMT;56128;124
VOLKSFÜRSORGE SCHADENZENTRUM;10768;124
UNIVERSITÄT;57068;124
SCHWENNINGER BKK;36036;124
VHV VEREINIGTE HANNOVERSCHE VERSICHERUNG A.G.;10546;124
DEBEKA VERSICHERUNGEN UND BAUSPARKASSE;48136;124
DEUTSCHE POSTBANK AG NIEDERLASSUNG MÜNCHEN;80314;124
VERSICHERUNGSKAMMER BAYERN;67429;124
SIEMENS NIXDORF INFORMATIONSSYSTEME AG;13624;124
OSRAM GMBH;13625;124
BERUFSGENOSSENSCHAFT HOLZ UND METALL BEZIRKSVERWALTUNG;20139;124
AMB GENERALI SCHADENMANAGEMENT GMBH;20076;124
DEUTSCHE TELEKOM AG KUNDENNIEDERLASSUNG;87432;124
CONRAD ELECTRONIC SE;92240;124
INTERSERV GMBH INTERSCAN ZUSTELLURKUNDEN;90324;124
OBERLANDESGERICHT;56065;124
BOSCH REXROTH AG;97419;124
MOBIL KRANKENKASSE;20091;124
NORD-OSTSEE AUTOMOBILE SE & CO. KG;21175;124
DEUTSCHE POSTBANK AG NIEDERLASSUNG HAMBURG (GIRO);22279;124
DB FERNVERKEHR AG BAHN CARD;60643;124
GOODYEAR GERMANY GMBH;36035;124
R+V VERSICHERUNG;10617;124
BARMER ERSATZKASSE;22842;124
STADT;27709;124
HDI AG;30647;124
DEUTSCHE POST E-POST SOLUTIONS GMBH;04056;124
LANDESAMT FÜR BESOLDUNG UND VERSORGUNG NRW;40192;124
NOVITAS BKK;25522;124
SPARKASSE;44782;124
HERTIE GMBH;13578;124
AOK NORDWEST;23547;124
BUNDESARCHIV;10702;124
DEUTSCHE POST AG HR SERVICE GERMANY;01063;124
DAVASO GMBH;04310;124
BUNDESDRUCKEREI GMBH;10917;124
HERMSDORF;01945;124
LIESKAU;03130;124
KITTLITZ;02708;124
RÜCKERSDORF;03238;124
WILDBERG;04916;124
NAUNDORF;04617;124
SEEBURG;06317;124
KLOSTER LEHNIN;14542;124
SCHÖNWALDE;14621;124
JERCHEL;14715;124
SCHWANEBECK;14806;124
IHLOW;14913;124
SCHÖNHAGEN;14959;124
WERDER;15345;124
GRÜNHEIDE (MARK);15518;124
RIETZ-NEUENDORF;15526;124
WALTERSDORF;02799;124
KLAUSDORF;15838;124
ALTENHOF;16244;124
ZIETHEN;16247;124
SCHÖNEBERG;16278;124
WILMERSDORF;16278;124
BLUMBERG;16306;124
SEEFELD;16356;124
MARIENTHAL;16775;124
STUTTGART VAIHINGEN;70563;124
WAIBLINGEN;71332;124
BEILSTEIN;56814;124
GÖPPINGEN;73033;124
WESTHAUSEN;73463;124
ELLENBERG;29413;124
SCHWÄBISCH GMÜND;73525;124
URBACH;56317;124
ERLENBACH;74235;124
WALLHAUSEN;06528;124
HEIDENHEIM AN DER BRENZ;89518;124
FREUDENBERG;57258;124
SCHÖNAU;66996;124
BIRKENFELD;55765;124
SCHÖMBERG;07570;124
BADEN-BADEN;76530;124
OFFENBURG;77652;124
STEINACH;77790;124
FRIESENHEIM;55278;124
LAUTERBACH;36341;124
ESCHBACH;56357;124
LÖRRACH;79539;124
STEINEN;56244;124
ALBSTADT;72458;124
SANKT JOHANN;55578;124
FRIEDRICHSHAFEN;88045;124
RAVENSBURG;88212;124
WILHELMSDORF;07389;124
WALD;87616;124
STETTEN;67294;124
ERBACH;55494;124
KIRCHBERG;08107;124
KASTL;84556;124
ALTENSTADT;63674;124
RIMBACH;64668;124
RIEDEN;56745;124
STEINBERG;08237;124
ZELL;56856;124
KÖNIGSFELD;09306;124
LAUTERTAL;36369;124
LANGENFELD;40764;124
WEIDENBACH;54570;124
ASCHAFFENBURG;63739;124
KIRCHHEIM;36275;124
PETERSDORF;17348;124
KEMPTEN;87435;124
EISENBERG;07607;124
BOOS;55595;124
BAD HOMBURG VOR DER HÖHE;61348;124
LANGEN;27607;124
RODENBACH;57639;124
ROSSDORF;39307;124
SULZBACH;55758;124
LAUBACH;35321;124
BREITSCHEID;35767;124
DORNBURG;07778;124
NEUHOF;19246;124
WEISSENBORN;06724;124
HAMBURG KLOSTERTOR;20095;124
HAMBURG SANKT GEORG;20095;124
HAMBURG HAMBURG-ALTSTADT;20099;124
HAMBURG EPPENDORF;20249;124
HAMBURG HOHELUFT-WEST;20253;124
HAMBURG HAMM-NORD;20535;124
HAMBURG WILHELMSBURG;20539;124
HAMBURG CURSLACK;21029;124
HAMBURG BILLWERDER;21033;124
HAMBURG ALLERMÖHE;21035;124
HAMBURG EISSENDORF;21073;124
HAMBURG HARBURG;21073;124
HAMBURG HEIMFELD;21073;124
HAMBURG WILSTORF;21073;124
HAMBURG MARIENTHAL;22041;124
HAMBURG UHLENHORST;22081;124
HAMBURG HORN;22111;124
HAMBURG LANGENHORN;22415;124
HAMBURG SCHNELSEN;22455;124
HAMBURG LURUP;22525;124
HAMBURG NIENSTEDTEN;22587;124
HAMBURG GROSS FLOTTBEK;22605;124
HAMBURG OTTENSEN;22763;124
NEUBRANDENBURG;17033;124
LINDETAL;17094;124
GÜLZOW;17153;124
WUSTROW;17255;124
GARZ;17419;124
GREIFSWALD;17489;124
LÜSSOW;17506;124
NIENHAGEN;18211;124
STEINHAGEN;18246;124
LÖBNITZ;04509;124
STRALSUND;18435;124
ALTENKIRCHEN;18556;124
GÖHREN;04603;124
WISMAR;23966;124
SEEVETAL;21217;124
DAHLEM;21368;124
DRAGE;21423;124
AURICH;26603;124
STADLAND;26935;124
SEEDORF;23823;124
BOKEL;24802;124
LANGENDORF;06667;124
GARBSEN;30823;124
PEINE;31224;124
HAMELN;31785;124
SALZGITTER LEBENSTEDT;38226;124
GOSLAR;38640;124
NORDHORN;48527;124
MELLE;49324;124
LINGEN;49808;124
MEERBUSCH;40667;124
HILDEN;40721;124
GREVENBROICH;41515;124
WESEL;46483;124
DINSLAKEN;46535;124
KLEVE;25554;124
GUMMERSBACH;51643;124
STOLBERG (RHEINLAND);52222;124
ALSDORF;52477;124
BORNHEIM;53332;124
TROISDORF;53840;124
GLADBECK;45964;124
DORSTEN;46282;124
BOCHOLT;46395;124
RHEINE;48429;124
HERFORD;32049;124
BAD SALZUFLEN;32105;124
BAD OEYNHAUSEN;32545;124
DETMOLD;32756;124
LÜNEN;44532;124
HATTINGEN;45525;124
MENDEN;58706;124
UNNA;59423;124
WEILER;55413;124
HORBACH;55606;124
BRÜCKEN;06528;124
STEINBACH;36448;124
NEUWIED;56564;124
PIRMASENS;66953;124
NEUSTADT AN DER WEINSTRASSE;67433;124
ELMSHORN;25335;124
PEISSEN;06188;124
NEUNKIRCHEN/SAAR;66538;124
RIESA;01587;124
DOBERSCHAU-GAUSSIG;01877;124
GÖRLITZ;02826;124
VOGTLÄNDISCHES OBERLAND;07937;124
REINSDORF;06556;124
CHEMNITZ, SACHSEN;09028;124
HARTMANNSDORF;07586;124
SCHKOPAU;06179;124
BUCHA;06642;124
SANDERSDORF;06780;124
HARTH-PÖLLNITZ;07557;124
SUHL;98527;124
GENERALI DEUTSCHLAND VERSICHERUNG AG;50412;73
LANDESBANK BADEN-WÜRTTEMBERG;70144;73
ENBW SERVICE GMBH;70167;73
DEUTSCHE RENTENVERSICHERUNG BADEN-WÜRTTEMBERG;70429;73
POSTBEAMTENKRANKENKASSE;70467;73
GENERALI SCHADENBÜRO;60377;73
IBM DEUTSCHLAND GMBH;12274;73
AGENTUR FÜR ARBEIT WAIBLINGEN;71327;73
AGENTUR FÜR ARBEIT LUDWIGSBURG;71629;73
AGENTUR FÜR ARBEIT AALEN;73425;73
TRIUMPH INTERNATIONAL GMBH;73538;73
AGENTUR FÜR ARBEIT HEILBRONN;74064;73
ELEVEN TEAMSPORTS GMBH;74587;73
EOS KSI INKASSO DEUTSCHLAND GMBH;68051;73
BERUFSGENOSSENSCHAFT NAHRUNGSMITTEL UND GASTGEWERBE;44126;73
AXA VERSICHERUNG AG;51059;73
BERUFSGENOSSENSCHAFT HANDEL UND WARENLOGISTIK (BGHW);53102;73
SÜDWESTRUNDFUNK;55146;73
AGENTUR FÜR ARBEIT MANNHEIM;68150;73
SCHNEIDER ELECTRIC GMBH;63499;73
VERSORGUNGSAMT;44125;73
BERUFSGENOSSENSCHAFT ROHSTOFFE UND CHEMISCHE INDUSTRIE;44782;73
AOK DIE GESUNDHEITSKASSE;26787;73
AGENTUR FÜR ARBEIT KARLSRUHE;76089;73
DEUTSCHE POSTBANK AG NIEDERLASSUNG KARLSRUHE;76118;73
DEVK VERSICHERUNGEN;50729;73
BADEN-WÜRTTEMBERGISCHE BANK AG;76125;73
VERSORGUNGSANSTALT DES BUNDES UND DER LÄNDER;76128;73
CONTINENTALE KRANKENVERSICHERUNG A.G.;65173;73
AACHENMÜNCHENER LEBENSVERSICHERUNG AG;50414;73
ZALANDO LOGISTICS SE & CO. KG;77926;73
AGENTUR FÜR ARBEIT KONSTANZ;78454;73
AGENTUR FÜR ARBEIT FREIBURG;79078;73
ALLIANZ BERATUNGS- UND VERTRIEBS AG;79095;73
AGENTUR FÜR ARBEIT LÖRRACH;79533;73
TEAMBANK AG;72105;73
AGENTUR FÜR ARBEIT BALINGEN;72332;73
AGENTUR FÜR ARBEIT REUTLINGEN;72757;73
ZF FRIEDRICHSHAFEN AG;88038;73
KREISSPARKASSE;28855;73
AGENTUR FÜR ARBEIT ULM;89065;73
DEUTSCHLANDCARD GMBH;26060;73
KANTAR DEUTSCHLAND GMBH;35508;73
SERVICEPLAN GRUPPE SE & CO. KG;80250;73
BOESCHE STAATLICHE LOTTERIEEINNAHME;22035;73
ALLIANZ PRIVATE KRANKENVERSICHERUNGS-AG;56064;73
BETRIEBS-CENTER FÜR BANKEN AG;22277;73
UNICREDIT BANK GMBH;80311;73
AMTSGERICHT MÜNCHEN;80315;73
CSG GMBH;80324;73
KREISWEHRERSATZAMT;53222;73
ALPHABET FUHRPARKMANAGEMENT GMBH;80786;73
KREDITORISCHE ABRECHNUNG;80787;73
BMW FINANCIAL SERVICE;80787;73
CASHCONTROL CONSULTING GMBH;81340;73
ERGO VERSICHERUNG AG;40198;73
AGENTUR FÜR ARBEIT WEILHEIM I. OB;82360;73
AGENTUR FÜR ARBEIT TRAUNSTEIN;83274;73
BNP PARIBAS S.A. NIEDERLASSUNG DEUTSCHLAND;90317;73
AGENTUR FÜR ARBEIT LANDSHUT;84018;73
AGENTUR FÜR ARBEIT PASSAU;94028;73
AGENTUR FÜR ARBEIT SCHWANDORF;92419;73
AGENTUR FÜR ARBEIT WEIDEN I. D. OPF.;92620;73
AGENTUR FÜR ARBEIT REGENSBURG;93012;73
DEUTSCHE RENTENVERSICHERUNG NORDBAYERN;95440;73
CERAMTEC GMBH;91205;73
AGENTUR FÜR ARBEIT NÜRNBERG;90300;73
HUK - COBURG;20090;73
ACTIVE BILLING GMBH & CO. KG;64307;73
DEUTSCHE FUNKTURM GMBH;24100;73
DEUTSCHE BAHN AG;50606;73
NÜRNBERGER LEBENSVERSICHERUNG AG;10703;73
SPS GERMANY GMBH DOCUMENT LOGISTIC SERVICES;33094;73
SCHAEFFLER TECHNOLOGIES AG & CO.KG;42097;73
AGENTUR FÜR ARBEIT ANSBACH;91511;73
AGENTUR FÜR ARBEIT ASCHAFFENBURG;63715;73
AGENTUR FÜR ARBEIT WÜRZBURG;97024;73
AGENTUR FÜR ARBEIT SCHWEINFURT;97418;73
DEUTSCHE POST AG FILIALBEZIRKSLEITUNG;97419;73
AGENTUR FÜR ARBEIT AUGSBURG;86135;73
AGENTUR FÜR ARBEIT DONAUWÖRTH;86606;73
AGENTUR FÜR ARBEIT KEMPTEN;87428;73
RADIO BREMEN;28100;73
HAPAG-LLOYD AG;20079;73
AGENTUR FÜR ARBEIT BREMEN;28189;73
ADVOCARD RECHTSCHUTZVERSICHERUNG AKTIENGESELLSCHAFT;20066;73
VERLAGSGRUPPE MILCHSTRASSE;20242;73
SIGNAL IDUNA GRUPPE;20351;73
KÖRBER-STIFTUNG;20446;73
GREENPEACE E.V.;20450;73
DEUTSCHE RENTENVERSICHERUNG NORD;22037;73
BUNDESWEHRKRANKENHAUS;22039;73
KAUFHOF WARENHAUS AG;22389;73
WÜSTENROT BAUSPARKASSE AG;22756;73
DAK - DEUTSCHE ANGESTELLTEN KRANKENKASSE BAYERN UND NRW;22776;73
DAK-DEUTSCHE ANGESTELLTEN-KRANKENKASSE HAUPTGESCHÄFTSSTELLE;22788;73
SANOFI-AVENTIS DEUTSCHLAND GMBH;10898;73
AGENTUR FÜR ARBEIT FRANKFURT AM MAIN;60259;73
DZ BANK AG;60265;73
COMMERZBANK AG DRESDNER CORPORATE CARD SERVICE;60301;73
LUFTHANSA GROUP TASTE & MORE GMBH;60546;73
BHW BAUSPARKASSE AG;31781;73
COMMERZBANK AG GROUP BANKING OPERATIONS CREDIT;60626;73
BUNDESANSTALT FÜR LANDWIRTSCHAFT UND ERNÄHRUNG;53168;73
DU PONT DE NEMOURS (DEUTSCHLAND) GMBH;61343;73
AGENTUR FÜR ARBEIT OFFENBACH;63057;73
AOK - DIE GESUNDHEITSKASSE IN HESSEN;63060;73
DEUTSCHE POST AG BEWERBERSERVICE;53251;73
PHILIPP HOLZMANN AG;50664;73
ÄRZTLICHE VERRECHNUNGSSTELLE BÜDINGEN;35387;73
AGENTUR FÜR ARBEIT DARMSTADT;64272;73
AOK DIE GESUNDHEITSKASSE IN HESSEN;34495;73
GEMEINDEVERWALTUNG;33756;73
AGENTUR FÜR ARBEIT WIESBADEN;65166;73
BUNDESKRIMINALAMT;53338;73
BUNDESAMT FÜR WIRTSCHAFT UND AUSFUHRKONTROLLE (BAFA);65754;73
AGENTUR FÜR ARBEIT GIESSEN;35384;73
AGENTUR FÜR ARBEIT LIMBURG AN DER LAHN;65546;73
DEUTSCHER GEWERKSCHAFTSBUND;34111;73
AGENTUR FÜR ARBEIT KORBACH;34494;73
AGENTUR FÜR ARBEIT LÜNEBURG;21332;73
AGENTUR FÜR ARBEIT STADE;21676;73
DEUTSCHE POST AG NIEDERLASSUNG BRIEFPOST;26090;73
EWE NETZ GMBH;26102;73
EWE VERTRIEB GMBH;26107;73
ULLA POPKEN JUNGE MODE AB GRÖSSE 42 GMBH;26177;73
UNFALLVERSICHERUNG BUND UND BAHN;26380;73
AGENTUR FÜR ARBEIT LEER;26786;73
ALLGEMEINE ORTSKRANKENKASSE;26869;73
AGENTUR FÜR ARBEIT VERDEN;27279;73
VEREINIGTE INFORMATIONSSYSTEME TIERHALTUNG (VIT);27280;73
MARS GMBH;27281;73
KKH KAUFMÄNNISCHE KRANKENKASSE HAUPTVERWALTUNG;30125;73
AGENTUR FÜR ARBEIT HANNOVER;30147;73
AKTIVBANK AG ZENTRALREGULIERUNG;30157;73
NIEDERSÄCHSISCHES LANDESAMT FÜR SOZIALES JUGEND UND FAMILIE;31120;73
AGENTUR FÜR ARBEIT HAMELN;31780;73
AGENTUR FÜR ARBEIT GÖTTINGEN;37070;73
MDM MÜNZHANDELSGESELLSCHAFT MBH DEUTSCHE MÜNZE;38097;73
AGENTUR FÜR ARBEIT NORDHORN;48522;73
AGENTUR FÜR ARBEIT VECHTA;49374;73
BUNDESWEHR;49803;73
DEUTSCHE RENTENVERSICHERUNG RHEINLAND;40187;73
NRW.BANK;40188;73
BKK FÜR HEILBERUFE;06091;73
BAYER AG;41538;73
GEFA BANK GMBH;42097;73
KRANKENVERSORGUNG DER BUNDESBAHNBEAMTEN;42098;73
AGENTUR FÜR ARBEIT WUPPERTAL;42268;73
DAK DEUTSCHE ANGESTELLTEN KRANKENKASSE;10702;73
AVENA GMBH;42649;73
VIACTIV KRANKENKASSE;44775;73
AGENTUR FÜR ARBEIT ESSEN;45098;73
DEUTSCHE POSTBANK AG NIEDERLASSUNG ESSEN;45116;73
BISCHÖFLICHES GENERALVIKARIAT;45116;73
ALDI GMBH & CO. KG;45466;73
PVS RHEIN-RUHR GMBH;45466;73
THYSSENKRUPP STEEL EUROPE AG;44782;73
NORISBANK GMBH;04089;73
QVC EDISTRIBUTION INC. & CO.KG;41452;73
AGENTUR FÜR ARBEIT BRÜHL;50318;73
LANXESS AG;50569;73
FAMILIENKASSE NORDRHEIN-WESTFALEN-NORD;44785;73
AGENTUR FÜR ARBEIT KÖLN;50575;73
DKV AG;10903;73
STRABAG AG;50664;73
HAUPTZOLLAMT;33594;73
NOURYON CHEMICALS GMBH;50726;73
BUNDESZENTRALE FÜR GESUNDHEITLICHE AUFKLÄRUNG;50819;73
BG ENERGIE TEXTIL ELEKTRO MEDIENERZEUGNISSE ( BG ETEM);50960;73
KAUFHOF WARENHAUS AG ZAL/DL PORZ;51140;73
AXA VERSICHERUNG AG (COLONIA);51171;73
FINANZAMT LEVERKUSEN;51367;73
AGENTUR FÜR ARBEIT BERGISCH GLADBACH;51462;73
LEKKER ENERGIE GMBH;13498;73
HARIBO GMBH & CO. KG;53105;73
BUNDESMINISTERIUM FÜR GESUNDHEIT;11055;73
FRIEDRICH-EBERT-STIFTUNG E.V.;10874;73
KONRAD-ADENAUER-STIFTUNG;10907;73
AGENTUR FÜR ARBEIT RECKLINGHAUSEN;45630;73
MARIEN-HOSPITAL;45765;73
SOZIALGERICHT;44126;73
AGENTUR FÜR ARBEIT GELSENKIRCHEN;45801;73
POLIZEIPRÄSIDIUM;33596;73
LANDWIRTSCHAFTSKAMMER WESTFALEN-LIPPE INSTITUTSZENTRUM;48108;73
AGENTUR FÜR ARBEIT MÜNSTER;48135;73
AGENTUR FÜR ARBEIT RHEINE;48416;73
STADTSPARKASSE;48596;73
AGENTUR FÜR ARBEIT COESFELD;48649;73
AGENTUR FÜR ARBEIT HERFORD;32042;73
AGENTUR FÜR ARBEIT DETMOLD;32753;73
STADT PADERBORN;33093;73
AGENTUR FÜR ARBEIT PADERBORN;33095;73
KREISSPARKASSE HALLE-WIEDENBRÜCK;33373;73
AGENTUR FÜR ARBEIT BIELEFELD;33591;73
AGENTUR FÜR ARBEIT DORTMUND;44116;73
KHS GMBH;44127;73
AGENTUR FÜR ARBEIT BOCHUM;44771;73
DEUTSCHE EDELSTAHLWERKE SPECIALTY STEEL GMBH & CO. KG;57069;73
SPARKASSE AN VOLME UND RUHR;58085;73
AGENTUR FÜR ARBEIT ISERLOHN;58603;73
AGENTUR FÜR ARBEIT HAMM;59056;73
AGENTUR FÜR ARBEIT SOEST;59490;73
AGENTUR FÜR ARBEIT BAD KREUZNACH;55538;73
AGENTUR FÜR ARBEIT KOBLENZ;56063;73
AGENTUR FÜR ARBEIT MONTABAUR;56407;73
VERBANDSGEMEINDEVERWALTUNG;56456;73
SPARKASSE WESTERWALD-SIEG;56469;73
AGENTUR FÜR ARBEIT NEUWIED;56560;73
NASSAUISCHE SPARKASSE;57626;73
DEUTSCHE RENTENVERSICHERUNG RHEINLAND-PFALZ;67340;73
AGENTUR FÜR ARBEIT KAISERSLAUTERN;67650;73
MERCEDES-BENZ AG;12274;73
AGENTUR FÜR ARBEIT LANDAU IN DER PFALZ;76825;73
AGENTUR FÜR ARBEIT SAARBRÜCKEN;66088;73
DEUTSCHE POST AG SERVICE NIEDERLASSUNG IMMOBILIEN;66104;73
HUK COBURG;09094;73
ALK - ABELLO ARZNEIMITTEL GMBH;22758;73
INVESTITIONSBANK SCHLESWIG-HOLSTEIN;24091;73
AGENTUR FÜR ARBEIT ELMSHORN;25320;73
ITZEHOER VERSICHERUNG;25520;73
DKB AG - DKB SERVICE GMBH;10908;73
AOK NORDOST DIE GESUNDHEITSKASSE;14322;73
ZALANDO LOUNGE;14464;73
AGENTUR FÜR ARBEIT FRANKFURT (ODER);15220;73
SÄCHSISCHE AUFBAUBANK;01054;73
KEBA GESELLSCHAFT FÜR INTERNE SERVICES MBH;04024;73
IKK CLASSIC HAUPTVERWALTUNG;04063;73
AOK PLUS - DIE GESUNDHEITSKASSE FÜR SACHSEN UND THÜRINGEN;04087;73
DEUTSCHE RENTENVERSICHERUNG MITTELDEUTSCHLAND;04151;73
AGENTUR FÜR ARBEIT CHEMNITZ;09091;73
AGENTUR FÜR ARBEIT ANNABERG-BUCHHOLZ;09453;73
AGENTUR FÜR ARBEIT SACHSEN-ANHALT SÜD;06089;73
AGENTUR FÜR ARBEIT SACHSEN-ANHALT OST;06838;73
AGENTUR FÜR ARBEIT THÜRINGEN OST;07541;73
AGENTUR FÜR ARBEIT THÜRINGEN SÜDWEST;98496;73
STAATSBIBLIOTHEK ZU BERLIN PREUSSISCHER KULTURBESITZ;10102;73
DEUTSCHES INSTITUT FÜR WIRTSCHAFTSFORSCHUNG;10108;73
AGENTUR FÜR ARBEIT BERLIN MITTE;10859;73
AMTSGERICHT TEMPELHOF-KREUZBERG -FAMILIENGERICHT-;10860;73
AMTSGERICHT SCHÖNEBERG;10861;73
FEUERSOZIETÄT BERLIN BRANDENBURG VERSICHERUNG AG;10912;73
ZALANDO SE;11501;73
AMN DATA SOLUTIONS GMBH;11516;73
WERTHEIM;12154;73
DEUTSCHE POST AG NL RENTENSERVICE BERLIN;13496;73
TETTAU;01945;73
SCHWARZBACH;01945;73
NEU-SEELAND;01983;73
FRAUENDORF;01990;73
SCHIPKAU MEURO;01994;73
GABLENZ;02953;73
KIEKEBUSCH;03058;73
NEUHAUSEN;03058;73
BRIESEN;03096;73
WIESENGRUND;03149;73
DREWITZ;03197;73
LUCKOW-PETERSHAGEN;03202;73
LUCKAITZTAL;03205;73
LAASOW;03205;73
LUG;03205;73
RAGOW;03222;73
GRÖBITZ;03238;73
MÜNCHHAUSEN;03238;73
GÖLLNITZ;03238;73
BREITENAU;03249;73
UEBIGAU-WAHRENBRÜCK;04924;73
KAHLA;04928;73
FRANKENHAIN;04936;73
SCHWIELOWSEE;14542;73
BEELITZ;14547;73
DEETZ;14550;73
BÖRNICKE;14641;73
LIETZOW;14641;73
RETZOW;14641;73
MÜHLENBERGE;14641;73
KIENBERG;14641;73
WARSOW;14662;73
LIEPE;14715;73
MILOW;14715;73
HAVELAUE;14715;73
GOLLENBERG;14728;73
WUST;14778;73
SCHENKENBERG;14778;73
WOLLIN;14778;73
GOLZOW;14778;73
PLANEBRUCH;14778;73
HAVELSEE;14778;73
PLANETAL;14778;73
MÜHLENFLIESS;14822;73
NUTHE-URSTROMTAL;14913;73
LÜDERSDORF;14943;73
FICHTENHÖHE;15306;73
FALKENHAGEN;15306;73
OBERBARNIM;15345;73
PETERSHAGEN-EGGERSDORF;15345;73
MÜNCHEHOFE;15366;73
MÜNCHEBERG;15372;73
HERZFELDE;15378;73
STEINHÖFEL;15518;73
SCHULZENDORF;15732;73
MITTENWALDE;15749;73
SCHÖNWALD;15910;73
LUCKAU;15926;73
GÖRLSDORF;15926;73
STEINREICH;15936;73
EBERSWALDE;16225;73
PINNOW;16278;73
SCHMIEDEBERG;01762;73
SCHÖNOW;16306;73
PASSOW;16306;73
BERNAU;16321;73
BASDORF;16352;73
HIRSCHFELDE;02788;73
FREIENHAGEN;16515;73
HAMMER;16559;73
OBERKRÄMER;16727;73
BADINGEN;16775;73
WESENDORF;16792;73
WALSLEBEN;16818;73
MÄRKISCH LINDEN;16818;73
HERZBERG;16835;73
DREETZ;16845;73
ALT KRÜSSOW;16921;73
STEFFENSHAGEN;16928;73
KEMNITZ;16928;73
HOPPENRADE;16928;73
GRÜNOW;17237;73
KARSTÄDT;19294;73
STUTTGART FEUERBACH;70192;73
STUTTGART DEGERLOCH;70567;73
STUTTGART KALTENTAL;70569;73
FELLBACH;70734;73
BÖBLINGEN;71032;73
GRAFENAU;71120;73
LEONBERG;71229;73
HEMMINGEN;30966;73
LEUTENBACH;71397;73
ASPACH;71546;73
BEUREN;56825;73
KOHLBERG;72664;73
HEININGEN;38312;73
DÜRNAU;73105;73
HATTENHOFEN;73110;73
WANGEN;06642;73
HOCHDORF;73269;73
ESSINGEN;73457;73
ROSENBERG;73494;73
LORCH;65391;73
WALDSTETTEN;73550;73
RUPPERTSHOFEN;56357;73
SCHORNDORF;73614;73
DENKENDORF;73770;73
NORDHEIM;74226;73
KRAUTHEIM;74238;73
TALHEIM;74388;73
ROSENGARTEN;21224;73
NEUENSTEIN;36286;73
WALDENBURG;08396;73
WEISSBACH;07646;73
AHORN;74744;73
GUNDELSHEIM;74831;73
BOXBERG;54552;73
BRÜHL;50321;73
LEIMEN;66978;73
WALLDORF;69190;73
MALSCH;69254;73
WIESENBACH;69257;73
WALDBRUNN;69429;73
SCHÖNBRUNN;69436;73
ZWINGENBERG;64673;73
LAUDENBACH;63925;73
ROHRDORF;72229;73
SCHOPFLOCH;72296;73
OBRIGHEIM;67283;73
SCHWARZACH;74869;73
SULZFELD;75056;73
EISINGEN;75239;73
NEULINGEN;39615;73
OBERREICHENBACH;75394;73
ILLINGEN;66557;73
FORST;57537;73
VÖHRINGEN;72189;73
HOFSTETTEN;77716;73
NEURIED;77743;73
ORTENBERG;63683;73
SEEBACH;77889;73
AACH;54298;73
MOOS;78345;73
HOHENFELS;78355;73
HARDT;56472;73
FORCHHEIM;79362;73
WEHR;56653;73
NEHREN;56820;73
SCHWENNINGEN;72477;73
STRASSBERG;06493;73
WESTERHEIM;72589;73
IMMENSTAAD AM BODENSEE;88086;73
NEUKIRCH;01936;73
MOOSBURG;85368;73
UMMENDORF;39365;73
ALTHEIM;88499;73
SALEM;23911;73
RAMMINGEN;86871;73
TAUFKIRCHEN;82024;73
EMMERING;82275;73
ADELSHOFEN;82276;73
BERNRIED;82347;73
POLLING;82398;73
EURASBURG;82547;73
GRASSAU;39579;73
WONNEBERG;83329;73
SEEON-SEEBRUCK;83358;73
ALBACHING;83539;73
HOLZKIRCHEN;83607;73
STEINKIRCHEN;21720;73
BURGHAUSEN;04178;73
STAMMHAM;84533;73
JETTENBACH;66887;73
MEHRING;54346;73
METTENHEIM;67582;73
ERLBACH;08265;73
BUXHEIM;85114;73
SCHWABHAUSEN;85247;73
VIERKIRCHEN;02894;73
FREISING;85354;73
ECHING;84174;73
LANGENBACH;66909;73
WARTENBERG;36367;73
BOCKHORN;26345;73
FELDKIRCHEN;85622;73
ROTT;57632;73
BRUCKBERG;84079;73
BAYERBACH;84092;73
VELDEN;84149;73
TANN;36142;73
BREITENBERG;25597;73
HAIBACH;63808;73
HASELBACH;04617;73
RAIN;86641;73
AUERBACH;09392;73
SANKT OSWALD-RIEDLHÜTTE;94566;73
AMBERG;86854;73
ENSDORF;66806;73
BREITENBRUNN;87739;73
ALTENDORF;92540;73
WEIDING;92557;73
WEIDEN;55758;73
BRUNN;17039;73
FALKENSTEIN;67808;73
RETTENBACH;89364;73
POXDORF;07616;73
SELBITZ;06773;73
LICHTENBERG;01896;73
GLASHÜTTEN;61479;73
ARZBERG;04886;73
GERACH;55743;73
OBERHAID;56237;73
RATTELSDORF;07646;73
WALSDORF;54578;73
LICHTENFELS;35104;73
EBERSDORF;27432;73
STOCKHEIM;96342;73
RÖTTENBACH;91187;73
ROHR;91189;73
HARTENSTEIN;08118;73
BECHHOFEN;66894;73
WETTRINGEN;48493;73
EHINGEN;86678;73
MERKENDORF;07950;73
WESTHEIM;67368;73
GOLDBACH;63773;73
KROMBACH;37308;73
SCHNEEBERG;08289;73
REICHENBERG;56357;73
ERLABRUNN;08349;73
NEUBRUNN;97277;73
REMLINGEN;38319;73
POPPENHAUSEN;36163;73
SULZHEIM;55286;73
SALZ;56414;73
GERODA;07819;73
KARBACH;56281;73
NEUHÜTTEN;54422;73
FRIEDBERG;61169;73
DIEDORF;36452;73
BREITENTHAL;55758;73
BAAR;56729;73
WESTENDORF;86707;73
ETTRINGEN;56729;73
HALDENWANG;87490;73
LAUBEN;87493;73
BABENHAUSEN;64832;73
NEU-ULM;89231;73
SENDEN;48308;73
REICHELSHEIM;61203;73
RONNEBURG;07580;73
BICKENBACH;56291;73
EINHAUSEN;64683;73
HIRSCHHORN;67732;73
STAUFENBERG;34355;73
RABENAU;01734;73
HERBORN;35745;73
SCHWALMTAL;36318;73
NAUMBURG;06618;73
LIEBENAU;31618;73
WALDECK;07646;73
BORKEN;34582;73
SCHWARZENBORN;34639;73
EHRENBERG;36115;73
NENTERSHAUSEN;36214;73
FRIEDEWALD;36289;73
HAMBURG HAMMERBROOK;20097;73
HAMBURG KLEINER GRASBROOK;20457;73
HAMBURG STEINWERDER;20457;73
HAMBURG BORGFELDE;20535;73
HAMBURG VEDDEL;20539;73
HAMBURG ALTENGAMME;21029;73
HAMBURG NEUENGAMME;21037;73
HAMBURG SINSTORF;21077;73
HAMBURG RÖNNEBURG;21077;73
HAMBURG LANGENBEK;21077;73
HAMBURG MOORBURG;21079;73
HAMBURG NEUGRABEN-FISCHBEK;21147;73
HAMBURG JENFELD;22043;73
HAMBURG HOHENFELDE;22087;73
HAMBURG EILBEK;22087;73
HAMBURG BILLBROOK;22111;73
HAMBURG FARMSEN-BERNE;22145;73
HAMBURG STEILSHOOP;22177;73
HAMBURG BERGSTEDT;22359;73
HAMBURG WELLINGSBÜTTEL;22391;73
HAMBURG WOHLDORF-OHLSTEDT;22395;73
HAMBURG LEMSAHL-MELLINGSTEDT;22397;73
HAMBURG RISSEN;22559;73
HAMBURG BLANKENESE;22587;73
HAMBURG SÜLLDORF;22587;73
BREESEN;17091;73
MÖLLN;17091;73
ALTENHAGEN;17091;73
CAMMIN;17094;73
SOMMERSDORF;17111;73
SASSEN;17121;73
PLÖTZ;06193;73
BASEDOW;17139;73
KUMMEROW;17139;73
STUBBENDORF;17159;73
BODDIN;17179;73
HINRICHSHAGEN;17194;73
SATOW;17209;73
KOGEL;17213;73
SILZ;17214;73
KRUKOW;17217;73
BLANKENSEE;17237;73
MÖLLENBECK;17237;73
ROGGENTIN;17252;73
WESENBERG;17255;73
FELDBERGER SEENLANDSCHAFT;17258;73
PAPENDORF;17309;73
GLASHÜTTE;01768;73
PAMPOW;17322;73
GRAMBOW;17322;73
BOOCK;17322;73
AHLBECK;17375;73
LÜBS;17379;73
LÖWITZ;17398;73
HERINGSDORF;17424;73
BENZ;17429;73
WEITENHAGEN;17498;73
HANSHAGEN;17509;73
DAMM;18196;73
BIENDORF;06408;73
NEUBUKOW;18231;73
RADEGAST;06369;73
WARNOW;18249;73
WIENDORF;06420;73
LOHMEN;01847;73
PÖLITZ;18299;73
WEITENDORF;18299;73
FUHLENDORF;18356;73
WENDORF;18442;73
PREETZ;18445;73
HORST;18519;73
LEEZEN;19067;73
STRALENDORF;19073;73
TRAMM;19089;73
HOLDORF;19217;73
BRESEGARD;19230;73
GREVEN;19258;73
GRABOW;19300;73
HERZFELD;19372;73
GROSS NIENDORF;19374;73
WAHLSTORF;19386;73
KAROW;19395;73
MUSTIN;19406;73
BLANKENBERG;07366;73
NIENDORF;23919;73
GRIEBEN;23936;73
DOHREN;21255;73
HEIDENAU;01809;73
ASENDORF;21271;73
BARUM;21357;73
HEILIGENTHAL;06347;73
BARGSTEDT;21698;73
KRANENBURG;21726;73
OLDENDORF;21726;73
ESTORF;21727;73
OBERNDORF;21787;73
FRIEDEBURG;06347;73
BLOMBERG;26487;73
HEEDE;25355;73
LEHE;25774;73
RHEDE;26899;73
BORSTEL;24616;73
LANGWEDEL;24631;73
HORSTEDT;25860;73
ELSDORF;27404;73
STUBBEN;23847;73
MIDLUM;25938;73
ACHIM;28832;73
STEINHORST;23847;73
WITTINGEN;29378;73
LÜCHOW;23898;73
RÄTZLINGEN;29590;73
GEHRDEN;30989;73
BRÜGGEN;31033;73
SEHLEM;31196;73
BURGDORF;31303;73
HUSUM;25813;73
ROSDORF;25548;73
ELBINGERODE;37412;73
BEVERN;25355;73
VELTHEIM;38173;73
HORNBURG;06295;73
GOSLAR GOSLAR;38640;73
LAGE;32791;73
LENGERICH;49525;73
BURSCHEID;51399;73
HEIMBACH;52396;73
MECKENHEIM;53340;73
EUSKIRCHEN;53879;73
BLANKENHEIM;06528;73
HERTEN;45699;73
IBBENBÜREN;49477;73
AHLEN;59227;73
ASCHEBERG;24326;73
WERTHER;33824;73
BURBACH;54597;73
GÖNNERSDORF;53498;73
KALENBORN;53505;73
LIND;53506;73
MÜLLENBACH;53520;73
BAULER;53534;73
HOFFELD;24582;73
LEUBSDORF;09573;73
SANKT KATHARINEN;53562;73
ASBACH;53567;73
GREIMERATH;54298;73
EISENACH;54298;73
SCHÖNDORF;07924;73
WELLEN;39167;73
MANNEBACH;54441;73
WAWERN;54441;73
BURGEN;54472;73
ESCH;54518;73
MANDERSCHEID;54531;73
GEFELL;07926;73
SCHÖNBACH;02708;73
KATZWINKEL;54552;73
MEHREN;54552;73
WINKEL;06542;73
HILLESHEIM;54576;73
WEINSHEIM;54595;73
REUTH;08538;73
BRANDSCHEID;54608;73
NIEDERWEILER;54636;73
RITTERSDORF;54636;73
SCHLEID;36419;73
BURG;39288;73
MALBERG;54655;73
HÜTTEN;24358;73
LAHR;54675;73
WALLENDORF;06254;73
FREIMERSHEIM;55234;73
BUBENHEIM;55270;73
URBAR;55430;73
SIMMERN;55469;73
BÄRENBACH;55483;73
GEMÜNDEN;55490;73
BAD KREUZNACH;55543;73
TIEFENTHAL;55546;73
DAUBACH;55566;73
GUTENBERG;06193;73
MECKENBACH;55606;73
BERSCHWEILER;55608;73
FISCHBACH;55743;73
SCHAUREN;55758;73
LANGWEILER;55758;73
BENDORF;25557;73
KAMMERFORST;56206;73
QUIRNBACH;56242;73
HASSELBACH;56288;73
MICHELBACH;56288;73
BELL;56288;73
MÖRSDORF;07646;73
DERNBACH;56307;73
ALLENDORF;07426;73
HORHAUSEN;56379;73
WINDEN;56379;73
OBERERBACH;56414;73
BELLINGEN;39579;73
HOMBERG;56479;73
BÜCHEL;56823;73
HIRSCHBERG;07927;73
OTTERSHEIM;67308;73
FRANKENSTEIN;09569;73
KAPPELN;24376;73
GRABAU;21493;73
GLINDE;21509;73
SCHENEFELD;22869;73
TANGSTEDT;22889;73
RAUSDORF;07646;73
GROSSENSEE;22946;73
STEINBURG;06647;73
SCHARBEUTZ;23683;73
HARMSDORF;23738;73
RETHWISCH;23847;73
OTTENDORF;07646;73
LINDAU;24214;73
WISCH;24217;73
REESDORF;24241;73
WARNAU;24250;73
BÖSDORF;24306;73
HOLZDORF;06926;73
OSTERBY;24367;73
ARNIS;24376;73
BRODERSBY;24398;73
NORTORF;24589;73
NINDORF;24594;73
OSTENFELD;24790;73
HOLLINGSTEDT;24876;73
HANDEWITT;24976;73
PINNEBERG;25404;73
UETERSEN;25429;73
TORNESCH;25436;73
QUICKBORN;25451;73
LANGELN;25485;73
HOLM;25488;73
HENNSTEDT;25581;73
ALBERSDORF;07646;73
BEHRENDORF;25850;73
DRESDEN TOLKEWITZ;01277;73
EBERSBACH;01561;73
WÜLKNITZ;01609;73
COSWIG;01640;73
BÄRENSTEIN;01768;73
RATHMANNSDORF;01814;73
HASELBACHTAL;01920;73
SCHLEGEL;02788;73
LEUTERSDORF;02794;73
NEISSEAUE;02829;73
KRAUSCHWITZ;02957;73
ELSTERHEIDE;02979;73
BERNSDORF;02994;73
BREITENFELD;04158;73
TAUCHA;04425;73
BÖHLEN;04564;73
GERSDORF;04703;73
MOCHAU;04720;73
OSTRAU;04749;73
DAHLEN;04774;73
MOCKREHNA;04838;73
NEUMARK;08496;73
LENGEFELD;06528;73
HILBERSDORF;07580;73
HAINICHEN;07778;73
ROSSAU;09661;73
WALLWITZ;06193;73
NAUENDORF;06193;73
ESPERSTEDT;06279;73
BORNSTEDT;06295;73
HEDERSLEBEN;06295;73
WALBECK;06333;73
ADERSTEDT;06408;73
GERNRODE;06507;73
RIETHNORDHAUSEN;06528;73
HAINRODE;06528;73
WOLFSBERG;06536;73
BREITUNGEN;06536;73
MERTENDORF;06618;73
LAUCHA;06636;73
WITTGENDORF;06712;73
REUDEN;06725;73
KEMBERG;06773;73
TORNAU;06774;73
LUTHERSTADT WITTENBERG;06886;73
CHÜDEN;29410;73
ROHRBERG;37318;73
BLANKENBURG;38889;73
BARLEBEN;39179;73
SCHÖNEBECK (ELBE);39217;73
EICKENDORF;39221;73
NEDLITZ;39264;73
MÖCKERN;07646;73
ELBE-PAREY;39307;73
MESEBERG;39326;73
ERXLEBEN;39343;73
SEEHAUSEN;39365;73
AM GROSSEN BRUCH;39387;73
KLÄDEN;39579;73
SAARA;04603;73
RINGLEBEN;06556;73
LEHESTEN;07349;73
SAALBURG-EBERSDORF;07368;73
BIBRA;07768;73
EICHENBERG;07768;73
MARTINRODA;36404;73
ELXLEBEN;99189;73
NOHRA;99428;73
SCHWERSTEDT;99439;73
HÖRSELBERG;99819;73
UNSTRUTTAL;99974;73
DAIMLER INSURANCE SERVICES GMBH;10875;1
LAB1886 GMBH;10875;1
MERCEDES-BENZ. IO GMBH;10875;1
MERCEDES-BENZ VERTRIEB PKW GMBH;10875;1
DAIMLER BRAND UND IP MANAGEMENT GMBH & CO.KG;10875;1
MERCEDES-BENZ VERSICHERUNG AG;10875;1
MERCEDES-BENZ VERTRIEB NFZ GMBH;10875;1
DAIMLER VORSORGE UND VERSICHERUNGSDIENST GMBH;10875;1
FÜNFTE VERMÖGENSVERWALTUNGSGESELLSCHAFT ZEUS MBH;10875;1
VERSORGUNGSWERK DER PRESSE GMBH;11512;1
YVES ROCHER GMBH FINANZBUCHHALTUNG;22781;1
VPV LEBENSVERSICHERUNG-AG;50606;1
LBS SÜD LANDESBAUSPARKASSE SÜD;70131;1
STUTTGARTER LEBENSVERSICHERUNG A.G;70135;1
DPV DIRECT GMBH;70138;1
SPARDA BANK BADEN-WÜRTTEMBERG EG;70139;1
FINANZAMT STUTTGART 2;70141;1
DEUTSCHE POST AG NL RENTEN SERVICE;70143;1
AGENTUR FÜR ARBEIT STUTTGART;70145;1
FAMILIENKASSE BADEN-WÜRTTEMBERG-OST;70146;1
POSTBANK NIEDERLASSUNG STUTTGART;70148;1
SÜDFACTORING GMBH;70149;1
SWR;70150;1
ALLIANZ ONE-BUSINESS SOLUTIONS GMBH VERWALTUNGSPOST;70152;1
AOK - DIE GESUNDHEITSKASSE STUTTGART;70153;1
AMTSGERICHT -MAHNABTEILUNG-;70154;1
SÜDLEASING GMBH;70155;1
LANDESHAUPTSTADT STUTTGART;70161;1
MOTOR PRESSE STUTTGART GMBH & CO. KG;70162;1
HALLESCHE KRANKENVERSICHERUNG A.G.;70166;1
DEUTSCHE POST AG SNL RECHNUNGSWESEN QUERSCHNITT STUTTGART;70168;1
DEUTSCHE POSTBANK AG NIEDERLASSUNG STUTTGART;70168;1
HAUPTZOLLAMT STUTTGART ZENTRALSTELLEN;70171;1
MERCEDES-BENZ BANK AG;70320;1
KODAK AG;70323;1
KARL PFISTERER GMBH & CO. KG;70324;1
WÜRTTEMBERGISCHER GEMEINDEUNFALLVERSICHERUNGSVERBAND (GUV);70324;1
UNFALLKASSE BADEN-WÜRTTEMBERG;70324;1
KODAK GMBH;70324;1
ALLIANCE HEALTHCARE DEUTSCHLAND GMBH;70345;1
STAATLICHE LOTTERIE-EINNAHME WERNER PETERS OHG;70363;1
SPARKASSEN-VERSICHERUNG;70365;1
STAATLICHE LOTTERIE-EINNAHME GLÖCKLE;70366;1
GLÖCKLE STAATLICHE LOTTERIE-EINNAHME;70367;1
ACE AUTO CLUB EUROPA E.V.;70369;1
GEHE AG;70369;1
PSD BANK RHEIN-NECKAR-SAAR EG;70369;1
DEUTSCHE TELEKOM AG NIEDERLASSUNG 2 STUTTGART;70369;1
BKK DER DEUTSCHEN POST AG BEZIRKSVERWALTUNG STUTTGART;70369;1
DEUTSCHE TELEKOM AG NIEDERLASSUNG 1 STUTTGART;70369;1
MAHLE GMBH;70369;1
ADP EMPLOYER SERVICES GMBH;70431;1
WOLFF & MÜLLER HOLDING GMBH & CO. KG SERVICEEINHEITEN;70432;1
DÜRR SYSTEMS GMBH;70432;1
VOLKSBANK ZUFFENHAUSEN EG;70432;1
LTG HOLDING GMBH & CO.KG;70432;1
ROBERT BOSCH GMBH RENNINGEN;70465;1
COPERION GMBH STUTTGART;70466;1
FLINT GROUP GERMANY GMBH;70466;1
LEITZ ACCO BRANDS GMBH & CO. KG;70466;1
BOSCH - BETRIEBSKRANKENKASSE;70466;1
BUNDESANSTALT FÜR POST- UND TELEKOMMUNIKATION;70466;1
AKAD AKADEMIKERGESELLSCHAFT FÜR ERWACHSENENFORTBILDUNG MBH;70466;1
HAHN & KOLB WERKZEUGE GMBH;70466;1
R + V VERSICHERUNG;70494;1
ERIKS DEUTSCHLAND GMBH REGIONAL CENTER STUTTGART;70496;1
M+W ZANDER PRODUKTS GMBH;70496;1
ZIMA-S. ZIMMERMANN GMBH;70496;1
S. ZIMMERMANN GMBH;70496;1
ENBW ENERGIE BADEN-WÜRTTEMBERG AG INFRASTRUKTUR STANDORT STUTTGART;70537;1
ROBERT BOSCH POWER TOOLS GMBH;70538;1
DEKRA AUTOMOBIL GMBH;70539;1
MOBILCOM-DEBITEL AG;70545;1
DEUTSCHE SPARKASSEN VERLAG GMBH;70547;1
DEUTSCHER SPARKASSEN VERLAG GMBH;70547;1
S-COMMUNICATION SERVICE GMBH;70547;1
W. KOHLHAMMER GMBH;70549;1
UNIVERSITÄT STUTTGART;70550;1
SÜDDEUTSCHE METALL-BERUFSGENOSSENSCHAFT;70551;1
FRAUNHOFER GESELLSCHAFT;70551;1
RICHARD BOORBERG VERLAG GMBH & CO.KG;70551;1
DEUTSCHE BIBELGESELLSCHAFT;70560;1
HANSA METALLWERKE AG;70560;1
UNIVERSITÄT HOHENHEIM;70593;1
EUGEN ULMER KG;70594;1
LANDESMESSE STUTTGART GMBH;70627;1
SCHENKER EUROCARGO (DEUTSCHLAND) AG;70628;1
DEUTSCHE POST AG NIEDERLASSUNG BRIEF STUTTGART;70640;1
LANDESAMT FÜR BESOLDUNG UND VERSORGUNG BADEN-WÜRTTEMBERG;70730;1
BUCHER + MAIER BEREICH DER THYSSEN SCHULTE WERKSTOFFE GMBH;70731;1
EUGEN TROST GMBH & CO;70731;1
LINDNER REINRAUMTECHNIK GMBH;70731;1
NORGREN GMBH;70731;1
QUOKA-VERLAG GMBH;70731;1
SELECT GMBH + CO. KG;70731;1
BAUHELDEN MEDIA GMBH & CO. KG;70731;1
LEIBFRIED MAHLE METALLWERK GMBH;70731;1
GESELLSCHAFT FÜR ELEKTRISCHE ANLAGEN LEITUNGSBAU SÜD GMBH;70731;1
COMP AIR MAHLE GMBH;70731;1
HAHN AUTOMOBILE GMBH + CO.;70731;1
KRAUSS UND REICHERT GMBH & CO. KG;70731;1
ROBERT BOSCH POWERTOOLS GMBH & CO.KG;70764;1
KONRADIN BUSINESS GMBH;70765;1
MINOL MESSTECHNIK W. LEHMANN GMBH & CO. KG;70766;1
VERLAG WEINBRENNER GMBH & CO. KG;70767;1
STADTVERWALTUNG ALLE ÄMTER;70767;1
RTS RIEGER TEAM, WERBEAGENTUR;70767;1
FERDINAND GROSS GMBH & CO.;70767;1
MULTIBUS AG;70768;1
MÖVENPICK DEUTSCHLAND GMBH FÜR DAS GASTGEWERBE;70769;1
HILCO TEXTIL GMBH;70769;1
WEITMANN & KONRAD GMBH & CO. KG;70769;1
MSAS CARGO INTERNATIONAL GMBH;70769;1
HAUG GMBH & CO. KG;70769;1
DATAPLACE GMBH;70788;1
STADT FILDERSTADT;70790;1
HLS LEASINGGESELLSCHAFT FÜR MOBILIEN MBH;70790;1
BETTENRING EG;70790;1
HERMA GMBH;70791;1
BECK SPEDITION, BECK-SERVICE-PACK GMBH;70792;1
FILDERKLINIK;70792;1
DOMBERGER GMBH + CO.;70792;1
BURR-BROWN INTERNATIONAL GMBH;70792;1
WÜSTENROT AG;70801;1
WÜSTENROT & WÜRTTEMBERGISCHE AG;70801;1
WÜRTTEMBERGISCHE VERSICHERUNGS AG;70801;1
BROCKHAUS KOMMISSIONSGESCHÄFT GMBH;70803;1
RSB RETALL UND SERVICE BANK GMBH;70803;1
LANDESAMT FÜR GEOINFORMATION UND LANDENTWICKLUNG;70803;1
CISION DEUTSCHLAND GMBH;70803;1
DLC KORNWESTHEIM GMBH & CO.KG;70803;1
ARVATO DIRECT SERVICES STUTTGART GMBH;70804;1
VBH DEUTSCHLAND GMBH NL KORNTAL-MÜNCHINGEN;70821;1
ASK-KUGELLAGERFABRIK ARTUR SEYFERT GMBH;70822;1
LICHT IM OSTEN;70822;1
FASHY GMBH;70822;1
TAMPOPRINT AG;70822;1
HEIDELBERGER DRUCKMASCHINEN VERTRIEB DEUTSCHLAND GMBH;70822;1
VOTTELER LACKFABRIK GMBH & CO.KG;70822;1
SCHMELZER-LEUCHTEN GMBH & CO.;70822;1
ANTON GLATZ GMBH + CO;70822;1
ROLLER WALTER GMBH & CO.;70836;1
PLAN-INDUSTRIEFAHRZEUGE GMBH & CO. KG;70836;1
NEOSTYLE NUFER OPTIK GMBH & CO. KG;70836;1
LINOLEUM RÖMER GMBH;70836;1
ENDRESS + HAUSER CONDUCTA GMBH + CO.;70836;1
AVNET E 2000 GMBH;70836;1
ELEKONTA MAREK GMBH & CO.KG;70836;1
DEVELOP GMBH;70836;1
BLEICHER MEDIEN GMBH;70836;1
AZUPHARMA GMBH;70836;1
EMIL KRIEGBAUM GMBH U. CO. KG;71028;1
AGENTUR FÜR ARBEIT BÖBLINGEN;71029;1
HEWLETT-PACKARD GMBH VERTRIEBSZENTRUM SÜDWEST;71029;1
REISSER GMBH DRUCKROHR U. KANALISATION;71029;1
IBM DEUTSCHLAND GMBH REAL ESTATE STRATEGY & OPERATIONS;71029;1
EISENMANN GRUNDSTÜCKSVERWALTUNGS SE & CO.KG;71029;1
HEWLETT-PACKARD GMBH;71029;1
KREISZEITUNG BÖBLINGER BOTE;71029;1
MOOG GMBH;71029;1
KRAUSS MC;71029;1
REISSER AG;71029;1
ZWEYGART FACHGROSSHANDEL;71029;1
KREISKLINIKEN BÖBLINGEN GGMBH KLINIKEN SINDELFINGEN;71060;1
RÖHM GMBH DRUCKEREI U. VERLAG;71060;1
RÖHM GMBH BÜROBEDARF;71060;1
W.A.G. WERBESERVICE AM GOLDBERG GMBH;71060;1
ZWEIGART & SAWITZKI;71060;1
VGE VERSICHERUNGSDIENST GMBH;71060;1
SVM VERSICHERUNGSMAKLER GMBH;71060;1
SVD VERSICHERUNGSDIENST GMBH;71060;1
RÖHM BUCH UND BÜRO GMBH;71060;1
RAS REINHARDT MASCHINENBAU GMBH;71060;1
GOTTLIEB-DAIMLER-SCHULE;71060;1
SINDELFINGER/BÖBLINGER ZEITUNG;71060;1
BREUNINGER GMBH & CO.;71060;1
REIMOLD AUTOMATENSTICKEREI GMBH & CO.KG;71060;1
RADIO BB;71060;1
HÄNSSLER-VERLAG GMBH;71087;1
MAYFAIR EDITION GMBH;71125;1
WELLNESS DIRECT GMBH;71148;1
FINANZAMT LEONBERG;71226;1
LEWA GMBH;71226;1
BRÜCKNER TROCKENTECHNIK GMBH & CO KG;71226;1
AMTSGERICHT LEONBERG;71226;1
VOLKSBANK LEONBERG-STROHGÄU EG UNTERNEHMENSSERVICE;71226;1
ZEITUNGSVERLAG LEONBERG GMBH;71226;1
GEZE GMBH & CO;71226;1
STADTVERWALTUNG LEONBERG;71226;1
RECLAM VERLAG;71252;1
TRUMPF WERKZEUGMASCHINEN GMBH + CO. KG;71252;1
GRETSCH-UNITAS GMBH BAUBESCHLÄGE;71252;1
INTERFUNK EG;71252;1
SCHINDELE GMBH EINRICHTUNGSHAUS;71261;1
VERLAG NUSSBAUM;71261;1
FINANZAMT WAIBLINGEN;71328;1
LANDRATSAMT REMS-MURR-KREIS;71328;1
AMTSGERICHT WAIBLINGEN;71328;1
AOK REMS-MURR;71328;1
ZEITUNGSVERLAG GMBH & CO WAIBLINGEN KG;71328;1
PAULINENPFLEGE WINNENDEN;71361;1
ALFRED KÄRCHER VERTRIEBS-GMBH;71361;1
TECHTRONIC INDUSTRIES ELC GMBH;71361;1
KRANKENHAUS FÜR PSYCHIATRIE UND NEUROLOGIE WINNENDEN;71361;1
SÜDBUND;71520;1
AOK GESCHÄFTSSTELLE;71520;1
WÜSTENROT HOLDING AG;71630;1
HEIMBAU VERMÖGENSVERWALTUNGSGESELLSCHAFT MBH;71630;1
WÜSTENROT VERMÖGENSVERWALTUNGSGES. MBH;71630;1
GESELLSCHAFT FÜR MARKT- UND ABSATZFORSCHUNG MBH;71630;1
WÜSTENROT BANK AG;71630;1
WÜSTENROT GRUNDSTÜCKSVERWERTUNGS- GESELLSCHAFT MBH;71630;1
W & W SERVICE GMBH C/O WÜSTENROT BAUSPARKASSE AG;71630;1
WÜSTENROT BETEILIGUNGS-GMBH;71630;1
WÜSTENROT STIFTUNG GEMEINSCHAFT DER FREUNDE DEUTSCHER EIGENHEIMVEREIN E.V.;71630;1
WÜSTENROT HYPOTHEKENBANK AG;71630;1
WÜSTENROT GMBH & CO. GRUNDSTÜCKS-KG;71630;1
WÜSTENROT HAUS UND STÄDTEBAU GMBH;71630;1
FINANZAMT LUDWIGSBURG;71631;1
LANDRATSAMT LUDWIGSBURG;71631;1
KREISSPARKASSE LUDWIGSBURG;71631;1
AMTSGERICHT LUDWIGSBURG;71631;1
KLINIKUM LUDWIGSBURG;71631;1
AOK - DIE GESUNDHEITSKASSE LUDWIGSBURG-BIETIGHEIM;71631;1
MHPLUS BETRIEBSKRANKENKASSE;71632;1
VERLAG DAS BESTE GMBH READER'S DIGEST DEUTSCHLAND;72781;1
AGENTUR FÜR ARBEIT GÖPPINGEN;73025;1
INNUNGSKRANKENKASSE GÖPPINGEN;73027;1
DEUTSCHE POST AG NIEDERLASSUNG BRIEF GÖPPINGEN;73047;1
CISBOX GMBH;73227;1
BKK SCHEUFELEN;73228;1
WMF GROUP GMBH;73309;1
KREISSPARKASSE OSTALB;73427;1
RUD KETTEN RIEGER & DIETZ GMBH U. CO.KG;73428;1
STADTVERWALTUNG AALEN;73428;1
OSTALB-KLINIKUM;73428;1
CARL ZEISS VISION GMBH;73428;1
LANDRATSAMT OSTALBKREIS;73428;1
BRABANDT GMBH;73428;1
SDZ DRUCK UND MEDIEN GMBH;73428;1
TRIUMPH INTERNATIONAL;73428;1
RUD KETTEN RIEGER & DIETZ GMBH & CO.KG;73428;1
RADIO KOMMA 1;73428;1
GESENKSCHMIEDE SCHNEIDER GMBH;73428;1
FACHHOCHSCHULE AALEN;73428;1
JAKOB SCHMID GMBH U. CO.;73446;1
GEBR. LEITZ GMBH & CO.;73446;1
OWEMA;73446;1
CARL ZEISS;73446;1
OPPOLD SYSTEM INTERNATIONAL GMBH;73446;1
C D. WALZHOLZ GMBH;73446;1
GÜNTHER + SCHRAMM GMBH;73446;1
BUNDESWEHR RHEINHARDT-KASERNE;73477;1
FERDINAND MENRAD GMBH + CO KG;73522;1
AGENTUR FÜR ARBEIT SCHWÄBISCH GMÜND;73522;1
WELEDA AG;73522;1
ROBERT BOSCH AUTOMOTIVE STEERING GMBH;73522;1
STAUFERKLINIK SCHWÄBISCH GMÜND;73522;1
BAUER GEAR MOTOR GMBH;73726;1
BECHTLE GRAPHISCHE BETRIEBE UND VERLAGSGESELLSCHAFT GMBH & CO. KG;73726;1
FESTO DIDACTIC SE;73726;1
FINANZAMT ESSLINGEN;73726;1
HENGSTENBERG GMBH & CO.KG;73726;1
INDEX-WERKE GMBH & CO. KG HAHN & TESSKY;73726;1
KLINIKUM ESSLINGEN GMBH;73726;1
KREISSPARKASSE ESSLINGEN-NÜRTINGEN;73726;1
LANDRATSAMT ESSLINGEN;73726;1
EBERSPÄCHER CLIMATE CONTROL SYSTEMS GMBH;73726;1
ENBW ENERGIE BADEN-WÜRTTEMBERG AG;73726;1
AOK - DIE GESUNDHEITSKASSE BEZIRKSDIREKTION NECKAR-FILS;73726;1
AMPHENOL-TUCHEL ELECTRONICS GMBH;74064;1
MARBACH KARL GMBH + CO;74064;1
IKK CLASSIC HEILBRONN;74064;1
INDUSTRIE- UND HANDELSKAMMER HEILBRONN;74064;1
VERSORGUNGSAMT HEILBRONN;74064;1
LÖFFELHARDT HEINZ UND ERWIN GMBH & CO KG;74064;1
LÄPPLE DIENSTLEISTUNGSGESELLSCHAFT MBH;74064;1
KREISSPARKASSE HEILBRONN;74064;1
INTERSPORT DEUTSCHLAND EG;74064;1
VON BÜLOW & COLLEGEN RECHTSANWÄLTE;74064;1
HARMAN DEUTSCHLAND GMBH;74064;1
GALERIA HORTEN FILIALE HEILBRONN;74064;1
AMTSGERICHT HEILBRONN;74064;1
BAIER & SCHNEIDER GMBH & CO;74064;1
FACILITY LOGISTIC HEILBRONN GMBH;74064;1
MEDIA-MARKT TV-HIFI-ELEKTRO GMBH HEILBRONN;74064;1
LANDRATSAMT HEILBRONN;74064;1
KLINIKUM HEILBRONN GMBH;74064;1
AOK - DIE GESUNDHEITSKASSE HEILBRONN;74064;1
DEUTSCHE POST AG ZUSTELLSTÜTZPUNKT HEILBRONN;74064;1
KACO GMBH + CO.;74064;1
STADT HEILBRONN;74064;1
DEUTSCHE TELEKOM AG NIEDERLASSUNG HEILBRONN;74064;1
TIP-WERBEVERLAG GMBH & CO. KG;74064;1
FIAT AUTOMOBIL AG;74065;1
FCA BANK DEUTSCHLAND GMBH PERSONALABTEILUNG;74066;1
BESTFOODS DEUTSCHLAND GMBH & CO. OHG;74067;1
DEUTSCHE POST AG NIEDERLASSUNG BRIEF HEILBRONN;74099;1
KAUFLAND DIENSTLEISTUNG GMBH & CO. KG;74166;1
LIDL STIFTUNG & CO. KG;74167;1
DIALOG-SERVICE-CENTER GMBH;74168;1
ARVATO DIRECT SERVICES NECKARSULM GMBH;74169;1
PVS FULFILLMENT-SERVICE GMBH;74170;1
DRUCK- UND VERLAGS- GMBH BIETIGHEIMER ZEITUNG;74319;1
PARKER HANNIFIN MANUFACTURING GERMANY GMBH & CO. KG;74319;1
DÜRR SYSTEMS AG;74319;1
VALEO WISCHERSYSTEME GMBH;74319;1
FINANZAMT BIETIGHEIM-BISSINGEN;74319;1
KLINIKEN LUDWIGSBURG BIETIGHEIM GGMBH KRANKENHAUS BIETIGHEIM;74319;1
DÜRR DENTAL SE;74319;1
STADTVERWALTUNG BIETIGHEIM-BISSINGEN;74319;1
AOK LUDWIGSBURG-BIETIGHEIM;74319;1
UMBREIT GMBH & CO.;74319;1
AGENTUR FÜR ARBEIT SCHWÄBISCH HALL;74509;1
VR KREDITWERK HAMBURG-SCHWÄBISCH HALL AG;74520;1
BAUSPARKASSE SCHWÄBISCH HALL AG;74520;1
SIGLOCH DISTRIBUTION;74569;1
VERLAG DAS BESTE GMBH VERSANDABTEILUNG;74571;1
ENVASES ÖHRINGEN GMBH;74611;1
VOLKSBANK HOHENLOHE EG;74611;1
WILHELM STÄUDLE GMBH & CO.KG;74611;1
ADOLF WÜRTH GMBH & CO. KG;74650;1
BÜRKERT STEUER- U. REGELTECHNIK;74651;1
ALBERT BERNER DEUTSCHLAND GMBH;74651;1
MUSTANG BEKLEIDUNGSWERKE GMBH & CO.;74651;1
ZIEHL-ABEGG SE;74651;1
KRAICHGAU-KLINIK GMBH & CO. KG;74904;1
KURKLINIK BAD RAPPENAU GMBH ROSENTRITT- UND SOPHIE-LUISEN-KLINIK;74904;1
KUR- U. KLINIKVERWALTUNG GMBH;74904;1
VULPIUS-KLINIK GMBH;74904;1
STADTVERWALTUNG BAD RAPPENAU;74904;1
VESALIUS KLINIK;74904;1
TDK ELECTRONICS AG;89516;1
VOITH GMBH & CO. KGAA (VZ);89516;1
INDUSTRIE- UND HANDELSKAMMER (IHK);89516;1
PAUL-HARTMANN AG;89516;1
SBK-SIEMENS-BETRIEBSKRANKENKASSE;89517;1
SSL HEALTHCARE DEUTSCHLAND GMBH;63475;1
FAGRO PRESS- UND STANZWERK GMBH;64518;1
COMMERZBANK AG MANNHEIM;68112;1
DEUTSCHE TELEKOM AG NIEDERLASSUNG MANNHEIM;68123;1
STADTVERWALTUNG, VERKEHRSÜBERWACHUNG U. ORDNUNGSWIDRIGKEITEN;68124;1
IMTECH DEUTSCHLAND GMBH CO. KG;68126;1
MANNHEIMER VERSICHERUNG;68127;1
ALSTOM POWER GENERATION AKTIENGESELLSCHAFT;68128;1
BAUHAUS;68132;1
STADT MANNHEIM -TECHNISCHER BEREICH-;68133;1
VICTORIA VERSICHERUNG AG;68134;1
KLINIKUM MANNHEIM GMBH;68135;1
DEUTSCHE POST AG NIEDERLASSUNG BRIEF MANNHEIM;68138;1
THERESIENKRANKENHAUS UND ST. HEDWIG-KLINIK GMBH;68139;1
ABB BUSINESS SERVICES GMBH;68139;1
AOK - DIE GESUNDHEITSKASSE RHEIN-NECKAR-ODENWALD;68139;1
AOK - DIE GESUNDHEITSKASSE HEIDELBERG;68139;1
JOHNSON CONTROLS SYSTEMS & SERVICES GMBH;68140;1
FELINA GMBH;68140;1
CATERPILLAR ENERGY SOLUTIONS GMBH;68140;1
JOHN DEERE GMBH & CO.KG MANNHEIM REGIONAL CENTER;68140;1
BRIGITTE WÄSCHE VERTRIEBSGESELLSCHAFT MBH;68140;1
ABB REAKTOR GMBH;68140;1
DEUTSCHE POST AG COLLECTION ABT. 8145 B;68140;1
ROLAND RECHTSSCHUTZ VERSICHERUNG;68141;1
MERCEDES BENZ AG;68142;1
MVV AG;68142;1
BERRANG SE;68143;1
HDI VERTRIEBS AG;68144;1
DIAKO MANNHEIM GGMBH;68144;1
TECHNISCHER ÜBERWACHUNGSVEREIN BADEN-WÜRTTEMBERG;68144;1
MEDIALOG;68144;1
HESTIA PHARMA GMBH;68145;1
FUCHS LUBRICANTS GERMANY GMBH;68145;1
RHENUS. AG;68146;1
BIBLIOGRAPHISCHES INSTITUT GMBH;68146;1
MANNHEIMER MORGEN GROSSDRUCKEREI UND VERLAG GMBH;68146;1
VÖGELE AG;68146;1
SV SPARKASSEN-VERSICHERUNG BADEN-WÜRTTEMBERG HOLDING AG;68147;1
AMTSGERICHT MANNHEIM;68149;1
STAATLICHE RHEIN-NECKAR HAFENGESELLSCHAFT MANNHEIM MBH;68149;1
LANDGERICHT MANNHEIM;68149;1
POLIZEIPRÄSIDIUM MANNHEIM;68149;1
WASSERSCHUTZPOLIZEIDIREKTION BADEN-WÜRTTEMBERG;68149;1
SOZIALAMT STADT MANNHEIM;68149;1
NOTARIAT UND GRUNDBUCHAMT;68149;1
FINANZAMT MANNHEIM-NECKARSTADT;68150;1
FINANZAMT MANNHEIM STADT;68150;1
SOZIALGERICHT MANNHEIM;68150;1
HILGER U. KERN GMBH;68151;1
STADTBÜCHEREI;68151;1
ZENTRALINSTITUT FÜR SEELISCHE GESUNDHEIT;68151;1
BENDER BUCHHANDEL;68151;1
SÜDWESTDEUTSCHE VERLAGSANSTALT GMBH & CO. KG;68151;1
PRIV.BRAUEREI EICHBAUM GMBH & CO. KG;68151;1
SPARKASSE RHEIN NECKAR NORD;68151;1
PHOENIX PHARMAHANDEL GMBH & COKG;68197;1
FLAMME;68197;1
FDT FLACHDACH TECHNOLOGIE GMBH;68197;1
GROSSKRAFTWERK MANNHEIM AG;68197;1
ERIKS DEUTSCHLAND GMBH;68197;1
ESN BAHNGERÄTE GMBH;68197;1
DIRINGER & SCHEIDEL;68197;1
ROCHE DIAGNOSTICS GMBH;68298;1
DAIMLER AG MERCEDES-BENZ WERK MANNHEIM;68299;1
ASEA BROWN BOVERI (ABB);68300;1
ESSITY OPERATIONS MANNHEIM GMBH;68301;1
VAG GMBH;68301;1
PEPPERL+FUCHS SE INT. SERVICE MANNHEIM;68301;1
BOPP & REUTHER SICHERHEITS- UND REGELARMATUREN GMBH;68301;1
AVG;68302;1
IKK CLASSIC REGIONALDIREKTION MANNHEIM;68302;1
JÜNGER & GRÄTER GMBH & CO.;68721;1
AMTSGERICHT SCHWETZINGEN;68721;1
PFAUDLER GMBH;68721;1
GRN-KLINIK SCHWETZINGEN;68721;1
FRANKL & KIRCHNER GMBH & CO. KG;68721;1
ZENECA GMBH;68721;1
FINANZAMT SCHWETZINGEN;68721;1
KRÄMER PFERDESPORT GMBH & CO. KG;68764;1
AGENTUR FÜR ARBEIT HEIDELBERG;69108;1
VERIVOX GMBH;69110;1
LAMY C. JOSEF GMBH;69111;1
LANDRATSAMT HEIDELBERG RHEIN-NECKAR KREIS;69111;1
BECTON DICKINSON GMBH;69111;1
AMTSGERICHT HEIDELBERG;69111;1
H.J. LIMBACH FACHARZT FÜR LABORMEDIZIN;69111;1
FINANZAMT HEIDELBERG;69111;1
HALDEX GMBH;69111;1
HEIDELBERGCEMENT;69111;1
SPARKASSE HEIDELBERG;69111;1
VOLKSBANK KURPFALZ H+G BANK EG ORGANISATION;69111;1
DEUTSCHE ANGESTELLTEN KRANKENKASSE (DAK);69111;1
DEUTSCHES KREBSFORSCHUNGSZENTRUM;69111;1
EUROPÄISCHES LABORATORIUM FÜR MOLEKULARBIOLOGIE EMBL;69111;1
SRH BERUFLICHE REHABILITATION GMBH GESCHÄFTSFÜHRUNG;69111;1
PROMINENT GMBH;69112;1
SCHINDLER, STAATLICHE LOTTERIE-EINNAHME;69112;1
RUPRECHT-KARLS-UNIVERSITÄT;69112;1
POLIZEIDIREKTION HEIDELBERG;69112;1
WERKSCHRIFTEN-VERLAG GMBH;69112;1
DEUTSCHE POST AG NIEDERLASSUNG FILIALE HEIDELBERG;69112;1
SCHMITT KG BUCH- UND ZEITSCHRIFTEN-GROSSVERTRIEB;69112;1
STUDENTEN-PRESSE PRESSEVERTRIEBS GMBH;69112;1
TECHNIKER KRANKENKASSE GESCHÄFTSSTELLE HEIDELBERG;69112;1
VOLKSBANK KURPFALZ EG;69112;1
STRACK ET COLLEGAE RECHTSANWÄLTE;69112;1
SPRINGER NATURE CUSTOMER SERVICE CENTER GMBH / SPRINGER VERLAG GMBH;69112;1
US-ARMY FINANCE AND ACCOUNTING CENTER EUROPE;69112;1
TEROSON VERMÖGENSVERWALTUNGSGESELLSCHAFT MBH;69112;1
SERVA-FEINBIOCHEMICA GMBH;69112;1
SRH SHARED SERVICES GMBH;69113;1
HEIDELBERGER DRUCKMASCHINEN AG WERK WIESLOCH;69159;1
SAP AG WALLDORF;69189;1
FREUDENBERG & CO.;69465;1
AGENTUR FÜR ARBEIT NAGOLD;72200;1
KREISKRANKENHAUS MOSBACH;74819;1
SHKI STIFTUNG HUMANITÄRE KOOPERATION INTERNATIONAL;74819;1
STADTVERWALTUNG MOSBACH;74819;1
JUSTIZBEHÖRDEN MOSBACH;74819;1
BAMA GMBH;74819;1
LANDRATSAMT NECKAR-ODENWALD-KREIS;74819;1
FINANZAMT MOSBACH;74819;1
VOLKSBANK EG MOSBACH;74819;1
JOHANNES-DIAKONIE MOSBACH;74819;1
SPARKASSE MOSBACH;74819;1
STADTVERWALTUNG SINSHEIM;74887;1
FINANZAMT SINSHEIM;74887;1
BGT BISCHOFF GLASTECHNIK GMBH;75013;1
SCHMIDT - BRETTEN GMBH;75013;1
RECHBERGKLINIK;75013;1
HARSCH GMBH & CO. KG;75013;1
KAISER GMBH & CO. KG;75013;1
DEUTSCHE POST AG NIEDERLASSUNG BRIEF PFORZHEIM;75093;1
AOK-DIE GESUNDHEITSKASSE ENZKREIS UND STADT PFORZHEIM;75159;1
SPARKASSE PFORZHEIM CALW;75162;1
DIEMER GMBH & CO.;75166;1
FINE GOODS GMBH & CO.KG;75169;1
BADER GMBH & CO. GROSSVERSANDHAUS;75170;1
VERSANDHAUS KARLHEINZ JUNG GMBH;75194;1
AOK - DIE GESUNDHEITSKASSE CALW;75363;1
DEUTSCHE POST AG FILIALE CALW 1;75363;1
FINANZAMT MÜHLACKER;75415;1
KARL ELSER DRUCK GMBH;75415;1
METZLER INTERNATIONAL (DEUTSCHLAND) AG;75415;1
HÄNDLE GMBH MASCHINEN UND ANLAGENBAU;75415;1
MÜHLACKER TAGBLATT;75415;1
AOK BADEN-WÜRTTEMBERG;76070;1
REGIERUNGSPRÄSIDIUM KARLSRUHE ZENTRALE BUSSGELDSTELLE;76073;1
FAMILIENKASSE BADEN-WÜRTTEMBERG-WEST;76088;1
AOK- DIE GESUNDHEITSKASSE BD MITTLERER OBERRHEIN;76097;1
ENBW CONTRACTING GMBH;76107;1
DEUTSCHE POST AG ABT. INTERSERV SNL P&P;76109;1
DEUTSCHE POST AG SCI / SERVICE CENTER INTERNATIONAL BUSINESS SERVICES;76110;1
DEUTSCHE POST AG SNL RECHNUNGSWESEN ACCOUNTING SHARED SERVICE CENTER BV;76111;1
KARLSRUHER LEBENSVERSICHERUNG AG;76112;1
LANDESKREDITBANK;76113;1
BADENIA BAUSPARKASSE;76114;1
HEINRICH HEINE GMBH;76115;1
ALLIANZ PRIVATE KRANKENVERSICHERUNG;76117;1
BBBANK KARLSRUHE;76119;1
MONA GMBH & CO;76120;1
KARLSRUHER VERSICHERUNG AG;76121;1
BERUFSGENOSSENSCHAFT DER BAUWIRTSCHAFT BEZIRKSVERWALTUNG KARLSRUHE;76123;1
STADT KARLSRUHE;76124;1
DB VERTRIEB GMBH KLASSENFAHRTEN UND GRUPPENREISEN;76125;1
AACHENER UND MÜNCHENER VERSICHERUNGEN;76125;1
BADISCHES STAATSTHEATER;76125;1
EVANGELISCHER OBERKIRCHENRAT;76125;1
BADISCHER SPORTBUND;76125;1
BADISCHE LANDESBIBLIOTHEK;76125;1
SV SPARKASSENVERSICHERUNG HOLDING AG;76125;1
AMTSGERICHT KARLSRUHE;76125;1
DAK-GESUNDHEIT HILFSMITTELKOMPETENZZENTRUM;76125;1
BUNDESGERICHTSHOF;76125;1
BUNDESVERFASSUNGSGERICHT;76125;1
DER KURIER;76126;1
PLURADENT AG & CO KG;76126;1
STAATLICHES VERMESSUNGSAMT BRUCHSAL;76126;1
OTTO KAZENMAIER GMBH & CO.KG;76126;1
STAATLICHES FORSTAMT BRUCHSAL;76126;1
VERLAGSHAUS IM STADTPALAIS KARLSRUHER-/SÜDDEUTSCHER ANZEIGER;76126;1
AMT FÜR LANDWIRTSCHAFT, LANDSCHAFT UND BODENKULTUR;76126;1
HAUPTZOLLAMT KARLSRUHE;76126;1
KAUFMÄNNISCHE KRANKENKASSE HALLE;76126;1
STAATLICHES FORSTAMT KARLSBAD;76126;1
STAATLICHES VERMESSUNGSAMT KARLSRUHE;76126;1
VERSORGUNGSAMT KARLSRUHE;76126;1
STAATLICHES FORSTAMT KARLSRUHE HARDT;76126;1
STAATLICHES FORSTAMT BRETTEN;76126;1
PAPIER FISCHER;76126;1
STAATL. VERMESSUNGSAMT;76126;1
JUGENDAMT KARLSRUHE;76126;1
KAUFMÄNNISCHE KRANKENKASSE - KKH GESCHÄFTSSTELLE;76126;1
L'OREAL;76126;1
LANDESZENTRALBANK;76126;1
STAATLICHES FORSTAMT PHILIPSBURG;76126;1
HANDWERKSKAMMER KARLSRUHE;76126;1
SCHULPSYCHOLOGISCHE BERATUNGSSTELLE DES OBERSCHULAMTES KARLSRUHE;76126;1
ORTHOPÄDISCHE VERSORGUNGSSTELLE KARLSRUHE;76126;1
SOZIALAMT KARLSRUHE;76126;1
LANDESOBERKASSE;76126;1
IKK CLASSIC KARLSRUHE REGIONALDIREKTION DER IKK BADEN-WÜRTTEMBERG;76126;1
PBEAKK;76127;1
VOLKSBANK KARLSRUHE EG;76127;1
STADTWERKE KARLSRUHE GMBH;76127;1
SPARKASSE KARLSRUHE;76127;1
VEREINIGTE HAFTPFLICHT;76127;1
ST. VINCENTIUS-KLINIKEN GAG;76127;1
DEUTSCHE POST AG SERVICE NIEDERLASSUNG RECHT KARLSRUHE;76127;1
DEUTSCHE POST AG GB PRODUKTION SÜD KARLSRUHE;76127;1
GEK SCHWÄBISCH-GMÜNDER ERSATZKASSE;76127;1
DIE BKK POST LANDESVERWALTUNG BADEN-WÜRTTEMBERG AUSSENSTELLE KARLSRUHE;76127;1
ZG RAIFFEISEN EG;76127;1
VVW GMBH;76127;1
DEUTSCHE POST AG SNL RECHNUNGSWESEN EXPRESS;76127;1
G. BRAUN TELEFONBUCHVERLAGE GMBH & CO. KG;76128;1
KIT KARLSRUHER INSTITUT FÜR TECHNOLOGIE CAMPUS SÜD;76128;1
INDUSTRIE- UND HANDELSKAMMER KARLSRUHE;76128;1
BADISCHE UNFALLKASSE;76128;1
RUDOLF RÖSER VERLAG UND INFORMATIONSDIENSTE AG;76128;1
ZÜBLIN BAUUNTERNEHMUNG AG;76128;1
BADISCHE NEUESTE NACHRICHTEN BADENDRUCK GMBH;76147;1
TIEFBAUAMT;76150;1
ENRW (ENERGIE NORDRHEIN-WESTFALEN GMBH) ENERGIEBEREITSTELLUNG UND LOGISTIK;76180;1
SIEMENS;76181;1
MIRO MINERALOELRAFFINERIE OBERRHEIN GMBH & CO. KG;76182;1
KRAIS WERBEAGENTUR GMBH;76182;1
GANA APPARATEBAU SALIGNAT GMBH;76182;1
PFANNKUCH HANDELSGESELLSCHAFT;76182;1
OMW OBERRHEINISCHE MINERALÖLWERKE;76182;1
BGW BERUFSGENOSSENSCHAFT FÜR GESUNDHEITSDIENST UND WOHLFAHRTSPFLEGE;76182;1
MICHELIN REIFENWERKE VERTRIEB;76182;1
MICHELIN REIFENWERKE;76182;1
THERMO ELECTRON (KARLSRUHE) GMBH;76225;1
DR. WILLMAR SCHWABE, ARZNEIMITTELFABRIK;76225;1
BADISCHE MASCHINENFABRIK DURLACH GMBH;76225;1
GRESCHBACH INDUSTRIE- UND VERWALTUNGSBAU GMBH;76225;1
GRESCHBACH UNIVERSALBAU GMBH;76225;1
ANGIOMED AG;76225;1
DEUTSCHE HOMÖOPATHIE-UNION DHU- ARZNEIMITTEL GMBH & CO. KG;76225;1
DM-DROGERIEMARKT GMBH & CO KG;76230;1
DEUTSCHE POST AG DIREKT MARKETING CENTER KARLSRUHE;76243;1
BEZIRKSSTELLE FÜR NATURSCHUTZ;76247;1
HELVETIA SCHWEIZERISCHE VERSICHERUNGSGESELLSCHAFT AG;76247;1
REGIERUNGSPRÄSIDIUM KARLSRUHE;76247;1
REGIERUNGSPRÄSIDIUM ABT.7 SCHULE U. BILDUNG;76247;1
DEUTSCHE POST AG NIEDERLASSUNG BRIEF KARLSRUHE;76248;1
DEUTSCHE POST AG NACHSENDEZENTRUM KARLSRUHE;76249;1
DEUTSCHE POST AG RÜCKSENDEZENTRUM KARLSRUHE;76253;1
DR. AUGUST OETKER NAHRUNGSMITTEL KG SORTIMENTSBEREICH PROFESSIONAL;76273;1
PHARM ALLERGAN GMBH;76273;1
KAUFHAUS SCHNEIDER;76273;1
INAPA DEUTSCHLAND GMBH;76273;1
FÖRDERKREIS FÜR DIE SCHWESTERN MARIA;76273;1
FLOWSERVE FLOW CONTROL GMBH;76273;1
SPITZNER GMBH;76273;1
CCI KOSMETIK VERSAND E.K.;76273;1
WWF (MVS);76273;1
CTDI GMBH;76314;1
VERLAGSUNION PABEL-MOEWIG KG;76432;1
DEUTSCHE POST AG NIEDERLASSUNG RASTATT;76432;1
VERLAGSUNION RÄTSELREDAKTION;76432;1
VERLAGSUNION AVANTI;76432;1
ROMANWOCHE;76432;1
SEXY;76432;1
VERLAGSUNION JUGENDREDAKTION;76432;1
GRENKE AG;76517;1
SÜD-WESTDEUTSCHE INKASSO GMBH;76519;1
AOK KUNDENCENTER BADEN-BADEN;76520;1
NOMOS VERLAGSGESELLSCHAFT MBH & CO. KG;76520;1
BIOLOGISCHE HEILMITTEL HEEL GMBH;76520;1
RAE HAAS & KOLLEGEN RECHTSANWALTSGESELLSCHAFT MBH;76521;1
SWR-SÜDWESTRUNDFUNK;76522;1
SONNENVERLAG GMBH;76523;1
AGIS-VERLAG GMBH;76524;1
SANS SOUCIS;76526;1
JUVENA PRODUITS DE BEAUTE GMBH;76526;1
VTH VERLAG FÜR TECHNIK UND HANDWERK NEUE MEDIEN GMBH;76526;1
LA PRAIRIE GROUP DEUTSCHLAND GMBH;76526;1
INFOSCORE CONSUMER DATA GMBH;76527;1
DAMBACH-WERKE GMBH;76568;1
SEW-EURODRIVE GMBH & CO KG;76642;1
SULZER WEISE GMBH;76642;1
SPARKASSE KRAICHGAU;76643;1
DEUTSCHE POST AG NL VERTRIEB P/E;76643;1
DEUTSCHE POST AG NIEDERLASSUNG BRUCHSAL;76643;1
DEUTSCHE POST AG FILIALE BRUCHSAL;76643;1
JUSTIZVOLLZUGSANSTALT BRUCHSAL;76643;1
BOSCH;77813;1
UHU GMBH & CO. KG LOGISTIKZENTRUM VIMBUCH;77813;1
LUK GMBH & CO.;77813;1
BÖWE TEXTILE CLEANING GMBH;86135;1
PHOENIX PHARMAHANDEL GMBH & CO. KG X;90744;1
DR. HALL VERSAND GMBH;77633;1
AGENTUR FÜR ARBEIT OFFENBURG;77642;1
DKNO GMBH;77644;1
PRINTUS GMBH;77646;1
MARKANT HANDEL U. SERVICE GMBH HANDELSMARKT GMBH;77647;1
DEUTSCHE POST AG NIEDERLASSUNG PRODUKTION BRIEF OFFENBURG;77663;1
SILVANA B.V.;77869;1
DEUTSCHE POST AG NIEDERLASSUNG PRODUKTION PAKET DEUTSCHLAND LAHR;77929;1
BERGER LAHR GMBH & CO.KG;77931;1
KLINIKUM LAHR;77931;1
STADTVERWALTUNG LAHR;77931;1
ÜBERLANDWERK MITTELBADEN GMBH & CO.KG;77931;1
AGENTUR FÜR ARBEIT VILLINGEN-SCHWENNINGEN;78041;1
VOLKSBANK EG VILLINGEN;78045;1
AOK - DIE GESUNDHEITSKASSE FÜR DEN SCHWARZWALD-BAAR-KREIS;78045;1
INDUSTRIE- U. HANDELSKAMMER SCHWARZWALD-BAAR-HEUBERG;78045;1
SCHWARZWALD-BAAR KLINIKUM VILLINGEN-SCHWENNINGEN GMBH;78045;1
STADTVERWALTUNG VILLINGEN-SCHWENNINGEN;78045;1
VOLKSBANK DONAU-NECKAR EG;78046;1
LINK VS-SCHWENNINGEN KG EHEM. JOHANNES LINK GMBH & CO.KG;78046;1
KUHN HERMANN GMBH U. CO KG SÜDWEST PRESSE - DIE NECKARQUELLE;78046;1
DEUTSCHE POST AG BRIEFZENTRUM VILLINGEN-SCHWENNINGEN;78060;1
DAK - GESUNDHEIT;78221;1
ALUSUISSE;78221;1
HEGAU-KLINIKUM GMBH;78221;1
PALAGO GMBH;78455;1
UNIVERSITÄT KONSTANZ;78457;1
FINANZAMT KONSTANZ;78459;1
SPARKASSE BODENSEE;78459;1
KÖRBER SUPPLY CHAIN LOGISTICS GMBH;78459;1
TAKEDA GMBH;78459;1
DEUTSCHE TELEKOM AG NIEDERLASSUNG KONSTANZ;78461;1
SBK-SIEMENS-BETRIEBSKRANKENKASSE SCHRAMBERG;78711;1
CG CAR GARANTIE VERSICHERUNGS AG;79071;1
FINANZAMT FREIBURG-STADT;79079;1
HERDER GMBH U. CO. KG VERLAG;79080;1
FACHBEREICH FLURORDNUNG & LANDENTWICKLUNG;79081;1
FACHBEREICH GESUNDHEITSAMT;79081;1
FACHBEREICH VETERINÄRWESEN & LEBENSMITTELÜBERWACHUNG;79081;1
LANDRATSAMT BREISGAU-HOCHSCHWARZWALD;79081;1
FACHBEREICH SCHULEN & GEBÄUDEMANAGEMENT;79081;1
FACHBEREICH FÜR BRAND- UND KATASTROPHENSCHUTZ;79081;1
FACHBEREICH FÜR SOZIALE DIENSTE SOZIALAMT;79081;1
ABFALLWIRTSCHAFT LANDKREIS BREISGAU HOCHSCHWARZWALD;79081;1
REGIERUNGSPRÄSIDIUM FREIBURG;79083;1
AMT FÜR BÜRGERSERVICE UND INFORMATIONSVERARBEITUNG;79084;1
VERSORGUNGSAMT FREIBURG;79086;1
TRIAZ WASCHBÄR;79088;1
ADECCO;79090;1
PFIZER MANUFACTURING DEUTSCHLAND GMBH BETRIEBSSTÄTTE FREIBURG;79090;1
HAUFE-LEXWARE GMBH & CO.KG;79091;1
TRIAZ GMBH;79093;1
DEUTSCHE TELEKOM AG NL FREIBURG;79095;1
ERZBISCHÖFLICHES ORDINARIAT;79095;1
AMT FÜR SOZIALES UND SENIOREN (ASS);79095;1
BAURECHTSAMT (BRA);79095;1
BÜRGERMEISTERAMT DEZ. V;79095;1
REGIERUNGSPRÄSIDIUM FREIBURG ABTEILUNG 8;79095;1
AMT FÜR PROJEKTSTEUERUNG UND STADTENTWICKLUNG (APS);79095;1
STAATL. HOCHSCHULE F. MUSIK FREIBURG;79095;1
DEUTSCHE POST AG NIEDERLASSUNG FILIALEN FREIBURG;79095;1
REGIERUNGSPRÄSIDIUM FREIBURG ABTEILUNG 9;79095;1
MICRONAS INTERMETALL GMBH;79095;1
GARTEN- UND TIEFBAUAMT;79095;1
VERGABEMANAGEMENT (VM);79095;1
GEBÄUDEMANAGEMENT FREIBURG (GMF);79095;1
AMT FÜR ÖFFENTLICHE ORDNUNG (AFÖO) BUSSGELDABTEILUNG UND GEMEINDEVOLLZUG;79095;1
SÜDWESTFUNK;79095;1
EIGENBETRIEB STADTENTWÄSSERUNG (ESE);79095;1
WASSER-U. SCHIFFAHRTSAMT FREIBURG;79095;1
UMWELTSCHUTZAMT (UWSA);79095;1
STRASSENBAUAMT;79095;1
STADTVERWALTUNG FREIBURG IM BREISGAU;79095;1
S. KARGER VERLAG FÜR MEDIZIN UND NATURWISSENSCHAFTEN GESELLSCHAFT MBH;79095;1
REGIERUNGSPRÄSIDIUM FREIBURG ABTEILUNG 7;79095;1
REGIERUNGSPRÄSIDIUM FREIBURG ABTEILUNG 6;79095;1
HAUPTZOLLAMT LÖRRACH DIENSTSITZ FREIBURG;79095;1
FINANZAMT FREIBURG-LAND;79095;1
DEUTSCHE POST AG NIEDERLASSUNG BRIEF FREIBURG;79140;1
RHEINTALKLINIK;79188;1
UTP SCHWEISSMATERIAL GMBH U. CO. KG;79188;1
THERESIENKLINIK;79188;1
REHA-ZENTRUM;79188;1
BKK ABRECHNUNGSZENTRUM;79310;1
SOMMER VERLAG GMBH;79330;1
SPARKASSE LÖRRACH-RHEINFELDEN;79537;1
BFG BANK AG FILIALE LÖRRACH;79537;1
HANS KALTENBACH MASCHINENFABRIK GMBH & CO. KG;79537;1
KBC FASHION GMBH & CO. KG;79537;1
COMMERZBANK AG FIL.;79537;1
KRAFT JACOBS SUCHARD MANUFACTURING GMBH & CO. KG;79537;1
VOLKSBANK DREILÄNDERECK EG;79537;1
A. RAYMOND GMBH & CO. KG;79537;1
STÄUBLI ELECTRICAL CONNECTORS GMBH;79574;1
BIG STAR JEANS GMBH;79574;1
SCHMUTZ GMBH;79574;1
WAMPFLER AG;79574;1
SPARKASSE MARKGRÄFLERLAND;79574;1
SILENT GLISS GMBH;79574;1
LONZA-FOLIEN GMBH;79574;1
VITRA SERVICES GMBH;79574;1
ENDRESS + HAUSER (DEUTSCHLAND) GMBH+CO. KG;79574;1
NOVARTIS PHARMA PRODUKTION;79662;1
AOK - DIE GESUNDHEITSKASSE BEZIRKSDIREKTION WALDSHUT TIENGEN;79749;1
PAPIERFABRIK NEUSTADT GMBH;79821;1
FINANZAMT FREIBURG - LAND;79821;1
STADTVERWALTUNG / BÜRGERMEISTERAMT;79821;1
AGENTUR FÜR ARBEIT TITISEE-NEUSTADT;79821;1
SPARKASSE HOCHSCHWARZWALD;79821;1
ALLGEMEINE ORTSKRANKENKASSE ( AOK );79821;1
FINANZAMT BALINGEN;72334;1
DRUCK- UND VERLAGSHAUS HERMANN DANIEL GMBH & CO.KG;72334;1
DEUTSCHE POST AG ZUSTELLSTÜTZPUNKT BALINGEN;72334;1
EDEKA HANDELSGESELLSCHAFT;72334;1
VÖTSCH INDUSTRIETECHNIK GMBH;72334;1
KARL UHL GMBH;72334;1
SPITTA GMBH;72334;1
AOK - DIE GESUNDHEITSKASSE ZOLLERNALB;72334;1
LANDRATSAMT ZOLLERNALBKREIS;72334;1
SPARKASSE ZOLLERNALB;72334;1
MÖBEL ROGG BALINGEN GMBH & CO.KG;72334;1
EBA MASCHINENFABRIK ADOLF EHINGER GMBH;72334;1
OERTEL + SPÖRER VERLAGS GMBH + CO. KG;72757;1
KREISKLINIKEN REUTLINGEN GMBH C/O KLINIKUM AM STEINENBERG;72757;1
AOK - DIE GESUNDHEITSKASSE REUTLINGEN;72757;1
KREISSPARKASSE REUTLINGEN;72757;1
DEUTSCHE POST AG NIEDERLASSUNG BRIEF REUTLINGEN;72780;1
ZOLL- U. AUSSENWIRTSCHAFTSZWECKGEM. DORNIER FRIEDRICHSHAFEN GBR;88039;1
DEBIS ASSEKURANZ MAKLER GMBH GESCHÄFTSSTELLE FRIEDRICHSHAFEN;88039;1
SOSTAR GMBH;88039;1
DORNIER CONSULTING GMBH;88039;1
ART & MEDIA WERBEAGENTUR GMBH;88039;1
DORNIER GMBH;88039;1
EADS DEUTSCHLAND GMBH;88039;1
EDSN DEUTSCHLAND GMBH UNTERSCHLEISSHEIM;88039;1
INFO TERRA GMBH;88039;1
DORNIER HILFE GMBH;88039;1
DORNIER INTERNATIONAL GMBH;88039;1
DORNIER SATELLITENSYSTEME GMBH;88039;1
DORNIER SYSTEM GMBH;88039;1
NORTEL NETWORKS GERMANY GMBH + CO. KG;88039;1
ACE ADVANCED COMPOSITE ENGINEERING GMBH;88039;1
YOUNG CONCEPTS GMBH;88039;1
EADS VWD GMBH GESCHÄFTSSTELLE FRIEDRICHSHAFEN;88039;1
DORNIER LUFTFAHRT GMBH;88039;1
DIV DORNIER INDUSTRIE VERSICHERUNGSVERMITTLUNG GMBH;88039;1
DAIMLERCHRYSLER SERVICES ASSEKURANZ MAKLER GMBH;88039;1
DAIMLERCHRYSLER AG FORSCHUNG UND TECHNIK;88039;1
ASTRIUM GMBH;88039;1
T-SYSTEMS DEBIS SYSTEMHAUS GEI MBH;88039;1
CSC PLOENZKE AG IT-SERVICES BUSINESS UNIT SUED;88039;1
LFK LENKFLUGKÖRPERSYSTEME GMBH;88039;1
ASTRIUM GMBH RAUMFAHRT-INFRASTRUKTUR;88039;1
ROLLS-ROYCE SOLUTIONS GMBH;88040;1
BKK ZF & PARTNER;88041;1
TECHNISCHE WERKE FRIEDRICHSHAFEN GMBH;88041;1
ROBERT GESSLER GMBH & CO. KG;88041;1
BETRIEBSKRANKENKASSE GILDEMEISTER SEIDENSTICKER REGIONAL SÜD;88041;1
ARCHITEKTURBÜRO WUND;88041;1
STÄDTISCHES KRANKENHAUS;88041;1
LANDRATSAMT BODENSEEKREIS;88041;1
AGENTUR FÜR ARBEIT RAVENSBURG;88209;1
BERUFSAKADEMIE;88209;1
DEUTSCHE TELEKOM AG NL RAVENSBURG;88209;1
OBERSCHWÄBISCHE VERLAGSANSTALT;88209;1
DEUTSCHE POST AG NIEDERLASSUNG BRIEF RAVENSBURG;88225;1
WALDNER LABOREINRICHTUNGEN SE & CO.KG;88237;1
DIEHL AKO STIFTUNG & CO. KG;88237;1
MVZ LABOR RAVENSBURG GBR;88248;1
INDUSTRIE- U. HANDELSKAMMER BODENSEE-OBERSCHWABEN;88248;1
FINANZAMT RAVENSBURG;88248;1
APP RUPPERT GMBH & CO.;88297;1
BÜRGERMEISTERAMT;88297;1
SYCO TEC GMBH & CO. KG;88297;1
ARGENTALKLINIK II FACHKLINIK FÜR KONSERVATIVE ORTHOPÄDIE U. RHEUMATOLOGIE;88315;1
KLINIK SCHWABENLAND FACHKLINIK FÜR INNERE MEDIZIN;88315;1
ARGENTALKLINIK I FACHKLINIK FÜR KONSER- VATIVE ORTHOPÄDIE UND RHEUMATOLOGIE;88315;1
STEPHANUSWERK ISNY REHABILITATIONSZENTRUM;88315;1
WALDBURG-ZEIL KLINIKEN GMBH & CO. KG ZENTRALE;88315;1
VERSANDHAUS WALZ GMBH;88336;1
VOLLMER WERKE MASCHINENFABRIK GMBH;88396;1
FINANZAMT BIBERACH -GESCHÄFTSSTELLE-;88396;1
KREISSPARKASSE BIBERACH;88396;1
NETZE BW GMBH BIBERACH;88396;1
ALBERT HANDTMANN METALLGUSSWERK GMBH & CO. KG;88396;1
KAVO DENTAL GMBH;88396;1
LIEBHERR-WERK BIBERACH GMBH;88396;1
AOK - DIE GESUNDHEITSKASSE BIBERACH;88396;1
DEUTSCHE POST AG ZUSTELLSTÜTZPUNKT BIBERACH;88396;1
BOEHRINGER INGELHEIM PHARMA GMBH & CO.KG;88397;1
SILIT-WERKE GMBH & CO. KG;88498;1
GEBERIT GMBH;88629;1
NEUE ALNO GMBH;88629;1
AOK - DIE GESUNDHEITSKASSE BODENSEEKREIS;88660;1
MÜLLER GMBH U. CO. KG;89068;1
UNIVERSITÄT ULM;89069;1
ULMIA GMBH & CO. KG;89070;1
GARDENA GMBH;89070;1
HANDWERKSKAMMER ULM;89070;1
JACOB BEK GMBH;89070;1
NEUE PRESSEGESELLSCHAFT MBH & CO. KG;89070;1
DAIMLER-BENZ AEROSPACE AG;89070;1
SCHWENK ZEMENT GMBH & CO.KG;89070;1
LANDRATSAMT ALB-DONAU-KREIS;89070;1
DEUTSCHE POST AG ZUSTELLSTÜTZPUNKT ULM;89070;1
UNIVERSITÄTSKLINIKUM ULM;89070;1
ALLIANZ BERATUNGS- UND VERSICHERUNGS AG;89070;1
NOERPEL SE & CO. KG;89070;1
FINANZ-GMBH KAISER;89070;1
RATIOPHARM GMBH;89070;1
DEUTSCHE TELEKOM AG NIEDERLASSUNG ULM;89070;1
NAGEL VERWALTUNG & LOGISTIK GMBH;89070;1
SANACORP PHARMAHANDEL GMBH;89070;1
WIELAND WERKE AG;89070;1
HORTEN FILIALE ULM DER KAUFHOF WARENHAUS AG;89070;1
ULMER VOLKSBANK;89070;1
BUNDESWEHRKRANKENHAUS ULM;89070;1
DASCOM EUROPE GMBH;89070;1
IVECO MAGIRUS AG;89070;1
SAPPI EHINGEN AG;89582;1
DONAU-ILLER BANK EG;89582;1
LIEBHERR-WERK EHINGEN GMBH;89582;1
VIRIDIUM CUSTOMER SERVICE GMBH;20083;1
SKY DEUTSCHLAND GMBH;22033;1
PREMIERE FERNSEHEN GMBH & CO KG AKTION SC;31829;1
ADAC AUTOVERSICHERUNGS AG C/O ALLIANZ DEUTSCHLAND AG;53289;1
TÜV SÜD BUSINESS SERVICES GMBH OBJ. FILDERSTADT,GOTTLIEB-DAIMLER-STR.7;70790;1
BAYERISCHES OBERSTES LANDGERICHT;80097;1
STAATSANWALTSCHAFT B. D. LANDGERICHT MÜNCHEN I;80097;1
REGISTRATUR DER OBERJUSTIZKASSE MÜNCHEN;80097;1
STAATSANWALTSCHAFT B. D. OBERLANDESGERICHT;80097;1
AMTSGERICHT MÜNCHEN GRUNDBUCHAMT;80097;1
ANWALTSGERICHT FÜR DEN BEZIRK DER RAK IM OLG;80097;1
LANDGERICHT MÜNCHEN II - STRAFKAMMERN;80097;1
STAATSANWALTSCHAFT MÜNCHEN II;80097;1
WOLFGANG RITTER KANTINENBETRIEB;80097;1
GENERALSTAATSANWALTSCHAFT;80097;1
LANDGERICHT MÜNCHEN I - STRAFKAMMERN;80097;1
STAATSANWALTSCHAFT B. D. LANDGERICHT MÜNCHEN II;80097;1
VERBAND BAYERISCHER RECHTSPFLEGER;80097;1
OBERLANDESGERICHT MÜNCHEN - STRAFSENATE;80097;1
AMTSGERICHT MÜNCHEN STRAFABTEILUNG;80097;1
VEREIN DER RECHTSREFERENDARE IN BAYERN;80097;1
FNZ BANK AG;80218;1
MIRION MEDICAL GMBH;80219;1
HYPO REAL ESTATE HOLDING GMBH;80221;1
HUK-COBURG VERSICHERUNGSGRUPPE;80222;1
NOKIA SOLUTIONS AND NETWORKS GMBH & CO. KG;80240;1
COMPUTERSHARE DEUTSCHLAND;80249;1
CHECK 24 VERGLEICHSPORTAL VERSICHERUNGEN AG;80251;1
GLAXOSMITHKLINE CONSUMER HEALTHCARE GMBH & CO. KG A HALEON COMPANY;80258;1
ALLIANZ BANK;80259;1
TELEFONICA O2 GERMANY GMBH & CO. OHG;80260;1
AOK BAYERN - DIE GESUNDHEITSKASSE DIREKTION MÜNCHEN;80266;1
BERUFSGENOSSENSCHAFT DER BAUWIRTSCHAFT BEZIRKSVERWALTUNG MÜNCHEN;80267;1
DZ BANK AG DEUTSCHE GENOSSENSCHAFTSBANK;80268;1
FINANZAMT MÜNCHEN / ABT. II;80269;1
BERUFSGENOSSENSCHAFT HANDEL UND WARENLOGISTIK, REGIONALDIREKTION SÜDOST;80270;1
MÜNCHENER HYPOTHEKENBANK EG;80272;1
FINANZAMT MÜNCHEN / ABT.- KÖRPERSCHAFTEN;80275;1
FINANZAMT MÜNCHEN / ABT. I;80276;1
BAYERNLB BAYERISCHE LANDESBANK;80277;1
KREISSPARKASSE MÜNCHEN STARNBERG EBERSBERG;80279;1
LBS BAYERISCHE LANDESBAUSPARKASSE;80280;1
DEUTSCHE BUNDESBANK HAUPTVERWALTUNG MÜNCHEN;80281;1
MÜNCHENER ZEITUNGS-VERLAG GMBH & CO;80282;1
MÜNCHENER VEREIN;80283;1
DONNER & REUSCHEL AG;80285;1
STADTWERKE MÜNCHEN;80287;1
SÜDDEUTSCHER VERLAG GMBH;80289;1
TECHNISCHE UNIVERSITÄT MÜNCHEN PRÄSIDIALBÜRO W. A. HERRMANN;80290;1
WWK PENSIONSFONDS AG;80292;1
WWK GRUNDSTÜCKSGESELLSCHAFT MBH & CO. KG;80292;1
WWK LEBENSVERSICHERUNG AG;80292;1
WWK ALLGEMEINE VERSICHUNG AG;80292;1
WWK VERMÖGENSVERWALTUNG UND DIENSTLEISTUNGS GMBH;80292;1
WWK - VERSICHERUNG;80292;1
WWK INVESTMENT S.A.;80292;1
E.ON BAYERN AG;80294;1
SCHWEITZER FACHINFORMATIONEN OHG;80295;1
DEUTSCHES PATENT- UND MARKENAMT;80297;1
EUROPÄISCHES PATENTAMT;80298;1
BAYERISCHER RUNDFUNK;80300;1
FINANZAMT MÜNCHEN / ABT. III;80301;1
FINANZAMT MÜNCHEN / ABT. IV;80302;1
FINANZAMT MÜNCHEN / ABT. V;80303;1
AGENTUR FÜR ARBEIT MÜNCHEN;80304;1
DEUTSCHES MUSEUM;80306;1
ERZBISCHÖFLICHES ORDINARIAT MÜNCHEN;80309;1
LANDGERICHT MÜNCHEN I;80316;1
LKV LANDESKURATORIUM FÜR TIERISCHE VEREDELUNG BAYERN E. V.;80319;1
LANDGERICHT MÜNCHEN II;80320;1
DEUTSCHE POST AG NIEDERLASSUNG BRIEF MÜNCHEN;80322;1
HOCHSCHULE MÜNCHEN;80323;1
CHECK24 VERSICHERUNGSSERVICE GMBH;80323;1
SYNECO GMBH & CO. KG;80323;1
THÜGA AG;80323;1
ZENTRUM BAYERN FAMILIE UND SOZIALES REGION OBERBAYERN II;80323;1
RECHTSSCHUTZ UNION;80323;1
INDUSTRIE- UND HANDELSKAMMER FÜR MÜNCHEN UND OBERBAYERN;80323;1
GALERIA KAUFHOF MÜNCHEN-STACHUS;80323;1
DIE AUTOBAHN GMBH DES BUNDES NIEDERLASSUNG SÜDBAYERN;80323;1
HALLESCHE KRANKENVERSICHERUNG AG SERVICE-CENTER MÜNCHEN;80323;1
ALLIANZ LEBENSVERSICHERUNGS AG;80323;1
DPA DEUTSCHE PRESSE-AGENTUR GMBH;80323;1
DEUTSCHE POST AG GESCHÄFTSBEREICH VERTRIEB POST SÜD MÜNCHEN;80324;1
DEUTSCHE POST AG SNL SCHADENMANAGEMENT;80324;1
DEUTSCHE POST DHL GROUP FINANCE & HR OPERATIONS DEUTSCHLAND;80324;1
DEUTSCHE POST DHL CORPORATE REAL ESTATE MANAGEMENT GMBH;80324;1
DEUTSCHE POST AG FORUM GELB VERANSTALTUNGSMANAGEMENT;80324;1
DEUTSCHE POST AG SERVICENIEDERLASSUNG POST UND PAKET DEUTSCHLAND;80324;1
DEUTSCHE POST AG VERTRIEBSLEITUNG HVD SÜD II;80324;1
SERVICENIEDERLASSUNG HUMAN RESOURCES DEUTSCHLAND;80324;1
CSG TS GMBH;80324;1
DEUTSCHE POST AG VERTRIEBSDIREKTION HANDEL SÜD;80324;1
DEUTSCHE POST AG KC PRESSE SERVICE;80324;1
DEUTSCHE POST AG BETRIEBSRAT;80324;1
DEUTSCHE POST FLEET GMBH;80324;1
DEUTSCHE POST AG VL EXPORT;80324;1
DEUTSCHE POST AG VERTRIEBSLEITUNG FDL;80324;1
DEUTSCHE POST AG ZENTRALES MANAGEMENT DIALOGPOST;80324;1
DEUTSCHE POST AG DIREKTMARKETING CENTER MÜNCHEN;80324;1
DEUTSCHE POST AG NIEDERLASSUNG MULTIKANALVERTRIEB;80324;1
DEUTSCHE POST AG SNL POST & PAKET DEUTSCHLAND;80324;1
DEUTSCHE POST AG VERTRIEBSDIREKTION HVD SÜD;80324;1
DEUTSCHE POST AG GB VERTRIEB POST WEST/ZKAM PERSONALABTEILUNG MÜNCHEN;80324;1
DEUTSCHE POST AG VL KMU SÜD;80324;1
DEUTSCHE POST AG VERTRIEBSLEITUNG ÖFFENTLICHER SEKTOR;80324;1
DEUTSCHE POST AG VL DIALOG SÜD;80324;1
ENILIVE DEUTSCHLAND GMBH;80326;1
LEBENSVERSICHERUNG VON 1871;80326;1
TRIAS VERSICHERUNG AG;80326;1
MISTER MINIT;80326;1
GALERIA KARSTADT KAUFHOF GMBH FIL. 019 MÜNCHEN AM MARIENPLATZ;80326;1
ATLAS REISEN;80326;1
MAGNUS GMBH;80326;1
DELTA DIREKT LEBENSVERSICHERUNG AG;80326;1
DINEA RESTAURANT;80326;1
ESSANELLE;80326;1
LIVV.AT;80326;1
HAUCK & AUFHÄUSER PRIVATBANKIERS KGAA;80327;1
MERCK FINK A QUINTET PRIVATE BANK (EUROPE) S.A. BRANCH;80327;1
GENOSSENSCHAFTSVERBAND BAYERN E.V.;80327;1
BAYERISCHES STAATSMINISTERIUM FÜR UNTERRICHT UND KULTUS;80327;1
LUDWIG BECK AM RATHAUSECK TEXTILHAUS FELDMEIER AG;80327;1
BAYERISCHE STAATSBIBLIOTHEK ZA/IDB-IGB-POST;80328;1
KUBON & SAGNER BUCHEXPORT-IMPORT GMBH;80328;1
VDK DER SOZIALVERBAND BAYERN E. V.;80328;1
SOS-KINDERDÖRFER;80329;1
CREDITREFORM MÜNCHEN FRÜHSCHULZ UND WIPPERLING KG;80340;1
LANDESHAUPTSTADT MÜNCHEN KREISVERWALTUNGSREFERAT;80466;1
BAYER. STAATSMINISTERIUM DES INNERN;80524;1
BAYERISCHES STAATSMINISTERIUM FÜR WIRTSCHAFT, VERKEHR UND TECHNOLOGIE;80525;1
REGIERUNG VON OBERBAYERN;80534;1
BAYERISCHER LANDESPERSONALAUSSCHUSS;80535;1
BAYERISCHES STAATSMINISTERIUM DER FINANZEN UND FÜR HEIMAT;80535;1
BAYERISCHES STAATSMINISTERIUM FÜR ERNÄHRUNG, LANDWIRTSCHAFT UND FORSTEN;80535;1
BAYERISCHES STAATSMINISTERIUM FÜR WOHNEN BAU UND VERKEHR;80535;1
LFA FÖRDERBANK;80535;1
LFF, LANDESAMT FÜR FINANZEN DIENSTSTELLE MÜNCHEN;80535;1
BEZIRK OBERBAYERN, BEZIRKSVERWALTUNG;80535;1
STAATSOBERKASSE MÜNCHEN;80535;1
BAYERISCHE STAATSKANZLEI;80535;1
SAT 1 BETEILIGUNGS GMBH;80632;1
WEHRBEREICHSVERWALTUNG SÜD AUSSENSTELLE MÜNCHEN;80632;1
VISION MEDIA GMBH;80632;1
VERLAGSGRUPPE DROEMER WELTBILD GMBH & CO KG;80632;1
WEHRBEREICHSGEBÜHRNISAMT VI;80632;1
BNP PARIBAS REAL ESTATE INVESTMENT MANAGEMENT GERMANY GMBH;80632;1
DB SERVICES SÜD GMBH;80632;1
TÜV SÜD AG;80684;1
KREISVERWALTUNGSREFERAT UMWELTZONE;80684;1
KASSENÄRZTLICHE VEREINIGUNG BAYERNS;80684;1
GLAXOSMITHKLINE GMBH & CO. KG;80700;1
BMW BANK GMBH;80787;1
BMW BANK AG;80787;1
PREMIUM FINANCIAL SERVICE;80787;1
BMW AG VIP FLOTTENSERVICE;80788;1
BMW GROUP;80788;1
BMW AG GEBÄUDEMANAGEMENT;80788;1
BMW AG FUHRPARK;80788;1
BMW ANLAGEN VERWALTUNGS-GMBH;80788;1
BMW WELT;80788;1
BMW MOTORSPORT;80788;1
ROLLS-ROYCE MOTOR CARS;80788;1
BMW DESIGN STUDIO;80788;1
BMW INNOVATION;80788;1
BMW FIZ STROLCHE;80788;1
BMW-WIRTSCHAFT;80788;1
BMW AG NIEDERLASSUNG MÜNCHEN;80788;1
BMW LEASING GMBH;80788;1
BMW FINANZ VERWALTUNGS- GMBH;80788;1
BMW VERTRIEBS GMBH;80788;1
BAYERISCHE MOTORENWERKE AG;80788;1
BMW CAR IT GMBH;80788;1
BMW VERTRIEBSZENTREN VERWALTUNGS- GMBH;80788;1
BMW VINCITA;80788;1
BMW- BAVARIA;80788;1
FLEETLEVEL SERVICE GMBH NIEDERLASSUNG MÜNCHEN;80788;1
BMW AG PKV ZENTRUM;80788;1
HERBERT QUANDT STIFTUNG;80788;1
BETRIEBSKRANKENKASSE BMW;80788;1
BMW AG PRESSETESTFAHRZEUGE;80788;1
SPARTE FINANZDIENSTLEISTUNGEN;80788;1
BMW MUSEUM;80788;1
BMW AG;80788;1
SPORT- UND KULTUR- FÖRDERVEREIN BMW GROUP E.V.;80788;1
BMW INTEC BETEILIGUNGS- GMBH;80788;1
BMW ENTWICKLUNGSZENTRUM;80788;1
BMW AG VERSORGUNGSZENTRUM FUHRPARKFAHRZEUGE;80788;1
BMW MOTORRAD;80788;1
BMW INFO SERVICE;80788;1
BMW GESCHÄFTSLEITUNG;80788;1
BMW FORMEL 1;80788;1
DBV-WINTERTHUR VERSICHERUNGEN;80789;1
ALLIANZ ONE-BUSINESS SOLUTIONS GMBH HAUPTVERWALTUNG;80790;1
DII GMBH;80791;1
ZURICH VERSICHERUNG AG (DEUTSCHLAND) SERVICE-CENTER MÜNCHEN;80791;1
MÜNCHENER RÜCKVERSICHERUNGS-GESELLSCHAFT AG;80791;1
KOMMUNALE UNFALLVERSICHERUNG BAYERN;80791;1
KNORR-BREMSE SYSTEM FÜR SCHIENENFAHRZEUGE GMBH;80791;1
DEUTSCHE POST ZSP MÜNCHEN 40;80791;1
IDG BUSINESS VERLAG GMBH;80791;1
STÄDT. KRANKENHAUS MÜNCHEN-SCHWABING;80791;1
FINANZAMT MÜNCHEN / ABT. - ERHEBUNG;80791;1
STADTSPARKASSE MÜNCHEN;80791;1
STUDENTENWERK MÜNCHEN;80791;1
COMMERZBANK AG FILIALE MÜNCHEN;80791;1
BAY. STAATSMINISTERIUM F. ARBEIT U. SOZIALORDNUNG, FAMILIE U. FRAUEN;80792;1
OSKAR SCHUNCK GMBH & CO. KG;80794;1
BAYR. RUNDFUNK FERNSEHSTUDIO FREIMANN;80931;1
KRAUSSMAFFEI TECHNOLOGIES GMBH;80991;1
PHOENIX PHARMAHANDEL AG & CO KG;80991;1
BAYERISCHER SKIVERBAND;80991;1
SÜDKRAFT LOGISTIK GMBH;80991;1
BAYERISCHER BAHNENGOLF-VERBAND;80991;1
FRANZ XAVER MEILLER FAHRZEUG- UND MASCHINENFABRIK-GMBH & CO KG;80991;1
BAYERISCHER MOTORSPORT-VERBAND;80991;1
PIRELLI DEUTSCHLAND GMBH;80991;1
BAYERISCHER LANDES-SPORTVERBAND E.V.;80991;1
BERUFSGENOSSENSCHAFT DER BAUWIRTSCHAFT BEZIRKSVERWALTUNG MÜNCHEN (TIEFBAU);81237;1
DSZ DRUCKSCHRIFTEN - UND ZEITUNGSVERLAG GMBH;81238;1
AOK BAYERN - DIE GESUNDHEITSKASSE GESCHÄFTSSTELLE PASING;81238;1
ADAC ZUHAUSE VERSICHERUNG AG;81350;1
ADAC SERVICE GMBH ASSISTANCE REGULIERUNG;81355;1
ADAC VERSICHERUNG AG ASSISTANCE REGULIERUNG;81356;1
CONTINENTALE LEBENSVERSICHERUNG A.G.;81357;1
CONTINENTALE KRANKENVERSICHERUNG KUNDENDIENST - CENTRUM;81358;1
ADAC E.V. SCHADENREGULIERUNG;81359;1
ADAC E. V.;81360;1
ADAC VERSICHERUNG;81362;1
ADAC AUTOVERSICHERUNG AG;81363;1
ADAC RECHTSSCHUTZ VERSICHERUNG AG;81364;1
ADAC VERSICHERUNG AG;81365;1
NOVARTIS CONSUMER HEALTH GMBH;81366;1
PORR GMBH & CO. KGAA;81366;1
NOVARTIS NUTRITION GMBH;81366;1
DAIICHI SANKYO EUROPE GMBH;81366;1
IWIS MOBILITY SYSTEMS GMBH & CO. KG;81366;1
MANNESMANN ANLAGENBAU AG;81366;1
KLINIKUM DER UNIVERSITAT MÜNCHEN GROSSHADERN;81366;1
BRUNATA-METRONA GMBH & CO. KG;81366;1
PHILIP MORRIS GMBH;81367;1
ZONZOO GMBH;81533;1
BEIHILFE-SERVICE GESELLSCHAFT MBH;81534;1
BAYERN-VERSICHERUNG;81535;1
AGA INTERNATIONAL S.A. NIEDERLASSUNG FÜR DEUTSCHLAND;81536;1
PHILIPP HOLZMANN BAUAKTIENGESELLSCHAFT SÜD;81536;1
AGFA-GEVAERT AG;81536;1
BAYERISCHE BEAMTENKRANKENKASSE AG;81537;1
BAYERISCHER LANDTAG SPD FRAKTION DER SOZIALDEMOKRATISCHEN PARTEI DEUTSCHLAND;81627;1
BAYERISCHER LANDTAG;81627;1
BAYERISCHER LANDTAG CSU FRAKTION DER CHRISTLICH SOZIALEN UNION;81627;1
BAYERISCHER LANDTAG FRAKTION BÜNDNIS 90/DIE GRÜNEN;81627;1
BAYERISCHER LANDTAG FREIE WÄHLER LANDTAGSFRAKTION;81627;1
BAYERISCHER LANDTAG LANDTAGSAMT;81627;1
MEDIZINISCHER DIENST DER KRANKENVERSICHERUNG BAYERN;81658;1
LANDESHAUPTSTADT MÜNCHEN BAUREFERAT;81660;1
TECHNIKER KRANKENKASSE SERVICEZENTRUM BEITRAG;81662;1
AIRBUS GROUP;81663;1
PIEPERMEDIA A. STEIN'SCHE BUCHHANDLUNG GMBH;81664;1
AVAYA GMBH & CO. KG COMERGO;81664;1
THE WALT DISNEY STUDIOS (GERMANY) GMBH;81664;1
ROHDE & SCHWARZ GMBH & CO. KG;81664;1
PENGUIN RANDOM HOUSE VERLAGSGRUPPE GMBH;81664;1
ERGO REISEVERSICHERUNG AG;81664;1
KLINGE PHARMA GMBH;81664;1
VERLAGSGRUPPE BERTELSMANN GMBH;81664;1
DAK DEUTSCHE ANGESTELLTEN-KRANKENKASSE VERTRAGSBEREICH BAYERN -SITZ MÜNCHEN;81664;1
SANYO BÜRO-ELECTRONIC EUROPA-VERTRIEB GMBH;81664;1
CBJ VERLAG;81664;1
FRANK HARITZ STAATLICHE LOTTERIE-EINNAHME DER SKL;81664;1
KLINIKUM RECHTS DER ISAR DER TECHNISCHEN UNIVERSITÄT MÜNCHEN;81664;1
MAHAG AUTOMOBILHANDEL UND SERVICE GMBH & CO. OHG;81664;1
WALT DISNEY STUDIOS HOME ENTERTAINMENT BUENA VISTA HOME VIDEO GMBH;81664;1
DEUTSCHE RENTENVERSICHERUNG KNAPPSCHAFT-BAHN-SEE GESCH.-ST. MÜNCHEN;81713;1
DIALOG VERSICHERUNG AG;81718;1
INFINEON TECHNOLOGIES AG;81726;1
ALLIANZ PRIVATE KRANKENVERSICHERUNGS-AG NIEDERLASSUNG MÜNCHEN;81727;1
D.A.S. DIREKTION;81728;1
DEUTSCHE RENTENVERSICHERUNG BAYERN SÜD;81729;1
GENERALI VERSICHERUNG AG;81731;1
BAYERISCHE BEAMTEN VERSICHERUNGEN;81732;1
MESSE MÜNCHEN GMBH;81823;1
SWISS RE EUROPE S.A. NIEDERLASSUNG DEUTSCHLAND;81911;1
BAYWA AG;81918;1
BAYERISCHE ÄRZTEVERSORGUNG;81919;1
ZUSATZVERSORGUNGSKASSE DER BAYERISCHEN GEMEINDEN;81920;1
BAYER. VERSORGUNGSKAMMER;81921;1
INA-NZ BZA;81987;1
DEUTSCHE POST AG RÜCKSENDEZENTRUM MÜNCHEN;81988;1
DEUTSCHE POST AG NACHSENDEZENTRUM MÜNCHEN;81989;1
DEUTSCHE POST AG SB-NACHSENDE-/LAGERSERVICE;81995;1
DEUTSCHE POST AG NACHSENDUNGSAUFTRAGSZENTRUM;81999;1
WEALTHCAP KAPITALVERWALTUNGSGESELLSCHAFT MBH;82030;1
ARVAL DEUTSCHLAND GMBH;82038;1
GPP AG;82039;1
XEROX ENGINEERING SYSTEMS GMBH;82039;1
FARNELL ELECTRONIC COMPONENTS GMBH;82039;1
SIGMA;82039;1
LINDE AG WERKSGRUPPE VERFAHRENSTECHNIK UND ANLAGENBAU;82047;1
PEROXID-CHEMIE GMBH;82047;1
LINDE AG WERKSGRUPPE TECHNISCHE GASE;82047;1
AUTOVERMIETUNG SIXT;82047;1
AMWAY GMBH;82175;1
ESG ELEKTRONIKSYSTEM- UND LOGISTIK GMBH;82254;1
SPARKASSE STARNBERG;82317;1
AOK ALLGEMEINE ORTSKRANKENKASSE;82317;1
SPEA - SOFTWARE AG;82317;1
R.S. SCHULZ VERLAG GMBH;82317;1
AMTSGERICHT STRANBERG;82317;1
PARI GMBH;82317;1
JOSEF KELLER GMBH & CO. VERLAGS KG;82317;1
ADOLF MÄHNER GMBH & CO. KG LORENZ KURT GMBH & CO.;82317;1
DEUTSCHE POST AG NIEDERLASSUNG BRIEF STARNBERG;82322;1
VEREINIGTE SPARKASSEN IM LANDKREIS WEILHEIM I. OB;82360;1
XYLEM ANALYTICS GERMANY GMBH;82360;1
BREMICKER VERKEHRSTECHNIK GMBH;82360;1
ZARGES LEICHTBAU GMBH;82360;1
LANDRATSAMT WEILHEIM-SCHONGAU;82360;1
POLIZEIDIREKTION WEILHEIM;82360;1
DEUTSCHE TELEKOM AG T-COM TNL ROSENHEIM;82360;1
SCHNEEFERNERHAUS;82475;1
AGENTUR FÜR ARBEIT ROSENHEIM;83018;1
BOERSE.DE FINANZPORTAL GMBH;83019;1
TM BÖRSENVERLAG AG;83019;1
DEUTSCHE POST AG NIEDERLASSUNG BRIEF ROSENHEIM;83034;1
TAUNUS BKK VERSICHERTENSERVICE;83228;1
AOK BAYERN GST. TRAUNSTEIN;83276;1
FINANZAMT TRAUNSTEIN;83276;1
DEUTSCHE POST AG FILIALBEZIRKSLEITUNG TRAUNSTEIN;83276;1
DEUTSCHE POST AG ZUSTELLSTÜTZPUNKT TRAUNSTEIN;83276;1
DEUTSCHE TELEKOM AG NIEDERLASSUNG TRAUNSTEIN;83276;1
LANDRATSAMT TRAUNSTEIN;83276;1
MVS MAIL & VERTRIEBSSERVICE GES.M.B.H.;83394;1
MEGGLE GMBH & CO. KG;83508;1
AGENTUR FÜR ARBEIT INGOLSTADT;85037;1
FINANZAMT MÜNCHEN / ABR. III BAST INGOLSTADT;85046;1
MEDIA-SATURN DEUTSCHLAND GMBH;85046;1
IMTRON GMBH;85046;1
DEUTSCHE POST AG NL FILIALEN INGOLSTADT;85046;1
STADT INGOLSTADT;85047;1
LANDRATSAMT EICHSTÄTT;85071;1
KATHOLISCHE UNIVERSITÄT;85071;1
FINANZAMT EICHSTÄTT;85071;1
BKK PROVITA;85217;1
BARDTKE & SCHERER;85219;1
AOK BAYERN - DIE GESUNDHEITSKASSE GESCHÄFTSSTELLE DACHAU;85219;1
LANDRATSAMT DACHAU;85219;1
SPARKASSE DACHAU;85219;1
FINANZAMT DACHAU;85219;1
HIPP GMBH & CO VERTRIEB KG;85273;1
AGENTUR FÜR ARBEIT FREISING;85322;1
FH WEIHENSTEPHAN;85350;1
DEUTSCHE POST AG ZUSTELLSTÜTZPUNKT FREISING 1;85350;1
STAATLICHE MOLKEREI WEIHENSTEPHAN AG;85350;1
STADTVERWALTUNG FREISING;85350;1
TECHNISCHE UNIVERSITÄT MÜNCHEN VERWALTUNGSSTELLE WEIHENSTEPHAN;85350;1
FINANZAMT FREISING;85350;1
LANDRATSAMT FREISING;85350;1
DEUTSCHE POST AG NIEDERLASSUNG BRIEF FREISING;85359;1
NAU GMBH;85366;1
JUNGHEINRICH MOOSBURG AG & CO. KG;85366;1
SPARKASSE FREISING MOOSBURG;85366;1
OFFICE DISCOUNT;85374;1
RAIFFEISENBANK ECHING EG;85385;1
REWE KGAA;85385;1
MZV;85385;1
KONTRON ELEKTRONIK GMBH;85385;1
BÖLLHOFF GMBH VERBINDUNGS- UND MONTAGETECHNIK NIEDERLASSUNG MÜNCHEN;85385;1
IKEA DEUTSCHLAND VERKAUFS GMBH & CO KG NIEDERLASSUNG ECHING;85385;1
GEMEINDE ECHING;85385;1
UNIVERSITÄT DER BUNDESWEHR MÜNCHEN;85577;1
ALLIANZ GLOBAL ASSISTANCE INTERNATIONAL S.A. DEUTSCHLAND;85608;1
W.L. GORE & ASSOCIATES GMBH;85639;1
DHL FREIGHT GMBH;85711;1
STADT UNTERSCHLEISSHEIM;85711;1
DANFOSS BAUER GMBH;85711;1
FRISCHDIENST 2000;85711;1
FA. THIMM VERPACKUNG SÜD GMBH + CO.KG;85711;1
INTERVET INTERNATIONAL GMBH;85711;1
SPEDICAM GMBH;85711;1
RAIFFEISENBANK UNTERSCHLEISSHEIM-LOHHOF;85711;1
HXGN SAFETY & INFRASTRUCTURE GMBH;85736;1
IMV VERTRIEB INTERNATIONALER MEDIEN GMBH;85736;1
VWR INTERNATIONAL GMBH;85736;1
SWISS LIFE AG NIEDERLASSUNG FÜR DEUTSCHLAND;85746;1
STADTVERWALTUNG GARCHING B. MÜNCHEN;85747;1
MAX-PLANCK-INSTITUT FÜR QUANTENOPTIK;85747;1
DISTRIBUTION SERVICE EMIL DOHMEN GMBH;85747;1
ZEPPELIN BAUMASCHINEN GMBH, ZENTRALE;85747;1
TECHNISCHE UNIVERSITÄT MÜNCHEN;85747;1
SUSS MICROTEC SOLUTIONS GMBH & CO. KG;85747;1
H.I.S. SPORTSWEAR AG EUROPE;85747;1
BAYERISCHE RAY ENERGIETECHNIK GMBH;85747;1
MAX-PLANCK-INSTITUT FÜR PLASMAPHYSIK;85747;1
GESELLSCHAFT FÜR ANLAGEN- UND REAKTORSICHERHEIT MBH;85747;1
2H GMBH & CO.KG;85747;1
HELMHOLTZ ZENTRUM MÜNCHEN;85761;1
BUNDESAMT FÜR STRAHLENSCHUTZ INSTITUT FÜR STRAHLENHYGIENE;85762;1
LANDESUNTERSUCHUNGSAMT FÜR DAS GESUNDHEITSWESEN SÜDBAYERN;85762;1
ALLIANZ VERSICHERUNGS-AG DIENSTLEISTUNGSGEBIET SÜDOST;85769;1
ALLSECUR DEUTSCHLAND AG;85770;1
KABELFERNSEHEN MÜNCHEN SERVICENTER GMBH;85773;1
SCHWENKERT, KASTENHUBER UND PARTNER GMBH;85773;1
HOLLISTER INC. NL DEUTSCHLAND;85773;1
ZDF LANDESSTUDIO BAYERN;85773;1
PROSIEBEN MEDIA AG;85773;1
MÜNCHNER GESELLSCHAFT FÜR KABELKOMMUNIKATION MBH;85773;1
VERLAG MODERNE INDUSTRIE;86894;1
RHENUS MEDIEN LOGISTIK GMBH & CO.KG;86895;1
SPARKASSE LANDSBERG - DIESSEN;86896;1
AOK BAYERN - DIE GESUNDHEITSKASSE DIREKTION LANDSBERG;86896;1
LANDRATSAMT LANDSBERG;86896;1
FINANZAMT LANDSBERG AM LECH;86896;1
STADTVERWALTUNG LANDSBERG;86896;1
JUSTIZVOLLZUGSANSTALT LANDSBERG;86896;1
HILTI;86915;1
AOK LANDESVERBAND BAYERN DIE GESUNDHEITSKASSE ZENTRALE;92400;1
PARAT-WERK SCHÖNENBACH GMBH & CO. KG;42895;1
LANDW. KRANKENKASSE NIEDERBAYERN/OBERPFALZ;84023;1
EBM-PAPST LANDSHUT GMBH;84023;1
REGIERUNG VON NIEDERBAYERN;84023;1
E.ON ENERGIE DEUTSCHLAND GMBH;84023;1
GEWERBEAUFSICHTSAMT;84023;1
LANDW. ALTERSKASSE NIEDERBAYERN/OBERPFALZ;84023;1
DEUTSCHE RENTENVERSICHERUNG BAYERN SÜD LANDSHUT;84024;1
STADTVERWALTUNG LANDSHUT;84026;1
STAATSOBERKASSE LANDSHUT;84026;1
LANDESAMT FÜR FINANZEN;84026;1
FINANZAMT LANDSHUT;84026;1
ZENTRUM BAYERN FAMILIE UND SOZIALES REGION NIEDERBAYERN;84026;1
DEUTSCHE TELEKOM AG NIEDERLASSUNG LANDSHUT;84026;1
MHPLUS;84162;1
BEGRA PAPIER-HANDELSGESELLSCHAFT H. LANGEWORT GMBH & CO;85385;1
EVD PFIFF GMBH;93308;1
ZF FRIEDRICHSHAFEN AG STANDORT PASSAU;94030;1
AMTSGERICHT PASSAU;94030;1
LANDRATSAMT PASSAU;94030;1
PASSAUER NEUE PRESSE GMBH;94030;1
INDUSTRIE- UND HANDELSKAMMER FÜR NIEDERBAYERN;94030;1
UNIVERSITÄT PASSAU;94030;1
BISCHÖFLICHES ORDINARIAT PASSAU;94030;1
STA;94030;1
GENERALVIKARIAT;94030;1
KLINIKUM PASSAU;94030;1
STADT PASSAU;94030;1
DEUTSCHE POST AG NL FILIALEN FILBZL PASSAU 11;94030;1
FINANZAMT PASSAU;94030;1
HANDWERKSKAMMER NIEDERBAYERN-OBERPFALZ;94030;1
AZH GMBH;94232;1
ZENTRALE BUSSGELDSTELLE IM BAYER. POLIZEIVERWALTUNGSAMT;94233;1
MACROTRON AG;94310;1
DEUTSCHE POST AG;94312;1
AGENTUR FÜR ARBEIT DEGGENDORF;94466;1
PFLEIDERER LEUTKIRCH GMBH;88297;1
SIEH AN!;92219;1
DEUTSCHE POST AG BRIEFZENTRUM AMBERG;92226;1
EURODISCOUNT GMBH ALIVA;92227;1
DEUTSCHE STEINZEUG CREMER & BREUER AG;92519;1
VERKAUFSSTELLE FÜR SAMMLERMÜNZEN DER BUNDESREPUBLIK DEUTSCHLAND;92626;1
DEUTSCHE POST AG SONDERSTEMPELSTELLE WEIDEN;92627;1
JOSEF WITT GMBH;92630;1
AOK BAYERN DIE GESUNDHEITSKASSE DIREKTION WEIDEN;92633;1
DEUTSCHE TELEKOM AG NIEDERLASSUNG WEIDEN;92633;1
GEMEINSCHAFTSPRAXIS FÜR PATHOLOGIE DR. MED J. GIEDL, PD DR. MED D. WACHTER;92633;1
FAMILIENKASSE BAYERN-SÜD;93013;1
REGIERUNG DER OBERPFALZ;93039;1
PATHOLOGISCH-ANATOMISCHES INSTITUT;93041;1
SCHNEIDER ELECTRIC SACHSENWERK GMBH;93041;1
DIE BKK POST LANDESVERWALTUNG BAYERN;93041;1
E.ON BAYERN;93041;1
VERSICHERUNGSKAMMER BAYERN VERSICHERUNGSANSTALT DES ÖFFENTL. RECHTS;93041;1
LANDESAMT FÜR FINANZEN DIENSTSTELLE REGENSBURG ALLG. VERW.;93041;1
VR BANK NIEDERBAYERN-OBERPFALZ EG;93041;1
POSTBEAMTENKRANKENKASSE BEZIRKSSTELLE;93041;1
KLINIKUM DER UNIVERSITÄT REGENSBURG;93042;1
LIGA SPAR- UND KREDITGENOSSENSCHAFT EG;93042;1
FINANZAMT REGENSBURG;93042;1
JUSTIZVOLLZUGSANSTALT REGENSBURG;93042;1
LANDESUNTERSUCHUNGSAMT FÜR DAS GESUNDHEITSWESEN NORDBAYERN;93042;1
BEZIRKSKLINIKUM REGENSBURG;93042;1
POLIZEIPRÄSIDIUM OBERPFALZ ZENTRALE GESCHÄFTSSTELLE;93043;1
DIÖZESE REGENSBURG KDÖR BISCHÖFL. ORDINARIAT ÖFF. UNTERN./BEHÖRD;93043;1
FÜRST THURN UND TAXIS;93043;1
DEUTSCHE POST AG REGIONALER GB SÜD;93043;1
BISCHÖFLICHE ADMINISTRATION;93043;1
STADT REGENSBURG;93043;1
CREATION L;93045;1
ZENTRUM BAYERN FAMILIE UND SOZIALES REGION OBERPFALZ;93065;1
DEUTSCHE POST AG NIEDERLASSUNG PRODUKTION REGENSBURG (PAKET);93066;1
AMTSGERICHT REGENSBURG;93066;1
MITTELBAYERISCHE VERWALTUNGS-GMBH;93066;1
DEUTSCHE POST AG NIEDERLASSUNG BRIEF REGENSBURG;93066;1
STAATSANWALTSCHAFT REGENSBURG;93066;1
LANDGERICHT REGENSBURG;93066;1
KRONES AG;93072;1
AOK BAYERN - DIE GESUNDHEITSKASSE DIREKTION CHAM;93411;1
STADTVERWALTUNG FORCHHEIM;91299;1
AOK BAYERN - DIE GESUNDHEITSKASSE GESCHÄFTSSTELLE FORCHHEIM;91299;1
DEUTSCHE TELEKOM AG BEZIRKSBÜRO ZUGANGSNETZ 65;91299;1
INFIANA GERMANY GMBH & CO.KG;91299;1
SPARKASSE FORCHHEIM;91299;1
LANDRATSAMT FORCHHEIM;91299;1
KRANKENHAUS FORCHHEIM DER VEREINIGTEN PFRÜNDNERSTIFTUNGEN;91299;1
PIASTEN GMBH;91299;1
KIMBERLY-CLARK BEREICH PERSONAL CARE;91299;1
VOLKSBANK FORCHHEIM EG;91299;1
FONDSDEPOT BANK GMBH;95025;1
AGENTUR FÜR ARBEIT HOF;95027;1
ROSENTHAL GMBH;95098;1
RAPA AUTOMOTIVE GMBH & CO. KG;95098;1
VISHAY ELECTRONIC GMBH;95098;1
GOLDNER GMBH;95212;1
W. MARKGRAF GMBH & CO KG;95440;1
KLINIKUM BAYREUTH;95440;1
BAYERNWERK NETZ GMBH;95440;1
SPARKASSE BAYREUTH;95440;1
ZENTRUM BAYERN FAMILIE UND SOZIALES REGION OBERFRANKEN;95440;1
STADT BAYREUTH;95440;1
POLIZEIPRÄSIDIUM OBERFRANKEN;95440;1
HANDWERKSKAMMER FÜR OBERFRANKEN;95440;1
DEUTSCHE TELEKOM AG T-COM TI NIEDERLASSUNG SÜD;95440;1
BSW BONUS & CLUB;95440;1
BEZIRKSKRANKENHAUS BAYREUTH;95440;1
ZAPF GMBH;95440;1
KRANKENHAUS HOHE WARTE;95440;1
INDUSTRIE- UND HANDELSKAMMER FÜR OBERFRANKEN;95440;1
AOK BAYERN- DIE GESUNDHEITSKASSE;95440;1
BAYREUTHER FESTSPIELE GMBH;95440;1
UNIVERSITÄT BAYREUTH;95440;1
DEUTSCHE POST AG NIEDERLASSUNG BRIEF BAYREUTH;95455;1
BACKDIE HANDELSGESELLSCHAFT MBH;95614;1
DEUTSCHE POST AG FILIALBEZIRKSLEITUNG MARKTREDWITZ;95614;1
ABM GREIFFENBERGER ANTRIEBSTECHNIK GMBH;95614;1
EDEKA HANDELSGESELLSCHAFT MARKTREDWITZ MBH;95614;1
GLASS GMBH;95614;1
SIGMUND SCHERDEL GMBH;95614;1
STADT MARKTREDWITZ;95614;1
FINANZAMT WUNSIEDEL;95631;1
LANDRATSAMT WUNSIEDEL I. FICHTELGEBIRGE;95631;1
LAPP INSULATORS GMBH;95631;1
PORZELLANFABRIK RETSCH GMBH & CO. KG;95631;1
AMTSGERICHT WUNSIEDEL;95631;1
WALTER GÜNTHER;96044;1
LANDESJUSTIZKASSE;96045;1
DR. R. PFLEGER;96045;1
AOK BAYERN - DIE GESUNDHEITSKASSE DIREKTION BAYERN;96045;1
AGENTUR FÜR ARBEIT BAMBERG;96045;1
WIELAND ELECTRIC GMBH;96045;1
IDEAL AUTOMOTIVE GMBH;96045;1
DEUTSCHE POST AG NIEDERLASSUNG BRIEF BAMBERG;96060;1
ARCOR AG & CO;96061;1
SPS DEUTSCHLAND POSTFACH 100 163;96077;1
BAUR VERSAND;96222;1
BAUR KAUFHAUS GMBH;96223;1
AGENTUR FÜR ARBEIT COBURG;96436;1
HUK24;96438;1
AMTSGERICHT COBURG ZENTRALES MAHNGERICHT FÜR BAYERN;96441;1
HABA SALES GMBH & CO. KG;96475;1
DEG DEUTSCHE ELEKTRO-GRUPPE ELEKTROGROSSGRUPPE GMBH;55541;1
SPARDA-BANK NÜRNBERG EG;90051;1
DEUTSCHE POST AG SERVICE TEAM CAS;90311;1
FAMILIENKASSE BAYERN-NORD;90316;1
GFK SE NÜRNBERG;90319;1
DETEFLEETSERVICES GMBH;90321;1
T-SYSTEMS BUSINESS SERVICE;90321;1
SAF FORDERUNGSMANAGEMENT GMBH;90321;1
T-SYSTEMS;90321;1
CENTER FÜR STRATEGIC PROJECTS;90321;1
COMUNICATION SERVICES;90321;1
RECHNUNGSWESEN & CONTROLLING GHS;90321;1
KONZERNSICHERHEIT;90321;1
SIREO REAL ESTATE ASSET MANAGEMENT GMBH;90321;1
POWER AND AIR CONDITION SOLUTION MANAGEMENT GMBH & CO. KG;90321;1
GENERALMIETGESELLSCHAFT MBH;90321;1
TECHNISCHE INFRASTRUKTUR NIEDERLSSSUNG ÜBERREGIONAL;90321;1
KUNDEN NL SPEZIAL;90321;1
T-VENTURE HOLDING GMBH;90321;1
VIVENTO CUSTOMER SERVICES GMBH;90321;1
T-NOVA;90321;1
FACHHOCHSCHULE LEIPZIG;90321;1
T-PUNKT VERTRIEBSGESELLSCHAFT MBH;90321;1
DETECSM;90321;1
SOLVEN TEC GMBH;90321;1
DEUTSCHE TELEKOM DIREKTVERTRIEB UND BERATUNG;90321;1
TELEKOM TRAINING;90321;1
DEUTSCHE TELEKOM IMMOBILIEN UND SERVICE GMBH;90321;1
PERSONAL MANAGEMENT TELEKOM;90321;1
CORPORATE SERVICE PORTFOLIO MANAGEMENT;90321;1
DEUTSCHE TELEKOM AG NIEDERLASSUNG 2 NÜRNBERG;90321;1
DEUTSCHE TELEKOM AG LABORATORIES;90321;1
VIVENTO TECHNICAL SERVICES GMBH;90321;1
NETWORK PROJECTS & SERVICES;90321;1
VIVENTO;90321;1
VERSORGUNGSSERVICE;90321;1
DEUTSCHE TELEKOM ASSEKURANZVERMITTLUNGSGESELLSCHAFT MBH;90321;1
ELECTROLUX HAUSGERÄTE GMBH;90327;1
VEDES VEREINIGUNG DER SPIELWAREN- FACHGESCHÄFTE EG;90327;1
K. MICHEL NORDBAY. PRESSEVERTRIEBS GMBH;90327;1
DIEHL VERSICHERUNGSDIENST GMBH;90327;1
TELEFONBUCH VERLAG HANS MÜLLER GMBH & CO.;90327;1
LEONI AG;90327;1
VERLAG NÜRNBERGER PRESSE DRUCKHAUS NÜRNBERG GMBH & CO KG;90327;1
DIEHL STIFTUNG & CO. KG;90327;1
GOSSEN METRAWATT GMBH;90327;1
BAYER. LANDESBANK;90327;1
OLYMPIA-VERLAG GMBH KICKER SPORTMAGAZIN;90327;1
MEDIA2PRINT GMBH;90327;1
OLIVETTI LEXIKON DEUTSCHLAND GMBH;90327;1
FRONERI SCHÖLLER GMBH;90327;1
BUNDESAGENTUR FÜR ARBEIT BA-SERVICE-HAUS;90327;1
SIEMENS AG ZWEIGNIEDERLASSUNG NÜRNBERG NACHRICHTENVERKEHR;90327;1
DEUTSCHE BUNDESBANK FILIALE NÜRNBERG;90327;1
NOVARTIS PHARMA GMBH;90327;1
SPARKASSE NÜRNBERG;90327;1
BUNDESAGENTUR FÜR ARBEIT;90327;1
ALLIANZ VERSICHERUNGS AG DIREKTION NORDBAYERN;90327;1
AMTSGERICHT NÜRNBERG;90327;1
HSS VERWALTUNGSGESELLSCHAFT MBH;90327;1
INNOMOTICS GMBH IN RE EA1;90327;1
SIEMENS AG AUTOMATISIERUNGSTECHNIK;90327;1
PSD BANK NÜRNBERG EG;90328;1
DEUTSCHE BAHN AG GESCHÄFTSBEREICH WERK NÜRNBERG SÜD;90328;1
BUNDESAGENTUR FÜR ARBEIT REGIONALDIREKTION NORDBAYERN;90328;1
WASSERWIRTSCHAFTSAMT NÜRNBERG;90328;1
DEUTSCHE TELEKOM AG LOGISTIKZENTRUM NÜRNBERG;90328;1
DEUTSCHE TELEKOM AG NIEDERLASSUNG 1 NÜRNBERG;90328;1
FOTO-QUELLE SCHICKEDANZ & CO.;90329;1
DEUTSCHE POST AG GB VERTRIEB PE I SÜD;90329;1
COMPASS CAPITALKONTOR GMBH;90329;1
PROJEKTGESELLSCHAFT PVA HERTGEN GMBH & CO. KG;90329;1
UDI UMWELTDIREKTINVEST- BERATUNGSGESELLSCHAFT MBH;90329;1
REVUE-VERTRIEBS GMBH;90329;1
DEUTSCHE POST AG VD FILIALEN;90329;1
SOZIALGERICHT NÜRNBERG;90331;1
POLIZEIPRÄSIDIUM MITTELFRANKEN;90331;1
INDUSTRIE- UND HANDELSKAMMER NÜRNBERG FÜR MITTELFRANKEN;90331;1
GEORG MENDHEIM GMBH;90332;1
HBG TERRADUR;90332;1
RIEDHAMMER SPORT- U. KULTURFÖRDERUNG E.V;90332;1
URLICHS;90332;1
APLEONA SÜDOST GMBH;90332;1
NÜRNBERGER BAU-GRUPPE LIEGENSCHAFTEN GMBH & CO KG;90332;1
RIEDHAMMER GMBH;90332;1
KOORDINATION WOHNUNGSLOSENHILFE NORDBAYERN;90332;1
BAYERISCHES LANDESAMT FÜR STEUERN ST 1410;90332;1
ROBERT BOSCH GMBH WERK 1 NÜRNBERG;90335;1
BOSCH REXROTH AG, NUP2/LOG3;90335;1
ZENTRUM BAYERN FAMILIE UND SOZIALES REGION MITTELFRANKEN;90336;1
NÜRNBERGER ALLGEMEINE VERSICHERUNGS-AG;90337;1
N-ERGIE AKTIENGESELLSCHAFT;90338;1
FINANZAMT NÜRNBERG-SÜD;90339;1
FINANZAMT NÜRNBERG-NORD;90340;1
KLINIKUM NÜRNBERG;90340;1
DETE CARD SERVICE GMBH;90341;1
ERGO DIREKT AG;90344;1
TELEFONICA GERMANY GMBH & CO. OHG O2;90345;1
NÜRNBERGER KRANKENVERSICHERUNG AG;90346;1
BSQ BAUSPAR AG AG;90347;1
DEUTSCHE POST AG BELEGARCHIV NÜRNBERG;90352;1
DEUTSCHE POST NL BRIEF ZENTRALE NACHBUCHUNGSSTELLE;90353;1
RE-INVENT RETAIL GMBH;90356;1
DEUTSCHE TELEKOM T-COM;90357;1
DEUTSCHE POST AG NIEDERLASSUNG BRIEF NÜRNBERG;90499;1
GUDRUN SJÖDEN GMBH;90511;1
GEOBRA BRANDSTÄTTER STIFTUNG & CO. KG;90511;1
A. W. FABER-CASTELL GMBH U. CO.;90546;1
MÖBEL KRÜGEL GMBH;90546;1
BAYERISCHES LANDESAMT FÜR STATISTIK UND DATENVERARBEITUNG;90725;1
AGENTUR FÜR ARBEIT NEBENSTELLE FÜRTH;90742;1
SIEMENS AG SIEMENS IT SOLUTION AND SERVICES;90744;1
KLINIKUM FÜRTH;90744;1
DR. WALTER SCHUHMANN;90744;1
FINANZAMT FÜRTH;90744;1
LAUER-FISCHER GMBH;90744;1
STADT FÜRTH;90744;1
UVEX WINTER- OPTIK GMBH;90744;1
QUELLE KUNDENSERVICE;90752;1
QUELLE SHOP;90754;1
SIVANTOS GMBH;91050;1
SIEMENS AG A&D SD;91050;1
SIEMENS-ELECTROGERÄTE GMBH;91050;1
SIEMENS BETRIEBSKRANKENKASSE;91050;1
SIEMENS AG DIGITAL FACTORY- MOTION CONTROL;91050;1
SIEMENS HEALTHCARE GMBH;91050;1
PERIMED VERLAG DR. MED. DIETMAR STRAUBE;91051;1
PESTALOZZI-VERLAG GRAPHISCHE GESELLSCHAFT M.B.H.;91051;1
BOJE-VERLAG GMBH;91051;1
AOK BAYERN GST ERLANGEN;91051;1
SLI LICHTSYSTEME GMBH;91051;1
LANDRATSAMT ERLANGEN-HÖCHSTADT;91051;1
MAUSS BAU GMBH & CO. KG;91051;1
THERMO FISHER SCIENTIFIC MESSTECHNIK GMBH;91051;1
STADT- U. KREISSPARKASSE ERLANGEN;91051;1
ULLRICH GMBH + CO. INDUSTRIE HANDLING;91051;1
RUDOLF KEMPE GMBH & CO. HANDELS- UND HERSTELLUNGSBETRIEBE KG;91051;1
STADTVERWALTUNG ERLANGEN;91051;1
FINANZAMT ERLANGEN;91051;1
STAATSANWALTSCHAFT NBG-FÜRTH ZWEIGSTELLE ERLANGEN;91051;1
VERLAG JUNGE UND SOHN GMBH;91051;1
ERLANGER TAGBLATT;91051;1
VR-BANK ERLANGEN - HOCHSTADT - HERZOGENAUCHRACH EG;91051;1
DEUTSCHE TELEKOM AG NIEDERLASSUNG 1 NÜRNBERG BEZIRKSBÜRO ZUGANGSNETZ 64;91051;1
REHAU INDUSTRIES SE & CO. KG VERWALTUNG ELTERSDORF;91051;1
POLIZEIINSPEKTION ERLANGEN-STADT;91051;1
ERLANGER STADTWERKE AG;91051;1
DEUTSCHE TELEKOM AG NIEDERLASSUNG ANSBACH PRIVATKUNDENVERTRIEB ERLANGEN;91051;1
PHARMACIA GMBH;91051;1
J. PFRIMMER & CO. GMBH & CO. KG HOLDING;91051;1
SIEMENS AG HEALTHCARE SECTOR;91060;1
TRETORN VERTRIEB GMBH;91072;1
PUMA SE;91072;1
STADT HERZOGENAURACH;91072;1
ADIDAS AG;91072;1
RICHARD BERGNER GMBH + CO;91124;1
AOK BAYERN - DIE GESUNDHEITSKASSE;91124;1
AMTSGERICHT SCHWABACH;91124;1
DREI-S-WERK;91124;1
STADT SCHWABACH;91124;1
MASCHINENFABRIK NIEHOFF GMBH & CO. KG;91124;1
SCHORSCH & CO. PRINT + MAIL SERVICE GMBH & CO. KG;91125;1
LANDRATSAMT ROTH;91152;1
BAYKA BAYERISCHE KABELWERKE AG;91152;1
STADTVERWALTUNG ROTH;91152;1
SPARKASSE MITTELFRANKEN-SÜD;91152;1
AOK BAYERN - DIE GESUNDHEITSKASSE GESCHÄFTSSTELLE LAUF;91205;1
EMUGE-WERK RICHARD GLIMPEL FABRIK FÜR PRÄZISIONSWERKZEUGE KG;91205;1
ABL SURSUM BAYERISCHE ELEKTROZUBEHÖR GMBH & CO. KG;91205;1
NORTON INDUSTRIEKERAMIK GMBH;91205;1
LANDRATSAMT NÜRNBERGER LAND;91205;1
STADT LAUF A. D. PEGNITZ;91205;1
FAUN GMBH;91205;1
AMT FÜR LÄNDLICHE ENTWICKLUNG MITTELFRANKEN;91511;1
BEZIRK MITTELFRANKEN SOZIALVERWALTUNG;91511;1
ZWECKVERBAND STADT-UND KREISKRANKENHAUS ANSBACH;91511;1
POLIZEIDIREKTION;91511;1
EVANG.-LUTH. LANDESKIRCHENSTELLE;91511;1
LANDESAMT FÜR FINANZEN DIENSTSTELLE ANSBACH;91511;1
FORSTDIREKTION MITTELFRANKEN;91511;1
DEUTSCHE POST AG ZUSTELLSTÜTZPUNKT ANSBACH;91511;1
REGIERUNG VON MITTELFRANKEN;91511;1
DIAKONISSEN-MUTTERHAUS HENSOLTSHÖHE;91709;1
LANDRATSAMT WEISSENBURG-GUNZENHAUSEN;91780;1
PLASTIC OMNIUM AUTOMOTIVE EXTERIORS GMBH;91780;1
AMTSGERICHT WEISSENBURG I. BAY.;91780;1
VEREINIGTE SPARKASSEN;91780;1
HERMANN GUTMANN WERKE GMBH;91780;1
AGENTUR FÜR ARBEIT WEISSENBURG I. BAY.;91780;1
HMK GMBH;63735;1
SPARKASSE ASCHAFFENBURG-ALZENAU;63736;1
STADT ASCHAFFENBURG;63736;1
NUKEM GMBH;63754;1
WELLPAPPE ALZENAU;63754;1
FELSWERKE GMBH;63754;1
DETEC GMBH;63754;1
MAINSITE GMBH & CO. KG;63784;1
ADLER MODEMÄRKTE GMBH;63806;1
MÖBEL-CENTER JOSEF BIERSTORFER GMBH & CO. KG;74064;1
HELVETISCHES MÜNZKONTOR GMBH AKTION;78458;1
ZENTRUM BAYERN FAMILIE UND SOZIALES (ZBFS);97025;1
STADTWERKE WÜRZBURG AG;97064;1
WÜRZBURGER RECYCLING GMBH (WRG);97064;1
WÜRZBURGER STRASSENBAHN GMBH (WSB) BETRIEB;97064;1
VERSICHERUNGSKAMMER BAYERN SCHADENDIREKTION;97064;1
INDUSTRIE- UND HANDELSKAMMER WÜRZBURG - SCHWEINFURT;97064;1
LANDWIRTSCHAFTLICHE KRANKENKASSE UNTERFRANKEN;97064;1
KOENIG & BAUER AG;97064;1
HANDWERKSKAMMER FÜR UNTERFRANKEN;97064;1
KNEIPP GMBH;97064;1
REGIERUNG VON UNTERFRANKEN;97064;1
WÜRZBURGER HAFEN GMBH (WHG) BETRIEB;97064;1
FRANKONIA JAGD HOFMANN GMBH & CO. KG;97064;1
LANDESAMT FÜR FINANZEN DIENSTSTELLE (LFF DST.) WÜRZBURG;97064;1
VERWALTUNGS-BERUFSGENOSSENSCHAFT (VBG);97064;1
VOGEL COMMUNICATIONS GROUP GMBH & CO. KG;97064;1
FINANZAMT WÜRZBURG;97064;1
WÜRZBURGER VERSORGUNGS- UND VERKEHRS- GMBH;97064;1
LANDWIRTSCHAFTLICHE ALTERSKASSE UNTERFRANKEN;97064;1
KOMPOSTWERK WÜRZBURG GMBH (KWG) BETRIEB;97064;1
WÜRZBURGER STADTVERKEHRS-GMBH, BETRIEB;97064;1
E.ON FACILITY MANAGEMENT GMBH;97064;1
MAIN-POST GMBH NIEDERLASSUNG WÜRZBURG;97064;1
HUK -COBURG;97066;1
HOCHTIEF AG;97067;1
DAWONIA MANAGEMENT GMBH;97067;1
CASTELL-BANK;97067;1
AUGUSTINUS-VERLAG;97067;1
JOBCENTER LANDKREIS WÜRZBURG;97067;1
KLINIKUM WÜRZBURG MITTE GGMBH;97067;1
DIÖZESE WÜRZBURG KDÖR POSTSTELLE;97067;1
LUDWIG SCHIMMER GMBH & CO.;97067;1
STADT WÜRZBURG;97067;1
CARITAS VERBAND FÜR DIE DIÖZESE WÜRZBURG E. V.;97067;1
DEUTSCHE TELEKOM AG NIEDERLASSUNG WÜRZBURG;97067;1
F. SCHÖNINGH BUCHHANDLUNG, UNIVERSITÄTS- BUCHHANDLUNG UND VERLAG GMBH & CO KG;97067;1
STAATLICHES GESUNDHEITSAMT;97067;1
SPARKASSE MAINFRANKEN;97067;1
LANDRATSAMT WÜRZBURG;97067;1
KATHOLISCHES DIÖZESAN-KIRCHENSTEUERAMT;97067;1
THEOLOGIE IM FERNKURS DOMSCHULE E. V.;97067;1
KASSENÄRZTLICHE VEREINIGUNG BAYERNS BEZIRKSSTELLE UNTERFRANKEN;97067;1
ERGO VERSICHERUNG AG VICTORIA LEBENSVERSICHERUNG AG;97067;1
FRANKONIA HANDELS GMBH & CO. KG;97099;1
DATA M-SERVICES;97103;1
DEUTSCHE POST AG NIEDERLASSUNG BRIEF WÜRZBURG;97103;1
EDEKA HANDELSGESELLSCHAFT NORDBAYERN- SACHSEN-THÜRINGEN MBH;97227;1
SCHAEFFLER TECHNOLOGIES AG & CO. KG;97419;1
SKF GMBH;97419;1
LEOPOLDINA KRANKENHAUS;97419;1
AOK BAYERN - DIE GESUNDHEITSKASSE DIREKTION SCHWEINFURT;97419;1
STADTWERKE SCHWEINFURT GMBH;97420;1
AMTSGERICHT SCHWEINFURT;97420;1
RIEDEL BAU, FIRMENGRUPPE;97420;1
JULIUS FRIEDR. KRÖNLEIN BAU- UND WOHNBEDARF GMBH + CO;97420;1
SPARKASSE BAD NEUSTADT A. D. SAALE;97615;1
RHÖN-KLINIKUM AG RKA0010;97615;1
FORBACH GMBH;97615;1
AGENTUR FÜR ARBEIT BAD NEUSTADT;97615;1
KUNERT WELLPAPPE;97615;1
HEILBAD BAD NEUSTADT GMBH U. CO SOL- UND MOORBAD;97615;1
JOPP AUTOMOTIVE GMBH;97615;1
LANDRATSAMT RHÖN-GRABFELD;97615;1
PREH-WERKE GMBH U. CO KG;97615;1
EINRICHTUNGSHAUS ANGERMÜLLER GMBH & CO. KG;97615;1
SAALE-REHA-KLINIK DER BFA;97685;1
BAYERISCHES STAATSBAD BAD KISSINGEN GMBH;97685;1
DIALOG-LEBENSVERSICHERUNG AG;81716;1
DIALOG LEBENSVERSICHERUNGS AG;86130;1
WELTBILD GMBH & CO. KG;86131;1
BERUFSGENOSSENSCHAFT ENERGIE TEXTIL ELEKTRO MEDIENERZEUGNISSE;86132;1
PRESSE-DRUCK- UND VERLAGS-GMBH;86133;1
AOK BAYERN - DIE GESUNDHEITSKASSE DIREKTION AUGSBURG;86134;1
STADTSPARKASSE AUGSBURG;86135;1
NCR GMBH;86135;1
PSD BANK MÜNCHEN EG;86135;1
UNIVERSITÄT AUGSBURG;86135;1
FINANZAMT AUGSBURG-STADT;86135;1
BÖWE SYSTEC AG;86135;1
SPARKASSE SCHWABEN-BODENSEE GESCHÄFTSSTELLE AUGSBURG;86135;1
ZENTRUM BAYERN FAMILIE UND SOZIALES -REGION SCHWABEN-;86135;1
SIEMENS AG ZWEIGNIEDERLASSUNG AUGSBURG;86135;1
LANDRATSAMT AUGSBURG;86136;1
ERHARDT + LEIMER GMBH;86136;1
DIERIG HOLDING AKTIENGESELLSCHAFT;86136;1
DEUTSCHE BUNDESBANK FILIALE AUGSBURG;86136;1
DAIMLERCHRYSLER AEROSPACE AG;86136;1
STADTWERKE AUGSBURG HOLDING GMBH;86136;1
GEWERBEAUFSICHTSAMT AUGSBURG;86136;1
LEDVANCE GMBH;86136;1
PRO SOLAR SCHWABEN;86136;1
DEUTSCH-JAPANISCHE GESELLSCHAFT;86136;1
CREDITREFORM AUGSBURG FRÜHSCHULZ, STEIDLE & WIPPERLING KG;86136;1
LECH-ELEKTRIZITÄTSWERKE AG;86136;1
INDUSTRIE- UND HANDELSKAMMER FÜR AUGSBURG UND SCHWABEN;86136;1
HAUS ST. ULRICH TAGUNGS- U.SEELSORGE- ZENTRUM DER DIÖZESE AUGSBURG KDÖR;86140;1
DIÖZESE AUGSBURG K.D.Ö.R;86141;1
AMTSGERICHT AUGSBURG;86142;1
STADT AUGSBURG;86143;1
FINANZAMT AUGSBURG-LAND;86144;1
REGIERUNG VON SCHWABEN;86145;1
DR. GRANDEL GMBH;86147;1
BEZIRK SCHWABEN;86147;1
LANDESAMT FÜR FINANZEN-DIENSTST.AUGSBURG GESCHÄFTSSTELLE/RECHTSABTEILUNG;86147;1
LANDESAMT FÜR FINANZEN-DIENSTST.AUGSBURG BEZÜGESTELLE BESOLDUNG / ARBEITNEHMER;86147;1
CALIFORNIA KLEINDIENST AUTOWASCHTECHNIK GMBH;86147;1
BAYERISCHES VERWALTUNGSGERICHT AUGSBURG;86147;1
STAATSOBERKASSE BAYERN BUCHUNGSSTELLE AUGSBURG;86147;1
BAYERISCHES LANDESAMT FÜR UMWELT;86177;1
STAATSANWALTSCHAFT AUGSBURG;86197;1
HANDWERKSKAMMER FÜR SCHWABEN;86216;1
MANROLAND AG;86219;1
DEUTSCHE POST AG GB VERTRIEB GWK DIREKT MARKETING CENTER;86220;1
SONEPAR DEUTSCHLAND REGION SÜD GMBH;86221;1
DEUTSCHE RENTENVERSICHERUNG SCHWABEN;86223;1
DEUTSCHE POST AG NIEDERLASSUNG BETRIEB AUGSBURG;86225;1
AUTEFA SOLUTIONS GERMANY GMBH;86313;1
STADT FRIEDBERG;86313;1
PROVINZIALAT DER PALLOTTINER;86313;1
HANS SEGMÜLLER, POLSTERMÖBELFABRIK GMBH & CO. KG;86313;1
AOK BAYERN - DIE GESUNDHEITSKASSE DIREKTION GÜNZBURG;86379;1
BORGERS SÜD GMBH;86379;1
AMT FÜR LÄNDLICHE ENTWICKLUNG SCHWABEN;86379;1
TREVIRA GMBH & CO KG;86397;1
WEKA VERLAGSSERVICE GMBH;86436;1
E. RAISS GMBH & CO. KG;86469;1
LANDRATSAMT DONAU-RIES;86607;1
FINANZAMT NÖRDLINGEN AUSSENSTELLE DONAUWÖRTH;86607;1
SPARKASSE DONAUWÖRTH;86607;1
AIRBUS HELICOPTERS DEUTSCHLAND GMBH;86607;1
REISEBÜRO FREISSLE ZWEIGNIEDERLASSUNG DER CHECK-IN-REISEN GMBH;86607;1
AOK BAYERN - DIE GESUNDHEITSKASSE DIREKTION DONAUWÖRTH;86607;1
RAIFFEISEN - VOLKSBANK DONAUWÖRTH EG;86607;1
DEHNER HOLDING GMBH & CO. KG;86640;1
ERWIN MÜLLER;86646;1
HAMA GMBH & CO. KG;86652;1
EDELWEISS GMBH & CO.KG;87432;1
FENEBERG LEBENSMITTEL GMBH;87432;1
LIEBHERR-VERZAHNTECHNIK GMBH;87432;1
DEUTSCHE POST AG KEMPTEN (ALLGÄU);87443;1
GEFRO GMBH & CO. KG;87697;1
AMTSGERICHT LINDAU (BODENSEE);88129;1
KOMMUNALE VERKEHRSÜBERWACHUNG;88129;1
KÖPPEL VERSANDHAUS FÜR BIOLOG. PRODUKTE;88129;1
LANDRATSAMT LINDAU (BODENSEE);88129;1
DOMICIL MÖBEL GMBH;88129;1
AOK BAYERN - DIE GESUNDHEITSKASSE DIREKTION LINDAU;88129;1
ENGIE REFRIGERATION GMBH;88129;1
FINANZAMT LINDAU (BODENSEE);88129;1
LINDAUER DORNIER GMBH;88129;1
COOPER STANDARD GMBH;88129;1
LINDAUER ZEITUNG;88129;1
LINDAUER BODENSEE-FRUCHTSÄFTE GMBH;88129;1
BRUENINGHAUS HYDROMATIK GMBH;89070;1
DEUTSCHE POST AG NIEDERLASSUNG BRIEF ULM;89090;1
FINANZAMT (FINANZBEHÖRDEN);89229;1
AOK BAYERN - DIE GESUNDHEITSKASSE GESCHÄFTSSTELLE NEU-ULM;89229;1
MERCEDES BENZ AG NIEDERLASSUNG ULM / SCHWÄBISCH GMÜND;89229;1
REINZ DICHTUNGS-GMBH;89229;1
WESER-ELBE SPARKASSE;27554;1
ZECH MANAGEMENT GMBH;28101;1
GESUNDHEIT - NORD GGMBH;28102;1
WPD ONSHORE GMBH & CO. KG;28103;1
AS ABRECHNUNGSSTELLE FÜR HEIL- HILFS- UND PFLEGEBERUFE AG;28105;1
WINIT GERMANY GMBH;28107;1
KÜHNE & NAGEL (AG & CO.) KG;28111;1
LANDSCHAFTLICHE BRANDKASSE HANNOVER ÖFFENTLICHE VERSICHERUNG BREMEN;28163;1
EILERS & SCHÜNEMANN VERLAG KG;28174;1
KLINIKUM BREMEN-MITTE GGMBH;28177;1
DAIMLER BETRIEBSKRANKENKASSE;28178;1
MONDELEZ DEUTSCHLAND;28181;1
AIRBUS OPERATIONS GMBH;28183;1
AMTSGERICHT BREMEN;28184;1
HKK;28185;1
BFI BREMER FACTORING SERVICE & CONSULTING GMBH;28187;1
BFI BREMER FACTORING UND INKASSO-KONTOR GMBH;28187;1
G & W VERWALTUNGSGESELLSCHAFT MBH;28187;1
BFI HANSEATISCHE SERVICE & CONSULTING GMBH & CO. KG;28187;1
ES BETEILIGUNGS-BETREUUNGS GMBH;28187;1
ANWALTSKANZLEI EHLERS-GODRON;28187;1
T + T TREUHAND- UND ASSET MANAGEMENT GMBH;28187;1
SEGHORN AG;28188;1
LZB I. D. FR. HANSESTADT BREMEN, NIEDERSACHSEN U. SACHSEN.-ANHALT;28189;1
SINIUS GMBH;28189;1
SCHENKER DEUTSCHLAND AG;28189;1
GEWOBA AKTIENGESELLSCHAFT WOHNEN UND BAUEN;28189;1
STADTWERKE BREMEN AG;28189;1
DIE SPARKASSE IN BREMEN;28189;1
BÜRGERAMT, ORDNUNGSAMT UND MIGRATIONSAMT;28189;1
SIEMENS AG ZWEIGNIEDERLASSUNG BREMEN;28189;1
NORD/LB - NORDDEUTSCHE LANDESBANK GIROZENTRALE- NIEDERLASSUNG;28189;1
HAG AG;28189;1
BAKER & BAKER GERMANY GMBH;28189;1
COMMERZBANK AG FILIALE BREMEN;28189;1
LANDGERICHT BREMEN;28189;1
BREMER TAGESZEITUNGEN AG;28189;1
DAIMLER AG MERCEDES-BENZ WERK BREMEN;28190;1
BKK FIRMUS;28192;1
BGHW BERUFSGENOSSENSCHAFT HANDEL UND WARENDISTRIBUTION;28275;1
KUNSTSTOFF-HOLDING GMBH;28305;1
V.A.G. VERTRIEBSZENTRUM WESER-EMS GMBH & CO. KG;28305;1
GRAPHIC PACKAGING INTERNATIONAL EUROPE GERMANY GMBH;28305;1
WILKENS & SÖHNE GMBH;28305;1
ATLAS ELEKTRONIK GMBH;28305;1
IBM MITTELSTAND SYSTEME GMBH;28305;1
DFT DEUTSCHE FLÄCHEN-TECHNIK INDUSTRIEBODEN GMBH;28305;1
PARACELSUS KURFÜRSTENKLINIK BREMEN;28323;1
UNI-MED VERLAG AG;28323;1
MÜHLENBRUCH STINNES GMBH & CO. KG;28323;1
ZENTRALKRANKENHAUS BREMEN-OST;28323;1
H. W. MEYER GMBH & CO. KG;28323;1
A. JAEKEL IMPORT-EXPORT GMBH & CO. KG;28323;1
GEBR. WESTHOFF GMBH & CO. KG;28323;1
BEGO BREMER GOLDSCHLÄGEREI WILH. HERBST GMBH & CO.;28353;1
BEGO IMPLANT SYSTEMS GMBH & CO. KG;28353;1
STAATS- UND UNIVERSITÄTSBIBLIOTHEK;28353;1
BEGO MEDICAL GMBH;28353;1
UNIVERSITÄT BREMEN;28353;1
ANHEUSER-BUSCH INBEV DEUTSCHLAND GMBH & CO. KG;28365;1
INBEV MARKET DEVELOPMENT GMBH & CO. KG;28365;1
ANHEUSER-BUSCH INBEV GERMANY HOLDING GMBH;28365;1
MHT MILCH-HANDEL & TRANSPORT ELBE-WESER GMBH;28365;1
BUNTE BERTE-MARKENVERBAND GMBH;28365;1
BRAUEREI BECK GMBH & CO.;28365;1
BRITISH AIRWAYS EXECUTIVE CLUB;28365;1
INBEV DEUTSCHLAND VERTRIEBS VERWALTUNGS-GMBH;28365;1
ALLIANZ PRIVATE KRANKENVERSICHERUNGS-AG NIEDERLASSUNG BREMEN;28365;1
INBEV EXPORT BETEILIGUNGS-GMBH;28365;1
INBEV DISTRIBUTION GMBH;28365;1
ROLAND BRAUEREI SERVICE GMBH;28365;1
NORDMILCH EG;28365;1
DEUTSCHE POST AG NL FILIALEN ZUSTELLABRECHNUNGSCENTER;28375;1
DEUTSCHE POST AG DIREKT MARKETING CENTER BREMEN;28390;1
DEUTSCHE POST AG NIEDERLASSUNG BRIEF BREMEN;28700;1
SOLLER MULTISERVICE GMBH & CO. KG;28751;1
YVONNE BAUER SERVICE KG;20067;1
GLAXOSMITHKLINE GMBH & CO. KG RECHNUNGSKONTROLLE;20068;1
FAMILIENKASSE NORD;20069;1
AGENTUR FÜR ARBEIT HAMBURG;20070;1
VOLKSFÜRSORGE AG VERTRIEBSGESELLSCHAFT FÜR VORSORGE- UND FINANZPRODUKTE;20071;1
NEUE LEBEN LEBENSVERSICHERUNG AG;20072;1
VATTENFALL EUROPE AG;20073;1
HEINRICH BAUER VERLAGSGRUPPE;20077;1
HAMBURG COMMERCIAL BANK AG;20079;1
KRAVAG;20079;1
DEUTSCHE BANK AG IN HAMBURG;20079;1
M.M. WARBURG & CO (AG & CO.) KGAA;20079;1
DPV DEUTSCHER PRESSEVERTRIEB;20080;1
VOLKSFÜRSORGE DEUTSCHE SACHVERSICHERUNG AG;20084;1
EOS DID DEUTSCHER INKASSO-DIENST GMBH;20085;1
BAUER VERTRIEBS KG;20086;1
NEUGEBAUER SERVICE OHG;20087;1
OTTO VERSAND;20088;1
COMMERZBANK AG GS-BO CREDIT;20092;1
BEZIRKSAMT EIMSBÜTTEL;20139;1
GERLING U. CO.;20139;1
BROWN-FORMAN BEVERAGES EUROPE LTD.;20139;1
HOFFMANN & CAMPE VERLAG;20139;1
KINO-VERLAG;20139;1
KNSK, BBDO WERBEAGENTUR GMBH, GWA;20139;1
GVL;20139;1
FISSER & V. DOORNUM GMBH & CO.;20139;1
GEZ;20140;1
NORDDEUTSCHER RUNDFUNK;20140;1
KAHL DR. PINCKERNELLE;20243;1
BEIERSDORF-LILLY GMBH;20243;1
WELT REPORT;20243;1
REIFEN HELM GMBH;20243;1
BEZIRKSAMT HAMBURG-NORD;20243;1
STIFTUNG ANSCHARHÖHE;20244;1
SENIORENZENTRUM ST. MARKUS HOHELUFT;20244;1
BEIERSDORF AG;20245;1
UNIVERSITÄTSKLINIKUM HAMBURG-EPPENDORF;20246;1
WINE DOCK GMBH;20247;1
EXXON MOBIL CENTRAL EUROPE HOLDING GMBH;20346;1
ZBW DEUTSCHE ZENTRALBIBLIOTHEK FÜR WIRTSCHAFTSWISSENSCHAFTEN;20347;1
PROVINZIAL LEBEN (VERSICHERUNGSANSTALT);20347;1
BRITISH-AMERICAN TOBACCO (GERMANY) GMBH;20347;1
ADE SCHNELLWAAGEN U. AUFSCHNITTMASCHINEN FABRIK WALTER R. MAYER (GMBH & CO.);20347;1
HAFENKRANKENHAUS;20347;1
BERUFSGENOSSENSCHAFT FÜR GESUNDHEITSDIENST UND WOHLFAHRTSPFLEGE;20347;1
GLAXO GMBH;20347;1
AMTSGERICHT HAMBURG;20348;1
LANDGERICHT HAMBURG;20348;1
BILD HILFT E.V.;20350;1
ZZ-KURIER GMBH;20350;1
DAK EHEMALS BKK BETRIEBSKRANKENKASSE AS SE;20350;1
SPORTBILD AXEL SPRINGER SPORT VERLAG GMBH;20350;1
WAMS;20350;1
MEDIA IMPACT GMBH;20350;1
COMPUTER BILD-SPIELE AXEL SPRINGER COMPUTER BILD DIGITAL GMBH;20350;1
WELTN24;20350;1
PACE CATERING, KANTINE AS SE;20350;1
ASV GMBH DIREKTMARKETING;20350;1
BILD HAMBURG;20350;1
BILANZ;20350;1
COMPUTER BILD AXEL SPRINGER COMPUTER BILD DIGITAL GMBH;20350;1
SALES IMPACT GMBH;20350;1
AUTOBILD AXEL SPRINGER AUTO & MOTORSPORT VERLAG;20350;1
GRUNER + JAHR AG & COKG;20444;1
FUNKE MEDIEN HAMBURG GMBH;20445;1
DEUTSCHER RING KRANKENVERSICHERUNGSVEREIN A.G;20449;1
ZEUS VERMITTLUNGSGESELLSCHAFT MBH;20451;1
R+V ALLGEMEINE VERSICHERUNG AG;20452;1
STATISTISCHES AMT FÜR HAMBURG UND SCHLESWIG-HOLSTEIN;20453;1
COMMERZBANK HAMBURG AKTIENGESELLSCHAFT;20454;1
MANAGER MAGAZIN VERLAGSGESELLSCHAFT MBH;20454;1
SPIEGEL-VERLAG RUDOLF AUGSTEIN GMBH & CO. KG;20454;1
HAMBURGER SPARKASSE AG;20454;1
OTTO KRAHN GROUP GMBH;20531;1
HAMBURGER WASSERWERKE GMBH;20531;1
EMPORIUM-MERKATOR MÜNZHANDELSGESELLSCHAFT MBH;20531;1
ANNONCEN AVIS VERLAGSGESELLSCHAFT MBH & CO KG;20531;1
FINANZAMT HAMBURG-MITTE-ALTSTADT;20531;1
STADTREINIGUNG HAMBURG;20531;1
HAMBURGER GASWERKE GMBH TECHNISCHE BETRIEBE;20531;1
LANDESKRANKENHILFE;20531;1
YASHICA KYOCERA GMBH;20531;1
DEUTSCHE POST AG HAMBURG 26;20531;1
REAL SOLUTION INKASSO GMBH & CO. KG;20533;1
ADVIGON VERSICHERUNG AG;20911;1
BERUFSGENOSSENSCHAFTLICHES UNFALLKRANKENHAUS HAMBURG;21027;1
DETLEV LOUIS MOTORRADVERTRIEBS- GESELLSCHAFT MBH;21027;1
BEZIRKSAMT BERGEDORF;21027;1
DHL SOLUTIONS GMBH;21027;1
COCQ DATENDIENST GMBH;21027;1
DEUTSCHE POST AG NIEDERLASSUNG HAMBURG (PAKET);21027;1
BALTIC ELEKTRONIK GMBH WERK HAMBURG;21027;1
FRISTAM PUMPEN KG (GMBH & CO.);21027;1
HAMBURGER WOCHENBLATT VERLAG GMBH & CO. KG;21027;1
VON THÜNEN - INSTITUT;21027;1
BERGEDORFER ZEITUNG;21027;1
CITIZEN WATCH EUROPE GMBH;21027;1
BERGEDORFER BUCHDRUCKEREI VON ED. WAGNER GMBH & CO.;21027;1
AVAD;21071;1
FREIE UND HANSESTADT HAMBURG BEZIRKSAMT HARBURG;21071;1
TECHNISCHE UNIVERSITÄT HAMBURG-HARBURG;21071;1
FREUDENBERG SEALING TECHNOLOGIES GMBH;21105;1
HELLMANN WORLDWIDE LOGISTICS ROAD & RAIL GMBH & CO.KG;21105;1
GOODMILLS DEUTSCHLAND GMBH;21105;1
BECKER HELMUT, ING. GMBH ELEKTROGROSSHANDEL;21105;1
DEUTSCHE POST AG NIEDERLASSUNG BRIEF HAMBURG SÜD;21170;1
HANSEATISCHE KRANKENKASSE;22032;1
HANSEATISCHE KRANKENKASSE BEITRAGSABTEILUNG;22034;1
MERCEDES-BENZ AG LN 164/34540;22036;1
JUNGHEINRICH AG;22039;1
KARSTADT AG, FILIALE 150;22039;1
HZK - DIE PROFIKRANKENKASSE;22039;1
AMTSGERICHT HAMBURG-WANDSBEK;22039;1
HELMUT-SCHMIDT-UNIVERSITÄT UNIVERSITÄT DER BUNDESWEHR;22039;1
HAF HAMBURGER AKADEMIE FÜR FERNSTUDIEN;22039;1
NORDDEUTSCHE BLINDENHÖRBÜCHEREI E.V.;22078;1
AOK RHEINLAND / HAMBURG - DIE GESUNDHEITSKASSE;22079;1
KG RITZ MESSWANDLER GMBH & CO.;22102;1
KASSE.HAMBURG;22222;1
ERGO LEBENSVERSICHERUNG AG AKTION;22276;1
INTERSERV GMBH CENTER HAMBURG INTERSCAN ZUSTELLURKUNDEN;22278;1
VERWALTUNGS-BERUFSGENOSSENSCHAFT HAUPTVERWALTUNG;22281;1
DEUTSCHE POST AG AUFTRAGSERFASSUNG PRESSEPOST;22282;1
DEUTSCHE POSTBANK AG NIEDERLASSUNG HAMBURG (SPAR);22283;1
SODEXO SERVICES GMBH;22284;1
SHELL DEUTSCHLAND GMBH;22284;1
ERGO LEBENSVERSICHERUNG AG;22287;1
JAHRESZEITEN-VERLAG;22288;1
TCHIBO;22290;1
ASKLEPIOS KLINIK BARMBEK;22291;1
EDEKA ZENTRALE STIFTUNG & CO. KG;22291;1
DEUTSCHE BP HOLDING AG;22291;1
RWE-DEA AG;22291;1
EDEKABANK AG;22291;1
DEUTSCHE POST AG UNTERNEHMENSBEREICH P/E/I VERTRIEBSREGION NORD-OST;22292;1
DEUTSCHE TELEKOM AG NIEDERLASSUNG 2 HAMBURG BEZÜGERECHNUNGSZENTRUM;22292;1
DEUTSCHE POST AG SNL RECHNUNGSWESEN FILIALE;22292;1
DEUTSCHE POST AG HAMBURG 60;22292;1
DEUTSCHE TELEKOM AG DIREKTION HAMBURG;22292;1
EVANGELISCHE STIFTUNG ALSTERDORF;22292;1
DEUTSCHE POST AG UNTERNEHMENSKOMMUNIKATION;22292;1
CONOCO PHILLIPS GERMANY GMBH;22292;1
LOGICA-CMG GMBH & CO. KG;22293;1
HANSA BAUGENOSSENSCHAFT EG;22294;1
ORTSAMT BARMBEK-UHLENHORST;22294;1
MAILING GMBH;22331;1
AIRBUS INDUSTRIE;22331;1
LOTTERIE-EINNAHME HANS HERZOG;22331;1
ALPHA COM GMBH;22331;1
DESITIN ARZNEIMITTEL GMBH;22331;1
DÜLLBERG KONZENTRA GMBH & CO.;22331;1
HKL BAUMASCHINEN GMBH NL HAMBURG;22331;1
PHILIPS MEDIZIN SYSTEME UNTERNEHMENSBEREICH DER PHILIPS GMBH;22331;1
VERLAG HANDWERK UND TECHNIK GMBH;22331;1
LANDESBUND DER GARTENFREUNDE IN HAMBURG E.V.;22331;1
GERSTEL KG;22331;1
ORTSAMT FUHLSBÜTTEL;22331;1
EPPENDORF SE;22331;1
ALLGEMEINE DEUTSCHE SCHIFFSZIMMERER GENOSSENSCHAFT EG;22331;1
DT. LUFTHANSA AG;22332;1
BRIGITTA WINTER (MUTTER UND KIND DIENST);22357;1
KRAUTH UND TIMMERMANN GMBH;22389;1
PRESSE VERSAND SCHNEEHAGEN GMBH;22389;1
SICK AG;22389;1
ARRIVO MARKETING KRIPAHLE & BORRINK OHG;22413;1
AK HEIDBERG;22413;1
AK OCHSENZOLL;22413;1
ALBERTINEN KRANKENHAUS;22451;1
ALTENZENTRUM -ELIM-;22451;1
DURAG GMBH;22451;1
SCHACHT & WESTRICH GMBH;22451;1
STRATHMANN GMBH & CO. KG;22451;1
IKEA;22451;1
JUKI (EUROPE) GMBH;22451;1
STULZ GMBH;22451;1
HANS KOGEL, HONIGHAUS BIENENFLEISS;22451;1
SPIKES-SPIDER VERTRIEBSGESELLSCHAFT HEIKO IPPEN GMBH;22451;1
DITHA-ELEKTROFACHGROSSHANDELSHAUS ZWEIGNL DER OTRA NORD-OST GMBH;22451;1
GEO POULSON;22451;1
FINANZAMT HAMBURG - EIMSBÜTTEL;22520;1
FINANZAMT FÜR PRÜFUNGSDIENSTE UND STRAFSACHEN IN HAMBURG;22520;1
FINANZAMT HAMBURG-AM TIERPARK;22520;1
PANASONIC MARKETING EUROPE GMBH;22521;1
NORDDEUTSCHER RUNDFUNK FERNSEHEN;22521;1
ALFONS HAAR MASCHINENBAU GMBH & CO.KG;22545;1
GEHE PHARMA HANDEL GMBH NL HAMBURG DER GEHE AG;22545;1
IPSOS DEUTSCHLAND GMBH;22545;1
CRÖNERT CREAZIONI CRÖNERT KG;22545;1
JOSEF MÖBIUS BAU-GMBH;22545;1
LESEBERG AUTOMOBILE GMBH;22545;1
HERMES SCHLEIFMITTEL GMBH;22545;1
FELDTMANN, HEINRICH, GMBH;22545;1
KRANKENHAUS RISSEN DER DRK SCHWESTERNSCHAFT HAMBURG GMBH;22557;1
BERENDSOHN AG;22557;1
ORTSAMT BLANKENESE;22585;1
DEUTSCHES ELEKTRONEN SYNCHROTON DESY;22603;1
REEMTSMA CIGARETTEN FABRIKEN GMBH;22603;1
ASTRAZENECA GMBH;22743;1
BROADWAY MUSICAL MANAGEMENT GMBH;22744;1
EULER HERMES DEUTSCHLAND AG;22746;1
AMTSGERICHT HAMBURG ZWEIGSTELLE ALTONA;22747;1
SIEMSSEN & CO. GMBH;22748;1
SPARDA - BANK HAMBURG EG;22754;1
HOLSTEN-BRAUEREI AG;22755;1
MÄRKTE & MEDIEN VERLAGSGESELLSCHAFT MBH;22758;1
DAL DEUTSCHE AFRIKA-LINIEN GMBH & CO. KG;22758;1
KAUFMÄNNISCHE KRANKENKASSE KKH REGIONALGESCHÄFTSSTELLE;22758;1
WÜNSCHE AG;22758;1
AMTSGERICHT HAMBURG-ALTONA;22758;1
REEMTSMA CIGARETTEN GMBH;22782;1
DEUTSCHE POST AG NL BRIEF;22785;1
DEUTSCHE TELEKOM KUNDENNIEDERLASSUNG HAMBURG;22787;1
HANSEATISCHES WEIN- UND SEKT-KONTOR HAWESKO GMBH;22791;1
BARCLAYS BANK IRELAND PLC;22792;1
DEUTSCHE POST AG DIREKT MARKETING CENTER HAMBURG GWK;22794;1
DP CSC DEUTSCHE POST CUSTOMER SERVICE CENTER;22795;1
BALOISE LEBENSVERSICHERUNGS AG DEUTSCHLAND;22797;1
DEUTSCHE TELEKOM HAMBURG KUNDENNIEDERLASSUNG;22799;1
VERKEHRSBETRIEBE HAMBURG-HOLSTEIN GMBH;22866;1
CEV HANDELSIMMOBILIEN HOLDING GMBH;33687;1
BANC TEC GMBH;12678;1
TECHEM BBK ENERGIE GMBH;22780;1
FIRMA HESS NATUR TEXTILIEN GMBH;35509;1
ENTEGA AG;36380;1
PRICEWATERHOUSECOOPERS AG WIRTSCHAFTSPRÜFUNGSGESELLSCHAFT;60060;1
TOWER 185 IMMOBILIEN GMBH & CO. KG;60185;1
HESSISCHER RUNDFUNK;60222;1
GONTARD & METALLBANK AG;60223;1
ZÜRICH BETEILIGUNGS-AG;60252;1
DEUTSCHE BANK AG FILIALE;60254;1
FRANKFURTER SPARKASSE;60255;1
AMTSGERICHT FRANKFURT AM MAIN;60256;1
ALLIANZ VERSICHERUNGEN;60257;1
DEUTSCHE BUNDESBANK;60263;1
DEUTSCHER FACHVERLAG GMBH;60264;1
FRANKFURTER ALLGEMEINE ZEITUNG GMBH;60267;1
STADT FRANKFURT AM MAIN -DER MAGISTRAT-;60275;1
STADTWERKE FRANKFURT AM MAIN GMBH;60276;1
AVAYA GMBH & CO. KG;60277;1
FRANKFURTER VOLKSBANK RHEIN-MAIN EG BETRIEBSMANAGEMENT;60284;1
INDUSTRIE- UND HANDELSKAMMER FRANKFURT;60284;1
ISBANK;60284;1
HELVETIA SCHWEIZERISCHE VERSICHERUNGSGESELLSCHAFT;60284;1
DELBRÜCK BETHMANN MAFFEI AG;60284;1
AT & T COMMUNICATIONS SERVICES DEUTSCHLAND GMBH;60284;1
WOLFGANG METZNER GMBH & CO KG;60284;1
CREDITREFORM FRANKFURT HOFFMANN & NIKBAKHT KG;60284;1
MVB GMBH;60284;1
DEUTSCHE PRESSE-AGENTUR GMBH;60284;1
DEUTSCHE POST TRANSPORT GMBH FRANKFURT AM MAIN;60285;1
AMERICAN EXPRESS REISESCHECK;60286;1
COMMERZBANK AG COBRANDING KREDITKARTENSERVICE;60289;1
POSTBANK FRANKFURT;60290;1
DAK -SOZIALVERSICHERUNGSWAHLEN-;60291;1
AMERICAN EXPRESS EUROPE S.A (GERMANY BRANCH);60296;1
LANDESBANK HESSEN-THÜRINGEN;60297;1
FIRST DATA DEUTSCHLAND GMBH;60298;1
STADT FRANKFURT AM MAIN -ORDNUNGSAMT-;60300;1
GZS GESELLSCHAFT FÜR ZAHLUNGSSYSTEME MBH;60304;1
FINANZAMT FRANKFURT AM MAIN I;60305;1
STADT- UND UNIVERSITÄTSBIBLIOTHEK;60307;1
BAU-BERUFSGENOSSENSCHAFT;60380;1
DEUTSCHE POST AG SACHGEBIET KASSENWESEN;60380;1
ST. KATHARINEN-KRANKENHAUS;60380;1
DEUTSCHE POST AG ZUSTELLSTÜTZPUNKT FRANKFURT 60;60380;1
BERUFSGENOSSENSCHAFTLICHE UNFALLKLINIK FRANKFURT AM MAIN;60380;1
ALLESSA GMBH;60382;1
DIFA DEUTSCHE IMMOBILIEN FONDS AG;60422;1
DEUTSCHE POST AG ZUSTELLSTÜTZPUNKT FRANKFURT 50;60423;1
VDO LUFTFAHRTGERÄTE WERK GMBH;60423;1
DEUTSCHE GESELLSCHAFT FÜR QUALITÄT;60423;1
INDUSTRIEGEWERKSCHAFT BAUEN-AGRAR-UMWELT;60423;1
DER TOURISTIK ONLINE GMBH;60424;1
DER DEUTSCHES REISEBÜRO GMBH & CO. OHG;60424;1
DER TOURISTIK FRANKFURT GMBH & CO.KG;60424;1
BUND-VERLAG GMBH;60424;1
DER TOURISTIK GMBH;60424;1
MEIERS WELTREISEN ZWEIGNIEDERLASSUNG DER DER TOURISTIK DEUTSCHLAND GMBH;60424;1
DERTOUR DEUTSCHLAND GMBH;60424;1
KONAMI OF EUROPE GMBH;60428;1
MERSEN DEUTSCHLAND FRANKFURT GMBH;60428;1
RODENSTOCK GMBH;60428;1
SAGE SOFTWARE GMBH & CO. KG;60428;1
H.P. GAUFF JNGENIEURE GMBH & CO.;60428;1
ZEELANDIA GMBH & CO. KG;60428;1
PRESSE-VERTRIEBS-GESELLSCHAFT KG;60429;1
R+V VERSICHERUNG FRANKFURT;60482;1
NORDWEST-KRANKENHAUS;60484;1
INFORMATIONSDIENST ZENTRUM FÜR ALTERNATIVE MEDIEN;60484;1
WIRTSCHAFTSVERBAND DER DEUTSCHEN KAUTSCHUKINDUSTRIE E. V. (W.D.K.);60484;1
UNION-DRUCKEREI UND VERLAGSANSTALT GMBH;60484;1
ZENTRALVERBAND DER DEUTSCHEN ELEKTROHANDWERKE;60484;1
HARTMANN & BRAUN AG;60484;1
DEUTSCHE POST AG FILIALE FRANKFURT AM MAIN 90;60484;1
CONTINENTAL AUTOMOTIVE TECHNOLOGIES GMBH A FC FSC GER AP;60484;1
AIRTOURS INTERNATIONAL;60484;1
DEUTSCHE BÖRSE AG;60485;1
THA IMMO VERWALTUNGS GMBH;60490;1
IG METALL VORSTAND;60519;1
ADAC HESSEN-THÜRINGEN E.V.;60521;1
NESTLE DEUTSCHLAND AG;60523;1
HUK-COBURG GESCHÄFTS- UND SCHADENAUSSENSTELLE;60524;1
DEUTSCHER OLYMPISCHER SPORTBUND;60525;1
VDMA VERBAND DEUTSCHER MASCHINEN- UND ANLAGENBAU E.V.;60525;1
AVD AUTOMOBILCLUB VON DEUTSCHLAND E.V.;60525;1
DEUTSCHE POST AG NL INTERNATIONALE PRODUKTION BRIEF FRANKFURT AM MAIN;60544;1
FLUGHAFEN FRANKFURT MAIN AG;60547;1
MC CANN ERICKSON GMBH;60589;1
UNIVERSITÄTSKLINIKUM FRANKFURT;60590;1
DEUTSCHE ANGESTELLTEN-KRANKENKASSE;60591;1
DEUTSCHE POST AG ZUSTELLSTÜTZPUNKT FRANKFURT 70;60591;1
NASSAUISCHE HEIMSTÄTTE WOHNUNGS- UND ENTWICKLUNGSGES. MBH;60591;1
RADEBERGER GRUPPE KG;60591;1
PATRIZIA THE SQUAIRE 18;60600;1
DEUTSCHE TELEKOM AG NIEDERLASSUNG 2 FRANKFURT AM MAIN;60607;1
1822 DIREKT GESELLSCHAFT DER FRANKFURTER SPARKASSE MBH;60608;1
DEUTSCHE POST AG NIEDERLASSUNG BRIEF FRANKFURT AM MAIN;60610;1
DEUTSCHE POST AG C/O CUSTOMER SERVICE CENTER GMBH KUNDENSERVICE INT.;60611;1
DEUTSCHE ASSET & WEALTH MANAGEMENT INVESTMENT GMBH;60612;1
MEDIAPOLIS HORIZONS MEDIA GMBH;60614;1
MORGENFUND GMBH;60615;1
HESSISCHER RUNDFUNK WERBUNG GMBH;60620;1
UNION INVESTMENT SERVICE BANK AG;60621;1
MAINOVA AG;60623;1
FERRERO MANAGEMENT SERVICES & CONSULTING GMBH & CO. KG;60624;1
DEKABANK, DEUTSCHE GIROZENTRALE;60625;1
ALLIANZ SHARED INFRASTRUCTURE SERVICES GMBH (ASIC);60627;1
ING-DIBA AG;60628;1
JOHANN WOLFGANG GOETHE-UNIVERSITÄT;60629;1
XCHANGING TRANSACTION BANK GMBH;60630;1
FIFA FUSSBALLWELTMEISTERSCHAFT 2006 ORGANISATIONSKOMITEE DEUTSCHLAND;60632;1
DEUTSCHE BANK AG GESCHÄFTS- UND PRIVATKUNDEN AG QUALITÄTSMANAGEMENT;60633;1
DEUTSCHE VERMÖGENSBERATUNG AKTIENGESELLSCHAFT;60634;1
DEUTSCHE BANK AG ZAHLUNGSVERKEHR;60639;1
EUROPÄISCHE ZENTRALBANK;60640;1
DEUTSCHE POST AG GB V B GWK DIREKT MARKETING CENTER FRANKFURT;60699;1
BERUFSFÖRDERUNGSWERK FRANKFURT AM MAIN;61116;1
HARMONY.FM;61116;1
BROTHER INTERNATIONAL GMBH;61116;1
LAHMEYER INTERNATIONAL GMBH;61116;1
VERBAND HESSISCHER ZEITUNGSVERLEGER;61116;1
PLANET RADIO;61116;1
MAGISTRAT DER STADT BAD VILBEL;61116;1
SUBARU DEUTSCHLAND GMBH;61167;1
KREISAUSSCHUSS DES WETTERAUKREISES UND LANDRAT DES WETTERAUKREISES;61167;1
DEUTSCHE POST AG ZUSTELLSTÜTZPUNKT FRIEDBERG;61167;1
CONTI TECH TECHNO-CHEMIE GMBH;61182;1
VDO ADOLF SCHINDLING AG;61182;1
ESAB-HANCOCK GMBH;61182;1
KÖNIG & NEURATH KG;61182;1
DEUTSCHE RENTENVERSICHERUNG BUND REHA-KLINIK WETTERAU;61229;1
GESUNDHEITSZENTRUM WETTERAU GGMBH RECHNUNGSWESEN GZW-WEST;61229;1
INTERBAUSTOFF GMBH & CO KG;61229;1
KAISERBERG-KLINIK PITZER KG;61229;1
DIAKONIEWERK ELISABETHHAUS BAD NAUHEIM;61229;1
KLINIK AM SÜDPARK PITZER KG;61229;1
DEUTSCHE RENTENVERSICHERUNG BUND REHAZENTRUM BAD NAUHEIM;61229;1
START AMADEUS GMBH;61341;1
AGENTUR FÜR ARBEIT BAD HOMBURG;61342;1
AOK-DIE GESUNDHEITSKASSE IN HESSEN;61343;1
ATIS SYSTEMS GMBH;61343;1
TAUNUS-SPARKASSE;61343;1
DEUTSCHE LEASING AG;61343;1
VERLAG DR. MAX GEHLEN GMBH & CO KG;61343;1
LILLY DEUTSCHLAND GMBH;61343;1
PATIENTEN-HEIMVERSORGUNG;61343;1
P.I.V. ANTRIEB WERNER REIMERS GMBH & CO. KG;61343;1
HOCHTAUNUS-KLINIKEN GGMBH;61343;1
DMS DIRECT-MAIL-SERVICE GMBH;61343;1
ZENTRALE ZUR BEKÄMPFUNG UNLAUTEREN WETTBEWERBS E.V.;61343;1
AMEROPA-REISEN GMBH;61343;1
SEEDAMM-INDUSTRIEDIENST GMBH GÜNTHER-QUANDT-HAUS;61343;1
RINGSPANN GMBH;61343;1
DEUTSCHE POST AG ZUSTELLSTÜTZPUNKT BAD HOMBURG;61343;1
WDV GESELLSCHAFT FÜR MEDIEN & KOMMUNIKATION MBH & CO. OHG;61343;1
MEDA PHARMA GMBH & CO. KG;61344;1
BALOISE SACHVERSICHERUNG AG DEUTSCHLAND;61345;1
NEPHROCARE DEUTSCHLAND GMBH;61346;1
FRESENIUS MEDICAL CARE AG & CO. KGAA;61346;1
FRESENIUS MEDICAL CARE NEPHROLOGICA DEUTSCHLAND GMBH;61346;1
FRESENIUS SE & CO. KGAA;61346;1
FRESENIUS NETCARE;61346;1
FRESENIUS KABI AG;61346;1
FRESENIUS KABI DEUTSCHLAND GMBH;61346;1
STEIGENBERGER HOTELS GMBH;61378;1
H.E.A.D. HOTEL EQUIPMENT AND DESIGN GMBH;61378;1
INTERCITYHOTEL GMBH;61378;1
DA DEUTSCHE ALLGEMEINE VERSICHERUNG AG;61434;1
ALTE LEIPZIGER;61435;1
LAFARGE ROOFING GMBH;61437;1
AVIS BUDGET AUTOVERMIETUNG GMBH & CO. KG;61437;1
NECKURA VERSICHERUNGS AG;61437;1
AUTO DIREKT VERSICHERUNGS AG;61437;1
MAGISTRAT DER STADT KRONBERG;61474;1
AXA / DBV KRANKENVERSICHERUNG AG;63059;1
HONEYWELL GMBH;63063;1
BÜRO WERNER GMBH & CO KG;63063;1
GKN DRIVELINE DEUTSCHLAND GMBH;63063;1
EVO ENERGIEVERSORGUNG OFFENBACH AG;63063;1
SANA KLINIKUM OFFENBACH GMBH;63063;1
PRESSEHAUS BINTZ-VERLAG GMBH & CO. KG;63063;1
POLIZEIPRÄSIDIUM SÜDOSTHESSEN ÖFF. UNTERN./BEHÖRDE;63063;1
IHK;63063;1
AMTSGERICHT OFFENBACH;63063;1
STÄDT. SPARKASSE;63063;1
REISS KÄLTE-KLIMA GMBH;63063;1
ESQUIRE-LEDERWAREN RUPP & RICKER GMBH;63106;1
MEWA TEXTIL-SERVICE SE & CO. DEUTSCHLAND OHG STANDORT RODGAU;63106;1
ALS-VERLAG GMBH;63126;1
PORTAS DEUTSCHLAND GMBH & CO. KG;63126;1
BMI STEILDACH, GMBH;63147;1
HERTH & BUSS;63147;1
PICARD LEDERWAREN GMBH & CO. KG;63177;1
KARL MAYER STOLL TEXTILMASCHINENFABRIK GMBH;63177;1
FEINTOOL SYSTEM PARTS OBERTSHAUSEN GMBH;63177;1
AMP DEUTSCHLAND GMBH;63222;1
WARREN WD COMPANY KG;63222;1
BRADY GMBH;63222;1
MODE LOGISTIK GMBH & CO. KG BETRIEBSSTÄTTE EGELSBACH;63222;1
SAG GMBH;63223;1
BANQUE PSA FINANCE S.A.;63257;1
AXEL SPRINGER AG;63257;1
DRUCK- UND VERLAGSHAUS FRANKFURT AM MAIN GMBH;63257;1
MMI-MEDIZINISCHE MEDIEN INFORMATIONS GMBH;63257;1
TRANSGOURMET DEUTSCHLAND GMBH & CO.OHG KWF/1004755;63257;1
LUFTHANSA AIRPLUS SERVICEKARTEN GMBH SERVICEKARTEN;63258;1
MUSTERHAUS-KÜCHEN DT. GMBH & CO. MARKETING F. KÜCHEN-INDUSTRIE UND HANDEL;63299;1
CWS - BOCO DEUTSCHLAND GMBH;63299;1
THE BRADFORD EXCHANGE, LTD.;63317;1
DER MAGISTRAT DER STADT RÖDERMARK;63318;1
SMC DEUTSCHLAND GMBH;63328;1
TRÜTZSCHLER NONWOVENS GMBH;63328;1
DEUTSCHE BANK PRIVAT- UND GESCHÄFTSKUNDEN SERVICE AG;63438;1
AGENTUR FÜR ARBEIT HANAU;63442;1
SHEEGO GMBH;63443;1
ST. VINZENZ KRANKENHAUS;63446;1
DUNLOP GMBH;63446;1
KLINIKUM HANAU GMBH;63446;1
SPARKASSE HANAU;63446;1
FLEXA GMBH & CO. KG;63447;1
HONEYWELL REGELSYSTEME GMBH;63475;1
STADTVERWALTUNG MAINTAL;63475;1
ASKLEPIOS KLINIKEN LANGEN-SELIGENSTADT GMBH;63499;1
SPARKASSE LANGEN-SELIGENSTADT;63499;1
ANWR ARISTON-NORD-WEST-RING EG;63532;1
KREISAUSSCHUSS DES MAIN-KINZIG-KREISES AMT 65 ZENTRALE DIENSTE;63569;1
FINANZAMT GELNHAUSEN;63569;1
BÜDINGEN MED;63652;1
BÜDINGEN DENT;63652;1
EXIDE TECHNOLOGIES GMBH GMBH;63652;1
WETTERAUKREIS DER KREISAUSSCHUSS AUSSENSTELLE BÜDINGEN;63652;1
M + W DENTAL MÜLLER & WEYGANDT GMBH;63652;1
MERCK KGAA;64271;1
CARL SCHENCK AG;64273;1
RÖHM GMBH CHEMISCHE FABRIK;64275;1
SÜDHESSISCHE GAS UND WASSER AG;64276;1
LANDKREIS DARMSTADT-DIEBURG KREISAUSSCHUSS;64276;1
REFA VERBAND F. ARBEITSSTUDIEN UND BETRIEBSORGANISATION E.V.;64276;1
STUDIENGEMEINSCHAFT DARMSTADT;64276;1
DEUTSCHE POST AG IT SERVICES GMBH;64276;1
DEUTSCHE POST AG SNL IT PEP DARMSTADT;64276;1
MEDIENHAUS SÜDHESSEN GMBH;64276;1
ESOC-ESA EUROPEAN SPACE OPERATIONS CENTRE;64276;1
DEUTSCHE POST AG SNL PEP DARMSTADT;64276;1
HENKEL GENERALAGENTUR DER NÜRNBERGER VERSICHERUNGEN INH. GEORG EGGER;64276;1
DEUTSCHE POST AG SNL HR DEUTSCHLAND;64276;1
KLINIKUM DARMSTADT;64276;1
HOTTINGER BRÜEL & KJAER GMBH;64276;1
PROCTER & GAMBLE PHARMACEUTICALS - GERMANY GMBH;64276;1
EVANGELISCHE KIRCHE IN HESSEN-NASSAU KIRCHENVERWALTUNG;64276;1
STAATSANWALTSCHAFT DARMSTADT;64276;1
TECHNISCHE UNIVERSITÄT DARMSTADT DER PRÄSIDENT;64277;1
POSTBANK NL FFM AUSSENSTELLE DARMSTADT;64278;1
HESSISCHES LANDESSOZIALGERICHT UND SOZIALGERICHT;64278;1
STADT- UND KREIS-SPARKASSE;64278;1
LANDGERICHT DARMSTADT;64278;1
GSI HELMHOLTZZENTRUM GESELLSCHAFT F. SCHWERIONENFORSCHUNG MBH;64278;1
REGIERUNGSPRÄSIDIUM DARMSTADT;64278;1
STAATSKASSE DARMSTADT;64278;1
MERCK ACCOUNTING SOLUTIONS & SERVICES EUROPE GMBH;64279;1
GOLDWELL VERTRIEBS-GMBH;64280;1
DEUTSCHE POST AG NIEDERLASSUNG BRIEF DARMSTADT;64305;1
TRANSGOURMET DEUTSCHLAND GMBH & CO. OHG;64306;1
T-SYSTEMS INTERNATIONAL GMBH;64307;1
POWER & AIR SOLUTIONS GMBH;64307;1
KAO GERMANY GMBH;64308;1
INTERMAIL DIREKTMARKETING GMBH;64346;1
COVER GIRL GMBH;64517;1
PROCTER & GAMBLE MANUFACTURING GMBH;64517;1
BETRIX COSMETIC GMBH;64517;1
EUROCOS COSMETIC GMBH;64517;1
LANDRATSAMT GROSS-GERAU;64518;1
AMTSGERICHT GROSS-GERAU;64518;1
AOK GESCHÄFTSSTELLE GROSS-GERAU;64518;1
DETEC FERTIGUNG GMBH;64518;1
FINANZAMT GROSS-GERAU;64518;1
KREISKRANKENHAUS GROSS-GERAU;64518;1
DEHA ANKERSYSTEME GMBH & CO. KG;64518;1
DAS INSERAT VERLAG GMBH;64542;1
NCH GMBH;64543;1
DER MAGISTRAT DER STADT MÖRFELDEN-WALLDORF;64543;1
GESIPA BLINDNIETTECHNIK GMBH;64545;1
FERNMELDEVERKAUFSBEZIRK;64623;1
IKK SÜDHESSEN;64623;1
MAGISTRAT DER STADT BENSHEIM;64623;1
MILLENIUM SCHUHE GMBH;64623;1
SIRONA DENTAL SYSTEMS GMBH RECHNUNGSPRÜFUNG;64623;1
SIRONA INTERNATIONAL HOLDING GMBH;64624;1
SIRONA IMOBILIEN GMBH;64624;1
SIRONA DENTAL SYSTEMS BETEILIGUNGS- UND VERWALTUNGS GMBH;64624;1
SIRONA DENTAL VERWALTUNGS GMBH & CO. KG;64624;1
SIRONA DENTAL SERVICES VERWALTUNGS GMBH;64624;1
SIRONA DENTAL SERVICES GMBH & CO. KG;64624;1
PIRELLI REIFENWERKE GMBH;64738;1
HÜBBE REISEN OHG;64738;1
DBV-WINTERTHUR LEBENSVERSICHERUNG AG;65169;1
DBV-WINTERTHUR LEBENSVERSICHERUNG AKTIENGESELLSCHAFT;65170;1
DBV DEUTSCHE BEAMTEN-VERSICHERUNG AG;65171;1
DBV-WINTERTHUR KRANKENVERSICHERUNG AG;65172;1
BERUFSGENOSSENSCHAFT FÜR FAHRZEUGHALTUNGEN;65173;1
DEPFA DEUTSCHE PFANDBRIEFBANK AG;65173;1
DEURAG DEUTSCHE RECHTSCHUTZ VERS. AG;65173;1
DRUCK- U. VERLAGSHAUS CHMIELORZ GMBH;65173;1
DYCKERHOFF AG;65173;1
ATHORA DEUTSCHLAND SERVICE GMBH;65173;1
RHI MAGNESITA DEUTSCHLAND AG;65173;1
ARBEITSGERICHT WIESBADEN;65173;1
SPRINGER FACHMEDIEN WIESBADEN GMBH;65173;1
HARRASSOWITZ WISSENSCHAFTLICHE BUCHHANDLUNG;65174;1
HESSISCHES POLIZEIVERWALTUNGSAMT;65174;1
HESSISCHES MINISTERIUM DES INNERN UND FÜR SPORT;65174;1
HESSISCHES MINISTERIUM DER JUSTIZ;65174;1
HESSISCHES LANDESAMT FÜR BODENMANAGEMENT UND GEOINFORMATION;65174;1
LANDESBESCHAFFUNGSSTELLE HESSEN;65174;1
INFRASERV GMBH & CO.;65174;1
HESSISCHES MINISTERIUM DER FINANZEN;65174;1
HESSISCHES MINISTERIUM FÜR WIRTSCHAFT, ENERGIE, VERKEHR, WOHNEN & LÄNDL. RAUM;65174;1
GEMEINNÜTZIGE URLAUBSKASSE FÜR DAS MALER - UND LACKIERERHANDWERK E.V.;65174;1
SPARKASSENVERSICHERUNG;65174;1
LANDESWOHLFAHRTSVERBAND HESS. ZWEIGVERWALTUNG WIESBADEN;65174;1
LOHNAUSGLEICHSKASSE FÜR DAS DACHDECKERHANDWERK;65174;1
KLINIKEN DER LANDESHAUPTSTADT WIESBADEN DR.- HORST- SCHMIDT- KLINIKEN;65174;1
HESSISCHES MINISTERIUM FÜR WISSENSCHAFT UND KUNST;65174;1
HESSISCHER LANDTAG;65174;1
HESSISCHER KULTUSMINISTER;65174;1
HENKELL & CO. SEKTKELLEREI KG HENKELL & CO. GRUPPE;65174;1
ST. JOSEFS-HOSPITAL;65175;1
UNIVERSUM VERLAG GMBH;65175;1
WIESBADENER VOLKSBANK EG;65175;1
GVV-KOMMUNALVERSICHERUNG VVAG;65175;1
URLAUBS-UND AUSGLEICHSKASSE DER BAUWIRTSCHAFT;65175;1
LANDESHAUPTSTADT DER MAGISTRAT - ORDNUNGSAMT -;65175;1
LANDESHAUPTSTADT WIESBADEN DER MAGISTRAT;65175;1
ESWE VERSORGUNGS AG;65175;1
NASSAUISCHE SPARKASSE RECHNUNGSEINGANG;65175;1
POLIZEIPRÄSIDIUM WESTHESSEN;65175;1
HESSISCHES STATISTISCHES LANDESAMT;65175;1
HESSISCHES AMT FÜR VERSORGUNG UND SOZIALES;65175;1
BUNDESWEHRDIENSTLEISTUNGSZENTRUM (BWDLZ) IDAR-OBERSTEIN - CAMPUSSERVICE WIESBADEN;65175;1
LANDESHAUPTSTADT DER MAGISTRAT;65175;1
STAATSANWALTSCHAFT BEIM LANDGERICHT;65175;1
ITT RHEINHÜTTE PUMPEN GMBH;65176;1
CHEMISCHE FABRIK KREUSSLER & CO. GMBH;65176;1
EDILON SEDRA GMBH;65176;1
GRANT THORNTON AG WIRTSCHAFTSPRÜFUNGSGESELLSCHAFT;65176;1
FEDERAL MOGUL WIESBADEN GMBH;65177;1
HANS W. BARBE CHEMISCHE ERZEUGNISSE GMBH;65177;1
DOW SILICONES DEUTSCHLAND GMBH;65177;1
STICKEL U. CO. GMBH;65177;1
HARALD REIF DIPL.-BETRIEBSWIRT;65177;1
BK-STAHLHANDEL GMBH;65177;1
DBV-WINTERTHUR HOLDING AKTIENGESELLSCHAFT;65178;1
ZUSATZVERSORGUNGSKASSE DES BAUGEWERBES;65179;1
STATISTISCHES BUNDESAMT;65180;1
VR SMART FINANZ AG;65209;1
DEUTSCHE POST AG NIEDERLASSUNG BRIEF WIESBADEN;65212;1
R+V BETRIEBSKRANKENKASSE;65215;1
PS-TEAM;65216;1
MCE BANK GMBH;65218;1
VERTRIEBSUNION MEYNEN GMBH & CO. KG;65341;1
OPEL AUTOMOBILE GMBH;65423;1
STADTKRANKENHAUS;65424;1
RUDOLF FRITZ GMBH;65424;1
GM FINANCIAL INSURANCE SERVICES GMBH;65424;1
EDS ELECTRONIC DATA SYSTEMS;65424;1
AVS AUTOMOTIVE VERSICHERUNGSSERVICE GMBH;65424;1
OPEL BANK GMBH;65424;1
GEBR. GRAULICH;65438;1
DEUTSCHE SHELL;65438;1
HENNIG ARZNEIMITTEL GMBH;65438;1
KÜHNE & NAGEL LUFTFRACHT GMBH;65450;1
DHL DANZAS + OCEAN GERMANY GMBH;65450;1
SCHENKER-BTL (DEUTSCHLAND) AG;65450;1
BÜROSHOP24 GMBH;65473;1
STANLEY BLACK & DECKER DEUTSCHLAND GMBH;65509;1
HAUS MARIA ELISABETH;65717;1
VATER & JUNGHÄNEL RECHTSANWÄLTE UND NOTARE;65717;1
STADTWERKE HOFHEIM MAGISTRAT DER STADT;65717;1
MAIN-TAUNUS-KREIS KREISAUSSCHUSS;65717;1
MAGISTRAT DER STADT HOFHEIM TS.;65717;1
INNUNGSKRANKENKASSE;65717;1
STOSS-MEDICA MEDIZINTECHNIK GMBH;65717;1
AVOXA - MEDIENGRUPPE DEUTSCHE APOTHEKER GMBH, APOTHEKERHAUS ESCHBORN;65756;1
DEUTSCHE TELEKOM AG NIEDERLASSUNG ESCHBORN;65756;1
PSD BANK FRANKFURT AM MAIN EG;65756;1
UNIELEKTRO GMBH;65756;1
DATA GENERAL GMBH;65757;1
SAMSUNG C&T DEUTSCHLAND GMBH;65757;1
EUROHYPO AKTIENGESELLSCHAFT;65758;1
TASSO;65784;1
CARTO TRAVEL VERLAG GMBH + CO KG;65810;1
PROCTER & GAMBLE GMBH;65823;1
CLARIANT GMBH;65840;1
UELZENER MASCHINENFABRIK FRIEDRICH MAURER GMBH;65842;1
AVENTIS PHARMA DEUTSCHLAND GMBH;65842;1
GUERBET GMBH;65842;1
BRÜGELMANN GMBH;65842;1
SPECTRUM BRANDS GROUP TETRA GMBH;65842;1
WRH GLOBAL DEUTSCHLAND GMBH;65842;1
GEMEINDE SULZBACH (TAUNUS);65842;1
TICONA GMBH;65844;1
ABELE-OPTIK;65925;1
WESNER FRANKFURT GMBH;65925;1
BÄRSCH NACHF. GMBH;65925;1
ALD AUTOLEASING D GMBH;65925;1
SÜWAG ENERGIE AG;65925;1
HOMMEL HERCULES;68517;1
VIERNHEIMER TAGEBLATT;68517;1
BEZIRKSSPARKASSE VIERNHEIM;68517;1
LOG SPED GMBH;68517;1
MAGISTRAT DER STADT VIERNHEIM;68517;1
BASF LAMPERTHEIM;68619;1
IXYS SEMICONDUCTOR GMBH;68619;1
VOLKSBANK KREIS BERGSTRASSE EG;68619;1
DB FERNVERKEHR GMBH C/O GHP;96063;1
SAALFRANK QUALITÄTSWERBEARTIKEL GMBH;97419;1
DEUTSCHE POST AG SNL KUNDENTELEFON BRIEFERMITTLUNGSSTELLE MARBURG;35031;1
PHILIPPS-UNIVERSITÄT;35032;1
PHARMASERV GMBH;35034;1
KREISVERWALTUNG/LANDRATSAMT MARBURG-BIEDENKOPF;35034;1
LANDKREIS MARBURG KREISJOBCENTER;35034;1
DEUTSCHE POST AG NIEDERLASSUNG FILIALEN MARBURG;35034;1
AGENTUR FÜR ARBEIT MARBURG;35036;1
PASCOE SERVICE GMBH;35383;1
KLINIKUM DER JLU;35385;1
DEUTSCHE POST AG ZUSTELLSTÜTZPUNKT GIESSEN;35386;1
DEUTSCHE TELEKOM AG NIEDERLASSUNG GIESSEN;35386;1
KASSENÄRZTLICHE VEREINIGUNG HESSEN;35387;1
AMTSGERICHT GIESSEN;35387;1
SPARKASSE GIESSEN;35387;1
JUSTUS-LIEBIG-UNIVERSITÄT;35387;1
INDUSTRIE- UND HANDELSKAMMER GIESSEN;35387;1
FINANZAMT GIESSEN;35387;1
TUCKER GMBH;35387;1
LANDGERICHT GIESSEN;35387;1
METTLER-TOLEDO GMBH;35387;1
UNIVERSITÄTSSTADT GIESSEN -DER MAGISTRAT-;35387;1
STAATSANWALTSCHAFT BEI DEM LANDGERICHT;35387;1
DEUTSCHE POST AG NIEDERLASSUNG BRIEF GIESSEN;35402;1
BKK MITTELHESSEN GESCHÄFTSSTELLE BUDERUS WETZLAR;35573;1
BARMER GEK;35573;1
BUDERUS AG;35573;1
ERF MEDIEN E.V.;35573;1
FINANZAMT WETZLAR;35573;1
LOH OPTIKMASCHINEN AG;35573;1
STADT WETZLAR;35573;1
BOSCH THERMOTECHNIK GMBH;35573;1
CONTINENTAL AUTOMOTIVE TECHNOLOGIES GMBH;35573;1
DER LANDRAT DES LAHN-DILL-KREISES;35573;1
EDELSTAHLWERKE BUDERUS AG;35573;1
HEXAGON METROLOGY GMBH;35573;1
LAHN-DILL- KLINIKEN GMBH;35573;1
SATISLOH GMBH;35573;1
TESTPANEL MARKTFORSCHUNGSINSTITUT GMBH;35573;1
WETZLARDRUCK GMBH;35573;1
BUDERUS SPEZIALGUSS GMBH;35573;1
LEICA MICROSYSTEMS CMS GMBH;35573;1
SPARKASSE WETZLAR;35573;1
ÜGP MVZ INSTITUT FÜR PATHOLOGIE, DERMATOPATHOLOGIE, ZYTOLOGIE UND;35573;1
WILHELM RINK GMBH & CO. KG;35573;1
PLDS GERMANY GMBH PHILIPS LITEON DIGITAL SOLUTIONS GMBH;35573;1
AGENTUR FÜR ARBEIT WETZLAR;35573;1
HERBERT ARNOLD GMBH & CO. KG;35779;1
BOCHEM-INSTRUMENTE GMBH;35779;1
LANDRATSAMT UND KREISVERWALTUNG;35779;1
ROSENKRANZ & CIE METALLWARENFABRIK;35779;1
CAMPE & OHFF;36338;1
KREISAUSSCHUSS DES VOGELSBERGKREISES;36339;1
AHLBRANDT SYSTEM GMBH;36339;1
GUSTAV STABERNACK GMBH;36339;1
KRANKENHAUS EICHHOF;36339;1
LBF TECHNIK GMBH;36339;1
BALZER GMBH;36339;1
LEONHARD DÖLL GMBH & CO. KG;36339;1
SPARKASSE OBERHESSEN;36339;1
HARMONIC DRIVE;65547;1
KRANKENHAUSGESELLSCHAFT ST. VINCENZ MBH;65547;1
MISSIONSHAUS DER PALLOTTINER;65547;1
STADTVERWALTUNG LIMBURG;65547;1
WACHTTURM BIBEL- UND TRAKTAT- GESELLSCHAFT E.V.;65617;1
SOZIALVERSICHERUNG FÜR LANDWIRTSCHAFT FORSTEN UND GARTENBAU (SVLFG);34105;1
LANDESBETRIEB HESSISCHES LANDESLABOR;34106;1
VERSICHERER IM RAUM DER KIRCHEN BRUDERHILFE PAX FAMILIENFÜRSORGE;34108;1
UNIVERSITÄT KASSEL;34109;1
REGIERUNGSPRÄSIDIUM KASSEL ZENTRALE BUSSGELDSTELLE, DEZERNAT 44;34110;1
BIOSCIENTIA MVZ LABOR MITTELHESSEN GMBH;34111;1
EXTRA-TIP WERBEGESELLSCHAFT GMBH & CO.KG;34111;1
EAM-GESCHÄFTSSTELLE KASSEL;34111;1
LANDGERICHT KASSEL;34111;1
WOHNSTADT STADTENTWICKLUNGS- UND WOHNUNGSBAUGESELLSCHAFT HESSEN MBH;34111;1
KASSELER SPARKASSE;34111;1
FINANZAMT KASSEL I;34111;1
DIERICHS GMBH U. CO.;34111;1
DEUTSCHE TELEKOM AG NIEDERLASSUNG KASSEL;34111;1
DEBEKA VERSICHERUNG;34111;1
FINANZAMT KASSEL II - HOFGEISMAR;34111;1
HESSISCHE LANDGESELLSCHAFT MBH;34111;1
STAATSANWALTSCHAFT KASSEL;34111;1
INDUSTRIE- UND HANDELSKAMMER KASSEL-MARBURG;34111;1
K + S AKTIENGESELLSCHAFT;34111;1
AMTSGERICHT KASSEL;34111;1
JUSTIZVOLLZUGSANSTALT KASSEL I;34111;1
PRIVATBRAUEREI A. KROPF GMBH & CO KG;34111;1
LANDESBETRIEB LANDWIRTSCHAFT HESSEN;34111;1
EAM NETZ GMBH;34111;1
ZIVILSENATE DES OBERLANDESGERICHTS;34111;1
ELISABETH-KRANKENHAUS GGMBH;34111;1
EVANGELISCHE BANK EG;34111;1
EGM ERDGAS MITTELDEUTSCHLAND GMBH;34111;1
UNIVERSITÄT KASSEL UNIVERSITÄTSBIBLIOTHEK;34111;1
DEUTSCHE RENTENVERSICHERUNG KNAPPSCHAFT- BAHN-SEE GESCHÄFTSSTELLE KASSEL;34111;1
ARBEITSGERICHT KASSEL;34111;1
BUCH + KUNST LOMETSCH GMBH;34112;1
HBS HESSISCHE BEZÜGESTELLE;34112;1
DEUTSCHE BUNDESBANK FILIALE KASSEL;34112;1
R. & V. VERSICHERUNG;34112;1
WINTERSHALL DEA AG;34112;1
STADT KASSEL;34112;1
VEREINTE VERSICHERUNG AG;34112;1
LANDESKREDITKASSE ZU KASSEL;34112;1
STÄDTISCHE WERKE AG;34112;1
REGIERUNGSPRÄSIDIUM KASSEL;34112;1
SPARDA-BANK;34112;1
RAIFFEISEN WAREN GMBH;34112;1
LANDKREIS KASSEL -DER KREISAUSSCHUSS-;34112;1
LWV LANDESWOHLFAHRTSVERBAND HESSEN HAUPTVERWALTUNG;34112;1
KRAUSS-MAFFEI WEGMANN GMBH & CO. KG;34112;1
DAIMLER TRUCK AG WERK KASSEL HPC 281 H;34112;1
VOLKSBUND DEUTSCHE KRIEGSGRÄBERFÜRSORGE;34112;1
LANDESBAUSPARKASSE HESSEN-THÜRINGEN NIEDERLASSUNG KASSEL;34112;1
POLIZEIPRÄSIDIUM NORDHESSEN;34112;1
RGM EXPERSITE GMBH;34112;1
PROZESS-UND MASCHINEN-AUTOMATION GMBH (PMA);34113;1
BODE - DIE TÜR GMBH;34113;1
STRUKTON RAILINFRA GMBH;34113;1
WEGU GMBH;34113;1
BOSCH COMMUNICATION SECURITY & IMAGING;34113;1
DIPLOM. VOLKSWIRT MANFRED KILIAN E.K.;34114;1
EV. LANDESKIRCHENAMT;34114;1
TECHNIKER KRANKENKASSE TKK;34114;1
HESSISCHER RUNDFUNK STUDIO KASSEL;34114;1
CVJM GESAMTVERBAND IN DEUTSCHLAND E.V.;34114;1
BUNDESSOZIALGERICHT;34114;1
DEUTSCHE POST AG NIEDERLASSUNG BRIEF KASSEL;34115;1
AGENTUR FÜR ARBEIT KASSEL;34195;1
FAMILIENKASSE HESSEN;34196;1
B. BRAUN MELSUNGEN AG;34209;1
VOLKSWAGEN AG WERK KASSEL;34219;1
SMA SOLAR TECHNOLOGY AG;34265;1
SPARKASSE WALDECK-FRANKENBERG;34495;1
STADTVERWALTUNG KORBACH;34495;1
LANDKREIS WALDECK-FRANKENBERG;34495;1
DEUTSCHE POST AG ZUSTELLSTÜTZPUNKT KORBACH;34495;1
PORESTA SYSTEMS GMBH;34535;1
RHEUMAKLINIK DER LVA OLDENBURG-BREMEN;34535;1
DER FÜRSTENHOF, FACHKLINIK;34535;1
SPARKASSE WALDECK-FRANKENBERG GESCHÄFTSSTELLE BAD WILDUNGEN;34535;1
STADTVERWALTUNG BAD WILDUNGEN;34535;1
STAATSBAD BAD WILDUNGEN GMBH;34535;1
REHA-KLINIK HELENENQUELLE;34535;1
SCHWALM-EDER-KREIS;34574;1
VIESSMANN WERKE GMBH & CO KG;35107;1
AGENTUR FÜR ARBEIT FULDA;36028;1
ADECCO PERSONALDIENSTLEISTUNGEN GMBH;36030;1
FINANZAMT FULDA;36035;1
DEUTSCHE POST AG ZUSTELLSTÜTZPUNKT FULDA;36035;1
SPARKASSE FULDA;36035;1
DEUTSCHE TELEKOM AG, NL SIEGEN STANDORT FULDA;36035;1
JUMO GMBH & CO. KG;36035;1
MEHLER AG;36035;1
STÄDTISCHES KLINIKUM FULDA;36035;1
MEHLER ENGINEERED PRODUCTS GMBH;36035;1
DEUTSCHE POST AG BPO DEUTSCHLAND;36035;1
VERSORGUNGSAMT FULDA;36035;1
MEHLER HAKU GMBH TECHNISCHE TEXTILIEN;36035;1
DEUTSCHE POST AG NIEDERLASSUNG BRIEF FULDA;36047;1
SPARKASSE HÜNFELD NL DER KREISSPARKASSE FULDA;36085;1
LANDKREIS FULDA VERWALTUNGSSTELLE HÜNFELD;36085;1
HFC PRESTIGE MANUFACTURING GERMANY GMBH;36085;1
OBERLANDESGERICHT FRANKFURT AM MAIN SOZIALABTEILUNG HÜNFELD;36085;1
BUNDESGRENZSCHUTZ;36085;1
MAGISTRAT DER STADT HÜNFELD;36085;1
STADTWERKE HÜNFELD GMBH;36085;1
AGENTUR FÜR ARBEIT HÜNFELD;36085;1
REGIERUNGSPRÄSIDIUM KASSEL DEZERNAT 13.2 BEIHILFEN /HÜNFELD;36086;1
LIBRI GMBH;36244;1
KREISKRANKENHAUS BAD HERSFELD GMBH;36246;1
LANDRAT DES LANDKREISES HERSFELD-ROTENBURG;36247;1
AGENTUR FÜR ARBEIT BAD HERSFELD;36247;1
DEUTSCHE POST NIEDERLASSUNG FILIALEN BAD HERSFELD;36247;1
HOEHL-DRUCK GMBH & CO. HERSFELDER ZEITUNG KG;36247;1
FINANZAMT BAD HERSFELD;36247;1
REXEL GERMANY GMBH & CO. KG;36247;1
DER MAGISTRAT DER KREISSTADT BAD HERSFELD;36247;1
KLINIKUM WERRA-MEISSNER GMBH STANDORT ESCHWEGE;37267;1
FINANZAMT ESCHWEGE;37267;1
WERRA-MEISSNER-KREIS DER KREISAUSSCHUSS;37267;1
SPARKASSE WERRA-MEISSNER;37267;1
MEDICO-LAB GMBH;21172;1
STADT LÜNEBURG;21332;1
DIE SPARKASSE;21332;1
LANDESKRANKENHILFE VVAG;21332;1
UNIVERSITÄT LÜNEBURG;21332;1
STÄDTISCHES KRANKENHAUS LÜNEBURG;21332;1
STAATSANWALTSCHAFT LÜNEBURG;21332;1
PSYCHIATRISCHE KLINIK LÜNEBURG GGMBH;21332;1
NIEDERSÄCHSISCHES LANDESAMT FÜR BEZÜGE UND VERSORGUNG ( NLBV);21332;1
LANDKREIS LÜNEBURG;21332;1
INDUSTRIE- UND HANDELSKAMMER LÜNEBURG-WOLFSBURG;21332;1
FINANZAMT LÜNEBURG;21332;1
DOROTHEA HALLE GMBH;21421;1
HANSESTADT STADE ABTEILUNG PERSONAL U. INNERE DIENSTE;21677;1
DOW DEUTSCHLAND INC. WERK STADE;21677;1
LANDKREIS STADE;21677;1
FINANZAMT STADE;21677;1
ELBE KLINIKEN STADE-BUXTEHUDE GMBH;21677;1
OFFIS TEAM;26101;1
STADT OLDENBURG (OLDB);26105;1
AMT FÜR REGIONALE LANDESENTWICKLUNG WESER-EMS;26106;1
AGENTUR FÜR ARBEIT OLDENBURG;26109;1
NORDWEST-ZEITUNG VERLAGSGESELLSCHAFT MBH & CO KG;26110;1
CARL VON OSSIETZKY UNIVERSITÄT OLDENBURG;26111;1
DEUTSCHE TELEKOM AG NIEDERLASSUNG OLDENBURG;26119;1
EDEKA HANDELSGESELLSCHAFT NORDWEST MBH;26119;1
RÜGENWALDER MÜHLE CARL MÜLLER GMBH & CO. KG;26158;1
KURBETRIEBSGESELLSCHAFT BAD ZWISCHENAHN MBH;26158;1
BUNDESWEHRKRANKENHAUS BAD ZWISCHENAHN;26158;1
AUGUST BRÖTJE GMBH;26178;1
ZENTRUM FÜR NACHWUCHSGEWINNUNG;26379;1
BUNDESAMT FÜR WEHRTECHNIK UND BESCHAFFUNG -S6-;26379;1
STANDORTVERWALTUNG WILHELMSHAVEN;26379;1
LOGISTIKZENTRUM DER BUNDESWEHR;26379;1
MARINEARSENAL;26379;1
BERUFSFÖRDERUNGSDIENST;26379;1
STADT WILHELMSHAVEN - DER OBERSTADTDIREKTOR -;26380;1
UNFALLVERSICHERUNG BUND UND BAHN ABT. KÜNSTLERSOZIALKASSE;26380;1
NV-VERSICHERUNGEN VVAG;26425;1
SCHECKER GMBH;26623;1
FINANZAMT WESTERSTEDE;26653;1
STADT WESTERSTEDE;26653;1
STEINHOFF SERVICE GMBH;26653;1
DEUTSCHE TELEKOM AG NIEDERLASSUNG LEER;26787;1
LANDKREIS LEER;26787;1
J. BÜNTING BETEILIGUNGS AG;26787;1
OLDENBURGISCHE LANDESBANK AG;26787;1
OSTFRIESEN-ZEITUNG GMBH;26787;1
KREISSPARKASSE, ASCHENDORF-HÜMMLING ZU PAPENBURG;26869;1
MEYER WERFT GMBH & CO. KG;26869;1
GEORG ROLL BRIEFMARKEN GMBH;26930;1
ABFALL WIRTSCHAFTSGESELLSCHAFT MBH;27209;1
VBS BASTEL-SERVICE;27270;1
DEUTSCHE POST AG ZUSTELLSTÜTZPUNKT VERDEN/ALLER;27281;1
KREISSPARKASSE VERDEN;27281;1
AMTSGERICHT VERDEN;27281;1
NIEDERSÄCHSISCHES LANDESAMT FÜR SOZIALES, JUGEND U. FAMILIE;27281;1
LANDKREIS VERDEN;27281;1
LANDGERICHT VERDEN;27281;1
STAATSANWALTSCHAFT VERDEN;27281;1
DASO MARKETING GMBH;27298;1
VOLKSBANK NIEDERSACHSEN-MITTE EG;27317;1
AVIDES MEDIA AG;27357;1
DMK DEUTSCHES MILCHKONTOR GMBH;27400;1
LANDKREIS CUXHAVEN;27470;1
GOTTFRIED STEHNKE BAUUNTERNEHMUNG GMBH & CO. KG;27709;1
AOK - DIE GESUNDHEITSKASSE FÜR NIEDERSACHSEN REG.-DIR. OSTERHOLZ;27709;1
FAUN UMWELTTECHNIK GMBH;27709;1
OSTERHOLZER ZEITUNGSVERLAG GMBH;27709;1
MÖBELHAUS KÄTHE MEYERHOFF GMBH;27709;1
FINANZAMT OSTERHOLZ-SCHARMBECK;27709;1
TEREX GMBH;27747;1
BUNDESWEHR ADELHEIDE;27747;1
FINANZAMT DELMENHORST;27747;1
DELME KLINIKUM DELMENHORST GMBH;27747;1
DEUTSCHE POST AG ZUSTELLSTÜTZPUNKT DELMENHORST;27747;1
EK GROUP GMBH;28104;1
PAUL SCHRADER GMBH & CO. KG;28182;1
PANZERGRENADIERBATAILLON 323 (PZGRENBTL 323);28788;1
STANDORTVERWALTUNG SCHWANEWEDE;28788;1
FINANZAMT SYKE;28855;1
KREISZEITUNG;28855;1
LANDKREIS DIEPHOLZ;28855;1
AOK - REGIONALDIREKTION SYKE;28855;1
DODENHOF POSTHAUSEN KG;28869;1
AGENTUR FÜR ARBEIT CELLE;29216;1
HEINZE GMBH;29219;1
STADT CELLE;29220;1
DEUTSCHE POST AG NL BRIEF CELLE;29270;1
BUTTING;29377;1
ALLGEMEINE ZEITUNG;29523;1
HANSESTADT UELZEN;29523;1
DEUTSCHE POST AG ZUSTELLSTÜTZPUNKT UELZEN;29523;1
FINANZAMT UELZEN;29523;1
DEUTSCHE TELEKOM AG NIEDERLASSUNG UELZEN;29523;1
KLINIKUM UELZEN GMBH;29523;1
NORDZUCKER AG WERK UELZEN;29523;1
UELZENA EG;29523;1
AGENTUR FÜR ARBEIT UELZEN INTERNER DIENSTBETRIEB LÜNEBURG;29523;1
SPARKASSE UELZEN;29523;1
LANDKREIS UELZEN;29523;1
HAGEBAU ÖSTERREICH GMBH & CO. KG;29611;1
HAGEBAU HANDELSGESELLSCHAFT F. BAUSTOFFE GMBH & CO. KG ABT. BELEGVORBEREITUNG;29612;1
H./G./K. HOTEL- UND GASTRONOMIE-KAUF EG;30127;1
SCHLÜTERSCHE VERLAGSGESELLSCHAFT MBH & CO.KG;30130;1
FAMILIENKASSE NIEDERSACHSEN-BREMEN;30131;1
BERUFSGENOSSENSCHAFT VERKEHRSWIRTSCHAFT POST-LOGISTIK, TELEKOMMUNIKATION;30132;1
VHV ALLGEMEINE KAUTIONSVERSICHERUNG;30133;1
ENERGIE-BKK;30134;1
DEUTSCHE APOTHEKER UND ÄRZTEBANK E.G ZENTRALES SERVICE ZENTRUM;30135;1
VHV VEREINIGTE HANNOVERSCHE VERSICHERUNG;30138;1
DEUTSCHE POSTBANK AG NIEDERLASSUNG HANNOVER;30139;1
VERSICHERUNGSGRUPPE HANNOVER LANDSCHAFT. BRANDKASSE PROVINZIAL LEBENSVERS.;30140;1
BERUFSGENOSSENSCHAFT DER BAUWIRTSCHAFT BEZIRKSVERWALTUNG HANNOVER (BG BAU);30141;1
KG-413;30142;1
AOK DIE GESUNDHEITSKASSE FÜR NIEDERSACHSEN REGIONALDIREKTION;30142;1
PFLE-703;30142;1
FAM-403;30142;1
KS-542;30142;1
BMGMT-603;30142;1
DEUTSCHE TELEKOM AG NIEDERLASSUNG HANNOVER;30145;1
VERLAGSGESELLSCHAFT MADSACK GMBH & CO.;30148;1
NIEDERSÄCHSISCHES LANDESAMT FÜR BEZÜGE UND VERSORGUNG (NLBV);30149;1
NORD/LB;30151;1
SPARDA BANK HANNOVER EG;30153;1
GE MONEY BANK GMBH;30154;1
SOZIALVERSICHERUNG FÜR LANDWIRTSCHAFT FORSTEN UND GARTENBAU;30156;1
VARTA AUTOBATTERIE GMBH;30417;1
VARTA AG;30417;1
VB AUTOBATTERIE GMBH;30417;1
MDKN MEDIZINISCHER DIENST DER KRANKENVERSICHERUNG NIEDERSACHSEN;30517;1
MECKLENBURGISCHE VERSICHERUNGS- GESELLSCHAFTEN;30619;1
TUI DEUTSCHLAND GMBH;30620;1
CONCORDIA VERSICHERUNGSGRUPPE;30621;1
HANNOVERSCHE-CONSULT GMBH;30622;1
MEDIZINISCHE HOCHSCHULE HANNOVER;30623;1
ITSC GMBH;30645;1
BERUFSGENOSSENSCHAFT ROHSTOFFE U. CHEMISCHE INDUSTRIE, SCANZENTRUM;30684;1
DEUTSCHE POST AG NIEDERLASSUNG BRIEF HANNOVER;30690;1
DEUTSCHE POST AG (DMC) DIREKT MARKETING CENTER HANNOVER;30692;1
DEUTSCHE POST AG NIEDERLASSUNG PRODUKTION PAKET;30700;1
HEYCOM;30820;1
SAZ SERVICES GMBH;30821;1
DEUTSCHE RENTENVERSICHERUNG BRAUNSCHWEIG-HANNOVER;30875;1
SIEMENS AG ZWEIGNIEDERLASSUNG HANNOVER;30876;1
ROBERT-KOCH-KRANKENHAUS;30988;1
STADTVERWALTUNG STADT ELZE;31007;1
AGENTUR FÜR ARBEIT HILDESHEIM;31121;1
SPARKASSE HILDESHEIM GOSLAR PEINE;31130;1
EGEPACK GMBH & CO. KG;31131;1
SOENNECKEN EG BELEGMANAGEMENT;31131;1
PRISMA BÜRORING SERVICE GMBH BELEGMANAGEMENT;31131;1
MOBILOCLEAN HANDELSGRUPPE GMBH + CO. KG BELEGMANAGEMENT;31131;1
LSG FRANCE S.A.S FRANCE;31131;1
GREENBASE E. G. DOKUMENTEN - MANAGEMENT;31131;1
GFT GEMEINSCHAFT FERNMELDETECHNIK EG;31131;1
EXPERT SE;31131;1
COMPUTER COMPASS GMBH;31131;1
A.T.U AUTO-TEILE UNGER HANDELS GMBH & CO.KG BELEGMANAGEMENT;31131;1
WIEDEMANN GMBH & CO. KG BELEGMANAGEMENT;31131;1
LSG LUFTHANSA SERVICE HOLDING NEU-ISENBURG;31131;1
VR DISKONTBANK GMBH;31131;1
LSG LINEARIS SAS BELEGMANAGEMENT;31131;1
UNTERNEHMENSGRUPPE IDEN;31131;1
TEAMFAKTOR NW GMBH ZENTRALREGULIERUNG COPA;31131;1
STARFOOD SRL ITALY;31131;1
SGH SERVICE GMBH BELEGMANAGEMENT G5;31131;1
RTL GROUP FINANCIAL SERVICES GMBH;31131;1
NOWEDA EG;31131;1
MATERIAL MARKETING SOLUTIONS LIMITED UK;31131;1
ASSIMA HANDELS GMBH & CO. KG;31131;1
LSG LUFTHANSA SERVICE CATERING- UND DIENSTLEISTUNGSGESELLSCHAFT MBH;31131;1
CITIC DICASTAL (EUROPE) INVESTMENT HOLDINGS GMBH & CO. KG;31131;1
FWD: SERVICEGESELLSCHAFT MBH;31131;1
GATE GOURMET;31131;1
KSM CASTINGS GROUP GMBH BELEGMANAGEMENT;31131;1
IDEE + SPIEL FÖRDERGEMEINSCHAFT SPIELWAREN GMBH & CO.KG;31131;1
LSG SKY CHEFS;31131;1
ASSIMA HOCH2 GMBH;31131;1
SPIRIANT GMBH NEU-ISENBURG, BELEGMANAGEMENT;31131;1
OAKFIELD FARMS SOLUTIONS EUROPE LTD UK;31131;1
G5 GETRÄNKEFACHHANDELS-KOOPERATION GMBH & CO. KG, SGH-BELEGMANAGEMENT;31131;1
DZB BANK GMBH BELEGMANAGEMENT;31131;1
SKYLOGISTIX GMBH NEU-ISENBURG;31131;1
SUPPLY CHAIN S.A.R.L.;31131;1
BAG BELEGMANAGEMENT;31131;1
LANDKREIS HILDESHEIM;31132;1
ST. BERNWARD KRANKENHAUS;31132;1
ROBERT BOSCH CAR MULTIMEDIA GMBH;31132;1
PEINER UMFORMTECHNIK GMBH;31221;1
FINANZAMT PEINE;31221;1
REWE & CO. OHG;31272;1
MIELE & CIE. KG;31272;1
GRZ GENOSSENSCHAFTS-RECHENZENTRALE NORDD. GMBH;31272;1
BKK EXKLUSIV;31273;1
AMTSGERICHT BURGDORF;31300;1
GUTENBERG GMBH;31300;1
STADT BURGDORF;31300;1
FINANZAMT BURGDORF;31300;1
KALI UND SALZ GMBH;31513;1
AKZO NOBEL DECO GMBH;31513;1
MARLEY DEUTSCHLAND GMBH;31513;1
STADT WUNSTORF;31513;1
AOK DIE GESUNDHEITSKASSE FÜR NIEDERSACHSEN;31533;1
KUBALD GMBH;31533;1
AMTSGERICHT NEUSTADT AM RÜBENBERGE;31533;1
LANDKREIS NIENBURG/WESER;31577;1
FINANZAMT STADTHAGEN;31653;1
AMTSGERICHT STADTHAGEN;31653;1
LANDKREIS SCHAUMBURG HAUPTAMT;31653;1
TIMME FACHHANDELSZENTRUM TIMME GMBH;31653;1
AOK - DIE GESUNDHEITSKASSE FÜR NIEDER- SACHSEN REGIONALDIREKTION STADTHAGEN;31653;1
MÖBEL HEINRICH GMBH & CO. ZENTRALVERWALTUNG;31653;1
AMTSGERICHT BÜCKEBURG;31673;1
DIETER PRANGE GMBH U. CO. RIWI-BUCHSTABEN KG;31673;1
NESCHEN COATING GMBH;31673;1
BERNSTEIN SENSO-PLUS GMBH;31673;1
VOLKSBANK IN SCHAUMBURG UND NIENBURG EG INTERNE DIENSTE;31673;1
SE SPEZIAL-ELECTRONIC AG;31673;1
STADT BÜCKEBURG;31673;1
BKK 24;31681;1
ITT BORNEMANN GMBH;31682;1
UNIMOULD GMBH;31682;1
WESERGOLD GETRÄNKEINDUSTRIE GMBH & CO.KG;31735;1
MERKUR VERLAG RINTELN HUTKAP GMBH & CO. KG;31735;1
WERBEAGENTUR WESEMANN;31735;1
DEUTSCHE POSTBANK KREDITSERVICE RATE;31778;1
DSL-BANK;31779;1
KREISSPARKASSE HAMELN-PYRMONT;31783;1
AOK - DIE GESUNDHEITSKASSE FÜR NIEDERSACHSEN;31783;1
BARMER ERSATZKASSE HAMELN;31783;1
PARTNERSCHAFTSPRAXIS FÜR LABORATORIUMSMEDIZIN;31783;1
BONUSCARD HAMELN GMBH;31784;1
C. W. NIEMEYER GMBH & CO. KG;31784;1
VERKEHRSVEREIN HAMELN;31784;1
VOLKSBANK HAMELN E. G.;31784;1
GWS STADTWERKE HAMELN GMBH;31784;1
STADT HAMELN;31784;1
BRUNSWIEK-KLINIK DER LVA BRAUNSCHWEIG;31810;1
KLINIK DR. OTTO BUCHINGER;31810;1
BATHILDISKRANKENHAUS BAD PYRMONT;31810;1
STADT BAD PYRMONT;31810;1
DEUTSCHES ROTES KREUZ;31830;1
DRK BLUTSPENDEDIENST;31830;1
BERTELSMANN MARKETING SERVICE BERTELSMANN DIREKT MARKETING FABRIK GMBH;31830;1
GOTHAER LEBENSVERSICHERUNG A.G.;37069;1
DAK GESUNDHEIT;37070;1
EVANGELISCHES KRANKENHAUS GÖTTINGEN- WEENDE E.V.;37070;1
NOVELIS DEUTSCHLAND GMBH WERK GÖTTINGEN;37070;1
PHYWE SYSTEME GMBH;37070;1
MAX-PLANCK-INSTITUT FÜR MULTIDISZIPLINÄRE NATURWISSENSCHAFTEN;37070;1
TEDOX KG;37070;1
DENVER GMBH;37070;1
LANDKREIS GÖTTINGEN FD 10.1;37070;1
GÖTTINGER TAGEBLATT GMBH & CO. KG;37070;1
GDA WOHNSTIFT GÖTTINGEN;37070;1
FRIEDRICH ZUFALL GMBH & CO. KG INTERNATIONALE SPEDITION;37070;1
FINANZAMT GÖTTINGEN;37070;1
BAILEY-FISCHER & PORTER GMBH MESS- UND REGELTECHNIK;37070;1
AOK - DIE GESUNDHEITSKASSE FÜR NIEDER- SACHSEN REGIONALDIREKTION GÖTTINGEN;37070;1
STADT GÖTTINGEN;37070;1
SARTORIUS AG;37070;1
QIOPTIQ PHOTONICS GMBH & CO. KG;37070;1
NIEDERSÄCHSISCHE STAATS-UND UNIVERSITÄTSBIBLIOTHEK;37070;1
DEUTSCHE TELEKOM AG, NL GÖTTINGEN;37096;1
GEORG-AUGUST-UNIVERSITÄT BEREICH HUMANMEDIZIN MED. FAKULTÄT;37099;1
DEUTSCHE POST AG NIEDERLASSUNG BRIEF GÖTTINGEN;37100;1
DEUTSCHE POST CSC COSTUMER SERVICE CENTER GMBH;37572;1
GEOWELL ERDWÄRME GESCHÄFTSFÜHRUNGS GMBH;37601;1
FINANZAMT HOLZMINDEN;37601;1
GEOWELL ERDWÄRME GMBH & CO.KG;37601;1
SYMRISE AG;37601;1
DRAGOCO GERBERDING & CO. AKTIENGESELLSCHAFT;37601;1
STIEBEL ELTRON DEUTSCHLAND VERTRIEBS GMBH;37601;1
AOK -DIE GESUNDHEITSKASSE FÜR NIEDERSACHSEN BELEGLESEZENTRUM;38083;1
AGENTUR FÜR ARBEIT BRAUNSCHWEIG;38084;1
ADAC FINANZSERVICE;38089;1
RICHARD BOREK GMBH & CO. KG;38090;1
HOSPIZSTIFTUNG FÜR BRAUNSCHWEIG;38090;1
DIRECT FRIENDS;38090;1
ARCHIV VERLAG GMBH;38090;1
ALTA DIENSTLEISTUNGSGESELLSCHAFT;38090;1
DEUTSCHE RENTENVERSICHERUNG BRAUNSCHWEIG - HANNOVER;38091;1
TECHN. UNIVERSITÄT;38092;1
VOLKSWAGEN BANK;38093;1
VOLKSWAGEN LEASING;38094;1
ÖFFENTLICHE VERSICHERUNG BRAUNSCHWEIG;38096;1
DEUTSCHE POST AG NIEDERLASSUNG BRIEF BRAUNSCHWEIG;38140;1
DEUTSCHE POST AG DIREKT MARKETING CENTER BRAUNSCHWEIG;38142;1
VOLKSBANK EG BRAUNSCHWEIG WOLFSBURG;38143;1
LUFTFAHRT-BUNDESAMT;38144;1
SALZGITTER AG;38223;1
ALSTOM LHB;38236;1
MAN TRUCK & BUS GMBH;38237;1
MAST-JÄGERMEISTER SE;38296;1
SCHERING AG;38299;1
LANDKREIS WOLFENBÜTTEL AMT 10 ZENTRALE DIENSTE;38299;1
AOK WOLFENBÜTTEL;38299;1
ROBERT BOSCH GMBH GESCHÄFTSBEREICH MOBILE KOMMUNIKATION;38299;1
STÄDT. KRANKENHAUS;38299;1
WELGER MASCHINENFABRIK GMBH;38299;1
MKN MASCHINENFABRIK KURT NEUBAUER GMBH & CO;38299;1
JUSTIZVOLLZUGSANSTALT WOLFENBÜTTEL;38299;1
DITTMAR FASHION GMBH;38299;1
HERZOG AUGUST BIBLIOTHEK;38299;1
FINANZAMT WOLFENBÜTTEL;38299;1
EV.-LUTH. LANDESKIRCHE IN BRAUNSCHWEIG LANDESKIRCHENAMT REFERAT 30;38299;1
AGENTUR FÜR ARBEIT HELMSTEDT;38346;1
SPORT-THIEME GMBH SPORTVERSANDHAUS;38367;1
FITNESSWERK KUNDENSERVICE;38367;1
STEINECKE GMBH & CO. KG;38367;1
LSW LANDE STADTWERKE WOLFSBURG GMBH & CO.KG;38432;1
BKK FTE;38433;1
AUTOSTADT GMBH;38435;1
VOLKSWAGEN AG;38436;1
AUTO 5000 GMBH;38438;1
DEUTSCHE POST AG FILIALE GIFHORN 1;38516;1
DIAKONISCHE HEIME IN KÄSTORF E.V.;38516;1
STADT GIFHORN;38516;1
LANDKREIS GIFHORN;38516;1
CONTINENTAL TEVES AG & CO OHG;38516;1
SPARKASSE GIFHORN-WOLFSBURG;38516;1
BTN VERSANDHANDEL GMBH;38526;1
DVD-LOGISTIK CENTER;38717;1
DHL HOME DELIVERY GMBH LOGISTIK CENTER BRAUNSCHWEIG;38999;1
STADT NORDHORN DER BÜRGERMEISTER;48522;1
EUREGIOKLINIK GMBH;48522;1
LANDKREIS GRAFSCHAFT BENTHEIM;48522;1
TIEN VERSAND GMBH;48522;1
AGENTUR FÜR ARBEIT OSNABRÜCK;49068;1
INTAN MEDIA-SERVICE GMBH;49070;1
INTAN ABO-SERVICE GMBH & CO. KG;49070;1
BRIDGETEC GMBH & CO. KG;49101;1
SANICARE-APOTHEKE BS-APOTHEKEN OHG;49195;1
ULTRA PHARM;49213;1
JUSTIZVOLLZUGSANSTALT VECHTA FACHBEREICH FINANZEN;49375;1
LANDKREIS VECHTA;49375;1
FINANZAMT VECHTA;49375;1
ALTE OLDENBURGER KRANKENVERSICHERUNG AG;49375;1
ST. MARIENHOSPITAL;49375;1
RASCH GEBR. & CO. TAPETENFABRIK;49562;1
ALLGEMEINE ORTSKRANKENKASSE FÜR NIEDERSACHSEN REGIONALDIREKTION BRAMSCHE;49562;1
DUNI GMBH;49562;1
DEUTSCHE POST AG FILIALBEZIRKSLEITUNG QUAKENBRÜCK;49609;1
DEUTSCHE POST AG ZUSTELLSTÜTZPUNKT QUAKENBRÜCK;49609;1
DEUTSCHE POST AG FILIALE QUAKENBRÜCK;49609;1
CHRISTLICHES KRANKENHAUS E.V.;49609;1
IMWALLE GMBH & CO. KG;49609;1
OM-MEDIEN GMBH & CO. KG;49659;1
LANDKREIS CLOPPENBURG;49659;1
ST.-JOSEFS-HOSPITAL;49659;1
BECKERMANN KÜCHEN GMBH;49691;1
EMP MERCHANDISING HANDELSGESELLSCHAFT;49801;1
LINCRON GMBH & CO;49803;1
DEUTSCHE POST AG ZUSTELLSTÜTZPUNKT LINGEN 1;49803;1
BP EUROPA SE BP LINGEN;49803;1
ST. BONIFATIUS HOSPITAL;49803;1
ERWIN MÜLLER GMBH;49803;1
JUSTIZVOLLZUGSANSTALT JVA I;49803;1
PREUSSAG ENERGIE GMBH;49803;1
P+B ABELE (LYRECO DEUTSCHLAND GMBH);71029;1
FRESSNAPF TIERNAHRUNGS GMBH;04160;1
AGENTUR FÜR ARBEIT DÜSSELDORF;40180;1
KASSENZAHNÄRZTLICHE VEREINIGUNG NORDRHEIN;40181;1
KASSENÄRZTLICHE VEREINIGUNG NORDRHEIN HAUPTSTELLE;40182;1
LEASEPLAN DEUTSCHLAND GMBH;40186;1
FINANZMINISTERIUM DES LANDES NORDRHEIN- WESTFALEN;40190;1
MINISTERIUM FÜR KULTUR UND WISSENSCHAFT;40190;1
LANDESREGIERUNG NRW;40190;1
MINISTERIUM F. ARBEIT U.SOZ. QUALIFIKATION U. TECHNOLOGIE D. LAND NRW;40190;1
LANDESPRESSE- UND INFORMATIONSAMT NORDRHEIN-WESTFALEN;40190;1
MINISTERPRÄSIDENT DES LANDES NORDRHEIN- WESTFALEN;40190;1
MINISTERIUM DES INNERN;40190;1
MINISTERIUM FÜR STÄDTEBAU UND WOHNEN, KULTUR UND SPORT DES LANDES NRW;40190;1
STAATSKANZLEI DES LANDES NRW;40190;1
CHEF DER STAATSKANZLEI DES LANDES NORDRHEIN-WESTFALEN;40190;1
MINISTERIUM FÜR WIRTSCHAFT, ENERGIE, INDUSTRIE, MITTELSTAND DES LANDES NRW;40190;1
MINISTERIUM FÜR BUNDES UND EUROPA- ANGELEGENHEITEN SOWIE INTERNATIONALES;40190;1
MINISTERIUM FÜR FRAUEN, JUGEND, FAMILIE UND GESUNDHEIT DES LANDES NRW;40190;1
MINSTERIUM FÜR UMWELT UND NATURSCHUTZ, LANDWIRTSCHAFT U.VERBRAUCHERSCHUTZ NRW;40190;1
HENKEL AG & CO. KGAA;40191;1
IT. NRW;40193;1
PROVINZIAL VERSICHERUNG AG;40195;1
RHEINISCHE POST;40196;1
PORTIGON AG;40199;1
HEINRICH-HEINE-UNIVERSITÄT;40204;1
DEUTSCHE POST AG NIEDERLASSUNG BRIEF DÜSSELDORF;40250;1
EUROTOPS GVV VERSAND GMBH;40251;1
BILLBOX GMBH;40260;1
DEUTSCHE GLASFASER HOLDING GMBH;40463;1
ARAG;40464;1
AOK RHEINLAND/HAMBURG DIE GESUNDHEITSKASSE;40466;1
MERCEDES-BENZ AG WERK DÜSSELDORF;40467;1
ZA ZAHNÄRZTLICHE ABRECHNUNGSGESELLSCHAFT AG;40542;1
VODAFONE GMBH;40543;1
PB LEBENSVERSICHERUNG AG;40718;1
SCHWARZ PHARMA AG;40786;1
HAUS & HOBBY VERSAND GMBH;40815;1
VERGISS MEIN NICHT VERSAND GMBH;40815;1
ZEUS-VERSAND GMBH;40815;1
AGENTUR FÜR ARBEIT METTMANN;40816;1
ESPRIT EUROPE GMBH;40842;1
STADT MÖNCHENGLADBACH DER OBERBÜRGERMEISTER;41050;1
SANTANDER CONSUMER BANK AG CC BANK AG;41052;1
AGENTUR FÜR ARBEIT MÖNCHENGLADBACH;41054;1
MYBRANDS-ZALANDO GMBH;41200;1
DEUTSCHE POST AG NIEDERLASSUNG BRIEF MÖNCHENGLADBACH;41260;1
RCI BANQUE S.A. NIEDERLASSUNG DEUTSCHLAND;41261;1
BANK 11 FÜR PRIVATKUNDEN UND HANDEL GMBH;41424;1
3 M DEUTSCHLAND GMBH;41453;1
BCA AUTOAUKTIONEN GMBH DOKUMENTENVERWALTUNG;41455;1
STADT NEUSS;41456;1
RHEINLAND KLINIKUM NEUSS GMBH;41456;1
AOK RHEINLAND/HAMBURG-DIE GESUNDHEITSK. REGIONALDIREKTION NEUSS;41456;1
SPARKASSE NEUSS HAUPTSTELLE;41456;1
RHEINLAND HOLDING AG;41456;1
NEUSSER DRUCK UND VERLAG GMBH;41456;1
VERBAND DER VEREINE CREDITREFORM;41456;1
PIERBURG GMBH;41456;1
NISSAN MOTOR DEUTSCHLAND GMBH;41456;1
KREISVERWALTUNG NEUSS;41456;1
FINANZAMT NEUSS 2;41456;1
DEUTSCHE POST EURO EXPRESS DEUTSCHLAND GMBH & CO. OHG GESCHÄFTSBEREICH VERTRIEB;41456;1
CARNEXT GMBH;41456;1
AMTSGERICHT NEUSS;41456;1
ALUMINIUM NORF GMBH;41456;1
RHEINLAND VERSICHERUNGS-AG;41456;1
CARADON ESSER GMBH;41457;1
FASSBENDER, SIEPMANN GMBH + CO.;41457;1
JANSSEN-CILAG GMBH;41457;1
MITUTOYO DEUTSCHLAND GMBH;41457;1
GEBR. FINGER GMBH & CO.KG ABTLG. BUCHHALTUNG + FINANZEN;41457;1
RWE POWER AG KRAFTWERK NEURATH;41513;1
STADTVERWALTUNG GREVENBROICH;41513;1
FINANZAMT GREVENBROICH;41513;1
HYDRO ALUMINIUM PURITY GMBH;41513;1
AMTSGERICHT GREVENBROICH;41513;1
KREISKRANKENHAUS GREVENBROICH;41513;1
KREIS NEUSS DER LANDRAT;41513;1
SPEIRA GMBH;41513;1
KREISKRANKENHAUS DORMAGEN;41538;1
STADT DORMAGEN;41538;1
GÄRTNER PÖTSCHKE KAARST GMBH;41561;1
ZENTRALE PAKETERMITTLUNG;42093;1
BARMENIA KRANKENVERSICHERUNG A.G. -ALLGEMEINE VERSICHERUNGEN-;42094;1
BAU-BERUFSGENOSSENSCHAFT WUPPERTAL;42095;1
DEUTSCHE TELEKOM AG NIEDERLASSUNG WUPPERTAL;42097;1
WESTDEUTSCHE ZEITUNG GMBH & CO. KG;42097;1
TECHNISCHE AKADEMIE WUPPERTAL E.V.;42097;1
STADTSPARKASSE WUPPERTAL;42097;1
FINANZAMT WUPPERTAL - ELBERFELD;42097;1
BERGISCHE UNIVERSITÄT GESAMTHOCHSCHULE WUPPERTAL;42097;1
MERCEDES-BENZ AG NL WUPPERTAL / SOLINGEN / REMSCHEID;42097;1
STAATSANWALTSCHAFT WUPPERTAL;42097;1
AOK RHEINLAND/HAMBURG-DIE GESUNDHEITSK. REGIONALDIREKTION WUPPERTAL;42097;1
GERICHTSKASSE IM AMTSGERICHT;42097;1
BG BAU BERUFSGEN. DER BAUWIRTSCHAFT GESCHÄFTSSTELLE WUPPERTAL (TIEFBAU);42098;1
DEVK DEUTSCHE EISENBAHNVERSICHERUNG;42101;1
STADTVERWALTUNG WUPPERTAL;42269;1
VORWERK SE & CO. KG;42270;1
AXALTA COATING SYSTEMS GERMANY GMBH;42271;1
BARMER VERTRIEBSPARTNERTEAM;42271;1
WSW WUPPERTALER STADTWERKE GMBH;42271;1
VORWERK & CO. (GRÜN);42271;1
VERSORGUNGSAMT WUPPERTAL;42271;1
FINANZAMT WUPPERTAL - BARMEN;42271;1
JOHNSON CONTROLS INTERIORS GMBH;42272;1
AKF BANK GMBH & CO. KG;42273;1
DEUTSCHE POST AG DIREKT MARKETING CENTER DÜSSELDORF;42300;1
KNIPEX-WERK GUSTAV PUTSCH KG;42337;1
EINKAUFSBÜRO DEUTSCHER EISENHÄNDLER GMBH;42387;1
DEUTSCHE POST AG NIEDERLASSUNG BRIEF WUPPERTAL;42409;1
CESTRONICS GMBH ELECTRONIC SECURITY SYSTEMS;42547;1
FINANZAMT VELBERT;42547;1
STADTVERWALTUNG VELBERT;42547;1
C. ED. SCHULTE GMBH;42547;1
AOK RHEINLAND/HAMBURG-DIE GESUNDHEITSK. REGIONALDIREKTION KR. METTMANN;42547;1
KIEKERT AG;42577;1
CISBOX GMBH C/O CISBOX 139044;42645;1
WILKINSON SWORD GMBH;42648;1
AMTSGERICHT SOLINGEN;42648;1
STADTBÜCHEREI SOLINGEN;42648;1
ESAB GMBH;42648;1
FINANZAMT SOLINGEN;42648;1
MARTOR KG;42648;1
HEINR. BÖKER BAUMWERK GMBH;42648;1
RASSPE SYSTEMTECHNIK GMBH & CO. KG;42648;1
ZWILLING J. A. HENCKELS AG;42648;1
RICHARD ABR. HERDER KG;42648;1
STADT SOLINGEN;42648;1
WÜSTHOF GMBH;42648;1
STADTWERKE SOLINGEN GMBH;42648;1
B. BOLL VERLAG DES SOLINGER TAGEBLATTES GMBH & CO.;42648;1
STADT-SPARKASSE SOLINGEN;42648;1
AOK RHEINLAND/HAMBURG-DIE GESUNDHEITSK. REGIONALDIREKTION SOLINGEN;42648;1
DIE BERGISCHE KRANKENKASSE;42715;1
KRUPS GMBH;42717;1
J.F. ZIEGLER KG DRUCKEREI UND VERLAG;42849;1
AMTSGERICHT REMSCHEID;42849;1
STADTSPARKASSE REMSCHEID;42849;1
STADTVERWALTUNG REMSCHEID;42849;1
VAILLANT GMBH;42850;1
SOLIDA-WERK WERKZEUGTECHNIK GMBH & CO. KG;42895;1
STEINHAUS GMBH;42895;1
FINANZAMT REMSCHEID;42895;1
VOLKSBANK REMSCHEID-SOLINGEN EG;42895;1
OERLIKON BARMAG-ZWEIGNIEDERLASSUNG DER OERLIKON TEXTILE GMBH & CO.KG;42895;1
KISTLER REMSCHEID GMBH;42895;1
RAG AKTIENGESELLSCHAFT;45058;1
DEUTSCHE RENTENVERSICHERUNG RENTENVERSICHERUNG;45060;1
DEICHMANN SE;45061;1
COMMERZBANK AG REGIONALCENTER ESSEN;45062;1
THYSSENKRUPP AG;45063;1
MEDION AG;45092;1
DEUTSCHE RENTENVERSICHERUNG SOZIALMEDIZINISCHER DIENST SMD;45093;1
KNAPPSCHAFT KRANKEN- UND PFLEGEVERSICHERUNG;45095;1
OPTA-DATA ABRECHNUNGS GMBH;45097;1
DAK DIGIZ ESSEN;45099;1
GALERIA KARSTADT KAUFHOF GMBH SCANSTELLE;45114;1
VERKAUF ZEITUNGSGRUPPE BILD (VERTRIEB);45116;1
EVANGELISCHES KRANKENHAUS HUYSSENS STIFTUNG GEM.GMBH;45116;1
FINANZAMT ESSEN-SÜD;45116;1
SPORTREDAKTION BILD RUHRGEBIET;45116;1
BUNDESVERBAND DER BETRIEBSKRANKENKASSEN;45116;1
FERROSTAAL SERVICE GMBH;45116;1
FINANZAMT ESSEN-NORD;45116;1
RUDOLF FLUME TECHNIK GMBH;45116;1
MEDIZINISCHE DIENST BUND;45116;1
ASMEDIASYSTEMS/DCS;45116;1
LOGISTIK BILD;45116;1
AOK RHEINLAND DIE GESUNDHEITSKASSE FÜR ESSEN;45116;1
DIE WELT VERLAGSGESELLSCHAFT;45116;1
ATLAS COPCO KOMPRESSOREN GMBH;45116;1
BERUFSGENOSSENSCHAFT HANDEL UND WARENDISTRIBUTION;45116;1
EV. KIRCHENKREIS ESSEN;45116;1
ANZEIGENABTEILUNG BILD RUHRGEBIET UND WESTFALEN;45116;1
RUHRBAHN GMBH;45116;1
ELISABETH-KRANKENHAUS ESSEN GMBH;45116;1
STADTBAHN BETRIEBSFÜHRUNGSGESELLSCHAFT RUHR MBH;45116;1
AMTSGERICHT ESSEN;45116;1
DEUTSCHE BANK AG, FILIALE ESSEN;45116;1
EVONIK TECHNOLOGY & INFRASTRUCTURE GMBH;45116;1
PRODUKTION/LAYOUT BILD RUHRGEBIET;45116;1
GERNERAL MANAGEMENT BILD NRW;45116;1
FOTOREDAKTION BILD RUHRGEBIET;45116;1
FINANZAMT ESSEN-NORDOST;45116;1
REDAKTION BILD RUHRGEBIET;45116;1
SPICER GELENKWELLENBAU GMBH;45116;1
HOCHTIEF CONSTRUCTION AG CIVIL ENGINEERING AND TUNNELING;45117;1
UNIVERSITÄT DUISBURG-ESSEN CAMPUS ESSEN;45117;1
BKK - LANDESVERBAND NORDWEST;45117;1
JUSTIZVOLLZUGSANSTALT ESSEN;45117;1
CREDITREFORM ESSEN STENMANS & WATERKAMP GMBH & CO. KG;45117;1
JOB-CENTER ESSEN;45117;1
HAUS DER TECHNIK E.V.;45117;1
JOB-CENTER MITTE;45117;1
ALFRIED KRUPP VON BOHLEN UND HALBACH KRANKENHAUS GEM. GMBH;45117;1
OHLETZ RECHTSANWÄLTE NOTARE STEUERBERATER;45117;1
PRICEWATERHOUSECOOPERS GMBH WIRTSCHAFTSPRÜFUNGSGESELLSCHAFT;45117;1
RHEIN.-WESTF. TECHNISCHER ÜBERWACHUNGS- VEREIN E.V.;45117;1
RUHRVERBAND;45117;1
JOB-CENTER NEUKUNDENBEREICH (NKB) UND INTEGRATIONPOINT;45117;1
DEUTSCHE TELEKOM AG NIEDERLASSUNG ESSEN;45117;1
EVONIK SERVICES GMBH;45117;1
VERLAG HAPPY WEEKEND;45117;1
GALERIA KAUFHOF GMBH AWIN001006700000;45117;1
HOCHTIEF CONSTRUCTION AG CONSULT;45117;1
JOB-CENTER NORD;45117;1
STADTWERKE ESSEN AG;45117;1
E.ON RUHRGAS AG;45117;1
POLIZEIPRÄSIDENT ESSEN;45117;1
SPARKASSE ESSEN;45117;1
STAATSANWALTSCHAFT ESSEN;45117;1
JOB-CENTER U25;45117;1
INDUSTRIE- UND HANDELSKAMMER FÜR ESSEN, MÜLHEIM AN DER RUHR, OBERHAUSEN ZU ESSEN;45117;1
IKK CLASSIC REGIONALDIREKTION ESSEN;45117;1
HOCHTIEF AKTIENGESELLSCHAFT;45117;1
JOB-CENTER SÜD;45117;1
GALERIA KARSTADT KAUFHOF GMBH HAUPTVERWALTUNG;45119;1
DDG-DEUTSCHES DIENSTLEISTUNGSZENTRUM FÜR DAS GESUNDHEITSWESEN GMBH;45120;1
UNIVERSITÄTSKLINIKUM ESSEN;45122;1
FUNKE MEDIEN GMBH NRW;45123;1
DEUTSCHE POST AG DIREKT MARKETING CENTER ESSEN;45126;1
HOLTKAMP GMBH;45466;1
GENERAL FINANCE SERVICE GMBH;45466;1
EVANGELISCHES KRANKENHAUS MÜLHEIM AN DER RUHR GMBH;45466;1
BESTELL-SERVICE HOLTKAMP;45466;1
SALZGITTER MANNESMANN GROBBLECH GMBH;45466;1
THYSSEN SCHACHTBAU GMBH;45466;1
TENGELMANN WARENHANDELSGESELLSCHAFT KG;45466;1
ST. MARIEN-HOSPITAL GMBH MÜLHEIM A.D. RUHR;45466;1
STADTVERWALTUNG MÜLHEIM AN DER RUHR;45466;1
PRIMUS BETEILIGUNGS- UND VERWALTUNGSGESELLSCHAFT MBH;45466;1
PLUS WARENHANDELSGESELLSCHAFT MBH & CO. KG;45466;1
MÜLHEIMER HANDEL GMBH;45466;1
THYSSEN GUSS AG FRIEDRICH-WILHELMS-HÜTTE;45466;1
AOK RHEINLAND-DIE GESUNDHEITSKASSE REGIONALDIREKTION MÜLHEIM AN DER RUHR;45466;1
SPARKASSE MÜLHEIM AN DER RUHR;45466;1
LEICHTKREDIT GMBH;45466;1
HANS TURCK GMBH & CO. KG;45466;1
KONSUMENTENBERATUNG GMBH;45466;1
DEUTSCHE SB-KAUF HANDELS AG;45466;1
DB MOBILITY LOGISTICS AG;45466;1
MAX-PLANCK-INSTITUT FÜR KOHLENFORSCHUNG;45466;1
RHEINISCH-WESTFÄLISCHE WASSERWERKSGESELLSCHAFT MBH;45466;1
SIEMENS GAS AND POWER GMBH & CO. KG;45466;1
JAUCH UND HÜBENER;45466;1
VVK KREDIT-VERMITTLUNG GESELLSCHAFT FÜR VERBRAUCHERKREDIT MBH;45466;1
WISSOLL;45466;1
SOLITÄR INT. FINANZDIENSTLEISTUNGEN GMBH;45466;1
SIRIUS INKASSO GMBH;45833;1
JOBCENTER OBERHAUSEN;46020;1
AGENTUR FÜR ARBEIT OBERHAUSEN;46040;1
STADT OBERHAUSEN;46042;1
MAN GUTEHOFFNUNGSHÜTTE AG;46142;1
VOLKSBANK EMMERICH-REES EG;46444;1
AGENTUR FÜR ARBEIT WESEL;46480;1
DIENSTLEISTUNGSZENTRUM FÜR KRANKENKASSEN GMBH;46482;1
RECHENZENTRUM FÜR HEILBERUFE GMBH;46482;1
AGENTUR FÜR ARBEIT DUISBURG;47044;1
UNIVERSITÄT DUISBURG-ESSEN CAMPUS DUISBURG;47048;1
STADTVERWALTUNG DUISBURG;47049;1
DETTMER BULK REEDEREI GMBH & CO. KG;47118;1
BINNENSCHIFFAHRTS-VERLAG GMBH;47118;1
AMTSGERICHT DUISBURG-RUHRORT;47118;1
RHENUS MARITIME SERVICES GMBH;47118;1
BUNDESVERBAND DER DEUTSCHEN BINNENSCHIFFAHRT;47118;1
FRANZ HANIEL & CIE GMBH POSTABTEILUNG;47118;1
ST. JOHANNES-HOSPITAL;47163;1
EVANG. U. JOHANN. KRANKENANSTALT DUISBURG-NORD / OBERHAUSEN GMBH;47163;1
DEUTSCHE POST AG NIEDERLASSUNG BRIEF DUISBURG;47299;1
DAIMLER AG NIEDERLASSUNG RHEIN-RUHR;47300;1
TARGOBANK AG ZAHLUNGSVERKEHR;47305;1
SPARKASSE AM NIEDERRHEIN;47439;1
BUNDESKNAPPSCHAFT GESCHÄFTSSTELLE MOERS;47439;1
MOERS FRISCHEPRODUKTE GMBH & CO. KG;47439;1
STADT MOERS;47439;1
SOLVAY CHEMICALS GMBH ZWEIGNIEDERLASSUNG RHEINBERG;47493;1
STADT RHEINBERG;47493;1
MICHAEL SCHIFFER GMBH & CO. DRUCK KG;47493;1
AUMUND FÖRDERERBAU GMBH MASCHINENFABRIK;47493;1
SEMPER IDEM UNDERBERG AG;47493;1
AOK RHEINLAND/HAMBURG-DIE GESUNDHEITSK. REGIONALDIREKTION KREIS WESEL;47493;1
AMTSGERICHT RHEINBERG;47493;1
ST. JOSEF-KRANKENHAUS BETRIEBSSTELLE ST. NIKOLAUS;47493;1
SPARKASSE RHEINBERG;47493;1
STADT NEUKIRCHEN-VLUYN;47504;1
PARADIES GMBH;47504;1
TROX GMBH;47504;1
NEUKIRCHENER VERLAGSGESELLSCHAFT MBH ERZIEHUNGSVEREINS GMBH;47504;1
BAU-UND LIEGENSCHAFTSBETRIEB NRW ZENTRALE;47526;1
REKLAME CENTER;47791;1
LANDGERICHT KREFELD;47792;1
AMTSGERICHT KREFELD;47792;1
STADTVERWALTUNG KREFELD;47792;1
STAATSANWALTSCHAFT KREFELD;47792;1
HELIOS KLINIKUM KREFELD;47795;1
AGENTUR FÜR ARBEIT KREFELD;47796;1
STADT WILLICH;47875;1
PORTICA GMBH MARKETING SUPPORT;47904;1
ORTLINGHAUS-WERKE GMBH;42926;1
AMTSGERICHT WERMELSKIRCHEN;42926;1
EMIL LUX GMBH & CO. KG;42926;1
KRANKENHAUS WERMELSKIRCHEN GMBH;42926;1
OBI GMBH & CO. DEUTSCHLAND KG;42926;1
RHOMBUS ROLLEN GMBH & CO.;42926;1
STADTSPARKASSE WERMELSKIRCHEN;42926;1
STADTVERWALTUNG WERMELSKIRCHEN;42926;1
DEUTSCHE RENTENVERSICHERUNG KNAPPSCHAFT BAHN-SEE GST BERGHEIM;50123;1
ERFTKREIS DER LANDRAT;50124;1
FINANZAMT BRÜHL;50319;1
MAUSER-WERKE GMBH;50319;1
STADT BRÜHL DER BÜRGERMEISTER;50319;1
MARIENHOSPITAL;50319;1
RENAULT DEUTSCHLAND AG;50319;1
INFRASERV GMBH & CO. KNAPSACK KG;50351;1
DEUTSCHER SUPERMARKT AG;50351;1
BRUNATA METRONA GMBH;50351;1
KÃ¶LN-WESSELINGER-EISENBAU MBH;50387;1
DEA MINERALOEL AG WERK UK WESSELING;50387;1
NORTON SCHLEIFMITTEL GMBH;50387;1
SAINT-GOBAIN ABRASIVES GMBH;50387;1
BASELL POLYOLEFINE GMBH WERK WESSELING;50387;1
DREIFALTIGKEITS-KRANKENHAUS;50387;1
GROSSANNAHMESTELLE BZ KÖLN WEST;50399;1
MAZDA BANK NIEDERLASSUNG D. FCE BANK PLC;50413;1
LAND ROVER FINANCIAL SERVICES NIEDERLASSUNG DER FCE BANK PLC.;50413;1
FORD BANK NIEDERLASSUNG DER FCE BANK PLC;50413;1
JAGUAR FINANCIAL SERVICES NIEDERLASSUNG DER FCE BANK PLC.;50413;1
WAHL FINANCE;50415;1
RWE POWER AG;50416;1
DEUTSCHE POST AG NIEDERL. RENTENSERVICE;50417;1
DEUTSCHE POST AG NIEDERLASSUNG KÖLN (PAKET);50418;1
DEUTSCHE POST AG NIEDERLASSUNG BRIEF KÖLN WEST;50419;1
DAIHATSU VERSICHERUNGSDIENST;50422;1
GENERALI DEUTSCHLAND HOLDING AG;50425;1
APOTHEKE LUX 99 ABT. DEUTSCHE INTERNET APOTHEKE;50426;1
REWE ZENTRALFINANZ EG;50428;1
GENERALI SCHADENSERVICE-CENTER KÖLN;50576;1
GENERALI DEUTSCHLAND SCHADENMANAGEMENT GMBH;50581;1
ENVIVAS KRANKENVERSICHERUNG AG;50583;1
ATRADIUS KREDITVERSICHERUNG;50585;1
BERLIN-KÖLNISCHE VERSICHERUNGEN;50586;1
DEUTSCHE POST AG, SSC ACCOUTING KREDITORENBUCHHALTUNG;50588;1
DEUTSCHE POST AG SSC ACC ABT. FAKTURA / REKLAMATIONSMANAGEMENT;50589;1
KÃ¶LNER MORGEN;50590;1
EXPRESS;50590;1
KÃ¶LNER STADT-ANZEIGER;50590;1
M. DUMONT SCHAUBERG EXPEDITION DER KÖLNISCHEN ZEITUNG GMBH;50590;1
ALLIANZ ONE-BUSINESS SOLUTIONS GMBH O-RE-KL-GEBS;50591;1
AXA COLONIA KRANKENVERSICHERUNG AG;50592;1
CENTRAL KRANKENVERSICHERUNG AG;50593;1
EUROPA VERSICHERUNGEN AG;50595;1
AKB AUTOBÖRSE AG;50596;1
GOTHAER VERSICHERUNGEN;50598;1
WESTDEUTSCHER RUNDFUNK KÖLN;50600;1
KREISSPARKASSE KSK KÃ¶LN;50602;1
REWE-ZENTRAL-AG;50603;1
SPARKASSE KÖLN BONN;50604;1
STADT KÖLN STADTHAUS;50605;1
GENOSSENSCHAFTSVERBAND RHEINLAND E.V.;50606;1
PNHR DR. PELKA SOZIEN GMBH;50606;1
BUNDESANZEIGER VERLAGSGESELLSCHAFT MBH;50606;1
SATURN ELECTRO-HANDELSGESELLSCHAFT MBH;50606;1
KOLPINGWERK DEUTSCHLAND N.E.V.;50606;1
BEZIRKSREGIERUNG KÖLN;50606;1
HEINEN-VERLAG GMBH (KÖLNISCHE RUNDSCHAU);50606;1
JT INTERNATIONAL GERMANY GMBH;50606;1
SIGNAL IDUNA;50606;1
INDUSTRIE- UND HANDELSKAMMER ZU KÃ¶LN;50606;1
DEUTSCHE KOLPINGSFAMILIE E. V.;50606;1
IAWR INTERNATIONALE ARBEITSGEMEINSCHAFT DER WASSERWERKE IM RHEINEINZUGSGEBIET;50606;1
ERZBISTUM KÖLN GENERALVIKARIAT;50606;1
AOK RHEINLAND/HAMBURG -DIE GESUNDHEITSKASSE REGIONALDIREKTION KÖLN;50606;1
KRANKENKASSEN-VERBAND F. DEN BEZIRK KÃ¶LN;50606;1
MUSIC + MORE;50606;1
RAIFFEISEN-WAREN RHEIN-MAIN EG;50606;1
KLOSTERFRAU M.C.M. VERTRIEBS GMBH;50606;1
RHEINENERGIE KÖLN;50606;1
ALLIANZ BERATUNGS- UND VERTRIEBS-AG SPEZIALVERTRIEB -GS KÖLN;50606;1
DEUTSCHE POSTBANK AG NIEDERLASSUNG KÖLN;50607;1
ZÜRICH-AGRIPPINA AG;50657;1
FINANZAMT KÖLN-NORD;50658;1
AMB GENERALI PENSIONSKASSE AG;50661;1
OVB VERMÖGENSBERATUNG AG;50662;1
DIÖZESAN-CARITASVERBAND FÜR DAS ERZBISTUM KÖLN E.V.;50662;1
FINANZAMT KÖLN-MITTE;50662;1
LANDSCHAFTSVERBAND RHEINLAND;50663;1
STRABAG PROJEKTENTWICKLUNG GMBH;50664;1
FINANZAMT KÖLN-OST;50664;1
ROLAND RECHTSSCHUTZ-VERS. AG CHARTIS SERVIECETEAM MY HAMMER SCHUTZBF.;50664;1
ATOS ORIGIN GMBH;50664;1
AGIAMONDO E.V.;50664;1
STRABAG AG BEREICH SONDERBAU WAW;50664;1
KOELN MESSE GMBH;50664;1
HAFTPFLICHTVERBAND DER DEUTSCHEN INDUSTRIE V.A.G.;50664;1
DEUTSCHER VERBAND FÜR PHYSIOTHERAPIE (ZVK) E.V.;50664;1
STRABAG BAU-AG NDRL.ING.BAU;50664;1
DEUTSCHE LUFTHANSA AG;50664;1
FORD WERKE GMBH;50725;1
MILCHWERKE KÖLN / WUPPERTAL EG CAMPINA U.A.;50726;1
DR. K. KORSING GMBH & CO.;50726;1
LANDLIEBE GMBH FRIESLANDCAMPINA GERMANY GMBH;50726;1
PARKER HANNIFIN MANUFACTURING GERMANY GMBH& CO. KG;50726;1
RHODANID CHEMIE GMBH;50726;1
HOCHTIEF CONSTRUCTION AG NIEDERLASSUNG KÃ¶LN;50726;1
GÖDDE GMBH;50726;1
CARBOSULF CHEMISCHE WERKE GMBH;50726;1
KAUFHOF AG;50726;1
KEMPEN GMBH;50726;1
BAUER DRUCK KÖLN KG;50727;1
VERSORGUNGSAMT KÖLN;50730;1
SMYTHS TOYS DEUTSCHLAND SE & CO. KG;50819;1
ACTEMIUM CEGELEC WEST GMBH;50819;1
A. NATTERMANN & CIE. GMBH;50820;1
HITSCHLER INTERNATIONAL GMBH & CO. KG;50855;1
ARISTON MEDIA-SERVICE GMBH;50855;1
DEUTSCHES ÄRZTEBLATT;50855;1
LANDGERICHT KÃ¶LN;50922;1
AMTSGERICHT KÖLN;50922;1
MEDIZINISCHE EINRICHTUNGEN DER UNIVERSITÄT ZU KÖLN;50924;1
EVANG. KLINIKUM KÖLN WEYERTAL;50924;1
KRANKENHAUS WEYERTAL;50924;1
FINANZAMT KÖLN-WEST;50925;1
KÃ¶LNER STUDENTENWERK AÃ¶R;50926;1
STAATSANWALTSCHAFT KÖLN;50926;1
IFH KÃ¶LN GMBH;50926;1
MAX-PLANCK-INSTITUT FÜR STOFFWECHSELFORSCHUNG;50926;1
FELIX BÖTTCHER GMBH & CO.KG;50926;1
BUNDESÄRZTEKAMMER BÄK;50926;1
LEHMANNS J. F. MEDIZINISCHE BUCHHANDLUNG GMBH;50926;1
BERUFSGENOSSENSCHAFT ROHSTOFFE UND CHEMISCHE INDUSTRIE BEZIRKSVERWALTUNG;50927;1
PFEIFER & LANGEN;50927;1
DEUTSCHE INVESTITIONS- UND ENTWICKLUNGSGESELLSCHAFT MBH;50927;1
KÃ¶LNER VERKEHRS-BETRIEBE AG;50927;1
STEINERT ELEKTROMAGNETBAU GMBH;50927;1
DEUTSCHE SPORTHOCHSCHULE;50927;1
ARBEITER-SAMARITER BUND;50928;1
HANDELSVERTRETUNG DER GUS;50928;1
SPIES HECKER GMBH;50963;1
CREDITREFORM KÖLN HAAN, KLÖCKER, V. PADBERG KG;50963;1
LEYBOLD GMBH;50963;1
DEUTSCHLANDFUNK GEMEINNÜTZIGE ANSTALT DES ÖFFENTLICHEN RECHTS;50963;1
BUNDESAMT FÜR FAMILIE UND ZIVILGESELLSCHAFTLICHE AUFGABEN;50964;1
UNICEF DEUTSCHLAND;50965;1
DEUTZ AG;51057;1
KLINIKEN DER STADT KÃ¶LN ZENTRALVERWALTUNG;51058;1
FELTEN & GUILLEAUME ENERGIETECHNIK AG;51058;1
DWK DRAHTWERK KÖLN GMBH;51058;1
KLINIKEN DER STADT KÃ¶LN KINDERKRANKENHAUS;51058;1
BAU-BERUFSGENOSSENSCHAFT RHEINLAND UND WESTFALEN BEZIRKSVERWALTUNG KÖLN;51058;1
KLINIKEN DER STADT KÃ¶LN KRANKENHAUS HOLWEIDE;51058;1
KLINIKEN DER STADT KÃ¶LN KRANKENHAUS MERHEIM;51058;1
NOKIA KABEL GMBH;51058;1
TÜV RHEINLAND IMMOBILIEN GMBH;51101;1
MALTESER HILFSDIENST E.V.;51101;1
MADAUS AG ARZNEIMITTEL;51101;1
EVANG. KRANKENHAUS KALK GEMEINNÜTZIGE GMBH;51101;1
POLIZEIPRÄSIDIUM KÖLN;51101;1
MALTESER WERKE GMBH;51101;1
FINANZAMT KÖLN-PORZ;51139;1
BULL GMBH;51140;1
BDK-BÜCHERDIENST GMBH;51140;1
BUNDESWEHR KASERNENBEREICH WAHN-ZENTRALE POST- UND KURIERSTELLE;51140;1
DEUTSCHE POST AG NACHSENDEZENTRUM KÖLN OST;51169;1
CITROEN DEUTSCHLAND AG;51170;1
KHD HUMBOLDT WEDAG AG;51170;1
MFC INDUSTRIAL HOLDINGS AG;51170;1
DSD - DUALES SYSTEM SERVICES GMBH;51170;1
HUMBOLDT WEDAG COAL & MINERALS TECHNOLOGY GMBH;51170;1
PEUGEOT DEUTSCHLAND GMBH;51170;1
HANDELSHOF MANAGEMENT GMBH;51170;1
DEUTSCHE POST AG NIEDERLASSUNG BRIEF KÖLN OST;51170;1
ITS REISEN;51170;1
DEUTSCHES ZENTRUM FÜR LUFT- UND RAUMFAHRT E.V. (DLR);51170;1
AXA LEBENSVERSICHERUNG AG;51172;1
AXA SERVICE AG (CORONA GMBH);51173;1
POSTBANK EASY TRADE AG;51174;1
ASSTEL PROKUNDE VERSICHERUNGSKONZEPTE GMBH;51175;1
DEUTSCHE POST AG RÜCKSENDEZENTRUM KÖLN;51178;1
ADMIRALDIREKT.DE GMBH;51221;1
POSTBANK NIEDERLASSUNG KÖLN;51222;1
COVESTRO AG;51365;1
BAYER HEALTHCARE DEUTSCHLAND AG;51366;1
AMTSGERICHT LEVERKUSEN;51367;1
ILLBRUCK GMBH;51367;1
TECHNOLOGIEPARK BERGISCH GLADBACH VERWALTUNGS GMBH;51424;1
VERWALTUNGS-BERUFSGENOSSENSCHAFT;51425;1
RHEINISCH-BERGISCHER KREIS;51462;1
BASTEI-VERLAG GUSTAV H. LÜBBE GMBH & CO.;51462;1
ZANDERS GMBH;51462;1
SOENNECKEN EG;51489;1
KIERDORF-INKASSO;51578;1
KREISVERWALTUNG OBERBERGISCHER KREIS;51641;1
L. & C. STEINMÃ¼LLER GMBH;51641;1
ALBERT ACKERMANN GMBH + CO. KG;51641;1
FINANZAMT GUMMERSBACH;51641;1
STADTVERWALTUNG GUMMERSBACH;51641;1
AOK RHEINLAND / HAMBURG DIE GESUNDHEITSKASSE;51641;1
STIFTUNG MISSIONSWERK WERNER HEUKELBACH;51700;1
CHRISTKINDSPOSTAMT;51777;1
AGENTUR FÜR ARBEIT AACHEN;52028;1
CHOCOLADEFABRIKEN LINDT & SPRÜNGLI GMBH;52046;1
BIG DIREKT GESUND;52047;1
ALLIANZ VERS. AG;52049;1
PRO-IDEE GMBH & CO. KG;52053;1
AACHENMÜNCHENER VERSICHERUNG AKTIENGESELLSCHAFT DIREKTION;52054;1
JUNGHANS WOLLVERSAND GMBH & CO. KG;52055;1
RWTH AACHEN;52056;1
UNIVERSITÄTSKLINIKUM DER RWTH AACHEN;52057;1
SPARKASSE AACHEN;52059;1
DEUTSCHE POST AG NIEDERLASSUNG BRIEF AACHEN;52060;1
TECHNISCHE SCHULE LANDSYSTEME DONNERBERG KASERNE;52060;1
TECHNISCHE SCHULE LANDSYSTEME GALLWITZ KASERNE;52060;1
TECHNISCHE SCHULE LANDSYSTEME KÖRNER KASERNE;52060;1
TECHNISCHE SCHULE LANDSYSTEME LÜTZOW KASERNE;52060;1
DEUTSCHE TELEKOM AG NL AACHEN;52060;1
ELEGANCE GMBH & CO. KG;52081;1
STÄDTEREGION AACHEN;52090;1
GRÜNENTHAL GMBH;52099;1
DEUTSCHE POST AG DIREKT MARKETING CENTER AACHEN;52101;1
KNPBMEDIA B.V.;52115;1
BETHLEHEM-KRANKENHAUS;52220;1
VEGLA VEREINIGTE GLASWERKE GMBH;52220;1
DALLI-WERKE GMBH & CO. KG;52220;1
SEKURIT SAINT-GOBAIN DEUTSCHLAND GMBH + CO.KG;52220;1
LEONI KERPEN GMBH;52220;1
KMD CONNECTORS STOLBERG GMBH;52220;1
DEUTSCHE POST AG ZUSTELLSTÜTZPUNKT STOLBERG 1;52220;1
AOK RHEINLAND DIE GESUNDHEITSKASSE REGIONALDIREKTION KREIS AACHEN;52220;1
CAE ELEKTRONIK GMBH;52220;1
RÖSSLER PAPIER GMBH & CO. KG;52348;1
HEIMBACH GMBH;52348;1
ISOLA GMBH;52348;1
MACHEREY-NAGEL GMBH & CO. KG;52348;1
MAY + SPIES GMBH;52348;1
DEUTSCHE POST AG ZUSTELLSTÜTZPUNKT DÜREN 2;52348;1
DEUTSCHE POST AG NIEDERLASSUNG FILIALEN KÖLN AUSSENSTELLE DÜREN;52348;1
SCHOELLERSHAMMER GMBH;52348;1
SPARKASSE DÜREN;52348;1
STADTVERWALTUNG DÜREN;52348;1
ANKER GEBR. SCHOELLER GMBH + CO.KG;52348;1
DEUTSCHE TELEKOM AG NIEDERLASSUNG DÜREN;52348;1
GKD-GEBR. KUFFERATH AG;52348;1
FORSCHUNGSZENTRUM JÜLICH GMBH;52425;1
MEDIZINISCHE EINRICHTUNGEN DER HEINRICH-HEINE-UNIVERSITÄT DÜSSELD.;52426;1
HEINRICH-HEINE-UNIVERSITÄT INSTITUT FÜR ENZYMTECHNOLOGIE;52426;1
PRYM CONSUMER GMBH & CO. KG;52475;1
ESCHWEILER BERGWERKS-VEREIN AG;52475;1
PRYM FASHION GMBH & CO. KG;52475;1
MEDALSDORF GMBH ARZNEIMITTEL HERSTELLUNG VERTRIEB;52475;1
CINRAM GMBH;52475;1
CL LAGSMAN GMBH ARZNEIMITTEL;52475;1
VITENSON GMBH;52475;1
TROMMSDORFF GMBH & CO. KG;52475;1
AMTSGERICHT GEILENKIRCHEN;52509;1
KREISSPARKASSE HEINSBERG FILIALDIREKTION GEILENKIRCHEN;52509;1
STADT GEILENKIRCHEN;52509;1
ST. ELISABETH KRANKENHAUS;52509;1
WESTVERKEHR GMBH;52509;1
CSB-SYSTEMS SE;52509;1
DEUTSCHE POST AG ZUSTELLSTÜTZPUNKT GEILENKIRCHEN 3;52509;1
WILH. JANSEN - EISENJANSEN GMBH & CO. KG;52509;1
KREIS HEINSBERG;52523;1
DEUTSCHE POST AG ZUSTELLSTÜTZPUNKT HEINSBERG 1;52523;1
BIS HILMA GMBH;52523;1
AOK RHEINLAND DIE GESUNDHEITSKASSE REGIONALDIREKTION HEINSBERG;52523;1
BUNDESAMT FÜR JUSTIZ;53094;1
VERLAG NORMAN RENTROP;53095;1
ZURICH GRUPPE DEUTSCHLAND;53096;1
BUNDESMINISTERIUM DER VERTEIDIGUNG;53099;1
GENERAL-ANZEIGER BONN GMBH;53100;1
AGENTUR FÜR ARBEIT BONN;53104;1
PRESSE- UND INFORMATIONSAMT DER BUNDESREGIERUNG;53105;1
BUNDESMINISTERIUM DER FINANZEN -DIENSTSITZ BONN -;53105;1
BUNDESMINISTERIUM DES AUSWÄRTIGEN BONN;53105;1
DEUTSCHER INDUSTRIE- UND HANDELSTAG;53105;1
LANDWIRTSCHAFTSKAMMER RHEINLAND;53105;1
DT. KREBSHILFE E.V. DR.M.SCHEEL STIFTUNG DT. KINDERKREBSHILFE DR. M. SCHEEL KREIS;53105;1
AMTSGERICHT BONN;53105;1
BUNDESNETZAGENTUR;53105;1
BORROMÄUSVEREIN;53105;1
STOTAX GMBH & CO. KG;53105;1
FINANZAMT AUSSENSTADT;53105;1
EATON INDUSTRIES GMBH;53105;1
RHEIN. FRIEDR.-WILH.-UNIVERSITÄT;53105;1
MEDIZINISCHE EINRICHTUNGEN DER FRIEDRICH-WILHELMS-UNIVERSITÄT;53105;1
BUNDESANSTALT FÜR POST UND TELEKOMMUNIKATION DEUTSCHE BUNDESPOST;53105;1
SCHULTE GMBH;53105;1
BUNDESZENTRALE FÜR POLITISCHE BILDUNG;53105;1
BUNDESVERBAND DER VOLKS- UND RAIFFEISENBANKEN;53106;1
FDP-BUNDESGESCHÄFTSSTELLE;53106;1
INFORUM;53106;1
BUNDESMINISTERIUM FÜR WIRTSCHAFT UND ENERGIE;53107;1
BUNDESMINISTERIUM FÜR FAMILIE, SENIOREN, FRAUEN UND JUGEND;53107;1
BUNDESMINISTERIUM FÜR ERNÄHRUNG, LANDW. UND FORSTEN;53107;1
BUNDESMINISTERIUM FÜR ARBEIT U. SOZIALES;53107;1
BESCHAFFUNGSAMT DES BUNDESMINISTERIUMS DES INNERN;53107;1
STREITKRÄFTEAMT -AUSSENSTELLE-;53107;1
ZENTRALSTELLE FÜR ARBEITSVERMITTLUNG;53107;1
FHS-ELEKTROHANDEL GMBH;53108;1
GENIATEC AG NIEDERLASSUNG BONN;53108;1
SCHMITZ KG;53108;1
DEUTSCHE BAU- UND GRUNDSTÜCKS AG;53108;1
RHEIN. LANDESKLINIK;53108;1
CARL KNAUBER HOLDING GMBH & CO. KG;53108;1
BUNDESKASSE BONN;53108;1
BMW AG NIEDERLASSUNG BONN;53108;1
VERKEHRSWACHT MEDIEN & SERVICE- CENTER GMBH;53108;1
BUNDESMINISTERIUM DES INNERN;53108;1
LABORBEDARF GMBH PETER FASTNACHT;53108;1
FINANZAMT FÜR GROSS- UND KONZERNBETRIEBSPRÜFUNG;53109;1
STREITKRÄFTEAMT;53109;1
STREITKRÄFTEAMT ABT. II;53109;1
FINANZAMT BONN-INNENSTADT;53109;1
DEUTSCHE WELLE;53110;1
AKTION MENSCH;53160;1
TELEKOM DEUTSCHLAND GMBH SEGMENT GESCHÄFTSKUNDEN;53169;1
SGL CARBON AG WERK RINGSDORFF;53170;1
BOTSCHAFT USA;53170;1
AOK BUNDESVERBAND;53170;1
BUNDESMINISTERIUM FÜR VERKEHR, BAU- UND WOHNUNGSWESEN;53170;1
DEUTSCHE FORSCHUNGSGEMEINSCHAFT;53170;1
DEUTSCHER BEAMTENBUND;53170;1
DEUTSCHER BUNDESWEHRVERBAND E.V.;53170;1
DEUTSCHER FORSCHUNGSDIENST;53170;1
STIFTERVERBAND FÜR DIE DEUTSCHE WISSENSCHAFT E.V. WISSENSCHAFTSZENTRUM;53170;1
KFW BANKEN GRUPPE;53170;1
VORWÄRTS VERLAG;53170;1
BUNDESMINISTERIUM FÜR BILDUNG UND FORSCHUNG;53170;1
BUNDESVERBAND DEUTSCHER ZEITUNGSVERLEGER;53170;1
DB PRIVAT- U. FIRMENKUNDENBANK AG DSL BANK;53170;1
DEUTSCHE TELEKOM KUNDENSERVICE GMBH;53171;1
BUNDESZENTRALAMT FÜR STEUERN;53221;1
DEUTSCHER VERKEHRSSICHERHEITSRAT E.V.;53222;1
DEUTSCHE POST DIREKT GMBH;53222;1
BUNDESAMT FÜR INFORMATIONSMANAGEMENT UND INFORMATIONSTECHNIK DER BW;53222;1
KAUTEX TEXTRON GMBH & CO. KG;53222;1
SANITÄTSAMT DER BUNDESWEHR;53222;1
RATHAUS BEUEL;53222;1
SER SOLUTIONS DEUTSCHLAND GMBH;53223;1
DEUTSCHE POST AG KUNDENSERVICE;53247;1
KUNDENSERVICE PAKET;53248;1
DEUTSCHE POST AG ZENTRALE;53250;1
VOLKSBANK KÖLN BONN EG;53252;1
DEUTSCHE POST AG NIEDERLASSUNG BETRIEB BONN;53253;1
DEUTSCHE POST EUROEXPRESS DEUTSCHLAND GMBH & CO. OHG;53254;1
DEUTSCHE BANK 24;53255;1
INFAS-INSTITUT FÃ¼R ANGEWANDTE SOZIALWISSENSCHAFT GMBH;53284;1
HOBEIN;53338;1
SCHLUMBERGER GMBH & CO. KG;53338;1
STADTVERWALTUNG MECKENHEIM;53338;1
I C N BIOMEDICALS GMBH;53338;1
RAIFFEISENBANK EG;53357;1
BUNDESVERBAND GARTEN-, LANDSCHAFTS- UND SPORTPLATZBAU E.V.;53602;1
BIRKENSTOCK GMBH & CO. KG ZWEIGNIEDERLASSUNG BAD HONNEF;53602;1
DEUTSCHE POROTON GMBH;53637;1
DRITTE WELT-SHOP;53637;1
AMTSGERICHT KÖNIGSWINTER;53637;1
FRIEDRICH-NAUMANN-STIFTUNG;53637;1
HAYES LEMMERZ WERKE GMBH;53637;1
DIDIER SÄUREBAU GMBH;53637;1
CDA;53637;1
ARBEITSGEMEINSCHAFT UMWELTVERTRÄGLICHES BAUPRODUKT (AUB) E.V.;53637;1
VR-BANK RHEIN-SIEG;53717;1
AHRENS + SIEBERZ;53718;1
AMTSGERICHT SIEGBURG;53719;1
KREISSPARKASSE KÃ¶LN;53719;1
SIEGWERK DRUCKFARBEN AG & CO. KGAA;53719;1
RHEIN-SIEG-ABFALLWIRTSCHAFTS GMBH;53719;1
AOK RHEINLAND REGIONALDIREKTION RHEIN-SIEG-KREIS;53719;1
DR. STARCK & CO GMBH;53719;1
FINANZAMT SIEGBURG;53719;1
RHENAG;53719;1
DEUTSCHE GESETZLICHE UNFALLVERS. E.V.;53754;1
STEYLER BANK;53754;1
STADT SANKT AUGUSTIN;53754;1
HOCHSCHULE BONN RHEIN SIEG;53754;1
HENNECKE GMBH MASCHINENFABRIK;53754;1
GRENZSCHUTZPRÄSIDIUM WEST;53754;1
DOLORGIET-ARZNEIMITTEL;53754;1
DIEDENHOFEN-GESUNDHEITSPFLEGE;53754;1
BUNDESARBEITSGEMEINSCHAFT FÜR SICHERHEIT UND GESUNDHEIT BEI DER ARBEIT E.V.;53754;1
BGIA INSTITUT FÜR ARBEITSSCHUTZ DER DEUTSCHEN GESETZL. UNFALLVERSICHERUNG;53754;1
GMD-FORSCHUNGSZENTRUM INFORMATIONSTECHNIK GMBH;53754;1
STUTE LOGISTICS AG & CO. KG;53839;1
GERFLOR MIPOLAM GMBH;53839;1
TROSERVICE GMBH & CO KG;53839;1
HÃ¼LS AG WERK LÃ¼LSDORF STANDORT TROISDORF;53839;1
DYNAENERGETICS GMBH + CO. KG;53839;1
REIFENHÄUSER GMBH & CO.KG MASCHINENFABRIK;53839;1
DEUTSCHE TELEKOM AG NIEDERLASSUNG MÖNCHENGLADBACH T-PUNKT EUSKIRCHEN;53877;1
P & G MANUFACTURING GMBH;53877;1
TELEKOM;53877;1
KREIS EUSKIRCHEN DER LANDRAT;53877;1
DEUTSCHE TELEKOM AG LOGISTIKZENTRUM;53877;1
AOK RHEINLAND DIE GESUNDHEITSKASSE REGIONALDIREKTION KREIS EUSKIRCHEN;53877;1
DANIELS & KORFF GMBH;53877;1
KREISSPARKASSE EUSKIRCHEN TECHNISCHE DIENSTE;53877;1
FELDPOSTLEITSTELLE MECHERNICH;53884;1
GDF SUEZ ENERGY SERVICES GERMANY GMBH;74071;1
HAPPYDIGITS SERVICE CENTER;96039;1
LANDWIRTSCHAFTSKAMMER NORDR./WESTF ABT. TIERSEUCHENKASSE;03075;1
EVANGELISCHES KRANKENHAUS;44573;1
BUNDESKNAPPSCHAFT GESCHÄFTSSTELLE;44573;1
STADT CASTROP-RAUXEL;44573;1
FINANZAMT RECKLINGHAUSEN;45655;1
STIFTUNGSKLINIKUM PROSELIS GGMBH BETRIEBSSTÄTTE PROSPER-HOSPITAL;45655;1
SPARKASSE VEST RECKLINGHAUSEN;45655;1
STADTVERWALTUNG RECKLINGHAUSEN;45655;1
DEUTSCHE TELEKOM AG NIEDERLASSUNG RECKLINGHAUSEN;45655;1
KLINIKUM VEST GMBH KNAPPSCHAFTSKRANKENHAUS;45655;1
C C ERFRISCHUNGSGETRÄNKE RUHR-WEST;45697;1
HERTENER STADTWERKE GMBH;45697;1
WESTFÄLISCHES ZENTRUM FÜR PSYCHIATRIE UND PSYCHOTHERAPIE HERTEN;45697;1
HERTA GMBH;45697;1
VESTISCHE STRASSENBAHNEN GMBH;45697;1
KNAPPSCHAFT;45697;1
STIFTUNGSKLINIKUM PROSELIS GGMBH BETRIEBSSTÄTTE ST. ELISABETH-HOSPITAL;45697;1
MANUFACTUM GMBH;45729;1
KLINIKUM VEST PARACELSUS-KLINIK MARL;45765;1
VERLAG J.BAUER KG;45765;1
STADT MARL;45765;1
GELSENWASSER AG;45801;1
MÜLLER'S MÜHLE GMBH;45801;1
PILKINGTON FLACHGLAS AG;45801;1
SPINNRAD VERSANDHANDEL GMBH;45801;1
UNIPER TECHNOLOGIES GMBH;45801;1
KÜPPERSBUSCH AG;45801;1
MARIENHOSPITAL ÜCKENDORF;45801;1
MASCHINENFABRIK GLÜCKAUF BEUKENBERG GMBH & CO KG;45801;1
BTS DRAHTSEILE GMBH;45801;1
DEUTSCHE POST AG FILIALE GELSENKIRCHEN 1;45801;1
RWE ENERGIE AG;45801;1
AMTSGERICHT GELSENKIRCHEN;45801;1
VERKEHRSVERBUND RHEIN-RUHR AÖR;45801;1
METALL SERVICE PARTNER GMBH;45801;1
RUHR ENERGIE GMBH;45801;1
UNIPER KRAFTWERKE GMBH;45801;1
VEBA OEL AG;45876;1
FACHHOCHSCHULE GELSENKIRCHEN;45877;1
BARMER ERSATZKASSE -BUER;45877;1
REGENT MÖBEL GROSSEINKAUF GMBH & CO KG;45877;1
KNAPPSCHAFTSKRANKENHAUS BERGMANNSHEIL BUER;45877;1
VEBA ÖL VERARBEITUNGS GMBH;45877;1
NIENHAUS & LUEG BELCHIC GMBH & CO KG;45877;1
VESTISCHE GRUPPE DER INDUSTRIE-UND HANDELSKAMMER MÜNSTER IN GELSENKIRCHEN;45877;1
VOLKSBANK RUHR MITTE EG;45877;1
AGENTUR FÜR ARBEIT GELSENKIRCHEN-BUER;45877;1
SANKT MARIEN-HOSPITAL BUER;45877;1
SCHÜLERHILFE;45877;1
WILH. WÜLFING GMBH & CO.;46322;1
BIERBAUM WOHNEN GMBH & CO. KG;46322;1
KREISSPARKASSE BORKEN;46322;1
KREIS BORKEN;46322;1
FINANZAMT BORKEN;46322;1
ST.-MARIEN-HOSPITAL GMBH;46322;1
G. ELSINGHORST STAHL UND TECHNIK GMBH;46393;1
FIEGE LOGISTIK STIFTUNG & CO. KG ZWEIGNIEDERLASSUNG BOCHOLT;46393;1
GILDE-HANDWERK MACRANDER GMBH & CO.KG.;46393;1
AUTONEUM GERMANY GMBH;46393;1
BOCHOLTER BORKENER VOLKSBLATT;46393;1
ROSE BIKES GMBH;46393;1
FLENDER GMBH;46393;1
BENNING ELEKTROTECHNIK UND ELEKTRONIK GMBH & CO. KG;46393;1
WM-SPEDITION GMBH & CO KG;46393;1
ST.-AGNES-HOSPITAL;46393;1
STADT BOCHOLT;46393;1
LÜCK GMBH & CO. KG;46393;1
KLAUS HERDING GMBH;46393;1
LANDWIRTSCHAFTSVERLAG GMBH;48084;1
WESTDEUTSCHE LOTTERIE GMBH&CO OHG;48119;1
INNOGY SE;48121;1
BAHN-BKK POSTCENTER;48123;1
OBERFINANZDIREKTION;48124;1
DEUTSCHE RENTENVERSICHERUNG WESTFALEN;48125;1
LVM VERSICHERUNGEN;48126;1
STADT MÜNSTER;48127;1
BEZIRKSREGIERUNG MÜNSTER;48128;1
UKM UNIVERSITÄTSKLINIKUM MÜNSTER;48129;1
WESTDEUTSCHE LANDESBAUSPARKASSE;48130;1
WESTFÄLISCHE PROVINZIAL VERSICHERUNG DER SPARKASSEN;48131;1
WESTDEUTSCHE BLINDENHÖRBÜCHEREI E.V.;48132;1
LANDSCHAFTSVERBAND WESTFALEN-LIPPE;48133;1
SCHWENNINGER BKK GESCHÄFTSSTELLE MÜNSTER;48135;1
UNFALLKASSE NORDRHEIN-WESTFALEN REGIONALDIREKTION MÜNSTER;48135;1
KVB KRANKENVERSORGUNG DER BUNDESBAHNBEAMTEN BEZIRKSLEITUNG MÜNSTER;48135;1
GENERALDIREKTION WASSERSTRASSEN UND SCHIFFFAHRT;48135;1
ASCHENDORFF MEDIEN GMBH & CO. KG;48135;1
ÄRZTEVERSORGUNG WESTFALEN-LIPPE;48135;1
HALLO-GRATISZEITUNG-VERLAG GMBH;48135;1
SDZ WESTFALEN-LIPPE GMBH;48135;1
BARMHERZIGE SCHWESTERN (CLEMENSSCHWESTERN) E.V.;48135;1
UNFALLKASSE DES BUNDES;48135;1
ARBEITSGERICHT MÜNSTER;48135;1
WESTFÄLISCHE NACHRICHTEN;48135;1
STADTBÜCHEREI MÜNSTER;48135;1
SPARKASSE MÜNSTERLAND OST;48135;1
ST. FRANZISKUS-HOSPITAL GMBH;48135;1
WOHNUNGSBAUFÖRDERUNGSANSTALT NRW;48135;1
BUNDESAMT FÜR LOGISTIK UND MOBILITÄT (BALM);48135;1
RAPHAELS-KLINIK;48135;1
L. STROETMANN LEBENSMITTEL SE & CO. KG;48136;1
DZ HYP AG;48136;1
DEUTSCHE INITIATIVE FÜR DEN NAHEN OSTEN (DINO) MANFRED ERDENBERGER;48136;1
FINANZAMT MÜNSTER-AUSSENSTADT;48136;1
JUSTIZVOLLZUGSANSTALT MÜNSTER;48136;1
BASF COATINGS AG;48136;1
VERLAG LENSING-WOLFF GMBH & CO. KG MÜNSTERSCHE ZEITUNG;48136;1
AMTSGERICHT MÜNSTER;48136;1
VEW ENERGIE AG;48136;1
FINANZAMT MÜNSTER-INNENSTADT;48136;1
WESTFALEN AG;48136;1
AGRAVIS RAIFFEISEN AG;48136;1
WESTDEUTSCHE GENOSSENSCHAFTS- ZENTRALBANK EG;48136;1
DEUTSCHE POST AG DIREKT MARKETING CENTER MÜNSTER;48137;1
VOLKSBANK IM MÜNSTERLAND EG;48139;1
DEUTSCHE POST AG NIEDERLASSUNG BRIEF MÜNSTER;48140;1
LANDESBETRIEB NRW STRASSENBAU NL MÜNSTER;48141;1
DB REGIONALBAHN WESTFALEN RAN TEAM WESTFALEN;48172;1
DEUTSCHE REITERLICHE VEREINIGUNG E.V.;48229;1
APETITO CONVENIENCE GMBH & CO. KG;48427;1
THYSSENKRUPP SCHULTE GMBH;48427;1
VATTER GMBH;48427;1
TECHNISCHE BETRIEBE RHEINE;48427;1
STADTWERKE RHEINE GMBH;48427;1
STADT RHEINE;48427;1
RHEINER MODEN AG;48427;1
MÜNSTERLÄNDISCHE VOLKSZEITUNG H & J ALTMEPPEN;48427;1
KÜMPERS GMBH;48427;1
KTR KUPPLUNGSTECHNIK GMBH;48427;1
COOL-MENÜ GMBH & CO. KG;48427;1
APETITO CATERING B.V. &CO.KG;48427;1
APETITO AG;48427;1
DEUTSCHE TELEKOM T-COM IPFC26;48563;1
KREIS STEINFURT;48563;1
ENGBERS GMBH;48596;1
WOLBERS BÜROCENTRUM GMBH;48596;1
ST. ANTONIUS-HOSPITAL GRONAU GMBH;48596;1
BOSCH TEXTIL GMBH;48596;1
PROPEX FURNISHING SOLUTIONS GMBH & CO.KG;48596;1
M&W VERPACKUNGEN MILDENBERGER & WILLING GMBH;48596;1
K+K KLAAS & KOCK B.V. & CO.KG;48596;1
HAMACHER LOGISTIK GMBH INTERNATIONALE SPEDITION;48596;1
BROCOLOR LACKFABRIK GMBH;48596;1
EUREGIO;48596;1
VOLKSBANK GRONAU-AHAUS EG;48596;1
STADT GRONAU (WESTF);48596;1
GETHKE GLAS GRONAU GMBH & CO. KG;48596;1
J.W. OSTENDORF GMBH & CO. KG;48651;1
AMTSGERICHT COESFELD;48651;1
MARTIN THESING HANDELS GMBH & CO.;48651;1
THIES GMBH & CO.;48651;1
INTERIEUR TEXTILES GMBH & CO.;48651;1
ELVO-CORDIMA GMBH & CO.KG;48651;1
O.I.L. VERTRIEBSGESELLSCHAFT MBH;48651;1
STADTVERWALTUNG COESFELD;48651;1
HERHOLZ VERTRIEB GMBH & CO. KG;48681;1
PIETSCH GMBH & CO. KG;48681;1
SPARKASSE WESTMÜNSTERLAND;48681;1
FINANZAMT AHAUS;48681;1
HÜLSTA-WERKE, HÜLS GMBH & CO. KG;48702;1
KRANKENHAUS MARIA-HILF;48702;1
LICHTGITTER GMBH GITTERROSTFABRIK;48702;1
BERNHARD HOLLWEG KG ELEKTROGROSSHANDLUNG;48702;1
MASCHINENFABRIK KEMPER GMBH & CO. KG;48702;1
SPAHN GMBH;48702;1
SPARKASSE STADTLOHN;48702;1
VOLKSBANK STADTLOHN EG;48702;1
DEUTSCHE RENTENVERSICHERUNG KNAPPSCHAFT - BAHN - SEE;49475;1
IBBENBÜRENER VEREINSDRUCKEREI GMBH;49475;1
ELEKTRO-CHEMIE IBBENBÜREN GMBH;49475;1
BODELSCHWINGH-KRANKENHAUS;49475;1
MP MUSIKHANDEL GMBH & CO. KG;49475;1
ALBERT BERGSCHNEIDER BAUZENTRUM GMBH;49475;1
KARL SCHÄFER & CO. GMBH;49475;1
RAG ANTHRAZIT IBBENBÜREN GMBH;49475;1
SPARKASSE IBBENBÜREN;49475;1
CRESPEL & DEITERS GMBH & CO.;49475;1
KLINIKUM IBBENBÜREN;49475;1
CEKA VERTRIEBS GMBH;49523;1
DYCKERHOFF ZEMENT GMBH;49523;1
GÜNTHER BUTTONS GMBH;49523;1
STADTSPARKASSE LENGERICH;49523;1
BERG-APOTHEKE APOTHEKER P.-CHRISTOPH DÖRR E. K.;49541;1
LR HEALTH & BEAUTY SYSTEMS GMBH;59215;1
STADTVERWALTUNG AHLEN;59225;1
SPARKASSE MÜNSTERLAND OST HAUPTSTELLE AHLEN;59225;1
BEUMER MASCHINENFABRIK GMBH & CO KG;59267;1
FINANZAMT BECKUM;59267;1
BLUMENBECKER GMBH, B+M;59267;1
MASCHINENFABRIK MÖLLERS GMBH & CO.;59267;1
KRUPP-POLYSIUS AKTIENGESELLSCHAFT;59267;1
E. HOLTERDORF GMBH & CO.KG;59299;1
GEA WESTFALIA SEPARATOR GROUP GMBH;59299;1
HAMMELMANN GMBH;59299;1
LODDENKEMPER RAUMSYSTEME GMBH + CO.KG;59299;1
MIELE & CIE WERK OELDE;59299;1
VENTILATORENFABRIK OELDE GMBH;59299;1
COMPASS YACHTZUBEHÖR HANDELS-GMBH;59385;1
GARANT SERVICE GMBH & CO. KG;31131;1
GUSTAV ERNSTMEIER GMBH & CO. KG;32044;1
BUGATTI GMBH;32044;1
AHLERS AG;32044;1
DEUTSCHE POST AG ZUSTELLSTÜTZPUNKT HERFORD;32044;1
AMTSGERICHT HERFORD;32044;1
LEINEWEBER GMBH & CO.KG;32044;1
HERFORDER BRAUEREI GMBH;32044;1
ECKELMANN FCS GMBH;32044;1
KREIS HERFORD;32045;1
KLINIKUM HERFORD;32045;1
MEYLIP NAHRUNGSMITTEL GMBH;32045;1
NOWEDA ARZNEIMITTEL AG;32045;1
SPARKASSE HERFORD;32045;1
F. KLINGENTHAL GMBH;32045;1
HERFORDER KREISBLATT BUSSE GMBH;32045;1
HEINZE-KUNSTSTOFFTECHNIK GMBH & CO.KG;32045;1
HERFORDER ELEKTROMOTORENWERKE GMBH & CO.;32045;1
KIRCHENKREIS HERFORD;32045;1
SULO UMWELTTECHNIK GMBH;32046;1
HEINRICH WEMHÖNER GMBH & CO. KG;32046;1
STEINKÜHLER GMBH & CO. KG;32046;1
WEINRICH & CO. GMBH;32046;1
HUMANA MILCHUNION EG;32046;1
POGGENPOHL MÖBELWERKE GMBH;32046;1
RUMP U. NEUMANN GMBH & CO. KG;32046;1
SCHWABEDISSEN MASCHINEN U. ANLAGEN SERVICE GMBH;32046;1
SENIORENZENTRUM HAUS UNTER DEN LINDEN;32046;1
STIEGELMEYER GMBH & CO. KG;32046;1
VOLKSBANK HERFORD EG;32046;1
KREISPOLIZEIBEHÖRDE;32046;1
STADT HERFORD;32046;1
STADTWERKE HERFORD GMBH;32046;1
E.ON WESTFALEN WESER AG;32058;1
DEUTSCHE POST AG NIEDERLASSUNG BRIEF HERFORD;32061;1
SPARKASSE BAD SALZUFLEN;32102;1
BFA KURKLINIK LIPPERLAND;32102;1
COKO-WERK GMBH & CO. KG;32102;1
DECOR METALL KARL BECKER GMBH & CO. KG;32102;1
FINANZ-BAU- GRUNDSTÜCKSVERWERTUNGS GMBH & CO. KG;32102;1
STADT BAD SALZUFLEN;32102;1
GESUNDWERK BAD SALZUFLEN GMBH;32102;1
SOLLICH KG SPEZIALMASCHINENFABRIK;32102;1
NINKAPLAST GMBH;32102;1
HEINZ ESSMANN GMBH;32102;1
AMTSGERICHT BÜNDE;32255;1
BOPLA GEHÄUSE SYSTEME GMBH;32255;1
ARNOLD ANDRE GMBH & CO. KG ZIGARRENFABRIK;32255;1
WILHELM HOFFMEISTER KG MÖBELFABRIK;32255;1
WESTFÄLISCHE LEBENSMITTELWERKE LINDEMANN GMBH & CO. KG;32255;1
KREISKLINIKEN HERFORD-BÜNDE AÖR;32255;1
IMPERIAL-WERKE OHG;32255;1
H. FRETTHOLD GMBH & CO. KG BAUFACHZENTRUM;32255;1
GEBR. NEHL HOLZINDUSTRIE GMBH & CO. KG;32255;1
ENERGIE- UND WASSERVERSORGUNG BÜNDE GMBH;32255;1
CARRERA REVELL EUROPE GMBH;32255;1
BÜNDER GLAS GMBH;32255;1
STADT LÜBBECKE;32310;1
DANNEMANN CIGARRENFABRIK GMBH;32310;1
GERLACH GMBH;32310;1
HUCKE AG;32310;1
KREISKRANKENHÄUSER LÜBBECKE UND RAHDEN;32310;1
RAVENS BEKLEIDUNGSINDUSTRIE;32310;1
AMTSGERICHT LÜBBECKE;32310;1
ADIENT SEATING LTD.& CO. KG;32337;1
MERKUR.COM AG;32337;1
STADT ESPELKAMP;32337;1
ADP MERKUR GMBH;32337;1
SPIELOTHEK AUTOMATEN-FREIZEIT-CENTER GAUSELMANN GMBH & CO. KG;32337;1
KNOLL AG WERK MINDEN;32419;1
MARTIN LEHMANN GMBH UND CO. KG;32420;1
MELITTA PROFESSIONAL COFFEE SOLUTIONS GMBH & CO KG;32420;1
WAGO KONTAKTTECHNIK GMBH & CO. KG;32420;1
KREIS MINDEN-LÜBBECKE;32421;1
GROHEDAL SANITÄRSYSTEME GMBH;32455;1
BERNSTEIN AG;32455;1
PORTA MÖBEL;32455;1
ROSE SYSTEMTECHNIK GMBH;32455;1
KLINIK AM KORSO;32543;1
HERZ- UND DIABETESZENTRUM NRW KRANKENHAUSBETRIEBSGESELLSCHAFT MBH;32543;1
AUGUSTE VIKTORIA KLINIK;32543;1
GOLLWITZER-MEIER-KLINIK;32543;1
VERKEHRSVEREIN BAD OEYNHAUSEN E.V.;32543;1
ZWECKVERBAND KRANKENHAUS B.O. MÜHLENKREISKLINIK;32543;1
SPARKASSE BAD OEYNHAUSEN-PORTA WESTFALICA;32543;1
STAATSBAD BAD OEYNHAUSEN EIGENBETRIEB DER STADT BAD OEYNHAUSEN;32543;1
NOLTE-KÜCHEN GMBH & CO. KG;32582;1
SÄNGER GMBH & CO;32582;1
STADTVERWALTUNG LÖHNE;32582;1
BAU-FOR-MAT KÜCHEN GMBH & CO. KG;32582;1
SIEMATIC MÖBELWERKE GMBH & CO.;32582;1
ALTE HANSESTADT LEMGO DER BÜRGERMEISTER;32655;1
KLINIKUM LIPPE LEMGO GMBH;32655;1
ISRINGHAUSEN GMBH & CO. KG;32655;1
SPARKASSE LEMGO;32655;1
LANDESAMT FÜR FINANZEN SCANSTELLE;32750;1
LIPPISCHE LANDESBRANDVERSICHERUNG AG;32754;1
DEUTSCHE POST AG NIEDERLASSUNG FILIALEN DETMOLD;32754;1
KREIS LIPPE DER LANDRAT;32754;1
WEIDMÜLLER INTERFACE GMBH & CO. KG;32754;1
ECCLESIA VERSICHERUNGSDIENST GMBH;32754;1
STADT DETMOLD - STADTVERWALTUNG -;32754;1
FINANZAMT DETMOLD;32754;1
BEZIRKSREGIERUNG DETMOLD;32754;1
PHOENIX CONTACT GMBH & CO. KG;32823;1
COGNITAS GESELLSCHAFT FÜR TECHNIK-DOKUMENTATION;33094;1
WINCOR NIXDORF INTERNATIONAL GMBH;33094;1
WINCOR NIXDORF LOGISTICS GMBH;33094;1
KKR BETEILIGUNGS GMBH;33094;1
PRODUCTIONS & LOGISTICS PADERBORN VERWALTUNG GMBH;33094;1
SIEMENS NIXDORF RETAIL AND BANKING SYSTEMS GMBH;33094;1
SINITEC SERVICE FÜR INFORMATIONSSYSTEME;33094;1
UNI-DATA SPEDITION GMBH;33094;1
WINCOR-NIXDORF-ENGINEERING GMBH;33094;1
FLEXTRONICS GERMANY HOLDING GMBH;33094;1
SIEMENS IT SERVICE GMBH & CO.OHG LOGISTIK OP ZEL;33094;1
FLEXTRONICS INTERNATIONAL GERMANY GMBH & CO.KG;33094;1
SIEMENS BUSINESS SERVICES GMBH & CO. OHG;33094;1
FUJITSU SIEMENS COMPUTER IT PRODUCT SERVICES GMBH & CO.KG;33094;1
MAIL-SOURCE DEUTSCHLAND GMBH;33094;1
ORGA KARTENSYSTEME GMBH;33094;1
HUSEMANN ASSECURANZ;33094;1
P & M HOLDING GMBH;33094;1
CRC (DEUTSCHLAND) GMBH;33094;1
CM 99183 VERMÖGENSVERWALTUNG GMBH;33094;1
AMTSGERICHT PADERBORN;33095;1
INDUSTRIE- U. HANDELSKAMMER OSTWESTFALEN ZU BIELEFELD ZWEIGSTELLE PADERBORN;33095;1
UNIVERSITÄT PADERBORN;33095;1
FINANZAMT PADERBORN;33095;1
KREIS PADERBORN;33095;1
INFOKOM GÜTERSLOH;33324;1
MIELE;33325;1
GUSTAV WOLF GMBH;33326;1
TEKLA TECHNIK, TOR + TÜR-TECKENTRUP;33326;1
DEUTSCHE POST AG ZUSTELLSTÜTZPUNKT GÜTERSLOH;33326;1
LWL - KLINIKUM GÜTERSLOH;33326;1
STADT GÜTERSLOH/RATHAUS;33326;1
PFLEIDERER GÜTERSLOH GMBH;33326;1
COR SITZMÖBEL HELMUT LÜBKE GMBH & CO.;33372;1
BAUMHÜTER GMBH;33372;1
FINANZAMT WIEDENBRÜCK;33372;1
GARANT-MÖBEL;33373;1
HOMÖOPATHISCHES LABORATORIUM ALEXANDER PFLÜGER GMBH & CO . KG;33374;1
MUSTERRING INTERNATIONAL JOSEF HÖNER GMBH & CO. KG;33374;1
WESTAG & GETALIT AG;33375;1
WESTFALIA - WERKE;33375;1
SIMONSWERK GMBH;33375;1
STADT RIETBERG;33393;1
SEPPELER RIETBERGWERKE GMBH & CO. KG;33393;1
HEINRICH KUPER GMBH;33393;1
LEAR CORPORATION GMBH;33394;1
VOLKSBANK RIETBERG EG;33394;1
GRAUTHOFF TÜRENGRUPPE GMBH;33395;1
RÖHR-BUSH GMBH & CO. KG;33395;1
JOSEF HENKENJOHANN GMBH;33411;1
ANWALTSKANZLEI ANDREAS SCHNEIDER;33411;1
NOBILIA-WERKE J. STICKLING GMBH & CO.;33411;1
ALULUX GMBH;33411;1
DEUTSCHE TELEKOM MEDIEN GMBH;33413;1
COMPUSERVE;33413;1
MCDONALDS JUNIOR-CLUB;33413;1
CENTER PARCS;33413;1
STADTWERKE PLUS CARD;33413;1
MCDONALDS;33413;1
MANNESMANN MOBILFUNK;33413;1
MAGGI KOCHSTUDIO CLUB;33413;1
FRAU ANTJES FEINSCHMECKER-STUDIO;33413;1
BMS BERTELSMANNN MARKETING-SERVICE;33413;1
COMPUSERVE 2000;33413;1
LEXWARE SERVICE CENTER;33413;1
SKY SHOP BY LUFTHANSA;33414;1
MC DONALDS STICHWORT:NEUE GESCHMACKSWELT;33414;1
LUFTHANSA WORLDSHOP;33414;1
GESUNDHEITSINITIATIVE DAK;33414;1
MC DONALDS HAPPYBIRTHDAY.DE;33414;1
DEICHMANN VICTORY MAILING;33414;1
EBERHARD WARZECHA RECHTSANWALT;33426;1
CLAAS KGAA MBH;33426;1
STEINEL GMBH;33441;1
HOMAG BOHRSYSTEME GMBH;33441;1
PAUL CRAEMER GMBH;33441;1
HANDELSGESELLSCHAFT SPARRENBERG;33547;1
POLARFROST NAHRUNGSMITTEL GMBH;33547;1
DR. OETKER GMBH;33547;1
BAUGESELLSCHAFT SPARRENBERG;33547;1
DR. OETKER VERLAG;33547;1
OEDIV;33547;1
DT. KINDERSCHUTZBUND;33547;1
DEUTSCHE POST AG DIREKT MARKETING CENTER BIELEFELD;33584;1
UNIVERSITÄT BIELEFELD REKTORAT;33594;1
MIELE & CIE.KG WERK BIELEFELD;33594;1
DEUTSCHE TELEKOM AG NIEDERLASSUNG BIELEFELD;33594;1
DEUTSCHE POST AG ZUSTELLSTÜTZPUNKT BIELEFELD 1;33594;1
HEIMAT KRANKENKASSE;33594;1
LANDGERICHT BIELEFELD;33595;1
NEUE WESTFÄLISCHE GMBH & CO. KG ZEITUNGSVERLAG;33595;1
LANDESBETRIEB STRASSENBAU GMBH NL BIELEFELD;33595;1
J.D. KÜSTER NACHF. + PRESSE-DRUCK GMBH & CO. KG;33595;1
GUNDLACH HOLDING GMBH;33595;1
EK GROSSEINKAUF EG;33595;1
STAATSANWALTSCHAFT BIELEFELD;33595;1
BERESA OWL GMBH & CO. KG;33595;1
JUSTIZBEHÖRDEN BIELEFELD;33595;1
UNIVERSITÄTSBIBLIOTHEK BIELEFELD;33595;1
AMTSGERICHT BIELEFELD;33595;1
DELIUS GMBH & CO. KG;33595;1
HAUCK AUFHÄUSER LAMPE PRIVATBANK AG;33596;1
POLIZEIPRÄSIDIUM FOTOZENTRALLABOR;33596;1
FINANZAMT BIELEFELD-AUSSENSTADT;33596;1
INDUSTRIE- U. HANDELSKAMMER OSTWESTFALEN ZU BIELEFELD;33596;1
STÄDTISCHE BÜHNEN;33596;1
KATAG GESELLSCHAFT FÜR VERWALTUNG MBH & CO. KG;33596;1
BEZIRKSREGIERUNG DETMOLD DEZERNAT 69;33596;1
KATAG AG;33596;1
STAATLICHES GEWERBEAUFSICHTSAMT;33596;1
FINANZAMT BIELEFELD INNENSTADT;33596;1
GEVA-VERSICHERUNGS-FINANZ. AGENTUR GMBH;33596;1
STADT BIELEFELD;33597;1
CORNELSEN VERLAGSKONTOR GMBH;33598;1
KRANKENHAUS MARA GGMBH;33600;1
WESTFÄLISCHE DIAKONISSENANSTALT SAREPTA;33600;1
BKK DIAKONIE;33600;1
STIFTUNG BETHEL IMMOBILIENMANAGEMENT;33600;1
V. BODELSCHWINGHSCHE ANSTALTEN SAREPTA ABENDFRIEDEN;33600;1
EVANGELISCHES KLINIKUM BETHEL GGMBH;33600;1
V. BODELSCHWINGHSCHE ANSTALTEN BETHEL BUCHHANDLUNG;33600;1
STIFTUNG BETHEL DANKORT;33600;1
BKK GILDEMEISTER SEIDENSTICKER;33644;1
JUSTIZVOLLZUGSANSTALT BIELEFELD-SENNE;33645;1
BÖLLHOFF AUTOMATION GMBH;33645;1
BÖLLHOFF GMBH;33645;1
GESTAMP UMFORMTECHNIK GMBH;33645;1
MÖLLER WERKE GMBH;33645;1
JUSTIZVOLLZUGSANSTALT BIELEFELD-BRACKWEDE I;33645;1
EVANG. PRESSEVERBAND FÜR WESTFALEN UND LIPPE E.V.;33645;1
GILDEMEISTER-DEVLIEG;33687;1
BRUNNEN & EILERS PROMOTION SERVICE GMBH & CO.KG;33687;1
BETRIEBSKRANKENKASSE GILDEMEISTER AG;33687;1
UNION KNOPF GMBH;33687;1
GILDEMEISTER DREHMASCHINEN GMBH;33687;1
ARI ARMATUREN ALBERT RICHTER GMBH & CO. KG;33756;1
HOLTER REGELARMATUREN GMBH & CO. KG;33756;1
HOLTER EISENHANDEL VOSSHENRICH GMBH & CO KG;33756;1
HOL-TEX GMBH;33756;1
WESTFALIA EXPORT GMBH;33769;1
THE FAMILY BUTCHERS GERMANY GMBH;33769;1
STADT VERSMOLD;33769;1
SPARKASSE STADT VERSMOLD;33769;1
NAGEL-GROUP LOGISTICS SE;33769;1
KOLBE-DRUCK GMBH & CO. KG;33769;1
JUGENDDORF-CHRISTOPHORUSSCHULE;33769;1
FRANZ WILTMANN GMBH & CO. KG;33769;1
COVERIS FLEXIBLES DEUTSCHLAND GMBH;33788;1
JTEKT BEARINGS DEUTSCHLAND GMBH;33788;1
BAXTER ONCOLOGY GMBH;33788;1
STADT HALLE (WESTF.);33788;1
GERRY WEBER MANAGEMENT & EVENT GMBH & CO OHG;33788;1
FA. AUGUST STORCK KG;33788;1
ARCELORMITTAL STAHLHANDEL GMBH;33788;1
AMTSGERICHT HALLE;33788;1
HANKE & SEIDEL GMBH & CO. KG;33801;1
JUNG PUMPEN GMBH & CO.;33801;1
GEMEINDEVERWALTUNG STEINHAGEN;33801;1
HÖRMANN KG VERKAUFSGESELLSCHAFT;33801;1
ARNTZ-BETEILIGUNGS GMBH & CO. KG;37669;1
WESERBERGLAND-KLINIK;37669;1
ZF LEMFÖRDER GMBH;49447;1
DEUTSCHE POST AG, FINANCE OPERATIONS SSC ACCOUNTING KREDITOREN;44112;1
DHL FREIGHT GMBH C/O DEUTSCHE POST AG FINANCE OPERATIONS DEUTSCHLAND;44113;1
FAMILIENKASSE NORDRHEIN-WESTFALEN-OST;44117;1
CONTINENTALE KRANKENVERSICHERUNG;44118;1
CONTINENTALE SACHVERSICHERUNG;44119;1
JOBCENTER DORTMUND WENDEPUNKT;44120;1
STÄDTISCHE KLINIKEN DORTMUND;44123;1
SERVICEDO GMBH;44123;1
RWE SERVICE GMBH;44124;1
SCHNEIDER ELECTRIC GMBH NIEDERLASSUNG DORTMUND;44126;1
DAIMLER AG MERCEDES-BENZ NL DORTMUND;44126;1
DRESDNER BANK AG;44126;1
AXA KONZERN AG;44126;1
ABP INDUCTION SYSTEMS GMBH;44126;1
HDI-GERLING FIRMEN- UND PRIVAT SERVICE AG;44126;1
HANDWERKSKAMMER DORTMUND;44126;1
BERUFSGENOSSENSCHAFT DER BAUWIRTSCHAFT BV WUPPERTAL GESCHÄFTSSTELLE DORTMUND;44126;1
THYSSENKRUPP ROTHE ERDE GERMANY GMBH;44126;1
HÜLPERT SHARED SERVICE GMBH;44126;1
FINANZAMT DORTMUND OST;44127;1
LANDGERICHT DORTMUND;44127;1
FINANZAMT DORTMUND-UNNA;44127;1
FINANZAMT DORTMUND-WEST;44127;1
KASSENÄRZTLICHE VEREINIGUNG WESTF.-LIPPE;44127;1
POLIZEIPRÄSIDIUM DORTMUND;44127;1
BARMER ZENTRUM HÄUSLICHE KRANKENPFLEGE;44127;1
HUGO MIEBACH GMBH;44127;1
IHK INDUSTRIE- UND HANDELSKAMMER ZU DORTMUND;44127;1
STIFTUNG FÜR HOCHSCHULZULASSUNG SFH;44128;1
HOCHSCHULSTART;44128;1
RUHR NACHRICHTEN VERLAG LENSING-WOLFF GMBH & CO. KG;44128;1
VICTORIA LEBENSVERSICHERUNG AG;44128;1
VOLKSWOHL BUND LEBENSVERSICHERUNGEN;44128;1
STADTSPARKASSE DORTMUND HAUPTSTELLE;44128;1
THYSSENKRUPP UHDE GMBH;44128;1
ST.-JOHANNES-HOSPITAL;44128;1
KKH- KAUFMÄNNISCHE KRANKENKASSE REGIONAL-ZENTRUM;44128;1
ZVS ZENTRALSTELLE FÜR DIE VERGABE VON STUDIENPLÄTZEN;44128;1
AVAYA-TENOVIS GMBH & CO. KG;44128;1
DORTMUNDER VOLKSBANK EG.;44128;1
DEUTSCHE POST AG SERVICE NIEDERLASSUNG HUMAN RESOURCES DEUTSCHLAND;44129;1
DEUTSCHE POST AG NIEDERLASSUNG FILIALEN;44129;1
DEUTSCHE TELEKOM AG NIEDERLASSUNG 1 DORTMUND;44129;1
DEUTSCHE TELEKOM AG NIEDERLASSUNG 2 DORTMUND;44129;1
DEUTSCHE TELEKOM AG DIREKTION DORTMUND;44129;1
DEUTSCHE POSTBANK AG;44130;1
DEUTSCHE POSTBANK AG NIEDERLASSUNG DORTMUND;44131;1
TECHNISCHE UNIVERSITÄT DORTMUND;44221;1
WILO SE;44261;1
LEG LANDESENTWICKLUNGSGESELLSCHAFT NRW;44261;1
FINANZAMT DORTMUND-HÖRDE;44261;1
HÜTTEN- UND WALZWERK- BERUFSGENOSSENSCHAFT;44261;1
MASCHINENBAU- UND METALLBERUFSGENOSSENSCHAFT;44261;1
RTL TELESHOPPING;44280;1
MATERIALPRÜFUNGSAMT NORDRHEIN-WESTFALEN;44285;1
HECKER UNTERNEHMENSGRUPPE;44285;1
MM GRAPHIA DORTMUND GMBH;44285;1
COMMERZBANK AG COM TS MAILSERVICE DORTMUND;44401;1
SPARKASSE AN DER LIPPE;44530;1
AURUBIS AG FRÜHER AFFINERIE AG;44530;1
ST.-MARIEN-HOSPITAL;44530;1
HBT GMBH;44530;1
STADTVERWALTUNG LÜNEN;44530;1
NWB VERLAG GMBH & CO. KG;44621;1
STADT HERNE;44621;1
HERNER SPARKASSE;44621;1
MARIENHOSPITAL-UNIVERSITÄTSKLINIK II;44621;1
MARIENHOSPITAL-UNIVERSITÄTSKLINIK I;44621;1
AGENTUR FÜR ARBEIT HERNE -KASSE-;44647;1
ST. ANNA-HOSPITAL;44647;1
SCHWING GMBH;44647;1
VODAFONE GMBH, VODAFONE SHOP, KUNDENSERVICE MITTELSTAND;44772;1
STUDIENKREIS GMBH;44773;1
GLS GEMEINSCHAFTSBANK EG;44774;1
ARAL AKTIENGESELLSCHAFT;44776;1
FABER GMBH;44778;1
FABER GMBH & CO. KG;44779;1
RUHR-UNIVERSITÄT BOCHUM;44780;1
CROWN WESTFALEN BANK AG;44782;1
AMTSGERICHT BOCHUM;44782;1
VITERRA AG IMMOBILIEN;44782;1
ST. JOSEF-HOSPITAL UNIVERSITÄTSKLINIK;44782;1
JUSTIZVOLLZUGSANSTALT (JVA);44782;1
INDUSTRIE UND HANDELSKAMMER ZU BOCHUM;44782;1
IG BERGBAU;44782;1
BOCHUMER VEREIN VERKEHRSTECHNIK GMBH;44782;1
AUGUSTA KRANKEN ANSTALT;44782;1
ST. ELISABETH-HOSPITAL GGMBH;44782;1
STAATSANWALTSCHAFT BOCHUM;44782;1
RWE KUNDENSERVICE;44782;1
POLIZEI;44782;1
FINANZAMT BOCHUM SÜD;44782;1
EICKHOFF MASCHINENFABRIK;44782;1
DMT-GESELLSCHAFT FÜR LEHRE UND BILDUNG;44782;1
BOGESTRA AG;44782;1
LANDGERICHT BOCHUM;44782;1
ARBEITSGEMEINSCHAFT FÜR KREBSBEKÄMPFUNG;44782;1
BERUFSGENOSSENSCHAFTLICHE KLINIKEN BERGMANNSHEIL UNIVERSITÄTSKLINIK;44782;1
FINANZAMT BOCHUM MITTE;44782;1
ZIMBO FLEISCH- UND WURSTWAREN GMBH & CO.KG;44782;1
ADAM OPEL AG;44782;1
VONOVIA SE;44784;1
D & W AUTO, SPORT + ZUBEHÖR HANDELSGESELLSCHAFT MBH & CO. KG;44863;1
ALBERT GREIFENBERG GMBH & CO. KG;45523;1
FINANZAMT HATTINGEN;45523;1
REWE KG A A GMBH;45523;1
MASCHINENFABRIK KÖPPERN GMBH & CO. KG;45523;1
STADT HATTINGEN;45523;1
DHL FREIGHT GMBH SSC ACCOUNTING KREDITORENBUCHHALTUNG;50582;1
SIEGENIA-AUBI KG;57069;1
EV. KRANKENHÄUSER IM SIEGERLAND GGMBH -EV. JUNG-STILLING KRANKENHAUS-;57069;1
INDUSTRIE- UND HANDELSKAMMER SIEGEN;57069;1
MUSCHEID (EISEN);57069;1
ELECTROLUX GMBH;57069;1
REICHWALD + CO;57069;1
BALD AUTOMOBILGESELLSCHAFT MBH;57069;1
ST. MARIEN-KRANKENHAUS SIEGEN GGMBH;57069;1
SPARKASSE SIEGEN;57069;1
SIEGENER ZEITUNG, VORLÄNDER & ROTHMALER GMBH & CO.;57069;1
KREIS SIEGEN-WITTGENSTEIN;57069;1
AGENTUR FÜR ARBEIT SIEGEN;57070;1
DEUTSCHE POST AG DIREKT MARKETING CENTER SIEGEN;57110;1
FISCHBACH LÜFTUNGS- U. KLIMATECHNIK GMBH;57289;1
ZENITH MASCHINENFABRIK;57289;1
VOLKSBANK IN SÜDWESTFALEN EG;57289;1
ROBERT THOMAS METALL- U. ELEKTROWERKE GMBH & CO. KG;57289;1
SSI SCHÄFER FRITZ SCHÄFER GMBH;57289;1
VIEGA GMBH & CO.KG;57437;1
AGENTUR FÜR ARBEIT HAGEN;58080;1
AMTSGERICHT HAGEN -MAHNABTEILUNG-;58081;1
WESTFALIA WERKZEUGCOMPANY GMBH & CO.KG;58082;1
WESTFALIA TECHNICA GMBH;58083;1
FERNUNIVERSITÄT IN HAGEN;58084;1
SÜDWESTFÄLISCHE INDUSTRIE- UND HANDELSKAMMER (SIHK) ZU HAGEN;58085;1
STADTVERWALTUNG HAGEN;58085;1
VOSS WERKZEUG- UND MASCHINEN-ZENTRUM GMBH;58085;1
POLIZEIPRÄSIDENT;58085;1
MARK-E AG;58085;1
DAK HAGEN;58085;1
STADTANZEIGER;58085;1
MVL MEDIEN-VERTRIEB UND LOGISTIK GMBH;58085;1
KRUPP EDELSTAHLPROFILE GMBH PANOPA LOGISTIK GMBH;58085;1
KATHOLISCHES KRANKENHAUS HAGEN GEM. GMBH;58085;1
FUNKE NRW REDAKTIONSGESELLSCHAFT MBH WESTFALENPOST;58085;1
C.D. WÄLZHOLZ GMBH & CO. KG;58085;1
JUSTIZVOLLZUGSANSTALT (OHNE INSASSEN);58086;1
LANDGERICHT HAGEN;58086;1
STAATSANWALTSCHAFT HAGEN;58086;1
DEUTSCHE TELEKOM AG NIEDERLASSUNG HAGEN;58086;1
AMTSGERICHT HAGEN;58086;1
BILSTEIN GMBH & CO;58117;1
SPARCO;58117;1
VDF VOGTLAND GMBH;58117;1
HUGO VOGELSANG BANDSTAHL;58117;1
THYSSENKRUPP HOHENLIMBURG GMBH;58117;1
C.M. PIEPER & COMP. GMBH;58117;1
EWALD GIEBEL KG;58117;1
EBRO ARMATUREN GEBR. BRÖER GMBH;58133;1
WIKINGER SPORTREISEN GMBH;58133;1
SOGEFI HD SUSPENSIONS GERMANY GMBH;58133;1
CARL BRANDT ZWIEBACK-SCHOKOLADEN VERTRIEBSGESELLSCHAFT GMBH U. CO KG;58133;1
WIKINGER REISEN GMBH;58133;1
ERNST BRÖER GMBH ALUMINIUMGIESSEREI;58133;1
WEISSBACH, STRUMPFFABRIK GMBH;58133;1
FSR FÖRDERVEREIN ZUR SCHULUNG VON REISELEITERN E.V.;58133;1
ERICH KALTHOFF GMBH & CO.;58133;1
DEUTSCHE POST AG NIEDERLASSUNG BRIEF HAGEN;58147;1
HAGEN-KABEL PULP & PAPER GMBH;58147;1
SINN & LEFFERS AG;58147;1
WHG WESTDEUTSCHE HANDELSGESELLSCHAFT MBH;58147;1
DEUTSCHE POST AG NIEDERLASSUNG HAGEN (PAKET);58147;1
BOL.DE;58147;1
STADTSPARKASSE DORTMUND FILIALE SCHWERTE;58237;1
DEUTSCHE NICKEL AG;58237;1
SCHWERTER PROFILE GMBH;58237;1
EUROCOIN GMBH;58237;1
FLEISCHHACKER KG LABOREINRICHTUNGEN MEDIZINTECHNIK;58237;1
AVU AKTIENGESELLSCHAFT FÜR VERSORGUNGS- UNTERNEHMEN;58283;1
STADTVERWALTUNG GEVELSBERG;58283;1
INTERTRACTOR AG;58283;1
EUROPART INDUSTRIESERVICE GMBH;58283;1
NELSON BOLZENSCHWEISS-TECHNIK GMBH &CO.KG;58283;1
BLEISTAHL PROD. GMBH & CO. KG;58292;1
BURG-WÄCHTER KG;58292;1
C. & W. SICHELSCHMIDT GMBH & CO. KG;58292;1
EVANGELISCHE STIFTUNG VOLMARSTEIN;58292;1
KÃ¶HLER & LAFRENZ GBR;58292;1
LUNKO-AUTOMOBILTECHNIK GMBH;58292;1
SINTERED PARTS AND SERVICES GMBH;58292;1
ZESCHKY GALVANIK GMBH + CO. KG;58292;1
ABUS AUG. BREMICKER SÖHNE KG;58292;1
TAPROGGE GMBH;58292;1
AMTSGERICHT UND JUGENDARRESTANSTALT;58298;1
AUGUST FISCHER GMBH;58298;1
STADTVERWALTUNG WETTER (RUHR);58298;1
OHLSEN + A. FISCHER KG;58298;1
PHARMA-VERTRIEBSGES. MBH;58311;1
POLAMIN - WERK GMBH;58311;1
REITVEREIN ENDER TAL HERDECKE E. V.;58311;1
STADTSPARKASSE HAGENHERDECKE;58311;1
SANOREFORM GMBH;58311;1
LOERFELDER ÖKONOMIE HANS PROPPERT GMBH;58311;1
GEMEINSCHAFTS-KRANKENHAUS;58311;1
MED-PHARM GMBH;58311;1
EWALD DÖRKEN AG;58311;1
ARDEYPHARM GMBH;58311;1
STADTVERWALTUNG HERDECKE;58311;1
SYBURG-KOSMETIK GMBH;58311;1
PHARMA-ZENTRALE GMBH;58311;1
PHARMA-LABOR GMBH;58311;1
DR. POEHLMANN & CO. GMBH;58311;1
ASTOR-BERNING GMBH & CO. KG;58330;1
HELIOS KLINIKUM SCHWELM;58330;1
KREISVERWALTUNG ENNEPE-RUHR-KREIS;58330;1
AMTSGERICHT SCHWELM;58330;1
PRIVATE UNIVERSITÄT WITTEN/HERDECKE;58448;1
J. D. NEUHAUS GMBH & CO. KG;58449;1
DIAKONIEWERK RUHR, EV. KRANKENHAUS;58449;1
LOHMANN & STOLTERFOHT GMBH;58449;1
SPARKASSE WITTEN;58449;1
STADT WITTEN;58449;1
VOGT ELECTRONIC WITTEN GMBH;58449;1
RUHRPUMPEN GMBH;58449;1
DEUTSCHE POST AG ZUSTELLSTÜTZPUNKT WITTEN;58449;1
EDUARD HUECK GMBH & CO. KG;58505;1
STADTVERWALTUNG LÜDENSCHEID;58505;1
SPORTKLINIK HELLERSEN;58505;1
AMTSGERICHT LÜDENSCHEID;58505;1
BUSCH-JAEGER ELEKTRO GMBH;58505;1
FINANZAMT LÜDENSCHEID;58505;1
MÄRKISCHER KREIS, KREISVERWALTUNG;58505;1
LEOPOLD KOSTAL GMBH & CO. KG;58505;1
KRANKENHÃ¤USER DES MÃ¤RKISCHEN KREISES GMBH;58505;1
HOFFMEISTER LEUCHTEN GMBH & CO. KG;58505;1
HASCO-NORMALIEN, HASENCLEVER GMBH + CO;58505;1
ERCO LEUCHTEN GMBH;58505;1
DEUTSCHE POST AG ZUSTELLSTÜTZPUNKT ISERLOHN;58634;1
EV. KRANKENHAUS BETHANIEN;58634;1
HERM. SPRENGER METALLWARENFABRIK GMBH & CO. KG;58634;1
KURI-ARMATUREN GMBH;58634;1
MÄRKISCHER KREIS;58634;1
ORAS GMBH & CO. KG;58634;1
RECHTSANWÄLTE LAATSCH, GOVARI & KAMINSKI;58634;1
ST ELISABETH HOSPITAL;58634;1
SUDHAUS GMBH;58634;1
CREDITREFORM ISERLOHN WICK KG;58634;1
IKZ-AV GMBH;58634;1
SPARKASSE ISERLOHN;58634;1
STADT ISERLOHN;58634;1
MEDICE CHEM.-PHARM. FABRIK PÜTTER GMBH & CO.KG;58634;1
KIRCHHOFF WITTE GMBH & CO. KG;58634;1
ALOYS F. DORNBRACHT GMBH & CO. KG;58634;1
DURABLE HUNKE & JOCHHEIN GMBH & CO. KG;58634;1
COMMERZBANK AG COMTS WEST GMBH;59060;1
LANDESARBEITSGERICHT ARBEITSGERICHT;59061;1
LIBORIUS MAGAZIN VERLAGSGESELLSCHAFT MBH;59061;1
WESTF. DRAHTINDUSTRIE;59061;1
MANNESMANN PRECISION TUBES GMBH;59061;1
ZENTRALE ZAHLSTELLE JUSTIZ;59061;1
FINANZAMT/-KASSE;59061;1
STAATSANWALTSCHAFT DORTMUND-ZWEIGSTELLE HAMM;59061;1
WESTFÄLISCHER ANZEIGER VERLAGSGESELLSCHAFT MBH & CO. KG;59061;1
ST. MARIEN-HOSPITAL HAMM GEM. GMBH;59061;1
VOLKSBANK HAMM EG;59061;1
THYSSEN DRAHT GMBH;59061;1
DU PONT DE NEMOURS (DEUTSCHLAND) GMBH WERK UENTROP;59061;1
EVANGELISCHES KRANKENHAUS HAMM GMBH MÄRKISCHE KINDERKLINIK HAMM;59061;1
MASCHINENFABRIK SCHARF GMBH;59061;1
DER EVANGELISCHE SONNTAG VERLAGSGES. MBH;59061;1
STADT HAMM BÜRGERAMT MITTE;59061;1
LIBORIUSBLATT;59061;1
SPARKASSE HAMM;59061;1
SPARKASSE SOESTWERL;59089;1
STANDARD-METALLWERKE GMBH;59089;1
DEUTSCHE POST AG NIEDERLASSUNG BRIEF HAMM;59090;1
LSZ LOGISTIK SERVICE ZENTRUM GMBH;59172;1
ST. CHRISTOPHORUS-KRANKENHAUS GMBH;59366;1
SANAVITA GESUNDHEITSMITTEL GMBH & CO. KG;59366;1
KYOCERA AVX COMPONENTS (WERNE) GMBH;59366;1
RÖSSEL-MESSTECHNIK GMBH U. CO.;59366;1
BECKMANN PRINT & MEDIEN GMBH;59366;1
BÖCKER MASCHINENWERKE GMBH;59366;1
VOLKSBANK KAMEN-WERNE EG;59366;1
KLINGELE PAPER & PACKAGING WERNE SE & CO. KG;59366;1
V.W. WERKE WIEDERHOLT;59438;1
STADTWERKE WERL GMBH;59455;1
STADT WERL;59455;1
MÖBEL TURFLON WERL KLEMENS MÜNSTERMANN GMBH & CO. KG;59455;1
AMTSGERICHT WERL;59455;1
MARIANNENHOSPITAL;59455;1
JUSTIZVOLLZUGSANSTALT WERL;59455;1
FINANZAMT SOEST;59491;1
HERMANN MILKE KG GMBH & CO;59491;1
AMTSGERICHT SOEST;59491;1
STADTKRANKENHAUS SOEST;59491;1
CEAG NOTLICHTSYSTEME GMBH;59491;1
BEILKE, INDUSTRIEBEDARF GMBH & CO KG;59491;1
DELTA ENERGY SYSTEMS GERMANY GMBH;59491;1
FRANZ KERSTIN GMBH & CO KG;59491;1
LANDESINSTITUT FÃ¼R SCHULE UND WEITERBILDUNG;59491;1
LEGRAND GMBH;59491;1
PIEL DIE TECHNISCHE GROSSHANDLUNG GMBH;59491;1
SPARKASSE SOEST;59491;1
STADT SOEST;59491;1
MARIENKRANKENHAUS;59491;1
ALSO DEUTSCHLAND GMBH;59491;1
KREIS SOEST;59495;1
HELLA KG HUECK & CO.;59552;1
HERMANN BACH GMBH & CO. KG;59553;1
DR. WOLF U. DANIELS U. KLEIN RECHTSANWÄLTE;59553;1
KÃ¶HLER AUTOMOBILTECHNIK GMBH;59553;1
IDEAL-WERK C. + E. JUNGEBLODT GMBH & CO.;59553;1
SCHIEFFER GMBH & CO. KG;59553;1
LAUMANNS DRUCK GMBH;59553;1
ZEITUNGSVERLAG DER PATRIOT GMBH;59553;1
VOLKSBANK BECKUM-LIPPSTADT EG;59553;1
STADTVERWALTUNG LIPPSTADT;59553;1
BRÜLLE & SCHMELTZER GMBH & CO. KG;59553;1
GEORG HAUPT BEKLEIDUNGSWERKE GMBH;59553;1
EVANGELISCHES KRANKENHAUS LIPPSTADT;59553;1
SPARKASSE LIPPSTADT;59553;1
WESTF. KLINIK FÜR PSYCHIATRIE UND PSYCHOTHERAPIE;59578;1
HEINRICH JUNGEBLODT GMBH & CO. KG;59578;1
PFLEIDERER INDUSTRIE GMBH & CO. KG DUROPAL WERK;59753;1
STADT ARNSBERG;59753;1
DESCH ANTRIEBSTECHNIK GMBH & CO. KG;59753;1
TRILUX GMBH & CO. KG;59753;1
SPARKASSE ARNSBERG-SUNDERN;59753;1
BEZIRKSREGIERUNG ARNSBERG;59817;1
FINANZAMT ARNSBERG GESCHÄFTSSTELLE;59818;1
BILDUNGSINSTITUT ARNSBERG-LIPPSTADT GMBH DER IHK ZU ARNSBERG;59818;1
INDUSTRIE- UND HANDELSKAMMER ZU ARNSBERG;59818;1
SCHULTE-UFER;59844;1
SEVERIN ELEKTROGERÄTE GMBH;59844;1
ROHE-GERMANY GMBH;59844;1
SKS SCHEFFER-KLUTE GMBH;59844;1
GEBR. SCHULTE;59844;1
HOCHSAUERLANDKREIS DER LANDRAT IN MESCHEDE;59870;1
HOCHSAUERLANDKREIS DER LANDRAT;59870;1
MARTINREA HONSEL GERMANY GMBH;59870;1
ST. WALBURGA-KRANKENHAUS GMBH;59870;1
STADTVERWALTUNG REMAGEN;53423;1
AOK-VERLAG GMBH;53423;1
H.J. JÃ¤GER GMBH;53423;1
RZ-MEDIA GMBH;53423;1
NORIZIA-KELLEREIEN GMBH;53470;1
BROGSITTER WEINGÜTER PRIVAT-SEKTKELLEREI EXKLUSIV-IMPORTE-GMBH;53470;1
BROGSITTER GRUNDSTÜCKSGESELLSCHAFT GELSDORF GBR;53470;1
H.-J. BROGSITTER CONSULTING, MANAGEMENT- U. HANDELSGESELLSCHAFT MBH;53470;1
BROGSITTER'S SANCT PETER GMBH;53470;1
ST. PETER MANAGEMENT GMBH;53470;1
WEINGUT ALBERT KREUZBERG;53470;1
BROGSITTER'S EIGENE DOMHERREN- PRIVATKELLEREI GES. MBH;53470;1
DELU-FABRIK HANS BECKER GMBH & CO. KG;53602;1
AGENTUR FÜR ARBEIT TRIER;54187;1
WESTNETZ GMBH ZENTRALER RECHNUNGSEINGANG;54189;1
DEUTSCHE POST AG NIEDERLASSUNG BRIEF TRIER;54190;1
UNIVERSITÄT TRIER;54286;1
DEUTSCHE POST AG SNL FUHRPARKMANAGEMENT EINKAUF TRANSPORTLEISTUNGEN;54287;1
DEUTSCHE POST AG SNL GEHALTSABRECHNUNG/ TARIFKANZLEI ABT. PERSONALZAHLUNGEN ZUS;54287;1
DEUTSCHE POST AG SNL IT-SYSTEME EXPRESS AE MARKETING, VERTRIEB EXPRESS;54287;1
POSTBEAMTENKRANKENKASSE BEZIRKSSTELLE KOBLENZ;54287;1
DEUTSCHE POST AG SNL EINKAUF SERVICE CENTER EINKAUF;54287;1
DEUTSCHE TELEKOM NIEDERLASSUNG TRIER;54287;1
SPARKASSE MITTELMOSEL EIFEL MOSEL HUNSRÜCK;54469;1
MOSELLAND EG;54469;1
REHA-ZENTRUM BERNKASTEL-KUES;54469;1
VERBANDSGEMEINDEVERWALTUNG BERNKASTEL-KUES;54469;1
ROCKY VENTURE CAPITAL GMBH;54567;1
GEROLSTEINER BRUNNEN GMBH & CO. KG;54567;1
LANDESBANK BADEN-WÃ¼RTTEMBERG / RHEINLAND-PFALZ;55098;1
JOHANNES-GUTENBERG-UNIVERSITÃ¤T;55099;1
ZDF SENDEZENTRUM;55100;1
UNIVERSITÄTSMEDIZIN DER JOHANNES-GUTENBERG-UNIVERSITÄT MAINZ;55101;1
AGENTUR FÜR ARBEIT MAINZ;55147;1
DEUTSCHE BUNDESBANK SERVICEZENTRUM AUSSENWIRTSCHAFTSSTATISTIK;55148;1
FAMILIENKASSE RHEINLAND-PFALZ-SAARLAND;55149;1
DEUTSCHE POST AG NIEDERLASSUNG BRIEF MAINZ;55150;1
ECKES-GRANINI RUSSLAND HOLDING GMBH 2. RHV;55266;1
CHANTRE & CIE. GMBH, NIEDER-OLM;55266;1
MARIACRON ZU OPPENHEIM AM RHEIN GMBH OPPENHEIM;55266;1
ISENOVA GMBH, NIEDER-OLM;55266;1
FREIXENET GMBH;55266;1
ECKES MARKETING GMBH;55266;1
ECKES-GRANINI INTERNATIONAL GMBH;55266;1
ECKES-GRANINI GROUP GMBH;55266;1
ECKES GRUNDSTÜCKSVERWALTUNG GMBH NIEDER-OLM;55266;1
ECKES-GRANINI DEUTSCHLAND GMBH;55266;1
ECKES BETEILIGUNGS GMBH;55266;1
DR. KOCH MARKEN GMBH, NIEDER-OLM;55266;1
ALFA METALCRAFT CORPORATION HANDELSGESELLSCHAFT MBH;55408;1
LÖWEN ENTERTAINMENT GMBH;55409;1
KREISSPARKASSE RHEIN-NAHE;55409;1
EDEKA;55409;1
HEILIG GEIST HOSPITAL;55409;1
WEIGAND;55409;1
BINDERER ST. URSULA WEINKELLEREI GMBH;55409;1
CSM DEUTSCHLAND GMBH GEBÄUDEUNTERHALTUNG;55409;1
LÖWEN-AUTOMATEN GERHARD W. SCHULZE GMBH;55409;1
WIV WEIN INTERNATIONAL WEINGÜTER- UND KELLEREI-VERWALTUNG;55409;1
BT OFFICE PRODUCTS DEUTSCHLAND GMBH & CO. KG. NETT + WÜRTH;55409;1
SPARKASSE RHEIN-NAHE;55541;1
RHEUMA-HEILBAD AG;55541;1
AOK BAD KREUZNACH;55541;1
PHOENIX PHARMAHANDEL AG & CO VERTRIEBSZENTRUM BAD KREUZNACH;55541;1
DEUTSCHE TELEKOM AG NIEDERLASSUNG;55541;1
JUSTIZBEHÃ¶RDEN;55541;1
JOS. SCHNEIDER OPTISCHE WERKE GMBH;55541;1
PALL FILTERSYSTEMS GMBH;55541;1
VOLKSBANK RHEIN- NAHE-HUNSRÜCK EG.;55541;1
DEUTSCHE POST AG NIEDERLASSUNG BRIEF KOBLENZ;56037;1
AOK RHEINLAND-PFALZ / SAARLAND DIE GESUNDHEITSKASSE;56040;1
DEBEKA BKK;56048;1
DEBEKA BAUSPARKASSE;56054;1
MITTELRHEIN-VERLAG GMBH;56055;1
STRUKTUR- UND GENEHMIGUNGSDIREKTION NORD;56056;1
BUNDESAMT FÜR AUSRÜSTUNG, INFORMATIONST. U. NUTZUNG D. BUNDESWEHR (BAAINBW);56057;1
DEBEKA LEBENSVERSICHERUNG AG, HAUPTVERWALTUNG;56058;1
EVM AG PRIVAT- U. GESCHÄFTSKUNDENVERTRIEB;56059;1
FINANZAMT KOBLENZ;56060;1
LANDESAMT FÃ¼R FINANZEN;56062;1
POLIZEIPRÄSIDIUM KOBLENZ;56063;1
HANDWERKSKAMMER KOBLENZ;56063;1
KREISVERWALTUNG MAYEN-KOBLENZ;56063;1
KIMBERLY & CLARK GMBH;56063;1
STADTVERWALTUNG KOBLENZ;56064;1
ENERGIENETZE MITTELRHEIN GMBH CO.KG;56064;1
BUNDESWEHRZENTRALKRANKENHAUS;56064;1
INDUSTRIE- U. HANDELSKAMMER;56064;1
KASSENÃ¤RZTLICHE VEREINIGUNG RHEINL-PFALZ REGIONALZENTRUM KOBLENZ;56064;1
MEDIZINALUNTERSUCHUNGSAMT;56064;1
LANDESAMT FÃ¼R STEUERN;56064;1
BEZIRKSÄRZTEKAMMER;56065;1
INTEGRATIONSAMT;56065;1
LANDESAMT F. SOZIALES, JUGEND U. VERSORGUNG;56065;1
KRANKENHAUS KEMPERHOF;56065;1
ARBEITSGERICHT KOBLENZ NEUES JUSTIZZENTRUM;56065;1
ZWEIGSTELLE DES LANDESAMTES BEIM AMT FÜR SOZIALE ANGELEGENHEITEN;56065;1
LANDGERICHT / AMTSGERICHT;56065;1
SOZIALGERICHT KOBLENZ NEUES JUSTIZZENTRUM;56065;1
DEUTSCHE TELEKOM AG NIEDERLASSUNG 1;56065;1
AMT FÜR SOZIALE ANGELEGENHEITEN;56065;1
LANDESBERUFSGERICHT;56065;1
OBERVERWALTUNGSGERICHT RHEINLAND-PFALZ NEUES JUSTIZZENTRUM;56065;1
STAATSANWALTSCHAFT KOBLENZ NEUES JUSTIZZENTRUM;56065;1
VERFASSUNGSGERICHTSHOF;56065;1
DEBEKA KRANKENVERSICHERUNG LEISTUNGSZENTRUM;56078;1
COMPUGROUP HOLDING AG;56079;1
KREISVERWALTUNG DES RHEIN-LAHN-KREISES;56129;1
KREISVERWALTUNG DES WESTERWALDKREISES;56409;1
DEUTSCHE POST AG ZUSTELLSTÜTZPUNKT MONTABAUR;56409;1
EINS + EINS EDV MARKETING GMBH;56409;1
VERBANDSGEMEINDEVERWALTUNG MONTABAUR;56409;1
HAUSHALTPRODUKTE GMBH;56409;1
G. KOCH GMBH & CO.;56456;1
MENK APPARATEBAU GMBH;56469;1
LEBEK BEKLEIDUNGSINDUSTRIE GMBH & CO KG;56469;1
WINKLER + DÜNNEBIER GMBH;56562;1
LUCHTERHAND VERLAG GMBH;56562;1
LOHMANN GMBH & CO. KG;56562;1
DEUTSCHE POST AG ZUSTELLSTÜTZPUNKT NEUWIED;56562;1
DEUTSCHE POST AG DHL EXPRESS NEUWIED (PAKET);56562;1
AOK-DIE GESUNDHEITSKASSE REGIONALDIREKTION NEUWIED;56562;1
BERGE & MEER TOURISTIK GMBH;56578;1
LANDESVERSICHERUNGSANSTALT RHEINLAND-PFALZ ZWST. ANDERNACH;56624;1
RASSELSTEIN HOESCH GMBH;56624;1
UNFALLKASSE RHEINLAND-PFALZ;56624;1
MAHNSTELLE AMTSGERICHT MAYEN;56723;1
MORITZ J. WEIG GMBH & CO. KG;56724;1
AGENTUR FÜR ARBEIT MAYEN;56724;1
J. WIRTHS HYGIENE GMBH;56724;1
DEUTSCHE POST AG FILIALBEZIRKSLEITUNG MAYEN;56725;1
WOLF-GARTEN GMBH & CO KG;57517;1
SCHÄFER SHOP GMBH;57517;1
PRESSE - VERTRIEB SIEGERLAND GMBH & CO. KG;57517;1
ELCO EUROPE GMBH;57517;1
OTTO LAMPERTZ GMBH & CO. KG;57517;1
VERBANDSGEMEINDE BETZDORF-GEBHARDSHAIN;57517;1
REXNORD KETTE GMBH;57517;1
SPARKASSE WESTERWALD-SIEG GESCHÄFTSSTELLE ALTENKIRCHEN;57609;1
KREISVERWALTUNG ALTENKIRCHEN;57609;1
VERBANDSGEMEINDEVERWALTUNG ALTENKIRCHEN-FLAMMERSFELD;57609;1
WERIT KUNSTSTOFFWERKE W. SCHNEIDER GMBH & CO.;57609;1
WESTERWALD BANK EG VOLKS-UND RAIFFEISENBANK;57609;1
AOK - DIE GESUNDHEITSKASSE ALTENKIRCHEN;57609;1
DEUTSCHE TELEKOM AG NL 2 KOBLENZ;57609;1
WESTERWALD-BRAUEREI;57626;1
WESTERWALD BANK EG;57626;1
GROSSHANDEL GROSS GMBH & CO KG;57626;1
EBK GMBH;57626;1
LBE GMBH;57626;1
VERBANDSGEMEINDEVERWALTUNG HACHENBURG;57626;1
DRUCKEREI HACHENBURG - PMS GMBH;57626;1
BRIGITTE-GESCHENKE GMBH;57626;1
SCHAEFER KALK GMBH & CO.KG;65580;1
VOLKSBANK DIEZ-NASTÄTTEN EG.;65580;1
EMW FILTERTECHNIK GMBH;65580;1
VERBANDSGEMEINDEVERWALTUNG DIEZ;65580;1
STRASSENBAUAMT DIEZ;65580;1
STAATSBAUAMT DIEZ;65580;1
OHL BAU GMBH;65580;1
FINANZAMT PIRMASENS;66950;1
ADOLF DEIL GMBH & CO. KG;66951;1
MÜNZENVERSANDHAUS REPPA GMBH;66951;1
WASGAU PRODUKTION & HANDELS AG;66951;1
KREISVERWALTUNG SÜDWESTPFALZ;66951;1
PROFINE GMBH;66951;1
RENO VERSANDHANDEL GMBH;66986;1
AGENTUR FÜR ARBEIT LUDWIGSHAFEN AM RHEIN;67055;1
BASF SE;67056;1
POSTBANK NIEDERLASSUNG LUDWIGSHAFEN;67057;1
JOSEPH VÖGELE AG;67075;1
DEUTSCHE POSTBANK AG NIEDERLASSUNG LUDWIGSHAFEN;67076;1
DEUTSCHE POST AG NIEDERLASSUNG BRIEF LUDWIGSHAFEN;67077;1
DEUTSCHE POST AG NL BRIEF MAINZ PERSONALADMINISTRATION FILIAL GMBH;67078;1
PRONOVA BKK;67082;1
STAATSANWALTSCHAFT FRANKENTHAL;67225;1
HOWDEN TURBO GMBH;67225;1
KOENIG & BAUER DIGITAL & WEBFED AG C. KG;67225;1
KSB AG;67225;1
ENTSORGUNGS- UND WIRTSCHAFTSBETRIEB FRANKENTHAL EWF;67225;1
MEDIAPRINT MAUTHE KALENDER VERLAG GMBH;67225;1
EVANGELISCHE KIRCHE DER PFALZ LANDESKIRCHENRAT;67343;1
VOLKSBANK SPEYER-NEUSTADT EG;67343;1
DEUTSCHE RANCO GMBH;67343;1
POSTBEAMTENKRANKENKASSE AUSSENSTELLE (PBEAKK);67343;1
VON DER HEYDT GMBH;67343;1
ST. VINCENTIUS-KRANKENHAUS;67343;1
TYCO ELEKRONICS EC GMBH & CO KG;67343;1
EVANGELISCHE DIAKONISSENANSTALT SPEYER;67343;1
PSD BANK KARLSRUHE-NEUSTADT A.D. WEINSTRASSE E.G.;67343;1
VON DER HEYDT FACHGESCHÄFT FÜR GLAS, PORZELLAN, HAUSRAT;67343;1
KREIS- UND STADTSPARKASSE SPEYER;67343;1
MEININGER VERLAG GMBH;67429;1
VOLKSBANK SPEYER-NEUSTADT EG HAUPTNIEDERLASSUNG NEUSTADT;67429;1
VEREINTE VERSICHERUNGEN;67429;1
JUSTIZBEHÖRDEN NEUSTADT;67429;1
KASSENÄRZTLICHE VEREINIGUNG RHEINLAND PFALZ REGIONALZENTRUM PFALZ;67429;1
AOK -DIE GESUNDHEITSKASSE IN RHEINLAND- PFALZ REGIONALDIREKTION NEUSTADT A.D.WST;67429;1
BEZIRKSREGIERUNG RHEINHESSEN-PFALZ;67429;1
FORTUNA MEDIEN GMBH;67429;1
GESIWO WOHNUNGSGESELLSCHAFT MBH;67429;1
SPARKASSE RHEIN-HAARDT;67429;1
FINANZAMT NEUSTADT;67429;1
ADAC PFALZ E.V.;67429;1
DEUTSCHE TELEKOM AG NIEDERLASSUNG NEUSTADT AN DER WEINSTRASSE;67429;1
E.W. NEU GMBH;67545;1
STADTVERWALTUNG WORMS;67545;1
GUALA CLOSURES DEUTSCHLAND GMBH;67545;1
KINNARPS GMBH;67545;1
RHEINISCHE KUNSTSTOFFWERKE GMBH;67545;1
EWR AG;67545;1
AGENTUR FÜR ARBEIT WORMS;67545;1
FINANZAMT WORMS;67545;1
NEU TEXTIL GMBH;67545;1
3K MÖBEL GMBH;67545;1
AOK -DIE GESUNDHEITSKASSE IN RHEINLAND- PFALZ REGIONALDIREKTION WORMS-ALZEY;67545;1
RENOLIT SE;67545;1
RHEINHESSEN SPARKASSE SPARKASSE WORMS-ALZEY-RIED;67545;1
GRACE GMBH;67545;1
KITTELBERGER GEBRÜDER GMBH UND CO.;67653;1
1. FC KAISERSLAUTERN E.V.;67653;1
ACO GUSS GMBH;67653;1
ARGE LANDKREIS KAISERSLAUTERN;67653;1
VOLKSBANK KAISERSLAUTERN EG;67653;1
SPARKASSE KAISERSLAUTERN;67653;1
JUSTIZBEHÖRDEN-AMTSGERICHT;67653;1
BEZIRKSVERBAND PFALZ;67653;1
WESTPFALZ-KLINIKUM GMBH STANDORT I KAISERSLAUTERN;67653;1
E W K EISENWERKE KAISERSLAUTERN GMBH;67653;1
STARK DEUTSCHLAND GMBH NL RAAB KARCHER;67653;1
OPEL ADAM AG WERK KAISERSLAUTERN;67653;1
SCHUSTER & SOHN KG;67653;1
UNIVERSITÄT KAISERSLAUTERN;67653;1
PFAFF G. M. AG;67653;1
KREISVERWALTUNG KAISERSLAUTERN;67653;1
JUSTIZBEHÖRDEN-LANDGERICHT;67653;1
AOK REGIONALDIREKTION KAISERSLAUTERN;67653;1
ARGE LAND;67653;1
IKK SÜDWEST;67653;1
AUFSICHTS - UND DIENSTLEISTUNGSDIREKTION LOHNSTELLE AUSLÄNDISCHE STREITKRÄFTE;67653;1
ARGE STADT KAISERSLAUTERN;67653;1
EUROMASTER GMBH;67653;1
DEUTSCHE TELEKOM AG NIEDERLASSUNG KAISERSLAUTERN;67653;1
FDS FULFILLMENT DIRECTIVE SERVICE GMBH;75013;1
NOLTE-MÖBEL GMBH & CO. KG;76725;1
KREISVERWALTUNG GERMERSHEIM;76725;1
AOK - DIE GESUNDHEITSKASSE IN RHEINLAND- PFALZ REGIONALDIREKTION GERMERSHEIM;76725;1
DEUTSCHE POST AG NIEDERLASSUNG LANDAU;76825;1
KREISVERWALTUNG SÜDLICHE WEINSTRASSE REF. Z1: ZENTRALE DIENSTE;76825;1
FREY & KISSEL - WILH. SCHACHERER;76825;1
LANDESAMT FÜR SOZIALES, JUGEND UND VERSORGUNG;76825;1
SPARKASSE SÜDPFALZ;76825;1
JUSTIZBEHÖRDEN LANDAU;76825;1
GUMMI-MAYER;76826;1
HORNBACH BAUMARKT AG;76878;1
COSMOS LEBENSVERSICHERUNGS-AG;50424;1
UNION REISEVERSICHERUNG AG ( URV );66087;1
MERCEDES-BENZ BANKING SERVICE GMBH;66090;1
MEDISERV GMBH;66094;1
DEUTSCHE POST AG DIREKT MARKETING CENTER SAARBRÜCKEN;66097;1
INNUNGSKRANKENKASSE SÜDWEST;66098;1
UKV ( UNION KRANKENVERSICHERUNG AG);66099;1
SAARLÄNDISCHER RUNDFUNK FUNKHAUS HALBERG;66100;1
COSMOS DIREKT VERSICHERUNG;66101;1
STAATL. LOTTERIE EIN. M. WEBER KG;66102;1
REGIO PRINT;66103;1
SAARBRÜCKER ZEITUNG VERLAG UND DRUCKEREI GMBH;66103;1
SAARBRÜCKER MEDIA VERKAUFSGESELLSCHAFT;66103;1
AOK RHEINLAND-PFALZ/SAARLAND;66104;1
LANDESAMT FÜR JUGEND, SOZIALES UND VERSORGUNG;66104;1
IHK SAARLAND;66104;1
LANDESBANK SAAR;66104;1
DEUTSCHE STEINKOHLE AG REGIONALORGANISATION SAAR;66104;1
DEUTSCHE TELEKOM AG NIEDERLASSUNG SAARBRÜCKEN;66104;1
FINANZAMT SAARBRÜCKEN I;66104;1
GENERALI VERSICHERUNGEN ORGANISATIONSDIREKTION SAARBRÜCKEN;66104;1
JUSTIZBEHÖRDEN SAARBRÜCKEN;66104;1
LANDESHAUPTSTADT SAARBRÜCKEN;66104;1
METRO PROBERTIES GMBH & CO. KG;66104;1
SPARKASSE SAARBRÜCKEN;66104;1
REHA GMBH;66106;1
DEUTSCHE RENTENVERSICHERUNG SAARLAND;66108;1
DEUTSCHE POST AG NIEDERLASSUNG BRIEF SAARBRÜCKEN;66150;1
SAARSTAHL AG;66330;1
UNIVERSITÄTSKLINIKEN DES SAARLANDES;66421;1
UNIVERSITÄT DES SAARLANDES MEDIZINISCHE FAKULTÄT;66421;1
PRAKTIKER;66458;1
ASSIST HEIMPFLEGE-BEDARF GMBH;66661;1
BUNDESZENTRALAMT FÜR STEUERN DIENSTSITZ SAARLOUIS;66738;1
ALMIRALL HERMAL GMBH;21462;1
WACHTEL GMBH, BERTHOLD;21462;1
KRANKENHAUS REINBEK ST. ADOLF-STIFT;21462;1
E. MICHAELIS & CO. (GMBH & CO) KG;21462;1
BEHRMANN KG, OTTO A.L.;21462;1
AMTSGERICHT REINBEK;21462;1
STADT REINBEK;21462;1
ALLERGOPHARMA GMBH & CO. KG;21462;1
PAPIER UNION GMBH & CO. KG;21462;1
KAHL, AMANDUS GMBH & CO;21462;1
LADR GMBH MEDIZINISCHES VERSORGUNGSZENTRUM DR. KRAMER & KOLLEGEN;21500;1
AMTSGERICHT GEESTHACHT;21500;1
BECO TECHNIC GMBH;21500;1
STADT GEESTHACHT;21500;1
GKSS-FORSCHUNGSZENTRUM GEESTHACHT GMBH;21500;1
KERNKRAFTWERK KRÜMMEL GMBH & CO. OHG;21500;1
NORDPFEIL GMBH;21500;1
TORQUATO AG;21500;1
BIP SOSSONG GMBH BÄRBEL SOSSONG;22139;1
CATHARINA REISEN U. VERTRIEBS GMBH;22140;1
TESA SE;22839;1
STADT NORDERSTEDT STADTVERWALTUNG;22841;1
REWE & CO. OHG NIEDERLASSUNG NORDERSTEDT;22841;1
DR. KRAUSE/HERBST;22842;1
ADLERSHORST BAUGENOSSENSCHAFT;22842;1
CASIO EUROPE GMBH;22842;1
GEBR. WINKLER;22842;1
HERMANN SCHRÖDER & CO GMBH METALLWARENFABRIK;22842;1
HINR. PLAMBECK & SÖHNE GMBH & CO KG.;22842;1
IBH, INGENIEURBÜRO HARM ELEKTROTECHNIK GMBH;22842;1
ÖSTERREICHISCHER LLOYD SHIP MANAGEMENT GMBH ZWEIGNIEDERLASSUNG DEUTSCHLAND;22842;1
ROLF SIEVERS TIEFBAU GMBH & CO.;22842;1
VOLKSBANK RAIFFEISENBANK EG;22842;1
ELISABETH EISELE;22842;1
GENUPORT GMBH & CO KG;22842;1
HEIDORN, RECHTSANWALT;22842;1
HORNE/TOMADICH;22842;1
JÜRGEN WERNICKE;22842;1
RAE. THUN UND PARTNER;22842;1
HAUSMANN HAUSVERWALTUNG;22842;1
ALBERT EISELE;22842;1
SPAR INKASSOKONTOR GMBH & CO. KG;22865;1
INFOSYSTEMS GMBH VISUELLE UND AKUSTISCHE SYSTEME FÜR DIE VERKEHRSTECHNIK;22866;1
DOBOY VERPACKUNGSMASCHINEN GMBH;22866;1
SCHLOSS GÖHRDE TIEFKÜHLPRODUKTION GMBH;22866;1
STADTVERWALTUNG SCHENEFELD;22866;1
JENOPTIK IMPULSPHYSIK GMBH;22866;1
HARRY-BROT GMBH;22866;1
KARL H. BARTELS GMBH;22866;1
SPAR HANDELS-AKTIENGESELLSCHAFT;22867;1
JENOPTIK ADVANCED SYSTEMS GMBH;22876;1
ASTRA GMBH;22876;1
MINOLTA GMBH;22923;1
HELA GEWÜRZWERK HERMANN LAUE GMBH;22923;1
EUROHYPO AG;22923;1
EDDING AKTIENGESELLSCHAFT;22923;1
GETRIEBEBAU NORD GMBH & CO. KG;22939;1
STADTWERKE LÜBECK GRUPPE GMBH;23533;1
UNIVERSITÄTSKLINIKUM SCHLESWIG-HOLSTEIN CAMPUS LÜBECK;23538;1
FINANZAMT LÜBECK;23540;1
AGENTUR FÜR ARBEIT LÜBECK;23541;1
DRÄGERWERK AG & CO. KGAA ACCOUNTS PAYABLE;23542;1
LÜBECKER NACHRICHTEN VERLAGSGRUPPE;23543;1
DEUTSCHE TELEKOM AG NIEDERLASSUNG LÜBECK;23546;1
EGON OLDENDORFF MANAGEMENT GMBH;23547;1
STOREBEST GMBH & CO.;23547;1
NEUE LÜBECKER NORDDEUTSCHE BAUGENOSSENSCHAFT EG;23547;1
MAX SCHMIDT-RÖMHILD GMBH & CO. KG;23547;1
HANDWERKSKAMMER LÜBECK;23547;1
VOLKSBANK LÜBECK;23547;1
NORDISCHER MASCHINENBAU BAADER GMBH & CO. KG;23547;1
JUSTIZVOLLZUGSANSTALT LÜBECK;23547;1
J.G. NIEDEREGGER GMBH & CO. KG;23547;1
INDUSTRIE- UND HANDELSKAMMER ZU LÜBECK;23547;1
SPARKASSE ZU LÜBECK;23547;1
DEUTSCHE POST AG NIEDERLASSUNG BRIEF LÜBECK;23590;1
PVZ PRESSEVERTRIEBSZENTRALE GMBH & CO. KG;23615;1
CLUB VERWALTUNGS OHG;23616;1
MÖBEL KRAFT;23791;1
ASKLEPIOS KLINIK BAD OLDESLOE;23840;1
BTI EURO LLOYD EURO LLOYD REISEBÜRO GMBH & CO.KG;23840;1
SPARKASSE HOLSTEIN;23840;1
FIRE PROTECTION EQUIPMENT GMBH;23840;1
MV PIPE TECHNOLOGIES GMBH;23840;1
MINIMAX INTERNATIONAL GMBH;23840;1
VIKING GMBH;23840;1
HAKO-WERKE GMBH U. CO.;23840;1
KREISVERWALTUNG STORMARN;23840;1
MINIMAX MANAGEMENT GMBH;23840;1
MX MERCURY BETEILIGUNGEN GMBH;23840;1
MINIMAX GMBH - ACCOUNTING;23840;1
FINANZAMT STORMARN;23840;1
CARL BOCKWOLDT;23840;1
AGENTUR FÜR ARBEIT BAD OLDESLOE;23841;1
WERBESERVICE DANGER;23864;1
DEUTSCHE POST AG DIREKT MARKETING CENTER KIEL;24090;1
FINANZAMT KIEL-NORD;24094;1
FINANZAMT KIEL;24095;1
FINANZMINISTERIUM DES LANDES SCHLESWIG HOLSTEIN AMT FÜR INFORMATIONSTECHNIK;24096;1
PROVINZIAL VERSICHERUNGSANSTALTEN SCHLESWIG HOLSTEIN;24097;1
CHRISTIAN-ALBRECHTS-UNIVERSITÄT ZU KIEL;24098;1
LANDESHAUPTSTADT KIEL;24099;1
INDUSTRIE- UND HANDELSKAMMER ZU KIEL;24100;1
DEUTSCHE TELEKOM AG NIEDERLASSUNG KIEL;24100;1
VERSORGUNG UND VERKEHR KIEL GMBH STADTWERKE KIEL AG;24100;1
RADIO SCHLESWIG-HOLSTEIN KG GMBH & CO.;24100;1
HAMBURGER COMMERCIAL BANK FACILITY MANAGEMENT GMBH;24100;1
COMMERZBANK AG FILIALE KIEL;24100;1
BUNDESWEHR DIENSTLEISTUNGSZENTRUM KIEL CAMPUSSERVICE;24100;1
DEUTSCHE POST AG NIEDERLASSUNG FILIALEN KIEL;24100;1
WEHRBEREICHSGEBÜHRNISAMT;24100;1
BARTELS-LANGNESS HANDELSGESELLSCHAFT MBH;24100;1
BKK POST-BETRIEBSKRANKENKASSE;24100;1
KIEL INSTITUT FÜR WELTWIRTSCHAFT;24100;1
STUDENTENWERK;24100;1
LANDESZENTRALBANK HAUPTSTELLE KIEL;24100;1
KIELER NACHRICHTEN GMBH;24100;1
THYSSENKRUPP MARINE SYSTEMS GMBH -GB SUBMARINES- ABT. RECHNUNGSPRÜFUNG;24130;1
THYSSENKRUPP MARINE SYSTEMS GMBH GESCHÄFTSBEREICH SUBMARINES;24130;1
AGENTUR FÜR ARBEIT KIEL;24131;1
DEUTSCHE POST AG NIEDERLASSUNG BRIEF KIEL;24180;1
AOK SCHLESWIG-HOLSTEIN DIREKTION;24300;1
APPART-HOTEL DAMP;24349;1
REHA-KLINIK DAMP;24349;1
OSTSEEBAD DAMP / DAMP HOLDING;24349;1
OSTSEE-KLINIK;24349;1
AGENTUR FÜR ARBEIT NEUMÜNSTER;24530;1
EDEKA HANDELSGESELLSCHAFT NORD MBH;24531;1
KARL WACHHOLTZ VERLAG GMBH & CO. KG;24531;1
STADTVERWALTUNG NEUMÜNSTER;24531;1
SPARKASSE SÜDHOLSTEIN;24531;1
OERLIKON NEUMAG ZWEIGNIEDERLASSUNG DER OERLIKON TEXTILE GMBH & CO. KG;24531;1
HAASE ENERGIETECHNIK GMBH;24531;1
FEK - FRIEDRICH-EBERT-KRANKENHAUS NEUMÜNSTER GMBH;24531;1
DANFOSS POWER SOLUTION GMBH & CO. OHG;24531;1
CREDITREFORM NEUMÜNSTER HANISCH KG;24531;1
SCHWÄBISCH GMÜNDER ERZATZKASSE (GEK);24531;1
HOLSTEINISCHER COURIER VERLAG GMBH;24531;1
ABB STOTZ KONTAKT GMBH STANDORT NEUMÜNSTER;24531;1
SWN STADTWERKE NEUMÜNSTER GMBH;24531;1
JUSTIZVOLLZUGSANSTALT NEUMÜNSTER;24531;1
FINANZAMT NEUMÜNSTER;24531;1
AGENTUR FÜR ARBEIT FLENSBURG;24927;1
ORION VERSAND GMBH;24930;1
KRAFTFAHRT-BUNDESAMT;24932;1
ORION-VERSAND GMBH & CO. KG;24933;1
1&1 VERSATEL DEUTSCHLAND GMBH RECHNUNGSPRÜFUNG;24945;1
DREI-D-DIREKTWERBUNG GMBH U. CO. KG.;25333;1
PETER KÖLLN GMBH & CO. KGAA;25333;1
TEPPICH-KIBEK, GMBH;25333;1
AUTOLIV GMBH;25333;1
DEUTSCHE POST AG NIEDERLASSUNG BRIEF ELMSHORN;25389;1
KREISVERWALTUNG PINNEBERG;25392;1
SCHLESWIG-HOLSTEIN NETZ AG;25450;1
PROKON REGENERATIVE ENERGIEN EG;25518;1
AGENTUR FÜR ARBEIT HEIDE;25744;1
VERSA DISTANZHANDEL GMBH;47789;1
AGENTUR FÜR ARBEIT COTTBUS;03039;1
DEUTSCHE POST AG NIEDERLASSUNG BRIEF COTTBUS;03065;1
MERCEDES-BENZ WERK BERLIN LUDWIGSFELDE GMBH;10858;1
GVG DAIMLER AG & CO. GAMMA OHG;10875;1
GVG DAIMLER AG & CO. DELTA OHG;10875;1
DAIMLER VERWALTUNGSGESELLSCHAFT (DGRUND);10875;1
DAIMLER GRUND SERVICES GMBH (DGS);10875;1
GVG DAIMLER AG & CO. EPSILON OHG;10875;1
GVG DAIMLER AG & CO. ALPHA OHG;10875;1
GVG DAIMLER AG & CO. BETA OHG;10875;1
FLUGHAFEN BERLIN BRANDENBURG GMBH;12521;1
DEUTSCHE POST AG NIEDERLASSUNG BRIEF BERLIN SÜDOST;12712;1
DEUTSCHE POST AG NIEDERLASSUNG BRIEF BERLIN NORD;13660;1
VERTI FRÜHER DIRECT LINE VERSICHERUNG AG;14329;1
MAX-PLANCK-INSTITUT;14424;1
BASE C/O E-PLUS SERVICE GMBH & CO.KG;14425;1
OSTDEUTSCHE SPARKASSENAKADEMIE;14458;1
MITTELBRANDENBURGISCHE SPARKASSE IN POTSDAM;14459;1
STADTVERWALTUNG POTSDAM;14461;1
AGENTUR FÜR ARBEIT POTSDAM;14462;1
LBS LANDESBAUSPARKASSE NORDOST AG;14463;1
FAMILIENKASSE BERLIN-BRANDENBURG;14465;1
AOK FÜR DAS LAND BRANDENBURG;14510;1
MYBRANDS ZALANDO ELOGISTICS GMBH & CO.KG;14655;1
LANDKREIS HAVELLAND HAUPT UND PERSONALAMT;14710;1
LANDESJUSTIZKASSE BEI DEM BRANDENBURGISCHEN OBERLANDESGERICHT;14765;1
GENERALSTAATSANWALT DES LANDES BRANDENBURG;14767;1
ZF BRANDENBURG GMBH;14767;1
STADT BRANDENBURG A.D.H. HAUPTPERSONAL- UND BÜRGERAMT ZENTRALE DIENSTE;14767;1
BRANDENBURGISCHES OBERLANDESGERICHT;14767;1
ARGUS DATA INSIGHTS SERVICE GMBH;15224;1
DEUTSCHE RENTENVERSICHERUNG BERLIN-BRANDENBURG;15228;1
IKK BRANDENBURG REGIONALDIREKTION FRANKFURT (ODER);15229;1
LANDESVERSICHERUNGSANSTALT BRANDENBURG;15229;1
DEUTSCHE POST AG NL POSTFILIALEN BERLIN- BRANDENBURG FILBZL FRANKFURT (ODER);15229;1
STADT FRANKFURT (ODER) DER OBERBÜRGERMEISTER;15229;1
ODER-SPREE ENERGIEVERSORGUNG AG;15229;1
MÄRKISCHES MEDIENHAUS GMBH & CO. KG;15229;1
DEUTSCHE TELEKOM AG NIEDERLASSUNG FRANKURT (ODER);15229;1
AMT FÜR SOZIALES UND VERSORGUNG;15229;1
LANDKREIS ODER-SPREE;15515;1
WALTER KRÄMER GMBH;15515;1
AMTSGERICHT FÜRSTENWALDE, SPREE;15515;1
DIENSTLEISTUNGSZENTRUM DER CEMEX;15559;1
MEDENT GMBH;15887;1
EKO - STAHL AG;15888;1
AGENTUR FÜR ARBEIT EBERSWALDE;16222;1
B.R.A.H.M.S. DIAGNOSTICA GMBH;16759;1
AGENTUR FÜR ARBEIT NEURUPPIN;16814;1
KMG KLINIKEN PLC;19334;1
DEUTSCHE RENTENVERSICHERUNG;17030;1
DEUTSCHE POST AG NIEDERLASSUNG BRIEF NEUBRANDENBURG;17049;1
AGENTUR FÜR ARBEIT NEUBRANDENBURG;17050;1
BON PRIX HANDELSGESELLSCHAFT MBH;17305;1
PRIX CHIC HANDELSGESELLSCHAFT MBH;17306;1
RAINBOW HANDELSGESELLSCHAFT MBH;17308;1
AGENTUR FÜR ARBEIT;17474;1
UNIVERSITÄTSKLINIKUM DER E.-M.-A.-UNI ANSTALT DES ÖFFENTLICHEN RECHTS;17475;1
AGENTUR FÜR ARBEIT ROSTOCK;18048;1
HANSESTADT ROSTOCK -STADTVERWALTUNG-;18050;1
UNIVERSITÄT ROSTOCK;18051;1
DEUTSCHE TELEKOM AG NIEDERLASSUNG ROSTOCK;18053;1
DEUTSCHE TELEKOM AG T-COM ACTK, PATK, BBA;18053;1
DEUTSCHE TELEKOM AG T-SYSTEMS;18053;1
DEUTSCHE POST AG NIEDERLASSUNG ROSTOCK;18101;1
STADTVERWALTUNG GÜSTROW;18271;1
FINANZAMT GÜSTROW;18271;1
AMT GÜSTROW-LAND;18271;1
AMTSGERICHT GÜSTROW;18271;1
VEREINIGTE ENERGIEWERKE AG NETZBETRIEB GÜSTROW;18271;1
DAK BEZIRKSGESCHÄFTSSTELLE GÜSTROW;18271;1
WOHNUNGSGESELLSCHAFT GÜSTROW GMBH;18271;1
AGENTUR FÜR ARBEIT STRALSUND;18432;1
AGENTUR FÜR ARBEIT SCHWERIN;19020;1
FINANZMINISTERIUM M V;19048;1
MINISTERIUM FÜR BILDUNG, WISSENSCHAFT UND KULTUR M V;19048;1
SOZIALMINISTERIUM DES LANDES M V;19048;1
INNENMINISTERIUM DES LANDES M V;19048;1
MINISTERIUM FÜR JUSTIZ UND ANGELEGENHEITEN DER EUROPÄISCHEN UNION;19048;1
DER MINISTERPRÄSIDENT DES LANDES M V STAATSKANZLEI;19048;1
MINISTERIUM FÜR VERKEHR, BAU UND LANDESENTWICKLUNG M V;19048;1
MINISTERIUM FÜR LANDWIRTSCHAFT UND NATURSCHUTZ M V;19048;1
LANDESAMT FÜR ZENTRALE AUFGABEN DER POLIZEI BRAND UND KATASTROPHENSCHUTZ;19048;1
MINISTERIUM FÜR WIRTSCHAFT ARBEIT UND TOURISMUS;19048;1
KLINIKUM SCHWERIN;19049;1
ZEITUNGSVERLAG SCHWERIN GMBH & CO. KG;19050;1
TECHNIKER KRANKENKASSE SERVICEZENTRUM UNFÄLLE;19051;1
VSP VERSAND-SERVICE PLATE OHG;19085;1
DEUTSCHE POST AG NIEDERLASSUNG BRIEF SCHWERIN;19101;1
TICKETONLINE SALES & SERVICE CENTER GMBH;19367;1
TICKET ONLINE SOFTWARE GMBH;19367;1
ARLA FOODS DEUTSCHLAND GMBH NIEDERLASSUNG UPAHL;23935;1
SÄCHSISCHE LANDESBIBLIOTHEK - STAATS- UND UNIVERSITÄTSBIBLIOTHEK DRESDEN;01054;1
DRESDNER DRUCK-U.VERLAGSHAUS GMBH &CO.KG UNTERNEHMENSBEREICH ZEITUNGEN;01055;1
FINANZAMT DRESDEN - NORD;01056;1
AOK SACHSEN - DIE GESUNDHEITSKASSE;01058;1
DEUTSCHE TELEKOM AG, GSUS;01059;1
MITTELDEUTSCHER RUNDFUNK LANDESFUNKHAUS SACHSEN;01060;1
TECHNISCHE UNIVERSITÄT;01062;1
ENSO ENERGIE SACHSEN OST AG;01064;1
DREWAG - STADTWERKE DRESDEN GMBH;01065;1
MINISTERPRÄSIDENT DES FREISTAATES SACHSEN;01095;1
SÄCHSISCHE STAATSKANZLEI;01095;1
SÄCHSISCHES STAATSMINISTERIUM DES INNERN;01095;1
AGENTUR FÜR ARBEIT DRESDEN;01213;1
R + V VERSICHERUNG FILIALDIREKTION DRESDEN;01255;1
FINANZAMT DRESDEN - SÜD;01264;1
UNIVERSITÄTSKLINIKUM CARL GUSTAV CARUS DER TU DRESDEN;01304;1
OSTSÄCHSISCHE SPARKASSE DRESDEN;01305;1
AMAZON FC WRO2;01332;1
DEUTSCHE POST AG NIEDERLASSUNG BRIEF DRESDEN;01333;1
AGENTUR FÜR ARBEIT RIESA;01585;1
KLINIK BAVARIA;01730;1
AGENTUR FÜR ARBEIT PIRNA;01793;1
AGENTUR FÜR ARBEIT BAUTZEN;02619;1
LANDRATSAMT BAUTZEN;02620;1
FINANZAMT BAUTZEN;02621;1
DEUTSCHE POST AG BRIEFZENTRUM BAUTZEN;02643;1
DEUTSCHE POST AG, GB VERTRIEB BRIEF GWK DIREKT MARKETING CENTER;04079;1
UNIVERSITÄT LEIPZIG, BEREICH MEDIZIN;04080;1
UNIVERSITÄT LEIPZIG;04081;1
DEUTSCHE BANK AG AIRPORT BUSINESS CENTER LEIPZIG-HALLE;04083;1
ALLIANZ VERSICHERUNGS-AG ZWEIGNIEDERLASSUNG LEIPZIG;04084;1
AGENTUR FÜR ARBEIT LEIPZIG;04086;1
LEIPZIGER VERLAGS- UND DRUCKEREIGESELLSCHAFT MBH & CO. KG;04088;1
INDUSTRIE- U. HANDELSKAMMER ZU LEIPZIG;04091;1
STADT LEIPZIG NEUES RATHAUS;04092;1
DEUTSCHE TELEKOM AG, T-COM, TI NL MITTE OST;04095;1
VET MED LABOR GMBH DIVISION OF IDEXX LABORATORIES;04150;1
MEY & EDLICH;04227;1
BMW;04350;1
MITTELDEUTSCHER RUNDFUNK ZENTRALE LEIPZIG;04360;1
ISTA SHARED SERVICES GMBH;04365;1
DEUTSCHE POST AG NIEDERLASSUNG BRIEF LEIPZIG;04370;1
DEUTSCHE POST DHL;04370;1
DEUTSCHE POST AG SERVICE NIEDERLASSUNG / IT-INFRASTRUKTUR SERVICEGRUPPE LEIPZIG;04370;1
DHL DELIVERY LEIPZIG GMBH;04370;1
DEUTSCHE POST AG SNL GSA HALLE AST ARBEITSSICHERHEIT HALLE;04370;1
LANDKREIS LEIPZIG;04550;1
AGENTUR FÜR ARBEIT OSCHATZ;04756;1
LANDRATSAMT NORDSACHSEN;04855;1
AGENTUR FÜR ARBEIT ZWICKAU;08037;1
GKN-GELENKWELLENWERK MOSEL GMBH;08048;1
VOLKSWAGEN SACHSEN GMBH;08048;1
DEUTSCHE POST AG NIEDERLASSUNG BRIEF ZWICKAU;08080;1
AMAZON FC PRG 2;08081;1
AGENTUR FÜR ARBEIT PLAUEN;08520;1
FAMILIENKASSE SACHSEN;09092;1
DEUTSCHE POST AG BRIEFZENTRUM CHEMNITZ;09093;1
ENVIA MITTELDEUTSCHE ENERGIE AG;09095;1
DEUTSCHE TELEKOM AG NIEDERLASSUNG CHEMNITZ;09096;1
FINANZAMT CHEMNITZ-MITTE;09097;1
FINANZAMT CHEMNITZ-SÜD;09097;1
ALLIANZ VERSICHERUNGS-AG FILIALDIREKTION CHEMNITZ;09103;1
LANDESDIREKTION SACHSEN;09105;1
TECHNISCHE UNIVERSITÄT CHEMNITZ;09107;1
LANDESJUSTIZKASSE CHEMNITZ;09109;1
KOMSA AG;09231;1
ERZGEBIRGSSPARKASSE;09450;1
LANDRATSAMT ERZGEBIRGSKREIS;09453;1
FINANZAMT ANNABERG-BUCHHOLZ;09453;1
AGENTUR FÜR ARBEIT FREIBERG;09595;1
LANDRATSAMT FREIBERG;09596;1
TU BERGAKADEMIE FREIBERG;09596;1
GAF GESELLSCHAFT FÜR AUTOMATISIERUNGSTECHNIK MBH;09596;1
DEUTSCHES BRENNSTOFFINSTITUT VERMÖGENSVERWALTUNGS GMBH;09596;1
KREISKRANKENHAUS FREIBERG GGMBH;09596;1
STADTVERWALTUNG FREIBERG HAUPTVERWALTUNG;09596;1
FINANZAMT FREIBERG;09596;1
AGENTUR FÜR ARBEIT HAINICHEN;09660;1
LI-TEC BATTERY GMBH;10875;1
FAMILIENKASSE SACHSEN-ANHALT-THÜRINGEN;06073;1
MEDIENGRUPPE MITTELDEUTSCHE ZEITUNG GMBH & CO.KG;06075;1
ENVIA MITTELDEUTSCHE ENERGIE AG HAUPTDIREKTION SACHSEN-ANHALT;06076;1
IHK HALLE-DESSAU;06077;1
AOK SACHSEN - ANHALT;06094;1
UNIVERSITÄTSKLINIKUM MEDIZINISCHE FAKULTÄT DER MARTIN-LUTHER-UNIVERSITÄT;06097;1
UNI- U. LANDESBIBLIOTHEK SACHSEN/ANHALT;06098;1
MARTIN-LUTHER-UNIVERSITÄT HALLE-WITTENBERG;06099;1
STADT HALLE;06100;1
FINANZÄMTER IN HALLE ( SAALE);06103;1
DRUCK- UND LEDERFARBEN HALLE(SAALE) GMBH;06104;1
AGROTECHNIC HANDELSGESELLSCHAFT MBH NIEDERLASSUNG HALLE;06104;1
JOBCENTER HALLE (SAALE);06105;1
DATENVERARBEITUNGSZENTRUM HALLE GMBH;06106;1
VICTORIA-VERSICHERUNGEN;06106;1
APOTHEKE ZUR ROSE OFFIZIN;06144;1
DEUTSCHE POST AG NL BETRIEB LEIPZIG BETRIEB HALLE;06145;1
ZUR ROSE PHARMA ABT. VFG;06147;1
DOUGLAS HOLDING AG;06252;1
HEINRICH DEICHMANN SCHUHE GMBH U. CO. KG;06252;1
C & A MODE GMBH U. CO.;06252;1
APOLLO OPTIK GMBH;06252;1
CHRIST JUWELIERE UND UHRMACHER;06252;1
ORSAY BOTIQUEN GMBH;06252;1
HUNKEMÖLLER;06252;1
HÖFFNER MÖBELGESCHÄFT;06252;1
KLIER GMBH;06252;1
UCI MULTIPLEX GMBH;06252;1
LUDWIG GÖRTZ;06252;1
FINANZAMT EISLEBEN;06291;1
LANDKREIS ANHALT-BITTERFELD;06359;1
SALZLANDKREIS;06400;1
REGIERUNGSPRÄSIDIUM DESSAU;06839;1
AGENTUR FÜR ARBEIT SACHSEN-ANHALT WEST;38817;1
PIGGE DRUCK + SERVICE GMBH;38832;1
BOREK KOMMUNIKATION GMBH;38832;1
ASCOPHARM GMBH;38845;1
STARK DEUTSCHLAND GMBH;39081;1
AOK SACHSEN-ANHALT;39084;1
AGENTUR FÜR ARBEIT SACHSEN-ANHALT NORD;39085;1
STÄDTISCHES KLINIKUM MAGDEBURG;39087;1
REGIERUNGSPRÄSIDIUM SACHSEN-ANHALT;39088;1
DEUTSCHE VERSICHERUNGS-AG;39091;1
IKK GESUND PLUS;39092;1
INDUSTRIE- UND HANDELSKAMMER;39093;1
LANDTAG VON SACHSEN-ANHALT;39094;1
MEDIZINISCHE FAKULTÄT DER OTTO-VON-GUERICKE-UNIVERSITÄT;39097;1
STADTSPARKASSE MAGDEBURG;39098;1
OTTO-VON-GUERICKE-UNIVERSITÄT;39099;1
DEUTSCHE POST AG RÜCKSENDEZENTRUM MAGDEBURG;39148;1
DEUTSCHE POST AG NACHSENDEZENTRUM MAGDEBURG;39149;1
BUNDESAGENTUR FÜR ARBEIT ZENTRALE KINDERGELD-SERVICE (ZKGS);39157;1
E.ON AVACON AG;39178;1
UNFALLKASSE SACHSEN-ANHALT;39258;1
DEUTSCHE POST AG NIEDERLASSUNG BRIEF MAGDEBURG;39400;1
BUSSGELDSTELLE;06553;1
DEUTSCHE POST AG NIEDERLASSUNG BRIEF GERA;07499;1
STADTVERWALTUNG GERA;07543;1
BITBURGER BRAUEREI TH. SIMON GMBH;07584;1
KÖSTRITZER SCHWARZBIERBRAUEREI;07584;1
FRIEDRICH-SCHILLER-UNIVERSITÄT;07737;1
DEUTSCHES PATENTAMT AUSSENSTELLE JENA;07738;1
JENOPTIK AG;07739;1
JENAER GLASWERK GMBH;07740;1
CARL ZEISS AG;07740;1
KLINIKUM DER FRIEDRICH-SCHILLER-UNIVERSITÄT;07740;1
JENAPHARM GMBH & CO. KG;07740;1
TES THÜRINGER ENERGIE SERVICE GMBH;07740;1
INTERSHOP COMMUNICATION AG;07740;1
AGENTUR FÜR ARBEIT JENA;07740;1
RHÖN-RENNSTEIG-SPARKASSE MEININGEN;98610;1
AGENTUR FÜR ARBEIT THÜRINGEN MITTE;99068;1
OBI BAU- UND HEIMWERKERMÄRKTE GMBH & CO. FRANCHISE CENTER KG ABT. REWE/ZRP ERFURT;99073;1
DEUTSCHE POST, GESCHÄFTSBEREICH VERTRIEB DIREKT MARKETING CENTER;99075;1
COMMERZBANK AG ERFURT;99077;1
MOBILCOM CITYLINE GMBH;99078;1
CELLWAY KOMMUNIKATIONSDIENSTE;99078;1
MOBILCOM SERVICE OPERATION CENTER GMBH;99078;1
MOBILCOM AUSKUNFT UND SERVICES GMBH;99078;1
N.L. CHRESTENSEN ERFURTER SAMEN- UND PFLANZENZUCHT GMBH;99079;1
MCS GMBH MEDIA & COMMUNICATION SYSTEME;99080;1
MDR LANDESFUNKHAUS THÜRINGEN WERBUNG GMBH;99080;1
BAVARIA SONOR MUSIKVERLAG UND MERCHANDISING GMBH;99080;1
MITTELDEUTSCHER RUNDFUNK LANDESFUNKHAUS THÜRINGEN;99080;1
DEUTSCHE TELEKOM AG DIREKTION ERFURT;99081;1
THURINGIA AIRLINES GMBH;99081;1
DEUTSCHE VERSICHERUNGS AG ALLIANZ;99081;1
TICKET SHOP THÜRINGEN GMBH;99081;1
KINDERKANAL ARD/ ZDF;99081;1
REDAKTION SCHLAGARTIG;99081;1
DEUTSCHE POST AG ZENTRALLAGER POST;99081;1
STADTVERWALTUNG ERFURT ABTEILUNG ZENTRALE DIENSTE;99111;1
BUNDESARBEITSGERICHT;99113;1
DEUTSCHE POST AG NIEDERLASSUNG BRIEF ERFURT;99114;1
DEUTSCHE POST IMMOBILIENENTWICKLUNG GMBH;99115;1
OBI-SYSTEMZENTRALE AUSSENSTELLE ERFURT;99115;1
VODAFONE CUSTOMER CARE GMBH;99116;1
DEUTSCHE RENTENVERSICHERUNG ERFURT;99117;1
STAATLICHE LOTTERIE-EINNAHME HARRY NEUGEBAUER;99420;1
AMTSGERICHT WEIMAR;99421;1
BAUHAUS UNIVERSITÄT WEIMAR;99421;1
FINANZAMT WEIMAR;99421;1
STADTVERWALTUNG WEIMAR;99421;1
ZENTRALKLINIK BAD BERKA GMBH;99437;1
AGENTUR FÜR ARBEIT THÜRINGEN NORD;99738;1
BSPAYONE GMBH;99878;1
CITICORP KARTENSERVICE GMBH;99893;1
N26 AG;10026;1
DEUTSCHE POST AG RBZ BERLIN EPOS-FI;10082;1
DEUTSCHE POST AG REGIONALES BUCHHALTUNGSZENTRUM;10083;1
JOB-CENTER BERLIN MITTE;10086;1
BERLINER VERKEHRSBETRIEBE (BVG) ANSTALT DES ÖFFENTLICHEN RECHTS;10096;1
UNI KLINIKUM CHARITE MEDIZINISCHE FAKULTÄT DER HUMBOLDT-UNIVERSITÄT;10098;1
HUMBOLDT-UNIVERSITÄT;10099;1
TOTAL DEUTSCHLAND GMBH;10103;1
GERMANY TRADE & INVEST GESELLSCHAFT FÜR AUSSENWIRTSCHAFT;10104;1
ADAM OPEL GMBH;10105;1
METROPOL-THEATER BETRIEBSGESELLSCHAFT MBH;10105;1
ABN AMRO BANK (D) AG;10105;1
BETHMANN BANK AG;10105;1
ST. HEDWIGSKRANKENHAUS;10106;1
BUNDESARCHIV STASI-UNTERLAGEN-ARCHIV;10106;1
KONZERTHAUS BERLIN - SCHAUSPIELHAUS AM GENDARMENMARKT - BERLINER SINFONIE-;10106;1
BUNDESRECHNUNGSHOF -AUSSENSTELLE BERLIN-;10107;1
VOLK UND WISSEN VERLAG GMBH;10107;1
DEGES DEUTSCHE EINHEIT FERNSTRASSENPL. UND BAU GMBH;10107;1
WEST ÖSTL. DIVEN;10107;1
ELBO-BAU AG;10107;1
CLF HYPOTHEKENBANK BERLIN AG;10107;1
VERLAG CONSTRUKTIV;10107;1
ARAL BERLIN GMBH;10107;1
NATURSCHUTZBUND DEUTSCHLAND E.V. BUNDESGESCHÄFTSSTELLE;10108;1
DEUTSCHE APOTHEKER- UND ÄRZTEBANK EG;10108;1
JAN INTERNATIONALO GMBH;10108;1
DEUTSCHE AUSSENHANDELSBANK AG;10109;1
BANK FÜR KIRCHE UND DIAKONIE EG;10109;1
STIFTUNG OPER IN BERLIN;10109;1
DEUTSCHE VERKEHRSBANK AG;10109;1
VER.DI BUNDESVERWALTUNG;10112;1
BERLINER FEUERWEHR;10150;1
DEUTSCHER MIETERBUND E.V.;10169;1
ALEX-HAUSVERWALTUNG GMBH;10173;1
AMT FÜR STATISTIK BERLIN-BRANDENBURG;10306;1
FACHHOCHSCHULE FÜR TECHNIK UND WIRTSCHAFT BERLIN;10313;1
JOBCENTER GESCHÄFTSSTELLE LICHTENBERG;10356;1
FINANZAMT LICHTENBERG/HOHENSCHÖNHAUSEN;10358;1
BEZIRKSAMT LICHTENBERG VON BERLIN;10360;1
BUNDESVERWALTUNGSAMT AUSSENSTELLE BERLIN- LICHTENBERG;10361;1
BERLINERLUFT HOLDING GMBH;10361;1
ACCON-RVS-ACCOUNTING & CONSULTING GMBH;10361;1
FINANZAMT FÜR KÖRPERSCHAFTEN II UND IV;10362;1
BEZIRKSAMT PRENZLAUER BERG VON BERLIN;10400;1
HUSS-MEDIEN GMBH;10400;1
FINANZAMT PANKOW/WEISSENSEE;10431;1
BERLINER GEBÄUDEREINIGUNG GMBH;10431;1
AVM;10547;1
DEUTSCHE POST AG FILIALE BERLIN 21;10548;1
SIEMENS AG UNTERNEHMENSBEREICH KWU;10548;1
BEZIRKSAMT CHARLOTTENBURG-WILMERSDORF;10617;1
DEUTSCHE POST AG FILIALE BERLIN 12;10617;1
LANDESVERWALTUNGSAMT BERLIN;10702;1
VER.DI VEREINTE DIENSTLEISTUNGSGEWERKSCHAFT;10702;1
ROLAND RECHTSSCHUTZ-VERSICHERUNGS AG;10702;1
WIEMER U. TRACHTE;10702;1
FACHGEMEINSCHAFT BAU BERLIN E.V.;10702;1
CARITAS-KRANKENHILFE BERLIN E. V.;10702;1
TOURISTICA FERIEN- U. FREIZEITREISEN GMBH;10702;1
BG BAU - BERUFSGENOSSENSCHAFT DER BAUWIRTSCHAFT - HAUPTVERWALTUNG;10702;1
EDUARD WINTER GMBH & CO. KG;10702;1
BECKER U. KRIES;10702;1
DEUTSCHE POST AG FILIALE BERLIN 31;10702;1
BG BAU BERUFSGENOSSENSCHAFT DER BAUWIRTSCHAFT;10702;1
FINANZAMT WILMERSDORF;10702;1
BÖTTGER GMBH;10702;1
UMLAUF U. KLEIN GMBH;10702;1
SENATSVERWALTUNG FÜR STADTENTWICKLUNG;10702;1
IBB INVESTITIONSBANK BERLIN;10702;1
DEGEWO;10772;1
DIN DEUTSCHES INSTITUT FÜR NORMUNG E.V.;10772;1
DIN MEDIA GMBH;10772;1
IKK BRANDENBURG UND BERLIN;10773;1
CREDITREFORM BERLIN BRANDENBURG WOLFRAM GMBH & CO. KG;10773;1
STIFTUNG WARENTEST;10773;1
CREFO ASSEKURANZ MAKLER BERLIN-BRANDENBURG GMBH;10773;1
BERLIN HYP BERLIN-HANNOVERSCHE HYPOTHEKENBANK AG;10773;1
LINKLATERS LLP RECHTSANWÄLTE NOTARE STEUERBERATER;10774;1
DEUTSCHLANDRADIO KULTUR;10819;1
SENATSVERWALTUNG FÜR WIRTSCHAFT TECHNOLOGIE UND FRAUEN;10820;1
BEZIRKSAMT TEMPELHOF-SCHÖNEBERG;10820;1
ALLIANZ BAUFINANZIERUNG;10842;1
AMTSGERICHT CHARLOTTENBURG;10862;1
AMTSGERICHT TIERGARTEN;10863;1
LANDGERICHT -STRAFSACHEN-;10863;1
SENATSVERWALTUNG FÜR JUSTIZ REFERAT IV B AUSL./EINL. VOLLSTRECKUNGSHILFE;10863;1
LANDGERICHT BERLIN 2;10863;1
SENATSVERWALTUNG FÜR INNERES UND SPORT;10863;1
LANDESBERUFSGERICHT FÜR ARCHITEKTEN;10863;1
LANDESBERUFSGERICHT FÜR IM BAUWESEN TÄTIGE INGENIEURE;10863;1
LANDGERICHT BERLIN 1;10863;1
AMTSGERICHT TEMPELHOF-KREUZBERG;10863;1
AMTSGERICHT LICHTENBERG;10863;1
STAATSANWALTSCHAFT BERLIN;10863;1
SENATSVERWALTUNG FÜR BILDUNG WISSENSCHAFT UND FORSCHUNG;10863;1
AMTSGERICHT MITTE;10863;1
VERFASSUNGSGERICHTSHOF DES LANDES BERLIN;10863;1
JUSTIZBEHÖRDE MOABIT;10863;1
KAMMERGERICHT;10863;1
GENERALSTAATSANWALTSCHAFT BERLIN;10863;1
LANDESSOZIALGERICHT BERLIN;10863;1
AMTSGERICHT PANKOW-WEISSENSEE;10863;1
ANWALTSGERICHTSHOF BERLIN;10863;1
AMTSGERICHT PANKOW-WEISSENSEE -FAMILIENGERICHT-;10863;1
AMTSGERICHT LICHTENBERG ZWEIGSTELLE HOHENSCHÖNHAUSEN;10863;1
AMTSGERICHT KÖPENICK;10863;1
BERLINER WASSERBETRIEBE ANSTALT DES ÖFFENTLICHEN RECHTS;10864;1
STIFTUNG HUMANITÄRE HILFE FÜR DURCH BLUTPRODUKTE HIV-INFIZIERTE PERSONEN;10865;1
STAATLICHE VERSICHERUNG DER DDR IN ABWICKLUNG (SINA);10865;1
EDW-ENTSCHÄDIGUNGSEINRICHTUNG DER WERTPAPIERHANDELSUNTERNEHMEN;10865;1
FUB;10865;1
KFW BANKENGRUPPE;10865;1
KREDITANSTALT FÜR WIEDERAUFBAU;10865;1
ZENTRALE ZULAGENSTELLE FÜR ALTERSVERMÖGEN DER BFA;10868;1
STROMNETZ BERLIN GMBH;10871;1
TOLL COLLECT GMBH FACHBEREICH KONTROLLE;10872;1
DEUTSCHER HOTEL U. GASTSTÄTTENVERBAND EV (DEHOGA BUNDESVERBAND);10873;1
VERBAND DER DEUTSCHEN BIOKRAFTSTOFFINDUSTRIE E.V.;10873;1
BUNDESVERBAND AUTOMATENUNTERNEHMER E.V. (BA);10873;1
BUNDESVERBAND GROSSHANDEL, AUSSENHANDEL DIENSTLEISTUNGEN E.V.;10873;1
CENTRALVEREINIGUNG DEUTSCHER WIRTSCHAFTS VERBÄNDE FÜR HANDELSVERMITTLUNG (CDH);10873;1
VGA GMBH;10873;1
HERBERT TOENES BÜROSERVICE;10873;1
OVID VERBAND DER ÖLSAATENVERARBEITENDEN INDUSTRIE IN DEUTSCHLAND E.V.;10873;1
MICHAEL RIHM SPREEBOPRINT;10873;1
DEUTSCHER SCHAUSTELLERBUND E.V.;10873;1
HANDELSVERBAND DEUTSCHLAND (HDE);10873;1
INSTITUT FÜR HANDESLVERMITTLUNG UND VERTRIEB CDH E.V.;10873;1
ZENTRALVERBAND GEWERBLICHER VERBUNDGRUPPEN (ZGV) E.V.;10873;1
ZENTRALES TESTAMENTSREGISTER;10874;1
B. Z. ULLSTEIN GMBH;10874;1
BERLINER MORGENPOST GMBH;10874;1
DEBIS ASSEKURANZ MAKLER GMBH NIEDERLASSUNG BERLIN;10875;1
DEBIS LEASING GMBH;10875;1
DEBIS ASSEKURANZ MAKLER GMBH ZENTRALE;10875;1
DITGAS HANDELSHAUS GMBH;10875;1
DEBIS SYSTEMHAUS SFI SYSTEMHAUS FÜR INFORMATIONSVERARBEITUNG GMBH, BÜRO PPP;10875;1
DEBIS CUSTOMER MANAGEMENT GMBH;10875;1
DEBITEL KOMMUNIKATIONSTECHNIK GMBH & CO.KG FILIALE BERLIN;10875;1
DEBIS INTERNATIONAL TRADING GMBH;10875;1
DAIMLER-BENZ AG SHOWROOM DER MERCEDES-NIEDERLASSUNG BERLIN;10875;1
DAIMLER REAL ESTATE GMBH;10875;1
DEBIS RISK CONSULT GMBH;10875;1
DAIMLERCHRYSLER SERVICES AG;10875;1
DEBIS AG BETRIEBSRAT;10875;1
DAIMLERCHRYSLER CORPORATE AUDIT;10875;1
DEBIS FINANZDIENSTLEISTUNGS GMBH;10875;1
DEBIS AVIATION LEASING GMBH BÜRO BERLIN;10875;1
DEBIS GESELLSCHAFT FÜR POTSDAMER PLATZ UND IMMOBILIENMANAGEMENT MBH;10875;1
DEBIS RE INSURANCE BROKERS GMBH;10875;1
ANOTA FAHRZEUG SERVICE- UND VERTRIEBSGESELLSCHAFT MBH;10875;1
ZITTY VERLAG;10876;1
PRESSESTIFTUNG TAGESSPIEGEL;10876;1
ZWEITE HAND VERLAGSGESELLSCHAFT MBH;10876;1
VERLAG DER TAGESSPIEGEL GMBH;10876;1
URBAN MEDIA GMBH;10876;1
GMZ GESELLSCHAFT FÜR MEDIEN-, DRUCK- U. ZEITUNGSVERLAGSBETEILIGUNGEN MBH & CO;10876;1
TMS TAGESSPIEGEL MARKETING SERVICE;10876;1
DAIMLER AG MERCEDES BENZ VERTRIEBSORGANISATION DEUTSCHLAND;10878;1
DB MOBILITY LOGISTICS AG SERVICE CENTER PERSONAL, FACHCENTER FAHRVERGÜNSTIGUNG;10880;1
DEUTSCHE POST AG NIEDERLASSUNG BRIEF BERLIN ZENTRUM;10881;1
TÜV RHEINLAND GROUP;10882;1
DEUTSCHE BANK BERLIN AG;10883;1
FRANKFURTER HYPOTHEKENBANK;10883;1
CENTRALBODEN AG;10883;1
KONSUL INKASSO GMBH;10883;1
IMMOBILIEN-SERVICE-CENTER BERLIN;10883;1
SPARDA BANK BERLIN;10884;1
TELECOLUMBUS GRUPPE LOGISTIKZENTRUM;10885;1
LLOYDS BANK GMBH;10886;1
ZDF HAUPTSTADTSTUDIO BERLIN;10887;1
LANDESBANK BERLIN;10889;1
BERLINER VOLKSBANK EG;10892;1
WEBERBANK ACTIENGESELLSCHAFT;10893;1
SANOFI-SYNTHELABO BETEILIGUNGS GMBH;10898;1
HENNING BERLIN GMBH & CO OHG;10898;1
DELALANDE ARZNEIMITTEL GMBH;10898;1
ABK ALLGEMEINE BEAMTEN BANK AG;10898;1
SCHÜRHOLZ ARZNEIMITTEL GMBH;10898;1
SANOFI-SYNTHELABO HOLDING GMBH;10898;1
SYNTHELABO HOLDING GMBH;10898;1
BAHN-BKK-REGIONALGESCHÄFTSSTELLE NORD-OST;10898;1
KAHRS & PARTNER;10898;1
SANOFI-SYNTHELABO GMBH;10898;1
BASF SERVICES EUROPE GMBH;10899;1
DAIMLER AG, NL BERLIN;10901;1
WALTER DE GRUYTER VERLAG & CO.;10902;1
DEUTSCHE POST AG NACHBUCHUNG POST SERVICE;10904;1
DEUTSCHE POST AG SNL FILIALEN SACHGEBIET FULFILMENT CLEARINGSTELLE;10905;1
OVAG;10912;1
POSTBANK NIEDERLASSUNG BERLIN;10916;1
DEUTSCHE KREDITBANK AG;10919;1
BERLINER WOCHENBLATT VERLAG GMBH;10934;1
AGENTUR F. ARBEIT BERLIN MITTE;10956;1
DER POLIZEIPRÄSIDENT BERLIN DIREKTION 5;10958;1
-LABO- LANDESAMT FÜR BÜRGER- UND ORDNUNGSANGELEGENHEITEN;10958;1
FINANZAMT FRIEDRICHSHAIN-KREUZBERG;10958;1
BEZIRKSAMT KREUZBERG VON BERLIN;10958;1
DEUTSCHES PATENTAMT, DIENSTSTELLE BERLIN;10958;1
BUNDESAGENTUR FÜR ARBEIT REGIONALDIREKTION BERLIN BRANDENBURG;10958;1
EUROPÄISCHES PATENTAMT GD1 DIENSTSTELLE BERLIN;10958;1
BUNDESPRÄSIDIALAMT;11010;1
AUSWÄRTIGES AMT;11013;1
BUNDESMINISTERIUM DES INNERN UND FÜR HEIMAT;11014;1
BUNDESMINISTERIUM FÜR ARBEIT UND SOZIALES;11017;1
DEUTSCHER INDUSTRIE UND HANDELSKAMMERTAG DIHK;11052;1
INDUSTRIE-PENSIONS-VEREIN E.V.;11053;1
INDUSTRIE-FÖRDERUNG GESELLSCHAFT MBH;11053;1
DEUTSCHES NIAG/EDIG BÜRO;11053;1
INDUSTRIE-INITIATIVE FÜR UMWELTSCHUTZ E.V.;11053;1
FÖRDERKREIS DER DEUTSCHEN WIRTSCHAFT E.V;11053;1
ARBEITSRING AUSLAND FÜR KULTURELLE AUFGABEN;11053;1
KULTURKREIS DER DEUTSCHEN WIRTSCHAFT IM BUNDESVERBAND DER DT. INDUSTRIE E.V.;11053;1
KULTURSTIFTUNG DER DEUTSCHEN WIRTSCHAFT;11053;1
AKS - ARBEITSKREIS KULTURSPONSORING;11053;1
BUNDESVERBAND DER DEUTSCHEN INDUSTRIE E.V.;11053;1
BUNDESVEREINIGUNG DER DEUTSCHEN ARBEITGEBERVERBÄNDE;11054;1
VERTRETUNG DES LANDES MECKLENBURG-VORPOMMERN BEIM BUND;11056;1
DER BEVOLLMÄCHTIGTE DES SAARLANDES BEIM BUND AUSSENSTELLE BERLIN;11056;1
VERTRETUNG DES LANDES NIEDERSACHSEN BEIM BUND BÜRO BERLIN;11056;1
BAYERISCHER STAATSMINISTER FÜR BUNDES- UND EUROPAANGELEGENHEITEN;11056;1
VERTRETUNG DES LANDES BADEN-WÜRTTEMBERG BEIM BUND;11056;1
VERTRETUNG DES LANDES SACHSEN-ANHALT BEIM BUND DIENSTSTELLE BERLIN;11056;1
HESSISCHE LANDESVERTRETUNG;11056;1
FREISTAAT SACHSEN VERTRETUNG BEIM BUND;11056;1
VERTRETUNG DES LANDES NORDRHEIN-WESTFALEN BEIM BUND;11056;1
DEUTSCHE POST AG FINANCE & HR OPERATIONS DEUTSCHLAND;11503;1
DEUTSCHE POST AG SERVICE CENTER NATIONAL SG 1216 ABRECHNUNG PRESSEPOST;11504;1
DEUTSCHE POST AG NL PAKET BERLIN;11505;1
GEMA - BEZIRKSDIREKTION;11506;1
UNI-ASSIST E.V.;11507;1
DEUTSCHE POST AG SONDERSTEMPELSTELLE;11508;1
BERLINER VERLAG GMBH;11509;1
UNIVERSAL MUSIC ENTERTAINMENT GMBH;11510;1
VATTENFALL GMBH;11511;1
BUNDESAMT FÜR DIE SICHERHEIT DER NUKLEAREN ENTSORGUNG;11513;1
ALLIANZ VERSICHERUNGS - AG ZWEIGNIEDERLASSUNG BERLIN;11515;1
JOBCENTER NEUKÖLLN;12028;1
SENATSVERWALTUNG FÜR FINANZEN STEUERABTEILUNG;12032;1
FINANZAMT NEUKÖLLN NORD;12037;1
AMTSGERICHT NEUKÖLLN;12038;1
AGENTUR FÜR ARBEIT BERLIN SÜD;12039;1
BEZIRKSAMT NEUKÖLLN;12040;1
DEUTSCHE POSTBANK AG BELEGARCHIV FRANKFURT;12095;1
DEUTSCHE POSTBANK AG BELEGARCHIV DETMOLD;12095;1
DEUTSCHE POSTBANK AG BELEGARCHIV KÖLN;12095;1
DEUTSCHE POSTBANK AG BELEGARCHIV BREMEN;12095;1
DEUTSCHE POSTBANK AG BELEGARCHIV HAMBURG;12095;1
DEUTSCHE POSTBANK AG BELEGARCHIV DORTMUND;12095;1
DEUTSCHE POSTBANK AG BELEGARCHIV ESSEN;12095;1
DEUTSCHE POSTBANK AG BELEGARCHIV GÜSTROW;12095;1
DEUTSCHE POSTBANK AG BELEGARCHIV KIEL;12095;1
DEUTSCHE POSTBANK AG BELEGARCHIV MÜNSTER;12095;1
DEUTSCHE POSTBANK AG BELEGARCHIV HANNOVER;12095;1
DEUTSCHE POSTBANK AG BELEGARCHIV BERLIN;12095;1
DEUTSCHE POSTBANK AG BELEGARCHIV BAD HERSFELD;12095;1
DEUTSCHE POSTBANK AG BELEGARCHIV DESSAU;12095;1
ALCATEL -LUCENT DEUTSCHLAND AG;12096;1
REWE MARKT GMBH;12096;1
AGENTUR FÜR ARBEIT BERLIN SÜD GST. TEMPELHOF-SCHÖNEBERG;12096;1
PROCTER & GAMBLE MANUFACTURING BERLIN GMBH;12096;1
DER POLIZEIPRÄSIDENT IN BERLIN;12096;1
PSD BANK BERLIN-BRANDENBURG EG;12154;1
FINANZAMT STEGLITZ;12154;1
BEZIRKSAMT STEGLITZ;12154;1
FU BERLIN FACHBEREICH HUMANMEDIZIN UNIVERSITÄTSKLINIKUM BENJAMIN FRANKLIN;12200;1
BUNDESANSTALT FÜR MATERIALFORSCHUNG UND -PRÜFUNG;12200;1
DEUTSCHE POST AG FILIALE BERLIN 45;12200;1
JOBCENTER STEGLITZ-ZEHLENDORF;12200;1
FLEUROP GMBH;12200;1
FES GMBH;12200;1
DEUTSCHES ROTES KREUZ PRÄSIDIUM UND SEKRETARIAT;12200;1
ALLFLORA GMBH;12200;1
CHARITE, LABOR FÜR BIOFLUIDMECHANIK;12200;1
CEGELEC AEG ANLAGEN UND ANTRIEBSSYSTEME GMBH;12274;1
DR. KADE PHARMAZEUTISCHE FABRIK GMBH;12274;1
OTTO REICHELT AG;12274;1
METRO SB-GROSSMÄRKTE GMBH & CO. KG;12274;1
WILLY VOGEL AG;12274;1
KLOSTERFRAU BERLIN GMBH;12274;1
OSKAR BÖTTCHER GMBH & CO. KG;12274;1
ADOLF NEUENDORF GMBH;12274;1
LINDE GMBH GASES DIVISION;12345;1
STEUERBERATER GERHARD BAADE;12345;1
KRANKENHAUS NEUKÖLLN;12345;1
KIEBACK & PETER GMBH & CO. KG;12345;1
BERLIN-CHEMIE-AG;12485;1
DRK KLINIKEN KÖPENICK;12552;1
DEUTSCHE REICHSBAHN REICHSBAHNDIREKTION BERLIN HAUPTABTEILUNG D;12616;1
KRANKENHAUS KAULSDORF;12616;1
AGENTUR FÜR ARBEIT BERLIN MITTE GST. MAHRZAHN-HELLERSDORF;12616;1
DEUTSCHE VERSICHERUNGS - AG KD BERLIN;12670;1
BEZIRKSAMT MARZAHN VON BERLIN;12671;1
GEWERBEKOMPLEX;12677;1
FINANZAMT HELLERSDORF/MARZAHN;12677;1
GEWERBEPARK;12677;1
DEUTSCHE ASPHALT BERLIN GMBH NIEDERLASSUNG BERLIN;13047;1
BEZIRKSAMT HOHENSCHÖNHAUSEN VON BERLIN;13047;1
BERLINER PILSNER BRAUEREI;13047;1
KSA KOMMUNALER SCHADENAUSGLEICH;13048;1
IMBAU BERLIN GMBH;13048;1
MDC MAX-DELBRÜCK-CENTRUM FÜR MOLEKULARE MEDIZIN;13122;1
HELIOS KLINIKUM BUCH;13122;1
FRÖLICH & KAUFMANN VERLAG UND VERSAND GMBH;13340;1
BEZIRKSAMT MITTE VON BERLIN;13341;1
BAYER PHARMA AG;13342;1
ZENTRALES MAHNGERICHT;13343;1
UNIVERSITÄTSKLINIKUM RUDOLF VIRCHOW STANDORT CHARLOTTENBURG;13344;1
BEUTH HOCHSCHULE FÜR TECHNIK BERLIN;13344;1
VIRCHOW-KLINIKUM MEDIZINISCHE FAKULTÄT DER HUMBOLDT-UNIVERSITÄT ZU BERLIN;13344;1
PHARMA VERLAGSBUCHHANDLUNG GMBH;13344;1
FINANZAMT REINICKENDORF;13400;1
DEUTSCHE TELEKOM AG GROUP SUPPLY SERVICES;13499;1
HUMBOLDT-KRANKENHAUS;13500;1
COPELAND EUROPE GMBH;13500;1
DEUTSCHE BABCOCK BORSIG AG;13500;1
DETECSM NIEDERLASSUNG OST IT-CENTER BERLIN;13500;1
KBA-BERLIN GMBH;13565;1
IMS INTERNATIONALER MEDIENSERVICE;13578;1
SCHLEICHER GMBH & CO. RELAIS-WERKE KG;13578;1
BAUSCH & LOMB GMBH DENTAL DIVISION;13578;1
BAUSCH & LOMB GMBH;13578;1
BEZIRKSAMT SPANDAU VON BERLIN;13578;1
DR. MANN PHARMA;13578;1
SEYD & HEINRICHS TRANSPORTKONTOR GMBH;13578;1
ORENSTEIN & KOPPEL AG WERK BERLIN;13578;1
FRANK HENKE MODE GMBH;13578;1
MAIL BOX DIREKT-MARKETING SERVICE GMBH;13619;1
SIEMENS AG BERLINER BÜRO DER LEITUNG;13624;1
SIEMENS BUSINESS SERVICES DOCUMENT SERVICES;13624;1
SIEMENS AG GSS HR PS PSG FS;13624;1
SIEMENS AG ASI 6;13624;1
ELEKTRON BERLIN GMBH;13625;1
AGENTUR FÜR ARBEIT BERLIN NORD;14045;1
RUNDFUNK BERLIN-BRANDENBURG;14046;1
RBB, ARD TEXTREDAKTION;14046;1
DEUTSCHE RENTENVERSICHERUNG BERLIN;14047;1
HELMHOLTZ-ZENTRUM BERLIN FÜR MATERIALIEN UND ENERGIE GMBH;14107;1
FORD WERKE AG;14160;1
BEZIRKSAMT STEGLITZ-ZEHLENDORF VON BERLIN;14160;1
DEUTSCHES ARCHÄOLOGISCHES INSTITUT;14191;1
UMWELTBUNDESAMT;14191;1
AMERIKANISCHE BOTSCHAFT;14191;1
MARTIN-LUTHER-KRANKENHAUS AKADEMISCHES LEHRKRANKENHAUS;14191;1
FREIE UNIVERSITÄT BERLIN-DER PRÄSIDENT;14191;1
DYCKERHOFF & WIDMANN AG NIEDERLASSUNG BERLIN;14191;1
RAT FÜR SOZIAL- UND WIRTSCHAFTSDATEN;14191;1
BOTANISCHER GARTEN UND BOTANISCHES MUSEUM BERLIN-DAHLEM;14191;1
CORNELSEN VERLAG GMBH & CO.;14328;1
DEUTSCHE POST AG DIREKT MARKETING CENTER POTSDAM;14457;1
SERVICECENTER FAHRGASTRECHTE;60647;1
GEMA GESCHÄFTSSTELLE BERLIN;96076;1
GUTEBORN;01945;1
GRÜNEWALD;01945;1
HOHENBOCKA;01945;1
KROPPEN;01945;1
RUHLAND;01945;1
LINDENAU;01945;1
SENFTENBERG;01968;1
SCHIPKAU HÖRLITZ;01968;1
LAUCHHAMMER;01979;1
GROSSRÄSCHEN;01983;1
SCHWARZHEIDE;01987;1
GROSSKMEHLEN;01990;1
ORTRAND;01990;1
SCHIPKAU SCHIPKAU;01993;1
SCHIPKAU ANNAHÜTTE, KARL-MARX-SIEDLUNG;01994;1
SCHIPKAU ANNAHÜTTE, ANNAHÜTTE;01994;1
SCHIPKAU ANNAHÜTTE, ANNAHÜTTE-SIEDLUNG;01994;1
SCHIPKAU ANNAHÜTTE, HERRNNMÜHLE;01994;1
SCHIPKAU DROCHOW;01994;1
SCHIPKAU ANNAHÜTTE;01994;1
HOSENA;01996;1
SCHIPKAU KLETTWITZ;01998;1
KLEIN DÖBBERN;03058;1
KATHLOW;03058;1
SERGEN;03058;1
KOPPATZ;03058;1
GROSS OSSNIG;03058;1
GROSS DÖBBERN;03058;1
LAUBSDORF;03058;1
KOMPTENDORF;03058;1
ROGGOSEN;03058;1
HAASOW;03058;1
GROSS GAGLOW;03058;1
GALLINCHEN;03058;1
GUHROW;03096;1
WERBEN;03096;1
BURG (SPREEWALD);03096;1
SCHMOGROW-FEHROW;03096;1
DISSEN-STRIESOW;03096;1
KOLKWITZ;03099;1
NEUPETERSHAIN;03103;1
DREBKAU;03116;1
WELZOW;03119;1
BAGENZ;03130;1
GROSS LUJA;03130;1
WOLFSHAIN;03130;1
HAIDEMÜHL;03130;1
SPREMBERG;03130;1
TSCHERNITZ;03130;1
PROSCHIM;03130;1
REUTHEN;03130;1
GRAUSTEIN;03130;1
TÜRKENDORF;03130;1
DRIESCHNITZ-KAHSEL;03130;1
FELIXSEE;03130;1
HORNOW-WADELSDORF;03130;1
JÄMLITZ-KLEIN DÜBEN;03130;1
TERPE;03139;1
GROSS SCHACKSDORF-SIMMERSDORF;03149;1
FORST (LAUSITZ);03149;1
NEISSE-MALXETAL;03159;1
DÖBERN;03159;1
ATTERWASCH;03172;1
GASTROSE-KERKWITZ;03172;1
LUTZKETAL;03172;1
PINNOW-HEIDELAND;03172;1
GRABKO;03172;1
GRIESSEN;03172;1
GUBEN;03172;1
BÄRENKLAU;03172;1
TURNOW-PREILACK;03185;1
GRÖTSCH;03185;1
TEICHLAND;03185;1
PEITZ;03185;1
HEINERSBRÜCK;03185;1
TAUER;03185;1
DRACHHAUSEN;03185;1
DREHNOW;03185;1
JÄNSCHWALDE;03197;1
GROSS-MEHSSOW;03205;1
CALAU;03205;1
KEMMEN;03205;1
BRONKOW;03205;1
OGROSEN;03205;1
WERCHOW;03205;1
MLODE;03205;1
SASSLEBEN;03205;1
BOLSCHWITZ;03205;1
LIPTEN;03205;1
BISCHDORF;03205;1
MISSEN;03205;1
KLEIN RADDEN;03222;1
LÜBBENAU/SPREEWALD;03222;1
GROSS BEUCHOW;03222;1
BOBLITZ;03222;1
HINDENBERG;03222;1
GROSS-KLESSOW;03222;1
RADDUSCH;03226;1
VETSCHAU;03226;1
LEIPE;03226;1
KOSSWIG;03226;1
SUSCHOW;03226;1
ALTDÖBERN;03229;1
FISCHWASSER;03238;1
MASSEN;03238;1
LICHTERFELD;03238;1
STAUPITZ;03238;1
DOLLENCHEN;03238;1
GORDEN;03238;1
SCHACKSDORF;03238;1
FINSTERWALDE;03238;1
GRUHNO;03238;1
LINDTHAL;03238;1
OPPELHAIN;03238;1
SALLGAST;03238;1
PONNSDORF;03238;1
SCHADEWITZ;03238;1
LUGAU;03238;1
LINDENA;03238;1
EICHHOLZ-DRÖSSIG;03238;1
BETTEN;03238;1
BABBEN;03246;1
GAHRO;03246;1
CRINITZ;03246;1
KLEINKRAUSNIK;03249;1
PAHLSDORF;03249;1
SONNEWALDE;03249;1
BAHREN;03249;1
GOSSMAR;03249;1
GROSSKRAUSNIK;03249;1
ZECKERIN;03249;1
WERENZHAIN;03253;1
TREBBUS;03253;1
FRANKENA;03253;1
BUCHHAIN;03253;1
HENNERSDORF;03253;1
TRÖBITZ;03253;1
SCHÖNEWALDE;03253;1
PRIESSEN;03253;1
BRENITZ;03253;1
SCHILDA;03253;1
NEXDORF;03253;1
DOBERLUG-KIRCHHAIN;03253;1
DÜBRICHEN;03253;1
ARENZHAIN;03253;1
FALKENBERG/ELSTER;04895;1
HAIDA;04910;1
ELSTERWERDA;04910;1
STOLZENHAIN;04916;1
HERZBERG (ELSTER);04916;1
THEMESGRUND;04916;1
WERCHAU;04916;1
HEIDEECK;04916;1
BAD LIEBENWERDA;04924;1
SCHRADEN;04928;1
DÖLLINGEN;04928;1
PLESSA;04928;1
MÜHLBERG (ELBE);04931;1
MERZDORF;04932;1
REICHENHAIN;04932;1
WAINSDORF;04932;1
PRÖSEN;04932;1
GROSSTHIEMIG;04932;1
GRÖDEN;04932;1
SAATHAIN;04932;1
DRESKA;04934;1
HOHENLEIPISCH;04934;1
KÖRBA;04936;1
PROSSMARKE;04936;1
WEHRHAIN;04936;1
HILLMERSDORF;04936;1
MALITSCHKENDORF;04936;1
LEBUSA;04936;1
HOHENBUCKO;04936;1
KOLOCHAU;04936;1
JAGSAL;04936;1
FREILEBEN;04936;1
ÖLSIG;04936;1
SCHÖNA-KOLPIEN;04936;1
STECHAU;04936;1
SCHLIEBEN;04936;1
SCHÖNEFELD;12529;1
UETZ-PAAREN;14476;1
TÖPLITZ;14476;1
MARQUARDT;14476;1
GROSS GLIENICKE;14476;1
FAHRLAND;14476;1
SATZKORN;14476;1
GOLM;14476;1
NEU FAHRLAND;14476;1
TELTOW;14513;1
FAHLHORST;14532;1
STAHNSDORF;14532;1
PHILIPPSTHAL;14532;1
KLEINMACHNOW;14532;1
NUDOW;14532;1
WERDER (HAVEL);14542;1
STÜCKEN;14547;1
BOCHOW;14550;1
DERWITZ;14550;1
GROSS KREUTZ;14550;1
KRIELOW;14550;1
SCHMERGOW;14550;1
WILDENBRUCH;14552;1
FRESDORF;14552;1
TREMSDORF;14552;1
SAARMUND;14552;1
MICHENDORF;14552;1
SEDDINER SEE;14554;1
LANGERWISCH;14557;1
WILHELMSHORST;14557;1
BERGHOLZ-REHBRÜCKE;14558;1
FALKENSEE;14612;1
DALLGOW-DÖBERITZ;14624;1
ELSTAL;14627;1
BERGERDAMM;14641;1
WUSTERMARK;14641;1
TIETZOW;14641;1
PERWENITZ;14641;1
GRÜNEFELD;14641;1
PAAREN IM GLIEN;14641;1
WACHOW;14641;1
TREMMEN;14641;1
ETZIN;14641;1
PESSIN;14641;1
ZEESTOW;14641;1
NAUEN;14641;1
GROSS BEHNITZ;14641;1
PAULINENAUE;14641;1
KLEIN BEHNITZ;14641;1
BRÄDIKOW;14641;1
FALKENREHDE;14641;1
MARKEE;14641;1
SELBELANG;14641;1
RIBBECK;14641;1
BREDOW;14641;1
WANSDORF;14641;1
PAUSIN;14641;1
BRIESELANG;14656;1
FRIESACK;14662;1
VIETZNITZ;14662;1
KETZIN;14669;1
ZACHOW;14669;1
RATHENOW;14712;1
KOTZEN;14715;1
BÜTZER;14715;1
NENNHAUSEN;14715;1
MÄRKISCH LUCH BARNEWITZ;14715;1
MÄRKISCH LUCH MÖTHLOW;14715;1
SEEBLICK;14715;1
STECHOW-FERCHESAR;14715;1
GRÄNINGEN;14715;1
MÜTZLITZ;14715;1
MÄRKISCH LUCH;14715;1
BAMME;14715;1
MÄRKISCH LUCH GARLITZ;14715;1
ZOLLCHOW;14715;1
MÄRKISCH LUCH BUSCHOW;14715;1
KRIELE;14715;1
VIERITZ;14715;1
GROSSWUDICKE;14715;1
NITZAHN;14715;1
LANDIN;14715;1
MÖTHLITZ;14715;1
PREMNITZ;14727;1
DÖBERITZ;14727;1
KLESSEN-GÖRNE;14728;1
RHINOW;14728;1
GÖTZ;14778;1
ROSKOW;14778;1
GOLLWITZ;14778;1
WENZLOW;14778;1
TRECHWITZ;14778;1
BEETZSEEHEIDE;14778;1
JESERIG;14778;1
PÄWESIN;14778;1
BEETZSEE;14778;1
WUSTERWITZ;14789;1
BENSDORF;14789;1
ROSENAU;14789;1
ROTTSTOCK;14793;1
ZIESAR;14793;1
BUCKAUTAL;14793;1
GRÄBEN;14793;1
BELZIG;14806;1
HAGELBERG;14806;1
LINTHE;14822;1
BORKWALDE;14822;1
BORKHEIDE;14822;1
BRÜCK;14822;1
NIEMEGK;14823;1
RABENSTEIN/FLÄMING;14823;1
WIESENBURG;14827;1
GÖRZKE;14828;1
WAHLSDORF;14913;1
JÜTERBOG;14913;1
NIEDERGÖRSDORF;14913;1
NIEDERER FLÄMING;14913;1
HOHENSEEFELD;14913;1
NIEBENDORF-HEINSDORF;14913;1
HERBERSDORF;14913;1
TREUENBRIETZEN;14929;1
LUCKENWALDE;14943;1
LÜHSDORF;14943;1
TREBBIN;14959;1
LUDWIGSFELDE;14974;1
THYROW;14974;1
GROSSBEEREN;14979;1
JACOBSDORF JACOBSDORF;15236;1
JACOBSDORF PETERSDORF BEI BRIESEN;15236;1
JACOBSDORF PILLGRAM;15236;1
JACOBSDORF SIEVERSDORF;15236;1
JACOBSDORF;15236;1
TREPLIN;15236;1
ZILTENDORF;15295;1
GROSS LINDOW;15295;1
BRIESKOW-FINKENHEERD;15295;1
ZILTENDORF AURITH;15295;1
ZILTENDORF ERNST-THÄLMANN-SIEDLUNG;15295;1
WIESENAU;15295;1
GROSS LINDOW WEISSENSPRING;15295;1
GROSS LINDOW SCHLAUBEHAMMER;15295;1
GRUNOW-DAMMENDORF GRUNOW;15299;1
MÜLLROSE;15299;1
GRUNOW-DAMMENDORF;15299;1
MIXDORF;15299;1
DAMMENDORF;15299;1
LINDENDORF NEU MAHLISCH;15306;1
VIERLINDEN NEUENTEMPEL;15306;1
WERBIG;15306;1
LINDENDORF;15306;1
LINDENDORF LIBBENICHEN;15306;1
LINDENDORF DOLGELIN;15306;1
GUSOW-PLATKOW GUSOW;15306;1
FICHTENHÖHE NIEDERJESAR;15306;1
VIERLINDEN ALT ROSENTHAL;15306;1
LINDENDORF SACHSENDORF;15306;1
GUSOW-PLATKOW;15306;1
FICHTENHÖHE ALT MAHLISCH;15306;1
GUSOW-PLATKOW PLATKOW;15306;1
VIERLINDEN DIEDERSDORF;15306;1
LIETZEN;15306;1
VIERLINDEN MARXDORF;15306;1
VIERLINDEN GÖRLSDORF;15306;1
SEELOW;15306;1
VIERLINDEN WORIN;15306;1
VIERLINDEN;15306;1
VIERLINDEN FRIEDERSDORF;15306;1
SIETZING;15320;1
NEUHARDENBERG;15320;1
NEUHARDENBERG NEUHARDENBERG;15320;1
NEUHARDENBERG ALTFRIEDLAND;15320;1
NEUHARDENBERG WULKOW BEI TREBNITZ;15320;1
NEUHARDENBERG QUAPPENDORF;15320;1
NEUTREBBIN ALTBARNIM;15320;1
NEUTREBBIN ALTTREBBIN;15320;1
NEUTREBBIN NEUTREBBIN;15320;1
NEUTREBBIN;15320;1
LETSCHIN;15324;1
GROSS NEUENDORF;15324;1
KIENITZ;15324;1
GIESHOF-ZELLINER LOOSE;15324;1
ORTWIG;15324;1
KIEHNWERDER;15324;1
NEUBARNIM;15324;1
FICHTENHÖHE CARZIG;15326;1
LEBUS LEBUS;15326;1
ZESCHDORF;15326;1
LEBUS WULKOW;15326;1
ZESCHDORF DÖBBERIN;15326;1
PODELZIG;15326;1
ZESCHDORF ALT ZESCHDORF;15326;1
LEBUS SCHÖNFLIESS;15326;1
ZESCHDORF PETERSHAGEN;15326;1
LEBUS MALLNOW;15326;1
LEBUS;15326;1
REITWEIN;15328;1
ZECHIN FRIEDRICHSAUE;15328;1
ZECHIN;15328;1
ZECHIN ZECHIN;15328;1
ZECHIN BUSCHDORF;15328;1
ALT TUCHEBAND;15328;1
BLEYEN-GENSCHMAR BLEYEN;15328;1
ALT TUCHEBAND RATSTOCK;15328;1
KÜSTRINER VORLAND GORGAST;15328;1
ALT TUCHEBAND HATHENOW;15328;1
KÜSTRINER VORLAND MANSCHNOW;15328;1
KÜSTRINER VORLAND;15328;1
KÜSTRINER VORLAND KÜSTRIN-KIETZ;15328;1
BLEYEN-GENSCHMAR GENSCHMAR;15328;1
ALT TUCHEBAND ALT TUCHEBAND;15328;1
BLEYEN-GENSCHMAR;15328;1
STRAUSBERG;15344;1
LICHTENOW;15345;1
PRÖTZEL;15345;1
OBERBARNIM KLOSTERDORF;15345;1
PRÖTZEL PRÖTZEL;15345;1
REICHENOW-MÖGLIN MÖGLIN;15345;1
REICHENOW-MÖGLIN;15345;1
PRÖTZEL STERNEBECK;15345;1
GARZAU-GARZIN GARZAU;15345;1
PRÖTZEL HARNEKOP;15345;1
GARZAU-GARZIN;15345;1
PRÖTZEL PRÄDIKOW;15345;1
REICHENOW-MÖGLIN REICHENOW;15345;1
GARZAU-GARZIN GARZIN;15345;1
ALTLANDSBERG;15345;1
ZINNDORF;15345;1
REHFELDE WERDER;15345;1
REHFELDE ZINNDORF;15345;1
REHFELDE;15345;1
REHFELDE REHFELDE;15345;1
NEUENHAGEN BEI BERLIN;15366;1
HÖNOW;15366;1
DAHLWITZ-HOPPEGARTEN;15366;1
FREDERSDORF-VOGELSDORF;15370;1
WALDSIEVERSDORF;15377;1
BUCKOW;15377;1
OBERBARNIM GRUNOW;15377;1
OBERBARNIM BOLLERSDORF, PRITZHAGEN;15377;1
OBERBARNIM GRUNOW, ERNSTHOF;15377;1
MÄRKISCHE HÖHE BATZLOW;15377;1
MÄRKISCHE HÖHE RINGENWALDE;15377;1
MÄRKISCHE HÖHE;15377;1
MÄRKISCHE HÖHE REICHENBERG;15377;1
OBERBARNIM GRUNOW, GRUNOW;15377;1
OBERBARNIM BOLLERSDORF;15377;1
OBERBARNIM BOLLERSDORF, BOLLERSDORF;15377;1
HENNICKENDORF;15378;1
FÜRSTENWALDE/SPREE;15517;1
FÜRSTENWALDE/SPREE TREBUS;15517;1
FÜRSTENWALDE/SPREE FÜRSTENWALDE;15517;1
BRIESEN (MARK);15518;1
MADLITZ-WILMERSDORF;15518;1
BRIESEN (MARK) BRIESEN (MARK);15518;1
MADLITZ-WILMERSDORF FALKENBERG;15518;1
MADLITZ-WILMERSDORF ALT MADLITZ;15518;1
BRIESEN (MARK) BIEGEN;15518;1
GRÜNHEIDE (MARK) HANGELSBERG;15518;1
STEINHÖFEL NEUENDORF IM SANDE;15518;1
BERKENBRÜCK;15518;1
STEINHÖFEL BUCHHOLZ;15518;1
RAUEN;15518;1
STEINHÖFEL BEERFELDE;15518;1
STEINHÖFEL ARENSDORF;15518;1
STEINHÖFEL JÄNICKENDORF;15518;1
STEINHÖFEL SCHÖNFELDE;15518;1
STEINHÖFEL HASENFELDE;15518;1
STEINHÖFEL TEMPELBERG;15518;1
STEINHÖFEL STEINHÖFEL;15518;1
STEINHÖFEL GÖLSDORF;15518;1
STEINHÖFEL DEMNITZ;15518;1
STEINHÖFEL HEINERSDORF;15518;1
LANGEWAHL;15518;1
MADLITZ-WILMERSDORF WILMERSDORF;15518;1
BAD SAAROW PETERSDORF;15526;1
REICHENWALDE DAHMSDORF;15526;1
BAD SAAROW NEU GOLM;15526;1
BAD SAAROW BAD SAAROW;15526;1
RIETZ-NEUENDORF ALT GOLM;15526;1
REICHENWALDE REICHENWALDE;15526;1
REICHENWALDE KOLPIN;15526;1
REICHENWALDE;15526;1
BAD SAAROW;15526;1
SPREENHAGEN BRAUNSDORF;15528;1
SPREENHAGEN SPREENHAGEN;15528;1
SPREENHAGEN HARTMANNSDORF;15528;1
SPREENHAGEN;15528;1
GRÜNHEIDE (MARK) SPREEAU;15528;1
SPREENHAGEN MARKGRAFPIESKE;15528;1
GRÜNHEIDE (MARK) MÖNCHWINKEL;15528;1
GOSEN;15537;1
GRÜNHEIDE (MARK) GRÜNHEIDE;15537;1
GRÜNHEIDE (MARK) KAGEL;15537;1
GRÜNHEIDE (MARK) KIENBAUM;15537;1
ERKNER;15537;1
GOSEN NEU ZITTAU;15537;1
RÜDERSDORF BEI BERLIN;15562;1
SCHÖNEICHE BEI BERLIN;15566;1
SCHENKENDORF;15711;1
KÖNIGS WUSTERHAUSEN;15711;1
ZEESEN;15711;1
ZERNSDORF;15712;1
SENZIG;15712;1
KABLOW;15712;1
WERNSDORF;15713;1
NIEDERLEHME;15713;1
EICHWALDE;15732;1
ZEUTHEN;15738;1
MOTZEN;15741;1
GRÄBENDORF;15741;1
PÄTZ;15741;1
BESTENSEE;15741;1
WILDAU;15745;1
GROSS KÖRIS;15746;1
MÄRKISCH BUCHHOLZ;15748;1
GALLUN;15749;1
BRUSENDORF;15749;1
STREGANZ;15752;1
KOLBERG;15752;1
PRIEROS;15752;1
DOLGENBRODT;15754;1
GUSSOW;15754;1
BINDOW;15754;1
DANNENREICH;15754;1
BLOSSIN;15754;1
WOLZIG;15754;1
TEUPITZ;15755;1
TÖPCHIN;15755;1
FREIDORF;15757;1
LÖPTEN;15757;1
ODERIN;15757;1
HALBE;15757;1
MELLENSEE;15806;1
ZOSSEN;15806;1
KUMMERSDORF-ALEXANDERDORF;15806;1
REHAGEN;15806;1
NÄCHST NEUENDORF;15806;1
GROSS MACHNOW;15806;1
SCHÖNEICHE;15806;1
TELZ;15806;1
KALLINCHEN;15806;1
SAALOW;15806;1
NUNSDORF;15806;1
GLIENICK;15806;1
GROSS SCHULZENDORF;15806;1
GADSDORF;15806;1
DAHLEWITZ;15827;1
BLANKENFELDE;15827;1
GROSS KIENITZ;15831;1
SELCHOW;15831;1
JÜHNSDORF;15831;1
MAHLOW;15831;1
DIEPENSEE;15831;1
GROSSZIETHEN;15831;1
WASSMANNSDORF;15831;1
RANGSDORF;15834;1
BARUTH/MARK;15837;1
KUMMERSDORF-GUT;15838;1
WÜNSDORF;15838;1
SPERENBERG;15838;1
SPEICHROW;15848;1
BEESKOW;15848;1
TAUCHE TAUCHE;15848;1
TAUCHE;15848;1
TAUCHE FALKENBERG;15848;1
TAUCHE BRIESCHT;15848;1
TAUCHE GIESENSDORF;15848;1
TAUCHE MITTWEIDE;15848;1
TAUCHE KOSSENBLATT;15848;1
RIETZ-NEUENDORF DRAHENDORF;15848;1
TAUCHE LINDENBERG;15848;1
TAUCHE WERDER;15848;1
FRIEDLAND LINDOW;15848;1
TAUCHE RANZIG;15848;1
FRIEDLAND KLEIN MUCKROW;15848;1
RIETZ-NEUENDORF SAUEN;15848;1
RIETZ-NEUENDORF BIRKHOLZ;15848;1
RAGOW-MERZ;15848;1
PLATTKOW;15848;1
TAUCHE TREBATSCH;15848;1
TAUCHE STREMMEN;15848;1
RAGOW-MERZ MERZ;15848;1
RAGOW-MERZ RAGOW;15848;1
TAUCHE GÖRSDORF BEI BEESKOW;15848;1
FRIEDLAND LEISSNITZ;15848;1
FRIEDLAND WEICHENSDORF;15848;1
FRIEDLAND CHOSSEWITZ;15848;1
FRIEDLAND NIEWISCH;15848;1
FRIEDLAND GÜNTHERSDORF;15848;1
RIETZ-NEUENDORF HERZBERG;15848;1
BEESKOW SCHNEEBERG;15848;1
BEESKOW OEGELN;15848;1
FRIEDLAND REUDNITZ;15848;1
FRIEDLAND FRIEDLAND;15848;1
BEESKOW BORNOW;15848;1
FRIEDLAND SCHADOW;15848;1
RIETZ-NEUENDORF BUCKOW;15848;1
RIETZ-NEUENDORF GÖRZIG;15848;1
FRIEDLAND GROSS BRIESEN;15848;1
RIETZ-NEUENDORF BEHRENSDORF;15848;1
RIETZ-NEUENDORF PFAFFENDORF;15848;1
FRIEDLAND ZEUST;15848;1
RIETZ-NEUENDORF NEUBRÜCK (SPREE);15848;1
BEESKOW KRÜGERSDORF;15848;1
RIETZ-NEUENDORF WILMERSDORF;15848;1
BEESKOW NEUENDORF;15848;1
RIETZ-NEUENDORF AHRENSDORF;15848;1
FRIEDLAND KUMMEROW;15848;1
FRIEDLAND KARRAS;15848;1
BEESKOW RADINKENDORF;15848;1
RIETZ-NEUENDORF GROSS RIETZ;15848;1
BEESKOW KOHLSDORF;15848;1
FRIEDLAND PIESKOW;15848;1
STORKOW (MARK) LIMSDORF;15859;1
STORKOW (MARK) ALT STAHNSDORF;15859;1
STORKOW (MARK) GROSS SCHAUEN;15859;1
STORKOW (MARK) SCHWERIN;15859;1
STORKOW (MARK) GÖRSDORF BEI STORKOW;15859;1
STORKOW (MARK) STORKOW;15859;1
STORKOW (MARK) KUMMERSDORF;15859;1
STORKOW (MARK) SELCHOW;15859;1
STORKOW (MARK) WOCHOWSEE;15859;1
STORKOW (MARK) GROSS EICHHOLZ;15859;1
STORKOW (MARK) BUGK;15859;1
KUMMERSDORF;15859;1
PHILADELPHIA;15859;1
RIEPLOS;15859;1
KEHRIGK;15859;1
STORKOW (MARK);15859;1
DIENSDORF-RADLOW;15864;1
RIETZ-NEUENDORF GLIENICKE;15864;1
WENDISCH RIETZ;15864;1
LIEBEROSE;15868;1
DOBERBURG;15868;1
JAMLITZ;15868;1
LEESKOW;15868;1
ULLERSDORF;15868;1
FRIEDLAND GROSS MUCKROW;15868;1
SCHLAUBETAL KIESELWITZ;15890;1
SCHLAUBETAL BREMSDORF;15890;1
EISENHÜTTENSTADT FÜRSTENBERG;15890;1
EISENHÜTTENSTADT DIEHLO;15890;1
EISENHÜTTENSTADT;15890;1
SCHLAUBETAL;15890;1
SCHLAUBETAL FÜNFEICHEN;15890;1
EISENHÜTTENSTADT SCHÖNFLIESS;15890;1
SIEHDICHUM SCHERNSDORF;15890;1
SIEHDICHUM POHLITZ;15890;1
SIEHDICHUM;15890;1
VOGELSANG;15890;1
SIEHDICHUM RIESSEN;15890;1
NEUZELLE MÖBISKRUGE;15898;1
NEUZELLE NEUZELLE;15898;1
LAWITZ;15898;1
NEUZELLE;15898;1
NEUZELLE TREPPELN;15898;1
NEUZELLE STEINSDORF;15898;1
NEUZELLE BOMSDORF;15898;1
NEUZELLE BAHRO;15898;1
NEISSEMÜNDE WELLMITZ;15898;1
NEISSEMÜNDE;15898;1
NEUZELLE KOBBELN;15898;1
NEISSEMÜNDE RATZDORF;15898;1
NEISSEMÜNDE COSCHEN;15898;1
NEISSEMÜNDE BRESLACK;15898;1
NEUZELLE OSSENDORF;15898;1
NEUZELLE STREICHWITZ;15898;1
NEUZELLE SCHWERZKO;15898;1
NEUZELLE HENZENDORF;15898;1
NEUZELLE GÖHLEN;15898;1
LÜBBEN (SPREEWALD);15907;1
PRETSCHEN;15910;1
SCHLEPZIG;15910;1
DÜRRENHOFE;15910;1
GRÖDITSCH;15910;1
RIETZNEUENDORF-STAAKOW;15910;1
KRAUSNICK-GROSS WASSERBURG;15910;1
KUSCHKOW;15910;1
WITTMANNSDORF-BÜCKCHEN;15910;1
SCHUHLEN-WIESE;15910;1
ALT-SCHADOW;15910;1
UNTERSPREEWALD;15910;1
HOHENBRÜCK-NEU SCHADOW;15910;1
LAMSFELD-GROSS LIEBITZ;15913;1
SACROW-WALDOW;15913;1
GOYATZ;15913;1
GROSS LEINE;15913;1
CAMINCHEN;15913;1
GLIETZ;15913;1
BYHLEGUHRE;15913;1
JESSERN;15913;1
STRAUPITZ;15913;1
BIEBERSDORF;15913;1
BRIESENSEE;15913;1
BYHLEN;15913;1
DOLLGEN;15913;1
MOCHOW;15913;1
KLEIN LEINE;15913;1
ALT ZAUCHE;15913;1
BUTZEN;15913;1
WUSSWERK;15913;1
RESSEN-ZAUE;15913;1
GROSS LEUTHEN;15913;1
KRUGAU;15913;1
NEU ZAUCHE;15913;1
LEIBCHEL;15913;1
WALDDREHNA;15926;1
CAHNSDORF;15926;1
HEIDEBLICK LANGENGRASSAU;15926;1
HEIDEBLICK WEISSACK;15926;1
HEIDEBLICK WÜSTERMARKE;15926;1
BERSTELAND;15926;1
HEIDEBLICK FALKENBERG;15926;1
HEIDEBLICK;15926;1
BERSTELAND NIEWITZ;15926;1
BERSTELAND FREIWALDE;15926;1
BERSTELAND REICHWALDE;15926;1
HEIDEBLICK PITSCHEN-PICKEL;15926;1
HEIDEBLICK GEHREN;15926;1
DUBEN;15926;1
HEIDEBLICK WALTERSDORF;15926;1
HEIDEBLICK RIEDEBECK;15926;1
SCHLABENDORF;15926;1
HEIDEBLICK BEESDAU;15926;1
HEIDEBLICK GOSSMAR;15926;1
HEIDEBLICK BORNSDORF;15926;1
DAHME/MARK;15936;1
DAHMETAL;15936;1
STEINREICH GLIENIG;15936;1
STEINREICH SELLENDORF;15938;1
GOLSSEN;15938;1
DRAHNSDORF;15938;1
KASEL-GOLZIG;15938;1
MELCHOW;16230;1
BRITZ;16230;1
CHORIN;16230;1
SYDOWER FLIESS;16230;1
BREYDIN;16230;1
FINOWFURT;16244;1
JOACHIMSTHAL;16247;1
FRIEDRICHSWALDE;16247;1
NEUGRIMNITZ;16247;1
ALTHÜTTENDORF;16247;1
ODERBERG;16248;1
BÖLKENDORF;16248;1
HOHENFINOW;16248;1
LUNOW-STOLZENHAGEN;16248;1
PARSTEINSEE;16248;1
HOHENSAATEN;16248;1
NIEDERFINOW;16248;1
ALTGLIETZEN;16259;1
NEULEWIN;16259;1
HOHENWUTZEN;16259;1
SCHIFFMÜHLE;16259;1
NEUENHAGEN;16259;1
BAD FREIENWALDE;16259;1
HECKELBERG-BRUNOW BRUNOW;16259;1
ODERAUE MÄDEWITZ;16259;1
ODERAUE WUSTROW, NEU-WUSTROW;16259;1
HÖHENLAND WÖLSICKENDORF-WOLLENBERG, WOLLENBERG;16259;1
BEIERSDORF-FREUDENBERG;16259;1
FALKENBERG DANNENBERG/MARK;16259;1
FALKENBERG KRUGE/GERSDORF;16259;1
BEIERSDORF-FREUDENBERG FREUDENBERG;16259;1
FALKENBERG KRUGE/GERSDORF, NEUGERSDORF;16259;1
BRALITZ;16259;1
ODERAUE WUSTROW;16259;1
NEULEWIN NEULEWIN;16259;1
NEULEWIN GÜSTEBIESER LOOSE;16259;1
ODERAUE ALTREETZ;16259;1
ODERAUE MÄDEWITZ, NEUMÄDEWITZ;16259;1
NEULEWIN NEULIETZEGÖRICKE;16259;1
HÖHENLAND WÖLSICKENDORF-WOLLENBERG, WÖLSICKENDORF;16259;1
FALKENBERG KRUGE/GERSDORF, GERSDORF;16259;1
HECKELBERG-BRUNOW;16259;1
TIEFENSEE;16259;1
HÖHENLAND WÖLSICKENDORF-WOLLENBERG;16259;1
HÖHENLAND LEUENBERG;16259;1
ODERAUE NEUREETZ;16259;1
ODERAUE;16259;1
FALKENBERG KRUGE/GERSDORF, KRUGE;16259;1
ODERAUE MÄDEWITZ, ALTMÄDEWITZ;16259;1
FALKENBERG FALKENBERG/MARK;16259;1
ODERAUE NEURÜDNITZ;16259;1
ODERAUE ZÄCKERICKER LOOSE;16259;1
HÖHENLAND;16259;1
ODERAUE NEUKÜSTRINCHEN;16259;1
HECKELBERG-BRUNOW HECKELBERG;16259;1
BEIERSDORF-FREUDENBERG BEIERSDORF;16259;1
HÖHENLAND STEINBECK;16259;1
ODERAUE WUSTROW, WUSTROW;16259;1
BLIESDORF BLIESDORF;16269;1
BLIESDORF;16269;1
BLIESDORF KUNERSDORF;16269;1
WRIEZEN;16269;1
BLIESDORF METZDORF;16269;1
WRIEZENER HÖHE;16269;1
MARK LANDIN;16278;1
STOLPE/ODER;16278;1
FRAUENHAGEN;16278;1
ANGERMÜNDE;16278;1
KERKOW;16278;1
NEUKÜNKENDORF;16278;1
MÜROW;16278;1
CRUSSOW;16278;1
GÜNTERBERG;16278;1
GREIFFENBERG;16278;1
BIESENBROW;16278;1
WOLLETZ;16278;1
SCHMARGENDORF;16278;1
GELLMERSDORF;16278;1
HERZSPRUNG;16278;1
WELSOW;16278;1
BRUCHHAGEN;16278;1
SCHWEDT/ODER;16303;1
BIESENDAHLSHOF;16306;1
BERKHOLZ-MEYENBURG;16306;1
ZICHOW;16306;1
CASEKOW;16306;1
GROSS PINNOW;16306;1
STENDELL;16306;1
WARTIN;16306;1
HOHENSELCHOW;16306;1
VIERRADEN;16306;1
TANTOW;16307;1
ROSOW;16307;1
RADEKOW;16307;1
MESCHERIN;16307;1
NEUROCHLITZ;16307;1
GARTZ (ODER);16307;1
GEESOW;16307;1
HOHENREINKENDORF;16307;1
LOBETAL;16321;1
RÜDNITZ;16321;1
DANEWITZ;16321;1
ZEPERNICK;16341;1
ZERPENSCHLEUSE;16348;1
KLOSTERFELDE;16348;1
PRENDEN;16348;1
WANDLITZ;16348;1
STOLZENHAGEN;16348;1
MARIENWERDER;16348;1
RUHLSDORF;16348;1
GROSS SCHÖNEBECK (SCHORFHEIDE);16348;1
SCHÖNERLINDE;16352;1
AHRENSFELDE;16356;1
KRUMMENSEE;16356;1
WERNEUCHEN;16356;1
EICHE;16356;1
MEHROW;16356;1
BIESENTHAL;16359;1
LANKE;16359;1
ZEHLENDORF;16515;1
NEUHOLLAND;16515;1
WENSICKENDORF;16515;1
ORANIENBURG;16515;1
NASSENHEIDE;16515;1
SCHMACHTENHAGEN;16515;1
ZÜHLSDORF;16515;1
MALZ;16515;1
HOHEN NEUENDORF;16540;1
BIRKENWERDER;16547;1
GLIENICKE/NORDBAHN;16548;1
SCHILDOW;16552;1
BORGSDORF;16556;1
KREUZBRUCH;16559;1
LIEBENTHAL;16559;1
LIEBENWALDE;16559;1
BERGFELDE;16562;1
LEHNITZ;16565;1
MÜHLENBECK;16567;1
SCHÖNFLIESS;16567;1
VELTEN;16727;1
HENNIGSDORF;16761;1
KREMMEN;16766;1
LEEGEBRUCH;16767;1
GERMENDORF;16767;1
ZABELSDORF;16775;1
BARSDORF;16775;1
STECHLIN;16775;1
TORNOW;16775;1
BURGWALL;16775;1
KLEIN-MUTZ;16775;1
LÖWENBERGER LAND;16775;1
SCHÖNERMARK;16775;1
GRANSEE;16775;1
RÖNNEBECK;16775;1
MILDENBERG;16775;1
SONNENBERG;16775;1
KAPPE;16775;1
KREWELIN;16775;1
BLUMENOW;16775;1
GROSSWOLTERSDORF;16775;1
BREDEREICHE;16775;1
ZEHDENICK;16792;1
KURTSCHLAG;16792;1
FÜRSTENBERG/HAVEL;16798;1
ALTTHYMEN;16798;1
STEINFÖRDE;16798;1
ZOOTZEN;16798;1
HIMMELPFORT;16798;1
NEURUPPIN;16816;1
FEHRBELLIN WUSTRAU-ALTFRIESACK;16818;1
FEHRBELLIN WALL;16818;1
FEHRBELLIN LANGEN;16818;1
TEMNITZQUELL;16818;1
RHEINSBERG BRAUNSBERG;16818;1
STORBECK-FRANKENDORF;16818;1
DABERGOTZ;16818;1
FEHRBELLIN DEUTSCHHOF;16818;1
ALT RUPPIN;16827;1
RHEINSBERG SCHWANOW;16831;1
RHEINSBERG ZÜHLEN;16831;1
RHEINSBERG KLEINZERLANG;16831;1
RHEINSBERG ZECHOW;16831;1
RHEINSBERG LINOW;16831;1
RHEINSBERG GROSSZERLANG;16831;1
RHEINSBERG HEINRICHSDORF;16831;1
RHEINSBERG ZECHLINERHÜTTE;16831;1
RHEINSBERG;16831;1
FEHRBELLIN LENTZKE;16833;1
FEHRBELLIN HAKENBERG;16833;1
FEHRBELLIN DECHTOW;16833;1
FEHRBELLIN KÖNIGSHORST;16833;1
FEHRBELLIN WALCHOW;16833;1
FEHRBELLIN LINUM;16833;1
FEHRBELLIN;16833;1
FEHRBELLIN TARMOW;16833;1
FEHRBELLIN PROTZEN;16833;1
FEHRBELLIN BRUNNE;16833;1
FEHRBELLIN KARWESEE;16833;1
FEHRBELLIN BETZIN;16833;1
RHEINSBERG DIERBERG;16835;1
VIELITZ;16835;1
RÜTHNICK;16835;1
SEEBECK-STRUBENSEE;16835;1
LINDOW (MARK) HINDENBERG;16835;1
LINDOW (MARK) SCHÖNBERG (MARK);16835;1
LINDOW (MARK);16835;1
WITTSTOCK/DOSSE ZEMPOW;16837;1
RHEINSBERG WALLITZ;16837;1
RHEINSBERG KAGAR;16837;1
RHEINSBERG LUHME;16837;1
RHEINSBERG FLECKEN ZECHLIN;16837;1
RHEINSBERG DORF ZECHLIN;16837;1
TEMNITZTAL GARZ;16845;1
NEUSTADT (DOSSE);16845;1
SIEVERSDORF-HOHENOFEN;16845;1
STÜDENITZ-SCHÖNERMARK;16845;1
KYRITZ HOLZHAUSEN;16845;1
ZERNITZ-LOHM;16845;1
FEHRBELLIN MANKER;16845;1
TEMNITZTAL WILDBERG;16845;1
TEMNITZTAL;16845;1
BREDDIN;16845;1
GROSSDERSCHAU;16845;1
DANNENWALDE;16866;1
GÖRIKE;16866;1
DÖLLEN;16866;1
WUTIKE;16866;1
VEHLIN;16866;1
SCHREPKOW;16866;1
VEHLOW;16866;1
KUNOW;16866;1
KYRITZ KÖTZLIN;16866;1
BORK-LELLICHOW;16866;1
REHFELD-BERLITT;16866;1
GROSS WELLE;16866;1
BARENTHIN;16866;1
TEETZ-GANZ;16866;1
KOLREP;16866;1
GUMTOW;16866;1
KYRITZ;16866;1
DEMERTHIN;16866;1
GRANZOW;16866;1
KYRITZ DREWEN;16866;1
WUSTERHAUSEN (DOSSE);16868;1
WITTSTOCK/DOSSE DRANSE;16909;1
WITTSTOCK/DOSSE WULFERSDORF;16909;1
WITTSTOCK/DOSSE;16909;1
WITTSTOCK/DOSSE HERZSPRUNG;16909;1
WITTSTOCK/DOSSE ZOOTZEN;16909;1
WITTSTOCK/DOSSE GOLDBECK;16909;1
WITTSTOCK/DOSSE GADOW;16909;1
WITTSTOCK/DOSSE FRETZDORF;16909;1
WITTSTOCK/DOSSE NIEMERLANG;16909;1
WITTSTOCK/DOSSE CHRISTDORF;16909;1
HEILIGENGRABE GRABOW BEI BLUMENTHAL;16909;1
WITTSTOCK/DOSSE GROSS HASSLOW;16909;1
WITTSTOCK/DOSSE DOSSOW;16909;1
WITTSTOCK/DOSSE SEWEKOW;16909;1
WITTSTOCK/DOSSE KÖNIGSBERG;16909;1
WITTSTOCK/DOSSE ROSSOW;16909;1
WITTSTOCK/DOSSE SCHWEINRICH;16909;1
HEILIGENGRABE BLESENDORF;16909;1
WITTSTOCK/DOSSE BERLINCHEN;16909;1
HEILIGENGRABE PAPENBRUCH;16909;1
HEILIGENGRABE LIEBENTHAL;16909;1
HEILIGENGRABE ZAATZKE;16909;1
HEILIGENGRABE JABEL;16909;1
HEILIGENGRABE WERNIKOW;16909;1
HEILIGENGRABE MAULBEERWALDE;16909;1
HEILIGENGRABE;16909;1
HEILIGENGRABE BLANDIKOW;16909;1
WITTSTOCK/DOSSE FREYENSTEIN;16918;1
HEILIGENGRABE BLUMENTHAL;16928;1
TÜCHEN;16928;1
MESENDORF;16928;1
BODDIN-LANGNOW;16928;1
SADENBECK;16928;1
HEILIGENGRABE ROSENWINKEL;16928;1
GROSS PANKOW;16928;1
KLEIN WOLTERSDORF;16928;1
KUHSDORF;16928;1
BEVERINGEN;16928;1
PRITZWALK;16928;1
GROSS WOLTERSDORF;16928;1
GERDSHAGEN;16928;1
VETTIN;16928;1
SCHÖNEBECK;16928;1
HELLE;16928;1
KEHRBERG;16928;1
KUHBIER;16928;1
MEYENBURG;16945;1
HALENBECK-ROHLSDORF;16945;1
MARIENFLIESS;16945;1
KÜMMERNITZTAL;16945;1
PUTLITZ;16949;1
TRIGLITZ;16949;1
TEMPLIN;17268;1
STORKOW;17268;1
GERSWALDE;17268;1
VIETMANNSDORF;17268;1
MILMERSDORF;17268;1
BEUTEL;17268;1
KLOSTERWALDE;17268;1
RÖDDELIN;17268;1
GANDENITZ;17268;1
GRUNEWALD;17268;1
HAMMELSPRING;17268;1
GROSS DÖLLN;17268;1
BOITZENBURGER LAND;17268;1
FLIETH-STEGELITZ;17268;1
TEMMEN-RINGENWALDE;17268;1
DENSOW;17268;1
PETZNICK;17268;1
GOLLIN;17268;1
LYCHEN;17279;1
GRAMZOW;17291;1
GÖRITZ;17291;1
NORDWESTUCKERMARK;17291;1
PRENZLAU;17291;1
CARMZOW-WALLMOW;17291;1
UCKERFELDE;17291;1
OBERUCKERSEE;17291;1
RANDOWTAL;17291;1
BRÜSSOW;17326;1
UCKERLAND;17337;1
WOOTZ;19309;1
BESANDTEN;19309;1
ELDENBURG;19309;1
LANZ;19309;1
MELLEN;19309;1
LENZEN (ELBE);19309;1
RÜHSTÄDT;19322;1
BREESE;19322;1
GROSS BREESE;19322;1
WEISEN;19322;1
WITTENBERGE;19322;1
CUMLOSEN;19322;1
LEGDE/QUITZÖBEL;19336;1
BAD WILSNACK;19336;1
KLETZKE;19336;1
VIESECKE;19336;1
GLÖWEN;19339;1
NETZOW;19339;1
BENDELIN;19339;1
WOLFSHAGEN;19348;1
PERLEBERG;19348;1
BAEK;19348;1
PIROW;19348;1
RETZIN;19348;1
KLEINOW;19348;1
NEBELIN;19348;1
GÜLITZ-REETZ;19348;1
KRAMPFER;19348;1
KLEIN GOTTSCHOW;19348;1
MANKMUSS;19357;1
BOBEROW;19357;1
PRÖTTLIN;19357;1
GARLIN;19357;1
REINICKENDORF;13047;1
STUTTGART FRAUENKOPF;70184;1
STUTTGART BOTNANG;70195;1
STUTTGART WANGEN;70327;1
STUTTGART UNTERTÜRKHEIM;70327;1
STUTTGART HEDELFINGEN;70327;1
STUTTGART LUGINSLAND;70327;1
STUTTGART ROTENBERG;70327;1
STUTTGART UHLBACH;70329;1
STUTTGART OBERTÜRKHEIM;70329;1
STUTTGART ROHRACKER;70329;1
STUTTGART SOMMERRAIN;70374;1
STUTTGART BURGHOLZHOF;70376;1
STUTTGART MÜNSTER;70376;1
STUTTGART MÖNCHFELD;70437;1
STUTTGART ROT;70437;1
STUTTGART FREIBERG;70437;1
STUTTGART ZAZENHAUSEN;70437;1
STUTTGART NEUWIRTSHAUS;70439;1
STUTTGART STAMMHEIM;70439;1
STUTTGART WOLFBUSCH;70499;1
STUTTGART HAUSEN;70499;1
STUTTGART GIEBEL;70499;1
STUTTGART WEILIMDORF;70499;1
STUTTGART BERGHEIM;70499;1
STUTTGART DÜRRLEWANG;70565;1
STUTTGART FASANENHOF;70565;1
STUTTGART ROHR;70565;1
STUTTGART BÜSNAU;70569;1
STUTTGART HOFFELD;70597;1
STUTTGART SONNENBERG;70597;1
STUTTGART STECKFELD;70599;1
STUTTGART HOHENHEIM;70599;1
STUTTGART PLIENINGEN;70599;1
STUTTGART ASEMWALD;70599;1
STUTTGART SCHÖNBERG;70599;1
STUTTGART BIRKACH;70599;1
STUTTGART LEDERBERG;70619;1
STUTTGART SILLENBUCH;70619;1
STUTTGART RIEDENBERG;70619;1
STUTTGART HEUMADEN;70619;1
STUTTGART FLUGHAFEN;70629;1
LEINFELDEN-ECHTERDINGEN;70771;1
FILDERSTADT;70794;1
KORNWESTHEIM;70806;1
KORNTAL-MÜNCHINGEN;70825;1
GERLINGEN;70839;1
HERRENBERG;71083;1
HOLZGERLINGEN;71088;1
WEIL IM SCHÖNBUCH;71093;1
SCHÖNAICH;71101;1
MAGSTADT;71106;1
WALDENBUCH;71111;1
GÄRTRINGEN;71116;1
GÄUFELDEN;71126;1
JETTINGEN;71131;1
AIDLINGEN;71134;1
EHNINGEN;71139;1
STEINENBRONN;71144;1
BONDORF;71149;1
NUFRINGEN;71154;1
HILDRIZHAUSEN;71157;1
MÖTZINGEN;71159;1
DITZINGEN;71254;1
WEIL DER STADT;71263;1
RENNINGEN;71272;1
RUTESHEIM;71277;1
WEISSACH;71287;1
WINNENDEN;71364;1
WEINSTADT;71384;1
KERNEN IM REMSTAL;71394;1
KORB;71404;1
SCHWAIKHEIM;71409;1
BACKNANG;71522;1
MURRHARDT;71540;1
WÜSTENROT;71543;1
AUENWALD;71549;1
WEISSACH IM TAL;71554;1
SULZBACH AN DER MURR;71560;1
AFFALTERBACH;71563;1
ALTHÜTTE;71566;1
OPPENWEILER;71570;1
ALLMERSBACH IM TAL;71573;1
BURGSTETTEN;71576;1
GROSSERLACH;71577;1
SPIEGELBERG;71579;1
VAIHINGEN AN DER ENZ;71665;1
MARBACH AM NECKAR;71672;1
ASPERG;71679;1
REMSECK AM NECKAR;71686;1
FREIBERG AM NECKAR;71691;1
MÖGLINGEN;71696;1
SCHWIEBERDINGEN;71701;1
MARKGRÖNINGEN;71706;1
MURR;71711;1
STEINHEIM AN DER MURR;71711;1
BILLENSBACH;71718;1
OBERSTENFELD;71720;1
GROSSBOTTWAR;71723;1
BENNINGEN AM NECKAR;71726;1
ERDMANNHAUSEN;71729;1
TAMM;71732;1
EBERDINGEN;71735;1
KIRCHBERG AN DER MURR;71737;1
OBERRIEXINGEN;71739;1
NÜRTINGEN;72622;1
AICHTAL;72631;1
FRICKENHAUSEN;72636;1
NEUFFEN;72639;1
OBERBOIHINGEN;72644;1
WOLFSCHLUGEN;72649;1
NECKARTENZLINGEN;72654;1
ALTENRIET;72657;1
BEMPFLINGEN;72658;1
GROSSBETTLINGEN;72663;1
NECKARTAILFINGEN;72666;1
SCHLAITDORF;72667;1
UNTERENSINGEN;72669;1
EISLINGEN/FILS;73054;1
EBERSBACH AN DER FILS;73061;1
UHINGEN;73066;1
DONZDORF;73072;1
SÜSSEN;73079;1
SALACH;73084;1
BOLL;73087;1
ALBERSHAUSEN;73095;1
RECHBERGHAUSEN;73098;1
ADELBERG;73099;1
AICHELBERG;73101;1
BIRENBACH;73102;1
BÖRTLINGEN;73104;1
ESCHENBACH;73107;1
GAMMELSHAUSEN;73108;1
LAUTERSTEIN;73111;1
OTTENBACH;73113;1
SCHLAT;73114;1
WÄSCHENBEUREN;73116;1
ZELL UNTER AICHELBERG;73119;1
PLOCHINGEN;73207;1
KIRCHHEIM UNTER TECK;73230;1
WEILHEIM AN DER TECK;73235;1
WENDLINGEN AM NECKAR;73240;1
WERNAU;73249;1
LENNINGEN;73252;1
KÖNGEN;73257;1
REICHENBACH AN DER FILS;73262;1
DETTINGEN UNTER TECK;73265;1
BISSINGEN AN DER TECK;73266;1
ERKENBRECHTSWEILER;73268;1
HOLZMADEN;73271;1
NEIDLINGEN;73272;1
NOTZINGEN;73274;1
OHMDEN;73275;1
OWEN;73277;1
SCHLIERBACH;73278;1
GEISLINGEN AN DER STEIGE;73312;1
GEISLINGEN AN DER STEIGE AUFHAUSEN;73312;1
GEISLINGEN AN DER STEIGE TÜRKHEIM;73312;1
DEGGINGEN;73326;1
KUCHEN;73329;1
GINGEN AN DER FILS;73333;1
BAD ÜBERKINGEN;73337;1
BAD DITZENBACH;73342;1
GRUIBINGEN;73344;1
HOHENSTADT;73345;1
DRACKENSTEIN;73345;1
MÜHLHAUSEN IM TÄLE;73347;1
WIESENSTEIG;73349;1
BOPFINGEN;73441;1
OBERKOCHEN;73447;1
NERESHEIM;73450;1
ABTSGMÜND;73453;1
HÜTTLINGEN;73460;1
LAUCHHEIM;73466;1
KIRCHHEIM AM RIES;73467;1
RIESBÜRG;73469;1
ELLWANGEN (JAGST);73479;1
UNTERSCHNEIDHEIM;73485;1
ADELMANNSFELDEN;73486;1
JAGSTZELL;73489;1
NEULER;73491;1
RAINAU;73492;1
STÖDTLEN;73495;1
TANNHAUSEN;73497;1
WÖRT;73499;1
TÄFERROT;73527;1
HEUBACH;73540;1
ALFDORF;73553;1
MUTLANGEN;73557;1
BÖBINGEN AN DER REMS;73560;1
MÖGGLINGEN;73563;1
SPRAITBACH;73565;1
BARTHOLOMÄ;73566;1
DURLANGEN;73568;1
OBERGRÖNINGEN;73569;1
ESCHACH;73569;1
GÖGGINGEN;73571;1
HEUCHLINGEN;73572;1
IGGINGEN;73574;1
LEINZELL;73575;1
SCHECHINGEN;73579;1
REMSHALDEN;73630;1
RUDERSBERG;73635;1
WELZHEIM;73642;1
PLÜDERHAUSEN;73655;1
BERGLEN;73663;1
BALTMANNSWEILER;73666;1
KAISERSBACH;73667;1
LICHTENWALD;73669;1
OSTFILDERN;73760;1
NEUHAUSEN AUF DEN FILDERN;73765;1
AICHWALD;73773;1
ALTBACH;73776;1
DEIZISAU;73779;1
NECKARSULM;74172;1
BAD FRIEDRICHSHALL;74177;1
OBERSULM;74182;1
WEINSBERG;74189;1
SCHWAIGERN;74193;1
NEUENSTADT AM KOCHER;74196;1
UNTERGRUPPENBACH;74199;1
BAD WIMPFEN;74206;1
LEINGARTEN;74211;1
SCHÖNTAL;74214;1
MÖCKMÜHL;74219;1
FLEIN;74223;1
OEDHEIM;74229;1
ABSTATT;74232;1
HARDTHAUSEN AM KOCHER;74239;1
LANGENBRETTACH;74243;1
LÖWENSTEIN;74245;1
EBERSTADT;74246;1
ELLHOFEN;74248;1
JAGSTHAUSEN;74249;1
LEHRENSTEINSFELD;74251;1
MASSENBACHHAUSEN;74252;1
OFFENAU;74254;1
ROIGHEIM;74255;1
UNTEREISESHEIM;74257;1
WIDDERN;74259;1
BIETIGHEIM-BISSINGEN;74321;1
BRACKENHEIM;74336;1
BOTENHEIM;74337;1
SACHSENHEIM;74343;1
LAUFFEN AM NECKAR;74348;1
BESIGHEIM;74354;1
BÖNNIGHEIM;74357;1
ILSFELD;74360;1
GÜGLINGEN;74363;1
KIRCHHEIM AM NECKAR;74366;1
LÖCHGAU;74369;1
SERSHEIM;74372;1
ZABERFELD;74374;1
GEMMRIGHEIM;74376;1
INGERSHEIM;74379;1
NECKARWESTHEIM;74382;1
PLEIDELSHEIM;74385;1
CLEEBRONN;74389;1
ERLIGHEIM;74391;1
FREUDENTAL;74392;1
HESSIGHEIM;74394;1
MUNDELSHEIM;74395;1
PFAFFENHOFEN;74397;1
WALHEIM;74399;1
GAILDORF;74405;1
GSCHWEND;74417;1
OBERROT;74420;1
OBERSONTHEIM;74423;1
BÜHLERTANN;74424;1
BÜHLERZELL;74426;1
FICHTENBERG;74427;1
SULZBACH-LAUFEN;74429;1
SCHWÄBISCH HALL;74523;1
ILSHOFEN;74532;1
MAINHARDT;74535;1
VELLBERG;74541;1
BRAUNSBACH;74542;1
MICHELBACH AN DER BILZ;74544;1
MICHELFELD;74545;1
UNTERMÜNKHEIM;74547;1
WOLPERTSHAUSEN;74549;1
CRAILSHEIM;74564;1
BLAUFELDEN;74572;1
SCHROZBERG;74575;1
FICHTENAU;74579;1
GERABRONN;74582;1
ROT AM SEE;74585;1
FRANKENHARDT;74586;1
SATTELDORF;74589;1
KIRCHBERG AN DER JAGST;74592;1
KRESSBERG;74594;1
LANGENBURG;74595;1
STIMPFACH;74597;1
ÖHRINGEN;74613;1
BRETZFELD;74626;1
PFEDELBACH;74629;1
KUPFERZELL;74635;1
ZWEIFLINGEN;74639;1
KÜNZELSAU;74653;1
INGELFINGEN;74653;1
FORCHTENBERG;74670;1
MULFINGEN;74673;1
NIEDERNHALL;74676;1
DÖRZBACH;74677;1
BACHENAU;74832;1
NEUDENAU;74861;1
BAD RAPPENAU;74906;1
KIRCHARDT;74912;1
ITTLINGEN;74930;1
SIEGELSBACH;74936;1
EPPINGEN;75031;1
GEMMINGEN;75050;1
DECKENPFRONN;75392;1
NIEDERSTOTZINGEN;89168;1
GIENGEN AN DER BRENZ;89537;1
HERBRECHTINGEN;89542;1
GERSTETTEN;89547;1
KÖNIGSBRONN;89551;1
STEINHEIM AM ALBUCH;89555;1
BÖHMENKIRCH;89558;1
DISCHINGEN;89561;1
NATTHEIM;89564;1
SONTHEIM AN DER BRENZ;89567;1
HERMARINGEN;89568;1
KÜLSHEIM;97900;1
LAUDA-KÖNIGSHOFEN;97922;1
TAUBERBISCHOFSHEIM;97941;1
GRÜNSFELD;97947;1
GROSSRINDERFELD;97950;1
KÖNIGHEIM;97953;1
WERBACH;97956;1
WITTIGHAUSEN;97957;1
ASSAMSTADT;97959;1
BAD MERGENTHEIM;97980;1
WEIKERSHEIM;97990;1
CREGLINGEN;97993;1
NIEDERSTETTEN;97996;1
IGERSHEIM;97999;1
LADENBURG;68526;1
EDINGEN-NECKARHAUSEN;68535;1
HEDDESHEIM;68542;1
ILVESHEIM;68549;1
OFTERSHEIM;68723;1
SCHWETZINGEN;68723;1
PLANKSTADT;68723;1
WAGHÄUSEL;68753;1
HOCKENHEIM;68766;1
KETSCH;68775;1
SANKT LEON-ROT;68789;1
OBERHAUSEN-RHEINHAUSEN;68794;1
REILINGEN;68799;1
ALTLUSSHEIM;68804;1
NEULUSSHEIM;68809;1
NECKARGEMÜND;69151;1
WIESLOCH;69168;1
SCHRIESHEIM;69198;1
SANDHAUSEN;69207;1
EPPELHEIM;69214;1
DOSSENHEIM;69221;1
NUSSLOCH;69226;1
RAUENBERG;69231;1
DIELHEIM;69234;1
BAMMENTAL;69245;1
GAIBERG;69251;1
HEILIGKREUZSTEINACH;69253;1
MAUER;69256;1
WILHELMSFELD;69259;1
EBERBACH;69412;1
MUDAU;69427;1
HEDDESBACH;69434;1
NECKARGERACH;69437;1
WEINHEIM;69469;1
HIRSCHBERG AN DER BERGSTRASSE;69493;1
HEMSBACH;69502;1
FRIOLZHEIM;71292;1
HEIMSHEIM;71296;1
MÖNSHEIM;71297;1
WIMSHEIM;71299;1
HORB AM NECKAR;72160;1
WALDACHTAL;72178;1
EUTINGEN IM GÄU;72184;1
EMPFINGEN;72186;1
NAGOLD;72202;1
ALTENSTEIG;72213;1
HAITERBACH;72221;1
EBHAUSEN;72224;1
SIMMERSFELD;72226;1
EGENHAUSEN;72227;1
FREUDENSTADT;72250;1
BAIERSBRONN;72270;1
ALPIRSBACH;72275;1
DORNSTETTEN;72280;1
PFALZGRAFENWEILER;72285;1
LOSSBURG;72290;1
BETZWEILER-WÄLDE;72291;1
GLATTEN;72293;1
GRÖMBACH;72294;1
SEEWALD;72297;1
WÖRNERSBERG;72299;1
OSTERBURKEN;74706;1
BUCHEN (ODENWALD);74722;1
WALLDÜRN;74731;1
HARDHEIM;74736;1
ADELSHEIM;74740;1
SECKACH;74743;1
HÖPFINGEN;74746;1
RAVENSTEIN;74747;1
MOSBACH;74821;1
ELZTAL;74834;1
BILLIGHEIM;74842;1
SCHEFFLENZ;74850;1
HASSMERSHEIM;74855;1
AGLASTERHAUSEN;74858;1
BINAU;74862;1
FAHRENBACH;74864;1
NECKARZIMMERN;74865;1
SINSHEIM;74889;1
MECKESHEIM;74909;1
WAIBSTADT;74915;1
ANGELBACHTAL;74918;1
HELMSTADT-BARGEN;74921;1
NECKARBISCHOFSHEIM;74924;1
EPFENBACH;74925;1
ESCHELBRONN;74927;1
HÜFFENHARDT;74928;1
LOBBACH;74931;1
NEIDENSTEIN;74933;1
REICHARTSHAUSEN;74934;1
SPECHBACH;74937;1
ZUZENHAUSEN;74939;1
BRETTEN;75015;1
OBERDERDINGEN;75038;1
WALZBACHTAL;75045;1
GONDELSHEIM;75053;1
KÜRNBACH;75057;1
ZAISENHAUSEN;75059;1
REMCHINGEN;75196;1
KÖNIGSBACH-STEIN;75203;1
KELTERN;75210;1
NIEFERN-ÖSCHELBRONN;75223;1
ISPRINGEN;75228;1
TIEFENBRONN;75233;1
KÄMPFELBACH;75236;1
ÖLBRONN-DÜRRN;75248;1
KIESELBRONN;75249;1
NEUENBÜRG;75305;1
BAD WILDBAD IM SCHWARZWALD;75323;1
ENGELSBRAND;75331;1
STRAUBENHARDT;75334;1
DOBEL;75335;1
ENZKLÖSTERLE;75337;1
HÖFEN AN DER ENZ;75339;1
CALW;75365;1
BAD LIEBENZELL;75378;1
ALTHENGSTETT;75382;1
BAD TEINACH-ZAVELSTEIN;75385;1
NEUBULACH;75387;1
NEUWEILER;75389;1
GECHINGEN;75391;1
OSTELSHEIM;75395;1
SIMMOZHEIM;75397;1
UNTERREICHENBACH;75399;1
MÜHLACKER;75417;1
MAULBRONN;75433;1
KNITTLINGEN;75438;1
ÖTISHEIM;75443;1
WIERNSHEIM;75446;1
STERNENFELS;75447;1
WURMBERG;75449;1
ETTLINGEN;76275;1
RHEINSTETTEN;76287;1
STUTENSEE;76297;1
KARLSBAD;76307;1
PFINZTAL;76327;1
BAD HERRENALB;76332;1
WALDBRONN;76337;1
EGGENSTEIN-LEOPOLDSHAFEN;76344;1
LINKENHEIM-HOCHSTETTEN;76351;1
MARXZELL;76359;1
RASTATT;76437;1
DURMERSHEIM;76448;1
KUPPENHEIM;76456;1
MUGGENSTURM;76461;1
BIETIGHEIM;76467;1
ÖTIGHEIM;76470;1
IFFEZHEIM;76473;1
AU AM RHEIN;76474;1
BISCHWEIER;76476;1
ELCHESHEIM-ILLINGEN;76477;1
STEINMAUERN;76479;1
SINZHEIM;76547;1
HÜGELSHEIM;76549;1
GAGGENAU;76571;1
GERNSBACH;76593;1
FORBACH;76596;1
LOFFENAU;76597;1
WEISENBACH;76599;1
BRUCHSAL;76646;1
PHILIPPSBURG;76661;1
BAD SCHÖNBORN;76669;1
GRABEN-NEUDORF;76676;1
ÖSTRINGEN;76684;1
KARLSDORF-NEUTHARD;76689;1
UBSTADT-WEIHER;76698;1
KRAICHTAL;76703;1
DETTENHEIM;76706;1
HAMBRÜCKEN;76707;1
KRONAU;76709;1
BAD RIPPOLDSAU-SCHAPBACH;77776;1
BÜHL;77815;1
BÜHLERTAL;77830;1
OTTERSWEIER;77833;1
RHEINMÜNSTER;77836;1
SULZ AM NECKAR;72172;1
DORNHAN;72175;1
KEHL;77694;1
OBERKIRCH;77704;1
WOLFACH;77709;1
OBERWOLFACH;77709;1
HASLACH IM KINZIGTAL;77716;1
FISCHERBACH;77716;1
GENGENBACH;77723;1
OPPENAU;77728;1
WILLSTÄTT;77731;1
ZELL AM HARMERSBACH;77736;1
BAD PETERSTAL-GRIESBACH;77740;1
SCHUTTERWALD;77746;1
HOHBERG;77749;1
HAUSACH;77756;1
SCHILTACH;77761;1
APPENWEIER;77767;1
DURBACH;77770;1
SCHENKENZELL;77773;1
BIBERACH;77781;1
OBERHARMERSBACH;77784;1
NORDRACH;77787;1
BERGHAUPTEN;77791;1
GUTACH (SCHWARZWALDBAHN);77793;1
LAUTENBACH;77794;1
MÜHLENBACH;77796;1
OHLSBACH;77797;1
ACHERN;77855;1
RHEINAU;77866;1
RENCHEN;77871;1
KAPPELRODECK;77876;1
SASBACH;77880;1
OTTENHÖFEN IM SCHWARZWALD;77883;1
LAUF;77886;1
SASBACHWALDEN;77887;1
LAHR/SCHWARZWALD;77933;1
ETTENHEIM;77955;1
SCHWANAU;77963;1
KAPPEL-GRAFENHAUSEN;77966;1
KIPPENHEIM;77971;1
MAHLBERG;77972;1
MEISSENHEIM;77974;1
RINGSHEIM;77975;1
RUST;77977;1
SCHUTTERTAL;77978;1
BAD DÜRRHEIM;78073;1
NIEDERESCHACH;78078;1
DAUCHINGEN;78083;1
BRIGACHTAL;78086;1
MÖNCHWEILER;78087;1
UNTERKIRNACH;78089;1
TRIBERG;78098;1
SANKT GEORGEN IM SCHWARZWALD;78112;1
FURTWANGEN IM SCHWARZWALD;78120;1
KÖNIGSFELD IM SCHWARZWALD;78126;1
HORNBERG;78132;1
SCHONACH IM SCHWARZWALD;78136;1
SCHÖNWALD IM SCHWARZWALD;78141;1
TENNENBRONN;78144;1
VÖHRENBACH;78147;1
GÜTENBACH;78148;1
DONAUESCHINGEN;78166;1
HÜFINGEN;78183;1
GEISINGEN;78187;1
IMMENDINGEN;78194;1
BRÄUNLINGEN;78199;1
SINGEN;78224;1
ENGEN;78234;1
RIELASINGEN-WORBLINGEN;78239;1
GOTTMADINGEN;78244;1
HILZINGEN;78247;1
TENGEN;78250;1
EIGELTINGEN;78253;1
STEISSLINGEN;78256;1
MÜHLHAUSEN-EHINGEN;78259;1
GAILINGEN AM HOCHRHEIN;78262;1
BÜSINGEN AM HOCHRHEIN;78266;1
VOLKERTSHAUSEN;78269;1
RADOLFZELL AM BODENSEE;78315;1
STOCKACH;78333;1
ÖHNINGEN;78337;1
GAIENHOFEN;78343;1
BODMAN-LUDWIGSHAFEN;78351;1
MÜHLINGEN;78357;1
ORSINGEN-NENZINGEN;78359;1
ALLENSBACH;78476;1
REICHENAU;78479;1
TUTTLINGEN;78532;1
SPAICHINGEN;78549;1
ALDINGEN;78554;1
GOSHEIM;78559;1
WEHINGEN;78564;1
REICHENBACH AM HEUBERG;78564;1
FRIDINGEN AN DER DONAU;78567;1
MÜHLHEIM AN DER DONAU;78570;1
WURMLINGEN;78573;1
EMMINGEN-LIPTINGEN;78576;1
NEUHAUSEN OB ECK;78579;1
BÄRENTHAL;78580;1
BALGHEIM;78582;1
BÖTTINGEN;78583;1
BUBSHEIM;78585;1
DEILINGEN;78586;1
DENKINGEN;78588;1
DÜRBHEIM;78589;1
DURCHHAUSEN;78591;1
EGESHEIM;78592;1
GUNNINGEN;78594;1
HAUSEN OB VERENA;78595;1
IRNDORF;78597;1
KÖNIGSHEIM;78598;1
KOLBINGEN;78600;1
MAHLSTETTEN;78601;1
RENQUISHAUSEN;78603;1
RIETHEIM-WEILHEIM;78604;1
SEITINGEN-OBERFLACHT;78606;1
TUNINGEN;78609;1
ROTTWEIL;78628;1
TROSSINGEN;78647;1
DEISSLINGEN;78652;1
DUNNINGEN;78655;1
ZIMMERN OB ROTTWEIL;78658;1
DIETINGEN;78661;1
BÖSINGEN;78662;1
ESCHBRONN;78664;1
FRITTLINGEN;78665;1
VILLINGENDORF;78667;1
WELLENDINGEN;78669;1
SCHRAMBERG;78713;1
OBERNDORF AM NECKAR;78727;1
AICHHALDEN;78733;1
EPFENDORF;78736;1
FLUORN-WINZELN;78737;1
WALDKIRCH;79183;1
BAD KROZINGEN;79189;1
GUNDELFINGEN;79194;1
HEUWEILER;79194;1
KIRCHZARTEN;79199;1
BREISACH AM RHEIN;79206;1
DENZLINGEN;79211;1
ELZACH;79215;1
BIEDERBACH;79215;1
STAUFEN IM BREISGAU;79219;1
UMKIRCH;79224;1
SCHALLSTADT;79227;1
MARCH;79232;1
VOGTSBURG IM KAISERSTUHL;79235;1
EHRENKIRCHEN;79238;1
IHRINGEN;79241;1
MÜNSTERTAL;79244;1
MERZHAUSEN;79249;1
STEGEN;79252;1
OBERRIED;79254;1
BUCHENBACH;79256;1
HARTHEIM;79258;1
GUTACH IM BREISGAU;79261;1
SIMONSWALD;79263;1
BÖTZINGEN;79268;1
SANKT PETER;79271;1
SANKT MÄRGEN;79274;1
REUTE;79276;1
VÖRSTETTEN;79279;1
AU;79280;1
BALLRECHTEN-DOTTINGEN;79282;1
BOLLSCHWEIL;79283;1
EBRINGEN;79285;1
GLOTTERTAL;79286;1
GOTTENHEIM;79288;1
HORBEN;79289;1
MERDINGEN;79291;1
PFAFFENWEILER;79292;1
SÖLDEN;79294;1
SULZBURG;79295;1
WINDEN IM ELZTAL;79297;1
WITTNAU;79299;1
EMMENDINGEN;79312;1
TENINGEN;79331;1
HERBOLZHEIM;79336;1
KENZINGEN;79341;1
ENDINGEN AM KAISERSTUHL;79346;1
FREIAMT;79348;1
SEXAU;79350;1
BAHLINGEN AM KAISERSTUHL;79353;1
EICHSTETTEN AM KAISERSTUHL;79356;1
RIEGEL AM KAISERSTUHL;79359;1
SASBACH AM KAISERSTUHL;79361;1
MALTERDINGEN;79364;1
RHEINHAUSEN;79365;1
WEISWEIL;79367;1
WYHL AM KAISERSTUHL;79369;1
MÜLLHEIM;79379;1
NEUENBURG AM RHEIN;79395;1
KANDERN;79400;1
BADENWEILER;79410;1
BAD BELLINGEN;79415;1
SCHLIENGEN;79418;1
HEITERSHEIM;79423;1
AUGGEN;79424;1
BUGGINGEN;79426;1
MALSBURG-MARZELL;79429;1
RÖTTLERWEILER;79513;1
WEIL AM RHEIN;79576;1
EFRINGEN-KIRCHEN;79588;1
BINZEN;79589;1
EIMELDINGEN;79591;1
FISCHINGEN;79592;1
INZLINGEN;79594;1
RÜMMINGEN;79595;1
SCHALLBACH;79597;1
WITTLINGEN;79599;1
RHEINFELDEN;79618;1
GRENZACH-WYHLEN;79639;1
SCHOPFHEIM;79650;1
ZELL IM WIESENTAL;79669;1
TODTNAU;79674;1
SCHÖNAU IM SCHWARZWALD;79677;1
FRÖHND;79677;1
WEMBACH;79677;1
BÖLLEN;79677;1
AITERN;79677;1
TUNAU;79677;1
SCHÖNENBERG;79677;1
TODTMOOS;79682;1
BÜRCHAU;79683;1
HÄG-EHRSBERG;79685;1
HASEL;79686;1
HAUSEN IM WIESENTAL;79688;1
MAULBURG;79689;1
NEUENWEG;79691;1
ELBENSCHWAND;79692;1
TEGERNAU;79692;1
RAICH;79692;1
SALLNECK;79692;1
UTZENFELD;79694;1
WIEDEN;79695;1
WIES;79697;1
WIESLET;79699;1
BAD SÄCKINGEN;79713;1
LAUFENBURG;79725;1
MURG;79730;1
GÖRWIHL;79733;1
RICKENBACH;79736;1
HERRISCHRIED;79737;1
SCHWÖRSTADT;79739;1
WALDSHUT-TIENGEN;79761;1
KLETTGAU;79771;1
ALBBRUCK;79774;1
ÜHLINGEN-BIRKENDORF;79777;1
STÜHLINGEN;79780;1
LAUCHRINGEN;79787;1
KÜSSABERG;79790;1
WUTÖSCHINGEN;79793;1
JESTETTEN;79798;1
HOHENTENGEN AM HOCHRHEIN;79801;1
DETTIGHOFEN;79802;1
DOGERN;79804;1
EGGINGEN;79805;1
LOTTSTETTEN;79807;1
WEILHEIM;79809;1
TITISEE-NEUSTADT;79822;1
HÄUSERN;79837;1
IBACH;79837;1
SANKT BLASIEN;79837;1
LÖFFINGEN;79843;1
BONNDORF IM SCHWARZWALD;79848;1
LENZKIRCH;79853;1
HINTERZARTEN;79856;1
SCHLUCHSEE;79859;1
HÖCHENSCHWAND;79862;1
GRAFENHAUSEN;79865;1
FELDBERG;79868;1
EISENBACH (HOCHSCHWARZWALD);79871;1
BREITNAU;79874;1
DACHSBERG;79875;1
FRIEDENWEILER;79877;1
WUTACH;79879;1
BUCHHEIM;88637;1
ROTTENBURG AM NECKAR;72108;1
MÖSSINGEN;72116;1
AMMERBUCH;72119;1
PLIEZHAUSEN;72124;1
KUSTERDINGEN;72127;1
OFTERDINGEN;72131;1
DETTENHAUSEN;72135;1
KIRCHENTELLINSFURT;72138;1
WALDDORFHÄSLACH;72141;1
DUSSLINGEN;72144;1
HIRRLINGEN;72145;1
NEUSTETTEN;72149;1
STARZACH;72181;1
BALINGEN;72336;1
ROSENFELD;72348;1
GEISLINGEN;72351;1
DAUTMERGEN;72356;1
DORMETTINGEN;72358;1
DOTTERNHAUSEN;72359;1
HAUSEN AM TANN;72361;1
NUSPLINGEN;72362;1
OBERNHEIM;72364;1
RATSHAUSEN;72365;1
WEILEN UNTER DEN RINNEN;72367;1
ZIMMERN UNTER DER BURG;72369;1
HECHINGEN;72379;1
BURLADINGEN;72393;1
HAIGERLOCH;72401;1
BISINGEN;72406;1
BODELSHAUSEN;72411;1
RANGENDINGEN;72414;1
GROSSELFINGEN;72415;1
JUNGINGEN;72417;1
NEUFRA;72419;1
MESSSTETTEN;72469;1
WINTERLINGEN;72474;1
BITZ;72475;1
SIGMARINGEN;72488;1
GAMMERTINGEN;72501;1
KRAUCHENWIES;72505;1
STETTEN AM KALTEN MARKT;72510;1
BINGEN;72511;1
HETTINGEN;72513;1
INZIGKOFEN;72514;1
SCHEER;72516;1
SIGMARINGENDORF;72517;1
VERINGENSTADT;72519;1
MÜNSINGEN;72525;1
HOHENSTEIN MEIDELSTETTEN;72531;1
HOHENSTEIN BERNLOCH;72531;1
HOHENSTEIN OBERSTETTEN;72531;1
HOHENSTEIN ÖDENWALDSTETTEN;72531;1
HOHENSTEIN EGLINGEN;72531;1
GOMADINGEN;72532;1
HAYINGEN;72534;1
HEROLDSTATT SONTHEIM;72535;1
HEROLDSTATT;72535;1
HEROLDSTATT ENNABEUREN;72535;1
MEHRSTETTEN;72537;1
PFRONSTETTEN;72539;1
METZINGEN;72555;1
BAD URACH;72574;1
DETTINGEN AN DER ERMS;72581;1
GRABENSTETTEN;72582;1
HÜLBEN;72584;1
RIEDERICH;72585;1
RÖMERSTEIN DONNSTETTEN;72587;1
RÖMERSTEIN ZAININGEN;72587;1
RÖMERSTEIN;72587;1
GRAFENBERG;72661;1
PFULLINGEN;72793;1
ENINGEN UNTER ACHALM;72800;1
LICHTENSTEIN;72805;1
GOMARINGEN;72810;1
TROCHTELFINGEN;72818;1
SONNENBÜHL;72820;1
WANNWEIL;72827;1
ENGSTINGEN;72829;1
ENGSTINGEN KOHLSTETTEN;72829;1
ENGSTINGEN KLEINENGSTINGEN;72829;1
ENGSTINGEN GROSSENGSTINGEN;72829;1
AMSTETTEN;73340;1
SIPPLINGEN;78354;1
TETTNANG;88069;1
MECKENBEUREN;88074;1
KRESSBRONN AM BODENSEE;88079;1
LANGENARGEN;88085;1
OBERTEURINGEN;88094;1
ERISKIRCH;88097;1
ACHBERG;88147;1
WANGEN IM ALLGÄU;88239;1
BAIENFURT;88255;1
BAINDT;88255;1
ARGENBÜHL;88260;1
HORGENZELL;88263;1
VOGT;88267;1
FRONREUTE;88273;1
AMTZELL;88279;1
SCHLIER;88281;1
WOLPERTSWENDE;88284;1
BODNEGG;88285;1
GRÜNKRAUT;88287;1
WALDBURG;88289;1
LEUTKIRCH IM ALLGÄU;88299;1
ISNY IM ALLGÄU;88316;1
AICHSTETTEN;88317;1
AITRACH;88319;1
AULENDORF;88326;1
BAD WALDSEE;88339;1
ALLMANNSWEILER;88348;1
BAD SAULGAU;88348;1
KISSLEGG;88353;1
OSTRACH;88356;1
EICHSTEGEN;88361;1
ALTSHAUSEN;88361;1
BOMS;88361;1
WOLFEGG;88364;1
HOHENTENGEN;88367;1
BERGATREUTE;88368;1
EBENWEILER;88370;1
EBERSBACH-MUSBACH;88371;1
FLEISCHWANGEN;88373;1
HOSSKIRCH;88374;1
KÖNIGSEGGWALD;88376;1
RIEDHAUSEN;88377;1
GUGGENHAUSEN;88379;1
UNTERWALDHAUSEN;88379;1
BIBERACH AN DER RISS;88400;1
BIBERACH AN DER RISS BERGERHAUSEN;88400;1
BAD WURZACH;88410;1
ERLENMOOS;88416;1
STEINHAUSEN AN DER ROTTUM;88416;1
OCHSENHAUSEN;88416;1
KANZACH;88422;1
ALLESHAUSEN;88422;1
SEEKIRCH;88422;1
OGGELSHAUSEN;88422;1
BAD BUCHAU;88422;1
BETZENWEILER;88422;1
BAD SCHUSSENRIED DUNZENHAUSEN;88427;1
BAD SCHUSSENRIED;88427;1
ROT AN DER ROT;88430;1
SCHEMMERHOFEN;88433;1
EBERHARDZELL;88436;1
EBERHARDZELL FÜRAMOOS;88436;1
EBERHARDZELL FÜRAMOOS, ALTBELLAMONT;88436;1
MASELHEIM;88437;1
MITTELBIBERACH;88441;1
WARTHAUSEN;88447;1
ATTENWEILER;88448;1
BERKHEIM;88450;1
DETTINGEN AN DER ILLER;88451;1
EROLZHEIM;88453;1
INGOLDINGEN;88456;1
KIRCHDORF AN DER ILLER;88457;1
TANNHEIM;88459;1
LAUPHEIM;88471;1
SCHWENDI;88477;1
ACHSTETTEN;88480;1
BALZHEIM;88481;1
BURGRIEDEN;88483;1
GUTENZELL-HÜRBEL;88484;1
KIRCHBERG AN DER ILLER;88486;1
MIETINGEN;88487;1
WAIN;88489;1
EMERINGEN;88499;1
RIEDLINGEN;88499;1
MENGEN;88512;1
LANGENENSLINGEN;88515;1
HERBERTINGEN;88518;1
ERTINGEN;88521;1
UTTENWEILER;88524;1
DÜRMENTINGEN;88525;1
UNLINGEN;88527;1
ZWIEFALTEN;88529;1
SAULDORF;88605;1
MESSKIRCH;88605;1
PFULLENDORF;88630;1
BEURON;88631;1
HEILIGENBERG;88633;1
HERDWANGEN-SCHÖNACH;88634;1
ILLMENSEE;88636;1
LEIBERTINGEN;88637;1
ÜBERLINGEN;88662;1
MARKDORF;88677;1
UHLDINGEN-MÜHLHOFEN;88690;1
DEGGENHAUSERTAL;88693;1
OWINGEN;88696;1
BERMATINGEN;88697;1
FRICKINGEN;88699;1
MEERSBURG;88709;1
HAGNAU AM BODENSEE;88709;1
DAISENDORF;88718;1
ULM JUNGINGEN;89081;1
NERENSTETTEN;89129;1
SETZINGEN;89129;1
LANGENAU;89129;1
ÖLLINGEN;89129;1
BLAUSTEIN;89134;1
BLAUBEUREN;89143;1
BLAUBEUREN GERHAUSEN;89143;1
BLAUBEUREN SEISSEN;89143;1
BLAUBEUREN SONDERBUCH;89143;1
BLAUBEUREN ASCH;89143;1
BLAUBEUREN WENNENDEN;89143;1
LAICHINGEN SUPPINGEN;89150;1
LAICHINGEN MACHTOLSHEIM;89150;1
LAICHINGEN;89150;1
LAICHINGEN FELDSTETTEN;89150;1
DORNSTADT;89160;1
DORNSTADT SCHARENSTETTEN;89160;1
DIETENHEIM;89165;1
ILLERKIRCHBERG;89171;1
LONSEE;89173;1
ALTHEIM (ALB);89174;1
ASSELFINGEN;89176;1
BALLENDORF;89177;1
BÖRSLINGEN;89177;1
BEIMERSTETTEN;89179;1
BERGHÜLEN;89180;1
BERGHÜLEN BÜHLENHAUSEN;89180;1
BERGHÜLEN TREFFENSBUCH;89180;1
BERNSTADT;89182;1
HOLZKIRCH;89183;1
BREITINGEN;89183;1
HÜTTISHEIM;89185;1
ILLERRIEDEN;89186;1
MERKLINGEN WIDDERSTALL;89188;1
MERKLINGEN;89188;1
NEENSTETTEN;89189;1
NELLINGEN;89191;1
NELLINGEN AICHEN;89191;1
NELLINGEN OPPINGEN;89191;1
SCHNÜRPFLINGEN;89194;1
STAIG;89195;1
WEIDENSTETTEN;89197;1
WESTERSTETTEN;89198;1
LAUTERACH;89584;1
EHINGEN AN DER DONAU;89584;1
HAUSEN AM BUSSEN;89597;1
UNTERWACHINGEN;89597;1
MUNDERKINGEN;89597;1
SCHELKLINGEN;89601;1
ALLMENDINGEN;89604;1
EMERKINGEN;89607;1
GRIESINGEN;89608;1
OBERDISCHINGEN;89610;1
OBERMARCHTAL;89611;1
RECHTENSTEIN;89611;1
GRUNDSHEIM;89613;1
OBERSTADION;89613;1
ÖPFINGEN;89614;1
ROTTENACKER;89616;1
UNTERMARCHTAL;89617;1
UNTERSTADION;89619;1
UNTERHACHING;82008;1
GRÜNWALD;82031;1
DEISENHOFEN BEI MÜNCHEN;82032;1
OBERHACHING;82041;1
PULLACH IM ISARTAL;82049;1
SAUERLACH;82054;1
ICKING;82057;1
STRASSLACH-DINGHARTING;82064;1
BAIERBRUNN;82065;1
KLOSTER SCHÄFTLARN;82067;1
SCHÄFTLARN;82069;1
GERMERING;82110;1
GAUTING;82131;1
OLCHING;82140;1
KRAILLING;82152;1
PLANEGG;82152;1
GRÄFELFING;82166;1
PUCHHEIM;82178;1
GRÖBENZELL;82194;1
GILCHING;82205;1
HERRSCHING AM AMMERSEE;82211;1
MAISACH;82216;1
EICHENAU;82223;1
WESSLING;82234;1
WÖRTHSEE;82237;1
ALLING;82239;1
FÜRSTENFELDBRUCK;82256;1
INNING AM AMMERSEE;82266;1
GELTENDORF;82269;1
MOORENWEIS;82272;1
ALTHEGNENBERG;82278;1
ECHING AM AMMERSEE;82279;1
EGENHOFEN;82281;1
PISCHERTSHOFEN;82282;1
GRAFRATH;82284;1
JESENWANG;82287;1
KOTTGEISERING;82288;1
LANDSBERIED;82290;1
MAMMENDORF;82291;1
MITTELSTETTEN;82293;1
OBERSCHWEINBACH;82294;1
SCHÖNGEISING;82296;1
TÜRKENFELD;82299;1
STARNBERG;82319;1
TUTZING;82327;1
FELDAFING;82340;1
PÖCKING;82343;1
ANDECHS;82346;1
PENTENRIED;82349;1
WEILHEIM IN OBERBAYERN;82362;1
PENZBERG;82377;1
PEISSENBERG;82380;1
HOHENPEISSENBERG;82383;1
HUGLFING;82386;1
ANTDORF;82387;1
BÖBING;82389;1
EBERFING;82390;1
HABACH;82392;1
IFFELDORF;82393;1
OBERSÖCHERING;82395;1
PÄHL;82396;1
RAISTING;82399;1
ROTTENBUCH;82401;1
SEESHAUPT;82402;1
SINDELSDORF;82404;1
WESSOBRUNN;82405;1
WIELENBACH;82407;1
WILDSTEIG;82409;1
RIEGSEE;82418;1
SEEHAUSEN AM STAFFELSEE;82418;1
MURNAU AM STAFFELSEE;82418;1
KOCHEL AM SEE;82431;1
URFELD, OBERBAYERN;82432;1
BAD KOHLGRUB;82433;1
BAD BAYERSOIEN;82435;1
EGLFING;82436;1
ESCHENLOHE;82438;1
GROSSWEIL;82439;1
OHLSTADT;82441;1
SAULGRUB;82442;1
SCHLEHDORF;82444;1
SCHWAIGEN;82445;1
SPATZENHAUSEN;82447;1
UFFING AM STAFFELSEE;82449;1
MITTENWALD;82481;1
OBERAMMERGAU;82487;1
ETTAL;82488;1
FARCHANT;82490;1
GRAINAU;82491;1
KLAIS;82493;1
KRÜN;82494;1
OBERAU;82496;1
UNTERAMMERGAU;82497;1
WALLGAU;82499;1
WOLFRATSHAUSEN;82515;1
GERETSRIED;82538;1
MÜNSING;82541;1
EGLING;82544;1
KÖNIGSDORF;82549;1
BAD AIBLING;83043;1
BRUCKMÜHL;83052;1
KOLBERMOOR;83059;1
RAUBLING;83064;1
STEPHANSKIRCHEN;83071;1
BAD FEILNBACH;83075;1
OBERAUDORF;83080;1
RIEDERING;83083;1
KIEFERSFELDEN;83088;1
BAD ENDORF;83093;1
BRANNENBURG;83098;1
TUNTENHAUSEN;83104;1
GROSSKAROLINENFELD;83109;1
FRASDORF;83112;1
NEUBEUERN;83115;1
OBING;83119;1
SAMERBERG;83122;1
AMERANG;83123;1
EGGSTÄTT;83125;1
FLINTSBACH;83126;1
HALFING;83128;1
HÖSLWANG;83129;1
NUSSDORF AM INN;83131;1
PITTENHART;83132;1
PRUTTING;83134;1
SCHECHEN;83135;1
SCHONSTETT;83137;1
SÖCHTENAU;83139;1
PRIEN AM CHIEMSEE;83209;1
STAUDACH-EGERNDACH;83224;1
ASCHAU IM CHIEMGAU;83229;1
BERNAU AM CHIEMSEE;83233;1
ÜBERSEE;83236;1
REIT IM WINKL;83242;1
UNTERWÖSSEN;83246;1
MARQUARTSTEIN;83250;1
RIMSTING;83253;1
BREITBRUNN AM CHIEMSEE;83254;1
CHIEMSEE;83256;1
GSTADT AM CHIEMSEE;83257;1
SCHLECHING;83259;1
TRAUNSTEIN;83278;1
TRAUNREUT;83301;1
TROSTBERG;83308;1
SIEGSDORF;83313;1
TEISENDORF;83317;1
RUHPOLDING;83324;1
WAGING AM SEE;83329;1
INZELL;83334;1
CHIEMING;83339;1
TACHERTING;83342;1
PALLING;83349;1
ALTENMARKT AN DER ALZ;83352;1
GRABENSTÄTT;83355;1
HALLABRUCK;83359;1
SURBERG;83362;1
GRABEN BEI NEUKIRCHEN AM TEISENBERG;83364;1
NUSSDORF;83365;1
PETTING;83367;1
ANNING BEI SANKT GEORGEN, CHIEMGAU;83368;1
ROITHAM BEI STEIN AN DER TRAUN;83371;1
TACHING AM SEE;83373;1
NIEDLING;83374;1
CASTRUM;83376;1
VACHENDORF;83377;1
FREILASSING;83395;1
AINRING;83404;1
LAUFEN;83410;1
FRIDOLFING;83413;1
SAALDORF-SURHEIM;83416;1
KIRCHANSCHÖRING;83417;1
BAD REICHENHALL;83435;1
PIDING;83451;1
ANGER;83454;1
BAYERISCH GMAIN;83457;1
SCHNEIZLREUTH;83458;1
SCHÖNAU AM KÖNIGSSEE;83471;1
BERCHTESGADEN;83471;1
BISCHOFSWIESEN;83483;1
RAMSAU;83486;1
MARKTSCHELLENBERG;83487;1
STRUB;83489;1
WASSERBURG AM INN;83512;1
HAAG IN OBERBAYERN;83527;1
SCHNAITSEE;83530;1
EDLING;83533;1
GARS AM INN;83536;1
PFAFFING;83539;1
ROTT AM INN;83543;1
BIBURG, GEMEINDE GARS AM INN;83546;1
BABENSHAM;83547;1
EISELFING;83549;1
DURRHAUSEN;83552;1
FRAUENNEUHARTING;83553;1
HAIDEN BEI GARS BAHNHOF;83555;1
GRIESSTÄTT;83556;1
MAITENBETH;83558;1
REISER, GEMEINDE GARS AM INN;83559;1
RAMERBERG;83561;1
RECHTMEHRING;83562;1
SOYEN;83564;1
AST, GEMEINDE FRAUENNEUHARTING;83565;1
UNTERREIT;83567;1
VOGTAREUTH;83569;1
FELDKIRCHEN-WESTERHAM;83620;1
DIETRAMSZELL;83623;1
OTTERFING;83624;1
VALLEY;83626;1
WARNGAU;83627;1
WEYARN;83629;1
WACKERSBERG;83646;1
BAD TÖLZ;83646;1
LENGGRIES;83661;1
WAAKIRCHEN;83666;1
BAD HEILBRUNN;83670;1
BENEDIKTBEUERN;83671;1
BICHL;83673;1
GAISSACH;83674;1
JACHENAU;83676;1
GREILING;83677;1
REICHERSBEUERN;83677;1
SACHSENKAM;83679;1
TEGERNSEE;83684;1
ROTTACH-EGERN;83700;1
GMUND AM TEGERNSEE;83703;1
BAD WIESSEE;83707;1
KREUTH;83708;1
MIESBACH;83714;1
SCHLIERSEE;83727;1
FISCHBACHAU;83730;1
HAUSHAM;83734;1
BAYRISCHZELL;83735;1
IRSCHENBERG;83737;1
HOFREUTH BEI WÖRNSMÜHL;83739;1
AU IN DER HALLERTAU;84072;1
RUDELZHAUSEN;84104;1
DORFEN;84405;1
TAUFKIRCHEN (VILS);84416;1
INNING AM HOLZ;84416;1
OBERTAUFKIRCHEN;84419;1
SCHWINDEGG;84419;1
ISEN;84424;1
SANKT WOLFGANG;84427;1
BUCHBACH;84428;1
HELDENSTEIN;84431;1
RATTENKIRCHEN;84431;1
HOHENPOLDING;84432;1
LENGDORF;84435;1
REICHERTSHEIM;84437;1
MÜHLDORF AM INN;84453;1
WALDKRAIBURG;84478;1
NIEDERBERGKIRCHEN;84494;1
LOHKIRCHEN;84494;1
NIEDERTAUFKIRCHEN;84494;1
NEUMARKT-SANKT VEIT;84494;1
ALTÖTTING;84503;1
BURGKIRCHEN AN DER ALZ;84508;1
ERHARTING;84513;1
TÖGING AM INN;84513;1
GARCHING AN DER ALZ;84518;1
NEUÖTTING;84524;1
TITTMONING;84529;1
HAIMING;84533;1
MARKTL;84533;1
ZANGBERG;84539;1
AMPFING;84539;1
WINHÖRING;84543;1
ASCHAU AM INN;84544;1
EGGLKOFEN;84546;1
EMMERTING;84547;1
ENGELSBERG;84549;1
FEICHTEN AN DER ALZ;84550;1
HALSBACH, KREIS ALTÖTTING;84553;1
HALSBACH;84558;1
KIRCHWEIDACH;84558;1
TYRLACHING;84558;1
KRAIBURG AM INN;84559;1
OBERBERGKIRCHEN;84564;1
OBERNEUKIRCHEN;84565;1
PERACH;84567;1
PLEISKIRCHEN;84568;1
REISCHACH;84571;1
TEISING;84576;1
TÜSSLING;84577;1
UNTERNEUKIRCHEN;84579;1
EICHSTÄTT;85072;1
MANCHING;85077;1
GAIMERSHEIM;85080;1
REICHERTSHOFEN;85084;1
VOHBURG AN DER DONAU;85088;1
KÖSCHING;85092;1
GROSSMEHRING;85098;1
LENTING;85101;1
PFÖRRING;85104;1
BAAR-EBENHAUSEN;85107;1
KIPFENBERG;85110;1
ADELSCHLAG;85111;1
BÖHMFELD;85113;1
EGWEIL;85116;1
EITENSHEIM;85117;1
ERNSGADEN;85119;1
HEPBERG;85120;1
HITZHOFEN;85122;1
KARLSKRON;85123;1
KINDING;85125;1
MÜNCHSMÜNSTER;85126;1
NASSENFELS;85128;1
OBERDOLLING;85129;1
POLLENFELD;85131;1
SCHERNFELD;85132;1
TITTING;85135;1
WALTING;85137;1
WETTSTETTEN;85139;1
DACHAU;85221;1
MARKT INDERSDORF;85229;1
BERGKIRCHEN;85232;1
PFAFFENHOFEN AN DER GLONN;85235;1
ODELZHAUSEN;85235;1
PETERSHAUSEN;85238;1
HEBERTSHAUSEN;85241;1
RÖHRMOOS;85244;1
ALTOMÜNSTER;85250;1
ERDWEG;85253;1
SULZEMOOS;85254;1
WEICHS;85258;1
WIEDENZHAUSEN;85259;1
PFAFFENHOFEN AN DER ILM;85276;1
HETTENSHAUSEN;85276;1
WOLNZACH;85283;1
GEISENFELD;85290;1
REICHERTSHAUSEN;85293;1
SCHEYERN;85298;1
SCHWEITENKIRCHEN;85301;1
GEROLSBACH;85302;1
ILMMÜNSTER;85304;1
JETZENDORF;85305;1
PAUNZHAUSEN;85307;1
PÖRNBACH;85309;1
WANG;85368;1
NEUFAHRN BEI FREISING;85375;1
HETZENHAUSEN;85376;1
ALLERSHAUSEN;85391;1
ATTENKIRCHEN;85395;1
WOLFERSDORF;85395;1
HALLBERGMOOS;85399;1
KRANZBERG;85402;1
NANDLSTADT;85405;1
ZOLLING;85406;1
GAMMELSDORF;85408;1
HAAG AN DER AMPER;85410;1
HOHENKAMMER;85411;1
HÖRGERTSHAUSEN;85413;1
KIRCHDORF AN DER AMPER;85414;1
MARZLING;85417;1
MAUERN;85419;1
ERDING;85435;1
OBERDING;85445;1
FRAUNBERG;85447;1
MOOSINNING;85452;1
WÖRTH;85457;1
BERGLERN;85459;1
EITTING;85462;1
FINSING;85464;1
LANGENPREISING;85465;1
NEUCHING;85467;1
WALPERTSKIRCHEN;85469;1
OTTOBRUNN;85521;1
HAAR;85540;1
KIRCHHEIM BEI MÜNCHEN;85551;1
EBERSBERG;85560;1
BRUCK;85567;1
GRAFING BEI MÜNCHEN;85567;1
MARKT SCHWABEN;85570;1
OTTENHOFEN;85570;1
NEUBIBERG;85579;1
POING;85586;1
VATERSTETTEN;85591;1
BALDHAM;85598;1
PARSDORF;85599;1
ZORNEDING;85604;1
ASCHHEIM;85609;1
KIRCHSEEON;85614;1
ASSLING;85617;1
BAIERN;85625;1
GLONN;85625;1
GRASBRUNN;85630;1
HÖHENKIRCHEN-SIEGERTSBRUNN;85635;1
PUTZBRUNN;85640;1
STEINHÖRING;85643;1
ANZING;85646;1
BRUNNTHAL;85649;1
PLIENING;85652;1
AYING;85653;1
LOIBERSDORF BEI GROSSHELFENDORF;85655;1
BUCH AM BUCHRAIN;85656;1
EGMATING;85658;1
FORSTERN;85659;1
FORSTINNING;85661;1
HOHENBRUNN;85662;1
HOHENLINDEN;85664;1
MOOSACH;85665;1
OBERPFRAMMERN;85667;1
PASTETTEN;85669;1
UNTERSCHLEISSHEIM;85716;1
ISMANING;85737;1
GARCHING BEI MÜNCHEN;85748;1
KARLSFELD;85757;1
OBERSCHLEISSHEIM;85764;1
UNTERFÖHRING;85774;1
FAHRENZHAUSEN;85777;1
HAIMHAUSEN;85778;1
EGLING AN DER PAAR;86492;1
SCHROBENHAUSEN;86529;1
HOHENWART;86558;1
ARESING;86561;1
BERG IM GAU;86562;1
BRUNNEN;86564;1
GACHENBACH;86565;1
HILGERTSHAUSEN-TANDERN;86567;1
LANGENMOSEN;86571;1
WAIDHOFEN;86579;1
NEUBURG AN DER DONAU;86633;1
RENNERTSHOFEN;86643;1
BURGHEIM;86666;1
KARLSHULD;86668;1
KÖNIGSMOOS;86669;1
EHEKIRCHEN;86676;1
ROHRENFELS;86701;1
WEICHERING;86706;1
OBERMEITINGEN;86836;1
HURLACH;86857;1
IGLING;86859;1
LANDSBERG AM LECH;86899;1
DIESSEN AM AMMERSEE;86911;1
KAUFERING;86916;1
UTTING AM AMMERSEE;86919;1
DENKLINGEN;86920;1
ERESING;86922;1
FINNING;86923;1
FUCHSTAL;86925;1
GREIFENBERG;86926;1
PENZING;86929;1
PRITTRICHING;86931;1
PÜRGEN;86932;1
REICHLING;86934;1
SCHEURING;86937;1
SCHONDORF AM AMMERSEE;86938;1
SCHWIFTING;86940;1
SANKT OTTILIEN;86941;1
THAINING;86943;1
UNTERDIESSEN;86944;1
VILGERTSHOFEN;86946;1
WEIL;86947;1
WINDACH;86949;1
SCHONGAU;86956;1
PEITING;86971;1
APFELDORF;86974;1
BERNBEUREN;86975;1
BURGGEN;86977;1
HOHENFURCH;86978;1
INGENRIED;86980;1
KINSAU;86981;1
PREM;86984;1
SCHWABBRUCK;86986;1
SCHWABSOIEN;86987;1
STEINGADEN;86989;1
DOLLNSTEIN;91795;1
MÖRNSHEIM;91804;1
WELLHEIM;91809;1
BEILNGRIES;92339;1
ALTMANNSTEIN;93336;1
MINDELSTETTEN;93349;1
ERGOLDING;84030;1
KUMHAUSEN;84036;1
MAINBURG;84048;1
ESSENBACH;84051;1
ROTTENBURG AN DER LAABER;84056;1
ERGOLDSBACH;84061;1
MALLERSDORF-PFAFFENBERG;84066;1
PFEFFENHAUSEN;84076;1
LABERWEINTING;84082;1
LANGQUAID;84085;1
NEUFAHRN IN NIEDERBAYERN;84088;1
AIGLSBACH;84089;1
ATTENHOFEN;84091;1
ELSENDORF;84094;1
FURTH;84095;1
HERRNGIERSDORF;84097;1
HOHENTHANN;84098;1
NIEDERAICHBACH;84100;1
OBERSÜSSBACH;84101;1
POSTAU;84103;1
VOLKENSCHWAND;84106;1
WEIHMICHL;84107;1
WÖRTH AN DER ISAR;84109;1
DINGOLFING;84130;1
VILSBIBURG;84137;1
GANGKOFEN;84140;1
GEISENHAUSEN;84144;1
MENGKOFEN;84152;1
BODENKIRCHEN;84155;1
FRONTENHAUSEN;84160;1
MARKLKOFEN;84163;1
MOOSTHENNING;84164;1
ADLKOFEN;84166;1
AHAM;84168;1
ALTFRAUNHOFEN;84169;1
BAIERBACH;84171;1
BUCH AM ERLBACH;84172;1
SCHALKHAM;84175;1
GERZEN;84175;1
GOTTFRIEDING;84177;1
KRÖNING;84178;1
LOICHING;84180;1
NEUFRAUNHOFEN;84181;1
NIEDERVIEHBACH;84183;1
VILSHEIM;84186;1
WENG;84187;1
WURMSHAM;84189;1
EGGENFELDEN;84307;1
MASSING;84323;1
WURMANNSQUICK;84329;1
HEBERTSFELDEN;84332;1
MALGERSDORF;84333;1
MITTERSKIRCHEN;84335;1
UNTERDIETFURT;84339;1
PFARRKIRCHEN;84347;1
SIMBACH AM INN;84359;1
BAD BIRNBACH;84364;1
REUT;84367;1
ZEILARN;84367;1
TRIFTERN;84371;1
KIRCHDORF AM INN;84375;1
DIETERSBURG;84378;1
JOHANNISKIRCHEN;84381;1
WITTIBREUT;84384;1
EGGLHAM;84385;1
JULBACH;84387;1
POSTMÜNSTER;84389;1
GERATSKIRCHEN;84552;1
BAD ABBACH;93077;1
KELHEIM;93309;1
ABENSBERG;93326;1
NEUSTADT AN DER DONAU;93333;1
RIEDENBURG;93339;1
SAAL AN DER DONAU;93342;1
ESSING;93343;1
IHRLERSTEIN;93346;1
PAINTEN;93351;1
ROHR IN NIEDERBAYERN;93352;1
BIBURG;93354;1
SIEGENBURG;93354;1
TEUGN;93356;1
TRAIN;93358;1
WILDENBERG;93359;1
ARNBRUCK;93471;1
HAUZENBERG;94051;1
POCKING;94060;1
WALDKIRCHEN;94065;1
BAD FÜSSING;94072;1
FREYUNG;94078;1
FÜRSTENZELL;94081;1
BAD GRIESBACH IM ROTTAL;94086;1
NEUREICHENAU;94089;1
ROTTHALMÜNSTER;94094;1
MALCHING;94094;1
RUHSTORF AN DER ROTT;94099;1
TITTLING;94104;1
WITZMANNSBERG;94104;1
UNTERGRIESBACH;94107;1
WEGSCHEID;94110;1
HUTTHURM;94116;1
JANDELSBRUNN;94118;1
SALZWEG;94121;1
BÜCHLBERG;94124;1
NEUBURG AM INN;94127;1
OBERNZELL;94130;1
RÖHRNBACH;94133;1
THYRNAU;94136;1
ERING;94140;1
FÜRSTENECK;94142;1
GRAINET;94143;1
HAIDMÜHLE;94145;1
HINTERSCHMIDING;94146;1
KIRCHHAM;94148;1
KÖSSLARN;94149;1
MAUTH;94151;1
NEUHAUS AM INN;94152;1
NEUKIRCHEN VORM WALD;94154;1
OTTERSKIRCHEN;94155;1
PERLESREUT;94157;1
PHILIPPSREUT;94158;1
RINGELAI;94160;1
RUDERTING;94161;1
SALDENBURG;94163;1
SONNEN;94164;1
STUBENBERG;94166;1
TETTENWEIS;94167;1
THURMANSBANG;94169;1
REGEN;94209;1
LINDBERG;94227;1
ZWIESEL;94227;1
VIECHTACH;94234;1
GOTTESZELL;94239;1
ZACHENBERG;94239;1
RUHMANNSFELDEN;94239;1
TEISNACH;94244;1
GEIERSTHAL;94244;1
BODENMAIS;94249;1
ACHSLACH;94250;1
BAYERISCH EISENSTEIN;94252;1
BISCHOFSMAIS;94253;1
BÖBRACH;94255;1
DRACHSELSRIED;94256;1
FRAUENAU;94258;1
KIRCHBERG IM WALD;94259;1
KIRCHDORF IM WALD;94261;1
KOLLNBURG;94262;1
LANGDORF;94264;1
PATERSDORF;94265;1
PRACKENBACH;94267;1
RINCHNACH;94269;1
STRAUBING;94315;1
BOGEN;94327;1
SALCHING;94330;1
AITERHOFEN;94330;1
GEISELHÖRING;94333;1
WINDBERG;94336;1
HUNDERDORF;94336;1
LEIBLFING;94339;1
STRASSKIRCHEN;94342;1
IRLBACH;94342;1
WIESENFELDEN;94344;1
AHOLFING;94345;1
ASCHA;94347;1
ATTING;94348;1
FALKENFELS;94350;1
KIRCHROTH;94356;1
KONZELL;94357;1
LOITZENDORF;94359;1
MITTERFELS;94360;1
OBERSCHNEIDING;94363;1
PARKSTETTEN;94365;1
PERASDORF;94366;1
PERKAM;94368;1
RATTENBERG;94371;1
RATTISZELL;94372;1
STALLWANG;94375;1
SANKT ENGLMAR;94379;1
LANDAU AN DER ISAR;94405;1
REISBACH;94419;1
ARNSTORF;94424;1
EICHENDORF;94428;1
PILSTING;94431;1
SIMBACH;94436;1
MAMMING;94437;1
PLATTLING;94447;1
DEGGENDORF;94469;1
VILSHOFEN;94474;1
OSTERHOFEN;94486;1
HENGERSBERG;94491;1
ORTENBURG;94496;1
AIDENBACH;94501;1
BEUTELSBACH;94501;1
ALDERSBACH;94501;1
SCHÖLLNACH;94508;1
SPIEGELAU;94518;1
WALLERSDORF;94522;1
METTEN;94526;1
AHOLMING;94527;1
AICHA VORM WALD;94529;1
AUSSERNZELL;94532;1
BUCHHOFEN;94533;1
EGING AM SEE;94535;1
EPPENSCHLAG;94536;1
FÜRSTENSTEIN;94538;1
GRAFLING;94539;1
GRATTERSDORF;94541;1
HAARBACH;94542;1
HOFKIRCHEN;94544;1
HOHENAU;94545;1
IGGENSBACH;94547;1
INNERNZELL;94548;1
KÜNZING;94550;1
HUNDING;94551;1
LALLING;94551;1
MARIAPOSCHING;94553;1
NEUSCHÖNAU;94556;1
NIEDERALTEICH;94557;1
NIEDERWINKLING;94559;1
OFFENBERG;94560;1
OBERPÖRING;94562;1
OTZING;94563;1
ERLHOF BEI RATHSMANNSDORF;94565;1
STEPHANSPOSCHING;94569;1
SCHAUFLING;94571;1
SCHÖFWEG;94572;1
WALLERFING;94574;1
WINDORF;94575;1
WINZER;94577;1
ZENTING;94579;1
SCHIERLING;84069;1
PYRBAUM;90602;1
WEIGENDORF;91249;1
AUERBACH IN DER OBERPFALZ;91275;1
KIRCHENTHUMBACH;91281;1
SULZBACH-ROSENBERG;92237;1
HIRSCHAU;92242;1
KÜMMERSBRUCK;92245;1
VILSECK;92249;1
SCHNAITTENBACH;92253;1
HAHNBACH;92256;1
NEUKIRCHEN BEI SULZBACH-ROSENBERG;92259;1
AMMERTHAL;92260;1
BIRGLAND;92262;1
EBERMANNSDORF;92263;1
EDELSFELD;92265;1
ETZELWANG;92268;1
FENSTERBACH;92269;1
FREIHUNG;92271;1
GEBENBACH;92274;1
HIRSCHBACH;92275;1
HOHENBURG;92277;1
ILLSCHWANG;92278;1
KÖNIGSTEIN;92281;1
LAUTERHOFEN;92283;1
POPPENRICHT;92284;1
SCHMIDMÜHLEN;92287;1
URSENSOLLEN;92289;1
NEUMARKT IN DER OBERPFALZ;92318;1
LUPBURG;92331;1
PARSBERG;92331;1
BERCHING;92334;1
FREYSTADT;92342;1
DIETFURT AN DER ALTMÜHL;92345;1
BERG BEI NEUMARKT IN DER OBERPFALZ;92348;1
POSTBAUER-HENG;92353;1
VELBURG;92355;1
SEUBERSDORF IN DER OBERPFALZ;92358;1
BERNGAU;92361;1
DEINING;92364;1
PILSACH;92367;1
SENGENTHAL;92369;1
SCHWANDORF;92421;1
NEUNBURG VORM WALD;92431;1
BRUCK IN DER OBERPFALZ;92436;1
BODENWÖHR;92439;1
WACKERSDORF;92442;1
RÖTZ;92444;1
NEUKIRCHEN-BALBINI;92445;1
SCHWARZHOFEN;92447;1
NABBURG;92507;1
SCHWARZENFELD;92521;1
OBERVIECHTACH;92526;1
WERNBERG-KÖBLITZ;92533;1
PFREIMD;92536;1
PFREIMD WEIHERN;92536;1
PFREIMD UNTERSTEINBACH;92536;1
PFREIMD PFREIMD;92536;1
PFREIMD HOHENTRESWITZ;92536;1
PFREIMD PAMSENDORF;92536;1
IFFELSDORF;92536;1
SCHÖNSEE;92539;1
DIETERSKIRCHEN;92542;1
GUTENECK;92543;1
NIEDERMURACH;92545;1
SCHMIDGADEN;92546;1
SCHWARZACH BEI NABBURG;92548;1
STADLERN;92549;1
STULLN;92551;1
TEUNZ;92552;1
THANSTEIN;92554;1
TRAUSNITZ;92555;1
WINKLARN;92559;1
THEISSEIL;92637;1
VOHENSTRAUSS;92648;1
GRAFENWÖHR;92655;1
NEUSTADT AN DER WALDNAAB;92660;1
KIRCHENDEMENREUTH;92665;1
ALTENSTADT AN DER WALDNAAB;92665;1
WINDISCHESCHENBACH;92670;1
SPEINSHART;92676;1
ESCHENBACH IN DER OBERPFALZ;92676;1
ERBENDORF;92681;1
FLOSS;92685;1
PRESSATH;92690;1
ESLARN;92693;1
ETZENRICHT;92694;1
FLOSSENBÜRG;92696;1
GEORGENBERG;92697;1
BECHTSRIETH;92699;1
IRCHENRIETH;92699;1
KALTENBRUNN, OBERPFALZ;92700;1
KRUMMENNAAB;92703;1
LEUCHTENBERG;92705;1
LUHE-WILDENAU;92706;1
MANTEL;92708;1
MOOSBACH;92709;1
PARKSTEIN;92711;1
PIRK;92712;1
PLEYSTEIN;92714;1
PÜCHERSREUTH;92715;1
REUTH BEI ERBENDORF;92717;1
SCHIRMITZ;92718;1
SCHWARZENBACH;92720;1
STÖRNSTEIN;92721;1
GLEIRITSCH;92723;1
TÄNNESBERG;92723;1
TRABITZ;92724;1
WAIDHAUS;92726;1
WALDTHURN;92727;1
WEIHERHAMMER;92729;1
NEUTRAUBLING;93073;1
PENTLING;93080;1
OBERTRAUBLING;93083;1
WÖRTH AN DER DONAU;93086;1
ALTEGLOFSHEIM;93087;1
AUFHAUSEN;93089;1
BACH AN DER DONAU;93090;1
BARBING;93092;1
DONAUSTAUF;93093;1
HAGELSTADT;93095;1
KÖFERING;93096;1
MINTRACHING;93098;1
MÖTZING;93099;1
PFAKOFEN;93101;1
PFATTER;93102;1
RIEKOFEN;93104;1
SÜNCHING;93104;1
TEGERNHEIM;93105;1
THALMASSING;93107;1
WIESENT;93109;1
REGENSTAUF;93128;1
BURGLENGENFELD;93133;1
LAPPERSDORF;93138;1
MAXHÜTTE-HAIDHOF;93142;1
NITTENAU;93149;1
NITTENDORF;93152;1
HEMAU;93155;1
TEUBLITZ;93158;1
SINZING;93161;1
LAABER;93164;1
BERNHARDSWALD;93170;1
WENZENBACH;93173;1
BERATZHAUSEN;93176;1
ALTENTHANN;93177;1
BRENNBERG;93179;1
DEUERLING;93180;1
DUGGENDORF;93182;1
KALLMÜNZ;93183;1
HOLZHEIM AM FORST;93183;1
MICHELSNEUKIRCHEN;93185;1
PETTENDORF;93186;1
PIELENHOFEN;93188;1
WALDERBACH;93194;1
WOLFSEGG;93195;1
ZEITLARN;93197;1
CHAM;93413;1
RODING;93426;1
FURTH IM WALD;93437;1
KÖTZTING;93444;1
WALDMÜNCHEN;93449;1
NEUKIRCHEN BEIM HEILIGEN BLUT;93453;1
TRAITSCHING;93455;1
ESCHLKAM;93458;1
LAM;93462;1
CHAMERAU;93466;1
MILTACH;93468;1
LOHBERG;93470;1
ARNSCHWANG;93473;1
ARRACH;93474;1
BLAIBACH;93476;1
GLEISSENBERG;93477;1
GRAFENWIESEN;93479;1
HOHENWARTH;93480;1
PEMFLING;93482;1
PÖSING;93483;1
RUNDING;93486;1
SCHÖNTHAL;93488;1
STAMSRIED;93491;1
TREFFELSTEIN;93492;1
WAFFENBRUNN;93494;1
WILLMERING;93497;1
ZANDT;93499;1
KEMNATH;95478;1
IMMENREUTH;95505;1
KULMAIN;95508;1
NEUSTADT AM KULM;95514;1
VORBACH;95519;1
SCHLAMMERSDORF;95519;1
TIRSCHENREUTH;95643;1
WALDSASSEN;95652;1
MITTERTEICH;95666;1
BÄRNAU;95671;1
WIESAU;95676;1
WALDERSHOF;95679;1
BRAND;95682;1
EBNATH;95683;1
FRIEDENFELS;95688;1
FUCHSMÜHL;95689;1
KONNERSREUTH;95692;1
MÄHRING;95695;1
NEUALBENREUTH;95698;1
NEUSORG;95700;1
PECHBRUNN;95701;1
PLÖSSBERG;95703;1
PULLENREUTH;95704;1
HETZLES;91077;1
KLEINSENDELBACH;91077;1
NEUNKIRCHEN AM BRAND;91077;1
DORMITZ;91077;1
EFFELTRICH;91090;1
LANGENSENDELBACH;91094;1
PEGNITZ;91257;1
POTTENSTEIN;91278;1
BETZENSTEIN;91282;1
OBERTRUBACH;91286;1
PLECH;91287;1
SCHNABELWAID;91289;1
EBERMANNSTADT;91320;1
GRÄFENBERG;91322;1
GÖSSWEINSTEIN;91327;1
EGGOLSHEIM;91330;1
HEILIGENSTADT;91332;1
HEROLDSBACH;91336;1
IGENSDORF;91338;1
WAISCHENFELD;91344;1
WIESENTTAL;91346;1
AUFSESS;91347;1
EGLOFFSTEIN;91349;1
HALLERNDORF;91352;1
HILTPOLTSTEIN;91355;1
KIRCHEHRENBACH;91356;1
KUNREUTH;91358;1
PINZBERG;91361;1
PRETZFELD;91362;1
UNTERLEINLEITER;91364;1
WEILERSBACH;91365;1
WEISSENOHE;91367;1
WIESENTHAU;91369;1
SELB;95100;1
REHAU;95111;1
NAILA;95119;1
SCHWARZENBACH AN DER SAALE;95126;1
SCHWARZENBACH AM WALD;95131;1
BAD STEBEN;95138;1
OBERKOTZAU;95145;1
KIRCHENLAMITZ;95158;1
WEISSENSTADT;95163;1
MARKTLEUTHEN;95168;1
KONRADSREUTH;95176;1
GEROLDSGRÜN;95179;1
DÖHLAU;95182;1
TROGEN;95183;1
TÖPEN;95183;1
FEILITZSCH;95183;1
GATTENDORF;95185;1
HÖCHSTÄDT IM FICHTELGEBIRGE;95186;1
ISSIGAU;95188;1
KÖDITZ;95189;1
LEUPOLDSGRÜN;95191;1
REGNITZLOSAU;95194;1
RÖSLAU;95195;1
SCHAUENSTEIN;95197;1
THIERSTEIN;95199;1
MÜNCHBERG;95213;1
HELMBRECHTS;95233;1
SPARNECK;95234;1
STAMMBACH;95236;1
WEISSDORF;95237;1
KULMBACH;95326;1
MAINLEUS;95336;1
WIRSBERG;95339;1
NEUENMARKT;95339;1
STADTSTEINACH;95346;1
THURNAU;95349;1
MARKTLEUGAST;95352;1
PRESSECK;95355;1
GRAFENGEHAIG;95356;1
GUTTENBERG;95358;1
KASENDORF;95359;1
KÖDNITZ;95361;1
KUPFERBERG;95362;1
LUDWIGSCHORGAST;95364;1
RUGENDORF;95365;1
TREBGAST;95367;1
UNTERSTEINACH;95369;1
BAD BERNECK IM FICHTELGEBIRGE;95460;1
BINDLACH;95463;1
WEIDENBERG;95466;1
KIRCHENPINGARTEN;95466;1
SPEICHERSDORF;95469;1
PREBITZ;95473;1
CREUSSEN;95473;1
HAAG;95473;1
GEFREES;95482;1
WARMENSTEINACH;95485;1
ECKERSDORF;95488;1
MISTELGAU;95490;1
AHORNTAL;95491;1
BISCHOFSGRÜN;95493;1
GESEES;95494;1
GOLDKRONACH;95497;1
HARSDORF;95499;1
HEINERSREUTH;95500;1
HIMMELKRON;95502;1
HUMMELTAL;95503;1
MARKTSCHORGAST;95509;1
MISTELBACH;95511;1
NEUDROSSENFELD;95512;1
PLANKENFELS;95515;1
SEYBOTHENREUTH;95517;1
EMTMANNSBERG;95517;1
MARKTREDWITZ;95615;1
WUNSIEDEL;95632;1
BAD ALEXANDERSBAD;95680;1
FICHTELBERG;95686;1
HOHENBERG AN DER EGER;95691;1
MEHLMEISEL;95694;1
NAGEL;95697;1
SCHIRNDING;95706;1
THIERSHEIM;95707;1
TRÖSTAU;95709;1
HALLSTADT;96103;1
SCHESSLITZ;96110;1
HIRSCHAID;96114;1
MEMMELSDORF;96117;1
BISCHBERG;96120;1
LITZENDORF;96123;1
STRULLENDORF;96129;1
SCHLÜSSELFELD;96132;1
STEGAURACH;96135;1
BURGEBRACH;96138;1
HOLLFELD;96142;1
SESSLACH;96145;1
BAUNACH;96148;1
BREITENGÜSSBACH;96149;1
BURGWINDHEIM;96154;1
BUTTENHEIM;96155;1
EBRACH;96157;1
FRENSDORF;96158;1
KEMMERN;96164;1
LAUTER;96169;1
PRIESENDORF;96170;1
PETTSTADT;96175;1
POMMERSFELDEN;96178;1
RECKENDORF;96182;1
STADELHOFEN;96187;1
VIERETH-TRUNSTADT;96191;1
WATTENDORF;96196;1
WONSEES;96197;1
ZAPFENDORF;96199;1
BURGKUNSTADT;96224;1
BAD STAFFELSTEIN;96231;1
SONNEFELD;96242;1
MICHELAU IN OBERFRANKEN;96247;1
EBENSFELD;96250;1
UNTERSIEMAU;96253;1
REDWITZ AN DER RODACH;96257;1
MARKTGRAITZ;96257;1
WEISMAIN;96260;1
ALTENKUNSTADT;96264;1
MITWITZ;96268;1
GROSSHEIRATH;96269;1
GRUB AM FORST;96271;1
HOCHSTADT AM MAIN;96272;1
ITZGRUND;96274;1
MARKTZEULN;96275;1
SCHNECKENLOHE;96277;1
WEIDHAUSEN BEI COBURG;96279;1
KRONACH;96317;1
KÜPS;96328;1
PRESSIG;96332;1
LUDWIGSSTADT;96337;1
WALLENFELS;96346;1
STEINWIESEN;96349;1
WILHELMSTHAL;96352;1
TEUSCHNITZ;96358;1
STEINBACH AM WALD;96361;1
MARKTRODACH;96364;1
NORDHALBEN;96365;1
TSCHIRN;96367;1
WEISSENBRUNN;96369;1
COBURG;96450;1
NEUSTADT BEI COBURG;96465;1
RÖDENTAL;96472;1
BAD RODACH;96476;1
WEITRAMSDORF;96479;1
MEEDER;96484;1
DÖRFLES-ESBACH;96487;1
NIEDERFÜLLBACH;96489;1
MOORENBRUNN;90457;1
ZIRNDORF;90513;1
OBERASBACH;90522;1
WENDELSTEIN;90530;1
FEUCHT;90537;1
ECKENTAL;90542;1
STEIN BEI NÜRNBERG;90547;1
RÖTHENBACH AN DER PEGNITZ;90552;1
CADOLZBURG;90556;1
SEUKENDORF;90556;1
BURGTHANN;90559;1
KALCHREUTH;90562;1
HEROLDSBERG;90562;1
SCHWAIG;90571;1
ROSSTAL;90574;1
LANGENZENN;90579;1
ALLERSBERG;90584;1
VEITSBRONN;90587;1
OBERMICHELBACH;90587;1
TUCHENBACH;90587;1
SCHWARZENBRUCK;90592;1
SCHWANSTETTEN;90596;1
DIETENHOFEN;90599;1
WINKELHAID;90610;1
GROSSHABERSDORF;90613;1
AMMERNDORF;90614;1
NEUHOF AN DER ZENN;90616;1
PUSCHENDORF;90617;1
TRAUTSKIRCHEN;90619;1
BUCKENHOF;91054;1
HERZOGENAURACH;91074;1
MARLOFFSTEIN;91080;1
UTTENREUTH;91080;1
SPARDORF;91080;1
BAIERSDORF;91083;1
WEISENDORF;91085;1
AURACHTAL;91086;1
BUBENREUTH;91088;1
GROSSENSEEBACH;91091;1
HESSDORF;91093;1
MÖHRENDORF;91096;1
KAMMERSTEIN;91126;1
SCHWABACH;91126;1
REDNITZHEMBACH;91126;1
HILPOLTSTEIN;91161;1
GEORGENSGMÜND;91166;1
GREDING;91171;1
SPALT;91174;1
THALMÄSSING;91177;1
HEIDECK;91180;1
ABENBERG;91183;1
BÜCHENBACH;91186;1
LAUF AN DER PEGNITZ;91207;1
HERSBRUCK;91217;1
SCHNAITTACH;91220;1
POMMELSBRUNN;91224;1
LEINBURG;91227;1
HAPPURG;91230;1
NEUNKIRCHEN AM SAND;91233;1
ALFELD;91236;1
OFFENHAUSEN;91238;1
ENGELTHAL;91238;1
HENFENFELD;91239;1
KIRCHENSITTENBACH;91241;1
OTTENSOOS;91242;1
REICHENSCHWAND;91244;1
SIMMELSDORF;91245;1
VORRA;91247;1
NEUHAUS AN DER PEGNITZ;91284;1
HÖCHSTADT AN DER AISCH;91315;1
ADELSDORF;91325;1
HEMHOFEN;91334;1
GREMSDORF;91350;1
NEUSTADT AN DER AISCH;91413;1
BAD WINDSHEIM;91438;1
SCHEINFELD;91443;1
EMSKIRCHEN;91448;1
WILHERMSDORF;91452;1
DIESPECK;91456;1
MARKT ERLBACH;91459;1
BAUDENBACH;91460;1
DACHSBACH;91462;1
DIETERSHEIM;91463;1
ERGERSHEIM;91465;1
GERHARDSHOFEN;91466;1
GUTENSTETTEN;91468;1
HAGENBÜCHACH;91469;1
ILLESHEIM;91471;1
IPSHEIM;91472;1
LONNERSTADT;91475;1
MARKT BIBART;91477;1
MARKT NORDHEIM;91478;1
MARKT TASCHENDORF;91480;1
MÜNCHSTEINACH;91481;1
OBERSCHEINFELD;91483;1
SUGENHEIM;91484;1
UEHLFELD;91486;1
VESTENBERGSGREUTH;91487;1
ANSBACH;91522;1
DINKELSBÜHL;91550;1
FEUCHTWANGEN;91555;1
HEILSBRONN;91560;1
NEUENDETTELSAU;91564;1
HERRIEDEN;91567;1
WINDSBACH;91575;1
LEUTERSHAUSEN;91578;1
PETERSAURACH;91580;1
SCHILLINGSFÜRST;91583;1
DIEBACH;91583;1
AURACH;91589;1
BUCH AM WALD;91592;1
BURGBERNHEIM;91593;1
BURGOBERBACH;91595;1
BURK;91596;1
COLMBERG;91598;1
DENTLEIN AM FORST;91599;1
DOMBÜHL;91601;1
DÜRRWANGEN;91602;1
FLACHSLANDEN;91604;1
GALLMERSGARTEN;91605;1
GEBSATTEL;91607;1
GESLAU;91608;1
INSINGEN;91610;1
LEHRBERG;91611;1
MARKTBERGEL;91613;1
MÖNCHSROTH;91614;1
NEUSITZ;91616;1
OBERDACHSTETTEN;91617;1
OBERNZENN;91619;1
OHRENBACH;91620;1
RÜGLAND;91622;1
SCHNELLDORF;91625;1
STEINSFELD;91628;1
WEIHENZELL;91629;1
WIESETH;91632;1
WILBURGSTETTEN;91634;1
WINDELSBACH;91635;1
WÖRNITZ;91637;1
WOLFRAMS-ESCHENBACH;91639;1
GUNZENHAUSEN;91710;1
WASSERTRÜDINGEN;91717;1
HEIDENHEIM;91719;1
ABSBERG;91720;1
ARBERG;91722;1
DITTENHEIM;91723;1
GEROLFINGEN;91726;1
GNOTZHEIM;91728;1
HAUNDORF;91729;1
LANGFURTH;91731;1
MITTELESCHENBACH;91734;1
MUHR AM SEE;91735;1
ORNBAU;91737;1
PFOFELD;91738;1
RÖCKINGEN;91740;1
THEILENHOFEN;91741;1
UNTERSCHWANINGEN;91743;1
WEILTINGEN;91744;1
WITTELSHOFEN;91749;1
TREUCHTLINGEN;91757;1
WEISSENBURG IN BAYERN;91781;1
PLEINFELD;91785;1
PAPPENHEIM;91788;1
NENNSLINGEN;91790;1
BURGSALACH;91790;1
RAITENBUCH;91790;1
ELLINGEN;91792;1
ALESHEIM;91793;1
ETTENSTATT;91796;1
HÖTTINGEN;91798;1
LANGENALTHEIM;91799;1
MARKT BEROLZHEIM;91801;1
MEINHEIM;91802;1
POLSINGEN;91805;1
SOLNHOFEN;91807;1
BURGHASLACH;96152;1
WACHENROTH;96193;1
WEIGENHEIM;97215;1
UFFENHEIM;97215;1
SIMMERSHOFEN;97215;1
IPPESHEIM;97258;1
OBERICKELSHEIM;97258;1
HEMMERSHEIM;97258;1
GOLLHOFEN;97258;1
ALZENAU IN UNTERFRANKEN;63755;1
GROSSOSTHEIM;63762;1
HÖSBACH;63768;1
MÖMBRIS;63776;1
OBERNBURG AM MAIN;63785;1
KARLSTEIN AM MAIN;63791;1
KAHL AM MAIN;63796;1
KLEINOSTHEIM;63801;1
STOCKSTADT AM MAIN;63811;1
MAINASCHAFF;63814;1
ELSENFELD;63820;1
SOMMERKAHL;63825;1
BLANKENBACH;63825;1
SCHÖLLKRIPPEN;63825;1
WESTERNGRUND;63825;1
GEISELBACH;63826;1
KLEINKAHL;63828;1
WIESEN;63831;1
SULZBACH AM MAIN;63834;1
KLEINWALLSTADT;63839;1
NIEDERNBERG;63843;1
LAUFACH;63846;1
LEIDERSBACH;63849;1
MÖMLINGEN;63853;1
BESSENBACH;63856;1
WALDASCHAFF;63857;1
ROTHENBUCH;63860;1
ESCHAU;63863;1
GLATTBACH;63864;1
JOHANNESBERG;63867;1
GROSSWALLSTADT;63868;1
HEIGENBRÜCKEN;63869;1
HEINRICHSTHAL;63871;1
HEIMBUCHENTHAL;63872;1
DAMMBACH;63874;1
MESPELBRUNN;63875;1
SAILAUF;63877;1
WEIBERSBRUNN;63879;1
MILTENBERG;63897;1
ERLENBACH AM MAIN;63906;1
KLINGENBERG AM MAIN;63911;1
AMORBACH;63916;1
GROSSHEUBACH;63920;1
KLEINHEUBACH;63924;1
RÜDENAU;63924;1
BÜRGSTADT;63927;1
EICHENBÜHL;63928;1
KIRCHZELL;63931;1
MÖNCHBERG;63933;1
RÖLLBACH;63934;1
WEILBACH;63937;1
WÖRTH AM MAIN;63939;1
EBERN;96106;1
MAROLDSWEISACH;96126;1
ERMERSHAUSEN;96126;1
BREITBRUNN;96151;1
GEISELWIND;96160;1
KIRCHLAUTER;96166;1
LISBERG;96170;1
PFARRWEISACH;96176;1
RAUHENEBRACH;96181;1
RENTWEINSDORF;96184;1
STETTFELD;96188;1
UNTERMERZBACH;96190;1
OCHSENFURT;97199;1
HÖCHBERG;97204;1
VEITSHÖCHHEIM;97209;1
GERBRUNN;97218;1
RIMPAR;97222;1
ZELLINGEN;97225;1
ROTTENDORF;97228;1
ESTENFELD;97230;1
GIEBELSTADT;97232;1
RANDERSACKER;97236;1
ALTERTHEIM;97237;1
AUB;97239;1
BERGTHEIM;97241;1
OBERPLEICHFELD;97241;1
BIEBEREHREN;97243;1
BÜTTHARD;97244;1
EIBELSTADT;97246;1
EISENHEIM;97247;1
FRICKENHAUSEN AM MAIN;97252;1
GAUKÖNIGSHOFEN;97253;1
SONDERHOFEN;97255;1
GELCHSHEIM;97255;1
GEROLDSHAUSEN;97256;1
GREUSSENHEIM;97259;1
GÜNTERSLEBEN;97261;1
HAUSEN BEI WÜRZBURG;97262;1
HELMSTADT;97264;1
HETTSTADT;97265;1
HIMMELSTADT;97267;1
KIST;97270;1
KLEINRINDERFELD;97271;1
KÜRNACH;97273;1
LEINACH;97274;1
MARGETSHÖCHHEIM;97276;1
PROSSELSHEIM;97279;1
RETZSTADT;97282;1
RIEDENHEIM;97283;1
RÖTTINGEN;97285;1
TAUBERRETTERSHEIM;97285;1
SOMMERHAUSEN;97286;1
WINTERHAUSEN;97286;1
THEILHEIM;97288;1
THÜNGEN;97289;1
THÜNGERSHEIM;97291;1
UETTINGEN;97292;1
UNTERPLEICHFELD;97294;1
WALDBÜTTELBRUNN;97297;1
ZELL AM MAIN;97299;1
BIEBELRIED;97318;1
KITZINGEN;97318;1
BUCHBRUNN;97320;1
GROSSLANGHEIM;97320;1
MAINSTOCKHEIM;97320;1
SULZFELD AM MAIN;97320;1
ALBERTSHOFEN;97320;1
VOLKACH;97332;1
NORDHEIM AM MAIN;97334;1
SOMMERACH;97334;1
DETTELBACH;97337;1
MARKTBREIT;97340;1
MARTINSHEIM;97340;1
SEGNITZ;97340;1
OBERNBREIT;97342;1
SEINSHEIM;97342;1
MARKTSTEFT;97342;1
IPHOFEN;97346;1
MARKT EINERSHEIM;97348;1
WILLANZHEIM;97348;1
RÖDELSEE;97348;1
MAINBERNHEIM;97350;1
WIESENTHEID;97353;1
WIESENBRONN;97355;1
RÜDENHAUSEN;97355;1
KLEINLANGHEIM;97355;1
ABTSWIND;97355;1
CASTELL;97355;1
PRICHSENSTADT;97357;1
SCHWARZACH AM MAIN;97359;1
HASSFURT;97437;1
WERNECK;97440;1
FRANKENWINHEIM;97447;1
GEROLZHOFEN;97447;1
ARNSTEIN;97450;1
SCHONUNGEN;97453;1
DITTELBRUNN;97456;1
HOFHEIM IN UNTERFRANKEN;97461;1
NIEDERWERRN;97464;1
GOCHSHEIM;97469;1
ZEIL AM MAIN;97475;1
KNETZGAU;97478;1
ELTMANN;97483;1
KÖNIGSBERG IN BAYERN;97486;1
STADTLAURINGEN;97488;1
AIDHAUSEN;97491;1
BERGRHEINFELD;97493;1
BUNDORF;97494;1
BURGPREPPACH;97496;1
DINGOLSHAUSEN;97497;1
DONNERSDORF;97499;1
EBELSBACH;97500;1
EUERBACH;97502;1
GÄDHEIM;97503;1
GELDERSHEIM;97505;1
GRAFENRHEINFELD;97506;1
GRETTSTADT;97508;1
KOLITZHEIM;97509;1
LÜLSFELD;97511;1
MICHELAU IM STEIGERWALD;97513;1
OBERAURACH;97514;1
OBERSCHWARZACH;97516;1
RANNUNGEN;97517;1
RIEDBACH;97519;1
RÖTHLEIN;97520;1
SAND AM MAIN;97522;1
SCHWANFELD;97523;1
SCHWEBHEIM;97525;1
SENNFELD;97526;1
SULZDORF AN DER LEDERHECKE;97528;1
THERES;97531;1
ÜCHTELHAUSEN;97532;1
WAIGOLSHAUSEN;97534;1
WASSERLOSEN;97535;1
WIPFELD;97537;1
WONFURT;97539;1
BAD NEUSTADT AN DER SAALE;97616;1
UNSLEBEN;97618;1
WOLLBACH;97618;1
WÜLFERSHAUSEN AN DER SAALE;97618;1
HOLLSTADT;97618;1
NIEDERLAUER;97618;1
STRAHLUNGEN;97618;1
RÖDELMAIER;97618;1
HEUSTREU;97618;1
HOHENROTH;97618;1
BAD KÖNIGSHOFEN IM GRABFELD;97631;1
SAAL AN DER SAALE;97633;1
TRAPPSTADT;97633;1
HERBSTADT;97633;1
HÖCHHEIM;97633;1
GROSSEIBSTADT;97633;1
GROSSBARDORF;97633;1
AUBSTADT;97633;1
MELLRICHSTADT;97638;1
HENDUNGEN;97640;1
OBERSTREU;97640;1
OSTHEIM VOR DER RHÖN;97645;1
SONDHEIM VOR DER RHÖN;97647;1
NORDHEIM VOR DER RHÖN;97647;1
WILLMARS;97647;1
FLADUNGEN;97650;1
BISCHOFSHEIM AN DER RHÖN;97653;1
BASTHEIM;97654;1
OBERELSBACH;97656;1
SANDBERG;97657;1
SCHÖNAU AN DER BREND;97659;1
BAD KISSINGEN;97688;1
MÜNNERSTADT;97702;1
BURKARDROTH;97705;1
BAD BOCKLET;97708;1
MASSBACH;97711;1
THUNDORF IN UNTERFRANKEN;97711;1
OERLENBACH;97714;1
SULZTHAL;97717;1
EUERDORF;97717;1
AURA AN DER SAALE;97717;1
NÜDLINGEN;97720;1
OBERTHULBA;97723;1
BURGLAUER;97724;1
ELFERSHAUSEN;97725;1
FUCHSSTADT;97727;1
RAMSTHAL;97729;1
GEMÜNDEN AM MAIN;97737;1
KARLSTADT;97753;1
HAMMELBURG;97762;1
BAD BRÜCKENAU;97769;1
WILDFLECKEN;97772;1
AURA IM SINNGRUND;97773;1
BURGSINN;97775;1
EUSSENHEIM;97776;1
FELLEN;97778;1
GÖSSENHEIM;97780;1
GRÄFENDORF;97782;1
KARSBACH;97783;1
MITTELSINN;97785;1
MOTTEN;97786;1
OBERLEICHTERSBACH;97789;1
OBERSINN;97791;1
RIEDENBERG;97792;1
RIENECK;97794;1
SCHONDRA;97795;1
WARTMANNSROTH;97797;1
ZEITLOFS;97799;1
LOHR AM MAIN;97816;1
MARKTHEIDENFELD;97828;1
FRAMMERSBACH;97833;1
BISCHBRUNN;97836;1
ERLENBACH BEI MARKTHEIDENFELD;97837;1
ESSELBACH;97839;1
HAFENLOHR;97840;1
NEUSTADT AM MAIN;97845;1
PARTENSTEIN;97846;1
RECHTENBACH;97848;1
RODEN;97849;1
ROTHENFELS;97851;1
SCHOLLBRUNN;97852;1
TRIEFENSTEIN;97855;1
URSPRINGEN;97857;1
WIESTHAL;97859;1
KREUZWERTHEIM;97892;1
ALTENBUCH;97901;1
COLLENBERG;97903;1
DORFPROZELTEN;97904;1
FAULBACH;97906;1
HASLOCH;97907;1
STADTPROZELTEN;97909;1
STEINDORF;82297;1
KÖNIGSBRUNN;86343;1
NEUSÄSS;86356;1
GERSTHOFEN;86368;1
KRUMBACH;86381;1
STADTBERGEN;86391;1
BOBINGEN;86399;1
MEITINGEN;86405;1
MERING;86415;1
DINKELSCHERBEN;86424;1
KISSING;86438;1
ZUSMARSHAUSEN;86441;1
AFFING;86444;1
TODTENWEIS;86447;1
AINDLING;86447;1
ALTENMÜNSTER;86450;1
DASING;86453;1
GABLINGEN;86456;1
GESSERTSHAUSEN;86459;1
LANGWEID AM LECH;86462;1
HERETSRIED;86465;1
WELDEN;86465;1
THANNHAUSEN;86470;1
ZIEMETSHAUSEN;86473;1
NEUBURG AN DER KAMMEL;86476;1
ADELSRIED;86477;1
AICHEN;86479;1
ALETSHAUSEN;86480;1
WALTENHAUSEN;86480;1
AYSTETTEN;86482;1
BALZHAUSEN;86483;1
BIBERBACH;86485;1
BONSTETTEN;86486;1
DEISENHAUSEN;86489;1
EBERSHAUSEN;86491;1
EMERSACKER;86494;1
HORGAU;86497;1
KETTERSHAUSEN;86498;1
KUTZENHAUSEN;86500;1
LAUGNA;86502;1
MERCHING;86504;1
MÜNSTERHAUSEN;86505;1
KLEINAITINGEN;86507;1
OBEROTTMARSHAUSEN;86507;1
REHLING;86508;1
RIED;86510;1
SCHMIECHEN;86511;1
URSBERG;86513;1
USTERSBACH;86514;1
WEHRINGEN;86517;1
AICHACH;86551;1
PÖTTMES;86554;1
KÜHBACH;86556;1
ADELZHAUSEN;86559;1
HOLLENBACH;86568;1
INCHENHOFEN;86570;1
OBERGRIESBACH;86573;1
SCHILTBERG;86576;1
SIELENBACH;86577;1
DONAUWÖRTH;86609;1
WERTINGEN;86637;1
BUTTENWIESEN;86647;1
WEMDING;86650;1
MONHEIM;86653;1
DAITING;86653;1
HARBURG;86655;1
BISSINGEN;86657;1
TAPFHEIM;86660;1
ASBACH-BÄUMENHEIM;86663;1
THIERHAUPTEN;86672;1
BUCHDORF;86675;1
ELLGAU;86679;1
FÜNFSTETTEN;86681;1
GENDERKINGEN;86682;1
HUISHEIM;86685;1
KAISHEIM;86687;1
MARXHEIM;86688;1
MERTINGEN;86690;1
NIEDERSCHÖNENFELD;86694;1
ALLMANNSHOFEN;86695;1
NORDENDORF;86695;1
OBERNDORF AM LECH;86698;1
OTTING;86700;1
RÖGLING;86703;1
TAGMERSHEIM;86704;1
KÜHLENTHAL;86707;1
WOLFERSTADT;86709;1
NÖRDLINGEN;86720;1
OETTINGEN IN BAYERN;86732;1
ALERHEIM;86733;1
FORHEIM;86735;1
AMERDINGEN;86735;1
AUHAUSEN;86736;1
DEININGEN;86738;1
EDERHEIM;86739;1
EHINGEN AM RIES;86741;1
FREMDINGEN;86742;1
HAINSFARTH;86744;1
HOHENALTHEIM;86745;1
MAIHINGEN;86747;1
MARKTOFFINGEN;86748;1
MEGESHEIM;86750;1
MÖNCHSDEGGINGEN;86751;1
MÖTTINGEN;86753;1
MUNNINGEN;86754;1
REIMLINGEN;86756;1
WALLERSTEIN;86757;1
WECHINGEN;86759;1
BUCHLOE;86807;1
BAD WÖRISHOFEN;86825;1
SCHWABMÜNCHEN;86830;1
UNTERMEITINGEN;86836;1
KLOSTERLECHFELD;86836;1
GRABEN;86836;1
TÜRKHEIM;86842;1
GROSSAITINGEN;86845;1
FISCHACH;86850;1
LANGERRINGEN;86853;1
HILTENFINGEN;86856;1
JENGEN;86860;1
LAMERDINGEN;86862;1
LANGENNEUFNACH;86863;1
MARKT WALD;86865;1
MICKHAUSEN;86866;1
MITTELNEUFNACH;86868;1
OBEROSTENDORF;86869;1
SCHERSTETTEN;86872;1
TUSSENHAUSEN;86874;1
WAAL;86875;1
WALKERTSHOFEN;86877;1
WIEDERGELTINGEN;86879;1
LECHBRUCK;86983;1
WALTENHOFEN;87448;1
ALTUSRIED;87452;1
PFRONTEN;87459;1
DIETMANNSRIED;87463;1
OY-MITTELBERG;87466;1
DURACH;87471;1
BUCHENBERG;87474;1
SULZBERG;87477;1
WEITNAU;87480;1
NESSELWANG;87484;1
WIGGENSBACH;87487;1
BETZIGAU;87488;1
RÜCKHOLZ;87494;1
UNTRASRIED;87496;1
WERTACH;87497;1
WILDPOLDSRIED;87499;1
IMMENSTADT IM ALLGÄU;87509;1
OFTERSCHWANG;87527;1
SONTHOFEN;87527;1
OBERSTAUFEN;87534;1
OBERMAISELSTEIN;87538;1
BOLSTERLANG;87538;1
BALDERSCHWANG;87538;1
FISCHEN IM ALLGÄU;87538;1
BAD HINDELANG;87541;1
BLAICHACH;87544;1
BURGBERG IM ALLGÄU;87545;1
MISSEN-WILHAMS;87547;1
RETTENBERG;87549;1
OBERSTDORF;87561;1
KAUFBEUREN;87600;1
MARKTOBERDORF;87616;1
FÜSSEN;87629;1
OBERGÜNZBURG;87634;1
GÜNZACH;87634;1
SEEG;87637;1
BIESSENHOFEN;87640;1
HALBLECH;87642;1
SCHWANGAU;87645;1
KRAFTISRIED;87647;1
UNTERTHINGAU;87647;1
AITRANG;87648;1
BAISWEIL;87650;1
BIDINGEN;87651;1
EGGENTHAL;87653;1
FRIESENRIED;87654;1
GERMARINGEN;87656;1
GÖRISRIED;87657;1
HOPFERAU;87659;1
IRSEE;87660;1
KALTENTAL;87662;1
OSTERZELL;87662;1
LENGENWANG;87663;1
MAUERSTETTEN;87665;1
PFORZEN;87666;1
RIEDEN AM FORGGENSEE;87669;1
RONSBERG;87671;1
ROSSHAUPTEN;87672;1
RUDERATSHOFEN;87674;1
RETTENBACH AM AUERBERG;87675;1
STÖTTEN AM AUERBERG;87675;1
STÖTTWANG;87677;1
MEMMINGEN;87700;1
MINDELHEIM;87719;1
OTTOBEUREN;87724;1
BAD GRÖNENBACH;87730;1
MARKT RETTENBACH;87733;1
BENNINGEN;87734;1
BÖHEN;87736;1
APFELTRACH;87742;1
DIRLEWANG;87742;1
EGG AN DER GÜNZ;87743;1
EPPISHAUSEN;87745;1
ERKHEIM;87746;1
FELLHEIM;87748;1
HAWANGEN;87749;1
HEIMERTINGEN;87751;1
HOLZGÜNZ;87752;1
KAMMLACH;87754;1
KIRCHHASLACH;87755;1
KIRCHHEIM IN SCHWABEN;87757;1
KRONBURG;87758;1
LACHEN;87760;1
LAUTRACH;87763;1
LEGAU;87764;1
MEMMINGERBERG;87766;1
NIEDERRIEDEN;87767;1
OBERRIEDEN;87769;1
OBERSCHÖNEGG;87770;1
PFAFFENHAUSEN;87772;1
PLESS;87773;1
SALGEN;87775;1
SONTHEIM;87776;1
TRUNKELSBERG;87779;1
UNGERHAUSEN;87781;1
UNTEREGG;87782;1
WINTERRIEDEN;87785;1
WOLFERTSCHWENDEN;87787;1
WORINGEN;87789;1
BODOLZ;88131;1
LINDAU (BODENSEE);88131;1
SIGMARSZELL;88138;1
HERGENSWEILER;88138;1
WEISSENSBERG;88138;1
WASSERBURG (BODENSEE);88142;1
HERGATZ;88145;1
OPFENBACH;88145;1
NONNENHORN;88149;1
LINDENBERG IM ALLGÄU;88161;1
MAIERHÖFEN;88167;1
RÖTHENBACH (ALLGÄU);88167;1
GRÜNENBACH;88167;1
GESTRATZ;88167;1
STIEFENHOFEN;88167;1
WEILER-SIMMERBERG;88171;1
SCHEIDEGG;88175;1
HEIMENKIRCH;88178;1
OBERREUTE;88179;1
ILLERTISSEN;89257;1
WEISSENHORN;89264;1
ELCHINGEN;89275;1
NERSINGEN;89278;1
PFAFFENHOFEN AN DER ROTH;89284;1
BELLENBERG;89287;1
KELLMÜNZ;89293;1
OBERROTH;89294;1
OSTERBERG;89296;1
ROGGENBURG;89297;1
UNTERROTH;89299;1
GÜNZBURG;89312;1
BURGAU;89331;1
ICHENHAUSEN;89335;1
LEIPHEIM;89340;1
JETTINGEN-SCHEPPACH;89343;1
AISLINGEN;89344;1
BIBERTAL;89346;1
BUBESHEIM;89347;1
BURTENBACH;89349;1
DÜRRLAUINGEN;89350;1
ELLZEE;89352;1
GLÖTT;89353;1
GUNDREMMINGEN;89355;1
KAMMELTAL;89358;1
KÖTZ;89359;1
LANDENSBERG;89361;1
OFFINGEN;89362;1
RÖFINGEN;89365;1
DILLINGEN AN DER DONAU;89407;1
LAUINGEN (DONAU);89415;1
HÖCHSTÄDT AN DER DONAU;89420;1
GUNDELFINGEN AN DER DONAU;89423;1
WITTISLINGEN;89426;1
MÖDINGEN;89426;1
SYRGENSTEIN;89428;1
BACHHAGEL;89429;1
BÄCHINGEN AN DER BRENZ;89431;1
BINSWANGEN;89432;1
BLINDHEIM;89434;1
FINNINGEN;89435;1
HAUNSHEIM;89437;1
LUTZINGEN;89440;1
MEDLINGEN;89441;1
VILLENBACH;89444;1
ZIERTHEIM;89446;1
ZÖSCHINGEN;89447;1
ZUSAMALTHEIM;89449;1
BUTZBACH;35510;1
MÜNZENBERG;35516;1
ROCKENBERG;35519;1
SCHLÜCHTERN;36381;1
SINNTAL;36391;1
STEINAU AN DER STRASSE;36396;1
MAINZ-KOSTHEIM;55246;1
MAINZ-KASTEL;55252;1
BAD VILBEL;61118;1
NIDDERAU;61130;1
SCHÖNECK;61137;1
NIEDERDORFELDEN;61138;1
KARBEN;61184;1
ROSBACH VOR DER HÖHE;61191;1
ROSBACH VOR DER HÖHE NIEDER-ROSBACH;61191;1
ROSBACH VOR DER HÖHE OBER-ROSBACH;61191;1
ROSBACH VOR DER HÖHE RODHEIM VOR DER HÖHE;61191;1
NIDDATAL;61194;1
FLORSTADT;61197;1
WÖLFERSHEIM;61200;1
WÖLLSTADT;61206;1
ECHZELL;61209;1
BAD NAUHEIM;61231;1
OBER-MÖRLEN;61239;1
USINGEN;61250;1
NEU-ANSPACH;61267;1
WEHRHEIM;61273;1
WEILROD;61276;1
GRÄVENWIESBACH;61279;1
FRIEDRICHSDORF;61381;1
SCHMITTEN;61389;1
OBERURSEL;61440;1
STEINBACH (TAUNUS);61449;1
KÖNIGSTEIN IM TAUNUS;61462;1
KÖNIGSTEIN IM TAUNUS FALKENSTEIN;61462;1
KÖNIGSTEIN IM TAUNUS SCHNEIDHAIN;61462;1
KÖNIGSTEIN IM TAUNUS MAMMOLSHAIN;61462;1
KRONBERG IM TAUNUS;61476;1
RODGAU;63110;1
DIETZENBACH;63128;1
HEUSENSTAMM;63150;1
MÜHLHEIM;63165;1
OBERTSHAUSEN;63179;1
NEU-ISENBURG;63263;1
DREIEICH;63303;1
RÖDERMARK;63322;1
EGELSBACH;63329;1
MAINTAL;63477;1
BRUCHKÖBEL;63486;1
SELIGENSTADT;63500;1
LANGENSELBOLD;63505;1
HAINBURG;63512;1
ERLENSEE;63526;1
MAINHAUSEN;63533;1
GROSSKROTZENBURG;63538;1
NEUBERG;63543;1
HAMMERSBACH;63546;1
GELNHAUSEN;63571;1
FREIGERICHT;63579;1
GRÜNDAU;63584;1
LINSENGERICHT;63589;1
HASSELROTH;63594;1
BIEBERGEMÜND;63599;1
WÄCHTERSBACH;63607;1
BAD ORB;63619;1
BAD SODEN-SALMÜNSTER;63628;1
BIRSTEIN;63633;1
BRACHTTAL;63636;1
JOSSGRUND;63637;1
FLÖRSBACHTAL;63639;1
BÜDINGEN;63654;1
NIDDA;63667;1
GEDERN;63688;1
RANSTADT;63691;1
LIMESHAIN;63694;1
GLAUBURG;63695;1
HIRZENHAIN;63697;1
KEFENROD;63699;1
PFUNGSTADT;64319;1
WEITERSTADT;64331;1
SEEHEIM-JUGENHEIM;64342;1
GRIESHEIM;64347;1
REINHEIM;64354;1
MÜHLTAL;64367;1
OBER-RAMSTADT;64372;1
ERZHAUSEN;64390;1
BRENSBACH;64395;1
MODAUTAL;64397;1
GROSS-BIEBERAU;64401;1
FISCHBACHTAL;64405;1
FRÄNKISCH-CRUMBACH;64407;1
MESSEL;64409;1
GROSS-GERAU;64521;1
MÖRFELDEN-WALLDORF;64546;1
RIEDSTADT;64560;1
NAUHEIM;64569;1
BÜTTELBORN;64572;1
GERNSHEIM;64579;1
BIEBESHEIM AM RHEIN;64584;1
STOCKSTADT AM RHEIN;64589;1
BENSHEIM;64625;1
HEPPENHEIM (BERGSTRASSE);64646;1
LORSCH;64653;1
ALSBACH-HÄHNLEIN;64665;1
LINDENFELS;64678;1
GRASELLENBACH;64689;1
MICHELSTADT;64720;1
BAD KÖNIG;64732;1
HÖCHST IM ODENWALD;64739;1
BEERFELDEN;64743;1
BREUBERG;64747;1
LÜTZELBACH;64750;1
BROMBACHTAL;64753;1
HESSENECK;64754;1
MOSSAUTAL;64756;1
ROTHENBERG;64757;1
DIEBURG;64807;1
GROSS-UMSTADT;64823;1
GROSS-ZIMMERN;64846;1
SCHAAFHEIM;64850;1
OTZBERG;64853;1
EPPERTSHAUSEN;64859;1
HOCHHEIM AM MAIN;65239;1
BAD SCHWALBACH;65307;1
HEIDENROD;65321;1
AARBERGEN;65326;1
GEISENHEIM;65366;1
OESTRICH-WINKEL;65375;1
RÜDESHEIM AM RHEIN;65385;1
SCHLANGENBAD;65388;1
WALLUF;65396;1
KIEDRICH;65399;1
RÜSSELSHEIM;65428;1
FLÖRSHEIM;65439;1
KELSTERBACH;65451;1
GINSHEIM-GUSTAVSBURG;65462;1
TREBUR;65468;1
BISCHOFSHEIM;65474;1
RAUNHEIM;65479;1
IDSTEIN;65510;1
HÜNSTETTEN;65510;1
NIEDERNHAUSEN;65527;1
WALDEMS;65529;1
HOFHEIM AM TAUNUS;65719;1
ESCHBORN;65760;1
KELKHEIM (TAUNUS);65779;1
HATTERSHEIM;65795;1
BAD SODEN AM TAUNUS;65812;1
EPPSTEIN;65817;1
SCHWALBACH AM TAUNUS;65824;1
KRIFTEL;65830;1
LIEDERBACH AM TAUNUS;65835;1
VIERNHEIM;68519;1
LAMPERTHEIM;68623;1
BÜRSTADT;68642;1
BIBLIS;68647;1
GROSS-ROHRHEIM;68649;1
NECKARSTEINACH;69239;1
WALD-MICHELBACH;69483;1
BIRKENAU;69488;1
MÖRLENBACH;69509;1
GORXHEIMERTAL;69517;1
ABTSTEINACH;69518;1
GLADENBACH;35075;1
BAD ENDBACH;35080;1
WETTER;35083;1
EBSDORFERGRUND;35085;1
CÖLBE;35091;1
LAHNTAL;35094;1
LOHRA;35102;1
FRONHAUSEN;35112;1
BIEDENKOPF;35216;1
DAUTPHETAL;35232;1
BREIDENBACH;35236;1
STEFFENBERG;35239;1
STADTALLENDORF;35260;1
KIRCHHAIN;35274;1
NEUSTADT (HESSEN);35279;1
RAUSCHENBERG;35282;1
AMÖNEBURG;35287;1
WOHRATAL;35288;1
GRÜNBERG;35305;1
HOMBERG (OHM);35315;1
MÜCKE;35325;1
ULRICHSTEIN;35327;1
GEMÜNDEN (FELDA);35329;1
HUNGEN;35410;1
POHLHEIM;35415;1
BUSECK;35418;1
LICH;35423;1
LANGGÖNS;35428;1
WETTENBERG;35435;1
BIEBERTAL;35444;1
REISKIRCHEN;35447;1
HEUCHELHEIM;35452;1
LOLLAR;35457;1
FERNWALD;35463;1
ALLENDORF (LUMDA);35469;1
SOLMS;35606;1
ASSLAR;35614;1
BRAUNFELS NEUKIRCHEN;35619;1
BRAUNFELS BONBADEN;35619;1
BRAUNFELS ALTENKIRCHEN;35619;1
BRAUNFELS PHILIPPSTEIN;35619;1
BRAUNFELS TIEFENBACH;35619;1
BRAUNFELS BRAUNFELS;35619;1
BRAUNFELS;35619;1
HÜTTENBERG;35625;1
EHRINGSHAUSEN;35630;1
LAHNAU;35633;1
LEUN;35638;1
SCHÖFFENGRUND;35641;1
HOHENAHR;35644;1
WALDSOLMS;35647;1
BISCHOFFEN;35649;1
HAIGER;35708;1
ESCHENBURG;35713;1
DIETZHÖLZTAL;35716;1
ANGELBURG;35719;1
GREIFENSTEIN;35753;1
MITTENAAR;35756;1
DRIEDORF;35759;1
SINN;35764;1
SIEGBACH;35768;1
WEILBURG;35781;1
WEILMÜNSTER;35789;1
LÖHNBERG;35792;1
MENGERSKIRCHEN;35794;1
WEINBACH;35796;1
MERENBERG;35799;1
SCHLITZ;36110;1
ALSFELD;36304;1
KIRTORF;36320;1
GREBENAU;36323;1
FELDATAL;36325;1
ANTRIFTTAL;36326;1
ROMROD;36329;1
GREBENHAIN;36355;1
HERBSTEIN;36358;1
FREIENSTEINAU;36399;1
SCHOTTEN;63679;1
BAD CAMBERG;65520;1
HADAMAR;65589;1
RUNKEL;65594;1
HÜNFELDEN;65597;1
ELZ;65604;1
VILLMAR;65606;1
BRECHEN;65611;1
BESELICH;65614;1
SELTERS (TAUNUS);65618;1
WALDBRUNN (WESTERWALD);65620;1
ELBTAL;65627;1
MELSUNGEN;34212;1
BAUNATAL;34225;1
FULDATAL;34233;1
VELLMAR;34246;1
LOHFELDEN;34253;1
KAUFUNGEN;34260;1
NIESTETAL;34266;1
SCHAUENBURG;34270;1
FULDABRÜCK;34277;1
GUDENSBERG;34281;1
SPANGENBERG;34286;1
ZIERENBERG;34289;1
AHNATAL;34292;1
EDERMÜNDE;34295;1
HELSA;34298;1
GUXHAGEN;34302;1
NIEDENSTEIN;34305;1
BAD EMSTAL;34308;1
ESPENAU;34314;1
HABICHTSWALD;34317;1
SÖHREWALD;34320;1
MALSFELD;34323;1
MORSCHEN;34326;1
KÖRLE;34327;1
NIESTE;34329;1
REINHARDSHAGEN;34359;1
HOFGEISMAR;34369;1
IMMENHAUSEN;34376;1
CALDEN;34379;1
BAD KARLSHAFEN;34385;1
TRENDELBURG;34388;1
GREBENSTEIN;34393;1
OBERWESER;34399;1
BAD AROLSEN;34454;1
WOLFHAGEN;34466;1
VOLKMARSEN;34471;1
DIEMELSTADT;34474;1
TWISTETAL;34477;1
BREUNA;34479;1
KORBACH;34497;1
WILLINGEN (UPLAND);34508;1
VÖHL;34516;1
DIEMELSEE;34519;1
BAD WILDUNGEN;34537;1
EDERTAL;34549;1
FRITZLAR;34560;1
HOMBERG (EFZE);34576;1
FELSBERG;34587;1
WABERN;34590;1
KNÜLLWALD;34593;1
BAD ZWESTEN;34596;1
NEUENTAL;34599;1
SCHWALMSTADT;34613;1
FRIELENDORF;34621;1
WILLINGSHAUSEN;34628;1
GILSERBERG;34630;1
JESBERG;34632;1
OTTRAU;34633;1
SCHRECKSBACH;34637;1
FRANKENBERG (EDER);35066;1
BATTENBERG (EDER);35088;1
BURGWALD;35099;1
ALLENDORF (EDER);35108;1
ALLENDORF (EDER) BATTENFELD;35108;1
ALLENDORF (EDER) HAINE;35108;1
ALLENDORF (EDER) OSTERFELD;35108;1
ALLENDORF (EDER) RENNERTEHAUSEN;35108;1
FRANKENAU;35110;1
HAINA (KLOSTER);35114;1
HATZFELD (EDER);35116;1
ROSENTHAL;35119;1
GEMÜNDEN (WOHRA);35285;1
HÜNFELD;36088;1
KÜNZELL;36093;1
FLIEDEN;36103;1
HILDERS;36115;1
EICHENZELL;36124;1
GERSFELD;36129;1
EITERFELD;36132;1
GROSSENLÜDER;36137;1
HOFBIEBER;36145;1
KALBACH;36148;1
BURGHAUN;36151;1
HOSENFELD;36154;1
EBERSBURG;36157;1
DIPPERZ;36160;1
HAUNETAL;36166;1
NÜSTTAL;36167;1
RASDORF;36169;1
BEBRA;36179;1
ROTENBURG AN DER FULDA;36199;1
SONTRA;36205;1
WILDECK;36208;1
ALHEIM;36211;1
RONSHAUSEN;36217;1
CORNBERG;36219;1
BAD HERSFELD;36251;1
LUDWIGSAU;36251;1
HERINGEN (WERRA);36266;1
PHILIPPSTHAL (WERRA);36269;1
NIEDERAULA;36272;1
SCHENKLENGSFELD;36277;1
OBERAULA;36280;1
HAUNECK;36282;1
HOHENRODA;36284;1
BREITENBACH AM HERZBERG;36287;1
BAD SALZSCHLIRF;36364;1
HESSISCH LICHTENAU;37235;1
BAD SOODEN-ALLENDORF;37242;1
GROSSALMERODE;37247;1
NEU-EICHENBERG;37249;1
ESCHWEGE;37269;1
MEINHARD;37276;1
WANFRIED;37281;1
WALDKAPPEL;37284;1
WEHRETAL;37287;1
MEISSNER;37290;1
HERLESHAUSEN;37293;1
RINGGAU;37296;1
BERKATAL;37297;1
BROMSKIRCHEN;59969;1
HAMBURG ALTSTADT;20095;1
HAMBURG HAMM-SÜD;20537;1
HAMBURG HAMM-MITTE;20537;1
HAMBURG ROTHENBURGSORT;20539;1
HAMBURG SPADENLAND;21037;1
HAMBURG TATENBERG;21037;1
HAMBURG KIRCHWERDER;21037;1
HAMBURG OCHSENWERDER;21037;1
HAMBURG REITBROOK;21037;1
HAMBURG MARMSTORF;21077;1
HAMBURG NEULAND;21079;1
HAMBURG GUT MOOR;21079;1
HAMBURG WALTERSHOF;21129;1
HAMBURG NEUENFELDE;21129;1
HAMBURG CRANZ;21129;1
HAMBURG FINKENWERDER;21129;1
HAMBURG FRANCOP;21129;1
HAMBURG ALTENWERDER;21129;1
HAMBURG DULSBERG;22049;1
HAMBURG VOLKSDORF;22359;1
HAMBURG DUVENSTEDT;22397;1
HAMBURG ISERBROOK;22589;1
HAMBURG NEUWERK;27499;1
STAVEN;17039;1
WOGGERSIN;17039;1
ZIRZOW;17039;1
BESERITZ;17039;1
TROLLENHAGEN;17039;1
NEDDEMIN;17039;1
WULKENZIN;17039;1
NEVERIN;17039;1
BLANKENHOF;17039;1
SPONHOLZ;17039;1
WARLIN;17039;1
ALTENTREPTOW;17087;1
BUROW;17089;1
GÜLTZ;17089;1
GRISCHOW;17089;1
GRAPZOW;17089;1
GOLCHEN;17089;1
GNEVKOW;17089;1
SIEDENBOLLENTIN;17089;1
BREEST;17089;1
BARTOW;17089;1
RÖCKWITZ;17091;1
GROSS TEETZLEBEN;17091;1
PRIPSLEBEN;17091;1
KNORRENDORF;17091;1
ROSENOW;17091;1
KRIESOW;17091;1
TÜTZPATZ;17091;1
WOLDE;17091;1
GROSS NEMEROW;17094;1
HOLLDORF;17094;1
TESCHENDORF;17094;1
PRAGSDORF;17094;1
BURG STARGARD;17094;1
CÖLPIN;17094;1
EICHHORST;17099;1
SCHWANBECK;17099;1
GENZKOW;17099;1
DATZETAL;17099;1
GLIENKE;17099;1
BROHM;17099;1
DEMMIN;17109;1
BEGGEROW;17111;1
HOHENMOCKER;17111;1
WARRENZIN;17111;1
BORRENTIN;17111;1
NOSSENDORF;17111;1
SIEDENBRÜNZOW;17111;1
SANZKOW;17111;1
QUITZEROW;17111;1
UPOST;17111;1
SAROW;17111;1
HOHENBRÜNZOW;17111;1
UTZEDEL;17111;1
KLETZIN;17111;1
KENTZLIN;17111;1
BEESTLAND;17111;1
HOHENBOLLENTIN;17111;1
MEESIGER;17111;1
WOTENICK;17111;1
TEUSIN;17111;1
LOITZ;17121;1
GÖRMIN;17121;1
WÜSTENFELDE;17121;1
TRANTOW;17121;1
DÜVIER;17121;1
JARMEN;17126;1
KRUCKOW;17129;1
SCHMARSOW;17129;1
BENTZIN;17129;1
VÖLSCHOW;17129;1
DABERKOW;17129;1
ALT TELLIN;17129;1
TUTOW;17129;1
SCHWINKENDORF;17139;1
GIELOW;17139;1
DUCKOW;17139;1
REMPLIN;17139;1
MALCHIN;17139;1
FAULENROST;17139;1
IVENACK;17153;1
BREDENFELDE;17153;1
JÜRGENSTORF;17153;1
ZETTEMIN;17153;1
BRIGGOW;17153;1
KITTENDORF;17153;1
GRAMMENTIN;17153;1
REUTERSTADT STAVENHAGEN;17153;1
RITZEROW;17153;1
NEUKALEN;17154;1
WAGUN;17159;1
BRUDERSDORF;17159;1
DARGUN;17159;1
ZARNEKOW;17159;1
DALKENDORF;17166;1
ALT SÜHRKOW;17166;1
TETEROW;17166;1
HOHEN DEMZIN;17166;1
BRISTOW;17166;1
DAHMEN;17166;1
GROSS ROGE;17166;1
GROSS WOKERN;17166;1
GROSS WÜSTENFELDE;17168;1
LEVITZOW;17168;1
WARNKENHAGEN;17168;1
THÜRKOW;17168;1
REMLIN;17168;1
NEU HEINDE;17168;1
MATGENDORF;17168;1
POGGELOW;17168;1
SUKOW-MARIENHOF;17168;1
LELKENDORF;17168;1
JÖRDENSTORF;17168;1
PREBBEREDE;17168;1
GNOIEN;17179;1
ALTKALEN;17179;1
WALKENDORF;17179;1
FINKENTHAL;17179;1
LÜHBURG;17179;1
BEHREN-LÜBCHIN;17179;1
WASDOW;17179;1
GROSS GIEVITZ;17192;1
TORGELOW AM SEE;17192;1
VARCHENTIN;17192;1
KLINK;17192;1
KARGOW;17192;1
WAREN (MÜRITZ);17192;1
GROSS DRATOW;17192;1
ALT SCHÖNAU;17192;1
LANSEN;17192;1
GROSS PLASTEN;17192;1
SCHLOEN;17192;1
NEU GAARZ;17194;1
VIELIST;17194;1
JABEL;17194;1
HOHEN WANGELIN;17194;1
GRABOWHÖFE;17194;1
KLOCKSIN;17194;1
VOLLRATHSRUHE;17194;1
LUPENDORF;17194;1
MOLTZOW;17194;1
GROSS KELLE;17207;1
GOTTHUN;17207;1
LUDORF;17207;1
KAMBS;17207;1
BOLLEWICK;17207;1
RÖBEL/MÜRITZ;17207;1
MINZOW;17209;1
ELDETAL;17209;1
ZEPKOW;17209;1
PRIBORN;17209;1
BÜTOW;17209;1
STUER;17209;1
VIPPEROW;17209;1
KIEVE;17209;1
ROGEEZ;17209;1
SIETOW;17209;1
MASSOW;17209;1
FINCKEN;17209;1
ZISLOW;17209;1
MELZ;17209;1
WREDENHAGEN;17209;1
JAEBETZ;17209;1
WALOW;17209;1
LEIZEN;17209;1
GRÜSSOW;17213;1
ADAMSHOFFNUNG;17213;1
PENKOW;17213;1
GÖHREN-LEBBIN;17213;1
MALCHOW;17213;1
LEXOW;17213;1
NOSSENTINER HÜTTE;17214;1
ALT SCHWERIN;17214;1
LAPITZ;17217;1
PUCHOW;17217;1
MALLIN;17217;1
PENZLIN;17217;1
ALT REHSE;17217;1
GROSS VIELEN;17217;1
KLEIN LUKOW;17217;1
MOLLENSTORF;17217;1
GROSS FLOTOW;17219;1
ANKERSHAGEN;17219;1
MARIHN;17219;1
MÖLLENHAGEN;17219;1
NEUSTRELITZ;17235;1
CARPIN;17237;1
KLEIN VIELEN;17237;1
WATZKENDORF;17237;1
BLUMENHOLZ;17237;1
WOKUHL-DABELOW;17237;1
HOHENZIERITZ;17237;1
GODENDORF;17237;1
KRATZEBURG;17237;1
USERIN;17237;1
RECHLIN;17248;1
LÄRZ;17248;1
SCHWARZ;17252;1
DIEMITZ;17252;1
MIROW;17252;1
PRIEPERT;17255;1
POLZOW;17309;1
JATZNICK;17309;1
FAHRENWALDE;17309;1
BRIETZIG;17309;1
KRUGSDORF;17309;1
PASEWALK;17309;1
BELLING;17309;1
ZÜSEDOM;17309;1
ROLLWITZ;17309;1
KOBLENTZ;17309;1
DAMEROW;17309;1
ZERRENTHIN;17309;1
NIEDEN;17309;1
VIERECK;17309;1
RAMIN;17321;1
LÖCKNITZ;17321;1
PLÖWEN;17321;1
ROTHENKLEMPENOW;17321;1
BERGHOLZ;17321;1
ROSSOW;17322;1
BISMARK;17322;1
GLASOW;17322;1
LEBEHN;17322;1
MEWEGEN;17322;1
PENKUN;17328;1
KRACKOW;17329;1
NADRENSEE;17329;1
STRASBURG;17335;1
GALENBECK;17337;1
BLUMENHAGEN;17337;1
SCHÖNHAUSEN;17337;1
GROSS LUCKOW;17337;1
KLEIN LUCKOW;17337;1
NEU KÄBELICH;17348;1
WOLDEGK;17348;1
MILDENITZ;17348;1
GROSS DABERKOW;17348;1
KUBLANK;17349;1
SCHÖNBECK;17349;1
HELPT;17349;1
GROSS MILTZOW;17349;1
VOIGTSDORF;17349;1
NEETZKA;17349;1
TORGELOW-HOLLÄNDEREI;17358;1
TORGELOW;17358;1
EGGESIN;17367;1
UECKERMÜNDE;17373;1
MEIERSBERG;17375;1
LEOPOLDSHAGEN;17375;1
LIEPGARTEN;17375;1
GRAMBIN;17375;1
ALTWARP;17375;1
LUCKOW;17375;1
VOGELSANG-WARSIN;17375;1
MÖNKEBUDE;17375;1
HINTERSEE;17375;1
HEINRICHSRUH;17379;1
FERDINANDSHOF;17379;1
ALTWIGSHAGEN;17379;1
WILHELMSBURG;17379;1
ROTHEMÜHL;17379;1
NEUENDORF A;17379;1
HEINRICHSWALDE;17379;1
WIETSTOCK;17379;1
ANKLAM;17389;1
SCHMATZIN;17390;1
RUBKOW;17390;1
MURCHIN;17390;1
KLEIN BÜNZOW;17390;1
GROSS POLZIN;17390;1
NERDIN;17391;1
LIEPEN;17391;1
IVEN;17391;1
POSTLOW;17391;1
NEUENDORF B;17391;1
MEDOW;17391;1
STEINMOCKER;17391;1
KRUSENFELDE;17391;1
NEETZOW;17391;1
KRIEN;17391;1
BOLDEKOW;17392;1
PELSIN;17392;1
BLESEWITZ;17392;1
SARNOW;17392;1
JAPENZIN;17392;1
PUTZAR;17392;1
DREWELOW;17392;1
SPANTEKOW;17392;1
ZINZOW;17392;1
BUTZOW;17392;1
SCHWERINSBURG;17398;1
BARGISCHOW;17398;1
BUGEWITZ;17398;1
NEU KOSENOW;17398;1
RATHEBUR;17398;1
ROSSIN;17398;1
DUCHEROW;17398;1
USEDOM;17406;1
MORGENITZ;17406;1
RANKWITZ;17406;1
STOLPE AUF USEDOM;17406;1
KORSWANDT;17419;1
KAMMINKE;17419;1
DARGEN;17419;1
ZIRCHOW;17419;1
BANSIN;17429;1
NEPPERMIN;17429;1
MELLENTHIN;17429;1
PUDAGLA;17429;1
WOLGAST;17438;1
KRÖSLIN;17440;1
SAUZIN;17440;1
HOHENDORF;17440;1
LASSAN;17440;1
LÜTOW;17440;1
ZEMITZ;17440;1
BUGGENHAGEN;17440;1
GROSS ERNSTHOF;17440;1
PULOW;17440;1
KRUMMIN;17440;1
BUDDENHAGEN;17440;1
TRASSENHEIDE;17449;1
KARLSHAGEN;17449;1
MÖLSCHOW;17449;1
PEENEMÜNDE;17449;1
ZINNOWITZ;17454;1
ÜCKERITZ;17459;1
KOSEROW;17459;1
ZEMPIN;17459;1
LODDIN;17459;1
ZÜSSOW;17495;1
LÜHMANNSDORF;17495;1
GROSS KIESOW;17495;1
WRANGELSBURG;17495;1
RANZIN;17495;1
KARLSBURG;17495;1
MESEKENHAGEN;17498;1
DARGELIN;17498;1
DIEDRICHSHAGEN;17498;1
LEVENHAGEN;17498;1
DERSEKOW;17498;1
WACKEROW;17498;1
BEHRENHOFF;17498;1
KAMMIN;17506;1
BREECHEN;17506;1
GRIBOW;17506;1
KÖLZIN;17506;1
BANDELIN;17506;1
GÜTZKOW;17506;1
LOISSIN;17509;1
LUBMIN;17509;1
BRÜNZOW;17509;1
WUSTERHUSEN;17509;1
KATZOW;17509;1
NEU BOLTENHAGEN;17509;1
RUBENOW;17509;1
ZIESENDORF;18059;1
PÖLCHOW;18059;1
LAMBRECHTSHAGEN;18069;1
ELMENHORST-LICHTENHAGEN;18107;1
SEEHEILBAD GRAAL-MÜRITZ;18181;1
RÖVERSHAGEN;18182;1
BENTWISCH;18182;1
MÖNCHHAGEN;18182;1
GELBENSANDE;18182;1
BLANKENHAGEN;18182;1
KLEIN KUSSEWITZ;18184;1
THULENDORF;18184;1
BRODERSTORF;18184;1
MANDELSHAGEN;18184;1
POPPENDORF;18184;1
SANITZ;18190;1
SELPIN;18195;1
NUSTROW;18195;1
ZARNEWANZ;18195;1
GRAMMOW;18195;1
THELKOW;18195;1
GNEWITZ;18195;1
TESSIN;18195;1
LIEBLINGSHOF;18196;1
KAVELSTORF;18196;1
DUMMERSTORF;18196;1
PRISANNEWITZ;18196;1
KESSIN;18196;1
KRITZMOW;18198;1
STÄBELOW;18198;1
WITTENBECK;18209;1
REDDELICH;18209;1
BAD DOBERAN;18209;1
BARTENSHAGEN-PARKENTIN;18209;1
ADMANNSHAGEN-BARGESHAGEN;18211;1
RETSCHOW;18211;1
BÖRGERENDE-RETHWISCH;18211;1
KÜHLUNGSBORN;18225;1
BASTORF;18230;1
RERIK;18230;1
JENNEWITZ;18230;1
RAVENSBERG;18233;1
RAKOW;18233;1
ALT BUKOW;18233;1
PEPELOW;18233;1
KIRCH MULSOW;18233;1
KARIN;18233;1
KAMIN;18233;1
KREMPIN;18233;1
WESTENBRÜGGE;18233;1
KRÖPELIN;18236;1
SCHMADEBECK;18236;1
BÖLKOW;18239;1
REINSHAGEN;18239;1
HANSTORF;18239;1
HEILIGENHAGEN;18239;1
JÜRGENSHAGEN;18246;1
KLEIN BELITZ;18246;1
RÜHN;18246;1
BÜTZOW;18246;1
ZEPELIN;18246;1
BAUMGARTEN;18246;1
TARNOW;18249;1
BERNITT;18249;1
PENZIN;18249;1
RUKIETEN;18258;1
SCHWAAN;18258;1
VORBECK;18258;1
KASSOW;18258;1
BENITZ;18258;1
BRÖBBEROW;18258;1
GÜSTROW;18273;1
PRÜZEN;18276;1
KLEIN UPAHL;18276;1
REIMERSHAGEN;18276;1
RECKNITZ;18276;1
MÜHL ROSIN;18276;1
MISTORF;18276;1
GUTOW;18276;1
GLASEWITZ;18276;1
GROSS SCHWIESOW;18276;1
ZEHNA;18276;1
KUHS;18276;1
LANGHAGEN;18279;1
WATTMANNSHAGEN;18279;1
PLAAZ;18279;1
LALENDORF;18279;1
BELLIN;18292;1
KRAKOW AM SEE;18292;1
KUCHELMISS;18292;1
DOBBIN-LINSTOW DOBBIN;18292;1
DOBBIN-LINSTOW;18292;1
DOLGEN;18299;1
WARDOW;18299;1
HOHEN SPRENZ;18299;1
LIESSOW;18299;1
LAAGE;18299;1
ALT KÄTWIN;18299;1
DIEKHOF;18299;1
RIBNITZ-DAMGARTEN;18311;1
DIVITZ-SPOLDERSHAGEN;18314;1
BARTELSHAGEN II;18314;1
KENZ-KÜSTROW;18314;1
LÜDERSHAGEN;18314;1
SAAL;18317;1
SCHLEMMIN;18320;1
DETTMANNSDORF;18320;1
AHRENSHAGEN-DASKOW;18320;1
TRINWILLERSHAGEN;18320;1
EIXEN;18334;1
LANGSDORF;18334;1
SEMLOW;18334;1
BÖHLENDORF;18334;1
BAD SÜLZE;18334;1
SCHULENBERG;18334;1
MARLOW;18337;1
AHRENSHOOP;18347;1
DIERHAGEN;18347;1
BARTH;18356;1
PRUCHTEN;18356;1
ZINGST;18374;1
PREROW;18375;1
WIECK;18375;1
BORN A. DARSS;18375;1
GROSS KORDSHAGEN;18442;1
NEU BARTELSHAGEN;18442;1
JAKOBSDORF;18442;1
PANTELITZ;18442;1
NIEPARS;18442;1
ALTENPLEEN;18445;1
PROHN;18445;1
GROSS MOHRDORF;18445;1
KRAMERHOF;18445;1
RICHTENBERG;18461;1
MILLIENHAGEN-OEBELITZ;18461;1
GREMERSDORF-BUCHHOLZ;18461;1
FRANZBURG;18461;1
DRECHOW;18465;1
TRIBSEES;18465;1
HUGOLDSDORF;18465;1
KARNIN;18469;1
VELGAST;18469;1
GRIMMEN;18507;1
ZARRENDORF;18510;1
BEHNKENDORF;18510;1
PAPENHAGEN;18510;1
WITTENHAGEN;18510;1
STOLTENHAGEN;18510;1
WENDISCH BAGGENDORF;18513;1
GLEWITZ;18513;1
GRAMMENDORF;18513;1
SPLIETSDORF;18513;1
GRANSEBIETH;18513;1
DEYELSDORF;18513;1
SÜDERHOLZ;18516;1
REINBERG;18519;1
WILMSHAGEN;18519;1
MILTZOW;18519;1
BRANDSHAGEN;18519;1
BERGEN AUF RÜGEN;18528;1
RALSWIEK;18528;1
THESENVITZ;18528;1
PARCHTITZ;18528;1
RAPPIN;18528;1
ZIRKOW;18528;1
PATZIG;18528;1
BUSCHVITZ;18528;1
SEHLEN;18528;1
SASSNITZ;18546;1
GLOWE;18551;1
SAGARD;18551;1
LOHME;18551;1
PUTGARTEN;18556;1
WIEK;18556;1
BREEGE;18556;1
DRANSKE;18556;1
INSEL HIDDENSEE;18565;1
KLUIS;18569;1
UMMANZ;18569;1
SCHAPRODE;18569;1
TRENT;18569;1
GINGST;18569;1
ALTEFÄHR;18573;1
RAMBIN;18573;1
SAMTENS;18573;1
DRESCHVITZ;18573;1
KARNITZ;18574;1
GUSTOW;18574;1
POSERITZ;18574;1
ZUDAR;18574;1
PUTBUS;18581;1
LANCKEN-GRANITZ;18586;1
GAGER;18586;1
MIDDELHAGEN;18586;1
BAABE;18586;1
SELLIN;18586;1
THIESSOW;18586;1
BINZ;18609;1
GODERN;19065;1
GNEVEN;19065;1
RABEN STEINFELD;19065;1
CAMBS;19067;1
RETGENDORF;19067;1
RUBOW;19067;1
LANGEN BRÜTZ;19067;1
ZICKHUSEN;19069;1
PINGELSHAGEN;19069;1
SEEHOF;19069;1
BÖKEN;19069;1
KLEIN TREBBOW;19069;1
ALT METELN;19069;1
CRAMONSHAGEN;19071;1
BRÜSEWITZ;19071;1
DALBERG-WENDELSTORF;19071;1
SCHOSSIN;19073;1
WITTENFÖRDEN;19073;1
ZÜLOW;19073;1
KLEIN ROGAHN;19073;1
DÜMMER;19073;1
HOLTHUSEN;19075;1
SÜLSTORF;19077;1
UELITZ;19077;1
LÜBESSE;19077;1
RASTOW;19077;1
SUKOW;19079;1
GOLDENSTÄDT;19079;1
BANZKOW;19079;1
PLATE;19086;1
WESSIN;19089;1
CRIVITZ;19089;1
RUTHENBECK;19089;1
ZAPEL;19089;1
GÄDEBEHN;19089;1
BARNIN;19089;1
DEMEN;19089;1
GADEBUSCH;19205;1
POKRENT;19205;1
RÖGNITZ;19205;1
DRAGUN;19205;1
KNEESE;19205;1
KREMBZ;19205;1
ROGGENDORF;19205;1
VEELBÖKEN;19205;1
MÜHLEN EICHSEN;19205;1
PERLIN;19209;1
BADOW;19209;1
RENZOW;19209;1
LÜTZOW;19209;1
GOTTESGABE;19209;1
CARLOW;19217;1
DEMERN;19217;1
RIEPS;19217;1
KÖCHELSTORF;19217;1
SCHLAGSDORF;19217;1
REHNA;19217;1
GROSS MOLZAHN;19217;1
GROSS RÜNZ;19217;1
THANDORF;19217;1
WEDENDORF;19217;1
UTECHT;19217;1
NESOW;19217;1
DECHOW;19217;1
VITENSE;19217;1
BANDENITZ;19230;1
BELSCH;19230;1
REDEFIN;19230;1
ALT ZACHUN;19230;1
PRITZIER;19230;1
GAMMELIN;19230;1
KUHSTORF;19230;1
WARLITZ;19230;1
BOBZIN;19230;1
TODDIN;19230;1
SETZIN;19230;1
HÜLSEBURG;19230;1
GROSS KRAMS;19230;1
PICHER;19230;1
KIRCH JESAR;19230;1
HOORT;19230;1
MORAAS;19230;1
STROHKIRCHEN;19230;1
PÄTOW;19230;1
HAGENOW;19230;1
DREILÜTZOW;19243;1
LUCKWITZ;19243;1
WASCHOW;19243;1
KARFT;19243;1
WITTENBURG;19243;1
PARUM;19243;1
DRÖNNEWITZ;19243;1
LEHSEN;19243;1
DODOW;19243;1
TESSIN BEI WITTENBURG;19243;1
KÖRCHOW;19243;1
LÜTTOW;19246;1
LASSAHN;19246;1
ZARRENTIN;19246;1
BANTIN;19246;1
VALLUHN;19246;1
CAMIN;19246;1
GÖSSLOW;19249;1
GARLITZ;19249;1
JESSENITZ;19249;1
LÜBTHEEN;19249;1
SCHWANHEIDE;19258;1
NEU GÜLZE;19258;1
BOIZENBURG;19258;1
KLEIN BENGERSTORF;19258;1
NOSTORF;19258;1
WIEBENDORF;19258;1
TESSIN BEI BOIZENBURG;19258;1
GRESSE;19258;1
GALLIN;19258;1
BESITZ;19258;1
BENNIN;19260;1
BANZIN;19260;1
KLODDRAM;19260;1
DERSENOW;19260;1
VELLAHN;19260;1
RODENWALDE;19260;1
TELDAU;19273;1
MELKOF;19273;1
BRAHLSTORF;19273;1
LÜBLOW;19288;1
LEUSSOW;19288;1
GROSS LAASCH;19288;1
GÖHLEN;19288;1
KUMMER;19288;1
LUDWIGSLUST;19288;1
WÖBBELIN;19288;1
GLAISIN;19288;1
FAHRBINDE;19288;1
ALT KRENZLIN;19288;1
WARLOW;19288;1
MALK GÖHREN GÖHREN;19294;1
NEU KALISS;19294;1
GORLOSEN;19294;1
KRINITZ;19294;1
GREBS;19294;1
DADOW;19294;1
ELDENA;19294;1
MALLISS;19294;1
MALK GÖHREN;19294;1
KARENZ;19294;1
MALK GÖHREN MALK;19294;1
NIENDORF AN DER RÖGNITZ;19294;1
BALOW;19300;1
MUCHOW;19300;1
WERLE;19300;1
PRISLICH;19300;1
ZIERZOW;19300;1
STEESOW;19300;1
KREMMIN;19300;1
VIELANK;19303;1
POLZ;19303;1
DÖMITZ;19303;1
TEWSWOOS;19303;1
HEIDHOF;19303;1
RÜTERBERG;19303;1
WOOSMER;19303;1
NEUSTADT-GLEWE;19306;1
BLIEVENSTORF;19306;1
BRENZ;19306;1
DAMBECK;19357;1
PARCHIM;19370;1
GROSS GODEMS;19372;1
MATZLOW-GARWITZ;19372;1
KARRENZIN;19372;1
ROM;19372;1
BRUNOW;19372;1
SPORNITZ;19372;1
ZIEGENDORF;19372;1
FRIEDRICHSRUHE;19374;1
KLINKEN;19374;1
SEVERIN;19374;1
RADUHN;19374;1
MESTLIN;19374;1
ZÖLKOW;19374;1
DOMSÜHL;19374;1
GREBBIN;19374;1
MARNITZ;19376;1
SUCKOW;19376;1
TESSENOW;19376;1
SIGGELKOW;19376;1
KRITZOW;19386;1
KREIEN;19386;1
GALLIN-KUPPENTIN;19386;1
GISCHOW;19386;1
GRANZIN;19386;1
KARBOW-VIETLÜBBE;19386;1
LUTHERAN;19386;1
BROOCK;19386;1
LÜBZ;19386;1
WENDISCH PRIBORN;19395;1
BARKOW;19395;1
PLAU AM SEE;19395;1
GANZLIN;19395;1
GNEVSDORF;19395;1
PLAUERHAGEN;19395;1
WENDISCH WAREN;19399;1
DIESTELOW;19399;1
TECHENTIN;19399;1
DOBBERTIN;19399;1
GOLDBERG;19399;1
NEU POSERIN;19399;1
GROSS GÖRNOW;19406;1
KOBROW;19406;1
STERNBERG;19406;1
BORKOW;19406;1
WITZIN;19406;1
DABEL;19406;1
HOHEN PRITZ;19406;1
KUHLEN;19412;1
LANGEN JARCHOW;19412;1
BRÜEL;19412;1
ZAHRENSDORF;19412;1
WARIN;19417;1
BIBOW;19417;1
JESENDORF;19417;1
GROSS LABENZ;19417;1
VENTSCHOW;19417;1
RODUCHELSTORF;23923;1
LOCKWISCH;23923;1
GROSS SIEMZ;23923;1
MENZENDORF;23923;1
SELMSDORF;23923;1
BERNSTORF;23936;1
PLÜSCHOW;23936;1
TESTORF-STEINFORT;23936;1
BÖRZOW;23936;1
ROGGENSTORF;23936;1
UPAHL;23936;1
PAPENHUSEN;23936;1
GREVESMÜHLEN;23936;1
MALLENTIN;23936;1
RÜTING;23936;1
PÖTENITZ;23942;1
HARKENSEE;23942;1
KALKHORST;23942;1
DASSOW;23942;1
OSTSEEBAD BOLTENHAGEN;23944;1
BOLTENHAGEN;23946;1
GROSS WALMSTORF;23948;1
DAMSHAGEN;23948;1
KLÜTZ;23948;1
MOOR-ROLOFSHAGEN;23948;1
WISMAR, MECKLENBURG;23952;1
GRAMKOW;23968;1
ZIEROW;23968;1
GÄGELOW;23968;1
BARNEKOW;23968;1
LÜBOW;23972;1
METELSDORF;23972;1
DORF MECKLENBURG;23972;1
SCHIMM;23972;1
GROSS STIETEN;23972;1
KRUSENHAGEN;23974;1
BLOWATZ;23974;1
BOIENSDORF;23974;1
NEUBURG;23974;1
HORNSTORF;23974;1
NEUKLOSTER;23992;1
ZÜSOW;23992;1
LÜBBERSTORF;23992;1
PASSEE;23992;1
ZUROW;23992;1
GLASIN;23992;1
HOHEN VIECHELN;23996;1
GROSS KRANKOW;23996;1
BOBITZ;23996;1
BEIDENDORF;23996;1
BAD KLEINEN;23996;1
INSEL POEL;23999;1
NEUHAUS;19273;1
BENDESTORF;21227;1
HARMSTORF;21228;1
BUCHHOLZ IN DER NORDHEIDE;21244;1
KAKENSTORF;21255;1
WISTEDT;21255;1
KÖNIGSMOOR;21255;1
TOSTEDT;21255;1
HANDELOH;21256;1
OTTER;21259;1
WELLE;21261;1
JESTEBURG;21266;1
HANSTEDT;21271;1
EGESTORF;21272;1
UNDELOH;21274;1
WENZENDORF;21279;1
HOLLENSTEDT;21279;1
APPEL;21279;1
DRESTEDT;21279;1
BLECKEDE;21354;1
BARDOWICK;21357;1
WITTORF;21357;1
MECHTERSEN;21358;1
VÖGELSEN;21360;1
ADENDORF;21365;1
BOITZE;21368;1
DAHLENBURG;21368;1
NAHRENDORF;21369;1
TOSTERGLOPE;21371;1
GARLSTORF;21376;1
GÖDENSTORF;21376;1
EYENDORF;21376;1
SALZHAUSEN;21376;1
LÜDERSBURG;21379;1
RULLSTORF;21379;1
ECHEM;21379;1
SCHARNEBECK;21379;1
ARTLENBURG;21380;1
BRIETLINGEN;21382;1
REHLINGEN;21385;1
AMELINGHAUSEN;21385;1
OLDENDORF (LUHE);21385;1
BETZENDORF;21386;1
SODERSTORF;21388;1
DACHTMISSEN;21391;1
REPPENSTEDT;21391;1
WESTERGELLERSEN;21394;1
KIRCHGELLERSEN;21394;1
SÜDERGELLERSEN;21394;1
TESPE;21395;1
VASTORF;21397;1
BARENDORF;21397;1
NEETZE;21398;1
REINSTORF;21400;1
THOMASBURG;21401;1
WENDISCH EVERN;21403;1
MELBECK;21406;1
BARNSTEDT;21406;1
DEUTSCH EVERN;21407;1
EMBSEN;21409;1
WINSEN (LUHE);21423;1
STELLE;21435;1
MARSCHACHT;21436;1
BRACKEL;21438;1
MARXEN;21439;1
GARSTEDT;21441;1
TOPPENSTEDT;21442;1
VIERHÖFEN;21444;1
WULFSEN;21445;1
HANDORF;21447;1
RADBRUCH;21449;1
HITTBERGEN;21522;1
HOHNSTORF (ELBE);21522;1
BUXTEHUDE;21614;1
NEU WULMSTORF;21629;1
JORK;21635;1
NOTTENSDORF;21640;1
BLIEDERSDORF;21640;1
HORNEBURG;21640;1
APENSEN;21641;1
BECKDORF;21643;1
SAUENSIEK;21644;1
HALVESBOSTEL;21646;1
MOISBURG;21647;1
REGESBOSTEL;21649;1
AGATHENBURG;21684;1
HARSEFELD;21698;1
BREST;21698;1
AHLERSTEDT;21702;1
DROCHTERSEN;21706;1
BURWEG;21709;1
HIMMELPFORTEN;21709;1
DÜDENBÜTTEL;21709;1
ENGELSCHOFF;21710;1
GROSSENWÖRDEN;21712;1
HAMMAH;21714;1
FREDENBECK;21717;1
DEINSTE;21717;1
MITTELNKIRCHEN;21720;1
GRÜNENDEICH;21720;1
GUDERHANDVIERTEL;21720;1
HOLLERN-TWIELENFLETH;21723;1
HEINBOCKEL;21726;1
FREIBURG (ELBE);21729;1
BALJE;21730;1
KRUMMENDEICH;21732;1
OEDERQUART;21734;1
WISCHHAFEN;21737;1
DOLLERN;21739;1
HEMMOOR;21745;1
HECHTHAUSEN;21755;1
OSTEN;21756;1
OSTERBRUCH;21762;1
OTTERNDORF;21762;1
NORDLEDA;21765;1
LAMSTEDT;21769;1
HOLLNSETH;21769;1
ARMSTORF;21769;1
MITTELSTENAHE;21770;1
STINSTEDT;21772;1
STEINAU;21775;1
IHLIENWORTH;21775;1
ODISHEIM;21775;1
WANNA;21776;1
CADENBERGE;21781;1
BÜLKAU;21782;1
GEVERSDORF;21784;1
BELUM;21785;1
NEUHAUS AN DER OSTE;21785;1
WINGST;21789;1
BAD ZWISCHENAHN;26160;1
FRIESOYTHE;26169;1
RASTEDE;26180;1
EDEWECHT;26188;1
GROSSENKNETEN;26197;1
WARDENBURG;26203;1
HATTEN;26209;1
WIEFELSTEDE;26215;1
BÖSEL;26219;1
VAREL;26316;1
VAREL ROSENBERG;26316;1
VAREL DANGAST;26316;1
VAREL DANGASTERMOOR;26316;1
VAREL LANGENDAMM;26316;1
VAREL GRÜNENKAMP;26316;1
VAREL JETHAUSEN;26316;1
VAREL ALTJÜHRDEN;26316;1
VAREL OBENSTROHE;26316;1
VAREL NEUENWEGE;26316;1
VAREL RALLENBÜSCHEN;26316;1
VAREL VAREL;26316;1
VAREL WINKELSHEIDE;26316;1
VAREL HOHENBERGE;26316;1
VAREL STREEK;26316;1
VAREL MOORHAUSEN;26316;1
VAREL BÜPPEL;26316;1
VAREL NEUDORF;26316;1
VAREL BORGSTEDE;26316;1
VAREL SEGHORN;26316;1
VAREL JERINGHAVE;26316;1
VAREL HOHELUCHT;26316;1
ZETEL ZETEL;26340;1
ZETEL;26340;1
ZETEL NEUENBURG;26340;1
BOCKHORN PETERSGRODEN;26345;1
BOCKHORN BLAUHAND;26345;1
BOCKHORN BOCKHORNERFELD;26345;1
BOCKHORN KRANENKAMP;26345;1
BOCKHORN ELLENSERDAMMERSIEL;26345;1
BOCKHORN MOORWINKELSDAMM;26345;1
BOCKHORN BREDEHORN;26345;1
BOCKHORN STEINHAUSEN;26345;1
BOCKHORN ADELHEIDSGRODEN;26345;1
BOCKHORN JÜHRDENERFELD;26345;1
BOCKHORN GOELRIEHENFELD;26345;1
BOCKHORN GRABSTEDE;26345;1
BOCKHORN OSTERFORDE;26345;1
BOCKHORN BOCKHORN;26345;1
JADE;26349;1
WITTMUND EGGELINGEN;26409;1
WITTMUND WITTMUND;26409;1
WITTMUND;26409;1
WITTMUND UTTEL;26409;1
WITTMUND LEERHAFE;26409;1
WITTMUND BURHAFE;26409;1
WITTMUND ASEL;26409;1
WITTMUND ARDORF;26409;1
WITTMUND FUNNIX;26409;1
WITTMUND CAROLINENSIEL;26409;1
WITTMUND HOVEL;26409;1
WITTMUND WILLEN;26409;1
WITTMUND BLERSUM;26409;1
WITTMUND BERDUM;26409;1
WITTMUND BUTTFORDE;26409;1
SCHORTENS UPJEVER;26419;1
SCHORTENS GRAFSCHAFT;26419;1
SCHORTENS HEIDMÜHLE;26419;1
SCHORTENS ADDERNHAUSEN;26419;1
SCHORTENS OSTIEM;26419;1
SCHORTENS ROFFHAUSEN;26419;1
SCHORTENS SCHOOST;26419;1
SCHORTENS SCHORTENS;26419;1
SCHORTENS SILLENSTEDE;26419;1
SCHORTENS OESTRINGFELDE;26419;1
SCHORTENS ACCUM;26419;1
SCHORTENS MIDDELSFÄHR;26419;1
SCHORTENS;26419;1
ESENS;26427;1
NEUHARLINGERSIEL;26427;1
DUNUM;26427;1
STEDESDORF;26427;1
MOORWEG;26427;1
HOLTGAST;26427;1
WERDUM;26427;1
WANGERLAND HOHENKIRCHEN;26434;1
WANGERLAND WADDEWARDEN;26434;1
WANGERLAND TETTENS;26434;1
WANGERLAND MINSEN;26434;1
WANGERLAND HOOKSIEL;26434;1
WANGERLAND;26434;1
JEVER;26441;1
JEVER JEVER;26441;1
FRIEDEBURG REEPSHOLT, ABICKHAFE;26446;1
FRIEDEBURG REEPSHOLT, HOHEESCHE;26446;1
FRIEDEBURG REEPSHOLT, REEPSHOLT;26446;1
FRIEDEBURG REEPSHOLT, DOSE;26446;1
FRIEDEBURG WIESEDERMEER;26446;1
FRIEDEBURG BENTSTREEK;26446;1
FRIEDEBURG HORSTEN;26446;1
FRIEDEBURG REEPSHOLT;26446;1
FRIEDEBURG WIESEDE;26446;1
FRIEDEBURG HESEL;26446;1
FRIEDEBURG ETZEL;26446;1
FRIEDEBURG MARX;26446;1
FRIEDEBURG FRIEDEBURG;26446;1
SANDE;26452;1
SANDE SANDERBUSCH;26452;1
SANDE NEUSTADTGÖDENS;26452;1
SANDE SANDE;26452;1
SANDE CÄCILIENGRODEN;26452;1
SANDE MARIENSIEL;26452;1
SANDE DYKHAUSEN;26452;1
LANGEOOG;26465;1
SPIEKEROOG;26474;1
WANGEROOGE;26486;1
NEUSCHOO;26487;1
OCHTERSUM;26489;1
OCHTERSUM OSTOCHTERSUM;26489;1
OCHTERSUM WESTOCHTERSUM;26489;1
NORDEN NORDEN;26506;1
NORDEN SÜDERNEULAND II;26506;1
NORDEN NORDDEICH;26506;1
NORDEN SÜDERNEULAND I;26506;1
NORDEN TIDOFELD;26506;1
NORDEN WESTERMARSCH I;26506;1
NORDEN NEUWESTEEL;26506;1
NORDEN WESTERMARSCH II;26506;1
NORDEN OSTERMARSCH;26506;1
NORDEN BARGEBUR;26506;1
NORDEN;26506;1
NORDEN LEYBUCHTPOLDER;26506;1
HAGE;26524;1
LÜTETSBURG;26524;1
BERUMBUR;26524;1
HALBEMOND;26524;1
HAGERMARSCH;26524;1
UPGANT-SCHOTT;26529;1
OSTEEL;26529;1
WIRDUM;26529;1
LEEZDORF;26529;1
MARIENHAFE;26529;1
RECHTSUPWEG;26529;1
GROSSHEIDE;26532;1
GROSSHEIDE BERUMERFEHN;26532;1
GROSSHEIDE GROSSHEIDE;26532;1
GROSSHEIDE ARLE;26532;1
GROSSHEIDE WESTERENDE;26532;1
GROSSHEIDE MENSTEDE-COLDINNE, COLDINNE;26532;1
GROSSHEIDE MENSTEDE-COLDINNE;26532;1
GROSSHEIDE MENSTEDE-COLDINNE, MENSTEDE;26532;1
NORDERNEY;26548;1
DORNUM NESSE;26553;1
DORNUM WESTERBUR;26553;1
DORNUM SCHWITTERSUM;26553;1
DORNUM DORNUM;26553;1
DORNUM;26553;1
DORNUM NESSMERSIEL;26553;1
DORNUM DORNUMERSIEL;26553;1
DORNUM WESTERACCUM;26553;1
DORNUM ROGGENSTEDE;26553;1
DORNUM WESTERACCUMERSIEL;26553;1
DORNUM DORNUMERGRODE;26553;1
DORNUM WESTDORF;26553;1
NENNDORF;26556;1
EVERSMEER;26556;1
UTARP;26556;1
WESTERHOLT;26556;1
SCHWEINDORF;26556;1
JUIST;26571;1
BALTRUM;26579;1
AURICH HAXTUM;26605;1
AURICH BROCKZETEL;26605;1
AURICH EGELS;26605;1
SÜDBROOKMERLAND FORLITZ-BLAUKIRCHEN;26624;1
SÜDBROOKMERLAND VICTORBUR;26624;1
SÜDBROOKMERLAND OLDEBORG;26624;1
SÜDBROOKMERLAND MOORDORF;26624;1
SÜDBROOKMERLAND WIEGBOLDSBUR;26624;1
SÜDBROOKMERLAND UTHWERDUM;26624;1
SÜDBROOKMERLAND MÜNKEBOE;26624;1
SÜDBROOKMERLAND;26624;1
SÜDBROOKMERLAND BEDEKASPEL;26624;1
SÜDBROOKMERLAND MOORHUSEN;26624;1
SÜDBROOKMERLAND THEENE;26624;1
GROSSEFEHN;26629;1
GROSSEFEHN HOLTROP;26629;1
GROSSEFEHN STRACKHOLT;26629;1
GROSSEFEHN WESTGROSSEFEHN;26629;1
GROSSEFEHN FIEBING;26629;1
GROSSEFEHN MITTEGROSSEFEHN;26629;1
GROSSEFEHN OSTGROSSEFEHN;26629;1
GROSSEFEHN FELDE;26629;1
GROSSEFEHN AURICH-OLDENDORF;26629;1
GROSSEFEHN WRISSE;26629;1
GROSSEFEHN BAGBAND;26629;1
GROSSEFEHN TIMMEL;26629;1
GROSSEFEHN AKELSBARG;26629;1
GROSSEFEHN SPETZERFEHN;26629;1
GROSSEFEHN ULBARGEN;26629;1
IHLOW RIEPSTERHAMMRICH;26632;1
IHLOW SIMONSWOLDE;26632;1
IHLOW LUDWIGSDORF;26632;1
IHLOW IHLOWERFEHN;26632;1
IHLOW OSTERSANDER;26632;1
IHLOW BARSTEDE;26632;1
IHLOW RIEPE;26632;1
IHLOW BANGSTEDE;26632;1
IHLOW OCHTELBUR;26632;1
IHLOW WESTERENDE-HOLZLOOG;26632;1
IHLOW WESTERENDE-KIRCHLOOG;26632;1
WIESMOOR WIESMOOR;26639;1
WIESMOOR WIESEDERFEHN;26639;1
WIESMOOR ZWISCHENBERGEN;26639;1
WIESMOOR VOSSBARG;26639;1
WIESMOOR;26639;1
WIESMOOR MARCARDSMOOR;26639;1
WESTERSTEDE;26655;1
UPLENGEN;26670;1
BARSSEL;26676;1
SATERLAND;26683;1
APEN;26689;1
KRUMMHÖRN JENNELT;26736;1
KRUMMHÖRN LOQUARD;26736;1
KRUMMHÖRN UTTUM;26736;1
KRUMMHÖRN RYSUM;26736;1
KRUMMHÖRN VISQUARD;26736;1
KRUMMHÖRN EILSUM;26736;1
KRUMMHÖRN HAMSWEHRUM;26736;1
KRUMMHÖRN PEWSUM;26736;1
KRUMMHÖRN GROOTHUSEN;26736;1
KRUMMHÖRN UPLEWARD;26736;1
KRUMMHÖRN;26736;1
KRUMMHÖRN FREEPSUM;26736;1
KRUMMHÖRN GRIMERSUM;26736;1
KRUMMHÖRN WOQUARD;26736;1
KRUMMHÖRN GREETSIEL;26736;1
KRUMMHÖRN CAMPEN;26736;1
KRUMMHÖRN MANSLAGT;26736;1
KRUMMHÖRN WOLTZETEN;26736;1
KRUMMHÖRN PILSUM;26736;1
KRUMMHÖRN CANUM;26736;1
BORKUM;26757;1
HINTE LOPPERSUM;26759;1
HINTE OSTERHUSEN;26759;1
HINTE CIRKWEHRUM;26759;1
HINTE GROSS MIDLUM;26759;1
HINTE WESTERHUSEN;26759;1
HINTE CANHUSEN;26759;1
HINTE SUURHUSEN;26759;1
HINTE HINTE;26759;1
HINTE;26759;1
LEER (OSTFRIESLAND);26789;1
MOORMERLAND;26802;1
WESTOVERLEDINGEN;26810;1
RHAUDERFEHN;26817;1
WEENER;26826;1
BOEN;26831;1
BUNDERHEE;26831;1
BUNDE;26831;1
DOLLART;26831;1
WYMEER;26831;1
NEUKAMPERFEHN;26835;1
HESEL;26835;1
HOLTLAND;26835;1
FIRREL;26835;1
BRINKUM;26835;1
SCHWERINSDORF;26835;1
OSTRHAUDERFEHN;26842;1
JEMGUM;26844;1
NORTMOOR;26845;1
DETERN;26847;1
FILSUM;26849;1
PAPENBURG;26871;1
WIPPINGEN;26892;1
DÖRPEN;26892;1
KLUSE;26892;1
ESTERWEGEN;26897;1
HILKENBROOK;26897;1
BREDDENBERG;26897;1
BOCKHORST;26897;1
LORUP;26901;1
RASTDORF;26901;1
SURWOLD;26903;1
BÖRGER;26904;1
DERSUM;26906;1
WALCHUM;26907;1
NEUBÖRGER;26909;1
NEULEHE;26909;1
BRAKE;26919;1
ELSFLETH;26931;1
OVELGÖNNE;26939;1
NORDENHAM;26954;1
BUTJADINGEN;26969;1
BASSUM;27211;1
SULINGEN;27232;1
TWISTRINGEN;27239;1
BECKELN;27243;1
WINKELSETT;27243;1
DÜNSEN;27243;1
PRINZHÖFTE;27243;1
HARPSTEDT;27243;1
COLNRADE;27243;1
KIRCHSEELTE;27243;1
GROSS IPPENER;27243;1
BAHRENBORSTEL;27245;1
BARENBURG;27245;1
EHRENBURG;27248;1
MAASEN;27249;1
MELLINGHAUSEN;27249;1
SCHOLEN;27251;1
SCHWAFÖRDEN;27252;1
SIEDENBURG;27254;1
STAFFHORST;27254;1
AFFINGHAUSEN;27257;1
SUDWALDE;27257;1
VARREL;27259;1
FREISTATT;27259;1
WEHRBLECK;27259;1
VERDEN (ALLER);27283;1
BRUCHHAUSEN-VILSEN;27305;1
ENGELN;27305;1
SÜSTEDT;27305;1
KIRCHLINTELN;27308;1
DÖRVERDEN;27313;1
HOYA;27318;1
HOYERHAGEN;27318;1
HILGERMISSEN;27318;1
MORSUM;27321;1
THEDINGHAUSEN;27321;1
EMTINGHAUSEN;27321;1
GANDESBERGEN;27324;1
HÄMELHAUSEN;27324;1
HASSEL (WESER);27324;1
EYSTRUP;27324;1
MARTFELD;27327;1
SCHWARME;27327;1
WARPE;27333;1
BÜCKEN;27333;1
SCHWERINGEN;27333;1
HÄUSLINGEN;27336;1
FRANKENFELD;27336;1
RETHEM (ALLER);27336;1
BLENDER;27337;1
RIEDE;27339;1
ROTENBURG (WÜMME);27356;1
AHAUSEN;27367;1
HELLWEGE;27367;1
REESSUM;27367;1
SOTTRUM;27367;1
BÖTERSEN;27367;1
HASSENDORF;27367;1
VISSELHÖVEDE;27374;1
SCHEESSEL;27383;1
WESTERWALSEDE;27386;1
HEMSBÜNDE;27386;1
BROCKEL;27386;1
KIRCHWALSEDE;27386;1
HEMSLINGEN;27386;1
BOTHEL;27386;1
LAUENBRÜCK;27389;1
HELVESIEK;27389;1
FINTEL;27389;1
STEMMEN;27389;1
VAHLDE;27389;1
GYHUM;27404;1
ZEVEN;27404;1
HEESLINGEN;27404;1
RHADE;27404;1
OSTEREISTEDT;27404;1
TARMSTEDT;27412;1
KIRCHTIMKE;27412;1
WESTERTIMKE;27412;1
HEPSTEDT;27412;1
VORWERK;27412;1
BREDDORF;27412;1
BÜLSTEDT;27412;1
WILSTEDT;27412;1
SITTENSEN;27419;1
HAMERSEN;27419;1
GROSS MECKELSEN;27419;1
TISTE;27419;1
KALBE;27419;1
WOHNSTE;27419;1
VIERDEN;27419;1
LENGENBOSTEL;27419;1
KLEIN MECKELSEN;27419;1
BASDAHL;27432;1
ALFSTEDT;27432;1
BREMERVÖRDE;27432;1
HIPSTEDT;27432;1
OEREL;27432;1
GNARRENBURG;27442;1
FARVEN;27446;1
SANDBOSTEL;27446;1
DEINSTEDT;27446;1
SELSINGEN;27446;1
ANDERLINGEN;27446;1
KUTENHOLZ;27449;1
LOXSTEDT;27612;1
LUNESTEDT;27616;1
FRELSDORF;27616;1
KIRCHWISTEDT;27616;1
BEVERSTEDT;27616;1
HEERSTEDT;27616;1
HOLLEN;27616;1
APPELN;27616;1
SCHIFFDORF;27619;1
KÖHLEN;27624;1
DRANGSTEDT;27624;1
KÜHRSTEDT;27624;1
LINTIG;27624;1
ELMLOHE;27624;1
FLÖGELN;27624;1
BAD BEDERKESA;27624;1
RINGSTEDT;27624;1
WULSBÜTTEL;27628;1
BRAMSTEDT;27628;1
UTHLEDE;27628;1
SANDSTEDT;27628;1
HAGEN IM BREMISCHEN;27628;1
DRIFTSETHE;27628;1
NORDHOLZ;27637;1
WREMEN;27638;1
MULSUM;27639;1
MISSELWARDEN;27639;1
CAPPEL;27639;1
DORUM;27639;1
PADINGBÜTTEL;27639;1
OSTERHOLZ-SCHARMBECK;27711;1
RITTERHUDE;27721;1
WORPSWEDE;27726;1
VOLLERSODE;27729;1
HAMBERGEN;27729;1
AXSTEDT;27729;1
LÜBBERSTEDT;27729;1
HOLSTE;27729;1
GANDERKESEE;27777;1
WILDESHAUSEN;27793;1
HUDE (OLDENBURG);27798;1
DÖTLINGEN;27801;1
BERNE;27804;1
LEMWERDER;27809;1
SCHWANEWEDE;28790;1
STUHR;28816;1
WEYHE;28844;1
SYKE;28857;1
LILIENTHAL;28865;1
OTTERSBERG;28870;1
OYTEN;28876;1
GRASBERG;28879;1
WINSEN (ALLER);29308;1
HAMBÜHREN;29313;1
HERMANNSBURG;29320;1
WIETZE;29323;1
FASSBERG;29328;1
LACHENDORF;29331;1
WATHLINGEN;29339;1
WIENHAUSEN;29342;1
UNTERLÜSS;29345;1
SCHARNHORST;29348;1
ESCHEDE;29348;1
ELDINGEN;29351;1
ADELHEIDSDORF;29352;1
AHNSBECK;29353;1
BEEDENBOSTEL;29355;1
BRÖCKEL;29356;1
EICKLINGEN;29358;1
HABIGHORST;29359;1
HÖFER;29361;1
HOHNE;29362;1
LANGLINGEN;29364;1
SPRAKENSEHL;29365;1
UMMERN;29369;1
OBERNHOLZ;29386;1
DEDELSTORF;29386;1
HANKENSBÜTTEL;29386;1
BAD BODENTEICH;29389;1
GROSS OESINGEN;29393;1
LÜDER;29394;1
SCHÖNEWÖRDE;29396;1
WAHRENHOLZ;29399;1
DANNENBERG (ELBE) TRAMM;29451;1
DANNENBERG (ELBE) PISSELBERG;29451;1
DANNENBERG (ELBE) SIPNITZ;29451;1
DANNENBERG (ELBE) RISKAU;29451;1
DANNENBERG (ELBE) KLEIN HEIDE;29451;1
DANNENBERG (ELBE);29451;1
SCHAAFHAUSEN;29451;1
DANNENBERG (ELBE) DANNENBERG;29451;1
DANNENBERG (ELBE) GROSS HEIDE;29451;1
DANNENBERG (ELBE) PENKEFITZ;29451;1
DANNENBERG (ELBE) BREESE IN DER MARSCH;29451;1
DANNENBERG (ELBE) SEYBRUCH;29451;1
DANNENBERG (ELBE) BÜCKAU;29451;1
DANNENBERG (ELBE) GÜMSE;29451;1
DANNENBERG (ELBE) NEBENSTEDT;29451;1
DANNENBERG (ELBE) LIEPEHÖFEN;29451;1
DANNENBERG (ELBE) RIEKAU;29451;1
DANNENBERG (ELBE) TRIPKAU;29451;1
DANNENBERG (ELBE) NIESTEDT;29451;1
DANNENBERG (ELBE) STREETZ;29451;1
DANNENBERG (ELBE) SPLIETAU;29451;1
DANNENBERG (ELBE) PRISSER;29451;1
DANNENBERG (ELBE) NEU TRAMM;29451;1
DANNENBERG (ELBE) DAMBECK;29451;1
DANNENBERG (ELBE) SEEDORF;29451;1
DANNENBERG (ELBE) PRABSTORF;29451;1
DANNENBERG (ELBE) SCHMARSAU;29451;1
DANNENBERG (ELBE) SOVEN;29451;1
DANNENBERG (ELBE) LÜGGAU;29451;1
DANNENBERG (ELBE) PREDÖHLSAU;29451;1
HITZACKER GUT HAGEN;29456;1
HITZACKER KÄHMEN;29456;1
HITZACKER SARCHEM;29456;1
HITZACKER NIENWEDEL;29456;1
HITZACKER SEERAU;29456;1
HITZACKER LEITSTADE;29456;1
HITZACKER POSADE;29456;1
HITZACKER TIESMESLAND;29456;1
HITZACKER MEUDELFITZ, EICHENGRUND;29456;1
HITZACKER GRABAU;29456;1
HITZACKER WUSSEGEL;29456;1
HITZACKER HARLINGEN;29456;1
HITZACKER MEUDELFITZ;29456;1
HITZACKER MEUDELFITZ, GUT MEUDELFITZ;29456;1
HITZACKER PUSSADE;29456;1
HITZACKER BAHRENDORF;29456;1
HITZACKER TIESSAU;29456;1
HITZACKER WIETZETZE BEI HITZACKER;29456;1
HITZACKER HITZACKER;29456;1
HITZACKER;29456;1
CLENZE;29459;1
CLENZE GRANSTEDT;29459;1
CLENZE PRIESSECK;29459;1
CLENZE QUARTZAU;29459;1
CLENZE SEELWIG;29459;1
CLENZE BUSSAU;29459;1
CLENZE GISTENBECK;29459;1
CLENZE VADDENSEN;29459;1
CLENZE GROSS SACHAU;29459;1
CLENZE LEFITZ;29459;1
CLENZE BRAUDEL;29459;1
CLENZE BESELAND;29459;1
CLENZE KORVIN;29459;1
CLENZE GUHREITZEN;29459;1
CLENZE DALITZ;29459;1
CLENZE BAUSEN;29459;1
CLENZE KASSAU;29459;1
CLENZE REDDEREITZ;29459;1
CLENZE KLOSTER;29459;1
CLENZE MÜTZEN;29459;1
CLENZE MEUSSLIESSEN;29459;1
CLENZE BÖSEN;29459;1
CLENZE CLENZE;29459;1
CLENZE SCHLANNAU;29459;1
CLENZE SATKAU;29459;1
CLENZE KUSSEBODE;29459;1
CLENZE GOHLEFANZ;29459;1
SCHNEGA SCHNEGA;29465;1
SCHNEGA WINTERWEYHE;29465;1
SCHNEGA LOITZE;29465;1
SCHNEGA LEISTEN;29465;1
SCHNEGA STARREL;29465;1
SCHNEGA LÜTENTHIEN;29465;1
SCHNEGA;29465;1
SCHNEGA MOLDEN;29465;1
SCHNEGA OLDENDORF;29465;1
SCHNEGA GÖHR;29465;1
SCHNEGA HARPE;29465;1
SCHNEGA SCHÄPINGEN;29465;1
SCHNEGA SOLKAU;29465;1
SCHNEGA GIELAU;29465;1
SCHNEGA THUNE;29465;1
SCHNEGA BILLERBECK;29465;1
SCHNEGA KÜLITZ;29465;1
SCHNEGA WARPKE;29465;1
SCHNEGA PROITZE;29465;1
SCHNEGA GLEDEBERG;29465;1
SCHNEGA BAHNHOF VARBITZ;29465;1
SCHNEGA GROTENHOF;29465;1
SCHNEGA OLDENDORFER MÜHLE;29465;1
SCHNEGA PROITZER MÜHLE;29465;1
SCHNEGA HARPER MÜHLE;29465;1
SCHNEGA KREYENHAGEN;29465;1
SCHNEGA GIELAUER MÜHLE;29465;1
SCHNEGA SCHNEGA/BAHNHOF;29465;1
BERGEN (DUMME) WÖHNINGEN;29468;1
BERGEN (DUMME) MALSLEBEN;29468;1
BERGEN (DUMME) BELAU;29468;1
BERGEN (DUMME) NIENBERGEN;29468;1
BERGEN (DUMME) JIGGEL;29468;1
BERGEN (DUMME) SPITHAL;29468;1
BERGEN (DUMME) BERGEN;29468;1
BERGEN (DUMME) BRÜCHAUER MÜHLE;29468;1
BERGEN (DUMME);29468;1
BERGEN (DUMME) BANZAU;29468;1
GARTOW LAASCHE;29471;1
GARTOW GARTOW;29471;1
GARTOW QUARNSTEDT;29471;1
GARTOW NIENWALDE;29471;1
GARTOW RONDEL;29471;1
GARTOW RUCKSMOOR;29471;1
GARTOW FALKENMOOR;29471;1
GARTOW;29471;1
DAMNATZ JASEBECK;29472;1
DAMNATZ;29472;1
DAMNATZ DAMNATZ;29472;1
DAMNATZ BARNITZ;29472;1
DAMNATZ LANDSATZ;29472;1
DAMNATZ KAMERUN;29472;1
GÖHRDE DÜBBEKOLD;29473;1
GÖHRDE SCHNADLITZ;29473;1
GÖHRDE NADLITZ;29473;1
GÖHRDE ZIENITZ;29473;1
GÖHRDE WEDDERIN;29473;1
GÖHRDE MAILAGE;29473;1
GÖHRDE METZINGEN;29473;1
GÖHRDE GÖHRDE;29473;1
GÖHRDE;29473;1
GÖHRDE SARENSECK;29473;1
GÖHRDE SCHMESSAU;29473;1
GÖHRDE GOVELIN;29473;1
GÖHRDE TOLLENDORF;29473;1
GÖHRDE BREDENBOCK;29473;1
GÖHRDE SCHMARDAU;29473;1
GÖHRDE PLUMBOHM;29473;1
GÖHRDE KOLLASE;29473;1
GORLEBEN GORLEBEN;29475;1
GORLEBEN MEETSCHOW;29475;1
GORLEBEN;29475;1
GUSBORN KLEIN GUSBORN;29476;1
GUSBORN ZADRAU;29476;1
GUSBORN SIEMEN;29476;1
GUSBORN;29476;1
GUSBORN GROSS GUSBORN;29476;1
GUSBORN QUICKBORN;29476;1
HÖHBECK RESTORF;29478;1
HÖHBECK;29478;1
HÖHBECK BRÜNKENDORF;29478;1
HÖHBECK PEVESTORF;29478;1
HÖHBECK SCHWEDENSCHANZE;29478;1
HÖHBECK VIETZE;29478;1
JAMELN LANGENHORST;29479;1
JAMELN TEICHLOSEN;29479;1
JAMELN BREESE IM BRUCHE;29479;1
JAMELN BREUSTIAN;29479;1
JAMELN JAMELN;29479;1
JAMELN;29479;1
JAMELN MEHLFIEN;29479;1
JAMELN WIBBESE;29479;1
JAMELN VOLKFIEN;29479;1
JAMELN BRESELENZ;29479;1
JAMELN PLATENLAASE;29479;1
JAMELN HOHELUFT;29479;1
JAMELN JAMELNER MÜHLE;29479;1
KARWITZ LEBBIEN;29481;1
KARWITZ PUDRIPP/BAHNHOF;29481;1
KARWITZ DRAGAHN;29481;1
KARWITZ GAMEHLEN;29481;1
KARWITZ THUNPADEL;29481;1
KARWITZ PUDRIPP;29481;1
KARWITZ;29481;1
KARWITZ KARWITZ;29481;1
KARWITZ NAUSEN;29481;1
KARWITZ LENZEN;29481;1
KÜSTEN KRUMMASEL;29482;1
KÜSTEN SALLAHN;29482;1
KÜSTEN KLEIN WITZEETZE;29482;1
KÜSTEN OLDEMÜHLE;29482;1
KÜSTEN SAGGRIAN;29482;1
KÜSTEN TOLSTEFANZ;29482;1
KÜSTEN TÜSCHAU;29482;1
KÜSTEN;29482;1
KÜSTEN KARMITZ;29482;1
LEMGOW;29485;1
LÜBBOW;29488;1
NEU DARCHAU;29490;1
PREZELLE;29491;1
SCHNACKENBURG;29493;1
TREBEL;29494;1
WADDEWEITZ WADDEWEITZ;29496;1
WADDEWEITZ;29496;1
WADDEWEITZ MADDAU;29496;1
WADDEWEITZ KIEFEN;29496;1
WADDEWEITZ HOHENVOLKFIEN;29496;1
WADDEWEITZ SCHLANZE;29496;1
WADDEWEITZ DOMMATZEN;29496;1
WADDEWEITZ BISCHOF;29496;1
WADDEWEITZ KLEIN GADDAU;29496;1
WADDEWEITZ SALDERATZEN;29496;1
WADDEWEITZ DIAHREN;29496;1
WADDEWEITZ GOHLAU;29496;1
WADDEWEITZ DICKFEITZEN;29496;1
WADDEWEITZ MARLIN;29496;1
WADDEWEITZ KRÖTE;29496;1
WADDEWEITZ ZEBELIN;29496;1
WADDEWEITZ WITTFEITZEN;29496;1
WADDEWEITZ KUKATE;29496;1
WADDEWEITZ GROSS GADDAU;29496;1
WADDEWEITZ WITTFEITZEN, KLEIN WITTFEITZEN;29496;1
WADDEWEITZ SAREITZ;29496;1
WADDEWEITZ WITTFEITZEN, GROSS WITTFEITZEN;29496;1
ZERNIEN;29499;1
UELZEN;29525;1
BAD BEVENSEN;29549;1
BIENENBÜTTEL;29553;1
SUDERBURG;29556;1
WRESTEDT;29559;1
SUHLENDORF;29562;1
WRIEDEL;29565;1
WIEREN;29568;1
ROSCHE;29571;1
EBSTORF;29574;1
ALTENMEDINGEN;29575;1
EIMKE;29578;1
EMMENDORF;29579;1
GERDAU;29581;1
HANSTEDT I;29582;1
HIMBERGEN;29584;1
JELMSTORF;29585;1
NATENDORF;29587;1
OETZEN;29588;1
RÖMSTEDT;29591;1
SCHWIENAU;29593;1
SOLTENDIECK;29594;1
STADENSEN;29596;1
STOETZE;29597;1
WESTE;29599;1
SOLTAU;29614;1
MUNSTER;29633;1
SCHNEVERDINGEN;29640;1
BISPINGEN;29646;1
WIETZENDORF;29649;1
WALSRODE;29664;1
FALLINGBOSTEL;29683;1
GILTEN;29690;1
GRETHEM;29690;1
LINDWEDEL;29690;1
SCHWARMSTEDT;29690;1
ESSEL;29690;1
BUCHHOLZ (ALLER);29690;1
AHLDEN (ALLER);29693;1
HADEMSTORF;29693;1
BÖHME;29693;1
HODENHAGEN;29693;1
EICKELOH;29693;1
BOMLITZ;29699;1
LAATZEN;30880;1
BARSINGHAUSEN;30890;1
WEDEMARK;30900;1
ISERNHAGEN;30916;1
SEELZE;30926;1
BURGWEDEL;30938;1
RONNENBERG;30952;1
WENNIGSEN;30974;1
PATTENSEN;30982;1
ELZE;31008;1
SALZHEMMENDORF;31020;1
GRONAU (LEINE);31028;1
BANTELN;31029;1
BETHELN;31032;1
EIME;31036;1
RHEDEN;31039;1
ALFELD (LEINE);31061;1
DELLIGSEN;31073;1
ADENSTEDT;31079;1
EBERHOLZEN;31079;1
SIBBESSE;31079;1
WESTFELD;31079;1
ALMSTEDT;31079;1
FREDEN (LEINE);31084;1
EVERODE;31085;1
WINZENBURG;31088;1
DUINGEN;31089;1
COPPENGRAVE;31091;1
HOYERSHAUSEN;31093;1
MARIENHAGEN;31094;1
WEENZEN;31096;1
HARBARNSEN;31097;1
WOLTERSHAUSEN;31099;1
SARSTEDT;31157;1
BAD SALZDETFURTH;31162;1
BOCKENEM;31167;1
NORDSTEMMEN;31171;1
SCHELLERTEN;31174;1
HARSUM;31177;1
GIESEN;31180;1
SÖHLDE;31185;1
HOLLE;31188;1
ALGERMISSEN;31191;1
LAMSPRINGE;31195;1
DIEKHOLZEN;31199;1
EDEMISSEN;31234;1
ILSEDE;31241;1
LAHSTEDT;31246;1
HOHENHAMELN;31249;1
LEHRTE;31275;1
UETZE;31311;1
SEHNDE;31319;1
WUNSTORF;31515;1
NEUSTADT AM RÜBENBERGE;31535;1
BAD NENNDORF WALTRINGHAUSEN;31542;1
BAD NENNDORF RIEPEN;31542;1
BAD NENNDORF BAD NENNDORF;31542;1
BAD NENNDORF HORSTEN;31542;1
BAD NENNDORF;31542;1
REHBURG-LOCCUM BAD REHBURG;31547;1
REHBURG-LOCCUM;31547;1
REHBURG-LOCCUM WINZLAR;31547;1
REHBURG-LOCCUM LOCCUM;31547;1
REHBURG-LOCCUM MÜNCHEHAGEN;31547;1
REHBURG-LOCCUM REHBURG;31547;1
APELERN REINSDORF;31552;1
RODENBERG ALGESDORF;31552;1
APELERN KLEINHEGESDORF;31552;1
APELERN APELERN;31552;1
APELERN SOLDORF;31552;1
APELERN GROSS HEGESDORF;31552;1
RODENBERG RODENBERG;31552;1
APELERN;31552;1
RODENBERG;31552;1
APELERN LYHREN;31552;1
SACHSENHAGEN NIENBRÜGGE;31553;1
AUHAGEN AUHAGEN;31553;1
SACHSENHAGEN SACHSENHAGEN;31553;1
AUHAGEN DÜDINGHAUSEN;31553;1
SACHSENHAGEN;31553;1
AUHAGEN;31553;1
SUTHFELD KREUZRIEHE;31555;1
SUTHFELD HELSINGHAUSEN;31555;1
SUTHFELD RIEHE;31555;1
SUTHFELD;31555;1
WÖLPINGHAUSEN BERGKIRCHEN;31556;1
WÖLPINGHAUSEN;31556;1
WÖLPINGHAUSEN WÖLPINGHAUSEN;31556;1
WÖLPINGHAUSEN SCHMALENBRUCH-WINDHORN;31556;1
WÖLPINGHAUSEN WIEDENBRÜGGE;31556;1
HAGENBURG;31558;1
HAGENBURG HAGENBURG;31558;1
HAGENBURG ALTENHAGEN;31558;1
HOHNHORST OHNDORF;31559;1
HOHNHORST REHREN A.R.;31559;1
HOHNHORST HOHNHORST;31559;1
HASTE;31559;1
HOHNHORST;31559;1
NIENBURG (WESER) ERICHSHAGEN;31582;1
NIENBURG (WESER) HOLTORF;31582;1
NIENBURG (WESER) NIENBURG (WESER);31582;1
NIENBURG (WESER);31582;1
NIENBURG (WESER) LANGENDAMM;31582;1
STOLZENAU ANEMOLTER-SCHINNA;31592;1
STOLZENAU ANEMOLTER-SCHINNA, ANEMOLTER;31592;1
STOLZENAU HOLZHAUSEN;31592;1
STOLZENAU DIETHE;31592;1
STOLZENAU;31592;1
STOLZENAU MÜSLERINGEN;31592;1
STOLZENAU HIBBEN;31592;1
STOLZENAU FRESTORF;31592;1
STOLZENAU NENDORF;31592;1
STOLZENAU STOLZENAU;31592;1
STOLZENAU ANEMOLTER-SCHINNA, SCHINNA;31592;1
STEYERBERG;31595;1
STEYERBERG DÜDINGHAUSEN;31595;1
STEYERBERG STEYERBERG;31595;1
STEYERBERG DEBLINGHAUSEN;31595;1
STEYERBERG WELLIE;31595;1
STEYERBERG VOIGTEI;31595;1
UCHTE;31600;1
DIEPENAU;31603;1
RADDESTORF;31604;1
WARMSEN;31606;1
MARKLOHE;31608;1
BALGE;31609;1
WIETZEN;31613;1
BINNEN;31619;1
PENNIGSEHL;31621;1
HEEMSEN GADESBÜNDEN;31622;1
HEEMSEN ANDERTEN;31622;1
HEEMSEN LICHTENMOOR;31622;1
HEEMSEN;31622;1
HEEMSEN HEEMSEN;31622;1
DRAKENBURG;31623;1
HASSBERGEN;31626;1
ROHRSEN;31627;1
LANDESBERGEN HEIDHAUSEN;31628;1
LANDESBERGEN;31628;1
LANDESBERGEN HAHNENBERG;31628;1
LANDESBERGEN LANDESBERGEN;31628;1
LANDESBERGEN BROKELOH;31628;1
ESTORF ESTORF;31629;1
ESTORF LEESERINGEN;31629;1
LEESE;31633;1
STEIMBKE WENDENBORSTEL;31634;1
STEIMBKE;31634;1
STEIMBKE STEIMBKE;31634;1
STEIMBKE LICHTENHORST;31634;1
STEIMBKE WENDEN;31634;1
LINSBURG;31636;1
RODEWALD;31637;1
STÖCKSE;31638;1
STADTHAGEN;31655;1
STADTHAGEN HABICHHORST-BLYINGHAUSEN, HABICHHORST;31655;1
STADTHAGEN WENDTHAGEN-EHLEN;31655;1
STADTHAGEN HÖRKAMP-LANGENBRUCH;31655;1
STADTHAGEN HOBBENSEN;31655;1
STADTHAGEN ENZEN;31655;1
STADTHAGEN HABICHHORST-BLYINGHAUSEN, BLYINGHAUSEN;31655;1
STADTHAGEN STADTHAGEN;31655;1
STADTHAGEN PROBSTHAGEN;31655;1
STADTHAGEN KREBSHAGEN;31655;1
STADTHAGEN HABICHHORST-BLYINGHAUSEN;31655;1
STADTHAGEN OBERNWÖHREN;31655;1
STADTHAGEN REINSEN-REMERINGHAUSEN;31655;1
BÜCKEBURG MEINSEN;31675;1
BÜCKEBURG BÜCKEBURG;31675;1
BÜCKEBURG EVESEN;31675;1
BÜCKEBURG WARBER;31675;1
BÜCKEBURG BERGDORF;31675;1
BÜCKEBURG ACHUM;31675;1
BÜCKEBURG SCHEIE;31675;1
BÜCKEBURG CAMMER;31675;1
BÜCKEBURG RUSBEND;31675;1
BÜCKEBURG MÜSINGEN;31675;1
BÜCKEBURG;31675;1
OBERNKIRCHEN;31683;1
OBERNKIRCHEN OBERNKIRCHEN;31683;1
OBERNKIRCHEN VEHLEN;31683;1
OBERNKIRCHEN KRAINHAGEN;31683;1
OBERNKIRCHEN RÖHRKASTEN;31683;1
OBERNKIRCHEN GELLDORF;31683;1
NIENSTÄDT;31688;1
NIENSTÄDT LIEKWEGEN;31688;1
NIENSTÄDT NIENSTÄDT;31688;1
HELPSEN KIRCHHORSTEN;31691;1
HELPSEN SÜDHORSTEN;31691;1
SEGGEBRUCH SEGGEBRUCH;31691;1
SEGGEBRUCH TALLENSEN-ECHTORF;31691;1
SEGGEBRUCH SCHIERNEICHEN-DEINSEN;31691;1
HELPSEN;31691;1
HELPSEN HELPSEN;31691;1
SEGGEBRUCH;31691;1
HESPE STEMMEN;31693;1
HESPE LEVESEN;31693;1
HESPE;31693;1
HESPE HESPE-HIDDENSEN;31693;1
LINDHORST OTTENSEN;31698;1
LINDHORST LINDHORST;31698;1
LINDHORST SCHÖTTLINGEN;31698;1
LINDHORST;31698;1
BECKEDORF;31699;1
HEUERSSEN KOBBENSEN;31700;1
HEUERSSEN HEUERSSEN;31700;1
HEUERSSEN;31700;1
LÜDERSFELD LÜDERSFELD;31702;1
LÜDERSFELD;31702;1
LÜDERSFELD VORNHAGEN;31702;1
BAD EILSEN;31707;1
HEESSEN;31707;1
AHNSEN;31708;1
LUHDEN SCHERMBECK;31711;1
LUHDEN;31711;1
LUHDEN LUHDEN;31711;1
NIEDERNWÖHREN;31712;1
LAUENHAGEN HÜLSHAGEN;31714;1
LAUENHAGEN LAUENHAGEN;31714;1
LAUENHAGEN;31714;1
MEERBECK VOLKSDORF;31715;1
MEERBECK KUCKSHAGEN;31715;1
MEERBECK MEERBECK;31715;1
MEERBECK;31715;1
NORDSEHL;31717;1
POLLHAGEN;31718;1
WIEDENSAHL;31719;1
RINTELN STEINBERGEN;31737;1
RINTELN;31737;1
RINTELN VOLKSEN;31737;1
RINTELN KRANKENHAGEN;31737;1
RINTELN WESTENDORF;31737;1
RINTELN DECKBERGEN;31737;1
RINTELN AHE;31737;1
RINTELN UCHTORF;31737;1
RINTELN SCHAUMBURG;31737;1
RINTELN EXTEN;31737;1
RINTELN STRÜCKEN;31737;1
RINTELN RINTELN;31737;1
RINTELN FRIEDRICHSWALD;31737;1
RINTELN GOLDBECK;31737;1
RINTELN ENGERN;31737;1
RINTELN HOHENRODE;31737;1
RINTELN TODENMANN;31737;1
RINTELN MÖLLENBECK;31737;1
RINTELN WENNENKAMP;31737;1
RINTELN KOHLENSTÄDT;31737;1
AUETAL ALTENHAGEN;31749;1
AUETAL KATHRINHAGEN;31749;1
AUETAL REHREN A.O.;31749;1
AUETAL BERNSEN;31749;1
AUETAL;31749;1
AUETAL RADEN;31749;1
AUETAL POGGENHAGEN;31749;1
AUETAL ESCHER;31749;1
AUETAL RANNENBERG;31749;1
AUETAL ROLFSHAGEN;31749;1
AUETAL WIERSEN;31749;1
AUETAL BORSTEL;31749;1
AUETAL WESTERWALD;31749;1
AUETAL ANTENDORF;31749;1
AUETAL KLEIN HOLTENSEN;31749;1
AUETAL HATTENDORF;31749;1
AUETAL SCHOHOLTENSEN;31749;1
BAD PYRMONT;31812;1
SPRINGE;31832;1
HESSISCH OLDENDORF;31840;1
BAD MÜNDER AM DEISTER;31848;1
AERZEN;31855;1
EMMERTHAL;31860;1
COPPENBRÜGGE;31863;1
LAUENAU;31867;1
POHLE;31867;1
MESSENKAMP;31867;1
MESSENKAMP ALTENHAGEN II;31867;1
HÜLSEDE SCHMARRIE;31867;1
LAUENAU LAUENAU;31867;1
HÜLSEDE MEINSEN;31867;1
LAUENAU FEGGENDORF;31867;1
MESSENKAMP MESSENKAMP;31867;1
HÜLSEDE HÜLSEDE;31867;1
HÜLSEDE;31867;1
OTTENSTEIN;31868;1
HANNOVERSCH MÜNDEN;34346;1
DUDERSTADT;37115;1
BOVENDEN;37120;1
DRANSFELD;37127;1
SCHEDEN;37127;1
NIEMETAL;37127;1
JÜHNDE;37127;1
BÜHREN;37127;1
GLEICHEN;37130;1
WAAKE;37136;1
EBERGÖTZEN;37136;1
LANDOLFSHAUSEN;37136;1
SEULINGEN;37136;1
ADELEBSEN;37139;1
NORTHEIM;37154;1
USLAR;37170;1
NÖRTEN-HARDENBERG;37176;1
HARDEGSEN;37181;1
MORINGEN;37186;1
KATLENBURG-LINDAU;37191;1
BODENFELDE;37194;1
WAHLSBURG;37194;1
HATTORF AM HARZ;37197;1
WULFTEN;37199;1
HERZBERG AM HARZ;37412;1
HÖRDEN;37412;1
BAD LAUTERBERG IM HARZ;37431;1
ROLLSHAUSEN;37434;1
BILSHAUSEN;37434;1
KREBECK;37434;1
WOLLBRANDSHAUSEN;37434;1
GIEBOLDEHAUSEN;37434;1
RÜDERSHAUSEN;37434;1
WOLLERSHAUSEN;37434;1
OBERNFELD;37434;1
RHUMSPRINGE;37434;1
BAD SACHSA;37441;1
SANKT ANDREASBERG;37444;1
WALKENRIED;37445;1
WIEDA;37447;1
ZORGE;37449;1
OSTERODE AM HARZ;37520;1
GITTELDE;37534;1
EISDORF;37534;1
BADENHAUSEN;37534;1
BAD GRUND (HARZ);37539;1
WINDHAUSEN;37539;1
KREIENSEN;37547;1
EINBECK;37574;1
BAD GANDERSHEIM;37581;1
DASSEL;37586;1
KALEFELD;37589;1
HOLZMINDEN;37603;1
HEYEN;37619;1
PEGESTORF;37619;1
BODENWERDER;37619;1
HEHLEN;37619;1
KIRCHBRAK;37619;1
DEENSEN;37627;1
ARHOLZEN;37627;1
HEINADE;37627;1
LENNE;37627;1
STADTOLDENDORF;37627;1
WANGELNSTEDT;37627;1
EIMEN;37632;1
ESCHERSHAUSEN;37632;1
HOLZEN;37632;1
DIELMISSEN;37633;1
LÜERDISSEN;37635;1
GOLMBACH;37640;1
HOLENBERG;37642;1
NEGENBORN;37643;1
BREVÖRDE;37647;1
POLLE;37647;1
VAHLBRUCH;37647;1
HEINSEN;37649;1
DERENTAL;37691;1
BOFFZEN;37691;1
LAUENFÖRDE;37697;1
FÜRSTENBERG;37699;1
KÖNIGSLUTTER AM ELM;38154;1
VECHELDE;38159;1
CREMLINGEN;38162;1
LEHRE;38165;1
VAHLBERG;38170;1
SCHÖPPENSTEDT;38170;1
KNEITLINGEN;38170;1
DAHLUM;38170;1
WINNIGSTEDT;38170;1
UEHRDE;38170;1
DETTUM;38173;1
SICKTE;38173;1
EVESSEN;38173;1
ERKERODE;38173;1
WENDEBURG;38176;1
SCHWÜLPER;38179;1
SALZGITTER REPPNER;38228;1
SALZGITTER LICHTENBERG;38228;1
SALZGITTER OSTERLINDE;38228;1
SALZGITTER LESSE;38228;1
SALZGITTER BRUCHMACHTERSEN;38228;1
SALZGITTER HALLENDORF;38229;1
SALZGITTER GEBHARDSHAGEN;38229;1
SALZGITTER HEERTE;38229;1
SALZGITTER SALDER;38229;1
SALZGITTER ENGELNSTEDT;38229;1
SALZGITTER ENGENRODE;38229;1
SALZGITTER CALBECHT;38229;1
SALZGITTER BARUM;38229;1
SALZGITTER BLECKENSTEDT;38239;1
SALZGITTER DRÜTTE;38239;1
SALZGITTER SAUINGEN;38239;1
SALZGITTER IMMENDORF;38239;1
SALZGITTER WATENSTEDT;38239;1
SALZGITTER ÜFINGEN;38239;1
SALZGITTER THIEDE;38239;1
SALZGITTER BEDDINGEN;38239;1
SALZGITTER BEINUM;38259;1
SALZGITTER GITTER;38259;1
SALZGITTER HOHENRODE;38259;1
SALZGITTER OHLENDORF;38259;1
SALZGITTER BAD;38259;1
SALZGITTER GROSS MAHNER;38259;1
SALZGITTER LOBMACHTERSEN;38259;1
SALZGITTER FLACHSTÖCKHEIM;38259;1
SALZGITTER RINGELHEIM;38259;1
LENGEDE;38268;1
BADDECKENSTEDT;38271;1
ELBE;38274;1
HAVERLAH;38275;1
HEERE;38277;1
SEHLDE;38279;1
CRAMME;38312;1
BÖRSSUM;38312;1
OHRUM;38312;1
FLÖTHE;38312;1
DORSTADT;38312;1
WERLABURGDORF;38315;1
GIELDE;38315;1
SCHLADEN;38315;1
DENKTE;38321;1
HEDEPER;38322;1
KISSENBRÜCK;38324;1
ROKLUM;38325;1
SEMMENSTEDT;38327;1
WITTMAR;38329;1
HELMSTEDT;38350;1
SCHÖNINGEN;38364;1
RENNAU;38368;1
QUERENHORST;38368;1
GRASLEBEN;38368;1
MARIENTAL;38368;1
BÜDDENSTEDT;38372;1
SÜPPLINGEN;38373;1
FRELLSTEDT;38373;1
RÄBKE;38375;1
SÜPPLINGENBURG;38376;1
WARBERG;38378;1
WOLSDORF;38379;1
JERXHEIM;38381;1
BEIERSTEDT;38382;1
GEVENSLEBEN;38384;1
INGELEBEN;38385;1
SÖLLINGEN;38387;1
TWIEFLINGEN;38388;1
VELPKE;38458;1
BAHRDORF;38459;1
DANNDORF;38461;1
GRAFHORST;38462;1
GROSS TWÜLPSTEDT;38464;1
BROME;38465;1
BERGFELD;38467;1
EHRA-LESSIEN;38468;1
PARSAU;38470;1
RÜHEN;38471;1
TIDDISCHE;38473;1
TÜLAU;38474;1
BARWEDEL;38476;1
JEMBKE;38477;1
TAPPENBECK;38479;1
GIFHORN;38518;1
SASSENBURG;38524;1
MEINE;38527;1
ADENBÜTTEL;38528;1
DIDDERSE;38530;1
RÖTGESBÜTTEL;38531;1
VORDORF;38533;1
MEINERSEN;38536;1
MÜDEN (ALLER);38539;1
LEIFERDE;38542;1
HILLERSE;38543;1
CALBERLAH;38547;1
ISENBÜTTEL;38550;1
RIBBESBÜTTEL;38551;1
WASBÜTTEL;38553;1
WEYHAUSEN;38554;1
BOKENSDORF;38556;1
OSLOSS;38557;1
WAGENHOFF;38559;1
GOSLAR OKER;38642;1
GOSLAR HAHNENKLEE-BOCKSWIESE;38644;1
GOSLAR HAHNDORF;38644;1
GOSLAR JERSTEDT;38644;1
BAD HARZBURG BAD HARZBURG;38667;1
BAD HARZBURG HARLINGERODE;38667;1
BAD HARZBURG BÜNDHEIM/SCHLEWECKE, BÜNDHEIM;38667;1
BAD HARZBURG WESTERODE;38667;1
BAD HARZBURG BETTINGERODE;38667;1
BAD HARZBURG BÜNDHEIM/SCHLEWECKE;38667;1
BAD HARZBURG BÜNDHEIM/SCHLEWECKE, SCHLEWECKE;38667;1
BAD HARZBURG ECKERTAL;38667;1
BAD HARZBURG;38667;1
BAD HARZBURG GÖTTINGERODE;38667;1
CLAUSTHAL-ZELLERFELD;38678;1
LANGELSHEIM;38685;1
VIENENBURG;38690;1
BRAUNLAGE;38700;1
LIEBENBURG;38704;1
ALTENAU;38707;1
SCHULENBERG IM OBERHARZ;38707;1
WILDEMANN;38709;1
SEESEN;38723;1
NEUWALLMODEN;38729;1
LUTTER AM BARENBERGE;38729;1
HAHAUSEN;38729;1
BAD BENTHEIM;48455;1
QUENDORF;48465;1
SAMERN;48465;1
OHNE;48465;1
SCHÜTTORF;48465;1
ENGDEN;48465;1
ISTERBERG;48465;1
SUDDENDORF;48465;1
SCHAPEN;48480;1
LÜNNE;48480;1
SPELLE;48480;1
EMSBÜREN;48488;1
SALZBERGEN;48499;1
GEORGSMARIENHÜTTE;49124;1
WALLENHORST;49134;1
BISSENDORF;49143;1
BAD ESSEN;49152;1
BOHMTE;49163;1
HAGEN AM TEUTOBURGER WALD;49170;1
HILTER AM TEUTOBURGER WALD;49176;1
OSTERCAPPELN;49179;1
BAD IBURG;49186;1
BELM;49191;1
BAD LAER;49196;1
DISSEN AM TEUTOBURGER WALD;49201;1
HASBERGEN;49205;1
BAD ROTHENFELDE;49214;1
GLANDORF;49219;1
DIEPHOLZ;49356;1
VECHTA;49377;1
LOHNE (OLDENBURG);49393;1
DAMME;49401;1
BARNSTORF;49406;1
DRENTWEDE;49406;1
EYDELSTEDT;49406;1
DINKLAGE;49413;1
WAGENFELD;49419;1
GOLDENSTEDT;49424;1
VISBEK;49429;1
NEUENKIRCHEN-VÖRDEN;49434;1
STEINFELD (OLDENBURG);49439;1
LEMFÖRDE;49448;1
BROCKUM;49448;1
QUERNHEIM;49448;1
STEMSHORN;49448;1
HÜDE;49448;1
DICKEL;49453;1
WETSCHEN;49453;1
BARVER;49453;1
HEMSLOH;49453;1
REHDEN;49453;1
BAKUM;49456;1
DREBBER;49457;1
LEMBRUCH;49459;1
BRAMSCHE;49565;1
KETTENKAMP;49577;1
EGGERMÜHLEN;49577;1
ANKUM;49577;1
FÜRSTENAU;49584;1
MERZEN;49586;1
BERSENBRÜCK;49593;1
ALFHAUSEN;49594;1
GEHRDE;49596;1
RIESTE;49597;1
VOLTLAGE;49599;1
QUAKENBRÜCK;49610;1
LÖNINGEN;49624;1
BIPPEN;49626;1
ESSEN (OLDENBURG);49632;1
BADBERGEN;49635;1
MENSLAGE;49637;1
NORTRUP;49638;1
CLOPPENBURG;49661;1
GARREL;49681;1
EMSTEK;49685;1
LASTRUP;49688;1
CAPPELN (OLDENBURG);49692;1
MOLBERGEN;49696;1
LINDERN (OLDENBURG);49699;1
MEPPEN;49716;1
HAREN;49733;1
HASELÜNNE;49740;1
GEESTE;49744;1
SPAHNHARRENSTÄTTE;49751;1
SÖGEL;49751;1
HÜVEN;49751;1
WERPELOH;49751;1
WERLTE;49757;1
VREES;49757;1
LAHN;49757;1
LATHEN;49762;1
RENKENBERGE;49762;1
FRESENBURG;49762;1
SUSTRUM;49762;1
TWIST;49767;1
HERZLAKE;49770;1
LÄHDEN;49774;1
KLEIN BERSSEN;49777;1
STAVERN;49777;1
GROSS BERSSEN;49777;1
OBERLANGEN;49779;1
NIEDERLANGEN;49779;1
EMLICHHEIM;49824;1
RINGE;49824;1
LAAR;49824;1
ESCHE;49828;1
GEORGSDORF;49828;1
NEUENHAUS;49828;1
OSTERWALD;49828;1
THUINE;49832;1
FREREN;49832;1
BEESTEN;49832;1
MESSINGEN;49832;1
ANDERVENNE;49832;1
WIETMARSCHEN;49835;1
HANDRUP;49838;1
WETTRUP;49838;1
GERSTEN;49838;1
WIELEN;49843;1
GÖLENKAMP;49843;1
GETELO;49843;1
UELSEN;49843;1
BAWINKEL;49844;1
HOOGSTEDE;49846;1
ITTERBECK;49847;1
WILSUM;49849;1
ERKRATH;40699;1
MONHEIM AM RHEIN;40789;1
MONHEIM AM RHEIN BAUMBERG;40789;1
MONHEIM AM RHEIN MONHEIM;40789;1
METTMANN;40822;1
NETTETAL;41334;1
KORSCHENBROICH;41352;1
JÜCHEN;41363;1
NIEDERKRÜCHTEN;41372;1
KAARST;41564;1
ROMMERSKIRCHEN;41569;1
WÜLFRATH;42489;1
HEILIGENHAUS;42579;1
HAAN;42781;1
EMMERICH;46446;1
REES;46459;1
HAMMINKELN;46499;1
XANTEN;46509;1
SCHERMBECK;46514;1
ALPEN;46519;1
VOERDE;46562;1
HÜNXE;46569;1
KAMP-LINTFORT;47475;1
RHEINBERG;47495;1
NEUKIRCHEN-VLUYN;47506;1
RHEURDT;47509;1
KALKAR;47546;1
BEDBURG-HAU;47551;1
GOCH;47574;1
UEDEM;47589;1
GELDERN;47608;1
STRAELEN;47638;1
KERKEN;47647;1
WEEZE;47652;1
ISSUM;47661;1
SONSBECK;47665;1
WACHTENDONK;47669;1
WILLICH;47877;1
KEMPEN;47906;1
TÖNISVORST;47918;1
GREFRATH;47929;1
ERKELENZ;41812;1
HÜCKELHOVEN;41836;1
WEGBERG;41844;1
WASSENBERG;41849;1
RADEVORMWALD;42477;1
HÜCKESWAGEN;42499;1
LEICHLINGEN;42799;1
WERMELSKIRCHEN;42929;1
BEDBURG;50181;1
FRECHEN;50226;1
PULHEIM;50259;1
HÜRTH;50354;1
ERFTSTADT;50374;1
WESSELING;50389;1
OVERATH;51491;1
RÖSRATH;51503;1
KÜRTEN;51515;1
ODENTHAL;51519;1
WALDBRÖL;51545;1
WINDECK;51570;1
REICHSHOF;51580;1
NÜMBRECHT;51588;1
MORSBACH;51597;1
WIEHL;51674;1
WIPPERFÜRTH;51688;1
BERGNEUSTADT;51702;1
MARIENHEIDE;51709;1
ENGELSKIRCHEN;51766;1
LINDLAR;51789;1
HERZOGENRATH;52134;1
WÜRSELEN;52146;1
SIMMERATH;52152;1
MONSCHAU;52156;1
ROETGEN;52159;1
ESCHWEILER;52249;1
KREUZAU;52372;1
LANGERWEHE;52379;1
NIEDERZIER;52382;1
NIDEGGEN;52385;1
NÖRVENICH;52388;1
VETTWEISS;52391;1
HÜRTGENWALD;52393;1
MERZENICH;52399;1
JÜLICH;52428;1
LINNICH;52441;1
TITZ;52445;1
ALDENHOVEN;52457;1
INDEN;52459;1
BAESWEILER;52499;1
GEILENKIRCHEN;52511;1
HEINSBERG;52525;1
WALDFEUCHT;52525;1
ÜBACH-PALENBERG;52531;1
GANGELT;52538;1
SELFKANT;52538;1
WACHTBERG;53343;1
ALFTER;53347;1
RHEINBACH;53359;1
BAD HONNEF;53604;1
KÖNIGSWINTER;53639;1
SIEGBURG;53721;1
SANKT AUGUSTIN;53757;1
HENNEF;53773;1
EITORF;53783;1
LOHMAR;53797;1
MUCH;53804;1
RUPPICHTEROTH;53809;1
NEUNKIRCHEN-SEELSCHEID;53819;1
NIEDERKASSEL;53859;1
MECHERNICH;53894;1
BAD MÜNSTEREIFEL;53902;1
ZÜLPICH;53909;1
SWISTTAL;53913;1
WEILERSWIST;53919;1
KALL;53925;1
SCHLEIDEN;53937;1
HELLENTHAL;53940;1
NETTERSHEIM;53947;1
DATTELN;45711;1
HALTERN AM SEE;45721;1
WALTROP;45731;1
OER-ERKENSCHWICK;45739;1
VELEN;46342;1
RAESFELD;46348;1
SÜDLOHN;46354;1
HEIDEN;46359;1
ISSELBURG;46419;1
WARENDORF;48231;1
DÜLMEN;48249;1
EMSDETTEN;48282;1
TELGTE;48291;1
NOTTULN;48301;1
DRENSTEINFURT;48317;1
SENDENHORST;48324;1
HAVIXBECK;48329;1
SASSENBERG;48336;1
ALTENBERGE;48341;1
OSTBEVERN;48346;1
EVERSWINKEL;48351;1
NORDWALDE;48356;1
BEELEN;48361;1
LAER;48366;1
SAERBECK;48369;1
HÖRSTEL;48477;1
HOPSTEN;48496;1
STEINFURT;48565;1
GRONAU (WESTFALEN);48599;1
OCHTRUP;48607;1
HORSTMAR;48612;1
HEEK;48619;1
SCHÖPPINGEN;48624;1
METELEN;48629;1
COESFELD;48653;1
AHAUS;48683;1
VREDEN;48691;1
STADTLOHN;48703;1
GESCHER;48712;1
ROSENDAHL;48720;1
BILLERBECK;48727;1
REKEN;48734;1
LEGDEN;48739;1
WESTERKAPPELN;49492;1
METTINGEN;49497;1
LOTTE;49504;1
RECKE;49509;1
LIENEN;49536;1
TECKLENBURG;49545;1
LADBERGEN;49549;1
BECKUM;59269;1
OELDE;59302;1
ENNIGERLOH;59320;1
WADERSLOH;59329;1
LÜDINGHAUSEN;59348;1
NORDKIRCHEN;59394;1
OLFEN;59399;1
HIDDENHAUSEN;32120;1
ENGER;32130;1
SPENGE;32139;1
BÜNDE;32257;1
KIRCHLENGERN;32278;1
RÖDINGHAUSEN;32289;1
LÜBBECKE;32312;1
ESPELKAMP;32339;1
STEMWEDE;32351;1
PREUSSISCH OLDENDORF;32361;1
RAHDEN;32369;1
PORTA WESTFALICA;32457;1
PETERSHAGEN;32469;1
HILLE;32479;1
LÖHNE;32584;1
VLOTHO;32602;1
HÜLLHORST;32609;1
LEMGO;32657;1
LÜGDE;32676;1
BARNTRUP;32683;1
KALLETAL;32689;1
DÖRENTRUP;32694;1
EXTERTAL;32699;1
HORN-BAD MEINBERG;32805;1
SCHIEDER-SCHWALENBERG;32816;1
AUGUSTDORF;32832;1
STEINHEIM;32839;1
BAD DRIBURG;33014;1
BRAKEL;33034;1
NIEHEIM;33039;1
DELBRÜCK;33129;1
BÜREN;33142;1
SALZKOTTEN;33154;1
HÖVELHOF;33161;1
BAD LIPPSPRINGE;33175;1
BORCHEN;33178;1
BAD WÜNNENBERG;33181;1
ALTENBEKEN;33184;1
SCHLANGEN;33189;1
RHEDA-WIEDENBRÜCK;33378;1
RIETBERG;33397;1
VERL;33415;1
HARSEWINKEL;33428;1
HERZEBROCK-CLARHOLZ;33442;1
LANGENBERG;33449;1
SCHLOSS HOLTE-STUKENBROCK;33758;1
VERSMOLD;33775;1
OERLINGHAUSEN;33813;1
LEOPOLDSHÖHE;33818;1
BORGHOLZHAUSEN;33829;1
WARBURG;34414;1
BORGENTREICH;34434;1
WILLEBADESSEN;34439;1
HÖXTER;37671;1
BEVERUNGEN;37688;1
MARIENMÜNSTER;37696;1
MARSBERG;34431;1
SPROCKHÖVEL;45549;1
KREUZTAL;57223;1
WILNSDORF;57234;1
NETPHEN;57250;1
HILCHENBACH;57271;1
BAD BERLEBURG BERGHAUSEN;57319;1
BAD BERLEBURG STÜNZEL;57319;1
BAD BERLEBURG WINGESHAUSEN;57319;1
BAD BERLEBURG;57319;1
BAD BERLEBURG WEMLIGHAUSEN;57319;1
BAD BERLEBURG GIRKHAUSEN;57319;1
BAD BERLEBURG BEDDELHAUSEN;57319;1
BAD BERLEBURG RAUMLAND;57319;1
BAD BERLEBURG SCHÜLLAR;57319;1
BAD BERLEBURG DOTZLAR;57319;1
BAD BERLEBURG RICHSTEIN;57319;1
BAD BERLEBURG ALERTSHAUSEN;57319;1
BAD BERLEBURG SCHWARZENAU;57319;1
BAD BERLEBURG SASSENHAUSEN;57319;1
BAD BERLEBURG HEMSCHLAR;57319;1
BAD BERLEBURG ARFELD;57319;1
BAD BERLEBURG WUNDERTHAUSEN;57319;1
BAD BERLEBURG RINTHE;57319;1
BAD BERLEBURG AUE;57319;1
BAD BERLEBURG WEIDENHAUSEN;57319;1
BAD BERLEBURG BAD BERLEBURG;57319;1
BAD BERLEBURG ELSOFF;57319;1
BAD BERLEBURG DIEDENSHAUSEN;57319;1
BAD LAASPHE;57334;1
ERNDTEBRÜCK;57339;1
LENNESTADT;57368;1
SCHMALLENBERG;57392;1
KIRCHHUNDEM;57399;1
FINNENTROP;57413;1
ATTENDORN;57439;1
OLPE;57462;1
WENDEN;57482;1
DROLSHAGEN;57489;1
SCHWERTE;58239;1
ENNEPETAL;58256;1
GEVELSBERG;58285;1
WETTER (RUHR);58300;1
HERDECKE;58313;1
SCHWELM;58332;1
BRECKERFELD;58339;1
MEINERZHAGEN;58540;1
HALVER;58553;1
KIERSPE;58566;1
SCHALKSMÜHLE;58579;1
HEMER;58675;1
FRÖNDENBERG;58730;1
WICKEDE;58739;1
ALTENA;58762;1
NACHRODT-WIBLINGWERDE;58769;1
WERDOHL;58791;1
BALVE;58802;1
NEUENRADE;58809;1
PLETTENBERG;58840;1
HERSCHEID;58849;1
KAMEN;59174;1
BERGKAMEN;59192;1
BÖNEN;59199;1
WERNE;59368;1
SELM;59379;1
HOLZWICKEDE;59439;1
WERL;59457;1
ENSE;59469;1
SOEST;59494;1
BAD SASSENDORF;59505;1
LIPPETAL;59510;1
WELVER;59514;1
MÖHNESEE;59519;1
WARSTEIN;59581;1
GESEKE;59590;1
ERWITTE;59597;1
RÜTHEN;59602;1
ANRÖCHTE;59609;1
SUNDERN;59846;1
MESCHEDE;59872;1
ESLOHE;59889;1
BESTWIG;59909;1
BRILON;59929;1
OLSBERG;59939;1
WINTERBERG;59955;1
MEDEBACH;59964;1
HALLENBERG;59969;1
FRIESENHAGEN;51598;1
REMAGEN;53424;1
DEDENBACH;53426;1
SCHALKENBACH;53426;1
BAD NEUENAHR-AHRWEILER;53474;1
SINZIG;53489;1
WALDORF;53498;1
BAD BREISIG;53498;1
GRAFSCHAFT;53501;1
ALTENAHR;53505;1
KIRCHSAHR;53505;1
AHRBRÜCK;53506;1
HECKENBACH;53506;1
RECH;53506;1
HÖNNINGEN;53506;1
KESSELING;53506;1
DERNAU;53507;1
MAYSCHOSS;53508;1
ADENAU;53518;1
QUIDDELBACH;53518;1
KOTTENBORN;53518;1
WIMBACH;53518;1
HONERATH;53518;1
WELCHERATH;53518;1
HERSCHBROICH;53518;1
DANKERATH;53520;1
DÜMPELFELD;53520;1
NÜRBURG;53520;1
WINNERATH;53520;1
DREES;53520;1
HARSCHEID;53520;1
SIERSCHEID;53520;1
INSUL;53520;1
KALTENBORN;53520;1
HÜMMEL;53520;1
TRIERSCHEID;53520;1
SENSCHEID;53520;1
WERSHOFEN;53520;1
REIFFERSCHEID;53520;1
RODDER;53520;1
SCHULD;53520;1
MEUSPATH;53520;1
OHLENHARD;53520;1
DORSEL;53533;1
ANTWEILER;53533;1
FUCHSHOFEN;53533;1
EICHENBACH;53533;1
MÜSCH;53533;1
AREMBERG;53533;1
WIESEMSCHEID;53534;1
POMSTER;53534;1
BARWEILER;53534;1
WIRFT;53534;1
BONGARD;53539;1
GELENBERG;53539;1
KIRSBACH;53539;1
BORLER;53539;1
KELBERG;53539;1
REIMERATH;53539;1
BRÜCKTAL;53539;1
BODENBACH;53539;1
OCKENFELS;53545;1
LINZ AM RHEIN;53545;1
DATTENBERG;53547;1
KASBACH-OHLENBERG;53547;1
HAUSEN (WIED);53547;1
HÜMMERICH;53547;1
BAD HÖNNINGEN;53557;1
VETTELSCHOSS;53560;1
BUCHHOLZ (WESTERWALD);53567;1
UNKEL;53572;1
BRUCHHAUSEN;53572;1
NEUSTADT (WIED);53577;1
WINDHAGEN;53578;1
ERPEL;53579;1
RHEINBREITBACH;53619;1
GILZEM;54298;1
WELSCHBILLIG;54298;1
IGEL;54298;1
ORENHOFEN;54298;1
KORDEL;54306;1
LANGSUR;54308;1
NEWEL;54309;1
MENNINGEN;54310;1
RALINGEN AN DER SAUER;54310;1
TRIERWEILER;54311;1
ZEMMER;54313;1
HENTERN;54314;1
PASCHEL;54314;1
ZERF;54314;1
VIERHERRENBORN;54314;1
SCHÖMERICH;54314;1
BALDRINGEN;54314;1
HOLZERATH;54316;1
PLUWIG;54316;1
HINZENBURG;54316;1
LAMPADEN;54316;1
OLLMUTH;54316;1
BONERATH;54316;1
FRANZENHEIM;54316;1
HOCKWEILER;54316;1
GUTWEILER;54317;1
KASEL;54317;1
FARSCHWEILER;54317;1
LORSCHEID;54317;1
OSBURG;54317;1
HERL;54317;1
MORSCHEID;54317;1
THOMM;54317;1
KORLINGEN;54317;1
GUSTERATH;54317;1
SOMMERAU;54317;1
RIVERIS;54317;1
MERTESDORF;54318;1
WALDRACH;54320;1
KONZ;54329;1
PELLINGEN;54331;1
OBERBILLIG;54331;1
WASSERLIESCH;54332;1
LONGEN;54338;1
SCHWEICH;54338;1
DETZEM;54340;1
NAURATH (EIFEL);54340;1
LEIWEN;54340;1
KÖWERICH;54340;1
PÖLICH;54340;1
LONGUICH;54340;1
THÖRNICH;54340;1
SCHLEICH;54340;1
BEKOND;54340;1
KLÜSSERATH;54340;1
RIOL;54340;1
ENSCH;54340;1
FELL;54341;1
FÖHREN;54343;1
KENN;54344;1
NEUMAGEN-DHRON;54347;1
TRITTENHEIM;54349;1
DEUSELBACH;54411;1
RORODT;54411;1
HERMESKEIL;54411;1
GRIMBURG;54413;1
RASCHEID;54413;1
BESCHEID;54413;1
DAMFLOS;54413;1
GEISFELD;54413;1
GUSENBURG;54413;1
BEUREN (HOCHWALD);54413;1
HINZERT-PÖLERT;54421;1
REINSFELD;54421;1
BÖRFINK;54422;1
ZÜSCH;54422;1
GIELERT;54424;1
THALFANG;54424;1
ETGERT;54424;1
BURTSCHEID;54424;1
LÜCKENBURG;54424;1
MALBORN;54426;1
GRÄFENDHRON;54426;1
BÜDLICH;54426;1
HILSCHEID;54426;1
MERSCHBACH;54426;1
NAURATH;54426;1
BREIT;54426;1
HEIDENBURG;54426;1
BERGLICHT;54426;1
DHRONECKEN;54426;1
TALLING;54426;1
IMMERT;54426;1
KELL AM SEE;54427;1
SCHILLINGEN;54429;1
HEDDERT;54429;1
MANDERN;54429;1
WALDWEILER;54429;1
PALZEM;54439;1
FISCH;54439;1
SAARBURG;54439;1
MERZKIRCHEN;54439;1
TRASSEM;54441;1
KASTEL-STAADT;54441;1
KANZEM;54441;1
TEMMELS;54441;1
KIRF;54441;1
AYL;54441;1
TABEN-RODT;54441;1
OCKFEN;54441;1
SCHODEN;54441;1
FREUDENBURG;54450;1
IRSCH;54451;1
NITTEL;54453;1
SERRIG;54455;1
TAWERN;54456;1
ONSDORF;54456;1
WINCHERINGEN;54457;1
WILTINGEN;54459;1
BERNKASTEL-KUES;54470;1
GRAACH;54470;1
LIESER;54470;1
LONGKAMP;54472;1
VELDENZ;54472;1
MONZELFELD;54472;1
BRAUNEBERG;54472;1
GORNHAUSEN;54472;1
KOMMEN;54472;1
HOCHSCHEID;54472;1
KLEINICH;54483;1
MARING-NOVIAND;54484;1
MÜLHEIM;54486;1
WINTRICH;54487;1
LÖSNICH;54492;1
ZELTINGEN-RACHTIG;54492;1
ERDEN;54492;1
HORATH;54497;1
MORBACH;54497;1
PIESPORT;54498;1
FLUSSBACH;54516;1
WITTLICH;54516;1
HECKENMÜNSTER;54518;1
PLATTEN;54518;1
MINHEIM;54518;1
RIVENICH;54518;1
NIERSBACH;54518;1
GLADBACH;54518;1
ALTRICH;54518;1
DODENBURG;54518;1
BRUCH;54518;1
MINDERLITTGEN;54518;1
BINSFELD;54518;1
HUPPERATH;54518;1
ARENRATH;54518;1
KESTEN;54518;1
BERGWEILER;54518;1
DREIS;54518;1
OSANN-MONZEL;54518;1
HEIDWEILER;54518;1
PLEIN;54518;1
DIERSCHEID;54523;1
HETZERATH;54523;1
KLAUSEN;54524;1
LANDSCHEID;54526;1
SALMTAL;54528;1
SPANGDAHLEM;54529;1
PANTENBURG;54531;1
WALLSCHEID;54531;1
ECKFELD;54531;1
MEERFELD;54531;1
WILLWERSCHEID;54533;1
OBERKAIL;54533;1
NIEDERSCHEIDWEILER;54533;1
OBERSCHEIDWEILER;54533;1
BETTENFELD;54533;1
GIPPERATH;54533;1
GRANSDORF;54533;1
NIEDERÖFFLINGEN;54533;1
OBERÖFFLINGEN;54533;1
HASBORN;54533;1
DIERFELD;54533;1
LAUFELD;54533;1
EISENSCHMITT;54533;1
MUSWEILER;54534;1
GROSSLITTGEN;54534;1
KARL;54534;1
SCHLADT;54534;1
KRÖV;54536;1
KINHEIM;54538;1
BENGEL;54538;1
KINDERBEUERN;54538;1
HONTHEIM;54538;1
BAUSENDORF;54538;1
DIEFENBACH;54538;1
ÜRZIG;54539;1
DAUN;54550;1
HÖRSCHEID;54552;1
NEICHEN;54552;1
DOCKWEILER;54552;1
STEININGEN;54552;1
UDLER;54552;1
SCHALKENMEHREN;54552;1
BROCKSCHEID;54552;1
STEINEBERG;54552;1
BEINHAUSEN;54552;1
DEMERATH;54552;1
NERDLEN;54552;1
DREIS-BRÜCK;54552;1
STROTZBÜSCH;54552;1
SARMERSBACH;54552;1
UTZERATH;54552;1
ELLSCHEID;54552;1
IMMERATH;54552;1
DARSCHEID;54552;1
KRADENBACH;54552;1
ÜDERSDORF;54552;1
HÖRSCHHAUSEN;54552;1
MÜCKELN;54558;1
SAXLER;54558;1
GILLENFELD;54558;1
STROHN;54558;1
GEROLSTEIN;54568;1
DEUDESFELD;54570;1
NIEDERSTADTFELD;54570;1
NEROTH;54570;1
KIRCHWEILER;54570;1
DENSBORN;54570;1
KALENBORN-SCHEUERN;54570;1
BETTELDORF;54570;1
MÜRLENBACH;54570;1
BERLINGEN;54570;1
MEISBURG;54570;1
SALM;54570;1
WALLENBORN;54570;1
HINTERWEILER;54570;1
ROCKESKYLL;54570;1
HOHENFELS-ESSINGEN;54570;1
PELM;54570;1
SCHUTZ;54570;1
BLECKHAUSEN;54570;1
OBERSTADTFELD;54570;1
BIRRESBORN;54574;1
KOPP;54574;1
DOHM-LAMMERSDORF;54576;1
BASBERG;54578;1
WIESBAUM;54578;1
OBEREHE-STROHEICH;54578;1
OBERBETTINGEN;54578;1
BERNDORF;54578;1
NOHN;54578;1
ÜXHEIM;54579;1
JÜNKERATH;54584;1
FEUSDORF;54584;1
SCHÜLLER;54586;1
LISSENDORF;54587;1
BIRGEL;54587;1
KERSCHENBACH;54589;1
STADTKYLL;54589;1
PITTENBACH;54595;1
PRÜM;54595;1
GONDENBRETT;54595;1
WATZERATH;54595;1
ORLENBACH;54595;1
STEFFELN;54597;1
LÜNEBACH;54597;1
KINZENBURG;54597;1
NEUHEILENBACH;54597;1
FLERINGEN;54597;1
EUSCHEID;54597;1
STRICKSCHEID;54597;1
HABSCHEID;54597;1
FEUERSCHEID;54597;1
LASCHEID;54597;1
KLEINLANGENFELD;54597;1
ROMMERSHEIM;54597;1
ORMONT;54597;1
LIERFELD;54597;1
WALLERSHEIM;54597;1
SEIWERATH;54597;1
DUPPACH;54597;1
BALESFELD;54597;1
PLÜTSCHEID;54597;1
PRONSFELD;54597;1
HERSDORF;54597;1
AUW BEI PRÜM;54597;1
OLZHEIM;54597;1
MERLSCHEID;54597;1
MATZERATH;54597;1
SCHWIRZHEIM;54597;1
MASTHORN;54597;1
BLEIALF;54608;1
WINTERSCHEID;54608;1
MÜTZENICH;54608;1
OBERLASCHEID;54608;1
BUCHET;54608;1
SELLERICH;54608;1
GROSSLANGENFELD;54608;1
BÜDESHEIM;54610;1
HALLSCHLAG;54611;1
SCHEID;54611;1
LASEL;54612;1
NIMSHUSCHEID;54612;1
SCHÖNECKEN;54614;1
OBERLAUCH;54614;1
NIEDERLAUCH;54614;1
GIESDORF;54614;1
WINRINGEN;54614;1
HEISDORF;54614;1
DINGDORF;54614;1
NIMSREULAND;54614;1
WINTERSPELT;54616;1
LÜTZKAMPEN;54617;1
SEVENIG (OUR);54617;1
HARSPELT;54617;1
SENGERICH;54619;1
ROSCHEID;54619;1
REIFF;54619;1
LICHTENBORN;54619;1
HECKHUSCHEID;54619;1
LEIDENBORN;54619;1
GROSSKAMPENBERG;54619;1
ESCHFELD;54619;1
KESFELD;54619;1
ÜTTFELD;54619;1
BITBURG;54634;1
BIRTLINGEN;54634;1
NIEDERSTEDEM;54634;1
METTERICH;54634;1
OBERSTEDEM;54634;1
SEFFERN;54636;1
EHLENZ;54636;1
HEILENBACH;54636;1
ALTSCHEID;54636;1
IDESHEIM;54636;1
MESSERICH;54636;1
WOLSFELD;54636;1
SCHARFBILLIG;54636;1
MÜLBACH;54636;1
LIESSEM;54636;1
WISSMANNSDORF;54636;1
OBERWEILER;54636;1
INGENDORF;54636;1
SEFFERWEICH;54636;1
NATTENHEIM;54636;1
SÜLM;54636;1
BIERSDORF;54636;1
RÖHL;54636;1
FEILSDORF;54636;1
DOCKENDORF;54636;1
BICKENDORF;54636;1
ECHTERSHAUSEN;54636;1
FLIESSEM;54636;1
BAUSTERT;54636;1
HÜTTINGEN AN DER KYLL;54636;1
ESSLINGEN;54636;1
IDENHEIM;54636;1
OBERWEIS;54636;1
WIERSDORF;54636;1
WEIDINGEN;54636;1
BRECHT;54636;1
HÜTTERSCHEID;54636;1
TRIMPORT;54636;1
MECKEL;54636;1
HALSDORF;54646;1
BRIMINGEN;54646;1
NIEHL;54646;1
STOCKEM;54646;1
OLSDORF;54646;1
WETTLINGEN;54646;1
HISEL;54646;1
BETTINGEN;54646;1
ENZEN;54646;1
DUDELDORF;54647;1
GONDORF;54647;1
PICKLIESSEM;54647;1
LAUPERATH;54649;1
HARGARTEN;54649;1
DACKSCHEID;54649;1
WAXWEILER;54649;1
EILSCHEID;54649;1
NIEDERPIERSCHEID;54649;1
PINTESFELD;54649;1
OBERPIERSCHEID;54649;1
MAUEL;54649;1
LAMBERTSBERG;54649;1
KYLLBURG;54655;1
ETTELDORF;54655;1
ZENDSCHEID;54655;1
KYLLBURGWEILER;54655;1
USCH;54655;1
WILSECKER;54655;1
SEINSFELD;54655;1
SANKT THOMAS;54655;1
MALBERGWEICH;54655;1
STEINBORN;54655;1
ORSFELD;54655;1
NEIDENBACH;54657;1
GINDORF;54657;1
BADEM;54657;1
PHILIPPSHEIM;54662;1
HERFORST;54662;1
BEILINGEN;54662;1
SPEICHER;54662;1
HOSTEN;54664;1
PREIST;54664;1
AUW AN DER KYLL;54664;1
IRREL;54666;1
FERSCHWEILER;54668;1
HOLSTHUM;54668;1
ECHTERNACHERBRÜCK;54668;1
NIEDERWEIS;54668;1
KASCHENBACH;54668;1
PEFFINGEN;54668;1
ERNZEN;54668;1
PRÜMZURLAY;54668;1
SCHANKWEILER;54668;1
BOLLENDORF;54669;1
KEPPESHAUSEN;54673;1
MUXERATH;54673;1
ZWEIFELSCHEID;54673;1
KRAUTSCHEID;54673;1
HERBSTMÜHLE;54673;1
RODERSHAUSEN;54673;1
SCHEUERN;54673;1
BERKOTH;54673;1
GEMÜND;54673;1
SEVENIG;54673;1
KOXHAUSEN;54673;1
NEUERBURG;54673;1
HEILBACH;54673;1
KARLSHAUSEN;54673;1
DAUWELSHAUSEN;54673;1
PLASCHEID;54673;1
WALDHOF-FALKENSTEIN;54673;1
AMMELDINGEN BEI NEUERBURG;54673;1
EMMELBAUM;54673;1
NASINGEN;54673;1
SCHEITENKORB;54673;1
UPPERSHAUSEN;54673;1
BERSCHEID;54673;1
GENTINGEN;54675;1
UTSCHEID;54675;1
FISCHBACH-OBERRADEN;54675;1
KÖRPERICH;54675;1
HÜTTINGEN;54675;1
KRUCHTEN;54675;1
SINSPELT;54675;1
NIEDERRADEN;54675;1
OBERGECKLER;54675;1
GEICHLINGEN;54675;1
NIEDERGECKLER;54675;1
NUSBAUM;54675;1
METTENDORF;54675;1
BIESDORF;54675;1
HOMMERDINGEN;54675;1
ROTH AN DER OUR;54675;1
AMMELDINGEN AN DER OUR;54675;1
ARZFELD;54687;1
DAHNEN;54689;1
OLMSCHEID;54689;1
PREISCHEID;54689;1
ÜBEREISENBACH;54689;1
KICKESHAUSEN;54689;1
DASBURG;54689;1
IRRHAUSEN;54689;1
JUCKEN;54689;1
AFFLER;54689;1
DALEIDEN;54689;1
REIPELDINGEN;54689;1
INGELHEIM AM RHEIN;55218;1
ALZEY;55232;1
ENSHEIM;55232;1
BERMERSHEIM VOR DER HÖHE;55234;1
BECHENHEIM;55234;1
WAHLHEIM;55234;1
BECHTOLSHEIM;55234;1
NIEDER-WIESEN;55234;1
KETTENHEIM;55234;1
ALBIG;55234;1
BIEBELNHEIM;55234;1
NACK;55234;1
OFFENHEIM;55234;1
FRAMERSHEIM;55234;1
ESSELBORN;55234;1
EPPELSHEIM;55234;1
WENDELSHEIM;55234;1
HANGEN-WEISHEIM;55234;1
OBER-FLÖRSHEIM;55234;1
MONZERNHEIM;55234;1
DINTESHEIM;55234;1
HOCHBORN;55234;1
FLOMBORN;55234;1
GAU-HEPPENHEIM;55234;1
ERBES-BÜDESHEIM;55234;1
FLONHEIM;55237;1
LONSHEIM;55237;1
GAU-ODERNHEIM;55239;1
BUDENHEIM;55257;1
HEIDESHEIM AM RHEIN;55262;1
WACKERNHEIM;55263;1
NIEDER-OLM;55268;1
OBER-OLM;55270;1
ESSENHEIM;55270;1
ZORNHEIM;55270;1
SCHWABENHEIM AN DER SELZ;55270;1
KLEIN-WINTERNHEIM;55270;1
JUGENHEIM;55270;1
SÖRGENLOCH;55270;1
ENGELSTADT;55270;1
STADECKEN-ELSHEIM;55271;1
OPPENHEIM;55276;1
DIENHEIM;55276;1
DOLGESHEIM;55278;1
WEINOLSHEIM;55278;1
KÖNGERNHEIM;55278;1
DEXHEIM;55278;1
DALHEIM;55278;1
UELVERSHEIM;55278;1
SELZEN;55278;1
UNDENHEIM;55278;1
EIMSHEIM;55278;1
HAHNHEIM;55278;1
MOMMENHEIM;55278;1
LUDWIGSHÖHE;55278;1
NIERSTEIN;55283;1
WÖRRSTADT;55286;1
SCHORNSHEIM;55288;1
SPIESHEIM;55288;1
UDENHEIM;55288;1
ARMSHEIM;55288;1
PARTENHEIM;55288;1
GABSHEIM;55288;1
SAULHEIM;55291;1
BODENHEIM;55294;1
LÖRZWEILER;55296;1
HARXHEIM;55296;1
GAU-BISCHOFSHEIM;55296;1
NACKENHEIM;55299;1
BINGEN AM RHEIN;55411;1
OBERDIEBACH;55413;1
TRECHTINGSHAUSEN;55413;1
MANUBACH;55413;1
OBERHEIMBACH;55413;1
NIEDERHEIMBACH;55413;1
BACHARACH;55422;1
MÜNSTER-SARMSHEIM;55424;1
WALDALGESHEIM;55425;1
OBERWESEL;55430;1
PERSCHEID;55430;1
NIEDERBURG;55432;1
DAMSCHEID;55432;1
GAU-ALGESHEIM;55435;1
OBER-HILBERSHEIM;55437;1
NIEDER-HILBERSHEIM;55437;1
APPENHEIM;55437;1
OCKENHEIM;55437;1
WARMSROTH;55442;1
DAXWEILER;55442;1
STROMBERG;55442;1
ECKENROTH;55444;1
SEIBERSBACH;55444;1
SCHWEPPENHAUSEN;55444;1
WALDLAUBERSHEIM;55444;1
DÖRREBACH;55444;1
LANGENLONSHEIM;55450;1
WINDESHEIM;55452;1
HERGENFELD;55452;1
LAUBENHEIM;55452;1
DORSHEIM;55452;1
GULDENTAL;55452;1
RÜMMELSHEIM/BURG LAYEN;55452;1
HORRWEILER;55457;1
GENSINGEN;55457;1
ASPISHEIM;55459;1
GROLSHEIM;55459;1
RIEGENROTH;55469;1
OPPERTSHAUSEN;55469;1
ALTWEIDELBACH;55469;1
BELGWEILER;55469;1
RAYERSCHIED;55469;1
HORN;55469;1
OHLWEILER;55469;1
BERGENHAUSEN;55469;1
MUTTERSCHIED;55469;1
NANNHAUSEN;55469;1
NIEDERKUMBD;55469;1
KLOSTERKUMBD;55469;1
BUDENBACH;55469;1
PLEIZENHAUSEN;55469;1
HOLZBACH;55469;1
BIEBERN;55471;1
NEUERKIRCH;55471;1
SARGENROTH;55471;1
WÜSCHHEIM;55471;1
KÜMBDCHEN;55471;1
REICH;55471;1
KEIDELHEIM;55471;1
RAVENGIERSBURG;55471;1
FRONHOFEN;55471;1
KÜLZ;55471;1
NIEDER KOSTENZ;55481;1
METZENHAUSEN;55481;1
HECKEN;55481;1
OBER KOSTENZ;55481;1
LINDENSCHIED;55481;1
TODENROTH;55481;1
SCHWARZEN;55481;1
KLUDENBACH;55481;1
WOMRATH;55481;1
DILLENDORF;55481;1
RÖDERN;55481;1
MAITZBORN;55481;1
RECKERSHAUSEN;55481;1
HEINZENBACH;55483;1
SCHLIERSCHIED;55483;1
LAUTZENHAUSEN;55483;1
KAPPEL;55483;1
KRUMMENAU;55483;1
UNZENBERG;55483;1
HORBRUCH;55483;1
DICKENSCHIED;55483;1
DILL;55487;1
LAUFERSWEILER;55487;1
NIEDERSOHREN;55487;1
SOHREN;55487;1
SOHRSCHIED;55487;1
WOPPENROTH;55490;1
HENAU;55490;1
MENGERSCHIED;55490;1
GEHLWEILER;55490;1
WAHLENAU;55491;1
BÜCHENBEUREN;55491;1
LIEBSHAUSEN;55494;1
WAHLBACH;55494;1
RHEINBÖLLEN;55494;1
DICHTELBACH;55494;1
BENZWEILER;55494;1
MÖRSCHBACH;55494;1
ARGENTHAL;55496;1
SCHNORBACH;55497;1
ELLERN;55497;1
RIESWEILER;55499;1
NEU-BAMBERG;55546;1
FÜRFELD;55546;1
PFAFFEN-SCHWABENHEIM;55546;1
FREI-LAUBERSHEIM;55546;1
VOLXHEIM;55546;1
HACKENHEIM;55546;1
BIEBELSHEIM;55546;1
BRETZENHEIM;55559;1
KIRSCHROTH;55566;1
MEDDERSHEIM;55566;1
REHBACH;55566;1
BAD SOBERNHEIM;55566;1
IPPENSCHIED;55566;1
STAUDERNHEIM;55568;1
ABTWEILER;55568;1
LAUSCHIED;55568;1
LANGENTHAL;55569;1
NUSSBAUM;55569;1
AUEN;55569;1
MONZINGEN;55569;1
ODERNHEIM AM GLAN;55571;1
BADENHEIM;55576;1
PLEITERSHEIM;55576;1
SPRENDLINGEN;55576;1
ZOTZENHEIM;55576;1
WELGESHEIM;55576;1
WALLERTHEIM;55578;1
VENDERSHEIM;55578;1
WOLFSHEIM;55578;1
GAU-WEINHEIM;55578;1
BAD MÜNSTER AM STEIN-EBERNBURG;55583;1
ALTENBAMBERG;55585;1
NIEDERHAUSEN;55585;1
OBERHAUSEN AN DER NAHE;55585;1
DUCHROTH;55585;1
NORHEIM;55585;1
HOCHSTÄTTEN;55585;1
MEISENHEIM;55590;1
RAUMBACH;55592;1
JECKENBACH;55592;1
REHBORN;55592;1
DESLOCH;55592;1
BREITENHEIM;55592;1
RÜDESHEIM;55593;1
SOMMERLOCH;55595;1
MÜNCHWALD;55595;1
BOCKENAU;55595;1
MANDEL;55595;1
GEBROTH;55595;1
ALLENFELD;55595;1
HARGESHEIM;55595;1
TRAISEN;55595;1
SPONHEIM;55595;1
BRAUNWEILER;55595;1
HÜFFELSHEIM;55595;1
ROXHEIM;55595;1
BURGSPONHEIM;55595;1
ARGENSCHWANG;55595;1
WINTERBURG;55595;1
DALBERG;55595;1
SPALL;55595;1
SPABRÜCKEN;55595;1
WALDBÖCKELHEIM;55596;1
SCHLOSSBÖCKELHEIM;55596;1
OBERSTREIT;55596;1
WÖLLSTEIN;55597;1
GUMBSHEIM;55597;1
STEIN-BOCKENHEIM;55599;1
GAU-BICKELHEIM;55599;1
SIEFERSHEIM;55599;1
ECKELSHEIM;55599;1
WONSHEIM;55599;1
HOCHSTETTEN-DHAUN;55606;1
HEINZENBERG;55606;1
HAHNENBACH;55606;1
KELLENBACH;55606;1
HEIMWEILER;55606;1
KÖNIGSAU;55606;1
OTZWEILER;55606;1
BÄRWEILER;55606;1
BRAUWEILER;55606;1
KIRN;55606;1
BRUSCHIED;55606;1
GRIEBELSCHIED;55608;1
SCHNEPPENBACH;55608;1
BECHERBACH BEI KIRN;55608;1
SIMMERTAL;55618;1
HENNWEILER;55619;1
HUNDSBACH;55621;1
GÖSENROTH;55624;1
OBERKIRN;55624;1
RHAUNEN;55624;1
WEITERSBACH;55624;1
SCHWERBACH;55624;1
BOLLENBACH;55624;1
BUNDENBACH;55626;1
MERXHEIM;55627;1
MARTINSTEIN;55627;1
WEILER BEI MONZINGEN;55627;1
SEESBACH;55629;1
SCHWARZERDEN;55629;1
WEITERSBORN;55629;1
HINTERTIEFENBACH;55743;1
IDAR-OBERSTEIN;55743;1
KIRSCHWEILER;55743;1
HERRSTEIN;55756;1
HOTTENBACH;55758;1
BRUCHWEILER;55758;1
SONNSCHIED;55758;1
MITTELREIDENBACH;55758;1
HELLERTSHAUSEN;55758;1
HETTENRODT;55758;1
OBERREIDENBACH;55758;1
MACKENRODT;55758;1
SIEN;55758;1
NIEDERHOSENBACH;55758;1
SENSWEILER;55758;1
VOLLMERSBACH;55758;1
MÖRSCHIED;55758;1
VEITSRODT;55758;1
ALLENBACH;55758;1
WIRSCHWEILER;55758;1
KEMPFELD;55758;1
DICKESBACH;55758;1
SCHMIDTHACHENBACH;55758;1
OBERWÖRRESBACH;55758;1
SIENHACHENBACH;55758;1
OBERHOSENBACH;55758;1
WICKENRODT;55758;1
NIEDERWÖRRESBACH;55758;1
STIPSHAUSEN;55758;1
RIMSBERG;55765;1
DIENSTWEILER;55765;1
ELLWEILER;55765;1
ELCHWEILER;55765;1
DAMBACH;55765;1
OBERHAMBACH;55765;1
SCHMISSBERG;55765;1
KRONWEILER;55767;1
SIESBACH;55767;1
OBERBROMBACH;55767;1
ABENTHEUER;55767;1
NIEDERBROMBACH;55767;1
LEISEL;55767;1
HATTGENSTEIN;55767;1
BUHLENBERG;55767;1
ACHTELSBACH;55767;1
RINZENBERG;55767;1
SONNENBERG-WINNENBERG;55767;1
WILZENBERG-HUSSWEILER;55767;1
RÖTSWEILER-NOCKENTHAL;55767;1
SCHWOLLEN;55767;1
GIMBWEILER;55767;1
NOHEN;55767;1
NIEDERHAMBACH;55767;1
HOPPSTÄDTEN-WEIERSBACH;55768;1
BAUMHOLDER;55774;1
RÜCKWEILER;55776;1
BERGLANGENBACH;55776;1
HAHNWEILER;55776;1
FRAUENBERG;55776;1
RUSCHBERG;55776;1
ECKERSWEILER;55777;1
METTWEILER;55777;1
FOHREN-LINDEN;55777;1
LEITZWEILER;55779;1
LAHNSTEIN;56112;1
BAD EMS;56130;1
BECHELN;56132;1
NIEVERN;56132;1
KEMMENAU;56132;1
FRÜCHT;56132;1
DAUSENAU;56132;1
MIELLEN;56132;1
FACHBACH;56133;1
BOPPARD;56154;1
VALLENDAR;56179;1
NIEDERWERTH;56179;1
WEITERSBURG;56191;1
HÖHR-GRENZHAUSEN;56203;1
HILLSCHEID;56204;1
HILGERT;56206;1
MÜLHEIM-KÄRLICH;56218;1
BASSENHEIM;56220;1
KETTIG;56220;1
URMITZ;56220;1
SANKT SEBASTIAN;56220;1
KALTENENGERS;56220;1
HUNDSDORF;56235;1
RANSBACH-BAUMBACH;56235;1
WIRSCHEID;56237;1
NAUORT;56237;1
DEESEN;56237;1
SESSENBACH;56237;1
ALSBACH;56237;1
WITTGERT;56237;1
CAAN;56237;1
SELTERS;56242;1
MARIENRACHDORF;56242;1
NORDHOFEN;56242;1
ELLENHAUSEN;56242;1
FREIRACHDORF;56244;1
EWIGHAUSEN;56244;1
RÜCKEROTH;56244;1
HAHN AM SEE;56244;1
HARTENFELS;56244;1
KRÜMMEL;56244;1
NIEDERSAYN;56244;1
ÖTZINGEN;56244;1
FREILINGEN;56244;1
VIELBACH;56244;1
MAXSAIN;56244;1
LEUTEROD;56244;1
WÖLFERLINGEN;56244;1
HELFERSKIRCHEN;56244;1
ETTINGHAUSEN;56244;1
SCHENKELBERG;56244;1
ARNSHÖFEN;56244;1
WEIDENHAHN;56244;1
KUHNHÖFEN;56244;1
SESSENHAUSEN;56244;1
GODDERT;56244;1
HERSCHBACH;56249;1
TREIS-KARDEN;56253;1
MÜDEN;56254;1
MOSELKERN;56254;1
MARIENHAUSEN;56269;1
DIERDORF;56269;1
ISENBURG;56271;1
KLEINMAISCHEID;56271;1
MAROTH;56271;1
MÜNDERSBACH;56271;1
GROSSMAISCHEID;56276;1
STEBACH;56276;1
HUNGENROTH;56281;1
DÖRTH;56281;1
SCHWALL;56281;1
EMMELSHAUSEN;56281;1
NEY;56283;1
BEULICH;56283;1
HALSENBACH;56283;1
GONDERSHAUSEN;56283;1
MORSHAUSEN;56283;1
NÖRTERSHAUSEN;56283;1
KRATZENBURG;56283;1
MERMUTH;56283;1
BRAUNSHORN;56288;1
KASTELLAUN;56288;1
ALTERKÜLZ;56288;1
BUBACH;56288;1
HOLLNICH;56288;1
SPESENROTH;56288;1
KORWEILER;56288;1
ZILSHAUSEN;56288;1
MACKEN;56290;1
LÜTZ;56290;1
GÖDENROTH;56290;1
DOMMERSHAUSEN;56290;1
UHLER;56290;1
LIEG;56290;1
BELTHEIM;56290;1
BADENHARD;56291;1
UTZENHAIN;56291;1
KISSELBACH;56291;1
LEININGEN;56291;1
THÖRLINGEN;56291;1
MAISBORN;56291;1
BIRKHEIM;56291;1
PFALZFELD;56291;1
LINGERHAHN;56291;1
LAUDERT;56291;1
HAUSBAY;56291;1
MÜHLPFAD;56291;1
NIEDERT;56291;1
WIEBELSHEIM;56291;1
NORATH;56291;1
MÜNSTERMAIFELD;56294;1
GAPPENACH;56294;1
WIERSCHEM;56294;1
GIERSCHNACH;56294;1
KALT;56294;1
KERBEN;56295;1
LONNIG;56295;1
RÜBER;56295;1
OCHTENDUNG;56299;1
PUDERBACH;56305;1
DÖTTESFELD;56305;1
HARSCHBACH;56307;1
DÜRRHOLZ;56307;1
NIEDERHOFEN;56316;1
RAUBACH;56316;1
HANROTH;56316;1
LINKENBACH;56317;1
RHENS;56321;1
BREY;56321;1
SPAY;56322;1
WALDESCH;56323;1
SANKT GOAR;56329;1
KOBERN-GONDORF;56330;1
KATTENES;56332;1
BRODENBACH;56332;1
NIEDERFELL;56332;1
WOLKEN;56332;1
HATZENPORT;56332;1
OBERFELL;56332;1
DIEBLICH;56332;1
ALKEN;56332;1
LEHMEN;56332;1
LÖF;56332;1
WINNINGEN;56333;1
NEUHÄUSEL;56335;1
ARZBACH;56337;1
KADENBACH;56337;1
EITELBORN;56337;1
BRAUBACH;56338;1
DACHSENHAUSEN;56340;1
OSTERSPAI;56340;1
KAMP-BORNHOFEN;56341;1
FILSEN;56341;1
LYKERSHAUSEN;56346;1
PRATH;56346;1
SANKT GOARSHAUSEN;56346;1
PATERSBERG;56348;1
DÖRSCHEID;56348;1
DAHLHEIM;56348;1
WEISEL;56348;1
KESTERT;56348;1
BORNICH;56348;1
KAUB;56349;1
WINTERWERB;56355;1
LAUTERT;56355;1
NASTÄTTEN;56355;1
HUNZEL;56355;1
OBERBACHHEIM;56355;1
ENDLICHHOFEN;56355;1
BETTENDORF;56355;1
DIETHARDT;56355;1
KEHLBACH;56355;1
DORNHOLZHAUSEN;56357;1
NIEDERWALLMENACH;56357;1
MARIENFELS;56357;1
DESSIGHOFEN;56357;1
WELTEROD;56357;1
AUEL;56357;1
KASDORF;56357;1
LOLLSCHIED;56357;1
OELSBERG;56357;1
POHL;56357;1
GEMMERICH;56357;1
LIPPORN;56357;1
GEISIG;56357;1
NOCHERN;56357;1
NIEDERBACHHEIM;56357;1
LIERSCHIED;56357;1
HOLZHAUSEN AN DER HAIDE;56357;1
EHR;56357;1
OBERTIEFENBACH;56357;1
HIMMIGHOFEN;56357;1
MIEHLEN;56357;1
OBERWALLMENACH;56357;1
BOGEL;56357;1
HAINAU;56357;1
RETTERSHAIN;56357;1
STRÜTH;56357;1
REITZENHAIN;56357;1
WEYER;56357;1
ERGESHAUSEN;56368;1
NIEDERTIEFENBACH;56368;1
KATZENELNBOGEN;56368;1
KLINGELBACH;56368;1
HEROLD;56368;1
BERGHAUSEN;56368;1
DÖRSDORF;56370;1
RECKENROTH;56370;1
ATTENHAUSEN;56370;1
EISIGHOFEN;56370;1
OBERFISCHBACH;56370;1
GUTENACKER;56370;1
MITTELFISCHBACH;56370;1
BIEBRICH;56370;1
BERNDROTH;56370;1
WASENBACH;56370;1
RETTERT;56370;1
EBERTSHAUSEN;56370;1
KÖRDORF;56370;1
BREMBERG;56370;1
MISSELBERG;56377;1
SCHWEIGHAUSEN;56377;1
NASSAU;56377;1
STEINSBERG;56379;1
OBERNHOF;56379;1
ZIMMERSCHIED;56379;1
CHARLOTTENBERG;56379;1
SCHEIDT;56379;1
DÖRNBERG;56379;1
GEILNAU;56379;1
HÖMBERG;56379;1
OBERWIES;56379;1
WEINÄHR;56379;1
DIENETHAL;56379;1
LAURENBURG;56379;1
HOLZAPPEL;56379;1
SINGHOFEN;56379;1
MONTABAUR;56410;1
GIROD;56412;1
NIEDERELBERT;56412;1
NOMBORN;56412;1
UNTERSHAUSEN;56412;1
GACKENBACH;56412;1
HEILIGENROTH;56412;1
GROSSHOLBACH;56412;1
HEILBERSCHEID;56412;1
HÜBINGEN;56412;1
RUPPACH-GOLDHAUSEN;56412;1
STAHLHOFEN;56412;1
NIEDERERBACH;56412;1
WELSCHNEUDORF;56412;1
HOLLER;56412;1
GÖRGESHAUSEN;56412;1
OBERELBERT;56412;1
BODEN;56412;1
OBERAHR;56414;1
HERSCHBACH (OBERWESTERWALD);56414;1
WALLMEROD;56414;1
BILKHEIM;56414;1
BEROD BEI WALLMEROD;56414;1
STEINEFRENZ;56414;1
ZEHNHAUSEN BEI WALLMEROD;56414;1
MOLSBERG;56414;1
DREIKIRCHEN;56414;1
MEUDT;56414;1
HUNDSANGEN;56414;1
WEROTH;56414;1
NIEDERAHR;56414;1
WIRGES;56422;1
EBERNHAHN;56424;1
BANNBERSCHEID;56424;1
MOSCHHEIM;56424;1
STAUDT;56424;1
MOGENDORF;56424;1
SIERSHAHN;56427;1
DERNBACH (WESTERWALD);56428;1
HALBS;56457;1
WESTERBURG;56457;1
HERGENROTH;56457;1
HÄRTLINGEN;56459;1
ROTHENBACH;56459;1
KÖLBINGEN;56459;1
WILLMENROD;56459;1
GUCKHEIM;56459;1
KADEN;56459;1
STAHLHOFEN AM WIESENSEE;56459;1
AILERTCHEN;56459;1
POTTUM;56459;1
ROTENHAIN;56459;1
GIRKENROTH;56459;1
LANGENHAHN;56459;1
STOCKUM-PÜSCHEN;56459;1
WINNEN;56459;1
WELTERSBURG;56459;1
ELBINGEN;56459;1
MÄHREN;56459;1
BERZHAHN;56459;1
HÖHN;56462;1
BAD MARIENBERG;56470;1
HAHN BEI MARIENBERG;56472;1
NISTERBERG;56472;1
STOCKHAUSEN-ILLFURTH;56472;1
LAUTZENBRÜCKEN;56472;1
FEHL-RITZHAUSEN;56472;1
NISTERAU;56472;1
DREISBACH;56472;1
GROSSSEIFEN;56472;1
RENNEROD;56477;1
NISTER-MÖHRENDORF;56477;1
WAIGANDSHAIN;56477;1
ZEHNHAUSEN BEI RENNEROD;56477;1
SECK;56479;1
HÜBLINGEN;56479;1
BRETTHAUSEN;56479;1
REHE;56479;1
LIEBENSCHEID;56479;1
WESTERNOHE;56479;1
HELLENHAHN-SCHELLENBERG;56479;1
STEIN-NEUKIRCH;56479;1
WALDMÜHLEN;56479;1
WILLINGEN;56479;1
IRMTRAUT;56479;1
OBERROSSBACH;56479;1
OBERROD;56479;1
SALZBURG;56479;1
NIEDERROSSBACH;56479;1
NEUSTADT (WESTERWALD);56479;1
WEISSENTHURM;56575;1
HARDERT;56579;1
RENGSDORF;56579;1
BONEFELD;56579;1
KURTSCHEID;56581;1
MELSBACH;56581;1
EHLSCHEID;56581;1
RÜSCHEID;56584;1
ANHAUSEN;56584;1
THALHAUSEN;56584;1
MEINBORN;56584;1
OBERRADEN;56587;1
OBERHONNEFELD-GIEREND;56587;1
STRASSENHAUS;56587;1
WALDBREITBACH;56588;1
NIEDERBREITBACH;56589;1
DATZEROTH;56589;1
PLECKHAUSEN;56593;1
KRUNKEL;56593;1
OBERSTEINEBACH;56593;1
BÜRDENBACH;56593;1
NIEDERSTEINEBACH;56593;1
GÜLLESHEIM;56593;1
WILLROTH;56594;1
HAMMERSTEIN;56598;1
RHEINBROHL;56598;1
LEUTESDORF;56599;1
ANDERNACH;56626;1
KRETZ;56630;1
PLAIDT;56637;1
KRUFT;56642;1
NICKENICH;56645;1
SAFFIG;56648;1
NIEDERDÜRENBACH;56651;1
GALENBERG;56651;1
NIEDERZISSEN;56651;1
OBERZISSEN;56651;1
BRENK;56651;1
OBERDÜRENBACH;56651;1
WASSENACH;56653;1
GLEES;56653;1
BROHL-LÜTZING;56656;1
BURGBROHL;56659;1
REUDELSTERZ;56727;1
MAYEN;56727;1
MÜNK;56729;1
HIRTEN;56729;1
SIEBENBACH;56729;1
NITZ;56729;1
NACHTSHEIM;56729;1
MONREAL;56729;1
VIRNEBURG;56729;1
KIRCHWALD;56729;1
LANGSCHEID;56729;1
BERMEL;56729;1
LUXEM;56729;1
ANSCHAU;56729;1
DITSCHEID;56729;1
ARFT;56729;1
HERRESBACH;56729;1
WELSCHENBACH;56729;1
ACHT;56729;1
KEHRIG;56729;1
KOTTENHEIM;56736;1
MENDIG;56743;1
THÜR;56743;1
WEIBERN;56745;1
HAUSTEN;56745;1
VOLKESFELD;56745;1
KEMPENICH;56746;1
HOHENLEIMBACH;56746;1
SPESSART;56746;1
GERING;56751;1
KOLLIG;56751;1
EINIG;56751;1
POLCH;56751;1
MERTLOCH;56753;1
WELLING;56753;1
TRIMBS;56753;1
PILLIG;56753;1
NAUNHEIM;56753;1
MÖNTENICH;56754;1
BROHL;56754;1
FORST (EIFEL);56754;1
ROES;56754;1
BINNINGEN;56754;1
DÜNFUS;56754;1
KAISERSESCH;56759;1
LEIENKAUL;56759;1
EPPENBERG;56759;1
MASBURG;56761;1
KAIFENHEIM;56761;1
HAMBUCH;56761;1
EULGEM;56761;1
URMERSBACH;56761;1
HAUROTH;56761;1
DÜNGENHEIM;56761;1
GAMLEN;56761;1
BRACHTENDORF;56761;1
ZETTINGEN;56761;1
HORPERATH;56766;1
ULMEN;56766;1
AUDERATH;56766;1
BERENBACH;56766;1
FILZ;56766;1
KÖTTERICHEN;56767;1
UESS;56767;1
KOLVERATH;56767;1
UERSFELD;56767;1
LIRSTAL;56767;1
GUNDERATH;56767;1
KAPERICH;56767;1
OBERELZ;56767;1
MOSBRUCH;56767;1
HÖCHSTBERG;56767;1
RETTERATH;56769;1
ARBACH;56769;1
BEREBORN;56769;1
DOHR;56812;1
COCHEM;56812;1
VALWIG;56812;1
WIRFUS;56814;1
LANDKERN;56814;1
ERNST;56814;1
ILLERICH;56814;1
FAID;56814;1
EDIGER-ELLER;56814;1
GREIMERSBURG;56814;1
BREMM;56814;1
BRUTTIG-FANKEL;56814;1
KLOTTEN;56818;1
MESENICH;56820;1
BRIEDERN;56820;1
SENHEIM-SENHALS;56820;1
ELLENZ-POLTERSDORF;56821;1
GEVENICH;56825;1
GILLENBEUREN;56825;1
SCHMITT;56825;1
URSCHMITT;56825;1
KLIDING;56825;1
LUTZERATH;56826;1
WOLLMERATH;56826;1
WAGENHAUSEN;56826;1
ALFLEN;56828;1
POMMERN;56829;1
BRIEDEN;56829;1
KAIL;56829;1
TRABEN-TRARBACH;56841;1
LÖTZBEUREN;56843;1
STARKENBURG;56843;1
BURG (MOSEL);56843;1
IRMENACH;56843;1
HAHN;56850;1
RAVERSBEUREN;56850;1
ENKIRCH;56850;1
ALTSTRIMMIG;56858;1
GRENDERICH;56858;1
PETERSWALD-LÖFFELSCHEID;56858;1
MITTELSTRIMMIG;56858;1
HASERICH;56858;1
BELG;56858;1
TELLIG;56858;1
NEEF;56858;1
RÖDELHAUSEN;56858;1
LIESENICH;56858;1
SANKT ALDEGUND;56858;1
WÜRRICH;56858;1
SOSBERG;56858;1
ALTLAY;56858;1
FORST (HUNSRÜCK);56858;1
ALF;56859;1
BULLAY;56859;1
REIL;56861;1
PÜNDERICH;56862;1
BAD BERTRICH;56864;1
WALHAUSEN;56865;1
MORITZHEIM;56865;1
PANZWEILER;56865;1
HESWEILER;56865;1
BLANKENRATH;56865;1
REIDENHAUSEN;56865;1
BRIEDEL;56867;1
MASTERSHAUSEN;56869;1
STEINEROTH;57518;1
BETZDORF;57518;1
LANGENBACH BEI KIRBURG;57520;1
DERSCHEN;57520;1
MOLZHAIN;57520;1
MAUDEN;57520;1
STEINEBACH/SIEG;57520;1
KAUSEN;57520;1
GRÜNEBACH;57520;1
SCHUTZBACH;57520;1
EMMERZHAUSEN;57520;1
DICKENDORF;57520;1
NIEDERDREISBACH;57520;1
NEUNKHAUSEN;57520;1
MITTELHOF;57537;1
WISSEN;57537;1
BRUCHERTSEIFEN;57539;1
FÜRTHEN;57539;1
SELBACH;57539;1
ETZBACH;57539;1
BREITSCHEIDT;57539;1
BITZEN;57539;1
HÖVELS;57539;1
KIRCHEN;57548;1
BRACHBACH;57555;1
MUDERSBACH;57555;1
HERDORF;57562;1
DAADEN;57567;1
HARBACH;57572;1
NIEDERFISCHBACH;57572;1
ELKENROTH;57578;1
GEBHARDSHAIN;57580;1
ELBEN;57580;1
FENSDORF;57580;1
MÖRLEN;57583;1
NAUROTH;57583;1
WALLMENROTH;57584;1
SCHEUERFELD;57584;1
WEITEFELD;57586;1
BIRKEN-HONIGSESSEN;57587;1
NIEDERIRSEN;57589;1
PRACHT;57589;1
BIRKENBEUL;57589;1
BACHENBERG;57610;1
INGELBACH;57610;1
ALMERSBACH;57610;1
GIELEROTH;57610;1
ISERT;57612;1
BIRNBACH;57612;1
IDELBERG;57612;1
KETTENHAUSEN;57612;1
RACKSEN;57612;1
HELMENZEN;57612;1
GIESENHAUSEN;57612;1
EICHELHARDT;57612;1
ÖLSEN;57612;1
HEUPELZEN;57612;1
HEMMELZEN;57612;1
VOLKERZEN;57612;1
KROPPACH;57612;1
HELMEROTH;57612;1
BUSENHAUSEN;57612;1
HILGENROTH;57612;1
MUDENBACH;57614;1
WAHLROD;57614;1
STÜRZELBACH;57614;1
RATZERT;57614;1
BOROD;57614;1
WOLDERT;57614;1
STEIMEL;57614;1
NIEDERWAMBACH;57614;1
FLUTERSCHEN;57614;1
OBERWAMBACH;57614;1
BEROD BEI HÖCHSTENBACH;57614;1
MARZHAUSEN;57627;1
GEHLERT;57627;1
HEUZERT;57627;1
HACHENBURG;57627;1
ASTERT;57627;1
LUCKENBACH;57629;1
STREITHAUSEN;57629;1
KUNDERT;57629;1
KIRBURG;57629;1
LOCHUM;57629;1
MERKELBACH;57629;1
HÖCHSTENBACH;57629;1
NORKEN;57629;1
MÜSCHENBACH;57629;1
DREIFELDEN;57629;1
MÖRSBACH;57629;1
HEIMBORN;57629;1
ATZELGIFT;57629;1
STEIN-WINGERT;57629;1
WIED;57629;1
STEINEBACH AN DER WIED;57629;1
GIERSHAUSEN;57632;1
EICHEN;57632;1
ORFGEN;57632;1
KESCHEID;57632;1
EULENBERG;57632;1
SCHÜRDT;57632;1
BURGLAHR;57632;1
WALTERSCHEN;57632;1
ZIEGENHAIN;57632;1
BERZHAUSEN;57632;1
PETERSLAHR;57632;1
REIFERSCHEID;57632;1
FLAMMERSFELD;57632;1
SEIFEN;57632;1
ERSFELD;57635;1
WEYERBUSCH;57635;1
WÖLMERSEN;57635;1
KIRCHEIB;57635;1
WERKHAUSEN;57635;1
RETTERSEN;57635;1
HIRZ-MAULSBACH;57635;1
FIERSBACH;57635;1
KRAAM;57635;1
FORSTMEHREN;57635;1
OBERIRSEN;57635;1
MAMMELZEN;57636;1
SÖRTH;57636;1
NEITERSEN;57638;1
OBERNAU;57638;1
OBERDREIS;57639;1
OBERLAHR;57641;1
ALPENROD;57642;1
WINKELBACH;57644;1
WELKENBACH;57644;1
HATTERT;57644;1
NISTER;57645;1
ENSPEL;57647;1
NISTERTAL;57647;1
UNNAU;57648;1
BÖLSBERG;57648;1
SAUERTHAL;65391;1
FLACHT;65558;1
BALDUINSTEIN;65558;1
LANGENSCHEID;65558;1
GÜCKINGEN;65558;1
OBERNEISEN;65558;1
ISSELBACH;65558;1
HEISTENBACH;65558;1
CRAMBERG;65558;1
LOHRHEIM;65558;1
EPPENROD;65558;1
BURGSCHWALBACH;65558;1
KALTENHOLZHAUSEN;65558;1
HAMBACH;65582;1
AULL;65582;1
DIEZ;65582;1
HAHNSTÄTTEN;65623;1
SCHIESHEIM;65623;1
NETZBACH;65623;1
MUDERSHAUSEN;65623;1
ALTENDIEZ;65624;1
BIRLENBACH;65626;1
NIEDERNEISEN;65629;1
ZWEIBRÜCKEN;66482;1
WALSHAUSEN;66484;1
DIETRICHINGEN;66484;1
SCHMITSHAUSEN;66484;1
BATTWEILER;66484;1
RIEDELBERG;66484;1
GROSSSTEINHAUSEN;66484;1
ALTHORNBACH;66484;1
KLEINSTEINHAUSEN;66484;1
CONTWIG;66497;1
MAUSCHBACH;66500;1
HORNBACH;66500;1
KLEINBUNDENBACH;66501;1
GROSSBUNDENBACH;66501;1
DELLFELD;66503;1
BOTTENBACH;66504;1
MASSWEILER;66506;1
REIFENBERG;66507;1
RIESCHWEILER-MÜHLBACH;66509;1
LANDSTUHL;66849;1
STEINALBEN;66851;1
OBERARNBACH;66851;1
BANN;66851;1
MITTELBRUNN;66851;1
HAUPTSTUHL;66851;1
QUEIDERSBACH;66851;1
KINDSBACH;66862;1
BLAUBACH;66869;1
RUTHWEILER;66869;1
KUSEL;66869;1
SCHELLWEILER;66869;1
HERCHWEILER;66871;1
SELCHENBACH;66871;1
REICHWEILER;66871;1
EHWEILER;66871;1
OBERALBEN;66871;1
PFEFFELBACH;66871;1
ETSCHBERG;66871;1
HASCHBACH AM REMIGIUSBERG;66871;1
DENNWEILER-FROHNBACH;66871;1
THALLICHTENBERG;66871;1
KÖRBORN;66871;1
KONKEN;66871;1
THEISBERGSTEGEN;66871;1
ALBESSEN;66871;1
RAMSTEIN-MIESENBACH;66877;1
REICHENBACH-STEEGEN;66879;1
STEINWENDEN;66879;1
NIEDERMOHR;66879;1
KOLLWEILER;66879;1
NIEDERSTAUFENBACH;66879;1
OBERSTAUFENBACH;66879;1
KOTTWEILER-SCHWANDEN;66879;1
HÜTSCHENHAUSEN;66882;1
BEDESBACH;66885;1
ALTENGLAN;66885;1
ELZWEILER;66887;1
RATHSWEILER;66887;1
WELCHWEILER;66887;1
GLANBRÜCKEN;66887;1
ULMET;66887;1
HORSCHBACH;66887;1
BOSENBACH;66887;1
RUTSWEILER AM GLAN;66887;1
FÖCKELBERG;66887;1
NIEDERALBEN;66887;1
RAMMELSBACH;66887;1
ERDESBACH;66887;1
SANKT JULIAN;66887;1
NEUNKIRCHEN AM POTZBERG;66887;1
BRUCHMÜHLBACH-MIESAU;66892;1
MARTINSHÖHE;66894;1
GERHARDSBRUNN;66894;1
LAMBSBORN;66894;1
KÄSHOFEN;66894;1
WIESBACH;66894;1
LANGWIEDEN;66894;1
KRÄHENBERG;66894;1
ROSENKOPF;66894;1
SCHÖNENBERG-KÜBELBERG;66901;1
DITTWEILER;66903;1
FROHNHOFEN;66903;1
OHMBACH;66903;1
GRIES;66903;1
BÖRSBORN;66904;1
GLAN-MÜNCHWEILER;66907;1
REHWEILER;66907;1
NANZDIETSCHWEILER;66909;1
HERSCHWEILER-PETTERSHEIM;66909;1
MATZENBACH;66909;1
WAHNWEGEN;66909;1
HÜFFLER;66909;1
KROTTELBACH;66909;1
STEINBACH AM GLAN;66909;1
HENSCHTAL;66909;1
WALDMOHR;66914;1
DUNZWEILER;66916;1
KNOPP-LABACH;66917;1
WALLHALBEN;66917;1
BIEDERSHAUSEN;66917;1
HERSCHBERG;66919;1
OBERNHEIM-KIRCHENARNBACH;66919;1
WESELBERG;66919;1
SCHAUERBERG;66919;1
HERMERSBERG;66919;1
SAALSTADT;66919;1
HETTENHAUSEN;66919;1
TRULBEN;66957;1
SCHWEIX;66957;1
RUPPERTSWEILER;66957;1
EPPENBRUNN;66957;1
HILST;66957;1
VINNINGEN;66957;1
KRÖPPEN;66957;1
OBERSIMTEN;66957;1
LEMBERG;66969;1
RODALBEN;66976;1
MERZALBEN;66978;1
CLAUSEN;66978;1
DONSIEDERS;66978;1
MÜNCHWEILER AN DER RODALB;66981;1
THALEISCHWEILER-FRÖSCHEN;66987;1
HÖHEISCHWEILER;66989;1
HÖHFRÖSCHEN;66989;1
HÖHEINÖD;66989;1
NÜNSCHWEILER;66989;1
DAHN;66994;1
FISCHBACH BEI DAHN;66996;1
SCHINDHARD;66996;1
ERFWEILER;66996;1
HIRSCHTHAL;66996;1
LUDWIGSWINKEL;66996;1
HINTERWEIDENTHAL;66999;1
BAD DÜRKHEIM;67098;1
SCHIFFERSTADT;67105;1
MUTTERSTADT;67112;1
LIMBURGERHOF;67117;1
ALTRIP;67122;1
DANNSTADT-SCHAUERNHEIM;67125;1
HOCHDORF-ASSENHEIM;67126;1
RÖDERSHEIM-GRONAU;67127;1
MAXDORF;67133;1
BIRKENHEIDE;67134;1
FUSSGÖNHEIM;67136;1
NEUHOFEN;67141;1
DEIDESHEIM;67146;1
FORST AN DER WEINSTRASSE;67147;1
NIEDERKIRCHEN BEI DEIDESHEIM;67150;1
RUPPERTSBERG;67152;1
WACHENHEIM AN DER WEINSTRASSE;67157;1
ELLERSTADT;67158;1
FRIEDELSHEIM;67159;1
GÖNNHEIM;67161;1
WALDSEE;67165;1
OTTERSTADT;67166;1
ERPOLZHEIM;67167;1
KALLSTADT;67169;1
FRANKENTHAL (PFALZ);67227;1
GROSSKARLBACH;67229;1
GEROLSHEIM;67229;1
LAUMERSHEIM;67229;1
BOBENHEIM-ROXHEIM;67240;1
LAMBSHEIM;67245;1
DIRMSTEIN;67246;1
FREINSHEIM;67251;1
WEISENHEIM AM SAND;67256;1
HESSHEIM;67258;1
BEINDERSHEIM;67259;1
KLEINNIEDESHEIM;67259;1
GROSSNIEDESHEIM;67259;1
HEUCHELHEIM BEI FRANKENTHAL;67259;1
GRÜNSTADT;67269;1
MERTESHEIM;67271;1
OBERSÜLZEN;67271;1
NEULEININGEN;67271;1
KINDENHEIM;67271;1
KLEINKARLBACH;67271;1
BATTENBERG (PFALZ);67271;1
HERXHEIM AM BERG;67273;1
BOBENHEIM AM BERG;67273;1
WEISENHEIM AM BERG;67273;1
DACKENHEIM;67273;1
BOCKENHEIM;67278;1
QUIRNHEIM;67280;1
EBERTSHEIM;67280;1
BISSERSHEIM;67281;1
KIRCHHEIM AN DER WEINSTRASSE;67281;1
KIRCHHEIMBOLANDEN;67292;1
MORSCHHEIM;67294;1
ORBIS;67294;1
MAUCHENHEIM;67294;1
ILBESHEIM;67294;1
RITTERSHEIM;67294;1
OBERWIESEN;67294;1
BISCHHEIM;67294;1
GAUERSHEIM;67294;1
BOLANDEN;67295;1
MARNHEIM;67297;1
KERZENHEIM;67304;1
RAMSEN;67305;1
GÖLLHEIM;67307;1
HARXHEIM-ZELLERTAL;67308;1
ALBISHEIM (PFRIMM);67308;1
ZELL-ZELLERTAL;67308;1
LAUTERSHEIM;67308;1
NIEFERNHEIM-ZELLERTAL;67308;1
IMMESHEIM;67308;1
EINSELTHUM;67308;1
BIEDESHEIM;67308;1
RÜSSINGEN;67308;1
HETTENLEIDELHEIM;67310;1
CARLSBERG;67316;1
ALTLEININGEN;67317;1
WATTENHEIM;67319;1
SPEYER;67346;1
RÖMERBERG;67354;1
LINGENFELD;67360;1
FREISBACH;67361;1
LUSTADT;67363;1
SCHWEGENHEIM;67365;1
DUDENHOFEN;67373;1
HANHOFEN;67374;1
HARTHAUSEN;67376;1
GOMMERSHEIM;67377;1
ZEISKAM;67378;1
HASSLOCH;67454;1
BÖHL-IGGELHEIM;67459;1
LAMBRECHT;67466;1
FRANKENECK;67468;1
NEIDENFELS;67468;1
ELMSTEIN;67471;1
ESTHAL;67472;1
WEIDENTHAL;67475;1
EDENKOBEN;67480;1
VENNINGEN;67482;1
BÖBINGEN;67482;1
EDESHEIM;67483;1
GROSSFISCHLINGEN;67483;1
KLEINFISCHLINGEN;67483;1
SANKT MARTIN;67487;1
MAIKAMMER;67487;1
KIRRWEILER (PFALZ);67489;1
OSTHOFEN;67574;1
EICH;67575;1
ALSHEIM;67577;1
GIMBSHEIM;67578;1
GUNTERSBLUM;67583;1
DORN-DÜRKHEIM;67585;1
WINTERSHEIM;67587;1
MONSHEIM;67590;1
OFFSTEIN;67591;1
MÖLSHEIM;67591;1
MÖRSTADT;67591;1
WACHENHEIM;67591;1
HOHEN-SÜLZEN;67591;1
FLÖRSHEIM-DALSHEIM;67592;1
BERMERSHEIM;67593;1
WESTHOFEN;67593;1
BECHTHEIM;67595;1
FRETTENHEIM;67596;1
DITTELSHEIM-HESSLOCH;67596;1
GUNDERSHEIM;67598;1
GUNDHEIM;67599;1
ENKENBACH-ALSENBORN;67677;1
MEHLINGEN;67678;1
NEUHEMSBACH;67680;1
SEMBACH;67681;1
WARTENBERG-ROHRBACH;67681;1
WEILERBACH;67685;1
SCHWEDELBACH;67685;1
EULENBIS;67685;1
ERZENHAUSEN;67685;1
MACKENBACH;67686;1
HOCHSPEYER;67691;1
WALDLEININGEN;67693;1
OTTERBERG;67697;1
HEILIGENMOSCHEL;67699;1
SCHNECKENHAUSEN;67699;1
NIEDERKIRCHEN;67700;1
SCHALLODENBACH;67701;1
TRIPPSTADT;67705;1
STELZENBERG;67705;1
KRICKENBACH;67706;1
SCHOPP;67707;1
WALDFISCHBACH-BURGALBEN;67714;1
GEISELBERG;67715;1
HELTERSBERG;67716;1
SCHMALENBERG;67718;1
WINNWEILER;67722;1
POTZBACH;67722;1
ALSENBRÜCK-LANGMEIL;67722;1
HOCHSTEIN;67722;1
HÖRINGEN;67724;1
GEHRWEILER;67724;1
GUNDERSWEILER;67724;1
GONBACH;67724;1
BREUNIGWEILER;67725;1
BÖRRSTADT;67725;1
LOHNSFELD;67727;1
MÜNCHWEILER AN DER ALSENZ;67728;1
SIPPERSFELD;67729;1
OTTERBACH;67731;1
KATZWEILER;67734;1
SULZBACHTAL;67734;1
MEHLBACH;67735;1
OLSBRÜCKEN;67737;1
FRANKELBACH;67737;1
HAUSWEILER;67742;1
DEIMBERG;67742;1
GINSWEILER;67742;1
LAUTERECKEN;67742;1
ADENBACH;67742;1
BUBORN;67742;1
HERREN-SULZBACH;67742;1
HEINZENHAUSEN;67742;1
LÖLLBACH;67744;1
WIESWEILER;67744;1
SEELEN;67744;1
RATHSKIRCHEN;67744;1
LOHNWEILER;67744;1
KIRRWEILER;67744;1
SCHWEINSCHIED;67744;1
HOPPSTÄDTEN;67744;1
HOHENÖLLEN;67744;1
CRONENBERG;67744;1
MEDARD;67744;1
GRUMBACH;67745;1
UNTERJECKENBACH;67746;1
MERZWEILER;67746;1
ODENBACH;67748;1
OFFENBACH-HUNDHEIM;67749;1
NERZWEILER;67749;1
WOLFSTEIN;67752;1
OBERWEILER-TIEFENBACH;67752;1
RUTSWEILER AN DER LAUTER;67752;1
EINÖLLEN;67753;1
REIPOLTSKIRCHEN;67753;1
ROTHSELBERG;67753;1
HEFERSWEILER;67753;1
ASCHBACH;67753;1
ESSWEILER;67754;1
HINZWEILER;67756;1
RELSBERG;67756;1
OBERWEILER IM TAL;67756;1
KREIMBACH-KAULBACH;67757;1
REICHSTHAL;67759;1
NUSSBACH;67759;1
DÖRNBACH;67806;1
BISTERSCHIED;67806;1
DÖRRMOSCHEL;67806;1
KATZENBACH;67806;1
TESCHENMOSCHEL;67806;1
ROCKENHAUSEN;67806;1
WÜRZWEILER;67808;1
WEITERSWEILER;67808;1
RANSWEILER;67808;1
BAYERFELD-STECKWEILER;67808;1
SCHWEISWEILER;67808;1
MÖRSFELD;67808;1
IMSWEILER;67808;1
STEINBACH AM DONNERSBERG;67808;1
RUPPERTSECKEN;67808;1
BENNHAUSEN;67808;1
STAHLBERG;67808;1
DIELKIRCHEN;67811;1
SANKT ALBAN;67813;1
GERBACH;67813;1
JAKOBSWEILER;67814;1
DANNENFELS;67814;1
DREISEN;67816;1
STANDENBÜHL;67816;1
IMSBACH;67817;1
KRIEGSFELD;67819;1
ALSENZ;67821;1
MÜNSTERAPPEL;67822;1
NIEDERMOSCHEL;67822;1
GAUGREHWEILER;67822;1
NIEDERHAUSEN AN DER APPEL;67822;1
MANNWEILER-CÖLLN;67822;1
KALKOFEN;67822;1
WINTERBORN;67822;1
FINKENBACH-GERSWEILER;67822;1
OBERHAUSEN AN DER APPEL;67822;1
WALDGREHWEILER;67822;1
SCHIERSFELD;67823;1
SITTERS;67823;1
LETTWEILER;67823;1
OBERMOSCHEL;67823;1
UNKENBACH;67823;1
FEILBINGERT;67824;1
HALLGARTEN;67826;1
BECHERBACH;67827;1
REIFFELBACH;67829;1
SCHMITTWEILER;67829;1
CALLBACH;67829;1
GERMERSHEIM;76726;1
WÖRTH AM RHEIN;76744;1
VOLLMERSWEILER;76744;1
JOCKGRIM;76751;1
BELLHEIM;76756;1
RÜLZHEIM;76761;1
RHEINZABERN;76764;1
HAGENBACH;76767;1
BERG (PFALZ);76768;1
HATZENBÜHL;76770;1
HÖRDT;76771;1
KUHARDT;76773;1
LEIMERSHEIM;76774;1
NEUBURG AM RHEIN;76776;1
NEUPOTZ;76777;1
SCHEIBENHARDT;76779;1
RANSCHBACH;76829;1
LEINSWEILER;76829;1
LANDAU IN DER PFALZ;76829;1
BIRKWEILER;76831;1
GÖCKLINGEN;76831;1
BILLIGHEIM-INGENHEIM;76831;1
HEUCHELHEIM-KLINGEN;76831;1
IMPFLINGEN;76831;1
ILBESHEIM BEI LANDAU IN DER PFALZ;76831;1
BÖCHINGEN;76833;1
SIEBELDINGEN;76833;1
KNÖRINGEN;76833;1
FRANKWEILER;76833;1
WALSHEIM;76833;1
BURRWEILER;76835;1
ROSCHBACH;76835;1
RHODT UNTER RIETBURG;76835;1
GLEISWEILER;76835;1
WEYHER IN DER PFALZ;76835;1
HAINFELD;76835;1
FLEMLINGEN;76835;1
HAUENSTEIN;76846;1
WILGARTSWIESEN;76848;1
DARSTEIN;76848;1
DIMBACH;76848;1
SPIRKELBACH;76848;1
SCHWANHEIM;76848;1
ANNWEILER AM TRIFELS;76855;1
MÜNCHWEILER AM KLINGBACH;76857;1
VÖLKERSWEILER;76857;1
RAMBERG;76857;1
WALDROHRBACH;76857;1
ALBERSWEILER;76857;1
EUSSERTHAL;76857;1
GOSSERSWEILER-STEIN;76857;1
RINNTHAL;76857;1
WERNERSBERG;76857;1
WALDHAMBACH;76857;1
HERXHEIMWEYHER;76863;1
HERXHEIM BEI LANDAU/PFALZ;76863;1
INSHEIM;76865;1
KANDEL;76870;1
MINFELD;76872;1
FRECKENFELD;76872;1
HERGERSWEILER;76872;1
STEINWEILER;76872;1
OFFENBACH AN DER QUEICH;76877;1
KNITTELSHEIM;76879;1
HOCHSTADT;76879;1
BAD BERGZABERN;76887;1
BÖLLENBORN;76887;1
NIEDERHORBACH;76889;1
NIEDEROTTERBACH;76889;1
SCHWEIGEN-RECHTENBACH;76889;1
DIERBACH;76889;1
OBERSCHLETTENBACH;76889;1
OBEROTTERBACH;76889;1
KAPELLEN-DRUSWEILER;76889;1
DÖRRENBACH;76889;1
PLEISWEILER-OBERHOFEN;76889;1
KLINGENMÜNSTER;76889;1
KAPSWEYER;76889;1
SCHWEIGHOFEN;76889;1
BARBELROTH;76889;1
BIRKENHÖRDT;76889;1
VORDERWEIDENTHAL;76889;1
GLEISZELLEN-GLEISHORBACH;76889;1
NIEDERSCHLETTENBACH;76891;1
BUNDENTHAL;76891;1
NOTHWEILER;76891;1
RUMBACH;76891;1
BRUCHWEILER-BÄRENBACH;76891;1
BUSENBERG;76891;1
BOBENTHAL;76891;1
ESCHEBURG;21039;1
BÖRNSEN;21039;1
REINBEK;21465;1
WENTORF BEI HAMBURG;21465;1
SCHNAKENBEK;21481;1
BUCHHORST;21481;1
LAUENBURG/ELBE;21481;1
JULIUSBURG;21483;1
LÜTAU;21483;1
KRÜZEN;21483;1
WANGELAU;21483;1
LANZE;21483;1
DALLDORF;21483;1
TALKAU;21493;1
GROSS PAMPAU;21493;1
GROVE;21493;1
MÖHNSEN;21493;1
MÜHLENRADE;21493;1
FUHLENHAGEN;21493;1
SCHWARZENBEK;21493;1
SAHMS;21493;1
SCHRETSTAKEN;21493;1
BASTHORST;21493;1
HAVEKOST;21493;1
GEESTHACHT;21502;1
HAMWARDE;21502;1
WORTH;21502;1
WIERSHOP;21502;1
KLEIN PAMPAU;21514;1
ROSEBURG;21514;1
SIEBENEICHEN;21514;1
LANGENLEHSTEN;21514;1
GÜSTER;21514;1
GÖTTIN;21514;1
BÜCHEN;21514;1
BRÖTHEN;21514;1
FITZEN;21514;1
KANKELAU;21514;1
HORNBEK;21514;1
WITZEEZE;21514;1
SCHULENDORF;21516;1
MÜSSEN;21516;1
DASSENDORF;21521;1
AUMÜHLE;21521;1
WOHLTORF;21521;1
BRUNSTORF;21524;1
HOHENHORN;21526;1
KOLLOW;21527;1
KRÖPPELSHAGEN-FAHRENDORF;21529;1
OSTSTEINBEK;22113;1
HAMBURG MOORFLEET;22113;1
STAPELFELD;22145;1
BRAAK;22145;1
WEDEL;22880;1
BARSBÜTTEL;22885;1
AHRENSBURG;22926;1
GROSSHANSDORF;22927;1
DELINGSDORF;22929;1
KÖTHEL;22929;1
HAMFELDE IN HOLSTEIN;22929;1
KASSEBURG;22929;1
HAMMOOR;22929;1
HAMFELDE IN LAUENBURG;22929;1
JERSBEK;22941;1
BARGTEHEIDE;22941;1
TRITTAU;22946;1
GRANDE;22946;1
DAHMKER;22946;1
BRUNSBEK;22946;1
AMMERSBEK;22949;1
LÜTJENSEE;22952;1
HOISDORF;22955;1
GRÖNWOHLD;22956;1
KUDDEWÖRDE;22958;1
LINAU;22959;1
SIEK;22962;1
TODENDORF;22965;1
TREMSBÜTTEL;22967;1
WITZHAVE;22969;1
BAD SCHWARTAU;23611;1
STOCKELSDORF;23617;1
HAMBERGE;23619;1
MÖNKHAGEN;23619;1
HEILSHOOP;23619;1
BADENDORF;23619;1
ZARPEN;23619;1
REHHORST;23619;1
AHRENSBÖK;23623;1
RATEKAU;23626;1
GROSS SARAU;23627;1
GROSS GRÖNAU;23627;1
KRUMMESSE;23628;1
KLEMPAU;23628;1
SARKWITZ;23629;1
TIMMENDORFER STRAND;23669;1
PANSDORF, HOLSTEIN;23689;1
EUTIN;23701;1
SÜSEL;23701;1
MALENTE;23714;1
KIRCHNÜCHEL;23714;1
BOSAU;23715;1
KASSEEDORF;23717;1
GLASAU;23719;1
SIERKSDORF;23730;1
NEUSTADT IN HOLSTEIN;23730;1
ALTENKREMPE;23730;1
SCHASHAGEN;23730;1
LENSAHN;23738;1
BESCHENDORF;23738;1
MANHAGEN;23738;1
RIEPSDORF;23738;1
KABELHORST;23738;1
DAMLOS;23738;1
GRÖMITZ;23743;1
SCHÖNWALDE AM BUNGSBERG;23744;1
KELLENHUSEN;23746;1
DAHME;23747;1
GRUBE;23749;1
GREMERSDORF;23758;1
OLDENBURG IN HOLSTEIN;23758;1
WANGELS;23758;1
GÖHL;23758;1
FEHMARN;23769;1
HEILIGENHAFEN;23774;1
GROSSENBRODE;23775;1
GROSS RÖNNAU;23795;1
SCHWISSEL;23795;1
BAD SEGEBERG;23795;1
STIPSDORF;23795;1
KLEIN GLADEBRÜGGE;23795;1
FAHRENKRUG;23795;1
KLEIN RÖNNAU;23795;1
SCHACKENDORF;23795;1
SCHIEREN;23795;1
HÖGERSDORF;23795;1
MÖZEN;23795;1
WEEDE;23795;1
TRAVENTHAL;23795;1
NEGERNBÖTEL;23795;1
WAHLSTEDT;23812;1
BLUNK;23813;1
NEHMS;23813;1
GESCHENDORF;23815;1
STRUKDORF;23815;1
WESTERRADE;23815;1
BEBENSEE;23816;1
NEVERSDORF;23816;1
NEUENGÖRS;23818;1
PRONSTORF;23820;1
ROHLSTORF;23821;1
DAMSDORF;23824;1
TENSFELD;23824;1
BARK;23826;1
FREDESDORF;23826;1
TODESFELDE;23826;1
TRAVENHORST;23827;1
WENSIN;23827;1
KREMS II;23827;1
KÜKELS;23829;1
WITTENBORN;23829;1
RÜMPEL;23843;1
BAD OLDESLOE;23843;1
NERITZ;23843;1
TRAVENBRÜCK;23843;1
WAKENDORF I;23845;1
OERING;23845;1
ITZSTEDT;23845;1
BÜHNSDORF;23845;1
SETH;23845;1
BAHRENHOF;23845;1
DREGGERS;23845;1
BLIESTORF;23847;1
KASTORF;23847;1
SIEBENBÄUMEN;23847;1
GROSS BODEN;23847;1
DÜCHELSDORF;23847;1
SCHÜRENSÖHLEN;23847;1
GRINAU;23847;1
SIERKSRADE;23847;1
SCHIPHORST;23847;1
WESTERAU;23847;1
MEDDEWADE;23847;1
LASBEK;23847;1
REINFELD (HOLSTEIN);23858;1
BARNITZ;23858;1
HEIDEKAMP;23858;1
FELDHORST;23858;1
KLEIN WESENBERG;23860;1
GROSS SCHENKENBERG;23860;1
KAYHUDE;23863;1
BARGFELD-STEGEN;23863;1
NIENWOHLD;23863;1
NAHE;23866;1
SÜLFELD;23867;1
NIENDORF AN DER STECKNITZ;23881;1
BORSTORF;23881;1
BÄLAU;23881;1
ALT MÖLLN;23881;1
KOBERG;23881;1
LANKAU;23881;1
BREITENFELDE;23881;1
GRAMBEK;23883;1
KLEIN ZECHER;23883;1
HOLLENBEK;23883;1
LEHMRADE;23883;1
BRUNSMARK;23883;1
STERLEY;23883;1
NUSSE;23896;1
WALKSFELDE;23896;1
RITZERAU;23896;1
PANTEN;23896;1
POGGENSEE;23896;1
KÜHSEN;23898;1
DUVENSEE;23898;1
KLINKRADE;23898;1
WENTORF;23898;1
SIRKSFELDE;23898;1
SANDESNEBEN;23898;1
LABENZ;23898;1
BESENTHAL;23899;1
GUDOW;23899;1
FREDEBURG;23909;1
MECHOW;23909;1
ALBSFELDE;23909;1
BÄK;23909;1
RÖMNITZ;23909;1
RATZEBURG;23909;1
GIESENSDORF;23909;1
GROSS DISNACK;23911;1
POGEEZ;23911;1
SCHMILAU;23911;1
KULPIN;23911;1
EINHAUS;23911;1
GÖLDENITZ;23919;1
BERKENTHIN;23919;1
BEHLENDORF;23919;1
RONDESHAGEN;23919;1
QUARNBEK;24107;1
MELSDORF;24109;1
MOLFSEE;24113;1
KRONSHAGEN;24119;1
ALTENHOLZ;24161;1
POSTFELD;24211;1
POHNSDORF;24211;1
KÜHREN;24211;1
RASTORF;24211;1
HONIGSEE;24211;1
LEHMKUHLEN;24211;1
SCHELLHORN;24211;1
SCHINKEL;24214;1
NEUDORF-BORNSTEIN;24214;1
NEUWITTENBEK;24214;1
NOER;24214;1
GETTORF;24214;1
TÜTTENDORF;24214;1
BARSBEK;24217;1
HÖHNDORF;24217;1
FIEFBERGEN;24217;1
KROKAU;24217;1
STAKENDORF;24217;1
SCHÖNBERG (HOLSTEIN);24217;1
BENDFELD;24217;1
KRUMMBEK;24217;1
BÖHNHUSEN;24220;1
TECHELSDORF;24220;1
SCHÖNHORST;24220;1
FLINTBEK;24220;1
BOKSEE;24220;1
SCHWENTINENTAL;24222;1
RAISDORF;24223;1
HEIKENDORF;24226;1
SCHWEDENECK;24229;1
DÄNISCHENHAGEN;24229;1
STRANDE;24229;1
SCHÖNKIRCHEN;24232;1
DOBERSDORF;24232;1
STEIN;24235;1
LABOE;24235;1
WENDTORF;24235;1
LUTTERBEK;24235;1
BRODERSDORF;24235;1
MARTENSRADE;24238;1
MUCHELN;24238;1
SELENT;24238;1
LAMMERSHAGEN;24238;1
ACHTERWEHR;24239;1
SCHIERENSEE;24241;1
BLUMENTHAL;24241;1
GREVENKRUG;24241;1
SCHMALSTEDE;24241;1
SÖREN;24241;1
FELDE;24242;1
FELM;24244;1
BARMISSEN;24245;1
KIRCHBARKAU;24245;1
KLEIN BARKAU;24245;1
GROSSBARKAU;24245;1
MIELKENDORF;24247;1
RODENBEK;24247;1
MÖNKEBERG;24248;1
BOTHKAMP;24250;1
NETTELSEE;24250;1
LÖPTIN;24250;1
OSDORF;24251;1
PASSADE;24253;1
PRASDORF;24253;1
PROBSTEIERHAGEN;24253;1
FAHREN;24253;1
RUMOHR;24254;1
SCHLESEN;24256;1
FARGAU-PRATJAU;24256;1
STOLTENBERG;24256;1
KÖHN;24257;1
SCHWARTBUCK;24257;1
WESTENSEE;24259;1
WITTMOLDT;24306;1
LEBRADE;24306;1
RATHJENSDORF;24306;1
PLÖN;24306;1
BEHRENSDORF;24321;1
KLAMP;24321;1
PANKER;24321;1
GIEKAU;24321;1
HOHWACHT;24321;1
LÜTJENBURG;24321;1
HELMSTORF;24321;1
TRÖNDEL;24321;1
KALÜBBE;24326;1
DÖRNICK;24326;1
NEHMTEN;24326;1
STOCKSEE;24326;1
DERSAU;24326;1
BLEKENDORF;24327;1
HÖGSDORF;24327;1
KLETKAMP;24327;1
DANNAU;24329;1
RANTZAU;24329;1
GREBIN;24329;1
GAMMELBY;24340;1
ECKERNFÖRDE;24340;1
GOOSEFELD;24340;1
WINDEBY;24340;1
THUMBY;24351;1
DAMP;24351;1
KOSEL;24354;1
RIESEBY;24354;1
FLECKEBY;24357;1
GÜBY;24357;1
HUMMELFELD;24357;1
BISTENSEE;24358;1
ASCHEFFEL;24358;1
BARKELSBY;24360;1
KLEIN WITTENSEE;24361;1
HABY;24361;1
DAMENDORF;24361;1
GROSS WITTENSEE;24361;1
HOLZBUNGE;24361;1
HOLTSEE;24363;1
LOOSE;24366;1
WAABS;24369;1
HASSELBERG;24376;1
GRÖDERSBY;24376;1
RABEL;24376;1
BREBEL;24392;1
NOTTFELD;24392;1
SCHEGGEROTT;24392;1
EKENIS;24392;1
WAGERSROTT;24392;1
NORDERBRARUP;24392;1
SÜDERBRARUP;24392;1
SAUSTRUP;24392;1
BOREN;24392;1
DOLLROTTFELD;24392;1
KIESBY;24392;1
STANGHECK;24395;1
POMMERBY;24395;1
GELTING;24395;1
NIESGRAU;24395;1
NIEBY;24395;1
KRONSGAARD;24395;1
RABENHOLZ;24395;1
DÖRPHOF;24398;1
KARBY;24398;1
WINNEMARK;24398;1
BÖEL;24401;1
ESGRUS;24402;1
MAASHOLM;24404;1
RÜGGE;24405;1
MOHRKIRCH;24405;1
OERSBERG;24407;1
RABENKIRCHEN-FAULÜCK;24407;1
STOLTEBÜLL;24409;1
TASDORF;24536;1
HENSTEDT-ULZBURG;24558;1
WAKENDORF II;24558;1
NÜTZEN;24568;1
WINSEN;24568;1
KALTENKIRCHEN;24568;1
OERSDORF;24568;1
KATTENDORF;24568;1
BIMÖHLEN;24576;1
BAD BRAMSTEDT;24576;1
WEDDELBROOK;24576;1
MÖNKLOH;24576;1
HITZHUSEN;24576;1
GROSS BUCHWALD;24582;1
WATTENBEK;24582;1
SCHÖNBEK;24582;1
BRÜGGE;24582;1
MÜHBROOK;24582;1
BISSEE;24582;1
BORDESHOLM;24582;1
SCHÜLP BEI NORTORF;24589;1
BORGDORF-SEEDORF;24589;1
EISENDORF;24589;1
ELLERDORF;24589;1
DÄTGEN;24589;1
TAPPENDORF;24594;1
JAHRSDORF;24594;1
GRAUEL;24594;1
WAPELFELD;24594;1
RADE BEI HOHENWESTEDT;24594;1
MEEZEN;24594;1
MÖREL;24594;1
REMMELS;24594;1
HOHENWESTEDT;24594;1
HEINKENBORSTEL;24594;1
BOOSTEDT;24598;1
HEIDMÜHLEN;24598;1
LATENDORF;24598;1
BELAU;24601;1
WANKENDORF;24601;1
RUHWINKEL;24601;1
TRAPPENKAMP;24610;1
GÖNNEBEK;24610;1
AUKRUG;24613;1
WIEDENBORSTEL;24613;1
SARLHUSEN;24616;1
ARMSTEDT;24616;1
HARDEBEK;24616;1
HASENKRUG;24616;1
BROKSTEDT;24616;1
WILLENSCHAREN;24616;1
RENDSWÜHREN;24619;1
TARBEK;24619;1
BORNHÖVED;24619;1
BÖNEBÜTTEL;24620;1
GNUTZ;24622;1
GROSSENASPE;24623;1
GROSSHARRIE;24625;1
NEGENHARRIE;24625;1
GROSS KUMMERFELD;24626;1
HARTENHOLM;24628;1
KISDORF;24629;1
HEIDMOOR;24632;1
LENTFÖHRDEN;24632;1
PADENSTEDT;24634;1
ARPSDORF;24634;1
RICKLING;24635;1
DALDORF;24635;1
SCHILLSDORF;24637;1
SCHMALENSEE;24638;1
SCHMALFELD;24640;1
HASENMOOR;24640;1
STUVENBORN;24641;1
HÜTTBLEK;24641;1
SIEVERSHÜTTEN;24641;1
STRUVENHÜTTEN;24643;1
KROGASPE;24644;1
TIMMASPE;24644;1
LOOP;24644;1
WARDER;24646;1
WASBEK;24647;1
EHNDORF;24647;1
WIEMERSDORF;24649;1
RENDSBURG;24768;1
BÜDELSDORF;24782;1
RICKERT;24782;1
OSTERRÖNFELD;24783;1
WESTERRÖNFELD;24784;1
FOCKBEK;24787;1
HASSMOOR;24790;1
SCHACHT-AUDORF;24790;1
SCHÜLLDORF;24790;1
RADE BEI RENDSBURG;24790;1
ALT DUVENSTEDT;24791;1
OLDENHÜTTEN;24793;1
BRAMMER;24793;1
BORGSTEDT;24794;1
BÜNSDORF;24794;1
NEU DUVENSTEDT;24794;1
BOVENAU;24796;1
KRUMMWISCH;24796;1
BREDENBEK;24796;1
BREIHOLZ;24797;1
HÖRSTEN;24797;1
CHRISTIANSHOLM;24799;1
FRIEDRICHSHOLM;24799;1
FRIEDRICHSGRABEN;24799;1
KÖNIGSHÜGEL;24799;1
MEGGERDORF;24799;1
ELSDORF-WESTERMÜHLEN;24800;1
GROSS VOLLSTEDT;24802;1
EMKENDORF;24802;1
ERFDE;24803;1
TIELEN;24803;1
HAMDORF;24805;1
PRINZENMOOR;24805;1
HOHN;24806;1
SOPHIENHAMM;24806;1
BARGSTALL;24806;1
LOHE-FÖHRDEN;24806;1
JEVENSTEDT;24808;1
NÜBBEL;24809;1
BREKENDORF;24811;1
OWSCHLAG;24811;1
AHLEFELD;24811;1
SCHÜLP BEI RENDSBURG;24813;1
SEHESTEDT;24814;1
STAFSTEDT;24816;1
HAMWEDDEL;24816;1
BRINJAHE;24816;1
LUHNSTEDT;24816;1
TETENHUSEN;24817;1
NIENBORSTEL;24819;1
HAALE;24819;1
TODENBÜTTEL;24819;1
EMBÜHREN;24819;1
SCHLESWIG;24837;1
ALT BENNEBEK;24848;1
KLEIN BENNEBEK;24848;1
KROPP;24848;1
KLEIN RHEIDE;24848;1
HÜSBY;24850;1
LÜRSCHAU;24850;1
SCHUBY;24850;1
SOLLERUP;24852;1
SÜDERHACKSTEDT;24852;1
LANGSTEDT;24852;1
EGGEBEK;24852;1
BOLLINGSTEDT;24855;1
JÜBEK;24855;1
FAHRDORF;24857;1
BORGWEDEL;24857;1
KLAPPHOLZ;24860;1
UELSBY;24860;1
BÖKLUND;24860;1
BERGENHUSEN;24861;1
BÖRM;24863;1
GOLTOFT;24864;1
BUSDORF;24866;1
DANNEWERK;24867;1
DÖRPSTEDT;24869;1
ELLINGSTEDT;24870;1
GROSS RHEIDE;24872;1
HAVETOFT;24873;1
HAVETOFTLOIT;24875;1
JAGEL;24878;1
LOTTORF;24878;1
IDSTEDT;24879;1
NEUBEREND;24879;1
NÜBEL;24881;1
SCHAALBY;24882;1
GELTORF;24884;1
SELK;24884;1
SIEVERSTEDT;24885;1
SILBERSTEDT;24887;1
LOIT;24888;1
STOLK;24890;1
SÜDERFAHRENSTEDT;24890;1
SCHNARUP-THUMBY;24891;1
STRUXDORF;24891;1
TAARSTEDT;24893;1
TWEDT;24894;1
TOLK;24894;1
TREIA;24896;1
ULSNIS;24897;1
WOHLDE;24899;1
JARPLUND-WEDING;24941;1
TASTRUP;24943;1
HARRISLEE;24955;1
GLÜCKSBURG;24960;1
MUNKBRARUP;24960;1
TARP;24963;1
JERRISHOE;24963;1
SÖRUP;24966;1
LINDEWITT;24969;1
GROSSENWIEHE;24969;1
STEINBERGKIRCHE;24972;1
QUERN;24972;1
AUSACKER;24975;1
HÜRUP;24975;1
HUSBY;24975;1
MAASBÜLL;24975;1
RINGSBERG;24977;1
WESTERHOLZ;24977;1
LANGBALLIG;24977;1
GRUNDHOF;24977;1
NORDHACKSTEDT;24980;1
HÖRUP;24980;1
SCHAFFLUND;24980;1
WALLSBÜLL;24980;1
MEYN;24980;1
RÜDE;24986;1
SATRUP;24986;1
OEVERSEE;24988;1
SANKELMARK;24988;1
DOLLERUP;24989;1
GROSSSOLT;24991;1
FREIENWILL;24991;1
JANNEBY;24992;1
JÖRL;24992;1
JARDELUND;24994;1
HOLT;24994;1
BÖXLUND;24994;1
WEESBY;24994;1
MEDELBY;24994;1
AHNEBY;24996;1
STERUP;24996;1
WANDERUP;24997;1
WEES;24999;1
BOKHOLT-HANREDDER;25335;1
RAA-BESENBEK;25335;1
ALTENMOOR;25335;1
NEUENDORF BEI ELMSHORN;25335;1
KLEIN NORDENDE;25336;1
SEETH-EKHOLT;25337;1
KÖLLN-REISIEK;25337;1
BLOMESCHE WILDNIS;25348;1
GLÜCKSTADT;25348;1
ENGELBRECHTSCHE WILDNIS;25348;1
GROSS OFFENSETH-ASPERN;25355;1
LUTZHORN;25355;1
BARMSTEDT;25355;1
BULLENKUHLEN;25355;1
HORST (HOLSTEIN);25358;1
SOMMERLAND;25358;1
GREVENKOP;25361;1
ELSKOP;25361;1
KREMPE;25361;1
SÜDERAU;25361;1
BRANDE-HÖRNERKIRCHEN;25364;1
OSTERHORN;25364;1
WESTERHORN;25364;1
KLEIN OFFENSETH-SPARRIESHOOP;25365;1
KIEBITZREIHE;25368;1
SEESTER;25370;1
SEESTERMÜHE;25371;1
ELLERHOOP;25373;1
BORSFLETH;25376;1
KREMPDORF;25376;1
KOLLMAR;25377;1
HERZHORN;25379;1
MOORREGE;25436;1
HEIDGRABEN;25436;1
NEUENDEICH;25436;1
GROSS NORDENDE;25436;1
RELLINGEN;25462;1
HALSTENBEK;25469;1
BÖNNINGSTEDT;25474;1
HASLOH;25474;1
ELLERBEK;25474;1
ELLERAU;25479;1
APPEN;25482;1
HEMDINGEN;25485;1
BILSEN;25485;1
ALVESLOHE;25486;1
HASELDORF;25489;1
HASELAU;25489;1
HETLINGEN;25491;1
HEIST;25492;1
BORSTEL-HOHENRADEN;25494;1
KUMMERFELD;25495;1
PRISDORF;25497;1
ITZEHOE;25524;1
HEILIGENSTEDTENERKAMP;25524;1
HEILIGENSTEDTEN;25524;1
KOLLMOOR;25524;1
BREITENBURG;25524;1
BEKMÜNDE;25524;1
OELIXDORF;25524;1
BRUNSBÜTTEL;25541;1
WITTENBERGEN;25548;1
STÖRKATHEN;25548;1
AUUFER;25548;1
MÜHLENBARBEK;25548;1
OESCHEBÜTTEL;25548;1
KELLINGHUSEN;25548;1
LOCKSTEDT;25551;1
WINSELDORF;25551;1
SILZEN;25551;1
SCHLOTFELD;25551;1
HOHENLOCKSTEDT;25551;1
LOHBARBEK;25551;1
STÖRDORF;25554;1
LANDRECHT;25554;1
MOORHUSEN;25554;1
NEUENDORF-SACHSENBANDE;25554;1
KRUMMENDIEK;25554;1
BEKDORF;25554;1
DAMMFLETH;25554;1
WILSTER;25554;1
NEUENDORF-SACHSENBANDE SACHSENBANDE;25554;1
NEUENDORF-SACHSENBANDE NEUENDORF BEI WILSTER;25554;1
HANERAU-HADEMARSCHEN;25557;1
OLDENBÜTTEL;25557;1
GOKELS;25557;1
BELDORF;25557;1
THADEN;25557;1
STEENFELD;25557;1
WARRINGHOLZ;25560;1
OLDENBORSTEL;25560;1
AGETHORST;25560;1
SIEZBÜTTEL;25560;1
HADENFELD;25560;1
AASBÜTTEL;25560;1
KAISBORSTEL;25560;1
BOKHORST;25560;1
PÖSCHENDORF;25560;1
PULS;25560;1
HINGSTHEIDE;25563;1
FÖHRDEN-BARL;25563;1
QUARNSTEDT;25563;1
WULFSMOOR;25563;1
WRIST;25563;1
LÄGERDORF;25566;1
HODORF;25569;1
BAHRENFLETH;25569;1
KREMPERHEIDE;25569;1
KREMPERMOOR;25569;1
LANDSCHEIDE;25572;1
AEBTISSINWISCH;25572;1
BÜTTEL;25572;1
ECKLAK;25572;1
SANKT MARGARETHEN;25572;1
KUDENSEE;25572;1
BEIDENFLETH;25573;1
BERINGSTEDT;25575;1
BROKDORF;25576;1
DÄGELING;25578;1
NEUENBROOK;25578;1
RADE;25579;1
FITZBEK;25579;1
POYENBERG;25581;1
KAAKS;25582;1
HOHENASPE;25582;1
LOOFT;25582;1
BESDORF;25584;1
HOLSTENNIENDORF;25584;1
TACKESDORF;25585;1
LÜTJENWESTEDT;25585;1
MÜNSTERDORF;25587;1
HUJE;25588;1
MEHLBEK;25588;1
OSTERSTEDT;25590;1
OTTENBÜTTEL;25591;1
CHRISTINENTHAL;25593;1
REHER;25593;1
VAALERMOOR;25594;1
VAALE;25594;1
NUTTELN;25594;1
GRIBBOHM;25596;1
WACKEN;25596;1
BOKELREHM;25596;1
NIENBÜTTEL;25596;1
WESTERMOOR;25597;1
KRONSMOOR;25597;1
MOORDORF;25597;1
MOORDIEK;25597;1
WEWELSFLETH;25599;1
VOLSEMENHUSEN;25693;1
GUDENDORF;25693;1
TRENNEWURTH;25693;1
SANKT MICHAELISDONN;25693;1
NORDERMELDORF;25704;1
WOLMERSDORF;25704;1
EPENWÖHRDEN;25704;1
MELDORF;25704;1
ELPERSBÜTTEL;25704;1
BARGENSTEDT;25704;1
MARNERDEICH;25709;1
KRONPRINZENKOOG;25709;1
KAISER-WILHELM-KOOG;25709;1
MARNE;25709;1
HELSE;25709;1
DIEKHUSEN-FAHRSTEDT;25709;1
KUDEN;25712;1
HOCHDONN;25712;1
GROSSENRADE;25712;1
BRICKELN;25712;1
BURG (DITHMARSCHEN);25712;1
DINGEN;25715;1
EDDELAK;25715;1
RAMHUSEN;25715;1
AVERLAK;25715;1
FRIEDRICHSKOOG;25718;1
BUSENWURTH;25719;1
BARLT;25719;1
EGGSTEDT;25721;1
NEUFELD;25724;1
NEUFELDERKOOG;25724;1
SCHMEDESWURTH;25724;1
SCHAFSTEDT;25725;1
BORNHOLT;25725;1
KRUMSTEDT;25727;1
FRESTEDT;25727;1
SÜDERHASTEDT;25727;1
WINDBERGEN;25729;1
WESSELN;25746;1
NORDERWÖHRDEN;25746;1
LOHE-RICKELSHOF;25746;1
OSTROHE;25746;1
HEIDE;25746;1
BÜSUM;25761;1
WESTERDEICHSTRICH;25761;1
OESTERDEICHSTRICH;25761;1
HEDWIGENKOOG;25761;1
BÜSUMER DEICHHAUSEN;25761;1
WARWERORT;25761;1
HILLGROVEN;25764;1
SCHÜLP;25764;1
WESSELBURENERKOOG;25764;1
HELLSCHEN-HERINGSAND-UNTERSCHAAR;25764;1
OESTERWURTH;25764;1
NORDDEICH;25764;1
SÜDERDEICH;25764;1
WESSELBURENER-DEICHHAUSEN;25764;1
REINSBÜTTEL;25764;1
FRIEDRICHSGABEKOOG;25764;1
WESSELBUREN;25764;1
ARKEBEK;25767;1
WENNBÜTTEL;25767;1
OSTERRADE;25767;1
TENSBÜTTEL-RÖST;25767;1
OFFENBÜTTEL;25767;1
BUNSOH;25767;1
LIETH;25770;1
HEMMINGSTEDT;25770;1
GROVEN;25774;1
KAROLINENKOOG;25774;1
LUNDEN;25774;1
KREMPEL;25774;1
HEMME;25774;1
SCHLICHTING;25776;1
REHM-FLEHDE-BARGEN;25776;1
SANKT ANNEN;25776;1
FEDDERINGEN;25779;1
GLÜSING;25779;1
BERGEWÖHRDEN;25779;1
SÜDERHEISTEDT;25779;1
WIEMERSTEDT;25779;1
NORDERHEISTEDT;25779;1
HÄGEN;25779;1
HÖVEDE;25782;1
WESTERBORSTEL;25782;1
SCHRUM;25782;1
TELLINGSTEDT;25782;1
SÜDERDORF;25782;1
SCHALKHOLZ;25782;1
WELMBÜTTEL;25782;1
GAUSHORN;25782;1
SARZBÜTTEL;25785;1
ODDERADE;25785;1
NORDHASTEDT;25785;1
DELLSTEDT;25786;1
WALLEN;25788;1
DELVE;25788;1
BARKENHOLM;25791;1
STRÜBBEL;25792;1
DÖRPLING;25794;1
TIELENHEMME;25794;1
PAHLEN;25794;1
STELLE-WITTENWURTH;25795;1
WEDDINGSTEDT;25795;1
WÖHRDEN;25797;1
WROHM;25799;1
SCHWESING;25813;1
SIMONSBERG;25813;1
SÜDERMARSCH;25813;1
BREKLUM;25821;1
REUSSENKÖGE;25821;1
SÖNNEBÜLL;25821;1
BREDSTEDT;25821;1
STRUCKUM;25821;1
ALMDORF;25821;1
VOLLSTEDT;25821;1
SANKT PETER-ORDING;25826;1
TÖNNING;25832;1
KOTZENBÜLL;25832;1
KATHARINENHEERD;25836;1
GROTHUSENKOOG;25836;1
GARDING;25836;1
OSTERHEVER;25836;1
VOLLERWIEK;25836;1
POPPENBÜLL;25836;1
WELT;25836;1
KIRCHSPIEL GARDING;25836;1
KOLDENBÜTTEL;25840;1
FRIEDRICHSTADT;25840;1
BARGUM;25842;1
LÜTJENHOLM;25842;1
LANGENHORN;25842;1
OCKHOLM;25842;1
NORDSTRAND;25845;1
ELISABETH-SOPHIEN-KOOG;25845;1
PELLWORM;25849;1
BONDELUM;25850;1
BORDELUM;25852;1
BOHMSTEDT;25853;1
AHRENSHÖFT;25853;1
DRELSDORF;25853;1
HASELUND;25855;1
HATTSTEDT;25856;1
HATTSTEDTERMARSCH;25856;1
WOBBENBÜLL;25856;1
HÖGEL;25858;1
HOOGE;25859;1
OLDERUP;25860;1
ARLEWATT;25860;1
GOLDEBEK;25862;1
JOLDELUND;25862;1
KOLKERHEIDE;25862;1
GOLDELUND;25862;1
LANGENESS;25863;1
LÖWENSTEDT;25864;1
MILDSTEDT;25866;1
NORDERSTAPEL;25868;1
GRÖDE;25869;1
OLDENSWORT;25870;1
NORDERFRIEDRICHSKOOG;25870;1
WITTBEK;25872;1
RANTRUM;25873;1
OLDERSBEK;25873;1
SCHOBÜLL;25875;1
SCHWABSTEDT;25876;1
SÜDERHÖFT;25876;1
RAMSTEDT;25876;1
FRESENDELF;25876;1
HUDE;25876;1
SEETH;25878;1
SÜDERSTAPEL;25879;1
TÜMLAUER KOOG;25881;1
AUGUSTENKOOG;25881;1
TATING;25881;1
WESTERHEVER;25881;1
TETENBÜLL;25882;1
NORSTEDT;25884;1
SOLLWITT;25884;1
VIÖL;25884;1
AHRENVIÖL;25885;1
AHRENVIÖLFELD;25885;1
WESTER-OHRSTEDT;25885;1
OSTER-OHRSTEDT;25885;1
IMMENSTEDT;25885;1
WINNERT;25887;1
WITZWORT;25889;1
UELVESBÜLL;25889;1
BOSBÜLL;25899;1
DAGEBÜLL;25899;1
NIEBÜLL;25899;1
GALMSBÜLL;25899;1
KLIXBÜLL;25899;1
SPRAKEBÜLL;25917;1
STADUM;25917;1
TINNINGSTEDT;25917;1
ACHTRUP;25917;1
LECK;25917;1
ENGE-SANDE;25917;1
STEDESAND;25920;1
RISUM-LINDHOLM;25920;1
BRADERUP;25923;1
HUMPTRUP;25923;1
ELLHÖFT;25923;1
SÜDERLÜGUM;25923;1
LEXGAARD;25923;1
UPHUSUM;25923;1
KLANXBÜLL;25924;1
FRIEDRICH-WILHELM-LÜBKE-KOOG;25924;1
RODENÄS;25924;1
EMMELSBÜLL-HORSBÜLL;25924;1
LADELUND;25926;1
KARLUM;25926;1
BRAMSTEDTLUND;25926;1
WESTRE;25926;1
AVENTOFT;25927;1
WRIXUM;25938;1
NIEBLUM;25938;1
WYK AUF FÖHR;25938;1
UTERSUM;25938;1
BORGSUM;25938;1
OEVENUM;25938;1
OLDSUM;25938;1
SÜDERENDE;25938;1
DUNSUM;25938;1
WITSUM;25938;1
ALKERSUM;25938;1
NORDDORF;25946;1
NEBEL;25946;1
WITTDÜN;25946;1
RANTUM;25980;1
WESTERLAND;25980;1
SYLT-OST;25980;1
LIST;25992;1
WENNINGSTEDT;25996;1
HÖRNUM;25997;1
KAMPEN;25999;1
HELGOLAND;27498;1
HEUSWEILER;66265;1
KLEINBLITTERSDORF;66271;1
SULZBACH/SAAR;66280;1
QUIERSCHIED;66287;1
RIEGELSBERG;66292;1
VÖLKLINGEN;66333;1
PÜTTLINGEN;66346;1
GROSSROSSELN;66352;1
BOUS;66359;1
SANKT INGBERT;66386;1
MANDELBACHTAL;66399;1
HOMBURG;66424;1
BLIESKASTEL;66440;1
BEXBACH;66450;1
GERSHEIM;66453;1
KIRKEL;66459;1
OTTWEILER;66564;1
EPPELBORN;66571;1
SCHIFFWEILER;66578;1
SPIESEN-ELVERSBERG;66583;1
MERCHWEILER;66589;1
SANKT WENDEL;66606;1
NONNWEILER;66620;1
NOHFELDEN;66625;1
FREISEN;66629;1
THOLEY;66636;1
NAMBORN;66640;1
MARPINGEN;66646;1
OBERTHAL;66649;1
MERZIG;66663;1
LOSHEIM AM SEE;66679;1
WADERN;66687;1
METTLACH;66693;1
BECKINGEN;66701;1
PERL;66706;1
WEISKIRCHEN;66709;1
SAARLOUIS;66740;1
DILLINGEN;66763;1
SCHWALBACH;66773;1
REHLINGEN-SIERSBURG;66780;1
WADGASSEN;66787;1
SAARWELLINGEN;66793;1
WALLERFANGEN;66798;1
ÜBERHERRN;66802;1
NALBACH;66809;1
LEBACH;66822;1
SCHMELZ;66839;1
DRESDEN INNERE ALTSTADT;01067;1
DRESDEN FRIEDRICHSTADT;01067;1
WEIXDORF;01108;1
MARSDORF;01108;1
HELLERAU;01109;1
KLOTZSCHE;01109;1
WILSCHDORF;01109;1
DRESDEN GOMPITZ, ZÖLLMEN;01156;1
DRESDEN GOMPITZ, STEINBACH;01156;1
DRESDEN GOMPITZ, PENNRICH;01156;1
DRESDEN GOMPITZ, GOMPITZ;01156;1
DRESDEN GOMPITZ, ROITZSCH;01156;1
DRESDEN GOMPITZ, UNKERSDORF;01156;1
DRESDEN GOMPITZ, OCKERWITZ;01156;1
DRESDEN ALTFRANKEN;01156;1
DRESDEN GOMPITZ;01156;1
DRESDEN STRIESEN;01277;1
DRESDEN BLASEWITZ;01309;1
RADEBEUL;01445;1
RADEBERG;01454;1
WACHAU;01454;1
OTTENDORF-OKRILLA;01458;1
DRESDEN LANGEBRÜCK;01465;1
MORITZBURG;01468;1
RADEBURG;01471;1
ARNSDORF;01477;1
GROSSENHAIN;01558;1
LAMPERTSWALDE;01561;1
WILDENHAIN;01561;1
TAUSCHA;01561;1
ZABELTITZ;01561;1
WEISSIG AM RASCHÜTZ;01561;1
PRIESTEWITZ;01561;1
THIENDORF;01561;1
STAUCHITZ;01594;1
HIRSCHSTEIN;01594;1
NAUWALDE;01609;1
GRÖDITZ;01609;1
DIESBAR-SEUSSLITZ;01612;1
NÜNCHRITZ;01612;1
GLAUBITZ;01612;1
STREHLA;01616;1
RÖDERAUE;01619;1
ZEITHAIN;01619;1
LEUBEN-SCHLEINITZ;01623;1
KETZERBACHTAL;01623;1
LOMMATZSCH;01623;1
MEISSEN;01662;1
KLIPPHAUSEN;01665;1
TAUBENHEIM;01665;1
KÄBSCHÜTZTAL;01665;1
DIERA-ZEHREN;01665;1
TRIEBISCHTAL;01665;1
HEYNITZ;01683;1
NOSSEN;01683;1
NIEDERAU;01689;1
WEINBÖHLA;01689;1
FREITAL;01705;1
WILSDRUFF;01723;1
BANNEWITZ;01728;1
KREISCHA;01731;1
THARANDT;01737;1
DORFHAIN;01738;1
DIPPOLDISWALDE;01744;1
HARTMANNSDORF-REICHENAU;01762;1
REINHARDTSGRIMMA;01768;1
ALTENBERG;01773;1
PRETZSCHENDORF;01774;1
HÖCKENDORF;01774;1
HERMSDORF/ERZGEBIRGE;01776;1
GEISING;01778;1
STRUPPEN;01796;1
PIRNA;01796;1
DOHMA;01796;1
DOHNA;01809;1
MÜGLITZTAL;01809;1
REINHARDTSDORF-SCHÖNA;01814;1
PORSCHDORF;01814;1
BAD SCHANDAU;01814;1
BAD GOTTLEUBA-BERGGIESSHÜBEL;01816;1
BAHRETAL;01819;1
KÖNIGSTEIN/SÄCHSISCHE SCHWEIZ;01824;1
GOHRISCH;01824;1
ROSENTHAL-BIELATAL;01824;1
RATHEN;01824;1
LIEBSTADT;01825;1
STADT WEHLEN;01829;1
STOLPEN;01833;1
DÜRRRÖHRSDORF-DITTERSBACH;01833;1
HOHWALD;01844;1
NEUSTADT IN SACHSEN;01844;1
HOHNSTEIN;01848;1
SEBNITZ;01855;1
KIRNITZSCHTAL;01855;1
SCHMÖLLN-PUTZKAU;01877;1
RAMMENAU;01877;1
DEMITZ-THUMITZ;01877;1
BISCHOFSWERDA;01877;1
PULSNITZ;01896;1
OHORN;01896;1
GROSSRÖHRSDORF;01900;1
BRETNIG-HAUSWALDE;01900;1
STEINIGTWOLMSDORF;01904;1
NEUKIRCH/LAUSITZ;01904;1
BURKAU;01906;1
FRANKENTHAL;01909;1
GROSSHARTHAU;01909;1
KAMENZ;01917;1
STEINA;01920;1
RALBITZ-ROSENTHAL;01920;1
SCHÖNTEICHEN;01920;1
ELSTRA;01920;1
NEBELSCHÜTZ;01920;1
RÄCKELWITZ;01920;1
OSSLING;01920;1
CROSTWITZ;01920;1
PANSCHWITZ-KUCKAU;01920;1
SCHWEPNITZ;01936;1
KÖNIGSBRÜCK;01936;1
OBERLICHTENAU;01936;1
LAUSSNITZ;01936;1
GROSSNAUNDORF;01936;1
STRASSGRÄBCHEN;01936;1
BAUTZEN;02625;1
WEISSENBERG;02627;1
RADIBOR;02627;1
KUBSCHÜTZ;02627;1
HOCHKIRCH;02627;1
GÖDA;02633;1
WILTHEN;02681;1
SCHIRGISWALDE;02681;1
CROSTAU;02681;1
KIRSCHAU;02681;1
SOHLAND AN DER SPREE;02689;1
EULOWITZ;02692;1
GROSSPOSTWITZ/OBERLAUSITZ;02692;1
OBERGURIG;02692;1
MALSCHWITZ;02694;1
GROSSDUBRAU;02694;1
GUTTAU;02694;1
NESCHWITZ;02699;1
PUSCHWITZ;02699;1
KÖNIGSWARTHA;02699;1
GROSSSCHWEIDNITZ;02708;1
LAWALDE;02708;1
OBERCUNNERSDORF;02708;1
NIEDERCUNNERSDORF;02708;1
LÖBAU;02708;1
DÜRRHENNERSDORF;02708;1
ROSENBACH;02708;1
NEUGERSDORF;02727;1
EBERSBACH/SACHSEN;02730;1
CUNEWALDE;02733;1
BEIERSDORF;02736;1
OPPACH;02736;1
EIBAU;02739;1
NEUSALZA-SPREMBERG;02742;1
HERRNHUT;02747;1
BERTHELSDORF;02747;1
STRAHWALDE;02747;1
GROSSHENNERSDORF;02747;1
BERNSTADT AUF DEM EIGEN;02748;1
MITTELHERWIGSDORF;02763;1
ZITTAU;02763;1
BERTSDORF-HÖRNITZ;02763;1
HAINEWALDE;02779;1
GROSSSCHÖNAU;02779;1
SEIFHENNERSDORF;02782;1
OLBERSDORF;02785;1
HIRSCHFELDE DITTELSDORF;02788;1
ODERWITZ;02791;1
JONSDORF;02796;1
OYBIN;02797;1
SCHÖPSTAL;02829;1
KÖNIGSHAIN;02829;1
MARKERSDORF;02829;1
SOHLAND AM ROTSTEIN;02894;1
REICHENBACH/OBERLAUSITZ;02894;1
SCHÖNAU-BERZDORF AUF DEM EIGEN;02899;1
OSTRITZ;02899;1
MÜCKA;02906;1
HOHENDUBRAU;02906;1
KLITTEN;02906;1
NIESKY;02906;1
WALDHUFEN;02906;1
KREBA-NEUDORF;02906;1
QUITZDORF AM SEE;02906;1
KODERSDORF;02923;1
HORKA;02923;1
HÄHNICHEN;02923;1
ROTHENBURG/OBERLAUSITZ;02929;1
BOXBERG/OBERLAUSITZ;02943;1
WEISSWASSER;02943;1
BAD MUSKAU;02953;1
RIETSCHEN;02956;1
WEISSKEISSEL;02957;1
SCHLEIFE;02959;1
GROSS DÜBEN;02959;1
TREBENDORF;02959;1
HOYERSWERDA;02977;1
SPREETAL;02979;1
LAUTA;02991;1
LEIPPE-TORNO;02991;1
WIEDNITZ;02994;1
WITTICHENAU;02997;1
KNAPPENSEE;02999;1
LOHSA;02999;1
UHYST;02999;1
SELLERHAUSEN-STÜNZ;04328;1
MARKKLEEBERG;04416;1
GROSSLEHNA;04420;1
MARKRANSTÄDT;04420;1
SCHKEUDITZ;04435;1
ZWENKAU;04442;1
BORSDORF;04451;1
KITZEN;04460;1
GROSSPÖSNA;04463;1
ZWOCHAU;04509;1
ZSCHORTAU;04509;1
KROSTITZ;04509;1
WIEDEMAR;04509;1
DELITZSCH;04509;1
DÖBERNITZ;04509;1
NEUKYHNA;04509;1
SCHÖNWÖLKAU;04509;1
RACKWITZ;04519;1
ELSTERTREBNITZ;04523;1
PEGAU;04523;1
GROITZSCH;04539;1
WYHRATAL;04552;1
BORNA;04552;1
LOBSTÄDT;04552;1
REGIS-BREITINGEN;04565;1
KITZSCHER;04567;1
RÖTHA;04571;1
DEUTZEN;04574;1
HEUERSDORF;04574;1
NEUKIERITZSCH;04575;1
ESPENHAIN;04579;1
GEITHAIN;04643;1
EULATAL;04651;1
BAD LAUSICK;04651;1
FROHBURG;04654;1
KOHREN-SAHLIS;04655;1
NARSDORF;04657;1
GRIMMA;04668;1
OTTERWISCH;04668;1
GROSSBARDAU;04668;1
GROSSBOTHEN;04668;1
PARTHENSTEIN;04668;1
THÜMMLITZWALDE;04668;1
COLDITZ;04680;1
ZSCHADRASS;04680;1
BELGERSHAIN;04683;1
NAUNHOF;04683;1
NERCHAU;04685;1
TREBSEN/MULDE;04687;1
MUTZSCHEN;04688;1
BOCKELWITZ;04703;1
LEISNIG;04703;1
GROSSWEITZSCHEN;04720;1
ZSCHAITZ-OTTEWIG;04720;1
ZIEGRA-KNOBELSDORF;04720;1
DÖBELN;04720;1
WALDHEIM;04736;1
NIEDERSTRIEGIS;04741;1
ROSSWEIN;04741;1
HARTHA;04746;1
CAVERTITZ;04758;1
OSCHATZ;04758;1
LIEBSCHÜTZBERG;04758;1
SORNZIG-ABLASS;04769;1
MÜGELN;04769;1
WERMSDORF;04779;1
THALLWITZ;04808;1
KÜHREN-BURKARTSHAIN;04808;1
WURZEN;04808;1
HOHBURG;04808;1
FALKENHAIN;04808;1
BRANDIS;04821;1
BEUCHA;04824;1
MACHERN;04827;1
BENNEWITZ;04828;1
DOBERSCHÜTZ;04838;1
EILENBURG;04838;1
LAUSSIG;04838;1
JESEWITZ;04838;1
ZSCHEPPLIN;04838;1
KOSSA;04849;1
BAD DÜBEN;04849;1
PFLÜCKUFF;04860;1
ZINNA;04860;1
TORGAU;04860;1
DREIHEIDE;04860;1
BELGERN;04874;1
TROSSIN;04880;1
ELSNIG;04880;1
DOMMITZSCH;04880;1
BEILRODE;04886;1
GROSSTREBEN-ZWETHAU;04886;1
SCHILDAU;04889;1
MÜHLTROFF;07919;1
PAUSA;07952;1
ELSTERBERG;07985;1
HARTMANNSDORF BEI KIRCHBERG;08107;1
WILKAU-HASSLAU;08112;1
LICHTENTANNE;08115;1
HARTENSTEIN HARTENSTEIN;08118;1
HARTENSTEIN ZSCHOCKEN;08118;1
HARTENSTEIN THIERFELD;08118;1
MÜLSEN WULM;08132;1
MÜLSEN THURM;08132;1
MÜLSEN STANGENDORF;08132;1
MÜLSEN NIEDERMÜLSEN;08132;1
MÜLSEN;08132;1
MÜLSEN ORTMANNSDORF;08132;1
MÜLSEN MÜLSEN SANKT NICLAS;08132;1
MÜLSEN ORTMANNSDORF, ORTMANNSDORF;08132;1
MÜLSEN MÜLSEN SANKT JACOB;08132;1
MÜLSEN WULM, WULM;08132;1
MÜLSEN ORTMANNSDORF, NEUSCHÖNBURG;08132;1
MÜLSEN ORTMANNSDORF, MARIENAU;08132;1
MÜLSEN WULM, BERTELSDORF;08132;1
MÜLSEN MÜLSEN SANKT MICHELN;08132;1
WILDENFELS HÄRTENSDORF;08134;1
WILDENFELS WILDENFELS;08134;1
WILDENFELS WIESENBURG;08134;1
WILDENFELS WIESEN;08134;1
LANGENWEISSBACH WEISSBACH;08134;1
WILDENFELS SCHÖNAU;08134;1
LANGENWEISSBACH LANGENBACH;08134;1
LANGENWEISSBACH;08134;1
WILDENFELS;08134;1
LANGENWEISSBACH GRÜNAU;08134;1
CRINITZBERG;08147;1
AUERBACH/VOGTLAND;08209;1
GRÜNBACH;08223;1
NEUSTADT/VOGTLAND;08223;1
FALKENSTEIN/VOGTLAND;08223;1
WERDA;08223;1
RODEWISCH;08228;1
TREUEN;08233;1
ELLEFELD;08236;1
KLINGENTHAL/SACHSEN;08248;1
MARKNEUKIRCHEN;08258;1
SCHÖNECK/VOGTLAND;08261;1
TANNENBERGSTHAL/VOGTLAND;08262;1
MORGENRÖTHE-RAUTENKRANZ;08262;1
ZWOTA;08267;1
HAMMERBRÜCKE;08269;1
AUE;08280;1
LÖSSNITZ;08294;1
ZWÖNITZ;08297;1
SCHLEMA;08301;1
SCHÖNHEIDE;08304;1
EIBENSTOCK;08309;1
LAUTER/SACHSEN;08312;1
BERNSBACH;08315;1
HUNDSHÜBEL;08318;1
ZSCHORLAU;08321;1
BOCKAU;08324;1
CARLSFELD, ERZGEBIRGE;08325;1
SOSA;08326;1
STÜTZENGRÜN;08328;1
BEIERFELD;08340;1
SCHWARZENBERG/ERZGEBIRGE;08340;1
GRÜNHAIN;08344;1
JOHANNGEORGENSTADT;08349;1
PÖHLA;08352;1
MARKERSBACH;08352;1
RASCHAU;08352;1
RITTERSGRÜN;08355;1
BREITENBRUNN/ERZGEBIRGE;08359;1
GLAUCHAU;08371;1
REMSE;08373;1
MEERANE;08393;1
DENNHERITZ;08393;1
OBERWIERA;08396;1
LEUBNITZ;08412;1
WERDAU;08412;1
FRAUREUTH;08427;1
LANGENBERNSDORF;08428;1
STEINPLEIS;08432;1
LANGENHESSEN;08439;1
CRIMMITSCHAU;08451;1
NEUKIRCHEN/PLEISSE;08459;1
REICHENBACH/VOGTLAND;08468;1
HEINSDORFERGRUND;08468;1
LENGENFELD;08485;1
NETZSCHKAU;08491;1
MYLAU;08499;1
WEISCHLITZ;08538;1
BURGSTEIN;08538;1
MEHLTHEUER;08539;1
NEUENSALZ;08541;1
THEUMA;08541;1
PÖHL;08543;1
JÖSSNITZ;08547;1
SYRAU;08548;1
BÖSENBRUNN;08606;1
TRIEBEL/VOGTLAND;08606;1
MÜHLENTAL;08606;1
TIRPERSDORF;08606;1
OELSNITZ;08606;1
ADORF;08626;1
EICHIGT;08626;1
BAD ELSTER;08645;1
BAD BRAMBACH;08648;1
LIMBACH-OBERFROHNA;09212;1
PLEISSA;09212;1
KÄNDLER;09212;1
BURGSTÄDT;09217;1
NEUKIRCHEN/ERZGEBIRGE;09221;1
MITTELBACH BEI CHEMNITZ;09224;1
EINSIEDEL BEI CHEMNITZ;09227;1
WITTGENSDORF;09228;1
BURKHARDTSDORF;09235;1
CLAUSSNITZ;09236;1
MÜHLAU;09241;1
NIEDERFROHNA;09243;1
RÖHRSDORF;09247;1
TAURA;09249;1
ZETTLITZ;09306;1
ERLAU;09306;1
SEELITZ;09306;1
KÖNIGSHAIN-WIEDERAU;09306;1
ROCHLITZ;09306;1
WECHSELBURG;09306;1
PENIG;09322;1
GERINGSWALDE;09326;1
LUNZENAU;09328;1
HOHENSTEIN-ERNSTTHAL;09337;1
CALLENBERG;09337;1
LICHTENSTEIN/SACHSEN;09350;1
OBERLUNGWITZ;09353;1
SANKT EGIDIEN;09356;1
NIEDERDORF;09366;1
STOLLBERG/ERZGEBIRGE;09366;1
OELSNITZ/ERZGEBIRGE;09376;1
THALHEIM / ERZGEBIRGE;09380;1
LUGAU/ERZGEBIRGE;09385;1
ERLBACH-KIRCHBERG;09385;1
JAHNSDORF/ERZGEBIRGE;09387;1
GORNSDORF;09390;1
HOHNDORF;09394;1
HORMERSDORF;09395;1
NIEDERWÜRSCHNITZ;09399;1
GORNAU/ERZGEBIRGE;09405;1
ZSCHOPAU;09405;1
THUM;09419;1
GELENAU/ERZGEBIRGE;09423;1
EHRENFRIEDERSDORF;09427;1
WOLKENSTEIN;09429;1
DREBACH;09430;1
VENUSBERG;09430;1
GROSSOLBERSDORF;09432;1
SCHARFENSTEIN;09435;1
WALDKIRCHEN/ERZGEBIRGE;09437;1
BÖRNICHEN/ERZGEBIRGE;09437;1
AMTSBERG;09439;1
MILDENAU;09456;1
ANNABERG-BUCHHOLZ;09456;1
SEHMATAL;09465;1
TANNENBERG;09468;1
GEYER;09468;1
KÖNIGSWALDE;09471;1
CROTTENDORF;09474;1
JÖHSTADT;09477;1
SCHEIBENBERG;09481;1
ELTERLEIN;09481;1
OBERWIESENTHAL;09484;1
SCHLETTAU;09487;1
WIESA;09488;1
POBERSHAU;09496;1
MARIENBERG;09496;1
POCKAU;09509;1
ZÖBLITZ;09517;1
GROSSRÜCKERSWALDE;09518;1
OLBERNHAU;09526;1
HEIDERSDORF;09526;1
PFAFFRODA;09526;1
NEUHAUSEN/ERZGEBIRGE;09544;1
DEUTSCHNEUDORF;09548;1
SEIFFEN/ERZGEBIRGE;09548;1
FLÖHA;09557;1
GAHLENZ;09569;1
OEDERAN;09569;1
FALKENAU;09569;1
AUGUSTUSBURG;09573;1
EPPENDORF;09575;1
NIEDERWIESA;09577;1
GRÜNHAINICHEN;09579;1
BORSTENDORF;09579;1
FREIBERG;09599;1
WEISSENBORN/ERZGEBIRGE;09600;1
NIEDERSCHÖNA;09600;1
OBERSCHÖNA;09600;1
GROSSSCHIRMA;09603;1
GROSSHARTMANNSDORF;09618;1
BRAND-ERBISDORF;09618;1
MULDA/SACHSEN;09619;1
SAYDA;09619;1
DORFCHEMNITZ BEI SAYDA;09619;1
RECHENBERG-BIENENMÜHLE;09623;1
FRAUENSTEIN;09623;1
BOBRITZSCH;09627;1
REINSBERG;09629;1
HALSBRÜCKE;09633;1
SIEBENLEHN;09634;1
LICHTENBERG/ERZGEBIRGE;09638;1
MITTWEIDA;09648;1
KRIEBSTEIN;09648;1
ALTMITTWEIDA;09648;1
STRIEGISTAL;09661;1
FRANKENBERG/SACHSEN;09669;1
TEUTSCHENTHAL;06179;1
LANGENBOGEN;06179;1
BENNSTEDT;06179;1
STEUDEN;06179;1
HOLLEBEN;06179;1
ZAPPENDORF;06179;1
SCHKOPAU HOHENWEIDEN;06179;1
ZSCHERBEN;06179;1
SCHOCHWITZ;06179;1
HÖHNSTEDT;06179;1
DORNSTEDT;06179;1
ANGERSDORF;06179;1
DÖLBAU;06184;1
GRÖBERS;06184;1
DIESKAU;06184;1
SCHKOPAU LOCHAU;06184;1
GROSSKUGEL;06184;1
SCHKOPAU ERMLITZ;06184;1
SCHKOPAU RASSNITZ;06184;1
SCHKOPAU BURGLIEBENAU;06184;1
SCHKOPAU RÖGLITZ;06184;1
SCHKOPAU DÖLLNITZ;06184;1
HOHENTHURM;06188;1
QUEIS;06188;1
LANDSBERG;06188;1
NIEMBERG;06188;1
SIETZSCH;06188;1
BRASCHWITZ;06188;1
REUSSEN;06188;1
SCHWERZ;06188;1
SPICKENDORF;06188;1
OPPIN;06188;1
BRACHSTEDT;06188;1
MORL;06193;1
LÖBEJÜN;06193;1
SENNEWITZ;06193;1
KROSIGK;06193;1
KÜTTEN;06193;1
MÖSTHINSDORF;06193;1
NEHLITZ;06193;1
TEICHA;06193;1
BRACHWITZ;06198;1
BEESENSTEDT;06198;1
GIMRITZ;06198;1
DÖSSEL;06198;1
FIENSTEDT;06198;1
KLOSCHWITZ;06198;1
DÖBLITZ;06198;1
WETTIN;06198;1
NEUTZ-LETTEWITZ;06198;1
SALZMÜNDE;06198;1
BEUNA;06217;1
GEUSA;06217;1
MERSEBURG;06217;1
OEBLES-SCHLECHTEWITZ;06231;1
KREYPAU;06231;1
KÖTZSCHAU;06231;1
NEMPITZ;06231;1
BAD DÜRRENBERG;06231;1
TOLLWITZ;06231;1
RODDEN;06231;1
LEUNA;06237;1
SPERGAU;06237;1
KRUMPA;06242;1
GROSSKAYNA;06242;1
BRAUNSBEDRA;06242;1
BAD LAUCHSTÄDT;06246;1
DELITZ AM BERGE;06246;1
KNAPENDORF;06246;1
MILZAU;06246;1
KLOBIKAU;06246;1
MÜCHELN (GEISELTAL);06249;1
ZÖSCHEN;06254;1
GÜNTHERSDORF;06254;1
KÖTSCHLITZ;06254;1
ZWEIMEN;06254;1
FRIEDENSDORF;06254;1
LUPPENAU;06254;1
HORBURG-MASSLAU;06254;1
SCHAFSTÄDT;06255;1
WÜNSCH;06255;1
SCHKOPAU KORBETHA;06258;1
SCHKOPAU SCHKOPAU;06258;1
FRANKLEBEN;06259;1
NEMSDORF-GÖHRENDORF;06268;1
SCHMON;06268;1
STEIGRA;06268;1
OBHAUSEN;06268;1
GROCKSTÄDT;06268;1
QUERFURT;06268;1
LANGENEICHSTÄDT;06268;1
WEISSENSCHIRMBACH;06268;1
VITZENBURG;06268;1
BARNSTÄDT;06268;1
OECHLITZ;06268;1
ZIEGELRODA;06268;1
ALBERSRODA;06268;1
FARNSTÄDT;06279;1
ALBERSTEDT;06279;1
SCHRAPLAU;06279;1
DEDERSTEDT;06295;1
ROTHENSCHIRMBACH;06295;1
LUTHERSTADT EISLEBEN;06295;1
WOLFERODE;06295;1
ROTTELSDORF;06295;1
VOLKSTEDT;06295;1
OSTERHAUSEN;06295;1
BISCHOFRODE;06295;1
SCHMALZERODE;06295;1
UNTERRISSDORF;06295;1
POLLEBEN;06295;1
NEEHAUSEN;06295;1
BURGSDORF;06295;1
KLOSTERMANSFELD;06308;1
ANNARODE;06308;1
SIERSLEBEN;06308;1
SIEBIGERODE;06308;1
HÜBITZ;06308;1
BENNDORF;06308;1
AUGSDORF;06308;1
HELBRA;06311;1
AHLSDORF;06313;1
WIMMELBURG;06313;1
HERGISDORF;06313;1
AMSDORF;06317;1
RÖBLINGEN AM SEE;06317;1
ASELEBEN;06317;1
STEDTEN;06317;1
ERDEBORN;06317;1
LÜTTCHENDORF;06317;1
WANSLEBEN AM SEE;06318;1
ENDORF;06333;1
SYLDA;06333;1
ARNSTEDT;06333;1
GREIFENHAGEN;06333;1
WIEDERSTEDT;06333;1
WELBSLEBEN;06333;1
WELFESHOLZ;06333;1
HARKERODE;06333;1
NEUPLATENDORF;06333;1
RITTERODE;06333;1
QUENSTEDT;06333;1
BRÄUNRODE;06333;1
HETTSTEDT;06333;1
BIESENRODE;06343;1
VATTERODE;06343;1
MÖLLENDORF;06343;1
GORENZEN;06343;1
MANSFELD;06343;1
PISKABORN;06343;1
IHLEWITZ;06347;1
FREIST;06347;1
GERBSTEDT;06347;1
ZABENSTEDT;06347;1
FRIEDEBURGERHÜTTE;06347;1
GROSSÖRNER;06348;1
KÖTHEN;06366;1
ZABITZ;06369;1
GROSSBADEGAST;06369;1
GÖRZIG;06369;1
WÖRBZIG;06369;1
CÖSITZ;06369;1
RIESDORF;06369;1
REUPZIG;06369;1
WULFEN;06369;1
DORNBOCK;06369;1
GLAUZIG;06369;1
LÖBNITZ AN DER LINDE;06369;1
COSA;06369;1
ARENSDORF;06369;1
TRINUM;06369;1
WEISSANDT-GÖLZAU;06369;1
DOHNDORF;06369;1
DIEBZIG;06369;1
SCHORTEWITZ;06369;1
GROSSPASCHLEBEN;06369;1
PROSIGK;06369;1
DROSA;06369;1
ZEHBITZ;06369;1
TREBBICHAU AN DER FUHNE;06369;1
AKEN;06385;1
FRASSDORF;06386;1
MEILENDORF;06386;1
REPPICHAU;06386;1
HINSDORF;06386;1
ELSNIGK;06386;1
MICHELN;06386;1
CHÖRAU;06386;1
LIBBESDORF;06386;1
QUELLENDORF;06386;1
OSTERNIENBURG;06386;1
SCHEUDER;06386;1
PIETHEN;06388;1
BAASDORF;06388;1
MAASDORF;06388;1
GRÖBZIG;06388;1
WIESKAU;06388;1
EDDERITZ;06388;1
BERNBURG;06406;1
BAALBERGE;06408;1
GRÖNA;06408;1
ILBERSTEDT;06408;1
POLEY;06408;1
LATDORF;06408;1
WOHLSDORF;06408;1
CÖRMIGK;06408;1
PREUSSLITZ;06408;1
ZICKERITZ;06420;1
ROTHENBURG;06420;1
LEBENDORF;06420;1
EDLAU;06420;1
GERLEBOGK;06420;1
DOMNITZ;06420;1
KÖNNERN;06420;1
GOLBITZ;06420;1
BEESENLAUBLINGEN;06425;1
BELLEBEN;06425;1
ALSLEBEN (SAALE);06425;1
STRENZNAUNDORF;06425;1
SCHACKSTEDT;06425;1
PLÖTZKAU;06425;1
POBZIG;06429;1
WEDLITZ;06429;1
NIENBURG (SAALE);06429;1
GERBITZ;06429;1
NEUGATTERSLEBEN;06429;1
ASCHERSLEBEN KLEIN SCHIERSTEDT;06449;1
ASCHERSLEBEN WINNINGEN;06449;1
SCHADELEBEN;06449;1
GROSS SCHIERSTEDT;06449;1
SCHACKENTHAL;06449;1
WILSLEBEN;06449;1
GIERSLEBEN;06449;1
ASCHERSLEBEN;06449;1
ASCHERSLEBEN ASCHERSLEBEN;06449;1
WESTDORF;06449;1
COCHSTEDT;06449;1
FRIEDRICHSAUE;06449;1
NEU KÖNIGSAUE;06449;1
FRECKLEBEN;06456;1
MEHRINGEN;06456;1
DROHNDORF;06456;1
SANDERSLEBEN;06456;1
HETEBORN;06458;1
HAUSNEINDORF;06458;1
WEDDERSTEDT;06458;1
MEISDORF;06463;1
REINSTEDT;06463;1
ERMSLEBEN;06463;1
RADISLEBEN;06463;1
FROSE;06464;1
GATERSLEBEN;06466;1
HOYM;06467;1
NACHTERSTEDT;06469;1
DITFURT;06484;1
QUEDLINBURG;06484;1
WESTERHAUSEN;06484;1
BALLENSTEDT;06493;1
DANKERODE;06493;1
SCHIELO;06493;1
KÖNIGERODE;06493;1
HARZGERODE;06493;1
NEUDORF;06493;1
THALE;06502;1
WEDDERSLEBEN;06502;1
NEINSTEDT;06502;1
WARNSTEDT;06502;1
FRIEDRICHSBRUNN;06507;1
STECKLENBERG;06507;1
ALLRODE;06507;1
GÜNTERSBERGE;06507;1
SIPTENFELDE;06507;1
RIEDER;06507;1
TIMMENRODE;06507;1
BAD SUDERODE;06507;1
WIPPRA;06526;1
SANGERHAUSEN;06526;1
HORLA;06528;1
MARTINSRIETH;06528;1
EMSELOH;06528;1
WETTELRODE;06528;1
EDERSLEBEN;06528;1
SOTTERHAUSEN;06528;1
KLEINLEINUNGEN;06528;1
GONNA;06528;1
HACKPFÜFFEL;06528;1
OBERSDORF;06528;1
GRILLENBERG;06528;1
PÖLSFELD;06528;1
HOLDENSTEDT;06528;1
MORUNGEN;06528;1
RIESTEDT;06528;1
DREBSDORF;06528;1
ROTHA;06528;1
GROSSLEINUNGEN;06528;1
BEYERNAUMBURG;06528;1
OBERRÖBLINGEN;06528;1
LIEDERSDORF;06528;1
BENNUNGEN;06536;1
BERGA;06536;1
ROTTLEBERODE;06536;1
QUESTENBERG;06536;1
HAYN;06536;1
ROSSLA;06536;1
WICKERODE;06536;1
UFTRUNGEN;06536;1
DIETERSDORF;06536;1
TILLEDA;06537;1
KELBRA;06537;1
NIENSTEDT;06542;1
MITTELHAUSEN;06542;1
WOLFERSTEDT;06542;1
NIEDERRÖBLINGEN;06542;1
KATHARINENRIETH;06542;1
ALLSTEDT;06542;1
MOLMERSWENDE;06543;1
PANSFELDE;06543;1
ULZIGERODE;06543;1
BRAUNSCHWENDE;06543;1
STANGERODE;06543;1
WIESERODE;06543;1
ALTERODE;06543;1
ABBERODE;06543;1
FRIESDORF;06543;1
HERMERODE;06543;1
RITZGERODE;06543;1
BREITENSTEIN;06547;1
STOLBERG (HARZ);06547;1
SCHWENDA;06547;1
MOLAU;06618;1
UTENBACH;06618;1
PÖDELIST;06618;1
GÖRSCHEN;06618;1
CASEKIRCHEN;06618;1
LÖBITZ;06618;1
JANISRODA;06618;1
LEISLAU;06618;1
WETHAU;06618;1
GIECKAU;06618;1
PRIESSNITZ;06618;1
SCHÖNBURG;06618;1
ABTLÖBNITZ;06628;1
CRÖLPA-LÖBSCHÜTZ;06628;1
TAUGWITZ;06628;1
TAUGWITZ TAUGWITZ;06628;1
TAUGWITZ SPIELBERG;06628;1
BAD KÖSEN;06628;1
MÖLLERN;06628;1
ZEUCHFELD;06632;1
GRÖSSNITZ;06632;1
EBERSRODA;06632;1
FREYBURG;06632;1
SCHLEBERODA;06632;1
GRÖST;06632;1
BALGSTÄDT;06632;1
BRANDERODA;06632;1
BAUMERSRODA;06632;1
GLEINA;06632;1
BURGSCHEIDUNGEN;06636;1
KIRCHSCHEIDUNGEN;06636;1
GOLZEN;06636;1
HIRSCHRODA;06636;1
WEISCHÜTZ;06636;1
KARSDORF;06638;1
WOHLMIRSTEDT;06642;1
ALTENRODA;06642;1
MEMLEBEN;06642;1
NEBRA;06642;1
THALWINKEL;06647;1
LOSSA;06647;1
BAD BIBRA;06647;1
BURKERSRODA;06647;1
KAHLWINKEL;06647;1
SAUBACH;06647;1
KLOSTERHÄSELER;06647;1
BILLRODA;06647;1
WISCHRODA;06647;1
ECKARTSBERGA;06648;1
TROMSDORF;06648;1
HERRENGOSSERSTEDT;06648;1
BURGHOLZHAUSEN;06648;1
REICHARDTSWERBEN;06667;1
STORKAU;06667;1
PRITTITZ;06667;1
TAGEWERBEN;06667;1
PRETZSCH;06667;1
WEISSENFELS;06667;1
STÖSSEN;06667;1
UICHTERITZ;06667;1
BURGWERBEN;06667;1
MARKWERBEN;06667;1
LEISSLING;06667;1
GOSECK;06667;1
GRANSCHÜTZ;06679;1
MUSCHWITZ;06679;1
ZORBAU;06679;1
WEBAU;06679;1
HOHENMÖLSEN;06679;1
WERSCHEN;06682;1
TREBNITZ;06682;1
SCHELKAU;06682;1
NESSA;06682;1
DEUBEN;06682;1
TEUCHERN;06682;1
GRÖBEN;06682;1
RÖCKEN;06686;1
POSERNA;06686;1
RIPPACH;06686;1
GROSSGÖRSCHEN;06686;1
SÖSSEN;06686;1
DEHLITZ;06686;1
LÜTZEN;06686;1
STARSIEDEL;06686;1
WENGELSDORF;06688;1
SCHKORTLEBEN;06688;1
GROSSKORBETHA;06688;1
GEUSSNITZ;06712;1
GRANA;06712;1
ZEITZ;06712;1
SCHELLBACH;06712;1
DRASCHWITZ;06712;1
WÜRCHWITZ;06712;1
DÖSCHWITZ;06712;1
BERGISDORF;06712;1
HAYNSBURG;06712;1
BORNITZ;06712;1
DROSSDORF;06712;1
KRETZSCHAU;06712;1
KÖNDERITZ;06712;1
HEUCKEWALDE;06712;1
GÖBITZ;06712;1
GOLDSCHAU;06721;1
MEINEWEH;06721;1
UNTERKAKA;06721;1
WALDAU;06721;1
OSTERFELD;06721;1
WEICKELSDORF;06722;1
KLEINHELMSDORF;06722;1
WETTERZEUBE;06722;1
DROYSSIG;06722;1
BRÖCKAU;06724;1
KAYNA;06724;1
SPORA;06724;1
PROFEN;06725;1
LUCKENAU;06727;1
NONNEWITZ;06727;1
DÖBRIS;06727;1
THEISSEN;06727;1
REHMSDORF;06729;1
TRÖGLITZ;06729;1
BITTERFELD-WOLFEN;06731;1
BITTERFELD;06749;1
BOBBAU;06766;1
WOLFEN;06766;1
RÖDGEN;06766;1
THALHEIM;06766;1
GRÄFENHAINICHEN;06773;1
RADIS;06773;1
JÜDENBERG;06773;1
GRÖBERN;06773;1
ROTTA;06773;1
SCHKÖNA;06773;1
UTHAUSEN;06773;1
KEMBERG KLITZSCHENA;06773;1
GOSSA;06773;1
KEMBERG BERGWITZ;06773;1
PLODDA;06774;1
POUCH;06774;1
SCHWEMSAL;06774;1
RÖSA;06774;1
SCHLAITZ;06774;1
MÜHLBECK;06774;1
KRINA;06774;1
SÖLLICHAU;06774;1
THURLAND;06779;1
SALZFURTKAPELLE;06779;1
SCHIERAU;06779;1
RETZAU;06779;1
RAGUHN;06779;1
MARKE;06779;1
STUMSDORF;06780;1
LÖBERITZ;06780;1
SPÖREN;06780;1
GÖTTNITZ;06780;1
ZÖRBIG;06780;1
QUETZDÖLSDORF;06780;1
GROSSZÖBERITZ;06780;1
SCHRENZ;06780;1
SANDERSDORF HEIDELOH;06780;1
HORSTDORF;06785;1
ORANIENBAUM;06785;1
KAKAU;06785;1
SCHLEESEN;06785;1
BRANDHORST;06785;1
GOHRAU;06786;1
WÖRLITZ;06786;1
REHSEN;06786;1
VOCKERODE;06786;1
GRIESEN;06786;1
RIESIGK;06786;1
MÖHLAU;06791;1
ZSCHORNEWITZ;06791;1
SANDERSDORF SANDERSDORF;06792;1
SANDERSDORF ZSCHERNDORF;06794;1
SANDERSDORF RENNERITZ;06794;1
SANDERSDORF RAMSIN;06794;1
GLEBITZSCH;06794;1
BREHNA;06796;1
JESSNITZ;06800;1
ALTJESSNITZ;06800;1
GREPPIN;06803;1
MULDENSTEIN;06804;1
BURGKEMNITZ;06804;1
HOLZWEISSIG;06808;1
ROITZSCH;06809;1
PETERSRODA;06809;1
DESSAU-ROSSLAU;06861;1
ROSSLAU;06862;1
BRAMBACH;06862;1
RODLEBEN;06862;1
THIESSEN;06868;1
BRÄSEN;06868;1
STACKELITZ;06868;1
SERNO;06868;1
HUNDELUFT;06868;1
JEBER-BERGFRIEDEN;06868;1
RAGÖSEN;06868;1
KLIEKEN;06869;1
DÜBEN;06869;1
MÖLLENSDORF;06869;1
SENST;06869;1
KÖSELITZ;06869;1
WÖRPEN;06869;1
GRIEBO;06869;1
BUKO;06869;1
ZIEKO;06869;1
COBBELSDORF;06869;1
DABRUN;06888;1
DIETRICHSDORF;06888;1
ZÖRNIGALL;06888;1
EUTZSCH;06888;1
ABTSDORF;06888;1
MÜHLANGER;06888;1
ZAHNA;06895;1
BÜLZIG;06895;1
RAHNSDORF;06895;1
BOSSDORF;06895;1
KROPSTÄDT;06895;1
LEETZA;06895;1
SCHMILKENDORF;06896;1
NUDERSDORF;06896;1
STRAACH;06896;1
SCHNELLIN;06901;1
DORNA;06901;1
RACKITH;06901;1
GLOBIG-BLEDDIN;06901;1
KEMBERG KEMBERG;06901;1
ATERITZ;06901;1
WARTENBURG;06901;1
KORGAU;06905;1
MEURO;06905;1
BAD SCHMIEDEBERG;06905;1
PRIESITZ;06909;1
TREBITZ;06909;1
PRETZSCH/ELBE;06909;1
JESSEN (ELSTER) LEIPA;06917;1
JESSEN (ELSTER) KLEINKORGA;06917;1
JESSEN (ELSTER) NEUERSTADT;06917;1
JESSEN (ELSTER) SCHWEINITZ;06917;1
KLÖDEN;06917;1
JESSEN (ELSTER) GRABO;06917;1
JESSEN (ELSTER) LINDWERDER;06917;1
JESSEN (ELSTER) MORXDORF;06917;1
JESSEN (ELSTER) KREMITZ;06917;1
JESSEN (ELSTER) LINDA;06917;1
JESSEN (ELSTER) BUSCHKUHNSDORF;06917;1
JESSEN (ELSTER) MELLNITZ;06917;1
JESSEN (ELSTER) BATTIN;06917;1
JESSEN (ELSTER) KLOSSA;06917;1
JESSEN (ELSTER) RADE;06917;1
JESSEN (ELSTER) LÜTTCHENSEYDA;06917;1
JESSEN (ELSTER) GROSSKORGA;06917;1
JESSEN (ELSTER) STEINSDORF;06917;1
JESSEN (ELSTER) GENTHA;06917;1
JESSEN (ELSTER) SCHÖNEICHO;06917;1
JESSEN (ELSTER) MÖNCHENHÖFE;06917;1
JESSEN (ELSTER) ARNSDORF;06917;1
SCHÜTZBERG;06917;1
JESSEN (ELSTER) HOLZDORF;06917;1
JESSEN (ELSTER) SCHADEWALDE;06917;1
JESSEN (ELSTER) REICHO;06917;1
JESSEN (ELSTER) KLEINDRÖBEN;06917;1
JESSEN (ELSTER) RUHLSDORF;06917;1
JESSEN (ELSTER) JESSEN (ELSTER);06917;1
JESSEN (ELSTER) GERBISBACH;06917;1
JESSEN (ELSTER);06917;1
JESSEN (ELSTER) MÜGELN;06917;1
JESSEN (ELSTER) MARK ZWUSCHEN;06917;1
JESSEN (ELSTER) GORSDORF-HEMSENDORF;06917;1
JESSEN (ELSTER) DÜSSNITZ;06917;1
JESSEN (ELSTER) DIXFÖRDA;06917;1
LISTERFEHRDA;06918;1
MELLNITZ;06918;1
MORXDORF;06918;1
ELSTER/ELBE;06918;1
NAUNDORF BEI SEYDA;06918;1
GENTHA;06918;1
GADEGAST;06918;1
JESSEN (ELSTER) SEYDA;06918;1
ZEMNICK;06918;1
PRETTIN;06922;1
LABRUN;06922;1
PLOSSIG;06922;1
AXIEN;06922;1
LEBIEN;06922;1
LÖBEN;06925;1
PURZIEN;06925;1
GROSS NAUNDORF;06925;1
BETHAU;06925;1
ANNABURG;06925;1
REICHO;06926;1
MÖNCHENHÖFE;06926;1
BUSCHKUHNSDORF;06926;1
KLEINKORGA;06926;1
NEUERSTADT;06926;1
PREMSENDORF;06926;1
LINDA (ELSTER);06928;1
SCHOLLENE;14715;1
SALZWEDEL;29410;1
WALLSTAWE;29413;1
OSTERWOHLE;29413;1
LAGENDORF;29413;1
HENNINGEN;29413;1
TYLSEN;29413;1
GIESERITZ;29413;1
LANGENAPEL;29413;1
BORNSEN;29413;1
DÄHRE;29413;1
FLECKEN DIESDORF;29413;1
MEHMKE;29413;1
NEUEKRUG;29413;1
SEEBENAU;29413;1
BONESE;29413;1
KERKAU;29416;1
VALFITZ;29416;1
BEETZENDORF GISCHAU;29416;1
KLEIN GARTZ;29416;1
SALZWEDEL STAPPENBECK;29416;1
VISSUM;29416;1
KUHFELDE;29416;1
LIESTEN;29416;1
SIEDENLANGENBECK;29416;1
BENKENDORF;29416;1
ALTENSALZWEDEL;29416;1
PRETZIER;29416;1
KAULITZ;29416;1
BIERSTEDT;29416;1
JEGGELEBEN;29416;1
FLEETMARK;29416;1
RADEMIN;29416;1
RIEBAU;29416;1
STEINITZ;29416;1
PÜGGEN;29416;1
BINDE;29416;1
WINTERFELD;29416;1
MECHAU;29416;1
WIEBLITZ-EVERSDORF;29416;1
IMMEKATH;38486;1
WENZE;38486;1
KLÖTZE;38486;1
KUNRAU;38486;1
JAHRSTEDT;38486;1
KUSEY;38486;1
BANDAU;38486;1
RISTEDT;38486;1
NEUFERCHAU;38486;1
STEIMKE;38486;1
FLECKEN APENBURG;38486;1
DÖNITZ;38486;1
HOHENTRAMM;38489;1
JEEBEN;38489;1
HANUM;38489;1
AHLUM;38489;1
MELLIN;38489;1
BEETZENDORF;38489;1
NETTGAU;38489;1
JÜBAR;38489;1
TANGELN;38489;1
LÜDELSEN;38489;1
HALBERSTADT;38820;1
STRÖBECK;38822;1
ATHENSTEDT;38822;1
SARGSTEDT;38822;1
GROSS QUENSTEDT;38822;1
ASPENSTEDT;38822;1
WEGELEBEN;38828;1
HARSLEBEN;38829;1
SCHAUEN;38835;1
OSTERODE;38835;1
WÜLPERODE;38835;1
BERSSEL;38835;1
ZILLY;38835;1
BÜHNE;38835;1
OSTERWIECK;38835;1
LÜTTGENRODE;38835;1
DEERSHEIM;38835;1
RHODEN;38835;1
ROHRSHEIM;38836;1
PABSTORF;38836;1
VOGELSDORF;38836;1
ANDERBECK;38836;1
BADERSLEBEN;38836;1
HUY-NEINSTEDT;38836;1
DEDELEBEN;38836;1
DARDESHEIM;38836;1
SCHLANSTEDT;38838;1
EILENSTEDT;38838;1
DINGELSTEDT;38838;1
EILSDORF;38838;1
HEUDEBER;38855;1
WERNIGERODE;38855;1
REDDEBER;38855;1
SCHMATZFELD;38855;1
DANSTEDT;38855;1
ABBENRODE;38871;1
DRÜBECK;38871;1
STAPELBURG;38871;1
ILSENBURG;38871;1
WASSERLEBEN;38871;1
VECKENSTEDT;38871;1
DARLINGERODE;38871;1
SORGE;38875;1
ELEND;38875;1
KÖNIGSHÜTTE;38875;1
TANNE;38875;1
BENNECKENSTEIN;38877;1
SCHIERKE;38879;1
HÜTTENRODE;38889;1
TRESEBURG;38889;1
WIENRODE;38889;1
CATTENSTEDT;38889;1
ALTENBRAK;38889;1
HEIMBURG;38889;1
RÜBELAND;38889;1
LANGENSTEIN;38895;1
DERENBURG;38895;1
TRAUTENSTEIN;38899;1
HASSELFELDE;38899;1
STIEGE;38899;1
KLEIN WANZLEBEN;39164;1
DOMERSLEBEN;39164;1
WANZLEBEN;39164;1
BOTTMERSDORF;39164;1
NIEDERNDODELEBEN;39167;1
KLEIN RODENSLEBEN;39167;1
IRXLEBEN;39167;1
OCHTMERSLEBEN;39167;1
GROSS RODENSLEBEN;39167;1
HOHENDODELEBEN;39167;1
EICHENBARLEBEN;39167;1
SÜLZETAL;39171;1
WAHLITZ;39175;1
GÜBS;39175;1
BIEDERITZ;39175;1
MENZ;39175;1
GERWISCH;39175;1
KÖNIGSBORN;39175;1
KÖRBELITZ;39175;1
BARLEBEN EBENDORF;39179;1
BARLEBEN BARLEBEN;39179;1
GROSSMÜHLINGEN;39221;1
EGGERSDORF;39221;1
BIERE;39221;1
KLEINMÜHLINGEN;39221;1
RANIES;39221;1
ZENS;39221;1
WELSLEBEN;39221;1
ZUCHAU;39240;1
LÖDDERITZ;39240;1
GROSS ROSENBURG;39240;1
GLÖTHE;39240;1
SACHSENDORF;39240;1
BRUMBY;39240;1
BREITENHAGEN;39240;1
CALBE;39240;1
DANNIGKOW;39245;1
PLÖTZKY;39245;1
PRETZIEN;39245;1
GOMMERN;39245;1
PÖMMELTE;39249;1
BARBY;39249;1
TORNITZ;39249;1
GNADAU;39249;1
WESPEN;39249;1
ZERBST;39261;1
LEPS;39264;1
GÜTERGLÜCK;39264;1
DOBRITZ;39264;1
MORITZ;39264;1
POLENZKO;39264;1
BIAS;39264;1
GÖDNITZ;39264;1
WALTERNIENBURG;39264;1
ZERNITZ;39264;1
HOHENLEPTE;39264;1
PRÖDEL;39264;1
BORNUM;39264;1
LUSO;39264;1
BUHLENDORF;39264;1
JÜTRICHAU;39264;1
NUTHA;39264;1
STRAGUTH;39264;1
STEUTZ;39264;1
GRIMME;39264;1
LADEBURG;39279;1
HOBECK;39279;1
LOBURG;39279;1
LEITZKAU;39279;1
ROSIAN;39279;1
SCHWEINITZ;39279;1
ZEPPERNICK;39279;1
THEESSEN;39291;1
BÜDEN;39291;1
HOHENWARTHE;39291;1
SCHOPSDORF;39291;1
LOSTAU;39291;1
DÖRNITZ;39291;1
PARCHAU;39291;1
RIETZEL;39291;1
SCHERMEN;39291;1
STEGELITZ;39291;1
LÜBARS;39291;1
WÜSTENJERICHOW;39291;1
VEHLITZ;39291;1
MÖSER;39291;1
ZIEPEL;39291;1
IHLEBURG;39291;1
HOHENZIATZ;39291;1
FRIEDENSAU;39291;1
KÜSEL;39291;1
DETERSHAGEN;39291;1
WÖRMLITZ;39291;1
KRÜSSAU;39291;1
REESEN;39291;1
TRYPPEHNA;39291;1
MAGDEBURGERFORTH;39291;1
ZEDDENICK;39291;1
SCHARTAU;39291;1
STRESOW;39291;1
NIEGRIPP;39291;1
PIETZPUHL;39291;1
KARITH;39291;1
SCHLAGENTHIN;39307;1
KADE;39307;1
PAPLITZ;39307;1
TUCHEIM;39307;1
PARCHEN;39307;1
KLITSCHE;39307;1
BRETTIN;39307;1
ZABAKUCK;39307;1
GENTHIN;39307;1
GLADAU;39307;1
MÜTZEL;39307;1
DEMSIN;39307;1
REDEKIN;39319;1
WULKOW;39319;1
JERICHOW;39319;1
NIELEBOCK;39319;1
ROGÄTZ;39326;1
GLINDENBERG;39326;1
COLBITZ;39326;1
SAMSWEGEN;39326;1
ANGERN;39326;1
DAHLENWARSLEBEN;39326;1
JERSLEBEN;39326;1
ZIELITZ;39326;1
WOLMIRSTEDT;39326;1
HOHENWARSLEBEN;39326;1
GROSS AMMENSLEBEN;39326;1
BARLEBEN MEITZENDORF;39326;1
GUTENSWEGEN;39326;1
HEINRICHSBERG;39326;1
FARSLEBEN;39326;1
KLEIN AMMENSLEBEN;39326;1
LOITSCHE;39326;1
HALDENSLEBEN;39340;1
ACKENDORF;39343;1
OSTINGERSLEBEN;39343;1
HILLERSLEBEN;39343;1
SÜPLINGEN;39343;1
SCHACKENSLEBEN;39343;1
GROSS SANTERSLEBEN;39343;1
NORDGERMERSLEBEN;39343;1
SCHWANEFELD;39343;1
ALLERINGERSLEBEN;39343;1
ALTENHAUSEN;39343;1
UHRSLEBEN;39343;1
HAKENSTEDT;39343;1
IVENRODE;39343;1
BARTENSLEBEN;39343;1
EIMERSLEBEN;39343;1
ROTTMERSLEBEN;39343;1
BEENDORF;39343;1
BREGENSTEDT;39343;1
MORSLEBEN;39343;1
BEBERTAL;39343;1
WIEGLITZ;39345;1
NEUENHOFE;39345;1
FLECHTINGEN;39345;1
BORN;39345;1
BÜLSTRINGEN;39345;1
VAHLDORF;39345;1
WEFERLINGEN;39356;1
SIESTEDT;39356;1
SEGGERDE;39356;1
HÖRSINGEN;39356;1
HÖDINGEN;39356;1
BEHNSDORF;39356;1
ESCHENRODE;39356;1
DÖHREN;39356;1
BELSDORF;39356;1
GRAUINGEN;39359;1
WEGENSTEDT;39359;1
MANNHAUSEN;39359;1
KATHENDORF;39359;1
BÖDDENSELL;39359;1
ETINGEN;39359;1
EVERINGEN;39359;1
VELSDORF;39359;1
CALVÖRDE;39359;1
DREILEBEN;39365;1
EILSLEBEN;39365;1
OVELGÜNNE;39365;1
DRACKENSTEDT;39365;1
WEFENSLEBEN;39365;1
HARBKE;39365;1
MARIENBORN;39365;1
WORMSDORF;39365;1
EGGENSTEDT;39365;1
DRUXBERGE;39365;1
SCHERMCKE;39387;1
ALTBRANDSLEBEN;39387;1
WULFERSTEDT;39387;1
AM GROSSEN BRUCH NEUWEGERSLEBEN;39387;1
HORNHAUSEN;39387;1
OSCHERSLEBEN;39387;1
AMPFURTH;39387;1
VÖLPKE;39393;1
HÖTENSLEBEN;39393;1
AM GROSSEN BRUCH HAMERSLEBEN;39393;1
AUSLEBEN;39393;1
OHRSLEBEN;39393;1
WACKERSLEBEN;39393;1
AM GROSSEN BRUCH GUNSLEBEN;39393;1
BARNEBERG;39393;1
KROPPENSTEDT;39397;1
GRÖNINGEN;39397;1
GROSS GERMERSLEBEN;39398;1
ALIKENDORF;39398;1
KLEIN OSCHERSLEBEN;39398;1
PESECKENDORF;39398;1
HADMERSLEBEN;39398;1
STASSFURT;39418;1
NEUNDORF (ANHALT);39418;1
HECKLINGEN BEI STASSFURT;39434;1
TARTHUN;39435;1
GROSS BÖRNECKE;39435;1
BORNE;39435;1
UNSEBURG;39435;1
SCHNEIDLINGEN;39435;1
WOLMIRSLEBEN;39435;1
EGELN;39435;1
GÜSTEN;39439;1
AMESDORF;39439;1
HOHENERXLEBEN;39443;1
ATZENDORF;39443;1
FÖRDERSTEDT;39443;1
HECKLINGEN;39444;1
LÖDERBURG;39446;1
ETGERSLEBEN;39448;1
WESTEREGELN;39448;1
HAKEBORN;39448;1
SANDBEIENDORF;39517;1
DOLLE;39517;1
MAHLWINKEL;39517;1
BERTINGEN;39517;1
WEISSEWARTE;39517;1
BIRKHOLZ;39517;1
BÖLSDORF;39517;1
RINGFURTH;39517;1
SCHELLDORF;39517;1
KEHNERT;39517;1
WENDDORF;39517;1
SCHERNEBECK;39517;1
COBBEL;39517;1
LÜDERITZ;39517;1
UCHTDORF;39517;1
CRÖCHERN;39517;1
BURGSTALL;39517;1
UETZ;39517;1
SCHÖNWALDE (ALTMARK);39517;1
TANGERHÜTTE;39517;1
BITTKAU;39517;1
SCHÖNHAUSEN (ELBE);39524;1
WULKAU;39524;1
KAMERN;39524;1
MANGELSDORF;39524;1
KUHLHAUSEN;39524;1
KLIETZ;39524;1
NEUERMARK-LÜBARS;39524;1
HOHENGÖHREN;39524;1
SANDAU (ELBE);39524;1
FISCHBECK (ELBE);39524;1
HAVELBERG;39539;1
STENDAL;39576;1
QUERSTEDT;39579;1
ROCHAU;39579;1
SCHÄPLITZ;39579;1
HÜSELITZ;39579;1
SCHINNE;39579;1
WINDBERGE;39579;1
DEMKER;39579;1
GARLIPP;39579;1
WITTENMOOR;39579;1
SCHERNIKAU;39579;1
UENGLINGEN;39579;1
GROBLEBEN;39579;1
GROSS SCHWECHTEN;39579;1
KLEIN SCHWECHTEN;39579;1
STORKAU (ELBE);39590;1
HÄMERTEN;39590;1
MILTERN;39590;1
LANGENSALZWEDEL;39590;1
HEEREN;39590;1
TANGERMÜNDE;39590;1
ARNEBURG;39596;1
SCHWARZHOLZ;39596;1
ALTENZAUN;39596;1
BERTKOW;39596;1
JARCHAU;39596;1
BABEN;39596;1
LINDTORF;39596;1
HASSEL;39596;1
HINDENBURG;39596;1
SANNE;39596;1
EICHSTEDT (ALTMARK);39596;1
HOHENBERG-KRUSEMARK;39596;1
GOLDBECK;39596;1
MÖRINGEN;39599;1
INSEL;39599;1
STEINFELD (ALTMARK);39599;1
KÄTHEN;39599;1
VINZELBERG;39599;1
STAATS;39599;1
VOLGFELDE;39599;1
UCHTSPRINGE;39599;1
NAHRSTEDT;39599;1
HEILIGENFELDE;39606;1
KREVESE;39606;1
KLEINAU;39606;1
BRETSCH;39606;1
LÜCKSTEDT;39606;1
SANDAUERHOLZ;39606;1
DÜSEDAU;39606;1
SCHORSTEDT;39606;1
GLADIGAU;39606;1
SANNE-KERKUHN;39606;1
HOHENWULSCH;39606;1
KOSSEBAU;39606;1
OSTERBURG;39606;1
IDEN;39606;1
GAGEL;39606;1
FLESSAU;39606;1
DOBBERKAU;39606;1
KÖNIGSMARK;39606;1
BALLERSTEDT;39606;1
GEESTGOTTBERG;39615;1
WANZER;39615;1
LOSENRADE;39615;1
WAHRENBERG;39615;1
BEUSTER;39615;1
GROSS GARZ;39615;1
POLLITZ;39615;1
AULOSEN;39615;1
LEPPIN;39615;1
HÖWISCH;39615;1
KRÜDEN;39615;1
GOLLENSDORF;39615;1
LICHTERFELDE;39615;1
WENDEMARK;39615;1
LOSSE;39615;1
NEUKIRCHEN (ALTMARK);39615;1
WERBEN (ELBE);39615;1
THIELBEER;39619;1
SCHRAMPE;39619;1
ARENDSEE;39619;1
ZIEMENDORF;39619;1
BERKAU;39624;1
ZETHLINGEN;39624;1
PACKEBUSCH;39624;1
MESSDORF;39624;1
KAHRSTEDT;39624;1
BADEL;39624;1
BÜSTE;39624;1
KAKERBECK;39624;1
WINKELSTEDT;39624;1
GÜSSEFELD;39624;1
ALTMERSLEBEN;39624;1
KREMKAU;39624;1
BRUNAU;39624;1
JEETZE;39624;1
VIENAU;39624;1
WERNSTEDT;39624;1
NEUENDORF AM DAMM;39624;1
KALBE (MILDE);39624;1
BISMARK (ALTMARK);39628;1
HOLZHAUSEN;39629;1
KÖNNIGDE;39629;1
GARDELEGEN;39638;1
ROXFÖRDE;39638;1
ENGERSEN;39638;1
LINDSTEDT;39638;1
POTZEHNE;39638;1
BERENBROCK;39638;1
SEETHEN;39638;1
HOTTENDORF;39638;1
WIEPKE;39638;1
KASSIECK;39638;1
WANNEFELD;39638;1
ZICHTAU;39638;1
ESTEDT;39638;1
DORST;39638;1
KLOSTER NEUENDORF;39638;1
ZOBBENITZ;39638;1
LETZLINGEN;39638;1
ALGENSTEDT;39638;1
JESERITZ;39638;1
KLÜDEN;39638;1
SOLPKE;39638;1
JÄVENITZ;39638;1
SCHWIESAU;39638;1
HEMSTEDT;39638;1
SCHENKENHORST;39638;1
OEBISFELDE;39646;1
DANNEFELD;39649;1
PECKFITZ;39649;1
KÖCKTE;39649;1
SACHAU;39649;1
MIESTERHORST;39649;1
SICHAU;39649;1
MIESTE;39649;1
JEGGAU;39649;1
ALTENBURG;04600;1
NOBITZ;04603;1
WINDISCHLEUBA;04603;1
MEUSELWITZ;04610;1
WINTERSDORF;04610;1
LUCKA;04613;1
LÖDLA;04617;1
TREBEN;04617;1
GROSSRÖDA;04617;1
MONSTAB;04617;1
TEGKWITZ;04617;1
ROSITZ;04617;1
GERSTENBERG;04617;1
STARKENBERG;04617;1
FOCKENDORF;04617;1
KRIEBITZSCH;04617;1
FROHNSDORF;04618;1
LANGENLEUBA-NIEDERHAIN;04618;1
GÖPFERSDORF;04618;1
JÜCKELBERG;04618;1
ZIEGELHEIM;04618;1
JONASWALDE;04626;1
HEUKEWALDE;04626;1
SCHMÖLLN;04626;1
MEHNA;04626;1
ALTKIRCHEN;04626;1
DOBITSCHEN;04626;1
LUMPZIG;04626;1
NÖBDENITZ;04626;1
VOLLMERSHAIN;04626;1
WILDENBÖRTEN;04626;1
THONHAUSEN;04626;1
POSTERSTEIN;04626;1
LÖBICHAU;04626;1
DROGEN;04626;1
GÖSSNITZ;04639;1
SCHÖNEWERDA;06556;1
KALBSRIETH;06556;1
VOIGTSTEDT;06556;1
ARTERN;06556;1
HEYGENDORF;06556;1
MÖNCHPFIFFEL-NIKOLAUSRIETH;06556;1
ICHSTEDT;06556;1
BRETLEBEN;06556;1
BORXLEBEN;06556;1
BAD FRANKENHAUSEN;06567;1
ROSSLEBEN;06571;1
NAUSITZ;06571;1
WIEHE;06571;1
DONNDORF;06571;1
GEHOFEN;06571;1
HAUTERODA;06577;1
HELDRUNGEN;06577;1
HEMLEBEN;06577;1
OBERHELDRUNGEN;06577;1
GORSLEBEN;06577;1
ETZLEBEN;06577;1
BILZINGSLEBEN;06578;1
OLDISLEBEN;06578;1
KANNAWURF;06578;1
SAALFELD/SAALE;07318;1
ARNSGEREUTH;07318;1
MARKTGÖLITZ;07330;1
PROBSTZELLA;07330;1
UNTERWELLENBORN;07333;1
GOSSWITZ;07334;1
KAMSDORF;07334;1
KÖNITZ;07336;1
BIRKIGT;07336;1
HOHENWARTE;07338;1
ALTENBEUTHEN;07338;1
LEUTENBERG;07338;1
KAULSDORF;07338;1
DROGNITZ;07338;1
WURZBACH;07343;1
LOBENSTEIN;07356;1
NEUNDORF (BEI LOBENSTEIN);07356;1
BIRKENHÜGEL;07366;1
HARRA;07366;1
POTTIGA;07366;1
BLANKENSTEIN;07366;1
REMPTENDORF;07368;1
DÖBRITZ;07381;1
MOXA;07381;1
OBEROPPURG;07381;1
LANGENORLA;07381;1
NIMRITZ;07381;1
PASKA;07381;1
OPPURG;07381;1
BODELWITZ;07381;1
WERNBURG;07381;1
PÖSSNECK;07381;1
SOLKWITZ;07381;1
KRÖLPA;07387;1
LAUSNITZ BEI PÖSSNECK;07387;1
SEISLA;07389;1
QUASCHWITZ;07389;1
SCHMORDA;07389;1
GERTEWITZ;07389;1
KNAU;07389;1
RANIS;07389;1
PEUSCHEN;07389;1
GÖSSITZ;07389;1
GROBENGEREUTH;07389;1
KEILA;07389;1
GROSSKOCHBERG;07407;1
RUDOLSTADT;07407;1
UHLSTÄDT-KIRCHHASEL;07407;1
REMDA-TEICHEL;07407;1
HEILINGEN;07407;1
ROTTENBACH;07422;1
BAD BLANKENBURG;07422;1
SAALFELDER HÖHE;07422;1
DRÖBISCHAU;07426;1
OBERHAIN;07426;1
BECHSTEDT;07426;1
KÖNIGSEE;07426;1
SCHWARZBURG;07427;1
DÖSCHNITZ;07429;1
SITZENDORF;07429;1
KAUERN;07554;1
BETHENHAUSEN;07554;1
SCHWAARA;07554;1
PÖLZIG;07554;1
KORBUSSEN;07554;1
BRAHMENAU;07554;1
ZEDLITZ;07557;1
HARTH-PÖLLNITZ KÖFELN;07557;1
BOCKA;07557;1
CRIMLA;07557;1
HARTH-PÖLLNITZ KÖCKRITZ;07557;1
HUNDHAUPTEN;07557;1
STEINSDORF;07570;1
HARTH-PÖLLNITZ BURKERSDORF;07570;1
HARTH-PÖLLNITZ NIEDERPÖLLNITZ;07570;1
HARTH-PÖLLNITZ FRIESSNITZ;07570;1
HARTH-PÖLLNITZ NEUNDORF;07570;1
HARTH-PÖLLNITZ GROCHWITZ;07570;1
HARTH-PÖLLNITZ ROHNA;07570;1
HARTH-PÖLLNITZ FORSTWOLFERSDORF;07570;1
HARTH-PÖLLNITZ NONNENDORF;07570;1
HARTH-PÖLLNITZ WETZDORF;07570;1
HARTH-PÖLLNITZ BIRKIGT;07570;1
HARTH-PÖLLNITZ UHLERSDORF;07570;1
WÜNSCHENDORF;07570;1
ENDSCHÜTZ;07570;1
TEICHWITZ;07570;1
WEIDA;07570;1
HOHENÖLSEN;07570;1
BRAUNICHSWALDE;07580;1
PAITZDORF;07580;1
GAUERN;07580;1
REICHSTÄDT;07580;1
SEELINGSTÄDT;07580;1
GROSSENSTEIN;07580;1
LINDA BEI WEIDA;07580;1
BAD KÖSTRITZ;07586;1
KRAFTSDORF;07586;1
CAASCHWITZ;07586;1
MÜNCHENBERNSDORF;07589;1
LEDERHOSE;07589;1
HARTH-PÖLLNITZ GROSSEBERSDORF;07589;1
HARTH-PÖLLNITZ BIRKHAUSEN;07589;1
HARTH-PÖLLNITZ STRUTH;07589;1
LINDENKREUZ;07589;1
HAINSPITZ;07607;1
GÖSEN;07607;1
HEIDELAND;07607;1
SILBITZ;07613;1
WALPERNHAIN;07613;1
RAUDA;07613;1
SEIFARTSDORF;07613;1
CROSSEN AN DER ELSTER;07613;1
NAUSNITZ;07616;1
RAUSCHWITZ;07616;1
SERBA;07616;1
BÜRGEL;07616;1
GRAITSCHEN BEI BÜRGEL;07616;1
SCHKÖLEN;07619;1
SANKT GANGLOFF;07629;1
SCHLEIFREISEN;07629;1
BAD KLOSTERLAUSNITZ;07639;1
TAUTENHAIN;07639;1
TISSA;07646;1
RENTHENDORF;07646;1
EINEBORN;07646;1
KARLSDORF;07646;1
SCHÖNGLEINA;07646;1
MEUSEBACH;07646;1
LAASDORF;07646;1
GROSSBOCKEDRA;07646;1
SCHEIDITZ;07646;1
TRÖBNITZ;07646;1
BOBECK;07646;1
LIPPERSDORF-ERDMANNSDORF;07646;1
STADTRODA;07646;1
OBERBODNITZ;07646;1
QUIRLA;07646;1
TAUTENDORF;07646;1
UNTERBODNITZ;07646;1
GNEUS;07646;1
BOLLBERG;07646;1
KLEINBOCKEDRA;07646;1
BREMSNITZ;07646;1
GEISENHAIN;07646;1
SCHLÖBEN;07646;1
RUTTERSDORF-LOTSCHEN;07646;1
TROCKENBORN-WOLFERSDORF;07646;1
KLEINEBERSDORF;07646;1
LÖBERSCHÜTZ;07751;1
JENALÖBNITZ;07751;1
GROSSLÖBICHAU;07751;1
GOLMSDORF;07751;1
MILDA;07751;1
SULZA;07751;1
GROSSPÜRSCHÜTZ;07751;1
ROTHENSTEIN;07751;1
ZÖLLNITZ;07751;1
SCHÖPS;07768;1
LINDIG;07768;1
REINSTÄDT;07768;1
GROSSEUTERSDORF;07768;1
ALTENBERGA;07768;1
KLEINEUTERSDORF;07768;1
HUMMELSHAIN;07768;1
FREIENORLA;07768;1
ORLAMÜNDE;07768;1
GUMPERDA;07768;1
SEITENRODA;07768;1
THIERSCHNECK;07774;1
FRAUENPRIESSNITZ;07774;1
CAMBURG;07774;1
WICHMAR;07774;1
TAUTENBURG;07778;1
DORNDORF-STEUDNITZ;07778;1
ZIMMERN;07778;1
NEUENGÖNNA;07778;1
DREBA;07806;1
WEIRA;07806;1
LAUSNITZ BEI NEUSTADT AN DER ORLA;07806;1
NEUSTADT AN DER ORLA;07806;1
TRIPTIS;07819;1
TÖMMELSDORF;07819;1
DREITZSCH;07819;1
LEMNITZ;07819;1
ROSENDORF;07819;1
MIESITZ;07819;1
PILLINGSDORF;07819;1
SCHMIERITZ;07819;1
MITTELPÖLLNITZ;07819;1
LINDA BEI NEUSTADT AN DER ORLA;07819;1
OETTERSDORF;07907;1
PÖRMITZ;07907;1
SCHLEIZ;07907;1
TEGAU;07907;1
PLOTHEN;07907;1
DRAGENSDORF;07907;1
GÖRKWITZ;07907;1
GÖSCHITZ;07907;1
DITTERSDORF;07907;1
LÖHMA;07907;1
KIRSCHKAU;07919;1
TANNA;07922;1
ESSBACH;07924;1
NEUNDORF (BEI SCHLEIZ);07924;1
ZIEGENRÜCK;07924;1
VOLKMANNSDORF;07924;1
ZADELSDORF;07937;1
ZEULENRODA;07937;1
LANGENWOLSCHENDORF;07937;1
SILBERFELD;07937;1
GÖHREN-DÖHLEN;07950;1
TRIEBES;07950;1
STAITZ;07950;1
WIEBELSDORF;07950;1
WEISSENDORF;07950;1
AUMA;07955;1
BRAUNSDORF;07955;1
HAIN;07957;1
LANGENWETZENDORF;07957;1
HOHENLEUBEN;07958;1
GREIZ;07973;1
BERGA/ELSTER;07980;1
NEUGERNSDORF;07980;1
NEUMÜHLE;07980;1
KÜHDORF;07980;1
WILDETAUBE;07980;1
LUNZIG;07980;1
MOHLSDORF;07987;1
TEICHWOLFRAMSDORF;07989;1
WÖLFERBÜTT;36404;1
OECHSEN;36404;1
VÖLKERSHAUSEN;36404;1
VACHA;36404;1
UNTERBREIZBACH;36414;1
GEISA;36419;1
BUTTLAR;36419;1
ROCKENSTUHL;36419;1
GERSTENGRUND;36419;1
MOORGRUND;36433;1
IMMELBORN;36433;1
BAD SALZUNGEN;36433;1
SCHWEINA;36448;1
BAD LIEBENSTEIN;36448;1
KLINGS;36452;1
ZELLA;36452;1
NEIDHARTSHAUSEN;36452;1
EMPFERTSHAUSEN;36452;1
BRUNNHARTSHAUSEN;36452;1
FISCHBACH/RHÖN;36452;1
ANDENHAUSEN;36452;1
KALTENLENGSFELD;36452;1
KALTENNORDHEIM;36452;1
BARCHFELD;36456;1
WEILAR;36457;1
URNSHAUSEN;36457;1
STADTLENGSFELD;36457;1
FRAUENSEE;36460;1
DORNDORF;36460;1
MERKERS-KIESELBACH;36460;1
DERMBACH;36466;1
WIESENTHAL;36466;1
TIEFENORT;36469;1
SICKERODE;37308;1
REINHOLTERODE;37308;1
WIESENFELD;37308;1
KELLA;37308;1
GEISLEDEN;37308;1
WINGERODE;37308;1
BODENRODE-WESTHAUSEN;37308;1
GLASEHAUSEN;37308;1
SCHIMBERG;37308;1
HOHES KREUZ;37308;1
HEILBAD HEILIGENSTADT;37308;1
VOLKERODE;37308;1
PFAFFSCHWENDE;37308;1
GEISMAR;37308;1
HEUTHEN;37308;1
BORNHAGEN;37318;1
WAHLHAUSEN;37318;1
WÜSTHEUTERODE;37318;1
BIRKENFELDE;37318;1
DIETZENRODE-VATTERODE;37318;1
GERBERSHAUSEN;37318;1
ASBACH-SICKENBERG;37318;1
THALWENDEN;37318;1
BERNTERODE (BEI HEILBAD HEILIGENSTADT);37318;1
LENTERODE;37318;1
RUSTENFELDE;37318;1
STEINHEUTERODE;37318;1
LUTTER;37318;1
RÖHRIG;37318;1
HOHENGANDERN;37318;1
EICHSTRUTH;37318;1
UDER;37318;1
MACKENRODE;37318;1
MARTH;37318;1
SCHACHTEBICH;37318;1
BURGWALDE;37318;1
FRETTERODE;37318;1
SCHWOBFELD;37318;1
KIRCHGANDERN;37318;1
LINDEWERRA;37318;1
DIETERODE;37318;1
ARENSHAUSEN;37318;1
KALLMERODE;37327;1
LEINEFELDE;37327;1
HUNDESHAGEN;37339;1
HAYNRODE;37339;1
FERNA;37339;1
ECKLINGERODE;37339;1
BERLINGERODE;37339;1
BUHLA;37339;1
BREHME;37339;1
WINTZINGERODE;37339;1
TASTUNGEN;37339;1
WEHNDE;37339;1
WORBIS;37339;1
KIRCHWORBIS;37339;1
TEISTUNGEN;37339;1
BREITENWORBIS;37339;1
HOLUNGEN;37345;1
BOCKELNHAGEN;37345;1
STÖCKEY;37345;1
SILKERODE;37345;1
NEUSTADT;37345;1
GROSSBODUNGEN;37345;1
WEISSENBORN-LÜDERODE;37345;1
STEINRODE;37345;1
ZWINGE;37345;1
BISCHOFFERODE;37345;1
JÜTZENBACH;37345;1
DINGELSTÄDT;37351;1
KEFFERHAUSEN;37351;1
HELMSDORF;37351;1
KREUZEBRA;37351;1
SILBERHAUSEN;37351;1
VOLLENBORN;37355;1
GERTERODE;37355;1
KLEINBARTLOFF;37355;1
NIEDERORSCHEL;37355;1
BERNTERODE, UNTEREICHSFELD;37355;1
DEUNA;37355;1
BÜTTSTEDT;37359;1
KÜLLSTEDT;37359;1
EFFELDER;37359;1
WACHSTEDT;37359;1
GROSSBARTLOFF;37359;1
SONNEBERG;96515;1
OBERLAND AM RENNSTEIG;96523;1
NEUHAUS-SCHIERSCHNITZ;96524;1
FÖRITZ;96524;1
JUDENBACH;96524;1
FRANKENBLICK;96528;1
BACHFELD;96528;1
SCHALKAU;96528;1
DILLSTÄDT;98530;1
MARISFELD;98530;1
SCHMEHEIM;98530;1
OBERSTADT;98530;1
ZELLA-MEHLIS;98544;1
CHRISTES;98547;1
SCHWARZA;98547;1
KÜHNDORF;98547;1
VIERNAU;98547;1
BISCHOFROD;98553;1
AHLSTÄDT;98553;1
SANKT KILIAN;98553;1
NAHETAL-WALDAU;98553;1
SCHLEUSINGEN;98553;1
BENSHAUSEN;98554;1
OBERHOF;98559;1
GEHLBERG;98559;1
SCHMALKALDEN;98574;1
UNTERSCHÖNAU;98587;1
SPRINGSTILLE;98587;1
ROTTERODE;98587;1
ALTERSBACH;98587;1
OBERSCHÖNAU;98587;1
BERMBACH;98587;1
STEINBACH-HALLENBERG;98587;1
SCHWALLUNGEN;98590;1
ROSA;98590;1
WERNSHAUSEN;98590;1
KLEINSCHMALKALDEN;98593;1
FLOH-SELIGENTHAL;98593;1
TRUSETAL;98596;1
FAMBACH;98597;1
HESSLES;98597;1
BROTTERODE;98599;1
OBERMASSFELD-GRIMMENTHAL;98617;1
STEPFERSHAUSEN;98617;1
BELRIETH;98617;1
BAUERBACH;98617;1
ELLINGSHAUSEN;98617;1
MEININGEN;98617;1
SÜLZFELD;98617;1
VACHDORF;98617;1
HERPF;98617;1
RITSCHENHAUSEN;98617;1
UTENDORF;98617;1
HENNEBERG;98617;1
WÖLFERSHAUSEN;98617;1
RHÖNBLICK;98617;1
UNTERMASSFELD;98617;1
MENDHAUSEN;98630;1
MILZ;98630;1
RÖMHILD;98630;1
WESTENFELD;98630;1
BERKACH;98631;1
BEHRUNGEN;98631;1
JÜCHSEN;98631;1
QUEIENFELD;98631;1
EXDORF;98631;1
SCHWICKERSHAUSEN;98631;1
WOLFMANNSHAUSEN;98631;1
RENTWERTSHAUSEN;98631;1
KALTENWESTHEIM;98634;1
HÜMPFERSHAUSEN;98634;1
UNTERKATZ;98634;1
FRIEDELSHAUSEN;98634;1
BIRX;98634;1
KALTENSUNDHEIM;98634;1
MELPERS;98634;1
FRANKENHEIM;98634;1
MEHMELS;98634;1
OEPFERSHAUSEN;98634;1
ERBENHAUSEN;98634;1
UNTERWEID;98634;1
ASCHENHAUSEN;98634;1
OBERWEID;98634;1
WAHNS;98634;1
OBERKATZ;98634;1
WASUNGEN;98634;1
METZELS;98639;1
WALLBACH;98639;1
RIPPERSHAUSEN;98639;1
HILDBURGHAUSEN;98646;1
REURIETH;98646;1
SIEGRITZ;98646;1
DINGSLEBEN;98646;1
GLEICHAMBERG;98646;1
STRAUFHAIN;98646;1
TROSTADT;98646;1
LENGFELD;98660;1
BEINERSTADT;98660;1
THEMAR;98660;1
KLOSTER VESSRA;98660;1
HENFSTÄDT;98660;1
GRIMMELSHAUSEN;98660;1
SANKT BERNHARD;98660;1
UMMERSTADT;98663;1
HELLINGEN;98663;1
GOMPERTSHAUSEN;98663;1
SCHWEICKERSHAUSEN;98663;1
BAD COLBERG-HELDBURG;98663;1
MASSERBERG;98666;1
SCHLEUSEGRUND;98667;1
SCHLECHTSART;98669;1
VEILSDORF;98669;1
BRÜNN;98673;1
AUENGRUND;98673;1
EISFELD;98673;1
SACHSENBRUNN;98678;1
ILMENAU;98693;1
ALTENFELD;98701;1
WILDENSPRING;98701;1
GILLERSDORF;98701;1
HERSCHDORF;98701;1
NEUSTADT AM RENNSTEIG;98701;1
GROSSBREITENBACH;98701;1
LANGEWIESEN;98704;1
GEHREN;98708;1
MÖHRENBACH;98708;1
PENNEWITZ;98708;1
SCHMIEDEFELD AM RENNSTEIG;98711;1
FRAUENWALD;98711;1
STÜTZERBACH;98714;1
GESCHWENDA;98716;1
ELGERSBURG;98716;1
GERABERG;98716;1
NEUHAUS AM RENNWEG;98724;1
LAUSCHA;98724;1
REICHMANNSDORF;98739;1
PIESAU;98739;1
LICHTE;98739;1
SCHMIEDEFELD;98739;1
GRÄFENTHAL;98743;1
DEESBACH;98744;1
CURSDORF;98744;1
OBERWEISSBACH;98744;1
UNTERWEISSBACH;98744;1
MEURA;98744;1
LICHTENHAIN/BERGBAHN;98744;1
GOLDISTHAL;98746;1
KATZHÜTTE;98746;1
MELLENBACH-GLASBACH;98746;1
MEUSELBACH-SCHWARZMÜHLE;98746;1
SCHEIBE-ALSBACH;98749;1
SIEGMUNDSBURG;98749;1
STEINHEID;98749;1
ZIMMERNSUPRA;99100;1
DACHWIG;99100;1
BIENSTÄDT;99100;1
GIERSTÄDT/KLEINFAHNER;99100;1
DÖLLSTÄDT;99100;1
GROSSFAHNER;99100;1
ROCKHAUSEN;99102;1
KLETTBACH;99102;1
MARLISHAUSEN;99130;1
WITTERDA;99189;1
GEBESEE;99189;1
HASSLEBEN;99189;1
ANDISLEBEN;99189;1
WALSCHLEBEN;99189;1
NEUDIETENDORF;99192;1
INGERSLEBEN;99192;1
GAMSTÄDT;99192;1
NOTTLEBEN;99192;1
APFELSTÄDT;99192;1
ECKSTEDT;99195;1
NÖDA;99195;1
ALPERSTEDT;99195;1
SCHLOSSVIPPACH;99195;1
GROSSRUDESTEDT;99195;1
MARKVIPPACH;99195;1
KLEINMÖLSEN;99198;1
UDESTEDT;99198;1
MÖNCHENHOLZHAUSEN;99198;1
OLLENDORF;99198;1
GROSSMÖLSEN;99198;1
OSTHAUSEN-WÜLFERSHAUSEN;99310;1
BÖSLEBEN-WÜLLERSLEBEN;99310;1
ALKERSLEBEN;99310;1
ARNSTADT;99310;1
DORNHEIM;99310;1
WITZLEBEN;99310;1
WACHSENBURGGEMEINDE;99310;1
WIPFRATAL;99310;1
ILMTAL;99326;1
STADTILM;99326;1
CRAWINKEL;99330;1
GRÄFENRODA;99330;1
LIEBENSTEIN;99330;1
ICHTERSHAUSEN;99334;1
ELLEBEN;99334;1
ANGELRODA;99338;1
NEUSISS;99338;1
PLAUE;99338;1
GOSSEL;99338;1
UTZBERG;99428;1
NIEDERZIMMERN;99428;1
BECHSTEDTSTRASS;99428;1
DAASDORF AM BERGE;99428;1
ISSERODA;99428;1
OTTSTEDT AM BERGE;99428;1
HOPFGARTEN;99428;1
BAD BERKA;99438;1
BUCHFART;99438;1
OETTERN;99438;1
TROISTEDT;99438;1
VOLLERSRODA;99438;1
TONNDORF;99438;1
HETSCHBURG;99438;1
GUTENDORF;99438;1
SACHSENHAUSEN;99439;1
WOHLSBORN;99439;1
LEUTENTHAL;99439;1
GROSSOBRINGEN;99439;1
BALLSTEDT;99439;1
HOTTELSTEDT;99439;1
BUTTELSTEDT;99439;1
VIPPACHEDELHAUSEN;99439;1
HEICHELHEIM;99439;1
ETTERSBURG;99439;1
KLEINOBRINGEN;99439;1
BERLSTEDT;99439;1
RAMSLA;99439;1
KILIANSRODA;99441;1
MAGDALA;99441;1
DÖBRITSCHEN;99441;1
LEHNSTEDT;99441;1
FRANKENDORF;99441;1
KROMSDORF;99441;1
UMPFERSTEDT;99441;1
KLEINSCHWABHAUSEN;99441;1
HAMMERSTEDT;99441;1
GROSSSCHWABHAUSEN;99441;1
MELLINGEN;99441;1
HOHLSTEDT;99441;1
MECHELRODA;99441;1
BLANKENHAIN;99444;1
HOHENFELDEN;99448;1
KRANICHFELD;99448;1
GEBSTEDT;99510;1
APOLDA;99510;1
LIEBSTEDT;99510;1
MATTSTEDT;99510;1
OBERREISSEN;99510;1
PFIFFELBACH;99510;1
WIEGENDORF;99510;1
NIEDERREISSEN;99510;1
OBERTREBRA;99510;1
NIRMSDORF;99510;1
WILLERSTEDT;99510;1
FLURSTEDT;99510;1
NIEDERROSSLA;99510;1
KAPELLENDORF;99510;1
WICKERSTEDT;99510;1
OSSMANNSTEDT;99510;1
SAALEPLATTE;99510;1
NIEDERTREBRA;99518;1
SCHMIEDEHAUSEN;99518;1
RANNSTEDT;99518;1
REISDORF;99518;1
AUERSTEDT;99518;1
BAD SULZA;99518;1
GROSSHERINGEN;99518;1
EBERSTEDT;99518;1
KÖDDERITZSCH;99518;1
SÖMMERDA;99610;1
WUNDERSLEBEN;99610;1
SPRÖTAU;99610;1
VOGELSBERG;99610;1
KLEINBREMBACH;99610;1
GROSSBREMBACH;99610;1
KLEINNEUHAUSEN;99625;1
SCHILLINGSTEDT;99625;1
KÖLLEDA;99625;1
BEICHLINGEN;99625;1
GROSSNEUHAUSEN;99625;1
GROSSMONRA;99625;1
ELLERSLEBEN;99628;1
HARDISLEBEN;99628;1
OLBERSLEBEN;99628;1
BUTTSTÄDT;99628;1
RUDERSDORF;99628;1
GUTHMANNSHAUSEN;99628;1
ESSLEBEN-TEUTLEBEN;99628;1
MANNSTEDT;99628;1
HERRNSCHWENDE;99631;1
GÜNSTEDT;99631;1
WEISSENSEE;99631;1
STRAUSSFURT;99634;1
GANGLOFFSÖMMERN;99634;1
WERNINGSHAUSEN;99634;1
HENSCHLEBEN;99634;1
RASTENBERG;99636;1
OSTRAMONDRA;99636;1
GRIEFSTEDT;99638;1
KINDELBRÜCK;99638;1
FRÖMMSTEDT;99638;1
RIETHGEN;99638;1
SONDERSHAUSEN;99706;1
BENDELEBEN;99707;1
STEINTHALEBEN;99707;1
BADRA;99707;1
GÜNSERODE;99707;1
HACHELBICH;99707;1
SEEGA;99707;1
ROTTLEBEN;99707;1
GÖLLINGEN;99707;1
FREIENBESSINGEN;99713;1
THÜRINGENHAUSEN;99713;1
BELLSTEDT;99713;1
WOLFERSCHWENDA;99713;1
ROCKSTEDT;99713;1
EBELEBEN;99713;1
SCHERNBERG;99713;1
ABTSBESSINGEN;99713;1
HOLZSUSSRA;99713;1
HELBEDÜNDORF;99713;1
WASSERTHALEBEN;99718;1
GROSSENEHRICH;99718;1
TOPFSTEDT;99718;1
OBERBÖSA;99718;1
GREUSSEN;99718;1
WESTGREUSSEN;99718;1
CLINGEN;99718;1
NIEDERBÖSA;99718;1
TREBRA;99718;1
NORDHAUSEN;99734;1
WOLKRAMSHAUSEN;99735;1
ETZELSRODE;99735;1
KLEINFURRA;99735;1
KLEINBODUNGEN;99752;1
KEHMSTEDT;99752;1
KRAJA;99752;1
LIPPRECHTERODE;99752;1
WIPPERDORF;99752;1
ELLRICH;99755;1
NIEDERGEBRA;99759;1
REHUNGEN;99759;1
OBERGEBRA;99759;1
GROSSLOHRA;99759;1
HERRMANNSACKER;99762;1
NIEDERSACHSWERFEN;99762;1
HARZUNGEN;99762;1
NEUSTADT/HARZ;99762;1
RODISHAIN;99762;1
STEMPEDA;99762;1
GÖRSBACH;99765;1
WINDEHAUSEN;99765;1
HAMMA;99765;1
AULEBEN;99765;1
HERINGEN/HELME;99765;1
UTHLEBEN;99765;1
ILFELD;99768;1
WOLFSBURG-UNKERODA;99819;1
MARKSUHL;99819;1
ETTENHAUSEN AN DER SUHL;99819;1
KRAUTHAUSEN;99819;1
BEHRINGEN;99820;1
MIHLA;99826;1
NAZZA;99826;1
BISCHOFRODA;99826;1
EBENSHAUSEN;99826;1
BERKA VOR DER HAINICH;99826;1
FRANKENRODA;99826;1
HALLUNGEN;99826;1
TREFFURT;99830;1
IFTA;99831;1
CREUZBURG;99831;1
UNTERELLEN;99834;1
GERSTUNGEN;99834;1
LAUCHRÖDEN;99834;1
OBERELLEN;99834;1
DIPPACH;99837;1
DANKMARSHAUSEN;99837;1
BERKA/WERRA;99837;1
RUHLA;99842;1
WUTHA-FARNRODA;99848;1
GOTHA;99867;1
BALLSTÄDT;99869;1
MOLSCHLEBEN;99869;1
BRÜHEIM;99869;1
EMLEBEN;99869;1
SEEBERGEN;99869;1
WANDERSLEBEN;99869;1
FRIEMAR;99869;1
GRABSLEBEN;99869;1
SONNEBORN;99869;1
HOCHHEIM;99869;1
ESCHENBERGEN;99869;1
HAINA;99869;1
GÜNTHERSLEBEN;99869;1
BUFLEBEN;99869;1
PFERDINGSLEBEN;99869;1
MÜHLBERG;99869;1
WECHMAR;99869;1
TÜTTLEBEN;99869;1
WANGENHEIM;99869;1
WARZA;99869;1
REMSTÄDT;99869;1
FRIEDRICHSWERTH;99869;1
EBENHEIM;99869;1
TRÖCHTELBORN;99869;1
TEUTLEBEN;99880;1
TRÜGLEBEN;99880;1
FRÖTTSTÄDT;99880;1
MECHTERSTÄDT;99880;1
HÖRSELGAU;99880;1
LEINATAL;99880;1
WALTERSHAUSEN;99880;1
METEBACH;99880;1
LUISENTHAL;99885;1
OHRDRUF;99885;1
WÖLFIS;99885;1
GEORGENTHAL;99887;1
HOHENKIRCHEN;99887;1
PETRIRODA;99887;1
GRÄFENHAIN;99887;1
HERRENHOF;99887;1
TABARZ;99891;1
EMSETAL;99891;1
ERNSTRODA;99894;1
FRIEDRICHRODA;99894;1
FINSTERBERGEN;99894;1
TAMBACH-DIETHARZ;99897;1
SUNDHAUSEN;99947;1
BAD LANGENSALZA;99947;1
SCHÖNSTEDT;99947;1
KLEINWELSBACH;99947;1
NEUNHEILINGEN;99947;1
WEBERSTEDT;99947;1
MÜLVERSTEDT;99947;1
BOTHENHEILINGEN;99947;1
KIRCHHEILINGEN;99947;1
ISSERSHEILINGEN;99947;1
TOTTLEBEN;99947;1
HORNSÖMMERN;99955;1
MITTELSÖMMERN;99955;1
KLETTSTEDT;99955;1
KUTZLEBEN;99955;1
BAD TENNSTEDT;99955;1
HERBSLEBEN;99955;1
URLEBEN;99955;1
HAUSSÖMMERN;99955;1
BALLHAUSEN;99955;1
BRUCHSTEDT;99955;1
GROSSVARGULA;99958;1
TONNA;99958;1
DÜNWALD;99976;1
LENGENFELD UNTERM STEIN;99976;1
ANRODE;99976;1
RODEBERG;99976;1
HILDEBRANDSHAUSEN;99976;1
FLARCHHEIM;99986;1
LANGULA;99986;1
OBERDORLA;99986;1
NIEDERDORLA;99986;1
OPPERSHAUSEN;99986;1
KATHARINENBERG;99988;1
HEYERODE;99988;1
ALTENGOTTERN;99991;1
HEROLDISHAUSEN;99991;1
GROSSENGOTTERN;99991;1
MAROLTERODE;99994;1
SCHLOTHEIM;99994;1
MENTERODA;99996;1
OBERMEHLER;99996;1
MÜHLHAUSEN/THÜRINGEN;99998;1
KÖRNER;99998;1
JUNGHOLZ;87491;1
