Words;Link;Score
LONDON;E1W;1000
UNITED KINGDOM;SW1A 2AA;950
GREAT BRITAIN;SW1A 2AA;940
ENGLAND;SW1A 1AA;900
BIRMINGHAM;B1;880
SCOTLAND;EH1 1YZ;880
MANCHESTER;M1;870
GLASGOW;G1;850
WALES;CF10 1EP;850
LIVERPOOL;L1;840
EDINBURGH;EH1;830
LEEDS;LS1;820
BELFAST;BT1;820
NORTHERN IRELAND;BT1 1AA;820
SHEFFIELD;S1;800
BRISTOL;BS1;790
CARDIFF;CF10;780
LEICESTER;LE1;760
COVENTRY;CV1;750
NOTTINGHAM;NG1 1AA;740
BRADFORD;BD1;730
OXFORD;OX1;720
NEWCASTLE UPON TYNE;NE1;720
CAMBRIDGE;CB1 1AA;710
HULL;HU1 1AA;700
STOKE-ON-TRENT;ST1 1AA;690
WOLVERHAMPTON;WV1 1AA;680
BRIGHTON;BN2;680
BATH;BA1;680
NEWTON;AB42;677
PLYMOUTH;PL1 1AA;670
SOUTHAMPTON;SO14 1AA;670
YORK;YO1;670
DERBY;DE1 1AA;660
ABERDEEN;AB10;660
PORTSMOUTH;PO1 1AA;650
GIBRALTAR;PE24;650
READING;RG1;640
SWANSEA;SA1;640
EXETER;EX2;630
NORTHAMPTON;NN1;620
WINDSOR;SL4;620
JERSEY;JE4;620
BERMUDA;HM 11;620
LUTON;EX14;610
NORWICH;NR2;610
DUNDEE;DD1;610
MIDDLETON;B78;607
STRATFORD-UPON-AVON;CV37;600
WESTMINSTER;SW1;600
MILTON KEYNES;MK1;600
GUERNSEY;GY1 1AA;600
MILTON;AB56;597
SUNDERLAND;CA13;590
CANTERBURY;AB45;590
MAYFAIR;W1;580
INVERNESS;IV2;580
ISLE OF MAN;IM1 1AA;580
CAYMAN ISLANDS;KY1-1100;580
CHANNEL ISLANDS;GY1 1AA;580
NEWTOWN;AB44;578
WIMBLEDON;SW19;570
KENSINGTON;W8;570
DURHAM;DH1;570
CHESTER;CH1;570
SUTTON;CB6;567
SWINDON;DY3;560
CHELSEA;SW10;560
PETERBOROUGH;PE1;560
WATFORD;NN6;560
NORTON;DN6;556
UPTON;BH16;556
HOVE;BN3;550
PICCADILLY;W1J 0DA;550
PRESTON;BN1;545
SALISBURY;SP1;540
IPSWICH;IP1;540
WORCESTER;WR1;540
GLOUCESTER;GL1;540
WINCHESTER;SO23;540
PERTH;PH1;540
HAMPSTEAD;NW3;530
GREENWICH;SE10;530
STIRLING;AB42;530
WORTHING;BN11;520
CHURCH END;AL3;520
CAMDEN;N1C;520
SOHO;W1;520
COVENT GARDEN;WC2;520
DERRY;BT47;520
ST ANDREWS;KY16;520
BRITISH VIRGIN ISLANDS;VG1110;520
ISLE OF WIGHT;PO30 1AA;520
NOTTING HILL;W11;510
LONDONDERRY;BT47;510
NEWPORT;CB11;500
SHOREDITCH;E1;500
ISLINGTON;EC1P;500
TOWER OF LONDON;EC3R;500
BUCKINGHAM PALACE;SW1;500
FALKLAND ISLANDS;FIQQ 1ZZ;500
TURKS AND CAICOS;TKCA 1ZZ;500
HIGHLANDS;IV1 1AA;500
WESTON;AB56;492
WALTON;BA16;492
WIRRAL;CH25;492
HACKNEY;E2;490
ANGUILLA;AI-2640;480
ORKNEY;KW15 1AA;480
FORD;BN18;477
SHETLAND;ZE1 0AA;470
BROUGHTON;BD23;460
KIRKTON;AB33;460
MONTSERRAT;MSR 1110;450
HEBRIDES;HS1 2AA;450
STONEHENGE;SP4 7DE;450
WEST END;CT6;443
CHARLTON;BA3;443
THORNTON;BD13;443
ST HELENA;NR10;430
LOCH NESS;IV63 6TU;430
SCILLY ISLANDS;TR21 0AA;430
ASTON;B6;424
KINGSTON;BH20;424
NETHERTON;DD9;424
BRIDGEND;AB35;424
WOOTTON;BH25;403
HORTON;BD23;403
ASHLEY;BH25;403
EASTON;BA5;403
CLIFTON;BS8;403
CARLTON;CB8;403
DENTON;BN9;403
PITCAIRN ISLANDS;PCRN 1ZZ;400
WOODSIDE;AL9;381
BARTON;B50;381
LANGLEY;CB11;381
LITTLE LONDON;IM6;381
SOUTH GEORGIA;SIQQ 1ZZ;380
MARTON;CV23;356
WHITTINGTON;DY7;356
WHITCHURCH;BS14;356
LEIGH;DT9;356
EATON;CW12;356
HILTON;AB41;356
MARSTON;B76;356
BURTON;BH23;356
LINTON;BD23;356
WATERLOO;AB42;356
TWYFORD;DE73;356
DRAYTON;DY9;356
GATESHEAD;DH98;356
SEATON;CA14;328
TUNSTALL;DL10;328
THORPE;BD23;328
PENTRE;CF41;328
STAPLETON;BS7;328
HATTON;AB42;328
OVERTON;AB51;328
HAM;CT14;328
STAPLEFORD;CB2;328
WICK;BH6;328
NEWBRIDGE;EH28;328
ELTON;CH2;328
BRAMPTON;CA16;328
KINGSWOOD;B94;328
BUCKLAND;CT16;328
NORTH END;BN14;328
WOODEND;AB51;328
BELMONT;BL7;328
DALTON;DG11;328
HALTON;HP22;328
NEWBIGGIN;CA10;328
HARDWICK;CB23;328
WATERSIDE;AB36;328
SPRINGFIELD;B13;328
SEFTON;L29;328
KINLOCH;IV16;328
EASINGTON;HP18;297
BROUGH;CA17;297
WHITWELL;DL10;297
STRETTON;DE13;297
NORMANTON;DE23;297
MORTON;DE55;297
LEE;EX34;297
LEA;DE4;297
DONNINGTON;GL56;297
WHITTON;DN15;297
KNOWLE;B93;297
LONGFORD;CV6;297
REDHILL;AB32;297
KNIGHTON;LD7;297
STANLEY;DE7;297
WILTON;SN8;297
DEAN;BA4;297
BROOK;GU8;297
NEWCHURCH;BB12;297
ASHTON;CH3;297
STONE;DA9;297
BRADLEY;DE6;297
BROADWAY;IP19;297
NEWNHAM;GL14;297
MERTON;EX20;297
MILLTOWN;AB33;297
BOLTON;BL1;297
CHARLESTOWN;AB43;297
STAINTON;CA11;297
GRANGE;CA12;297
EAST END;BH21;297
CASTLETON;AB45;297
CRAIGAVON;BT62;297
BURNSIDE;AB51;297
TULLICH;AB55;297
GARTH;CF34;297
SKELTON;CA11;260
HOOK;DN14;260
WELTON;BA3;260
BENTLEY;CV9;260
BELTON;DN9;260
BARROW;BA9;260
DODDINGTON;DY14;260
PENTREFELIN;LL28;260
HAUGHTON;DN22;260
MILFORD;DE56;260
FORTON;PR3;260
WITHINGTON;GL54;260
ALDERTON;GL20;260
HINTON;BH23;260
WALCOT;DN15;260
NORBURY;DE6;260
ACTON;CO10;260
STOCKTON;BA12;260
HOPTON;DE4;260
CHESTERTON;CB4;260
SOUTHWICK;BA14;260
HOLT;BA14;260
BISHOPSTONE;BN25;260
FYFIELD;CM5;260
SANDFORD;BH20;260
WHITFIELD;CT16;260
MORETON;CH46;260
COTON;B79;260
STANTON;DE15;260
WHISTON;L35;260
OULTON;CA7;260
MOULTON;CB8;260
FARNHAM;CM23;260
BLACKHEATH;B65;260
OAKLEY;HP18;260
BRANDON;CV8;260
HIGHAM;BB12;260
ST JOHN'S;DL13;260
COMPTON;GU3;260
ASHFORD;EX31;260
LITTLETON;CH3;260
CALDECOTE;CB23;260
WILLINGTON;CV36;260
BLACKWELL;B60;260
HOUGHTON;BN18;260
HERMITAGE;DG7;260
CROYDON;CR0;260
SHIRLEY;B90;260
WOODFORD;EX23;260
BROMPTON;DL6;260
LANGFORD;CM9;260
COVE;EX16;260
CHERITON;CT19;260
STOKE;CV2;260
COOMBE;EX23;260
STONEHOUSE;DG2;260
OVINGTON;CO10;260
SPITTAL;DG8;260
LANE END;BH20;260
KIRKLAND;CA10;260
HUTTON;BS24;260
WESTFIELD;CA14;260
BLACKFORD;AB51;260
HOLWELL;BA11;260
BROOMFIELD;AB41;260
THORNHILL;CF83;260
BEESTON;CW6;260
SWINTON;HG4;260
SALFORD;M5;260
GREENFIELD;CH8;260
NEWBURGH;AB41;260
WHITEFIELD;AB51;260
MUIRHEAD;AB33;260
NEWBIGGING;AB35;260
DENHEAD;AB42;260
DOUNE;FK16;260
CLACHAN;HS8;260
TARBERT;HS3;260
LAGGAN;AB55;260
BALLOCH;DD8;260
FELINDRE;LD7;260
BILTON;CV22;217
ROWLEY;DH8;217
HAYTON;CA4;217
HIGHFIELD;BT13;217
LANGHAM;CO4;217
PILTON;BA4;217
EXTON;EX3;217
WOOLSTON;SO19;217
GRAFTON;HR2;217
HOPE;LL12;217
BROCKTON;SY5;217
LEIGHTON;BA11;217
HENLEY;GU27;217
NASH;CF71;217
WELLINGTON;CA20;217
RYTON;GL18;217
BOURTON;BS22;217
CHORLEY;CW5;217
OLDBURY;B69;217
TYTHERINGTON;BA11;217
STAVERTON;BA14;217
MARDEN;HR1;217
SHAW;OL2;217
RUSHALL;HR8;217
WHADDON;GL4;217
BLACKWATER;GU17;217
ST LAWRENCE;CM0;217
WARTON;B79;217
GAYTON;CH60;217
DUNSTON;LN4;217
CROXTON;DN39;217
FENTON;LN1;217
CLAYTON;BD14;217
FOUR CROSSES;LL21;217
HUNTINGTON;HR5;217
COLTON;LA12;217
KIRTON;IP10;217
HOLTON;BA9;217
RIPLEY;BH23;217
PARKGATE;BT39;217
WOOD END;B94;217
BROADWELL;CV23;217
FARNBOROUGH;BR6;217
CLAPHAM;BN13;217
WOODMANCOTE;BN5;217
WOODGATE;B32;217
CRAWLEY;OX8;217
SHIPLEY;BD18;217
BROOK STREET;CM14;217
KINGSFORD;AB33;217
ROCK;BT70;217
DRAYCOTT;BS27;217
NEWHAM;E13;217
TOWER HAMLETS;E2;217
SOUTHGATE;N14;217
MARYLEBONE;NW1;217
NEWINGTON;CT18;217
LAMBETH;SE1;217
KENNINGTON;OX1;217
COWLEY;EX4;217
MONKTON;CT12;217
CHURCHTOWN;EX31;217
HORSLEY;DE21;217
FENWICK;DN6;217
WESTGATE;DL13;217
NEWSHAM;DL11;217
HARTLEY;CA17;217
MURTON;CA16;217
MILLBROOK;BT40;217
ST MARTIN;GY4;217
HOLYWELL;BN20;217
THORNEY;NG23;217
HARSTON;CB2;217
FOXTON;CB2;217
TOFT;CB23;217
HOLME;HD7;217
CARLETON;BD23;217
NEWBY;BB7;217
CROSBY;CA15;217
KNOCK;AB54;217
CHAPELTOWN;AB37;217
HOWE;KW1;217
BOURNEMOUTH;BH1;217
GROVE;CT3;217
BROADOAK;CT2;217
LAUGHTON;BN8;217
SOUTHEND;AB53;217
FLEET;GU13;217
CITY OF LEICESTER;LE21;217
LANGTON;DL2;217
BICESTER;OX25;217
ECCLESTON;CH4;217
WESTERTON;AB31;217
CROSSGATES;KY4;217
NORTHFIELD;AB45;217
CASTLETOWN;IM9;217
BRYN;SA13;217
CHESHIRE WEST AND CHESTER;CH34;217
SARNAU;LL23;217
ENNISKILLEN;BT74;217
GATESIDE;AB33;217
RUTHVEN;AB54;217
LOCHSIDE;DD10;217
PATHHEAD;DD10;217
STRONE;FK17;217
UIG;IV51;217
KENMORE;HS2;217
LOGIE;DD10;217
BRAEHEAD;AB55;217
ALLANTON;DG2;217
BALMORE;G64;217
NEBO;LL26;217
CARMEL;CH8;217
DINAS;LL53;217
PANDY;LL20;217
VALE;GY3;217
LAXTON;DN14;165
WEETON;HU12;165
BUCKTON;NE70;165
COTTAM;DN22;165
DUNNINGTON;B49;165
MANTON;DN21;165
STOWE;GL15;165
RHEWL;LL15;165
HENGOED;CF82;165
RHIWLAS;LL23;165
SHELTON;NG23;165
WALFORD;HR9;165
UFFINGTON;PE9;165
NORTHWOOD;HA6;165
ASTLEY;CV10;165
WESTBURY;BA13;165
WOLLASTON;DY8;165
FARLEY;SP5;165
GRETTON;GL54;165
NEWCASTLE;BT33;165
BIRTLEY;DH3;165
EYTON;HR6;165
BROOME;DY9;165
COMBERTON;CB23;165
TIBBERTON;GL19;165
SHIPTON;GL54;165
WYKE;BD12;165
RUSHTON;CW6;165
MARSH GREEN;EX5;165
OLLERTON;NG22;165
ROUGHTON;LN10;165
WOODLANDS;BH21;165
LOUGHTON;IG10;165
HAMPTON;TW12;165
BOYTON;BA12;165
DEPTFORD;BA12;165
STOURTON;BA12;165
WINGFIELD;BA14;165
ALLINGTON;NG32;165
NESTON;CH33;165
FOXLEY;NN12;165
HANNINGTON;NN6;165
OARE;EX35;165
BURBAGE;LE10;165
WILSFORD;NG32;165
ANSTY;CV7;165
RIDGE;BH20;165
DOWNTON;EX20;165
DOWNEND;BS16;165
WELLOW;BA2;165
CHECKLEY;CW5;165
BROAD OAK;CA18;165
KINGSTONE;HR2;165
BACTON;HR2;165
CWMBACH;HR3;165
HARDWICKE;GL2;165
BRIERLEY;GL14;165
KINGSLAND;HR6;165
HATFIELD;AL10;165
EYE;HR6;165
CODDINGTON;CH3;165
COMBE;LD8;165
WIGGINTON;B79;165
NEWBOROUGH;DE13;165
ROLLESTON;DE13;165
SUDBURY;CO10;165
MAYFIELD;DE6;165
HEATON;LA3;165
HOLLINGTON;DE6;165
KINGSLEY;GU35;165
ALTON;GU34;165
CRESSWELL;NE61;165
FULFORD;ST15;165
COTES;LA8;165
SANDON;CM2;165
STANDON;SG11;165
SILVERDALE;LA5;165
WERRINGTON;PE4;165
LITTLEWORTH;SN7;165
CHESTERFIELD;S40;165
LOWER GREEN;NR21;165
CLARE;BT62;165
HIGH STREET;IP12;165
ASHFIELD;FK15;165
KENTON;EX6;165
WILBY;IP21;165
DENHAM;IP21;165
HARGRAVE;CH3;165
SOMERTON;IP29;165
CROSS GREEN;IP30;165
INGHAM;IP31;165
HONINGTON;CV36;165
SHELLEY;CM5;165
UPPER STREET;IP9;165
LOUND;DN22;165
FLIXTON;M41;165
ASH;EX20;165
STOUGHTON;GU2;165
BRAMLEY;GU5;165
HALE;GU9;165
WESTON GREEN;CB1;165
LYNE;AB51;165
HEADLEY;GU35;165
WESTCOTT;EX15;165
NEWCHAPEL;RH7;165
HURST GREEN;BB7;165
CUDDINGTON;CW8;165
COLESHILL;B46;165
KINGSBURY;B78;165
NORTHEND;BA1;165
SOUTHAM;CV33;165
WOLVERTON;CV35;165
LONG MARSTON;CV37;165
STONEBRIDGE;CV7;165
TODDINGTON;BN17;165
NORTH STOKE;BA1;165
ASHURST;BN44;165
REDFORD;AB30;165
EAST DEAN;BN20;165
COATES;GL7;165
WASHINGTON;NE37;165
ASHINGTON;BA22;165
GREATHAM;GU33;165
BURY;BL9;165
CHURCHILL;DY10;165
NEWLAND;GL16;165
BROAD GREEN;CO6;165
HAYES;BR2;165
WEST WICKHAM;BR4;165
ADDINGTON;CR0;165
MILE END;CO4;165
BOW;E3;165
HOLBORN;EC1;165
BANK;EC2;165
GREENHILL;HA1;165
EASTCOTE;B92;165
ILFORD;IG1;165
WHETSTONE;LE8;165
SOUTHWARK;SE1;165
WEST HEATH;B38;165
SYDENHAM;BT4;165
WALLINGTON;PO16;165
WEST HILL;BS20;165
HOUNSLOW;TW3;165
EALING;UB18;165
TEMPLE;EH23;165
WILMINGTON;BN26;165
SHELDON;B26;165
ASHILL;EX15;165
BAMPTON;CA10;165
WESTLEIGH;EX16;165
COLEFORD;BA3;165
EASTINGTON;EX17;165
ARLINGTON;BN26;165
EASTLEIGH;EX39;165
DYKE;EX39;165
WHITESTONE;AB31;165
LUTTON;PE12;165
HEATHFIELD;TA4;165
FROGMORE;AL2;165
SLAPTON;LU7;165
HEALEY;HG4;165
CATTON;NE47;165
NEWSTEAD;NE67;165
ROSS;DG6;165
DOWNHAM;BB7;165
SHOTTON;CH5;165
LOWICK;LA12;165
STRATTON;DT2;165
MOUNT;IV12;165
NEW MILLS;SK12;165
NEW MILL;HD7;165
HARTWELL;HP17;165
CHILTON;DL17;165
BOTLEY;HP5;165
SOUTH END;DN19;165
BRADWELL;CM7;165
DUNTON;MK18;165
WARRINGTON;MK46;165
FAWLEY;OX12;165
BOURNE END;HP1;165
BALSHAM;CB1;165
BARRINGTON;CB2;165
PAMPISFORD;CB2;165
HASLINGFIELD;CB22;165
CONINGTON;CB23;165
LONGSTANTON;CB23;165
SWAVESEY;CB23;165
OVER;CB24;165
WATERBEACH;CB24;165
RAMPTON;CB24;165
WILLINGHAM;CB24;165
COTTENHAM;CB24;165
BURWELL;CB25;165
WESTWICK;CB4;165
FORDHAM;CB7;165
CHRISTCHURCH;BH23;165
HUNTINGDON;PE26;165
MELMERBY;CA10;165
KESWICK;CA12;165
COLBY;CA16;165
MIDDLETOWN;BT60;165
FINGLAND;CA5;165
LEADGATE;CA9;165
CLOUGH;BT30;165
WOODHOUSE;LA7;165
STAVELEY;HG5;165
CALDWELL;DE12;165
BRANSTON;DE14;165
BIGGIN;DE6;165
MORLEY;DE7;165
SAWLEY;BB7;165
BARLOW;NE21;165
WOODTHORPE;LE12;165
LITTON;BA3;165
ST LEONARDS;BH24;165
WESTHAM;BN24;165
SEATOWN;AB42;165
NORTH WOOTTON;BA4;165
GILLINGHAM;ME7;165
STONE CROSS;BN24;165
THE CITY OF BRIGHTON AND HOVE;BN50;165
NEW TOWN;EH34;165
FOUR OAKS;B74;165
HEMPSTEAD;CB10;165
UPPER GREEN;CB11;165
HARLOW;CM17;165
ROYDON;CM19;165
CHURCHEND;CM6;165
BRADFIELD;CO11;165
EASTHORPE;CO6;165
HALSTEAD;CO9;165
SOUTHEND-ON-SEA;SS1;165
EASTWOOD;HX7;165
SANDHURST;GL2;165
PILLEY;GL53;165
LAVERTON;BA3;165
LINWOOD;BH24;165
WHITEHILL;GU35;165
LONG SUTTON;PE12;165
WELL;DL8;165
HUNTON;DL8;165
NORTH STREET;ME13;165
EVERTON;DN10;165
HAILEY;EN11;165
ECCLES;M30;165
HEMINGTON;BA3;165
MISTERTON;DN10;165
CROFT;LE9;165
SCOTTON;DL9;165
NORTHORPE;DN21;165
GRIMSBY;DN32;165
ALFORD;AB33;165
ROTHWELL;LN7;165
KIRKBY;L32;165
OSGODBY;LN8;165
EASTGATE;DL13;165
CARRINGTON;EH23;165
BOUGHTON;NG22;165
CRAY;BD23;165
HILL END;BD23;165
HURST;DL11;165
HORNBY;DL6;165
STREET;BA16;165
OXTON;CH43;165
WITNEY;OX28;165
STAR;BS25;165
WATERFOOT;BB4;165
GREYSTONE;AB35;165
LEYLAND;PR25;165
NEWFIELD;DH2;165
WALSALL;WS1;165
DONCASTER;DN1;165
ROTHERHAM;S60;165
CREWE;CH3;165
SOUND;CW5;165
HAYFIELD;KW14;165
HALFWAY;LD3;165
PEN-Y-BONT;SA20;165
FRON;LD1;165
BURNFOOT;FK14;165
NEWMILL;AB41;165
BELFAST WEST;BT11;165
BELFAST SOUTH;BT12;165
BANGOR;BT19;165
BALLYMENA;BT42;165
ROSEMOUNT;BT48;165
BLACKHILL;AB42;165
KILMORE;BT61;165
CITY OF EDINBURGH;EH91;165
GLASGOW CITY;G58;165
HIGHLAND;IV99;165
CRAIGIE;AB23;165
GARVOCK;AB30;165
BRIDGE OF DEE;AB31;165
BLACKNESS;AB31;165
TOWIE;AB33;165
BANKHEAD;AB33;165
AUCHINTOUL;AB33;165
LEYS;AB34;165
INVER;AB35;165
GASK;AB42;165
BOGHEAD;AB45;165
TULLOCH;AB51;165
BONNYTON;AB52;165
ARDMORE;G82;165
TARBET;G83;165
ARDBEG;PA20;165
KAMES;KA18;165
BLAIRMORE;IV27;165
CARRICK;KY16;165
CORRAN;IV40;165
BALLIEMORE;PA27;165
KILMORY;PA31;165
SEAFIELD;EH47;165
TORRAN;IV18;165
CARRON;AB38;165
LAGG;KA27;165
HILLSIDE;DD10;165
KIRKHILL;AB38;165
BIRKHILL;DD2;165
CRAIGTON;DD5;165
DYKEHEAD;DD8;165
AUCHTERTYRE;FK20;165
BORELAND;DG11;165
JAMESTOWN;DG13;165
BLACKWOOD;DG2;165
BRAE;DG2;165
CROSSFORD;DG3;165
CRAIG;DG7;165
ARDWELL;AB54;165
NEW INN;KY7;165
FARR;IV1;165
KILMUIR;IV1;165
CARNOCH;IV12;165
MOY;IV13;165
TOMICH;IV18;165
CHAPELHILL;IV19;165
BRAEMORE;IV23;165
ARMADALE;EH48;165
AITH;KW16;165
DOUGLAS;IM1;165
CAPEL DEWI;SA32;165
CROSS INN;CF72;165
SALEM;LL55;165
LLANDRE;SA19;165
SARON;LL55;165
MAERDY;CF43;165
HERMON;LL62;165
TAL-Y-BONT;LL32;165
BETHEL;LL21;165
LLANBEDR;LD2;165
PENRHOS;LL53;165
TELFORD;TF3;97
NEWSHOLME;BB7;97
WILLERBY;HU10;97
WEST NEWTON;HU11;97
HUMBLETON;HU11;97
CONISTON;HU11;97
GOXHILL;DN19;97
SANDHOLME;HU15;97
SCALBY;HU15;97
COTTINGHAM;HU16;97
ETTON;HU17;97
LEVEN;HU17;97
LUND;YO25;97
WOLD NEWTON;LN3;97
KIRKBURN;EH45;97
LANGTOFT;PE6;97
LOCKINGTON;DE74;97
WATTON;IP25;97
WANSFORD;PE8;97
BRIGHAM;CA13;97
KILHAM;TD12;97
ELMSWELL;IP30;97
TOWTHORPE;YO25;97
BAINTON;PE9;97
MELBOURNE;DE73;97
ASHWELL;LE15;97
BRAUNSTON;LE15;97
RIDLINGTON;LE15;97
BURLEY;BH24;97
BROOKE;LE15;97
WING;LE15;97
THISTLETON;LE15;97
GREETHAM;LE15;97
PICKWORTH;NG34;97
SHREWSBURY;SY1;97
PENCRAIG;HR9;97
PANT;LL14;97
MOELFRE;LL72;97
ABERTRIDWR;CF83;97
LLEDROD;SY10;97
EARDISTON;SY11;97
REDNAL;B45;97
BICTON;SY3;97
KINTON;SY4;97
PETTON;EX16;97
WOLVERLEY;DY11;97
BESFORD;SY4;97
ALBRIGHTON;SY4;97
DORRINGTON;LN4;97
WESTLEY;IP33;97
LONGNOR;SK17;97
KENLEY;CR8;97
BERRINGTON;SY5;97
EDGE;GL6;97
BETTON;SY5;97
LITTLE STRETTON;LE2;97
HARTON;NE34;97
CARDINGTON;MK44;97
NEW INVENTION;SY7;97
TWITCHEN;EX36;97
BROADSTONE;BH18;97
WESTHOPE;HR4;97
BUCKNELL;OX6;97
HALFORD;CV36;97
LETTON;HR3;97
HINTS;B78;97
BROMFIELD;CA5;97
WOODCOTE;RG8;97
BENTHALL;NE67;97
WILLEY;CV23;97
STIRCHLEY;B30;97
ADMASTON;TF5;97
UPPINGTON;BH21;97
RUSHMOOR;GU10;97
ROWTON;CH3;97
POYNTON;SK12;97
OSBASTON;CV13;97
MADELEY;CW3;97
ROMSLEY;B62;97
SIDBURY;EX10;97
BOREHAM;BA12;97
KILMINGTON;BA12;97
CORTON;BA12;97
MERE;BA12;97
EDINGTON;BA13;97
HEYWOOD;BA13;97
WESTWOOD;BA15;97
COATE;SN10;97
BULKINGTON;CV12;97
WEST LAVINGTON;GU29;97
EASTCOTT;EX23;97
STUDLEY;B80;97
SANDRIDGE;AL4;97
HAWTHORN;SN13;97
BOX;GL6;97
NETTLETON;LN7;97
LYNEHAM;OX7;97
NOTTON;SN15;97
SANDY LANE;BD15;97
BROMHAM;MK43;97
CALLOW HILL;DY14;97
CHIPPENHAM;CB7;97
CORSTON;BA2;97
WANBOROUGH;GU3;97
NINE ELMS;SN5;97
PURTON;GL13;97
SEVENHAMPTON;GL54;97
AXFORD;RG25;97
BUTTERMERE;CA13;97
CROFTON;SN8;97
DURLEY;SN8;97
HUISH;EX20;97
MILDENHALL;IP28;97
WOODBOROUGH;NG14;97
LUDGERSHALL;HP18;97
STOFORD;BA22;97
QUIDHAMPTON;RG25;97
DINTON;HP17;97
THE GREEN;PA77;97
NETTON;PL8;97
DURRINGTON;BN13;97
BOSCOMBE;BH5;97
NOMANSLAND;EX16;97
WEST DEAN;PO18;97
BODENHAM;HR1;97
REDLYNCH;BA10;97
MOORTOWN;LN7;97
ST HELENS;PO33;97
FISHBOURNE;PO19;97
GODSHILL;PO38;97
BIERLEY;BD4;97
PYLE;CF33;97
HAMSTEAD;B43;97
THORLEY STREET;CM23;97
CRANMORE;BA4;97
CITY OF BRISTOL;BS0;97
HENBURY;BS10;97
COTHAM;BS6;97
REDLAND;BS6;97
WESTON-SUPER-MARE;BS23;97
HAGLEY;DY9;97
FELTON;HR1;97
ST MARGARETS;HR2;97
LONGTOWN;CA6;97
THRUXTON;HR2;97
CLIFFORD;HR3;97
KINNERSLEY;HR3;97
WHITE CROSS;HR4;97
TILLINGTON;GU28;97
PORTWAY;B48;97
KINGTON;HR5;97
WHARTON;CW7;97
WIGMORE;HR6;97
STOKE PRIOR;B60;97
YATTON;BS49;97
THORNBURY;EX22;97
COUGHTON;B49;97
ORLETON;SY8;97
BURRINGTON;EX37;97
CRADLEY;B63;97
NO MAN'S HEATH;B79;97
ELFORD;B79;97
HANBURY;B60;97
CALTON;BD23;97
WATERHOUSES;DH7;97
CHEADLE;SK8;97
GRINDON;ST13;97
LONG COMPTON;CV36;97
BURSTON;IP22;97
BUCKNALL;LN3;97
WOODSEAVES;ST20;97
SLINDON;BN18;97
LONGTON;PR4;97
BEECH;GU34;97
WHITMORE;BH21;97
NEWCASTLE-UNDER-LYME;ST5;97
BROWN EDGE;PR8;97
BLETCHLEY;MK3;97
ELLERTON;DL10;97
HALES;NR14;97
HEATHCOTE;SK17;97
MILL GREEN;CM4;97
ROSEHILL;AB34;97
HATHERTON;CW5;97
WALL;NE46;97
SHENSTONE;DY10;97
LONGDON;GL20;97
FOUR ASHES;IP31;97
FEATHERSTONE;WF7;97
BILBROOK;TA24;97
LIDGATE;CB8;97
NEWMARKET;CB8;97
BOXFORD;CO10;97
BRIGHTWELL;IP10;97
ORFORD;IP12;97
UFFORD;IP13;97
HOO;IP13;97
RINGSHALL;HP4;97
COMBS;IP14;97
HARLESTON;IP14;97
WESTHORPE;IP14;97
WINSTON;DL2;97
FRISTON;BN20;97
SNAPE;DL8;97
STONE STREET;IP19;97
COOKLEY;DY10;97
BRAMFIELD;IP19;97
WESTHALL;AB52;97
CHANTRY;BA11;97
HEPWORTH;HD7;97
THWAITE;DL11;97
YAXLEY;IP23;97
BARNHAM;IP24;97
EUSTON;IP24;97
WANGFORD;IP27;97
TUDDENHAM;IP28;97
BOXTED;CO4;97
SHIMPLING;IP21;97
COCKFIELD;DL13;97
GREAT GREEN;IP20;97
ROUGHAM;IP30;97
BARNINGHAM;DL11;97
HUNSTON;IP31;97
CROWLAND;IP31;97
BARHAM;CT4;97
OTLEY;IP6;97
WESTERFIELD;IP6;97
CLAYDON;IP6;97
BARKING;IG11;97
CROWFIELD;IP6;97
BRETTENHAM;IP24;97
HADLEIGH;IP7;97
HITCHAM;IP7;97
ALDHAM;CO6;97
NETTLESTEAD;IP8;97
STUTTON;IP9;97
HOLBROOK;DE56;97
CHIPSTEAD;CR5;97
BURPHAM;BN18;97
NORTH TOWN;EX20;97
BAGSHOT;GU19;97
BISLEY;GL6;97
PUTTENHAM;GU3;97
SHALFORD;CM7;97
CHILWORTH;GU4;97
ALBURY;GU5;97
EWHURST;GU6;97
WORMLEY;EN10;97
SANDHILLS;DT9;97
HAMBLEDON;GU8;97
HEATH END;GU9;97
CLAYGATE;KT10;97
DOWNSIDE;BA4;97
COBHAM;DA12;97
HERSHAM;EX23;97
WOODHAM;DL17;97
LONGCROSS;KT16;97
EPSOM;KT17;97
OUTWOOD;RH1;97
FRIDAY STREET;BN23;97
CAPEL;RH5;97
COLDHARBOUR;E14;97
SHIPLEY BRIDGE;RH6;97
HORLEY;OX15;97
CROWHURST;RH7;97
HOLLAND;KW17;97
WALCOTE;B49;97
RED HILL;B49;97
EXHALL;B49;97
BROOM;B50;97
WISHAW;B76;97
NUTHURST;B94;97
ATTLEBOROUGH;CV11;97
WILLOUGHBY;CV23;97
THURLASTON;CV23;97
LONGBRIDGE;B31;97
WARWICK;CA4;97
KINETON;CV35;97
BARFORD;CV35;97
CHERINGTON;CV36;97
TREDINGTON;CV36;97
TIDDINGTON;CV37;97
LUDDINGTON;CV37;97
SHILTON;CV7;97
BURTON GREEN;CV8;97
GRENDON;CV9;97
HURLEY;CV9;97
WARMINGTON;OX17;97
BROADWATER;BN14;97
BINSTED;BN18;97
SOUTH STOKE;BN18;97
AMBERLEY;BN18;97
WESTBOURNE;BH4;97
NEW BRIGHTON;CH45;97
SOUTHBOURNE;BH6;97
NUTBOURNE;PO18;97
SINGLETON;FY6;97
HAMBROOK;BS16;97
OVING;HP22;97
STREET END;CT4;97
WORTH;CT14;97
HOLMBUSH;PL25;97
KINGSFOLD;RH12;97
HORSHAM;RH12;97
CRABTREE;PL3;97
PLAISTOW;E13;97
SUNNYSIDE;NE46;97
WEST BURTON;DL8;97
DODFORD;B61;97
FAIRFIELD;B61;97
HAM GREEN;B97;97
HOLT END;B98;97
HARVINGTON;DY10;97
WILDEN;DY13;97
RIPPLE;CT14;97
FIDDINGTON;GL20;97
HOLLYBUSH;HR8;97
ABBERTON;CO5;97
ALDINGTON;TN25;97
ROCHFORD;SS4;97
ST MICHAELS;TN30;97
MOSELEY;B13;97
WARNDON;WR4;97
HOLT HEATH;BH21;97
HARPLEY;PE31;97
HIGH LANE;DE7;97
ACTON GREEN;W4;97
CROWLE;DN17;97
PIRTON;SG5;97
NAUNTON;GL54;97
HIGH GREEN;NR9;97
OLDFIELD;BD22;97
GREEN STREET GREEN;BR6;97
SHOOTER'S HILL;DA16;97
ERITH;DA18;97
BEXLEYHEATH;DA6;97
ROTHERHITHE;E1;97
SHADWELL;E1;97
WHITECHAPEL;E1;97
LEA BRIDGE;E10;97
CANARY WHARF;E14;97
STRATFORD;E15;97
WALTHAM FOREST;E20;97
CLAPTON;E5;97
DALSTON;CA5;97
FARRINGDON;EC1;97
SMITHFIELD;CA6;97
BROADGATE;EC2;97
BROAD STREET;EC2;97
CHEAPSIDE;EC2;97
ENFIELD;EN1;97
EAST BARNET;EN4;97
HARROW;HA2;97
EASTBURY;HA6;97
STANMORE;HA7;97
KINGSTON UPON THAMES;KT1;97
SURBITON;KT5;97
NEWINGTON GREEN;N1;97
MUSWELL HILL;N10;97
BOWES PARK;N13;97
PALMERS GREEN;N13;97
STAMFORD HILL;N15;97
SEVEN SISTERS;N15;97
WEST GREEN;N17;97
HOLLOWAY ROAD;N19;97
HAMPSTEAD GARDEN SUBURB;N2;97
WINCHMORE HILL;HP7;97
STROUD GREEN;GL10;97
HARRINGAY;N4;97
HIGHBURY;BA3;97
HOLLOWAY;DE4;97
HARINGEY;N8;97
ST PANCRAS;NW1;97
BAKER STREET;NW1;97
KENSAL RISE;NW10;97
HENDON;NW4;97
KILBURN;DE56;97
MAIDA VALE;NW6;97
EDGWARE ROAD;NW9;97
ROMFORD;BH31;97
HORNCHURCH;RM11;97
WENNINGTON;LA2;97
RAINHAM;ME8;97
CRANHAM;GL4;97
SOUTH BANK;SE1;97
BERMONDSEY;SE1;97
VAUXHALL;SE11;97
GROVE PARK;SE12;97
LEWISHAM;SE13;97
LADYWELL;SE13;97
NEW CROSS;SE14;97
WALWORTH;DL2;97
PLUMSTEAD;NR11;97
CRYSTAL PALACE;SE19;97
THAMESMEAD;SE2;97
EAST DULWICH;SE22;97
FOREST HILL;OX33;97
TULSE HILL;SE27;97
BELLINGHAM;NE48;97
MORDEN;BH20;97
VICTORIA;PL26;97
WANDSWORTH;SW18;97
BRIXTON;PL8;97
STOCKWELL;SW4;97
CROMWELL ROAD;SW5;97
FULHAM PALACE ROAD;SW6;97
TWICKENHAM;TW1;97
TEDDINGTON;GL20;97
HANWORTH;NR11;97
CRANFORD;EX39;97
BOSTON MANOR;TW8;97
RICHMOND;DL10;97
WEST DRAYTON;DN22;97
WARREN STREET;ME17;97
PARK LANE;LL13;97
LADBROKE GROVE;W10;97
HOLLAND PARK;W11;97
GOLDHAWK ROAD;W12;97
BEDFORD PARK;W12;97
WESTERN AVENUE;W12;97
HAMMERSMITH;W14;97
CITY OF WESTMINSTER;W1A;97
PADDINGTON;W2;97
HYDE PARK;W2;97
HANWELL;OX17;97
MOUNT PLEASANT;DE56;97
ALSTON;CA9;97
COLYTON;EX13;97
NORTHLEIGH;EX13;97
WHITFORD;CH8;97
OAKFORD;EX16;97
SHILLINGFORD;EX16;97
TEMPLETON;EX16;97
CLAYHANGER;EX16;97
BICKLEIGH;EX16;97
PITT;EX16;97
TIVERTON;CW6;97
WOOLFARDISWORTHY;EX17;97
UPHAM;EX17;97
POUGHILL;EX17;97
FILLEIGH;EX17;97
ROBOROUGH;EX19;97
ALLERFORD;EX20;97
MELDON;EX20;97
CORYTON;EX20;97
ASHBURY;EX20;97
SHEEPWASH;EX21;97
CHILSWORTHY;EX22;97
ST JOHN'S CHAPEL;DL13;97
BICKINGTON;EX31;97
FREMINGTON;DL11;97
WEST BUCKLAND;EX32;97
PICKWELL;EX33;97
HELE;EX34;97
LANGRIDGE;BA1;97
HORNS CROSS;EX39;97
APPLEDORE;EX39;97
WOODTOWN;DD9;97
NORTHAM;EX39;97
LITTLEHAM;EX39;97
KENN;BS21;97
HOLCOMBE;BA3;97
HORSEBRIDGE;PL19;97
BLACKDOWN;DT8;97
YELVERTON;NR14;97
TORR;BT54;97
DUNSTONE;PL8;97
HOOE;PL9;97
SANDYGATE;IM7;97
LIVERTON;TQ12;97
WOODLAND;DL13;97
CATON;LA2;97
GALMPTON;TQ5;97
BOWDEN;TD6;97
CHILLINGTON;TA19;97
ST ANN'S CHAPEL;PL18;97
KINGSBRIDGE;TA23;97
RED POST;EX23;97
OUSTON;DH2;97
HAWKWELL;NE18;97
KIRKHEATON;HD5;97
OTTERBURN;BD23;97
OLD TOWN;LA6;97
ROCHESTER;ME1;97
HALLINGTON;LN11;97
PRESTWICK;KA9;97
BURRADON;NE23;97
DUDLEY;DY1;97
BLYTH;NE24;97
WARDEN;ME12;97
WARK;NE48;97
NUNWICK;HG4;97
ROTHLEY;LE7;97
HEBRON;NE61;97
STANNINGTON;NE61;97
HARTBURN;NE61;97
WARKWORTH;NE65;97
BIRLING;ME19;97
BLINDBURN;AB41;97
RADCLIFFE;M26;97
WINGATES;BL5;97
BRANTON;DN3;97
EMBLETON;CA13;97
BRUNTON;KY15;97
STAMFORD;NE66;97
ELLINGHAM;NE67;97
BELLSHILL;ML4;97
ELWICK;NE70;97
WESTNEWTON;CA5;97
COUPLAND;CA16;97
LANTON;NE71;97
KIRKNEWTON;EH27;97
CROOKHAM;RG19;97
FISHWICK;PR1;97
BEAL;DN14;97
SHOP;EX23;97
RAME;PL10;97
PORTHALLOW;PL13;97
TREDINNICK;PL14;97
DULOE;PE19;97
LEY;AB33;97
MIDDLEHILL;AB53;97
DOWNHEAD;BA4;97
BRIDGETOWN;PL15;97
ST STEPHENS;AL3;97
BATHPOOL;PL15;97
FOXHOLE;IV4;97
ROW;LA8;97
MAIDENWELL;LN11;97
MALPAS;SY14;97
FLUSHING;AB42;97
BRILL;HP18;97
CROSSLANES;SY22;97
ST ANTHONY;TR12;97
TROON;KA10;97
POOL;LS21;97
BRIDGE;CT4;97
ST HILARY;CF71;97
ST IVES;BH24;97
PORTH;CF39;97
BLUE ANCHOR;TA24;97
PENN;HP10;97
TYLERS GREEN;CM16;97
HADDENHAM;CB6;97
AYLESBURY;HP19;97
NUP END;GL19;97
THORNBOROUGH;DL8;97
LECKHAMPSTEAD;MK18;97
CALVERTON;MK19;97
WESTON UNDERWOOD;DE6;97
OLNEY;MK46;97
RAVENSTONE;LE67;97
PIDDINGTON;NN7;97
MILL END;RG9;97
BURNHAM;DN18;97
HORSEHEATH;CB1;97
LITTLE WILBRAHAM;CB1;97
LITTLE ABINGTON;CB1;97
WEST WRATTING;CB1;97
SHUDY CAMPS;CB1;97
HILDERSHAM;CB1;97
BARTLOW;CB1;97
WESTON COLVILLE;CB1;97
CASTLE CAMPS;CB1;97
FULBOURN;CB1;97
GREAT ABINGTON;CB1;97
GREAT WILBRAHAM;CB1;97
HADSTOCK;CB1;97
HINXTON;CB10;97
SAWSTON;CB2;97
WHITTLESFORD;CB2;97
GREAT SHELFORD;CB2;97
LITTLE SHELFORD;CB2;97
DUXFORD;CB2;97
HAUXTON;CB2;97
BABRAHAM;CB2;97
THRIPLOW;CB22;97
MADINGLEY;CB23;97
HARLTON;CB23;97
GREAT EVERSDEN;CB23;97
ELTISLEY;CB23;97
PAPWORTH EVERARD;CB23;97
OAKINGTON AND WESTWICK;CB23;97
LOLWORTH;CB23;97
LITTLE EVERSDEN;CB23;97
KNAPWELL;CB23;97
GRANTCHESTER;CB23;97
ELSWORTH;CB23;97
DRY DRAYTON;CB23;97
CAXTON;CB23;97
BOXWORTH;CB23;97
BOURN;CB23;97
BAR HILL;CB23;97
LONGSTOWE;CB23;97
FEN DITTON;CB24;97
HISTON;CB24;97
IMPINGTON;CB24;97
FEN DRAYTON;CB24;97
SWAFFHAM PRIOR;CB25;97
SWAFFHAM BULBECK;CB25;97
BOTTISHAM;CB25;97
STOW CUM QUY;CB25;97
STRETHAM;CB25;97
HORNINGSEA;CB25;97
LANDBEACH;CB25;97
LODE;CB25;97
REACH;CB25;97
GIRTON;CB3;97
WENTWORTH;CB6;97
WICKEN;CB7;97
ELY;CB7;97
NEWARK;KW17;97
TOWN END;LA11;97
HEYDON;NR11;97
LITLINGTON;BN26;97
BRIDGEFOOT;CA14;97
CARLISLE;CA1;97
SANDWICK;CA10;97
ASKHAM;CA10;97
ORTON;CA10;97
KELD;CA10;97
KIRKOSWALD;CA10;97
SKIRWITH;CA10;97
HUTTON ROOF;CA11;97
PLUMPTON;BN7;97
DACRE;CA11;97
WREAY;CA11;97
BRAITHWAITE;CA12;97
ROSTHWAITE;CA12;97
SCALES;CA12;97
THORNTHWAITE;CA12;97
STAIR;CA12;97
SEATHWAITE;CA12;97
GREAT BROUGHTON;CA13;97
EAGLESFIELD;CA13;97
BRANTHWAITE;CA14;97
WORKINGTON;CA14;97
CAMERTON;BA3;97
MARYPORT;CA15;97
WINTON;BH3;97
NATEBY;CA17;97
BECKFOOT;CA19;97
GOSFORTH;CA20;97
NETHERTOWN;CA22;97
PARTON;CA28;97
CAUSEWAYHEAD;CA5;97
GLASSON;CA5;97
IREBY;CA5;97
MOORHOUSE;CA5;97
BEAUMONT;CA5;97
NETHERBY;CA6;97
NOOK;CA6;97
ROCKCLIFFE;CA6;97
LAMBLEY;CA6;97
TODHILLS;CA6;97
MILLHOUSE;CA7;97
PARKEND;CA7;97
WAVERTON;CA7;97
LOW ROW;CA8;97
BANKS;CA8;97
DEEPDALE;BD23;97
BIGGAR;LA14;97
BOOTLE;L20;97
WATERHEAD;DG7;97
CROOK;DL15;97
WINSTER;DE4;97
LOWGILL;LA2;97
NEWHALL;CW5;97
SHORT HEATH;B23;97
LULLINGTON;BA11;97
OSMASTON;DE24;97
WENSLEY;DE4;97
PILSLEY;DE45;97
ROBIN HOOD;DE45;97
SWANWICK;DE55;97
HAZELWOOD;DE56;97
LEES;DE6;97
LONGLANE;DE6;97
FOSTON;DE65;97
DALE;DE7;97
RISLEY;DE72;97
NEWBOLD;LE67;97
ECTON;NN6;97
BUXTON;NR10;97
HERSTON;BH19;97
EAST STOKE;BH20;97
STEEPLE;BH20;97
STANBRIDGE;BH21;97
KNOWLTON;BH21;97
LONGHAM;BH22;97
DORCHESTER;DT1;97
MANSTON;CT12;97
SHAPWICK;DT11;97
FOLLY;DT2;97
UPHALL;DT2;97
WEST COMPTON;BA4;97
BATCOMBE;BA4;97
FRAMPTON;DT2;97
WEYMOUTH;DT3;97
SOUTHWELL;DT5;97
NETTLECOMBE;DT6;97
SHERBORNE;DT9;97
ASHMORE;PH10;97
ROTTINGDEAN;BN2;97
EASTBOURNE;BN21;97
WINDMILL HILL;BN27;97
SOUTH STREET;BN8;97
OFFHAM;BN8;97
SILVER HILL;TN19;97
COOPER'S CORNER;TN14;97
DALLINGTON;NN5;97
NUTLEY;RG25;97
HOOK GREEN;DA13;97
BECKLEY;OX3;97
MOUNTFIELD;BT79;97
NETHERFIELD;NG4;97
KENT STREET;ME18;97
BATTLE;LD3;97
ELMDON;B26;97
CHELMSFORD;CM1;97
SOUTH GREEN;CM11;97
EPPING GREEN;CM16;97
WIDFORD;CM2;97
FAIRSTEAD;CM3;97
HOWE STREET;CM3;97
HEYBRIDGE;CM4;97
BARNSTON;CH61;97
CAUSEWAY END;CM6;97
GREAT EASTON;CM6;97
BLACKMORE END;AL4;97
BRAINTREE;CM7;97
BULMER;CO10;97
RAMSEY;CO12;97
GREAT OAKLEY;CO12;97
LITTLE OAKLEY;CO12;97
BIRCH;CO2;97
STANWAY;CO3;97
BASILDON;RG8;97
LINFORD;BH24;97
CORRINGHAM;DN21;97
WINTERBOURNE;BS36;97
DODINGTON;BS37;97
NIBLEY;BS37;97
FALFIELD;GL12;97
BLAKENEY;GL15;97
STAUNTON;GL16;97
LONGHOPE;GL17;97
TAYNTON;GL19;97
THRUPP;GL5;97
STROUD;GL5;97
CHELTENHAM;GL50;97
PRESTBURY;GL52;97
STOWELL;DT9;97
MICKLETON;DL12;97
HYDE;GL6;97
SIDDINGTON;GL7;97
SAPPERTON;GL7;97
BARNSLEY;GL7;97
MARSHFIELD;CF3;97
HAWLEY;DA2;97
HIGH CROSS;GU32;97
BLACKMOOR;GU33;97
WHEATLEY;GU34;97
SLEAFORD;GU35;97
HARDWAY;BA10;97
WICKHAM;PO17;97
SOUTHSEA;LL11;97
HORNDEAN;PO8;97
CLANFIELD;OX18;97
CHALTON;LU4;97
HATCH;RG24;97
STEVENTON;OX13;97
RISELEY;MK44;97
TUFTON;RG28;97
STOCKBRIDGE;FK15;97
SPARSHOLT;OX12;97
AVINGTON;RG17;97
CURBRIDGE;OX29;97
HILL TOP;SO42;97
HYTHE;CT21;97
TIMSBURY;BA3;97
BINLEY;CV3;97
KIMPTON;SG4;97
HUNGERFORD;RG17;97
MARTIN;LN4;97
ST ALBANS;AL1;97
OAKLANDS;AL6;97
WATER END;AL9;97
LILLEY;LU2;97
GREEN END;MK44;97
WARE;CT3;97
BAYFORD;BA9;97
BENINGTON;PE22;97
HARE STREET;SG2;97
CROMER;NR27;97
HITCHIN;SG4;97
RADWELL;MK43;97
BARLEY;BB12;97
ROYSTON;S71;97
RUSHDEN;NN10;97
ANSTEY;LE7;97
CHIPPING;PR3;97
BUSHEY;WD1;97
MINSTER;CT12;97
MAXTON;CT17;97
SANDGATE;CT20;97
GOODNESTONE;CT3;97
CRUNDALE;CT4;97
SOLE STREET;CT4;97
WALTHAM;CT4;97
MAIDSTONE;ME14;97
DITTON;ME20;97
CLIFFE;ME3;97
WESTWELL;OX18;97
BONNINGTON;DD11;97
STANFORD;SG18;97
WOODCHURCH;CH49;97
WICK HILL;RG40;97
EGERTON;BL7;97
SIBSON;CV13;97
CADEBY;CV13;97
MOIRA;BT67;97
WYMONDHAM;LE14;97
GRIMSTON;LE14;97
COSTON;LE14;97
GARTHORPE;DN17;97
SPROXTON;LE14;97
HARBY;LE14;97
SAXBY;LE14;97
WELHAM;DN22;97
SWINFORD;LE17;97
BRAUNSTONE;LE3;97
BARDON;IV30;97
SWANNINGTON;LE67;97
COSSINGTON;LE7;97
LODDINGTON;LE7;97
KING'S NORTON;B38;97
SYSTON;LE7;97
NARBOROUGH;LE9;97
BOTTESFORD;DN16;97
WOOLSTHORPE;NG32;97
NORMANBY;DN15;97
ROXBY;DN15;97
COLEBY;DN15;97
KEXBY;DN21;97
ULCEBY;DN39;97
KELFIELD;DN9;97
NORTH CARLTON;LN1;97
STOW;LN1;97
RAITHBY;LN11;97
LITTLE CARLTON;LN11;97
CLAXBY;LN13;97
STAINFIELD;LN3;97
REEPHAM;LN3;97
RANBY;DN22;97
FISKERTON;LN3;97
HORSINGTON;BA8;97
NEW YORK;LN4;97
HAWTHORN HILL;LN4;97
HEIGHINGTON;DL5;97
CHAPEL HILL;AB42;97
WADDINGTON;BB7;97
THURLBY;LN5;97
BECKINGHAM;DN10;97
HADDINGTON;EH41;97
THORPE ON THE HILL;LN6;97
HOWSHAM;LN7;97
WALESBY;LN8;97
THIMBLEBY;DL6;97
MANTHORPE;NG31;97
BARKSTON;LS24;97
CAYTHORPE;NG14;97
FREISTON;NG32;97
GUNBY;NG33;97
ASGARBY;NG34;97
BRIDGE END;NG34;97
SWINESHEAD;MK44;97
BUTTERWICK;PE22;97
HARRINGTON;NN6;97
SEACROFT;LS14;97
WINTHORPE;NG24;97
BARHOLM;DG8;97
BILLINGFORD;IP21;97
DISS;IP22;97
FOULDEN;IP26;97
WEST TOFTS;IP26;97
THURGARTON;NG14;97
SUFFIELD;NR11;97
HICKLING;LE14;97
CANTLEY;DN3;97
SOUTHWOOD;BA6;97
HAPTON;BB11;97
FRITTON;NR15;97
BESTHORPE;NG23;97
KIMBERLEY;NG16;97
THURNING;NR20;97
HEMPTON;NR21;97
GUNTHORPE;NG14;97
KNAPTON;NR28;97
CALIFORNIA;FK1;97
SOUTHTOWN;KW17;97
LYNG;NR9;97
BAGTHORPE;NG16;97
NEW HOUGHTON;NG19;97
WATLINGTON;OX49;97
RINGSTEAD;NN14;97
CALDECOTT;LE16;97
BRACKLEY;IV1;97
HALSE;NN13;97
ISLIP;NN14;97
GREAT HOUGHTON;NN4;97
DRAUGHTON;BD23;97
WELFORD;NN6;97
WINWICK;NN6;97
RAVENSTHORPE;NN6;97
QUINTON;B62;97
COWLING;BD22;97
STAINFORTH;BD24;97
SCORTON;DL10;97
HEALAUGH;DL11;97
KIRBY HILL;DL11;97
DEIGHTON;DL6;97
WHORLTON;DL12;97
LEEMING;BD22;97
NEWTON-LE-WILLOWS;DL8;97
KIRKLINGTON;DL8;97
WHITLEY;DN14;97
HARROGATE;HG1;97
LOFTHOUSE;HG3;97
ILTON;HG4;97
GOLDSBOROUGH;HG5;97
INGLETON;DL2;97
BICKERTON;LS22;97
MIDDLESBROUGH;TS1;97
KILTON;TA5;97
BORROWBY;TS13;97
PICTON;CH2;97
ACKLAM;TS5;97
MALTBY;S66;97
SEAMER;TS9;97
EASTFIELD;ML7;97
HACKNESS;KW16;97
EVERLEY;KW1;97
WYKEHAM;YO13;97
MUSTON;NG13;97
SHERBURN;DH6;97
WESTERDALE;KW12;97
GROSMONT;NP7;97
TOLLERTON;NG12;97
HUBY;LS17;97
SOWERBY;HX6;97
HAMBLETON;FY6;97
HARWELL;DN10;97
LITTLEBOROUGH;DN22;97
GAMSTON;DN22;97
BRADMORE;NG11;97
RUDDINGTON;NG11;97
HAWKSWORTH;LS20;97
MANSFIELD;NG18;97
COLLINGHAM;LS22;97
ELSTON;NG23;97
FARNDON;CH3;97
BROXTOWE;NG80;97
CITY OF NOTTINGHAM;NG80;97
MOLLINGTON;CH1;97
COTE;OX18;97
WOODSTOCK;BT6;97
CHINNOR;OX39;97
RADFORD;CV6;97
FIFIELD;OX7;97
FULWELL;OX7;97
HENTON;BA5;97
WATCHFIELD;SN6;97
WOOLLEY;BA1;97
BANWELL;BS24;97
HEWISH;BS24;97
CHAPEL ALLERTON;BS26;97
THEALE;BS28;97
WESTPORT;PA28;97
DINNINGTON;NE13;97
CUDWORTH;S72;97
GREENHAM;RG14;97
WINSFORD;CW7;97
GREENWAY;SA62;97
KNAPP;PH14;97
BLACKBURN;BB1;97
BARNOLDSWICK;BB18;97
MELLOR;BB2;97
LOW MOOR;BB7;97
BILLINGTON;BB7;97
WHITEWELL;AB43;97
EARBY;BB8;97
NELSON;BB9;97
ADLINGTON;BL6;97
AUGHTON;L39;97
CLAUGHTON;LA2;97
MELLING;L31;97
FULWOOD;PR2;97
LONGRIDGE;EH47;97
HIGHER WALTON;PR5;97
CRAWFORD;ML12;97
THORNLEY;DH6;97
NEWLANDS;DH8;97
NEVILLE'S CROSS ED;DH97;97
STANHOPE;DL13;97
HAMSTERLEY;DL13;97
SUNNISIDE;DL13;97
OAKENSHAW;BD12;97
DARLINGTON;DL3;97
BISHOPTON;PA7;97
ALLERTON;BD15;97
HUDDERSFIELD;HD1;97
SCHOLES;HD7;97
HOLMFIRTH;HD7;97
MARSDEN;HD7;97
LANE HEAD;HD8;97
MIDGLEY;HX7;97
WAKEFIELD;WF1;97
HANDSWORTH;B21;97
WARLEY;B67;97
SUTTON COLDFIELD;B73;97
WILLENHALL;CV3;97
BROWNHILLS;KY16;97
BILSTON;EH25;97
BLAKENHALL;CW5;97
NORTH SHIELDS;NE29;97
BLAKELAW;NE4;97
WHITBURN;EH47;97
MOSS;DN6;97
HIGHLANE;S12;97
BIRKENHEAD;CH41;97
PRENTON;CH42;97
WALLASEY;CH44;97
KNOWSLEY;L34;97
HIGHTOWN;CW12;97
WEST PARK;AB31;97
FARNWORTH;BL4;97
OLDHAM;OL1;97
BROADLEY;AB56;97
WARDLE;CW5;97
MOSSLEY;BT36;97
STOCKPORT;SK1;97
HARTHILL;CH3;97
ELLESMERE PORT;CH65;97
LIGHTWOOD GREEN;CW3;97
BROKEN CROSS;CW9;97
WARREN;SA71;97
STREATLEY;LU3;97
SLOUGH;SL1;97
PENTRE-CELYN;LL15;97
LLANFWROG;LL15;97
BLACKROCK;NP7;97
DOLWEN;LL22;97
CRAIK;AB54;97
JOHNSTOWN;LL14;97
TALWRN;LL14;97
ST SAMPSONS;GY2;97
DELANCEY;GY2;97
BELFAST NORTH;BT13;97
DUNDONALD;BT16;97
HOLYWOOD;BT18;97
NEWTOWNARDS;BT22;97
DROMORE;BT25;97
LISBURN;BT27;97
NEWRY;BT34;97
CAMLOUGH;BT35;97
BELLEEK;BT35;97
NEWTOWNABBEY;BT36;97
BELFAST EAST;BT4;97
PARK;AB45;97
CASTLEREAGH;BT5;97
COLERAINE;BT51;97
KNOCKBREDA;BT6;97
ARMAGH;BT60;97
MARKETHILL;BT60;97
PORTADOWN;BT62;97
DUNGANNON;BT70;97
OMAGH;BT78;97
KILLEN;BT81;97
TIPPERTY;AB30;97
SCOTSTON;AB30;97
CROSSROADS;AB31;97
ELRICK;AB32;97
WESTHILL;AB32;97
MILLBURN;AB33;97
WHITEHOUSE;AB33;97
HILLOCKHEAD;AB33;97
HEUGH-HEAD;AB34;97
MARYWELL;AB34;97
BALFOUR;AB34;97
OLDHALL;AB34;97
CRATHIE;AB35;97
TORBEG;AB35;97
KINCRAIG;AB41;97
LOANHEAD;AB41;97
CAIRNHILL;AB41;97
BODDAM;AB42;97
ALDIE;AB42;97
SMALLBURN;AB42;97
MELROSE;AB45;97
GREENLAW;AB45;97
GORDONSTOWN;AB45;97
DAVIOT;AB51;97
HILLBRAE;AB51;97
LESLIE;AB52;97
DUNCANSTON;AB52;97
CLUNIE;AB53;97
MARYHILL;AB53;97
COT-TOWN;AB53;97
FINTRY;AB53;97
RHYNIE;AB54;97
CLOVA;AB54;97
SKARES;AB54;97
SUCCOTH;AB54;97
KEPPOCH;G82;97
ARDVORLICH;FK19;97
FINNART;G84;97
KILBRIDE;PA20;97
KILCHATTAN;PA20;97
STUCK;PA20;97
GLENMORE;IV51;97
DRUM;KY13;97
BALLIMORE;FK19;97
CONCHRA;IV40;97
DUNAN;IV49;97
BENMORE;FK20;97
HAZELBANK;ML11;97
LEANACH;IV1;97
KEIL;PA28;97
TORRISDALE;KW14;97
STONEFIELD;G72;97
KILLEAN;PA29;97
DUNMORE;FK2;97
FURNACE;PA32;97
DURRAN;KW14;97
SHELLACHAN;PA34;97
KILCHOAN;PA34;97
ANNAT;IV22;97
TREVINE;PA35;97
BALURE;PA35;97
ACHNACLOICH;IV46;97
KINTRA;PA42;97
MACHRIE;KA27;97
BARR;KA26;97
LEALT;IV51;97
CABRACH;AB54;97
BALNAHARD;PA61;97
LEDMORE;IV27;97
SALEN;PA72;97
CAOLAS;HS9;97
REDCASTLE;DD11;97
KINNELL;DD11;97
PARKHILL;DD11;97
CHAPELTON;DD11;97
LUNDIE;DD2;97
KELLAS;DD5;97
BARRY;CF62;97
LETHAM;DD8;97
BALDOVIE;DD5;97
GLENLEE;DD9;97
NETHERWOOD;DG1;97
CASTLEMILK;DG11;97
GLENDEARG;DG13;97
RIGG;DG16;97
GLEN;DG2;97
BURNHEAD;DG3;97
PENPONT;DG3;97
BARNBARROCH;DG5;97
VALLEYFIELD;DG6;97
BORGUE;DG6;97
HOLMHEAD;DG7;97
LAURIESTON;DG7;97
NETHERTHIRD;DG7;97
CRAIGDHU;DG8;97
STEWARTON;DG8;97
LOCH HEAD;DG8;97
LOGAN;DG9;97
BALGOWAN;DG9;97
BURNTON;KA18;97
LOCHHILL;IV30;97
LITTLEMILL;IV12;97
BROXBURN;EH42;97
STENTON;EH42;97
INNERWICK;EH42;97
BUSBY;G76;97
KINCARDINE;FK10;97
AIRDRIE;KY10;97
CRAIGHEAD;IV11;97
HILLEND;EH10;97
CROSSHILL;KA19;97
CROY;G65;97
FISHERTON;IV1;97
WHITEBRIDGE;IV1;97
CRAGGIE;IV1;97
MOSS-SIDE;AB54;97
REDBURN;IV12;97
TRADESPARK;IV12;97
CLUNE;AB56;97
BALVRAID;IV13;97
TARVIE;IV14;97
DRUMMOND;FK17;97
LAMINGTON;IV18;97
DOUNIE;IV19;97
TAIN;IV19;97
CASTLECRAIG;EH46;97
OPINAN;IV21;97
SHIELDAIG;IV21;97
MIDTOWN;IV22;97
CARNACH;IV23;97
CAMUSNAGAUL;IV23;97
CROICK;IV24;97
BALBLAIR;IV24;97
ACHOSNICH;IV25;97
SALLACHY;IV27;97
STRATHAN;IV27;97
MORVICH;IV28;97
LOCHEND;IV3;97
DRUMNADROCHIT;IV3;97
BALCHRAGGAN;IV3;97
SANDAIG;IV40;97
CARBOST;IV47;97
KIRKIBOST;HS2;97
ACHMORE;FK21;97
STRUAN;IV56;97
CORNTOWN;CF35;97
URQUHART;IV30;97
BACKIES;AB56;97
ROADSIDE;KW12;97
STEMSTER;KW12;97
LYBSTER;KW14;97
TOREMORE;KW6;97
KILLIN;FK21;97
CLAGGAN;PA34;97
ACHNAHA;PA34;97
LETTOCH;PH25;97
LYNEMORE;AB37;97
MURLAGGAN;PH31;97
CLIFF;PH36;97
GREENOCK;PA15;97
CRAGGAN;AB37;97
DRYBRIDGE;AB56;97
DIPPLE;IV32;97
CRAIGEND;IV36;97
ARDOCH;IV36;97
MORNINGSIDE;EH10;97
SKAILL;KW16;97
KIRBISTER;KW16;97
IRELAND;KW16;97
RACKWICK;KW16;97
ISBISTER;KW17;97
TOAB;KW17;97
TWATT;KW17;97
BURWICK;KW17;97
PAISLEY;PA1;97
CROSSLEE;PA6;97
SYMINGTON;KA1;97
KIRKMICHAEL;KA19;97
MORRISTON;KA19;97
STRAITON;EH20;97
JOPPA;EH15;97
AYTON;PH2;97
CHESTERS;TD8;97
ROBERTON;ML12;97
WISTON;ML12;97
CAULDHAME;FK15;97
KENKNOCK;FK21;97
KIPPEN;FK8;97
OCHTERTYRE;FK9;97
GILMERTON;EH17;97
CEANN A'BHAIGH;HS3;97
BORGH;HS6;97
CASTLEBAY;HS9;97
NEWMILN;PH1;97
BALLINLUIG;PH10;97
CARIE;PH15;97
LAWERS;PH15;97
ST DAVID'S;PH7;97
BETWS;CF32;97
CAERAU;CF34;97
DYFFRYN;CF34;97
TRE-GROES;CF35;97
BEULAH;LD5;97
ABER;LL53;97
HOREB;SA15;97
LLANGYBI;LL53;97
BETHANIA;LL41;97
PENNANT;SY19;97
RHYDYFELIN;CF37;97
CROSS HANDS;SA14;97
DREFACH;SA14;97
PENYGROES;LL54;97
TYCROES;LL63;97
LLWYN-Y-BRAIN;SA19;97
LLANSADWRN;LL59;97
LLANDDEUSANT;LL65;97
CWMDU;NP8;97
PORTHYRHYD;SA19;97
CILGWYN;SA20;97
PENSARN;LL22;97
LLANFYNYDD;LL11;97
CROESYCEILIOG;NP44;97
CAPEL GWYN;LL65;97
LLANGYNOG;SA33;97
LLANSTEPHAN;LD3;97
HENLLAN;LL16;97
RHOS;SA44;97
TY-NANT;LL21;97
LLANGWM;LL21;97
GELL;LL22;97
RHYDLYDAN;LL24;97
GRAIG;LL17;97
MOCHDRE;LL28;97
WENALLT;LL21;97
GLAN-YR-AFON;LL21;97
LLANFIHANGEL-Y-PENNANT;LL36;97
MINFFORDD;LL40;97
PEN-SARN;LL45;97
RHYD;LL48;97
TREFOR;LL54;97
LLANWNDA;LL54;97
BRYNREFAIL;LL55;97
BETHESDA;LL57;97
CLYDACH;NP7;97
PENTREBACH;CF48;97
CADOXTON;CF63;97
CYMMER;CF39;97
YSTRADOWEN;CF71;97
VELINDRE;LD3;97
ST NICHOLAS;CF5;97
NEUADD;LD2;97
RHOSGOCH;LD2;97
LLANFAES;LD3;97
LLANDOUGH;CF64;97
MISKIN;CF45;97
BALLASALLA;IM7;97
ST PETER PORT;GY1;97
SARK;GY10;97
CASTEL;GY5;97
SAINT ANDREW;GY6;97
SAINT SAVIOUR;GY7;97
SAINT PIERRE DU BOIS;GY7;97
TORTEVAL;GY8;97
FOREST;GY8;97
ALDERNEY;GY9;97
ST HELIER;JE1;97
RINGWAY;M90;1
EASTRINGTON;DN14;1
RAWCLIFFE BRIDGE;DN14;1
WHITGIFT;DN14;1
SALTMARSHE;DN14;1
REEDNESS;DN14;1
OUSEFLEET;DN14;1
KNEDLINGTON;DN14;1
BLACKTOFT;DN14;1
ASSELBY;DN14;1
YOKEFLEET;DN14;1
SWINEFLEET;DN14;1
SPALDINGTON;DN14;1
SNAITH;DN14;1
RAWCLIFFE;DN14;1
POLLINGTON;DN14;1
OLD GOOLE;DN14;1
LOW EGGBOROUGH;DN14;1
KILPIN;DN14;1
GRIBTHORPE;DN14;1
GOWDALL;DN14;1
GOOLE;DN14;1
FAXFLEET;DN14;1
EAST COWICK;DN14;1
HOWDEN;DN14;1
BELLASIZE;DN14;1
BARMBY ON THE MARSH;DN14;1
BALKHOLME;DN14;1
ADLINGFLEET;DN14;1
AIRMYN;DN14;1
KINGSTON UPON HULL;HU1;1
KIRK ELLA;HU10;1
ANLABY;HU10;1
ALDBROUGH;HU11;1
FLINTON;HU11;1
GREAT HATFIELD;HU11;1
GARTON;HU11;1
WITHERNWICK;HU11;1
GANSTEAD;HU11;1
GREAT COWDEN;HU11;1
SWINE;HU11;1
SPROATLEY;HU11;1
SOUTH SKIRLAUGH;HU11;1
SIGGLESTHORNE;HU11;1
RISE;HU11;1
OLD ELLERBY;HU11;1
NEW ELLERBY;HU11;1
LONG RISTON;HU11;1
WINESTEAD;HU12;1
OTTRINGHAM;HU12;1
HALSHAM;HU12;1
HEDON;HU12;1
ELSTRONWICK;HU12;1
KEYINGHAM;HU12;1
BURTON PIDSEA;HU12;1
BURSTWICK;HU12;1
KILNSEA;HU12;1
LELLEY;HU12;1
HAVEN SIDE;HU12;1
OLD HALL;HU12;1
OWSTWICK;HU12;1
PATRINGTON;HU12;1
PAULL;HU12;1
ROOS;HU12;1
SKEFFLING;HU12;1
SUNK ISLAND;HU12;1
THORNGUMBALD;HU12;1
WADWORTH HILL;HU12;1
WELWICK;HU12;1
HESSLE;HU13;1
NORTH FERRIBY;HU14;1
WEST ELLA;HU14;1
SWANLAND;HU14;1
BROOMFLEET;HU15;1
BRANTINGHAM;HU15;1
NORTH CAVE;HU15;1
GILBERDYKE;HU15;1
STADDLETHORPE;HU15;1
RIPLINGHAM;HU15;1
SOUTH CAVE;HU15;1
ELLERKER;HU15;1
ELLOUGHTON;HU15;1
EVERTHORPE;HU15;1
EPPLEWORTH;HU16;1
SKIDBY;HU16;1
GARDHAM;HU17;1
HOLME ON THE WOLDS;HU17;1
LECONFIELD;HU17;1
BISHOP BURTON;HU17;1
CATWICK;HU17;1
ROUTH;HU17;1
WALKINGTON;HU17;1
WOODMANSEY;HU17;1
LITTLE CATWICK;HU17;1
MOLES-CROFT;HU17;1
THEARNE;HU17;1
TICKTON;HU17;1
SOUTH DALTON;HU17;1
ARRAM;HU17;1
BEVERLEY;HU17;1
CHERRY BURTON;HU17;1
MAPPLETON;HU18;1
ROLSTON;HU18;1
HORNSEA;HU18;1
RIMSWELL;HU19;1
WAXHOLME;HU19;1
HOLLYM;HU19;1
HOLMPTON;HU19;1
OUT NEWTON;HU19;1
WITHERNSEA;HU19;1
LITTLE WEIGHTON;HU20;1
DUNSWELL;HU6;1
STONEFERRY;HU7;1
SUTTON-ON-HULL;HU7;1
WAWNE;HU7;1
MARFLEET;HU9;1
SEWERBY;YO15;1
BEMPTON;YO15;1
HILDERTHORPE;YO15;1
FRAISTHORPE;YO15;1
FLAMBOROUGH;YO15;1
GRINDALE;YO16;1
BRIDLINGTON;YO16;1
BOYNTON;YO16;1
CARNABY;YO16;1
BESSINGBY;YO16;1
SLEDMERE;YO25;1
SOUTHBURN;YO25;1
SWAYTHORPE;YO25;1
THORNHOLME;YO25;1
TIBTHORPE;YO25;1
AIKE;YO25;1
BURTON AGNES;YO25;1
BURSHILL;YO25;1
BRANDESBURTON;YO25;1
BEWHOLME;YO25;1
GREAT KELK;YO25;1
BEEFORD;YO25;1
HEMPHOLME;YO25;1
LITTLE BURTON;YO25;1
OLD SUNDERLANDWICK;YO25;1
SCORBOROUGH;YO25;1
WETWANG;YO25;1
FORDON;YO25;1
GARTON-ON-THE-WOLDS;YO25;1
HUTTON CRANSWICK;YO25;1
KILNWICK;YO25;1
LISSETT;YO25;1
MIDDLETON-ON-THE-WOLDS;YO25;1
NORTH DALTON;YO25;1
NORTH FRODINGHAM;YO25;1
ROTSEA;YO25;1
RUDSTON;YO25;1
ULROME;YO25;1
BARMSTON;YO25;1
SKIPSEA;YO25;1
FIMBER;YO25;1
FRIDAYTHORPE;YO25;1
SKERNE;YO25;1
RUSTON PARVA;YO25;1
BURTON FLEMING;YO25;1
NAFFERTON;YO25;1
HARPHAM;YO25;1
COWLAM MANOR;YO25;1
FOSTON ON THE WOLDS;YO25;1
HAISTHORPE;YO25;1
EASTBURN;YO25;1
GEMBLING;YO25;1
GRANSMOOR;YO25;1
OCTON;YO25;1
THWING;YO25;1
GREAT DRIFFIELD;YO25;1
ATWICK;YO25;1
KELLEYTHORPE;YO25;1
LITTLE DRIFFIELD;YO25;1
LOWTHORPE;YO25;1
BESWICK;YO25;1
WILBERFOSS;YO41;1
SKIRPENBECK;YO41;1
HELMSLEY;YO41;1
MELTONBY;YO42;1
HUGGATE;YO42;1
EVERINGHAM;YO42;1
POCKLINGTON;YO42;1
BARMBY MOOR;YO42;1
STORWOOD;YO42;1
BIELBY;YO42;1
LAYTHAM;YO42;1
NORTH NEWBALD;YO43;1
HOLME-ON-SPALDING-MOOR;YO43;1
MARKET WEIGHTON;YO43;1
SHIPTONTHORPE;YO43;1
HOTHAM;YO43;1
BUBWITH;YO8;1
FOGGATHORPE;YO8;1
WRESSLE;YO8;1
BREIGHTON;YO8;1
EDITH WESTON;LE15;1
EGLETON;LE15;1
COTTESMORE;LE15;1
COLD OVERTON;LE15;1
CLIPSHAM;LE15;1
EMPINGHAM;LE15;1
MARKET OVERTON;LE15;1
NORTH LUFFENHAM;LE15;1
UPPER HAMBLETON;LE15;1
BISBROOKE;LE15;1
BARLEYTHORPE;LE15;1
WHISSENDINE;LE15;1
WARDLEY;LE15;1
THORPE BY WATER;LE15;1
SOUTH LUFFENHAM;LE15;1
OAKHAM;LE15;1
MORCOTT;LE15;1
MAREFIELD;LE15;1
LYDDINGTON;LE15;1
GLASTON;LE15;1
STOKE DRY;LE15;1
LYNDON;LE15;1
TEIGH;LE15;1
UPPINGHAM;LE15;1
AYSTON;LE15;1
BARROWDEN;LE15;1
TICKENCOTE;PE9;1
RYHALL;PE9;1
LITTLE CASTERTON;PE9;1
TIXOVER;PE9;1
TINWELL;PE9;1
GREAT CASTERTON;PE9;1
ESSENDINE;PE9;1
KETTON;PE9;1
WOORE;CW3;1
KINLET;DY12;1
MILSON;DY14;1
NEEN SAVAGE;DY14;1
SILVINGTON;DY14;1
STOTTESDON;DY14;1
CLEOBURY MORTIMER;DY14;1
FARLOW;DY14;1
HOPTON WAFERS;DY14;1
NEEN SOLLARS;DY14;1
DUTLAS;LD7;1
FIVE TURNINGS;LD7;1
LLANFAIR WATERDINE;LD7;1
LLOYNEY;LD7;1
PILLETH;LD7;1
QUABBS;LD7;1
MILEBROOK;LD7;1
RHOS-Y-MEIRCH;LD7;1
PANPUNTON;LD7;1
BATTLEFIELD;SY1;1
DOVASTON;SY10;1
CROESAU BACH;SY10;1
PENISARCWN;SY10;1
CEDIG;SY10;1
BROGYNTYN;SY10;1
BWLCH-Y-DDAR;SY10;1
CRAIGNANT;SY10;1
TREFONEN;SY10;1
SELATTYN;SY10;1
CRICKHEATH;SY10;1
RHYDYCROESAU;SY10;1
EDGERLEY;SY10;1
MAESBURY MARSH;SY10;1
LLANYBLODWEL;SY10;1
LLYNCLYS;SY10;1
KNOCKIN;SY10;1
KINNERLEY;SY10;1
TYN-Y-FFRIDD;SY10;1
WESTON RHYN;SY10;1
TREFLACH;SY10;1
LLAWNT;SY10;1
PREESGWEENE;SY10;1
TAN-Y-PISTYLL;SY10;1
PENYGARNEDD;SY10;1
ALLTFORGAN;SY10;1
BALL;SY10;1
CEFN-COCH;SY10;1
RHIWARGOR;SY10;1
NANTMAWR;SY10;1
PORTH-Y-WAEN;SY10;1
MORDA;SY10;1
GOBOWEN;SY10;1
IFTON HEATH;SY11;1
WEST FELTON;SY11;1
BABBINSWOOD;SY11;1
GRIMPO;SY11;1
NEW MARTON;SY11;1
QUEEN'S HEAD;SY11;1
HINDFORD;SY11;1
RHYN;SY11;1
ST MARTIN'S;SY11;1
STREET DINAS;SY11;1
WEIRBROOK;SY11;1
WELSH FRANKTON;SY11;1
OSWESTRY;SY11;1
ELLESMERE;SY12;1
WELSHAMPTON;SY12;1
HORDLEY;SY12;1
KENWICK;SY12;1
SODYLT BANK;SY12;1
LOWER HORDLEY;SY12;1
LYNEAL;SY12;1
ENGLISH FRANKTON;SY12;1
ELSON;SY12;1
DUDLESTON HEATH;SY12;1
COLEMERE;SY12;1
PERTHY;SY12;1
COCKSHUTT;SY12;1
TETCHILL;SY12;1
BAGLEY;SY12;1
WELSH END;SY13;1
TILSTOCK;SY13;1
THE CHEQUER;SY13;1
PREES GREEN;SY13;1
PREES;SY13;1
PLATT LANE;SY13;1
EGLWYS CROSS;SY13;1
FAULS;SY13;1
MILLENHEATH;SY13;1
AROWRY;SY13;1
MARLEY GREEN;SY13;1
BURLEYDAM;SY13;1
ASH MAGNA;SY13;1
BRONINGTON;SY13;1
IGHTFIELD;SY13;1
HOLLINWOOD;SY13;1
HORSEMAN'S GREEN;SY13;1
DARLISTON;SY13;1
EDGELEY;SY13;1
BROUGHALL;SY13;1
CALVERHALL;SY13;1
WILKESLEY;SY13;1
WHIXALL;SY13;1
ALKINGTON;SY13;1
PREES HIGHER HEATH;SY13;1
CHIRBURY;SY15;1
THE ISLE;SY3;1
MEOLE BRACE;SY3;1
BICTON HEATH;SY3;1
GREAT LYTH;SY3;1
BAYSTON HILL;SY3;1
PADDOLGREEN;SY4;1
CLIVE;SY4;1
QUINA BROOK;SY4;1
RODINGTON;SY4;1
RUYTON-XI-TOWNS;SY4;1
SHAWBURY;SY4;1
PRESTON BROCKHURST;SY4;1
SHRAWARDINE;SY4;1
TILLEY;SY4;1
BASCHURCH;SY4;1
BURLTON;SY4;1
EDSTASTON;SY4;1
GREAT NESS;SY4;1
GRINSHILL;SY4;1
HADNALL;SY4;1
LEATON;SY4;1
MYDDLEWOOD;SY4;1
LOPPINGTON;SY4;1
MARCHAMLEY;SY4;1
HIGH HATTON;SY4;1
MERRINGTON;SY4;1
MONTFORD;SY4;1
BOOLEY;SY4;1
UPTON MAGNA;SY4;1
FITZ;SY4;1
MYDDLE;SY4;1
STANTON UPON HINE HEATH;SY4;1
WEM;SY4;1
WILCOTT;SY4;1
WESTON LULLINGFIELDS;SY4;1
YORTON;SY4;1
ENSDON;SY4;1
FELTON BUTLER;SY4;1
LEE BROCKHURST;SY4;1
MORETON CORBET;SY4;1
WYKEY;SY4;1
NONELEY;SY4;1
YEATON;SY4;1
GREAT WYTHEFORD;SY4;1
LITTLE NESS;SY4;1
MONTFORD BRIDGE;SY4;1
HARMER HILL;SY4;1
BOMERE HEATH;SY4;1
NESSCLIFFE;SY4;1
POYNTON GREEN;SY4;1
EDGEBOLTON;SY4;1
STANWARDINE IN THE FIELDS;SY4;1
PRESTON GUBBALS;SY4;1
PRESCOTT;SY4;1
NOX;SY5;1
THE BOG;SY5;1
VENNINGTON;SY5;1
STRETTON HEATH;SY5;1
GOLDING;SY5;1
SNAILBEACH;SY5;1
SHOOT HILL;SY5;1
SHELVE;SY5;1
SHEINTON;SY5;1
RUCKLEY;SY5;1
PULVERBATCH;SY5;1
PONTESBURY;SY5;1
PLEALEY;SY5;1
PERKINS BEACH;SY5;1
PENNERLEY;SY5;1
MINSTERLEY;SY5;1
MEADOWTOWN;SY5;1
LONGWOOD;SY5;1
LONGDEN;SY5;1
HALFWAY HOUSE;SY5;1
GREAT RYTON;SY5;1
GRAVELS;SY5;1
FRODESLEY;SY5;1
CRUCKTON;SY5;1
CRUCKMEOLE;SY5;1
CHURCH PULVERBATCH;SY5;1
CARDESTON;SY5;1
BRIDGES;SY5;1
BINWESTON;SY5;1
ASTERLEY;SY5;1
ANNSCROFT;SY5;1
YOCKLETON;SY5;1
WORTHEN;SY5;1
THE MARSH;SY5;1
RATLINGHOPE;SY5;1
PITCHFORD;SY5;1
HUGHLEY;SY5;1
HABBERLEY;SY5;1
GREAT HANWOOD;SY5;1
DRYTON;SY5;1
CRESSAGE;SY5;1
COUND;SY5;1
HARLEY;SY5;1
WRENTNALL;SY5;1
STONEY STRETTON;SY5;1
ACTON BURNELL;SY5;1
CREWGREEN;SY5;1
UPPER COUND;SY5;1
PLOXGREEN;SY5;1
LOWER WALLOP;SY5;1
HOOK-A-GATE;SY5;1
EXFORDS GREEN;SY5;1
EATON CONSTANTINE;SY5;1
CROSS HOUSES;SY5;1
CANTLOP;SY5;1
BLACK MARSH;SY5;1
ASTON ROGERS;SY5;1
ALBERBURY;SY5;1
ACTON PIGOTT;SY5;1
ATCHAM;SY5;1
CONDOVER;SY5;1
PONTESFORD;SY5;1
WROXETER;SY5;1
CHURCH PREEN;SY6;1
WOOLSTASTON;SY6;1
WHITTINGSLOW;SY6;1
WALL UNDER HEYWOOD;SY6;1
WALL BANK;SY6;1
UPPER AFFCOT;SY6;1
TICKLERTON;SY6;1
RUSHBURY;SY6;1
PLAISH;SY6;1
PICKLESCOTT;SY6;1
MARSHBROOK;SY6;1
LEEBOTWOOD;SY6;1
ENCHMARSH;SY6;1
CHURCH STRETTON;SY6;1
ALL STRETTON;SY6;1
ALCASTON;SY6;1
MINTON;SY6;1
HOPE BOWDLER;SY6;1
ACTON SCOTT;SY6;1
ABDON;SY7;1
ASTON ON CLUN;SY7;1
PLOWDEN;SY7;1
ASTON MUNSLOW;SY7;1
PURLOGUE;SY7;1
ASTERTON;SY7;1
ANCHOR;SY7;1
CLUNGUNFORD;SY7;1
SIBDON CARWOOD;SY7;1
ONIBURY;SY7;1
CHAPEL LAWN;SY7;1
MUNSLOW;SY7;1
LYDBURY NORTH;SY7;1
HALL OF THE FOREST;SY7;1
HORDERLEY;SY7;1
HOPTONHEATH;SY7;1
BOULDON;SY7;1
VERNOLDS COMMON;SY7;1
WHITCOTT KEYSETT;SY7;1
CLUN;SY7;1
STOKESAY;SY7;1
HOBARRIS;SY7;1
HOPESAY;SY7;1
HOPTON CASTLE;SY7;1
KEMPTON;SY7;1
CORFTON;SY7;1
BEDSTONE;SY7;1
CLUNTON;SY7;1
EDGTON;SY7;1
LITTLE BRAMPTON;SY7;1
DIDDLEBURY;SY7;1
LOWER DOWN;SY7;1
CRAVEN ARMS;SY7;1
CLUNBURY;SY7;1
LLWYN;SY7;1
LOWER DINCHOPE;SY7;1
BETTWS-Y-CRWYN;SY7;1
CLEE ST MARGARET;SY7;1
MIDDLEHOPE;SY7;1
MYNDTOWN;SY7;1
OBLEY;SY7;1
PEATON;SY7;1
PURSLOW;SY7;1
SHELDERTON;SY7;1
STREFFORD;SY7;1
TUGFORD;SY7;1
UPPER HEATH;SY7;1
WISTANSTOW;SY7;1
CHENEY LONGVILLE;SY7;1
LUDLOW;SY8;1
ASHFORD CARBONEL;SY8;1
HOPTON CANGEFORD;SY8;1
SNITTON;SY8;1
MIDDLETON ON THE HILL;SY8;1
STOKE ST MILBOROUGH;SY8;1
WYSON;SY8;1
BITTERLEY;SY8;1
CLEEDOWNTON;SY8;1
CLEEHILL;SY8;1
CORELEY;SY8;1
DOWNTON ON THE ROCK;SY8;1
HAYTON'S BENT;SY8;1
HOPE BAGOT;SY8;1
KNOWBURY;SY8;1
LOWER HAYTON;SY8;1
ORLETON COMMON;SY8;1
RICHARD'S CASTLE;SY8;1
SIEFTON;SY8;1
UPPER HAYTON;SY8;1
WOOFFERTON;SY8;1
GREAT SUTTON;SY8;1
CAYNHAM;SY8;1
GREETE;SY8;1
CULMINGTON;SY8;1
STANTON LACY;SY8;1
ASHFORD BOWDLER;SY8;1
FARDEN;SY8;1
LUDFORD;SY8;1
WENTNOR;SY9;1
MORE;SY9;1
LYDHAM;SY9;1
MAINSTONE;SY9;1
BISHOP'S CASTLE;SY9;1
ARLESTON;TF1;1
HADLEY;TF1;1
LEEGOMERY;TF1;1
EDGMOND;TF10;1
CHETWYND ASTON;TF10;1
CHURCH ASTON;TF10;1
LILLESHALL;TF10;1
GRINDLE;TF11;1
CRACKLEYBANK;TF11;1
BRINETON;TF11;1
WESTON HEATH;TF11;1
HEATH HILL;TF11;1
KEMBERTON;TF11;1
SHERIFFHALES;TF11;1
SHIFNAL;TF11;1
SUTTON MADDOCK;TF11;1
THE WYKE;TF11;1
TONG;TF11;1
TONG NORTON;TF11;1
BECKBURY;TF11;1
BROSELEY;TF12;1
MUCH WENLOCK;TF13;1
STRETTON WESTWOOD;TF13;1
LONGVILLE IN THE DALE;TF13;1
STANTON LONG;TF13;1
HOMER;TF13;1
HOLDGATE;TF13;1
EAST WALL;TF13;1
EASTHOPE;TF13;1
PRESTHOPE;TF13;1
TRENCH;TF2;1
OAKENGATES;TF2;1
OLDPARK;TF3;1
HOLLINSWOOD;TF3;1
HORSEHAY;TF4;1
LAWLEY;TF4;1
DAWLEY;TF4;1
PRESTON UPON THE WEALD MOORS;TF6;1
SLEAPFORD;TF6;1
CHERRINGTON;TF6;1
WROCKWARDINE;TF6;1
WATERS UPTON;TF6;1
MUCKLETON;TF6;1
LONG WASTE;TF6;1
LONGDON UPON TERN;TF6;1
LITTLE WENLOCK;TF6;1
KYNNERSLEY;TF6;1
ISOMBRIDGE;TF6;1
HIGH ERCALL;TF6;1
GREAT BOLAS;TF6;1
EYTON UPON THE WEALD MOORS;TF6;1
ELLERDINE HEATH;TF6;1
CRUDGINGTON;TF6;1
RODEN;TF6;1
COALBROOKDALE;TF8;1
IRONBRIDGE;TF8;1
BUILDWAS;TF8;1
COALPORT;TF8;1
HINSTOCK;TF9;1
NORTON IN HALES;TF9;1
PEPLOW;TF9;1
TERNHILL;TF9;1
CHESWARDINE;TF9;1
PIPE GATE;TF9;1
MORETON SAY;TF9;1
ADDERLEY;TF9;1
MARKET DRAYTON;TF9;1
HODNET;TF9;1
CHILD'S ERCALL;TF9;1
LOCKLEYWOOD;TF9;1
SOUDLEY;TF9;1
BORASTON;WR15;1
SIX ASHES;WV15;1
WORFIELD;WV15;1
WYKEN;WV15;1
QUATFORD;WV15;1
SWANCOTE;WV15;1
ALLSCOT;WV15;1
ALVELEY;WV15;1
BIRDSGREEN;WV15;1
QUATT;WV15;1
GLAZELEY;WV16;1
THE SMITHIES;WV16;1
WHEATHILL;WV16;1
WOODHILL;WV16;1
BRIDGNORTH;WV16;1
TASLEY;WV16;1
UPTON CRESSETT;WV16;1
ASTLEY ABBOTTS;WV16;1
ASTON EYRE;WV16;1
BILLINGSLEY;WV16;1
BURWARTON;WV16;1
CHELMARSH;WV16;1
CHETTON;WV16;1
CLEOBURY NORTH;WV16;1
CROSS LANE HEAD;WV16;1
DEUXHILL;WV16;1
DITTON PRIORS;WV16;1
HIGHLEY;WV16;1
MIDDLETON PRIORS;WV16;1
EARDINGTON;WV16;1
MIDDLETON SCRIVEN;WV16;1
MONKHOPTON;WV16;1
NEENTON;WV16;1
NORDLEY;WV16;1
ACTON ROUND;WV16;1
ASTON BOTTERELL;WV16;1
MORVILLE;WV16;1
CLAVERLEY;WV5;1
BADGER;WV6;1
COSFORD;WV7;1
BONINGALE;WV7;1
SHACKERLEY;WV7;1
ZEALS;BA12;1
CROCKERTON;BA12;1
LONGBRIDGE DEVERILL;BA12;1
NORTON BAVANT;BA12;1
NORTON FERRIS;BA12;1
UPTON LOVELL;BA12;1
WEST KNOYLE;BA12;1
SHEAR CROSS;BA12;1
KILMINGTON STREET;BA12;1
SHERRINGTON;BA12;1
BRIXTON DEVERILL;BA12;1
CHITTERNE;BA12;1
CODFORD ST MARY;BA12;1
CORSLEY;BA12;1
FISHERTON DE LA MERE;BA12;1
HEYTESBURY;BA12;1
HORNINGSHAM;BA12;1
KINGSTON DEVERILL;BA12;1
KNOOK;BA12;1
MAIDEN BRADLEY;BA12;1
MONKTON DEVERILL;BA12;1
SUTTON VENY;BA12;1
UPTON SCUDAMORE;BA12;1
WYLYE;BA12;1
WARMINSTER;BA12;1
CORSLEY HEATH;BA12;1
BISHOPSTROW;BA12;1
CODFORD ST PETER;BA12;1
BARROW STREET;BA12;1
BRATTON;BA13;1
WESTBURY LEIGH;BA13;1
HAWKERIDGE;BA13;1
COULSTON;BA13;1
CHAPMANSLADE;BA13;1
DILTON MARSH;BA13;1
SEMINGTON;BA14;1
WEST ASHTON;BA14;1
HILPERTON;BA14;1
NORTH BRADLEY;BA14;1
TROWLE COMMON;BA14;1
YARNBROOK;BA14;1
GREAT HINTON;BA14;1
ASHTON COMMON;BA14;1
STEEPLE ASHTON;BA14;1
KEEVIL;BA14;1
TROWBRIDGE;BA14;1
WINSLEY;BA15;1
SOUTH WRAXALL;BA15;1
MONKTON FARLEIGH;BA15;1
BRADFORD LEIGH;BA15;1
BRADFORD-ON-AVON;BA15;1
CHILTON FOLIAT;RG17;1
MARKET LAVINGTON;SN10;1
PATNEY;SN10;1
LITTLE CHEVERELL;SN10;1
GREAT CHEVERELL;SN10;1
POTTERNE WICK;SN10;1
ETCHILHAMPTON;SN10;1
ERLESTOKE;SN10;1
EASTERTON;SN10;1
DEVIZES;SN10;1
CHIRTON;SN10;1
CALSTONE WELLINGTON;SN10;1
URCHFONT;SN10;1
ALL CANNINGS;SN10;1
LITTLETON PANELL;SN10;1
WEDHAMPTON;SN10;1
WORTON;SN10;1
ROWDE;SN10;1
ROUNDWAY;SN10;1
POULSHOT;SN10;1
STERT;SN10;1
POTTERNE;SN10;1
BISHOPS CANNINGS;SN10;1
CALNE;SN11;1
YATESBURY;SN11;1
STOCKLEY;SN11;1
SPIRTHILL;SN11;1
QUEMERFORD;SN11;1
MILE ELM;SN11;1
HILMARTON;SN11;1
HEDDINGTON;SN11;1
GOATACRE;SN11;1
DERRY HILL;SN11;1
COMPTON BASSETT;SN11;1
CLEVANCY;SN11;1
CHARLCUTT;SN11;1
BREMHILL;SN11;1
CHERHILL;SN11;1
HIGHWAY;SN11;1
BLACKLAND;SN11;1
SELLS GREEN;SN12;1
SEEND;SN12;1
MELKSHAM;SN12;1
MELKSHAM FOREST;SN12;1
NORRINGTON COMMON;SN12;1
SEEND CLEEVE;SN12;1
ATWORTH;SN12;1
BEANACRE;SN12;1
BROUGHTON GIFFORD;SN12;1
CROSS KEYS;SN13;1
GASTARD;SN13;1
CORSHAM;SN13;1
KINGTON ST MICHAEL;SN14;1
HULLAVINGTON;SN14;1
HARDENHUISH;SN14;1
SLAUGHTERFORD;SN14;1
NORTH WRAXALL;SN14;1
GRITTLETON;SN14;1
COLERNE;SN14;1
CASTLE COMBE;SN14;1
UPPER WRAXALL;SN14;1
THE SHOE;SN14;1
PENNSYLVANIA;SN14;1
SOPWORTH;SN14;1
LOWER STANTON ST QUINTIN;SN14;1
LITTLETON DREW;SN14;1
DITTERIDGE;SN14;1
BIDDESTONE;SN14;1
STANTON ST QUINTIN;SN14;1
THICKWOOD;SN14;1
WEST KINGTON;SN14;1
WEST LITTLETON;SN14;1
YATTON KEYNELL;SN14;1
LUCKINGTON;SN14;1
LEIGH DELAMERE;SN14;1
KINGTON LANGLEY;SN15;1
GREAT SOMERFORD;SN15;1
BEWLEY COMMON;SN15;1
UPPER SEAGRY;SN15;1
TYTHERTON LUCAS;SN15;1
SUTTON BENGER;SN15;1
LANGLEY BURRELL;SN15;1
CHITTOE;SN15;1
STARTLEY;SN15;1
LOWER SEAGRY;SN15;1
EAST TYTHERTON;SN15;1
NETHERSTREET;SN15;1
BOWDEN HILL;SN15;1
BRADENSTOKE;SN15;1
ST EDITH'S MARSH;SN15;1
FOXHAM;SN15;1
GRITTENHAM;SN15;1
DAUNTSEY;SN15;1
CLEVERTON;SN15;1
CHRISTIAN MALFORD;SN15;1
BRINKWORTH;SN15;1
LACOCK;SN15;1
LITTLE SOMERFORD;SN15;1
MALMESBURY;SN16;1
UPPER MINETY;SN16;1
OAKSEY;SN16;1
EASTCOURT;SN16;1
EASTON GREY;SN16;1
GARSDON;SN16;1
SHERSTON;SN16;1
RODBOURNE;SN16;1
CHEDGLOW;SN16;1
BROKENBOROUGH;SN16;1
CHELWORTH;SN16;1
CRUDWELL;SN16;1
HANKERTON;SN16;1
MINETY;SN16;1
HAYDON WICK;SN2;1
BROAD BLUNSDON;SN2;1
BLUNSDON ST ANDREW;SN2;1
SOUTH MARSTON;SN3;1
STRATTON ST MARGARET;SN3;1
CLYFFE PYPARD;SN4;1
LIDDINGTON;SN4;1
WINTERBOURNE MONKTON;SN4;1
WOOTTON BASSETT;SN4;1
WROUGHTON;SN4;1
BERWICK BASSETT;SN4;1
BROAD HINTON;SN4;1
BROAD TOWN;SN4;1
UFFCOTT;SN4;1
CHISELDON;SN4;1
NORTH WROUGHTON;SN4;1
HINTON PARVA;SN4;1
BUSHTON;SN4;1
TOCKENHAM;SN4;1
TOCKENHAM WICK;SN4;1
WINTERBOURNE BASSETT;SN4;1
BADBURY;SN4;1
LYDIARD MILLICENT;SN5;1
PURTON STOKE;SN5;1
CRICKLADE;SN6;1
HANNINGTON WICK;SN6;1
HIGHWORTH;SN6;1
INGLESHAM;SN6;1
CASTLE EATON;SN6;1
LATTON;SN6;1
STANTON FITZWARREN;SN6;1
UPPER INGLESHAM;SN6;1
MARSTON MEYSEY;SN6;1
ASHTON KEYNES;SN6;1
AVEBURY;SN8;1
ROCKLEY;SN8;1
LITTLE BEDWYN;SN8;1
WEST OVERTON;SN8;1
BAYDON;SN8;1
WOOTTON RIVERS;SN8;1
ALDBOURNE;SN8;1
ALTON PRIORS;SN8;1
CADLEY;SN8;1
CHISBURY;SN8;1
CLENCH COMMON;SN8;1
COLLINGBOURNE DUCIS;SN8;1
WOODSEND;SN8;1
WHITTONDITCH;SN8;1
WEXCOMBE;SN8;1
WEST STOWELL;SN8;1
WEST KENNETT;SN8;1
WEST GRAFTON;SN8;1
UPPER UPHAM;SN8;1
EAST GRAFTON;SN8;1
STOCK LANE;SN8;1
STIBB GREEN;SN8;1
STANTON ST BERNARD;SN8;1
LOCKERIDGE;SN8;1
RIVAR;SN8;1
FOSBURY;SN8;1
FROXFIELD;SN8;1
GREAT BEDWYN;SN8;1
OGBOURNE ST ANDREW;SN8;1
OGBOURNE ST GEORGE;SN8;1
OXENWOOD;SN8;1
RAMSBURY;SN8;1
OGBOURNE MAIZEY;SN8;1
SHALBOURNE;SN8;1
EVERLEIGH;SN8;1
EAST KENNETT;SN8;1
COLLINGBOURNE KINGSTON;SN8;1
BECKHAMPTON;SN8;1
TIDCOMBE;SN8;1
MARLBOROUGH;SN8;1
ENFORD;SN9;1
HILCOTT;SN9;1
MANNINGFORD BOHUNE;SN9;1
MANNINGFORD BRUCE;SN9;1
MILTON LILBOURNE;SN9;1
MANNINGFORD ABBOTS;SN9;1
LONGSTREET;SN9;1
WILCOT;SN9;1
EASTON ROYAL;SN9;1
EAST CHISENBURY;SN9;1
BEECHINGSTOKE;SN9;1
PEWSEY;SN9;1
NORTH NEWNTON;SN9;1
UPAVON;SN9;1
ALTON BARNES;SN9;1
LAVERSTOCK;SP1;1
STRATFORD SUB CASTLE;SP1;1
BURCOMBE;SP2;1
SOUTH NEWTON;SP2;1
FUGGLESTONE ST PETER;SP2;1
HARNHAM;SP2;1
NETHERHAMPTON;SP2;1
GREAT WISHFORD;SP2;1
ORCHESTON;SP3;1
BARFORD ST MARTIN;SP3;1
BERWICK ST JAMES;SP3;1
BERWICK ST LEONARD;SP3;1
CHICKLADE;SP3;1
EAST HATCH;SP3;1
HINDON;SP3;1
SUTTON MANDEVILLE;SP3;1
WINTERBOURNE STOKE;SP3;1
BAVERSTOCK;SP3;1
CHILMARK;SP3;1
COMPTON CHAMBERLAYNE;SP3;1
EAST KNOYLE;SP3;1
FONTHILL BISHOP;SP3;1
FONTHILL GIFFORD;SP3;1
FOVANT;SP3;1
HANGING LANGFORD;SP3;1
LITTLE LANGFORD;SP3;1
ROLLESTONE;SP3;1
SHREWTON;SP3;1
STEEPLE LANGFORD;SP3;1
SWALLOWCLIFFE;SP3;1
TEFFONT EVIAS;SP3;1
TEFFONT MAGNA;SP3;1
TILSHEAD;SP3;1
TISBURY;SP3;1
AMESBURY;SP4;1
LOWER WOODFORD;SP4;1
CHOLDERTON;SP4;1
FITTLETON;SP4;1
IDMISTON;SP4;1
NETHERAVON;SP4;1
PORTON;SP4;1
WINTERBOURNE DAUNTSEY;SP4;1
WINTERBOURNE EARLS;SP4;1
WINTERBOURNE GUNNER;SP4;1
MILSTON;SP4;1
LARKHILL;SP4;1
FIGHELDEAN;SP4;1
GREAT DURNFORD;SP4;1
NEWTON TONY;SP4;1
UPPER WOODFORD;SP4;1
WEST AMESBURY;SP4;1
COUNTESS;SP4;1
BULFORD;SP4;1
LAKE;SP4;1
BULFORD CAMP;SP4;1
MIDDLE WOODFORD;SP4;1
GOMELDON;SP4;1
NUNTON;SP5;1
EBBESBORNE WAKE;SP5;1
ALDERBURY;SP5;1
TOLLARD ROYAL;SP5;1
HAMPTWORTH;SP5;1
WOODFALLS;SP5;1
STRATFORD TONY;SP5;1
THE COMMON;SP5;1
MEAD END;SP5;1
WINTERSLOW;SP5;1
LOPCOMBE CORNER;SP5;1
WHITEPARISH;SP5;1
WEST WINTERSLOW;SP5;1
FIFIELD BAVANT;SP5;1
WEST GRIMSTEAD;SP5;1
EAST GRIMSTEAD;SP5;1
WOODMINTON;SP5;1
MIDDLE WINTERSLOW;SP5;1
ODSTOCK;SP5;1
BROAD CHALKE;SP5;1
ALVEDISTON;SP5;1
WOODCUTTS;SP5;1
WOODYATES;SP5;1
MORGAN'S VALE;SP5;1
PITTON;SP5;1
BOWERCHALKE;SP5;1
BRITFORD;SP5;1
CHARLTON-ALL-SAINTS;SP5;1
DEANLAND;SP5;1
FIRS ROAD;SP5;1
LANDFORD;SP5;1
HOMINGTON;SP5;1
LOVER;SP5;1
NORTH CHARFORD;SP5;1
COOMBE BISSETT;SP5;1
BEDCHESTER;SP7;1
DONHEAD ST ANDREW;SP7;1
DONHEAD ST MARY;SP7;1
STOUR ROW;SP7;1
COPPLERIDGE;SP7;1
SEDGEHILL;SP7;1
LUDWELL;SP7;1
GUY'S MARSH;SP7;1
SEMLEY;SP7;1
BERWICK ST JOHN;SP7;1
CANN COMMON;SP7;1
SHIPTON BELLINGER;SP9;1
NORTH TIDWORTH;SP9;1
SOUTH TIDWORTH;SP9;1
MERSTONE;PO30;1
GATCOMBE;PO30;1
STAPLERS;PO30;1
GUNVILLE;PO30;1
SHALFLEET;PO30;1
SHORWELL;PO30;1
MOTTISTONE;PO30;1
CARISBROOKE;PO30;1
CALBOURNE;PO30;1
PORCHFIELD;PO30;1
CHILLERTON;PO30;1
BOWCOMBE;PO30;1
ARRETON;PO30;1
NINGWOOD;PO30;1
PARKHURST;PO30;1
LIMERSTONE;PO30;1
HUNNY HILL;PO30;1
YAFFORD;PO30;1
BRIGHSTONE;PO30;1
GURNARD;PO31;1
COWES;PO31;1
EAST COWES;PO32;1
WHIPPINGHAM;PO32;1
OSBORNE;PO32;1
RYDE;PO33;1
WOOTTON COMMON;PO33;1
BINSTEAD;PO33;1
QUARR HILL;PO33;1
HAYLANDS;PO33;1
HAVENSTREET;PO33;1
EAST ASHEY;PO33;1
WOOTTON BRIDGE;PO33;1
SEAVIEW;PO34;1
NETTLESTONE;PO34;1
HILLWAY;PO35;1
BEMBRIDGE;PO35;1
BRANSTONE;PO36;1
BRADING;PO36;1
YAVERLAND;PO36;1
ALVERSTONE;PO36;1
SANDOWN;PO36;1
APSE HEATH;PO36;1
SHANKLIN;PO37;1
LUCCOMBE VILLAGE;PO37;1
BLACKGANG;PO38;1
CHALE;PO38;1
LITTLE ATHERFIELD;PO38;1
NITON;PO38;1
ROUD;PO38;1
WROXALL;PO38;1
VENTNOR;PO38;1
ROOKLEY;PO38;1
BONCHURCH;PO38;1
WHITELEY BANK;PO38;1
CHALE GREEN;PO38;1
TOTLAND;PO39;1
FRESHWATER;PO40;1
NORTON GREEN;PO40;1
SHALCOMBE;PO41;1
YARMOUTH;PO41;1
CATBRAIN;BS10;1
AVONMOUTH;BS11;1
SHIREHAMPTON;BS11;1
BISHOPSWORTH;BS13;1
FISHPONDS;BS16;1
BRISLINGTON;BS4;1
HORFIELD;BS7;1
WESTBURY ON TRYM;BS9;1
BRISTOL (PO BOXES);BS99;1
PRIOR'S FROME;HR1;1
FIDDLER'S GREEN;HR1;1
FAWLEY CHAPEL;HR1;1
WOOLHOPE;HR1;1
WESTHIDE;HR1;1
URDIMARSH;HR1;1
ULLINGSWICK;HR1;1
HOLMER;HR1;1
PRESTON WYNNE;HR1;1
OCLE PYCHARD;HR1;1
MORDIFORD;HR1;1
LUGWARDINE;HR1;1
FOWNHOPE;HR1;1
DORMINGTON;HR1;1
BOWLEY;HR1;1
YARKHILL;HR1;1
WESTON BEGGARD;HR1;1
TUPSLEY;HR1;1
THE VAULD;HR1;1
TARRINGTON;HR1;1
SUTTON ST NICHOLAS;HR1;1
SOLLERS HOPE;HR1;1
SHUCKNALL;HR1;1
SHELWICK;HR1;1
PIPE AND LYDE;HR1;1
PENALT;HR1;1
MORETON JEFFRIES;HR1;1
MAUND BRYAN;HR1;1
KINGS CAPLE;HR1;1
HOW CAPLE;HR1;1
HEREFORD;HR1;1
BODENHAM MOOR;HR1;1
BARTESTREE;HR1;1
BROCKHAMPTON;HR1;1
WALKER'S GREEN;HR1;1
BURLEY GATE;HR1;1
HAMPTON BISHOP;HR1;1
GARWAY HILL;HR2;1
LLANVEYNOE;HR2;1
ORCOP;HR2;1
MIDDLE MAES-COED;HR2;1
LITTLE GARWAY;HR2;1
HOWTON;HR2;1
DEWSALL COURT;HR2;1
LLANWARNE;HR2;1
MADLEY;HR2;1
MICHAELCHURCH ESCLEY;HR2;1
MOCCAS;HR2;1
MUCH DEWCHURCH;HR2;1
BOLSTONE;HR2;1
ORCOP HILL;HR2;1
PONTRILAS;HR2;1
PRESTON ON WYE;HR2;1
CLEHONGER;HR2;1
ST OWEN'S CROSS;HR2;1
TWYFORD COMMON;HR2;1
LLANDINABO;HR2;1
CANON BRIDGE;HR2;1
CRASWALL;HR2;1
TYBERTON;HR2;1
UPPER MAES-COED;HR2;1
KENDERCHURCH;HR2;1
VOWCHURCH;HR2;1
WEBTON;HR2;1
WORMELOW TUMP;HR2;1
LOWER MAES-COED;HR2;1
LULHAM;HR2;1
PLOUGHFIELD;HR2;1
SANDYWAY;HR2;1
SHENMORE;HR2;1
WALTERSTONE;HR2;1
WORMBRIDGE;HR2;1
BALLINGHAM;HR2;1
CALLOW;HR2;1
DINEDOR;HR2;1
KERRY'S GATE;HR2;1
MICHAELCHURCH;HR2;1
LOWER BULLINGHAM;HR2;1
MUCH BIRCH;HR2;1
PENCOYD;HR2;1
ROWLSTONE;HR2;1
ST WEONARDS;HR2;1
TRETIRE;HR2;1
TURNASTONE;HR2;1
ALLENSMORE;HR2;1
BAGWYLLYDIART;HR2;1
BLAKEMERE;HR2;1
CAREY;HR2;1
CLODOCK;HR2;1
DIDLEY;HR2;1
EATON BISHOP;HR2;1
EWYAS HAROLD;HR2;1
GARWAY;HR2;1
HAREWOOD END;HR2;1
HOARWITHY;HR2;1
HOLME LACY;HR2;1
KENTCHURCH;HR2;1
KILPECK;HR2;1
KINGSTHORNE;HR2;1
LITTLE BIRCH;HR2;1
LITTLE DEWCHURCH;HR2;1
ABBEY DORE;HR2;1
ACONBURY;HR2;1
PETERCHURCH;HR2;1
WINFORTON;HR3;1
WILLERSLEY;HR3;1
CUSOP;HR3;1
EARDISLEY;HR3;1
UPPER WELSON;HR3;1
WHITNEY;HR3;1
THE BAGE;HR3;1
DORSTONE;HR3;1
BRONYDD;HR3;1
BROBURY;HR3;1
AILEY;HR3;1
ALMELEY;HR3;1
HURSTWAY COMMON;HR3;1
WOONTON;HR3;1
UPCOTT;HR3;1
RHYDSPENCE;HR3;1
LOWER WELSON;HR3;1
MERBACH;HR3;1
PEN-Y-PARK;HR3;1
PRIORY WOOD;HR3;1
SNODHILL;HR3;1
BREDWARDINE;HR3;1
BRILLEY;HR3;1
BIRLEY;HR4;1
MORETON ON LUGG;HR4;1
WEOBLEY MARSH;HR4;1
SWAINSHILL;HR4;1
DILWYN COMMON;HR4;1
UPPER BREINTON;HR4;1
SOLLERS DILWYN;HR4;1
MONNINGTON ON WYE;HR4;1
BRINSOP;HR4;1
LEDGEMOOR;HR4;1
BUSH BANK;HR4;1
YAZOR;HR4;1
YARSOP;HR4;1
KING'S PYON;HR4;1
WEOBLEY;HR4;1
KNAPTON GREEN;HR4;1
MANSELL GAMAGE;HR4;1
WELLINGTON MARSH;HR4;1
STAUNTON ON WYE;HR4;1
MANSELL LACY;HR4;1
SARNESFIELD;HR4;1
NORTON WOOD;HR4;1
NORTON CANON;HR4;1
HAVEN;HR4;1
STRETTON SUGWAS;HR4;1
TILLINGTON COMMON;HR4;1
WORMSLEY;HR4;1
BREINTON;HR4;1
BRIDGE SOLLERS;HR4;1
BURGHILL;HR4;1
BYFORD;HR4;1
CALVER HILL;HR4;1
CANON PYON;HR4;1
CREDENHILL;HR4;1
DILWYN;HR4;1
KENCHESTER;HR4;1
MOORHAMPTON;HR4;1
MOORCOT;HR5;1
GWAITHLA;HR5;1
KINGSWOOD COMMON;HR5;1
LOWER HERGEST;HR5;1
BRYNGWYN;HR5;1
MICHAELCHURCH-ON-ARROW;HR5;1
LYONSHALL;HR5;1
TITLEY;HR5;1
VEAULLT;HR5;1
UPPER HERGEST;HR5;1
EYWOOD;HR5;1
DOLLEYCANNEY;HR5;1
HOLME MARSH;HR5;1
LOWER LYE;HR6;1
PUDLESTON;HR6;1
YARPOLE;HR6;1
WHYLE;HR6;1
UPPER HILL;HR6;1
STRETFORD COURT;HR6;1
MORTIMER'S CROSS;HR6;1
STEEN'S BRIDGE;HR6;1
SHIRL HEATH;HR6;1
STAUNTON ON ARROW;HR6;1
ONGAR STREET;HR6;1
STANSBATCH;HR6;1
HUMBER COURT;HR6;1
GRENDON GREEN;HR6;1
LUCTON;HR6;1
COBNASH;HR6;1
CHOLSTREY;HR6;1
BROXWOOD;HR6;1
LAWTON;HR6;1
BIRCHER;HR6;1
BAREWOOD;HR6;1
MONKLAND;HR6;1
LAYSTERS POLE;HR6;1
IVINGTON;HR6;1
LEDICOT;HR6;1
LOWER BAREWOOD;HR6;1
SHOBDON;HR6;1
PEMBRIDGE;HR6;1
LUSTON;HR6;1
LEOMINSTER;HR6;1
KIMBOLTON;HR6;1
HOPE UNDER DINMORE;HR6;1
EARDISLAND;HR6;1
DOCKLOW;HR6;1
AYMESTREY;HR6;1
LUNTLEY;HR6;1
MARSTON STANNETT;HR6;1
AULDEN;HR6;1
IVINGTON GREEN;HR6;1
RISBURY;HR6;1
LEINTHALL EARLS;HR6;1
BROMYARD DOWNS;HR7;1
PENCOMBE;HR7;1
COLLINGTON;HR7;1
MUNDERFIELD ROW;HR7;1
BROMYARD;HR7;1
EDWYN RALPH;HR7;1
BREDENBURY;HR7;1
MUNDERFIELD STOCKS;HR7;1
MUCH COWARNE;HR7;1
EDVIN LOACH;HR7;1
TEDSTONE WAFRE;HR7;1
LITTLE COWARNE;HR7;1
TEDSTONE DELAMERE;HR7;1
STOKE LACY;HR7;1
AYLTON;HR8;1
CASTLE FROME;HR8;1
BOSBURY;HR8;1
ASHPERTON;HR8;1
CANON FROME;HR8;1
LEDBURY;HR8;1
LUDSTOCK;HR8;1
LOWER EGLETON;HR8;1
FROMES HILL;HR8;1
PUTLEY;HR8;1
BROMSBERROW HEATH;HR8;1
TRUMPET;HR8;1
WELLINGTON HEATH;HR8;1
LITTLE MARCLE;HR8;1
EASTNOR;HR8;1
MUCH MARCLE;HR8;1
MUNSLEY;HR8;1
STRETTON GRANDISON;HR8;1
POW GREEN;HR8;1
STAPLOW;HR8;1
WALLER'S GREEN;HR8;1
CHASE END STREET;HR8;1
MARSTOW;HR9;1
PETERSTOW;HR9;1
OLD GORE;HR9;1
LLANGROVE;HR9;1
KERNE BRIDGE;HR9;1
GORSLEY COMMON;HR9;1
GOODRICH;HR9;1
GLEWSTONE;HR9;1
CROW HILL;HR9;1
BROMSASH;HR9;1
BAYSHAM;HR9;1
ASTON CREWS;HR9;1
SELLACK;HR9;1
LLANGARRON;HR9;1
HOPE MANSELL;HR9;1
HOM GREEN;HR9;1
FOY;HR9;1
HOLE-IN-THE-WALL;HR9;1
GANAREW;HR9;1
BRIDSTOW;HR9;1
BRAMPTON ABBOTTS;HR9;1
WESTON UNDER PENYARD;HR9;1
UPTON BISHOP;HR9;1
SYMONDS YAT;HR9;1
RUDHALL;HR9;1
ROSS-ON-WYE;HR9;1
PONTSHILL;HR9;1
ASTON INGHAM;HR9;1
KINSHAM;LD8;1
KNILL;LD8;1
ADFORTON;SY7;1
LEINTWARDINE;SY7;1
BRAMPTON BRYAN;SY7;1
LINGEN;SY7;1
LITTLE HEREFORD;SY8;1
BRIMFIELD;SY8;1
LEINTHALL STARKES;SY8;1
MATHON;WR13;1
BISHOP'S FROME;WR6;1
WHITBOURNE;WR6;1
STANFORD BISHOP;WR6;1
EVESBATCH;WR6;1
ACTON BEAUCHAMP;WR6;1
UPPER SAPEY;WR6;1
AMINGTON;B77;1
TWO GATES;B77;1
KETTLEBROOK;B77;1
WILNECOTE;B77;1
GLASCOTE;B77;1
DOSTHILL;B77;1
BONEHILL;B78;1
DRAYTON BASSETT;B78;1
HOPWAS;B78;1
FAZELEY;B78;1
TAMWORTH;B79;1
ALVECOTE;B79;1
HAUNTON;B79;1
HARLASTON;B79;1
EDINGALE;B79;1
COMBERFORD;B79;1
CLIFTON CAMPVILLE;B79;1
THORPE CONSTANTINE;B79;1
BALTERLEY;CW2;1
ONNELEY;CW3;1
WRINEHILL;CW3;1
BETLEY;CW3;1
MADELEY HEATH;CW3;1
HANBURY WOODEND;DE13;1
TUTBURY;DE13;1
YOXALL;DE13;1
KING'S BROMLEY;DE13;1
HORNINGLOW;DE13;1
HOAR CROSS;DE13;1
HADLEY END;DE13;1
ANSLOW;DE13;1
RANGEMORE;DE13;1
WOODHOUSES;DE13;1
MORREY;DE13;1
TATENHILL;DE13;1
BARTON-UNDER-NEEDWOOD;DE13;1
ORGREAVE;DE13;1
DUNSTALL;DE13;1
ANSLOW GATE;DE13;1
ALREWAS;DE13;1
BURTON UPON TRENT;DE14;1
WINSHILL;DE15;1
ALSTONEFIELD;DE6;1
DRAYCOTT IN THE CLAY;DE6;1
ELLASTONE;DE6;1
ILAM;DE6;1
BLORE;DE6;1
WETTON;DE6;1
HIMLEY;DY3;1
KINVER;DY7;1
GALLOWSTREE ELM;DY7;1
ENVILLE;DY7;1
BOBBINGTON;DY7;1
HALFPENNY GREEN;DY7;1
POTTER'S CROSS;DY7;1
RUSHTON SPENCER;SK11;1
WARSLOW;SK17;1
SHEEN;SK17;1
UPPER ELKSTONE;SK17;1
HULME END;SK17;1
HOLLINSCLOUGH;SK17;1
FLASH;SK17;1
FAWFIELDHEAD;SK17;1
HANLEY;ST1;1
GREATGATE;ST10;1
DILHORNE;ST10;1
LOWER TEAN;ST10;1
WATERFALL;ST10;1
BRADLEY IN THE MOORS;ST10;1
CAULDON;ST10;1
CHURCH LEIGH;ST10;1
FOXT;ST10;1
FROGHALL;ST10;1
IPSTONES;ST10;1
NEAR COTTON;ST10;1
OAKAMOOR;ST10;1
RAMSHORN;ST10;1
UPPER TEAN;ST10;1
DRAYCOTT IN THE MOORS;ST10;1
MIDDLETON GREEN;ST10;1
CAVERSWALL;ST11;1
FORSBROOK;ST11;1
BLYTHE MARSH;ST11;1
BLYTHE BRIDGE;ST11;1
BARLASTON;ST12;1
TITTENSOR;ST12;1
UPPER HULME;ST13;1
BRADNOP;ST13;1
WINKHILL;ST13;1
CHEDDLETON;ST13;1
BUTTERTON;ST13;1
ONECOTE;ST13;1
MEERBROOK;ST13;1
BASFORD GREEN;ST13;1
BALL HAYE GREEN;ST13;1
RUDYARD;ST13;1
THORNCLIFF;ST13;1
LEEK;ST13;1
FIELD;ST14;1
GRATWICH;ST14;1
GRINDLEY;ST14;1
UTTOXETER;ST14;1
BLOUNT'S GREEN;ST14;1
FOLE;ST14;1
MARCHINGTON WOODLANDS;ST14;1
CROXDEN;ST14;1
STRAMSHALL;ST14;1
MARCHINGTON;ST14;1
DENSTONE;ST14;1
ROCESTER;ST14;1
BEAMHURST;ST14;1
BRAMSHALL;ST14;1
NORTON BRIDGE;ST15;1
ROUGH CLOSE;ST15;1
HILDERSTONE;ST15;1
YARNFIELD;ST15;1
SWYNNERTON;ST15;1
COTWALTON;ST15;1
ASTON-BY-STONE;ST15;1
MODDERSHALL;ST15;1
CASTLE BANK;ST16;1
STAFFORD;ST16;1
BROCTON;ST17;1
BEDNALL;ST17;1
WEEPING CROSS;ST17;1
WALTON-ON-THE-HILL;ST17;1
DERRINGTON;ST18;1
GARSHALL GREEN;ST18;1
WHITGREAVE;ST18;1
TIXALL;ST18;1
SEIGHFORD;ST18;1
MILWICH;ST18;1
LITTLE HAYWOOD;ST18;1
INGESTRE;ST18;1
GREAT HAYWOOD;ST18;1
COTON CLANFORD;ST18;1
COLWICH;ST18;1
YARLET;ST18;1
SHUT HEATH;ST18;1
LEVEDALE;ST18;1
HYDE LEA;ST18;1
FRADSWELL;ST18;1
DROINTON;ST18;1
COPPENHALL;ST18;1
ALLIMORE GREEN;ST18;1
HIXON;ST18;1
RANTON;ST18;1
LITTLE BRIDGEFORD;ST18;1
GREAT BRIDGEFORD;ST18;1
ACTON TRUSSELL;ST18;1
SALT;ST18;1
BICKFORD;ST19;1
BISHOP'S WOOD;ST19;1
BREWOOD;ST19;1
GAILEY;ST19;1
HORSEBROOK;ST19;1
WHEATON ASTON;ST19;1
KIDDEMORE GREEN;ST19;1
PENKRIDGE;ST19;1
LAPLEY;ST19;1
MITTON;ST19;1
BADDELEY GREEN;ST2;1
ABBEY HULTON;ST2;1
SHEBDON;ST20;1
OUTLANDS;ST20;1
LAWNHEAD;ST20;1
GNOSALL;ST20;1
HIGH ONN;ST20;1
HIGH OFFLEY;ST20;1
ADBASTON;ST20;1
CHURCH EATON;ST20;1
GNOSALL HEATH;ST20;1
STURBRIDGE;ST21;1
PODMORE;ST21;1
ECCLESHALL;ST21;1
WETWOOD;ST21;1
BISHOP'S OFFLEY;ST21;1
CHATCULL;ST21;1
CHEBSEY;ST21;1
CRANBERRY;ST21;1
ELLENHALL;ST21;1
FAIROAK;ST21;1
MILLMEECE;ST21;1
PERSHALL;ST21;1
SUGNALL;ST21;1
CROXTONBANK;ST21;1
MEIRHEATH;ST3;1
COOKSHILL;ST3;1
LIGHTWOOD;ST3;1
MEIR;ST3;1
WESTON COYNEY;ST3;1
KNOWL WALL;ST4;1
TRENTHAM;ST4;1
HANCHURCH;ST4;1
HANFORD;ST4;1
BLACKBROOK;ST5;1
CHAPEL CHORLTON;ST5;1
BALDWIN'S GATE;ST5;1
MAER;ST5;1
HILL CHORLTON;ST5;1
THE ROWE;ST5;1
STABLEFORD;ST5;1
KEELE;ST5;1
RED STREET;ST5;1
LEYCETT;ST5;1
BURSLEM;ST6;1
NORTON IN THE MOORS;ST6;1
SMALLTHORNE;ST6;1
GOLDENHILL;ST6;1
TALKE;ST7;1
MOW COP;ST7;1
KIDSGROVE;ST7;1
AUDLEY;ST7;1
KNYPERSLEY;ST8;1
BIDDULPH MOOR;ST8;1
BROWN LEES;ST8;1
GILLOW HEATH;ST8;1
BRINDLEY FORD;ST8;1
BIDDULPH;ST8;1
LONGSDON;ST9;1
BAGNALL;ST9;1
CELLARHEAD;ST9;1
CONSALL;ST9;1
HORSE BRIDGE;ST9;1
BLACKWOOD HILL;ST9;1
ENDON;ST9;1
WETLEY ROCKS;ST9;1
EDGMOND MARSH;TF10;1
WESTON JONES;TF10;1
HOWLE;TF10;1
GREAT CHATWELL;TF10;1
BROMSTEAD HEATH;TF10;1
SAMBROOK;TF10;1
PULESTON;TF10;1
ORSLOW;TF10;1
PICKSTOCK;TF10;1
ADENEY;TF10;1
BLYMHILL;TF11;1
WESTON-UNDER-LIZARD;TF11;1
SPOONLEY;TF9;1
CHIPNALL;TF9;1
HIGH HEATH;TF9;1
HOOKGATE;TF9;1
STOKE ON TERN;TF9;1
WISTANSWICK;TF9;1
WOLLERTON;TF9;1
EATON UPON TERN;TF9;1
MUCKLESTONE;TF9;1
LOGGERHEADS;TF9;1
STOKE HEATH;TF9;1
LONGSLOW;TF9;1
ALMINGTON;TF9;1
BRIDGTOWN;WS11;1
NORTON CANES;WS11;1
CANNOCK;WS11;1
HEATH HAYES;WS12;1
WIMBLEBURY;WS12;1
PYE GREEN;WS12;1
HAZELSLADE;WS12;1
HEDNESFORD;WS12;1
RILEYHILL;WS13;1
CROXALL;WS13;1
STREETHAY;WS13;1
FRADLEY;WS13;1
FAREWELL;WS13;1
ELMHURST;WS13;1
LICHFIELD;WS13;1
HILLIARD'S CROSS;WS13;1
HADEMORE;WS14;1
LITTLE HAY;WS14;1
SHENSTONE WOODEND;WS14;1
WEEFORD;WS14;1
ABBOTS BROMLEY;WS15;1
BRERETON;WS15;1
UPPER LONGDON;WS15;1
PIPE RIDWARE;WS15;1
RUGELEY;WS15;1
ARMITAGE;WS15;1
BLITHBURY;WS15;1
GENTLESHAW;WS15;1
HANDSACRE;WS15;1
HILL RIDWARE;WS15;1
CANNOCK WOOD;WS15;1
MAVESYN RIDWARE;WS15;1
HAMSTALL RIDWARE;WS15;1
GREAT WYRLEY;WS6;1
LANDYWOOD;WS6;1
CHESLYN HAY;WS6;1
BURNTWOOD GREEN;WS7;1
CHASETOWN;WS7;1
HAMMERWICH;WS7;1
BURNTWOOD;WS7;1
CHASE TERRACE;WS7;1
EDIAL;WS7;1
STONNALL;WS9;1
OXLEY;WV10;1
HEATH TOWN;WV10;1
STANDEFORD;WV10;1
SHARESHILL;WV10;1
WOOD HAYES;WV11;1
ESSINGTON;WV11;1
LOWER PENN;WV4;1
UPPER ASTON;WV5;1
WOMBOURNE;WV5;1
SEISDON;WV5;1
HEATHTON;WV5;1
TRYSULL;WV5;1
THE BRATCH;WV5;1
UPPER LUDSTONE;WV5;1
PATTINGHAM;WV6;1
TRESCOTT;WV6;1
PERTON;WV6;1
BURNHILL GREEN;WV6;1
CODSALL;WV8;1
LANE GREEN;WV8;1
OAKEN;WV8;1
CODSALL WOOD;WV8;1
COVEN;WV9;1
GREAT BRADLEY;CB8;1
COWLINGE;CB8;1
DALHAM;CB8;1
DENSTON;CB8;1
EXNING;CB8;1
GAZELEY;CB8;1
KENTFORD;CB8;1
OUSDEN;CB8;1
STRADISHALL;CB8;1
WICKHAMBROOK;CB8;1
LITTLE THURLOW;CB9;1
LITTLE WRATTING;CB9;1
HAVERHILL;CB9;1
KEDINGTON;CB9;1
GREAT THURLOW;CB9;1
LITTLE BRADLEY;CB9;1
WITHERSFIELD;CB9;1
BARNARDISTON;CB9;1
GREAT WRATTING;CB9;1
GLEMSFORD;CO10;1
BRENT ELEIGH;CO10;1
GREAT CORNARD;CO10;1
LITTLE WALDINGFIELD;CO10;1
HUNDON;CO10;1
EDWARDSTONE;CO10;1
CAVENDISH;CO10;1
LONG MELFORD;CO10;1
STANSTEAD;CO10;1
STANSFIELD;CO10;1
STOKE BY CLARE;CO10;1
ASSINGTON;CO10;1
WIXOE;CO10;1
POSLINGFORD;CO10;1
GROTON;CO10;1
LAVENHAM;CO10;1
GREAT WALDINGFIELD;CO10;1
ALPHETON;CO10;1
BRANTHAM;CO11;1
LEAVENHEATH;CO6;1
STOKE-BY-NAYLAND;CO6;1
POLSTEAD;CO6;1
NAYLAND;CO6;1
WISSINGTON;CO6;1
EAST BERGHOLT;CO7;1
BURES;CO8;1
CASTLE HILL;IP1;1
AKENHAM;IP1;1
FALKENHAM;IP10;1
NACTON;IP10;1
TRIMLEY ST MARTIN;IP10;1
BUCKLESHAM;IP10;1
LEVINGTON;IP10;1
TRIMLEY ST MARY;IP10;1
OLD FELIXSTOWE;IP11;1
FELIXSTOWE;IP11;1
MELTON;IP12;1
HEMLEY;IP12;1
BROMESWELL;IP12;1
BAWDSEY;IP12;1
EYKE;IP12;1
GEDGRAVE HALL;IP12;1
HOLLESLEY;IP12;1
IKEN;IP12;1
RAMSHOLT;IP12;1
RENDLESHAM;IP12;1
SHINGLE STREET;IP12;1
CAPEL ST ANDREW;IP12;1
BUTLEY;IP12;1
BLAXHALL;IP12;1
WOODBRIDGE;IP12;1
WALDRINGFIELD;IP12;1
SUDBOURNE;IP12;1
NEWBOURNE;IP12;1
MARTLESHAM;IP12;1
SHOTTISHAM;IP12;1
CHILLESFORD;IP12;1
BREDFIELD;IP13;1
BADINGHAM;IP13;1
BRUNDISH;IP13;1
BRUISYARD STREET;IP13;1
SAXTEAD LITTLE GREEN;IP13;1
BRUNDISH STREET;IP13;1
CRANSFORD;IP13;1
WORLINGWORTH;IP13;1
WICKHAM MARKET;IP13;1
TANNINGTON;IP13;1
SAXTEAD GREEN;IP13;1
PETTISTREE;IP13;1
MONK SOHAM;IP13;1
MONEWDEN;IP13;1
MARLESFORD;IP13;1
LITTLE GLEMHAM;IP13;1
LITTLE BEALINGS;IP13;1
LETHERINGHAM;IP13;1
LAXFIELD;IP13;1
KETTLEBURGH;IP13;1
HASKETON;IP13;1
HACHESTON;IP13;1
GREAT BEALINGS;IP13;1
FRAMLINGHAM;IP13;1
FINGAL STREET;IP13;1
EARL SOHAM;IP13;1
DEBACH;IP13;1
DALLINGHOO;IP13;1
CHARSFIELD;IP13;1
CAMPSEY ASH;IP13;1
BRUISYARD;IP13;1
BRANDESTON;IP13;1
BRABLING GREEN;IP13;1
BEDFIELD;IP13;1
GRUNDISBURGH;IP13;1
DENNINGTON;IP13;1
CRETINGHAM;IP13;1
PARHAM;IP13;1
BURGH;IP13;1
WETHERUP STREET;IP14;1
BUXHALL;IP14;1
WARD GREEN;IP14;1
CHARLES TYE;IP14;1
COMBS FORD;IP14;1
FINNINGHAM;IP14;1
STOWMARKET;IP14;1
FORWARD GREEN;IP14;1
BROCKFORD STREET;IP14;1
STONHAM ASPAL;IP14;1
OLD NEWTON;IP14;1
MICKFIELD;IP14;1
HIGH STREET GREEN;IP14;1
HAUGHLEY GREEN;IP14;1
HAUGHLEY;IP14;1
MENDLESHAM;IP14;1
MIDDLEWOOD GREEN;IP14;1
PETTAUGH;IP14;1
COTTON;IP14;1
STOWUPLAND;IP14;1
WETHERDEN;IP14;1
EARL STONHAM;IP14;1
GIPPING;IP14;1
FRAMSDEN;IP14;1
EARL'S GREEN;IP14;1
WETHERINGSETT;IP14;1
BATTISFORD;IP14;1
HAUGHLEY NEW STREET;IP14;1
HELMINGHAM;IP14;1
LITTLE FINBOROUGH;IP14;1
WYVERSTONE;IP14;1
LITTLE STONHAM;IP14;1
DEBENHAM;IP14;1
BATTISFORD TYE;IP14;1
WYVERSTONE STREET;IP14;1
MENDLESHAM GREEN;IP14;1
ASPALL;IP14;1
GREAT FINBOROUGH;IP14;1
ALDEBURGH;IP15;1
SLAUGHDEN;IP15;1
COLDFAIR GREEN;IP16;1
EAST BRIDGE;IP16;1
SIZEWELL;IP16;1
THEBERTON;IP16;1
THORPENESS;IP16;1
ALDRINGHAM;IP16;1
LEISTON;IP16;1
YOXFORD;IP17;1
WESTLETON;IP17;1
WALBERSWICK;IP17;1
SWEFFLING;IP17;1
STRATFORD ST ANDREW;IP17;1
RENDHAM;IP17;1
GROMFORD;IP17;1
DARSHAM;IP17;1
STERNFIELD;IP17;1
DUNWICH;IP17;1
POYS STREET;IP17;1
SIBTON;IP17;1
KELSALE;IP17;1
KNODISHALL;IP17;1
PEASENHALL;IP17;1
SAXMUNDHAM;IP17;1
CHURCH COMMON;IP17;1
GREAT GLEMHAM;IP17;1
SOUTHWOLD;IP18;1
REYDON;IP18;1
ALL SAINTS SOUTH ELMHAM;IP19;1
SILVERLEY'S GREEN;IP19;1
RUMBURGH;IP19;1
LINSTEAD PARVA;IP19;1
HUNTINGFIELD;IP19;1
HEVENINGHAM;IP19;1
THORINGTON;IP19;1
HALESWORTH;IP19;1
CRATFIELD;IP19;1
COX COMMON;IP19;1
CHEDISTON;IP19;1
SPEXHALL;IP19;1
BLYFORD;IP19;1
UBBESTON GREEN;IP19;1
WISSETT;IP19;1
WALPOLE;IP19;1
ST JAMES SOUTH ELMHAM;IP19;1
WENHASTON;IP19;1
BLYTHBURGH;IP19;1
METFIELD;IP20;1
MENDHAM;IP20;1
HOMERSFIELD;IP20;1
ASHFIELD GREEN;IP21;1
CROSS STREET;IP21;1
HORHAM;IP21;1
HOXNE;IP21;1
STRADBROKE;IP21;1
THRANDESTON;IP21;1
THORPE ABBOTTS;IP21;1
THELVETON;IP21;1
STUSTON;IP21;1
WEYBREAD;IP21;1
PIXEY GREEN;IP21;1
NORTH GREEN;IP21;1
LITTLE WHITTINGHAM GREEN;IP21;1
ATHELINGTON;IP21;1
HECKFIELD GREEN;IP21;1
BUSH GREEN;IP21;1
CHICKERING;IP21;1
FRESSINGFIELD;IP21;1
PULHAM ST MARY;IP21;1
BOTESDALE;IP22;1
WATTISFIELD;IP22;1
MARKET WESTON;IP22;1
KNETTISHALL;IP22;1
REDGRAVE;IP22;1
BURGATE;IP22;1
THELNETHAM;IP22;1
HINDERCLAY;IP22;1
WORTHAM;IP22;1
PALGRAVE;IP22;1
RICKINGHALL;IP22;1
BRAISEWORTH;IP23;1
WICKHAM STREET;IP23;1
RISHANGLES;IP23;1
THORNHAM MAGNA;IP23;1
BEDINGFIELD;IP23;1
GISLINGHAM;IP23;1
LITTLE GREEN;IP23;1
OCCOLD;IP23;1
STOKE ASH;IP23;1
BROME STREET;IP23;1
THORNDON;IP23;1
MELLIS;IP23;1
REDLINGFIELD;IP23;1
SOUTHOLT;IP23;1
THORNHAM PARVA;IP23;1
WICKHAM SKEITH;IP23;1
BROME;IP23;1
ELVEDEN;IP24;1
LITTLE FAKENHAM;IP24;1
GREAT HOCKHAM;IP24;1
LAKENHEATH;IP27;1
TOWN STREET;IP27;1
THISTLEY GREEN;IP28;1
LACKFORD;IP28;1
FORNHAM ALL SAINTS;IP28;1
WORLINGTON;IP28;1
WEST STOW;IP28;1
WEST ROW;IP28;1
RISBY;IP28;1
RED LODGE;IP28;1
KENNYHILL;IP28;1
ICKLINGHAM;IP28;1
HOLYWELL ROW;IP28;1
HENGRAVE;IP28;1
FRECKENHAM;IP28;1
FLEMPTON;IP28;1
ERISWELL;IP28;1
CULFORD;IP28;1
CAVENHAM;IP28;1
BECK ROW;IP28;1
WORDWELL;IP28;1
HERRINGSWELL;IP28;1
BARTON MILLS;IP28;1
LITTLE SAXHAM;IP29;1
DEPDEN;IP29;1
NOWTON;IP29;1
CHEDBURGH;IP29;1
CHEVINGTON;IP29;1
HORRINGER;IP29;1
HARTEST;IP29;1
HAWKEDON;IP29;1
HAWSTEAD;IP29;1
LAWSHALL;IP29;1
REDE;IP29;1
SHIMPLING STREET;IP29;1
STANNINGFIELD;IP29;1
GREAT SAXHAM;IP29;1
WHEPSTEAD;IP29;1
BROCKLEY GREEN;IP29;1
BRADFIELD ST GEORGE;IP30;1
DRINKSTONE;IP30;1
RATTLESDEN;IP30;1
THORPE MORIEUX;IP30;1
WOOLPIT;IP30;1
GREAT WELNETHAM;IP30;1
RUSHBROOKE;IP30;1
BEYTON;IP30;1
HESSETT;IP30;1
SICKLESMERE;IP30;1
ROUGHAM GREEN;IP30;1
BEYTON GREEN;IP30;1
POYSTREET GREEN;IP30;1
BLACKTHORPE;IP30;1
DRINKSTONE GREEN;IP30;1
BRADFIELD ST CLARE;IP30;1
BRADFIELD COMBUST;IP30;1
THORPE GREEN;IP30;1
GEDDING;IP30;1
LITTLE WELNETHAM;IP30;1
FELSHAM;IP30;1
TOSTOCK;IP30;1
GREAT BARTON;IP31;1
WALSHAM LE WILLOWS;IP31;1
SAPISTON;IP31;1
LONG THURLOW;IP31;1
IXWORTH THORPE;IP31;1
IXWORTH;IP31;1
AMPTON;IP31;1
BARDWELL;IP31;1
BADWELL ASH;IP31;1
PAKENHAM;IP31;1
THURSTON;IP31;1
GREAT LIVERMERE;IP31;1
FORNHAM ST MARTIN;IP31;1
CRANMER GREEN;IP31;1
CONEY WESTON;IP31;1
STOWLANGTOFT;IP31;1
STANTON STREET;IP31;1
TIMWORTH GREEN;IP31;1
TROSTON;IP31;1
GREAT ASHFIELD;IP31;1
BURY ST. EDMUNDS;IP32;1
BURY ST EDMUNDS;IP33;1
MARTLESHAM HEATH;IP5;1
RUSHMERE ST ANDREW;IP5;1
KESGRAVE;IP5;1
BADLEY;IP6;1
CULPHO;IP6;1
GOSBECK;IP6;1
GREAT BLAKENHAM;IP6;1
HEMINGSTONE;IP6;1
NEEDHAM MARKET;IP6;1
PLAYFORD;IP6;1
SWILLAND;IP6;1
CREETING ST MARY;IP6;1
CODDENHAM;IP6;1
BAYLHAM;IP6;1
ASHBOCKING;IP6;1
WITNESHAM;IP6;1
RAYDON;IP7;1
SEMER;IP7;1
GREAT BRICETT;IP7;1
CHELSWORTH;IP7;1
KERSEY;IP7;1
NAUGHTON;IP7;1
BILDESTON;IP7;1
ELMSETT;IP7;1
KETTLEBASTON;IP7;1
LAYHAM;IP7;1
MONKS ELEIGH;IP7;1
LINDSEY;IP7;1
WATTISHAM;IP7;1
NEDGING TYE;IP7;1
RINGSHALL STOCKS;IP7;1
WHATFIELD;IP7;1
MILDEN;IP7;1
BELSTEAD;IP8;1
WILLISHAM;IP8;1
SPROUGHTON;IP8;1
SOMERSHAM;IP8;1
BURSTALL;IP8;1
BRAMFORD;IP8;1
CHATTISHAM;IP8;1
COPDOCK;IP8;1
FLOWTON;IP8;1
OFFTON;IP8;1
HINTLESHAM;IP8;1
LITTLE BLAKENHAM;IP8;1
FRESTON;IP9;1
LOWER HOLBROOK;IP9;1
WHERSTEAD;IP9;1
TATTINGSTONE;IP9;1
ERWARTON;IP9;1
SHOP CORNER;IP9;1
SHOTLEY GATE;IP9;1
WOOLVERSTONE;IP9;1
HARKSTEAD;IP9;1
SHOTLEY;IP9;1
CHELMONDISTON;IP9;1
CAPEL ST MARY;IP9;1
HERRINGFLEET;NR32;1
BLUNDESTON;NR32;1
CAMPS HEATH;NR32;1
SOMERLEYTON;NR32;1
LOWESTOFT;NR32;1
LOWESTOFT END;NR32;1
RUSHMERE;NR33;1
CARLTON COLVILLE;NR33;1
KESSINGLAND BEACH;NR33;1
OULTON BROAD;NR33;1
GISLEHAM;NR33;1
PAKEFIELD;NR33;1
KIRKLEY;NR33;1
KESSINGLAND;NR33;1
BENACRE;NR34;1
SHADINGFIELD;NR34;1
WORLINGHAM;NR34;1
COVEHITHE;NR34;1
ILKETSHALL ST ANDREW;NR34;1
FROSTENDEN;NR34;1
STOVEN;NR34;1
WRENTHAM;NR34;1
BARSHAM;NR34;1
BECCLES;NR34;1
CLAY COMMON;NR34;1
ELLOUGH;NR34;1
HENSTEAD;NR34;1
HULVER STREET;NR34;1
ILKETSHALL ST LAWRENCE;NR34;1
MUTFORD;NR34;1
NORTH COVE;NR34;1
REDISHAM;NR34;1
RINGSFIELD;NR34;1
RINGSFIELD CORNER;NR34;1
SHIPMEADOW;NR34;1
SOTTERLY;NR34;1
SOUTH COVE;NR34;1
UGGESHALL;NR34;1
BARNBY;NR34;1
BUNGAY;NR35;1
METTINGHAM;NR35;1
WHYTELEAFE;CR3;1
CATERHAM;CR3;1
WOLDINGHAM;CR3;1
CHALDON;CR3;1
WARLINGHAM;CR6;1
FARLEIGH;CR6;1
CHELSHAM;CR6;1
MERROW;GU1;1
GUILDFORD;GU1;1
BATT'S CORNER;GU10;1
TILFORD;GU10;1
TONGHAM;GU10;1
SEALE;GU10;1
FRENSHAM;GU10;1
THE SANDS;GU10;1
MILL LANE;GU10;1
MILLBRIDGE;GU10;1
DIPPENHALL;GU10;1
BUCKS HORN OAK;GU10;1
SPREAKLEY;GU10;1
CHURT;GU10;1
ROWLEDGE;GU10;1
CHARLESHILL;GU10;1
ASH VALE;GU12;1
ALDERSHOT;GU12;1
CAMBERLEY;GU15;1
FRIMLEY;GU16;1
MYTCHETT;GU16;1
DEEPCUT;GU16;1
FRIMLEY GREEN;GU16;1
LIGHTWATER;GU18;1
ONSLOW VILLAGE;GU2;1
WINDLESHAM;GU20;1
HORSELL;GU21;1
KNAPHILL;GU21;1
PYRFORD;GU22;1
OLD WOKING;GU22;1
MAYFORD;GU22;1
WOKING;GU22;1
SEND;GU23;1
OCKHAM;GU23;1
WISLEY;GU23;1
SEND MARSH;GU23;1
DONKEY TOWN;GU24;1
BROOKWOOD;GU24;1
BURROWHILL;GU24;1
PIRBRIGHT;GU24;1
CHOBHAM;GU24;1
VIRGINIA WATER;GU25;1
HINDHEAD;GU26;1
GRAYSHOTT;GU26;1
BEACON HILL;GU26;1
HASLEMERE;GU27;1
SHOTTERMILL;GU27;1
WORPLESDON;GU3;1
HENLEY PARK;GU3;1
FLEXFORD;GU3;1
NORMANDY;GU3;1
PITCH PLACE;GU3;1
WOOD STREET;GU3;1
NEWLAND'S CORNER;GU4;1
SUTTON GREEN;GU4;1
WEST CLANDON;GU4;1
EAST CLANDON;GU4;1
ROWLY;GU5;1
SHAMLEY GREEN;GU5;1
WONERSH;GU5;1
STROUD COMMON;GU5;1
SHERE;GU5;1
ALBURY HEATH;GU5;1
PEASLAKE;GU5;1
FARLEY GREEN;GU5;1
GOMSHALL;GU5;1
GRAFHAM;GU5;1
EWHURST GREEN;GU6;1
ALFOLD;GU6;1
CRANLEIGH;GU6;1
ALFOLD CROSSWAYS;GU6;1
BUSBRIDGE;GU7;1
FARNCOMBE;GU7;1
EASHING;GU7;1
HURTMORE;GU7;1
GODALMING;GU7;1
BOWLHEAD GREEN;GU8;1
WHEELERSTREET;GU8;1
WITLEY;GU8;1
THORNCOMBE STREET;GU8;1
SHACKLEFORD;GU8;1
RAMSNEST COMMON;GU8;1
PEPER HAROW;GU8;1
LOXHILL;GU8;1
HYDESTILE;GU8;1
HASCOMBE;GU8;1
FISHERSTREET;GU8;1
ELSTEAD;GU8;1
DUNSFOLD;GU8;1
CHIDDINGFOLD;GU8;1
THURSLEY;GU8;1
THE BOURNE;GU9;1
RUNFOLD;GU9;1
LOWER BOURNE;GU9;1
WRECCLESHAM;GU9;1
BADSHOT LEA;GU9;1
SURREY HEATH;GU95;1
ESHER;KT10;1
LONG DITTON;KT10;1
STOKE D'ABERNON;KT11;1
MARTYR'S GREEN;KT11;1
WHITELEY VILLAGE;KT12;1
WALTON-ON-THAMES;KT12;1
WEYBRIDGE;KT13;1
BYFLEET;KT14;1
WEST BYFLEET;KT14;1
ROW TOWN;KT15;1
NEW HAW;KT15;1
ADDLESTONE;KT15;1
CHERTSEY;KT16;1
OTTERSHAW;KT16;1
EWELL;KT17;1
BURGH HEATH;KT20;1
TADWORTH;KT20;1
THE HERMITAGE;KT20;1
WALTON ON THE HILL;KT20;1
PEBBLE COOMBE;KT20;1
ASHTEAD;KT21;1
LEATHERHEAD;KT22;1
GIVONS GROVE;KT22;1
OXSHOTT;KT22;1
FETCHAM;KT23;1
GREAT BOOKHAM;KT23;1
LITTLE BOOKHAM;KT23;1
EAST HORSLEY;KT24;1
WEST HORSLEY;KT24;1
EFFINGHAM;KT24;1
THAMES DITTON;KT7;1
WEST MOLESEY;KT8;1
EAST MOLESEY;KT8;1
RIDGE GREEN;RH1;1
SOUTH NUTFIELD;RH1;1
BLETCHINGLEY;RH1;1
MERSTHAM;RH1;1
NUTFIELD;RH1;1
SALFORDS;RH1;1
REIGATE;RH2;1
SOUTH PARK;RH2;1
SIDLOWBRIDGE;RH2;1
DOVERSGREEN;RH2;1
BROCKHAM;RH3;1
BETCHWORTH;RH3;1
DORKING;RH4;1
ABINGER HAMMER;RH5;1
ABINGER COMMON;RH5;1
WESTHUMBLE;RH5;1
NEWDIGATE;RH5;1
WOTTON;RH5;1
BEARE GREEN;RH5;1
FOREST GREEN;RH5;1
HOLMBURY ST MARY;RH5;1
JAYES PARK;RH5;1
MICKLEHAM;RH5;1
NORTH HOLMWOOD;RH5;1
OCKLEY;RH5;1
WALLISWOOD;RH5;1
OAKWOODHILL;RH5;1
SOUTH HOLMWOOD;RH5;1
HOOKWOOD;RH6;1
NORWOOD HILL;RH6;1
POVEY CROSS;RH6;1
HORNE;RH6;1
BURSTOW;RH6;1
CHARLWOOD;RH6;1
SMALLFIELD;RH6;1
LINGFIELD;RH7;1
BLINDLEY HEATH;RH7;1
DORMANSLAND;RH7;1
LIMPSFIELD;RH8;1
TITSEY;RH8;1
TANDRIDGE;RH8;1
OXTED;RH8;1
GODSTONE;RH9;1
SOUTH GODSTONE;RH9;1
WOODMANSTERNE;SM7;1
BANSTEAD;SM7;1
TATSFIELD;TN16;1
SUNBURY;TW16;1
SHEPPERTON;TW17;1
UPPER HALLIFORD;TW17;1
STAINES;TW18;1
LALEHAM;TW18;1
HYTHE END;TW19;1
STANWELL MOOR;TW19;1
STANWELL;TW19;1
COOPER'S HILL;TW20;1
ENGLEFIELD GREEN;TW20;1
EGHAM;TW20;1
OVER WHITACRE;B46;1
NETHER WHITACRE;B46;1
MAXSTOKE;B46;1
WATER ORTON;B46;1
SHUSTOKE;B46;1
WEETHLEY;B49;1
ALCESTER;B49;1
TEMPLE GRAFTON;B49;1
OVERSLEY GREEN;B49;1
KING'S COUGHTON;B49;1
HASELOR;B49;1
BILLESLEY;B49;1
ARROW;B49;1
ARDENS GRAFTON;B49;1
WIXFORD;B49;1
GREAT ALNE;B49;1
BIDFORD-ON-AVON;B50;1
LEA MARSTON;B76;1
CURDWORTH;B76;1
POLESWORTH;B78;1
DORDON;B78;1
SHUTTINGTON;B79;1
NEWTON REGIS;B79;1
SECKINGTON;B79;1
MORTON BAGOT;B80;1
GORCOTT HILL;B80;1
MAPPLEBOROUGH GREEN;B80;1
STUDLEY COMMON;B80;1
LAPWORTH;B94;1
EARLSWOOD;B94;1
TANWORTH IN ARDEN;B94;1
HENLEY-IN-ARDEN;B95;1
ASTON CANTLOW;B95;1
BEAUDESERT;B95;1
EDSTONE;B95;1
LITTLE ALNE;B95;1
LOWSONFORD;B95;1
OLDBERROW;B95;1
PRESTON BAGOT;B95;1
ULLENHALL;B95;1
WOOTTON WAWEN;B95;1
SAMBOURNE;B96;1
STOCKINGFORD;CV10;1
HARTSHILL;CV10;1
WEDDINGTON;CV10;1
CHILVERS COTON;CV10;1
CHAPEL END;CV10;1
GRIFF;CV10;1
GALLEY COMMON;CV10;1
ANSLEY;CV10;1
BURTON HASTINGS;CV11;1
NUNEATON;CV11;1
GOODYERS END;CV12;1
COLLYCROFT;CV12;1
BEDWORTH;CV12;1
RUGBY;CV21;1
NEWBOLD ON AVON;CV21;1
DUNCHURCH;CV22;1
HILLMORTON;CV22;1
PRIORS HARDWICK;CV23;1
PAILTON;CV23;1
CHURCH LAWFORD;CV23;1
PRIORS MARSTON;CV23;1
WORMLEIGHTON;CV23;1
WOLFHAMPCOTE;CV23;1
STRETTON-ON-DUNSMORE;CV23;1
LITTLE LAWFORD;CV23;1
MONKS KIRBY;CV23;1
NAPTON ON THE HILL;CV23;1
NEWNHAM PADDOX;CV23;1
GRANDBOROUGH;CV23;1
BRINKLOW;CV23;1
BASCOTE;CV23;1
BIRDINGBURY;CV23;1
BOURTON ON DUNSMORE;CV23;1
WOOLSCOTT;CV23;1
CLIFTON UPON DUNSMORE;CV23;1
STRETTON UNDER FOSSE;CV23;1
EASENHALL;CV23;1
FRANKTON;CV23;1
HARBOROUGH MAGNA;CV23;1
LEAMINGTON HASTINGS;CV23;1
LONG ITCHINGTON;CV23;1
LONG LAWFORD;CV23;1
PRINCETHORPE;CV23;1
CHURCHOVER;CV23;1
FLECKNOE;CV23;1
DRAYCOTE;CV23;1
BRETFORD;CV23;1
KITES HARDWICK;CV23;1
WHITNASH;CV31;1
RADFORD SEMELE;CV31;1
CUBBINGTON;CV32;1
OLD MILVERTON;CV32;1
ROYAL LEAMINGTON SPA;CV32;1
HARBURY;CV33;1
WESTON UNDER WETHERLEY;CV33;1
AVON DASSETT;CV33;1
LADBROKE;CV33;1
BISHOP'S TACHBROOK;CV33;1
UFTON;CV33;1
CHESTERTON GREEN;CV33;1
HUNNINGHAM;CV33;1
EATHORPE;CV33;1
KNIGHTCOTE;CV33;1
FENNY COMPTON;CV33;1
BISHOP'S ITCHINGTON;CV33;1
WAPPENBURY;CV33;1
OFFCHURCH;CV33;1
ASHORNE;CV35;1
ROWINGTON GREEN;CV35;1
SHERBOURNE;CV35;1
PINLEY GREEN;CV35;1
UPPER TYSOE;CV35;1
WELLESBOURNE;CV35;1
CHARLECOTE;CV35;1
CLAVERDON;CV35;1
NORTON LINDSEY;CV35;1
RADWAY;CV35;1
BEAUSALE;CV35;1
BUDBROOKE;CV35;1
CHADSHUNT;CV35;1
COMBROOK;CV35;1
GAYDON;CV35;1
HAMPTON LUCY;CV35;1
HASELEY;CV35;1
LEEK WOOTTON;CV35;1
LIGHTHORNE;CV35;1
LITTLE KINETON;CV35;1
BUTLERS MARSTON;CV35;1
HAMPTON ON THE HILL;CV35;1
TURNER'S GREEN;CV35;1
LOWER TYSOE;CV35;1
LOXLEY;CV35;1
MIDDLE TYSOE;CV35;1
MORETON MORRELL;CV35;1
WROXHALL;CV35;1
NEWBOLD PACEY;CV35;1
OXHILL;CV35;1
WASPERTON;CV35;1
PILLERTON HERSEY;CV35;1
ROWINGTON;CV35;1
SHREWLEY;CV35;1
PILLERTON PRIORS;CV35;1
GREAT WOLFORD;CV36;1
DARLINGSCOTT;CV36;1
ASCOTT;CV36;1
TIDMINGTON;CV36;1
IDLICOTE;CV36;1
BARCHESTON;CV36;1
BURMINGTON;CV36;1
WHICHFORD;CV36;1
SUTTON-UNDER-BRAILES;CV36;1
SHIPSTON ON STOUR;CV36;1
LITTLE WOLFORD;CV36;1
ILMINGTON;CV36;1
ADMINGTON;CV36;1
WHATCOTE;CV36;1
ALDERMINSTER;CV37;1
LOWER QUINTON;CV37;1
INGON;CV37;1
CLIFFORD CHAMBERS;CV37;1
NEWBOLD ON STOUR;CV37;1
ETTINGTON;CV37;1
BINTON;CV37;1
BEARLEY;CV37;1
ARMSCOTE;CV37;1
BROAD MARSTON;CV37;1
WIMPSTONE;CV37;1
WELFORD-ON-AVON;CV37;1
ATHERSTONE ON STOUR;CV37;1
FULREADY;CV37;1
UPPER QUINTON;CV37;1
PRESTON ON STOUR;CV37;1
SNITTERFIELD;CV37;1
ALVESTON;CV37;1
DORSINGTON;CV37;1
WILMCOTE;CV37;1
SHOTTERY;CV37;1
WESTWOOD HEATH;CV4;1
TILE HILL;CV4;1
KIRBY CORNER;CV4;1
BARNACLE;CV7;1
NEAL'S GREEN;CV7;1
CORLEY;CV7;1
OLD ARLEY;CV7;1
NEW ARLEY;CV7;1
FILLONGLEY;CV7;1
WITHYBROOK;CV7;1
CORLEY ASH;CV7;1
CORLEY MOOR;CV7;1
STONELEIGH;CV8;1
WOLSTON;CV8;1
RYTON-ON-DUNSMORE;CV8;1
MEER END;CV8;1
ASHOW;CV8;1
BAGINTON;CV8;1
BUBBENHALL;CV8;1
HONILEY;CV8;1
CASTLE END;CV8;1
KENILWORTH;CV8;1
BADDESLEY ENSOR;CV9;1
ATHERSTONE;CV9;1
BAXTERLEY;CV9;1
AUSTREY;CV9;1
GRENDON COMMON;CV9;1
MANCETTER;CV9;1
RATCLIFFE CULEY;CV9;1
RIDGE LANE;CV9;1
SHEEPY MAGNA;CV9;1
SHEEPY PARVA;CV9;1
LITTLE COMPTON;GL56;1
BARTON-ON-THE-HEATH;GL56;1
STRETTON-ON-FOSSE;GL56;1
WOLVEY;LE10;1
LOWER SHUCKBURGH;NN11;1
RATLEY;OX15;1
LOWER BRAILES;OX15;1
UPPER BRAILES;OX15;1
SHOTTESWELL;OX17;1
SALFORD PRIORS;WR11;1
WEST WORTHING;BN11;1
FERRING;BN12;1
GORING-BY-SEA;BN12;1
SALVINGTON;BN13;1
PATCHING;BN13;1
WEST TARRING;BN13;1
HIGH SALVINGTON;BN14;1
FINDON;BN14;1
SOMPTING;BN15;1
NORTH LANCING;BN15;1
SOUTH LANCING;BN15;1
COOMBES;BN15;1
ANGMERING;BN16;1
HAMMERPOT;BN16;1
RUSTINGTON;BN16;1
EAST PRESTON;BN16;1
LYMINSTER;BN17;1
CLIMPING;BN17;1
LITTLEHAMPTON;BN17;1
YAPTON;BN18;1
WALBERTON;BN18;1
POLING CORNER;BN18;1
POLING;BN18;1
MADEHURST;BN18;1
WEPHAM;BN18;1
WARNINGCAMP;BN18;1
FONTWELL;BN18;1
DALE PARK;BN18;1
CROSS BUSH;BN18;1
BURNDELL;BN18;1
BILSHAM;BN18;1
TORTINGTON;BN18;1
ARUNDEL;BN18;1
KINGSTON BY SEA;BN43;1
SHOREHAM-BY-SEA;BN43;1
STEYNING;BN44;1
UPPER BEEDING;BN44;1
BOTOLPHS;BN44;1
HOLE STREET;BN44;1
BRAMBER;BN44;1
POYNINGS;BN45;1
PYECOMBE;BN45;1
BLACKSTONE;BN5;1
FULKING;BN5;1
EDBURTON;BN5;1
WINEHAM;BN5;1
SMALL DOLE;BN5;1
HENFIELD;BN5;1
OREHAM COMMON;BN5;1
HURSTPIERPOINT;BN6;1
ALBOURNE;BN6;1
HASSOCKS;BN6;1
SAYERS COMMON;BN6;1
MUDDLESWOOD;BN6;1
KEYMER;BN6;1
LANCING;BN99;1
LYTHE HILL;GU27;1
CAMELSDALE;GU27;1
FERNHURST;GU27;1
GRAYSWOOD;GU27;1
KINGSLEY GREEN;GU27;1
LINCHMERE;GU27;1
HAMMER;GU27;1
EAST LAVINGTON;GU28;1
BARLAVINGTON;GU28;1
BYWORTH;GU28;1
COULTERSHAW BRIDGE;GU28;1
DUNCTON;GU28;1
BALLS CROSS;GU28;1
UPWALTHAM;GU28;1
SELHAM;GU28;1
RIVER;GU28;1
GRAFFHAM;GU28;1
GUNTER'S BRIDGE;GU28;1
LICKFOLD;GU28;1
LODSWORTH;GU28;1
LURGASHALL;GU28;1
NORTHCHAPEL;GU28;1
PETWORTH;GU28;1
UPPERTON;GU28;1
WOOLBEDING;GU29;1
ROBINS;GU29;1
IPING;GU29;1
BEPTON;GU29;1
HEYSHOTT;GU29;1
TREYFORD;GU29;1
COCKING;GU29;1
DIDLING;GU29;1
EASEBOURNE;GU29;1
STEDHAM;GU29;1
SOUTH AMBERSHAM;GU29;1
MIDHURST;GU29;1
ROGATE;GU31;1
ELSTED;GU31;1
NYEWOOD;GU31;1
NURSTED;GU31;1
SOUTH HARTING;GU31;1
TROTTON;GU31;1
CHITHURST;GU31;1
EAST HARTING;GU31;1
RAKE;GU33;1
WEST THORNEY;PO10;1
WEST STOKE;PO18;1
BROADBRIDGE;PO18;1
CHIDHAM;PO18;1
NORTH MARDEN;PO18;1
WALDERTON;PO18;1
MID LAVANT;PO18;1
EAST ASHLING;PO18;1
HALNAKER;PO18;1
EAST LAVANT;PO18;1
STRETTINGTON;PO18;1
FUNTINGTON;PO18;1
EAST MARDEN;PO18;1
UP MARDEN;PO18;1
EARTHAM;PO18;1
BOXGROVE;PO18;1
WEST ASHLING;PO18;1
BOSHAM;PO18;1
CHILGROVE;PO18;1
WEST MARDEN;PO18;1
CHICHESTER;PO19;1
WEST WITTERING;PO20;1
SOMERLEY;PO20;1
SHIPTON GREEN;PO20;1
EASTERGATE;PO20;1
BIRDHAM;PO20;1
EARNLEY;PO20;1
EAST WITTERING;PO20;1
NORTH MUNDHAM;PO20;1
SELSEY;PO20;1
SIDLESHAM;PO20;1
SOUTH MUNDHAM;PO20;1
TANGMERE;PO20;1
WESTERGATE;PO20;1
WESTHAMPNETT;PO20;1
CHURCH NORTON;PO20;1
WEST ITCHENOR;PO20;1
HIGHLEIGH;PO20;1
ALDINGBOURNE;PO20;1
COLWORTH;PO20;1
RUNCTON;PO20;1
NYTON;PO20;1
APULDRAM;PO20;1
MERSTON;PO20;1
ALDWICK;PO21;1
BOGNOR REGIS;PO21;1
NYETIMBER;PO21;1
PAGHAM;PO21;1
SOUTH BERSTED;PO22;1
MIDDLETON-ON-SEA;PO22;1
ANCTON;PO22;1
NORTH BERSTED;PO22;1
FELPHAM;PO22;1
SHRIPNEY;PO22;1
FLANSHAM;PO22;1
CRAWLEY DOWN;RH10;1
TINSLEY GREEN;RH10;1
THREE BRIDGES;RH10;1
COPTHORNE;RH10;1
COUNTY OAK;RH10;1
CRABBET PARK;RH10;1
TURNERS HILL;RH10;1
POUND HILL;RH10;1
PEASE POTTAGE;RH11;1
IFIELD;RH11;1
LOWFIELD HEATH;RH11;1
IFIELDWOOD;RH11;1
GOSSOPS GREEN;RH11;1
RUSPER;RH12;1
RUDGWICK;RH12;1
ROWHOOK;RH12;1
LAMBS GREEN;RH12;1
BUCKS GREEN;RH12;1
BROADBRIDGE HEATH;RH12;1
WARNHAM;RH12;1
ROFFEY;RH12;1
FAYGATE;RH12;1
ELLEN'S GREEN;RH12;1
BARNS GREEN;RH13;1
COWFOLD;RH13;1
MONK'S GATE;RH13;1
COOLHAM;RH13;1
SOUTHWATER;RH13;1
WEST GRINSTEAD;RH13;1
LOWER BEEDING;RH13;1
BROOKS GREEN;RH13;1
PARTRIDGE GREEN;RH13;1
DIAL POST;RH13;1
ITCHINGFIELD;RH13;1
COLGATE;RH13;1
BINES GREEN;RH13;1
THE BAR;RH13;1
MANNINGS HEATH;RH13;1
MAPLEHURST;RH13;1
COPSALE;RH13;1
SLINFOLD;RH13;1
ASHFOLD CROSSWAYS;RH13;1
BROOMER'S CORNER;RH13;1
BURDOCKS;RH14;1
KIRDFORD;RH14;1
ADVERSANE;RH14;1
IFOLD;RH14;1
STROOD GREEN;RH14;1
FIVE OAKS;RH14;1
CONEYHURST COMMON;RH14;1
WISBOROUGH GREEN;RH14;1
ROUNDSTREET COMMON;RH14;1
BUCKMAN CORNER;RH14;1
THE HAVEN;RH14;1
NEWPOUND COMMON;RH14;1
BROADFORD BRIDGE;RH14;1
BILLINGSHURST;RH14;1
LOXWOOD;RH14;1
BURGESS HILL;RH15;1
HAYWARDS HEATH;RH16;1
LINDFIELD;RH16;1
PAXHILL PARK;RH16;1
SLAUGHAM;RH17;1
CHELWOOD GATE;RH17;1
HICKSTEAD;RH17;1
WHITEMANS GREEN;RH17;1
WARNINGLID;RH17;1
TWINEHAM;RH17;1
STAPLEFIELD;RH17;1
SCAYNE'S HILL;RH17;1
SANDROCKS;RH17;1
HORSTED KEYNES;RH17;1
HANDCROSS;RH17;1
CUCKFIELD;RH17;1
BOLNEY;RH17;1
BALCOMBE;RH17;1
ARDINGLY;RH17;1
HIGHBROOK;RH17;1
EAST GRINSTEAD;RH19;1
HAMMERWOOD;RH19;1
WEST HOATHLY;RH19;1
DORMANS PARK;RH19;1
SELSFIELD COMMON;RH19;1
SHARPTHORNE;RH19;1
SAINT HILL;RH19;1
BROCKHURST;RH19;1
FELCOURT;RH19;1
FELBRIDGE;RH19;1
WEST CHILTINGTON;RH20;1
THAKEHAM;RH20;1
COOTHAM;RH20;1
WIGGONHOLT;RH20;1
BIGNOR;RH20;1
ABINGWORTH;RH20;1
CODMORE HILL;RH20;1
NORTH HEATH;RH20;1
SULLINGTON;RH20;1
WATERSFIELD;RH20;1
COLDWALTHAM;RH20;1
WARMINGHURST;RH20;1
PULBOROUGH;RH20;1
RACKHAM;RH20;1
STOPHAM;RH20;1
STORRINGTON;RH20;1
GAY STREET;RH20;1
FITTLEWORTH;RH20;1
EGDEAN;RH20;1
HARDHAM;RH20;1
FRANKLEY;B32;1
COFTON HACKETT;B45;1
BARNT GREEN;B45;1
LICKEY;B45;1
WYTHALL;B47;1
DRAKES CROSS;B47;1
HOPWOOD;B48;1
ROWNEY GREEN;B48;1
ALVECHURCH;B48;1
WEATHEROAK HILL;B48;1
COOKHILL;B49;1
WOOLMERE GREEN;B60;1
LICKEY END;B60;1
TUTNALL;B60;1
HEWELL LANE;B60;1
TARDEBIGGE;B60;1
FINSTALL;B60;1
ASTON FIELDS;B60;1
CATSHILL;B61;1
BROMSGROVE;B61;1
UPTON WARREN;B61;1
UPPER CATSHILL;B61;1
SIDEMOOR;B61;1
BOURNHEATH;B61;1
NEW END;B96;1
HOLBERROW GREEN;B96;1
FECKENHAM;B96;1
BRADLEY GREEN;B96;1
STOCK WOOD;B96;1
STOCK GREEN;B96;1
ASTWOOD BANK;B96;1
HEWELL GRANGE;B97;1
WEBHEATH;B97;1
HEADLESS CROSS;B97;1
HUNT END;B97;1
WALKWOOD;B97;1
CRABBS CROSS;B97;1
REDDITCH;B97;1
BEOLEY;B98;1
BRANSON'S CROSS;B98;1
PEBWORTH;CV37;1
BLAKEDOWN;DY10;1
CHADDESLEY CORBETT;DY10;1
MUSTOW GREEN;DY10;1
KIDDERMINSTER;DY10;1
BLAKEBROOK;DY11;1
BLAKESHALL;DY11;1
CAUNSALL;DY11;1
HARTLEBURY;DY11;1
LOW HABBERLEY;DY11;1
FRANCHE;DY11;1
WRIBBENHALL;DY12;1
UPPER ARLEY;DY12;1
RIBBESFORD;DY12;1
BEWDLEY;DY12;1
BUTTONOAK;DY12;1
SHATTERFORD;DY12;1
TRIMPLEY;DY12;1
THE BURF;DY13;1
UPPER MITTON;DY13;1
DUNHAMPTON;DY13;1
CROSSWAY GREEN;DY13;1
ASTLEY CROSS;DY13;1
ARELEY KINGS;DY13;1
LINCOMB;DY13;1
DUNLEY;DY13;1
NORCHARD;DY13;1
STOURPORT-ON-SEVERN;DY13;1
SYTCHAMPTON;DY13;1
LEM HILL;DY14;1
MAMBLE;DY14;1
BAVENEY WOOD;DY14;1
POUND BANK;DY14;1
ORETON;DY14;1
CATHERTON;DY14;1
CLEETON ST MARY;DY14;1
CLOWS TOP;DY14;1
FAR FOREST;DY14;1
FINGERPOST;DY14;1
BLISS GATE;DY14;1
BAYTON;DY14;1
WEST HAGLEY;DY9;1
BELL END;DY9;1
CLENT;DY9;1
HOLY CROSS;DY9;1
BELBROUGHTON;DY9;1
ELDERSFIELD;GL19;1
PENDOCK;GL19;1
UCKINGHALL;GL20;1
BREDON;GL20;1
ALSTONE;GL20;1
ASHCHURCH;GL20;1
ASTON CROSS;GL20;1
BECKFORD;GL20;1
BREDON'S HARDWICK;GL20;1
THE MYTHE;GL20;1
BUSHLEY;GL20;1
CONDERTON;GL20;1
DIXTON;GL20;1
OVERBURY;GL20;1
PAMINGTON;GL20;1
SHUTHONGER;GL20;1
WALTON CARDIFF;GL20;1
TWYNING GREEN;GL20;1
KEMERTON;GL20;1
BREDON'S NORTON;GL20;1
CROPTHORNE;WR10;1
BIRLINGHAM;WR10;1
ELMLEY CASTLE;WR10;1
THROCKMORTON;WR10;1
ECKINGTON;WR10;1
BRICKLEHAMPTON;WR10;1
LITTLE COMBERTON;WR10;1
PEOPLETON;WR10;1
BISHAMPTON;WR10;1
PERSHORE;WR10;1
WYRE PIDDLE;WR10;1
PINVIN;WR10;1
PENSHAM;WR10;1
GREAT COMBERTON;WR10;1
DRAKES BROUGHTON;WR10;1
FLADBURY;WR10;1
LOWER MOOR;WR10;1
NAUNTON BEAUCHAMP;WR10;1
MIDDLE LITTLETON;WR11;1
WICKHAMFORD;WR11;1
IRON CROSS;WR11;1
HONEYBOURNE;WR11;1
ABBOT'S SALFORD;WR11;1
SAINTBURY;WR11;1
ROUS LENCH;WR11;1
HINTON ON THE GREEN;WR11;1
ASHTON UNDER HILL;WR11;1
OFFENHAM;WR11;1
BRETFORTON;WR11;1
BADSEY;WR11;1
CHURCH LENCH;WR11;1
SEDGEBERROW;WR11;1
CLEEVE PRIOR;WR11;1
SOUTH LITTLETON;WR11;1
ATCH LENCH;WR11;1
LENCHWICK;WR11;1
NORTH LITTLETON;WR11;1
EVESHAM;WR11;1
ASTON SOMERVILLE;WR12;1
CHILDSWICKHAM;WR12;1
SNOWSHILL;WR12;1
MADRESFIELD;WR13;1
STORRIDGE;WR13;1
STIFFORD'S BRIDGE;WR13;1
SLEDGE GREEN;WR13;1
RIDGEWAY CROSS;WR13;1
LITTLE WELLAND;WR13;1
LEIGH SINTON;WR13;1
KING'S GREEN;WR13;1
GUARLFORD;WR13;1
COLWALL GREEN;WR13;1
CLEVELODE;WR13;1
CASTLEMORTON;WR13;1
CAMER'S GREEN;WR13;1
BIRTS STREET;WR13;1
WELLAND;WR13;1
COLWALL STONE;WR13;1
MALVERN WELLS;WR14;1
MALVERN LINK;WR14;1
WEST MALVERN;WR14;1
GREAT MALVERN;WR14;1
BARNARD'S GREEN;WR14;1
LOWER WYCHE;WR14;1
UPPER WYCHE;WR14;1
LITTLE MALVERN;WR14;1
LINDRIDGE;WR15;1
WOLFERLOW;WR15;1
FRITH COMMON;WR15;1
BANK STREET;WR15;1
HANLEY WILLIAM;WR15;1
KYRE PARK;WR15;1
STOKE BLISS;WR15;1
UPPER ROCHFORD;WR15;1
BROAD HEATH;WR15;1
CALLOWS GRAVE;WR15;1
TENBURY WELLS;WR15;1
HANLEY CHILD;WR15;1
HALLOW HEATH;WR2;1
POWICK;WR2;1
SHOULTON;WR2;1
CALLOW END;WR2;1
GRIMLEY;WR2;1
HALLOW;WR2;1
RUSHWICK;WR2;1
HENWICK;WR2;1
SINTON GREEN;WR2;1
LOWER BROADHEATH;WR2;1
PEACHLEY;WR2;1
COLLETT'S GREEN;WR2;1
FERNHILL HEATH;WR3;1
MARTIN HUSSINGTREE;WR3;1
HINDLIP;WR3;1
CLAINES;WR3;1
KEMPSEY;WR5;1
SPETCHLEY;WR5;1
KERSWELL GREEN;WR5;1
SAPEY COMMON;WR6;1
WICHENFORD;WR6;1
SUCKLEY;WR6;1
STOCKTON ON TEME;WR6;1
STANFORD ON TEME;WR6;1
SHRAWLEY;WR6;1
SHELSLEY BEAUCHAMP;WR6;1
PENSAX;WR6;1
NOUTARD'S GREEN;WR6;1
MARTLEY;WR6;1
LULSLEY;WR6;1
LITTLE WITLEY;WR6;1
KNIGHTWICK;WR6;1
GREAT WITLEY;WR6;1
FROG POOL;WR6;1
COTHERIDGE;WR6;1
CLIFTON UPON TEME;WR6;1
BROADWAS;WR6;1
BRANSFORD;WR6;1
ALFRICK;WR6;1
ABBERLEY;WR6;1
FIVE BRIDGES;WR6;1
BERROW GREEN;WR6;1
STANFORD BRIDGE;WR6;1
SMITH END GREEN;WR6;1
LINLEY GREEN;WR6;1
BRANSFORD BRIDGE;WR6;1
SHELSLEY WALSH;WR6;1
LONGLEY GREEN;WR6;1
FLYFORD FLAVELL;WR7;1
SNEACHILL;WR7;1
WHITE LADIES ASTON;WR7;1
UPTON SNODSBURY;WR7;1
GRAFTON FLYFORD;WR7;1
INKBERROW;WR7;1
CROWLE GREEN;WR7;1
BROUGHTON HACKETT;WR7;1
BREDICOT;WR7;1
ABBOTS MORTON;WR7;1
STOULTON;WR7;1
NORTH PIDDLE;WR7;1
HAWBRIDGE;WR8;1
WADBOROUGH;WR8;1
STRENSHAM;WR8;1
DEFFORD;WR8;1
BAUGHTON;WR8;1
UPTON UPON SEVERN;WR8;1
EARL'S CROOME;WR8;1
SEVERN STOKE;WR8;1
RHYDD;WR8;1
HANLEY CASTLE;WR8;1
HANLEY SWAN;WR8;1
HOLLY GREEN;WR8;1
HAMPTON LOVETT;WR9;1
SALE GREEN;WR9;1
SALWARPE;WR9;1
HIMBLETON;WR9;1
EARL'S COMMON;WR9;1
HUDDINGTON;WR9;1
CUTNALL GREEN;WR9;1
ODDINGLEY;WR9;1
HOLT FLEET;WR9;1
HAWFORD;WR9;1
ELMLEY LOVETT;WR9;1
ELMBRIDGE;WR9;1
DROITWICH;WR9;1
DOVERDALE;WR9;1
HADZOR;WR9;1
UPHAMPTON;WR9;1
RUSHOCK;WR9;1
WYCHBOLD;WR9;1
OMBERSLEY;WR9;1
BICKLEY;BR1;1
BROMLEY;BR1;1
KESTON;BR2;1
BROMLEY COMMON;BR2;1
LEAVES GREEN;BR2;1
EDEN PARK;BR3;1
BECKENHAM;BR3;1
ST MARY CRAY;BR5;1
ST PAUL'S CRAY;BR5;1
DOWNE;BR6;1
ORPINGTON;BR6;1
DOWN HOUSE;BR6;1
PRATT'S BOTTOM;BR6;1
CHELSFIELD;BR6;1
KNOCKHOLT STATION;BR6;1
LOCKSBOTTOM;BR6;1
WELL HILL;BR6;1
CHISLEHURST;BR7;1
CHISLEHURST CAVES;BR7;1
NEW ADDINGTON;CR0;1
SELSDON;CR2;1
SANDERSTEAD;CR2;1
MITCHAM;CR4;1
BEDDINGTON CORNER;CR4;1
HOOLEY;CR5;1
COULSDON;CR5;1
PURLEY;CR8;1
CRAYFORD;DA1;1
NORTH CRAY;DA14;1
SIDCUP;DA14;1
FOOTS CRAY;DA14;1
BEXLEY;DA15;1
EAST WICKHAM;DA16;1
WELLING;DA16;1
ERITH MARSHES;DA17;1
BELVEDERE;DA17;1
COLDBLOW;DA5;1
SLADE GREEN;DA8;1
STEPNEY;E1;1
ALDGATE EAST;E1;1
COMMERCIAL ROAD;E1;1
MILE END ROAD;E1;1
SPITALFIELDS;E1;1
WAPPING;E1;1
STEPNEY GREEN;E1;1
LEYTON MARSHES;E10;1
LEYTON;E10;1
LEYTONSTONE;E11;1
WANSTEAD;E11;1
SNARESBROOK;E11;1
LITTLE ILFORD;E12;1
MANOR PARK;E12;1
ALDERSBROOK;E12;1
WEST HAM;E13;1
POPLAR;E14;1
WESTFERRY;E14;1
MUDCHUTE;E14;1
WEST INDIA QUAY;E14;1
EAST INDIA;E14;1
LONDON ARENA;E14;1
HERON QUAYS;E14;1
ISLAND GARDENS;E14;1
ALL SAINTS;E14;1
LIMEHOUSE;E14;1
SOUTH QUAY;E14;1
CUBITT TOWN;E14;1
EAST INDIA DOCK ROAD;E14;1
BLACKWALL;E14;1
MILLWALL;E14;1
TEMPLE MILLS;E15;1
STRATFORD MARSH;E15;1
PUDDING MILL LANE;E15;1
CANNING TOWN;E16;1
CUSTOM HOUSE;E16;1
NORTH WOOLWICH;E16;1
SILVERTOWN;E16;1
VICTORIA DOCKS;E16;1
WALTHAMSTOW CENTRAL;E17;1
UPPER WALTHAMSTOW;E17;1
WALTHAMSTOW;E17;1
HIGHAM HILL;E17;1
BLACKHORSE ROAD;E17;1
SOUTH WOODFORD;E18;1
HAGGERSTON;E2;1
BETHNAL GREEN;E2;1
BROMLEY BY BOW;E3;1
DEVONS ROAD;E3;1
OLD FORD;E3;1
BOW ROAD;E3;1
BOW CHURCH;E3;1
CHINGFORD HATCH;E4;1
CHINGFORD GREEN;E4;1
CHINGFORD;E4;1
GILWELL PARK;E4;1
HALE END;E4;1
HIGHAMS PARK;E4;1
SEWARDSTONE;E4;1
LOWER CLAPTON;E5;1
HACKNEY MARSHES;E5;1
UPPER CLAPTON;E5;1
CLAPTON PARK;E5;1
BECKTON;E6;1
UPTON PARK;E6;1
EAST HAM;E6;1
CYPRUS;E6;1
PLASHET;E7;1
WANSTEAD PARK;E7;1
FOREST GATE;E7;1
DALSTON JUNCTION;E8;1
SHACKLEWELL;E8;1
SOUTH HACKNEY;E9;1
VICTORIA PARK;E9;1
HOMERTON;E9;1
HACKNEY WICK;E9;1
FINSBURY;EC1;1
ST LUKE'S;EC1;1
OLD STREET;EC1;1
HOLBORN VIADUCT;EC1;1
GOSWELL ROAD;EC1;1
ALDERSGATE;EC1;1
ANGEL;EC1;1
CLERKENWELL;EC1;1
BARBICAN;EC2;1
BISHOPSGATE;EC2;1
LIVERPOOL STREET;EC2;1
LONDON WALL;EC2;1
MOORGATE;EC2;1
TOWER HILL;EC3;1
FENCHURCH STREET;EC3;1
MONUMENT;EC3;1
BILLINGSGATE;EC3;1
ALDGATE;EC3;1
CANNON STREET;EC4;1
FLEET STREET;EC4;1
ST PAUL'S;EC4;1
BLACKFRIARS;EC4;1
MANSION HOUSE;EC4;1
LUDGATE HILL;EC4;1
FORTY HILL;EN2;1
BOTANY BAY;EN2;1
CAPEL MANOR;EN2;1
PONDERS END;EN3;1
TRENT PARK;EN4;1
HADLEY WOOD;EN4;1
ENFIELD CHASE;EN4;1
COCKFOSTERS;EN4;1
HIGH BARNET;EN5;1
WROTHAM PARK;EN5;1
NEW BARNET;EN5;1
MONKEN HADLEY;EN5;1
ARKLEY;EN5;1
BARNET;EN5;1
ALPERTON;HA0;1
WEMBLEY;HA0;1
HARROW ON THE HILL;HA1;1
HARROW (N, W AND S);HA2;1
WEST HARROW;HA2;1
NORTH HARROW;HA2;1
SOUTH HARROW;HA2;1
HARROW WEALD;HA3;1
WEALDSTONE;HA3;1
RUISLIP;HA4;1
HATCH END;HA5;1
PINNER;HA5;1
PINNER GREEN;HA5;1
RUISLIP COMMON;HA6;1
BURNT OAK;HA8;1
EDGWARE;HA8;1
BRENT;HA9;1
CREEKMOUTH;IG11;1
REDBRIDGE;IG2;1
FAIRLOP WATERS;IG2;1
SEVEN KINGS;IG3;1
HAINAULT;IG6;1
BARKINGSIDE;IG6;1
WOODFORD BRIDGE;IG8;1
WOODFORD GREEN;IG8;1
NORBITON;KT2;1
NEW MALDEN;KT3;1
WORCESTER PARK;KT4;1
MALDEN;KT4;1
TOLWORTH;KT6;1
MALDEN RUSHETT;KT9;1
CHESSINGTON;KT9;1
PENTONVILLE;N1;1
BALLS POND ROAD;N1;1
HOXTON;N1;1
CANONBURY;N1;1
ESSEX ROAD;N1;1
BARNSBURY;N1;1
CRANLEY GARDENS;N10;1
NEW SOUTHGATE;N11;1
BOUNDS GREEN;N11;1
FRIERN BARNET;N11;1
COLNEY HATCH;N12;1
NORTH FINCHLEY;N12;1
WOODSIDE PARK;N12;1
OSIDGE;N14;1
OAKWOOD;N14;1
SOUTH TOTTENHAM;N15;1
STOKE NEWINGTON;N16;1
WHITE HART LANE;N17;1
TOTTENHAM HALE;N17;1
TOTTENHAM;N17;1
UPPER EDMONTON;N18;1
EDMONTON;N18;1
UPPER HOLLOWAY;N19;1
ARCHWAY;N19;1
HORNSEY RISE;N19;1
FORTIS GREEN;N2;1
EAST FINCHLEY;N2;1
TOTTERIDGE;N20;1
TOTTERIDGE &#40 WHETSTONE;N20;1
OAKLEIGH PARK;N20;1
HIGHWOOD HILL;N20;1
GRANGE PARK;N21;1
ALEXANDRA PALACE;N22;1
WOOD GREEN;N22;1
NOEL PARK;N22;1
ALEXANDRA PARK;N22;1
FINCHLEY CENTRAL;N3;1
WEST FINCHLEY;N3;1
FINCHLEY;N3;1
MANOR HOUSE;N4;1
FINSBURY PARK;N4;1
HIGHBURY AND ISLINGTON;N5;1
ARSENAL;N5;1
DRAYTON PARK;N5;1
KENWOOD HOUSE;N6;1
HORNSEY LANE;N6;1
HIGHGATE WOOD;N6;1
DARTMOUTH PARK;N6;1
HIGHGATE;N6;1
LOWER HOLLOWAY;N7;1
SEVEN SISTERS ROAD;N7;1
TUFNELL PARK;N7;1
CALEDONIAN ROAD;N7;1
HORNSEY VALE;N8;1
HORNSEY;N8;1
CROUCH END;N8;1
TURNPIKE LANE;N8;1
REGENTS PARK;NW1;1
SOMERS TOWN;NW1;1
REGENT'S PARK;NW1;1
MORNINGTON CRESCENT;NW1;1
EUSTON SQUARE;NW1;1
CAMDEN LOCK;NW1;1
CAMDEN TOWN;NW1;1
LOWER PLACE;NW10;1
STONEBRIDGE PARK;NW10;1
WILLESDEN JUNCTION;NW10;1
PARK ROYAL;NW10;1
OLD OAK COMMON;NW10;1
NORTH ACTON;NW10;1
WILLESDEN;NW10;1
WILLESDEN GREEN;NW10;1
NEASDEN;NW10;1
KENSAL GREEN;NW10;1
HARLESDEN;NW10;1
GOLDERS GREEN;NW11;1
GOLDERS HILL PARK;NW11;1
FINCHLEY ROAD;NW11;1
BRENT CROSS;NW11;1
DOLLIS HILL;NW2;1
FORTUNE GREEN;NW2;1
CHILDS HILL;NW2;1
CRICKLEWOOD;NW2;1
PRIMROSE HILL;NW3;1
FENTON HO.;NW3;1
BELSIZE PARK;NW3;1
CHALK FARM;NW3;1
SWISS COTTAGE;NW3;1
HAMPSTEAD HEATH;NW3;1
HENDON CENTRAL;NW4;1
HOLDERS HILL;NW4;1
COPTHALL;NW4;1
GREAT NORTH WAY;NW4;1
GOSPEL OAK;NW5;1
KENTISH TOWN;NW5;1
BRONDESBURY PARK;NW6;1
KILBURN PARK;NW6;1
BRONDESBURY;NW6;1
QUEEN'S PARK;NW6;1
SOUTH HAMPSTEAD;NW6;1
WEST HAMPSTEAD;NW6;1
MILL HILL EAST;NW7;1
MILL HILL;NW7;1
LISSON GROVE;NW8;1
ST JOHN'S WOOD;NW8;1
ABBEY ROAD;NW8;1
COLINDALE;NW9;1
WEST HENDON;NW9;1
THE HYDE;NW9;1
DAGENHAM;RM10;1
ELM PARK;RM12;1
HAVERING;RM12;1
SOUTH HORNCHURCH;RM13;1
BULPHAN;RM14;1
NORTH OCKENDON;RM14;1
UPMINSTER;RM14;1
GIDEA PARK;RM2;1
HAROLD HILL;RM3;1
HAROLD WOOD;RM3;1
HAVERING-ATTE-BOWER;RM4;1
COLLIER ROW;RM5;1
MARKS GATE;RM6;1
RUSH GREEN;RM7;1
BARKING & DAGENHAM;RM8;1
BECONTREE HEATH;RM8;1
BECONTREE;RM9;1
OLD KENT ROAD;SE1;1
WESTMINSTER BRIDGE;SE1;1
NEW KENT ROAD;SE1;1
BOROUGH;SE1;1
LONDON BRIDGE;SE1;1
LAMBETH NORTH;SE1;1
SOUTHWARK CATHEDRAL;SE1;1
RANGER'S HOUSE;SE10;1
OVAL;SE11;1
LEE GREEN;SE12;1
HITHER GREEN;SE13;1
NEW CROSS GATE;SE14;1
NUNHEAD;SE15;1
RYE LANE;SE15;1
PECKHAM RYE;SE15;1
PECKHAM;SE15;1
DOCKLANDS;SE16;1
SURREY QUAYS;SE16;1
ELEPHANT & CASTLE;SE17;1
WOOLWICH;SE18;1
GIPSY HILL;SE19;1
NORWOOD;SE19;1
UPPER NORWOOD;SE19;1
BOSTALL WOODS;SE2;1
LESNES ABBEY;SE2;1
ABBEY WOOD;SE2;1
ANERLEY;SE20;1
PENGE;SE20;1
WEST DULWICH;SE21;1
DULWICH;SE21;1
SYDENHAM HILL;SE21;1
HONOR OAK;SE22;1
HORNIMAN MUSEUM;SE23;1
HONOR OAK PARK;SE23;1
NORTH DULWICH;SE24;1
HERNE HILL;SE24;1
NORWOOD JUNCTION;SE25;1
ELMERS END;SE25;1
SOUTH NORWOOD;SE25;1
UPPER SYDENHAM;SE26;1
LOWER SYDENHAM;SE26;1
WEST NORWOOD;SE27;1
RIVERSIDE;SE28;1
KIDBROOKE;SE3;1
BLACKHEATH PARK;SE3;1
CROFTON PARK;SE4;1
BROCKLEY;SE4;1
DENMARK HILL;SE5;1
CAMBERWELL;SE5;1
CATFORD;SE6;1
DEPTFORD HIGH STREET;SE8;1
MOTTINGHAM;SE9;1
ELTHAM;SE9;1
NEW ELTHAM;SE9;1
AVERY HILL;SE9;1
WELL HALL;SE9;1
CHEAM;SM3;1
MORDEN HALL PARK;SM4;1
THE WRYTHE;SM5;1
CARSHALTON;SM5;1
SOUTH BEDDINGTON;SM6;1
BEDDINGTON;SM6;1
BELGRAVIA;SW1;1
PIMLICO;SW1;1
KNIGHTSBRIDGE;SW1;1
GREEN PARK;SW1;1
HORSEFERRY ROAD;SW1;1
HYDE PARK CORNER;SW1;1
VAUXHALL BRIDGE;SW1;1
SLOANE SQUARE;SW1;1
ST JAMES'S PARK;SW1;1
CHEYNE WALK;SW10;1
LAVENDER HILL;SW11;1
CLAPHAM JUNCTION;SW11;1
BATTERSEA;SW11;1
BALHAM;SW12;1
WANDSWORTH COMMON;SW12;1
CLAPHAM SOUTH;SW12;1
CASTLENAU;SW13;1
BARNES;SW13;1
ROCKS LANE;SW13;1
BARNES BRIDGE;SW13;1
MORTLAKE;SW14;1
EAST SHEEN;SW14;1
PUTNEY HEATH;SW15;1
PUTNEY;SW15;1
WIMBLEDON COMMON;SW15;1
PUTNEY VALE;SW15;1
ROEHAMPTON;SW15;1
EAST PUTNEY;SW15;1
STREATHAM;SW16;1
STREATHAM COMMON;SW16;1
FURZEDOWN;SW17;1
SUMMERSTOWN;SW17;1
TOOTING BEC;SW17;1
TOOTING BROADWAY;SW17;1
UPPER TOOTING;SW17;1
TOOTING GRAVENEY;SW17;1
SOUTHFIELDS;SW18;1
WANDSWORTH TOWN;SW18;1
EARLSFIELD;SW18;1
SOUTH WIMBLEDON;SW19;1
HAYDONS ROAD;SW19;1
COLLIERS WOOD;SW19;1
WIMBLEDON PARK;SW19;1
WESTMINSTER ABBEY;SW1A;1
STREATHAM HILL;SW2;1
COPSE HILL;SW20;1
COTTENHAM PARK;SW20;1
RAYNES PARK;SW20;1
BUSHEY MEAD;SW20;1
BROMPTON ROAD;SW3;1
CHELSEA EMBANKMENT;SW3;1
CLAPHAM COMMON;SW4;1
CLAPHAM NORTH;SW4;1
EARL'S COURT;SW5;1
WEST BROMPTON;SW5;1
PARSONS GREEN;SW6;1
FULHAM BROADWAY;SW6;1
SANDS END;SW6;1
PUTNEY BRIDGE;SW6;1
FULHAM;SW6;1
GLOUCESTER ROAD;SW7;1
QUEEN'S GATE;SW7;1
KENSINGTON GORE;SW7;1
SOUTH KENSINGTON;SW7;1
SOUTH LAMBETH;SW8;1
WANDSWORTH ROAD;SW8;1
QUEENS ROAD;SW8;1
COLDHARBOUR LANE;SW9;1
LOUGHBOROUGH JUNCTION;SW9;1
CUDHAM;TN14;1
BIGGIN HILL;TN16;1
MARBLE HILL;TW1;1
HAM HOUSE;TW10;1
RICHMOND UPON THAMES;TW10;1
RICHMOND PARK;TW10;1
BUSHY PARK;TW12;1
FELTHAM;TW13;1
EAST BEDFONT;TW14;1
HOUNSLOW WEST;TW3;1
HOUNSLOW EAST;TW3;1
HOUNSLOW CENTRAL;TW3;1
HESTON;TW5;1
ISLEWORTH;TW7;1
OSTERLEY PARK;TW7;1
OSTERLEY;TW7;1
SYON HOUSE;TW8;1
BRENTFORD;TW8;1
KEW;TW9;1
KEW GARDENS;TW9;1
SOUTHALL;UB1;1
HILLINGDON;UB10;1
ICKENHAM;UB10;1
NORWOOD GREEN;UB2;1
YEADING;UB4;1
NORTHOLT;UB5;1
PERIVALE;UB6;1
GREENFORD;UB6;1
YIEWSLEY;UB7;1
SIPSON;UB7;1
HARMONDSWORTH;UB7;1
UXBRIDGE;UB8;1
DENHAM GREEN;UB9;1
HAREFIELD;UB9;1
TOTTENHAM COURT ROAD;W1;1
REGENT STREET;W1;1
BOND STREET;W1;1
OXFORD CIRCUS;W1;1
OXFORD STREET;W1;1
PICCADILLY CIRCUS;W1;1
GOODGE STREET;W1;1
GREAT PORTLAND STREET;W1;1
MARBLE ARCH;W1;1
KENSAL TOWN;W10;1
WESTBOURNE PARK;W10;1
NORTH KENSINGTON;W10;1
LATIMER ROAD;W10;1
WEST KILBURN;W10;1
NOTTING HILL GATE;W11;1
WHITE CITY;W12;1
WESTWAY;W12;1
SHEPHERDS BUSH;W12;1
DRAYTON GREEN;W13;1
NORTHFIELDS;W13;1
WEST EALING;W13;1
KENSINGTON & CHELSEA;W14;1
OLYMPIA;W14;1
WEST KENSINGTON;W14;1
BROOK GREEN;W14;1
BAYSWATER;W2;1
ROYAL OAK;W2;1
BAYSWATER ROAD;W2;1
WARWICK AVENUE;W2;1
QUEENSWAY;W2;1
LANCASTER GATE;W2;1
WESTBOURNE GROVE;W2;1
SOUTH ACTON;W3;1
CHISWICK HIGH ROAD;W3;1
WEST ACTON;W3;1
EAST ACTON;W3;1
GUNNERSBURY;W4;1
CHISWICK PARK;W4;1
CHISWICK HOUSE;W4;1
GREAT WEST ROAD;W4;1
TURNHAM GREEN;W4;1
CHISWICK;W4;1
NORTH EALING;W5;1
HANGER LANE;W5;1
UXBRIDGE ROAD;W5;1
ACTON TOWN;W5;1
EALING COMMON;W5;1
SOUTH EALING;W5;1
EALING BROADWAY;W5;1
HAMMERSMITH & FULHAM;W5;1
RAVENSCOURT PARK;W6;1
STAMFORD BROOK;W6;1
BARONS COURT;W6;1
ELTHORNE PARK;W7;1
HIGH STREET KENSINGTON;W8;1
WESTBOURNE GREEN;W9;1
WARWICK PARK;W9;1
MAIDA HILL;W9;1
HIGH HOLBORN;WC1;1
RUSSELL SQUARE;WC1;1
KING'S CROSS;WC1;1
BLOOMSBURY;WC1;1
ALDWYCH;WC2;1
EMBANKMENT;WC2;1
LEICESTER SQUARE;WC2;1
SHAFTESBURY AVENUE;WC2;1
STRAND;WC2;1
CHARING CROSS;WC2;1
CHANCERY LANE;WC2;1
TRAFALGAR SQUARE;WC2;1
UPLYME;DT7;1
ROUSDON;DT7;1
PINHAY;DT7;1
DOWLANDS;DT7;1
WHIPTON;EX1;1
PINHOE;EX1;1
BOWD;EX10;1
COLATON RALEIGH;EX10;1
HARPFORD;EX10;1
HAWKERLAND;EX10;1
NEWTON POPPLEFORD;EX10;1
PINN;EX10;1
SALCOMBE REGIS;EX10;1
SIDFORD;EX10;1
SIDMOUTH;EX10;1
TIPTON ST JOHN;EX10;1
HARCOMBE;EX10;1
ALFINGTON;EX11;1
VENN OTTERY;EX11;1
FAIRMILE;EX11;1
OTTERY ST MARY;EX11;1
WIGGATON;EX11;1
BRANSCOMBE;EX12;1
VICARAGE;EX12;1
BEER;EX12;1
AXMOUTH;EX12;1
SHUTE;EX13;1
AXMINSTER;EX13;1
COMBPYNE;EX13;1
SOUTHLEIGH;EX13;1
WEYCROFT;EX13;1
FURLEY;EX13;1
MEMBURY;EX13;1
DALWOOD;EX13;1
RAYMOND'S HILL;EX13;1
FARWAY;EX13;1
CHURCH GREEN;EX13;1
CHARDSTOCK;EX13;1
SMALLRIDGE;EX13;1
SEATON JUNCTION;EX13;1
HAWKCHURCH;EX13;1
COLYFORD;EX13;1
TYTHERLEIGH;EX13;1
MUSBURY;EX13;1
HAMLET;EX14;1
COTLEIGH;EX14;1
LUPPITT;EX14;1
COMBE RALEIGH;EX14;1
OFFWELL;EX14;1
COLESTOCKS;EX14;1
BROADHEMBURY;EX14;1
STOCKLAND;EX14;1
UPOTTERY;EX14;1
WIDWORTHY;EX14;1
SMEATHARPE;EX14;1
RAWRIDGE;EX14;1
NEWCOTT;EX14;1
MARSH;EX14;1
HIGHER TALE;EX14;1
HIGHER CHERITON;EX14;1
GODFORD CROSS;EX14;1
FENNY BRIDGES;EX14;1
FENITON;EX14;1
BUCKERELL;EX14;1
COLLITON;EX14;1
PAYHEMBURY;EX14;1
YARCOMBE;EX14;1
AWLISCOMBE;EX14;1
BEACON;EX14;1
GITTISHAM;EX14;1
HONITON;EX14;1
DUNKESWELL;EX14;1
KERSWELL;EX15;1
DULFORD;EX15;1
MUTTERTON;EX15;1
MADFORD;EX15;1
CLYST ST LAWRENCE;EX15;1
CLYST HYDON;EX15;1
CULMSTOCK;EX15;1
CLAYHIDON;EX15;1
BLACKBOROUGH;EX15;1
AUNK;EX15;1
UFFCULME;EX15;1
WILLAND;EX15;1
CULLOMPTON;EX15;1
SMITHINCOTT;EX15;1
WATERLOO CROSS;EX15;1
ROSEMARY LANE;EX15;1
NORMAN'S GREEN;EX15;1
PLYMTREE;EX15;1
CRADDOCK;EX15;1
KENTISBEARE;EX15;1
BOLHAM WATER;EX15;1
HEMYOCK;EX15;1
BRITHEM BOTTOM;EX15;1
COLEBROOK;EX15;1
BUTTERLEIGH;EX15;1
ASH THOMAS;EX16;1
OLDWAYS END;EX16;1
BOLHAM;EX16;1
MOREBATH;EX16;1
HALBERTON;EX16;1
RACKENFORD;EX16;1
WASHFIELD;EX16;1
PUDDINGTON;EX16;1
SAMPFORD PEVERELL;EX16;1
WITHLEIGH;EX16;1
STOODLEIGH;EX16;1
TEMPLETON BRIDGE;EX16;1
CHETTISCOMBE;EX16;1
CALVERLEIGH;EX16;1
CADELEIGH;EX16;1
BURLESCOMBE;EX16;1
HUNTSHAM;EX16;1
CREACOMBE;EX16;1
CHEVITHORNE;EX16;1
LOXBEARE;EX16;1
UPLOWMAN;EX16;1
WASHFORD PYNE;EX16;1
WAY VILLAGE;EX16;1
WELL TOWN;EX16;1
WHITNAGE;EX16;1
WITHERIDGE;EX16;1
PENNYMOOR;EX16;1
AYSHFORD;EX16;1
EAST MERE;EX16;1
CRUWYS MORCHARD;EX16;1
CLANNABOROUGH BARTON;EX17;1
COPPLESTONE;EX17;1
COLEBROOKE;EX17;1
CREEDY PARK;EX17;1
EAST WORLINGTON;EX17;1
COURT BARTON;EX17;1
COLDRIDGE;EX17;1
BROADNYMET;EX17;1
BLACK DOG;EX17;1
ZEAL MONACHORUM;EX17;1
FORCHES CROSS;EX17;1
YEOFORD;EX17;1
DOWN ST MARY;EX17;1
EFFORD;EX17;1
EAST VILLAGE;EX17;1
WEST WORLINGTON;EX17;1
UPTON HELLIONS;EX17;1
HELE LANE;EX17;1
THELBRIDGE BARTON;EX17;1
HOOKWAY;EX17;1
STOCKLEIGH POMEROY;EX17;1
STOCKLEIGH ENGLISH;EX17;1
EAST LEIGH;EX17;1
MORCHARD BISHOP;EX17;1
SPREYTON;EX17;1
SHOBROOKE;EX17;1
UTON;EX17;1
OLDBOROUGH;EX17;1
CREDITON;EX17;1
NYMET ROWLAND;EX17;1
LAPFORD;EX17;1
KENNERLEIGH;EX17;1
ASH BULLAYNE;EX17;1
CHERITON FITZPAINE;EX17;1
NYMET TRACEY;EX17;1
CADBURY BARTON;EX18;1
BRUSHFORD BARTON;EX18;1
CHELDON;EX18;1
EGGESFORD BARTON;EX18;1
HOLLOCOMBE;EX18;1
RIDDLECOMBE;EX18;1
TAW BRIDGE;EX18;1
WEMBWORTHY;EX18;1
ASHREIGNEY;EX18;1
CHULMLEIGH;EX18;1
COPY LAKE;EX18;1
WEEK;EX18;1
CHAWLEIGH;EX18;1
MONKOKEHAMPTON;EX19;1
DOWLAND;EX19;1
DOLTON;EX19;1
BROADWOOD KELLY;EX19;1
BEAFORD;EX19;1
IDDESLEIGH;EX19;1
WINKLEIGH;EX19;1
VILLAVIN;EX19;1
POCOMBE BRIDGE;EX2;1
COUNTESS WEAR;EX2;1
SHILLINGFORD ST GEORGE;EX2;1
IDE;EX2;1
ALPHINGTON;EX2;1
OKEHAMPTON;EX20;1
THRUSHELTON;EX20;1
OAK CROSS;EX20;1
EXBOURNE;EX20;1
FOLLY GATE;EX20;1
NORTH TAWTON;EX20;1
JACOBSTOWE;EX20;1
MEETH;EX20;1
LYDFORD;EX20;1
LEWDOWN;EX20;1
BASSETT'S CROSS;EX20;1
BEARDON;EX20;1
BELSTONE CORNER;EX20;1
BOASLEY CROSS;EX20;1
BONDLEIGH;EX20;1
HATHERLEIGH;EX20;1
HEANTON SATCHVILLE;EX20;1
HELE BRIDGE;EX20;1
HEWTON;EX20;1
HONEYCHURCH;EX20;1
ITTON;EX20;1
LEWTRENCHARD;EX20;1
NORTHLEW;EX20;1
OKEHAMPTON CAMP;EX20;1
PETROCKSTOW;EX20;1
PORTGATE;EX20;1
SAMPFORD COURTENAY;EX20;1
SHILSTONE;EX20;1
SHORTACOMBE;EX20;1
SOURTON;EX20;1
SOUTHCOTT;EX20;1
STICKLEPATH;EX20;1
STOWFORD;EX20;1
TAW GREEN;EX20;1
THORNTON CROSS;EX20;1
WONSON;EX20;1
THROWLEIGH;EX20;1
SOUTH ZEAL;EX20;1
BELSTONE;EX20;1
SOUTH TAWTON;EX20;1
BRATTON CLOVELLY;EX20;1
BRIDESTOWE;EX20;1
INWARDLEIGH;EX20;1
HENFORD;EX21;1
BEAWORTHY;EX21;1
GERMANSWEEK;EX21;1
BLACK TORRINGTON;EX21;1
VIRGINSTOW;EX21;1
LYDACOTT;EX21;1
EWORTHY;EX21;1
QUODITCH;EX21;1
SHEBBEAR;EX21;1
HIGHAMPTON;EX21;1
BUCKLAND FILLEIGH;EX21;1
HALWILL;EX21;1
ASHWATER;EX21;1
HALWILL JUNCTION;EX21;1
HERDICOTT;EX22;1
BRANDIS CORNER;EX22;1
HOLLACOMBE;EX22;1
CHASTY;EX22;1
KISMEBLON BRIDGE;EX22;1
CLAWTON;EX22;1
COOKBURY;EX22;1
EAST PUTFORD;EX22;1
NEWTON ST PETROCK;EX22;1
HOLSWORTHY BEACON;EX22;1
TREBARROW;EX22;1
PANCRASWEEK;EX22;1
LUFFINCOTT;EX22;1
MILTON DAMEREL;EX22;1
PYWORTHY;EX22;1
SUTCOMBE;EX22;1
TETCOTT;EX22;1
RYDON;EX22;1
WEST PUTFORD;EX22;1
YOULDON;EX22;1
TINNEY;EX22;1
DINWORTHY;EX22;1
YEOMADON;EX22;1
YOULDONMOOR CROSS;EX22;1
BRADWORTHY;EX22;1
BRIDGERULE;EX22;1
BULKWORTHY;EX22;1
SOLDON CROSS;EX22;1
ALFARDISWORTHY;EX22;1
ABBOTS BICKINGTON;EX22;1
ANVIL CORNER;EX22;1
HOLSWORTHY;EX22;1
LANA;EX22;1
CLYST ST GEORGE;EX3;1
EBFORD;EX3;1
TOPSHAM;EX3;1
SHIRWELL CROSS;EX31;1
SHALLOWFORD;EX31;1
KENTISBURY FORD;EX31;1
TRENTISHOE;EX31;1
PATCHOLE;EX31;1
SHERWOOD GREEN;EX31;1
MUDDIFORD;EX31;1
KNIGHTACOTT;EX31;1
BITTADON;EX31;1
CHALLACOMBE;EX31;1
HEANTON PUNCHARDON;EX31;1
HISCOTT;EX31;1
LOXHORE;EX31;1
MARWOOD;EX31;1
PARRACOMBE;EX31;1
SHIRWELL;EX31;1
TAWSTOCK;EX31;1
BICKLETON;EX31;1
KINGS HEANTON;EX31;1
YARNSCOMBE;EX31;1
MARTINHOE;EX31;1
HUNTSHAW CROSS;EX31;1
HEALE;EX31;1
ENSIS;EX31;1
LOVEACOTT;EX31;1
KENTISBURY;EX31;1
EAST DOWN;EX31;1
PIPPACOTT;EX31;1
NEWTON TRACEY;EX31;1
ALVERDISCOTT;EX31;1
BLACKMOOR GATE;EX31;1
PRIXFORD;EX31;1
BARNSTAPLE;EX31;1
HERNER;EX32;1
BRAYFORD;EX32;1
BISHOP'S TAWTON;EX32;1
BENTON;EX32;1
HIGH BRAY;EX32;1
SWIMBRIDGE;EX32;1
LANDKEY;EX32;1
LEWORTHY;EX32;1
LYDCOTT;EX32;1
STOKE RIVERS;EX32;1
CHARLES;EX32;1
BRATTON FLEMING;EX32;1
GUNN;EX32;1
SWIMBRIDGE NEWLAND;EX32;1
GOODLEIGH;EX32;1
EAST BUCKLAND;EX32;1
HALSINGER;EX33;1
CROYDE;EX33;1
WRAFTON;EX33;1
NORTH BUCKLAND;EX33;1
BRAUNTON;EX33;1
GEORGEHAM;EX33;1
SAUNTON;EX33;1
ILFRACOMBE;EX34;1
SLADE;EX34;1
STERRIDGE;EX34;1
COMBE MARTIN;EX34;1
TRIMSTONE;EX34;1
MORTEHOE;EX34;1
BERRYNARBOR;EX34;1
WEST DOWN;EX34;1
WOOLACOMBE;EX34;1
BRENDON;EX35;1
TIPPACOTT;EX35;1
MALMSMEAD;EX35;1
HILLSFORD BRIDGE;EX35;1
BARBROOK;EX35;1
FURZEHILL;EX35;1
COUNTISBURY;EX35;1
LYNTON;EX35;1
LYNMOUTH;EX35;1
SOUTH RADWORTHY;EX36;1
SOUTH MOLTON;EX36;1
ROSE ASH;EX36;1
ROMANSLEIGH;EX36;1
NORTH RADWORTHY;EX36;1
NORTH MOLTON;EX36;1
NORTH HEASLEY;EX36;1
CLAPWORTHY;EX36;1
MOLLAND;EX36;1
MESHAW;EX36;1
MARIANSLEIGH;EX36;1
KNOWSTONE;EX36;1
GEORGE NYMPTON;EX36;1
ASH MILL;EX36;1
BISHOP'S NYMPTON;EX36;1
HEASLEY MILL;EX36;1
WEST ANSTEY;EX36;1
ALSWEAR;EX36;1
ATHERINGTON;EX37;1
HUDSCOTT;EX37;1
HIGH BICKINGTON;EX37;1
CHITTLEHAMHOLT;EX37;1
FISHLEY BARTON;EX37;1
HEAD BRIDGE;EX37;1
WARKLEIGH;EX37;1
UMBERLEIGH;EX37;1
SATTERLEIGH;EX37;1
CHITTLEHAMPTON;EX37;1
COBBATON;EX37;1
COLLETON MILLS;EX37;1
ELSTONE;EX37;1
NORTHCOTE MANOR;EX37;1
LANGRIDGEFORD;EX37;1
KING'S NYMPTON;EX37;1
LANGTREE;EX38;1
PETERS MARLAND;EX38;1
GREAT TORRINGTON;EX38;1
FRITHELSTOCK;EX38;1
ST GILES IN THE WOOD;EX38;1
LITTLE TORRINGTON;EX38;1
KINGSCOTT;EX38;1
WOOLLATON;EX38;1
WINSWELL;EX38;1
TADDIPORT;EX38;1
FRITHELSTOCK STONE;EX38;1
HIGH BULLEN;EX38;1
STIBB CROSS;EX38;1
HORWOOD;EX39;1
MELBURY;EX39;1
ABBOTSHAM;EX39;1
PARKHAM;EX39;1
CLOVELLY;EX39;1
LANDCROSS;EX39;1
INSTOW;EX39;1
BUCK'S CROSS;EX39;1
EDISTONE;EX39;1
WELCOMBE;EX39;1
PHILHAM;EX39;1
CLOVELLY CROSS;EX39;1
POWLER'S PIECE;EX39;1
YEO VALE;EX39;1
MEDDON;EX39;1
GOLDWORTHY;EX39;1
WEARE GIFFARD;EX39;1
TITCHBERRY;EX39;1
TOSBERRY;EX39;1
MONKLEIGH;EX39;1
TAPELEY;EX39;1
ASHMANSWORTHY;EX39;1
FAIRY CROSS;EX39;1
SOUTH HOLE;EX39;1
BUCK'S MILLS;EX39;1
BUCKLAND BREWER;EX39;1
ALMISTON CROSS;EX39;1
PARKHAM ASH;EX39;1
WESTWARD HO;EX39;1
ELMSCOTT;EX39;1
EAST-THE-WATER;EX39;1
BIDEFORD;EX39;1
HARTLAND;EX39;1
EXWICK;EX4;1
OLDRIDGE;EX4;1
POLTIMORE;EX4;1
RAVENSHAYES;EX5;1
UPTON PYNE;EX5;1
WOODBURY;EX5;1
UP EXE;EX5;1
AYLESBEARE;EX5;1
BUDLAKE;EX5;1
REWE;EX5;1
ROCKBEARE;EX5;1
CLYST HONITON;EX5;1
TALATON;EX5;1
SOWTON;EX5;1
DOG VILLAGE;EX5;1
BRAMPFORD SPEKE;EX5;1
BRADNINCH;EX5;1
SILVERTON;EX5;1
WHIMPLE;EX5;1
WOODBURY SALTERTON;EX5;1
BROAD CLYST;EX5;1
CADBURY;EX5;1
CLYST ST MARY;EX5;1
NETHER EXE;EX5;1
NEWTON ST CYRES;EX5;1
STOKE CANON;EX5;1
THORVERTON;EX5;1
LONGDOWN;EX6;1
STARCROSS;EX6;1
POWDERHAM;EX6;1
KENNFORD;EX6;1
EXMINSTER;EX6;1
DREWSTEIGNTON;EX6;1
DODDISCOMBSLEIGH;EX6;1
COCKWOOD;EX6;1
CHRISTOW;EX6;1
CHERITON BISHOP;EX6;1
BRIDFORD;EX6;1
DUNSFORD;EX6;1
WHIDDON DOWN;EX6;1
MAMHEAD;EX6;1
HITTISLEIGH;EX6;1
DUNCHIDEOCK;EX6;1
BICKHAM HOUSE;EX6;1
LOWER ASHTON;EX6;1
CHERITON CROSS;EX6;1
CROCKERNWELL;EX6;1
HIGHER ASHTON;EX6;1
TEDBURN ST MARY;EX6;1
ASHCOMBE;EX7;1
DAWLISH;EX7;1
LANGDON HOUSE;EX7;1
WITHYCOMBE RALEIGH;EX8;1
EXMOUTH;EX8;1
LYMPSTONE;EX8;1
YETTINGTON;EX9;1
BUDLEIGH SALTERTON;EX9;1
EAST BUDLEIGH;EX9;1
OTTERTON;EX9;1
DEVONPORT;PL1;1
ST GILES ON THE HEATH;PL15;1
NORTHCOTT;PL15;1
TINHAY;PL16;1
MARYSTOW;PL16;1
LIFTON;PL16;1
BROADWOODWIDGER;PL16;1
KELLY;PL16;1
CHILLATON;PL16;1
FELLDOWNHEAD;PL19;1
MARY TAVY;PL19;1
MILTON ABBOT;PL19;1
SYDENHAM DAMEREL;PL19;1
WARREN HOUSE;PL19;1
WILLSWORTHY;PL19;1
TAVISTOCK;PL19;1
BRADSTONE;PL19;1
HIGHER WALREDDON;PL19;1
HORNDON;PL19;1
CUDLIPTOWN;PL19;1
MORWELLHAM;PL19;1
NORTH BRENTOR;PL19;1
DUNTERTON;PL19;1
LAMERTON;PL19;1
MERRIVALE;PL19;1
GULWORTHY;PL19;1
PETER TAVY;PL19;1
WALKHAMPTON;PL20;1
MEAVY;PL20;1
SAMPFORD SPINEY;PL20;1
PRINCETOWN;PL20;1
RUNDLESTONE;PL20;1
TWO BRIDGES;PL20;1
CRAPSTONE;PL20;1
WHITEWORKS;PL20;1
BERE ALSTON;PL20;1
DOUSLAND;PL20;1
MILTON COMBE;PL20;1
BERE FERRERS;PL20;1
HEXWORTHY;PL20;1
HORRABRIDGE;PL20;1
SHEEPSTOR;PL20;1
POSTBRIDGE;PL20;1
BELLEVER;PL20;1
BUCKLAND MONACHORUM;PL20;1
WESTLAKE;PL21;1
SEQUER'S BRIDGE;PL21;1
MODBURY;PL21;1
IVYBRIDGE;PL21;1
HARFORD;PL21;1
FLETE;PL21;1
CORNWOOD;PL21;1
BROWNSTON;PL21;1
BITTAFORD;PL21;1
ERMINGTON;PL21;1
UGBOROUGH;PL21;1
ST BUDEAUX;PL5;1
TAMERTON FOLIOT;PL5;1
EGG BUCKLAND;PL6;1
MARISTOW;PL6;1
CROWNHILL;PL6;1
CLEARBROOK;PL6;1
DRAKELAND CORNER;PL7;1
LEE MILL BRIDGE;PL7;1
PLYM BRIDGE;PL7;1
SHAUGH PRIOR;PL7;1
CADOVER BRIDGE;PL7;1
SPARKWELL;PL7;1
LEE MOOR;PL7;1
PLYMPTON;PL7;1
WORSWELL;PL8;1
BATTISBOROUGH CROSS;PL8;1
YEALMPTON;PL8;1
KITLEY;PL8;1
NOSS MAYO;PL8;1
NEWTON FERRERS;PL8;1
HOLBETON;PL8;1
GOOSEWELL;PL9;1
ELBURTON;PL9;1
TURNCHAPEL;PL9;1
STADDISCOMBE;PL9;1
PLYMSTOCK;PL9;1
ORESTON;PL9;1
HEYBROOK BAY;PL9;1
WEMBURY;PL9;1
DOWN THOMAS;PL9;1
CITY OF PLYMOUTH;PL95;1
HOLCOMBE ROGUS;TA21;1
HOCKWORTHY;TA21;1
HIGHER GABWELL;TQ1;1
MAIDENCOMBE;TQ1;1
ST MARYCHURCH;TQ1;1
BABBACOMBE;TQ1;1
DIDWORTHY;TQ10;1
HARBOURNEFORD;TQ10;1
AVONWICK;TQ10;1
NORTH HUISH;TQ10;1
SOUTH BRENT;TQ10;1
RATTERY;TQ10;1
BUCKFASTLEIGH;TQ11;1
DEAN PRIOR;TQ11;1
BUCKFAST;TQ11;1
SCORRITON;TQ11;1
TEIGNGRACE;TQ12;1
KINGSKERSWELL;TQ12;1
WOLBOROUGH;TQ12;1
IPPLEPEN;TQ12;1
KINGSTEIGNTON;TQ12;1
WEST OGWELL;TQ12;1
TORBRYAN;TQ12;1
COLDEAST;TQ12;1
COMBEINTEIGNHEAD;TQ12;1
DACCOMBE;TQ12;1
EAST OGWELL;TQ12;1
DENBURY;TQ12;1
STOKEINTEIGNHEAD;TQ12;1
HACCOMBE;TQ12;1
LOWER GABWELL;TQ12;1
HIGHWEEK;TQ12;1
NORTH WHILBOROUGH;TQ12;1
MILBER;TQ12;1
COFFINSWELL;TQ12;1
NEWTON ABBOT;TQ12;1
ABBOTSKERSWELL;TQ12;1
ASHBURTON;TQ13;1
WOOLSTON GREEN;TQ13;1
BRIMLEY;TQ13;1
CHAGFORD;TQ13;1
CHUDLEIGH;TQ13;1
DARTMEET;TQ13;1
DOCCOMBE;TQ13;1
FRENCHBEER;TQ13;1
GIDLEIGH;TQ13;1
HENNOCK;TQ13;1
HOLNE;TQ13;1
IDEFORD;TQ13;1
ILSINGTON;TQ13;1
LANDSCOVE;TQ13;1
LETTAFORD;TQ13;1
LUSTLEIGH;TQ13;1
MANATON;TQ13;1
MORETONHAMPSTEAD;TQ13;1
NORTH BOVEY;TQ13;1
SANDUCK;TQ13;1
TRUSHAM;TQ13;1
CATOR COURT;TQ13;1
FORDER GREEN;TQ13;1
HAYTOR VALE;TQ13;1
HORRIDGE;TQ13;1
PONSWORTHY;TQ13;1
POUNDSGATE;TQ13;1
REW;TQ13;1
SIGFORD;TQ13;1
BABENY;TQ13;1
BOVEY TRACEY;TQ13;1
BUCKLAND IN THE MOOR;TQ13;1
WIDECOMBE IN THE MOOR;TQ13;1
CHUDLEIGH KNIGHTON;TQ13;1
MURCHINGTON;TQ13;1
TEIGNMOUTH;TQ14;1
SHALDON;TQ14;1
BISHOPSTEIGNTON;TQ14;1
EDGINSWELL;TQ2;1
TORQUAY;TQ2;1
COCKINGTON;TQ2;1
PAIGNTON;TQ3;1
MARLDON;TQ3;1
SHIPHAY;TQ3;1
BLAGDON;TQ3;1
COLLATON ST MARY;TQ3;1
GOODRINGTON;TQ4;1
BRIXHAM;TQ5;1
HILLHEAD;TQ5;1
HIGHER BRIXHAM;TQ5;1
CHURSTON FERRERS;TQ5;1
STRETE;TQ6;1
DITTISHAM;TQ6;1
CAPTON;TQ6;1
STOKE FLEMING;TQ6;1
BOOHAY;TQ6;1
DARTMOUTH;TQ6;1
BEESON;TQ7;1
THURLESTONE;TQ7;1
SOUTH ALLINGTON;TQ7;1
SOAR;TQ7;1
MALBOROUGH;TQ7;1
SHERFORD;TQ7;1
LODDISWELL;TQ7;1
TORCROSS;TQ7;1
WEST ALVINGTON;TQ7;1
WOODLEIGH;TQ7;1
BANTHAM;TQ7;1
BEESANDS;TQ7;1
BOLBERRY;TQ7;1
BUCKLAND-TOUT-SAINTS;TQ7;1
RINGMORE;TQ7;1
EAST PRAWLE;TQ7;1
CHURCHSTOW;TQ7;1
BIGBURY-ON-SEA;TQ7;1
HALLSANDS;TQ7;1
SOUTH MILTON;TQ7;1
GOVETON;TQ7;1
EAST CHARLETON;TQ7;1
STOKENHAM;TQ7;1
SOUTH POOL;TQ7;1
SOUTH HUISH;TQ7;1
VENN;TQ7;1
AVETON GIFFORD;TQ7;1
TOPSHAM BRIDGE;TQ7;1
BIGBURY;TQ7;1
WEST CHARLETON;TQ7;1
MERRIFIELD;TQ7;1
KELLATON;TQ7;1
CHIVELSTONE;TQ7;1
SALCOMBE;TQ8;1
EAST PORTLEMOUTH;TQ8;1
GARA BRIDGE;TQ9;1
EAST CORNWORTHY;TQ9;1
EAST ALLINGTON;TQ9;1
WASHBOURNE;TQ9;1
SHINNER'S BRIDGE;TQ9;1
LINCOMBE;TQ9;1
DIPTFORD;TQ9;1
DARTINGTON;TQ9;1
HEMBOROUGH POST;TQ9;1
TIGLEY;TQ9;1
HARBERTON;TQ9;1
RIVERFORD BRIDGE;TQ9;1
CORNWORTHY;TQ9;1
BERRY POMEROY;TQ9;1
COLE'S CROSS;TQ9;1
HALWELL;TQ9;1
BLACKAWTON;TQ9;1
STOKE GABRIEL;TQ9;1
BICKHAM BRIDGE;TQ9;1
ALLALEIGH;TQ9;1
TOTNES;TQ9;1
TUCKENHAY;TQ9;1
MORELEIGH;TQ9;1
BELSFORD;TQ9;1
ASHPRINGTON;TQ9;1
LITTLEHEMPSTON;TQ9;1
MILLCOMBE;TQ9;1
HARBERTONFORD;TQ9;1
BROADHEMPSTON;TQ9;1
AYLE;CA9;1
BLANCHLAND;DH8;1
WHITTONSTALL;DH8;1
HARLOW HILL;NE15;1
RUDCHESTER;NE15;1
HEDDON-ON-THE-WALL;NE15;1
STAMFORDHAM;NE18;1
HEUGH;NE18;1
RAECHESTER;NE19;1
TROUGHEND;NE19;1
LITTLE WHITTINGTON;NE19;1
RAYLEES;NE19;1
OTTERBURN CAMP;NE19;1
KNOWESGATE;NE19;1
KIRKWHELPINGTON;NE19;1
KIRKHARLE;NE19;1
GREAT WHITTINGTON;NE19;1
GREAT BAVINGTON;NE19;1
BINGFIELD;NE19;1
BYRNESS;NE19;1
CAPHEATON;NE19;1
CATCLEUGH;NE19;1
DARGUES;NE19;1
ELISHAW;NE19;1
ELSDON;NE19;1
BLACK HEDDON;NE20;1
BELSAY;NE20;1
SALTWICK;NE20;1
RYAL;NE20;1
PONTELAND;NE20;1
OGLE;NE20;1
MILBOURNE;NE20;1
MATFEN;NE20;1
INGOE;NE20;1
BERWICK HILL;NE20;1
HIGH CALLERTON;NE20;1
HIGHAM DYKES;NE20;1
DARRAS HALL;NE20;1
NEDDERTON;NE22;1
EAST SLEEKBURN;NE22;1
BEDLINGTON;NE22;1
CAMPERDOWN;NE23;1
EAST HARTFORD;NE23;1
SEGHILL;NE23;1
SHANKHOUSE;NE23;1
BACKWORTH;NE23;1
NELSON VILLAGE;NE23;1
CRAMLINGTON;NE23;1
BEBSIDE;NE24;1
CAMBOIS;NE24;1
COWPEN;NE24;1
NEW HARTLEY;NE25;1
SEATON DELAVAL;NE25;1
WYLAM;NE41;1
OVINGHAM;NE42;1
PRUDHOE;NE42;1
MICKLEY SQUARE;NE43;1
STOCKSFIELD;NE43;1
PAINSHAWFIELD;NE43;1
HEDLEY ON THE HILL;NE43;1
BARLEYHILL;NE44;1
RIDING MILL;NE44;1
BROOMHAUGH;NE44;1
AYDON;NE45;1
STAGSHAW BANK;NE45;1
DILSTON;NE45;1
CORBRIDGE;NE45;1
SANDHOE;NE46;1
ACOMB;NE46;1
CHOLLERTON;NE46;1
LINNELS;NE46;1
COLWELL;NE46;1
DOTLAND;NE46;1
HEXHAM;NE46;1
HUMSHAUGH;NE46;1
LOW GATE;NE46;1
LOW BRUNTON;NE46;1
WALWICK;NE46;1
BARDON MILL;NE47;1
WILLIMONTSWICK;NE47;1
WHITLEY CHAPEL;NE47;1
STUDDON;NE47;1
SPARTYLEA;NE47;1
SLALEY;NE47;1
SINDERHOPE;NE47;1
NINEBANKS;NE47;1
HAYDON BRIDGE;NE47;1
FOURSTONES;NE47;1
COALCLEUGH;NE47;1
CARR SHIELD;NE47;1
ALLENDALE TOWN;NE47;1
BEARSBRIDGE;NE47;1
NEWBROUGH;NE47;1
HENSHAW;NE47;1
ALLENHEADS;NE47;1
WHYGATE;NE48;1
WEST WOODBURN;NE48;1
THOCKRINGTON;NE48;1
STONEHAUGH;NE48;1
STANNERSBURN;NE48;1
SIMONBURN;NE48;1
RIDSDALE;NE48;1
REDESMOUTH;NE48;1
PARK END;NE48;1
KIELDER;NE48;1
HIGHGREEN MANOR;NE48;1
HETHERINGTON;NE48;1
HESLEYSIDE;NE48;1
GUNNERTON;NE48;1
GREENHAUGH;NE48;1
GREAT SWINBURNE;NE48;1
FALSTONE;NE48;1
CHIPCHASE CASTLE;NE48;1
BOWER;NE48;1
BARRASFORD;NE48;1
HALTWHISTLE;NE49;1
ROWFOOT;NE49;1
MELKRIDGE;NE49;1
PLENMELLER;NE49;1
SOUTH BROOMHILL;NE61;1
WHALTON;NE61;1
WEST EDINGTON;NE61;1
WEST CHEVINGTON;NE61;1
ULGHAM;NE61;1
PEGSWOOD;NE61;1
NETHERWITTON;NE61;1
MITFORD;NE61;1
LONGWITTON;NE61;1
LONGHIRST;NE61;1
HEPSCOTT;NE61;1
FENROTHER;NE61;1
WIDDRINGTON;NE61;1
TRITLINGTON;NE61;1
TRANWELL;NE61;1
THROPHILL;NE61;1
SHADFEN;NE61;1
SCOTS' GAP;NE61;1
RED ROW;NE61;1
PIGDON;NE61;1
MIDDLETON BANK TOP;NE61;1
LYNEMOUTH;NE61;1
FORESTBURN GATE;NE61;1
ESHOTT;NE61;1
ELLINGTON;NE61;1
EARSDON MOOR;NE61;1
COLDRIFE;NE61;1
CHEVINGTON DRIFT;NE61;1
CAUSEY PARK;NE61;1
CAMBO;NE61;1
BOTHAL;NE61;1
MORPETH;NE61;1
SCOTLAND GATE;NE62;1
GUIDE POST;NE62;1
STAKEFORD;NE62;1
HIRST;NE63;1
NORTH SEATON;NE63;1
WOODHORN;NE64;1
NEWBIGGIN-BY-THE-SEA;NE64;1
LINSHIELS;NE65;1
HIGH TREWHITT;NE65;1
MORWICK HALL;NE65;1
NORTH YARDHOPE;NE65;1
OLD SWARLAND;NE65;1
CAISTRON;NE65;1
ELILAW;NE65;1
PAUPERHAUGH;NE65;1
SCRAINWOOD;NE65;1
SHILLMOOR;NE65;1
ALNHAM;NE65;1
AMBLE;NE65;1
BIDDLESTONE;NE65;1
BROOMHILL;NE65;1
CALLALY;NE65;1
CARTINGTON;NE65;1
EASTFIELD HALL;NE65;1
EAST THIRSTON;NE65;1
FLOTTERTON;NE65;1
GLOSTER HILL;NE65;1
GUYZANCE;NE65;1
HARBOTTLE;NE65;1
HAUXLEY;NE65;1
HEPPLE;NE65;1
HOLYSTONE;NE65;1
LINBRIGGS;NE65;1
LONGFRAMLINGTON;NE65;1
ROTHBURY;NE65;1
SHARPERTON;NE65;1
SNITTER;NE65;1
SWARLAND;NE65;1
THROPTON;NE65;1
TOGSTON;NE65;1
YETLINGTON;NE65;1
GREAT TOSSON;NE65;1
LORBOTTLE HALL;NE65;1
NEWTON-ON-THE-MOOR;NE65;1
LOW HESLEYHURST;NE65;1
ALWINTON;NE65;1
ACKLINGTON;NE65;1
LORBOTTLE;NE65;1
LONGHORSLEY;NE65;1
NEW BEWICK;NE66;1
WHITTINGHAM;NE66;1
ALNWICK;NE66;1
ALNMOUTH;NE66;1
BEANLEY;NE66;1
HEPBURN;NE66;1
CHATTON;NE66;1
CHILLINGHAM;NE66;1
DENWICK;NE66;1
SHILBOTTLE;NE66;1
RENNINGTON;NE66;1
PRENDWICK;NE66;1
EAST LILBURN;NE66;1
POWBURN;NE66;1
LOW NEWTON-BY-THE-SEA;NE66;1
EDLINGHAM;NE66;1
LONGHOUGHTON;NE66;1
LILBURN TOWER;NE66;1
HIGH NEWTON BY-THE-SEA;NE66;1
HAWKHILL;NE66;1
GREENDYKES;NE66;1
EAST BOLTON;NE66;1
DUNSTAN;NE66;1
CRASTER;NE66;1
CHRISTON BANK;NE66;1
GLANTON;NE66;1
BROOME WOOD;NE66;1
BOULMER;NE66;1
HOWICK;NE66;1
WOOPERTON;NE66;1
WEST DITCHBURN;NE66;1
SOUTH CHARLTON;NE66;1
ROSEDEN;NE66;1
RODDAM;NE66;1
OLD BEWICK;NE66;1
NORTH CHARLTON;NE66;1
LITTLEHOUGHTON;NE66;1
LESBURY;NE66;1
GREAT RYLE;NE66;1
ILDERTON;NE66;1
INGRAM;NE66;1
HIGH BUSTON;NE66;1
EGLINGHAM;NE66;1
CHATHILL;NE67;1
WEST FLEETHAM;NE67;1
TUGHALL;NE67;1
ROSEBROUGH;NE67;1
SWINHOE;NE67;1
NEWHAM HALL;NE67;1
BEADNELL;NE67;1
BROWNIESIDE;NE67;1
SEAHOUSES;NE68;1
NORTH SUNDERLAND;NE68;1
GLORORUM;NE69;1
BUDLE;NE69;1
BAMBURGH;NE69;1
BELFORD;NE70;1
ADDERSTONE;NE70;1
DETCHANT;NE70;1
LUCKER;NE70;1
SPINDLESTONE;NE70;1
WARENFORD;NE70;1
TWIZELL HOUSE;NE70;1
WAREN MILL;NE70;1
WARENTON;NE70;1
KIMMERSTON;NE71;1
HETHPOOL;NE71;1
WOOLER;NE71;1
AKELD;NE71;1
MILFIELD;NE71;1
HAUGH HEAD;NE71;1
FLODDEN;NE71;1
EARLE;NE71;1
NESBIT;NE71;1
MIDDLETON HALL;NE71;1
LANGLEEFORD;NE71;1
EWART NEWTOWN;NE71;1
CASTLE HEATON;TD12;1
HOWTEL;TD12;1
PALLINSBURN HOUSE;TD12;1
PAWSTON;TD12;1
MINDRUM;TD12;1
EAST LEARMOUTH;TD12;1
CORNHILL-ON-TWEED;TD12;1
PRESSEN;TD12;1
SIMPRIM;TD12;1
SWINTONMILL;TD12;1
ETAL;TD12;1
LENNEL;TD12;1
CARHAM;TD12;1
ORANGE LANE;TD12;1
BRANXTON;TD12;1
BERWICK-UPON-TWEED;TD15;1
EAST ORD;TD15;1
DUDDO;TD15;1
CHESWICK;TD15;1
WEST KYLOE;TD15;1
WEST ALLERDEAN;TD15;1
UPSETTLINGTON;TD15;1
LONGRIDGE TOWERS;TD15;1
TWEEDMOUTH;TD15;1
THORNTON PARK;TD15;1
BOWSDEN;TD15;1
GOSWICK;TD15;1
HOLBURN;TD15;1
LAMBERTON;TD15;1
FELKINGTON;TD15;1
CLAPPERS;TD15;1
BARMOOR LANE END;TD15;1
SCREMERSTON;TD15;1
SHORESDEAN;TD15;1
NORHAM;TD15;1
SHORESWOOD;TD15;1
ANCROFT;TD15;1
WHITSTONE;EX22;1
NORTH TAMERTON;EX22;1
WEEK ST MARY;EX22;1
YOULSTONE;EX23;1
LANGDON;EX23;1
LAUNCELLS CROSS;EX23;1
BUDE;EX23;1
LAUNCELLS;EX23;1
TAYLORS CROSS;EX23;1
WAINHOUSE CORNER;EX23;1
WIDEMOUTH BAY;EX23;1
TREWINT;EX23;1
FLEXBURY;EX23;1
TRESKINNICK CROSS;EX23;1
GOOSEHAM;EX23;1
GRIMSCOTT;EX23;1
HELEBRIDGE;EX23;1
KILKHAMPTON;EX23;1
MARHAMCHURCH;EX23;1
TREGOLE;EX23;1
TITSON;EX23;1
STIBB;EX23;1
ST GENNYS;EX23;1
POUNDSTOCK;EX23;1
COPPATHORNE;EX23;1
MORWENSTOW;EX23;1
WEEK ORCHARD;EX23;1
CRACKINGTON;EX23;1
JACOBSTOW;EX23;1
CRACKINGTON HAVEN;EX23;1
CAWSAND;PL10;1
CREMYLL;PL10;1
KINGSAND;PL10;1
MOUNT EDGCUMBE;PL10;1
FREATHY;PL10;1
ANTONY;PL11;1
ST JOHN;PL11;1
PORTWRINKLE;PL11;1
SHEVIOCK;PL11;1
POLBATHIC;PL11;1
CRAFTHOLE;PL11;1
TORPOINT;PL11;1
DOWNDERRY;PL11;1
HESSENFORD;PL11;1
BLUNTS;PL12;1
ST STEPHEN'S;PL12;1
CARGREEN;PL12;1
CARKEEL;PL12;1
SALTASH;PL12;1
MARKWELL;PL12;1
LANDULPH;PL12;1
PILLATON;PL12;1
TIDEFORD;PL12;1
ST MELLION;PL12;1
ST GERMANS;PL12;1
HATT;PL12;1
LANDRAKE;PL12;1
ST DOMINICK;PL12;1
TRERULE FOOT;PL12;1
BOTUSFLEMING;PL12;1
TREMATON;PL12;1
SANDPLACE;PL13;1
POLPERRO;PL13;1
WEST LOOE;PL13;1
PELYNT;PL13;1
TRENEWAN;PL13;1
MUCHLARNICK;PL13;1
WIDEGATES;PL13;1
EAST LOOE;PL13;1
LANREATH;PL13;1
MORVAL;PL13;1
LANSALLOS;PL13;1
BOCADDON;PL13;1
ST PINNOCK;PL14;1
TREWIDLAND;PL14;1
UPTON CROSS;PL14;1
COMMON MOOR;PL14;1
DARITE;PL14;1
DOBWALLS;PL14;1
DOUBLEBOIS;PL14;1
EAST TAPHOUSE;PL14;1
HENWOOD;PL14;1
HERODSFOOT;PL14;1
HORNINGTOPS;PL14;1
LISKEARD;PL14;1
MENHENIOT;PL14;1
MERRYMEET;PL14;1
MINIONS;PL14;1
PENGOVER GREEN;PL14;1
PENSILVA;PL14;1
QUETHIOCK;PL14;1
ST CLEER;PL14;1
ST IVE;PL14;1
ST KEYNE;PL14;1
ST NEOT;PL14;1
TREMAR;PL14;1
TREVELMOND;PL14;1
BYLANE END;PL14;1
LAMELLION;PL14;1
YEOLMBRIDGE;PL15;1
WARBSTOW;PL15;1
TROSWELL;PL15;1
TREWEN;PL15;1
TRESMEER;PL15;1
TRENEGLOS;PL15;1
TREMAINE;PL15;1
TREBARTHA;PL15;1
ST CLETHER;PL15;1
SOUTH WHEATLEY;PL15;1
SOUTH PETHERWIN;PL15;1
REZARE;PL15;1
POLYPHANT;PL15;1
NORTH PETHERWIN;PL15;1
NORTH HILL;PL15;1
LEZANT;PL15;1
LEWANNICK;PL15;1
LAWHITTON;PL15;1
EGLOSKERRY;PL15;1
EAST PANSON;PL15;1
CONGDON'S SHOP;PL15;1
CLUBWORTHY;PL15;1
CHAPMAN'S WELL;PL15;1
CAUDWORTHY;PL15;1
BRAZACOTT;PL15;1
BENNACOTT;PL15;1
TREBURLEY;PL15;1
MAXWORTHY;PL15;1
LIFTONDOWN;PL15;1
LANGORE;PL15;1
KENNARDS HOUSE;PL15;1
GRIDLEY CORNER;PL15;1
FIVELANES;PL15;1
CODDA;PL15;1
BOLVENTOR;PL15;1
POLAPIT TAMAR;PL15;1
WEST CURRY;PL15;1
TRELASH;PL15;1
TREGEARE;PL15;1
PIPER'S POOL;PL15;1
LADYCROSS;PL15;1
COAD'S GREEN;PL15;1
CANWORTHY WATER;PL15;1
TREKENNER;PL15;1
TREGADILLETT;PL15;1
TREBULLETT;PL15;1
NEW PARK;PL15;1
LANEAST;PL15;1
ALTARNUN;PL15;1
LAUNCESTON;PL15;1
TREVIGRO;PL17;1
RILLA MILL;PL17;1
BRAY SHOP;PL17;1
LUCKETT;PL17;1
LINKINHORNE;PL17;1
STOKE CLIMSLAND;PL17;1
KELLY BRAY;PL17;1
HARROWBARROW;PL17;1
GOLBERDON;PL17;1
HAYE;PL17;1
SOUTH HILL;PL17;1
DOWNGATE;PL17;1
CALLINGTON;PL17;1
GUNNISLAKE;PL18;1
LATCHLEY;PL18;1
CALSTOCK;PL18;1
ALBASTON;PL18;1
LANLIVERY;PL22;1
LERRYN;PL22;1
COUCH'S MILL;PL22;1
ST VEEP;PL22;1
WEST TAPHOUSE;PL22;1
PENPOLL;PL22;1
BOCONNOC;PL22;1
LOSTWITHIEL;PL22;1
POLRUAN;PL23;1
GOLANT;PL23;1
LESCROW;PL23;1
BODINNICK;PL23;1
FOWEY;PL23;1
ST BLAZEY GATE;PL24;1
ST BLAZEY;PL24;1
TYWARDREATH HIGHWAY;PL24;1
PENPILLICK;PL24;1
MENABILLY;PL24;1
POLKERRIS;PL24;1
TYWARDREATH;PL24;1
PAR;PL24;1
ST AUSTELL;PL25;1
CARLYON BAY;PL25;1
BOSCOPPA;PL25;1
TREWOON;PL25;1
TRETHURGY;PL26;1
ST MEWAN;PL26;1
ST EWE;PL26;1
STENALEES;PL26;1
PENWITHICK;PL26;1
NANPEAN;PL26;1
MEVAGISSEY;PL26;1
LOCKENGATE;PL26;1
BELOWDA;PL26;1
BILBERRY;PL26;1
ST STEPHEN;PL26;1
TREVISCOE;PL26;1
TREVARRICK;PL26;1
BODWEN;PL26;1
TRENARREN;PL26;1
ST MICHAEL CAERHAYS;PL26;1
STICKER;PL26;1
ST DENNIS;PL26;1
RUDDLEMOOR;PL26;1
RETEW;PL26;1
PORTHOLLAND;PL26;1
POLMASSICK;PL26;1
POLGOOTH;PL26;1
PENTEWAN;PL26;1
HEWAS WATER;PL26;1
GORRAN HAVEN;PL26;1
GORRAN CHURCHTOWN;PL26;1
CARTHEW;PL26;1
BUGLE;PL26;1
BOSWINGER;PL26;1
PENARE;PL26;1
PORTHPEAN;PL26;1
ROCHE;PL26;1
BODIEVE;PL27;1
LITTLE PETHERICK;PL27;1
NEW POLZEATH;PL27;1
STOPTIDE;PL27;1
RUMFORD;PL27;1
ST EVAL;PL27;1
POLZEATH;PL27;1
EGLOSHAYLE;PL27;1
BURLAWN;PL27;1
CHAPEL AMBLE;PL27;1
WADEBRIDGE;PL27;1
TREWORNAN;PL27;1
TREVANSON;PL27;1
ST MINVER;PL27;1
ST ISSEY;PL27;1
ST BREOCK;PL27;1
ST ERVAN;PL27;1
PITYME;PL27;1
PENROSE;PL27;1
TREBETHERICK;PL27;1
TREGOLDS;PL28;1
PORTHCOTHAN;PL28;1
PADSTOW;PL28;1
ST MERRYN;PL28;1
CRUGMEER;PL28;1
TREYARNON;PL28;1
TREVONE;PL28;1
TRELIGHTS;PL29;1
ST ENDELLION;PL29;1
PORTQUIN;PL29;1
PORT GAVERNE;PL29;1
PORT ISAAC;PL29;1
RUTHERNBRIDGE;PL30;1
LUXULYAN;PL30;1
LANIVET;PL30;1
PENDOGGETT;PL30;1
REDMOOR;PL30;1
CARDINHAM;PL30;1
BLISLAND;PL30;1
ST TUDY;PL30;1
ST WENN;PL30;1
ST BREWARD;PL30;1
HELLANDBRIDGE;PL30;1
SWEETSHOUSE;PL30;1
TREBYAN;PL30;1
ST KEW;PL30;1
HELLAND;PL30;1
ST KEW HIGHWAY;PL30;1
TRELILL;PL30;1
WARLEGGAN;PL30;1
WASHAWAY;PL30;1
WITHIEL;PL30;1
MICHAELSTOW;PL30;1
NANSTALLON;PL30;1
ST TEATH;PL30;1
LANE-END;PL30;1
ST MABYN;PL30;1
DUNMERE;PL31;1
BODMIN;PL31;1
TREWASSA;PL32;1
HALLWORTHY;PL32;1
TRESPARRETT;PL32;1
CAMELFORD;PL32;1
VALLEY TRUDDE;PL32;1
TREMAIL;PL32;1
TRESINNEY;PL32;1
TRESPARRETT POSTS;PL32;1
OTTERHAM;PL32;1
MARSHGATE;PL32;1
LANTEGLOS;PL32;1
HELSTONE;PL32;1
DAVIDSTOW;PL32;1
TREWALDER;PL33;1
ROCKHEAD;PL33;1
DELABOLE;PL33;1
TREBARWITH;PL33;1
TRELIGGA;PL33;1
WESTDOWNS;PL33;1
TINTAGEL;PL34;1
TREWARMETT;PL34;1
BOSSINEY;PL34;1
TREVALGA;PL35;1
BOSCASTLE;PL35;1
LESNEWTH;PL35;1
KENWYN;TR1;1
ST CLEMENT;TR1;1
TRURO;TR1;1
GLOWETH;TR1;1
PENRYN;TR10;1
MABE BURNTHOUSE;TR10;1
EDGCUMBE;TR10;1
LONG DOWNS;TR10;1
FALMOUTH;TR11;1
CONSTANTINE;TR11;1
GWEEK;TR11;1
TREVERVA;TR11;1
MAWNAN;TR11;1
MYLOR;TR11;1
BUDOCK WATER;TR11;1
MYLOR BRIDGE;TR11;1
SEWORGAN;TR11;1
MAWNAN SMITH;TR11;1
PENJERRICK;TR11;1
PORTH NAVAS;TR11;1
BEREPPER;TR12;1
LANDEWEDNACK;TR12;1
MAWGAN;TR12;1
MANACCAN;TR12;1
MULLION;TR12;1
NEWTOWN IN ST MARTIN;TR12;1
KUGGAR;TR12;1
HELFORD;TR12;1
GWENTER;TR12;1
GRADE;TR12;1
GARRAS;TR12;1
CURY;TR12;1
LIZARD;TR12;1
COVERACK;TR12;1
CADGWITH;TR12;1
RUAN MINOR;TR12;1
ST KEVERNE;TR12;1
PREDANNACK WOLLAS;TR12;1
PENHALE;TR12;1
GUNWALLOE;TR12;1
RUAN MAJOR;TR12;1
PORTH MELLIN;TR12;1
TREGIDDEN;TR12;1
PORTHOUSTOCK;TR12;1
TRABOE;TR12;1
BURRAS;TR13;1
RINSEY;TR13;1
WENDRON;TR13;1
BREAGE;TR13;1
PORTHLEVEN;TR13;1
CROWNTOWN;TR13;1
GODOLPHIN CROSS;TR13;1
HELSTON;TR13;1
SITHNEY;TR13;1
NANCEGOLLAN;TR13;1
PORKELLIS;TR13;1
PRAA SANDS;TR13;1
CAMBORNE;TR14;1
KEHELLAND;TR14;1
ROSEWORTHY;TR14;1
CARNHELL GREEN;TR14;1
PRAZE-AN-BEEBLE;TR14;1
CROWAN;TR14;1
TUCKINGMILL;TR14;1
BARRIPPER;TR14;1
REDRUTH;TR15;1
CARN BREA;TR15;1
ILLOGAN;TR16;1
SCORRIER;TR16;1
PENHALVEAN;TR16;1
ST DAY;TR16;1
LANNER;TR16;1
MAWLA;TR16;1
PORTREATH;TR16;1
PENNANCE;TR16;1
GWENNAP;TR16;1
FOUR LANES;TR16;1
CARHARRACK;TR16;1
MARAZION;TR17;1
CHYANDOUR;TR18;1
PENZANCE;TR18;1
HEAMOOR;TR18;1
GULVAL;TR18;1
NEWLYN;TR18;1
KELYNACK;TR19;1
KERRIS;TR19;1
PORTHCURNO;TR19;1
TREEN;TR19;1
ST LEVAN;TR19;1
ST JUST;TR19;1
ST BURYAN;TR19;1
PENDEEN;TR19;1
SENNEN COVE;TR19;1
SENNEN;TR19;1
BOJEWYAN;TR19;1
MOUSEHOLE;TR19;1
LOWER BOSCASWELL;TR19;1
BOLEIGH;TR19;1
BOSAVERN;TR19;1
BOTALLACK;TR19;1
TREWELLARD;TR19;1
BRANE;TR19;1
CARNYORTH;TR19;1
TREVESCAN;TR19;1
CROWS-AN-WRA;TR19;1
PAUL;TR19;1
TREWITHIAN;TR2;1
CARNE;TR2;1
GERRANS;TR2;1
TRESILLIAN;TR2;1
VERYAN;TR2;1
TREWARTHENICK;TR2;1
LAMORRAN;TR2;1
MERTHER;TR2;1
PHILLEIGH;TR2;1
GRAMPOUND ROAD;TR2;1
PORTLOE;TR2;1
PORTSCATHO;TR2;1
PROBUS;TR2;1
RUAN LANIHORNE;TR2;1
GRAMPOUND;TR2;1
LADOCK;TR2;1
SCARCEWATER;TR2;1
ST JUST IN ROSELAND;TR2;1
BOHORTHA;TR2;1
ST MAWES;TR2;1
CREED;TR2;1
ST MICHAEL PENKEVIL;TR2;1
TREGEAR;TR2;1
TREGONY;TR2;1
TRELASSICK;TR2;1
MADRON;TR20;1
AMALEBRA;TR20;1
NANCLEDRE;TR20;1
BURYAS BRIDGE;TR20;1
GOLDSITHNEY;TR20;1
CATCHALL;TR20;1
GERMOE;TR20;1
PERRANUTHNOE;TR20;1
CROWLAS;TR20;1
CRIPPLESEASE;TR20;1
SANCREED;TR20;1
WHITECROSS;TR20;1
TRESCOWE;TR20;1
TREMETHICK CROSS;TR20;1
RELUBBUS;TR20;1
PORTHMEOR;TR20;1
TREDAVOE;TR20;1
LUDGVAN;TR20;1
LOWER DRIFT;TR20;1
MORVAH;TR20;1
LONGROCK;TR20;1
HUGH TOWN;TR21;1
ST. AGNES;TR22;1
BRYHER;TR23;1
TRESCO;TR24;1
HIGHER TOWN;TR25;1
HALSETOWN;TR26;1
LELANT;TR26;1
ZENNOR;TR26;1
TOWEDNACK;TR26;1
CARBIS BAY;TR26;1
HAYLE;TR27;1
ST ERTH;TR27;1
PHILLACK;TR27;1
CONNOR DOWNS;TR27;1
CANON'S TOWN;TR27;1
ROSEWARNE;TR27;1
ST ERTH PRAZE;TR27;1
FRADDAM;TR27;1
GWINEAR;TR27;1
TOWNSHEND;TR27;1
LEEDSTOWN;TR27;1
GWITHIAN;TR27;1
ANGARRACK;TR27;1
KEA;TR3;1
PLAYING PLACE;TR3;1
OLD KEA;TR3;1
FEOCK;TR3;1
DEVORAN;TR3;1
CARNON DOWNS;TR3;1
CARCLEW;TR3;1
BALDHU;TR3;1
THREEMILESTONE;TR3;1
STITHIANS;TR3;1
PONSANOOTH;TR3;1
TRELISSICK;TR3;1
PERRANARWORTHAL;TR3;1
PENPOL;TR3;1
ROSE;TR4;1
ST ALLEN;TR4;1
SHORTLANESEND;TR4;1
PORTHTOWAN;TR4;1
PERRANZABULOE;TR4;1
CALLESTICK;TR4;1
MOUNT HAWKE;TR4;1
ST ERME;TR4;1
TRUTHAN;TR4;1
TRISPEN;TR4;1
TREGAVETHAN;TR4;1
GOONHAVERN;TR4;1
THREE BURROWS;TR4;1
PENHALLOW;TR4;1
CHACEWATER;TR4;1
BISSOE;TR4;1
ZELAH;TR4;1
TWELVEHEADS;TR4;1
TREVELLAS;TR5;1
MITHIAN;TR5;1
ST AGNES;TR5;1
GOONBELL;TR5;1
PERRANPORTH;TR6;1
BOLINGEY;TR6;1
ST COLUMB MINOR;TR7;1
PENTIRE;TR7;1
NEWQUAY;TR7;1
TRENANCE;TR8;1
MITCHELL;TR8;1
COLAN;TR8;1
ST ENODER;TR8;1
KESTLE MILL;TR8;1
RETYN;TR8;1
TREBUDANNON;TR8;1
SUMMERCOURT;TR8;1
CARINES;TR8;1
ST MAWGAN;TR8;1
BLACK CROSS;TR8;1
CHAPEL TOWN;TR8;1
CRANTOCK;TR8;1
CUBERT;TR8;1
MOUNTJOY;TR8;1
QUINTRELL DOWNS;TR8;1
REJERRAH;TR8;1
TREGURRIAN;TR8;1
WEST PENTIRE;TR8;1
CARLAND CROSS;TR8;1
NEWLYN EAST;TR8;1
TREGONETHA;TR9;1
RUTHVOES;TR9;1
TREVARREN;TR9;1
WINNARDS PERCH;TR9;1
INDIAN QUEENS;TR9;1
TALSKIDDY;TR9;1
FRADDON;TR9;1
ST COLUMB ROAD;TR9;1
ST COLUMB MAJOR;TR9;1
WOOBURN GREEN;HP10;1
HEDSOR;HP10;1
WOOBURN;HP10;1
LOUDWATER;HP10;1
FLACKWELL HEATH;HP10;1
WYCOMBE MARSH;HP11;1
BOOKER;HP12;1
HIGH WYCOMBE;HP13;1
DOWNLEY;HP13;1
BRADENHAM;HP14;1
WEST WYCOMBE;HP14;1
IBSTONE;HP14;1
BEACON'S BOTTOM;HP14;1
UPPER NORTH DEAN;HP14;1
STOKENCHURCH;HP14;1
BLEDLOW RIDGE;HP14;1
NAPHILL;HP14;1
THE CITY;HP14;1
CADMORE END;HP14;1
BOLTER END;HP14;1
HAZLEMERE;HP15;1
CRYERS HILL;HP15;1
HOLMER GREEN;HP15;1
GREAT KINGSHILL;HP15;1
HUGHENDEN VALLEY;HP15;1
PRESTWOOD;HP16;1
SOUTH HEATH;HP16;1
BALLINGER COMMON;HP16;1
GREAT MISSENDEN;HP16;1
LEE CLUMP;HP16;1
LITTLE HAMPDEN;HP16;1
THE LEE;HP16;1
LITTLE KINGSHILL;HP16;1
ASTON SANDFORD;HP17;1
MEADLE;HP17;1
BUTLER'S CROSS;HP17;1
KIMBLE WICK;HP17;1
KINGSEY;HP17;1
NASH LEE;HP17;1
WESTLINGTON;HP17;1
LITTLE KIMBLE;HP17;1
GREAT KIMBLE;HP17;1
ELLESBOROUGH;HP17;1
ASHENDON;HP18;1
BOARSTALL;HP18;1
CHEARSLEY;HP18;1
DORTON;HP18;1
EDGCOTT;HP18;1
GRENDON UNDERWOOD;HP18;1
ICKFORD;HP18;1
LONG CRENDON;HP18;1
LOWER WINCHENDON;HP18;1
SHABBINGTON;HP18;1
UPPER WINCHENDON;HP18;1
WADDESDON;HP18;1
WOTTON UNDERWOOD;HP18;1
WORMINGHALL;HP18;1
STOKE MANDEVILLE;HP22;1
ROWSHAM;HP22;1
WINGRAVE;HP22;1
WEEDON;HP22;1
ASTON ABBOTTS;HP22;1
BIERTON;HP22;1
WENDOVER;HP22;1
DRAYTON BEAUCHAMP;HP22;1
DUNSMORE;HP22;1
HULCOTT;HP22;1
NORTH LEE;HP22;1
PITCHCOTT;HP22;1
QUAINTON;HP22;1
WESTON TURVILLE;HP22;1
ASTON CLINTON;HP22;1
MARSWORTH;HP23;1
CHOLESBURY;HP23;1
LACEY GREEN;HP27;1
ILMER;HP27;1
PRINCES RISBOROUGH;HP27;1
BLEDLOW;HP27;1
MONKS RISBOROUGH;HP27;1
PITCH GREEN;HP27;1
LOOSLEY ROW;HP27;1
LONGWICK;HP27;1
ASKETT;HP27;1
SAUNDERTON;HP27;1
OWLSWICK;HP27;1
LYE GREEN;HP5;1
WHELPLEY HILL;HP5;1
LATIMER;HP5;1
CHESHAM;HP5;1
CHARTRIDGE;HP5;1
BELLINGDON;HP5;1
ASHLEY GREEN;HP5;1
CHESHAM BOIS;HP6;1
HYDE HEATH;HP6;1
LITTLE CHALFONT;HP7;1
PENN STREET;HP7;1
LITTLE MISSENDEN;HP7;1
AMERSHAM;HP7;1
CHALFONT ST GILES;HP8;1
HOLTSPUR;HP9;1
KNOTTY GREEN;HP9;1
SEER GREEN;HP9;1
JORDANS;HP9;1
BEACONSFIELD;HP9;1
FORTY GREEN;HP9;1
EDLESBOROUGH;LU6;1
CHEDDINGTON;LU7;1
IVINGHOE;LU7;1
LEDBURN;LU7;1
BURCOTT;LU7;1
MENTMORE;LU7;1
PITSTONE;LU7;1
SOULBURY;LU7;1
STEWKLEY;LU7;1
CUBLINGTON;LU7;1
PITSTONE GREEN;LU7;1
IVINGHOE ASTON;LU7;1
MILTON KEYNES VILLAGE;MK10;1
STONY STRATFORD;MK11;1
OLD WOLVERTON;MK12;1
NEW BRADWELL;MK13;1
GREAT LINFORD;MK14;1
WILLEN;MK15;1
HARDMEAD;MK16;1
TYRINGHAM;MK16;1
ASTWOOD;MK16;1
CHICHELEY;MK16;1
FILGRAVE;MK16;1
STOKE GOLDINGTON;MK16;1
SHERINGTON;MK16;1
NORTH CRAWLEY;MK16;1
NEWPORT PAGNELL;MK16;1
MOULSOE;MK16;1
LATHBURY;MK16;1
GAYHURST;MK16;1
BOW BRICKHILL;MK17;1
WAVENDON;MK17;1
DRAYTON PARSLOW;MK17;1
GREAT BRICKHILL;MK17;1
GREAT HORWOOD;MK17;1
WOBURN SANDS;MK17;1
LITTLE HORWOOD;MK17;1
MURSLEY;MK17;1
NEWTON LONGVILLE;MK17;1
STOKE HAMMOND;MK17;1
SWANBOURNE;MK17;1
LITTLE BRICKHILL;MK17;1
HILLESDEN;MK18;1
GRANBOROUGH;MK18;1
DADFORD;MK18;1
CHETWODE;MK18;1
CHACKMORE;MK18;1
BARTON HARTSHORN;MK18;1
CALVERT;MK18;1
LILLINGSTONE LOVELL;MK18;1
NEWTON PURCELL;MK18;1
PRESTON BISSETT;MK18;1
WATER STRATFORD;MK18;1
ADSTOCK;MK18;1
AKELEY;MK18;1
BOTOLPH CLAYDON;MK18;1
EAST CLAYDON;MK18;1
GAWCOTT;MK18;1
MAIDS' MORETON;MK18;1
NORTH MARSTON;MK18;1
PADBURY;MK18;1
SHALSTONE;MK18;1
STEEPLE CLAYDON;MK18;1
TINGEWICK;MK18;1
MIDDLE CLAYDON;MK18;1
HOGGESTON;MK18;1
LILLINGSTONE DAYRELL;MK18;1
WINSLOW;MK18;1
BUCKINGHAM;MK18;1
HANSLOPE;MK19;1
HAVERSHAM;MK19;1
CASTLETHORPE;MK19;1
LITTLE LINFORD;MK19;1
BEACHAMPTON;MK19;1
FENNY STRATFORD;MK2;1
NEWTON BLOSSOMVILLE;MK43;1
EMBERTON;MK46;1
CLIFTON REYNES;MK46;1
LAVENDON;MK46;1
COLD BRAYFIELD;MK46;1
SHENLEY BROOK END;MK5;1
SHENLEY CHURCH END;MK5;1
LITTLE WOOLSTONE;MK6;1
GREAT WOOLSTONE;MK6;1
WOUGHTON ON THE GREEN;MK6;1
SIMPSON;MK6;1
ABBEY HILL;MK77;1
BIDDLESDEN;NN13;1
MARSH GIBBON;OX6;1
POUNDON;OX6;1
RUSSELL'S WATER;RG9;1
ROCKWELL END;RG9;1
REMENHAM HILL;RG9;1
COOKLEY GREEN;RG9;1
HIGHMOOR CROSS;RG9;1
HAMBLEDEN;RG9;1
FRIETH;RG9;1
MIDDLE ASSENDON;RG9;1
TURVILLE HEATH;RG9;1
TURVILLE;RG9;1
GREENLANDS;RG9;1
PARK CORNER;RG9;1
STONOR;RG9;1
SKIRMETT;RG9;1
FINGEST;RG9;1
IVER HEATH;SL0;1
RICHINGS PARK;SL0;1
IVER;SL0;1
FARNHAM ROYAL;SL2;1
STOKE POGES;SL2;1
HEDGERLEY;SL2;1
FARNHAM COMMON;SL2;1
GEORGE GREEN;SL3;1
FULMER;SL3;1
DORNEY;SL4;1
BOVENEY;SL4;1
TAPLOW;SL6;1
LITTLE MARLOW;SL7;1
LOWER WOODEND;SL7;1
MEDMENHAM;SL7;1
MARLOW;SL7;1
WELL END;SL8;1
CHALFONT ST PETER;SL9;1
CHALFONT COMMON;SL9;1
HORN HILL;SL9;1
GERRARDS CROSS;SL9;1
CHENIES;WD3;1
TEVERSHAM;CB1;1
LARK HALL;CB1;1
CAMPS END;CB1;1
CHERRY HINTON;CB1;1
ICKLETON;CB10;1
TRUMPINGTON;CB2;1
QUEEN EDITH'S WARD;CB22;1
PAPWORTH ST. AGNES;CB23;1
CASTLE WARD;CB23;1
CHILDERLEY;CB23;1
CAMBOURNE;CB23;1
ABBEY WARD;CB25;1
PAPWORTH ST AGNES;CB3;1
FROG END;CB3;1
HIGHFIELDS;CB3;1
CAXTON GIBBET;CB3;1
OAKINGTON;CB4;1
BOXWORTH END;CB4;1
COMMERCIAL END;CB5;1
CHITTERING;CB5;1
ALDRETH;CB6;1
CHETTISHAM;CB6;1
LITTLE DOWNHAM;CB6;1
LITTLEPORT;CB6;1
LITTLE THETFORD;CB6;1
MEPAL;CB6;1
PYMORE;CB6;1
APES HALL;CB6;1
WARDY HILL;CB6;1
WILBURTON;CB6;1
WITCHAM;CB6;1
COVENEY;CB6;1
WITCHFORD;CB6;1
BROAD HILL;CB7;1
ISLEHAM;CB7;1
PRICKWILLOW;CB7;1
BRANDON BANK;CB7;1
BARWAY;CB7;1
QUEEN ADELAIDE;CB7;1
DOWN FIELD;CB7;1
RIVER BANK;CB7;1
SOHAM;CB7;1
STUNTNEY;CB7;1
UPWARE;CB7;1
BRANDON CREEK;CB7;1
DULLINGHAM;CB8;1
BURROUGH END;CB8;1
CLOPTON GREEN;CB8;1
WOODDITTON;CB8;1
UPEND;CB8;1
THORNS;CB8;1
STETCHWORTH;CB8;1
SAXON STREET;CB8;1
LANDWADE;CB8;1
LADY'S GREEN;CB8;1
KIRTLING GREEN;CB8;1
DUNSTALL GREEN;CB8;1
DITTON GREEN;CB8;1
WESTLEY WATERLESS;CB8;1
SNAILWELL;CB8;1
SIX MILE BOTTOM;CB8;1
KIRTLING;CB8;1
KENNETT;CB8;1
CHEVELEY;CB8;1
BURROUGH GREEN;CB8;1
BRINKLEY;CB8;1
NEW ENGLAND;PE1;1
LEVERINGTON;PE13;1
MURROW;PE13;1
NEW WALSOKEN;PE13;1
PARSON DROVE;PE13;1
RING'S END;PE13;1
THOLOMAS DROVE;PE13;1
TYDD GOTE;PE13;1
TYDD ST GILES;PE13;1
WISBECH ST MARY;PE13;1
WISBECH;PE13;1
FITTON END;PE13;1
FOUR GOTES;PE13;1
GOREFIELD;PE13;1
GUYHIRN;PE13;1
COLDHAM;PE14;1
ELM;PE14;1
MANEA;PE15;1
PURLS BRIDGE;PE15;1
WESTRY;PE15;1
WIMBLINGTON;PE15;1
BENWICK;PE15;1
HOBBS LOTS BRIDGE;PE15;1
MARCH;PE15;1
HORSEWAY;PE16;1
WELCHES DAM;PE16;1
CHATTERIS;PE16;1
ABBOTSLEY;PE19;1
ST NEOTS;PE19;1
EYNESBURY;PE19;1
EATON FORD;PE19;1
STAUGHTON GREEN;PE19;1
TOSELAND;PE19;1
YELLING;PE19;1
GREAT PAXTON;PE19;1
STAUGHTON HIGHWAY;PE19;1
HAIL WESTON;PE19;1
LITTLE PAXTON;PE19;1
GREAT STAUGHTON;PE19;1
EATON SOCON;PE19;1
OLD FLETTON;PE2;1
STANGROUND;PE2;1
ORTON LONGUEVILLE;PE2;1
WOODSTON;PE2;1
ORTON WATERVILLE;PE2;1
ALWALTON;PE2;1
ST. IVES;PE27;1
LONGTHORPE;PE3;1
CASTOR;PE5;1
AILSWORTH;PE5;1
HELPSTON;PE6;1
NORTHBOROUGH;PE6;1
PEAKIRK;PE6;1
DEEPING GATE;PE6;1
GLINTON;PE6;1
MAXEY;PE6;1
MARHOLM;PE6;1
EASTREA;PE7;1
ELDERNELL;PE7;1
FARCET;PE7;1
FOLKSWORTH;PE7;1
HADDON;PE7;1
MORBORNE;PE7;1
STILTON;PE7;1
WHITTLESEY;PE7;1
NORMAN CROSS;PE7;1
THORNHAUGH;PE8;1
WITTERING;PE8;1
WATER NEWTON;PE8;1
SOUTHORPE;PE9;1
BARNACK;PE9;1
CITY OF PETERBOROUGH;PE99;1
LITTLE GRANSDEN;SG19;1
GREAT GRANSDEN;SG19;1
HATLEY ST GEORGE;SG19;1
GAMLINGAY;SG19;1
EAST HATLEY;SG19;1
WARESLEY;SG19;1
FOWLMERE;SG8;1
CHRISHALL GRANGE;SG8;1
BASSINGBOURN;SG8;1
GUILDEN MORDEN;SG8;1
KNEESWORTH;SG8;1
LITTLE CHISHILL;SG8;1
MELBOURN;SG8;1
MELDRETH;SG8;1
NEW WIMPOLE;SG8;1
ORWELL;SG8;1
SHEPRETH;SG8;1
SHINGAY;SG8;1
STEEPLE MORDEN;SG8;1
TADLOW;SG8;1
WENDY;SG8;1
WHADDON GAP;SG8;1
GREAT CHISHILL;SG8;1
FLINT CROSS;SG8;1
ABINGTON PIGOTTS;SG8;1
ARRINGTON;SG8;1
HACKTHORPE;CA10;1
HELTON;CA10;1
MORLAND;CA10;1
LAZONBY;CA10;1
MILBURN;CA10;1
CLIBURN;CA10;1
BLENCARN;CA10;1
KINGS MEABURN;CA10;1
WINSKILL;CA10;1
LOWTHER;CA10;1
SLEAGILL;CA10;1
GLASSONBY;CA10;1
CROSBY RAVENSWORTH;CA10;1
GREENHOLME;CA10;1
GAMBLESBY;CA10;1
GREAT STRICKLAND;CA10;1
POOLEY BRIDGE;CA10;1
HARESCEUGH;CA10;1
HARTSOP;CA10;1
RENWICK;CA10;1
TIRRIL;CA10;1
REAGILL;CA10;1
SCALE HOUSES;CA10;1
STAFFIELD;CA10;1
CULGAITH;CA10;1
KELLETH;CA10;1
WHALE;CA10;1
TEMPLE SOWERBY;CA10;1
SHAP;CA10;1
HUNSONBY;CA10;1
TEBAY;CA10;1
WICKERSLACK;CA10;1
BROUGHAM;CA10;1
KIRKBY THORE;CA10;1
RAISBECK;CA10;1
MELKINTHORPE;CA10;1
LANGWATHBY;CA10;1
LITTLE SALKELD;CA10;1
LITTLE STRICKLAND;CA10;1
MAULDS MEABURN;CA10;1
EAMONT BRIDGE;CA10;1
OUSBY;CA10;1
ROSGILL;CA10;1
BLENCOW;CA11;1
PLUMPTON HEAD;CA11;1
PENRUDDOCK;CA11;1
GREAT SALKELD;CA11;1
NEW RENT;CA11;1
EDENHALL;CA11;1
DOCKRAY;CA11;1
ULCAT ROW;CA11;1
MUNGRISDALE;CA11;1
LAITHES;CA11;1
MOTHERBY;CA11;1
WATERMILLOCK;CA11;1
SALKELD DYKES;CA11;1
NEWTON REIGNY;CA11;1
PATTERDALE;CA11;1
PENRITH;CA11;1
CALTHWAITE;CA11;1
CATTERLEN;CA11;1
DOWTHWAITEHEAD;CA11;1
ELLONBY;CA11;1
GLENRIDDING;CA11;1
GREYSTOKE;CA11;1
MOSEDALE;CA11;1
MATTERDALE END;CA11;1
LAMONBY;CA11;1
JOHNBY;CA11;1
HUTTON END;CA11;1
UNTHANK;CA11;1
BORROWDALE;CA12;1
SEATOLLER;CA12;1
BASSENTHWAITE;CA12;1
LITTLE TOWN;CA12;1
MILLBECK;CA12;1
THRELKELD;CA12;1
PORTINSCALE;CA12;1
APPLETHWAITE;CA12;1
WYTHBURN;CA12;1
PAPCASTLE;CA13;1
MOCKERKIN;CA13;1
LOWESWATER;CA13;1
LITTLE BROUGHTON;CA13;1
HIGH LORTON;CA13;1
DEANSCALES;CA13;1
TALLENTIRE;CA13;1
PARDSHAW;CA13;1
DOVENBY;CA13;1
BLINDCRAKE;CA13;1
GREYSOUTHEN;CA13;1
BEWALDETH;CA13;1
BRIDEKIRK;CA13;1
COCKERMOUTH;CA13;1
LITTLE CLIFTON;CA14;1
LAMPLUGH;CA14;1
HIGH HARRINGTON;CA14;1
GILGARRAN;CA14;1
GREAT CLIFTON;CA14;1
ULLOCK;CA14;1
DISTINGTON;CA14;1
PICA;CA14;1
ASBY;CA14;1
BROUGHTON MOOR;CA15;1
FLIMBY;CA15;1
ELLENBOROUGH;CA15;1
EDDERSIDE;CA15;1
DEARHAM;CA15;1
CROSSCANONBY;CA15;1
MAWBRAY;CA15;1
ALLONBY;CA15;1
KEISLEY;CA16;1
DUFTON;CA16;1
DRYBECK;CA16;1
CRACKENTHORPE;CA16;1
WARCOP;CA16;1
BRACKENBER;CA16;1
BLEATARN;CA16;1
HOFF;CA16;1
BURRELLS;CA16;1
GREAT ORMSIDE;CA16;1
GREAT ASBY;CA16;1
LONG MARTON;CA16;1
APPLEBY-IN-WESTMORLAND;CA16;1
BROUGH SOWERBY;CA17;1
SOULBY;CA17;1
SMARDALE;CA17;1
RAVENSTONEDALE;CA17;1
WAITBY;CA17;1
GREAT MUSGRAVE;CA17;1
LITTLE MUSGRAVE;CA17;1
NEWBIGGIN-ON-LUNE;CA17;1
HILLBECK;CA17;1
OUTHGILL;CA17;1
NORTH STAINMORE;CA17;1
CROSBY GARRETT;CA17;1
KABER;CA17;1
KIRKBY STEPHEN;CA17;1
RAVENGLASS;CA18;1
SANTON BRIDGE;CA19;1
ESKDALE GREEN;CA19;1
GUBBERGILL;CA19;1
HOLMROOK;CA19;1
DRIGG;CA19;1
BOOT;CA19;1
NEWBY WEST;CA2;1
CUMMERSDALE;CA2;1
DURDAR;CA2;1
CALDER BRIDGE;CA20;1
PONSONBY;CA20;1
SEASCALE;CA20;1
SELLAFIELD;CA20;1
BECKERMET;CA21;1
SNELLINGS;CA22;1
HAILE;CA22;1
EGREMONT;CA22;1
CROASDALE;CA23;1
CLEATOR;CA23;1
ENNERDALE BRIDGE;CA23;1
MOOR ROW;CA24;1
CLEATOR MOOR;CA25;1
WATH BROW;CA25;1
ARLECDON;CA26;1
ROWRAH;CA26;1
FRIZINGTON;CA26;1
ST BEES;CA27;1
SANDWITH;CA28;1
WHITEHAVEN;CA28;1
ROTTINGTON;CA28;1
HENSINGHAM;CA28;1
MORESBY;CA28;1
KINGSTOWN;CA3;1
STANWIX;CA3;1
BRISCO;CA4;1
LOW HESKET;CA4;1
HOW;CA4;1
HIGH HESKET;CA4;1
WETHERAL;CA4;1
WARWICK BRIDGE;CA4;1
SOWERBY ROW;CA4;1
SOUTHWAITE;CA4;1
SCOTBY;CA4;1
RUCKCROFT;CA4;1
NEWBY EAST;CA4;1
LOW BRAITHWAITE;CA4;1
LITTLE CORBY;CA4;1
IVEGILL;CA4;1
HORNSBY;CA4;1
HEADS NOOK;CA4;1
HALL'S TENEMENT;CA4;1
GREAT CORBY;CA4;1
FAUGH;CA4;1
CUMWHINTON;CA4;1
CUMREW;CA4;1
CROGLIN;CA4;1
COTEHILL;CA4;1
CASTLE CARROCK;CA4;1
ARMATHWAITE;CA4;1
AINSTABLE;CA4;1
AIKETGATE;CA4;1
CUMWHITTON;CA4;1
KIRKANDREWS-UPON-EDEN;CA5;1
THURSTONFIELD;CA5;1
ABBEYTOWN;CA5;1
ALLERBY;CA5;1
ARKLEBY;CA5;1
ULDALE;CA5;1
MEALSGATE;CA5;1
GILCRUX;CA5;1
KIRKBRIDE;CA5;1
GAITSGILL;CA5;1
NEWTON ARLOSH;CA5;1
FLETCHERTOWN;CA5;1
HIGHLAWS;CA5;1
GRINSDALE;CA5;1
BOTHEL;CA5;1
BLENNERHASSET;CA5;1
CARDURNOCK;CA5;1
GREAT ORTON;CA5;1
LITTLE ORTON;CA5;1
BOWNESS-ON-SOLWAY;CA5;1
DRUMBURGH;CA5;1
PARSONBY;CA5;1
RAUGHTON HEAD;CA5;1
SEBERGHAM;CA5;1
SEAVILLE;CA5;1
LONGBURGH;CA5;1
LANGRIGG;CA5;1
OUGHTERBY;CA5;1
PELUTHO;CA5;1
BUCKABANK;CA5;1
BURGH BY SANDS;CA5;1
BOLTONGATE;CA5;1
PORT CARLISLE;CA5;1
STOCKDALEWATH;CA5;1
STUDHOLME;CA5;1
TORPENHOW;CA5;1
KELSICK;CA5;1
THURSBY;CA5;1
HIGH IREBY;CA5;1
SILLOTH;CA5;1
BAGGROW;CA5;1
ASPATRIA;CA5;1
WHITRIGG;CA5;1
KIRKBAMPTON;CA5;1
SKINBURNESS;CA5;1
BLITTERLEES;CA5;1
PLUMBLAND;CA5;1
CALVO;CA5;1
ANTHORN;CA5;1
BALDWINHOLME;CA5;1
GILSLAND;CA6;1
CATLOWDY;CA6;1
BOLTONFELLEND;CA6;1
LAVERSDALE;CA6;1
CARGO;CA6;1
BLACKPOOL GATE;CA6;1
SCALEBY;CA6;1
BEWCASTLE;CA6;1
CROFTHEAD;CA6;1
LOW CROSBY;CA6;1
LINSTOCK;CA6;1
SCALEBYHILL;CA6;1
HARKER;CA6;1
ROADHEAD;CA6;1
HETHERSGILL;CA6;1
IRTHINGTON;CA6;1
HALTON LEA GATE;CA6;1
KIRKLINTON;CA6;1
GILSLAND SPA;CA6;1
SLAGGYFORD;CA6;1
OAKSHAW FORD;CA6;1
MOAT;CA6;1
MIDGEHOLME;CA6;1
LYNEHOLMEFORD;CA6;1
KERSHOPEFOOT;CA6;1
KNARSDALE;CA6;1
HAGGBECK;CA6;1
GREENHEAD;CA6;1
WESTLINTON;CA6;1
DUNDRAW;CA7;1
AIKTON;CA7;1
WIGTON;CA7;1
WIGGONBY;CA7;1
WHELPO;CA7;1
WESTWARD;CA7;1
BLENCOGO;CA7;1
BOLTON LOW HOUSES;CA7;1
BROCKLEBANK;CA7;1
CALDBECK;CA7;1
HESKET NEWMARKET;CA7;1
LESSONHALL;CA7;1
LITTLE BAMPTON;CA7;1
MICKLETHWAITE;CA7;1
WAVERBRIDGE;CA7;1
RED DIAL;CA7;1
ROSLEY;CA7;1
WEST CURTHWAITE;CA7;1
HALLBANKGATE;CA8;1
KIRKCAMBECK;CA8;1
TALKIN;CA8;1
FOREST HEAD;CA8;1
TINDALE;CA8;1
WEST HALL;CA8;1
FARLAM;CA8;1
BAYLES;CA9;1
GARRIGILL;CA9;1
KIRKHAUGH;CA9;1
NENTHALL;CA9;1
NENTHEAD;CA9;1
FIRBANK;LA10;1
STONE HOUSE;LA10;1
MILLTHROP;LA10;1
LOW HAYGARTH;LA10;1
LEA YEAT;LA10;1
INGMIRE HALL;LA10;1
GAWTHROP;LA10;1
DENT;LA10;1
COWGILL;LA10;1
CAUTLEY;LA10;1
SEDBERGH;LA10;1
GARSDALE HEAD;LA10;1
GRANGE-OVER-SANDS;LA11;1
CARTMEL;LA11;1
HOLKER;LA11;1
BOWLAND BRIDGE;LA11;1
KENTS BANK;LA11;1
FLOOKBURGH;LA11;1
LINDALE;LA11;1
HIGH NEWTON;LA11;1
CARK;LA11;1
BAYCLIFF;LA12;1
WATER YEAT;LA12;1
THWAITE HEAD;LA12;1
STAVELEY-IN-CARTMEL;LA12;1
BOUTH;LA12;1
SPARK BRIDGE;LA12;1
BROUGHTON BECK;LA12;1
MANSRIGGS;LA12;1
LITTLE URSWICK;LA12;1
OXEN PARK;LA12;1
NEWBY BRIDGE;LA12;1
LINDAL IN FURNESS;LA12;1
LEECE;LA12;1
HIGH NIBTHWAITE;LA12;1
HAVERTHWAITE;LA12;1
GREENODD;LA12;1
GREAT URSWICK;LA12;1
GLEASTON;LA12;1
PENNINGTON;LA12;1
RUSLAND;LA12;1
SATTERTHWAITE;LA12;1
GAWTHWAITE;LA12;1
LOW WOOD;LA12;1
BLAWITH;LA12;1
FINSTHWAITE;LA12;1
FORCE FORGE;LA12;1
LAKESIDE;LA12;1
STRIBERS;LA12;1
ARRAD FOOT;LA12;1
BACKBARROW;LA12;1
ALDINGHAM;LA12;1
PENNY BRIDGE;LA12;1
BARDSEA;LA12;1
ULVERSTON;LA12;1
STAINTON WITH ADGARLEY;LA13;1
ROOSECOTE;LA13;1
ROA ISLAND;LA13;1
RAMPSIDE;LA13;1
NEWBARNS;LA13;1
DENDRON;LA13;1
VICKERSTOWN;LA14;1
NORTH SCALE;LA14;1
HAWCOAT;LA14;1
BARROW-IN-FURNESS;LA14;1
DALTON-IN-FURNESS;LA15;1
IRELETH;LA16;1
ASKAM IN FURNESS;LA16;1
BECK SIDE;LA17;1
SAND SIDE;LA17;1
GRIZEBECK;LA17;1
SOUTERGATE;LA17;1
LADY HALL;LA18;1
DUDDON BRIDGE;LA18;1
HAVERIGG;LA18;1
KIRKSANTON;LA18;1
MILLOM;LA18;1
SILECROFT;LA18;1
WHICHAM;LA18;1
HYTON;LA19;1
HYCEMOOR;LA19;1
ANNASIDE;LA19;1
CORNEY;LA19;1
WHITBECK;LA19;1
LOWER HAWTHWAITE;LA20;1
ULPHA;LA20;1
HALL DUNNERDALE;LA20;1
FOXFIELD;LA20;1
BROUGHTON IN FURNESS;LA20;1
BROUGHTON MILLS;LA20;1
COCKLEY BECK;LA20;1
BIGERT MIRE;LA20;1
BANK END;LA20;1
BOWMANSTEAD;LA21;1
SUNNY BANK;LA21;1
BRANTWOOD;LA21;1
TORVER;LA21;1
NEAR SAWREY;LA22;1
CLAPPERSGATE;LA22;1
SKELWITH BRIDGE;LA22;1
HIGH WRAY;LA22;1
OUTGATE;LA22;1
GRIZEDALE;LA22;1
HAWKSHEAD;LA22;1
ELTERWATER;LA22;1
GRASMERE;LA22;1
CHAPEL STILE;LA22;1
RYDAL;LA22;1
AMBLESIDE;LA22;1
WINDERMERE;LA23;1
TROUTBECK;LA23;1
BOWNESS-ON-WINDERMERE;LA23;1
TROUTBECK BRIDGE;LA23;1
ARNSIDE;LA5;1
FARLETON;LA6;1
KIRKBY LONSDALE;LA6;1
BURTON-IN-KENDAL;LA6;1
MANSERGH;LA6;1
LUPTON;LA6;1
KILLINGTON;LA6;1
BARBON;LA6;1
CASTERTON;LA6;1
HEVERSHAM;LA7;1
CROOKLANDS;LA7;1
STORTH;LA7;1
LEASGILL;LA7;1
MILNTHORPE;LA7;1
HINCASTER;LA7;1
BEETHAM;LA7;1
WATCHGATE;LA8;1
UNDERBARROW;LA8;1
BRIGSTEER;LA8;1
GATEBECK;LA8;1
GRAYRIGG;LA8;1
GRIGGHALL;LA8;1
KENTMERE;LA8;1
LEVENS;LA8;1
NEW HUTTON;LA8;1
OLD HUTTON;LA8;1
SEDGWICK;LA8;1
MIDDLESHAW;LA8;1
MILLHOLME;LA8;1
SADGILL;LA8;1
ENDMOOR;LA8;1
INGS;LA8;1
BECK FOOT;LA8;1
LOW;LA8;1
GARNETT BRIDGE;LA8;1
MITCHELLAND;LA8;1
CROSTHWAITE;LA8;1
MEAL BANK;LA9;1
OXENHOLME;LA9;1
NATLAND;LA9;1
BURNESIDE;LA9;1
KENDAL;LA9;1
CASTLE GRESLEY;DE11;1
SWADLINCOTE;DE11;1
HARTSHORNE;DE11;1
WOODVILLE;DE11;1
BLACKFORDBY;DE11;1
HIGH CROSS BANK;DE11;1
CHURCH GRESLEY;DE11;1
GOSELEY DALE;DE11;1
ROSLISTON;DE12;1
APPLEBY PARVA;DE12;1
NETHERSEAL;DE12;1
WALTON-ON-TRENT;DE12;1
OVERSEAL;DE12;1
NORRIS HILL;DE12;1
COTON IN THE ELMS;DE12;1
CATTON HALL;DE12;1
OAKTHORPE;DE12;1
BRETBY;DE15;1
NEWTON SOLNEY;DE15;1
CHADDESDEN;DE21;1
COXBENCH;DE21;1
SPONDON;DE21;1
LITTLE EATON;DE21;1
ALLESTREE;DE22;1
QUARNDON;DE22;1
KEDLESTON;DE22;1
MACKWORTH;DE22;1
LITTLEOVER;DE23;1
CREWTON;DE24;1
ALVASTON;DE24;1
MICKLEOVER;DE3;1
ROWSLEY;DE4;1
LONGCLIFFE;DE4;1
GRANGEMILL;DE4;1
PIKEHALL;DE4;1
CARSINGTON;DE4;1
WHATSTANDWELL;DE4;1
IBLE;DE4;1
MATLOCK BANK;DE4;1
CRICH CARR;DE4;1
STANTON IN PEAK;DE4;1
WIRKSWORTH;DE4;1
BRIGHTGATE;DE4;1
BEELEY;DE4;1
BOLEHILL;DE4;1
BONSALL;DE4;1
CROMFORD;DE4;1
ALDWARK;DE4;1
MATLOCK BATH;DE4;1
TANSLEY;DE4;1
TWO DALES;DE4;1
UPPER HACKNEY;DE4;1
BRASSINGTON;DE4;1
CRICH;DE4;1
MATLOCK;DE4;1
DARLEY DALE;DE4;1
BIRCHOVER;DE4;1
BASLOW;DE45;1
OVER END;DE45;1
EDENSOR;DE45;1
YOULGREAVE;DE45;1
NETHER END;DE45;1
ROWLAND;DE45;1
OVER HADDON;DE45;1
MONYASH;DE45;1
HASSOP;DE45;1
GREAT LONGSTONE;DE45;1
BAKEWELL;DE45;1
ALPORT;DE45;1
LITTLE LONGSTONE;DE45;1
ASHFORD IN THE WATER;DE45;1
PENTRICH;DE5;1
CODNOR;DE5;1
BUTTERLEY;DE5;1
DENBY;DE5;1
CROSS HILL;DE5;1
ALFRETON;DE55;1
FOURLANE ENDS;DE55;1
WESTHOUSES;DE55;1
SOUTH WINGFIELD;DE55;1
RIDDINGS;DE55;1
WESSINGTON;DE55;1
BRACKENFIELD;DE55;1
STONEBROOM;DE55;1
TIBSHELF;DE55;1
SHIRLAND;DE55;1
SOMERCOTES;DE55;1
SOUTH NORMANTON;DE55;1
IRONVILLE;DE55;1
ALDERWASLEY;DE56;1
HEAGE;DE56;1
DUFFIELD;DE56;1
AMBERGATE;DE56;1
BELPER;DE56;1
BELPER LANE END;DE56;1
CROSS O' THE HANDS;DE56;1
FRITCHLEY;DE56;1
IDRIDGEHAY;DE56;1
SHOTTLE;DE56;1
SHOTTLEGATE;DE56;1
TURNDITCH;DE56;1
WHITE MOOR;DE56;1
WINDLEY;DE56;1
WINDLEY MEADOWS;DE56;1
ALSOP EN LE DALE;DE6;1
ATLOW;DE6;1
COTON IN THE CLAY;DE6;1
FENNY BENTLEY;DE6;1
GREAT CUBLEY;DE6;1
HOGNASTON;DE6;1
HANGING BRIDGE;DE6;1
KIRK LANGLEY;DE6;1
KNIVETON;DE6;1
LANGLEY GREEN;DE6;1
ROSTON;DE6;1
SNELSTON;DE6;1
SOMERSAL HERBERT;DE6;1
TISSINGTON;DE6;1
TRUSLEY;DE6;1
WALDLEY;DE6;1
WARDGATE;DE6;1
EDLASTON;DE6;1
BRADBOURNE;DE6;1
DOVERIDGE;DE6;1
EDNASTON;DE6;1
HULLAND;DE6;1
KIRK IRETON;DE6;1
MAPLETON;DE6;1
MARSTON MONTGOMERY;DE6;1
MUGGINTON;DE6;1
PARWICH;DE6;1
RADBOURNE;DE6;1
SCROPTON;DE6;1
SUTTON ON THE HILL;DE6;1
SWINSCOE;DE6;1
WYASTON;DE6;1
YEAVELEY;DE6;1
RODSLEY;DE6;1
ALKMONTON;DE6;1
THURVASTON;DE6;1
ASHBOURNE;DE6;1
BALLIDON;DE6;1
BOYLESTONE;DE6;1
BRAILSFORD;DE6;1
MERCASTON;DE6;1
BURNASTON;DE65;1
FINDERN;DE65;1
ETWALL;DE65;1
EGGINTON;DE65;1
DALBURY;DE65;1
CHURCH BROUGHTON;DE65;1
REPTON;DE65;1
MARSTON ON DOVE;DE65;1
KIRK HALLAM;DE7;1
HORSLEY WOODHOUSE;DE7;1
STANTON BY DALE;DE7;1
WEST HALLAM;DE7;1
BREADSALL;DE7;1
SMALLEY;DE7;1
ILKESTON;DE7;1
MAPPERLEY;DE7;1
STANLEY COMMON;DE7;1
BORROWASH;DE72;1
ELVASTON;DE72;1
SHARDLOW;DE72;1
THULSTON;DE72;1
OCKBROOK;DE72;1
BREASTON;DE72;1
ASTON ON TRENT;DE72;1
WESTON-ON-TRENT;DE72;1
SWARKESTONE;DE73;1
TICKNALL;DE73;1
TONGE;DE73;1
WILSON;DE73;1
KING'S NEWTON;DE73;1
BARROW UPON TRENT;DE73;1
CALKE;DE73;1
STANTON BY BRIDGE;DE73;1
INGLEBY;DE73;1
CHELLASTON;DE73;1
HEANOR;DE75;1
LOSCOE;DE75;1
LANGLEY MILL;DE75;1
MARLPOOL;DE75;1
CITY OF DERBY;DE99;1
SMISBY;LE65;1
SANDIACRE;NG10;1
NEW SAWLEY;NG10;1
LONG EATON;NG10;1
PINXTON;NG16;1
PLEASLEY;NG19;1
SHIREBROOK;NG20;1
UPPER LANGWITH;NG20;1
COAL ASTON;S18;1
STUBLEY;S18;1
UNSTONE;S18;1
DRONFIELD;S18;1
DRONFIELD WOODHOUSE;S18;1
COMMON SIDE;S18;1
HOLMESFIELD;S18;1
APPERKNOWLE;S18;1
HASLAND;S41;1
CUTTHORPE;S42;1
HOLMEWOOD;S42;1
HOLYMOORSIDE;S42;1
GRASSMOOR;S42;1
OLD TUPTON;S42;1
OLD BRAMPTON;S42;1
NORTH WINGFIELD;S42;1
NETHER MOOR;S42;1
WADSHELF;S42;1
WILLIAMTHORPE;S42;1
WINGERWORTH;S42;1
TUPTON;S42;1
TEMPLE NORMANTON;S42;1
BRIMINGTON;S43;1
CLOWNE;S43;1
BARLBOROUGH;S43;1
BRIMINGTON COMMON;S43;1
AULT HUCKNALL;S44;1
DOE LEA;S44;1
GLAPWELL;S44;1
BOLSOVER;S44;1
COCK ALLEY;S44;1
CALOW;S44;1
PALTERTON;S44;1
SUTTON SCARSDALE;S44;1
ROWTHORNE;S44;1
SHUTTLEWOOD;S44;1
HEATH;S44;1
SCARCLIFFE;S44;1
HILLS TOWN;S44;1
LONG DUCKMANTON;S44;1
ARKWRIGHT;S44;1
CARR VALE;S44;1
KELSTEDGE;S45;1
HARDSTOFT;S45;1
FALLGATE;S45;1
DANESMOOR;S45;1
CLAY CROSS;S45;1
ASHOVER;S45;1
CRESWELL;S80;1
NETHERTHORPE;S80;1
WELBECK ABBEY;S80;1
HODTHORPE;S80;1
GLOSSOP;SK13;1
CHUNAL;SK13;1
OLD GLOSSOP;SK13;1
CHARLESWORTH;SK14;1
SPARROWPIT;SK17;1
CHELMORTON;SK17;1
BRUND;SK17;1
TADDINGTON;SK17;1
TIDESWELL;SK17;1
HARTINGTON;SK17;1
WORMHILL;SK17;1
WHESTON;SK17;1
KING STERNDALE;SK17;1
FLAGG;SK17;1
HARPUR HILL;SK17;1
DOVE HOLES;SK17;1
GRADBACH;SK17;1
GREAT HUCKLOW;SK17;1
GRINDLOW;SK17;1
EARL STERNDALE;SK17;1
WARDLOW;SK17;1
CROWDECOTE;SK17;1
LITTLE HUCKLOW;SK17;1
MILLER'S DALE;SK17;1
PEAK DALE;SK17;1
COPLOW DALE;SK17;1
PEAK FOREST;SK17;1
PILSBURY;SK17;1
UPPER END;SK17;1
HIGH PEAK;SK22;1
WHALEY BRIDGE;SK23;1
CHAPEL-EN-LE-FRITH;SK23;1
CHINLEY;SK23;1
HALSTOCK;BA22;1
KINSON;BH11;1
BEARWOOD;BH11;1
BRANKSOME;BH12;1
WALLISDOWN;BH12;1
CANFORD CLIFFS;BH13;1
SANDBANKS;BH13;1
BRANKSOME PARK;BH13;1
PARKSTONE;BH14;1
LILLIPUT;BH14;1
LONGFLEET;BH15;1
POOLE;BH15;1
LYTCHETT MATRAVERS;BH16;1
SLEPE;BH16;1
LYTCHETT MINSTER;BH16;1
HOLTON HEATH;BH16;1
WORTH MATRAVERS;BH19;1
HARMAN'S CROSS;BH19;1
ULWELL;BH19;1
SWANAGE;BH19;1
STUDLAND;BH19;1
LANGTON MATRAVERS;BH19;1
WEST LULWORTH;BH20;1
NORDEN;BH20;1
WEST HOLME;BH20;1
EAST LULWORTH;BH20;1
WOOL;BH20;1
ARNE;BH20;1
BOVINGTON CAMP;BH20;1
TYNEHAM;BH20;1
KIMMERIDGE;BH20;1
STOBOROUGH;BH20;1
WAREHAM;BH20;1
COOMBE KEYNES;BH20;1
CHURCH KNOWLE;BH20;1
BERE REGIS;BH20;1
EAST CREECH;BH20;1
LULWORTH CAMP;BH20;1
STOKEFORD;BH20;1
STOBOROUGH GREEN;BH20;1
CORFE CASTLE;BH20;1
BLOXWORTH;BH20;1
EAST BURTON;BH20;1
EAST MORDEN;BH20;1
WIMBORNE MINSTER;BH21;1
BOVERIDGE;BH21;1
WIMBORNE ST GILES;BH21;1
CRANBORNE;BH21;1
THREE LEGGED CROSS;BH21;1
MANSWOOD;BH21;1
EDMONDSHAM;BH21;1
GUSSAGE ST MICHAEL;BH21;1
STURMINSTER MARSHALL;BH21;1
HAMPRESTON;BH21;1
PAMPHILL;BH21;1
STAPEHILL;BH21;1
WITCHAMPTON;BH21;1
BROOM HILL;BH21;1
CANFORD BOTTOM;BH21;1
CORFE MULLEN;BH21;1
MONKTON UP WIMBORNE;BH21;1
MOOR CRICHEL;BH21;1
COLEHILL;BH21;1
MANNINGTON;BH21;1
GAUNT'S COMMON;BH21;1
SUTTON HOLMS;BH21;1
CHALBURY COMMON;BH21;1
LONG CRICHEL;BH21;1
TADDEN;BH21;1
HINTON MARTELL;BH21;1
HILL VIEW;BH21;1
GUSSAGE ALL SAINTS;BH21;1
CLAPGATE;BH21;1
CANFORD MAGNA;BH21;1
PARLEY CROSS;BH22;1
FERNDOWN;BH22;1
DUDSBURY;BH22;1
WEST MOORS;BH22;1
TRICKETT'S CROSS;BH22;1
WEST PARLEY;BH22;1
NEACROFT;BH23;1
HURN;BH23;1
HIGHCLIFFE;BH23;1
WINKTON;BH23;1
THORNEY HILL;BH23;1
MUDEFORD;BH23;1
HINTON ADMIRAL;BH23;1
AVON;BH23;1
VERWOOD;BH31;1
POKESDOWN;BH5;1
HOLDENHURST;BH8;1
MOORDOWN;BH9;1
STALBRIDGE WESTON;DT10;1
STALBRIDGE;DT10;1
HAZELBURY BRYAN;DT10;1
HAMMOON;DT10;1
STURMINSTER COMMON;DT10;1
KING'S STAG;DT10;1
HINTON ST MARY;DT10;1
TODBER;DT10;1
STURMINSTER NEWTON;DT10;1
STOURTON CAUNDLE;DT10;1
MARNHULL;DT10;1
MAPPOWDER;DT10;1
LYDLINCH;DT10;1
FIFEHEAD NEVILLE;DT10;1
ANDERSON;DT11;1
TARRANT RAWSTON;DT11;1
TARRANT HINTON;DT11;1
BLANDFORD FORUM;DT11;1
IWERNE COURTNEY OR SHROTON;DT11;1
WOOLLAND;DT11;1
WINTERBORNE HOUGHTON;DT11;1
DURWESTON;DT11;1
LANGTON LONG BLANDFORD;DT11;1
STOKE WAKE;DT11;1
CHILD OKEFORD;DT11;1
HIGHER WHATCOMBE;DT11;1
TURNWORTH;DT11;1
TARRANT RUSHTON;DT11;1
TARRANT GUNVILLE;DT11;1
CHARLTON MARSHALL;DT11;1
IBBERTON;DT11;1
CHETTLE;DT11;1
STOURPAINE;DT11;1
STUBHAMPTON;DT11;1
TARRANT LAUNCESTON;DT11;1
MINCHINGTON;DT11;1
SHILLINGSTONE;DT11;1
ALMER;DT11;1
TARRANT CRAWFORD;DT11;1
IWERNE MINSTER;DT11;1
OKEFORD FITZPAINE;DT11;1
BRYANSTON;DT11;1
MILTON ABBAS;DT11;1
BLANDFORD CAMP;DT11;1
PIMPERNE;DT11;1
CASHMOOR;DT11;1
BLANDFORD ST MARY;DT11;1
THORNICOMBE;DT11;1
TARRANT KEYNESTON;DT11;1
WINTERBORNE KINGSTON;DT11;1
TARRANT MONKTON;DT11;1
WINTERBORNE STICKLAND;DT11;1
SPETISBURY;DT11;1
MILBORNE ST ANDREW;DT11;1
SUTTON WALDRON;DT11;1
WINTERBORNE ZELSTON;DT11;1
WINTERBORNE CLENSTON;DT11;1
WINTERBORNE WHITECHURCH;DT11;1
HOLWORTH;DT2;1
CHESELBOURNE;DT2;1
WOODSFORD;DT2;1
WINTERBOURNE ABBAS;DT2;1
WINFRITH NEWBURGH;DT2;1
HIGHER ANSTY;DT2;1
OWERMOIGNE;DT2;1
NETHER CERNE;DT2;1
LOWER BOCKHAMPTON;DT2;1
HIGHER KINGCOMBE;DT2;1
LOWER KINGCOMBE;DT2;1
LOWER WRAXALL;DT2;1
BROADMAYNE;DT2;1
BENVILLE LANE;DT2;1
LYON'S GATE;DT2;1
BRIANTSPUDDLE;DT2;1
WYNFORD EAGLE;DT2;1
WINTERBORNE MONKTON;DT2;1
LITTLEBREDY;DT2;1
PULHAM;DT2;1
DUNTISH;DT2;1
WEST CHELBOROUGH;DT2;1
UP SYDLING;DT2;1
CHALMINGTON;DT2;1
CERNE ABBAS;DT2;1
CHARMINSTER;DT2;1
TINCLETON;DT2;1
TURNERS PUDDLE;DT2;1
MELBURY SAMPFORD;DT2;1
STOCKWOOD;DT2;1
TOLPUDDLE;DT2;1
BINGHAM'S MELCOMBE;DT2;1
TOLLER PORCORUM;DT2;1
CHALDON HERRING;DT2;1
BURLESTON;DT2;1
WHITE LACKINGTON;DT2;1
SYDLING ST NICHOLAS;DT2;1
SWYRE;DT2;1
BUCKLAND NEWTON;DT2;1
STINSFORD;DT2;1
RAMPISHAM;DT2;1
PUNCKNOWLE;DT2;1
PUDDLETOWN;DT2;1
PIDDLEHINTON;DT2;1
MELBURY OSMOND;DT2;1
MELBURY BUBB;DT2;1
MARTINSTOWN;DT2;1
MAIDEN NEWTON;DT2;1
LONG BREDY;DT2;1
GRIMSTONE;DT2;1
WEST STAFFORD;DT2;1
EVERSHOT;DT2;1
EAST KNIGHTON;DT2;1
UP CERNE;DT2;1
TOLLER DOWN GATE;DT2;1
MINTERNE MAGNA;DT2;1
KINGSTON RUSSELL;DT2;1
HILFIELD;DT2;1
FORSTON;DT2;1
EAST CHELBOROUGH;DT2;1
POXWELL;DT2;1
CHILFROME;DT2;1
PLUSH;DT2;1
CATTISTOCK;DT2;1
BRADFORD PEVERELL;DT2;1
ALTON PANCRAS;DT2;1
WINTERBOURNE STEEPLETON;DT2;1
WINTERBORNE CAME;DT2;1
MELCOMBE BINGHAM;DT2;1
EAST CHALDON;DT2;1
DEWLISH;DT2;1
WEST BEXINGTON;DT2;1
CORSCOMBE;DT2;1
WHITCOMBE;DT2;1
WEST KNIGHTON;DT2;1
WARMWELL;DT2;1
TOLLER FRATRUM;DT2;1
LITTON CHENEY;DT2;1
FROME ST QUENTIN;DT2;1
ASKERSWELL;DT2;1
AFFPUDDLE;DT2;1
COMPTON VALENCE;DT2;1
PIDDLETRENTHIDE;DT2;1
GODMANSTONE;DT2;1
RODDEN;DT3;1
ABBOTSBURY;DT3;1
PORTESHAM;DT3;1
RADIPOLE;DT3;1
SUTTON POYNTZ;DT3;1
UPWEY;DT3;1
OSMINGTON MILLS;DT3;1
OVERCOMBE;DT3;1
CHICKERELL;DT3;1
OSMINGTON;DT3;1
BINCOMBE;DT3;1
LANGTON HERRING;DT3;1
BROADWEY;DT3;1
MELCOMBE REGIS;DT4;1
WYKE REGIS;DT4;1
FORTUNESWELL;DT5;1
MORCOMBELAKE;DT6;1
SOUTH BOWOOD;DT6;1
PILSDON;DT6;1
NETHERBURY;DT6;1
BIRDSMOOR GATE;DT6;1
CHILCOMBE;DT6;1
CHARMOUTH;DT6;1
BRADPOLE;DT6;1
EYPE;DT6;1
CHIDEOCK;DT6;1
BURTON BRADSTOCK;DT6;1
WEST BAY;DT6;1
BRIDPORT;DT6;1
BETTISCOMBE;DT6;1
MARSHALSEA;DT6;1
WOOTTON FITZPAINE;DT6;1
UPLODERS;DT6;1
WEST MILTON;DT6;1
WALDITCH;DT6;1
SYMONDSBURY;DT6;1
SHIPTON GORGE;DT6;1
SALWAYASH;DT6;1
RYALL;DT6;1
FISHPOND BOTTOM;DT6;1
WAYTOWN;DT6;1
DOTTERY;DT6;1
MELPLASH;DT6;1
BOTHENHAMPTON;DT6;1
WHITCHURCH CANONICORUM;DT6;1
NORTH POORTON;DT6;1
MARSHWOOD;DT6;1
LODERS;DT6;1
POWERSTOCK;DT6;1
LYME REGIS;DT7;1
DRIMPTON;DT8;1
STOKE ABBOTT;DT8;1
SOUTH PERROTT;DT8;1
CHEDINGTON;DT8;1
SEABOROUGH;DT8;1
MOSTERTON;DT8;1
MAPPERTON;DT8;1
BURSTOCK;DT8;1
BROADWINDSOR;DT8;1
HOOKE;DT8;1
WHETLEY CROSS;DT8;1
TOLLER WHELME;DT8;1
BEAMINSTER;DT8;1
NETHER COMPTON;DT9;1
BEER HACKETT;DT9;1
FOLKE;DT9;1
OBORNE;DT9;1
POYNTINGTON;DT9;1
CAUNDLE MARSH;DT9;1
BISHOP'S CAUNDLE;DT9;1
ALLWESTON;DT9;1
THORNFORD;DT9;1
GLANVILLES WOOTTON;DT9;1
HOLNEST;DT9;1
LILLINGTON;DT9;1
PURSE CAUNDLE;DT9;1
ADBER;DT9;1
LONGBURTON;DT9;1
MIDDLEMARSH;DT9;1
BRADFORD ABBAS;DT9;1
CHETNOLE;DT9;1
RYME INTRINSECA;DT9;1
YETMINSTER;DT9;1
MILBORNE WICK;DT9;1
SANDFORD ORCAS;DT9;1
CROUCH HILL;DT9;1
GOATHILL;DT9;1
TRENT;DT9;1
OVER COMPTON;DT9;1
HAYDON;DT9;1
SIXPENNY HANDLEY;SP5;1
PENTRIDGE;SP5;1
DAGGONS;SP6;1
ALDERHOLT;SP6;1
MELBURY ABBAS;SP7;1
MOTCOMBE;SP7;1
MARGARET MARSH;SP7;1
WEST ORCHARD;SP7;1
EAST ORCHARD;SP7;1
CANN;SP7;1
FONTMELL MAGNA;SP7;1
SHAFTESBURY;SP7;1
COMPTON ABBAS;SP7;1
EAST STOUR;SP8;1
KNAP CORNER;SP8;1
WEST STOUR;SP8;1
MADJESTON;SP8;1
STOUR PROVOST;SP8;1
MILTON ON STOUR;SP8;1
FIFEHEAD MAGDALEN;SP8;1
HUNTINGFORD;SP8;1
SILTON;SP8;1
PEACEMARSH;SP8;1
KINGTON MAGNA;SP8;1
BUCKHORN WESTON;SP8;1
THORNCOMBE;TA20;1
HOLLINGBURY;BN1;1
PATCHAM;BN1;1
STANMER;BN1;1
FALMER;BN1;1
COLDEAN;BN1;1
TELSCOMBE CLIFFS;BN10;1
PEACEHAVEN;BN10;1
MOULSECOOMB;BN2;1
OVINGDEAN;BN2;1
SALTDEAN;BN2;1
KEMP TOWN;BN2;1
BEVENDEAN;BN2;1
WOODINGDEAN;BN2;1
BIRLING GAP;BN20;1
WILLINGDON;BN20;1
HAMPDEN PARK;BN22;1
LANGNEY;BN23;1
NORMAN'S BAY;BN24;1
HANKHAM;BN24;1
PEVENSEY;BN24;1
PEVENSEY BAY;BN24;1
EAST BLATCHINGTON;BN25;1
WESTDEAN;BN25;1
SEAFORD;BN25;1
POLEGATE;BN26;1
FOLKINGTON;BN26;1
BERWICK;BN26;1
SELMESTON;BN26;1
JEVINGTON;BN26;1
WANNOCK;BN26;1
ALCISTON;BN26;1
ALFRISTON;BN26;1
HERSTMONCEUX;BN27;1
MAGHAM DOWN;BN27;1
UPPER DICKER;BN27;1
THE DICKER;BN27;1
UPPER HORSEBRIDGE;BN27;1
COWBEECH;BN27;1
HELLINGLY;BN27;1
WARTLING;BN27;1
HAILSHAM;BN27;1
LEALANDS;BN27;1
STUNTS GREEN;BN27;1
GOLDEN CROSS;BN27;1
FOUL MILE;BN27;1
BOREHAM STREET;BN27;1
LOWER DICKER;BN27;1
BODLE STREET GREEN;BN27;1
CHALVINGTON;BN27;1
LOWER HORSEBRIDGE;BN27;1
PORTSLADE-BY-SEA;BN3;1
HANGLETON;BN3;1
WEST BLATCHINGTON;BN3;1
PORTSLADE;BN41;1
DITCHLING;BN6;1
STREAT;BN6;1
WESTMESTON;BN6;1
KINGSTON NEAR LEWES;BN7;1
EAST CHILTINGTON;BN7;1
IFORD;BN7;1
TELSCOMBE;BN7;1
SOUTH MALLING;BN7;1
SOUTHEASE;BN7;1
PLUMPTON GREEN;BN7;1
COOKSBRIDGE;BN7;1
RODMELL;BN7;1
LEWES;BN7;1
BARCOMBE;BN8;1
WHITESMITH;BN8;1
WEST FIRLE;BN8;1
SPITHURST;BN8;1
SOUTH COMMON;BN8;1
SHORTGATE;BN8;1
RINGMER;BN8;1
NORTH CHAILEY;BN8;1
NEWICK;BN8;1
MUDDLES GREEN;BN8;1
HAMSEY;BN8;1
HALLAND;BN8;1
GLYNDE;BN8;1
EAST HOATHLY;BN8;1
CHIDDINGLY;BN8;1
CHAILEY;BN8;1
BEDDINGHAM;BN8;1
BARCOMBE CROSS;BN8;1
RIPE;BN8;1
GLYNDEBOURNE;BN8;1
TARRING NEVILLE;BN9;1
SOUTH HEIGHTON;BN9;1
NEWHAVEN;BN9;1
PIDDINGHOE;BN9;1
WIVELSFIELD;RH17;1
WIVELSFIELD GREEN;RH17;1
DANEHILL;RH17;1
ASHURSTWOOD;RH18;1
BRAMBLETYE;RH18;1
WYCH CROSS;RH18;1
FOREST ROW;RH18;1
BURWASH WEALD;TN19;1
SWIFTSDEN;TN19;1
ETCHINGHAM;TN19;1
BURWASH;TN19;1
BURWASH COMMON;TN19;1
WITHERENDEN HILL;TN19;1
BOARZELL;TN19;1
BUTCHER'S CROSS;TN20;1
COGGINS MILL;TN20;1
FIVE ASHES;TN20;1
PUNNETT'S TOWN;TN21;1
RUSHLAKE GREEN;TN21;1
HORAM;TN21;1
WARBLETON;TN21;1
VINE'S CROSS;TN21;1
THREE CUPS CORNER;TN21;1
MAYNARD'S GREEN;TN21;1
FOXHUNT GREEN;TN21;1
CROSS IN HAND;TN21;1
CHAPEL CROSS;TN21;1
CADE STREET;TN21;1
BURLOW;TN21;1
WALDRON;TN21;1
BLACKBOYS;TN22;1
BUXTED;TN22;1
DUDDLESWELL;TN22;1
FAIRWARP;TN22;1
FIVE ASH DOWN;TN22;1
FLETCHING;TN22;1
FRAMFIELD;TN22;1
HADLOW DOWN;TN22;1
HERON'S GHYLL;TN22;1
HIGH HURSTWOOD;TN22;1
ISFIELD;TN22;1
LITTLE HORSTED;TN22;1
MARESFIELD;TN22;1
POUND GREEN;TN22;1
RIDGEWOOD;TN22;1
RINGLES CROSS;TN22;1
SHEFFIELD GREEN;TN22;1
UCKFIELD;TN22;1
LANGTON GREEN;TN3;1
FORDCOMBE;TN3;1
FRANT;TN3;1
ERIDGE GREEN;TN3;1
BLACKHAM;TN3;1
GROOMBRIDGE;TN3;1
BAYHAM ABBEY;TN3;1
LAMBERHURST QUARTER;TN3;1
BELLS YEW GREEN;TN3;1
CACKLE STREET;TN31;1
MILLCORNER;TN31;1
NORTHIAM;TN31;1
PEASMARSH;TN31;1
PLAYDEN;TN31;1
RYE;TN31;1
RYE HARBOUR;TN31;1
UDIMORE;TN31;1
BREDE;TN31;1
CAMBER;TN31;1
EAST GULDEFORD;TN31;1
BROADLAND ROW;TN31;1
IDEN;TN31;1
RYE FOREIGN;TN31;1
JOHN'S CROSS;TN32;1
SALEHURST;TN32;1
CRIPP'S CORNER;TN32;1
BRIGHTLING;TN32;1
STAPLE CROSS;TN32;1
OXLEY'S GREEN;TN32;1
BODIAM;TN32;1
ROBERTSBRIDGE;TN32;1
VINEHALL STREET;TN32;1
WHATLINGTON;TN33;1
SEDLESCOMBE STREET;TN33;1
TELHAM;TN33;1
HOOE COMMON;TN33;1
HENLEY'S DOWN;TN33;1
LOWER STREET;TN33;1
PENHURST;TN33;1
PONTS GREEN;TN33;1
SEDLESCOMBE;TN33;1
NINFIELD;TN33;1
CATSFIELD;TN33;1
ASHBURNHAM PLACE;TN33;1
ST HELEN'S;TN34;1
HASTINGS;TN34;1
FAIRLIGHT COVE;TN35;1
GUESTLING GREEN;TN35;1
FAIRLIGHT;TN35;1
PETT;TN35;1
WESTFIELD MOOR;TN35;1
CLIFF END;TN35;1
GUESTLING THORN;TN35;1
ORE;TN35;1
WINCHELSEA;TN36;1
ICKLESHAM;TN36;1
WINCHELSEA BEACH;TN36;1
BALDSLOW;TN37;1
BULVERHYTHE;TN38;1
COODEN;TN39;1
SIDLEY;TN39;1
LITTLE COMMON;TN39;1
LUNSFORD'S CROSS;TN39;1
BEXHILL;TN40;1
BEST BEECH HILL;TN5;1
TICEHURST;TN5;1
WADHURST;TN5;1
SHOVER'S GREEN;TN5;1
STONEGATE;TN5;1
TIDEBROOK;TN5;1
COUSLEY WOOD;TN5;1
DURGATES;TN5;1
FLIMWELL;TN5;1
THREE LEG CROSS;TN5;1
SPARROW'S GREEN;TN5;1
JARVIS BROOK;TN6;1
FRIAR'S GATE;TN6;1
STEEL CROSS;TN6;1
BOARSHEAD;TN6;1
TOWN ROW;TN6;1
CROWBOROUGH;TN6;1
MARK CROSS;TN6;1
POUNDGATE;TN6;1
ROTHERFIELD;TN6;1
UPPER HARTFIELD;TN7;1
COLEMAN'S HATCH;TN7;1
HARTFIELD;TN7;1
WITHYHAM;TN7;1
RED OAKS HILL;CB10;1
WIMBISH GREEN;CB10;1
WIMBISH;CB10;1
SEWARDS END;CB10;1
RADWINTER;CB10;1
LITTLE SAMPFORD;CB10;1
LITTLE CHESTERFORD;CB10;1
HOWLETT END;CB10;1
GREAT SAMPFORD;CB10;1
GREAT CHESTERFORD;CB10;1
ASHDON;CB10;1
SAFFRON WALDEN;CB10;1
LITTLE WALDEN;CB10;1
LITTLEBURY;CB11;1
RICKLING;CB11;1
DEBDEN GREEN;CB11;1
DUDDENHOE END;CB11;1
LITTLEBURY GREEN;CB11;1
RICKLING GREEN;CB11;1
SHORTGROVE;CB11;1
STARLING'S GREEN;CB11;1
DEBDEN;CB11;1
CLAVERING;CB11;1
POND STREET;CB11;1
QUENDON;CB11;1
STRETHALL;CB11;1
WENDENS AMBO;CB11;1
WICKEN BONHUNT;CB11;1
WIDDINGTON;CB11;1
AUDLEY END;CB11;1
ARKESDEN;CB11;1
STEEPLE BUMPSTEAD;CB9;1
HELIONS BUMPSTEAD;CB9;1
STURMER;CB9;1
BRADWELL WATERSIDE;CM0;1
ASHELDHAM;CM0;1
SOUTHMINSTER;CM0;1
TILLINGHAM;CM0;1
BURNHAM-ON-CROUCH;CM0;1
OSTEND;CM0;1
MONSALE;CM0;1
RAMSEY ISLAND;CM0;1
STONEYHILLS;CM0;1
DENGIE;CM0;1
DEAL HALL;CM0;1
BRADWELL-ON-SEA;CM0;1
EDNEY COMMON;CM1;1
CHIGNALL SMEALY;CM1;1
MASHBURY;CM1;1
LOVES GREEN;CM1;1
CHIGNALL ST JAMES;CM1;1
COOKSMILL GREEN;CM1;1
GREAT OXNEY GREEN;CM1;1
HIGH EASTER;CM1;1
WRITTLE;CM1;1
GOOD EASTER;CM1;1
ROXWELL;CM1;1
STAGDEN CROSS;CM1;1
RAMSDEN HEATH;CM11;1
CRAYS HILL;CM11;1
BILLERICAY;CM11;1
RAMSDEN BELLHOUSE;CM11;1
GREAT BURSTEAD;CM11;1
TYE COMMON;CM12;1
LITTLE BURSTEAD;CM12;1
EAST HORNDON;CM13;1
WEST HORNDON;CM13;1
LITTLE WARLEY;CM13;1
DUNTON WAYLETTS;CM13;1
INGRAVE;CM13;1
HERONGATE;CM13;1
CHILDERDITCH;CM13;1
GREAT WARLEY;CM13;1
SOUTH WEALD;CM14;1
NAVESTOCK SIDE;CM14;1
COXTIE GREEN;CM14;1
BRENTWOOD;CM14;1
KELVEDON HATCH;CM15;1
MOUNTNESSING;CM15;1
PILGRIMS HATCH;CM15;1
DODDINGHURST;CM15;1
STONDON MASSEY;CM15;1
SHENFIELD;CM15;1
EPPING;CM16;1
THORNWOOD COMMON;CM16;1
COOPERSALE COMMON;CM16;1
THEYDON BOIS;CM16;1
EPPING UPLAND;CM16;1
FIDDLERS HAMLET;CM16;1
NORTH WEALD BASSETT;CM16;1
FOSTER STREET;CM17;1
CHURCH LANGLEY;CM17;1
HASTINGWOOD;CM17;1
POTTER STREET;CM17;1
MATCHING;CM17;1
THRESHERS BUSH;CM17;1
MATCHING TYE;CM17;1
MATCHING GREEN;CM17;1
CHURCHGATE STREET;CM17;1
GREAT PARNDON;CM19;1
ROYDON HAMLET;CM19;1
MOULSHAM;CM2;1
GREAT BADDOW;CM2;1
GALLEYWOOD;CM2;1
GALLEYEND;CM2;1
HOWE GREEN;CM2;1
WEST HANNINGFIELD;CM2;1
LITTLE PARNDON;CM20;1
GILSTON PARK;CM20;1
HATFIELD BROAD OAK;CM22;1
GREAT HALLINGBURY;CM22;1
ELSENHAM;CM22;1
BAMBER'S GREEN;CM22;1
UGLEY GREEN;CM22;1
UGLEY;CM22;1
TAKELEY STREET;CM22;1
TAKELEY;CM22;1
SMITH'S GREEN;CM22;1
SHEERING;CM22;1
LITTLE HALLINGBURY;CM22;1
HOPE END GREEN;CM22;1
HENHAM;CM22;1
HATFIELD HEATH;CM22;1
BIRCHANGER;CM23;1
HAZEL END;CM23;1
SPELLBROOK;CM23;1
MANUDEN;CM23;1
FARNHAM GREEN;CM23;1
BERDEN;CM23;1
STANSTED MOUNTFITCHET;CM24;1
GREAT WALTHAM;CM3;1
GREAT LEIGHS;CM3;1
RETTENDON;CM3;1
WOODHAM FERRERS;CM3;1
SOUTH HANNINGFIELD;CM3;1
DANBURY;CM3;1
LATCHINGDON;CM3;1
FORD END;CM3;1
LITTLEY GREEN;CM3;1
EAST HANNINGFIELD;CM3;1
PLESHEY;CM3;1
GREAT CANNEY;CM3;1
COLD NORTON;CM3;1
LITTLE BADDOW;CM3;1
RUNSELL GREEN;CM3;1
RETTENDON PLACE;CM3;1
RUDLEY GREEN;CM3;1
HAZELEIGH;CM3;1
HATFIELD PEVEREL;CM3;1
COCK CLARKS;CM3;1
STOW MARIES;CM3;1
MAYLAND;CM3;1
LITTLE LEIGHS;CM3;1
TERLING;CM3;1
MAYLANDSEA;CM3;1
ALTHORNE;CM3;1
RANK'S GREEN;CM3;1
FULLER STREET;CM3;1
CRIX;CM3;1
WILLOWS GREEN;CM3;1
GAMBLE'S GREEN;CM3;1
PURLEIGH;CM3;1
NOUNSLEY;CM3;1
LITTLE WALTHAM;CM3;1
BICKNACRE;CM3;1
SOUTH WOODHAM FERRERS;CM3;1
YOUNG'S END;CM3;1
FRYERNING;CM4;1
MARGARETTING;CM4;1
INGATESTONE;CM4;1
NINE ASHES;CM4;1
BLACKMORE;CM4;1
NORTON HEATH;CM4;1
STOCK;CM4;1
STANFORD RIVERS;CM5;1
ABBESS RODING;CM5;1
BEAUCHAMP RODING;CM5;1
WILLINGALE;CM5;1
BERNERS RODING;CM5;1
BOBBINGWORTH;CM5;1
CHIPPING ONGAR;CM5;1
CLATTERFORD END;CM5;1
NORTON MANDEVILLE;CM5;1
PICKERELLS;CM5;1
SHELLOW BOWELLS;CM5;1
GREENSTED;CM5;1
HIGH LAVER;CM5;1
HIGH ONGAR;CM5;1
LITTLE END;CM5;1
LITTLE LAVER;CM5;1
TOOT HILL;CM5;1
MAGDALEN LAVER;CM5;1
DUCK END;CM6;1
MONK STREET;CM6;1
HOUNSLOW GREEN;CM6;1
GREAT DUNMOW;CM6;1
WHITE RODING;CM6;1
HIGH RODING;CM6;1
COBLER'S GREEN;CM6;1
DUTON HILL;CM6;1
MARGARET RODING;CM6;1
FELSTED;CM6;1
GREAT CANFIELD;CM6;1
LITTLE EASTON;CM6;1
LINDSELL;CM6;1
KEERES GREEN;CM6;1
BISHOP'S GREEN;CM6;1
THAXTED;CM6;1
THROWS;CM6;1
BACON END;CM6;1
STEBBING GREEN;CM6;1
BARDFIELD END GREEN;CM6;1
MOLEHILL GREEN;CM6;1
BROADGROVES;CM6;1
BANNISTER GREEN;CM6;1
BUTCHER'S PASTURE;CM6;1
BRAN END;CM6;1
LEADEN RODING;CM6;1
HARTFORD END;CM6;1
CHICKNEY;CM6;1
MILL END GREEN;CM6;1
STEBBING;CM6;1
LITTLE DUNMOW;CM6;1
BROXTED;CM6;1
AYTHORPE RODING;CM6;1
BEAZLEY END;CM7;1
WETHERSFIELD;CM7;1
SHALFORD GREEN;CM7;1
PATTISWICK;CM7;1
FINCHINGFIELD;CM7;1
GREAT SALING;CM7;1
STISTED;CM7;1
PANFIELD;CM7;1
BLACK NOTLEY;CM7;1
BOCKING CHURCHSTREET;CM7;1
GREAT BARDFIELD;CM7;1
TYE GREEN;CM7;1
OXEN END;CM7;1
BARDFIELD SALING;CM7;1
LITTLE BARDFIELD;CM7;1
CORNISH HALL END;CM7;1
HIGH GARRETT;CM7;1
JASPER'S GREEN;CM7;1
CRESSING;CM7;1
RAYNE;CM7;1
BOCKING;CM7;1
CHIPPING HILL;CM8;1
GREAT BRAXTED;CM8;1
WHITE NOTLEY;CM8;1
FAULKBOURNE;CM8;1
WITHAM;CM8;1
RIVENHALL END;CM8;1
LITTLE BRAXTED;CM8;1
SILVER END;CM8;1
WICKHAM BISHOPS;CM8;1
RIVENHALL;CM8;1
MALDON;CM9;1
HEYBRIDGE BASIN;CM9;1
GREAT TOTHAM;CM9;1
LITTLE TOTHAM;CM9;1
MUNDON;CM9;1
TOLLESBURY;CM9;1
ULTING;CM9;1
WOODHAM WALTER;CM9;1
GOLDHANGER;CM9;1
SALCOTT;CM9;1
BROAD STREET GREEN;CM9;1
TOLLESHUNT D'ARCY;CM9;1
TOLLESHUNT MAJOR;CM9;1
VIRLEY;CM9;1
TOLLESHUNT KNIGHTS;CM9;1
WOODHAM MORTIMER;CM9;1
COLCHESTER;CO1;1
KNOWL GREEN;CO10;1
PUTTOCK END;CO10;1
PENTLOW;CO10;1
FOXEARTH;CO10;1
BELCHAMP WALTER;CO10;1
BALLINGDON;CO10;1
TWINSTEAD;CO10;1
LISTON;CO10;1
GREAT HENNY;CO10;1
BELCHAMP OTTEN;CO10;1
ASHEN;CO10;1
RODBRIDGE CORNER;CO10;1
HENNY STREET;CO10;1
BULMER TYE;CO10;1
BRIDGE STREET;CO10;1
CHILTON STREET;CO10;1
BELCHAMP ST PAUL;CO10;1
BORLEY;CO10;1
SACKERS GREEN;CO10;1
WRABNESS;CO11;1
BRADFIELD HEATH;CO11;1
CATTAWADE;CO11;1
HORSLEY CROSS;CO11;1
HORSLEYCROSS STREET;CO11;1
LITTLE BROMLEY;CO11;1
LAWFORD;CO11;1
WIX;CO11;1
NEW MISTLEY;CO11;1
MANNINGTREE;CO11;1
HARWICH;CO12;1
STONES GREEN;CO12;1
PARKESTON;CO12;1
DOVERCOURT;CO12;1
UPPER DOVERCOURT;CO12;1
KIRBY LE SOKEN;CO13;1
GREAT HOLLAND;CO13;1
KIRBY CROSS;CO13;1
FRINTON-ON-SEA;CO13;1
WALTON-ON-NAZE;CO14;1
GREAT CLACTON;CO15;1
HOLLAND-ON-SEA;CO15;1
JAYWICK;CO15;1
CLACTON-ON-SEA;CO15;1
WEELEY HEATH;CO16;1
SEAWICK;CO16;1
ROW HEATH;CO16;1
WEELEY;CO16;1
LITTLE CLACTON;CO16;1
THORPE-LE-SOKEN;CO16;1
TENDRING;CO16;1
ST OSYTH;CO16;1
OLD HEATH;CO2;1
HARDY'S GREEN;CO2;1
SHRUB END;CO2;1
LAYER DE LA HAYE;CO2;1
LAYER BRETON;CO2;1
BIRCH GREEN;CO2;1
HECKFORDBRIDGE;CO3;1
BEACON END;CO3;1
BOXTED CROSS;CO4;1
BLACKSMITH'S CORNER;CO4;1
LANGHAM MOOR;CO4;1
FEERING;CO5;1
SMYTHE'S GREEN;CO5;1
WEST MERSEA;CO5;1
TIPTREE;CO5;1
ROWHEDGE;CO5;1
PELDON;CO5;1
MESSING;CO5;1
LAYER MARNEY;CO5;1
LANGENHOE;CO5;1
KELVEDON;CO5;1
INWORTH;CO5;1
GREAT WIGBOROUGH;CO5;1
FINGRINGHOE;CO5;1
EAST MERSEA;CO5;1
TIPTREE HEATH;CO5;1
COGGESHALL;CO6;1
SWAN STREET;CO6;1
MARKS TEY;CO6;1
LITTLE HORKESLEY;CO6;1
WORMINGFORD;CO6;1
LITTLE TEY;CO6;1
WHITE COLNE;CO6;1
CHAPPEL;CO6;1
EIGHT ASH GREEN;CO6;1
FORDSTREET;CO6;1
GREAT HORKESLEY;CO6;1
GREAT TEY;CO6;1
HONEY TYE;CO6;1
HORKESLEY HEATH;CO6;1
COGGESHALL HAMLET;CO6;1
ROSE GREEN;CO6;1
COLNE ENGAINE;CO6;1
COPFORD GREEN;CO6;1
EARLS COLNE;CO6;1
THORINGTON STREET;CO6;1
WAKES COLNE;CO6;1
WEST BERGHOLT;CO6;1
AINGERS GREEN;CO7;1
ALRESFORD;CO7;1
ARDLEIGH;CO7;1
BRIGHTLINGSEA;CO7;1
CROCKLEFORD HEATH;CO7;1
DEDHAM;CO7;1
FOX STREET;CO7;1
FRATING GREEN;CO7;1
GREAT BENTLEY;CO7;1
GREAT WENHAM;CO7;1
HARE GREEN;CO7;1
HOLTON ST MARY;CO7;1
LAMB CORNER;CO7;1
LITTLE BENTLEY;CO7;1
LITTLE WENHAM;CO7;1
STRATFORD ST MARY;CO7;1
THORRINGTON;CO7;1
ELMSTEAD MARKET;CO7;1
GREAT BROMLEY;CO7;1
WIVENHOE;CO7;1
ALPHAMSTONE;CO8;1
MOUNT BURES;CO8;1
LAMARSH;CO8;1
BURES GREEN;CO8;1
LITTLE YELDHAM;CO9;1
LITTLE MAPLESTEAD;CO9;1
BIRDBROOK;CO9;1
TOPPESFIELD;CO9;1
BAYTHORN END;CO9;1
CASTLE HEDINGHAM;CO9;1
HIGHSTREET GREEN;CO9;1
GESTINGTHORPE;CO9;1
GOSFIELD;CO9;1
WICKHAM ST PAUL;CO9;1
WHITEASH GREEN;CO9;1
GREAT MAPLESTEAD;CO9;1
STAMBOURNE;CO9;1
GREAT YELDHAM;CO9;1
SIBLE HEDINGHAM;CO9;1
RIDGEWELL;CO9;1
POOL STREET;CO9;1
GREENSTEAD GREEN;CO9;1
PEBMARSH;CO9;1
BARR HALL;CO9;1
BROADLEY COMMON;EN9;1
UPSHIRE;EN9;1
LOWER NAZEING;EN9;1
WALTHAM ABBEY;EN9;1
BUMBLE'S GREEN;EN9;1
NAZEING;EN9;1
HIGH BEACH;IG10;1
GRANGE HILL;IG7;1
CHIGWELL;IG7;1
CHIGWELL ROW;IG7;1
BUCKHURST HILL;IG9;1
AVELEY;RM15;1
SOUTH OCKENDON;RM15;1
ORSETT;RM16;1
CHADWELL ST MARY;RM16;1
NORTH STIFFORD;RM16;1
LITTLE THURROCK;RM17;1
GRAYS;RM17;1
TILBURY;RM18;1
EAST TILBURY;RM18;1
WEST TILBURY;RM18;1
PURFLEET;RM19;1
WEST THURROCK;RM20;1
NOAK HILL;RM4;1
NAVESTOCK;RM4;1
STAPLEFORD TAWNEY;RM4;1
LAMBOURNE END;RM4;1
PASSINGFORD BRIDGE;RM4;1
STAPLEFORD ABBOTTS;RM4;1
BOURNEBRIDGE;RM4;1
ABRIDGE;RM4;1
CHRISHALL;SG8;1
PRITTLEWELL;SS0;1
WESTCLIFF-ON-SEA;SS0;1
THORPE BAY;SS1;1
SOUTHCHURCH;SS1;1
SHOTGATE;SS11;1
RAWRETH;SS11;1
RUNWELL;SS11;1
BATTLESBRIDGE;SS11;1
NORTH BENFLEET;SS12;1
NEVENDON;SS12;1
WICKFORD;SS12;1
PITSEA;SS13;1
BOWERS GIFFORD;SS13;1
LAINDON;SS15;1
WESTLEY HEIGHTS;SS16;1
DRY STREET;SS16;1
LANGDON HILLS;SS16;1
VANGE;SS16;1
HORNDON ON THE HILL;SS17;1
FOBBING;SS17;1
THAMES HAVEN;SS17;1
STANFORD-LE-HOPE;SS17;1
MUCKING;SS17;1
NORTH SHOEBURY;SS3;1
SHOEBURYNESS;SS3;1
COURTSEND;SS3;1
GREAT WAKERING;SS3;1
LITTLE WAKERING;SS3;1
BARLING;SS3;1
GREAT STAMBRIDGE;SS4;1
SOUTH FAMBRIDGE;SS4;1
CANEWDON;SS4;1
BALLARDS GORE;SS4;1
PAGLESHAM CHURCHEND;SS4;1
PAGLESHAM EASTEND;SS4;1
ASHINGDON;SS4;1
HULLBRIDGE;SS5;1
HOCKLEY;SS5;1
RAYLEIGH;SS6;1
DAWS HEATH;SS7;1
SOUTH BENFLEET;SS7;1
THUNDERSLEY;SS7;1
HOPE'S GREEN;SS7;1
LEIGH BECK;SS8;1
CANVEY ISLAND;SS8;1
LEIGH-ON-SEA;SS9;1
HALLEN;BS10;1
PUCKLECHURCH;BS16;1
SOUNDWELL;BS16;1
MANGOTSFIELD;BS16;1
FRENCHAY;BS16;1
BRIDGEYATE;BS30;1
CADBURY HEATH;BS30;1
DOYNTON;BS30;1
HANHAM;BS30;1
OLDLAND;BS30;1
LONGWELL GREEN;BS30;1
WARMLEY;BS30;1
UPTON CHEYNEY;BS30;1
ABSON;BS30;1
BITTON;BS30;1
COALPIT HEATH;BS36;1
FRAMPTON COTTERELL;BS36;1
ENGINE COMMON;BS37;1
LATTERIDGE;BS37;1
WESTERLEIGH;BS37;1
CODRINGTON;BS37;1
DODINGTON ASH;BS37;1
CHIPPING SODBURY;BS37;1
IRON ACTON;BS37;1
LITTLE SODBURY;BS37;1
OLD SODBURY;BS37;1
RANGEWORTHY;BS37;1
SISTON;BS37;1
WAPLEY;BS37;1
YATE;BS37;1
FILTON;BS80;1
LEONARD STANLEY;GL10;1
FROCESTER;GL10;1
HARESFIELD;GL10;1
KING'S STANLEY;GL10;1
NYMPSFIELD;GL10;1
COALEY;GL11;1
ULEY;GL11;1
STINCHCOMBE;GL11;1
NORTH NIBLEY;GL11;1
LOWER CAM;GL11;1
CAM;GL11;1
DURSLEY;GL11;1
CROMHALL COMMON;GL12;1
WICKWAR;GL12;1
ALDERLEY;GL12;1
BAGSTONE;GL12;1
CHARFIELD;GL12;1
CROMHALL;GL12;1
HILLESLEY;GL12;1
MILBURY HEATH;GL12;1
OZLEWORTH;GL12;1
TORTWORTH;GL12;1
TRESHAM;GL12;1
WORTLEY;GL12;1
WOTTON-UNDER-EDGE;GL12;1
HALMORE;GL13;1
SHARPNESS;GL13;1
WANSWELL;GL13;1
BEVINGTON;GL13;1
BERKELEY;GL13;1
HILL;GL13;1
ROCKHAMPTON;GL13;1
BREADSTONE;GL13;1
UPPER SOUDLEY;GL14;1
RUSPIDGE;GL14;1
WESTBURY-ON-SEVERN;GL14;1
RODLEY;GL14;1
NORTHWOOD GREEN;GL14;1
LITTLE-DEAN;GL14;1
FLAXLEY;GL14;1
BOXBUSH;GL14;1
AWRE;GL14;1
CINDERFORD;GL14;1
AYLBURTON;GL15;1
LYDNEY;GL15;1
NEWERNE;GL15;1
NETHEREND;GL15;1
YORKLEY;GL15;1
WOOLASTON;GL15;1
BREAM;GL15;1
WHITECROFT;GL15;1
VINEY HILL;GL15;1
TROW GREEN;GL15;1
BROOKEND;GL15;1
ST BRIAVELS;GL15;1
PILLOWELL;GL15;1
THE EAVES;GL15;1
MORK;GL15;1
HEWELSFIELD;GL15;1
HIGH WOLLASTON;GL15;1
ALVINGTON;GL15;1
HEWELSFIELD COMMON;GL15;1
MILKWALL;GL16;1
LOWER BERRY HILL;GL16;1
BERRY HILL;GL16;1
ELLWOOD;GL16;1
ENGLISH BICKNOR;GL16;1
EDGE END;GL16;1
CANNOP;GL16;1
CLEARWELL;GL16;1
CROSSWAYS;GL16;1
RUARDEAN WOODSIDE;GL17;1
GLASSHOUSE HILL;GL17;1
NAILBRIDGE;GL17;1
PUDDLEBROOK;GL17;1
RUARDEAN;GL17;1
UPPER LYDBROOK;GL17;1
WELSH BICKNOR;GL17;1
DRYBROOK;GL17;1
LOWER LYDBROOK;GL17;1
BLAISDON;GL17;1
MITCHELDEAN;GL17;1
BROOM'S GREEN;GL18;1
BOTLOE'S GREEN;GL18;1
UPLEADON;GL18;1
TILLERS' GREEN;GL18;1
POOLHILL;GL18;1
NEWENT;GL18;1
LITTLE GORSLEY;GL18;1
KILCOT;GL18;1
KENT'S GREEN;GL18;1
KEMPLEY GREEN;GL18;1
KEMPLEY;GL18;1
HIGHLEADON;GL18;1
GORSLEY;GL18;1
DYMOCK;GL18;1
CLIFFORD'S MESNE;GL18;1
APPERLEY;GL19;1
ASHLEWORTH;GL19;1
LOWER APPERLEY;GL19;1
SNIG'S END;GL19;1
TIRLEY;GL19;1
CORSE LAWN;GL19;1
WHITE END;GL19;1
CHACELEY;GL19;1
COOMBE HILL;GL19;1
DEERHURST;GL19;1
FORTHAMPTON;GL19;1
HARTPURY;GL19;1
HUNTLEY;GL19;1
REDMARLEY D'ABITOT;GL19;1
BRAND GREEN;GL19;1
BLACKWELLS END;GL19;1
HASFIELD;GL19;1
WHEATENHURST;GL2;1
HEMPSTED;GL2;1
LONGNEY;GL2;1
ARLINGHAM;GL2;1
WHITMINSTER;GL2;1
TWIGWORTH;GL2;1
MINSTERWORTH;GL2;1
SLIMBRIDGE;GL2;1
BIRDWOOD;GL2;1
BULLEY;GL2;1
CHURCHAM;GL2;1
DOWN HATHERLEY;GL2;1
ELMORE;GL2;1
FARLEYS END;GL2;1
FRAMPTON ON SEVERN;GL2;1
OAKLE STREET;GL2;1
PUTLOE;GL2;1
QUEDGELEY;GL2;1
RUDFORD;GL2;1
SAUL;GL2;1
HIGHNAM;GL2;1
INNSWORTH;GL2;1
LASSINGTON;GL2;1
MAISEMORE;GL2;1
MORETON VALENCE;GL2;1
UPPER FRAMILODE;GL2;1
ELMORE BACK;GL2;1
TWYNING;GL20;1
GREAT WASHBOURNE;GL20;1
NORTHWAY;GL20;1
TEWKESBURY;GL20;1
CHURCHDOWN;GL3;1
HUCCLECOTE;GL3;1
BROCKWORTH;GL3;1
GREAT WITCOMBE;GL3;1
MATSON;GL4;1
BIRDLIP;GL4;1
TUFFLEY;GL4;1
UPTON ST LEONARDS;GL4;1
BARNWOOD;GL4;1
BRIMPSFIELD;GL4;1
HARESCOMBE;GL4;1
BROOKTHORPE;GL4;1
WOODCHESTER;GL5;1
RODBOROUGH;GL5;1
GOLDEN VALLEY;GL51;1
BADGEWORTH;GL51;1
ELMSTONE HARDWICKE;GL51;1
STAVERTON BRIDGE;GL51;1
UP HATHERLEY;GL51;1
BODDINGTON;GL51;1
SHURDINGTON;GL51;1
BENTHAM;GL51;1
LITTLE WITCOMBE;GL51;1
UCKINGTON;GL51;1
CHARLTON KINGS;GL52;1
STOKE ORCHARD;GL52;1
OXENTON;GL52;1
GOTHERINGTON;GL52;1
CLEEVE HILL;GL52;1
BISHOP'S CLEEVE;GL52;1
LECK-HAMPTON;GL53;1
COLESBOURNE;GL53;1
UPPER COBERLEY;GL53;1
ELKSTONE;GL53;1
SEVEN SPRINGS;GL53;1
SYDE;GL53;1
COBERLEY;GL53;1
ULLENWOOD;GL53;1
FOXCOTE;GL54;1
YANWORTH;GL54;1
WYCK RISSINGTON;GL54;1
WINCHCOMBE;GL54;1
UPPER SWELL;GL54;1
TURKDEAN;GL54;1
TEMPLE GUITING;GL54;1
SALPERTON;GL54;1
NOTGROVE;GL54;1
MAUGERSBURY;GL54;1
LOWER SLAUGHTER;GL54;1
LITTLE RISSINGTON;GL54;1
ICOMB;GL54;1
HAZLETON;GL54;1
HAMPNETT;GL54;1
GREET;GL54;1
GREAT RISSINGTON;GL54;1
CUTSDEAN;GL54;1
COLN ROGERS;GL54;1
CHEDWORTH;GL54;1
CHARLTON ABBOTS;GL54;1
FARMINGTON;GL54;1
UPPER SLAUGHTER;GL54;1
STOW-ON-THE-WOLD;GL54;1
NORTHLEACH;GL54;1
KILKENNY;GL54;1
GUITING POWER;GL54;1
FOSSEBRIDGE;GL54;1
FOSS CROSS;GL54;1
FARMCOTE;GL54;1
DOWDESWELL;GL54;1
COMPTON ABDALE;GL54;1
COLN ST DENNIS;GL54;1
COLD ASTON;GL54;1
CLAPTON-ON-THE-HILL;GL54;1
BOURTON-ON-THE-WATER;GL54;1
CONDICOTE;GL54;1
ANDOVERSFORD;GL54;1
ALDSWORTH;GL54;1
LOWER SWELL;GL54;1
HAWLING;GL54;1
ASTON SUBEDGE;GL55;1
BROAD CAMPDEN;GL55;1
HIDCOTE BOYCE;GL55;1
WESTON SUBEDGE;GL55;1
PAXFORD;GL55;1
EBRINGTON;GL55;1
CHARINGWORTH;GL55;1
CHIPPING CAMPDEN;GL55;1
ADLESTROP;GL56;1
BOURTON-ON-THE-HILL;GL56;1
EVENLODE;GL56;1
UPPER ODDINGTON;GL56;1
ASTON MAGNA;GL56;1
TODENHAM;GL56;1
MORETON-IN-MARSH;GL56;1
LOWER ODDINGTON;GL56;1
LOWER LEMINGTON;GL56;1
LONGBOROUGH;GL56;1
DAYLESFORD;GL56;1
BLOCKLEY;GL56;1
BATSFORD;GL56;1
WHITEWAY;GL6;1
RANDWICK;GL6;1
SHEEPSCOMBE;GL6;1
SLAD;GL6;1
THE CAMP;GL6;1
SUDGROVE;GL6;1
WHITESHILL;GL6;1
BUSSAGE;GL6;1
CHALFORD;GL6;1
EASTCOMBE;GL6;1
BARTON END;GL6;1
EDGEWORTH;GL6;1
FRAMPTON MANSELL;GL6;1
MINCHINHAMPTON;GL6;1
MISERDEN;GL6;1
TILTUPS END;GL6;1
NAILSWORTH;GL6;1
OAKRIDGE;GL6;1
PITCHCOMBE;GL6;1
BOURNES GREEN;GL6;1
PAINSWICK;GL6;1
KEMBLE;GL7;1
SUNHILL;GL7;1
POULTON;GL7;1
TARLTON;GL7;1
FAIRFORD;GL7;1
BAUNTON;GL7;1
BIBURY;GL7;1
BROUGHTON POGGS;GL7;1
DAGLINGWORTH;GL7;1
DOWN AMPNEY;GL7;1
DUNTISBOURNE ABBOTS;GL7;1
DUNTISBOURNE ROUSE;GL7;1
EASTLEACH MARTIN;GL7;1
EASTLEACH TURVILLE;GL7;1
EWEN;GL7;1
FILKINS;GL7;1
HATHEROP;GL7;1
KEMPSFORD;GL7;1
KENCOTT;GL7;1
LECHLADE;GL7;1
MEYSEY HAMPTON;GL7;1
POOLE KEYNES;GL7;1
QUENINGTON;GL7;1
RENDCOMB;GL7;1
RODMARTON;GL7;1
SOMERFORD KEYNES;GL7;1
WHELFORD;GL7;1
WINSON;GL7;1
WINSTONE;GL7;1
CALMSDEN;GL7;1
CERNEY WICK;GL7;1
COLN ST ALDWYNS;GL7;1
DRIFFIELD;GL7;1
DUNFIELD;GL7;1
DUNTISBOURNE LEER;GL7;1
HARNHILL;GL7;1
NORTH CERNEY;GL7;1
SHORNCOTE;GL7;1
SOUTH CERNEY;GL7;1
SOUTHROP;GL7;1
ABLINGTON;GL7;1
AMPNEY CRUCIS;GL7;1
AMPNEY ST PETER;GL7;1
AMPNEY ST MARY;GL7;1
CIRENCESTER;GL7;1
BAGENDON;GL7;1
SHIPTON MOYNE;GL8;1
AVENING;GL8;1
KNOCKDOWN;GL8;1
LEIGHTERTON;GL8;1
LONG NEWNTON;GL8;1
WESTONBIRT;GL8;1
KINGSCOTE;GL8;1
CULKERTON;GL8;1
DOUGHTON;GL8;1
TETBURY;GL8;1
BEVERSTONE;GL8;1
LASBOROUGH;GL8;1
WILLESLEY;GL8;1
NEWINGTON BAGPATH;GL8;1
TETBURY UPTON;GL8;1
ACTON TURVILLE;GL9;1
HAWKESBURY;GL9;1
TORMARTON;GL9;1
HAWKESBURY UPTON;GL9;1
DIDMARTON;GL9;1
OLDBURY ON THE HILL;GL9;1
LITTLE BADMINTON;GL9;1
BADMINTON;GL9;1
LITTLE BARRINGTON;OX18;1
GREAT BARRINGTON;OX18;1
WINDRUSH;OX18;1
BLEDINGTON;OX7;1
COLD ASHTON;SN14;1
DYRHAM;SN14;1
DUMBLETON;WR11;1
WORMINGTON;WR12;1
WILLERSEY;WR12;1
BRANSGORE;BH23;1
SOPLEY;BH23;1
RINGWOOD;BH24;1
HARBRIDGE;BH24;1
IBSLEY;BH24;1
MOYLES COURT;BH24;1
ASHLEY HEATH;BH24;1
BISTERNE CLOSE;BH24;1
BLASHFORD;BH24;1
BURLEY STREET;BH24;1
CROW;BH24;1
PICKET POST;BH24;1
POULNER;BH24;1
BISTERNE;BH24;1
BARTON ON SEA;BH25;1
BASHLEY;BH25;1
NEW MILTON;BH25;1
EWSHOT;GU10;1
CRONDALL;GU10;1
CHURCH CROOKHAM;GU13;1
CROOKHAM VILLAGE;GU13;1
FARNBOROUGH GREEN;GU14;1
FOX LANE;GU14;1
MINLEY MANOR;GU17;1
BRAMSHOTT;GU30;1
MILLAND MARSH;GU30;1
PASSFIELD;GU30;1
LIPHOOK;GU30;1
CONFORD;GU30;1
BURITON;GU31;1
PETERSFIELD;GU31;1
STEEP;GU32;1
LANGRISH;GU32;1
RAMSDEAN;GU32;1
SHEET;GU32;1
STEEPMARSH;GU32;1
STONER HILL;GU32;1
FROXFIELD GREEN;GU32;1
EAST MEON;GU32;1
WEST MEON;GU32;1
LISS FOREST;GU33;1
EAST LISS;GU33;1
EMPSHOTT;GU33;1
LISS;GU33;1
LONGMOOR CAMP;GU33;1
HILL BROW;GU33;1
HAWKLEY;GU33;1
COLDREY;GU34;1
WYCK;GU34;1
UPPER FROYLE;GU34;1
SOLDRIDGE;GU34;1
NEWTON VALENCE;GU34;1
HOLYBOURNE;GU34;1
FOUR MARKS;GU34;1
WEST WORLDHAM;GU34;1
UPPER FARRINGDON;GU34;1
THEDDEN GRANGE;GU34;1
SOUTH TOWN;GU34;1
LASHAM;GU34;1
HATTINGLEY;GU34;1
GOLDEN POT;GU34;1
FILMORE HILL;GU34;1
EAST WORLDHAM;GU34;1
EAST TISTED;GU34;1
BLACKNEST;GU34;1
BENTWORTH;GU34;1
MEDSTEAD;GU34;1
SHALDEN;GU34;1
SELBORNE;GU34;1
PRIVETT;GU34;1
NEATHAM;GU34;1
LOWER FROYLE;GU34;1
LOWER FARRINGDON;GU34;1
CHAWTON;GU34;1
ARFORD;GU35;1
HEADLEY DOWN;GU35;1
STANDFORD;GU35;1
OAKHANGER;GU35;1
LINDFORD;GU35;1
BORDON;GU35;1
YATELEY;GU46;1
DARBY GREEN;GU46;1
FRATTON;PO1;1
PORTSEA;PO1;1
EMSWORTH;PO10;1
NORTHNEY;PO11;1
WEST TOWN;PO11;1
NORTH HAYLING;PO11;1
EASTOKE;PO11;1
SOUTH HAYLING;PO11;1
HAYLING ISLAND;PO11;1
GOSPORT;PO12;1
ALVERSTOKE;PO12;1
LEE-ON-THE-SOLENT;PO13;1
ROWNER;PO13;1
BRIDGEMARY;PO13;1
MEON;PO14;1
TITCHFIELD;PO14;1
STUBBINGTON;PO14;1
HILL HEAD;PO14;1
WHITELEY;PO15;1
FUNTLEY;PO16;1
FAREHAM;PO16;1
PORTCHESTER;PO16;1
HUNDRED ACRES;PO17;1
NORTH BOARHUNT;PO17;1
BOARHUNT;PO17;1
HILSEA;PO3;1
EASTNEY;PO4;1
COSHAM;PO6;1
WYMERING;PO6;1
WORLDS END;PO7;1
ANTHILL COMMON;PO7;1
CHIDDEN;PO7;1
DENMEAD;PO7;1
HOE GATE;PO7;1
PURBROOK;PO7;1
WATERLOOVILLE;PO7;1
BLENDWORTH;PO8;1
CATHERINGTON;PO8;1
COWPLAIN;PO8;1
LOVEDEAN;PO8;1
FINCHDEAN;PO8;1
DENVILLES;PO9;1
LANGSTONE;PO9;1
BEDHAMPTON;PO9;1
ROWLAND'S CASTLE;PO9;1
FORESTSIDE;PO9;1
HAVANT;PO9;1
ASHMANSWORTH;RG20;1
EAST WOODHAY;RG20;1
KINGSCLERE;RG20;1
HIGHCLERE;RG20;1
ECCHINSWELL;RG20;1
BASINGSTOKE;RG21;1
KEMPSHOTT;RG22;1
WOOTTON ST LAWRENCE;RG23;1
EAST OAKLEY;RG23;1
OLD BASING;RG24;1
SHERBORNE ST JOHN;RG24;1
CHINEHAM;RG24;1
DUMMER;RG25;1
BROADMERE;RG25;1
CLIDDESDEN;RG25;1
DEANE;RG25;1
ELLISFIELD;RG25;1
FARLEIGH WALLOP;RG25;1
HERRIARD;RG25;1
MAPLEDURWELL;RG25;1
NORTH WALTHAM;RG25;1
PRESTON CANDOVER;RG25;1
SOUTHINGTON;RG25;1
SOUTHROPE;RG25;1
WESTON PATRICK;RG25;1
WINSLADE;RG25;1
WESTON CORBETT;RG25;1
UPTON GREY;RG25;1
TUNWORTH;RG25;1
ASHE;RG25;1
IBWORTH;RG26;1
UPPER WOOTTON;RG26;1
CHARTER ALLEY;RG26;1
BAUGHURST;RG26;1
TADLEY;RG26;1
RAMSDELL;RG26;1
PAMBER END;RG26;1
NORTH OAKLEY;RG26;1
MONK SHERBORNE;RG26;1
PAMBER GREEN;RG26;1
PAMBER HEATH;RG26;1
HOUND GREEN;RG27;1
ROTHERWICK;RG27;1
HARTLEY WINTNEY;RG27;1
WINCHFIELD;RG27;1
EVERSLEY;RG27;1
HECKFIELD;RG27;1
NATELY SCURES;RG27;1
HAZELEY;RG27;1
BRAMSHILL;RG27;1
DOGMERSFIELD;RG27;1
UP NATELY;RG27;1
TURGIS GREEN;RG27;1
STRATFIELD TURGIS;RG27;1
SHERFIELD ON LODDON;RG27;1
HARTFORDBRIDGE;RG27;1
PHOENIX GREEN;RG27;1
EVERSLEY CROSS;RG27;1
MATTINGLEY;RG27;1
HARTLEY WESPALL;RG27;1
FREEFOLK;RG28;1
LITCHFIELD;RG28;1
LAVERSTOKE;RG28;1
HURSTBOURNE PRIORS;RG28;1
GREYWELL;RG29;1
NORTH WARNBOROUGH;RG29;1
ODIHAM;RG29;1
SOUTH WARNBOROUGH;RG29;1
SILCHESTER;RG7;1
MORTIMER WEST END;RG7;1
STRATFIELD SAYE;RG7;1
FREEMANTLE;SO15;1
BASSETT;SO16;1
ROWNHAMS;SO16;1
COXFORD;SO16;1
LORDSHILL;SO16;1
NURSLING;SO16;1
LORDSWOOD;SO16;1
PORTSWOOD;SO17;1
SWAYTHLING;SO18;1
BITTERNE;SO18;1
SHOLING;SO19;1
ITCHEN;SO19;1
CHILBOLTON;SO20;1
KING'S SOMBORNE;SO20;1
LECKFORD;SO20;1
LITTLE SOMBORNE;SO20;1
LONGSTOCK;SO20;1
MIDDLE WALLOP;SO20;1
NETHER WALLOP;SO20;1
NEWTON STACEY;SO20;1
OVER WALLOP;SO20;1
UP SOMBORNE;SO20;1
ITCHEN ABBAS;SO21;1
OWSLEBURY;SO21;1
POPHAM;SO21;1
SHAWFORD;SO21;1
SUTTON SCOTNEY;SO21;1
WONSTON;SO21;1
CHILCOMB;SO21;1
COLDEN COMMON;SO21;1
EAST STRATTON;SO21;1
EGYPT;SO21;1
HENSTING;SO21;1
HURSLEY;SO21;1
MARTYR WORTHY;SO21;1
MICHELDEVER;SO21;1
MORESTEAD;SO21;1
SOUTH WONSTON;SO21;1
WEST STRATTON;SO21;1
STOKE CHARITY;SO21;1
WOODMANCOTT;SO21;1
BULLINGTON;SO21;1
OTTERBOURNE;SO21;1
BARTON STACEY;SO21;1
BARTON STACEY CAMP;SO21;1
OLIVER'S BATTERY;SO22;1
HEADBOURNE WORTHY;SO23;1
KING'S WORTHY;SO23;1
NEW ALRESFORD;SO24;1
WEST TISTED;SO24;1
TOTFORD;SO24;1
TICHBORNE;SO24;1
BROWN CANDOVER;SO24;1
KILMESTON;SO24;1
UPPER WIELD;SO24;1
ROPLEY SOKE;SO24;1
ROPLEY DEAN;SO24;1
ROPLEY;SO24;1
OLD ALRESFORD;SO24;1
NEW CHERITON;SO24;1
MONKWOOD;SO24;1
LOWER WIELD;SO24;1
KITWOOD;SO24;1
ITCHEN STOKE;SO24;1
HINTON AMPNER;SO24;1
GUNDLETON;SO24;1
NORTHINGTON;SO24;1
CHILTON CANDOVER;SO24;1
BEAUWORTH;SO24;1
BIGHTON;SO24;1
BISHOP'S SUTTON;SO24;1
BROCKWOOD PARK;SO24;1
BRAMDEAN;SO24;1
HEDGE END;SO30;1
HAMBLE-LE-RICE;SO31;1
PARK GATE;SO31;1
HOUND;SO31;1
LOCKS HEATH;SO31;1
LOWER SWANWICK;SO31;1
NETLEY;SO31;1
OLD NETLEY;SO31;1
BURRIDGE;SO31;1
BURSLEDON;SO31;1
WARSASH;SO31;1
SARISBURY;SO31;1
SHEDFIELD;SO32;1
WINTERSHILL;SO32;1
HILLPOUND;SO32;1
LONG COMMON;SO32;1
LOWER UPHAM;SO32;1
MEONSTOKE;SO32;1
SOBERTON HEATH;SO32;1
DROXFORD;SO32;1
SOBERTON;SO32;1
SWANMORE;SO32;1
WALTHAM CHASE;SO32;1
WARNFORD;SO32;1
SHIRRELL HEATH;SO32;1
CURDRIDGE;SO32;1
BISHOP'S WALTHAM;SO32;1
BROCKBRIDGE;SO32;1
CORHAMPTON;SO32;1
CADNAM;SO40;1
CALMORE;SO40;1
COLBURY;SO40;1
COPYTHORNE;SO40;1
ELING;SO40;1
HOUNSDOWN;SO40;1
MARCHWOOD;SO40;1
NETLEY MARSH;SO40;1
POOKSGREEN;SO40;1
TESTWOOD;SO40;1
TOTTON;SO40;1
WINSOR;SO40;1
BARTLEY;SO40;1
WALHAMPTON;SO41;1
SWAY;SO41;1
BATTRAMSLEY;SO41;1
LOWER PENNINGTON;SO41;1
MILFORD ON SEA;SO41;1
LYMORE;SO41;1
TIPTOE;SO41;1
KEYHAVEN;SO41;1
HORDLE;SO41;1
BOLDRE;SO41;1
PORTMORE;SO41;1
LYMINGTON;SO41;1
BROCKENHURST;SO42;1
BALMERLAWN;SO42;1
BUCKLERS HARD;SO42;1
ST LEONARDS GRANGE;SO42;1
BEAULIEU;SO42;1
EAST BOLDRE;SO42;1
SETLEY;SO42;1
BRAMSHAW;SO43;1
BOLDERWOOD;SO43;1
STONEY CROSS;SO43;1
FRITHAM;SO43;1
LYNDHURST;SO43;1
MINSTEAD;SO43;1
EMERY DOWN;SO43;1
BLACKFIELD;SO45;1
CALSHOT;SO45;1
DIBDEN;SO45;1
EXBURY;SO45;1
LEPE;SO45;1
DIBDEN PURLIEU;SO45;1
HARDLEY;SO45;1
HOLBURY;SO45;1
NORTH STONEHAM;SO50;1
FAIR OAK;SO50;1
HORTON HEATH;SO50;1
CROWDHILL;SO50;1
FISHER'S POND;SO50;1
BISHOPSTOKE;SO50;1
ABBOTTSWOOD;SO51;1
TOOTHILL;SO51;1
CANADA;SO51;1
CARTER'S CLAY;SO51;1
MICHELMERSH;SO51;1
KENT'S OAK;SO51;1
LOCKERLEY;SO51;1
OWER;SO51;1
SHERFIELD ENGLISH;SO51;1
WEST WELLOW;SO51;1
MELCHET COURT;SO51;1
AWBRIDGE;SO51;1
BRAISHFIELD;SO51;1
MOTTISFONT;SO51;1
EAST WELLOW;SO51;1
ROMSEY;SO51;1
AMPFIELD;SO51;1
STANBRIDGE EARLS;SO51;1
NORTH BADDESLEY;SO52;1
CHANDLER'S FORD;SO53;1
ANDOVER;SP10;1
GRATELEY;SP11;1
CHUTE STANDEN;SP11;1
AMPORT;SP11;1
ABBOTTS ANN;SP11;1
FULLERTON;SP11;1
UPPER CLATFORD;SP11;1
EGBURY;SP11;1
SMANNELL;SP11;1
VERNHAM DEAN;SP11;1
QUARLEY;SP11;1
WHERWELL;SP11;1
VERNHAM STREET;SP11;1
ANNA VALLEY;SP11;1
APPLESHAW;SP11;1
CHUTE CADLEY;SP11;1
CLANVILLE;SP11;1
FACCOMBE;SP11;1
UPPER CHUTE;SP11;1
GOODWORTH CLATFORD;SP11;1
HATHERDEN;SP11;1
HURSTBOURNE TARRANT;SP11;1
LINKENHOLT;SP11;1
LOWER CHUTE;SP11;1
SWAMPTON;SP11;1
MONXTON;SP11;1
PALESTINE;SP11;1
LONGPARISH;SP11;1
PENTON MEWSEY;SP11;1
PERHAM DOWN;SP11;1
IBTHORPE;SP11;1
ST MARY BOURNE;SP11;1
PICKET PIECE;SP11;1
WILDHERN;SP11;1
ENHAM ALAMEIN;SP11;1
TANGLEY;SP11;1
WEYHILL;SP11;1
ANDOVER DOWN;SP11;1
PLAITFORD;SP5;1
WEST TYTHERLEY;SP5;1
EAST TYTHERLEY;SP5;1
FROGHAM;SP6;1
SANDLEHEATH;SP6;1
BICKTON;SP6;1
LOWER BURGATE;SP6;1
UPPER BURGATE;SP6;1
STUCKTON;SP6;1
WHITSBURY;SP6;1
WOODGREEN;SP6;1
NORTH GORLEY;SP6;1
BREAMORE;SP6;1
SOUTH GORLEY;SP6;1
ROCKBOURNE;SP6;1
BLISSFORD;SP6;1
TIDPIT;SP6;1
DAMERHAM;SP6;1
FORDINGBRIDGE;SP6;1
MARTIN DROVE END;SP6;1
COLNEY STREET;AL2;1
SMUG OAK;AL2;1
BRICKET WOOD;AL2;1
PARK STREET;AL2;1
POTTERS CROUCH;AL2;1
CHISWELL GREEN;AL2;1
LONDON COLNEY;AL2;1
MARKYATE;AL3;1
TROWLEY BOTTOM;AL3;1
REDBOURN;AL3;1
FLAMSTEAD;AL3;1
CHEVERELL'S GREEN;AL3;1
CHILDWICK GREEN;AL3;1
THE FOLLY;AL4;1
MARSHALL'S HEATH;AL4;1
WHEATHAMPSTEAD;AL4;1
COLNEY HEATH;AL4;1
HARPENDEN;AL5;1
HATCHING GREEN;AL5;1
KINSBOURNE GREEN;AL5;1
TEWIN;AL6;1
AYOT ST PETER;AL6;1
BURNHAM GREEN;AL6;1
WELWYN;AL6;1
HARMER GREEN;AL6;1
AYOT ST LAWRENCE;AL6;1
HATFIELD HYDE;AL7;1
CROMER HYDE;AL8;1
STANBOROUGH;AL8;1
LEMSFORD;AL8;1
DIGSWELL;AL8;1
WELWYN GARDEN CITY;AL8;1
BELL BAR;AL9;1
WILDHILL;AL9;1
WELHAM GREEN;AL9;1
ESSENDON;AL9;1
BROOKMANS PARK;AL9;1
EASTWICK;CM20;1
HIGH WYCH;CM21;1
SAWBRIDGEWORTH;CM21;1
ALLEN'S GREEN;CM21;1
THORLEY;CM23;1
BISHOP'S STORTFORD;CM23;1
TURNFORD;EN10;1
BROXBOURNE;EN10;1
HODDESDON;EN11;1
SPITALBROOK;EN11;1
RYE PARK;EN11;1
POTTERS BAR;EN6;1
SOUTH MIMMS;EN6;1
CUFFLEY;EN6;1
NORTHAW;EN6;1
GOFF'S OAK;EN7;1
CHURCHGATE;EN7;1
FLAMSTEAD END;EN7;1
HAMMOND STREET;EN7;1
WALTHAM CROSS;EN8;1
CHESHUNT;EN8;1
NETTLEDEN;HP1;1
BOXMOOR;HP1;1
GREAT GADDESDEN;HP1;1
PICCOTTS END;HP2;1
GADDESDEN ROW;HP2;1
TRING;HP23;1
BUCKLAND COMMON;HP23;1
HASTOE;HP23;1
WILSTONE;HP23;1
ALDBURY;HP23;1
FLAUNDEN;HP3;1
FELDEN;HP3;1
BOVINGDON;HP3;1
LEVERSTOCK GREEN;HP3;1
HEMEL HEMPSTEAD;HP3;1
APSLEY;HP3;1
BERKHAMSTED;HP4;1
LITTLE GADDESDEN;HP4;1
POTTEN END;HP4;1
DAGNALL;HP4;1
NORTHCHURCH;HP4;1
PETER'S GREEN;LU2;1
COCKERNHOE;LU2;1
STEVENAGE;SG1;1
GREEN TYE;SG10;1
MUCH HADHAM;SG10;1
HADHAM CROSS;SG10;1
PERRY GREEN;SG10;1
NASTY;SG11;1
PUCKERIDGE;SG11;1
COLLIER'S END;SG11;1
PATMORE HEATH;SG11;1
HADHAM FORD;SG11;1
LITTLE HADHAM;SG11;1
HAULTWICK;SG11;1
BURY GREEN;SG11;1
HAY STREET;SG11;1
BRAUGHING;SG11;1
WARESIDE;SG12;1
WADESMILL;SG12;1
TONWELL;SG12;1
THUNDRIDGE;SG12;1
STANSTEAD ABBOTS;SG12;1
SACOMBE;SG12;1
HUNSDON;SG12;1
DANE END;SG12;1
CHAPMORE END;SG12;1
BAKER'S END;SG12;1
GREAT AMWELL;SG12;1
LITTLE BERKHAMSTED;SG13;1
LITTLE AMWELL;SG13;1
HERTFORD HEATH;SG13;1
NEWGATE STREET;SG13;1
HERTFORD;SG13;1
BAYFORDBURY;SG13;1
WATERFORD;SG14;1
BENGEO;SG14;1
HERTINGFORDBURY;SG14;1
COLE GREEN;SG14;1
LETTY GREEN;SG14;1
WATTON-AT-STONE;SG14;1
BRAGBURY END;SG2;1
ASTON END;SG2;1
SHEPHALL;SG2;1
HEBING END;SG2;1
WALKERN;SG2;1
ARDELEY;SG2;1
BULL'S GREEN;SG3;1
OLD KNEBWORTH;SG3;1
WOOLMER GREEN;SG3;1
DATCHWORTH;SG3;1
DATCHWORTH GREEN;SG3;1
KNEBWORTH;SG3;1
LITTLE WYMONDLEY;SG4;1
LEY GREEN;SG4;1
KING'S WALDEN;SG4;1
HALL'S GREEN;SG4;1
GREAT WYMONDLEY;SG4;1
GRAVELEY;SG4;1
GOSMORE;SG4;1
BREACHWOOD GREEN;SG4;1
BENDISH;SG4;1
WALSWORTH;SG4;1
THE NODE;SG4;1
ST PAUL'S WALDEN;SG4;1
ST IPPOLLITTS;SG4;1
CODICOTE;SG4;1
GREAT OFFLEY;SG5;1
HEXTON;SG5;1
HIGHAM GOBION;SG5;1
ICKLEFORD;SG5;1
ASTWICK;SG5;1
UPTON END;SG5;1
APSLEY END;SG5;1
LETCHWORTH;SG6;1
WILLIAN;SG6;1
CLOTHALL;SG7;1
BYGRAVE;SG7;1
HINXWORTH;SG7;1
BALDOCK;SG7;1
KELSHALL;SG8;1
REED;SG8;1
THERFIELD;SG8;1
NUTHAMPSTEAD;SG8;1
BARKWAY;SG8;1
WYDDIAL;SG9;1
ASPENDEN;SG9;1
BUNTINGFORD;SG9;1
COTTERED;SG9;1
FURNEUX PELHAM;SG9;1
GREAT HORMEAD;SG9;1
LITTLE HORMEAD;SG9;1
STOCKING PELHAM;SG9;1
WESTMILL;SG9;1
THROCKING;SG9;1
ROE GREEN;SG9;1
BARLEYCROFT END;SG9;1
BRENT PELHAM;SG9;1
MEESDEN;SG9;1
CHANDLER'S CROSS;WD1;1
SOUTH OXHEY;WD1;1
ALDENHAM;WD2;1
BUSHEY HEATH;WD2;1
LETCHMORE HEATH;WD2;1
MERRY HILL;WD2;1
ABBOTS LANGLEY;WD2;1
MAPLE CROSS;WD3;1
HERONSGATE;WD3;1
SARRATT;WD3;1
BATCHWORTH;WD3;1
CROXLEY GREEN;WD3;1
RICKMANSWORTH;WD3;1
WEST HYDE;WD3;1
CHORLEYWOOD;WD3;1
BATCHWORTH HEATH;WD3;1
KINGS LANGLEY;WD4;1
HUNTONBRIDGE;WD4;1
CHIPPERFIELD;WD4;1
BUCKS HILL;WD4;1
BEDMOND;WD5;1
BOREHAMWOOD;WD6;1
GREEN STREET;WD6;1
ELSTREE;WD6;1
SHENLEYBURY;WD7;1
RADLETT;WD7;1
SHENLEY;WD7;1
HEXTABLE;BR8;1
SWANLEY;BR8;1
CROCKENHILL;BR8;1
THANINGTON;CT1;1
ST PETER'S;CT10;1
KINGSGATE;CT10;1
BROADSTAIRS;CT10;1
RAMSGATE;CT11;1
GORE STREET;CT12;1
CLIFFS END;CT12;1
SANDWICH;CT13;1
STONAR CUT;CT13;1
GREAT STONAR;CT13;1
MARSHBOROUGH;CT13;1
WOODNESBOROUGH;CT13;1
EASTRY;CT13;1
RINGWOULD;CT14;1
FINGLESHAM;CT14;1
BETTESHANGER;CT14;1
WALMER;CT14;1
TILMANSTONE;CT14;1
SHOLDEN;CT14;1
HACKLINGE;CT14;1
NORTHBOURNE;CT14;1
DEAL;CT14;1
KINGSDOWN;CT14;1
GREAT MONGEHAM;CT14;1
COLDRED;CT15;1
ALKHAM;CT15;1
ELVINGTON;CT15;1
EWELL MINNIS;CT15;1
EYTHORNE;CT15;1
EAST STUDDAL;CT15;1
EAST LANGDON;CT15;1
SELSTEAD;CT15;1
BARFRESTON;CT15;1
EASOLE STREET;CT15;1
SHEPHERDSWELL OR SIBERTSWOLD;CT15;1
LYDDEN;CT15;1
GUSTON;CT15;1
FARTHINGLOE;CT15;1
WEST LANGDON;CT15;1
WEST HOUGHAM;CT15;1
WEST CLIFFE;CT15;1
SWINGFIELD MINNIS;CT15;1
ST MARGARET'S AT CLIFFE;CT15;1
NONINGTON;CT15;1
DOVER;CT16;1
TEMPLE EWELL;CT16;1
NEWBARN;CT18;1
CAPEL LE FERNE;CT18;1
PADDLESWORTH;CT18;1
ACRISE PLACE;CT18;1
ETCHINGHILL;CT18;1
HAWKINGE;CT18;1
LYMINGE;CT18;1
DENSOLE;CT18;1
DRELLINGORE;CT18;1
BEACHBOROUGH;CT18;1
FOLKESTONE;CT19;1
HARBLEDOWN;CT2;1
WESTBERE;CT2;1
HALES PLACE;CT2;1
ROUGH COMMON;CT2;1
BLEAN;CT2;1
HONEY HILL;CT2;1
TYLER HILL;CT2;1
FORDWICH;CT2;1
STURRY;CT2;1
SALTWOOD;CT21;1
POSTLING;CT21;1
WEST HYTHE;CT21;1
COURT-AT-STREET;CT21;1
LYMPNE;CT21;1
LITTLEBOURNE;CT3;1
CHISLET;CT3;1
EAST STOURMOUTH;CT3;1
AYLESHAM;CT3;1
WINGHAM;CT3;1
ELMSTONE;CT3;1
HOATH;CT3;1
UPSTREET;CT3;1
WEST STOURMOUTH;CT3;1
ADISHAM;CT3;1
ASH,CANTERBURY;CT3;1
WESTMARSH;CT3;1
BOYDEN GATE;CT3;1
STODMARSH;CT3;1
STAPLE;CT3;1
MAYPOLE;CT3;1
BRAMLING;CT3;1
CALCOTT;CT3;1
CHILLENDEN;CT3;1
ICKHAM;CT3;1
HOADEN;CT3;1
HIGHSTEAD;CT3;1
HERSDEN;CT3;1
COP STREET;CT3;1
WICKHAMBREAUX;CT3;1
CHARTHAM HATCH;CT4;1
CHARTHAM;CT4;1
CHILHAM;CT4;1
RHODES MINNIS;CT4;1
DERRINGSTONE;CT4;1
ELHAM;CT4;1
GODMERSHAM;CT4;1
LOWER HARDRES;CT4;1
MOLASH;CT4;1
NACKINGTON;CT4;1
OLD WIVES LEES;CT4;1
OTTINGE;CT4;1
PATRIXBOURNE;CT4;1
PETHAM;CT4;1
SHALMSFORD STREET;CT4;1
SHOTTENDEN;CT4;1
SIXMILE COTTAGES;CT4;1
BEKESBOURNE;CT4;1
BISHOPSBOURNE;CT4;1
STELLING MINNIS;CT4;1
BLADBEAN;CT4;1
BOSSINGHAM;CT4;1
BREACH;CT4;1
UPPER HARDRES COURT;CT4;1
WOMENSWOLD;CT4;1
WOOLLAGE GREEN;CT4;1
WINGMORE;CT4;1
PEAN HILL;CT5;1
CLAPHAM HILL;CT5;1
SWALECLIFFE;CT5;1
YORKLETTS;CT5;1
WHITSTABLE;CT5;1
CHESTFIELD;CT5;1
SEASALTER;CT5;1
RECULVER;CT6;1
HUNTERS FORSTAL;CT6;1
HILLBOROUGH;CT6;1
HERNE COMMON;CT6;1
HERNE BAY;CT6;1
BELTINGE;CT6;1
HERNE;CT6;1
BIRCHINGTON;CT7;1
ST NICHOLAS AT WADE;CT7;1
ACOL;CT7;1
SARRE;CT7;1
WESTGATE ON SEA;CT8;1
CLIFTONVILLE;CT9;1
MARGATE;CT9;1
DARTFORD;DA1;1
NORTHFLEET;DA10;1
SWANSCOMBE;DA11;1
PERRY STREET;DA11;1
SINGLEWELL OR IFIELD;DA12;1
THONG;DA12;1
SHORNE RIDGEWAY;DA12;1
SHORNE;DA12;1
CHALK;DA12;1
GRAVESEND;DA12;1
MEOPHAM;DA13;1
BETSHAM;DA13;1
LUDDESDOWN;DA13;1
MEOPHAM GREEN;DA13;1
CAMER;DA13;1
HARVEL;DA13;1
VIGO VILLAGE;DA13;1
SOUTHFLEET;DA13;1
ISTEAD RISE;DA13;1
CULVERSTONE GREEN;DA13;1
DARENTH;DA2;1
BEAN;DA2;1
LONGFIELD HILL;DA3;1
NEW ASH GREEN;DA3;1
NEW BARN;DA3;1
LONGFIELD;DA3;1
FAWKHAM GREEN;DA3;1
FARNINGHAM;DA4;1
HORTON KIRBY;DA4;1
SUTTON AT HONE;DA4;1
SOUTH DARENTH;DA4;1
EYNSFORD;DA4;1
GREENHITHE;DA9;1
BORSTAL;ME1;1
BURHAM;ME1;1
WOULDHAM;ME1;1
KEMSLEY;ME10;1
MILTON REGIS;ME10;1
MURSTON;ME10;1
SITTINGBOURNE;ME10;1
QUEENBOROUGH;ME11;1
EASTCHURCH;ME12;1
WEST MINSTER;ME12;1
HALFWAY HOUSES;ME12;1
LEYSDOWN-ON-SEA;ME12;1
SHEERNESS;ME12;1
HERNHILL;ME13;1
DARGATE;ME13;1
LEAVELAND;ME13;1
THROWLEY;ME13;1
UPLEES;ME13;1
LUDDENHAM COURT;ME13;1
BOUGHTON STREET;ME13;1
OSPRINGE;ME13;1
DUNKIRK;ME13;1
OTTERDEN PLACE;ME13;1
OVERSLAND;ME13;1
SELLING;ME13;1
SHELDWICH;ME13;1
STALISFIELD GREEN;ME13;1
GRAVENEY;ME13;1
FRITH;ME13;1
FAVERSHAM;ME13;1
EASTLING;ME13;1
BADLESMERE;ME13;1
BEARSTED;ME14;1
DETLING;ME14;1
THURNHAM;ME14;1
SANDLING;ME14;1
BOXLEY;ME14;1
LOOSE;ME15;1
TOVIL;ME15;1
DEAN STREET;ME15;1
EAST FARLEIGH;ME15;1
OTHAM;ME15;1
SHEPWAY;ME15;1
WEST FARLEIGH;ME15;1
EAST BARMING;ME16;1
LIVERTON STREET;ME17;1
LANGLEY HEATH;ME17;1
GRAFTY GREEN;ME17;1
FIVE WENTS;ME17;1
CHART CORNER;ME17;1
COXHEATH;ME17;1
HARRIETSHAM;ME17;1
ULCOMBE;ME17;1
WEST STREET;ME17;1
BOUGHTON GREEN;ME17;1
EYHORNE STREET;ME17;1
LENHAM HEATH;ME17;1
WARMLAKE;ME17;1
BOUGHTON MALHERBE;ME17;1
CHART SUTTON;ME17;1
HOLLINGBOURNE;ME17;1
LENHAM;ME17;1
SUTTON VALENCE;ME17;1
SANDWAY;ME17;1
HUCKING;ME17;1
TESTON;ME18;1
YALDING;ME18;1
WEST PECKHAM;ME18;1
WATERINGBURY;ME18;1
LADDINGFORD;ME18;1
BENOVER;ME18;1
MEREWORTH;ME18;1
NETTLESTEAD GREEN;ME18;1
LEYBOURNE;ME19;1
RYARSH;ME19;1
ST LEONARD'S STREET;ME19;1
TROTTISCLIFFE;ME19;1
EAST MALLING;ME19;1
WEST MALLING;ME19;1
UPPER HALLING;ME2;1
UPPER UPNOR;ME2;1
STROOD;ME2;1
HALLING;ME2;1
FRINDSBURY;ME2;1
CUXTON;ME2;1
HOLBOROUGH;ME2;1
ROYAL BRITISH LEGION VILLAGE;ME20;1
AYLESFORD;ME20;1
NEW HYTHE;ME20;1
KINGSNORTH POWER STATION;ME3;1
LOWER HIGHAM;ME3;1
ST MARY'S HOO;ME3;1
LOWER STOKE;ME3;1
CHATTENDEN;ME3;1
CHURCH STREET;ME3;1
COOLING;ME3;1
GRAIN;ME3;1
HIGH HALSTOW;ME3;1
WALLEND;ME3;1
WAINSCOTT;ME3;1
ALLHALLOWS;ME3;1
CLIFFE WOODS;ME3;1
CHATHAM;ME4;1
WALDERSLADE;ME5;1
BLUE BELL HILL;ME5;1
HAM HILL;ME6;1
SNODLAND;ME6;1
BREDHURST;ME7;1
CAPSTONE;ME7;1
LIDSING;ME7;1
WICHLING;ME9;1
WORMSHILL;ME9;1
MILSTEAD;ME9;1
LYNSTED;ME9;1
UPCHURCH;ME9;1
FRINSTED;ME9;1
CONYER;ME9;1
BOBBING;ME9;1
BICKNOR;ME9;1
HIGHSTED;ME9;1
BAPCHILD;ME9;1
BORDEN;ME9;1
BREDGAR;ME9;1
STOCKBURY;ME9;1
TEYNHAM;ME9;1
RODMERSHAM;ME9;1
OAD STREET;ME9;1
LOWER HALSTOW;ME9;1
HARTLIP;ME9;1
IWADE;ME9;1
ROYAL TUNBRIDGE WELLS;TN1;1
HIGHAM WOOD;TN10;1
TUDELEY;TN11;1
NIZELS;TN11;1
DUNK'S GREEN;TN11;1
CHIDDINGSTONE CAUSEWAY;TN11;1
PENSHURST;TN11;1
CROCKHURST STREET;TN11;1
GOLDEN GREEN;TN11;1
GOOSE GREEN;TN11;1
HILDENBOROUGH;TN11;1
SHIPBOURNE;TN11;1
HILDEN PARK;TN11;1
POUNDSBRIDGE;TN11;1
HADLOW;TN11;1
CROSS-AT-HAND;TN12;1
EAST PECKHAM;TN12;1
FIVE OAK GREEN;TN12;1
HALE STREET;TN12;1
HORSMONDEN;TN12;1
KIPPING'S CROSS;TN12;1
MARDEN BEECH;TN12;1
MARDEN THORN;TN12;1
MATFIELD;TN12;1
MILEBUSH;TN12;1
PADDOCK WOOD;TN12;1
QUEEN STREET;TN12;1
STAPLEHURST;TN12;1
THE KNOWLE;TN12;1
WHETSTED;TN12;1
CHAINHURST;TN12;1
BRENCHLEY;TN12;1
BELTRING;TN12;1
MOCKBEGGAR;TN12;1
COLLIER STREET;TN12;1
DUNTON GREEN;TN13;1
RIVERHEAD;TN13;1
SEVENOAKS;TN13;1
CHEVENING;TN14;1
WHITLEY ROW;TN14;1
BADGERS MOUNT;TN14;1
SUNDRIDGE;TN14;1
KNOCKHOLT;TN14;1
OTFORD;TN14;1
KNOCKHOLT POUND;TN14;1
IDE HILL;TN14;1
SEVENOAKS WEALD;TN14;1
SHOREHAM;TN14;1
IGHTHAM;TN15;1
CROUCH;TN15;1
WROTHAM HILL;TN15;1
IVY HATCH;TN15;1
WROTHAM;TN15;1
ASH, SEVENOAKS;TN15;1
KEMSING;TN15;1
WROTHAM HEATH;TN15;1
PLAXTOL;TN15;1
ROMNEY STREET;TN15;1
RIDLEY;TN15;1
HEAVERHAM;TN15;1
SEAL;TN15;1
STANSTED;TN15;1
UNDERRIVER;TN15;1
WEST KINGSDOWN;TN15;1
BOROUGH GREEN;TN15;1
CLAYGATE CROSS;TN15;1
FAIRSEAT;TN15;1
PLATT;TN15;1
BRASTED CHART;TN16;1
WESTERHAM;TN16;1
BRASTED;TN16;1
TOY'S HILL;TN16;1
BENENDEN;TN17;1
BEDGEBURY CROSS;TN17;1
GLASSENBURY;TN17;1
GOUDHURST;TN17;1
FRITTENDEN;TN17;1
HOLE PARK;TN17;1
IDEN GREEN;TN17;1
KILNDOWN;TN17;1
ROLVENDEN;TN17;1
ROLVENDEN LAYNE;TN17;1
SISSINGHURST;TN17;1
WILSLEY GREEN;TN17;1
WINCHET HILL;TN17;1
FLISHINGHURST;TN17;1
CURTISDEN GREEN;TN17;1
CRANBROOK COMMON;TN17;1
CRANBROOK;TN17;1
GILL'S GREEN;TN18;1
HAWKHURST;TN18;1
LINKHILL;TN18;1
NEWENDEN;TN18;1
THE MOOR;TN18;1
FOUR THROWS;TN18;1
HAWKENBURY;TN2;1
PEMBURY;TN2;1
KINGSNORTH;TN23;1
GREAT CHART;TN23;1
HINXHILL;TN24;1
SOUTH WILLESBOROUGH;TN24;1
WILLESBOROUGH;TN24;1
WILLESBOROUGH LEES;TN24;1
CHEESEMAN'S GREEN;TN24;1
SEVINGTON;TN24;1
STONESTREET GREEN;TN25;1
STOWTING;TN25;1
WYE;TN25;1
SMEETH;TN25;1
SELLINDGE;TN25;1
MERSHAM;TN25;1
LYMBRIDGE GREEN;TN25;1
HASTINGLEIGH;TN25;1
HASSELL STREET;TN25;1
CHALLOCK;TN25;1
BRABOURNE;TN25;1
BOUGHTON LEES;TN25;1
BOUGHTON ALUPH;TN25;1
BODSHAM GREEN;TN25;1
BILSINGTON;TN25;1
BRABOURNE LEES;TN25;1
BILTING;TN25;1
APPLEDORE HEATH;TN26;1
HOTHFIELD;TN26;1
BETHERSDEN;TN26;1
BROMLEY GREEN;TN26;1
BULL GREEN;TN26;1
HAMSTREET;TN26;1
HENGHERST;TN26;1
HIGH HALDEN;TN26;1
KENARDINGTON;TN26;1
RAM LANE;TN26;1
REDBROOK STREET;TN26;1
RUCKINGE;TN26;1
SHADOXHURST;TN26;1
SUGARLOAF;TN26;1
THE LEACON;TN26;1
WAREHORNE;TN26;1
LITTLE CHART;TN27;1
CHARING;TN27;1
CURTEIS' CORNER;TN27;1
HEADCORN;TN27;1
SMARDEN;TN27;1
BIDDENDEN;TN27;1
HAFFENDEN QUARTER;TN27;1
WESTWELL LEACON;TN27;1
PLUCKLEY;TN27;1
MALTMAN'S HILL;TN27;1
STANDEN;TN27;1
THREE CHIMNEYS;TN27;1
EGERTON FORSTAL;TN27;1
PLUCKLEY THORNE;TN27;1
LITTLESTONE-ON-SEA;TN28;1
GREATSTONE-ON-SEA;TN28;1
NEW ROMNEY;TN28;1
ST MARY'S BAY;TN29;1
ST MARY IN THE MARSH;TN29;1
SNARGATE;TN29;1
OLD ROMNEY;TN29;1
LYDD;TN29;1
IVYCHURCH;TN29;1
DYMCHURCH;TN29;1
BURMARSH;TN29;1
BROOKLAND;TN29;1
BRENZETT;TN29;1
LYDD-ON-SEA;TN29;1
SNAVE;TN29;1
LAMBERHURST;TN3;1
SPELDHURST;TN3;1
ASHENDEN;TN30;1
LEIGH GREEN;TN30;1
LONDON BEACH;TN30;1
READING STREET;TN30;1
SMALL HYTHE;TN30;1
TENTERDEN;TN30;1
THE STOCKS;TN30;1
WITTERSHAM;TN30;1
HIGH BROOMS;TN4;1
SOUTHBOROUGH;TN4;1
RUSTHALL;TN4;1
BIDBOROUGH;TN4;1
HEVER;TN8;1
CHIDDINGSTONE HOATH;TN8;1
HOLTYE COMMON;TN8;1
MARKBEECH;TN8;1
MARLPIT HILL;TN8;1
FOUR ELMS;TN8;1
EDENBRIDGE;TN8;1
CROCKHAM HILL;TN8;1
COWDEN POUND;TN8;1
COWDEN;TN8;1
CLAYDENE;TN8;1
CHIDDINGSTONE;TN8;1
HAXTED;TN8;1
BOUGH BEECH;TN8;1
TONBRIDGE;TN9;1
HIGHAM ON THE HILL;CV13;1
BARLESTONE;CV13;1
WELLSBOROUGH;CV13;1
SUTTON CHENEY;CV13;1
STOKE GOLDING;CV13;1
SHENTON;CV13;1
SHACKERSTONE;CV13;1
ODSTONE;CV13;1
NAILSTONE;CV13;1
FENNY DRAYTON;CV13;1
DADLINGTON;CV13;1
BILSTONE;CV13;1
CONGERSTONE;CV13;1
BARTON IN THE BEANS;CV13;1
MARKET BOSWORTH;CV13;1
ORTON-ON-THE-HILL;CV9;1
NORTON-JUXTA-TWYCROSS;CV9;1
WITHERLEY;CV9;1
TWYCROSS;CV9;1
STRETTON EN LE FIELD;DE12;1
SNARESTONE;DE12;1
MEASHAM;DE12;1
DONISTHORPE;DE12;1
CHILCOTE;DE12;1
APPLEBY MAGNA;DE12;1
BREEDON ON THE HILL;DE73;1
DISEWORTH;DE74;1
ISLEY WALTON;DE74;1
CASTLE DONINGTON;DE74;1
KEGWORTH;DE74;1
HINCKLEY;LE10;1
COPSTON MAGNA;LE10;1
WIGSTON PARVA;LE10;1
SHARNFORD;LE10;1
ASTON FLAMVILLE;LE10;1
NANPANTAN;LE11;1
THORPE ACRE;LE11;1
LOUGHBOROUGH;LE11;1
HATHERN;LE12;1
MOUNTSORREL;LE12;1
BURTON ON THE WOLDS;LE12;1
PRESTWOLD;LE12;1
SEAGRAVE;LE12;1
WOODHOUSE EAVES;LE12;1
OSGATHORPE;LE12;1
WYMESWOLD;LE12;1
QUORN;LE12;1
WALTON ON THE WOLDS;LE12;1
SWITHLAND;LE12;1
LONG WHATTON;LE12;1
HOTON;LE12;1
SILEBY;LE12;1
SHEPSHED;LE12;1
BARROW UPON SOAR;LE12;1
MELTON MOWBRAY;LE13;1
THORPE SATCHVILLE;LE14;1
WALTHAM ON THE WOLDS;LE14;1
WARTNABY;LE14;1
AB KETTLEBY;LE14;1
ASFORDBY;LE14;1
EASTWELL;LE14;1
HOBY;LE14;1
HOSE;LE14;1
KIRKBY BELLARS;LE14;1
NETHER BROUGHTON;LE14;1
FRISBY ON THE WREAKE;LE14;1
BURTON LAZARS;LE14;1
BURROUGH ON THE HILL;LE14;1
EDMONDTHORPE;LE14;1
BRENTINGBY;LE14;1
FREEBY;LE14;1
ASFORDBY HILL;LE14;1
GOADBY MARWOOD;LE14;1
GREAT DALBY;LE14;1
SCALFORD;LE14;1
LITTLE DALBY;LE14;1
LONG CLAWSON;LE14;1
SALTBY;LE14;1
RAGDALE;LE14;1
CHADWELL;LE14;1
ROTHERBY;LE14;1
BROOKSBY;LE14;1
SAXELBYE;LE14;1
STATHERN;LE14;1
STONESBY;LE14;1
OLD DALBY;LE14;1
THORPE ARNOLD;LE14;1
WYCOMB;LE14;1
ASHBY FOLVILLE;LE14;1
SOMERBY;LE14;1
WITHCOTE;LE15;1
KNOSSINGTON;LE15;1
STOCKERSTON;LE15;1
OWSTON;LE15;1
ALLEXTON;LE15;1
BRINGHURST;LE16;1
SUTTON BASSETT;LE16;1
CHURCH LANGTON;LE16;1
GREAT BOWDEN;LE16;1
MEDBOURNE;LE16;1
SLAWSTON;LE16;1
EAST LANGTON;LE16;1
GLOOSTON;LE16;1
GUMLEY;LE16;1
HALLATON;LE16;1
HORNINGHOLD;LE16;1
BLASTON;LE16;1
NEVILL HOLT;LE16;1
STONTON WYVILLE;LE16;1
LITTLE BOWDEN;LE16;1
WESTON BY WELLAND;LE16;1
LUBENHAM;LE16;1
THORPE LANGTON;LE16;1
CRANOE;LE16;1
MARKET HARBOROUGH;LE16;1
ASHBY MAGNA;LE17;1
ASHBY PARVA;LE17;1
DUNTON BASSETT;LE17;1
LEIRE;LE17;1
KIMCOTE;LE17;1
HUSBANDS BOSWORTH;LE17;1
GILMORTON;LE17;1
FROLESWORTH;LE17;1
COTESBACH;LE17;1
CLAYBROOKE MAGNA;LE17;1
BRUNTINGTHORPE;LE17;1
BITTESWELL;LE17;1
CATTHORPE;LE17;1
WIBTOFT;LE17;1
ULLESTHORPE;LE17;1
THEDDINGWORTH;LE17;1
SOUTH KILWORTH;LE17;1
SHEARSBY;LE17;1
SHAWELL;LE17;1
PEATLING PARVA;LE17;1
NORTH KILWORTH;LE17;1
MOWSLEY;LE17;1
LUTTERWORTH;LE17;1
CLAYBROOKE PARVA;LE17;1
KILBY;LE18;1
SOUTH WIGSTON;LE18;1
WIGSTON;LE18;1
GLEN PARVA;LE2;1
EVINGTON;LE2;1
AYLESTONE;LE2;1
OADBY;LE2;1
DANE HILLS;LE3;1
GLENFIELD;LE3;1
BIRSTALL;LE4;1
BELGRAVE;LE4;1
THURMASTON;LE4;1
HUMBERSTONE;LE5;1
STONEYGATE;LE5;1
ASHBY-DE-LA-ZOUCH;LE55;1
NEWTOWN LINFORD;LE6;1
RATBY;LE6;1
GROBY;LE6;1
LOUNT;LE65;1
WORTHINGTON;LE65;1
PACKINGTON;LE65;1
STAUNTON HAROLD HALL;LE65;1
ASHBY DE LA ZOUCH;LE65;1
SNIBSTON;LE67;1
WHITWICK;LE67;1
THRINGSTONE;LE67;1
STANTON UNDER BARDON;LE67;1
NORMANTON LE HEATH;LE67;1
NEWTON BURGOLAND;LE67;1
IBSTOCK;LE67;1
HUGGLESCOTE;LE67;1
HEATHER;LE67;1
FIELD HEAD;LE67;1
ELLISTOWN;LE67;1
SWEPSTONE;LE67;1
MARKFIELD;LE67;1
DONINGTON LE HEATH;LE67;1
COPT OAK;LE67;1
COLEORTON;LE67;1
COALVILLE;LE67;1
BAGWORTH;LE67;1
BARSBY;LE7;1
BARKBY;LE7;1
CROPSTON;LE7;1
BILLESDON;LE7;1
EAST GOSCOTE;LE7;1
GAULBY;LE7;1
HUNGARTON;LE7;1
LOWESBY;LE7;1
THURNBY;LE7;1
THURCASTON;LE7;1
THRUSSINGTON;LE7;1
SKEFFINGTON;LE7;1
SCRAPTOFT;LE7;1
REARSBY;LE7;1
QUENIBOROUGH;LE7;1
NOSELEY;LE7;1
RATCLIFFE ON THE WREAKE;LE7;1
KEYHAM;LE7;1
ILLSTON ON THE HILL;LE7;1
HOUGHTON ON THE HILL;LE7;1
SOUTH CROXTON;LE7;1
TILTON ON THE HILL;LE7;1
TUGBY;LE7;1
WANLIP;LE7;1
BARKBY THORPE;LE7;1
BEEBY;LE7;1
BUSHBY;LE7;1
GOADBY;LE7;1
COLD NEWTON;LE7;1
GADDESBY;LE7;1
EAST NORTON;LE7;1
BURTON OVERY;LE8;1
ARNESBY;LE8;1
NEWTON HARCOURT;LE8;1
SADDINGTON;LE8;1
SHANGTON;LE8;1
BLABY;LE8;1
KIBWORTH HARCOURT;LE8;1
KIBWORTH BEAUCHAMP;LE8;1
WILLOUGHBY WATERLEYS;LE8;1
CARLTON CURLIEU;LE8;1
PEATLING MAGNA;LE8;1
SMEETON WESTERBY;LE8;1
GREAT GLEN;LE8;1
TUR LANGTON;LE8;1
FLECKNEY;LE8;1
COUNTES-THORPE;LE8;1
OADBY AND WIGSTON;LE87;1
PRIMETHORPE;LE9;1
SAPCOTE;LE9;1
DESFORD;LE9;1
BOTCHESTON;LE9;1
NEWTOWN UNTHANK;LE9;1
NEWBOLD VERDON;LE9;1
STONEY STANTON;LE9;1
PECKLETON;LE9;1
ENDERBY;LE9;1
KIRKBY MALLORY;LE9;1
BROUGHTON ASTLEY;LE9;1
KIRBY MUXLOE;LE9;1
HUNCOTE;LE9;1
ELMESTHORPE;LE9;1
COSBY;LE9;1
EARL SHILTON;LE9;1
SUTTON IN THE ELMS;LE9;1
BARWELL;LE9;1
HARBOROUGH;LE94;1
REDMILE;NG13;1
BELVOIR;NG32;1
KNIPTON;NG32;1
CROXTON KERRIAL;NG32;1
SEWSTERN;NG33;1
BUCKMINSTER;NG33;1
WEST HALTON;DN15;1
WINTERTON;DN15;1
APPLEBY;DN15;1
FRODINGHAM;DN15;1
GUNNESS;DN15;1
HIGH RISBY;DN15;1
LOW RISBY;DN15;1
SCUNTHORPE;DN15;1
WINTERINGHAM;DN15;1
THEALBY;DN15;1
FLIXBOROUGH;DN15;1
BURTON UPON STATHER;DN15;1
ALKBOROUGH;DN15;1
ASHBY;DN16;1
KEADBY;DN17;1
FOCKERBY;DN17;1
EALAND;DN17;1
DERRYTHORPE;DN17;1
BURRINGHAM;DN17;1
MESSINGHAM;DN17;1
AMCOTTS;DN17;1
EASTOFT;DN17;1
YADDLETHORPE;DN17;1
SUSWORTH;DN17;1
ALTHORPE;DN17;1
WEST BUTTERWICK;DN17;1
SOUTH FERRIBY;DN18;1
HORKSTOW;DN18;1
KINGSFORTH;DN18;1
BARTON-UPON-HUMBER;DN18;1
BARROW UPON HUMBER;DN19;1
BARROW HAVEN;DN19;1
NEW HOLLAND;DN19;1
ELSHAM;DN20;1
BONBY;DN20;1
BRIGG;DN20;1
WRAWBY;DN20;1
WORLABY;DN20;1
SCAWBY;DN20;1
SAXBY ALL SAINTS;DN20;1
HIBALDSTOW;DN20;1
CADNEY;DN20;1
SCOTTERTHORPE;DN21;1
HEMSWELL;DN21;1
BLYBOROUGH;DN21;1
GLENTWORTH;DN21;1
KIRTON IN LINDSEY;DN21;1
GATE BURTON;DN21;1
WILDSWORTH;DN21;1
BRANDY WHARF;DN21;1
WALKERITH;DN21;1
KNAITH;DN21;1
FILLINGHAM;DN21;1
SCOTTER;DN21;1
SNITTERBY;DN21;1
HEAPHAM;DN21;1
GRAYINGHAM;DN21;1
BLYTON;DN21;1
WILLOUGHTON;DN21;1
REDBOURNE;DN21;1
HARPSWELL;DN21;1
SPRINGTHORPE;DN21;1
EAST FERRY;DN21;1
EAST STOCKWITH;DN21;1
WADDINGHAM;DN21;1
PILHAM;DN21;1
GAINSBOROUGH;DN21;1
WEST MARSH;DN31;1
SCARTHO;DN33;1
CLEETHORPES;DN35;1
NORTH COTES;DN36;1
GRAINSBY;DN36;1
NORTH THORESBY;DN36;1
TETNEY;DN36;1
TETNEY LOCK;DN36;1
HUMBERSTON;DN36;1
ESKHAM;DN36;1
HOLTON LE CLAY;DN36;1
MARSH CHAPEL;DN36;1
LUDBOROUGH;DN36;1
NEW WALTHAM;DN36;1
ASHBY CUM FENBY;DN37;1
AYLESBY;DN37;1
THORGANBY;DN37;1
BARNOLDBY LE BECK;DN37;1
RIBY;DN37;1
STALLINGBOROUGH;DN37;1
LACEBY;DN37;1
KEELBY;DN37;1
HEALING;DN37;1
HATCLIFFE;DN37;1
GREAT LIMBER;DN37;1
GREAT COATES;DN37;1
EAST RAVENDALE;DN37;1
BROCKLESBY;DN37;1
BRIGSLEY;DN37;1
IRBY UPON HUMBER;DN37;1
BEELSBY;DN37;1
GRASBY;DN38;1
BARNETBY LE WOLD;DN38;1
SEARBY;DN38;1
BIGBY;DN38;1
MELTON ROSS;DN38;1
OWMBY;DN38;1
THORNTON CURTIS;DN39;1
KIRMINGTON;DN39;1
EAST HALTON;DN40;1
HABROUGH;DN40;1
SOUTH KILLINGHOLME;DN40;1
IMMINGHAM DOCK;DN40;1
IMMINGHAM;DN40;1
NORTH KILLINGHOLME;DN40;1
SANDTOFT;DN8;1
WROOT;DN9;1
CRAISELOUND;DN9;1
FINNINGLY;DN9;1
HAXEY;DN9;1
LOW BURNHAM;DN9;1
OWSTON FERRY;DN9;1
EAST LOUND;DN9;1
BELTOFT;DN9;1
EPWORTH;DN9;1
WESTWOODSIDE;DN9;1
SAXILBY;LN1;1
NEWTON ON TRENT;LN1;1
LAUGHTERTON;LN1;1
BRATTLEBY;LN1;1
BRANSBY;LN1;1
STURTON BY STOW;LN1;1
SOUTH CARLTON;LN1;1
KETTLETHORPE;LN1;1
CAMMERINGHAM;LN1;1
BROXHOLME;LN1;1
SCAMPTON;LN1;1
BROADHOLME;LN1;1
TORKSEY;LN1;1
KIRKSTEAD;LN10;1
KIRKBY ON BAIN;LN10;1
TIMBERLAND DALES;LN10;1
WOODHALL SPA;LN10;1
NORTH COCKERINGTON;LN11;1
GREAT CARLTON;LN11;1
SALTFLEETBY ST CLEMENTS;LN11;1
GRIMOLDBY;LN11;1
KETSBY;LN11;1
SALTFLEETBY ALL SAINTS;LN11;1
LITTLE GRIMSBY;LN11;1
GOULCEBY;LN11;1
MUCKTON;LN11;1
FULSTOW;LN11;1
FOTHERBY;LN11;1
STEWTON;LN11;1
KEDDINGTON;LN11;1
STENIGOT;LN11;1
CONISHOLME;LN11;1
SOUTH ELKINGTON;LN11;1
LITTLE CAWTHORPE;LN11;1
CHURCHTHORPE;LN11;1
CAWKWELL;LN11;1
SALTFLEET;LN11;1
ASTERBY;LN11;1
YARBURGH;LN11;1
KELSTERN;LN11;1
SOUTH COCKERINGTON;LN11;1
LEGBOURNE;LN11;1
WRAGHOLME;LN11;1
WELTON LE WOLD;LN11;1
UTTERBY;LN11;1
TATHWELL;LN11;1
BRINKHILL;LN11;1
SOUTH SOMERCOTES;LN11;1
SOUTH RESTON;LN11;1
COVENHAM ST BARTHOLOMEW;LN11;1
SOUTH ORMSBY;LN11;1
SKIDBROOKE;LN11;1
SCAMBLESBY;LN11;1
SALTFLEETBY ST PETER;LN11;1
RUCKLAND;LN11;1
NORTH SOMERCOTES;LN11;1
NORTH RESTON;LN11;1
NORTH ORMSBY;LN11;1
NORTH ELKINGTON;LN11;1
MEALS;LN11;1
MANBY;LN11;1
LUDNEY;LN11;1
DONINGTON ON BAIN;LN11;1
HAUGHAM;LN11;1
FARFORTH;LN11;1
GAYTON LE WOLD;LN11;1
GRAINTHORPE;LN11;1
AUTHORPE;LN11;1
ALVINGHAM;LN11;1
COVENHAM ST MARY;LN11;1
LOUTH;LN11;1
SUTTON ON SEA;LN12;1
THEDDLETHORPE ST HELEN;LN12;1
TRUSTHORPE;LN12;1
SANDILANDS;LN12;1
MABLETHORPE;LN12;1
SUTTON LE MARSH;LN12;1
THEDDLETHORPE ALL SAINTS;LN12;1
CUMBERWORTH;LN13;1
BILSBY;LN13;1
WITHERN;LN13;1
SOUTH THORESBY;LN13;1
SWABY;LN13;1
HANNAH;LN13;1
ABY;LN13;1
DRIBY;LN13;1
GAYTON LE MARSH;LN13;1
SLOOTHBY;LN13;1
FARLESTHORPE;LN13;1
MARKBY;LN13;1
HUTTOFT;LN13;1
MALTBY LE MARSH;LN13;1
MUMBY;LN13;1
TOTHILL;LN13;1
ULCEBY CROSS;LN13;1
RIGSBY;LN13;1
SALEBY;LN13;1
STRUBBY;LN13;1
WHITE PIT;LN13;1
BELLEAU;LN13;1
CLAYTHORPE;LN13;1
BEESBY;LN13;1
ATTERBY;LN2;1
NORMANBY BY SPITAL;LN2;1
SUDBROOKE;LN2;1
SPRIDLINGTON;LN2;1
SPITAL IN THE STREET;LN2;1
SCOTHERN;LN2;1
RYLAND;LN2;1
NETTLEHAM;LN2;1
HACKTHORN;LN2;1
GLENTHAM;LN2;1
DUNHOLME;LN2;1
CAENBY CORNER;LN2;1
BISHOPBRIDGE;LN2;1
CAENBY;LN2;1
OWMBY BY SPITAL;LN2;1
LINCOLN;LN2;1
BISHOP NORTON;LN2;1
LANGWORTH;LN3;1
BARDNEY;LN3;1
BINBROOK;LN3;1
WRAGBY;LN3;1
WADDINGWORTH;LN3;1
KIRMOND LE MIRE;LN3;1
SOTBY;LN3;1
LUDFORD MAGNA;LN3;1
KINGTHORPE;LN3;1
LANGTON BY WRAGBY;LN3;1
LUDFORD PARVA;LN3;1
SOUTH WILLINGHAM;LN3;1
WEST BARKWITH;LN3;1
PANTON;LN3;1
BENNIWORTH;LN3;1
EAST TORRINGTON;LN3;1
EAST BARKWITH;LN3;1
CHERRY WILLINGHAM;LN3;1
BURGH ON BAIN;LN3;1
BARLINGS;LN3;1
WICKENBY;LN3;1
WEST TORRINGTON;LN3;1
SWINHOPE;LN3;1
STIXWOULD;LN3;1
STAINTON LE VALE;LN3;1
STAINTON BY LANGWORTH;LN3;1
SOUTHREY;LN3;1
SNELLAND;LN3;1
RAND;LN3;1
MARKET STAINTON;LN3;1
LISSINGTON;LN3;1
HAINTON;LN3;1
GAUTBY;LN3;1
FULNETBY;LN3;1
FRIESTHORPE;LN3;1
APLEY;LN3;1
ASHBY DE LA LAUNDE;LN4;1
TATTERSHALL BRIDGE;LN4;1
TATTERSHALL THORPE;LN4;1
BRACEBRIDGE HEATH;LN4;1
NOCTON;LN4;1
KIRKBY GREEN;LN4;1
WALCOT DALES;LN4;1
BLANKNEY;LN4;1
TIMBERLAND;LN4;1
THORPE TILNEY DALES;LN4;1
TATTERSHALL;LN4;1
SOUTH KYME;LN4;1
SOTS HOLE;LN4;1
DIGBY;LN4;1
SCRUB HILL;LN4;1
SCOPWICK;LN4;1
ROWSTON;LN4;1
POTTERHANWORTH;LN4;1
NORTH KYME;LN4;1
METHERINGHAM;LN4;1
WASHINGBOROUGH;LN4;1
CONINGSBY;LN4;1
DOGDYKE;LN4;1
BLOXHOLM;LN4;1
CANWICK;LN4;1
BILLINGHAY;LN4;1
BRANSTON BOOTHS;LN4;1
BRACEBRIDGE;LN5;1
STRAGGLETHORPE;LN5;1
LEADENHAM;LN5;1
NAVENBY;LN5;1
WELLINGORE;LN5;1
AUBOURN;LN5;1
BASSINGHAM;LN5;1
BOOTHBY GRAFFOE;LN5;1
BRANT BROUGHTON;LN5;1
CARLTON-LE-MOORLAND;LN5;1
WELBOURN;LN5;1
HARMSTON;LN5;1
NORTH HYKEHAM;LN6;1
SKELLINGTHORPE;LN6;1
NORTON DISNEY;LN6;1
NORTH SCARLE;LN6;1
EAGLE;LN6;1
WHISBY;LN6;1
SWINDERBY;LN6;1
SWALLOW BECK;LN6;1
SOUTH HYKEHAM;LN6;1
BOULTHAM;LN6;1
CABOURNE;LN7;1
CUXWOLD;LN7;1
NORMANBY LE WOLD;LN7;1
CAISTOR;LN7;1
THORNTON LE MOOR;LN7;1
SWALLOW;LN7;1
SOUTH KELSEY;LN7;1
NORTH KELSEY;LN7;1
HOLTON LE MOOR;LN7;1
LEGSBY;LN8;1
USSELBY;LN8;1
WEST RASEN;LN8;1
KINGERBY;LN8;1
FALDINGWORTH;LN8;1
COLD HANWORTH;LN8;1
SIXHILLS;LN8;1
SNARFORD;LN8;1
TEALBY;LN8;1
MARKET RASEN;LN8;1
MIDDLE RASEN;LN8;1
NEWTON BY TOFT;LN8;1
NORTH WILLINGHAM;LN8;1
NORTH OWERSBY;LN8;1
THORESWAY;LN8;1
TOFT NEXT NEWTON;LN8;1
EDLINGTON;LN9;1
MINTING;LN9;1
MAREHAM ON THE HILL;LN9;1
LOW TOYNTON;LN9;1
WEST ASHBY;LN9;1
HORNCASTLE;LN9;1
HEMINGBY;LN9;1
CLAXBY PLUCKACRE;LN9;1
BELCHFORD;LN9;1
BAUMBER;LN9;1
WISPINGTON;LN9;1
HIGH TOYNTON;LN9;1
HAMERINGHAM;LN9;1
DALDERBY;LN9;1
HALTHAM;LN9;1
GREAT STURTON;LN9;1
FULLETBY;LN9;1
SALMONBY;LN9;1
TETFORD;LN9;1
ASHBY PUERORUM;LN9;1
OXCOMBE;LN9;1
CLAYPOLE;NG23;1
DRY DODDINGTON;NG23;1
NORWELL WOODHOUSE;NG23;1
LONG BENNINGTON;NG23;1
WESTBOROUGH;NG23;1
STUBTON;NG23;1
LONDONTHORPE;NG31;1
GREAT GONERBY;NG31;1
GRANTHAM;NG31;1
OASBY;NG32;1
CARLTON SCROOP;NG32;1
WYVILLE;NG32;1
WELBY;NG32;1
SUDBROOK;NG32;1
SEDGEBROOK;NG32;1
HOUGHAM;NG32;1
HEYDOUR;NG32;1
ANCASTER;NG32;1
FULBECK;NG32;1
KELBY;NG32;1
CULVERTHORPE;NG32;1
HARLAXTON;NG32;1
BARROWBY;NG32;1
HOUGH-ON-THE-HILL;NG32;1
AISBY;NG32;1
BASSINGTHORPE;NG33;1
LITTLE BYTHAM;NG33;1
BOOTHBY PAGNELL;NG33;1
BURTON COGGLES;NG33;1
CASTLE BYTHAM;NG33;1
COLSTERWORTH;NG33;1
CORBY GLEN;NG33;1
CREETON;NG33;1
GREAT PONTON;NG33;1
HUMBY;NG33;1
INGOLDSBY;NG33;1
IRNHAM;NG33;1
LITTLE PONTON;NG33;1
NORTH WITHAM;NG33;1
OLD SOMERBY;NG33;1
ROPSLEY;NG33;1
SKILLINGTON;NG33;1
SOUTH WITHAM;NG33;1
STAINBY;NG33;1
STOKE ROCHFORD;NG33;1
STROXTON;NG33;1
SWAYFIELD;NG33;1
SWINSTEAD;NG33;1
BITCHFIELD;NG33;1
LENTON;NG33;1
QUARRINGTON;NG34;1
HACEBY;NG34;1
HECKINGTON;NG34;1
ASLACKBY;NG34;1
BILLINGBOROUGH;NG34;1
EWERBY THORPE;NG34;1
GREAT HALE;NG34;1
HELPRINGHAM;NG34;1
HOLDINGHAM;NG34;1
HOWELL;NG34;1
LITTLE HALE;NG34;1
BIRTHORPE;NG34;1
NORTH RAUCEBY;NG34;1
RUSKINGTON;NG34;1
SILK WILLOUGHBY;NG34;1
THREEKINGHAM;NG34;1
AUNSBY;NG34;1
BRACEBY;NG34;1
BURTON PEDWARDINE;NG34;1
CRANWELL;NG34;1
DEMBLEBY;NG34;1
EVEDON;NG34;1
FOLKINGHAM;NG34;1
EWERBY;NG34;1
ASWARBY;NG34;1
ANWICK;NG34;1
LEASINGHAM;NG34;1
OSBOURNBY;NG34;1
POINTON;NG34;1
KIRKBY LA THORPE;NG34;1
SCREDINGTON;NG34;1
HORBLING;NG34;1
SOUTH RAUCEBY;NG34;1
SPANBY;NG34;1
SWARBY;NG34;1
SWATON;NG34;1
HANTHORPE;PE10;1
SCOTTLETHORPE;PE10;1
EDENHAM;PE10;1
DOWSBY;PE10;1
CAWTHORPE;PE10;1
WITHAM ON THE HILL;PE10;1
ELSTHORPE;PE10;1
TWENTY;PE10;1
BULBY;PE10;1
GRIMSTHORPE;PE10;1
HACCONBY;PE10;1
DUNSBY;PE10;1
HAWTHORPE;PE10;1
KIRKBY UNDERWOOD;PE10;1
RIPPINGALE;PE10;1
KEISBY;PE10;1
BOURNE;PE10;1
PODE HOLE;PE11;1
SURFLEET SEAS END;PE11;1
GOSBERTON;PE11;1
PINCHBECK WEST;PE11;1
DONINGTON;PE11;1
SURFLEET;PE11;1
DEEPING ST NICHOLAS;PE11;1
SPALDING;PE11;1
CROSSGATE;PE11;1
QUADRING;PE11;1
QUADRING EAUDIKE;PE11;1
PINCHBECK;PE11;1
RISEGATE;PE11;1
PINCHBECK BARS;PE11;1
DAWSMERE;PE12;1
FLEET HARGATE;PE12;1
GEDNEY BROADGATE;PE12;1
GEDNEY DROVE END;PE12;1
GUY'S HEAD;PE12;1
HOLBEACH BANK;PE12;1
HOLBEACH DROVE;PE12;1
HOLBEACH ST JOHNS;PE12;1
SARACEN'S HEAD;PE12;1
SHEPEAU STOW;PE12;1
SUTTON BRIDGE;PE12;1
SUTTON CROSSES;PE12;1
SUTTON ST EDMUND;PE12;1
WESTON HILLS;PE12;1
WHAPLODE DROVE;PE12;1
WHAPLODE ST CATHERINE;PE12;1
COWBIT;PE12;1
MOULTON CHAPEL;PE12;1
MOULTON SEAS END;PE12;1
HOLBEACH ST MATTHEW;PE12;1
SUTTON ST JAMES;PE12;1
GEDNEY HILL;PE12;1
WHAPLODE;PE12;1
GEDNEY;PE12;1
ASWICK GRANGE;PE12;1
HOLBEACH ST MARKS;PE12;1
CHAPELGATE;PE12;1
HOLBEACH;PE12;1
HOLBEACH CLOUGH;PE12;1
HOLBEACH HURN;PE12;1
GEDNEY DYKE;PE12;1
LOOSEGATE;PE12;1
TYDD ST MARY;PE13;1
KIRTON HOLME;PE20;1
SUTTERTON;PE20;1
AMBER HILL;PE20;1
BICKER;PE20;1
SWINESHEAD BRIDGE;PE20;1
HUBBERT'S BRIDGE;PE20;1
WIGTOFT;PE20;1
HOFFLEET STOW;PE20;1
KIRTON END;PE20;1
BROTHERTOFT;PE20;1
EAST HECKINGTON;PE20;1
FOSDYKE;PE20;1
SKELDYKE;PE20;1
FENHOUSES;PE20;1
ALGARKIRK;PE20;1
FRAMPTON WEST END;PE20;1
WYBERTON;PE21;1
FISHTOFT;PE21;1
SKIRBECK;PE21;1
BOSTON;PE21;1
LEAKE HURN'S END;PE22;1
STICKNEY;PE22;1
STICKFORD;PE22;1
FISHTOFT DROVE;PE22;1
WRANGLE LOWGATE;PE22;1
LANGRICK;PE22;1
LEAKE COMMON SIDE;PE22;1
LEVERTON;PE22;1
LEVERTON OUTGATE;PE22;1
MAREHAM LE FEN;PE22;1
MOOR SIDE;PE22;1
FREISTON SHORE;PE22;1
NEW BOLINGBROKE;PE22;1
WRANGLE;PE22;1
FRISKNEY;PE22;1
FRISKNEY EAUDIKE;PE22;1
TUMBY WOODSIDE;PE22;1
MIDVILLE;PE22;1
TUMBY;PE22;1
SIBSEY;PE22;1
SCRANE END;PE22;1
FRITHVILLE;PE22;1
REVESBY;PE22;1
OLD LEAKE;PE22;1
NORTHLANDS;PE22;1
LANGRIVILLE;PE22;1
FRITH BANK;PE22;1
WOOD ENDERBY;PE22;1
NEW LEAKE;PE22;1
GIPSEY BRIDGE;PE22;1
HALLTOFT END;PE22;1
MOORBY;PE22;1
HILL DYKE;PE22;1
EASTVILLE;PE22;1
LADE BANK;PE22;1
ANTON'S GOWT;PE22;1
BENINGTON SEA END;PE22;1
ASHBY BY PARTNEY;PE23;1
LITTLE STEEPING;PE23;1
WEST KEAL;PE23;1
WELTON LE MARSH;PE23;1
TOYNTON FEN SIDE;PE23;1
SKENDLEBY;PE23;1
SCREMBY;PE23;1
SAUSTHORPE;PE23;1
PARTNEY;PE23;1
MININGSBY;PE23;1
MAVIS ENDERBY;PE23;1
LUSBY;PE23;1
KEAL COTES;PE23;1
HAREBY;PE23;1
HAGNABY;PE23;1
GREAT STEEPING;PE23;1
FIRSBY;PE23;1
EAST KEAL;PE23;1
CANDLESBY;PE23;1
BAG ENDERBY;PE23;1
ASWARDBY;PE23;1
TOYNTON ST PETER;PE23;1
SPILSBY;PE23;1
SOMERSBY;PE23;1
OLD BOLINGBROKE;PE23;1
HALTON HOLEGATE;PE23;1
EAST KIRKBY;PE23;1
HUNDLEBY;PE23;1
TOYNTON ALL SAINTS;PE23;1
HAGWORTHINGHAM;PE23;1
WAINFLEET BANK;PE24;1
FENDIKE CORNER;PE24;1
THORPE ST PETER;PE24;1
CHAPEL ST LEONARDS;PE24;1
BRATOFT;PE24;1
KEY'S TOFT;PE24;1
IRBY IN THE MARSH;PE24;1
HOGSTHORPE;PE24;1
BURGH LE MARSH;PE24;1
THORPE CULVERT;PE24;1
WAINFLEET ALL SAINTS;PE24;1
AUTHORPE ROW;PE24;1
ORBY;PE24;1
ADDLETHORPE;PE24;1
ANDERBY;PE24;1
INGOLDMELLS;PE25;1
SKEGNESS;PE25;1
DEEPING ST JAMES;PE6;1
MARKET DEEPING;PE6;1
NORTH SIDE;PE6;1
WEST DEEPING;PE6;1
EYE GREEN;PE6;1
BASTON;PE6;1
CAREBY;PE9;1
CARLBY;PE9;1
TALLINGTON;PE9;1
BRACEBOROUGH;PE9;1
PILSGATE;PE9;1
BELMESTHORPE;PE9;1
GREATFORD;PE9;1
WILSTHORPE;PE9;1
WITHERSDALE STREET;IP20;1
PICCADILLY CORNER;IP20;1
WORTWELL;IP20;1
REDENHALL;IP20;1
ST MARGARET SOUTH ELMHAM;IP20;1
STARSTON;IP20;1
NEEDHAM;IP20;1
ST CROSS SOUTH ELMHAM;IP20;1
ALBURGH;IP20;1
BROCKDISH;IP21;1
DICKLEBURGH;IP21;1
PULHAM MARKET;IP21;1
SCOLE;IP21;1
BRESSINGHAM;IP22;1
NORTH LOPHAM;IP22;1
SHELFANGER;IP22;1
FERSFIELD;IP22;1
GARBOLDISHAM;IP22;1
GASTHORPE;IP22;1
GISSING;IP22;1
SHORT GREEN;IP22;1
SMALLWORTH;IP22;1
FEN STREET;IP22;1
BLO NORTON;IP22;1
WALCOT GREEN;IP22;1
SOUTH LOPHAM;IP22;1
WINFARTHING;IP22;1
THETFORD;IP24;1
KILVERSTONE;IP24;1
WRETHAM;IP24;1
THOMPSON;IP24;1
RUSHFORD;IP24;1
ILLINGTON;IP24;1
CARBROOKE;IP25;1
SOUTHBURGH;IP25;1
SAHAM TONEY;IP25;1
HOLME HALE;IP25;1
GREAT CRESSINGHAM;IP25;1
WEST BRADENHAM;IP25;1
THREXTON HILL;IP25;1
SHIPDHAM;IP25;1
LITTLE CRESSINGHAM;IP25;1
GRISTON;IP25;1
EAST BRADENHAM;IP25;1
CRANWORTH;IP25;1
WATTON GREEN;IP25;1
DAFFY GREEN;IP25;1
METHWOLD HYTHE;IP26;1
METHWOLD;IP26;1
MUNDFORD;IP26;1
LYNFORD;IP26;1
ICKBURGH;IP26;1
HOCKWOLD CUM WILTON;IP26;1
HILBOROUGH;IP26;1
FELTWELL;IP26;1
CRANWICH;IP26;1
BODNEY;IP26;1
NORTHWOLD;IP26;1
SANTON DOWNHAM;IP27;1
WEETING;IP27;1
LAKENHAM;NR1;1
OXNEAD;NR10;1
STRATTON STRAWLESS;NR10;1
NEWTON ST FAITH;NR10;1
MARSHAM;NR10;1
LAMAS;NR10;1
HORSFORD;NR10;1
HAINFORD;NR10;1
SKEYTON;NR10;1
SCOTTOW;NR10;1
SWANTON ABBOT;NR10;1
HEVINGHAM;NR10;1
FELTHORPE;NR10;1
SPIXWORTH;NR10;1
CAWSTON;NR10;1
BOOTON;NR10;1
BRANDISTON;NR10;1
SALL;NR10;1
BUXTON HEATH;NR10;1
HORSHAM ST FAITH;NR10;1
MATLASKE;NR11;1
LITTLE BARNINGHAM;NR11;1
ERPINGHAM;NR11;1
AYLMERTON;NR11;1
EAST BECKHAM;NR11;1
BANNINGHAM;NR11;1
FELBRIGG;NR11;1
ITTERINGHAM;NR11;1
INGWORTH;NR11;1
THORPE MARKET;NR11;1
CALTHORPE;NR11;1
TUTTINGTON;NR11;1
CORPUSTY;NR11;1
GRESHAM;NR11;1
BLICKLING;NR11;1
BESSINGHAM;NR11;1
BURGH NEXT AYLSHAM;NR11;1
GIMINGHAM;NR11;1
SUSTEAD;NR11;1
SOUTHREPPS;NR11;1
SAXTHORPE;NR11;1
WICKMERE;NR11;1
OULTON STREET;NR11;1
MUNDESLEY;NR11;1
WOOD DALLING;NR11;1
METTON;NR11;1
ALDBOROUGH;NR11;1
ALBY HILL;NR11;1
AYLSHAM;NR11;1
BEESTON ST LAWRENCE;NR12;1
HICKLING HEATH;NR12;1
WROXHAM;NR12;1
WHIMPWELL GREEN;NR12;1
WAXHAM;NR12;1
ASHMANHAUGH;NR12;1
TUNSTEAD;NR12;1
BARTON TURF;NR12;1
BELAUGH;NR12;1
COLTISHALL;NR12;1
CROSTWICK;NR12;1
HAPPISBURGH;NR12;1
HORSTEAD;NR12;1
HOVETON;NR12;1
IRSTEAD;NR12;1
STALHAM GREEN;NR12;1
STALHAM;NR12;1
SEA PALLING;NR12;1
NEATISHEAD;NR12;1
BARTON COMMON;NR12;1
SMALLBURGH;NR12;1
SLOLEY;NR12;1
SCO RUSTON;NR12;1
FRETTENHAM;NR12;1
MARKET STREET;NR12;1
HAPPISBURGH COMMON;NR12;1
HICKLING GREEN;NR12;1
LESSINGHAM;NR12;1
WALCOTT;NR12;1
EAST RUSTON;NR12;1
LOW STREET;NR12;1
LITTLE HAUTBOIS;NR12;1
HORNING;NR12;1
WOODBASTWICK;NR13;1
RANWORTH;NR13;1
LIMPENHOE;NR13;1
WICKHAMPTON;NR13;1
RACKHEATH;NR13;1
PANXWORTH;NR13;1
NORTH BURLINGHAM;NR13;1
LITTLE PLUMSTEAD;NR13;1
LINGWOOD;NR13;1
HALVERGATE;NR13;1
FREETHORPE;NR13;1
NEW RACKHEATH;NR13;1
BUCKENHAM;NR13;1
HEMBLINGTON;NR13;1
BLOFIELD;NR13;1
BEIGHTON;NR13;1
ACLE;NR13;1
UPTON GREEN;NR13;1
THORPE END GARDEN VILLAGE;NR13;1
STRUMPSHAW;NR13;1
SOUTH WALSHAM;NR13;1
SOUTH BURLINGHAM;NR13;1
SALHOUSE;NR13;1
REEDHAM;NR13;1
POSTWICK;NR13;1
MOULTON ST MARY;NR13;1
HASSINGHAM;NR13;1
GREAT PLUMSTEAD;NR13;1
FREETHORPE COMMON;NR13;1
DAMGATE;NR13;1
BRUNDALL;NR13;1
CAISTOR ST EDMUND;NR14;1
ASHBY ST MARY;NR14;1
ALPINGTON;NR14;1
STOKE HOLY CROSS;NR14;1
CHEDGRAVE;NR14;1
BRAMERTON;NR14;1
BRACON ASH;NR14;1
ARMINGHALL;NR14;1
SURLINGHAM;NR14;1
SWAINSTHORPE;NR14;1
ROCKLAND ST MARY;NR14;1
THURLTON;NR14;1
THURTON;NR14;1
MAYPOLE GREEN;NR14;1
LOWER THURLTON;NR14;1
TROWSE NEWTON;NR14;1
LODDON;NR14;1
RAVENINGHAM;NR14;1
KIRBY BEDON;NR14;1
HELLINGTON;NR14;1
HECKINGHAM;NR14;1
SISLAND;NR14;1
HADDISCOE;NR14;1
FRAMINGHAM PIGOT;NR14;1
FRAMINGHAM EARL;NR14;1
CLAXTON;NR14;1
THE LAURELS;NR14;1
LANGLEY STREET;NR14;1
HARDLEY STREET;NR14;1
MULBARTON;NR14;1
MUNDHAM;NR14;1
NORTON SUBCOURSE;NR14;1
EAST CARLETON;NR14;1
SWARDESTON;NR14;1
EAST PORINGLAND;NR14;1
BERGH APTON;NR15;1
SAXLINGHAM THORPE;NR15;1
SAXLINGHAM NETHERGATE;NR15;1
SAXLINGHAM GREEN;NR15;1
SHELTON GREEN;NR15;1
NEWTON FLOTMAN;NR15;1
HEMPNALL GREEN;NR15;1
HEMPNALL;NR15;1
GREAT MOULTON;NR15;1
TIVETSHALL ST MARGARET;NR15;1
TASBURGH;NR15;1
TIVETSHALL ST MARY;NR15;1
WACTON;NR15;1
STRATTON ST MICHAEL;NR15;1
SHOTESHAM;NR15;1
SEETHING;NR15;1
KIRSTEAD GREEN;NR15;1
ASLACTON;NR15;1
FLORDON;NR15;1
MORNINGTHORPE;NR15;1
LONG STRATTON;NR15;1
THARSTON;NR15;1
BUNWELL;NR16;1
BUNWELL STREET;NR16;1
BRIDGHAM;NR16;1
ECCLES ROAD;NR16;1
FORNCETT ST MARY;NR16;1
SNETTERTON;NR16;1
NEW BUCKENHAM;NR16;1
MIDDLE HARLING;NR16;1
LARLING;NR16;1
KENNINGHALL;NR16;1
HARGATE;NR16;1
FUNDENHALL;NR16;1
ROUDHAM;NR16;1
QUIDENHAM;NR16;1
FORNCETT END;NR16;1
EAST HARLING;NR16;1
TIBENHAM;NR16;1
CARLETON RODE;NR16;1
TACOLNESTON;NR16;1
WRENINGHAM;NR16;1
ASHWELLTHORPE;NR16;1
BANHAM;NR16;1
FORNCETT ST PETER;NR16;1
LITTLE ELLINGHAM;NR17;1
BRECKLES;NR17;1
OLD BUCKENHAM;NR17;1
SHROPHAM;NR17;1
NORTHACRE;NR17;1
PUDDLEDOCK;NR17;1
ROCKLAND ST PETER;NR17;1
GREAT ELLINGHAM;NR17;1
CASTON;NR17;1
CAKE STREET;NR17;1
ROCKLAND ALL SAINTS;NR17;1
STOW BEDON;NR17;1
CROWNTHORPE;NR18;1
MORLEY ST BOTOLPH;NR18;1
DEOPHAM;NR18;1
DEOPHAM GREEN;NR18;1
HACKFORD;NR18;1
WRAMPLINGHAM;NR18;1
KETTERINGHAM;NR18;1
SILFIELD;NR18;1
SPOONER ROW;NR18;1
SUTON;NR18;1
WICKLEWOOD;NR18;1
TOFTWOOD;NR19;1
EAST DEREHAM;NR19;1
SCARNING;NR19;1
YAXHAM;NR19;1
LITTLE FRANSHAM;NR19;1
GREAT FRANSHAM;NR19;1
CLINT GREEN;NR19;1
BITTERING;NR19;1
WHINBURGH;NR19;1
WENDLING;NR19;1
MILL STREET;NR20;1
HINDOLVESTON;NR20;1
HORNINGTOFT;NR20;1
WHISSONSETT;NR20;1
THEMELTHORPE;NR20;1
SWANTON MORLEY;NR20;1
NORTH TUDDENHAM;NR20;1
NORTH ELMHAM;NR20;1
NORTHALL GREEN;NR20;1
MATTISHALL BURGH;NR20;1
MATTISHALL;NR20;1
HOCKERING;NR20;1
GUESTWICK;NR20;1
GATELEY;NR20;1
FOULSHAM;NR20;1
GUIST;NR20;1
ELSING;NR20;1
EAST TUDDENHAM;NR20;1
BRISLEY;NR20;1
BINTREE;NR20;1
BEETLEY;NR20;1
EAST BILNEY;NR20;1
GRESSENHALL;NR20;1
WOOD NORTON;NR20;1
HOE;NR20;1
WELBORNE;NR20;1
STANFIELD;NR20;1
BAWDESWELL;NR20;1
BINHAM;NR21;1
FULMODESTON;NR21;1
TATTERFORD;NR21;1
THURSFORD;NR21;1
TOFTREES;NR21;1
COLKIRK;NR21;1
EAST RAYNHAM;NR21;1
FAKENHAM;NR21;1
GREAT RYBURGH;NR21;1
GREAT SNORING;NR21;1
KETTLESTONE;NR21;1
NORTH CREAKE;NR21;1
OXWICK;NR21;1
SOUTH CREAKE;NR21;1
SOUTH RAYNHAM;NR21;1
STIBBARD;NR21;1
WEST RAYNHAM;NR21;1
WEST BARSHAM;NR21;1
BALE;NR21;1
BARNEY;NR21;1
HELHOUGHTON;NR21;1
HINDRINGHAM;NR21;1
LITTLE RYBURGH;NR21;1
LITTLE SNORING;NR21;1
SHEREFORD;NR21;1
SCULTHORPE;NR21;1
EGMERE;NR22;1
GREAT WALSINGHAM;NR22;1
HOUGHTON ST GILES;NR22;1
LITTLE WALSINGHAM;NR22;1
NORTH BARSHAM;NR22;1
EAST BARSHAM;NR22;1
WARHAM;NR23;1
WELLS-NEXT-THE-SEA;NR23;1
HOLKHAM;NR23;1
COCKTHORPE;NR23;1
STIFFKEY;NR23;1
WIGHTON;NR23;1
BRININGHAM;NR24;1
BRINTON;NR24;1
SHARRINGTON;NR24;1
HUNWORTH;NR24;1
RAMSGATE STREET;NR24;1
MELTON CONSTABLE;NR24;1
EDGEFIELD;NR24;1
SWANTON NOVERS;NR24;1
BRISTON;NR24;1
STODY;NR24;1
BODHAM STREET;NR25;1
FIELD DALLING;NR25;1
BACONSTHORPE;NR25;1
LETHERINGSETT;NR25;1
CLEY NEXT THE SEA;NR25;1
WEYBOURNE;NR25;1
GLANDFORD;NR25;1
WEST BECKHAM;NR25;1
THORNAGE;NR25;1
SAXLINGHAM;NR25;1
SALTHOUSE;NR25;1
MORSTON;NR25;1
NEWGATE;NR25;1
WIVETON;NR25;1
KELLING;NR25;1
BEESTON REGIS;NR26;1
SHERINGHAM;NR26;1
UPPER SHERINGHAM;NR26;1
NORTHREPPS;NR27;1
OVERSTRAND;NR27;1
SIDESTRAND;NR27;1
TRIMINGHAM;NR27;1
EAST RUNTON;NR27;1
WEST RUNTON;NR27;1
CROSSDALE STREET;NR27;1
WORSTEAD;NR28;1
NORTH WALSHAM;NR28;1
PASTON;NR28;1
TRUNCH;NR28;1
WITTON BRIDGE;NR28;1
SWAFIELD;NR28;1
SPA COMMON;NR28;1
CROSTWIGHT;NR28;1
BENGATE;NR28;1
FELMINGHAM;NR28;1
EDINGTHORPE;NR28;1
DILHAM;NR28;1
ANTINGHAM;NR28;1
HONING;NR28;1
CATFIELD;NR29;1
WINTERTON-ON-SEA;NR29;1
WEST SOMERTON;NR29;1
STOKESBY;NR29;1
SCRATBY;NR29;1
ROLLESBY;NR29;1
REPPS;NR29;1
POTTER HEIGHAM;NR29;1
ORMESBY ST MICHAEL;NR29;1
MAUTBY;NR29;1
MARTHAM;NR29;1
HEMSBY;NR29;1
FILBY;NR29;1
EAST SOMERTON;NR29;1
CLIPPESBY;NR29;1
BILLOCKBY;NR29;1
BASTWICK;NR29;1
THURNE;NR29;1
THRIGBY;NR29;1
RUNHAM;NR29;1
ORMESBY ST MARGARET;NR29;1
HORSEY;NR29;1
BURGH ST MARGARET;NR29;1
LUDHAM;NR29;1
GREAT YARMOUTH;NR30;1
CAISTER-ON-SEA;NR30;1
WEST CAISTER;NR30;1
GORLESTON ON SEA;NR31;1
BURGH CASTLE;NR31;1
BURGH ST PETER;NR34;1
GELDESTON;NR34;1
TOFT MONKS;NR34;1
WHEATACRE;NR34;1
ALDEBY;NR34;1
DITCHINGHAM;NR35;1
KIRBY CANE;NR35;1
ILKETSHALL ST MARGARET;NR35;1
HEDENHAM;NR35;1
EARSHAM;NR35;1
WOODTON;NR35;1
TOPCROFT;NR35;1
THWAITE ST MARY;NR35;1
ST MICHAEL SOUTH ELMHAM;NR35;1
KIRBY ROW;NR35;1
TOPCROFT STREET;NR35;1
COLNEY;NR4;1
CRINGLEFORD;NR4;1
INTWOOD;NR4;1
EARLHAM;NR4;1
BOWTHORPE;NR5;1
NEW COSTESSEY;NR5;1
HELLESDON;NR6;1
SPROWSTON;NR7;1
THORPE ST ANDREW;NR7;1
RINGLAND;NR8;1
COSTESSEY;NR8;1
TAVERHAM;NR8;1
BARNHAM BROOM;NR9;1
CARLETON FOREHOE;NR9;1
GARVESTONE;NR9;1
PRIMROSE GREEN;NR9;1
HARDINGHAM;NR9;1
WESTON LONGVILLE;NR9;1
BAWBURGH;NR9;1
WOODRISING;NR9;1
SCOULTON;NR9;1
LITTLE MELTON;NR9;1
BRANDON PARVA;NR9;1
HINGHAM;NR9;1
MARLINGFORD;NR9;1
HONINGHAM;NR9;1
HETHERSETT;NR9;1
LENWADE;NR9;1
GREAT MELTON;NR9;1
THUXTON;NR9;1
ALDERFORD;NR9;1
ATTLEBRIDGE;NR9;1
SPARHAM;NR9;1
RUNHALL;NR9;1
REYMERSTON;NR9;1
WALSOKEN;PE13;1
ST JOHN'S HIGHWAY;PE14;1
OUTWELL;PE14;1
WALPOLE ST PETER;PE14;1
FRIDAY BRIDGE;PE14;1
EMNETH HUNGATE;PE14;1
EMNETH;PE14;1
HOLLY END;PE14;1
LAKESEND;PE14;1
THREE HOLES;PE14;1
WALPOLE HIGHWAY;PE14;1
WEST WALTON HIGHWAY;PE14;1
UPWELL;PE14;1
WELNEY;PE14;1
WALPOLE ST ANDREW;PE14;1
ST JOHN'S FEN END;PE14;1
WEST WALTON;PE14;1
GAYWOOD;PE30;1
SOUTH WOOTTON;PE30;1
KING'S LYNN;PE30;1
BIRCHAM TOFTS;PE31;1
SNETTISHAM;PE31;1
BURNHAM NORTON;PE31;1
BARMER;PE31;1
BIRCHAM NEWTON;PE31;1
BRANCASTER;PE31;1
BURNHAM DEEPDALE;PE31;1
BURNHAM OVERY;PE31;1
BURNHAM THORPE;PE31;1
CASTLE RISING;PE31;1
DERSINGHAM;PE31;1
DOCKING;PE31;1
EAST RUDHAM;PE31;1
FLITCHAM;PE31;1
FRING;PE31;1
GREAT BIRCHAM;PE31;1
HEACHAM;PE31;1
HILLINGTON;PE31;1
INGOLDISTHORPE;PE31;1
OVERY STAITHE;PE31;1
SHERNBORNE;PE31;1
STANHOE;PE31;1
SUMMERFIELD;PE31;1
SYDERSTONE;PE31;1
TATTERSETT;PE31;1
TITCHWELL;PE31;1
WEST RUDHAM;PE31;1
WOLFERTON;PE31;1
ANMER;PE31;1
BURNHAM MARKET;PE31;1
WEASENHAM ALL SAINTS;PE32;1
PENTNEY;PE32;1
LITTLE DUNHAM;PE32;1
GAYTON THORPE;PE32;1
GREAT PALGRAVE;PE32;1
MILEHAM;PE32;1
SPORLE;PE32;1
WEST ACRE;PE32;1
ASHWICKEN;PE32;1
BLACKBOROUGH END;PE32;1
CASTLE ACRE;PE32;1
CONGHAM;PE32;1
EAST LEXHAM;PE32;1
EAST WINCH;PE32;1
GREAT DUNHAM;PE32;1
GREAT MASSINGHAM;PE32;1
EAST WALTON;PE32;1
WEST LEXHAM;PE32;1
WEST BILNEY;PE32;1
WELLINGHAM;PE32;1
LITCHAM;PE32;1
WEASENHAM ST PETER;PE32;1
LITTLE MASSINGHAM;PE32;1
TITTLESHALL;PE32;1
SOUTH ACRE;PE32;1
POTT ROW;PE32;1
SHOULDHAM THORPE;PE33;1
GOODERSTONE;PE33;1
FINCHAM;PE33;1
CRIMPLESHAM;PE33;1
BARTON BENDISH;PE33;1
SOUTH RUNCTON;PE33;1
TOTTENHILL;PE33;1
THORPLAND;PE33;1
STRADSETT;PE33;1
STOKE FERRY;PE33;1
SHOULDHAM;PE33;1
WORMEGAY;PE33;1
SETCHEY;PE33;1
WRETTON;PE33;1
WEST WINCH;PE33;1
RUNCTON HOLME;PE33;1
OXBOROUGH;PE33;1
WEST DEREHAM;PE33;1
WEREHAM;PE33;1
NORTH RUNCTON;PE33;1
MARHAM;PE33;1
WEST LYNN;PE34;1
WIGGENHALL ST PETER;PE34;1
WIGGENHALL ST MARY MAGDALEN;PE34;1
WIGGENHALL ST MARY THE VIRGIN;PE34;1
WIGGENHALL ST GERMANS;PE34;1
STOW BARDOLPH;PE34;1
ONGAR HILL;PE34;1
CLENCHWARTON;PE34;1
WIMBOTSHAM;PE34;1
STOWBRIDGE;PE34;1
TERRINGTON ST CLEMENT;PE34;1
TILNEY ST LAWRENCE;PE34;1
WALPOLE CROSS KEYS;PE34;1
TILNEY ALL SAINTS;PE34;1
TERRINGTON ST JOHN;PE34;1
TILNEY HIGH END;PE34;1
SADDLE BOW;PE34;1
SANDRINGHAM;PE35;1
HUNSTANTON;PE36;1
THORNHAM;PE36;1
HOLME NEXT THE SEA;PE36;1
SEDGEFORD;PE36;1
NORTH PICKENHAM;PE37;1
IVY TODD;PE37;1
COCKLEY CLEY;PE37;1
BEECHAMWELL;PE37;1
NECTON;PE37;1
SWAFFHAM;PE37;1
SOUTH PICKENHAM;PE37;1
SOUTHERY;PE38;1
DENVER;PE38;1
NORDELPH;PE38;1
HILGAY;PE38;1
TEN MILE BANK;PE38;1
DOWNHAM MARKET;PE38;1
BEXWELL;PE38;1
BARBY;CV23;1
KILSBY;CV23;1
LILBOURNE;CV23;1
ASHBY ST LEDGERS;CV23;1
WAKERLEY;LE15;1
ARTHINGWORTH;LE16;1
GREAT OXENDON;LE16;1
DINGLEY;LE16;1
WILBARSTON;LE16;1
STOKE ALBANY;LE16;1
SIBBERTOFT;LE16;1
EAST FARNDON;LE16;1
CLIPSTON;LE16;1
BRAYBROOKE;LE16;1
BRAMPTON ASH;LE16;1
MARSTON TRUSSELL;LE16;1
ROCKINGHAM;LE16;1
EAST CARLTON;LE16;1
LONG STREET;MK19;1
OLD STRATFORD;MK19;1
DEANSHANGER;MK19;1
COSGROVE;MK19;1
PASSENHAM;MK19;1
UPPER WEALD;MK19;1
HIGHAM FERRERS;NN10;1
MORETON PINKNEY;NN11;1
HELLIDON;NN11;1
WEST FARNDON;NN11;1
WHILTON;NN11;1
EYDON;NN11;1
ASTON LE WALLS;NN11;1
PRESTON CAPES;NN11;1
BUCKBY WHARF;NN11;1
CANONS ASHBY;NN11;1
CATESBY;NN11;1
EVERDON;NN11;1
LOWER BODDINGTON;NN11;1
UPPER BODDINGTON;NN11;1
BYFIELD;NN11;1
WOODFORD HALSE;NN11;1
DAVENTRY;NN11;1
CHARWELTON;NN11;1
BADBY;NN11;1
SILVERSTONE;NN12;1
FARTHINGSTONE;NN12;1
YARDLEY GOBION;NN12;1
PURY END;NN12;1
WEEDON LOIS;NN12;1
POTTERSPURY;NN12;1
PATTISHALL;NN12;1
LITCHBOROUGH;NN12;1
MAIDFORD;NN12;1
PAULERSPURY;NN12;1
WOOD BURCOTE;NN12;1
GREENS NORTON;NN12;1
BLAKESLEY;NN12;1
TOWCESTER;NN12;1
FOSTER'S BOOTH;NN12;1
COLD HIGHAM;NN12;1
GRAFTON REGIS;NN12;1
BRADDEN;NN12;1
GRIMSCOTE;NN12;1
SHUTLANGER;NN12;1
WHITTLEBURY;NN12;1
WAPPENHAM;NN12;1
TIFFIELD;NN12;1
STOKE BRUERNE;NN12;1
PLUMPTON END;NN12;1
ADSTONE;NN12;1
ABTHORPE;NN12;1
ASTCOTE;NN12;1
EVENLEY;NN13;1
FARTHINGHOE;NN13;1
HELMDON;NN13;1
HINTON-IN-THE-HEDGES;NN13;1
RADSTONE;NN13;1
STEANE;NN13;1
SYRESHAM;NN13;1
TURWESTON;NN13;1
CROUGHTON;NN13;1
ALDWINCLE;NN14;1
THORPE WATERVILLE;NN14;1
ISHAM;NN14;1
BRIGSTOCK;NN14;1
THORPE MALSOR;NN14;1
THRAPSTON;NN14;1
TWYWELL;NN14;1
WIGSTHORPE;NN14;1
TITCHMARSH;NN14;1
SLIPTON;NN14;1
ORLINGBURY;NN14;1
PIPEWELL;NN14;1
PYTCHLEY;NN14;1
GRAFTON UNDERWOOD;NN14;1
LITTLE ADDINGTON;NN14;1
DESBOROUGH;NN14;1
CRANFORD ST ANDREW;NN14;1
GREAT ADDINGTON;NN14;1
GREAT CRANSLEY;NN14;1
STANION;NN14;1
DENFORD;NN14;1
GEDDINGTON;NN14;1
CLOPTON;NN14;1
SUDBOROUGH;NN14;1
CRANFORD ST JOHN;NN14;1
BURTON LATIMER;NN15;1
BARTON SEAGRAVE;NN15;1
WEEKLEY;NN16;1
WARKTON;NN16;1
KETTERING;NN16;1
CORBY;NN17;1
BULWICK;NN17;1
WELDON;NN17;1
DEENETHORPE;NN17;1
DEENE;NN17;1
HARRINGWORTH;NN17;1
KINGSTHORPE;NN2;1
HINWICK;NN29;1
EASTON MAUDIT;NN29;1
STRIXTON;NN29;1
IRCHESTER;NN29;1
GREAT DODDINGTON;NN29;1
BOZEAT;NN29;1
BOOTHVILLE;NN3;1
WESTON FAVELL;NN3;1
GREAT BILLING;NN3;1
LITTLE BILLING;NN3;1
HARDINGSTONE;NN4;1
FAR COTTON;NN4;1
COLLINGTREE;NN4;1
DUSTON;NN5;1
NEW DUSTON;NN5;1
FAXTON;NN6;1
STANFORD ON AVON;NN6;1
HOLLOWELL;NN6;1
HOLDENBY;NN6;1
HOLCOT;NN6;1
HASELBECH;NN6;1
GUILSBOROUGH;NN6;1
EAST HADDON;NN6;1
CRICK;NN6;1
CREATON;NN6;1
CLAY COTON;NN6;1
CHURCH BRAMPTON;NN6;1
BRIXWORTH;NN6;1
LAMPORT;NN6;1
COLD ASHBY;NN6;1
KELMARSH;NN6;1
LONG BUCKBY;NN6;1
EARLS BARTON;NN6;1
COTTESBROOKE;NN6;1
YELVERTOFT;NN6;1
MAIDWELL;NN6;1
WEST HADDON;NN6;1
WALGRAVE;NN6;1
OVERSTONE;NN6;1
THORNBY;NN6;1
TEETON;NN6;1
SYWELL;NN6;1
SPRATTON;NN6;1
SCALDWELL;NN6;1
PITSFORD;NN6;1
NASEBY;NN6;1
MEARS ASHBY;NN6;1
CHAPEL BRAMPTON;NN6;1
OLD;NN6;1
FLORE;NN7;1
ROADE;NN7;1
KISLINGBURY;NN7;1
YARDLEY HASTINGS;NN7;1
ROTHERSTHORPE;NN7;1
NETHER HEYFORD;NN7;1
LOWER END;NN7;1
LITTLE HOUGHTON;NN7;1
LITTLE BRINGTON;NN7;1
MILTON MALSOR;NN7;1
GREAT BRINGTON;NN7;1
COGENHOE;NN7;1
CHURCH STOWE;NN7;1
BLISWORTH;NN7;1
BUGBROOKE;NN7;1
BROCKHALL;NN7;1
BRAFIELD-ON-THE-GREEN;NN7;1
HARPOLE;NN7;1
HARLESTONE;NN7;1
HACKLETON;NN7;1
CASTLE ASHBY;NN7;1
COURTEENHALL;NN7;1
NOBOTTLE;NN7;1
PRESTON DEANERY;NN7;1
UPPER STOWE;NN7;1
UPPER WEEDON;NN7;1
WEEDON BEC;NN7;1
WELLINGBOROUGH;NN8;1
RAUNDS;NN9;1
LITTLE HARROWDEN;NN9;1
IRTHLINGBOROUGH;NN9;1
GREAT HARROWDEN;NN9;1
FINEDON;NN9;1
STANWICK;NN9;1
CHELVESTON;NN9;1
CHIPPING WARDEN;OX17;1
UPPER WARDINGTON;OX17;1
GREATWORTH;OX17;1
GREAT BOURTON;OX17;1
NEWBOTTLE;OX17;1
AYNHO;OX17;1
THENFORD;OX17;1
CHACOMBE;OX17;1
MARSTON ST LAWRENCE;OX17;1
CULWORTH;OX17;1
UPPER ASTROP;OX17;1
MIDDLETON CHENEY;OX17;1
THORPE MANDEVILLE;OX17;1
KING'S SUTTON;OX17;1
SULGRAVE;OX17;1
WILLIAMSCOT;OX17;1
COTTERSTOCK;PE8;1
YARWELL;PE8;1
FOTHERINGHAY;PE8;1
NASSINGTON;PE8;1
KING'S CLIFFE;PE8;1
EAGLETHORPE;PE8;1
LOWER BENEFIELD;PE8;1
GLAPTHORN;PE8;1
APETHORPE;PE8;1
ARMSTON;PE8;1
OUNDLE;PE8;1
WOODNEWTON;PE8;1
STOKE DOYLE;PE8;1
BARNWELL ALL SAINTS;PE8;1
BLATHERWYCKE;PE8;1
STIBBINGTON;PE8;1
ACHURCH;PE8;1
POLEBROOK;PE8;1
LUDDINGTON IN THE BROOK;PE8;1
BARNWELL ST ANDREW;PE8;1
WADENHOE;PE8;1
UPPER BENEFIELD;PE8;1
TANSOR;PE8;1
DUDDINGTON;PE9;1
COLLYWESTON;PE9;1
EASTON ON THE HILL;PE9;1
CROSS HILLS;BD20;1
KILDWICK;BD20;1
CONONLEY;BD20;1
SUTTON-IN-CRAVEN;BD20;1
LOTHERSDALE;BD20;1
GLUSBURN;BD20;1
LOW BRADLEY;BD20;1
THORNTON-IN-CRAVEN;BD23;1
KILNSEY;BD23;1
BUCKDEN;BD23;1
THORLBY;BD23;1
THRESHFIELD;BD23;1
NAPPA;BD23;1
WIGGLESWORTH;BD23;1
HEBDEN;BD23;1
HAWKSWICK;BD23;1
HALTON EAST;BD23;1
GRASSINGTON;BD23;1
APPLETREEWICK;BD23;1
EMBSAY;BD23;1
ARNCLIFFE COTE;BD23;1
BANK NEWTON;BD23;1
FLASBY;BD23;1
BELL BUSK;BD23;1
BORDLEY;BD23;1
MEARBECK;BD23;1
CONISTONE;BD23;1
CRACOE;BD23;1
DREBLEY;BD23;1
EASTBY;BD23;1
EAST MARTON;BD23;1
ELSLACK;BD23;1
ESHTON;BD23;1
FOXUP;BD23;1
GARGRAVE;BD23;1
HALTON GILL;BD23;1
HALTON WEST;BD23;1
HANLITH;BD23;1
HELLIFIELD;BD23;1
KIRKBY MALHAM;BD23;1
LONG GILL;BD23;1
LONG PRESTON;BD23;1
BURNSALL;BD23;1
YOCKENTHWAITE;BD23;1
WINTERBURN;BD23;1
CONISTON COLD;BD23;1
WEST MARTON;BD23;1
TOSSIDE;BD23;1
RYLSTONE;BD23;1
MALHAM;BD23;1
STIRTON;BD23;1
BOLTON ABBEY;BD23;1
KETTLEWELL;BD23;1
HUBBERHOLME;BD23;1
HOWGILL;BD23;1
OUGHTERSHAW;BD23;1
RAVENSHAW;BD23;1
HETTON;BD23;1
SKIPTON;BD23;1
STARBOTTON;BD23;1
THREAPLAND;BD23;1
BEAMSLEY;BD23;1
AIRTON;BD23;1
ARNCLIFFE;BD23;1
BOLTON BRIDGE;BD23;1
BRAYSHAW;BD23;1
SELSIDE;BD24;1
RATHMELL;BD24;1
SETTLE;BD24;1
HELWITH BRIDGE;BD24;1
CLEATOP;BD24;1
HIGH BIRKWITH;BD24;1
STACKHOUSE;BD24;1
HORTON IN RIBBLESDALE;BD24;1
LANGCLIFFE;BD24;1
STUDFOLD;BD24;1
NEW HOUSES;BD24;1
WHAM;BD24;1
GIGGLESWICK;BD24;1
EAST APPLETON;DL10;1
BOLTON-ON-SWALE;DL10;1
BROMPTON ON SWALE;DL10;1
CATTERICK;DL10;1
GILLING WEST;DL10;1
KIPLIN;DL10;1
MELSONBY;DL10;1
MIDDLETON TYAS;DL10;1
NEWTON MORRELL;DL10;1
SCOTCH CORNER;DL10;1
SKEEBY;DL10;1
UCKERBY;DL10;1
CRACKPOT;DL11;1
BLADES;DL11;1
ALDBROUGH ST JOHN;DL11;1
GAYLES;DL11;1
IVELET;DL11;1
EAST LAYTON;DL11;1
WEST LAYTON;DL11;1
WHASHTON;DL11;1
HUDSWELL;DL11;1
DOWNHOLME;DL11;1
EPPLEBY;DL11;1
FEETHAM;DL11;1
FORCETT;DL11;1
GUNNERSIDE;DL11;1
KEARTON;DL11;1
LANGTHWAITE;DL11;1
MARRICK;DL11;1
MARSKE;DL11;1
MUKER;DL11;1
GRINTON;DL11;1
WHAW;DL11;1
RAVENSWORTH;DL11;1
WEST STONESDALE;DL11;1
REETH;DL11;1
WASHFOLD;DL11;1
PIERCEBRIDGE;DL2;1
DALTON-ON-TEES;DL2;1
HURWORTH-ON-TEES;DL2;1
LITTLE NEWSHAM;DL2;1
SUMMER-HOUSE;DL2;1
MANFIELD;DL2;1
HOUGHTON-LE-SIDE;DL2;1
HOUGHTON BANK;DL2;1
CLEASBY;DL2;1
CROFT-ON-TEES;DL2;1
ERYHOLME;DL2;1
GIRSBY;DL2;1
APPLETON WISKE;DL6;1
INGLEBY ARNCLIFFE;DL6;1
HIGH ENTERCOMMON;DL6;1
ELLERBECK;DL6;1
GREAT SMEATON;DL6;1
EAST HARLSEY;DL6;1
THORNTON-LE-BEANS;DL6;1
WELBURY;DL6;1
WEST ROUNTON;DL6;1
OSMOTHERLEY;DL6;1
EAST ROUNTON;DL6;1
SWAINBY;DL6;1
OAKTREE HILL;DL6;1
LOW ENTERCOMMON;DL6;1
KIRBY SIGSTON;DL6;1
INGLEBY CROSS;DL6;1
NORTHALLERTON;DL6;1
POTTO;DL6;1
CLEVELAND TONTINE;DL6;1
LEEMING BAR;DL7;1
AINDERBY STEEPLE;DL7;1
THORNTON-LE-MOOR;DL7;1
SCRUTON;DL7;1
MORTON-ON-SWALE;DL7;1
NORTH COWTON;DL7;1
STREETLAM;DL7;1
SOUTH OTTERINGTON;DL7;1
NEWBY WISKE;DL7;1
LITTLE FENCOTE;DL7;1
BIRKBY;DL7;1
ROMANBY;DL7;1
GREAT LANGTON;DL7;1
GREAT FENCOTE;DL7;1
GATENBY;DL7;1
EAST COWTON;DL7;1
HUTTON BONVILLE;DL7;1
YAFFORTH;DL7;1
WARLABY;DL7;1
THRINTOFT;DL7;1
KIRKBY FLEETHAM;DL7;1
DANBY WISKE;DL7;1
BELLERBY;DL8;1
CASTLE BOLTON;DL8;1
BURTERSETT;DL8;1
BURRILL;DL8;1
HIGH SHAW;DL8;1
LANGTHORNE;DL8;1
PRESTON-UNDER-SCAR;DL8;1
SPENNITHORNE;DL8;1
THEAKSTON;DL8;1
WALDEN HEAD;DL8;1
EXELBY;DL8;1
OXNOP GHYLL;DL8;1
SWINITHWAITE;DL8;1
COUNTERSETT;DL8;1
FOSSDALE;DL8;1
GREAT CRAKEHALL;DL8;1
HORSEHOUSE;DL8;1
KIRKBRIDGE;DL8;1
LITTLE HOLTBY;DL8;1
MID MOSSDALE;DL8;1
NOSTERFIELD;DL8;1
SEDBUSK;DL8;1
STALLING BUSK;DL8;1
SUTTON HOWGRAVE;DL8;1
WALDEN;DL8;1
WOODALE;DL8;1
WOODHALL;DL8;1
BURNESTON;DL8;1
HARMBY;DL8;1
THORALBY;DL8;1
PATRICK BROMPTON;DL8;1
WEST WITTON;DL8;1
WEST SCRAFTON;DL8;1
THORNTON RUST;DL8;1
REDMIRE;DL8;1
MIDDLEHAM;DL8;1
MARSETT;DL8;1
LEYBURN;DL8;1
HACKFORTH;DL8;1
FINGHALL;DL8;1
EAST WITTON;DL8;1
EAST HAUXWELL;DL8;1
COVERHAM;DL8;1
ARRATHORNE;DL8;1
BARDEN;DL8;1
COTTERDALE;DL8;1
CONSTABLE BURTON;DL8;1
GAMMERSGILL;DL8;1
KIDSTONES;DL8;1
AGGLETHORPE;DL8;1
AISKEW;DL8;1
ASKRIGG;DL8;1
CARTHORPE;DL8;1
BAINBRIDGE;DL8;1
CARPERBY;DL8;1
CALDBERGH;DL8;1
BEDALE;DL8;1
HARDRAW;DL8;1
HAWES;DL8;1
AYSGARTH;DL8;1
CATTERICK CAMP;DL9;1
GREAT HECK;DN14;1
KELLINGTON;DN14;1
HENSALL;DN14;1
WOMERSLEY;DN6;1
HIGH HARROGATE;HG1;1
WILSILL;HG3;1
CLAP GATE;HG3;1
SWINCLIFFE;HG3;1
SOUTH STAINLEY;HG3;1
BURNT YATES;HG3;1
GLASSHOUSES;HG3;1
KETTLESING;HG3;1
LOW LAITHE;HG3;1
SHAW MILLS;HG3;1
STEAN;HG3;1
PANNAL;HG3;1
BECKWITHSHAW;HG3;1
BEWERLEY;HG3;1
BISHOP MONKTON;HG3;1
BISHOP THORNTON;HG3;1
BLAND HILL;HG3;1
BREARTON;HG3;1
CLINT;HG3;1
DACRE BANKS;HG3;1
DARLEY;HG3;1
FOLLIFOOT;HG3;1
PADSIDE;HG3;1
NIDD;HG3;1
HEYSHAW;HG3;1
INGERTHORPE;HG3;1
KETTLESING BOTTOM;HG3;1
KILLINGHALL;HG3;1
MARKINGTON;HG3;1
PATELEY BRIDGE;HG3;1
SMELTHOUSES;HG3;1
SPOFFORTH;HG3;1
SUMMER BRIDGE;HG3;1
BIRSTWITH;HG3;1
BURTON LEONARD;HG3;1
COPGROVE;HG3;1
MIDDLESMOOR;HG3;1
FEWSTON;HG3;1
GREENHOW HILL;HG3;1
HAMPSTHWAITE;HG3;1
KIRKBY OVERBLOW;HG3;1
RAMSGILL;HG3;1
RIPON;HG4;1
SHAROW;HG4;1
WEST TANFIELD;HG4;1
BRIDGE HEWICK;HG4;1
COLSTERDALE;HG4;1
EAVESTONE;HG4;1
ELLINGSTRING;HG4;1
HIGH BURTON;HG4;1
HUTTON CONYERS;HG4;1
LITTLETHORPE;HG4;1
MARTON-LE-MOOR;HG4;1
MIDDLETON QUERNHOW;HG4;1
NORTH STAINLEY;HG4;1
RISPLITH;HG4;1
ROOKWITH;HG4;1
THIRN;HG4;1
WATH;HG4;1
ALDBURGH;HG4;1
ALDFIELD;HG4;1
BINSOE;HG4;1
GALPHAY;HG4;1
HIGH ELLINGTON;HG4;1
LOW BURTON;HG4;1
KIRKBY MALZEARD;HG4;1
SUTTON GRANGE;HG4;1
WINKSLEY BANKS;HG4;1
AZERLEY;HG4;1
COPT HEWICK;HG4;1
FEARBY;HG4;1
GRANTLEY;HG4;1
GREWELTHORPE;HG4;1
MASHAM;HG4;1
MICKLEY;HG4;1
STUDLEY ROGER;HG4;1
THORNTON STEWARD;HG4;1
THORNTON WATLASS;HG4;1
WINKSLEY;HG4;1
FLAXBY;HG5;1
CLARETON;HG5;1
KNARESBOROUGH;HG5;1
CONEYTHORPE;HG5;1
FERRENSBY;HG5;1
SCRIVEN;HG5;1
ARKENDALE;HG5;1
AUSTWICK;LA2;1
ELDROTH;LA2;1
LAWKLAND;LA2;1
HIGH BENTHAM;LA2;1
WEATHERCOTE;LA6;1
BURTON IN LONSDALE;LA6;1
NORTH RIGTON;LS17;1
FARNLEY;LS21;1
LEATHLEY;LS21;1
TIMBLE;LS21;1
ASKWITH;LS21;1
STAINBURN;LS21;1
COWTHORPE;LS22;1
SICKLINGHALL;LS22;1
NORTH DEIGHTON;LS22;1
KIRK DEIGHTON;LS22;1
HUNSINGORE;LS22;1
LITTLE RIBSTON;LS22;1
TOWTON;LS24;1
TADCASTER;LS24;1
CHURCH FENTON;LS24;1
CATTERTON;LS24;1
SAXTON;LS24;1
RYTHER;LS24;1
NEWTON KYME;LS24;1
KIRKBY WHARFE;LS24;1
WIGHILL;LS24;1
ULLESKELF;LS24;1
LUMBY;LS25;1
BURTON SALMON;LS25;1
HILLAM;LS25;1
LITTLE FENTON;LS25;1
MONK FRYSTON;LS25;1
NEWTHORPE;LS25;1
WEST GARFORTH;LS25;1
SHERBURN IN ELMET;LS25;1
SOUTH MILFORD;LS25;1
KIRKLEATHAM;TS10;1
COATHAM;TS10;1
DORMANSTOWN;TS10;1
REDCAR;TS10;1
NEW MARSKE;TS11;1
MARSKE-BY-THE-SEA;TS11;1
UPLEATHAM;TS11;1
BOOSBECK;TS12;1
SKELTON GREEN;TS12;1
STANGHOW;TS12;1
LINGDALE;TS12;1
MOORSHOLM;TS12;1
NORTH SKELTON;TS12;1
BROTTON;TS12;1
SALTBURN-BY-THE-SEA;TS12;1
RUNSWICK;TS13;1
SKINNINGROVE;TS13;1
STAITHES;TS13;1
MICKLEBY;TS13;1
SCALING;TS13;1
PORT MULGRAVE;TS13;1
LOFTUS;TS13;1
HINDERWELL;TS13;1
CARLIN HOW;TS13;1
BOULBY;TS13;1
NEWTON MULGRAVE;TS13;1
ELLERBY;TS13;1
DALEHOUSE;TS13;1
GUISBOROUGH;TS14;1
DUNSDALE;TS14;1
PINCHINTHORPE;TS14;1
CRATHORNE;TS15;1
KIRKLEVINGTON;TS15;1
LOW WORSALL;TS15;1
SEXHOW;TS15;1
YARM;TS15;1
HIGH LEVEN;TS15;1
HUTTON RUDBY;TS15;1
RUDBY;TS15;1
ENTERPEN;TS15;1
MIDDLETON-ON-LEVEN;TS15;1
THORNABY-ON-TEES;TS17;1
CARGO FLEET;TS3;1
ORMESBY;TS3;1
NORTH ORMESBY;TS3;1
LAZENBY;TS6;1
ESTON;TS6;1
GRANGETOWN;TS6;1
NUNTHORPE;TS7;1
TOLLESBY;TS7;1
HEMLINGTON;TS8;1
FANGDALE BECK;TS9;1
GREAT BUSBY;TS9;1
EASBY;TS9;1
CHOP GATE;TS9;1
CARLTON IN CLEVELAND;TS9;1
INGLEBY GREENHOW;TS9;1
LITTLE AYTON;TS9;1
NEWTON UNDER ROSEBERRY;TS9;1
BATTERSBY;TS9;1
TANTON;TS9;1
URRA;TS9;1
STOKESLEY;TS9;1
SEAVE GREEN;TS9;1
GREAT AYTON;TS9;1
FACEBY;TS9;1
BROTHERTON;WF11;1
FAIRBURN;WF11;1
CRIDLING STUBBS;WF11;1
BIRKIN;WF11;1
KIRK SMEATON;WF8;1
LITTLE SMEATON;WF8;1
NABURN;YO1;1
HESLINGTON;YO1;1
OSBALDWICK;YO1;1
FOLKTON;YO11;1
LEBBERSTON;YO11;1
CAYTON;YO11;1
SCARBOROUGH;YO11;1
IRTON;YO12;1
FALSGRAVE;YO12;1
GANTON;YO12;1
STAXTON;YO12;1
EAST AYTON;YO12;1
BROXA;YO13;1
SNAINTON;YO13;1
EBBERSTON;YO13;1
SILPHO;YO13;1
RAVENSCAR;YO13;1
BURNISTON;YO13;1
CLOUGHTON;YO13;1
SAWDON;YO13;1
RUSTON;YO13;1
HUTTON BUSCEL;YO13;1
HARWOOD DALE;YO13;1
WEST AYTON;YO13;1
LANGDALE END;YO13;1
STAINTONDALE;YO13;1
CLOUGHTON NEWLANDS;YO13;1
SPEETON;YO14;1
REIGHTON;YO14;1
HUNMANBY;YO14;1
GRISTHORPE;YO14;1
FILEY;YO14;1
LEPPINGTON;YO17;1
LEAVENING;YO17;1
KIRBY MISPERTON;YO17;1
KENNYTHORPE;YO17;1
HELPERTHORPE;YO17;1
EAST KNAPTON;YO17;1
BURYTHORPE;YO17;1
BURDALE;YO17;1
LOW MARISHES;YO17;1
BRAWBY;YO17;1
MENETHORPE;YO17;1
BIRDSALL;YO17;1
BARTON-LE-STREET;YO17;1
ALDRO;YO17;1
NORTH GRIMSTON;YO17;1
PLACE NEWTON;YO17;1
SETTRINGTON;YO17;1
LITTLE HABTON;YO17;1
LITTLE BARUGH;YO17;1
WEAVERTHORPE;YO17;1
THORPE BASSETT;YO17;1
WEST KNAPTON;YO17;1
WHARRAM LE STREET;YO17;1
SCAMPSTON;YO17;1
WINTRINGHAM;YO17;1
YEDINGHAM;YO17;1
AMOTHERBY;YO17;1
DUGGLEBY;YO17;1
EAST HESLERTON;YO17;1
EAST LUTTON;YO17;1
MALTON;YO17;1
RILLINGTON;YO17;1
KIRBY GRINDALYTHE;YO17;1
THIXENDALE;YO17;1
GREAT BARUGH;YO17;1
APPLETON-LE-STREET;YO17;1
WEST HESLERTON;YO17;1
WEST LUTTON;YO17;1
WHARRAM PERCY;YO17;1
SCAGGLETHORPE;YO17;1
OLD MALTON;YO17;1
GREAT HABTON;YO17;1
WRELTON;YO18;1
THORNTON-LE-DALE;YO18;1
THORGILL;YO18;1
STAPE;YO18;1
ROSEDALE ABBEY;YO18;1
NEWTON-ON-RAWCLIFFE;YO18;1
LOCKTON;YO18;1
LEVISHAM;YO18;1
KELDY CASTLE;YO18;1
CROPTON;YO18;1
PICKERING;YO18;1
AISLABY;YO18;1
ALLERSTON;YO18;1
CROCKEY HILL;YO19;1
RICCALL;YO19;1
STILLINGFLEET;YO19;1
WHELDRAKE;YO19;1
ESCRICK;YO19;1
HOLTBY;YO19;1
WARTHILL;YO19;1
AINTHORPE;YO21;1
KILDALE;YO21;1
WEST BARNBY;YO21;1
GLAISDALE;YO21;1
COMMONDALE;YO21;1
EAST BARNBY;YO21;1
EGTON;YO21;1
EGTON BRIDGE;YO21;1
DUNSLEY;YO21;1
HOULSYKE;YO21;1
KETTLENESS;YO21;1
DANBY;YO21;1
UGTHORPE;YO21;1
LEALHOLM;YO21;1
LYTHE;YO21;1
NEWHOLM;YO21;1
SANDSEND;YO21;1
WHITBY;YO21;1
RAW;YO22;1
ROBIN HOOD'S BAY;YO22;1
RUSWARP;YO22;1
SLEIGHTS;YO22;1
SNEATON;YO22;1
SNEATONTHORPE;YO22;1
STAINSACRE;YO22;1
UGGLEBARNBY;YO22;1
BECK HOLE;YO22;1
FLASK INN;YO22;1
FYLINGTHORPE;YO22;1
GOATHLAND;YO22;1
LOW HAWKSER;YO22;1
HIGH HAWSKER;YO22;1
HUNT HOUSE;YO22;1
LITTLEBECK;YO22;1
ASKHAM BRYAN;YO23;1
APPLETON ROEBUCK;YO23;1
RUFFORTH;YO23;1
BILBROUGH;YO23;1
ACASTER MALBIS;YO23;1
ASKHAM RICHARD;YO23;1
FOXHOLES;YO25;1
THORPE UNDERWOOD;YO26;1
BENINGBROUGH;YO30;1
NEWTON-ON-OUSE;YO30;1
BROCKFIELD;YO32;1
STOCKTON ON THE FOREST;YO32;1
HAXBY;YO32;1
WIGGINGTON;YO32;1
STRENSALL;YO32;1
EARSWICK;YO32;1
SCRAYINGHAM;YO41;1
GATE HELMSLEY;YO41;1
SAND HUTTON;YO41;1
FLAXTON;YO60;1
GANTHORPE;YO60;1
WELBURN;YO60;1
ALNE;YO61;1
SUTTON-ON-THE-FOREST;YO61;1
COXWOLD;YO61;1
BRANDSBY;YO61;1
EASINGWOLD;YO61;1
CRAYKE;YO61;1
HUSTHWAITE;YO61;1
MYTON-ON-SWALE;YO61;1
CUNDALL;YO61;1
RASKELF;YO61;1
OLD BYLAND;YO62;1
KIRKBYMOORSIDE;YO62;1
HUTTON-LE-HOLE;YO62;1
HOVINGHAM;YO62;1
HELMSLEY SPROXTON;YO62;1
SALTON;YO62;1
FADMOOR;YO62;1
GREAT EDSTONE;YO62;1
APPLETON-LE-MOORS;YO62;1
GILLING EAST;YO62;1
SINNINGTON;YO62;1
AMPLEFORTH;YO62;1
POCKLEY;YO62;1
HAROME;YO62;1
OSWALDKIRK;YO62;1
NUNNINGTON;YO62;1
SCAWTON;YO7;1
FELIXKIRK;YO7;1
CARLTON MINIOTT;YO7;1
SANDHUTTON;YO7;1
SUTTON-UNDER-WHITESTONECLIFFE;YO7;1
BAGBY;YO7;1
CRAKEHILL;YO7;1
HUTTON SESSAY;YO7;1
KNAYTON;YO7;1
LITTLE THIRKLEBY;YO7;1
NORTH KILVINGTON;YO7;1
OVER SILTON;YO7;1
RAINTON;YO7;1
TOPCLIFFE;YO7;1
UPSALL;YO7;1
THIRLBY;YO7;1
SOUTH KILVINGTON;YO7;1
SKIPTON-ON-SWALE;YO7;1
SINDERBY;YO7;1
SESSAY;YO7;1
PICKHILL;YO7;1
NETHER SILTON;YO7;1
MAUNBY;YO7;1
KIRBY WISKE;YO7;1
KEPWICK;YO7;1
DISHFORTH;YO7;1
COWESBY;YO7;1
COLD KIRBY;YO7;1
BOLTBY;YO7;1
BALDERSBY;YO7;1
THORNTON-LE-STREET;YO7;1
THIRKLEBY;YO7;1
KIRBY KNOWLE;YO7;1
CARLTON HUSTHWAITE;YO7;1
THIRSK;YO7;1
ASENBY;YO7;1
AINDERBY QUERNHOW;YO7;1
CHAPEL HADDLESEY;YO8;1
WEST HADDLESEY;YO8;1
LONG DRAX;YO8;1
SELBY;YO8;1
HIRST COURTNEY;YO8;1
TEMPLE HIRST;YO8;1
HEMINGBROUGH;YO8;1
HARLTHORPE;YO8;1
GATEFORTH;YO8;1
BRAYTON;YO8;1
DRAX;YO8;1
CAWOOD;YO8;1
WILLITOFT;YO8;1
WISTOW;YO8;1
CAMBLESFORTH;YO8;1
THORPE WILLOUGHBY;YO8;1
SOUTH DUFFIELD;YO8;1
SKIPWITH;YO8;1
NORTH DUFFIELD;YO8;1
BURN;YO8;1
BARLBY;YO8;1
WALKERINGHAM;DN10;1
MISSON;DN10;1
SCROOBY;DN10;1
WISETON;DN10;1
WEST STOCKWITH;DN10;1
SCAFTWORTH;DN10;1
GRINGLEY 0N THE HILL;DN10;1
MATTERSEY;DN10;1
HARWORTH;DN11;1
BIRCOTES;DN11;1
STYRRUP;DN11;1
BOTHAMSALL;DN22;1
CLARBOROUGH;DN22;1
CLAYWORTH;DN22;1
EAST DRAYTON;DN22;1
HEADON;DN22;1
LANEHAM;DN22;1
NETHER HEADON;DN22;1
N LEVERTON WITH HABBLESTHORPE;DN22;1
ORDSALL;DN22;1
RANSKILL;DN22;1
SAUNDBY;DN22;1
SOUTH LEVERTON;DN22;1
STOKEHAM;DN22;1
STURTON LE STEEPLE;DN22;1
BABWORTH;DN22;1
TORWORTH;DN22;1
TRESWELL;DN22;1
WOODBECK;DN22;1
BARNBY MOOR;DN22;1
BOLE;DN22;1
ELKESLEY;DN22;1
RETFORD;DN22;1
WILLOUGHBY-ON-THE-WOLDS;LE12;1
STANFORD ON SOAR;LE12;1
EAST LEAKE;LE12;1
COSTOCK;LE12;1
SUTTON BONINGTON;LE12;1
WEST LEAKE;LE12;1
REMPSTONE;LE12;1
NORMANTON ON SOAR;LE12;1
UPPER BROUGHTON;LE14;1
WILFORD;NG11;1
RATCLIFFE ON SOAR;NG11;1
BARTON IN FABIS;NG11;1
BUNNY;NG11;1
GOTHAM;NG11;1
KINGSTON ON SOAR;NG11;1
THRUMPTON;NG11;1
OWTHORPE;NG12;1
COLSTON BASSETT;NG12;1
EDWALTON;NG12;1
COTGRAVE;NG12;1
NORMANTON-ON-THE-WOLDS;NG12;1
BASSINGFIELD;NG12;1
WYSALL;NG12;1
WIDMERPOOL;NG12;1
RADCLIFFE ON TRENT;NG12;1
KINOULTON;NG12;1
PLUMTREE;NG12;1
KEYWORTH;NG12;1
CLIPSTON-ON-THE-WOLDS;NG12;1
CROPWELL BISHOP;NG12;1
HOLME PIERREPONT;NG12;1
STANTON-ON-THE-WOLDS;NG12;1
SHELFORD;NG12;1
CROPWELL BUTLER;NG12;1
ASLOCKTON;NG13;1
TITHBY;NG13;1
WHATTON;NG13;1
BARNSTONE;NG13;1
SCREVETON;NG13;1
EAST BRIDGFORD;NG13;1
SAXONDALE;NG13;1
KILVINGTON;NG13;1
KNEETON;NG13;1
LANGAR;NG13;1
ORSTON;NG13;1
FLAWBOROUGH;NG13;1
CAR COLSTON;NG13;1
ALVERTON;NG13;1
BARKESTONE-LE-VALE;NG13;1
SCARRINGTON;NG13;1
THOROTON;NG13;1
GRANBY;NG13;1
PLUNGAR;NG13;1
BINGHAM;NG13;1
BLEASBY;NG14;1
BURTON JOYCE;NG14;1
EPPERSTONE;NG14;1
GONALSTON;NG14;1
HOVERINGHAM;NG14;1
LOWDHAM;NG14;1
STOKE BARDOLPH;NG14;1
LINBY;NG15;1
BUTLER'S HILL;NG15;1
HUCKNALL;NG15;1
RAVENSHEAD;NG15;1
PAPPLEWICK;NG15;1
ANNESLEY WOODHOUSE;NG15;1
ANNESLEY;NG15;1
BRINSLEY;NG16;1
SELSTON;NG16;1
AWSWORTH;NG16;1
WATNALL;NG16;1
COSSALL;NG16;1
NEW BRINSLEY;NG16;1
UNDERWOOD;NG16;1
MOORGREEN;NG16;1
NUTHALL;NG16;1
SKEGBY;NG17;1
KIRKBY IN ASHFIELD;NG17;1
TEVERSAL;NG17;1
HUTHWAITE;NG17;1
SUTTON IN ASHFIELD;NG17;1
STANTON HILL;NG17;1
FOREST TOWN;NG19;1
MANSFIELD WOODHOUSE;NG19;1
STONEY HOUGHTON;NG19;1
WEST BRIDGFORD;NG2;1
MARKET WARSOP;NG20;1
ELMTON;NG20;1
MEDEN VALE;NG20;1
WHALEY;NG20;1
NETHER LANGWITH;NG20;1
CUCKNEY;NG20;1
CHURCH WARSOP;NG20;1
EDWINSTOWE;NG21;1
NEW CLIPSTONE;NG21;1
HAYWOOD OAKS;NG21;1
RAINWORTH;NG21;1
BLIDWORTH;NG21;1
CLIPSTONE;NG21;1
RAGNALL;NG22;1
BUDBY;NG22;1
WEST MARKHAM;NG22;1
WINKBURN;NG22;1
TUXFORD;NG22;1
BILSTHORPE;NG22;1
THORESBY;NG22;1
PERLETHORPE;NG22;1
OMPTON;NG22;1
KNEESALL;NG22;1
FARNSFIELD;NG22;1
DUNHAM;NG22;1
BEVERCOTES;NG22;1
EAKRING;NG22;1
HALAM;NG22;1
KERSALL;NG22;1
EGMANTON;NG22;1
EDINGLEY;NG22;1
EAST MARKHAM;NG22;1
MAPLEBECK;NG22;1
DARLTON;NG22;1
CARLTON-ON-TRENT;NG23;1
SOUTH CLIFTON;NG23;1
SOUTH MUSKHAM;NG23;1
STAYTHORPE;NG23;1
NORTH MUSKHAM;NG23;1
GRASSTHORPE;NG23;1
CAUNTON;NG23;1
NORMANTON ON TRENT;NG23;1
NORWELL;NG23;1
OSSINGTON;NG23;1
SOUTH SCARLE;NG23;1
SPALFORD;NG23;1
SUTTON ON TRENT;NG23;1
SYERSTON;NG23;1
WIGSLEY;NG23;1
CROMWELL;NG23;1
FLINTHAM;NG23;1
NORTH CLIFTON;NG23;1
SIBTHORPE;NG23;1
BATHLEY;NG23;1
KELHAM;NG23;1
AVERHAM;NG23;1
HAWTON;NG24;1
BARNBY IN THE WILLOWS;NG24;1
BALDERTON;NG24;1
NEWARK-ON-TRENT;NG24;1
HALLOUGHTON;NG25;1
COLWICK;NG4;1
GEDLING;NG4;1
ARNOLD;NG5;1
DORKET HEAD;NG5;1
HIGHBURY VALE;NG6;1
OLD BASFORD;NG6;1
BULWELL;NG6;1
BILBOROUGH;NG8;1
ATTENBOROUGH;NG9;1
BRAMCOTE;NG9;1
TOTON;NG9;1
CARBURTON;S80;1
WORKSOP;S80;1
HOLBECK;S80;1
RHODESIA;S80;1
OLDCOTES;S81;1
CARLTON IN LINDRICK;S81;1
GATEFORD;S81;1
LANGOLD;S81;1
SCOFTON;S81;1
SHIREOAKS;S81;1
WIGTHORPE;S81;1
CHASTLETON;GL56;1
KELMSCOTT;GL7;1
LITTLE FARINGDON;GL7;1
FINMERE;MK18;1
COTTISFORD;NN13;1
MIXBURY;NN13;1
BOARS HILL;OX1;1
SOUTH HINKSEY;OX1;1
WALLINGFORD;OX10;1
BENSON;OX10;1
WARBOROUGH;OX10;1
BERRICK SALOME;OX10;1
BERINSFIELD;OX10;1
CHOLSEY;OX10;1
CROWMARSH GIFFORD;OX10;1
DRAYTON ST LEONARD;OX10;1
EWELME;OX10;1
IPSDEN;OX10;1
MOULSFORD;OX10;1
ASTON UPTHORPE;OX11;1
NORTH MORETON;OX11;1
WEST HAGBOURNE;OX11;1
ROWSTOCK;OX11;1
EAST HAGBOURNE;OX11;1
DIDCOT;OX11;1
SOUTH MORETON;OX11;1
BLEWBURY;OX11;1
ASTON TIRROLD;OX11;1
WEST HENDRED;OX12;1
LYFORD;OX12;1
LETCOMBE REGIS;OX12;1
WEST LOCKINGE;OX12;1
WEST GINGE;OX12;1
WEST CHALLOW;OX12;1
ARDINGTON;OX12;1
WANTAGE;OX12;1
LETCOMBE BASSETT;OX12;1
KINGSTON LISLE;OX12;1
EAST HENDRED;OX12;1
EAST HANNEY;OX12;1
EAST GINGE;OX12;1
EAST CHALLOW;OX12;1
DENCHWORTH;OX12;1
CHILDREY;OX12;1
CHARNEY BASSETT;OX12;1
WEST HANNEY;OX12;1
MILTON HILL;OX13;1
TUBNEY;OX13;1
MARCHAM;OX13;1
COTHILL;OX13;1
LONGWORTH;OX13;1
BESSELS LEIGH;OX13;1
APPLETON;OX13;1
SUNNINGWELL;OX13;1
DRY SANDFORD;OX13;1
SHIPPON;OX13;1
KINGSTON BAGPUIZE;OX13;1
GARFORD;OX13;1
FRILFORD;OX13;1
SANDLEIGH;OX13;1
ABINGDON;OX14;1
APPLEFORD;OX14;1
CULHAM;OX14;1
LITTLE WITTENHAM;OX14;1
SUTTON COURTENAY;OX14;1
LONG WITTENHAM;OX14;1
CLIFTON HAMPDEN;OX14;1
SUTTON WICK;OX14;1
RADLEY;OX14;1
BURCOT;OX14;1
BARFORD ST JOHN;OX15;1
BLOXHAM;OX15;1
DEDDINGTON;OX15;1
BODICOTE;OX15;1
BALSCOTE;OX15;1
WINDERTON;OX15;1
SWALCLIFFE;OX15;1
SOUTH NEWINGTON;OX15;1
SIBFORD GOWER;OX15;1
SHENINGTON;OX15;1
EPWELL;OX15;1
TADMARTON;OX15;1
SIBFORD FERRIS;OX15;1
SHUTFORD;OX15;1
NORTH NEWINGTON;OX15;1
MILCOMBE;OX15;1
HORNTON;OX15;1
HOOK NORTON;OX15;1
WROXTON;OX15;1
ALKERTON;OX15;1
BARFORD ST MICHAEL;OX15;1
BANBURY;OX16;1
GRIMSBURY;OX16;1
WARDINGTON;OX17;1
CROPREDY;OX17;1
ADDERBURY;OX17;1
ALVESCOT;OX18;1
ASTHALL;OX18;1
RADCOT;OX18;1
SWINBROOK;OX18;1
WEALD;OX18;1
LEW;OX18;1
FULBROOK;OX18;1
CHIMNEY;OX18;1
BRIZE NORTON;OX18;1
BLACK BOURTON;OX18;1
BURFORD;OX18;1
CARTERTON;OX18;1
FARMOOR;OX2;1
CUMNOR;OX2;1
SUNNYMEAD;OX2;1
OSNEY;OX2;1
WYTHAM;OX2;1
SUMMERTOWN;OX2;1
NORTH HINKSEY;OX2;1
CHAWLEY;OX2;1
WOLVERCOTE;OX2;1
OVER KIDDINGTON;OX20;1
BLADON;OX20;1
GLYMPTON;OX20;1
KIDDINGTON;OX20;1
ELSFIELD;OX3;1
HEADINGTON;OX3;1
WOODEATON;OX3;1
NOKE;OX3;1
HORSPATH;OX33;1
STANTON ST JOHN;OX33;1
WATERPERRY;OX33;1
WATERSTOCK;OX33;1
HORTON-CUM-STUDLEY;OX33;1
IFFLEY;OX4;1
LITTLEMORE;OX4;1
SANDFORD-ON-THAMES;OX4;1
GARSINGTON;OX44;1
STADHAMPTON;OX44;1
MARSH BALDON;OX44;1
NUNEHAM COURTENAY;OX44;1
LITTLE MILTON;OX44;1
LITTLE HASELEY;OX44;1
GREAT MILTON;OX44;1
GREAT HASELEY;OX44;1
CUDDESDON;OX44;1
CHISLEHAMPTON;OX44;1
TOOT BALDON;OX44;1
CHALGROVE;OX44;1
BLETCHINGDON;OX5;1
NETHERCOTT;OX5;1
MURCOTT;OX5;1
KIRTLINGTON;OX5;1
KIDLINGTON;OX5;1
CHARLTON-ON-OTMOOR;OX5;1
HAMPTON POYLE;OX5;1
FENCOTT;OX5;1
YARNTON;OX5;1
WATER EATON;OX5;1
TACKLEY;OX5;1
SHIPTON-ON-CHERWELL;OX5;1
ODDINGTON;OX5;1
BEGBROKE;OX5;1
UPPER HEYFORD;OX6;1
NORTH ASTON;OX6;1
WESTON-ON-THE-GREEN;OX6;1
UPPER ARNCOTT;OX6;1
STRATTON AUDLEY;OX6;1
FRINGFORD;OX6;1
NORTHBROOK;OX6;1
ARDLEY;OX6;1
BAYNARDS GREEN;OX6;1
BLACKTHORN;OX6;1
FEWCOTT;OX6;1
CAULCOTT;OX6;1
CAVERSFIELD;OX6;1
CHARNDON;OX6;1
STOKE LYNE;OX6;1
STEEPLE ASTON;OX6;1
SOULDERN;OX6;1
DUNS TEW;OX6;1
FRITWELL;OX6;1
HETHE;OX6;1
HOPCROFTS HOLT;OX6;1
LAUNTON;OX6;1
ROUSHAM;OX6;1
LOWER HEYFORD;OX6;1
MIDDLE ASTON;OX6;1
MIDDLETON STONEY;OX6;1
AMBROSDEN;OX6;1
ROUSHAM GAP;OX6;1
STEEPLE BARTON;OX6;1
WENDLEBURY;OX6;1
FAWLER;OX7;1
EASTEND;OX7;1
MIDDLE BARTON;OX7;1
SANDFORD ST MARTIN;OX7;1
MILTON-UNDER-WYCHWOOD;OX7;1
NETHER WORTON;OX7;1
CHILSON;OX7;1
CHIPPING NORTON;OX7;1
OVER NORTON;OX7;1
TASTON;OX7;1
OVER WORTON;OX7;1
GREAT TEW;OX7;1
CHURCH ENSTONE;OX7;1
CORNWELL;OX7;1
ENSTONE;OX7;1
FINSTOCK;OX7;1
SARSDEN;OX7;1
SHIPTON-UNDER-WYCHWOOD;OX7;1
SWERFORD;OX7;1
WESTCOTT BARTON;OX7;1
WESTCOTE;OX7;1
SPELSBURY;OX7;1
LIDSTONE;OX7;1
CHADLINGTON;OX7;1
RAMSDEN;OX7;1
GREAT ROLLRIGHT;OX7;1
KINGHAM;OX7;1
HEYTHROP;OX7;1
FOSCOT;OX7;1
GAGINGWELL;OX7;1
CHARLBURY;OX7;1
IDBURY;OX7;1
LEDWELL;OX7;1
LITTLE TEW;OX7;1
ASCOTT-UNDER-WYCHWOOD;OX7;1
NORTHMOOR;OX8;1
LONG HANBOROUGH;OX8;1
STANDLAKE;OX8;1
STONESFIELD;OX8;1
HIGH COGGES;OX8;1
ASTHALL LEIGH;OX8;1
SHIFFORD;OX8;1
POFFLEY END;OX8;1
NORTH LEIGH;OX8;1
NEW YATT;OX8;1
CHARTERVILLE ALLOTMENTS;OX8;1
DITCHLEY;OX8;1
STANTON HARCOURT;OX8;1
DUCKLINGTON;OX8;1
LEAFIELD;OX8;1
EYNSHAM;OX8;1
MINSTER LOVELL;OX8;1
CASSINGTON;OX8;1
YELFORD;OX8;1
FREELAND;OX8;1
CHURCH HANBOROUGH;OX8;1
FORDWELLS;OX8;1
BRIGHTHAMPTON;OX8;1
SOUTH LEIGH;OX8;1
ADWELL;OX9;1
TETSWORTH;OX9;1
STOKE TALMAGE;OX9;1
THAME;OX9;1
SHIRBURN;OX9;1
TOWERSEY;OX9;1
SOUTH WESTON;OX9;1
POSTCOMBE;OX9;1
LEWKNOR;OX9;1
KINGSTON BLOUNT;OX9;1
EMMINGTON;OX9;1
CUXHAM;OX9;1
CHRISTMAS COMMON;OX9;1
BRITWELL SALOME;OX9;1
BRIGHTWELL BALDWIN;OX9;1
ASTON ROWANT;OX9;1
PYRTON;OX9;1
SONNING EYE;RG4;1
CANE END;RG4;1
SONNING COMMON;RG4;1
GALLOWSTREE COMMON;RG4;1
PLAY HATCH;RG4;1
EMMER GREEN;RG4;1
DUNSDEN GREEN;RG4;1
KIDMORE END;RG4;1
TOKERS GREEN;RG4;1
GORING;RG8;1
CHECKENDON;RG8;1
GREYS GREEN;RG9;1
BINFIELD HEATH;RG9;1
BIX;RG9;1
HARPSDEN;RG9;1
HENLEY-ON-THAMES;RG9;1
LOWER ASSENDON;RG9;1
LOWER SHIPLAKE;RG9;1
NETTLEBED;RG9;1
NUFFIELD;RG9;1
PISHILL;RG9;1
ROTHERFIELD GREYS;RG9;1
SHEPHERD'S GREEN;RG9;1
SHIPLAKE;RG9;1
STOKE ROW;RG9;1
ROTHERFIELD PEPPARD;RG9;1
IDSTONE;SN6;1
COMPTON BEAUCHAMP;SN6;1
SHRIVENHAM;SN6;1
SHELLINGFORD;SN7;1
FARINGDON;SN7;1
PUSEY;SN7;1
BUSCOT;SN7;1
STANFORD IN THE VALE;SN7;1
HATFORD;SN7;1
GREAT COXWELL;SN7;1
WOOLSTONE;SN7;1
HINTON WALDRIST;SN7;1
FERNHAM;SN7;1
BAULKING;SN7;1
GOOSEY;SN7;1
LITTLE COXWELL;SN7;1
LONGCOT;SN7;1
EATON HASTINGS;SN7;1
CARSWELL MARSH;SN7;1
BATH-EASTON;BA1;1
KELSTON;BA1;1
ST CATHERINE;BA1;1
SWAINSWICK;BA1;1
CHARLCOMBE;BA1;1
LANSDOWN;BA1;1
BATHFORD;BA1;1
BRUTON;BA10;1
NORTH BREWHAM;BA10;1
SOUTH BREWHAM;BA10;1
PITCOMBE;BA10;1
COLE;BA10;1
TRUDOXHILL;BA11;1
GREAT ELM;BA11;1
GARE HILL;BA11;1
CLOFORD;BA11;1
WEST WOODLANDS;BA11;1
WHATLEY;BA11;1
WITHAM FRIARY;BA11;1
NUNNEY;BA11;1
BERKLEY;BA11;1
BUCKLAND DINHAM;BA11;1
MELLS;BA11;1
OLDFORD;BA11;1
RUDGE;BA11;1
HARDINGTON;BA11;1
FROME;BA11;1
OVERLEIGH;BA16;1
ENGLISHCOMBE;BA2;1
COMBE DOWN;BA2;1
PEASEDOWN ST JOHN;BA2;1
STANTON PRIOR;BA2;1
MARKSBURY;BA2;1
CARLINGCOTT;BA2;1
TWERTON;BA2;1
MONKTON COMBE;BA2;1
INGLESBATCH;BA2;1
ODD DOWN;BA2;1
MIDFORD;BA2;1
SHOSCOMBE;BA2;1
THE OVAL;BA2;1
DUNKERTON;BA2;1
SOUTHSTOKE;BA2;1
TWINHOE;BA2;1
PRISTON;BA2;1
COMBE HAY;BA2;1
BATHAMPTON;BA2;1
CLAVERTON;BA2;1
NEWTON ST LOE;BA2;1
YEOVIL;BA20;1
MUDFORD;BA21;1
YEOVIL MARSH;BA21;1
PRESTON PLUCKNETT;BA21;1
EAST COKER;BA22;1
WEST CAMEL;BA22;1
BARWICK;BA22;1
SOUTH BARROW;BA22;1
WEST COKER;BA22;1
SPARKFORD;BA22;1
YEOVILTON;BA22;1
EAST CHINNOCK;BA22;1
QUEEN CAMEL;BA22;1
ODCOMBE;BA22;1
PODIMORE;BA22;1
NORTHOVER;BA22;1
GALHAMPTON;BA22;1
NORTH COKER;BA22;1
NORTH CADBURY;BA22;1
NORTH BARROW;BA22;1
MARSTON MAGNA;BA22;1
ILCHESTER;BA22;1
CLOSWORTH;BA22;1
HARDINGTON MANDEVILLE;BA22;1
HARDINGTON MARSH;BA22;1
PENDOMER;BA22;1
SUTTON MONTIS;BA22;1
CHILTON CANTELO;BA22;1
TINTINHULL;BA22;1
CHILTHORNE DOMER;BA22;1
BRIDGEHAMPTON;BA22;1
RIMPTON;BA22;1
COMPTON PAUNCEFOOT;BA22;1
LIMINGTON;BA22;1
SOUTH CADBURY;BA22;1
BECKINGTON;BA3;1
ASHWICK;BA3;1
LIMPLEY STOKE;BA3;1
HINTON CHARTERHOUSE;BA3;1
WRITHLINGTON;BA3;1
KILMERSDON;BA3;1
NETTLEBRIDGE;BA3;1
NORTON ST PHILIP;BA3;1
GURNEY SLADE;BA3;1
RADSTOCK;BA3;1
FRESHFORD;BA3;1
RODE;BA3;1
STRATTON-ON-THE-FOSSE;BA3;1
STOKE ST MICHAEL;BA3;1
EMBOROUGH;BA3;1
FAULKLAND;BA3;1
STON EASTON;BA3;1
VOBSTER;BA3;1
CHILCOMPTON;BA3;1
CLANDOWN;BA3;1
FARLEIGH HUNGERFORD;BA3;1
TELLISFORD;BA3;1
BINEGAR;BA3;1
WOOLVERTON;BA3;1
OAKHILL;BA3;1
CHEWTON MENDIP;BA3;1
FARMBOROUGH;BA3;1
LEIGH UPON MENDIP;BA3;1
MIDSOMER NORTON;BA3;1
SHEPTON MALLET;BA4;1
WANSTROW;BA4;1
CANNARD'S GRAVE;BA4;1
CHESTERBLADE;BA4;1
WRAXALL;BA4;1
UPTON NOBLE;BA4;1
STONEY STRATTON;BA4;1
PYLLE;BA4;1
DITCHEAT;BA4;1
PRESTLEIGH;BA4;1
MILTON CLEVEDON;BA4;1
LAMYATT;BA4;1
WORMINSTER;BA4;1
EAST CRANMORE;BA4;1
EAST PENNARD;BA4;1
ALHAMPTON;BA4;1
WESTCOMBE;BA4;1
HORNBLOTTON GREEN;BA4;1
EVERCREECH;BA4;1
STREET ON THE FOSSE;BA4;1
BOWLISH;BA4;1
DOULTING;BA4;1
WELLS;BA5;1
LOWER GODNEY;BA5;1
UPPER GODNEY;BA5;1
YARLEY;BA5;1
GREEN ORE;BA5;1
EAST HORRINGTON;BA5;1
BLEADNEY;BA5;1
SOUTHWAY;BA5;1
WOOKEY HOLE;BA5;1
POLSHAM;BA5;1
COXLEY;BA5;1
WESTBURY-SUB-MENDIP;BA5;1
PANBOROUGH;BA5;1
PRIDDY;BA5;1
DULCOTE;BA5;1
DINDER;BA5;1
CROSCOMBE;BA5;1
WOOKEY;BA5;1
WEST HORRINGTON;BA5;1
PARBROOK;BA6;1
WEST PENNARD;BA6;1
MEARE;BA6;1
BUTLEIGH WOOTTON;BA6;1
EDGARLEY;BA6;1
BUTLEIGH;BA6;1
WEST BRADLEY;BA6;1
HAM STREET;BA6;1
WESTHAY;BA6;1
BALTONSBOROUGH;BA6;1
GLASTONBURY;BA6;1
ANSFORD;BA7;1
SHEPTON MONTAGUE;BA7;1
LOVINGTON;BA7;1
CASTLE CARY;BA7;1
SOUTH CHERITON;BA8;1
TEMPLECOMBE;BA8;1
NORTH CHERITON;BA8;1
HENSTRIDGE ASH;BA8;1
YENSTON;BA8;1
HENSTRIDGE;BA8;1
ABBAS COMBE;BA8;1
HENSTRIDGE MARSH;BA8;1
YARLINGTON;BA9;1
WINCANTON;BA9;1
STONEY STOKE;BA9;1
STOKE TRISTER;BA9;1
PENSELWOOD;BA9;1
MAPERTON;BA9;1
LEIGH COMMON;BA9;1
LATTIFORD;BA9;1
CUCKLINGTON;BA9;1
CHARLTON MUSGROVE;BA9;1
BRATTON SEYMOUR;BA9;1
WESTON-IN-GORDANO;BS20;1
SHEEPWAY;BS20;1
REDCLIFF BAY;BS20;1
PORTBURY;BS20;1
EASTON-IN-GORDANO;BS20;1
CLAPTON-IN-GORDANO;BS20;1
PORTISHEAD;BS20;1
PILL;BS20;1
KINGSTON SEYMOUR;BS21;1
TICKENHAM;BS21;1
CLEVEDON;BS21;1
WALTON-IN-GORDANO;BS21;1
KEWSTOKE;BS22;1
ICELTON;BS22;1
WORLE;BS22;1
WICK ST LAWRENCE;BS22;1
ST GEORGES;BS22;1
UPHILL;BS23;1
EAST ROLSTONE;BS24;1
LOCKING;BS24;1
EASTERTOWN;BS24;1
BLEADON;BS24;1
LYMPSHAM;BS24;1
PUXTON;BS24;1
WEST WICK;BS24;1
ROWBERROW;BS25;1
WINSCOMBE;BS25;1
SIDCOT;BS25;1
SHIPHAM;BS25;1
WEARE;BS26;1
BIDDISHAM;BS26;1
BADGWORTH;BS26;1
LOWER WEARE;BS26;1
TARNOCK;BS26;1
STONE ALLERTON;BS26;1
ROOKS BRIDGE;BS26;1
CROSS;BS26;1
COMPTON BISHOP;BS26;1
CHRISTON;BS26;1
LOXTON;BS26;1
AXBRIDGE;BS26;1
RODNEY STOKE;BS27;1
CLEWER;BS27;1
CHEDDAR;BS27;1
COCKLAKE;BS28;1
HEATH HOUSE;BS28;1
MUDGLEY;BS28;1
WEDMORE;BS28;1
WEST STOUGHTON;BS28;1
NAILSEA AND BACKWELL;BS48;1
FAILAND;BS8;1
LOWER FAILAND;BS8;1
LEIGH WOODS;BS8;1
ABBOTS LEIGH;BS8;1
CORTON DENHAM;DT9;1
CHARLTON HORETHORNE;DT9;1
MILBORNE PORT;DT9;1
EAST ANSTEY;EX16;1
TAUNTON;TA1;1
BISHOP'S HULL;TA1;1
PITNEY;TA10;1
WEARNE;TA10;1
HAMBRIDGE;TA10;1
CURRY RIVEL;TA10;1
BRAMWELL;TA10;1
PIBSBURY;TA10;1
LONG LOAD;TA10;1
LOW HAM;TA10;1
LANGPORT;TA10;1
MUCHELNEY;TA10;1
HUISH EPISCOPI;TA10;1
HIGH HAM;TA10;1
HENLEY CORNER;TA10;1
ALLER;TA10;1
COMPTON DUNDON;TA11;1
BARTON ST DAVID;TA11;1
KEINTON MANDEVILLE;TA11;1
WEST LYDFORD;TA11;1
KINGWESTON;TA11;1
EAST LYDFORD;TA11;1
CHARLTON MACKRELL;TA11;1
DUNDON;TA11;1
KINGSDON;TA11;1
LYDFORD-ON-FOSSE;TA11;1
CHARLTON ADAM;TA11;1
BABCARY;TA11;1
MARTOCK;TA12;1
BOWER HINTON;TA12;1
KINGSBURY EPISCOPI;TA12;1
WITCOMBE;TA12;1
COAT;TA12;1
LOPEN;TA13;1
WEST LAMBROOK;TA13;1
EAST LAMBROOK;TA13;1
SOUTH PETHERTON;TA13;1
OVER STRATTON;TA13;1
CHISELBOROUGH;TA14;1
NORTON SUB HAMDON;TA14;1
STOKE SUB HAMBON;TA14;1
MONTACUTE;TA15;1
MERRIOTT;TA16;1
HINTON ST GEORGE;TA17;1
WEST CHINNOCK;TA18;1
WAYFORD;TA18;1
NORTH PERROTT;TA18;1
HASELBURY PLUCKNETT;TA18;1
CREWKERNE;TA18;1
CRICKET MALHERBIE;TA19;1
PUCKINGTON;TA19;1
SHEPTON BEAUCHAMP;TA19;1
WHITELACKINGTON;TA19;1
ILMINSTER;TA19;1
SEAVINGTON ST MARY;TA19;1
STOCKLINCH;TA19;1
CROCK STREET;TA19;1
DONYATT;TA19;1
SEAVINGTON ST MICHAEL;TA19;1
DOWLISH WAKE;TA19;1
HORTON CROSS;TA19;1
MONKTON HEATHFIELD;TA2;1
CUSHUISH;TA2;1
ADSBOROUGH;TA2;1
CHEDDON FITZPAINE;TA2;1
KINGSTON ST MARY;TA2;1
NORTON FITZWARREN;TA2;1
STAPLEGROVE;TA2;1
THURLOXTON;TA2;1
WEST MONKTON;TA2;1
SOUTH CHARD;TA20;1
TATWORTH;TA20;1
WADEFORD;TA20;1
WAMBROOK;TA20;1
WHITESTAUNTON;TA20;1
WINSHAM;TA20;1
CRICKET ST THOMAS;TA20;1
HOWLEY;TA20;1
COMBE ST NICHOLAS;TA20;1
CHARD JUNCTION;TA20;1
CHAFFCOMBE;TA20;1
BUCKLAND ST MARY;TA20;1
BISHOPSWOOD;TA20;1
FYFETT;TA20;1
HOLDITCH;TA20;1
NORTHAY;TA20;1
CHARD;TA20;1
RUNNINGTON;TA21;1
ASHBRITTLE;TA21;1
CHIPLEY PARK;TA21;1
HOLYWELL LAKE;TA21;1
LANGFORD BUDVILLE;TA21;1
NICHOLASHAYNE;TA21;1
NYNEHEAD;TA21;1
ROCKWELL GREEN;TA21;1
STAWLEY;TA21;1
THORNE ST MARGARET;TA21;1
FORD STREET;TA21;1
KITTISFORD;TA21;1
SAMPFORD ARUNDEL;TA21;1
WRANGWAY;TA21;1
APPLEY;TA21;1
NIGHTCOTT;TA22;1
HAWKRIDGE;TA22;1
BROMPTON REGIS;TA22;1
LISCOMBE;TA22;1
DULVERTON;TA22;1
EXEBRIDGE;TA22;1
BRUSHFORD;TA22;1
BATTLETON;TA22;1
TREBOROUGH;TA23;1
RALEIGH'S CROSS;TA23;1
LUXBOROUGH;TA23;1
ST DECUMANS;TA23;1
WATCHET;TA23;1
WASHFORD;TA23;1
ROADWATER;TA23;1
DONIFORD;TA23;1
CARHAMPTON;TA24;1
SELWORTHY;TA24;1
PORLOCK;TA24;1
DUNSTER;TA24;1
CUTCOMBE;TA24;1
WOOTTON COURTENAY;TA24;1
MARSH STREET;TA24;1
WITHYCOMBE;TA24;1
SIMONSBATH;TA24;1
BOSSINGTON;TA24;1
ALCOMBE;TA24;1
WEST PORLOCK;TA24;1
CULBONE;TA24;1
EXFORD;TA24;1
OLD CLEEVE;TA24;1
RODHUISH;TA24;1
LUCCOMBE;TA24;1
WITHIEL FLOREY;TA24;1
MINEHEAD;TA24;1
WITHYPOOL;TA24;1
TIMBERSCOMBE;TA24;1
WHEDDON CROSS;TA24;1
LUCKWELL BRIDGE;TA24;1
PORLOCK WEIR;TA24;1
THURLBEAR;TA3;1
TRULL;TA3;1
WEST HATCH;TA3;1
ORCHARD PORTMAN;TA3;1
MARE GREEN;TA3;1
BEERCROCOMBE;TA3;1
WRANTAGE;TA3;1
CURLAND;TA3;1
FIVEHEAD;TA3;1
NORTH CURRY;TA3;1
ISLE BREWERS;TA3;1
THORN FALCON;TA3;1
DURSTON;TA3;1
HATCH BEAUCHAMP;TA3;1
STOKE ST GREGORY;TA3;1
CORFE;TA3;1
ANGERSLEIGH;TA3;1
STAPLE FITZPAINE;TA3;1
CHURCHSTANTON;TA3;1
CURRY MALLET;TA3;1
RUISHTON;TA3;1
ISLE ABBOTTS;TA3;1
BICKENHALL;TA3;1
HENLADE;TA3;1
CREECH ST MICHAEL;TA3;1
PITMINSTER;TA3;1
SWELL;TA3;1
HATCH GREEN;TA3;1
CURLOAD;TA3;1
STAPLEY;TA3;1
CHURCHINGFORD;TA3;1
WEST LYNG;TA3;1
BLAGDON HILL;TA3;1
STOKE ST MARY;TA3;1
VELLOW;TA4;1
WEST QUANTOXHEAD;TA4;1
LYDEARD ST LAWRENCE;TA4;1
CLATWORTHY;TA4;1
CHIPSTABLE;TA4;1
LOWER VEXFORD;TA4;1
EAST COMBE;TA4;1
BRADFORD-ON-TONE;TA4;1
ELWORTHY;TA4;1
FITZHEAD;TA4;1
FLAXPOOL;TA4;1
LANGLEY MARSH;TA4;1
HILLFARRANCE;TA4;1
HUISH CHAMPFLOWER;TA4;1
BISHOP'S LYDEARD;TA4;1
BICKNOLLER;TA4;1
WIVELISCOMBE;TA4;1
BATHEALTON;TA4;1
MAUNDOWN;TA4;1
MILVERTON;TA4;1
NUNNINGTON PARK;TA4;1
COTHELSTONE;TA4;1
COMBE FLOREY;TA4;1
OAKE;TA4;1
RUMWELL;TA4;1
TARR;TA4;1
CROWCOMBE;TA4;1
SAMPFORD BRETT;TA4;1
PITSFORD HILL;TA4;1
SKILGATE;TA4;1
ST AUDRIES;TA4;1
STOGUMBER;TA4;1
TOLLAND;TA4;1
TOULTON;TA4;1
WATERROW;TA4;1
MONKSILVER;TA4;1
WEST BAGBOROUGH;TA4;1
WILLETT;TA4;1
WILLITON;TA4;1
BROMPTON RALPH;TA4;1
ORCHARD WYNDHAM;TA4;1
ASH PRIORS;TA4;1
STEART;TA5;1
CANNINGTON;TA5;1
DURLEIGH;TA5;1
EAST QUANTOXHEAD;TA5;1
WOOLMERSDON;TA5;1
STRINGSTON;TA5;1
STOLFORD;TA5;1
STOGURSEY;TA5;1
STOCKLAND BRISTOL;TA5;1
SPAXTON;TA5;1
SHURTON;TA5;1
CHARLINCH;TA5;1
RODWAY;TA5;1
COMBWICH;TA5;1
COULTINGS;TA5;1
OVER STOWEY;TA5;1
OTTERHAMPTON;TA5;1
NETHER STOWEY;TA5;1
MERRIDGE;TA5;1
LOWER AISHOLT;TA5;1
COURTWAY;TA5;1
ENMORE;TA5;1
FOUR FORKS;TA5;1
GOATHURST;TA5;1
HOLFORD;TA5;1
LILSTOCK;TA5;1
CHILTON TRINITY;TA5;1
KILVE;TA5;1
BRIDGWATER;TA6;1
PAWLETT;TA6;1
DUNBALL;TA6;1
DOWN END;TA6;1
WEMBDON;TA6;1
NORTH PETHERTON;TA6;1
STRETCHOLT;TA6;1
ATHELNEY;TA7;1
BAWDRIP;TA7;1
PURITON;TA7;1
CATCOTT;TA7;1
HUNTWORTH;TA7;1
OTHERY;TA7;1
CHILTON POLDEN;TA7;1
WOOLAVINGTON;TA7;1
NORTH NEWTON;TA7;1
NORTHMOOR GREEN OR MOORLAND;TA7;1
MIDDLEZOY;TA7;1
PATHE;TA7;1
KNOWLE HALL;TA7;1
SUTTON MALLET;TA7;1
WESTONZOYLAND;TA7;1
MOORLINCH;TA7;1
THORNGROVE;TA7;1
RIVER BRIDGE;TA7;1
BURTLE;TA7;1
PEDWELL;TA7;1
STAWELL;TA7;1
ASHCOTT;TA7;1
CHEDZOY;TA7;1
GREYLAKE;TA7;1
NYTHE;TA7;1
STATHE;TA7;1
BURROW BRIDGE;TA7;1
HEDGING;TA7;1
GREINTON;TA7;1
BREAN;TA8;1
BURNHAM-ON-SEA;TA8;1
BERROW;TA8;1
BRENT KNOLL;TA9;1
BASON BRIDGE;TA9;1
EDITHMEAD;TA9;1
EAST BRENT;TA9;1
MARK CAUSEWAY;TA9;1
HUNTSPILL;TA9;1
WEST HUNTSPILL;TA9;1
EAST HUNTSPILL;TA9;1
HIGHBRIDGE;TA9;1
MARK;TA9;1
SALESBURY;BB1;1
BELTHORN;BB1;1
COPSTER GREEN;BB1;1
RISHTON;BB1;1
WILPSHIRE;BB1;1
HURSTWOOD;BB10;1
HARLE SYKE;BB10;1
HAGGATE;BB10;1
BRIERFIELD;BB10;1
WALK MILL;BB10;1
WORSTHORNE;BB10;1
CATLOW;BB10;1
HOLME CHAPEL;BB10;1
BURNLEY;BB11;1
SIMONSTONE;BB12;1
PADIHAM;BB12;1
READ;BB12;1
FENCE;BB12;1
WHEATLEY LANE;BB12;1
MELLOR BROOK;BB2;1
PLEASINGTON;BB2;1
BALDERSTONE;BB2;1
OSBALDESTON;BB2;1
FENISCOWLES;BB2;1
EWOOD;BB2;1
LOWER DARWEN;BB3;1
EARCROFT;BB3;1
RYAL FOLD;BB3;1
HODDLESDEN;BB3;1
TOCKHOLES;BB3;1
DARWEN;BB3;1
HASLINGDEN GRANE;BB4;1
CRAWSHAWBOOTH;BB4;1
HASLINGDEN;BB4;1
WATER;BB4;1
DUNNOCKSHAW;BB4;1
RAWTENSTALL;BB4;1
LOVE CLOUGH;BB4;1
HELMSHORE;BB4;1
CHURCH;BB5;1
OSWALDTWISTLE;BB5;1
BAXENDEN;BB5;1
ALTHAM;BB5;1
CLAYTON-LE-MOORS;BB5;1
HUNCOAT;BB5;1
ACRE;BB5;1
ACCRINGTON;BB5;1
GREAT HARWOOD;BB6;1
LANGHO;BB6;1
GREAT MITTON;BB7;1
HOLDEN;BB7;1
SABDEN;BB7;1
RIMINGTON;BB7;1
STONYHURST COLLEGE;BB7;1
SYKES;BB7;1
SLAIDBURN;BB7;1
WALKER FOLD;BB7;1
PENDLETON;BB7;1
PAYTHORNE;BB7;1
CLITHEROE;BB7;1
WEST BRADFORD;BB7;1
WISWELL;BB7;1
WORSTON;BB7;1
GRINDLETON;BB7;1
DUNSOP BRIDGE;BB7;1
MEANLEY;BB7;1
CHATBURN;BB7;1
BOLTON BY BOWLAND;BB7;1
WHALLEY;BB7;1
BASHALL EAVES;BB7;1
HAREDEN;BB7;1
GISBURN;BB7;1
BASHALL TOWN;BB7;1
LANESHAWBRIDGE;BB8;1
WINEWALL;BB8;1
WYCOLLER;BB8;1
KELBROOK;BB8;1
SALTERFORTH;BB8;1
FOULRIDGE;BB8;1
TRAWDEN;BB8;1
COLNE;BB8;1
BLACKO;BB9;1
ROUGHLEE;BB9;1
BARROWFORD;BB9;1
BRACEWELL;BD23;1
EDENFIELD;BL0;1
RIVINGTON;BL6;1
LOSTOCK JUNCTION;BL6;1
EDGWORTH;BL7;1
SAINT ANNE'S ON THE SEA;FY0;1
BLACKPOOL;FY1;1
BISPHAM;FY2;1
GREAT MARTON;FY3;1
NORMOSS;FY3;1
STAINING;FY3;1
COMMON EDGE;FY4;1
SQUIRES GATE;FY4;1
NORBRECK;FY5;1
LITTLE BISPHAM;FY5;1
BURN NAZE;FY5;1
CLEVELEYS;FY5;1
TRUNNAH;FY5;1
PILLING LANE;FY6;1
POULTON-LE-FYLDE;FY6;1
PREESALL;FY6;1
STAYNALL;FY6;1
STALMINE;FY6;1
KNOTT END-ON-SEA;FY6;1
HAMBLETON MOSS SIDE;FY6;1
FLEETWOOD;FY7;1
LYTHAM ST ANNE'S;FY8;1
LYTHAM;FY8;1
ST ANNE'S;FY8;1
ANSDELL;FY8;1
HIGHER BALLAM;FY8;1
SALTCOTES;FY8;1
GREAT ALTCAR;L37;1
BARROW NOOK;L39;1
TOWN GREEN;L39;1
ORMSKIRK;L39;1
HALSALL;L39;1
AUGHTON PARK;L39;1
BICKERSTAFFE;L39;1
DOWNHOLLAND CROSS;L39;1
HASKAYNE;L39;1
RUFFORD;L40;1
SCARIS-BRICK;L40;1
WESTHEAD;L40;1
PINFOLD;L40;1
HOLMESWOOD;L40;1
NEW LANE;L40;1
TARLSCOUGH;L40;1
MAWDESLEY;L40;1
BURSCOUGH;L40;1
BESCAR;L40;1
BURSCOUGH BRIDGE;L40;1
SCARTH HILL;L40;1
LANCASTER;LA1;1
SCOTFORTH;LA1;1
WHARFE;LA2;1
CONDER GREEN;LA2;1
HIGHER THRUSHGILL;LA2;1
BROOKHOUSE;LA2;1
MIDDLE SALTER;LA2;1
MILL HOUSES;LA2;1
MOOR COCK;LA2;1
ABBEYSTEAD;LA2;1
SLYNE;LA2;1
STODDAY;LA2;1
BOTTOM HEAD;LA2;1
BRAIDES;LA2;1
COCKERHAM;LA2;1
CROSSGILL;LA2;1
DOLPHINHOLME;LA2;1
FEIZOR;LA2;1
GALGATE;LA2;1
GRESSINGHAM;LA2;1
HEST BANK;LA2;1
KEASDEN;LA2;1
LOW BENTHAM;LA2;1
LOWER GREEN BANK;LA2;1
MARSHAW;LA2;1
QUERNMORE;LA2;1
TARNBROOK;LA2;1
WRAY;LA2;1
UPPER THURNHAM;LA2;1
TATHAM;LA2;1
LOWER THURNHAM;LA2;1
HEYSHAM;LA3;1
OXCLIFFE HILL;LA3;1
SANDYLANDS;LA3;1
MORECAMBE;LA4;1
TORRISHOLME;LA4;1
CARNFORTH;LA5;1
YEALAND REDMAYNE;LA5;1
BOLTON-LE-SANDS;LA5;1
YEALAND CONYERS;LA5;1
OVER KELLET;LA6;1
BORWICK;LA6;1
BULLPOT FARM;LA6;1
CANTSFIELD;LA6;1
CAPERNWRAY;LA6;1
CHAPEL-LE-DALE;LA6;1
WESTHOUSE;LA6;1
COWAN BRIDGE;LA6;1
CLAWTHORPE;LA6;1
SLATENBER;LA6;1
RIGMADEN PARK;LA6;1
ARKHOLME;LA6;1
PRIEST HUTTON;LA6;1
KEARSTWICK;LA6;1
NETHER BURROW;LA6;1
NETHER KELLET;LA6;1
LECK;LA6;1
WHITWORTH;OL12;1
SHAWFORTH;OL12;1
BRITANNIA;OL13;1
STACKSTEADS;OL13;1
BACUP;OL13;1
WEIR;OL13;1
PENWORTHAM;PR1;1
RIBBLETON;PR1;1
SHAROE GREEN;PR2;1
HAIGHTON GREEN;PR2;1
GRIMSARGH;PR2;1
INGLEWHITE;PR3;1
FISHER'S ROW;PR3;1
KNOWLE GREEN;PR3;1
NEW ROW;PR3;1
GREAT ECCLESTON;PR3;1
GARSTANG;PR3;1
ST MICHAEL'S ON WYRE;PR3;1
BOWGREAVE;PR3;1
OAKENCLOUGH;PR3;1
RATTEN ROW;PR3;1
EAGLAND HILL;PR3;1
OUT RAWCLIFFE;PR3;1
RIBCHESTER;PR3;1
BILSBORROW;PR3;1
CATTERALL;PR3;1
GOOSNARGH;PR3;1
STAKE POOL;PR3;1
WHIN LANE END;PR3;1
WINMARLEIGH;PR3;1
HESKETH LANE;PR3;1
MOOR NOOK;PR3;1
CALDER VALE;PR3;1
PILLING;PR3;1
TARLETON;PR4;1
WHARLES;PR4;1
WESHAM;PR4;1
SWILLBROOK;PR4;1
ELSWICK;PR4;1
SOLLOM;PR4;1
WESTBY;PR4;1
ROSEACRE;PR4;1
LEA TOWN;PR4;1
WREA GREEN;PR4;1
HUNDRED END;PR4;1
WOODPLUMPTON;PR4;1
MUCH HOOLE;PR4;1
INSKIP;PR4;1
HESKETH BANK;PR4;1
FRECKLETON;PR4;1
ESPRICK;PR4;1
TREALES;PR4;1
NEW LONGTON;PR4;1
MOSS SIDE;PR4;1
KIRKHAM;PR4;1
CROSSMOOR;PR4;1
CATFORTH;PR4;1
CUDDY HILL;PR4;1
GREAT PLUMPTON;PR4;1
GREENHALGH;PR4;1
BECCONSALL;PR4;1
WALMER BRIDGE;PR4;1
SAMLESBURY;PR5;1
SAMLESBURY BOTTOMS;PR5;1
TARDY GATE;PR5;1
WALTON-LE-DALE;PR5;1
HOGHTON;PR5;1
FARINGTON;PR5;1
CROSTON;PR5;1
CLAYTON-LE-WOODS;PR5;1
BRETHERTON;PR5;1
BAMBER BRIDGE;PR5;1
MIDGE HALL;PR5;1
BRINDLE;PR6;1
BRINSCALL;PR6;1
WHEELTON;PR6;1
WHITTLE-LE-WOODS;PR6;1
WITHNELL;PR6;1
WHITE COPPICE;PR6;1
LIMBRICK;PR6;1
GRIMEFORD VILLAGE;PR6;1
ABBEY VILLAGE;PR6;1
HESKIN GREEN;PR7;1
CHARNOCK RICHARD;PR7;1
COPPULL;PR7;1
COPPULL MOOR;PR7;1
EUXTON;PR7;1
APPLEY BRIDGE;WN6;1
PARBOLD;WN8;1
SKELMERSDALE;WN8;1
ROBY MILL;WN8;1
DIGMOOR;WN8;1
UP HOLLAND;WN8;1
FRAMWELLGATE MOOR;DH1;1
PITY ME;DH1;1
SHINCLIFFE;DH1;1
CARRVILLE;DH1;1
EDMONDSLEY;DH2;1
GRANGE VILLA;DH2;1
KIMBLESWORTH;DH2;1
WALDRIDGE;DH2;1
PLAWSWORTH;DH2;1
PELTON;DH2;1
GREAT LUMLEY;DH3;1
CHESTER-LE-STREET;DH3;1
WEST RAINTON;DH4;1
BOURNMOOR;DH4;1
SUNDERLAND BRIDGE;DH6;1
CASSOP;DH6;1
SOUTH HETTON;DH6;1
SHOTTON COLLIERY;DH6;1
SHADFORTH;DH6;1
QUARRINGTON HILL;DH6;1
HETT;DH6;1
COXHOE;DH6;1
LUDWORTH;DH6;1
KELLOE;DH6;1
LITTLETOWN;DH6;1
CROXDALE;DH6;1
WHEATLEY HILL;DH6;1
HASWELL;DH6;1
BOWBURN;DH6;1
QUEBEC;DH7;1
LANCHESTER;DH7;1
BRANCEPETH;DH7;1
CORNSAY COLLIERY;DH7;1
BEARPARK;DH7;1
LANGLEY PARK;DH7;1
ESH;DH7;1
ESH WINNING;DH7;1
CORNSAY;DH7;1
MAIDEN LAW;DH7;1
SACRISTON;DH7;1
GREENCROFT HALL;DH7;1
HOLMSIDE;DH7;1
USHAW MOOR;DH7;1
LANGLEY MOOR;DH7;1
WITTON GILBERT;DH7;1
BURNHOPE;DH7;1
HUNSTANWORTH;DH8;1
CARTERWAY HEADS;DH8;1
EDMUNDBYRES;DH8;1
MUGGLESWICK;DH8;1
MEDOMSLEY;DH8;1
IVESTON;DH8;1
SHOTLEY BRIDGE;DH8;1
EBCHESTER;DH8;1
HEALEYFIELD;DH8;1
KILN PIT HILL;DH8;1
RUFFSIDE;DH8;1
CONSETT;DH8;1
DELVES;DH8;1
CASTLESIDE;DH8;1
WASKERLEY;DH8;1
SHOTLEYFIELD;DH8;1
KNITSLEY;DH8;1
ALLENSFORD;DH8;1
CRAGHEAD;DH9;1
TANTOBIE;DH9;1
TANFIELD;DH9;1
SOUTH MOOR;DH9;1
DIPTON;DH9;1
BEAMISH;DH9;1
ANNFIELD PLAIN;DH9;1
BRAFFERTON;DL1;1
GREAT BURDON;DL1;1
BARMPTON;DL1;1
COATHAM MUNDEVILLE;DL1;1
HAUGHTON LE SKERNE;DL1;1
HUTTON MAGNA;DL11;1
BARNARD CASTLE;DL12;1
BOWBANK;DL12;1
EGGLESTON;DL12;1
FOREST-IN-TEESDALE;DL12;1
WYCLIFFE;DL12;1
THRINGARTH;DL12;1
STARTFORTH;DL12;1
SCARGILL;DL12;1
ROMALDKIRK;DL12;1
MIDDLETON-IN-TEESDALE;DL12;1
LARTINGTON;DL12;1
LANGDON BECK;DL12;1
KINNINVIE;DL12;1
HURY;DL12;1
HUNDERTHWAITE;DL12;1
HOLWICK;DL12;1
GRETA BRIDGE;DL12;1
GRASSHOLME;DL12;1
GILMONBY;DL12;1
COTHERSTONE;DL12;1
BOWES;DL12;1
BOLDRON;DL12;1
BRIGNALL;DL12;1
BURNT HOUSES;DL13;1
BEDBURN;DL13;1
BUTSFIELD;DL13;1
CRAWLEYSIDE;DL13;1
ROOKHOPE;DL13;1
SATLEY;DL13;1
FROSTERLEY;DL13;1
LOW REDFORD;DL13;1
COPLEY;DL13;1
WOLSINGHAM;DL13;1
WEARHEAD;DL13;1
DADDRY SHIELD;DL13;1
IRESHOPEBURN;DL13;1
COWSHILL;DL13;1
EAST HEDLEYHOPE;DL13;1
TOW LAW;DL13;1
LOW ETHERLEY;DL14;1
BILDERSHAW;DL14;1
COUNDON;DL14;1
COUNDON GRANGE;DL14;1
HIGH ETHERLEY;DL14;1
ST HELEN AUCKLAND;DL14;1
TOFT HILL;DL14;1
WEST AUCKLAND;DL14;1
WITTON PARK;DL14;1
EVENWOOD;DL14;1
WITTON-LE-WEAR;DL14;1
BISHOP AUCKLAND;DL14;1
HUNWICK;DL15;1
HOWDEN-LE-WEAR;DL15;1
HIGH GRANGE;DL15;1
FIR TREE;DL15;1
BILLY ROW;DL15;1
TUDHOE;DL16;1
SPENNYMOOR;DL16;1
BYERS GREEN;DL16;1
MIDDLESTONE MOOR;DL16;1
KIRK MERRINGTON;DL16;1
BISHOP MIDDLEHAM;DL17;1
CORNFORTH;DL17;1
DEAN BANK;DL17;1
FERRYHILL;DL17;1
RUSHYFORD;DL17;1
BOLAM;DL2;1
STAINDROP;DL2;1
NEASHAM;DL2;1
MIDDLETON ONE ROW;DL2;1
LOW DINSDALE;DL2;1
KILLERBY;DL2;1
LOW CONISCLIFFE;DL2;1
SADBERGE;DL2;1
GAINFORD;DL2;1
SOCKBURN;DL2;1
HIGH CONISCLIFFE;DL2;1
MIDDLETON ST GEORGE;DL2;1
ARCHDEACON NEWTON;DL2;1
WACKERFIELD;DL2;1
HEADLAM;DL2;1
CLEATLAM;DL2;1
MOWDEN;DL3;1
SHILDON;DL4;1
MIDDRIDGE;DL4;1
REDWORTH;DL5;1
AYCLIFFE;DL5;1
NEWTON AYCLIFFE;DL5;1
BURNOPFIELD;NE16;1
SEAHAM;SR7;1
COLD HESLEDON;SR7;1
DALTON-LE-DALE;SR7;1
EASINGTON COLLIERY;SR8;1
HORDEN;SR8;1
PETERLEE;SR8;1
LITTLE THORPE;SR8;1
EGGLESCLIFFE;TS16;1
URLAY NOOK;TS16;1
EAGLESCLIFFE;TS16;1
STOCKTON-ON-TEES;TS19;1
PORT CLARENCE;TS2;1
GREAT STAINTON;TS21;1
BRADBURY;TS21;1
THORPE THEWLES;TS21;1
THORPE LARCHES;TS21;1
MORDON;TS21;1
LITTLE STAINTON;TS21;1
ELSTOB;TS21;1
SEDGEFIELD;TS21;1
STILLINGTON;TS21;1
FISHBURN;TS21;1
REDMARSHALL;TS21;1
BRIERTON;TS22;1
WOLVISTON;TS22;1
NEWTON BEWLEY;TS22;1
WYNYARD;TS22;1
COWPEN BEWLEY;TS23;1
HAVERTON HILL;TS23;1
BILLINGHAM;TS23;1
CRIMDON PARK;TS24;1
HARTLEPOOL;TS24;1
SEATON CAREW;TS25;1
HIGH THROSTON;TS26;1
DALTON PIERCY;TS27;1
CASTLE EDEN;TS27;1
HUTTON HENRY;TS27;1
SHERATON;TS27;1
HESLEDEN;TS27;1
SOUTH WINGATE;TS27;1
BLACKHALL COLLIERY;TS27;1
HART;TS27;1
STATION TOWN;TS28;1
WINGATE;TS28;1
TRIMDON GRANGE;TS29;1
TRIMDON;TS29;1
TRIMDON COLLIERY;TS29;1
ADWALTON;BD11;1
DRIGHLINGTON;BD11;1
BIRKENSHAW;BD11;1
DENHOLME;BD13;1
QUEENSBURY;BD13;1
CULLINGWORTH;BD13;1
DENHOLME CLOUGH;BD13;1
WILSDEN;BD15;1
HARDEN;BD16;1
ELDWICK;BD16;1
BINGLEY;BD16;1
BAILDON;BD17;1
CLECKHEATON;BD19;1
GOMERSAL;BD19;1
SILSDEN;BD20;1
UTLEY;BD20;1
STEETON;BD20;1
RIDDLESDEN;BD20;1
EAST MORTON;BD20;1
INGROW;BD21;1
KEIGHLEY;BD21;1
OXENHOPE;BD22;1
HAWORTH;BD22;1
STANBURY;BD22;1
OAKWORTH;BD22;1
LAYCOCK;BD22;1
WESTGATE HILL;BD4;1
DUDLEY HILL;BD4;1
TONG STREET;BD4;1
BUTTERSHAW;BD6;1
WIBSEY;BD6;1
QUARMBY;HD3;1
OUTLANE;HD3;1
MOSELDEN HEIGHT;HD3;1
LINDLEY;HD3;1
MILNSBRIDGE;HD4;1
FARNLEY TYAS;HD4;1
ALMONDBURY;HD4;1
RASTRICK;HD6;1
BRIGHOUSE;HD6;1
NETHERTHONG;HD7;1
HONLEY;HD7;1
MELTHAM;HD7;1
SLAITHWAITE;HD7;1
GOLCAR;HD7;1
BROCKHOLES;HD7;1
UPPERTHONG;HD7;1
LINTHWAITE;HD7;1
THURSTONLAND;HD7;1
AUSTONLEY;HD7;1
LEPTON;HD8;1
KIRKBURTON;HD8;1
COWMES;HD8;1
EMLEY;HD8;1
DENBY DALE;HD8;1
HIGHBURTON;HD8;1
UPPER DENBY;HD8;1
CLAYTON WEST;HD8;1
SHEPLEY;HD8;1
SKELMANTHORPE;HD8;1
HALIFAX;HX1;1
OGDEN;HX2;1
WARLEY TOWN;HX2;1
WAINSTALLS;HX2;1
MOUNT TABOR;HX2;1
LUDDENDEN;HX2;1
ILLINGWORTH;HX2;1
HOLMFIELD;HX2;1
HIPPERHOLME;HX3;1
BOOTHTOWN;HX3;1
OVENDEN;HX3;1
NORTHOWRAM;HX3;1
SOUTHOWRAM;HX3;1
SHELF;HX3;1
GREETLAND;HX4;1
HOLYWELL GREEN;HX4;1
STAINLAND;HX4;1
BARKISLAND;HX4;1
ELLAND;HX5;1
BOOTH WOOD;HX6;1
LUMB;HX6;1
MILL BANK;HX6;1
NORLAND TOWN;HX6;1
RIPPONDEN;HX6;1
RISHWORTH;HX6;1
TRIANGLE;HX6;1
SOWERBY BRIDGE;HX6;1
HEBDEN BRIDGE;HX7;1
MYTHOLM;HX7;1
BLACKSHAW HEAD;HX7;1
MYTHOLMROYD;HX7;1
HIGH GATE;HX7;1
PECKET WELL;HX7;1
WIDDOP;HX7;1
HEPTONSTALL;HX7;1
CRAGG;HX7;1
NEW FARNLEY;LS12;1
THORNER;LS14;1
SCARCROFT;LS14;1
WHITKIRK;LS15;1
BARWICK IN ELMET;LS15;1
CROSS GATES;LS15;1
KIDDAL LANE END;LS15;1
BRAMHOPE;LS16;1
ADEL;LS16;1
TINSHILL;LS16;1
ECCUP;LS16;1
EAST KESWICK;LS17;1
HAREWOOD;LS17;1
BARDSEY;LS17;1
DUNKESWICK;LS17;1
MOOR ALLERTON;LS17;1
EAST RIGTON;LS17;1
ALWOODLEY PARK;LS17;1
ALWOODLEY;LS17;1
HORSFORTH;LS18;1
RAWDON;LS19;1
YEADON;LS19;1
GUISELEY;LS20;1
JACK HILL;LS21;1
BLUBBER-HOUSES;LS21;1
WETHERBY;LS22;1
BOSTON SPA;LS23;1
THORP ARCH;LS23;1
BRAMHAM;LS23;1
LEDSHAM;LS25;1
GARFORTH;LS25;1
KIPPAX;LS25;1
ABERFORD;LS25;1
OLD MICKLEFIELD;LS25;1
SWILLINGTON;LS26;1
METHLEY;LS26;1
WOODLESFORD;LS26;1
MICKLETOWN;LS26;1
GREAT PRESTON;LS26;1
GILDERSOME;LS27;1
CHURWELL;LS27;1
FARSLEY;LS28;1
CALVERLEY;LS28;1
PUDSEY;LS28;1
BURLEY IN WHARFDALE;LS29;1
MENSTON;LS29;1
ILKLEY;LS29;1
LANGBAR;LS29;1
ADDINGHAM;LS29;1
KIRKSTALL;LS5;1
ROUNDHAY;LS8;1
GLEDHOW;LS8;1
HAREHILLS;LS9;1
WARLAND;OL14;1
TODMORDEN;OL14;1
LUMBUTTS;OL14;1
WALSDEN;OL14;1
CORNHOLME;OL14;1
CLOUGH FOOT;OL14;1
LYDGATE;OL14;1
MANKINHOLES;OL14;1
SOUTH HIENDLEY;S72;1
WARMFIELD;WF1;1
ALLERTON BYWATER;WF10;1
CASTLEFORD;WF10;1
NEW FRYSTON;WF10;1
WHITWOOD;WF10;1
LEDSTON;WF10;1
FERRYBRIDGE;WF11;1
KNOTTINGLEY;WF11;1
DEWSBURY;WF12;1
WHITLEY LOWER;WF12;1
UPPER HOPTON;WF14;1
MIRFIELD;WF14;1
ROBERTTOWN;WF15;1
LIVERSEDGE;WF15;1
HECKMONDWIKE;WF16;1
BATLEY;WF17;1
BIRSTALL SMITHIES;WF17;1
CRIGGLESTONE;WF2;1
KIRKHAMGATE;WF2;1
WRENTHORPE;WF2;1
TINGLEY;WF3;1
EAST ARDSLEY;WF3;1
WEST HARDWICK;WF4;1
WEST BRETTON;WF4;1
MIDDLESTOWN;WF4;1
WINTERSETT;WF4;1
FLOCKTON;WF4;1
GRANGE MOOR;WF4;1
HORBURY;WF4;1
SHARLSTON;WF4;1
RYHILL;WF4;1
FLOCKTON GREEN;WF4;1
OSSETT;WF5;1
ALTOFTS;WF6;1
HIGH ACKWORTH;WF7;1
PURSTON JAGLIN;WF7;1
ACKTON;WF7;1
ACKWORTH MOOR TOP;WF7;1
WENTBRIDGE;WF8;1
THORPE AUDLIN;WF8;1
PONTEFRACT;WF8;1
EAST HARDWICK;WF8;1
DARRINGTON;WF8;1
BADSWORTH;WF9;1
KINSLEY;WF9;1
FITZWILLIAM;WF9;1
HEMSWORTH;WF9;1
SOUTH ELMSALL;WF9;1
SOUTH KIRKBY;WF9;1
NORTH ELMSALL;WF9;1
KING'S HEATH;B14;1
CHAD VALLEY;B15;1
EDGBASTON;B15;1
HARBORNE;B17;1
GRAVELLY HILL;B23;1
TYBURN;B24;1
ERDINGTON;B24;1
YARDLEY;B25;1
HAY MILLS;B25;1
SOUTH YARDLEY;B26;1
ACOCK'S GREEN;B27;1
HALL GREEN;B28;1
BOURNBROOK;B29;1
SELLY OAK;B29;1
BOURNVILLE;B30;1
COTTERIDGE;B30;1
TILE CROSS;B33;1
CASTLE BROMWICH;B36;1
MARSTON GREEN;B37;1
PERRY BARR;B42;1
GREAT BARR;B43;1
QUESLETT;B44;1
KINGSTANDING;B44;1
RUBERY;B45;1
ILLEY;B62;1
HASBURY;B63;1
HALESOWEN;B63;1
OLD HILL;B64;1
ROWLEY REGIS;B65;1
SMETHWICK;B66;1
WEST BROMWICH;B70;1
BIRD END;B71;1
WYLDE GREEN;B72;1
LITTLE ASTON;B74;1
STREETLY;B74;1
ROUGHLEY;B75;1
CANWELL HALL;B75;1
MERE GREEN;B75;1
MINWORTH;B76;1
WALMLEY;B76;1
SALTLEY;B8;1
WARD END;B8;1
WHITLOCK'S END;B90;1
SOLIHULL LODGE;B90;1
BLOSSOMFIELD;B91;1
SOLIHULL;B91;1
KINETON GREEN;B92;1
ELMDON HEATH;B92;1
HAMPTON IN ARDEN;B92;1
OLTON;B92;1
BICKENHILL;B92;1
DORRIDGE;B93;1
COPT HEATH;B93;1
BENTLEY HEATH;B93;1
CHADWICK END;B93;1
BARSTON;B93;1
HOCKLEY HEATH;B94;1
WALSGRAVE ON SOWE;CV2;1
UPPER STOKE;CV2;1
ALDERMAN'S GREEN;CV2;1
STIVICHALL;CV3;1
UPPER EASTERN GREEN;CV5;1
ALLESLEY;CV5;1
CHAPEL FIELDS;CV5;1
HAWKES END;CV5;1
PICKFORD GREEN;CV5;1
EARLSDON;CV5;1
BROWNSHILL GREEN;CV5;1
LITTLE HEATH;CV6;1
FOLESHILL;CV6;1
KERESLEY;CV6;1
GREAT HEATH;CV6;1
COURT HOUSE GREEN;CV6;1
BALSALL;CV7;1
MERIDEN;CV7;1
BERKSWELL;CV7;1
BALSALL COMMON;CV7;1
GOSPEL END;DY3;1
GORNALWOOD;DY3;1
UPPER GORNAL;DY3;1
SEDGLEY;DY3;1
PRINCES END;DY4;1
TIPTON;DY4;1
DUDLEY PORT;DY4;1
QUARRY BANK;DY5;1
PENSNETT;DY5;1
BRIERLEY HILL;DY5;1
WALL HEATH;DY6;1
KINGSWINFORD;DY6;1
WORDSLEY;DY8;1
OLD SWINFORD;DY8;1
AMBLECOTE;DY8;1
STOURBRIDGE;DY8;1
LYE;DY9;1
PEDMORE;DY9;1
MAW GREEN;WS1;1
KING'S HILL;WS10;1
MOXLEY;WS10;1
DARLASTON;WS10;1
WEDNESBURY;WS10;1
PELSALL;WS3;1
LITTLE WYRLEY;WS3;1
BLOXWICH;WS3;1
SHELFIELD;WS4;1
SHIRE OAK;WS8;1
WALSALL WOOD;WS9;1
THORNES;WS9;1
VIGO;WS9;1
ALDRIDGE;WS9;1
MONMORE GREEN;WV1;1
BUSHBURY;WV10;1
WEDNESFIELD;WV11;1
COSELEY;WV14;1
ETTINGSHALL;WV4;1
NURTON;WV6;1
WERGS;WV6;1
TETTENHALL;WV6;1
TETTENHALL WOOD;WV6;1
ACKLETON;WV6;1
PENSHAW;DH4;1
HOUGHTON LE SPRING;DH4;1
COLLIERY ROW;DH4;1
SHINEY ROW;DH4;1
FENCE HOUSES;DH4;1
EAST RAINTON;DH5;1
HETTON-LE-HOLE;DH5;1
EASINGTON LANE;DH5;1
PITTINGTON;DH6;1
PELAW;NE10;1
FELLING;NE10;1
LAMESLEY;NE11;1
TEAM VALLEY;NE11;1
KIBBLESWORTH;NE11;1
FOREST HALL;NE12;1
KILLINGWORTH;NE12;1
BENTON SQUARE;NE12;1
BRENKLEY;NE13;1
SEATON BURN;NE13;1
NEW HORTON GRANGE;NE13;1
WIDE OPEN;NE13;1
HAZLERIGG;NE13;1
THROCKLEY;NE15;1
NEWBURN;NE15;1
LEMINGTON;NE15;1
MARLEY HILL;NE16;1
HOBSON;NE16;1
WHICKHAM;NE16;1
SWALWELL;NE16;1
CHOPWELL;NE17;1
JESMOND;NE2;1
WINLATON;NE21;1
BLAYDON;NE21;1
STELLA;NE21;1
EARSDON;NE25;1
MONKSEATON;NE25;1
SEATON SLUICE;NE26;1
WHITLEY BAY;NE26;1
SHIREMOOR;NE27;1
WALLSEND;NE28;1
KINGSTON PARK;NE3;1
FAWDON;NE3;1
TYNEMOUTH;NE30;1
CULLERCOATS;NE30;1
HEBBURN;NE31;1
JARROW;NE32;1
SOUTH SHIELDS;NE33;1
BOLDON COLLIERY;NE35;1
BOLDON;NE36;1
EAST BOLDON;NE36;1
WEST BOLDON;NE36;1
FATFIELD;NE38;1
HIGH SPEN;NE39;1
ROWLANDS GILL;NE39;1
LINTZFORD;NE39;1
WINLATON MILL;NE39;1
GREENSIDE;NE40;1
COALBURNS;NE40;1
CRAWCROOK;NE40;1
CALLERTON LANE END;NE5;1
BLACK CALLERTON;NE5;1
WALLBOTTLE;NE5;1
BYKER;NE6;1
WALKER;NE6;1
LONGBENTON;NE7;1
SPRINGWELL;NE9;1
WREKENTON;NE9;1
NEWCASTLE UPON TYNE (PO BOXES);NE99;1
RYHOPE;SR2;1
SILKSWORTH;SR3;1
NEW SILKSWORTH;SR3;1
HERRINGTON;SR3;1
SOUTH HYLTON;SR4;1
MONKWEARMOUTH;SR6;1
ROKER;SR6;1
CLEADON;SR6;1
AUSTERFIELD;DN10;1
BAWTRY;DN10;1
WADWORTH;DN11;1
NEW ROSSINGTON;DN11;1
TICKHILL;DN11;1
LOVERSALL;DN11;1
ROSSINGTON;DN11;1
NEW EDLINGTON;DN12;1
DENABY;DN12;1
CONISBROUGH;DN12;1
DENABY MAIN;DN12;1
SYKEHOUSE;DN14;1
NUTWELL;DN3;1
KIRK SANDALL;DN3;1
BARNBY DUN;DN3;1
ARMTHORPE;DN3;1
EDENTHORPE;DN3;1
BESSACARR;DN4;1
WARMSWORTH;DN4;1
BRODSWORTH;DN5;1
SPROTBROUGH;DN5;1
HIGH MELTON;DN5;1
MARR;DN5;1
HOOTON PAGNELL;DN5;1
ARKSEY;DN5;1
BARNBURGH;DN5;1
HICKLETON;DN5;1
ADWICK LE STREET;DN6;1
ASKERN;DN6;1
BURGHWALLIS;DN6;1
CAMPSALL;DN6;1
CARCROFT;DN6;1
HAMPOLE;DN6;1
SKELLOW;DN6;1
THORPE IN BALNE;DN6;1
WALDEN STUBBS;DN6;1
DUNSVILLE;DN7;1
DUNSCROFT;DN7;1
KIRK BRAMWITH;DN7;1
HATFIELD WOODHOUSE;DN7;1
FISHLAKE;DN7;1
THORNE;DN8;1
MOORENDS;DN8;1
BLAXTON;DN9;1
AUCKLEY;DN9;1
GLEADLESS;S12;1
RIDGEWAY;S12;1
HACKENTHORPE;S12;1
INTAKE;S12;1
DORE;S17;1
TOTLEY;S17;1
BIRLEY CARR;S6;1
LOW BRADFIELD;S6;1
HIGH BRADFIELD;S6;1
TREETON;S60;1
CATCLIFFE;S60;1
BRINSWORTH;S60;1
THORPE HESLEY;S61;1
GREASBROUGH;S61;1
RAWMARSH;S62;1
NETHER HAUGH;S62;1
WATH UPON DEARNE;S63;1
BOLTON UPON DEARNE;S63;1
GOLDTHORPE;S63;1
THURNSCOE;S63;1
WEST MELTON;S63;1
KILNHURST;S64;1
MEXBOROUGH;S64;1
ADWICK UPON DEARNE;S64;1
HOOTON ROBERTS;S65;1
THRYBERGH;S65;1
RAVENFIELD;S65;1
WICKERSLEY;S66;1
THURCROFT;S66;1
BRAITHWELL;S66;1
HOOTON LEVITT;S66;1
BRAMPTON EN LE MORTHEN;S66;1
BIRDWELL;S70;1
WORSBROUGH;S70;1
ARDSLEY;S71;1
BILLINGLEY;S72;1
GRIMETHORPE;S72;1
SHAFTON;S72;1
WOMBWELL;S73;1
DARFIELD;S73;1
HOYLAND;S74;1
JUMP;S74;1
ELSECAR;S74;1
MAPPLEWELL;S75;1
WENTWORTH CASTLE;S75;1
TANKERSLEY;S75;1
STAINCROSS;S75;1
SILKSTONE COMMON;S75;1
DARTON;S75;1
DODWORTH;S75;1
GAWBER;S75;1
SILKSTONE;S75;1
HIGH HOYLAND;S75;1
KEXBROUGH;S75;1
CAWTHORNE;S75;1
HEELEY;S8;1
BEAUCHIEF;S8;1
THORPE SALVIN;S80;1
FIRBECK;S81;1
WOODSETTS;S81;1
LETWELL;S81;1
TINSLEY;S9;1
WINCOBANK;S9;1
DARNALL;S9;1
ECCLESFIELD;S95;1
SEACOMBE;CH41;1
ROCK FERRY;CH42;1
BIDSTON;CH43;1
SAUGHALL MASSIE;CH47;1
HOYLAKE;CH47;1
GREASBY;CH48;1
FRANKBY;CH48;1
CALDY;CH48;1
WEST KIRBY;CH48;1
HESWALL;CH60;1
PENSBY;CH61;1
IRBY;CH61;1
THURSTASTON;CH61;1
AINTREE;L10;1
WEST DERBY;L12;1
KNOTTY ASH;L14;1
CHILDWALL;L16;1
AIGBURTH;L17;1
MOSSLEY HILL;L18;1
GARSTON;L19;1
GRASSENDALE;L19;1
LITHERLAND;L21;1
SEAFORTH;L22;1
LITTLE CROSBY;L23;1
GREAT CROSBY;L23;1
SPEKE;L24;1
GATEACRE;L25;1
HUNT'S CROSS;L25;1
WOOLTON;L25;1
HALEWOOD;L26;1
LUNT;L29;1
MAGHULL;L31;1
LYDIATE;L31;1
MELLING MOUNT;L31;1
PRESCOT;L34;1
RAINHILL STOOPS;L35;1
RAINHILL;L35;1
HUYTON;L36;1
ROBY;L36;1
FORMBY;L37;1
FRESHFIELD;L37;1
INCE BLUNDELL;L38;1
NON-GEOGRAPHIC;L69;1
SNAPE GREEN;PR8;1
BIRKDALE;PR8;1
SHIRDLEY HILL;PR8;1
AINSDALE;PR8;1
SOUTHPORT;PR8;1
CROSSENS;PR9;1
MERE BROW;PR9;1
MARSHSIDE;PR9;1
HAYDOCK;WA11;1
MOSS BANK;WA11;1
RAINFORD;WA11;1
CRANK;WA11;1
EARLESTOWN;WA12;1
CRONTON;WA8;1
BOLD HEATH;WA8;1
SUTTON LEACH;WA9;1
THATTO HEATH;WA9;1
CLOCK FACE;WA9;1
ASHTON-IN-MAKERFIELD;WN4;1
GARSWOOD;WN4;1
ORRELL;WN5;1
BILLINGE;WN5;1
GATHURST;WN5;1
SHUTTLEWORTH;BL0;1
STUBBINS;BL0;1
RAMSBOTTOM;BL0;1
EAGLEY;BL1;1
ASTLEY BRIDGE;BL1;1
BRADSHAW;BL2;1
HARWOOD;BL2;1
AINSWORTH;BL2;1
LITTLE LEVER;BL3;1
DAUBHILL;BL3;1
KEARSLEY;BL4;1
WESTHOUGHTON;BL5;1
HORWICH;BL6;1
BLACKROD;BL6;1
TOPPINGS;BL7;1
TURTON BOTTOMS;BL7;1
GREENMOUNT;BL8;1
TOTTINGTON;BL8;1
LIMEFIELD;BL9;1
SUMMERSEAT;BL9;1
FISHPOOL;BL9;1
HOLLINS;BL9;1
WALMERSLEY;BL9;1
LEVENSHULME;M12;1
RUSHOLM;M13;1
TRAFFORD PARK;M17;1
GORTON;M18;1
BURNAGE;M19;1
DIDSBURY;M20;1
CHORLTON-CUM-HARDY;M21;1
MOSS NOOK;M22;1
BAGULEY;M23;1
PRESTWICH;M25;1
PRESTOLEE;M26;1
PENDLEBURY;M27;1
BOOTHSTOWN;M28;1
WORSLEY;M28;1
WALKDEN;M28;1
ASTLEY GREEN;M29;1
HIGHER GREEN;M29;1
TYLDESLEY;M29;1
PARTINGTON;M31;1
STRETFORD;M32;1
ASHTON UPON MERSEY;M33;1
SALE;M33;1
HAUGHTON GREEN;M34;1
AUDENSHAW;M34;1
FAILSWORTH;M35;1
LITTLE HULTON;M38;1
URMSTON;M41;1
DROYLSDEN;M43;1
CADISHEAD;M44;1
IRLAM;M44;1
ATHERTON;M46;1
CHEETHAM HILL;M8;1
SLATTOCKS;OL11;1
SHAWCLOUGH;OL12;1
CHEESDEN;OL12;1
WOLSTENHOLME;OL12;1
SYKE;OL12;1
SUMMIT;OL15;1
CALDERBROOK;OL15;1
NEWHEY;OL16;1
FIRGROVE;OL16;1
MILNROW;OL16;1
SMALLBRIDGE;OL16;1
ROCHDALE;OL16;1
ROYTON;OL2;1
HEYSIDE;OL2;1
CROMPTON FOLD;OL2;1
BLEAK HEY NOOK;OL3;1
UPPERMILL;OL3;1
DENSHAW;OL3;1
DELPH;OL3;1
DIGGLE;OL3;1
GRASSCROFT;OL4;1
MOORSIDE;OL4;1
MICKLEHURST;OL5;1
ASHTON-UNDER-LYNE;OL7;1
BARDSLEY;OL8;1
CHADDERTON;OL9;1
CHISWORTH;SK14;1
MOTTRAM IN LONGDENDALE;SK14;1
HADFIELD;SK14;1
HOLLINGWORTH;SK14;1
TINTWISTLE;SK14;1
BROADBOTTOM;SK14;1
GEE CROSS;SK14;1
STALYBRIDGE;SK15;1
DUKINFIELD;SK16;1
HEAVILEY;SK2;1
OFFERTON;SK2;1
HEATON MOOR;SK4;1
REDDISH;SK5;1
MARPLE;SK6;1
BREDBURY;SK6;1
ROMILEY;SK6;1
COMPSTALL;SK6;1
BRAMHALL;SK7;1
HAZEL GROVE;SK7;1
HEALD GREEN;SK8;1
GATLEY;SK8;1
CHEADLE HULME;SK8;1
WARBURTON;WA13;1
DUNHAM TOWN;WA14;1
BOWDON;WA14;1
BROADHEATH;WA14;1
ALTRINCHAM;WA14;1
TIMPERLEY;WA15;1
HALEBARNS;WA15;1
GOLBORNE;WA3;1
LOWTON;WA3;1
WIGAN;WN1;1
HINDLEY GREEN;WN2;1
BRYN GATES;WN2;1
ASPULL;WN2;1
RED ROCK;WN2;1
HAIGH;WN2;1
ABRAM;WN2;1
HINDLEY;WN2;1
INCE-IN-MAKERFIELD;WN3;1
SHEVINGTON MOOR;WN6;1
STANDISH;WN6;1
WRIGHTINGTON BAR;WN6;1
SHEVINGTON;WN6;1
LATELY COMMON;WN7;1
BLACON;CH1;1
CAPENHURST;CH1;1
SHOTWICK;CH1;1
SAUGHALL;CH1;1
INCE;CH2;1
THORNTON-LE-MOORS;CH2;1
STOAK;CH2;1
BRIDGE TRAFFORD;CH2;1
BACKFORD;CH2;1
WERVIN;CH2;1
LITTLE STANNEY;CH2;1
CHRISTLETON;CH3;1
ALDERSEY GREEN;CH3;1
BROXTON;CH3;1
HUXLEY;CH3;1
HOOLE;CH3;1
FULLER'S MOOR;CH3;1
TATTENHALL;CH3;1
GUILDEN SUTTON;CH3;1
TARVIN SANDS;CH3;1
HANDLEY;CH3;1
TARVIN;CH3;1
GATESHEATH;CH3;1
BRUERA;CH3;1
GREAT BARROW;CH3;1
BURWARDSLEY;CH3;1
HATTON HEATH;CH3;1
MILTON GREEN;CH3;1
CHOWLEY;CH3;1
MICKLE TRAFFORD;CH3;1
OSCROFT;CH3;1
CHURTON;CH3;1
CLUTTON;CH3;1
SAIGHTON;CH3;1
ALDFORD;CH3;1
PULFORD;CH4;1
LOWER KINNERTON;CH4;1
DODLESTON;CH4;1
COPPENHALL MOSS;CW1;1
HASLINGTON;CW1;1
RADWAY GREEN;CW1;1
BRADFIELD GREEN;CW1;1
PUDDINGLAKE;CW10;1
MIDDLEWICH;CW10;1
BOSTOCK GREEN;CW10;1
BYLEY;CW10;1
OCCLESTONE GREEN;CW10;1
ARCLID;CW11;1
HASSALL;CW11;1
WINTERLEY;CW11;1
BRADWALL GREEN;CW11;1
WHEELOCK;CW11;1
WARMINGHAM;CW11;1
FOURLANES END;CW11;1
ELWORTH;CW11;1
HASSALL GREEN;CW11;1
SPEN GREEN;CW11;1
BRERETON GREEN;CW11;1
SANDBACH;CW11;1
BROOKHOUSE GREEN;CW11;1
BRERETON HEATH;CW12;1
ASTBURY;CW12;1
BROWNLOW HEATH;CW12;1
HULME WALFIELD;CW12;1
KEY GREEN;CW12;1
NORTH RODE;CW12;1
RODEHEATH;CW12;1
TIMBERSBROOK;CW12;1
SWETTENHAM;CW12;1
CONGLETON;CW12;1
SHAVINGTON;CW2;1
BARTHOMLEY;CW2;1
HOUGH;CW2;1
WISTASTON;CW2;1
ENGLESEA-BROOK;CW2;1
CHORLTON;CW2;1
SWANBACH;CW3;1
BUERTON;CW3;1
COXBANK;CW3;1
HANKELOW;CW3;1
AUDLEM;CW3;1
HOLMES CHAPEL;CW4;1
CRANAGE;CW4;1
SPROSTON GREEN;CW4;1
GOOSTREY;CW4;1
BLACKDEN HEATH;CW4;1
BURLAND;CW5;1
BRIDGEMERE;CW5;1
STAPELEY;CW5;1
NANTWICH;CW5;1
WYBUNBURY;CW5;1
WRENBURY;CW5;1
RAVENSMOOR;CW5;1
WALGHERTON;CW5;1
LARDEN GREEN;CW5;1
WILLASTON;CW5;1
ASTON JUXTA MONDRUM;CW5;1
WORLESTON;CW5;1
FADDILEY;CW5;1
CHURCH MINSHULL;CW5;1
BUTT GREEN;CW5;1
BEAMBRIDGE;CW5;1
REASE HEATH;CW5;1
ALPRAHAM;CW6;1
BIRCH HEATH;CW6;1
COTEBROOK;CW6;1
DUDDON;CW6;1
HAUGHTON MOSS;CW6;1
KELSALL;CW6;1
LITTLE BUDWORTH;CW6;1
WILLINGTON CORNER;CW6;1
TILSTONE FEARNALL;CW6;1
SPURSTOW;CW6;1
BUNBURY;CW6;1
PECKFORTON;CW6;1
TARPORLEY;CW6;1
CALVELEY;CW6;1
CLOTTON;CW6;1
QUARRYBANK;CW6;1
FOXWIST GREEN;CW7;1
WETTENHALL GREEN;CW7;1
WETTENHALL;CW7;1
SALTERSWALL;CW7;1
HEBDEN GREEN;CW7;1
DELAMERE;CW8;1
WHITEGATE;CW8;1
BARNTON;CW8;1
CROWTON;CW8;1
ACTON BRIDGE;CW8;1
LITTLE LEIGH;CW8;1
SANDIWAY;CW8;1
WEAVERHAM;CW8;1
ANDERTON;CW8;1
HARTFORD;CW8;1
LOSTOCK GREEN;CW9;1
LOSTOCK GRALAM;CW9;1
RUDHEATH;CW9;1
NORTHWICH;CW9;1
ANTROBUS;CW9;1
GREAT BUDWORTH;CW9;1
WINCHAM;CW9;1
LACH DENNIS;CW9;1
ARLEY;CW9;1
COMBERBACH;CW9;1
BATE HEATH;CW9;1
DAVENHAM;CW9;1
RAINOW;SK10;1
POTT SHRIGLEY;SK10;1
HURDSFIELD;SK10;1
KERRIDGE;SK10;1
NETHER ALDERLEY;SK10;1
MOTTRAM ST ANDREW;SK10;1
BOLLINGTON;SK10;1
CHELFORD;SK10;1
WINCLE;SK11;1
DANEBRIDGE;SK11;1
BOSLEY;SK11;1
BADGERBANK;SK11;1
BURNTCLIFF TOP;SK11;1
ALLGREAVE;SK11;1
CAT AND FIDDLE INN;SK11;1
GAWSWORTH;SK11;1
GLEADSMOSS;SK11;1
JODRELL BANK;SK11;1
LOWER WITHINGTON;SK11;1
MACCLESFIELD FOREST;SK11;1
MONKS' HEATH;SK11;1
OAKGROVE;SK11;1
SUTTON LANE ENDS;SK11;1
WILDBOARCLOUGH;SK11;1
WITHINGTON GREEN;SK11;1
MACCLESFIELD;SK11;1
HORWICH END;SK12;1
KETTLESHULME;SK12;1
LITTLE HAYFIELD;SK12;1
LOW LEIGHTON;SK12;1
SLACKHALL;SK12;1
TAXAL;SK12;1
FURNESS VALE;SK12;1
FERNILEE;SK12;1
DISLEY;SK12;1
THORNSETT;SK12;1
CHINLEY HEAD;SK12;1
BUXWORTH;SK12;1
BIRCH VALE;SK12;1
MIDDLEWOOD;SK12;1
ALDERLEY EDGE;SK9;1
STYAL;SK9;1
MORLEY GREEN;SK9;1
HANDFORTH;SK9;1
DEAN ROW;SK9;1
WILMSLOW;SK9;1
HALMER END;ST7;1
COALPIT HILL;ST7;1
CHURCH LAWTON;ST7;1
BUTT LANE;ST7;1
BUTTERS GREEN;ST7;1
ALSAGERS BANK;ST7;1
ALSAGER;ST7;1
HARDINGS WOOD;ST7;1
HARRISEAHEAD;ST7;1
SCHOLAR GREEN;ST7;1
RODE HEATH;ST7;1
WIRSWALL;SY13;1
MARBURY;SY13;1
GALLANTRY BANK;SY14;1
DUCKINGTON;SY14;1
CUDDINGTON HEATH;SY14;1
CROXTON GREEN;SY14;1
CHORLTON LANE;SY14;1
HAMPTON HEATH;SY14;1
EGERTON GREEN;SY14;1
HORTON GREEN;SY14;1
HIGHER WYCH;SY14;1
BICKLEY MOSS;SY14;1
TILSTON;SY14;1
BULKELEY;SY14;1
BICKLEY TOWN;SY14;1
THREAPWOOD;SY14;1
TALLARN GREEN;SY14;1
SHOCKLACH;SY14;1
OLDCASTLE HEATH;SY14;1
MARTINSCROFT;WA1;1
LYMM;WA13;1
BROOMEDGE;WA13;1
STATHAM;WA13;1
HEATLEY;WA13;1
LITTLE BOLLINGTON;WA14;1
KNUTSFORD;WA16;1
PEOVER HEATH;WA16;1
HIGH LEGH;WA16;1
ROSTHERNE;WA16;1
PLUMLEY;WA16;1
SMITHY GREEN;WA16;1
MARTHALL;WA16;1
PICKMERE;WA16;1
SWORTON HEATH;WA16;1
KNOLLS GREEN;WA16;1
OVER TABLEY;WA16;1
OVER PEOVER;WA16;1
MOBBERLEY;WA16;1
LOWER PEOVER;WA16;1
FEARNHEAD;WA2;1
LOWTON COMMON;WA3;1
CULCHETH;WA3;1
GLAZEBURY;WA3;1
TWISS GREEN;WA3;1
HOLLINS GREEN;WA3;1
KENYON;WA3;1
STOCKTON HEATH;WA4;1
THELWALL;WA4;1
PRESTON ON THE HILL;WA4;1
LOWER WHITLEY;WA4;1
MOORE;WA4;1
GRAPPENHALL;WA4;1
DARESBURY;WA4;1
LATCHFORD;WA4;1
APPLETON THORN;WA4;1
DUTTON;WA4;1
LOWER WALTON;WA4;1
KECKWICK;WA4;1
HIGHER WHITLEY;WA4;1
COLLINS GREEN;WA5;1
PENKETH;WA5;1
GREAT SANKEY;WA5;1
BURTONWOOD;WA5;1
BURTONWOOD AND WESTBROOK;WA55;1
ALVANLEY;WA6;1
MANLEY;WA6;1
MOULDSWORTH;WA6;1
NORLEY;WA6;1
FRODSHAM;WA6;1
HAPSFORD;WA6;1
HATCHMERE;WA6;1
HELSBY;WA6;1
DUNHAM-ON-THE-HILL;WA6;1
PRESTON BROOK;WA7;1
RUNCORN;WA7;1
SUTTON WEAVER;WA7;1
WESTON POINT;WA7;1
HALE BANK;WA8;1
WIDNES;WA8;1
HOUGH GREEN;WA8;1
SOUTH FAWLEY;OX12;1
CRAZIES HILL;RG10;1
RUSCOMBE;RG10;1
WHISTLEY GREEN;RG10;1
WARREN ROW;RG10;1
WARGRAVE;RG10;1
WALTHAM ST LAWRENCE;RG10;1
SHURLOCK ROW;RG10;1
KILN GREEN;RG10;1
HARE HATCH;RG10;1
COCKPOLE GREEN;RG10;1
KNOWL HILL;RG10;1
POPESWOOD;RG12;1
EASTHAMPSTEAD;RG12;1
BRACKNELL SOUTH;RG12;1
SPEEN;RG14;1
NEWBURY;RG14;1
WASH COMMON;RG14;1
LAMBOURN;RG17;1
UPPER LAMBOURN;RG17;1
SHEFFORD WOODLANDS;RG17;1
GREAT SHEFFORD;RG17;1
EDDINGTON;RG17;1
BOCKHAMPTON;RG17;1
LAMBOURN WOODLANDS;RG17;1
KINTBURY;RG17;1
INKPEN;RG17;1
HUNGERFORD NEWTOWN;RG17;1
EAST SHEFFORD;RG17;1
EAST GARSTON;RG17;1
THATCHAM;RG18;1
YATTENDON;RG18;1
CURRIDGE;RG18;1
HAMPSTEAD NORRIS;RG18;1
FRILSHAM;RG18;1
LITTLE HUNGERFORD;RG18;1
COLD ASH;RG18;1
PLASTOW GREEN;RG19;1
ASHFORD HILL;RG19;1
SHINFIELD;RG2;1
ARBORFIELD GARRISON;RG2;1
ARBORFIELD CROSS;RG2;1
ARBORFIELD;RG2;1
HAMSTEAD MARSHALL;RG20;1
OLD BURGHCLERE;RG20;1
STOCKCROSS;RG20;1
SYDMONTON;RG20;1
WICKHAM HEATH;RG20;1
WOOLTON HILL;RG20;1
WORLD'S END;RG20;1
ENBORNE;RG20;1
BALL HILL;RG20;1
CHADDLEWORTH;RG20;1
BURGH-CLERE;RG20;1
WESTBROOK;RG20;1
WEST ILSLEY;RG20;1
WEST WOODHAY;RG20;1
EAST ILSLEY;RG20;1
PEASEMORE;RG20;1
CATMORE;RG20;1
CRUX EASTON;RG20;1
WHITWAY;RG20;1
CHIEVELEY;RG20;1
BRIGHTWALTON;RG20;1
BROAD LAYING;RG20;1
BEEDON;RG20;1
BAGNOR;RG20;1
TILEHURST;RG31;1
BURGHFIELD;RG31;1
CALCOT;RG31;1
CAVERSHAM;RG4;1
SONNING;RG4;1
FINCHAMPSTEAD;RG40;1
WOKINGHAM;RG40;1
SINDLESHAM;RG41;1
BARKHAM;RG41;1
EASTHEATH;RG41;1
WINNERSH;RG41;1
WARFIELD;RG42;1
MAIDEN'S GREEN;RG42;1
NEWELL GREEN;RG42;1
WINKFIELD ROW;RG42;1
BRACKNELL NORTH;RG42;1
BINFIELD;RG42;1
CROWTHORNE;RG45;1
WOODLEY;RG5;1
SPENCERS WOOD;RG7;1
GRAZELEY;RG7;1
BEENHAM;RG7;1
ALDERMASTON;RG7;1
WOOLHAMPTON;RG7;1
WOKEFIELD PARK;RG7;1
WEST END GREEN;RG7;1
WASING;RG7;1
UPPER BUCKLEBURY;RG7;1
UFTON NERVET;RG7;1
THREE MILE CROSS;RG7;1
SULHAMSTEAD;RG7;1
STRATFIELD MORTIMER;RG7;1
STANFORD DINGLEY;RG7;1
SHEFFIELD BOTTOM;RG7;1
PADWORTH;RG7;1
MORTIMER;RG7;1
MIDGHAM;RG7;1
FARLEY HILL;RG7;1
ENGLEFIELD;RG7;1
CHAPEL ROW;RG7;1
BURGHFIELD HILL;RG7;1
BURGHFIELD COMMON;RG7;1
BUCKLEBURY;RG7;1
BRIMPTON;RG7;1
BEECH HILL;RG7;1
SWALLOWFIELD;RG7;1
ALDERMASTON SOKE;RG7;1
ALDERMASTON WHARF;RG7;1
EXLADE STREET;RG8;1
CLEEVE;RG8;1
ASHAMPSTEAD;RG8;1
WHITCHURCH HILL;RG8;1
UPPER BASILDON;RG8;1
PURLEY ON THAMES;RG8;1
CRAY'S POND;RG8;1
TIDMARSH;RG8;1
SULHAM;RG8;1
PANGBOURNE;RG8;1
ALDWORTH;RG8;1
REMENHAM;RG9;1
DROPMORE;SL1;1
SALT HILL;SL1;1
POYLE;SL3;1
DATCHET;SL3;1
COLN-BROOK;SL3;1
ETON WICK;SL4;1
CLEWER VILLAGE;SL4;1
CRANBOURNE;SL4;1
ETON;SL4;1
WINKFIELD;SL4;1
OAKLEY GREEN;SL4;1
OLD WINDSOR;SL4;1
SPITAL;SL4;1
SOUTH ASCOT;SL5;1
SUNNINGDALE;SL5;1
SUNNINGHILL;SL5;1
BURLEIGH;SL5;1
NORTH ASCOT;SL5;1
ASCOT;SL5;1
COOKHAM DEAN;SL6;1
PINKNEYS GREEN;SL6;1
PALEY STREET;SL6;1
TOUCHEN-END;SL6;1
STUD GREEN;SL6;1
HOLYPORT;SL6;1
HURLEY BOTTOM;SL6;1
LITTLEWICK GREEN;SL6;1
WOODLANDS PARK;SL6;1
WHITE WALTHAM;SL6;1
BRAY WICK;SL6;1
BURCHETT'S GREEN;SL6;1
COOKHAM;SL6;1
COOKHAM RISE;SL6;1
FURZE PLATT;SL6;1
BRAY;SL6;1
MAIDENHEAD;SL6;1
WINDSOR AND MAIDENHEAD;SL60;1
BISHAM;SL7;1
WRAYSBURY;TW19;1
EAST HYDE;LU1;1
CADDINGTON;LU1;1
NEW MILL END;LU1;1
SLIP END;LU1;1
STOPSLEY;LU2;1
SUNDON PARK;LU3;1
LIMBURY;LU3;1
LEAGRAVE;LU4;1
UPPER SUNDON;LU5;1
FANCOTT;LU5;1
HARLINGTON;LU5;1
HOUGHTON REGIS;LU5;1
LOWER SUNDON;LU5;1
WHIPSNADE;LU6;1
EATON GREEN;LU6;1
KENSWORTH;LU6;1
TOTTERNHOE;LU6;1
STUDHAM;LU6;1
EATON BRAY;LU6;1
KENSWORTH COMMON;LU6;1
DUNSTABLE;LU6;1
EGGINGTON;LU7;1
HEATH AND REACH;LU7;1
HOCKLIFFE;LU7;1
LEIGHTON BUZZARD;LU7;1
LINSLADE;LU7;1
TEBWORTH;LU7;1
TILSWORTH;LU7;1
BATTLESDEN;MK17;1
TINGRITH;MK17;1
POTSGROVE;MK17;1
MILTON BRYAN;MK17;1
EVERSHOLT;MK17;1
ASPLEY GUISE;MK17;1
WOBURN;MK17;1
BIDDENHAM;MK40;1
BEDFORD;MK40;1
GOLDINGTON;MK41;1
SALPH END;MK41;1
RENHOLD;MK41;1
KEMPSTON;MK42;1
HARROWDEN;MK42;1
ELSTOW;MK42;1
BOX END;MK43;1
ODELL;MK43;1
BROGBOROUGH;MK43;1
CRANFIELD;MK43;1
FELMERSHAM;MK43;1
HARROLD;MK43;1
HUSBORNE CRAWLEY;MK43;1
KEELEY GREEN;MK43;1
LOWER SHELTON;MK43;1
MARSTON MORETAINE;MK43;1
PAVENHAM;MK43;1
RIDGMONT;MK43;1
STAGSDEN;MK43;1
STEVINGTON;MK43;1
TURVEY;MK43;1
UPPER SHELTON;MK43;1
WOOTTON GREEN;MK43;1
STEWARTBY;MK43;1
LIDLINGTON;MK43;1
MOGERHANGER;MK44;1
THURLEIGH;MK44;1
TOP END;MK44;1
YIELDEN;MK44;1
KEYSOE;MK44;1
RAVENSDEN;MK44;1
BLETSOE;MK44;1
BOLNHURST;MK44;1
CHAWSTON;MK44;1
COLESDEN;MK44;1
COLMWORTH;MK44;1
COPLE;MK44;1
DUCK'S CROSS;MK44;1
KEYSOE ROW;MK44;1
KNOTTING;MK44;1
KNOTTING GREEN;MK44;1
LITTLE STAUGHTON;MK44;1
MELCHBOURNE;MK44;1
MILTON ERNEST;MK44;1
NEWTON BROMSWOLD;MK44;1
PERTENHALL;MK44;1
ROXTON;MK44;1
SHARNBROOK;MK44;1
SOULDROP;MK44;1
BLUNHAM;MK44;1
GREAT BARFORD;MK44;1
WYBOSTON;MK44;1
HAYNES CHURCH END;MK45;1
UPPER GRAVENHURST;MK45;1
PULLOXHILL;MK45;1
HAYNES;MK45;1
WILSTEAD;MK45;1
WESTONING;MK45;1
STEPPINGLEY;MK45;1
SILSOE;MK45;1
SHARPENHOE;MK45;1
MAULDEN;MK45;1
HOW END;MK45;1
HOUGHTON CONQUEST;MK45;1
HERRING'S GREEN;MK45;1
FLITTON;MK45;1
COTTON END;MK45;1
KEMPSTON HARDWICK;MK45;1
FLITWICK;MK45;1
BARTON-LE-CLAY;MK45;1
CLOPHILL;MK45;1
AMPTHILL;MK45;1
WYMINGTON;NN10;1
FARNDISH;NN29;1
PODINGTON;NN29;1
LITTLE BARFORD;PE19;1
STAPLOE;PE19;1
ARLESEY;SG15;1
LOWER STONDON;SG16;1
HENLOW;SG16;1
UPPER STONDON;SG16;1
CAMPTON;SG17;1
CHICKSANDS;SG17;1
MEPPERSHALL;SG17;1
SHEFFORD;SG17;1
SOUTHILL;SG18;1
ICKWELL GREEN;SG18;1
UPPER CALDECOTE;SG18;1
EDWORTH;SG18;1
OLD WARDEN;SG18;1
NORTHILL;SG18;1
BIGGLESWADE;SG18;1
THORNCOTE GREEN;SG19;1
TEMPSFORD;SG19;1
SANDY;SG19;1
POTTON;SG19;1
WRESTLINGWORTH;SG19;1
EYEWORTH;SG19;1
TETWORTH;SG19;1
COCKAYNE HATLEY;SG19;1
GIRTFORD;SG19;1
SHILLINGTON;SG5;1
STOTFOLD;SG5;1
EATON HALL;CH4;1
HANDBRIDGE;CH4;1
CUCKOO'S NEST;CH4;1
NILIG;LL15;1
HIRWAEN;LL15;1
GRAIG-FECHAN;LL15;1
CEFN COCH;LL15;1
BONTUCHEL;LL15;1
KINGSWEAR;TQ6;1
CHURCHILL WARD;BN95;1
RHOS-Y-BRWYNER;CH4;1
BRETTON;CH4;1
JUBILEE;N9;1
STOCKLEY PARK;UB11;1
CROES HYWEL;NP7;1
CROSS ASH;NP7;1
HOALDALBERT;NP7;1
LLANFIHANGEL CRUCORNEY;NP7;1
LLANFOIST;NP7;1
LLANGUA;NP7;1
LLANTILIO CROSSENNY;NP7;1
LLANVIHANGEL GOBION;NP7;1
LLANTILIO PERTHOLEY;NP7;1
MARDY;NP7;1
NANT-Y-DERRY;NP7;1
PEN-GROES-OPED;NP7;1
RHYD-Y-MEIRCH;NP7;1
THE BRYN;NP7;1
LLANELLY;NP7;1
COED MORGAN;NP7;1
LLANVAPLEY;NP7;1
BONT;NP7;1
BLAENAWEY;NP7;1
DOLYHIR;LD8;1
BURLINGJOBB;LD8;1
MAES-TREYLOW;LD8;1
YARDRO;LD8;1
WOLFPITS;LD8;1
LLANMEREWIG;SY15;1
PENTRE'R BEIRDD;SY21;1
FOEL;SY21;1
LLWYDIARTH;SY21;1
LLWYNDERW;SY21;1
NANT-Y-DUGOED;SY21;1
PANT-Y-FFRIDD;SY21;1
VAYNOR PARK;SY21;1
MELIN-Y-GRUG;SY21;1
GARREG BANK;SY21;1
HENIARTH;SY21;1
GROES-LWYD;SY21;1
ABERRIW;SY21;1
BROOKS;SY21;1
GODOR;SY22;1
BWLCH-Y-CIBAU;SY22;1
TREFNANNEY;SY22;1
PONTROBERT;SY22;1
DEUDDWR;SY22;1
WAEN-FACH;SY22;1
TYCRWYN;SY22;1
DOMGAY;SY22;1
GEUFFORDD;SY22;1
ARDDLIN;SY22;1
CLARILAW;TD9;1
BROADHAUGH;TD9;1
BRANXHOLME;TD9;1
BRANXHOLM BRIDGEND;TD9;1
BORTHWICKSHIELS;TD9;1
BORTHWICKBRAE;TD9;1
ASHYBANK;TD9;1
HOWPASLEY;TD9;1
APPLETREEHALL;TD9;1
ABBOTRULE;TD9;1
KNOWETOWNHEAD;TD9;1
CASTLEWEARY;TD9;1
CLEUCH HEAD;TD9;1
LINHOPE;TD9;1
LARRISTON;TD9;1
SINGDEAN;TD9;1
STEELE ROAD;TD9;1
HASSENDEAN;TD9;1
DEANBURNHAUGH;TD9;1
NORTHHOUSE;TD9;1
HYNDLEE;TD9;1
SHANKEND;TD9;1
HARWOOD ON TEVIOT;TD9;1
HALLRULE;TD9;1
DINLABYRE;TD9;1
BRONYGARTH;LL14;1
GLEDRID;LL14;1
PRIESTWESTON;SY15;1
PENTREHEYLING;SY15;1
WOODMOOR;SY15;1
RORRINGTON;SY15;1
WOTHERTON;SY15;1
MELVERLEY;SY22;1
MAESBROOK;SY22;1
MELVERLEY GREEN;SY22;1
BERSHAM;LL14;1
CEFN-MAWR;LL14;1
PENYCAE;LL14;1
STRYT-ISSA;LL14;1
COMBE MOOR;LD8;1
BYTON;LD8;1
RODD;LD8;1
FINAGHY;BT10;1
ANDERSONSTOWN;BT11;1
SANDY ROW;BT12;1
THE VILLAGE;BT12;1
SHANKILL ROAD;BT13;1
SPRINGMARTIN;BT13;1
GLENCAIRN;BT13;1
WOODVALE;BT13;1
BALLGOMARTIN;BT13;1
CRUMLIN ROAD;BT14;1
BALLYSILLAN UPPER;BT14;1
BALLYSILLAN;BT14;1
ANTRIM ROAD;BT15;1
LISBURN CITY;BT17;1
DERRIAGHY;BT17;1
DUNMURRY;BT17;1
HANNAHSTOWN;BT17;1
CRAIGAVAD;BT18;1
GROOMSPORT;BT19;1
CRAWFORDSBURN;BT19;1
HELENS BAY;BT19;1
BELFAST CITY CENTER SOUTH;BT2;1
DONAGHADEE;BT21;1
ARDKEEN;BT22;1
BALLYHALBERT;BT22;1
PORTAFERRY;BT22;1
MILLISLE;BT22;1
PORTAVOGIE;BT22;1
BALLYWALTER;BT22;1
CARROWDORE;BT22;1
KIRCUBBIN;BT22;1
GREYABBEY;BT22;1
CLOUGHEY;BT22;1
SAINTFIELD;BT24;1
DRUMANESS;BT24;1
BALLYNAHINCH;BT24;1
CULCAVY;BT25;1
WARINGSFORD;BT25;1
FINNIS;BT25;1
DROMARA;BT25;1
ANNAHILT;BT25;1
HILLSBOROUGH;BT26;1
LAMBEG;BT27;1
DRUMBO;BT27;1
DRUMALIG;BT27;1
HILLHALL;BT27;1
CARGACREEVY;BT27;1
HILDEN;BT27;1
STONEYFORD;BT28;1
BALLINDERRY UPPER;BT28;1
BALLINDERRY LOWER;BT28;1
ALDERGROVE;BT29;1
BELFAST INTERNATIONAL AIRPORT;BT29;1
GLENAVY;BT29;1
NUTTS CORNER;BT29;1
DUNROD;BT29;1
CRUMLIN;BT29;1
BELFAST HARBOUR ESTATE;BT3;1
BELFAST CITY AIRPORT;BT3;1
BALLYKINLER;BT30;1
KILLOUGH;BT30;1
CROSSGAR;BT30;1
TOYE;BT30;1
STRANGFORD;BT30;1
ARDGLASS;BT30;1
BALLYHORNAN;BT30;1
CASTLEWARD;BT30;1
DOWNPATRICK;BT30;1
KILCLIEF;BT30;1
KILLARD;BT30;1
KILLYLEAGH;BT30;1
SEAFORDE;BT30;1
LOUGHINISLAND;BT30;1
CASTLEWELLAN;BT31;1
BALLYWARD;BT31;1
BALLINASKEAGH;BT32;1
ANNACLONE;BT32;1
BALLYRONEY;BT32;1
BANBRIDGE;BT32;1
CORBET;BT32;1
KATESBRIDGE;BT32;1
LENADERG;BT32;1
LOUGHBRICKLAND;BT32;1
SEAPATRICK;BT32;1
BRYANSFORD;BT33;1
DUNDRUM;BT33;1
HILLTOWN;BT34;1
KILKEEL;BT34;1
POYNTZPASS;BT34;1
ROSTREVOR;BT34;1
MAYOBRIDGE;BT34;1
RATHFRILAND;BT34;1
WARRENPOINT;BT34;1
KILCOO;BT34;1
BALLYMARTIN;BT34;1
ANNALONG;BT34;1
CABRA;BT34;1
BESSBROOK;BT35;1
JERRETTSPASS;BT35;1
CROSSMAGLEN;BT35;1
NEWTOWNHAMILTON;BT35;1
GLENGORMLEY;BT36;1
CARRICKFERGUS;BT38;1
BALLYCARRY;BT38;1
WHITEHEAD;BT38;1
GREENISLAND;BT38;1
KILROOT;BT38;1
DOAGH;BT39;1
TEMPLEPATRICK;BT39;1
BALLYCLARE;BT39;1
BALLYNURE;BT39;1
STRAID;BT39;1
STORMONT;BT4;1
BALLYGALLY;BT40;1
KILWAUGHTER;BT40;1
GLENO;BT40;1
ISLANDMAGEE;BT40;1
MAGHERAMORNE;BT40;1
LARNE;BT40;1
GLYNN;BT40;1
RANDALSTOWN;BT41;1
DUNADRY;BT41;1
TOOMEBRIDGE;BT41;1
MUCKAMORE;BT41;1
ANTRIM;BT41;1
GALGORM;BT42;1
BROUGHSHANE;BT42;1
CULLYBACKEY;BT42;1
KELLS;BT42;1
KNOCKANULLY;BT43;1
CARGAN;BT43;1
GLENARIFF;BT44;1
CLOGH MILLS;BT44;1
CUSHENDALL;BT44;1
CUSHENDUN;BT44;1
DUNLOY;BT44;1
GLARRYFORD;BT44;1
LOUGHGUILE;BT44;1
PORTGLENONE;BT44;1
RASHARKIN;BT44;1
CASTLEDAWSON;BT45;1
BALLYRONAN;BT45;1
DESERTMARTIN;BT45;1
DRAPERSTOWN;BT45;1
FALLAGHLOON;BT45;1
KNOCKLOUGHRIM;BT45;1
LAVEY;BT45;1
MAGHERAFELT;BT45;1
MONEYMORE;BT45;1
BELLAGHY;BT45;1
TOBERMORE;BT45;1
FALLALEA;BT45;1
MAGHERA;BT46;1
LISNAMUCK;BT46;1
SWATRAGH;BT46;1
UPPERLANDS;BT46;1
DUNGIVEN;BT47;1
NEW BUILDINGS;BT47;1
EGLINTON;BT47;1
FEENY;BT47;1
CLAUDY;BT47;1
CITYSIDE;BT48;1
COSHQUIN;BT48;1
THE COLLON;BT48;1
BALLYNAGARD;BT48;1
CULMORE;BT48;1
LIMAVADY;BT49;1
BALLYKELLY;BT49;1
CROSSNACREEVY;BT5;1
BRANIEL;BT5;1
GILNAHIRK;BT5;1
RINGSEND;BT51;1
MACOSQUIN;BT51;1
KILREA;BT51;1
GARVAGH;BT51;1
CASTLEROE;BT51;1
CASTLEROCK;BT51;1
BELLANY;BT51;1
ARTICLAVE;BT51;1
AGHADOWEY;BT51;1
CLOYFIN;BT52;1
BALLYVELTON;BT52;1
ARMOY;BT53;1
DERVOCK;BT53;1
BALLYBOGY;BT53;1
BALLYMONEY;BT53;1
BALLYCASTLE;BT54;1
BALLYPATRICK;BT54;1
MOYARGET;BT54;1
CAPE CASTLE;BT54;1
GLENSHESK;BT54;1
MAGHERNAHAR;BT54;1
BALLYVOY;BT54;1
RATHLIN ISLAND;BT54;1
MAGHERCASHEL;BT54;1
BALLINTOY;BT54;1
PORTSTEWART;BT55;1
URBALREAGH;BT56;1
CRAIGAHULLIER;BT56;1
PORTRUSH;BT56;1
BUSHMILLS;BT57;1
CASTLECATT;BT57;1
DUNSEVERICK;BT57;1
PORTBALLINTRAE;BT57;1
CHILD SUPPORT AGENCY;BT58;1
CREGAGH;BT6;1
BELFAST SOUTH EAST;BT6;1
KINGSMILLS;BT60;1
DARKLEY;BT60;1
BELCOO;BT60;1
KEADY;BT60;1
KILLYLEA;BT60;1
TYNAN;BT60;1
LOUGHGALL;BT61;1
RICHHILL;BT61;1
COLLONE;BT61;1
HAMILTONSBAWN;BT61;1
TANDRAGEE;BT62;1
SCOTCH STREET;BT62;1
LAURENCETOWN;BT63;1
SCARVA;BT63;1
MANDEVILLE;BT64;1
KNOCKMENAGH;BT64;1
TULLYGALLY;BT65;1
LEGAGHORY;BT65;1
DRUMGOR;BT65;1
BROWNLOW;BT65;1
LURGAN;BT66;1
DERRYADD;BT66;1
DONAGHCLONEY;BT66;1
DOLLINGSTOWN;BT66;1
DERRYTRASNA;BT66;1
WARINGSTOWN;BT66;1
AGHAGALLON;BT67;1
GAWLEY'S GATE;BT67;1
MAGHERALIN;BT67;1
AGHALEE;BT67;1
CALEDON;BT68;1
CARNTEEL;BT69;1
AUGHNACLOY;BT69;1
UNIVERSITY;BT7;1
BOTANIC;BT7;1
ORMEAU;BT7;1
GARVAGHY;BT70;1
CAPPAGH;BT70;1
CASTLECAULFIELD;BT70;1
DONAGHMORE;BT70;1
POMEROY;BT70;1
SESKILGREEN;BT70;1
GALBALLY;BT70;1
BALLYGAWLEY;BT70;1
BENBURB;BT71;1
MOYGASHEL;BT71;1
KILLYCOLPY;BT71;1
STEWARTSTOWN;BT71;1
BUSH;BT71;1
COALISLAND;BT71;1
BLACKWATERTOWN;BT71;1
ARDBOE;BT71;1
BOHO;BT74;1
CLABBY;BT75;1
FIVEMILETOWN;BT75;1
CLOGHER;BT76;1
AUGHER;BT77;1
ESKRA;BT78;1
NEWTOWNSTEWART;BT78;1
FINTONA;BT78;1
TRILLICK;BT78;1
SESKANORE;BT78;1
KILLYNURE;BT78;1
DRUMQUIN;BT78;1
PLUMBRIDGE;BT79;1
DRUMLEA;BT79;1
GLENGAWNA;BT79;1
GORTIN;BT79;1
ROSNAMUCK;BT79;1
SHESKINSHULE;BT79;1
SIXMILECROSS;BT79;1
CARRYDUFF;BT8;1
FOUR WINDS;BT8;1
NEWTOWNBREDA;BT8;1
TULLYHOGUE;BT80;1
COAGH;BT80;1
COOKSTOWN;BT80;1
AGHYARAN;BT81;1
GARVETAGH;BT81;1
MOURNEBEG;BT81;1
KILLETER;BT81;1
SPAMOUNT;BT81;1
SCRAGHEY;BT81;1
CASTLEDERG;BT81;1
STRABANE;BT82;1
BREADY;BT82;1
DUNAMANAGH;BT82;1
VICTORIA BRIDGE;BT82;1
DOUGLAS BRIDGE;BT82;1
CLADY;BT82;1
SION MILLS;BT82;1
BALLYMAGORRY;BT82;1
ARTIGARVAN;BT82;1
TAUGHMONAGH;BT9;1
MALONE;BT9;1
STRANMILLIS;BT9;1
DERRYLIN;BT92;1
NEWTOWNBUTLER;BT92;1
FLORENCECOURT;BT92;1
LISNASKEA;BT92;1
DERRYGONNELLY;BT93;1
GARRISON;BT93;1
KESH;BT93;1
BALLINAMALLARD;BT94;1
LISBELLAW;BT94;1
MAGUIRESBRIDGE;BT94;1
TEMPO;BT94;1
BROOKEBOROUGH;BT94;1
IRVINESTOWN;BT94;1
ABERDEEN CITY;AB99;1
NORTH LANARKSHIRE;G70;1
SOUTH LANARKSHIRE;G79;1
FIFE;KY99;1
ARGYLL AND BUTE;PA69;1
BALMEDIE;AB23;1
MENIE HO.;AB23;1
DELFRIGS;AB23;1
BELHELVIE;AB23;1
WHITECAIRNS;AB23;1
ORROK HO.;AB23;1
LONGDRUM;AB23;1
MILLDEN;AB23;1
POTTERTON;AB23;1
BLACKDOG;AB23;1
CAUSEYEND;AB23;1
GLENSAUGH;AB30;1
FEUS OF CALDHAME;AB30;1
LAURENCEKIRK;AB30;1
JOHNSTON MAINS;AB30;1
FORDOUN;AB30;1
FETTERCAIRN;AB30;1
MARYKIRK;AB30;1
EAST CAIRNBEG;AB30;1
CLATTERIN BRIG;AB30;1
THORNYHILL;AB30;1
THAINSTON;AB30;1
AUCHENBLAE;AB30;1
NETHER PITFORTHIE;AB30;1
MEIKLE STRATH;AB30;1
ARBUTHNOTT;AB30;1
SAUCHIEBURN;AB30;1
PARKNEUK;AB30;1
KIRKTONHILL;AB30;1
MAINS OF THORNTON;AB30;1
LUTHERMUIR;AB30;1
DYKELANDS;AB30;1
MAINS OF DILLAVAIRD;AB30;1
PHESDO;AB30;1
EASTER TULLOCH;AB30;1
BRIDGE OF BOGENDREIP;AB31;1
BRIDGE OF CANNY;AB31;1
BANCHORY;AB31;1
BACKHILL OF TRUSTACH;AB31;1
EAST MAINS;AB31;1
GREENDAMS;AB31;1
UPPER LOCHTON;AB31;1
MILLTOWN OF CAMPFIELD;AB31;1
OLDMILL;AB31;1
PERCIE;AB31;1
PERKHILL;AB31;1
BRIDGE OF DYE;AB31;1
BAULDS;AB31;1
THE NEUK;AB31;1
TILLYDRINE;AB31;1
GLENDYE LODGE;AB31;1
GLASHMORE;AB31;1
EAST LEARNEY;AB31;1
CRATHES;AB31;1
CRAIGMYLE HO.;AB31;1
CORDACH;AB31;1
COLLMUIR;AB31;1
CAIRNBEATHIE;AB31;1
BLAIRYDRYNE;AB31;1
DARNFORD;AB31;1
GLENSHALG;AB31;1
WARTLE;AB31;1
GLASSEL;AB31;1
HARDGATE;AB31;1
DRUMHEAD;AB31;1
KENNERTY;AB31;1
MAINS OF DRUM;AB31;1
BRATHENS;AB31;1
BRIDGE OF FEUGH;AB31;1
CRAIGLUG;AB31;1
DENSIDE;AB31;1
DRUMLASIE;AB31;1
DRUMOAK;AB31;1
FINZEAN;AB31;1
HIRN;AB31;1
INCHMARLO;AB31;1
KIRKTON OF DURRIS;AB31;1
LUMPHANAN;AB31;1
MID BELTIE;AB31;1
MILTON OF AUCHINHOVE;AB31;1
POTARCH;AB31;1
STRACHAN;AB31;1
TORNAVEEN;AB31;1
TORPHINS;AB31;1
TULLOCHVENUS;AB31;1
BALLOCHAN;AB31;1
AUCHATTIE;AB31;1
WESTER ORD;AB32;1
ACHATH;AB32;1
BLACKCHAMBERS;AB32;1
CAIRNE;AB32;1
EAST AUCHRONIE;AB32;1
EASTER ORD;AB32;1
GARLOGIE;AB32;1
KIRKTON OF SKENE;AB32;1
LANDERBERRY;AB32;1
LYNE OF SKENE;AB32;1
MILTON OF CULLERLIE;AB32;1
OLD KINNERNIE;AB32;1
SOUTH KIRKTON;AB32;1
THE BIRKS;AB32;1
DUNECHT;AB32;1
ECHT;AB32;1
KILDRUMMY;AB33;1
BRIDGE OF ALFORD;AB33;1
DORSELL;AB33;1
KEIG;AB33;1
MILTON OF CUSHNIE;AB33;1
KINTOCHER;AB33;1
TULLYNESSLE;AB33;1
TILLYFOUR;AB33;1
LEOCHEL-CUSHNIE;AB33;1
ASLOUN;AB33;1
MUCKLETOWN;AB33;1
RINMORE;AB33;1
REDHOUSE;AB33;1
ARDGOWSE;AB33;1
MUIR OF FOWLIS;AB33;1
MOSSAT;AB33;1
SINNAHARD;AB33;1
MILLTOWN OF TOWIE;AB33;1
EDINBANCHORY;AB33;1
FICHLIE;AB33;1
GLENCUIE;AB33;1
MONTGARRIE;AB33;1
GLENKINDIE;AB33;1
BOGFERN;AB33;1
BOGFIELDS;AB33;1
DOUNESIDE;AB34;1
TARLAND;AB34;1
BRIDGE OF ESS;AB34;1
CORRACHREE;AB34;1
DEECASTLE;AB34;1
CAMBUS O'MAY;AB34;1
TILLYPRONIE;AB34;1
BIRSE;AB34;1
GLENCAT;AB34;1
COULL;AB34;1
EAST DAVOCH;AB34;1
CRASKINS;AB34;1
ORDIE;AB34;1
BIRSEMORE;AB34;1
BALLATERACH;AB34;1
DAVAN;AB34;1
LOGIE COLDSTONE;AB34;1
MIGVIE;AB34;1
COYNACH;AB34;1
MELGUM;AB34;1
KINCARDINE O'NEIL;AB34;1
BALLOGIE;AB34;1
ALLANCREICH;AB34;1
ABOYNE;AB34;1
DINNET;AB34;1
BALLATER;AB35;1
DALFAD;AB35;1
INVERGELDER;AB35;1
ALLANAQUOICH;AB35;1
INCHNABOBART;AB35;1
GLASCORRIE;AB35;1
EASTER BALMORAL;AB35;1
CLACHANTURN;AB35;1
DALDOWNIE;AB35;1
BRIDGE OF GAIRN;AB35;1
CANDACRAIG;AB35;1
BUSH CRATHIE;AB35;1
BRAENALOIN;AB35;1
BRAEMAR;AB35;1
CULSH;AB35;1
LINN OF MUICK COTTAGE;AB35;1
MAR LODGE;AB35;1
BIRKHALL;AB35;1
STRATHGIRNOCK;AB35;1
SPITTAL OF GLENMUICK;AB35;1
MUIR;AB35;1
MILTON OF TULLICH;AB35;1
AUCHOLZIE;AB35;1
RINLOAN;AB35;1
AUCHALLATER;AB35;1
LARY;AB35;1
INVEREY;AB35;1
TORNAHAISH;AB36;1
TORRANCROY;AB36;1
COCK BRIDGE;AB36;1
KIRKTON OF GLENBUCHAT;AB36;1
BOULTENSTONE;AB36;1
BADENYON;AB36;1
BELLABEG;AB36;1
FORBESTOWN;AB36;1
CORGARFF;AB36;1
DULAX;AB36;1
STRATHDON;AB36;1
COLNABAICHIN;AB36;1
TILLYGREIG;AB41;1
CRAIGDAM;AB41;1
PITMEDDEN;AB41;1
ELLON;AB41;1
COLLIESTON;AB41;1
TARVES;AB41;1
CLOCHTOW;AB41;1
BROWNHILL;AB41;1
BLAIRYTHAN;AB41;1
AUCHNAGATT;AB41;1
AUCHMACOY;AB41;1
COLLYNIE;AB41;1
CROFTS OF HADDO;AB41;1
CRAIGIE BRAE;AB41;1
YTHSIE;AB41;1
WEDDERLAIRS;AB41;1
UDNY STATION;AB41;1
UDNY GREEN;AB41;1
TOLL OF BIRNESS;AB41;1
MILL OF ELRICK;AB41;1
COOKSTON;AB41;1
TILLYCORTHIE;AB41;1
SOUTH UPPER BARRACK;AB41;1
RAXTON;AB41;1
BURNEND;AB41;1
CULTERCULLEN;AB41;1
DRUMWHINDLE;AB41;1
ESSLEMONT;AB41;1
OLD CRAIG;AB41;1
KINHARRACHIE;AB41;1
KINNADIE;AB41;1
MILTON COLDWELLS;AB41;1
ARTROCHIE;AB41;1
MAINS OF DUDWICK;AB41;1
MEIKLE TARTY;AB41;1
KIRKTOWN OF SLAINS;AB41;1
SKELMONAE;AB41;1
TANGLANDFORD;AB41;1
LEASK;AB41;1
KIRKTON OF LOGIE BUCHAN;AB41;1
BEARNIE;AB41;1
INVEREBRIE;AB41;1
TILLERY;AB41;1
MINNES;AB41;1
INKHORN;AB41;1
DRUMS;AB41;1
MONTEACH;AB41;1
FOVERAN;AB41;1
QUILQUOX;AB41;1
METHLICK;AB41;1
ARDO;AB41;1
ARTHRATH;AB41;1
CAIRNORRIE;AB41;1
MUIRTACK;AB41;1
PETTYMUICK;AB41;1
NEW LEEDS;AB42;1
NORTH ESSIE;AB42;1
SKELMUIR;AB42;1
GREENHEADS;AB42;1
BACKFOLDS;AB42;1
KINKNOCKIE;AB42;1
KIRKTOWN;AB42;1
STUARTFIELD;AB42;1
KIPLAW CROFT;AB42;1
MAUD;AB42;1
PORT ERROLL;AB42;1
MAINS OF FEDDERATE;AB42;1
LONGSIDE;AB42;1
ST FERGUS;AB42;1
BACKHILL OF CLACKRIACH;AB42;1
CLOCKHILL;AB42;1
COLDWELLS;AB42;1
HILLHEAD OF COCKLAW;AB42;1
HYTHIE;AB42;1
INVERQUHOMERY;AB42;1
MAINS OF PITFOUR;AB42;1
OLD RATTRAY;AB42;1
SANDFORDHILL;AB42;1
FETTERANGUS;AB42;1
MILLBANK;AB42;1
AUCHIRIES;AB42;1
CRICHIE;AB42;1
LITTLE DENS;AB42;1
THUNDERTON;AB42;1
CRUDEN BAY;AB42;1
INVERNETTIE;AB42;1
KNAVEN;AB42;1
LONGHILL;AB42;1
CUTTYHILL;AB42;1
LUNDERTON;AB42;1
RORA;AB42;1
MILLBRECK;AB42;1
ARDALLIE;AB42;1
TEUCHAN;AB42;1
UPPER HAWKHILLOCK;AB42;1
WATERHILL OF BRUXIE;AB42;1
BOGBRAE;AB42;1
BUCHANHAVEN;AB42;1
BULWARK;AB42;1
WHINNYFOLD;AB42;1
INVERUGIE;AB42;1
BURNHAVEN;AB42;1
TORTERSTON;AB42;1
PETERHEAD;AB42;1
OLD DEER;AB42;1
DRYMUIR;AB42;1
ERROLLSTON;AB42;1
NETHERMUIR;AB42;1
NETHER KINMUNDY;AB42;1
CLOLA;AB42;1
MINTLAW;AB42;1
UPPER RIDINGHILL;AB43;1
KNOWHEAD;AB43;1
ROSEHEARTY;AB43;1
SANDHAVEN;AB43;1
ST COMBS;AB43;1
CORALHILL;AB43;1
CRIMONMOGATE;AB43;1
STRICHEN;AB43;1
CARDNO;AB43;1
PEATHILL;AB43;1
CRAIGELLIE;AB43;1
NEW PITSLIGO;AB43;1
CRAIGMAUD;AB43;1
BROADSEA;AB43;1
HILLHEAD OF AUCHENTUMB;AB43;1
CRIMOND;AB43;1
BOGFOLD;AB43;1
BROOMHEAD;AB43;1
COBURTY;AB43;1
INVERALLOCHY;AB43;1
DARTFIELD;AB43;1
CRAIGCULTER;AB43;1
UPPER BOYNDLIE;AB43;1
CAIRNBULG;AB43;1
LADYSFORD;AB43;1
PITBLAE;AB43;1
MEMSIE;AB43;1
NETHER GLASSLAW;AB43;1
WHITESTRIPE;AB43;1
MID ARDLAW;AB43;1
LEMNAS;AB43;1
TURCLOSSIE;AB43;1
NEW ABERDOUR;AB43;1
PENNAN;AB43;1
CARNICHAL;AB43;1
WHITEBOG;AB43;1
CAIRNESS;AB43;1
BRACKLAMORE;AB43;1
RATHEN;AB43;1
FRASERBURGH;AB43;1
MACDUFF;AB44;1
GARDENSTOWN;AB45;1
BANFF;AB45;1
DOUNE PARK;AB45;1
CUSHNIE;AB45;1
WESTER CULBEUCHLY;AB45;1
WEACHYBURN;AB45;1
KEILHILL;AB45;1
MINNONIE;AB45;1
GORRACHIE;AB45;1
GLASSAUGH;AB45;1
FATTAHEAD;AB45;1
EASTER WHYNTIE;AB45;1
BALGREEN;AB45;1
BALCHERS;AB45;1
AUDS;AB45;1
KEBHOLES;AB45;1
FOULZIE;AB45;1
KIRKTOWN OF ALVAH;AB45;1
LINHEAD;AB45;1
WHITEHILLS;AB45;1
GREENSKARES;AB45;1
SANDEND;AB45;1
PROTSONHILL;AB45;1
PORTSOY;AB45;1
OLDTOWN OF ORD;AB45;1
LONGMANHILL;AB45;1
BLAIRSHINNOCH;AB45;1
GAMRIE;AB45;1
BOYNDIE;AB45;1
MOUNTBLAIRY;AB45;1
CORNHILL;AB45;1
CROVIE;AB45;1
FORDYCE;AB45;1
DUBFORD;AB45;1
AUCHORRIE;AB51;1
INVERURIE;AB51;1
CROSS OF JACKSON;AB51;1
BARTHOL CHAPEL;AB51;1
BURNHERVIE;AB51;1
EARLSFORD;AB51;1
GLACK;AB51;1
JACKSTOWN;AB51;1
KIRKTON OF BOURTIE;AB51;1
LAUCHINTILLY;AB51;1
ORDHEAD;AB51;1
SPRINGLEYS;AB51;1
TILLYBIRLOCH;AB51;1
TODLACHIE;AB51;1
DENMILL;AB51;1
FOLLA RULE;AB51;1
GLENTON;AB51;1
GRANTLODGE;AB51;1
LESCHANGIE;AB51;1
MAINS OF LINTON;AB51;1
MILL OF KINGOODIE;AB51;1
PITINNAN;AB51;1
PITMUNIE;AB51;1
RORANDLE;AB51;1
SILVERMOSS;AB51;1
SOUTH BLACKBOG;AB51;1
ST KATHERINES;AB51;1
TAVELTY;AB51;1
TOCHER;AB51;1
WHITEFORD;AB51;1
WESTER FINTRAY;AB51;1
TILLYFOURIE;AB51;1
THE BANKING;AB51;1
SAUCHEN;AB51;1
ROTHIENORMAN;AB51;1
PITTODRIE HO.;AB51;1
PITFICHIE;AB51;1
OLDMELDRUM;AB51;1
NETHER LENSHIE;AB51;1
NETHER CRIMOND;AB51;1
MEIKLE WARTLE;AB51;1
LEYLODGE;AB51;1
KINMUCK;AB51;1
KEMNAY;AB51;1
FISHERFORD;AB51;1
FINGASK;AB51;1
FETTERNEAR HO.;AB51;1
CROMBLET;AB51;1
CORSINDAE;AB51;1
CLOVENSTONE;AB51;1
CHAPEL OF GARIOCH;AB51;1
BOGRAXIE;AB51;1
BALBITHAN;AB51;1
BADENSCOTH;AB51;1
KINTORE;AB51;1
PORT ELPHINSTONE;AB51;1
PITCAPLE;AB51;1
NEWSEAT;AB51;1
MOUNIE CASTLE;AB51;1
MONYMUSK;AB51;1
MILTON INVERAMSAY;AB51;1
LITTLE LEY;AB51;1
KIRKTOWN OF RAYNE;AB51;1
DURNO;AB51;1
DENMOSS;AB51;1
DALMADILLY;AB51;1
COTTOWN;AB51;1
COMERS;AB51;1
CAIRNBROGIE;AB51;1
BALGOVE;AB51;1
AUQUHORTHIES;AB51;1
THAINSTONE;AB51;1
CRAIGEARN;AB51;1
BALHALGARDY;AB51;1
SHIELS;AB51;1
COLPY;AB52;1
OLD LESLIE;AB52;1
OLD RAYNE;AB52;1
OYNE;AB52;1
SLACK;AB52;1
AULTON;AB52;1
WARDHOUSE;AB52;1
ARDOYNE;AB52;1
LARGIE;AB52;1
WRANGHAM;AB52;1
GLANDERSTON;AB52;1
GREENHALL;AB52;1
INSCH;AB52;1
KIRKTON OF CULSALMOND;AB52;1
AUCHLEVEN;AB52;1
ARDLAIR;AB52;1
AUCHININNA;AB53;1
WESTER BADENTYRE;AB53;1
TIFTY;AB53;1
NEW DEER;AB53;1
WOODHEAD;AB53;1
LITTLE IDOCH;AB53;1
ROTHIEBRISBANE;AB53;1
PLAIDY;AB53;1
BIRKENHILLS;AB53;1
BACKHILL;AB53;1
BOGTON;AB53;1
CUMINESTOWN;AB53;1
GOURDAS;AB53;1
SOUTH REDBRIGGS;AB53;1
LETHENTY;AB53;1
FORTRIE;AB53;1
LAITHERS;AB53;1
MUIRDEN;AB53;1
MAINS OF CULSH;AB53;1
FYVIE;AB53;1
KIRKTOWN OF AUCHTERLESS;AB53;1
DYKESIDE;AB53;1
BRACKENS;AB53;1
WRAE;AB53;1
NETHERBRAE;AB53;1
NEW BYTH;AB53;1
IRONSIDE;AB53;1
INVERYTHAN;AB53;1
HOWE OF TEUCHAR;AB53;1
PETTY;AB53;1
HATTON CASTLE;AB53;1
WEST CAIRNCAKE;AB53;1
GREENMYRE;AB53;1
MACTERRY;AB53;1
GRAINHOW;AB53;1
CARNOUSIE;AB53;1
MUIRYFOLD;AB53;1
NORTH MILLBREX;AB53;1
FEITH-HILL;AB53;1
MILL OF COLP;AB53;1
DARNABO;AB53;1
MONKSHILL;AB53;1
OLDWHAT;AB53;1
BRAEFOOT;AB53;1
NORTHBURNHILL;AB53;1
MILLTOWN OF CRAIGSTON;AB53;1
BONNYKELLY;AB53;1
DARRA;AB53;1
STEINMANHILL;AB53;1
TURRIFF;AB53;1
GARMOND;AB53;1
BALTHANGIE;AB53;1
TILLYFAR;AB53;1
TORRY;AB54;1
BACKBURN;AB54;1
BAILLIESWARD;AB54;1
DRUMBLADE;AB54;1
DRUMDELGIE;AB54;1
MILLTON OF NOTH;AB54;1
DENEND;AB54;1
DRUMBLAIR;AB54;1
DUMEATH;AB54;1
HUNTLY;AB54;1
INVERKEITHNY;AB54;1
KENNETHMONT;AB54;1
LARGUE;AB54;1
MARNOCH;AB54;1
CAIRNARGAT;AB54;1
CAIRNIE;AB54;1
MILTON OF CAIRNBORROW;AB54;1
NEWNOTH;AB54;1
TILLATHROWIE;AB54;1
COACHFORD;AB54;1
CRANNA;AB54;1
BEGGSHILL;AB54;1
BRUNTLAND;AB54;1
CLASHINDARROCH;AB54;1
MILBETHILL;AB54;1
COBAIRDY;AB54;1
CORSE;AB54;1
COYNACHIE;AB54;1
CULDRAIN;AB54;1
FINNYGAUD;AB54;1
GARTLY;AB54;1
LOGIE NEWTON;AB54;1
MOSSHEAD;AB54;1
OLD CROMBIE;AB54;1
SLIOCH;AB54;1
THOMASTOWN;AB54;1
WHEEDLEMONT;AB54;1
FRENDRAUGHT;AB54;1
YONDER BOGNIE;AB54;1
YTHANWELLS;AB54;1
KIRKNEY;AB54;1
KNOWES OF ELRICK;AB54;1
LUMSDEN;AB54;1
AUCHARNIE;AB54;1
BACKSIDE;AB54;1
BAINSHOLE;AB54;1
BELHINNIE;AB54;1
BOGNIEBRAE;AB54;1
BRIDESWELL;AB54;1
CLATT;AB54;1
CONLAND;AB54;1
CORSE OF KINNOIR;AB54;1
CRUCHIE;AB54;1
CULVIE;AB54;1
ABERCHIRDER;AB54;1
HAUGHS;AB54;1
LESSENDRUM;AB54;1
AULTNAPADDOCK;AB55;1
MORPHIE;DD10;1
ST CYRUS;DD10;1
ECCLESGREIG;DD10;1
ROADSIDE OF KINNEFF;DD10;1
SLAINS PARK;DD10;1
BENHOLM;DD10;1
INVERBERVIE;DD10;1
KINNEFF;DD10;1
GOURDON;DD10;1
FAWSYDE;DD10;1
ALLARDICE;DD10;1
JOHNSHAVEN;DD10;1
ARNHALL;DD9;1
INCH;DD9;1
THE BURN;DD9;1
CARDROSS;G82;1
COLGRAIN;G82;1
ARDEN;G83;1
INVERBEG;G83;1
STUCKGOWAN;G83;1
SHANTRON;G83;1
INVERUGLAS;G83;1
INVERARNAN;G83;1
EDENTAGGART;G83;1
ARDGARTAN;G83;1
ARDMAY;G83;1
GARABAL;G83;1
CULAG;G83;1
COILESAN;G83;1
CAMSTRADDAN;G83;1
BLARGLAS;G83;1
BLAIRANNAICH;G83;1
ARROCHAR;G83;1
ROSSDHU HOUSE;G83;1
ARDLUI;G83;1
ARDLEISH;G83;1
ALDOCHLAY;G83;1
STUCKINDROIN;G83;1
LUSS;G83;1
ARDPEATON;G84;1
CAMSAIL;G84;1
GLENMALLAN;G84;1
COULPORT;G84;1
DALIGAN;G84;1
FASLANE;G84;1
MAMBEG;G84;1
KILCREGGAN;G84;1
PORTINCAPLE;G84;1
MEIKLE RAHANE;G84;1
GARELOCHHEAD;G84;1
RHU;G84;1
BLAIRVADACH;G84;1
GLENALD;G84;1
SHANDON;G84;1
DUMFIN;G84;1
ROSNEATH;G84;1
CRAIGENDORAN;G84;1
STROUL;G84;1
CAMIS ESKAN;G84;1
AUCHINVENNAL;G84;1
BALERNOCK;G84;1
BLAIRNAIRN;G84;1
INVERLAUREN;G84;1
HELENSBURGH;G84;1
CLYNDER;G84;1
ROTHESAY;PA20;1
UPPER ARDROSCADALE;PA20;1
CRAIGMORE;PA20;1
AMBRISMORE;PA20;1
ARDMALEISH;PA20;1
ARDSCALPSIE;PA20;1
GLECKNABAE;PA20;1
KINGARTH;PA20;1
MEIKLE GRENACH;PA20;1
MOUNTSTUART;PA20;1
PIPERHALL;PA20;1
PORT BANNATYNE;PA20;1
RHUBODACH;PA20;1
SHALUNT;PA20;1
STRAVANAN;PA20;1
DRUMACHLOY;PA20;1
KERRYCROY;PA20;1
MIDPARK;PA20;1
ORCADIA;PA20;1
ASCOG;PA20;1
MEIKLE KILMORY;PA20;1
BLAIR'S FERRY;PA21;1
KILFINAN;PA21;1
ACHAROSSON;PA21;1
CRAIGNAFEICH;PA21;1
AUCHNAHA;PA21;1
DERYBRUICH;PA21;1
FEARNOCH;PA21;1
CARRY;PA21;1
AUCHENLOCHAN;PA21;1
LARGIEMORE;PA21;1
ARDLAMONT;PA21;1
LINDSAIG;PA21;1
LOWER AUCHALICK;PA21;1
MELLDALLOCH;PA21;1
PORT DRISEACH;PA21;1
WEST GLEN;PA21;1
TIGHNABRUAICH;PA21;1
OTTER FERRY;PA21;1
PORTAVADIE;PA21;1
OTTER;PA21;1
COUSTONN;PA22;1
FEARNACH;PA22;1
SOUTH HALL;PA22;1
COLINTRAIVE;PA22;1
ARDACHERANBEG;PA22;1
DUNANS;PA22;1
AUCHENBRECK;PA22;1
ARDACHERANMOR;PA22;1
CLACHAN OF GLENDARUEL;PA22;1
GARVIE;PA22;1
CAMCHUART;PA22;1
KILBRIDEMORE;PA22;1
ARD A'CHAPUILL;PA22;1
ORMSDALE;PA22;1
TROUSTAN;PA22;1
BALLOCHANDRAIN;PA22;1
GLAIC;PA22;1
GLENLEAN;PA23;1
ARDENTINNY;PA23;1
STRONLONAG;PA23;1
GARRACHRA;PA23;1
ARDNADAM;PA23;1
INNELLAN;PA23;1
CRAIGANDAIVE;PA23;1
GLENKIN;PA23;1
COYLET;PA23;1
SANDBANK;PA23;1
INVERVEGAIN;PA23;1
OALINLONGART;PA23;1
KNOCKDOW;PA23;1
BERNICE;PA23;1
INVERCHAOLAIN;PA23;1
BLAIRBUIE;PA23;1
KILMUN;PA23;1
BULLWOOD;PA23;1
ORCHARD;PA23;1
DUNLOSKIN;PA23;1
BARNACABBER;PA23;1
ARDHALLOW;PA23;1
CLACHAIG;PA23;1
TOWARD;PA23;1
ARDTARIG;PA23;1
HUNTER'S QUAY;PA23;1
KIRN;PA23;1
DUNOON;PA23;1
ARDNAHEIN;PA24;1
CUILMUICH;PA24;1
LOCHGOILHEAD;PA24;1
DRIMSYNIE;PA24;1
CORROW;PA24;1
MONEVECHADAN;PA24;1
STUCKBEG;PA24;1
THE LODGE;PA24;1
ARDNAGOWAN;PA25;1
ST CATHERINES;PA25;1
LAGLINGARTEN;PA25;1
ACHADUNAN;PA26;1
ARDGENAVAN;PA26;1
CAIRNDOW;PA26;1
INVERCHORACHAN;PA26;1
ARDNO;PA26;1
ARDKINGLAS HO;PA26;1
LEACK;PA27;1
INVERNOADEN;PA27;1
GOIRTEIN;PA27;1
BARNACARRY;PA27;1
MID LETTER;PA27;1
BALLIEMEANOCH;PA27;1
STRACHUR;PA27;1
STUCKREOCH;PA27;1
SUCCOTHMORE;PA27;1
GLENSHELLISH;PA27;1
GARBHALLT;PA27;1
CREGGANS;PA27;1
LEPHINMORE;PA27;1
GLENSLUAN;PA27;1
GLENBRANTER;PA27;1
BALLOCHGAIR;PA28;1
CAMPBELTOWN;PA28;1
KILLOCRAW;PA28;1
OATFIELD;PA28;1
NEW ORLEANS;PA28;1
MACHRIHANISH;PA28;1
MACHARIOCH;PA28;1
SADDELL;PA28;1
LARGYBAAN;PA28;1
KNOCKNAHA;PA28;1
KILMICHAEL;PA28;1
KILLELLAN;PA28;1
KILKERRAN;PA28;1
WITCHBURN;PA28;1
KILCHENZIE;PA28;1
BRECKLATE;PA28;1
GROGPORT;PA28;1
GLENRAMSKILL;PA28;1
EAST DARLOCHAN;PA28;1
KILCHRIST;PA28;1
FEOCHAIG;PA28;1
RHONADALE;PA28;1
SUNADALE;PA28;1
DRUMORE;PA28;1
DRUMLEMBLE;PA28;1
DRUMGARVE;PA28;1
DAVAAR;PA28;1
DALIVADDY;PA28;1
COUR;PA28;1
CORRYLACH;PA28;1
CHISCAN;PA28;1
CARRINE;PA28;1
CARRADALE;PA28;1
CALLYBURN;PA28;1
DIPPEN;PA28;1
FEORLAN;PA28;1
GARVELD;PA28;1
LOW BALLIVAIN;PA28;1
PENINVER;PA28;1
SHEANACHIE;PA28;1
SKEROBLINGARRY;PA28;1
TANGY;PA28;1
BELLOCHANTUY;PA28;1
BALLOCHROY;PA29;1
AUCHINAFAUD;PA29;1
AUCHAMEANACH;PA29;1
ASHENS;PA29;1
ARNICLE;PA29;1
ARDPATRICK;PA29;1
WEST TARBERT;PA29;1
SKIPNESS;PA29;1
RONACHAN;PA29;1
RHUNAHAORINE;PA29;1
QUINHILL;PA29;1
PORTACHOILLAN;PA29;1
MUASDALE;PA29;1
KILBERRY;PA29;1
KENNACRAIG;PA29;1
GLENBARR;PA29;1
GARTNAGRENACH;PA29;1
GARTAVAICH;PA29;1
ESCART;PA29;1
ERINES;PA29;1
DUBHCHLADACH;PA29;1
CULINDRACH;PA29;1
CRETSHENGAN;PA29;1
COULAGHAILTRO;PA29;1
CORRANBUIE;PA29;1
CLAONAIG;PA29;1
CARSE;PA29;1
BELLOCH;PA29;1
BARFAD;PA29;1
ACHADH-CHAORRUNN;PA29;1
ACHAGLASS;PA29;1
ACHADACAIE;PA29;1
TAYINLOAN;PA29;1
GLENRISDELL;PA29;1
CORRIECHREVIE;PA29;1
CROSSAIG;PA29;1
ARDRISHAIG;PA30;1
SRON DOIRE;PA30;1
INVERNEIL;PA30;1
AUCHBRAAD;PA30;1
ARDNACKAIG;PA31;1
ACHAHOISH;PA31;1
ACHNASHELLOCH;PA31;1
BARRAHORMID;PA31;1
BAILE BOIDHEACH;PA31;1
DUNROSTAN;PA31;1
CORRANMORE;PA31;1
CRAIGANS;PA31;1
DRIMVORE;PA31;1
INVERLIEVER;PA31;1
SILVERCRAIGS;PA31;1
ARICHONAN;PA31;1
BALLYMEANOCH;PA31;1
BADDEN;PA31;1
AUCHINDARRACH;PA31;1
ARINAFAD BEG;PA31;1
TURBISKILL;PA31;1
BALLYAURGAN;PA31;1
CRAIGGLASS;PA31;1
LOCHGILPHEAD;PA31;1
EURACH;PA31;1
DRUIMDRISHAIG;PA31;1
ELLARY;PA31;1
GALLCHOILLE;PA31;1
KILMARTIN;PA31;1
KILMICHAEL OF INVERLUSSA;PA31;1
DALTOT;PA31;1
CRINAN;PA31;1
CAIRNBAAN;PA31;1
ASKNISH;PA31;1
ARICHAMISH;PA31;1
ARDFERN;PA31;1
ACHNAMARA;PA31;1
ACHNABA;PA31;1
KINTRAW;PA31;1
LOCHGAIR;PA31;1
MIDDLE KAMES;PA31;1
NEW ULVA;PA31;1
TAYNISH;PA31;1
TIBERTICH;PA31;1
BALUACHRAIG;PA31;1
LUNGA;PA31;1
BELLANOCH;PA31;1
BARRAVULLIN;PA31;1
BARSLOISNACH;PA31;1
BRACKLY;PA31;1
KILMICHAEL GLASSARY;PA31;1
KNOCKALAVA;PA31;1
LARACH NA GAIBHRE;PA31;1
LECHUARY;PA31;1
KEILLMORE;PA31;1
POLTALLOCH;PA31;1
GARIOB;PA31;1
SCOTNISH;PA31;1
SLOCKAVULLIN;PA31;1
TAYVALLICH;PA31;1
BARMOLLOCH;PA31;1
CARNASSARIE;PA31;1
CRAOBH HAVEN;PA31;1
LADYFIELD;PA32;1
TULLOCHGORM;PA32;1
DRIMLEE;PA32;1
BIRDFIELD;PA32;1
GOATFIELD;PA32;1
AUCHNABREAC;PA32;1
CLAONAIRIGH;PA32;1
KILBLAAN;PA32;1
ELRIGBEAG;PA32;1
SALLACHRY;PA32;1
AUCHINDRAIN;PA32;1
INVERARAY;PA32;1
HIGH BALANTYRE;PA32;1
DALCHENNA;PA32;1
DRISHAIG;PA32;1
CRARAE;PA32;1
BRENACHOILLE;PA32;1
DRIMFERN;PA32;1
AUCHNANGOUL;PA32;1
MINARD;PA32;1
INISTRYNICH;PA33;1
ARDBRECKNISH;PA33;1
ARDTEATLE;PA33;1
TAYNAFEAD;PA33;1
CLADICH;PA33;1
DALMALLY;PA33;1
ARRIVAIN;PA33;1
UPPER SONACHAN;PA33;1
EREDINE;PA33;1
EDENDONICH;PA33;1
LOCHAWE;PA33;1
INVERLOCHY;PA33;1
PORT SONACHAN;PA33;1
STRONMILCHAN;PA33;1
ACHLIAN;PA33;1
ACHNAFALNICH;PA33;1
ACCURRACH;PA33;1
ARDCHONNELL;PA33;1
DUILETTER;PA33;1
BALLIMEANOCH;PA33;1
BALIGRUNDLE;PA34;1
ARDINAMAR;PA34;1
ACHNACROISH;PA34;1
CLEIGH;PA34;1
BRAGLEENBEG;PA34;1
KILMELFORD;PA34;1
PENNYFUIR;PA34;1
GLENFEOCHAN;PA34;1
ARDANSTUR;PA34;1
ARDENTALLAN;PA34;1
BALVICAR;PA34;1
CADDLETOWN;PA34;1
CORRIELORNE;PA34;1
DUNACH;PA34;1
EASDALE;PA34;1
OBAN;PA34;1
KILNINVER;PA34;1
MELFORT;PA34;1
ARDUAINE;PA34;1
BARRNACARRY;PA34;1
CLACHAN-SEIL;PA34;1
CULLIPOOL;PA34;1
KILCHERAN;PA34;1
TOBERONOCHY;PA34;1
GALLANACH;PA34;1
KNIPOCH;PA34;1
LERAGS;PA34;1
MUSDALE;PA34;1
PORT RAMSAY;PA34;1
GLENCRUITTEIN;PA34;1
SCAMADALE;PA34;1
SOROBA;PA34;1
GLENAMACHRIE;PA34;1
INVERLIVER;PA35;1
FANANS;PA35;1
TAYCHREGGAN;PA35;1
TAYNUILT;PA35;1
GLENNOE;PA35;1
INVERINAN;PA35;1
ARDANAISEIG;PA35;1
ARDMADDY;PA35;1
AUCHACHENNA;PA35;1
BALINDORE;PA35;1
BONAWE;PA35;1
CADDERLIE;PA35;1
COILLAIG;PA35;1
DALAVICH;PA35;1
DRISSAIG;PA35;1
KILMAHA;PA35;1
KILCHRENAN;PA35;1
BARACHANDER;PA35;1
ARICHASTLICH;PA36;1
CLASHGOUR;PA36;1
AUCH;PA36;1
BLACK MOUNT;PA36;1
INVERORAN HOTEL;PA36;1
ACHALLADER;PA36;1
BRIDGE OF ORCHY;PA36;1
BARCALDINE;PA37;1
CULNADALLOCH;PA37;1
DUNBEG;PA37;1
BONAWE QUARRIES;PA37;1
SOUTH SHIAN;PA37;1
KIEL CROFTS;PA37;1
BENDERLOCH;PA37;1
SEABANK;PA37;1
CONNEL;PA37;1
SOUTH LEDAIG;PA37;1
STRONTOILLER;PA37;1
LEDAIG;PA37;1
ACHNACAIRN;PA37;1
INVERCRERAN;PA38;1
GLENURE;PA38;1
GLASDRUM;PA38;1
SALACHAIL;PA38;1
TARAVOCAN;PA38;1
PORTNACROISH;PA38;1
PORT APPIN;PA38;1
NORTH SHIAN;PA38;1
TYNRIBBIE;PA38;1
ARDTUR;PA38;1
NORTH DALLENS;PA38;1
KINLOCHLAICH;PA38;1
DRUIMAVUIC;PA38;1
ELLERIC;PA38;1
FASNACLOICH;PA38;1
ARDMINISH;PA41;1
ARDTALLA;PA42;1
TRUDERNISH;PA42;1
CORNABUS;PA42;1
RISABUS;PA42;1
LEORIN;PA42;1
LAGAVULIN;PA42;1
GLENEGEDALE;PA42;1
LOWER KILLEYAN;PA42;1
LAPHROAIG;PA42;1
KINTOUR;PA42;1
INERVAL;PA42;1
PORT ELLEN;PA42;1
CARNMORE;PA42;1
CLUANACH;PA43;1
CRUACH;PA43;1
GARTNATRA;PA43;1
NERIBY;PA43;1
RONNACHMORE;PA43;1
BOWMORE;PA43;1
GARTBRECK;PA43;1
SMAULL;PA44;1
GRUINART FLATS;PA44;1
ESKNISH;PA44;1
GRAINEL;PA44;1
KILLINALLAN;PA44;1
TAYOVULLIN;PA44;1
CATTADALE;PA44;1
CRAIGENS;PA44;1
ISLAY HO.;PA44;1
KILNAVE;PA44;1
BRAIGO;PA44;1
CARNDUNCAN;PA44;1
LECKGRUINART;PA44;1
MOIN'A'CHOIRE;PA44;1
REDHOUSES;PA44;1
SANAIGMORE;PA44;1
AORADH;PA44;1
ARDNAVE;PA44;1
BALLINABY;PA44;1
LYRABUS;PA44;1
BALLYGRANT;PA45;1
BUNNAHABHAINN;PA46;1
KEILLS;PA46;1
PORT ASKAIG;PA46;1
ARDNAHOE;PA46;1
PORTNAHAVEN;PA47;1
LOSSIT;PA47;1
KELSAY;PA47;1
PORT WEMYSS;PA47;1
TORMISDALE;PA47;1
GEARACH;PA48;1
EASTER ELLISTER;PA48;1
PORT CHARLOTTE;PA48;1
CARN;PA48;1
NEREABOLLS;PA48;1
KILCHIARAN;PA48;1
FORELAND;PA49;1
BRUICHLADDICH;PA49;1
KILCHOMAN;PA49;1
ROCKSIDE;PA49;1
CONISBY;PA49;1
ARUADH;PA49;1
ARDLUSSA;PA60;1
ARDMENISH;PA60;1
INVERLUSSA;PA60;1
KEILS;PA60;1
KINUACHDRACH;PA60;1
KNOCKROME;PA60;1
LEARGYBRECK;PA60;1
LUSSAGIVEN;PA60;1
SANNAIG;PA60;1
CRAIGHOUSE;PA60;1
FEOLIN FERRY;PA60;1
ACHAMORE;PA60;1
ARDFIN;PA60;1
CRACKAIG;PA60;1
FEOLIN;PA60;1
UPPER KILCHATTAN;PA61;1
SCALASAIG;PA61;1
MACHRINS;PA61;1
COLONSAY;PA61;1
KILORAN;PA61;1
GARVARD;PA61;1
LOCHBUIE;PA62;1
CROGGAN;PA63;1
LOCHDON;PA64;1
AUCHNACRAIG;PA64;1
CRAIGNURE;PA65;1
SCALLASTLE;PA65;1
FELLONMORE;PA65;1
GARMONY;PA65;1
ARDURA;PA65;1
ARIDHGLAS;PA66;1
KNOCKVOLOGAN;PA66;1
FIDDEN;PA66;1
FIONNPHORT;PA66;1
SCOOR;PA67;1
EORABUS;PA67;1
UISKEN;PA67;1
BUNESSAN;PA67;1
ARDCHIAVAIG;PA67;1
ARDALANISH;PA67;1
DISHIG;PA68;1
CLACHANDHU;PA68;1
BALMEANACH;PA68;1
PENNYGHAEL;PA70;1
CARSAIG;PA70;1
GRULINE;PA71;1
KELLAN;PA72;1
TENGA;PA72;1
ARDNACROSS;PA72;1
GAODHAIL;PA72;1
PENNYGOWN;PA72;1
KILLICHRONAN;PA72;1
BALLYGOWN;PA73;1
KILBRENAN;PA73;1
FANMORE;PA73;1
LAGGANULVA;PA73;1
NORMANN'S RUH;PA74;1
KILNINIAN;PA74;1
TOSTARIE;PA74;1
TOBERMORY;PA75;1
TRESHNISH;PA75;1
SUNIPOL;PA75;1
LANGAMULL;PA75;1
FRACHADIL;PA75;1
ENSAY;PA75;1
DERVAIG;PA75;1
CROIG;PA75;1
ACHNADRISH;PA75;1
CALGARY;PA75;1
RUANAICH;PA76;1
MANNEL;PA77;1
HEYLIPOLL;PA77;1
HYNISH;PA77;1
SCARINISH;PA77;1
SAUNDAIG;PA77;1
BROCK;PA77;1
BALEMARTINE;PA77;1
KILKENNETH;PA77;1
MIODAR;PA77;1
RUAIG;PA77;1
BARRAPOL;PA77;1
BAUGH;PA77;1
VAUL;PA77;1
HEANISH;PA77;1
CROSSAPOLL;PA77;1
BALEPHUIL;PA77;1
CLABHACH;PA78;1
BOUSD;PA78;1
ARNABOST;PA78;1
SORISDALE;PA78;1
TOTRONALD;PA78;1
ARINAGOUR;PA78;1
GRISHIPOLL;PA78;1
ARILEOD;PA78;1
ACHA;PA78;1
PERT;AB30;1
GALLERY;DD10;1
BARNHEAD;DD10;1
MUIRTON OF BALLOCHY;DD10;1
FISHTOWN OF USAN;DD10;1
KIRKTON OF CRAIG;DD10;1
INCHBRAOCH;DD10;1
FERRYDEN;DD10;1
CRAIGO;DD10;1
BRIDGE OF DUN;DD10;1
TAYOCK;DD10;1
ROSSIE FARM SCHOOL;DD10;1
MARYTON;DD10;1
LOGIE PERT;DD10;1
MONTROSE;DD10;1
MOSSTON;DD11;1
ST VIGEANS;DD11;1
WORMIEHILLS;DD11;1
SALMOND'S MUIR;DD11;1
AUCHMITHIE;DD11;1
BOLSHAN;DD11;1
BOYSACK;DD11;1
CARMYLLIE;DD11;1
CAULDCOTS;DD11;1
COLLISTON;DD11;1
CONONSYTH;DD11;1
DRUNKENDUB;DD11;1
FRIOCKHEIM;DD11;1
GLASTERLAW;DD11;1
GUYND;DD11;1
HAYHILLOCK;DD11;1
INCHOCK;DD11;1
INVERKEILOR;DD11;1
KINBLETHMONT;DD11;1
LEYSMILL;DD11;1
LUNAN;DD11;1
ARBIRLOT;DD11;1
ARBROATH;DD11;1
EASTER KNOX;DD11;1
ETHIE MAINS;DD11;1
THRIEPLEY;DD2;1
LIFF;DD2;1
FOWLIS;DD2;1
DRONLEY;DD2;1
AUCHTERHOUSE;DD3;1
LEOCH;DD3;1
KIRKTON OF STRATHMARTINE;DD3;1
KIRKTON OF AUCHTERHOUSE;DD3;1
BALGRAY;DD4;1
KIRKTON OF TEALING;DD4;1
EAST MARCH;DD4;1
BURNSIDE OF DUNTRUNE;DD4;1
MURROES;DD5;1
MONIKIE;DD5;1
WELLBANK;DD5;1
GREENBURN;DD5;1
AFFLECK;DD5;1
BUCKLERHEADS;DD5;1
DRUMSTURDY;DD5;1
LAWS;DD5;1
MAINS OF ARDESTIE;DD5;1
KIRKTON OF MONIKIE;DD5;1
MONIFIETH;DD5;1
EAST HAVEN;DD7;1
CROMBIE MILL;DD7;1
PANBRIDE;DD7;1
MUIRDRUM;DD7;1
BUDDON;DD7;1
UPPER VICTORIA;DD7;1
CARNOUSTIE;DD7;1
DRUMGLEY;DD8;1
PARKFORD;DD8;1
PEARSIE;DD8;1
CHARLESTON;DD8;1
ASCREAVIE;DD8;1
AUCHNACREE;DD8;1
BALGAVIES;DD8;1
BRAEDOWNIE;DD8;1
BRIDGEND OF LINTRATHEN;DD8;1
EASSIE AND NEVAY;DD8;1
EASTER LEDNATHIE;DD8;1
FERN;DD8;1
GALLOWFAULD;DD8;1
GLENOGIL;DD8;1
INVERQUHARITY;DD8;1
KINCALDRUM;DD8;1
KINGSMUIR;DD8;1
KINNETTLES;DD8;1
KINNORDY;DD8;1
PITKENNEDY;DD8;1
KIRKTON OF AIRLIE;DD8;1
KIRKTON OF KINGOLDRUM;DD8;1
LEYS OF COSSANS;DD8;1
LOWNIE MOOR;DD8;1
MAINS OF BALLINDARG;DD8;1
MEMUS;DD8;1
MOSSIDE;DD8;1
NEWMILL OF INSHEWAN;DD8;1
NORANSIDE;DD8;1
PADANARAM;DD8;1
RESWALLIE;DD8;1
WESTMUIR;DD8;1
KIRRIEMUIR;DD8;1
BALMADIES;DD8;1
TURIN;DD8;1
CLACHNABRAIN;DD8;1
CORTACHY;DD8;1
CRAICHIE;DD8;1
DUBTON;DD8;1
DUNNICHEN;DD8;1
FINAVON;DD8;1
GLAMIS;DD8;1
GUTHRIE;DD8;1
INVERARITY;DD8;1
KIRKBUDDO;DD8;1
LOUR;DD8;1
MARCUS;DD8;1
NETHER HANDWICK;DD8;1
OATHLAW;DD8;1
TANNADICE;DD8;1
THE DRUMS;DD8;1
TULLOES;DD8;1
WHEEN;DD8;1
WHIGSTREET;DD8;1
IDVIES;DD8;1
LUNANHEAD;DD8;1
NORTHMUIR;DD8;1
REDHEUGH;DD8;1
OGIL;DD8;1
MILLDENS;DD8;1
LOCHLAIR;DD8;1
LINDERTIS;DD8;1
HORNIEHAUGH;DD8;1
GLENMOY;DD8;1
GLENDOLL LODGE;DD8;1
CARROT;DD8;1
BALNABOTH;DD8;1
SHIELHILL;DD8;1
GLENQUIECH;DD8;1
FOFFARTY;DD8;1
DOUGLASTOWN;DD8;1
CALDHAME;DD8;1
GLENARM;DD8;1
MURTHILL;DD8;1
ABERLEMNO;DD8;1
FORFAR;DD8;1
GLENPROSEN;DD8;1
BALKEERIE;DD8;1
SOUTHMUIR;DD8;1
RUNTALEAVE;DD8;1
RESCOBIE;DD8;1
PITMUIES;DD8;1
ROTTAL;DD8;1
MAINS OF MELGUND;DD9;1
BALFIELD;DD9;1
BALNAMOON;DD9;1
MAINS OF BALHALL;DD9;1
MID CAIRNCROSS;DD9;1
MIDDLE DRUMS;DD9;1
LITTLE BRECHIN;DD9;1
TIGERTON;DD9;1
DUNLAPPIE;DD9;1
EDZELL;DD9;1
FERNYBANK;DD9;1
GANNOCHY;DD9;1
NEWTONMILL;DD9;1
TILLYARBLET;DD9;1
TRINITY;DD9;1
WEST MUIR;DD9;1
WITTON;DD9;1
ARRAT;DD9;1
AUCHMULL;DD9;1
AUCHRONIE;DD9;1
CARCARY;DD9;1
FARNELL;DD9;1
KEITHOCK;DD9;1
STRACATHRO;DD9;1
TARFSIDE;DD9;1
BELLIEHILL;DD9;1
TEMPLEWOOD;DD9;1
KIRKTON OF MENMUIR;DD9;1
INCHGRUNDLE;DD9;1
INCHBARE;DD9;1
BRECHIN;DD9;1
CARESTON;DD9;1
ALRICK;PH11;1
BELLATY;PH11;1
AUCHAVAN;PH11;1
BRIDGE OF BREWLANDS;PH11;1
DYKENDS;PH11;1
FOLDA;PH11;1
FORTER;PH11;1
GLENHEAD FARM;PH11;1
KIRKTON OF GLENISLA;PH11;1
BRIDGE OF CRAIGISLA;PH11;1
NEWTYLE;PH12;1
KIRKINCH;PH12;1
ALLOA;FK10;1
TULLIBODY;FK10;1
CAMBUS;FK10;1
KENNET;FK10;1
FOREST MILL;FK10;1
NEW SAUCHIE;FK10;1
CLACKMANNAN;FK10;1
MENSTRIE;FK11;1
ALVA;FK12;1
COALSNAUGHTON;FK13;1
DEVONSIDE;FK13;1
TILLICOULTRY;FK13;1
YETTS O'MUCKHART;FK14;1
POOL OF MUCKHART;FK14;1
DOLLAR;FK14;1
DOLLARBEG;FK14;1
CARRUTHERSTOWN;DG1;1
DUMFRIES;DG1;1
RACKS;DG1;1
RUTHWELL;DG1;1
AMISFIELD TOWN;DG1;1
BLACKSHAW;DG1;1
CLARENCEFIELD;DG1;1
CLEUCHBRAE;DG1;1
COLLIN;DG1;1
GLENCAPLE;DG1;1
TORTHORWALD;DG1;1
KELTON;DG1;1
KINGHOLM QUAY;DG1;1
TINWALD;DG1;1
LOCHARBRIGGS;DG1;1
DUNCOW;DG1;1
MOUSWALD;DG1;1
GLENAE;DG1;1
BANKEND;DG1;1
NETHERMILL;DG1;1
SHEARINGTON;DG1;1
NOBLEHILL;DG1;1
AE VILLAGE;DG1;1
BEATTOCK;DG10;1
CAPPLEGILL;DG10;1
MOFFAT;DG10;1
DUMCRIEFF;DG10;1
KINNELHEAD;DG10;1
ERICSTANE;DG10;1
BODESBECK;DG10;1
POLDEAN;DG10;1
LAVERHAY;DG10;1
DUNNABIE;DG11;1
GILLENBIE;DG11;1
ST ANN'S;DG11;1
SPRINGKELL;DG11;1
TEMPLAND;DG11;1
BLACKACRE;DG11;1
CALLISTERHALL;DG11;1
CORRIE COMMON;DG11;1
WATERBECK;DG11;1
PADDOCKHOLE;DG11;1
LOCHMABEN;DG11;1
KIRTLEBRIDGE;DG11;1
KIRKPATRICK-FLEMING;DG11;1
JOHNSTONEBRIDGE;DG11;1
HIGHTAE;DG11;1
HECK;DG11;1
TUNDERGARTH MAINS;DG11;1
CUMRUE;DG11;1
SIBBALDBIE;DG11;1
MILLHOUSEBRIDGE;DG11;1
MIDDLEBIE;DG11;1
KETTLEHOLM;DG11;1
DINWOODIE MAINS;DG11;1
DEBATE;DG11;1
BANKSHILL;DG11;1
BURNSWARK;DG11;1
HEITHAT;DG11;1
HOLLEE;DG11;1
CORSEHILL;DG11;1
HANGINGSHAW;DG11;1
ECCLEFECHAN;DG11;1
LOCKERBIE;DG11;1
CUMMERTREES;DG12;1
CRECA;DG12;1
DORNOCK;DG12;1
EASTRIGGS;DG12;1
POWFOOT;DG12;1
BRYDEKIRK;DG12;1
ANNAN;DG12;1
FOULBOG;DG13;1
GARWALD;DG13;1
GARWALDWATERFOOT;DG13;1
ALLANGILLFOOT;DG13;1
KIRKSTILE;DG13;1
DAVINGTON;DG13;1
LANGHOLM;DG13;1
CRAIGCLEUCH;DG13;1
CASTLE O'ER;DG13;1
BILLHOLM;DG13;1
BENTPATH;DG13;1
ESKDALEMUIR;DG13;1
HOLM;DG13;1
CAULDSIDE;DG14;1
CANONBIE;DG14;1
ROWANBURN;DG14;1
EVERTOWN;DG14;1
CHAPELKNOWE;DG14;1
AUCHENRIVOCK;DG14;1
GRETNA;DG16;1
GRETNA GREEN;DG16;1
SHAMBELLIE;DG2;1
SLONGABER;DG2;1
FRIARS CARSE;DG2;1
BROOKLANDS;DG2;1
CARGEN;DG2;1
CARGENBRIDGE;DG2;1
CAULKERBUSH;DG2;1
CAVENS;DG2;1
CRAIGENPUTTOCK;DG2;1
CROCKETFORD;DG2;1
DALSWINTON;DG2;1
DUNSCORE;DG2;1
GLENHEAD;DG2;1
GRIBTON;DG2;1
DALSKAIRTH;DG2;1
KIRKCONNELL;DG2;1
CARSETHORN;DG2;1
HENDERLAND;DG2;1
KIRKBEAN;DG2;1
KIRKGUNZEON;DG2;1
LOCHFOOT;DG2;1
MAINSRIDDLE;DG2;1
MAXWELLTOWN;DG2;1
NEW BRIDGE;DG2;1
SCAUR;DG2;1
SHAWHEAD;DG2;1
SOUTHERNESS;DG2;1
SPEDDOCH;DG2;1
STROQUHAN;DG2;1
SUNDAYWELL;DG2;1
TERREGLES;DG2;1
GILLFOOT;DG2;1
GOLDIELEA;DG2;1
KINHARVIE;DG2;1
MARGREIG;DG2;1
NEWTONAIRDS;DG2;1
MABIE;DG2;1
NEW ABBEY;DG2;1
BEESWING;DG2;1
CLOSEBURN;DG3;1
AUCHENBRACK;DG3;1
AUCHENHESSNANE;DG3;1
BARNDENNOCH;DG3;1
BENBUIE;DG3;1
BRECKONSIDE;DG3;1
CARRONBRIDGE;DG3;1
CASTLEFAIRN;DG3;1
CLONRAE;DG3;1
CRAWFORDTON;DG3;1
CROALCHAPEL;DG3;1
DABTON;DG3;1
DALGONAR;DG3;1
DURISDEER;DG3;1
ENTERKINFOOT;DG3;1
GATELAWBRIDGE;DG3;1
GATESLACK;DG3;1
GLENCROSH;DG3;1
GLENMANNA;DG3;1
KEIR MILL;DG3;1
LOCHURR;DG3;1
MONIAIVE;DG3;1
POLGOWN;DG3;1
TYNRON;DG3;1
ULZIESIDE;DG4;1
CRAWICK;DG4;1
CORSEBANK;DG4;1
KIRKCONNEL;DG4;1
KELLOHOLM;DG4;1
MENNOCK;DG4;1
SANQUHAR;DG4;1
LAGRAE;DG4;1
DRAMBUIE;DG4;1
CARCO;DG4;1
PORT O' WARREN;DG5;1
DALBEATTIE;DG5;1
COLVEND;DG5;1
DOUGLAS HALL;DG5;1
KIPPFORD OR SCAUR;DG5;1
FAIRGIRTH;DG5;1
TONGLAND;DG6;1
TWYNHOLM;DG6;1
TOWNHEAD;DG6;1
BARWHINNOCK;DG6;1
KNOCKBREX;DG6;1
LENNOX PLUNTON;DG6;1
KIRKANDREWS;DG6;1
BALMAE;DG6;1
HIGH BORGUE;DG6;1
GLENGAP;DG6;1
DUNDRENNAN;DG6;1
ORROLAND;DG6;1
CUMSTOUN;DG6;1
AUCHNABONY;DG6;1
SENWICK;DG6;1
LANGLANDS;DG6;1
BORNESS;DG6;1
BOMBIE;DG6;1
KIRKCUDBRIGHT;DG6;1
CASTLE DOUGLAS;DG7;1
KNOCKLEARN;DG7;1
GELSTON;DG7;1
MERKLAND;DG7;1
KNOCKNALLING;DG7;1
AUCHENDOLLY;DG7;1
RINGFORD;DG7;1
HILLOWTON;DG7;1
GARROCH;DG7;1
DALSHANGAN;DG7;1
RHONEHOUSE OR KELTON HILL;DG7;1
CARDONESS;DG7;1
OLD BRIDGE OF URR;DG7;1
DRUMRASH;DG7;1
DARNGARROCH;DG7;1
CARROCH;DG7;1
BROCHLOCH;DG7;1
NEW GALLOWAY;DG7;1
KIRKPATRICK DURHAM;DG7;1
DILDAWN;DG7;1
BARDENNOCH;DG7;1
DRUMJOHN;DG7;1
LAUCHENTYRE;DG7;1
BARCAPLE;DG7;1
HAUGH OF URR;DG7;1
PALNACKIE;DG7;1
GATEHOUSE OF FLEET;DG7;1
CROSSMICHAEL;DG7;1
CORSOCK;DG7;1
CORRIEDOO;DG7;1
TOWNHEAD OF GREENLAW;DG7;1
ST JOHN'S TOWN OF DALRY;DG7;1
SPRINGHOLM;DG7;1
CARSPHAIRN;DG7;1
CRAIGENCALLIE;DG7;1
MOLLANCE;DG7;1
SLOGARIE;DG7;1
BUCHAN;DG7;1
MOSSDALE;DG7;1
GLENLAIR;DG7;1
RASCARREL;DG7;1
AIRIELAND;DG7;1
BARHARROW;DG7;1
BARLAY;DG7;1
BENNAN;DG7;1
SQUARE POINT;DG7;1
BREOCH;DG7;1
CLAREBRAND;DG7;1
CLATTERINGSHAWS;DG7;1
CROFTS;DG7;1
BOGUE;DG7;1
BALMACLELLAN;DG7;1
ARGRENNAN;DG7;1
ARDWALL;DG7;1
GARRYHORN;DG7;1
GLENLOCHAR;DG7;1
GIBBSHILL;DG7;1
SANDGREEN;DG7;1
HAZLEFIELD;DG7;1
KNOCKGRAY;DG7;1
LAMLOCH;DG7;1
GIRTHON;DG7;1
ANWOTH;DG7;1
AUCHENCAIRN;DG7;1
RUSKO;DG7;1
GLASSERTON;DG8;1
NEWTON STEWART;DG8;1
CARSEGOWAN;DG8;1
CASTLEWIGG;DG8;1
CHALLOCH;DG8;1
CREETOWN;DG8;1
CULTS;DG8;1
CUMLODEN;DG8;1
DALLASH;DG8;1
GLENRAZIE;DG8;1
GLENWHILLY;DG8;1
KNOCKVILLE;DG8;1
ISLE OF WHITHORN;DG8;1
CORSEMALZIE;DG8;1
KIRKCOWAN;DG8;1
GALDENOCH;DG8;1
GLENTROOL;DG8;1
MARKDHU;DG8;1
MINNIGAFF;DG8;1
KIRKDALE;DG8;1
KIRKLAND OF LONGCASTLE;DG8;1
PORTYERROCK;DG8;1
SHENNANTON;DG8;1
WHITECAIRN;DG8;1
AUCHENMALG;DG8;1
BALTERSAN;DG8;1
BARGALY;DG8;1
BARGRENNAN;DG8;1
BARWINNOCK;DG8;1
BENFIELD;DG8;1
CARSLUITH;DG8;1
CULSHABBIN;DG8;1
KIRKINNER;DG8;1
CRAIGHLAW;DG8;1
KIDSDALE;DG8;1
MILTONISE;DG8;1
GLENLUCE;DG8;1
CASSENCARIE;DG8;1
CAIRNSMORE;DG8;1
CLACHANEASY;DG8;1
CUTCLOY;DG8;1
CULQUHIRK;DG8;1
LARG;DG8;1
WIGTOWN;DG8;1
EGGERNESS;DG8;1
WHITHORN;DG8;1
WHAUPHILL;DG8;1
ELRIG;DG8;1
SORBIE;DG8;1
PORT WILLIAM;DG8;1
GARLIESTON;DG8;1
POLBAE;DG8;1
PENNINGHAME;DG8;1
PALNURE;DG8;1
PALGOWAN;DG8;1
NEW LUCE;DG8;1
NETHER BARR;DG8;1
MONREITH;DG8;1
MOCHRUM;DG8;1
CAIRNDOON;DG8;1
KNOWE;DG8;1
CARSERIGGAN;DG8;1
BALMINNOCH;DG8;1
BLACKCRAIG;DG8;1
ALTICRY;DG8;1
AIRYHASSEN;DG8;1
BLADNOCH;DG8;1
BARRAER;DG8;1
BALGREGGAN;DG9;1
AIRIES;DG9;1
PORTPATRICK;DG9;1
CAIRNRYAN;DG9;1
DUNRAGIT;DG9;1
STRANRAER;DG9;1
GENOCH SQUARE;DG9;1
CORSEWALL;DG9;1
ST MARY'S CROFT;DG9;1
LESWALT;DG9;1
INNERMESSAN;DG9;1
TERALLY;DG9;1
KILDROCHET;DG9;1
KILSTAY;DG9;1
NORTH CAIRN;DG9;1
KIRKCOLM;DG9;1
PORTSLOGAN;DG9;1
KIRKMAIDEN;DG9;1
AWHIRK;DG9;1
SOUTH CAIRN;DG9;1
PORT LOGAN;DG9;1
BARNHILLS;DG9;1
CASTLE KENNEDY;DG9;1
CHAPEL ROSSAN;DG9;1
SANDHEAD;DG9;1
STONEYKIRK;DG9;1
CLACHANMORE;DG9;1
COLFIN;DG9;1
WHITECROOK;DG9;1
ERVIE;DG9;1
DAMNAGLAUR;DG9;1
DINVIN;DG9;1
LOCHANS;DG9;1
KNOCKNAIN;DG9;1
GENOCH;DG9;1
WHITELEYS;DG9;1
DRUMMORE;DG9;1
WANLOCKHEAD;ML12;1
ERIFF;DG7;1
CROOKEDHOLM;KA1;1
RICCARTON;KA1;1
HURLFORD;KA1;1
NEWMILNS;KA16;1
GREENHOLM;KA16;1
DARVEL;KA17;1
PRIESTLAND;KA17;1
AUCHINLECK;KA18;1
GLENBUCK;KA18;1
AFTON BRIDGEND;KA18;1
LUGAR;KA18;1
MUIRKIRK;KA18;1
CARBELLOW;KA18;1
CONNEL PARK;KA18;1
CRONBERRY;KA18;1
CUMNOCK;KA18;1
DALBLAIR;KA18;1
DALGIG;KA18;1
DARNCONNER;KA18;1
MANEIGHT;KA18;1
NETHER WELLWOOD;KA18;1
NEW CUMNOCK;KA18;1
OCHILTREE;KA18;1
SINCLAIRSTON;KA18;1
CRAIGDARROCH;KA18;1
DALVENNAN;KA19;1
KNOCKENTIBER;KA2;1
GATEHEAD;KA2;1
CROSSHOUSE;KA2;1
LUGTON;KA3;1
KINGSWELL;KA3;1
KILMAURS;KA3;1
GABROC HILL;KA3;1
TAYBURN;KA3;1
WINDY YET;KA3;1
FULLWOOD;KA3;1
DUNLOP;KA3;1
KILMARNOCK;KA3;1
MOSCOW;KA4;1
MIDDLEYARD;KA4;1
GALSTON;KA4;1
SORNHILL;KA4;1
SCHAW;KA5;1
CROSSHANDS;KA5;1
BARSKIMMING;KA5;1
GILMILNSCROFT;KA5;1
MOSSGIEL;KA5;1
NETHERSHIELD;KA5;1
SORN;KA5;1
MAUCHLINE;KA5;1
CATRINE;KA5;1
TRABBOCH;KA5;1
BALLOCHMYLE;KA5;1
RANKINSTON;KA6;1
PATNA;KA6;1
SKELDON;KA6;1
CLAWFIN;KA6;1
CRAIGENGILLAN;KA6;1
DALCAIRNIE;KA6;1
STARR;KA6;1
DALMELLINGTON;KA6;1
DALRYMPLE;KA6;1
DRONGAN;KA6;1
LETHANHILL;KA6;1
BEARSDEN;G61;1
DOUGALSTON;G62;1
BALDERNOCK;G62;1
MILNGAVIE;G62;1
TORRANCE;G64;1
CADDER;G64;1
BISHOPBRIGGS;G64;1
TWECHAR;G65;1
CLACHAN OF CAMPSIE;G65;1
HAUGHHEAD;G65;1
KINKELL;G65;1
LENNOXTOWN;G65;1
MILTON OF CAMPSIE;G65;1
KIRKINTILLOCH;G66;1
LENZIE;G66;1
MUSSELBURGH;EH21;1
WALLYFORD;EH21;1
LEVENHALL;EH21;1
INVERESK;EH21;1
WHITECRAIG;EH22;1
CROSSGATEHALL;EH22;1
OLD CRAIGHALL;EH22;1
GULLANE;EH31;1
BALLENCRIEFF;EH32;1
LUFFNESS;EH32;1
LONGNIDDRY;EH32;1
PRESTONPANS;EH32;1
ABERLADY;EH32;1
COCKENZIE AND PORT SETON;EH32;1
NEW WINTON;EH33;1
ELVINGSTON;EH33;1
MEADOWMILL;EH33;1
GLADSMUIR;EH33;1
MACMERRY;EH33;1
TRANENT;EH33;1
ELPHINSTONE;EH33;1
WEST SALTOUN;EH34;1
EAST SALTOUN;EH34;1
PEASTONBANK;EH34;1
PENCAITLAND;EH34;1
ORMISTON;EH35;1
PEASTON;EH35;1
HUMBIE;EH36;1
GILCHRISTON;EH36;1
ATHELSTANEFORD;EH39;1
WHITEKIRK;EH39;1
NORTH BERWICK;EH39;1
MUNGOSWELLS;EH39;1
EAST FORTUNE;EH39;1
DREM;EH39;1
DIRLETON;EH39;1
AULDHAME;EH39;1
EAST LINTON;EH40;1
PAPPLE;EH41;1
CARFRAE;EH41;1
GARVALD;EH41;1
GIFFORD;EH41;1
LONGYESTER;EH41;1
DANSKINE;EH41;1
TRAPRAIN;EH41;1
SAMUELSTON;EH41;1
BELHAVEN;EH42;1
THORNTONLOCH;EH42;1
WEST BARNS;EH42;1
PITCOX;EH42;1
TYNINGHAME;EH42;1
HALLS;EH42;1
DUNBAR;EH42;1
SPOTT;EH42;1
SKATERAW;EH42;1
OLDHAMSTOCKS;TD13;1
BILSDEAN;TD13;1
THORNLIEBANK;G46;1
GIFFNOCK;G46;1
CLARKSTON;G76;1
POLNOON;G76;1
EAGLESHAM;G76;1
MEARNS;G77;1
MALLETSHEUGH;G77;1
NEWTON MEARNS;G77;1
CAPLAW;G78;1
UPLAWMOOR;G78;1
NEILSTON;G78;1
BARRHEAD;G78;1
HALL;G78;1
CHAMPANY;EH49;1
MUIRHOUSES;EH51;1
CARRIDEN;EH51;1
BO'NESS;EH51;1
FALKIRK;FK1;1
STANDBURN;FK1;1
BINNIEHILL;FK1;1
SHIELDHILL;FK1;1
LIMERIGG;FK1;1
JAWCRAIG;FK1;1
BLACKBRAES;FK1;1
CAMELON;FK1;1
AVONBRIDGE;FK1;1
SLAMANNAN;FK1;1
AIRTH;FK2;1
BAINSFORD;FK2;1
BELLSDYKE;FK2;1
BOWTREES;FK2;1
BRIGHTONS;FK2;1
CARRONSHORE;FK2;1
MADDISTON;FK2;1
POLMONT;FK2;1
GRANGEMOUTH;FK3;1
DENNYLOANHEAD;FK4;1
HAGGS;FK4;1
HIGH BONNYBRIDGE;FK4;1
BONNYBRIDGE;FK4;1
BANKNOCK;FK4;1
TORWOOD;FK5;1
STENHOUSEMUIR;FK5;1
LARBERT;FK5;1
GLENBERVIE;FK5;1
DENNY;FK6;1
CARRON BRIDGE;FK6;1
DUNIPACE;FK6;1
SOUTH ALLOA;FK7;1
BOTTOMCRAIG;DD6;1
NEWPORT-ON-TAY;DD6;1
TAYPORT;DD6;1
WORMIT;DD6;1
WOODHAVEN;DD6;1
BALMERINO;DD6;1
GAULDRY;DD6;1
BOGSIDE;FK10;1
KIRKCALDY;KY1;1
DYSART;KY1;1
LINKTOWN;KY1;1
GALLATOWN;KY1;1
EAST WEMYSS;KY1;1
WEST WEMYSS;KY1;1
COALTOWN OF WEMYSS;KY1;1
PITTENWEEM;KY10;1
ST MONANS;KY10;1
CARNBEE;KY10;1
CELLARDYKE;KY10;1
KILRENNY;KY10;1
WORMISTONE;KY10;1
SPALEFIELD;KY10;1
INNERGELLIE;KY10;1
GRANGEMUIR;KY10;1
LOCHTY;KY10;1
ABERCROMBIE;KY10;1
ARNCROACH;KY10;1
ANSTRUTHER;KY10;1
CRAIL;KY10;1
DALGETY BAY;KY11;1
NORTH QUEENSFERRY;KY11;1
INVERKEITHING;KY11;1
ST DAVIDS;KY11;1
ROSYTH;KY11;1
HALBEATH;KY11;1
LIMEKILNS;KY11;1
LOW TORRY;KY12;1
LASSODIE;KY12;1
BALGONAR;KY12;1
GOWKHALL;KY12;1
BOWERSHALL;KY12;1
BLAIRHALL;KY12;1
TORRYBURN;KY12;1
WELLWOOD;KY12;1
CULROSS;KY12;1
KINGSEAT;KY12;1
CAIRNEYHILL;KY12;1
TOWNHILL;KY12;1
CARNOCK;KY12;1
MILESMARK;KY12;1
DUNFERMLINE;KY12;1
SALINE;KY12;1
LINDORES;KY14;1
BALHELVIE;KY14;1
DUNSHELT;KY14;1
STRATHMIGLO;KY14;1
NETHER URQUHART;KY14;1
GRANGE OF LINDORES;KY14;1
PLEASANCE;KY14;1
AUCHTERMUCHTY;KY14;1
GLENDUCKIE;KY14;1
DUNBOG;KY14;1
CUPAR MUIR;KY15;1
DAIRSIE;KY15;1
CUNNOQUHIE;KY15;1
CRAIGSANQUHAR;KY15;1
CRAIGROTHIE;KY15;1
CRAIGHALL;KY15;1
COULTRA;KY15;1
CAIRNEY LODGE;KY15;1
BOW OF FIFE;KY15;1
BLEBOCRAIGS;KY15;1
BALMALCOLM;KY15;1
DURA;KY15;1
FERNIE;KY15;1
PITSCOTTIE;KY15;1
MONIMAIL;KY15;1
CREICH;KY15;1
PITLESSIE;KY15;1
KILMANY;KY15;1
FREUCHIE;KY15;1
FALKLAND;KY15;1
CUPAR;KY15;1
STRUTHERS;KY15;1
RATHILLET;KY15;1
PEAT INN;KY15;1
OVER RANKEILOUR;KY15;1
NEWTON OF FALKLAND;KY15;1
MOONZIE;KY15;1
LUTHRIE;KY15;1
LINDIFFERON;KY15;1
LATHRISK;KY15;1
LADYBANK;KY15;1
KINGSKETTLE;KY15;1
KETTLEBRIDGE;KY15;1
KEMBACK;KY15;1
HAZELTON WALLS;KY15;1
BALDINNIE;KY15;1
COLLESSIE;KY15;1
CERES;KY15;1
LATHOCKAR;KY16;1
LUCKLAWHILL;KY16;1
PICKLETILLEM;KY16;1
STRAVITHIE;KY16;1
BOARHILLS;KY16;1
DUNINO;KY16;1
GUARDBRIDGE;KY16;1
KINGSBARNS;KY16;1
LEUCHARS;KY16;1
STRATHKINNESS;KY16;1
BALMULLO;KY16;1
PRIOR MUIR;KY16;1
KINALDY;KY16;1
KINCAPLE;KY16;1
AUCHTERTOOL;KY2;1
CLUNY;KY2;1
CHAPEL;KY2;1
BURNTISLAND;KY3;1
ABERDOUR;KY3;1
KINGHORN;KY3;1
PETTYCUR;KY3;1
DUNEARN;KY3;1
COWDENBEATH;KY4;1
DONIBRISTLE;KY4;1
HILL OF BEATH;KY4;1
KELTY;KY4;1
LUMPHINNANS;KY4;1
FORDELL;KY4;1
LOWER OAKFIELD;KY4;1
CARDENDEN;KY5;1
AUCHTERDERRAN;KY5;1
GLENCRAIG;KY5;1
LOCHORE;KY5;1
KINGLASSIE;KY5;1
LOCHGELLY;KY5;1
BALLINGRY;KY5;1
WALKERTON;KY6;1
AUCHMUIRBRIDGE;KY6;1
PITKEVY;KY6;1
GLASSLIE;KY6;1
MILTON OF BALGONIE;KY7;1
GLENROTHES;KY7;1
COALTOWN OF BALGONIE;KY7;1
CADHAM;KY7;1
BANDON;KY7;1
BALBIRNIE;KY7;1
MARKINCH;KY7;1
DRUMELDRIE;KY8;1
PRATIS;KY8;1
TEASSES;KY8;1
LUNDIN LINKS;KY8;1
UPPER LARGO;KY8;1
WESTER NEWBURN;KY8;1
WINDY-GATES;KY8;1
BUCKHAVEN;KY8;1
BALHOUSIE;KY8;1
KENNOWAY;KY8;1
BALCURVIE;KY8;1
BACKMUIR OF NEW GILSTON;KY8;1
INNERLEVEN;KY8;1
KILMUX;KY8;1
KINGSDALE;KY8;1
LOWER LARGO;KY8;1
NEW GILSTON;KY8;1
LANGDYKE;KY8;1
METHIL;KY8;1
BONNYBANK;KY8;1
MONTRAVE;KY8;1
LARGOWARD;KY9;1
KILCONQUHAR;KY9;1
EARLSFERRY;KY9;1
LATHALLAN MILL;KY9;1
LAHILL;KY9;1
LATHONES;KY9;1
WEST LINGO;KY9;1
COLINSBURGH;KY9;1
ELIE;KY9;1
BRIDGE OF BROWN;AB37;1
CANTRAY;IV1;1
BRINMORE;IV1;1
BOGBAIN;IV1;1
TORNESS;IV1;1
TORDARROCH;IV1;1
CANTRAYWOOD;IV1;1
INVERFARIGAIG;IV1;1
CASTLE STUART;IV1;1
CLEPHANTON;IV1;1
CULLODEN;IV1;1
DRUMINE;IV1;1
EASTER DRUMMOND;IV1;1
ERROGIE;IV1;1
GAICK;IV1;1
FARRALINE;IV1;1
FORT GEORGE;IV1;1
ESSICH;IV1;1
EAST CROACHY;IV1;1
DORES;IV1;1
DALCROSS;IV1;1
CARSE OF ARDESIER;IV1;1
GOLLANFIELD;IV1;1
BOGALLAN;IV1;1
EASTER BOLESKINE;IV1;1
LOCHGARTHSIDE;IV1;1
WESTER ABERCHALDER;IV1;1
TORNAGRAIN;IV1;1
DRUMDERFIT;IV1;1
TOMBRECK;IV1;1
DHUHALLOW;IV1;1
BALNAFOICH;IV1;1
DALROY;IV1;1
LYNE OF GORTHLECK;IV1;1
SMITHTOWN;IV1;1
SCATRAIG;IV1;1
ACHNABAT;IV1;1
AULTNAGOIRE;IV1;1
MAINS OF FAILLIE;IV1;1
SCANIPORT;IV1;1
NORTH KESSOCK;IV1;1
NEWTON OF LEYS;IV1;1
BAILEBEAG;IV1;1
ABERSKY;IV1;1
ARDERSIER;IV1;1
BLACKCASTLE;IV1;1
FOYERS;IV1;1
DALVOURN;IV1;1
ROSEMARKIE;IV10;1
JANEFIELD;IV10;1
FORTROSE;IV10;1
BALMUNGIE;IV10;1
CROMARTY;IV11;1
MUIRTON;IV11;1
SUTORS OF CROMARTY;IV11;1
UPPER EATHIE;IV11;1
NAVITY;IV11;1
GLENURQUHART;IV11;1
AULDEARN;IV12;1
DALLASCHYLE;IV12;1
BANCHOR;IV12;1
CAWDOR;IV12;1
CLUNAS;IV12;1
CULCHARRY;IV12;1
DALTRA;IV12;1
DULSIE;IV12;1
EASTER GALCANTRAY;IV12;1
FERNESS;IV12;1
FORNIGHTY;IV12;1
HILTON OF DELNIES;IV12;1
KINGSTEPS;IV12;1
BOGHOLE FM;IV12;1
DALESS;IV12;1
HOUSEHILL;IV12;1
KIRKTON OF BAREVAN;IV12;1
PIPERHILL;IV12;1
REGOUL;IV12;1
TORRICH;IV12;1
URCHANY;IV12;1
ACHINDOWN;IV12;1
CANTRAYDOUNE;IV12;1
BRUACHMARY;IV12;1
NAIRN;IV12;1
DALTOMACH;IV13;1
INVERBROUGH;IV13;1
CORRIEVORRIE;IV13;1
FINDHORN BRIDGE;IV13;1
TOMATIN;IV13;1
INVEREEN;IV13;1
CONTIN;IV14;1
STRATHPEFFER;IV14;1
LITTLE SCATWELL;IV14;1
HEIGHTS OF BRAE;IV14;1
GLENSGAICH;IV14;1
BOTTACKS;IV14;1
AUCHTERNEED;IV14;1
FODDERTY;IV15;1
DINGWALL;IV15;1
MOUNTGERALD;IV15;1
EVANTON;IV16;1
ARDULLIE;IV16;1
SWORDALE;IV16;1
DALMORE;IV17;1
CONTULLICH;IV17;1
INCHLUMPIE;IV17;1
WESTER LEALTY;IV17;1
BOATH;IV17;1
STITTENHAM;IV17;1
BRAEANTRA;IV17;1
EASTER ARDROSS;IV17;1
DALNAVIE;IV17;1
ACHANDUNIE;IV17;1
ALNESS;IV17;1
INVERGORDON;IV18;1
BALNAGUISICH;IV18;1
KILDARY;IV18;1
INCHINDOWN;IV18;1
DELNY;IV18;1
BARBARAVILLE;IV18;1
BALNAGOWN CASTLE;IV18;1
BALINTRAID;IV18;1
ACHNAGARRON;IV18;1
SCOTSBURN;IV18;1
LOGIE HILL;IV18;1
RHICULLEN;IV18;1
ROSSKEEN;IV18;1
SALTBURN;IV18;1
TARBAT HO.;IV18;1
TULLICH MUIR;IV18;1
WESTER LONVINE;IV18;1
ANKERVILLE;IV19;1
BALNAPALING;IV19;1
KNOCKBRECK;IV19;1
BALNABRUAICH;IV19;1
BALCHERRY;IV19;1
MORANGIE;IV19;1
NIGG;IV19;1
CALROSSIE;IV19;1
EDDERTON;IV19;1
CULCABOCK;IV2;1
GEANIES HO.;IV20;1
HILTON OF CADBOLL;IV20;1
HILL OF FEARN;IV20;1
FEARN;IV20;1
LOANDHU;IV20;1
LOCHSLIN;IV20;1
PORTMAHOMACK;IV20;1
ROCKFIELD;IV20;1
SHANDWICK;IV20;1
BALALDIE;IV20;1
WILKHAVEN;IV20;1
TARREL;IV20;1
BALNAGALL;IV20;1
BINDAL;IV20;1
CADBOLL;IV20;1
CLAY OF ALLAN;IV20;1
BALINTORE;IV20;1
REDPOINT;IV21;1
SOUTH ERRADALE;IV21;1
PORT HENDERSON;IV21;1
PETERBURN;IV21;1
NORTH ERRADALE;IV21;1
BIG SAND;IV21;1
MIAL;IV21;1
MELVAIG;IV21;1
AUCHTERCAIRN;IV21;1
KERRYSDALE;IV21;1
AULTGRISHAN;IV21;1
BADACHRO;IV21;1
GAIRLOCH;IV21;1
NAAST;IV22;1
UPPER DIABAIG;IV22;1
TALLADALE;IV22;1
BOOR;IV22;1
ACHGARVE;IV22;1
SLATTADALE;IV22;1
ALLIGIN SHUAS;IV22;1
SECOND COAST;IV22;1
POOLEWE;IV22;1
ORMISCAIG;IV22;1
AULTBEA;IV22;1
TAAGAN;IV22;1
MUNGASDALE;IV22;1
BADAVANICH;IV22;1
MELLON CHARLES;IV22;1
LUBMORE;IV22;1
LONDUBH;IV22;1
BUALNALUIB;IV22;1
COAST;IV22;1
TUIRNAIG;IV22;1
LITTLE GRUINARD;IV22;1
DIABAIG;IV22;1
DRUMCHORK;IV22;1
FASAG;IV22;1
INVERALLIGAN;IV22;1
INVERASDALE;IV22;1
TORRIDON;IV22;1
LAIDE;IV22;1
KINLOCHEWE;IV22;1
ACHNASHEEN;IV22;1
MELLON UDRIGLE;IV22;1
RHIROY;IV23;1
LUBFEARN;IV23;1
LOGGIE;IV23;1
LOCHLUICHART;IV23;1
LETTERS;IV23;1
LECKMELM;IV23;1
KNOCKBAN;IV23;1
INVERLAEL;IV23;1
INVERBROOM;IV23;1
GORSTAN;IV23;1
GLACKOUR;IV23;1
GARVE;IV23;1
FASAGRIANACH;IV23;1
FAIN;IV23;1
EILEAN DARACH;IV23;1
DURNAMUCK;IV23;1
DUNDONNELL;IV23;1
BLARNALEVOCH;IV23;1
BADLUARCHRACH;IV23;1
BADCAUL;IV23;1
AULTGUISH INN;IV23;1
AUCHLUNACHAN;IV23;1
AUCHINDREAN;IV23;1
ARDESSIE;IV23;1
SCORAIG;IV23;1
RHIREAVACH;IV23;1
GARBAT;IV23;1
ARDINDREAN;IV23;1
ARDCHARNICH;IV23;1
BADRALLACH;IV23;1
ARDGAY;IV24;1
ACHNAHANAT;IV24;1
MIGDALE;IV24;1
BIRCHFIELD;IV24;1
KYLOAG;IV24;1
ARDCHRONIE;IV24;1
LITTLE CREICH;IV24;1
RHELONIE;IV24;1
SGODACHAIL;IV24;1
SOYAL;IV24;1
THE CRAIGS;IV24;1
BONAR BRIDGE;IV24;1
CLASHCOIG;IV24;1
CULRAIN;IV24;1
EASTER FEARN;IV24;1
LOWER GLEDFIELD;IV24;1
SPINNINGDALE;IV24;1
WESTER GRUINARDS;IV24;1
REARQUHAR;IV25;1
WHITEFACE;IV25;1
ARDSHAVE;IV25;1
EMBO STREET;IV25;1
EVELIX;IV25;1
FOURPENNY;IV25;1
GABLON;IV25;1
LITTLE TORBOLL;IV25;1
LONEMORE;IV25;1
PITGRUDY;IV25;1
PULROSSIE;IV25;1
BADNINISH;IV25;1
BIRICHEN;IV25;1
CARMORE;IV25;1
CLASHBAN;IV25;1
CUTHILL;IV25;1
DALNAMAIN;IV25;1
DORNOCH;IV25;1
EMBO;IV25;1
ACHVAICH;IV25;1
POLES;IV25;1
SKELBO;IV25;1
CLASHMORE;IV25;1
REIFF;IV26;1
ARDMAIR;IV26;1
ACHVRAIE;IV26;1
CULNACRAIG;IV26;1
STRATHKANAIRD;IV26;1
MOREFIELD;IV26;1
DRUMRUNIE;IV26;1
RHIDORROCH;IV26;1
ACHILTIBUIE;IV26;1
RHUE;IV26;1
ARDNAGOINE;IV26;1
POLBAIN;IV26;1
ALLT NA H-AIRBHE;IV26;1
BRAES OF ULLAPOOL;IV26;1
ULLAPOOL;IV26;1
SKULLOMIE;IV27;1
RHICONICH;IV27;1
NEDD;IV27;1
UNAPOOL;IV27;1
ALLTNACAILLICH;IV27;1
BADCALL;IV27;1
CULKEIN;IV27;1
GLENROSSAL;IV27;1
HEILAM;IV27;1
INVERCASSLEY;IV27;1
KLIBRECK;IV27;1
LANGWELL;IV27;1
MIDFIELD;IV27;1
RISPOND;IV27;1
WEST SHINNESS LODGE;IV27;1
ACHINDUICH;IV27;1
ACHLYNESS;IV27;1
ACHRIESGILL;IV27;1
BALCHLADICH;IV27;1
BALNAKEIL;IV27;1
CLACHTOLL;IV27;1
CLASHNESSIE;IV27;1
CORRYKINLOCH;IV27;1
DALCHORK;IV27;1
DALNESSIE;IV27;1
DRUMBEG;IV27;1
ERIBOLL;IV27;1
INVERAN;IV27;1
KEARVAIG;IV27;1
KEOLDALE;IV27;1
KNOCKAN;IV27;1
KYLESTROME;IV27;1
LINSIDEMORE;IV27;1
LOCHINVER;IV27;1
LUBCROY;IV27;1
MOINE HO.;IV27;1
MUDALE;IV27;1
OLDSHORE BEG;IV27;1
OYKEL BRIDGE;IV27;1
PORTNACON;IV27;1
ROSEHALL;IV27;1
SANGOBEG;IV27;1
STOER;IV27;1
ACHNACARNIN;IV27;1
ALLNABAD;IV27;1
ALTASS;IV27;1
ALTNAHARRA;IV27;1
ARDROE;IV27;1
ARSCAIG;IV27;1
AUCHARRIGILL;IV27;1
BADDIDARACH;IV27;1
BADNABAN;IV27;1
BALCHARN;IV27;1
BALCHRICK;IV27;1
CLAONEL;IV27;1
COLABOLL;IV27;1
COLDBACKIE;IV27;1
DALMICHY;IV27;1
DUCHALLY;IV27;1
FOINDLE;IV27;1
GRUIDS;IV27;1
INVERKIRKAIG;IV27;1
KINLOCHBERVIE;IV27;1
LAIRG;IV27;1
LAXFORD BRIDGE;IV27;1
LETTERMORE;IV27;1
RHIAN;IV27;1
RIBIGILL;IV27;1
SCOURIE;IV27;1
SCOURIE MORE;IV27;1
SHEIGRA;IV27;1
SHINNESS LODGE;IV27;1
TALMINE;IV27;1
TONGUE;IV27;1
TONGUE HO.;IV27;1
TORROBLE;IV27;1
FANAGMORE;IV27;1
ACHUVOLDRACH;IV27;1
BADINTAGAIRT;IV27;1
POLLA;IV27;1
BADNABAY;IV27;1
AULTANRYNIE;IV27;1
INSHORE;IV27;1
LEIRINMORE;IV27;1
CRASK INN;IV27;1
SAVALBEG;IV27;1
INVERHOPE;IV27;1
INCHKINLOCH;IV27;1
SAVALMORE;IV27;1
INCHNADAMPH;IV27;1
ARDVAR;IV27;1
ACHANY;IV27;1
ACHFARY;IV27;1
ACHMELVICH;IV27;1
DURNESS;IV27;1
ELPHIN;IV27;1
ARDOCHU;IV28;1
LITTLE ROGART;IV28;1
RHAOINE;IV28;1
RHILOCHAN;IV28;1
ROGART;IV28;1
SCIBERSCROSS;IV28;1
FARLARY;IV28;1
TANNACHY;IV28;1
WEST LANGWELL;IV28;1
PITTENTRAIL;IV28;1
EAST LANGWELL;IV28;1
DALBRECK;IV28;1
POLLIE;IV28;1
MUIE;IV28;1
ACHMONY;IV3;1
ABRIACHAN;IV3;1
GROTAIG;IV3;1
LEACHKIN;IV3;1
BRACHLA;IV3;1
DALCHREICHART;IV3;1
CORRIMONY;IV3;1
BUNLOIT;IV3;1
BUNCHREW;IV3;1
BEARNOCK;IV3;1
LEWISTON;IV3;1
ALLTSIGH;IV3;1
CLACHNAHARRY;IV3;1
TOMCHRASKY;IV3;1
TORGYLE;IV3;1
SOUTH KESSOCK;IV3;1
RHINDUIE;IV3;1
MILLNESS;IV3;1
LEVISHIE;IV3;1
LENIE;IV3;1
LAGNALEAN;IV3;1
INVERMORISTON;IV3;1
GARTALLY;IV3;1
DUNDREGGAN;IV3;1
DOCHGARROCH;IV3;1
BUNTAIT;IV3;1
BALNAIN;IV3;1
BALBEG;IV3;1
KILTARLITY;IV4;1
BEAULY;IV4;1
CAMAULT MUIR;IV4;1
ESKADALE;IV4;1
ERCHLESS CASTLE;IV4;1
DRUIMKINNERRAS;IV4;1
CULLIGRAN;IV4;1
CRELEVAN;IV4;1
CRASK OF AIGAS;IV4;1
CANNICH;IV4;1
BELLADRUM;IV4;1
TOMNACROSS;IV4;1
RHEINDOWN;IV4;1
GLASSBURN;IV4;1
CULBURNIE;IV4;1
COUGIE;IV4;1
STRUY;IV4;1
MUCHRACHD;IV4;1
MAULD;IV4;1
KNOCKFIN;IV4;1
KILMORACK;IV4;1
RUILICK;IV4;1
OLDTOWN OF AIGAS;IV4;1
FASNAKYLE;IV4;1
ARDNAGRASK;IV4;1
ALLT-NA-SUBH;IV40;1
ALLTBEITHE;IV40;1
KYLE OF LOCHALSH;IV40;1
ARNISH;IV40;1
BERNERA;IV40;1
DORUSDUAIN;IV40;1
ERBUSAIG;IV40;1
GLENELG;IV40;1
GALLTAIR;IV40;1
INVERARISH;IV40;1
DORNIE;IV40;1
DRUMBUIE;IV40;1
COILLE-RIGH;IV40;1
DRY HARBOUR;IV40;1
DUIRINISH;IV40;1
NOSTIE;IV40;1
OSKAIG;IV40;1
KILLILAN;IV40;1
EAST SUISNISH;IV40;1
INVERINATE;IV40;1
SCALLASAIG;IV40;1
LIENASSIE;IV40;1
INVERSHIEL;IV40;1
BUNDALLOCH;IV40;1
KYLERHEA;IV40;1
LETTERFEARN;IV40;1
SHIEL BRIDGE;IV40;1
ARDINTOUL;IV40;1
BROCHEL;IV40;1
ARNISDALE;IV40;1
BARRISDALE;IV40;1
BALMACARA;IV40;1
BALACHUIRN;IV40;1
AULT A'CHRUINN;IV40;1
EILANREACH;IV40;1
ARDELVE;IV40;1
CAMUS-LUINIE;IV40;1
BADICAUL;IV40;1
KYLEAKIN;IV41;1
SKULAMUS;IV42;1
LOWER BREAKISH;IV42;1
BREAKISH;IV42;1
EILEAN IARMAIN;IV43;1
DUISDEALMOR;IV43;1
DRUMFEARN;IV43;1
CAMUS CROISE;IV43;1
TEANGUE;IV44;1
KILBEG;IV44;1
AIRD OF SLEAT;IV45;1
CALLIGARRY;IV45;1
ARDVASAR;IV45;1
TOKAVAIG;IV46;1
ORD;IV46;1
TARSKAVAIG;IV46;1
FERNILEA;IV47;1
SLIGACHAN;IV47;1
TALISKER;IV47;1
BUALINTUR;IV47;1
PORTNALONG;IV47;1
DRYNOCH;IV47;1
GLENBRITTLE;IV47;1
EYNORT;IV47;1
CULNAMEAN;IV47;1
SCONSER;IV48;1
HEAST;IV49;1
LUIB;IV49;1
TORRIN;IV49;1
HARRAPOOL;IV49;1
CORRY;IV49;1
ELGOL;IV49;1
KILMARIE;IV49;1
GLASNAKILLE;IV49;1
BROADFORD;IV49;1
ACHNAGAIRN;IV5;1
EASTER MONIACK;IV5;1
DRUMCHARDINE;IV5;1
LINICRO;IV51;1
MALIGAR;IV51;1
KINGSBURGH;IV51;1
KILMALUAG;IV51;1
KENSALEYRE;IV51;1
DIGG;IV51;1
BALNAKNOCK;IV51;1
EARLISH;IV51;1
TOTE;IV51;1
PENIFILER;IV51;1
MUGEARY;IV51;1
IDRIGIL;IV51;1
HUNGLADER;IV51;1
GRESHORNISH;IV51;1
BORVE;IV51;1
KILVAXTER;IV51;1
PEINCHORRAN;IV51;1
CUIDRACH;IV51;1
MONKSTADT;IV51;1
TREASLANE;IV51;1
TORVAIG;IV51;1
CULNAKNOCK;IV51;1
STENSCHOLL;IV51;1
FLASHADER;IV51;1
FLODIGARRY;IV51;1
STAFFIN;IV51;1
GARROS;IV51;1
SKEABOST;IV51;1
BALGOWN;IV51;1
UIGSHADER;IV51;1
EDINBAIN;IV51;1
EYRE;IV51;1
GLENGRASCO;IV51;1
PEINLICH;IV51;1
MARISHADER;IV51;1
PORTREE;IV51;1
CAMASTIANAVAIG;IV51;1
BERNISDALE;IV51;1
DUNTULM;IV51;1
DRUMUIE;IV51;1
ELISHADER;IV51;1
PLOCKTON;IV52;1
STROMEFERRY;IV53;1
ACHINTRAID;IV54;1
FEARNBEG;IV54;1
ARDANEASKAN;IV54;1
INVERBAIN;IV54;1
ATTADALE;IV54;1
UAGS;IV54;1
CAMUSTEEL;IV54;1
LONBAIN;IV54;1
ARINACRINACHD;IV54;1
BALNACRA;IV54;1
AIRIGH-DRISHAIG;IV54;1
LOCHCARRON;IV54;1
KALNAKILL;IV54;1
FEARNMORE;IV54;1
CULDUIE;IV54;1
CUAIG;IV54;1
RUSSEL;IV54;1
COULAGS;IV54;1
CAMASTERACH;IV54;1
STROMEMORE;IV54;1
TOSCAIG;IV54;1
ACHINTEE;IV54;1
APPLECROSS;IV54;1
ARDARROCH;IV54;1
ARDHESLAIG;IV54;1
ARDNARFF;IV54;1
BALGY;IV54;1
MILOVAIG;IV55;1
GEARY;IV55;1
LUSTA;IV55;1
LORGILL;IV55;1
LONMORE;IV55;1
CLAIGAN;IV55;1
VATTEN;IV55;1
BORERAIG;IV55;1
UIGINISH;IV55;1
DUNVEGAN;IV55;1
SKINIDIN;IV55;1
ROSKHILL;IV55;1
ROAG;IV55;1
TOTAIG;IV55;1
TRUMPAN;IV55;1
RAMASAIG;IV55;1
ORBOST;IV55;1
HUSABOST;IV55;1
HARLOSH;IV55;1
HALLIN;IV55;1
HALISTRA;IV55;1
GILLEN;IV55;1
GALTRIGILL;IV55;1
FERINIQUARRIE;IV55;1
COLBOST;IV55;1
COILLORE;IV56;1
BRACADALE;IV56;1
ULLINISH;IV56;1
OSE;IV56;1
SCARDROY;IV6;1
BOGBUIE;IV6;1
KILCOY;IV6;1
MARYBANK;IV6;1
PORIN;IV6;1
WINDHILL;IV6;1
TORE;IV6;1
MUIR OF ORD;IV6;1
LEANAIG;IV6;1
INVERCHORAN;IV6;1
GLENMEANIE;IV6;1
FAEBAIT;IV6;1
EASTER KINKELL;IV6;1
BALVAIRD;IV6;1
URRAY;IV6;1
POYNTZFIELD;IV7;1
RESOLIS;IV7;1
ALCAIG;IV7;1
CONON BRIDGE;IV7;1
CULBO;IV7;1
CULBOKIE;IV7;1
SHORETOWN;IV7;1
LOCHUSSIE;IV7;1
CULLICUDDEN;IV7;1
FINDON MAINS;IV7;1
MARYBURGH;IV7;1
NEWMILLS;IV7;1
EASTER BRAE;IV7;1
JEMIMAVILLE;IV7;1
BELMADUTHY;IV8;1
MUNLOCHY;IV8;1
KNOCKBAIN;IV8;1
SHANTULLICH;IV8;1
EASTER SUDDIE;IV8;1
AVOCH;IV9;1
WATTEN;KW1;1
STAXIGOE;KW1;1
CORBIEGOE;KW1;1
KILLIMSTER;KW1;1
MIRELAND;KW1;1
KIRK;KW1;1
HEMPRIGGS HOUSE;KW1;1
HASTER;KW1;1
GILLOCK;KW1;1
BRABSTER;KW1;1
BADLIPSTER;KW1;1
BACKLASS;KW1;1
AUCKENGILL;KW1;1
ALTERWALL;KW1;1
SLICKLY;KW1;1
BOWERMADDEN;KW1;1
WINLESS;KW1;1
REISS;KW1;1
WHITEROW;KW1;1
NORTH WATTEN;KW1;1
UPPER GILLS;KW1;1
TOFTCARL;KW1;1
THUSTER;KW1;1
REASTER;KW1;1
MYBSTER;KW1;1
MAINS OF WATTEN;KW1;1
LYTH;KW1;1
HASTIGROW;KW1;1
LYNEGAR;KW1;1
KEISS;KW1;1
JOHN O'GROATS;KW1;1
HOUSTRY OF DUNN;KW1;1
SIBSTER;KW1;1
GILLS;KW1;1
FRESWICK;KW1;1
CANISBAY;KW1;1
BOWERTOWER;KW1;1
BILBSTER;KW1;1
SKIRZA;KW1;1
SORTAT;KW1;1
STIRKOKE HOUSE;KW1;1
TANNACH;KW1;1
HALCRO;KW1;1
HUNA;KW1;1
SARCLET;KW1;1
QUOYS OF REISS;KW1;1
PULDAGON;KW1;1
NYBSTER;KW1;1
TOFTS;KW1;1
STAIN;KW1;1
THRUMSTER;KW1;1
STRATH;KW1;1
ACKERGILL;KW1;1
GOLSPIE;KW10;1
CULMAILY;KW10;1
LITTLEFERRY;KW10;1
ABERSCROSS;KW10;1
KINBRACE;KW11;1
LOCH COIRE LODGE;KW11;1
ACHARGARY;KW11;1
SYRE;KW11;1
ACHENTOUL;KW11;1
GEARNSARY;KW11;1
RHIFAIL;KW11;1
ALTANDUIN;KW11;1
SKAIL;KW11;1
BADANLOCH LODGE;KW11;1
BRAWLBIN;KW12;1
DALGANACHAN;KW12;1
DORRERY;KW12;1
GERSTON;KW12;1
CORSBACK;KW12;1
GOBERNUISGEACH;KW12;1
CLAYOCK;KW12;1
CARSGOE;KW12;1
CALDER MAINS;KW12;1
BRAAL CASTLE;KW12;1
HARPSDALE;KW12;1
ACHINGILLS;KW12;1
KNOCKDEE;KW12;1
OLGRINMORE;KW12;1
SKINNET;KW12;1
SORDALE;KW12;1
ACHIES;KW12;1
TISTER;KW12;1
TORMSDALE;KW12;1
HALKIRK;KW12;1
ACHIEMORE;KW13;1
DALHALVAIG;KW13;1
CRAIGTOWN;KW13;1
TRANTLEMORE;KW13;1
UPPER BIGHOUSE;KW13;1
GOLVAL;KW13;1
FORSINAIN;KW13;1
TRANTLEBEG;KW13;1
FORSINARD;KW13;1
THURSO;KW14;1
BETTYHILL;KW14;1
GREENLAND;KW14;1
LYTHMORE;KW14;1
MODSARIE;KW14;1
SHURRERY;KW14;1
BALIGILL;KW14;1
BOWSIDE LODGE;KW14;1
BRIDGE OF FORSS;KW14;1
CLARDON;KW14;1
EAST MEY;KW14;1
GLENGOLLY;KW14;1
HAIMER;KW14;1
HILLICLAY;KW14;1
INKSTACK;KW14;1
JANETSTOWN;KW14;1
LIEURARY;KW14;1
MURKLE;KW14;1
RATTAR;KW14;1
SHALMSTRY;KW14;1
SKERRAY;KW14;1
SWORDLY;KW14;1
THURDISTOFT;KW14;1
TOTEGAN;KW14;1
VIEWFIELD;KW14;1
WEYDALE;KW14;1
BROUBSTER;KW14;1
BUCKIES;KW14;1
BRAWL;KW14;1
CROSSKIRK;KW14;1
DUNNET;KW14;1
INVERNAVER;KW14;1
KIRTOMY;KW14;1
LEDNAGULLIN;KW14;1
MELVICH;KW14;1
NEWLANDS OF GEISE;KW14;1
ACHNABOURIN;KW14;1
ACHVARASDAL;KW14;1
AULTIPHURST;KW14;1
BARROCK;KW14;1
BIGHOUSE;KW14;1
BORGIE;KW14;1
BULDOO;KW14;1
FORSIE;KW14;1
FRESGOE;KW14;1
HUNSPOW;KW14;1
ISAULD;KW14;1
LECKFURIN;KW14;1
MEY;KW14;1
ORMWE;KW14;1
PORTSKERRA;KW14;1
REAY;KW14;1
SCARFSKERRY;KW14;1
SCRABSTER;KW14;1
SHEBSTER;KW14;1
STRATHY;KW14;1
ACHTOTY;KW14;1
ACHREAMIE;KW14;1
ACHINA;KW14;1
AIMSTER;KW14;1
DOUNREAY;KW14;1
WHALIGOE;KW2;1
WHITELEEN;KW2;1
ULBSTER;KW2;1
BRUAN;KW2;1
UPPER CAMSTER;KW3;1
SHEPPARDSTOWN;KW3;1
SWINEY;KW3;1
REISGILL;KW3;1
EAST CLYTH;KW3;1
ROSTER;KW3;1
UPPER LYBSTER;KW3;1
OCCUMSTER;KW3;1
MID CLYTH;KW3;1
LATHERON;KW5;1
TACHER;KW5;1
CROFTS OF BENACHIELT;KW5;1
GILLIVOAN;KW5;1
LATHERONWHEEL;KW5;1
SMERRAL;KW5;1
ACHAVANICH;KW5;1
FORSE;KW5;1
RAMSCRAIGS;KW6;1
BADNAGIE;KW6;1
HOUSTRY;KW6;1
ACHNACLYTH;KW6;1
ACHORN;KW6;1
KNOCKALLY;KW6;1
DUNBEATH;KW6;1
BERRIEDALE;KW7;1
OUSDALE;KW7;1
BADBEA;KW7;1
MARREL;KW8;1
LOTHBEG;KW8;1
CULGOWER;KW8;1
EAST HELMSDALE;KW8;1
GARTYMORE;KW8;1
KILDONAN LODGE;KW8;1
KILMOTE;KW8;1
WEST HELMSDALE;KW8;1
TORRISH;KW8;1
PORTGOWER;KW8;1
NAVIDALE;KW8;1
LOTHMORE;KW8;1
HELMSDALE;KW8;1
DUIBLE;KW8;1
KILPHEDIR;KW8;1
ACHRIMSDALE;KW9;1
DOLL;KW9;1
DALCHALM;KW9;1
CLYNELISH;KW9;1
KINTRADWELL;KW9;1
WEST CLYNE;KW9;1
BRORA;KW9;1
GORDONBUSH;KW9;1
EAST BRORA;KW9;1
CARROL;KW9;1
KILBRAUR;KW9;1
RAHOY;PA34;1
BEACH;PA34;1
FIUNARY;PA34;1
LOCHALINE;PA34;1
ACHLEANAN;PA34;1
DRIMNIN;PA34;1
EIGNAIG;PA34;1
ARDTORNISH;PA34;1
INNINBEG;PA34;1
KILLUNDINE;PA34;1
ALLTACHONAICH;PA34;1
RHEMORE;PA34;1
GLENSANDA;PA34;1
LARACHBEG;PA34;1
CLOUNLAID;PA34;1
TIGHACHNOIC;PA34;1
KENTALLEN;PA38;1
AUCHINDARROCH;PA38;1
DUROR;PA38;1
DALWHINNIE;PH19;1
BEN ALDER LODGE;PH19;1
COMRA;PH20;1
ABERARDER;PH20;1
ARDVERIKIE;PH20;1
BLARGIE;PH20;1
GARVAMORE;PH20;1
ETTERIDGE;PH20;1
KINLOCH LAGGAN;PH20;1
MELGARVE;PH20;1
BIALLAID;PH20;1
SHERRAMORE;PH20;1
PHONES;PH20;1
DALBALLOCH;PH20;1
NEWTONMORE;PH20;1
ALVIE;PH21;1
ACHLEAN;PH21;1
INSH;PH21;1
TOLVAH;PH21;1
LYNCHAT;PH21;1
LYNABERACK;PH21;1
KINGUSSIE;PH21;1
KILLIEHUNTLY;PH21;1
INVERUGLASS;PH21;1
GAICK LODGE;PH21;1
FESHIEBRIDGE;PH21;1
DRUMGUISH;PH21;1
BALNESPICK;PH21;1
BALAVIL;PH21;1
GRANISH;PH22;1
INVERDRUIE;PH22;1
CAGGAN;PH22;1
POLCHAR;PH22;1
KINRARA;PH22;1
COYLUMBRIDGE;PH22;1
AVIELOCHAN;PH22;1
AVIEMORE;PH22;1
BOGROY;PH23;1
CARRBRIDGE;PH23;1
SLUGGAN;PH23;1
SLOCHD;PH23;1
DALNAHAITNACH;PH23;1
DUTHIL;PH23;1
AUCHGOURISH;PH24;1
BOAT OF GARTEN;PH24;1
CULLACHIE;PH24;1
KINVEACHY;PH24;1
DRUMUILLIE;PH24;1
NETHY BRIDGE;PH25;1
AUNDORACH;PH25;1
SLIEMORE;PH25;1
DELL LODGE;PH25;1
LAINCHOIL;PH25;1
SKYE OF CURR;PH26;1
ACHNAHANNET;PH26;1
ADVIE;PH26;1
CONGASH;PH26;1
COTTARTOWN;PH26;1
TULLOCHGRIBBAN HIGH;PH26;1
AITNOCH;PH26;1
CAMERORY;PH26;1
DULNAIN BRIDGE;PH26;1
AUCHNAGALLIN;PH26;1
CROMDALE;PH26;1
DIRDHU;PH26;1
GLASCHOIL;PH26;1
GRANTOWN-ON-SPEY;PH26;1
KNOCK OF AUCHNAHANNET;PH26;1
SPEYBRIDGE;PH26;1
TOMVAICH;PH26;1
UPPER DERRAID;PH26;1
DELLIEFURE;PH26;1
DUIAR;PH26;1
ANABOARD;PH26;1
GAICH;PH26;1
CORROUR SHOOTING LODGE;PH30;1
LUIBEILT;PH30;1
TURRET BRIDGE;PH31;1
ROYBRIDGE;PH31;1
ROUGHBURN;PH31;1
LECKROY;PH31;1
INVERROY;PH31;1
FERSIT;PH31;1
CRAIGBEG;PH31;1
BOHUNTINE;PH31;1
BOHENIE;PH31;1
GLENDOEBEG;PH32;1
FORT AUGUSTUS;PH32;1
ACHAGAVEL;PH33;1
ACHAPHUBUIL;PH33;1
BLAR A'CHAORAINN;PH33;1
BLARMACHFOLDACH;PH33;1
FORT WILLIAM;PH33;1
CAOL;PH33;1
KINLOCHEIL;PH33;1
LAIRIGMOR;PH33;1
LIDDESDALE;PH33;1
SALLACHAN;PH33;1
NORTH BALLACHULISH;PH33;1
TORLUNDY;PH33;1
TRISLAIG;PH33;1
POLLDUBH;PH33;1
ONICH;PH33;1
LUNDAVRA;PH33;1
LOCHUISGE;PH33;1
LOCH EIL CENTRE;PH33;1
CORRYCHURRACHAN;PH33;1
BANAVIE;PH33;1
BLAICH;PH33;1
CAMASNACROISE;PH33;1
CLOVULLIN;PH33;1
CORPACH;PH33;1
DRUIMARBIN;PH33;1
DRUMFERN;PH33;1
FASSFERN;PH33;1
GARVAN;PH33;1
GLENGALMADALE;PH33;1
GOIRTEAN A'CHLADAICH;PH33;1
KEPPANACH;PH33;1
KILMALIEU;PH33;1
DUISKY;PH33;1
ARYHOULAN;PH33;1
ACHRIABHACH;PH33;1
ACHLEEK;PH33;1
ACHINTEE HO;PH33;1
TORCASTLE;PH33;1
ACHNALEA;PH33;1
ALTURA;PH34;1
LETTER FINLAY;PH34;1
TIRINDRISH;PH34;1
ACHNASAUL;PH34;1
STRONENABA;PH34;1
SPEAN BRIDGE;PH34;1
GLENDESSARY;PH34;1
GAIRLOCHY;PH34;1
CLUNES;PH34;1
KILLIECHANATE;PH34;1
RATHLIESBEAG;PH34;1
KILFINNAN;PH34;1
BUNARKAIG;PH34;1
ARDACHVIE;PH34;1
BRACKLETTER;PH34;1
INVER MALLIE;PH34;1
INVERGLOY;PH34;1
INCHLAGGAN;PH35;1
TOMDOUN;PH35;1
MANDALLY;PH35;1
MUNERIGIE;PH35;1
INVERGARRY;PH35;1
KINLOCH HOURN;PH35;1
ABERCHALDER;PH35;1
COILLE MHORGIL;PH35;1
STRONTIAN;PH36;1
OCKLE;PH36;1
KINLOCHMOIDART;PH36;1
KENTRA;PH36;1
GLENCRIPESDALE;PH36;1
GLENBORRODALE;PH36;1
DRUMNATORRAN;PH36;1
DALNABRECK;PH36;1
DALELIA;PH36;1
BRANAULT;PH36;1
ARDTOE;PH36;1
ARDSLIGNISH;PH36;1
ARDNASTANG;PH36;1
SCOTSTOWN;PH36;1
SWORDLE;PH36;1
SHIELFOOT;PH36;1
RESIPOLE;PH36;1
RANACHAN;PH36;1
ORMSAIGMORE;PH36;1
NEWTON OF ARDTOE;PH36;1
GORTENEORN;PH36;1
GLENBEG;PH36;1
FASCADALE;PH36;1
ARDMOLICH;PH36;1
LAGA;PH36;1
SANNA;PH36;1
PORTUAIRK;PH36;1
GRIGADALE;PH36;1
CAMPHOUSE;PH36;1
ARDERY;PH36;1
ANAHEILT;PH36;1
ACHATENY;PH36;1
ACHARACLE;PH36;1
ARIVEGAIG;PH36;1
ARDSHEALACH;PH36;1
POLLOCH;PH37;1
KINLOCHAN;PH37;1
GLENHURICH;PH37;1
GLENALADALE;PH37;1
GLENFINNAN;PH37;1
ARNIPOL;PH38;1
INVERAILORT;PH38;1
LOCHAILORT;PH38;1
SMIRISARY;PH38;1
ROSHVEN;PH38;1
RANOCHAN;PH38;1
ARIENSKILL;PH38;1
ARISAIG;PH39;1
BACK OF KEPPOCH;PH39;1
DRUIMINDARROCH;PH39;1
RHUMACH;PH39;1
PORTNALUCHAIG;PH39;1
MORROCH;PH39;1
LETTERMORAR;PH40;1
MORAR;PH40;1
BRACORA;PH40;1
MEOBLE;PH40;1
BRACORINA;PH40;1
KYLESMORAR;PH41;1
AIROR;PH41;1
SWORDLAND;PH41;1
KINLOCHMORAR;PH41;1
KYLESKNOYDART;PH41;1
MOL-CHLACH;PH41;1
CAMUSRORY;PH41;1
AULTVOULIN;PH41;1
STOUL;PH41;1
MALLAIG;PH41;1
GLASNACARDOCH;PH41;1
INVERGUSERAN;PH41;1
INVERIE;PH41;1
MALLAIGVAIG;PH41;1
GALMISDALE;PH42;1
CLEADALE;PH42;1
KILDONNAN;PH42;1
LAIG;PH42;1
PORT MOR;PH42;1
HARRIS;PH43;1
A'CHILL;PH44;1
CARRUTHMUIR;PA10;1
QUARRIER'S VILLAGE;PA11;1
KILMACOLM;PA13;1
DUCHAL;PA13;1
CAIRNCURRAN;PA13;1
AUCHENFOYLE;PA13;1
AUCHENBOTHIE;PA13;1
PORT GLASGOW;PA14;1
ARDGOWAN;PA16;1
CHRISSWELL;PA16;1
INVERKIP;PA16;1
WEMYSS BAY;PA18;1
GOUROCK;PA19;1
CASTLE LEVAN;PA19;1
POLTON;EH18;1
BONNYRIGG;EH19;1
DANDERHALL;EH22;1
EASTHOUSES;EH22;1
ESKBANK;EH22;1
LASSWADE;EH22;1
MILLERHILL;EH22;1
NEWTONGRANGE;EH22;1
DALKEITH;EH22;1
COUSLAND;EH22;1
GOREBRIDGE;EH23;1
NORTH MIDDLETON;EH23;1
BORTHWICK;EH23;1
NEWLANDRIG;EH23;1
ARNISTON ENGINE;EH23;1
ROSEWELL;EH24;1
ROSLIN;EH25;1
PENICUIK;EH26;1
AUCHENDINNY;EH26;1
SILVERBURN;EH26;1
MILTON BRIDGE;EH26;1
NINE MILE BURN;EH26;1
HOWGATE;EH26;1
TYNEHEAD;EH37;1
FALA DAM;EH37;1
FALA;EH37;1
CRICHTON;EH37;1
LEADBURN;EH46;1
AUCHBRECK;AB37;1
DELNABO;AB37;1
DRUMIN;AB37;1
BLAIRNAMARROW;AB37;1
FINDRON;AB37;1
FODDERLETTER;AB37;1
GLENCONGLASS;AB37;1
BADNAFRAVE;AB37;1
GLENLIVET;AB37;1
LAGGANVOULIN;AB37;1
KNOCKANDHU;AB37;1
INCHRORY;AB37;1
MARYPARK;AB37;1
DALESTIE;AB37;1
DELAVORAR;AB37;1
SHENVAL;AB37;1
TORBAIN;AB37;1
TOMNAVOULIN;AB37;1
BRIDGE OF AVON;AB37;1
TOMINTOUL;AB37;1
CLASHNOIR;AB37;1
CRAIGROY FARM;AB37;1
DALCHIRACH;AB37;1
ARCHIESTOWN;AB38;1
ROBERTSTOWN;AB38;1
UPPER KNOCKANDO;AB38;1
SPEYVIEW;AB38;1
SHEANDOW;AB38;1
ROTHES;AB38;1
RINGORM;AB38;1
MILLTOWN OF EDINVILLIE;AB38;1
MAGGIEKNOCKATER;AB38;1
KNOCKANDO;AB38;1
DAUGH OF KINERMONY;AB38;1
DANDALEITH;AB38;1
CRAIGELLACHIE;AB38;1
CHARLESTOWN OF ABERLOUR;AB38;1
CARDOW;AB38;1
WHITEACEN;AB38;1
ARDIECOW;AB45;1
AUCHMAIR;AB54;1
INVERHARROCH;AB54;1
ALDIVALLOCH;AB54;1
TOMNAVEN;AB54;1
HAUGH OF GLASS;AB54;1
MILLTOWN OF ROTHIEMAY;AB54;1
KNABBYGATES;AB54;1
ALDUNIE;AB54;1
BALLOCHFORD;AB54;1
MAYEN;AB54;1
EDINTORE;AB55;1
GARRALBURN;AB55;1
FORGIE;AB55;1
FARMTOWN;AB55;1
BROADRASHES;AB55;1
TOWIEMORE;AB55;1
LIMEHILLOCK;AB55;1
KEITHMORE;AB55;1
FLOORS;AB55;1
FAVILLAR;AB55;1
CRANNACH;AB55;1
BRACOBRAE;AB55;1
AUCHLUNKART;AB55;1
TAUCHERS;AB55;1
SILLYEARN;AB55;1
ROSARIE;AB55;1
PARKMORE;AB55;1
NORTH BOGBAIN;AB55;1
MULBEN;AB55;1
MILLTOWN OF AUCHINDOWN;AB55;1
KEITH;AB55;1
GRANGE CROSSROADS;AB55;1
FIFE KEITH;AB55;1
DRUMNAGORRACH;AB55;1
DRUMMUIR CASTLE;AB55;1
DEERHILL;AB55;1
DAVOCH OF GRANGE;AB55;1
BRIGEHAUGH;AB55;1
BLACKHILLOCK;AB55;1
BAKEBARE;AB55;1
ACHNASTANK;AB55;1
AULTMORE;AB55;1
DUFFTOWN;AB55;1
CULLEN;AB56;1
BUCKIE;AB56;1
BERRYHILLOCK;AB56;1
IANSTOWN;AB56;1
LINTMILL;AB56;1
RATHVEN;AB56;1
CLOCHAN;AB56;1
KIRKTOWN OF DESKFORD;AB56;1
PORTKNOCKIE;AB56;1
PORTGORDON;AB56;1
PORTESSIE;AB56;1
MAINS OF TANNACHY;AB56;1
SLACKHEAD;AB56;1
FINDOCHTY;AB56;1
CRAIBSTONE;AB56;1
BAUDS OF CULLEN;AB56;1
BRAES OF ENZIE;AB56;1
BRIDGE OF TYNET;AB56;1
HOGGIE;AB56;1
SLATE HAUGH;AB56;1
ARRADOUL;AB56;1
ELGIN;IV30;1
BUTHILL;IV30;1
DUFFUS;IV30;1
BURGHEAD;IV30;1
BISHOPMILL;IV30;1
QUARRYWOOD;IV30;1
FINDRASSIE;IV30;1
BARNHILL;IV30;1
GLENLATTERACH;IV30;1
ARDGYE;IV30;1
ROSEISLE;IV30;1
BLACKHILLS;IV30;1
MOSS OF BARMUCKITY;IV30;1
NEW ELGIN;IV30;1
PALMERSCROSS;IV30;1
GORDONSTOUN;IV30;1
LEANOCH;IV30;1
HOPEMAN;IV30;1
WHITEWREATH;IV30;1
THOMSHILL;IV30;1
LHANBRYDE;IV30;1
PADDOCKHAUGH;IV30;1
PITTENDREICH;IV30;1
COVESEA;IV30;1
CLOVES;IV30;1
CROFTS OF BUINACH;IV30;1
CLODDACH;IV30;1
LONGMORN;IV30;1
MILTONDUFF;IV30;1
CUMMINGSTOWN;IV30;1
ALVES;IV30;1
ALTONSIDE;IV30;1
OAKENHEAD;IV31;1
STOTFIELD;IV31;1
BRANDERBURGH;IV31;1
LOSSIEMOUTH;IV31;1
AUCHENHALRIG;IV32;1
MOSSTODLOCH;IV32;1
UPPER DALLACHY;IV32;1
ORDIEQUISH;IV32;1
NETHER DALLACHY;IV32;1
MUIR OF LOCHS;IV32;1
ORBLISTON;IV32;1
SPEY BAY;IV32;1
BOAT O' BRIG;IV32;1
FOCHABERS;IV32;1
GARMOUTH;IV32;1
INCHBERRY;IV32;1
BOGMOOR;IV32;1
BLERVIE CASTLE;IV36;1
FINDHORN;IV36;1
WHITEMIRE;IV36;1
TOREDUFF;IV36;1
TOMNAMOON;IV36;1
TOMDOW;IV36;1
RELUGAS;IV36;1
RAFFORD;IV36;1
PRESLEY;IV36;1
PHORP;IV36;1
NEWTON OF DALVEY;IV36;1
MOY HOUSE;IV36;1
MILTONHILL;IV36;1
MAINS OF SLUIE;IV36;1
MAINS OF BURGIE;IV36;1
KINTESSACK;IV36;1
KINLOSS;IV36;1
INVERERNE;IV36;1
HEMPRIGGS;IV36;1
GRANGE HALL;IV36;1
FORRES;IV36;1
EDINVALE;IV36;1
CRAIGROY;IV36;1
CONICAVEL;IV36;1
COLTFIELD;IV36;1
CALIFER;IV36;1
BRIACH;IV36;1
BRANCHILL;IV36;1
DALLAS;IV36;1
WELLHILL;IV36;1
DAVA;PH26;1
SPRINGSIDE;KA11;1
DREGHORN;KA11;1
PERCETON;KA11;1
IRVINE;KA12;1
AUCHENTIBER;KA13;1
DALGARVEN;KA13;1
KILWINNING;KA13;1
MONTGREENAN;KA13;1
GLENGARNOCK;KA14;1
BURNHOUSE;KA15;1
BARRMILL;KA15;1
BEITH;KA15;1
STEVENSTON;KA20;1
SALTCOATS;KA21;1
MUNNOCH;KA22;1
ARDROSSAN;KA22;1
SEAMILL;KA23;1
CROSBIE;KA23;1
HUNTERSTON;KA23;1
PORTENCROSS;KA23;1
WEST KILBRIDE;KA23;1
GIFFORDLAND;KA24;1
DALRY;KA24;1
THE DEN;KA24;1
SOUTH HOURAT;KA24;1
BLAIRPARK;KA24;1
KILBIRNIE;KA25;1
PIRNMILL;KA27;1
WHITING BAY;KA27;1
TORMORE;KA27;1
LARGYBEG;KA27;1
THUNDERGAY;KA27;1
TARRNACRAIG;KA27;1
STRATHWHILLAN;KA27;1
SHISKINE;KA27;1
MID SANNOX;KA27;1
MARGNAHEGLISH;KA27;1
LOCHRANZA;KA27;1
LEVENCORROCH;KA27;1
LENIMORE;KA27;1
LARGYMORE;KA27;1
LAMLASH;KA27;1
KNOCKENKELLY;KA27;1
KISCADALE;KA27;1
SHANNOCHIE;KA27;1
KINGSCROSS;KA27;1
SOUTH CORRYGILLS;KA27;1
GLENKILN;KA27;1
GLAISTER;KA27;1
DOUGARIE;KA27;1
CRAW;KA27;1
CORRIE;KA27;1
KILDONAN;KA27;1
DIPPIN;KA27;1
BALLIEKINE;KA27;1
IMACHAR;KA27;1
KILPATRICK;KA27;1
BRODICK;KA27;1
BLACKWATERFOOT;KA27;1
CORRIECRAVIE;KA27;1
SLIDDERY;KA27;1
BALLYMICHAEL;KA27;1
BALLOCHMARTIN;KA28;1
MILLPORT;KA28;1
FAIRLIE;KA29;1
CUNNINGHAMHEAD;KA3;1
LARGS;KA30;1
ROUTENBURN;KA30;1
NODDSDALE;KA30;1
NETHERHALL;KA30;1
SKELMORLIE;PA17;1
UPPER SKELMORLIE;PA17;1
HORNCLIFFE;TD15;1
STEPPS;G33;1
BANTON;G65;1
QUEENZIEBURN;G65;1
KILSYTH;G65;1
AUCHINLOCH;G66;1
ABRONHILL;G67;1
CUMBERNAULD;G67;1
MOLLINSBURN;G67;1
CARBRAIN;G67;1
OLD SHIELDS;G67;1
LUGGIEBANK;G67;1
CONDORRAT;G67;1
DULLATUR;G68;1
CASTLECARY;G68;1
CHRYSTON;G69;1
MOODIESBURN;G69;1
GARTCOSH;G69;1
TANNOCHSIDE;G71;1
VIEWPARK;G71;1
BELLSIDE;ML1;1
NEWHOUSE;ML1;1
NEWARTHILL;ML1;1
HOLYTOWN;ML1;1
CLELAND;ML1;1
MOTHERWELL;ML1;1
BONKLE;ML2;1
CAMBUSNETHAN;ML2;1
NEWMAINS;ML2;1
OVERTOWN;ML2;1
MOSSEND;ML4;1
GLENBOIG;ML5;1
WHIFFLET;ML5;1
COATBRIDGE;ML5;1
WATTSTON;ML6;1
CALDERBANK;ML6;1
RAWYARDS;ML6;1
RIGGEND;ML6;1
STAND;ML6;1
FORREST;ML6;1
CHAPELHALL;ML6;1
PLAINS;ML6;1
GLENMAVIS;ML6;1
GREENGAIRS;ML6;1
LONGRIGGEND;ML6;1
CALDERCRUIX;ML6;1
SHOTTS;ML7;1
WEST BENHAR;ML7;1
JERSAY;ML7;1
KIRK OF SHOTTS;ML7;1
SALSBURGH;ML7;1
STANE;ML7;1
HARTWOOD;ML7;1
UPPERTOWN;KW1;1
BERSTANE;KW15;1
WORK;KW15;1
SCAPA;KW15;1
GREENIGO;KW15;1
KIRKWALL;KW15;1
RINNIGILL;KW16;1
VOY;KW16;1
NORTHDYKE;KW16;1
NESS OF TENSTON;KW16;1
MURRA;KW16;1
MELSETTER;KW16;1
LYNESS;KW16;1
LINKSNESS;KW16;1
CLOUSTON;KW16;1
HURLINESS;KW16;1
YESNABY;KW16;1
QUOYLOO;KW16;1
PAN;KW16;1
OUTERTOWN;KW16;1
OIL TERMINAL;KW16;1
STROMNESS;KW16;1
AIKERNESS;KW17;1
LYTHES;KW17;1
MARWICK;KW17;1
DOUNBY;KW17;1
PIEROWALL;KW17;1
COSTA;KW17;1
BACKASKAILL;KW17;1
BACKALAND;KW17;1
SANDGARTH;KW17;1
EVERBAY;KW17;1
GROBISTER;KW17;1
GUITH;KW17;1
HEDDLE;KW17;1
KIRBUSTER;KW17;1
GYRE;KW17;1
HOUTON;KW17;1
HOXA;KW17;1
KETTLETOFT;KW17;1
LOTH;KW17;1
MIRBISTER;KW17;1
TINGWALL;KW17;1
NORTHTOWN;KW17;1
ORPHIR;KW17;1
SCAR;KW17;1
ST MARY'S;KW17;1
WHITEHALL;KW17;1
AIKERS;KW17;1
BEAQUOY;KW17;1
BIMBISTER;KW17;1
DISHES;KW17;1
GRIMNESS;KW17;1
HOBBISTER;KW17;1
HOLLANDSTOUN;KW17;1
LANGSKAILL;KW17;1
LIDDEL;KW17;1
NETHERBROUGH;KW17;1
NORTH DAWN;KW17;1
EVIE;KW17;1
FOUBISTER;KW17;1
HACKLAND;KW17;1
LINKLATER;KW17;1
MIDBEA;KW17;1
MILLBOUNDS;KW17;1
OVERBISTER;KW17;1
QUINDRY;KW17;1
RAPNESS;KW17;1
ROTHIESHOLM;KW17;1
SETTISCARTH;KW17;1
SKEABRAE;KW17;1
ST MARGARET'S HOPE;KW17;1
TANKERNESS;KW17;1
WASBISTER;KW17;1
WIDEWALL;KW17;1
WESTNESS;KW17;1
UPPER SANDAY;KW17;1
STOVE;KW17;1
SOURIN;KW17;1
SKELWICK;KW17;1
SANDQUOY;KW17;1
EDMONSTONE;KW17;1
ABUNE-THE-HILL;KW17;1
BIRSAY;KW17;1
BRAESWICK;KW17;1
BRINIAN;KW17;1
BROUGHTOWN;KW17;1
BURNESS;KW17;1
CALFSOUND;KW17;1
CLEAT;KW17;1
CLESTRAIN;KW17;1
CORNQUOY;KW17;1
EASTSIDE;KW17;1
FINSTOWN;KW17;1
GORSENESS;KW17;1
GRITLEY;KW17;1
KILBARCHAN;PA10;1
MILLIKENPARK;PA10;1
BRIDGE OF WEIR;PA11;1
LOCHWINNOCH;PA12;1
LANGBANK;PA14;1
INCHINNAN;PA4;1
SOUTHBAR;PA4;1
RENFREW;PA4;1
ELDERSLIE;PA5;1
JOHNSTONE CASTLE;PA5;1
JOHNSTONE;PA5;1
HOUSTON;PA6;1
GEORGETOWN;PA6;1
ERSKINE;PA8;1
HOWWOOD;PA9;1
COODHAM;KA1;1
LOCHLEA;KA1;1
BOGEND;KA1;1
WHITELEES;KA1;1
ADAMHILL;KA1;1
LOANS;KA10;1
BARASSIE;KA10;1
GASS;KA19;1
MAYBOLE;KA19;1
WALLACETOWN;KA19;1
SAUCHRIE;KA19;1
PENNYGLEN;KA19;1
KNOWESIDE;KA19;1
GRIMMET;KA19;1
CULROY;KA19;1
CRAIGOCH;KA19;1
CLOYNTIE;KA19;1
BLAIRQUHAN;KA19;1
TAIRLAW;KA19;1
BALKISSOCK;KA26;1
DAILLY;KA26;1
SMYRTON;KA26;1
GLENDRISSAIG;KA26;1
GLENDOUNE;KA26;1
GLENDUISK;KA26;1
AUCHAIRNE;KA26;1
ALDONS;KA26;1
BALLANTRAE;KA26;1
POUNDLAND;KA26;1
SOUTH BALLOCH;KA26;1
MAIDENS;KA26;1
LENDALFOOT;KA26;1
GRANGESTON;KA26;1
GLENGENNET;KA26;1
ELDRICK;KA26;1
DOWHILL;KA26;1
GIRVAN;KA26;1
DALREOCH;KA26;1
MAINS OF TIG;KA26;1
CHAPELDONAN;KA26;1
DALJARROCK;KA26;1
CRAIGNEIL;KA26;1
COLMONELL;KA26;1
BARGANY;KA26;1
LOW CRAIGHEAD;KA26;1
CHIRMORRIE;KA26;1
NORTH BALLOCH;KA26;1
CARLETON FISHERY;KA26;1
OLD DAILLY;KA26;1
PINMINNOCH;KA26;1
BLACK CLAUCHRIE;KA26;1
BARRHILL;KA26;1
TURNBERRY;KA26;1
PINMORE;KA26;1
PINWHERRY;KA26;1
BALLOCHMORRIE;KA26;1
FAIL;KA5;1
FAILFORD;KA5;1
TARBOLTON;KA5;1
MOSSBLOWN;KA6;1
BELSTON;KA6;1
SUNDRUM;KA6;1
AUCHINCRUIVE;KA6;1
MOUNT OLIPHANT;KA6;1
COYLTON;KA6;1
ANNBANK;KA6;1
DUNURE MAINS;KA7;1
ALLOWAY;KA7;1
MINISHANT;KA7;1
NETHER AUCHENDRANE;KA7;1
HOLMSTON;KA7;1
DUNURE;KA7;1
AYR;KA7;1
WHITLETTS;KA8;1
NEW PRESTWICK;KA8;1
ST QUIVOX;KA9;1
CARLOPS;EH26;1
GILSTON;EH38;1
DEWAR;EH38;1
FALAHILL;EH38;1
HERIOT;EH38;1
WALKERBURN;EH43;1
INNERLEITHEN;EH44;1
COLQUHAR;EH44;1
TRAQUAIR;EH44;1
EDDLESTON;EH45;1
CARDRONA;EH45;1
LYNE STATION;EH45;1
KIRKTON MANOR;EH45;1
CRINGLETIE;EH45;1
GLENTRESS;EH45;1
KINGS MUIR;EH45;1
WESTLOCH;EH45;1
REDSCARHEAD;EH45;1
STOBO;EH45;1
PEEBLES;EH45;1
WEST LINTON;EH46;1
BLYTH BRIDGE;EH46;1
ROMANNOBRIDGE;EH46;1
HALMYRE MAINS;EH46;1
KIRKDEAN;EH46;1
MOUNTAIN CROSS;EH46;1
LAMANCHA;EH46;1
OLIVER;ML12;1
DRUMELZIER;ML12;1
TWEEDSMUIR;ML12;1
HEARTHSTANE;ML12;1
TALLA LINNFOOTS;ML12;1
SKIRLING;ML12;1
GLENBRECK;ML12;1
TORQUHAN;TD1;1
CLOVENFORDS;TD1;1
GALASHIELS;TD1;1
BUCKHOLM;TD1;1
CADDONFOOT;TD1;1
FOUNTAINHALL;TD1;1
GALABANK;TD1;1
KILLOCHYETT;TD1;1
LANGSHAW;TD1;1
NETHER BLAINSLIE;TD1;1
THORNYLEE;TD1;1
TORSONCE;TD1;1
ASHIESTIEL;TD1;1
POLWARTH;TD10;1
PURVES HALL;TD10;1
ABBEY ST BATHANS;TD11;1
DUNS;TD11;1
CRANSHAWS;TD11;1
FOGO;TD11;1
FOGORIG;TD11;1
EDROM;TD11;1
ELLEMFORD;TD11;1
GAVINTON;TD11;1
WHITELAW;TD11;1
LONGFORMACUS;TD11;1
GRANTSHOUSE;TD11;1
BLACKADDER;TD11;1
SINCLAIR'S HILL;TD11;1
MARYGOLD;TD11;1
WHITSOME;TD11;1
LINTLAW;TD11;1
CHEEKLAW;TD11;1
CHIRNSIDE;TD11;1
CHOICELEE;TD11;1
CHIRNSIDEBRIDGE;TD11;1
LEITHOLM;TD12;1
BIRGHAM;TD12;1
COLDSTREAM;TD12;1
ECCLAW;TD13;1
COCKBURNSPATH;TD13;1
CAIRNCROSS;TD14;1
RESTON;TD14;1
HOUNDWOOD;TD14;1
BURNMOUTH;TD14;1
LUMSDAINE;TD14;1
ST ABBS;TD14;1
COLDINGHAM;TD14;1
EYEMOUTH;TD14;1
AUCHENCROW;TD14;1
MORDINGTON;TD15;1
LADYKIRK;TD15;1
PAXTON;TD15;1
LAUDER;TD2;1
WHITEBURN;TD2;1
THIRLESTANE;TD2;1
GORDON;TD3;1
WESTRUTHER;TD3;1
HOUNDSLOW;TD3;1
HUNTLYWOOD;TD4;1
FANS;TD4;1
EARLSTON;TD4;1
LEGERWOOD;TD4;1
ROXBURGH;TD5;1
TROWS;TD5;1
TOWN YETHOLM;TD5;1
STICHILL;TD5;1
SPROUSTON;TD5;1
SOURHOPE;TD5;1
SMAILHOLM;TD5;1
RUTHERFORD;TD5;1
NENTHORN;TD5;1
MOWHAUGH;TD5;1
MOREBATTLE;TD5;1
MAXWELLHEUGH;TD5;1
LEGARS;TD5;1
KIRK YETHOLM;TD5;1
KELSO;TD5;1
HOWNAM;TD5;1
HEITON;TD5;1
FAIRNINGTON;TD5;1
EDNAM;TD5;1
ECKFORD;TD5;1
CHATTO;TD5;1
HUME;TD5;1
MAKERSTOUN;TD5;1
LEMPITLAW;TD5;1
FROGDEN;TD5;1
HADDEN;TD5;1
HENDERSYDE PARK;TD5;1
CESSFORD;TD5;1
HUMEHALL;TD5;1
GATESHAW;TD5;1
RIDDELL;TD6;1
LONGNEWTON;TD6;1
DRYGRANGE;TD6;1
REDPATH;TD6;1
BOLESIDE;TD6;1
GATTONSIDE;TD6;1
NEWTOWN ST BOSWELLS;TD6;1
CLERKLANDS;TD6;1
LILLIESLEAF;TD6;1
BEMERSYDE;TD6;1
DARNICK;TD6;1
CLINTMAINS;TD6;1
CHARLESFIELD;TD6;1
ST BOSWELLS;TD6;1
SELKIRK;TD7;1
MOUNTBENGER;TD7;1
ETTRICKHILL;TD7;1
NETHER DALGLIESH;TD7;1
ETTRICK;TD7;1
DRYHOPE;TD7;1
MIDLEM;TD7;1
KIRKHOPE;TD7;1
CAPPERCLEUCH;TD7;1
HOPEHOUSE;TD7;1
YARROW FEUS;TD7;1
GLENKERRY;TD7;1
CACRABANK;TD7;1
ASHKIRK;TD7;1
AIKWOOD TOWER;TD7;1
BROADMEADOWS;TD7;1
ETTRICKBRIDGE;TD7;1
YARROW;TD7;1
GILMANSCLEUCH;TD7;1
WOLL;TD7;1
SUNDHOPE;TD7;1
MEGGETHEAD;TD7;1
MUCHRA;TD7;1
PHILIPHAUGH;TD7;1
LINDEAN;TD7;1
YARROWFORD;TD7;1
MERVINSLAW;TD8;1
SWINSIDE HALL;TD8;1
SWANLAWS;TD8;1
OXNAM;TD8;1
NISBET;TD8;1
MOSSBURNFORD;TD8;1
LANGLEE;TD8;1
HUNTFORD;TD8;1
HUNDALEE;TD8;1
HARTRIGGE;TD8;1
FALLA;TD8;1
CRAILINGHALL;TD8;1
CRAILING;TD8;1
CAMPTOWN;TD8;1
BONJEDWARD;TD8;1
BAIRNKINE;TD8;1
JEDBURGH;TD8;1
ANCRUM;TD8;1
MINTO;TD9;1
HAWICK;TD9;1
DENHOLM;TD9;1
WOLFELEE;TD9;1
TEVIOTHEAD;TD9;1
SOUTHDEAN;TD9;1
SAUGHTREE;TD9;1
NEWCASTLETON;TD9;1
HOBKIRK;TD9;1
BUCCLEUCH;TD9;1
BONCHESTER BRIDGE;TD9;1
BEDRULE;TD9;1
DOLPHINTON;EH46;1
TARBRAX;EH55;1
WOOLFORDS COTTAGES;EH55;1
UDDINGSTON;G71;1
BOTHWELL;G71;1
HIGH BLANTYRE;G72;1
CALDERGLEN;G72;1
FLEMINGTON;G72;1
CAMBUSLANG;G72;1
RUTHERGLEN;G73;1
THORNTONHALL;G74;1
NERSTON;G74;1
EAST KILBRIDE;G74;1
CRUTHERLAND;G75;1
AULDHOUSE;G75;1
JACKTON;G75;1
RUTHEREND;ML10;1
DUNGAVEL;ML10;1
DRUMCLOG;ML10;1
CALDERMILL;ML10;1
UDSTONHEAD;ML10;1
SHAWTONHILL;ML10;1
STRATHAVEN;ML10;1
GLASSFORD;ML10;1
LANARK;ML11;1
AUCHLOCHAN;ML11;1
KIRKFIELDBANK;ML11;1
CLIMPY;ML11;1
DRAFFAN;ML11;1
GLENTAGGART;ML11;1
GLESPIN;ML11;1
HAWKSLAND;ML11;1
HAZELSIDE;ML11;1
HYNDFORD BRIDGE;ML11;1
JERVISWOOD;ML11;1
AUCHENHEATH;ML11;1
CARMACOUP;ML11;1
CARSTAIRS JUNCTION;ML11;1
CLEGHORN;ML11;1
COALBURN;ML11;1
CUMBERHEAD;ML11;1
DOUGLAS WATER;ML11;1
DUNSYRE;ML11;1
HARELAW;ML11;1
BIRKWOOD;ML11;1
KIRKMUIRHILL;ML11;1
LESMAHAGOW;ML11;1
NEMPHLAR;ML11;1
NEW MAINS;ML11;1
PARISH HOLM;ML11;1
PETTINAIN;ML11;1
RAVENSTRUTHER;ML11;1
RIGSIDE;ML11;1
ROOTPARK;ML11;1
STOBWOOD;ML11;1
WALSTON;ML11;1
CARSTAIRS;ML11;1
AUCHENGRAY;ML11;1
CARNWATH;ML11;1
FORTH;ML11;1
LIBBERTON;ML11;1
UDDINGTON;ML11;1
NEW LANARK;ML11;1
DEADWATERS;ML11;1
ABINGTON;ML12;1
CRAWFORDJOHN;ML12;1
COVINGTON;ML12;1
ELSRICKLE;ML12;1
ELVANFOOT;ML12;1
QUOTHQUAN;ML12;1
COLD CHAPEL;ML12;1
CANDY MILL;ML12;1
WHITECASTLE;ML12;1
THANKERTON;ML12;1
LETTERSHAWS;ML12;1
WATERMEETINGS;ML12;1
GLENOCHAR;ML12;1
ST JOHN'S KIRK;ML12;1
HARLEYHOLM;ML12;1
LEADHILLS;ML12;1
WANDEL;ML12;1
COULTER;ML12;1
WINTERCLEUGH;ML12;1
LOW WATERS;ML3;1
MEIKLE EARNOCK;ML3;1
HAMILTON;ML3;1
EDDLEWOOD;ML3;1
QUARTER;ML3;1
LIMEKILNBURN;ML3;1
BRAIDWOOD;ML8;1
LAW;ML8;1
ROSEBANK;ML8;1
MILTON LOCKHART;ML8;1
DALSERF;ML8;1
CARLUKE;ML8;1
KILCADZOW;ML8;1
LARKHALL;ML9;1
FAIRHOLM;ML9;1
NETHERBURN;ML9;1
MACHAN;ML9;1
ASHGILL;ML9;1
DUNBLANE;FK15;1
KEIR;FK15;1
INVERARDOCH MAINS;FK15;1
KINBUCK;FK15;1
KIPPENROSS HO;FK15;1
PISGAH;FK15;1
GLASSINGALL;FK15;1
BALHALDIE;FK15;1
GARTINCAPER;FK16;1
DEANSTON;FK16;1
BURN OF CAMBUS;FK16;1
ARGATY;FK16;1
KILMAHOG;FK17;1
BRIG O'TURK;FK17;1
EASTER DULLATER;FK17;1
COILANTOGLE;FK17;1
EDRA;FK17;1
GLENGYLE;FK17;1
BOCHASTLE;FK17;1
DRUMVAICH;FK17;1
BRAELENY;FK17;1
ANIE;FK17;1
INVERTROSSACHS;FK17;1
LENDRICK;FK17;1
CNOC NAN SLTHEAG;FK17;1
DUNCRAGGAN;FK17;1
CALLANDER;FK17;1
ARDCHULLARIE MORE;FK18;1
STRATHYRE;FK18;1
KIPP;FK18;1
RUNACRAIG;FK18;1
ARDVEICH;FK19;1
STRONVAR;FK19;1
LOCHEARNHEAD;FK19;1
KINGSHOUSE;FK19;1
IMMEROIN;FK19;1
GLENBEICH;FK19;1
EDINCHIP;FK19;1
EDINAMPLE;FK19;1
DALVEICH;FK19;1
CRAIGRUIE;FK19;1
AUCHTOO;FK19;1
MONACHYLEMORE;FK19;1
INVERLOCHLARIG;FK19;1
AUCHRAW;FK19;1
BALQUHIDDER;FK19;1
CONONISH;FK20;1
ARDCHYLE;FK20;1
BOVAIN;FK20;1
TYNDRUM;FK20;1
SUIE LODGE HOTEL;FK20;1
MID LIX;FK20;1
LEDCHARRIE;FK20;1
INVERHERIVE;FK20;1
INVERARDRAN;FK20;1
CRIANLARICH;FK20;1
AUCHREOCH;FK20;1
AUCHLYNE;FK20;1
AUCHESSAN;FK20;1
CLOICHRAN;FK21;1
MURLAGANMORE;FK21;1
DUNCROIST;FK21;1
CRAIGNAVIE;FK21;1
ARDEONAIG;FK21;1
FINLARIG;FK21;1
MUIRMILL;FK6;1
EASTER BUCKIEBURN;FK6;1
ST NINIANS;FK7;1
BANNOCKBURN;FK7;1
NORTH THIRD;FK7;1
PLEAN;FK7;1
CAMBUSBARRON;FK7;1
COWIE;FK7;1
FALLIN;FK7;1
ARNPRIOR;FK8;1
GARGUNNOCK;FK8;1
COMER;FK8;1
LEDARD;FK8;1
BLAIRUSKINMORE;FK8;1
ABERFOYLE;FK8;1
WRIGHTPARK;FK8;1
TAMAVOID;FK8;1
RUSKIE;FK8;1
LECKIE;FK8;1
BLAIRHULLICHAN;FK8;1
GARDEN;FK8;1
FRENICH;FK8;1
EASTER POLDAR;FK8;1
EASTER BORLAND;FK8;1
COBLELAND;FK8;1
ARNGOMERY;FK8;1
ARNGIBBON;FK8;1
BALLEICH;FK8;1
MALLING;FK8;1
BLAIRHOYLE;FK8;1
INVERSNAID HOTEL;FK8;1
DALMARY;FK8;1
GLASAHOILE;FK8;1
DUCHRAY;FK8;1
STRONACHLACHAR;FK8;1
PORT OF MENTEITH;FK8;1
KINLOCHARD;FK8;1
GARTMORE;FK8;1
BUCHLYVIE;FK8;1
BRAEVAL;FK8;1
SUNNYLAW;FK9;1
NYADD;FK9;1
CAMBUSKENNETH;FK9;1
BRIDGE OF ALLAN;FK9;1
BLAIR DRUMMOND;FK9;1
BLAIRLOGIE;FK9;1
ROWARDENNAN LODGE;G63;1
ROWCHOISH;G63;1
BALFRON;G63;1
CASHEL;G63;1
BUCHANAN CASTLE;G63;1
CRAIGHAT;G63;1
BOQUHAN;G63;1
BALAFARK;G63;1
GARTACHOIL;G63;1
DUMGOYNE;G63;1
BLAIRQUHOSH;G63;1
GONACHAN;G63;1
BALMAHA;G63;1
BLANEFIELD;G63;1
GARTNESS;G63;1
KILLEARN;G63;1
MILARROCHY;G63;1
STRATHBLANE;G63;1
DRYMEN;G63;1
CARBETH;G63;1
BALFRON STATION;G63;1
BAPTISTON;G63;1
WILKIESTON;EH27;1
ABERCORN;EH30;1
EAST WHITBURN;EH47;1
STONEYBURN;EH47;1
FAULDHOUSE;EH47;1
TORPHICHEN;EH48;1
WHITESIDE;EH48;1
BLACKRIDGE;EH48;1
WESTRIGG;EH48;1
BATHGATE;EH48;1
BELSYDE;EH49;1
LINLITHGOW;EH49;1
PHILPSTOUN;EH49;1
KINGSCAVIL;EH49;1
LINLITHGOW BRIDGE;EH49;1
OLD PHILPSTOUN;EH49;1
WINCHBURGH;EH52;1
DECHMONT;EH52;1
WESTER DECHMONT;EH52;1
ECCLESMACHAN;EH52;1
EAST CALDER;EH53;1
MID CALDER;EH53;1
PUMPHERSTON;EH53;1
OAKBANK;EH53;1
UPHALL STATION;EH54;1
LIVINGSTON VILLAGE;EH54;1
BELLSQUARRY;EH54;1
LIVINGSTON;EH54;1
BREICH;EH55;1
LOGANLEA;EH55;1
POLBETH;EH55;1
ADDIEWELL;EH55;1
WEST CALDER;EH55;1
HARBURN;EH55;1
CUTTS;ZE1;1
URADALE;ZE1;1
HOLMSGARTH;ZE1;1
SCALLOWAY;ZE1;1
LERWICK;ZE1;1
SAND;ZE2;1
MAIL;ZE2;1
GARDERHOUSE;ZE2;1
WETHERSTA;ZE2;1
WEST YELL;ZE2;1
WEST SANDWICK;ZE2;1
WESTER SKELD;ZE2;1
WESTER QUARFF;ZE2;1
VOE;ZE2;1
VEENSGARTH;ZE2;1
TRESTA;ZE2;1
SETTER;ZE2;1
SCOUSBURGH;ZE2;1
SANDNESS;ZE2;1
OTTERSWICK;ZE2;1
NORTH SANDWICK;ZE2;1
NORTHPUNDS;ZE2;1
HILLWELL;ZE2;1
HEGLIBISTER;ZE2;1
GULBERWICK;ZE2;1
SOUTH VIEW;ZE2;1
SKELLISTER;ZE2;1
SELLAFIRTH;ZE2;1
SCARFF;ZE2;1
QUOYS;ZE2;1
LUNNING;ZE2;1
HUXTER;ZE2;1
ROESOUND;ZE2;1
COPISTER;ZE2;1
COLLAFIRTH;ZE2;1
CLOUSTA;ZE2;1
BREAKON;ZE2;1
OLLABERRY;ZE2;1
ODDSTA;ZE2;1
BRAEHOULLAND;ZE2;1
NORWICK;ZE2;1
NORTH ROE;ZE2;1
LAXO;ZE2;1
LAXFIRTH;ZE2;1
HILLSWICK;ZE2;1
GUTCHER;ZE2;1
GRIMISTER;ZE2;1
GOTT;ZE2;1
GLUSS;ZE2;1
EASTER QUARFF;ZE2;1
CULLIVOE;ZE2;1
BRETABISTER;ZE2;1
BIGGINGS;ZE2;1
BALTASOUND;ZE2;1
BALIASTA;ZE2;1
MOSSBANK;ZE2;1
SKARPIGARTH;ZE2;1
VALSGARTH;ZE2;1
ULSTA;ZE2;1
SYMBISTER;ZE2;1
SILWICK;ZE2;1
MID YELL;ZE2;1
MANGASTER;ZE2;1
LUNNA;ZE2;1
HOUSETTER;ZE2;1
FUNZIE;ZE2;1
DURY;ZE2;1
CUNNISTER;ZE2;1
CATFIRTH;ZE2;1
BURRAVOE;ZE2;1
SEMBLISTER;ZE2;1
AYWICK;ZE2;1
OKRAQUOY;ZE2;1
NOONSBROUGH;ZE2;1
UYEASOUND;ZE2;1
NEWGORD;ZE2;1
MAYWICK;ZE2;1
LEVENWICK;ZE2;1
MELBY;ZE2;1
URE;ZE2;1
GLOUP;ZE2;1
FREESTER;ZE2;1
UNIFIRTH;ZE2;1
TRONDAVOE;ZE2;1
TANGWICK;ZE2;1
STONGANESS;ZE2;1
STANYDALE;ZE2;1
SKAW;ZE2;1
QUENDALE;ZE2;1
NEAP;ZE2;1
MARRISTER;ZE2;1
ISLESBURGH;ZE2;1
HOSWICK;ZE2;1
HEOGAN;ZE2;1
HELLISTER;ZE2;1
HAROLDSWICK;ZE2;1
HAMNAVOE;ZE2;1
GRUTING;ZE2;1
GRINDISCOL;ZE2;1
GOSSABROUGH;ZE2;1
GONFIRTH;ZE2;1
FLADDABISTER;ZE2;1
FIRTH;ZE2;1
EASTER SKELD;ZE2;1
BUNESS;ZE2;1
MARYFIELD;ZE2;1
WESTING;ZE2;1
URAFIRTH;ZE2;1
UNDERHOULL;ZE2;1
SWINING;ZE2;1
SULLOM;ZE2;1
STONYBRECK;ZE2;1
SOUTH GARTH;ZE2;1
HOUBIE;ZE2;1
HEYLOR;ZE2;1
BRIDGE OF WALLS;ZE2;1
BROWLAND;ZE2;1
BIXTER;ZE2;1
BURRAFIRTH;ZE2;1
BARDISTER;ZE2;1
CAMB;ZE2;1
CLOTHAN;ZE2;1
GIRLSTA;ZE2;1
EAST BURRAFIRTH;ZE2;1
DALE OF WALLS;ZE2;1
CUNNINGSBURGH;ZE2;1
CULSWICK;ZE2;1
COLVISTER;ZE2;1
CLIVOCAST;ZE2;1
CHANNERWICK;ZE2;1
BRINDISTER;ZE2;1
GRAVEN;ZE2;1
WEST BURRAFIRTH;ZE2;1
KIRKABISTER;ZE2;1
LEEBOTTEN;ZE2;1
SANDSOUND;ZE2;1
EFFIRTH;ZE2;1
REAWICK;ZE2;1
SKELBERRY;ZE2;1
STENNESS;ZE2;1
VIDLIN;ZE2;1
GUNNISTA;ZE2;1
GLETNESS;ZE2;1
BROUGH LODGE;ZE2;1
BUSTA;ZE2;1
WESTERWICK;ZE2;1
SULLOM VOE OIL TERMINAL;ZE2;1
BASTA;ZE2;1
BIGTON;ZE2;1
WALLS;ZE2;1
SUMBURGH;ZE3;1
EXNABOE;ZE3;1
GRUTNESS;ZE3;1
PETERCULTER;AB14;1
MIDDLETON PARK;AB22;1
DANESTONE;AB22;1
MUNDURNO;AB23;1
NORTH TARBOTHILL;AB23;1
CLOVERHILL;AB23;1
BRIDGE OF DON;AB23;1
LOCHEE;DD2;1
LONGFORGAN;DD2;1
BENVIE;DD2;1
INVERGOWRIE;DD2;1
KINGOODIE;DD2;1
DOWNFIELD;DD3;1
DOUGLAS AND ANGUS;DD5;1
BROUGHTY FERRY;DD5;1
FAIRMILEHEAD;EH10;1
COLINTON;EH13;1
CURRIE;EH14;1
CRAIGLOCKHART;EH14;1
BALERNO;EH14;1
MALLENY MILLS;EH14;1
JUNIPER GREEN;EH14;1
HERMISTON;EH14;1
DUDDINGSTON;EH15;1
PORTOBELLO;EH15;1
LIBERTON;EH16;1
CRAIGMILLAR;EH16;1
NIDDRIE;EH16;1
KAIMES;EH17;1
NEWCRAIGHALL;EH21;1
RATHO;EH28;1
RATHO STATION;EH28;1
KIRKLISTON;EH29;1
DALMENY;EH30;1
SOUTH QUEENSFERRY;EH30;1
BLACKHALL;EH4;1
CRAMOND;EH4;1
LEITH;EH6;1
GLENDEVON;FK14;1
SOLSGIRTH;FK14;1
BLAIRINGONE;FK14;1
POWMILL;FK14;1
GARRICK;FK15;1
QUOIGS;FK15;1
BRACO;FK15;1
GREENLOANING;FK15;1
GREENSCARES;FK15;1
GLENLICHORN;FK15;1
MILTON MORENISH;FK21;1
KILTYRE;FK21;1
MORENISH;FK21;1
CAMUSURICH;FK21;1
PARTICK;G11;1
YOKER;G14;1
DRUMCHAPEL;G15;1
SPRINGBURN;G21;1
TOLLCROSS;G32;1
CARMYLE;G32;1
SHETTLESTON;G32;1
POLLOKSHAWS;G43;1
GOVAN;G51;1
NITSHILL;G53;1
OLD KILPATRICK;G60;1
BOWLING;G60;1
CARMUNNOCK;G76;1
COCHNO;G81;1
FAIFLEY;G81;1
EDINBARNET;G81;1
CLYDEBANK;G81;1
DUNTOCHER;G81;1
CROSSLET;G82;1
RENTON;G82;1
TOWNEND;G82;1
DUMBARTON;G82;1
ROSS PRIORY;G83;1
BONHILL;G83;1
CALDARVAN;G83;1
LORN;G83;1
GARTOCHARN;G83;1
DUNCRYNE;G83;1
CAMERON;G83;1
ALEXANDRIA;G83;1
SANNDABHAIG;HS1;1
LACASDAL;HS1;1
STORNOWAY;HS1;1
GRIMSIADAR;HS2;1
AIRD UIGE;HS2;1
GARRABOST;HS2;1
GARRYNAHINE;HS2;1
SGIOGARSTAIGH;HS2;1
SIADAR IARACH;HS2;1
SUAINEBOST;HS2;1
SUARDAIL;HS2;1
TACLEIT;HS2;1
TIMSGEARRAIDH;HS2;1
TOBSON;HS2;1
TUNGA;HS2;1
EISGEAN;HS2;1
MIABHIG;HS2;1
SEISIADAR;HS2;1
PORT NIS;HS2;1
LINSIADAR;HS2;1
GRABHAIR;HS2;1
GLEANN GHRABHAIR;HS2;1
GEISIADAR;HS2;1
BAC;HS2;1
GEARRANNAN;HS2;1
GEARRAIDH BHAIRD;HS2;1
EINACLEIT;HS2;1
EADAR DHA FHADHAIL;HS2;1
CROS;HS2;1
CRADHLASTADH;HS2;1
CIRBHIG;HS2;1
CEANN LOCH SHIPHOIRT;HS2;1
CAIRISIADAR;HS2;1
CABHARSTADH;HS2;1
BARRAGLOM;HS2;1
FIBHIG;HS2;1
TOM AN FHUADAIN;HS2;1
TOLASTADH UR;HS2;1
BAILE AN TRUISEIL;HS2;1
TOLASTADH A'CHAOLAIS;HS2;1
BREASCLEIT;HS2;1
BRU;HS2;1
TABOST;HS2;1
SIADAR UARACH;HS2;1
BARVAS;HS2;1
SIABOST;HS2;1
EOROPAIDH;HS2;1
PABAIL UARACH;HS2;1
MULLACH CHARLABHAIGH;HS2;1
MELBOST;HS2;1
MARTHIG;HS2;1
LIONAL;HS2;1
GABHSUNN BHO DHEAS;HS2;1
DAIL BHO DHEAS;HS2;1
BHALTOS;HS2;1
MEALABOST;HS2;1
BRAGAR;HS2;1
BREANAIS;HS2;1
CALANAIS;HS2;1
CARLOWAY;HS2;1
MULHAGERY;HS2;1
UIGEN;HS2;1
CEOS;HS2;1
BHALAMUS;HS2;1
CALBOST;HS2;1
GIOSLA;HS2;1
GABHSUNN BHO THUATH;HS2;1
DAIL BEAG;HS2;1
CNOC;HS2;1
CUIDHASEADAIR;HS2;1
BREIBHIG;HS2;1
BREACLEIT;HS2;1
GRIOMARSTAIDH;HS2;1
BORGHASTAN;HS2;1
CRULABHIG;HS2;1
KINTARVIE;HS2;1
COIG PEIGHINNEAN;HS2;1
COL;HS2;1
CROSBOST;HS2;1
DAIL MOR;HS2;1
DAIL BHO THUATH;HS2;1
AIRD DHAIL;HS2;1
LIURBOST;HS2;1
MEALASTA;HS2;1
EORODAL;HS2;1
MANGURSTADH;HS2;1
ARNOL;HS2;1
AIRD THUNGA;HS2;1
ACHADH MOR;HS2;1
AIRIDH A'BHRUAICH;HS2;1
ATHLINNE;HS2;1
ISLIBHIG;HS2;1
LACASAIGH;HS2;1
LABOST;HS2;1
BAILE AILEIN;HS2;1
GRIAIS;HS2;1
PABAIL IARACH;HS2;1
SIULAISIADAR;HS2;1
GLEANN THOLASTAIDH;HS2;1
LEUMRABHAGH;HS2;1
TOLASTADH;HS2;1
PORTNAGURAN;HS2;1
SCEALASCRO;HS2;1
CEARSIADAR;HS2;1
AIGNIS;HS2;1
AIRD ASAIG;HS3;1
AIRD LEIMHE;HS3;1
AIRD MHIGE;HS3;1
PAIBLE;HS3;1
AIRD A' MHULAIDH;HS3;1
CUIDHTINIS;HS3;1
ABHAINNSUIDHE;HS3;1
MIABHAG;HS3;1
AIRD MHIGHE;HS3;1
URGHA;HS3;1
TAOBH SIAR;HS3;1
SGARASTA MHOR;HS3;1
NORTHTON;HS3;1
SEILEBOST;HS3;1
SCADABHAGH;HS3;1
REINIGEADAL;HS3;1
MEABHAG;HS3;1
CARRAGRICH;HS3;1
CLUER;HS3;1
MANAIS;HS3;1
CAOLAS SCALPAIGH;HS3;1
MARUIG;HS3;1
LICEASTO;HS3;1
BOIRSEAM;HS3;1
LEAC A'LI;HS3;1
BUN ABHAINN EADARRA;HS3;1
HUISINIS;HS3;1
BUIRGH;HS3;1
GREOSABHAGH;HS3;1
GOBHAIG;HS3;1
LOSGAINTIR;HS3;1
FLEOIDEABHAGH;HS3;1
KENNAVAY;HS4;1
STRANNDA;HS5;1
RODEL;HS5;1
CAIRMINIS;HS5;1
AN T-OB;HS5;1
BAILE GLAS;HS6;1
LOCHMADDY;HS6;1
SOLAS;HS6;1
PORT NAN LONG;HS6;1
LOCHPORTAIN;HS6;1
BAILE RAGHAILL;HS6;1
BALELONE;HS6;1
CLADACH CHIRCEBOST;HS6;1
HOSTA;HS6;1
LANGAIS;HS6;1
CORUNA;HS6;1
RUISIGEARRAIDH;HS6;1
HOGHA GEARRAIDH;HS6;1
MALACLEIT;HS6;1
TRUMAISGE ARRAIDH;HS6;1
TEANAMACHAR;HS6;1
SCOLPAIG;HS6;1
CLADACH A'CHAOLAIS;HS6;1
CEATHRAMH MEADHANACH;HS6;1
CEALLAN;HS6;1
CAIRINIS;HS6;1
BOTARUA;HS6;1
GREINETOBHT;HS6;1
BAILE MOR;HS6;1
SAMHLA;HS6;1
BALMARTIN;HS6;1
PAIBEIL;HS6;1
BAILE MHIC PHAIL;HS6;1
TIGH A'GEARRAIDH;HS6;1
BAILE NA CILLE;HS6;1
SAIGHDINIS;HS6;1
AIRD;HS7;1
LIONACLEIT;HS7;1
GRAMSDAL;HS7;1
CREAG GHORAIDH;HS7;1
BAILE NAN CAILLEACH;HS7;1
BAILE A'MHANAICH;HS7;1
UACHDAR;HS7;1
UISGEBHAGH;HS7;1
TORLUM;HS7;1
GRIMINIS;HS7;1
BAILE GHARBHAIDH;HS8;1
CROIS DUGHAILL;HS8;1
ARINAMBANE;HS8;1
SNISHIVAL;HS8;1
BAGHASDAL;HS8;1
LOCH SGIOPORT;HS8;1
IOCHDA;HS8;1
TROSARAIDH;HS8;1
GROIGEARRAIDH;HS8;1
GEIRNINIS;HS8;1
GEARRAIDH NA MONADH;HS8;1
GEARRAIDH BHAILTEAS;HS8;1
DALABROG;HS8;1
BORNAIS;HS8;1
AIRD A'MHACHAIR;HS8;1
LUDAG;HS8;1
HAUNN;HS8;1
MINGEARRAIDH;HS8;1
CILLE BHRIGHDE;HS8;1
POLL A'CHARRA;HS8;1
AISGERNIS;HS8;1
STADHLAIGEARRAIDH;HS8;1
LOCHBOISDALE;HS8;1
LETH MEADHANACH;HS8;1
DRIMORE;HS8;1
TAOBH A'DEAS LOCH BAGHASDAIL;HS8;1
STAOINEBRIG;HS8;1
TOBHA MOR;HS8;1
PEIGHINN NAN AOIREANN;HS8;1
CILLE PHEADAIR;HS8;1
BHATARSAIGH;HS9;1
LEIDEAG;HS9;1
ARDMHOR;HS9;1
EARSAIRIDH;HS9;1
CUIDHIR;HS9;1
BUAILE NAM BODACH;HS9;1
EOLAIGEARRAIDH;HS9;1
ALLATHASDAL;HS9;1
DEERNESS;KW17;1
ARLARY;KY13;1
CARNBO;KY13;1
RUMBLING BRIDGE;KY13;1
CLEISH;KY13;1
KINROSS;KY13;1
MILNATHORT;KY13;1
DALQUEICH;KY13;1
CRAIGOW;KY13;1
COLDRAIN;KY13;1
UPPER TILLYRIE;KY13;1
WARROCH;KY13;1
SCOTLANDWELL;KY13;1
GAIRNEY BANK;KY13;1
KINNESSWOOD;KY13;1
BALGEDIE;KY13;1
CROOK OF DEVON;KY13;1
KIRKTON OF LETHENDY;PH1;1
MONEYDIE;PH1;1
MURTHLY;PH1;1
PITCAIRNGREEN;PH1;1
SPITTALFIELD;PH1;1
TIBBERMORE;PH1;1
TULCHAN;PH1;1
UPPER OBNEY;PH1;1
CAPUTH;PH1;1
GLENSHEE;PH1;1
LUNCARTY;PH1;1
METHVEN;PH1;1
AIRNTULLY;PH1;1
BANKFOOT;PH1;1
BRAEGRUM;PH1;1
BUCHANTY;PH1;1
FOREBRAE;PH1;1
GELLYBURN;PH1;1
GRUNDCRUIE;PH1;1
HARRIETFIELD;PH1;1
HUNTINGTOWER;PH1;1
KINCLAVEN;PH1;1
LAGUNA;PH1;1
KEILLOUR;PH1;1
ALMOND-BANK;PH1;1
PICKSTON;PH1;1
TULLYBELTON;PH1;1
SPITTAL OF GLENSHEE;PH10;1
FORNETH;PH10;1
ACHALADER;PH10;1
DALNACARN;PH10;1
DALMUNZIE HOTEL;PH10;1
LORNTY;PH10;1
LAIR;PH10;1
BLACKLUNANS;PH10;1
BALMYLE;PH10;1
CONCRAIGIE;PH10;1
ROCHALLIE;PH10;1
MUIRTON OF ARDBLAIR;PH10;1
PERSEY;PH10;1
BLAIRGOWRIE;PH10;1
BRIDGE OF CALLY;PH10;1
BALLINTUIM;PH10;1
STRALOCH;PH10;1
DALNAGLAR CASTLE;PH10;1
ENOCHDU;PH10;1
RATTRAY;PH10;1
DALRULZIAN;PH10;1
KINDROGAN FIELD CENTRE;PH10;1
BALVARRAN;PH10;1
FINEGAND;PH10;1
JORDANSTONE;PH11;1
TULLYMURDOCH;PH11;1
TULLYFERGUS;PH11;1
SHANZIE;PH11;1
NEW ALYTH;PH11;1
LEITFIE;PH11;1
BALHARY;PH11;1
ALYTH;PH11;1
BAMFF;PH11;1
BALENDOCH;PH12;1
MEIGLE;PH12;1
ARDLER;PH12;1
PITCUR;PH13;1
KETTINS;PH13;1
KEITHICK;PH13;1
KEILLOR;PH13;1
CRAIGIEHOLM;PH13;1
COUPAR ANGUS;PH13;1
CAMPMUIR;PH13;1
BURRELTON;PH13;1
ARTHURSTONE;PH13;1
ABERNYTE;PH14;1
INCHTURE;PH14;1
BALLINDEAN;PH14;1
KINNAIRD;PH14;1
CRAIGDALLIE;PH14;1
PUBIL;PH15;1
KELTNEYBURN;PH15;1
LUBREOCH;PH15;1
MOAR;PH15;1
REMONY;PH15;1
STIX;PH15;1
FEARNAN;PH15;1
COSHIEVILLE;PH15;1
GATEHOUSE;PH15;1
WEEM;PH15;1
CASHLIE;PH15;1
ARDTALNAIG;PH15;1
BALINTYRE;PH15;1
CAMUSVRACHAN;PH15;1
BOLFRACKS;PH15;1
BRIDGE OF BALGIE;PH15;1
CAMSERNEY;PH15;1
CRAGGANRUAR;PH15;1
DULL;PH15;1
FORTINGALL;PH15;1
INVERVAR;PH15;1
ACHARN;PH15;1
ABERFELDY;PH15;1
ARDRADNAIG;PH15;1
ALDCLUNE;PH16;1
MOULIN;PH16;1
MILTON OF DALCAPON;PH16;1
TEMPAR;PH16;1
PITLOCHRY;PH16;1
PORT NA CRAIG;PH16;1
TRESSAIT;PH16;1
INVERHADDEN;PH16;1
LASSINTULLICH;PH16;1
DUNALASTAIR;PH16;1
TUMMEL BRIDGE;PH16;1
FOSS;PH16;1
BRAES OF FOSS;PH16;1
BADYO;PH16;1
KILLIECRANKIE;PH16;1
KINLOCH RANNOCH;PH16;1
RANNOCH SCHOOL;PH17;1
KILLICHONAN;PH17;1
AULICH;PH17;1
BEN ALDER COTTAGE;PH17;1
TALLA BHEITH;PH17;1
BRIDGE OF GAUR;PH17;1
BRIDGE OF ERICHT;PH17;1
CAMGHOURAN;PH17;1
BLAIR ATHOLL;PH18;1
TRINAFOUR;PH18;1
FOREST LODGE;PH18;1
CALVINE;PH18;1
SRONPHADRUIG LODGE;PH18;1
BRIDGE OF TILT;PH18;1
PITAGOWAN;PH18;1
DALCHALLOCH;PH18;1
DUINISH;PH18;1
RAIT;PH2;1
GLENDOICK;PH2;1
MONCREIFFE;PH2;1
MILLTOWN OF ABERDALGIE;PH2;1
LETHENDY;PH2;1
KINTILLO;PH2;1
KINROSSIE;PH2;1
MIDDLE RIGG;PH2;1
KINFAUNS;PH2;1
INCHYRA;PH2;1
KIRKTON OF COLLACE;PH2;1
KILSPINDIE;PH2;1
MEIKLEOUR;PH2;1
GLENFOOT;PH2;1
GUILDTOWN;PH2;1
GLENFARG;PH2;1
FORGANDENNY;PH2;1
GLENCARSE;PH2;1
ERROL;PH2;1
NEWTON OF BALCANQUHAL;PH2;1
FORTEVIOT;PH2;1
ELCHO;PH2;1
ABERARGIE;PH2;1
WOLFHILL;PH2;1
TARSAPPIE;PH2;1
DUNSINNAN;PH2;1
DUNNING;PH2;1
DUNCRIEVIE;PH2;1
DRON;PH2;1
COLLACE;PH2;1
BALTHAYOCK;PH2;1
PITCAIRNS;PH2;1
BALBEGGIE;PH2;1
ARNGASK;PH2;1
CARGILL;PH2;1
SAUCHER;PH2;1
PORT ALLEN;PH2;1
ROSSIE OCHILL;PH2;1
RHYND;PH2;1
PITRODDIE;PH2;1
PATH OF CONDIE;PH2;1
ST MARTINS;PH2;1
COLENDEN;PH2;1
OLD SCONE;PH2;1
FRIARTON;PH2;1
ABERNETHY;PH2;1
ABERDALGIE;PH2;1
NEW SCONE;PH2;1
BRIDGE OF EARN;PH2;1
ABERUTHVEN;PH3;1
AUCHTERARDER;PH3;1
BROOM OF DALREACH;PH3;1
CHAPELBANK;PH3;1
GLENEAGLES;PH3;1
DAMSIDE;PH3;1
MILLEARN;PH3;1
MACHANY;PH3;1
KINKELL BRIDGE;PH3;1
MUIRTOWN;PH3;1
OCHTERMUTHILL;PH5;1
MUTHILL;PH5;1
AUCHINNER;PH6;1
CARROGLEN;PH6;1
COMRIE;PH6;1
CULLOCH;PH6;1
CULTYBRAGGAN CAMP;PH6;1
DALCHRUIN;PH6;1
DALGINROSS;PH6;1
ST FILLANS;PH6;1
MILL OF FORTUNE;PH6;1
INVERGELDIE;PH6;1
DUNIRA;PH6;1
TULLYBANNOCHER;PH6;1
TIGHNABLAIR;PH6;1
LANGSIDE;PH6;1
ARDTROSTAN;PH6;1
LOCHLANE;PH7;1
QUOIG;PH7;1
MONZIE;PH7;1
HOSH;PH7;1
CRIEFF;PH7;1
MADDERTY;PH7;1
DUBHEADS;PH7;1
CLATHY;PH7;1
FINDO GASK;PH7;1
FOWLIS WESTER;PH7;1
AMULREE;PH8;1
DALMARNOCK;PH8;1
LITTLE DUNKELD;PH8;1
BALLINLICK;PH8;1
CORRYMUCKLOCH;PH8;1
ALDVILLE;PH8;1
ACHNAFAULD;PH8;1
BIRNAM;PH8;1
BUTTERSTONE;PH8;1
DRUMOUR;PH8;1
DALGUISE;PH8;1
TROCHRY;PH8;1
AUCHNACLOICH;PH8;1
RIECHIP;PH8;1
GARROW;PH8;1
KINCRAIGIE;PH8;1
DUNKELD;PH8;1
AUCHNAFREE;PH8;1
BALNAGUARD;PH9;1
TULLIEMET;PH9;1
STRATHTAY;PH9;1
BALMACNEIL;PH9;1
PITNACREE;PH9;1
LOGIERAIT;PH9;1
LITTLE BALLINLUIG;PH9;1
KINDALLACHAN;PH9;1
GUAY;PH9;1
GRANDTULLY;PH9;1
EDRADYNATE;PH9;1
DOWALLY;PH9;1
BALLECHIN;PH9;1
LLANRUMNEY COMMUNITY;CF30;1
GRANGETOWN COMMUNITY;CF91;1
CASTLE COMMUNITY;CF95;1
BUTETOWN COMMUNITY;CF99;1
LLANSAMLET COMMUNITY;SA80;1
MYNYDDBACH COMMUNITY;SA99;1
PEN-Y-FAI;CF31;1
BRYNMENYN;CF32;1
CEFN CROSS;CF32;1
COYTRAHEN;CF32;1
WYNDHAM;CF32;1
LALESTON;CF32;1
LLANGEINOR;CF32;1
ABERKENFIG;CF32;1
TYTHEGSTON;CF32;1
MERTHYR MAWR;CF32;1
NANT-Y-MOEL;CF32;1
OGMORE VALE;CF32;1
PRICE TOWN;CF32;1
PONTYCYMER;CF32;1
TONDU;CF32;1
BLAENGARW;CF32;1
CEFN CRIBWR;CF32;1
BRYNCETHIN;CF32;1
ABERGARW;CF32;1
NORTH CORNELLY;CF33;1
MAWDLAM;CF33;1
KENFIG;CF33;1
SOUTH CORNELLY;CF33;1
KENFIG HILL;CF33;1
GLAN-LLYNFI;CF34;1
MAESTEG;CF34;1
LLANGYNWYD;CF34;1
PONT RHYD-Y-CYFF;CF34;1
NANTYFFYLLON;CF34;1
BLACKMILL;CF35;1
PENCOED;CF35;1
COITY;CF35;1
HEOL-Y-CYW;CF35;1
COYCHURCH;CF35;1
GLYNOGWR;CF35;1
PORTHCAWL;CF36;1
NOTTAGE;CF36;1
EBBW VALE;NP23;1
BEGAN;CF3;1
BARGOED;CF81;1
DERI;CF81;1
ABER BARGOED;CF81;1
GILFACH;CF81;1
FOCHRIW;CF81;1
PONTLOTTYN;CF81;1
PENYBRYN;CF82;1
YSTRAD MYNACH;CF82;1
MAES-Y-CWMMER;CF82;1
CEFN HENGOED;CF82;1
GELLIGAER;CF82;1
SENGHENYDD;CF83;1
CAERPHILLY;CF83;1
LLANBRADACH;CF83;1
RUDRY;CF83;1
CAPEL TYGWYDD;SA38;1
BETTWS EVAN;SA38;1
CWMCOY;SA38;1
BRONGEST;SA38;1
PONT CERI;SA38;1
LLANDYFRIOG;SA38;1
NEWCASTLE EMLYN;SA38;1
TROEDYRAUR;SA38;1
ALLTYBLACA;SA40;1
CWMSYCHBANT;SA40;1
DRE-FACH;SA40;1
HIGHMEAD;SA40;1
CWRT-NEWYDD;SA40;1
GORSGOCH;SA40;1
LLANWENOG;SA40;1
ABERPORTH;SA43;1
VERWIG;SA43;1
BLAENANNERCH;SA43;1
GWBERT;SA43;1
LLANGOEDMOR;SA43;1
LLECHRYD;SA43;1
NOYADD TREFAWR;SA43;1
PANTGWYN;SA43;1
PARCLLYN;SA43;1
PENPARC;SA43;1
PONTHIRWAUN;SA43;1
TAN-Y-GROES;SA43;1
TRESAITH;SA43;1
BLAENPORTH;SA43;1
LLANDYGWYDD;SA43;1
TREMAIN;SA43;1
CARDIGAN;SA43;1
ABER-BANC;SA44;1
CROES-IAN;SA44;1
RHYDOWEN;SA44;1
FFOSTRASOL;SA44;1
WERVIL BROOK;SA44;1
BRYNHOFFNANT;SA44;1
CAPEL CYNON;SA44;1
LLANFAIR-ORLLWYN;SA44;1
LLWYNDAFYDD;SA44;1
PENRHIW-LLAN;SA44;1
WSTRWS;SA44;1
PONTSHAEN;SA44;1
PREN-GWYN;SA44;1
PLWMP;SA44;1
PENBRYN;SA44;1
LLANGRANOG;SA44;1
CASTELL HOWELL;SA44;1
HAWEN;SA44;1
LLANDYSUL;SA44;1
BANGOR TEIFI;SA44;1
GLYNARTHEN;SA44;1
TALGARREG;SA44;1
RHYDLEWIS;SA44;1
PENTREGAT;SA44;1
MAESLLYN;SA44;1
PENRHIW-PAL;SA44;1
SYNOD INN;SA44;1
NANTERNIS;SA45;1
NEW QUAY;SA45;1
LLWYN-ONN;SA45;1
GILFACHRHEDA;SA45;1
ABERARTH;SA46;1
ABERAERON;SA46;1
FFOS-Y-FFIN;SA46;1
LLWYNCELYN;SA46;1
LLANARTH;SA47;1
LLANWNEN;SA48;1
SILIAN;SA48;1
YSTRAD AERON;SA48;1
TREFILAN;SA48;1
TEMPLE BAR;SA48;1
TAL-SARN;SA48;1
MYDROILYN;SA48;1
GARTHELI;SA48;1
DIHEWYD;SA48;1
CRIBYN;SA48;1
CILCENNIN;SA48;1
CAPEL ST SILIN;SA48;1
BWLCH-LLAN;SA48;1
BRYNOG;SA48;1
BETTWS BLEDRWS;SA48;1
CELLAN;SA48;1
CALEDRHYDIAU;SA48;1
LAMPETER;SA48;1
ABERMEURIG;SA48;1
LLANFAIR CLYDOGAU;SA48;1
CILIAU-AERON;SA48;1
YSGUBOR-Y-COED;SY20;1
ANGLER'S RETREAT;SY20;1
LLANCYNFELYN;SY20;1
EGLWYS FACH;SY20;1
TRE'R-DDOL;SY20;1
TALIESIN;SY20;1
MONACHTY;SY23;1
EISTEDDFA GURIG;SY23;1
RHODMAD;SY23;1
PONTERWYD;SY23;1
PLAS GOGERDDAN;SY23;1
PENRHYN-COCH;SY23;1
PENPARCAU;SY23;1
BLAENPLWYF;SY23;1
BLAENPENNAL;SY23;1
OLD GOGINAN;SY23;1
TREFENTER;SY23;1
LLANGORWEN;SY23;1
LLANFIHANGEL-Y-CREUDDYN;SY23;1
LLANFARIAN;SY23;1
LLANBADARN FAWR;SY23;1
GORS;SY23;1
WAUN FAWR;SY23;1
YSBYTY CYNFYN;SY23;1
GOGINAN;SY23;1
DYFFRYN CASTELL;SY23;1
CWMYSTWYTH;SY23;1
LLANAFAN;SY23;1
CWMSYMLOG;SY23;1
CNWCH COCH;SY23;1
LLANGWYRYFON;SY23;1
DEVIL'S BRIDGE;SY23;1
LLANDDEINIOL;SY23;1
LLANSANTFFRAID;SY23;1
CWMBRWYNO;SY23;1
PEN-BONT RHYDYBEDDAU;SY23;1
CAPEL SEION;SY23;1
CAPEL BANGOR;SY23;1
BRONNANT;SY23;1
ABERFFRWD;SY23;1
LLANON;SY23;1
LLANILAR;SY23;1
RHYD-ROSSER;SY23;1
ABERYSTWYTH;SY23;1
LLANRHYSTUD;SY23;1
TALYBONT;SY24;1
UPPER BORTH;SY24;1
BORTH;SY24;1
YNYSLAS;SY24;1
DOLYBONT;SY24;1
BOW STREET;SY24;1
BONT-GOCH;SY24;1
SWYDDFFYNNON;SY25;1
TREGARON;SY25;1
YSBYTY YSTWYTH;SY25;1
CAPEL BETWS LLEUCU;SY25;1
FFAIR-RHOS;SY25;1
YSTRAD MEURIG;SY25;1
PONTRHYDFENDIGAID;SY25;1
LLANDDEWI-BREFI;SY25;1
LLANGEITHO;SY25;1
PARCRHYDDERCH;SY25;1
PENUWCH;SY25;1
PONT-RHYD-Y-GROES;SY25;1
STRATA FLORIDA;SY25;1
ALLITHWAITE;LA11;1
MEATHOP;LA11;1
WITHERSLACK;LA11;1
FIELD BROUGHTON;LA11;1
POOL BANK;LA11;1
AYSIDE;LA11;1
CARTMEL FELL;LA11;1
BYNEA;SA14;1
FELINFOEL;SA14;1
MAESYBONT;SA14;1
TUMBLE;SA14;1
LLANNON;SA14;1
LLANGENNECH;SA14;1
HEOL-DDU;SA14;1
DAFEN;SA14;1
GORSLAS;SA14;1
LLWYNHENDY;SA14;1
PENRHIWGOCH;SA14;1
CEFNEITHIN;SA14;1
FIVE ROADS;SA15;1
CYNHEIDRE;SA15;1
LLANELLI;SA15;1
PONT-HENRI;SA15;1
PONTYATES;SA15;1
PONTYBEREM;SA15;1
PWLL;SA15;1
SYLEN;SA15;1
BANCFFOSFELEN;SA15;1
BURRY PORT;SA16;1
PEMBREY;SA16;1
DYFATTY;SA16;1
FOUR ROADS;SA17;1
BROADLAY;SA17;1
WAUN Y CLYN;SA17;1
TRIMSARAN;SA17;1
ST ISHMAEL;SA17;1
PONTANTWN;SA17;1
MEINCIAU;SA17;1
LLANSAINT;SA17;1
LLANGENDEIRNE;SA17;1
LLANDYRY;SA17;1
KIDWELLY;SA17;1
FERRYSIDE;SA17;1
CRWBIN;SA17;1
CARWAY;SA17;1
LLANDEFAELOG;SA17;1
PONTAMMAN;SA18;1
DERWYDD;SA18;1
PENTRE GWENLAIS;SA18;1
CAPEL HENDRE;SA18;1
BRYNAMMAN;SA18;1
BLAENGWECHE;SA18;1
PANTYFFYNNON;SA18;1
LLANDYBIE;SA18;1
GARNANT;SA18;1
TIR-Y-DAIL;SA18;1
AMMANFORD;SA18;1
GLANAMAN;SA18;1
ABER BOWLAN;SA19;1
CAEO;SA19;1
CAPEL ISAAC;SA19;1
TALLEY;SA19;1
PUMSAINT;SA19;1
TRAP;SA19;1
LLANDEILO;SA19;1
LLANGADOG;SA19;1
MANORDEILO;SA19;1
LLANSAWEL;SA19;1
PONT ABER;SA19;1
PEN-Y-BANC;SA19;1
LLANYCRWYS;SA19;1
LLANWRDA;SA19;1
DYFFRYN CEIDRYCH;SA19;1
FFARMERS;SA19;1
RHOSMAEN;SA19;1
WAUNCLYNDA;SA19;1
TWYNLLANAN;SA19;1
RHYDCYMERAU;SA19;1
CAPEL GWYNFE;SA19;1
BETHLEHEM;SA19;1
EDWINSFORD;SA19;1
CRUGYBAR;SA19;1
FFAIRFACH;SA19;1
GARTHYNTY;SA20;1
ABERCRYCHAN;SA20;1
RHANDIRMWYN;SA20;1
PENTRE-TY-GWYN;SA20;1
GLANBRAN;SA20;1
BABEL;SA20;1
MYDDFAI;SA20;1
DOLGARREG;SA20;1
CYNGHORDY;SA20;1
CILYCWM;SA20;1
BLAENOS;SA20;1
YSTRADFFIN;SA20;1
LLANDOVERY;SA20;1
LLANGUNNOR;SA31;1
FFYNNON-DDRAIN;SA31;1
LLANLLWCH;SA31;1
CARMARTHEN;SA31;1
TRE-VAUGHAN;SA31;1
CWMFFRWD;SA31;1
ABERGWILI;SA31;1
TANERDY;SA31;1
BRECHFA;SA32;1
NANTGAREDIG;SA32;1
GWERNOGLE;SA32;1
CWMISFAEL;SA32;1
LLIDIADNENOG;SA32;1
PONTARSAIS;SA32;1
NANTYCAWS;SA32;1
GOLDEN GROVE;SA32;1
LLANLLAWDDOG;SA32;1
FELINGWMUCHAF;SA32;1
LLANDDAROG;SA32;1
LLANEGWAD;SA32;1
LLANGATHEN;SA32;1
PONTARGOTHI;SA32;1
PEN-Y-GARN;SA32;1
RHYDARGAEAU;SA32;1
LLANFIHANGEL UWCH-GWILI;SA32;1
ALLTWALIS;SA32;1
COURT HENRY;SA32;1
ABERGORLECH;SA32;1
DRYSLWYN;SA32;1
LLANARTHNEY;SA32;1
PLAS;SA32;1
TRELECH A'R BETWS;SA33;1
CYNWYL ELFED;SA33;1
ST CLEARS;SA33;1
TALOG;SA33;1
TRELECH;SA33;1
CWMLLYFRI;SA33;1
ESGAIR;SA33;1
BANCYFELIN;SA33;1
BLAEN-Y-COED;SA33;1
BRON-Y-GAER;SA33;1
BWLCHNEWYDD;SA33;1
CWMDUAD;SA33;1
GELLYWEN;SA33;1
LAUGHARNE;SA33;1
LLANDAWKE;SA33;1
LLANDEILO ABERCYWYN;SA33;1
LLANGAIN;SA33;1
LLANGYNIN;SA33;1
LLANMILOE;SA33;1
LLANPUMSAINT;SA33;1
LLANSADURNEN;SA33;1
LLANYBRI;SA33;1
MARROS;SA33;1
MERTHYR;SA33;1
PENDINE;SA33;1
GORLLWYN;SA33;1
MEIDRIM;SA33;1
LLANDDOWROR;SA33;1
PWLL TRAP;SA33;1
ABERNANT;SA33;1
BLAENWAUN;SA34;1
LOGIN;SA34;1
HENLLAN AMGOED;SA34;1
RHYDYWRACH;SA34;1
CWMFELIN MYNACH;SA34;1
CWMFELIN BOETH;SA34;1
LLANGLYDWEN;SA34;1
LLANFALLTEG;SA34;1
WHITLAND;SA34;1
RED ROSES;SA34;1
CEFN-Y-PANT;SA34;1
TREVAUGHAN;SA34;1
LLANBOIDY;SA34;1
MAESGWYNNE;SA34;1
LLANWINIO;SA34;1
CWM-MORGAN;SA35;1
ABERARAD;SA38;1
PENRHERBER;SA38;1
CAPEL IWAN;SA38;1
CENARTH;SA38;1
GWYDDGRUG;SA39;1
MAESYCRUGIAU;SA39;1
LLANLLWNI;SA39;1
PENCADER;SA39;1
LLANFIHANGEL-AR-ARTH;SA39;1
DOL-GRAN;SA39;1
HENDY;SA4;1
FFOREST;SA4;1
PENCARREG;SA40;1
LLANYBYDDER;SA40;1
ABERGIAR;SA40;1
BWLCH-CLAWDD;SA44;1
BANC-Y-FFORDD;SA44;1
CWMPENGRAIG;SA44;1
LLANGELER;SA44;1
PENTRECAGAL;SA44;1
PENTRE-CWRT;SA44;1
PENBOYR;SA44;1
GLYNTEG;SA44;1
PONTWELLY;SA44;1
RAM;SA48;1
CWMANN;SA48;1
CLYNDERWEN;SA66;1
LLANFALLTEG WEST;SA66;1
EFAILWEN;SA66;1
LLANRUMNEY;CF3;1
ST MELLONS;CF3;1
RUMNEY;CF3;1
ST FAGANS;CF5;1
LLANDAFF;CF5;1
LLANSANNAN;LL16;1
LLANNEFYDD;LL16;1
PLASISAF;LL16;1
BYLCHAU;LL16;1
DEUNANT;LL16;1
TAN-Y-FRON;LL16;1
GROES;LL16;1
PLAS LLWYD;LL18;1
CEFN-BRITH;LL21;1
TY-MAWR;LL21;1
LLANFIHANGEL GLYN MYFYR;LL21;1
CERRIGYDRUDION;LL21;1
PONT YR ALWEN;LL21;1
GELLIOEDD;LL21;1
GLASFRYN;LL21;1
KINMEL BAY;LL22;1
LLANDDULAS;LL22;1
LLANGERNYW;LL22;1
PENTRE ISAF;LL22;1
LLANFAIR TALHAIARN;LL22;1
GWYTHERIN;LL22;1
BETWS-YN-RHOS;LL22;1
WENLLI;LL22;1
DAWN;LL22;1
PANDY TUDUR;LL22;1
RHYD-Y-FOEL;LL22;1
TOWYN;LL22;1
ST GEORGE;LL22;1
HAFODUNOS;LL22;1
ABERGELE;LL22;1
BETWS-Y-COED;LL24;1
YSBYTY IFAN;LL24;1
GLANABER TERRACE;LL24;1
HAFOD-DINBYCH;LL24;1
PENMACHNO;LL24;1
PONT CYFYNG;LL24;1
PENTREFOELAS;LL24;1
GLYN;LL24;1
GLAN-CONWY;LL24;1
CAPEL CURIG;LL24;1
RHYDLANFAIR;LL24;1
PENTRE-BONT;LL25;1
DOLWYDDELAN;LL25;1
PONT-Y-PANT;LL25;1
BLAENAU DOLWYDDELAN;LL25;1
LLANDDOGED;LL26;1
LLANRWST;LL26;1
PENTRE-TAFARN-Y-FEDW;LL26;1
MELIN-Y-COED;LL26;1
CAPEL GARMON;LL26;1
TREFRIW;LL27;1
PENRHYN BAY;LL28;1
RHOS-ON-SEA;LL28;1
BRYN-Y-MAEN;LL28;1
LLANSANFFRAID GLAN CONWY;LL28;1
EGLWYSBACH;LL28;1
TAL-Y-CAFN;LL28;1
LLANDRILLO-YN-RHOS;LL28;1
OLD COLWYN;LL29;1
LLYSFAEN;LL29;1
LLANELIAN-YN-RHOS;LL29;1
COLWYN BAY;LL29;1
GOGARTH;LL30;1
LLANRHOS;LL30;1
PENRHYN-SIDE;LL30;1
LLANDUDNO;LL30;1
LLANDUDNO JUNCTION;LL31;1
DEGANWY;LL31;1
LLANBEDR-Y-CENNIN;LL32;1
DOLGARROG;LL32;1
CAERHUN;LL32;1
PONT DOLGARROG;LL32;1
HENRYD;LL32;1
TY'N-Y-GROES;LL32;1
GYFFIN;LL32;1
ROEWEN;LL32;1
CONWY;LL32;1
LLANFAIRFECHAN;LL33;1
NANT Y PANDY;LL33;1
CAPELULO;LL34;1
PENMAENMAWR;LL34;1
DWYGYFYLCHI;LL34;1
PONT PEN-Y-BENGLOG;LL57;1
MAESHAFN;CH7;1
ERYRYS;CH7;1
GELLI GYNAN;CH7;1
LLANARMON-YN-LAL;CH7;1
LLANFERRES;CH7;1
GRAIANRHYD;CH7;1
TAFARN-Y-GELYN;CH7;1
LLANDEGLA;LL11;1
PENTRE-BWLCH;LL11;1
PEN-Y-STRYT;LL11;1
LLANFAIR DYFFRYN CLWYD;LL15;1
CLAWDD-NEWYDD;LL15;1
EFENECHTYD;LL15;1
LLANELIDAN;LL15;1
CLOCAENOG;LL15;1
CYFFYLLIOG;LL15;1
RUTHIN;LL15;1
LLANBEDR-DYFFRYN-CLWYD;LL15;1
DENBIGH;LL16;1
BODFARI;LL16;1
PANT-PASTYNOG;LL16;1
PENTRE LLANRHAEADR;LL16;1
LLANDYRNOG;LL16;1
LLANGWYFAN;LL16;1
PENTRE SARON;LL16;1
GWAYNYNOG;LL16;1
LLANYNYS;LL16;1
LLANRHAEADR;LL16;1
NANTGLYN;LL16;1
LLANGYNHAFAL;LL16;1
WAEN;LL16;1
FFORDD-LAS;LL16;1
TREFNANT;LL16;1
LLANNERCH;LL17;1
RHUALLT;LL17;1
TREMEIRCHION;LL17;1
PLAS-YN-CEFN;LL17;1
ST ASAPH;LL17;1
RHYL;LL18;1
PENGWERN;LL18;1
DYSERTH;LL18;1
RHUDDLAN;LL18;1
MARIAN CWM;LL18;1
BODELWYDDAN;LL18;1
CWM;LL18;1
PRESTATYN;LL19;1
MELIDEN;LL19;1
PENTREDWR;LL20;1
LLANTYSILIO;LL20;1
LLANGOLLEN;LL20;1
GLYNDYFRDWY;LL21;1
MELIN-Y-WIG;LL21;1
TYN-Y-CEFN;LL21;1
CORWEN;LL21;1
GWYDDELWERN;LL21;1
BRYNEGLWYS;LL21;1
CARROG;LL21;1
CYNWYD;LL21;1
DERWEN;LL21;1
DRUID;LL21;1
LLANDRILLO;LL21;1
BETTWS GWERFIL GOCH;LL21;1
PLAS ISAF;LL21;1
GROESFFORDD MARLI;LL22;1
SEALAND;CH1;1
PENYFFORDD;CH4;1
SALTNEY;CH4;1
WEPRE;CH5;1
MANCOT ROYAL;CH5;1
CONNAH'S QUAY;CH5;1
EWLOE;CH5;1
SANDYCROFT;CH5;1
QUEENSFERRY;CH5;1
HAWARDEN;CH5;1
GARDEN CITY;CH5;1
FLINT;CH6;1
BEDOL;CH6;1
FLINT MOUNTAIN;CH6;1
BAGILLT;CH6;1
LEESWOOD;CH7;1
DRURY;CH7;1
NERCWYS;CH7;1
NORTHOP;CH7;1
PANTYFFORDD;CH7;1
PEN-Y-CEFN;CH7;1
PRENBRIGOG;CH7;1
RHYDTALOG;CH7;1
RHYDYMWYN;CH7;1
BUCKLEY;CH7;1
AFON-WEN;CH7;1
CADOLE;CH7;1
CAERWYS;CH7;1
CILCAIN;CH7;1
GWERNAFFIELD;CH7;1
GWERNYMYNYDD;CH7;1
LLONG;CH7;1
NANNERCH;CH7;1
NORTHOP HALL;CH7;1
PADESWOOD;CH7;1
PONTBLYDDYN;CH7;1
PONTYBODKIN;CH7;1
RHOSESMOR;CH7;1
SOUGHTON;CH7;1
TREUDDYN;CH7;1
MOLD;CH7;1
WALWEN;CH8;1
GWESPYR;CH8;1
PENTRE HALKYN;CH8;1
LLANNERCH-Y-MOR;CH8;1
TALACRE;CH8;1
MOSTYN;CH8;1
BABELL;CH8;1
PANTASAPH;CH8;1
GORSEDD;CH8;1
FFYNNONGROYW;CH8;1
BRYNFORD;CH8;1
YSCEIFIOG;CH8;1
LLANASA;CH8;1
GLAN-Y-DON;CH8;1
LIXWM;CH8;1
TRELOGAN;CH8;1
RHES-Y-CAE;CH8;1
HALKYN;CH8;1
LLOC;CH8;1
FFRITH;LL11;1
CEFN-Y-BEDD;LL12;1
CAERGWRLE;LL12;1
GWAENYSGOR;LL18;1
TRELAWNYD;LL18;1
GRONANT;LL19;1
CROGEN;LL21;1
PENTRE-PIOD;LL23;1
LLANUWCHLLYN;LL23;1
PARC;LL23;1
LLIDIARDAU;LL23;1
LLANYCIL;LL23;1
CEFN-DDWYSARN;LL23;1
TALARDD;LL23;1
RHYD-UCHAF;LL23;1
RHOS-Y-GWALIAU;LL23;1
CILTALGARTH;LL23;1
LLANGYWER;LL23;1
LLANFOR;LL23;1
LLANDDERFEL;LL23;1
FRON-GOCH;LL23;1
PALE;LL23;1
BALA;LL23;1
GORDDINOG;LL33;1
ABERGWYNGREGYN;LL33;1
ABERDYFI;LL35;1
ABERGYNOLWYN;LL36;1
TONFANAU;LL36;1
DOLGOCH;LL36;1
PENIARTH;LL36;1
CAETHLE;LL36;1
LLANFENDIGAID;LL36;1
RHOSLEFAIN;LL36;1
RHYD-YR-ONNEN;LL36;1
LLANEGRYN;LL36;1
TAL-Y-LLYN;LL36;1
TYWYN;LL36;1
LLANGELYNIN;LL36;1
BRYNCRUG;LL36;1
LLWYNGWRIL;LL37;1
FAIRBOURNE;LL38;1
FRIOG;LL38;1
ARTHOG;LL39;1
PEN-Y-BRYN;LL40;1
GANLLWYD;LL40;1
LLANELLTYD;LL40;1
LLANFACHRETH;LL40;1
PENMAENPOOL;LL40;1
PONT RHYD-SARN;LL40;1
RHYDYMAIN;LL40;1
BRITHDIR;LL40;1
PANT GWYN;LL40;1
NANNAU;LL40;1
BONTDDU;LL40;1
DOLGELLAU;LL40;1
ABERGWYNANT;LL40;1
BONT NEWYDD;LL40;1
BRONABER;LL41;1
MAENTWROG;LL41;1
RHIWBRYFDIR;LL41;1
TANYGRISIAU;LL41;1
TRAWSFYNYDD;LL41;1
GELLILYDAN;LL41;1
FFESTINIOG;LL41;1
CEFNDEUDDWR;LL41;1
BLAENAU FFESTINIOG;LL41;1
LLANABER;LL42;1
BARMOUTH;LL42;1
CUTIAU;LL42;1
CAERDEON;LL42;1
LLANENDDWYN;LL44;1
COED YSTUMGWERN;LL44;1
LLANDDWYWE;LL44;1
DYFFRYN ARDUDWY;LL44;1
LLANDANWG;LL45;1
PENTRE GWYNFRYN;LL45;1
GLYN-CYWARCH;LL46;1
LLANFAIR;LL46;1
HARLECH;LL46;1
EISINGRUG;LL46;1
TALSARNAU;LL47;1
YNYS;LL47;1
PENRHYNDEUDRAETH;LL48;1
CROESOR;LL48;1
LLANFROTHEN;LL48;1
CAE DDAFYDD;LL48;1
TAN-LAN;LL48;1
PORTMEIRION;LL48;1
GARREG;LL48;1
PENMORFA;LL49;1
DOLBENMAEN;LL49;1
BORTH-Y-GEST;LL49;1
GOLAN;LL49;1
TREMADOG;LL49;1
PORTHMADOG;LL49;1
MORFA BYCHAN;LL49;1
RHOSLAN;LL49;1
PRENTEG;LL49;1
GARN-DOLBENMAEN;LL51;1
GLAN-DWYFACH;LL51;1
BRYNCIR;LL51;1
CRICCIETH;LL52;1
LLANYSTUMDWY;LL52;1
MYNYTHO;LL53;1
UWCHMYNYDD;LL53;1
MORFA NEFYN;LL53;1
TAN-Y-GRAIG;LL53;1
SARN BACH;LL53;1
LLANGWNNADL;LL53;1
LLANBEDROG;LL53;1
EFAILNEWYDD;LL53;1
LLANDEGWNING;LL53;1
CAPEL CARMEL;LL53;1
METHLEM;LL53;1
LLANENGAN;LL53;1
LLWYNDYRYS;LL53;1
LLANFAELRHYS;LL53;1
LLITHFAEN;LL53;1
LLAWR-Y-DREF;LL53;1
LLANNOR;LL53;1
LLANIESTYN;LL53;1
LLANGIAN;LL53;1
ANELOG;LL53;1
RHOS-FAWR;LL53;1
RHYDLIOS;LL53;1
Y FFOR;LL53;1
ABERERCH;LL53;1
ABERSOCH;LL53;1
BODFUAN;LL53;1
BRYNCROES;LL53;1
TY-HEN;LL53;1
CHWILOG;LL53;1
GROESFFORDD;LL53;1
TUDWEILIOG;LL53;1
SARN-MEYLLTEYRN;LL53;1
RHYD-Y-CLAFDY;LL53;1
RHOS-Y-LLAN;LL53;1
RHOSHIRWAUN;LL53;1
RHIW;LL53;1
PORTH COLMON;LL53;1
PISTYLL;LL53;1
PENLLECH;LL53;1
NEFYN;LL53;1
LLANARMON;LL53;1
ABERDARON;LL53;1
PWLLDEFAID;LL53;1
BOTWNNOG;LL53;1
GARN;LL53;1
BWLCHTOCYN;LL53;1
CEFN-CAER-FERCH;LL53;1
DENIO;LL53;1
NANHORON;LL53;1
CEIDIO FAWR;LL53;1
EDERN;LL53;1
PENCAENEWYDD;LL53;1
CILAN UCHAF;LL53;1
RHYDOLION;LL53;1
PWLLHELI;LL53;1
DINAS DINLLE;LL54;1
BWLCH DERWIN;LL54;1
ABERDESACH;LL54;1
BETWS GARMON;LL54;1
RHOSTRYFAN;LL54;1
CENNIN;LL54;1
CAPELUCHAF;LL54;1
LLANLLYFNI;LL54;1
LLANFAGLAN;LL54;1
LLANDWROG;LL54;1
LLANAELHAEARN;LL54;1
TALYSARN;LL54;1
GYRN GOCH;LL54;1
GROESLON;LL54;1
CLYNNOG-FAWR;LL54;1
RHOSGADFAN;LL54;1
PONTLLYFNI;LL54;1
PANT-GLAS;LL54;1
TAI'N LON;LL54;1
NASARETH;LL54;1
NANTLLE;LL54;1
CAERNARFON;LL55;1
CAEATHRO;LL55;1
BONTNEWYDD;LL55;1
RHYD-DDU;LL55;1
CLWT-Y-BONT;LL55;1
DEINIOLEN;LL55;1
LLANDDEINIOLEN;LL55;1
CWM-Y-GLO;LL55;1
FACHWEN;LL55;1
FFRIDD UCHAF;LL55;1
LLANRUG;LL55;1
DINORWIC;LL55;1
NANTMOR;LL55;1
NANT PERIS;LL55;1
PENISAR WAUN;LL55;1
PLAS GWYNANT;LL55;1
PONT ABER GLASLYN;LL55;1
PONT-RUG;LL55;1
SEION;LL55;1
WATERLOO PORT;LL55;1
WAUNFAWR;LL55;1
LLANBERIS;LL55;1
BEDDGELERT;LL55;1
Y FELINHELI;LL56;1
GERLAN;LL57;1
GLAN ADDA;LL57;1
BRAICHMELYN;LL57;1
CRYMLYN;LL57;1
GLASINFRYN;LL57;1
LLANDYGAI;LL57;1
LLANLLECHID;LL57;1
PENTIR;LL57;1
WAEN-WEN;LL57;1
RACHUB;LL57;1
PORT PENRHYN;LL57;1
TAL-Y-CAE;LL57;1
TREGARTH;LL57;1
DOUGLAS HILL;LL57;1
PENRHOS-GARNEDD;LL57;1
ABER-CYWARCH;SY20;1
CORRIS;SY20;1
DINAS-MAWDDWY;SY20;1
MINLLYN;SY20;1
CWM-CEWYDD;SY20;1
PANTPERTHOG;SY20;1
CORRIS UCHAF;SY20;1
PENNAL;SY20;1
ABERLLEFENNI;SY20;1
MALLWYD;SY20;1
CWRT;SY20;1
ABERANGELL;SY20;1
LLANYMAWDDWY;SY20;1
GARNEDDWEN;SY20;1
PENPERLLENI;NP4;1
CROES Y PANT;NP4;1
LITTLE MILL;NP4;1
GLASCOED;NP4;1
GOETRE;NP4;1
MAMHILAD;NP4;1
COED-Y-PAEN;NP4;1
CWMYOY;NP7;1
LLANVETHERINE;NP7;1
LLANGATTOCK LINGOED;NP7;1
OLDCASTLE;NP7;1
LLANOVER;NP7;1
LLANELLEN;NP7;1
LLANDDEWI RHYDDERCH;NP7;1
GOVILON;NP7;1
GILWERN;NP7;1
LLANTHONY;NP7;1
SKENFRITH;NP7;1
ABERGAVENNY;NP7;1
TRELEWIS;CF46;1
TREHARRIS;CF46;1
BEDLINOG;CF46;1
MERTHYR TYDFIL;CF47;1
OCHR-Y-MYNYDD;CF48;1
MERTHYR VALE;CF48;1
VAYNOR;CF48;1
ABERCANAID;CF48;1
TROEDYRHIW;CF48;1
CEFN-COED-Y-CYMMER;CF48;1
ABERFAN;CF48;1
PONTSTICILL;CF48;1
ABERDULAIS;SA10;1
BRYN-COCH;SA10;1
CILFREW;SA10;1
CRYNANT;SA10;1
DYFFRYN CELLWEN;SA10;1
ONLLWYN;SA10;1
RHYDDING;SA10;1
SKEWEN;SA10;1
RESOLVEN;SA11;1
ABER-PERGWM;SA11;1
NEATH;SA11;1
BLAENGWRACH;SA11;1
CWMGWRACH;SA11;1
GLYN-NEATH;SA11;1
MELINCOURT;SA11;1
MELINCRYDDAN;SA11;1
MORFA GLAS;SA11;1
PENTRECLWYDAU;SA11;1
PONT WALBY;SA11;1
TONNA;SA11;1
BRITON FERRY;SA11;1
BAGLAN;SA12;1
PORT TALBOT;SA12;1
ABERAVON;SA12;1
CWMAFAN;SA12;1
PONT-RHYD-Y-FEN;SA12;1
PWLL-Y-GLAW;SA12;1
MARGAM;SA13;1
DUFFRYN;SA13;1
CROESERW;SA13;1
TAIBACH;SA13;1
GLYNCORRWG;SA13;1
BLAENGWYNFI;SA13;1
ABERGWYNFI;SA13;1
CWMGORS;SA18;1
LOWER BRYNAMMAN;SA18;1
GWAUN-LEISION;SA18;1
GWAUN-CAE-GURWEN;SA18;1
RHYD-Y-FRO;SA8;1
YNYSMEUDWY;SA8;1
PONTARDAWE;SA8;1
CILYBEBYLL;SA8;1
LLANGIWG;SA8;1
ALLTWEN;SA8;1
TREBANOS;SA8;1
GODRE'R-GRAIG;SA9;1
CWMLLYNFELL;SA9;1
YSTALYFERA;SA9;1
PETERSTONE WENTLOOGE;CF3;1
BLACKTOWN;CF3;1
MICHAELSTON-Y-FEDW;CF3;1
TAVERN-SPITE;SA34;1
GLANDWR;SA34;1
CILRHEDYN;SA35;1
LLANFYRNACH;SA35;1
CLYDEY;SA35;1
TEGRYN;SA35;1
BWLCH-Y-GROES;SA35;1
ABERCYCH;SA37;1
CILWENDEG;SA37;1
BONCATH;SA37;1
BLAENFFOS;SA37;1
BRYNBERIAN;SA41;1
LLANFAIR-NANT-GWYN;SA41;1
CROSSWELL;SA41;1
WHITECHURCH;SA41;1
TREWILYM;SA41;1
PENTRE-GALAR;SA41;1
TAFARN-Y-BWLCH;SA41;1
EGLWYSWRW;SA41;1
CRYMYCH;SA41;1
NEVERN;SA42;1
BRYN-HENLLAN;SA42;1
TREDRISSI;SA42;1
PARROG;SA42;1
CILGERRAN;SA43;1
RHOS HILL;SA43;1
MONINGTON;SA43;1
MANORDEIFI;SA43;1
BRIDELL;SA43;1
ST DOGMAELS;SA43;1
MOYLGROVE;SA43;1
LLANTOOD;SA43;1
GLANRHYD;SA43;1
MERLIN'S BRIDGE;SA61;1
WOODBINE;SA61;1
PRENDERGAST;SA61;1
HAVERFORDWEST;SA61;1
HAYSCASTLE CROSS;SA62;1
WOLFSDALE;SA62;1
RHOSSON;SA62;1
PORTFIELD GATE;SA62;1
KEESTON;SA62;1
JORDANSTON;SA62;1
DREENHILL;SA62;1
CROESGOCH;SA62;1
BEREA;SA62;1
WELSH HOOK;SA62;1
WALTON WEST;SA62;1
WALLIS;SA62;1
TREGLEMAIS;SA62;1
TREFGARN OWEN;SA62;1
TRECWN;SA62;1
SCOLTON;SA62;1
SANDY HAVEN;SA62;1
RINASTON;SA62;1
RHODIAD;SA62;1
RATFORD BRIDGE;SA62;1
ABEREIDDY;SA62;1
PUNCHESTON;SA62;1
AMBLESTON;SA62;1
POYSTON CROSS;SA62;1
PORTHGAIN;SA62;1
PELCOMB BRIDGE;SA62;1
NORTH JOHNSTON;SA62;1
NOLTON;SA62;1
NEWGALE;SA62;1
MARLOES;SA62;1
LLETHR;SA62;1
LLANDELOY;SA62;1
HASGUARD;SA62;1
FREYSTROP CROSS;SA62;1
CAER FARCHELL;SA62;1
CASTLE MORRIS;SA62;1
CASTLEBYTHE;SA62;1
DRUIDSTON;SA62;1
GRANSTON;SA62;1
BROAD HAVEN;SA62;1
BRAWDY;SA62;1
ST BRIDES;SA62;1
WOLF'S CASTLE;SA62;1
HAROLDSTON WEST;SA62;1
HAYSCASTLE;SA62;1
WALWYNS CASTLE;SA62;1
UZMASTON;SA62;1
TRETIO;SA62;1
TRELEDDYD-FAWR;SA62;1
TREFFYNNON;SA62;1
TALBENNY;SA62;1
ST ISHMAEL'S;SA62;1
ST DOGWELLS;SA62;1
ROCH;SA62;1
POPE HILL;SA62;1
PELCOMB CROSS;SA62;1
MIDDLE MILL;SA62;1
MATHRY;SA62;1
LLANREITHAN;SA62;1
LITTLE HAVEN;SA62;1
JOHNSTON;SA62;1
LEWESTON;SA62;1
LLANRHIAN;SA62;1
TREFFGARNE;SA62;1
TRE-DDIOG;SA62;1
TIERS CROSS;SA62;1
THE RHOS;SA62;1
RUDBAXTON;SA62;1
ROSEPOOL;SA62;1
PENYCWM;SA62;1
MOUNTAIN WATER;SA62;1
LOWER FREYSTROP;SA62;1
LITTLE NEWCASTLE;SA62;1
BOULSTON;SA62;1
CAMROSE;SA62;1
LAMBSTON;SA62;1
ABERCASTLE;SA62;1
TANGIERS;SA62;1
SOLVA;SA62;1
LETTERSTON;SA62;1
CLARBESTON;SA63;1
NEW MOAT;SA63;1
LLYS-Y-FRAN;SA63;1
WALTON EAST;SA63;1
CLARBESTON ROAD;SA63;1
HENRY'S MOAT;SA63;1
WOODSTOCK SLOP;SA63;1
TREFASSER;SA64;1
TRESINWEN;SA64;1
GOODWICK;SA64;1
LOWER TOWN;SA65;1
MANOROWEN;SA65;1
PONTFAEN;SA65;1
SCLEDDAU;SA65;1
LLANYCHAER BRIDGE;SA65;1
FISHGUARD;SA65;1
PEN-FFORDD;SA66;1
LLANDISSILIO;SA66;1
ROSEBUSH;SA66;1
LLANYCEFN;SA66;1
BLETHERSTON;SA66;1
LLANGOLMAN;SA66;1
MYNACHLOG-DDU;SA66;1
GELLY;SA66;1
MAENCLOCHOG;SA66;1
REDSTONE BANK;SA67;1
PRINCES GATE;SA67;1
ROBESTON WATHEN;SA67;1
MINWEAR;SA67;1
CRINOW;SA67;1
COLD BLOW;SA67;1
AMROTH;SA67;1
MARTLETWY;SA67;1
LUDCHURCH;SA67;1
LLAWHADEN;SA67;1
LLANTEG;SA67;1
STEPASIDE;SA67;1
LLANDDEWI VELFREY;SA67;1
LANDSHIPPING;SA67;1
LAMPETER VELFREY;SA67;1
NARBERTH;SA67;1
CAREW NEWTON;SA68;1
WEST WILLIAMSTON;SA68;1
YERBESTON;SA68;1
EAST WILLIAMSTON;SA68;1
JEFFREYSTON;SA68;1
KILGETTY;SA68;1
THOMAS CHAPEL;SA68;1
LAWRENNY;SA68;1
REYNALTON;SA68;1
BEGELLY;SA68;1
LOVESTON;SA68;1
CRESSELLY;SA68;1
SAUNDERSFOOT;SA69;1
PENTLEPOIR;SA69;1
TENBY;SA70;1
PENALLY;SA70;1
ST FLORENCE;SA70;1
REDBERTH;SA70;1
SAGESTON;SA70;1
GUMFRESTON;SA70;1
CAREW;SA70;1
LYDSTEP;SA70;1
MANORBIER;SA70;1
NEW HEDGES;SA70;1
JAMESTON;SA70;1
CAREW CHERITON;SA70;1
PWLLCROCHAN;SA71;1
ST TWYNNELLS;SA71;1
ST PETROX;SA71;1
STACKPOLE;SA71;1
RHOSCROWTHER;SA71;1
MERRION;SA71;1
MAIDEN WELLS;SA71;1
LINNEY;SA71;1
LAMPHEY;SA71;1
HODGESTON;SA71;1
FRESHWATER EAST;SA71;1
CASTLEMARTIN;SA71;1
BUCKSPOOL;SA71;1
BOSHERSTON;SA71;1
PEMBROKE;SA71;1
HUNDLETON;SA71;1
ANGLE;SA71;1
PEMBROKE DOCK;SA72;1
COSHESTON;SA72;1
ROBESTON CROSS;SA73;1
MILFORD HAVEN;SA73;1
NEWTON MOUNTAIN;SA73;1
HERBRANDSTON;SA73;1
HONEYBOROUGH;SA73;1
NEYLAND;SA73;1
WATERSTON;SA73;1
SARDIS;SA73;1
STEYNTON;SA73;1
LLANSTADWELL;SA73;1
ROSEMARKET;SA73;1
ABER-LLIA;CF44;1
YSTRADFELLTE;CF44;1
NANT-DDU;CF48;1
LLANIGON;HR3;1
HAY-ON-WYE;HR3;1
LLOWES;HR3;1
GLASBURY;HR3;1
CLYRO;HR3;1
COLVA;HR5;1
GLADESTRY;HR5;1
GLASCWM;LD1;1
ELAN VILLAGE;LD1;1
DOLAU;LD1;1
DISSERTH;LD1;1
CRUG;LD1;1
CROSSWAY;LD1;1
CREGRINA;LD1;1
BETWS DISSERTH;LD1;1
ARGOED MILL;LD1;1
RIDGEBOURNE;LD1;1
PENYBONT;LD1;1
NEWBRIDGE ON WYE;LD1;1
NANT-Y-GROES;LD1;1
NANTMEL;LD1;1
LLANYRE;LD1;1
LLANWRTHWL;LD1;1
LLANSANTFFRAED-IN-ELVEL;LD1;1
LLANFIHANGEL RHYDITHON;LD1;1
LLANDEGLEY;LD1;1
LLANDDEWI YSTRADENNI;LD1;1
LLANBISTER;LD1;1
LLANBADARN FYNYDD;LD1;1
LLAITHDDU;LD1;1
HUNDRED HOUSE;LD1;1
HOWEY;LD1;1
GWYSTRE;LD1;1
ABBEYCWMHIR;LD1;1
NANT-GLAS;LD1;1
LLANDRINDOD WELLS;LD1;1
CWM OWEN;LD2;1
PAINSCASTLE;LD2;1
CILMERY;LD2;1
BUILTH WELLS;LD2;1
BUILTH ROAD;LD2;1
ALLTMAWR;LD2;1
MAESMYNIS;LD2;1
PENTRE-LLWYN-LLWYD;LD2;1
PEN-Y-GARREG;LD2;1
LLANAFAN-FAWR;LD2;1
ERWOOD;LD2;1
LLANDEILO GRABAN;LD2;1
LLANELWEDD;LD2;1
RHULEN;LD2;1
TYN-Y-GRAIG;LD2;1
CRICKADARN;LD2;1
LLANFAREDD;LD2;1
LLANDDEWI'R CWM;LD2;1
LLANBADARN-Y-GARREG;LD2;1
GWENDDWR;LD2;1
ABEREDW;LD2;1
ABERDUHONW;LD2;1
ABERCYNAFON;LD3;1
ABERYSCIR;LD3;1
MERTHYR CYNOG;LD3;1
TALACHDDU;LD3;1
TALGARTH;LD3;1
LLANDDEW;LD3;1
PENCELLI;LD3;1
SENNYBRIDGE;LD3;1
THREE COCKS;LD3;1
PWLLGLOYW;LD3;1
PONT-FAEN;LD3;1
PENTRE'R-FELIN;LD3;1
PENTRE-DOLAU-HONDDU;LD3;1
PENTRE-BACH;LD3;1
BRECON;LD3;1
BWLCH;LD3;1
PENGENFFORDD;LD3;1
LLYSWEN;LD3;1
LLECHFAEN;LD3;1
SCETHROG;LD3;1
LLANSANTFFRAED;LD3;1
LLANGORSE;LD3;1
CEFN CANTREF;LD3;1
LLANFRYNACH;LD3;1
DEFYNNOG;LD3;1
FELINFACH;LD3;1
LLANFIHANGEL NANT BRAN;LD3;1
LLANELIEU;LD3;1
FFRWDGRECH;LD3;1
GARTHBRENGY;LD3;1
LLANDEFAELOG-TRE'R-GRAIG;LD3;1
HEOL LLY GODEN;LD3;1
LLANDEFAELOG FACH;LD3;1
TRECASTLE;LD3;1
LOWER CHAPEL;LD3;1
TREDOMEN;LD3;1
UPPER CHAPEL;LD3;1
LLYWEL;LD3;1
LLANYWERN;LD3;1
LLANSPYDDID;LD3;1
PIPTON;LD3;1
LLANHAMLACH;LD3;1
LLANFILO;LD3;1
LLANDEFALLE;LD3;1
LIBANUS;LD3;1
HEOL SENNI;LD3;1
CATHEDINE;LD3;1
CASTLE MADOC;LD3;1
BRONLLYS;LD3;1
BOUGHROOD;LD3;1
BLAEN DYRYN;LD3;1
TRALLONG;LD3;1
LLANGASTY-TALYLLYN;LD3;1
GLAN HONDDU;LD3;1
TAI'R BULL;LD3;1
TALYLLYN;LD3;1
LLANDEILO'R-FAN;LD3;1
TREGOYD;LD3;1
TALYBONT-ON-USK;LD3;1
CNEWR;LD3;1
TREFECCA;LD3;1
LLANFIHANGEL-TAL-Y-LLYN;LD3;1
TIRABAD;LD4;1
LLANLLEONFEL;LD4;1
CEFN-GORWYDD;LD4;1
LLANAFAN-FECHAN;LD4;1
LLANGAMMARCH WELLS;LD4;1
CWM IRFON;LD5;1
LLANWRTYD;LD5;1
LLWYN-MADOC;LD5;1
ABERGWESYN;LD5;1
LLANWRTYD WELLS;LD5;1
GAUFRON;LD6;1
ST HARMON;LD6;1
TYLWCH;LD6;1
BWLCH-Y-SARNAU;LD6;1
RHAYADER;LD6;1
LLANSANTFFRAED-CWMDEUDDWR;LD6;1
PANT-Y-DWR;LD6;1
BEGUILDY;LD7;1
KNUCKLAS;LD7;1
LLANGUNLLO;LD7;1
BLEDDFA;LD7;1
DISCOED;LD8;1
OLD RADNOR;LD8;1
EVENJOBB;LD8;1
KINNERTON;LD8;1
NEW RADNOR;LD8;1
CASCOB;LD8;1
PRESTEIGNE;LD8;1
LLANFIHANGEL-NANT-MELAN;LD8;1
CAPEL-Y-FFIN;NP7;1
PATRISHOW;NP7;1
FFAWYDDOG;NP8;1
COED-YR-YNYS;NP8;1
CWRT-Y-GOLLEN;NP8;1
GAER;NP8;1
GLANGRWYNE;NP8;1
LLANGATTOCK;NP8;1
LLANGENNY;NP8;1
LLANGYNIDR;NP8;1
TRETOWER;NP8;1
CRICKHOWELL;NP8;1
COELBREN;SA10;1
PONT NEDD FECHAN;SA11;1
PEN-Y-CAE;SA9;1
CAEHOPKIN;SA9;1
CRAIG-Y-NOS;SA9;1
PENWYLLT;SA9;1
YSTRADGYNLAIS;SA9;1
CAER-LAN;SA9;1
CWMGIEDD;SA9;1
GURNOS;SA9;1
ABERCRAF;SA9;1
CWM-TWRCH ISAF;SA9;1
PENNANT MELANGELL;SY10;1
HIRNANT;SY10;1
LLANRHAEADR-YM-MOCHNANT;SY10;1
LLANGEDWYN;SY10;1
LLANSILIN;SY10;1
LLANWDDYN;SY10;1
PEN-Y-BONT-FAWR;SY10;1
HYSSINGTON;SY15;1
SNEAD;SY15;1
LLANDYSSIL;SY15;1
CHURCH STOKE;SY15;1
ABERMULE;SY15;1
MONTGOMERY;SY15;1
ADFA;SY16;1
ABERHAFESP;SY16;1
LLANLLWCHAIARN;SY16;1
LLANWYDDELAN;SY16;1
TREGYNON;SY16;1
SARN;SY16;1
GLANMULE;SY16;1
CEFN-GWYN;SY16;1
DOLFOR;SY16;1
BETTWS CEDEWAIN;SY16;1
BWLCH-Y-FFRIDD;SY16;1
KERRY;SY16;1
LLANDINAM;SY17;1
CARNO;SY17;1
CAERSWS;SY17;1
LLANWNOG;SY17;1
TREFEGLWYS;SY17;1
PLAS LLYSYN;SY17;1
LLAWRYGLYN;SY17;1
CLATTER;SY17;1
OAKLEY PARK;SY17;1
CWMBELAN;SY18;1
PANT MAWR;SY18;1
Y FAN;SY18;1
GEUFRON;SY18;1
DOLFACH;SY18;1
TYN-Y-CWM;SY18;1
LLANIDLOES;SY18;1
LLANGURIG;SY18;1
TAFOLWERN;SY19;1
BONT DOLGADFAN;SY19;1
DYLIFE;SY19;1
TALERDDIG;SY19;1
LLANBRYNMAIR;SY19;1
PLAS-RHIW-SAESON;SY19;1
STAYLITTLE;SY19;1
PONT CRUGNANT;SY19;1
LLAN;SY19;1
PLAS LLWYNGWERN;SY20;1
ABERGWYDOL;SY20;1
DERWENLAS;SY20;1
CEMMAES;SY20;1
GLASPWLL;SY20;1
TAL-Y-WERN;SY20;1
PANTGLAS;SY20;1
ABERHOSAN;SY20;1
CWM-LLINAU;SY20;1
ESGAIRGEILIOG;SY20;1
LLANWRIN;SY20;1
MACHYNLLETH;SY20;1
PENEGOES;SY20;1
DAROWEN;SY20;1
COMMINS COCH;SY20;1
ABERCEGIR;SY20;1
GLANTWYMYN;SY20;1
WELSHPOOL;SY21;1
GUILSFIELD;SY21;1
GARTHMYL;SY21;1
FORDEN;SY21;1
BUTTINGTON;SY21;1
CASTLE CAEREINION;SY21;1
DOLANOG;SY21;1
TREWERN;SY21;1
POOL QUAY;SY21;1
MANAFON;SY21;1
LLANLLUGAN;SY21;1
TRELYSTAN;SY21;1
LLANGADFAN;SY21;1
LLANFAIR CAEREINION;SY21;1
LLANERFYL;SY21;1
LLANFYLLIN;SY22;1
LLANSANTFFRAID-YM-MECHAIN;SY22;1
LLANYMYNECH;SY22;1
MEIFOD;SY22;1
LLANDYSILIO;SY22;1
LLANDRINIO;SY22;1
LLANFECHAIN;SY22;1
LLANFIHANGEL-YNG-NGWYNFA;SY22;1
CRIGGION;SY5;1
CEFN EINION;SY9;1
LINLEY;SY9;1
COLEBATCH;SY9;1
CWMBWRLA;SA1;1
BON-Y-MAEN;SA1;1
PENTRE-CHWYTH;SA1;1
LANDORE;SA1;1
GARNSWLLT;SA18;1
UPPER KILLAY;SA2;1
ILSTON;SA2;1
KILLAY;SA2;1
DUNVANT;SA2;1
SKETTY;SA2;1
LLANGENNITH;SA3;1
LLANMADOC;SA3;1
KNELSTON;SA3;1
LANDIMORE;SA3;1
LLANDDEWI;SA3;1
WEST CROSS;SA3;1
BISHOPSTON;SA3;1
BLACK PILL;SA3;1
THE MUMBLES;SA3;1
RHOSSILI;SA3;1
REYNOLDSTON;SA3;1
PORT EYNON;SA3;1
PENRICE;SA3;1
PENNARD;SA3;1
PENMAEN;SA3;1
PARKMILL;SA3;1
OXWICH;SA3;1
OLDWALLS;SA3;1
FAIRYHILL;SA3;1
NICHOLASTON;SA3;1
LLANRHIDIAN;SA3;1
OXWICH GREEN;SA3;1
GROVESEND;SA4;1
GOWERTON;SA4;1
GORSEINON;SA4;1
CROFTY;SA4;1
PONTLLIW;SA4;1
PONTARDULAIS;SA4;1
POUNDFFALD;SA4;1
PENLLERGAER;SA4;1
PEN-CLAWDD;SA4;1
LOUGHOR;SA4;1
LLANMORLAIS;SA4;1
BOLGOED;SA4;1
THREE CROSSES;SA4;1
FFOREST-FACH;SA5;1
CADLE;SA5;1
WAUNARLWYDD;SA5;1
TIRDEUNAW;SA5;1
LLANGYFELACH;SA5;1
COCKETT;SA5;1
VARDRE;SA6;1
CRAIGCEFNPARC;SA6;1
PANT-LASAU;SA6;1
YNYSTAWE;SA6;1
GLAIS;SA7;1
LLANSAMLET;SA7;1
PENTRE-DWR;SA7;1
BIRCHGROVE;SA7;1
PONTYPOOL;NP4;1
ABERSYCHAN;NP4;1
GRIFFITHSTOWN;NP4;1
CWM FFRWD-OER;NP4;1
SEBASTOPOL;NP4;1
COEDCAE;NP4;1
PONTNEWYNYDD;NP4;1
BLAENAVON;NP4;1
VARTEG;NP4;1
TREVETHIN;NP4;1
TRANCH;NP4;1
PONTRHYDYRUN;NP44;1
CASTELL-Y-BWCH;NP44;1
HENLLYS;NP44;1
LLANFRECHFA;NP44;1
LLANTARNAM;NP44;1
PONTNEWYDD;NP44;1
UPPER CWMBRAN;NP44;1
CROES-Y-MWYALCH;NP44;1
CWMBRAN;NP44;1
PITCOT;CF32;1
OGMORE;CF32;1
ST BRIDES MAJOR;CF32;1
OGMORE-BY-SEA;CF32;1
SOUTHERNDOWN;CF32;1
TREOES;CF35;1
ST MARY HILL;CF35;1
EWENNY;CF35;1
LLANGAN;CF35;1
BONVILSTON;CF5;1
ST BRIDE'S-SUPER-ELY;CF5;1
WENVOE;CF5;1
TWYN-YR-ODYN;CF5;1
ST LYTHANS;CF5;1
ST GEORGE'S;CF5;1
PETERSTON-SUPER-ELY;CF5;1
ST DONATS;CF61;1
LLANTWIT MAJOR;CF61;1
MARCROSS;CF61;1
LLANMAES;CF61;1
BOVERTON;CF61;1
WEST ABERTHAW;CF62;1
PORTHKERRY;CF62;1
PENMARK;CF62;1
MERTHYR DYFAN;CF62;1
LLANBETHERY;CF62;1
GILESTON;CF62;1
FLEMINGSTON;CF62;1
EGLWYS-BREWIS;CF62;1
COLCOT;CF62;1
RHOOSE;CF62;1
ST ATHAN;CF62;1
EAST ABERTHAW;CF62;1
LLANCARFAN;CF62;1
PALMERSTOWN;CF63;1
LAVERNOCK;CF64;1
LOWER PENARTH;CF64;1
MICHAELSTON-LE-PIT;CF64;1
COGAN;CF64;1
PENARTH;CF64;1
SWANBRIDGE;CF64;1
ST ANDREWS MAJOR;CF64;1
SULLY;CF64;1
DINAS POWYS;CF64;1
ABERTHIN;CF71;1
LLANMIHANGEL;CF71;1
WELSH ST DONATS;CF71;1
ST MARY CHURCH;CF71;1
SIGINGSTONE;CF71;1
PENLLYN;CF71;1
PENDOYLAN;CF71;1
MONKNASH;CF71;1
LLYSWORNEY;CF71;1
LLANTRITHYD;CF71;1
LLANSANNOR;CF71;1
LLANBLETHIAN;CF71;1
CRAIG PENLLYN;CF71;1
COWBRIDGE;CF71;1
COLWINSTON;CF71;1
MAENDY;CF71;1
LLANDOW;CF71;1
NEW BROUGHTON;LL11;1
SUMMERHILL;LL11;1
RHOS-DDU;LL11;1
BRYMBO;LL11;1
BWLCHGWYN;LL11;1
GWERSYLLT;LL11;1
MINERA;LL11;1
COEDPOETH;LL11;1
LLAY;LL12;1
TREVALYN;LL12;1
ROSSETT;LL12;1
GRESFORD;LL12;1
MARFORD;LL12;1
LAVISTER;LL12;1
HUGMORE;LL13;1
HALGHTON MILL;LL13;1
GYFELIA;LL13;1
ERBISTOCK;LL13;1
BORRAS HEAD;LL13;1
BANGOR-IS-Y-COED;LL13;1
PENLEY;LL13;1
BOWLING BANK;LL13;1
RHOSNESNI;LL13;1
RIDLEYWOOD;LL13;1
STRYT-YR-HWCH;LL13;1
WORTHENBURY;LL13;1
MARCHWIEL;LL13;1
LLAN-Y-PWLL;LL13;1
KNOLTON;LL13;1
WREXHAM;LL13;1
CHIRK;LL14;1
RHOSTYLLEN;LL14;1
WYNNSTAY;LL14;1
RHOSLLANERCHRUGOG;LL14;1
RUABON;LL14;1
ACREFAIR;LL14;1
TREVOR;LL20;1
TREGEIRIOG;LL20;1
LLWYNMAWR;LL20;1
LLANARMON DYFFRYN CEIRIOG;LL20;1
GLYN CEIRIOG;LL20;1
FRONCYSYLLTE;LL20;1
DOLYWERN;LL20;1
PLAS NANTYR;LL20;1
PONTFADOG;LL20;1
HANMER;SY13;1
BETTISFIELD;SY13;1
LLANILID;CF35;1
PONTYPRIDD;CF37;1
GLYNTAFF;CF37;1
CLIFYNYDD;CF37;1
GLYNCOCH;CF37;1
HOPKINSTOWN;CF37;1
LLANWONNO;CF37;1
PEN-Y-COEDCAE;CF37;1
TREFOREST;CF37;1
TREFOREST IND. EST.;CF37;1
TREHAFOD;CF37;1
UPPER BOAT;CF37;1
YNYSYBWL;CF37;1
TON-TEG;CF38;1
CHURCH VILLAGE;CF38;1
EFAIL ISAF;CF38;1
LLANTWIT FARDRE;CF38;1
BEDDAU;CF38;1
GILFACH GOCH;CF39;1
COEDELY;CF39;1
TREBANOG;CF39;1
YNYSHIR;CF39;1
WATTSTOWN;CF39;1
TONYREFAIL;CF39;1
TREALAW;CF40;1
CLYDACH VALE;CF40;1
YSTRAD;CF40;1
LLWYNYPIA;CF40;1
PENYGRAIG;CF40;1
TONYPANDY;CF40;1
TON-PENTRE;CF41;1
RHONDDA;CF42;1
CWM-PARC;CF42;1
BLAENCWM;CF42;1
TREHERBERT;CF42;1
TYNEWYDD;CF42;1
BLAENRHONDDA;CF42;1
PONT Y GWAITH;CF43;1
TYLORSTOWN;CF43;1
PENRHYS;CF43;1
FERNDALE;CF43;1
ABERCWMBOI;CF44;1
ABERDARE;CF44;1
ABERAMAN;CF44;1
RHIGOS;CF44;1
PENYWAUN;CF44;1
LLWYDCOED;CF44;1
HIRWAUN;CF44;1
TRECYNON;CF44;1
CWM-BACH;CF44;1
PENDERYN;CF44;1
CWMDARE;CF44;1
CWMAMAN;CF44;1
ABER-NANT;CF44;1
PONTBREN LLWYD;CF44;1
ABERCYNON;CF45;1
YNYSBOETH;CF45;1
MOUNTAIN ASH;CF45;1
PENRHIWCEIBER;CF45;1
TALBOT GREEN;CF72;1
TYLE-GARW;CF72;1
PONTYCLUN;CF72;1
BRYNCAE;CF72;1
BRYNSADLER;CF72;1
CASTELLAU;CF72;1
GROES-FAEN;CF72;1
LLANHARAN;CF72;1
LLANHARRY;CF72;1
LLANTRISANT;CF72;1
BRYNNA;CF72;1
PENMON;LL58;1
LLANDDONA;LL58;1
LLANGOED;LL58;1
BEAUMARIS;LL58;1
LLANDEGFAN;LL59;1
MENAI BRIDGE;LL59;1
GAERWEN;LL60;1
LLANGAFFO;LL60;1
PENTRE BERW;LL60;1
DWYRAN;LL61;1
BRYNSIENCYN;LL61;1
CEINT;LL61;1
LLANDDANIEL FAB;LL61;1
PENMYNYDD;LL61;1
LLANFAIRPWLLGWYNGYLL;LL61;1
ABERFFRAW;LL62;1
CERRIGCEINWEN;LL62;1
BODORGAN;LL62;1
LLANGRISTIOLUS;LL62;1
MALLTRAETH;LL62;1
LLANGADWALADR;LL62;1
TREFDRAETH;LL62;1
LLANFAELOG;LL64;1
RHOSNEIGR;LL64;1
LLANRHYDDLAD;LL65;1
BODEDERN;LL65;1
CAERGEILIOG;LL65;1
FOUR MILE BRIDGE;LL65;1
LLAINGOCH;LL65;1
LLANFACHRAETH;LL65;1
LLANFAETHLU;LL65;1
LLANFAIRYNGHORNWY;LL65;1
LLANFAIR-YN-NEUBWLL;LL65;1
LLANFFLEWYN;LL65;1
LLANFIGAEL;LL65;1
LLANYNGHENEDL;LL65;1
LLECHCYNFARWY;LL65;1
PEN-LLYN;LL65;1
RHYDWYN;LL65;1
RHOSCOLYN;LL65;1
TREARDDUR;LL65;1
HOLYHEAD;LL65;1
ELIM;LL65;1
BRYNGWRAN;LL65;1
VALLEY;LL65;1
GWALCHMAI;LL65;1
BODIOR;LL65;1
LLANFECHELL;LL67;1
LLANBADRIG;LL67;1
CEMAES;LL67;1
BURWEN;LL68;1
PENGORFFWYSFA;LL68;1
TREGELE;LL68;1
BODEWRYD;LL68;1
AMLWCH PORT;LL68;1
AMLWCH;LL68;1
CAPEL PARC;LL68;1
LLANEILIAN;LL68;1
BULL BAY;LL68;1
CITY DULAS;LL68;1
CARREGLEFN;LL68;1
RHOSYBOL;LL68;1
PENYSARN;LL69;1
DULAS;LL70;1
LLANDYFRYDOG;LL71;1
CEIDIO;LL71;1
LLANERCHYMEDD;LL71;1
LLANALLGO;LL73;1
BENLLECH;LL74;1
RED WHARF BAY;LL75;1
PENTRAETH;LL75;1
LLANBEDRGOCH;LL76;1
RHOSMEIRCH;LL77;1
TREGAIAN;LL77;1
LLANGWYLLOG;LL77;1
LLANGEFNI;LL77;1
LLANDDYFNAN;LL77;1
CAPEL COCH;LL77;1
LLYNFAES;LL77;1
HENEGLWYS;LL77;1
MAENADDWYN;LL77;1
BODFFORDD;LL77;1
BRYNTEG;LL78;1
MARIAN-GLAS;LL78;1
ABERTILLERY;NP13;1
USK;NP15;1
CHEPSTOW;NP16;1
TREDEGAR;NP22;1
NEW TREDEGAR;NP24;1
MONMOUTH;NP25;1
CALDICOT;NP26;1
ONCHAN;IM3;1
BALLAVEARE;IM4;1
LAXEY;IM4;1
HILLBERRY;IM4;1
LAMBFELL MOAR;IM4;1
EAIRY;IM4;1
BALLACANNELL;IM4;1
BALDWIN;IM4;1
QUINE'S HILL;IM4;1
GLEN VINE;IM4;1
STUGGADHOO;IM4;1
STRANG;IM4;1
UNION MILLS;IM4;1
BRAAID;IM4;1
BALDRINE;IM4;1
INJEBRECK;IM4;1
FOXDALE;IM4;1
BALLIG;IM4;1
DALBY;IM5;1
BALLAGYR;IM5;1
KNOCKSHARRY;IM5;1
KNOCKALOE MOAR;IM5;1
PATRICK;IM5;1
GLENMAYE;IM5;1
PEEL;IM5;1
BALLACARNANE BEG;IM6;1
CRONK-Y-VODDY;IM6;1
ORRISDALE;IM6;1
BARREGARROW;IM6;1
SHOUGHLAIGE-E-CAINE;IM6;1
KIRK MICHAEL;IM6;1
CRANSTAL;IM7;1
GLEN AULDYN;IM7;1
JURBY WEST;IM7;1
MAUGHOLD;IM7;1
PORT E VULLEN;IM7;1
RAVENSDALE;IM7;1
REGABY;IM7;1
SARTFIELD;IM7;1
SULBY;IM7;1
THE CRONK;IM7;1
THE LHEN;IM7;1
GLENTRUAN;IM7;1
JURBY EAST;IM7;1
SMEALE;IM7;1
CRAWYN;IM7;1
DHOWIN;IM7;1
DHOOR;IM7;1
DHOON;IM7;1
CORRANY;IM7;1
BRIDE;IM7;1
DREEMSKERRY;IM7;1
BALLAJORA;IM7;1
BALLAUGH;IM7;1
ST JUDES;IM7;1
ANDREAS;IM7;1
BALLABEG;IM9;1
BALLAKILPHERIC;IM9;1
BALLAMODHA;IM9;1
BALLAFESSON;IM9;1
CLOSE CLARK;IM9;1
BRADDA;IM9;1
ST MARK'S;IM9;1
CREGNEISH;IM9;1
LINGAGUE;IM9;1
BALLADOOLE;IM9;1
RONAGUE;IM9;1
DERBYHAVEN;IM9;1
PORT ERIN;IM9;1
PORT ST MARY;IM9;1
CROIT E CALEY;IM9;1
GRENABY;IM9;1
THE HOWE;IM9;1
ST BRELADES;JE3;1
