Words,Link,Score
NEW YORK CITY,10001,1000
NEW YORK,10001,980
LOS ANGELES,90001,950
MANHATTAN,10001,900
CHICAGO,60601,880
SAN FRANCISCO,94102,870
LAS VEGAS,89101,860
MIAMI,33101,840
BOSTON,02101,830
BROOKLYN,11201,820
SEATTLE,98101,800
WASHINGTON DC,20001,800
ATLANTA,30301,790
HOUSTON,77001,790
DISTRICT OF COLUMBIA,20001,790
DENVER,80201,760
PHILADELPHIA,19101,760
CALIFORNIA,90001,750
DALLAS,75201,750
BEVERLY HILLS,90210,750
NEW ORLEANS,70112,750
QUEENS,11101,750
PHOENIX,85001,740
SAN DIEGO,92101,730
HONOLULU,96801,730
AUSTIN,78701,720
ORLANDO,32801,720
TEXAS,73301,720
NASHVILLE,37201,710
SAN ANTONIO,78201,700
BRONX,10451,700
SILICON VALLEY,95002,700
FLORIDA,32099,690
PORTLAND,97201,690
MINNEAPOLIS,55401,680
MIAMI BEACH,33139,680
SAN JOSE,95101,680
BALTIMORE,21201,670
SAINT LOUIS,63101,654
SAN JUAN,00901,650
MEMPHIS,38101,650
SALT LAKE CITY,84101,650
SANTA MONICA,90401,650
TAMPA,33601,640
KANSAS CITY,64101,640
PITTSBURGH,15201,620
LOUISVILLE,40201,620
INDIANAPOLIS,46201,620
ST. LOUIS,63101,620
ILLINOIS,60601,620
CHARLOTTE,28201,610
SACRAMENTO,95801,610
MILWAUKEE,53201,610
PALO ALTO,94301,600
TIMES SQUARE,10036,600
PENNSYLVANIA,17101,600
ALBANY,12201,595
SAINT PAUL,55101,591
COLUMBUS,43085,590
CINCINNATI,45201,590
FORT WORTH,76101,590
ALBUQUERQUE,87101,590
DAYTON,45401,587
COLORADO SPRINGS,80901,587
CLEVELAND,44101,580
RALEIGH,27601,580
KEY WEST,33040,580
OHIO,43201,580
OKLAHOMA CITY,73101,580
TUCSON,85701,580
MALIBU,90265,580
ANAHEIM,92801,580
WALL STREET,10005,580
WAIKIKI,96815,580
DETROIT,48201,576
BUFFALO,14201,570
GEORGIA,30301,570
ROANOKE,24001,568
MOBILE,36601,564
FORT WAYNE,46801,564
CAMBRIDGE,02138,560
JACKSONVILLE,32099,560
HOLLYWOOD,33020,560
SCOTTSDALE,85251,560
ANCHORAGE,99501,560
NORTH CAROLINA,27601,560
AMARILLO,79101,556
HUNTINGTON,25701,551
TOPEKA,66601,551
FORT LAUDERDALE,33301,550
MICHIGAN,48201,550
SPRINGFIELD,62701,547
PENSACOLA,32501,542
ATLANTIC CITY,08401,540
HARLEM,10027,540
OMAHA,68101,540
SANTA BARBARA,93101,540
MASSACHUSETTS,02101,540
NEW JERSEY,07101,540
EVANSVILLE,47701,533
TACOMA,98401,533
RICHMOND,23219,530
LONG BEACH,90801,530
NIAGARA FALLS,14301,530
VIRGINIA,23219,530
EL PASO,79901,530
TOLEDO,43601,528
PEORIA,61601,528
SHAWNEE MISSION,66201,528
COLUMBIA,29201,522
SHREVEPORT,71101,522
PRINCETON,08540,520
WASHINGTON,98101,520
RENO,89501,520
SANTA FE,87501,520
TULSA,74101,520
ARLINGTON,22201,512
SAINT PETERSBURG,33701,512
CHARLESTON,29401,510
VIRGINIA BEACH,23450,510
ARIZONA,85001,510
AKRON,44301,506
PASADENA,91050,506
MONTEREY,93940,500
OAKLAND,94601,500
MADISON,53701,500
TRENTON,08601,500
STATEN ISLAND,10301,500
SAVANNAH,31401,500
ERIE,16501,500
ASPEN,81611,500
PUERTO RICO,00901,500
SYRACUSE,13201,494
FRESNO,93701,490
BATON ROUGE,70801,490
PALM SPRINGS,92262,490
NAPA,94558,490
COLORADO,80201,490
HAWAII,96801,490
LINCOLN,68501,488
GREENSBORO,27401,488
WILMINGTON,19801,482
WINSTON SALEM,27101,482
LUBBOCK,79401,482
LEXINGTON,40501,480
DURHAM,27701,480
BIRMINGHAM,35201,480
VAIL,81657,480
TENNESSEE,37201,480
WICHITA,67201,480
NEW HAVEN,06501,475
HARRISBURG,17101,475
GRAND RAPIDS,49501,475
NEVADA,89101,470
CORPUS CHRISTI,78401,470
BOISE,83701,470
NORFOLK,23501,468
LANSING,48901,468
PROVIDENCE,02901,460
RIVERSIDE,92501,460
MARYLAND,21201,460
INDIANA,46201,460
DES MOINES,50301,460
SANTA ANA,92701,460
JACKSON HOLE,83001,460
MISSOURI,63101,460
CANTON,44701,454
NEWARK,07101,454
MACON,31201,454
HARTFORD,06101,450
BAKERSFIELD,93301,450
PARK CITY,84060,450
CAPE COD,02601,450
ALEXANDRIA,22301,446
KNOXVILLE,37901,440
SPOKANE,99201,440
MINNESOTA,55401,440
WISCONSIN,53201,440
WEST PALM BEACH,33401,438
SIOUX FALLS,57101,438
ROCHESTER,14601,430
STOCKTON,95201,430
LITTLE ROCK,72201,430
HUNTSVILLE,35801,430
OREGON,97201,430
LOUISIANA,70801,430
TALLAHASSEE,32301,429
SOUTH BEND,46601,429
YOUNG AMERICA,55394,429
STAMFORD,06901,421
POMPANO BEACH,33060,421
SAN BERNARDINO,92401,421
JACKSON,39201,420
CHATTANOOGA,37401,420
GREENVILLE,29601,411
GAINESVILLE,32601,411
WILKES BARRE,18701,411
FLINT,48501,411
MESA,85201,411
LITTLETON,80120,401
AURORA,80010,401
YOUNGSTOWN,44501,401
WACO,76701,401
SARASOTA,34230,401
PONCE,00716,400
MONTGOMERY,36101,400
DISNEYLAND,92802,400
YELLOWSTONE,82190,400
ALASKA,99501,400
KENTUCKY,40201,400
SOUTH CAROLINA,29201,400
WORCESTER,01601,391
NAPLES,34101,391
AUGUSTA,30901,391
MONTICELLO,55362,391
WATERBURY,06701,391
DAYTONA BEACH,32114,391
BOCA RATON,33427,391
BOULDER,80301,391
ALABAMA,35004,390
CAGUAS,00725,380
SILVER SPRING,20901,380
BRADENTON,34201,380
TYLER,75701,380
PUEBLO,81001,380
INGLEWOOD,90301,380
VAN NUYS,91388,380
VANCOUVER,98660,380
CONNECTICUT,06101,380
OKLAHOMA,73101,380
UTAH,84101,380
MAYAGUEZ,00680,370
GLENDALE,91201,368
JAMAICA,11405,368
PATERSON,07501,368
BILLINGS,59101,368
MARIETTA,30006,368
IRVINE,92602,368
SCRANTON,18501,368
DULUTH,55801,368
FARGO,58102,368
OCALA,34470,368
ROCKFORD,61101,368
CEDAR RAPIDS,52401,368
NEW MEXICO,87101,360
READING,19601,356
SALEM,97301,356
HAMPTON,23630,356
BEAUMONT,77701,356
CLEARWATER,33755,356
FORT MYERS,33901,356
BURBANK,91501,356
OGDEN,84201,356
MAPLE PLAIN,55348,356
FORT SMITH,72901,356
IOWA,50301,350
JERSEY CITY,07097,342
LAFAYETTE,70501,342
GREEN BAY,54301,342
LAKELAND,33801,342
TERRE HAUTE,47801,342
METAIRIE,70001,342
SPRING,77373,342
KANSAS,66101,330
ARKANSAS,72201,330
MISSISSIPPI,39201,330
ORANGE,92856,327
BRIDGEPORT,06601,327
NORWALK,06850,327
WHITE PLAINS,10601,327
SCHENECTADY,12301,327
IRVING,75014,327
MIDLAND,79701,327
CHARLOTTESVILLE,22901,327
WHITTIER,90601,327
ASHEVILLE,28801,327
PANAMA CITY,32401,327
SAINT CLOUD,56301,327
FORT PIERCE,34945,327
JEFFERSON CITY,65101,327
OLYMPIA,98501,327
BERKELEY,94701,327
LAKE CHARLES,70601,327
NORTH HOLLYWOOD,91601,327
NEBRASKA,68101,320
MONROE,71201,312
ATHENS,30601,312
HENDERSON,89009,312
TORRANCE,90501,312
DENTON,76201,312
NEWPORT NEWS,23601,312
LYNCHBURG,24501,312
SPARTANBURG,29301,312
SAN MATEO,94401,312
MELBOURNE,32901,312
VERO BEACH,32960,312
HIALEAH,33002,312
SAGINAW,48601,312
TUSCALOOSA,35401,312
FAIRBANKS,99701,312
CARSON CITY,89701,312
KALAMAZOO,49001,312
MODESTO,95350,312
ABILENE,79601,312
IDAHO,83701,310
MAINE,04101,300
NEW HAMPSHIRE,03101,300
HAGATNA,96910,300
GUAM,96910,300
CAROLINA,00979,294
LANCASTER,17601,294
MANCHESTER,03101,294
FRANKFORT,40601,294
GARLAND,75040,294
FAIRFAX,22030,294
ALLENTOWN,18101,294
FLUSHING,11351,294
BLOOMINGTON,47401,294
FAYETTEVILLE,28301,294
DAVENPORT,52801,294
ODESSA,79760,294
HOMESTEAD,33030,294
FREDERICKSBURG,22401,294
VALLEY FORGE,19481,294
BETHESDA,20813,294
GAITHERSBURG,20877,294
RIDGELY,21660,294
CHESAPEAKE,23320,294
INDEPENDENCE,64050,294
RACINE,53401,294
KISSIMMEE,34741,294
SIOUX CITY,51101,294
PLANO,75023,294
LONGVIEW,75601,294
NORTH LITTLE ROCK,72114,294
KILLEEN,76540,294
SANTA ROSA,95401,294
FORT COLLINS,80521,294
VERMONT,05401,290
MONTANA,59101,290
WEST VIRGINIA,25301,290
WYOMING,82001,280
SAIPAN,96950,280
CHARLOTTE AMALIE,00801,280
RHODE ISLAND,02901,280
US VIRGIN ISLANDS,00801,280
SALINAS,93901,275
WARREN,44481,275
CONCORD,94518,275
HAMILTON,45011,275
MANSFIELD,44901,275
PORTSMOUTH,23701,275
ROCKVILLE,20847,275
YORK,17401,275
NEW BRUNSWICK,08901,275
GREAT NECK,11020,275
JOHNSTOWN,15901,275
HELENA,59601,275
MORGANTOWN,26501,275
SUFFOLK,23432,275
GARY,46401,275
ANDERSON,46011,275
DECATUR,30030,275
VALDOSTA,31601,275
DELRAY BEACH,33444,275
LAKE WORTH,33454,275
CAPE CORAL,33904,275
PORT SAINT LUCIE,34952,275
BEAVERTON,97005,275
SAINT JOSEPH,64501,275
ANN ARBOR,48103,275
VENTURA,93001,275
FULLERTON,92831,275
MISSOULA,59801,275
SCHAUMBURG,60159,275
LAREDO,78040,275
CHEYENNE,82001,275
WICHITA FALLS,76301,275
CONROE,77301,275
TEMPE,85280,275
CHULA VISTA,91909,275
SAN LUIS OBISPO,93401,275
SOUTH LAKE TAHOE,96150,275
DELAWARE,19901,270
PAGO PAGO,96799,260
SOUTH DAKOTA,57101,260
WOBURN,01801,254
EVERETT,98201,254
MOUNT VERNON,10550,254
BROOKSVILLE,34601,254
JEFFERSONVILLE,47130,254
MONTPELIER,05601,254
W HARTFORD,06107,254
ENGLEWOOD,80110,254
CORONA,92877,254
OCEANSIDE,92049,254
LAUREL,20707,254
MERIDIAN,39301,254
RESTON,20190,254
BOWIE,20715,254
HYATTSVILLE,20781,254
ANNAPOLIS,21401,254
HAGERSTOWN,21740,254
FALLS CHURCH,22040,254
MURFREESBORO,37127,254
MYRTLE BEACH,29572,254
PALM BAY,32905,254
BOYNTON BEACH,33424,254
WINTER HAVEN,33880,254
PORT CHARLOTTE,33948,254
BELLEVUE,98004,254
BRYAN,77801,254
MUNCIE,47302,254
CHANDLER,85224,254
CRAWFORDSVILLE,47933,254
GARDEN GROVE,92840,254
HAYWARD,94540,254
BISMARCK,58501,254
BOZEMAN,59715,254
PALATINE,60038,254
CAROL STREAM,60116,254
ALHAMBRA,91801,254
EAST SAINT LOUIS,62201,254
EUGENE,97401,254
SAN ANGELO,76901,254
HUMBLE,77325,254
ARVADA,80001,254
IDAHO FALLS,83401,254
SANTA CLARA,95050,254
LAS CRUCES,88001,254
NORTH LAS VEGAS,89030,254
NORTHRIDGE,91324,254
ESCONDIDO,92025,254
MORENO VALLEY,92551,254
YAKIMA,98901,254
NORTH DAKOTA,58101,250
BAYAMON,00956,229
GUAYNABO,00965,229
FLORENCE,29501,229
LYNN,01901,229
NEW BEDFORD,02740,229
TEMPLE,76501,229
DANBURY,06810,229
TROY,48007,229
BETHLEHEM,18015,229
FARMINGTON,48331,229
NEW CASTLE,16101,229
VIENNA,22180,229
POMONA,91766,229
YONKERS,10701,229
NEW HYDE PARK,11040,229
PORT WASHINGTON,11050,229
LEVITTOWN,19054,229
HICKSVILLE,11801,229
LAWRENCEVILLE,30042,229
MC LEAN,22101,229
WATERLOO,50701,229
UTICA,13501,229
JOHNSON CITY,37601,229
APPLETON,54911,229
LIMA,45801,229
ELMIRA,14901,229
MC KEESPORT,15130,229
LORETTO,55357,229
HERNDON,20170,229
GREELEY,80631,229
FREDERICK,21701,229
MANASSAS,20108,229
MERRIFIELD,22081,229
HIGH POINT,27260,229
NORMAN,73019,229
BEAUFORT,29901,229
GADSDEN,35901,229
NORTH CHARLESTON,29405,229
AIKEN,29801,229
NORCROSS,30003,229
SPARKS,89431,229
SAINT AUGUSTINE,32080,229
LARGO,33770,229
PALMDALE,93550,229
SPRING HILL,34606,229
ANNISTON,36201,229
KINGSPORT,37660,229
GRAND JUNCTION,81501,229
HATTIESBURG,39401,229
GULFPORT,39501,229
BILOXI,39530,229
MIGRATE,41901,229
PROVO,84601,229
GALVESTON,77550,229
EVANSTON,60201,229
DEARBORN,48120,229
PRESCOTT,86301,229
MUSKEGON,49440,229
IOWA CITY,52240,229
GRAND FORKS,58201,229
JOLIET,60431,229
NAPERVILLE,60540,229
CHAMPAIGN,61820,229
LEES SUMMIT,64063,229
MOUNTAIN VIEW,94035,229
TEXARKANA,75501,229
HOT SPRINGS NATIONAL PARK,71901,229
COLLEGE STATION,77840,229
MESQUITE,75149,229
SUNNYVALE,94085,229
CHICO,95926,229
KATY,77449,229
SANDY,84070,229
POCATELLO,83201,229
SANTA CRUZ,95060,229
HUNTINGTON BEACH,92605,229
NEWPORT BEACH,92658,229
OXNARD,93030,229
SIMI VALLEY,93062,229
REDWOOD CITY,94059,229
PETALUMA,94952,229
AMERICAN SAMOA,96799,220
ST THOMAS,00801,201
CHRISTIANSTED,00820,201
CHICOPEE,01013,201
SOUTHFIELD,48034,201
STERLING,20163,201
FRAMINGHAM,01701,201
ANDOVER,01810,201
LAWRENCE,66044,201
LOWELL,01850,201
WINCHESTER,22601,201
DOVER,19901,201
FRANKLIN,37064,201
BROCKTON,02301,201
EASTON,18040,201
FALL RIVER,02720,201
CUMBERLAND,21501,201
FREMONT,94536,201
NASHUA,03060,201
BRUNSWICK,31520,201
STILLWATER,74074,201
CAMDEN,08101,201
BROWNSVILLE,78520,201
WOODBRIDGE,22191,201
KENT,98031,201
REDDING,96001,201
CLIFTON,07011,201
BELLEVILLE,62220,201
ELIZABETH,07201,201
TITUSVILLE,32780,201
LAKEWOOD,90711,201
TOMS RIVER,08753,201
EDISON,08817,201
GARDEN CITY,11530,201
WESTBURY,11590,201
CLARKSVILLE,37040,201
ROCK HILL,29730,201
ROME,30161,201
HAMMOND,46320,201
BINGHAMTON,13901,201
LIVONIA,48150,201
ONTARIO,91758,201
JUNEAU,99801,201
COVINGTON,41011,201
CAMP HILL,17001,201
GILBERT,85233,201
LAWTON,73501,201
NORRISTOWN,19401,201
DULLES,20101,201
ASHBURN,20146,201
COMPTON,90220,201
CAPITOL HEIGHTS,20731,201
UPPER MARLBORO,20772,201
GOLDSBORO,27530,201
GREAT FALLS,59401,201
CARROLLTON,75006,201
VICTORIA,77901,201
LONDON,40741,201
DOTHAN,36301,201
PARKERSBURG,26101,201
CARY,27511,201
CHAPEL HILL,27514,201
GATESVILLE,76528,201
GASTONIA,28052,201
NEW BERN,28560,201
ALPHARETTA,30004,201
WARNER ROBINS,31088,201
COCOA,32922,201
JUPITER,33458,201
ZEPHYRHILLS,33539,201
SEBRING,33870,201
PUNTA GORDA,33950,201
DUNNELLON,34430,201
NEW PORT RICHEY,34652,201
CROSSVILLE,38555,201
YUMA,85364,201
COOKEVILLE,38501,201
ENID,73701,201
PASCAGOULA,39567,201
STERLING HEIGHTS,48310,201
BATTLE CREEK,49014,201
AMES,50010,201
TRACY,95304,201
DUBUQUE,52001,201
KENOSHA,53140,201
OSHKOSH,54901,201
BUTTE,59701,201
SLIDELL,70458,201
BOSSIER CITY,71111,201
GRAND PRAIRIE,75050,201
RICHARDSON,75080,201
LUFKIN,75901,201
NACOGDOCHES,75961,201
BEND,97701,201
MCALLEN,78501,201
SANTA MARIA,93454,201
ROUND ROCK,78664,201
CASPER,82601,201
NAMPA,83651,201
APACHE JUNCTION,85217,201
FLAGSTAFF,86001,201
SEDONA,86336,201
SAN RAFAEL,94901,201
SANTA CLARITA,91350,201
WOODLAND HILLS,91364,201
RANCHO CUCAMONGA,91701,201
EL CAJON,92019,201
LA JOLLA,92037,201
TEMECULA,92589,201
VISALIA,93277,201
DALY CITY,94013,201
NOVATO,94945,201
MERCED,95340,201
BOTHELL,98011,201
RENTON,98055,201
BREMERTON,98310,201
PUYALLUP,98371,201
NORTHERN MARIANA ISLANDS,96950,200
PLAINFIELD,07060,168
WILLIAMSBURG,23185,168
DALTON,30719,168
CONWAY,72032,168
WARWICK,02886,168
WESTMINSTER,80030,168
AUBURN,98001,168
ASHLAND,41101,168
BURLINGTON,05401,168
HAVERHILL,01830,168
SALISBURY,21801,168
BELLINGHAM,98225,168
MINOT,58701,168
NORWOOD,55368,168
QUINCY,02169,168
MILTON,32570,168
WEYMOUTH,02188,168
HANOVER,17331,168
MIDDLEBORO,02344,168
WALTHAM,02451,168
MARION,43301,168
WESTPORT,06880,168
BRISTOL,24201,168
JAMESTOWN,14701,168
NEWPORT,41071,168
DANVILLE,24540,168
GREENWOOD,29646,168
WAYNE,19080,168
FARMINGDALE,11735,168
JONESBORO,72401,168
SAINT GEORGE,84770,168
BRATTLEBORO,05301,168
BRANDON,33508,168
WALLINGFORD,06492,168
NEW BRITAIN,06050,168
EAST HARTFORD,06108,168
GREENWICH,06830,168
MILLINGTON,38053,168
MORRISTOWN,07960,168
LEESBURG,20175,168
MARTINSVILLE,24112,168
NEW ROCHELLE,10801,168
ORANGEBURG,29115,168
SPRING VALLEY,91976,168
ASTORIA,11102,168
UNIONDALE,11553,168
VALLEY STREAM,11580,168
FAR ROCKAWAY,11690,168
PETERSBURG,23803,168
SURPRISE,85374,168
POUGHKEEPSIE,12601,168
WILSON,27893,168
WEST BLOOMFIELD,48322,168
ITHACA,14850,168
JASPER,35501,168
SPRINGDALE,72762,168
HENDERSONVILLE,28739,168
ARCADIA,91006,168
BOYERS,16016,168
BESSEMER,35020,168
SEMINOLE,33772,168
ELGIN,60120,168
LAKE CITY,32024,168
STATE COLLEGE,16801,168
THOMASVILLE,31757,168
WILLIAMSPORT,17701,168
VICKSBURG,39180,168
LEWISVILLE,75029,168
WEST CHESTER,19380,168
WALDORF,20601,168
BOWLING GREEN,42101,168
HARRISONBURG,22801,168
YORKTOWN,23690,168
CARSON,90745,168
BLACKSBURG,24060,168
ROCKY MOUNT,27801,168
STUART,34994,168
SAINT CHARLES,63301,168
WEST COLUMBIA,29169,168
LOGAN,84321,168
EDMOND,73003,168
PALESTINE,75801,168
RURAL HALL,27045,168
REIDSVILLE,27320,168
LONGWOOD,32750,168
KINSTON,28501,168
SUMTER,29150,168
DUNCAN,73533,168
RUSSELLVILLE,72801,168
CLEMSON,29631,168
HILTON HEAD ISLAND,29925,168
STONE MOUNTAIN,30083,168
DOUGLASVILLE,30133,168
KENNESAW,30144,168
NEWNAN,30263,168
STATESBORO,30458,168
JESUP,31545,168
ORANGE PARK,32003,168
PALM COAST,32135,168
ORMOND BEACH,32173,168
ALTAMONTE SPRINGS,32701,168
DELTONA,32725,168
WINTER PARK,32789,168
LUTZ,33548,168
PLANT CITY,33564,168
LEHIGH ACRES,33936,168
BONITA SPRINGS,34133,168
VENICE,34284,168
NORTH PORT,34286,168
INVERNESS,34450,168
PALM HARBOR,34682,168
CULLMAN,35055,168
OPELIKA,36801,168
PHENIX CITY,36867,168
DEL RIO,78840,168
MARYVILLE,37801,168
MOORHEAD,56560,168
TUPELO,38801,168
GOLDEN,80401,168
KOKOMO,46901,168
OWENSBORO,42301,168
GROVEPORT,43125,168
WALNUT CREEK,94595,168
ADA,49301,168
HOBBS,88240,168
ELKHART,46514,168
OAK PARK,60301,168
BLOOMFIELD HILLS,48301,168
PONTIAC,48340,168
LAKE ORION,48359,168
NOVI,48374,168
EAST LANSING,48823,168
RAPID CITY,57701,168
TRAVERSE CITY,49684,168
KINCHELOE,49784,168
FONTANA,92334,168
WAUKESHA,53186,168
MANKATO,56001,168
JOPLIN,64801,168
CORVALLIS,97330,168
KALISPELL,59901,168
DES PLAINES,60016,168
LOVES PARK,61111,168
BALLWIN,63011,168
FLORISSANT,63031,168
CAPE GIRARDEAU,63701,168
KEARNEY,68845,168
OLATHE,66051,168
KENNER,70062,168
HOUMA,70360,168
PINE BLUFF,71601,168
WEATHERFORD,76085,168
BARTLESVILLE,74003,168
BROKEN ARROW,74011,168
PONCA CITY,74601,168
TENNESSEE COLONY,75861,168
CARLSBAD,92008,168
SUGAR LAND,77478,168
PORT ARTHUR,77640,168
NEW BRAUNFELS,78130,168
ENCINO,91316,168
HARLINGEN,78550,168
SAN MARCOS,92069,168
LONGMONT,80501,168
LARAMIE,82070,168
DOWNEY,90239,168
OREM,84057,168
SIERRA VISTA,85635,168
LAKE HAVASU CITY,86403,168
BULLHEAD CITY,86429,168
LA MESA,91941,168
PAHRUMP,89041,168
CULVER CITY,90230,168
BUENA PARK,90620,168
PICO RIVERA,90660,168
SAN PEDRO,90731,168
CANOGA PARK,91303,168
SHERMAN OAKS,91403,168
EL MONTE,91731,168
LA PUENTE,91744,168
WEST COVINA,91790,168
PALM DESERT,92211,168
HEMET,92543,168
PERRIS,92570,168
GOLETA,93116,168
SAN BRUNO,94066,168
VALLEJO,94589,168
LOS GATOS,95030,168
WEST SACRAMENTO,95605,168
RANCHO CORDOVA,95670,168
FEDERAL WAY,98003,168
HOLTSVILLE,00501,127
AGUADILLA,00603,127
ARECIBO,00612,127
TOA BAJA,00949,127
AMHERST,01002,127
CHESTERFIELD,63005,127
GOSHEN,46526,127
NORTHAMPTON,01060,127
PITTSFIELD,01201,127
CHESHIRE,06408,127
HINSDALE,60521,127
GROTON,01450,127
BROOKFIELD,53005,127
CLINTON,39056,127
DOUGLAS,31533,127
HOLLAND,49422,127
WESTBOROUGH,01580,127
BEDFORD,76021,127
HUDSON,34667,127
GEORGETOWN,78626,127
MARSHFIELD,54404,127
BRIGHTON,80601,127
SOMERVILLE,02143,127
PLYMOUTH,02360,127
WATERTOWN,02471,127
ARLINGTON HEIGHTS,60004,127
CENTERVILLE,02632,127
SOMERSET,42501,127
MIDDLETOWN,10940,127
PAWTUCKET,02860,127
CRANSTON,02910,127
TILTON,03276,127
DUBLIN,31021,127
LEBANON,37087,127
MERIDEN,06450,127
FREEPORT,04032,127
SANFORD,27330,127
WATERFORD,48327,127
LEWISTON,04240,127
PARIS,75460,127
CARMEL,46032,127
LAGRANGE,30240,127
PORTAGE,49002,127
EUSTIS,32726,127
FAIRFIELD,06430,127
LIBERTY,64068,127
COLCHESTER,05439,127
ROGERS,72756,127
VERSAILLES,40383,127
STRATFORD,06497,127
HAMDEN,06514,127
SHERMAN,75090,127
CALDWELL,83605,127
EAST ORANGE,07017,127
BUTLER,16001,127
MAHWAH,07430,127
ALPINE,79830,127
LODI,95240,127
GILLETTE,82716,127
WHIPPANY,07981,127
CHERRY HILL,08002,127
CHATSWORTH,91311,127
LUMBERTON,28358,127
MAGNOLIA,77353,127
PLEASANTVILLE,10570,127
MONROEVILLE,36460,127
VINELAND,08360,127
CLARKSBURG,26301,127
FLORAL PARK,11001,127
LONG ISLAND CITY,11101,127
BAYSIDE,11359,127
QUEENS VILLAGE,11427,127
HEMPSTEAD,11549,127
ROCKVILLE CENTRE,11570,127
BROOKHAVEN,39601,127
NORTHPORT,35473,127
GERMANTOWN,20874,127
NEWBURGH,12550,127
KEESEVILLE,12911,127
LIVERPOOL,13088,127
WEST MONROE,71291,127
SMYRNA,30080,127
ENDICOTT,13760,127
GRAND ISLAND,68801,127
WARSAW,46580,127
CAMPBELL,95008,127
WARRENDALE,15086,127
HICKORY,28601,127
MARIANNA,32446,127
GREENSBURG,15601,127
HUTCHINSON,67501,127
MOUNT PLEASANT,29464,127
SUMMERVILLE,29483,127
EAU CLAIRE,54701,127
VALENCIA,91354,127
SENECA,29672,127
ALTOONA,16601,127
MADERA,93637,127
CLEARFIELD,84015,127
BENTON,72015,127
SHENANDOAH,51601,127
LEHIGH VALLEY,18001,127
EMMAUS,18049,127
CARBONDALE,62901,127
PITTSTON,18640,127
PINEVILLE,71359,127
ARDMORE,73401,127
FORT WASHINGTON,19034,127
MEDIA,19063,127
CONCORDVILLE,19331,127
SOUTHEASTERN,19397,127
MARSHALL,75670,127
CENTREVILLE,20120,127
CHANTILLY,20151,127
WARRENTON,20186,127
COLLEGE PARK,20740,127
GREENBELT,20768,127
ABINGDON,24210,127
ELLICOTT CITY,21041,127
GLEN BURNIE,21060,127
MIDLOTHIAN,23112,127
CORDOVA,38016,127
ROYAL OAK,48067,127
GLEN ALLEN,23058,127
LA CROSSE,54601,127
RADFORD,24141,127
STAUNTON,24401,127
SELMA,36701,127
GRETNA,70053,127
MINERAL WELLS,26120,127
PULLMAN,99163,127
BURTON,48509,127
ASHEBORO,27203,127
ELIZABETH CITY,27906,127
KANNAPOLIS,28081,127
MATTHEWS,28104,127
SHELBY,28150,127
STATESVILLE,28625,127
NORTH WILKESBORO,28656,127
LEESVILLE,71446,127
GAFFNEY,29340,127
NORTH MYRTLE BEACH,29582,127
EASLEY,29640,127
GREER,29650,127
FORT MILL,29708,127
ELKO,89801,127
NORTH AUGUSTA,29841,127
CONYERS,30012,127
CLARKSTON,48346,127
CUMMING,30028,127
ROSWELL,30075,127
BUFORD,30515,127
CLERMONT,34711,127
COMMERCE,30529,127
MILLEDGEVILLE,31059,127
WAYCROSS,31501,127
LADY LAKE,32158,127
NEW SMYRNA BEACH,32168,127
CYPRESS,77410,127
WAUSAU,54401,127
DESTIN,32540,127
FORT WALTON BEACH,32547,127
GULF BREEZE,32561,127
VALPARAISO,46383,127
APOPKA,32703,127
CASSELBERRY,32707,127
DELAND,32720,127
OVIEDO,32762,127
MERRITT ISLAND,32952,127
SEBASTIAN,32958,127
OPA LOCKA,33054,127
DEERFIELD BEACH,33441,127
DADE CITY,33523,127
SUN CITY,85351,127
PINELLAS PARK,33780,127
LAKE WALES,33853,127
NORTH FORT MYERS,33903,127
CRYSTAL RIVER,34423,127
HOMOSASSA,34446,127
WINTER GARDEN,34777,127
OKEECHOBEE,34972,127
DUNCANVILLE,75116,127
PRATTVILLE,36066,127
ATMORE,36502,127
SHELBYVILLE,37160,127
GREENEVILLE,37743,127
SEVIERVILLE,37862,127
ROCK ISLAND,61201,127
WALNUT,91788,127
GUNNISON,81230,127
BLUE SPRINGS,64013,127
NATCHEZ,39120,127
OCEAN SPRINGS,39564,127
SULPHUR,70663,127
MC KINNEY,75069,127
LEANDER,78641,127
PADUCAH,42001,127
URBANA,61801,127
WESTERVILLE,43081,127
ROSEVILLE,95661,127
SHAWNEE,74801,127
WEST LAFAYETTE,47906,127
LORAIN,44052,127
EUCLID,44117,127
CUYAHOGA FALLS,44221,127
MASSILLON,44646,127
LOVELAND,80537,127
MISHAWAKA,46544,127
UPLAND,91784,127
PEKIN,61554,127
CLINTON TOWNSHIP,48035,127
SAINT CLAIR SHORES,48080,127
BAY CITY,48706,127
EUREKA,95501,127
OSSEO,55311,127
TUSTIN,92780,127
WEST DES MOINES,50265,127
CRYSTAL LAKE,60012,127
JANESVILLE,53545,127
COUNCIL BLUFFS,51501,127
DURANGO,81301,127
SHEBOYGAN,53081,127
SUN PRAIRIE,53590,127
FOND DU LAC,54935,127
EDEN PRAIRIE,55344,127
WAHPETON,58074,127
ROLLA,65401,127
FALLON,89406,127
WAUKEGAN,60079,127
BENSENVILLE,60105,127
KIRKLAND,98033,127
MELROSE PARK,60160,127
BROWNWOOD,76801,127
VISTA,92083,127
BURLINGAME,94010,127
THIBODAUX,70301,127
MANDEVILLE,70448,127
NEW IBERIA,70560,127
DENHAM SPRINGS,70706,127
RUSTON,71270,127
NATCHITOCHES,71457,127
ARKADELPHIA,71923,127
SEARCY,72143,127
MUSKOGEE,74401,127
FLOWER MOUND,75022,127
ROWLETT,75030,127
CORSICANA,75109,127
WAXAHACHIE,75165,127
BAYTOWN,77520,127
PEARLAND,77581,127
TEXAS CITY,77590,127
BROOMFIELD,80020,127
STEAMBOAT SPRINGS,80477,127
CANON CITY,81212,127
REXBURG,83440,127
COEUR D ALENE,83814,127
REDMOND,98052,127
NOGALES,85621,127
GALLUP,87301,127
CLOVIS,93611,127
THE LAKES,88901,127
INCLINE VILLAGE,89450,127
GARDENA,90247,127
LA HABRA,90631,127
LA MIRADA,90637,127
PACOIMA,91331,127
MISSION HILLS,91345,127
CANYON COUNTRY,91351,127
THOUSAND OAKS,91358,127
WESTLAKE VILLAGE,91359,127
CITY OF INDUSTRY,91714,127
COVINA,91722,127
MONTEREY PARK,91754,127
ROSEMEAD,91770,127
SAN GABRIEL,91775,127
INDIO,92201,127
LOMA LINDA,92350,127
REDLANDS,92373,127
VICTORVILLE,92392,127
LAKE ELSINORE,92530,127
MURRIETA,92562,127
SAN JACINTO,92581,127
COSTA MESA,92626,127
LAGUNA HILLS,92637,127
SAN CLEMENTE,92672,127
MISSION VIEJO,92690,127
BREA,92821,127
YORBA LINDA,92885,127
CAMARILLO,93010,127
LOMPOC,93436,127
LOS ALTOS,94022,127
MENLO PARK,94025,127
SOUTH SAN FRANCISCO,94080,127
MORAGA,94556,127
SAN LEANDRO,94577,127
TURLOCK,95380,127
CITRUS HEIGHTS,95610,127
ELK GROVE,95624,127
VACAVILLE,95687,127
YUBA CITY,95991,127
SHASTA LAKE,96019,127
TRUCKEE,96160,127
GRANTS PASS,97526,127
KLAMATH FALLS,97601,127
LYNNWOOD,98036,127
SNOHOMISH,98290,127
GIG HARBOR,98329,127
KENNEWICK,99336,127
KODIAK,99615,127
APO,09007,100
FPO,96206,100
VEGA BAJA,00693,75
CAYEY,00736,75
GUAYAMA,00784,75
HUMACAO,00791,75
ST JOHN,00830,75
FREDERIKSTED,00840,75
KINGSHILL,00850,75
TOA ALTA,00953,75
CATANO,00962,75
TRUJILLO ALTO,00976,75
CHESTER,19013,75
HOLYOKE,01040,75
SOUTHAMPTON,11968,75
WESTFIELD,01085,75
WEST SPRINGFIELD,01089,75
LONGMEADOW,01106,75
STOCKBRIDGE,01262,75
WINDSOR,06006,75
GREENFIELD,01301,75
TURNERS FALLS,01349,75
NORTHFIELD,01354,75
OXFORD,48370,75
RUTLAND,05701,75
SHREWSBURY,01545,75
MILFORD,48380,75
WOODVILLE,75979,75
BILLERICA,01821,75
NORTH READING,01864,75
PINEHURST,28370,75
WAKEFIELD,02879,75
GLOUCESTER,01930,75
PEABODY,01960,75
ROCKPORT,78381,75
DEDHAM,02026,75
HINGHAM,02043,75
MEDFORD,02153,75
MELROSE,02176,75
BRAINTREE,02184,75
BRIDGEWATER,02324,75
DUXBURY,02331,75
NORTH EASTON,02356,75
KINGSTON,12401,75
RANDOLPH,53956,75
BROOKLINE,02445,75
BELMONT,94002,75
BUZZARDS BAY,02532,75
FALMOUTH,02540,75
NANTUCKET,02554,75
NORTH ATTLEBORO,02760,75
TAUNTON,02780,75
ALBION,16401,75
BARRINGTON,60010,75
HOPE,71801,75
NORTH KINGSTOWN,02852,75
SMITHFIELD,23430,75
HEBRON,43025,75
HILLSBORO,97123,75
LACONIA,03246,75
WOODSTOCK,30188,75
KEENE,03431,75
ACWORTH,30101,75
ENFIELD,06082,75
ROLLINSFORD,03805,75
RYE,10580,75
BIDDEFORD,04005,75
HARRISON,72601,75
SCARBOROUGH,04070,75
WESTBROOK,04092,75
SOUTH PORTLAND,04106,75
LIVERMORE,94550,75
SUMNER,98352,75
BANGOR,04401,75
CASTINE,04420,75
CORINTH,38834,75
KINGMAN,86401,75
ORONO,04469,75
CHAMBERLAIN,57325,75
PERRY,32347,75
BLAINE,98230,75
LIMESTONE,04750,75
VAN BUREN,72956,75
WATERVILLE,04901,75
SAINT ALBANS,05478,75
WHITE RIVER JUNCTION,05001,75
EAST CORINTH,05040,75
VERNON,76384,75
SOUTH BURLINGTON,05403,75
ESSEX JUNCTION,05452,75
JERICHO,11753,75
JONESVILLE,29353,75
WILLISTON,58801,75
EDEN,27288,75
MOSCOW,83843,75
RIVERTON,08076,75
STAFFORD,22554,75
SUFFIELD,06078,75
UNIONVILLE,06085,75
WETHERSFIELD,06109,75
NEWINGTON,06111,75
STORRS MANSFIELD,06268,75
NEW CANAAN,06840,75
RIDGEFIELD,06877,75
EDGEWATER,32132,75
KEARNY,07032,75
LIVINGSTON,77351,75
MONTCLAIR,07042,75
UNION CITY,38261,75
SECAUCUS,07094,75
BLOOMINGDALE,60108,75
OAK RIDGE,37830,75
RIDGEWOOD,07450,75
RIVERDALE,20737,75
HAWTHORNE,07506,75
HALEDON,07508,75
TOTOWA,07511,75
HACKENSACK,07601,75
PARAMUS,07652,75
ALLENHURST,07709,75
BELMAR,07715,75
EATONTOWN,07724,75
HOWELL,48843,75
HOLMDEL,07733,75
NEPTUNE,07753,75
BRANCHVILLE,07826,75
LAYTON,84040,75
SUMMIT,07901,75
GLENDORA,91740,75
BELLMAWR,08031,75
ABSECON,08201,75
OCEAN CITY,21842,75
CRANBURY,08512,75
BRICK,08723,75
PISCATAWAY,08854,75
PERTH AMBOY,08861,75
RARITAN,08869,75
SAYREVILLE,08871,75
SOUTH RIVER,08877,75
SOUTH AMBOY,08878,75
CROTON ON HUDSON,10520,75
MONTROSE,81401,75
TARRYTOWN,10591,75
WEST NYACK,10994,75
WEST POINT,10996,75
LITTLE NECK,11362,75
FRESH MEADOWS,11365,75
EAST ELMHURST,11369,75
ELMHURST,11373,75
OZONE PARK,11416,75
LYNBROOK,11563,75
AMITYVILLE,11701,75
WEST BABYLON,11704,75
BRENTWOOD,37024,75
SMITHTOWN,11745,75
HUNTINGTON STATION,11746,75
MELVILLE,11747,75
ISLANDIA,11749,75
SYOSSET,11773,75
STONY BROOK,11790,75
PLAINVIEW,79072,75
LATHAM,12110,75
NEW BALTIMORE,48047,75
STEPHENTOWN,12168,75
ROUND TOP,78954,75
HIGHLAND,48356,75
HOLMES,19043,75
WHITE LAKE,48383,75
CHESTERTOWN,21620,75
NEWCOMB,12852,75
PLATTSBURGH,12901,75
BURKE,22009,75
CROWN POINT,46307,75
ELIZABETHTOWN,42701,75
LAKE PLACID,33852,75
LYON MOUNTAIN,12952,75
REDFORD,48239,75
HASTINGS,68901,75
MARTINSBURG,25401,75
NEW BERLIN,53146,75
EDWARDS,93523,75
POTSDAM,13676,75
BAINBRIDGE,31717,75
SIDNEY,45365,75
VESTAL,13850,75
BATAVIA,14020,75
LOCKPORT,14094,75
MEDINA,44256,75
PERRYSBURG,43551,75
SANDUSKY,44870,75
TONAWANDA,14150,75
SILVER SPRINGS,34488,75
WILLARD,44888,75
ALMA,48801,75
BOLIVAR,38008,75
FILLMORE,93015,75
CORNING,14830,75
HORSEHEADS,14844,75
WAVERLY,23890,75
NEW KENSINGTON,15068,75
WEST MIFFLIN,15122,75
SEWICKLEY,15143,75
WESTLAND,48185,75
MARTIN,38237,75
FAIRHOPE,36532,75
SALINA,67401,75
YUKON,73085,75
BLAIRSVILLE,30512,75
PARKER,80134,75
DARLINGTON,29532,75
EDINBURG,78539,75
NEW WILMINGTON,16142,75
KITTANNING,16201,75
CLARION,50525,75
MEADVILLE,16335,75
EDINBORO,16412,75
CRESSON,16630,75
GLASGOW,42141,75
HOUTZDALE,16651,75
HUNTINGDON,16652,75
WESTOVER,21871,75
WOODLAND,95695,75
WOODWARD,73801,75
GENESEE,16923,75
MECHANICSBURG,17050,75
MARYSVILLE,43040,75
GETTYSBURG,17325,75
PARADISE,95967,75
RONKS,17572,75
STRASBURG,22641,75
JERSEY SHORE,17723,75
BEAVER SPRINGS,17812,75
MIDDLEBURG,20117,75
FRACKVILLE,17931,75
HAZLETON,18201,75
DELANO,93215,75
OLYPHANT,18447,75
NEW ALBANY,47150,75
MECHANICSVILLE,23111,75
SILVERDALE,98315,75
WARMINSTER,18974,75
FOLSOM,95630,75
KING OF PRUSSIA,19406,75
EAGLEVILLE,19408,75
BLUE BELL,19422,75
CONSHOHOCKEN,19428,75
HARLEYSVILLE,19438,75
NORTH WALES,19454,75
POTTSTOWN,19464,75
AMISSVILLE,20106,75
PURCELLVILLE,20132,75
ROUND HILL,20141,75
HAYMARKET,20168,75
NOKESVILLE,20181,75
UPPERVILLE,20184,75
BARSTOW,92311,75
SOUTHERN MD FACILITY,20697,75
LANHAM,20703,75
BELTSVILLE,20704,75
OXON HILL,20745,75
SUITLAND,20746,75
DISTRICT HEIGHTS,20747,75
TEMPLE HILLS,20748,75
CHEVY CHASE,20815,75
OLNEY,20830,75
POTOMAC,20854,75
KENSINGTON,20891,75
TAKOMA PARK,20912,75
ABERDEEN,57401,75
BEL AIR,21014,75
KINGSVILLE,78363,75
LUTHERVILLE TIMONIUM,21093,75
SIMPSONVILLE,29680,75
WHITE HALL,71602,75
TOWSON,21204,75
MONROVIA,91016,75
ALLEN,75002,75
QUANTICO,22134,75
ELKTON,21921,75
LORTON,22079,75
CORBIN,40701,75
EDWARDSVILLE,62025,75
BENTONVILLE,72712,75
BATESVILLE,72501,75
CARTERSVILLE,30120,75
OAK HALL,23396,75
KELLER,76244,75
JARRATT,23867,75
FARMVILLE,23901,75
EVERGREEN,80437,75
RED OAK,51566,75
CHRISTIANSBURG,24068,75
WILLIS,77318,75
BISHOP,93514,75
NEWHALL,91321,75
BARTOW,33830,75
BLAIR,68008,75
KEARNEYSVILLE,25429,75
BECKLEY,25801,75
MINDEN,71055,75
DAVIS,95616,75
BEREA,40403,75
BURNSVILLE,55306,75
GILMER,75644,75
FAIRMONT,26554,75
ENTERPRISE,36330,75
BAKER,70704,75
CEDAR FALLS,50613,75
KERNERSVILLE,27284,75
SEDALIA,65301,75
SUMMERFIELD,34491,75
CREEDMOOR,27522,75
HOLLY SPRINGS,38634,75
WAKE FOREST,27587,75
HOLLISTER,65672,75
PIKEVILLE,41501,75
SARATOGA,95070,75
FRISCO,75034,75
ALBEMARLE,28001,75
HUNTERSVILLE,28070,75
LAWNDALE,90260,75
LINCOLNTON,28092,75
MOORESVILLE,28115,75
FORT BRAGG,28307,75
DUNN,28334,75
LAURINBURG,28352,75
ROCKINGHAM,28379,75
SOUTHERN PINES,28387,75
SHALLOTTE,28459,75
CAMP LEJEUNE,28542,75
LA GRANGE,40031,75
STACY,55078,75
BOONE,28607,75
LENOIR,28633,75
MORGANTON,28655,75
TERRELL,75160,75
MOUNTAIN HOME,72653,75
RIDGECREST,93555,75
WAYNESVILLE,28785,75
HOPKINS,55305,75
SANTEE,92071,75
JOHNS ISLAND,29455,75
GRESHAM,97030,75
HARTSVILLE,29550,75
ABBEVILLE,70510,75
HODGES,29653,75
MC CORMICK,29835,75
RIDGELAND,39157,75
NORTH METRO,30026,75
LITHONIA,30038,75
SNELLVILLE,30039,75
LILBURN,30047,75
TUCKER,30084,75
AUSTELL,30106,75
GRIFFIN,30223,75
MCDONOUGH,30252,75
MORROW,30260,75
PALMETTO,34220,75
FOREST PARK,30297,75
ROCKLEDGE,32955,75
VIDALIA,30474,75
ALTO,30510,75
DAHLONEGA,30533,75
DEMOREST,30535,75
CRAWFORDVILLE,32326,75
CALHOUN,30701,75
BLYTHE,92225,75
CORDELE,31010,75
HINESVILLE,31310,75
FORT STEWART,31314,75
BAXLEY,31513,75
AMERICUS,31709,75
MOULTRIE,31768,75
TIFTON,31793,75
FORT BENNING,31905,75
PONTE VEDRA BEACH,32004,75
FERNANDINA BEACH,32034,75
YULEE,32041,75
LIVE OAK,32060,75
CRESCENT CITY,95531,75
FLAGLER BEACH,32136,75
INTERLACHEN,32148,75
PALATKA,32177,75
OCKLAWAHA,32179,75
JACKSONVILLE BEACH,32240,75
APALACHICOLA,32320,75
PANAMA CITY BEACH,32407,75
DEFUNIAK SPRINGS,32433,75
PORT SAINT JOE,32456,75
CRESTVIEW,32536,75
NICEVILLE,32578,75
ALACHUA,32615,75
CHIEFLAND,32626,75
HIGH SPRINGS,32643,75
WINTER SPRINGS,32708,75
DEBARY,32713,75
LAKE MARY,32746,75
MAITLAND,32751,75
MOUNT DORA,32756,75
ORANGE CITY,32763,75
COCOA BEACH,32931,75
HALLANDALE,33008,75
BRYANT,72022,75
HOBE SOUND,33455,75
DURANT,74701,75
RIVERVIEW,33568,75
SUN CITY CENTER,33571,75
SEFFNER,33583,75
VALRICO,33594,75
AVON PARK,33825,75
HAINES CITY,33844,75
FORT MYERS BEACH,33931,75
LABELLE,33935,75
IMMOKALEE,34142,75
MARCO ISLAND,34145,75
NOKOMIS,34274,75
BELLEVIEW,34420,75
LECANTO,34460,75
PORT RICHEY,34668,75
TARPON SPRINGS,34688,75
HOLIDAY,34690,75
DUNEDIN,34697,75
JENSEN BEACH,34957,75
PALM CITY,34990,75
ALEXANDER CITY,35010,75
CLANTON,35045,75
PELL CITY,35125,75
SYLACAUGA,35150,75
TALLADEGA,35160,75
MUSCLE SHOALS,35661,75
NORMAL,61761,75
SCOTTSBORO,35768,75
ALBERTVILLE,35950,75
BOAZ,35956,75
FORT PAYNE,35967,75
EUFAULA,36027,75
TUSKEGEE INSTITUTE,36087,75
WETUMPKA,36092,75
OZARK,36360,75
BREWTON,36426,75
DICKINSON,58601,75
SPANISH FORT,36527,75
FOLEY,36535,75
GULF SHORES,36542,75
THEODORE,36582,75
SAFFORD,85546,75
VALLEY,36854,75
ANTIOCH,37011,75
CEDAR HILL,75104,75
DICKSON,37055,75
GOODLETTSVILLE,37070,75
LA VERGNE,37086,75
MC MINNVILLE,37110,75
MOUNT JULIET,37121,75
SEWANEE,37375,75
SODDY DAISY,37379,75
ELIZABETHTON,37643,75
PINEY FLATS,37686,75
LENOIR CITY,37771,75
NEW TAZEWELL,37824,75
PIGEON FORGE,37863,75
ATOKA,74525,75
COLLIERVILLE,38017,75
DYERSBURG,38024,75
HURON,57350,75
MICHIGAN CITY,46360,75
SOUTHAVEN,38671,75
WALLS,38680,75
GRENADA,38901,75
MORGAN CITY,70380,75
SILVER CITY,88061,75
PEARL,39208,75
PORTERVILLE,93257,75
SEBASTOPOL,95472,75
BAY SAINT LOUIS,39520,75
STENNIS SPACE CENTER,39522,75
MOSS POINT,39562,75
MCCOMB,39648,75
ARTESIA,88210,75
STARKVILLE,39759,75
RADCLIFF,40159,75
NICHOLASVILLE,40340,75
HARLAN,51537,75
HAZARD,41701,75
HOPKINSVILLE,42240,75
BEAVER DAM,53916,75
CAMPBELLSVILLE,42718,75
LEITCHFIELD,42754,75
OAK HARBOR,98277,75
ZANESVILLE,43701,75
BELLAIRE,77401,75
STEUBENVILLE,43952,75
ASHTABULA,44004,75
CHAGRIN FALLS,44022,75
ELYRIA,44035,75
MENTOR,44060,75
NOVELTY,44072,75
WILLOUGHBY,44094,75
EASTLAKE,44095,75
STRONGSVILLE,44136,75
ATWATER,95301,75
WADSWORTH,44281,75
NILES,49120,75
BELOIT,53511,75
SULPHUR SPRINGS,75482,75
MIAMISBURG,45342,75
LUCASVILLE,45648,75
FINDLAY,45839,75
NOBLESVILLE,46060,75
LA PORTE,46350,75
SAINT JOHN,99127,75
MERRILLVILLE,46410,75
CLAWSON,48017,75
MACOMB,48042,75
MOUNT CLEMENS,48043,75
PORT HURON,48060,75
DEARBORN HEIGHTS,48125,75
YPSILANTI,48197,75
GROSSE POINTE,48230,75
AUBURN HILLS,48321,75
WALLED LAKE,48390,75
FENTON,63026,75
FRANKENMUTH,48734,75
NATIONAL CITY,91950,75
TAWAS CITY,48763,75
OKEMOS,48805,75
BENTON HARBOR,49022,75
GALESBURG,61401,75
BERRIEN SPRINGS,49103,75
MOLINE,61265,75
GRANDVILLE,49418,75
HESPERIA,92340,75
JENISON,49428,75
BRIMLEY,49715,75
GAYLORD,49734,75
GRAYLING,49738,75
ODEN,71961,75
DODGEVILLE,53533,75
ANKENY,50015,75
GRINNELL,50112,75
HARVEY,70058,75
URBANDALE,50322,75
MASON CITY,50401,75
WEST BEND,53090,75
CRAIG,81625,75
DENISON,75020,75
AMANA,52203,75
ELY,89301,75
LIBERTYVILLE,60048,75
MENOMONEE FALLS,53051,75
NEW HOLSTEIN,53061,75
REEDSBURG,53958,75
ROCK SPRINGS,82901,75
GREEN VALLEY,85614,75
MANITOWOC,54220,75
STEVENS POINT,54481,75
WISCONSIN RAPIDS,54494,75
CHIPPEWA FALLS,54729,75
IOLA,54945,75
NEENAH,54956,75
INVER GROVE HEIGHTS,55076,75
HOWARD LAKE,55349,75
CANYON,79015,75
HIBBING,55746,75
WHEATON,60187,75
WAITE PARK,56387,75
DETROIT LAKES,56501,75
FERGUS FALLS,56537,75
BEMIDJI,56601,75
BROOKINGS,57006,75
YANKTON,57078,75
MILBANK,57252,75
TULARE,93274,75
MISSION,78572,75
SPEARFISH,57783,75
GRAND FORKS AFB,58204,75
MCHENRY,60050,75
MINOT AFB,58704,75
PRYOR,74361,75
ROUNDUP,59072,75
ENNIS,75119,75
ELK GROVE VILLAGE,60007,75
NORTHBROOK,60062,75
NORTH CHICAGO,60064,75
SKOKIE,60076,75
WINNETKA,91306,75
GLEN ELLYN,60137,75
WEST CHICAGO,60185,75
CHICAGO HEIGHTS,60411,75
BOLINGBROOK,60440,75
OAK LAWN,60453,75
ORLAND PARK,60462,75
DOWNERS GROVE,60515,75
FOX VALLEY,60597,75
KANKAKEE,60901,75
BELLFLOWER,90706,75
ALVIN,77511,75
LA PLACE,70068,75
MASCOUTAH,62224,75
PAYSON,85541,75
HURST,76053,75
POPLAR BLUFF,63901,75
MISSOURI CITY,77459,75
LIBERAL,67901,75
CEDAR CITY,84720,75
BRANSON,65615,75
PLEASANTON,94566,75
EL DORADO,71730,75
ELK CITY,73644,75
PAPILLION,68046,75
SNYDER,79549,75
NORTH PLATTE,69101,75
KILGORE,75662,75
SCOTTSBLUFF,69361,75
CHALMETTE,70043,75
MARRERO,70072,75
WESTWEGO,70094,75
ANGIE,70426,75
BOGALUSA,70427,75
CROWLEY,70526,75
OPELOUSAS,70570,75
GONZALES,70707,75
PLAQUEMINE,70764,75
BASTROP,71220,75
BONITA,91902,75
TALLULAH,71282,75
MC GEHEE,71654,75
HOT SPRINGS VILLAGE,71909,75
GRAPEVINE,76051,75
MC CRORY,72101,75
WEST MEMPHIS,72301,75
BLYTHEVILLE,72315,75
FORREST CITY,72335,75
PARAGOULD,72450,75
CHEROKEE VILLAGE,72525,75
HEBER SPRINGS,72543,75
EUREKA SPRINGS,72631,75
MARBLE FALLS,78654,75
TIMBO,72657,75
NORFORK,72658,75
BELLA VISTA,72714,75
ALTUS,73521,75
CHICKASHA,73018,75
CLAREMORE,74017,75
SAPULPA,74066,75
GROVE,74344,75
TAHLEQUAH,74464,75
WAGONER,74467,75
MCALESTER,74501,75
COPPELL,75019,75
ROCKWALL,75032,75
DESOTO,75115,75
AZLE,76020,75
BURLESON,76028,75
CLEBURNE,76031,75
EULESS,76039,75
GRANBURY,76048,75
NORTH RICHLAND HILLS,76180,75
STEPHENVILLE,76401,75
TOMBALL,77375,75
ANGLETON,77515,75
FRIENDSWOOD,77546,75
LEAGUE CITY,77573,75
VIDOR,77662,75
BRENHAM,77833,75
NAVASOTA,77868,75
BOERNE,78006,75
KERRVILLE,78028,75
BEEVILLE,78102,75
UNIVERSAL CITY,78148,75
SEGUIN,78155,75
ALICE,78332,75
ARANSAS PASS,78335,75
WESLACO,78596,75
CEDAR PARK,78613,75
PFLUGERVILLE,78660,75
UVALDE,78801,75
EAGLE PASS,78852,75
BORGER,79007,75
PAMPA,79065,75
LEVELLAND,79336,75
RULE,79547,75
BIG SPRING,79720,75
COMMERCE CITY,80022,75
WHEAT RIDGE,80033,75
LARKSPUR,94939,75
SILVERTHORNE,80497,75
ESTES PARK,80511,75
LIMON,80826,75
U S A F ACADEMY,80840,75
WOODLAND PARK,80863,75
WALSENBURG,81066,75
ALAMOSA,81101,75
PAGOSA SPRINGS,81147,75
CRESTED BUTTE,81224,75
GLENWOOD SPRINGS,81601,75
DINOSAUR,81610,75
TWIN FALLS,83301,75
SUN VALLEY,83353,75
POST FALLS,83854,75
SANDPOINT,83864,75
BOUNTIFUL,84010,75
VERNAL,84078,75
WEST JORDAN,84084,75
CASA GRANDE,85222,75
FOUNTAIN HILLS,85268,75
CAVE CREEK,85327,75
QUARTZSITE,85346,75
WICKENBURG,85358,75
SUN CITY WEST,85375,75
GLOBE,85501,75
SAN CARLOS,94070,75
FORT HUACHUCA,85613,75
WILLCOX,85643,75
SHOW LOW,85901,75
PRESCOTT VALLEY,86312,75
FORT MOHAVE,86426,75
MOHAVE VALLEY,86440,75
SAN YSIDRO,92143,75
RIO RANCHO,87124,75
ESPANOLA,87532,75
LOS ALAMOS,87544,75
DEMING,88030,75
ALAMOGORDO,88310,75
RUIDOSO,88345,75
BOULDER CITY,89005,75
INDIAN SPRINGS,89018,75
JEAN,89019,75
LAUGHLIN,89028,75
WINNEMUCCA,89445,75
MANHATTAN BEACH,90266,75
REDONDO BEACH,90277,75
MARINA DEL REY,90292,75
PLAYA DEL REY,90293,75
SANTA FE SPRINGS,90670,75
LOS ALAMITOS,90720,75
ALTADENA,91001,75
DUARTE,91009,75
LA CANADA FLINTRIDGE,91011,75
SIERRA MADRE,91024,75
SOUTH PASADENA,91030,75
SUNLAND,91040,75
TUJUNGA,91042,75
SAN MARINO,91108,75
LA CRESCENTA,91214,75
AGOURA HILLS,91301,75
CALABASAS,91302,75
WEST HILLS,91307,75
CASTAIC,91310,75
NEWBURY PARK,91319,75
RESEDA,91335,75
SAN FERNANDO,91340,75
SYLMAR,91342,75
NORTH HILLS,91343,75
GRANADA HILLS,91344,75
TARZANA,91356,75
PANORAMA CITY,91402,75
STUDIO CITY,91604,75
VALLEY VILLAGE,91607,75
CHINO,91708,75
IMPERIAL BEACH,91932,75
LEMON GROVE,91945,75
POTRERO,91963,75
TECATE,91980,75
ENCINITAS,92023,75
FALLBROOK,92028,75
POWAY,92064,75
RANCHO SANTA FE,92067,75
CORONADO,92118,75
CALEXICO,92231,75
CATHEDRAL CITY,92234,75
DESERT HOT SPRINGS,92240,75
EL CENTRO,92243,75
TWENTYNINE PALMS,92277,75
YUCCA VALLEY,92284,75
APPLE VALLEY,92307,75
PHELAN,92329,75
RIALTO,92376,75
LAGUNA NIGUEL,92607,75
LAGUNA BEACH,92651,75
ALISO VIEJO,92656,75
SAN JUAN CAPISTRANO,92675,75
TRABUCO CANYON,92678,75
FOUNTAIN VALLEY,92708,75
PLACENTIA,92870,75
CARPINTERIA,93013,75
MOORPARK,93020,75
OJAI,93023,75
PORT HUENEME,93041,75
SANTA PAULA,93060,75
FRAZIER PARK,93222,75
HANFORD,93230,75
LEMOORE,93245,75
LOS OSOS,93402,75
ARROYO GRANDE,93420,75
ATASCADERO,93422,75
GROVER BEACH,93433,75
MORRO BAY,93442,75
PASO ROBLES,93446,75
PISMO BEACH,93448,75
SOLVANG,93463,75
MOJAVE,93501,75
CALIFORNIA CITY,93504,75
BORON,93516,75
TEHACHAPI,93561,75
TRONA,93562,75
MILLBRAE,94030,75
PACIFICA,94044,75
ALAMEDA,94501,75
CASTRO VALLEY,94546,75
EMERYVILLE,94608,75
EL SOBRANTE,94803,75
CORTE MADERA,94925,75
COTATI,94926,75
ROHNERT PARK,94927,75
MILL VALLEY,94941,75
SAN ANSELMO,94960,75
SAN QUENTIN,94964,75
SAUSALITO,94965,75
APTOS,95001,75
CUPERTINO,95014,75
GILROY,95020,75
MILPITAS,95035,75
MORGAN HILL,95037,75
SCOTTS VALLEY,95066,75
WATSONVILLE,95076,75
MANTECA,95336,75
RIVERBANK,95367,75
ARCATA,95518,75
CARMICHAEL,95608,75
ROCKLIN,95677,75
GRASS VALLEY,95945,75
OROVILLE,95965,75
SUSANVILLE,96127,75
KAPOLEI,96707,75
HILO,96720,75
KAHULUI,96732,75
KAILUA KONA,96740,75
LAHAINA,96761,75
TAMUNING,96911,75
BARRIGADA,96913,75
LAKE OSWEGO,97034,75
EDMONDS,98020,75
ISSAQUAH,98027,75
SAMMAMISH,98074,75
PORT ANGELES,98362,75
PORT ORCHARD,98366,75
LACEY,98503,75
WENATCHEE,98801,75
PASCO,99301,75
WASILLA,99654,75
KETCHIKAN,99901,75
ADJUNTAS,00601,1
AGUADA,00602,1
MARICAO,00606,1
ANASCO,00610,1
ANGELES,00611,1
BAJADERO,00616,1
BARCELONETA,00617,1
BOQUERON,00622,1
CABO ROJO,00623,1
PENUELAS,00624,1
CAMUY,00627,1
CASTANER,00631,1
ROSARIO,00636,1
SABANA GRANDE,00637,1
CIALES,00638,1
UTUADO,00641,1
DORADO,00646,1
ENSENADA,00647,1
GARROCHALES,00652,1
GUANICA,00653,1
GUAYANILLA,00656,1
HATILLO,00659,1
HORMIGUEROS,00660,1
ISABELA,00662,1
JAYUYA,00664,1
LAJAS,00667,1
LARES,00669,1
LAS MARIAS,00670,1
MANATI,00674,1
MOCA,00676,1
RINCON,00677,1
QUEBRADILLAS,00678,1
SAN GERMAN,00683,1
SAN SEBASTIAN,00685,1
MOROVIS,00687,1
SABANA HOYOS,00688,1
VEGA ALTA,00692,1
YAUCO,00698,1
AGUAS BUENAS,00703,1
AGUIRRE,00704,1
AIBONITO,00705,1
MAUNABO,00707,1
ARROYO,00714,1
MERCEDITA,00715,1
NAGUABO,00718,1
NARANJITO,00719,1
OROCOVIS,00720,1
PALMER,00721,1
PATILLAS,00723,1
CANOVANAS,00729,1
CEIBA,00735,1
FAJARDO,00738,1
CIDRA,00739,1
PUERTO REAL,00740,1
PUNTA SANTIAGO,00741,1
ROOSEVELT ROADS,00742,1
RIO BLANCO,00744,1
RIO GRANDE,00745,1
SAN LORENZO,00754,1
SANTA ISABEL,00757,1
VIEQUES,00765,1
VILLALBA,00766,1
YABUCOA,00767,1
COAMO,00769,1
LAS PIEDRAS,00771,1
LOIZA,00772,1
LUQUILLO,00773,1
CULEBRA,00775,1
JUNCOS,00777,1
GURABO,00778,1
COTO LAUREL,00780,1
COMERIO,00782,1
COROZAL,00783,1
LA PLATA,00786,1
BARRANQUITAS,00794,1
JUANA DIAZ,00795,1
FORT BUCHANAN,00934,1
SABANA SECA,00952,1
SAINT JUST CONTRACT,00978,1
AGAWAM,01001,1
BARRE,01005,1
BELCHERTOWN,01007,1
BLANDFORD,01008,1
BONDSVILLE,01009,1
BRIMFIELD,01010,1
CUMMINGTON,01026,1
EASTHAMPTON,01027,1
EAST LONGMEADOW,01028,1
EAST OTIS,01029,1
FEEDING HILLS,01030,1
GILBERTVILLE,01031,1
GRANBY,01033,1
GRANVILLE,01034,1
HADLEY,01035,1
HAMPDEN,01036,1
HARDWICK,01037,1
HATFIELD,01038,1
HAYDENVILLE,01039,1
LEEDS,01053,1
LEVERETT,01054,1
LUDLOW,01056,1
MONSON,01057,1
NORTH AMHERST,01059,1
NORTH HATFIELD,01066,1
OAKHAM,01068,1
RUSSELL,01071,1
SHUTESBURY,01072,1
SOUTH BARRE,01074,1
SOUTH HADLEY,01075,1
SOUTHWICK,01077,1
THORNDIKE,01079,1
THREE RIVERS,01080,1
WALES,01081,1
WARE,01082,1
WEST CHESTERFIELD,01084,1
WEST HATFIELD,01088,1
WEST WARREN,01092,1
WHATELY,01093,1
WHEELWRIGHT,01094,1
WILBRAHAM,01095,1
WORONOCO,01097,1
WORTHINGTON,01098,1
INDIAN ORCHARD,01151,1
ADAMS,01220,1
ASHLEY FALLS,01222,1
BECKET,01223,1
BERKSHIRE,01224,1
GREAT BARRINGTON,01230,1
HOUSATONIC,01236,1
LANESBORO,01237,1
LEE,01238,1
LENOX,01240,1
LENOX DALE,01242,1
MIDDLEFIELD,01243,1
MILL RIVER,01244,1
NORTH ADAMS,01247,1
NORTH EGREMONT,01252,1
OTIS,01253,1
SANDISFIELD,01255,1
SAVOY,01256,1
SHEFFIELD,01257,1
SOUTH EGREMONT,01258,1
SOUTH LEE,01260,1
TYRINGHAM,01264,1
WEST STOCKBRIDGE,01266,1
WILLIAMSTOWN,01267,1
ASHFIELD,01330,1
ATHOL,01331,1
BERNARDSTON,01337,1
BUCKLAND,01338,1
CHARLEMONT,01339,1
COLRAIN,01340,1
DEERFIELD,01342,1
DRURY,01343,1
ERVING,01344,1
HEATH,01346,1
LAKE PLEASANT,01347,1
MONROE BRIDGE,01350,1
MONTAGUE,01351,1
NEW SALEM,01355,1
PETERSHAM,01366,1
ROWE,01367,1
ROYALSTON,01368,1
SHATTUCKVILLE,01369,1
SHELBURNE FALLS,01370,1
SOUTH DEERFIELD,01373,1
SUNDERLAND,01375,1
WENDELL,01379,1
WENDELL DEPOT,01380,1
FITCHBURG,01420,1
ASHBURNHAM,01430,1
ASHBY,01431,1
AYER,01432,1
BALDWINVILLE,01436,1
EAST TEMPLETON,01438,1
GARDNER,01440,1
HARVARD,01451,1
HUBBARDSTON,01452,1
LEOMINSTER,01453,1
LUNENBURG,01462,1
PEPPERELL,01463,1
SHIRLEY,01464,1
STILL RIVER,01467,1
TEMPLETON,01468,1
TOWNSEND,01469,1
WEST GROTON,01472,1
WEST TOWNSEND,01474,1
WINCHENDON,01475,1
WINCHENDON SPRINGS,01477,1
BERLIN,01503,1
BLACKSTONE,01504,1
BOYLSTON,01505,1
CHARLTON,01507,1
CHARLTON CITY,01508,1
CHARLTON DEPOT,01509,1
EAST BROOKFIELD,01515,1
EAST PRINCETON,01517,1
FISKDALE,01518,1
GRAFTON,01519,1
HOLDEN,01520,1
JEFFERSON,01522,1
LEICESTER,01524,1
LINWOOD,01525,1
MANCHAUG,01526,1
MILLBURY,01527,1
MILLVILLE,01529,1
NEW BRAINTREE,01531,1
NORTHBOROUGH,01532,1
NORTHBRIDGE,01534,1
NORTH BROOKFIELD,01535,1
NORTH GRAFTON,01536,1
NORTH OXFORD,01537,1
NORTH UXBRIDGE,01538,1
ROCHDALE,01542,1
SOUTHBRIDGE,01550,1
SOUTH GRAFTON,01560,1
SOUTH LANCASTER,01561,1
SPENCER,01562,1
STURBRIDGE,01566,1
UPTON,01568,1
UXBRIDGE,01569,1
WEBSTER,01570,1
DUDLEY,01571,1
WEST BOYLSTON,01583,1
WEST BROOKFIELD,01585,1
WEST MILLBURY,01586,1
WHITINSVILLE,01588,1
SUTTON,01590,1
CHERRY VALLEY,01611,1
PAXTON,01612,1
VILLAGE OF NAGOG WOODS,01718,1
BOXBOROUGH,01719,1
ACTON,01720,1
HANSCOM AFB,01731,1
BOLTON,01740,1
CARLISLE,01741,1
FAYVILLE,01745,1
HOLLISTON,01746,1
HOPEDALE,01747,1
HOPKINTON,01748,1
MARLBOROUGH,01752,1
MAYNARD,01754,1
MENDON,01756,1
NATICK,01760,1
SHERBORN,01770,1
SOUTHBOROUGH,01772,1
STOW,01775,1
SUDBURY,01776,1
WAYLAND,01778,1
CHELMSFORD,01824,1
DRACUT,01826,1
DUNSTABLE,01827,1
GROVELAND,01834,1
METHUEN,01844,1
NORTH ANDOVER,01845,1
MERRIMAC,01860,1
NORTH BILLERICA,01862,1
NORTH CHELMSFORD,01863,1
NUTTING LAKE,01865,1
TEWKSBURY,01876,1
TYNGSBORO,01879,1
WEST BOXFORD,01885,1
WESTFORD,01886,1
SAUGUS,01906,1
SWAMPSCOTT,01907,1
NAHANT,01908,1
AMESBURY,01913,1
BEVERLY,01915,1
BOXFORD,01921,1
BYFIELD,01922,1
DANVERS,01923,1
ESSEX,01929,1
HATHORNE,01937,1
IPSWICH,01938,1
LYNNFIELD,01940,1
MARBLEHEAD,01945,1
MIDDLETON,01949,1
NEWBURYPORT,01950,1
NEWBURY,01951,1
PRIDES CROSSING,01965,1
ROWLEY,01969,1
SOUTH HAMILTON,01982,1
TOPSFIELD,01983,1
WENHAM,01984,1
WEST NEWBURY,01985,1
ACCORD,02018,1
BRANT ROCK,02020,1
COHASSET,02025,1
EAST MANSFIELD,02031,1
EAST WALPOLE,02032,1
FOXBORO,02035,1
GREENBUSH,02040,1
GREEN HARBOR,02041,1
HULL,02045,1
HUMAROCK,02047,1
MARSHFIELD HILLS,02051,1
MEDFIELD,02052,1
MEDWAY,02053,1
MILLIS,02054,1
NORTH MARSHFIELD,02059,1
NORTH SCITUATE,02060,1
NORWELL,02061,1
OCEAN BLUFF,02065,1
SCITUATE,02066,1
SHARON,02067,1
SHELDONVILLE,02070,1
SOUTH WALPOLE,02071,1
STOUGHTON,02072,1
WALPOLE,02081,1
WESTWOOD,02090,1
WRENTHAM,02093,1
MATTAPAN,02126,1
CHARLESTOWN,02129,1
JAMAICA PLAIN,02130,1
ROSLINDALE,02131,1
WEST ROXBURY,02132,1
ALLSTON,02134,1
HYDE PARK,02136,1
READVILLE,02137,1
MALDEN,02148,1
CHELSEA,02150,1
REVERE,02151,1
WINTHROP,02152,1
WEST MEDFORD,02156,1
STONEHAM,02180,1
MILTON VILLAGE,02187,1
EAST BOSTON,02228,1
AVON,02322,1
BRYANTVILLE,02327,1
CARVER,02330,1
EAST BRIDGEWATER,02333,1
ELMWOOD,02337,1
HALIFAX,02338,1
HANSON,02341,1
HOLBROOK,02343,1
MANOMET,02345,1
LAKEVILLE,02347,1
MONPONSETT,02350,1
ABINGTON,02351,1
NORTH CARVER,02355,1
NORTH PEMBROKE,02358,1
PEMBROKE,02359,1
SOUTH CARVER,02366,1
PLYMPTON,02367,1
ROCKLAND,02370,1
SOUTH EASTON,02375,1
WEST BRIDGEWATER,02379,1
WHITE HORSE BEACH,02381,1
WHITMAN,02382,1
BROOKLINE VILLAGE,02447,1
NORTH WALTHAM,02455,1
NEW TOWN,02456,1
BABSON PARK,02457,1
NEWTON,02458,1
NEWTON CENTER,02459,1
NEWTONVILLE,02460,1
NEWTON HIGHLANDS,02461,1
NEWTON LOWER FALLS,02462,1
NEWTON UPPER FALLS,02464,1
WEST NEWTON,02465,1
AUBURNDALE,02466,1
CHESTNUT HILL,02467,1
WABAN,02468,1
WAVERLEY,02479,1
WELLESLEY HILLS,02481,1
WELLESLEY,02482,1
NEEDHAM,02492,1
WESTON,02493,1
NEEDHAM HEIGHTS,02494,1
NONANTUM,02495,1
CATAUMET,02534,1
CHILMARK,02535,1
EAST FALMOUTH,02536,1
EAST SANDWICH,02537,1
EAST WAREHAM,02538,1
EDGARTOWN,02539,1
WOODS HOLE,02543,1
MENEMSHA,02552,1
MONUMENT BEACH,02553,1
NORTH FALMOUTH,02556,1
OAK BLUFFS,02557,1
ONSET,02558,1
POCASSET,02559,1
SAGAMORE,02561,1
SAGAMORE BEACH,02562,1
SANDWICH,02563,1
SIASCONSET,02564,1
SILVER BEACH,02565,1
VINEYARD HAVEN,02568,1
WAREHAM,02571,1
WEST CHOP,02573,1
WEST FALMOUTH,02574,1
WEST TISBURY,02575,1
WEST WAREHAM,02576,1
HYANNIS,02601,1
BARNSTABLE,02630,1
BREWSTER,02631,1
CHATHAM,02633,1
COTUIT,02635,1
CUMMAQUID,02637,1
DENNIS,02638,1
DENNIS PORT,02639,1
EAST DENNIS,02641,1
EASTHAM,02642,1
EAST ORLEANS,02643,1
FORESTDALE,02644,1
HARWICH,02645,1
HARWICH PORT,02646,1
HYANNIS PORT,02647,1
MARSTONS MILLS,02648,1
MASHPEE,02649,1
NORTH CHATHAM,02650,1
NORTH EASTHAM,02651,1
NORTH TRURO,02652,1
ORLEANS,02653,1
OSTERVILLE,02655,1
PROVINCETOWN,02657,1
SOUTH CHATHAM,02659,1
SOUTH DENNIS,02660,1
SOUTH HARWICH,02661,1
SOUTH ORLEANS,02662,1
SOUTH WELLFLEET,02663,1
SOUTH YARMOUTH,02664,1
TRURO,02666,1
WELLFLEET,02667,1
WEST BARNSTABLE,02668,1
WEST CHATHAM,02669,1
WEST DENNIS,02670,1
WEST HARWICH,02671,1
WEST HYANNISPORT,02672,1
WEST YARMOUTH,02673,1
YARMOUTH PORT,02675,1
ASSONET,02702,1
ATTLEBORO,02703,1
CHARTLEY,02712,1
CUTTYHUNK,02713,1
DARTMOUTH,02714,1
DIGHTON,02715,1
EAST FREETOWN,02717,1
EAST TAUNTON,02718,1
FAIRHAVEN,02719,1
MATTAPOISETT,02739,1
ACUSHNET,02743,1
NORTH DARTMOUTH,02747,1
SOUTH DARTMOUTH,02748,1
PLAINVILLE,02762,1
ATTLEBORO FALLS,02763,1
NORTH DIGHTON,02764,1
NORTON,02766,1
RAYNHAM,02767,1
RAYNHAM CENTER,02768,1
REHOBOTH,02769,1
SEEKONK,02771,1
SWANSEA,02777,1
BERKLEY,02779,1
WESTPORT POINT,02791,1
ADAMSVILLE,02801,1
ASHAWAY,02804,1
BLOCK ISLAND,02807,1
BRADFORD,02808,1
CHEPACHET,02814,1
CLAYVILLE,02815,1
COVENTRY,02816,1
WEST GREENWICH,02817,1
EAST GREENWICH,02818,1
EXETER,02822,1
FISKEVILLE,02823,1
FOSTER,02825,1
GREENE,02827,1
HARMONY,02829,1
HARRISVILLE,02830,1
HOPE VALLEY,02832,1
KENYON,02836,1
LITTLE COMPTON,02837,1
MANVILLE,02838,1
MAPLEVILLE,02839,1
PASCOAG,02859,1
CENTRAL FALLS,02863,1
PRUDENCE ISLAND,02872,1
SAUNDERSTOWN,02874,1
SHANNOCK,02875,1
SLATERSVILLE,02876,1
SLOCUM,02877,1
TIVERTON,02878,1
NARRAGANSETT,02882,1
PEACE DALE,02883,1
WESTERLY,02891,1
WEST KINGSTON,02892,1
WEST WARWICK,02893,1
WOOD RIVER JUNCTION,02894,1
WOONSOCKET,02895,1
NORTH SMITHFIELD,02896,1
NORTH PROVIDENCE,02911,1
EAST PROVIDENCE,02914,1
RUMFORD,02916,1
JOHNSTON,02919,1
CANDIA,03034,1
DERRY,03038,1
EAST CANDIA,03040,1
EAST DERRY,03041,1
EPPING,03042,1
FRANCESTOWN,03043,1
GOFFSTOWN,03045,1
DUNBARTON,03046,1
HOLLIS,03049,1
LITCHFIELD,03052,1
LONDONDERRY,03053,1
MERRIMACK,03054,1
MONT VERNON,03057,1
NEW BOSTON,03070,1
NEW IPSWICH,03071,1
NORTH SALEM,03073,1
PELHAM,03076,1
RAYMOND,03077,1
LYNDEBOROUGH,03082,1
WILTON,03086,1
WINDHAM,03087,1
HOOKSETT,03106,1
WATERVILLE VALLEY,03215,1
BARNSTEAD,03218,1
CAMPTON,03223,1
CANTERBURY,03224,1
CENTER BARNSTEAD,03225,1
CENTER HARBOR,03226,1
CENTER SANDWICH,03227,1
CONTOOCOOK,03229,1
EAST ANDOVER,03231,1
EAST HEBRON,03232,1
ELKINS,03233,1
EPSOM,03234,1
GILMANTON,03237,1
GLENCLIFF,03238,1
HENNIKER,03242,1
HILL,03243,1
HOLDERNESS,03245,1
GILFORD,03249,1
LOCHMERE,03252,1
MEREDITH,03253,1
MOULTONBOROUGH,03254,1
NEW HAMPTON,03256,1
NEW LONDON,03257,1
CHICHESTER,03258,1
NORTH SANDWICH,03259,1
NORTH SUTTON,03260,1
NORTHWOOD,03261,1
NORTH WOODSTOCK,03262,1
RUMNEY,03266,1
SANBORNTON,03269,1
SOUTH NEWBURY,03272,1
SOUTH SUTTON,03273,1
STINSON LAKE,03274,1
SUNCOOK,03275,1
WARNER,03278,1
WEARE,03281,1
WENTWORTH,03282,1
WILMOT,03287,1
WINNISQUAM,03289,1
NOTTINGHAM,03290,1
WEST NOTTINGHAM,03291,1
BOW,03304,1
LOUDON,03307,1
ANTRIM,03440,1
ASHUELOT,03441,1
BENNINGTON,03442,1
SULLIVAN,03445,1
SWANZEY,03446,1
FITZWILLIAM,03447,1
GILSUM,03448,1
HANCOCK,03449,1
JAFFREY,03452,1
MARLOW,03456,1
NELSON,03457,1
PETERBOROUGH,03458,1
RINDGE,03461,1
SPOFFORD,03462,1
STODDARD,03464,1
WESTMORELAND,03467,1
WEST PETERBOROUGH,03468,1
WEST SWANZEY,03469,1
BRETTON WOODS,03575,1
COLEBROOK,03576,1
ERROL,03579,1
FRANCONIA,03580,1
GORHAM,03581,1
GROVETON,03582,1
LISBON,03585,1
MEADOWS,03587,1
MILAN,03588,1
MOUNT WASHINGTON,03589,1
NORTH STRATFORD,03590,1
PITTSBURG,03592,1
TWIN MOUNTAIN,03595,1
WEST STEWARTSTOWN,03597,1
WHITEFIELD,03598,1
ALSTEAD,03602,1
DREWSVILLE,03604,1
LEMPSTER,03605,1
SOUTH ACWORTH,03607,1
NORTH WALPOLE,03609,1
BATH,03740,1
CANAAN,03741,1
CLAREMONT,03743,1
CORNISH,03745,1
CORNISH FLAT,03746,1
ENFIELD CENTER,03749,1
ETNA,03750,1
GEORGES MILLS,03751,1
GRANTHAM,03753,1
GUILD,03754,1
LYME,03768,1
LYME CENTER,03769,1
NORTH HAVERHILL,03774,1
ORFORD,03777,1
PIERMONT,03779,1
PIKE,03780,1
SUNAPEE,03782,1
WEST LEBANON,03784,1
WOODSVILLE,03785,1
ALTON,03809,1
ALTON BAY,03810,1
ATKINSON,03811,1
BARTLETT,03812,1
CENTER CONWAY,03813,1
CENTER OSSIPEE,03814,1
CENTER STRAFFORD,03815,1
CENTER TUFTONBORO,03816,1
CHOCORUA,03817,1
EAST HAMPSTEAD,03826,1
EAST KINGSTON,03827,1
EAST WAKEFIELD,03830,1
EATON CENTER,03832,1
FREEDOM,03836,1
GILMANTON IRON WORKS,03837,1
GLEN,03838,1
GREENLAND,03840,1
HAMPSTEAD,03841,1
HAMPTON FALLS,03844,1
INTERVALE,03845,1
KEARSARGE,03847,1
MELVIN VILLAGE,03850,1
MILTON MILLS,03852,1
MIRROR LAKE,03853,1
NEW DURHAM,03855,1
NEWFIELDS,03856,1
NEWMARKET,03857,1
NEWTON JUNCTION,03859,1
NORTH CONWAY,03860,1
NORTH HAMPTON,03862,1
OSSIPEE,03864,1
PLAISTOW,03865,1
RYE BEACH,03871,1
SANBORNVILLE,03872,1
SANDOWN,03873,1
SEABROOK,03874,1
SILVER LAKE,03875,1
SOMERSWORTH,03878,1
EFFINGHAM,03882,1
SOUTH TAMWORTH,03883,1
STRAFFORD,03884,1
STRATHAM,03885,1
TAMWORTH,03886,1
UNION,03887,1
WEST OSSIPEE,03890,1
WOLFEBORO,03894,1
WOLFEBORO FALLS,03896,1
WONALANCET,03897,1
BERWICK,03901,1
CAPE NEDDICK,03902,1
ELIOT,03903,1
KITTERY,03904,1
KITTERY POINT,03905,1
NORTH BERWICK,03906,1
OGUNQUIT,03907,1
SOUTH BERWICK,03908,1
YORK BEACH,03910,1
YORK HARBOR,03911,1
ALFRED,04002,1
BAILEY ISLAND,04003,1
BAR MILLS,04004,1
BIDDEFORD POOL,04006,1
BOWDOINHAM,04008,1
BRIDGTON,04009,1
BROWNFIELD,04010,1
BUSTINS ISLAND,04013,1
CAPE PORPOISE,04014,1
CASCO,04015,1
CENTER LOVELL,04016,1
CHEBEAGUE ISLAND,04017,1
CLIFF ISLAND,04019,1
CUMBERLAND CENTER,04021,1
DENMARK,04022,1
EAST BALDWIN,04024,1
EAST PARSONFIELD,04028,1
SEBAGO,04029,1
EAST WATERBORO,04030,1
FRYEBURG,04037,1
GRAY,04039,1
HIRAM,04041,1
HOLLIS CENTER,04042,1
KENNEBUNK,04043,1
KENNEBUNKPORT,04046,1
PARSONSFIELD,04047,1
LIMERICK,04048,1
LIMINGTON,04049,1
LONG ISLAND,04050,1
LOVELL,04051,1
MEREPOINT,04053,1
MOODY,04054,1
NEWFIELD,04056,1
NORTH BRIDGTON,04057,1
NORTH WATERBORO,04061,1
OCEAN PARK,04063,1
OLD ORCHARD BEACH,04064,1
ORRS ISLAND,04066,1
PORTER,04068,1
POWNAL,04069,1
SACO,04072,1
SEBAGO LAKE,04075,1
SHAPLEIGH,04076,1
SOUTH CASCO,04077,1
SOUTH FREEPORT,04078,1
HARPSWELL,04079,1
SOUTH WATERFORD,04081,1
SOUTH WINDHAM,04082,1
SPRINGVALE,04083,1
STANDISH,04084,1
STEEP FALLS,04085,1
TOPSHAM,04086,1
WATERBORO,04087,1
WELLS,04090,1
WEST BALDWIN,04091,1
BUXTON,04093,1
WEST KENNEBUNK,04094,1
WEST NEWFIELD,04095,1
YARMOUTH,04096,1
NORTH YARMOUTH,04097,1
CAPE ELIZABETH,04107,1
PEAKS ISLAND,04108,1
CUMBERLAND FORESIDE,04110,1
BETHEL,04217,1
BRYANT POND,04219,1
BUCKFIELD,04220,1
DIXFIELD,04224,1
DRYDEN,04225,1
EAST DIXFIELD,04227,1
EAST LIVERMORE,04228,1
EAST POLAND,04230,1
EAST WILTON,04234,1
JAY,04239,1
LISBON FALLS,04252,1
LIVERMORE FALLS,04254,1
MECHANIC FALLS,04256,1
MEXICO,04257,1
MONMOUTH,04259,1
NEW GLOUCESTER,04260,1
NEWRY,04261,1
NORTH JAY,04262,1
NORTH MONMOUTH,04265,1
NORTH TURNER,04266,1
NORTH WATERFORD,04267,1
NORWAY,04268,1
POLAND,04274,1
ROXBURY,04275,1
RUMFORD CENTER,04278,1
SABATTUS,04280,1
SOUTH PARIS,04281,1
TURNER,04282,1
TURNER CENTER,04283,1
WELD,04285,1
WEST BETHEL,04286,1
BOWDOIN,04287,1
WEST MINOT,04288,1
WEST PARIS,04289,1
PERU,04290,1
WEST POLAND,04291,1
COOPERS MILLS,04341,1
DRESDEN,04342,1
EAST WINTHROP,04343,1
GARDINER,04345,1
HALLOWELL,04347,1
KENTS HILL,04349,1
PALERMO,04354,1
READFIELD,04355,1
SOUTH CHINA,04358,1
SOUTH GARDINER,04359,1
ABBOT,04406,1
BRADLEY,04411,1
BREWER,04412,1
BROOKTON,04413,1
BROWNVILLE,04414,1
BROWNVILLE JUNCTION,04415,1
BUCKSPORT,04416,1
COSTIGAN,04423,1
DANFORTH,04424,1
DOVER FOXCROFT,04426,1
EDDINGTON,04428,1
EAST MILLINOCKET,04430,1
EAST ORLAND,04431,1
GREENVILLE JUNCTION,04442,1
GUILFORD,04443,1
HOWLAND,04448,1
KENDUSKEAG,04450,1
LAMBERT LAKE,04454,1
LEVANT,04456,1
MATTAWAMKEAG,04459,1
MILLINOCKET,04462,1
MILO,04463,1
OLAMON,04467,1
OLD TOWN,04468,1
ORIENT,04471,1
ORLAND,04472,1
ORRINGTON,04474,1
PASSADUMKEAG,04475,1
PENOBSCOT,04476,1
ROCKWOOD,04478,1
SANGERVILLE,04479,1
SEBEC,04481,1
SHIRLEY MILLS,04485,1
STETSON,04488,1
VANCEBORO,04491,1
WAITE,04492,1
WEST ENFIELD,04493,1
WINN,04495,1
WINTERPORT,04496,1
WYTOPITLOCK,04497,1
ALNA,04535,1
BAYVILLE,04536,1
BOOTHBAY,04537,1
BOOTHBAY HARBOR,04538,1
DAMARISCOTTA,04543,1
EAST BOOTHBAY,04544,1
FRIENDSHIP,04547,1
ISLE OF SPRINGS,04549,1
BREMEN,04551,1
NEWAGEN,04552,1
NEWCASTLE,04553,1
NEW HARBOR,04554,1
NOBLEBORO,04555,1
EDGECOMB,04556,1
PEMAQUID,04558,1
PHIPPSBURG,04562,1
CUSHING,04563,1
ROUND POND,04564,1
SEBASCO ESTATES,04565,1
SMALL POINT,04567,1
SOUTH BRISTOL,04568,1
SQUIRREL ISLAND,04570,1
TREVETT,04571,1
WALDOBORO,04572,1
WEST BOOTHBAY HARBOR,04575,1
SOUTHPORT,04576,1
WISCASSET,04578,1
WOOLWICH,04579,1
ELLSWORTH,04605,1
ADDISON,04606,1
GOULDSBORO,04607,1
BAR HARBOR,04609,1
BEALS,04611,1
BERNARD,04612,1
BIRCH HARBOR,04613,1
BLUE HILL,04614,1
BLUE HILL FALLS,04615,1
BROOKLIN,04616,1
CALAIS,04619,1
CHERRYFIELD,04622,1
COLUMBIA FALLS,04623,1
COREA,04624,1
CRANBERRY ISLES,04625,1
CUTLER,04626,1
DEER ISLE,04627,1
DENNYSVILLE,04628,1
EAST BLUE HILL,04629,1
EAST MACHIAS,04630,1
EASTPORT,04631,1
FRENCHBORO,04635,1
GRAND LAKE STREAM,04637,1
HARBORSIDE,04642,1
HARRINGTON,04643,1
HULLS COVE,04644,1
ISLE AU HAUT,04645,1
ISLESFORD,04646,1
JONESPORT,04649,1
LITTLE DEER ISLE,04650,1
LUBEC,04652,1
BASS HARBOR,04653,1
MACHIAS,04654,1
MACHIASPORT,04655,1
MANSET,04656,1
MEDDYBEMPS,04657,1
MILBRIDGE,04658,1
MOUNT DESERT,04660,1
NORTHEAST HARBOR,04662,1
OTTER CREEK,04665,1
PROSPECT HARBOR,04669,1
ROBBINSTON,04671,1
SALSBURY COVE,04672,1
SARGENTVILLE,04673,1
SEAL COVE,04674,1
SEAL HARBOR,04675,1
SEDGWICK,04676,1
SORRENTO,04677,1
SOUTHWEST HARBOR,04679,1
STEUBEN,04680,1
STONINGTON,04681,1
SUNSET,04683,1
SURRY,04684,1
SWANS ISLAND,04685,1
WESLEY,04686,1
WEST TREMONT,04690,1
WHITING,04691,1
WINTER HARBOR,04693,1
BAILEYVILLE,04694,1
HOULTON,04730,1
BENEDICTA,04733,1
CARIBOU,04736,1
CLAYTON LAKE,04737,1
CROUSEVILLE,04738,1
EAGLE LAKE,04739,1
ESTCOURT STATION,04741,1
FORT FAIRFIELD,04742,1
FORT KENT,04743,1
FORT KENT MILLS,04744,1
FRENCHVILLE,04745,1
GRAND ISLE,04746,1
ISLAND FALLS,04747,1
MADAWASKA,04756,1
MAPLETON,04757,1
MARS HILL,04758,1
MASARDIS,04759,1
NEW LIMERICK,04761,1
NEW SWEDEN,04762,1
OAKFIELD,04763,1
OXBOW,04764,1
PATTEN,04765,1
PERHAM,04766,1
PRESQUE ISLE,04769,1
QUIMBY,04770,1
SAINT AGATHA,04772,1
SAINT DAVID,04773,1
SAINT FRANCIS,04774,1
SHERIDAN,04775,1
SHERMAN MILLS,04776,1
SHERMAN STATION,04777,1
SINCLAIR,04779,1
SMYRNA MILLS,04780,1
WALLAGRASS,04781,1
STACYVILLE,04782,1
STOCKHOLM,04783,1
WASHBURN,04786,1
WINTERVILLE,04788,1
GLEN COVE,04846,1
ISLESBORO,04848,1
LINCOLNVILLE,04849,1
LINCOLNVILLE CENTER,04850,1
MATINICUS,04851,1
MONHEGAN,04852,1
NORTH HAVEN,04853,1
OWLS HEAD,04854,1
PORT CLYDE,04855,1
SOUTH THOMASTON,04858,1
SPRUCE HEAD,04859,1
TENANTS HARBOR,04860,1
THOMASTON,04861,1
VINALHAVEN,04863,1
WEST ROCKPORT,04865,1
ANSON,04911,1
BELFAST,04915,1
BELGRADE,04917,1
BELGRADE LAKES,04918,1
BINGHAM,04920,1
BROOKS,04921,1
BURNHAM,04922,1
CARATUNK,04925,1
CHINA VILLAGE,04926,1
CORINNA,04928,1
DEXTER,04930,1
DIXMONT,04932,1
EAST NEWPORT,04933,1
EAST VASSALBORO,04935,1
FARMINGTON FALLS,04940,1
HARTLAND,04943,1
HINCKLEY,04944,1
JACKMAN,04945,1
KINGFIELD,04947,1
MORRILL,04952,1
NEW PORTLAND,04954,1
NEW SHARON,04955,1
NEW VINEYARD,04956,1
NORRIDGEWOCK,04957,1
NORTH ANSON,04958,1
NORTH NEW PORTLAND,04961,1
NORTH VASSALBORO,04962,1
OQUOSSOC,04964,1
PALMYRA,04965,1
PHILLIPS,04966,1
RANGELEY,04970,1
SANDY POINT,04972,1
SEARSMONT,04973,1
SEARSPORT,04974,1
SHAWMUT,04975,1
SKOWHEGAN,04976,1
SOLON,04979,1
STOCKTON SPRINGS,04981,1
STRATTON,04982,1
STRONG,04983,1
WEST FORKS,04985,1
UNITY,04988,1
VASSALBORO,04989,1
WEST FARMINGTON,04992,1
ASCUTNEY,05030,1
BARNARD,05031,1
BRIDGEWATER CORNERS,05035,1
EAST RANDOLPH,05041,1
EAST RYEGATE,05042,1
EAST THETFORD,05043,1
FAIRLEE,05045,1
HARTLAND FOUR CORNERS,05049,1
MC INDOE FALLS,05050,1
NORTH HARTLAND,05052,1
NORTH POMFRET,05053,1
NORTH THETFORD,05054,1
NORWICH,05055,1
POST MILLS,05058,1
QUECHEE,05059,1
RANDOLPH CENTER,05061,1
SOUTH POMFRET,05067,1
SOUTH ROYALTON,05068,1
SOUTH RYEGATE,05069,1
SOUTH STRAFFORD,05070,1
SOUTH WOODSTOCK,05071,1
TAFTSVILLE,05073,1
THETFORD,05074,1
THETFORD CENTER,05075,1
TUNBRIDGE,05077,1
VERSHIRE,05079,1
WELLS RIVER,05081,1
WEST FAIRLEE,05083,1
WEST HARTFORD,05084,1
WEST TOPSHAM,05086,1
WILDER,05088,1
BELLOWS FALLS,05101,1
CAMBRIDGEPORT,05141,1
CAVENDISH,05142,1
CHESTER DEPOT,05144,1
NORTH SPRINGFIELD,05150,1
PERKINSVILLE,05151,1
PROCTORSVILLE,05153,1
SAXTONS RIVER,05154,1
SOUTH LONDONDERRY,05155,1
WESTMINSTER STATION,05159,1
DORSET,05251,1
EAST ARLINGTON,05252,1
EAST DORSET,05253,1
MANCHESTER CENTER,05255,1
NORTH BENNINGTON,05257,1
NORTH POWNAL,05260,1
SHAFTSBURY,05262,1
BONDVILLE,05340,1
EAST DOVER,05341,1
MARLBORO,05344,1
NEWFANE,05345,1
PUTNEY,05346,1
READSBORO,05350,1
SOUTH NEWFANE,05351,1
TOWNSHEND,05353,1
WARDSBORO,05355,1
WEST DOVER,05356,1
WEST DUMMERSTON,05357,1
WEST HALIFAX,05358,1
WEST TOWNSHEND,05359,1
WEST WARDSBORO,05360,1
WHITINGHAM,05361,1
WILLIAMSVILLE,05362,1
WINOOSKI,05404,1
ALBURG,05440,1
BELVIDERE CENTER,05442,1
EAST BERKSHIRE,05447,1
EAST FAIRFIELD,05448,1
ENOSBURG FALLS,05450,1
FERRISBURG,05456,1
HIGHGATE CENTER,05459,1
HIGHGATE SPRINGS,05460,1
HINESBURG,05461,1
ISLE LA MOTTE,05463,1
MONKTON,05469,1
MONTGOMERY CENTER,05471,1
NORTH FERRISBURG,05473,1
NORTH HERO,05474,1
RICHFORD,05476,1
SAINT ALBANS BAY,05481,1
SHELBURNE,05482,1
SHELDON,05483,1
SHELDON SPRINGS,05485,1
SOUTH HERO,05486,1
STARKSBORO,05487,1
SWANTON,05488,1
UNDERHILL,05489,1
UNDERHILL CENTER,05490,1
VERGENNES,05491,1
ADAMANT,05640,1
CABOT,05647,1
EAST BARRE,05649,1
EAST CALAIS,05650,1
EAST MONTPELIER,05651,1
EDEN MILLS,05653,1
GRANITEVILLE,05654,1
JOHNSON,05656,1
LAKE ELMORE,05657,1
MORETOWN,05660,1
MORRISVILLE,05661,1
NORTHFIELD FALLS,05664,1
NORTH HYDE PARK,05665,1
NORTH MONTPELIER,05666,1
STOWE,05672,1
WAITSFIELD,05673,1
WATERBURY CENTER,05677,1
WEBSTERVILLE,05678,1
WOLCOTT,05680,1
WOODBURY,05681,1
BENSON,05731,1
BOMOSEEN,05732,1
BRIDPORT,05734,1
CASTLETON,05735,1
CENTER RUTLAND,05736,1
CHITTENDEN,05737,1
CUTTINGSVILLE,05738,1
DANBY,05739,1
EAST MIDDLEBURY,05740,1
EAST POULTNEY,05741,1
EAST WALLINGFORD,05742,1
FAIR HAVEN,05743,1
FOREST DALE,05745,1
GAYSVILLE,05746,1
HYDEVILLE,05750,1
KILLINGTON,05751,1
MIDDLEBURY,05753,1
MIDDLETOWN SPRINGS,05757,1
MOUNT HOLLY,05758,1
NORTH CLARENDON,05759,1
ORWELL,05760,1
PAWLET,05761,1
PITTSFORD,05763,1
POULTNEY,05764,1
PROCTOR,05765,1
RIPTON,05766,1
RUPERT,05768,1
SHOREHAM,05770,1
WEST PAWLET,05775,1
WEST RUPERT,05776,1
WEST RUTLAND,05777,1
SAINT JOHNSBURY,05819,1
BARNET,05821,1
BARTON,05822,1
BEEBE PLAIN,05823,1
CRAFTSBURY,05826,1
CRAFTSBURY COMMON,05827,1
DERBY,05829,1
DERBY LINE,05830,1
EAST BURKE,05832,1
EAST CHARLESTON,05833,1
EAST HARDWICK,05836,1
EAST HAVEN,05837,1
EAST SAINT JOHNSBURY,05838,1
GLOVER,05839,1
GREENSBORO BEND,05842,1
IRASBURG,05845,1
ISLAND POND,05846,1
LOWER WATERFORD,05848,1
LYNDON,05849,1
LYNDON CENTER,05850,1
LYNDONVILLE,05851,1
MORGAN,05853,1
NEWPORT CENTER,05857,1
NORTH CONCORD,05858,1
NORTH TROY,05859,1
PASSUMPSIC,05861,1
PEACHAM,05862,1
SAINT JOHNSBURY CENTER,05863,1
WEST BURKE,05871,1
WEST CHARLESTON,05872,1
WEST DANVILLE,05873,1
WEST GLOVER,05875,1
AVERILL,05901,1
BEECHER FALLS,05902,1
GILMAN,05904,1
GUILDHALL,05905,1
BLOOMFIELD,06002,1
BROAD BROOK,06016,1
CANTON CENTER,06020,1
COLLINSVILLE,06022,1
EAST BERLIN,06023,1
EAST CANAAN,06024,1
EAST GLASTONBURY,06025,1
EAST GRANBY,06026,1
EAST HARTLAND,06027,1
EAST WINDSOR HILL,06028,1
ELLINGTON,06029,1
FALLS VILLAGE,06031,1
GLASTONBURY,06033,1
NEW HARTFORD,06057,1
NORTH CANTON,06059,1
NORTH GRANBY,06060,1
PINE MEADOW,06061,1
BARKHAMSTED,06063,1
POQUONOCK,06064,1
VERNON ROCKVILLE,06066,1
ROCKY HILL,06067,1
SIMSBURY,06070,1
SOMERS,06071,1
SOMERSVILLE,06072,1
SOUTH GLASTONBURY,06073,1
SOUTH WINDSOR,06074,1
STAFFORD SPRINGS,06076,1
STAFFORDVILLE,06077,1
TACONIC,06079,1
TARIFFVILLE,06081,1
TOLLAND,06084,1
EAST WINDSOR,06088,1
WEATOGUE,06089,1
WEST GRANBY,06090,1
WEST HARTLAND,06091,1
WEST SIMSBURY,06092,1
WEST SUFFIELD,06093,1
WINCHESTER CENTER,06094,1
WINDSOR LOCKS,06096,1
WINSTED,06098,1
WILLIMANTIC,06226,1
AMSTON,06231,1
BALLOUVILLE,06233,1
CHAPLIN,06235,1
DANIELSON,06239,1
DAYVILLE,06241,1
EASTFORD,06242,1
EAST KILLINGLY,06243,1
EAST WOODSTOCK,06244,1
FABYAN,06245,1
GROSVENOR DALE,06246,1
MANSFIELD CENTER,06250,1
MANSFIELD DEPOT,06251,1
NORTH FRANKLIN,06254,1
NORTH GROSVENORDALE,06255,1
NORTH WINDHAM,06256,1
POMFRET,06258,1
POMFRET CENTER,06259,1
PUTNAM,06260,1
QUINEBAUG,06262,1
SCOTLAND,06264,1
SOUTH WILLINGTON,06265,1
THOMPSON,06277,1
ASHFORD,06278,1
WILLINGTON,06279,1
WOODSTOCK VALLEY,06282,1
BALTIC,06330,1
CENTRAL VILLAGE,06332,1
EAST LYME,06333,1
BOZRAH,06334,1
GALES FERRY,06335,1
GLASGO,06337,1
LEDYARD,06339,1
JEWETT CITY,06351,1
MONTVILLE,06353,1
MOOSUP,06354,1
MYSTIC,06355,1
NIANTIC,06357,1
NORTH STONINGTON,06359,1
PRESTON,06365,1
OAKDALE,06370,1
OLD LYME,06371,1
OLD MYSTIC,06372,1
ONECO,06373,1
QUAKER HILL,06375,1
SOUTH LYME,06376,1
PAWCATUCK,06379,1
TAFTVILLE,06380,1
UNCASVILLE,06382,1
VOLUNTOWN,06384,1
WAUREGAN,06387,1
WEST MYSTIC,06388,1
YANTIC,06389,1
FISHERS ISLAND,06390,1
ANSONIA,06401,1
BEACON FALLS,06403,1
BOTSFORD,06404,1
BRANFORD,06405,1
CENTERBROOK,06409,1
COBALT,06414,1
CROMWELL,06416,1
DEEP RIVER,06417,1
KILLINGWORTH,06419,1
EAST HADDAM,06423,1
EAST HAMPTON,06424,1
GREENS FARMS,06436,1
HADDAM,06438,1
HADLYME,06439,1
HAWLEYVILLE,06440,1
HIGGANUM,06441,1
IVORYTON,06442,1
MIDDLE HADDAM,06456,1
MILLDALE,06467,1
MOODUS,06469,1
NEWTOWN,06470,1
NORTH BRANFORD,06471,1
NORTHFORD,06472,1
NORTH WESTCHESTER,06474,1
OLD SAYBROOK,06475,1
PLANTSVILLE,06479,1
ROCKFALL,06481,1
SANDY HOOK,06482,1
SEYMOUR,06483,1
SHELTON,06484,1
SOUTH BRITAIN,06487,1
SOUTHBURY,06488,1
SOUTHINGTON,06489,1
STEVENSON,06491,1
WEST HAVEN,06516,1
BETHANY,06524,1
TRUMBULL,06611,1
PROSPECT,06712,1
BANTAM,06750,1
CORNWALL,06753,1
CORNWALL BRIDGE,06754,1
GAYLORDSVILLE,06755,1
LAKESIDE,06758,1
MORRIS,06763,1
NAUGATUCK,06770,1
NEW MILFORD,06776,1
NEW PRESTON MARBLE DALE,06777,1
OAKVILLE,06779,1
PEQUABUCK,06781,1
SOUTH KENT,06785,1
TERRYVILLE,06786,1
TORRINGTON,06790,1
HARWINTON,06791,1
WASHINGTON DEPOT,06794,1
WEST CORNWALL,06796,1
COS COB,06807,1
NEW FAIRFIELD,06812,1
DARIEN,06820,1
OLD GREENWICH,06870,1
REDDING CENTER,06875,1
REDDING RIDGE,06876,1
AVENEL,07001,1
BAYONNE,07002,1
BOONTON,07005,1
CARTERET,07008,1
CEDAR GROVE,07009,1
CLIFFSIDE PARK,07010,1
CRANFORD,07016,1
ESSEX FELLS,07021,1
FAIRVIEW,07022,1
FANWOOD,07023,1
FORT LEE,07024,1
GARFIELD,07026,1
GARWOOD,07027,1
GLEN RIDGE,07028,1
HOBOKEN,07030,1
NORTH ARLINGTON,07031,1
KENILWORTH,07033,1
LAKE HIAWATHA,07034,1
LINCOLN PARK,07035,1
LINDEN,07036,1
MAPLEWOOD,07040,1
MILLBURN,07041,1
VERONA,07044,1
MOUNTAIN LAKES,07046,1
NORTH BERGEN,07047,1
WEST ORANGE,07052,1
PARSIPPANY,07054,1
PASSAIC,07055,1
WALLINGTON,07057,1
PINE BROOK,07058,1
PORT READING,07064,1
RAHWAY,07065,1
CLARK,07066,1
COLONIA,07067,1
ROSELAND,07068,1
WATCHUNG,07069,1
RUTHERFORD,07070,1
LYNDHURST,07071,1
CARLSTADT,07072,1
EAST RUTHERFORD,07073,1
MOONACHIE,07074,1
WOOD RIDGE,07075,1
SCOTCH PLAINS,07076,1
SEWAREN,07077,1
SHORT HILLS,07078,1
SOUTH ORANGE,07079,1
SOUTH PLAINFIELD,07080,1
TOWACO,07082,1
WEEHAWKEN,07086,1
VAUXHALL,07088,1
MOUNTAINSIDE,07092,1
WEST NEW YORK,07093,1
NUTLEY,07110,1
IRVINGTON,07111,1
ROSELLE,07203,1
ROSELLE PARK,07204,1
HILLSIDE,07205,1
ALLENDALE,07401,1
ELMWOOD PARK,07407,1
FAIR LAWN,07410,1
FRANKLIN LAKES,07417,1
GLENWOOD,07418,1
HAMBURG,07419,1
HASKELL,07420,1
HEWITT,07421,1
HIGHLAND LAKES,07422,1
HO HO KUS,07423,1
LITTLE FALLS,07424,1
MC AFEE,07428,1
MIDLAND PARK,07432,1
NEWFOUNDLAND,07435,1
OGDENSBURG,07439,1
PEQUANNOCK,07440,1
POMPTON LAKES,07442,1
POMPTON PLAINS,07444,1
RAMSEY,07446,1
GLEN ROCK,07452,1
RINGWOOD,07456,1
SADDLE RIVER,07458,1
SUSSEX,07461,1
WALDWICK,07463,1
WANAQUE,07465,1
WEST MILFORD,07480,1
WYCKOFF,07481,1
BOGOTA,07603,1
HASBROUCK HEIGHTS,07604,1
LEONIA,07605,1
SOUTH HACKENSACK,07606,1
MAYWOOD,07607,1
TETERBORO,07608,1
BERGENFIELD,07621,1
CLOSTER,07624,1
CRESSKILL,07626,1
DEMAREST,07627,1
DUMONT,07628,1
EMERSON,07630,1
ENGLEWOOD CLIFFS,07632,1
HARRINGTON PARK,07640,1
HAWORTH,07641,1
HILLSDALE,07642,1
LITTLE FERRY,07643,1
MONTVALE,07645,1
NORTHVALE,07647,1
ORADELL,07649,1
PALISADES PARK,07650,1
PARK RIDGE,07656,1
RIDGEFIELD PARK,07660,1
RIVER EDGE,07661,1
ROCHELLE PARK,07662,1
SADDLE BROOK,07663,1
TEANECK,07666,1
TENAFLY,07670,1
TOWNSHIP OF WASHINGTON,07676,1
WOODCLIFF LAKE,07677,1
RED BANK,07701,1
FORT MONMOUTH,07703,1
ADELPHIA,07710,1
ASBURY PARK,07712,1
ATLANTIC HIGHLANDS,07716,1
AVON BY THE SEA,07717,1
BELFORD,07718,1
BRADLEY BEACH,07720,1
CLIFFWOOD,07721,1
COLTS NECK,07722,1
DEAL,07723,1
ENGLISHTOWN,07726,1
FREEHOLD,07728,1
HAZLET,07730,1
HIGHLANDS,07732,1
KEANSBURG,07734,1
KEYPORT,07735,1
LEONARDO,07737,1
LINCROFT,07738,1
LITTLE SILVER,07739,1
LONG BRANCH,07740,1
MATAWAN,07747,1
MONMOUTH BEACH,07750,1
MORGANVILLE,07751,1
NAVESINK,07752,1
OAKHURST,07755,1
OCEAN GROVE,07756,1
OCEANPORT,07757,1
PORT MONMOUTH,07758,1
RUMSON,07760,1
SPRING LAKE,07762,1
TENNENT,07763,1
WEST LONG BRANCH,07764,1
WICKATUNK,07765,1
MINE HILL,07803,1
PICATINNY ARSENAL,07806,1
ALLAMUCHY,07820,1
BELVIDERE,07823,1
BLAIRSTOWN,07825,1
BUDD LAKE,07828,1
BUTTZVILLE,07829,1
CALIFON,07830,1
CHANGEWATER,07831,1
DENVILLE,07834,1
FLANDERS,07836,1
GLASSER,07837,1
GREAT MEADOWS,07838,1
GREENDELL,07839,1
HACKETTSTOWN,07840,1
HIBERNIA,07842,1
HOPATCONG,07843,1
IRONIA,07845,1
JOHNSONBURG,07846,1
KENVIL,07847,1
LAKE HOPATCONG,07849,1
LANDING,07850,1
LEDGEWOOD,07852,1
LONG VALLEY,07853,1
MIDDLEVILLE,07855,1
MOUNT ARLINGTON,07856,1
NETCONG,07857,1
PORT MURRAY,07865,1
ROCKAWAY,07866,1
SCHOOLEYS MOUNTAIN,07870,1
SPARTA,07871,1
STANHOPE,07874,1
SUCCASUNNA,07876,1
SWARTSWOOD,07877,1
MOUNT TABOR,07878,1
TRANQUILITY,07879,1
WALLPACK CENTER,07881,1
WHARTON,07885,1
BASKING RIDGE,07920,1
BEDMINSTER,07921,1
BERKELEY HEIGHTS,07922,1
BERNARDSVILLE,07924,1
BROOKSIDE,07926,1
CEDAR KNOLLS,07927,1
FAR HILLS,07931,1
FLORHAM PARK,07932,1
GLADSTONE,07934,1
GREEN VILLAGE,07935,1
EAST HANOVER,07936,1
LIBERTY CORNER,07938,1
LYONS,07939,1
MENDHAM,07945,1
MORRIS PLAINS,07950,1
MOUNT FREEDOM,07970,1
NEW PROVIDENCE,07974,1
NEW VERNON,07976,1
PEAPACK,07977,1
PLUCKEMIN,07978,1
POTTERSVILLE,07979,1
STIRLING,07980,1
ALLOWAY,08001,1
ATCO,08004,1
BARNEGAT,08005,1
BARNEGAT LIGHT,08006,1
BEACH HAVEN,08008,1
BLACKWOOD,08012,1
BROWNS MILLS,08015,1
CEDAR BROOK,08018,1
CLARKSBORO,08020,1
CLEMENTON,08021,1
DEEPWATER,08023,1
EWAN,08025,1
GIBBSBORO,08026,1
GIBBSTOWN,08027,1
GLASSBORO,08028,1
GLOUCESTER CITY,08030,1
GRENLOCH,08032,1
HADDONFIELD,08033,1
HADDON HEIGHTS,08035,1
HAINESPORT,08036,1
HAMMONTON,08037,1
HANCOCKS BRIDGE,08038,1
HARRISONVILLE,08039,1
JOBSTOWN,08041,1
JULIUSTOWN,08042,1
VOORHEES,08043,1
LAWNSIDE,08045,1
WILLINGBORO,08046,1
MANAHAWKIN,08050,1
MANTUA,08051,1
MAPLE SHADE,08052,1
MARLTON,08053,1
MOUNT LAUREL,08054,1
MICKLETON,08056,1
MOORESTOWN,08057,1
MOUNT EPHRAIM,08059,1
MOUNT ROYAL,08061,1
MULLICA HILL,08062,1
NATIONAL PARK,08063,1
NEW LISBON,08064,1
PAULSBORO,08066,1
PEDRICKTOWN,08067,1
PEMBERTON,08068,1
PENNS GROVE,08069,1
PENNSVILLE,08070,1
PITMAN,08071,1
QUINTON,08072,1
RANCOCAS,08073,1
RICHWOOD,08074,1
RUNNEMEDE,08078,1
SEWELL,08080,1
SICKLERVILLE,08081,1
SOMERDALE,08083,1
SWEDESBORO,08085,1
THOROFARE,08086,1
TUCKERTON,08087,1
VINCENTOWN,08088,1
WATERFORD WORKS,08089,1
WENONAH,08090,1
WEST BERLIN,08091,1
WEST CREEK,08092,1
WESTVILLE,08093,1
WINSLOW,08095,1
WOODBURY HEIGHTS,08097,1
WOODSTOWN,08098,1
AUDUBON,08106,1
OAKLYN,08107,1
COLLINGSWOOD,08108,1
MERCHANTVILLE,08109,1
PENNSAUKEN,08110,1
AVALON,08202,1
BRIGANTINE,08203,1
CAPE MAY,08204,1
CAPE MAY COURT HOUSE,08210,1
CAPE MAY POINT,08212,1
COLOGNE,08213,1
DENNISVILLE,08214,1
EGG HARBOR CITY,08215,1
ELWOOD,08217,1
GREEN CREEK,08219,1
LEEDS POINT,08220,1
MARMORA,08223,1
NEW GRETNA,08224,1
OCEAN VIEW,08230,1
OCEANVILLE,08231,1
EGG HARBOR TOWNSHIP,08234,1
PORT REPUBLIC,08241,1
SEA ISLE CITY,08243,1
SOMERS POINT,08244,1
SOUTH SEAVILLE,08246,1
STONE HARBOR,08247,1
STRATHMERE,08248,1
TUCKAHOE,08250,1
VILLAS,08251,1
WHITESBORO,08252,1
WILDWOOD,08260,1
WOODBINE,08270,1
BRIDGETON,08302,1
BUENA,08310,1
CEDARVILLE,08311,1
CLAYTON,08312,1
DEERFIELD STREET,08313,1
DELMONT,08314,1
DIVIDING CREEK,08315,1
DORCHESTER,08316,1
DOROTHY,08317,1
ELMER,08318,1
ESTELL MANOR,08319,1
FAIRTON,08320,1
FORTESCUE,08321,1
FRANKLINVILLE,08322,1
HEISLERVILLE,08324,1
LANDISVILLE,08326,1
MALAGA,08328,1
MAURICETOWN,08329,1
MAYS LANDING,08330,1
MILMAY,08340,1
MINOTOLA,08341,1
MIZPAH,08342,1
NORMA,08347,1
PORT ELIZABETH,08348,1
PORT NORRIS,08349,1
RICHLAND,08350,1
ROSENHAYN,08352,1
SHILOH,08353,1
MARGATE CITY,08402,1
LONGPORT,08403,1
VENTNOR CITY,08406,1
BELLE MEAD,08502,1
BLAWENBURG,08504,1
BORDENTOWN,08505,1
COOKSTOWN,08511,1
CREAM RIDGE,08514,1
CROSSWICKS,08515,1
HIGHTSTOWN,08520,1
HOPEWELL,08525,1
IMLAYSTOWN,08526,1
LAMBERTVILLE,08530,1
NEW EGYPT,08533,1
PENNINGTON,08534,1
PERRINEVILLE,08535,1
PLAINSBORO,08536,1
PRINCETON JUNCTION,08550,1
RINGOES,08551,1
ROEBLING,08554,1
ROOSEVELT,08555,1
ROSEMONT,08556,1
SERGEANTSVILLE,08557,1
SKILLMAN,08558,1
WRIGHTSTOWN,08562,1
ALLENWOOD,08720,1
BEACHWOOD,08722,1
BRIELLE,08730,1
FORKED RIVER,08731,1
ISLAND HEIGHTS,08732,1
LAKEHURST,08733,1
LANOKA HARBOR,08734,1
LAVALLETTE,08735,1
MANASQUAN,08736,1
MANTOLOKING,08738,1
NORMANDY BEACH,08739,1
OCEAN GATE,08740,1
PINE BEACH,08741,1
POINT PLEASANT BEACH,08742,1
SEA GIRT,08750,1
SEASIDE HEIGHTS,08751,1
SEASIDE PARK,08752,1
WARETOWN,08758,1
MANCHESTER TOWNSHIP,08759,1
ANNANDALE,08801,1
ASBURY,08802,1
BAPTISTOWN,08803,1
BLOOMSBURY,08804,1
BOUND BROOK,08805,1
BROADWAY,08808,1
DUNELLEN,08812,1
EAST BRUNSWICK,08816,1
FLAGTOWN,08821,1
FLEMINGTON,08822,1
FRANKLIN PARK,08823,1
KENDALL PARK,08824,1
FRENCHTOWN,08825,1
GLEN GARDNER,08826,1
HELMETTA,08828,1
HIGH BRIDGE,08829,1
ISELIN,08830,1
MONROE TOWNSHIP,08831,1
KEASBEY,08832,1
LITTLE YORK,08834,1
METUCHEN,08840,1
HILLSBOROUGH,08844,1
MIDDLESEX,08846,1
MILLTOWN,08850,1
MONMOUTH JUNCTION,08852,1
NESHANIC STATION,08853,1
OLD BRIDGE,08857,1
OLDWICK,08858,1
PARLIN,08859,1
FORDS,08863,1
PHILLIPSBURG,08865,1
PITTSTOWN,08867,1
QUAKERTOWN,08868,1
READINGTON,08870,1
SOUTH BOUND BROOK,08880,1
SPOTSWOOD,08884,1
STANTON,08885,1
STEWARTSVILLE,08886,1
THREE BRIDGES,08887,1
WHITEHOUSE,08888,1
WHITEHOUSE STATION,08889,1
ZAREPHATH,08890,1
NORTH BRUNSWICK,08902,1
HIGHLAND PARK,08904,1
AMAWALK,10501,1
ARDSLEY,10502,1
ARDSLEY ON HUDSON,10503,1
ARMONK,10504,1
BALDWIN PLACE,10505,1
BEDFORD HILLS,10507,1
BRIARCLIFF MANOR,10510,1
BUCHANAN,10511,1
CHAPPAQUA,10514,1
COLD SPRING,10516,1
CROMPOND,10517,1
CROSS RIVER,10518,1
CROTON FALLS,10519,1
DOBBS FERRY,10522,1
ELMSFORD,10523,1
GARRISON,10524,1
GOLDENS BRIDGE,10526,1
GRANITE SPRINGS,10527,1
HARTSDALE,10530,1
JEFFERSON VALLEY,10535,1
KATONAH,10536,1
LAKE PEEKSKILL,10537,1
LARCHMONT,10538,1
LINCOLNDALE,10540,1
MAHOPAC,10541,1
MAHOPAC FALLS,10542,1
MAMARONECK,10543,1
MARYKNOLL,10545,1
MILLWOOD,10546,1
MOHEGAN LAKE,10547,1
MOUNT KISCO,10549,1
OSSINING,10562,1
PEEKSKILL,10566,1
CORTLANDT MANOR,10567,1
PORT CHESTER,10573,1
POUND RIDGE,10576,1
PURCHASE,10577,1
PURDYS,10578,1
PUTNAM VALLEY,10579,1
SCARSDALE,10583,1
SHENOROCK,10587,1
SHRUB OAK,10588,1
SOUTH SALEM,10590,1
THORNWOOD,10594,1
VALHALLA,10595,1
VERPLANCK,10596,1
WACCABUC,10597,1
YORKTOWN HEIGHTS,10598,1
WEST HARRISON,10604,1
HASTINGS ON HUDSON,10706,1
BRONXVILLE,10708,1
EASTCHESTER,10709,1
SUFFERN,10901,1
ARDEN,10910,1
BEAR MOUNTAIN,10911,1
BELLVALE,10912,1
BLAUVELT,10913,1
BLOOMING GROVE,10914,1
BULLVILLE,10915,1
CAMPBELL HALL,10916,1
CENTRAL VALLEY,10917,1
CIRCLEVILLE,10919,1
CONGERS,10920,1
FORT MONTGOMERY,10922,1
GARNERVILLE,10923,1
GREENWOOD LAKE,10925,1
HARRIMAN,10926,1
HAVERSTRAW,10927,1
HIGHLAND FALLS,10928,1
HIGHLAND MILLS,10930,1
HILLBURN,10931,1
HOWELLS,10932,1
MONSEY,10952,1
MOUNTAINVILLE,10953,1
NANUET,10954,1
NEW CITY,10956,1
NYACK,10960,1
OTISVILLE,10963,1
PALISADES,10964,1
PEARL RIVER,10965,1
PINE ISLAND,10969,1
SLATE HILL,10973,1
SLOATSBURG,10974,1
SOUTHFIELDS,10975,1
SPARKILL,10976,1
STERLING FOREST,10979,1
STONY POINT,10980,1
SUGAR LOAF,10981,1
TALLMAN,10982,1
TAPPAN,10983,1
THIELLS,10984,1
THOMPSON RIDGE,10985,1
TOMKINS COVE,10986,1
TUXEDO PARK,10987,1
VALLEY COTTAGE,10989,1
WASHINGTONVILLE,10992,1
WEST HAVERSTRAW,10993,1
WESTTOWN,10998,1
ELMONT,11003,1
GLEN OAKS,11004,1
FRANKLIN SQUARE,11010,1
MANHASSET,11030,1
INWOOD,11096,1
SUNNYSIDE,11104,1
COLLEGE POINT,11356,1
WHITESTONE,11357,1
OAKLAND GARDENS,11364,1
JACKSON HEIGHTS,11372,1
REGO PARK,11374,1
FOREST HILLS,11375,1
WOODSIDE,11377,1
MASPETH,11378,1
MIDDLE VILLAGE,11379,1
CAMBRIA HEIGHTS,11411,1
SPRINGFIELD GARDENS,11413,1
HOWARD BEACH,11414,1
KEW GARDENS,11415,1
RICHMOND HILL,11418,1
SOUTH RICHMOND HILL,11419,1
SOUTH OZONE PARK,11420,1
WOODHAVEN,11421,1
ROSEDALE,11422,1
BELLEROSE,11426,1
MINEOLA,11501,1
ALBERTSON,11507,1
ATLANTIC BEACH,11509,1
BALDWIN,11510,1
CARLE PLACE,11514,1
CEDARHURST,11516,1
EAST ROCKAWAY,11518,1
GLEN HEAD,11545,1
GLENWOOD LANDING,11547,1
GREENVALE,11548,1
WEST HEMPSTEAD,11552,1
EAST MEADOW,11554,1
HEWLETT,11557,1
ISLAND PARK,11558,1
LOCUST VALLEY,11560,1
MALVERNE,11565,1
MERRICK,11566,1
OLD WESTBURY,11568,1
POINT LOOKOUT,11569,1
ROSLYN,11576,1
ROSLYN HEIGHTS,11577,1
SEA CLIFF,11579,1
WILLISTON PARK,11596,1
WOODMERE,11598,1
ARVERNE,11692,1
ROCKAWAY PARK,11694,1
BREEZY POINT,11697,1
BABYLON,11702,1
NORTH BABYLON,11703,1
BAYPORT,11705,1
BAY SHORE,11706,1
BELLMORE,11710,1
BELLPORT,11713,1
BETHPAGE,11714,1
BLUE POINT,11715,1
BOHEMIA,11716,1
BRIGHTWATERS,11718,1
CENTEREACH,11720,1
CENTERPORT,11721,1
CENTRAL ISLIP,11722,1
COLD SPRING HARBOR,11724,1
COMMACK,11725,1
COPIAGUE,11726,1
CORAM,11727,1
DEER PARK,11729,1
EAST ISLIP,11730,1
EAST NORTHPORT,11731,1
EAST NORWICH,11732,1
EAST SETAUKET,11733,1
FARMINGVILLE,11738,1
GREAT RIVER,11739,1
GREENLAWN,11740,1
ISLIP,11751,1
ISLIP TERRACE,11752,1
KINGS PARK,11754,1
LAKE GROVE,11755,1
LINDENHURST,11757,1
MASSAPEQUA,11758,1
MASSAPEQUA PARK,11762,1
MILLER PLACE,11764,1
MILL NECK,11765,1
MOUNT SINAI,11766,1
NESCONSET,11767,1
OCEAN BEACH,11770,1
OYSTER BAY,11771,1
PATCHOGUE,11772,1
PORT JEFFERSON STATION,11776,1
PORT JEFFERSON,11777,1
ROCKY POINT,11778,1
RONKONKOMA,11779,1
SAINT JAMES,11780,1
SAYVILLE,11782,1
SEAFORD,11783,1
SELDEN,11784,1
HAUPPAUGE,11788,1
SOUND BEACH,11789,1
WADING RIVER,11792,1
WANTAGH,11793,1
WEST ISLIP,11795,1
WEST SAYVILLE,11796,1
WYANDANCH,11798,1
OLD BETHPAGE,11804,1
MID ISLAND,11805,1
RIVERHEAD,11901,1
AMAGANSETT,11930,1
AQUEBOGUE,11931,1
BRIDGEHAMPTON,11932,1
CALVERTON,11933,1
CENTER MORICHES,11934,1
CUTCHOGUE,11935,1
EAST MARION,11939,1
EAST MORICHES,11940,1
EAST QUOGUE,11942,1
GREENPORT,11944,1
HAMPTON BAYS,11946,1
JAMESPORT,11947,1
MANORVILLE,11949,1
MASTIC,11950,1
MASTIC BEACH,11951,1
MATTITUCK,11952,1
MIDDLE ISLAND,11953,1
MONTAUK,11954,1
MORICHES,11955,1
NEW SUFFOLK,11956,1
PECONIC,11958,1
QUOGUE,11959,1
REMSENBURG,11960,1
RIDGE,11961,1
SAGAPONACK,11962,1
SAG HARBOR,11963,1
SHELTER ISLAND,11964,1
SHELTER ISLAND HEIGHTS,11965,1
SOUTH JAMESPORT,11970,1
SOUTHOLD,11971,1
SPEONK,11972,1
WAINSCOTT,11975,1
WATER MILL,11976,1
WESTHAMPTON,11977,1
WESTHAMPTON BEACH,11978,1
YAPHANK,11980,1
ALCOVE,12007,1
ALPLAUS,12008,1
ALTAMONT,12009,1
AMSTERDAM,12010,1
AURIESVILLE,12016,1
AUSTERLITZ,12017,1
AVERILL PARK,12018,1
BALLSTON LAKE,12019,1
BALLSTON SPA,12020,1
BERNE,12023,1
BRAINARD,12024,1
BROADALBIN,12025,1
BURNT HILLS,12027,1
BUSKIRK,12028,1
CAROGA LAKE,12032,1
CASTLETON ON HUDSON,12033,1
CENTRAL BRIDGE,12035,1
CHARLOTTEVILLE,12036,1
CHERRY PLAIN,12040,1
CLIMAX,12042,1
COBLESKILL,12043,1
COEYMANS,12045,1
COEYMANS HOLLOW,12046,1
COHOES,12047,1
COLUMBIAVILLE,12050,1
COXSACKIE,12051,1
CROPSEYVILLE,12052,1
DELANSON,12053,1
DELMAR,12054,1
DORMANSVILLE,12055,1
DUANESBURG,12056,1
EAGLE BRIDGE,12057,1
EARLTON,12058,1
EAST BERNE,12059,1
EAST CHATHAM,12060,1
EAST GREENBUSH,12061,1
EAST NASSAU,12062,1
EAST SCHODACK,12063,1
EAST WORCESTER,12064,1
CLIFTON PARK,12065,1
ESPERANCE,12066,1
FEURA BUSH,12067,1
FONDA,12068,1
FORT HUNTER,12069,1
FORT JOHNSON,12070,1
FULTONHAM,12071,1
FULTONVILLE,12072,1
GALLUPVILLE,12073,1
GALWAY,12074,1
GHENT,12075,1
GILBOA,12076,1
GLENMONT,12077,1
GLOVERSVILLE,12078,1
GUILDERLAND,12084,1
GUILDERLAND CENTER,12085,1
HAGAMAN,12086,1
HANNACROIX,12087,1
HOOSICK,12089,1
HOOSICK FALLS,12090,1
HOWES CAVE,12092,1
JOHNSONVILLE,12094,1
KINDERHOOK,12106,1
KNOX,12107,1
MALDEN BRIDGE,12115,1
MAYFIELD,12117,1
MECHANICVILLE,12118,1
MEDUSA,12120,1
MIDDLEBURGH,12122,1
NASSAU,12123,1
NEW LEBANON,12125,1
NIVERVILLE,12130,1
NORTH BLENHEIM,12131,1
NORTH HOOSICK,12133,1
NORTHVILLE,12134,1
OLD CHATHAM,12136,1
PATTERSONVILLE,12137,1
PISECO,12139,1
POESTENKILL,12140,1
QUAKER STREET,12141,1
RAVENA,12143,1
RENSSELAER,12144,1
RENSSELAERVILLE,12147,1
REXFORD,12148,1
RICHMONDVILLE,12149,1
ROTTERDAM JUNCTION,12150,1
ROUND LAKE,12151,1
SAND LAKE,12153,1
SCHAGHTICOKE,12154,1
SCHENEVUS,12155,1
SCHODACK LANDING,12156,1
SCHOHARIE,12157,1
SELKIRK,12158,1
SLINGERLANDS,12159,1
SLOANSVILLE,12160,1
SOUTH BETHLEHEM,12161,1
SPECULATOR,12164,1
SPENCERTOWN,12165,1
SPRAKERS,12166,1
STOTTVILLE,12172,1
STUYVESANT,12173,1
STUYVESANT FALLS,12174,1
TRIBES HILL,12177,1
VALATIE,12184,1
VALLEY FALLS,12185,1
VOORHEESVILLE,12186,1
WARNERVILLE,12187,1
WATERVLIET,12189,1
WEST COXSACKIE,12192,1
WESTERLO,12193,1
WEST FULTON,12194,1
WEST SAND LAKE,12196,1
WYNANTSKILL,12198,1
ACRA,12405,1
ARKVILLE,12406,1
BEARSVILLE,12409,1
BIG INDIAN,12410,1
BOICEVILLE,12412,1
CAIRO,12413,1
CATSKILL,12414,1
CONNELLY,12417,1
CORNWALLVILLE,12418,1
COTTEKILL,12419,1
CRAGSMOOR,12420,1
EAST DURHAM,12423,1
EAST JEWETT,12424,1
ELKA PARK,12427,1
ELLENVILLE,12428,1
ESOPUS,12429,1
FLEISCHMANNS,12430,1
GLASCO,12432,1
GLENFORD,12433,1
GRAND GORGE,12434,1
GREENFIELD PARK,12435,1
HAINES FALLS,12436,1
HALCOTTSVILLE,12438,1
HENSONVILLE,12439,1
HIGH FALLS,12440,1
HIGHMOUNT,12441,1
HUNTER,12442,1
HURLEY,12443,1
JEWETT,12444,1
KERHONKSON,12446,1
LAKE HILL,12448,1
LAKE KATRINE,12449,1
LANESVILLE,12450,1
MALDEN ON HUDSON,12453,1
MAPLECREST,12454,1
MARGARETVILLE,12455,1
MOUNT MARION,12456,1
MOUNT TREMPER,12457,1
NAPANOCH,12458,1
NEW KINGSTON,12459,1
OAK HILL,12460,1
OLIVEBRIDGE,12461,1
PALENVILLE,12463,1
PHOENICIA,12464,1
PINE HILL,12465,1
PORT EWEN,12466,1
PRATTSVILLE,12468,1
PRESTON HOLLOW,12469,1
PURLING,12470,1
RIFTON,12471,1
ROSENDALE,12472,1
RUBY,12475,1
SAUGERTIES,12477,1
SHANDAKEN,12480,1
SHOKAN,12481,1
SOUTH CAIRO,12482,1
SPRING GLEN,12483,1
STONE RIDGE,12484,1
TANNERSVILLE,12485,1
TILLSON,12486,1
ULSTER PARK,12487,1
WAWARSING,12489,1
WEST CAMP,12490,1
WEST HURLEY,12491,1
WEST KILL,12492,1
WEST PARK,12493,1
WEST SHOKAN,12494,1
WILLOW,12495,1
AMENIA,12501,1
ANCRAM,12502,1
ANCRAMDALE,12503,1
ANNANDALE ON HUDSON,12504,1
BANGALL,12506,1
BARRYTOWN,12507,1
BEACON,12508,1
CASTLE POINT,12511,1
CLAVERACK,12513,1
CLINTON CORNERS,12514,1
CLINTONDALE,12515,1
COPAKE,12516,1
COPAKE FALLS,12517,1
CORNWALL ON HUDSON,12520,1
CRARYVILLE,12521,1
DOVER PLAINS,12522,1
ELIZAVILLE,12523,1
FISHKILL,12524,1
GLENHAM,12527,1
HOLLOWVILLE,12530,1
HOPEWELL JUNCTION,12533,1
HUGHSONVILLE,12537,1
LAGRANGEVILLE,12540,1
MAYBROOK,12543,1
MELLENVILLE,12544,1
MILLBROOK,12545,1
MILLERTON,12546,1
MODENA,12548,1
NEW WINDSOR,12553,1
MID HUDSON,12555,1
NEW PALTZ,12561,1
PATTERSON,12563,1
PAWLING,12564,1
PHILMONT,12565,1
PINE BUSH,12566,1
PINE PLAINS,12567,1
PLATTEKILL,12568,1
PLEASANT VALLEY,12569,1
POUGHQUAG,12570,1
RED HOOK,12571,1
RHINEBECK,12572,1
RHINECLIFF,12574,1
ROCK TAVERN,12575,1
SALISBURY MILLS,12577,1
SALT POINT,12578,1
STAATSBURG,12580,1
STANFORDVILLE,12581,1
STORMVILLE,12582,1
TIVOLI,12583,1
VAILS GATE,12584,1
VERBANK,12585,1
WALDEN,12586,1
WALKER VALLEY,12588,1
WALLKILL,12589,1
WAPPINGERS FALLS,12590,1
WASSAIC,12592,1
WEST COPAKE,12593,1
WINGDALE,12594,1
BARRYVILLE,12719,1
BLOOMINGBURG,12721,1
BURLINGHAM,12722,1
CALLICOON,12723,1
CALLICOON CENTER,12724,1
CLARYVILLE,12725,1
COCHECTON,12726,1
COCHECTON CENTER,12727,1
CUDDEBACKVILLE,12729,1
ELDRED,12732,1
FALLSBURG,12733,1
FERNDALE,12734,1
FREMONT CENTER,12736,1
GLEN SPEY,12737,1
GLEN WILD,12738,1
GODEFFROY,12739,1
GRAHAMSVILLE,12740,1
HANKINS,12741,1
HARRIS,12742,1
HIGHLAND LAKE,12743,1
HORTONVILLE,12745,1
HUGUENOT,12746,1
HURLEYVILLE,12747,1
KAUNEONGA LAKE,12749,1
KENOZA LAKE,12750,1
KIAMESHA LAKE,12751,1
LAKE HUNTINGTON,12752,1
LIVINGSTON MANOR,12758,1
LOCH SHELDRAKE,12759,1
LONG EDDY,12760,1
MONGAUP VALLEY,12762,1
MOUNTAIN DALE,12763,1
NARROWSBURG,12764,1
NEVERSINK,12765,1
NORTH BRANCH,12766,1
OBERNBURG,12767,1
PARKSVILLE,12768,1
PHILLIPSPORT,12769,1
POND EDDY,12770,1
PORT JERVIS,12771,1
ROSCOE,12776,1
FORESTBURGH,12777,1
SMALLWOOD,12778,1
SOUTH FALLSBURG,12779,1
SPARROW BUSH,12780,1
SUMMITVILLE,12781,1
SUNDOWN,12782,1
SWAN LAKE,12783,1
THOMPSONVILLE,12784,1
WESTBROOKVILLE,12785,1
WHITE SULPHUR SPRINGS,12787,1
WOODBOURNE,12788,1
WOODRIDGE,12789,1
WURTSBORO,12790,1
YOUNGSVILLE,12791,1
YULAN,12792,1
GLENS FALLS,12801,1
SOUTH GLENS FALLS,12803,1
QUEENSBURY,12804,1
ADIRONDACK,12808,1
ARGYLE,12809,1
BAKERS MILLS,12811,1
BLUE MOUNTAIN LAKE,12812,1
BOLTON LANDING,12814,1
BRANT LAKE,12815,1
CLEMONS,12819,1
CLEVERDALE,12820,1
COMSTOCK,12821,1
COSSAYUNA,12823,1
DIAMOND POINT,12824,1
FORT ANN,12827,1
FORT EDWARD,12828,1
GANSEVOORT,12831,1
GREENFIELD CENTER,12833,1
HAGUE,12836,1
HUDSON FALLS,12839,1
HULETTS LANDING,12841,1
INDIAN LAKE,12842,1
JOHNSBURG,12843,1
KATTSKILL BAY,12844,1
LAKE GEORGE,12845,1
LAKE LUZERNE,12846,1
LONG LAKE,12847,1
MIDDLE FALLS,12848,1
MIDDLE GRANVILLE,12849,1
MIDDLE GROVE,12850,1
MINERVA,12851,1
NORTH CREEK,12853,1
NORTH GRANVILLE,12854,1
NORTH HUDSON,12855,1
NORTH RIVER,12856,1
OLMSTEDVILLE,12857,1
PARADOX,12858,1
PORTER CORNERS,12859,1
PUTNAM STATION,12861,1
RIPARIUS,12862,1
ROCK CITY FALLS,12863,1
SABAEL,12864,1
SARATOGA SPRINGS,12866,1
SCHROON LAKE,12870,1
SCHUYLERVILLE,12871,1
SEVERANCE,12872,1
SHUSHAN,12873,1
SILVER BAY,12874,1
STONY CREEK,12878,1
TICONDEROGA,12883,1
VICTORY MILLS,12884,1
WARRENSBURG,12885,1
WEVERTOWN,12886,1
WHITEHALL,12887,1
ALTONA,12910,1
AU SABLE FORKS,12912,1
BOMBAY,12914,1
BRAINARDSVILLE,12915,1
BRUSHTON,12916,1
CADYVILLE,12918,1
CHAMPLAIN,12919,1
CHATEAUGAY,12920,1
CHAZY,12921,1
CHILDWOLD,12922,1
CHURUBUSCO,12923,1
CONSTABLE,12926,1
CRANBERRY LAKE,12927,1
DANNEMORA,12929,1
DICKINSON CENTER,12930,1
ELLENBURG,12933,1
ELLENBURG CENTER,12934,1
ELLENBURG DEPOT,12935,1
FORT COVINGTON,12937,1
GABRIELS,12939,1
KEENE VALLEY,12943,1
LAKE CLEAR,12945,1
LEWIS,12950,1
MALONE,12953,1
MINEVILLE,12956,1
MOIRA,12957,1
MOOERS,12958,1
MOOERS FORKS,12959,1
MORIAH,12960,1
MORIAH CENTER,12961,1
MORRISONVILLE,12962,1
NEW RUSSIA,12964,1
NICHOLVILLE,12965,1
NORTH BANGOR,12966,1
NORTH LAWRENCE,12967,1
PAUL SMITHS,12970,1
PIERCEFIELD,12973,1
PORT HENRY,12974,1
PORT KENT,12975,1
RAINBOW LAKE,12976,1
RAY BROOK,12977,1
ROUSES POINT,12979,1
SAINT REGIS FALLS,12980,1
SARANAC,12981,1
SARANAC LAKE,12983,1
SCHUYLER FALLS,12985,1
TUPPER LAKE,12986,1
UPPER JAY,12987,1
VERMONTVILLE,12989,1
WEST CHAZY,12992,1
WHIPPLEVILLE,12995,1
WILLSBORO,12996,1
WITHERBEE,12998,1
APULIA STATION,13020,1
BALDWINSVILLE,13027,1
BERNHARDS BAY,13028,1
BREWERTON,13029,1
CAMILLUS,13031,1
CANASTOTA,13032,1
CATO,13033,1
CAYUGA,13034,1
CAZENOVIA,13035,1
CENTRAL SQUARE,13036,1
CHITTENANGO,13037,1
CICERO,13039,1
CINCINNATUS,13040,1
CLAY,13041,1
CLOCKVILLE,13043,1
CONSTANTIA,13044,1
CORTLAND,13045,1
DELPHI FALLS,13051,1
DE RUYTER,13052,1
DURHAMVILLE,13054,1
EAST HOMER,13056,1
EAST SYRACUSE,13057,1
ELBRIDGE,13060,1
ERIEVILLE,13061,1
FABIUS,13063,1
FAYETTE,13065,1
FREEVILLE,13068,1
FULTON,13069,1
GENOA,13071,1
HANNIBAL,13074,1
HOMER,13077,1
JAMESVILLE,13078,1
JORDAN,13080,1
KING FERRY,13081,1
KIRKVILLE,13082,1
LACONA,13083,1
LA FAYETTE,13084,1
LOCKE,13092,1
LYCOMING,13093,1
MC GRAW,13101,1
MALLORY,13103,1
MANLIUS,13104,1
MAPLE VIEW,13107,1
MARCELLUS,13108,1
MARTVILLE,13111,1
MINETTO,13115,1
MINOA,13116,1
MONTEZUMA,13117,1
MORAVIA,13118,1
MOTTVILLE,13119,1
NEDROW,13120,1
NEW WOODSTOCK,13122,1
NORTH BAY,13123,1
NORTH PITCHER,13124,1
OSWEGO,13126,1
PARISH,13131,1
PENNELLVILLE,13132,1
PETERBORO,13134,1
PITCHER,13136,1
POMPEY,13138,1
POPLAR RIDGE,13139,1
PORT BYRON,13140,1
PREBLE,13141,1
PULASKI,13142,1
RED CREEK,13143,1
SANDY CREEK,13145,1
SCIPIO CENTER,13147,1
SENECA FALLS,13148,1
SKANEATELES,13152,1
SKANEATELES FALLS,13153,1
SOUTH BUTLER,13154,1
SOUTH OTSELIC,13155,1
SYLVAN BEACH,13157,1
TRUXTON,13158,1
TULLY,13159,1
UNION SPRINGS,13160,1
VERONA BEACH,13162,1
WAMPSVILLE,13163,1
WARNERS,13164,1
WEEDSPORT,13166,1
ALDER CREEK,13301,1
ALTMAR,13302,1
AVA,13303,1
BARNEVELD,13304,1
BEAVER FALLS,13305,1
BLOSSVALE,13308,1
BOONVILLE,13309,1
BOUCKVILLE,13310,1
BRANTINGHAM,13312,1
BURLINGTON FLATS,13315,1
CANAJOHARIE,13317,1
CASSVILLE,13318,1
CHADWICKS,13319,1
CLARK MILLS,13321,1
COLD BROOK,13324,1
CONSTABLEVILLE,13325,1
COOPERSTOWN,13326,1
CROGHAN,13327,1
DEANSBORO,13328,1
DOLGEVILLE,13329,1
EAGLE BAY,13331,1
EARLVILLE,13332,1
EAST SPRINGFIELD,13333,1
EATON,13334,1
EDMESTON,13335,1
FLY CREEK,13337,1
FORESTPORT,13338,1
FORT PLAIN,13339,1
FRANKLIN SPRINGS,13341,1
GARRATTSVILLE,13342,1
GLENFIELD,13343,1
GREIG,13345,1
HARTWICK,13348,1
HERKIMER,13350,1
HOFFMEISTER,13353,1
HOLLAND PATENT,13354,1
HUBBARDSVILLE,13355,1
ILION,13357,1
INLET,13360,1
JORDANVILLE,13361,1
KNOXBORO,13362,1
LEE CENTER,13363,1
LEONARDSVILLE,13364,1
LOWVILLE,13367,1
LYONS FALLS,13368,1
MC CONNELLSVILLE,13401,1
MARCY,13403,1
MOHAWK,13407,1
MUNNSVILLE,13409,1
NELLISTON,13410,1
NEW YORK MILLS,13417,1
OLD FORGE,13420,1
ONEIDA,13421,1
ORISKANY,13424,1
ORISKANY FALLS,13425,1
PALATINE BRIDGE,13428,1
PORT LEYDEN,13433,1
RAQUETTE LAKE,13436,1
REDFIELD,13437,1
REMSEN,13438,1
RICHFIELD SPRINGS,13439,1
ROSEBOOM,13450,1
SAINT JOHNSVILLE,13452,1
SALISBURY CENTER,13454,1
SANGERFIELD,13455,1
SAUQUOIT,13456,1
SCHUYLER LAKE,13457,1
SHARON SPRINGS,13459,1
SHERBURNE,13460,1
SHERRILL,13461,1
SOLSVILLE,13465,1
SPRINGFIELD CENTER,13468,1
STITTVILLE,13469,1
TABERG,13471,1
THENDARA,13472,1
TURIN,13473,1
VAN HORNESVILLE,13475,1
VERNON CENTER,13477,1
WASHINGTON MILLS,13479,1
WEST BURLINGTON,13482,1
WESTDALE,13483,1
WEST EATON,13484,1
WEST EDMESTON,13485,1
WESTERNVILLE,13486,1
WEST LEYDEN,13489,1
WEST WINFIELD,13491,1
WOODGATE,13494,1
YORKVILLE,13495,1
FORT DRUM,13602,1
ADAMS CENTER,13606,1
ALEXANDRIA BAY,13607,1
ANTWERP,13608,1
BLACK RIVER,13612,1
BRASHER FALLS,13613,1
BRIER HILL,13614,1
CALCIUM,13616,1
CAPE VINCENT,13618,1
CARTHAGE,13619,1
CASTORLAND,13620,1
CHASE MILLS,13621,1
CHAUMONT,13622,1
CHIPPEWA BAY,13623,1
COLTON,13625,1
COPENHAGEN,13626,1
DEER RIVER,13627,1
DEFERIET,13628,1
DE KALB JUNCTION,13630,1
DEPAUVILLE,13632,1
DE PEYSTER,13633,1
ELLISBURG,13636,1
EVANS MILLS,13637,1
FELTS MILLS,13638,1
FINE,13639,1
WELLESLEY ISLAND,13640,1
FISHERS LANDING,13641,1
GOUVERNEUR,13642,1
GREAT BEND,13643,1
HAILESBORO,13645,1
HANNAWA FALLS,13647,1
HENDERSON HARBOR,13651,1
HERMON,13652,1
HEUVELTON,13654,1
HOGANSBURG,13655,1
LA FARGEVILLE,13656,1
LORRAINE,13659,1
MADRID,13660,1
MANNSVILLE,13661,1
MASSENA,13662,1
NATURAL BRIDGE,13665,1
NEWTON FALLS,13666,1
OSWEGATCHIE,13670,1
PARISHVILLE,13672,1
PIERREPONT MANOR,13674,1
PLESSIS,13675,1
PYRITES,13677,1
RAYMONDVILLE,13678,1
REDWOOD,13679,1
RENSSELAER FALLS,13680,1
RICHVILLE,13681,1
RODMAN,13682,1
ROOSEVELTOWN,13683,1
SACKETS HARBOR,13685,1
SOUTH COLTON,13687,1
SOUTH RUTLAND,13688,1
STAR LAKE,13690,1
THERESA,13691,1
THOUSAND ISLAND PARK,13692,1
THREE MILE BAY,13693,1
WADDINGTON,13694,1
WANAKENA,13695,1
WEST STOCKHOLM,13696,1
AFTON,13730,1
ANDES,13731,1
APALACHIN,13732,1
BIBLE SCHOOL PARK,13737,1
BLODGETT MILLS,13738,1
BLOOMVILLE,13739,1
BOVINA CENTER,13740,1
CANDOR,13743,1
CASTLE CREEK,13744,1
CHENANGO BRIDGE,13745,1
CHENANGO FORKS,13746,1
COLLIERSVILLE,13747,1
CONKLIN,13748,1
CORBETTSVILLE,13749,1
DAVENPORT CENTER,13751,1
DE LANCEY,13752,1
DELHI,13753,1
DEPOSIT,13754,1
DOWNSVILLE,13755,1
EAST BRANCH,13756,1
EAST MEREDITH,13757,1
EAST PHARSALIA,13758,1
ENDWELL,13762,1
FISHS EDDY,13774,1
GILBERTSVILLE,13776,1
GLEN AUBREY,13777,1
HARFORD,13784,1
HARPERSFIELD,13786,1
HARPURSVILLE,13787,1
HOBART,13788,1
KILLAWOG,13794,1
KIRKWOOD,13795,1
LAURENS,13796,1
LISLE,13797,1
MC DONOUGH,13801,1
MARATHON,13803,1
MASONVILLE,13804,1
MERIDALE,13806,1
MOUNT UPTON,13809,1
MOUNT VISION,13810,1
NEWARK VALLEY,13811,1
NICHOLS,13812,1
NINEVEH,13813,1
NORTH NORWICH,13814,1
ONEONTA,13820,1
OTEGO,13825,1
OUAQUAGA,13826,1
OWEGO,13827,1
PORT CRANE,13833,1
PORTLANDVILLE,13834,1
SHINHOPPLE,13837,1
SIDNEY CENTER,13839,1
SMITHBORO,13840,1
SMITHVILLE FLATS,13841,1
SOUTH KORTRIGHT,13842,1
SOUTH NEW BERLIN,13843,1
SOUTH PLYMOUTH,13844,1
TIOGA CENTER,13845,1
TREADWELL,13846,1
TROUT CREEK,13847,1
TUNNEL,13848,1
UNADILLA,13849,1
WALTON,13856,1
WELLS BRIDGE,13859,1
WEST DAVENPORT,13860,1
WEST ONEONTA,13861,1
WHITNEY POINT,13862,1
WILLET,13863,1
WILLSEYVILLE,13864,1
ALDEN,14004,1
ALEXANDER,14005,1
ANGOLA,14006,1
ARCADE,14009,1
ATHOL SPRINGS,14010,1
ATTICA,14011,1
BARKER,14012,1
BASOM,14013,1
BLISS,14024,1
BOWMANSVILLE,14026,1
BRANT,14027,1
BURT,14028,1
CHAFFEE,14030,1
CLARENCE,14031,1
CLARENCE CENTER,14032,1
COLDEN,14033,1
COLLINS,14034,1
COLLINS CENTER,14035,1
CORFU,14036,1
COWLESVILLE,14037,1
CRITTENDEN,14038,1
DALE,14039,1
DARIEN CENTER,14040,1
DELEVAN,14042,1
DEPEW,14043,1
DUNKIRK,14048,1
EAST AMHERST,14051,1
EAST AURORA,14052,1
EAST BETHANY,14054,1
EAST CONCORD,14055,1
EAST PEMBROKE,14056,1
ELBA,14058,1
ELMA,14059,1
FARMERSVILLE STATION,14060,1
FARNHAM,14061,1
FORESTVILLE,14062,1
FREDONIA,14063,1
GASPORT,14067,1
GETZVILLE,14068,1
GOWANDA,14070,1
JAVA CENTER,14082,1
JAVA VILLAGE,14083,1
LAKE VIEW,14085,1
LAWTONS,14091,1
MARILLA,14102,1
MIDDLEPORT,14105,1
MODEL CITY,14107,1
NIAGARA UNIVERSITY,14109,1
NORTH BOSTON,14110,1
NORTH COLLINS,14111,1
NORTH EVANS,14112,1
NORTH JAVA,14113,1
NORTH TONAWANDA,14120,1
OLCOTT,14126,1
ORCHARD PARK,14127,1
RANSOMVILLE,14131,1
SANBORN,14132,1
SARDINIA,14134,1
SILVER CREEK,14136,1
SOUTH DAYTON,14138,1
SOUTH WALES,14139,1
SPRING BROOK,14140,1
SPRINGVILLE,14141,1
STELLA NIAGARA,14144,1
STRYKERSVILLE,14145,1
VAN BUREN POINT,14166,1
VARYSBURG,14167,1
WALES CENTER,14169,1
WEST FALLS,14170,1
WEST VALLEY,14171,1
YORKSHIRE,14173,1
ADAMS BASIN,14410,1
BELLONA,14415,1
BERGEN,14416,1
BRANCHPORT,14418,1
BROCKPORT,14420,1
BYRON,14422,1
CALEDONIA,14423,1
CANANDAIGUA,14424,1
CASTILE,14427,1
CHURCHVILLE,14428,1
CLARENDON,14429,1
CLARKSON,14430,1
CLIFTON SPRINGS,14432,1
CLYDE,14433,1
CONESUS,14435,1
DANSVILLE,14437,1
EAST BLOOMFIELD,14443,1
EAST ROCHESTER,14445,1
EAST WILLIAMSON,14449,1
FAIRPORT,14450,1
FANCHER,14452,1
FISHERS,14453,1
GENESEO,14454,1
GENEVA,14456,1
HALL,14463,1
HAMLIN,14464,1
HEMLOCK,14466,1
HENRIETTA,14467,1
HILTON,14468,1
HOLLEY,14470,1
HONEOYE,14471,1
HONEOYE FALLS,14472,1
IONIA,14475,1
KENDALL,14476,1
KEUKA PARK,14478,1
KNOWLESVILLE,14479,1
LE ROY,14482,1
LIVONIA CENTER,14488,1
MACEDON,14502,1
MORTON,14508,1
MOUNT MORRIS,14510,1
MUMFORD,14511,1
NORTH CHILI,14514,1
NORTH GREECE,14515,1
NORTH ROSE,14516,1
NUNDA,14517,1
OAKS CORNERS,14518,1
ONTARIO CENTER,14520,1
OVID,14521,1
PAVILION,14525,1
PENFIELD,14526,1
PENN YAN,14527,1
PHELPS,14532,1
PIFFARD,14533,1
PORTAGEVILLE,14536,1
PORT GIBSON,14537,1
PULTNEYVILLE,14538,1
RETSOF,14539,1
ROMULUS,14541,1
ROSE,14542,1
RUSH,14543,1
RUSHVILLE,14544,1
SCOTTSBURG,14545,1
SCOTTSVILLE,14546,1
SENECA CASTLE,14547,1
SHORTSVILLE,14548,1
SODUS,14551,1
SODUS POINT,14555,1
SONYEA,14556,1
SOUTH BYRON,14557,1
SOUTH LIMA,14558,1
SPENCERPORT,14559,1
SPRINGWATER,14560,1
STANLEY,14561,1
UNION HILL,14563,1
VICTOR,14564,1
WALWORTH,14568,1
WATERPORT,14571,1
WEST HENRIETTA,14586,1
WILLIAMSON,14589,1
ALLEGANY,14706,1
ANGELICA,14709,1
ASHVILLE,14710,1
BEMUS POINT,14712,1
BLACK CREEK,14714,1
BROCTON,14716,1
CANEADEA,14717,1
CASSADAGA,14718,1
CATTARAUGUS,14719,1
CELORON,14720,1
CERES,14721,1
CHAUTAUQUA,14722,1
CHERRY CREEK,14723,1
CLYMER,14724,1
CONEWANGO VALLEY,14726,1
CUBA,14727,1
DEWITTVILLE,14728,1
EAST OTTO,14729,1
ELLICOTTVILLE,14731,1
FALCONER,14733,1
FINDLEY LAKE,14736,1
FREWSBURG,14738,1
GERRY,14740,1
GREAT VALLEY,14741,1
GREENHURST,14742,1
HOUGHTON,14744,1
HUME,14745,1
KENNEDY,14747,1
KILL BUCK,14748,1
LEON,14751,1
LILY DALE,14752,1
LITTLE GENESEE,14754,1
LITTLE VALLEY,14755,1
MAPLE SPRINGS,14756,1
MAYVILLE,14757,1
NIOBE,14758,1
OLEAN,14760,1
OTTO,14766,1
PANAMA,14767,1
PORTVILLE,14770,1
RICHBURG,14774,1
RIPLEY,14775,1
RUSHFORD,14777,1
SAINT BONAVENTURE,14778,1
SALAMANCA,14779,1
SINCLAIRVILLE,14782,1
STEAMBURG,14783,1
WEST CLARKSVILLE,14786,1
WESTONS MILLS,14788,1
ALFRED STATION,14803,1
ALMOND,14804,1
ARKPORT,14807,1
AVOCA,14809,1
BEAVER DAMS,14812,1
BIG FLATS,14814,1
BREESPORT,14816,1
BROOKTONDALE,14817,1
BURDETT,14818,1
CAMERON,14819,1
CAMERON MILLS,14820,1
CANASERAGA,14822,1
CANISTEO,14823,1
CAYUTA,14824,1
CHEMUNG,14825,1
COHOCTON,14826,1
COOPERS PLAINS,14827,1
DUNDEE,14837,1
ERIN,14838,1
HAMMONDSPORT,14840,1
HECTOR,14841,1
HIMROD,14842,1
HORNELL,14843,1
HUNT,14846,1
INTERLAKEN,14847,1
KANONA,14856,1
LAKEMONT,14857,1
LINDLEY,14858,1
LOCKWOOD,14859,1
LOWMAN,14861,1
MECKLENBURG,14863,1
MILLPORT,14864,1
MONTOUR FALLS,14865,1
PAINTED POST,14870,1
PINE CITY,14871,1
PINE VALLEY,14872,1
PRATTSBURGH,14873,1
PULTENEY,14874,1
READING CENTER,14876,1
REXVILLE,14877,1
ROCK STREAM,14878,1
SAVONA,14879,1
SCIO,14880,1
SLATERVILLE SPRINGS,14881,1
SWAIN,14884,1
TROUPSBURG,14885,1
TRUMANSBURG,14886,1
TYRONE,14887,1
VAN ETTEN,14889,1
WATKINS GLEN,14891,1
WELLSBURG,14894,1
WELLSVILLE,14895,1
WHITESVILLE,14897,1
WOODHULL,14898,1
ALIQUIPPA,15001,1
AMBRIDGE,15003,1
ATLASBURG,15004,1
BADEN,15005,1
BAIRDFORD,15006,1
BAKERSTOWN,15007,1
BEAVER,15009,1
BELLE VERNON,15012,1
BRACKENRIDGE,15014,1
BRADFORDWOODS,15015,1
BRIDGEVILLE,15017,1
BUENA VISTA,15018,1
BULGER,15019,1
BUNOLA,15020,1
BURGETTSTOWN,15021,1
CHARLEROI,15022,1
CHESWICK,15024,1
CLAIRTON,15025,1
COULTERS,15028,1
CREIGHTON,15030,1
CUDDY,15031,1
CURTISVILLE,15032,1
DONORA,15033,1
DRAVOSBURG,15034,1
EAST MC KEESPORT,15035,1
ELDERSVILLE,15036,1
ELRAMA,15038,1
GIBSONIA,15044,1
GLASSPORT,15045,1
CRESCENT,15046,1
GREENOCK,15047,1
HARWICK,15049,1
HOOKSTOWN,15050,1
INDIANOLA,15051,1
INDUSTRY,15052,1
JOFFRE,15053,1
LANGELOTH,15054,1
LEETSDALE,15056,1
MC DONALD,15057,1
MIDWAY,15060,1
MONACA,15061,1
MONESSEN,15062,1
MONONGAHELA,15063,1
NATRONA HEIGHTS,15065,1
NEW BRIGHTON,15066,1
NEW EAGLE,15067,1
PRICEDALE,15072,1
RURAL RIDGE,15075,1
RUSSELLTON,15076,1
SHIPPINGPORT,15077,1
SLOVAN,15078,1
SOUTH HEIGHTS,15081,1
STURGEON,15082,1
SUTERSVILLE,15083,1
TARENTUM,15084,1
TRAFFORD,15085,1
WEST ELIZABETH,15088,1
WEXFORD,15090,1
ALLISON PARK,15101,1
BETHEL PARK,15102,1
BRADDOCK,15104,1
CARNEGIE,15106,1
CORAOPOLIS,15108,1
DUQUESNE,15110,1
EAST PITTSBURGH,15112,1
GLENSHAW,15116,1
IMPERIAL,15126,1
INGOMAR,15127,1
SOUTH PARK,15129,1
MC KEES ROCKS,15136,1
NORTH VERSAILLES,15137,1
OAKMONT,15139,1
PITCAIRN,15140,1
PRESTO,15142,1
TURTLE CREEK,15145,1
WILMERDING,15148,1
ALEPPO,15310,1
AMITY,15311,1
AVELLA,15312,1
BEALLSVILLE,15313,1
BENTLEYVILLE,15314,1
BOBTOWN,15315,1
BRAVE,15316,1
CANONSBURG,15317,1
CARMICHAELS,15320,1
CECIL,15321,1
CLAYSVILLE,15323,1
COKEBURG,15324,1
CRUCIBLE,15325,1
DILLINER,15327,1
PROSPERITY,15329,1
EIGHTY FOUR,15330,1
FINLEYVILLE,15332,1
FREDERICKTOWN,15333,1
GARARDS FORT,15334,1
GASTONVILLE,15336,1
GRAYSVILLE,15337,1
MATHER,15346,1
MEADOW LANDS,15347,1
MILLSBORO,15348,1
MUSE,15350,1
NEMACOLIN,15351,1
NEW FREEPORT,15352,1
PINE BANK,15354,1
RICES LANDING,15357,1
RICHEYVILLE,15358,1
ROGERSVILLE,15359,1
SCENERY HILL,15360,1
SOUTHVIEW,15361,1
SPRAGGS,15362,1
STRABANE,15363,1
SYCAMORE,15364,1
TAYLORSTOWN,15365,1
VAN VOORHIS,15366,1
VENETIA,15367,1
VESTABURG,15368,1
WAYNESBURG,15370,1
WEST ALEXANDER,15376,1
WEST FINLEY,15377,1
WEST MIDDLETOWN,15379,1
WIND RIDGE,15380,1
UNIONTOWN,15401,1
ADAH,15410,1
ALLENPORT,15412,1
ALLISON,15413,1
CARDALE,15420,1
CHALK HILL,15421,1
CHESTNUT RIDGE,15422,1
COAL CENTER,15423,1
CONFLUENCE,15424,1
CONNELLSVILLE,15425,1
DAISYTOWN,15427,1
DAWSON,15428,1
DENBO,15429,1
DICKERSON RUN,15430,1
DUNBAR,15431,1
DUNLEVY,15432,1
EAST MILLSBORO,15433,1
ELCO,15434,1
FAIRBANK,15435,1
FAIRCHANCE,15436,1
FAYETTE CITY,15438,1
GANS,15439,1
GIBBON GLADE,15440,1
GRINDSTONE,15442,1
HIBBS,15443,1
HILLER,15444,1
HOPWOOD,15445,1
INDIAN HEAD,15446,1
ISABELLA,15447,1
JACOBS CREEK,15448,1
KEISTERVILLE,15449,1
LA BELLE,15450,1
LAKE LYNN,15451,1
LECKRONE,15454,1
LEISENRING,15455,1
LEMONT FURNACE,15456,1
MC CLELLANDTOWN,15458,1
MARKLEYSBURG,15459,1
MASONTOWN,15461,1
MELCROFT,15462,1
MERRITTSTOWN,15463,1
MILL RUN,15464,1
MOUNT BRADDOCK,15465,1
NEWELL,15466,1
NEW GENEVA,15467,1
NORMALVILLE,15469,1
OHIOPYLE,15470,1
OLIVER,15472,1
PERRYOPOLIS,15473,1
POINT MARION,15474,1
REPUBLIC,15475,1
RONCO,15476,1
SMITHTON,15479,1
SMOCK,15480,1
STAR JUNCTION,15482,1
STOCKDALE,15483,1
ULEDI,15484,1
URSINA,15485,1
VANDERBILT,15486,1
WALTERSBURG,15488,1
WEST LEISENRING,15489,1
WHITE,15490,1
WICKHAVEN,15492,1
HIDDEN VALLEY,15502,1
ACOSTA,15520,1
ALUM BANK,15521,1
BOSWELL,15531,1
BOYNTON,15532,1
BREEZEWOOD,15533,1
BUFFALO MILLS,15534,1
CLEARVILLE,15535,1
CRYSTAL SPRING,15536,1
FISHERTOWN,15539,1
FORT HILL,15540,1
FRIEDENS,15541,1
GARRETT,15542,1
HYNDMAN,15545,1
JENNERS,15546,1
JENNERSTOWN,15547,1
KANTNER,15548,1
LISTIE,15549,1
MANNS CHOICE,15550,1
MARKLETON,15551,1
MEYERSDALE,15552,1
NEW PARIS,15554,1
QUECREEK,15555,1
SCHELLSBURG,15559,1
SHANKSVILLE,15560,1
SIPESVILLE,15561,1
SPRINGS,15562,1
STOYSTOWN,15563,1
WELLERSBURG,15564,1
WEST SALISBURY,15565,1
ACME,15610,1
ADAMSBURG,15611,1
ALVERTON,15612,1
APOLLO,15613,1
ARDARA,15615,1
ARMBRUST,15616,1
ARONA,15617,1
AVONMORE,15618,1
BOVARD,15619,1
BRADENVILLE,15620,1
CALUMET,15621,1
CHAMPION,15622,1
CLARIDGE,15623,1
CRABTREE,15624,1
DARRAGH,15625,1
DONEGAL,15628,1
EAST VANDERGRIFT,15629,1
EDMON,15630,1
EVERSON,15631,1
EXPORT,15632,1
FORBES ROAD,15633,1
GRAPEVILLE,15634,1
HANNASTOWN,15635,1
HARRISON CITY,15636,1
HERMINIE,15637,1
HOSTETTER,15638,1
HUNKER,15639,1
IRWIN,15642,1
JEANNETTE,15644,1
JONES MILLS,15646,1
LARIMER,15647,1
LATROBE,15650,1
LAUGHLINTOWN,15655,1
LEECHBURG,15656,1
LIGONIER,15658,1
LOWBER,15660,1
LOYALHANNA,15661,1
LUXOR,15662,1
MAMMOTH,15664,1
MANOR,15665,1
MURRYSVILLE,15668,1
NEW ALEXANDRIA,15670,1
NEW DERRY,15671,1
NEW STANTON,15672,1
NORTH APOLLO,15673,1
NORVELT,15674,1
PENN,15675,1
PLEASANT UNITY,15676,1
RECTOR,15677,1
RILLTON,15678,1
RUFFS DALE,15679,1
SALTSBURG,15681,1
SCHENLEY,15682,1
SCOTTDALE,15683,1
SLICKVILLE,15684,1
SOUTHWEST,15685,1
SPRING CHURCH,15686,1
STAHLSTOWN,15687,1
TARRS,15688,1
UNITED,15689,1
VANDERGRIFT,15690,1
WENDEL,15691,1
WESTMORELAND CITY,15692,1
WHITNEY,15693,1
WYANO,15695,1
YOUNGWOOD,15697,1
ALVERDA,15710,1
ANITA,15711,1
AULTMAN,15713,1
NORTHERN CAMBRIA,15714,1
BIG RUN,15715,1
BLACK LICK,15716,1
BRUSH VALLEY,15720,1
BURNSIDE,15721,1
CARROLLTOWN,15722,1
CHAMBERSVILLE,15723,1
CHERRY TREE,15724,1
CLUNE,15727,1
COMMODORE,15729,1
COOLSPRING,15730,1
CORAL,15731,1
CREEKSIDE,15732,1
DIXONVILLE,15734,1
ELDERTON,15736,1
ELMORA,15737,1
EMEIGH,15738,1
ERNEST,15739,1
FROSTBURG,15740,1
GIPSY,15741,1
GLEN CAMPBELL,15742,1
HEILWOOD,15745,1
HOME,15747,1
HOMER CITY,15748,1
JOSEPHINE,15750,1
LA JOSE,15753,1
LUCERNEMINES,15754,1
MC INTYRE,15756,1
MAHAFFEY,15757,1
MARCHAND,15758,1
MARION CENTER,15759,1
MARSTELLER,15760,1
MENTCLE,15761,1
NICKTOWN,15762,1
NORTHPOINT,15763,1
OLIVEBURG,15764,1
PENN RUN,15765,1
PUNXSUTAWNEY,15767,1
RINGGOLD,15770,1
ROCHESTER MILLS,15771,1
ROSSITER,15772,1
SAINT BENEDICT,15773,1
SHELOCTA,15774,1
SPANGLER,15775,1
SPRANKLE MILLS,15776,1
STARFORD,15777,1
TIMBLIN,15778,1
VALIER,15780,1
WALSTON,15781,1
WORTHVILLE,15784,1
DU BOIS,15801,1
BENEZETT,15821,1
BRANDY CAMP,15822,1
BROCKWAY,15824,1
BROOKVILLE,15825,1
BYRNEDALE,15827,1
CLARINGTON,15828,1
CORSICA,15829,1
DAGUS MINES,15831,1
DRIFTWOOD,15832,1
EMPORIUM,15834,1
FALLS CREEK,15840,1
FORCE,15841,1
KERSEY,15846,1
KNOX DALE,15847,1
LUTHERSBURG,15848,1
REYNOLDSVILLE,15851,1
RIDGWAY,15853,1
ROCKTON,15856,1
SAINT MARYS,15857,1
SIGEL,15860,1
SINNAMAHONING,15861,1
STUMP CREEK,15863,1
SYKESVILLE,15865,1
TROUTVILLE,15866,1
WEEDVILLE,15868,1
WILCOX,15870,1
ARMAGH,15920,1
BEAVERDALE,15921,1
BELSANO,15922,1
CAIRNBROOK,15924,1
CASSANDRA,15925,1
CENTRAL CITY,15926,1
COLVER,15927,1
DAVIDSVILLE,15928,1
DILLTOWN,15929,1
DUNLO,15930,1
EBENSBURG,15931,1
ELTON,15934,1
HOLLSOPPLE,15935,1
HOOVERSVILLE,15936,1
JEROME,15937,1
LILLY,15938,1
MINERAL POINT,15942,1
NANTY GLO,15943,1
NEW FLORENCE,15944,1
PARKHILL,15945,1
REVLOC,15948,1
ROBINSON,15949,1
SAINT MICHAEL,15951,1
SALIX,15952,1
SEANOR,15953,1
SEWARD,15954,1
SIDMAN,15955,1
SOUTH FORK,15956,1
STRONGSTOWN,15957,1
SUMMERHILL,15958,1
TIRE HILL,15959,1
TWIN ROCKS,15960,1
VINTONDALE,15961,1
WILMORE,15962,1
WINDBER,15963,1
BRANCHTON,16021,1
BRUIN,16022,1
CALLERY,16024,1
CHICORA,16025,1
CONNOQUENESSING,16027,1
EAST BRADY,16028,1
EAST BUTLER,16029,1
EVANS CITY,16033,1
FENELTON,16034,1
FOXBURG,16036,1
HERMAN,16039,1
HILLIARDS,16040,1
KARNS CITY,16041,1
LYNDORA,16045,1
MARS,16046,1
NORTH WASHINGTON,16048,1
PETROLIA,16050,1
PORTERSVILLE,16051,1
RENFREW,16053,1
SARVER,16055,1
SAXONBURG,16056,1
SLIPPERY ROCK,16057,1
TURKEY CITY,16058,1
WEST SUNBURY,16061,1
ZELIENOPLE,16063,1
CRANBERRY TWP,16066,1
ATLANTIC,16111,1
CLARKS MILLS,16114,1
ELLWOOD CITY,16117,1
ENON VALLEY,16120,1
FARRELL,16121,1
FOMBELL,16123,1
GROVE CITY,16127,1
HARTSTOWN,16131,1
HILLSVILLE,16132,1
JACKSON CENTER,16133,1
KOPPEL,16136,1
MERCER,16137,1
NEW GALILEE,16141,1
SANDY LAKE,16145,1
HERMITAGE,16148,1
SHARPSVILLE,16150,1
SHEAKLEYVILLE,16151,1
STONEBORO,16153,1
TRANSFER,16154,1
VILLA MARIA,16155,1
VOLANT,16156,1
WAMPUM,16157,1
WEST MIDDLESEX,16159,1
WEST PITTSBURG,16160,1
WHEATLAND,16161,1
ADRIAN,16210,1
BEYER,16211,1
CADOGAN,16212,1
CALLENSBURG,16213,1
COOKSBURG,16217,1
COWANSVILLE,16218,1
CROWN,16220,1
CURLLSVILLE,16221,1
DISTANT,16223,1
FAIRMOUNT CITY,16224,1
FISHER,16225,1
FORD CITY,16226,1
FORD CLIFF,16228,1
HAWTHORN,16230,1
LEEPER,16233,1
LUCINDA,16235,1
MC GRANN,16236,1
MARIENVILLE,16239,1
MAYPORT,16240,1
NEW BETHLEHEM,16242,1
NU MINE,16244,1
PLUMVILLE,16246,1
RIMERSBURG,16248,1
RURAL VALLEY,16249,1
SHIPPENVILLE,16254,1
SLIGO,16255,1
SMICKSBURG,16256,1
SNYDERSBURG,16257,1
STRATTANVILLE,16258,1
VOWINCKEL,16260,1
WIDNOON,16261,1
YATESBORO,16263,1
OIL CITY,16301,1
CARLTON,16311,1
CHANDLERS VALLEY,16312,1
COCHRANTON,16314,1
CONNEAUT LAKE,16316,1
CRANBERRY,16319,1
EAST HICKORY,16321,1
ENDEAVOR,16322,1
FRYBURG,16326,1
GUYS MILLS,16327,1
HYDETOWN,16328,1
KOSSUTH,16331,1
LICKINGVILLE,16332,1
MARBLE,16334,1
POLK,16342,1
ROUSEVILLE,16344,1
SUGAR GROVE,16350,1
TIDIOUTE,16351,1
TIONA,16352,1
TIONESTA,16353,1
TOWNVILLE,16360,1
TYLERSBURG,16361,1
VENUS,16364,1
WEST HICKORY,16370,1
CLINTONVILLE,16372,1
EMLENTON,16373,1
KENNERDELL,16374,1
LAMARTINE,16375,1
BEAR LAKE,16402,1
CAMBRIDGE SPRINGS,16403,1
CONNEAUTVILLE,16406,1
CORRY,16407,1
CRANESVILLE,16410,1
GIRARD,16417,1
GRAND VALLEY,16420,1
HARBORCREEK,16421,1
HARMONSBURG,16422,1
LINESVILLE,16424,1
MC KEAN,16426,1
MILL VILLAGE,16427,1
NORTH EAST,16428,1
RICEVILLE,16432,1
SAEGERTOWN,16433,1
SPARTANSBURG,16434,1
SPRINGBORO,16435,1
SPRING CREEK,16436,1
VENANGO,16440,1
WATTSBURG,16442,1
BAKERS SUMMIT,16614,1
BECCARIA,16616,1
BELLWOOD,16617,1
BLANDBURG,16619,1
BRISBIN,16620,1
BROAD TOP,16621,1
CALVIN,16622,1
CHEST SPRINGS,16624,1
CLAYSBURG,16625,1
COALPORT,16627,1
COUPON,16629,1
CURRYVILLE,16631,1
DEFIANCE,16633,1
DUNCANSVILLE,16635,1
DYSART,16636,1
EAST FREEDOM,16637,1
ENTRIKEN,16638,1
FALLENTIMBER,16639,1
FLINTON,16640,1
GALLITZIN,16641,1
GLEN HOPE,16645,1
HESSTON,16647,1
HOLLIDAYSBURG,16648,1
IMLER,16655,1
IRVONA,16656,1
JAMES CREEK,16657,1
LOYSBURG,16659,1
MC CONNELLSTOWN,16660,1
MORANN,16663,1
NEW ENTERPRISE,16664,1
OSCEOLA MILLS,16666,1
OSTERBURG,16667,1
PATTON,16668,1
QUEEN,16670,1
RAMEY,16671,1
RIDDLESBURG,16672,1
ROARING SPRING,16673,1
ROBERTSDALE,16674,1
SAINT BONIFACE,16675,1
SANDY RIDGE,16677,1
SAXTON,16678,1
SIX MILE RUN,16679,1
SMITHMILL,16680,1
SMOKERUN,16681,1
SPROUL,16682,1
SPRUCE CREEK,16683,1
TIPTON,16684,1
TODD,16685,1
WATERFALL,16689,1
WELLS TANNERY,16691,1
WOOD,16694,1
CROSBY,16724,1
CUSTER CITY,16725,1
CYCLONE,16726,1
DERRICK CITY,16727,1
DE YOUNG,16728,1
DUKE CENTER,16729,1
EAST SMETHPORT,16730,1
GIFFORD,16732,1
HAZEL HURST,16733,1
JAMES CITY,16734,1
KANE,16735,1
LEWIS RUN,16738,1
MOUNT JEWETT,16740,1
PORT ALLEGANY,16743,1
REW,16744,1
RIXFORD,16745,1
ROULETTE,16746,1
SHINGLEHOUSE,16748,1
SMETHPORT,16749,1
TURTLEPOINT,16750,1
WESTLINE,16751,1
UNIVERSITY PARK,16802,1
AARONSBURG,16820,1
ALLPORT,16821,1
BEECH CREEK,16822,1
BELLEFONTE,16823,1
BIGLER,16825,1
BLANCHARD,16826,1
BOALSBURG,16827,1
CENTRE HALL,16828,1
COBURN,16832,1
CURWENSVILLE,16833,1
DRIFTING,16834,1
FLEMING,16835,1
GLEN RICHEY,16837,1
GRAMPIAN,16838,1
GRASSFLAT,16839,1
HAWK RUN,16840,1
HOWARD,16841,1
HYDE,16843,1
JULIAN,16844,1
KARTHAUS,16845,1
KYLERTOWN,16847,1
LAMAR,16848,1
LANSE,16849,1
LECONTES MILLS,16850,1
LEMONT,16851,1
MADISONBURG,16852,1
MILESBURG,16853,1
MILLHEIM,16854,1
MINERAL SPRINGS,16855,1
MINGOVILLE,16856,1
MORRISDALE,16858,1
MOSHANNON,16859,1
MUNSON,16860,1
NEW MILLPORT,16861,1
OLANTA,16863,1
ORVISTON,16864,1
PENNSYLVANIA FURNACE,16865,1
PHILIPSBURG,16866,1
PINE GROVE MILLS,16868,1
PORT MATILDA,16870,1
POTTERSDALE,16871,1
REBERSBURG,16872,1
SHAWVILLE,16873,1
SNOW SHOE,16874,1
SPRING MILLS,16875,1
WALLACETON,16876,1
WARRIORS MARK,16877,1
WEST DECATUR,16878,1
WINBURNE,16879,1
WELLSBORO,16901,1
ALBA,16910,1
ARNOT,16911,1
BLOSSBURG,16912,1
COLUMBIA CROSS ROADS,16914,1
COUDERSPORT,16915,1
COWANESQUE,16918,1
ELKLAND,16920,1
GAINES,16921,1
GALETON,16922,1
GILLETT,16925,1
GRANVILLE SUMMIT,16926,1
HARRISON VALLEY,16927,1
MAINESBURG,16932,1
MIDDLEBURY CENTER,16935,1
MILLS,16937,1
MORRIS RUN,16939,1
OSCEOLA,16942,1
SABINSVILLE,16943,1
SYLVANIA,16945,1
TIOGA,16946,1
ULYSSES,16948,1
ALLENSVILLE,17002,1
ANNVILLE,17003,1
BERRYSBURG,17005,1
BLAIN,17006,1
BOILING SPRINGS,17007,1
BOWMANSDALE,17008,1
CAMPBELLTOWN,17010,1
COCOLAMUS,17014,1
DALMATIA,17017,1
DAUPHIN,17018,1
DILLSBURG,17019,1
DUNCANNON,17020,1
EAST WATERFORD,17021,1
ELIZABETHVILLE,17023,1
ELLIOTTSBURG,17024,1
ENOLA,17025,1
GRANTVILLE,17028,1
GRATZ,17030,1
GREEN PARK,17031,1
HERSHEY,17033,1
HIGHSPIRE,17034,1
HONEY GROVE,17035,1
HUMMELSTOWN,17036,1
ICKESBURG,17037,1
JONESTOWN,17038,1
KLEINFELTERSVILLE,17039,1
LANDISBURG,17040,1
LAWN,17041,1
LEMOYNE,17043,1
LEWISTOWN,17044,1
LOYSVILLE,17047,1
LYKENS,17048,1
MC ALISTERVILLE,17049,1
MC VEYTOWN,17051,1
MAPLETON DEPOT,17052,1
MATTAWANA,17054,1
MIFFLIN,17058,1
MIFFLINTOWN,17059,1
MILL CREEK,17060,1
MILLERSBURG,17061,1
MILLERSTOWN,17062,1
MILROY,17063,1
MOUNT GRETNA,17064,1
MOUNT HOLLY SPRINGS,17065,1
MOUNT UNION,17066,1
MYERSTOWN,17067,1
NEW BLOOMFIELD,17068,1
NEW BUFFALO,17069,1
NEW CUMBERLAND,17070,1
NEW GERMANTOWN,17071,1
NEW KINGSTOWN,17072,1
NEWMANSTOWN,17073,1
NEWTON HAMILTON,17075,1
OAKLAND MILLS,17076,1
ONO,17077,1
PILLOW,17080,1
PORT ROYAL,17082,1
QUENTIN,17083,1
REEDSVILLE,17084,1
REXMONT,17085,1
RICHFIELD,17086,1
SCHAEFFERSTOWN,17088,1
SHERMANS DALE,17090,1
SUMMERDALE,17093,1
THOMPSONTOWN,17094,1
WICONISCO,17097,1
YEAGERTOWN,17099,1
CHAMBERSBURG,17201,1
AMBERSON,17210,1
ARTEMAS,17211,1
BIG COVE TANNERY,17212,1
BLAIRS MILLS,17213,1
BLUE RIDGE SUMMIT,17214,1
BURNT CABINS,17215,1
DOYLESBURG,17219,1
DRY RUN,17220,1
FANNETTSBURG,17221,1
FORT LITTLETON,17223,1
FORT LOUDON,17224,1
GREENCASTLE,17225,1
HUSTONTOWN,17229,1
LEMASTERS,17231,1
LURGAN,17232,1
MC CONNELLSBURG,17233,1
MERCERSBURG,17236,1
MONT ALTO,17237,1
NEEDMORE,17238,1
NEELYTON,17239,1
NEWBURG,17240,1
NEWVILLE,17241,1
ORBISONIA,17243,1
ORRSTOWN,17244,1
PLEASANT HALL,17246,1
ROCKHILL FURNACE,17249,1
ROUZERVILLE,17250,1
SAINT THOMAS,17252,1
SALTILLO,17253,1
SHADE GAP,17255,1
SHADY GROVE,17256,1
SHIPPENSBURG,17257,1
SHIRLEYSBURG,17260,1
SOUTH MOUNTAIN,17261,1
SPRING RUN,17262,1
STATE LINE,17263,1
THREE SPRINGS,17264,1
UPPERSTRASBURG,17265,1
WALNUT BOTTOM,17266,1
WARFORDSBURG,17267,1
WAYNESBORO,17268,1
WILLOW HILL,17271,1
ZULLINGER,17272,1
ABBOTTSTOWN,17301,1
AIRVILLE,17302,1
ARENDTSVILLE,17303,1
ASPERS,17304,1
BENDERSVILLE,17306,1
BIGLERVILLE,17307,1
BROGUE,17309,1
CASHTOWN,17310,1
CODORUS,17311,1
CRALEY,17312,1
DALLASTOWN,17313,1
DELTA,17314,1
EAST PROSPECT,17317,1
EMIGSVILLE,17318,1
ETTERS,17319,1
FAWN GROVE,17321,1
FELTON,17322,1
FRANKLINTOWN,17323,1
GARDNERS,17324,1
GLENVILLE,17329,1
IDAVILLE,17337,1
LEWISBERRY,17339,1
LITTLESTOWN,17340,1
LOGANVILLE,17342,1
MC KNIGHTSTOWN,17343,1
MC SHERRYSTOWN,17344,1
MOUNT WOLF,17347,1
NEW FREEDOM,17349,1
NEW OXFORD,17350,1
NEW PARK,17352,1
ORRTANNA,17353,1
PORTERS SIDELING,17354,1
RAILROAD,17355,1
RED LION,17356,1
ROSSVILLE,17358,1
SEVEN VALLEYS,17360,1
SPRING GROVE,17362,1
STEWARTSTOWN,17363,1
WRIGHTSVILLE,17368,1
YORK HAVEN,17370,1
YORK NEW SALEM,17371,1
YORK SPRINGS,17372,1
PEACH GLEN,17375,1
BART,17503,1
BAUSMAN,17504,1
BIRD IN HAND,17505,1
BLUE BALL,17506,1
BROWNSTOWN,17508,1
CHRISTIANA,17509,1
CONESTOGA,17516,1
DRUMORE,17518,1
EAST EARL,17519,1
EAST PETERSBURG,17520,1
ELM,17521,1
EPHRATA,17522,1
GAP,17527,1
GOODVILLE,17528,1
GORDONVILLE,17529,1
HOLTWOOD,17532,1
HOPELAND,17533,1
INTERCOURSE,17534,1
KINZERS,17535,1
LAMPETER,17537,1
LEOLA,17540,1
LITITZ,17543,1
MANHEIM,17545,1
MARTINDALE,17549,1
MAYTOWN,17550,1
MILLERSVILLE,17551,1
MOUNT JOY,17552,1
MOUNTVILLE,17554,1
NARVON,17555,1
NEW HOLLAND,17557,1
PEACH BOTTOM,17563,1
PENRYN,17564,1
PEQUEA,17565,1
QUARRYVILLE,17566,1
REAMSTOWN,17567,1
REFTON,17568,1
REINHOLDS,17569,1
RHEEMS,17570,1
SMOKETOWN,17576,1
SOUDERSBURG,17577,1
STEVENS,17578,1
TALMAGE,17580,1
TERRE HILL,17581,1
WASHINGTON BORO,17582,1
WEST WILLOW,17583,1
WILLOW STREET,17584,1
WITMER,17585,1
ANTES FORT,17720,1
AVIS,17721,1
BODINES,17722,1
CASTANEA,17726,1
CEDAR RUN,17727,1
COGAN STATION,17728,1
CROSS FORK,17729,1
DEWART,17730,1
EAGLES MERE,17731,1
GROVER,17735,1
HUGHESVILLE,17737,1
HYNER,17738,1
JERSEY MILLS,17739,1
LAIRDSVILLE,17742,1
LEROY,17743,1
LOCK HAVEN,17745,1
LOGANTON,17747,1
MC ELHATTAN,17748,1
MC EWENSVILLE,17749,1
MACKEYVILLE,17750,1
MILL HALL,17751,1
MONTOURSVILLE,17754,1
MUNCY,17756,1
MUNCY VALLEY,17758,1
NISBET,17759,1
NORTH BEND,17760,1
PICTURE ROCKS,17762,1
RALSTON,17763,1
RENOVO,17764,1
ROARING BRANCH,17765,1
SALONA,17767,1
SHUNK,17768,1
SLATE RUN,17769,1
TROUT RUN,17771,1
TURBOTVILLE,17772,1
TYLERSVILLE,17773,1
UNITYVILLE,17774,1
WATSONTOWN,17777,1
WOOLRICH,17779,1
SUNBURY,17801,1
BEAVERTOWN,17813,1
BLOOMSBURG,17815,1
CATAWISSA,17820,1
DORNSIFE,17823,1
ELYSBURG,17824,1
EXCELSIOR,17825,1
FREEBURG,17827,1
GOWEN CITY,17828,1
HARTLETON,17829,1
HUMMELS WHARF,17831,1
MARION HEIGHTS,17832,1
KREAMER,17833,1
KULPMONT,17834,1
LAURELTON,17835,1
LECK KILL,17836,1
LEWISBURG,17837,1
LIGHT STREET,17839,1
LOCUST GAP,17840,1
MC CLURE,17841,1
MIFFLINBURG,17844,1
MILLMONT,17845,1
MONTANDON,17850,1
MOUNT CARMEL,17851,1
MOUNT PLEASANT MILLS,17853,1
NEW COLUMBIA,17856,1
NORTHUMBERLAND,17857,1
NUMIDIA,17858,1
ORANGEVILLE,17859,1
PAXINOS,17860,1
PAXTONVILLE,17861,1
PENNS CREEK,17862,1
PORT TREVORTON,17864,1
POTTS GROVE,17865,1
COAL TOWNSHIP,17866,1
REBUCK,17867,1
SELINSGROVE,17870,1
SHAMOKIN,17872,1
SHAMOKIN DAM,17876,1
SNYDERTOWN,17877,1
SWENGEL,17880,1
TREVORTON,17881,1
TROXELVILLE,17882,1
WEIKERT,17885,1
WEST MILTON,17886,1
WHITE DEER,17887,1
WILBURTON,17888,1
WINFIELD,17889,1
POTTSVILLE,17901,1
ARISTES,17920,1
BRANCHDALE,17923,1
CENTRALIA,17927,1
CRESSONA,17929,1
CUMBOLA,17930,1
FRIEDENSBURG,17933,1
GILBERTON,17934,1
GIRARDVILLE,17935,1
GORDON,17936,1
HEGINS,17938,1
KLINGERSTOWN,17941,1
LANDINGVILLE,17942,1
LAVELLE,17943,1
LLEWELLYN,17944,1
LOCUSTDALE,17945,1
LOST CREEK,17946,1
MAHANOY CITY,17948,1
MAHANOY PLANE,17949,1
MAR LIN,17951,1
MARY D,17952,1
MINERSVILLE,17954,1
MUIR,17957,1
NEW PHILADELPHIA,17959,1
NEW RINGGOLD,17960,1
ORWIGSBURG,17961,1
PINE GROVE,17963,1
PORT CARBON,17965,1
RAVINE,17966,1
RINGTOWN,17967,1
SAINT CLAIR,17970,1
SCHUYLKILL HAVEN,17972,1
SELTZER,17974,1
SUMMIT STATION,17979,1
TOWER CITY,17980,1
TREMONT,17981,1
TUSCARORA,17982,1
VALLEY VIEW,17983,1
ZION GROVE,17985,1
ACKERMANVILLE,18010,1
ALBURTIS,18011,1
AQUASHICOLA,18012,1
BOWMANSTOWN,18030,1
BREINIGSVILLE,18031,1
CATASAUQUA,18032,1
CENTER VALLEY,18034,1
CHERRYVILLE,18035,1
COOPERSBURG,18036,1
COPLAY,18037,1
DANIELSVILLE,18038,1
EAST GREENVILLE,18041,1
EAST TEXAS,18046,1
FLICKSVILLE,18050,1
FOGELSVILLE,18051,1
GERMANSVILLE,18053,1
GREEN LANE,18054,1
HELLERTOWN,18055,1
HEREFORD,18056,1
KUNKLETOWN,18058,1
LAURYS STATION,18059,1
LIMEPORT,18060,1
MACUNGIE,18062,1
MARTINS CREEK,18063,1
NAZARETH,18064,1
NEFFS,18065,1
NEW TRIPOLI,18066,1
OLD ZIONSVILLE,18068,1
OREFIELD,18069,1
PALM,18070,1
PALMERTON,18071,1
PEN ARGYL,18072,1
PENNSBURG,18073,1
PERKIOMENVILLE,18074,1
RED HILL,18076,1
RIEGELSVILLE,18077,1
SCHNECKSVILLE,18078,1
SLATEDALE,18079,1
SLATINGTON,18080,1
SPRINGTOWN,18081,1
STOCKERTOWN,18083,1
SUMNEYTOWN,18084,1
TATAMY,18085,1
TREICHLERS,18086,1
TREXLERTOWN,18087,1
WALNUTPORT,18088,1
WIND GAP,18091,1
ZIONSVILLE,18092,1
ALBRIGHTSVILLE,18210,1
ANDREAS,18211,1
BARNESVILLE,18214,1
BEAVER MEADOWS,18216,1
COALDALE,18218,1
CONYNGHAM,18219,1
DRIFTON,18221,1
DRUMS,18222,1
EBERVALE,18223,1
FREELAND,18224,1
HARLEIGH,18225,1
JIM THORPE,18229,1
JUNEDALE,18230,1
KELAYRES,18231,1
LANSFORD,18232,1
LATTIMER MINES,18234,1
LEHIGHTON,18235,1
MCADOO,18237,1
MILNESVILLE,18239,1
NESQUEHONING,18240,1
NUREMBERG,18241,1
PARDEESVILLE,18243,1
PARRYVILLE,18244,1
QUAKAKE,18245,1
ROCK GLEN,18246,1
SAINT JOHNS,18247,1
SHEPPTON,18248,1
SUGARLOAF,18249,1
SUMMIT HILL,18250,1
SYBERTSVILLE,18251,1
TAMAQUA,18252,1
TRESCKOW,18254,1
WEATHERLY,18255,1
EAST STROUDSBURG,18301,1
ANALOMINK,18320,1
BARTONSVILLE,18321,1
BRODHEADSVILLE,18322,1
BUCK HILL FALLS,18323,1
BUSHKILL,18324,1
CANADENSIS,18325,1
CRESCO,18326,1
DELAWARE WATER GAP,18327,1
DINGMANS FERRY,18328,1
EFFORT,18330,1
HENRYVILLE,18332,1
KRESGEVILLE,18333,1
LONG POND,18334,1
MARSHALLS CREEK,18335,1
MATAMORAS,18336,1
MILLRIFT,18340,1
MINISINK HILLS,18341,1
MOUNTAINHOME,18342,1
MOUNT BETHEL,18343,1
MOUNT POCONO,18344,1
POCONO SUMMIT,18346,1
POCONO LAKE,18347,1
POCONO LAKE PRESERVE,18348,1
POCONO MANOR,18349,1
POCONO PINES,18350,1
REEDERS,18352,1
SAYLORSBURG,18353,1
SCIOTA,18354,1
SCOTRUN,18355,1
SHAWNEE ON DELAWARE,18356,1
SKYTOP,18357,1
STROUDSBURG,18360,1
SWIFTWATER,18370,1
TAMIMENT,18371,1
UNITY HOUSE,18373,1
ALDENVILLE,18401,1
ARCHBALD,18403,1
BEACH LAKE,18405,1
CHINCHILLA,18410,1
CLARKS SUMMIT,18411,1
CLIFFORD,18413,1
DAMASCUS,18415,1
EQUINUNK,18417,1
FACTORYVILLE,18419,1
FLEETVILLE,18420,1
FOREST CITY,18421,1
GREENTOWN,18426,1
HAWLEY,18428,1
HERRICK CENTER,18430,1
HONESDALE,18431,1
JERMYN,18433,1
JESSUP,18434,1
LACKAWAXEN,18435,1
LAKE ARIEL,18436,1
LAKE COMO,18437,1
LA PLUME,18440,1
LENOXVILLE,18441,1
MILANVILLE,18443,1
NICHOLSON,18446,1
ORSON,18449,1
PAUPACK,18451,1
PECKVILLE,18452,1
PLEASANT MOUNT,18453,1
POYNTELLE,18454,1
PRESTON PARK,18455,1
PROMPTON,18456,1
ROWLAND,18457,1
SHOHOLA,18458,1
SOUTH CANAAN,18459,1
SOUTH STERLING,18460,1
STARLIGHT,18461,1
STARRUCCA,18462,1
TAFTON,18464,1
TOBYHANNA,18466,1
TYLER HILL,18469,1
UNION DALE,18470,1
WAYMART,18472,1
WHITE MILLS,18473,1
MOOSIC,18507,1
TAYLOR,18517,1
DICKSON CITY,18519,1
BEAR CREEK,18602,1
BLAKESLEE,18610,1
CAMBRA,18611,1
DUSHORE,18614,1
FALLS,18615,1
FORKSVILLE,18616,1
GLEN LYON,18617,1
HARVEYS LAKE,18618,1
HILLSGROVE,18619,1
HUNLOCK CREEK,18621,1
HUNTINGTON MILLS,18622,1
LACEYVILLE,18623,1
LAKE HARMONY,18624,1
LAKE WINOLA,18625,1
LAPORTE,18626,1
LEHMAN,18627,1
LOPEZ,18628,1
MEHOOPANY,18629,1
MESHOPPEN,18630,1
MIFFLINVILLE,18631,1
MILDRED,18632,1
NANTICOKE,18634,1
NESCOPECK,18635,1
NOXEN,18636,1
DURYEA,18642,1
RANSOM,18653,1
SHAWANESE,18654,1
SHICKSHINNY,18655,1
SWEET VALLEY,18656,1
TUNKHANNOCK,18657,1
WAPWALLOPEN,18660,1
WHITE HAVEN,18661,1
MOUNTAIN TOP,18707,1
SHAVERTOWN,18708,1
LUZERNE,18709,1
BRACKNEY,18812,1
CAMPTOWN,18815,1
DIMOCK,18816,1
EAST SMITHFIELD,18817,1
FRIENDSVILLE,18818,1
GIBSON,18820,1
HALLSTEAD,18822,1
HOP BOTTOM,18824,1
KINGSLEY,18826,1
LE RAYSVILLE,18829,1
LITTLE MEADOWS,18830,1
MONROETON,18832,1
SAYRE,18840,1
SOUTH GIBSON,18842,1
SOUTH MONTROSE,18843,1
STEVENSVILLE,18845,1
SUGAR RUN,18846,1
SUSQUEHANNA,18847,1
TOWANDA,18848,1
ULSTER,18850,1
WARREN CENTER,18851,1
WYALUSING,18853,1
WYSOX,18854,1
DOYLESTOWN,18901,1
BLOOMING GLEN,18911,1
BUCKINGHAM,18912,1
CARVERSVILLE,18913,1
CHALFONT,18914,1
COLMAR,18915,1
DANBORO,18916,1
EARLINGTON,18918,1
ERWINNA,18920,1
FOREST GROVE,18922,1
FOUNTAINVILLE,18923,1
FURLONG,18925,1
GARDENVILLE,18926,1
HILLTOWN,18927,1
HOLICONG,18928,1
JAMISON,18929,1
KINTNERSVILLE,18930,1
LAHASKA,18931,1
LINE LEXINGTON,18932,1
LUMBERVILLE,18933,1
MILFORD SQUARE,18935,1
MONTGOMERYVILLE,18936,1
NEW HOPE,18938,1
OTTSVILLE,18942,1
PENNS PARK,18943,1
PERKASIE,18944,1
PIPERSVILLE,18947,1
PLUMSTEADVILLE,18949,1
POINT PLEASANT,18950,1
RICHBORO,18954,1
RICHLANDTOWN,18955,1
RUSHLAND,18956,1
SALFORD,18957,1
SALFORDVILLE,18958,1
SELLERSVILLE,18960,1
SOLEBURY,18963,1
SOUDERTON,18964,1
SPINNERSTOWN,18968,1
TELFORD,18969,1
TRUMBAUERSVILLE,18970,1
TYLERSPORT,18971,1
UPPER BLACK EDDY,18972,1
WARRINGTON,18976,1
WASHINGTON CROSSING,18977,1
WOXALL,18979,1
WYCOMBE,18980,1
ZIONHILL,18981,1
AMBLER,19002,1
BALA CYNWYD,19004,1
HUNTINGDON VALLEY,19006,1
BROOMALL,19008,1
BRYN ATHYN,19009,1
BRYN MAWR,19010,1
CHELTENHAM,19012,1
ASTON,19014,1
CHESTER HEIGHTS,19017,1
CLIFTON HEIGHTS,19018,1
BENSALEM,19020,1
CROYDON,19021,1
CRUM LYNNE,19022,1
DARBY,19023,1
DRESHER,19025,1
DREXEL HILL,19026,1
ELKINS PARK,19027,1
EDGEMONT,19028,1
ESSINGTON,19029,1
FAIRLESS HILLS,19030,1
FLOURTOWN,19031,1
FOLCROFT,19032,1
GLADWYNE,19035,1
GLENOLDEN,19036,1
GLEN RIDDLE LIMA,19037,1
GLENSIDE,19038,1
GRADYVILLE,19039,1
HATBORO,19040,1
HAVERFORD,19041,1
HORSHAM,19044,1
JENKINTOWN,19046,1
LANGHORNE,19047,1
LANSDOWNE,19050,1
LENNI,19052,1
FEASTERVILLE TREVOSE,19053,1
MARCUS HOOK,19061,1
MERION STATION,19066,1
NARBERTH,19072,1
NEWTOWN SQUARE,19073,1
ORELAND,19075,1
PROSPECT PARK,19076,1
RIDLEY PARK,19078,1
SHARON HILL,19079,1
SWARTHMORE,19081,1
UPPER DARBY,19082,1
HAVERTOWN,19083,1
VILLANOVA,19085,1
WILLOW GROVE,19090,1
WOODLYN,19094,1
WYNCOTE,19095,1
WYNNEWOOD,19096,1
PAOLI,19301,1
ATGLEN,19310,1
AVONDALE,19311,1
BERWYN,19312,1
BRANDAMORE,19316,1
CHADDS FORD,19317,1
CHEYNEY,19319,1
COATESVILLE,19320,1
COCHRANVILLE,19330,1
DEVON,19333,1
DOWNINGTOWN,19335,1
EXTON,19341,1
GLEN MILLS,19342,1
GLENMOORE,19343,1
HONEY BROOK,19344,1
IMMACULATA,19345,1
KELTON,19346,1
KEMBLESVILLE,19347,1
KENNETT SQUARE,19348,1
LANDENBERG,19350,1
LINCOLN UNIVERSITY,19352,1
LIONVILLE,19353,1
LYNDELL,19354,1
MALVERN,19355,1
MENDENHALL,19357,1
PARKESBURG,19365,1
POCOPSON,19366,1
POMEROY,19367,1
SADSBURYVILLE,19369,1
STEELVILLE,19370,1
SUPLEE,19371,1
THORNDALE,19372,1
THORNTON,19373,1
TOUGHKENAMON,19374,1
WAGONTOWN,19376,1
WEST GROVE,19390,1
FAIRVIEW VILLAGE,19409,1
ARCOLA,19420,1
BIRCHRUNVILLE,19421,1
CEDARS,19423,1
CHESTER SPRINGS,19425,1
COLLEGEVILLE,19426,1
CREAMERY,19430,1
DEVAULT,19432,1
GWYNEDD,19436,1
GWYNEDD VALLEY,19437,1
KIMBERTON,19442,1
KULPSVILLE,19443,1
LAFAYETTE HILL,19444,1
LANSDALE,19446,1
LEDERACH,19450,1
MAINLAND,19451,1
MIQUON,19452,1
MONT CLARE,19453,1
OAKS,19456,1
PARKER FORD,19457,1
PHOENIXVILLE,19460,1
PLYMOUTH MEETING,19462,1
ROYERSFORD,19468,1
SAINT PETERS,19470,1
SASSAMANSVILLE,19472,1
SCHWENKSVILLE,19473,1
SKIPPACK,19474,1
SPRING CITY,19475,1
SPRING HOUSE,19477,1
SPRING MOUNT,19478,1
UWCHLAND,19480,1
ZIEGLERVILLE,19492,1
ADAMSTOWN,19501,1
BALLY,19503,1
BARTO,19504,1
BECHTELSVILLE,19505,1
BERNVILLE,19506,1
BIRDSBORO,19508,1
BLANDON,19510,1
BOWERS,19511,1
BOYERTOWN,19512,1
DOUGLASSVILLE,19518,1
ELVERSON,19520,1
FLEETWOOD,19522,1
GEIGERTOWN,19523,1
KEMPTON,19529,1
KUTZTOWN,19530,1
LEESPORT,19533,1
LENHARTSVILLE,19534,1
LIMEKILN,19535,1
LYON STATION,19536,1
MAXATAWNY,19538,1
MERTZTOWN,19539,1
MOHNTON,19540,1
MOHRSVILLE,19541,1
MONOCACY STATION,19542,1
MOUNT AETNA,19544,1
NEW BERLINVILLE,19545,1
OLEY,19547,1
PINE FORGE,19548,1
PORT CLINTON,19549,1
REHRERSBURG,19550,1
ROBESONIA,19551,1
SHARTLESVILLE,19554,1
SHOEMAKERSVILLE,19555,1
STONY RUN,19557,1
STRAUSSTOWN,19559,1
TOPTON,19562,1
VIRGINVILLE,19564,1
WERNERSVILLE,19565,1
WOMELSDORF,19567,1
BEAR,19701,1
CLAYMONT,19703,1
DELAWARE CITY,19706,1
HOCKESSIN,19707,1
MONTCHANIN,19710,1
PORT PENN,19731,1
SAINT GEORGES,19733,1
WINTERTHUR,19735,1
YORKLYN,19736,1
DOVER AFB,19902,1
BETHANY BEACH,19930,1
CAMDEN WYOMING,19934,1
CHESWOLD,19936,1
DAGSBORO,19939,1
ELLENDALE,19941,1
FENWICK ISLAND,19944,1
FRANKFORD,19945,1
FREDERICA,19946,1
HARBESON,19951,1
HARTLY,19953,1
KENTON,19955,1
LEWES,19958,1
LITTLE CREEK,19961,1
MARYDEL,19964,1
REHOBOTH BEACH,19971,1
SELBYVILLE,19975,1
VIOLA,19979,1
ALDIE,20105,1
CATLETT,20119,1
ORLEAN,20128,1
PAEONIAN SPRINGS,20129,1
PHILOMONT,20131,1
BLUEMONT,20135,1
BRISTOW,20136,1
BROAD RUN,20137,1
CASANOVA,20139,1
RECTORTOWN,20140,1
CATHARPIN,20143,1
DELAPLANE,20144,1
LOVETTSVILLE,20180,1
THE PLAINS,20198,1
ANACOSTIA ANNEX,20373,1
ABELL,20606,1
ACCOKEEK,20607,1
AQUASCO,20608,1
AVENUE,20609,1
BEL ALTON,20611,1
BENEDICT,20612,1
BRANDYWINE,20613,1
BROOMES ISLAND,20615,1
BRYANS ROAD,20616,1
BRYANTOWN,20617,1
BUSHWOOD,20618,1
CALLAWAY,20620,1
CHAPTICO,20621,1
CHARLOTTE HALL,20622,1
CLEMENTS,20624,1
COBB ISLAND,20625,1
COLTONS POINT,20626,1
DAMERON,20628,1
DOWELL,20629,1
DRAYDEN,20630,1
FAULKNER,20632,1
GREAT MILLS,20634,1
HELEN,20635,1
HUNTINGTOWN,20639,1
IRONSIDES,20643,1
ISSUE,20645,1
LEONARDTOWN,20650,1
LEXINGTON PARK,20653,1
LOVEVILLE,20656,1
LUSBY,20657,1
MARBURY,20658,1
MORGANZA,20660,1
MOUNT VICTORIA,20661,1
NANJEMOY,20662,1
PARK HALL,20667,1
PATUXENT RIVER,20670,1
PINEY POINT,20674,1
PORT TOBACCO,20677,1
PRINCE FREDERICK,20678,1
ROCK POINT,20682,1
SAINT INIGOES,20684,1
SAINT LEONARD,20685,1
SAINT MARYS CITY,20686,1
SOLOMONS,20688,1
TALL TIMBERS,20690,1
VALLEY LEE,20692,1
WELCOME,20693,1
ANNAPOLIS JUNCTION,20701,1
BLADENSBURG,20710,1
LOTHIAN,20711,1
MOUNT RAINIER,20712,1
NORTH BEACH,20714,1
CHESAPEAKE BEACH,20732,1
CHURCHTON,20733,1
OWINGS,20736,1
DEALE,20751,1
FORT GEORGE G MEADE,20755,1
ANDREWS AIR FORCE BASE,20762,1
SAVAGE,20763,1
SHADY SIDE,20764,1
GALESVILLE,20765,1
GLENN DALE,20769,1
HARWOOD,20776,1
WEST RIVER,20778,1
TRACYS LANDING,20779,1
GLEN ECHO,20812,1
CABIN JOHN,20818,1
BROOKEVILLE,20833,1
POOLESVILLE,20837,1
BOYDS,20841,1
DICKERSON,20842,1
DERWOOD,20855,1
SANDY SPRING,20860,1
ASHTON,20861,1
BRINKLOW,20862,1
BURTONSVILLE,20866,1
SPENCERVILLE,20868,1
WASHINGTON GROVE,20880,1
MONTGOMERY VILLAGE,20886,1
GARRETT PARK,20896,1
SUBURB MARYLAND FAC,20897,1
ABERDEEN PROVING GROUND,21005,1
GUNPOWDER,21010,1
ARNOLD,21012,1
BELCAMP,21017,1
BORING,21020,1
BROOKLANDVILLE,21022,1
CHASE,21027,1
COCKEYSVILLE,21030,1
HUNT VALLEY,21031,1
CROWNSVILLE,21032,1
DAVIDSONVILLE,21035,1
EDGEWOOD,21040,1
FALLSTON,21047,1
FINKSBURG,21048,1
FOREST HILL,21050,1
FORK,21051,1
FORT HOWARD,21052,1
GAMBRILLS,21054,1
GIBSON ISLAND,21056,1
GLEN ARM,21057,1
GLYNDON,21071,1
ELKRIDGE,21075,1
HARMANS,21077,1
HAVRE DE GRACE,21078,1
HENRYTON,21080,1
HYDES,21082,1
JARRETTSVILLE,21084,1
JOPPA,21085,1
LINEBORO,21088,1
LINTHICUM HEIGHTS,21090,1
LONG GREEN,21092,1
MARRIOTTSVILLE,21104,1
MARYLAND LINE,21105,1
MAYO,21106,1
ODENTON,21113,1
CROFTON,21114,1
OWINGS MILLS,21117,1
PARKTON,21120,1
PERRY HALL,21128,1
PERRYMAN,21130,1
PYLESVILLE,21132,1
RANDALLSTOWN,21133,1
REISTERSTOWN,21136,1
RIDERWOOD,21139,1
RIVA,21140,1
SEVERN,21144,1
SEVERNA PARK,21146,1
SPARKS GLENCOE,21152,1
STREET,21154,1
UPPERCO,21155,1
UPPER FALLS,21156,1
WHITEFORD,21160,1
WHITE MARSH,21162,1
GWYNN OAK,21207,1
PIKESVILLE,21208,1
SPARROWS POINT,21219,1
MIDDLE RIVER,21220,1
DUNDALK,21222,1
CURTIS BAY,21226,1
HALETHORPE,21227,1
CATONSVILLE,21228,1
PARKVILLE,21234,1
WINDSOR MILL,21244,1
ACCIDENT,21520,1
BITTINGER,21522,1
CORRIGANVILLE,21524,1
ECKHART MINES,21528,1
ELLERSLIE,21529,1
FLINTSTONE,21530,1
GRANTSVILLE,21536,1
KITZMILLER,21538,1
LONACONING,21539,1
LUKE,21540,1
MC HENRY,21541,1
MOUNT SAVAGE,21545,1
OLDTOWN,21555,1
PINTO,21556,1
RAWLINGS,21557,1
SPRING GAP,21560,1
WESTERNPORT,21562,1
BARCLAY,21607,1
BETTERTON,21610,1
BOZMAN,21612,1
CHURCH CREEK,21622,1
CHURCH HILL,21623,1
CLAIBORNE,21624,1
CRAPO,21626,1
CROCHERON,21627,1
CRUMPTON,21628,1
EAST NEW MARKET,21631,1
FEDERALSBURG,21632,1
FISHING CREEK,21634,1
GALENA,21635,1
GRASONVILLE,21638,1
HURLOCK,21643,1
INGLESIDE,21644,1
KENNEDYVILLE,21645,1
MCDANIEL,21647,1
MASSEY,21650,1
NEAVITT,21652,1
PRICE,21656,1
QUEEN ANNE,21657,1
QUEENSTOWN,21658,1
RHODESDALE,21659,1
ROCK HALL,21661,1
SAINT MICHAELS,21663,1
SECRETARY,21664,1
SHERWOOD,21665,1
STILL POND,21667,1
SUDLERSVILLE,21668,1
TAYLORS ISLAND,21669,1
TEMPLEVILLE,21670,1
TILGHMAN,21671,1
TODDVILLE,21672,1
TRAPPE,21673,1
WINGATE,21675,1
WITTMAN,21676,1
WOOLFORD,21677,1
WORTON,21678,1
WYE MILLS,21679,1
BIG POOL,21711,1
BOONSBORO,21713,1
BRADDOCK HEIGHTS,21714,1
BUCKEYSTOWN,21717,1
BURKITTSVILLE,21718,1
CASCADE,21719,1
CAVETOWN,21720,1
CHEWSVILLE,21721,1
CLEAR SPRING,21722,1
COOKSVILLE,21723,1
EMMITSBURG,21727,1
FAIRPLAY,21733,1
FUNKSTOWN,21734,1
GAPLAND,21736,1
GLENELG,21737,1
IJAMSVILLE,21754,1
KEEDYSVILLE,21756,1
KEYMAR,21757,1
LADIESBURG,21759,1
LIBERTYTOWN,21762,1
LITTLE ORLEANS,21766,1
MAUGANSVILLE,21767,1
MOUNT AIRY,21771,1
MYERSVILLE,21773,1
NEW MARKET,21774,1
NEW MIDWAY,21775,1
POINT OF ROCKS,21777,1
ROCKY RIDGE,21778,1
ROHRERSVILLE,21779,1
SABILLASVILLE,21780,1
SHARPSBURG,21782,1
SMITHSBURG,21783,1
TANEYTOWN,21787,1
THURMONT,21788,1
UNION BRIDGE,21791,1
WALKERSVILLE,21793,1
WEST FRIENDSHIP,21794,1
WOODSBORO,21798,1
BISHOPVILLE,21813,1
BIVALVE,21814,1
CRISFIELD,21817,1
DEAL ISLAND,21821,1
EWELL,21824,1
FRUITLAND,21826,1
GIRDLETREE,21829,1
LINKWOOD,21835,1
MANOKIN,21836,1
MARDELA SPRINGS,21837,1
MARION STATION,21838,1
PARSONSBURG,21849,1
PITTSVILLE,21850,1
POCOMOKE CITY,21851,1
POWELLVILLE,21852,1
PRINCESS ANNE,21853,1
REHOBETH,21857,1
SHARPTOWN,21861,1
SHOWELL,21862,1
SNOW HILL,21863,1
TYASKIN,21865,1
TYLERTON,21866,1
UPPER FAIRMOUNT,21867,1
WENONA,21870,1
WHALEYVILLE,21872,1
WILLARDS,21874,1
PERRY POINT,21902,1
PERRYVILLE,21903,1
PORT DEPOSIT,21904,1
RISING SUN,21911,1
CECILTON,21913,1
CHESAPEAKE CITY,21915,1
CHILDS,21916,1
COLORA,21917,1
CONOWINGO,21918,1
EARLEVILLE,21919,1
ELK MILLS,21920,1
DUMFRIES,22026,1
DUNN LORING,22027,1
FAIRFAX STATION,22039,1
FORT BELVOIR,22060,1
GREENWAY,22067,1
WEST MCLEAN,22103,1
OAKTON,22124,1
OCCOQUAN,22125,1
TRIANGLE,22172,1
FT MYER,22211,1
BROOKE,22430,1
BURGESS,22432,1
BURR HILL,22433,1
CALLAO,22435,1
CARET,22436,1
CENTER CROSS,22437,1
COLES POINT,22442,1
COLONIAL BEACH,22443,1
DAHLGREN,22448,1
DOGUE,22451,1
DUNNSVILLE,22454,1
GARRISONVILLE,22463,1
HARTWOOD,22471,1
HAYNESVILLE,22472,1
HEATHSVILLE,22473,1
HUSTLE,22476,1
JERSEY,22481,1
KILMARNOCK,22482,1
KING GEORGE,22485,1
KINSALE,22488,1
LADYSMITH,22501,1
LANEVIEW,22504,1
LIVELY,22507,1
LOCUST GROVE,22508,1
LOTTSBURG,22511,1
MERRY POINT,22513,1
MOLLUSK,22517,1
MONTROSS,22520,1
MORATTICO,22523,1
NINDE,22526,1
NUTTSVILLE,22528,1
OLDHAMS,22529,1
OPHELIA,22530,1
PARTLOW,22534,1
RAPPAHANNOCK ACADEMY,22538,1
REEDVILLE,22539,1
RHOADESVILLE,22542,1
ROLLINS FORK,22544,1
RUTHER GLEN,22546,1
SEALSTON,22547,1
SHARPS,22548,1
SPOTSYLVANIA,22553,1
TAPPAHANNOCK,22560,1
THORNBURG,22565,1
VILLAGE,22570,1
WEEMS,22576,1
WHITE STONE,22578,1
WICOMICO CHURCH,22579,1
WOODFORD,22580,1
ZACATA,22581,1
BERRYVILLE,22611,1
BOYCE,22620,1
BRUCETOWN,22622,1
CHESTER GAP,22623,1
CLEAR BROOK,22624,1
CROSS JUNCTION,22625,1
FISHERS HILL,22626,1
FLINT HILL,22627,1
FRONT ROYAL,22630,1
GORE,22637,1
HUNTLY,22640,1
MARKHAM,22643,1
MAURERTOWN,22644,1
RILEYVILLE,22650,1
FORT VALLEY,22652,1
STAR TANNERY,22654,1
STEPHENS CITY,22655,1
STEPHENSON,22656,1
TOMS BROOK,22660,1
WHITE POST,22663,1
CULPEPER,22701,1
ARODA,22709,1
BANCO,22711,1
BEALETON,22712,1
BRANDY STATION,22714,1
BRIGHTWOOD,22715,1
ELKWOOD,22718,1
ETLAN,22719,1
GOLDVEIN,22720,1
GRAVES MILL,22721,1
HAYWOOD,22722,1
HOOD,22723,1
JEFFERSONTON,22724,1
LIGNUM,22726,1
MITCHELLS,22729,1
OAKPARK,22730,1
PRATTS,22731,1
RADIANT,22732,1
RAPIDAN,22733,1
REMINGTON,22734,1
REVA,22735,1
RICHARDSVILLE,22736,1
RIXEYVILLE,22737,1
ROCHELLE,22738,1
SPERRYVILLE,22740,1
STEVENSBURG,22741,1
SUMERDUCK,22742,1
SYRIA,22743,1
VIEWTOWN,22746,1
WOLFTOWN,22748,1
BASYE,22810,1
BERGTON,22811,1
CRIDERS,22820,1
FULKS RUN,22830,1
HINTON,22831,1
KEEZLETOWN,22832,1
LACEY SPRING,22833,1
LINVILLE,22834,1
LURAY,22835,1
MC GAHEYSVILLE,22840,1
MOUNT CRAWFORD,22841,1
MOUNT JACKSON,22842,1
MOUNT SOLON,22843,1
ORKNEY SPRINGS,22845,1
PENN LAIRD,22846,1
QUICKSBURG,22847,1
SINGERS GLEN,22850,1
TIMBERVILLE,22853,1
ARRINGTON,22922,1
BARBOURSVILLE,22923,1
COVESVILLE,22931,1
CROZET,22932,1
DYKE,22935,1
EARLYSVILLE,22936,1
ESMONT,22937,1
FABER,22938,1
FISHERSVILLE,22939,1
FREE UNION,22940,1
GORDONSVILLE,22942,1
IVY,22945,1
KESWICK,22947,1
LOCUST DALE,22948,1
LOVINGSTON,22949,1
MADISON MILLS,22953,1
MASSIES MILL,22954,1
MONTPELIER STATION,22957,1
NELLYSFORD,22958,1
NORTH GARDEN,22959,1
PINEY RIVER,22964,1
QUINQUE,22965,1
RUCKERSVILLE,22968,1
SCHUYLER,22969,1
SHIPMAN,22971,1
STANARDSVILLE,22973,1
TYRO,22976,1
WOODBERRY FOREST,22989,1
ACHILLES,23001,1
AMELIA COURT HOUSE,23002,1
ARK,23003,1
ARVONIA,23004,1
AYLETT,23009,1
BARHAMSVILLE,23011,1
BEAVERDAM,23015,1
BELLAMY,23017,1
BENA,23018,1
BOHANNON,23021,1
BREMO BLUFF,23022,1
BRUINGTON,23023,1
BUMPASS,23024,1
CARDINAL,23025,1
CHARLES CITY,23030,1
CHRISTCHURCH,23031,1
CHURCH VIEW,23032,1
COBBS CREEK,23035,1
CROZIER,23039,1
DELTAVILLE,23043,1
DIGGS,23045,1
DOSWELL,23047,1
DUTTON,23050,1
FIFE,23054,1
FORK UNION,23055,1
GLOUCESTER POINT,23062,1
GOOCHLAND,23063,1
GRIMSTEAD,23064,1
GUM SPRING,23065,1
GWYNN,23066,1
HADENSVILLE,23067,1
HALLIEFORD,23068,1
HARDYVILLE,23070,1
HARTFIELD,23071,1
HAYES,23072,1
HIGHLAND SPRINGS,23075,1
HUDGINS,23076,1
JETERSVILLE,23083,1
KENTS STORE,23084,1
KING AND QUEEN COURT HOUS,23085,1
KING WILLIAM,23086,1
LANEXA,23089,1
LIGHTFOOT,23090,1
LITTLE PLYMOUTH,23091,1
LOCUST HILL,23092,1
LOUISA,23093,1
MAIDENS,23102,1
MANAKIN SABOT,23103,1
MANNBORO,23105,1
MANQUIN,23106,1
MARYUS,23107,1
MASCOT,23108,1
MATHEWS,23109,1
MATTAPONI,23110,1
MILLERS TAVERN,23115,1
MINERAL,23117,1
MOON,23119,1
MOSELEY,23120,1
NEW CANTON,23123,1
NEW KENT,23124,1
NEW POINT,23125,1
NORGE,23127,1
NORTH,23128,1
OILVILLE,23129,1
ONEMO,23130,1
ORDINARY,23131,1
PORT HAYWOOD,23138,1
POWHATAN,23139,1
PROVIDENCE FORGE,23140,1
RUTHVILLE,23147,1
SAINT STEPHENS CHURCH,23148,1
SALUDA,23149,1
SANDSTON,23150,1
SCHLEY,23154,1
SHACKLEFORDS,23156,1
STATE FARM,23160,1
STUDLEY,23162,1
SUSAN,23163,1
TOANO,23168,1
TOPPING,23169,1
TREVILIANS,23170,1
UNIVERSITY OF RICHMOND,23173,1
URBANNA,23175,1
WAKE,23176,1
WALKERTON,23177,1
WARE NECK,23178,1
WATER VIEW,23180,1
WICOMICO,23184,1
WOODS CROSS ROADS,23190,1
ZANONI,23191,1
ACCOMAC,23301,1
ASSAWOMAN,23302,1
BATTERY PARK,23304,1
BELLE HAVEN,23306,1
BIRDSNEST,23307,1
BLOXOM,23308,1
CAPE CHARLES,23310,1
CAPEVILLE,23313,1
CARRSVILLE,23315,1
CHERITON,23316,1
CHINCOTEAGUE ISLAND,23336,1
WALLOPS ISLAND,23337,1
CRADDOCKVILLE,23341,1
DAVIS WHARF,23345,1
EASTVILLE,23347,1
EXMORE,23350,1
FRANKTOWN,23354,1
GREENBACKVILLE,23356,1
HACKSNECK,23358,1
HALLWOOD,23359,1
HARBORTON,23389,1
HORNTOWN,23395,1
ISLE OF WIGHT,23397,1
JENKINS BRIDGE,23399,1
LOCUSTVILLE,23404,1
MACHIPONGO,23405,1
MAPPSVILLE,23407,1
MARIONVILLE,23408,1
MEARS,23409,1
MELFA,23410,1
MODEST TOWN,23412,1
NASSAWADOX,23413,1
NELSONIA,23414,1
NEW CHURCH,23415,1
ONANCOCK,23417,1
ONLEY,23418,1
OYSTER,23419,1
PAINTER,23420,1
PARKSLEY,23421,1
PUNGOTEAGUE,23422,1
QUINBY,23423,1
RESCUE,23424,1
SAXIS,23427,1
SEAVIEW,23429,1
TANGIER,23440,1
TASLEY,23441,1
TEMPERANCEVILLE,23442,1
WACHAPREAGUE,23480,1
WARDTOWN,23482,1
WATTSVILLE,23483,1
WILLIS WHARF,23486,1
WITHAMS,23488,1
FORT EUSTIS,23604,1
FORT MONROE,23651,1
POQUOSON,23662,1
LACKEY,23694,1
ALBERTA,23821,1
AMMON,23822,1
BOYKINS,23827,1
CAPRON,23829,1
CHURCH ROAD,23833,1
COLONIAL HEIGHTS,23834,1
COURTLAND,23837,1
DENDRON,23839,1
DEWITT,23840,1
DINWIDDIE,23841,1
DISPUTANTA,23842,1
DOLPHIN,23843,1
DREWRYVILLE,23844,1
EBONY,23845,1
ELBERON,23846,1
EMPORIA,23847,1
FORD,23850,1
FREEMAN,23856,1
GASBURG,23857,1
IVOR,23866,1
MC KENNEY,23872,1
MEREDITHVILLE,23873,1
NEWSOMS,23874,1
PRINCE GEORGE,23875,1
SEDLEY,23878,1
SKIPPERS,23879,1
SUTHERLAND,23885,1
VALENTINES,23887,1
WARFIELD,23889,1
WILSONS,23894,1
YALE,23897,1
ZUNI,23898,1
BASKERVILLE,23915,1
BOYDTON,23917,1
BRACEY,23919,1
BRODNAX,23920,1
BURKEVILLE,23922,1
CHARLOTTE COURT HOUSE,23923,1
CHASE CITY,23924,1
CREWE,23930,1
CULLEN,23934,1
DILLWYN,23936,1
DRAKES BRANCH,23937,1
DUNDAS,23938,1
FORT MITCHELL,23941,1
HAMPDEN SYDNEY,23943,1
KENBRIDGE,23944,1
KEYSVILLE,23947,1
MEHERRIN,23954,1
NOTTOWAY,23955,1
PAMPLIN,23958,1
PHENIX,23959,1
RED HOUSE,23963,1
RICE,23966,1
SAXE,23967,1
SKIPWITH,23968,1
SOUTH HILL,23970,1
WYLLIESBURG,23976,1
ARARAT,24053,1
AXTON,24054,1
BASSETT,24055,1
BELSPRING,24058,1
BENT MOUNTAIN,24059,1
BLUE RIDGE,24064,1
BOONES MILL,24065,1
CATAWBA,24070,1
CHECK,24072,1
CLAUDVILLE,24076,1
CLOVERDALE,24077,1
COPPER HILL,24079,1
CRITZ,24082,1
DALEVILLE,24083,1
EAGLE ROCK,24085,1
EGGLESTON,24086,1
ELLISTON,24087,1
FERRUM,24088,1
FIELDALE,24089,1
FINCASTLE,24090,1
FLOYD,24091,1
GLADE HILL,24092,1
GLEN LYN,24093,1
GOLDBOND,24094,1
GOODVIEW,24095,1
HARDY,24101,1
HENRY,24102,1
HUDDLESTON,24104,1
INDIAN VALLEY,24105,1
MC COY,24111,1
MEADOWS OF DAN,24120,1
MONETA,24121,1
NARROWS,24124,1
NEWBERN,24126,1
NEW RIVER,24129,1
PAINT BANK,24131,1
PARROTT,24132,1
PATRICK SPRINGS,24133,1
PEARISBURG,24134,1
PENHOOK,24137,1
PILOT,24138,1
RICH CREEK,24147,1
RIDGEWAY,24148,1
RINER,24149,1
RIPPLEMEAD,24150,1
SANDY LEVEL,24161,1
SHAWSVILLE,24162,1
STAFFORDSVILLE,24167,1
STANLEYTOWN,24168,1
THAXTON,24174,1
UNION HALL,24176,1
VESTA,24177,1
VILLAMONT,24178,1
VINTON,24179,1
WIRTZ,24184,1
WOOLWINE,24185,1
APPALACHIA,24216,1
BEE,24217,1
BEN HUR,24218,1
BIG STONE GAP,24219,1
BIRCHLEAF,24220,1
BLACKWATER,24221,1
CASTLEWOOD,24224,1
CLINCHCO,24226,1
CLINTWOOD,24228,1
COEBURN,24230,1
DANTE,24237,1
DUFFIELD,24244,1
DUNGANNON,24245,1
EAST STONE GAP,24246,1
EWING,24248,1
FORT BLACKMORE,24250,1
GATE CITY,24251,1
HAYSI,24256,1
HILTONS,24258,1
HONAKER,24260,1
KEOKEE,24265,1
MENDOTA,24270,1
NICKELSVILLE,24271,1
NORA,24272,1
PENNINGTON GAP,24277,1
POUND,24279,1
ROSE HILL,24281,1
STONEGA,24285,1
TRAMMEL,24289,1
WEBER CITY,24290,1
WHITETOP,24292,1
WISE,24293,1
ATKINS,24311,1
AUSTINVILLE,24312,1
BARREN SPRINGS,24313,1
BASTIAN,24314,1
BLAND,24315,1
BROADFORD,24316,1
CANA,24317,1
CHILHOWIE,24319,1
CRIPPLE CREEK,24322,1
CROCKETT,24323,1
DRAPER,24324,1
DUGSPUR,24325,1
ELK CREEK,24326,1
EMORY,24327,1
FANCY GAP,24328,1
FRIES,24330,1
GALAX,24333,1
GLADE SPRING,24340,1
HIWASSEE,24347,1
IVANHOE,24350,1
LAMBSBURG,24351,1
LAUREL FORK,24352,1
MAX MEADOWS,24360,1
MEADOWVIEW,24361,1
MOUTH OF WILSON,24363,1
ROCKY GAP,24366,1
RURAL RETREAT,24368,1
SALTVILLE,24370,1
SEVEN MILE FORD,24373,1
SPEEDWELL,24374,1
TROUT DALE,24378,1
VOLNEY,24379,1
WOODLAWN,24381,1
WYTHEVILLE,24382,1
AUGUSTA SPRINGS,24411,1
BACOVA,24412,1
BLUE GRASS,24413,1
BROWNSBURG,24415,1
CLIFTON FORGE,24422,1
CRAIGSVILLE,24430,1
CRIMORA,24431,1
DOE HILL,24433,1
FORT DEFIANCE,24437,1
GLEN WILTON,24438,1
GROTTOES,24441,1
HEAD WATERS,24442,1
HOT SPRINGS,24445,1
IRON GATE,24448,1
LOW MOOR,24457,1
MC DOWELL,24458,1
MIDDLEBROOK,24459,1
MILLBORO,24460,1
MINT SPRING,24463,1
MONTEBELLO,24464,1
MOUNT SIDNEY,24467,1
MUSTOE,24468,1
RAPHINE,24472,1
ROCKBRIDGE BATHS,24473,1
STEELES TAVERN,24476,1
STUARTS DRAFT,24477,1
SWOOPE,24479,1
VESUVIUS,24483,1
WARM SPRINGS,24484,1
WEST AUGUSTA,24485,1
WEYERS CAVE,24486,1
ALTAVISTA,24517,1
APPOMATTOX,24522,1
BIG ISLAND,24526,1
BLAIRS,24527,1
BROOKNEAL,24528,1
BUFFALO JUNCTION,24529,1
CALLANDS,24530,1
CLOVER,24534,1
CLUSTER SPRINGS,24535,1
COLEMAN FALLS,24536,1
CRYSTAL HILL,24539,1
DRY FORK,24549,1
EVINGTON,24550,1
FOREST,24551,1
GLADYS,24554,1
GOODE,24556,1
HOWARDSVILLE,24562,1
HURT,24563,1
JAVA,24565,1
KEELING,24566,1
LOWRY,24570,1
LYNCH STATION,24571,1
MADISON HEIGHTS,24572,1
NARUNA,24576,1
NATHALIE,24577,1
NATURAL BRIDGE STATION,24579,1
REPUBLICAN GROVE,24585,1
RUSTBURG,24588,1
SOUTH BOSTON,24592,1
SPOUT SPRING,24593,1
SUTHERLIN,24594,1
SWEET BRIAR,24595,1
VERNON HILL,24597,1
VIRGILINA,24598,1
WINGINA,24599,1
AMONATE,24601,1
BANDY,24602,1
BIG ROCK,24603,1
BLUEFIELD,24605,1
BOISSEVAIN,24606,1
BREAKS,24607,1
BURKES GARDEN,24608,1
CEDAR BLUFF,24609,1
DORAN,24612,1
FALLS MILLS,24613,1
GRUNDY,24614,1
HARMAN,24618,1
HORSEPEN,24619,1
JEWELL RIDGE,24622,1
KEEN MOUNTAIN,24624,1
MAVISDALE,24627,1
MAXIE,24628,1
NORTH TAZEWELL,24630,1
OAKWOOD,24631,1
PILGRIMS KNOB,24634,1
POCAHONTAS,24635,1
POUNDING MILL,24637,1
RAVEN,24639,1
RED ASH,24640,1
RICHLANDS,24641,1
SHORTT GAP,24647,1
SWORDS CREEK,24649,1
TAZEWELL,24651,1
VANSANT,24656,1
WHITEWOOD,24657,1
WOLFORD,24658,1
BEESON,24714,1
BRAMWELL,24715,1
BUD,24716,1
COVEL,24719,1
HIAWATHA,24729,1
KEGLEY,24731,1
KELLYSVILLE,24732,1
LASHMEET,24733,1
MATOAKA,24736,1
MONTCALM,24737,1
NEMOURS,24738,1
OAKVALE,24739,1
ROCK,24747,1
WOLFE,24751,1
WELCH,24801,1
ANAWALT,24808,1
BARTLEY,24813,1
BERWIND,24815,1
BIG SANDY,24816,1
BRADSHAW,24817,1
BRENTON,24818,1
CAPELS,24820,1
CARETTA,24821,1
CLEAR FORK,24822,1
COAL MOUNTAIN,24823,1
COALWOOD,24824,1
CRUMPLER,24825,1
CUCUMBER,24826,1
DAVY,24828,1
ECKMAN,24829,1
ELBERT,24830,1
ELKHORN,24831,1
ENGLISH,24832,1
FANROCK,24834,1
HAVACO,24841,1
HEMPHILL,24842,1
HENSLEY,24843,1
IAEGER,24844,1
IKES FORK,24845,1
ISABAN,24846,1
ITMANN,24847,1
JENKINJONES,24848,1
JESSE,24849,1
JOLO,24850,1
JUSTICE,24851,1
KEYSTONE,24852,1
KIMBALL,24853,1
KOPPERSTON,24854,1
KYLE,24855,1
LECKIE,24856,1
LYNCO,24857,1
MATHENY,24860,1
MAYBEURY,24861,1
NEW RICHMOND,24867,1
NORTHFORK,24868,1
NORTH SPRING,24869,1
OCEANA,24870,1
PAGETON,24871,1
PANTHER,24872,1
PAYNESVILLE,24873,1
PREMIER,24878,1
RAYSAL,24879,1
ROCK VIEW,24880,1
RODERFIELD,24881,1
SIMON,24882,1
SKYGUSTY,24883,1
SQUIRE,24884,1
SWITCHBACK,24887,1
THORPE,24888,1
TWIN BRANCH,24889,1
WAR,24892,1
WARRIORMINE,24894,1
WILCOE,24895,1
WOLF PEN,24896,1
WORTH,24897,1
FAIRLEA,24902,1
ALDERSON,24910,1
ARBOVALE,24915,1
AUTO,24917,1
BALLARD,24918,1
BALLENGEE,24919,1
BUCKEYE,24924,1
CASS,24927,1
CRAWLEY,24931,1
DUNMORE,24934,1
FORT SPRING,24936,1
GAP MILLS,24941,1
GLACE,24942,1
GRASSY MEADOWS,24943,1
GREEN BANK,24944,1
KIEFFER,24950,1
LINDSIDE,24951,1
MARLINTON,24954,1
MAXWELTON,24957,1
MEADOW BLUFF,24958,1
NEOLA,24961,1
PENCE SPRINGS,24962,1
PETERSTOWN,24963,1
RENICK,24966,1
RONCEVERTE,24970,1
SECONDCREEK,24974,1
SINKS GROVE,24976,1
SMOOT,24977,1
TALCOTT,24981,1
WAITEVILLE,24984,1
WAYSIDE,24985,1
WOLFCREEK,24993,1
ALLOY,25002,1
ALUM CREEK,25003,1
AMEAGLE,25004,1
AMMA,25005,1
ARNETT,25007,1
ARTIE,25008,1
BALD KNOB,25010,1
BANCROFT,25011,1
BELLE,25015,1
BENTREE,25018,1
BICKMORE,25019,1
BIM,25021,1
BLOOMINGROSE,25024,1
BLOUNT,25025,1
BLUE CREEK,25026,1
BOB WHITE,25028,1
BOMONT,25030,1
BOOMER,25031,1
CABIN CREEK,25035,1
CANNELTON,25036,1
CHARLTON HEIGHTS,25040,1
CLEAR CREEK,25044,1
CLENDENIN,25045,1
CLIO,25046,1
CLOTHIER,25047,1
COLCORD,25048,1
COMFORT,25049,1
COSTA,25051,1
DAWES,25054,1
DEEP WATER,25057,1
DIXIE,25059,1
DRYBRANCH,25061,1
DRY CREEK,25062,1
DUCK,25063,1
EAST BANK,25067,1
ELEANOR,25070,1
ELKVIEW,25071,1
ESKDALE,25075,1
ETHEL,25076,1
FALLING ROCK,25079,1
FRAZIERS BOTTOM,25082,1
GALLAGHER,25083,1
GAULEY BRIDGE,25085,1
GLEN FERRIS,25090,1
GRIMMS LANDING,25095,1
HANDLEY,25102,1
HANSFORD,25103,1
HERNSHAW,25107,1
HEWETT,25108,1
HOMETOWN,25109,1
HUGHESTON,25110,1
INDORE,25111,1
INSTITUTE,25112,1
IVYDALE,25113,1
JEFFREY,25114,1
KANAWHA FALLS,25115,1
KIMBERLY,25118,1
KINCAID,25119,1
LAKE,25121,1
LEEWOOD,25122,1
LIZEMORES,25125,1
MAYSEL,25133,1
MOUNT CARBON,25139,1
NAOMA,25140,1
NEBO,25141,1
NELLIS,25142,1
NITRO,25143,1
OHLEY,25147,1
ORGAS,25148,1
OTTAWA,25149,1
OVAPA,25150,1
PAGE,25152,1
PEYTONA,25154,1
PINCH,25156,1
POCA,25159,1
POND GAP,25160,1
POWELLTON,25161,1
PRATT,25162,1
PROCIOUS,25164,1
RIDGEVIEW,25169,1
ROBSON,25173,1
ROCK CREEK,25174,1
SAXON,25180,1
SETH,25181,1
SHARPLES,25183,1
MOUNT OLIVE,25185,1
SMITHERS,25186,1
SOUTHSIDE,25187,1
SYLVESTER,25193,1
TAD,25201,1
TORNADO,25202,1
TWILIGHT,25204,1
UNEEDA,25205,1
VAN,25206,1
WIDEN,25211,1
WINIFREDE,25214,1
ADVENT,25231,1
ARNOLDSBURG,25234,1
CHLOE,25235,1
COTTAGEVILLE,25239,1
EVANS,25241,1
GANDEEVILLE,25243,1
GAY,25244,1
GIVEN,25245,1
KENNA,25248,1
LAKIN,25250,1
LEFT HAND,25251,1
LETART,25253,1
LOCKNEY,25258,1
LOONEYVILLE,25259,1
MASON,25260,1
MILLSTONE,25261,1
MOUNT ALTO,25264,1
NORMANTOWN,25267,1
ORMA,25268,1
REEDY,25270,1
SANDYVILLE,25275,1
STATTS MILLS,25279,1
TARIFF,25281,1
VALLEY FORK,25283,1
WALLBACK,25285,1
BAKERTON,25410,1
BERKELEY SPRINGS,25411,1
BUNKER HILL,25413,1
CHARLES TOWN,25414,1
FALLING WATERS,25419,1
GERRARDSTOWN,25420,1
GLENGARY,25421,1
GREAT CACAPON,25422,1
HALLTOWN,25423,1
HARPERS FERRY,25425,1
HEDGESVILLE,25427,1
LEVELS,25431,1
PAW PAW,25434,1
POINTS,25437,1
RANSON,25438,1
RIPPON,25441,1
SHENANDOAH JUNCTION,25442,1
SHEPHERDSTOWN,25443,1
SLANESVILLE,25444,1
SUMMIT POINT,25446,1
ALKOL,25501,1
APPLE GROVE,25502,1
BIG CREEK,25505,1
BRANCHLAND,25506,1
CEREDO,25507,1
CHAPMANVILLE,25508,1
CULLODEN,25510,1
DUNLOW,25511,1
EAST LYNN,25512,1
FORT GAY,25514,1
GALLIPOLIS FERRY,25515,1
GLENHAYES,25519,1
GRIFFITHSVILLE,25521,1
HARTS,25524,1
HURRICANE,25526,1
KENOVA,25530,1
KIAHSVILLE,25534,1
LAVALETTE,25535,1
LESAGE,25537,1
MIDKIFF,25540,1
MYRA,25544,1
ONA,25545,1
PECKS MILL,25547,1
PRICHARD,25555,1
RANGER,25557,1
SALT ROCK,25559,1
SCOTT DEPOT,25560,1
SHOALS,25562,1
SOD,25564,1
SPURLOCKVILLE,25565,1
SUMERCO,25567,1
TEAYS,25569,1
WEST HAMLIN,25571,1
YAWKEY,25573,1
ACCOVILLE,25606,1
AMHERSTDALE,25607,1
BAISDEN,25608,1
BRUNO,25611,1
CHAUNCEY,25612,1
CORA,25614,1
DAVIN,25617,1
HENLAWSON,25624,1
KISTLER,25628,1
LORADO,25630,1
LYBURN,25632,1
MAN,25635,1
MONAVILLE,25636,1
MOUNT GAY,25637,1
OMAR,25638,1
PEACH CREEK,25639,1
SARAH ANN,25644,1
STIRRAT,25645,1
STOLLINGS,25646,1
SWITZER,25647,1
VERDUNVILLE,25649,1
VERNER,25650,1
WHARNCLIFFE,25651,1
WILKINSON,25653,1
YOLYN,25654,1
BORDERLAND,25665,1
BREEDEN,25666,1
CHATTAROY,25667,1
CRUM,25669,1
DELBARTON,25670,1
DINGESS,25671,1
EDGARTON,25672,1
KERMIT,25674,1
LENORE,25676,1
MATEWAN,25678,1
MEADOR,25682,1
NOLAN,25687,1
NORTH MATEWAN,25688,1
RAGLAND,25690,1
RAWL,25691,1
RED JACKET,25692,1
THACKER,25694,1
VARNEY,25696,1
VULCAN,25697,1
WILSONDALE,25699,1
ALLEN JUNCTION,25810,1
AMIGO,25811,1
ANSTED,25812,1
BLUE JAY,25816,1
BOLT,25817,1
CAMP CREEK,25820,1
COAL CITY,25823,1
COOL RIDGE,25825,1
CORINNE,25826,1
CRAB ORCHARD,25827,1
DANESE,25831,1
DANIELS,25832,1
ECCLES,25836,1
FAIRDALE,25839,1
FLAT TOP,25841,1
GLEN DANIEL,25844,1
GLEN FORK,25845,1
GLEN JEAN,25846,1
GLEN MORGAN,25847,1
GLEN ROGERS,25848,1
GLEN WHITE,25849,1
HARPER,25851,1
HICO,25854,1
HILLTOP,25855,1
JONBEN,25856,1
KILSYTH,25859,1
LANARK,25860,1
LAYLAND,25864,1
LESTER,25865,1
LOCHGELLY,25866,1
LOOKOUT,25868,1
MABEN,25870,1
MABSCOTT,25871,1
MAC ARTHUR,25873,1
MC GRAWS,25875,1
SAULSVILLE,25876,1
MOUNT HOPE,25880,1
MULLENS,25882,1
ODD,25902,1
PAX,25904,1
PINEY VIEW,25906,1
PRINCE,25907,1
PRINCEWICK,25908,1
RAVENCLIFF,25913,1
REDSTAR,25914,1
RHODELL,25915,1
SABINE,25916,1
SCARBRO,25917,1
SHADY SPRING,25918,1
SKELTON,25919,1
SLAB FORK,25920,1
SOPHIA,25921,1
SPANISHBURG,25922,1
SPRAGUE,25926,1
STANAFORD,25927,1
SUMMERLEE,25931,1
SURVEYOR,25932,1
TERRY,25934,1
THURMOND,25936,1
WINONA,25942,1
WYCO,25943,1
CHARMCO,25958,1
CRICHTON,25961,1
RAINELLE,25962,1
GREEN SULPHUR SPRINGS,25966,1
HINES,25967,1
JUMPING BRANCH,25969,1
LERONA,25971,1
LESLIE,25972,1
MEADOW BRIDGE,25976,1
MEADOW CREEK,25977,1
NIMITZ,25978,1
PIPESTEM,25979,1
QUINWOOD,25981,1
SANDSTONE,25985,1
SPRING DALE,25986,1
TRUE,25988,1
WHITE OAK,25989,1
WHEELING,26003,1
BEECH BOTTOM,26030,1
BENWOOD,26031,1
COLLIERS,26035,1
FOLLANSBEE,26037,1
GLEN DALE,26038,1
GLEN EASTON,26039,1
MC MECHEN,26040,1
MOUNDSVILLE,26041,1
NEW MANCHESTER,26056,1
SHORT CREEK,26058,1
TRIADELPHIA,26059,1
VALLEY GROVE,26060,1
WEIRTON,26062,1
WEST LIBERTY,26074,1
WINDSOR HEIGHTS,26075,1
BENS RUN,26135,1
BIG BEND,26136,1
BIG SPRINGS,26137,1
BROHARD,26138,1
CRESTON,26141,1
DAVISVILLE,26142,1
FRIENDLY,26146,1
MACFARLAN,26148,1
MIDDLEBOURNE,26149,1
MOUNT ZION,26151,1
MUNDAY,26152,1
NEW MARTINSVILLE,26155,1
PADEN CITY,26159,1
PETROLEUM,26161,1
PORTERS FALLS,26162,1
RAVENSWOOD,26164,1
READER,26167,1
SISTERSVILLE,26175,1
SMITHVILLE,26178,1
WALKER,26180,1
WILEYVILLE,26186,1
BUCKHANNON,26201,1
FENWICK,26202,1
ERBACON,26203,1
COWEN,26206,1
CAMDEN ON GAULEY,26208,1
SNOWSHOE,26209,1
DIANA,26217,1
FRENCH CREEK,26218,1
FRENCHTON,26219,1
HACKER VALLEY,26222,1
HELVETIA,26224,1
KANAWHA HEAD,26228,1
LORENTZ,26229,1
PICKENS,26230,1
ROCK CAVE,26234,1
TALLMANSVILLE,26237,1
VOLGA,26238,1
BELINGTON,26250,1
BOWDEN,26254,1
COALTON,26257,1
DAILEY,26259,1
DRYFORK,26263,1
DURBIN,26264,1
UPPERGLADE,26266,1
ELLAMORE,26267,1
GLADY,26268,1
HAMBLETON,26269,1
HENDRICKS,26271,1
HUTTONSVILLE,26273,1
JUNIOR,26275,1
KERENS,26276,1
MABIE,26278,1
MONTERVILLE,26282,1
PARSONS,26287,1
WEBSTER SPRINGS,26288,1
SLATYFORK,26291,1
THOMAS,26292,1
VALLEY BEND,26293,1
VALLEY HEAD,26294,1
WHITMER,26296,1
BERGOO,26298,1
ALUM BRIDGE,26321,1
ANMOORE,26323,1
BLANDVILLE,26328,1
BROWNTON,26334,1
CENTER POINT,26339,1
COXS MILLS,26342,1
CRAWFORD,26343,1
ELLENBORO,26346,1
GALLOWAY,26349,1
GYPSY,26361,1
HEPZIBAH,26369,1
HORNER,26372,1
INDUSTRIAL,26375,1
IRELAND,26376,1
JACKSONBURG,26377,1
JANE LEW,26378,1
LINN,26384,1
LUMBERPORT,26386,1
MEADOWBROOK,26404,1
MOATSVILLE,26405,1
MOUNTAIN,26407,1
MOUNT CLARE,26408,1
NEW MILTON,26411,1
PENNSBORO,26415,1
PHILIPPI,26416,1
ROWLESBURG,26425,1
SAND FORK,26430,1
SHINNSTON,26431,1
SIMPSON,26435,1
SMITHBURG,26436,1
SPELTER,26438,1
TUNNELTON,26444,1
WALLACE,26448,1
WEST UNION,26456,1
WILSONBURG,26461,1
WYATT,26463,1
ALBRIGHT,26519,1
ARTHURDALE,26520,1
BLACKSVILLE,26521,1
BOOTH,26522,1
BRETZ,26524,1
BRUCETON MILLS,26525,1
CORE,26529,1
DELLSLOW,26531,1
EVERETTVILLE,26533,1
HAZELTON,26535,1
KINGWOOD,26537,1
MAIDSVILLE,26541,1
OSAGE,26543,1
PENTRESS,26544,1
PURSGLOVE,26546,1
BARRACKVILLE,26559,1
BAXTER,26560,1
COLFAX,26566,1
FOUR STATES,26572,1
GRANT TOWN,26574,1
HUNDRED,26575,1
IDAMAY,26576,1
KINGMONT,26578,1
MANNINGTON,26582,1
METZ,26585,1
MONTANA MINES,26586,1
RACHEL,26587,1
RIVESVILLE,26588,1
WADESTOWN,26589,1
WANA,26590,1
BIRCH RIVER,26610,1
COPEN,26615,1
DILLE,26617,1
EXCHANGE,26619,1
FLATWOODS,26621,1
FRAMETOWN,26623,1
GASSAWAY,26624,1
HEATERS,26627,1
LITTLE BIRCH,26629,1
NAPIER,26631,1
PERKINS,26634,1
SHOCK,26638,1
STRANGE CREEK,26639,1
WILSIE,26641,1
SUMMERSVILLE,26651,1
BELVA,26656,1
CANVAS,26662,1
DRENNEN,26667,1
JODIE,26674,1
KESLERS CROSS LANES,26675,1
LEIVASY,26676,1
MOUNT LOOKOUT,26678,1
MOUNT NEBO,26679,1
NALLEN,26680,1
NETTIE,26681,1
POOL,26684,1
SWISS,26690,1
BAYARD,26707,1
CAPON BRIDGE,26711,1
DELRAY,26714,1
EGLON,26716,1
ELK GARDEN,26717,1
FORT ASHBY,26719,1
GORMANIA,26720,1
GREEN SPRING,26722,1
KEYSER,26726,1
LAHMANSVILLE,26731,1
MEDLEY,26734,1
MOUNT STORM,26739,1
NEW CREEK,26743,1
PIEDMONT,26750,1
RIDGELEY,26753,1
RIO,26755,1
ROMNEY,26757,1
SHANKS,26761,1
TERRA ALTA,26764,1
WILEY FORD,26767,1
HIGH VIEW,26808,1
LOST CITY,26810,1
MATHIAS,26812,1
BLOOMERY,26817,1
CAPON SPRINGS,26823,1
JUNCTION,26824,1
MAYSVILLE,26833,1
MOOREFIELD,26836,1
MILAM,26838,1
OLD FIELDS,26845,1
WARDENSVILLE,26851,1
PURGITSVILLE,26852,1
CABINS,26855,1
YELLOW SPRING,26865,1
UPPER TRACT,26866,1
SENECA ROCKS,26884,1
ONEGO,26886,1
ADVANCE,27006,1
BELEWS CREEK,27009,1
BETHANIA,27010,1
CLEMMONS,27012,1
COOLEEMEE,27014,1
DOBSON,27017,1
EAST BEND,27018,1
GERMANTON,27019,1
HAMPTONVILLE,27020,1
KING,27021,1
LAWSONVILLE,27022,1
LOWGAP,27024,1
MAYODAN,27027,1
MOCKSVILLE,27028,1
PFAFFTOWN,27040,1
PILOT MOUNTAIN,27041,1
PINE HALL,27042,1
PINNACLE,27043,1
SILOAM,27047,1
STONEVILLE,27048,1
TOAST,27049,1
TOBACCOVILLE,27050,1
WALKERTOWN,27051,1
WALNUT COVE,27052,1
WOODLEAF,27054,1
YADKINVILLE,27055,1
ALAMANCE,27201,1
ALTAMAHAW,27202,1
BENNETT,27208,1
BISCOE,27209,1
BLANCH,27212,1
BONLEE,27213,1
BROWNS SUMMIT,27214,1
BYNUM,27228,1
CUMNOCK,27237,1
EAGLE SPRINGS,27242,1
EFLAND,27243,1
ELON COLLEGE,27244,1
ETHER,27247,1
GIBSONVILLE,27249,1
GOLDSTON,27252,1
GRAHAM,27253,1
GULF,27256,1
HAW RIVER,27258,1
HIGHFALLS,27259,1
JACKSON SPRINGS,27281,1
LEASBURG,27291,1
MC LEANSVILLE,27301,1
MEBANE,27302,1
MOUNT GILEAD,27306,1
PITTSBORO,27312,1
PLEASANT GARDEN,27313,1
PROSPECT HILL,27314,1
RAMSEUR,27316,1
RANDLEMAN,27317,1
ROBBINS,27325,1
RUFFIN,27326,1
SAXAPAHAW,27340,1
SEAGROVE,27341,1
SEMORA,27343,1
SILER CITY,27344,1
SNOW CAMP,27349,1
SOUTHMONT,27351,1
STALEY,27355,1
STAR,27356,1
STOKESDALE,27357,1
SWEPSONVILLE,27359,1
TRINITY,27370,1
WALLBURG,27373,1
WEST END,27376,1
WHITSETT,27377,1
YANCEYVILLE,27379,1
ANGIER,27501,1
APEX,27502,1
BAHAMA,27503,1
BUIES CREEK,27506,1
BULLOCK,27507,1
BUNN,27508,1
BUTNER,27509,1
CARRBORO,27510,1
COATS,27521,1
FOUR OAKS,27524,1
FRANKLINTON,27525,1
FUQUAY VARINA,27526,1
GARNER,27529,1
HURDLE MILLS,27541,1
KENLY,27542,1
KIPLING,27543,1
KITTRELL,27544,1
KNIGHTDALE,27545,1
LILLINGTON,27546,1
LOUISBURG,27549,1
MAMERS,27552,1
MANSON,27553,1
MICRO,27555,1
MONCURE,27559,1
NEW HILL,27562,1
NORLINA,27563,1
PINE LEVEL,27568,1
ROLESVILLE,27571,1
ROUGEMONT,27572,1
ROXBORO,27573,1
STEM,27581,1
STOVALL,27582,1
TIMBERLAKE,27583,1
TOWNSVILLE,27584,1
VAUGHAN,27586,1
WILLOW SPRING,27592,1
WILSONS MILLS,27593,1
ZEBULON,27597,1
AULANDER,27805,1
BAILEY,27807,1
BATTLEBORO,27809,1
BELHAVEN,27810,1
BELLARTHUR,27811,1
BLOUNTS CREEK,27814,1
CASTALIA,27816,1
CHOCOWINITY,27817,1
COMO,27818,1
CONETOE,27819,1
EDWARD,27821,1
ELM CITY,27822,1
ENGELHARD,27824,1
EVERETTS,27825,1
FALKLAND,27827,1
FOUNTAIN,27829,1
GARYSBURG,27831,1
GASTON,27832,1
GRIMESLAND,27837,1
GUMBERRY,27838,1
HASSELL,27841,1
HENRICO,27842,1
HOBGOOD,27843,1
KELFORD,27847,1
LEWISTON WOODVILLE,27849,1
LUCAMA,27851,1
MACCLESFIELD,27852,1
MARGARETTSVILLE,27853,1
OAK CITY,27857,1
PANTEGO,27860,1
PARMELE,27861,1
PENDLETON,27862,1
PINETOPS,27864,1
PINETOWN,27865,1
PLEASANT HILL,27866,1
POTECASI,27867,1
RICH SQUARE,27869,1
ROANOKE RAPIDS,27870,1
ROBERSONVILLE,27871,1
ROXOBEL,27872,1
SCOTLAND NECK,27874,1
SEABOARD,27876,1
SIMS,27880,1
SPEED,27881,1
SPRING HOPE,27882,1
STANTONSBURG,27883,1
STOKES,27884,1
SWANQUARTER,27885,1
TARBORO,27886,1
TILLERY,27887,1
WALSTONBURG,27888,1
WELDON,27890,1
WHITAKERS,27891,1
WILLIAMSTON,27892,1
AHOSKIE,27910,1
AYDLETT,27916,1
BARCO,27917,1
COFIELD,27922,1
COINJOCK,27923,1
COLERAIN,27924,1
CORAPEAKE,27926,1
COROLLA,27927,1
CRESWELL,27928,1
CURRITUCK,27929,1
DURANTS NECK,27930,1
EDENTON,27932,1
EURE,27935,1
GATES,27937,1
GRANDY,27939,1
HARBINGER,27941,1
HARRELLSVILLE,27942,1
HATTERAS,27943,1
HERTFORD,27944,1
HOBBSVILLE,27946,1
JARVISBURG,27947,1
KILL DEVIL HILLS,27948,1
KITTY HAWK,27949,1
KNOTTS ISLAND,27950,1
MANNS HARBOR,27953,1
MANTEO,27954,1
MAPLE,27956,1
MERRY HILL,27957,1
MOYOCK,27958,1
NAGS HEAD,27959,1
OCRACOKE,27960,1
POINT HARBOR,27964,1
POPLAR BRANCH,27965,1
POWELLS POINT,27966,1
POWELLSVILLE,27967,1
RODANTHE,27968,1
RODUCO,27969,1
ROPER,27970,1
SALVO,27972,1
SHAWBORO,27973,1
SOUTH MILLS,27976,1
STUMPY POINT,27978,1
TYNER,27980,1
WANCHESE,27981,1
WAVES,27982,1
WINFALL,27985,1
WINTON,27986,1
ALEXIS,28006,1
ANSONVILLE,28007,1
BADIN,28009,1
BARIUM SPRINGS,28010,1
BESSEMER CITY,28016,1
BOSTIC,28018,1
CAROLEEN,28019,1
CASAR,28020,1
CHINA GROVE,28023,1
CLIFFSIDE,28024,1
CORNELIUS,28031,1
CRAMERTON,28032,1
CROUSE,28033,1
DAVIDSON,28036,1
EARL,28038,1
EAST SPENCER,28039,1
FAITH,28041,1
GOLD HILL,28071,1
GRANITE QUARRY,28072,1
HIGH SHOALS,28077,1
INDIAN TRAIL,28079,1
IRON STATION,28080,1
KINGS MOUNTAIN,28086,1
LANDIS,28088,1
LATTIMORE,28089,1
LILESVILLE,28091,1
LOCUST,28097,1
MC ADENVILLE,28101,1
MC FARLAN,28102,1
MARSHVILLE,28103,1
MISENHEIMER,28109,1
MOORESBORO,28114,1
MORVEN,28119,1
MOUNT MOURNE,28123,1
MOUNT ULLA,28125,1
OAKBORO,28129,1
PAW CREEK,28130,1
PEACHLAND,28133,1
POLKTON,28135,1
POLKVILLE,28136,1
ROCKWELL,28138,1
RUTHERFORDTON,28139,1
SPINDALE,28160,1
STANFIELD,28163,1
TROUTMAN,28166,1
UNION MILLS,28167,1
VALE,28168,1
WADESBORO,28170,1
WAXHAW,28173,1
POPE A F B,28308,1
AUTRYVILLE,28318,1
BLADENBORO,28320,1
BUNNLEVEL,28323,1
CALYPSO,28325,1
ELLERBE,28338,1
ERWIN,28339,1
FAISON,28341,1
FALCON,28342,1
GODWIN,28344,1
HAMLET,28345,1
HOFFMAN,28347,1
HOPE MILLS,28348,1
KENANSVILLE,28349,1
LAKEVIEW,28350,1
LAUREL HILL,28351,1
LEMON SPRINGS,28355,1
LUMBER BRIDGE,28357,1
MCCAIN,28361,1
MARSTON,28363,1
MAXTON,28364,1
NEWTON GROVE,28366,1
OLIVIA,28368,1
ORRUM,28369,1
PINEBLUFF,28373,1
PROCTORVILLE,28375,1
RAEFORD,28376,1
RED SPRINGS,28377,1
REX,28378,1
ROSEBORO,28382,1
SAINT PAULS,28384,1
SALEMBURG,28385,1
SHANNON,28386,1
STEDMAN,28391,1
TAR HEEL,28392,1
TURKEY,28393,1
VASS,28394,1
WADE,28395,1
WAGRAM,28396,1
ASH,28420,1
BOLIVIA,28422,1
BURGAW,28425,1
CAROLINA BEACH,28428,1
CASTLE HAYNE,28429,1
CERRO GORDO,28430,1
CHADBOURN,28431,1
CLARKTON,28433,1
COUNCIL,28434,1
CURRIE,28435,1
DELCO,28436,1
FAIR BLUFF,28439,1
HALLSBORO,28442,1
HARRELLS,28444,1
HOLLY RIDGE,28445,1
INGOLD,28446,1
KELLY,28448,1
KURE BEACH,28449,1
LAKE WACCAMAW,28450,1
LELAND,28451,1
MAPLE HILL,28454,1
NAKINA,28455,1
RIEGELWOOD,28456,1
SNEADS FERRY,28460,1
SUPPLY,28462,1
TABOR CITY,28463,1
TEACHEY,28464,1
OAK ISLAND,28465,1
CALABASH,28467,1
SUNSET BEACH,28468,1
OCEAN ISLE BEACH,28469,1
WATHA,28471,1
WHITEVILLE,28472,1
WINNABOW,28479,1
WRIGHTSVILLE BEACH,28480,1
ALLIANCE,28509,1
ARAPAHOE,28510,1
AYDEN,28513,1
BAYBORO,28515,1
BEULAVILLE,28518,1
CEDAR ISLAND,28520,1
CHINQUAPIN,28521,1
COVE CITY,28523,1
DEEP RUN,28525,1
ERNUL,28527,1
GRANTSBORO,28529,1
GRIFTON,28530,1
HARKERS ISLAND,28531,1
HAVELOCK,28532,1
CHERRY POINT,28533,1
HOBUCKEN,28537,1
HOOKERTON,28538,1
HUBERT,28539,1
TARAWA TERRACE,28543,1
MIDWAY PARK,28544,1
MCCUTCHEON FIELD,28545,1
LOWLAND,28552,1
MARSHALLBERG,28553,1
MAURY,28554,1
MERRITT,28556,1
MOREHEAD CITY,28557,1
ORIENTAL,28571,1
PINK HILL,28572,1
POLLOCKSVILLE,28573,1
SALTER PATH,28575,1
SEALEVEL,28577,1
SEVEN SPRINGS,28578,1
STELLA,28582,1
STONEWALL,28583,1
SWANSBORO,28584,1
VANDEMERE,28587,1
EMERALD ISLE,28594,1
BANNER ELK,28604,1
BLOWING ROCK,28605,1
COLLETTSVILLE,28611,1
CONNELLYS SPRINGS,28612,1
CONOVER,28613,1
CROSSNORE,28616,1
DEEP GAP,28618,1
DREXEL,28619,1
ELKIN,28621,1
ELK PARK,28622,1
ENNICE,28623,1
FERGUSON,28624,1
GLADE VALLEY,28627,1
GLEN ALPINE,28628,1
GLENDALE SPRINGS,28629,1
GRANITE FALLS,28630,1
GRASSY CREEK,28631,1
HAYS,28635,1
HIDDENITE,28636,1
HILDEBRAN,28637,1
JONAS RIDGE,28641,1
LAUREL SPRINGS,28644,1
LINVILLE FALLS,28647,1
MC GRADY,28649,1
MAIDEN,28650,1
MILLERS CREEK,28651,1
MORAVIAN FALLS,28654,1
NEWLAND,28657,1
OLIN,28660,1
PINEOLA,28662,1
PINEY CREEK,28663,1
PLUMTREE,28664,1
PURLEAR,28665,1
ICARD,28666,1
RHODHISS,28667,1
ROARING GAP,28668,1
ROARING RIVER,28669,1
RONDA,28670,1
RUTHERFORD COLLEGE,28671,1
SCOTTVILLE,28672,1
SHERRILLS FORD,28673,1
STATE ROAD,28676,1
TAYLORSVILLE,28681,1
TRAPHILL,28685,1
TURNERSBURG,28688,1
UNION GROVE,28689,1
VALDESE,28690,1
VALLE CRUCIS,28691,1
VILAS,28692,1
WARRENSVILLE,28693,1
WEST JEFFERSON,28694,1
WILKESBORO,28697,1
ZIONVILLE,28698,1
SCOTTS,28699,1
BAKERSVILLE,28705,1
BALSAM,28707,1
BALSAM GROVE,28708,1
BARNARDSVILLE,28709,1
BAT CAVE,28710,1
BLACK MOUNTAIN,28711,1
BREVARD,28712,1
BRYSON CITY,28713,1
CANDLER,28715,1
CASHIERS,28717,1
CEDAR MOUNTAIN,28718,1
CHEROKEE,28719,1
CHIMNEY ROCK,28720,1
CULLOWHEE,28723,1
DANA,28724,1
DILLSBORO,28725,1
EAST FLAT ROCK,28726,1
EDNEYVILLE,28727,1
ENKA,28728,1
ETOWAH,28729,1
FLAT ROCK,28731,1
FLETCHER,28732,1
FONTANA DAM,28733,1
GERTON,28735,1
HAZELWOOD,28738,1
GREEN MOUNTAIN,28740,1
HORSE SHOE,28742,1
LAKE JUNALUSKA,28745,1
LAKE LURE,28746,1
LAKE TOXAWAY,28747,1
LITTLE SWITZERLAND,28749,1
MAGGIE VALLEY,28751,1
MICAVILLE,28755,1
MILL SPRING,28756,1
MONTREAT,28757,1
OLD FORT,28762,1
PENLAND,28765,1
PENROSE,28766,1
PISGAH FOREST,28768,1
ROBBINSVILLE,28771,1
ROSMAN,28772,1
SAPPHIRE,28774,1
SCALY MOUNTAIN,28775,1
SKYLAND,28776,1
SPRUCE PINE,28777,1
SWANNANOA,28778,1
SYLVA,28779,1
TRYON,28782,1
TUCKASEGEE,28783,1
TUXEDO,28784,1
WEAVERVILLE,28787,1
ZIRCONIA,28790,1
ANDREWS,28901,1
BRASSTOWN,28902,1
CULBERSON,28903,1
HAYESVILLE,28904,1
MURPHY,28906,1
WARNE,28909,1
ALCOLU,29001,1
BALLENTINE,29002,1
BAMBERG,29003,1
BATESBURG,29006,1
BETHUNE,29009,1
BLACKSTOCK,29014,1
BLYTHEWOOD,29016,1
BOWMAN,29018,1
CASSATT,29032,1
CAYCE,29033,1
CHAPIN,29036,1
CHAPPELLS,29037,1
COPE,29038,1
DALZELL,29040,1
DAVIS STATION,29041,1
EASTOVER,29044,1
ELLIOTT,29046,1
ELLOREE,29047,1
EUTAWVILLE,29048,1
GABLE,29051,1
GREELEYVILLE,29056,1
HEATH SPRINGS,29058,1
HOLLY HILL,29059,1
HORATIO,29062,1
IRMO,29063,1
JENKINSVILLE,29065,1
KERSHAW,29067,1
LIBERTY HILL,29074,1
LITTLE MOUNTAIN,29075,1
LUGOFF,29078,1
LYDIA,29079,1
EHRHARDT,29081,1
LODGE,29082,1
MC BEE,29101,1
MANNING,29102,1
MAYESVILLE,29104,1
MONETTA,29105,1
NEESES,29107,1
NEWBERRY,29108,1
NEW ZION,29111,1
PEAK,29122,1
PELION,29123,1
PINEWOOD,29125,1
POMARIA,29126,1
REMBERT,29128,1
RIDGE SPRING,29129,1
RION,29132,1
ROWESVILLE,29133,1
SAINT MATTHEWS,29135,1
SALLEY,29137,1
SILVERSTREET,29145,1
STATE PARK,29147,1
SUMMERTON,29148,1
SHAW A F B,29152,1
TIMMONSVILLE,29161,1
TURBEVILLE,29162,1
VANCE,29163,1
WAGENER,29164,1
WARD,29166,1
WEDGEFIELD,29168,1
WHITE ROCK,29177,1
WHITMIRE,29178,1
WINNSBORO,29180,1
CAMPOBELLO,29322,1
CHESNEE,29323,1
CONVERSE,29329,1
COWPENS,29330,1
CROSS ANCHOR,29331,1
CROSS HILL,29332,1
DRAYTON,29333,1
ENOREE,29335,1
FAIRFOREST,29336,1
FINGERVILLE,29338,1
GRAMLING,29348,1
INMAN,29349,1
JOANNA,29351,1
KINARDS,29355,1
LANDRUM,29356,1
LOCKHART,29364,1
LYMAN,29365,1
MOORE,29369,1
PACOLET,29372,1
PACOLET MILLS,29373,1
PAULINE,29374,1
REIDVILLE,29375,1
ROEBUCK,29376,1
STARTEX,29377,1
UNA,29378,1
WELLFORD,29385,1
WOODRUFF,29388,1
CHARLESTON AFB,29404,1
ADAMS RUN,29426,1
AWENDAW,29429,1
BETHERA,29430,1
BONNEAU,29431,1
CANADYS,29433,1
CORDESVILLE,29434,1
CROSS,29436,1
EDISTO ISLAND,29438,1
FOLLY BEACH,29439,1
GOOSE CREEK,29445,1
GREEN POND,29446,1
HARLEYVILLE,29448,1
HUGER,29450,1
ISLE OF PALMS,29451,1
JACKSONBORO,29452,1
LADSON,29456,1
MC CLELLANVILLE,29458,1
MONCKS CORNER,29461,1
PINOPOLIS,29469,1
RAVENEL,29470,1
REEVESVILLE,29471,1
RIDGEVILLE,29472,1
ROUND O,29474,1
SAINT STEPHEN,29479,1
SMOAKS,29481,1
SULLIVANS ISLAND,29482,1
WADMALAW ISLAND,29487,1
WALTERBORO,29488,1
WILLIAMS,29493,1
AYNOR,29511,1
BENNETTSVILLE,29512,1
BLENHEIM,29516,1
CADES,29518,1
CENTENARY,29519,1
CHERAW,29520,1
COWARD,29530,1
DILLON,29536,1
FLOYD DALE,29542,1
GALIVANTS FERRY,29544,1
GREEN SEA,29545,1
HAMER,29547,1
HEMINGWAY,29554,1
KINGSTREE,29556,1
LANE,29564,1
LATTA,29565,1
LITTLE RIVER,29566,1
LONGS,29568,1
LORIS,29569,1
MC COLL,29570,1
MINTURN,29573,1
MULLINS,29574,1
MURRELLS INLET,29576,1
NESMITH,29580,1
PAMPLICO,29583,1
PATRICK,29584,1
PAWLEYS ISLAND,29585,1
RAINS,29589,1
SALTERS,29590,1
SELLERS,29592,1
SOCIETY HILL,29593,1
TATUM,29594,1
BELTON,29627,1
CALHOUN FALLS,29628,1
CENTRAL,29630,1
CONESTEE,29636,1
DONALDS,29638,1
DUE WEST,29639,1
FAIR PLAY,29643,1
FOUNTAIN INN,29644,1
GRAY COURT,29645,1
HONEA PATH,29654,1
IVA,29655,1
LA FRANCE,29656,1
LONG CREEK,29658,1
LOWNDESVILLE,29659,1
MAULDIN,29662,1
MOUNTAIN REST,29664,1
NINETY SIX,29666,1
NORRIS,29667,1
PELZER,29669,1
SANDY SPRINGS,29677,1
SIX MILE,29682,1
SLATER,29683,1
STARR,29684,1
TAMASSEE,29686,1
TAYLORS,29687,1
TIGERVILLE,29688,1
TRAVELERS REST,29690,1
WALHALLA,29691,1
WARE SHOALS,29692,1
EDGEMOOR,29712,1
FORT LAWN,29714,1
HICKORY GROVE,29717,1
LANDO,29724,1
MC CONNELLS,29726,1
MOUNT CROGHAN,29727,1
PAGELAND,29728,1
VAN WYCK,29744,1
NEW ELLENTON,29809,1
BARNWELL,29812,1
HILDA,29813,1
BLACKVILLE,29817,1
CLARKS HILL,29821,1
EDGEFIELD,29824,1
GLOVERVILLE,29828,1
LANGLEY,29834,1
MODOC,29838,1
MONTMORENCI,29839,1
BEECH ISLAND,29842,1
OLAR,29843,1
PLUM BRANCH,29845,1
ULMER,29849,1
VAUCLUSE,29850,1
WARRENVILLE,29851,1
BLUFFTON,29910,1
BRUNSON,29911,1
COOSAWATCHIE,29912,1
CROCKETVILLE,29913,1
DAUFUSKIE ISLAND,29915,1
EARLY BRANCH,29916,1
ESTILL,29918,1
SAINT HELENA ISLAND,29920,1
FURMAN,29921,1
GARNETT,29922,1
HARDEEVILLE,29927,1
ISLANDTON,29929,1
LOBECO,29931,1
MILEY,29933,1
PINELAND,29934,1
SCOTIA,29939,1
TILLMAN,29943,1
VARNVILLE,29944,1
YEMASSEE,29945,1
AVONDALE ESTATES,30002,1
GRAYSON,30017,1
DACULA,30019,1
SUWANEE,30024,1
SOCIAL CIRCLE,30025,1
NEWBORN,30056,1
PORTERDALE,30070,1
PINE LAKE,30072,1
REDAN,30074,1
ADAIRSVILLE,30103,1
ARAGON,30104,1
ARMUCHEE,30105,1
BALL GROUND,30107,1
BOWDON,30108,1
BOWDON JUNCTION,30109,1
CLARKDALE,30111,1
LITHIA SPRINGS,30122,1
CAVE SPRING,30124,1
CEDARTOWN,30125,1
MABLETON,30126,1
POWDER SPRINGS,30127,1
COOSA,30129,1
ESOM HILL,30138,1
FAIRMOUNT,30139,1
LINDALE,30147,1
MARBLE HILL,30148,1
MOUNT BERRY,30149,1
ROCKMART,30153,1
ROOPVILLE,30170,1
RYDAL,30171,1
TALKING ROCK,30175,1
TALLAPOOSA,30176,1
TATE,30177,1
VILLA RICA,30180,1
WALESKA,30183,1
WHITESBURG,30185,1
WINSTON,30187,1
EXPERIMENT,30212,1
FAIRBURN,30213,1
FLOVILLA,30216,1
GLENN,30219,1
HARALSON,30229,1
HOGANSVILLE,30230,1
JENKINSBURG,30234,1
LOVEJOY,30250,1
LUTHERSVILLE,30251,1
MEANSVILLE,30256,1
MILNER,30257,1
MOLENA,30258,1
MORELAND,30259,1
ORCHARD HILL,30266,1
PEACHTREE CITY,30269,1
SARGENT,30275,1
SENOIA,30276,1
SUNNY SIDE,30284,1
THE ROCK,30285,1
CONLEY,30288,1
ELLENWOOD,30294,1
SWAINSBORO,30401,1
AILEY,30410,1
ALAMO,30411,1
ALSTON,30412,1
BELLVILLE,30414,1
BROOKLET,30415,1
CLAXTON,30417,1
COBBTOWN,30420,1
DAISY,30423,1
GLENNVILLE,30427,1
HAGAN,30429,1
METTER,30439,1
MIDVILLE,30441,1
MILLEN,30442,1
NUNEZ,30448,1
PORTAL,30450,1
REGISTER,30452,1
ROCKY FORD,30455,1
SARDIS,30456,1
SOPERTON,30457,1
STILLMORE,30464,1
TWIN CITY,30471,1
UVALDA,30473,1
WADLEY,30477,1
CHESTNUT MOUNTAIN,30502,1
BOWERSVILLE,30516,1
BRASELTON,30517,1
CANON,30520,1
CARNESVILLE,30521,1
CHERRYLOG,30522,1
CLARKESVILLE,30523,1
CORNELIA,30531,1
DAWSONVILLE,30534,1
DILLARD,30537,1
EASTANOLLEE,30538,1
EAST ELLIJAY,30539,1
ELLIJAY,30540,1
EPWORTH,30541,1
FLOWERY BRANCH,30542,1
GILLSVILLE,30543,1
HIAWASSEE,30546,1
HOSCHTON,30548,1
LAVONIA,30553,1
LULA,30554,1
MC CAYSVILLE,30555,1
MINERAL BLUFF,30559,1
MOUNTAIN CITY,30562,1
MURRAYVILLE,30564,1
PENDERGRASS,30567,1
RABUN GAP,30568,1
SAUTEE NACOOCHEE,30571,1
SUCHES,30572,1
TALLULAH FALLS,30573,1
TALMO,30575,1
TIGER,30576,1
TOCCOA,30577,1
TURNERVILLE,30580,1
WILEY,30581,1
YOUNG HARRIS,30582,1
TOCCOA FALLS,30598,1
ARNOLDSVILLE,30619,1
BOGART,30622,1
BOSTWICK,30623,1
BUCKHEAD,30625,1
COLBERT,30628,1
COMER,30629,1
DEWY ROSE,30634,1
ELBERTON,30635,1
GOOD HOPE,30641,1
HARTWELL,30643,1
ILA,30647,1
RAYLE,30660,1
ROYSTON,30662,1
RUTLEDGE,30663,1
STATHAM,30666,1
STEPHENS,30667,1
TIGNALL,30668,1
UNION POINT,30669,1
MAXEYS,30671,1
WATKINSVILLE,30677,1
WINDER,30680,1
CHICKAMAUGA,30707,1
CISCO,30708,1
COHUTTA,30710,1
CRANDALL,30711,1
ETON,30724,1
LYERLY,30730,1
MENLO,30731,1
OAKMAN,30732,1
RESACA,30735,1
RISING FAWN,30738,1
ROCK SPRING,30739,1
ROCKY FACE,30740,1
FORT OGLETHORPE,30742,1
SUGAR VALLEY,30746,1
LOOKOUT MOUNTAIN,30750,1
TENNGA,30751,1
TRION,30753,1
TUNNEL HILL,30755,1
VARNELL,30756,1
APPLING,30802,1
AVERA,30803,1
BONEVILLE,30806,1
CAMAK,30807,1
DEARING,30808,1
GOUGH,30811,1
GRACEWOOD,30812,1
GROVETOWN,30813,1
HEPHZIBAH,30815,1
MESENA,30819,1
MITCHELL,30820,1
STAPLETON,30823,1
THOMSON,30824,1
WRENS,30833,1
BOLINGBROKE,31004,1
BONAIRE,31005,1
BYROMVILLE,31007,1
CADWELL,31009,1
CLINCHFIELD,31013,1
COCHRAN,31014,1
DAVISBORO,31018,1
DRY BRANCH,31020,1
EASTMAN,31023,1
EATONTON,31024,1
FORSYTH,31029,1
HADDOCK,31033,1
HAWKINSVILLE,31036,1
IDEAL,31041,1
IRWINTON,31042,1
JEWELL,31045,1
JULIETTE,31046,1
KATHLEEN,31047,1
KITE,31049,1
LIZELLA,31052,1
MC RAE,31055,1
MARSHALLVILLE,31057,1
MAUK,31058,1
MUSELLA,31066,1
OCONEE,31067,1
OGLETHORPE,31068,1
PINEVIEW,31071,1
PITTS,31072,1
RENTZ,31075,1
REYNOLDS,31076,1
RHINE,31077,1
ROBERTA,31078,1
SANDERSVILLE,31082,1
SEVILLE,31084,1
SHADY DALE,31085,1
SMARR,31086,1
TENNILLE,31089,1
TOOMSBORO,31090,1
WARTHEN,31094,1
YATESVILLE,31097,1
CLYO,31303,1
ELLABELL,31308,1
GUYTON,31312,1
LUDOWICI,31316,1
MELDRIM,31318,1
POOLER,31322,1
RICEBORO,31323,1
SAPELO ISLAND,31327,1
TYBEE ISLAND,31328,1
WALTHOURVILLE,31333,1
AMBROSE,31512,1
BLACKSHEAR,31516,1
BROXTON,31519,1
SAINT SIMONS ISLAND,31522,1
JEKYLL ISLAND,31527,1
FOLKSTON,31537,1
HAZLEHURST,31539,1
HORTENSE,31543,1
KINGS BAY,31547,1
KINGSLAND,31548,1
LUMBER CITY,31549,1
MERSHON,31551,1
NAHUNTA,31553,1
NICHOLLS,31554,1
ODUM,31555,1
OFFERMAN,31556,1
SCREVEN,31560,1
SEA ISLAND,31561,1
SURRENCY,31563,1
WARESBORO,31564,1
WEST GREEN,31567,1
ADEL,31620,1
ALAPAHA,31622,1
AXSON,31624,1
BARNEY,31625,1
DU PONT,31630,1
HAHIRA,31632,1
HOMERVILLE,31634,1
LAKE PARK,31636,1
NAYLOR,31641,1
PEARSON,31642,1
QUITMAN,31643,1
RAY CITY,31645,1
STATENVILLE,31648,1
WILLACOOCHEE,31650,1
ANDERSONVILLE,31711,1
ARABI,31712,1
ATTAPULGUS,31715,1
BACONTON,31716,1
BARWICK,31720,1
BLAKELY,31723,1
BRINSON,31725,1
BRONWOOD,31726,1
CALVARY,31729,1
CAMILLA,31730,1
CEDAR SPRINGS,31732,1
CHULA,31733,1
COBB,31735,1
COLEMAN,31736,1
COLQUITT,31737,1
COOLIDGE,31738,1
COTTON,31739,1
CUTHBERT,31740,1
DE SOTO,31743,1
DOERUN,31744,1
DONALSONVILLE,31745,1
ELLENTON,31747,1
ENIGMA,31749,1
FITZGERALD,31750,1
FORT GAINES,31751,1
FOWLSTOWN,31752,1
FUNSTON,31753,1
HARTSFIELD,31756,1
IRON CITY,31759,1
IRWINVILLE,31760,1
JAKIN,31761,1
LEARY,31762,1
MEIGS,31765,1
NORMAN PARK,31771,1
OCHLOCKNEE,31773,1
OCILLA,31774,1
OMEGA,31775,1
PAVO,31778,1
PLAINS,31780,1
POULAN,31781,1
REBECCA,31783,1
SALE CITY,31784,1
SASSER,31785,1
SHELLMAN,31786,1
TY TY,31795,1
WHIGHAM,31797,1
WRAY,31798,1
BOX SPRINGS,31801,1
CATAULA,31804,1
CUSSETA,31805,1
ELLAVILLE,31806,1
FORTSON,31808,1
JUNCTION CITY,31812,1
LOUVALE,31814,1
LUMPKIN,31815,1
PINE MOUNTAIN,31822,1
PINE MOUNTAIN VALLEY,31823,1
TALBOTTON,31827,1
UPATOI,31829,1
WAVERLY HALL,31831,1
BRYCEVILLE,32009,1
CALLAHAN,32011,1
DAY,32013,1
DOCTORS INLET,32030,1
FORT WHITE,32038,1
GLEN SAINT MARY,32040,1
GREEN COVE SPRINGS,32043,1
HILLIARD,32046,1
JENNINGS,32053,1
LAKE BUTLER,32054,1
LAWTEY,32058,1
LULU,32061,1
MC ALPIN,32062,1
MACCLENNY,32063,1
O BRIEN,32071,1
OLUSTEE,32072,1
PENNEY FARMS,32079,1
RAIFORD,32083,1
SANDERSON,32087,1
STARKE,32091,1
WELLBORN,32094,1
WHITE SPRINGS,32096,1
ASTOR,32102,1
BARBERVILLE,32105,1
BUNNELL,32110,1
CITRA,32113,1
PORT ORANGE,32129,1
DE LEON SPRINGS,32130,1
EAST PALATKA,32131,1
EASTLAKE WEIR,32133,1
FORT MC COY,32134,1
GRANDIN,32138,1
FLORAHOME,32140,1
LAKE GENEVA,32160,1
PIERSON,32180,1
POMONA PARK,32181,1
ORANGE SPRINGS,32182,1
PUTNAM HALL,32185,1
SATSUMA,32189,1
SPARR,32192,1
WELAKA,32193,1
WEIRSDALE,32195,1
NEPTUNE BEACH,32266,1
CARRABELLE,32322,1
LANARK VILLAGE,32323,1
CHATTAHOOCHEE,32324,1
EASTPOINT,32328,1
HAVANA,32333,1
HOSFORD,32334,1
SUMATRA,32335,1
LAMONT,32336,1
LLOYD,32337,1
PANACEA,32346,1
PINETTA,32350,1
SAINT MARKS,32355,1
SOPCHOPPY,32358,1
STEINHATCHEE,32359,1
TELOGIA,32360,1
WACISSA,32361,1
MEXICO BEACH,32410,1
ALFORD,32420,1
ALTHA,32421,1
BASCOM,32423,1
BLOUNTSTOWN,32424,1
BONIFAY,32425,1
CAMPBELLTON,32426,1
CARYVILLE,32427,1
CHIPLEY,32428,1
COTTONDALE,32431,1
MOSSY HEAD,32434,1
EBRO,32437,1
GRACEVILLE,32440,1
GRAND RIDGE,32442,1
LYNN HAVEN,32444,1
KINARD,32449,1
NOMA,32452,1
POINT WASHINGTON,32454,1
PONCE DE LEON,32455,1
SANTA ROSA BEACH,32459,1
SNEADS,32460,1
ROSEMARY BCH,32461,1
WEWAHITCHKA,32465,1
BAGDAD,32530,1
CANTONMENT,32533,1
CENTURY,32535,1
MILLIGAN,32537,1
EGLIN AFB,32542,1
HURLBURT FIELD,32544,1
GONZALEZ,32560,1
HOLT,32564,1
NAVARRE,32566,1
MC DAVID,32568,1
MARY ESTHER,32569,1
MOLINO,32577,1
SHALIMAR,32579,1
ANTHONY,32617,1
ARCHER,32618,1
BELL,32619,1
BRONSON,32621,1
BROOKER,32622,1
CEDAR KEY,32625,1
CROSS CITY,32628,1
EARLETON,32631,1
EVINSTON,32633,1
GULF HAMMOCK,32639,1
HORSESHOE BEACH,32648,1
ISLAND GROVE,32654,1
KEYSTONE HEIGHTS,32656,1
LOCHLOOSA,32662,1
MC INTOSH,32664,1
MICANOPY,32667,1
MORRISTON,32668,1
ORANGE LAKE,32681,1
REDDICK,32686,1
SUWANNEE,32692,1
WALDO,32694,1
WORTHINGTON SPRINGS,32697,1
CHRISTMAS,32709,1
CLARCONA,32710,1
GOLDENROD,32733,1
LAKE HELEN,32744,1
LAKE MONROE,32747,1
MIMS,32754,1
OSTEEN,32764,1
PAISLEY,32767,1
SCOTTSMOOR,32775,1
TANGERINE,32777,1
TAVARES,32778,1
UMATILLA,32784,1
ZELLWOOD,32798,1
MID FLORIDA,32799,1
INDIALANTIC,32903,1
CAPE CANAVERAL,32920,1
PATRICK AFB,32925,1
SATELLITE BEACH,32937,1
FELLSMERE,32948,1
GRANT,32949,1
MALABAR,32950,1
MELBOURNE BEACH,32951,1
SHARPES,32959,1
WABASSO,32970,1
WINTER BEACH,32971,1
LONG KEY,33001,1
DANIA,33004,1
ISLAMORADA,33036,1
KEY LARGO,33037,1
SUMMERLAND KEY,33042,1
BIG PINE KEY,33043,1
SUGARLOAF SHORES,33044,1
KEY COLONY BEACH,33051,1
MARATHON SHORES,33052,1
TAVERNIER,33070,1
PEMBROKE PINES,33082,1
KEY BISCAYNE,33149,1
NORTH MIAMI BEACH,33160,1
NORTH PALM BEACH,33408,1
BELLE GLADE,33430,1
CANAL POINT,33438,1
CLEWISTON,33440,1
LAKE HARBOR,33459,1
LOXAHATCHEE,33470,1
MOORE HAVEN,33471,1
PAHOKEE,33476,1
PALM BEACH,33480,1
SOUTH BAY,33493,1
BALM,33503,1
BUSHNELL,33513,1
CENTER HILL,33514,1
CRYSTAL SPRINGS,33524,1
GIBSONTON,33534,1
LACOOCHEE,33537,1
LAKE PANASOFFKEE,33538,1
LITHIA,33547,1
MANGO,33550,1
RUSKIN,33570,1
APOLLO BEACH,33572,1
SAINT LEO,33574,1
SUMTERVILLE,33585,1
SYDNEY,33587,1
THONOTOSASSA,33592,1
TRILBY,33593,1
WIMAUMA,33598,1
BAY PINES,33744,1
CLEARWATER BEACH,33767,1
INDIAN ROCKS BEACH,33785,1
BELLEAIR BEACH,33786,1
ALTURAS,33820,1
EATON PARK,33840,1
FORT MEADE,33841,1
FROSTPROOF,33843,1
HIGHLAND CITY,33846,1
HOMELAND,33847,1
INTERCESSION CITY,33848,1
LAKE ALFRED,33850,1
LAKE HAMILTON,33851,1
FEDHAVEN,33854,1
INDIAN LAKE ESTATES,33855,1
NALCREST,33856,1
LORIDA,33857,1
LOUGHMAN,33858,1
MULBERRY,33860,1
RIVER RANCH,33867,1
POLK CITY,33868,1
WAUCHULA,33873,1
ZOLFO SPRINGS,33890,1
ALVA,33920,1
BOCA GRANDE,33921,1
BOKEELIA,33922,1
CAPTIVA,33924,1
EL JOBEAN,33927,1
ESTERO,33928,1
FELDA,33930,1
MURDOCK,33938,1
PLACIDA,33946,1
ROTONDA WEST,33947,1
SAINT JAMES CITY,33956,1
SANIBEL,33957,1
VANDERBILT BEACH,34107,1
COPELAND,34137,1
CHOKOLOSKEE,34138,1
EVERGLADES CITY,34139,1
GOODLAND,34140,1
OCHOPEE,34141,1
CORTEZ,34215,1
ANNA MARIA,34216,1
BRADENTON BEACH,34217,1
HOLMES BEACH,34218,1
PARRISH,34219,1
LONGBOAT KEY,34228,1
OSPREY,34229,1
TERRA CEIA,34250,1
MYAKKA CITY,34251,1
MANASOTA,34260,1
FORT OGDEN,34267,1
NOCATEE,34268,1
TALLEVAST,34270,1
FLORAL CITY,34436,1
HERNANDO,34442,1
HOLDER,34445,1
HOMOSASSA SPRINGS,34447,1
INGLIS,34449,1
YANKEETOWN,34498,1
ISTACHATTA,34636,1
LAND O LAKES,34639,1
OZONA,34660,1
NOBLETON,34661,1
OLDSMAR,34677,1
ARIPEKA,34679,1
ELFERS,34680,1
CRYSTAL BEACH,34681,1
SAFETY HARBOR,34695,1
ASTATULA,34705,1
FRUITLAND PARK,34731,1
GOTHA,34734,1
HOWEY IN THE HILLS,34737,1
KILLARNEY,34740,1
MASCOTTE,34753,1
MINNEOLA,34755,1
MONTVERDE,34756,1
OCOEE,34761,1
OKAHUMPKA,34762,1
WINDERMERE,34786,1
YALAHA,34797,1
INDIANTOWN,34956,1
PORT SALERNO,34992,1
ADGER,35006,1
ALABASTER,35007,1
ALLGOOD,35013,1
ARAB,35016,1
BAILEYTON,35019,1
BLOUNTSVILLE,35031,1
BON AIR,35032,1
BRENT,35034,1
BRIERFIELD,35035,1
BURNWELL,35038,1
CALERA,35040,1
CARDIFF,35041,1
CHILDERSBURG,35044,1
COLUMBIANA,35051,1
COOK SPRINGS,35052,1
CRANE HILL,35053,1
CROPWELL,35054,1
DOCENA,35060,1
DOLOMITE,35061,1
DORA,35062,1
EMPIRE,35063,1
FULTONDALE,35068,1
GARDENDALE,35071,1
GOODWATER,35072,1
HANCEVILLE,35077,1
HARPERSVILLE,35078,1
HAYDEN,35079,1
HOLLINS,35082,1
HOLLY POND,35083,1
JEMISON,35085,1
KELLYTON,35089,1
LOCUST FORK,35097,1
MC CALLA,35111,1
MARGARET,35112,1
MAYLENE,35114,1
MONTEVALLO,35115,1
MULGA,35118,1
ODENVILLE,35120,1
PALMERDALE,35123,1
PINSON,35126,1
PLEASANT GROVE,35127,1
REMLAP,35133,1
SILURIA,35144,1
STERRETT,35147,1
SUMITON,35148,1
THORSBY,35171,1
TRUSSVILLE,35173,1
VANDIVER,35176,1
VINCENT,35178,1
VINEMONT,35179,1
WARRIOR,35180,1
WATSON,35181,1
WEOGUFKA,35183,1
WEST BLOCTON,35184,1
WILSONVILLE,35186,1
ABERNANT,35440,1
ALICEVILLE,35442,1
BOLIGEE,35443,1
BROOKWOOD,35444,1
BUHL,35446,1
COALING,35449,1
COKER,35452,1
ECHOLA,35457,1
ELROD,35458,1
EMELLE,35459,1
EPES,35460,1
ETHELSVILLE,35461,1
EUTAW,35462,1
FOSTERS,35463,1
GORDO,35466,1
KELLERMAN,35468,1
MC SHAN,35471,1
MOUNDVILLE,35474,1
PANOLA,35477,1
PETERSON,35478,1
RALPH,35480,1
REFORM,35481,1
SAMANTHA,35482,1
WEST GREENE,35491,1
ARLEY,35541,1
BANKSTON,35542,1
BELK,35545,1
BERRY,35546,1
BRILLIANT,35548,1
CARBON HILL,35549,1
DOUBLE SPRINGS,35553,1
ELDRIDGE,35554,1
GOODSPRINGS,35560,1
GUIN,35563,1
HACKLEBURG,35564,1
HALEYVILLE,35565,1
NAUVOO,35578,1
PHIL CAMPBELL,35581,1
RED BAY,35582,1
SIPSEY,35584,1
SULLIGENT,35586,1
TOWNLEY,35587,1
VINA,35593,1
BELLE MINA,35615,1
ELKMONT,35620,1
EVA,35621,1
FALKVILLE,35622,1
HARTSELLE,35640,1
KILLEN,35645,1
LEIGHTON,35646,1
MOULTON,35650,1
TANNER,35671,1
TOWN CREEK,35672,1
TUSCUMBIA,35674,1
BROWNSBORO,35741,1
CAPSHAW,35742,1
ESTILLFORK,35745,1
FACKLER,35746,1
GURLEY,35748,1
HARVEST,35749,1
HAZEL GREEN,35750,1
HOLLYTREE,35751,1
LACEYS SPRING,35754,1
LANGSTON,35755,1
MERIDIANVILLE,35759,1
OWENS CROSS ROADS,35763,1
PAINT ROCK,35764,1
PISGAH,35765,1
RYLAND,35767,1
SECTION,35771,1
TONEY,35773,1
VALHERMOSO SPRINGS,35775,1
RAINBOW CITY,35906,1
ATTALLA,35954,1
CENTRE,35960,1
FYFFE,35971,1
GALLANT,35972,1
GAYLESVILLE,35973,1
GERALDINE,35974,1
GROVEOAK,35975,1
GUNTERSVILLE,35976,1
HENAGAR,35978,1
HIGDON,35979,1
HORTON,35980,1
IDER,35981,1
MENTONE,35984,1
RAINSVILLE,35986,1
STEELE,35987,1
WALNUT GROVE,35990,1
AUTAUGAVILLE,36003,1
BANKS,36005,1
BILLINGSLEY,36006,1
BRANTLEY,36009,1
BRUNDIDGE,36010,1
CHAPMAN,36015,1
COOSADA,36020,1
DEATSVILLE,36022,1
EAST TALLASSEE,36023,1
ECLECTIC,36024,1
ELMORE,36025,1
EQUALITY,36026,1
DOZIER,36028,1
FITZPATRICK,36029,1
FOREST HOME,36030,1
FORT DAVIS,36031,1
FORT DEPOSIT,36032,1
GEORGIANA,36033,1
GRADY,36036,1
GANTT,36038,1
HARDAWAY,36039,1
HAYNEVILLE,36040,1
HIGHLAND HOME,36041,1
HONORAVILLE,36042,1
HOPE HULL,36043,1
LAPINE,36046,1
LETOHATCHEE,36047,1
LUVERNE,36049,1
MOUNT MEIGS,36057,1
PEROTE,36061,1
PETREY,36062,1
PIKE ROAD,36064,1
RAMER,36069,1
SHORTER,36075,1
TALLASSEE,36078,1
TITUS,36080,1
TUSKEGEE,36083,1
VERBENA,36091,1
CHOCCOLOCCO,36254,1
CRAGFORD,36255,1
DAVISTON,36256,1
DE ARMANVILLE,36257,1
EASTABOGA,36260,1
FRUITHURST,36262,1
HEFLIN,36264,1
LINEVILLE,36266,1
MILLERVILLE,36267,1
MUNFORD,36268,1
MUSCADINE,36269,1
OHATCHEE,36271,1
RANBURNE,36273,1
SPRING GARDEN,36275,1
WEAVER,36277,1
WEDOWEE,36278,1
WELLINGTON,36279,1
ARITON,36311,1
BLACK,36314,1
CHANCELLOR,36316,1
CLOPTON,36317,1
COFFEE SPRINGS,36318,1
COTTONWOOD,36320,1
COWARTS,36321,1
HEADLAND,36345,1
JACK,36346,1
MIDLAND CITY,36350,1
NEW BROCKTON,36351,1
FORT RUCKER,36362,1
PANSEY,36370,1
PINCKARD,36371,1
SHORTERVILLE,36373,1
SKIPPERVILLE,36374,1
SLOCOMB,36375,1
WEBB,36376,1
ANDALUSIA,36420,1
BEATRICE,36425,1
BURNT CORN,36431,1
CASTLEBERRY,36432,1
COY,36435,1
EXCEL,36439,1
FLOMATON,36441,1
FLORALA,36442,1
FRISCO CITY,36445,1
GOODWAY,36449,1
GROVE HILL,36451,1
MC KENZIE,36456,1
MEGARGEL,36457,1
MEXIA,36458,1
OPP,36467,1
PERDUE HILL,36470,1
PETERMAN,36471,1
RANGE,36473,1
RED LEVEL,36474,1
REPTON,36475,1
RIVER FALLS,36476,1
SAMSON,36477,1
URIAH,36480,1
VREDENBURGH,36481,1
WHATLEY,36482,1
WING,36483,1
AXIS,36505,1
BAY MINETTE,36507,1
BAYOU LA BATRE,36509,1
BON SECOUR,36511,1
BUCKS,36512,1
CALVERT,36513,1
CHATOM,36518,1
CHUNCHULA,36521,1
CITRONELLE,36522,1
CODEN,36523,1
COFFEEVILLE,36524,1
CREOLA,36525,1
DAPHNE,36526,1
DAUPHIN ISLAND,36528,1
ELBERTA,36530,1
FRANKVILLE,36538,1
FRUITDALE,36539,1
GAINESTOWN,36540,1
GRAND BAY,36541,1
HUXFORD,36543,1
LILLIAN,36549,1
LOXLEY,36551,1
MAGNOLIA SPRINGS,36555,1
MALCOLM,36556,1
MILLRY,36558,1
ORANGE BEACH,36561,1
PERDIDO,36562,1
POINT CLEAR,36564,1
SAINT ELMO,36568,1
SAINT STEPHENS,36569,1
SALITPA,36570,1
SARALAND,36571,1
SEMMES,36575,1
SILVERHILL,36576,1
SUNFLOWER,36581,1
TIBBIE,36583,1
VINEGAR BEND,36584,1
WAGARVILLE,36585,1
WALKER SPRINGS,36586,1
WILMER,36587,1
EIGHT MILE,36613,1
ANNEMANIE,36721,1
BOYKIN,36723,1
CATHERINE,36728,1
DEMOPOLIS,36732,1
DIXONS MILLS,36736,1
FAUNSDALE,36738,1
FORKLAND,36740,1
GALLION,36742,1
JONES,36749,1
MAPLESVILLE,36750,1
LOWER PEACH TREE,36751,1
LOWNDESBORO,36752,1
MC WILLIAMS,36753,1
PLANTERSVILLE,36758,1
MARION JUNCTION,36759,1
MINTER,36761,1
MORVIN,36762,1
MYRTLEWOOD,36763,1
NANAFALIA,36764,1
ORRVILLE,36767,1
PINE APPLE,36768,1
SAWYERVILLE,36776,1
SPROTT,36779,1
SWEET WATER,36782,1
LAWLEY,36793,1
AUBURN UNIVERSITY,36849,1
COTTONTON,36851,1
DADEVILLE,36853,1
FIVE POINTS,36855,1
HATCHECHUBBEE,36858,1
HOLY TRINITY,36859,1
HURTSBORO,36860,1
JACKSONS GAP,36861,1
LANETT,36863,1
LOACHAPOKA,36865,1
NOTASULGA,36866,1
PITTSVIEW,36871,1
SEALE,36875,1
SMITHS,36877,1
GILBERTOWN,36908,1
JACHIN,36910,1
LISMAN,36912,1
MELVIN,36913,1
SILAS,36919,1
TOXEY,36921,1
ASHLAND CITY,37015,1
AUBURNTOWN,37016,1
BEECHGROVE,37018,1
BELL BUCKLE,37020,1
BON AQUA,37025,1
BRADYVILLE,37026,1
BUMPUS MILLS,37028,1
BURNS,37029,1
CASTALIAN SPRINGS,37031,1
CHAPMANSBORO,37035,1
COLLEGE GROVE,37046,1
CORNERSVILLE,37047,1
COTTONTOWN,37048,1
CROSS PLAINS,37049,1
CUMBERLAND CITY,37050,1
CUMBERLAND FURNACE,37051,1
CUNNINGHAM,37052,1
DIXON SPRINGS,37057,1
DOWELLTOWN,37059,1
FOSTERVILLE,37063,1
GALLATIN,37066,1
GLADEVILLE,37071,1
GREENBRIER,37073,1
HURRICANE MILLS,37078,1
INDIAN MOUND,37079,1
JOELTON,37080,1
KINGSTON SPRINGS,37082,1
LASCASSAS,37085,1
LOBELVILLE,37097,1
LYLES,37098,1
MC EWEN,37101,1
MITCHELLVILLE,37119,1
NEW JOHNSONVILLE,37134,1
NOLENSVILLE,37135,1
NORENE,37136,1
NUNNELLY,37137,1
OLD HICKORY,37138,1
ONLY,37140,1
ORLINDA,37141,1
PEGRAM,37143,1
PLEASANT SHADE,37145,1
PLEASANT VIEW,37146,1
READYVILLE,37149,1
RED BOILING SPRINGS,37150,1
RIDDLETON,37151,1
RIDGETOP,37152,1
ROCKVALE,37153,1
SAINT BETHLEHEM,37155,1
SLAYDEN,37165,1
STEWART,37175,1
TENNESSEE RIDGE,37178,1
THOMPSONS STATION,37179,1
VANLEER,37181,1
WARTRACE,37183,1
WHITE BLUFF,37187,1
WHITE HOUSE,37188,1
WHITES CREEK,37189,1
APISON,37302,1
BAKEWELL,37304,1
BEERSHEBA SPRINGS,37305,1
BIRCHWOOD,37308,1
COALMONT,37313,1
COKERCREEK,37314,1
COLLEGEDALE,37315,1
CONASAUGA,37316,1
COPPERHILL,37317,1
COWAN,37318,1
DECHERD,37324,1
DUCKTOWN,37326,1
DUNLAP,37327,1
ELORA,37328,1
ESTILL SPRINGS,37330,1
EVENSVILLE,37332,1
FARNER,37333,1
FLINTVILLE,37335,1
GRANDVIEW,37337,1
GRUETLI LAAGER,37339,1
HIXSON,37343,1
HUNTLAND,37345,1
KELSO,37348,1
LUPTON CITY,37351,1
MADISONVILLE,37354,1
MONTEAGLE,37356,1
MORRISON,37357,1
NORMANDY,37360,1
OLDFORT,37362,1
OOLTEWAH,37363,1
RELIANCE,37369,1
SAINT ANDREWS,37372,1
SALE CREEK,37373,1
SEQUATCHIE,37374,1
SIGNAL MOUNTAIN,37377,1
SMARTT,37378,1
SOUTH PITTSBURG,37380,1
TELLICO PLAINS,37385,1
TRACY CITY,37387,1
TULLAHOMA,37388,1
ARNOLD AFB,37389,1
TURTLETOWN,37391,1
WATTS BAR DAM,37395,1
WHITESIDE,37396,1
WHITWELL,37397,1
BLOUNTVILLE,37617,1
BLUFF CITY,37618,1
CHUCKEY,37641,1
FALL BRANCH,37656,1
FLAG POND,37657,1
JONESBOROUGH,37659,1
LAUREL BLOOMERY,37680,1
MILLIGAN COLLEGE,37682,1
ROAN MOUNTAIN,37687,1
SHADY VALLEY,37688,1
TRADE,37691,1
UNICOI,37692,1
WATAUGA,37694,1
ALCOA,37701,1
ARTHUR,37707,1
BEAN STATION,37708,1
BRICEVILLE,37710,1
BULLS GAP,37711,1
BYBEE,37713,1
CLAIRFIELD,37715,1
COALFIELD,37719,1
CORRYTON,37721,1
COSBY,37722,1
CUMBERLAND GAP,37724,1
DANDRIDGE,37725,1
DEER LODGE,37726,1
DUFF,37729,1
EAGAN,37730,1
EIDSON,37731,1
RUGBY,37733,1
GATLINBURG,37738,1
GREENBACK,37742,1
HARROGATE,37752,1
HEISKELL,37754,1
HELENWOOD,37755,1
JACKSBORO,37757,1
JELLICO,37762,1
KODAK,37764,1
KYLES FORD,37765,1
LA FOLLETTE,37766,1
LANCING,37770,1
LONE MOUNTAIN,37773,1
LUTTRELL,37779,1
MAYNARDVILLE,37807,1
MOORESBURG,37811,1
MOSHEIM,37818,1
NIOTA,37826,1
OLIVER SPRINGS,37840,1
OZONE,37842,1
PARROTTSVILLE,37843,1
PETROS,37845,1
PIONEER,37847,1
POWELL,37849,1
PRUDEN,37851,1
SHARPS CHAPEL,37866,1
SHAWANEE,37867,1
SNEEDVILLE,37869,1
STRAWBERRY PLAINS,37871,1
SUNBRIGHT,37872,1
SURGOINSVILLE,37873,1
SWEETWATER,37874,1
TALBOTT,37877,1
TEN MILE,37880,1
THORN HILL,37881,1
VONORE,37885,1
WALLAND,37886,1
WARTBURG,37887,1
WHITE PINE,37890,1
BELLS,38006,1
BRADEN,38010,1
BURLISON,38015,1
CROCKETT MILLS,38021,1
DRUMMONDS,38023,1
EADS,38028,1
FINLEY,38030,1
GALLAWAY,38036,1
HALLS,38040,1
HENNING,38041,1
HICKORY VALLEY,38042,1
HORNSBY,38044,1
MAURY CITY,38050,1
MISTON,38056,1
SAULSBURY,38067,1
TIGRETT,38070,1
WYNNBURG,38077,1
TIPTONVILLE,38079,1
ATWOOD,38220,1
COTTAGE GROVE,38224,1
DUKEDOM,38226,1
GLEASON,38229,1
HORNBEAK,38232,1
MC LEMORESVILLE,38235,1
OBION,38240,1
PALMERSVILLE,38241,1
PURYEAR,38251,1
RIVES,38253,1
SAMBURG,38254,1
SOUTH FULTON,38257,1
TREZEVANT,38258,1
TRIMBLE,38259,1
WOODLAND MILLS,38271,1
BATH SPRINGS,38311,1
BEECH BLUFF,38313,1
BETHEL SPRINGS,38315,1
BRUCETON,38317,1
COUNCE,38326,1
CRUMP,38327,1
DARDEN,38328,1
DECATURVILLE,38329,1
DYER,38330,1
ENVILLE,38332,1
FINGER,38334,1
FRUITVALE,38336,1
GUYS,38339,1
HOLLADAY,38341,1
HOLLOW ROCK,38342,1
HUMBOLDT,38343,1
IDLEWILD,38346,1
JACKS CREEK,38347,1
LAVINIA,38348,1
MEDON,38356,1
MICHIE,38357,1
MORRIS CHAPEL,38361,1
PICKWICK DAM,38365,1
REAGAN,38368,1
SCOTTS HILL,38374,1
SELMER,38375,1
SILERTON,38377,1
STANTONVILLE,38379,1
SUGAR TREE,38380,1
TOONE,38381,1
WILDERSVILLE,38388,1
CHEWALLA,38393,1
COLLINWOOD,38450,1
CULLEOKA,38451,1
CYPRESS INN,38452,1
DELLROSE,38453,1
DUCK RIVER,38454,1
ETHRIDGE,38456,1
FRANKEWING,38459,1
GOODSPRING,38460,1
HAMPSHIRE,38461,1
HOHENWALD,38462,1
LAWRENCEBURG,38464,1
LEOMA,38468,1
LUTTS,38471,1
LYNNVILLE,38472,1
MINOR HILL,38473,1
OLIVEHILL,38475,1
PRIMM SPRINGS,38476,1
SUMMERTOWN,38483,1
WESTPOINT,38486,1
TAFT,38488,1
ALLARDT,38504,1
ALLONS,38541,1
ALLRED,38542,1
BLOOMINGTON SPRINGS,38545,1
BRUSH CREEK,38547,1
BUFFALO VALLEY,38548,1
BYRDSTOWN,38549,1
CAMPAIGN,38550,1
CELINA,38551,1
CHESTNUT MOUND,38552,1
CLARKRANGE,38553,1
DOYLE,38559,1
GAINESBORO,38562,1
GRIMSLEY,38565,1
HICKMAN,38567,1
HILHAM,38568,1
MOSS,38575,1
PALL MALL,38577,1
QUEBECK,38579,1
RICKMAN,38580,1
SILVER POINT,38582,1
WALLING,38587,1
WHITLEYVILLE,38588,1
ARKABUTLA,38602,1
BELEN,38609,1
BLUE MOUNTAIN,38610,1
BYHALIA,38611,1
CLARKSDALE,38614,1
COAHOMA,38617,1
COLDWATER,38618,1
CRENSHAW,38621,1
CROWDER,38622,1
DARLING,38623,1
DUMAS,38625,1
ETTA,38627,1
FALKNER,38629,1
FRIARS POINT,38631,1
HICKORY FLAT,38633,1
HORN LAKE,38637,1
LAKE CORMORANT,38641,1
LAMBERT,38643,1
LYON,38645,1
MARKS,38646,1
MYRTLE,38650,1
NESBIT,38651,1
OLIVE BRANCH,38654,1
POPE,38658,1
POTTS CAMP,38659,1
RED BANKS,38661,1
ROBINSONVILLE,38664,1
SARAH,38665,1
SENATOBIA,38668,1
SHERARD,38669,1
SLEDGE,38670,1
TIPLERSVILLE,38674,1
TULA,38675,1
TUNICA,38676,1
UNIVERSITY,38677,1
ALLIGATOR,38720,1
ANGUILLA,38721,1
BENOIT,38725,1
BEULAH,38726,1
BOYLE,38730,1
DODDSVILLE,38736,1
DREW,38737,1
PARCHMAN,38738,1
GLEN ALLAN,38744,1
GRACE,38745,1
HOLLANDALE,38748,1
ISOLA,38754,1
MATTSON,38758,1
MERIGOLD,38759,1
METCALFE,38760,1
MOUND BAYOU,38762,1
NITTA YUMA,38763,1
PACE,38764,1
PANTHER BURN,38765,1
RENA LARA,38767,1
RULEVILLE,38771,1
SCOTT,38772,1
SHAW,38773,1
WINSTONVILLE,38781,1
ALGOMA,38820,1
AMORY,38821,1
BALDWYN,38824,1
BECKER,38825,1
BELDEN,38826,1
BOONEVILLE,38829,1
DERMA,38839,1
ECRU,38841,1
GATTMAN,38844,1
GREENWOOD SPRINGS,38848,1
GUNTOWN,38849,1
HOULKA,38850,1
IUKA,38852,1
MC CONDY,38854,1
MANTACHIE,38855,1
MOOREVILLE,38857,1
NETTLETON,38858,1
NEW SITE,38859,1
OKOLONA,38860,1
PONTOTOC,38863,1
RIENZI,38865,1
TISHOMINGO,38873,1
TOCCOPOLA,38874,1
TREBLOC,38875,1
VAN VLEET,38877,1
VARDAMAN,38878,1
WHEELER,38880,1
BANNER,38913,1
BRUCE,38915,1
CALHOUN CITY,38916,1
CASCILLA,38920,1
COILA,38923,1
CRUGER,38924,1
DUCK HILL,38925,1
GORE SPRINGS,38929,1
HOLCOMB,38940,1
ITTA BENA,38941,1
MC CARLEY,38943,1
MINTER CITY,38944,1
MONEY,38945,1
NORTH CARROLLTON,38947,1
PHILIPP,38950,1
SCHLATER,38952,1
SCOBEY,38953,1
SIDON,38954,1
SLATE SPRING,38955,1
SWIFTOWN,38959,1
TIE PLANT,38960,1
TILLATOBA,38961,1
TIPPO,38962,1
TUTWILER,38963,1
WATER VALLEY,38965,1
BELZONI,39038,1
BENTONIA,39040,1
BRAXTON,39044,1
CONEHATTA,39057,1
DELTA CITY,39061,1
D LO,39062,1
FLORA,39071,1
GALLMAN,39077,1
GOODMAN,39079,1
HARPERVILLE,39080,1
HARRISTON,39081,1
HERMANVILLE,39086,1
HOLLY BLUFF,39088,1
KOSCIUSKO,39090,1
LENA,39094,1
LORMAN,39096,1
LOUISE,39097,1
MC ADAMS,39107,1
MC COOL,39108,1
MADDEN,39109,1
MAGEE,39111,1
SANATORIUM,39112,1
MAYERSVILLE,39113,1
MIDNIGHT,39115,1
MIZE,39116,1
NEWHEBRON,39140,1
PATTISON,39144,1
PELAHATCHIE,39145,1
PINEY WOODS,39148,1
PINOLA,39149,1
PUCKETT,39151,1
ROLLING FORK,39159,1
SALLIS,39160,1
SANDHILL,39161,1
SATARTIA,39162,1
SIBLEY,39165,1
TCHULA,39169,1
THOMASTOWN,39171,1
TINSLEY,39173,1
TOUGALOO,39174,1
VAIDEN,39176,1
VALLEY PARK,39177,1
WESSON,39191,1
WEST,39192,1
WHITFIELD,39193,1
YAZOO CITY,39194,1
FLOWOOD,39232,1
BYRAM,39272,1
BUCKATUNNA,39322,1
CHUNKY,39323,1
CLARA,39324,1
DE KALB,39328,1
LAUDERDALE,39335,1
LOUIN,39338,1
NOXAPATER,39346,1
PACHUTA,39347,1
PAULDING,39348,1
SCOOBA,39358,1
SHUBUTA,39360,1
SHUQUALAK,39361,1
TOOMSUBA,39364,1
VOSSBURG,39366,1
BASSFIELD,39421,1
BAY SPRINGS,39422,1
CARRIERE,39426,1
EASTABUCHIE,39436,1
ELLISVILLE,39437,1
HEIDELBERG,39439,1
LEAKESVILLE,39451,1
LUCEDALE,39452,1
MC LAIN,39456,1
MC NEILL,39457,1
MOSELLE,39459,1
NEELY,39461,1
NEW AUGUSTA,39462,1
OVETT,39464,1
PETAL,39465,1
PICAYUNE,39466,1
POPLARVILLE,39470,1
PRENTISS,39474,1
PURVIS,39475,1
RICHTON,39476,1
SEMINARY,39479,1
SOSO,39480,1
STRINGER,39481,1
SUMRALL,39482,1
FOXWORTH,39483,1
DIAMONDHEAD,39525,1
DIBERVILLE,39540,1
ESCATAWPA,39552,1
GAUTIER,39553,1
KILN,39556,1
LAKESHORE,39558,1
PASS CHRISTIAN,39571,1
PEARLINGTON,39572,1
PERKINSTON,39573,1
SAUCIER,39574,1
WAVELAND,39576,1
WIGGINS,39577,1
BOGUE CHITTO,39629,1
BUDE,39630,1
CHATAWA,39632,1
FERNWOOD,39635,1
GLOSTER,39638,1
JAYESS,39641,1
MC CALL CREEK,39647,1
OAK VALE,39656,1
OSYKA,39657,1
ROXIE,39661,1
RUTH,39662,1
SMITHDALE,39664,1
SONTAG,39665,1
TYLERTOWN,39667,1
UNION CHURCH,39668,1
ACKERMAN,39735,1
BELLEFONTAINE,39737,1
CEDARBLUFF,39741,1
EUPORA,39744,1
FRENCH CAMP,39745,1
KILMICHAEL,39747,1
MANTEE,39751,1
MATHISTON,39752,1
MAYHEW,39753,1
PHEBA,39755,1
PRAIRIE,39756,1
MISSISSIPPI STATE,39762,1
STEENS,39766,1
STURGIS,39769,1
WALTHALL,39771,1
WEIR,39772,1
BARDSTOWN,40004,1
BRADFORDSVILLE,40009,1
BUCKNER,40010,1
CAMPBELLSBURG,40011,1
COXS CREEK,40013,1
CRESTWOOD,40014,1
EASTWOOD,40018,1
EMINENCE,40019,1
FINCHVILLE,40022,1
FISHERVILLE,40023,1
GLENVIEW,40025,1
HARRODS CREEK,40027,1
MACKVILLE,40040,1
MASONIC HOME,40041,1
MOUNT EDEN,40046,1
NERINX,40049,1
PEWEE VALLEY,40056,1
PLEASUREVILLE,40057,1
RAYWICK,40060,1
SAINT CATHARINE,40061,1
SAINT MARY,40063,1
TURNERS STATION,40075,1
WADDY,40076,1
WILLISBURG,40078,1
BATTLETOWN,40104,1
BRANDENBURG,40108,1
CLOVERPORT,40111,1
CUSTER,40115,1
EKRON,40117,1
FALLS OF ROUGH,40119,1
FORT KNOX,40121,1
HILLVIEW,40129,1
GUSTON,40142,1
HARDINSBURG,40143,1
HARNED,40144,1
LEBANON JUNCTION,40150,1
MC DANIELS,40152,1
MC QUADY,40153,1
MULDRAUGH,40155,1
PAYNEVILLE,40157,1
RHODELIA,40161,1
RINEYVILLE,40162,1
SE REE,40164,1
SHEPHERDSVILLE,40165,1
STEPHENSPORT,40170,1
UNION STAR,40171,1
VINE GROVE,40175,1
WESTVIEW,40178,1
BURGIN,40310,1
CLAY CITY,40312,1
DENNISTON,40316,1
ELLIOTTVILLE,40317,1
FARMERS,40319,1
FRENCHBURG,40322,1
GRAVEL SWITCH,40328,1
HALDEMAN,40329,1
HARRODSBURG,40330,1
MEANS,40346,1
MOREHEAD,40351,1
MOUNT STERLING,40353,1
NEW LIBERTY,40355,1
NORTH MIDDLETOWN,40357,1
OWENTON,40359,1
OWINGSVILLE,40360,1
PERRY PARK,40363,1
SADIEVILLE,40370,1
SALT LICK,40371,1
SALVISA,40372,1
SLADE,40376,1
STAMPING GROUND,40379,1
BIGHILL,40405,1
BRODHEAD,40409,1
BRYANTSVILLE,40410,1
DABOLT,40421,1
GRAY HAWK,40434,1
HUSTONVILLE,40437,1
MC KEE,40447,1
MITCHELLSBURG,40452,1
PAINT LICK,40461,1
PEOPLES,40467,1
RAVENNA,40472,1
RENFRO VALLEY,40473,1
SANDGAP,40481,1
STANFORD,40484,1
WANETA,40488,1
WILDIE,40492,1
BUSH,40724,1
EAST BERNSTADT,40729,1
EMLYN,40730,1
KEAVY,40737,1
LILY,40740,1
MARYDELL,40751,1
NEVISDALE,40754,1
ROCKHOLDS,40759,1
SILER,40763,1
AGES BROOKSIDE,40801,1
ASHER,40803,1
BENHAM,40807,1
BIG LAUREL,40808,1
BLEDSOE,40810,1
CAWOOD,40815,1
CHAPPELL,40816,1
COALGOOD,40818,1
COLDIRON,40819,1
CRANKS,40820,1
DAYHOIT,40824,1
EOLIA,40826,1
ESSIE,40827,1
EVARTS,40828,1
GRAYS KNOB,40829,1
GULSTON,40830,1
HELTON,40840,1
HOLMES MILL,40843,1
HOSKINSTON,40844,1
HULEN,40845,1
KENVIR,40847,1
LEJUNIOR,40849,1
LOYALL,40854,1
LYNCH,40855,1
MIRACLE,40856,1
MOZELLE,40858,1
PARTRIDGE,40862,1
PATHFORK,40863,1
STINNETT,40868,1
TOTZ,40870,1
WALLINS CREEK,40873,1
WARBRANCH,40874,1
ARJAY,40902,1
ARTEMUS,40903,1
BARBOURVILLE,40906,1
BIMBLE,40915,1
BRYANTS STORE,40921,1
CANNON,40923,1
CLOSPLINT,40927,1
ERILINE,40931,1
FALL ROCK,40932,1
FLAT LICK,40935,1
FOURMILE,40939,1
FRAKES,40940,1
GARRARD,40941,1
GIRDLER,40943,1
GOOSE ROCK,40944,1
GREEN ROAD,40946,1
HEIDRICK,40949,1
HIMA,40951,1
HINKLE,40953,1
INGRAM,40955,1
KETTLE ISLAND,40958,1
MARY ALICE,40964,1
MIDDLESBORO,40965,1
ROARK,40979,1
SAUL,40981,1
SCALF,40982,1
SEXTONS CREEK,40983,1
STONEY FORK,40988,1
TROSPER,40995,1
WOOLLUM,40999,1
LATONIA,41015,1
FT MITCHELL,41017,1
ERLANGER,41018,1
CYNTHIANA,41031,1
DE MOSSVILLE,41033,1
DRY RIDGE,41035,1
FLEMINGSBURG,41041,1
GLENCOE,41046,1
MAYSLICK,41055,1
MORNING VIEW,41063,1
MOUNT OLIVET,41064,1
MUSES MILLS,41065,1
FORT THOMAS,41075,1
PLUMMERS LANDING,41081,1
SANDERS,41083,1
SILVER GROVE,41085,1
ARGILLITE,41121,1
CAMP DIX,41127,1
CARTER,41128,1
CATLETTSBURG,41129,1
FIREBRICK,41137,1
GRAHN,41142,1
GREENUP,41144,1
HITCHINS,41146,1
ISONVILLE,41149,1
JACOBS,41150,1
MARTHA,41159,1
MAZIE,41160,1
OLIVE HILL,41164,1
SOLDIER,41173,1
SOUTH PORTSMOUTH,41174,1
SOUTH SHORE,41175,1
VANCEBURG,41179,1
WEBBVILLE,41180,1
TOLLESBORO,41189,1
BEAUTY,41203,1
BOONS CAMP,41204,1
DEBORD,41214,1
EAST POINT,41216,1
FLATGAP,41219,1
HAGERHILL,41222,1
INEZ,41224,1
KEATON,41226,1
LOVELY,41231,1
LOWMANSVILLE,41232,1
MEALLY,41234,1
OIL SPRINGS,41238,1
PAINTSVILLE,41240,1
PILGRIM,41250,1
RIVER,41254,1
SITKA,41255,1
STAMBAUGH,41257,1
THELMA,41260,1
TOMAHAWK,41262,1
TUTOR KEY,41263,1
VAN LEAR,41265,1
WEST VAN LEAR,41268,1
WITTENSVILLE,41274,1
BAYS,41310,1
BEATTYVILLE,41311,1
CLAYHOLE,41317,1
ISLAND CITY,41338,1
LEE CITY,41342,1
LEROSE,41344,1
LONE,41347,1
MISTLETOE,41351,1
PINE RIDGE,41360,1
PRIMROSE,41362,1
RICETOWN,41364,1
ROUSSEAU,41366,1
ROWDY,41367,1
SAINT HELENS,41368,1
TALBERT,41377,1
VANCLEVE,41385,1
WHICK,41390,1
ZOE,41397,1
CANNEL CITY,41408,1
EDNA,41419,1
ELKFORK,41421,1
ELSIE,41422,1
EZEL,41425,1
GAPVILLE,41433,1
IVYTON,41444,1
OPHIR,41459,1
ROYALTON,41464,1
SALYERSVILLE,41465,1
WRIGLEY,41477,1
SOUTH WILLIAMSON,41503,1
ASHCAMP,41512,1
BELCHER,41513,1
BELFRY,41514,1
BURDINE,41517,1
CANADA,41519,1
DORTON,41520,1
ELKHORN CITY,41522,1
FEDSCREEK,41524,1
FORDS BRANCH,41526,1
FREEBURN,41528,1
HELLIER,41534,1
HUDDY,41535,1
JENKINS,41537,1
JONANCY,41538,1
KIMPER,41539,1
LICK CREEK,41540,1
MC ANDREWS,41543,1
MC CARR,41544,1
MC VEIGH,41546,1
MAJESTIC,41547,1
MOUTHCARD,41548,1
PHYLLIS,41554,1
PINSONFORK,41555,1
RACCOON,41557,1
REGINA,41559,1
ROBINSON CREEK,41560,1
ROCKHOUSE,41561,1
SHELBIANA,41562,1
SHELBY GAP,41563,1
STONE,41567,1
STOPOVER,41568,1
TOLER,41569,1
VIRGIE,41572,1
AUXIER,41602,1
BETSY LAYNE,41605,1
BEVINSVILLE,41606,1
BLUE RIVER,41607,1
BYPRO,41612,1
DAVID,41616,1
DRIFT,41619,1
DWALE,41621,1
EASTERN,41622,1
GRETHEL,41631,1
GUNLOCK,41632,1
HAROLD,41635,1
HI HAT,41636,1
HUEYSVILLE,41640,1
IVEL,41642,1
MINNIE,41651,1
PRESTONSBURG,41653,1
PRINTER,41655,1
STANVILLE,41659,1
TEABERRY,41660,1
TRAM,41663,1
WEEKSBURY,41667,1
ARY,41712,1
AVAWAM,41713,1
BEAR BRANCH,41714,1
BONNYMAN,41719,1
BUCKHORN,41721,1
BULAN,41722,1
BUSY,41723,1
CARRIE,41725,1
CHAVIES,41727,1
COMBS,41729,1
CORNETTSVILLE,41731,1
DELPHIA,41735,1
DICE,41736,1
DWARF,41739,1
EMMALENA,41740,1
FISTY,41743,1
GAYS CREEK,41745,1
HAPPY,41746,1
HARDBURLY,41747,1
HYDEN,41749,1
JEFF,41751,1
KRYPTON,41754,1
SASSAFRAS,41759,1
SCUDDY,41760,1
SIZEROCK,41762,1
SLEMP,41763,1
SMILAX,41764,1
THOUSANDSTICKS,41766,1
VEST,41772,1
VICCO,41773,1
VIPER,41774,1
WENDOVER,41775,1
WOOTON,41776,1
YEADDISS,41777,1
YERKES,41778,1
BLACKEY,41804,1
CROMONA,41810,1
DEANE,41812,1
ERMINE,41815,1
HALLIE,41821,1
HINDMAN,41822,1
ISOM,41824,1
JACKHORN,41825,1
JEREMIAH,41826,1
LEBURN,41831,1
LETCHER,41832,1
LINEFORK,41833,1
LITTCARR,41834,1
MC ROBERTS,41835,1
MALLIE,41836,1
MAYKING,41837,1
MOUSIE,41839,1
NEON,41840,1
PINE TOP,41843,1
PIPPA PASSES,41844,1
PREMIUM,41845,1
REDFOX,41847,1
ROXANA,41848,1
SECO,41849,1
DEMA,41859,1
TOPMOST,41862,1
ALMO,42020,1
BANDANA,42022,1
BARDWELL,42023,1
BARLOW,42024,1
BURNA,42028,1
CALVERT CITY,42029,1
CRAYNE,42033,1
DYCUSBURG,42037,1
EDDYVILLE,42038,1
FANCY FARM,42039,1
GRAND RIVERS,42045,1
HARDIN,42048,1
HAZEL,42049,1
KEVIL,42053,1
KIRKSEY,42054,1
KUTTAWA,42055,1
LA CENTER,42056,1
LEDBETTER,42058,1
LOVELACEVILLE,42060,1
LOWES,42061,1
MELBER,42069,1
MILBURN,42070,1
MURRAY,42071,1
NEW CONCORD,42076,1
SMITHLAND,42081,1
SYMSONIA,42082,1
TILINE,42083,1
TOLU,42084,1
WEST PADUCAH,42086,1
WICKLIFFE,42087,1
WINGO,42088,1
ADOLPHUS,42120,1
ALVATON,42122,1
CAVE CITY,42127,1
DRAKE,42128,1
EDMONTON,42129,1
EIGHTY EIGHT,42130,1
ETOILE,42131,1
FOUNTAIN RUN,42133,1
GAMALIEL,42140,1
HALFWAY,42150,1
HESTAND,42151,1
HISEVILLE,42152,1
KNOB LICK,42154,1
LUCAS,42156,1
MOUNT HERMON,42157,1
SUMMER SHADE,42166,1
TOMPKINSVILLE,42167,1
WOODBURN,42170,1
SMITHS GROVE,42171,1
ADAIRVILLE,42202,1
ALLEGRE,42203,1
BEE SPRING,42207,1
CADIZ,42211,1
CENTER,42214,1
CERULEAN,42215,1
CLIFTY,42216,1
FORT CAMPBELL,42223,1
GRACEY,42232,1
GUTHRIE,42234,1
JETSON,42252,1
LINDSEYVILLE,42257,1
MAMMOTH CAVE,42259,1
OAK GROVE,42262,1
OLMSTEAD,42265,1
ROCKFIELD,42274,1
ROUNDHILL,42275,1
SHARON GROVE,42280,1
SOUTH UNION,42283,1
SWEEDEN,42285,1
WELCHS CREEK,42287,1
BEECH GROVE,42322,1
BEECHMONT,42323,1
BROWDER,42326,1
CENTERTOWN,42328,1
CLEATON,42332,1
CURDSVILLE,42334,1
DRAKESBORO,42337,1
DUNMOR,42339,1
FORDSVILLE,42343,1
HAWESVILLE,42348,1
HORSE BRANCH,42349,1
ISLAND,42350,1
LEWISPORT,42351,1
MACEO,42355,1
MAPLE MOUNT,42356,1
OLATON,42361,1
PELLVILLE,42364,1
PENROD,42365,1
PHILPOT,42366,1
POWDERLY,42367,1
REYNOLDS STATION,42368,1
ROSINE,42370,1
RUMSEY,42371,1
SOUTH CARROLLTON,42374,1
WEST LOUISVILLE,42377,1
BASKETT,42402,1
BLACKFORD,42403,1
CORYDON,42406,1
DAWSON SPRINGS,42408,1
DIXON,42409,1
MANITOU,42436,1
MORGANFIELD,42437,1
MORTONS GAP,42440,1
NORTONVILLE,42442,1
POOLE,42444,1
REED,42451,1
ROBARDS,42452,1
SEBREE,42455,1
SLAUGHTERS,42456,1
SMITH MILLS,42457,1
SPOTTSVILLE,42458,1
WHEATCROFT,42463,1
BETHELRIDGE,42516,1
BRONSTON,42518,1
DUNNVILLE,42528,1
NANCY,42544,1
SCIENCE HILL,42553,1
TATEVILLE,42558,1
WEST SOMERSET,42564,1
YOSEMITE,42566,1
EUBANK,42567,1
ALPHA,42603,1
MARSHES SIDING,42631,1
MILL SPRINGS,42632,1
PARKERS LAKE,42634,1
PINE KNOT,42635,1
REVELO,42638,1
RUSSELL SPRINGS,42642,1
STEARNS,42647,1
STRUNK,42649,1
WHITLEY CITY,42653,1
BIG CLIFTY,42712,1
BONNIEVILLE,42713,1
BREEDING,42715,1
BURKESVILLE,42717,1
CANE VALLEY,42720,1
CANEYVILLE,42721,1
CANMER,42722,1
CECILIA,42724,1
CUB RUN,42729,1
DUBRE,42731,1
EASTVIEW,42732,1
ELK HORN,42733,1
GLENS FORK,42741,1
HODGENVILLE,42748,1
HORSE CAVE,42749,1
KNIFLEY,42753,1
MARROWBONE,42759,1
MOUNT SHERMAN,42764,1
MUNFORDVILLE,42765,1
SONORA,42776,1
WATERVIEW,42786,1
AMLIN,43002,1
ASHLEY,43003,1
BLACKLICK,43004,1
BRINKHAVEN,43006,1
BUCKEYE LAKE,43008,1
CABLE,43009,1
CENTERBURG,43011,1
CROTON,43013,1
GAMBIER,43022,1
JACKSONTOWN,43030,1
KILBOURNE,43032,1
KIRKERSVILLE,43033,1
LEWIS CENTER,43035,1
MAGNETIC SPRINGS,43036,1
MILFORD CENTER,43045,1
MILLERSPORT,43046,1
MINGO,43047,1
MOUNT LIBERTY,43048,1
NORTH LEWISBURG,43060,1
OSTRANDER,43061,1
PATASKALA,43062,1
PLAIN CITY,43064,1
RADNOR,43066,1
REYNOLDSBURG,43068,1
ROSEWOOD,43070,1
SAINT LOUISVILLE,43071,1
SAINT PARIS,43072,1
THORNVILLE,43076,1
UNIONVILLE CENTER,43077,1
ADELPHI,43101,1
AMANDA,43102,1
BRICE,43109,1
CANAL WINCHESTER,43110,1
CARROLL,43112,1
COMMERCIAL POINT,43116,1
LAURELVILLE,43135,1
LITHOPOLIS,43136,1
LOCKBOURNE,43137,1
MURRAY CITY,43144,1
PICKERINGTON,43147,1
ROCKBRIDGE,43149,1
SOUTH BLOOMINGVILLE,43152,1
SOUTH SOLON,43153,1
STOUTSVILLE,43154,1
TARLTON,43156,1
THURSTON,43157,1
UNION FURNACE,43158,1
WASHINGTON COURT HOUSE,43160,1
WEST RUSHVILLE,43163,1
BELLE CENTER,43310,1
CARDINGTON,43315,1
CAREY,43316,1
CHESTERVILLE,43317,1
DE GRAFF,43318,1
EAST LIBERTY,43319,1
GREEN CAMP,43322,1
HARPSTER,43323,1
IBERIA,43325,1
KIRBY,43330,1
LA RUE,43332,1
MARENGO,43334,1
MARTEL,43335,1
MORRAL,43337,1
MOUNT VICTORY,43340,1
NEW BLOOMINGTON,43341,1
ROUNDHEAD,43346,1
RUSHSYLVANIA,43347,1
RUSSELLS POINT,43348,1
SHAUCK,43349,1
UPPER SANDUSKY,43351,1
WEST MANSFIELD,43358,1
ZANESFIELD,43360,1
BRADNER,43406,1
BURGOON,43407,1
CLAY CENTER,43408,1
CURTICE,43412,1
CYGNET,43413,1
DUNBRIDGE,43414,1
GIBSONBURG,43431,1
GRAYTOWN,43432,1
GYPSUM,43433,1
HARBOR VIEW,43434,1
ISLE SAINT GEORGE,43436,1
JERRY CITY,43437,1
KELLEYS ISLAND,43438,1
LACARNE,43439,1
LAKESIDE MARBLEHEAD,43440,1
LINDSEY,43442,1
LUCKEY,43443,1
MIDDLE BASS,43446,1
PEMBERVILLE,43450,1
PUT IN BAY,43456,1
RISINGSUN,43457,1
ROSSFORD,43460,1
RUDOLPH,43462,1
STONY RIDGE,43463,1
VICKERY,43464,1
WALBRIDGE,43465,1
WEST MILLGROVE,43467,1
ALVORDTON,43501,1
ARCHBOLD,43502,1
BERKEY,43504,1
CUSTAR,43511,1
DESHLER,43516,1
EDGERTON,43517,1
EDON,43518,1
EVANSPORT,43519,1
FARMER,43520,1
GRELTON,43523,1
HAMLER,43524,1
HASKINS,43525,1
HOLGATE,43527,1
HOYTVILLE,43529,1
KUNKLE,43531,1
LIBERTY CENTER,43532,1
MALINTA,43535,1
MARK CENTER,43536,1
MAUMEE,43537,1
METAMORA,43540,1
MILTON CENTER,43541,1
MONCLOVA,43542,1
NAPOLEON,43545,1
NEAPOLIS,43547,1
NEW BAVARIA,43548,1
NEY,43549,1
PETTISVILLE,43553,1
RIDGEVILLE CORNERS,43555,1
STRYKER,43557,1
TONTOGANY,43565,1
WAUSEON,43567,1
WEST UNITY,43570,1
BELLE VALLEY,43717,1
BLUE ROCK,43720,1
BYESVILLE,43723,1
CHANDLERSVILLE,43727,1
CHESTERHILL,43728,1
CROOKSVILLE,43731,1
DERWENT,43733,1
DUNCAN FALLS,43734,1
EAST FULTONHAM,43735,1
GRATIOT,43740,1
JERUSALEM,43747,1
KIMBOLTON,43749,1
LAINGS,43752,1
LORE CITY,43755,1
MC CONNELSVILLE,43756,1
MALTA,43758,1
MOUNT PERRY,43760,1
MOXAHALA,43761,1
NEW LEXINGTON,43764,1
NEW STRAITSVILLE,43766,1
OLD WASHINGTON,43768,1
PHILO,43771,1
PLEASANT CITY,43772,1
QUAKER CITY,43773,1
SALESVILLE,43778,1
SARAHSVILLE,43779,1
SENECAVILLE,43780,1
STOCKPORT,43787,1
SYCAMORE VALLEY,43789,1
WHITE COTTAGE,43791,1
WOODSFIELD,43793,1
BLISSFIELD,43805,1
CONESVILLE,43811,1
COSHOCTON,43812,1
FRAZEYSBURG,43822,1
NASHPORT,43830,1
NEWCOMERSTOWN,43832,1
STONE CREEK,43840,1
TRINWAY,43842,1
WALHONDING,43843,1
ADENA,43901,1
ALLEDONIA,43902,1
BERGHOLZ,43908,1
DILLONVALE,43917,1
EAST LIVERPOOL,43920,1
FAIRPOINT,43927,1
HAMMONDSVILLE,43930,1
IRONDALE,43932,1
JACOBSBURG,43933,1
MARTINS FERRY,43935,1
MINGO JUNCTION,43938,1
PINEY FORK,43941,1
POWHATAN POINT,43942,1
RAYLAND,43943,1
SALINEVILLE,43945,1
SHADYSIDE,43947,1
SAINT CLAIRSVILLE,43950,1
LAFFERTY,43951,1
TILTONSVILLE,43963,1
TORONTO,43964,1
UNIONPORT,43966,1
WARNOCK,43967,1
WOLF RUN,43970,1
BANNOCK,43972,1
NEW ATHENS,43981,1
NEW RUMLEY,43984,1
HOLLOWAY,43985,1
AUSTINBURG,44010,1
AVON LAKE,44012,1
CHARDON,44024,1
CHESTERLAND,44026,1
COLUMBIA STATION,44028,1
CONNEAUT,44030,1
EAST CLARIDON,44033,1
NORTH RIDGEVILLE,44039,1
GATES MILLS,44040,1
GRAND RIVER,44045,1
HUNTSBURG,44046,1
KIPTON,44049,1
SHEFFIELD LAKE,44054,1
MACEDONIA,44056,1
NORTH KINGSVILLE,44068,1
NORTH OLMSTED,44070,1
OBERLIN,44074,1
PAINESVILLE,44077,1
PARKMAN,44080,1
PIERPONT,44082,1
TWINSBURG,44087,1
VERMILION,44089,1
WILLIAMSFIELD,44093,1
ROCKY RIVER,44116,1
NORTH ROYALTON,44133,1
MAPLE HEIGHTS,44137,1
OLMSTED FALLS,44138,1
BAY VILLAGE,44140,1
BRECKSVILLE,44141,1
BROOKPARK,44142,1
WESTLAKE,44145,1
BROADVIEW HEIGHTS,44147,1
BARBERTON,44203,1
BRADY LAKE,44211,1
CHIPPEWA LAKE,44215,1
GARRETTSVILLE,44231,1
GREEN,44232,1
STREETSBORO,44241,1
LAKEMORE,44250,1
WESTFIELD CENTER,44251,1
MOGADORE,44260,1
MUNROE FALLS,44262,1
PENINSULA,44264,1
RITTMAN,44270,1
ROOTSTOWN,44272,1
SHARON CENTER,44274,1
TALLMADGE,44278,1
VALLEY CITY,44280,1
WEST SALEM,44287,1
FAIRLAWN,44334,1
BERLIN CENTER,44401,1
BRISTOLVILLE,44402,1
BURGHILL,44404,1
CANFIELD,44406,1
DIAMOND,44412,1
EAST PALESTINE,44413,1
FARMDALE,44417,1
FOWLER,44418,1
GREENFORD,44422,1
HANOVERTON,44423,1
HUBBARD,44425,1
KINSMAN,44428,1
LAKE MILTON,44429,1
LEAVITTSBURG,44430,1
LEETONIA,44431,1
LOWELLVILLE,44436,1
MASURY,44438,1
MESOPOTAMIA,44439,1
MINERAL RIDGE,44440,1
NEGLEY,44441,1
NEW MIDDLETOWN,44442,1
NEW SPRINGFIELD,44443,1
NEW WATERFORD,44445,1
NORTH BENTON,44449,1
NORTH BLOOMFIELD,44450,1
NORTH JACKSON,44451,1
NORTH LIMA,44452,1
STRUTHERS,44471,1
APPLE CREEK,44606,1
BEACH CITY,44608,1
BIG PRAIRIE,44611,1
CANAL FULTON,44614,1
CHARM,44617,1
DELLROY,44620,1
DENNISON,44621,1
EAST SPARTA,44626,1
GNADENHUTTEN,44629,1
HARLEM SPRINGS,44631,1
HARTVILLE,44632,1
HOLMESVILLE,44633,1
HOMEWORTH,44634,1
KIDRON,44636,1
KILLBUCK,44637,1
LIMAVILLE,44640,1
MAXIMO,44650,1
MECHANICSTOWN,44651,1
MIDDLEBRANCH,44652,1
MIDVALE,44653,1
MINERAL CITY,44656,1
MOUNT EATON,44659,1
NORTH GEORGETOWN,44665,1
ROBERTSVILLE,44670,1
SHERRODSVILLE,44675,1
SHREVE,44676,1
SUGARCREEK,44681,1
TUSCARAWAS,44682,1
UHRICHSVILLE,44683,1
WINESBURG,44690,1
WOOSTER,44691,1
DEERSVILLE,44693,1
BOWERSTON,44695,1
ZOAR,44697,1
TIPPECANOE,44699,1
ALVADA,44802,1
AMSDEN,44803,1
BERLIN HEIGHTS,44814,1
BETTSVILLE,44815,1
BLOOMDALE,44817,1
BUCYRUS,44820,1
CHATFIELD,44825,1
CRESTLINE,44827,1
FOSTORIA,44830,1
GALION,44833,1
GREEN SPRINGS,44836,1
JEROMESVILLE,44840,1
LOUDONVILLE,44842,1
MC CUTCHENVILLE,44844,1
MELMORE,44845,1
NANKIN,44848,1
NEW RIEGEL,44853,1
NEW WASHINGTON,44854,1
NORTH FAIRFIELD,44855,1
NORTH ROBINSON,44856,1
NOVA,44859,1
OCEOLA,44860,1
PERRYSVILLE,44864,1
TIFFIN,44883,1
TIRO,44887,1
WAKEMAN,44889,1
ADDYSTON,45001,1
CLEVES,45002,1
COLLEGE CORNER,45003,1
HARVEYSBURG,45032,1
HOOVEN,45033,1
KINGS MILLS,45034,1
MAINEVILLE,45039,1
MIAMITOWN,45041,1
MOUNT SAINT JOSEPH,45051,1
OKEANA,45053,1
OREGONIA,45054,1
OVERPECK,45055,1
ROSS,45061,1
SEVEN MILE,45062,1
SHANDON,45063,1
SOUTH LEBANON,45065,1
WEST ELKTON,45070,1
AMELIA,45102,1
BLANCHESTER,45107,1
CAMP DENNISON,45111,1
CHILO,45112,1
FEESBURG,45119,1
FELICITY,45120,1
HAMERSVILLE,45130,1
HIGGINSPORT,45131,1
LEES CREEK,45138,1
MIAMIVILLE,45147,1
MOUNT ORAB,45154,1
MOWRYSTOWN,45155,1
NEVILLE,45156,1
NEWTONSVILLE,45158,1
NEW VIENNA,45159,1
OWENSVILLE,45160,1
PLEASANT PLAIN,45162,1
PORT WILLIAM,45164,1
REESVILLE,45166,1
SABINA,45169,1
SINKING SPRING,45172,1
TERRACE PARK,45174,1
ANNA,45302,1
ARCANUM,45304,1
BELLBROOK,45305,1
BOTKINS,45306,1
BURKETTSVILLE,45310,1
CASSTOWN,45312,1
DONNELSVILLE,45319,1
ELDORADO,45321,1
ENON,45323,1
FAIRBORN,45324,1
FARMERSVILLE,45325,1
GRATIS,45330,1
HOLLANSBURG,45332,1
KETTLERSVILLE,45336,1
LAURA,45337,1
LUDLOW FALLS,45339,1
NEW CARLISLE,45344,1
NEW MADISON,45346,1
NEW WESTON,45348,1
NORTH STAR,45350,1
OSGOOD,45351,1
PIQUA,45356,1
PITSBURG,45358,1
ROSSBURG,45362,1
RUSSIA,45363,1
SOUTH CHARLESTON,45368,1
SOUTH VIENNA,45369,1
TIPP CITY,45371,1
TREMONT CITY,45372,1
VANDALIA,45377,1
WEST ALEXANDRIA,45381,1
WEST MANCHESTER,45382,1
WILBERFORCE,45384,1
XENIA,45385,1
YELLOW SPRINGS,45387,1
CHILLICOTHE,45601,1
BIDWELL,45614,1
BOURNEVILLE,45617,1
CHERRY FORK,45618,1
CROWN CITY,45623,1
FRANKLIN FURNACE,45629,1
GALLIPOLIS,45631,1
HALLSVILLE,45633,1
IRONTON,45638,1
KERR,45643,1
KITTS HILL,45645,1
LYNX,45650,1
MC ARTHUR,45651,1
MC DERMOTT,45652,1
MINFORD,45653,1
NEW PLYMOUTH,45654,1
OTWAY,45657,1
PATRIOT,45658,1
PEDRO,45659,1
PEEBLES,45660,1
PIKETON,45661,1
WEST PORTSMOUTH,45663,1
RARDEN,45671,1
RAY,45672,1
RICHMOND DALE,45673,1
ROCK CAMP,45675,1
SCIOTO FURNACE,45677,1
SCOTTOWN,45678,1
SEAMAN,45679,1
SOUTH POINT,45680,1
SOUTH WEBSTER,45682,1
STOUT,45684,1
THURMAN,45685,1
WELLSTON,45692,1
WHEELERSBURG,45694,1
WILKESVILLE,45695,1
WILLOW WOOD,45696,1
ZALESKI,45698,1
AMESVILLE,45711,1
BELPRE,45714,1
BUCHTEL,45716,1
COAL RUN,45721,1
COOLVILLE,45723,1
DEXTER CITY,45727,1
GLOUSTER,45732,1
GUYSVILLE,45735,1
HOCKINGPORT,45739,1
LANGSVILLE,45741,1
LITTLE HOCKING,45742,1
LONG BOTTOM,45743,1
LOWER SALEM,45745,1
MACKSBURG,45746,1
MILLFIELD,45761,1
NELSONVILLE,45764,1
NEW MARSHFIELD,45766,1
NEW MATAMORAS,45767,1
SHADE,45776,1
TORCH,45781,1
TUPPERS PLAINS,45783,1
WHIPPLE,45788,1
WINGETT RUN,45789,1
GOMER,45809,1
ALGER,45812,1
BELMORE,45815,1
BENTON RIDGE,45816,1
CHICKASAW,45826,1
COLUMBUS GROVE,45830,1
CONTINENTAL,45831,1
CONVOY,45832,1
DELPHOS,45833,1
DOLA,45835,1
DUPONT,45837,1
JENERA,45841,1
FORT JENNINGS,45844,1
FORT LORAMIE,45845,1
FORT RECOVERY,45846,1
GLANDORF,45848,1
GROVER HILL,45849,1
HARROD,45850,1
HAVILAND,45851,1
KALIDA,45853,1
LATTY,45855,1
LEIPSIC,45856,1
MC COMB,45858,1
MC GUFFEY,45859,1
MARIA STEIN,45860,1
MIDDLE POINT,45863,1
MILLER CITY,45864,1
MINSTER,45865,1
MOUNT BLANCHARD,45867,1
MOUNT CORY,45868,1
NEW BREMEN,45869,1
NEW KNOXVILLE,45871,1
NORTH BALTIMORE,45872,1
OHIO CITY,45874,1
OTTOVILLE,45876,1
PANDORA,45877,1
PAYNE,45880,1
RAWSON,45881,1
SAINT HENRY,45883,1
UNIOPOLIS,45888,1
VANLUE,45890,1
VAN WERT,45891,1
VAUGHNSVILLE,45893,1
VENEDOCIA,45894,1
WAPAKONETA,45895,1
WAYNESFIELD,45896,1
WILLSHIRE,45898,1
WREN,45899,1
FORTVILLE,46040,1
FRANKTON,46044,1
GOLDSMITH,46045,1
HILLISBURG,46046,1
INGALLS,46048,1
KIRKLIN,46050,1
LAPEL,46051,1
MC CORDSVILLE,46055,1
MARKLEVILLE,46056,1
MICHIGANTOWN,46057,1
ORESTES,46063,1
THORNTOWN,46071,1
WHITESTOWN,46075,1
WINDFALL,46076,1
AMO,46103,1
BARGERSVILLE,46106,1
BOGGSTOWN,46110,1
CAMBY,46113,1
CARTERSBURG,46114,1
EDINBURGH,46124,1
FAIRLAND,46126,1
FINLY,46129,1
FOUNTAINTOWN,46130,1
GWYNNEVILLE,46144,1
KNIGHTSTOWN,46148,1
LIZTON,46149,1
MANILLA,46150,1
MAXWELL,46154,1
MAYS,46155,1
NEW PALESTINE,46163,1
PARAGON,46166,1
PUTNAMVILLE,46170,1
REELSVILLE,46171,1
ROACHDALE,46172,1
STILESVILLE,46180,1
TRAFALGAR,46181,1
WALDRON,46182,1
WHITELAND,46184,1
BEVERLY SHORES,46301,1
BOONE GROVE,46302,1
CEDAR LAKE,46303,1
CHESTERTON,46304,1
DEMOTTE,46310,1
EAST CHICAGO,46312,1
GRIFFITH,46319,1
MUNSTER,46321,1
HANNA,46340,1
KINGSBURY,46345,1
KINGSFORD HEIGHTS,46346,1
KOUTS,46347,1
LAKE VILLAGE,46349,1
NORTH JUDSON,46366,1
ROLLING PRAIRIE,46371,1
ROSELAWN,46372,1
SAN PIERRE,46374,1
SCHERERVILLE,46375,1
SCHNEIDER,46376,1
SUMAVA RESORTS,46379,1
TEFFT,46380,1
THAYER,46381,1
WANATAH,46390,1
WHEATFIELD,46392,1
LAKE STATION,46405,1
ARGOS,46501,1
BOURBON,46504,1
BURKET,46508,1
CLAYPOOL,46510,1
CULVER,46511,1
DONALDSON,46513,1
ETNA GREEN,46524,1
GRANGER,46530,1
GROVERTOWN,46531,1
LAPAZ,46537,1
NAPPANEE,46550,1
NORTH LIBERTY,46554,1
NORTH WEBSTER,46555,1
NOTRE DAME,46556,1
PIERCETON,46562,1
SHIPSHEWANA,46565,1
WAKARUSA,46573,1
WINONA LAKE,46590,1
AVILLA,46710,1
BIPPUS,46713,1
COLUMBIA CITY,46725,1
CORUNNA,46730,1
CRAIGVILLE,46731,1
GRABILL,46741,1
HOAGLAND,46745,1
HOWE,46746,1
HUNTERTOWN,46748,1
KENDALLVILLE,46755,1
KIMMELL,46760,1
LAOTTO,46763,1
LARWILL,46764,1
LEO,46765,1
LINN GROVE,46769,1
MARKLE,46770,1
MONGO,46771,1
OSSIAN,46777,1
PLEASANT LAKE,46779,1
PLEASANT MILLS,46780,1
PONETO,46781,1
ROME CITY,46784,1
SAINT JOE,46785,1
SOUTH MILFORD,46786,1
SOUTH WHITLEY,46787,1
STROH,46789,1
WAWAKA,46794,1
WOLCOTTVILLE,46795,1
WOLFLAKE,46796,1
YODER,46798,1
AMBOY,46911,1
BRINGHURST,46913,1
BURROWS,46916,1
DEEDSVILLE,46921,1
DELONG,46922,1
DELPHI,46923,1
FOWLERTON,46930,1
GAS CITY,46933,1
GRASS CREEK,46935,1
KEWANNA,46939,1
LA FONTAINE,46940,1
LAGRO,46941,1
LAKE CICOTT,46942,1
LAKETON,46943,1
LEITERS FORD,46945,1
LIBERTY MILLS,46946,1
LOGANSPORT,46947,1
LUCERNE,46950,1
MACY,46951,1
NEW WAVERLY,46961,1
NORTH MANCHESTER,46962,1
OAKFORD,46965,1
ONWARD,46967,1
ORA,46968,1
GRISSOM ARB,46971,1
ROANN,46974,1
ROYAL CENTER,46978,1
RUSSIAVILLE,46979,1
SERVIA,46980,1
STAR CITY,46985,1
SWAYZEE,46986,1
SWEETSER,46987,1
TWELVE MILE,46988,1
WABASH,46992,1
WEST MIDDLETON,46995,1
WINAMAC,46996,1
WEST COLLEGE CORNER,47003,1
EAST ENTERPRISE,47019,1
HOLTON,47023,1
MOORES HILL,47032,1
NEW TRENTON,47035,1
OLDENBURG,47036,1
PIERCEVILLE,47039,1
SUNMAN,47041,1
VEVAY,47043,1
BORDEN,47106,1
DEPAUW,47115,1
ECKERTY,47116,1
FLOYDS KNOBS,47119,1
GRANTSBURG,47123,1
LEAVENWORTH,47137,1
MAUCKPORT,47142,1
MOUNT SAINT FRANCIS,47146,1
NABB,47147,1
NEW SALISBURY,47161,1
OTISCO,47163,1
SELLERSBURG,47172,1
TASWELL,47175,1
UNDERWOOD,47177,1
BUTLERVILLE,47223,1
COMMISKEY,47227,1
CROTHERSVILLE,47229,1
DEPUTY,47230,1
FREETOWN,47235,1
GRAMMER,47236,1
KURTZ,47249,1
MEDORA,47260,1
MILLHOUSEN,47261,1
NORTH VERNON,47265,1
PARIS CROSSING,47270,1
SCIPIO,47273,1
VALLONIA,47281,1
CAMBRIDGE CITY,47327,1
CONNERSVILLE,47331,1
DUNREITH,47337,1
ECONOMY,47339,1
FARMLAND,47340,1
FOUNTAIN CITY,47341,1
GREENS FORK,47345,1
HARTFORD CITY,47348,1
KENNARD,47351,1
LOSANTVILLE,47354,1
MOORELAND,47360,1
MOUNT SUMMIT,47361,1
PARKER CITY,47368,1
PENNVILLE,47369,1
PERSHING,47370,1
REDKEY,47373,1
SALAMONIA,47381,1
SPICELAND,47385,1
SPRINGPORT,47386,1
STRAUGHN,47387,1
ELLETTSVILLE,47429,1
FORT RITNER,47430,1
FRENCH LICK,47432,1
GOSPORT,47433,1
HELMSBURG,47435,1
HELTONVILLE,47436,1
JASONVILLE,47438,1
KOLEEN,47439,1
LINTON,47441,1
OOLITIC,47451,1
OWENSBURG,47453,1
PATRICKSBURG,47455,1
SOLSBERRY,47459,1
STINESVILLE,47464,1
SWITZ CITY,47465,1
WEST BADEN SPRINGS,47469,1
BICKNELL,47512,1
BIRDSEYE,47513,1
BRUCEVILLE,47516,1
CANNELBURG,47519,1
CELESTINE,47521,1
CRANE,47522,1
DECKER,47524,1
DUBOIS,47527,1
EDWARDSPORT,47528,1
ELNORA,47529,1
FERDINAND,47532,1
FREELANDVILLE,47535,1
FULDA,47536,1
GENTRYVILLE,47537,1
HUNTINGBURG,47542,1
LEOPOLD,47551,1
LINCOLN CITY,47552,1
LOOGOOTEE,47553,1
MARIAH HILL,47556,1
MONROE CITY,47557,1
OAKTOWN,47561,1
ODON,47562,1
OTWELL,47564,1
RAGSDALE,47573,1
SAINT ANTHONY,47575,1
SAINT CROIX,47576,1
SAINT MEINRAD,47577,1
SANDBORN,47578,1
SANTA CLAUS,47579,1
SCHNELLVILLE,47580,1
SPURGEON,47584,1
STENDAL,47585,1
TELL CITY,47586,1
VELPEN,47590,1
VINCENNES,47591,1
WESTPHALIA,47596,1
CHRISNEY,47611,1
ELBERFELD,47613,1
FOLSOMVILLE,47614,1
INGLEFIELD,47618,1
NEW HARMONY,47631,1
POSEYVILLE,47633,1
TENNYSON,47637,1
WADESVILLE,47638,1
HAUBSTADT,47639,1
BUCKSKIN,47647,1
FORT BRANCH,47648,1
FRANCISCO,47649,1
MACKEY,47654,1
OAKLAND CITY,47660,1
PATOKA,47666,1
BLANFORD,47831,1
BRAZIL,47834,1
CARBON,47837,1
CENTERPOINT,47840,1
CORY,47846,1
DUGGER,47848,1
FARMERSBURG,47850,1
FONTANET,47851,1
HYMERA,47855,1
JUDSON,47856,1
KNIGHTSVILLE,47857,1
MECCA,47860,1
MEROM,47861,1
NEW GOSHEN,47863,1
PIMENTO,47866,1
PRAIRIE CREEK,47869,1
PRAIRIETON,47870,1
RILEY,47871,1
SAINT BERNICE,47875,1
SAINT MARY OF THE WOODS,47876,1
SEELYVILLE,47878,1
SHELBURN,47879,1
SHEPARDSVILLE,47880,1
UNIVERSAL,47884,1
WEST TERRE HAUTE,47885,1
AMBIA,47917,1
BATTLE GROUND,47920,1
BROOK,47922,1
BROOKSTON,47923,1
BUCK CREEK,47924,1
BURNETTSVILLE,47926,1
CHALMERS,47929,1
EARL PARK,47942,1
FAIR OAKS,47943,1
FRANCESVILLE,47946,1
KENTLAND,47951,1
LADOGA,47954,1
MEDARYVILLE,47957,1
MELLOTT,47958,1
MONON,47959,1
MOROCCO,47963,1
MOUNT AYR,47964,1
NEW ROSS,47968,1
OTTERBEIN,47970,1
PINE VILLAGE,47975,1
STOCKWELL,47983,1
TALBOT,47984,1
VEEDERSBURG,47987,1
WAYNETOWN,47990,1
YEOMAN,47997,1
ALGONAC,48001,1
ALLENTON,48002,1
ALMONT,48003,1
ANCHORVILLE,48004,1
ARMADA,48005,1
CAPAC,48014,1
CENTER LINE,48015,1
EASTPOINTE,48021,1
EMMETT,48022,1
FRASER,48026,1
GOODELLS,48027,1
HARSENS ISLAND,48028,1
HAZEL PARK,48030,1
JEDDO,48032,1
MARINE CITY,48039,1
HARRISON TOWNSHIP,48045,1
NORTH STREET,48049,1
EAST CHINA,48054,1
FORT GRATIOT,48059,1
ROMEO,48065,1
PLEASANT RIDGE,48069,1
HUNTINGTON WOODS,48070,1
SMITHS CREEK,48074,1
ALLEN PARK,48101,1
AZALIA,48110,1
CARLETON,48117,1
MELVINDALE,48122,1
GREGORY,48137,1
GROSSE ILE,48138,1
IDA,48140,1
INKSTER,48141,1
LA SALLE,48145,1
LUNA PIER,48157,1
MAYBEE,48159,1
NEW HUDSON,48165,1
PINCKNEY,48169,1
SALINE,48176,1
SAMARIA,48177,1
SOUTH LYON,48178,1
SOUTH ROCKWOOD,48179,1
TEMPERANCE,48182,1
WHITMORE LAKE,48189,1
WHITTAKER,48190,1
WYANDOTTE,48192,1
SOUTHGATE,48195,1
HAMTRAMCK,48212,1
RIVER ROUGE,48218,1
HARPER WOODS,48225,1
ECORSE,48229,1
KEEGO HARBOR,48320,1
DRAYTON PLAINS,48330,1
DAVISBURG,48350,1
LEONARD,48367,1
COMMERCE TOWNSHIP,48382,1
UNION LAKE,48387,1
WIXOM,48393,1
APPLEGATE,48401,1
ATLAS,48411,1
BAD AXE,48413,1
BIRCH RUN,48415,1
BROWN CITY,48416,1
CARSONVILLE,48419,1
CROSWELL,48422,1
DAVISON,48423,1
DECKERVILLE,48427,1
DURAND,48429,1
FILION,48432,1
GOODRICH,48438,1
GRAND BLANC,48439,1
HARBOR BEACH,48441,1
HOLLY,48442,1
IMLAY CITY,48444,1
KINDE,48445,1
LAPEER,48446,1
LENNON,48449,1
MARLETTE,48453,1
MINDEN CITY,48456,1
NEW LOTHROP,48460,1
ORTONVILLE,48462,1
OTTER LAKE,48464,1
PALMS,48465,1
PECK,48466,1
PORT AUSTIN,48467,1
PORT HOPE,48468,1
PORT SANILAC,48469,1
SNOVER,48472,1
SWARTZ CREEK,48473,1
UBLY,48475,1
BENTLEY,48613,1
BRECKENRIDGE,48615,1
CHESANING,48616,1
CLARE,48617,1
COMINS,48619,1
EDENVILLE,48620,1
FARWELL,48622,1
GLADWIN,48624,1
HIGGINS LAKE,48627,1
HOUGHTON LAKE,48629,1
HOUGHTON LAKE HEIGHTS,48630,1
KAWKAWLIN,48631,1
LUPTON,48635,1
MERRILL,48637,1
MIO,48647,1
OAKLEY,48649,1
PINCONNING,48650,1
PRUDENVILLE,48651,1
RHODES,48652,1
ROSCOMMON,48653,1
ROSE CITY,48654,1
SAINT HELEN,48656,1
WEST BRANCH,48661,1
AU GRES,48703,1
BARTON CITY,48705,1
UNIVERSITY CENTER,48710,1
BAY PORT,48720,1
CARO,48723,1
CASEVILLE,48725,1
CASS CITY,48726,1
CURRAN,48728,1
DEFORD,48729,1
EAST TAWAS,48730,1
ESSEXVILLE,48732,1
FAIRGROVE,48733,1
GAGETOWN,48735,1
GLENNIE,48737,1
HALE,48739,1
MIKADO,48745,1
MUNGER,48747,1
OMER,48749,1
OSCODA,48750,1
OWENDALE,48754,1
PIGEON,48755,1
REESE,48757,1
SEBEWAING,48759,1
SILVERWOOD,48760,1
SOUTH BRANCH,48761,1
SPRUCE,48762,1
TWINING,48766,1
VASSAR,48768,1
TUSCOLA,48769,1
WHITTEMORE,48770,1
BANNISTER,48807,1
BELDING,48809,1
COHOCTAH,48816,1
CRYSTAL,48818,1
DIMONDALE,48821,1
EAGLE,48822,1
EATON RAPIDS,48827,1
EDMORE,48829,1
ELM HALL,48830,1
ELWELL,48832,1
FOWLERVILLE,48836,1
GRAND LEDGE,48837,1
HASLETT,48840,1
LAINGSBURG,48848,1
LAKE ODESSA,48849,1
MCBRIDES,48852,1
MAPLE RAPIDS,48853,1
MORRICE,48857,1
MULLIKEN,48861,1
OWOSSO,48867,1
PALO,48870,1
PERRINTON,48871,1
PEWAMO,48873,1
POMPEII,48874,1
POTTERVILLE,48876,1
ROSEBUSH,48878,1
SHAFTSBURG,48882,1
SHEPHERD,48883,1
SIX LAKES,48886,1
SUNFIELD,48890,1
WEBBERVILLE,48892,1
WEIDMAN,48893,1
ALLEGAN,49010,1
BREEDSVILLE,49027,1
BURR OAK,49030,1
CASSOPOLIS,49031,1
CERESCO,49033,1
COLOMA,49038,1
HAGAR SHORES,49039,1
COLON,49040,1
CONSTANTINE,49042,1
COVERT,49043,1
DELTON,49046,1
DOWAGIAC,49047,1
DOWLING,49050,1
EAST LEROY,49051,1
GOBLES,49055,1
HICKORY CORNERS,49060,1
LACOTA,49063,1
LEONIDAS,49066,1
MATTAWAN,49071,1
NOTTAWA,49075,1
OLIVET,49076,1
OSHTEMO,49077,1
OTSEGO,49078,1
PLAINWELL,49080,1
SCHOOLCRAFT,49087,1
SOUTH HAVEN,49090,1
TEKONSHA,49092,1
WHITE PIGEON,49099,1
BARODA,49101,1
BERRIEN CENTER,49102,1
BRIDGMAN,49106,1
EDWARDSBURG,49112,1
GALIEN,49113,1
HARBERT,49115,1
NEW TROY,49119,1
SAWYER,49125,1
THREE OAKS,49128,1
UNION PIER,49129,1
BRITTON,49229,1
CEMENT CITY,49233,1
CLARKLAKE,49234,1
FRONTIER,49239,1
GRASS LAKE,49240,1
MANITOU BEACH,49253,1
MICHIGAN CENTER,49254,1
MORENCI,49256,1
MOSHERVILLE,49258,1
MUNITH,49259,1
NORVELL,49263,1
ONONDAGA,49264,1
ONSTED,49265,1
OTTAWA LAKE,49267,1
PARMA,49269,1
RIGA,49276,1
RIVES JUNCTION,49277,1
ROLLIN,49278,1
SAND CREEK,49279,1
SOMERSET CENTER,49282,1
SPRING ARBOR,49283,1
TECUMSEH,49286,1
BARRYTON,49305,1
BIG RAPIDS,49307,1
BITELY,49309,1
BROHMAN,49312,1
BURNIPS,49314,1
BYRON CENTER,49315,1
CANNONSBURG,49317,1
CASNOVIA,49318,1
COMSTOCK PARK,49321,1
DORR,49323,1
GOWEN,49326,1
HOWARD CITY,49329,1
KENT CITY,49330,1
MECOSTA,49332,1
MORLEY,49336,1
NEWAYGO,49337,1
REMUS,49340,1
RODNEY,49342,1
STANWOOD,49346,1
TRUFANT,49347,1
WHITE CLOUD,49349,1
BRANCH,49402,1
COOPERSVILLE,49404,1
FENNVILLE,49408,1
FERRYSBURG,49409,1
FREE SOIL,49411,1
FRUITPORT,49415,1
GRAND HAVEN,49417,1
HART,49420,1
HUDSONVILLE,49426,1
LUDINGTON,49431,1
MACATAWA,49434,1
MARNE,49435,1
NEW ERA,49446,1
NUNICA,49448,1
PENTWATER,49449,1
ROTHBURY,49452,1
SAUGATUCK,49453,1
TWIN LAKE,49457,1
WALKERVILLE,49459,1
WEST OLIVE,49460,1
WABANINGO,49463,1
ZEELAND,49464,1
CADILLAC,49601,1
BENZONIA,49616,1
BOON,49618,1
BRETHREN,49619,1
BUCKLEY,49620,1
CEDAR,49621,1
CENTRAL LAKE,49622,1
COPEMISH,49625,1
ELK RAPIDS,49629,1
EVART,49631,1
FIFE LAKE,49633,1
FILER CITY,49634,1
GLEN ARBOR,49636,1
GRAWN,49637,1
HARRIETTA,49638,1
HERSEY,49639,1
HONOR,49640,1
INTERLOCHEN,49643,1
IRONS,49644,1
KALEVA,49645,1
KALKASKA,49646,1
KEWADIN,49648,1
LAKE ANN,49650,1
LAKE LEELANAU,49653,1
LUTHER,49656,1
MC BAIN,49657,1
MANCELONA,49659,1
MANISTEE,49660,1
MANTON,49663,1
MAPLE CITY,49664,1
MESICK,49668,1
OLD MISSION,49673,1
OMENA,49674,1
ONEKAMA,49675,1
REED CITY,49677,1
SEARS,49679,1
SOUTH BOARDMAN,49680,1
SUTTONS BAY,49682,1
MACKINAW CITY,49701,1
ALANSON,49706,1
ALPENA,49707,1
BARBEAU,49710,1
BOYNE CITY,49712,1
BOYNE FALLS,49713,1
BRUTUS,49716,1
BURT LAKE,49717,1
CARP LAKE,49718,1
CHARLEVOIX,49720,1
CHEBOYGAN,49721,1
CROSS VILLAGE,49723,1
DAFTER,49724,1
DE TOUR VILLAGE,49725,1
DRUMMOND ISLAND,49726,1
EAST JORDAN,49727,1
ECKERMAN,49728,1
FREDERIC,49733,1
GOETZVILLE,49736,1
GOOD HART,49737,1
HARBOR SPRINGS,49740,1
HAWKS,49743,1
HERRON,49744,1
HESSEL,49745,1
HILLMAN,49746,1
HUBBARD LAKE,49747,1
HULBERT,49748,1
INDIAN RIVER,49749,1
JOHANNESBURG,49751,1
KINROSS,49752,1
LACHINE,49753,1
LEVERING,49755,1
MACKINAC ISLAND,49757,1
MORAN,49760,1
MULLETT LAKE,49761,1
NAUBINWAY,49762,1
ONAWAY,49765,1
OSSINEKE,49766,1
PELLSTON,49769,1
PETOSKEY,49770,1
PICKFORD,49774,1
POINTE AUX PINS,49775,1
POSEN,49776,1
ROGERS CITY,49779,1
RUDYARD,49780,1
SAINT IGNACE,49781,1
BEAVER ISLAND,49782,1
SAULT SAINTE MARIE,49783,1
STRONGS,49790,1
TOPINABEE,49791,1
TOWER,49792,1
TROUT LAKE,49793,1
WALLOON LAKE,49796,1
WATERS,49797,1
WOLVERINE,49799,1
IRON MOUNTAIN,49801,1
KINGSFORD,49802,1
ALLOUEZ,49805,1
AU TRAIN,49806,1
BARK RIVER,49807,1
BIG BAY,49808,1
CARNEY,49812,1
CEDAR RIVER,49813,1
CHANNING,49815,1
COOKS,49817,1
CORNELL,49818,1
CURTIS,49820,1
DAGGETT,49821,1
DEERTON,49822,1
EBEN JUNCTION,49825,1
RUMELY,49826,1
ENGADINE,49827,1
ESCANABA,49829,1
FELCH,49831,1
LITTLE LAKE,49833,1
FOSTER CITY,49834,1
GARDEN,49835,1
GERMFASK,49836,1
GOULD CITY,49838,1
GRAND MARAIS,49839,1
GULLIVER,49840,1
GWINN,49841,1
HERMANSVILLE,49847,1
ISHPEMING,49849,1
MC MILLAN,49853,1
MANISTIQUE,49854,1
MARQUETTE,49855,1
MENOMINEE,49858,1
MICHIGAMME,49861,1
MUNISING,49862,1
NADEAU,49863,1
NAHMA,49864,1
NATIONAL MINE,49865,1
NEGAUNEE,49866,1
PERRONVILLE,49873,1
POWERS,49874,1
QUINNESEC,49876,1
RAPID RIVER,49878,1
SAGOLA,49881,1
SENEY,49883,1
SHINGLETON,49884,1
SKANDIA,49885,1
SPALDING,49886,1
TRENARY,49891,1
WETMORE,49895,1
AHMEEK,49901,1
AMASA,49903,1
ATLANTIC MINE,49905,1
BARAGA,49908,1
BERGLAND,49910,1
BRUCE CROSSING,49912,1
CASPIAN,49915,1
CHASSELL,49916,1
COPPER CITY,49917,1
COPPER HARBOR,49918,1
CRYSTAL FALLS,49920,1
DOLLAR BAY,49922,1
EWEN,49925,1
GAASTRA,49927,1
HUBBELL,49934,1
IRON RIVER,49935,1
IRONWOOD,49938,1
LAKE LINDEN,49945,1
MARENISCO,49947,1
MASS CITY,49948,1
NISULA,49952,1
ONTONAGON,49953,1
PAINESDALE,49955,1
PELKIE,49958,1
RAMSAY,49959,1
SIDNAW,49961,1
SKANEE,49962,1
SOUTH RANGE,49963,1
TOIVOLA,49965,1
WATERSMEET,49969,1
WATTON,49970,1
ACKWORTH,50001,1
ADAIR,50002,1
ALLEMAN,50007,1
ALLERTON,50008,1
BAGLEY,50026,1
BARNES CITY,50027,1
BEVINGTON,50033,1
BLAIRSBURG,50034,1
BONDURANT,50035,1
BOUTON,50039,1
BOXHOLM,50040,1
BRAYTON,50042,1
BUSSEY,50044,1
CASEY,50048,1
CHARITON,50049,1
CHURDAN,50050,1
COLO,50056,1
COON RAPIDS,50058,1
COOPER,50059,1
DALLAS CENTER,50063,1
DAVIS CITY,50065,1
DOWS,50071,1
EARLHAM,50072,1
ELLSTON,50074,1
EXIRA,50076,1
GALT,50101,1
GRIMES,50111,1
GUTHRIE CENTER,50115,1
HUMESTON,50123,1
HUXLEY,50124,1
IOWA FALLS,50126,1
IRA,50127,1
KAMRAR,50132,1
KELLERTON,50133,1
KELLEY,50134,1
KELLOGG,50135,1
KILLDUFF,50137,1
LAMONI,50140,1
LE GRAND,50142,1
LISCOMB,50148,1
LORIMOR,50149,1
LOVILIA,50150,1
MC CALLSBURG,50154,1
MALCOM,50157,1
MARSHALLTOWN,50158,1
MARTENSDALE,50160,1
MELCHER,50163,1
MINBURN,50167,1
MONTOUR,50173,1
NEW VIRGINIA,50210,1
OTLEY,50214,1
PANORA,50216,1
PATON,50217,1
PELLA,50219,1
PILOT MOUND,50223,1
POPEJOY,50227,1
PRAIRIE CITY,50228,1
PROLE,50229,1
RADCLIFFE,50230,1
RANDALL,50231,1
REASNOR,50232,1
RIPPEY,50235,1
ROLAND,50236,1
RUNNELLS,50237,1
SEARSBORO,50242,1
SHELDAHL,50243,1
STATE CENTER,50247,1
STORY CITY,50248,1
SULLY,50251,1
SWAN,50252,1
VAN METER,50261,1
WAUKEE,50263,1
WHAT CHEER,50268,1
WHITTEN,50269,1
WINTERSET,50273,1
WIOTA,50274,1
ZEARING,50278,1
CLIVE,50325,1
BELMOND,50421,1
BRITT,50423,1
BUFFALO CENTER,50424,1
CARPENTER,50426,1
CLEAR LAKE,50428,1
CORWITH,50430,1
COULTER,50431,1
DOUGHERTY,50433,1
FERTILE,50434,1
GOODELL,50439,1
HANLONTOWN,50444,1
JOICE,50446,1
KANAWHA,50447,1
KENSETT,50448,1
KLEMME,50449,1
LAKE MILLS,50450,1
LAKOTA,50451,1
LATIMER,50452,1
LITTLE CEDAR,50454,1
MC INTIRE,50455,1
MANLY,50456,1
MESERVEY,50457,1
NORA SPRINGS,50458,1
ORCHARD,50460,1
RAKE,50465,1
ROCK FALLS,50467,1
ROWAN,50470,1
RUDD,50471,1
SAINT ANSGAR,50472,1
SCARVILLE,50473,1
SWALEDALE,50477,1
TITONKA,50480,1
TOETERVILLE,50481,1
WODEN,50484,1
FORT DODGE,50501,1
ALBERT CITY,50510,1
ALGONA,50511,1
ARMSTRONG,50514,1
AYRSHIRE,50515,1
BADGER,50516,1
BARNUM,50518,1
BODE,50519,1
BRADGATE,50520,1
CALLENDER,50523,1
CURLEW,50527,1
CYLINDER,50528,1
DAKOTA CITY,50529,1
DOLLIVER,50531,1
DUNCOMBE,50532,1
EAGLE GROVE,50533,1
EARLY,50535,1
EMMETSBURG,50536,1
FARNHAMVILLE,50538,1
GILMORE CITY,50541,1
GOLDFIELD,50542,1
GOWRIE,50543,1
HARCOURT,50544,1
JOLLEY,50551,1
KNIERIM,50552,1
LEHIGH,50557,1
LONE ROCK,50559,1
LU VERNE,50560,1
LYTTON,50561,1
MALLARD,50562,1
MOORLAND,50566,1
NEMAHA,50567,1
OTHO,50569,1
OTTOSEN,50570,1
PLOVER,50573,1
REMBRANDT,50576,1
RENWICK,50577,1
RINGSTED,50578,1
ROCKWELL CITY,50579,1
ROLFE,50581,1
SAC CITY,50583,1
SIOUX RAPIDS,50585,1
STORM LAKE,50588,1
SWEA CITY,50590,1
THOR,50591,1
TRUESDALE,50592,1
VARINA,50593,1
WEBSTER CITY,50595,1
WOOLSTOCK,50599,1
ACKLEY,50601,1
ALTA VISTA,50603,1
APLINGTON,50604,1
AREDALE,50605,1
BEAMAN,50609,1
COLWELL,50620,1
CONRAD,50621,1
DEWAR,50623,1
DIKE,50624,1
DUNKERTON,50626,1
ELDORA,50627,1
FREDERIKA,50631,1
GARWIN,50632,1
GLADBROOK,50635,1
GRUNDY CENTER,50638,1
KESLEY,50649,1
LA PORTE CITY,50651,1
MARBLE ROCK,50653,1
OELWEIN,50662,1
ORAN,50664,1
READLYN,50668,1
REINBECK,50669,1
SHELL ROCK,50670,1
STEAMBOAT ROCK,50672,1
TRAER,50675,1
TRIPOLI,50676,1
WESTGATE,50681,1
EVANSDALE,50707,1
ARISPE,50831,1
BLOCKTON,50836,1
DIAGONAL,50845,1
FONTANELLE,50846,1
GRAVITY,50848,1
NODAWAY,50857,1
SHANNON CITY,50861,1
TINGLEY,50863,1
VILLISCA,50864,1
ALTA,51002,1
ANTHON,51004,1
AURELIA,51005,1
BRUNSVILLE,51008,1
CASTANA,51010,1
CLEGHORN,51014,1
CLIMBING HILL,51015,1
CORRECTIONVILLE,51016,1
GALVA,51020,1
HAWARDEN,51023,1
HOLSTEIN,51025,1
HORNICK,51026,1
IRETON,51027,1
LARRABEE,51029,1
LE MARS,51031,1
MARCUS,51035,1
MAURICE,51036,1
MOVILLE,51039,1
ONAWA,51040,1
OTO,51044,1
OYENS,51045,1
PAULLINA,51046,1
SCHALLER,51053,1
SERGEANT BLUFF,51054,1
SLOAN,51055,1
UTE,51060,1
WASHTA,51061,1
ALVORD,51230,1
BOYDEN,51234,1
DOON,51235,1
GEORGE,51237,1
HOSPERS,51238,1
LARCHWOOD,51241,1
MATLOCK,51244,1
PRIMGHAR,51245,1
ROCK RAPIDS,51246,1
ROCK VALLEY,51247,1
SIOUX CENTER,51250,1
ALLENDORF,51330,1
ARNOLDS PARK,51331,1
DICKENS,51333,1
ESTHERVILLE,51334,1
EVERLY,51338,1
GILLETT GROVE,51341,1
GRAETTINGER,51342,1
GRUVER,51344,1
HARTLEY,51346,1
MAY CITY,51349,1
OCHEYEDAN,51354,1
OKOBOJI,51355,1
ROYAL,51357,1
RUTHVEN,51358,1
SPIRIT LAKE,51360,1
SUPERIOR,51363,1
TERRIL,51364,1
ASPINWALL,51432,1
BREDA,51436,1
CHARTER OAK,51439,1
DELOIT,51441,1
GLIDDEN,51443,1
HALBUR,51444,1
IDA GROVE,51445,1
KIRKMAN,51447,1
KIRON,51448,1
LIDDERDALE,51452,1
LOHRVILLE,51453,1
ODEBOLT,51458,1
RICKETTS,51460,1
SCHLESWIG,51461,1
WALL LAKE,51466,1
WESTSIDE,51467,1
CARTER LAKE,51510,1
ARION,51520,1
BLENCOE,51523,1
DOW CITY,51528,1
EARLING,51530,1
GRISWOLD,51535,1
HONEY CREEK,51542,1
KIMBALLTON,51543,1
LITTLE SIOUX,51545,1
MC CLELLAND,51548,1
MISSOURI VALLEY,51555,1
MODALE,51556,1
MONDAMIN,51557,1
PACIFIC JUNCTION,51561,1
PERSIA,51563,1
TENNANT,51574,1
TREYNOR,51575,1
BRADDYVILLE,51631,1
CLARINDA,51632,1
COIN,51636,1
COLLEGE SPRINGS,51637,1
FARRAGUT,51639,1
IMOGENE,51645,1
NORTHBORO,51647,1
PERCIVAL,51648,1
SHAMBAUGH,51651,1
TABOR,51653,1
ANDREW,52030,1
COLESBURG,52035,1
DYERSVILLE,52040,1
ELKADER,52043,1
ELKPORT,52044,1
FARLEY,52046,1
GARBER,52048,1
GARNAVILLO,52049,1
GUTTENBERG,52052,1
HOLY CROSS,52053,1
LA MOTTE,52054,1
LITTLEPORT,52055,1
LUXEMBURG,52056,1
MAQUOKETA,52060,1
MILES,52064,1
NORTH BUENA VISTA,52066,1
PEOSTA,52068,1
SABULA,52070,1
SAINT DONATUS,52071,1
SAINT OLAF,52072,1
SPRAGUEVILLE,52074,1
SPRINGBROOK,52075,1
STRAWBERRY POINT,52076,1
ZWINGLE,52079,1
DECORAH,52101,1
CALMAR,52132,1
FORT ATKINSON,52144,1
HAWKEYE,52147,1
HIGHLANDVILLE,52149,1
LAWLER,52154,1
LIME SPRINGS,52155,1
LUANA,52156,1
MC GREGOR,52157,1
MONONA,52159,1
NEW ALBIN,52160,1
POSTVILLE,52162,1
PROTIVIN,52163,1
RANDALIA,52164,1
SAINT LUCAS,52166,1
SPILLVILLE,52168,1
WADENA,52169,1
WAUCOMA,52171,1
WAUKON,52172,1
AINSWORTH,52201,1
ALBURNETT,52202,1
ANAMOSA,52205,1
BELLE PLAINE,52208,1
CENTER JUNCTION,52212,1
CLUTIER,52217,1
COGGON,52218,1
PRAIRIEBURG,52219,1
CONROY,52220,1
GUERNSEY,52221,1
HILLS,52235,1
CORALVILLE,52241,1
KALONA,52247,1
KEOTA,52248,1
LADORA,52251,1
LANGWORTHY,52252,1
LOST NATION,52254,1
LOWDEN,52255,1
MARTELLE,52305,1
MIDDLE AMANA,52307,1
MOUNT AUBURN,52313,1
NORTH ENGLISH,52316,1
ONSLOW,52321,1
OXFORD JUNCTION,52323,1
PARNELL,52325,1
QUASQUETON,52326,1
ROBINS,52328,1
RYAN,52330,1
SHELLSBURG,52332,1
SOUTH AMANA,52334,1
SOUTH ENGLISH,52335,1
SWISHER,52338,1
TAMA,52339,1
TROY MILLS,52344,1
VAN HORNE,52346,1
VINING,52348,1
WALFORD,52351,1
WATKINS,52354,1
WELLMAN,52356,1
OTTUMWA,52501,1
AGENCY,52530,1
ALBIA,52531,1
BLAKESBURG,52536,1
CANTRIL,52542,1
DOUDS,52551,1
DRAKESVILLE,52552,1
ELDON,52554,1
EXLINE,52555,1
FLORIS,52560,1
HEDRICK,52563,1
KEOSAUQUA,52565,1
OLLIE,52576,1
OSKALOOSA,52577,1
PACKWOOD,52580,1
PROMISE CITY,52583,1
SIGOURNEY,52591,1
UDELL,52593,1
BONAPARTE,52620,1
DONNELLSON,52625,1
FORT MADISON,52627,1
KEOKUK,52632,1
LOCKRIDGE,52635,1
MEDIAPOLIS,52637,1
MORNING SUN,52640,1
OLDS,52647,1
PILOT GROVE,52648,1
SPERRY,52650,1
SWEDESBURG,52652,1
WAPELLO,52653,1
WEVER,52658,1
ATALISSA,52720,1
BETTENDORF,52722,1
CALAMUS,52729,1
CAMANCHE,52730,1
COLUMBUS CITY,52737,1
COLUMBUS JUNCTION,52738,1
DE WITT,52742,1
DONAHUE,52746,1
GOOSE LAKE,52750,1
GRAND MOUND,52751,1
LE CLAIRE,52753,1
LETTS,52754,1
LONE TREE,52755,1
LONG GROVE,52756,1
MC CAUSLAND,52758,1
MUSCATINE,52761,1
TEEDS GROVE,52771,1
WALCOTT,52773,1
WELTON,52774,1
ADELL,53001,1
ASHIPPUN,53003,1
BELGIUM,53004,1
CAMPBELLSPORT,53010,1
CEDARBURG,53012,1
CHILTON,53014,1
CLYMAN,53016,1
COLGATE,53017,1
DELAFIELD,53018,1
ELKHART LAKE,53020,1
GLENBEULAH,53023,1
HORICON,53032,1
HUBERTUS,53033,1
HUSTISFORD,53034,1
IRON RIDGE,53035,1
IXONIA,53036,1
JOHNSON CREEK,53038,1
KEWASKUM,53040,1
KIEL,53042,1
KOHLER,53044,1
LANNON,53046,1
LOMIRA,53048,1
MERTON,53056,1
MOUNT CALVARY,53057,1
NASHOTAH,53058,1
NEOSHO,53059,1
NORTH LAKE,53064,1
OCONOMOWOC,53066,1
OKAUCHEE,53069,1
OOSTBURG,53070,1
PEWAUKEE,53072,1
RANDOM LAKE,53075,1
RUBICON,53078,1
SAUKVILLE,53080,1
SHEBOYGAN FALLS,53085,1
SLINGER,53086,1
THIENSVILLE,53092,1
MEQUON,53097,1
BENET LAKE,53102,1
CAMP LAKE,53109,1
CUDAHY,53110,1
DELAVAN,53115,1
DOUSMAN,53118,1
EAST TROY,53120,1
ELM GROVE,53122,1
FRANKSVILLE,53126,1
GENESEE DEPOT,53127,1
GENOA CITY,53128,1
GREENDALE,53129,1
HALES CORNERS,53130,1
HELENVILLE,53137,1
KANSASVILLE,53139,1
MUKWONAGO,53149,1
MUSKEGO,53150,1
NEW MUNSTER,53152,1
NORTH PRAIRIE,53153,1
OAK CREEK,53154,1
PELL LAKE,53157,1
PLEASANT PRAIRIE,53158,1
POWERS LAKE,53159,1
SOUTH MILWAUKEE,53172,1
STURTEVANT,53177,1
TREVOR,53179,1
TWIN LAKES,53181,1
WHITEWATER,53190,1
WILLIAMS BAY,53191,1
WOODWORTH,53194,1
ZENDA,53195,1
ARENA,53503,1
BLACK EARTH,53515,1
BLANCHARDVILLE,53516,1
BLUE MOUNDS,53517,1
BROWNTOWN,53522,1
DANE,53529,1
DE FOREST,53532,1
EDMUND,53535,1
FOOTVILLE,53537,1
GOTHAM,53540,1
JUDA,53550,1
MC FARLAND,53558,1
MAZOMANIE,53560,1
MONTFORT,53569,1
MOUNT HOREB,53572,1
MUSCODA,53573,1
NEW GLARUS,53574,1
ORFORDVILLE,53576,1
PLAIN,53577,1
PRAIRIE DU SAC,53578,1
REESEVILLE,53579,1
REWEY,53580,1
RICHLAND CENTER,53581,1
SAUK CITY,53583,1
SEXTONVILLE,53584,1
SHULLSBURG,53586,1
SOUTH WAYNE,53587,1
SPRING GREEN,53588,1
WAUNAKEE,53597,1
BEETOWN,53802,1
BOSCOBEL,53805,1
CUBA CITY,53807,1
DICKEYVILLE,53808,1
FENNIMORE,53809,1
GLEN HAVEN,53810,1
KIELER,53812,1
PATCH GROVE,53817,1
PLATTEVILLE,53818,1
POTOSI,53820,1
PRAIRIE DU CHIEN,53821,1
SINSINAWA,53824,1
STITZER,53825,1
WAUZEKA,53826,1
WOODMAN,53827,1
BARABOO,53913,1
BRIGGSVILLE,53920,1
BURNETT,53922,1
CAMBRIA,53923,1
DELLWOOD,53927,1
ELROY,53929,1
FAIRWATER,53931,1
FOX LAKE,53933,1
FRIESLAND,53935,1
GRAND MARSH,53936,1
HILLPOINT,53937,1
LAKE DELTON,53940,1
LA VALLE,53941,1
LIME RIDGE,53942,1
LYNDON STATION,53944,1
MARKESAN,53946,1
MAUSTON,53948,1
MONTELLO,53949,1
NORTH FREEDOM,53951,1
PACKWAUKEE,53953,1
PARDEEVILLE,53954,1
POYNETTE,53955,1
UNION CENTER,53962,1
WAUPUN,53963,1
WISCONSIN DELLS,53965,1
WONEWOC,53968,1
WYOCENA,53969,1
AMERY,54001,1
BELDENVILLE,54003,1
DRESSER,54009,1
EAST ELLSWORTH,54010,1
EMERALD,54012,1
GLENWOOD CITY,54013,1
HAGER CITY,54014,1
ROBERTS,54023,1
SAINT CROIX FALLS,54024,1
STAR PRAIRIE,54026,1
ABRAMS,54101,1
AMBERG,54102,1
ARMSTRONG CREEK,54103,1
ATHELSTANE,54104,1
BONDUEL,54107,1
BRILLION,54110,1
COMBINED LOCKS,54113,1
CRIVITZ,54114,1
DE PERE,54115,1
FENCE,54120,1
FOREST JUNCTION,54123,1
GREENLEAF,54126,1
HILBERT,54129,1
KAUKAUNA,54130,1
KESHENA,54135,1
KRAKOW,54137,1
LITTLE CHUTE,54140,1
LITTLE SUAMICO,54141,1
MARINETTE,54143,1
NEOPIT,54150,1
NIAGARA,54151,1
OCONTO,54153,1
OCONTO FALLS,54154,1
PEMBINE,54156,1
PESHTIGO,54157,1
PORTERFIELD,54159,1
POTTER,54160,1
SHAWANO,54166,1
SHIOCTON,54170,1
SOBIESKI,54171,1
SUAMICO,54173,1
SURING,54174,1
WAUSAUKEE,54177,1
ZACHOW,54182,1
BAILEYS HARBOR,54202,1
BRUSSELS,54204,1
EGG HARBOR,54209,1
ELLISON BAY,54210,1
EPHRAIM,54211,1
FISH CREEK,54212,1
FRANCIS CREEK,54214,1
KELLNERSVILLE,54215,1
KEWAUNEE,54216,1
MARIBEL,54227,1
MISHICOT,54228,1
NEW FRANKEN,54229,1
SAINT NAZIANZ,54232,1
SISTER BAY,54234,1
STURGEON BAY,54235,1
TISCH MILLS,54240,1
TWO RIVERS,54241,1
VALDERS,54245,1
WASHINGTON ISLAND,54246,1
WHITELAW,54247,1
ABBOTSFORD,54405,1
AMHERST JUNCTION,54407,1
ANIWA,54408,1
ANTIGO,54409,1
ARPIN,54410,1
BABCOCK,54413,1
BIRNAMWOOD,54414,1
BLENKER,54415,1
BOWLER,54416,1
BROKAW,54417,1
CHILI,54420,1
COLBY,54421,1
CURTISS,54422,1
DEERBROOK,54424,1
EDGAR,54426,1
ELAND,54427,1
ELCHO,54428,1
ELDERON,54429,1
JUMP RIVER,54434,1
GRANTON,54436,1
HATLEY,54440,1
IRMA,54442,1
KEMPSTER,54444,1
LOYAL,54446,1
LUBLIN,54447,1
MATTOON,54450,1
MILLADORE,54454,1
MOSINEE,54455,1
NEILLSVILLE,54456,1
NEKOOSA,54457,1
OGEMA,54459,1
OWEN,54460,1
PELICAN LAKE,54463,1
PHLOX,54464,1
PICKEREL,54465,1
PORT EDWARDS,54469,1
RIB LAKE,54470,1
RINGLE,54471,1
ROSHOLT,54473,1
ROTHSCHILD,54474,1
SCHOFIELD,54476,1
STETSONVILLE,54480,1
SUMMIT LAKE,54485,1
TIGERTON,54486,1
VESPER,54489,1
WESTBORO,54490,1
WITHEE,54498,1
WITTENBERG,54499,1
RHINELANDER,54501,1
ARGONNE,54511,1
BOULDER JUNCTION,54512,1
BRANTWOOD,54513,1
BUTTERNUT,54514,1
CLAM LAKE,54517,1
CRANDON,54520,1
EAGLE RIVER,54521,1
FIFIELD,54524,1
GILE,54525,1
GLEN FLORA,54526,1
HARSHAW,54529,1
HAWKINS,54530,1
HAZELHURST,54531,1
HEAFFORD JUNCTION,54532,1
IRON BELT,54536,1
KENNAN,54537,1
LAC DU FLAMBEAU,54538,1
LAKE TOMAHAWK,54539,1
LAONA,54541,1
MC NAUGHTON,54543,1
MANITOWISH WATERS,54545,1
MELLEN,54546,1
MINOCQUA,54548,1
MONTREAL,54550,1
PARK FALLS,54552,1
PRENTICE,54556,1
SAINT GERMAIN,54558,1
SAYNER,54560,1
THREE LAKES,54562,1
TONY,54563,1
UPSON,54565,1
WABENO,54566,1
ALMA CENTER,54611,1
ARKDALE,54613,1
BLACK RIVER FALLS,54615,1
CAMP DOUGLAS,54618,1
CASHTON,54619,1
CATARACT,54620,1
CHASEBURG,54621,1
COCHRANE,54622,1
COON VALLEY,54623,1
DODGE,54625,1
ETTRICK,54627,1
FERRYVILLE,54628,1
GAYS MILLS,54631,1
HIXTON,54635,1
HOLMEN,54636,1
HUSTLER,54637,1
LA FARGE,54639,1
LYNXVILLE,54640,1
MILLSTON,54643,1
MINDORO,54644,1
NECEDAH,54646,1
ONALASKA,54650,1
READSTOWN,54652,1
SOLDIERS GROVE,54655,1
TOMAH,54660,1
TREMPEALEAU,54661,1
TUNNEL CITY,54662,1
VIROQUA,54665,1
WARRENS,54666,1
WESTBY,54667,1
ARKANSAW,54721,1
BLOOMER,54724,1
BOYCEVILLE,54725,1
BOYD,54726,1
CADOTT,54727,1
CHETEK,54728,1
CONRATH,54731,1
DOWNING,54734,1
EAU GALLE,54737,1
ELEVA,54738,1
ELK MOUND,54739,1
FAIRCHILD,54741,1
FALL CREEK,54742,1
HOLCOMBE,54745,1
HUMBIRD,54746,1
JIM FALLS,54748,1
KNAPP,54749,1
MAIDEN ROCK,54750,1
MENOMONIE,54751,1
MERRILLAN,54754,1
MONDOVI,54755,1
NEW AUBURN,54757,1
PEPIN,54759,1
PIGEON FALLS,54760,1
PLUM CITY,54761,1
PRAIRIE FARM,54762,1
STRUM,54770,1
THORP,54771,1
SPOONER,54801,1
ALMENA,54805,1
BALSAM LAKE,54810,1
BARRON,54812,1
BARRONETT,54813,1
BAYFIELD,54814,1
BRILL,54818,1
BRULE,54820,1
CENTURIA,54824,1
CORNUCOPIA,54827,1
COUDERAY,54828,1
DRUMMOND,54832,1
EXELAND,54835,1
GRAND VIEW,54839,1
HAUGEN,54841,1
HERBSTER,54844,1
HERTEL,54845,1
LAKE NEBAGAMON,54849,1
LA POINTE,54850,1
LUCK,54853,1
MIKANA,54857,1
MINONG,54859,1
ODANAH,54861,1
OJIBWA,54862,1
POPLAR,54864,1
PORT WING,54865,1
RADISSON,54867,1
RICE LAKE,54868,1
SARONA,54870,1
SHELL LAKE,54871,1
SIREN,54872,1
SOLON SPRINGS,54873,1
STONE LAKE,54876,1
TREGO,54888,1
TURTLE LAKE,54889,1
WASCOTT,54890,1
WEYERHAEUSER,54895,1
WINTER,54896,1
BIG FALLS,54926,1
BUTTE DES MORTS,54927,1
CAROLINE,54928,1
EMBARRASS,54933,1
GREEN LAKE,54941,1
LARSEN,54947,1
LEOPOLIS,54948,1
MANAWA,54949,1
MENASHA,54952,1
NESHKORO,54960,1
OMRO,54963,1
PICKETT,54964,1
PINE RIVER,54965,1
POY SIPPI,54967,1
REDGRANITE,54970,1
RIPON,54971,1
SAXEVILLE,54976,1
SCANDINAVIA,54977,1
TILLEDA,54978,1
VAN DYNE,54979,1
WAUKAU,54980,1
WAUPACA,54981,1
WAUTOMA,54982,1
WEYAUWEGA,54983,1
WILD ROSE,54984,1
WINNEBAGO,54985,1
WINNECONNE,54986,1
ALMELUND,55002,1
BRAHAM,55006,1
BROOK PARK,55007,1
CANNON FALLS,55009,1
CASTLE ROCK,55010,1
CENTER CITY,55012,1
CHISAGO CITY,55013,1
CIRCLE PINES,55014,1
DALBO,55017,1
FARIBAULT,55021,1
FOREST LAKE,55025,1
FRONTENAC,55026,1
GOODHUE,55027,1
GRASSTON,55030,1
HENRIETTE,55036,1
HUGO,55038,1
ISANTI,55040,1
LAKE ELMO,55042,1
LINDSTROM,55045,1
LONSDALE,55046,1
MARINE ON SAINT CROIX,55047,1
MORA,55051,1
NERSTRAND,55053,1
OWATONNA,55060,1
RED WING,55066,1
ROSEMOUNT,55068,1
RUSH CITY,55069,1
SAINT PAUL PARK,55071,1
SCANDIA,55073,1
SHAFER,55074,1
SOUTH SAINT PAUL,55075,1
STANCHFIELD,55080,1
TAYLORS FALLS,55084,1
VERMILLION,55085,1
WILLERNIE,55090,1
ANOKA,55303,1
BIG LAKE,55309,1
BIRD ISLAND,55310,1
BUFFALO LAKE,55314,1
CHAMPLIN,55316,1
CHANHASSEN,55317,1
CHASKA,55318,1
COKATO,55321,1
CRYSTAL BAY,55323,1
DARWIN,55324,1
DASSEL,55325,1
EDEN VALLEY,55329,1
ELK RIVER,55330,1
GIBBON,55335,1
GREEN ISLE,55338,1
HAMEL,55340,1
MINNETONKA,55345,1
LESTER PRAIRIE,55354,1
MAPLE LAKE,55358,1
MAYER,55360,1
MINNETONKA BEACH,55361,1
MOUND,55364,1
NEW GERMANY,55367,1
PLATO,55370,1
PRIOR LAKE,55372,1
SAINT BONIFACIUS,55375,1
SANTIAGO,55377,1
SHAKOPEE,55379,1
SPRING PARK,55384,1
WACONIA,55387,1
WAYZATA,55391,1
ZIMMERMAN,55398,1
BEAVER BAY,55601,1
BRIMSON,55602,1
FINLAND,55603,1
GRAND PORTAGE,55605,1
HOVLAND,55606,1
KNIFE RIVER,55609,1
LUTSEN,55612,1
SCHROEDER,55613,1
TOFTE,55615,1
TWO HARBORS,55616,1
ADOLPH,55701,1
ALBORN,55702,1
ANGORA,55703,1
ASKOV,55704,1
BABBITT,55706,1
BIWABIK,55708,1
BOVEY,55709,1
CHISHOLM,55719,1
CLOQUET,55720,1
COLERAINE,55722,1
COOK,55723,1
CRANE LAKE,55725,1
ESKO,55733,1
EVELETH,55734,1
FINLAYSON,55735,1
FLOODWOOD,55736,1
FORBES,55738,1
HILL CITY,55748,1
HOYT LAKES,55750,1
IRON,55751,1
JACOBSON,55752,1
KEEWATIN,55753,1
KERRICK,55756,1
KETTLE RIVER,55757,1
KINNEY,55758,1
MCGREGOR,55760,1
MAKINEN,55763,1
MEADOWLANDS,55765,1
MELRUDE,55766,1
MOOSE LAKE,55767,1
MOUNTAIN IRON,55768,1
NASHWAUK,55769,1
ORR,55771,1
NETT LAKE,55772,1
PENGILLY,55775,1
SIDE LAKE,55781,1
SOUDAN,55782,1
STURGEON LAKE,55783,1
SWAN RIVER,55784,1
SWATARA,55785,1
TACONITE,55786,1
TAMARACK,55787,1
TWIG,55791,1
WARBA,55793,1
WILLOW RIVER,55795,1
WRENSHALL,55797,1
WRIGHT,55798,1
ALTURA,55910,1
BLOOMING PRAIRIE,55917,1
BROWNSDALE,55918,1
DAKOTA,55925,1
DODGE CENTER,55927,1
EITZEN,55931,1
EYOTA,55934,1
GRAND MEADOW,55936,1
HAYFIELD,55940,1
HOKAH,55941,1
KASSON,55944,1
LA CRESCENT,55947,1
LYLE,55953,1
MABEL,55954,1
MANTORVILLE,55955,1
MAZEPPA,55956,1
MINNESOTA CITY,55959,1
ORONOCO,55960,1
READS LANDING,55968,1
ROLLINGSTONE,55969,1
ROSE CREEK,55970,1
SARGEANT,55973,1
STEWARTVILLE,55976,1
TAOPI,55977,1
WABASHA,55981,1
WANAMINGO,55983,1
WEST CONCORD,55985,1
WYKOFF,55990,1
ZUMBRO FALLS,55991,1
ZUMBROTA,55992,1
ALBERT LEA,56007,1
BLUE EARTH,56013,1
BRICELYN,56014,1
CLARKS GROVE,56016,1
COMFREY,56019,1
CONGER,56020,1
DARFUR,56022,1
ELYSIAN,56028,1
EMMONS,56029,1
ESSIG,56030,1
FREEBORN,56032,1
FROST,56033,1
GOOD THUNDER,56037,1
GRANADA,56039,1
HANSKA,56041,1
HUNTLEY,56047,1
KASOTA,56050,1
KIESTER,56051,1
KILKENNY,56052,1
LAKE CRYSTAL,56055,1
LE CENTER,56057,1
LE SUEUR,56058,1
MADELIA,56062,1
MADISON LAKE,56063,1
MINNESOTA LAKE,56068,1
NEW PRAGUE,56071,1
NEW RICHLAND,56072,1
NEW ULM,56073,1
NICOLLET,56074,1
NORTHROP,56075,1
SAINT PETER,56082,1
SEARLES,56084,1
SLEEPY EYE,56085,1
TRUMAN,56088,1
WASECA,56093,1
WINDOM,56101,1
ARCO,56113,1
BALATON,56115,1
BEAVER CREEK,56116,1
BIGELOW,56117,1
BINGHAM LAKE,56118,1
BUTTERFIELD,56120,1
CEYLON,56121,1
DOVRAY,56125,1
DUNNELL,56127,1
GARVIN,56132,1
HERON LAKE,56137,1
IHLEN,56140,1
IONA,56141,1
JEFFERS,56145,1
KANARANZI,56146,1
KENNETH,56147,1
LAKE BENTON,56149,1
LAKEFIELD,56150,1
LAKE WILSON,56151,1
LAMBERTON,56152,1
LEOTA,56153,1
LISMORE,56155,1
LYND,56157,1
MOUNTAIN LAKE,56159,1
ODIN,56160,1
OKABENA,56161,1
ORMSBY,56162,1
PIPESTONE,56164,1
RUSHMORE,56168,1
RUTHTON,56170,1
SHERBURN,56171,1
SLAYTON,56172,1
STEEN,56173,1
STORDEN,56174,1
TRIMONT,56176,1
TROSKY,56177,1
WILMONT,56185,1
WILLMAR,56201,1
BARRY,56210,1
BEARDSLEY,56211,1
BELVIEW,56214,1
BLOMKEST,56216,1
BROWNS VALLEY,56219,1
CANBY,56220,1
CHOKIO,56221,1
CLARA CITY,56222,1
CLARKFIELD,56223,1
CLONTARF,56226,1
CORRELL,56227,1
COSMOS,56228,1
DANUBE,56230,1
DONNELLY,56235,1
ECHO,56237,1
HANLEY FALLS,56245,1
HAWICK,56246,1
KANDIYOHI,56251,1
KERKHOVEN,56252,1
LAKE LILLIAN,56253,1
LUCAN,56255,1
MINNEOTA,56264,1
MONTEVIDEO,56265,1
PENNOCK,56279,1
PRINSBURG,56281,1
REDWOOD FALLS,56283,1
RENVILLE,56284,1
SACRED HEART,56285,1
SEAFORTH,56287,1
SPICER,56288,1
SUNBURG,56289,1
WANDA,56294,1
WOOD LAKE,56297,1
BARRETT,56311,1
BOCK,56313,1
BOWLUS,56314,1
BROOTEN,56316,1
BUCKMAN,56317,1
BURTRUM,56318,1
CARLOS,56319,1
CYRUS,56323,1
ELROSA,56325,1
FLENSBURG,56328,1
FORESTON,56330,1
GREENWALD,56335,1
GREY EAGLE,56336,1
HOLDINGFORD,56340,1
HOLMES CITY,56341,1
ISLE,56342,1
LASTRUP,56344,1
LONG PRAIRIE,56347,1
MC GRATH,56350,1
MILACA,56353,1
MILTONA,56354,1
NEW MUNICH,56356,1
OGILVIE,56358,1
ONAMIA,56359,1
OSAKIS,56360,1
PARKERS PRAIRIE,56361,1
PEASE,56363,1
PIERZ,56364,1
SAINT MARTIN,56376,1
SARTELL,56377,1
SAUK CENTRE,56378,1
SAUK RAPIDS,56379,1
STARBUCK,56381,1
SWANVILLE,56382,1
UPSALA,56384,1
VILLARD,56385,1
WAHKON,56386,1
BRAINERD,56401,1
AH GWAH CHING,56430,1
AITKIN,56431,1
AKELEY,56433,1
ALDRICH,56434,1
BACKUS,56435,1
BERTHA,56437,1
BROWERVILLE,56438,1
CLARISSA,56440,1
CROSSLAKE,56442,1
DEERWOOD,56444,1
EAGLE BEND,56446,1
EMILY,56447,1
FIFTY LAKES,56448,1
FORT RIPLEY,56449,1
LAKE HUBERT,56459,1
MENAHGA,56464,1
MOTLEY,56466,1
NEVIS,56467,1
NISSWA,56468,1
PALISADE,56469,1
PARK RAPIDS,56470,1
PEQUOT LAKES,56472,1
PILLAGER,56473,1
SEBEKA,56477,1
NIMROD,56478,1
STAPLES,56479,1
VERNDALE,56481,1
BATTLE LAKE,56515,1
BEJOU,56516,1
BELTRAMI,56517,1
BORUP,56519,1
CLITHERALL,56524,1
DEER CREEK,56527,1
DENT,56528,1
DILWORTH,56529,1
ELBOW LAKE,56531,1
ERHARD,56534,1
ERSKINE,56535,1
FLOM,56541,1
FOSSTON,56542,1
FOXHOME,56543,1
FRAZEE,56544,1
HALSTAD,56548,1
HENDRUM,56550,1
HITTERDAL,56552,1
MCINTOSH,56556,1
MAHNOMEN,56557,1
NAYTAHWAUSH,56566,1
NIELSVILLE,56568,1
OTTERTAIL,56571,1
PELICAN RAPIDS,56572,1
PERLEY,56574,1
PONSFORD,56575,1
ROCHERT,56578,1
ROTHSAY,56579,1
SABIN,56580,1
SHELLY,56581,1
TINTAH,56583,1
TWIN VALLEY,56584,1
ULEN,56585,1
VERGAS,56587,1
WAUBUN,56589,1
WHITE EARTH,56591,1
WINGER,56592,1
WOLF LAKE,56593,1
WOLVERTON,56594,1
BAUDETTE,56623,1
BIGFORK,56628,1
BIRCHDALE,56629,1
BLACKDUCK,56630,1
BOWSTRING,56631,1
CASS LAKE,56633,1
CLEARBROOK,56634,1
TALMOON,56637,1
EFFIE,56639,1
FEDERAL DAM,56641,1
GONVICK,56644,1
GULLY,56646,1
INTERNATIONAL FALLS,56649,1
KELLIHER,56650,1
LENGBY,56651,1
LITTLEFORK,56653,1
LOMAN,56654,1
LONGVILLE,56655,1
MARCELL,56657,1
MARGIE,56658,1
MAX,56659,1
NORTHOME,56661,1
OUTING,56662,1
PONEMAH,56666,1
PUPOSKY,56667,1
RANIER,56668,1
REDBY,56670,1
REDLAKE,56671,1
REMER,56672,1
SHEVLIN,56676,1
SOLWAY,56678,1
SOUTH INTERNATIONAL FALLS,56679,1
SQUAW LAKE,56681,1
SWIFT,56682,1
TENSTRIKE,56683,1
TRAIL,56684,1
WASKISH,56685,1
WIRT,56688,1
THIEF RIVER FALLS,56701,1
ALVARADO,56710,1
ANGLE INLET,56711,1
ANGUS,56712,1
CROOKSTON,56716,1
EAST GRAND FORKS,56721,1
GATZKE,56724,1
GOODRIDGE,56725,1
GRYGLA,56727,1
HALLOCK,56728,1
HALMA,56729,1
KARLSTAD,56732,1
LAKE BRONSON,56734,1
NEWFOLDEN,56738,1
NOYES,56740,1
OKLEE,56742,1
OSLO,56744,1
PLUMMER,56748,1
RED LAKE FALLS,56750,1
ROSEAU,56751,1
SAINT HILAIRE,56754,1
SAINT VINCENT,56755,1
SALOL,56756,1
STEPHEN,56757,1
STRANDQUIST,56758,1
STRATHCONA,56759,1
VIKING,56760,1
WANNASKA,56761,1
WARROAD,56763,1
ALCESTER,57001,1
BERESFORD,57004,1
CANISTOTA,57012,1
COLMAN,57017,1
CROOKS,57020,1
DELL RAPIDS,57022,1
EGAN,57024,1
ELK POINT,57025,1
FLANDREAU,57028,1
GARRETSON,57030,1
GAYVILLE,57031,1
IRENE,57037,1
LENNOX,57039,1
LESTERVILLE,57040,1
MECKLING,57044,1
MENNO,57045,1
MISSION HILL,57046,1
NORTH SIOUX CITY,57049,1
OLDHAM,57051,1
RAMONA,57054,1
RENNER,57055,1
ROWENA,57056,1
SINAI,57061,1
TEA,57064,1
TRENT,57065,1
TYNDALL,57066,1
VALLEY SPRINGS,57068,1
VIBORG,57070,1
VOLIN,57072,1
WAKONDA,57073,1
WINFRED,57076,1
WORTHING,57077,1
BUFFALO RIDGE,57115,1
BIG STONE CITY,57216,1
BRANDT,57218,1
CLAIRE CITY,57224,1
DE SMET,57231,1
ESTELLINE,57234,1
GOODWIN,57238,1
GRENVILLE,57239,1
HAYTI,57241,1
HETLAND,57244,1
KRANZBURG,57245,1
LABOLT,57246,1
LAKE NORDEN,57248,1
LAKE PRESTON,57249,1
MARVIN,57251,1
NEW EFFINGTON,57255,1
ORTLEY,57256,1
PEEVER,57257,1
REVILLO,57259,1
SISSETON,57262,1
STRANDBURG,57265,1
TWIN BROOKS,57269,1
VEBLEN,57270,1
WAUBAY,57273,1
WILLOW LAKE,57278,1
ARMOUR,57313,1
ARTESIAN,57314,1
BONESTEEL,57317,1
CANOVA,57321,1
CAVOUR,57324,1
EMERY,57332,1
ETHAN,57334,1
FEDORA,57337,1
FORT THOMPSON,57339,1
GANN VALLEY,57341,1
GEDDES,57342,1
HIGHMORE,57345,1
STEPHAN,57346,1
HITCHCOCK,57348,1
IROQUOIS,57353,1
KAYLOR,57354,1
LAKE ANDES,57356,1
RAVINIA,57357,1
MARTY,57361,1
MILLER,57362,1
OACOMA,57365,1
PARKSTON,57366,1
PICKSTOWN,57367,1
PLANKINTON,57368,1
PLATTE,57369,1
PUKWANA,57370,1
REE HEIGHTS,57371,1
SAINT LAWRENCE,57373,1
STICKNEY,57375,1
TRIPP,57376,1
VIRGIL,57379,1
WAGNER,57380,1
WESSINGTON,57381,1
WESSINGTON SPRINGS,57382,1
WOLSEY,57384,1
AKASKA,57420,1
BOWDLE,57428,1
BRENTFORD,57429,1
CONDE,57434,1
CRESBARD,57435,1
DOLAND,57436,1
FAULKTON,57438,1
FERNEY,57439,1
HECLA,57446,1
HOSMER,57448,1
HOVEN,57450,1
LANGFORD,57454,1
LONGLAKE,57457,1
MELLETTE,57461,1
MINA,57462,1
ONAKA,57466,1
ROCKHAM,57470,1
SELBY,57472,1
TOLSTOY,57475,1
TURTON,57477,1
PIERRE,57501,1
AGAR,57520,1
BLUNT,57522,1
COLOME,57528,1
FORT PIERRE,57532,1
HAMILL,57534,1
HARROLD,57536,1
HERRICK,57538,1
HOLABIRD,57540,1
KADOKA,57543,1
KENNEBEC,57544,1
LOWER BRULE,57548,1
MILESVILLE,57553,1
MISSION RIDGE,57557,1
MURDO,57559,1
OKATON,57562,1
OKREEK,57563,1
ONIDA,57564,1
PARMELEE,57566,1
PHILIP,57567,1
PRESHO,57568,1
ROSEBUD,57570,1
TUTHILL,57574,1
VIVIAN,57576,1
WANBLEE,57577,1
WEWELA,57578,1
WHITE RIVER,57579,1
WINNER,57580,1
WITTEN,57584,1
MOBRIDGE,57601,1
BISON,57620,1
BULLHEAD,57621,1
DUPREE,57623,1
EAGLE BUTTE,57625,1
FIRESTEEL,57628,1
GLAD VALLEY,57629,1
GLENCROSS,57630,1
HERREID,57632,1
ISABEL,57633,1
KELDRON,57634,1
LANTRY,57636,1
LEMMON,57638,1
LITTLE EAGLE,57639,1
LODGEPOLE,57640,1
MC LAUGHLIN,57642,1
MAHTO,57643,1
MEADOW,57644,1
MOUND CITY,57646,1
PARADE,57647,1
POLLOCK,57648,1
SHADEHILL,57653,1
TIMBER LAKE,57656,1
TRAIL CITY,57657,1
WAKPALA,57658,1
WHITEHORSE,57661,1
ELLSWORTH AFB,57706,1
BATESLAND,57716,1
BELLE FOURCHE,57717,1
BLACK HAWK,57718,1
BOX ELDER,57719,1
BUFFALO GAP,57722,1
CAMP CROOK,57724,1
CAPUTA,57725,1
DEADWOOD,57732,1
ELM SPRINGS,57736,1
ENNING,57737,1
HERMOSA,57744,1
HOWES,57748,1
INTERIOR,57750,1
LEAD,57754,1
MANDERSON,57756,1
MUD BUTTE,57758,1
NEMO,57759,1
NEW UNDERWOOD,57761,1
NISLAND,57762,1
OELRICHS,57763,1
OGLALA,57764,1
OPAL,57765,1
ORAL,57766,1
OWANKA,57767,1
PORCUPINE,57772,1
PRINGLE,57773,1
QUINN,57775,1
REDIG,57776,1
RED OWL,57777,1
ROCHFORD,57778,1
SAINT ONGE,57779,1
SCENIC,57780,1
SMITHWICK,57782,1
WALL,57790,1
WASTA,57791,1
WHITE OWL,57792,1
WOUNDED KNEE,57794,1
ABERCROMBIE,58001,1
ABSARAKA,58002,1
ARGUSVILLE,58005,1
AYR,58007,1
CASSELTON,58012,1
CHRISTINE,58015,1
COGSWELL,58017,1
ENDERLIN,58027,1
FINGAL,58031,1
FORMAN,58032,1
FORT RANSOM,58033,1
GWINNER,58040,1
HANKINSON,58041,1
HORACE,58047,1
KATHRYN,58049,1
KINDRED,58051,1
LIDGERWOOD,58053,1
MCLEOD,58057,1
MANTADOR,58058,1
MILNOR,58060,1
MOORETON,58061,1
NOME,58062,1
ORISKA,58063,1
PILLSBURY,58065,1
STIRUM,58069,1
WEST FARGO,58078,1
WYNDMERE,58081,1
ANETA,58212,1
ARDOCH,58213,1
ARVILLA,58214,1
BATHGATE,58216,1
CAVALIER,58220,1
CUMMINGS,58223,1
DAHLEN,58224,1
EMERADO,58228,1
FORDVILLE,58231,1
FOREST RIVER,58233,1
GILBY,58235,1
GLASSTON,58236,1
HANNAH,58239,1
HATTON,58240,1
HENSEL,58241,1
HOOPLE,58243,1
LANGDON,58249,1
LANKIN,58250,1
LARIMORE,58251,1
MCVILLE,58254,1
MAIDA,58255,1
MANVEL,58256,1
MEKINOCK,58258,1
MINTO,58261,1
NECHE,58265,1
OSNABROCK,58269,1
PARK RIVER,58270,1
PEMBINA,58271,1
PISEK,58273,1
DEVILS LAKE,58301,1
AGATE,58310,1
ALSEN,58311,1
BALTA,58313,1
BELCOURT,58316,1
BISBEE,58317,1
BOTTINEAU,58318,1
BRINSMADE,58320,1
BROCKET,58321,1
CANDO,58324,1
CHURCHS FERRY,58325,1
CRARY,58327,1
DUNSEITH,58329,1
EGELAND,58331,1
ESMOND,58332,1
FORT TOTTEN,58335,1
HAMBERG,58337,1
HANSBORO,58339,1
MADDOCK,58348,1
MINNEWAUKAN,58351,1
MUNICH,58352,1
MYLO,58353,1
NEKOMA,58355,1
NEW ROCKFORD,58356,1
OBERON,58357,1
ORRIN,58359,1
PERTH,58363,1
ROCKLAKE,58365,1
ROLETTE,58366,1
SARLES,58372,1
SHEYENNE,58374,1
STARKWEATHER,58377,1
TOKIO,58379,1
TOLNA,58380,1
WILLOW CITY,58384,1
BINFORD,58416,1
CARRINGTON,58421,1
CATHAY,58422,1
CHASELEY,58423,1
COURTENAY,58426,1
DAZEY,58429,1
DENHOFF,58430,1
DICKEY,58431,1
ECKELSON,58432,1
EDGELEY,58433,1
FESSENDEN,58438,1
GACKLE,58442,1
GRACE CITY,58445,1
HANNAFORD,58448,1
HURDSFIELD,58451,1
JESSIE,58452,1
JUD,58454,1
KENSAL,58455,1
KULM,58456,1
LAMOURE,58458,1
LEHR,58460,1
LITCHVILLE,58461,1
MCCLUSKY,58463,1
OAKES,58474,1
PETTIBONE,58475,1
PINGREE,58476,1
REGAN,58477,1
SPIRITWOOD,58481,1
STREETER,58483,1
SYKESTON,58486,1
TAPPEN,58487,1
TUTTLE,58488,1
VENTURIA,58489,1
WIMBLEDON,58492,1
WISHEK,58495,1
CANNON BALL,58528,1
COLEHARBOR,58531,1
DRISCOLL,58532,1
FLASHER,58535,1
FORT YATES,58538,1
GOLDEN VALLEY,58541,1
HAZEN,58545,1
KINTYRE,58549,1
MCKENZIE,58553,1
MANDAN,58554,1
MENOKEN,58558,1
MOFFIT,58560,1
NEW LEIPZIG,58562,1
SELFRIDGE,58568,1
SHIELDS,58569,1
SOLEN,58570,1
ZAP,58580,1
AMIDON,58620,1
BEACH,58621,1
BELFIELD,58622,1
DUNN CENTER,58626,1
GLEN ULLIN,58631,1
GOLVA,58632,1
GRASSY BUTTE,58634,1
HALLIDAY,58636,1
HETTINGER,58639,1
KILLDEER,58640,1
LEFOR,58641,1
MARMARTH,58643,1
MOTT,58646,1
NEW ENGLAND,58647,1
REEDER,58649,1
REGENT,58650,1
RHAME,58651,1
RICHARDTON,58652,1
SENTINEL BUTTE,58654,1
SOUTH HEART,58655,1
ANAMOOSE,58710,1
ANTLER,58711,1
BALFOUR,58712,1
BANTRY,58713,1
BERTHOLD,58718,1
BOWBELLS,58721,1
CARPIO,58725,1
DEERING,58731,1
DES LACS,58733,1
DONNYBROOK,58734,1
FLAXTON,58737,1
GLENBURN,58740,1
KARLSRUHE,58744,1
KENMARE,58746,1
KIEF,58747,1
KRAMER,58748,1
LIGNITE,58752,1
MAKOTI,58756,1
MANDAREE,58757,1
MAXBASS,58760,1
MOHALL,58761,1
NOONAN,58765,1
PARSHALL,58770,1
PLAZA,58771,1
ROSEGLEN,58775,1
RUSO,58778,1
RYDER,58779,1
SOURIS,58783,1
SURREY,58785,1
TOLLEY,58787,1
TOWNER,58788,1
UPHAM,58789,1
VELVA,58790,1
VOLTAIRE,58792,1
WESTHOPE,58793,1
WILDROSE,58795,1
ARNEGARD,58835,1
CARTWRIGHT,58838,1
FORTUNA,58844,1
GRENORA,58845,1
WATFORD CITY,58854,1
ZAHL,58856,1
ABSAROKEE,59001,1
BALLANTINE,59006,1
BEARCREEK,59007,1
BIGHORN,59010,1
BIG TIMBER,59011,1
BIRNEY,59012,1
BRIDGER,59014,1
BROADVIEW,59015,1
BUSBY,59016,1
CLYDE PARK,59018,1
COOKE CITY,59020,1
CROW AGENCY,59022,1
EMIGRANT,59027,1
FISHTAIL,59028,1
FROMBERG,59029,1
GARRYOWEN,59031,1
GRASS RANGE,59032,1
GREYCLIFF,59033,1
YELLOWTAIL,59035,1
HARLOWTON,59036,1
HYSHAM,59038,1
LAME DEER,59043,1
LAVINA,59046,1
LODGE GRASS,59050,1
MC LEOD,59052,1
MARTINSDALE,59053,1
MELSTONE,59054,1
MOLT,59057,1
MOSBY,59058,1
MUSSELSHELL,59059,1
NYE,59061,1
OTTER,59062,1
POMPEYS PILLAR,59064,1
PRAY,59065,1
RAPELJE,59067,1
RED LODGE,59068,1
REED POINT,59069,1
RYEGATE,59074,1
SAINT XAVIER,59075,1
SAND SPRINGS,59077,1
SILVER GATE,59081,1
TEIGEN,59084,1
TWO DOT,59085,1
WILSALL,59086,1
WINNETT,59087,1
WORDEN,59088,1
WYOLA,59089,1
WOLF POINT,59201,1
ANTELOPE,59211,1
BAINVILLE,59212,1
CIRCLE,59215,1
CULBERTSON,59218,1
DAGMAR,59219,1
FLAXVILLE,59222,1
FORT PECK,59223,1
FRAZER,59225,1
FROID,59226,1
SAINT MARIE,59231,1
GLENTANA,59240,1
LARSLAN,59244,1
MC CABE,59245,1
MEDICINE LAKE,59247,1
OPHEIM,59250,1
OUTLOOK,59252,1
PEERLESS,59253,1
PLENTYWOOD,59254,1
REDSTONE,59257,1
RESERVE,59258,1
RICHEY,59259,1
VIDA,59274,1
WHITETAIL,59276,1
MILES CITY,59301,1
ALZADA,59311,1
ANGELA,59312,1
BIDDLE,59314,1
BOYES,59316,1
BROADUS,59317,1
BRUSETT,59318,1
CAPITOL,59319,1
COHAGEN,59322,1
COLSTRIP,59323,1
EKALAKA,59324,1
GLENDIVE,59330,1
HATHAWAY,59333,1
ISMAY,59336,1
KINSEY,59338,1
LINDSAY,59339,1
OLIVE,59343,1
PLEVNA,59344,1
POWDERVILLE,59345,1
SONNETTE,59348,1
VOLBORG,59351,1
WIBAUX,59353,1
MALMSTROM A F B,59402,1
BABB,59411,1
BELT,59412,1
BLACK EAGLE,59414,1
BRADY,59416,1
BROWNING,59417,1
CHOTEAU,59422,1
COFFEE CREEK,59424,1
CUT BANK,59427,1
DUPUYER,59432,1
EAST GLACIER PARK,59434,1
FLOWEREE,59440,1
FORESTGROVE,59441,1
FORT BENTON,59442,1
FORT SHAW,59443,1
GALATA,59444,1
GARNEILL,59445,1
GEYSER,59447,1
HEART BUTTE,59448,1
HIGHWOOD,59450,1
HILGER,59451,1
HOBSON,59452,1
JUDITH GAP,59453,1
KEVIN,59454,1
LEDGER,59456,1
LOMA,59460,1
LOTHAIR,59461,1
MOCCASIN,59462,1
MONARCH,59463,1
NEIHART,59465,1
OILMONT,59466,1
PENDROY,59467,1
POWER,59468,1
RAYNESFORD,59469,1
ROY,59471,1
SAND COULEE,59472,1
SANTA RITA,59473,1
SIMMS,59477,1
STOCKETT,59480,1
SUNBURST,59482,1
SUN RIVER,59483,1
SWEET GRASS,59484,1
ULM,59485,1
VAUGHN,59487,1
WINIFRED,59489,1
HAVRE,59501,1
CHINOOK,59523,1
DODSON,59524,1
GILDFORD,59525,1
HOGELAND,59529,1
KREMLIN,59532,1
LORING,59537,1
WHITLASH,59545,1
ZORTMAN,59546,1
ZURICH,59547,1
BASIN,59631,1
CANYON CREEK,59633,1
CLANCY,59634,1
EAST HELENA,59635,1
FORT HARRISON,59636,1
RADERSBURG,59641,1
RINGLING,59642,1
TOSTON,59643,1
WOLF CREEK,59648,1
ALDER,59710,1
ANACONDA,59711,1
BIG SKY,59716,1
CARDWELL,59721,1
DELL,59724,1
DIVIDE,59727,1
GALLATIN GATEWAY,59730,1
GOLD CREEK,59733,1
MC ALLISTER,59740,1
POLARIS,59746,1
PONY,59747,1
SILVER STAR,59751,1
THREE FORKS,59752,1
TWIN BRIDGES,59754,1
VIRGINIA CITY,59755,1
WEST YELLOWSTONE,59758,1
WILLOW CREEK,59760,1
WISDOM,59761,1
WISE RIVER,59762,1
ALBERTON,59820,1
ARLEE,59821,1
BONNER,59823,1
CHARLO,59824,1
CONDON,59826,1
CONNER,59827,1
DE BORGIA,59830,1
GRANTSDALE,59835,1
GREENOUGH,59836,1
PINESDALE,59841,1
HAUGAN,59842,1
HELMVILLE,59843,1
HERON,59844,1
HUSON,59846,1
LOLO,59847,1
LONEPINE,59848,1
NOXON,59853,1
OVANDO,59854,1
PABLO,59855,1
POLSON,59860,1
RAVALLI,59863,1
RONAN,59864,1
SAINT IGNATIUS,59865,1
SAINT REGIS,59866,1
SALTESE,59867,1
SEELEY LAKE,59868,1
SULA,59871,1
THOMPSON FALLS,59873,1
BIG ARM,59910,1
ELMO,59915,1
FORTINE,59918,1
HUNGRY HORSE,59919,1
KILA,59920,1
LAKE MC DONALD,59921,1
LIBBY,59923,1
MARTIN CITY,59926,1
POLEBRIDGE,59928,1
ROLLINS,59931,1
WEST GLACIER,59936,1
WHITEFISH,59937,1
ROLLING MEADOWS,60008,1
FOX RIVER GROVE,60021,1
GLENVIEW NAS,60026,1
GOLF,60029,1
GRAYSLAKE,60030,1
GURNEE,60031,1
FORT SHERIDAN,60037,1
ISLAND LAKE,60042,1
LAKE BLUFF,60044,1
LAKE FOREST,60045,1
LAKE VILLA,60046,1
LAKE ZURICH,60047,1
MORTON GROVE,60053,1
MOUNT PROSPECT,60056,1
MUNDELEIN,60060,1
VERNON HILLS,60061,1
LINCOLNSHIRE,60069,1
PROSPECT HEIGHTS,60070,1
SOLON MILLS,60080,1
TECHNY,60082,1
WAUCONDA,60084,1
GREAT LAKES,60088,1
BUFFALO GROVE,60089,1
WILMETTE,60091,1
WINTHROP HARBOR,60096,1
WONDER LAKE,60097,1
ZION,60099,1
ALGONQUIN,60102,1
STREAMWOOD,60107,1
CARPENTERSVILLE,60110,1
DEKALB,60115,1
ELBURN,60119,1
HANOVER PARK,60133,1
GILBERTS,60136,1
GLENDALE HEIGHTS,60139,1
ITASCA,60143,1
KANEVILLE,60144,1
LAFOX,60147,1
LOMBARD,60148,1
MAPLE PARK,60151,1
WESTCHESTER,60154,1
LAKE IN THE HILLS,60156,1
MEDINAH,60157,1
STONE PARK,60165,1
PLATO CENTER,60170,1
RIVER GROVE,60171,1
SCHILLER PARK,60176,1
SOUTH ELGIN,60177,1
HOFFMAN ESTATES,60179,1
VILLA PARK,60181,1
WASCO,60183,1
WOOD DALE,60191,1
RIVER FOREST,60305,1
BEECHER,60401,1
BLUE ISLAND,60406,1
BRACEVILLE,60407,1
BRAIDWOOD,60408,1
CALUMET CITY,60409,1
CHANNAHON,60410,1
CHICAGO RIDGE,60415,1
CRETE,60417,1
DOLTON,60419,1
DWIGHT,60420,1
FLOSSMOOR,60422,1
HAZEL CREST,60429,1
HOMEWOOD,60430,1
MATTESON,60443,1
MAZON,60444,1
ROMEOVILLE,60446,1
MINOOKA,60447,1
MOKENA,60448,1
MONEE,60449,1
NEW LENOX,60451,1
OAK FOREST,60452,1
BRIDGEVIEW,60455,1
HICKORY HILLS,60457,1
ODELL,60460,1
OLYMPIA FIELDS,60461,1
PALOS HEIGHTS,60463,1
PALOS PARK,60464,1
PALOS HILLS,60465,1
PARK FOREST,60466,1
PEOTONE,60468,1
RICHTON PARK,60471,1
SOUTH HOLLAND,60473,1
SOUTH WILMINGTON,60474,1
STEGER,60475,1
TINLEY PARK,60477,1
COUNTRY CLUB HILLS,60478,1
WILLOW SPRINGS,60480,1
BEDFORD PARK,60499,1
SUMMIT ARGO,60501,1
CLARENDON HILLS,60514,1
EOLA,60519,1
OAK BROOK,60523,1
LA GRANGE PARK,60526,1
WILLOWBROOK,60527,1
MOOSEHEART,60539,1
NORTH AURORA,60542,1
SERENA,60549,1
SHABBONA,60550,1
SOMONAUK,60552,1
STEWARD,60553,1
WATERMAN,60556,1
WEDRON,60557,1
WESTERN SPRINGS,60558,1
WESTMONT,60559,1
AMF OHARE,60666,1
HARWOOD HEIGHTS,60706,1
LINCOLNWOOD,60712,1
ALSIP,60803,1
EVERGREEN PARK,60805,1
AROMA PARK,60910,1
ASHKUM,60911,1
BEAVERVILLE,60912,1
BONFIELD,60913,1
BOURBONNAIS,60914,1
CABERY,60919,1
CAMPUS,60920,1
CHEBANSE,60922,1
CISSNA PARK,60924,1
CLAYTONVILLE,60926,1
CULLOM,60929,1
DONOVAN,60931,1
EMINGTON,60934,1
GIBSON CITY,60936,1
GOODWINE,60939,1
GRANT PARK,60940,1
HERSCHER,60941,1
HOOPESTON,60942,1
HOPKINS PARK,60944,1
LODA,60948,1
MANTENO,60950,1
MARTINTON,60951,1
MOMENCE,60954,1
ONARGA,60955,1
PAPINEAU,60956,1
PIPER CITY,60959,1
RANKIN,60960,1
SAINT ANNE,60964,1
STOCKLAND,60967,1
THAWVILLE,60968,1
WATSEKA,60970,1
APPLE RIVER,61001,1
CHADWICK,61014,1
CHANA,61015,1
DAVIS JUNCTION,61020,1
EAST DUBUQUE,61025,1
ELEROY,61027,1
FORRESTON,61030,1
FRANKLIN GROVE,61031,1
GARDEN PRAIRIE,61038,1
GERMAN VALLEY,61039,1
HARMON,61042,1
LEAF RIVER,61047,1
LINDENWOOD,61049,1
MC CONNELL,61050,1
MONROE CENTER,61052,1
MOUNT CARROLL,61053,1
NACHUSA,61057,1
PEARL CITY,61062,1
PECATONICA,61063,1
POLO,61064,1
POPLAR GROVE,61065,1
RIDOTT,61067,1
ROCK CITY,61070,1
SAVANNA,61074,1
SCALES MOUND,61075,1
SCIOTO MILLS,61076,1
SHIRLAND,61079,1
SOUTH BELOIT,61080,1
STILLMAN VALLEY,61084,1
WOOSUNG,61091,1
MACHESNEY PARK,61115,1
ALEDO,61231,1
ANNAWAN,61234,1
BUFFALO PRAIRIE,61237,1
CARBON CLIFF,61239,1
COAL VALLEY,61240,1
COLONA,61241,1
DEER GROVE,61243,1
EAST MOLINE,61244,1
HOOPPOLE,61258,1
ILLINOIS CITY,61259,1
JOY,61260,1
LYNN CENTER,61262,1
MATHERVILLE,61263,1
ORION,61273,1
OSCO,61274,1
PREEMPTION,61276,1
PROPHETSTOWN,61277,1
RAPIDS CITY,61278,1
SHERRARD,61281,1
SILVIS,61282,1
TAMPICO,61283,1
TAYLOR RIDGE,61284,1
ANCONA,61311,1
BUDA,61314,1
BUREAU,61315,1
CEDAR POINT,61316,1
CHERRY,61317,1
DEPUE,61322,1
ELDENA,61324,1
HENNEPIN,61327,1
KASBEER,61328,1
LADD,61329,1
LA MOILLE,61330,1
LEONORE,61332,1
LONG POINT,61333,1
LOSTANT,61334,1
MC NABB,61335,1
MARK,61340,1
MARSEILLES,61341,1
NEPONSET,61345,1
OGLESBY,61348,1
SEATONVILLE,61359,1
STANDARD,61363,1
STREATOR,61364,1
SUBLETTE,61367,1
TISKILWA,61368,1
TOLUCA,61369,1
TONICA,61370,1
TRIUMPH,61371,1
TROY GROVE,61372,1
VAN ORIN,61374,1
VARNA,61375,1
WEST BROOKLYN,61378,1
WYANET,61379,1
BARDOLPH,61416,1
BIGGSVILLE,61418,1
BISHOP HILL,61419,1
BLANDINSVILLE,61420,1
CAMP GROVE,61424,1
CARMAN,61425,1
DAHINDA,61428,1
EAST GALESBURG,61430,1
FIATT,61433,1
GERLAW,61435,1
GILSON,61436,1
IPAVA,61441,1
KEITHSBURG,61442,1
KEWANEE,61443,1
LA HARPE,61450,1
LOMAX,61454,1
MAQUON,61458,1
NORTH HENDERSON,61466,1
OQUAWKA,61469,1
SEATON,61476,1
SMITHSHIRE,61478,1
SPEER,61479,1
STRONGHURST,61480,1
TABLE GROVE,61482,1
TOULON,61483,1
WATAGA,61488,1
DUNFERMLINE,61524,1
EDELSTEIN,61526,1
GLASFORD,61533,1
HANNA CITY,61536,1
KINGSTON MINES,61539,1
LACON,61540,1
LA ROSE,61541,1
LONDON MILLS,61544,1
LOWPOINT,61545,1
MANITO,61546,1
MOSSVILLE,61552,1
PRINCEVILLE,61559,1
SOUTH PEKIN,61564,1
SPARLAND,61565,1
TRIVOLI,61569,1
YATES CITY,61572,1
CREVE COEUR,61610,1
EAST PEORIA,61611,1
ANCHOR,61720,1
ARMINGTON,61721,1
ARROWSMITH,61722,1
CARLOCK,61725,1
CHENOA,61726,1
CONGERVILLE,61729,1
CROPSEY,61731,1
DOWNS,61736,1
FAIRBURY,61739,1
FLANAGAN,61740,1
FORREST,61741,1
GOODFIELD,61742,1
GRAYMONT,61743,1
GRIDLEY,61744,1
HEYWORTH,61745,1
KENNEY,61749,1
MACKINAW,61755,1
MAROA,61756,1
MERNA,61758,1
MINIER,61759,1
MINONK,61760,1
SAUNEMIN,61769,1
SAYBROOK,61770,1
SECOR,61771,1
STRAWN,61775,1
WAPELLA,61777,1
BEMENT,61813,1
BROADLANDS,61816,1
CATLIN,61817,1
COLLISON,61831,1
DE LAND,61839,1
DEWEY,61840,1
FARMER CITY,61842,1
FITHIAN,61844,1
FOOSLAND,61845,1
IVESDALE,61851,1
MAHOMET,61853,1
MILMINE,61855,1
PESOTUM,61863,1
RANTOUL,61866,1
RIDGE FARM,61870,1
SADORUS,61872,1
SIDELL,61876,1
THOMASBORO,61878,1
TOLONO,61880,1
WHITE HEATH,61884,1
ASHMORE,61912,1
CAMARGO,61919,1
CHRISMAN,61924,1
DALTON CITY,61925,1
GAYS,61928,1
HINDSBORO,61930,1
LOVINGTON,61937,1
METCALF,61940,1
NEWMAN,61942,1
REDMON,61949,1
VILLA GROVE,61956,1
BATCHTOWN,62006,1
BENLD,62009,1
BETHALTO,62010,1
COFFEEN,62017,1
COTTAGE HILLS,62018,1
DORSEY,62021,1
DOW,62022,1
EAGARVILLE,62023,1
EAST ALTON,62024,1
ELSAH,62028,1
FIDELITY,62030,1
FIELDON,62031,1
GILLESPIE,62033,1
GLEN CARBON,62034,1
GODFREY,62035,1
GOLDEN EAGLE,62036,1
GRANITE CITY,62040,1
JERSEYVILLE,62052,1
KAMPSVILLE,62053,1
MARINE,62061,1
MICHAEL,62065,1
MORO,62067,1
MOZIER,62070,1
NATIONAL STOCK YARDS,62071,1
NEW DOUGLAS,62074,1
OHLMAN,62076,1
PIASA,62079,1
ROODHOUSE,62082,1
ROSAMOND,62083,1
SORENTO,62086,1
SOUTH ROXANA,62087,1
TAYLOR SPRINGS,62089,1
WALSHVILLE,62091,1
WITT,62094,1
WOOD RIVER,62095,1
WRIGHTS,62098,1
FAIRVIEW HEIGHTS,62208,1
ADDIEVILLE,62214,1
ALBERS,62215,1
AVISTON,62216,1
BARTELSO,62218,1
BECKEMEYER,62219,1
SCOTT AIR FORCE BASE,62225,1
BREESE,62230,1
CARLYLE,62231,1
CASEYVILLE,62232,1
COULTERVILLE,62237,1
DUPO,62239,1
EAST CARONDELET,62240,1
ELLIS GROVE,62241,1
FULTS,62244,1
HAGARSTOWN,62247,1
HECKER,62248,1
HUEY,62252,1
KEYESPORT,62253,1
LENZBURG,62255,1
MAEYSTOWN,62256,1
MARISSA,62257,1
MENARD,62259,1
MILLSTADT,62260,1
MULBERRY GROVE,62262,1
NEW BADEN,62265,1
NEW MEMPHIS,62266,1
O FALLON,62269,1
OKAWVILLE,62271,1
PERCY,62272,1
PIERRON,62273,1
PINCKNEYVILLE,62274,1
PRAIRIE DU ROCHER,62277,1
RED BUD,62278,1
RENAULT,62279,1
SAINT JACOB,62281,1
SAINT LIBORY,62282,1
SHATTUC,62283,1
STEELEVILLE,62288,1
TILDEN,62292,1
VALMEYER,62295,1
WALSH,62297,1
BASCO,62313,1
BAYLIS,62314,1
BOWEN,62316,1
CAMP POINT,62320,1
COATSBURG,62325,1
COLUSA,62329,1
DALLAS CITY,62330,1
ELVASTON,62334,1
FERRIS,62336,1
GRIGGSVILLE,62340,1
LA PRAIRIE,62346,1
LORAINE,62349,1
PALOMA,62359,1
SUTTER,62373,1
TIMEWELL,62375,1
URSA,62376,1
BEECHER CITY,62414,1
BIRDS,62415,1
COWDEN,62422,1
DIETERICH,62424,1
HIDALGO,62432,1
HUTSONVILLE,62433,1
INGRAHAM,62434,1
LERNA,62440,1
MODE,62444,1
MOUNT ERIE,62446,1
NEOGA,62447,1
OBLONG,62449,1
SAINTE MARIE,62459,1
SAINT FRANCISVILLE,62460,1
SHUMWAY,62461,1
STEWARDSON,62463,1
STOY,62464,1
TEUTOPOLIS,62467,1
TRILLA,62469,1
WEST YORK,62478,1
ARGENTA,62501,1
ASSUMPTION,62510,1
BEASON,62512,1
BLUE MOUND,62513,1
BOODY,62514,1
BULPITT,62517,1
CHESTNUT,62518,1
CORNLAND,62519,1
DIVERNON,62530,1
ELWIN,62532,1
GLENARM,62536,1
HARRISTOWN,62537,1
HARVEL,62538,1
ILLIOPOLIS,62539,1
LAKE FORK,62541,1
MOUNT PULASKI,62548,1
MT ZION,62549,1
MOWEAQUA,62550,1
OREANA,62554,1
OWANECO,62555,1
PANA,62557,1
PAWNEE,62558,1
TAYLORVILLE,62568,1
TOVEY,62570,1
TOWER HILL,62571,1
WAGGONER,62572,1
ALSEY,62610,1
ARENZVILLE,62611,1
BEARDSTOWN,62618,1
BLUFFS,62621,1
BLUFF SPRINGS,62622,1
CANTRALL,62625,1
CARLINVILLE,62626,1
CHANDLERVILLE,62627,1
EMDEN,62635,1
GREENVIEW,62642,1
HARTSBURG,62643,1
HETTICK,62649,1
LINCOLN'S NEW SALEM,62659,1
LITERBERRY,62660,1
LOAMI,62661,1
LOWDER,62662,1
MEREDOSIA,62665,1
NILWOOD,62672,1
PLEASANT PLAINS,62677,1
STANDARD CITY,62686,1
TALLULA,62688,1
VIRDEN,62690,1
WOODSON,62695,1
HOYLETON,62803,1
AKIN,62805,1
BARNHILL,62809,1
BELLE RIVE,62810,1
BELLMONT,62811,1
BLUFORD,62814,1
BONE GAP,62815,1
BONNIE,62816,1
BROUGHTON,62817,1
BROWNS,62818,1
BURNT PRAIRIE,62820,1
CARMI,62821,1
CHRISTOPHER,62822,1
CISNE,62823,1
COELLO,62825,1
DIX,62830,1
DU QUOIN,62832,1
ELLERY,62833,1
EMMA,62834,1
FARINA,62838,1
FRANKFORT HEIGHTS,62840,1
FREEMAN SPUR,62841,1
GEFF,62842,1
GOLDEN GATE,62843,1
GRAYVILLE,62844,1
HERALD,62845,1
INA,62846,1
KEENES,62851,1
KEENSBURG,62852,1
KELL,62853,1
KINMUNDY,62854,1
MC LEANSBORO,62859,1
MAUNIE,62861,1
MILL SHOALS,62862,1
MULKEYTOWN,62865,1
NASON,62866,1
NOBLE,62868,1
NORRIS CITY,62869,1
OPDYKE,62872,1
RADOM,62876,1
RICHVIEW,62877,1
RINARD,62878,1
SAILOR SPRINGS,62879,1
SANDOVAL,62882,1
SCHELLER,62883,1
SESSER,62884,1
SHOBONIER,62885,1
SPRINGERTON,62887,1
TAMAROA,62888,1
TEXICO,62889,1
WALNUT HILL,62893,1
WALTONVILLE,62894,1
WAYNE CITY,62895,1
WEST FRANKFORT,62896,1
WHITTINGTON,62897,1
ALTO PASS,62905,1
BELKNAP,62908,1
BOLES,62909,1
BROOKPORT,62910,1
BUNCOMBE,62912,1
CACHE,62913,1
CAMPBELL HILL,62916,1
CARRIER MILLS,62917,1
CARTERVILLE,62918,1
CAVE IN ROCK,62919,1
COBDEN,62920,1
COLP,62921,1
CREAL SPRINGS,62922,1
DONGOLA,62926,1
ELKVILLE,62932,1
ENERGY,62933,1
GALATIA,62935,1
GOLCONDA,62938,1
GOREVILLE,62939,1
GRAND CHAIN,62941,1
GRAND TOWER,62942,1
HAMLETSBURG,62944,1
HEROD,62947,1
HERRIN,62948,1
JACOB,62950,1
JOHNSTON CITY,62951,1
KARBERS RIDGE,62955,1
KARNAK,62956,1
MAKANDA,62958,1
METROPOLIS,62960,1
MILLCREEK,62961,1
MOUNDS,62964,1
MUDDY,62965,1
MURPHYSBORO,62966,1
NEW BURNSIDE,62967,1
OLMSTED,62970,1
ORAVILLE,62971,1
PERKS,62973,1
ROSICLARE,62982,1
SHAWNEETOWN,62984,1
STONEFORT,62987,1
TAMMS,62988,1
THEBES,62990,1
ULLIN,62992,1
VILLA RIDGE,62996,1
WILLISVILLE,62997,1
ZEIGLER,62999,1
BARNHART,63012,1
BERGER,63014,1
CRYSTAL CITY,63019,1
DITTMER,63023,1
FESTUS,63028,1
FRENCH VILLAGE,63036,1
GERALD,63037,1
GRAY SUMMIT,63039,1
GRUBVILLE,63041,1
MARYLAND HEIGHTS,63043,1
EARTH CITY,63045,1
HEMATITE,63047,1
HERCULANEUM,63048,1
HIGH RIDGE,63049,1
HOUSE SPRINGS,63051,1
KIMMSWICK,63053,1
LABADIE,63055,1
LIGUORI,63057,1
LONEDELL,63060,1
LUEBBERING,63061,1
MAPAVILLE,63065,1
MORSE MILL,63066,1
PACIFIC,63069,1
PEVELY,63070,1
RICHWOODS,63071,1
SAINT ANN,63074,1
VALLES MINES,63087,1
ANNADA,63330,1
COTTLEVILLE,63338,1
DUTZOW,63342,1
ELSBERRY,63343,1
FARBER,63345,1
FLINTHILL,63346,1
FORISTELL,63348,1
HAWK POINT,63349,1
HIGH HILL,63350,1
JONESBURG,63351,1
LADDONIA,63352,1
MARTHASVILLE,63357,1
MONTGOMERY CITY,63361,1
MOSCOW MILLS,63362,1
NEW MELLE,63365,1
LAKE SAINT LOUIS,63367,1
OLD MONROE,63369,1
PORTAGE DES SIOUX,63373,1
SILEX,63377,1
TRELOAR,63378,1
WENTZVILLE,63385,1
WEST ALTON,63386,1
WRIGHT CITY,63390,1
ANABEL,63431,1
ARBELA,63432,1
HUNNEWELL,63443,1
KAHOKA,63445,1
KNOX CITY,63446,1
LENTNER,63450,1
SAINT PATRICK,63466,1
SAVERTON,63467,1
SHELBINA,63468,1
WYACONDA,63474,1
KIRKSVILLE,63501,1
BARING,63531,1
BEVIER,63532,1
BRASHEAR,63533,1
COATSVILLE,63535,1
EDINA,63537,1
GIBBS,63540,1
GORIN,63543,1
GREEN CASTLE,63544,1
GREEN CITY,63545,1
GREENTOP,63546,1
HURDLAND,63547,1
NEW CAMBRIA,63558,1
NOVINGER,63559,1
QUEEN CITY,63561,1
WINIGAN,63566,1
PARK HILLS,63601,1
BLACKWELL,63626,1
BLOOMSDALE,63627,1
BONNE TERRE,63628,1
BUNKER,63629,1
CADET,63630,1
DES ARC,63636,1
DOE RUN,63637,1
LEADWOOD,63653,1
MARQUAND,63655,1
MIDDLE BROOK,63656,1
NEW OFFENBURG,63661,1
PILOT KNOB,63663,1
SAINTE GENEVIEVE,63670,1
TIFF,63674,1
ALTENBURG,63732,1
BELL CITY,63735,1
BRAZEAU,63737,1
BURFORDVILLE,63739,1
DUTCHTOWN,63745,1
FARRAR,63746,1
FRIEDHEIM,63747,1
FROHNA,63748,1
GLENALLEN,63751,1
GRASSY,63753,1
MC GEE,63763,1
OLD APPLETON,63770,1
PAINTON,63772,1
MC BRIDE,63776,1
SCOTT CITY,63780,1
SEDGEWICKVILLE,63781,1
STURDIVANT,63782,1
VANDUSER,63784,1
ZALMA,63787,1
SIKESTON,63801,1
ARBYRD,63821,1
BERNIE,63822,1
BERTRAND,63823,1
BLODGETT,63824,1
BRAGGADOCIO,63826,1
BRAGG CITY,63827,1
CANALOU,63828,1
CARUTHERSVILLE,63830,1
CATRON,63833,1
CONRAN,63838,1
COOTER,63839,1
EAST PRAIRIE,63845,1
GIDEON,63848,1
GOBLER,63849,1
GRAYRIDGE,63850,1
HORNERSVILLE,63855,1
KENNETT,63857,1
LILBOURN,63862,1
MOREHOUSE,63868,1
NEW MADRID,63869,1
PASCOLA,63871,1
RISCO,63874,1
SENATH,63876,1
WARDELL,63879,1
WHITEOAK,63880,1
WOLF ISLAND,63881,1
BRIAR,63931,1
BROSELEY,63932,1
CLUBB,63934,1
DONIPHAN,63935,1
ELLSINORE,63937,1
FAGUS,63938,1
FAIRDEALING,63939,1
FISK,63940,1
GATEWOOD,63942,1
HARVIELL,63945,1
LOWNDES,63951,1
NEELYVILLE,63954,1
OXLY,63955,1
PUXICO,63960,1
QULIN,63961,1
ROMBAUER,63962,1
SHOOK,63963,1
SILVA,63964,1
WAPPAPELLO,63966,1
BATES CITY,64011,1
CAMDEN POINT,64018,1
CENTERVIEW,64019,1
CONCORDIA,64020,1
CORDER,64021,1
EXCELSIOR SPRINGS,64024,1
GRAIN VALLEY,64029,1
HIGGINSVILLE,64037,1
LAWSON,64062,1
LEVASY,64066,1
LONE JACK,64070,1
MAYVIEW,64071,1
ORRICK,64077,1
PECULIAR,64078,1
PLATTE CITY,64079,1
RAYMORE,64083,1
RAYVILLE,64084,1
AMAZONIA,64421,1
BLYTHEDALE,64426,1
BOLCKOW,64427,1
BURLINGTON JUNCTION,64428,1
CLEARMONT,64431,1
CONCEPTION,64433,1
CONCEPTION JUNCTION,64434,1
FAUCETT,64448,1
GENTRY,64453,1
GOWER,64454,1
GRANT CITY,64456,1
KING CITY,64463,1
LATHROP,64465,1
OSBORN,64474,1
PICKERING,64476,1
PLATTSBURG,64477,1
RAVENWOOD,64479,1
REA,64480,1
ROCK PORT,64482,1
SKIDMORE,64487,1
STANBERRY,64489,1
TARKIO,64491,1
TURNEY,64493,1
WEATHERBY,64497,1
BOGARD,64622,1
BOSWORTH,64623,1
BRAYMER,64624,1
BUCKLIN,64631,1
CAINSVILLE,64632,1
COFFEY,64636,1
COWGILL,64637,1
DAWN,64638,1
GILMAN CITY,64642,1
HUMPHREYS,64646,1
JAMESON,64647,1
KIDDER,64649,1
LACLEDE,64651,1
LINNEUS,64653,1
LOCK SPRINGS,64654,1
MC FALL,64657,1
MARCELINE,64658,1
NORBORNE,64668,1
PATTONSBURG,64670,1
POWERSVILLE,64672,1
PURDIN,64674,1
ROTHVILLE,64676,1
SPICKARD,64679,1
STET,64680,1
TINA,64682,1
WAKENDA,64687,1
AMORET,64722,1
APPLETON CITY,64724,1
ARCHIE,64725,1
BRONAUGH,64728,1
CHILHOWEE,64733,1
EAST LYNNE,64743,1
EL DORADO SPRINGS,64744,1
GOLDEN CITY,64748,1
JERICO SPRINGS,64756,1
LEETON,64761,1
LOWRY CITY,64763,1
MINDENMINES,64769,1
RICHARDS,64778,1
RICH HILL,64779,1
SCHELL CITY,64783,1
URICH,64788,1
CARL JUNCTION,64834,1
DUENWEG,64841,1
LANAGAN,64847,1
LA RUSSELL,64848,1
NECK CITY,64849,1
NEWTONIA,64853,1
NOEL,64854,1
ORONOGO,64855,1
PURCELL,64857,1
REEDS,64859,1
ROCKY COMFORT,64861,1
SARCOXIE,64862,1
SOUTH WEST CITY,64863,1
STARK CITY,64866,1
TIFF CITY,64868,1
WEBB CITY,64870,1
BARNETT,65011,1
BONNOTS MILL,65016,1
BRUMLEY,65017,1
CAMDENTON,65020,1
CHAMOIS,65024,1
ETTERVILLE,65031,1
GASCONADE,65036,1
GRAVOIS MILLS,65037,1
LAURIE,65038,1
HENLEY,65040,1
HERMANN,65041,1
HOLTS SUMMIT,65043,1
KAISER,65047,1
KOELTZTOWN,65048,1
LAKE OZARK,65049,1
LINN CREEK,65052,1
LOHMAN,65053,1
LOOSE CREEK,65054,1
MC GIRK,65055,1
META,65058,1
MOKANE,65059,1
OSAGE BEACH,65065,1
PRAIRIE HOME,65068,1
RHINELAND,65069,1
SAINT ELIZABETH,65075,1
STEEDMAN,65077,1
STOVER,65078,1
SUNRISE BEACH,65079,1
TEBBETTS,65080,1
ULMAN,65083,1
AUXVASSE,65231,1
BENTON CITY,65232,1
BUNCETON,65237,1
CLIFTON HILL,65244,1
EXCELLO,65247,1
HIGBEE,65257,1
HOLLIDAY,65258,1
KEYTESVILLE,65261,1
KINGDOM CITY,65262,1
MOBERLY,65270,1
NEW FRANKLIN,65274,1
ROCHEPORT,65279,1
RUSH HILL,65280,1
TRIPLETT,65286,1
WOOLDRIDGE,65287,1
WHITEMAN AIR FORCE BASE,65305,1
ARROW ROCK,65320,1
BLACKBURN,65321,1
CLIMAX SPRINGS,65324,1
COLE CAMP,65325,1
GILLIAM,65330,1
GREEN RIDGE,65332,1
HOUSTONIA,65333,1
KNOB NOSTER,65336,1
LA MONTE,65337,1
MALTA BEND,65339,1
OTTERVILLE,65348,1
SWEET SPRINGS,65351,1
BENDAVIS,65433,1
BIRCH TREE,65438,1
BIXBY,65439,1
BOSS,65440,1
BRINKTOWN,65443,1
COOK STATION,65449,1
CROCKER,65452,1
DEVILS ELBOW,65457,1
DUKE,65461,1
EDGAR SPRINGS,65462,1
EUNICE,65468,1
FORT LEONARD WOOD,65473,1
HARTSHORN,65479,1
HUGGINS,65484,1
JADWIN,65501,1
LAKE SPRING,65532,1
LAQUEY,65534,1
LECOMA,65540,1
LICKING,65542,1
MONTIER,65546,1
ROBY,65557,1
SOLO,65564,1
VIBURNUM,65566,1
STOUTLAND,65567,1
SUCCESS,65570,1
SWEDEBORG,65572,1
TERESITA,65573,1
VICHY,65580,1
SAINT ROBERT,65584,1
WESCO,65586,1
LONG LANE,65590,1
ASH GROVE,65604,1
CAPLINGER MILLS,65607,1
BLUE EYE,65611,1
BOIS D ARC,65612,1
BRADLEYVILLE,65614,1
BRIXEY,65618,1
BROOKLINE STATION,65619,1
BRUNER,65620,1
CAPE FAIR,65624,1
CAULFIELD,65626,1
CEDARCREEK,65627,1
CHESTNUTRIDGE,65630,1
CLEVER,65631,1
CROSS TIMBERS,65634,1
DIGGINS,65636,1
DUNNEGAN,65640,1
EUDORA,65645,1
EVERTON,65646,1
FAIR GROVE,65648,1
FORDLAND,65652,1
FREISTATT,65654,1
GOODSON,65659,1
GRAFF,65660,1
GROVESPRING,65662,1
HALF WAY,65663,1
HARDENVILLE,65666,1
HUMANSVILLE,65674,1
KIRBYVILLE,65679,1
KISSEE MILLS,65680,1
LAMPE,65681,1
KIMBERLING CITY,65686,1
BRANDSVILLE,65688,1
CABOOL,65689,1
COUCH,65690,1
KOSHKONONG,65692,1
MC CLURG,65701,1
MONETT,65708,1
MOUNTAIN GROVE,65711,1
NIANGUA,65713,1
NIXA,65714,1
OLDFIELD,65720,1
PIERCE CITY,65723,1
PLEASANT HOPE,65725,1
POWERSITE,65731,1
PROTEM,65733,1
PURDY,65734,1
REEDS SPRING,65737,1
RIDGEDALE,65739,1
ROCKAWAY BEACH,65740,1
RUETER,65744,1
SELIGMAN,65745,1
SHELL KNOB,65747,1
SOUTH GREENFIELD,65752,1
SQUIRES,65755,1
STOTTS CITY,65756,1
TANEYVILLE,65759,1
THEODOSIA,65761,1
THORNFIELD,65762,1
TUNAS,65764,1
TURNERS,65765,1
UDALL,65766,1
VANZANT,65768,1
WALNUT SHADE,65771,1
WASOLA,65773,1
WEAUBLEAU,65774,1
WEST PLAINS,65775,1
WINDYVILLE,65783,1
MACKS CREEK,65786,1
ROACH,65787,1
PEACE VALLEY,65788,1
ATCHISON,66002,1
BALDWIN CITY,66006,1
BASEHOR,66007,1
BENDENA,66008,1
BONNER SPRINGS,66012,1
COLONY,66015,1
CLEARVIEW CITY,66019,1
FORT LEAVENWORTH,66027,1
NEW CENTURY,66031,1
LA CYGNE,66040,1
LECOMPTON,66050,1
MC LOUTH,66054,1
MUSCOTAH,66058,1
OSAWATOMIE,66064,1
OZAWKIE,66070,1
PAOLA,66071,1
STILWELL,66085,1
TONGANOXIE,66086,1
WATHENA,66090,1
WELDA,66091,1
AXTELL,66403,1
BEATTIE,66406,1
BELVUE,66407,1
BERN,66408,1
BERRYTON,66409,1
BLUE RAPIDS,66411,1
DELIA,66418,1
ESKRIDGE,66423,1
EVEREST,66424,1
GOFF,66428,1
HARVEYVILLE,66431,1
HAVENSVILLE,66432,1
HOYT,66440,1
FORT RILEY,66442,1
LEONARDVILLE,66449,1
MAYETTA,66509,1
MELVERN,66510,1
NETAWAKA,66516,1
OKETO,66518,1
OLSBURG,66520,1
ONAGA,66521,1
OSAGE CITY,66523,1
OVERBROOK,66524,1
PAXICO,66526,1
POWHATTAN,66527,1
QUENEMO,66528,1
SABETHA,66534,1
WAMEGO,66547,1
FORT SCOTT,66701,1
ARMA,66712,1
BAXTER SPRINGS,66713,1
CHANUTE,66720,1
COYVILLE,66727,1
ELSMORE,66732,1
FARLINGTON,66734,1
GAS,66742,1
HEPLER,66746,1
MC CUNE,66753,1
NEODESHA,66757,1
NEOSHO FALLS,66758,1
OPOLIS,66760,1
SAVONBURG,66772,1
SCAMMON,66773,1
STARK,66775,1
TREECE,66778,1
WEST MINERAL,66782,1
YATES CENTER,66783,1
ADMIRE,66830,1
BURDICK,66838,1
CASSODAY,66842,1
COTTONWOOD FALLS,66845,1
COUNCIL GROVE,66846,1
ELMDALE,66850,1
LEBO,66856,1
LOST SPRINGS,66859,1
MATFIELD GREEN,66862,1
NEAL,66863,1
NEOSHO RAPIDS,66864,1
OLPE,66865,1
STRONG CITY,66869,1
WHITE CITY,66872,1
WILSEY,66873,1
AGENDA,66930,1
BARNES,66933,1
ESBON,66941,1
FORMOSO,66942,1
HOLLENBERG,66946,1
MAHASKA,66955,1
MORROWVILLE,66958,1
MUNDEN,66959,1
NARKA,66960,1
SMITH CENTER,66967,1
WEBBER,66970,1
ANDALE,67001,1
ARGONIA,67004,1
ARKANSAS CITY,67005,1
BURDEN,67019,1
BURRTON,67020,1
BYERS,67021,1
CEDAR VALE,67024,1
CHENEY,67025,1
COLWICH,67030,1
CONWAY SPRINGS,67031,1
DOUGLASS,67039,1
ELBING,67041,1
GARDEN PLAIN,67050,1
GEUDA SPRINGS,67051,1
GODDARD,67052,1
GOESSEL,67053,1
HALSTEAD,67056,1
HARDTNER,67057,1
HAYSVILLE,67060,1
KECHI,67067,1
KIOWA,67070,1
MAIZE,67101,1
MEDICINE LODGE,67104,1
MOUNDRIDGE,67107,1
MULLINVILLE,67109,1
MULVANE,67110,1
NORTH NEWTON,67117,1
POTWIN,67123,1
PROTECTION,67127,1
RAGO,67128,1
ROSALIA,67132,1
SEVERY,67137,1
SPIVEY,67142,1
VALLEY CENTER,67147,1
MCCONNELL AFB,67221,1
CANEY,67333,1
CHERRYVALE,67335,1
CHETOPA,67336,1
COFFEYVILLE,67337,1
ELK FALLS,67345,1
GRENOLA,67346,1
LONGTON,67352,1
MOUND VALLEY,67354,1
NIOTAZE,67355,1
SEDAN,67361,1
ASSARIA,67416,1
BUSHTON,67427,1
CAWKER CITY,67430,1
FALUN,67442,1
GLEN ELDER,67446,1
HERINGTON,67449,1
HOLYROOD,67450,1
KANOPOLIS,67454,1
LINDSBORG,67456,1
LONGFORD,67458,1
MCPHERSON,67460,1
MILTONVALE,67466,1
OSBORNE,67473,1
PORTIS,67474,1
SOLOMON,67480,1
SYLVAN GROVE,67481,1
TESCOTT,67484,1
SOUTH HUTCHINSON,67505,1
ABBYVILLE,67510,1
ALBERT,67511,1
BAZINE,67516,1
BEELER,67518,1
BROWNELL,67521,1
BUHLER,67522,1
CLAFLIN,67525,1
ELLINWOOD,67526,1
HAVEN,67543,1
HOISINGTON,67544,1
KINSLEY,67547,1
LARNED,67550,1
LIEBENTHAL,67553,1
MC CRACKEN,67556,1
MACKSVILLE,67557,1
NESS CITY,67560,1
NICKERSON,67561,1
OFFERLE,67563,1
OLMITZ,67564,1
PAWNEE ROCK,67567,1
PRETTY PRAIRIE,67570,1
ROZEL,67574,1
RUSH CENTER,67575,1
SYLVIA,67581,1
TURON,67583,1
AGRA,67621,1
BOGUE,67625,1
CATHARINE,67627,1
COLLYER,67631,1
DAMAR,67632,1
DORRANCE,67634,1
ELLIS,67637,1
GLADE,67639,1
KIRWIN,67644,1
LENORA,67645,1
MORLAND,67650,1
NATOMA,67651,1
NORCATUR,67653,1
OGALLAH,67656,1
PALCO,67657,1
PENOKEE,67659,1
PFEIFER,67660,1
PRAIRIE VIEW,67664,1
SCHOENCHEN,67667,1
STUTTGART,67670,1
WA KEENEY,67672,1
WOODSTON,67675,1
BIRD CITY,67731,1
EDSON,67733,1
GEM,67734,1
GOVE,67736,1
GRAINFIELD,67737,1
HOXIE,67740,1
KANORADO,67741,1
LUDELL,67744,1
MONUMENT,67747,1
PARK,67751,1
QUINTER,67752,1
WESKAN,67762,1
DODGE CITY,67801,1
CIMARRON,67835,1
ENSIGN,67841,1
HANSTON,67849,1
HEALY,67850,1
JETMORE,67854,1
KISMET,67859,1
LEOTI,67861,1
MANTER,67862,1
MARIENTHAL,67863,1
MEADE,67864,1
SATANTA,67870,1
SPEARVILLE,67876,1
TRIBUNE,67879,1
HUGOTON,67951,1
ABIE,68001,1
BOYS TOWN,68010,1
CEDAR BLUFFS,68015,1
CEDAR CREEK,68016,1
FORT CALHOUN,68023,1
HOOPER,68031,1
LESHARA,68035,1
MALMO,68040,1
MEAD,68041,1
PENDER,68047,1
PLATTSMOUTH,68048,1
PRAGUE,68050,1
ROSALIE,68055,1
ST COLUMBANS,68056,1
SCRIBNER,68057,1
TEKAMAH,68061,1
UEHLING,68063,1
WAHOO,68066,1
WALTHILL,68067,1
YUTAN,68073,1
OFFUTT A F B,68113,1
LA VISTA,68128,1
ALVO,68304,1
BARNESTON,68309,1
BEAVER CROSSING,68313,1
BENNET,68317,1
BROCK,68320,1
BRUNING,68322,1
BURCHARD,68323,1
BURR,68324,1
CLATONIA,68328,1
DAVEY,68336,1
DAYKIN,68338,1
DILLER,68342,1
FALLS CITY,68355,1
FILLEY,68357,1
FIRTH,68358,1
FRIEND,68359,1
GILEAD,68362,1
GOEHNER,68364,1
HALLAM,68368,1
JANSEN,68377,1
MC COOL JUNCTION,68401,1
MANLEY,68403,1
MARTELL,68404,1
NEBRASKA CITY,68410,1
NEHAWKA,68413,1
OHIOWA,68416,1
OTOE,68417,1
PAWNEE CITY,68420,1
PICKRELL,68422,1
PLEASANT DALE,68423,1
ROCA,68430,1
RULO,68431,1
SHICKLEY,68436,1
SHUBERT,68437,1
STAPLEHURST,68439,1
STEELE CITY,68440,1
STEINAUER,68441,1
STRANG,68444,1
TABLE ROCK,68447,1
ONG,68452,1
TOBIAS,68453,1
VERDON,68457,1
WEEPING WATER,68463,1
WESTERN,68464,1
WILBER,68465,1
WYMORE,68466,1
CLARKS,68628,1
DAVID CITY,68632,1
ERICSON,68637,1
HUMPHREY,68642,1
LEIGH,68643,1
MORSE BLUFF,68648,1
PLATTE CENTER,68653,1
RISING CITY,68658,1
SAINT EDWARD,68660,1
STROMSBURG,68666,1
BEEMER,68716,1
CHAMBERS,68725,1
COLERIDGE,68727,1
EMMET,68734,1
FORDYCE,68736,1
HADAR,68738,1
HARTINGTON,68739,1
HOSKINS,68740,1
MCLEAN,68747,1
MAGNET,68749,1
MASKELL,68751,1
MEADOW GROVE,68752,1
NAPER,68755,1
NELIGH,68756,1
NEWMAN GROVE,68758,1
NIOBRARA,68760,1
ONEILL,68763,1
OSMOND,68765,1
PIERCE,68767,1
PILGER,68768,1
PONCA,68770,1
SAINT HELENA,68774,1
SOUTH SIOUX CITY,68776,1
SPRINGVIEW,68778,1
VERDIGRE,68783,1
WAUSA,68786,1
WINNETOON,68789,1
WINSIDE,68790,1
WISNER,68791,1
WYNOT,68792,1
ALDA,68810,1
ANSELMO,68813,1
ANSLEY,68814,1
BOELUS,68820,1
BROKEN BOW,68822,1
BURWELL,68823,1
DANNEBROG,68831,1
DUNNING,68833,1
ELM CREEK,68836,1
GILTNER,68841,1
HORDVILLE,68846,1
LOUP CITY,68853,1
NORTH LOUP,68859,1
ORD,68862,1
OVERTON,68863,1
WEISSERT,68880,1
WOLBACH,68882,1
BEAVER CITY,68926,1
BLADEN,68928,1
DEWEESE,68934,1
FUNK,68940,1
GLENVIL,68941,1
GUIDE ROCK,68942,1
HEARTWELL,68945,1
HENDLEY,68946,1
HILDRETH,68947,1
HOLDREGE,68949,1
INAVALE,68952,1
INLAND,68954,1
JUNIATA,68955,1
KENESAW,68956,1
LOOMIS,68958,1
NAPONEE,68960,1
OAK,68964,1
RAGAN,68969,1
RED CLOUD,68970,1
REPUBLICAN CITY,68971,1
SARONVILLE,68975,1
MC COOK,69001,1
BENKELMAN,69021,1
ENDERS,69027,1
FARNAM,69029,1
HAIGLER,69030,1
HAYES CENTER,69032,1
PARKS,69041,1
STOCKVILLE,69042,1
WAUNETA,69045,1
BROADWATER,69125,1
COZAD,69130,1
ELSMERE,69135,1
GOTHENBURG,69138,1
HALSEY,69142,1
LEWELLEN,69147,1
LISCO,69148,1
MULLEN,69152,1
OGALLALA,69153,1
PURDUM,69157,1
THEDFORD,69166,1
WILLOW ISLAND,69171,1
VALENTINE,69201,1
CODY,69211,1
LONG PINE,69217,1
MERRIMAN,69218,1
NENZEL,69219,1
CHADRON,69337,1
GERING,69341,1
HAY SPRINGS,69347,1
HEMINGFORD,69348,1
MCGREW,69353,1
MARSLAND,69354,1
MELBETA,69355,1
MINATARE,69356,1
WHITECLAY,69365,1
DES ALLEMANDS,70030,1
AMA,70031,1
BARATARIA,70036,1
BELLE CHASSE,70037,1
BOOTHVILLE,70038,1
BOUTTE,70039,1
BRAITHWAITE,70040,1
BURAS,70041,1
DAVANT,70046,1
DESTREHAN,70047,1
EDGARD,70049,1
GARYVILLE,70051,1
GRAMERCY,70052,1
HAHNVILLE,70057,1
KILLONA,70066,1
LAFITTE,70067,1
LULING,70070,1
LUTCHER,70071,1
MERAUX,70075,1
NEW SARPY,70078,1
NORCO,70079,1
PARADIS,70080,1
PILOTTOWN,70081,1
POINTE A LA HACHE,70082,1
PORT SULPHUR,70083,1
SAINT BERNARD,70085,1
SAINT ROSE,70087,1
VACHERIE,70090,1
VIOLET,70092,1
PIERRE PART,70339,1
BELLE ROSE,70341,1
BOURG,70343,1
CHAUVIN,70344,1
CUT OFF,70345,1
DONALDSONVILLE,70346,1
DONNER,70352,1
DULAC,70353,1
GALLIANO,70354,1
GHEENS,70355,1
GOLDEN MEADOW,70357,1
KRAEMER,70371,1
LABADIEVILLE,70372,1
LAROSE,70373,1
MODESTE,70376,1
MONTEGUT,70377,1
NAPOLEONVILLE,70390,1
PAINCOURTVILLE,70391,1
PLATTENVILLE,70393,1
RACELAND,70394,1
SCHRIEVER,70395,1
THERIOT,70397,1
ABITA SPRINGS,70420,1
AKERS,70421,1
AMITE,70422,1
FLUKER,70436,1
HUSSER,70442,1
KENTWOOD,70444,1
LACOMBE,70445,1
LORANGER,70446,1
MAUREPAS,70449,1
NATALBANY,70451,1
PONCHATOULA,70454,1
ROBERT,70455,1
SUN,70463,1
TALISHEEK,70464,1
TANGIPAHOA,70465,1
TICKFAW,70466,1
ARNAUDVILLE,70512,1
AVERY ISLAND,70513,1
BASILE,70515,1
BREAUX BRIDGE,70517,1
BROUSSARD,70518,1
CADE,70519,1
CARENCRO,70520,1
CHARENTON,70523,1
CHATAIGNIER,70524,1
CHURCH POINT,70525,1
DELCAMBRE,70528,1
DUSON,70529,1
ERATH,70533,1
ESTHERWOOD,70534,1
EVANGELINE,70537,1
GRAND COTEAU,70541,1
GUEYDAN,70542,1
IOTA,70543,1
JEANERETTE,70544,1
KAPLAN,70548,1
LAKE ARTHUR,70549,1
LAWTELL,70550,1
LEONVILLE,70551,1
LOREAUVILLE,70552,1
MAMOU,70554,1
MERMENTAU,70556,1
MORSE,70559,1
PINE PRAIRIE,70576,1
PORT BARRE,70577,1
RAYNE,70578,1
REDDELL,70580,1
SAINT MARTINVILLE,70582,1
TURKEY CREEK,70585,1
VILLE PLATTE,70586,1
WELSH,70591,1
CREOLE,70632,1
DEQUINCY,70633,1
DERIDDER,70634,1
GRAND CHENIER,70643,1
HACKBERRY,70645,1
KINDER,70648,1
LACASSINE,70650,1
LEBLANC,70651,1
MERRYVILLE,70653,1
MITTIE,70654,1
PITKIN,70656,1
RAGLEY,70657,1
REEVES,70658,1
ROSEPINE,70659,1
SINGER,70660,1
STARKS,70661,1
SUGARTOWN,70662,1
ADDIS,70710,1
BATCHELOR,70715,1
BAYOU GOULA,70716,1
BLANKS,70717,1
BRITTANY,70718,1
BRUSLY,70719,1
BUECHE,70720,1
CARVILLE,70721,1
CONVENT,70723,1
DARROW,70725,1
DUPLESSIS,70728,1
ERWINVILLE,70729,1
FORDOCHE,70732,1
FRENCH SETTLEMENT,70733,1
GEISMAR,70734,1
GLYNN,70736,1
GREENWELL SPRINGS,70739,1
GROSSE TETE,70740,1
HESTER,70743,1
INNIS,70747,1
JARREAU,70749,1
KROTZ SPRINGS,70750,1
LABARRE,70751,1
LETTSWORTH,70753,1
LOTTIE,70756,1
MARINGOUIN,70757,1
NEW ROADS,70760,1
OSCAR,70762,1
PAULINA,70763,1
PORT ALLEN,70767,1
PRAIRIEVILLE,70769,1
PRIDE,70770,1
ROUGON,70773,1
SAINT AMANT,70774,1
SAINT GABRIEL,70776,1
SLAUGHTER,70777,1
SUNSHINE,70780,1
TORBERT,70781,1
VENTRESS,70783,1
WEYANOKE,70787,1
WHITE CASTLE,70788,1
ZACHARY,70791,1
UNCLE SAM,70792,1
BIENVILLE,71008,1
CASTOR,71016,1
COTTON VALLEY,71018,1
COUSHATTA,71019,1
DOYLINE,71023,1
DUBBERLY,71024,1
FRIERSON,71027,1
GIBSLAND,71028,1
GOLDONNA,71031,1
GRAND CANE,71032,1
HALL SUMMIT,71034,1
HAUGHTON,71037,1
HOSSTON,71043,1
KEATCHIE,71046,1
KEITHVILLE,71047,1
LONGSTREET,71050,1
MOORINGSPORT,71060,1
PELICAN,71063,1
PLAIN DEALING,71064,1
RODESSA,71069,1
SAREPTA,71071,1
SHONGALOO,71072,1
SPRINGHILL,71075,1
BARKSDALE AFB,71110,1
ARCHIBALD,71218,1
BASKIN,71219,1
BERNICE,71222,1
CHOUDRANT,71227,1
COLLINSTON,71229,1
CROWVILLE,71230,1
DUBACH,71235,1
EPPS,71237,1
EROS,71238,1
FARMERVILLE,71241,1
FORT NECESSITY,71243,1
GRAMBLING,71245,1
HODGE,71247,1
JIGGER,71249,1
LAKE PROVIDENCE,71254,1
LILLIE,71256,1
MANGHAM,71259,1
MER ROUGE,71261,1
SIMSBORO,71275,1
SONDHEIMER,71276,1
SPEARSVILLE,71277,1
START,71279,1
STERLINGTON,71280,1
SWARTZ,71281,1
TRANSYLVANIA,71286,1
BORDELONVILLE,71320,1
BUNKIE,71322,1
CHENEYVILLE,71325,1
COTTONPORT,71327,1
DEVILLE,71328,1
FERRIDAY,71334,1
HESSMER,71341,1
JENA,71342,1
LEBEAU,71345,1
LECOMPTE,71346,1
LIBUSE,71348,1
MANSURA,71350,1
MARKSVILLE,71351,1
MOREAUVILLE,71355,1
NEWELLTON,71357,1
PLAUCHEVILLE,71362,1
RHINEHART,71363,1
SAINT LANDRY,71367,1
SICILY ISLAND,71368,1
SIMMESPORT,71369,1
TROUT,71371,1
WATERPROOF,71375,1
WILDSVILLE,71377,1
AIMWELL,71401,1
ANACOCO,71403,1
BALL,71405,1
CAMPTI,71411,1
CLOUTIERVILLE,71416,1
DRY PRONG,71423,1
FLORIEN,71429,1
GLENMORA,71433,1
GORUM,71434,1
HINESTON,71438,1
HORNBECK,71439,1
JOYCE,71440,1
KURTHWOOD,71443,1
LACAMP,71444,1
LONGLEAF,71448,1
MANY,71449,1
MARTHAVILLE,71450,1
NEGREET,71460,1
NEWLLANO,71461,1
OLLA,71465,1
PROVENCAL,71468,1
ROBELINE,71469,1
SAINT MAURICE,71471,1
SIEPER,71472,1
SIKES,71473,1
SLAGLE,71475,1
TULLOS,71479,1
URANIA,71480,1
VERDA,71481,1
WINNFIELD,71483,1
ZWOLLE,71486,1
CROSSETT,71635,1
DERMOTT,71638,1
FOUNTAIN HILL,71642,1
GOULD,71643,1
JENNIE,71649,1
NEW EDINBURG,71660,1
PARKDALE,71661,1
RISON,71665,1
TILLAR,71670,1
WILMAR,71675,1
BEARDEN,71720,1
BEIRNE,71721,1
CALION,71724,1
CHIDESTER,71726,1
GURDON,71743,1
HARRELL,71745,1
HUTTIG,71747,1
IVAN,71748,1
LOUANN,71751,1
MC NEIL,71752,1
NORPHLET,71759,1
SMACKOVER,71762,1
SPARKMAN,71763,1
WHELEN SPRINGS,71772,1
ALLEENE,71820,1
ASHDOWN,71822,1
BEN LOMOND,71823,1
BLEVINS,71825,1
CALE,71828,1
DE QUEEN,71832,1
DIERKS,71833,1
DODDRIDGE,71834,1
FOREMAN,71836,1
FOUKE,71837,1
GARLAND CITY,71839,1
GILLHAM,71841,1
LANEBURG,71844,1
LOCKESBURG,71846,1
MC CASKILL,71847,1
OZAN,71855,1
ROSSTON,71858,1
STAMPS,71860,1
ANTOINE,71922,1
BOARD CAMP,71932,1
BONNERDALE,71933,1
CADDO GAP,71935,1
COVE,71937,1
DELIGHT,71940,1
GRANNIS,71944,1
JESSIEVILLE,71949,1
MENA,71953,1
MOUNTAIN PINE,71956,1
MOUNT IDA,71957,1
NEWHOPE,71959,1
PEARCY,71964,1
PENCIL BLUFF,71965,1
STORY,71970,1
UMPIRE,71971,1
VANDERVOORT,71972,1
WICKES,71973,1
ADONA,72001,1
ALMYRA,72003,1
ALTHEIMER,72004,1
AMAGON,72005,1
BAUXITE,72011,1
BEEBE,72012,1
BEE BRANCH,72013,1
BEEDEVILLE,72014,1
BRINKLEY,72021,1
CASA,72025,1
CASSCOE,72026,1
CENTER RIDGE,72027,1
CHOCTAW,72028,1
COTTON PLANT,72036,1
CROCKETTS BLUFF,72038,1
DE VALLS BLUFF,72041,1
DIAZ,72043,1
ENGLAND,72046,1
FOX,72051,1
GRIFFITHVILLE,72060,1
GUY,72061,1
HATTIEVILLE,72063,1
HICKORY PLAINS,72066,1
HIGDEN,72067,1
HIGGINSON,72068,1
HOLLY GROVE,72069,1
HUMNOKE,72072,1
JACKSONPORT,72075,1
JUDSONIA,72081,1
KEO,72083,1
LETONA,72085,1
LONOKE,72086,1
FAIRFIELD BAY,72088,1
LITTLE ROCK AIR FORCE BASE,72099,1
MABELVALE,72103,1
JONES MILL,72105,1
MAYFLOWER,72106,1
MENIFEE,72107,1
MORRILTON,72110,1
MAUMELLE,72113,1
PANGBURN,72121,1
PARON,72122,1
PLUMERVILLE,72127,1
POYEN,72128,1
PRIM,72130,1
REYDELL,72133,1
ROE,72134,1
ROMANCE,72136,1
ROSE BUD,72137,1
SOLGOHACHIA,72156,1
SWEET HOME,72164,1
THIDA,72165,1
TICHNOR,72166,1
TRASKWOOD,72167,1
VILONIA,72173,1
WABBASEKA,72175,1
WILBURN,72179,1
ARMOREL,72310,1
AUBREY,72311,1
BIRDEYE,72314,1
GOSNELL,72319,1
BRICKEYS,72320,1
BURDETTE,72321,1
CLARKEDALE,72325,1
COLT,72326,1
CRUMROD,72328,1
DRIVER,72329,1
DYESS,72330,1
EARLE,72331,1
EDMONDSON,72332,1
ELAINE,72333,1
FRENCHMANS BAYOU,72338,1
GILMORE,72339,1
HAYNES,72341,1
HETH,72346,1
HICKORY RIDGE,72347,1
HUGHES,72348,1
JOINER,72350,1
KEISER,72351,1
LAMBROOK,72353,1
LEPANTO,72354,1
LEXA,72355,1
LUXORA,72358,1
MARKED TREE,72365,1
MARVELL,72366,1
MELLWOOD,72367,1
PARKIN,72373,1
RIVERVALE,72377,1
SNOW LAKE,72379,1
TOMATO,72381,1
TURRELL,72384,1
TWIST,72385,1
TYRONZA,72386,1
VANNDALE,72387,1
WEST HELENA,72390,1
WEST RIDGE,72391,1
WHEATLEY,72392,1
WIDENER,72394,1
WYNNE,72396,1
ALICIA,72410,1
BAY,72411,1
BIGGERS,72413,1
BLACK OAK,72414,1
BLACK ROCK,72415,1
BONO,72416,1
BROOKLAND,72417,1
CARAWAY,72419,1
CASH,72421,1
DATTO,72424,1
DELAPLAINE,72425,1
EGYPT,72427,1
GRUBBS,72431,1
IMBODEN,72434,1
KNOBEL,72435,1
LAFE,72436,1
LEACHVILLE,72438,1
LIGHT,72439,1
MC DOUGAL,72441,1
MANILA,72442,1
MARMADUKE,72443,1
MONETTE,72447,1
O KEAN,72449,1
PEACH ORCHARD,72453,1
PIGGOTT,72454,1
POLLARD,72456,1
PORTIA,72457,1
RAVENDEN,72459,1
RAVENDEN SPRINGS,72460,1
REYNO,72462,1
STATE UNIVERSITY,72467,1
STRAWBERRY,72469,1
SWIFTON,72471,1
TRUMANN,72472,1
TUCKERMAN,72473,1
WALDENBURG,72475,1
WALNUT RIDGE,72476,1
WEINER,72479,1
WILLIFORD,72482,1
HORSESHOE BEND,72512,1
ASH FLAT,72513,1
BEXAR,72515,1
BROCKWELL,72517,1
CALICO ROCK,72519,1
CAMP,72520,1
CORD,72524,1
CUSHMAN,72526,1
DESHA,72527,1
DOLPH,72528,1
DRASCO,72530,1
EVENING SHADE,72532,1
FIFTY SIX,72533,1
FLORAL,72534,1
GEPP,72538,1
GUION,72540,1
MAGNESS,72553,1
MAMMOTH SPRING,72554,1
MARCELLA,72555,1
MOKO,72557,1
OIL TROUGH,72564,1
ROSIE,72571,1
SAFFELL,72572,1
SAGE,72573,1
SALADO,72575,1
STURKIE,72578,1
SULPHUR ROCK,72579,1
TUMBLING SHOALS,72581,1
VIOLET HILL,72584,1
WIDEMAN,72585,1
WISEMAN,72587,1
ALCO,72610,1
BERGMAN,72615,1
BIG FLAT,72617,1
BULL SHOALS,72619,1
CLARKRIDGE,72623,1
COTTER,72626,1
DEER,72628,1
DENNARD,72629,1
DIAMOND CITY,72630,1
FLIPPIN,72634,1
GASSVILLE,72635,1
GREEN FOREST,72638,1
HARRIET,72639,1
HASTY,72640,1
LEAD HILL,72644,1
MOUNT JUDEA,72655,1
ONIA,72663,1
PARTHENON,72666,1
PEEL,72668,1
PINDALL,72669,1
PYATT,72672,1
TILLY,72679,1
VENDOR,72683,1
WESTERN GROVE,72685,1
WITTS SPRINGS,72686,1
YELLVILLE,72687,1
CANEHILL,72717,1
CAVE SPRINGS,72718,1
CENTERTON,72719,1
GATEWAY,72733,1
GRAVETTE,72736,1
HINDSVILLE,72738,1
HIWASSE,72739,1
PEA RIDGE,72751,1
PETTIGREW,72752,1
PRAIRIE GROVE,72753,1
SILOAM SPRINGS,72761,1
SUMMERS,72769,1
TONTITOWN,72770,1
WEST FORK,72774,1
WITTER,72776,1
ALIX,72820,1
COAL HILL,72832,1
DARDANELLE,72834,1
GRAVELLY,72838,1
HAGARVILLE,72839,1
HARTMAN,72840,1
NEW BLAINE,72851,1
OARK,72852,1
OLA,72853,1
PELSOR,72856,1
ROVER,72860,1
SUBIACO,72865,1
BARLING,72923,1
BATES,72924,1
HACKETT,72937,1
LAVACA,72941,1
MAGAZINE,72943,1
MOUNTAINBURG,72946,1
NATURAL DAM,72948,1
RATCLIFF,72951,1
RUDY,72952,1
ALEX,73002,1
AMBER,73004,1
ANADARKO,73005,1
APACHE,73006,1
BINGER,73009,1
BRAY,73012,1
CASHION,73016,1
CEMENT,73017,1
CONCHO,73022,1
CORN,73024,1
COYLE,73027,1
CYRIL,73029,1
DIBBLE,73031,1
EAKLY,73033,1
EL RENO,73036,1
FORT COBB,73038,1
GEARY,73040,1
GOTEBO,73041,1
GRACEMONT,73042,1
HARRAH,73045,1
HYDRO,73048,1
LOOKEBA,73053,1
MINCO,73059,1
MULHALL,73063,1
MUSTANG,73064,1
NICOMA PARK,73066,1
NINNEKAH,73067,1
PAULS VALLEY,73075,1
RUSH SPRINGS,73082,1
VERDEN,73092,1
WASHITA,73094,1
COUNTYLINE,73425,1
BURNEYVILLE,73430,1
ELMORE CITY,73433,1
GENE AUTRY,73436,1
HEALDTON,73438,1
LOCO,73442,1
LONE GROVE,73443,1
MADILL,73446,1
RAVIA,73455,1
SPRINGER,73458,1
THACKERVILLE,73459,1
WAPANUCKA,73461,1
PERNELL,73476,1
RATLIFF CITY,73481,1
TATUMS,73487,1
TUSSY,73488,1
VELMA,73491,1
FORT SILL,73503,1
ADDINGTON,73520,1
ALTUS AFB,73523,1
COMANCHE,73529,1
DEVOL,73531,1
FAXON,73540,1
GERONIMO,73543,1
GRANDFIELD,73546,1
GRANITE,73547,1
HEADRICK,73549,1
INDIAHOMA,73552,1
MANGUM,73554,1
MEDICINE PARK,73557,1
MEERS,73558,1
MOUNTAIN PARK,73559,1
RANDLETT,73562,1
TERRAL,73569,1
VINSON,73571,1
WALTERS,73572,1
WAURIKA,73573,1
ARAPAHO,73620,1
BESSIE,73622,1
BURNS FLAT,73624,1
CANUTE,73626,1
CORDELL,73632,1
DILL CITY,73641,1
ERICK,73645,1
FAY,73646,1
FOSS,73647,1
HAMMON,73650,1
LEEDEY,73654,1
LONE WOLF,73655,1
REYDON,73660,1
ROCKY,73661,1
SEILING,73663,1
SENTINEL,73664,1
TALOGA,73667,1
TEXOLA,73668,1
ALINE,73716,1
AMORITA,73719,1
CARMEN,73726,1
CARRIER,73727,1
CLEO SPRINGS,73729,1
DACOMA,73731,1
GOLTRY,73739,1
HENNESSEY,73742,1
HOPETON,73746,1
JET,73749,1
KINGFISHER,73750,1
LAHOMA,73754,1
LONGDALE,73755,1
LUCIEN,73757,1
MENO,73760,1
NASH,73761,1
OKARCHE,73762,1
OKEENE,73763,1
POND CREEK,73766,1
SOUTHARD,73770,1
WAKITA,73771,1
WATONGA,73772,1
WAUKOMIS,73773,1
FORT SUPPLY,73841,1
GAGE,73843,1
GATE,73844,1
KNOWLES,73847,1
LAVERNE,73848,1
MAY,73851,1
MUTUAL,73853,1
SHATTUCK,73858,1
VICI,73859,1
WAYNOKA,73860,1
BALKO,73931,1
BOISE CITY,73933,1
FELT,73937,1
FORGAN,73938,1
GOODWELL,73939,1
GUYMON,73942,1
HARDESTY,73944,1
HOOKER,73945,1
KEYES,73947,1
TEXHOMA,73949,1
TURPIN,73950,1
AVANT,74001,1
BARNSDALL,74002,1
BOWRING,74009,1
CATOOSA,74015,1
COPAN,74022,1
DRUMRIGHT,74030,1
FOYIL,74031,1
GLENPOOL,74033,1
HALLETT,74034,1
HOMINY,74035,1
INOLA,74036,1
JENKS,74037,1
KELLYVILLE,74039,1
KIEFER,74041,1
LENAPAH,74042,1
MANNFORD,74044,1
MARAMEC,74045,1
MILFAY,74046,1
NOWATA,74048,1
OCHELATA,74051,1
OILTON,74052,1
OOLOGAH,74053,1
OWASSO,74055,1
PAWHUSKA,74056,1
PRUE,74060,1
SHAMROCK,74068,1
SKIATOOK,74070,1
SLICK,74071,1
S COFFEYVILLE,74072,1
STROUD,74079,1
TALALA,74080,1
TERLTON,74081,1
VERA,74082,1
WANN,74083,1
WYNONA,74084,1
VINITA,74301,1
BIG CABIN,74332,1
BLUEJACKET,74333,1
CARDIN,74335,1
CHOUTEAU,74337,1
DISNEY,74340,1
EUCHA,74342,1
KETCHUM,74349,1
NORTH MIAMI,74358,1
PICHER,74360,1
QUAPAW,74363,1
SPAVINAW,74366,1
TWIN OAKS,74368,1
BEGGS,74421,1
BRAGGS,74423,1
CANADIAN,74425,1
CHECOTAH,74426,1
COOKSON,74427,1
COUNCIL HILL,74428,1
COWETA,74429,1
FORT GIBSON,74434,1
HENRYETTA,74437,1
HITCHITA,74438,1
MOODYS,74444,1
OKAY,74446,1
OKMULGEE,74447,1
OKTAHA,74450,1
PARK HILL,74451,1
PEGGS,74452,1
PORUM,74455,1
REDBIRD,74458,1
RENTIESVILLE,74459,1
SCHULTER,74460,1
STIDHAM,74461,1
STIGLER,74462,1
TULLAHASSEE,74466,1
WAINWRIGHT,74468,1
WEBBERS FALLS,74470,1
WELLING,74471,1
ANTLERS,74523,1
BLANCO,74528,1
BLOCKER,74529,1
BROMIDE,74530,1
CENTRAHOMA,74534,1
CLARITA,74535,1
COALGATE,74538,1
HAILEYVILLE,74546,1
HARTSHORNE,74547,1
HONOBIA,74549,1
KINTA,74552,1
KREBS,74554,1
MOYERS,74557,1
NASHOBA,74558,1
RATTAN,74562,1
SNOW,74567,1
STRINGTOWN,74569,1
TALIHINA,74571,1
TUSKAHOMA,74574,1
WARDVILLE,74576,1
BRAMAN,74632,1
KAW CITY,74641,1
MARLAND,74644,1
NARDIN,74646,1
NEWKIRK,74647,1
RED ROCK,74651,1
SHIDLER,74652,1
TONKAWA,74653,1
ACHILLE,74720,1
BATTIEST,74722,1
BOKCHITO,74726,1
CADDO,74729,1
EAGLETOWN,74734,1
FORT TOWSON,74735,1
HENDRIX,74741,1
IDABEL,74745,1
KEMP,74747,1
KENEFIC,74748,1
PLATTER,74753,1
RINGOLD,74754,1
RUFE,74755,1
SOPER,74759,1
SWINK,74761,1
VALLIANT,74764,1
BOLEY,74829,1
BOWLEGS,74830,1
BYARS,74831,1
CASTLE,74833,1
CONNERVILLE,74836,1
DUSTIN,74839,1
EARLSBORO,74840,1
FITTSTOWN,74842,1
FITZHUGH,74843,1
FRANCIS,74844,1
HOLDENVILLE,74848,1
KONAWA,74849,1
MCLOUD,74851,1
MAUD,74854,1
MEEKER,74855,1
NEWALLA,74857,1
OKEMAH,74859,1
PADEN,74860,1
ROFF,74865,1
SASAKWA,74867,1
WANETTE,74878,1
WELEETKA,74880,1
WETUMKA,74883,1
WEWOKA,74884,1
ARKOMA,74901,1
POCOLA,74902,1
BOKOSHE,74930,1
BUNCH,74931,1
FANSHAWE,74935,1
HEAVENER,74937,1
HODGEN,74939,1
LEFLORE,74942,1
LEQUIRE,74943,1
MCCURTAIN,74944,1
MARBLE CITY,74945,1
MOFFETT,74946,1
MULDROW,74948,1
POTEAU,74953,1
SALLISAW,74955,1
SHADY POINT,74956,1
SPIRO,74959,1
VIAN,74962,1
WATTS,74964,1
WISTER,74966,1
SACHSE,75048,1
THE COLONY,75056,1
GUNTER,75058,1
LAKE DALLAS,75065,1
LITTLE ELM,75068,1
POTTSBORO,75076,1
PROSPER,75078,1
WYLIE,75098,1
COPEVILLE,75121,1
EUSTACE,75124,1
FORNEY,75126,1
FATE,75132,1
CADDO MILLS,75135,1
GRAND SALINE,75140,1
HUTCHINS,75141,1
KAUFMAN,75142,1
MABANK,75147,1
MALAKOFF,75148,1
ROSSER,75157,1
SCURRY,75158,1
SEAGOVILLE,75159,1
TRINIDAD,75163,1
LAVON,75166,1
WILLS POINT,75169,1
ROYSE CITY,75189,1
ARTHUR CITY,75411,1
BAGWELL,75412,1
BEN FRANKLIN,75415,1
BLOSSOM,75416,1
BOGATA,75417,1
BONHAM,75418,1
CELESTE,75423,1
CHICOTA,75425,1
CUMBY,75433,1
DEPORT,75435,1
DODD CITY,75438,1
ECTOR,75439,1
ENLOE,75441,1
GOBER,75443,1
KLONDIKE,75448,1
LADONIA,75449,1
LAKE CREEK,75450,1
LONE OAK,75453,1
MELISSA,75454,1
MERIT,75458,1
PATTONVILLE,75468,1
PECAN GAP,75469,1
PETTY,75470,1
PICKTON,75471,1
POINT,75472,1
QUINLAN,75474,1
ROXTON,75477,1
SCROGGINS,75480,1
SULPHUR BLUFF,75481,1
TALCO,75487,1
TELEPHONE,75488,1
TOM BEAN,75489,1
WHITEWRIGHT,75491,1
VAN ALSTYNE,75495,1
WOLFE CITY,75496,1
YANTIS,75497,1
ANNONA,75550,1
AVERY,75554,1
BIVINS,75555,1
BLOOMBURG,75556,1
COOKVILLE,75558,1
HOOKS,75561,1
KILDARE,75562,1
REDWATER,75573,1
AVINGER,75630,1
BECKVILLE,75631,1
CASON,75636,1
DAINGERFIELD,75638,1
DE BERRY,75639,1
ELYSIAN FIELDS,75642,1
GLADEWATER,75647,1
HARLETON,75651,1
HUGHES SPRINGS,75656,1
JOINERVILLE,75658,1
KARNACK,75661,1
LAIRD HILL,75666,1
LANEVILLE,75667,1
LONE STAR,75668,1
MOUNT ENTERPRISE,75681,1
ORE CITY,75683,1
SELMAN CITY,75689,1
WASKOM,75692,1
ARP,75750,1
BEN WHEELER,75754,1
BULLARD,75757,1
CUNEY,75759,1
FRANKSTON,75763,1
LARUE,75770,1
MAYDELLE,75772,1
MURCHISON,75778,1
NECHES,75779,1
NEW SUMMERFIELD,75780,1
POYNOR,75782,1
REKLAW,75784,1
RUSK,75785,1
SACUL,75788,1
TROUP,75789,1
DONIE,75838,1
GRAPELAND,75844,1
KIRVIN,75848,1
LATEXO,75849,1
LEONA,75850,1
LOVELADY,75851,1
MONTALBA,75853,1
STREETMAN,75859,1
TEAGUE,75860,1
WOODLAKE,75865,1
APPLE SPRINGS,75926,1
BON WIER,75928,1
BROADDUS,75929,1
BROOKELAND,75931,1
CALL,75933,1
CHIRENO,75937,1
COLMESNEIL,75938,1
CORRIGAN,75939,1
DIBOLL,75941,1
DOUCETTE,75942,1
JOAQUIN,75954,1
POLLOK,75969,1
SAN AUGUSTINE,75972,1
TENAHA,75974,1
TIMPSON,75975,1
WIERGATE,75977,1
ZAVALLA,75980,1
COLLEYVILLE,76034,1
GLEN ROSE,76043,1
GODLEY,76044,1
HASLET,76052,1
JOSHUA,76058,1
KENNEDALE,76060,1
MAYPEARL,76064,1
MILLSAP,76066,1
RAINBOW,76077,1
RHOME,76078,1
SOUTHLAKE,76092,1
RIO VISTA,76093,1
HALTOM CITY,76117,1
NAVAL AIR STATION/ JRB,76127,1
ERA,76238,1
FORESTBURG,76239,1
JUSTIN,76247,1
KRUM,76249,1
MUENSTER,76252,1
NOCONA,76255,1
PILOT POINT,76258,1
PONDER,76259,1
SADLER,76264,1
SAINT JO,76265,1
SANGER,76266,1
SOUTHMAYD,76268,1
SHEPPARD AFB,76311,1
ARCHER CITY,76351,1
BLUEGROVE,76352,1
BURKBURNETT,76354,1
ELECTRA,76360,1
GOREE,76363,1
IOWA PARK,76367,1
KAMAY,76369,1
OKLAUNION,76373,1
WEINERT,76388,1
WINDTHORST,76389,1
BRYSON,76427,1
BLANKET,76432,1
BLUFF DALE,76433,1
DE LEON,76444,1
DESDEMONA,76445,1
EASTLAND,76448,1
GRAFORD,76449,1
GORMAN,76454,1
GUSTINE,76455,1
LOVING,76460,1
LINGLEVILLE,76461,1
LIPAN,76462,1
MINGUS,76463,1
MORGAN MILL,76465,1
OLDEN,76466,1
PALUXY,76467,1
RISING STAR,76471,1
SANTO,76472,1
TOLAR,76476,1
THROCKMORTON,76483,1
PALO PINTO,76484,1
PEASTER,76485,1
PERRIN,76486,1
POOLVILLE,76487,1
WHITT,76490,1
BUCKHOLTS,76518,1
COPPERAS COVE,76522,1
DAVILLA,76523,1
EDDY,76524,1
EVANT,76525,1
FLAT,76526,1
HEIDENHEIMER,76533,1
JARRELL,76537,1
KEMPNER,76539,1
HARKER HEIGHTS,76548,1
LAMPASAS,76550,1
LEON JUNCTION,76552,1
MAYSFIELD,76555,1
MILANO,76556,1
NOLANVILLE,76559,1
PURMELA,76566,1
ROCKDALE,76567,1
SCHWERTNER,76573,1
THRALL,76578,1
ABBOTT,76621,1
AQUILLA,76622,1
BLUM,76627,1
BREMOND,76629,1
CHINA SPRING,76633,1
CRANFILLS GAP,76637,1
ELM MOTT,76640,1
GROESBECK,76642,1
LAGUNA PARK,76644,1
IREDELL,76649,1
ITALY,76651,1
KOPPERL,76652,1
KOSSE,76653,1
LORENA,76655,1
LOTT,76656,1
MARLIN,76661,1
MART,76664,1
MERTENS,76666,1
MOUNT CALM,76673,1
PENELOPE,76676,1
PRAIRIE HILL,76678,1
PURDON,76679,1
RIESEL,76682,1
SATIN,76685,1
TEHUACANA,76686,1
VALLEY MILLS,76689,1
WALNUT SPRINGS,76690,1
WORTHAM,76693,1
WOODWAY,76712,1
ART,76820,1
BALLINGER,76821,1
BANGS,76823,1
BROOKESMITH,76827,1
BURKETT,76828,1
CASTELL,76831,1
DOOLE,76836,1
FORT MC KAVETT,76841,1
GOLDTHWAITE,76844,1
GOULDBUSK,76845,1
HEXT,76848,1
LOHN,76852,1
LOMETA,76853,1
LOWAKE,76855,1
MILLERSVIEW,76862,1
MULLIN,76864,1
PEAR VALLEY,76867,1
PRIDDY,76870,1
RICHLAND SPRINGS,76871,1
SAN SABA,76877,1
SANTA ANNA,76878,1
TALPA,76882,1
TELEGRAPH,76883,1
VALERA,76884,1
VALLEY SPRING,76885,1
VERIBEST,76886,1
VOCA,76887,1
VOSS,76888,1
ZEPHYR,76890,1
GOODFELLOW AFB,76908,1
BRONTE,76933,1
CHRISTOVAL,76935,1
KNICKERBOCKER,76939,1
MERETA,76940,1
MERTZON,76941,1
ROBERT LEE,76945,1
SILVER,76949,1
STERLING CITY,76951,1
VANCOURT,76955,1
NORTH HOUSTON,77315,1
ACE,77326,1
COLDSPRING,77331,1
DALLARDSVILLE,77332,1
DOBBIN,77333,1
HUFFMAN,77336,1
HUFSMITH,77337,1
LEGGETT,77350,1
NEW CANEY,77357,1
POINTBLANK,77364,1
ROMAYOR,77368,1
SPLENDORA,77372,1
THICKET,77374,1
VOTAW,77376,1
ALIEF,77411,1
ALTAIR,77412,1
CEDAR LANE,77415,1
BEASLEY,77417,1
BLESSING,77419,1
BOLING,77420,1
BRAZORIA,77422,1
BROOKSHIRE,77423,1
CHAPPELL HILL,77426,1
COLLEGEPORT,77428,1
DAMON,77430,1
DANCIGER,77431,1
DANEVANG,77432,1
EAST BERNARD,77435,1
EL CAMPO,77437,1
ELMATON,77440,1
FULSHEAR,77441,1
HOCKLEY,77447,1
HUNGERFORD,77448,1
KENDLETON,77451,1
LANE CITY,77453,1
LISSIE,77454,1
MATAGORDA,77457,1
MIDFIELD,77458,1
NADA,77460,1
NEEDVILLE,77461,1
NEWGULF,77462,1
OLD OCEAN,77463,1
PALACIOS,77465,1
PLEDGER,77468,1
ROSENBERG,77471,1
SAN FELIPE,77473,1
SEALY,77474,1
SIMONTON,77476,1
SWEENY,77480,1
THOMPSONS,77481,1
VAN VLECK,77482,1
WALLER,77484,1
WALLIS,77485,1
ANAHUAC,77514,1
BACLIFF,77518,1
BATSON,77519,1
CHANNELVIEW,77530,1
CLUTE,77531,1
DAISETTA,77533,1
DEVERS,77538,1
GALENA PARK,77547,1
HANKAMER,77560,1
KEMAH,77565,1
LAKE JACKSON,77566,1
LA MARQUE,77568,1
MONT BELVIEU,77580,1
RAYWOOD,77582,1
ROSHARON,77583,1
SOUTH HOUSTON,77587,1
WALLISVILLE,77597,1
BRIDGE CITY,77611,1
BUNA,77612,1
CHINA,77613,1
DEWEYVILLE,77614,1
EVADALE,77615,1
FRED,77616,1
GILCHRIST,77617,1
GROVES,77619,1
HAMSHIRE,77622,1
HIGH ISLAND,77623,1
HILLISTER,77624,1
KOUNTZE,77625,1
MAURICEVILLE,77626,1
NEDERLAND,77627,1
ORANGEFIELD,77639,1
PORT BOLIVAR,77650,1
PORT NECHES,77651,1
SABINE PASS,77655,1
SILSBEE,77656,1
SOUR LAKE,77659,1
SPURGER,77660,1
STOWELL,77661,1
VILLAGE MILLS,77663,1
WINNIE,77665,1
VOTH,77709,1
BEDIAS,77831,1
CHRIESMAN,77838,1
DEANVILLE,77852,1
DIME BOX,77853,1
FLYNN,77855,1
GAUSE,77857,1
HEARNE,77859,1
KURTEN,77862,1
MARQUEZ,77865,1
MILLICAN,77866,1
NORMANGEE,77871,1
NORTH ZULCH,77872,1
ROANS PRAIRIE,77875,1
SHIRO,77876,1
SNOOK,77878,1
WHEELOCK,77882,1
AUSTWELL,77950,1
CUERO,77954,1
FANNIN,77960,1
FRANCITAS,77961,1
GANADO,77962,1
GOLIAD,77963,1
HALLETTSVILLE,77964,1
HOCHHEIM,77967,1
LA WARD,77970,1
LOLITA,77971,1
LONG MOTT,77972,1
MCFADDIN,77973,1
MEYERSVILLE,77974,1
NURSERY,77976,1
PLACEDO,77977,1
POINT COMFORT,77978,1
PORT LAVACA,77979,1
PORT O CONNOR,77982,1
SEADRIFT,77983,1
SHINER,77984,1
SPEAKS,77985,1
SUBLIME,77986,1
TELFERNER,77988,1
WEESATCHE,77993,1
WESTHOFF,77994,1
YOAKUM,77995,1
ARTESIA WELLS,78001,1
ATASCOSA,78002,1
BANDERA,78003,1
BERGHEIM,78004,1
BIGFOOT,78005,1
CALLIHAM,78007,1
CASTROVILLE,78009,1
COTULLA,78014,1
DEVINE,78016,1
DILLEY,78017,1
ENCINAL,78019,1
GEORGE WEST,78022,1
HELOTES,78023,1
JOURDANTON,78026,1
KENDALIA,78027,1
LA COSTE,78039,1
LEMING,78050,1
LYTLE,78052,1
MACDONA,78054,1
MICO,78056,1
NATALIA,78059,1
PEARSALL,78061,1
PEGGY,78062,1
PIPE CREEK,78063,1
POTEET,78065,1
RIO MEDINA,78066,1
SAN YGNACIO,78067,1
SPRING BRANCH,78070,1
VON ORMY,78073,1
WARING,78074,1
ZAPATA,78076,1
ADKINS,78101,1
BERCLAIR,78107,1
CIBOLO,78108,1
ECLETO,78111,1
ELMENDORF,78112,1
FLORESVILLE,78114,1
KARNES CITY,78118,1
KENEDY,78119,1
LA VERNIA,78121,1
MC QUEENEY,78123,1
CANYON LAKE,78133,1
NIXON,78140,1
NORDHEIM,78141,1
NORMANNA,78142,1
PANNA MARIA,78144,1
PETTUS,78146,1
POTH,78147,1
RUNGE,78151,1
SAINT HEDWIG,78152,1
SCHERTZ,78154,1
SMILEY,78159,1
SUTHERLAND SPRINGS,78161,1
TULETA,78162,1
BULVERDE,78163,1
AGUA DULCE,78330,1
BANQUETE,78339,1
BENAVIDES,78341,1
BEN BOLT,78342,1
BRUNI,78344,1
CHAPMAN RANCH,78347,1
CONCEPCION,78349,1
DINERO,78350,1
EDROY,78352,1
FALFURRIAS,78355,1
FREER,78357,1
GUERRA,78360,1
HEBBRONVILLE,78361,1
MATHIS,78368,1
MIRANDO CITY,78369,1
ODEM,78370,1
ORANGE GROVE,78372,1
PORT ARANSAS,78373,1
PREMONT,78375,1
REALITOS,78376,1
REFUGIO,78377,1
RIVIERA,78379,1
ROBSTOWN,78380,1
SANDIA,78383,1
SARITA,78385,1
SINTON,78387,1
TYNAN,78391,1
COMBES,78535,1
DELMITA,78536,1
DONNA,78537,1
EDCOUCH,78538,1
ELSA,78543,1
FALCON HEIGHTS,78545,1
GARCIASVILLE,78547,1
GRULLA,78548,1
HARGILL,78549,1
LA BLANCA,78558,1
LA FERIA,78559,1
LA JOYA,78560,1
LASARA,78561,1
LA VILLA,78562,1
LOPENO,78564,1
LOS EBANOS,78565,1
LOS FRESNOS,78566,1
LOS INDIOS,78567,1
LOZANO,78568,1
LYFORD,78569,1
MERCEDES,78570,1
OLMITO,78575,1
PENITAS,78576,1
PHARR,78577,1
PORT ISABEL,78578,1
PROGRESO,78579,1
RIO GRANDE CITY,78582,1
RIO HONDO,78583,1
ROMA,78584,1
SALINENO,78585,1
SAN BENITO,78586,1
SAN ISIDRO,78588,1
SAN PERLITA,78590,1
SANTA ELENA,78591,1
SULLIVAN CITY,78595,1
SOUTH PADRE ISLAND,78597,1
PORT MANSFIELD,78598,1
BEBE,78603,1
BERTRAM,78605,1
BRIGGS,78608,1
BUCHANAN DAM,78609,1
BURNET,78611,1
COST,78614,1
COUPLAND,78615,1
DEL VALLE,78617,1
DOSS,78618,1
DRIPPING SPRINGS,78620,1
FENTRESS,78622,1
FISCHER,78623,1
HUTTO,78634,1
HYE,78635,1
LLANO,78643,1
MC DADE,78650,1
MANCHACA,78652,1
OTTINE,78658,1
PAIGE,78659,1
PRAIRIE LEA,78661,1
ROUND MOUNTAIN,78663,1
SPICEWOOD,78669,1
TOW,78672,1
WALBURG,78673,1
WIMBERLEY,78676,1
WRIGHTSBORO,78677,1
ASHERTON,78827,1
BARKSDALE,78828,1
BIG WELLS,78830,1
BRACKETTVILLE,78832,1
CAMP WOOD,78833,1
CARRIZO SPRINGS,78834,1
CATARINA,78836,1
CONCAN,78838,1
LAUGHLIN A F B,78843,1
D HANIS,78850,1
EL INDIO,78860,1
HONDO,78861,1
KNIPPA,78870,1
LANGTRY,78871,1
LA PRYOR,78872,1
LEAKEY,78873,1
QUEMADO,78877,1
RIO FRIO,78879,1
ROCKSPRINGS,78880,1
SABINAL,78881,1
TARPLEY,78883,1
UTOPIA,78884,1
VANDERPOOL,78885,1
YANCEY,78886,1
BLEIBLERVILLE,78931,1
CARMINE,78932,1
CAT SPRING,78933,1
ALLEYTON,78935,1
ELLINGER,78938,1
FLATONIA,78941,1
GIDDINGS,78942,1
MULDOON,78949,1
PLUM,78952,1
ROSANKY,78953,1
SCHULENBURG,78956,1
WAELDER,78959,1
WARDA,78960,1
WEIMAR,78962,1
ALANREED,79002,1
BOOKER,79005,1
BOVINA,79009,1
BOYS RANCH,79010,1
BRISCOE,79011,1
BUSHLAND,79012,1
CACTUS,79013,1
CLAUDE,79019,1
COTTON CENTER,79021,1
DALHART,79022,1
DARROUZETT,79024,1
DIMMITT,79027,1
EARTH,79031,1
EDMONSON,79032,1
FARNSWORTH,79033,1
FOLLETT,79034,1
FRIONA,79035,1
FRITCH,79036,1
GROOM,79039,1
HALE CENTER,79041,1
HIGGINS,79046,1
KRESS,79052,1
LAZBUDDIE,79053,1
LEFORS,79054,1
LIPSCOMB,79056,1
MASTERSON,79058,1
MOBEETIE,79061,1
OLTON,79064,1
PANHANDLE,79068,1
PERRYTON,79070,1
SAMNORWOOD,79077,1
SKELLYTOWN,79080,1
SPEARMAN,79081,1
SPRINGLAKE,79082,1
SUNRAY,79086,1
TEXLINE,79087,1
TULIA,79088,1
UMBARGER,79091,1
VEGA,79092,1
WAKA,79093,1
WILDORADO,79098,1
CHILDRESS,79201,1
CEE VEE,79223,1
CHALK,79224,1
CROWELL,79227,1
FLOMOT,79234,1
FLOYDADA,79235,1
HEDLEY,79237,1
LELIA LAKE,79240,1
MATADOR,79244,1
QUAIL,79251,1
QUANAH,79252,1
QUITAQUE,79255,1
ROARING SPRINGS,79256,1
SILVERTON,79257,1
SOUTH PLAINS,79258,1
TELL,79259,1
ABERNATHY,79311,1
ANTON,79313,1
BULA,79320,1
CROSBYTON,79322,1
DENVER CITY,79323,1
ENOCHS,79324,1
FIELDTON,79326,1
IDALOU,79329,1
JUSTICEBURG,79330,1
LAMESA,79331,1
LITTLEFIELD,79339,1
LOOP,79342,1
LORENZO,79343,1
MULESHOE,79347,1
NEW DEAL,79350,1
ODONNELL,79351,1
PEP,79353,1
POST,79356,1
RALLS,79357,1
ROPESVILLE,79358,1
SEAGRAVES,79359,1
SHALLOWATER,79363,1
SLATON,79364,1
RANSOM CANYON,79366,1
SMYER,79367,1
SPADE,79369,1
SPUR,79370,1
SUDAN,79371,1
TAHOKA,79373,1
WHITEFACE,79379,1
WHITHARRAL,79380,1
WOLFFORTH,79382,1
NEW HOME,79383,1
ASPERMONT,79502,1
BAIRD,79504,1
BENJAMIN,79505,1
COLORADO CITY,79512,1
FLUVANNA,79517,1
HERMLEIGH,79526,1
JAYTON,79528,1
LUEDERS,79533,1
MC CAULLEY,79534,1
MARYNEAL,79535,1
MERKEL,79536,1
NOVICE,79538,1
OLD GLORY,79540,1
OVALO,79541,1
ROTAN,79546,1
TYE,79563,1
WINTERS,79567,1
DYESS AFB,79607,1
ACKERLY,79713,1
BALMORHEA,79718,1
COYANOSA,79730,1
FORSAN,79733,1
FORT STOCKTON,79735,1
GAIL,79738,1
GIRVIN,79740,1
GRANDFALLS,79742,1
IRAAN,79744,1
KNOTT,79748,1
LENORAH,79749,1
MC CAMEY,79752,1
MONAHANS,79756,1
NOTREES,79759,1
ORLA,79770,1
PECOS,79772,1
PENWELL,79776,1
PYOTE,79777,1
ROYALTY,79779,1
SARAGOSA,79780,1
TARZAN,79783,1
TOYAH,79785,1
TOYAHVALE,79786,1
WICKETT,79788,1
WINK,79789,1
BIG BEND NATIONAL PARK,79834,1
CANUTILLO,79835,1
CLINT,79836,1
DELL CITY,79837,1
FABENS,79838,1
FORT HANCOCK,79839,1
MARFA,79843,1
PRESIDIO,79845,1
SALT FLAT,79847,1
SAN ELIZARIO,79849,1
SHAFTER,79850,1
SIERRA BLANCA,79851,1
TERLINGUA,79852,1
TORNILLO,79853,1
VAN HORN,79855,1
ELDORADO SPRINGS,80025,1
DEER TRAIL,80105,1
LOUVIERS,80131,1
PALMER LAKE,80133,1
BOND,80423,1
BUFFALO CREEK,80425,1
CONIFER,80433,1
COWDREY,80434,1
GRAND LAKE,80447,1
HARTSEL,80449,1
HOT SULPHUR SPRINGS,80451,1
IDAHO SPRINGS,80452,1
IDLEDALE,80453,1
INDIAN HILLS,80454,1
KITTREDGE,80457,1
KREMMLING,80459,1
LEADVILLE,80461,1
PINE,80470,1
PINECLIFFE,80471,1
RAND,80473,1
ROLLINSVILLE,80474,1
SILVER PLUME,80476,1
TABERNASH,80478,1
TOPONAS,80479,1
YAMPA,80483,1
ALLENSPARK,80510,1
BELLVUE,80512,1
BERTHOUD,80513,1
DACONO,80514,1
FIRESTONE,80520,1
HYGIENE,80533,1
MILLIKEN,80543,1
NIWOT,80544,1
RED FEATHER LAKES,80545,1
TIMNATH,80547,1
AULT,80610,1
BRIGGSDALE,80611,1
CARR,80612,1
FORT LUPTON,80621,1
GILCREST,80623,1
GILL,80624,1
KEENESBURG,80643,1
NUNN,80648,1
ROGGEN,80652,1
WELDONA,80653,1
FORT MORGAN,80701,1
LOG LANE VILLAGE,80705,1
BRUSH,80723,1
CROOK,80726,1
ECKLEY,80727,1
HAXTUN,80731,1
HILLROSE,80733,1
IDALIA,80735,1
ILIFF,80736,1
JULESBURG,80737,1
LINDON,80740,1
MERINO,80741,1
NEW RAYMER,80742,1
PADRONI,80745,1
PEETZ,80747,1
WOODROW,80757,1
ARRIBA,80804,1
CALHAN,80808,1
CHEYENNE WELLS,80810,1
FLAGLER,80815,1
GREEN MOUNTAIN FALLS,80819,1
GUFFEY,80820,1
JOES,80822,1
KARVAL,80823,1
KIRK,80824,1
KIT CARSON,80825,1
MANITOU SPRINGS,80829,1
MATHESON,80830,1
PEYTON,80831,1
RAMAH,80832,1
SEIBERT,80834,1
SIMLA,80835,1
VONA,80861,1
WILD HORSE,80862,1
AGUILAR,81020,1
BONCARBO,81024,1
CAMPO,81029,1
FORT LYON,81038,1
GULNARE,81042,1
HASWELL,81045,1
HOEHNE,81046,1
KIM,81049,1
LA JUNTA,81050,1
LAS ANIMAS,81054,1
LA VETA,81055,1
MC CLAVE,81057,1
MANZANOLA,81058,1
MODEL,81059,1
OLNEY SPRINGS,81062,1
ORDWAY,81063,1
PRITCHETT,81064,1
SHERIDAN LAKE,81071,1
SUGAR CITY,81076,1
TRINCHERA,81081,1
TWO BUTTES,81084,1
ANTONITO,81120,1
ARBOLES,81121,1
BLANCA,81123,1
CAPULIN,81124,1
CHAMA,81126,1
CHROMO,81128,1
CONEJOS,81129,1
CREEDE,81130,1
CRESTONE,81131,1
DEL NORTE,81132,1
FORT GARLAND,81133,1
GARCIA,81134,1
HOMELAKE,81135,1
IGNACIO,81137,1
JAROSO,81138,1
LA JARA,81140,1
MANASSA,81141,1
MOFFAT,81143,1
MONTE VISTA,81144,1
MOSCA,81146,1
SAGUACHE,81149,1
SAN LUIS,81152,1
SAN PABLO,81153,1
SALIDA,81201,1
COAL CREEK,81221,1
COTOPAXI,81223,1
NATHROP,81236,1
PONCHA SPRINGS,81242,1
POWDERHORN,81243,1
SARGENTS,81248,1
WESTCLIFFE,81252,1
CAHONE,81320,1
DOLORES,81323,1
DOVE CREEK,81324,1
EGNAR,81325,1
HESPERUS,81326,1
MANCOS,81328,1
MARVEL,81329,1
MESA VERDE NATIONAL PARK,81330,1
RICO,81332,1
TOWAOC,81334,1
YELLOW JACKET,81335,1
BEDROCK,81411,1
CEDAREDGE,81413,1
ECKERT,81418,1
HOTCHKISS,81419,1
LAZEAR,81420,1
MAHER,81421,1
NATURITA,81422,1
NUCLA,81424,1
OURAY,81427,1
PAONIA,81428,1
PLACERVILLE,81430,1
REDVALE,81431,1
TELLURIDE,81435,1
FRUITA,81521,1
GLADE PARK,81523,1
MACK,81525,1
SNOWMASS VILLAGE,81615,1
BASALT,81621,1
COLLBRAN,81624,1
DE BEQUE,81630,1
PARACHUTE,81635,1
BATTLEMENT MESA,81636,1
MAYBELL,81640,1
MOLINA,81646,1
RANGELY,81648,1
RED CLIFF,81649,1
RIFLE,81650,1
SILT,81652,1
SNOWMASS,81654,1
WOODY CREEK,81656,1
FE WARREN AFB,82005,1
ALBIN,82050,1
BOSLER,82051,1
CENTENNIAL,82055,1
GRANITE CANON,82059,1
HORSE CREEK,82061,1
JELM,82063,1
PINE BLUFFS,82082,1
ROCK RIVER,82083,1
TIE SIDING,82084,1
YELLOWSTONE NATIONAL PARK,82190,1
CHUGWATER,82210,1
FORT LARAMIE,82212,1
GLENDO,82213,1
HAWK SPRINGS,82217,1
JAY EM,82219,1
LANCE CREEK,82222,1
LINGLE,82223,1
LUSK,82225,1
VAN TASSELL,82242,1
VETERAN,82243,1
RAWLINS,82301,1
JEFFREY CITY,82310,1
BAGGS,82321,1
BAIROIL,82322,1
ELK MOUNTAIN,82324,1
ENCAMPMENT,82325,1
MEDICINE BOW,82329,1
SAVERY,82332,1
WAMSUTTER,82336,1
WORLAND,82401,1
COWLEY,82420,1
DEAVER,82421,1
EMBLEM,82422,1
FRANNIE,82423,1
GREYBULL,82426,1
HAMILTON DOME,82427,1
HYATTVILLE,82428,1
MEETEETSE,82433,1
SHELL,82441,1
TEN SLEEP,82442,1
THERMOPOLIS,82443,1
WAPITI,82450,1
CROWHEART,82512,1
FORT WASHAKIE,82514,1
KINNEAR,82516,1
LANDER,82520,1
PAVILLION,82523,1
SHIRLEY BASIN,82615,1
ALCOVA,82620,1
ARMINTO,82630,1
BILL,82631,1
GLENROCK,82637,1
HILAND,82638,1
KAYCEE,82639,1
LINCH,82640,1
LYSITE,82642,1
MIDWEST,82643,1
NATRONA,82646,1
POWDER RIVER,82648,1
SHOSHONI,82649,1
ALADDIN,82710,1
CARLILE,82713,1
DEVILS TOWER,82714,1
FOUR CORNERS,82715,1
HULETT,82720,1
MOORCROFT,82721,1
RECLUSE,82725,1
ROZET,82727,1
SUNDANCE,82729,1
BIG HORN,82833,1
LEITER,82837,1
RANCHESTER,82839,1
SADDLESTRING,82840,1
WOLF,82844,1
WYARNO,82845,1
LITTLE AMERICA,82929,1
FARSON,82932,1
FORT BRIDGER,82933,1
GREEN RIVER,82935,1
LONETREE,82936,1
MC KINNON,82938,1
PINEDALE,82941,1
ROBERTSON,82944,1
MOOSE,83012,1
TETON VILLAGE,83025,1
KEMMERER,83101,1
BIG PINEY,83113,1
COKEVILLE,83114,1
DANIEL,83115,1
DIAMONDVILLE,83116,1
LA BARGE,83123,1
THAYNE,83127,1
FORT HALL,83203,1
AMERICAN FALLS,83211,1
ARBON,83212,1
ARIMO,83214,1
ATOMIC CITY,83215,1
BLACKFOOT,83221,1
CHALLIS,83226,1
CONDA,83230,1
DINGLE,83233,1
INKOM,83245,1
LAVA HOT SPRINGS,83246,1
MCCAMMON,83250,1
MACKAY,83251,1
MALAD CITY,83252,1
SHELLEY,83274,1
SODA SPRINGS,83276,1
SWANLAKE,83281,1
THATCHER,83283,1
WAYAN,83285,1
FISH HAVEN,83287,1
ROGERSON,83302,1
BURLEY,83318,1
CASTLEFORD,83321,1
CORRAL,83322,1
DECLO,83323,1
DIETRICH,83324,1
FILER,83328,1
GOODING,83330,1
HAGERMAN,83332,1
HAILEY,83333,1
HANSEN,83334,1
HEYBURN,83336,1
MINIDOKA,83343,1
MURTAUGH,83344,1
PAUL,83347,1
PICABO,83348,1
SHOSHONE,83352,1
DRIGGS,83422,1
MACKS INN,83433,1
MENAN,83434,1
MONTEVIEW,83435,1
NEWDALE,83436,1
RIGBY,83442,1
RIRIE,83443,1
SQUIRREL,83447,1
SWAN VALLEY,83449,1
TERRETON,83450,1
TETON,83451,1
TETONIA,83452,1
UCON,83454,1
GIBBONSVILLE,83463,1
LEADORE,83464,1
LEMHI,83465,1
NORTH FORK,83466,1
SALMON,83467,1
TENDOY,83468,1
SHOUP,83469,1
AHSAHKA,83520,1
CRAIGMONT,83523,1
CULDESAC,83524,1
GRANGEVILLE,83530,1
FENN,83531,1
GREENCREEK,83533,1
JULIAETTA,83535,1
KAMIAH,83536,1
KENDRICK,83537,1
KOOSKIA,83539,1
LAPWAI,83540,1
LUCILE,83542,1
NEZPERCE,83543,1
OROFINO,83544,1
REUBENS,83548,1
RIGGINS,83549,1
STITES,83552,1
WEIPPE,83553,1
WHITE BIRD,83554,1
BRUNEAU,83604,1
GARDEN VALLEY,83622,1
GLENNS FERRY,83623,1
HAMMETT,83627,1
HOMEDALE,83628,1
HUSTON,83630,1
IDAHO CITY,83631,1
KING HILL,83633,1
KUNA,83634,1
LETHA,83636,1
MCCALL,83638,1
MARSING,83639,1
MELBA,83641,1
MOUNTAIN HOME A F B,83648,1
NEW MEADOWS,83654,1
NOTUS,83656,1
PAYETTE,83661,1
SWEET,83670,1
WEISER,83672,1
YELLOW PINE,83677,1
BAYVIEW,83803,1
BONNERS FERRY,83805,1
BOVILL,83806,1
CALDER,83808,1
CAREYWOOD,83809,1
CATALDO,83810,1
CLARK FORK,83811,1
CLARKIA,83812,1
COCOLALLA,83813,1
COOLIN,83821,1
DEARY,83823,1
DESMET,83824,1
KOOTENAI,83840,1
MEDIMONT,83842,1
MOYIE SPRINGS,83845,1
MULLAN,83846,1
NORDMAN,83848,1
OSBURN,83849,1
PONDERAY,83852,1
PORTHILL,83853,1
POTLATCH,83855,1
PRIEST RIVER,83856,1
RATHDRUM,83858,1
SAGLE,83860,1
SAINT MARIES,83861,1
SAMUELS,83862,1
COLBURN,83865,1
SANTA,83866,1
SMELTERVILLE,83868,1
TENSED,83870,1
WORLEY,83876,1
ALTONAH,84002,1
AMERICAN FORK,84003,1
BINGHAM CANYON,84006,1
BLUEBELL,84007,1
BONANZA,84008,1
CEDAR VALLEY,84013,1
COALVILLE,84017,1
DUCHESNE,84021,1
DUGWAY,84022,1
DUTCH JOHN,84023,1
FORT DUCHESNE,84026,1
GUSHER,84030,1
HEBER CITY,84032,1
HENEFER,84033,1
IBAPAH,84034,1
JENSEN,84035,1
KAMAS,84036,1
KAYSVILLE,84037,1
LAKETOWN,84038,1
LAPOINT,84039,1
LEHI,84043,1
MAGNA,84044,1
MYTON,84052,1
NORTH SALT LAKE,84054,1
HILL AFB,84056,1
PEOA,84061,1
RUSH VALLEY,84069,1
TABIONA,84072,1
TOOELE,84074,1
TRIDELL,84076,1
WALLSBURG,84082,1
WHITEROCKS,84085,1
WOODS CROSS,84087,1
SOUTH JORDAN,84095,1
BEAR RIVER CITY,84301,1
BRIGHAM CITY,84302,1
CACHE JUNCTION,84304,1
FIELDING,84311,1
GROUSE CREEK,84313,1
HONEYVILLE,84314,1
HYRUM,84319,1
PARK VALLEY,84329,1
SNOWVILLE,84336,1
TREMONTON,84337,1
ANETH,84510,1
BLANDING,84511,1
BLUFF,84512,1
CASTLE DALE,84513,1
EAST CARBON,84520,1
FERRON,84523,1
HELPER,84526,1
LA SAL,84530,1
MEXICAN HAT,84531,1
MOAB,84532,1
LAKE POWELL,84533,1
MONTEZUMA CREEK,84534,1
MONUMENT VALLEY,84536,1
CENTERFIELD,84622,1
FOUNTAIN GREEN,84632,1
KANOSH,84637,1
LEAMINGTON,84638,1
LEVAN,84639,1
LYNNDYL,84640,1
MANTI,84642,1
MONA,84645,1
MORONI,84646,1
NEPHI,84648,1
OASIS,84650,1
SANTAQUIN,84655,1
SIGURD,84657,1
SPANISH FORK,84660,1
ANNABELLA,84711,1
ANTIMONY,84712,1
BERYL,84714,1
BRYCE CANYON,84717,1
CANNONVILLE,84718,1
BRIAN HEAD,84719,1
ELSINORE,84724,1
ESCALANTE,84726,1
HANKSVILLE,84734,1
HATCH,84735,1
HENRIEVILLE,84736,1
IVINS,84738,1
JOSEPH,84739,1
KANAB,84741,1
KANARRAVILLE,84742,1
KOOSHAREM,84744,1
LA VERKIN,84745,1
LOA,84747,1
MARYSVALE,84750,1
ORDERVILLE,84758,1
PANGUITCH,84759,1
PARAGONAH,84760,1
PAROWAN,84761,1
DUCK CREEK VILLAGE,84762,1
BRYCE,84764,1
SEVIER,84766,1
TEASDALE,84773,1
TOQUERVILLE,84774,1
TORREY,84775,1
TROPIC,84776,1
VIRGIN,84779,1
VEYO,84782,1
DAMMERON VALLEY,84783,1
HILDALE,84784,1
BAPCHULE,85221,1
ARIZONA CITY,85223,1
CHANDLER HEIGHTS,85227,1
ELOY,85231,1
HIGLEY,85236,1
MARICOPA,85239,1
PICACHO,85241,1
QUEEN CREEK,85242,1
SACATON,85247,1
PARADISE VALLEY,85253,1
RIO VERDE,85263,1
FORT MCDOWELL,85264,1
TORTILLA FLAT,85290,1
VALLEY FARMS,85291,1
WINKELMAN,85292,1
LUKE AFB,85309,1
AGUILA,85320,1
AJO,85321,1
BLACK CANYON CITY,85324,1
BOUSE,85325,1
CIBOLA,85328,1
CONGRESS,85332,1
DATELAND,85333,1
EHRENBERG,85334,1
EL MIRAGE,85335,1
GILA BEND,85337,1
GOODYEAR,85338,1
LAVEEN,85339,1
LITCHFIELD PARK,85340,1
LUKEVILLE,85341,1
PALO VERDE,85343,1
ROLL,85347,1
SALOME,85348,1
SOMERTON,85350,1
TACNA,85352,1
TOLLESON,85353,1
TONOPAH,85354,1
WADDELL,85355,1
WELLTON,85356,1
WENDEN,85357,1
WIKIEUP,85360,1
WITTMANN,85361,1
YARNELL,85362,1
YOUNGTOWN,85363,1
POSTON,85371,1
CAREFREE,85377,1
BYLAS,85530,1
PERIDOT,85542,1
PIMA,85543,1
TONTO BASIN,85553,1
YOUNG,85554,1
ARIVACA,85601,1
COCHISE,85606,1
DRAGOON,85609,1
ELFRIDA,85610,1
HUACHUCA CITY,85616,1
MC NEAL,85617,1
MOUNT LEMMON,85619,1
NACO,85620,1
ORACLE,85623,1
PATAGONIA,85624,1
PEARCE,85625,1
PIRTLEVILLE,85626,1
POMERENE,85627,1
SAHUARITA,85629,1
SAN MANUEL,85631,1
SAN SIMON,85632,1
SASABE,85633,1
SELLS,85634,1
SONOITA,85637,1
TOMBSTONE,85638,1
TOPAWA,85639,1
TUMACACORI,85640,1
AMADO,85645,1
TUBAC,85646,1
RIO RICO,85648,1
CORTARO,85652,1
MARANA,85653,1
RILLITO,85654,1
CATALINA,85738,1
CIBECUE,85911,1
WHITE MOUNTAIN LAKE,85912,1
BLUE,85922,1
CLAY SPRINGS,85923,1
EAGAR,85925,1
FORT APACHE,85926,1
HEBER,85928,1
MCNARY,85930,1
FOREST LAKES,85931,1
NUTRIOSO,85932,1
OVERGAARD,85933,1
PINETOP,85935,1
SNOWFLAKE,85937,1
SPRINGERVILLE,85938,1
WHITERIVER,85941,1
BELLEMONT,86015,1
GRAY MOUNTAIN,86016,1
MUNDS PARK,86017,1
GRAND CANYON,86023,1
HAPPY JACK,86024,1
PETRIFIED FOREST NATL PK,86028,1
HOTEVILLA,86030,1
INDIAN WELLS,86031,1
JOSEPH CITY,86032,1
KAYENTA,86033,1
KEAMS CANYON,86034,1
LEUPP,86035,1
MARBLE CANYON,86036,1
MORMON LAKE,86038,1
KYKOTSMOVI VILLAGE,86039,1
POLACCA,86042,1
SECOND MESA,86043,1
TONALEA,86044,1
TUBA CITY,86045,1
NORTH RIM,86052,1
KAIBITO,86053,1
SHONTO,86054,1
ASH FORK,86320,1
CAMP VERDE,86322,1
CHINO VALLEY,86323,1
CORNVILLE,86325,1
IRON SPRINGS,86330,1
PAULDEN,86334,1
RIMROCK,86335,1
SKULL VALLEY,86338,1
LAKE MONTEZUMA,86342,1
CROWN KING,86343,1
HUALAPAI,86412,1
CHLORIDE,86431,1
OATMAN,86433,1
PEACH SPRINGS,86434,1
SUPAI,86435,1
TOPOCK,86436,1
YUCCA,86438,1
DOLAN SPRINGS,86441,1
TEMPLE BAR MARINA,86443,1
MEADVIEW,86444,1
WILLOW BEACH,86445,1
CHINLE,86503,1
HOUCK,86506,1
LUKACHUKAI,86507,1
PINON,86510,1
TEEC NOS POS,86514,1
WINDOW ROCK,86515,1
BLUE GAP,86520,1
DENNEHOTSO,86535,1
MANY FARMS,86538,1
NAZLINI,86540,1
RED VALLEY,86544,1
SAWMILL,86549,1
TSAILE,86556,1
ALGODONES,87001,1
BERNALILLO,87004,1
BLUEWATER,87005,1
BOSQUE,87006,1
CASA BLANCA,87007,1
CEDAR CREST,87008,1
CEDARVALE,87009,1
CERRILLOS,87010,1
CLAUNCH,87011,1
COYOTE,87012,1
CUBERO,87014,1
ESTANCIA,87016,1
GALLINA,87017,1
COUNSELOR,87018,1
GRANTS,87020,1
ISLETA,87022,1
JARALES,87023,1
JEMEZ PUEBLO,87024,1
JEMEZ SPRINGS,87025,1
LAGUNA,87026,1
LINDRITH,87029,1
LOS LUNAS,87031,1
PUEBLO OF ACOMA,87034,1
MORIARTY,87035,1
MOUNTAINAIR,87036,1
NAGEEZI,87037,1
NEW LAGUNA,87038,1
PAGUATE,87040,1
PENA BLANCA,87041,1
PERALTA,87042,1
PLACITAS,87043,1
PONDEROSA,87044,1
PREWITT,87045,1
SANDIA PARK,87047,1
CORRALES,87048,1
SAN FIDEL,87049,1
SANTO DOMINGO PUEBLO,87052,1
TAJIQUE,87057,1
TIJERAS,87059,1
TOME,87060,1
TORREON,87061,1
VEGUITA,87062,1
BOSQUE FARMS,87068,1
CLINES CORNERS,87070,1
COCHITI PUEBLO,87072,1
COCHITI LAKE,87083,1
KIRTLAND AFB,87117,1
BRIMHALL,87310,1
CHURCH ROCK,87311,1
CONTINENTAL DIVIDE,87312,1
CROWNPOINT,87313,1
FENCE LAKE,87315,1
FORT WINGATE,87316,1
GAMERCO,87317,1
MENTMORE,87319,1
MEXICAN SPRINGS,87320,1
THOREAU,87323,1
TOHATCHI,87325,1
VANDERWAGEN,87326,1
NAVAJO,87328,1
PINEHILL,87357,1
SHEEP SPRINGS,87364,1
SMITH LAKE,87365,1
YATAHEY,87375,1
AZTEC,87410,1
FLORA VISTA,87415,1
KIRTLAND,87417,1
NAVAJO DAM,87419,1
SHIPROCK,87420,1
WATERFLOW,87421,1
SANOSTEE,87461,1
ABIQUIU,87510,1
ALCALDE,87511,1
AMALIA,87512,1
ARROYO HONDO,87513,1
ARROYO SECO,87514,1
CANJILON,87515,1
CANONES,87516,1
CEBOLLA,87518,1
CERRO,87519,1
CHAMISAL,87521,1
CHIMAYO,87522,1
COSTILLA,87524,1
TAOS SKI VALLEY,87525,1
DULCE,87528,1
EL PRADO,87529,1
EL RITO,87530,1
EMBUDO,87531,1
GLORIETA,87535,1
HERNANDEZ,87537,1
ILFELD,87538,1
LA MADERA,87539,1
LAMY,87540,1
MEDANALES,87548,1
OJO CALIENTE,87549,1
LOS OJOS,87551,1
PENASCO,87553,1
PETACA,87554,1
QUESTA,87556,1
RANCHOS DE TAOS,87557,1
RED RIVER,87558,1
RIBERA,87560,1
SAN CRISTOBAL,87564,1
SAN JUAN PUEBLO,87566,1
SERAFINA,87569,1
TAOS,87571,1
TERERRO,87573,1
TESUQUE,87574,1
TIERRA AMARILLA,87575,1
TRAMPAS,87576,1
TRES PIEDRAS,87577,1
TRUCHAS,87578,1
VADITO,87579,1
VALDEZ,87580,1
VALLECITOS,87581,1
VELARDE,87582,1
VILLANUEVA,87583,1
ANGEL FIRE,87710,1
ANTON CHICO,87711,1
CHACON,87713,1
EAGLE NEST,87718,1
GUADALUPITA,87722,1
HOLMAN,87723,1
LA LOMA,87724,1
MOSQUERO,87733,1
OCATE,87734,1
OJO FELIZ,87735,1
RATON,87740,1
ROCIADA,87742,1
SAPELLO,87745,1
SOLANO,87746,1
UTE PARK,87749,1
VALMORA,87750,1
WAGON MOUND,87752,1
WATROUS,87753,1
SOCORRO,87801,1
DATIL,87821,1
LEMITAR,87823,1
LUNA,87824,1
MAGDALENA,87825,1
PIE TOWN,87827,1
POLVADERA,87828,1
SAN ACACIA,87831,1
TRUTH OR CONSEQUENCES,87901,1
ARREY,87930,1
CABALLO,87931,1
ELEPHANT BUTTE,87935,1
WHITE SANDS MISSILE RANGE,88002,1
SANTA TERESA,88008,1
PLAYAS,88009,1
ANIMAS,88020,1
ARENAS VALLEY,88022,1
BERINO,88024,1
CHAMBERINO,88027,1
CLIFF,88028,1
DONA ANA,88032,1
FAIRACRES,88033,1
FAYWOOD,88034,1
FORT BAYARD,88036,1
GILA,88038,1
HACHITA,88040,1
LORDSBURG,88045,1
MESILLA,88046,1
MESILLA PARK,88047,1
MIMBRES,88049,1
MULE CREEK,88051,1
ORGAN,88052,1
PINOS ALTOS,88053,1
RADIUM SPRINGS,88054,1
REDROCK,88055,1
RODEO,88056,1
SAN MIGUEL,88058,1
SUNLAND PARK,88063,1
VADO,88072,1
CANNON AFB,88103,1
CAUSEY,88113,1
CROSSROADS,88114,1
ELIDA,88116,1
FORT SUMNER,88119,1
HOUSE,88121,1
LINGO,88123,1
MILNESAND,88125,1
PORTALES,88130,1
SAINT VRAIN,88133,1
TAIBAN,88134,1
YESO,88136,1
CAPROCK,88213,1
JAL,88252,1
LOCO HILLS,88255,1
MALJAMAR,88264,1
WHITES CITY,88268,1
CARRIZOZO,88301,1
BENT,88314,1
CAPITAN,88316,1
CLOUDCROFT,88317,1
FORT STANTON,88323,1
HIGH ROLLS MOUNTAIN PARK,88325,1
HOLLOMAN AIR FORCE BASE,88330,1
LA LUZ,88337,1
MAYHILL,88339,1
MESCALERO,88340,1
NOGAL,88341,1
OROGRANDE,88342,1
RUIDOSO DOWNS,88346,1
SAN PATRICIO,88348,1
SUNSPOT,88349,1
TIMBERON,88350,1
TINNIE,88351,1
TULAROSA,88352,1
WEED,88354,1
TUCUMCARI,88401,1
AMISTAD,88410,1
BARD,88411,1
CONCHAS DAM,88416,1
CUERVO,88417,1
GARITA,88421,1
MC ALISTER,88427,1
NARA VISA,88430,1
QUAY,88433,1
SAN JON,88434,1
TREMENTINA,88439,1
BELL RANCH,88441,1
BEATTY,89003,1
BLUE DIAMOND,89004,1
BUNKERVILLE,89007,1
CALIENTE,89008,1
HIKO,89017,1
AMARGOSA VALLEY,89020,1
LOGANDALE,89021,1
MERCURY,89023,1
MOAPA,89025,1
CAL NEV ARI,89039,1
PANACA,89042,1
PIOCHE,89043,1
SEARCHLIGHT,89046,1
SILVERPEAK,89047,1
NELLIS AFB,89191,1
DUCKWATER,89314,1
LUND,89317,1
MC GILL,89318,1
DENIO,89404,1
FERNLEY,89408,1
GABBS,89409,1
GARDNERVILLE,89410,1
GERLACH,89412,1
GLENBROOK,89413,1
IMLAY,89418,1
LOVELOCK,89419,1
LUNING,89420,1
MC DERMITT,89421,1
OROVADA,89425,1
SCHURZ,89427,1
SMITH,89430,1
VALMY,89438,1
VERDI,89439,1
YERINGTON,89447,1
ZEPHYR COVE,89448,1
STATELINE,89449,1
WASHOE VALLEY,89704,1
BATTLE MOUNTAIN,89820,1
CRESCENT VALLEY,89821,1
CARLIN,89822,1
DEETH,89823,1
HALLECK,89824,1
JACKPOT,89825,1
JARBIDGE,89826,1
LAMOILLE,89828,1
OWYHEE,89832,1
RUBY VALLEY,89833,1
WEST WENDOVER,89883,1
WEST HOLLYWOOD,90069,1
BELL GARDENS,90202,1
EL SEGUNDO,90245,1
HERMOSA BEACH,90254,1
HUNTINGTON PARK,90255,1
LYNWOOD,90262,1
PACIFIC PALISADES,90272,1
PALOS VERDES PENINSULA,90274,1
RANCHO PALOS VERDES,90275,1
SOUTH GATE,90280,1
TOPANGA,90290,1
LA PALMA,90623,1
CERRITOS,90703,1
HARBOR CITY,90710,1
HAWAIIAN GARDENS,90716,1
LOMITA,90717,1
PARAMOUNT,90723,1
SEAL BEACH,90740,1
SURFSIDE,90743,1
MOUNT WILSON,91023,1
VERDUGO CITY,91046,1
STEVENSON RANCH,91381,1
TOLUCA LAKE,91610,1
AZUSA,91702,1
BALDWIN PARK,91706,1
CHINO HILLS,91709,1
SOUTH EL MONTE,91733,1
GUASTI,91743,1
HACIENDA HEIGHTS,91745,1
ROWLAND HEIGHTS,91748,1
LA VERNE,91750,1
MIRA LOMA,91752,1
MT BALDY,91759,1
DIAMOND BAR,91765,1
SAN DIMAS,91773,1
TEMPLE CITY,91780,1
BOULEVARD,91905,1
DESCANSO,91916,1
DULZURA,91917,1
GUATAY,91931,1
JACUMBA,91934,1
JAMUL,91935,1
LINCOLN ACRES,91947,1
MOUNT LAGUNA,91948,1
BONSALL,92003,1
BORREGO SPRINGS,92004,1
CARDIFF BY THE SEA,92007,1
DEL MAR,92014,1
CAMP PENDLETON,92055,1
PALA,92059,1
PALOMAR MOUNTAIN,92060,1
PAUMA VALLEY,92061,1
RANCHITA,92066,1
SAN LUIS REY,92068,1
SANTA YSABEL,92070,1
SOLANA BEACH,92075,1
WARNER SPRINGS,92086,1
BANNING,92220,1
BRAWLEY,92227,1
CABAZON,92230,1
CALIPATRIA,92233,1
COACHELLA,92236,1
DESERT CENTER,92239,1
EARP,92242,1
HOLTVILLE,92250,1
JOSHUA TREE,92252,1
LA QUINTA,92253,1
MORONGO VALLEY,92256,1
NILAND,92257,1
NORTH PALM SPRINGS,92258,1
OCOTILLO,92259,1
PARKER DAM,92267,1
PIONEERTOWN,92268,1
RANCHO MIRAGE,92270,1
SEELEY,92273,1
THERMAL,92274,1
SALTON CITY,92275,1
THOUSAND PALMS,92276,1
VIDAL,92280,1
WESTMORLAND,92281,1
WHITE WATER,92282,1
WINTERHAVEN,92283,1
LANDERS,92285,1
ADELANTO,92301,1
ANGELUS OAKS,92305,1
FORT IRWIN,92310,1
GRAND TERRACE,92313,1
BIG BEAR CITY,92314,1
BIG BEAR LAKE,92315,1
CALIMESA,92320,1
CEDAR GLEN,92321,1
CEDARPINES PARK,92322,1
CIMA,92323,1
CREST PARK,92326,1
DEATH VALLEY,92328,1
FAWNSKIN,92333,1
FOREST FALLS,92339,1
GREEN VALLEY LAKE,92341,1
HELENDALE,92342,1
HINKLEY,92347,1
LAKE ARROWHEAD,92352,1
LUCERNE VALLEY,92356,1
LYTLE CREEK,92358,1
NEEDLES,92363,1
NIPTON,92364,1
NEWBERRY SPRINGS,92365,1
MOUNTAIN PASS,92366,1
ORO GRANDE,92368,1
PINON HILLS,92372,1
RIMFOREST,92378,1
RUNNING SPRINGS,92382,1
SKYFOREST,92385,1
TECOPA,92389,1
TWIN PEAKS,92391,1
WRIGHTWOOD,92397,1
YERMO,92398,1
YUCAIPA,92399,1
MARCH AIR FORCE BASE,92518,1
AGUANGA,92536,1
ANZA,92539,1
IDYLLWILD,92549,1
MOUNTAIN CENTER,92561,1
NUEVO,92567,1
WILDOMAR,92595,1
EL TORO,92609,1
FOOTHILL RANCH,92610,1
CAPISTRANO BEACH,92624,1
CORONA DEL MAR,92625,1
DANA POINT,92629,1
EAST IRVINE,92650,1
MIDWAY CITY,92655,1
NEWPORT COAST,92657,1
SILVERADO,92676,1
RANCHO SANTA MARGARITA,92688,1
LADERA RANCH,92694,1
OAK VIEW,93022,1
PIRU,93040,1
POINT MUGU NAWC,93042,1
PORT HUENEME CBC BASE,93043,1
BRANDEIS,93064,1
SOMIS,93066,1
SUMMERLAND,93067,1
ALPAUGH,93201,1
ARMONA,93202,1
ARVIN,93203,1
AVENAL,93204,1
BODFISH,93205,1
BUTTONWILLOW,93206,1
CALIFORNIA HOT SPRINGS,93207,1
CAMP NELSON,93208,1
COALINGA,93210,1
CORCORAN,93212,1
DUCOR,93218,1
EARLIMART,93219,1
FELLOWS,93224,1
KAWEAH,93237,1
KERNVILLE,93238,1
KETTLEMAN CITY,93239,1
LAKE ISABELLA,93240,1
LATON,93242,1
LEBEC,93243,1
LEMON COVE,93244,1
LOST HILLS,93249,1
MC KITTRICK,93251,1
NEW CUYAMA,93254,1
ONYX,93255,1
PIXLEY,93256,1
POSEY,93260,1
RICHGROVE,93261,1
SEQUOIA NATIONAL PARK,93262,1
STRATHMORE,93267,1
TERRA BELLA,93270,1
TUPMAN,93276,1
WAUKENA,93282,1
WOFFORD HEIGHTS,93285,1
WOODY,93287,1
AVILA BEACH,93424,1
BUELLTON,93427,1
CASMALIA,93429,1
CAYUCOS,93430,1
GUADALUPE,93434,1
LOS OLIVOS,93441,1
NIPOMO,93444,1
OCEANO,93445,1
SAN ARDO,93450,1
SAN SIMEON,93452,1
SANTA MARGARITA,93453,1
SANTA YNEZ,93460,1
BIG PINE,93513,1
CANTIL,93519,1
INYOKERN,93527,1
JUNE LAKE,93529,1
KEELER,93530,1
LAKE HUGHES,93532,1
LEE VINING,93541,1
LITTLEROCK,93543,1
LONE PINE,93545,1
MAMMOTH LAKES,93546,1
OLANCHA,93549,1
PEARBLOSSOM,93553,1
RANDSBURG,93554,1
RED MOUNTAIN,93558,1
VALYERMO,93563,1
AHWAHNEE,93601,1
AUBERRY,93602,1
BASS LAKE,93604,1
BIOLA,93606,1
BURREL,93607,1
CANTUA CREEK,93608,1
CARUTHERS,93609,1
CHOWCHILLA,93610,1
COARSEGOLD,93614,1
DEL REY,93616,1
DINUBA,93618,1
DOS PALOS,93620,1
FIREBAUGH,93622,1
FISH CAMP,93623,1
FRIANT,93626,1
HELM,93627,1
KERMAN,93630,1
KINGSBURG,93631,1
KINGS CANYON NATIONAL PK,93633,1
LOS BANOS,93635,1
MIRAMONTE,93641,1
MONO HOT SPRINGS,93642,1
O NEALS,93645,1
ORANGE COVE,93646,1
OROSI,93647,1
PARLIER,93648,1
PIEDRA,93649,1
PRATHER,93651,1
RAISIN,93652,1
REEDLEY,93654,1
SAN JOAQUIN,93660,1
SANTA RITA PARK,93661,1
SHAVER LAKE,93664,1
SOUTH DOS PALOS,93665,1
SULTANA,93666,1
TOLLHOUSE,93667,1
TRANQUILLITY,93668,1
WISHON,93669,1
YETTEM,93670,1
TRAVER,93673,1
SQUAW VALLEY,93675,1
BIG SUR,93920,1
CARMEL VALLEY,93924,1
CHUALAR,93925,1
JOLON,93928,1
MARINA,93933,1
PACIFIC GROVE,93950,1
PEBBLE BEACH,93953,1
SAN LUCAS,93954,1
SEASIDE,93955,1
SOLEDAD,93960,1
SPRECKELS,93962,1
BRISBANE,94005,1
EL GRANADA,94018,1
HALF MOON BAY,94019,1
LA HONDA,94020,1
LOMA MAR,94021,1
ATHERTON,94027,1
PORTOLA VALLEY,94028,1
MONTARA,94037,1
MOSS BEACH,94038,1
PESCADERO,94060,1
SAN GREGORIO,94074,1
AMERICAN CANYON,94503,1
ANGWIN,94508,1
BENICIA,94510,1
BETHEL ISLAND,94511,1
BIRDS LANDING,94512,1
CALISTOGA,94515,1
DIABLO,94528,1
EL CERRITO,94530,1
TRAVIS AFB,94535,1
HERCULES,94547,1
KNIGHTSEN,94548,1
MARTINEZ,94553,1
ORINDA,94563,1
PINOLE,94564,1
POPE VALLEY,94567,1
PORT COSTA,94569,1
SAN RAMON,94583,1
SUISUN CITY,94585,1
SUNOL,94586,1
YOUNTVILLE,94599,1
GREENBRAE,94904,1
KENTFIELD,94914,1
BELVEDERE TIBURON,94920,1
BODEGA,94922,1
BODEGA BAY,94923,1
BOLINAS,94924,1
DILLON BEACH,94929,1
FOREST KNOLLS,94933,1
LAGUNITAS,94938,1
NICASIO,94946,1
OLEMA,94950,1
PENNGROVE,94951,1
POINT REYES STATION,94956,1
SAN GERONIMO,94963,1
STINSON BEACH,94970,1
TOMALES,94971,1
VALLEY FORD,94972,1
WOODACRE,94973,1
ALVISO,95002,1
AROMAS,95004,1
BOULDER CREEK,95006,1
BROOKDALE,95007,1
CAPITOLA,95010,1
HOLY CITY,95026,1
MOSS LANDING,95039,1
NEW ALMADEN,95042,1
PAICINES,95043,1
REDWOOD ESTATES,95044,1
SAN JUAN BAUTISTA,95045,1
SAN MARTIN,95046,1
SOQUEL,95073,1
TRES PINOS,95075,1
MOUNT HAMILTON,95140,1
ACAMPO,95220,1
ALTAVILLE,95221,1
ANGELS CAMP,95222,1
BURSON,95225,1
CAMPO SECO,95226,1
COPPEROPOLIS,95228,1
DOUGLAS FLAT,95229,1
HATHAWAY PINES,95233,1
LOCKEFORD,95237,1
MOKELUMNE HILL,95245,1
MOUNTAIN RANCH,95246,1
MURPHYS,95247,1
RAIL ROAD FLAT,95248,1
SAN ANDREAS,95249,1
SHEEP RANCH,95250,1
VALLECITO,95251,1
WILSEYVILLE,95257,1
LYOTH,95296,1
BALLICO,95303,1
BIG OAK FLAT,95305,1
CATHEYS VALLEY,95306,1
CHINESE CAMP,95309,1
CRESSEY,95312,1
CROWS LANDING,95313,1
DENAIR,95316,1
EL NIDO,95317,1
EL PORTAL,95318,1
ESCALON,95320,1
HILMAR,95324,1
HORNITOS,95325,1
HUGHSON,95326,1
LONG BARN,95335,1
MARIPOSA,95338,1
MIDPINES,95345,1
MI WUK VILLAGE,95346,1
PINECREST,95364,1
PLANADA,95365,1
SNELLING,95369,1
SOULSBYVILLE,95372,1
STEVINSON,95374,1
TUOLUMNE,95379,1
TWAIN HARTE,95383,1
VERNALIS,95385,1
WESTLEY,95387,1
YOSEMITE NATIONAL PARK,95389,1
BOYES HOT SPRINGS,95416,1
BRANSCOMB,95417,1
CALPELLA,95418,1
CAMP MEEKER,95419,1
CASPAR,95420,1
CAZADERO,95421,1
CLEARLAKE,95422,1
CLEARLAKE OAKS,95423,1
CLEARLAKE PARK,95424,1
COMPTCHE,95427,1
COVELO,95428,1
DOS RIOS,95429,1
DUNCANS MILLS,95430,1
ELK,95432,1
EL VERANO,95433,1
GEYSERVILLE,95441,1
GLEN ELLEN,95442,1
GLENHAVEN,95443,1
GRATON,95444,1
GUALALA,95445,1
GUERNEVILLE,95446,1
HEALDSBURG,95448,1
HOPLAND,95449,1
JENNER,95450,1
KELSEYVILLE,95451,1
KENWOOD,95452,1
LAKEPORT,95453,1
LAYTONVILLE,95454,1
LITTLERIVER,95456,1
LOWER LAKE,95457,1
MENDOCINO,95460,1
MONTE RIO,95462,1
NAVARRO,95463,1
NICE,95464,1
OCCIDENTAL,95465,1
POINT ARENA,95468,1
POTTER VALLEY,95469,1
REDWOOD VALLEY,95470,1
RIO NIDO,95471,1
SONOMA,95476,1
STEWARTS POINT,95480,1
UKIAH,95482,1
UPPER LAKE,95485,1
VILLA GRANDE,95486,1
VINEBURG,95487,1
WILLITS,95490,1
WITTER SPRINGS,95493,1
THE SEA RANCH,95497,1
ALDERPOINT,95511,1
BLOCKSBURG,95514,1
MCKINLEYVILLE,95519,1
BLUE LAKE,95525,1
BURNT RANCH,95527,1
CARLOTTA,95528,1
CUTTEN,95534,1
FIELDS LANDING,95537,1
FORT DICK,95538,1
GARBERVILLE,95542,1
GASQUET,95543,1
HONEYDEW,95545,1
HOOPA,95546,1
HYDESVILLE,95547,1
KLAMATH,95548,1
KNEELAND,95549,1
KORBEL,95550,1
LOLETA,95551,1
MAD RIVER,95552,1
MIRANDA,95553,1
MYERS FLAT,95554,1
ORICK,95555,1
PHILLIPSVILLE,95559,1
REDWAY,95560,1
RIO DELL,95562,1
SALYER,95563,1
SAMOA,95564,1
SMITH RIVER,95567,1
SOMES BAR,95568,1
REDCREST,95569,1
WEOTT,95571,1
PIERCY,95587,1
WHITETHORN,95589,1
ZENIA,95595,1
AMADOR CITY,95601,1
CAPAY,95607,1
COOL,95614,1
EL MACERO,95618,1
DIAMOND SPRINGS,95619,1
ELVERTA,95626,1
ESPARTO,95627,1
FIDDLETOWN,95629,1
FORESTHILL,95631,1
GRIZZLY FLATS,95636,1
GUINDA,95637,1
IONE,95640,1
ISLETON,95641,1
KNIGHTS LANDING,95645,1
LOTUS,95651,1
MCCLELLAN,95652,1
MOUNT AUKUM,95656,1
NICOLAUS,95659,1
NORTH HIGHLANDS,95660,1
ORANGEVALE,95662,1
PILOT HILL,95664,1
REPRESA,95671,1
RIO LINDA,95673,1
RIO OSO,95674,1
RIVER PINES,95675,1
RYDE,95680,1
SHINGLE SPRINGS,95682,1
SLOUGHHOUSE,95683,1
SUTTER CREEK,95685,1
VOLCANO,95689,1
YOLO,95697,1
ZAMORA,95698,1
DRYTOWN,95699,1
CAMINO,95709,1
CHICAGO PARK,95712,1
DUTCH FLAT,95714,1
EMIGRANT GAP,95715,1
GOLD RUN,95717,1
KYBURZ,95720,1
ECHO LAKE,95721,1
MEADOW VISTA,95722,1
NORDEN,95724,1
POLLOCK PINES,95726,1
GRANITE BAY,95746,1
EL DORADO HILLS,95762,1
BEALE AFB,95903,1
ALLEGHANY,95910,1
ARBUCKLE,95912,1
ARTOIS,95913,1
BERRY CREEK,95916,1
BIGGS,95917,1
BUTTE CITY,95920,1
CAMPTONVILLE,95922,1
CANYONDAM,95923,1
CEDAR RIDGE,95924,1
CHALLENGE,95925,1
CLIPPER MILLS,95930,1
COLLEGE CITY,95931,1
CRESCENT MILLS,95934,1
DOBBINS,95935,1
DOWNIEVILLE,95936,1
DUNNIGAN,95937,1
FEATHER FALLS,95940,1
FORBESTOWN,95941,1
FOREST RANCH,95942,1
GOODYEARS BAR,95944,1
PENN VALLEY,95946,1
HAMILTON CITY,95951,1
MAGALIA,95954,1
MEADOW VALLEY,95956,1
NEVADA CITY,95959,1
NORTH SAN JUAN,95960,1
OLIVEHURST,95961,1
OREGON HOUSE,95962,1
RACKERBY,95972,1
RICHVALE,95974,1
ROUGH AND READY,95975,1
SMARTVILLE,95977,1
STIRLING CITY,95978,1
STONYFORD,95979,1
STORRIE,95980,1
STRAWBERRY VALLEY,95981,1
TWAIN,95984,1
WILLOWS,95988,1
ADIN,96006,1
BIEBER,96009,1
BIG BAR,96010,1
BURNEY,96013,1
CASSEL,96016,1
CASTELLA,96017,1
DORRIS,96023,1
DOUGLAS CITY,96024,1
DUNSMUIR,96025,1
FALL RIVER MILLS,96028,1
FLOURNOY,96029,1
FORKS OF SALMON,96031,1
FORT JONES,96032,1
FRENCH GULCH,96033,1
GAZELLE,96034,1
GERBER,96035,1
HAPPY CAMP,96039,1
HAT CREEK,96040,1
HAYFORK,96041,1
HORNBROOK,96044,1
HYAMPOM,96046,1
IGO,96047,1
KLAMATH RIVER,96050,1
LAKEHEAD,96051,1
LOS MOLINOS,96055,1
MCARTHUR,96056,1
MCCLOUD,96057,1
MACDOEL,96058,1
MONTGOMERY CREEK,96065,1
MOUNT SHASTA,96067,1
NUBIEBER,96068,1
OAK RUN,96069,1
OBRIEN,96070,1
OLD STATION,96071,1
PALO CEDRO,96073,1
PASKENTA,96074,1
PAYNES CREEK,96075,1
PLATINA,96076,1
PROBERTA,96078,1
RED BLUFF,96080,1
SCOTT BAR,96085,1
SEIAD VALLEY,96086,1
SHASTA,96087,1
SHINGLETOWN,96088,1
TEHAMA,96090,1
TRINITY CENTER,96091,1
WHISKEYTOWN,96095,1
WHITMORE,96096,1
YREKA,96097,1
BLAIRSDEN-GRAEAGLE,96103,1
CHILCOOT,96105,1
COLEVILLE,96107,1
DAVIS CREEK,96108,1
FLORISTON,96111,1
FORT BIDWELL,96112,1
HERLONG,96113,1
LIKELY,96116,1
LOYALTON,96118,1
MADELINE,96119,1
MARKLEEVILLE,96120,1
PORTOLA,96122,1
RAVENDALE,96123,1
CALPINE,96124,1
SIERRA CITY,96125,1
SIERRAVILLE,96126,1
BECKWOURTH,96129,1
TERMO,96132,1
TOPAZ,96133,1
TULELAKE,96134,1
CARNELIAN BAY,96140,1
TAHOMA,96142,1
KINGS BEACH,96143,1
TAHOE CITY,96145,1
OLYMPIC VALLEY,96146,1
TAHOE VISTA,96148,1
AIEA,96701,1
ANAHOLA,96703,1
CAPTAIN COOK,96704,1
ELEELE,96705,1
EWA BEACH,96706,1
HAIKU,96708,1
HAKALAU,96710,1
HALEIWA,96712,1
HANA,96713,1
HANALEI,96714,1
HANAMAULU,96715,1
HANAPEPE,96716,1
HAUULA,96717,1
HAWAII NATIONAL PARK,96718,1
HAWI,96719,1
HOLUALOA,96725,1
HONAUNAU,96726,1
HONOKAA,96727,1
HONOMU,96728,1
HOOLEHUA,96729,1
KAAAWA,96730,1
KAHUKU,96731,1
KAILUA,96734,1
WAIKOLOA,96738,1
KEAUHOU,96739,1
KALAHEO,96741,1
KALAUPAPA,96742,1
KAMUELA,96743,1
KANEOHE,96744,1
KAPAA,96746,1
KAUMAKANI,96747,1
KAUNAKAKAI,96748,1
KEAAU,96749,1
KEALAKEKUA,96750,1
KEALIA,96751,1
KEKAHA,96752,1
KIHEI,96753,1
KILAUEA,96754,1
KAPAAU,96755,1
KOLOA,96756,1
KUALAPUU,96757,1
KUNIA,96759,1
KURTISTOWN,96760,1
LAIE,96762,1
LANAI CITY,96763,1
LAUPAHOEHOE,96764,1
LAWAI,96765,1
LIHUE,96766,1
MAKAWAO,96768,1
MAKAWELI,96769,1
MAUNALOA,96770,1
NAALEHU,96772,1
NINOLE,96773,1
OOKALA,96774,1
PAAUHAU,96775,1
PAAUILO,96776,1
PAHALA,96777,1
PAHOA,96778,1
PAIA,96779,1
PAPAALOA,96780,1
PAPAIKOU,96781,1
PEPEEKEO,96783,1
PUUNENE,96784,1
WAHIAWA,96786,1
PUKALANI,96788,1
MILILANI,96789,1
KULA,96790,1
WAIALUA,96791,1
WAIANAE,96792,1
WAILUKU,96793,1
WAIMANALO,96795,1
WAIMEA,96796,1
WAIPAHU,96797,1
HICKAM AFB,96853,1
WHEELER ARMY AIRFIELD,96854,1
SCHOFIELD BARRACKS,96857,1
FORT SHAFTER,96858,1
TRIPLER ARMY MEDICAL CTR,96859,1
PEARL HARBOR,96860,1
CAMP H M SMITH,96861,1
BARBERS POINT,96862,1
M C B H KANEOHE BAY,96863,1
WAKE ISLAND,96898,1
DEDEDO,96912,1
YONA,96914,1
MERIZO,96916,1
INARAJAN,96917,1
UMATAC,96918,1
AGANA HEIGHTS,96919,1
ASAN,96922,1
MANGILAO,96923,1
PITI,96925,1
SINAJANA,96926,1
MONGMONG,96927,1
AGAT,96928,1
YIGO,96929,1
TALOFOFO,96930,1
PALAU,96940,1
POHNPEI,96941,1
CHUUK,96942,1
YAP,96943,1
KOSRAE,96944,1
ROTA,96951,1
TINIAN,96952,1
MAJURO,96960,1
EBEYE,96970,1
BEAVERCREEK,97004,1
BRIDAL VEIL,97010,1
CASCADE LOCKS,97014,1
CLACKAMAS,97015,1
CLATSKANIE,97016,1
CORBETT,97019,1
DONALD,97020,1
DUFUR,97021,1
EAGLE CREEK,97022,1
ESTACADA,97023,1
GERVAIS,97026,1
GOVERNMENT CAMP,97028,1
HOOD RIVER,97031,1
MARYLHURST,97036,1
MAUPIN,97037,1
MOLALLA,97038,1
MOSIER,97040,1
MOUNT HOOD PARKDALE,97041,1
MULINO,97042,1
OREGON CITY,97045,1
RAINIER,97048,1
RHODODENDRON,97049,1
RUFUS,97050,1
DEER ISLAND,97054,1
SCAPPOOSE,97056,1
SHANIKO,97057,1
THE DALLES,97058,1
TROUTDALE,97060,1
TUALATIN,97062,1
TYGH VALLEY,97063,1
VERNONIA,97064,1
WELCHES,97067,1
WEST LINN,97068,1
ARCH CAPE,97102,1
CANNON BEACH,97110,1
GALES CREEK,97117,1
GARIBALDI,97118,1
HEBO,97122,1
MCMINNVILLE,97128,1
MANZANITA,97130,1
NEHALEM,97131,1
NEWBERG,97132,1
NORTH PLAINS,97133,1
PACIFIC CITY,97135,1
TILLAMOOK,97141,1
NETARTS,97143,1
TIMBER,97144,1
TOLOVANA PARK,97145,1
YAMHILL,97148,1
NESKOWIN,97149,1
KEIZER,97307,1
ALSEA,97324,1
AUMSVILLE,97325,1
CASCADIA,97329,1
DEPOE BAY,97341,1
GRAND RONDE,97347,1
IDANHA,97350,1
LOGSDEN,97357,1
MILL CITY,97360,1
MOUNT ANGEL,97362,1
NEOTSU,97364,1
SOUTH BEACH,97366,1
OTTER ROCK,97369,1
PHILOMATH,97370,1
RICKREALL,97371,1
ROSE LODGE,97372,1
SCOTTS MILLS,97375,1
SEAL ROCK,97376,1
SHEDD,97377,1
SILETZ,97380,1
STAYTON,97383,1
MEHAMA,97384,1
SUBLIMITY,97385,1
GLENEDEN BEACH,97388,1
TANGENT,97389,1
TIDEWATER,97390,1
WALDPORT,97394,1
WILLAMINA,97396,1
AGNESS,97406,1
ALVADORE,97409,1
AZALEA,97410,1
BANDON,97411,1
BLACHLY,97412,1
BROADBENT,97414,1
CAMAS VALLEY,97416,1
CANYONVILLE,97417,1
COOS BAY,97420,1
COQUILLE,97423,1
CRESCENT LAKE,97425,1
CULP CREEK,97427,1
CURTIN,97428,1
DAYS CREEK,97429,1
DORENA,97434,1
DRAIN,97435,1
GLIDE,97443,1
GOLD BEACH,97444,1
IDLEYLD PARK,97447,1
LANGLOIS,97450,1
LORANE,97451,1
MARCOLA,97454,1
MYRTLE CREEK,97457,1
MYRTLE POINT,97458,1
NOTI,97461,1
OAKRIDGE,97463,1
PORT ORFORD,97465,1
REEDSPORT,97467,1
RIDDLE,97469,1
ROSEBURG,97470,1
SIXES,97476,1
SWISSHOME,97480,1
TENMILE,97481,1
TILLER,97484,1
UMPQUA,97486,1
VENETA,97487,1
WALTERVILLE,97489,1
WEDDERBURN,97491,1
WESTFIR,97492,1
WILBUR,97494,1
YACHATS,97498,1
YONCALLA,97499,1
CENTRAL POINT,97502,1
BUTTE FALLS,97522,1
CAVE JUNCTION,97523,1
EAGLE POINT,97524,1
KERBY,97531,1
MERLIN,97532,1
ROGUE RIVER,97537,1
SHADY COVE,97539,1
TALENT,97540,1
WILDERVILLE,97543,1
CRATER LAKE,97604,1
BLY,97622,1
CHILOQUIN,97624,1
DAIRY,97625,1
FORT KLAMATH,97626,1
KENO,97627,1
MALIN,97632,1
NEW PINE CREEK,97635,1
PLUSH,97637,1
SPRAGUE RIVER,97639,1
SUMMER LAKE,97640,1
CHRISTMAS VALLEY,97641,1
FIELDS,97710,1
ASHWOOD,97711,1
BROTHERS,97712,1
CAMP SHERMAN,97730,1
CHEMULT,97731,1
FORT ROCK,97735,1
FRENCHGLEN,97736,1
LA PINE,97739,1
LAWEN,97740,1
MADRAS,97741,1
POWELL BUTTE,97753,1
PRINEVILLE,97754,1
SISTERS,97759,1
TERREBONNE,97760,1
ATHENA,97813,1
BAKER CITY,97814,1
BOARDMAN,97818,1
CANYON CITY,97820,1
CAYUSE,97821,1
FOSSIL,97830,1
HAINES,97833,1
HELIX,97835,1
HEPPNER,97836,1
HERMISTON,97838,1
IMBLER,97841,1
IMNAHA,97842,1
IRRIGON,97844,1
JOHN DAY,97845,1
LA GRANDE,97850,1
LOSTINE,97857,1
MEACHAM,97859,1
MIKKALO,97861,1
MILTON FREEWATER,97862,1
NORTH POWDER,97867,1
PILOT ROCK,97868,1
RITTER,97872,1
SPRAY,97874,1
SUMPTER,97877,1
WALLOWA,97885,1
AROCK,97902,1
BROGAN,97903,1
DREWSEY,97904,1
DURKEE,97905,1
IRONSIDE,97908,1
JAMIESON,97909,1
JORDAN VALLEY,97910,1
JUNTURA,97911,1
NYSSA,97913,1
WESTFALL,97920,1
BLACK DIAMOND,98010,1
CARNATION,98014,1
DUVALL,98019,1
ENUMCLAW,98022,1
FALL CITY,98024,1
KENMORE,98028,1
MAPLE VALLEY,98038,1
MERCER ISLAND,98040,1
MOUNTLAKE TERRACE,98043,1
RAVENSDALE,98051,1
REDONDO,98054,1
ROLLINGBAY,98061,1
SEAHURST,98062,1
SNOQUALMIE,98065,1
SNOQUALMIE PASS,98068,1
VASHON,98070,1
WOODINVILLE,98072,1
BAINBRIDGE ISLAND,98110,1
ANACORTES,98221,1
BLAKELY ISLAND,98222,1
CONCRETE,98237,1
COUPEVILLE,98239,1
DARRINGTON,98241,1
DEER HARBOR,98243,1
EASTSOUND,98245,1
FRIDAY HARBOR,98250,1
GOLD BAR,98251,1
GREENBANK,98253,1
INDEX,98256,1
LA CONNER,98257,1
LAKE STEVENS,98258,1
NORTH LAKEWOOD,98259,1
LOPEZ ISLAND,98261,1
LUMMI ISLAND,98262,1
LYNDEN,98264,1
MAPLE FALLS,98266,1
MARBLEMOUNT,98267,1
MUKILTEO,98275,1
NOOKSACK,98276,1
OLGA,98279,1
ORCAS,98280,1
POINT ROBERTS,98281,1
CAMANO ISLAND,98282,1
SEDRO WOOLLEY,98284,1
SHAW ISLAND,98286,1
SILVANA,98287,1
SKYKOMISH,98288,1
STARTUP,98293,1
SULTAN,98294,1
SUMAS,98295,1
ANDERSON ISLAND,98303,1
BRINNON,98320,1
CARBONADO,98323,1
CARLSBORG,98324,1
CHIMACUM,98325,1
CLALLAM BAY,98326,1
EATONVILLE,98328,1
ELBE,98330,1
FORKS,98331,1
FOX ISLAND,98333,1
GLENOMA,98336,1
PORT HADLOCK,98339,1
HANSVILLE,98340,1
KAPOWSIN,98344,1
LAKEBAY,98349,1
LA PUSH,98350,1
LONGBRANCH,98351,1
NEAH BAY,98357,1
NORDLAND,98358,1
OLALLA,98359,1
ORTING,98360,1
PORT GAMBLE,98364,1
PORT LUDLOW,98365,1
PORT TOWNSEND,98368,1
POULSBO,98370,1
QUILCENE,98376,1
RANDLE,98377,1
RETSIL,98378,1
SEABECK,98380,1
SEKIU,98381,1
SEQUIM,98382,1
SOUTH COLBY,98384,1
SOUTH PRAIRIE,98385,1
SOUTHWORTH,98386,1
SPANAWAY,98387,1
STEILACOOM,98388,1
SUQUAMISH,98392,1
TRACYTON,98393,1
WAUNA,98395,1
WILKESON,98396,1
LONGMIRE,98397,1
PARADISE INN,98398,1
CAMP MURRAY,98430,1
MCCHORD AFB,98438,1
UNIVERSITY PLACE,98467,1
TUMWATER,98511,1
ADNA,98522,1
ALLYN,98524,1
AMANDA PARK,98526,1
BAY CENTER,98527,1
BELFAIR,98528,1
BUCODA,98530,1
CHEHALIS,98532,1
CINEBAR,98533,1
COPALIS BEACH,98535,1
COPALIS CROSSING,98536,1
COSMOPOLIS,98537,1
DOTY,98539,1
EAST OLYMPIA,98540,1
GALVIN,98544,1
GRAPEVIEW,98546,1
GRAYLAND,98547,1
HOODSPORT,98548,1
HOQUIAM,98550,1
HUMPTULIPS,98552,1
LEBAM,98554,1
LILLIWAUP,98555,1
MCCLEARY,98557,1
MCKENNA,98558,1
MOCLIPS,98562,1
MONTESANO,98563,1
MOSSYROCK,98564,1
NAPAVINE,98565,1
NEILTON,98566,1
OCEAN SHORES,98569,1
PACIFIC BEACH,98571,1
PE ELL,98572,1
QUINAULT,98575,1
RYDERWOOD,98581,1
SALKUM,98582,1
SATSOP,98583,1
TAHOLAH,98587,1
TAHUYA,98588,1
TENINO,98589,1
TOKELAND,98590,1
VADER,98593,1
WINLOCK,98596,1
YELM,98597,1
ARIEL,98603,1
BINGEN,98605,1
BRUSH PRAIRIE,98606,1
CAMAS,98607,1
CARROLLS,98609,1
CATHLAMET,98612,1
COUGAR,98616,1
DALLESPORT,98617,1
GOLDENDALE,98620,1
GRAYS RIVER,98621,1
HEISSON,98622,1
HUSUM,98623,1
ILWACO,98624,1
KALAMA,98625,1
KLICKITAT,98628,1
NAHCOTTA,98637,1
NASELLE,98638,1
NORTH BONNEVILLE,98639,1
OYSTERVILLE,98641,1
ROSBURG,98643,1
SILVERLAKE,98645,1
SKAMOKAWA,98647,1
TOUTLE,98649,1
WAHKIACUS,98670,1
WASHOUGAL,98671,1
WHITE SALMON,98672,1
WISHRAM,98673,1
YACOLT,98675,1
EAST WENATCHEE,98802,1
ARDENVOIR,98811,1
CASHMERE,98815,1
CHELAN,98816,1
CHELAN FALLS,98817,1
CONCONULLY,98819,1
ENTIAT,98822,1
MALOTT,98829,1
MAZAMA,98833,1
METHOW,98834,1
MONITOR,98836,1
MOSES LAKE,98837,1
OKANOGAN,98840,1
OMAK,98841,1
ORONDO,98843,1
PATEROS,98846,1
PESHASTIN,98847,1
SOAP LAKE,98851,1
STEHEKIN,98852,1
TONASKET,98855,1
TWISP,98856,1
WARDEN,98857,1
WILSON CREEK,98860,1
CLE ELUM,98922,1
COWICHE,98923,1
ELLENSBURG,98926,1
GOOSE PRAIRIE,98929,1
KITTITAS,98934,1
MABTON,98935,1
MOXEE,98936,1
NACHES,98937,1
RONALD,98940,1
SELAH,98942,1
SOUTH CLE ELUM,98943,1
TIETON,98947,1
TOPPENISH,98948,1
VANTAGE,98950,1
WAPATO,98951,1
WHITE SWAN,98952,1
ZILLAH,98953,1
AIRWAY HEIGHTS,99001,1
EDWALL,99008,1
FAIRCHILD AIR FORCE BASE,99011,1
FOUR LAKES,99014,1
GREENACRES,99016,1
LATAH,99018,1
LIBERTY LAKE,99019,1
MEDICAL LAKE,99022,1
MICA,99023,1
NEWMAN LAKE,99025,1
NINE MILE FALLS,99026,1
OTIS ORCHARDS,99027,1
REARDAN,99029,1
SPANGLE,99031,1
TEKOA,99033,1
TUMTUM,99034,1
VALLEYFORD,99036,1
VERADALE,99037,1
WELLPINIT,99040,1
ADDY,99101,1
ALMIRA,99103,1
BENGE,99105,1
CHEWELAH,99109,1
COLVILLE,99114,1
COULEE CITY,99115,1
COULEE DAM,99116,1
CUSICK,99119,1
ELECTRIC CITY,99123,1
ELMER CITY,99124,1
GRAND COULEE,99133,1
HARTLINE,99135,1
HAY,99136,1
HUNTERS,99137,1
INCHELIUM,99138,1
KETTLE FALLS,99141,1
LACROSSE,99143,1
LAMONA,99144,1
LAURIER,99146,1
LOON LAKE,99148,1
MALO,99150,1
METALINE,99152,1
METALINE FALLS,99153,1
MOHLER,99154,1
NESPELEM,99155,1
OAKESDALE,99158,1
PALOUSE,99161,1
RITZVILLE,99169,1
STEPTOE,99174,1
USK,99180,1
BICKLETON,99322,1
COLLEGE PLACE,99324,1
CONNELL,99326,1
ELTOPIA,99330,1
KAHLOTUS,99335,1
LIND,99341,1
OTHELLO,99344,1
MATTAWA,99349,1
PROSSER,99350,1
WEST RICHLAND,99353,1
ROYAL CITY,99357,1
TOUCHET,99360,1
WAITSBURG,99361,1
WALLA WALLA,99362,1
WALLULA,99363,1
WASHTUCNA,99371,1
ANATONE,99401,1
ASOTIN,99402,1
FORT RICHARDSON,99505,1
ELMENDORF AFB,99506,1
INDIAN,99540,1
ADAK,99546,1
ATKA,99547,1
CHIGNIK LAKE,99548,1
PORT HEIDEN,99549,1
PORT LIONS,99550,1
AKIACHAK,99551,1
AKIAK,99552,1
AKUTAN,99553,1
ALAKANUK,99554,1
ALEKNAGIK,99555,1
ANCHOR POINT,99556,1
ANIAK,99557,1
ANVIK,99558,1
CHEFORNAK,99561,1
CHEVAK,99563,1
CHIGNIK,99564,1
CHIGNIK LAGOON,99565,1
CHITINA,99566,1
CHUGIAK,99567,1
CLAM GULCH,99568,1
CLARKS POINT,99569,1
COLD BAY,99571,1
COOPER LANDING,99572,1
COPPER CENTER,99573,1
CROOKED CREEK,99575,1
DILLINGHAM,99576,1
EEK,99578,1
EGEGIK,99579,1
EKWOK,99580,1
EMMONAK,99581,1
FALSE PASS,99583,1
GAKONA,99586,1
GIRDWOOD,99587,1
GLENNALLEN,99588,1
GOODNEWS BAY,99589,1
SAINT GEORGE ISLAND,99591,1
HOOPER BAY,99604,1
ILIAMNA,99606,1
KALSKAG,99607,1
KARLUK,99608,1
KASIGLUK,99609,1
KASILOF,99610,1
KENAI,99611,1
KING COVE,99612,1
KING SALMON,99613,1
KIPNUK,99614,1
KOTLIK,99620,1
KWETHLUK,99621,1
KWIGILLINGOK,99622,1
LARSEN BAY,99624,1
LEVELOCK,99625,1
LOWER KALSKAG,99626,1
MANOKOTAK,99628,1
MEKORYUK,99630,1
MOOSE PASS,99631,1
MOUNTAIN VILLAGE,99632,1
NAKNEK,99633,1
NAPAKIAK,99634,1
NIKISKI,99635,1
NEW STUYAHOK,99636,1
TOKSOOK BAY,99637,1
NIKOLSKI,99638,1
NINILCHIK,99639,1
NONDALTON,99640,1
NUNAPITCHUK,99641,1
OLD HARBOR,99643,1
OUZINKIE,99644,1
PEDRO BAY,99647,1
PILOT STATION,99650,1
PLATINUM,99651,1
PORT ALSWORTH,99653,1
QUINHAGAK,99655,1
RED DEVIL,99656,1
RUSSIAN MISSION,99657,1
SAINT PAUL ISLAND,99660,1
SAND POINT,99661,1
SCAMMON BAY,99662,1
SELDOVIA,99663,1
SHAGELUK,99665,1
NUNAM IQUA,99666,1
SKWENTNA,99667,1
SLEETMUTE,99668,1
SOLDOTNA,99669,1
SOUTH NAKNEK,99670,1
STEBBINS,99671,1
TAKOTNA,99675,1
TALKEETNA,99676,1
TATITLEK,99677,1
TOGIAK,99678,1
TULUKSAK,99679,1
TUNTUTULIAK,99680,1
TUNUNAK,99681,1
TYONEK,99682,1
TRAPPER CREEK,99683,1
UNALAKLEET,99684,1
UNALASKA,99685,1
YAKUTAT,99689,1
NIGHTMUTE,99690,1
NIKOLAI,99691,1
DUTCH HARBOR,99692,1
EIELSON AFB,99702,1
FORT WAINWRIGHT,99703,1
CLEAR,99704,1
NORTH POLE,99705,1
SALCHA,99714,1
ALLAKAKET,99720,1
ANAKTUVUK PASS,99721,1
ARCTIC VILLAGE,99722,1
BARROW,99723,1
ESTER,99725,1
BETTLES FIELD,99726,1
CANTWELL,99729,1
CHICKEN,99732,1
PRUDHOE BAY,99734,1
DELTA JUNCTION,99737,1
ELIM,99739,1
FORT YUKON,99740,1
GAMBELL,99742,1
HUSLIA,99746,1
KAKTOVIK,99747,1
KALTAG,99748,1
KIANA,99749,1
KIVALINA,99750,1
KOBUK,99751,1
KOTZEBUE,99752,1
KOYUK,99753,1
KOYUKUK,99754,1
DENALI NATIONAL PARK,99755,1
MANLEY HOT SPRINGS,99756,1
LAKE MINCHUMINA,99757,1
POINT LAY,99759,1
NENANA,99760,1
NOATAK,99761,1
NOORVIK,99763,1
NORTHWAY,99764,1
NULATO,99765,1
POINT HOPE,99766,1
RAMPART,99767,1
SAVOONGA,99769,1
SELAWIK,99770,1
SHAKTOOLIK,99771,1
SHISHMAREF,99772,1
SHUNGNAK,99773,1
STEVENS VILLAGE,99774,1
TANACROSS,99776,1
TANANA,99777,1
TELLER,99778,1
TETLIN,99779,1
TOK,99780,1
VENETIE,99781,1
WHITE MOUNTAIN,99784,1
BREVIG MISSION,99785,1
CHALKYITSIK,99788,1
NUIQSUT,99789,1
ATQASUK,99791,1
ANGOON,99820,1
AUKE BAY,99821,1
ELFIN COVE,99825,1
GUSTAVUS,99826,1
HOONAH,99829,1
KAKE,99830,1
PORT ALEXANDER,99836,1
SKAGWAY,99840,1
TENAKEE SPRINGS,99841,1
MEYERS CHUCK,99903,1
COFFMAN COVE,99918,1
THORNE BAY,99919,1
HYDABURG,99922,1
HYDER,99923,1
KLAWOCK,99925,1
METLAKATLA,99926,1
POINT BAKER,99927,1
WARD COVE,99928,1
WRANGELL,99929,1
