Words;Link;Score
París;Francia;1000
Londres;Reino Unido;974
Nueva York;Estados Unidos;971
Dubai;Emiratos Árabes Unidos;961
Tokio;Japón;955
Los Angeles;Estados Unidos;948
Singapore;Singapur;942
Hong Kong;Hong Kong;935
Amsterdam;Países Bajos;933
Miami;Estados Unidos;922
Estambul;Turquía;922
Chicago;Estados Unidos;920
San Francisco;Estados Unidos;920
Houston;Estados Unidos;916
Washington;Estados Unidos;916
Madrid;España;916
Barcelona;España;913
Dallas;Estados Unidos;912
Atlanta;Estados Unidos;909
Rome;Italia;909
Múnich;Alemania;903
Denver;Estados Unidos;903
Seattle;Estados Unidos;899
Boston;Estados Unidos;896
Orlando;Estados Unidos;896
Zurich;Suiza;896
Philadelphia;Estados Unidos;894
Viena;Austria;894
Copenhague;Dinamarca;890
Las Vegas;Estados Unidos;886
Stockholm;Suecia;883
Ginebra;Suiza;883
Atenas;Grecia;873
Lisboa;Portugal;870
Dublin;Irlanda;868
Varsovia;Polonia;864
Praga;República Checa;860
Niza;Francia;857
Budapest;Hungría;857
Berlin;Alemania;851
Milán;Italia;851
Bucarest;Rumanía;851
El Cairo;Egipto;844
Hamburgo;Alemania;842
Bangkok;Tailandia;842
Nápoles;Italia;838
Palma de Mallorca;España;838
Lyon;Francia;838
Venecia;Italia;835
Edimburgo;Reino Unido;831
Florencia;Italia;831
Ibiza;España;831
Marsella;Francia;831
Antalya;Turquía;831
Jakarta;Indonesia;831
Mumbai;India;829
Las Palmas;España;825
Toulouse;Francia;825
Turín;Italia;825
Pekín;China;821
Manchester;Estados Unidos;818
Bordeaux;Francia;818
Tesalónica;Grecia;818
Sídney;Australia;816
Heraclión;Grecia;816
Innsbruck;Austria;816
Salzburg;Austria;813
Melbourne;Australia;812
Nantes;Francia;812
Rodas;Grecia;812
Ankara;Turquía;812
Toronto;Canadá;808
Sevilla;España;808
Birmingham;Estados Unidos;805
Lille;Francia;805
Corfú;Grecia;805
St. Petersburg;Rusia;805
Vancouver;Canadá;803
Santorini;Grecia;803
Strasbourg;Francia;799
Ciudad de México;México;799
São Paulo;Brasil;795
Pisa;Italia;792
Buenos Aires;Argentina;792
Lima;Perú;786
Phuket;Tailandia;786
Kiev;Ucrania;779
Santiago;Chile;777
Casablanca;Marruecos;773
Johannesburg;Sudáfrica;769
Génova;Italia;769
Nairobi;Kenia;766
Cos;Grecia;766
Chiang Mai;Tailandia;766
Lagos;Nigeria;760
Nagoya;Japón;760
Fukuoka;Japón;756
Accra;Ghana;753
Sapporo;Japón;753
Busan;Corea del Sur;753
Addis Ababa;Etiopía;751
Chennai;India;751
Kolkata;India;748
Doha;Catar;747
Hyderabad;Pakistán;746
Abu Dabi;Emiratos Árabes Unidos;744
Cancún;México;741
Riad;Arabia Saudita;741
Kuwait;Kuwait;734
Zanzibar;Tanzania;721
Karachi;Pakistán;721
Mombasa;Kenia;715
Yeda;Arabia Saudita;708
Colombo;Sri Lanka;708
Katmandú;Nepal;702
Manama;Baréin;699
Daca;Bangladés;695
Ciudad Ho Chi Minh;Vietnam;695
Rangún;Myanmar;689
Seúl;Corea del Sur;678
Osaka;Japón;676
Shenzhen;China;665
Auckland;Nueva Zelanda;656
Ciudad del Cabo;Sudáfrica;647
Tunis;Túnez;639
Argel;Argelia;637
Beirut;Líbano;626
Papeete;Polinesia Francesa;624
Amman;Jordania;624
Tel Aviv;Israel;621
Teherán;Irán;617
Baku;Azerbaiyán;611
Almatý;Kazajistán;600
Tashkent;Uzbekistán;598
Honiara;Islas Salomón;546
Lae;Papúa Nueva Guinea;546
Port Moresby;Papúa Nueva Guinea;546
BNK;Bangladés;546
Nuuk;Groenlandia;546
Akureyri;Islandia;546
Reykjavík;Islandia;546
Parakou;Benín;546
Prishtina;Kosovo;546
Belize City;Belice;546
Hangzhou;China;546
Edmonton;Canadá;546
Kingston;Jamaica;546
Hamilton;Bermudas;546
Montréal;Canadá;546
Halifax;Canadá;546
Kelowna;Canadá;546
Ottawa;Canadá;546
Quebec;Canadá;546
Winnipeg;Canadá;546
Saskatoon;Canadá;546
Calgary;Canadá;546
Victoria;Seychelles;546
St. John's;Canadá;546
Faro;Portugal;546
Béjaïa;Argelia;546
Djanet;Argelia;546
Tamanrasset;Argelia;546
Tahir;Argelia;546
Annaba;Argelia;546
Constantine;Argelia;546
Batna;Argelia;546
Chlef;Argelia;546
Zenata;Argelia;546
Es-Sénia;Argelia;546
Biskra;Argelia;546
Cotonou;Benín;546
Ouagadougou;Burkina Faso;546
Bobo Dioulasso;Burkina Faso;546
Tamale;Ghana;546
Kumasi;Ghana;546
Abidjan;Costa de Marfil;546
Abuja;Nigeria;546
Asaba;Nigeria;546
Bauchi;Nigeria;546
Enegu;Nigeria;546
Ilorin/Ogbomosho;Nigeria;546
Kaduna;Nigeria;546
Kano;Nigeria;546
Maiduguri;Nigeria;546
Port Harcourt;Nigeria;546
Sokoto;Nigeria;546
Niamey;Níger;546
Mellita;Túnez;546
Lomé;Togo;546
Zaventem;Bélgica;546
Charleroi;Bélgica;546
Oostende;Bélgica;546
Dresden;Alemania;546
Erfurt;Alemania;546
Frankfurt am Main;Alemania;546
Greven;Alemania;546
Köln (Cologne);Alemania;546
Düsseldorf;Alemania;546
Nuremberg;Alemania;546
Schkeuditz;Alemania;546
Stuttgart;Alemania;546
Hannover;Alemania;546
Bremen;Alemania;546
Frankfurt am Main (Lautzenhausen);Alemania;546
Memmingen;Alemania;546
Büren;Alemania;546
Weeze;Alemania;546
Dortmund;Alemania;546
Friedrichshafen;Alemania;546
Rheinmünster;Alemania;546
Calden;Alemania;546
Tallinn;Estonia;546
Helsinki (Vantaa);Finlandia;546
Ivalo;Finlandia;546
Kittilä;Finlandia;546
Kuopio / Siilinjärvi;Finlandia;546
Lappeenranta;Finlandia;546
Mariehamn;Finlandia;546
Oulu / Oulunsalo;Finlandia;546
Rovaniemi;Finlandia;546
Tampere / Pirkkala;Finlandia;546
Turku;Finlandia;546
Vaasa;Finlandia;546
Belfast;Reino Unido;546
Birmingham, West Midlands;Reino Unido;546
Manchester, Greater Manchester;Reino Unido;546
Cardiff;Reino Unido;546
Bristol;Reino Unido;546
Liverpool;Reino Unido;546
Luton, Luton;Reino Unido;546
Leeds, West Yorkshire;Reino Unido;546
Castletown;Isla de Man;546
Newcastle upon Tyne, Tyne and Wear;Reino Unido;546
Nottingham, Leicestershire;Reino Unido;546
Aberdeen;Reino Unido;546
Glasgow;Reino Unido;546
Prestwick, South Ayrshire;Reino Unido;546
London, Essex;Reino Unido;546
Mount Pleasant;Islas Malvinas;546
Maastricht;Países Bajos;546
Eindhoven;Países Bajos;546
Groningen;Países Bajos;546
Rotterdam;Países Bajos;546
Cork;Irlanda;546
Charlestown;Irlanda;546
Shannon;Irlanda;546
Aarhus;Dinamarca;546
Billund;Dinamarca;546
Odense;Dinamarca;546
Vágar;Islas Feroe;546
Aalborg;Dinamarca;546
Luxembourg;Luxemburgo;546
Ålesund;Noruega;546
Bodø;Noruega;546
Bergen;Noruega;546
Kristiansand(Kjevik);Noruega;546
Evenes;Noruega;546
Oslo (Gardermoen);Noruega;546
Tromsø;Noruega;546
Sandefjord(Torp);Noruega;546
Trondheim;Noruega;546
Stavanger;Noruega;546
Gdańsk;Polonia;546
Balice;Polonia;546
Katowice;Polonia;546
Lublin;Polonia;546
Łódź;Polonia;546
Nowy Dwór Mazowiecki;Polonia;546
Poznań;Polonia;546
Jasionka;Polonia;546
Szczecin(Glewice);Polonia;546
Wrocław;Polonia;546
Göteborg;Suecia;546
Nyköping;Suecia;546
Malung-Sälen;Suecia;546
Malmö;Suecia;546
Kiruna;Suecia;546
Umeå;Suecia;546
Stockholm / Västerås;Suecia;546
Luleå;Suecia;546
Linköping;Suecia;546
Visby;Suecia;546
Riga;Letonia;546
Kaunas;Lituania;546
Palanga;Lituania;546
Vilnius;Lituania;546
Bloemfontein;Sudáfrica;546
East London;Sudáfrica;546
George;Sudáfrica;546
Kimberley;Sudáfrica;546
Mbombela;Sudáfrica;546
Durban;Sudáfrica;546
Gqeberha (Port Elizabeth);Sudáfrica;546
Polokwane;Sudáfrica;546
Queenstown;Nueva Zelanda;546
Francistown;Botsuana;546
Kasane;Botsuana;546
Maun;Botsuana;546
Gaborone;Botsuana;546
Brazzaville;Congo;546
Pointe Noire;Congo;546
Mpaka;Suazilandia;546
Bangui;República Centroafricana;546
Bata;Guinea Ecuatorial;546
Malabo;Guinea Ecuatorial;546
Plaine Magnien;Mauricio;546
Douala;Camerún;546
Garoua;Camerún;546
Yaoundé;Camerún;546
Livingstone;Zambia;546
Lusaka;Zambia;546
Mfuwe;Zambia;546
Ndola;Zambia;546
Moroni;Comoras;546
Dzaoudzi;Mayotte;546
Sainte-Marie;Reunión;546
Saint-Pierre;Reunión;546
Antananarivo;Madagascar;546
Toamasina;Madagascar;546
Mahajanga;Madagascar;546
Nosy Be;Madagascar;546
Luanda (Ícolo e Bengo);Angola;546
Luanda;Angola;546
Port Gentil;Gabón;546
Libreville;Gabón;546
Franceville;Gabón;546
São Tomé;Santo Tomé y Príncipe;546
Beira;Mozambique;546
Maputo;Mozambique;546
Nampula;Mozambique;546
Tete;Mozambique;546
N'Djamena;Chad;546
Bulawayo;Zimbabue;546
Victoria Falls;Zimbabue;546
Harare;Zimbabue;546
Blantyre;Malaui;546
Lumbadzi;Malaui;546
Maseru(Mazenod);Lesoto;546
Walvis Bay(Rooikop);Namibia;546
Windhoek;Namibia;546
Kinshasa;República Democrática del Congo;546
Kisangani;República Democrática del Congo;546
Goma;República Democrática del Congo;546
Lubumbashi;República Democrática del Congo;546
Bamako;Malí;546
Timbuktu;Malí;546
Banjul (Yundum);Gambia;546
El Matorral;España;546
San Bartolomé;España;546
Tenerife;España;546
Freetown (Lungi-Town);Sierra Leona;546
Bissau;Guinea-Bisáu;546
Monrovia;Liberia;546
Agadir (Temsia);Marruecos;546
Zagora;Marruecos;546
Saïss;Marruecos;546
Ahl Angad;Marruecos;546
Oulad Yaich;Marruecos;546
Rabat;Marruecos;546
Dakhla;Sahara Occidental;546
El Aaiún;Sahara Occidental;546
Al Aaroui;Marruecos;546
Marrakesh;Marruecos;546
Ouarzazate;Marruecos;546
Tétouan;Marruecos;546
Tangier;Marruecos;546
Dakar;Senegal;546
Nouakchott;Mauritania;546
Nouadhibou;Mauritania;546
Conakry;Guinea;546
Espargos;Cabo Verde;546
Rabil;Cabo Verde;546
Praia;Cabo Verde;546
São Pedro;Cabo Verde;546
Dire Dawa;Etiopía;546
Jijiga;Etiopía;546
Hawassa;Etiopía;546
Bujumbura;Burundi;546
Bosaso;Somalia;546
Hargeisa;Somalia;546
Mogadishu;Somalia;546
Djibouti City;Yibuti;546
El Alamein;Egipto;546
El Arish;Egipto;546
Asyut;Egipto;546
Alejandría;Egipto;546
Hurghada;Egipto;546
Luxor;Egipto;546
Marsa Alam;Egipto;546
Marsa Matruh;Egipto;546
Port Said;Egipto;546
Suhaj;Egipto;546
Sharm El Sheikh;Egipto;546
Aswan;Egipto;546
Al Jiza;Egipto;546
Juba;Sudán del Sur;546
Eldoret;Kenia;546
Kisumu;Kenia;546
Benina;Libia;546
Tripoli;Libia;546
Al Albraq;Libia;546
Kigali;Ruanda;546
Port Sudan;Sudán;546
Jartún;Sudán;546
Arusha;Tanzania;546
Dar es Salaam;Tanzania;546
Mwanza;Tanzania;546
Entebbe;Uganda;546
Navi Mumbai;India;546
Albuquerque;Estados Unidos;546
Albany;Estados Unidos;546
Pittsburgh;Estados Unidos;546
Austin;Estados Unidos;546
Columbus;Estados Unidos;546
Hartford;Estados Unidos;546
Cleveland;Estados Unidos;546
Nashville;Estados Unidos;546
Boise;Estados Unidos;546
Buffalo;Estados Unidos;546
Burbank;Estados Unidos;546
Baltimore;Estados Unidos;546
Charleston;Estados Unidos;546
Charlotte;Estados Unidos;546
Colorado Springs;Estados Unidos;546
Jacksonville;Estados Unidos;546
Cincinnati / Covington;Estados Unidos;546
Detroit;Estados Unidos;546
Dallas-Fort Worth;Estados Unidos;546
Tucson;Estados Unidos;546
Des Moines;Estados Unidos;546
El Paso;Estados Unidos;546
Newark;Estados Unidos;546
Fresno;Estados Unidos;546
Fort Lauderdale;Estados Unidos;546
Fort Myers;Estados Unidos;546
Spokane;Estados Unidos;546
Grand Rapids;Estados Unidos;546
Greensboro;Estados Unidos;546
Ta Noun;Camboya;546
Phnom Penh (Boeng Khyang);Camboya;546
Portland;Estados Unidos;546
Dulles;Estados Unidos;546
Indianapolis;Estados Unidos;546
Long Beach;Estados Unidos;546
Louisville;Estados Unidos;546
Sacramento;Estados Unidos;546
Tampa;Estados Unidos;546
Kansas City;Estados Unidos;546
Memphis;Estados Unidos;546
Milwaukee;Estados Unidos;546
Minneapolis;Estados Unidos;546
New Orleans;Estados Unidos;546
Myrtle Beach;Estados Unidos;546
Norfolk;Estados Unidos;546
San Diego;Estados Unidos;546
Pensacola;Estados Unidos;546
Oakland;Estados Unidos;546
Omaha;Estados Unidos;546
Oklahoma City;Estados Unidos;546
Ontario;Estados Unidos;546
West Palm Beach;Estados Unidos;546
Phoenix;Estados Unidos;546
Pinellas Park;Estados Unidos;546
Palm Springs;Estados Unidos;546
Providence/Warwick;Estados Unidos;546
Raleigh/Durham;Estados Unidos;546
Richmond;Estados Unidos;546
Reno;Estados Unidos;546
Rochester;Estados Unidos;546
Tulsa;Estados Unidos;546
San Antonio;Estados Unidos;546
Savannah;Estados Unidos;546
San Bernardino;Estados Unidos;546
San Jose;Estados Unidos;546
Salt Lake City;Estados Unidos;546
Santa Ana;Estados Unidos;546
Sarasota/Bradenton;Estados Unidos;546
St Louis;Estados Unidos;546
Syracuse;Estados Unidos;546
Knoxville/Maryville;Estados Unidos;546
Rinas;Albania;546
Burgas;Bulgaria;546
Plovdiv;Bulgaria;546
Sofia;Bulgaria;546
Varna;Bulgaria;546
Tymbou (Kirklar);Chipre;546
Larnaca;Chipre;546
Paphos;Chipre;546
Dubrovnik;Croacia;546
Pula;Croacia;546
Rijeka(Omišalj);Croacia;546
Split;Croacia;546
Velika Gorica;Croacia;546
Zadar;Croacia;546
Alicante;España;546
Ranón;España;546
Bilbao;España;546
Girona;España;546
Málaga;España;546
Mahón (Maó);España;546
Corvera;España;546
Reus;España;546
Santiago de Compostela;España;546
Valencia;España;546
Zaragoza;España;546
Bastia;Francia;546
Figari;Francia;546
Clermont-Ferrand;Francia;546
Montpellier/Méditerranée;Francia;546
Beauvais;Francia;546
Brest;Francia;546
Bâle / Mulhouse;Francia;546
Kavala;Grecia;546
Souda;Grecia;546
Debrecen;Hungría;546
Pécs;Hungría;546
Bari;Italia;546
Pescara;Italia;546
Brindisi;Italia;546
Lamezia Terme (CZ);Italia;546
Catania;Italia;546
Palermo;Italia;546
Cagliari;Italia;546
Olbia (SS);Italia;546
Orio al Serio (BG);Italia;546
Segrate (MI);Italia;546
Bologna;Italia;546
Treviso (TV);Italia;546
Ronchi dei Legionari/Trieste;Italia;546
Rimini (RN);Italia;546
Caselle (VR);Italia;546
Perugia (PG);Italia;546
Zgornji Brnik;Eslovenia;546
České Budějovice;República Checa;546
Karlovy Vary;República Checa;546
Mošnov;República Checa;546
Pardubice;República Checa;546
Eilat;Israel;546
Valletta;Malta;546
Feldkirchen bei Graz;Austria;546
Klagenfurt am Wörthersee;Austria;546
Linz;Austria;546
Funchal;Portugal;546
Ponta Delgada;Portugal;546
Porto;Portugal;546
Mahovljani;Bosnia y Herzegovina;546
Mostar;Bosnia y Herzegovina;546
Sarajevo;Bosnia y Herzegovina;546
Dubrave Gornje;Bosnia y Herzegovina;546
Bacău;Rumanía;546
Brașov (Ghimbav);Rumanía;546
Constanța;Rumanía;546
Cluj-Napoca;Rumanía;546
Craiova;Rumanía;546
Iaşi;Rumanía;546
Oradea;Rumanía;546
Otopeni;Rumanía;546
Sibiu;Rumanía;546
Suceava;Rumanía;546
Timişoara;Rumanía;546
Seyhan;Turquía;546
Gaziantep;Turquía;546
Konya;Turquía;546
Kayseri;Turquía;546
Nevşehir;Turquía;546
Eskişehir;Turquía;546
Gaziemir;Turquía;546
Dalaman;Turquía;546
Şanlıurfa;Turquía;546
Tarsus;Turquía;546
Edremit;Turquía;546
Bodrum;Turquía;546
Pendik, Istanbul;Turquía;546
Rize;Turquía;546
Chişinău;Moldavia;546
Ohrid;Macedonia del Norte;546
Ilinden;Macedonia del Norte;546
Gibraltar;Gibraltar;546
Belgrade;Serbia;546
Niš;Serbia;546
Podgorica;Montenegro;546
Bratislava;Eslovaquia;546
Providenciales;Islas Turcas y Caicos;546
La Romana;República Dominicana;546
Punta Cana;República Dominicana;546
Santo Domingo;República Dominicana;546
Guatemala City;Guatemala;546
San Pedro Sula;Honduras;546
Coxen Hole;Honduras;546
Palmerola;Honduras;546
Trujillo;Perú;546
Montego Bay;Jamaica;546
Acapulco;México;546
Monterrey;México;546
Aguascalientes;México;546
Huatulco;México;546
Culiacán;México;546
Ciudad Juárez;México;546
Chihuahua;México;546
Cozumel;México;546
Guadalajara;México;546
Hermosillo;México;546
Silao;México;546
Loreto;México;546
Mérida;México;546
Morelia;México;546
Mazatlàn;México;546
Oaxaca;México;546
Puebla;México;546
Puerto Vallarta;México;546
Querétaro;México;546
San José del Cabo;México;546
Tijuana;México;546
Tulum;México;546
Toluca;México;546
Villahermosa;México;546
Veracruz;México;546
Ixtapa;México;546
Managua;Nicaragua;546
Tocumen;Panamá;546
Punta Arenas;Chile;546
Liberia;Costa Rica;546
San José (Alajuela);Costa Rica;546
San Salvador (San Luis Talpa);El Salvador;546
San Salvador;Bahamas;546
Cap Haitien;Haití;546
Port-au-Prince;Haití;546
Camaguey;Cuba;546
Havana;Cuba;546
Holguin;Cuba;546
Santa Clara;Cuba;546
Matanzas;Cuba;546
George Town;Islas Caimán;546
Freeport;Bahamas;546
Nassau;Bahamas;546
Avarua;Islas Cook;546
Nadi;Fiyi;546
Nausori;Fiyi;546
Nuku'alofa;Tonga;546
Vava'u Island;Tonga;546
Birinin Kebbi;Nigeria;546
South Tarawa;Kiribati;546
Wallis Island;Wallis y Futuna;546
Pokhara;Nepal;546
Apia;Samoa;546
Pago Pago;Samoa Americana;546
Port Vila;Vanuatu;546
Nouméa (La Tontouta);Nueva Caledonia;546
Christchurch;Nueva Zelanda;546
Wellington;Nueva Zelanda;546
Guzara;Afganistán;546
Kabul;Afganistán;546
Kandahar;Afganistán;546
Mazar-i-Sharif;Afganistán;546
Corisco Island;Guinea Ecuatorial;546
Abha;Arabia Saudita;546
Hofuf;Arabia Saudita;546
Al-Ula;Arabia Saudita;546
Ad Dammam;Arabia Saudita;546
Qassim;Arabia Saudita;546
Hail;Arabia Saudita;546
Medina;Arabia Saudita;546
Sharma;Arabia Saudita;546
Qaisumah;Arabia Saudita;546
Al-Jawf;Arabia Saudita;546
Tabuk;Arabia Saudita;546
Taif;Arabia Saudita;546
Yanbu;Arabia Saudita;546
Abadan;Irán;546
Ahvaz;Irán;546
Kish Island;Irán;546
Isfahan;Irán;546
Karaj;Irán;546
Bandar Abbas;Irán;546
Kerman;Irán;546
Qeshm(Dayrestan);Irán;546
Birjand;Irán;546
Mashhad;Irán;546
Shiraz;Irán;546
Tabriz;Irán;546
Zahedan;Irán;546
Aqaba;Jordania;546
Duqm;Omán;546
Al Ain;Emiratos Árabes Unidos;546
Dubai(Jebel Ali);Emiratos Árabes Unidos;546
Fujairah;Emiratos Árabes Unidos;546
Ras Al Khaimah;Emiratos Árabes Unidos;546
Sharjah;Emiratos Árabes Unidos;546
Muscat/Seeb;Omán;546
Salalah;Omán;546
Suhar;Omán;546
Faisalabad;Pakistán;546
Gurandani;Pakistán;546
Attock;Pakistán;546
Lahore;Pakistán;546
Multan;Pakistán;546
Peshawar;Pakistán;546
Quetta;Pakistán;546
Skardu;Pakistán;546
Sialkot;Pakistán;546
Turbat;Pakistán;546
Bagdad;Irak;546
Arbil;Irak;546
Kirkuk;Irak;546
Basra;Irak;546
Najaf;Irak;546
Aleppo;Siria;546
Damascus;Siria;546
Aden;Yemen;546
Mukalla(Riyan);Yemen;546
Sanaa;Yemen;546
Seiyun;Yemen;546
Anchorage;Estados Unidos;546
Rota Island;Islas Marianas del Norte;546
Hagåtña;Guam;546
Kailua-Kona;Estados Unidos;546
Lihue, Kauai;Estados Unidos;546
Honolulu, Oahu;Estados Unidos;546
Kahului;Estados Unidos;546
Majuro Atoll;Islas Marshall;546
Kiritimati;Kiribati;546
Weno Island;Micronesia;546
Babelthuap Island;Palaos;546
Okat;Micronesia;546
Yap Island;Micronesia;546
Kaohsiung (Xiaogang);Taiwán;546
Taichung (Qingshui);Taiwán;546
Tainan (Rende);Taiwán;546
Huxi;Taiwán;546
Taipei (Songshan);Taiwán;546
Taoyuan;Taiwán;546
Hualien City;Taiwán;546
Narita;Japón;546
Omitama;Japón;546
Kobe;Japón;546
Hakodate;Japón;546
Kagoshima;Japón;546
Miyazaki;Japón;546
Kitakyushu;Japón;546
Saga;Japón;546
Kumamoto;Japón;546
Nagasaki;Japón;546
Tokoname;Japón;546
Kanazawa;Japón;546
Makinohara / Shimada;Japón;546
Hiroshima;Japón;546
Okayama;Japón;546
Nankoku;Japón;546
Matsuyama;Japón;546
Tokushima;Japón;546
Takamatsu;Japón;546
Aomori;Japón;546
Niigata;Japón;546
Natori;Japón;546
Muan (Piseo-ri);Corea del Sur;546
Gonghang-ro;Corea del Sur;546
Jeju City;Corea del Sur;546
Daegu;Corea del Sur;546
Cheongju;Corea del Sur;546
Naha;Japón;546
Olongapo;Filipinas;546
Mabalacat;Filipinas;546
Laoag City;Filipinas;546
Legazpi;Filipinas;546
Manila (Pasay);Filipinas;546
Davao;Filipinas;546
General Santos;Filipinas;546
Laguindingan;Filipinas;546
Zamboanga;Filipinas;546
Bacolod City;Filipinas;546
Cabatuan;Filipinas;546
Kalibo;Filipinas;546
Cebu City/Lapu-Lapu City;Filipinas;546
Puerto Princesa;Filipinas;546
Hanak;Arabia Saudita;546
Rosario;Argentina;546
Cordoba;Argentina;546
Buenos Aires (Ezeiza);Argentina;546
Mendoza;Argentina;546
San Miguel de Tucumán;Argentina;546
San Juan;Puerto Rico;546
Resistencia;Argentina;546
Salta;Argentina;546
San Salvador de Jujuy;Argentina;546
Comodoro Rivadavia;Argentina;546
El Calafate;Argentina;546
Rio Gallegos;Argentina;546
Neuquén;Argentina;546
San Carlos de Bariloche;Argentina;546
Belém;Brasil;546
Belo Horizonte;Brasil;546
Curitiba;Brasil;546
Brasília;Brasil;546
Boa Vista;Brasil;546
Porto Alegre;Brasil;546
Cuiabá;Brasil;546
Manaus;Brasil;546
Foz do Iguaçu;Brasil;546
Florianópolis;Brasil;546
Fortaleza;Brasil;546
Rio De Janeiro;Brasil;546
Goiânia;Brasil;546
João Pessoa;Brasil;546
Campinas;Brasil;546
Maceió;Brasil;546
Navegantes;Brasil;546
Porto Seguro;Brasil;546
Porto Velho;Brasil;546
Rio Branco;Brasil;546
Recife;Brasil;546
Natal;Brasil;546
São Luís;Brasil;546
Salvador;Brasil;546
Vitória;Brasil;546
Iquique;Chile;546
Antofagasta;Chile;546
Concepcion;Chile;546
Isla De Pascua;Chile;546
Temuco;Chile;546
Puerto Montt;Chile;546
Guayaquil;Ecuador;546
Quito;Ecuador;546
Salinas/La Libertad;Ecuador;546
Tachina;Ecuador;546
Asunción;Paraguay;546
Encarnación;Paraguay;546
Ciudad del Este;Paraguay;546
Bogota;Colombia;546
Barranquilla;Colombia;546
Cartagena;Colombia;546
Cali;Colombia;546
Medellín;Colombia;546
San Andrés;Colombia;546
Sucre;Bolivia;546
Cochabamba;Bolivia;546
Santa Cruz;Bolivia;546
La Paz / El Alto;Bolivia;546
Oruro;Bolivia;546
Quijarro;Bolivia;546
Paramaribo;Surinam;546
Matoury;Guayana Francesa;546
Pucallpa;Perú;546
Chiclayo;Perú;546
Juliaca;Perú;546
Iquitos;Perú;546
Arequipa;Perú;546
Cusco;Perú;546
Ciudad de la Costa;Uruguay;546
Barquisimeto;Venezuela;546
Maracaibo;Venezuela;546
Isla Margarita;Venezuela;546
Maiquetía;Venezuela;546
Guyana City;Venezuela;546
Georgetown;Guyana;546
Osbourn;Antigua y Barbuda;546
Bridgetown;Barbados;546
Fort-de-France;Martinica;546
Pointe-à-Pitre;Guadalupe;546
Saint George's;Granada;546
Charlotte Amalie;Islas Vírgenes de EE.UU.;546
Basseterre;San Cristóbal y Nieves;546
Vieux Fort;Santa Lucía;546
Balkanabat;Turkmenistán;546
Oranjestad;Aruba;546
Kralendijk;Países Bajos Caribeños;546
Willemstad;Curazao;546
Sint Maarten;Sint Maarten;546
Gerald's Park;Montserrat;546
Scarborough;Trinidad y Tobago;546
Port of Spain;Trinidad y Tobago;546
Beef Island;Islas Vírgenes Británicas;546
Kingstown;San Vicente y las Granadinas;546
Astana;Kazajistán;546
Kokshetau;Kazajistán;546
Petropavl;Kazajistán;546
Taraz;Kazajistán;546
Bishkek;Kirguistán;546
Osh;Kirguistán;546
Shymkent;Kazajistán;546
Turkıstan;Kazajistán;546
Zhezkazgan;Kazajistán;546
Karaganda;Kazajistán;546
Baikonur;Kazajistán;546
Kyzylorda;Kazajistán;546
Uralsk;Kazajistán;546
Ust-Kamenogorsk (Oskemen);Kazajistán;546
Pavlodar;Kazajistán;546
Semey;Kazajistán;546
Aktau;Kazajistán;546
Atyrau;Kazajistán;546
Aktobe;Kazajistán;546
Kostanay;Kazajistán;546
Ganja;Azerbaiyán;546
Nakhchivan;Azerbaiyán;546
Tamchy;Kirguistán;546
Gyumri;Armenia;546
Ereván;Armenia;546
Yakutsk;Rusia;546
Kopitnari;Georgia;546
Batumi;Georgia;546
Tiflis;Georgia;546
Petropavlovsk-Kamchatsky;Rusia;546
Yuzhno-Sakhalinsk;Rusia;546
Artyom;Rusia;546
Chita;Rusia;546
Irkutsk;Rusia;546
Ulan Ude;Rusia;546
Simferopol;Ucrania;546
Lviv;Ucrania;546
Uzhhorod;Ucrania;546
Murmansk;Rusia;546
Kaliningrad;Rusia;546
Minsk;Bielorrusia;546
Abakan;Rusia;546
Barnaul;Rusia;546
Kemerovo;Rusia;546
Krasnoyarsk;Rusia;546
Novosibirsk;Rusia;546
Omsk;Rusia;546
Tomsk;Rusia;546
Norilsk;Rusia;546
Krasnodar;Rusia;546
Grozny;Rusia;546
Makhachkala;Rusia;546
Mineralnyye Vody;Rusia;546
Rostov-on-Don;Rusia;546
Sochi;Rusia;546
Astrakhan;Rusia;546
Volgograd;Rusia;546
Chelyabinsk;Rusia;546
Magnitogorsk;Rusia;546
Nizhnevartovsk;Rusia;546
Perm;Rusia;546
Surgut;Rusia;546
Yekaterinburg;Rusia;546
Tyumen;Rusia;546
Ashgabat;Turkmenistán;546
Daşoguz;Turkmenistán;546
Türkmenabat;Turkmenistán;546
Dushanbe;Tayikistán;546
Kulob;Tayikistán;546
Khujand;Tayikistán;546
Bokhtar;Tayikistán;546
Namangan;Uzbekistán;546
Nukus;Uzbekistán;546
Urgench;Uzbekistán;546
Bukhara;Uzbekistán;546
Samarkand;Uzbekistán;546
Moscú;Rusia;546
Tunoshna;Rusia;546
Nizhny Novgorod;Rusia;546
Kazan;Rusia;546
Saransk;Rusia;546
Saratov;Rusia;546
Ufa;Rusia;546
Samara;Rusia;546
Ahmedabad;India;546
Vadodara;India;546
Bhopal;India;546
Rajkot;India;546
Indore;India;546
Nagpur;India;546
Nashik;India;546
Pune;India;546
Kakadi;India;546
Surat;India;546
Jaffna;Sri Lanka;546
Mattala;Sri Lanka;546
Siem Reap;Camboya;546
Preah Sihanouk;Camboya;546
Siliguri;India;546
Varanasi;India;546
Bhubaneswar;India;546
Guwahati;India;546
Imphal;India;546
Visakhapatnam;India;546
Chattogram (Chittagong);Bangladés;546
Sylhet;Bangladés;546
Amritsar;India;546
Chandigarh;India;546
New Delhi;India;546
Hisar;India;546
Halwara;India;546
Jaipur;India;546
Lucknow;India;546
Srinagar;India;546
Luang Phabang;Laos;546
Pakse;Laos;546
Vientiane;Laos;546
Nossa Senhora do Carmo;Macao;546
Siddharthanagar (Bhairahawa);Nepal;546
Bengaluru;India;546
Vijayawada;India;546
Coimbatore;India;546
Kochi;India;546
Calicut;India;546
Mopa;India;546
Vasco da Gama;India;546
Kannur;India;546
Mangaluru;India;546
Port Blair;India;546
Tirupati;India;546
Tiruchirappalli;India;546
Thiruvananthapuram;India;546
Paro;Bután;546
Noonu Atoll;Maldivas;546
Gan;Maldivas;546
Haa Dhaalu Atoll;Maldivas;546
Malé;Maldivas;546
Rayong;Tailandia;546
Chiang Rai;Tailandia;546
Krabi;Tailandia;546
Na Thon (Ko Samui Island);Tailandia;546
Hat Yai;Tailandia;546
Udon Thani;Tailandia;546
Haiphong (Hai An);Vietnam;546
Nha Trang/nha Trang aiurportCam Ranh;Vietnam;546
Can Tho;Vietnam;546
Da Nang;Vietnam;546
Hanoi (Soc Son);Vietnam;546
Phu Quoc Island;Vietnam;546
Mandalay;Myanmar;546
Naypyitaw;Myanmar;546
Makassar;Indonesia;546
Kuta, Badung;Indonesia;546
Mataram (Pujut, Lombok Tengah);Indonesia;546
Yogyakarta;Indonesia;546
Sentani;Indonesia;546
Balikpapan;Indonesia;546
Manado;Indonesia;546
Banjarbaru;Indonesia;546
Ambon;Indonesia;546
Surakarta;Indonesia;546
Surabaya;Indonesia;546
Semarang;Indonesia;546
Kuching;Malasia;546
Kota Kinabalu;Malasia;546
Bandar Seri Begawan;Brunéi;546
Batam;Indonesia;546
Beringin;Indonesia;546
Pontianak;Indonesia;546
Padang (Katapiang);Indonesia;546
Banda Aceh;Indonesia;546
Ipoh;Malasia;546
Johor Bahru;Malasia;546
Sepang;Malasia;546
Langkawi;Malasia;546
Penang;Malasia;546
Subang;Malasia;546
Dili;Timor Oriental;546
Oecussi-Ambeno;Timor Oriental;546
Brisbane;Australia;546
Gold Coast;Australia;546
Cairns;Australia;546
Broome;Australia;546
Maroochydore;Australia;546
Toowoomba;Australia;546
Mokha;Yemen;546
Geelong/Melbourne;Australia;546
Hobart (Cambridge);Australia;546
Adelaide;Australia;546
West Island;Islas Cocos;546
Darwin;Australia;546
Perth;Australia;546
Port Hedland;Australia;546
Sydney (Mascot);Australia;546
Williamtown;Australia;546
Ordos;China;546
Datong;China;546
Hohhot;China;546
Hailar;China;546
Baotou;China;546
Shijiazhuang;China;546
Tianjin;China;546
Yuncheng (Yanhu);China;546
Taiyuan;China;546
Zhangjiajie (Yongding);China;546
Guangzhou (Huadu);China;546
Changsha (Changsha);China;546
Guilin (Lingui);China;546
Nanning (Jiangnan);China;546
Jieyang (Rongcheng);China;546
Zhuhai (Jinwan);China;546
Zhanjiang;China;546
Zhengzhou;China;546
Ezhou;China;546
Wuhan (Huangpi);China;546
Luoyang (Laocheng);China;546
Haikou (Meilan);China;546
Sanya (Tianya);China;546
Pyongyang;Corea del Norte;546
Dunhuang;China;546
Yinchuan;China;546
Jiayuguan;China;546
Lanzhou (Yongdeng);China;546
Haidong (Huzhu Tu Autonomous County);China;546
Xi'an;China;546
Ulaanbaatar (Sergelen);Mongolia;546
Jinghong (Gasa);China;546
Lijiang;China;546
Kunming;China;546
Xiamen;China;546
Nanchang;China;546
Fuzhou (Changle);China;546
Jinan (Licheng);China;546
Lianyungang;China;546
Ningbo;China;546
Nanjing;China;546
Hefei;China;546
Shanghai (Pudong);China;546
Qingdao (Jiaozhou);China;546
Quanzhou;China;546
Huai'an;China;546
Shanghai (Minhang);China;546
Huangshan;China;546
Wuxi;China;546
Wenzhou (Longwan);China;546
Yancheng (Tinghu);China;546
Yantai;China;546
Yiwu/Jinhua;China;546
Zhoushan;China;546
Chongqing;China;546
Guiyang (Nanming);China;546
Shannan (Gonggar);China;546
Xigazê (Samzhubzê);China;546
Chengdu (Jianyang);China;546
Chengdu (Shuangliu);China;546
Kashgar;China;546
Ürümqi;China;546
Changchun;China;546
Harbin;China;546
Qiqihar;China;546
Dalian (Ganjingzi);China;546
Shenyang;China;546
Yamoussoukro;Costa de Marfil;351
Niamtougou;Togo;351
Berenice Troglodytica;Egipto;351
Liepāja;Letonia;351
Sirt;Libia;351
Gautam Buddha Nagar;India;351
Istanbul(Bakırköy);Turquía;351
Dhahran;Arabia Saudita;351
Mosul;Irak;351
Okinawa;Japón;351
Pisco;Perú;351
Zaporizhia;Ucrania;351
Odesa;Ucrania;351
Phnom Penh (Pou Senchey);Camboya;351
Ho Chi Minh City (Long Thanh);Vietnam;351
Ulán Bator;Mongolia;351
Aleknagik;Estados Unidos;222
Friday Harbor;Estados Unidos;222
Eastsound;Estados Unidos;222
Codrington;Antigua y Barbuda;222
Munda;Islas Salomón;222
Yaren;Nauru;222
Bayanhot;China;222
Baimuru;Papúa Nueva Guinea;222
Buka Island;Papúa Nueva Guinea;222
Balimo;Papúa Nueva Guinea;222
Kundiawa;Papúa Nueva Guinea;222
Daru;Papúa Nueva Guinea;222
Goronka;Papúa Nueva Guinea;222
Gurney;Papúa Nueva Guinea;222
Popondetta;Papúa Nueva Guinea;222
Kimbe;Papúa Nueva Guinea;222
Kerema;Papúa Nueva Guinea;222
Kavieng;Papúa Nueva Guinea;222
Madang;Papúa Nueva Guinea;222
Mount Hagen;Papúa Nueva Guinea;222
Mendi;Papúa Nueva Guinea;222
Manus Island;Papúa Nueva Guinea;222
Kokopo;Papúa Nueva Guinea;222
Vanimo;Papúa Nueva Guinea;222
Wapenamanda;Papúa Nueva Guinea;222
Wewak;Papúa Nueva Guinea;222
Aasiaat;Groenlandia;222
Neerlerit Inaat;Groenlandia;222
Ilulissat;Groenlandia;222
Kulusuk;Groenlandia;222
Qaanaaq;Groenlandia;222
Kangerlussuaq;Groenlandia;222
Sisimiut;Groenlandia;222
Pituffik;Groenlandia;222
Egilsstaðir;Islandia;222
Grímsey/Sandvík;Islandia;222
Höfn;Islandia;222
Ísafjörður;Islandia;222
Vopnafjörður;Islandia;222
Vitória da Conquista;Brasil;222
Caye Caulker;Belice;222
Caye Chapel;Belice;222
Corozal;Belice;222
Dangriga;Belice;222
Punta Gorda;Estados Unidos;222
San Pedro;Belice;222
Anahim Lake;Canadá;222
Qualicum Beach;Canadá;222
Bella Bella;Canadá;222
Charlottetown;Canadá;222
Bazhong;China;222
Shaoguan;China;222
Ji'an;China;222
Xiuzhou, Hangzhou;China;222
Xigazê (Dingri);China;222
Tashikuergan;China;222
Bengbu;China;222
Fort Frances;Canadá;222
Sault Ste Marie;Canadá;222
Kasabonika;Canadá;222
St. Anthony;Canadá;222
Tofino;Canadá;222
Baie-Comeau;Canadá;222
Bella Coola;Canadá;222
Bonnyville;Canadá;222
Saguenay;Canadá;222
Baker Lake;Canadá;222
Campbell River;Canadá;222
Brandon;Canadá;222
Blanc-Sablon;Canadá;222
Cambridge Bay;Canadá;222
Nanaimo;Canadá;222
Castlegar;Canadá;222
Charlo;Canadá;222
Dawson City;Canadá;222
Deer Lake;Canadá;222
Dauphin;Canadá;222
Inuvik;Canadá;222
Iqaluit;Canadá;222
Fredericton;Canadá;222
Fort Simpson;Canadá;222
La Grande Rivière;Canadá;222
Gaspé;Canadá;222
Les Îles-de-la-Madeleine;Canadá;222
Havre-Saint-Pierre;Canadá;222
Kuujjuarapik;Canadá;222
Hay River;Canadá;222
St-Augustin;Canadá;222
Island Lake;Canadá;222
Stephenville;Canadá;222
Kamloops;Canadá;222
Breslau;Canadá;222
Schefferville;Canadá;222
Lloydminster;Canadá;222
Barrie;Canadá;222
Fort McMurray;Canadá;222
Moosonee;Canadá;222
Chibougamau;Canadá;222
Natashquan;Canadá;222
Gatineau;Canadá;222
Points North Landing;Canadá;222
High Level;Canadá;222
Prince Albert;Canadá;222
Peace River;Canadá;222
Pickle Lake;Canadá;222
Port-Menier;Canadá;222
Peterborough;Canadá;222
Prince Rupert;Canadá;222
Powell River;Canadá;222
Puvirnituq;Canadá;222
Fort Chipewyan;Canadá;222
Burns Lake;Canadá;222
Gravenhurst;Canadá;222
The Pas;Canadá;222
Windsor;Canadá;222
Watson Lake;Canadá;222
Kenora;Canadá;222
Lethbridge;Canadá;222
Moncton;Canadá;222
Nakina;Canadá;222
Comox;Canadá;222
Regina;Canadá;222
Thunder Bay;Canadá;222
Grande Prairie;Canadá;222
Gander;Canadá;222
Quesnel;Canadá;222
Resolute Bay;Canadá;222
Roberval;Canadá;222
Red Lake;Canadá;222
Rankin Inlet;Canadá;222
Sudbury;Canadá;222
Stony Rapids;Canadá;222
Saint John;Canadá;222
Saint-Léonard;Canadá;222
Fort Smith;Canadá;222
Niagara-on-the-Lake;Canadá;222
Thompson;Canadá;222
Timmins;Canadá;222
Sanirajak;Canadá;222
Rouyn-Noranda;Canadá;222
Bonaventure;Canadá;222
La Ronge;Canadá;222
Val-d'Or;Canadá;222
Kuujjuaq;Canadá;222
Norman Wells;Canadá;222
Wiarton;Canadá;222
Wabush;Canadá;222
Williams Lake;Canadá;222
Cranbrook;Canadá;222
Medicine Hat;Canadá;222
Fort Saint John;Canadá;222
Rimouski;Canadá;222
Sioux Lookout;Canadá;222
Prince George;Canadá;222
Terrace;Canadá;222
Abbotsford;Canadá;222
Whitehorse;Canadá;222
North Bay;Canadá;222
Smithers;Canadá;222
Fort Nelson;Canadá;222
Penticton;Canadá;222
Lynn Lake;Canadá;222
Churchill;Canadá;222
Goose Bay;Canadá;222
Mont-Joli;Canadá;222
Yellowknife;Canadá;222
Sandspit;Canadá;222
Coral Harbour;Canadá;222
Port Hardy;Canadá;222
Whitecourt;Canadá;222
Sept-Îles;Canadá;222
South Tetagouche;Canadá;222
Grand Forks;Estados Unidos;222
Masset;Canadá;222
Sandy Lake;Canadá;222
Illizi;Argelia;222
Sétif;Argelia;222
Tébessi;Argelia;222
Tindouf;Argelia;222
Béchar;Argelia;222
Bordj Badji Mokhtar;Argelia;222
Adrar;Argelia;222
El Menia;Argelia;222
El Atteuf;Argelia;222
Hassi Messaoud;Argelia;222
In Salah;Argelia;222
Touggourt;Argelia;222
Guemar;Argelia;222
Timimoun;Argelia;222
Ouargla;Argelia;222
In Aménas;Argelia;222
Sunyani;Ghana;222
Sekondi-Takoradi;Ghana;222
Bouaké;Costa de Marfil;222
;Costa de Marfil;222
Korhogo;Costa de Marfil;222
Katsina;Nigeria;222
Uyo;Nigeria;222
Akure;Nigeria;222
Benin;Nigeria;222
Calabar;Nigeria;222
Gombe;Nigeria;222
Ibadan;Nigeria;222
Owerri;Nigeria;222
Jos;Nigeria;222
Makurdi;Nigeria;222
Okpe;Nigeria;222
Yola;Nigeria;222
Zinder;Níger;222
Tabarka;Túnez;222
Monastir;Túnez;222
Enfidha;Túnez;222
Gafsa;Túnez;222
Gabès;Túnez;222
Sfax;Túnez;222
Tozeur;Túnez;222
Antwerp;Bélgica;222
Grâce-Hollogne;Bélgica;222
Zirchow;Alemania;222
Saarbrücken;Alemania;222
Mannheim;Alemania;222
Lübeck;Alemania;222
Sylt;Alemania;222
Kärdla;Estonia;222
Kuressaare;Estonia;222
Pärnu;Estonia;222
Tartu;Estonia;222
Enontekio;Finlandia;222
Joensuu;Finlandia;222
Jyväskylän Maalaiskunta;Finlandia;222
Kemi / Tornio;Finlandia;222
Kajaani;Finlandia;222
Kokkola / Kruunupyy;Finlandia;222
Kuusamo;Finlandia;222
Pori;Finlandia;222
Savonlinna;Finlandia;222
Derry, Derry and Strabane;Reino Unido;222
Campbeltown;Reino Unido;222
Eday;Reino Unido;222
Bournemouth;Reino Unido;222
Southampton;Reino Unido;222
Newquay;Reino Unido;222
Saint Anne;Guernesey;222
Saint Peter Port;Guernesey;222
St. Peter;Jersey;222
Southend-on-Sea, Essex;Reino Unido;222
Grimsby, Lincolnshire;Reino Unido;222
Darlington, Durham;Reino Unido;222
Kirkwall, Orkney Islands;Reino Unido;222
Lerwick, Shetland;Reino Unido;222
Wick;Reino Unido;222
Inverness;Reino Unido;222
Isle of Islay, Argyll and Bute;Reino Unido;222
Balivanich;Reino Unido;222
Dundee;Reino Unido;222
Stornoway, Western Isles;Reino Unido;222
Eoligarry;Reino Unido;222
Balemartine, Argyll and Bute;Reino Unido;222
Norwich, Norfolk;Reino Unido;222
Exeter, Devon;Reino Unido;222
Donegal;Irlanda;222
Farranfore;Irlanda;222
Esbjerg;Dinamarca;222
Karup;Dinamarca;222
Roskilde;Dinamarca;222
Rønne;Dinamarca;222
Sønderborg;Dinamarca;222
Andenes;Noruega;222
Alta;Noruega;222
Brønnøy;Noruega;222
Båtsfjord;Noruega;222
Berlevåg;Noruega;222
Målselv;Noruega;222
Florø;Noruega;222
Karmøy;Noruega;222
Hammerfest;Noruega;222
Honningsvåg;Noruega;222
Kvernberget;Noruega;222
Kirkenes;Noruega;222
Leknes;Noruega;222
Mehamn;Noruega;222
Årø;Noruega;222
Mosjøen;Noruega;222
Lakselv;Noruega;222
Ørland;Noruega;222
Ørsta;Noruega;222
Mo i Rana;Noruega;222
Rørvik;Noruega;222
Røros;Noruega;222
Longyearbyen;Noruega;222
Svolvær;Noruega;222
Hadsel;Noruega;222
Leirvik;Noruega;222
Sørkjosen;Noruega;222
Vardø;Noruega;222
Alstahaug;Noruega;222
Vadsø;Noruega;222
Bydgoszcz;Polonia;222
Radom;Polonia;222
Szymany;Polonia;222
Nowe Kramsko;Polonia;222
Ronneby;Suecia;222
Jönköping;Suecia;222
Trollhättan;Suecia;222
Mora;Suecia;222
Kalmar;Suecia;222
Halmstad;Suecia;222
Växjö;Suecia;222
Gällivare;Suecia;222
Nyland;Suecia;222
Lycksele;Suecia;222
Sundsvall/ Härnösand;Suecia;222
Örnsköldsvik;Suecia;222
Skellefteå;Suecia;222
Vilhelmina;Suecia;222
Arvidsjaur;Suecia;222
Östersund;Suecia;222
Örebro;Suecia;222
Karlstad;Suecia;222
Borlange;Suecia;222
Norrköping;Suecia;222
Torsby;Suecia;222
Ängelholm;Suecia;222
Wurster Nordseeküste;Alemania;222
Laage;Alemania;222
Hoedspruit;Sudáfrica;222
Margate;Sudáfrica;222
Mafeking;Sudáfrica;222
Mkuze;Sudáfrica;222
Phalaborwa;Sudáfrica;222
Pietermaritzburg;Sudáfrica;222
Richards Bay;Sudáfrica;222
Sishen;Sudáfrica;222
Skukuza;Sudáfrica;222
Upington;Sudáfrica;222
Mthatha;Sudáfrica;222
Mengomeyén;Guinea Ecuatorial;222
Cat Hill;Santa Elena;222
Jamestown;Santa Elena;222
Port Mathurin;Mauricio;222
Maroua;Camerún;222
N'Gaoundéré;Camerún;222
Ouani;Comoras;222
Vohilava;Madagascar;222
Morondava;Madagascar;222
Antisiranana;Madagascar;222
Besalampy;Madagascar;222
Maroantsetra;Madagascar;222
Sambava;Madagascar;222
Tôlanaro;Madagascar;222
Mananjary;Madagascar;222
Toliara;Madagascar;222
Mbanza Congo;Angola;222
Cabinda;Angola;222
Catumbela;Angola;222
Chitato;Angola;222
Ngiva;Angola;222
Huambo;Angola;222
Malanje;Angola;222
Menongue;Angola;222
Moçâmedes;Angola;222
Negage;Angola;222
Soyo;Angola;222
Lubango;Angola;222
Oyem;Gabón;222
Makokou;Gabón;222
São Tomé & Príncipe;Santo Tomé y Príncipe;222
Chimoio;Mozambique;222
Inhambane;Mozambique;222
Lichinga;Mozambique;222
Nacala;Mozambique;222
Pemba;Mozambique;222
Quelimane;Mozambique;222
Vilanculo;Mozambique;222
Praslin Island;Seychelles;222
Abeche;Chad;222
Kariba;Zimbabue;222
Mpacha;Namibia;222
Luderitz;Namibia;222
Ondangwa;Namibia;222
Oranjemund;Namibia;222
Rundu;Namibia;222
Bandundu;República Democrática del Congo;222
Kikwit;República Democrática del Congo;222
Mbandaka;República Democrática del Congo;222
Gbadolite;República Democrática del Congo;222
Gemena;República Democrática del Congo;222
Isiro;República Democrática del Congo;222
Bunia;República Democrática del Congo;222
Kindu;República Democrática del Congo;222
Kolwezi;República Democrática del Congo;222
Kalemie;República Democrática del Congo;222
Kananga;República Democrática del Congo;222
Mbuji Mayi;República Democrática del Congo;222
Gao;Malí;222
Kayes;Malí;222
Sévaré;Malí;222
El Hierro Island;España;222
Sta Cruz de la Palma, La Palma Island;España;222
Melilla;España;222
Qaqortoq;Groenlandia;222
Greenville;Estados Unidos;222
Tan Tan;Marruecos;222
Errachidia;Marruecos;222
Smara;Sahara Occidental;222
Essaouira;Marruecos;222
Ziguinchor;Senegal;222
Cap Skirring;Senegal;222
Zouérate;Mauritania;222
Vila do Maio;Cabo Verde;222
Preguiça;Cabo Verde;222
Arba Minch;Etiopía;222
Axum;Etiopía;222
Bahir Dar;Etiopía;222
Gambela;Etiopía;222
Azezo;Etiopía;222
Gode;Etiopía;222
Jinka;Etiopía;222
Jimma;Etiopía;222
Kebri Dahar;Etiopía;222
Mekele;Etiopía;222
Asosa;Etiopía;222
Gitega;Burundi;222
Berbera;Somalia;222
Abu Simbel;Egipto;222
New Cairo;Egipto;222
Taba;Egipto;222
Asmara;Eritrea;222
Ol Tukai;Kenia;222
Lamu;Kenia;222
Malindi;Kenia;222
Serena;Kenia;222
Gathiuru;Kenia;222
Wajir;Kenia;222
Ghat;Libia;222
Kufra;Libia;222
Sabha;Libia;222
Ghadames;Libia;222
Kamembe;Ruanda;222
Dongola;Sudán;222
El Fasher;Sudán;222
Kassala;Sudán;222
Nyala;Sudán;222
El-Obeid;Sudán;222
Malakal;Sudán del Sur;222
Wau;Sudán del Sur;222
Dodoma;Tanzania;222
Mbeya;Tanzania;222
Mtwara;Tanzania;222
Tanga;Tanzania;222
Arua;Uganda;222
Gulu;Uganda;222
Soroti;Uganda;222
Kediri;Indonesia;222
Bilogai;Indonesia;222
Faizabad;India;222
Chipi;India;222
Hollongi;India;222
Ambikapur;India;222
Boulder City;Estados Unidos;222
Allentown/Bethlehem;Estados Unidos;222
Abilene;Estados Unidos;222
Nantucket;Estados Unidos;222
Waco;Estados Unidos;222
Arcata/Eureka;Estados Unidos;222
Atlantic City;Estados Unidos;222
Fort Worth;Estados Unidos;222
Augusta;Estados Unidos;222
Alliance;Estados Unidos;222
Akron;Estados Unidos;222
Waterloo;Estados Unidos;222
Alamosa;Estados Unidos;222
Walla Walla;Estados Unidos;222
Amarillo;Estados Unidos;222
Altoona;Estados Unidos;222
Alpena;Estados Unidos;222
Watertown;Estados Unidos;222
Aspen;Estados Unidos;222
Appleton;Estados Unidos;222
Asheville;Estados Unidos;222
Wilkes-Barre/Scranton;Estados Unidos;222
Kalamazoo;Estados Unidos;222
Branson;Estados Unidos;222
Bridgeport;Estados Unidos;222
Bedford;Estados Unidos;222
Bradford;Estados Unidos;222
Scottsbluff;Estados Unidos;222
Bakersfield;Estados Unidos;222
Mobile;Estados Unidos;222
Binghamton;Estados Unidos;222
Bangor;Estados Unidos;222
Bar Harbor;Estados Unidos;222
Bishop;Estados Unidos;222
Billings;Estados Unidos;222
Bismarck;Estados Unidos;222
Beaver;Estados Unidos;222
Bellingham;Estados Unidos;222
Belleville;Estados Unidos;222
Bloomington/Normal;Estados Unidos;222
Beaumont/Port Arthur;Estados Unidos;222
Brunswick;Estados Unidos;222
Brainerd;Estados Unidos;222
Burlington;Estados Unidos;222
Brownsville;Estados Unidos;222
Butte;Estados Unidos;222
Baton Rouge;Estados Unidos;222
Bozeman;Estados Unidos;222
Columbia;Estados Unidos;222
Concord;Estados Unidos;222
Cedar City;Estados Unidos;222
Chadron;Estados Unidos;222
Crescent City;Estados Unidos;222
Cortez;Estados Unidos;222
Cape Girardeau;Estados Unidos;222
Chattanooga;Estados Unidos;222
Charlottesville;Estados Unidos;222
Cedar Rapids;Estados Unidos;222
Kincheloe;Estados Unidos;222
College Station;Estados Unidos;222
Savoy;Estados Unidos;222
Hancock;Estados Unidos;222
Carlsbad;Estados Unidos;222
Moab;Estados Unidos;222
Cody;Estados Unidos;222
Casper;Estados Unidos;222
Corpus Christi;Estados Unidos;222
Clovis;Estados Unidos;222
Mosinee;Estados Unidos;222
Cheyenne;Estados Unidos;222
Daytona Beach;Estados Unidos;222
Dayton;Estados Unidos;222
Dubuque;Estados Unidos;222
Dodge City;Estados Unidos;222
Decatur;Estados Unidos;222
Dothan;Estados Unidos;222
Dickinson;Estados Unidos;222
Duluth;Estados Unidos;222
Dover;Estados Unidos;222
Durango;Estados Unidos;222
Destin;Estados Unidos;222
Dubois;Estados Unidos;222
Devils Lake;Estados Unidos;222
Kearney;Estados Unidos;222
Wenatchee;Estados Unidos;222
Eau Claire;Estados Unidos;222
Panama City Beach;Estados Unidos;222
Eagle;Estados Unidos;222
Elko;Estados Unidos;222
El Dorado;Estados Unidos;222
Elmira/Corning;Estados Unidos;222
Erie;Estados Unidos;222
Escanaba;Estados Unidos;222
Eugene;Estados Unidos;222
Evansville;Estados Unidos;222
New Bedford;Estados Unidos;222
New Bern;Estados Unidos;222
Key West;Estados Unidos;222
Fargo;Estados Unidos;222
Fayetteville;Estados Unidos;222
Flagstaff;Estados Unidos;222
Flint;Estados Unidos;222
Fort Dodge;Estados Unidos;222
Sioux Falls;Estados Unidos;222
Fort Wayne;Estados Unidos;222
Gillette;Estados Unidos;222
Garden City;Estados Unidos;222
Grand Canyon - Tusayan;Estados Unidos;222
Glendive;Estados Unidos;222
Longview;Estados Unidos;222
Grand Junction;Estados Unidos;222
Gainesville;Estados Unidos;222
Kalispell;Estados Unidos;222
Gulfport;Estados Unidos;222
Green Bay;Estados Unidos;222
Grand Island;Estados Unidos;222
Fort Cavazos;Estados Unidos;222
Greenville/Greer/Spartanburg;Estados Unidos;222
Great Falls;Estados Unidos;222
Columbus/W Point/Starkville;Estados Unidos;222
Gunnison;Estados Unidos;222
Gallup;Estados Unidos;222
Gary;Estados Unidos;222
Hayden;Estados Unidos;222
Hagerstown;Estados Unidos;222
Hawthorne;Estados Unidos;222
Hibbing;Estados Unidos;222
Ogden;Estados Unidos;222
Lake Havasu City;Estados Unidos;222
Helena;Estados Unidos;222
Hobbs;Estados Unidos;222
Hot Springs;Estados Unidos;222
White Plains;Estados Unidos;222
Harlingen;Estados Unidos;222
Harrison;Estados Unidos;222
Huntsville;Estados Unidos;222
Huntington;Estados Unidos;222
New Haven;Estados Unidos;222
Havre;Estados Unidos;222
Hilton Head Island;Estados Unidos;222
Hyannis;Estados Unidos;222
Hays;Estados Unidos;222
Wichita;Estados Unidos;222
Niagara Falls;Estados Unidos;222
Idaho Falls;Estados Unidos;222
Wilmington;Estados Unidos;222
Kingsford;Estados Unidos;222
International Falls;Estados Unidos;222
Imperial;Estados Unidos;222
Williamsport;Estados Unidos;222
Kirksville;Estados Unidos;222
Islip;Estados Unidos;222
Ithaca;Estados Unidos;222
Mesa;Estados Unidos;222
Jackson;Estados Unidos;222
Jonesboro;Estados Unidos;222
Joplin;Estados Unidos;222
Johnstown;Estados Unidos;222
West Lafayette;Estados Unidos;222
Lakeland;Estados Unidos;222
Lansing;Estados Unidos;222
Laramie;Estados Unidos;222
Lawton;Estados Unidos;222
Lubbock;Estados Unidos;222
Latrobe;Estados Unidos;222
North Platte;Estados Unidos;222
Liberal;Estados Unidos;222
Lake Charles;Estados Unidos;222
Lebanon;Estados Unidos;222
Lexington;Estados Unidos;222
Lafayette;Estados Unidos;222
Little Rock;Estados Unidos;222
Lincoln;Estados Unidos;222
Lancaster;Estados Unidos;222
Laredo;Estados Unidos;222
Las Cruces;Estados Unidos;222
La Crosse;Estados Unidos;222
Cincinnati;Estados Unidos;222
Lewisburg;Estados Unidos;222
Lewiston;Estados Unidos;222
Lynchburg;Estados Unidos;222
Midland;Estados Unidos;222
Freeland;Estados Unidos;222
Merced;Estados Unidos;222
McCook;Estados Unidos;222
Macon;Estados Unidos;222
Mason City;Estados Unidos;222
Harrisburg;Estados Unidos;222
Meridian;Estados Unidos;222
McAllen;Estados Unidos;222
Medford;Estados Unidos;222
Michigan City;Estados Unidos;222
Montgomery;Estados Unidos;222
Morgantown;Estados Unidos;222
Manhattan;Estados Unidos;222
Minot;Estados Unidos;222
Muskegon;Estados Unidos;222
Moline;Estados Unidos;222
Monroe;Estados Unidos;222
Mammoth Lakes;Estados Unidos;222
Monterey;Estados Unidos;222
Muscle Shoals;Estados Unidos;222
Madison;Estados Unidos;222
Missoula;Estados Unidos;222
Massena;Estados Unidos;222
Montrose;Estados Unidos;222
Marion;Estados Unidos;222
Mineral Wells;Estados Unidos;222
McCall;Estados Unidos;222
Yuma;Estados Unidos;222
Richlands;Estados Unidos;222
Ogdensburg;Estados Unidos;222
Wolf Point;Estados Unidos;222
Olympia;Estados Unidos;222
Newport;Estados Unidos;222
Worcester;Estados Unidos;222
North Bend;Estados Unidos;222
Owensboro;Estados Unidos;222
Ocean City;Estados Unidos;222
Everett;Estados Unidos;222
Paducah;Estados Unidos;222
Plattsburgh;Estados Unidos;222
Pendleton;Estados Unidos;222
Page;Estados Unidos;222
Newport News;Estados Unidos;222
Peoria;Estados Unidos;222
Moselle;Estados Unidos;222
Pocatello;Estados Unidos;222
Pierre;Estados Unidos;222
Parkersburg (Williamstown);Estados Unidos;222
Pellston;Estados Unidos;222
Presque Isle;Estados Unidos;222
Prescott;Estados Unidos;222
Pasco;Estados Unidos;222
Portsmouth;Estados Unidos;222
Pueblo;Estados Unidos;222
Pullman;Estados Unidos;222
Provo;Estados Unidos;222
Rapid City;Estados Unidos;222
Redding;Estados Unidos;222
Redmond;Estados Unidos;222
Chicago/Rockford;Estados Unidos;222
Rhinelander;Estados Unidos;222
Riverton;Estados Unidos;222
Rockland;Estados Unidos;222
Rock Springs;Estados Unidos;222
Roanoke;Estados Unidos;222
Roswell;Estados Unidos;222
Rutland;Estados Unidos;222
Santa Fe;Estados Unidos;222
Gwinn;Estados Unidos;222
Santa Barbara;Estados Unidos;222
South Bend;Estados Unidos;222
San Luis Obispo;Estados Unidos;222
Salisbury;Estados Unidos;222
Stockton;Estados Unidos;222
Sidney;Estados Unidos;222
Springfield;Estados Unidos;222
St Augustine;Estados Unidos;222
St George;Estados Unidos;222
Weyers Cave;Estados Unidos;222
Sheridan;Estados Unidos;222
Shreveport;Estados Unidos;222
San Angelo;Estados Unidos;222
Taos;Estados Unidos;222
Salem;Estados Unidos;222
Saranac Lake;Estados Unidos;222
Salina;Estados Unidos;222
Salmon;Estados Unidos;222
Santa Maria;Estados Unidos;222
Show Low;Estados Unidos;222
Wichita Falls;Estados Unidos;222
San Carlos;Estados Unidos;222
Saint Cloud;Estados Unidos;222
Santa Rosa;Estados Unidos;222
Hailey;Estados Unidos;222
Sioux City;Estados Unidos;222
Silver City;Estados Unidos;222
Newburgh;Estados Unidos;222
Stillwater;Estados Unidos;222
Fort Leonard Wood;Estados Unidos;222
Tacoma;Estados Unidos;222
Teterboro;Estados Unidos;222
Telluride;Estados Unidos;222
Tallahassee;Estados Unidos;222
Toledo;Estados Unidos;222
Blountville;Estados Unidos;222
Truckee;Estados Unidos;222
Ewing Township;Estados Unidos;222
Tupelo;Estados Unidos;222
Traverse City;Estados Unidos;222
Thief River Falls;Estados Unidos;222
Twin Falls;Estados Unidos;222
Texarkana;Estados Unidos;222
Tyler;Estados Unidos;222
Quincy;Estados Unidos;222
State College;Estados Unidos;222
Valdosta;Estados Unidos;222
Vernal;Estados Unidos;222
Valparaiso;Estados Unidos;222
Vero Beach;Estados Unidos;222
Westerly;Estados Unidos;222
West Yellowstone;Estados Unidos;222
Fayetteville/Springdale/Rogers;Estados Unidos;222
Williston;Estados Unidos;222
Yakima;Estados Unidos;222
Ton Phueng;Laos;222
Lefkoniko (Geçitkale);Chipre;222
Osijek(Klisa);Croacia;222
Gornji Humac;Croacia;222
Almería;España;222
Badajoz;España;222
Castellón de la Plana;España;222
Culleredo;España;222
Lleida;España;222
Granada;España;222
Jerez de la Frontera;España;222
La Virgen del Camino;España;222
Pamplona;España;222
Salamanca;España;222
Hondarribia;España;222
La Seu d'Urgell Pyrenees and Andorra;España;222
Valladolid;España;222
Alava;España;222
Vigo;España;222
Santander;España;222
Bergerac;Francia;222
La Rochelle;Francia;222
Poitiers/Biard;Francia;222
Limoges/Bellegarde;Francia;222
Pau/Pyrénées (Uzein);Francia;222
Tarbes/Lourdes/Pyrénées;Francia;222
Biarritz;Francia;222
Castres;Francia;222
Rodez/Marcillac;Francia;222
Dole;Francia;222
Goin;Francia;222
Calvi;Francia;222
Ajaccio;Francia;222
Chambéry;Francia;222
Annecy;Francia;222
Grenoble;Francia;222
Aurillac;Francia;222
Carcassonne;Francia;222
Perpignan/Rivesaltes;Francia;222
Béziers;Francia;222
Avignon;Francia;222
Chalons en Champagne;Francia;222
Tours, Indre-et-Loire;Francia;222
Dinard;Francia;222
Deauville;Francia;222
Lorient/Lann/Bihoué;Francia;222
Caen;Francia;222
Le Mans, Sarthe;Francia;222
Saint-Jacques-de-la-Lande, Ille-et-Vilaine;Francia;222
Saint-Nazaire/Montoir;Francia;222
Dijon;Francia;222
Brive;Francia;222
Hyères, Var;Francia;222
Nîmes/Garons;Francia;222
Alexandroupolis;Grecia;222
Nea Anchialos;Grecia;222
Chios Island;Grecia;222
Ioannina;Grecia;222
Kefallinia Island;Grecia;222
Kalamata;Grecia;222
Karpathos Island;Grecia;222
Kozani;Grecia;222
Mykonos;Grecia;222
Mytilene;Grecia;222
Preveza;Grecia;222
Patras;Grecia;222
Skiathos;Grecia;222
Samos Island;Grecia;222
Crete Island;Grecia;222
Zakynthos;Grecia;222
Sármellék;Hungría;222
Isola di Capo Rizzuto (KR);Italia;222
Foggia (FG);Italia;222
Comiso;Italia;222
Lampedusa;Italia;222
Pantelleria (TP);Italia;222
Reggio Calabria;Italia;222
Trapani (TP);Italia;222
Alghero;Italia;222
Parma (PR);Italia;222
Levaldigi (CN);Italia;222
Bolzano (BZ);Italia;222
Forlì (FC);Italia;222
Montichiari (BS);Italia;222
Falconara Marittima (AN);Italia;222
Salerno;Italia;222
Campo nell'Elba (LI);Italia;222
Maribor;Eslovenia;222
Brno;República Checa;222
Haifa;Israel;222
Vila do Porto;Portugal;222
Bragança;Portugal;222
Cascais;Portugal;222
Santa Cruz das Flores;Portugal;222
Santa Cruz da Graciosa;Portugal;222
Horta;Portugal;222
Praia da Vitória;Portugal;222
Pico Island;Portugal;222
Portimão;Portugal;222
Vila Baleira;Portugal;222
Velas;Portugal;222
Vila Real;Portugal;222
Viseu;Portugal;222
Arad;Rumanía;222
Tăuții-Măgherăuș;Rumanía;222
Satu Mare;Rumanía;222
Recea;Rumanía;222
Agno;Suiza;222
Bern;Suiza;222
St. Gallen;Suiza;222
Zonguldak;Turquía;222
Malatya;Turquía;222
Tokat;Turquía;222
Denizli;Turquía;222
Balıkesir;Turquía;222
Çanakkale;Turquía;222
Yenişehir;Turquía;222
Çorlu;Turquía;222
Elazığ;Turquía;222
Ordu;Turquía;222
Diyarbakır;Turquía;222
Erzincan;Turquía;222
Erzurum;Turquía;222
Kars;Turquía;222
Trabzon;Turquía;222
Van;Turquía;222
Batman;Turquía;222
Muş;Turquía;222
Sinop;Turquía;222
Kahramanmaraş;Turquía;222
Ağrı;Turquía;222
Adıyaman;Turquía;222
Mardin;Turquía;222
Iğdır;Turquía;222
Şırnak;Turquía;222
Hakkari;Turquía;222
Antakya;Turquía;222
Isparta;Turquía;222
Gazipaşa;Turquía;222
Samsun;Turquía;222
Kraljevo;Serbia;222
Tivat;Montenegro;222
Nanchong (Langzhong);China;222
Košice;Eslovaquia;222
Sliač;Eslovaquia;222
Poprad;Eslovaquia;222
Cockburn Town;Islas Turcas y Caicos;222
North Caicos;Islas Turcas y Caicos;222
South Caicos;Islas Turcas y Caicos;222
Barahona;República Dominicana;222
Samana;República Dominicana;222
La Isabela;República Dominicana;222
Puerto Plata;República Dominicana;222
Puerto Barrios;Guatemala;222
Retalhuleu;Guatemala;222
San Benito;Guatemala;222
La Ceiba;Honduras;222
Guanaja;Honduras;222
Tegucigalpa;Honduras;222
Boscobel;Jamaica;222
Tinson Pen;Jamaica;222
Ciudad del Carmen;México;222
Chetumal;México;222
Ciudad Obregón;México;222
Campeche;México;222
Ciudad Victoria;México;222
Tepic;México;222
Guaymas;México;222
Colima;México;222
Saltillo;México;222
Ixtepec;México;222
Los Mochis;México;222
La Paz;México;222
Matamoros;México;222
Mexicali;México;222
Cosoleacaque;México;222
Nuevo Laredo;México;222
Poza Rica;México;222
Piedras Negras;México;222
Uruapan;México;222
Puerto Escondido;México;222
Reynosa;México;222
Cabo San Lucas;México;222
San Luis Potosí;México;222
Torreón;México;222
Tuxtla Gutiérrez;México;222
Ciudad Madero;México;222
Tapachula;México;222
Zacatecas;México;222
Manzanillo;México;222
Bluefields;Nicaragua;222
Puerto Cabezas;Nicaragua;222
Isla Colón;Panamá;222
Chitré;Panamá;222
Changuinola;Panamá;222
David;Panamá;222
Colón;Panamá;222
Albrook;Panamá;222
La Fortuna;Costa Rica;222
Golfito;Costa Rica;222
Limón;Costa Rica;222
Nicoya;Costa Rica;222
Puerto Jimenez;Costa Rica;222
Quepos;Costa Rica;222
Les Cayes;Haití;222
Carrefour Sanon;Haití;222
Baracoa;Cuba;222
Bayamo;Cuba;222
Cayo Coco;Cuba;222
Cienfuegos;Cuba;222
Cayo Largo del Sur;Cuba;222
Santa Marta;Colombia;222
Nueva Gerona;Cuba;222
Trinidad;Cuba;222
Las Tunas;Cuba;222
West End;Islas Caimán;222
Andros Town;Bahamas;222
Andros;Bahamas;222
Marsh Harbour;Bahamas;222
Andros Island;Bahamas;222
Spring Point;Bahamas;222
Treasure Cay;Bahamas;222
Chub Cay;Bahamas;222
South Bimini;Bahamas;222
Arthur's Town;Bahamas;222
Cat Island;Bahamas;222
Colonel Hill;Bahamas;222
Moss Town;Bahamas;222
North Eleuthera;Bahamas;222
Governor's Harbour;Bahamas;222
Rock Sound;Bahamas;222
Matthew Town;Bahamas;222
Deadman's Cay;Bahamas;222
Stella Maris;Bahamas;222
Abraham Bay Settlement;Bahamas;222
Placencia;Belice;222
Labasa;Fiyi;222
Lifuka;Tonga;222
Funafuti;Tuvalu;222
Alofi;Niue;222
Ninglang;China;222
Anaa;Polinesia Francesa;222
Fangatau;Polinesia Francesa;222
Tuherahera;Polinesia Francesa;222
Raitahiti;Polinesia Francesa;222
Makemo;Polinesia Francesa;222
Ahe Atoll;Polinesia Francesa;222
Nuku Hiva;Polinesia Francesa;222
Hiva Oa Island;Polinesia Francesa;222
Motu Mute;Polinesia Francesa;222
Fare;Polinesia Francesa;222
Moorea-Maiao;Polinesia Francesa;222
Otepa;Polinesia Francesa;222
Uturoa;Polinesia Francesa;222
Luganville;Vanuatu;222
Tanna Island;Vanuatu;222
Tiga;Nueva Caledonia;222
Koné;Nueva Caledonia;222
Île des Pins;Nueva Caledonia;222
Lifou;Nueva Caledonia;222
Nouméa;Nueva Caledonia;222
Maré;Nueva Caledonia;222
Touho;Nueva Caledonia;222
Ouvéa;Nueva Caledonia;222
Taupo;Nueva Zelanda;222
Te One;Nueva Zelanda;222
Dunedin;Nueva Zelanda;222
Gisborne;Nueva Zelanda;222
Kerikeri;Nueva Zelanda;222
Awanui;Nueva Zelanda;222
New Plymouth;Nueva Zelanda;222
Napier;Nueva Zelanda;222
Nelson;Nueva Zelanda;222
Invercargill;Nueva Zelanda;222
Palmerston North;Nueva Zelanda;222
Rotorua;Nueva Zelanda;222
Tauranga;Nueva Zelanda;222
Blenheim;Nueva Zelanda;222
Wanaka;Nueva Zelanda;222
Whakatāne;Nueva Zelanda;222
Whangarei;Nueva Zelanda;222
Westport;Nueva Zelanda;222
Wanganui;Nueva Zelanda;222
Khost;Afganistán;222
Maymana;Afganistán;222
Al-Baha;Arabia Saudita;222
Bisha;Arabia Saudita;222
Dawadmi;Arabia Saudita;222
Jizan;Arabia Saudita;222
Gurayat;Arabia Saudita;222
King Khaled Military City;Arabia Saudita;222
Najran;Arabia Saudita;222
Rafha;Arabia Saudita;222
Arar;Arabia Saudita;222
Sharurah;Arabia Saudita;222
Turaif;Arabia Saudita;222
Wadi Al Dawasir;Arabia Saudita;222
Al Wajh;Arabia Saudita;222
Dezful;Irán;222
Gachsaran;Irán;222
Mahshahr;Irán;222
Abu Musa;Irán;222
Bushehr;Irán;222
Bandar Lengeh;Irán;222
Khiyaroo;Irán;222
Khark;Irán;222
Kermanshah;Irán;222
Kashan;Irán;222
Rasht;Irán;222
Hamadan;Irán;222
Bam;Irán;222
Rafsanjan;Irán;222
Bojnord;Irán;222
Sabzevar;Irán;222
Nowshahr;Irán;222
Ramsar;Irán;222
Sari;Irán;222
Lar;Irán;222
Lamerd;Irán;222
Ardabil;Irán;222
Urmia;Irán;222
Yazd;Irán;222
Konarak;Irán;222
Khasab;Omán;222
Bahawalpur;Pakistán;222
Chitral;Pakistán;222
Dera Ghazi Khan;Pakistán;222
Gilgit;Pakistán;222
Nawabashah;Pakistán;222
Rahim Yar Khan;Pakistán;222
Sukkur;Pakistán;222
Fort Sandeman;Pakistán;222
Sulaymaniyah;Irak;222
Qamishli;Siria;222
Latakia;Siria;222
Al Ghaydah;Yemen;222
Mori;Yemen;222
Taiz;Yemen;222
Barter Island;Estados Unidos;222
Bethel;Estados Unidos;222
Utqiaġvik;Estados Unidos;222
Cold Bay;Estados Unidos;222
Cordova;Estados Unidos;222
Deering;Estados Unidos;222
Adak;Estados Unidos;222
Dillingham;Estados Unidos;222
Kodiak;Estados Unidos;222
Unalaska;Estados Unidos;222
Fairbanks;Estados Unidos;222
Emmonak;Estados Unidos;222
Kenai;Estados Unidos;222
Ambler;Estados Unidos;222
Galena;Estados Unidos;222
Gulkana;Estados Unidos;222
Gambell;Estados Unidos;222
Gustavus;Estados Unidos;222
Holy Cross;Estados Unidos;222
Huslia;Estados Unidos;222
Haines;Estados Unidos;222
Homer;Estados Unidos;222
Egegik;Estados Unidos;222
Kiana;Estados Unidos;222
Iliamna;Estados Unidos;222
Utopia Creek;Estados Unidos;222
Juneau;Estados Unidos;222
King Salmon;Estados Unidos;222
Anaktuvuk Pass;Estados Unidos;222
Ketchikan;Estados Unidos;222
Klawock;Estados Unidos;222
Cape Lisburne;Estados Unidos;222
McGrath;Estados Unidos;222
Mekoryuk;Estados Unidos;222
Aniak;Estados Unidos;222
Anvik;Estados Unidos;222
Nome;Estados Unidos;222
Northway;Estados Unidos;222
Kotzebue;Estados Unidos;222
Petersburg;Estados Unidos;222
Port Heiden;Estados Unidos;222
Platinum;Estados Unidos;222
Nuiqsut;Estados Unidos;222
Arctic Village;Estados Unidos;222
Ruby;Estados Unidos;222
Savoonga;Estados Unidos;222
Deadhorse;Estados Unidos;222
Sand Point;Estados Unidos;222
Sitka;Estados Unidos;222
St Paul Island;Estados Unidos;222
Atqasuk;Estados Unidos;222
Unalakleet;Estados Unidos;222
Valdez;Estados Unidos;222
Wrangell;Estados Unidos;222
Wainwright;Estados Unidos;222
Yakutat;Estados Unidos;222
Fort Yukon;Estados Unidos;222
I Fadang, Saipan;Islas Marianas del Norte;222
Tinian Island;Islas Marianas del Norte;222
Hana;Estados Unidos;222
Lahaina;Estados Unidos;222
Kaunakakai;Estados Unidos;222
Waimea (Kamuela);Estados Unidos;222
Lanai City;Estados Unidos;222
Hilo;Estados Unidos;222
Kwajalein;Islas Marshall;222
Point Lay;Estados Unidos;222
Pohnpei Island;Micronesia;222
Wake Island;Islas Ultramarinas de EE.UU.;222
Shang-I;Taiwán;222
Matsu (Nangan);Taiwán;222
Taitung City;Taiwán;222
Shuishang;Taiwán;222
Orchid Island;Taiwán;222
Matsu (Beigan);Taiwán;222
Matsumoto;Japón;222
Shirahama;Japón;222
Toyooka;Japón;222
Obihiro;Japón;222
Kushiro;Japón;222
Ōzora;Japón;222
Nakashibetsu;Japón;222
Wakkanai;Japón;222
Amakusa;Japón;222
Iki;Japón;222
Ube;Japón;222
Tsushima;Japón;222
Monbetsu;Japón;222
Higashikagura;Japón;222
Okushiri Island;Japón;222
Rishiri;Japón;222
Yakushima;Japón;222
Goto;Japón;222
Tanegashima;Japón;222
Oita;Japón;222
Amami;Japón;222
Wadomari;Japón;222
Kikai;Japón;222
Amagi;Japón;222
Okinoshima;Japón;222
Toyama;Japón;222
Wajima;Japón;222
Izumo;Japón;222
Yonago;Japón;222
Iwakuni;Japón;222
Tottori;Japón;222
Masuda;Japón;222
Higashine;Japón;222
Sado;Japón;222
Sukagawa;Japón;222
Hanamaki;Japón;222
Akita;Japón;222
Misawa;Japón;222
Kitaakita;Japón;222
Shonai;Japón;222
Hachijojima;Japón;222
Izu Oshima;Japón;222
Miyakejima;Japón;222
Gwangju;Corea del Sur;222
Gunsan;Corea del Sur;222
Yeosu;Corea del Sur;222
Wonju;Corea del Sur;222
Sacheon;Corea del Sur;222
Ulsan;Corea del Sur;222
Pohang;Corea del Sur;222
Ishigaki;Japón;222
Kumejima;Japón;222
Minamidaito;Japón;222
Miyakojima;Japón;222
Kitadaitōjima;Japón;222
Tarama;Japón;222
Yoron;Japón;222
Yonaguni;Japón;222
Datu Odin Sinsuat;Filipinas;222
Butuan;Filipinas;222
Dipolog;Filipinas;222
Mambajao;Filipinas;222
Jolo;Filipinas;222
Bongao;Filipinas;222
Ozamiz;Filipinas;222
Pagadian;Filipinas;222
Surigao City;Filipinas;222
Panglao;Filipinas;222
Baguio;Filipinas;222
Naga;Filipinas;222
Basco;Filipinas;222
Tuguegarao City;Filipinas;222
Virac;Filipinas;222
Cauayan City;Filipinas;222
Tacloban City;Filipinas;222
Calbayog City;Filipinas;222
Dumaguete City;Filipinas;222
Caticlan;Filipinas;222
Catarman;Filipinas;222
Masbate;Filipinas;222
Roxas City;Filipinas;222
Tablas Island;Filipinas;222
Coron;Filipinas;222
Yeysk;Rusia;222
Parana;Argentina;222
San Rafael;Argentina;222
Catamarca;Argentina;222
Santiago del Estero;Argentina;222
La Rioja;Argentina;222
Termas de Río Hondo;Argentina;222
San Luis;Argentina;222
Corrientes;Argentina;222
Formosa;Argentina;222
Puerto Iguazu;Argentina;222
Posadas;Argentina;222
Esquel;Argentina;222
Las Heras;Argentina;222
Rawson;Argentina;222
Viedma / Carmen de Patagones;Argentina;222
Puerto Madryn;Argentina;222
Puerto Deseado;Argentina;222
Rio Grande;Argentina;222
Ushuaia;Argentina;222
Perito Moreno;Argentina;222
Bahía Blanca;Argentina;222
Santa Teresita;Argentina;222
Mar del Plata;Argentina;222
Necochea;Argentina;222
Chapelco/San Martin de los Andes;Argentina;222
Bauru;Brasil;222
Araraquara;Brasil;222
Aracaju;Brasil;222
Alta Floresta;Brasil;222
Araçatuba;Brasil;222
Araxá;Brasil;222
Cascavel;Brasil;222
Campo Grande;Brasil;222
Chapecó;Brasil;222
Parauapebas;Brasil;222
Criciúma;Brasil;222
Campos dos Goytacazes;Brasil;222
Corumbá;Brasil;222
Caxias Do Sul;Brasil;222
Cruzeiro Do Sul;Brasil;222
Presidente Prudente;Brasil;222
Fernando de Noronha;Brasil;222
Governador Valadares;Brasil;222
Altamira;Brasil;222
Itaituba;Brasil;222
Ilhéus;Brasil;222
Ipatinga;Brasil;222
Imperatriz;Brasil;222
Cruz;Brasil;222
Juiz de Fora;Brasil;222
Joinville;Brasil;222
Campina Grande;Brasil;222
Lages;Brasil;222
Londrina;Brasil;222
Marabá;Brasil;222
Maringá;Brasil;222
Montes Claros;Brasil;222
Marília;Brasil;222
Macapá;Brasil;222
Mossoró;Brasil;222
Manicoré;Brasil;222
Santo Ângelo;Brasil;222
Parnaíba;Brasil;222
Passo Fundo;Brasil;222
Ponta Grossa;Brasil;222
Palmas;Brasil;222
Pelotas;Brasil;222
Petrolina;Brasil;222
Ponta Porã;Brasil;222
Rondonópolis;Brasil;222
Ribeirão Preto;Brasil;222
São José Dos Campos;Brasil;222
Santarém;Brasil;222
São José do Rio Preto;Brasil;222
Oriximiná;Brasil;222
Teresina;Brasil;222
Tefé;Brasil;222
Tabatinga;Brasil;222
Tucuruí;Brasil;222
São Gabriel da Cachoeira;Brasil;222
Paulo Afonso;Brasil;222
Uruguaiana;Brasil;222
Uberlândia;Brasil;222
Uberaba;Brasil;222
Vilhena;Brasil;222
Arica;Chile;222
Copiapo;Chile;222
Balmaceda;Chile;222
Calama;Chile;222
El Salvador;Chile;222
Osorno;Chile;222
Puerto Natales;Chile;222
La Serena-Coquimbo;Chile;222
Valdivia;Chile;222
Feira de Santana;Brasil;222
Coca;Ecuador;222
Cuenca;Ecuador;222
Isla Baltra;Ecuador;222
Latacunga;Ecuador;222
Macas;Ecuador;222
Manta;Ecuador;222
Tulcán;Ecuador;222
Armenia;Colombia;222
Puerto Asís;Colombia;222
Bucaramanga;Colombia;222
Bahía Solano;Colombia;222
Buenaventura;Colombia;222
Cúcuta;Colombia;222
Tumaco;Colombia;222
Barrancabermeja;Colombia;222
Guapi;Colombia;222
Ibagué;Colombia;222
Ipiales;Colombia;222
Carepa;Colombia;222
Leticia;Colombia;222
Montería;Colombia;222
Mitú;Colombia;222
Manizales;Colombia;222
Neiva;Colombia;222
Puerto Carreño;Colombia;222
Puerto Inírida;Colombia;222
Pereira;Colombia;222
Popayán;Colombia;222
Chachagüí;Colombia;222
Providencia;Colombia;222
Riohacha;Colombia;222
San José Del Guaviare;Colombia;222
San Vicente Del Caguán;Colombia;222
Tame;Colombia;222
Arauca;Colombia;222
Quibdó;Colombia;222
Valledupar;Colombia;222
Villavicencio;Colombia;222
Yopal;Colombia;222
Cobija;Bolivia;222
Guayaramerín;Bolivia;222
Puerto Suárez;Bolivia;222
Riberalta;Bolivia;222
Tarija;Bolivia;222
Sobral;Brasil;222
Maripasoula;Guayana Francesa;222
Saint-Laurent-du-Maroni;Guayana Francesa;222
Chimbote;Perú;222
Ayacucho;Perú;222
Jaén;Perú;222
Jauja;Perú;222
Cajamarca;Perú;222
Ilo;Perú;222
Tumbes;Perú;222
Yurimaguas;Perú;222
Huánuco;Perú;222
Chachapoyas;Perú;222
Tarapoto;Perú;222
Tacna;Perú;222
Puerto Maldonado;Perú;222
Piura;Perú;222
Talara;Perú;222
Nazca;Perú;222
Punta del Este;Uruguay;222
Rivera/Santana do Livramento;Uruguay;222
Barinas;Venezuela;222
Canaima;Venezuela;222
Carúpano;Venezuela;222
Coro;Venezuela;222
Cumaná;Venezuela;222
Paraguaná;Venezuela;222
Maturín;Venezuela;222
San Antonio del Tachira;Venezuela;222
Santa Elena de Uairén;Venezuela;222
El Tigre;Venezuela;222
El Vigía;Venezuela;222
Valera;Venezuela;222
Araguaína;Brasil;222
Ogle;Guyana;222
Kaieteur Falls;Guyana;222
Lethem;Guyana;222
Canefield;Dominica;222
Marigot;Dominica;222
Grand Case;San Martín;222
Gustavia;San Bartolomé;222
Grand-Bourg;Guadalupe;222
Christiansted;Islas Vírgenes de EE.UU.;222
Aguadilla;Puerto Rico;222
Culebra;Puerto Rico;222
Mayaguez;Puerto Rico;222
Ponce;Puerto Rico;222
Ceiba;Puerto Rico;222
Vieques;Puerto Rico;222
Castries;Santa Lucía;222
Zion's Hill;Países Bajos Caribeños;222
The Valley;Anguila;222
Spanish Town;Islas Vírgenes Británicas;222
Bequia;San Vicente y las Granadinas;222
Canouan;San Vicente y las Granadinas;222
Lovell;San Vicente y las Granadinas;222
Union Island;San Vicente y las Granadinas;222
Balkhash;Kazajistán;222
Taldykorgan;Kazajistán;222
Karakol;Kirguistán;222
Gabala;Azerbaiyán;222
Lachin;Azerbaiyán;222
Neryungri;Rusia;222
Khonuu;Rusia;222
Olyokminsk;Rusia;222
Ust-Nera;Rusia;222
Vilyuisk;Rusia;222
Lensk;Rusia;222
Yakutia;Rusia;222
Mirny;Rusia;222
Saskylakh;Rusia;222
Srednekolymsk;Rusia;222
Chokurdah;Rusia;222
Cherskiy;Rusia;222
Tiksi;Rusia;222
Zyryanka;Rusia;222
Zhigansk;Rusia;222
Kihihi;Uganda;222
Sukhumi;Georgia;222
Blagoveschensk;Rusia;222
Khabarovsk;Rusia;222
Komsomolsk-on-Amur;Rusia;222
Anadyr;Rusia;222
Keperveem;Rusia;222
Magadan;Rusia;222
Apapelgino;Rusia;222
Nikolayevsk-na-Amure Airport;Rusia;222
Okhotsk;Rusia;222
Bratsk;Rusia;222
Ust-Kut;Rusia;222
Mariupol;Ucrania;222
Dnipro;Ucrania;222
Kryvyi Rih;Ucrania;222
Ivano-Frankivsk;Ucrania;222
Chernivtsi;Ucrania;222
Rivne;Ucrania;222
Kherson;Ucrania;222
Archangelsk;Rusia;222
Naryan Mar;Rusia;222
Amderma;Rusia;222
Kotlas;Rusia;222
Pskov;Rusia;222
Petrozavodsk;Rusia;222
Cherepovets;Rusia;222
Velikiy Ustyug;Rusia;222
Gomel;Bielorrusia;222
Mogilev;Bielorrusia;222
Yeniseysk;Rusia;222
Severo-Yeniseysk;Rusia;222
Vanavara;Rusia;222
Kyzyl;Rusia;222
Novokuznetsk;Rusia;222
Khatanga;Rusia;222
Igarka;Rusia;222
Krasnyi Kurgan;Rusia;222
Gelendzhik;Rusia;222
Nalchik;Rusia;222
Beslan;Rusia;222
Sunzha;Rusia;222
Stavropol;Rusia;222
Taganrog;Rusia;222
Elista;Rusia;222
Sabetta;Rusia;222
Bovanenkovo;Rusia;222
Salekhard;Rusia;222
Khanty-Mansiysk;Rusia;222
Nyagan;Rusia;222
Sovetskiy;Rusia;222
Uray;Rusia;222
Izhevsk;Rusia;222
Kirov;Rusia;222
Nadym;Rusia;222
Novy Urengoy;Rusia;222
Kogalym;Rusia;222
Nefteyugansk;Rusia;222
Noyabrsk;Rusia;222
Tobolsk;Rusia;222
Kurgan;Rusia;222
Turkmenbaşy;Turkmenistán;222
Mary;Turkmenistán;222
Andijan;Uzbekistán;222
Fergana;Uzbekistán;222
Navoi;Uzbekistán;222
Termez;Uzbekistán;222
Zomin;Uzbekistán;222
Kostroma;Rusia;222
Ivanovo;Rusia;222
Rybinsk;Rusia;222
Bryansk;Rusia;222
Belgorod;Rusia;222
Kursk;Rusia;222
Lipetsk;Rusia;222
Voronezh;Rusia;222
Ukhta;Rusia;222
Pechora;Rusia;222
Usinsk;Rusia;222
Vorkuta;Rusia;222
Syktyvkar;Rusia;222
Bugulma;Rusia;222
Nizhnekamsk;Rusia;222
Cheboksary;Rusia;222
Ulyanovsk;Rusia;222
Cherdakly;Rusia;222
Orenburg;Rusia;222
Orsk;Rusia;222
Penza;Rusia;222
Balakovo;Rusia;222
Rewa;India;222
Gondia;India;222
Aurangabad;India;222
Bhuj;India;222
Belgaum;India;222
Bhavnagar;India;222
Hubballi;India;222
Jabalpur;India;222
Jamnagar;India;222
Kandla;India;222
Khajuraho;India;222
Kolhapur;India;222
Keshod;India;222
Latur;India;222
Nanded;India;222
Porbandar;India;222
Raipur;India;222
Udaipur;India;222
Batticaloa;Sri Lanka;222
Galle;Sri Lanka;222
Trincomalee;Sri Lanka;222
Battambang;Camboya;222
Agartala;India;222
Shillong;India;222
Bilaspur;India;222
Durgapur;India;222
Darbhanga;India;222
Gorakhpur;India;222
Gaya;India;222
Jorhat;India;222
Silchar;India;222
Aizawl (Lengpui);India;222
Lilabari;India;222
Dibrugarh;India;222
Dimapur;India;222
Patna;India;222
Ranchi;India;222
Bhawanipatna;India;222
Barisal;Bangladés;222
Cox's Bazar;Bangladés;222
Jashore (Jessore);Bangladés;222
Rajshahi;Bangladés;222
Saidpur;Bangladés;222
Agra;India;222
Allahabad;India;222
Bhuntar;India;222
Bareilly;India;222
Kanpur;India;222
Dehradun (Jauligrant);India;222
Kangra;India;222
Gwalior;India;222
Jodhpur;India;222
Jammu;India;222
Ajmer (Kishangarh);India;222
Leh;India;222
Moradabad;India;222
Pathankot;India;222
Pantnagar;India;222
Janakpur;Nepal;222
Lukla;Nepal;222
Nepalgunj;Nepal;222
Taplejung;Nepal;222
Biratnagar;Nepal;222
Agatti;India;222
Kadapa;India;222
Orvakal;India;222
Madurai;India;222
Mysore;India;222
Puducherry (Pondicherry);India;222
Madhurapudi;India;222
Kadhdhoo;Maldivas;222
Huvadhu Atoll;Maldivas;222
Maamigili;Maldivas;222
Laem Ngop;Tailandia;222
Mae Hong Son;Tailandia;222
Hua Hin;Tailandia;222
Phitsanulok;Tailandia;222
Surat Thani;Tailandia;222
Chumphon;Tailandia;222
Nakhon Si Thammarat;Tailandia;222
Ranong;Tailandia;222
Trang;Tailandia;222
Surin;Tailandia;222
Khon Kaen;Tailandia;222
Buriram;Tailandia;222
Ubon Ratchathani;Tailandia;222
Roi Et;Tailandia;222
Nakhon Phanom;Tailandia;222
Buon Ma Thuot;Vietnam;222
Ca Mau City;Vietnam;222
Con Dao;Vietnam;222
Dien Bien Phu;Vietnam;222
Dong Hoi;Vietnam;222
Da Lat;Vietnam;222
Huế;Vietnam;222
Quy Nohn;Vietnam;222
Pleiku;Vietnam;222
Rach Gia;Vietnam;222
Tuy Hoa;Vietnam;222
Van Don;Vietnam;222
Vinh;Vietnam;222
Dawei;Myanmar;222
Heho;Myanmar;222
Kengtung;Myanmar;222
Kyaukpyu;Myanmar;222
Kawthoung;Myanmar;222
Loikaw;Myanmar;222
Lashio;Myanmar;222
Mkeik;Myanmar;222
Myitkyina;Myanmar;222
Mong Hsat;Myanmar;222
Putao;Myanmar;222
Sittwe;Myanmar;222
Thandwe;Myanmar;222
Tachileik;Myanmar;222
Biak;Indonesia;222
Timika;Indonesia;222
Bima;Indonesia;222
Ternate;Indonesia;222
Toraja;Indonesia;222
Palu;Indonesia;222
Palangkaraya;Indonesia;222
Cilacap;Indonesia;222
Oksibil;Indonesia;222
Merauke;Indonesia;222
Tanah Merah;Indonesia;222
Tarakan;Indonesia;222
Samarinda;Indonesia;222
Tabukan Utara, Sangihe Islands;Indonesia;222
Tanta-Tabalong;Indonesia;222
Langgur;Indonesia;222
Namniwel;Indonesia;222
Tanjung Redeb - Borneo Island;Indonesia;222
Malang;Indonesia;222
Fakfak;Indonesia;222
Kaimana;Indonesia;222
Manokwari;Indonesia;222
Sorong;Indonesia;222
Kupang;Indonesia;222
Wamena;Indonesia;222
Wangi-wangi Island;Indonesia;222
Kolaka;Indonesia;222
Bintulu;Malasia;222
Limbang;Malasia;222
Mukah;Malasia;222
Marudi;Malasia;222
Miri;Malasia;222
Sibu;Malasia;222
Bario;Malasia;222
Lahad Datu;Malasia;222
Labuan;Malasia;222
Sandakan;Malasia;222
Tawau;Malasia;222
Mulu;Malasia;222
Pekanbaru;Indonesia;222
Dumai;Indonesia;222
Kertajati;Indonesia;222
Bandung;Indonesia;222
Tanjung Pinang-Bintan Island;Indonesia;222
Bandar Lampung;Indonesia;222
Gunungsitoli;Indonesia;222
Sibolga (Pinangsori);Indonesia;222
Kutacane;Indonesia;222
Nanga Pinoh-Borneo Island;Indonesia;222
Ketapang;Indonesia;222
Ranai-Natuna Besar Island;Indonesia;222
Putussibau-Borneo Island;Indonesia;222
Sintang;Indonesia;222
Pangkal Pinang;Indonesia;222
Bengkulu;Indonesia;222
Palembang;Indonesia;222
Talang Gudang-Sumatra Island;Indonesia;222
Kuala Pesisir;Indonesia;222
Takengon;Indonesia;222
Tioman Island;Malasia;222
Alor Satar;Malasia;222
Kota Baharu;Malasia;222
Kuantan;Malasia;222
Malacca;Malasia;222
Kuala Terengganu;Malasia;222
Suai;Timor Oriental;222
Baucau;Timor Oriental;222
Seletar;Singapur;222
Armidale;Australia;222
Yulara;Australia;222
Barcaldine;Australia;222
Alice Springs;Australia;222
Blackall;Australia;222
Charleville;Australia;222
Broken Hill;Australia;222
Hamilton Island;Australia;222
Bedourie;Australia;222
Mount Isa;Australia;222
Mackay;Australia;222
Ballina;Australia;222
Proserpine;Australia;222
Rockhampton;Australia;222
Bathurst;Australia;222
Townsville;Australia;222
Bundaberg;Australia;222
Weipa;Australia;222
Carnarvon;Australia;222
Coober Pedy;Australia;222
Cloncurry;Australia;222
Coffs Harbour;Australia;222
Coen;Australia;222
Cooma;Australia;222
Devonport;Australia;222
Elcho Island;Australia;222
Emerald;Australia;222
Esperance;Australia;222
Moonyoonooka;Australia;222
Gladstone;Australia;222
Groote Eylandt;Australia;222
Griffith;Australia;222
Hervey Bay;Australia;222
Horn;Australia;222
Mount Hotham;Australia;222
Kowanyama;Australia;222
Leonora;Australia;222
Lockhart River;Australia;222
Lismore;Australia;222
Longreach;Australia;222
East Albury;Australia;222
Essendon Fields;Australia;222
Merimbula;Australia;222
Maningrida;Australia;222
Mildura;Australia;222
Launceston (Western Junction);Australia;222
Moree;Australia;222
Moranbah;Australia;222
Moruya;Australia;222
Mount Gambier;Australia;222
Narrandera;Australia;222
Narrabri;Australia;222
Normanton;Australia;222
Newman;Australia;222
Paraburdoo;Australia;222
Nhulunbuy;Australia;222
Karratha;Australia;222
Broadwood;Australia;222
Parkes;Australia;222
Kununurra;Australia;222
Port Lincoln;Australia;222
Exmouth;Australia;222
Port Macquarie;Australia;222
Flying Fish Cove;Isla de Navidad;222
Roma;Australia;222
Canberra;Australia;222
Dubbo;Australia;222
Denham;Australia;222
Albion Park Rail;Australia;222
Milikapiti;Australia;222
Burnt Pine;Isla Norfolk;222
Tamworth;Australia;222
Forest Hill;Australia;222
Thargomindah;Australia;222
Biloela;Australia;222
Tennant Creek;Australia;222
Windorah;Australia;222
Whyalla;Australia;222
Burnie;Australia;222
Chengde;China;222
Chifeng;China;222
Qinhuangdao (Changli);China;222
Erenhot;China;222
Arxan;China;222
Handan;China;222
Holingol;China;222
Linfen (Yaodu);China;222
Lüliang;China;222
Manzhouli;China;222
Shuozhou;China;222
Tongliao;China;222
Ulanqab;China;222
Wuhai;China;222
Xilinhot;China;222
Bayannur;China;222
Zhangjiakou;China;222
Zhalantun;China;222
Beihai;China;222
Baise (Tianyang);China;222
Changde (Dingcheng);China;222
Huaihua;China;222
Chenzhou;China;222
Foshan (Nanhai);China;222
Hechi (Jinchengjiang);China;222
Huizhou (Pingtan);China;222
Yongzhou;China;222
Shaoyang (Wugang);China;222
Tangbu;China;222
Yulin;China;222
Yueyang (Yueyanglou);China;222
Liuzhou (Liujiang);China;222
Enshi (Enshi);China;222
Jingzhou (Shashi);China;222
Shennongjia (Hongping);China;222
Shiyan (Maojian);China;222
Xiangyang (Xiangzhou);China;222
Xinyang;China;222
Yichang (Xiaoting);China;222
Qionghai (Basuo);China;222
Hoemun-ri;Corea del Norte;222
Sŏndŏng-ni;Corea del Norte;222
Wonsan;Corea del Norte;222
Delingha;China;222
Golog (Maqên);China;222
Golmud;China;222
Guyuan (Yuanzhou);China;222
Mengnai;China;222
Hanzhong (Chenggu);China;222
Jinchang;China;222
Longnan (Cheng);China;222
Qingyang (Xifeng);China;222
Tianshui (Maiji);China;222
Gannan (Xiahe);China;222
Yan'an (Baota);China;222
Yushu (Batang);China;222
Zhongwei (Shapotou);China;222
Zhangye (Ganzhou);China;222
Arvaikheer;Mongolia;222
Altai;Mongolia;222
Bayankhongor;Mongolia;222
Bulgan;Mongolia;222
Dalanzadgad;Mongolia;222
Khovd;Mongolia;222
Mörön;Mongolia;222
Ulaangom;Mongolia;222
Ölgii;Mongolia;222
Baoshan (Longyang);China;222
Lincang (Cangyuan);China;222
Dali (Xiaguan);China;222
Diqing (Shangri-La);China;222
Pu'er (Lancang);China;222
Lincang;China;222
Dehong (Mangshi);China;222
Anqing;China;222
Changzhou;China;222
Dongying (Kenli);China;222
Yingzhou, Fuyang;China;222
Heze (Dingtao);China;222
Jingdezhen;China;222
Jining;China;222
Quzhou (Kezheng);China;222
Longyan (Liancheng);China;222
Taizhou (Luqiao);China;222
Linyi (Hedong);China;222
Nantong (Tongzhou);China;222
Rizhao (Donggang);China;222
Sanming (Sha);China;222
Shangrao (Hengfeng);China;222
Wuhu;China;222
Weifang (Kuiwen);China;222
Weihai;China;222
Wuyishan;China;222
Xuzhou;China;222
Yangzhou;China;222
Yichun;China;222
Shiquanhe;China;222
Anshun (Xixiu);China;222
Bangda;China;222
Bijie;China;222
Dazhou (Dachuan);China;222
Garzê (Daocheng);China;222
Guangyuan (Lizhou);China;222
Ngawa (Songpan);China;222
Garzê (Kangding);China;222
Kaili  (Huangping);China;222
Luzhou (Yunlong);China;222
Zunyi;China;222
Mianyang (Fucheng);China;222
Liping;China;222
Nyingchi (Mainling);China;222
Liupanshui (Zhongshan);China;222
Qianjiang;China;222
Baoshan (Tengchong);China;222
Tongren (Daxing);China;222
Wulong;China;222
Liangshan (Xichang);China;222
Yibin (Cuiping);China;222
Xingyi;China;222
Panzhihua (Renhe);China;222
Aksu (Onsu);China;222
Altay;China;222
Bole;China;222
Qiemo;China;222
Fuyun;China;222
Hami;China;222
Korla;China;222
Burqin;China;222
Xinyuan;China;222
Ruoqiang Town;China;222
Shache;China;222
Turpan;China;222
Hotan;China;222
Ili (Yining / Ghulja);China;222
Anshan;China;222
Baicheng;China;222
Baishan;China;222
Shuangta, Chaoyang;China;222
Dandong (Zhenxing);China;222
Heihe;China;222
Fuyuan;China;222
Jiagedaqi;China;222
Jiamusi;China;222
Jiansanjiang;China;222
Jixi;China;222
Jinzhou (Linghai);China;222
Mudanjiang;China;222
Mohe;China;222
Qian Gorlos Mongol Autonomous County;China;222
Tonghua;China;222
Yanji;China;222
Yingkou (Laobian);China;222
Key Largo;Estados Unidos;27
Queen Maud Island;Antártida;27
Zabrat;Azerbaiyán;27
Benguera Island;Mozambique;27
Bezmer;Bulgaria;27
Bildudalur;Islandia;27
Húsavík;Islandia;27
Myvatn;Islandia;27
Siglufjörður;Islandia;27
Vestmannaeyjar;Islandia;27
Betong;Tailandia;27
Orsha;Bielorrusia;27
Sartaneja;Belice;27
Bazaruto Island;Mozambique;27
Cache Creek;Canadá;27
Hainan (Gonghe);China;27
Wuhan (Hannan);China;27
Burang Town;China;27
Zhaotong;China;27
La Grande-4;Canadá;27
Cornwall;Canadá;27
Huron Park;Canadá;27
Miramichi;Canadá;27
Cochrane;Canadá;27
Chetwynd;Canadá;27
Burwash Landing;Canadá;27
Ross River;Canadá;27
Dolbeau-Saint-Felicien;Canadá;27
Dawson Creek;Canadá;27
Elliot Lake;Canadá;27
Sheguiandah;Canadá;27
Estevan;Canadá;27
Edson;Canadá;27
Amos;Canadá;27
Forestville;Canadá;27
La Macaza;Canadá;27
Fort Resolution;Canadá;27
Gimli;Canadá;27
Geraldton;Canadá;27
Dryden;Canadá;27
Hearst;Canadá;27
Hornepayne;Canadá;27
Haines Junction;Canadá;27
Atikokan;Canadá;27
Digby;Canadá;27
Fort Liard;Canadá;27
St Jean;Canadá;27
Key Lake;Canadá;27
Kincardine;Canadá;27
Kirkland Lake;Canadá;27
Kindersley;Canadá;27
Chapleau;Canadá;27
Meadow Lake;Canadá;27
Leaf Rapids;Canadá;27
Alert;Canadá;27
Mayo;Canadá;27
Matane;Canadá;27
Manitouwadge;Canadá;27
Moose Jaw;Canadá;27
Charlevoix;Canadá;27
Langley;Canadá;27
Matagami;Canadá;27
Ekati;Canadá;27
Cold Lake;Canadá;27
Oshawa;Canadá;27
Rainbow Lake;Canadá;27
Owen Sound;Canadá;27
Port Hawkesbury;Canadá;27
Portage la Prairie;Canadá;27
Springbrook;Canadá;27
Yarmouth;Canadá;27
St Thomas;Canadá;27
Yorkton;Canadá;27
North Battleford;Canadá;27
Rivière-du-Loup;Canadá;27
Trois-Rivières;Canadá;27
Revelstoke;Canadá;27
Sherbrooke;Canadá;27
Smiths Falls;Canadá;27
Marathon;Canadá;27
Slemon Park;Canadá;27
Pembroke;Canadá;27
Alma;Canadá;27
Trenton;Canadá;27
Vernon;Canadá;27
Wrigley;Canadá;27
Beaver Creek;Canadá;27
Earlton;Canadá;27
Wawa;Canadá;27
Swift Current;Canadá;27
Kapuskasing;Canadá;27
Armstrong;Canadá;27
Gore Bay;Canadá;27
Slave Lake;Canadá;27
Sarnia;Canadá;27
Teslin;Canadá;27
Greenwood;Canadá;27
Salmon Arm;Canadá;27
Delta;Canadá;27
Bromont;Canadá;27
Kelsey;Canadá;27
Jenpeg;Canadá;27
Swan River;Canadá;27
Thicket Portage;Canadá;27
Pikwitonei;Canadá;27
Pincher Creek;Canadá;27
Stewart;Canadá;27
Ignace;Canadá;27
Ouled Sidi Brahim;Argelia;27
Mecheria;Argelia;27
Hassi R'Mel;Argelia;27
Tiaret;Argelia;27
Tafraoui;Argelia;27
Ghriss;Argelia;27
Laghouat;Argelia;27
Minna;Nigeria;27
Zaria;Nigeria;27
Maradi;Níger;27
Tahoua;Níger;27
Agadez;Níger;27
El Borma;Túnez;27
Wevelgem;Bélgica;27
Nobitz;Alemania;27
Trollenhagen;Alemania;27
Hörselberg-Hainich;Alemania;27
Burbach;Alemania;27
Kiel;Alemania;27
Bielefeld;Alemania;27
Mönchengladbach;Alemania;27
Augsburg;Alemania;27
Weßling;Alemania;27
Bindlach;Alemania;27
Hof;Alemania;27
Lahr/Schwarzwald;Alemania;27
Braunschweig;Alemania;27
Jämsä;Finlandia;27
Kitee;Finlandia;27
Kauhava;Finlandia;27
Kauhajoki;Finlandia;27
Mikkeli;Finlandia;27
Seinäjoki / Ilmajoki;Finlandia;27
Sodankyla;Finlandia;27
Utti / Valkeala;Finlandia;27
Varkaus / Joroinen;Finlandia;27
Ylivieska;Finlandia;27
Enniskillen, Fermanagh and Omagh;Reino Unido;27
Coventry, West Midlands;Reino Unido;27
Staverton, Gloucestershire;Reino Unido;27
Nottingham, Nottinghamshire;Reino Unido;27
Yeovil, Somerset;Reino Unido;27
Haverfordwest;Reino Unido;27
Swansea;Reino Unido;27
Brighton, East Sussex;Reino Unido;27
Farnborough, Hampshire;Reino Unido;27
Camberley, Surrey;Reino Unido;27
Romney Marsh, Kent;Reino Unido;27
Carlisle, Cumbria;Reino Unido;27
Blackpool;Reino Unido;27
Barrow-in-Furness;Reino Unido;27
Warton;Reino Unido;27
Broughton;Reino Unido;27
Angelsey;Reino Unido;27
Leuchars, Fife;Reino Unido;27
Lossiemouth, Moray;Reino Unido;27
Cambridge, Cambridgeshire;Reino Unido;27
Kidlington, Oxfordshire;Reino Unido;27
Wallingford, Oxfordshire;Reino Unido;27
Brandon, Suffolk;Reino Unido;27
Bury Saint Edmunds, Suffolk;Reino Unido;27
Fairford, Gloucestershire;Reino Unido;27
Carterton, Oxfordshire;Reino Unido;27
Hook, Hampshire;Reino Unido;27
Northolt, Greater London;Reino Unido;27
Lincoln, Lincolnshire;Reino Unido;27
King's Lynn, Norfolk;Reino Unido;27
Rijen;Países Bajos;27
Den Helder;Países Bajos;27
Lelystad;Países Bajos;27
Leeuwarden;Países Bajos;27
Enschede;Países Bajos;27
Uden;Países Bajos;27
Hoogerheide;Países Bajos;27
Sligo;Irlanda;27
Waterford;Irlanda;27
Rødby;Dinamarca;27
Sindal;Dinamarca;27
Vojens;Dinamarca;27
Skive;Dinamarca;27
Thisted;Dinamarca;27
Skjern;Dinamarca;27
Notodden;Noruega;27
Skövde;Suecia;27
Karlskoga;Suecia;27
Kristianstad;Suecia;27
Söderhamn;Suecia;27
Gävle / Sandviken;Suecia;27
Eskilstuna;Suecia;27
Storuman;Suecia;27
Trier;Alemania;27
Ramstein-Miesenbach;Alemania;27
Fritzlar;Alemania;27
Geilenkirchen;Alemania;27
Jagel;Alemania;27
Wiesbaden;Alemania;27
Manching;Alemania;27
Panevėžys;Lituania;27
Šiauliai;Lituania;27
Alexander Bay;Sudáfrica;27
Aggeneys;Sudáfrica;27
Bisho;Sudáfrica;27
Ficksburg;Sudáfrica;27
Midrand;Sudáfrica;27
Harrismith;Sudáfrica;27
Klerksdorp;Sudáfrica;27
Kuruman;Sudáfrica;27
Kleinsee;Sudáfrica;27
Lime Acres;Sudáfrica;27
Langebaanweg;Sudáfrica;27
Ladysmith;Sudáfrica;27
Malamala;Sudáfrica;27
Newcastle;Sudáfrica;27
Oudtshoorn;Sudáfrica;27
Plettenberg Bay;Sudáfrica;27
Port St Johns;Sudáfrica;27
Pilanesberg;Sudáfrica;27
Potchefstroom;Sudáfrica;27
Robertson;Sudáfrica;27
Springbok;Sudáfrica;27
Secunda;Sudáfrica;27
Tzaneen;Sudáfrica;27
Ulundi;Sudáfrica;27
Vyrburg;Sudáfrica;27
Vredendal;Sudáfrica;27
Pretoria;Sudáfrica;27
Jwaneng;Botsuana;27
Sowa;Botsuana;27
Selebi Phikwe;Botsuana;27
Oyo;Congo;27
Owando;Congo;27
Dolisie;Congo;27
Manzini;Suazilandia;27
Berbérati;República Centroafricana;27
Diego Garcia;Territorio Británico del Océano Índico;27
Tiko;Camerún;27
Foumban;Camerún;27
Bafoussam;Camerún;27
Bamenda;Camerún;27
Chingola;Zambia;27
Mongu;Zambia;27
Kitwe;Zambia;27
Fomboni;Comoras;27
Miandrivazo;Madagascar;27
Mananara Nord;Madagascar;27
Antsirabe;Madagascar;27
Analalava;Madagascar;27
Vohemar;Madagascar;27
Antsohihy;Madagascar;27
Fianarantsoa;Madagascar;27
Manakara;Madagascar;27
Morombe;Madagascar;27
Benguela;Angola;27
Kuito;Angola;27
Port Amboim;Angola;27
Saurimo;Angola;27
Sumbe;Angola;27
Luena;Angola;27
Uige;Angola;27
Xangongo;Angola;27
Koulamoutou;Gabón;27
Mouila;Gabón;27
Okondja;Gabón;27
Lambarene;Gabón;27
Bitam;Gabón;27
Omboue;Gabón;27
Mueda;Mozambique;27
Mocímboa da Praia;Mozambique;27
Moundou;Chad;27
Faya-Largeau;Chad;27
Chiredzi;Zimbabue;27
Masvingo;Zimbabue;27
Gweru;Zimbabue;27
Gwayi River Farms;Zimbabue;27
Dwangwa;Malaui;27
Karonga;Malaui;27
Mzuzu;Malaui;27
Arandis;Namibia;27
Grootfontein;Namibia;27
Keetmanshoop;Namibia;27
Tsumeb;Namibia;27
N'dolo;República Democrática del Congo;27
Lisala;República Democrática del Congo;27
Buta;República Democrática del Congo;27
Kamakombe;República Democrática del Congo;27
Bo;Sierra Leona;27
Kenema;Sierra Leona;27
Yengema;Sierra Leona;27
Bouarfa;Marruecos;27
Meknes;Marruecos;27
Kenitra;Marruecos;27
Al Hoceima;Marruecos;27
Kaolack;Senegal;27
Ouro Sogui;Senegal;27
Saint Louis;Senegal;27
Bakel;Senegal;27
Kédougou;Senegal;27
Tambacounda;Senegal;27
Atar;Mauritania;27
Debre Zeyit;Etiopía;27
Kismayo;Somalia;27
El Hassana;Egipto;27
El Jora;Egipto;27
Saint Catherine;Egipto;27
Massawa;Eritrea;27
Assab;Eritrea;27
Kitale;Kenia;27
Lokichogio;Kenia;27
Lodwar;Kenia;27
Nakuru;Kenia;27
Marsa al Brega;Libia;27
Gisenyi;Ruanda;27
Merowe;Sudán;27
Nduli;Tanzania;27
Lake Manyara National Park;Tanzania;27
Chake Chake;Tanzania;27
Chengdu (Jintang);China;27
Shimoga;India;27
Mesquite;Estados Unidos;27
Ada;Estados Unidos;27
Camp Springs;Estados Unidos;27
Alice;Estados Unidos;27
Alamogordo;Estados Unidos;27
Alton/St Louis;Estados Unidos;27
Anniston;Estados Unidos;27
Anderson;Estados Unidos;27
New Iberia;Estados Unidos;27
Astoria;Estados Unidos;27
Wausau;Estados Unidos;27
Beale Air Force Base;Estados Unidos;27
Bossier City;Estados Unidos;27
Westfield;Estados Unidos;27
Brady;Estados Unidos;27
Bryce Canyon;Estados Unidos;27
Boca Raton;Estados Unidos;27
Baudette;Estados Unidos;27
Fort Bliss/El Paso;Estados Unidos;27
Biloxi;Estados Unidos;27
Bemidji;Estados Unidos;27
Baker City;Estados Unidos;27
Aurora;Estados Unidos;27
Bluefield;Estados Unidos;27
Blythe;Estados Unidos;27
Bloomington;Estados Unidos;27
Burns;Estados Unidos;27
Big Piney;Estados Unidos;27
Mountain Home;Estados Unidos;27
Battle Creek;Estados Unidos;27
Beaver Falls;Estados Unidos;27
Beverly / Danvers;Estados Unidos;27
Bowling Green;Estados Unidos;27
Blytheville;Estados Unidos;27
Burley;Estados Unidos;27
Fort Irwin/Barstow;Estados Unidos;27
Caribou;Estados Unidos;27
Charles City;Estados Unidos;27
Childress;Estados Unidos;27
Chicopee;Estados Unidos;27
Crestview;Estados Unidos;27
Port Angeles;Estados Unidos;27
Chanute;Estados Unidos;27
Coeur d'Alene;Estados Unidos;27
Cocoa Beach;Estados Unidos;27
North Myrtle Beach;Estados Unidos;27
Crossville;Estados Unidos;27
Cut Bank;Estados Unidos;27
Corvallis;Estados Unidos;27
Carson City;Estados Unidos;27
Fort Belvoir;Estados Unidos;27
Daggett;Estados Unidos;27
Danville;Estados Unidos;27
Dalhart;Estados Unidos;27
Del Rio;Estados Unidos;27
Dallesport / The Dalles;Estados Unidos;27
Deming;Estados Unidos;27
Chicago/West Chicago;Estados Unidos;27
Mercury;Estados Unidos;27
DeRidder;Estados Unidos;27
Durant;Estados Unidos;27
Douglas Bisbee;Estados Unidos;27
Danbury;Estados Unidos;27
Elizabeth City;Estados Unidos;27
Edwards;Estados Unidos;27
Needles;Estados Unidos;27
Keene;Estados Unidos;27
Eureka;Estados Unidos;27
Elkins;Estados Unidos;27
Ely;Estados Unidos;27
Enid;Estados Unidos;27
Wendover;Estados Unidos;27
Kenosha;Estados Unidos;27
Evanston;Estados Unidos;27
Newport News (Fort Eustis);Estados Unidos;27
Fort Bragg;Estados Unidos;27
Fort Carson;Estados Unidos;27
Findlay;Estados Unidos;27
Fort Huachuca / Sierra Vista;Estados Unidos;27
Franklin;Estados Unidos;27
Fort Meade(Odenton);Estados Unidos;27
Farmington;Estados Unidos;27
Loveland;Estados Unidos;27
Topeka;Estados Unidos;27
Fort Pierce;Estados Unidos;27
East Farmingdale;Estados Unidos;27
Fort Riley (Junction City);Estados Unidos;27
Fort Sill;Estados Unidos;27
Fort Stockton;Estados Unidos;27
Fort Knox;Estados Unidos;27
Glens Falls;Estados Unidos;27
Goodland;Estados Unidos;27
Galveston;Estados Unidos;27
Groton;Estados Unidos;27
Fort Lewis/Tacoma;Estados Unidos;27
Goldsboro;Estados Unidos;27
Peru;Estados Unidos;27
Guymon;Estados Unidos;27
Denison;Estados Unidos;27
Hattiesburg;Estados Unidos;27
Hobart;Estados Unidos;27
Manassas;Estados Unidos;27
Hickory;Estados Unidos;27
Wheeling;Estados Unidos;27
Huron;Estados Unidos;27
Fort Campbell;Estados Unidos;27
Hoquiam;Estados Unidos;27
Homestead;Estados Unidos;27
Redstone Arsnl Huntsville;Estados Unidos;27
Terre Haute;Estados Unidos;27
Houlton;Estados Unidos;27
Hutchinson;Estados Unidos;27
Hollywood;Estados Unidos;27
Hayward;Estados Unidos;27
Ashtabula;Estados Unidos;27
Bullhead City;Estados Unidos;27
Kingman;Estados Unidos;27
Kankakee;Estados Unidos;27
Wink;Estados Unidos;27
Winston Salem;Estados Unidos;27
Winslow;Estados Unidos;27
Kinston;Estados Unidos;27
Junction;Estados Unidos;27
Kelso;Estados Unidos;27
Lamar;Estados Unidos;27
Lumberton;Estados Unidos;27
Angleton;Estados Unidos;27
Leesburg;Estados Unidos;27
Hampton;Estados Unidos;27
Lufkin;Estados Unidos;27
Logan;Estados Unidos;27
Klamath Falls;Estados Unidos;27
Lander;Estados Unidos;27
Lovelock;Estados Unidos;27
Fort Benning;Estados Unidos;27
Altus;Estados Unidos;27
Glendale;Estados Unidos;27
Livingston;Estados Unidos;27
Lawrence;Estados Unidos;27
Lewistown;Estados Unidos;27
Mobridge;Estados Unidos;27
McComb;Estados Unidos;27
Murphysboro;Estados Unidos;27
Mansfield;Estados Unidos;27
Marietta;Estados Unidos;27
Mojave;Estados Unidos;27
Muncie;Estados Unidos;27
Millville;Estados Unidos;27
Mc Alester;Estados Unidos;27
Miles City;Estados Unidos;27
Eastover;Estados Unidos;27
Morristown;Estados Unidos;27
Modesto;Estados Unidos;27
Barre/Montpelier;Estados Unidos;27
Smyrna;Estados Unidos;27
Martinsburg;Estados Unidos;27
Mount Clemens;Estados Unidos;27
Fort Indiantown Gap(Annville);Estados Unidos;27
Moses Lake;Estados Unidos;27
Marysville;Estados Unidos;27
Lakehurst;Estados Unidos;27
Fallon;Estados Unidos;27
Patuxent River;Estados Unidos;27
El Centro;Estados Unidos;27
Lemoore;Estados Unidos;27
Millington;Estados Unidos;27
Kingsville;Estados Unidos;27
Milton;Estados Unidos;27
Point Mugu;Estados Unidos;27
Virginia Beach;Estados Unidos;27
Mountain View;Estados Unidos;27
Oak Harbor;Estados Unidos;27
Quantico;Estados Unidos;27
Orangeburg;Estados Unidos;27
Oceanside;Estados Unidos;27
Nogales;Estados Unidos;27
Oregon;Estados Unidos;27
North Kingstown;Estados Unidos;27
Oshkosh;Estados Unidos;27
Ottumwa;Estados Unidos;27
Norwood;Estados Unidos;27
Oxnard;Estados Unidos;27
Fort Rucker/Ozark;Estados Unidos;27
Panama City;Estados Unidos;27
Palo Alto;Estados Unidos;27
Pine Bluff;Estados Unidos;27
Palmdale;Estados Unidos;27
Pinedale;Estados Unidos;27
Ponca City;Estados Unidos;27
Fort Polk;Estados Unidos;27
Poughkeepsie;Estados Unidos;27
Paso Robles;Estados Unidos;27
Pontiac;Estados Unidos;27
Chicago/Prospect Heights/Wheeling;Estados Unidos;27
Bremerton;Estados Unidos;27
Riverside;Estados Unidos;27
Red Bluff;Estados Unidos;27
Reading;Estados Unidos;27
Rifle;Estados Unidos;27
Universal City;Estados Unidos;27
New Richmond;Estados Unidos;27
Russell;Estados Unidos;27
Redwood Falls;Estados Unidos;27
Rocky Mount;Estados Unidos;27
Rawlins;Estados Unidos;27
Schenectady;Estados Unidos;27
Somerset;Estados Unidos;27
Santa Monica;Estados Unidos;27
Salinas;Estados Unidos;27
Alto;Estados Unidos;27
Sumter;Estados Unidos;27
St Simons Island;Estados Unidos;27
St Joseph;Estados Unidos;27
Saint Paul;Estados Unidos;27
Fairfield;Estados Unidos;27
Knob Noster;Estados Unidos;27
Tucumcari;Estados Unidos;27
Tuscaloosa;Estados Unidos;27
Truth or Consequences;Estados Unidos;27
Titusville;Estados Unidos;27
Troy;Estados Unidos;27
Tonopah;Estados Unidos;27
Temple;Estados Unidos;27
South Lake Tahoe;Estados Unidos;27
Ukiah;Estados Unidos;27
Oxford;Estados Unidos;27
Lompoc;Estados Unidos;27
Visalia;Estados Unidos;27
Van Nuys;Estados Unidos;27
Camp Douglas;Estados Unidos;27
Valentine;Estados Unidos;27
Winnemucca;Estados Unidos;27
Warner Robins;Estados Unidos;27
Wrightstown;Estados Unidos;27
Worland;Estados Unidos;27
Wildwood;Estados Unidos;27
Woodward;Estados Unidos;27
Kiwayu;Kenia;27
Yankton;Estados Unidos;27
Youngstown/Warren;Estados Unidos;27
Zanesville;Estados Unidos;27
Kukës;Albania;27
Gorna Oryahovitsa;Bulgaria;27
Akrotiri;Chipre;27
Albacete;España;27
Córdoba;España;27
Burgos;España;27
Logroño;España;27
Morón;España;27
Ciudad Real;España;27
Rota;España;27
Teruel;España;27
Calais;Francia;27
Le Touquet-Paris-Plage;Francia;27
Agen;Francia;27
Cognac/Châteaubernard;Francia;27
Lépaud, Creuse;Francia;27
Niort/Souché;Francia;27
Angoulême;Francia;27
Périgueux/Bassillac;Francia;27
Cahors;Francia;27
Albi;Francia;27
Royan/Médis;Francia;27
Rochefort/Saint-Agnant;Francia;27
Colmar;Francia;27
Lanas, Ardèche;Francia;27
Angers;Francia;27
Solenzara;Francia;27
Auxerre;Francia;27
Bourges;Francia;27
L'Hôpital-le-Mercier, Saône-et-Loire;Francia;27
Saint-Léger-sur-Roanne;Francia;27
Chabeuil, Drôme;Francia;27
Charmeil, Allier;Francia;27
Châteauroux;Francia;27
Chassieu, Lyon;Francia;27
Cannes;Francia;27
Andrézieux-Bouthéon, Loire;Francia;27
Le Castellet, Var;Francia;27
Mende/Brénoux;Francia;27
Fauville, Eure;Francia;27
Le Havre;Francia;27
Boos;Francia;27
Laval, Mayenne;Francia;27
Creil;Francia;27
Toussus-le-Noble, Yvelines;Francia;27
Cormeilles-en-Vexin, Val-d'Oise;Francia;27
Vélizy-Villacoublay, Yvelines;Francia;27
Marzy, Nièvre;Francia;27
Merville, Nord;Francia;27
Cherbourg;Francia;27
La Baule-Escoublac;Francia;27
Bréville-sur-Mer, Manche;Francia;27
La Roche-sur-Yon;Francia;27
Landivisiau;Francia;27
Lannion;Francia;27
Quimper/Pluguffan;Francia;27
Trémuson, Côtes-d'Armor;Francia;27
Morlaix/Ploujean;Francia;27
Vannes/Meucon;Francia;27
Épinal;Francia;27
Tomblaine, Meurthe-et-Moselle;Francia;27
Andravida;Grecia;27
Grottaglie;Italia;27
Galatina (LE);Italia;27
Decimomannu;Italia;27
Saint-Christophe (AO);Italia;27
Aviano (PN);Italia;27
Grosseto (GR);Italia;27
Sečovlje;Eslovenia;27
Uherské Hradiště;República Checa;27
Přerov;República Checa;27
Vodochody;República Checa;27
Rosh Pina;Israel;27
Masada;Israel;27
Beersheba;Israel;27
Beja;Portugal;27
Caransebeş;Rumanía;27
Mihail Kogălniceanu;Rumanía;27
Sion;Suiza;27
Emmen;Suiza;27
Payerne;Suiza;27
Samedan;Suiza;27
Sarıçam;Turquía;27
Afyonkarahisar;Turquía;27
Kastamonu;Turquía;27
Bandırma;Turquía;27
Çiğli;Turquía;27
Uşak;Turquía;27
Kartepe;Turquía;27
Siirt;Turquía;27
Bălți;Moldavia;27
Brak;Libia;27
Zemun;Serbia;27
Stapari;Serbia;27
Piešťany;Eslovaquia;27
Dolný Hričov;Eslovaquia;27
Cabo Rojo;República Dominicana;27
Coban;Guatemala;27
Rubelsanto;Guatemala;27
Puerto San José;Guatemala;27
Tela;Honduras;27
Ken Jones;Jamaica;27
Temixco;México;27
Ciudad Acuña;México;27
Celaya;México;27
Ensenada;México;27
Emiliano Zapata;México;27
Lázaro Cárdenas;México;27
Monclova;México;27
Pococi;Costa Rica;27
Corredores;Costa Rica;27
Los Chiles;Costa Rica;27
Palmar Sur;Costa Rica;27
Upala;Costa Rica;27
Jacmel;Haití;27
Port-de-Paix;Haití;27
Ciro Redondo;Cuba;27
Guantanamo Bay Naval Station;Cuba;27
Guantánamo;Cuba;27
Moa;Cuba;27
Sandino;Cuba;27
Isla de la Juventud;Cuba;27
Blossom Village;Islas Caimán;27
Mangrove Cay;Bahamas;27
Bullocks Harbour;Bahamas;27
Normans Cay;Bahamas;27
Staniel Cay;Bahamas;27
Duncan Town;Bahamas;27
Reao;Polinesia Francesa;27
Gaua Island;Vanuatu;27
Manurewa;Nueva Zelanda;27
Glentanner Station;Nueva Zelanda;27
Alexandra;Nueva Zelanda;27
Masterton;Nueva Zelanda;27
Twitzel;Nueva Zelanda;27
Wairoa;Nueva Zelanda;27
Bagram;Afganistán;27
Jalalabad;Afganistán;27
Kunduz;Afganistán;27
Khamis Mushait;Arabia Saudita;27
Al Kharj;Arabia Saudita;27
Omidiyeh;Irán;27
Masjed Soleyman;Irán;27
Jam;Irán;27
Siri;Irán;27
Lavan Airport;Irán;27
Ilam;Irán;27
Shahrekord;Irán;27
Amirabad;Irán;27
Qazvin;Irán;27
Jiroft;Irán;27
Sirjan;Irán;27
Sarakhs;Irán;27
Tabas;Irán;27
Gorgan;Irán;27
Fasa;Irán;27
Yasuj;Irán;27
Showt;Irán;27
Zanjan;Irán;27
Zabol;Irán;27
Iranshahr;Irán;27
Ahmed Al Jaber AB;Kuwait;27
Al Masna'ah;Omán;27
Sir Bani Yas;Emiratos Árabes Unidos;27
Masirah;Omán;27
Thumrait;Omán;27
Dera Ismael Khan;Pakistán;27
Jacobabad;Pakistán;27
Mangla;Pakistán;27
Mianwali;Pakistán;27
Moenjodaro;Pakistán;27
Kamra;Pakistán;27
Panjgur;Pakistán;27
Pasni;Pakistán;27
Rawalakot;Pakistán;27
Sehwan Sharif;Pakistán;27
Sargodha;Pakistán;27
Saidu Sharif;Pakistán;27
Sui;Pakistán;27
Hīt;Irak;27
Al Habbaniyah;Irak;27
Qayyarah;Irak;27
Nasiriyah;Irak;27
Deir ez-Zor;Siria;27
Tadmur;Siria;27
Ar Rayyan;Catar;27
Ataq;Yemen;27
Palmer;Estados Unidos;27
Delta Junction Ft Greely;Estados Unidos;27
Cape Romanzof;Estados Unidos;27
Cape Newenham;Estados Unidos;27
Nenana;Estados Unidos;27
Metlakatla;Estados Unidos;27
Port Clarence;Estados Unidos;27
Sparrevohn;Estados Unidos;27
Soldotna;Estados Unidos;27
Shemya;Estados Unidos;27
Talkeetna;Estados Unidos;27
Takotna;Estados Unidos;27
Seward;Estados Unidos;27
Wasilla;Estados Unidos;27
Abariringa;Kiribati;27
Yigo;Guam;27
Kekaha;Estados Unidos;27
Kapolei;Estados Unidos;27
Kaneohe;Estados Unidos;27
Sand Island;Islas Ultramarinas de EE.UU.;27
Hengchun;Taiwán;27
Hsinchu City;Taiwán;27
Ogasawara;Japón;27
Fukui;Japón;27
Gifu;Japón;27
Hachinohe;Japón;27
Ayase / Yamato;Japón;27
Fussa;Japón;27
Gangneung;Corea del Sur;27
Jeju Island;Corea del Sur;27
Seongnam;Corea del Sur;27
Pyeongtaek;Corea del Sur;27
Suwon;Corea del Sur;27
Gimseang-ro;Corea del Sur;27
Yecheon-ri;Corea del Sur;27
Ie;Japón;27
Lal-lo;Filipinas;27
Cavite;Filipinas;27
Lubang;Filipinas;27
Surallah;Filipinas;27
Bislig;Filipinas;27
Mati;Filipinas;27
Tandag;Filipinas;27
Daet;Filipinas;27
Mamburao;Filipinas;27
Baler;Filipinas;27
San Fernando;Filipinas;27
Gasan;Filipinas;27
Ormoc City;Filipinas;27
Krymsk;Rusia;27
Smolensk;Rusia;27
Concordia;Argentina;27
Gualeguaychu;Argentina;27
La Plata;Argentina;27
El Palomar;Argentina;27
Rincon de los Sauces;Argentina;27
Zapala;Argentina;27
Malargue;Argentina;27
Rio Cuarto;Argentina;27
Villa Dolores;Argentina;27
Villa Mercedes;Argentina;27
Paso de los Libres;Argentina;27
Monte Caseros;Argentina;27
Orán;Argentina;27
Tartagal;Argentina;27
Goya;Argentina;27
Reconquista;Argentina;27
Curuzu Cuatia;Argentina;27
El Bolsón;Argentina;27
San Julian;Argentina;27
Puerto Santa Cruz;Argentina;27
General Pico;Argentina;27
Tres Arroyos;Argentina;27
Pehuajó;Argentina;27
Tandil;Argentina;27
Villa Gesell;Argentina;27
Cutral-Co;Argentina;27
Conceição do Araguaia;Brasil;27
Aracati;Brasil;27
Bagé;Brasil;27
Barretos;Brasil;27
Barra do Garças;Brasil;27
Cabo Frio;Brasil;27
Carolina;Brasil;27
Caravelas;Brasil;27
Jacareacanga;Brasil;27
Guajará-Mirim;Brasil;27
Guaratinguetá;Brasil;27
Itacoatiara;Brasil;27
São Roque;Brasil;27
Lins;Brasil;27
Bom Jesus da Lapa;Brasil;27
Minaçu;Brasil;27
Almeirim;Brasil;27
Macaé;Brasil;27
Oiapoque;Brasil;27
Poços De Caldas;Brasil;27
Porto Nacional;Brasil;27
Guarujá;Brasil;27
Tarauacá;Brasil;27
Telêmaco Borba;Brasil;27
Varginha;Brasil;27
Tocopilla;Chile;27
Chile Chico;Chile;27
Chillan;Chile;27
Coyhaique;Chile;27
Porvenir;Chile;27
Puerto Williams;Chile;27
Vallenar;Chile;27
Chañaral;Chile;27
Talca;Chile;27
Chaitén;Chile;27
Taltal;Chile;27
Viña del Mar;Chile;27
Ambato;Ecuador;27
Ahuano;Ecuador;27
Macará;Ecuador;27
Portoviejo;Ecuador;27
Tarapoa;Ecuador;27
Ayolas;Paraguay;27
Concepción;Paraguay;27
Mariscal Estigarribia;Paraguay;27
Pilar;Paraguay;27
Pedro Juan Caballero;Paraguay;27
Apiay;Colombia;27
El Banco;Colombia;27
Caucasia;Colombia;27
Coveñas;Colombia;27
El Bagre;Colombia;27
Girardot;Colombia;27
Cartago;Colombia;27
La Mina-Maicao;Colombia;27
Magangué;Colombia;27
Ocaña;Colombia;27
Pitalito;Colombia;27
La Dorada;Colombia;27
Paz de Ariporo;Colombia;27
Mariquita;Colombia;27
Tres Esquinas;Colombia;27
Tuluá;Colombia;27
Bermejo;Bolivia;27
Potosí;Bolivia;27
Santa Ana del Yacuma;Bolivia;27
Villamontes;Bolivia;27
Yacuíba;Bolivia;27
Correia Pinto;Brasil;27
Linhares;Brasil;27
Saint-Georges-de-l'Oyapock;Guayana Francesa;27
Atalaya;Perú;27
Iberia;Perú;27
Anta;Perú;27
Rioja;Perú;27
Juanjuí;Perú;27
Durazno;Uruguay;27
Paysandú;Uruguay;27
Salto;Uruguay;27
Acarigua;Venezuela;27
Anaco;Venezuela;27
Maracay;Venezuela;27
Ciudad Bolivar;Venezuela;27
Guarico;Venezuela;27
Bolivar;Venezuela;27
Guasdualito;Venezuela;27
Guanare;Venezuela;27
Puerto Ayacucho;Venezuela;27
Puerto Cabello;Venezuela;27
San Cristóbal;Venezuela;27
Palmarito;Venezuela;27
San Felipe;Venezuela;27
San Fernando de Apure;Venezuela;27
San Carlos del Zulia;Venezuela;27
Tucupita;Venezuela;27
Arecibo;Puerto Rico;27
Ekibastuz;Kazajistán;27
Zaqatala;Azerbaiyán;27
Magan;Rusia;27
Belaya Gora;Rusia;27
Sovetskaya Gavan;Rusia;27
Chukotka;Rusia;27
Evensk;Rusia;27
Boryspil;Ucrania;27
Berdyansk;Ucrania;27
Sevastopol;Ucrania;27
Kharkiv;Ucrania;27
Cherkasy;Ucrania;27
Khmelnytskyi;Ucrania;27
Vinnitsa;Ucrania;27
Arkhangelsk;Rusia;27
Vologda;Rusia;27
Vitebsk;Bielorrusia;27
Hrodna;Bielorrusia;27
Gorno-Altaysk;Rusia;27
Baykit;Rusia;27
Bor;Rusia;27
Achinsk;Rusia;27
Strezhevoy;Rusia;27
Dikson;Rusia;27
Svetlogorsk;Rusia;27
Kaluga;Rusia;27
Tver;Rusia;27
Tambov;Rusia;27
Inta;Rusia;27
Ust-Tsylma;Rusia;27
Yoshkar-Ola;Rusia;27
Akola;India;27
Daman;India;27
Solapur;India;27
Anuradhapura;Sri Lanka;27
Ampara;Sri Lanka;27
Polonnaruwa Town;Sri Lanka;27
Ratanakiri;Camboya;27
Jamshedpur;India;27
Kushinagar;India;27
Kailashahar;India;27
Muzaffarpur;India;27
Rourkela;India;27
Ziro;India;27
Ishurdi;Bangladés;27
Bikaner;India;27
Kota;India;27
Puerto Vallemi;Paraguay;27
Bellary;India;27
Bidar;India;27
IAF Camp;India;27
Puttaparthi;India;27
Gelephu;Bután;27
Nakhon Pathom;Tailandia;27
Lop Buri;Tailandia;27
Takhli;Tailandia;27
Chaloem Phra Kiat;Tailandia;27
Namsang;Myanmar;27
Nabire;Indonesia;27
Serui;Indonesia;27
Gotalalamo-Morotai Island;Indonesia;27
Poso-Celebes Island;Indonesia;27
Luwok;Indonesia;27
Babo;Indonesia;27
Rengat-Sumatra Island;Indonesia;27
Padang Sidempuan;Indonesia;27
Medan;Indonesia;27
Lhok Sukon-Sumatra Island;Indonesia;27
Butterworth;Malasia;27
Kerteh;Malasia;27
Paya Lebar;Singapur;27
Western Water Catchment;Singapur;27
Ararat;Australia;27
Benalla;Australia;27
Bairnsdale;Australia;27
Wurrumiyanga;Australia;27
Chinchilla;Australia;27
Derby;Australia;27
Deniliquin;Australia;27
Forbes;Australia;27
Grafton;Australia;27
Glen Innes;Australia;27
Pirlangimpi;Australia;27
Inverell;Australia;27
Morwell;Australia;27
Mareeba;Australia;27
Mudgee;Australia;27
Roper River;Australia;27
Orange;Australia;27
Wadeye;Australia;27
Cobbitty;Australia;27
Nowra Hill;Australia;27
Temora;Australia;27
Tumut;Australia;27
Taree;Australia;27
Laceby;Australia;27
Sale;Australia;27
West Wyalong;Australia;27
Xiangyang (Laohekou);China;27
Xi'an (Baqiao);China;27
Kalumbila;Zambia;27
Chuxiong (Yuanmou);China;27
Rugao (Nantong);China;27
Suzhou;China;27
Tongren;China;27
Deyang (Guanghan);China;27
Ngawa (Hongyuan);China;27
Barkol;China;27
Shanshan;China;27
Huludao (Xingcheng);China;27
Utirik Island;Islas Marshall;1
Nunapitchuk;Estados Unidos;1
Blakely Island;Estados Unidos;1
Atmautluak;Estados Unidos;1
Pedro Bay;Estados Unidos;1
Ouzinkie;Estados Unidos;1
Tununak;Estados Unidos;1
Minto;Estados Unidos;1
Center Island;Estados Unidos;1
Tatitlek;Estados Unidos;1
Chuathbaluk;Estados Unidos;1
Tuntutuliak;Estados Unidos;1
Twin Hills;Estados Unidos;1
Chignik Lake;Estados Unidos;1
Auki;Islas Salomón;1
Anua;Islas Salomón;1
Choiseul Bay;Islas Salomón;1
Ballalae;Islas Salomón;1
Fera Island;Islas Salomón;1
Kirakira;Islas Salomón;1
Santa Cruz/Graciosa Bay/Luova;Islas Salomón;1
Gizo;Islas Salomón;1
Stirling Island;Islas Salomón;1
Rennell Island;Islas Salomón;1
Santa Ana Island;Islas Salomón;1
Marau;Islas Salomón;1
Suavanao;Islas Salomón;1
Yandina;Islas Salomón;1
Kagau Island;Islas Salomón;1
Manaoba;Islas Salomón;1
Gatokae;Islas Salomón;1
Ramata;Islas Salomón;1
Cosmo Newbery;Australia;1
Bosset;Papúa Nueva Guinea;1
Gasmata Island;Papúa Nueva Guinea;1
Kieta;Papúa Nueva Guinea;1
Losuia;Papúa Nueva Guinea;1
Kiunga;Papúa Nueva Guinea;1
Kikori;Papúa Nueva Guinea;1
Londolovit;Papúa Nueva Guinea;1
Moro;Papúa Nueva Guinea;1
Misima Island;Papúa Nueva Guinea;1
Obo;Papúa Nueva Guinea;1
Sasereme;Papúa Nueva Guinea;1
Tari;Papúa Nueva Guinea;1
Tabubil;Papúa Nueva Guinea;1
Tapini;Papúa Nueva Guinea;1
Tufi;Papúa Nueva Guinea;1
Maniitsoq;Groenlandia;1
Paamiut;Groenlandia;1
Upernavik;Groenlandia;1
Uummannaq;Groenlandia;1
Þórshöfn;Islandia;1
Cajazeiras;Brasil;1
Big Creek;Belice;1
Independence;Belice;1
Orange Walk;Belice;1
Trail;Canadá;1
Port McNeill;Canadá;1
Williams Harbour;Canadá;1
Postville;Canadá;1
Black Tickle;Canadá;1
St. Lewis;Canadá;1
Port Hope Simpson;Canadá;1
Rigolet;Canadá;1
Whatì;Canadá;1
Summer Beaver;Canadá;1
Crooked Creek;Estados Unidos;1
Angling Lake;Canadá;1
Wunnumin Lake;Canadá;1
North Spirit Lake;Canadá;1
Chicken;Estados Unidos;1
Zhaosu;China;1
Hejing;China;1
Qitai;China;1
Bearskin Lake;Canadá;1
Natuashish;Canadá;1
Kingfisher Lake;Canadá;1
La Chorrera;Colombia;1
Keewaywin;Canadá;1
Chisasibi;Canadá;1
Tête-à-la-Baleine;Canadá;1
Côte-Nord-du-Golfe-du-Saint-Laurent;Canadá;1
Le Golfe-du-Saint-Laurent;Canadá;1
La Tabatière;Canadá;1
Arctic Bay;Canadá;1
Cat Lake;Canadá;1
Alert Bay;Canadá;1
Kangirsuk;Canadá;1
Attawapiskat;Canadá;1
Kugaaruk;Canadá;1
Uranium City;Canadá;1
Tadoule Lake;Canadá;1
Brochet;Canadá;1
Berens River;Canadá;1
Cartwright;Canadá;1
Kugluktuk;Canadá;1
Cross Lake;Canadá;1
Chesterfield Inlet;Canadá;1
Clyde River;Canadá;1
Dease Lake;Canadá;1
Nain;Canadá;1
Arviat;Canadá;1
Fort Severn;Canadá;1
Fort Albany;Canadá;1
Fort Hope;Canadá;1
Flin Flon;Canadá;1
Makkovik;Canadá;1
Fort Good Hope;Canadá;1
Gods Lake Narrows;Canadá;1
Igloolik;Canadá;1
Gillam;Canadá;1
Grise Fiord;Canadá;1
Quaqtaq;Canadá;1
Nemiscau;Canadá;1
Ulukhaktok;Canadá;1
Gjoa Haven;Canadá;1
Hopedale;Canadá;1
Poplar Hill;Canadá;1
Chevery;Canadá;1
Ivujivik;Canadá;1
Pond Inlet;Canadá;1
Aklavik;Canadá;1
Kangiqsujuaq;Canadá;1
Akulivik;Canadá;1
Ogoki Post;Canadá;1
Waskaganish;Canadá;1
Aupaluk;Canadá;1
Kimmirut;Canadá;1
Lansdowne House;Canadá;1
Lutselk'e;Canadá;1
Kangiqsualujjuaq;Canadá;1
Mary's Harbour;Canadá;1
Umiujaq;Canadá;1
Wemindji;Canadá;1
Norway House;Canadá;1
Old Crow;Canadá;1
Oxford House;Canadá;1
Paulatuk;Canadá;1
Inukjuak;Canadá;1
Pikangikum;Canadá;1
Peawanuck;Canadá;1
Gamètì;Canadá;1
Red Sucker Lake;Canadá;1
Sanikiluaq;Canadá;1
St. Theresa Point;Canadá;1
Sachs Harbour;Canadá;1
Kinngait;Canadá;1
Big Trout Lake;Canadá;1
Tasiujaq;Canadá;1
Repulse Bay;Canadá;1
Colville Lake;Canadá;1
Qikiqtarjuaq;Canadá;1
Wekweètì;Canadá;1
Déline;Canadá;1
Webequie;Canadá;1
Whale Cove;Canadá;1
Pangnirtung;Canadá;1
Taloyoak;Canadá;1
Salluit;Canadá;1
Ilford;Canadá;1
Eastmain River;Canadá;1
Fond-du-Lac;Canadá;1
Pukatawagan;Canadá;1
Fort Mcpherson;Canadá;1
Tulita;Canadá;1
Gods River;Canadá;1
Kashechewan;Canadá;1
Muskrat Dam;Canadá;1
Sachigo Lake;Canadá;1
Round Lake;Canadá;1
South Indian Lake;Canadá;1
Bloodvein River;Canadá;1
Shamattawa;Canadá;1
Churchill Falls;Canadá;1
Lac Brochet;Canadá;1
Wollaston Lake;Canadá;1
Dekai;Indonesia;1
Dalnerechensk;Rusia;1
Deputatskiy;Rusia;1
Emden;Alemania;1
Wangerooge;Alemania;1
Juist;Alemania;1
Borkum;Alemania;1
Norddeich;Alemania;1
Norderney;Alemania;1
Baltrum;Alemania;1
Oesterdeichstrich;Alemania;1
Helgoland;Alemania;1
Fair Isle;Reino Unido;1
Coll Island;Reino Unido;1
North Ronaldsay;Reino Unido;1
North Connel;Reino Unido;1
Papa Westray, Orkney Islands;Reino Unido;1
Stronsay;Reino Unido;1
Sanday;Reino Unido;1
Lerwick, Shetland Islands;Reino Unido;1
Westray, Orkney Islands;Reino Unido;1
Colonsay;Reino Unido;1
Land's End, Cornwall;Reino Unido;1
St. Mary's, Isles of Scilly;Reino Unido;1
Inverin;Irlanda;1
Inis Mór;Irlanda;1
Inis Oírr;Irlanda;1
Inis Meáin;Irlanda;1
Enejit Island;Islas Marshall;1
Læsø;Dinamarca;1
Førde;Noruega;1
Hasvik;Noruega;1
Namsos;Noruega;1
Røst;Noruega;1
Sandane;Noruega;1
Sogndal;Noruega;1
Sveg;Suecia;1
Råda;Suecia;1
Pajala;Suecia;1
Hemavan;Suecia;1
Shire Inda Selassie;Etiopía;1
Shakawe;Botsuana;1
San Antonio de Palé;Guinea Ecuatorial;1
Kasama;Zambia;1
Solwesi;Zambia;1
Tambohorano;Madagascar;1
Soalala;Madagascar;1
Tsaratanana;Madagascar;1
Funadhoo;Maldivas;1
Xai-Xai;Mozambique;1
Halali;Namibia;1
Inongo;República Democrática del Congo;1
Boende;República Democrática del Congo;1
Kamina;República Democrática del Congo;1
Ilebo;República Democrática del Congo;1
Gamba;Gabón;1
Foula;Reino Unido;1
Alajero, La Gomera Island;España;1
Goodnews;Estados Unidos;1
São Filipe;Cabo Verde;1
Dessie;Etiopía;1
Dembidollo;Etiopía;1
Mizan Teferi;Etiopía;1
Shilavo;Etiopía;1
Semera;Etiopía;1
Tippi;Etiopía;1
Kirundo;Burundi;1
Beledweyne;Somalia;1
Galcaio;Somalia;1
Garowe;Somalia;1
Siwa Oasis;Egipto;1
Meru-Kinna;Kenia;1
Misrata;Libia;1
Adam;Libia;1
Bukoba;Tanzania;1
Kigoma;Tanzania;1
Kilindoni;Tanzania;1
Musoma;Tanzania;1
Seronera;Tanzania;1
Shinyanga;Tanzania;1
Tabora;Tanzania;1
Singkil;Indonesia;1
Sungai Penuh;Indonesia;1
Sipura Island;Indonesia;1
Jagdalpur;India;1
Tiakur;Indonesia;1
Chizhou;China;1
Anacortes;Estados Unidos;1
Block Island;Estados Unidos;1
Nanwalek;Estados Unidos;1
Grayling;Estados Unidos;1
Ironwood;Estados Unidos;1
Manistee;Estados Unidos;1
Montauk;Estados Unidos;1
Martha's Vineyard;Estados Unidos;1
Ushant;Francia;1
Île d'Yeu;Francia;1
Chaspuzac, Haute-Loire;Francia;1
Saint-Tropez;Francia;1
Miquelon;San Pedro y Miquelón;1
Ikaria Island;Grecia;1
Argos Orestiko;Grecia;1
Kithira Island;Grecia;1
Kastelorizo Island;Grecia;1
Kasos Island;Grecia;1
Kalymnos Island;Grecia;1
Leros Island;Grecia;1
Limnos Island;Grecia;1
Milos Island;Grecia;1
Naxos;Grecia;1
Paros;Grecia;1
Astypalaia Island;Grecia;1
Syros Island;Grecia;1
Skiros Island;Grecia;1
Corvo;Portugal;1
Amasya;Turquía;1
Sivas;Turquía;1
Altıntaş;Turquía;1
Bingöl;Turquía;1
Salt Cay;Islas Turcas y Caicos;1
Huehuetenango;Guatemala;1
Quezaltenango;Guatemala;1
Ujae Atoll;Islas Marshall;1
Aur Atoll;Islas Marshall;1
Ailinglapalap Atoll;Islas Marshall;1
Likiep Island;Islas Marshall;1
Majkin;Islas Marshall;1
Rongelap Island;Islas Marshall;1
Jabor Jaluit Atoll;Islas Marshall;1
Wotje;Islas Marshall;1
Wotho Island;Islas Marshall;1
Puerto Lempira;Honduras;1
Utila Island;Honduras;1
Mili Island;Islas Marshall;1
Comondú;México;1
San Quintín;México;1
Puerto Peñasco;México;1
Corn Island;Nicaragua;1
Morowali;Indonesia;1
Panamá City;Panamá;1
Pedasí;Panamá;1
Río Hato;Panamá;1
Faresmaathodaa;Maldivas;1
Long Banga;Malasia;1
May Creek;Estados Unidos;1
Aitutaki;Islas Cook;1
Atiu Island;Islas Cook;1
Manihiki Island;Islas Cook;1
Mauke Island;Islas Cook;1
Mitiaro Island;Islas Cook;1
Cicia;Fiyi;1
Malolo Lailai Island;Fiyi;1
Vunisea;Fiyi;1
Mana Island;Fiyi;1
Moala;Fiyi;1
Bureta;Fiyi;1
Ngau;Fiyi;1
Lakeba Island;Fiyi;1
Matei;Fiyi;1
Koro Island;Fiyi;1
Rotuma;Fiyi;1
Savusavu;Fiyi;1
Yasawa Island;Fiyi;1
Eua Island;Tonga;1
Niuatoputapu;Tonga;1
Vanua Balavu;Fiyi;1
Butaritari;Kiribati;1
Buariki;Kiribati;1
Futuna Island;Wallis y Futuna;1
Ofu;Samoa Americana;1
Fitiuta Village;Samoa Americana;1
Rimatara Island;Polinesia Francesa;1
Apataki;Polinesia Francesa;1
Hikueru;Polinesia Francesa;1
Napuka Island;Polinesia Francesa;1
Tatakoto;Polinesia Francesa;1
Kauehi;Polinesia Francesa;1
Fakahina;Polinesia Francesa;1
Naiu Atoll;Polinesia Francesa;1
Raroia;Polinesia Francesa;1
Ua Pou;Polinesia Francesa;1
Ua Huka;Polinesia Francesa;1
Sola;Vanuatu;1
Craig Cove;Vanuatu;1
Longana;Vanuatu;1
Pentecost Island;Vanuatu;1
Paama Island;Vanuatu;1
Lamap;Vanuatu;1
Lamen Bay;Vanuatu;1
Lonorore;Vanuatu;1
Norsup;Vanuatu;1
Tongoa Island;Vanuatu;1
Epi Island;Vanuatu;1
Walaha;Vanuatu;1
Olpoi;Vanuatu;1
Waala;Nueva Caledonia;1
Koumac;Nueva Caledonia;1
Claris;Nueva Zelanda;1
Koromiko;Nueva Zelanda;1
Fayzabad;Afganistán;1
Semnan;Irán;1
Parsabad;Irán;1
Bandar-e-Jask;Irán;1
Old Harbor;Estados Unidos;1
Delma Island;Emiratos Árabes Unidos;1
Dalbandin;Pakistán;1
Khuzdar;Pakistán;1
Muzaffarabad;Pakistán;1
Port Lions;Estados Unidos;1
Puerto Piña;Panamá;1
Contadora Island;Panamá;1
Atka;Estados Unidos;1
Buckland;Estados Unidos;1
Bettles;Estados Unidos;1
Central;Estados Unidos;1
Chalkyitsik;Estados Unidos;1
Chefornak;Estados Unidos;1
Scammon Bay;Estados Unidos;1
Circle;Estados Unidos;1
Yakataga;Estados Unidos;1
Marshall;Estados Unidos;1
Kongiganak;Estados Unidos;1
Eek;Estados Unidos;1
Mertarvik;Estados Unidos;1
Nikolai;Estados Unidos;1
Kwigillingok;Estados Unidos;1
Shungnak;Estados Unidos;1
Golovin;Estados Unidos;1
Nightmute;Estados Unidos;1
Skagway;Estados Unidos;1
Hooper Bay;Estados Unidos;1
Hughes;Estados Unidos;1
Igiugig;Estados Unidos;1
Wales;Estados Unidos;1
Chignik;Estados Unidos;1
Koliganek;Estados Unidos;1
False Pass;Estados Unidos;1
Akhiok;Estados Unidos;1
Kipnuk;Estados Unidos;1
Koyuk;Estados Unidos;1
Nikolski;Estados Unidos;1
Kaltag;Estados Unidos;1
Karluk;Estados Unidos;1
Larsen Bay;Estados Unidos;1
Kalskag;Estados Unidos;1
Port Alsworth;Estados Unidos;1
Manokotak;Estados Unidos;1
Minchumina;Estados Unidos;1
St Michael;Estados Unidos;1
Manley Hot Springs;Estados Unidos;1
Mountain Village;Estados Unidos;1
Napakiak;Estados Unidos;1
Nulato;Estados Unidos;1
New Stuyahok;Estados Unidos;1
Kobuk;Estados Unidos;1
Hoonah;Estados Unidos;1
Toksook Bay;Estados Unidos;1
Nelson Lagoon;Estados Unidos;1
Perryville;Estados Unidos;1
Napaskiak;Estados Unidos;1
Pilot Point;Estados Unidos;1
Point Hope;Estados Unidos;1
Quinhagak;Estados Unidos;1
Russian Mission;Estados Unidos;1
Shishmaref;Estados Unidos;1
Selawik;Estados Unidos;1
Sleetmute;Estados Unidos;1
St Mary's;Estados Unidos;1
Seldovia;Estados Unidos;1
Tanana;Estados Unidos;1
Tin City;Estados Unidos;1
Teller;Estados Unidos;1
Togiak Village;Estados Unidos;1
Alakanuk;Estados Unidos;1
Akutan;Estados Unidos;1
Chevak;Estados Unidos;1
King Cove;Estados Unidos;1
Venetie;Estados Unidos;1
Kivalina;Estados Unidos;1
White Mountain;Estados Unidos;1
Noatak;Estados Unidos;1
Akiak;Estados Unidos;1
Allakaket;Estados Unidos;1
Chenega;Estados Unidos;1
Clarks Point;Estados Unidos;1
Elim;Estados Unidos;1
Kasigluk;Estados Unidos;1
Kokhanok;Estados Unidos;1
Kotlik;Estados Unidos;1
Brevig Mission;Estados Unidos;1
Koyukuk;Estados Unidos;1
Kwethluk;Estados Unidos;1
Noorvik;Estados Unidos;1
Shaktoolik;Estados Unidos;1
Tok;Estados Unidos;1
South Naknek;Estados Unidos;1
Lake Murray;Papúa Nueva Guinea;1
Port Graham;Estados Unidos;1
Kalaupapa;Estados Unidos;1
Eniwetok Atoll;Islas Marshall;1
Kili Island;Islas Marshall;1
Red Devil;Estados Unidos;1
Badanjilin;China;1
Rampart;Estados Unidos;1
Aguni;Japón;1
El Nido;Filipinas;1
Cuyo;Filipinas;1
Del Carmen;Filipinas;1
San Vicente;Filipinas;1
Taksimo;Rusia;1
Motygino;Rusia;1
Lopez;Estados Unidos;1
San Antonio Oeste;Argentina;1
Gobernador Gregores;Argentina;1
Rio Turbio;Argentina;1
Caldas Novas;Brasil;1
Bonito;Brasil;1
Guarapuava;Brasil;1
Jaguaruna;Brasil;1
Ji-Paraná;Brasil;1
Juazeiro do Norte;Brasil;1
Lençóis;Brasil;1
Pato Branco;Brasil;1
Barreirinhas;Brasil;1
Sorriso;Brasil;1
Una;Brasil;1
Três Lagoas;Brasil;1
Pucon;Chile;1
Dalcahue;Chile;1
Villa Las Estrellas;Antártida;1
Sorocaba;Brasil;1
Paraty;Brasil;1
Puerto Villamil;Ecuador;1
Puerto Baquerizo Moreno;Ecuador;1
La Toma (Catamayo);Ecuador;1
Stanley;Islas Malvinas;1
Maraú;Brasil;1
Puerto Leguízamo;Colombia;1
La Pedrera;Colombia;1
La Macarena;Colombia;1
Nuquí;Colombia;1
Tarapacá;Colombia;1
Saravena;Colombia;1
Santiago de Tolú;Colombia;1
Chimore;Bolivia;1
Puerto Rico/Manuripi;Bolivia;1
Rurrenabaque;Bolivia;1
Drietabbetje;Surinam;1
Moengo;Surinam;1
Wageningen;Surinam;1
Barreiras;Brasil;1
Paragominas;Brasil;1
Guarapari;Brasil;1
Serra Talhada;Brasil;1
Caruaru;Brasil;1
Salinópolis;Brasil;1
Valença;Brasil;1
Breves;Brasil;1
Paracatu;Brasil;1
Andahuaylas;Perú;1
Kwatta;Surinam;1
Mulegé;México;1
Stony River;Estados Unidos;1
Canela;Brasil;1
Francisco Beltrão;Brasil;1
Guaíra;Brasil;1
Cacoal;Brasil;1
Umuarama;Brasil;1
União da Vitória;Brasil;1
Isla de Coche;Venezuela;1
Gran Roque Island;Venezuela;1
Stevens Village;Estados Unidos;1
Barcelos;Brasil;1
Pontes e Lacerda;Brasil;1
Borba;Brasil;1
Carauari;Brasil;1
Lábrea;Brasil;1
Santa Isabel do Rio Negro;Brasil;1
Tangará da Serra;Brasil;1
Nunam Iqua;Estados Unidos;1
Grande Anse;Guadalupe;1
Basse-Terre;Guadalupe;1
St-François;Guadalupe;1
Carriacou Island;Granada;1
Tuluksak;Estados Unidos;1
Tumxuk;China;1
Usharal;Kazajistán;1
Zaysan;Kazajistán;1
Lankaran;Azerbaiyán;1
Batagay;Rusia;1
Batagay-Alyta;Rusia;1
Ust-Kuyga;Rusia;1
Ust-Maya;Rusia;1
Verkhnevilyuisk;Rusia;1
Suntar;Rusia;1
Kisoro;Uganda;1
Markovo;Rusia;1
Bogorodskoye;Rusia;1
Kurilsk;Rusia;1
Shakhtyorsk;Rusia;1
Yuzhno-Kurilsk;Rusia;1
Nogliki;Rusia;1
Plastun;Rusia;1
Bodaybo;Rusia;1
Nizhneangarsk;Rusia;1
Leshukonskoye;Rusia;1
Solovetsky Islands;Rusia;1
Tura;Rusia;1
Turukhansk;Rusia;1
Pilot Station;Estados Unidos;1
Karshi;Uzbekistán;1
Urzhar;Kazajistán;1
Diu;India;1
Jalgaon;India;1
Deoghar;India;1
Aligarh;India;1
Adampur;India;1
Ghaziabad;India;1
Shravasti;India;1
Luang Namtha;Laos;1
Oudomsay;Laos;1
Xieng Khouang;Laos;1
Bharatpur;Nepal;1
Bhadrapur;Nepal;1
Dolpa;Nepal;1
Silgadi Doti;Nepal;1
Jumla;Nepal;1
Jomsom;Nepal;1
Simara;Nepal;1
Surkhet;Nepal;1
Simikot;Nepal;1
Tumling Tar;Nepal;1
Kalaburagi;India;1
Vagaikulam;India;1
Jakar;Bután;1
Yongphulla;Bután;1
Kulhudhuffushi;Maldivas;1
Baa Atoll;Maldivas;1
Thimarafushi;Maldivas;1
Maavaarulu;Maldivas;1
Tam Nghĩa;Vietnam;1
Thanh Hóa;Vietnam;1
Nyaung U;Myanmar;1
Banmaw;Myanmar;1
Kanti;Myanmar;1
Mawlamyine;Myanmar;1
Magway;Myanmar;1
Pathein;Myanmar;1
Roche Harbor;Estados Unidos;1
Sumbawa Besar;Indonesia;1
Radamata;Indonesia;1
Waingapu-Sumba Island;Indonesia;1
Rogojampi, Banyuwangi;Indonesia;1
Palopo;Indonesia;1
Toli Toli-Celebes Island;Indonesia;1
Tojo Una-Una;Indonesia;1
Muara Teweh;Indonesia;1
Seruyan;Indonesia;1
Karimunjawa;Indonesia;1
Bokondini;Indonesia;1
Tanjung Selor-Borneo Island;Indonesia;1
Datadawai-Borneo Island;Indonesia;1
Gorontalo;Indonesia;1
Lolak;Indonesia;1
Buol;Indonesia;1
Batu Licin;Indonesia;1
Pangkalanbun;Indonesia;1
Stagen;Indonesia;1
Sampit;Indonesia;1
Tumbang Samba-Borneo Island;Indonesia;1
Malinau;Indonesia;1
Jember;Indonesia;1
Waisai;Indonesia;1
Atambua;Indonesia;1
Waioti;Indonesia;1
Ende;Indonesia;1
Satar Tacik, Manggarai;Indonesia;1
Tiwatobi;Indonesia;1
Kabola;Indonesia;1
Labuan Bajo, Manggarai Barat;Indonesia;1
Ba'a - Rote Island;Indonesia;1
Benteng;Indonesia;1
Kendari;Indonesia;1
Stebbins;Estados Unidos;1
Long Datih;Malasia;1
Long Seridan;Malasia;1
Bakalalan;Malasia;1
Lawas;Malasia;1
Tomanggong;Malasia;1
Kudat;Malasia;1
Cijulang;Indonesia;1
Muko Muko;Indonesia;1
Lhok Seumawe-Sumatra Island;Indonesia;1
Siborong-Borong;Indonesia;1
Tanjung Pandan;Indonesia;1
Jambi;Indonesia;1
Muara Bungo;Indonesia;1
Pangkor Island;Malasia;1
Saumlaki-Yamdena Island;Indonesia;1
Long Bawan;Indonesia;1
Bontang-Borneo Island;Indonesia;1
Long Apung-Borneo Island;Indonesia;1
Aurukun;Australia;1
Badu Island;Australia;1
Busselton;Australia;1
Boigu Island;Australia;1
Christmas Creek Mine;Australia;1
Darnley Island;Australia;1
Whitemark;Australia;1
Lajamanu;Australia;1
Hughenden;Australia;1
Karara;Australia;1
Kalbarri;Australia;1
Kubin Island;Australia;1
Lord Howe Island;Australia;1
Laverton;Australia;1
Mabuiag Island;Australia;1
Murray Island;Australia;1
Milingimbi Island;Australia;1
McArthur River Mine;Australia;1
Bamaga;Australia;1
Olympic Dam;Australia;1
Mount Eba;Australia;1
Pormpuraaw;Australia;1
Saibai Island;Australia;1
Sue Islet;Australia;1
Yorke Island;Australia;1
Yam Island;Australia;1
Akiachak;Estados Unidos;1
Birch Creek;Estados Unidos;1
Changzhi;China;1
Tangshan (Fengrun);China;1
Ulanhot;China;1
Xinzhou;China;1
Hengyang;China;1
Meizhou (Meixian);China;1
Xiangxi;China;1
Nanyang (Wancheng);China;1
Anyang;China;1
Ankang (Hanbin);China;1
Haibei (Qilian);China;1
Uliastai;Mongolia;1
Mandalgobi;Mongolia;1
Pu'er;China;1
Wenshan;China;1
Ganzhou;China;1
Jiujiang;China;1
Dazhou (Daxian);China;1
Garzê (Garzê);China;1
Qiannan (Libo);China;1
Nanchong (Gaoping);China;1
Shannan;China;1
Wushan;China;1
Wanzhou;China;1
Aral;China;1
Shihezi;China;1
Kuqa;China;1
Karamay;China;1
Tacheng;China;1
Hotan (Yutian);China;1
Dalian (Changhai);China;1
Daqing;China;1
Los Ángeles;États-Unis;938
Berlín;Allemagne;792
Fráncfort;Allemagne;789
Colonia;Allemagne;792
Zúrich;Suisse;851
Bruselas;Belgique;838
Ámsterdam;Pays-Bas;899
Estocolmo;Suède;834
Oslo;Norvège;821
Helsinki;Finlande;816
Shanghái;Chine;799
Río de Janeiro;Brésil;743
Río;Brésil;734
Bogotá;Colombie;769
La Habana;Cuba;445
Dubái;Émirats arabes unis;938
Marrakech;Maroc;801
Mascate;Oman;673
Bali;Indonésie;769
Singapur;Singapour;903
Manila;Philippines;676
San Petersburgo;Russie;779
Reikiavik;Islande;812
Palma;Espagne;829
Mallorca;Espagne;816
Menorca;Espagne;673
Hanói;Viêt Nam;507
Saigón;Viêt Nam;491
Paris;Francia;900
New York;Estados Unidos;940
Sydney;Australia;750
Istanbul;Turquía;700
Dublín;Irlanda;680
