Words;Link;Score
Paris;França;1000
Londres;Reino Unido;974
Nova Iorque;Estados Unidos;971
Dubai;Emirados Árabes Unidos;961
Tóquio;Japão;955
Los Angeles;Estados Unidos;948
Singapore;Singapura;942
Hong Kong;Hong Kong;935
Amsterdam;Países Baixos;933
Miami;Estados Unidos;922
Istambul;Turquia;922
Chicago;Estados Unidos;920
San Francisco;Estados Unidos;920
Houston;Estados Unidos;916
Washington;Estados Unidos;916
Madrid;Espanha;916
Barcelona;Espanha;913
Dallas;Estados Unidos;912
Atlanta;Estados Unidos;909
Rome;Itália;909
Munique;Alemanha;903
Denver;Estados Unidos;903
Seattle;Estados Unidos;899
Boston;Estados Unidos;896
Orlando;Estados Unidos;896
Zurich;Suíça;896
Philadelphia;Estados Unidos;894
Viena;Áustria;894
Copenhaga;Dinamarca;890
Las Vegas;Estados Unidos;886
Stockholm;Suécia;883
Genebra;Suíça;883
Atenas;Grécia;873
Lisboa;Portugal;870
Dublin;Irlanda;868
Varsóvia;Polônia;864
Praga;República Tcheca;860
Nice;França;857
Budapest;Hungria;857
Berlin;Alemanha;851
Milão;Itália;851
Bucareste;Romênia;851
Cairo;Egito;844
Hamburgo;Alemanha;842
Bangkok;Tailândia;842
Nápoles;Itália;838
Palma de Maiorca;Espanha;838
Lyon;França;838
Veneza;Itália;835
Edimburgo;Reino Unido;831
Florença;Itália;831
Ibiza;Espanha;831
Marselha;França;831
Antalya;Turquia;831
Jakarta;Indonésia;831
Mumbai;Índia;829
Las Palmas;Espanha;825
Toulouse;França;825
Turim;Itália;825
Pequim;China;821
Manchester;Estados Unidos;818
Bordeaux;França;818
Salónica;Grécia;818
Sydney;Austrália;816
Heraklion;Grécia;816
Innsbruck;Áustria;816
Salzburg;Áustria;813
Melbourne;Austrália;812
Nantes;França;812
Rodes;Grécia;812
Ankara;Turquia;812
Toronto;Canadá;808
Sevilha;Espanha;808
Birmingham;Estados Unidos;805
Lille;França;805
Corfu;Grécia;805
São Petersburgo;Rússia;805
Vancouver;Canadá;803
Santorini;Grécia;803
Strasbourg;França;799
Cidade do México;México;799
São Paulo;Brasil;795
Pisa (PI);Itália;792
Buenos Aires;Argentina;792
Lima;Peru;786
Phuket;Tailândia;786
Kiev;Ucrânia;779
Santiago;Chile;777
Casablanca;Marrocos;773
Johannesburg;África do Sul;769
Génova;Itália;769
Nairobi;Quênia;766
Kos Island;Grécia;766
Chiang Mai;Tailândia;766
Lagos;Nigéria;760
Nagoya;Japão;760
Fukuoka;Japão;756
Accra;Gana;753
Sapporo;Japão;753
Busan;Coreia do Sul;753
Addis Ababa;Etiópia;751
Chennai;Índia;751
Kolkata;Índia;748
Doha;Catar;747
Hyderabad;Paquistão;746
Abu Dhabi;Emirados Árabes Unidos;744
Cancún;México;741
Riade;Arábia Saudita;741
Kuwait City;Kuwait;734
Zanzibar;Tanzânia;721
Karachi;Paquistão;721
Mombasa;Quênia;715
Jidá;Arábia Saudita;708
Colombo;Sri Lanka;708
Catmandu;Nepal;702
Manama;Bahrein;699
Daca;Bangladesh;695
Cidade de Ho Chi Minh;Vietnã;695
Rangum;Mianmar;689
Seul;Coreia do Sul;678
Osaka;Japão;676
Shenzhen;China;665
Auckland;Nova Zelândia;656
Cidade do Cabo;África do Sul;647
Tunis;Tunísia;639
Argel;Argélia;637
Beirut;Líbano;626
Papeete;Polinésia Francesa;624
Amman;Jordânia;624
Tel Aviv;Israel;621
Teerão;Irã;617
Baku;Azerbaijão;611
Almaty;Cazaquistão;600
Tashkent;Uzbequistão;598
Honiara;Ilhas Salomão;546
Lae;Papua-Nova Guiné;546
Port Moresby;Papua-Nova Guiné;546
BNK;Bangladesh;546
Nuuk;Groenlândia;546
Akureyri;Islândia;546
Reykjavík;Islândia;546
Parakou;Benin;546
Prishtina;Kosovo;546
Belize City;Belize;546
Hangzhou;China;546
Edmonton;Canadá;546
Kingston;Jamaica;546
Hamilton;Bermudas;546
Montréal;Canadá;546
Halifax;Canadá;546
Kelowna;Canadá;546
Ottawa;Canadá;546
Quebec;Canadá;546
Winnipeg;Canadá;546
Saskatoon;Canadá;546
Calgary;Canadá;546
Victoria;Seicheles;546
St. John's;Canadá;546
Faro;Portugal;546
Béjaïa;Argélia;546
Djanet;Argélia;546
Tamanrasset;Argélia;546
Tahir;Argélia;546
Annaba;Argélia;546
Constantine;Argélia;546
Batna;Argélia;546
Chlef;Argélia;546
Zenata;Argélia;546
Es-Sénia;Argélia;546
Biskra;Argélia;546
Cotonou;Benin;546
Ouagadougou;Burkina Faso;546
Bobo Dioulasso;Burkina Faso;546
Tamale;Gana;546
Kumasi;Gana;546
Abidjan;Costa do Marfim;546
Abuja;Nigéria;546
Asaba;Nigéria;546
Bauchi;Nigéria;546
Enegu;Nigéria;546
Ilorin/Ogbomosho;Nigéria;546
Kaduna;Nigéria;546
Kano;Nigéria;546
Maiduguri;Nigéria;546
Port Harcourt;Nigéria;546
Sokoto;Nigéria;546
Niamey;Níger;546
Mellita;Tunísia;546
Lomé;Togo;546
Zaventem;Bélgica;546
Charleroi;Bélgica;546
Oostende;Bélgica;546
Dresden;Alemanha;546
Erfurt;Alemanha;546
Frankfurt am Main;Alemanha;546
Greven;Alemanha;546
Köln (Cologne);Alemanha;546
Düsseldorf;Alemanha;546
Nuremberg;Alemanha;546
Schkeuditz;Alemanha;546
Stuttgart;Alemanha;546
Hannover;Alemanha;546
Bremen;Alemanha;546
Frankfurt am Main (Lautzenhausen);Alemanha;546
Memmingen;Alemanha;546
Büren;Alemanha;546
Weeze;Alemanha;546
Dortmund;Alemanha;546
Friedrichshafen;Alemanha;546
Rheinmünster;Alemanha;546
Calden;Alemanha;546
Tallinn;Estônia;546
Helsinki (Vantaa);Finlândia;546
Ivalo;Finlândia;546
Kittilä;Finlândia;546
Kuopio / Siilinjärvi;Finlândia;546
Lappeenranta;Finlândia;546
Mariehamn;Finlândia;546
Oulu / Oulunsalo;Finlândia;546
Rovaniemi;Finlândia;546
Tampere / Pirkkala;Finlândia;546
Turku;Finlândia;546
Vaasa;Finlândia;546
Belfast;Reino Unido;546
Birmingham, West Midlands;Reino Unido;546
Manchester, Greater Manchester;Reino Unido;546
Cardiff;Reino Unido;546
Bristol;Reino Unido;546
Liverpool;Reino Unido;546
Luton, Luton;Reino Unido;546
Leeds, West Yorkshire;Reino Unido;546
Castletown;Ilha de Man;546
Newcastle upon Tyne, Tyne and Wear;Reino Unido;546
Nottingham, Leicestershire;Reino Unido;546
Aberdeen;Reino Unido;546
Glasgow;Reino Unido;546
Prestwick, South Ayrshire;Reino Unido;546
London, Essex;Reino Unido;546
Mount Pleasant;Ilhas Malvinas;546
Maastricht;Países Baixos;546
Eindhoven;Países Baixos;546
Groningen;Países Baixos;546
Rotterdam;Países Baixos;546
Cork;Irlanda;546
Charlestown;Irlanda;546
Shannon;Irlanda;546
Aarhus;Dinamarca;546
Billund;Dinamarca;546
Odense;Dinamarca;546
Vágar;Ilhas Faroé;546
Aalborg;Dinamarca;546
Luxembourg;Luxemburgo;546
Ålesund;Noruega;546
Bodø;Noruega;546
Bergen;Noruega;546
Kristiansand(Kjevik);Noruega;546
Evenes;Noruega;546
Oslo (Gardermoen);Noruega;546
Tromsø;Noruega;546
Sandefjord(Torp);Noruega;546
Trondheim;Noruega;546
Stavanger;Noruega;546
Gdańsk;Polônia;546
Balice;Polônia;546
Katowice;Polônia;546
Lublin;Polônia;546
Łódź;Polônia;546
Nowy Dwór Mazowiecki;Polônia;546
Poznań;Polônia;546
Jasionka;Polônia;546
Szczecin(Glewice);Polônia;546
Wrocław;Polônia;546
Göteborg;Suécia;546
Nyköping;Suécia;546
Malung-Sälen;Suécia;546
Malmö;Suécia;546
Kiruna;Suécia;546
Umeå;Suécia;546
Stockholm / Västerås;Suécia;546
Luleå;Suécia;546
Linköping;Suécia;546
Visby;Suécia;546
Riga;Letônia;546
Kaunas;Lituânia;546
Palanga;Lituânia;546
Vilnius;Lituânia;546
Bloemfontein;África do Sul;546
East London;África do Sul;546
George;África do Sul;546
Kimberley;África do Sul;546
Mbombela;África do Sul;546
Durban;África do Sul;546
Gqeberha (Port Elizabeth);África do Sul;546
Polokwane;África do Sul;546
Queenstown;Nova Zelândia;546
Francistown;Botsuana;546
Kasane;Botsuana;546
Maun;Botsuana;546
Gaborone;Botsuana;546
Brazzaville;Congo;546
Pointe Noire;Congo;546
Mpaka;Essuatíni;546
Bangui;República Centro-Africana;546
Bata;Guiné Equatorial;546
Malabo;Guiné Equatorial;546
Plaine Magnien;Maurício;546
Douala;Camarões;546
Garoua;Camarões;546
Yaoundé;Camarões;546
Livingstone;Zâmbia;546
Lusaka;Zâmbia;546
Mfuwe;Zâmbia;546
Ndola;Zâmbia;546
Moroni;Comores;546
Dzaoudzi;Mayotte;546
Sainte-Marie;Reunião;546
Saint-Pierre;Reunião;546
Antananarivo;Madagascar;546
Toamasina;Madagascar;546
Mahajanga;Madagascar;546
Nosy Be;Madagascar;546
Luanda (Ícolo e Bengo);Angola;546
Luanda;Angola;546
Port Gentil;Gabão;546
Libreville;Gabão;546
Franceville;Gabão;546
São Tomé;São Tomé e Príncipe;546
Beira;Moçambique;546
Maputo;Moçambique;546
Nampula;Moçambique;546
Tete;Moçambique;546
N'Djamena;Chade;546
Bulawayo;Zimbábue;546
Victoria Falls;Zimbábue;546
Harare;Zimbábue;546
Blantyre;Malawi;546
Lumbadzi;Malawi;546
Maseru(Mazenod);Lesoto;546
Walvis Bay(Rooikop);Namíbia;546
Windhoek;Namíbia;546
Kinshasa;República Democrática do Congo;546
Kisangani;República Democrática do Congo;546
Goma;República Democrática do Congo;546
Lubumbashi;República Democrática do Congo;546
Bamako;Mali;546
Timbuktu;Mali;546
Banjul (Yundum);Gâmbia;546
El Matorral;Espanha;546
San Bartolomé;Espanha;546
Tenerife;Espanha;546
Freetown (Lungi-Town);Serra Leoa;546
Bissau;Guiné-Bissau;546
Monrovia;Libéria;546
Agadir (Temsia);Marrocos;546
Zagora;Marrocos;546
Saïss;Marrocos;546
Ahl Angad;Marrocos;546
Oulad Yaich;Marrocos;546
Rabat;Marrocos;546
Dakhla;Saara Ocidental;546
El Aaiún;Saara Ocidental;546
Al Aaroui;Marrocos;546
Marrakesh;Marrocos;546
Ouarzazate;Marrocos;546
Tétouan;Marrocos;546
Tangier;Marrocos;546
Dakar;Senegal;546
Nouakchott;Mauritânia;546
Nouadhibou;Mauritânia;546
Conakry;Guiné;546
Espargos;Cabo Verde;546
Rabil;Cabo Verde;546
Praia;Cabo Verde;546
São Pedro;Cabo Verde;546
Dire Dawa;Etiópia;546
Jijiga;Etiópia;546
Hawassa;Etiópia;546
Bujumbura;Burundi;546
Bosaso;Somália;546
Hargeisa;Somália;546
Mogadishu;Somália;546
Djibouti City;Djibuti;546
El Alamein;Egito;546
El Arish;Egito;546
Asyut;Egito;546
Alexandria;Egito;546
Hurghada;Egito;546
Luxor;Egito;546
Marsa Alam;Egito;546
Marsa Matruh;Egito;546
Port Said;Egito;546
Suhaj;Egito;546
Sharm El Sheikh;Egito;546
Aswan;Egito;546
Al Jiza;Egito;546
Juba;Sudão do Sul;546
Eldoret;Quênia;546
Kisumu;Quênia;546
Benina;Líbia;546
Tripoli;Líbia;546
Al Albraq;Líbia;546
Kigali;Ruanda;546
Port Sudan;Sudão;546
Khartoum;Sudão;546
Arusha;Tanzânia;546
Dar es Salaam;Tanzânia;546
Mwanza;Tanzânia;546
Entebbe;Uganda;546
Navi Mumbai;Índia;546
Albuquerque;Estados Unidos;546
Albany;Estados Unidos;546
Pittsburgh;Estados Unidos;546
Austin;Estados Unidos;546
Columbus;Estados Unidos;546
Hartford;Estados Unidos;546
Cleveland;Estados Unidos;546
Nashville;Estados Unidos;546
Boise;Estados Unidos;546
Buffalo;Estados Unidos;546
Burbank;Estados Unidos;546
Baltimore;Estados Unidos;546
Charleston;Estados Unidos;546
Charlotte;Estados Unidos;546
Colorado Springs;Estados Unidos;546
Jacksonville;Estados Unidos;546
Cincinnati / Covington;Estados Unidos;546
Detroit;Estados Unidos;546
Dallas-Fort Worth;Estados Unidos;546
Tucson;Estados Unidos;546
Des Moines;Estados Unidos;546
El Paso;Estados Unidos;546
Newark;Estados Unidos;546
Fresno;Estados Unidos;546
Fort Lauderdale;Estados Unidos;546
Fort Myers;Estados Unidos;546
Spokane;Estados Unidos;546
Grand Rapids;Estados Unidos;546
Greensboro;Estados Unidos;546
Ta Noun;Camboja;546
Phnom Penh (Boeng Khyang);Camboja;546
Portland;Estados Unidos;546
Dulles;Estados Unidos;546
Indianapolis;Estados Unidos;546
Long Beach;Estados Unidos;546
Louisville;Estados Unidos;546
Sacramento;Estados Unidos;546
Tampa;Estados Unidos;546
Kansas City;Estados Unidos;546
Memphis;Estados Unidos;546
Milwaukee;Estados Unidos;546
Minneapolis;Estados Unidos;546
New Orleans;Estados Unidos;546
Myrtle Beach;Estados Unidos;546
Norfolk;Estados Unidos;546
San Diego;Estados Unidos;546
Pensacola;Estados Unidos;546
Oakland;Estados Unidos;546
Omaha;Estados Unidos;546
Oklahoma City;Estados Unidos;546
Ontario;Estados Unidos;546
West Palm Beach;Estados Unidos;546
Phoenix;Estados Unidos;546
Pinellas Park;Estados Unidos;546
Palm Springs;Estados Unidos;546
Providence/Warwick;Estados Unidos;546
Raleigh/Durham;Estados Unidos;546
Richmond;Estados Unidos;546
Reno;Estados Unidos;546
Rochester;Estados Unidos;546
Tulsa;Estados Unidos;546
San Antonio;Estados Unidos;546
Savannah;Estados Unidos;546
San Bernardino;Estados Unidos;546
San Jose;Estados Unidos;546
Salt Lake City;Estados Unidos;546
Santa Ana;Estados Unidos;546
Sarasota/Bradenton;Estados Unidos;546
St Louis;Estados Unidos;546
Syracuse;Estados Unidos;546
Knoxville/Maryville;Estados Unidos;546
Rinas;Albânia;546
Burgas;Bulgária;546
Plovdiv;Bulgária;546
Sofia;Bulgária;546
Varna;Bulgária;546
Tymbou (Kirklar);Chipre;546
Larnaca;Chipre;546
Paphos;Chipre;546
Dubrovnik;Croácia;546
Pula;Croácia;546
Rijeka(Omišalj);Croácia;546
Split;Croácia;546
Velika Gorica;Croácia;546
Zadar;Croácia;546
Alicante;Espanha;546
Ranón;Espanha;546
Bilbao;Espanha;546
Girona;Espanha;546
Málaga;Espanha;546
Mahón (Maó);Espanha;546
Corvera;Espanha;546
Reus;Espanha;546
Santiago de Compostela;Espanha;546
Valencia;Espanha;546
Zaragoza;Espanha;546
Bastia;França;546
Figari;França;546
Clermont-Ferrand;França;546
Montpellier/Méditerranée;França;546
Beauvais;França;546
Brest;França;546
Bâle / Mulhouse;França;546
Kavala;Grécia;546
Souda;Grécia;546
Debrecen;Hungria;546
Pécs;Hungria;546
Bari;Itália;546
Pescara;Itália;546
Brindisi;Itália;546
Lamezia Terme (CZ);Itália;546
Catania;Itália;546
Palermo;Itália;546
Cagliari;Itália;546
Olbia (SS);Itália;546
Orio al Serio (BG);Itália;546
Bologna;Itália;546
Treviso (TV);Itália;546
Ronchi dei Legionari/Trieste;Itália;546
Rimini (RN);Itália;546
Caselle (VR);Itália;546
Perugia (PG);Itália;546
Zgornji Brnik;Eslovênia;546
České Budějovice;República Tcheca;546
Karlovy Vary;República Tcheca;546
Mošnov;República Tcheca;546
Pardubice;República Tcheca;546
Eilat;Israel;546
Valletta;Malta;546
Feldkirchen bei Graz;Áustria;546
Klagenfurt am Wörthersee;Áustria;546
Linz;Áustria;546
Funchal;Portugal;546
Ponta Delgada;Portugal;546
Porto;Portugal;546
Mahovljani;Bósnia e Herzegovina;546
Mostar;Bósnia e Herzegovina;546
Sarajevo;Bósnia e Herzegovina;546
Dubrave Gornje;Bósnia e Herzegovina;546
Bacău;Romênia;546
Brașov (Ghimbav);Romênia;546
Constanța;Romênia;546
Cluj-Napoca;Romênia;546
Craiova;Romênia;546
Iaşi;Romênia;546
Oradea;Romênia;546
Otopeni;Romênia;546
Sibiu;Romênia;546
Suceava;Romênia;546
Timişoara;Romênia;546
Seyhan;Turquia;546
Gaziantep;Turquia;546
Konya;Turquia;546
Kayseri;Turquia;546
Nevşehir;Turquia;546
Eskişehir;Turquia;546
Gaziemir;Turquia;546
Dalaman;Turquia;546
Şanlıurfa;Turquia;546
Tarsus;Turquia;546
Edremit;Turquia;546
Bodrum;Turquia;546
Pendik, Istanbul;Turquia;546
Rize;Turquia;546
Chişinău;Moldávia;546
Ohrid;Macedônia do Norte;546
Ilinden;Macedônia do Norte;546
Gibraltar;Gibraltar;546
Belgrade;Sérvia;546
Niš;Sérvia;546
Podgorica;Montenegro;546
Bratislava;Eslováquia;546
Providenciales;Ilhas Turks e Caicos;546
La Romana;República Dominicana;546
Punta Cana;República Dominicana;546
Santo Domingo;República Dominicana;546
Guatemala City;Guatemala;546
San Pedro Sula;Honduras;546
Coxen Hole;Honduras;546
Palmerola;Honduras;546
Trujillo;Peru;546
Montego Bay;Jamaica;546
Acapulco;México;546
Monterrey;México;546
Aguascalientes;México;546
Huatulco;México;546
Culiacán;México;546
Ciudad Juárez;México;546
Chihuahua;México;546
Cozumel;México;546
Guadalajara;México;546
Hermosillo;México;546
Silao;México;546
Loreto;México;546
Mérida;México;546
Morelia;México;546
Mazatlàn;México;546
Oaxaca;México;546
Puebla;México;546
Puerto Vallarta;México;546
Querétaro;México;546
San José del Cabo;México;546
Tijuana;México;546
Tulum;México;546
Toluca;México;546
Villahermosa;México;546
Veracruz;México;546
Ixtapa;México;546
Managua;Nicarágua;546
Tocumen;Panamá;546
Punta Arenas;Chile;546
Liberia;Costa Rica;546
San José (Alajuela);Costa Rica;546
San Salvador (San Luis Talpa);El Salvador;546
San Salvador;Bahamas;546
Cap Haitien;Haiti;546
Port-au-Prince;Haiti;546
Camaguey;Cuba;546
Havana;Cuba;546
Holguin;Cuba;546
Santa Clara;Cuba;546
Matanzas;Cuba;546
George Town;Ilhas Cayman;546
Freeport;Bahamas;546
Nassau;Bahamas;546
Avarua;Ilhas Cook;546
Nadi;Fiji;546
Nausori;Fiji;546
Nuku'alofa;Tonga;546
Vava'u Island;Tonga;546
Birinin Kebbi;Nigéria;546
South Tarawa;Quiribati;546
Wallis Island;Wallis e Futuna;546
Pokhara;Nepal;546
Apia;Samoa;546
Pago Pago;Samoa Americana;546
Port Vila;Vanuatu;546
Nouméa (La Tontouta);Nova Caledônia;546
Christchurch;Nova Zelândia;546
Wellington;Nova Zelândia;546
Guzara;Afeganistão;546
Cabul;Afeganistão;546
Kandahar;Afeganistão;546
Mazar-i-Sharif;Afeganistão;546
Corisco Island;Guiné Equatorial;546
Abha;Arábia Saudita;546
Hofuf;Arábia Saudita;546
Al-Ula;Arábia Saudita;546
Ad Dammam;Arábia Saudita;546
Qassim;Arábia Saudita;546
Hail;Arábia Saudita;546
Medina;Arábia Saudita;546
Sharma;Arábia Saudita;546
Qaisumah;Arábia Saudita;546
Al-Jawf;Arábia Saudita;546
Tabuk;Arábia Saudita;546
Taif;Arábia Saudita;546
Yanbu;Arábia Saudita;546
Abadan;Irã;546
Ahvaz;Irã;546
Kish Island;Irã;546
Isfahan;Irã;546
Karaj;Irã;546
Bandar Abbas;Irã;546
Kerman;Irã;546
Qeshm(Dayrestan);Irã;546
Birjand;Irã;546
Mashhad;Irã;546
Shiraz;Irã;546
Tabriz;Irã;546
Zahedan;Irã;546
Aqaba;Jordânia;546
Duqm;Omã;546
Al Ain;Emirados Árabes Unidos;546
Dubai(Jebel Ali);Emirados Árabes Unidos;546
Fujairah;Emirados Árabes Unidos;546
Ras Al Khaimah;Emirados Árabes Unidos;546
Sharjah;Emirados Árabes Unidos;546
Muscat/Seeb;Omã;546
Salalah;Omã;546
Suhar;Omã;546
Faisalabad;Paquistão;546
Gurandani;Paquistão;546
Attock;Paquistão;546
Lahore;Paquistão;546
Multan;Paquistão;546
Peshawar;Paquistão;546
Quetta;Paquistão;546
Skardu;Paquistão;546
Sialkot;Paquistão;546
Turbat;Paquistão;546
Bagdade;Iraque;546
Arbil;Iraque;546
Kirkuk;Iraque;546
Basra;Iraque;546
Najaf;Iraque;546
Aleppo;Síria;546
Damascus;Síria;546
Aden;Iêmen;546
Mukalla(Riyan);Iêmen;546
Sanaa;Iêmen;546
Seiyun;Iêmen;546
Anchorage;Estados Unidos;546
Rota Island;Ilhas Marianas do Norte;546
Hagåtña;Guam;546
Kailua-Kona;Estados Unidos;546
Lihue, Kauai;Estados Unidos;546
Honolulu, Oahu;Estados Unidos;546
Kahului;Estados Unidos;546
Majuro Atoll;Ilhas Marshall;546
Kiritimati;Quiribati;546
Weno Island;Micronésia;546
Babelthuap Island;Palau;546
Okat;Micronésia;546
Yap Island;Micronésia;546
Kaohsiung (Xiaogang);Taiwan;546
Taichung (Qingshui);Taiwan;546
Tainan (Rende);Taiwan;546
Huxi;Taiwan;546
Taipei (Songshan);Taiwan;546
Taoyuan;Taiwan;546
Hualien City;Taiwan;546
Narita;Japão;546
Omitama;Japão;546
Kobe;Japão;546
Hakodate;Japão;546
Kagoshima;Japão;546
Miyazaki;Japão;546
Kitakyushu;Japão;546
Saga;Japão;546
Kumamoto;Japão;546
Nagasaki;Japão;546
Tokoname;Japão;546
Kanazawa;Japão;546
Makinohara / Shimada;Japão;546
Hiroshima;Japão;546
Okayama;Japão;546
Nankoku;Japão;546
Matsuyama;Japão;546
Tokushima;Japão;546
Takamatsu;Japão;546
Aomori;Japão;546
Niigata;Japão;546
Natori;Japão;546
Muan (Piseo-ri);Coreia do Sul;546
Gonghang-ro;Coreia do Sul;546
Jeju City;Coreia do Sul;546
Daegu;Coreia do Sul;546
Cheongju;Coreia do Sul;546
Naha;Japão;546
Olongapo;Filipinas;546
Mabalacat;Filipinas;546
Laoag City;Filipinas;546
Legazpi;Filipinas;546
Manila (Pasay);Filipinas;546
Davao;Filipinas;546
General Santos;Filipinas;546
Laguindingan;Filipinas;546
Zamboanga;Filipinas;546
Bacolod City;Filipinas;546
Cabatuan;Filipinas;546
Kalibo;Filipinas;546
Cebu City/Lapu-Lapu City;Filipinas;546
Puerto Princesa;Filipinas;546
Hanak;Arábia Saudita;546
Rosario;Argentina;546
Cordoba;Argentina;546
Buenos Aires (Ezeiza);Argentina;546
Mendoza;Argentina;546
San Miguel de Tucumán;Argentina;546
San Juan;Porto Rico;546
Resistencia;Argentina;546
Salta;Argentina;546
San Salvador de Jujuy;Argentina;546
Comodoro Rivadavia;Argentina;546
El Calafate;Argentina;546
Rio Gallegos;Argentina;546
Neuquén;Argentina;546
San Carlos de Bariloche;Argentina;546
Belém;Brasil;546
Belo Horizonte;Brasil;546
Curitiba;Brasil;546
Brasília;Brasil;546
Boa Vista;Brasil;546
Porto Alegre;Brasil;546
Cuiabá;Brasil;546
Manaus;Brasil;546
Foz do Iguaçu;Brasil;546
Florianópolis;Brasil;546
Fortaleza;Brasil;546
Rio De Janeiro;Brasil;546
Goiânia;Brasil;546
João Pessoa;Brasil;546
Campinas;Brasil;546
Maceió;Brasil;546
Navegantes;Brasil;546
Porto Seguro;Brasil;546
Porto Velho;Brasil;546
Rio Branco;Brasil;546
Recife;Brasil;546
Natal;Brasil;546
São Luís;Brasil;546
Salvador;Brasil;546
Vitória;Brasil;546
Iquique;Chile;546
Antofagasta;Chile;546
Concepcion;Chile;546
Isla De Pascua;Chile;546
Temuco;Chile;546
Puerto Montt;Chile;546
Guayaquil;Equador;546
Quito;Equador;546
Salinas/La Libertad;Equador;546
Tachina;Equador;546
Asunción;Paraguai;546
Encarnación;Paraguai;546
Ciudad del Este;Paraguai;546
Bogota;Colômbia;546
Barranquilla;Colômbia;546
Cartagena;Colômbia;546
Cali;Colômbia;546
Medellín;Colômbia;546
San Andrés;Colômbia;546
Sucre;Bolívia;546
Cochabamba;Bolívia;546
Santa Cruz;Bolívia;546
La Paz / El Alto;Bolívia;546
Oruro;Bolívia;546
Quijarro;Bolívia;546
Paramaribo;Suriname;546
Matoury;Guiana Francesa;546
Pucallpa;Peru;546
Chiclayo;Peru;546
Juliaca;Peru;546
Iquitos;Peru;546
Arequipa;Peru;546
Cusco;Peru;546
Ciudad de la Costa;Uruguai;546
Barquisimeto;Venezuela;546
Maracaibo;Venezuela;546
Isla Margarita;Venezuela;546
Maiquetía;Venezuela;546
Guyana City;Venezuela;546
Georgetown;Guiana;546
Osbourn;Antígua e Barbuda;546
Bridgetown;Barbados;546
Fort-de-France;Martinica;546
Pointe-à-Pitre;Guadalupe;546
Saint George's;Granada;546
Charlotte Amalie;Ilhas Virgens Americanas;546
Basseterre;São Cristóvão e Nevis;546
Vieux Fort;Santa Lúcia;546
Balkanabat;Turcomenistão;546
Oranjestad;Aruba;546
Kralendijk;Países Baixos Caribenhos;546
Willemstad;Curaçao;546
Sint Maarten;São Martinho;546
Gerald's Park;Montserrat;546
Scarborough;Trinidad e Tobago;546
Port of Spain;Trinidad e Tobago;546
Beef Island;Ilhas Virgens Britânicas;546
Kingstown;São Vicente e Granadinas;546
Astana;Cazaquistão;546
Kokshetau;Cazaquistão;546
Petropavl;Cazaquistão;546
Taraz;Cazaquistão;546
Bishkek;Quirguistão;546
Osh;Quirguistão;546
Shymkent;Cazaquistão;546
Turkıstan;Cazaquistão;546
Zhezkazgan;Cazaquistão;546
Karaganda;Cazaquistão;546
Baikonur;Cazaquistão;546
Kyzylorda;Cazaquistão;546
Uralsk;Cazaquistão;546
Ust-Kamenogorsk (Oskemen);Cazaquistão;546
Pavlodar;Cazaquistão;546
Semey;Cazaquistão;546
Aktau;Cazaquistão;546
Atyrau;Cazaquistão;546
Aktobe;Cazaquistão;546
Kostanay;Cazaquistão;546
Ganja;Azerbaijão;546
Nakhchivan;Azerbaijão;546
Tamchy;Quirguistão;546
Gyumri;Armênia;546
Yerevan;Armênia;546
Yakutsk;Rússia;546
Kopitnari;Geórgia;546
Batumi;Geórgia;546
Tbilisi;Geórgia;546
Petropavlovsk-Kamchatsky;Rússia;546
Yuzhno-Sakhalinsk;Rússia;546
Artyom;Rússia;546
Chita;Rússia;546
Irkutsk;Rússia;546
Ulan Ude;Rússia;546
Simferopol;Ucrânia;546
Lviv;Ucrânia;546
Uzhhorod;Ucrânia;546
Murmansk;Rússia;546
Kaliningrad;Rússia;546
Minsk;Bielorrússia;546
Abakan;Rússia;546
Barnaul;Rússia;546
Kemerovo;Rússia;546
Krasnoyarsk;Rússia;546
Novosibirsk;Rússia;546
Omsk;Rússia;546
Tomsk;Rússia;546
Norilsk;Rússia;546
Krasnodar;Rússia;546
Grozny;Rússia;546
Makhachkala;Rússia;546
Mineralnyye Vody;Rússia;546
Rostov-on-Don;Rússia;546
Sochi;Rússia;546
Astrakhan;Rússia;546
Volgograd;Rússia;546
Chelyabinsk;Rússia;546
Magnitogorsk;Rússia;546
Nizhnevartovsk;Rússia;546
Perm;Rússia;546
Surgut;Rússia;546
Yekaterinburg;Rússia;546
Tyumen;Rússia;546
Ashgabat;Turcomenistão;546
Daşoguz;Turcomenistão;546
Türkmenabat;Turcomenistão;546
Dushanbe;Tajiquistão;546
Kulob;Tajiquistão;546
Khujand;Tajiquistão;546
Bokhtar;Tajiquistão;546
Namangan;Uzbequistão;546
Nukus;Uzbequistão;546
Urgench;Uzbequistão;546
Bukhara;Uzbequistão;546
Samarkand;Uzbequistão;546
Moscovo;Rússia;546
Tunoshna;Rússia;546
Nizhny Novgorod;Rússia;546
Kazan;Rússia;546
Saransk;Rússia;546
Saratov;Rússia;546
Ufa;Rússia;546
Samara;Rússia;546
Ahmedabad;Índia;546
Vadodara;Índia;546
Bhopal;Índia;546
Rajkot;Índia;546
Indore;Índia;546
Nagpur;Índia;546
Nashik;Índia;546
Pune;Índia;546
Kakadi;Índia;546
Surat;Índia;546
Jaffna;Sri Lanka;546
Mattala;Sri Lanka;546
Siem Reap;Camboja;546
Preah Sihanouk;Camboja;546
Siliguri;Índia;546
Varanasi;Índia;546
Bhubaneswar;Índia;546
Guwahati;Índia;546
Imphal;Índia;546
Visakhapatnam;Índia;546
Chattogram (Chittagong);Bangladesh;546
Sylhet;Bangladesh;546
Amritsar;Índia;546
Chandigarh;Índia;546
New Delhi;Índia;546
Hisar;Índia;546
Halwara;Índia;546
Jaipur;Índia;546
Lucknow;Índia;546
Srinagar;Índia;546
Luang Phabang;Laos;546
Pakse;Laos;546
Vientiane;Laos;546
Nossa Senhora do Carmo;Macau;546
Siddharthanagar (Bhairahawa);Nepal;546
Bengaluru;Índia;546
Vijayawada;Índia;546
Coimbatore;Índia;546
Kochi;Índia;546
Calicut;Índia;546
Mopa;Índia;546
Vasco da Gama;Índia;546
Kannur;Índia;546
Mangaluru;Índia;546
Port Blair;Índia;546
Tirupati;Índia;546
Tiruchirappalli;Índia;546
Thiruvananthapuram;Índia;546
Paro;Butão;546
Noonu Atoll;Maldivas;546
Gan;Maldivas;546
Haa Dhaalu Atoll;Maldivas;546
Malé;Maldivas;546
Rayong;Tailândia;546
Chiang Rai;Tailândia;546
Krabi;Tailândia;546
Na Thon (Ko Samui Island);Tailândia;546
Hat Yai;Tailândia;546
Udon Thani;Tailândia;546
Haiphong (Hai An);Vietnã;546
Nha Trang/nha Trang aiurportCam Ranh;Vietnã;546
Can Tho;Vietnã;546
Da Nang;Vietnã;546
Hanoi (Soc Son);Vietnã;546
Phu Quoc Island;Vietnã;546
Mandalay;Mianmar;546
Naypyitaw;Mianmar;546
Makassar;Indonésia;546
Kuta, Badung;Indonésia;546
Mataram (Pujut, Lombok Tengah);Indonésia;546
Yogyakarta;Indonésia;546
Sentani;Indonésia;546
Balikpapan;Indonésia;546
Manado;Indonésia;546
Banjarbaru;Indonésia;546
Ambon;Indonésia;546
Surakarta;Indonésia;546
Surabaya;Indonésia;546
Semarang;Indonésia;546
Kuching;Malásia;546
Kota Kinabalu;Malásia;546
Bandar Seri Begawan;Brunei;546
Batam;Indonésia;546
Beringin;Indonésia;546
Pontianak;Indonésia;546
Padang (Katapiang);Indonésia;546
Banda Aceh;Indonésia;546
Ipoh;Malásia;546
Johor Bahru;Malásia;546
Sepang;Malásia;546
Langkawi;Malásia;546
Penang;Malásia;546
Subang;Malásia;546
Dili;Timor-Leste;546
Oecussi-Ambeno;Timor-Leste;546
Brisbane;Austrália;546
Gold Coast;Austrália;546
Cairns;Austrália;546
Broome;Austrália;546
Maroochydore;Austrália;546
Toowoomba;Austrália;546
Mokha;Iêmen;546
Geelong/Melbourne;Austrália;546
Hobart (Cambridge);Austrália;546
Adelaide;Austrália;546
West Island;Ilhas Cocos;546
Darwin;Austrália;546
Perth;Austrália;546
Port Hedland;Austrália;546
Sydney (Mascot);Austrália;546
Williamtown;Austrália;546
Ordos;China;546
Datong;China;546
Hohhot;China;546
Hailar;China;546
Baotou;China;546
Shijiazhuang;China;546
Tianjin;China;546
Yuncheng (Yanhu);China;546
Taiyuan;China;546
Zhangjiajie (Yongding);China;546
Guangzhou (Huadu);China;546
Changsha (Changsha);China;546
Guilin (Lingui);China;546
Nanning (Jiangnan);China;546
Jieyang (Rongcheng);China;546
Zhuhai (Jinwan);China;546
Zhanjiang;China;546
Zhengzhou;China;546
Ezhou;China;546
Wuhan (Huangpi);China;546
Luoyang (Laocheng);China;546
Haikou (Meilan);China;546
Sanya (Tianya);China;546
Pyongyang;Coreia do Norte;546
Dunhuang;China;546
Yinchuan;China;546
Jiayuguan;China;546
Lanzhou (Yongdeng);China;546
Haidong (Huzhu Tu Autonomous County);China;546
Xi'an;China;546
Ulaanbaatar (Sergelen);Mongólia;546
Jinghong (Gasa);China;546
Lijiang;China;546
Kunming;China;546
Xiamen;China;546
Nanchang;China;546
Fuzhou (Changle);China;546
Jinan (Licheng);China;546
Lianyungang;China;546
Ningbo;China;546
Nanjing;China;546
Hefei;China;546
Shanghai (Pudong);China;546
Qingdao (Jiaozhou);China;546
Quanzhou;China;546
Huai'an;China;546
Shanghai (Minhang);China;546
Huangshan;China;546
Wuxi;China;546
Wenzhou (Longwan);China;546
Yancheng (Tinghu);China;546
Yantai;China;546
Yiwu/Jinhua;China;546
Zhoushan;China;546
Chongqing;China;546
Guiyang (Nanming);China;546
Shannan (Gonggar);China;546
Xigazê (Samzhubzê);China;546
Chengdu (Jianyang);China;546
Chengdu (Shuangliu);China;546
Kashgar;China;546
Ürümqi;China;546
Changchun;China;546
Harbin;China;546
Qiqihar;China;546
Dalian (Ganjingzi);China;546
Shenyang;China;546
Yamoussoukro;Costa do Marfim;351
Niamtougou;Togo;351
Berenice Troglodytica;Egito;351
Liepāja;Letônia;351
Sirt;Líbia;351
Gautam Buddha Nagar;Índia;351
Istanbul(Bakırköy);Turquia;351
Dhahran;Arábia Saudita;351
Mosul;Iraque;351
Okinawa;Japão;351
Pisco;Peru;351
Zaporizhia;Ucrânia;351
Odesa;Ucrânia;351
Phnom Penh (Pou Senchey);Camboja;351
Ho Chi Minh City (Long Thanh);Vietnã;351
Ulan Bator;Mongólia;351
Aleknagik;Estados Unidos;222
Friday Harbor;Estados Unidos;222
Eastsound;Estados Unidos;222
Codrington;Antígua e Barbuda;222
Munda;Ilhas Salomão;222
Yaren;Nauru;222
Bayanhot;China;222
Baimuru;Papua-Nova Guiné;222
Buka Island;Papua-Nova Guiné;222
Balimo;Papua-Nova Guiné;222
Kundiawa;Papua-Nova Guiné;222
Daru;Papua-Nova Guiné;222
Goronka;Papua-Nova Guiné;222
Gurney;Papua-Nova Guiné;222
Popondetta;Papua-Nova Guiné;222
Kimbe;Papua-Nova Guiné;222
Kerema;Papua-Nova Guiné;222
Kavieng;Papua-Nova Guiné;222
Madang;Papua-Nova Guiné;222
Mount Hagen;Papua-Nova Guiné;222
Mendi;Papua-Nova Guiné;222
Manus Island;Papua-Nova Guiné;222
Kokopo;Papua-Nova Guiné;222
Vanimo;Papua-Nova Guiné;222
Wapenamanda;Papua-Nova Guiné;222
Wewak;Papua-Nova Guiné;222
Aasiaat;Groenlândia;222
Neerlerit Inaat;Groenlândia;222
Ilulissat;Groenlândia;222
Kulusuk;Groenlândia;222
Qaanaaq;Groenlândia;222
Kangerlussuaq;Groenlândia;222
Sisimiut;Groenlândia;222
Pituffik;Groenlândia;222
Egilsstaðir;Islândia;222
Grímsey/Sandvík;Islândia;222
Höfn;Islândia;222
Ísafjörður;Islândia;222
Vopnafjörður;Islândia;222
Vitória da Conquista;Brasil;222
Caye Caulker;Belize;222
Caye Chapel;Belize;222
Corozal;Belize;222
Dangriga;Belize;222
Punta Gorda;Estados Unidos;222
San Pedro;Belize;222
Anahim Lake;Canadá;222
Qualicum Beach;Canadá;222
Bella Bella;Canadá;222
Charlottetown;Canadá;222
Bazhong;China;222
Shaoguan;China;222
Ji'an;China;222
Xiuzhou, Hangzhou;China;222
Xigazê (Dingri);China;222
Tashikuergan;China;222
Bengbu;China;222
Fort Frances;Canadá;222
Sault Ste Marie;Canadá;222
Kasabonika;Canadá;222
St. Anthony;Canadá;222
Tofino;Canadá;222
Baie-Comeau;Canadá;222
Bella Coola;Canadá;222
Bonnyville;Canadá;222
Saguenay;Canadá;222
Baker Lake;Canadá;222
Campbell River;Canadá;222
Brandon;Canadá;222
Blanc-Sablon;Canadá;222
Cambridge Bay;Canadá;222
Nanaimo;Canadá;222
Castlegar;Canadá;222
Charlo;Canadá;222
Dawson City;Canadá;222
Deer Lake;Canadá;222
Dauphin;Canadá;222
Inuvik;Canadá;222
Iqaluit;Canadá;222
Fredericton;Canadá;222
Fort Simpson;Canadá;222
La Grande Rivière;Canadá;222
Gaspé;Canadá;222
Les Îles-de-la-Madeleine;Canadá;222
Havre-Saint-Pierre;Canadá;222
Kuujjuarapik;Canadá;222
Hay River;Canadá;222
St-Augustin;Canadá;222
Island Lake;Canadá;222
Stephenville;Canadá;222
Kamloops;Canadá;222
Breslau;Canadá;222
Schefferville;Canadá;222
Lloydminster;Canadá;222
Barrie;Canadá;222
Fort McMurray;Canadá;222
Moosonee;Canadá;222
Chibougamau;Canadá;222
Natashquan;Canadá;222
Gatineau;Canadá;222
Points North Landing;Canadá;222
High Level;Canadá;222
Prince Albert;Canadá;222
Peace River;Canadá;222
Pickle Lake;Canadá;222
Port-Menier;Canadá;222
Peterborough;Canadá;222
Prince Rupert;Canadá;222
Powell River;Canadá;222
Puvirnituq;Canadá;222
Fort Chipewyan;Canadá;222
Burns Lake;Canadá;222
Gravenhurst;Canadá;222
The Pas;Canadá;222
Windsor;Canadá;222
Watson Lake;Canadá;222
Kenora;Canadá;222
Lethbridge;Canadá;222
Moncton;Canadá;222
Nakina;Canadá;222
Comox;Canadá;222
Regina;Canadá;222
Thunder Bay;Canadá;222
Grande Prairie;Canadá;222
Gander;Canadá;222
Quesnel;Canadá;222
Resolute Bay;Canadá;222
Roberval;Canadá;222
Red Lake;Canadá;222
Rankin Inlet;Canadá;222
Sudbury;Canadá;222
Stony Rapids;Canadá;222
Saint John;Canadá;222
Saint-Léonard;Canadá;222
Fort Smith;Canadá;222
Niagara-on-the-Lake;Canadá;222
Thompson;Canadá;222
Timmins;Canadá;222
Sanirajak;Canadá;222
Rouyn-Noranda;Canadá;222
Bonaventure;Canadá;222
La Ronge;Canadá;222
Val-d'Or;Canadá;222
Kuujjuaq;Canadá;222
Norman Wells;Canadá;222
Wiarton;Canadá;222
Wabush;Canadá;222
Williams Lake;Canadá;222
Cranbrook;Canadá;222
Medicine Hat;Canadá;222
Fort Saint John;Canadá;222
Rimouski;Canadá;222
Sioux Lookout;Canadá;222
Prince George;Canadá;222
Terrace;Canadá;222
Abbotsford;Canadá;222
Whitehorse;Canadá;222
North Bay;Canadá;222
Smithers;Canadá;222
Fort Nelson;Canadá;222
Penticton;Canadá;222
Lynn Lake;Canadá;222
Churchill;Canadá;222
Goose Bay;Canadá;222
Mont-Joli;Canadá;222
Yellowknife;Canadá;222
Sandspit;Canadá;222
Coral Harbour;Canadá;222
Port Hardy;Canadá;222
Whitecourt;Canadá;222
Sept-Îles;Canadá;222
South Tetagouche;Canadá;222
Grand Forks;Estados Unidos;222
Masset;Canadá;222
Sandy Lake;Canadá;222
Illizi;Argélia;222
Sétif;Argélia;222
Tébessi;Argélia;222
Tindouf;Argélia;222
Béchar;Argélia;222
Bordj Badji Mokhtar;Argélia;222
Adrar;Argélia;222
El Menia;Argélia;222
El Atteuf;Argélia;222
Hassi Messaoud;Argélia;222
In Salah;Argélia;222
Touggourt;Argélia;222
Guemar;Argélia;222
Timimoun;Argélia;222
Ouargla;Argélia;222
In Aménas;Argélia;222
Sunyani;Gana;222
Sekondi-Takoradi;Gana;222
Bouaké;Costa do Marfim;222
;Costa do Marfim;222
Korhogo;Costa do Marfim;222
Katsina;Nigéria;222
Uyo;Nigéria;222
Akure;Nigéria;222
Benin;Nigéria;222
Calabar;Nigéria;222
Gombe;Nigéria;222
Ibadan;Nigéria;222
Owerri;Nigéria;222
Jos;Nigéria;222
Makurdi;Nigéria;222
Okpe;Nigéria;222
Yola;Nigéria;222
Zinder;Níger;222
Tabarka;Tunísia;222
Monastir;Tunísia;222
Enfidha;Tunísia;222
Gafsa;Tunísia;222
Gabès;Tunísia;222
Sfax;Tunísia;222
Tozeur;Tunísia;222
Antwerp;Bélgica;222
Grâce-Hollogne;Bélgica;222
Zirchow;Alemanha;222
Saarbrücken;Alemanha;222
Mannheim;Alemanha;222
Lübeck;Alemanha;222
Sylt;Alemanha;222
Kärdla;Estônia;222
Kuressaare;Estônia;222
Pärnu;Estônia;222
Tartu;Estônia;222
Enontekio;Finlândia;222
Joensuu;Finlândia;222
Jyväskylän Maalaiskunta;Finlândia;222
Kemi / Tornio;Finlândia;222
Kajaani;Finlândia;222
Kokkola / Kruunupyy;Finlândia;222
Kuusamo;Finlândia;222
Pori;Finlândia;222
Savonlinna;Finlândia;222
Derry, Derry and Strabane;Reino Unido;222
Campbeltown;Reino Unido;222
Eday;Reino Unido;222
Bournemouth;Reino Unido;222
Southampton;Reino Unido;222
Newquay;Reino Unido;222
Saint Anne;Guernsey;222
Saint Peter Port;Guernsey;222
St. Peter;Jersey;222
Southend-on-Sea, Essex;Reino Unido;222
Grimsby, Lincolnshire;Reino Unido;222
Darlington, Durham;Reino Unido;222
Kirkwall, Orkney Islands;Reino Unido;222
Lerwick, Shetland;Reino Unido;222
Wick;Reino Unido;222
Inverness;Reino Unido;222
Isle of Islay, Argyll and Bute;Reino Unido;222
Balivanich;Reino Unido;222
Dundee;Reino Unido;222
Stornoway, Western Isles;Reino Unido;222
Eoligarry;Reino Unido;222
Balemartine, Argyll and Bute;Reino Unido;222
Norwich, Norfolk;Reino Unido;222
Exeter, Devon;Reino Unido;222
Donegal;Irlanda;222
Farranfore;Irlanda;222
Esbjerg;Dinamarca;222
Karup;Dinamarca;222
Roskilde;Dinamarca;222
Rønne;Dinamarca;222
Sønderborg;Dinamarca;222
Andenes;Noruega;222
Alta;Noruega;222
Brønnøy;Noruega;222
Båtsfjord;Noruega;222
Berlevåg;Noruega;222
Målselv;Noruega;222
Florø;Noruega;222
Karmøy;Noruega;222
Hammerfest;Noruega;222
Honningsvåg;Noruega;222
Kvernberget;Noruega;222
Kirkenes;Noruega;222
Leknes;Noruega;222
Mehamn;Noruega;222
Årø;Noruega;222
Mosjøen;Noruega;222
Lakselv;Noruega;222
Ørland;Noruega;222
Ørsta;Noruega;222
Mo i Rana;Noruega;222
Rørvik;Noruega;222
Røros;Noruega;222
Longyearbyen;Noruega;222
Svolvær;Noruega;222
Hadsel;Noruega;222
Leirvik;Noruega;222
Sørkjosen;Noruega;222
Vardø;Noruega;222
Alstahaug;Noruega;222
Vadsø;Noruega;222
Bydgoszcz;Polônia;222
Radom;Polônia;222
Szymany;Polônia;222
Nowe Kramsko;Polônia;222
Ronneby;Suécia;222
Jönköping;Suécia;222
Trollhättan;Suécia;222
Mora;Suécia;222
Kalmar;Suécia;222
Halmstad;Suécia;222
Växjö;Suécia;222
Gällivare;Suécia;222
Nyland;Suécia;222
Lycksele;Suécia;222
Sundsvall/ Härnösand;Suécia;222
Örnsköldsvik;Suécia;222
Skellefteå;Suécia;222
Vilhelmina;Suécia;222
Arvidsjaur;Suécia;222
Östersund;Suécia;222
Örebro;Suécia;222
Karlstad;Suécia;222
Borlange;Suécia;222
Norrköping;Suécia;222
Torsby;Suécia;222
Ängelholm;Suécia;222
Wurster Nordseeküste;Alemanha;222
Laage;Alemanha;222
Hoedspruit;África do Sul;222
Margate;África do Sul;222
Mafeking;África do Sul;222
Mkuze;África do Sul;222
Phalaborwa;África do Sul;222
Pietermaritzburg;África do Sul;222
Richards Bay;África do Sul;222
Sishen;África do Sul;222
Skukuza;África do Sul;222
Upington;África do Sul;222
Mthatha;África do Sul;222
Mengomeyén;Guiné Equatorial;222
Cat Hill;Santa Helena;222
Jamestown;Santa Helena;222
Port Mathurin;Maurício;222
Maroua;Camarões;222
N'Gaoundéré;Camarões;222
Ouani;Comores;222
Vohilava;Madagascar;222
Morondava;Madagascar;222
Antisiranana;Madagascar;222
Besalampy;Madagascar;222
Maroantsetra;Madagascar;222
Sambava;Madagascar;222
Tôlanaro;Madagascar;222
Mananjary;Madagascar;222
Toliara;Madagascar;222
Mbanza Congo;Angola;222
Cabinda;Angola;222
Catumbela;Angola;222
Chitato;Angola;222
Ngiva;Angola;222
Huambo;Angola;222
Malanje;Angola;222
Menongue;Angola;222
Moçâmedes;Angola;222
Negage;Angola;222
Soyo;Angola;222
Lubango;Angola;222
Oyem;Gabão;222
Makokou;Gabão;222
São Tomé & Príncipe;São Tomé e Príncipe;222
Chimoio;Moçambique;222
Inhambane;Moçambique;222
Lichinga;Moçambique;222
Nacala;Moçambique;222
Pemba;Moçambique;222
Quelimane;Moçambique;222
Vilanculo;Moçambique;222
Praslin Island;Seicheles;222
Abeche;Chade;222
Kariba;Zimbábue;222
Mpacha;Namíbia;222
Luderitz;Namíbia;222
Ondangwa;Namíbia;222
Oranjemund;Namíbia;222
Rundu;Namíbia;222
Bandundu;República Democrática do Congo;222
Kikwit;República Democrática do Congo;222
Mbandaka;República Democrática do Congo;222
Gbadolite;República Democrática do Congo;222
Gemena;República Democrática do Congo;222
Isiro;República Democrática do Congo;222
Bunia;República Democrática do Congo;222
Kindu;República Democrática do Congo;222
Kolwezi;República Democrática do Congo;222
Kalemie;República Democrática do Congo;222
Kananga;República Democrática do Congo;222
Mbuji Mayi;República Democrática do Congo;222
Gao;Mali;222
Kayes;Mali;222
Sévaré;Mali;222
El Hierro Island;Espanha;222
Sta Cruz de la Palma, La Palma Island;Espanha;222
Melilla;Espanha;222
Qaqortoq;Groenlândia;222
Greenville;Estados Unidos;222
Tan Tan;Marrocos;222
Errachidia;Marrocos;222
Smara;Saara Ocidental;222
Essaouira;Marrocos;222
Ziguinchor;Senegal;222
Cap Skirring;Senegal;222
Zouérate;Mauritânia;222
Vila do Maio;Cabo Verde;222
Preguiça;Cabo Verde;222
Arba Minch;Etiópia;222
Axum;Etiópia;222
Bahir Dar;Etiópia;222
Gambela;Etiópia;222
Azezo;Etiópia;222
Gode;Etiópia;222
Jinka;Etiópia;222
Jimma;Etiópia;222
Kebri Dahar;Etiópia;222
Mekele;Etiópia;222
Asosa;Etiópia;222
Gitega;Burundi;222
Berbera;Somália;222
Abu Simbel;Egito;222
New Cairo;Egito;222
Taba;Egito;222
Asmara;Eritreia;222
Ol Tukai;Quênia;222
Lamu;Quênia;222
Malindi;Quênia;222
Serena;Quênia;222
Gathiuru;Quênia;222
Wajir;Quênia;222
Ghat;Líbia;222
Kufra;Líbia;222
Sabha;Líbia;222
Ghadames;Líbia;222
Kamembe;Ruanda;222
Dongola;Sudão;222
El Fasher;Sudão;222
Kassala;Sudão;222
Nyala;Sudão;222
El-Obeid;Sudão;222
Malakal;Sudão do Sul;222
Wau;Sudão do Sul;222
Dodoma;Tanzânia;222
Mbeya;Tanzânia;222
Mtwara;Tanzânia;222
Tanga;Tanzânia;222
Arua;Uganda;222
Gulu;Uganda;222
Soroti;Uganda;222
Kediri;Indonésia;222
Bilogai;Indonésia;222
Faizabad;Índia;222
Chipi;Índia;222
Hollongi;Índia;222
Ambikapur;Índia;222
Boulder City;Estados Unidos;222
Allentown/Bethlehem;Estados Unidos;222
Abilene;Estados Unidos;222
Nantucket;Estados Unidos;222
Waco;Estados Unidos;222
Arcata/Eureka;Estados Unidos;222
Atlantic City;Estados Unidos;222
Fort Worth;Estados Unidos;222
Augusta;Estados Unidos;222
Alliance;Estados Unidos;222
Akron;Estados Unidos;222
Waterloo;Estados Unidos;222
Alamosa;Estados Unidos;222
Walla Walla;Estados Unidos;222
Amarillo;Estados Unidos;222
Altoona;Estados Unidos;222
Alpena;Estados Unidos;222
Watertown;Estados Unidos;222
Aspen;Estados Unidos;222
Appleton;Estados Unidos;222
Asheville;Estados Unidos;222
Wilkes-Barre/Scranton;Estados Unidos;222
Kalamazoo;Estados Unidos;222
Branson;Estados Unidos;222
Bridgeport;Estados Unidos;222
Bedford;Estados Unidos;222
Bradford;Estados Unidos;222
Scottsbluff;Estados Unidos;222
Bakersfield;Estados Unidos;222
Mobile;Estados Unidos;222
Binghamton;Estados Unidos;222
Bangor;Estados Unidos;222
Bar Harbor;Estados Unidos;222
Bishop;Estados Unidos;222
Billings;Estados Unidos;222
Bismarck;Estados Unidos;222
Beaver;Estados Unidos;222
Bellingham;Estados Unidos;222
Belleville;Estados Unidos;222
Bloomington/Normal;Estados Unidos;222
Beaumont/Port Arthur;Estados Unidos;222
Brunswick;Estados Unidos;222
Brainerd;Estados Unidos;222
Burlington;Estados Unidos;222
Brownsville;Estados Unidos;222
Butte;Estados Unidos;222
Baton Rouge;Estados Unidos;222
Bozeman;Estados Unidos;222
Columbia;Estados Unidos;222
Concord;Estados Unidos;222
Cedar City;Estados Unidos;222
Chadron;Estados Unidos;222
Crescent City;Estados Unidos;222
Cortez;Estados Unidos;222
Cape Girardeau;Estados Unidos;222
Chattanooga;Estados Unidos;222
Charlottesville;Estados Unidos;222
Cedar Rapids;Estados Unidos;222
Kincheloe;Estados Unidos;222
College Station;Estados Unidos;222
Savoy;Estados Unidos;222
Hancock;Estados Unidos;222
Carlsbad;Estados Unidos;222
Moab;Estados Unidos;222
Cody;Estados Unidos;222
Casper;Estados Unidos;222
Corpus Christi;Estados Unidos;222
Clovis;Estados Unidos;222
Mosinee;Estados Unidos;222
Cheyenne;Estados Unidos;222
Daytona Beach;Estados Unidos;222
Dayton;Estados Unidos;222
Dubuque;Estados Unidos;222
Dodge City;Estados Unidos;222
Decatur;Estados Unidos;222
Dothan;Estados Unidos;222
Dickinson;Estados Unidos;222
Duluth;Estados Unidos;222
Dover;Estados Unidos;222
Durango;Estados Unidos;222
Destin;Estados Unidos;222
Dubois;Estados Unidos;222
Devils Lake;Estados Unidos;222
Kearney;Estados Unidos;222
Wenatchee;Estados Unidos;222
Eau Claire;Estados Unidos;222
Panama City Beach;Estados Unidos;222
Eagle;Estados Unidos;222
Elko;Estados Unidos;222
El Dorado;Estados Unidos;222
Elmira/Corning;Estados Unidos;222
Erie;Estados Unidos;222
Escanaba;Estados Unidos;222
Eugene;Estados Unidos;222
Evansville;Estados Unidos;222
New Bedford;Estados Unidos;222
New Bern;Estados Unidos;222
Key West;Estados Unidos;222
Fargo;Estados Unidos;222
Fayetteville;Estados Unidos;222
Flagstaff;Estados Unidos;222
Flint;Estados Unidos;222
Fort Dodge;Estados Unidos;222
Sioux Falls;Estados Unidos;222
Fort Wayne;Estados Unidos;222
Gillette;Estados Unidos;222
Garden City;Estados Unidos;222
Grand Canyon - Tusayan;Estados Unidos;222
Glendive;Estados Unidos;222
Longview;Estados Unidos;222
Grand Junction;Estados Unidos;222
Gainesville;Estados Unidos;222
Kalispell;Estados Unidos;222
Gulfport;Estados Unidos;222
Green Bay;Estados Unidos;222
Grand Island;Estados Unidos;222
Fort Cavazos;Estados Unidos;222
Greenville/Greer/Spartanburg;Estados Unidos;222
Great Falls;Estados Unidos;222
Columbus/W Point/Starkville;Estados Unidos;222
Gunnison;Estados Unidos;222
Gallup;Estados Unidos;222
Gary;Estados Unidos;222
Hayden;Estados Unidos;222
Hagerstown;Estados Unidos;222
Hawthorne;Estados Unidos;222
Hibbing;Estados Unidos;222
Ogden;Estados Unidos;222
Lake Havasu City;Estados Unidos;222
Helena;Estados Unidos;222
Hobbs;Estados Unidos;222
Hot Springs;Estados Unidos;222
White Plains;Estados Unidos;222
Harlingen;Estados Unidos;222
Harrison;Estados Unidos;222
Huntsville;Estados Unidos;222
Huntington;Estados Unidos;222
New Haven;Estados Unidos;222
Havre;Estados Unidos;222
Hilton Head Island;Estados Unidos;222
Hyannis;Estados Unidos;222
Hays;Estados Unidos;222
Wichita;Estados Unidos;222
Niagara Falls;Estados Unidos;222
Idaho Falls;Estados Unidos;222
Wilmington;Estados Unidos;222
Kingsford;Estados Unidos;222
International Falls;Estados Unidos;222
Imperial;Estados Unidos;222
Williamsport;Estados Unidos;222
Kirksville;Estados Unidos;222
Islip;Estados Unidos;222
Ithaca;Estados Unidos;222
Mesa;Estados Unidos;222
Jackson;Estados Unidos;222
Jonesboro;Estados Unidos;222
Joplin;Estados Unidos;222
Johnstown;Estados Unidos;222
West Lafayette;Estados Unidos;222
Lakeland;Estados Unidos;222
Lansing;Estados Unidos;222
Laramie;Estados Unidos;222
Lawton;Estados Unidos;222
Lubbock;Estados Unidos;222
Latrobe;Estados Unidos;222
North Platte;Estados Unidos;222
Liberal;Estados Unidos;222
Lake Charles;Estados Unidos;222
Lebanon;Estados Unidos;222
Lexington;Estados Unidos;222
Lafayette;Estados Unidos;222
Little Rock;Estados Unidos;222
Lincoln;Estados Unidos;222
Lancaster;Estados Unidos;222
Laredo;Estados Unidos;222
Las Cruces;Estados Unidos;222
La Crosse;Estados Unidos;222
Cincinnati;Estados Unidos;222
Lewisburg;Estados Unidos;222
Lewiston;Estados Unidos;222
Lynchburg;Estados Unidos;222
Midland;Estados Unidos;222
Freeland;Estados Unidos;222
Merced;Estados Unidos;222
McCook;Estados Unidos;222
Macon;Estados Unidos;222
Mason City;Estados Unidos;222
Harrisburg;Estados Unidos;222
Meridian;Estados Unidos;222
McAllen;Estados Unidos;222
Medford;Estados Unidos;222
Michigan City;Estados Unidos;222
Montgomery;Estados Unidos;222
Morgantown;Estados Unidos;222
Manhattan;Estados Unidos;222
Minot;Estados Unidos;222
Muskegon;Estados Unidos;222
Moline;Estados Unidos;222
Monroe;Estados Unidos;222
Mammoth Lakes;Estados Unidos;222
Monterey;Estados Unidos;222
Muscle Shoals;Estados Unidos;222
Madison;Estados Unidos;222
Missoula;Estados Unidos;222
Massena;Estados Unidos;222
Montrose;Estados Unidos;222
Marion;Estados Unidos;222
Mineral Wells;Estados Unidos;222
McCall;Estados Unidos;222
Yuma;Estados Unidos;222
Richlands;Estados Unidos;222
Ogdensburg;Estados Unidos;222
Wolf Point;Estados Unidos;222
Olympia;Estados Unidos;222
Newport;Estados Unidos;222
Worcester;Estados Unidos;222
North Bend;Estados Unidos;222
Owensboro;Estados Unidos;222
Ocean City;Estados Unidos;222
Everett;Estados Unidos;222
Paducah;Estados Unidos;222
Plattsburgh;Estados Unidos;222
Pendleton;Estados Unidos;222
Page;Estados Unidos;222
Newport News;Estados Unidos;222
Peoria;Estados Unidos;222
Moselle;Estados Unidos;222
Pocatello;Estados Unidos;222
Pierre;Estados Unidos;222
Parkersburg (Williamstown);Estados Unidos;222
Pellston;Estados Unidos;222
Presque Isle;Estados Unidos;222
Prescott;Estados Unidos;222
Pasco;Estados Unidos;222
Portsmouth;Estados Unidos;222
Pueblo;Estados Unidos;222
Pullman;Estados Unidos;222
Provo;Estados Unidos;222
Rapid City;Estados Unidos;222
Redding;Estados Unidos;222
Redmond;Estados Unidos;222
Chicago/Rockford;Estados Unidos;222
Rhinelander;Estados Unidos;222
Riverton;Estados Unidos;222
Rockland;Estados Unidos;222
Rock Springs;Estados Unidos;222
Roanoke;Estados Unidos;222
Roswell;Estados Unidos;222
Rutland;Estados Unidos;222
Santa Fe;Estados Unidos;222
Gwinn;Estados Unidos;222
Santa Barbara;Estados Unidos;222
South Bend;Estados Unidos;222
San Luis Obispo;Estados Unidos;222
Salisbury;Estados Unidos;222
Stockton;Estados Unidos;222
Sidney;Estados Unidos;222
Springfield;Estados Unidos;222
St Augustine;Estados Unidos;222
St George;Estados Unidos;222
Weyers Cave;Estados Unidos;222
Sheridan;Estados Unidos;222
Shreveport;Estados Unidos;222
San Angelo;Estados Unidos;222
Taos;Estados Unidos;222
Salem;Estados Unidos;222
Saranac Lake;Estados Unidos;222
Salina;Estados Unidos;222
Salmon;Estados Unidos;222
Santa Maria;Estados Unidos;222
Show Low;Estados Unidos;222
Wichita Falls;Estados Unidos;222
San Carlos;Estados Unidos;222
Saint Cloud;Estados Unidos;222
Santa Rosa;Estados Unidos;222
Hailey;Estados Unidos;222
Sioux City;Estados Unidos;222
Silver City;Estados Unidos;222
Newburgh;Estados Unidos;222
Stillwater;Estados Unidos;222
Fort Leonard Wood;Estados Unidos;222
Tacoma;Estados Unidos;222
Teterboro;Estados Unidos;222
Telluride;Estados Unidos;222
Tallahassee;Estados Unidos;222
Toledo;Estados Unidos;222
Blountville;Estados Unidos;222
Truckee;Estados Unidos;222
Ewing Township;Estados Unidos;222
Tupelo;Estados Unidos;222
Traverse City;Estados Unidos;222
Thief River Falls;Estados Unidos;222
Twin Falls;Estados Unidos;222
Texarkana;Estados Unidos;222
Tyler;Estados Unidos;222
Quincy;Estados Unidos;222
State College;Estados Unidos;222
Valdosta;Estados Unidos;222
Vernal;Estados Unidos;222
Valparaiso;Estados Unidos;222
Vero Beach;Estados Unidos;222
Westerly;Estados Unidos;222
West Yellowstone;Estados Unidos;222
Fayetteville/Springdale/Rogers;Estados Unidos;222
Williston;Estados Unidos;222
Yakima;Estados Unidos;222
Ton Phueng;Laos;222
Lefkoniko (Geçitkale);Chipre;222
Osijek(Klisa);Croácia;222
Gornji Humac;Croácia;222
Almería;Espanha;222
Badajoz;Espanha;222
Castellón de la Plana;Espanha;222
Culleredo;Espanha;222
Lleida;Espanha;222
Granada;Espanha;222
Jerez de la Frontera;Espanha;222
La Virgen del Camino;Espanha;222
Pamplona;Espanha;222
Salamanca;Espanha;222
Hondarribia;Espanha;222
La Seu d'Urgell Pyrenees and Andorra;Espanha;222
Valladolid;Espanha;222
Alava;Espanha;222
Vigo;Espanha;222
Santander;Espanha;222
Bergerac;França;222
La Rochelle;França;222
Poitiers/Biard;França;222
Limoges/Bellegarde;França;222
Pau/Pyrénées (Uzein);França;222
Tarbes/Lourdes/Pyrénées;França;222
Biarritz;França;222
Castres;França;222
Rodez/Marcillac;França;222
Dole;França;222
Goin;França;222
Calvi;França;222
Ajaccio;França;222
Chambéry;França;222
Annecy;França;222
Grenoble;França;222
Aurillac;França;222
Carcassonne;França;222
Perpignan/Rivesaltes;França;222
Béziers;França;222
Avignon;França;222
Chalons en Champagne;França;222
Tours, Indre-et-Loire;França;222
Dinard;França;222
Deauville;França;222
Lorient/Lann/Bihoué;França;222
Caen;França;222
Le Mans, Sarthe;França;222
Saint-Jacques-de-la-Lande, Ille-et-Vilaine;França;222
Saint-Nazaire/Montoir;França;222
Dijon;França;222
Brive;França;222
Hyères, Var;França;222
Nîmes/Garons;França;222
Alexandroupolis;Grécia;222
Nea Anchialos;Grécia;222
Chios Island;Grécia;222
Ioannina;Grécia;222
Kefallinia Island;Grécia;222
Kalamata;Grécia;222
Karpathos Island;Grécia;222
Kozani;Grécia;222
Mykonos;Grécia;222
Mytilene;Grécia;222
Preveza;Grécia;222
Patras;Grécia;222
Skiathos;Grécia;222
Samos Island;Grécia;222
Crete Island;Grécia;222
Zakynthos;Grécia;222
Sármellék;Hungria;222
Isola di Capo Rizzuto (KR);Itália;222
Foggia (FG);Itália;222
Comiso;Itália;222
Lampedusa;Itália;222
Pantelleria (TP);Itália;222
Reggio Calabria;Itália;222
Trapani (TP);Itália;222
Alghero;Itália;222
Parma (PR);Itália;222
Levaldigi (CN);Itália;222
Bolzano (BZ);Itália;222
Forlì (FC);Itália;222
Montichiari (BS);Itália;222
Falconara Marittima (AN);Itália;222
Salerno;Itália;222
Campo nell'Elba (LI);Itália;222
Maribor;Eslovênia;222
Brno;República Tcheca;222
Haifa;Israel;222
Vila do Porto;Portugal;222
Bragança;Portugal;222
Cascais;Portugal;222
Santa Cruz das Flores;Portugal;222
Santa Cruz da Graciosa;Portugal;222
Horta;Portugal;222
Praia da Vitória;Portugal;222
Pico Island;Portugal;222
Portimão;Portugal;222
Vila Baleira;Portugal;222
Velas;Portugal;222
Vila Real;Portugal;222
Viseu;Portugal;222
Arad;Romênia;222
Tăuții-Măgherăuș;Romênia;222
Satu Mare;Romênia;222
Recea;Romênia;222
Agno;Suíça;222
Bern;Suíça;222
St. Gallen;Suíça;222
Zonguldak;Turquia;222
Malatya;Turquia;222
Tokat;Turquia;222
Denizli;Turquia;222
Balıkesir;Turquia;222
Çanakkale;Turquia;222
Yenişehir;Turquia;222
Çorlu;Turquia;222
Elazığ;Turquia;222
Ordu;Turquia;222
Diyarbakır;Turquia;222
Erzincan;Turquia;222
Erzurum;Turquia;222
Kars;Turquia;222
Trabzon;Turquia;222
Van;Turquia;222
Batman;Turquia;222
Muş;Turquia;222
Sinop;Turquia;222
Kahramanmaraş;Turquia;222
Ağrı;Turquia;222
Adıyaman;Turquia;222
Mardin;Turquia;222
Iğdır;Turquia;222
Şırnak;Turquia;222
Hakkari;Turquia;222
Antakya;Turquia;222
Isparta;Turquia;222
Gazipaşa;Turquia;222
Samsun;Turquia;222
Kraljevo;Sérvia;222
Tivat;Montenegro;222
Nanchong (Langzhong);China;222
Košice;Eslováquia;222
Sliač;Eslováquia;222
Poprad;Eslováquia;222
Cockburn Town;Ilhas Turks e Caicos;222
North Caicos;Ilhas Turks e Caicos;222
South Caicos;Ilhas Turks e Caicos;222
Barahona;República Dominicana;222
Samana;República Dominicana;222
La Isabela;República Dominicana;222
Puerto Plata;República Dominicana;222
Puerto Barrios;Guatemala;222
Retalhuleu;Guatemala;222
San Benito;Guatemala;222
La Ceiba;Honduras;222
Guanaja;Honduras;222
Tegucigalpa;Honduras;222
Boscobel;Jamaica;222
Tinson Pen;Jamaica;222
Ciudad del Carmen;México;222
Chetumal;México;222
Ciudad Obregón;México;222
Campeche;México;222
Ciudad Victoria;México;222
Tepic;México;222
Guaymas;México;222
Colima;México;222
Saltillo;México;222
Ixtepec;México;222
Los Mochis;México;222
La Paz;México;222
Matamoros;México;222
Mexicali;México;222
Cosoleacaque;México;222
Nuevo Laredo;México;222
Poza Rica;México;222
Piedras Negras;México;222
Uruapan;México;222
Puerto Escondido;México;222
Reynosa;México;222
Cabo San Lucas;México;222
San Luis Potosí;México;222
Torreón;México;222
Tuxtla Gutiérrez;México;222
Ciudad Madero;México;222
Tapachula;México;222
Zacatecas;México;222
Manzanillo;México;222
Bluefields;Nicarágua;222
Puerto Cabezas;Nicarágua;222
Isla Colón;Panamá;222
Chitré;Panamá;222
Changuinola;Panamá;222
David;Panamá;222
Colón;Panamá;222
Albrook;Panamá;222
La Fortuna;Costa Rica;222
Golfito;Costa Rica;222
Limón;Costa Rica;222
Nicoya;Costa Rica;222
Puerto Jimenez;Costa Rica;222
Quepos;Costa Rica;222
Les Cayes;Haiti;222
Carrefour Sanon;Haiti;222
Baracoa;Cuba;222
Bayamo;Cuba;222
Cayo Coco;Cuba;222
Cienfuegos;Cuba;222
Cayo Largo del Sur;Cuba;222
Santa Marta;Colômbia;222
Nueva Gerona;Cuba;222
Trinidad;Cuba;222
Las Tunas;Cuba;222
West End;Ilhas Cayman;222
Andros Town;Bahamas;222
Andros;Bahamas;222
Marsh Harbour;Bahamas;222
Andros Island;Bahamas;222
Spring Point;Bahamas;222
Treasure Cay;Bahamas;222
Chub Cay;Bahamas;222
South Bimini;Bahamas;222
Arthur's Town;Bahamas;222
Cat Island;Bahamas;222
Colonel Hill;Bahamas;222
Moss Town;Bahamas;222
North Eleuthera;Bahamas;222
Governor's Harbour;Bahamas;222
Rock Sound;Bahamas;222
Matthew Town;Bahamas;222
Deadman's Cay;Bahamas;222
Stella Maris;Bahamas;222
Abraham Bay Settlement;Bahamas;222
Placencia;Belize;222
Labasa;Fiji;222
Lifuka;Tonga;222
Funafuti;Tuvalu;222
Alofi;Niue;222
Ninglang;China;222
Anaa;Polinésia Francesa;222
Fangatau;Polinésia Francesa;222
Tuherahera;Polinésia Francesa;222
Raitahiti;Polinésia Francesa;222
Makemo;Polinésia Francesa;222
Ahe Atoll;Polinésia Francesa;222
Nuku Hiva;Polinésia Francesa;222
Hiva Oa Island;Polinésia Francesa;222
Motu Mute;Polinésia Francesa;222
Fare;Polinésia Francesa;222
Moorea-Maiao;Polinésia Francesa;222
Otepa;Polinésia Francesa;222
Uturoa;Polinésia Francesa;222
Luganville;Vanuatu;222
Tanna Island;Vanuatu;222
Tiga;Nova Caledônia;222
Koné;Nova Caledônia;222
Île des Pins;Nova Caledônia;222
Lifou;Nova Caledônia;222
Nouméa;Nova Caledônia;222
Maré;Nova Caledônia;222
Touho;Nova Caledônia;222
Ouvéa;Nova Caledônia;222
Taupo;Nova Zelândia;222
Te One;Nova Zelândia;222
Dunedin;Nova Zelândia;222
Gisborne;Nova Zelândia;222
Kerikeri;Nova Zelândia;222
Awanui;Nova Zelândia;222
New Plymouth;Nova Zelândia;222
Napier;Nova Zelândia;222
Nelson;Nova Zelândia;222
Invercargill;Nova Zelândia;222
Palmerston North;Nova Zelândia;222
Rotorua;Nova Zelândia;222
Tauranga;Nova Zelândia;222
Blenheim;Nova Zelândia;222
Wanaka;Nova Zelândia;222
Whakatāne;Nova Zelândia;222
Whangarei;Nova Zelândia;222
Westport;Nova Zelândia;222
Wanganui;Nova Zelândia;222
Khost;Afeganistão;222
Maymana;Afeganistão;222
Al-Baha;Arábia Saudita;222
Bisha;Arábia Saudita;222
Dawadmi;Arábia Saudita;222
Jizan;Arábia Saudita;222
Gurayat;Arábia Saudita;222
King Khaled Military City;Arábia Saudita;222
Najran;Arábia Saudita;222
Rafha;Arábia Saudita;222
Arar;Arábia Saudita;222
Sharurah;Arábia Saudita;222
Turaif;Arábia Saudita;222
Wadi Al Dawasir;Arábia Saudita;222
Al Wajh;Arábia Saudita;222
Dezful;Irã;222
Gachsaran;Irã;222
Mahshahr;Irã;222
Abu Musa;Irã;222
Bushehr;Irã;222
Bandar Lengeh;Irã;222
Khiyaroo;Irã;222
Khark;Irã;222
Kermanshah;Irã;222
Kashan;Irã;222
Rasht;Irã;222
Hamadan;Irã;222
Bam;Irã;222
Rafsanjan;Irã;222
Bojnord;Irã;222
Sabzevar;Irã;222
Nowshahr;Irã;222
Ramsar;Irã;222
Sari;Irã;222
Lar;Irã;222
Lamerd;Irã;222
Ardabil;Irã;222
Urmia;Irã;222
Yazd;Irã;222
Konarak;Irã;222
Khasab;Omã;222
Bahawalpur;Paquistão;222
Chitral;Paquistão;222
Dera Ghazi Khan;Paquistão;222
Gilgit;Paquistão;222
Nawabashah;Paquistão;222
Rahim Yar Khan;Paquistão;222
Sukkur;Paquistão;222
Fort Sandeman;Paquistão;222
Sulaymaniyah;Iraque;222
Qamishli;Síria;222
Latakia;Síria;222
Al Ghaydah;Iêmen;222
Mori;Iêmen;222
Taiz;Iêmen;222
Barter Island;Estados Unidos;222
Bethel;Estados Unidos;222
Utqiaġvik;Estados Unidos;222
Cold Bay;Estados Unidos;222
Cordova;Estados Unidos;222
Deering;Estados Unidos;222
Adak;Estados Unidos;222
Dillingham;Estados Unidos;222
Kodiak;Estados Unidos;222
Unalaska;Estados Unidos;222
Fairbanks;Estados Unidos;222
Emmonak;Estados Unidos;222
Kenai;Estados Unidos;222
Ambler;Estados Unidos;222
Galena;Estados Unidos;222
Gulkana;Estados Unidos;222
Gambell;Estados Unidos;222
Gustavus;Estados Unidos;222
Holy Cross;Estados Unidos;222
Huslia;Estados Unidos;222
Haines;Estados Unidos;222
Homer;Estados Unidos;222
Egegik;Estados Unidos;222
Kiana;Estados Unidos;222
Iliamna;Estados Unidos;222
Utopia Creek;Estados Unidos;222
Juneau;Estados Unidos;222
King Salmon;Estados Unidos;222
Anaktuvuk Pass;Estados Unidos;222
Ketchikan;Estados Unidos;222
Klawock;Estados Unidos;222
Cape Lisburne;Estados Unidos;222
McGrath;Estados Unidos;222
Mekoryuk;Estados Unidos;222
Aniak;Estados Unidos;222
Anvik;Estados Unidos;222
Nome;Estados Unidos;222
Northway;Estados Unidos;222
Kotzebue;Estados Unidos;222
Petersburg;Estados Unidos;222
Port Heiden;Estados Unidos;222
Platinum;Estados Unidos;222
Nuiqsut;Estados Unidos;222
Arctic Village;Estados Unidos;222
Ruby;Estados Unidos;222
Savoonga;Estados Unidos;222
Deadhorse;Estados Unidos;222
Sand Point;Estados Unidos;222
Sitka;Estados Unidos;222
St Paul Island;Estados Unidos;222
Atqasuk;Estados Unidos;222
Unalakleet;Estados Unidos;222
Valdez;Estados Unidos;222
Wrangell;Estados Unidos;222
Wainwright;Estados Unidos;222
Yakutat;Estados Unidos;222
Fort Yukon;Estados Unidos;222
I Fadang, Saipan;Ilhas Marianas do Norte;222
Tinian Island;Ilhas Marianas do Norte;222
Hana;Estados Unidos;222
Lahaina;Estados Unidos;222
Kaunakakai;Estados Unidos;222
Waimea (Kamuela);Estados Unidos;222
Lanai City;Estados Unidos;222
Hilo;Estados Unidos;222
Kwajalein;Ilhas Marshall;222
Point Lay;Estados Unidos;222
Pohnpei Island;Micronésia;222
Wake Island;Ilhas Menores Distantes dos EUA;222
Shang-I;Taiwan;222
Matsu (Nangan);Taiwan;222
Taitung City;Taiwan;222
Shuishang;Taiwan;222
Orchid Island;Taiwan;222
Matsu (Beigan);Taiwan;222
Matsumoto;Japão;222
Shirahama;Japão;222
Toyooka;Japão;222
Obihiro;Japão;222
Kushiro;Japão;222
Ōzora;Japão;222
Nakashibetsu;Japão;222
Wakkanai;Japão;222
Amakusa;Japão;222
Iki;Japão;222
Ube;Japão;222
Tsushima;Japão;222
Monbetsu;Japão;222
Higashikagura;Japão;222
Okushiri Island;Japão;222
Rishiri;Japão;222
Yakushima;Japão;222
Goto;Japão;222
Tanegashima;Japão;222
Oita;Japão;222
Amami;Japão;222
Wadomari;Japão;222
Kikai;Japão;222
Amagi;Japão;222
Okinoshima;Japão;222
Toyama;Japão;222
Wajima;Japão;222
Izumo;Japão;222
Yonago;Japão;222
Iwakuni;Japão;222
Tottori;Japão;222
Masuda;Japão;222
Higashine;Japão;222
Sado;Japão;222
Sukagawa;Japão;222
Hanamaki;Japão;222
Akita;Japão;222
Misawa;Japão;222
Kitaakita;Japão;222
Shonai;Japão;222
Hachijojima;Japão;222
Izu Oshima;Japão;222
Miyakejima;Japão;222
Gwangju;Coreia do Sul;222
Gunsan;Coreia do Sul;222
Yeosu;Coreia do Sul;222
Wonju;Coreia do Sul;222
Sacheon;Coreia do Sul;222
Ulsan;Coreia do Sul;222
Pohang;Coreia do Sul;222
Ishigaki;Japão;222
Kumejima;Japão;222
Minamidaito;Japão;222
Miyakojima;Japão;222
Kitadaitōjima;Japão;222
Tarama;Japão;222
Yoron;Japão;222
Yonaguni;Japão;222
Datu Odin Sinsuat;Filipinas;222
Butuan;Filipinas;222
Dipolog;Filipinas;222
Mambajao;Filipinas;222
Jolo;Filipinas;222
Bongao;Filipinas;222
Ozamiz;Filipinas;222
Pagadian;Filipinas;222
Surigao City;Filipinas;222
Panglao;Filipinas;222
Baguio;Filipinas;222
Naga;Filipinas;222
Basco;Filipinas;222
Tuguegarao City;Filipinas;222
Virac;Filipinas;222
Cauayan City;Filipinas;222
Tacloban City;Filipinas;222
Calbayog City;Filipinas;222
Dumaguete City;Filipinas;222
Caticlan;Filipinas;222
Catarman;Filipinas;222
Masbate;Filipinas;222
Roxas City;Filipinas;222
Tablas Island;Filipinas;222
Coron;Filipinas;222
Yeysk;Rússia;222
Parana;Argentina;222
San Rafael;Argentina;222
Catamarca;Argentina;222
Santiago del Estero;Argentina;222
La Rioja;Argentina;222
Termas de Río Hondo;Argentina;222
San Luis;Argentina;222
Corrientes;Argentina;222
Formosa;Argentina;222
Puerto Iguazu;Argentina;222
Posadas;Argentina;222
Esquel;Argentina;222
Las Heras;Argentina;222
Rawson;Argentina;222
Viedma / Carmen de Patagones;Argentina;222
Puerto Madryn;Argentina;222
Puerto Deseado;Argentina;222
Rio Grande;Argentina;222
Ushuaia;Argentina;222
Perito Moreno;Argentina;222
Bahía Blanca;Argentina;222
Santa Teresita;Argentina;222
Mar del Plata;Argentina;222
Necochea;Argentina;222
Chapelco/San Martin de los Andes;Argentina;222
Bauru;Brasil;222
Araraquara;Brasil;222
Aracaju;Brasil;222
Alta Floresta;Brasil;222
Araçatuba;Brasil;222
Araxá;Brasil;222
Cascavel;Brasil;222
Campo Grande;Brasil;222
Chapecó;Brasil;222
Parauapebas;Brasil;222
Criciúma;Brasil;222
Campos dos Goytacazes;Brasil;222
Corumbá;Brasil;222
Caxias Do Sul;Brasil;222
Cruzeiro Do Sul;Brasil;222
Presidente Prudente;Brasil;222
Fernando de Noronha;Brasil;222
Governador Valadares;Brasil;222
Altamira;Brasil;222
Itaituba;Brasil;222
Ilhéus;Brasil;222
Ipatinga;Brasil;222
Imperatriz;Brasil;222
Cruz;Brasil;222
Juiz de Fora;Brasil;222
Joinville;Brasil;222
Campina Grande;Brasil;222
Lages;Brasil;222
Londrina;Brasil;222
Marabá;Brasil;222
Maringá;Brasil;222
Montes Claros;Brasil;222
Marília;Brasil;222
Macapá;Brasil;222
Mossoró;Brasil;222
Manicoré;Brasil;222
Santo Ângelo;Brasil;222
Parnaíba;Brasil;222
Passo Fundo;Brasil;222
Ponta Grossa;Brasil;222
Palmas;Brasil;222
Pelotas;Brasil;222
Petrolina;Brasil;222
Ponta Porã;Brasil;222
Rondonópolis;Brasil;222
Ribeirão Preto;Brasil;222
São José Dos Campos;Brasil;222
Santarém;Brasil;222
São José do Rio Preto;Brasil;222
Oriximiná;Brasil;222
Teresina;Brasil;222
Tefé;Brasil;222
Tabatinga;Brasil;222
Tucuruí;Brasil;222
São Gabriel da Cachoeira;Brasil;222
Paulo Afonso;Brasil;222
Uruguaiana;Brasil;222
Uberlândia;Brasil;222
Uberaba;Brasil;222
Vilhena;Brasil;222
Arica;Chile;222
Copiapo;Chile;222
Balmaceda;Chile;222
Calama;Chile;222
El Salvador;Chile;222
Osorno;Chile;222
Puerto Natales;Chile;222
La Serena-Coquimbo;Chile;222
Valdivia;Chile;222
Feira de Santana;Brasil;222
Coca;Equador;222
Cuenca;Equador;222
Isla Baltra;Equador;222
Latacunga;Equador;222
Macas;Equador;222
Manta;Equador;222
Tulcán;Equador;222
Armenia;Colômbia;222
Puerto Asís;Colômbia;222
Bucaramanga;Colômbia;222
Bahía Solano;Colômbia;222
Buenaventura;Colômbia;222
Cúcuta;Colômbia;222
Tumaco;Colômbia;222
Barrancabermeja;Colômbia;222
Florencia;Colômbia;222
Guapi;Colômbia;222
Ibagué;Colômbia;222
Ipiales;Colômbia;222
Carepa;Colômbia;222
Leticia;Colômbia;222
Montería;Colômbia;222
Mitú;Colômbia;222
Manizales;Colômbia;222
Neiva;Colômbia;222
Puerto Carreño;Colômbia;222
Puerto Inírida;Colômbia;222
Pereira;Colômbia;222
Popayán;Colômbia;222
Chachagüí;Colômbia;222
Providencia;Colômbia;222
Riohacha;Colômbia;222
San José Del Guaviare;Colômbia;222
San Vicente Del Caguán;Colômbia;222
Tame;Colômbia;222
Arauca;Colômbia;222
Quibdó;Colômbia;222
Valledupar;Colômbia;222
Villavicencio;Colômbia;222
Yopal;Colômbia;222
Cobija;Bolívia;222
Guayaramerín;Bolívia;222
Puerto Suárez;Bolívia;222
Riberalta;Bolívia;222
Tarija;Bolívia;222
Sobral;Brasil;222
Maripasoula;Guiana Francesa;222
Saint-Laurent-du-Maroni;Guiana Francesa;222
Chimbote;Peru;222
Ayacucho;Peru;222
Jaén;Peru;222
Jauja;Peru;222
Cajamarca;Peru;222
Ilo;Peru;222
Tumbes;Peru;222
Yurimaguas;Peru;222
Huánuco;Peru;222
Chachapoyas;Peru;222
Tarapoto;Peru;222
Tacna;Peru;222
Puerto Maldonado;Peru;222
Piura;Peru;222
Talara;Peru;222
Nazca;Peru;222
Punta del Este;Uruguai;222
Rivera/Santana do Livramento;Uruguai;222
Barinas;Venezuela;222
Canaima;Venezuela;222
Carúpano;Venezuela;222
Coro;Venezuela;222
Cumaná;Venezuela;222
Paraguaná;Venezuela;222
Maturín;Venezuela;222
San Antonio del Tachira;Venezuela;222
Santa Elena de Uairén;Venezuela;222
El Tigre;Venezuela;222
El Vigía;Venezuela;222
Valera;Venezuela;222
Araguaína;Brasil;222
Ogle;Guiana;222
Kaieteur Falls;Guiana;222
Lethem;Guiana;222
Canefield;Dominica;222
Marigot;Dominica;222
Grand Case;São Martinho;222
Gustavia;São Bartolomeu;222
Grand-Bourg;Guadalupe;222
Christiansted;Ilhas Virgens Americanas;222
Aguadilla;Porto Rico;222
Culebra;Porto Rico;222
Mayaguez;Porto Rico;222
Ponce;Porto Rico;222
Ceiba;Porto Rico;222
Vieques;Porto Rico;222
Castries;Santa Lúcia;222
Zion's Hill;Países Baixos Caribenhos;222
The Valley;Anguilla;222
Spanish Town;Ilhas Virgens Britânicas;222
Bequia;São Vicente e Granadinas;222
Canouan;São Vicente e Granadinas;222
Lovell;São Vicente e Granadinas;222
Union Island;São Vicente e Granadinas;222
Balkhash;Cazaquistão;222
Taldykorgan;Cazaquistão;222
Karakol;Quirguistão;222
Gabala;Azerbaijão;222
Lachin;Azerbaijão;222
Neryungri;Rússia;222
Khonuu;Rússia;222
Olyokminsk;Rússia;222
Ust-Nera;Rússia;222
Vilyuisk;Rússia;222
Lensk;Rússia;222
Yakutia;Rússia;222
Mirny;Rússia;222
Saskylakh;Rússia;222
Srednekolymsk;Rússia;222
Chokurdah;Rússia;222
Cherskiy;Rússia;222
Tiksi;Rússia;222
Zyryanka;Rússia;222
Zhigansk;Rússia;222
Kihihi;Uganda;222
Sukhumi;Geórgia;222
Blagoveschensk;Rússia;222
Khabarovsk;Rússia;222
Komsomolsk-on-Amur;Rússia;222
Anadyr;Rússia;222
Keperveem;Rússia;222
Magadan;Rússia;222
Apapelgino;Rússia;222
Nikolayevsk-na-Amure Airport;Rússia;222
Okhotsk;Rússia;222
Bratsk;Rússia;222
Ust-Kut;Rússia;222
Mariupol;Ucrânia;222
Dnipro;Ucrânia;222
Kryvyi Rih;Ucrânia;222
Ivano-Frankivsk;Ucrânia;222
Chernivtsi;Ucrânia;222
Rivne;Ucrânia;222
Kherson;Ucrânia;222
Archangelsk;Rússia;222
Naryan Mar;Rússia;222
Amderma;Rússia;222
Kotlas;Rússia;222
Pskov;Rússia;222
Petrozavodsk;Rússia;222
Cherepovets;Rússia;222
Velikiy Ustyug;Rússia;222
Gomel;Bielorrússia;222
Mogilev;Bielorrússia;222
Yeniseysk;Rússia;222
Severo-Yeniseysk;Rússia;222
Vanavara;Rússia;222
Kyzyl;Rússia;222
Novokuznetsk;Rússia;222
Khatanga;Rússia;222
Igarka;Rússia;222
Krasnyi Kurgan;Rússia;222
Gelendzhik;Rússia;222
Nalchik;Rússia;222
Beslan;Rússia;222
Sunzha;Rússia;222
Stavropol;Rússia;222
Taganrog;Rússia;222
Elista;Rússia;222
Sabetta;Rússia;222
Bovanenkovo;Rússia;222
Salekhard;Rússia;222
Khanty-Mansiysk;Rússia;222
Nyagan;Rússia;222
Sovetskiy;Rússia;222
Uray;Rússia;222
Izhevsk;Rússia;222
Kirov;Rússia;222
Nadym;Rússia;222
Novy Urengoy;Rússia;222
Kogalym;Rússia;222
Nefteyugansk;Rússia;222
Noyabrsk;Rússia;222
Tobolsk;Rússia;222
Kurgan;Rússia;222
Turkmenbaşy;Turcomenistão;222
Mary;Turcomenistão;222
Andijan;Uzbequistão;222
Fergana;Uzbequistão;222
Navoi;Uzbequistão;222
Termez;Uzbequistão;222
Zomin;Uzbequistão;222
Kostroma;Rússia;222
Ivanovo;Rússia;222
Rybinsk;Rússia;222
Bryansk;Rússia;222
Belgorod;Rússia;222
Kursk;Rússia;222
Lipetsk;Rússia;222
Voronezh;Rússia;222
Ukhta;Rússia;222
Pechora;Rússia;222
Usinsk;Rússia;222
Vorkuta;Rússia;222
Syktyvkar;Rússia;222
Bugulma;Rússia;222
Nizhnekamsk;Rússia;222
Cheboksary;Rússia;222
Ulyanovsk;Rússia;222
Cherdakly;Rússia;222
Orenburg;Rússia;222
Orsk;Rússia;222
Penza;Rússia;222
Balakovo;Rússia;222
Rewa;Índia;222
Gondia;Índia;222
Aurangabad;Índia;222
Bhuj;Índia;222
Belgaum;Índia;222
Bhavnagar;Índia;222
Hubballi;Índia;222
Jabalpur;Índia;222
Jamnagar;Índia;222
Kandla;Índia;222
Khajuraho;Índia;222
Kolhapur;Índia;222
Keshod;Índia;222
Latur;Índia;222
Nanded;Índia;222
Porbandar;Índia;222
Raipur;Índia;222
Udaipur;Índia;222
Batticaloa;Sri Lanka;222
Galle;Sri Lanka;222
Trincomalee;Sri Lanka;222
Battambang;Camboja;222
Agartala;Índia;222
Shillong;Índia;222
Bilaspur;Índia;222
Durgapur;Índia;222
Darbhanga;Índia;222
Gorakhpur;Índia;222
Gaya;Índia;222
Jorhat;Índia;222
Silchar;Índia;222
Aizawl (Lengpui);Índia;222
Lilabari;Índia;222
Dibrugarh;Índia;222
Dimapur;Índia;222
Patna;Índia;222
Ranchi;Índia;222
Bhawanipatna;Índia;222
Barisal;Bangladesh;222
Cox's Bazar;Bangladesh;222
Jashore (Jessore);Bangladesh;222
Rajshahi;Bangladesh;222
Saidpur;Bangladesh;222
Agra;Índia;222
Allahabad;Índia;222
Bhuntar;Índia;222
Bareilly;Índia;222
Kanpur;Índia;222
Dehradun (Jauligrant);Índia;222
Kangra;Índia;222
Gwalior;Índia;222
Jodhpur;Índia;222
Jammu;Índia;222
Ajmer (Kishangarh);Índia;222
Leh;Índia;222
Moradabad;Índia;222
Pathankot;Índia;222
Pantnagar;Índia;222
Janakpur;Nepal;222
Lukla;Nepal;222
Nepalgunj;Nepal;222
Taplejung;Nepal;222
Biratnagar;Nepal;222
Agatti;Índia;222
Kadapa;Índia;222
Orvakal;Índia;222
Madurai;Índia;222
Mysore;Índia;222
Puducherry (Pondicherry);Índia;222
Madhurapudi;Índia;222
Kadhdhoo;Maldivas;222
Huvadhu Atoll;Maldivas;222
Maamigili;Maldivas;222
Laem Ngop;Tailândia;222
Mae Hong Son;Tailândia;222
Hua Hin;Tailândia;222
Phitsanulok;Tailândia;222
Surat Thani;Tailândia;222
Chumphon;Tailândia;222
Nakhon Si Thammarat;Tailândia;222
Ranong;Tailândia;222
Trang;Tailândia;222
Surin;Tailândia;222
Khon Kaen;Tailândia;222
Buriram;Tailândia;222
Ubon Ratchathani;Tailândia;222
Roi Et;Tailândia;222
Nakhon Phanom;Tailândia;222
Buon Ma Thuot;Vietnã;222
Ca Mau City;Vietnã;222
Con Dao;Vietnã;222
Dien Bien Phu;Vietnã;222
Dong Hoi;Vietnã;222
Da Lat;Vietnã;222
Huế;Vietnã;222
Quy Nohn;Vietnã;222
Pleiku;Vietnã;222
Rach Gia;Vietnã;222
Tuy Hoa;Vietnã;222
Van Don;Vietnã;222
Vinh;Vietnã;222
Dawei;Mianmar;222
Heho;Mianmar;222
Kengtung;Mianmar;222
Kyaukpyu;Mianmar;222
Kawthoung;Mianmar;222
Loikaw;Mianmar;222
Lashio;Mianmar;222
Mkeik;Mianmar;222
Myitkyina;Mianmar;222
Mong Hsat;Mianmar;222
Putao;Mianmar;222
Sittwe;Mianmar;222
Thandwe;Mianmar;222
Tachileik;Mianmar;222
Biak;Indonésia;222
Timika;Indonésia;222
Bima;Indonésia;222
Ternate;Indonésia;222
Toraja;Indonésia;222
Palu;Indonésia;222
Palangkaraya;Indonésia;222
Cilacap;Indonésia;222
Oksibil;Indonésia;222
Merauke;Indonésia;222
Tanah Merah;Indonésia;222
Tarakan;Indonésia;222
Samarinda;Indonésia;222
Tabukan Utara, Sangihe Islands;Indonésia;222
Tanta-Tabalong;Indonésia;222
Langgur;Indonésia;222
Namniwel;Indonésia;222
Tanjung Redeb - Borneo Island;Indonésia;222
Malang;Indonésia;222
Fakfak;Indonésia;222
Kaimana;Indonésia;222
Manokwari;Indonésia;222
Sorong;Indonésia;222
Kupang;Indonésia;222
Wamena;Indonésia;222
Wangi-wangi Island;Indonésia;222
Kolaka;Indonésia;222
Bintulu;Malásia;222
Limbang;Malásia;222
Mukah;Malásia;222
Marudi;Malásia;222
Miri;Malásia;222
Sibu;Malásia;222
Bario;Malásia;222
Lahad Datu;Malásia;222
Labuan;Malásia;222
Sandakan;Malásia;222
Tawau;Malásia;222
Mulu;Malásia;222
Pekanbaru;Indonésia;222
Dumai;Indonésia;222
Kertajati;Indonésia;222
Bandung;Indonésia;222
Tanjung Pinang-Bintan Island;Indonésia;222
Bandar Lampung;Indonésia;222
Gunungsitoli;Indonésia;222
Sibolga (Pinangsori);Indonésia;222
Kutacane;Indonésia;222
Nanga Pinoh-Borneo Island;Indonésia;222
Ketapang;Indonésia;222
Ranai-Natuna Besar Island;Indonésia;222
Putussibau-Borneo Island;Indonésia;222
Sintang;Indonésia;222
Pangkal Pinang;Indonésia;222
Bengkulu;Indonésia;222
Palembang;Indonésia;222
Talang Gudang-Sumatra Island;Indonésia;222
Kuala Pesisir;Indonésia;222
Takengon;Indonésia;222
Tioman Island;Malásia;222
Alor Satar;Malásia;222
Kota Baharu;Malásia;222
Kuantan;Malásia;222
Malacca;Malásia;222
Kuala Terengganu;Malásia;222
Suai;Timor-Leste;222
Baucau;Timor-Leste;222
Seletar;Singapura;222
Armidale;Austrália;222
Yulara;Austrália;222
Barcaldine;Austrália;222
Alice Springs;Austrália;222
Blackall;Austrália;222
Charleville;Austrália;222
Broken Hill;Austrália;222
Hamilton Island;Austrália;222
Bedourie;Austrália;222
Mount Isa;Austrália;222
Mackay;Austrália;222
Ballina;Austrália;222
Proserpine;Austrália;222
Rockhampton;Austrália;222
Bathurst;Austrália;222
Townsville;Austrália;222
Bundaberg;Austrália;222
Weipa;Austrália;222
Carnarvon;Austrália;222
Coober Pedy;Austrália;222
Cloncurry;Austrália;222
Coffs Harbour;Austrália;222
Coen;Austrália;222
Cooma;Austrália;222
Devonport;Austrália;222
Elcho Island;Austrália;222
Emerald;Austrália;222
Esperance;Austrália;222
Moonyoonooka;Austrália;222
Gladstone;Austrália;222
Groote Eylandt;Austrália;222
Griffith;Austrália;222
Hervey Bay;Austrália;222
Horn;Austrália;222
Mount Hotham;Austrália;222
Kowanyama;Austrália;222
Leonora;Austrália;222
Lockhart River;Austrália;222
Lismore;Austrália;222
Longreach;Austrália;222
East Albury;Austrália;222
Essendon Fields;Austrália;222
Merimbula;Austrália;222
Maningrida;Austrália;222
Mildura;Austrália;222
Launceston (Western Junction);Austrália;222
Moree;Austrália;222
Moranbah;Austrália;222
Moruya;Austrália;222
Mount Gambier;Austrália;222
Narrandera;Austrália;222
Narrabri;Austrália;222
Normanton;Austrália;222
Newman;Austrália;222
Paraburdoo;Austrália;222
Nhulunbuy;Austrália;222
Karratha;Austrália;222
Broadwood;Austrália;222
Parkes;Austrália;222
Kununurra;Austrália;222
Port Lincoln;Austrália;222
Exmouth;Austrália;222
Port Macquarie;Austrália;222
Flying Fish Cove;Ilha Christmas;222
Roma;Austrália;222
Canberra;Austrália;222
Dubbo;Austrália;222
Denham;Austrália;222
Albion Park Rail;Austrália;222
Milikapiti;Austrália;222
Burnt Pine;Ilha Norfolk;222
Tamworth;Austrália;222
Forest Hill;Austrália;222
Thargomindah;Austrália;222
Biloela;Austrália;222
Tennant Creek;Austrália;222
Windorah;Austrália;222
Whyalla;Austrália;222
Burnie;Austrália;222
Chengde;China;222
Chifeng;China;222
Qinhuangdao (Changli);China;222
Erenhot;China;222
Arxan;China;222
Handan;China;222
Holingol;China;222
Linfen (Yaodu);China;222
Lüliang;China;222
Manzhouli;China;222
Shuozhou;China;222
Tongliao;China;222
Ulanqab;China;222
Wuhai;China;222
Xilinhot;China;222
Bayannur;China;222
Zhangjiakou;China;222
Zhalantun;China;222
Beihai;China;222
Baise (Tianyang);China;222
Changde (Dingcheng);China;222
Huaihua;China;222
Chenzhou;China;222
Foshan (Nanhai);China;222
Hechi (Jinchengjiang);China;222
Huizhou (Pingtan);China;222
Yongzhou;China;222
Shaoyang (Wugang);China;222
Tangbu;China;222
Yulin;China;222
Yueyang (Yueyanglou);China;222
Liuzhou (Liujiang);China;222
Enshi (Enshi);China;222
Jingzhou (Shashi);China;222
Shennongjia (Hongping);China;222
Shiyan (Maojian);China;222
Xiangyang (Xiangzhou);China;222
Xinyang;China;222
Yichang (Xiaoting);China;222
Qionghai (Basuo);China;222
Hoemun-ri;Coreia do Norte;222
Sŏndŏng-ni;Coreia do Norte;222
Wonsan;Coreia do Norte;222
Delingha;China;222
Golog (Maqên);China;222
Golmud;China;222
Guyuan (Yuanzhou);China;222
Mengnai;China;222
Hanzhong (Chenggu);China;222
Jinchang;China;222
Longnan (Cheng);China;222
Qingyang (Xifeng);China;222
Tianshui (Maiji);China;222
Gannan (Xiahe);China;222
Yan'an (Baota);China;222
Yushu (Batang);China;222
Zhongwei (Shapotou);China;222
Zhangye (Ganzhou);China;222
Arvaikheer;Mongólia;222
Altai;Mongólia;222
Bayankhongor;Mongólia;222
Bulgan;Mongólia;222
Dalanzadgad;Mongólia;222
Khovd;Mongólia;222
Mörön;Mongólia;222
Ulaangom;Mongólia;222
Ölgii;Mongólia;222
Baoshan (Longyang);China;222
Lincang (Cangyuan);China;222
Dali (Xiaguan);China;222
Diqing (Shangri-La);China;222
Pu'er (Lancang);China;222
Lincang;China;222
Dehong (Mangshi);China;222
Anqing;China;222
Changzhou;China;222
Dongying (Kenli);China;222
Yingzhou, Fuyang;China;222
Heze (Dingtao);China;222
Jingdezhen;China;222
Jining;China;222
Quzhou (Kezheng);China;222
Longyan (Liancheng);China;222
Taizhou (Luqiao);China;222
Linyi (Hedong);China;222
Nantong (Tongzhou);China;222
Rizhao (Donggang);China;222
Sanming (Sha);China;222
Shangrao (Hengfeng);China;222
Wuhu;China;222
Weifang (Kuiwen);China;222
Weihai;China;222
Wuyishan;China;222
Xuzhou;China;222
Yangzhou;China;222
Yichun;China;222
Shiquanhe;China;222
Anshun (Xixiu);China;222
Bangda;China;222
Bijie;China;222
Dazhou (Dachuan);China;222
Garzê (Daocheng);China;222
Guangyuan (Lizhou);China;222
Ngawa (Songpan);China;222
Garzê (Kangding);China;222
Kaili  (Huangping);China;222
Luzhou (Yunlong);China;222
Zunyi;China;222
Mianyang (Fucheng);China;222
Liping;China;222
Nyingchi (Mainling);China;222
Liupanshui (Zhongshan);China;222
Qianjiang;China;222
Baoshan (Tengchong);China;222
Tongren (Daxing);China;222
Wulong;China;222
Liangshan (Xichang);China;222
Yibin (Cuiping);China;222
Xingyi;China;222
Panzhihua (Renhe);China;222
Aksu (Onsu);China;222
Altay;China;222
Bole;China;222
Qiemo;China;222
Fuyun;China;222
Hami;China;222
Korla;China;222
Burqin;China;222
Xinyuan;China;222
Ruoqiang Town;China;222
Shache;China;222
Turpan;China;222
Hotan;China;222
Ili (Yining / Ghulja);China;222
Anshan;China;222
Baicheng;China;222
Baishan;China;222
Shuangta, Chaoyang;China;222
Dandong (Zhenxing);China;222
Heihe;China;222
Fuyuan;China;222
Jiagedaqi;China;222
Jiamusi;China;222
Jiansanjiang;China;222
Jixi;China;222
Jinzhou (Linghai);China;222
Mudanjiang;China;222
Mohe;China;222
Qian Gorlos Mongol Autonomous County;China;222
Tonghua;China;222
Yanji;China;222
Yingkou (Laobian);China;222
Key Largo;Estados Unidos;27
Queen Maud Island;Antártida;27
Zabrat;Azerbaijão;27
Benguera Island;Moçambique;27
Bezmer;Bulgária;27
Bildudalur;Islândia;27
Húsavík;Islândia;27
Myvatn;Islândia;27
Siglufjörður;Islândia;27
Vestmannaeyjar;Islândia;27
Betong;Tailândia;27
Orsha;Bielorrússia;27
Sartaneja;Belize;27
Bazaruto Island;Moçambique;27
Cache Creek;Canadá;27
Hainan (Gonghe);China;27
Wuhan (Hannan);China;27
Burang Town;China;27
Zhaotong;China;27
La Grande-4;Canadá;27
Cornwall;Canadá;27
Huron Park;Canadá;27
Miramichi;Canadá;27
Cochrane;Canadá;27
Chetwynd;Canadá;27
Burwash Landing;Canadá;27
Ross River;Canadá;27
Dolbeau-Saint-Felicien;Canadá;27
Dawson Creek;Canadá;27
Elliot Lake;Canadá;27
Sheguiandah;Canadá;27
Estevan;Canadá;27
Edson;Canadá;27
Amos;Canadá;27
Forestville;Canadá;27
La Macaza;Canadá;27
Fort Resolution;Canadá;27
Gimli;Canadá;27
Geraldton;Canadá;27
Dryden;Canadá;27
Hearst;Canadá;27
Hornepayne;Canadá;27
Haines Junction;Canadá;27
Atikokan;Canadá;27
Digby;Canadá;27
Fort Liard;Canadá;27
St Jean;Canadá;27
Key Lake;Canadá;27
Kincardine;Canadá;27
Kirkland Lake;Canadá;27
Kindersley;Canadá;27
Chapleau;Canadá;27
Meadow Lake;Canadá;27
Leaf Rapids;Canadá;27
Alert;Canadá;27
Mayo;Canadá;27
Matane;Canadá;27
Manitouwadge;Canadá;27
Moose Jaw;Canadá;27
Charlevoix;Canadá;27
Langley;Canadá;27
Matagami;Canadá;27
Ekati;Canadá;27
Cold Lake;Canadá;27
Oshawa;Canadá;27
Rainbow Lake;Canadá;27
Owen Sound;Canadá;27
Port Hawkesbury;Canadá;27
Portage la Prairie;Canadá;27
Springbrook;Canadá;27
Yarmouth;Canadá;27
St Thomas;Canadá;27
Yorkton;Canadá;27
North Battleford;Canadá;27
Rivière-du-Loup;Canadá;27
Trois-Rivières;Canadá;27
Revelstoke;Canadá;27
Sherbrooke;Canadá;27
Smiths Falls;Canadá;27
Marathon;Canadá;27
Slemon Park;Canadá;27
Pembroke;Canadá;27
Alma;Canadá;27
Trenton;Canadá;27
Vernon;Canadá;27
Wrigley;Canadá;27
Beaver Creek;Canadá;27
Earlton;Canadá;27
Wawa;Canadá;27
Swift Current;Canadá;27
Kapuskasing;Canadá;27
Armstrong;Canadá;27
Gore Bay;Canadá;27
Slave Lake;Canadá;27
Sarnia;Canadá;27
Teslin;Canadá;27
Greenwood;Canadá;27
Salmon Arm;Canadá;27
Delta;Canadá;27
Bromont;Canadá;27
Kelsey;Canadá;27
Jenpeg;Canadá;27
Swan River;Canadá;27
Thicket Portage;Canadá;27
Pikwitonei;Canadá;27
Pincher Creek;Canadá;27
Stewart;Canadá;27
Ignace;Canadá;27
Ouled Sidi Brahim;Argélia;27
Mecheria;Argélia;27
Hassi R'Mel;Argélia;27
Tiaret;Argélia;27
Tafraoui;Argélia;27
Ghriss;Argélia;27
Laghouat;Argélia;27
Minna;Nigéria;27
Zaria;Nigéria;27
Maradi;Níger;27
Tahoua;Níger;27
Agadez;Níger;27
El Borma;Tunísia;27
Wevelgem;Bélgica;27
Nobitz;Alemanha;27
Trollenhagen;Alemanha;27
Hörselberg-Hainich;Alemanha;27
Burbach;Alemanha;27
Kiel;Alemanha;27
Bielefeld;Alemanha;27
Mönchengladbach;Alemanha;27
Augsburg;Alemanha;27
Weßling;Alemanha;27
Bindlach;Alemanha;27
Hof;Alemanha;27
Lahr/Schwarzwald;Alemanha;27
Braunschweig;Alemanha;27
Jämsä;Finlândia;27
Kitee;Finlândia;27
Kauhava;Finlândia;27
Kauhajoki;Finlândia;27
Mikkeli;Finlândia;27
Seinäjoki / Ilmajoki;Finlândia;27
Sodankyla;Finlândia;27
Utti / Valkeala;Finlândia;27
Varkaus / Joroinen;Finlândia;27
Ylivieska;Finlândia;27
Enniskillen, Fermanagh and Omagh;Reino Unido;27
Coventry, West Midlands;Reino Unido;27
Staverton, Gloucestershire;Reino Unido;27
Nottingham, Nottinghamshire;Reino Unido;27
Yeovil, Somerset;Reino Unido;27
Haverfordwest;Reino Unido;27
Swansea;Reino Unido;27
Brighton, East Sussex;Reino Unido;27
Farnborough, Hampshire;Reino Unido;27
Camberley, Surrey;Reino Unido;27
Romney Marsh, Kent;Reino Unido;27
Carlisle, Cumbria;Reino Unido;27
Blackpool;Reino Unido;27
Barrow-in-Furness;Reino Unido;27
Warton;Reino Unido;27
Broughton;Reino Unido;27
Angelsey;Reino Unido;27
Leuchars, Fife;Reino Unido;27
Lossiemouth, Moray;Reino Unido;27
Cambridge, Cambridgeshire;Reino Unido;27
Kidlington, Oxfordshire;Reino Unido;27
Wallingford, Oxfordshire;Reino Unido;27
Brandon, Suffolk;Reino Unido;27
Bury Saint Edmunds, Suffolk;Reino Unido;27
Fairford, Gloucestershire;Reino Unido;27
Carterton, Oxfordshire;Reino Unido;27
Hook, Hampshire;Reino Unido;27
Northolt, Greater London;Reino Unido;27
Lincoln, Lincolnshire;Reino Unido;27
King's Lynn, Norfolk;Reino Unido;27
Rijen;Países Baixos;27
Den Helder;Países Baixos;27
Lelystad;Países Baixos;27
Leeuwarden;Países Baixos;27
Enschede;Países Baixos;27
Uden;Países Baixos;27
Hoogerheide;Países Baixos;27
Sligo;Irlanda;27
Waterford;Irlanda;27
Rødby;Dinamarca;27
Sindal;Dinamarca;27
Vojens;Dinamarca;27
Skive;Dinamarca;27
Thisted;Dinamarca;27
Skjern;Dinamarca;27
Notodden;Noruega;27
Skövde;Suécia;27
Karlskoga;Suécia;27
Kristianstad;Suécia;27
Söderhamn;Suécia;27
Gävle / Sandviken;Suécia;27
Eskilstuna;Suécia;27
Storuman;Suécia;27
Trier;Alemanha;27
Ramstein-Miesenbach;Alemanha;27
Fritzlar;Alemanha;27
Geilenkirchen;Alemanha;27
Jagel;Alemanha;27
Wiesbaden;Alemanha;27
Manching;Alemanha;27
Panevėžys;Lituânia;27
Šiauliai;Lituânia;27
Alexander Bay;África do Sul;27
Aggeneys;África do Sul;27
Bisho;África do Sul;27
Ficksburg;África do Sul;27
Midrand;África do Sul;27
Harrismith;África do Sul;27
Klerksdorp;África do Sul;27
Kuruman;África do Sul;27
Kleinsee;África do Sul;27
Lime Acres;África do Sul;27
Langebaanweg;África do Sul;27
Ladysmith;África do Sul;27
Malamala;África do Sul;27
Newcastle;África do Sul;27
Oudtshoorn;África do Sul;27
Plettenberg Bay;África do Sul;27
Port St Johns;África do Sul;27
Pilanesberg;África do Sul;27
Potchefstroom;África do Sul;27
Robertson;África do Sul;27
Springbok;África do Sul;27
Secunda;África do Sul;27
Tzaneen;África do Sul;27
Ulundi;África do Sul;27
Vyrburg;África do Sul;27
Vredendal;África do Sul;27
Pretoria;África do Sul;27
Jwaneng;Botsuana;27
Sowa;Botsuana;27
Selebi Phikwe;Botsuana;27
Oyo;Congo;27
Owando;Congo;27
Dolisie;Congo;27
Manzini;Essuatíni;27
Berbérati;República Centro-Africana;27
Diego Garcia;Território Britânico do Oceano Índico;27
Tiko;Camarões;27
Foumban;Camarões;27
Bafoussam;Camarões;27
Bamenda;Camarões;27
Chingola;Zâmbia;27
Mongu;Zâmbia;27
Kitwe;Zâmbia;27
Fomboni;Comores;27
Miandrivazo;Madagascar;27
Mananara Nord;Madagascar;27
Antsirabe;Madagascar;27
Analalava;Madagascar;27
Vohemar;Madagascar;27
Antsohihy;Madagascar;27
Fianarantsoa;Madagascar;27
Manakara;Madagascar;27
Morombe;Madagascar;27
Benguela;Angola;27
Kuito;Angola;27
Port Amboim;Angola;27
Saurimo;Angola;27
Sumbe;Angola;27
Luena;Angola;27
Uige;Angola;27
Xangongo;Angola;27
Koulamoutou;Gabão;27
Mouila;Gabão;27
Okondja;Gabão;27
Lambarene;Gabão;27
Bitam;Gabão;27
Omboue;Gabão;27
Mueda;Moçambique;27
Mocímboa da Praia;Moçambique;27
Moundou;Chade;27
Faya-Largeau;Chade;27
Chiredzi;Zimbábue;27
Masvingo;Zimbábue;27
Gweru;Zimbábue;27
Gwayi River Farms;Zimbábue;27
Dwangwa;Malawi;27
Karonga;Malawi;27
Mzuzu;Malawi;27
Arandis;Namíbia;27
Grootfontein;Namíbia;27
Keetmanshoop;Namíbia;27
Tsumeb;Namíbia;27
N'dolo;República Democrática do Congo;27
Lisala;República Democrática do Congo;27
Buta;República Democrática do Congo;27
Kamakombe;República Democrática do Congo;27
Bo;Serra Leoa;27
Kenema;Serra Leoa;27
Yengema;Serra Leoa;27
Bouarfa;Marrocos;27
Meknes;Marrocos;27
Kenitra;Marrocos;27
Al Hoceima;Marrocos;27
Kaolack;Senegal;27
Ouro Sogui;Senegal;27
Saint Louis;Senegal;27
Bakel;Senegal;27
Kédougou;Senegal;27
Tambacounda;Senegal;27
Atar;Mauritânia;27
Debre Zeyit;Etiópia;27
Kismayo;Somália;27
El Hassana;Egito;27
El Jora;Egito;27
Saint Catherine;Egito;27
Massawa;Eritreia;27
Assab;Eritreia;27
Kitale;Quênia;27
Lokichogio;Quênia;27
Lodwar;Quênia;27
Nakuru;Quênia;27
Marsa al Brega;Líbia;27
Gisenyi;Ruanda;27
Merowe;Sudão;27
Nduli;Tanzânia;27
Lake Manyara National Park;Tanzânia;27
Chake Chake;Tanzânia;27
Chengdu (Jintang);China;27
Shimoga;Índia;27
Mesquite;Estados Unidos;27
Ada;Estados Unidos;27
Camp Springs;Estados Unidos;27
Alice;Estados Unidos;27
Alamogordo;Estados Unidos;27
Alton/St Louis;Estados Unidos;27
Anniston;Estados Unidos;27
Anderson;Estados Unidos;27
New Iberia;Estados Unidos;27
Astoria;Estados Unidos;27
Wausau;Estados Unidos;27
Beale Air Force Base;Estados Unidos;27
Bossier City;Estados Unidos;27
Westfield;Estados Unidos;27
Brady;Estados Unidos;27
Bryce Canyon;Estados Unidos;27
Boca Raton;Estados Unidos;27
Baudette;Estados Unidos;27
Fort Bliss/El Paso;Estados Unidos;27
Biloxi;Estados Unidos;27
Bemidji;Estados Unidos;27
Baker City;Estados Unidos;27
Aurora;Estados Unidos;27
Bluefield;Estados Unidos;27
Blythe;Estados Unidos;27
Bloomington;Estados Unidos;27
Burns;Estados Unidos;27
Big Piney;Estados Unidos;27
Mountain Home;Estados Unidos;27
Battle Creek;Estados Unidos;27
Beaver Falls;Estados Unidos;27
Beverly / Danvers;Estados Unidos;27
Bowling Green;Estados Unidos;27
Blytheville;Estados Unidos;27
Burley;Estados Unidos;27
Fort Irwin/Barstow;Estados Unidos;27
Caribou;Estados Unidos;27
Charles City;Estados Unidos;27
Childress;Estados Unidos;27
Chicopee;Estados Unidos;27
Crestview;Estados Unidos;27
Port Angeles;Estados Unidos;27
Chanute;Estados Unidos;27
Coeur d'Alene;Estados Unidos;27
Cocoa Beach;Estados Unidos;27
North Myrtle Beach;Estados Unidos;27
Crossville;Estados Unidos;27
Cut Bank;Estados Unidos;27
Corvallis;Estados Unidos;27
Carson City;Estados Unidos;27
Fort Belvoir;Estados Unidos;27
Daggett;Estados Unidos;27
Danville;Estados Unidos;27
Dalhart;Estados Unidos;27
Del Rio;Estados Unidos;27
Dallesport / The Dalles;Estados Unidos;27
Deming;Estados Unidos;27
Chicago/West Chicago;Estados Unidos;27
Mercury;Estados Unidos;27
DeRidder;Estados Unidos;27
Durant;Estados Unidos;27
Douglas Bisbee;Estados Unidos;27
Danbury;Estados Unidos;27
Elizabeth City;Estados Unidos;27
Edwards;Estados Unidos;27
Needles;Estados Unidos;27
Keene;Estados Unidos;27
Eureka;Estados Unidos;27
Elkins;Estados Unidos;27
Ely;Estados Unidos;27
Enid;Estados Unidos;27
Wendover;Estados Unidos;27
Kenosha;Estados Unidos;27
Evanston;Estados Unidos;27
Newport News (Fort Eustis);Estados Unidos;27
Fort Bragg;Estados Unidos;27
Fort Carson;Estados Unidos;27
Findlay;Estados Unidos;27
Fort Huachuca / Sierra Vista;Estados Unidos;27
Franklin;Estados Unidos;27
Fort Meade(Odenton);Estados Unidos;27
Farmington;Estados Unidos;27
Loveland;Estados Unidos;27
Topeka;Estados Unidos;27
Fort Pierce;Estados Unidos;27
East Farmingdale;Estados Unidos;27
Fort Riley (Junction City);Estados Unidos;27
Fort Sill;Estados Unidos;27
Fort Stockton;Estados Unidos;27
Fort Knox;Estados Unidos;27
Glens Falls;Estados Unidos;27
Goodland;Estados Unidos;27
Galveston;Estados Unidos;27
Groton;Estados Unidos;27
Fort Lewis/Tacoma;Estados Unidos;27
Goldsboro;Estados Unidos;27
Peru;Estados Unidos;27
Guymon;Estados Unidos;27
Denison;Estados Unidos;27
Hattiesburg;Estados Unidos;27
Hobart;Estados Unidos;27
Manassas;Estados Unidos;27
Hickory;Estados Unidos;27
Wheeling;Estados Unidos;27
Huron;Estados Unidos;27
Fort Campbell;Estados Unidos;27
Hoquiam;Estados Unidos;27
Homestead;Estados Unidos;27
Redstone Arsnl Huntsville;Estados Unidos;27
Terre Haute;Estados Unidos;27
Houlton;Estados Unidos;27
Hutchinson;Estados Unidos;27
Hollywood;Estados Unidos;27
Hayward;Estados Unidos;27
Ashtabula;Estados Unidos;27
Bullhead City;Estados Unidos;27
Kingman;Estados Unidos;27
Kankakee;Estados Unidos;27
Wink;Estados Unidos;27
Winston Salem;Estados Unidos;27
Winslow;Estados Unidos;27
Kinston;Estados Unidos;27
Junction;Estados Unidos;27
Kelso;Estados Unidos;27
Lamar;Estados Unidos;27
Lumberton;Estados Unidos;27
Angleton;Estados Unidos;27
Leesburg;Estados Unidos;27
Hampton;Estados Unidos;27
Lufkin;Estados Unidos;27
Logan;Estados Unidos;27
Klamath Falls;Estados Unidos;27
Lander;Estados Unidos;27
Lovelock;Estados Unidos;27
Fort Benning;Estados Unidos;27
Altus;Estados Unidos;27
Glendale;Estados Unidos;27
Livingston;Estados Unidos;27
Lawrence;Estados Unidos;27
Lewistown;Estados Unidos;27
Mobridge;Estados Unidos;27
McComb;Estados Unidos;27
Murphysboro;Estados Unidos;27
Mansfield;Estados Unidos;27
Marietta;Estados Unidos;27
Mojave;Estados Unidos;27
Muncie;Estados Unidos;27
Millville;Estados Unidos;27
Mc Alester;Estados Unidos;27
Miles City;Estados Unidos;27
Eastover;Estados Unidos;27
Morristown;Estados Unidos;27
Modesto;Estados Unidos;27
Barre/Montpelier;Estados Unidos;27
Smyrna;Estados Unidos;27
Martinsburg;Estados Unidos;27
Mount Clemens;Estados Unidos;27
Fort Indiantown Gap(Annville);Estados Unidos;27
Moses Lake;Estados Unidos;27
Marysville;Estados Unidos;27
Lakehurst;Estados Unidos;27
Fallon;Estados Unidos;27
Patuxent River;Estados Unidos;27
El Centro;Estados Unidos;27
Lemoore;Estados Unidos;27
Millington;Estados Unidos;27
Kingsville;Estados Unidos;27
Milton;Estados Unidos;27
Point Mugu;Estados Unidos;27
Virginia Beach;Estados Unidos;27
Mountain View;Estados Unidos;27
Oak Harbor;Estados Unidos;27
Quantico;Estados Unidos;27
Orangeburg;Estados Unidos;27
Oceanside;Estados Unidos;27
Nogales;Estados Unidos;27
Oregon;Estados Unidos;27
North Kingstown;Estados Unidos;27
Oshkosh;Estados Unidos;27
Ottumwa;Estados Unidos;27
Norwood;Estados Unidos;27
Oxnard;Estados Unidos;27
Fort Rucker/Ozark;Estados Unidos;27
Panama City;Estados Unidos;27
Palo Alto;Estados Unidos;27
Pine Bluff;Estados Unidos;27
Palmdale;Estados Unidos;27
Pinedale;Estados Unidos;27
Ponca City;Estados Unidos;27
Fort Polk;Estados Unidos;27
Poughkeepsie;Estados Unidos;27
Paso Robles;Estados Unidos;27
Pontiac;Estados Unidos;27
Chicago/Prospect Heights/Wheeling;Estados Unidos;27
Bremerton;Estados Unidos;27
Riverside;Estados Unidos;27
Red Bluff;Estados Unidos;27
Reading;Estados Unidos;27
Rifle;Estados Unidos;27
Universal City;Estados Unidos;27
New Richmond;Estados Unidos;27
Russell;Estados Unidos;27
Redwood Falls;Estados Unidos;27
Rocky Mount;Estados Unidos;27
Rawlins;Estados Unidos;27
Schenectady;Estados Unidos;27
Somerset;Estados Unidos;27
Santa Monica;Estados Unidos;27
Salinas;Estados Unidos;27
Alto;Estados Unidos;27
Sumter;Estados Unidos;27
St Simons Island;Estados Unidos;27
St Joseph;Estados Unidos;27
Saint Paul;Estados Unidos;27
Fairfield;Estados Unidos;27
Knob Noster;Estados Unidos;27
Tucumcari;Estados Unidos;27
Tuscaloosa;Estados Unidos;27
Truth or Consequences;Estados Unidos;27
Titusville;Estados Unidos;27
Troy;Estados Unidos;27
Tonopah;Estados Unidos;27
Temple;Estados Unidos;27
South Lake Tahoe;Estados Unidos;27
Ukiah;Estados Unidos;27
Oxford;Estados Unidos;27
Lompoc;Estados Unidos;27
Visalia;Estados Unidos;27
Van Nuys;Estados Unidos;27
Camp Douglas;Estados Unidos;27
Valentine;Estados Unidos;27
Winnemucca;Estados Unidos;27
Warner Robins;Estados Unidos;27
Wrightstown;Estados Unidos;27
Worland;Estados Unidos;27
Wildwood;Estados Unidos;27
Woodward;Estados Unidos;27
Kiwayu;Quênia;27
Yankton;Estados Unidos;27
Youngstown/Warren;Estados Unidos;27
Zanesville;Estados Unidos;27
Kukës;Albânia;27
Gorna Oryahovitsa;Bulgária;27
Akrotiri;Chipre;27
Albacete;Espanha;27
Córdoba;Espanha;27
Burgos;Espanha;27
Logroño;Espanha;27
Morón;Espanha;27
Ciudad Real;Espanha;27
Rota;Espanha;27
Teruel;Espanha;27
Calais;França;27
Le Touquet-Paris-Plage;França;27
Agen;França;27
Cognac/Châteaubernard;França;27
Lépaud, Creuse;França;27
Niort/Souché;França;27
Angoulême;França;27
Périgueux/Bassillac;França;27
Cahors;França;27
Albi;França;27
Royan/Médis;França;27
Rochefort/Saint-Agnant;França;27
Colmar;França;27
Lanas, Ardèche;França;27
Angers;França;27
Solenzara;França;27
Auxerre;França;27
Bourges;França;27
L'Hôpital-le-Mercier, Saône-et-Loire;França;27
Saint-Léger-sur-Roanne;França;27
Chabeuil, Drôme;França;27
Charmeil, Allier;França;27
Châteauroux;França;27
Chassieu, Lyon;França;27
Cannes;França;27
Andrézieux-Bouthéon, Loire;França;27
Le Castellet, Var;França;27
Mende/Brénoux;França;27
Fauville, Eure;França;27
Le Havre;França;27
Boos;França;27
Laval, Mayenne;França;27
Creil;França;27
Toussus-le-Noble, Yvelines;França;27
Cormeilles-en-Vexin, Val-d'Oise;França;27
Vélizy-Villacoublay, Yvelines;França;27
Marzy, Nièvre;França;27
Merville, Nord;França;27
Cherbourg;França;27
La Baule-Escoublac;França;27
Bréville-sur-Mer, Manche;França;27
La Roche-sur-Yon;França;27
Landivisiau;França;27
Lannion;França;27
Quimper/Pluguffan;França;27
Trémuson, Côtes-d'Armor;França;27
Morlaix/Ploujean;França;27
Vannes/Meucon;França;27
Épinal;França;27
Tomblaine, Meurthe-et-Moselle;França;27
Andravida;Grécia;27
Grottaglie;Itália;27
Galatina (LE);Itália;27
Decimomannu;Itália;27
Saint-Christophe (AO);Itália;27
Aviano (PN);Itália;27
Grosseto (GR);Itália;27
Sečovlje;Eslovênia;27
Uherské Hradiště;República Tcheca;27
Přerov;República Tcheca;27
Vodochody;República Tcheca;27
Rosh Pina;Israel;27
Masada;Israel;27
Beersheba;Israel;27
Beja;Portugal;27
Caransebeş;Romênia;27
Mihail Kogălniceanu;Romênia;27
Sion;Suíça;27
Emmen;Suíça;27
Payerne;Suíça;27
Samedan;Suíça;27
Sarıçam;Turquia;27
Afyonkarahisar;Turquia;27
Kastamonu;Turquia;27
Bandırma;Turquia;27
Çiğli;Turquia;27
Uşak;Turquia;27
Kartepe;Turquia;27
Siirt;Turquia;27
Bălți;Moldávia;27
Brak;Líbia;27
Zemun;Sérvia;27
Stapari;Sérvia;27
Piešťany;Eslováquia;27
Dolný Hričov;Eslováquia;27
Cabo Rojo;República Dominicana;27
Coban;Guatemala;27
Rubelsanto;Guatemala;27
Puerto San José;Guatemala;27
Tela;Honduras;27
Ken Jones;Jamaica;27
Temixco;México;27
Ciudad Acuña;México;27
Celaya;México;27
Ensenada;México;27
Emiliano Zapata;México;27
Lázaro Cárdenas;México;27
Monclova;México;27
Pococi;Costa Rica;27
Corredores;Costa Rica;27
Los Chiles;Costa Rica;27
Palmar Sur;Costa Rica;27
Upala;Costa Rica;27
Jacmel;Haiti;27
Port-de-Paix;Haiti;27
Ciro Redondo;Cuba;27
Guantanamo Bay Naval Station;Cuba;27
Guantánamo;Cuba;27
Moa;Cuba;27
Sandino;Cuba;27
Isla de la Juventud;Cuba;27
Blossom Village;Ilhas Cayman;27
Mangrove Cay;Bahamas;27
Bullocks Harbour;Bahamas;27
Normans Cay;Bahamas;27
Staniel Cay;Bahamas;27
Duncan Town;Bahamas;27
Reao;Polinésia Francesa;27
Gaua Island;Vanuatu;27
Manurewa;Nova Zelândia;27
Glentanner Station;Nova Zelândia;27
Alexandra;Nova Zelândia;27
Masterton;Nova Zelândia;27
Twitzel;Nova Zelândia;27
Wairoa;Nova Zelândia;27
Bagram;Afeganistão;27
Jalalabad;Afeganistão;27
Kunduz;Afeganistão;27
Khamis Mushait;Arábia Saudita;27
Al Kharj;Arábia Saudita;27
Omidiyeh;Irã;27
Masjed Soleyman;Irã;27
Jam;Irã;27
Siri;Irã;27
Lavan Airport;Irã;27
Ilam;Irã;27
Shahrekord;Irã;27
Amirabad;Irã;27
Qazvin;Irã;27
Jiroft;Irã;27
Sirjan;Irã;27
Sarakhs;Irã;27
Tabas;Irã;27
Gorgan;Irã;27
Fasa;Irã;27
Yasuj;Irã;27
Showt;Irã;27
Zanjan;Irã;27
Zabol;Irã;27
Iranshahr;Irã;27
Ahmed Al Jaber AB;Kuwait;27
Al Masna'ah;Omã;27
Sir Bani Yas;Emirados Árabes Unidos;27
Masirah;Omã;27
Thumrait;Omã;27
Dera Ismael Khan;Paquistão;27
Jacobabad;Paquistão;27
Mangla;Paquistão;27
Mianwali;Paquistão;27
Moenjodaro;Paquistão;27
Kamra;Paquistão;27
Panjgur;Paquistão;27
Pasni;Paquistão;27
Rawalakot;Paquistão;27
Sehwan Sharif;Paquistão;27
Sargodha;Paquistão;27
Saidu Sharif;Paquistão;27
Sui;Paquistão;27
Hīt;Iraque;27
Al Habbaniyah;Iraque;27
Qayyarah;Iraque;27
Nasiriyah;Iraque;27
Deir ez-Zor;Síria;27
Tadmur;Síria;27
Ar Rayyan;Catar;27
Ataq;Iêmen;27
Palmer;Estados Unidos;27
Delta Junction Ft Greely;Estados Unidos;27
Cape Romanzof;Estados Unidos;27
Cape Newenham;Estados Unidos;27
Nenana;Estados Unidos;27
Metlakatla;Estados Unidos;27
Port Clarence;Estados Unidos;27
Sparrevohn;Estados Unidos;27
Soldotna;Estados Unidos;27
Shemya;Estados Unidos;27
Talkeetna;Estados Unidos;27
Takotna;Estados Unidos;27
Seward;Estados Unidos;27
Wasilla;Estados Unidos;27
Abariringa;Quiribati;27
Yigo;Guam;27
Kekaha;Estados Unidos;27
Kapolei;Estados Unidos;27
Kaneohe;Estados Unidos;27
Sand Island;Ilhas Menores Distantes dos EUA;27
Hengchun;Taiwan;27
Hsinchu City;Taiwan;27
Ogasawara;Japão;27
Fukui;Japão;27
Gifu;Japão;27
Hachinohe;Japão;27
Ayase / Yamato;Japão;27
Fussa;Japão;27
Gangneung;Coreia do Sul;27
Jeju Island;Coreia do Sul;27
Seongnam;Coreia do Sul;27
Pyeongtaek;Coreia do Sul;27
Suwon;Coreia do Sul;27
Gimseang-ro;Coreia do Sul;27
Yecheon-ri;Coreia do Sul;27
Ie;Japão;27
Lal-lo;Filipinas;27
Cavite;Filipinas;27
Lubang;Filipinas;27
Surallah;Filipinas;27
Bislig;Filipinas;27
Mati;Filipinas;27
Tandag;Filipinas;27
Daet;Filipinas;27
Mamburao;Filipinas;27
Baler;Filipinas;27
San Fernando;Filipinas;27
Gasan;Filipinas;27
Ormoc City;Filipinas;27
Krymsk;Rússia;27
Smolensk;Rússia;27
Concordia;Argentina;27
Gualeguaychu;Argentina;27
La Plata;Argentina;27
El Palomar;Argentina;27
Rincon de los Sauces;Argentina;27
Zapala;Argentina;27
Malargue;Argentina;27
Rio Cuarto;Argentina;27
Villa Dolores;Argentina;27
Villa Mercedes;Argentina;27
Paso de los Libres;Argentina;27
Monte Caseros;Argentina;27
Orán;Argentina;27
Tartagal;Argentina;27
Goya;Argentina;27
Reconquista;Argentina;27
Curuzu Cuatia;Argentina;27
El Bolsón;Argentina;27
San Julian;Argentina;27
Puerto Santa Cruz;Argentina;27
General Pico;Argentina;27
Tres Arroyos;Argentina;27
Pehuajó;Argentina;27
Tandil;Argentina;27
Villa Gesell;Argentina;27
Cutral-Co;Argentina;27
Conceição do Araguaia;Brasil;27
Aracati;Brasil;27
Bagé;Brasil;27
Barretos;Brasil;27
Barra do Garças;Brasil;27
Cabo Frio;Brasil;27
Carolina;Brasil;27
Caravelas;Brasil;27
Jacareacanga;Brasil;27
Guajará-Mirim;Brasil;27
Guaratinguetá;Brasil;27
Itacoatiara;Brasil;27
São Roque;Brasil;27
Lins;Brasil;27
Bom Jesus da Lapa;Brasil;27
Minaçu;Brasil;27
Almeirim;Brasil;27
Macaé;Brasil;27
Oiapoque;Brasil;27
Poços De Caldas;Brasil;27
Porto Nacional;Brasil;27
Guarujá;Brasil;27
Tarauacá;Brasil;27
Telêmaco Borba;Brasil;27
Varginha;Brasil;27
Tocopilla;Chile;27
Chile Chico;Chile;27
Chillan;Chile;27
Coyhaique;Chile;27
Porvenir;Chile;27
Puerto Williams;Chile;27
Vallenar;Chile;27
Chañaral;Chile;27
Talca;Chile;27
Chaitén;Chile;27
Taltal;Chile;27
Viña del Mar;Chile;27
Ambato;Equador;27
Ahuano;Equador;27
Macará;Equador;27
Portoviejo;Equador;27
Tarapoa;Equador;27
Ayolas;Paraguai;27
Concepción;Paraguai;27
Mariscal Estigarribia;Paraguai;27
Pilar;Paraguai;27
Pedro Juan Caballero;Paraguai;27
Apiay;Colômbia;27
El Banco;Colômbia;27
Caucasia;Colômbia;27
Coveñas;Colômbia;27
El Bagre;Colômbia;27
Girardot;Colômbia;27
Cartago;Colômbia;27
La Mina-Maicao;Colômbia;27
Magangué;Colômbia;27
Ocaña;Colômbia;27
Pitalito;Colômbia;27
La Dorada;Colômbia;27
Paz de Ariporo;Colômbia;27
Mariquita;Colômbia;27
Tres Esquinas;Colômbia;27
Tuluá;Colômbia;27
Bermejo;Bolívia;27
Potosí;Bolívia;27
Santa Ana del Yacuma;Bolívia;27
Villamontes;Bolívia;27
Yacuíba;Bolívia;27
Correia Pinto;Brasil;27
Linhares;Brasil;27
Saint-Georges-de-l'Oyapock;Guiana Francesa;27
Atalaya;Peru;27
Iberia;Peru;27
Anta;Peru;27
Rioja;Peru;27
Juanjuí;Peru;27
Durazno;Uruguai;27
Paysandú;Uruguai;27
Salto;Uruguai;27
Acarigua;Venezuela;27
Anaco;Venezuela;27
Maracay;Venezuela;27
Ciudad Bolivar;Venezuela;27
Guarico;Venezuela;27
Bolivar;Venezuela;27
Guasdualito;Venezuela;27
Guanare;Venezuela;27
Puerto Ayacucho;Venezuela;27
Puerto Cabello;Venezuela;27
San Cristóbal;Venezuela;27
Palmarito;Venezuela;27
San Felipe;Venezuela;27
San Fernando de Apure;Venezuela;27
San Carlos del Zulia;Venezuela;27
Tucupita;Venezuela;27
Arecibo;Porto Rico;27
Ekibastuz;Cazaquistão;27
Zaqatala;Azerbaijão;27
Magan;Rússia;27
Belaya Gora;Rússia;27
Sovetskaya Gavan;Rússia;27
Chukotka;Rússia;27
Evensk;Rússia;27
Boryspil;Ucrânia;27
Berdyansk;Ucrânia;27
Sevastopol;Ucrânia;27
Kharkiv;Ucrânia;27
Cherkasy;Ucrânia;27
Khmelnytskyi;Ucrânia;27
Vinnitsa;Ucrânia;27
Arkhangelsk;Rússia;27
Vologda;Rússia;27
Vitebsk;Bielorrússia;27
Hrodna;Bielorrússia;27
Gorno-Altaysk;Rússia;27
Baykit;Rússia;27
Bor;Rússia;27
Achinsk;Rússia;27
Strezhevoy;Rússia;27
Dikson;Rússia;27
Svetlogorsk;Rússia;27
Kaluga;Rússia;27
Tver;Rússia;27
Tambov;Rússia;27
Inta;Rússia;27
Ust-Tsylma;Rússia;27
Yoshkar-Ola;Rússia;27
Akola;Índia;27
Daman;Índia;27
Solapur;Índia;27
Anuradhapura;Sri Lanka;27
Ampara;Sri Lanka;27
Polonnaruwa Town;Sri Lanka;27
Ratanakiri;Camboja;27
Jamshedpur;Índia;27
Kushinagar;Índia;27
Kailashahar;Índia;27
Muzaffarpur;Índia;27
Rourkela;Índia;27
Ziro;Índia;27
Ishurdi;Bangladesh;27
Bikaner;Índia;27
Kota;Índia;27
Puerto Vallemi;Paraguai;27
Bellary;Índia;27
Bidar;Índia;27
IAF Camp;Índia;27
Puttaparthi;Índia;27
Gelephu;Butão;27
Nakhon Pathom;Tailândia;27
Lop Buri;Tailândia;27
Takhli;Tailândia;27
Chaloem Phra Kiat;Tailândia;27
Namsang;Mianmar;27
Nabire;Indonésia;27
Serui;Indonésia;27
Gotalalamo-Morotai Island;Indonésia;27
Poso-Celebes Island;Indonésia;27
Luwok;Indonésia;27
Babo;Indonésia;27
Rengat-Sumatra Island;Indonésia;27
Padang Sidempuan;Indonésia;27
Medan;Indonésia;27
Lhok Sukon-Sumatra Island;Indonésia;27
Butterworth;Malásia;27
Kerteh;Malásia;27
Paya Lebar;Singapura;27
Western Water Catchment;Singapura;27
Ararat;Austrália;27
Benalla;Austrália;27
Bairnsdale;Austrália;27
Wurrumiyanga;Austrália;27
Chinchilla;Austrália;27
Derby;Austrália;27
Deniliquin;Austrália;27
Forbes;Austrália;27
Grafton;Austrália;27
Glen Innes;Austrália;27
Pirlangimpi;Austrália;27
Inverell;Austrália;27
Morwell;Austrália;27
Mareeba;Austrália;27
Mudgee;Austrália;27
Roper River;Austrália;27
Orange;Austrália;27
Wadeye;Austrália;27
Cobbitty;Austrália;27
Nowra Hill;Austrália;27
Temora;Austrália;27
Tumut;Austrália;27
Taree;Austrália;27
Laceby;Austrália;27
Sale;Austrália;27
West Wyalong;Austrália;27
Xiangyang (Laohekou);China;27
Xi'an (Baqiao);China;27
Kalumbila;Zâmbia;27
Chuxiong (Yuanmou);China;27
Rugao (Nantong);China;27
Suzhou;China;27
Tongren;China;27
Deyang (Guanghan);China;27
Ngawa (Hongyuan);China;27
Barkol;China;27
Shanshan;China;27
Huludao (Xingcheng);China;27
Utirik Island;Ilhas Marshall;1
Nunapitchuk;Estados Unidos;1
Blakely Island;Estados Unidos;1
Atmautluak;Estados Unidos;1
Pedro Bay;Estados Unidos;1
Ouzinkie;Estados Unidos;1
Tununak;Estados Unidos;1
Minto;Estados Unidos;1
Center Island;Estados Unidos;1
Tatitlek;Estados Unidos;1
Chuathbaluk;Estados Unidos;1
Tuntutuliak;Estados Unidos;1
Twin Hills;Estados Unidos;1
Chignik Lake;Estados Unidos;1
Auki;Ilhas Salomão;1
Anua;Ilhas Salomão;1
Choiseul Bay;Ilhas Salomão;1
Ballalae;Ilhas Salomão;1
Fera Island;Ilhas Salomão;1
Kirakira;Ilhas Salomão;1
Santa Cruz/Graciosa Bay/Luova;Ilhas Salomão;1
Gizo;Ilhas Salomão;1
Stirling Island;Ilhas Salomão;1
Rennell Island;Ilhas Salomão;1
Santa Ana Island;Ilhas Salomão;1
Marau;Ilhas Salomão;1
Suavanao;Ilhas Salomão;1
Yandina;Ilhas Salomão;1
Kagau Island;Ilhas Salomão;1
Manaoba;Ilhas Salomão;1
Gatokae;Ilhas Salomão;1
Ramata;Ilhas Salomão;1
Cosmo Newbery;Austrália;1
Bosset;Papua-Nova Guiné;1
Gasmata Island;Papua-Nova Guiné;1
Kieta;Papua-Nova Guiné;1
Losuia;Papua-Nova Guiné;1
Kiunga;Papua-Nova Guiné;1
Kikori;Papua-Nova Guiné;1
Londolovit;Papua-Nova Guiné;1
Moro;Papua-Nova Guiné;1
Misima Island;Papua-Nova Guiné;1
Obo;Papua-Nova Guiné;1
Sasereme;Papua-Nova Guiné;1
Tari;Papua-Nova Guiné;1
Tabubil;Papua-Nova Guiné;1
Tapini;Papua-Nova Guiné;1
Tufi;Papua-Nova Guiné;1
Maniitsoq;Groenlândia;1
Paamiut;Groenlândia;1
Upernavik;Groenlândia;1
Uummannaq;Groenlândia;1
Þórshöfn;Islândia;1
Cajazeiras;Brasil;1
Big Creek;Belize;1
Independence;Belize;1
Orange Walk;Belize;1
Trail;Canadá;1
Port McNeill;Canadá;1
Williams Harbour;Canadá;1
Postville;Canadá;1
Black Tickle;Canadá;1
St. Lewis;Canadá;1
Port Hope Simpson;Canadá;1
Rigolet;Canadá;1
Whatì;Canadá;1
Summer Beaver;Canadá;1
Crooked Creek;Estados Unidos;1
Angling Lake;Canadá;1
Wunnumin Lake;Canadá;1
North Spirit Lake;Canadá;1
Chicken;Estados Unidos;1
Zhaosu;China;1
Hejing;China;1
Qitai;China;1
Bearskin Lake;Canadá;1
Natuashish;Canadá;1
Kingfisher Lake;Canadá;1
La Chorrera;Colômbia;1
Keewaywin;Canadá;1
Chisasibi;Canadá;1
Tête-à-la-Baleine;Canadá;1
Côte-Nord-du-Golfe-du-Saint-Laurent;Canadá;1
Le Golfe-du-Saint-Laurent;Canadá;1
La Tabatière;Canadá;1
Arctic Bay;Canadá;1
Cat Lake;Canadá;1
Alert Bay;Canadá;1
Kangirsuk;Canadá;1
Attawapiskat;Canadá;1
Kugaaruk;Canadá;1
Uranium City;Canadá;1
Tadoule Lake;Canadá;1
Brochet;Canadá;1
Berens River;Canadá;1
Cartwright;Canadá;1
Kugluktuk;Canadá;1
Cross Lake;Canadá;1
Chesterfield Inlet;Canadá;1
Clyde River;Canadá;1
Dease Lake;Canadá;1
Nain;Canadá;1
Arviat;Canadá;1
Fort Severn;Canadá;1
Fort Albany;Canadá;1
Fort Hope;Canadá;1
Flin Flon;Canadá;1
Makkovik;Canadá;1
Fort Good Hope;Canadá;1
Gods Lake Narrows;Canadá;1
Igloolik;Canadá;1
Gillam;Canadá;1
Grise Fiord;Canadá;1
Quaqtaq;Canadá;1
Nemiscau;Canadá;1
Ulukhaktok;Canadá;1
Gjoa Haven;Canadá;1
Hopedale;Canadá;1
Poplar Hill;Canadá;1
Chevery;Canadá;1
Ivujivik;Canadá;1
Pond Inlet;Canadá;1
Aklavik;Canadá;1
Kangiqsujuaq;Canadá;1
Akulivik;Canadá;1
Ogoki Post;Canadá;1
Waskaganish;Canadá;1
Aupaluk;Canadá;1
Kimmirut;Canadá;1
Lansdowne House;Canadá;1
Lutselk'e;Canadá;1
Kangiqsualujjuaq;Canadá;1
Mary's Harbour;Canadá;1
Umiujaq;Canadá;1
Wemindji;Canadá;1
Norway House;Canadá;1
Old Crow;Canadá;1
Oxford House;Canadá;1
Paulatuk;Canadá;1
Inukjuak;Canadá;1
Pikangikum;Canadá;1
Peawanuck;Canadá;1
Gamètì;Canadá;1
Red Sucker Lake;Canadá;1
Sanikiluaq;Canadá;1
St. Theresa Point;Canadá;1
Sachs Harbour;Canadá;1
Kinngait;Canadá;1
Big Trout Lake;Canadá;1
Tasiujaq;Canadá;1
Repulse Bay;Canadá;1
Colville Lake;Canadá;1
Qikiqtarjuaq;Canadá;1
Wekweètì;Canadá;1
Déline;Canadá;1
Webequie;Canadá;1
Whale Cove;Canadá;1
Pangnirtung;Canadá;1
Taloyoak;Canadá;1
Salluit;Canadá;1
Ilford;Canadá;1
Eastmain River;Canadá;1
Fond-du-Lac;Canadá;1
Pukatawagan;Canadá;1
Fort Mcpherson;Canadá;1
Tulita;Canadá;1
Gods River;Canadá;1
Kashechewan;Canadá;1
Muskrat Dam;Canadá;1
Sachigo Lake;Canadá;1
Round Lake;Canadá;1
South Indian Lake;Canadá;1
Bloodvein River;Canadá;1
Shamattawa;Canadá;1
Churchill Falls;Canadá;1
Lac Brochet;Canadá;1
Wollaston Lake;Canadá;1
Dekai;Indonésia;1
Dalnerechensk;Rússia;1
Deputatskiy;Rússia;1
Emden;Alemanha;1
Wangerooge;Alemanha;1
Juist;Alemanha;1
Borkum;Alemanha;1
Norddeich;Alemanha;1
Norderney;Alemanha;1
Baltrum;Alemanha;1
Oesterdeichstrich;Alemanha;1
Helgoland;Alemanha;1
Fair Isle;Reino Unido;1
Coll Island;Reino Unido;1
North Ronaldsay;Reino Unido;1
North Connel;Reino Unido;1
Papa Westray, Orkney Islands;Reino Unido;1
Stronsay;Reino Unido;1
Sanday;Reino Unido;1
Lerwick, Shetland Islands;Reino Unido;1
Westray, Orkney Islands;Reino Unido;1
Colonsay;Reino Unido;1
Land's End, Cornwall;Reino Unido;1
St. Mary's, Isles of Scilly;Reino Unido;1
Inverin;Irlanda;1
Inis Mór;Irlanda;1
Inis Oírr;Irlanda;1
Inis Meáin;Irlanda;1
Enejit Island;Ilhas Marshall;1
Læsø;Dinamarca;1
Førde;Noruega;1
Hasvik;Noruega;1
Namsos;Noruega;1
Røst;Noruega;1
Sandane;Noruega;1
Sogndal;Noruega;1
Sveg;Suécia;1
Råda;Suécia;1
Pajala;Suécia;1
Hemavan;Suécia;1
Shire Inda Selassie;Etiópia;1
Shakawe;Botsuana;1
San Antonio de Palé;Guiné Equatorial;1
Kasama;Zâmbia;1
Solwesi;Zâmbia;1
Tambohorano;Madagascar;1
Soalala;Madagascar;1
Tsaratanana;Madagascar;1
Funadhoo;Maldivas;1
Xai-Xai;Moçambique;1
Halali;Namíbia;1
Inongo;República Democrática do Congo;1
Boende;República Democrática do Congo;1
Kamina;República Democrática do Congo;1
Ilebo;República Democrática do Congo;1
Gamba;Gabão;1
Foula;Reino Unido;1
Alajero, La Gomera Island;Espanha;1
Goodnews;Estados Unidos;1
São Filipe;Cabo Verde;1
Dessie;Etiópia;1
Dembidollo;Etiópia;1
Mizan Teferi;Etiópia;1
Shilavo;Etiópia;1
Semera;Etiópia;1
Tippi;Etiópia;1
Kirundo;Burundi;1
Beledweyne;Somália;1
Galcaio;Somália;1
Garowe;Somália;1
Siwa Oasis;Egito;1
Meru-Kinna;Quênia;1
Misrata;Líbia;1
Adam;Líbia;1
Bukoba;Tanzânia;1
Kigoma;Tanzânia;1
Kilindoni;Tanzânia;1
Musoma;Tanzânia;1
Seronera;Tanzânia;1
Shinyanga;Tanzânia;1
Tabora;Tanzânia;1
Singkil;Indonésia;1
Sungai Penuh;Indonésia;1
Sipura Island;Indonésia;1
Jagdalpur;Índia;1
Tiakur;Indonésia;1
Chizhou;China;1
Anacortes;Estados Unidos;1
Block Island;Estados Unidos;1
Nanwalek;Estados Unidos;1
Grayling;Estados Unidos;1
Ironwood;Estados Unidos;1
Manistee;Estados Unidos;1
Montauk;Estados Unidos;1
Martha's Vineyard;Estados Unidos;1
Ushant;França;1
Île d'Yeu;França;1
Chaspuzac, Haute-Loire;França;1
Saint-Tropez;França;1
Miquelon;São Pedro e Miquelon;1
Ikaria Island;Grécia;1
Argos Orestiko;Grécia;1
Kithira Island;Grécia;1
Kastelorizo Island;Grécia;1
Kasos Island;Grécia;1
Kalymnos Island;Grécia;1
Leros Island;Grécia;1
Limnos Island;Grécia;1
Milos Island;Grécia;1
Naxos;Grécia;1
Paros;Grécia;1
Astypalaia Island;Grécia;1
Syros Island;Grécia;1
Skiros Island;Grécia;1
Corvo;Portugal;1
Amasya;Turquia;1
Sivas;Turquia;1
Altıntaş;Turquia;1
Bingöl;Turquia;1
Salt Cay;Ilhas Turks e Caicos;1
Huehuetenango;Guatemala;1
Quezaltenango;Guatemala;1
Ujae Atoll;Ilhas Marshall;1
Aur Atoll;Ilhas Marshall;1
Ailinglapalap Atoll;Ilhas Marshall;1
Likiep Island;Ilhas Marshall;1
Majkin;Ilhas Marshall;1
Rongelap Island;Ilhas Marshall;1
Jabor Jaluit Atoll;Ilhas Marshall;1
Wotje;Ilhas Marshall;1
Wotho Island;Ilhas Marshall;1
Puerto Lempira;Honduras;1
Utila Island;Honduras;1
Mili Island;Ilhas Marshall;1
Comondú;México;1
San Quintín;México;1
Puerto Peñasco;México;1
Corn Island;Nicarágua;1
Morowali;Indonésia;1
Panamá City;Panamá;1
Pedasí;Panamá;1
Río Hato;Panamá;1
Faresmaathodaa;Maldivas;1
Long Banga;Malásia;1
May Creek;Estados Unidos;1
Aitutaki;Ilhas Cook;1
Atiu Island;Ilhas Cook;1
Manihiki Island;Ilhas Cook;1
Mauke Island;Ilhas Cook;1
Mitiaro Island;Ilhas Cook;1
Cicia;Fiji;1
Malolo Lailai Island;Fiji;1
Vunisea;Fiji;1
Mana Island;Fiji;1
Moala;Fiji;1
Bureta;Fiji;1
Ngau;Fiji;1
Lakeba Island;Fiji;1
Matei;Fiji;1
Koro Island;Fiji;1
Rotuma;Fiji;1
Savusavu;Fiji;1
Yasawa Island;Fiji;1
Eua Island;Tonga;1
Niuatoputapu;Tonga;1
Vanua Balavu;Fiji;1
Butaritari;Quiribati;1
Buariki;Quiribati;1
Futuna Island;Wallis e Futuna;1
Ofu;Samoa Americana;1
Fitiuta Village;Samoa Americana;1
Rimatara Island;Polinésia Francesa;1
Apataki;Polinésia Francesa;1
Hikueru;Polinésia Francesa;1
Napuka Island;Polinésia Francesa;1
Tatakoto;Polinésia Francesa;1
Kauehi;Polinésia Francesa;1
Fakahina;Polinésia Francesa;1
Naiu Atoll;Polinésia Francesa;1
Raroia;Polinésia Francesa;1
Ua Pou;Polinésia Francesa;1
Ua Huka;Polinésia Francesa;1
Sola;Vanuatu;1
Craig Cove;Vanuatu;1
Longana;Vanuatu;1
Pentecost Island;Vanuatu;1
Paama Island;Vanuatu;1
Lamap;Vanuatu;1
Lamen Bay;Vanuatu;1
Lonorore;Vanuatu;1
Norsup;Vanuatu;1
Tongoa Island;Vanuatu;1
Epi Island;Vanuatu;1
Walaha;Vanuatu;1
Olpoi;Vanuatu;1
Waala;Nova Caledônia;1
Koumac;Nova Caledônia;1
Claris;Nova Zelândia;1
Koromiko;Nova Zelândia;1
Fayzabad;Afeganistão;1
Semnan;Irã;1
Parsabad;Irã;1
Bandar-e-Jask;Irã;1
Old Harbor;Estados Unidos;1
Delma Island;Emirados Árabes Unidos;1
Dalbandin;Paquistão;1
Khuzdar;Paquistão;1
Muzaffarabad;Paquistão;1
Port Lions;Estados Unidos;1
Puerto Piña;Panamá;1
Contadora Island;Panamá;1
Atka;Estados Unidos;1
Buckland;Estados Unidos;1
Bettles;Estados Unidos;1
Central;Estados Unidos;1
Chalkyitsik;Estados Unidos;1
Chefornak;Estados Unidos;1
Scammon Bay;Estados Unidos;1
Circle;Estados Unidos;1
Yakataga;Estados Unidos;1
Marshall;Estados Unidos;1
Kongiganak;Estados Unidos;1
Eek;Estados Unidos;1
Mertarvik;Estados Unidos;1
Nikolai;Estados Unidos;1
Kwigillingok;Estados Unidos;1
Shungnak;Estados Unidos;1
Golovin;Estados Unidos;1
Nightmute;Estados Unidos;1
Skagway;Estados Unidos;1
Hooper Bay;Estados Unidos;1
Hughes;Estados Unidos;1
Igiugig;Estados Unidos;1
Wales;Estados Unidos;1
Chignik;Estados Unidos;1
Koliganek;Estados Unidos;1
False Pass;Estados Unidos;1
Akhiok;Estados Unidos;1
Kipnuk;Estados Unidos;1
Koyuk;Estados Unidos;1
Nikolski;Estados Unidos;1
Kaltag;Estados Unidos;1
Karluk;Estados Unidos;1
Larsen Bay;Estados Unidos;1
Kalskag;Estados Unidos;1
Port Alsworth;Estados Unidos;1
Manokotak;Estados Unidos;1
Minchumina;Estados Unidos;1
St Michael;Estados Unidos;1
Manley Hot Springs;Estados Unidos;1
Mountain Village;Estados Unidos;1
Napakiak;Estados Unidos;1
Nulato;Estados Unidos;1
New Stuyahok;Estados Unidos;1
Kobuk;Estados Unidos;1
Hoonah;Estados Unidos;1
Toksook Bay;Estados Unidos;1
Nelson Lagoon;Estados Unidos;1
Perryville;Estados Unidos;1
Napaskiak;Estados Unidos;1
Pilot Point;Estados Unidos;1
Point Hope;Estados Unidos;1
Quinhagak;Estados Unidos;1
Russian Mission;Estados Unidos;1
Shishmaref;Estados Unidos;1
Selawik;Estados Unidos;1
Sleetmute;Estados Unidos;1
St Mary's;Estados Unidos;1
Seldovia;Estados Unidos;1
Tanana;Estados Unidos;1
Tin City;Estados Unidos;1
Teller;Estados Unidos;1
Togiak Village;Estados Unidos;1
Alakanuk;Estados Unidos;1
Akutan;Estados Unidos;1
Chevak;Estados Unidos;1
King Cove;Estados Unidos;1
Venetie;Estados Unidos;1
Kivalina;Estados Unidos;1
White Mountain;Estados Unidos;1
Noatak;Estados Unidos;1
Akiak;Estados Unidos;1
Allakaket;Estados Unidos;1
Chenega;Estados Unidos;1
Clarks Point;Estados Unidos;1
Elim;Estados Unidos;1
Kasigluk;Estados Unidos;1
Kokhanok;Estados Unidos;1
Kotlik;Estados Unidos;1
Brevig Mission;Estados Unidos;1
Koyukuk;Estados Unidos;1
Kwethluk;Estados Unidos;1
Noorvik;Estados Unidos;1
Shaktoolik;Estados Unidos;1
Tok;Estados Unidos;1
South Naknek;Estados Unidos;1
Lake Murray;Papua-Nova Guiné;1
Port Graham;Estados Unidos;1
Kalaupapa;Estados Unidos;1
Eniwetok Atoll;Ilhas Marshall;1
Kili Island;Ilhas Marshall;1
Red Devil;Estados Unidos;1
Badanjilin;China;1
Rampart;Estados Unidos;1
Aguni;Japão;1
El Nido;Filipinas;1
Cuyo;Filipinas;1
Del Carmen;Filipinas;1
San Vicente;Filipinas;1
Taksimo;Rússia;1
Motygino;Rússia;1
Lopez;Estados Unidos;1
San Antonio Oeste;Argentina;1
Gobernador Gregores;Argentina;1
Rio Turbio;Argentina;1
Caldas Novas;Brasil;1
Bonito;Brasil;1
Guarapuava;Brasil;1
Jaguaruna;Brasil;1
Ji-Paraná;Brasil;1
Juazeiro do Norte;Brasil;1
Lençóis;Brasil;1
Pato Branco;Brasil;1
Barreirinhas;Brasil;1
Sorriso;Brasil;1
Una;Brasil;1
Três Lagoas;Brasil;1
Pucon;Chile;1
Dalcahue;Chile;1
Villa Las Estrellas;Antártida;1
Sorocaba;Brasil;1
Paraty;Brasil;1
Puerto Villamil;Equador;1
Puerto Baquerizo Moreno;Equador;1
La Toma (Catamayo);Equador;1
Stanley;Ilhas Malvinas;1
Maraú;Brasil;1
Puerto Leguízamo;Colômbia;1
La Pedrera;Colômbia;1
La Macarena;Colômbia;1
Nuquí;Colômbia;1
Tarapacá;Colômbia;1
Saravena;Colômbia;1
Santiago de Tolú;Colômbia;1
Chimore;Bolívia;1
Puerto Rico/Manuripi;Bolívia;1
Rurrenabaque;Bolívia;1
Drietabbetje;Suriname;1
Moengo;Suriname;1
Wageningen;Suriname;1
Barreiras;Brasil;1
Paragominas;Brasil;1
Guarapari;Brasil;1
Serra Talhada;Brasil;1
Caruaru;Brasil;1
Salinópolis;Brasil;1
Valença;Brasil;1
Breves;Brasil;1
Paracatu;Brasil;1
Andahuaylas;Peru;1
Kwatta;Suriname;1
Mulegé;México;1
Stony River;Estados Unidos;1
Canela;Brasil;1
Francisco Beltrão;Brasil;1
Guaíra;Brasil;1
Cacoal;Brasil;1
Umuarama;Brasil;1
União da Vitória;Brasil;1
Isla de Coche;Venezuela;1
Gran Roque Island;Venezuela;1
Stevens Village;Estados Unidos;1
Barcelos;Brasil;1
Pontes e Lacerda;Brasil;1
Borba;Brasil;1
Carauari;Brasil;1
Lábrea;Brasil;1
Santa Isabel do Rio Negro;Brasil;1
Tangará da Serra;Brasil;1
Nunam Iqua;Estados Unidos;1
Grande Anse;Guadalupe;1
Basse-Terre;Guadalupe;1
St-François;Guadalupe;1
Carriacou Island;Granada;1
Tuluksak;Estados Unidos;1
Tumxuk;China;1
Usharal;Cazaquistão;1
Zaysan;Cazaquistão;1
Lankaran;Azerbaijão;1
Batagay;Rússia;1
Batagay-Alyta;Rússia;1
Ust-Kuyga;Rússia;1
Ust-Maya;Rússia;1
Verkhnevilyuisk;Rússia;1
Suntar;Rússia;1
Kisoro;Uganda;1
Markovo;Rússia;1
Bogorodskoye;Rússia;1
Kurilsk;Rússia;1
Shakhtyorsk;Rússia;1
Yuzhno-Kurilsk;Rússia;1
Nogliki;Rússia;1
Plastun;Rússia;1
Bodaybo;Rússia;1
Nizhneangarsk;Rússia;1
Leshukonskoye;Rússia;1
Solovetsky Islands;Rússia;1
Tura;Rússia;1
Turukhansk;Rússia;1
Pilot Station;Estados Unidos;1
Karshi;Uzbequistão;1
Urzhar;Cazaquistão;1
Diu;Índia;1
Jalgaon;Índia;1
Deoghar;Índia;1
Aligarh;Índia;1
Adampur;Índia;1
Ghaziabad;Índia;1
Shravasti;Índia;1
Luang Namtha;Laos;1
Oudomsay;Laos;1
Xieng Khouang;Laos;1
Bharatpur;Nepal;1
Bhadrapur;Nepal;1
Dolpa;Nepal;1
Silgadi Doti;Nepal;1
Jumla;Nepal;1
Jomsom;Nepal;1
Simara;Nepal;1
Surkhet;Nepal;1
Simikot;Nepal;1
Tumling Tar;Nepal;1
Kalaburagi;Índia;1
Vagaikulam;Índia;1
Jakar;Butão;1
Yongphulla;Butão;1
Kulhudhuffushi;Maldivas;1
Baa Atoll;Maldivas;1
Thimarafushi;Maldivas;1
Maavaarulu;Maldivas;1
Tam Nghĩa;Vietnã;1
Thanh Hóa;Vietnã;1
Nyaung U;Mianmar;1
Banmaw;Mianmar;1
Kanti;Mianmar;1
Mawlamyine;Mianmar;1
Magway;Mianmar;1
Pathein;Mianmar;1
Roche Harbor;Estados Unidos;1
Sumbawa Besar;Indonésia;1
Radamata;Indonésia;1
Waingapu-Sumba Island;Indonésia;1
Rogojampi, Banyuwangi;Indonésia;1
Palopo;Indonésia;1
Toli Toli-Celebes Island;Indonésia;1
Tojo Una-Una;Indonésia;1
Muara Teweh;Indonésia;1
Seruyan;Indonésia;1
Karimunjawa;Indonésia;1
Bokondini;Indonésia;1
Tanjung Selor-Borneo Island;Indonésia;1
Datadawai-Borneo Island;Indonésia;1
Gorontalo;Indonésia;1
Lolak;Indonésia;1
Buol;Indonésia;1
Batu Licin;Indonésia;1
Pangkalanbun;Indonésia;1
Stagen;Indonésia;1
Sampit;Indonésia;1
Tumbang Samba-Borneo Island;Indonésia;1
Malinau;Indonésia;1
Jember;Indonésia;1
Waisai;Indonésia;1
Atambua;Indonésia;1
Waioti;Indonésia;1
Ende;Indonésia;1
Satar Tacik, Manggarai;Indonésia;1
Tiwatobi;Indonésia;1
Kabola;Indonésia;1
Labuan Bajo, Manggarai Barat;Indonésia;1
Ba'a - Rote Island;Indonésia;1
Benteng;Indonésia;1
Kendari;Indonésia;1
Stebbins;Estados Unidos;1
Long Datih;Malásia;1
Long Seridan;Malásia;1
Bakalalan;Malásia;1
Lawas;Malásia;1
Tomanggong;Malásia;1
Kudat;Malásia;1
Cijulang;Indonésia;1
Muko Muko;Indonésia;1
Lhok Seumawe-Sumatra Island;Indonésia;1
Siborong-Borong;Indonésia;1
Tanjung Pandan;Indonésia;1
Jambi;Indonésia;1
Muara Bungo;Indonésia;1
Pangkor Island;Malásia;1
Saumlaki-Yamdena Island;Indonésia;1
Long Bawan;Indonésia;1
Bontang-Borneo Island;Indonésia;1
Long Apung-Borneo Island;Indonésia;1
Aurukun;Austrália;1
Badu Island;Austrália;1
Busselton;Austrália;1
Boigu Island;Austrália;1
Christmas Creek Mine;Austrália;1
Darnley Island;Austrália;1
Whitemark;Austrália;1
Lajamanu;Austrália;1
Hughenden;Austrália;1
Karara;Austrália;1
Kalbarri;Austrália;1
Kubin Island;Austrália;1
Lord Howe Island;Austrália;1
Laverton;Austrália;1
Mabuiag Island;Austrália;1
Murray Island;Austrália;1
Milingimbi Island;Austrália;1
McArthur River Mine;Austrália;1
Bamaga;Austrália;1
Olympic Dam;Austrália;1
Mount Eba;Austrália;1
Pormpuraaw;Austrália;1
Saibai Island;Austrália;1
Sue Islet;Austrália;1
Yorke Island;Austrália;1
Yam Island;Austrália;1
Akiachak;Estados Unidos;1
Birch Creek;Estados Unidos;1
Changzhi;China;1
Tangshan (Fengrun);China;1
Ulanhot;China;1
Xinzhou;China;1
Hengyang;China;1
Meizhou (Meixian);China;1
Xiangxi;China;1
Nanyang (Wancheng);China;1
Anyang;China;1
Ankang (Hanbin);China;1
Haibei (Qilian);China;1
Uliastai;Mongólia;1
Mandalgobi;Mongólia;1
Pu'er;China;1
Wenshan;China;1
Ganzhou;China;1
Jiujiang;China;1
Dazhou (Daxian);China;1
Garzê (Garzê);China;1
Qiannan (Libo);China;1
Nanchong (Gaoping);China;1
Shannan;China;1
Wushan;China;1
Wanzhou;China;1
Aral;China;1
Shihezi;China;1
Kuqa;China;1
Karamay;China;1
Tacheng;China;1
Hotan (Yutian);China;1
Dalian (Changhai);China;1
Daqing;China;1
São Francisco;États-Unis;877
Colónia;Allemagne;792
Francoforte;Allemagne;779
Berlim;Allemagne;831
Zurique;Suisse;842
Bruxelas;Belgique;829
Amesterdão;Pays-Bas;890
Estocolmo;Suède;825
Oslo;Norvège;812
Helsínquia;Finlande;805
Budapeste;Hongrie;782
Río;Brésil;725
Bogotá;Colombie;760
La Havana;Cuba;423
Marrakech;Maroc;792
Mascate;Oman;660
Bali;Indonésie;760
Singapura;Singapour;894
Manila;Philippines;663
Reiquiavique;Islande;812
Maiorca;Espagne;795
Corfou;Grèce;782
Hanói;Viêt Nam;497
Saigão;Viêt Nam;488
New York;Estados Unidos;940
Moscou;Rússia;850
Copenhague;Dinamarca;700
Copenhaguen;Dinamarca;680
Istanbul;Turquia;720
Geneva;Suíça;680
Colônia;Alemanha;650
Cologne;Alemanha;620
