Words;Link;Score
Parigi;Francia;1000
Londra;Regno Unito;974
New York;Stati Uniti;971
Dubai;Emirati Arabi Uniti;961
Tokyo;Giappone;955
Los Angeles;Stati Uniti;948
Singapore;Singapore;942
Hong Kong;Hong Kong;935
Amsterdam;Paesi Bassi;933
Miami;Stati Uniti;922
Istanbul;Turchia;922
Chicago;Stati Uniti;920
San Francisco;Stati Uniti;920
Houston;Stati Uniti;916
Washington;Stati Uniti;916
Madrid;Spagna;916
Barcelona;Spagna;913
Dallas;Stati Uniti;912
Atlanta;Stati Uniti;909
Rome;Italia;909
Monaco di Baviera;Germania;903
Denver;Stati Uniti;903
Seattle;Stati Uniti;899
Boston;Stati Uniti;896
Orlando;Stati Uniti;896
Zurich;Svizzera;896
Philadelphia;Stati Uniti;894
Vienna;Austria;894
Copenaghen;Danimarca;890
Las Vegas;Stati Uniti;886
Stockholm;Svezia;883
Ginevra;Svizzera;883
Atene;Grecia;873
Lisbona;Portogallo;870
Dublin;Irlanda;868
Varsavia;Polonia;864
Praga;Repubblica Ceca;860
Nizza;Francia;857
Budapest;Ungheria;857
Berlin;Germania;851
Milano;Italia;851
Bucarest;Romania;851
Il Cairo;Egitto;844
Amburgo;Germania;842
Bangkok;Thailandia;842
Napoli;Italia;838
Palma di Maiorca;Spagna;838
Lione;Francia;838
Venezia;Italia;835
Edimburgo;Regno Unito;831
Firenze;Italia;831
Ibiza;Spagna;831
Marsiglia;Francia;831
Antalya;Turchia;831
Jakarta;Indonesia;831
Mumbai;India;829
Las Palmas;Spagna;825
Tolosa;Francia;825
Torino;Italia;825
Pechino;Cina;821
Manchester;Stati Uniti;818
Bordeaux;Francia;818
Salonicco;Grecia;818
Sydney;Australia;816
Heraklion;Grecia;816
Innsbruck;Austria;816
Salzburg;Austria;813
Melbourne;Australia;812
Nantes;Francia;812
Rodi;Grecia;812
Ankara;Turchia;812
Toronto;Canada;808
Siviglia;Spagna;808
Birmingham;Stati Uniti;805
Lilla;Francia;805
Corfù;Grecia;805
San Pietroburgo;Russia;805
Vancouver;Canada;803
Santorini;Grecia;803
Strasburgo;Francia;799
Città del Messico;Messico;799
São Paulo;Brasile;795
Pisa;Italia;792
Buenos Aires;Argentina;792
Lima;Perù;786
Phuket;Thailandia;786
Kiev;Ucraina;779
Santiago;Cile;777
Casablanca;Marocco;773
Johannesburg;Sudafrica;769
Genova;Italia;769
Nairobi;Kenya;766
Cos;Grecia;766
Chiang Mai;Thailandia;766
Lagos;Nigeria;760
Nagoya;Giappone;760
Fukuoka;Giappone;756
Accra;Ghana;753
Sapporo;Giappone;753
Busan;Corea del Sud;753
Addis Ababa;Etiopia;751
Chennai;India;751
Kolkata;India;748
Doha;Qatar;747
Hyderabad;Pakistan;746
Abu Dhabi;Emirati Arabi Uniti;744
Cancún;Messico;741
Riad;Arabia Saudita;741
Kuwait;Kuwait;734
Zanzibar;Tanzania;721
Karachi;Pakistan;721
Mombasa;Kenya;715
Gedda;Arabia Saudita;708
Colombo;Sri Lanka;708
Katmandu;Nepal;702
Manama;Bahrein;699
Dacca;Bangladesh;695
Ho Chi Minh City;Vietnam;695
Rangoon;Myanmar;689
Seul;Corea del Sud;678
Osaka;Giappone;676
Shenzhen;Cina;665
Auckland;Nuova Zelanda;656
Città del Capo;Sudafrica;647
Tunis;Tunisia;639
Algeri;Algeria;637
Beirut;Libano;626
Papeete;Polinesia Francese;624
Amman;Giordania;624
Tel Aviv;Israele;621
Teheran;Iran;617
Baku;Azerbaigian;611
Almaty;Kazakistan;600
Tashkent;Uzbekistan;598
Honiara;Isole Salomone;546
Lae;Papua Nuova Guinea;546
Port Moresby;Papua Nuova Guinea;546
BNK;Bangladesh;546
Nuuk;Groenlandia;546
Akureyri;Islanda;546
Reykjavík;Islanda;546
Parakou;Benin;546
Prishtina;Kosovo;546
Belize City;Belize;546
Hangzhou;Cina;546
Edmonton;Canada;546
Kingston;Giamaica;546
Hamilton;Bermuda;546
Montréal;Canada;546
Halifax;Canada;546
Kelowna;Canada;546
Ottawa;Canada;546
Quebec;Canada;546
Winnipeg;Canada;546
Saskatoon;Canada;546
Calgary;Canada;546
Victoria;Seychelles;546
St. John's;Canada;546
Faro;Portogallo;546
Béjaïa;Algeria;546
Djanet;Algeria;546
Tamanrasset;Algeria;546
Tahir;Algeria;546
Annaba;Algeria;546
Constantine;Algeria;546
Batna;Algeria;546
Chlef;Algeria;546
Zenata;Algeria;546
Es-Sénia;Algeria;546
Biskra;Algeria;546
Cotonou;Benin;546
Ouagadougou;Burkina Faso;546
Bobo Dioulasso;Burkina Faso;546
Tamale;Ghana;546
Kumasi;Ghana;546
Abidjan;Costa d'Avorio;546
Abuja;Nigeria;546
Asaba;Nigeria;546
Bauchi;Nigeria;546
Enegu;Nigeria;546
Ilorin/Ogbomosho;Nigeria;546
Kaduna;Nigeria;546
Kano;Nigeria;546
Maiduguri;Nigeria;546
Port Harcourt;Nigeria;546
Sokoto;Nigeria;546
Niamey;Niger;546
Mellita;Tunisia;546
Lomé;Togo;546
Zaventem;Belgio;546
Charleroi;Belgio;546
Oostende;Belgio;546
Dresden;Germania;546
Erfurt;Germania;546
Frankfurt am Main;Germania;546
Greven;Germania;546
Köln (Cologne);Germania;546
Düsseldorf;Germania;546
Nuremberg;Germania;546
Schkeuditz;Germania;546
Stuttgart;Germania;546
Hannover;Germania;546
Bremen;Germania;546
Frankfurt am Main (Lautzenhausen);Germania;546
Memmingen;Germania;546
Büren;Germania;546
Weeze;Germania;546
Dortmund;Germania;546
Friedrichshafen;Germania;546
Rheinmünster;Germania;546
Calden;Germania;546
Tallinn;Estonia;546
Helsinki (Vantaa);Finlandia;546
Ivalo;Finlandia;546
Kittilä;Finlandia;546
Kuopio / Siilinjärvi;Finlandia;546
Lappeenranta;Finlandia;546
Mariehamn;Finlandia;546
Oulu / Oulunsalo;Finlandia;546
Rovaniemi;Finlandia;546
Tampere / Pirkkala;Finlandia;546
Turku;Finlandia;546
Vaasa;Finlandia;546
Belfast;Regno Unito;546
Birmingham, West Midlands;Regno Unito;546
Manchester, Greater Manchester;Regno Unito;546
Cardiff;Regno Unito;546
Bristol;Regno Unito;546
Liverpool;Regno Unito;546
Luton, Luton;Regno Unito;546
Leeds, West Yorkshire;Regno Unito;546
Castletown;Isola di Man;546
Newcastle upon Tyne, Tyne and Wear;Regno Unito;546
Nottingham, Leicestershire;Regno Unito;546
Aberdeen;Regno Unito;546
Glasgow;Regno Unito;546
Prestwick, South Ayrshire;Regno Unito;546
London, Essex;Regno Unito;546
Mount Pleasant;Isole Falkland;546
Maastricht;Paesi Bassi;546
Eindhoven;Paesi Bassi;546
Groningen;Paesi Bassi;546
Rotterdam;Paesi Bassi;546
Cork;Irlanda;546
Charlestown;Irlanda;546
Shannon;Irlanda;546
Aarhus;Danimarca;546
Billund;Danimarca;546
Odense;Danimarca;546
Vágar;Isole Fær Øer;546
Aalborg;Danimarca;546
Luxembourg;Lussemburgo;546
Ålesund;Norvegia;546
Bodø;Norvegia;546
Bergen;Norvegia;546
Kristiansand(Kjevik);Norvegia;546
Evenes;Norvegia;546
Oslo (Gardermoen);Norvegia;546
Tromsø;Norvegia;546
Sandefjord(Torp);Norvegia;546
Trondheim;Norvegia;546
Stavanger;Norvegia;546
Gdańsk;Polonia;546
Balice;Polonia;546
Katowice;Polonia;546
Lublin;Polonia;546
Łódź;Polonia;546
Nowy Dwór Mazowiecki;Polonia;546
Poznań;Polonia;546
Jasionka;Polonia;546
Szczecin(Glewice);Polonia;546
Wrocław;Polonia;546
Göteborg;Svezia;546
Nyköping;Svezia;546
Malung-Sälen;Svezia;546
Malmö;Svezia;546
Kiruna;Svezia;546
Umeå;Svezia;546
Stockholm / Västerås;Svezia;546
Luleå;Svezia;546
Linköping;Svezia;546
Visby;Svezia;546
Riga;Lettonia;546
Kaunas;Lituania;546
Palanga;Lituania;546
Vilnius;Lituania;546
Bloemfontein;Sudafrica;546
East London;Sudafrica;546
George;Sudafrica;546
Kimberley;Sudafrica;546
Mbombela;Sudafrica;546
Durban;Sudafrica;546
Gqeberha (Port Elizabeth);Sudafrica;546
Polokwane;Sudafrica;546
Queenstown;Nuova Zelanda;546
Francistown;Botswana;546
Kasane;Botswana;546
Maun;Botswana;546
Gaborone;Botswana;546
Brazzaville;Congo;546
Pointe Noire;Congo;546
Mpaka;Eswatini;546
Bangui;Repubblica Centrafricana;546
Bata;Guinea Equatoriale;546
Malabo;Guinea Equatoriale;546
Plaine Magnien;Mauritius;546
Douala;Camerun;546
Garoua;Camerun;546
Yaoundé;Camerun;546
Livingstone;Zambia;546
Lusaka;Zambia;546
Mfuwe;Zambia;546
Ndola;Zambia;546
Moroni;Comore;546
Dzaoudzi;Mayotte;546
Sainte-Marie;Riunione;546
Saint-Pierre;Riunione;546
Antananarivo;Madagascar;546
Toamasina;Madagascar;546
Mahajanga;Madagascar;546
Nosy Be;Madagascar;546
Luanda (Ícolo e Bengo);Angola;546
Luanda;Angola;546
Port Gentil;Gabon;546
Libreville;Gabon;546
Franceville;Gabon;546
São Tomé;São Tomé e Príncipe;546
Beira;Mozambico;546
Maputo;Mozambico;546
Nampula;Mozambico;546
Tete;Mozambico;546
N'Djamena;Ciad;546
Bulawayo;Zimbabwe;546
Victoria Falls;Zimbabwe;546
Harare;Zimbabwe;546
Blantyre;Malawi;546
Lumbadzi;Malawi;546
Maseru(Mazenod);Lesotho;546
Walvis Bay(Rooikop);Namibia;546
Windhoek;Namibia;546
Kinshasa;Repubblica Democratica del Congo;546
Kisangani;Repubblica Democratica del Congo;546
Goma;Repubblica Democratica del Congo;546
Lubumbashi;Repubblica Democratica del Congo;546
Bamako;Mali;546
Timbuktu;Mali;546
Banjul (Yundum);Gambia;546
El Matorral;Spagna;546
San Bartolomé;Spagna;546
Tenerife;Spagna;546
Freetown (Lungi-Town);Sierra Leone;546
Bissau;Guinea-Bissau;546
Monrovia;Liberia;546
Agadir (Temsia);Marocco;546
Zagora;Marocco;546
Saïss;Marocco;546
Ahl Angad;Marocco;546
Oulad Yaich;Marocco;546
Rabat;Marocco;546
Dakhla;Sahara Occidentale;546
El Aaiún;Sahara Occidentale;546
Al Aaroui;Marocco;546
Marrakesh;Marocco;546
Ouarzazate;Marocco;546
Tétouan;Marocco;546
Tangier;Marocco;546
Dakar;Senegal;546
Nouakchott;Mauritania;546
Nouadhibou;Mauritania;546
Conakry;Guinea;546
Espargos;Capo Verde;546
Rabil;Capo Verde;546
Praia;Capo Verde;546
São Pedro;Capo Verde;546
Dire Dawa;Etiopia;546
Jijiga;Etiopia;546
Hawassa;Etiopia;546
Bujumbura;Burundi;546
Bosaso;Somalia;546
Hargeisa;Somalia;546
Mogadishu;Somalia;546
Djibouti City;Gibuti;546
El Alamein;Egitto;546
El Arish;Egitto;546
Asyut;Egitto;546
Alessandria;Egitto;546
Hurghada;Egitto;546
Luxor;Egitto;546
Marsa Alam;Egitto;546
Marsa Matruh;Egitto;546
Port Said;Egitto;546
Suhaj;Egitto;546
Sharm El Sheikh;Egitto;546
Aswan;Egitto;546
Al Jiza;Egitto;546
Juba;Sudan del Sud;546
Eldoret;Kenya;546
Kisumu;Kenya;546
Benina;Libia;546
Tripoli;Libia;546
Al Albraq;Libia;546
Kigali;Ruanda;546
Port Sudan;Sudan;546
Khartoum;Sudan;546
Arusha;Tanzania;546
Dar es Salaam;Tanzania;546
Mwanza;Tanzania;546
Entebbe;Uganda;546
Navi Mumbai;India;546
Albuquerque;Stati Uniti;546
Albany;Stati Uniti;546
Pittsburgh;Stati Uniti;546
Austin;Stati Uniti;546
Columbus;Stati Uniti;546
Hartford;Stati Uniti;546
Cleveland;Stati Uniti;546
Nashville;Stati Uniti;546
Boise;Stati Uniti;546
Buffalo;Stati Uniti;546
Burbank;Stati Uniti;546
Baltimore;Stati Uniti;546
Charleston;Stati Uniti;546
Charlotte;Stati Uniti;546
Colorado Springs;Stati Uniti;546
Jacksonville;Stati Uniti;546
Cincinnati / Covington;Stati Uniti;546
Detroit;Stati Uniti;546
Dallas-Fort Worth;Stati Uniti;546
Tucson;Stati Uniti;546
Des Moines;Stati Uniti;546
El Paso;Stati Uniti;546
Newark;Stati Uniti;546
Fresno;Stati Uniti;546
Fort Lauderdale;Stati Uniti;546
Fort Myers;Stati Uniti;546
Spokane;Stati Uniti;546
Grand Rapids;Stati Uniti;546
Greensboro;Stati Uniti;546
Ta Noun;Cambogia;546
Phnom Penh (Boeng Khyang);Cambogia;546
Portland;Stati Uniti;546
Dulles;Stati Uniti;546
Indianapolis;Stati Uniti;546
Long Beach;Stati Uniti;546
Louisville;Stati Uniti;546
Sacramento;Stati Uniti;546
Tampa;Stati Uniti;546
Kansas City;Stati Uniti;546
Memphis;Stati Uniti;546
Milwaukee;Stati Uniti;546
Minneapolis;Stati Uniti;546
New Orleans;Stati Uniti;546
Myrtle Beach;Stati Uniti;546
Norfolk;Stati Uniti;546
San Diego;Stati Uniti;546
Pensacola;Stati Uniti;546
Oakland;Stati Uniti;546
Omaha;Stati Uniti;546
Oklahoma City;Stati Uniti;546
Ontario;Stati Uniti;546
West Palm Beach;Stati Uniti;546
Phoenix;Stati Uniti;546
Pinellas Park;Stati Uniti;546
Palm Springs;Stati Uniti;546
Providence/Warwick;Stati Uniti;546
Raleigh/Durham;Stati Uniti;546
Richmond;Stati Uniti;546
Reno;Stati Uniti;546
Rochester;Stati Uniti;546
Tulsa;Stati Uniti;546
San Antonio;Stati Uniti;546
Savannah;Stati Uniti;546
San Bernardino;Stati Uniti;546
San Jose;Stati Uniti;546
Salt Lake City;Stati Uniti;546
Santa Ana;Stati Uniti;546
Sarasota/Bradenton;Stati Uniti;546
St Louis;Stati Uniti;546
Syracuse;Stati Uniti;546
Knoxville/Maryville;Stati Uniti;546
Rinas;Albania;546
Burgas;Bulgaria;546
Plovdiv;Bulgaria;546
Sofia;Bulgaria;546
Varna;Bulgaria;546
Tymbou (Kirklar);Cipro;546
Larnaca;Cipro;546
Paphos;Cipro;546
Dubrovnik;Croazia;546
Pula;Croazia;546
Rijeka(Omišalj);Croazia;546
Split;Croazia;546
Velika Gorica;Croazia;546
Zadar;Croazia;546
Alicante;Spagna;546
Ranón;Spagna;546
Bilbao;Spagna;546
Girona;Spagna;546
Málaga;Spagna;546
Mahón (Maó);Spagna;546
Corvera;Spagna;546
Reus;Spagna;546
Santiago de Compostela;Spagna;546
Valencia;Spagna;546
Zaragoza;Spagna;546
Bastia;Francia;546
Figari;Francia;546
Clermont-Ferrand;Francia;546
Montpellier/Méditerranée;Francia;546
Beauvais;Francia;546
Brest;Francia;546
Bâle / Mulhouse;Francia;546
Kavala;Grecia;546
Souda;Grecia;546
Debrecen;Ungheria;546
Pécs;Ungheria;546
Bari;Italia;546
Pescara;Italia;546
Brindisi;Italia;546
Lamezia Terme (CZ);Italia;546
Catania;Italia;546
Palermo;Italia;546
Cagliari;Italia;546
Olbia (SS);Italia;546
Bergamo;Italia;546
Bologna;Italia;546
Treviso (TV);Italia;546
Ronchi dei Legionari/Trieste;Italia;546
Rimini (RN);Italia;546
Caselle (VR);Italia;546
Perugia (PG);Italia;546
Zgornji Brnik;Slovenia;546
České Budějovice;Repubblica Ceca;546
Karlovy Vary;Repubblica Ceca;546
Mošnov;Repubblica Ceca;546
Pardubice;Repubblica Ceca;546
Eilat;Israele;546
Valletta;Malta;546
Feldkirchen bei Graz;Austria;546
Klagenfurt am Wörthersee;Austria;546
Linz;Austria;546
Funchal;Portogallo;546
Ponta Delgada;Portogallo;546
Porto;Portogallo;546
Mahovljani;Bosnia ed Erzegovina;546
Mostar;Bosnia ed Erzegovina;546
Sarajevo;Bosnia ed Erzegovina;546
Dubrave Gornje;Bosnia ed Erzegovina;546
Bacău;Romania;546
Brașov (Ghimbav);Romania;546
Constanța;Romania;546
Cluj-Napoca;Romania;546
Craiova;Romania;546
Iaşi;Romania;546
Oradea;Romania;546
Otopeni;Romania;546
Sibiu;Romania;546
Suceava;Romania;546
Timişoara;Romania;546
Seyhan;Turchia;546
Gaziantep;Turchia;546
Konya;Turchia;546
Kayseri;Turchia;546
Nevşehir;Turchia;546
Eskişehir;Turchia;546
Gaziemir;Turchia;546
Dalaman;Turchia;546
Şanlıurfa;Turchia;546
Tarsus;Turchia;546
Edremit;Turchia;546
Bodrum;Turchia;546
Pendik, Istanbul;Turchia;546
Rize;Turchia;546
Chişinău;Moldavia;546
Ohrid;Macedonia del Nord;546
Ilinden;Macedonia del Nord;546
Gibraltar;Gibilterra;546
Belgrade;Serbia;546
Niš;Serbia;546
Podgorica;Montenegro;546
Bratislava;Slovacchia;546
Providenciales;Isole Turks e Caicos;546
La Romana;Repubblica Dominicana;546
Punta Cana;Repubblica Dominicana;546
Santo Domingo;Repubblica Dominicana;546
Guatemala City;Guatemala;546
San Pedro Sula;Honduras;546
Coxen Hole;Honduras;546
Palmerola;Honduras;546
Trujillo;Perù;546
Montego Bay;Giamaica;546
Acapulco;Messico;546
Monterrey;Messico;546
Aguascalientes;Messico;546
Huatulco;Messico;546
Culiacán;Messico;546
Ciudad Juárez;Messico;546
Chihuahua;Messico;546
Cozumel;Messico;546
Guadalajara;Messico;546
Hermosillo;Messico;546
Silao;Messico;546
Loreto;Messico;546
Mérida;Messico;546
Morelia;Messico;546
Mazatlàn;Messico;546
Oaxaca;Messico;546
Puebla;Messico;546
Puerto Vallarta;Messico;546
Querétaro;Messico;546
San José del Cabo;Messico;546
Tijuana;Messico;546
Tulum;Messico;546
Toluca;Messico;546
Villahermosa;Messico;546
Veracruz;Messico;546
Ixtapa;Messico;546
Managua;Nicaragua;546
Tocumen;Panama;546
Punta Arenas;Cile;546
Liberia;Costa Rica;546
San José (Alajuela);Costa Rica;546
San Salvador (San Luis Talpa);El Salvador;546
San Salvador;Bahamas;546
Cap Haitien;Haiti;546
Port-au-Prince;Haiti;546
Camaguey;Cuba;546
Havana;Cuba;546
Holguin;Cuba;546
Santa Clara;Cuba;546
Matanzas;Cuba;546
George Town;Isole Cayman;546
Freeport;Bahamas;546
Nassau;Bahamas;546
Avarua;Isole Cook;546
Nadi;Figi;546
Nausori;Figi;546
Nuku'alofa;Tonga;546
Vava'u Island;Tonga;546
Birinin Kebbi;Nigeria;546
South Tarawa;Kiribati;546
Wallis Island;Wallis e Futuna;546
Pokhara;Nepal;546
Apia;Samoa;546
Pago Pago;Samoa Americane;546
Port Vila;Vanuatu;546
Nouméa (La Tontouta);Nuova Caledonia;546
Christchurch;Nuova Zelanda;546
Wellington;Nuova Zelanda;546
Guzara;Afghanistan;546
Kabul;Afghanistan;546
Kandahar;Afghanistan;546
Mazar-i-Sharif;Afghanistan;546
Corisco Island;Guinea Equatoriale;546
Abha;Arabia Saudita;546
Hofuf;Arabia Saudita;546
Al-Ula;Arabia Saudita;546
Ad Dammam;Arabia Saudita;546
Qassim;Arabia Saudita;546
Hail;Arabia Saudita;546
Medina;Arabia Saudita;546
Sharma;Arabia Saudita;546
Qaisumah;Arabia Saudita;546
Al-Jawf;Arabia Saudita;546
Tabuk;Arabia Saudita;546
Taif;Arabia Saudita;546
Yanbu;Arabia Saudita;546
Abadan;Iran;546
Ahvaz;Iran;546
Kish Island;Iran;546
Isfahan;Iran;546
Karaj;Iran;546
Bandar Abbas;Iran;546
Kerman;Iran;546
Qeshm(Dayrestan);Iran;546
Birjand;Iran;546
Mashhad;Iran;546
Shiraz;Iran;546
Tabriz;Iran;546
Zahedan;Iran;546
Aqaba;Giordania;546
Duqm;Oman;546
Al Ain;Emirati Arabi Uniti;546
Dubai(Jebel Ali);Emirati Arabi Uniti;546
Fujairah;Emirati Arabi Uniti;546
Ras Al Khaimah;Emirati Arabi Uniti;546
Sharjah;Emirati Arabi Uniti;546
Muscat/Seeb;Oman;546
Salalah;Oman;546
Suhar;Oman;546
Faisalabad;Pakistan;546
Gurandani;Pakistan;546
Attock;Pakistan;546
Lahore;Pakistan;546
Multan;Pakistan;546
Peshawar;Pakistan;546
Quetta;Pakistan;546
Skardu;Pakistan;546
Sialkot;Pakistan;546
Turbat;Pakistan;546
Baghdad;Iraq;546
Arbil;Iraq;546
Kirkuk;Iraq;546
Basra;Iraq;546
Najaf;Iraq;546
Aleppo;Siria;546
Damascus;Siria;546
Aden;Yemen;546
Mukalla(Riyan);Yemen;546
Sanaa;Yemen;546
Seiyun;Yemen;546
Anchorage;Stati Uniti;546
Rota Island;Isole Marianne Settentrionali;546
Hagåtña;Guam;546
Kailua-Kona;Stati Uniti;546
Lihue, Kauai;Stati Uniti;546
Honolulu, Oahu;Stati Uniti;546
Kahului;Stati Uniti;546
Majuro Atoll;Isole Marshall;546
Kiritimati;Kiribati;546
Weno Island;Micronesia;546
Babelthuap Island;Palau;546
Okat;Micronesia;546
Yap Island;Micronesia;546
Kaohsiung (Xiaogang);Taiwan;546
Taichung (Qingshui);Taiwan;546
Tainan (Rende);Taiwan;546
Huxi;Taiwan;546
Taipei (Songshan);Taiwan;546
Taoyuan;Taiwan;546
Hualien City;Taiwan;546
Narita;Giappone;546
Omitama;Giappone;546
Kobe;Giappone;546
Hakodate;Giappone;546
Kagoshima;Giappone;546
Miyazaki;Giappone;546
Kitakyushu;Giappone;546
Saga;Giappone;546
Kumamoto;Giappone;546
Nagasaki;Giappone;546
Tokoname;Giappone;546
Kanazawa;Giappone;546
Makinohara / Shimada;Giappone;546
Hiroshima;Giappone;546
Okayama;Giappone;546
Nankoku;Giappone;546
Matsuyama;Giappone;546
Tokushima;Giappone;546
Takamatsu;Giappone;546
Aomori;Giappone;546
Niigata;Giappone;546
Natori;Giappone;546
Muan (Piseo-ri);Corea del Sud;546
Gonghang-ro;Corea del Sud;546
Jeju City;Corea del Sud;546
Daegu;Corea del Sud;546
Cheongju;Corea del Sud;546
Naha;Giappone;546
Olongapo;Filippine;546
Mabalacat;Filippine;546
Laoag City;Filippine;546
Legazpi;Filippine;546
Manila (Pasay);Filippine;546
Davao;Filippine;546
General Santos;Filippine;546
Laguindingan;Filippine;546
Zamboanga;Filippine;546
Bacolod City;Filippine;546
Cabatuan;Filippine;546
Kalibo;Filippine;546
Cebu City/Lapu-Lapu City;Filippine;546
Puerto Princesa;Filippine;546
Hanak;Arabia Saudita;546
Rosario;Argentina;546
Cordoba;Argentina;546
Buenos Aires (Ezeiza);Argentina;546
Mendoza;Argentina;546
San Miguel de Tucumán;Argentina;546
San Juan;Porto Rico;546
Resistencia;Argentina;546
Salta;Argentina;546
San Salvador de Jujuy;Argentina;546
Comodoro Rivadavia;Argentina;546
El Calafate;Argentina;546
Rio Gallegos;Argentina;546
Neuquén;Argentina;546
San Carlos de Bariloche;Argentina;546
Belém;Brasile;546
Belo Horizonte;Brasile;546
Curitiba;Brasile;546
Brasília;Brasile;546
Boa Vista;Brasile;546
Porto Alegre;Brasile;546
Cuiabá;Brasile;546
Manaus;Brasile;546
Foz do Iguaçu;Brasile;546
Florianópolis;Brasile;546
Fortaleza;Brasile;546
Rio De Janeiro;Brasile;546
Goiânia;Brasile;546
João Pessoa;Brasile;546
Campinas;Brasile;546
Maceió;Brasile;546
Navegantes;Brasile;546
Porto Seguro;Brasile;546
Porto Velho;Brasile;546
Rio Branco;Brasile;546
Recife;Brasile;546
Natal;Brasile;546
São Luís;Brasile;546
Salvador;Brasile;546
Vitória;Brasile;546
Iquique;Cile;546
Antofagasta;Cile;546
Concepcion;Cile;546
Isla De Pascua;Cile;546
Temuco;Cile;546
Puerto Montt;Cile;546
Guayaquil;Ecuador;546
Quito;Ecuador;546
Salinas/La Libertad;Ecuador;546
Tachina;Ecuador;546
Asunción;Paraguay;546
Encarnación;Paraguay;546
Ciudad del Este;Paraguay;546
Bogota;Colombia;546
Barranquilla;Colombia;546
Cartagena;Colombia;546
Cali;Colombia;546
Medellín;Colombia;546
San Andrés;Colombia;546
Sucre;Bolivia;546
Cochabamba;Bolivia;546
Santa Cruz;Bolivia;546
La Paz / El Alto;Bolivia;546
Oruro;Bolivia;546
Quijarro;Bolivia;546
Paramaribo;Suriname;546
Matoury;Guiana Francese;546
Pucallpa;Perù;546
Chiclayo;Perù;546
Juliaca;Perù;546
Iquitos;Perù;546
Arequipa;Perù;546
Cusco;Perù;546
Ciudad de la Costa;Uruguay;546
Barquisimeto;Venezuela;546
Maracaibo;Venezuela;546
Isla Margarita;Venezuela;546
Maiquetía;Venezuela;546
Guyana City;Venezuela;546
Georgetown;Guyana;546
Osbourn;Antigua e Barbuda;546
Bridgetown;Barbados;546
Fort-de-France;Martinica;546
Pointe-à-Pitre;Guadalupa;546
Saint George's;Grenada;546
Charlotte Amalie;Isole Vergini Americane;546
Basseterre;Saint Kitts e Nevis;546
Vieux Fort;Santa Lucia;546
Balkanabat;Turkmenistan;546
Oranjestad;Aruba;546
Kralendijk;Paesi Bassi Caraibici;546
Willemstad;Curaçao;546
Sint Maarten;Sint Maarten;546
Gerald's Park;Montserrat;546
Scarborough;Trinidad e Tobago;546
Port of Spain;Trinidad e Tobago;546
Beef Island;Isole Vergini Britanniche;546
Kingstown;Saint Vincent e Grenadine;546
Astana;Kazakistan;546
Kokshetau;Kazakistan;546
Petropavl;Kazakistan;546
Taraz;Kazakistan;546
Bishkek;Kirghizistan;546
Osh;Kirghizistan;546
Shymkent;Kazakistan;546
Turkıstan;Kazakistan;546
Zhezkazgan;Kazakistan;546
Karaganda;Kazakistan;546
Baikonur;Kazakistan;546
Kyzylorda;Kazakistan;546
Uralsk;Kazakistan;546
Ust-Kamenogorsk (Oskemen);Kazakistan;546
Pavlodar;Kazakistan;546
Semey;Kazakistan;546
Aktau;Kazakistan;546
Atyrau;Kazakistan;546
Aktobe;Kazakistan;546
Kostanay;Kazakistan;546
Ganja;Azerbaigian;546
Nakhchivan;Azerbaigian;546
Tamchy;Kirghizistan;546
Gyumri;Armenia;546
Yerevan;Armenia;546
Yakutsk;Russia;546
Kopitnari;Georgia;546
Batumi;Georgia;546
Tbilisi;Georgia;546
Petropavlovsk-Kamchatsky;Russia;546
Yuzhno-Sakhalinsk;Russia;546
Artyom;Russia;546
Chita;Russia;546
Irkutsk;Russia;546
Ulan Ude;Russia;546
Simferopol;Ucraina;546
Lviv;Ucraina;546
Uzhhorod;Ucraina;546
Murmansk;Russia;546
Kaliningrad;Russia;546
Minsk;Bielorussia;546
Abakan;Russia;546
Barnaul;Russia;546
Kemerovo;Russia;546
Krasnoyarsk;Russia;546
Novosibirsk;Russia;546
Omsk;Russia;546
Tomsk;Russia;546
Norilsk;Russia;546
Krasnodar;Russia;546
Grozny;Russia;546
Makhachkala;Russia;546
Mineralnyye Vody;Russia;546
Rostov-on-Don;Russia;546
Sochi;Russia;546
Astrakhan;Russia;546
Volgograd;Russia;546
Chelyabinsk;Russia;546
Magnitogorsk;Russia;546
Nizhnevartovsk;Russia;546
Perm;Russia;546
Surgut;Russia;546
Yekaterinburg;Russia;546
Tyumen;Russia;546
Ashgabat;Turkmenistan;546
Daşoguz;Turkmenistan;546
Türkmenabat;Turkmenistan;546
Dushanbe;Tagikistan;546
Kulob;Tagikistan;546
Khujand;Tagikistan;546
Bokhtar;Tagikistan;546
Namangan;Uzbekistan;546
Nukus;Uzbekistan;546
Urgench;Uzbekistan;546
Bukhara;Uzbekistan;546
Samarkand;Uzbekistan;546
Mosca;Russia;546
Tunoshna;Russia;546
Nizhny Novgorod;Russia;546
Kazan;Russia;546
Saransk;Russia;546
Saratov;Russia;546
Ufa;Russia;546
Samara;Russia;546
Ahmedabad;India;546
Vadodara;India;546
Bhopal;India;546
Rajkot;India;546
Indore;India;546
Nagpur;India;546
Nashik;India;546
Pune;India;546
Kakadi;India;546
Surat;India;546
Jaffna;Sri Lanka;546
Mattala;Sri Lanka;546
Siem Reap;Cambogia;546
Preah Sihanouk;Cambogia;546
Siliguri;India;546
Varanasi;India;546
Bhubaneswar;India;546
Guwahati;India;546
Imphal;India;546
Visakhapatnam;India;546
Chattogram (Chittagong);Bangladesh;546
Sylhet;Bangladesh;546
Amritsar;India;546
Chandigarh;India;546
New Delhi;India;546
Hisar;India;546
Halwara;India;546
Jaipur;India;546
Lucknow;India;546
Srinagar;India;546
Luang Phabang;Laos;546
Pakse;Laos;546
Vientiane;Laos;546
Nossa Senhora do Carmo;Macao;546
Siddharthanagar (Bhairahawa);Nepal;546
Bengaluru;India;546
Vijayawada;India;546
Coimbatore;India;546
Kochi;India;546
Calicut;India;546
Mopa;India;546
Vasco da Gama;India;546
Kannur;India;546
Mangaluru;India;546
Port Blair;India;546
Tirupati;India;546
Tiruchirappalli;India;546
Thiruvananthapuram;India;546
Paro;Bhutan;546
Noonu Atoll;Maldive;546
Gan;Maldive;546
Haa Dhaalu Atoll;Maldive;546
Malé;Maldive;546
Rayong;Thailandia;546
Chiang Rai;Thailandia;546
Krabi;Thailandia;546
Na Thon (Ko Samui Island);Thailandia;546
Hat Yai;Thailandia;546
Udon Thani;Thailandia;546
Haiphong (Hai An);Vietnam;546
Nha Trang/nha Trang aiurportCam Ranh;Vietnam;546
Can Tho;Vietnam;546
Da Nang;Vietnam;546
Hanoi (Soc Son);Vietnam;546
Phu Quoc Island;Vietnam;546
Mandalay;Myanmar;546
Naypyitaw;Myanmar;546
Makassar;Indonesia;546
Kuta, Badung;Indonesia;546
Mataram (Pujut, Lombok Tengah);Indonesia;546
Yogyakarta;Indonesia;546
Sentani;Indonesia;546
Balikpapan;Indonesia;546
Manado;Indonesia;546
Banjarbaru;Indonesia;546
Ambon;Indonesia;546
Surakarta;Indonesia;546
Surabaya;Indonesia;546
Semarang;Indonesia;546
Kuching;Malaysia;546
Kota Kinabalu;Malaysia;546
Bandar Seri Begawan;Brunei;546
Batam;Indonesia;546
Beringin;Indonesia;546
Pontianak;Indonesia;546
Padang (Katapiang);Indonesia;546
Banda Aceh;Indonesia;546
Ipoh;Malaysia;546
Johor Bahru;Malaysia;546
Sepang;Malaysia;546
Langkawi;Malaysia;546
Penang;Malaysia;546
Subang;Malaysia;546
Dili;Timor Est;546
Oecussi-Ambeno;Timor Est;546
Brisbane;Australia;546
Gold Coast;Australia;546
Cairns;Australia;546
Broome;Australia;546
Maroochydore;Australia;546
Toowoomba;Australia;546
Mokha;Yemen;546
Geelong/Melbourne;Australia;546
Hobart (Cambridge);Australia;546
Adelaide;Australia;546
West Island;Isole Cocos;546
Darwin;Australia;546
Perth;Australia;546
Port Hedland;Australia;546
Sydney (Mascot);Australia;546
Williamtown;Australia;546
Ordos;Cina;546
Datong;Cina;546
Hohhot;Cina;546
Hailar;Cina;546
Baotou;Cina;546
Shijiazhuang;Cina;546
Tianjin;Cina;546
Yuncheng (Yanhu);Cina;546
Taiyuan;Cina;546
Zhangjiajie (Yongding);Cina;546
Guangzhou (Huadu);Cina;546
Changsha (Changsha);Cina;546
Guilin (Lingui);Cina;546
Nanning (Jiangnan);Cina;546
Jieyang (Rongcheng);Cina;546
Zhuhai (Jinwan);Cina;546
Zhanjiang;Cina;546
Zhengzhou;Cina;546
Ezhou;Cina;546
Wuhan (Huangpi);Cina;546
Luoyang (Laocheng);Cina;546
Haikou (Meilan);Cina;546
Sanya (Tianya);Cina;546
Pyongyang;Corea del Nord;546
Dunhuang;Cina;546
Yinchuan;Cina;546
Jiayuguan;Cina;546
Lanzhou (Yongdeng);Cina;546
Haidong (Huzhu Tu Autonomous County);Cina;546
Xi'an;Cina;546
Ulaanbaatar (Sergelen);Mongolia;546
Jinghong (Gasa);Cina;546
Lijiang;Cina;546
Kunming;Cina;546
Xiamen;Cina;546
Nanchang;Cina;546
Fuzhou (Changle);Cina;546
Jinan (Licheng);Cina;546
Lianyungang;Cina;546
Ningbo;Cina;546
Nanjing;Cina;546
Hefei;Cina;546
Shanghai (Pudong);Cina;546
Qingdao (Jiaozhou);Cina;546
Quanzhou;Cina;546
Huai'an;Cina;546
Shanghai (Minhang);Cina;546
Huangshan;Cina;546
Wuxi;Cina;546
Wenzhou (Longwan);Cina;546
Yancheng (Tinghu);Cina;546
Yantai;Cina;546
Yiwu/Jinhua;Cina;546
Zhoushan;Cina;546
Chongqing;Cina;546
Guiyang (Nanming);Cina;546
Shannan (Gonggar);Cina;546
Xigazê (Samzhubzê);Cina;546
Chengdu (Jianyang);Cina;546
Chengdu (Shuangliu);Cina;546
Kashgar;Cina;546
Ürümqi;Cina;546
Changchun;Cina;546
Harbin;Cina;546
Qiqihar;Cina;546
Dalian (Ganjingzi);Cina;546
Shenyang;Cina;546
Yamoussoukro;Costa d'Avorio;351
Niamtougou;Togo;351
Berenice Troglodytica;Egitto;351
Liepāja;Lettonia;351
Sirt;Libia;351
Gautam Buddha Nagar;India;351
Istanbul(Bakırköy);Turchia;351
Dhahran;Arabia Saudita;351
Mosul;Iraq;351
Okinawa;Giappone;351
Pisco;Perù;351
Zaporizhia;Ucraina;351
Odesa;Ucraina;351
Phnom Penh (Pou Senchey);Cambogia;351
Ho Chi Minh City (Long Thanh);Vietnam;351
Ulan Bator;Mongolia;351
Aleknagik;Stati Uniti;222
Friday Harbor;Stati Uniti;222
Eastsound;Stati Uniti;222
Codrington;Antigua e Barbuda;222
Munda;Isole Salomone;222
Yaren;Nauru;222
Bayanhot;Cina;222
Baimuru;Papua Nuova Guinea;222
Buka Island;Papua Nuova Guinea;222
Balimo;Papua Nuova Guinea;222
Kundiawa;Papua Nuova Guinea;222
Daru;Papua Nuova Guinea;222
Goronka;Papua Nuova Guinea;222
Gurney;Papua Nuova Guinea;222
Popondetta;Papua Nuova Guinea;222
Kimbe;Papua Nuova Guinea;222
Kerema;Papua Nuova Guinea;222
Kavieng;Papua Nuova Guinea;222
Madang;Papua Nuova Guinea;222
Mount Hagen;Papua Nuova Guinea;222
Mendi;Papua Nuova Guinea;222
Manus Island;Papua Nuova Guinea;222
Kokopo;Papua Nuova Guinea;222
Vanimo;Papua Nuova Guinea;222
Wapenamanda;Papua Nuova Guinea;222
Wewak;Papua Nuova Guinea;222
Aasiaat;Groenlandia;222
Neerlerit Inaat;Groenlandia;222
Ilulissat;Groenlandia;222
Kulusuk;Groenlandia;222
Qaanaaq;Groenlandia;222
Kangerlussuaq;Groenlandia;222
Sisimiut;Groenlandia;222
Pituffik;Groenlandia;222
Egilsstaðir;Islanda;222
Grímsey/Sandvík;Islanda;222
Höfn;Islanda;222
Ísafjörður;Islanda;222
Vopnafjörður;Islanda;222
Vitória da Conquista;Brasile;222
Caye Caulker;Belize;222
Caye Chapel;Belize;222
Corozal;Belize;222
Dangriga;Belize;222
Punta Gorda;Stati Uniti;222
San Pedro;Belize;222
Anahim Lake;Canada;222
Qualicum Beach;Canada;222
Bella Bella;Canada;222
Charlottetown;Canada;222
Bazhong;Cina;222
Shaoguan;Cina;222
Ji'an;Cina;222
Xiuzhou, Hangzhou;Cina;222
Xigazê (Dingri);Cina;222
Tashikuergan;Cina;222
Bengbu;Cina;222
Fort Frances;Canada;222
Sault Ste Marie;Canada;222
Kasabonika;Canada;222
St. Anthony;Canada;222
Tofino;Canada;222
Baie-Comeau;Canada;222
Bella Coola;Canada;222
Bonnyville;Canada;222
Saguenay;Canada;222
Baker Lake;Canada;222
Campbell River;Canada;222
Brandon;Canada;222
Blanc-Sablon;Canada;222
Cambridge Bay;Canada;222
Nanaimo;Canada;222
Castlegar;Canada;222
Charlo;Canada;222
Dawson City;Canada;222
Deer Lake;Canada;222
Dauphin;Canada;222
Inuvik;Canada;222
Iqaluit;Canada;222
Fredericton;Canada;222
Fort Simpson;Canada;222
La Grande Rivière;Canada;222
Gaspé;Canada;222
Les Îles-de-la-Madeleine;Canada;222
Havre-Saint-Pierre;Canada;222
Kuujjuarapik;Canada;222
Hay River;Canada;222
St-Augustin;Canada;222
Island Lake;Canada;222
Stephenville;Canada;222
Kamloops;Canada;222
Breslau;Canada;222
Schefferville;Canada;222
Lloydminster;Canada;222
Barrie;Canada;222
Fort McMurray;Canada;222
Moosonee;Canada;222
Chibougamau;Canada;222
Natashquan;Canada;222
Gatineau;Canada;222
Points North Landing;Canada;222
High Level;Canada;222
Prince Albert;Canada;222
Peace River;Canada;222
Pickle Lake;Canada;222
Port-Menier;Canada;222
Peterborough;Canada;222
Prince Rupert;Canada;222
Powell River;Canada;222
Puvirnituq;Canada;222
Fort Chipewyan;Canada;222
Burns Lake;Canada;222
Gravenhurst;Canada;222
The Pas;Canada;222
Windsor;Canada;222
Watson Lake;Canada;222
Kenora;Canada;222
Lethbridge;Canada;222
Moncton;Canada;222
Nakina;Canada;222
Comox;Canada;222
Regina;Canada;222
Thunder Bay;Canada;222
Grande Prairie;Canada;222
Gander;Canada;222
Quesnel;Canada;222
Resolute Bay;Canada;222
Roberval;Canada;222
Red Lake;Canada;222
Rankin Inlet;Canada;222
Sudbury;Canada;222
Stony Rapids;Canada;222
Saint John;Canada;222
Saint-Léonard;Canada;222
Fort Smith;Canada;222
Niagara-on-the-Lake;Canada;222
Thompson;Canada;222
Timmins;Canada;222
Sanirajak;Canada;222
Rouyn-Noranda;Canada;222
Bonaventure;Canada;222
La Ronge;Canada;222
Val-d'Or;Canada;222
Kuujjuaq;Canada;222
Norman Wells;Canada;222
Wiarton;Canada;222
Wabush;Canada;222
Williams Lake;Canada;222
Cranbrook;Canada;222
Medicine Hat;Canada;222
Fort Saint John;Canada;222
Rimouski;Canada;222
Sioux Lookout;Canada;222
Prince George;Canada;222
Terrace;Canada;222
Abbotsford;Canada;222
Whitehorse;Canada;222
North Bay;Canada;222
Smithers;Canada;222
Fort Nelson;Canada;222
Penticton;Canada;222
Lynn Lake;Canada;222
Churchill;Canada;222
Goose Bay;Canada;222
Mont-Joli;Canada;222
Yellowknife;Canada;222
Sandspit;Canada;222
Coral Harbour;Canada;222
Port Hardy;Canada;222
Whitecourt;Canada;222
Sept-Îles;Canada;222
South Tetagouche;Canada;222
Grand Forks;Stati Uniti;222
Masset;Canada;222
Sandy Lake;Canada;222
Illizi;Algeria;222
Sétif;Algeria;222
Tébessi;Algeria;222
Tindouf;Algeria;222
Béchar;Algeria;222
Bordj Badji Mokhtar;Algeria;222
Adrar;Algeria;222
El Menia;Algeria;222
El Atteuf;Algeria;222
Hassi Messaoud;Algeria;222
In Salah;Algeria;222
Touggourt;Algeria;222
Guemar;Algeria;222
Timimoun;Algeria;222
Ouargla;Algeria;222
In Aménas;Algeria;222
Sunyani;Ghana;222
Sekondi-Takoradi;Ghana;222
Bouaké;Costa d'Avorio;222
;Costa d'Avorio;222
Korhogo;Costa d'Avorio;222
Katsina;Nigeria;222
Uyo;Nigeria;222
Akure;Nigeria;222
Benin;Nigeria;222
Calabar;Nigeria;222
Gombe;Nigeria;222
Ibadan;Nigeria;222
Owerri;Nigeria;222
Jos;Nigeria;222
Makurdi;Nigeria;222
Okpe;Nigeria;222
Yola;Nigeria;222
Zinder;Niger;222
Tabarka;Tunisia;222
Monastir;Tunisia;222
Enfidha;Tunisia;222
Gafsa;Tunisia;222
Gabès;Tunisia;222
Sfax;Tunisia;222
Tozeur;Tunisia;222
Antwerp;Belgio;222
Grâce-Hollogne;Belgio;222
Zirchow;Germania;222
Saarbrücken;Germania;222
Mannheim;Germania;222
Lübeck;Germania;222
Sylt;Germania;222
Kärdla;Estonia;222
Kuressaare;Estonia;222
Pärnu;Estonia;222
Tartu;Estonia;222
Enontekio;Finlandia;222
Joensuu;Finlandia;222
Jyväskylän Maalaiskunta;Finlandia;222
Kemi / Tornio;Finlandia;222
Kajaani;Finlandia;222
Kokkola / Kruunupyy;Finlandia;222
Kuusamo;Finlandia;222
Pori;Finlandia;222
Savonlinna;Finlandia;222
Derry, Derry and Strabane;Regno Unito;222
Campbeltown;Regno Unito;222
Eday;Regno Unito;222
Bournemouth;Regno Unito;222
Southampton;Regno Unito;222
Newquay;Regno Unito;222
Saint Anne;Guernsey;222
Saint Peter Port;Guernsey;222
St. Peter;Jersey;222
Southend-on-Sea, Essex;Regno Unito;222
Grimsby, Lincolnshire;Regno Unito;222
Darlington, Durham;Regno Unito;222
Kirkwall, Orkney Islands;Regno Unito;222
Lerwick, Shetland;Regno Unito;222
Wick;Regno Unito;222
Inverness;Regno Unito;222
Isle of Islay, Argyll and Bute;Regno Unito;222
Balivanich;Regno Unito;222
Dundee;Regno Unito;222
Stornoway, Western Isles;Regno Unito;222
Eoligarry;Regno Unito;222
Balemartine, Argyll and Bute;Regno Unito;222
Norwich, Norfolk;Regno Unito;222
Exeter, Devon;Regno Unito;222
Donegal;Irlanda;222
Farranfore;Irlanda;222
Esbjerg;Danimarca;222
Karup;Danimarca;222
Roskilde;Danimarca;222
Rønne;Danimarca;222
Sønderborg;Danimarca;222
Andenes;Norvegia;222
Alta;Norvegia;222
Brønnøy;Norvegia;222
Båtsfjord;Norvegia;222
Berlevåg;Norvegia;222
Målselv;Norvegia;222
Florø;Norvegia;222
Karmøy;Norvegia;222
Hammerfest;Norvegia;222
Honningsvåg;Norvegia;222
Kvernberget;Norvegia;222
Kirkenes;Norvegia;222
Leknes;Norvegia;222
Mehamn;Norvegia;222
Årø;Norvegia;222
Mosjøen;Norvegia;222
Lakselv;Norvegia;222
Ørland;Norvegia;222
Ørsta;Norvegia;222
Mo i Rana;Norvegia;222
Rørvik;Norvegia;222
Røros;Norvegia;222
Longyearbyen;Norvegia;222
Svolvær;Norvegia;222
Hadsel;Norvegia;222
Leirvik;Norvegia;222
Sørkjosen;Norvegia;222
Vardø;Norvegia;222
Alstahaug;Norvegia;222
Vadsø;Norvegia;222
Bydgoszcz;Polonia;222
Radom;Polonia;222
Szymany;Polonia;222
Nowe Kramsko;Polonia;222
Ronneby;Svezia;222
Jönköping;Svezia;222
Trollhättan;Svezia;222
Mora;Svezia;222
Kalmar;Svezia;222
Halmstad;Svezia;222
Växjö;Svezia;222
Gällivare;Svezia;222
Nyland;Svezia;222
Lycksele;Svezia;222
Sundsvall/ Härnösand;Svezia;222
Örnsköldsvik;Svezia;222
Skellefteå;Svezia;222
Vilhelmina;Svezia;222
Arvidsjaur;Svezia;222
Östersund;Svezia;222
Örebro;Svezia;222
Karlstad;Svezia;222
Borlange;Svezia;222
Norrköping;Svezia;222
Torsby;Svezia;222
Ängelholm;Svezia;222
Wurster Nordseeküste;Germania;222
Laage;Germania;222
Hoedspruit;Sudafrica;222
Margate;Sudafrica;222
Mafeking;Sudafrica;222
Mkuze;Sudafrica;222
Phalaborwa;Sudafrica;222
Pietermaritzburg;Sudafrica;222
Richards Bay;Sudafrica;222
Sishen;Sudafrica;222
Skukuza;Sudafrica;222
Upington;Sudafrica;222
Mthatha;Sudafrica;222
Mengomeyén;Guinea Equatoriale;222
Cat Hill;Sant'Elena;222
Jamestown;Sant'Elena;222
Port Mathurin;Mauritius;222
Maroua;Camerun;222
N'Gaoundéré;Camerun;222
Ouani;Comore;222
Vohilava;Madagascar;222
Morondava;Madagascar;222
Antisiranana;Madagascar;222
Besalampy;Madagascar;222
Maroantsetra;Madagascar;222
Sambava;Madagascar;222
Tôlanaro;Madagascar;222
Mananjary;Madagascar;222
Toliara;Madagascar;222
Mbanza Congo;Angola;222
Cabinda;Angola;222
Catumbela;Angola;222
Chitato;Angola;222
Ngiva;Angola;222
Huambo;Angola;222
Malanje;Angola;222
Menongue;Angola;222
Moçâmedes;Angola;222
Negage;Angola;222
Soyo;Angola;222
Lubango;Angola;222
Oyem;Gabon;222
Makokou;Gabon;222
São Tomé & Príncipe;São Tomé e Príncipe;222
Chimoio;Mozambico;222
Inhambane;Mozambico;222
Lichinga;Mozambico;222
Nacala;Mozambico;222
Pemba;Mozambico;222
Quelimane;Mozambico;222
Vilanculo;Mozambico;222
Praslin Island;Seychelles;222
Abeche;Ciad;222
Kariba;Zimbabwe;222
Mpacha;Namibia;222
Luderitz;Namibia;222
Ondangwa;Namibia;222
Oranjemund;Namibia;222
Rundu;Namibia;222
Bandundu;Repubblica Democratica del Congo;222
Kikwit;Repubblica Democratica del Congo;222
Mbandaka;Repubblica Democratica del Congo;222
Gbadolite;Repubblica Democratica del Congo;222
Gemena;Repubblica Democratica del Congo;222
Isiro;Repubblica Democratica del Congo;222
Bunia;Repubblica Democratica del Congo;222
Kindu;Repubblica Democratica del Congo;222
Kolwezi;Repubblica Democratica del Congo;222
Kalemie;Repubblica Democratica del Congo;222
Kananga;Repubblica Democratica del Congo;222
Mbuji Mayi;Repubblica Democratica del Congo;222
Gao;Mali;222
Kayes;Mali;222
Sévaré;Mali;222
El Hierro Island;Spagna;222
Sta Cruz de la Palma, La Palma Island;Spagna;222
Melilla;Spagna;222
Qaqortoq;Groenlandia;222
Greenville;Stati Uniti;222
Tan Tan;Marocco;222
Errachidia;Marocco;222
Smara;Sahara Occidentale;222
Essaouira;Marocco;222
Ziguinchor;Senegal;222
Cap Skirring;Senegal;222
Zouérate;Mauritania;222
Vila do Maio;Capo Verde;222
Preguiça;Capo Verde;222
Arba Minch;Etiopia;222
Axum;Etiopia;222
Bahir Dar;Etiopia;222
Gambela;Etiopia;222
Azezo;Etiopia;222
Gode;Etiopia;222
Jinka;Etiopia;222
Jimma;Etiopia;222
Kebri Dahar;Etiopia;222
Mekele;Etiopia;222
Asosa;Etiopia;222
Gitega;Burundi;222
Berbera;Somalia;222
Abu Simbel;Egitto;222
New Cairo;Egitto;222
Taba;Egitto;222
Asmara;Eritrea;222
Ol Tukai;Kenya;222
Lamu;Kenya;222
Malindi;Kenya;222
Serena;Kenya;222
Gathiuru;Kenya;222
Wajir;Kenya;222
Ghat;Libia;222
Kufra;Libia;222
Sabha;Libia;222
Ghadames;Libia;222
Kamembe;Ruanda;222
Dongola;Sudan;222
El Fasher;Sudan;222
Kassala;Sudan;222
Nyala;Sudan;222
El-Obeid;Sudan;222
Malakal;Sudan del Sud;222
Wau;Sudan del Sud;222
Dodoma;Tanzania;222
Mbeya;Tanzania;222
Mtwara;Tanzania;222
Tanga;Tanzania;222
Arua;Uganda;222
Gulu;Uganda;222
Soroti;Uganda;222
Kediri;Indonesia;222
Bilogai;Indonesia;222
Faizabad;India;222
Chipi;India;222
Hollongi;India;222
Ambikapur;India;222
Boulder City;Stati Uniti;222
Allentown/Bethlehem;Stati Uniti;222
Abilene;Stati Uniti;222
Nantucket;Stati Uniti;222
Waco;Stati Uniti;222
Arcata/Eureka;Stati Uniti;222
Atlantic City;Stati Uniti;222
Fort Worth;Stati Uniti;222
Augusta;Stati Uniti;222
Alliance;Stati Uniti;222
Akron;Stati Uniti;222
Waterloo;Stati Uniti;222
Alamosa;Stati Uniti;222
Walla Walla;Stati Uniti;222
Amarillo;Stati Uniti;222
Altoona;Stati Uniti;222
Alpena;Stati Uniti;222
Watertown;Stati Uniti;222
Aspen;Stati Uniti;222
Appleton;Stati Uniti;222
Asheville;Stati Uniti;222
Wilkes-Barre/Scranton;Stati Uniti;222
Kalamazoo;Stati Uniti;222
Branson;Stati Uniti;222
Bridgeport;Stati Uniti;222
Bedford;Stati Uniti;222
Bradford;Stati Uniti;222
Scottsbluff;Stati Uniti;222
Bakersfield;Stati Uniti;222
Mobile;Stati Uniti;222
Binghamton;Stati Uniti;222
Bangor;Stati Uniti;222
Bar Harbor;Stati Uniti;222
Bishop;Stati Uniti;222
Billings;Stati Uniti;222
Bismarck;Stati Uniti;222
Beaver;Stati Uniti;222
Bellingham;Stati Uniti;222
Belleville;Stati Uniti;222
Bloomington/Normal;Stati Uniti;222
Beaumont/Port Arthur;Stati Uniti;222
Brunswick;Stati Uniti;222
Brainerd;Stati Uniti;222
Burlington;Stati Uniti;222
Brownsville;Stati Uniti;222
Butte;Stati Uniti;222
Baton Rouge;Stati Uniti;222
Bozeman;Stati Uniti;222
Columbia;Stati Uniti;222
Concord;Stati Uniti;222
Cedar City;Stati Uniti;222
Chadron;Stati Uniti;222
Crescent City;Stati Uniti;222
Cortez;Stati Uniti;222
Cape Girardeau;Stati Uniti;222
Chattanooga;Stati Uniti;222
Charlottesville;Stati Uniti;222
Cedar Rapids;Stati Uniti;222
Kincheloe;Stati Uniti;222
College Station;Stati Uniti;222
Savoy;Stati Uniti;222
Hancock;Stati Uniti;222
Carlsbad;Stati Uniti;222
Moab;Stati Uniti;222
Cody;Stati Uniti;222
Casper;Stati Uniti;222
Corpus Christi;Stati Uniti;222
Clovis;Stati Uniti;222
Mosinee;Stati Uniti;222
Cheyenne;Stati Uniti;222
Daytona Beach;Stati Uniti;222
Dayton;Stati Uniti;222
Dubuque;Stati Uniti;222
Dodge City;Stati Uniti;222
Decatur;Stati Uniti;222
Dothan;Stati Uniti;222
Dickinson;Stati Uniti;222
Duluth;Stati Uniti;222
Dover;Stati Uniti;222
Durango;Stati Uniti;222
Destin;Stati Uniti;222
Dubois;Stati Uniti;222
Devils Lake;Stati Uniti;222
Kearney;Stati Uniti;222
Wenatchee;Stati Uniti;222
Eau Claire;Stati Uniti;222
Panama City Beach;Stati Uniti;222
Eagle;Stati Uniti;222
Elko;Stati Uniti;222
El Dorado;Stati Uniti;222
Elmira/Corning;Stati Uniti;222
Erie;Stati Uniti;222
Escanaba;Stati Uniti;222
Eugene;Stati Uniti;222
Evansville;Stati Uniti;222
New Bedford;Stati Uniti;222
New Bern;Stati Uniti;222
Key West;Stati Uniti;222
Fargo;Stati Uniti;222
Fayetteville;Stati Uniti;222
Flagstaff;Stati Uniti;222
Flint;Stati Uniti;222
Fort Dodge;Stati Uniti;222
Sioux Falls;Stati Uniti;222
Fort Wayne;Stati Uniti;222
Gillette;Stati Uniti;222
Garden City;Stati Uniti;222
Grand Canyon - Tusayan;Stati Uniti;222
Glendive;Stati Uniti;222
Longview;Stati Uniti;222
Grand Junction;Stati Uniti;222
Gainesville;Stati Uniti;222
Kalispell;Stati Uniti;222
Gulfport;Stati Uniti;222
Green Bay;Stati Uniti;222
Grand Island;Stati Uniti;222
Fort Cavazos;Stati Uniti;222
Greenville/Greer/Spartanburg;Stati Uniti;222
Great Falls;Stati Uniti;222
Columbus/W Point/Starkville;Stati Uniti;222
Gunnison;Stati Uniti;222
Gallup;Stati Uniti;222
Gary;Stati Uniti;222
Hayden;Stati Uniti;222
Hagerstown;Stati Uniti;222
Hawthorne;Stati Uniti;222
Hibbing;Stati Uniti;222
Ogden;Stati Uniti;222
Lake Havasu City;Stati Uniti;222
Helena;Stati Uniti;222
Hobbs;Stati Uniti;222
Hot Springs;Stati Uniti;222
White Plains;Stati Uniti;222
Harlingen;Stati Uniti;222
Harrison;Stati Uniti;222
Huntsville;Stati Uniti;222
Huntington;Stati Uniti;222
New Haven;Stati Uniti;222
Havre;Stati Uniti;222
Hilton Head Island;Stati Uniti;222
Hyannis;Stati Uniti;222
Hays;Stati Uniti;222
Wichita;Stati Uniti;222
Niagara Falls;Stati Uniti;222
Idaho Falls;Stati Uniti;222
Wilmington;Stati Uniti;222
Kingsford;Stati Uniti;222
International Falls;Stati Uniti;222
Imperial;Stati Uniti;222
Williamsport;Stati Uniti;222
Kirksville;Stati Uniti;222
Islip;Stati Uniti;222
Ithaca;Stati Uniti;222
Mesa;Stati Uniti;222
Jackson;Stati Uniti;222
Jonesboro;Stati Uniti;222
Joplin;Stati Uniti;222
Johnstown;Stati Uniti;222
West Lafayette;Stati Uniti;222
Lakeland;Stati Uniti;222
Lansing;Stati Uniti;222
Laramie;Stati Uniti;222
Lawton;Stati Uniti;222
Lubbock;Stati Uniti;222
Latrobe;Stati Uniti;222
North Platte;Stati Uniti;222
Liberal;Stati Uniti;222
Lake Charles;Stati Uniti;222
Lebanon;Stati Uniti;222
Lexington;Stati Uniti;222
Lafayette;Stati Uniti;222
Little Rock;Stati Uniti;222
Lincoln;Stati Uniti;222
Lancaster;Stati Uniti;222
Laredo;Stati Uniti;222
Las Cruces;Stati Uniti;222
La Crosse;Stati Uniti;222
Cincinnati;Stati Uniti;222
Lewisburg;Stati Uniti;222
Lewiston;Stati Uniti;222
Lynchburg;Stati Uniti;222
Midland;Stati Uniti;222
Freeland;Stati Uniti;222
Merced;Stati Uniti;222
McCook;Stati Uniti;222
Macon;Stati Uniti;222
Mason City;Stati Uniti;222
Harrisburg;Stati Uniti;222
Meridian;Stati Uniti;222
McAllen;Stati Uniti;222
Medford;Stati Uniti;222
Michigan City;Stati Uniti;222
Montgomery;Stati Uniti;222
Morgantown;Stati Uniti;222
Manhattan;Stati Uniti;222
Minot;Stati Uniti;222
Muskegon;Stati Uniti;222
Moline;Stati Uniti;222
Monroe;Stati Uniti;222
Mammoth Lakes;Stati Uniti;222
Monterey;Stati Uniti;222
Muscle Shoals;Stati Uniti;222
Madison;Stati Uniti;222
Missoula;Stati Uniti;222
Massena;Stati Uniti;222
Montrose;Stati Uniti;222
Marion;Stati Uniti;222
Mineral Wells;Stati Uniti;222
McCall;Stati Uniti;222
Yuma;Stati Uniti;222
Richlands;Stati Uniti;222
Ogdensburg;Stati Uniti;222
Wolf Point;Stati Uniti;222
Olympia;Stati Uniti;222
Newport;Stati Uniti;222
Worcester;Stati Uniti;222
North Bend;Stati Uniti;222
Owensboro;Stati Uniti;222
Ocean City;Stati Uniti;222
Everett;Stati Uniti;222
Paducah;Stati Uniti;222
Plattsburgh;Stati Uniti;222
Pendleton;Stati Uniti;222
Page;Stati Uniti;222
Newport News;Stati Uniti;222
Peoria;Stati Uniti;222
Moselle;Stati Uniti;222
Pocatello;Stati Uniti;222
Pierre;Stati Uniti;222
Parkersburg (Williamstown);Stati Uniti;222
Pellston;Stati Uniti;222
Presque Isle;Stati Uniti;222
Prescott;Stati Uniti;222
Pasco;Stati Uniti;222
Portsmouth;Stati Uniti;222
Pueblo;Stati Uniti;222
Pullman;Stati Uniti;222
Provo;Stati Uniti;222
Rapid City;Stati Uniti;222
Redding;Stati Uniti;222
Redmond;Stati Uniti;222
Chicago/Rockford;Stati Uniti;222
Rhinelander;Stati Uniti;222
Riverton;Stati Uniti;222
Rockland;Stati Uniti;222
Rock Springs;Stati Uniti;222
Roanoke;Stati Uniti;222
Roswell;Stati Uniti;222
Rutland;Stati Uniti;222
Santa Fe;Stati Uniti;222
Gwinn;Stati Uniti;222
Santa Barbara;Stati Uniti;222
South Bend;Stati Uniti;222
San Luis Obispo;Stati Uniti;222
Salisbury;Stati Uniti;222
Stockton;Stati Uniti;222
Sidney;Stati Uniti;222
Springfield;Stati Uniti;222
St Augustine;Stati Uniti;222
St George;Stati Uniti;222
Weyers Cave;Stati Uniti;222
Sheridan;Stati Uniti;222
Shreveport;Stati Uniti;222
San Angelo;Stati Uniti;222
Taos;Stati Uniti;222
Salem;Stati Uniti;222
Saranac Lake;Stati Uniti;222
Salina;Stati Uniti;222
Salmon;Stati Uniti;222
Santa Maria;Stati Uniti;222
Show Low;Stati Uniti;222
Wichita Falls;Stati Uniti;222
San Carlos;Stati Uniti;222
Saint Cloud;Stati Uniti;222
Santa Rosa;Stati Uniti;222
Hailey;Stati Uniti;222
Sioux City;Stati Uniti;222
Silver City;Stati Uniti;222
Newburgh;Stati Uniti;222
Stillwater;Stati Uniti;222
Fort Leonard Wood;Stati Uniti;222
Tacoma;Stati Uniti;222
Teterboro;Stati Uniti;222
Telluride;Stati Uniti;222
Tallahassee;Stati Uniti;222
Toledo;Stati Uniti;222
Blountville;Stati Uniti;222
Truckee;Stati Uniti;222
Ewing Township;Stati Uniti;222
Tupelo;Stati Uniti;222
Traverse City;Stati Uniti;222
Thief River Falls;Stati Uniti;222
Twin Falls;Stati Uniti;222
Texarkana;Stati Uniti;222
Tyler;Stati Uniti;222
Quincy;Stati Uniti;222
State College;Stati Uniti;222
Valdosta;Stati Uniti;222
Vernal;Stati Uniti;222
Valparaiso;Stati Uniti;222
Vero Beach;Stati Uniti;222
Westerly;Stati Uniti;222
West Yellowstone;Stati Uniti;222
Fayetteville/Springdale/Rogers;Stati Uniti;222
Williston;Stati Uniti;222
Yakima;Stati Uniti;222
Ton Phueng;Laos;222
Lefkoniko (Geçitkale);Cipro;222
Osijek(Klisa);Croazia;222
Gornji Humac;Croazia;222
Almería;Spagna;222
Badajoz;Spagna;222
Castellón de la Plana;Spagna;222
Culleredo;Spagna;222
Lleida;Spagna;222
Granada;Spagna;222
Jerez de la Frontera;Spagna;222
La Virgen del Camino;Spagna;222
Pamplona;Spagna;222
Salamanca;Spagna;222
Hondarribia;Spagna;222
La Seu d'Urgell Pyrenees and Andorra;Spagna;222
Valladolid;Spagna;222
Alava;Spagna;222
Vigo;Spagna;222
Santander;Spagna;222
Bergerac;Francia;222
La Rochelle;Francia;222
Poitiers/Biard;Francia;222
Limoges/Bellegarde;Francia;222
Pau/Pyrénées (Uzein);Francia;222
Tarbes/Lourdes/Pyrénées;Francia;222
Biarritz;Francia;222
Castres;Francia;222
Rodez/Marcillac;Francia;222
Dole;Francia;222
Goin;Francia;222
Calvi;Francia;222
Ajaccio;Francia;222
Chambéry;Francia;222
Annecy;Francia;222
Grenoble;Francia;222
Aurillac;Francia;222
Carcassonne;Francia;222
Perpignan/Rivesaltes;Francia;222
Béziers;Francia;222
Avignon;Francia;222
Chalons en Champagne;Francia;222
Tours, Indre-et-Loire;Francia;222
Dinard;Francia;222
Deauville;Francia;222
Lorient/Lann/Bihoué;Francia;222
Caen;Francia;222
Le Mans, Sarthe;Francia;222
Saint-Jacques-de-la-Lande, Ille-et-Vilaine;Francia;222
Saint-Nazaire/Montoir;Francia;222
Dijon;Francia;222
Brive;Francia;222
Hyères, Var;Francia;222
Nîmes/Garons;Francia;222
Alexandroupolis;Grecia;222
Nea Anchialos;Grecia;222
Chios Island;Grecia;222
Ioannina;Grecia;222
Kefallinia Island;Grecia;222
Kalamata;Grecia;222
Karpathos Island;Grecia;222
Kozani;Grecia;222
Mykonos;Grecia;222
Mytilene;Grecia;222
Preveza;Grecia;222
Patras;Grecia;222
Skiathos;Grecia;222
Samos Island;Grecia;222
Crete Island;Grecia;222
Zakynthos;Grecia;222
Sármellék;Ungheria;222
Isola di Capo Rizzuto (KR);Italia;222
Foggia (FG);Italia;222
Comiso;Italia;222
Lampedusa;Italia;222
Pantelleria (TP);Italia;222
Reggio Calabria;Italia;222
Trapani (TP);Italia;222
Alghero;Italia;222
Parma (PR);Italia;222
Levaldigi (CN);Italia;222
Bolzano (BZ);Italia;222
Forlì (FC);Italia;222
Montichiari (BS);Italia;222
Falconara Marittima (AN);Italia;222
Salerno;Italia;222
Campo nell'Elba (LI);Italia;222
Maribor;Slovenia;222
Brno;Repubblica Ceca;222
Haifa;Israele;222
Vila do Porto;Portogallo;222
Bragança;Portogallo;222
Cascais;Portogallo;222
Santa Cruz das Flores;Portogallo;222
Santa Cruz da Graciosa;Portogallo;222
Horta;Portogallo;222
Praia da Vitória;Portogallo;222
Pico Island;Portogallo;222
Portimão;Portogallo;222
Vila Baleira;Portogallo;222
Velas;Portogallo;222
Vila Real;Portogallo;222
Viseu;Portogallo;222
Arad;Romania;222
Tăuții-Măgherăuș;Romania;222
Satu Mare;Romania;222
Recea;Romania;222
Agno;Svizzera;222
Bern;Svizzera;222
St. Gallen;Svizzera;222
Zonguldak;Turchia;222
Malatya;Turchia;222
Tokat;Turchia;222
Denizli;Turchia;222
Balıkesir;Turchia;222
Çanakkale;Turchia;222
Yenişehir;Turchia;222
Çorlu;Turchia;222
Elazığ;Turchia;222
Ordu;Turchia;222
Diyarbakır;Turchia;222
Erzincan;Turchia;222
Erzurum;Turchia;222
Kars;Turchia;222
Trabzon;Turchia;222
Van;Turchia;222
Batman;Turchia;222
Muş;Turchia;222
Sinop;Turchia;222
Kahramanmaraş;Turchia;222
Ağrı;Turchia;222
Adıyaman;Turchia;222
Mardin;Turchia;222
Iğdır;Turchia;222
Şırnak;Turchia;222
Hakkari;Turchia;222
Antakya;Turchia;222
Isparta;Turchia;222
Gazipaşa;Turchia;222
Samsun;Turchia;222
Kraljevo;Serbia;222
Tivat;Montenegro;222
Nanchong (Langzhong);Cina;222
Košice;Slovacchia;222
Sliač;Slovacchia;222
Poprad;Slovacchia;222
Cockburn Town;Isole Turks e Caicos;222
North Caicos;Isole Turks e Caicos;222
South Caicos;Isole Turks e Caicos;222
Barahona;Repubblica Dominicana;222
Samana;Repubblica Dominicana;222
La Isabela;Repubblica Dominicana;222
Puerto Plata;Repubblica Dominicana;222
Puerto Barrios;Guatemala;222
Retalhuleu;Guatemala;222
San Benito;Guatemala;222
La Ceiba;Honduras;222
Guanaja;Honduras;222
Tegucigalpa;Honduras;222
Boscobel;Giamaica;222
Tinson Pen;Giamaica;222
Ciudad del Carmen;Messico;222
Chetumal;Messico;222
Ciudad Obregón;Messico;222
Campeche;Messico;222
Ciudad Victoria;Messico;222
Tepic;Messico;222
Guaymas;Messico;222
Colima;Messico;222
Saltillo;Messico;222
Ixtepec;Messico;222
Los Mochis;Messico;222
La Paz;Messico;222
Matamoros;Messico;222
Mexicali;Messico;222
Cosoleacaque;Messico;222
Nuevo Laredo;Messico;222
Poza Rica;Messico;222
Piedras Negras;Messico;222
Uruapan;Messico;222
Puerto Escondido;Messico;222
Reynosa;Messico;222
Cabo San Lucas;Messico;222
San Luis Potosí;Messico;222
Torreón;Messico;222
Tuxtla Gutiérrez;Messico;222
Ciudad Madero;Messico;222
Tapachula;Messico;222
Zacatecas;Messico;222
Manzanillo;Messico;222
Bluefields;Nicaragua;222
Puerto Cabezas;Nicaragua;222
Isla Colón;Panama;222
Chitré;Panama;222
Changuinola;Panama;222
David;Panama;222
Colón;Panama;222
Albrook;Panama;222
La Fortuna;Costa Rica;222
Golfito;Costa Rica;222
Limón;Costa Rica;222
Nicoya;Costa Rica;222
Puerto Jimenez;Costa Rica;222
Quepos;Costa Rica;222
Les Cayes;Haiti;222
Carrefour Sanon;Haiti;222
Baracoa;Cuba;222
Bayamo;Cuba;222
Cayo Coco;Cuba;222
Cienfuegos;Cuba;222
Cayo Largo del Sur;Cuba;222
Santa Marta;Colombia;222
Nueva Gerona;Cuba;222
Trinidad;Cuba;222
Las Tunas;Cuba;222
West End;Isole Cayman;222
Andros Town;Bahamas;222
Andros;Bahamas;222
Marsh Harbour;Bahamas;222
Andros Island;Bahamas;222
Spring Point;Bahamas;222
Treasure Cay;Bahamas;222
Chub Cay;Bahamas;222
South Bimini;Bahamas;222
Arthur's Town;Bahamas;222
Cat Island;Bahamas;222
Colonel Hill;Bahamas;222
Moss Town;Bahamas;222
North Eleuthera;Bahamas;222
Governor's Harbour;Bahamas;222
Rock Sound;Bahamas;222
Matthew Town;Bahamas;222
Deadman's Cay;Bahamas;222
Stella Maris;Bahamas;222
Abraham Bay Settlement;Bahamas;222
Placencia;Belize;222
Labasa;Figi;222
Lifuka;Tonga;222
Funafuti;Tuvalu;222
Alofi;Niue;222
Ninglang;Cina;222
Anaa;Polinesia Francese;222
Fangatau;Polinesia Francese;222
Tuherahera;Polinesia Francese;222
Raitahiti;Polinesia Francese;222
Makemo;Polinesia Francese;222
Ahe Atoll;Polinesia Francese;222
Nuku Hiva;Polinesia Francese;222
Hiva Oa Island;Polinesia Francese;222
Motu Mute;Polinesia Francese;222
Fare;Polinesia Francese;222
Moorea-Maiao;Polinesia Francese;222
Otepa;Polinesia Francese;222
Uturoa;Polinesia Francese;222
Luganville;Vanuatu;222
Tanna Island;Vanuatu;222
Tiga;Nuova Caledonia;222
Koné;Nuova Caledonia;222
Île des Pins;Nuova Caledonia;222
Lifou;Nuova Caledonia;222
Nouméa;Nuova Caledonia;222
Maré;Nuova Caledonia;222
Touho;Nuova Caledonia;222
Ouvéa;Nuova Caledonia;222
Taupo;Nuova Zelanda;222
Te One;Nuova Zelanda;222
Dunedin;Nuova Zelanda;222
Gisborne;Nuova Zelanda;222
Kerikeri;Nuova Zelanda;222
Awanui;Nuova Zelanda;222
New Plymouth;Nuova Zelanda;222
Napier;Nuova Zelanda;222
Nelson;Nuova Zelanda;222
Invercargill;Nuova Zelanda;222
Palmerston North;Nuova Zelanda;222
Rotorua;Nuova Zelanda;222
Tauranga;Nuova Zelanda;222
Blenheim;Nuova Zelanda;222
Wanaka;Nuova Zelanda;222
Whakatāne;Nuova Zelanda;222
Whangarei;Nuova Zelanda;222
Westport;Nuova Zelanda;222
Wanganui;Nuova Zelanda;222
Khost;Afghanistan;222
Maymana;Afghanistan;222
Al-Baha;Arabia Saudita;222
Bisha;Arabia Saudita;222
Dawadmi;Arabia Saudita;222
Jizan;Arabia Saudita;222
Gurayat;Arabia Saudita;222
King Khaled Military City;Arabia Saudita;222
Najran;Arabia Saudita;222
Rafha;Arabia Saudita;222
Arar;Arabia Saudita;222
Sharurah;Arabia Saudita;222
Turaif;Arabia Saudita;222
Wadi Al Dawasir;Arabia Saudita;222
Al Wajh;Arabia Saudita;222
Dezful;Iran;222
Gachsaran;Iran;222
Mahshahr;Iran;222
Abu Musa;Iran;222
Bushehr;Iran;222
Bandar Lengeh;Iran;222
Khiyaroo;Iran;222
Khark;Iran;222
Kermanshah;Iran;222
Kashan;Iran;222
Rasht;Iran;222
Hamadan;Iran;222
Bam;Iran;222
Rafsanjan;Iran;222
Bojnord;Iran;222
Sabzevar;Iran;222
Nowshahr;Iran;222
Ramsar;Iran;222
Sari;Iran;222
Lar;Iran;222
Lamerd;Iran;222
Ardabil;Iran;222
Urmia;Iran;222
Yazd;Iran;222
Konarak;Iran;222
Khasab;Oman;222
Bahawalpur;Pakistan;222
Chitral;Pakistan;222
Dera Ghazi Khan;Pakistan;222
Gilgit;Pakistan;222
Nawabashah;Pakistan;222
Rahim Yar Khan;Pakistan;222
Sukkur;Pakistan;222
Fort Sandeman;Pakistan;222
Sulaymaniyah;Iraq;222
Qamishli;Siria;222
Latakia;Siria;222
Al Ghaydah;Yemen;222
Mori;Yemen;222
Taiz;Yemen;222
Barter Island;Stati Uniti;222
Bethel;Stati Uniti;222
Utqiaġvik;Stati Uniti;222
Cold Bay;Stati Uniti;222
Cordova;Stati Uniti;222
Deering;Stati Uniti;222
Adak;Stati Uniti;222
Dillingham;Stati Uniti;222
Kodiak;Stati Uniti;222
Unalaska;Stati Uniti;222
Fairbanks;Stati Uniti;222
Emmonak;Stati Uniti;222
Kenai;Stati Uniti;222
Ambler;Stati Uniti;222
Galena;Stati Uniti;222
Gulkana;Stati Uniti;222
Gambell;Stati Uniti;222
Gustavus;Stati Uniti;222
Holy Cross;Stati Uniti;222
Huslia;Stati Uniti;222
Haines;Stati Uniti;222
Homer;Stati Uniti;222
Egegik;Stati Uniti;222
Kiana;Stati Uniti;222
Iliamna;Stati Uniti;222
Utopia Creek;Stati Uniti;222
Juneau;Stati Uniti;222
King Salmon;Stati Uniti;222
Anaktuvuk Pass;Stati Uniti;222
Ketchikan;Stati Uniti;222
Klawock;Stati Uniti;222
Cape Lisburne;Stati Uniti;222
McGrath;Stati Uniti;222
Mekoryuk;Stati Uniti;222
Aniak;Stati Uniti;222
Anvik;Stati Uniti;222
Nome;Stati Uniti;222
Northway;Stati Uniti;222
Kotzebue;Stati Uniti;222
Petersburg;Stati Uniti;222
Port Heiden;Stati Uniti;222
Platinum;Stati Uniti;222
Nuiqsut;Stati Uniti;222
Arctic Village;Stati Uniti;222
Ruby;Stati Uniti;222
Savoonga;Stati Uniti;222
Deadhorse;Stati Uniti;222
Sand Point;Stati Uniti;222
Sitka;Stati Uniti;222
St Paul Island;Stati Uniti;222
Atqasuk;Stati Uniti;222
Unalakleet;Stati Uniti;222
Valdez;Stati Uniti;222
Wrangell;Stati Uniti;222
Wainwright;Stati Uniti;222
Yakutat;Stati Uniti;222
Fort Yukon;Stati Uniti;222
I Fadang, Saipan;Isole Marianne Settentrionali;222
Tinian Island;Isole Marianne Settentrionali;222
Hana;Stati Uniti;222
Lahaina;Stati Uniti;222
Kaunakakai;Stati Uniti;222
Waimea (Kamuela);Stati Uniti;222
Lanai City;Stati Uniti;222
Hilo;Stati Uniti;222
Kwajalein;Isole Marshall;222
Point Lay;Stati Uniti;222
Pohnpei Island;Micronesia;222
Wake Island;Isole Minori degli Stati Uniti;222
Shang-I;Taiwan;222
Matsu (Nangan);Taiwan;222
Taitung City;Taiwan;222
Shuishang;Taiwan;222
Orchid Island;Taiwan;222
Matsu (Beigan);Taiwan;222
Matsumoto;Giappone;222
Shirahama;Giappone;222
Toyooka;Giappone;222
Obihiro;Giappone;222
Kushiro;Giappone;222
Ōzora;Giappone;222
Nakashibetsu;Giappone;222
Wakkanai;Giappone;222
Amakusa;Giappone;222
Iki;Giappone;222
Ube;Giappone;222
Tsushima;Giappone;222
Monbetsu;Giappone;222
Higashikagura;Giappone;222
Okushiri Island;Giappone;222
Rishiri;Giappone;222
Yakushima;Giappone;222
Goto;Giappone;222
Tanegashima;Giappone;222
Oita;Giappone;222
Amami;Giappone;222
Wadomari;Giappone;222
Kikai;Giappone;222
Amagi;Giappone;222
Okinoshima;Giappone;222
Toyama;Giappone;222
Wajima;Giappone;222
Izumo;Giappone;222
Yonago;Giappone;222
Iwakuni;Giappone;222
Tottori;Giappone;222
Masuda;Giappone;222
Higashine;Giappone;222
Sado;Giappone;222
Sukagawa;Giappone;222
Hanamaki;Giappone;222
Akita;Giappone;222
Misawa;Giappone;222
Kitaakita;Giappone;222
Shonai;Giappone;222
Hachijojima;Giappone;222
Izu Oshima;Giappone;222
Miyakejima;Giappone;222
Gwangju;Corea del Sud;222
Gunsan;Corea del Sud;222
Yeosu;Corea del Sud;222
Wonju;Corea del Sud;222
Sacheon;Corea del Sud;222
Ulsan;Corea del Sud;222
Pohang;Corea del Sud;222
Ishigaki;Giappone;222
Kumejima;Giappone;222
Minamidaito;Giappone;222
Miyakojima;Giappone;222
Kitadaitōjima;Giappone;222
Tarama;Giappone;222
Yoron;Giappone;222
Yonaguni;Giappone;222
Datu Odin Sinsuat;Filippine;222
Butuan;Filippine;222
Dipolog;Filippine;222
Mambajao;Filippine;222
Jolo;Filippine;222
Bongao;Filippine;222
Ozamiz;Filippine;222
Pagadian;Filippine;222
Surigao City;Filippine;222
Panglao;Filippine;222
Baguio;Filippine;222
Naga;Filippine;222
Basco;Filippine;222
Tuguegarao City;Filippine;222
Virac;Filippine;222
Cauayan City;Filippine;222
Tacloban City;Filippine;222
Calbayog City;Filippine;222
Dumaguete City;Filippine;222
Caticlan;Filippine;222
Catarman;Filippine;222
Masbate;Filippine;222
Roxas City;Filippine;222
Tablas Island;Filippine;222
Coron;Filippine;222
Yeysk;Russia;222
Parana;Argentina;222
San Rafael;Argentina;222
Catamarca;Argentina;222
Santiago del Estero;Argentina;222
La Rioja;Argentina;222
Termas de Río Hondo;Argentina;222
San Luis;Argentina;222
Corrientes;Argentina;222
Formosa;Argentina;222
Puerto Iguazu;Argentina;222
Posadas;Argentina;222
Esquel;Argentina;222
Las Heras;Argentina;222
Rawson;Argentina;222
Viedma / Carmen de Patagones;Argentina;222
Puerto Madryn;Argentina;222
Puerto Deseado;Argentina;222
Rio Grande;Argentina;222
Ushuaia;Argentina;222
Perito Moreno;Argentina;222
Bahía Blanca;Argentina;222
Santa Teresita;Argentina;222
Mar del Plata;Argentina;222
Necochea;Argentina;222
Chapelco/San Martin de los Andes;Argentina;222
Bauru;Brasile;222
Araraquara;Brasile;222
Aracaju;Brasile;222
Alta Floresta;Brasile;222
Araçatuba;Brasile;222
Araxá;Brasile;222
Cascavel;Brasile;222
Campo Grande;Brasile;222
Chapecó;Brasile;222
Parauapebas;Brasile;222
Criciúma;Brasile;222
Campos dos Goytacazes;Brasile;222
Corumbá;Brasile;222
Caxias Do Sul;Brasile;222
Cruzeiro Do Sul;Brasile;222
Presidente Prudente;Brasile;222
Fernando de Noronha;Brasile;222
Governador Valadares;Brasile;222
Altamira;Brasile;222
Itaituba;Brasile;222
Ilhéus;Brasile;222
Ipatinga;Brasile;222
Imperatriz;Brasile;222
Cruz;Brasile;222
Juiz de Fora;Brasile;222
Joinville;Brasile;222
Campina Grande;Brasile;222
Lages;Brasile;222
Londrina;Brasile;222
Marabá;Brasile;222
Maringá;Brasile;222
Montes Claros;Brasile;222
Marília;Brasile;222
Macapá;Brasile;222
Mossoró;Brasile;222
Manicoré;Brasile;222
Santo Ângelo;Brasile;222
Parnaíba;Brasile;222
Passo Fundo;Brasile;222
Ponta Grossa;Brasile;222
Palmas;Brasile;222
Pelotas;Brasile;222
Petrolina;Brasile;222
Ponta Porã;Brasile;222
Rondonópolis;Brasile;222
Ribeirão Preto;Brasile;222
São José Dos Campos;Brasile;222
Santarém;Brasile;222
São José do Rio Preto;Brasile;222
Oriximiná;Brasile;222
Teresina;Brasile;222
Tefé;Brasile;222
Tabatinga;Brasile;222
Tucuruí;Brasile;222
São Gabriel da Cachoeira;Brasile;222
Paulo Afonso;Brasile;222
Uruguaiana;Brasile;222
Uberlândia;Brasile;222
Uberaba;Brasile;222
Vilhena;Brasile;222
Arica;Cile;222
Copiapo;Cile;222
Balmaceda;Cile;222
Calama;Cile;222
El Salvador;Cile;222
Osorno;Cile;222
Puerto Natales;Cile;222
La Serena-Coquimbo;Cile;222
Valdivia;Cile;222
Feira de Santana;Brasile;222
Coca;Ecuador;222
Cuenca;Ecuador;222
Isla Baltra;Ecuador;222
Latacunga;Ecuador;222
Macas;Ecuador;222
Manta;Ecuador;222
Tulcán;Ecuador;222
Armenia;Colombia;222
Puerto Asís;Colombia;222
Bucaramanga;Colombia;222
Bahía Solano;Colombia;222
Buenaventura;Colombia;222
Cúcuta;Colombia;222
Tumaco;Colombia;222
Barrancabermeja;Colombia;222
Florencia;Colombia;222
Guapi;Colombia;222
Ibagué;Colombia;222
Ipiales;Colombia;222
Carepa;Colombia;222
Leticia;Colombia;222
Montería;Colombia;222
Mitú;Colombia;222
Manizales;Colombia;222
Neiva;Colombia;222
Puerto Carreño;Colombia;222
Puerto Inírida;Colombia;222
Pereira;Colombia;222
Popayán;Colombia;222
Chachagüí;Colombia;222
Providencia;Colombia;222
Riohacha;Colombia;222
San José Del Guaviare;Colombia;222
San Vicente Del Caguán;Colombia;222
Tame;Colombia;222
Arauca;Colombia;222
Quibdó;Colombia;222
Valledupar;Colombia;222
Villavicencio;Colombia;222
Yopal;Colombia;222
Cobija;Bolivia;222
Guayaramerín;Bolivia;222
Puerto Suárez;Bolivia;222
Riberalta;Bolivia;222
Tarija;Bolivia;222
Sobral;Brasile;222
Maripasoula;Guiana Francese;222
Saint-Laurent-du-Maroni;Guiana Francese;222
Chimbote;Perù;222
Ayacucho;Perù;222
Jaén;Perù;222
Jauja;Perù;222
Cajamarca;Perù;222
Ilo;Perù;222
Tumbes;Perù;222
Yurimaguas;Perù;222
Huánuco;Perù;222
Chachapoyas;Perù;222
Tarapoto;Perù;222
Tacna;Perù;222
Puerto Maldonado;Perù;222
Piura;Perù;222
Talara;Perù;222
Nazca;Perù;222
Punta del Este;Uruguay;222
Rivera/Santana do Livramento;Uruguay;222
Barinas;Venezuela;222
Canaima;Venezuela;222
Carúpano;Venezuela;222
Coro;Venezuela;222
Cumaná;Venezuela;222
Paraguaná;Venezuela;222
Maturín;Venezuela;222
San Antonio del Tachira;Venezuela;222
Santa Elena de Uairén;Venezuela;222
El Tigre;Venezuela;222
El Vigía;Venezuela;222
Valera;Venezuela;222
Araguaína;Brasile;222
Ogle;Guyana;222
Kaieteur Falls;Guyana;222
Lethem;Guyana;222
Canefield;Dominica;222
Marigot;Dominica;222
Grand Case;Saint-Martin;222
Gustavia;Saint-Barthélemy;222
Grand-Bourg;Guadalupa;222
Christiansted;Isole Vergini Americane;222
Aguadilla;Porto Rico;222
Culebra;Porto Rico;222
Mayaguez;Porto Rico;222
Ponce;Porto Rico;222
Ceiba;Porto Rico;222
Vieques;Porto Rico;222
Castries;Santa Lucia;222
Zion's Hill;Paesi Bassi Caraibici;222
The Valley;Anguilla;222
Spanish Town;Isole Vergini Britanniche;222
Bequia;Saint Vincent e Grenadine;222
Canouan;Saint Vincent e Grenadine;222
Lovell;Saint Vincent e Grenadine;222
Union Island;Saint Vincent e Grenadine;222
Balkhash;Kazakistan;222
Taldykorgan;Kazakistan;222
Karakol;Kirghizistan;222
Gabala;Azerbaigian;222
Lachin;Azerbaigian;222
Neryungri;Russia;222
Khonuu;Russia;222
Olyokminsk;Russia;222
Ust-Nera;Russia;222
Vilyuisk;Russia;222
Lensk;Russia;222
Yakutia;Russia;222
Mirny;Russia;222
Saskylakh;Russia;222
Srednekolymsk;Russia;222
Chokurdah;Russia;222
Cherskiy;Russia;222
Tiksi;Russia;222
Zyryanka;Russia;222
Zhigansk;Russia;222
Kihihi;Uganda;222
Sukhumi;Georgia;222
Blagoveschensk;Russia;222
Khabarovsk;Russia;222
Komsomolsk-on-Amur;Russia;222
Anadyr;Russia;222
Keperveem;Russia;222
Magadan;Russia;222
Apapelgino;Russia;222
Nikolayevsk-na-Amure Airport;Russia;222
Okhotsk;Russia;222
Bratsk;Russia;222
Ust-Kut;Russia;222
Mariupol;Ucraina;222
Dnipro;Ucraina;222
Kryvyi Rih;Ucraina;222
Ivano-Frankivsk;Ucraina;222
Chernivtsi;Ucraina;222
Rivne;Ucraina;222
Kherson;Ucraina;222
Archangelsk;Russia;222
Naryan Mar;Russia;222
Amderma;Russia;222
Kotlas;Russia;222
Pskov;Russia;222
Petrozavodsk;Russia;222
Cherepovets;Russia;222
Velikiy Ustyug;Russia;222
Gomel;Bielorussia;222
Mogilev;Bielorussia;222
Yeniseysk;Russia;222
Severo-Yeniseysk;Russia;222
Vanavara;Russia;222
Kyzyl;Russia;222
Novokuznetsk;Russia;222
Khatanga;Russia;222
Igarka;Russia;222
Krasnyi Kurgan;Russia;222
Gelendzhik;Russia;222
Nalchik;Russia;222
Beslan;Russia;222
Sunzha;Russia;222
Stavropol;Russia;222
Taganrog;Russia;222
Elista;Russia;222
Sabetta;Russia;222
Bovanenkovo;Russia;222
Salekhard;Russia;222
Khanty-Mansiysk;Russia;222
Nyagan;Russia;222
Sovetskiy;Russia;222
Uray;Russia;222
Izhevsk;Russia;222
Kirov;Russia;222
Nadym;Russia;222
Novy Urengoy;Russia;222
Kogalym;Russia;222
Nefteyugansk;Russia;222
Noyabrsk;Russia;222
Tobolsk;Russia;222
Kurgan;Russia;222
Turkmenbaşy;Turkmenistan;222
Mary;Turkmenistan;222
Andijan;Uzbekistan;222
Fergana;Uzbekistan;222
Navoi;Uzbekistan;222
Termez;Uzbekistan;222
Zomin;Uzbekistan;222
Kostroma;Russia;222
Ivanovo;Russia;222
Rybinsk;Russia;222
Bryansk;Russia;222
Belgorod;Russia;222
Kursk;Russia;222
Lipetsk;Russia;222
Voronezh;Russia;222
Ukhta;Russia;222
Pechora;Russia;222
Usinsk;Russia;222
Vorkuta;Russia;222
Syktyvkar;Russia;222
Bugulma;Russia;222
Nizhnekamsk;Russia;222
Cheboksary;Russia;222
Ulyanovsk;Russia;222
Cherdakly;Russia;222
Orenburg;Russia;222
Orsk;Russia;222
Penza;Russia;222
Balakovo;Russia;222
Rewa;India;222
Gondia;India;222
Aurangabad;India;222
Bhuj;India;222
Belgaum;India;222
Bhavnagar;India;222
Hubballi;India;222
Jabalpur;India;222
Jamnagar;India;222
Kandla;India;222
Khajuraho;India;222
Kolhapur;India;222
Keshod;India;222
Latur;India;222
Nanded;India;222
Porbandar;India;222
Raipur;India;222
Udaipur;India;222
Batticaloa;Sri Lanka;222
Galle;Sri Lanka;222
Trincomalee;Sri Lanka;222
Battambang;Cambogia;222
Agartala;India;222
Shillong;India;222
Bilaspur;India;222
Durgapur;India;222
Darbhanga;India;222
Gorakhpur;India;222
Gaya;India;222
Jorhat;India;222
Silchar;India;222
Aizawl (Lengpui);India;222
Lilabari;India;222
Dibrugarh;India;222
Dimapur;India;222
Patna;India;222
Ranchi;India;222
Bhawanipatna;India;222
Barisal;Bangladesh;222
Cox's Bazar;Bangladesh;222
Jashore (Jessore);Bangladesh;222
Rajshahi;Bangladesh;222
Saidpur;Bangladesh;222
Agra;India;222
Allahabad;India;222
Bhuntar;India;222
Bareilly;India;222
Kanpur;India;222
Dehradun (Jauligrant);India;222
Kangra;India;222
Gwalior;India;222
Jodhpur;India;222
Jammu;India;222
Ajmer (Kishangarh);India;222
Leh;India;222
Moradabad;India;222
Pathankot;India;222
Pantnagar;India;222
Janakpur;Nepal;222
Lukla;Nepal;222
Nepalgunj;Nepal;222
Taplejung;Nepal;222
Biratnagar;Nepal;222
Agatti;India;222
Kadapa;India;222
Orvakal;India;222
Madurai;India;222
Mysore;India;222
Puducherry (Pondicherry);India;222
Madhurapudi;India;222
Kadhdhoo;Maldive;222
Huvadhu Atoll;Maldive;222
Maamigili;Maldive;222
Laem Ngop;Thailandia;222
Mae Hong Son;Thailandia;222
Hua Hin;Thailandia;222
Phitsanulok;Thailandia;222
Surat Thani;Thailandia;222
Chumphon;Thailandia;222
Nakhon Si Thammarat;Thailandia;222
Ranong;Thailandia;222
Trang;Thailandia;222
Surin;Thailandia;222
Khon Kaen;Thailandia;222
Buriram;Thailandia;222
Ubon Ratchathani;Thailandia;222
Roi Et;Thailandia;222
Nakhon Phanom;Thailandia;222
Buon Ma Thuot;Vietnam;222
Ca Mau City;Vietnam;222
Con Dao;Vietnam;222
Dien Bien Phu;Vietnam;222
Dong Hoi;Vietnam;222
Da Lat;Vietnam;222
Huế;Vietnam;222
Quy Nohn;Vietnam;222
Pleiku;Vietnam;222
Rach Gia;Vietnam;222
Tuy Hoa;Vietnam;222
Van Don;Vietnam;222
Vinh;Vietnam;222
Dawei;Myanmar;222
Heho;Myanmar;222
Kengtung;Myanmar;222
Kyaukpyu;Myanmar;222
Kawthoung;Myanmar;222
Loikaw;Myanmar;222
Lashio;Myanmar;222
Mkeik;Myanmar;222
Myitkyina;Myanmar;222
Mong Hsat;Myanmar;222
Putao;Myanmar;222
Sittwe;Myanmar;222
Thandwe;Myanmar;222
Tachileik;Myanmar;222
Biak;Indonesia;222
Timika;Indonesia;222
Bima;Indonesia;222
Ternate;Indonesia;222
Toraja;Indonesia;222
Palu;Indonesia;222
Palangkaraya;Indonesia;222
Cilacap;Indonesia;222
Oksibil;Indonesia;222
Merauke;Indonesia;222
Tanah Merah;Indonesia;222
Tarakan;Indonesia;222
Samarinda;Indonesia;222
Tabukan Utara, Sangihe Islands;Indonesia;222
Tanta-Tabalong;Indonesia;222
Langgur;Indonesia;222
Namniwel;Indonesia;222
Tanjung Redeb - Borneo Island;Indonesia;222
Malang;Indonesia;222
Fakfak;Indonesia;222
Kaimana;Indonesia;222
Manokwari;Indonesia;222
Sorong;Indonesia;222
Kupang;Indonesia;222
Wamena;Indonesia;222
Wangi-wangi Island;Indonesia;222
Kolaka;Indonesia;222
Bintulu;Malaysia;222
Limbang;Malaysia;222
Mukah;Malaysia;222
Marudi;Malaysia;222
Miri;Malaysia;222
Sibu;Malaysia;222
Bario;Malaysia;222
Lahad Datu;Malaysia;222
Labuan;Malaysia;222
Sandakan;Malaysia;222
Tawau;Malaysia;222
Mulu;Malaysia;222
Pekanbaru;Indonesia;222
Dumai;Indonesia;222
Kertajati;Indonesia;222
Bandung;Indonesia;222
Tanjung Pinang-Bintan Island;Indonesia;222
Bandar Lampung;Indonesia;222
Gunungsitoli;Indonesia;222
Sibolga (Pinangsori);Indonesia;222
Kutacane;Indonesia;222
Nanga Pinoh-Borneo Island;Indonesia;222
Ketapang;Indonesia;222
Ranai-Natuna Besar Island;Indonesia;222
Putussibau-Borneo Island;Indonesia;222
Sintang;Indonesia;222
Pangkal Pinang;Indonesia;222
Bengkulu;Indonesia;222
Palembang;Indonesia;222
Talang Gudang-Sumatra Island;Indonesia;222
Kuala Pesisir;Indonesia;222
Takengon;Indonesia;222
Tioman Island;Malaysia;222
Alor Satar;Malaysia;222
Kota Baharu;Malaysia;222
Kuantan;Malaysia;222
Malacca;Malaysia;222
Kuala Terengganu;Malaysia;222
Suai;Timor Est;222
Baucau;Timor Est;222
Seletar;Singapore;222
Armidale;Australia;222
Yulara;Australia;222
Barcaldine;Australia;222
Alice Springs;Australia;222
Blackall;Australia;222
Charleville;Australia;222
Broken Hill;Australia;222
Hamilton Island;Australia;222
Bedourie;Australia;222
Mount Isa;Australia;222
Mackay;Australia;222
Ballina;Australia;222
Proserpine;Australia;222
Rockhampton;Australia;222
Bathurst;Australia;222
Townsville;Australia;222
Bundaberg;Australia;222
Weipa;Australia;222
Carnarvon;Australia;222
Coober Pedy;Australia;222
Cloncurry;Australia;222
Coffs Harbour;Australia;222
Coen;Australia;222
Cooma;Australia;222
Devonport;Australia;222
Elcho Island;Australia;222
Emerald;Australia;222
Esperance;Australia;222
Moonyoonooka;Australia;222
Gladstone;Australia;222
Groote Eylandt;Australia;222
Griffith;Australia;222
Hervey Bay;Australia;222
Horn;Australia;222
Mount Hotham;Australia;222
Kowanyama;Australia;222
Leonora;Australia;222
Lockhart River;Australia;222
Lismore;Australia;222
Longreach;Australia;222
East Albury;Australia;222
Essendon Fields;Australia;222
Merimbula;Australia;222
Maningrida;Australia;222
Mildura;Australia;222
Launceston (Western Junction);Australia;222
Moree;Australia;222
Moranbah;Australia;222
Moruya;Australia;222
Mount Gambier;Australia;222
Narrandera;Australia;222
Narrabri;Australia;222
Normanton;Australia;222
Newman;Australia;222
Paraburdoo;Australia;222
Nhulunbuy;Australia;222
Karratha;Australia;222
Broadwood;Australia;222
Parkes;Australia;222
Kununurra;Australia;222
Port Lincoln;Australia;222
Exmouth;Australia;222
Port Macquarie;Australia;222
Flying Fish Cove;Isola di Natale;222
Roma;Australia;222
Canberra;Australia;222
Dubbo;Australia;222
Denham;Australia;222
Albion Park Rail;Australia;222
Milikapiti;Australia;222
Burnt Pine;Isola Norfolk;222
Tamworth;Australia;222
Forest Hill;Australia;222
Thargomindah;Australia;222
Biloela;Australia;222
Tennant Creek;Australia;222
Windorah;Australia;222
Whyalla;Australia;222
Burnie;Australia;222
Chengde;Cina;222
Chifeng;Cina;222
Qinhuangdao (Changli);Cina;222
Erenhot;Cina;222
Arxan;Cina;222
Handan;Cina;222
Holingol;Cina;222
Linfen (Yaodu);Cina;222
Lüliang;Cina;222
Manzhouli;Cina;222
Shuozhou;Cina;222
Tongliao;Cina;222
Ulanqab;Cina;222
Wuhai;Cina;222
Xilinhot;Cina;222
Bayannur;Cina;222
Zhangjiakou;Cina;222
Zhalantun;Cina;222
Beihai;Cina;222
Baise (Tianyang);Cina;222
Changde (Dingcheng);Cina;222
Huaihua;Cina;222
Chenzhou;Cina;222
Foshan (Nanhai);Cina;222
Hechi (Jinchengjiang);Cina;222
Huizhou (Pingtan);Cina;222
Yongzhou;Cina;222
Shaoyang (Wugang);Cina;222
Tangbu;Cina;222
Yulin;Cina;222
Yueyang (Yueyanglou);Cina;222
Liuzhou (Liujiang);Cina;222
Enshi (Enshi);Cina;222
Jingzhou (Shashi);Cina;222
Shennongjia (Hongping);Cina;222
Shiyan (Maojian);Cina;222
Xiangyang (Xiangzhou);Cina;222
Xinyang;Cina;222
Yichang (Xiaoting);Cina;222
Qionghai (Basuo);Cina;222
Hoemun-ri;Corea del Nord;222
Sŏndŏng-ni;Corea del Nord;222
Wonsan;Corea del Nord;222
Delingha;Cina;222
Golog (Maqên);Cina;222
Golmud;Cina;222
Guyuan (Yuanzhou);Cina;222
Mengnai;Cina;222
Hanzhong (Chenggu);Cina;222
Jinchang;Cina;222
Longnan (Cheng);Cina;222
Qingyang (Xifeng);Cina;222
Tianshui (Maiji);Cina;222
Gannan (Xiahe);Cina;222
Yan'an (Baota);Cina;222
Yushu (Batang);Cina;222
Zhongwei (Shapotou);Cina;222
Zhangye (Ganzhou);Cina;222
Arvaikheer;Mongolia;222
Altai;Mongolia;222
Bayankhongor;Mongolia;222
Bulgan;Mongolia;222
Dalanzadgad;Mongolia;222
Khovd;Mongolia;222
Mörön;Mongolia;222
Ulaangom;Mongolia;222
Ölgii;Mongolia;222
Baoshan (Longyang);Cina;222
Lincang (Cangyuan);Cina;222
Dali (Xiaguan);Cina;222
Diqing (Shangri-La);Cina;222
Pu'er (Lancang);Cina;222
Lincang;Cina;222
Dehong (Mangshi);Cina;222
Anqing;Cina;222
Changzhou;Cina;222
Dongying (Kenli);Cina;222
Yingzhou, Fuyang;Cina;222
Heze (Dingtao);Cina;222
Jingdezhen;Cina;222
Jining;Cina;222
Quzhou (Kezheng);Cina;222
Longyan (Liancheng);Cina;222
Taizhou (Luqiao);Cina;222
Linyi (Hedong);Cina;222
Nantong (Tongzhou);Cina;222
Rizhao (Donggang);Cina;222
Sanming (Sha);Cina;222
Shangrao (Hengfeng);Cina;222
Wuhu;Cina;222
Weifang (Kuiwen);Cina;222
Weihai;Cina;222
Wuyishan;Cina;222
Xuzhou;Cina;222
Yangzhou;Cina;222
Yichun;Cina;222
Shiquanhe;Cina;222
Anshun (Xixiu);Cina;222
Bangda;Cina;222
Bijie;Cina;222
Dazhou (Dachuan);Cina;222
Garzê (Daocheng);Cina;222
Guangyuan (Lizhou);Cina;222
Ngawa (Songpan);Cina;222
Garzê (Kangding);Cina;222
Kaili  (Huangping);Cina;222
Luzhou (Yunlong);Cina;222
Zunyi;Cina;222
Mianyang (Fucheng);Cina;222
Liping;Cina;222
Nyingchi (Mainling);Cina;222
Liupanshui (Zhongshan);Cina;222
Qianjiang;Cina;222
Baoshan (Tengchong);Cina;222
Tongren (Daxing);Cina;222
Wulong;Cina;222
Liangshan (Xichang);Cina;222
Yibin (Cuiping);Cina;222
Xingyi;Cina;222
Panzhihua (Renhe);Cina;222
Aksu (Onsu);Cina;222
Altay;Cina;222
Bole;Cina;222
Qiemo;Cina;222
Fuyun;Cina;222
Hami;Cina;222
Korla;Cina;222
Burqin;Cina;222
Xinyuan;Cina;222
Ruoqiang Town;Cina;222
Shache;Cina;222
Turpan;Cina;222
Hotan;Cina;222
Ili (Yining / Ghulja);Cina;222
Anshan;Cina;222
Baicheng;Cina;222
Baishan;Cina;222
Shuangta, Chaoyang;Cina;222
Dandong (Zhenxing);Cina;222
Heihe;Cina;222
Fuyuan;Cina;222
Jiagedaqi;Cina;222
Jiamusi;Cina;222
Jiansanjiang;Cina;222
Jixi;Cina;222
Jinzhou (Linghai);Cina;222
Mudanjiang;Cina;222
Mohe;Cina;222
Qian Gorlos Mongol Autonomous County;Cina;222
Tonghua;Cina;222
Yanji;Cina;222
Yingkou (Laobian);Cina;222
Key Largo;Stati Uniti;27
Queen Maud Island;Antartide;27
Zabrat;Azerbaigian;27
Benguera Island;Mozambico;27
Bezmer;Bulgaria;27
Bildudalur;Islanda;27
Húsavík;Islanda;27
Myvatn;Islanda;27
Siglufjörður;Islanda;27
Vestmannaeyjar;Islanda;27
Betong;Thailandia;27
Orsha;Bielorussia;27
Sartaneja;Belize;27
Bazaruto Island;Mozambico;27
Cache Creek;Canada;27
Hainan (Gonghe);Cina;27
Wuhan (Hannan);Cina;27
Burang Town;Cina;27
Zhaotong;Cina;27
La Grande-4;Canada;27
Cornwall;Canada;27
Huron Park;Canada;27
Miramichi;Canada;27
Cochrane;Canada;27
Chetwynd;Canada;27
Burwash Landing;Canada;27
Ross River;Canada;27
Dolbeau-Saint-Felicien;Canada;27
Dawson Creek;Canada;27
Elliot Lake;Canada;27
Sheguiandah;Canada;27
Estevan;Canada;27
Edson;Canada;27
Amos;Canada;27
Forestville;Canada;27
La Macaza;Canada;27
Fort Resolution;Canada;27
Gimli;Canada;27
Geraldton;Canada;27
Dryden;Canada;27
Hearst;Canada;27
Hornepayne;Canada;27
Haines Junction;Canada;27
Atikokan;Canada;27
Digby;Canada;27
Fort Liard;Canada;27
St Jean;Canada;27
Key Lake;Canada;27
Kincardine;Canada;27
Kirkland Lake;Canada;27
Kindersley;Canada;27
Chapleau;Canada;27
Meadow Lake;Canada;27
Leaf Rapids;Canada;27
Alert;Canada;27
Mayo;Canada;27
Matane;Canada;27
Manitouwadge;Canada;27
Moose Jaw;Canada;27
Charlevoix;Canada;27
Langley;Canada;27
Matagami;Canada;27
Ekati;Canada;27
Cold Lake;Canada;27
Oshawa;Canada;27
Rainbow Lake;Canada;27
Owen Sound;Canada;27
Port Hawkesbury;Canada;27
Portage la Prairie;Canada;27
Springbrook;Canada;27
Yarmouth;Canada;27
St Thomas;Canada;27
Yorkton;Canada;27
North Battleford;Canada;27
Rivière-du-Loup;Canada;27
Trois-Rivières;Canada;27
Revelstoke;Canada;27
Sherbrooke;Canada;27
Smiths Falls;Canada;27
Marathon;Canada;27
Slemon Park;Canada;27
Pembroke;Canada;27
Alma;Canada;27
Trenton;Canada;27
Vernon;Canada;27
Wrigley;Canada;27
Beaver Creek;Canada;27
Earlton;Canada;27
Wawa;Canada;27
Swift Current;Canada;27
Kapuskasing;Canada;27
Armstrong;Canada;27
Gore Bay;Canada;27
Slave Lake;Canada;27
Sarnia;Canada;27
Teslin;Canada;27
Greenwood;Canada;27
Salmon Arm;Canada;27
Delta;Canada;27
Bromont;Canada;27
Kelsey;Canada;27
Jenpeg;Canada;27
Swan River;Canada;27
Thicket Portage;Canada;27
Pikwitonei;Canada;27
Pincher Creek;Canada;27
Stewart;Canada;27
Ignace;Canada;27
Ouled Sidi Brahim;Algeria;27
Mecheria;Algeria;27
Hassi R'Mel;Algeria;27
Tiaret;Algeria;27
Tafraoui;Algeria;27
Ghriss;Algeria;27
Laghouat;Algeria;27
Minna;Nigeria;27
Zaria;Nigeria;27
Maradi;Niger;27
Tahoua;Niger;27
Agadez;Niger;27
El Borma;Tunisia;27
Wevelgem;Belgio;27
Nobitz;Germania;27
Trollenhagen;Germania;27
Hörselberg-Hainich;Germania;27
Burbach;Germania;27
Kiel;Germania;27
Bielefeld;Germania;27
Mönchengladbach;Germania;27
Augsburg;Germania;27
Weßling;Germania;27
Bindlach;Germania;27
Hof;Germania;27
Lahr/Schwarzwald;Germania;27
Braunschweig;Germania;27
Jämsä;Finlandia;27
Kitee;Finlandia;27
Kauhava;Finlandia;27
Kauhajoki;Finlandia;27
Mikkeli;Finlandia;27
Seinäjoki / Ilmajoki;Finlandia;27
Sodankyla;Finlandia;27
Utti / Valkeala;Finlandia;27
Varkaus / Joroinen;Finlandia;27
Ylivieska;Finlandia;27
Enniskillen, Fermanagh and Omagh;Regno Unito;27
Coventry, West Midlands;Regno Unito;27
Staverton, Gloucestershire;Regno Unito;27
Nottingham, Nottinghamshire;Regno Unito;27
Yeovil, Somerset;Regno Unito;27
Haverfordwest;Regno Unito;27
Swansea;Regno Unito;27
Brighton, East Sussex;Regno Unito;27
Farnborough, Hampshire;Regno Unito;27
Camberley, Surrey;Regno Unito;27
Romney Marsh, Kent;Regno Unito;27
Carlisle, Cumbria;Regno Unito;27
Blackpool;Regno Unito;27
Barrow-in-Furness;Regno Unito;27
Warton;Regno Unito;27
Broughton;Regno Unito;27
Angelsey;Regno Unito;27
Leuchars, Fife;Regno Unito;27
Lossiemouth, Moray;Regno Unito;27
Cambridge, Cambridgeshire;Regno Unito;27
Kidlington, Oxfordshire;Regno Unito;27
Wallingford, Oxfordshire;Regno Unito;27
Brandon, Suffolk;Regno Unito;27
Bury Saint Edmunds, Suffolk;Regno Unito;27
Fairford, Gloucestershire;Regno Unito;27
Carterton, Oxfordshire;Regno Unito;27
Hook, Hampshire;Regno Unito;27
Northolt, Greater London;Regno Unito;27
Lincoln, Lincolnshire;Regno Unito;27
King's Lynn, Norfolk;Regno Unito;27
Rijen;Paesi Bassi;27
Den Helder;Paesi Bassi;27
Lelystad;Paesi Bassi;27
Leeuwarden;Paesi Bassi;27
Enschede;Paesi Bassi;27
Uden;Paesi Bassi;27
Hoogerheide;Paesi Bassi;27
Sligo;Irlanda;27
Waterford;Irlanda;27
Rødby;Danimarca;27
Sindal;Danimarca;27
Vojens;Danimarca;27
Skive;Danimarca;27
Thisted;Danimarca;27
Skjern;Danimarca;27
Notodden;Norvegia;27
Skövde;Svezia;27
Karlskoga;Svezia;27
Kristianstad;Svezia;27
Söderhamn;Svezia;27
Gävle / Sandviken;Svezia;27
Eskilstuna;Svezia;27
Storuman;Svezia;27
Trier;Germania;27
Ramstein-Miesenbach;Germania;27
Fritzlar;Germania;27
Geilenkirchen;Germania;27
Jagel;Germania;27
Wiesbaden;Germania;27
Manching;Germania;27
Panevėžys;Lituania;27
Šiauliai;Lituania;27
Alexander Bay;Sudafrica;27
Aggeneys;Sudafrica;27
Bisho;Sudafrica;27
Ficksburg;Sudafrica;27
Midrand;Sudafrica;27
Harrismith;Sudafrica;27
Klerksdorp;Sudafrica;27
Kuruman;Sudafrica;27
Kleinsee;Sudafrica;27
Lime Acres;Sudafrica;27
Langebaanweg;Sudafrica;27
Ladysmith;Sudafrica;27
Malamala;Sudafrica;27
Newcastle;Sudafrica;27
Oudtshoorn;Sudafrica;27
Plettenberg Bay;Sudafrica;27
Port St Johns;Sudafrica;27
Pilanesberg;Sudafrica;27
Potchefstroom;Sudafrica;27
Robertson;Sudafrica;27
Springbok;Sudafrica;27
Secunda;Sudafrica;27
Tzaneen;Sudafrica;27
Ulundi;Sudafrica;27
Vyrburg;Sudafrica;27
Vredendal;Sudafrica;27
Pretoria;Sudafrica;27
Jwaneng;Botswana;27
Sowa;Botswana;27
Selebi Phikwe;Botswana;27
Oyo;Congo;27
Owando;Congo;27
Dolisie;Congo;27
Manzini;Eswatini;27
Berbérati;Repubblica Centrafricana;27
Diego Garcia;Territorio Britannico dell'Oceano Indiano;27
Tiko;Camerun;27
Foumban;Camerun;27
Bafoussam;Camerun;27
Bamenda;Camerun;27
Chingola;Zambia;27
Mongu;Zambia;27
Kitwe;Zambia;27
Fomboni;Comore;27
Miandrivazo;Madagascar;27
Mananara Nord;Madagascar;27
Antsirabe;Madagascar;27
Analalava;Madagascar;27
Vohemar;Madagascar;27
Antsohihy;Madagascar;27
Fianarantsoa;Madagascar;27
Manakara;Madagascar;27
Morombe;Madagascar;27
Benguela;Angola;27
Kuito;Angola;27
Port Amboim;Angola;27
Saurimo;Angola;27
Sumbe;Angola;27
Luena;Angola;27
Uige;Angola;27
Xangongo;Angola;27
Koulamoutou;Gabon;27
Mouila;Gabon;27
Okondja;Gabon;27
Lambarene;Gabon;27
Bitam;Gabon;27
Omboue;Gabon;27
Mueda;Mozambico;27
Mocímboa da Praia;Mozambico;27
Moundou;Ciad;27
Faya-Largeau;Ciad;27
Chiredzi;Zimbabwe;27
Masvingo;Zimbabwe;27
Gweru;Zimbabwe;27
Gwayi River Farms;Zimbabwe;27
Dwangwa;Malawi;27
Karonga;Malawi;27
Mzuzu;Malawi;27
Arandis;Namibia;27
Grootfontein;Namibia;27
Keetmanshoop;Namibia;27
Tsumeb;Namibia;27
N'dolo;Repubblica Democratica del Congo;27
Lisala;Repubblica Democratica del Congo;27
Buta;Repubblica Democratica del Congo;27
Kamakombe;Repubblica Democratica del Congo;27
Bo;Sierra Leone;27
Kenema;Sierra Leone;27
Yengema;Sierra Leone;27
Bouarfa;Marocco;27
Meknes;Marocco;27
Kenitra;Marocco;27
Al Hoceima;Marocco;27
Kaolack;Senegal;27
Ouro Sogui;Senegal;27
Saint Louis;Senegal;27
Bakel;Senegal;27
Kédougou;Senegal;27
Tambacounda;Senegal;27
Atar;Mauritania;27
Debre Zeyit;Etiopia;27
Kismayo;Somalia;27
El Hassana;Egitto;27
El Jora;Egitto;27
Saint Catherine;Egitto;27
Massawa;Eritrea;27
Assab;Eritrea;27
Kitale;Kenya;27
Lokichogio;Kenya;27
Lodwar;Kenya;27
Nakuru;Kenya;27
Marsa al Brega;Libia;27
Gisenyi;Ruanda;27
Merowe;Sudan;27
Nduli;Tanzania;27
Lake Manyara National Park;Tanzania;27
Chake Chake;Tanzania;27
Chengdu (Jintang);Cina;27
Shimoga;India;27
Mesquite;Stati Uniti;27
Ada;Stati Uniti;27
Camp Springs;Stati Uniti;27
Alice;Stati Uniti;27
Alamogordo;Stati Uniti;27
Alton/St Louis;Stati Uniti;27
Anniston;Stati Uniti;27
Anderson;Stati Uniti;27
New Iberia;Stati Uniti;27
Astoria;Stati Uniti;27
Wausau;Stati Uniti;27
Beale Air Force Base;Stati Uniti;27
Bossier City;Stati Uniti;27
Westfield;Stati Uniti;27
Brady;Stati Uniti;27
Bryce Canyon;Stati Uniti;27
Boca Raton;Stati Uniti;27
Baudette;Stati Uniti;27
Fort Bliss/El Paso;Stati Uniti;27
Biloxi;Stati Uniti;27
Bemidji;Stati Uniti;27
Baker City;Stati Uniti;27
Aurora;Stati Uniti;27
Bluefield;Stati Uniti;27
Blythe;Stati Uniti;27
Bloomington;Stati Uniti;27
Burns;Stati Uniti;27
Big Piney;Stati Uniti;27
Mountain Home;Stati Uniti;27
Battle Creek;Stati Uniti;27
Beaver Falls;Stati Uniti;27
Beverly / Danvers;Stati Uniti;27
Bowling Green;Stati Uniti;27
Blytheville;Stati Uniti;27
Burley;Stati Uniti;27
Fort Irwin/Barstow;Stati Uniti;27
Caribou;Stati Uniti;27
Charles City;Stati Uniti;27
Childress;Stati Uniti;27
Chicopee;Stati Uniti;27
Crestview;Stati Uniti;27
Port Angeles;Stati Uniti;27
Chanute;Stati Uniti;27
Coeur d'Alene;Stati Uniti;27
Cocoa Beach;Stati Uniti;27
North Myrtle Beach;Stati Uniti;27
Crossville;Stati Uniti;27
Cut Bank;Stati Uniti;27
Corvallis;Stati Uniti;27
Carson City;Stati Uniti;27
Fort Belvoir;Stati Uniti;27
Daggett;Stati Uniti;27
Danville;Stati Uniti;27
Dalhart;Stati Uniti;27
Del Rio;Stati Uniti;27
Dallesport / The Dalles;Stati Uniti;27
Deming;Stati Uniti;27
Chicago/West Chicago;Stati Uniti;27
Mercury;Stati Uniti;27
DeRidder;Stati Uniti;27
Durant;Stati Uniti;27
Douglas Bisbee;Stati Uniti;27
Danbury;Stati Uniti;27
Elizabeth City;Stati Uniti;27
Edwards;Stati Uniti;27
Needles;Stati Uniti;27
Keene;Stati Uniti;27
Eureka;Stati Uniti;27
Elkins;Stati Uniti;27
Ely;Stati Uniti;27
Enid;Stati Uniti;27
Wendover;Stati Uniti;27
Kenosha;Stati Uniti;27
Evanston;Stati Uniti;27
Newport News (Fort Eustis);Stati Uniti;27
Fort Bragg;Stati Uniti;27
Fort Carson;Stati Uniti;27
Findlay;Stati Uniti;27
Fort Huachuca / Sierra Vista;Stati Uniti;27
Franklin;Stati Uniti;27
Fort Meade(Odenton);Stati Uniti;27
Farmington;Stati Uniti;27
Loveland;Stati Uniti;27
Topeka;Stati Uniti;27
Fort Pierce;Stati Uniti;27
East Farmingdale;Stati Uniti;27
Fort Riley (Junction City);Stati Uniti;27
Fort Sill;Stati Uniti;27
Fort Stockton;Stati Uniti;27
Fort Knox;Stati Uniti;27
Glens Falls;Stati Uniti;27
Goodland;Stati Uniti;27
Galveston;Stati Uniti;27
Groton;Stati Uniti;27
Fort Lewis/Tacoma;Stati Uniti;27
Goldsboro;Stati Uniti;27
Peru;Stati Uniti;27
Guymon;Stati Uniti;27
Denison;Stati Uniti;27
Hattiesburg;Stati Uniti;27
Hobart;Stati Uniti;27
Manassas;Stati Uniti;27
Hickory;Stati Uniti;27
Wheeling;Stati Uniti;27
Huron;Stati Uniti;27
Fort Campbell;Stati Uniti;27
Hoquiam;Stati Uniti;27
Homestead;Stati Uniti;27
Redstone Arsnl Huntsville;Stati Uniti;27
Terre Haute;Stati Uniti;27
Houlton;Stati Uniti;27
Hutchinson;Stati Uniti;27
Hollywood;Stati Uniti;27
Hayward;Stati Uniti;27
Ashtabula;Stati Uniti;27
Bullhead City;Stati Uniti;27
Kingman;Stati Uniti;27
Kankakee;Stati Uniti;27
Wink;Stati Uniti;27
Winston Salem;Stati Uniti;27
Winslow;Stati Uniti;27
Kinston;Stati Uniti;27
Junction;Stati Uniti;27
Kelso;Stati Uniti;27
Lamar;Stati Uniti;27
Lumberton;Stati Uniti;27
Angleton;Stati Uniti;27
Leesburg;Stati Uniti;27
Hampton;Stati Uniti;27
Lufkin;Stati Uniti;27
Logan;Stati Uniti;27
Klamath Falls;Stati Uniti;27
Lander;Stati Uniti;27
Lovelock;Stati Uniti;27
Fort Benning;Stati Uniti;27
Altus;Stati Uniti;27
Glendale;Stati Uniti;27
Livingston;Stati Uniti;27
Lawrence;Stati Uniti;27
Lewistown;Stati Uniti;27
Mobridge;Stati Uniti;27
McComb;Stati Uniti;27
Murphysboro;Stati Uniti;27
Mansfield;Stati Uniti;27
Marietta;Stati Uniti;27
Mojave;Stati Uniti;27
Muncie;Stati Uniti;27
Millville;Stati Uniti;27
Mc Alester;Stati Uniti;27
Miles City;Stati Uniti;27
Eastover;Stati Uniti;27
Morristown;Stati Uniti;27
Modesto;Stati Uniti;27
Barre/Montpelier;Stati Uniti;27
Smyrna;Stati Uniti;27
Martinsburg;Stati Uniti;27
Mount Clemens;Stati Uniti;27
Fort Indiantown Gap(Annville);Stati Uniti;27
Moses Lake;Stati Uniti;27
Marysville;Stati Uniti;27
Lakehurst;Stati Uniti;27
Fallon;Stati Uniti;27
Patuxent River;Stati Uniti;27
El Centro;Stati Uniti;27
Lemoore;Stati Uniti;27
Millington;Stati Uniti;27
Kingsville;Stati Uniti;27
Milton;Stati Uniti;27
Point Mugu;Stati Uniti;27
Virginia Beach;Stati Uniti;27
Mountain View;Stati Uniti;27
Oak Harbor;Stati Uniti;27
Quantico;Stati Uniti;27
Orangeburg;Stati Uniti;27
Oceanside;Stati Uniti;27
Nogales;Stati Uniti;27
Oregon;Stati Uniti;27
North Kingstown;Stati Uniti;27
Oshkosh;Stati Uniti;27
Ottumwa;Stati Uniti;27
Norwood;Stati Uniti;27
Oxnard;Stati Uniti;27
Fort Rucker/Ozark;Stati Uniti;27
Panama City;Stati Uniti;27
Palo Alto;Stati Uniti;27
Pine Bluff;Stati Uniti;27
Palmdale;Stati Uniti;27
Pinedale;Stati Uniti;27
Ponca City;Stati Uniti;27
Fort Polk;Stati Uniti;27
Poughkeepsie;Stati Uniti;27
Paso Robles;Stati Uniti;27
Pontiac;Stati Uniti;27
Chicago/Prospect Heights/Wheeling;Stati Uniti;27
Bremerton;Stati Uniti;27
Riverside;Stati Uniti;27
Red Bluff;Stati Uniti;27
Reading;Stati Uniti;27
Rifle;Stati Uniti;27
Universal City;Stati Uniti;27
New Richmond;Stati Uniti;27
Russell;Stati Uniti;27
Redwood Falls;Stati Uniti;27
Rocky Mount;Stati Uniti;27
Rawlins;Stati Uniti;27
Schenectady;Stati Uniti;27
Somerset;Stati Uniti;27
Santa Monica;Stati Uniti;27
Salinas;Stati Uniti;27
Alto;Stati Uniti;27
Sumter;Stati Uniti;27
St Simons Island;Stati Uniti;27
St Joseph;Stati Uniti;27
Saint Paul;Stati Uniti;27
Fairfield;Stati Uniti;27
Knob Noster;Stati Uniti;27
Tucumcari;Stati Uniti;27
Tuscaloosa;Stati Uniti;27
Truth or Consequences;Stati Uniti;27
Titusville;Stati Uniti;27
Troy;Stati Uniti;27
Tonopah;Stati Uniti;27
Temple;Stati Uniti;27
South Lake Tahoe;Stati Uniti;27
Ukiah;Stati Uniti;27
Oxford;Stati Uniti;27
Lompoc;Stati Uniti;27
Visalia;Stati Uniti;27
Van Nuys;Stati Uniti;27
Camp Douglas;Stati Uniti;27
Valentine;Stati Uniti;27
Winnemucca;Stati Uniti;27
Warner Robins;Stati Uniti;27
Wrightstown;Stati Uniti;27
Worland;Stati Uniti;27
Wildwood;Stati Uniti;27
Woodward;Stati Uniti;27
Kiwayu;Kenya;27
Yankton;Stati Uniti;27
Youngstown/Warren;Stati Uniti;27
Zanesville;Stati Uniti;27
Kukës;Albania;27
Gorna Oryahovitsa;Bulgaria;27
Akrotiri;Cipro;27
Albacete;Spagna;27
Córdoba;Spagna;27
Burgos;Spagna;27
Logroño;Spagna;27
Morón;Spagna;27
Ciudad Real;Spagna;27
Rota;Spagna;27
Teruel;Spagna;27
Calais;Francia;27
Le Touquet-Paris-Plage;Francia;27
Agen;Francia;27
Cognac/Châteaubernard;Francia;27
Lépaud, Creuse;Francia;27
Niort/Souché;Francia;27
Angoulême;Francia;27
Périgueux/Bassillac;Francia;27
Cahors;Francia;27
Albi;Francia;27
Royan/Médis;Francia;27
Rochefort/Saint-Agnant;Francia;27
Colmar;Francia;27
Lanas, Ardèche;Francia;27
Angers;Francia;27
Solenzara;Francia;27
Auxerre;Francia;27
Bourges;Francia;27
L'Hôpital-le-Mercier, Saône-et-Loire;Francia;27
Saint-Léger-sur-Roanne;Francia;27
Chabeuil, Drôme;Francia;27
Charmeil, Allier;Francia;27
Châteauroux;Francia;27
Chassieu, Lyon;Francia;27
Cannes;Francia;27
Andrézieux-Bouthéon, Loire;Francia;27
Le Castellet, Var;Francia;27
Mende/Brénoux;Francia;27
Fauville, Eure;Francia;27
Le Havre;Francia;27
Boos;Francia;27
Laval, Mayenne;Francia;27
Creil;Francia;27
Toussus-le-Noble, Yvelines;Francia;27
Cormeilles-en-Vexin, Val-d'Oise;Francia;27
Vélizy-Villacoublay, Yvelines;Francia;27
Marzy, Nièvre;Francia;27
Merville, Nord;Francia;27
Cherbourg;Francia;27
La Baule-Escoublac;Francia;27
Bréville-sur-Mer, Manche;Francia;27
La Roche-sur-Yon;Francia;27
Landivisiau;Francia;27
Lannion;Francia;27
Quimper/Pluguffan;Francia;27
Trémuson, Côtes-d'Armor;Francia;27
Morlaix/Ploujean;Francia;27
Vannes/Meucon;Francia;27
Épinal;Francia;27
Tomblaine, Meurthe-et-Moselle;Francia;27
Andravida;Grecia;27
Grottaglie;Italia;27
Galatina (LE);Italia;27
Decimomannu;Italia;27
Saint-Christophe (AO);Italia;27
Aviano (PN);Italia;27
Grosseto (GR);Italia;27
Sečovlje;Slovenia;27
Uherské Hradiště;Repubblica Ceca;27
Přerov;Repubblica Ceca;27
Vodochody;Repubblica Ceca;27
Rosh Pina;Israele;27
Masada;Israele;27
Beersheba;Israele;27
Beja;Portogallo;27
Caransebeş;Romania;27
Mihail Kogălniceanu;Romania;27
Sion;Svizzera;27
Emmen;Svizzera;27
Payerne;Svizzera;27
Samedan;Svizzera;27
Sarıçam;Turchia;27
Afyonkarahisar;Turchia;27
Kastamonu;Turchia;27
Bandırma;Turchia;27
Çiğli;Turchia;27
Uşak;Turchia;27
Kartepe;Turchia;27
Siirt;Turchia;27
Bălți;Moldavia;27
Brak;Libia;27
Zemun;Serbia;27
Stapari;Serbia;27
Piešťany;Slovacchia;27
Dolný Hričov;Slovacchia;27
Cabo Rojo;Repubblica Dominicana;27
Coban;Guatemala;27
Rubelsanto;Guatemala;27
Puerto San José;Guatemala;27
Tela;Honduras;27
Ken Jones;Giamaica;27
Temixco;Messico;27
Ciudad Acuña;Messico;27
Celaya;Messico;27
Ensenada;Messico;27
Emiliano Zapata;Messico;27
Lázaro Cárdenas;Messico;27
Monclova;Messico;27
Pococi;Costa Rica;27
Corredores;Costa Rica;27
Los Chiles;Costa Rica;27
Palmar Sur;Costa Rica;27
Upala;Costa Rica;27
Jacmel;Haiti;27
Port-de-Paix;Haiti;27
Ciro Redondo;Cuba;27
Guantanamo Bay Naval Station;Cuba;27
Guantánamo;Cuba;27
Moa;Cuba;27
Sandino;Cuba;27
Isla de la Juventud;Cuba;27
Blossom Village;Isole Cayman;27
Mangrove Cay;Bahamas;27
Bullocks Harbour;Bahamas;27
Normans Cay;Bahamas;27
Staniel Cay;Bahamas;27
Duncan Town;Bahamas;27
Reao;Polinesia Francese;27
Gaua Island;Vanuatu;27
Manurewa;Nuova Zelanda;27
Glentanner Station;Nuova Zelanda;27
Alexandra;Nuova Zelanda;27
Masterton;Nuova Zelanda;27
Twitzel;Nuova Zelanda;27
Wairoa;Nuova Zelanda;27
Bagram;Afghanistan;27
Jalalabad;Afghanistan;27
Kunduz;Afghanistan;27
Khamis Mushait;Arabia Saudita;27
Al Kharj;Arabia Saudita;27
Omidiyeh;Iran;27
Masjed Soleyman;Iran;27
Jam;Iran;27
Siri;Iran;27
Lavan Airport;Iran;27
Ilam;Iran;27
Shahrekord;Iran;27
Amirabad;Iran;27
Qazvin;Iran;27
Jiroft;Iran;27
Sirjan;Iran;27
Sarakhs;Iran;27
Tabas;Iran;27
Gorgan;Iran;27
Fasa;Iran;27
Yasuj;Iran;27
Showt;Iran;27
Zanjan;Iran;27
Zabol;Iran;27
Iranshahr;Iran;27
Ahmed Al Jaber AB;Kuwait;27
Al Masna'ah;Oman;27
Sir Bani Yas;Emirati Arabi Uniti;27
Masirah;Oman;27
Thumrait;Oman;27
Dera Ismael Khan;Pakistan;27
Jacobabad;Pakistan;27
Mangla;Pakistan;27
Mianwali;Pakistan;27
Moenjodaro;Pakistan;27
Kamra;Pakistan;27
Panjgur;Pakistan;27
Pasni;Pakistan;27
Rawalakot;Pakistan;27
Sehwan Sharif;Pakistan;27
Sargodha;Pakistan;27
Saidu Sharif;Pakistan;27
Sui;Pakistan;27
Hīt;Iraq;27
Al Habbaniyah;Iraq;27
Qayyarah;Iraq;27
Nasiriyah;Iraq;27
Deir ez-Zor;Siria;27
Tadmur;Siria;27
Ar Rayyan;Qatar;27
Ataq;Yemen;27
Palmer;Stati Uniti;27
Delta Junction Ft Greely;Stati Uniti;27
Cape Romanzof;Stati Uniti;27
Cape Newenham;Stati Uniti;27
Nenana;Stati Uniti;27
Metlakatla;Stati Uniti;27
Port Clarence;Stati Uniti;27
Sparrevohn;Stati Uniti;27
Soldotna;Stati Uniti;27
Shemya;Stati Uniti;27
Talkeetna;Stati Uniti;27
Takotna;Stati Uniti;27
Seward;Stati Uniti;27
Wasilla;Stati Uniti;27
Abariringa;Kiribati;27
Yigo;Guam;27
Kekaha;Stati Uniti;27
Kapolei;Stati Uniti;27
Kaneohe;Stati Uniti;27
Sand Island;Isole Minori degli Stati Uniti;27
Hengchun;Taiwan;27
Hsinchu City;Taiwan;27
Ogasawara;Giappone;27
Fukui;Giappone;27
Gifu;Giappone;27
Hachinohe;Giappone;27
Ayase / Yamato;Giappone;27
Fussa;Giappone;27
Gangneung;Corea del Sud;27
Jeju Island;Corea del Sud;27
Seongnam;Corea del Sud;27
Pyeongtaek;Corea del Sud;27
Suwon;Corea del Sud;27
Gimseang-ro;Corea del Sud;27
Yecheon-ri;Corea del Sud;27
Ie;Giappone;27
Lal-lo;Filippine;27
Cavite;Filippine;27
Lubang;Filippine;27
Surallah;Filippine;27
Bislig;Filippine;27
Mati;Filippine;27
Tandag;Filippine;27
Daet;Filippine;27
Mamburao;Filippine;27
Baler;Filippine;27
San Fernando;Filippine;27
Gasan;Filippine;27
Ormoc City;Filippine;27
Krymsk;Russia;27
Smolensk;Russia;27
Concordia;Argentina;27
Gualeguaychu;Argentina;27
La Plata;Argentina;27
El Palomar;Argentina;27
Rincon de los Sauces;Argentina;27
Zapala;Argentina;27
Malargue;Argentina;27
Rio Cuarto;Argentina;27
Villa Dolores;Argentina;27
Villa Mercedes;Argentina;27
Paso de los Libres;Argentina;27
Monte Caseros;Argentina;27
Orán;Argentina;27
Tartagal;Argentina;27
Goya;Argentina;27
Reconquista;Argentina;27
Curuzu Cuatia;Argentina;27
El Bolsón;Argentina;27
San Julian;Argentina;27
Puerto Santa Cruz;Argentina;27
General Pico;Argentina;27
Tres Arroyos;Argentina;27
Pehuajó;Argentina;27
Tandil;Argentina;27
Villa Gesell;Argentina;27
Cutral-Co;Argentina;27
Conceição do Araguaia;Brasile;27
Aracati;Brasile;27
Bagé;Brasile;27
Barretos;Brasile;27
Barra do Garças;Brasile;27
Cabo Frio;Brasile;27
Carolina;Brasile;27
Caravelas;Brasile;27
Jacareacanga;Brasile;27
Guajará-Mirim;Brasile;27
Guaratinguetá;Brasile;27
Itacoatiara;Brasile;27
São Roque;Brasile;27
Lins;Brasile;27
Bom Jesus da Lapa;Brasile;27
Minaçu;Brasile;27
Almeirim;Brasile;27
Macaé;Brasile;27
Oiapoque;Brasile;27
Poços De Caldas;Brasile;27
Porto Nacional;Brasile;27
Guarujá;Brasile;27
Tarauacá;Brasile;27
Telêmaco Borba;Brasile;27
Varginha;Brasile;27
Tocopilla;Cile;27
Chile Chico;Cile;27
Chillan;Cile;27
Coyhaique;Cile;27
Porvenir;Cile;27
Puerto Williams;Cile;27
Vallenar;Cile;27
Chañaral;Cile;27
Talca;Cile;27
Chaitén;Cile;27
Taltal;Cile;27
Viña del Mar;Cile;27
Ambato;Ecuador;27
Ahuano;Ecuador;27
Macará;Ecuador;27
Portoviejo;Ecuador;27
Tarapoa;Ecuador;27
Ayolas;Paraguay;27
Concepción;Paraguay;27
Mariscal Estigarribia;Paraguay;27
Pilar;Paraguay;27
Pedro Juan Caballero;Paraguay;27
Apiay;Colombia;27
El Banco;Colombia;27
Caucasia;Colombia;27
Coveñas;Colombia;27
El Bagre;Colombia;27
Girardot;Colombia;27
Cartago;Colombia;27
La Mina-Maicao;Colombia;27
Magangué;Colombia;27
Ocaña;Colombia;27
Pitalito;Colombia;27
La Dorada;Colombia;27
Paz de Ariporo;Colombia;27
Mariquita;Colombia;27
Tres Esquinas;Colombia;27
Tuluá;Colombia;27
Bermejo;Bolivia;27
Potosí;Bolivia;27
Santa Ana del Yacuma;Bolivia;27
Villamontes;Bolivia;27
Yacuíba;Bolivia;27
Correia Pinto;Brasile;27
Linhares;Brasile;27
Saint-Georges-de-l'Oyapock;Guiana Francese;27
Atalaya;Perù;27
Iberia;Perù;27
Anta;Perù;27
Rioja;Perù;27
Juanjuí;Perù;27
Durazno;Uruguay;27
Paysandú;Uruguay;27
Salto;Uruguay;27
Acarigua;Venezuela;27
Anaco;Venezuela;27
Maracay;Venezuela;27
Ciudad Bolivar;Venezuela;27
Guarico;Venezuela;27
Bolivar;Venezuela;27
Guasdualito;Venezuela;27
Guanare;Venezuela;27
Puerto Ayacucho;Venezuela;27
Puerto Cabello;Venezuela;27
San Cristóbal;Venezuela;27
Palmarito;Venezuela;27
San Felipe;Venezuela;27
San Fernando de Apure;Venezuela;27
San Carlos del Zulia;Venezuela;27
Tucupita;Venezuela;27
Arecibo;Porto Rico;27
Ekibastuz;Kazakistan;27
Zaqatala;Azerbaigian;27
Magan;Russia;27
Belaya Gora;Russia;27
Sovetskaya Gavan;Russia;27
Chukotka;Russia;27
Evensk;Russia;27
Boryspil;Ucraina;27
Berdyansk;Ucraina;27
Sevastopol;Ucraina;27
Kharkiv;Ucraina;27
Cherkasy;Ucraina;27
Khmelnytskyi;Ucraina;27
Vinnitsa;Ucraina;27
Arkhangelsk;Russia;27
Vologda;Russia;27
Vitebsk;Bielorussia;27
Hrodna;Bielorussia;27
Gorno-Altaysk;Russia;27
Baykit;Russia;27
Bor;Russia;27
Achinsk;Russia;27
Strezhevoy;Russia;27
Dikson;Russia;27
Svetlogorsk;Russia;27
Kaluga;Russia;27
Tver;Russia;27
Tambov;Russia;27
Inta;Russia;27
Ust-Tsylma;Russia;27
Yoshkar-Ola;Russia;27
Akola;India;27
Daman;India;27
Solapur;India;27
Anuradhapura;Sri Lanka;27
Ampara;Sri Lanka;27
Polonnaruwa Town;Sri Lanka;27
Ratanakiri;Cambogia;27
Jamshedpur;India;27
Kushinagar;India;27
Kailashahar;India;27
Muzaffarpur;India;27
Rourkela;India;27
Ziro;India;27
Ishurdi;Bangladesh;27
Bikaner;India;27
Kota;India;27
Puerto Vallemi;Paraguay;27
Bellary;India;27
Bidar;India;27
IAF Camp;India;27
Puttaparthi;India;27
Gelephu;Bhutan;27
Nakhon Pathom;Thailandia;27
Lop Buri;Thailandia;27
Takhli;Thailandia;27
Chaloem Phra Kiat;Thailandia;27
Namsang;Myanmar;27
Nabire;Indonesia;27
Serui;Indonesia;27
Gotalalamo-Morotai Island;Indonesia;27
Poso-Celebes Island;Indonesia;27
Luwok;Indonesia;27
Babo;Indonesia;27
Rengat-Sumatra Island;Indonesia;27
Padang Sidempuan;Indonesia;27
Medan;Indonesia;27
Lhok Sukon-Sumatra Island;Indonesia;27
Butterworth;Malaysia;27
Kerteh;Malaysia;27
Paya Lebar;Singapore;27
Western Water Catchment;Singapore;27
Ararat;Australia;27
Benalla;Australia;27
Bairnsdale;Australia;27
Wurrumiyanga;Australia;27
Chinchilla;Australia;27
Derby;Australia;27
Deniliquin;Australia;27
Forbes;Australia;27
Grafton;Australia;27
Glen Innes;Australia;27
Pirlangimpi;Australia;27
Inverell;Australia;27
Morwell;Australia;27
Mareeba;Australia;27
Mudgee;Australia;27
Roper River;Australia;27
Orange;Australia;27
Wadeye;Australia;27
Cobbitty;Australia;27
Nowra Hill;Australia;27
Temora;Australia;27
Tumut;Australia;27
Taree;Australia;27
Laceby;Australia;27
Sale;Australia;27
West Wyalong;Australia;27
Xiangyang (Laohekou);Cina;27
Xi'an (Baqiao);Cina;27
Kalumbila;Zambia;27
Chuxiong (Yuanmou);Cina;27
Rugao (Nantong);Cina;27
Suzhou;Cina;27
Tongren;Cina;27
Deyang (Guanghan);Cina;27
Ngawa (Hongyuan);Cina;27
Barkol;Cina;27
Shanshan;Cina;27
Huludao (Xingcheng);Cina;27
Utirik Island;Isole Marshall;1
Nunapitchuk;Stati Uniti;1
Blakely Island;Stati Uniti;1
Atmautluak;Stati Uniti;1
Pedro Bay;Stati Uniti;1
Ouzinkie;Stati Uniti;1
Tununak;Stati Uniti;1
Minto;Stati Uniti;1
Center Island;Stati Uniti;1
Tatitlek;Stati Uniti;1
Chuathbaluk;Stati Uniti;1
Tuntutuliak;Stati Uniti;1
Twin Hills;Stati Uniti;1
Chignik Lake;Stati Uniti;1
Auki;Isole Salomone;1
Anua;Isole Salomone;1
Choiseul Bay;Isole Salomone;1
Ballalae;Isole Salomone;1
Fera Island;Isole Salomone;1
Kirakira;Isole Salomone;1
Santa Cruz/Graciosa Bay/Luova;Isole Salomone;1
Gizo;Isole Salomone;1
Stirling Island;Isole Salomone;1
Rennell Island;Isole Salomone;1
Santa Ana Island;Isole Salomone;1
Marau;Isole Salomone;1
Suavanao;Isole Salomone;1
Yandina;Isole Salomone;1
Kagau Island;Isole Salomone;1
Manaoba;Isole Salomone;1
Gatokae;Isole Salomone;1
Ramata;Isole Salomone;1
Cosmo Newbery;Australia;1
Bosset;Papua Nuova Guinea;1
Gasmata Island;Papua Nuova Guinea;1
Kieta;Papua Nuova Guinea;1
Losuia;Papua Nuova Guinea;1
Kiunga;Papua Nuova Guinea;1
Kikori;Papua Nuova Guinea;1
Londolovit;Papua Nuova Guinea;1
Moro;Papua Nuova Guinea;1
Misima Island;Papua Nuova Guinea;1
Obo;Papua Nuova Guinea;1
Sasereme;Papua Nuova Guinea;1
Tari;Papua Nuova Guinea;1
Tabubil;Papua Nuova Guinea;1
Tapini;Papua Nuova Guinea;1
Tufi;Papua Nuova Guinea;1
Maniitsoq;Groenlandia;1
Paamiut;Groenlandia;1
Upernavik;Groenlandia;1
Uummannaq;Groenlandia;1
Þórshöfn;Islanda;1
Cajazeiras;Brasile;1
Big Creek;Belize;1
Independence;Belize;1
Orange Walk;Belize;1
Trail;Canada;1
Port McNeill;Canada;1
Williams Harbour;Canada;1
Postville;Canada;1
Black Tickle;Canada;1
St. Lewis;Canada;1
Port Hope Simpson;Canada;1
Rigolet;Canada;1
Whatì;Canada;1
Summer Beaver;Canada;1
Crooked Creek;Stati Uniti;1
Angling Lake;Canada;1
Wunnumin Lake;Canada;1
North Spirit Lake;Canada;1
Chicken;Stati Uniti;1
Zhaosu;Cina;1
Hejing;Cina;1
Qitai;Cina;1
Bearskin Lake;Canada;1
Natuashish;Canada;1
Kingfisher Lake;Canada;1
La Chorrera;Colombia;1
Keewaywin;Canada;1
Chisasibi;Canada;1
Tête-à-la-Baleine;Canada;1
Côte-Nord-du-Golfe-du-Saint-Laurent;Canada;1
Le Golfe-du-Saint-Laurent;Canada;1
La Tabatière;Canada;1
Arctic Bay;Canada;1
Cat Lake;Canada;1
Alert Bay;Canada;1
Kangirsuk;Canada;1
Attawapiskat;Canada;1
Kugaaruk;Canada;1
Uranium City;Canada;1
Tadoule Lake;Canada;1
Brochet;Canada;1
Berens River;Canada;1
Cartwright;Canada;1
Kugluktuk;Canada;1
Cross Lake;Canada;1
Chesterfield Inlet;Canada;1
Clyde River;Canada;1
Dease Lake;Canada;1
Nain;Canada;1
Arviat;Canada;1
Fort Severn;Canada;1
Fort Albany;Canada;1
Fort Hope;Canada;1
Flin Flon;Canada;1
Makkovik;Canada;1
Fort Good Hope;Canada;1
Gods Lake Narrows;Canada;1
Igloolik;Canada;1
Gillam;Canada;1
Grise Fiord;Canada;1
Quaqtaq;Canada;1
Nemiscau;Canada;1
Ulukhaktok;Canada;1
Gjoa Haven;Canada;1
Hopedale;Canada;1
Poplar Hill;Canada;1
Chevery;Canada;1
Ivujivik;Canada;1
Pond Inlet;Canada;1
Aklavik;Canada;1
Kangiqsujuaq;Canada;1
Akulivik;Canada;1
Ogoki Post;Canada;1
Waskaganish;Canada;1
Aupaluk;Canada;1
Kimmirut;Canada;1
Lansdowne House;Canada;1
Lutselk'e;Canada;1
Kangiqsualujjuaq;Canada;1
Mary's Harbour;Canada;1
Umiujaq;Canada;1
Wemindji;Canada;1
Norway House;Canada;1
Old Crow;Canada;1
Oxford House;Canada;1
Paulatuk;Canada;1
Inukjuak;Canada;1
Pikangikum;Canada;1
Peawanuck;Canada;1
Gamètì;Canada;1
Red Sucker Lake;Canada;1
Sanikiluaq;Canada;1
St. Theresa Point;Canada;1
Sachs Harbour;Canada;1
Kinngait;Canada;1
Big Trout Lake;Canada;1
Tasiujaq;Canada;1
Repulse Bay;Canada;1
Colville Lake;Canada;1
Qikiqtarjuaq;Canada;1
Wekweètì;Canada;1
Déline;Canada;1
Webequie;Canada;1
Whale Cove;Canada;1
Pangnirtung;Canada;1
Taloyoak;Canada;1
Salluit;Canada;1
Ilford;Canada;1
Eastmain River;Canada;1
Fond-du-Lac;Canada;1
Pukatawagan;Canada;1
Fort Mcpherson;Canada;1
Tulita;Canada;1
Gods River;Canada;1
Kashechewan;Canada;1
Muskrat Dam;Canada;1
Sachigo Lake;Canada;1
Round Lake;Canada;1
South Indian Lake;Canada;1
Bloodvein River;Canada;1
Shamattawa;Canada;1
Churchill Falls;Canada;1
Lac Brochet;Canada;1
Wollaston Lake;Canada;1
Dekai;Indonesia;1
Dalnerechensk;Russia;1
Deputatskiy;Russia;1
Emden;Germania;1
Wangerooge;Germania;1
Juist;Germania;1
Borkum;Germania;1
Norddeich;Germania;1
Norderney;Germania;1
Baltrum;Germania;1
Oesterdeichstrich;Germania;1
Helgoland;Germania;1
Fair Isle;Regno Unito;1
Coll Island;Regno Unito;1
North Ronaldsay;Regno Unito;1
North Connel;Regno Unito;1
Papa Westray, Orkney Islands;Regno Unito;1
Stronsay;Regno Unito;1
Sanday;Regno Unito;1
Lerwick, Shetland Islands;Regno Unito;1
Westray, Orkney Islands;Regno Unito;1
Colonsay;Regno Unito;1
Land's End, Cornwall;Regno Unito;1
St. Mary's, Isles of Scilly;Regno Unito;1
Inverin;Irlanda;1
Inis Mór;Irlanda;1
Inis Oírr;Irlanda;1
Inis Meáin;Irlanda;1
Enejit Island;Isole Marshall;1
Læsø;Danimarca;1
Førde;Norvegia;1
Hasvik;Norvegia;1
Namsos;Norvegia;1
Røst;Norvegia;1
Sandane;Norvegia;1
Sogndal;Norvegia;1
Sveg;Svezia;1
Råda;Svezia;1
Pajala;Svezia;1
Hemavan;Svezia;1
Shire Inda Selassie;Etiopia;1
Shakawe;Botswana;1
San Antonio de Palé;Guinea Equatoriale;1
Kasama;Zambia;1
Solwesi;Zambia;1
Tambohorano;Madagascar;1
Soalala;Madagascar;1
Tsaratanana;Madagascar;1
Funadhoo;Maldive;1
Xai-Xai;Mozambico;1
Halali;Namibia;1
Inongo;Repubblica Democratica del Congo;1
Boende;Repubblica Democratica del Congo;1
Kamina;Repubblica Democratica del Congo;1
Ilebo;Repubblica Democratica del Congo;1
Gamba;Gabon;1
Foula;Regno Unito;1
Alajero, La Gomera Island;Spagna;1
Goodnews;Stati Uniti;1
São Filipe;Capo Verde;1
Dessie;Etiopia;1
Dembidollo;Etiopia;1
Mizan Teferi;Etiopia;1
Shilavo;Etiopia;1
Semera;Etiopia;1
Tippi;Etiopia;1
Kirundo;Burundi;1
Beledweyne;Somalia;1
Galcaio;Somalia;1
Garowe;Somalia;1
Siwa Oasis;Egitto;1
Meru-Kinna;Kenya;1
Misrata;Libia;1
Adam;Libia;1
Bukoba;Tanzania;1
Kigoma;Tanzania;1
Kilindoni;Tanzania;1
Musoma;Tanzania;1
Seronera;Tanzania;1
Shinyanga;Tanzania;1
Tabora;Tanzania;1
Singkil;Indonesia;1
Sungai Penuh;Indonesia;1
Sipura Island;Indonesia;1
Jagdalpur;India;1
Tiakur;Indonesia;1
Chizhou;Cina;1
Anacortes;Stati Uniti;1
Block Island;Stati Uniti;1
Nanwalek;Stati Uniti;1
Grayling;Stati Uniti;1
Ironwood;Stati Uniti;1
Manistee;Stati Uniti;1
Montauk;Stati Uniti;1
Martha's Vineyard;Stati Uniti;1
Ushant;Francia;1
Île d'Yeu;Francia;1
Chaspuzac, Haute-Loire;Francia;1
Saint-Tropez;Francia;1
Miquelon;Saint-Pierre e Miquelon;1
Ikaria Island;Grecia;1
Argos Orestiko;Grecia;1
Kithira Island;Grecia;1
Kastelorizo Island;Grecia;1
Kasos Island;Grecia;1
Kalymnos Island;Grecia;1
Leros Island;Grecia;1
Limnos Island;Grecia;1
Milos Island;Grecia;1
Naxos;Grecia;1
Paros;Grecia;1
Astypalaia Island;Grecia;1
Syros Island;Grecia;1
Skiros Island;Grecia;1
Corvo;Portogallo;1
Amasya;Turchia;1
Sivas;Turchia;1
Altıntaş;Turchia;1
Bingöl;Turchia;1
Salt Cay;Isole Turks e Caicos;1
Huehuetenango;Guatemala;1
Quezaltenango;Guatemala;1
Ujae Atoll;Isole Marshall;1
Aur Atoll;Isole Marshall;1
Ailinglapalap Atoll;Isole Marshall;1
Likiep Island;Isole Marshall;1
Majkin;Isole Marshall;1
Rongelap Island;Isole Marshall;1
Jabor Jaluit Atoll;Isole Marshall;1
Wotje;Isole Marshall;1
Wotho Island;Isole Marshall;1
Puerto Lempira;Honduras;1
Utila Island;Honduras;1
Mili Island;Isole Marshall;1
Comondú;Messico;1
San Quintín;Messico;1
Puerto Peñasco;Messico;1
Corn Island;Nicaragua;1
Morowali;Indonesia;1
Panamá City;Panama;1
Pedasí;Panama;1
Río Hato;Panama;1
Faresmaathodaa;Maldive;1
Long Banga;Malaysia;1
May Creek;Stati Uniti;1
Aitutaki;Isole Cook;1
Atiu Island;Isole Cook;1
Manihiki Island;Isole Cook;1
Mauke Island;Isole Cook;1
Mitiaro Island;Isole Cook;1
Cicia;Figi;1
Malolo Lailai Island;Figi;1
Vunisea;Figi;1
Mana Island;Figi;1
Moala;Figi;1
Bureta;Figi;1
Ngau;Figi;1
Lakeba Island;Figi;1
Matei;Figi;1
Koro Island;Figi;1
Rotuma;Figi;1
Savusavu;Figi;1
Yasawa Island;Figi;1
Eua Island;Tonga;1
Niuatoputapu;Tonga;1
Vanua Balavu;Figi;1
Butaritari;Kiribati;1
Buariki;Kiribati;1
Futuna Island;Wallis e Futuna;1
Ofu;Samoa Americane;1
Fitiuta Village;Samoa Americane;1
Rimatara Island;Polinesia Francese;1
Apataki;Polinesia Francese;1
Hikueru;Polinesia Francese;1
Napuka Island;Polinesia Francese;1
Tatakoto;Polinesia Francese;1
Kauehi;Polinesia Francese;1
Fakahina;Polinesia Francese;1
Naiu Atoll;Polinesia Francese;1
Raroia;Polinesia Francese;1
Ua Pou;Polinesia Francese;1
Ua Huka;Polinesia Francese;1
Sola;Vanuatu;1
Craig Cove;Vanuatu;1
Longana;Vanuatu;1
Pentecost Island;Vanuatu;1
Paama Island;Vanuatu;1
Lamap;Vanuatu;1
Lamen Bay;Vanuatu;1
Lonorore;Vanuatu;1
Norsup;Vanuatu;1
Tongoa Island;Vanuatu;1
Epi Island;Vanuatu;1
Walaha;Vanuatu;1
Olpoi;Vanuatu;1
Waala;Nuova Caledonia;1
Koumac;Nuova Caledonia;1
Claris;Nuova Zelanda;1
Koromiko;Nuova Zelanda;1
Fayzabad;Afghanistan;1
Semnan;Iran;1
Parsabad;Iran;1
Bandar-e-Jask;Iran;1
Old Harbor;Stati Uniti;1
Delma Island;Emirati Arabi Uniti;1
Dalbandin;Pakistan;1
Khuzdar;Pakistan;1
Muzaffarabad;Pakistan;1
Port Lions;Stati Uniti;1
Puerto Piña;Panama;1
Contadora Island;Panama;1
Atka;Stati Uniti;1
Buckland;Stati Uniti;1
Bettles;Stati Uniti;1
Central;Stati Uniti;1
Chalkyitsik;Stati Uniti;1
Chefornak;Stati Uniti;1
Scammon Bay;Stati Uniti;1
Circle;Stati Uniti;1
Yakataga;Stati Uniti;1
Marshall;Stati Uniti;1
Kongiganak;Stati Uniti;1
Eek;Stati Uniti;1
Mertarvik;Stati Uniti;1
Nikolai;Stati Uniti;1
Kwigillingok;Stati Uniti;1
Shungnak;Stati Uniti;1
Golovin;Stati Uniti;1
Nightmute;Stati Uniti;1
Skagway;Stati Uniti;1
Hooper Bay;Stati Uniti;1
Hughes;Stati Uniti;1
Igiugig;Stati Uniti;1
Wales;Stati Uniti;1
Chignik;Stati Uniti;1
Koliganek;Stati Uniti;1
False Pass;Stati Uniti;1
Akhiok;Stati Uniti;1
Kipnuk;Stati Uniti;1
Koyuk;Stati Uniti;1
Nikolski;Stati Uniti;1
Kaltag;Stati Uniti;1
Karluk;Stati Uniti;1
Larsen Bay;Stati Uniti;1
Kalskag;Stati Uniti;1
Port Alsworth;Stati Uniti;1
Manokotak;Stati Uniti;1
Minchumina;Stati Uniti;1
St Michael;Stati Uniti;1
Manley Hot Springs;Stati Uniti;1
Mountain Village;Stati Uniti;1
Napakiak;Stati Uniti;1
Nulato;Stati Uniti;1
New Stuyahok;Stati Uniti;1
Kobuk;Stati Uniti;1
Hoonah;Stati Uniti;1
Toksook Bay;Stati Uniti;1
Nelson Lagoon;Stati Uniti;1
Perryville;Stati Uniti;1
Napaskiak;Stati Uniti;1
Pilot Point;Stati Uniti;1
Point Hope;Stati Uniti;1
Quinhagak;Stati Uniti;1
Russian Mission;Stati Uniti;1
Shishmaref;Stati Uniti;1
Selawik;Stati Uniti;1
Sleetmute;Stati Uniti;1
St Mary's;Stati Uniti;1
Seldovia;Stati Uniti;1
Tanana;Stati Uniti;1
Tin City;Stati Uniti;1
Teller;Stati Uniti;1
Togiak Village;Stati Uniti;1
Alakanuk;Stati Uniti;1
Akutan;Stati Uniti;1
Chevak;Stati Uniti;1
King Cove;Stati Uniti;1
Venetie;Stati Uniti;1
Kivalina;Stati Uniti;1
White Mountain;Stati Uniti;1
Noatak;Stati Uniti;1
Akiak;Stati Uniti;1
Allakaket;Stati Uniti;1
Chenega;Stati Uniti;1
Clarks Point;Stati Uniti;1
Elim;Stati Uniti;1
Kasigluk;Stati Uniti;1
Kokhanok;Stati Uniti;1
Kotlik;Stati Uniti;1
Brevig Mission;Stati Uniti;1
Koyukuk;Stati Uniti;1
Kwethluk;Stati Uniti;1
Noorvik;Stati Uniti;1
Shaktoolik;Stati Uniti;1
Tok;Stati Uniti;1
South Naknek;Stati Uniti;1
Lake Murray;Papua Nuova Guinea;1
Port Graham;Stati Uniti;1
Kalaupapa;Stati Uniti;1
Eniwetok Atoll;Isole Marshall;1
Kili Island;Isole Marshall;1
Red Devil;Stati Uniti;1
Badanjilin;Cina;1
Rampart;Stati Uniti;1
Aguni;Giappone;1
El Nido;Filippine;1
Cuyo;Filippine;1
Del Carmen;Filippine;1
San Vicente;Filippine;1
Taksimo;Russia;1
Motygino;Russia;1
Lopez;Stati Uniti;1
San Antonio Oeste;Argentina;1
Gobernador Gregores;Argentina;1
Rio Turbio;Argentina;1
Caldas Novas;Brasile;1
Bonito;Brasile;1
Guarapuava;Brasile;1
Jaguaruna;Brasile;1
Ji-Paraná;Brasile;1
Juazeiro do Norte;Brasile;1
Lençóis;Brasile;1
Pato Branco;Brasile;1
Barreirinhas;Brasile;1
Sorriso;Brasile;1
Una;Brasile;1
Três Lagoas;Brasile;1
Pucon;Cile;1
Dalcahue;Cile;1
Villa Las Estrellas;Antartide;1
Sorocaba;Brasile;1
Paraty;Brasile;1
Puerto Villamil;Ecuador;1
Puerto Baquerizo Moreno;Ecuador;1
La Toma (Catamayo);Ecuador;1
Stanley;Isole Falkland;1
Maraú;Brasile;1
Puerto Leguízamo;Colombia;1
La Pedrera;Colombia;1
La Macarena;Colombia;1
Nuquí;Colombia;1
Tarapacá;Colombia;1
Saravena;Colombia;1
Santiago de Tolú;Colombia;1
Chimore;Bolivia;1
Puerto Rico/Manuripi;Bolivia;1
Rurrenabaque;Bolivia;1
Drietabbetje;Suriname;1
Moengo;Suriname;1
Wageningen;Suriname;1
Barreiras;Brasile;1
Paragominas;Brasile;1
Guarapari;Brasile;1
Serra Talhada;Brasile;1
Caruaru;Brasile;1
Salinópolis;Brasile;1
Valença;Brasile;1
Breves;Brasile;1
Paracatu;Brasile;1
Andahuaylas;Perù;1
Kwatta;Suriname;1
Mulegé;Messico;1
Stony River;Stati Uniti;1
Canela;Brasile;1
Francisco Beltrão;Brasile;1
Guaíra;Brasile;1
Cacoal;Brasile;1
Umuarama;Brasile;1
União da Vitória;Brasile;1
Isla de Coche;Venezuela;1
Gran Roque Island;Venezuela;1
Stevens Village;Stati Uniti;1
Barcelos;Brasile;1
Pontes e Lacerda;Brasile;1
Borba;Brasile;1
Carauari;Brasile;1
Lábrea;Brasile;1
Santa Isabel do Rio Negro;Brasile;1
Tangará da Serra;Brasile;1
Nunam Iqua;Stati Uniti;1
Grande Anse;Guadalupa;1
Basse-Terre;Guadalupa;1
St-François;Guadalupa;1
Carriacou Island;Grenada;1
Tuluksak;Stati Uniti;1
Tumxuk;Cina;1
Usharal;Kazakistan;1
Zaysan;Kazakistan;1
Lankaran;Azerbaigian;1
Batagay;Russia;1
Batagay-Alyta;Russia;1
Ust-Kuyga;Russia;1
Ust-Maya;Russia;1
Verkhnevilyuisk;Russia;1
Suntar;Russia;1
Kisoro;Uganda;1
Markovo;Russia;1
Bogorodskoye;Russia;1
Kurilsk;Russia;1
Shakhtyorsk;Russia;1
Yuzhno-Kurilsk;Russia;1
Nogliki;Russia;1
Plastun;Russia;1
Bodaybo;Russia;1
Nizhneangarsk;Russia;1
Leshukonskoye;Russia;1
Solovetsky Islands;Russia;1
Tura;Russia;1
Turukhansk;Russia;1
Pilot Station;Stati Uniti;1
Karshi;Uzbekistan;1
Urzhar;Kazakistan;1
Diu;India;1
Jalgaon;India;1
Deoghar;India;1
Aligarh;India;1
Adampur;India;1
Ghaziabad;India;1
Shravasti;India;1
Luang Namtha;Laos;1
Oudomsay;Laos;1
Xieng Khouang;Laos;1
Bharatpur;Nepal;1
Bhadrapur;Nepal;1
Dolpa;Nepal;1
Silgadi Doti;Nepal;1
Jumla;Nepal;1
Jomsom;Nepal;1
Simara;Nepal;1
Surkhet;Nepal;1
Simikot;Nepal;1
Tumling Tar;Nepal;1
Kalaburagi;India;1
Vagaikulam;India;1
Jakar;Bhutan;1
Yongphulla;Bhutan;1
Kulhudhuffushi;Maldive;1
Baa Atoll;Maldive;1
Thimarafushi;Maldive;1
Maavaarulu;Maldive;1
Tam Nghĩa;Vietnam;1
Thanh Hóa;Vietnam;1
Nyaung U;Myanmar;1
Banmaw;Myanmar;1
Kanti;Myanmar;1
Mawlamyine;Myanmar;1
Magway;Myanmar;1
Pathein;Myanmar;1
Roche Harbor;Stati Uniti;1
Sumbawa Besar;Indonesia;1
Radamata;Indonesia;1
Waingapu-Sumba Island;Indonesia;1
Rogojampi, Banyuwangi;Indonesia;1
Palopo;Indonesia;1
Toli Toli-Celebes Island;Indonesia;1
Tojo Una-Una;Indonesia;1
Muara Teweh;Indonesia;1
Seruyan;Indonesia;1
Karimunjawa;Indonesia;1
Bokondini;Indonesia;1
Tanjung Selor-Borneo Island;Indonesia;1
Datadawai-Borneo Island;Indonesia;1
Gorontalo;Indonesia;1
Lolak;Indonesia;1
Buol;Indonesia;1
Batu Licin;Indonesia;1
Pangkalanbun;Indonesia;1
Stagen;Indonesia;1
Sampit;Indonesia;1
Tumbang Samba-Borneo Island;Indonesia;1
Malinau;Indonesia;1
Jember;Indonesia;1
Waisai;Indonesia;1
Atambua;Indonesia;1
Waioti;Indonesia;1
Ende;Indonesia;1
Satar Tacik, Manggarai;Indonesia;1
Tiwatobi;Indonesia;1
Kabola;Indonesia;1
Labuan Bajo, Manggarai Barat;Indonesia;1
Ba'a - Rote Island;Indonesia;1
Benteng;Indonesia;1
Kendari;Indonesia;1
Stebbins;Stati Uniti;1
Long Datih;Malaysia;1
Long Seridan;Malaysia;1
Bakalalan;Malaysia;1
Lawas;Malaysia;1
Tomanggong;Malaysia;1
Kudat;Malaysia;1
Cijulang;Indonesia;1
Muko Muko;Indonesia;1
Lhok Seumawe-Sumatra Island;Indonesia;1
Siborong-Borong;Indonesia;1
Tanjung Pandan;Indonesia;1
Jambi;Indonesia;1
Muara Bungo;Indonesia;1
Pangkor Island;Malaysia;1
Saumlaki-Yamdena Island;Indonesia;1
Long Bawan;Indonesia;1
Bontang-Borneo Island;Indonesia;1
Long Apung-Borneo Island;Indonesia;1
Aurukun;Australia;1
Badu Island;Australia;1
Busselton;Australia;1
Boigu Island;Australia;1
Christmas Creek Mine;Australia;1
Darnley Island;Australia;1
Whitemark;Australia;1
Lajamanu;Australia;1
Hughenden;Australia;1
Karara;Australia;1
Kalbarri;Australia;1
Kubin Island;Australia;1
Lord Howe Island;Australia;1
Laverton;Australia;1
Mabuiag Island;Australia;1
Murray Island;Australia;1
Milingimbi Island;Australia;1
McArthur River Mine;Australia;1
Bamaga;Australia;1
Olympic Dam;Australia;1
Mount Eba;Australia;1
Pormpuraaw;Australia;1
Saibai Island;Australia;1
Sue Islet;Australia;1
Yorke Island;Australia;1
Yam Island;Australia;1
Akiachak;Stati Uniti;1
Birch Creek;Stati Uniti;1
Changzhi;Cina;1
Tangshan (Fengrun);Cina;1
Ulanhot;Cina;1
Xinzhou;Cina;1
Hengyang;Cina;1
Meizhou (Meixian);Cina;1
Xiangxi;Cina;1
Nanyang (Wancheng);Cina;1
Anyang;Cina;1
Ankang (Hanbin);Cina;1
Haibei (Qilian);Cina;1
Uliastai;Mongolia;1
Mandalgobi;Mongolia;1
Pu'er;Cina;1
Wenshan;Cina;1
Ganzhou;Cina;1
Jiujiang;Cina;1
Dazhou (Daxian);Cina;1
Garzê (Garzê);Cina;1
Qiannan (Libo);Cina;1
Nanchong (Gaoping);Cina;1
Shannan;Cina;1
Wushan;Cina;1
Wanzhou;Cina;1
Aral;Cina;1
Shihezi;Cina;1
Kuqa;Cina;1
Karamay;Cina;1
Tacheng;Cina;1
Hotan (Yutian);Cina;1
Dalian (Changhai);Cina;1
Daqing;Cina;1
Colonia;Allemagne;792
Francoforte;Allemagne;779
Berlino;Allemagne;831
Zurigo;Suisse;842
Basilea;Suisse;792
Bruxelles;Belgique;829
Stoccolma;Suède;825
Oslo;Norvège;812
Helsinki;Finlande;805
Bali;Indonésie;760
San Paolo;Brésil;756
Bogotá;Colombie;760
Marrakech;Maroc;792
Mascate;Oman;660
Reykjavik;Islande;812
Heraclion;Grèce;760
Mikonos;Grèce;773
Hanoi;Viêt Nam;497
Ho Chi Minh;Viêt Nam;488
Saigon;Viêt Nam;478
Paris;France;900
Beijing;China;750
München;Germany;750
Cairo;Egypt;700
