Words;Link;Score
Paris;France;1000
Londres;Royaume-Uni;974
New York;États-Unis;974
Dubaï;Émirats arabes unis;961
Tokyo;Japon;955
Los Angeles;États-Unis;948
Singapour;Singapour;942
Hong Kong;Hong Kong;935
Amsterdam;Pays-Bas;933
Miami;États-Unis;922
Istanbul;Turquie;922
Chicago;États-Unis;920
San Francisco;États-Unis;920
Houston;États-Unis;916
Washington;États-Unis;916
Madrid;Espagne;916
Barcelona;Espagne;913
Dallas;États-Unis;912
Atlanta;États-Unis;909
Rome;Italie;909
Munich;Allemagne;903
Denver;États-Unis;903
Seattle;États-Unis;899
Boston;États-Unis;896
Orlando;États-Unis;896
Zurich;Suisse;896
Philadelphie;États-Unis;894
Vienne;Autriche;894
Copenhague;Danemark;890
Las Vegas;États-Unis;886
Stockholm;Suède;883
Genève;Suisse;883
Athènes;Grèce;873
Lisbonne;Portugal;870
Dublin;Irlande;868
Varsovie;Pologne;864
Prague;République tchèque;860
Nice;France;857
Budapest;Hongrie;857
Berlin;Allemagne;851
Milan;Italie;851
Bucarest;Roumanie;851
Le Caire;Égypte;844
Hambourg;Allemagne;842
Bangkok;Thaïlande;842
Naples;Italie;838
Palma de Majorque;Espagne;838
Lyon;France;838
Venise;Italie;835
Édimbourg;Royaume-Uni;831
Florence;Italie;831
Ibiza;Espagne;831
Marseille;France;831
Antalya;Turquie;831
Moscou;Russie;831
Jakarta;Indonésie;831
Mumbai;Inde;829
Las Palmas;Espagne;825
Toulouse;France;825
Turin;Italie;825
Pékin;Chine;821
Manchester;États-Unis;818
Bordeaux;France;818
Thessalonique;Grèce;818
Sydney;Australie;816
Héraklion;Grèce;816
Innsbruck;Autriche;816
Salzbourg;Autriche;813
Melbourne;Australie;812
Nantes;France;812
Rhodes;Grèce;812
Ankara;Turquie;812
Toronto;Canada;808
Séville;Espagne;808
Birmingham;États-Unis;805
Lille;France;805
Saint-Pétersbourg;Russie;805
Vancouver;Canada;803
Strasbourg;France;799
Mexico;Mexique;799
São Paulo;Brésil;795
Pise;Italie;792
Buenos Aires;Argentine;792
Lima;Pérou;786
Phuket;Thaïlande;786
Kiev;Ukraine;779
Santiago;Chili;777
Casablanca;Maroc;773
Johannesburg;Afrique du Sud;769
Gênes;Italie;769
Nairobi;Kenya;766
Chiang Mai;Thaïlande;766
Lagos;Nigeria;760
Nagoya;Japon;760
Fukuoka;Japon;756
Accra;Ghana;753
Sapporo;Japon;753
Busan;Corée du Sud;753
Addis-Abeba;Éthiopie;751
Chennai;Inde;751
Kolkata;Inde;748
Doha;Qatar;747
Hyderabad;Pakistan;746
Abou Dhabi;Émirats arabes unis;744
Cancún;Mexique;741
Riyad;Arabie saoudite;741
Koweït;Koweït;734
Guadalajara;Mexique;728
Zanzibar;Tanzanie;721
Monterrey;Mexique;721
Karachi;Pakistan;721
Mombasa;Kenya;715
Carthagène;Colombie;715
Djeddah;Arabie saoudite;708
Colombo;Sri Lanka;708
Katmandou;Népal;702
Manama;Bahreïn;699
Luanda;Angola;698
Dacca;Bangladesh;695
Hô Chi Minh-Ville;Viêt Nam;695
Recife;Brésil;689
Lviv;Ukraine;689
Rangoun;Myanmar;689
Fortaleza;Brésil;686
Manaus;Brésil;682
Séoul;Corée du Sud;678
Belo Horizonte;Brésil;678
Osaka;Japon;676
Kharkiv;Ukraine;676
Porto Alegre;Brésil;673
Durban;Afrique du Sud;669
Shenzhen;Chine;665
Auckland;Nouvelle-Zélande;656
Le Cap;Afrique du Sud;647
Tunis;Tunisie;639
Alger;Algérie;637
Beyrouth;Liban;626
Papeete;Polynésie française;624
Amman;Jordanie;624
Tel Aviv;Israël;621
Téhéran;Iran;617
Bakou;Azerbaïdjan;611
Almaty;Kazakhstan;600
Tachkent;Ouzbékistan;598
Honiara;Îles Salomon;546
Lae;Papouasie-Nouvelle-Guinée;546
Port Moresby;Papouasie-Nouvelle-Guinée;546
BNK;Bangladesh;546
Nuuk;Groenland;546
Akureyri;Islande;546
Reykjavík;Islande;546
Parakou;Bénin;546
Prishtina;Kosovo;546
Belize City;Belize;546
Hangzhou;Chine;546
Edmonton;Canada;546
Kingston;Jamaïque;546
Hamilton;Bermudes;546
Montréal;Canada;546
Halifax;Canada;546
Kelowna;Canada;546
Ottawa;Canada;546
Quebec;Canada;546
Winnipeg;Canada;546
Saskatoon;Canada;546
Calgary;Canada;546
Victoria;Seychelles;546
St. John's;Canada;546
Faro;Portugal;546
Béjaïa;Algérie;546
Djanet;Algérie;546
Tamanrasset;Algérie;546
Tahir;Algérie;546
Annaba;Algérie;546
Constantine;Algérie;546
Batna;Algérie;546
Chlef;Algérie;546
Zenata;Algérie;546
Es-Sénia;Algérie;546
Biskra;Algérie;546
Cotonou;Bénin;546
Ouagadougou;Burkina Faso;546
Bobo Dioulasso;Burkina Faso;546
Tamale;Ghana;546
Kumasi;Ghana;546
Abidjan;CI;546
Abuja;Nigeria;546
Asaba;Nigeria;546
Bauchi;Nigeria;546
Enegu;Nigeria;546
Ilorin/Ogbomosho;Nigeria;546
Kaduna;Nigeria;546
Kano;Nigeria;546
Maiduguri;Nigeria;546
Port Harcourt;Nigeria;546
Sokoto;Nigeria;546
Niamey;Niger;546
Mellita;Tunisie;546
Lomé;Togo;546
Zaventem;Belgique;546
Charleroi;Belgique;546
Oostende;Belgique;546
Dresde;Allemagne;546
Erfurt;Allemagne;546
Frankfurt am Main;Allemagne;546
Greven;Allemagne;546
Köln (Cologne);Allemagne;546
Düsseldorf;Allemagne;546
Nuremberg;Allemagne;546
Schkeuditz;Allemagne;546
Stuttgart;Allemagne;546
Hannover;Allemagne;546
Brême;Allemagne;546
Frankfurt am Main (Lautzenhausen);Allemagne;546
Memmingen;Allemagne;546
Büren;Allemagne;546
Weeze;Allemagne;546
Dortmund;Allemagne;546
Friedrichshafen;Allemagne;546
Rheinmünster;Allemagne;546
Calden;Allemagne;546
Tallinn;Estonie;546
Helsinki (Vantaa);Finlande;546
Ivalo;Finlande;546
Kittilä;Finlande;546
Kuopio / Siilinjärvi;Finlande;546
Lappeenranta;Finlande;546
Mariehamn;Finlande;546
Oulu / Oulunsalo;Finlande;546
Rovaniemi;Finlande;546
Tampere / Pirkkala;Finlande;546
Turku;Finlande;546
Vaasa;Finlande;546
Belfast;Royaume-Uni;546
Birmingham, West Midlands;Royaume-Uni;546
Manchester, Greater Manchester;Royaume-Uni;546
Cardiff;Royaume-Uni;546
Bristol;Royaume-Uni;546
Liverpool;Royaume-Uni;546
Luton, Luton;Royaume-Uni;546
Leeds, West Yorkshire;Royaume-Uni;546
Castletown;Île de Man;546
Newcastle upon Tyne, Tyne and Wear;Royaume-Uni;546
Nottingham, Leicestershire;Royaume-Uni;546
Aberdeen;Royaume-Uni;546
Glasgow;Royaume-Uni;546
Prestwick, South Ayrshire;Royaume-Uni;546
London, Essex;Royaume-Uni;546
Mount Pleasant;Îles Malouines;546
Maastricht;Pays-Bas;546
Eindhoven;Pays-Bas;546
Groningen;Pays-Bas;546
Rotterdam;Pays-Bas;546
Cork;Irlande;546
Charlestown;Irlande;546
Shannon;Irlande;546
Aarhus;Danemark;546
Billund;Danemark;546
Odense;Danemark;546
Vágar;Îles Féroé;546
Aalborg;Danemark;546
Luxembourg;Luxembourg;546
Ålesund;Norvège;546
Bodø;Norvège;546
Bergen;Norvège;546
Kristiansand(Kjevik);Norvège;546
Evenes;Norvège;546
Oslo (Gardermoen);Norvège;546
Tromsø;Norvège;546
Sandefjord(Torp);Norvège;546
Trondheim;Norvège;546
Stavanger;Norvège;546
Gdańsk;Pologne;546
Balice;Pologne;546
Katowice;Pologne;546
Lublin;Pologne;546
Łódź;Pologne;546
Nowy Dwór Mazowiecki;Pologne;546
Poznań;Pologne;546
Jasionka;Pologne;546
Szczecin(Glewice);Pologne;546
Wrocław;Pologne;546
Göteborg;Suède;546
Nyköping;Suède;546
Malung-Sälen;Suède;546
Malmö;Suède;546
Kiruna;Suède;546
Umeå;Suède;546
Stockholm / Västerås;Suède;546
Luleå;Suède;546
Linköping;Suède;546
Visby;Suède;546
Riga;Lettonie;546
Kaunas;Lituanie;546
Palanga;Lituanie;546
Vilnius;Lituanie;546
Bloemfontein;Afrique du Sud;546
East London;Afrique du Sud;546
George;Afrique du Sud;546
Kimberley;Afrique du Sud;546
Mbombela;Afrique du Sud;546
Gqeberha (Port Elizabeth);Afrique du Sud;546
Polokwane;Afrique du Sud;546
Queenstown;Nouvelle-Zélande;546
Francistown;Botswana;546
Kasane;Botswana;546
Maun;Botswana;546
Gaborone;Botswana;546
Brazzaville;Congo;546
Pointe Noire;Congo;546
Mpaka;Eswatini;546
Bangui;Centrafrique;546
Bata;Guinée équatoriale;546
Malabo;Guinée équatoriale;546
Plaine Magnien;Maurice;546
Douala;Cameroun;546
Garoua;Cameroun;546
Yaoundé;Cameroun;546
Livingstone;Zambie;546
Lusaka;Zambie;546
Mfuwe;Zambie;546
Ndola;Zambie;546
Moroni;Comores;546
Dzaoudzi;Mayotte;546
Sainte-Marie;La Réunion;546
Saint-Pierre;La Réunion;546
Antananarivo;Madagascar;546
Toamasina;Madagascar;546
Mahajanga;Madagascar;546
Nosy Be;Madagascar;546
Luanda (Ícolo e Bengo);Angola;546
Port Gentil;Gabon;546
Libreville;Gabon;546
Franceville;Gabon;546
São Tomé;Sao Tomé-et-Principe;546
Beira;Mozambique;546
Maputo;Mozambique;546
Nampula;Mozambique;546
Tete;Mozambique;546
N'Djamena;Tchad;546
Bulawayo;Zimbabwe;546
Victoria Falls;Zimbabwe;546
Harare;Zimbabwe;546
Blantyre;Malawi;546
Lumbadzi;Malawi;546
Maseru(Mazenod);Lesotho;546
Walvis Bay(Rooikop);Namibie;546
Windhoek;Namibie;546
Kinshasa;Congo (RDC);546
Kisangani;Congo (RDC);546
Goma;Congo (RDC);546
Lubumbashi;Congo (RDC);546
Bamako;Mali;546
Timbuktu;Mali;546
Banjul (Yundum);Gambie;546
Fuerteventura;Espagne;546
Lanzarote;Espagne;546
Tenerife;Espagne;546
Freetown (Lungi-Town);Sierra Leone;546
Bissau;Guinée-Bissau;546
Monrovia;Libéria;546
Agadir (Temsia);Maroc;546
Zagora;Maroc;546
Saïss;Maroc;546
Ahl Angad;Maroc;546
Oulad Yaich;Maroc;546
Rabat;Maroc;546
Dakhla;EH;546
El Aaiún;EH;546
Al Aaroui;Maroc;546
Marrakesh;Maroc;546
Ouarzazate;Maroc;546
Tétouan;Maroc;546
Tanger;Maroc;546
Dakar;Sénégal;546
Nouakchott;Mauritanie;546
Nouadhibou;Mauritanie;546
Conakry;Guinée;546
Espargos;Cap-Vert;546
Rabil;Cap-Vert;546
Praia;Cap-Vert;546
São Pedro;Cap-Vert;546
Dire Dawa;Éthiopie;546
Jijiga;Éthiopie;546
Hawassa;Éthiopie;546
Bujumbura;Burundi;546
Bosaso;Somalie;546
Hargeisa;Somalie;546
Mogadishu;Somalie;546
Djibouti City;Djibouti;546
El Alamein;Égypte;546
El Arish;Égypte;546
Asyut;Égypte;546
Alexandrie;Égypte;546
Hurghada;Égypte;546
Louxor;Égypte;546
Marsa Alam;Égypte;546
Marsa Matruh;Égypte;546
Port Said;Égypte;546
Suhaj;Égypte;546
Sharm El Sheikh;Égypte;546
Aswan;Égypte;546
Al Jiza;Égypte;546
Juba;Soudan du Sud;546
Eldoret;Kenya;546
Kisumu;Kenya;546
Benina;Libye;546
Tripoli;Libye;546
Al Albraq;Libye;546
Kigali;Rwanda;546
Port Sudan;Soudan;546
Khartoum;Soudan;546
Arusha;Tanzanie;546
Dar es Salaam;Tanzanie;546
Mwanza;Tanzanie;546
Entebbe;Ouganda;546
Navi Mumbai;Inde;546
Albuquerque;États-Unis;546
Albany;États-Unis;546
Pittsburgh;États-Unis;546
Austin;États-Unis;546
Columbus;États-Unis;546
Hartford;États-Unis;546
Cleveland;États-Unis;546
Nashville;États-Unis;546
Boise;États-Unis;546
Buffalo;États-Unis;546
Burbank;États-Unis;546
Baltimore;États-Unis;546
Charleston;États-Unis;546
Charlotte;États-Unis;546
Colorado Springs;États-Unis;546
Jacksonville;États-Unis;546
Cincinnati / Covington;États-Unis;546
Detroit;États-Unis;546
Dallas-Fort Worth;États-Unis;546
Tucson;États-Unis;546
Des Moines;États-Unis;546
El Paso;États-Unis;546
Newark;États-Unis;546
Fresno;États-Unis;546
Fort Lauderdale;États-Unis;546
Fort Myers;États-Unis;546
Spokane;États-Unis;546
Grand Rapids;États-Unis;546
Greensboro;États-Unis;546
Ta Noun;Cambodge;546
Phnom Penh (Boeng Khyang);Cambodge;546
Dulles;États-Unis;546
Indianapolis;États-Unis;546
Long Beach;États-Unis;546
Louisville;États-Unis;546
Sacramento;États-Unis;546
Tampa;États-Unis;546
Kansas City;États-Unis;546
Memphis;États-Unis;546
Milwaukee;États-Unis;546
Minneapolis;États-Unis;546
New Orleans;États-Unis;546
Myrtle Beach;États-Unis;546
Norfolk;États-Unis;546
San Diego;États-Unis;546
Pensacola;États-Unis;546
Oakland;États-Unis;546
Omaha;États-Unis;546
Oklahoma City;États-Unis;546
Ontario;États-Unis;546
West Palm Beach;États-Unis;546
Phoenix;États-Unis;546
Pinellas Park;États-Unis;546
Palm Springs;États-Unis;546
Providence/Warwick;États-Unis;546
Raleigh/Durham;États-Unis;546
Richmond;États-Unis;546
Reno;États-Unis;546
Rochester;États-Unis;546
Tulsa;États-Unis;546
San Antonio;États-Unis;546
Savannah;États-Unis;546
San Bernardino;États-Unis;546
San Jose;États-Unis;546
Salt Lake City;États-Unis;546
Santa Ana;États-Unis;546
Sarasota/Bradenton;États-Unis;546
St Louis;États-Unis;546
Syracuse;États-Unis;546
Knoxville/Maryville;États-Unis;546
Rinas;Albanie;546
Burgas;Bulgarie;546
Plovdiv;Bulgarie;546
Sofia;Bulgarie;546
Varna;Bulgarie;546
Tymbou (Kirklar);Chypre;546
Larnaca;Chypre;546
Paphos;Chypre;546
Dubrovnik;Croatie;546
Pula;Croatie;546
Rijeka(Omišalj);Croatie;546
Split;Croatie;546
Velika Gorica;Croatie;546
Zadar;Croatie;546
Alicante;Espagne;546
Oviedo;Espagne;546
Bilbao;Espagne;546
Girona;Espagne;546
Málaga;Espagne;546
Minorque;Espagne;546
Murcie;Espagne;546
Reus;Espagne;546
Saint-Jacques-de-Compostelle;Espagne;546
Valencia;Espagne;546
Zaragoza;Espagne;546
Bastia;France;546
Figari;France;546
Clermont-Ferrand;France;546
Montpellier;France;546
Beauvais;France;546
Brest;France;546
Mulhouse;France;546
Kos;Grèce;546
Corfou;Grèce;546
Kavala;Grèce;546
Souda;Grèce;546
Santorin;Grèce;546
Debrecen;Hongrie;546
Pécs;Hongrie;546
Bari;Italie;546
Pescara;Italie;546
Brindisi;Italie;546
Lamezia Terme (CZ);Italie;546
Catane;Italie;546
Palerme;Italie;546
Cagliari;Italie;546
Olbia (SS);Italie;546
Bergame;Italie;546
Bologne;Italie;546
Treviso (TV);Italie;546
Ronchi dei Legionari/Trieste;Italie;546
Rimini (RN);Italie;546
Caselle (VR);Italie;546
Perugia (PG);Italie;546
Zgornji Brnik;Slovénie;546
České Budějovice;République tchèque;546
Karlovy Vary;République tchèque;546
Mošnov;République tchèque;546
Pardubice;République tchèque;546
Eilat;Israël;546
Valletta;Malte;546
Feldkirchen bei Graz;Autriche;546
Klagenfurt am Wörthersee;Autriche;546
Linz;Autriche;546
Funchal;Portugal;546
Ponta Delgada;Portugal;546
Porto;Portugal;546
Mahovljani;Bosnie-Herzégovine;546
Mostar;Bosnie-Herzégovine;546
Sarajevo;Bosnie-Herzégovine;546
Dubrave Gornje;Bosnie-Herzégovine;546
Bacău;Roumanie;546
Brașov (Ghimbav);Roumanie;546
Constanța;Roumanie;546
Cluj-Napoca;Roumanie;546
Craiova;Roumanie;546
Iaşi;Roumanie;546
Oradea;Roumanie;546
Otopeni;Roumanie;546
Sibiu;Roumanie;546
Suceava;Roumanie;546
Timişoara;Roumanie;546
Seyhan;Turquie;546
Gaziantep;Turquie;546
Konya;Turquie;546
Kayseri;Turquie;546
Nevşehir;Turquie;546
Eskişehir;Turquie;546
Gaziemir;Turquie;546
Dalaman;Turquie;546
Şanlıurfa;Turquie;546
Tarsus;Turquie;546
Edremit;Turquie;546
Bodrum;Turquie;546
Pendik, Istanbul;Turquie;546
Rize;Turquie;546
Chişinău;Moldavie;546
Ohrid;Macédoine du Nord;546
Ilinden;Macédoine du Nord;546
Gibraltar;Gibraltar;546
Belgrade;Serbie;546
Niš;Serbie;546
Podgorica;Monténégro;546
Bratislava;Slovaquie;546
Providenciales;Îles Turques-et-Caïques;546
La Romana;République dominicaine;546
Punta Cana;République dominicaine;546
Santo Domingo;République dominicaine;546
Guatemala City;Guatemala;546
San Pedro Sula;Honduras;546
Coxen Hole;Honduras;546
Palmerola;Honduras;546
Trujillo;Pérou;546
Montego Bay;Jamaïque;546
Acapulco;Mexique;546
Aguascalientes;Mexique;546
Huatulco;Mexique;546
Culiacán;Mexique;546
Ciudad Juárez;Mexique;546
Chihuahua;Mexique;546
Cozumel;Mexique;546
Hermosillo;Mexique;546
Silao;Mexique;546
Loreto;Mexique;546
Mérida;Mexique;546
Morelia;Mexique;546
Mazatlàn;Mexique;546
Oaxaca;Mexique;546
Puebla;Mexique;546
Puerto Vallarta;Mexique;546
Querétaro;Mexique;546
San José del Cabo;Mexique;546
Tijuana;Mexique;546
Tulum;Mexique;546
Toluca;Mexique;546
Villahermosa;Mexique;546
Veracruz;Mexique;546
Ixtapa;Mexique;546
Managua;Nicaragua;546
Tocumen;Panama;546
Punta Arenas;Chili;546
Liberia;Costa Rica;546
San José (Alajuela);Costa Rica;546
San Salvador (San Luis Talpa);Salvador;546
San Salvador;Bahamas;546
Cap Haitien;Haïti;546
Port-au-Prince;Haïti;546
Camaguey;Cuba;546
Havana;Cuba;546
Holguin;Cuba;546
Santa Clara;Cuba;546
Matanzas;Cuba;546
George Town;Îles Caïmans;546
Freeport;Bahamas;546
Nassau;Bahamas;546
Avarua;Îles Cook;546
Nadi;Fidji;546
Nausori;Fidji;546
Nuku'alofa;Tonga;546
Vava'u Island;Tonga;546
Birinin Kebbi;Nigeria;546
South Tarawa;Kiribati;546
Wallis Island;Wallis-et-Futuna;546
Pokhara;Népal;546
Apia;Samoa;546
Pago Pago;Samoa américaines;546
Port Vila;Vanuatu;546
Nouméa (La Tontouta);Nouvelle-Calédonie;546
Christchurch;Nouvelle-Zélande;546
Wellington;Nouvelle-Zélande;546
Guzara;Afghanistan;546
Kaboul;Afghanistan;546
Kandahar;Afghanistan;546
Mazar-i-Sharif;Afghanistan;546
Corisco Island;Guinée équatoriale;546
Abha;Arabie saoudite;546
Hofuf;Arabie saoudite;546
Al-Ula;Arabie saoudite;546
Ad Dammam;Arabie saoudite;546
Qassim;Arabie saoudite;546
Hail;Arabie saoudite;546
Medina;Arabie saoudite;546
Sharma;Arabie saoudite;546
Qaisumah;Arabie saoudite;546
Al-Jawf;Arabie saoudite;546
Tabuk;Arabie saoudite;546
Taif;Arabie saoudite;546
Yanbu;Arabie saoudite;546
Abadan;Iran;546
Ahvaz;Iran;546
Kish Island;Iran;546
Isfahan;Iran;546
Karaj;Iran;546
Bandar Abbas;Iran;546
Kerman;Iran;546
Qeshm(Dayrestan);Iran;546
Birjand;Iran;546
Mashhad;Iran;546
Shiraz;Iran;546
Tabriz;Iran;546
Zahedan;Iran;546
Aqaba;Jordanie;546
Duqm;Oman;546
Al Ain;Émirats arabes unis;546
Dubai(Jebel Ali);Émirats arabes unis;546
Fujairah;Émirats arabes unis;546
Ras Al Khaimah;Émirats arabes unis;546
Sharjah;Émirats arabes unis;546
Muscat/Seeb;Oman;546
Salalah;Oman;546
Suhar;Oman;546
Faisalabad;Pakistan;546
Gurandani;Pakistan;546
Attock;Pakistan;546
Lahore;Pakistan;546
Multan;Pakistan;546
Peshawar;Pakistan;546
Quetta;Pakistan;546
Skardu;Pakistan;546
Sialkot;Pakistan;546
Turbat;Pakistan;546
Bagdad;Irak;546
Arbil;Irak;546
Kirkuk;Irak;546
Basra;Irak;546
Najaf;Irak;546
Aleppo;Syrie;546
Damas;Syrie;546
Aden;Yémen;546
Mukalla(Riyan);Yémen;546
Sanaa;Yémen;546
Seiyun;Yémen;546
Anchorage;États-Unis;546
Rota Island;Îles Mariannes du Nord;546
Hagåtña;Guam;546
Kailua-Kona;États-Unis;546
Lihue, Kauai;États-Unis;546
Honolulu, Oahu;États-Unis;546
Kahului;États-Unis;546
Majuro Atoll;Îles Marshall;546
Kiritimati;Kiribati;546
Weno Island;Micronésie;546
Babelthuap Island;Palaos;546
Okat;Micronésie;546
Yap Island;Micronésie;546
Kaohsiung (Xiaogang);Taïwan;546
Taichung (Qingshui);Taïwan;546
Tainan (Rende);Taïwan;546
Huxi;Taïwan;546
Taipei (Songshan);Taïwan;546
Taoyuan;Taïwan;546
Hualien City;Taïwan;546
Narita;Japon;546
Omitama;Japon;546
Kobe;Japon;546
Hakodate;Japon;546
Kagoshima;Japon;546
Miyazaki;Japon;546
Kitakyushu;Japon;546
Saga;Japon;546
Kumamoto;Japon;546
Nagasaki;Japon;546
Tokoname;Japon;546
Kanazawa;Japon;546
Makinohara / Shimada;Japon;546
Hiroshima;Japon;546
Okayama;Japon;546
Nankoku;Japon;546
Matsuyama;Japon;546
Tokushima;Japon;546
Takamatsu;Japon;546
Aomori;Japon;546
Niigata;Japon;546
Natori;Japon;546
Muan (Piseo-ri);Corée du Sud;546
Gonghang-ro;Corée du Sud;546
Jeju City;Corée du Sud;546
Daegu;Corée du Sud;546
Cheongju;Corée du Sud;546
Naha;Japon;546
Olongapo;Philippines;546
Mabalacat;Philippines;546
Laoag City;Philippines;546
Legazpi;Philippines;546
Manila (Pasay);Philippines;546
Davao;Philippines;546
General Santos;Philippines;546
Laguindingan;Philippines;546
Zamboanga;Philippines;546
Bacolod City;Philippines;546
Cabatuan;Philippines;546
Kalibo;Philippines;546
Cebu City/Lapu-Lapu City;Philippines;546
Puerto Princesa;Philippines;546
Hanak;Arabie saoudite;546
Rosario;Argentine;546
Cordoba;Argentine;546
Buenos Aires (Ezeiza);Argentine;546
Mendoza;Argentine;546
San Miguel de Tucumán;Argentine;546
San Juan;Porto Rico;546
Resistencia;Argentine;546
Salta;Argentine;546
San Salvador de Jujuy;Argentine;546
Comodoro Rivadavia;Argentine;546
El Calafate;Argentine;546
Rio Gallegos;Argentine;546
Neuquén;Argentine;546
San Carlos de Bariloche;Argentine;546
Belém;Brésil;546
Curitiba;Brésil;546
Brasília;Brésil;546
Boa Vista;Brésil;546
Cuiabá;Brésil;546
Foz do Iguaçu;Brésil;546
Florianópolis;Brésil;546
Rio De Janeiro;Brésil;546
Goiânia;Brésil;546
João Pessoa;Brésil;546
Campinas;Brésil;546
Maceió;Brésil;546
Navegantes;Brésil;546
Porto Seguro;Brésil;546
Porto Velho;Brésil;546
Rio Branco;Brésil;546
Natal;Brésil;546
São Luís;Brésil;546
Salvador (Brésil);Brésil;546
Vitória;Brésil;546
Iquique;Chili;546
Antofagasta;Chili;546
Concepcion;Chili;546
Isla De Pascua;Chili;546
Temuco;Chili;546
Puerto Montt;Chili;546
Guayaquil;Équateur;546
Quito;Équateur;546
Salinas/La Libertad;Équateur;546
Tachina;Équateur;546
Asunción;Paraguay;546
Encarnación;Paraguay;546
Ciudad del Este;Paraguay;546
Bogota;Colombie;546
Barranquilla;Colombie;546
Cali;Colombie;546
Medellín;Colombie;546
San Andrés;Colombie;546
Sucre;Bolivie;546
Cochabamba;Bolivie;546
Santa Cruz;Bolivie;546
La Paz / El Alto;Bolivie;546
Oruro;Bolivie;546
Quijarro;Bolivie;546
Paramaribo;Suriname;546
Matoury;Guyane française;546
Pucallpa;Pérou;546
Chiclayo;Pérou;546
Juliaca;Pérou;546
Iquitos;Pérou;546
Arequipa;Pérou;546
Cusco;Pérou;546
Ciudad de la Costa;Uruguay;546
Barquisimeto;Venezuela;546
Maracaibo;Venezuela;546
Isla Margarita;Venezuela;546
Maiquetía;Venezuela;546
Guyana City;Venezuela;546
Georgetown;Guyana;546
Osbourn;Antigua-et-Barbuda;546
Bridgetown;Barbade;546
Fort-de-France;Martinique;546
Pointe-à-Pitre;Guadeloupe;546
Saint George's;Grenade;546
Charlotte Amalie;VI;546
Basseterre;Saint-Kitts-et-Nevis;546
Vieux Fort;Sainte-Lucie;546
Balkanabat;Turkménistan;546
Oranjestad;Aruba;546
Kralendijk;BQ;546
Willemstad;Curaçao;546
Sint Maarten;Saint-Martin;546
Gerald's Park;Montserrat;546
Scarborough;Trinité-et-Tobago;546
Port of Spain;Trinité-et-Tobago;546
Beef Island;Îles Vierges britanniques;546
Kingstown;Saint-Vincent-et-les-Grenadines;546
Astana;Kazakhstan;546
Kokshetau;Kazakhstan;546
Petropavl;Kazakhstan;546
Taraz;Kazakhstan;546
Bishkek;Kirghizistan;546
Osh;Kirghizistan;546
Shymkent;Kazakhstan;546
Turkıstan;Kazakhstan;546
Zhezkazgan;Kazakhstan;546
Karaganda;Kazakhstan;546
Baikonur;Kazakhstan;546
Kyzylorda;Kazakhstan;546
Uralsk;Kazakhstan;546
Ust-Kamenogorsk (Oskemen);Kazakhstan;546
Pavlodar;Kazakhstan;546
Semey;Kazakhstan;546
Aktau;Kazakhstan;546
Atyrau;Kazakhstan;546
Aktobe;Kazakhstan;546
Kostanay;Kazakhstan;546
Ganja;Azerbaïdjan;546
Nakhchivan;Azerbaïdjan;546
Tamchy;Kirghizistan;546
Gyumri;Arménie;546
Erevan;Arménie;546
Yakutsk;Russie;546
Kopitnari;Géorgie;546
Batumi;Géorgie;546
Tbilissi;Géorgie;546
Petropavlovsk-Kamchatsky;Russie;546
Yuzhno-Sakhalinsk;Russie;546
Artyom;Russie;546
Chita;Russie;546
Irkutsk;Russie;546
Ulan Ude;Russie;546
Simferopol;Ukraine;546
Uzhhorod;Ukraine;546
Murmansk;Russie;546
Kaliningrad;Russie;546
Minsk;Biélorussie;546
Abakan;Russie;546
Barnaul;Russie;546
Kemerovo;Russie;546
Krasnoïarsk;Russie;546
Novossibirsk;Russie;546
Omsk;Russie;546
Tomsk;Russie;546
Norilsk;Russie;546
Krasnodar;Russie;546
Grozny;Russie;546
Makhachkala;Russie;546
Mineralnyye Vody;Russie;546
Rostov-on-Don;Russie;546
Sochi;Russie;546
Astrakhan;Russie;546
Volgograd;Russie;546
Chelyabinsk;Russie;546
Magnitogorsk;Russie;546
Nizhnevartovsk;Russie;546
Perm;Russie;546
Surgut;Russie;546
Iekaterinbourg;Russie;546
Tyumen;Russie;546
Ashgabat;Turkménistan;546
Daşoguz;Turkménistan;546
Türkmenabat;Turkménistan;546
Dushanbe;Tadjikistan;546
Kulob;Tadjikistan;546
Khujand;Tadjikistan;546
Bokhtar;Tadjikistan;546
Namangan;Ouzbékistan;546
Nukus;Ouzbékistan;546
Urgench;Ouzbékistan;546
Bukhara;Ouzbékistan;546
Samarkand;Ouzbékistan;546
Tunoshna;Russie;546
Nizhny Novgorod;Russie;546
Kazan;Russie;546
Saransk;Russie;546
Saratov;Russie;546
Ufa;Russie;546
Samara;Russie;546
Ahmedabad;Inde;546
Vadodara;Inde;546
Bhopal;Inde;546
Rajkot;Inde;546
Indore;Inde;546
Nagpur;Inde;546
Nashik;Inde;546
Pune;Inde;546
Kakadi;Inde;546
Surat;Inde;546
Jaffna;Sri Lanka;546
Mattala;Sri Lanka;546
Siem Reap;Cambodge;546
Preah Sihanouk;Cambodge;546
Siliguri;Inde;546
Varanasi;Inde;546
Bhubaneswar;Inde;546
Guwahati;Inde;546
Imphal;Inde;546
Visakhapatnam;Inde;546
Chattogram (Chittagong);Bangladesh;546
Sylhet;Bangladesh;546
Amritsar;Inde;546
Chandigarh;Inde;546
New Delhi;Inde;546
Hisar;Inde;546
Halwara;Inde;546
Jaipur;Inde;546
Lucknow;Inde;546
Srinagar;Inde;546
Luang Phabang;Laos;546
Pakse;Laos;546
Vientiane;Laos;546
Nossa Senhora do Carmo;Macao;546
Siddharthanagar (Bhairahawa);Népal;546
Bengaluru;Inde;546
Vijayawada;Inde;546
Coimbatore;Inde;546
Kochi;Inde;546
Calicut;Inde;546
Mopa;Inde;546
Vasco da Gama;Inde;546
Kannur;Inde;546
Mangaluru;Inde;546
Port Blair;Inde;546
Tirupati;Inde;546
Tiruchirappalli;Inde;546
Thiruvananthapuram;Inde;546
Paro;Bhoutan;546
Noonu Atoll;Maldives;546
Gan;Maldives;546
Haa Dhaalu Atoll;Maldives;546
Malé;Maldives;546
Rayong;Thaïlande;546
Chiang Rai;Thaïlande;546
Krabi;Thaïlande;546
Na Thon (Ko Samui Island);Thaïlande;546
Hat Yai;Thaïlande;546
Udon Thani;Thaïlande;546
Haiphong (Hai An);Viêt Nam;546
Nha Trang/nha Trang aiurportCam Ranh;Viêt Nam;546
Can Tho;Viêt Nam;546
Da Nang;Viêt Nam;546
Hanoi (Soc Son);Viêt Nam;546
Phu Quoc Island;Viêt Nam;546
Mandalay;Myanmar;546
Naypyitaw;Myanmar;546
Makassar;Indonésie;546
Kuta, Badung;Indonésie;546
Mataram (Pujut, Lombok Tengah);Indonésie;546
Yogyakarta;Indonésie;546
Sentani;Indonésie;546
Balikpapan;Indonésie;546
Manado;Indonésie;546
Banjarbaru;Indonésie;546
Ambon;Indonésie;546
Surakarta;Indonésie;546
Surabaya;Indonésie;546
Semarang;Indonésie;546
Kuching;Malaisie;546
Kota Kinabalu;Malaisie;546
Bandar Seri Begawan;Brunei;546
Batam;Indonésie;546
Beringin;Indonésie;546
Pontianak;Indonésie;546
Padang (Katapiang);Indonésie;546
Banda Aceh;Indonésie;546
Ipoh;Malaisie;546
Johor Bahru;Malaisie;546
Sepang;Malaisie;546
Langkawi;Malaisie;546
Penang;Malaisie;546
Subang;Malaisie;546
Dili;Timor oriental;546
Oecussi-Ambeno;Timor oriental;546
Brisbane;Australie;546
Gold Coast;Australie;546
Cairns;Australie;546
Broome;Australie;546
Maroochydore;Australie;546
Toowoomba;Australie;546
Mokha;Yémen;546
Geelong/Melbourne;Australie;546
Hobart (Cambridge);Australie;546
Adelaide;Australie;546
West Island;CC;546
Darwin;Australie;546
Perth;Australie;546
Port Hedland;Australie;546
Sydney (Mascot);Australie;546
Williamtown;Australie;546
Ordos;Chine;546
Datong;Chine;546
Hohhot;Chine;546
Hailar;Chine;546
Baotou;Chine;546
Shijiazhuang;Chine;546
Tianjin;Chine;546
Yuncheng (Yanhu);Chine;546
Taiyuan;Chine;546
Zhangjiajie (Yongding);Chine;546
Guangzhou (Huadu);Chine;546
Changsha (Changsha);Chine;546
Guilin (Lingui);Chine;546
Nanning (Jiangnan);Chine;546
Jieyang (Rongcheng);Chine;546
Zhuhai (Jinwan);Chine;546
Zhanjiang;Chine;546
Zhengzhou;Chine;546
Ezhou;Chine;546
Wuhan (Huangpi);Chine;546
Luoyang (Laocheng);Chine;546
Haikou (Meilan);Chine;546
Sanya (Tianya);Chine;546
Pyongyang;Corée du Nord;546
Dunhuang;Chine;546
Yinchuan;Chine;546
Jiayuguan;Chine;546
Lanzhou (Yongdeng);Chine;546
Haidong (Huzhu Tu Autonomous County);Chine;546
Xi'an;Chine;546
Ulaanbaatar (Sergelen);Mongolie;546
Jinghong (Gasa);Chine;546
Lijiang;Chine;546
Kunming;Chine;546
Xiamen;Chine;546
Nanchang;Chine;546
Fuzhou (Changle);Chine;546
Jinan (Licheng);Chine;546
Lianyungang;Chine;546
Ningbo;Chine;546
Nanjing;Chine;546
Hefei;Chine;546
Shanghai (Pudong);Chine;546
Qingdao (Jiaozhou);Chine;546
Quanzhou;Chine;546
Huai'an;Chine;546
Shanghai (Minhang);Chine;546
Huangshan;Chine;546
Wuxi;Chine;546
Wenzhou (Longwan);Chine;546
Yancheng (Tinghu);Chine;546
Yantai;Chine;546
Yiwu/Jinhua;Chine;546
Zhoushan;Chine;546
Chongqing;Chine;546
Guiyang (Nanming);Chine;546
Shannan (Gonggar);Chine;546
Xigazê (Samzhubzê);Chine;546
Chengdu (Jianyang);Chine;546
Chengdu (Shuangliu);Chine;546
Kashgar;Chine;546
Ürümqi;Chine;546
Changchun;Chine;546
Harbin;Chine;546
Qiqihar;Chine;546
Dalian (Ganjingzi);Chine;546
Shenyang;Chine;546
Yamoussoukro;CI;351
Niamtougou;Togo;351
Berenice Troglodytica;Égypte;351
Liepāja;Lettonie;351
Sirt;Libye;351
Gautam Buddha Nagar;Inde;351
Istanbul(Bakırköy);Turquie;351
Dhahran;Arabie saoudite;351
Mosul;Irak;351
Okinawa;Japon;351
Pisco;Pérou;351
Zaporizhia;Ukraine;351
Odesa;Ukraine;351
Phnom Penh (Pou Senchey);Cambodge;351
Ho Chi Minh City (Long Thanh);Viêt Nam;351
Oulan-Bator;Mongolie;351
Aleknagik;États-Unis;222
Friday Harbor;États-Unis;222
Eastsound;États-Unis;222
Codrington;Antigua-et-Barbuda;222
Munda;Îles Salomon;222
Yaren;Nauru;222
Bayanhot;Chine;222
Baimuru;Papouasie-Nouvelle-Guinée;222
Buka Island;Papouasie-Nouvelle-Guinée;222
Balimo;Papouasie-Nouvelle-Guinée;222
Kundiawa;Papouasie-Nouvelle-Guinée;222
Daru;Papouasie-Nouvelle-Guinée;222
Goronka;Papouasie-Nouvelle-Guinée;222
Gurney;Papouasie-Nouvelle-Guinée;222
Popondetta;Papouasie-Nouvelle-Guinée;222
Kimbe;Papouasie-Nouvelle-Guinée;222
Kerema;Papouasie-Nouvelle-Guinée;222
Kavieng;Papouasie-Nouvelle-Guinée;222
Madang;Papouasie-Nouvelle-Guinée;222
Mount Hagen;Papouasie-Nouvelle-Guinée;222
Mendi;Papouasie-Nouvelle-Guinée;222
Manus Island;Papouasie-Nouvelle-Guinée;222
Kokopo;Papouasie-Nouvelle-Guinée;222
Vanimo;Papouasie-Nouvelle-Guinée;222
Wapenamanda;Papouasie-Nouvelle-Guinée;222
Wewak;Papouasie-Nouvelle-Guinée;222
Aasiaat;Groenland;222
Neerlerit Inaat;Groenland;222
Ilulissat;Groenland;222
Kulusuk;Groenland;222
Qaanaaq;Groenland;222
Kangerlussuaq;Groenland;222
Sisimiut;Groenland;222
Pituffik;Groenland;222
Egilsstaðir;Islande;222
Grímsey/Sandvík;Islande;222
Höfn;Islande;222
Ísafjörður;Islande;222
Vopnafjörður;Islande;222
Vitória da Conquista;Brésil;222
Caye Caulker;Belize;222
Caye Chapel;Belize;222
Corozal;Belize;222
Dangriga;Belize;222
Punta Gorda;États-Unis;222
San Pedro;Belize;222
Anahim Lake;Canada;222
Qualicum Beach;Canada;222
Bella Bella;Canada;222
Charlottetown;Canada;222
Bazhong;Chine;222
Shaoguan;Chine;222
Ji'an;Chine;222
Xiuzhou, Hangzhou;Chine;222
Xigazê (Dingri);Chine;222
Tashikuergan;Chine;222
Bengbu;Chine;222
Fort Frances;Canada;222
Sault Ste Marie;Canada;222
Kasabonika;Canada;222
St. Anthony;Canada;222
Tofino;Canada;222
Baie-Comeau;Canada;222
Bella Coola;Canada;222
Bonnyville;Canada;222
Saguenay;Canada;222
Baker Lake;Canada;222
Campbell River;Canada;222
Brandon;Canada;222
Blanc-Sablon;Canada;222
Cambridge Bay;Canada;222
Nanaimo;Canada;222
Castlegar;Canada;222
Charlo;Canada;222
Dawson City;Canada;222
Deer Lake;Canada;222
Dauphin;Canada;222
Inuvik;Canada;222
Iqaluit;Canada;222
Fredericton;Canada;222
Fort Simpson;Canada;222
La Grande Rivière;Canada;222
Gaspé;Canada;222
Les Îles-de-la-Madeleine;Canada;222
Havre-Saint-Pierre;Canada;222
Kuujjuarapik;Canada;222
Hay River;Canada;222
St-Augustin;Canada;222
Island Lake;Canada;222
Stephenville;Canada;222
Kamloops;Canada;222
Breslau;Canada;222
Schefferville;Canada;222
Lloydminster;Canada;222
Barrie;Canada;222
Fort McMurray;Canada;222
Moosonee;Canada;222
Chibougamau;Canada;222
Natashquan;Canada;222
Gatineau;Canada;222
Points North Landing;Canada;222
High Level;Canada;222
Prince Albert;Canada;222
Peace River;Canada;222
Pickle Lake;Canada;222
Port-Menier;Canada;222
Peterborough;Canada;222
Prince Rupert;Canada;222
Powell River;Canada;222
Puvirnituq;Canada;222
Fort Chipewyan;Canada;222
Burns Lake;Canada;222
Gravenhurst;Canada;222
The Pas;Canada;222
Windsor;Canada;222
Watson Lake;Canada;222
Kenora;Canada;222
Lethbridge;Canada;222
Moncton;Canada;222
Nakina;Canada;222
Comox;Canada;222
Regina;Canada;222
Thunder Bay;Canada;222
Grande Prairie;Canada;222
Gander;Canada;222
Quesnel;Canada;222
Resolute Bay;Canada;222
Roberval;Canada;222
Red Lake;Canada;222
Rankin Inlet;Canada;222
Sudbury;Canada;222
Stony Rapids;Canada;222
Saint John;Canada;222
Saint-Léonard;Canada;222
Fort Smith;Canada;222
Niagara-on-the-Lake;Canada;222
Thompson;Canada;222
Timmins;Canada;222
Sanirajak;Canada;222
Rouyn-Noranda;Canada;222
Bonaventure;Canada;222
La Ronge;Canada;222
Val-d'Or;Canada;222
Kuujjuaq;Canada;222
Norman Wells;Canada;222
Wiarton;Canada;222
Wabush;Canada;222
Williams Lake;Canada;222
Cranbrook;Canada;222
Medicine Hat;Canada;222
Fort Saint John;Canada;222
Rimouski;Canada;222
Sioux Lookout;Canada;222
Prince George;Canada;222
Terrace;Canada;222
Abbotsford;Canada;222
Whitehorse;Canada;222
North Bay;Canada;222
Smithers;Canada;222
Fort Nelson;Canada;222
Penticton;Canada;222
Lynn Lake;Canada;222
Churchill;Canada;222
Goose Bay;Canada;222
Mont-Joli;Canada;222
Yellowknife;Canada;222
Sandspit;Canada;222
Coral Harbour;Canada;222
Port Hardy;Canada;222
Whitecourt;Canada;222
Sept-Îles;Canada;222
South Tetagouche;Canada;222
Grand Forks;États-Unis;222
Masset;Canada;222
Sandy Lake;Canada;222
Illizi;Algérie;222
Sétif;Algérie;222
Tébessi;Algérie;222
Tindouf;Algérie;222
Béchar;Algérie;222
Bordj Badji Mokhtar;Algérie;222
Adrar;Algérie;222
El Menia;Algérie;222
El Atteuf;Algérie;222
Hassi Messaoud;Algérie;222
In Salah;Algérie;222
Touggourt;Algérie;222
Guemar;Algérie;222
Timimoun;Algérie;222
Ouargla;Algérie;222
In Aménas;Algérie;222
Sunyani;Ghana;222
Sekondi-Takoradi;Ghana;222
Bouaké;CI;222
;CI;222
Korhogo;CI;222
Katsina;Nigeria;222
Uyo;Nigeria;222
Akure;Nigeria;222
Benin;Nigeria;222
Calabar;Nigeria;222
Gombe;Nigeria;222
Ibadan;Nigeria;222
Owerri;Nigeria;222
Jos;Nigeria;222
Makurdi;Nigeria;222
Okpe;Nigeria;222
Yola;Nigeria;222
Zinder;Niger;222
Tabarka;Tunisie;222
Monastir;Tunisie;222
Enfidha;Tunisie;222
Gafsa;Tunisie;222
Gabès;Tunisie;222
Sfax;Tunisie;222
Tozeur;Tunisie;222
Antwerp;Belgique;222
Grâce-Hollogne;Belgique;222
Zirchow;Allemagne;222
Saarbrücken;Allemagne;222
Mannheim;Allemagne;222
Lübeck;Allemagne;222
Sylt;Allemagne;222
Kärdla;Estonie;222
Kuressaare;Estonie;222
Pärnu;Estonie;222
Tartu;Estonie;222
Enontekio;Finlande;222
Joensuu;Finlande;222
Jyväskylän Maalaiskunta;Finlande;222
Kemi / Tornio;Finlande;222
Kajaani;Finlande;222
Kokkola / Kruunupyy;Finlande;222
Kuusamo;Finlande;222
Pori;Finlande;222
Savonlinna;Finlande;222
Derry, Derry and Strabane;Royaume-Uni;222
Campbeltown;Royaume-Uni;222
Eday;Royaume-Uni;222
Bournemouth;Royaume-Uni;222
Southampton;Royaume-Uni;222
Newquay;Royaume-Uni;222
Saint Anne;Guernesey;222
Saint Peter Port;Guernesey;222
St. Peter;Jersey;222
Southend-on-Sea, Essex;Royaume-Uni;222
Grimsby, Lincolnshire;Royaume-Uni;222
Darlington, Durham;Royaume-Uni;222
Kirkwall, Orkney Islands;Royaume-Uni;222
Lerwick, Shetland;Royaume-Uni;222
Wick;Royaume-Uni;222
Inverness;Royaume-Uni;222
Isle of Islay, Argyll and Bute;Royaume-Uni;222
Balivanich;Royaume-Uni;222
Dundee;Royaume-Uni;222
Stornoway, Western Isles;Royaume-Uni;222
Eoligarry;Royaume-Uni;222
Balemartine, Argyll and Bute;Royaume-Uni;222
Norwich, Norfolk;Royaume-Uni;222
Exeter, Devon;Royaume-Uni;222
Donegal;Irlande;222
Farranfore;Irlande;222
Esbjerg;Danemark;222
Karup;Danemark;222
Roskilde;Danemark;222
Rønne;Danemark;222
Sønderborg;Danemark;222
Andenes;Norvège;222
Alta;Norvège;222
Brønnøy;Norvège;222
Båtsfjord;Norvège;222
Berlevåg;Norvège;222
Målselv;Norvège;222
Florø;Norvège;222
Karmøy;Norvège;222
Hammerfest;Norvège;222
Honningsvåg;Norvège;222
Kvernberget;Norvège;222
Kirkenes;Norvège;222
Leknes;Norvège;222
Mehamn;Norvège;222
Årø;Norvège;222
Mosjøen;Norvège;222
Lakselv;Norvège;222
Ørland;Norvège;222
Ørsta;Norvège;222
Mo i Rana;Norvège;222
Rørvik;Norvège;222
Røros;Norvège;222
Longyearbyen;Norvège;222
Svolvær;Norvège;222
Hadsel;Norvège;222
Leirvik;Norvège;222
Sørkjosen;Norvège;222
Vardø;Norvège;222
Alstahaug;Norvège;222
Vadsø;Norvège;222
Bydgoszcz;Pologne;222
Radom;Pologne;222
Szymany;Pologne;222
Nowe Kramsko;Pologne;222
Ronneby;Suède;222
Jönköping;Suède;222
Trollhättan;Suède;222
Mora;Suède;222
Kalmar;Suède;222
Halmstad;Suède;222
Växjö;Suède;222
Gällivare;Suède;222
Nyland;Suède;222
Lycksele;Suède;222
Sundsvall/ Härnösand;Suède;222
Örnsköldsvik;Suède;222
Skellefteå;Suède;222
Vilhelmina;Suède;222
Arvidsjaur;Suède;222
Östersund;Suède;222
Örebro;Suède;222
Karlstad;Suède;222
Borlange;Suède;222
Norrköping;Suède;222
Torsby;Suède;222
Ängelholm;Suède;222
Wurster Nordseeküste;Allemagne;222
Laage;Allemagne;222
Hoedspruit;Afrique du Sud;222
Margate;Afrique du Sud;222
Mafeking;Afrique du Sud;222
Mkuze;Afrique du Sud;222
Phalaborwa;Afrique du Sud;222
Pietermaritzburg;Afrique du Sud;222
Richards Bay;Afrique du Sud;222
Sishen;Afrique du Sud;222
Skukuza;Afrique du Sud;222
Upington;Afrique du Sud;222
Mthatha;Afrique du Sud;222
Mengomeyén;Guinée équatoriale;222
Cat Hill;Sainte-Hélène;222
Jamestown;Sainte-Hélène;222
Port Mathurin;Maurice;222
Maroua;Cameroun;222
N'Gaoundéré;Cameroun;222
Ouani;Comores;222
Vohilava;Madagascar;222
Morondava;Madagascar;222
Antisiranana;Madagascar;222
Besalampy;Madagascar;222
Maroantsetra;Madagascar;222
Sambava;Madagascar;222
Tôlanaro;Madagascar;222
Mananjary;Madagascar;222
Toliara;Madagascar;222
Mbanza Congo;Angola;222
Cabinda;Angola;222
Catumbela;Angola;222
Chitato;Angola;222
Ngiva;Angola;222
Huambo;Angola;222
Malanje;Angola;222
Menongue;Angola;222
Moçâmedes;Angola;222
Negage;Angola;222
Soyo;Angola;222
Lubango;Angola;222
Oyem;Gabon;222
Makokou;Gabon;222
São Tomé & Príncipe;Sao Tomé-et-Principe;222
Chimoio;Mozambique;222
Inhambane;Mozambique;222
Lichinga;Mozambique;222
Nacala;Mozambique;222
Pemba;Mozambique;222
Quelimane;Mozambique;222
Vilanculo;Mozambique;222
Praslin Island;Seychelles;222
Abeche;Tchad;222
Kariba;Zimbabwe;222
Mpacha;Namibie;222
Luderitz;Namibie;222
Ondangwa;Namibie;222
Oranjemund;Namibie;222
Rundu;Namibie;222
Bandundu;Congo (RDC);222
Kikwit;Congo (RDC);222
Mbandaka;Congo (RDC);222
Gbadolite;Congo (RDC);222
Gemena;Congo (RDC);222
Isiro;Congo (RDC);222
Bunia;Congo (RDC);222
Kindu;Congo (RDC);222
Kolwezi;Congo (RDC);222
Kalemie;Congo (RDC);222
Kananga;Congo (RDC);222
Mbuji Mayi;Congo (RDC);222
Gao;Mali;222
Kayes;Mali;222
Sévaré;Mali;222
El Hierro Island;Espagne;222
Sta Cruz de la Palma, La Palma Island;Espagne;222
Melilla;Espagne;222
Qaqortoq;Groenland;222
Greenville;États-Unis;222
Tan Tan;Maroc;222
Errachidia;Maroc;222
Smara;EH;222
Essaouira;Maroc;222
Ziguinchor;Sénégal;222
Cap Skirring;Sénégal;222
Zouérate;Mauritanie;222
Vila do Maio;Cap-Vert;222
Preguiça;Cap-Vert;222
Arba Minch;Éthiopie;222
Axum;Éthiopie;222
Bahir Dar;Éthiopie;222
Gambela;Éthiopie;222
Azezo;Éthiopie;222
Gode;Éthiopie;222
Jinka;Éthiopie;222
Jimma;Éthiopie;222
Kebri Dahar;Éthiopie;222
Mekele;Éthiopie;222
Asosa;Éthiopie;222
Gitega;Burundi;222
Berbera;Somalie;222
Abu Simbel;Égypte;222
New Cairo;Égypte;222
Taba;Égypte;222
Asmara;Érythrée;222
Ol Tukai;Kenya;222
Lamu;Kenya;222
Malindi;Kenya;222
Serena;Kenya;222
Gathiuru;Kenya;222
Wajir;Kenya;222
Ghat;Libye;222
Kufra;Libye;222
Sabha;Libye;222
Ghadames;Libye;222
Kamembe;Rwanda;222
Dongola;Soudan;222
El Fasher;Soudan;222
Kassala;Soudan;222
Nyala;Soudan;222
El-Obeid;Soudan;222
Malakal;Soudan du Sud;222
Wau;Soudan du Sud;222
Dodoma;Tanzanie;222
Mbeya;Tanzanie;222
Mtwara;Tanzanie;222
Tanga;Tanzanie;222
Arua;Ouganda;222
Gulu;Ouganda;222
Soroti;Ouganda;222
Kediri;Indonésie;222
Bilogai;Indonésie;222
Faizabad;Inde;222
Chipi;Inde;222
Hollongi;Inde;222
Ambikapur;Inde;222
Boulder City;États-Unis;222
Allentown/Bethlehem;États-Unis;222
Abilene;États-Unis;222
Nantucket;États-Unis;222
Waco;États-Unis;222
Arcata/Eureka;États-Unis;222
Atlantic City;États-Unis;222
Fort Worth;États-Unis;222
Augusta;États-Unis;222
Alliance;États-Unis;222
Akron;États-Unis;222
Waterloo;États-Unis;222
Alamosa;États-Unis;222
Walla Walla;États-Unis;222
Amarillo;États-Unis;222
Altoona;États-Unis;222
Alpena;États-Unis;222
Watertown;États-Unis;222
Aspen;États-Unis;222
Appleton;États-Unis;222
Asheville;États-Unis;222
Wilkes-Barre/Scranton;États-Unis;222
Kalamazoo;États-Unis;222
Branson;États-Unis;222
Bridgeport;États-Unis;222
Bedford;États-Unis;222
Bradford;États-Unis;222
Scottsbluff;États-Unis;222
Bakersfield;États-Unis;222
Mobile;États-Unis;222
Binghamton;États-Unis;222
Bangor;États-Unis;222
Bar Harbor;États-Unis;222
Bishop;États-Unis;222
Billings;États-Unis;222
Bismarck;États-Unis;222
Beaver;États-Unis;222
Bellingham;États-Unis;222
Belleville;États-Unis;222
Bloomington/Normal;États-Unis;222
Beaumont/Port Arthur;États-Unis;222
Brunswick;États-Unis;222
Brainerd;États-Unis;222
Burlington;États-Unis;222
Brownsville;États-Unis;222
Butte;États-Unis;222
Baton Rouge;États-Unis;222
Bozeman;États-Unis;222
Columbia;États-Unis;222
Concord;États-Unis;222
Cedar City;États-Unis;222
Chadron;États-Unis;222
Crescent City;États-Unis;222
Cortez;États-Unis;222
Cape Girardeau;États-Unis;222
Chattanooga;États-Unis;222
Charlottesville;États-Unis;222
Cedar Rapids;États-Unis;222
Kincheloe;États-Unis;222
College Station;États-Unis;222
Savoy;États-Unis;222
Hancock;États-Unis;222
Carlsbad;États-Unis;222
Moab;États-Unis;222
Cody;États-Unis;222
Casper;États-Unis;222
Corpus Christi;États-Unis;222
Clovis;États-Unis;222
Mosinee;États-Unis;222
Cheyenne;États-Unis;222
Daytona Beach;États-Unis;222
Dayton;États-Unis;222
Dubuque;États-Unis;222
Dodge City;États-Unis;222
Decatur;États-Unis;222
Dothan;États-Unis;222
Dickinson;États-Unis;222
Duluth;États-Unis;222
Dover;États-Unis;222
Durango;États-Unis;222
Destin;États-Unis;222
Dubois;États-Unis;222
Devils Lake;États-Unis;222
Kearney;États-Unis;222
Wenatchee;États-Unis;222
Eau Claire;États-Unis;222
Panama City Beach;États-Unis;222
Eagle;États-Unis;222
Elko;États-Unis;222
El Dorado;États-Unis;222
Elmira/Corning;États-Unis;222
Erie;États-Unis;222
Escanaba;États-Unis;222
Eugene;États-Unis;222
Evansville;États-Unis;222
New Bedford;États-Unis;222
New Bern;États-Unis;222
Key West;États-Unis;222
Fargo;États-Unis;222
Fayetteville;États-Unis;222
Flagstaff;États-Unis;222
Flint;États-Unis;222
Fort Dodge;États-Unis;222
Sioux Falls;États-Unis;222
Fort Wayne;États-Unis;222
Gillette;États-Unis;222
Garden City;États-Unis;222
Grand Canyon - Tusayan;États-Unis;222
Glendive;États-Unis;222
Longview;États-Unis;222
Grand Junction;États-Unis;222
Gainesville;États-Unis;222
Kalispell;États-Unis;222
Gulfport;États-Unis;222
Green Bay;États-Unis;222
Grand Island;États-Unis;222
Fort Cavazos;États-Unis;222
Greenville/Greer/Spartanburg;États-Unis;222
Great Falls;États-Unis;222
Columbus/W Point/Starkville;États-Unis;222
Gunnison;États-Unis;222
Gallup;États-Unis;222
Gary;États-Unis;222
Hayden;États-Unis;222
Hagerstown;États-Unis;222
Hawthorne;États-Unis;222
Hibbing;États-Unis;222
Ogden;États-Unis;222
Lake Havasu City;États-Unis;222
Helena;États-Unis;222
Hobbs;États-Unis;222
Hot Springs;États-Unis;222
White Plains;États-Unis;222
Harlingen;États-Unis;222
Harrison;États-Unis;222
Huntsville;États-Unis;222
Huntington;États-Unis;222
New Haven;États-Unis;222
Havre;États-Unis;222
Hilton Head Island;États-Unis;222
Hyannis;États-Unis;222
Hays;États-Unis;222
Wichita;États-Unis;222
Niagara Falls;États-Unis;222
Idaho Falls;États-Unis;222
Wilmington;États-Unis;222
Kingsford;États-Unis;222
International Falls;États-Unis;222
Imperial;États-Unis;222
Williamsport;États-Unis;222
Kirksville;États-Unis;222
Islip;États-Unis;222
Ithaca;États-Unis;222
Mesa;États-Unis;222
Jackson;États-Unis;222
Jonesboro;États-Unis;222
Joplin;États-Unis;222
Johnstown;États-Unis;222
West Lafayette;États-Unis;222
Lakeland;États-Unis;222
Lansing;États-Unis;222
Laramie;États-Unis;222
Lawton;États-Unis;222
Lubbock;États-Unis;222
Latrobe;États-Unis;222
North Platte;États-Unis;222
Liberal;États-Unis;222
Lake Charles;États-Unis;222
Lebanon;États-Unis;222
Lexington;États-Unis;222
Lafayette;États-Unis;222
Little Rock;États-Unis;222
Lincoln;États-Unis;222
Lancaster;États-Unis;222
Laredo;États-Unis;222
Las Cruces;États-Unis;222
La Crosse;États-Unis;222
Cincinnati;États-Unis;222
Lewisburg;États-Unis;222
Lewiston;États-Unis;222
Lynchburg;États-Unis;222
Midland;États-Unis;222
Freeland;États-Unis;222
Merced;États-Unis;222
McCook;États-Unis;222
Macon;États-Unis;222
Mason City;États-Unis;222
Harrisburg;États-Unis;222
Meridian;États-Unis;222
McAllen;États-Unis;222
Medford;États-Unis;222
Michigan City;États-Unis;222
Montgomery;États-Unis;222
Morgantown;États-Unis;222
Manhattan;États-Unis;222
Minot;États-Unis;222
Muskegon;États-Unis;222
Moline;États-Unis;222
Monroe;États-Unis;222
Mammoth Lakes;États-Unis;222
Monterey;États-Unis;222
Muscle Shoals;États-Unis;222
Madison;États-Unis;222
Missoula;États-Unis;222
Massena;États-Unis;222
Montrose;États-Unis;222
Marion;États-Unis;222
Mineral Wells;États-Unis;222
McCall;États-Unis;222
Yuma;États-Unis;222
Richlands;États-Unis;222
Ogdensburg;États-Unis;222
Wolf Point;États-Unis;222
Olympia;États-Unis;222
Newport;États-Unis;222
Worcester;États-Unis;222
North Bend;États-Unis;222
Owensboro;États-Unis;222
Ocean City;États-Unis;222
Everett;États-Unis;222
Paducah;États-Unis;222
Plattsburgh;États-Unis;222
Pendleton;États-Unis;222
Page;États-Unis;222
Newport News;États-Unis;222
Peoria;États-Unis;222
Moselle;États-Unis;222
Pocatello;États-Unis;222
Pierre;États-Unis;222
Parkersburg (Williamstown);États-Unis;222
Pellston;États-Unis;222
Presque Isle;États-Unis;222
Prescott;États-Unis;222
Pasco;États-Unis;222
Portsmouth;États-Unis;222
Pueblo;États-Unis;222
Pullman;États-Unis;222
Provo;États-Unis;222
Rapid City;États-Unis;222
Redding;États-Unis;222
Redmond;États-Unis;222
Chicago/Rockford;États-Unis;222
Rhinelander;États-Unis;222
Riverton;États-Unis;222
Rockland;États-Unis;222
Rock Springs;États-Unis;222
Roanoke;États-Unis;222
Roswell;États-Unis;222
Rutland;États-Unis;222
Santa Fe;États-Unis;222
Gwinn;États-Unis;222
Santa Barbara;États-Unis;222
South Bend;États-Unis;222
San Luis Obispo;États-Unis;222
Salisbury;États-Unis;222
Stockton;États-Unis;222
Sidney;États-Unis;222
Springfield;États-Unis;222
St Augustine;États-Unis;222
St George;États-Unis;222
Weyers Cave;États-Unis;222
Sheridan;États-Unis;222
Shreveport;États-Unis;222
San Angelo;États-Unis;222
Taos;États-Unis;222
Salem;États-Unis;222
Saranac Lake;États-Unis;222
Salina;États-Unis;222
Salmon;États-Unis;222
Santa Maria;États-Unis;222
Show Low;États-Unis;222
Wichita Falls;États-Unis;222
San Carlos;États-Unis;222
Saint Cloud;États-Unis;222
Santa Rosa;États-Unis;222
Hailey;États-Unis;222
Sioux City;États-Unis;222
Silver City;États-Unis;222
Newburgh;États-Unis;222
Stillwater;États-Unis;222
Fort Leonard Wood;États-Unis;222
Tacoma;États-Unis;222
Teterboro;États-Unis;222
Telluride;États-Unis;222
Tallahassee;États-Unis;222
Toledo;États-Unis;222
Blountville;États-Unis;222
Truckee;États-Unis;222
Ewing Township;États-Unis;222
Tupelo;États-Unis;222
Traverse City;États-Unis;222
Thief River Falls;États-Unis;222
Twin Falls;États-Unis;222
Texarkana;États-Unis;222
Tyler;États-Unis;222
Quincy;États-Unis;222
State College;États-Unis;222
Valdosta;États-Unis;222
Vernal;États-Unis;222
Valparaiso;États-Unis;222
Vero Beach;États-Unis;222
Westerly;États-Unis;222
West Yellowstone;États-Unis;222
Fayetteville/Springdale/Rogers;États-Unis;222
Williston;États-Unis;222
Yakima;États-Unis;222
Ton Phueng;Laos;222
Lefkoniko (Geçitkale);Chypre;222
Osijek(Klisa);Croatie;222
Gornji Humac;Croatie;222
Almería;Espagne;222
Badajoz;Espagne;222
Castellón de la Plana;Espagne;222
Culleredo;Espagne;222
Lleida;Espagne;222
Granada;Espagne;222
Jerez de la Frontera;Espagne;222
La Virgen del Camino;Espagne;222
Pamplona;Espagne;222
Salamanca;Espagne;222
Hondarribia;Espagne;222
La Seu d'Urgell Pyrenees and Andorra;Espagne;222
Valladolid;Espagne;222
Alava;Espagne;222
Vigo;Espagne;222
Santander;Espagne;222
Bergerac;France;222
La Rochelle;France;222
Poitiers/Biard;France;222
Limoges/Bellegarde;France;222
Pau/Pyrénées (Uzein);France;222
Tarbes/Lourdes/Pyrénées;France;222
Biarritz;France;222
Castres;France;222
Rodez/Marcillac;France;222
Dole;France;222
Goin;France;222
Calvi;France;222
Ajaccio;France;222
Chambéry;France;222
Annecy;France;222
Grenoble;France;222
Aurillac;France;222
Carcassonne;France;222
Perpignan/Rivesaltes;France;222
Béziers;France;222
Avignon;France;222
Chalons en Champagne;France;222
Tours, Indre-et-Loire;France;222
Dinard;France;222
Deauville;France;222
Lorient/Lann/Bihoué;France;222
Caen;France;222
Le Mans, Sarthe;France;222
Saint-Jacques-de-la-Lande, Ille-et-Vilaine;France;222
Saint-Nazaire/Montoir;France;222
Dijon;France;222
Brive;France;222
Hyères, Var;France;222
Nîmes/Garons;France;222
Alexandroupolis;Grèce;222
Nea Anchialos;Grèce;222
Chios Island;Grèce;222
Ioannina;Grèce;222
Kefallinia Island;Grèce;222
Kalamata;Grèce;222
Karpathos Island;Grèce;222
Kozani;Grèce;222
Mykonos;Grèce;222
Mytilene;Grèce;222
Preveza;Grèce;222
Patras;Grèce;222
Skiathos;Grèce;222
Samos Island;Grèce;222
Crete Island;Grèce;222
Zakynthos;Grèce;222
Sármellék;Hongrie;222
Isola di Capo Rizzuto (KR);Italie;222
Foggia (FG);Italie;222
Comiso;Italie;222
Lampedusa;Italie;222
Pantelleria (TP);Italie;222
Reggio Calabria;Italie;222
Trapani (TP);Italie;222
Alghero;Italie;222
Parma (PR);Italie;222
Levaldigi (CN);Italie;222
Bolzano (BZ);Italie;222
Forlì (FC);Italie;222
Montichiari (BS);Italie;222
Falconara Marittima (AN);Italie;222
Salerno;Italie;222
Campo nell'Elba (LI);Italie;222
Maribor;Slovénie;222
Brno;République tchèque;222
Haifa;Israël;222
Vila do Porto;Portugal;222
Bragança;Portugal;222
Cascais;Portugal;222
Santa Cruz das Flores;Portugal;222
Santa Cruz da Graciosa;Portugal;222
Horta;Portugal;222
Praia da Vitória;Portugal;222
Pico Island;Portugal;222
Portimão;Portugal;222
Vila Baleira;Portugal;222
Velas;Portugal;222
Vila Real;Portugal;222
Viseu;Portugal;222
Arad;Roumanie;222
Tăuții-Măgherăuș;Roumanie;222
Satu Mare;Roumanie;222
Recea;Roumanie;222
Agno;Suisse;222
Berne;Suisse;222
St. Gallen;Suisse;222
Zonguldak;Turquie;222
Malatya;Turquie;222
Tokat;Turquie;222
Denizli;Turquie;222
Balıkesir;Turquie;222
Çanakkale;Turquie;222
Yenişehir;Turquie;222
Çorlu;Turquie;222
Elazığ;Turquie;222
Ordu;Turquie;222
Diyarbakır;Turquie;222
Erzincan;Turquie;222
Erzurum;Turquie;222
Kars;Turquie;222
Trabzon;Turquie;222
Van;Turquie;222
Batman;Turquie;222
Muş;Turquie;222
Sinop;Turquie;222
Kahramanmaraş;Turquie;222
Ağrı;Turquie;222
Adıyaman;Turquie;222
Mardin;Turquie;222
Iğdır;Turquie;222
Şırnak;Turquie;222
Hakkari;Turquie;222
Antakya;Turquie;222
Isparta;Turquie;222
Gazipaşa;Turquie;222
Samsun;Turquie;222
Kraljevo;Serbie;222
Tivat;Monténégro;222
Nanchong (Langzhong);Chine;222
Košice;Slovaquie;222
Sliač;Slovaquie;222
Poprad;Slovaquie;222
Cockburn Town;Îles Turques-et-Caïques;222
North Caicos;Îles Turques-et-Caïques;222
South Caicos;Îles Turques-et-Caïques;222
Barahona;République dominicaine;222
Samana;République dominicaine;222
La Isabela;République dominicaine;222
Puerto Plata;République dominicaine;222
Puerto Barrios;Guatemala;222
Retalhuleu;Guatemala;222
San Benito;Guatemala;222
La Ceiba;Honduras;222
Guanaja;Honduras;222
Tegucigalpa;Honduras;222
Boscobel;Jamaïque;222
Tinson Pen;Jamaïque;222
Ciudad del Carmen;Mexique;222
Chetumal;Mexique;222
Ciudad Obregón;Mexique;222
Campeche;Mexique;222
Ciudad Victoria;Mexique;222
Tepic;Mexique;222
Guaymas;Mexique;222
Colima;Mexique;222
Saltillo;Mexique;222
Ixtepec;Mexique;222
Los Mochis;Mexique;222
La Paz;Mexique;222
Matamoros;Mexique;222
Mexicali;Mexique;222
Cosoleacaque;Mexique;222
Nuevo Laredo;Mexique;222
Poza Rica;Mexique;222
Piedras Negras;Mexique;222
Uruapan;Mexique;222
Puerto Escondido;Mexique;222
Reynosa;Mexique;222
Cabo San Lucas;Mexique;222
San Luis Potosí;Mexique;222
Torreón;Mexique;222
Tuxtla Gutiérrez;Mexique;222
Ciudad Madero;Mexique;222
Tapachula;Mexique;222
Zacatecas;Mexique;222
Manzanillo;Mexique;222
Bluefields;Nicaragua;222
Puerto Cabezas;Nicaragua;222
Isla Colón;Panama;222
Chitré;Panama;222
Changuinola;Panama;222
David;Panama;222
Colón;Panama;222
Albrook;Panama;222
La Fortuna;Costa Rica;222
Golfito;Costa Rica;222
Limón;Costa Rica;222
Nicoya;Costa Rica;222
Puerto Jimenez;Costa Rica;222
Quepos;Costa Rica;222
Les Cayes;Haïti;222
Carrefour Sanon;Haïti;222
Baracoa;Cuba;222
Bayamo;Cuba;222
Cayo Coco;Cuba;222
Cienfuegos;Cuba;222
Cayo Largo del Sur;Cuba;222
Santa Marta;Colombie;222
Nueva Gerona;Cuba;222
Trinidad;Cuba;222
Las Tunas;Cuba;222
West End;Îles Caïmans;222
Andros Town;Bahamas;222
Andros;Bahamas;222
Marsh Harbour;Bahamas;222
Andros Island;Bahamas;222
Spring Point;Bahamas;222
Treasure Cay;Bahamas;222
Chub Cay;Bahamas;222
South Bimini;Bahamas;222
Arthur's Town;Bahamas;222
Cat Island;Bahamas;222
Colonel Hill;Bahamas;222
Moss Town;Bahamas;222
North Eleuthera;Bahamas;222
Governor's Harbour;Bahamas;222
Rock Sound;Bahamas;222
Matthew Town;Bahamas;222
Deadman's Cay;Bahamas;222
Stella Maris;Bahamas;222
Abraham Bay Settlement;Bahamas;222
Placencia;Belize;222
Labasa;Fidji;222
Lifuka;Tonga;222
Funafuti;Tuvalu;222
Alofi;Niue;222
Ninglang;Chine;222
Anaa;Polynésie française;222
Fangatau;Polynésie française;222
Tuherahera;Polynésie française;222
Raitahiti;Polynésie française;222
Makemo;Polynésie française;222
Ahe Atoll;Polynésie française;222
Nuku Hiva;Polynésie française;222
Hiva Oa Island;Polynésie française;222
Motu Mute;Polynésie française;222
Fare;Polynésie française;222
Moorea-Maiao;Polynésie française;222
Otepa;Polynésie française;222
Uturoa;Polynésie française;222
Luganville;Vanuatu;222
Tanna Island;Vanuatu;222
Tiga;Nouvelle-Calédonie;222
Koné;Nouvelle-Calédonie;222
Île des Pins;Nouvelle-Calédonie;222
Lifou;Nouvelle-Calédonie;222
Nouméa;Nouvelle-Calédonie;222
Maré;Nouvelle-Calédonie;222
Touho;Nouvelle-Calédonie;222
Ouvéa;Nouvelle-Calédonie;222
Taupo;Nouvelle-Zélande;222
Te One;Nouvelle-Zélande;222
Dunedin;Nouvelle-Zélande;222
Gisborne;Nouvelle-Zélande;222
Kerikeri;Nouvelle-Zélande;222
Awanui;Nouvelle-Zélande;222
New Plymouth;Nouvelle-Zélande;222
Napier;Nouvelle-Zélande;222
Nelson;Nouvelle-Zélande;222
Invercargill;Nouvelle-Zélande;222
Palmerston North;Nouvelle-Zélande;222
Rotorua;Nouvelle-Zélande;222
Tauranga;Nouvelle-Zélande;222
Blenheim;Nouvelle-Zélande;222
Wanaka;Nouvelle-Zélande;222
Whakatāne;Nouvelle-Zélande;222
Whangarei;Nouvelle-Zélande;222
Westport;Nouvelle-Zélande;222
Wanganui;Nouvelle-Zélande;222
Khost;Afghanistan;222
Maymana;Afghanistan;222
Al-Baha;Arabie saoudite;222
Bisha;Arabie saoudite;222
Dawadmi;Arabie saoudite;222
Jizan;Arabie saoudite;222
Gurayat;Arabie saoudite;222
King Khaled Military City;Arabie saoudite;222
Najran;Arabie saoudite;222
Rafha;Arabie saoudite;222
Arar;Arabie saoudite;222
Sharurah;Arabie saoudite;222
Turaif;Arabie saoudite;222
Wadi Al Dawasir;Arabie saoudite;222
Al Wajh;Arabie saoudite;222
Dezful;Iran;222
Gachsaran;Iran;222
Mahshahr;Iran;222
Abu Musa;Iran;222
Bushehr;Iran;222
Bandar Lengeh;Iran;222
Khiyaroo;Iran;222
Khark;Iran;222
Kermanshah;Iran;222
Kashan;Iran;222
Rasht;Iran;222
Hamadan;Iran;222
Bam;Iran;222
Rafsanjan;Iran;222
Bojnord;Iran;222
Sabzevar;Iran;222
Nowshahr;Iran;222
Ramsar;Iran;222
Sari;Iran;222
Lar;Iran;222
Lamerd;Iran;222
Ardabil;Iran;222
Urmia;Iran;222
Yazd;Iran;222
Konarak;Iran;222
Khasab;Oman;222
Bahawalpur;Pakistan;222
Chitral;Pakistan;222
Dera Ghazi Khan;Pakistan;222
Gilgit;Pakistan;222
Nawabashah;Pakistan;222
Rahim Yar Khan;Pakistan;222
Sukkur;Pakistan;222
Fort Sandeman;Pakistan;222
Sulaymaniyah;Irak;222
Qamishli;Syrie;222
Latakia;Syrie;222
Al Ghaydah;Yémen;222
Mori;Yémen;222
Taiz;Yémen;222
Barter Island;États-Unis;222
Bethel;États-Unis;222
Utqiaġvik;États-Unis;222
Cold Bay;États-Unis;222
Cordova;États-Unis;222
Deering;États-Unis;222
Adak;États-Unis;222
Dillingham;États-Unis;222
Kodiak;États-Unis;222
Unalaska;États-Unis;222
Fairbanks;États-Unis;222
Emmonak;États-Unis;222
Kenai;États-Unis;222
Ambler;États-Unis;222
Galena;États-Unis;222
Gulkana;États-Unis;222
Gambell;États-Unis;222
Gustavus;États-Unis;222
Holy Cross;États-Unis;222
Huslia;États-Unis;222
Haines;États-Unis;222
Homer;États-Unis;222
Egegik;États-Unis;222
Kiana;États-Unis;222
Iliamna;États-Unis;222
Utopia Creek;États-Unis;222
Juneau;États-Unis;222
King Salmon;États-Unis;222
Anaktuvuk Pass;États-Unis;222
Ketchikan;États-Unis;222
Klawock;États-Unis;222
Cape Lisburne;États-Unis;222
McGrath;États-Unis;222
Mekoryuk;États-Unis;222
Aniak;États-Unis;222
Anvik;États-Unis;222
Nome;États-Unis;222
Northway;États-Unis;222
Kotzebue;États-Unis;222
Petersburg;États-Unis;222
Port Heiden;États-Unis;222
Platinum;États-Unis;222
Nuiqsut;États-Unis;222
Arctic Village;États-Unis;222
Ruby;États-Unis;222
Savoonga;États-Unis;222
Deadhorse;États-Unis;222
Sand Point;États-Unis;222
Sitka;États-Unis;222
St Paul Island;États-Unis;222
Atqasuk;États-Unis;222
Unalakleet;États-Unis;222
Valdez;États-Unis;222
Wrangell;États-Unis;222
Wainwright;États-Unis;222
Yakutat;États-Unis;222
Fort Yukon;États-Unis;222
I Fadang, Saipan;Îles Mariannes du Nord;222
Tinian Island;Îles Mariannes du Nord;222
Hana;États-Unis;222
Lahaina;États-Unis;222
Kaunakakai;États-Unis;222
Waimea (Kamuela);États-Unis;222
Lanai City;États-Unis;222
Hilo;États-Unis;222
Kwajalein;Îles Marshall;222
Point Lay;États-Unis;222
Pohnpei Island;Micronésie;222
Wake Island;UM;222
Shang-I;Taïwan;222
Matsu (Nangan);Taïwan;222
Taitung City;Taïwan;222
Shuishang;Taïwan;222
Orchid Island;Taïwan;222
Matsu (Beigan);Taïwan;222
Matsumoto;Japon;222
Shirahama;Japon;222
Toyooka;Japon;222
Obihiro;Japon;222
Kushiro;Japon;222
Ōzora;Japon;222
Nakashibetsu;Japon;222
Wakkanai;Japon;222
Amakusa;Japon;222
Iki;Japon;222
Ube;Japon;222
Tsushima;Japon;222
Monbetsu;Japon;222
Higashikagura;Japon;222
Okushiri Island;Japon;222
Rishiri;Japon;222
Yakushima;Japon;222
Goto;Japon;222
Tanegashima;Japon;222
Oita;Japon;222
Amami;Japon;222
Wadomari;Japon;222
Kikai;Japon;222
Amagi;Japon;222
Okinoshima;Japon;222
Toyama;Japon;222
Wajima;Japon;222
Izumo;Japon;222
Yonago;Japon;222
Iwakuni;Japon;222
Tottori;Japon;222
Masuda;Japon;222
Higashine;Japon;222
Sado;Japon;222
Sukagawa;Japon;222
Hanamaki;Japon;222
Akita;Japon;222
Misawa;Japon;222
Kitaakita;Japon;222
Shonai;Japon;222
Hachijojima;Japon;222
Izu Oshima;Japon;222
Miyakejima;Japon;222
Gwangju;Corée du Sud;222
Gunsan;Corée du Sud;222
Yeosu;Corée du Sud;222
Wonju;Corée du Sud;222
Sacheon;Corée du Sud;222
Ulsan;Corée du Sud;222
Pohang;Corée du Sud;222
Ishigaki;Japon;222
Kumejima;Japon;222
Minamidaito;Japon;222
Miyakojima;Japon;222
Kitadaitōjima;Japon;222
Tarama;Japon;222
Yoron;Japon;222
Yonaguni;Japon;222
Datu Odin Sinsuat;Philippines;222
Butuan;Philippines;222
Dipolog;Philippines;222
Mambajao;Philippines;222
Jolo;Philippines;222
Bongao;Philippines;222
Ozamiz;Philippines;222
Pagadian;Philippines;222
Surigao City;Philippines;222
Panglao;Philippines;222
Baguio;Philippines;222
Naga;Philippines;222
Basco;Philippines;222
Tuguegarao City;Philippines;222
Virac;Philippines;222
Cauayan City;Philippines;222
Tacloban City;Philippines;222
Calbayog City;Philippines;222
Dumaguete City;Philippines;222
Caticlan;Philippines;222
Catarman;Philippines;222
Masbate;Philippines;222
Roxas City;Philippines;222
Tablas Island;Philippines;222
Coron;Philippines;222
Yeysk;Russie;222
Parana;Argentine;222
San Rafael;Argentine;222
Catamarca;Argentine;222
Santiago del Estero;Argentine;222
La Rioja;Argentine;222
Termas de Río Hondo;Argentine;222
San Luis;Argentine;222
Corrientes;Argentine;222
Formosa;Argentine;222
Puerto Iguazu;Argentine;222
Posadas;Argentine;222
Esquel;Argentine;222
Las Heras;Argentine;222
Rawson;Argentine;222
Viedma / Carmen de Patagones;Argentine;222
Puerto Madryn;Argentine;222
Puerto Deseado;Argentine;222
Rio Grande;Argentine;222
Ushuaia;Argentine;222
Perito Moreno;Argentine;222
Bahía Blanca;Argentine;222
Santa Teresita;Argentine;222
Mar del Plata;Argentine;222
Necochea;Argentine;222
Chapelco/San Martin de los Andes;Argentine;222
Bauru;Brésil;222
Araraquara;Brésil;222
Aracaju;Brésil;222
Alta Floresta;Brésil;222
Araçatuba;Brésil;222
Araxá;Brésil;222
Cascavel;Brésil;222
Campo Grande;Brésil;222
Chapecó;Brésil;222
Parauapebas;Brésil;222
Criciúma;Brésil;222
Campos dos Goytacazes;Brésil;222
Corumbá;Brésil;222
Caxias Do Sul;Brésil;222
Cruzeiro Do Sul;Brésil;222
Presidente Prudente;Brésil;222
Fernando de Noronha;Brésil;222
Governador Valadares;Brésil;222
Altamira;Brésil;222
Itaituba;Brésil;222
Ilhéus;Brésil;222
Ipatinga;Brésil;222
Imperatriz;Brésil;222
Cruz;Brésil;222
Juiz de Fora;Brésil;222
Joinville;Brésil;222
Campina Grande;Brésil;222
Lages;Brésil;222
Londrina;Brésil;222
Marabá;Brésil;222
Maringá;Brésil;222
Montes Claros;Brésil;222
Marília;Brésil;222
Macapá;Brésil;222
Mossoró;Brésil;222
Manicoré;Brésil;222
Santo Ângelo;Brésil;222
Parnaíba;Brésil;222
Passo Fundo;Brésil;222
Ponta Grossa;Brésil;222
Palmas;Brésil;222
Pelotas;Brésil;222
Petrolina;Brésil;222
Ponta Porã;Brésil;222
Rondonópolis;Brésil;222
Ribeirão Preto;Brésil;222
São José Dos Campos;Brésil;222
Santarém;Brésil;222
São José do Rio Preto;Brésil;222
Oriximiná;Brésil;222
Teresina;Brésil;222
Tefé;Brésil;222
Tabatinga;Brésil;222
Tucuruí;Brésil;222
São Gabriel da Cachoeira;Brésil;222
Paulo Afonso;Brésil;222
Uruguaiana;Brésil;222
Uberlândia;Brésil;222
Uberaba;Brésil;222
Vilhena;Brésil;222
Arica;Chili;222
Copiapo;Chili;222
Balmaceda;Chili;222
Calama;Chili;222
El Salvador;Chili;222
Osorno;Chili;222
Puerto Natales;Chili;222
La Serena-Coquimbo;Chili;222
Valdivia;Chili;222
Feira de Santana;Brésil;222
Coca;Équateur;222
Cuenca;Équateur;222
Isla Baltra;Équateur;222
Latacunga;Équateur;222
Macas;Équateur;222
Manta;Équateur;222
Tulcán;Équateur;222
Armenia;Colombie;222
Puerto Asís;Colombie;222
Bucaramanga;Colombie;222
Bahía Solano;Colombie;222
Buenaventura;Colombie;222
Cúcuta;Colombie;222
Tumaco;Colombie;222
Barrancabermeja;Colombie;222
Florencia;Colombie;222
Guapi;Colombie;222
Ibagué;Colombie;222
Ipiales;Colombie;222
Carepa;Colombie;222
Leticia;Colombie;222
Montería;Colombie;222
Mitú;Colombie;222
Manizales;Colombie;222
Neiva;Colombie;222
Puerto Carreño;Colombie;222
Puerto Inírida;Colombie;222
Pereira;Colombie;222
Popayán;Colombie;222
Chachagüí;Colombie;222
Providencia;Colombie;222
Riohacha;Colombie;222
San José Del Guaviare;Colombie;222
San Vicente Del Caguán;Colombie;222
Tame;Colombie;222
Arauca;Colombie;222
Quibdó;Colombie;222
Valledupar;Colombie;222
Villavicencio;Colombie;222
Yopal;Colombie;222
Cobija;Bolivie;222
Guayaramerín;Bolivie;222
Puerto Suárez;Bolivie;222
Riberalta;Bolivie;222
Tarija;Bolivie;222
Sobral;Brésil;222
Maripasoula;Guyane française;222
Saint-Laurent-du-Maroni;Guyane française;222
Chimbote;Pérou;222
Ayacucho;Pérou;222
Jaén;Pérou;222
Jauja;Pérou;222
Cajamarca;Pérou;222
Ilo;Pérou;222
Tumbes;Pérou;222
Yurimaguas;Pérou;222
Huánuco;Pérou;222
Chachapoyas;Pérou;222
Tarapoto;Pérou;222
Tacna;Pérou;222
Puerto Maldonado;Pérou;222
Piura;Pérou;222
Talara;Pérou;222
Nazca;Pérou;222
Punta del Este;Uruguay;222
Rivera/Santana do Livramento;Uruguay;222
Barinas;Venezuela;222
Canaima;Venezuela;222
Carúpano;Venezuela;222
Coro;Venezuela;222
Cumaná;Venezuela;222
Paraguaná;Venezuela;222
Maturín;Venezuela;222
San Antonio del Tachira;Venezuela;222
Santa Elena de Uairén;Venezuela;222
El Tigre;Venezuela;222
El Vigía;Venezuela;222
Valera;Venezuela;222
Araguaína;Brésil;222
Ogle;Guyana;222
Kaieteur Falls;Guyana;222
Lethem;Guyana;222
Canefield;Dominique;222
Marigot;Dominique;222
Grand Case;Saint-Martin;222
Gustavia;Saint-Barthélemy;222
Grand-Bourg;Guadeloupe;222
Christiansted;VI;222
Aguadilla;Porto Rico;222
Culebra;Porto Rico;222
Mayaguez;Porto Rico;222
Ponce;Porto Rico;222
Ceiba;Porto Rico;222
Vieques;Porto Rico;222
Castries;Sainte-Lucie;222
Zion's Hill;BQ;222
The Valley;Anguilla;222
Spanish Town;Îles Vierges britanniques;222
Bequia;Saint-Vincent-et-les-Grenadines;222
Canouan;Saint-Vincent-et-les-Grenadines;222
Lovell;Saint-Vincent-et-les-Grenadines;222
Union Island;Saint-Vincent-et-les-Grenadines;222
Balkhash;Kazakhstan;222
Taldykorgan;Kazakhstan;222
Karakol;Kirghizistan;222
Gabala;Azerbaïdjan;222
Lachin;Azerbaïdjan;222
Neryungri;Russie;222
Khonuu;Russie;222
Olyokminsk;Russie;222
Ust-Nera;Russie;222
Vilyuisk;Russie;222
Lensk;Russie;222
Yakutia;Russie;222
Mirny;Russie;222
Saskylakh;Russie;222
Srednekolymsk;Russie;222
Chokurdah;Russie;222
Cherskiy;Russie;222
Tiksi;Russie;222
Zyryanka;Russie;222
Zhigansk;Russie;222
Kihihi;Ouganda;222
Sukhumi;Géorgie;222
Blagoveschensk;Russie;222
Khabarovsk;Russie;222
Komsomolsk-on-Amur;Russie;222
Anadyr;Russie;222
Keperveem;Russie;222
Magadan;Russie;222
Apapelgino;Russie;222
Nikolayevsk-na-Amure Airport;Russie;222
Okhotsk;Russie;222
Bratsk;Russie;222
Ust-Kut;Russie;222
Mariupol;Ukraine;222
Dnipro;Ukraine;222
Kryvyi Rih;Ukraine;222
Ivano-Frankivsk;Ukraine;222
Chernivtsi;Ukraine;222
Rivne;Ukraine;222
Kherson;Ukraine;222
Archangelsk;Russie;222
Naryan Mar;Russie;222
Amderma;Russie;222
Kotlas;Russie;222
Pskov;Russie;222
Petrozavodsk;Russie;222
Cherepovets;Russie;222
Velikiy Ustyug;Russie;222
Gomel;Biélorussie;222
Mogilev;Biélorussie;222
Yeniseysk;Russie;222
Severo-Yeniseysk;Russie;222
Vanavara;Russie;222
Kyzyl;Russie;222
Novokuznetsk;Russie;222
Khatanga;Russie;222
Igarka;Russie;222
Krasnyi Kurgan;Russie;222
Gelendzhik;Russie;222
Nalchik;Russie;222
Beslan;Russie;222
Sunzha;Russie;222
Stavropol;Russie;222
Taganrog;Russie;222
Elista;Russie;222
Sabetta;Russie;222
Bovanenkovo;Russie;222
Salekhard;Russie;222
Khanty-Mansiysk;Russie;222
Nyagan;Russie;222
Sovetskiy;Russie;222
Uray;Russie;222
Izhevsk;Russie;222
Kirov;Russie;222
Nadym;Russie;222
Novy Urengoy;Russie;222
Kogalym;Russie;222
Nefteyugansk;Russie;222
Noyabrsk;Russie;222
Tobolsk;Russie;222
Kurgan;Russie;222
Turkmenbaşy;Turkménistan;222
Mary;Turkménistan;222
Andijan;Ouzbékistan;222
Fergana;Ouzbékistan;222
Navoi;Ouzbékistan;222
Termez;Ouzbékistan;222
Zomin;Ouzbékistan;222
Kostroma;Russie;222
Ivanovo;Russie;222
Rybinsk;Russie;222
Bryansk;Russie;222
Belgorod;Russie;222
Kursk;Russie;222
Lipetsk;Russie;222
Voronezh;Russie;222
Ukhta;Russie;222
Pechora;Russie;222
Usinsk;Russie;222
Vorkuta;Russie;222
Syktyvkar;Russie;222
Bugulma;Russie;222
Nizhnekamsk;Russie;222
Cheboksary;Russie;222
Ulyanovsk;Russie;222
Cherdakly;Russie;222
Orenburg;Russie;222
Orsk;Russie;222
Penza;Russie;222
Balakovo;Russie;222
Rewa;Inde;222
Gondia;Inde;222
Aurangabad;Inde;222
Bhuj;Inde;222
Belgaum;Inde;222
Bhavnagar;Inde;222
Hubballi;Inde;222
Jabalpur;Inde;222
Jamnagar;Inde;222
Kandla;Inde;222
Khajuraho;Inde;222
Kolhapur;Inde;222
Keshod;Inde;222
Latur;Inde;222
Nanded;Inde;222
Porbandar;Inde;222
Raipur;Inde;222
Udaipur;Inde;222
Batticaloa;Sri Lanka;222
Galle;Sri Lanka;222
Trincomalee;Sri Lanka;222
Battambang;Cambodge;222
Agartala;Inde;222
Shillong;Inde;222
Bilaspur;Inde;222
Durgapur;Inde;222
Darbhanga;Inde;222
Gorakhpur;Inde;222
Gaya;Inde;222
Jorhat;Inde;222
Silchar;Inde;222
Aizawl (Lengpui);Inde;222
Lilabari;Inde;222
Dibrugarh;Inde;222
Dimapur;Inde;222
Patna;Inde;222
Ranchi;Inde;222
Bhawanipatna;Inde;222
Barisal;Bangladesh;222
Cox's Bazar;Bangladesh;222
Jashore (Jessore);Bangladesh;222
Rajshahi;Bangladesh;222
Saidpur;Bangladesh;222
Agra;Inde;222
Allahabad;Inde;222
Bhuntar;Inde;222
Bareilly;Inde;222
Kanpur;Inde;222
Dehradun (Jauligrant);Inde;222
Kangra;Inde;222
Gwalior;Inde;222
Jodhpur;Inde;222
Jammu;Inde;222
Ajmer (Kishangarh);Inde;222
Leh;Inde;222
Moradabad;Inde;222
Pathankot;Inde;222
Pantnagar;Inde;222
Janakpur;Népal;222
Lukla;Népal;222
Nepalgunj;Népal;222
Taplejung;Népal;222
Biratnagar;Népal;222
Agatti;Inde;222
Kadapa;Inde;222
Orvakal;Inde;222
Madurai;Inde;222
Mysore;Inde;222
Puducherry (Pondicherry);Inde;222
Madhurapudi;Inde;222
Kadhdhoo;Maldives;222
Huvadhu Atoll;Maldives;222
Maamigili;Maldives;222
Laem Ngop;Thaïlande;222
Mae Hong Son;Thaïlande;222
Hua Hin;Thaïlande;222
Phitsanulok;Thaïlande;222
Surat Thani;Thaïlande;222
Chumphon;Thaïlande;222
Nakhon Si Thammarat;Thaïlande;222
Ranong;Thaïlande;222
Trang;Thaïlande;222
Surin;Thaïlande;222
Khon Kaen;Thaïlande;222
Buriram;Thaïlande;222
Ubon Ratchathani;Thaïlande;222
Roi Et;Thaïlande;222
Nakhon Phanom;Thaïlande;222
Buon Ma Thuot;Viêt Nam;222
Ca Mau City;Viêt Nam;222
Con Dao;Viêt Nam;222
Dien Bien Phu;Viêt Nam;222
Dong Hoi;Viêt Nam;222
Da Lat;Viêt Nam;222
Huế;Viêt Nam;222
Quy Nohn;Viêt Nam;222
Pleiku;Viêt Nam;222
Rach Gia;Viêt Nam;222
Tuy Hoa;Viêt Nam;222
Van Don;Viêt Nam;222
Vinh;Viêt Nam;222
Dawei;Myanmar;222
Heho;Myanmar;222
Kengtung;Myanmar;222
Kyaukpyu;Myanmar;222
Kawthoung;Myanmar;222
Loikaw;Myanmar;222
Lashio;Myanmar;222
Mkeik;Myanmar;222
Myitkyina;Myanmar;222
Mong Hsat;Myanmar;222
Putao;Myanmar;222
Sittwe;Myanmar;222
Thandwe;Myanmar;222
Tachileik;Myanmar;222
Biak;Indonésie;222
Timika;Indonésie;222
Bima;Indonésie;222
Ternate;Indonésie;222
Toraja;Indonésie;222
Palu;Indonésie;222
Palangkaraya;Indonésie;222
Cilacap;Indonésie;222
Oksibil;Indonésie;222
Merauke;Indonésie;222
Tanah Merah;Indonésie;222
Tarakan;Indonésie;222
Samarinda;Indonésie;222
Tabukan Utara, Sangihe Islands;Indonésie;222
Tanta-Tabalong;Indonésie;222
Langgur;Indonésie;222
Namniwel;Indonésie;222
Tanjung Redeb - Borneo Island;Indonésie;222
Malang;Indonésie;222
Fakfak;Indonésie;222
Kaimana;Indonésie;222
Manokwari;Indonésie;222
Sorong;Indonésie;222
Kupang;Indonésie;222
Wamena;Indonésie;222
Wangi-wangi Island;Indonésie;222
Kolaka;Indonésie;222
Bintulu;Malaisie;222
Limbang;Malaisie;222
Mukah;Malaisie;222
Marudi;Malaisie;222
Miri;Malaisie;222
Sibu;Malaisie;222
Bario;Malaisie;222
Lahad Datu;Malaisie;222
Labuan;Malaisie;222
Sandakan;Malaisie;222
Tawau;Malaisie;222
Mulu;Malaisie;222
Pekanbaru;Indonésie;222
Dumai;Indonésie;222
Kertajati;Indonésie;222
Bandung;Indonésie;222
Tanjung Pinang-Bintan Island;Indonésie;222
Bandar Lampung;Indonésie;222
Gunungsitoli;Indonésie;222
Sibolga (Pinangsori);Indonésie;222
Kutacane;Indonésie;222
Nanga Pinoh-Borneo Island;Indonésie;222
Ketapang;Indonésie;222
Ranai-Natuna Besar Island;Indonésie;222
Putussibau-Borneo Island;Indonésie;222
Sintang;Indonésie;222
Pangkal Pinang;Indonésie;222
Bengkulu;Indonésie;222
Palembang;Indonésie;222
Talang Gudang-Sumatra Island;Indonésie;222
Kuala Pesisir;Indonésie;222
Takengon;Indonésie;222
Tioman Island;Malaisie;222
Alor Satar;Malaisie;222
Kota Baharu;Malaisie;222
Kuantan;Malaisie;222
Malacca;Malaisie;222
Kuala Terengganu;Malaisie;222
Suai;Timor oriental;222
Baucau;Timor oriental;222
Seletar;Singapour;222
Armidale;Australie;222
Yulara;Australie;222
Barcaldine;Australie;222
Alice Springs;Australie;222
Blackall;Australie;222
Charleville;Australie;222
Broken Hill;Australie;222
Hamilton Island;Australie;222
Bedourie;Australie;222
Mount Isa;Australie;222
Mackay;Australie;222
Ballina;Australie;222
Proserpine;Australie;222
Rockhampton;Australie;222
Bathurst;Australie;222
Townsville;Australie;222
Bundaberg;Australie;222
Weipa;Australie;222
Carnarvon;Australie;222
Coober Pedy;Australie;222
Cloncurry;Australie;222
Coffs Harbour;Australie;222
Coen;Australie;222
Cooma;Australie;222
Devonport;Australie;222
Elcho Island;Australie;222
Emerald;Australie;222
Esperance;Australie;222
Moonyoonooka;Australie;222
Gladstone;Australie;222
Groote Eylandt;Australie;222
Griffith;Australie;222
Hervey Bay;Australie;222
Horn;Australie;222
Mount Hotham;Australie;222
Kowanyama;Australie;222
Leonora;Australie;222
Lockhart River;Australie;222
Lismore;Australie;222
Longreach;Australie;222
East Albury;Australie;222
Essendon Fields;Australie;222
Merimbula;Australie;222
Maningrida;Australie;222
Mildura;Australie;222
Launceston (Western Junction);Australie;222
Moree;Australie;222
Moranbah;Australie;222
Moruya;Australie;222
Mount Gambier;Australie;222
Narrandera;Australie;222
Narrabri;Australie;222
Normanton;Australie;222
Newman;Australie;222
Paraburdoo;Australie;222
Nhulunbuy;Australie;222
Karratha;Australie;222
Broadwood;Australie;222
Parkes;Australie;222
Kununurra;Australie;222
Port Lincoln;Australie;222
Exmouth;Australie;222
Port Macquarie;Australie;222
Flying Fish Cove;CX;222
Roma;Australie;222
Canberra;Australie;222
Dubbo;Australie;222
Denham;Australie;222
Albion Park Rail;Australie;222
Milikapiti;Australie;222
Burnt Pine;Île Norfolk;222
Tamworth;Australie;222
Forest Hill;Australie;222
Thargomindah;Australie;222
Biloela;Australie;222
Tennant Creek;Australie;222
Windorah;Australie;222
Whyalla;Australie;222
Burnie;Australie;222
Chengde;Chine;222
Chifeng;Chine;222
Qinhuangdao (Changli);Chine;222
Erenhot;Chine;222
Arxan;Chine;222
Handan;Chine;222
Holingol;Chine;222
Linfen (Yaodu);Chine;222
Lüliang;Chine;222
Manzhouli;Chine;222
Shuozhou;Chine;222
Tongliao;Chine;222
Ulanqab;Chine;222
Wuhai;Chine;222
Xilinhot;Chine;222
Bayannur;Chine;222
Zhangjiakou;Chine;222
Zhalantun;Chine;222
Beihai;Chine;222
Baise (Tianyang);Chine;222
Changde (Dingcheng);Chine;222
Huaihua;Chine;222
Chenzhou;Chine;222
Foshan (Nanhai);Chine;222
Hechi (Jinchengjiang);Chine;222
Huizhou (Pingtan);Chine;222
Yongzhou;Chine;222
Shaoyang (Wugang);Chine;222
Tangbu;Chine;222
Yulin;Chine;222
Yueyang (Yueyanglou);Chine;222
Liuzhou (Liujiang);Chine;222
Enshi (Enshi);Chine;222
Jingzhou (Shashi);Chine;222
Shennongjia (Hongping);Chine;222
Shiyan (Maojian);Chine;222
Xiangyang (Xiangzhou);Chine;222
Xinyang;Chine;222
Yichang (Xiaoting);Chine;222
Qionghai (Basuo);Chine;222
Hoemun-ri;Corée du Nord;222
Sŏndŏng-ni;Corée du Nord;222
Wonsan;Corée du Nord;222
Delingha;Chine;222
Golog (Maqên);Chine;222
Golmud;Chine;222
Guyuan (Yuanzhou);Chine;222
Mengnai;Chine;222
Hanzhong (Chenggu);Chine;222
Jinchang;Chine;222
Longnan (Cheng);Chine;222
Qingyang (Xifeng);Chine;222
Tianshui (Maiji);Chine;222
Gannan (Xiahe);Chine;222
Yan'an (Baota);Chine;222
Yushu (Batang);Chine;222
Zhongwei (Shapotou);Chine;222
Zhangye (Ganzhou);Chine;222
Arvaikheer;Mongolie;222
Altai;Mongolie;222
Bayankhongor;Mongolie;222
Bulgan;Mongolie;222
Dalanzadgad;Mongolie;222
Khovd;Mongolie;222
Mörön;Mongolie;222
Ulaangom;Mongolie;222
Ölgii;Mongolie;222
Baoshan (Longyang);Chine;222
Lincang (Cangyuan);Chine;222
Dali (Xiaguan);Chine;222
Diqing (Shangri-La);Chine;222
Pu'er (Lancang);Chine;222
Lincang;Chine;222
Dehong (Mangshi);Chine;222
Anqing;Chine;222
Changzhou;Chine;222
Dongying (Kenli);Chine;222
Yingzhou, Fuyang;Chine;222
Heze (Dingtao);Chine;222
Jingdezhen;Chine;222
Jining;Chine;222
Quzhou (Kezheng);Chine;222
Longyan (Liancheng);Chine;222
Taizhou (Luqiao);Chine;222
Linyi (Hedong);Chine;222
Nantong (Tongzhou);Chine;222
Rizhao (Donggang);Chine;222
Sanming (Sha);Chine;222
Shangrao (Hengfeng);Chine;222
Wuhu;Chine;222
Weifang (Kuiwen);Chine;222
Weihai;Chine;222
Wuyishan;Chine;222
Xuzhou;Chine;222
Yangzhou;Chine;222
Yichun;Chine;222
Shiquanhe;Chine;222
Anshun (Xixiu);Chine;222
Bangda;Chine;222
Bijie;Chine;222
Dazhou (Dachuan);Chine;222
Garzê (Daocheng);Chine;222
Guangyuan (Lizhou);Chine;222
Ngawa (Songpan);Chine;222
Garzê (Kangding);Chine;222
Kaili  (Huangping);Chine;222
Luzhou (Yunlong);Chine;222
Zunyi;Chine;222
Mianyang (Fucheng);Chine;222
Liping;Chine;222
Nyingchi (Mainling);Chine;222
Liupanshui (Zhongshan);Chine;222
Qianjiang;Chine;222
Baoshan (Tengchong);Chine;222
Tongren (Daxing);Chine;222
Wulong;Chine;222
Liangshan (Xichang);Chine;222
Yibin (Cuiping);Chine;222
Xingyi;Chine;222
Panzhihua (Renhe);Chine;222
Aksu (Onsu);Chine;222
Altay;Chine;222
Bole;Chine;222
Qiemo;Chine;222
Fuyun;Chine;222
Hami;Chine;222
Korla;Chine;222
Burqin;Chine;222
Xinyuan;Chine;222
Ruoqiang Town;Chine;222
Shache;Chine;222
Turpan;Chine;222
Hotan;Chine;222
Ili (Yining / Ghulja);Chine;222
Anshan;Chine;222
Baicheng;Chine;222
Baishan;Chine;222
Shuangta, Chaoyang;Chine;222
Dandong (Zhenxing);Chine;222
Heihe;Chine;222
Fuyuan;Chine;222
Jiagedaqi;Chine;222
Jiamusi;Chine;222
Jiansanjiang;Chine;222
Jixi;Chine;222
Jinzhou (Linghai);Chine;222
Mudanjiang;Chine;222
Mohe;Chine;222
Qian Gorlos Mongol Autonomous County;Chine;222
Tonghua;Chine;222
Yanji;Chine;222
Yingkou (Laobian);Chine;222
Key Largo;États-Unis;27
Queen Maud Island;AQ;27
Zabrat;Azerbaïdjan;27
Benguera Island;Mozambique;27
Bezmer;Bulgarie;27
Bildudalur;Islande;27
Húsavík;Islande;27
Myvatn;Islande;27
Siglufjörður;Islande;27
Vestmannaeyjar;Islande;27
Betong;Thaïlande;27
Orsha;Biélorussie;27
Sartaneja;Belize;27
Bazaruto Island;Mozambique;27
Cache Creek;Canada;27
Hainan (Gonghe);Chine;27
Wuhan (Hannan);Chine;27
Burang Town;Chine;27
Zhaotong;Chine;27
La Grande-4;Canada;27
Cornwall;Canada;27
Huron Park;Canada;27
Miramichi;Canada;27
Cochrane;Canada;27
Chetwynd;Canada;27
Burwash Landing;Canada;27
Ross River;Canada;27
Dolbeau-Saint-Felicien;Canada;27
Dawson Creek;Canada;27
Elliot Lake;Canada;27
Sheguiandah;Canada;27
Estevan;Canada;27
Edson;Canada;27
Amos;Canada;27
Forestville;Canada;27
La Macaza;Canada;27
Fort Resolution;Canada;27
Gimli;Canada;27
Geraldton;Canada;27
Dryden;Canada;27
Hearst;Canada;27
Hornepayne;Canada;27
Haines Junction;Canada;27
Atikokan;Canada;27
Digby;Canada;27
Fort Liard;Canada;27
St Jean;Canada;27
Key Lake;Canada;27
Kincardine;Canada;27
Kirkland Lake;Canada;27
Kindersley;Canada;27
Chapleau;Canada;27
Meadow Lake;Canada;27
Leaf Rapids;Canada;27
Alert;Canada;27
Mayo;Canada;27
Matane;Canada;27
Manitouwadge;Canada;27
Moose Jaw;Canada;27
Charlevoix;Canada;27
Langley;Canada;27
Matagami;Canada;27
Ekati;Canada;27
Cold Lake;Canada;27
Oshawa;Canada;27
Rainbow Lake;Canada;27
Owen Sound;Canada;27
Port Hawkesbury;Canada;27
Portage la Prairie;Canada;27
Springbrook;Canada;27
Yarmouth;Canada;27
St Thomas;Canada;27
Yorkton;Canada;27
North Battleford;Canada;27
Rivière-du-Loup;Canada;27
Trois-Rivières;Canada;27
Revelstoke;Canada;27
Sherbrooke;Canada;27
Smiths Falls;Canada;27
Marathon;Canada;27
Slemon Park;Canada;27
Pembroke;Canada;27
Alma;Canada;27
Trenton;Canada;27
Vernon;Canada;27
Wrigley;Canada;27
Beaver Creek;Canada;27
Earlton;Canada;27
Wawa;Canada;27
Swift Current;Canada;27
Kapuskasing;Canada;27
Armstrong;Canada;27
Gore Bay;Canada;27
Slave Lake;Canada;27
Sarnia;Canada;27
Teslin;Canada;27
Greenwood;Canada;27
Salmon Arm;Canada;27
Delta;Canada;27
Bromont;Canada;27
Kelsey;Canada;27
Jenpeg;Canada;27
Swan River;Canada;27
Thicket Portage;Canada;27
Pikwitonei;Canada;27
Pincher Creek;Canada;27
Stewart;Canada;27
Ignace;Canada;27
Ouled Sidi Brahim;Algérie;27
Mecheria;Algérie;27
Hassi R'Mel;Algérie;27
Tiaret;Algérie;27
Tafraoui;Algérie;27
Ghriss;Algérie;27
Laghouat;Algérie;27
Minna;Nigeria;27
Zaria;Nigeria;27
Maradi;Niger;27
Tahoua;Niger;27
Agadez;Niger;27
El Borma;Tunisie;27
Wevelgem;Belgique;27
Nobitz;Allemagne;27
Trollenhagen;Allemagne;27
Hörselberg-Hainich;Allemagne;27
Burbach;Allemagne;27
Kiel;Allemagne;27
Bielefeld;Allemagne;27
Mönchengladbach;Allemagne;27
Augsburg;Allemagne;27
Weßling;Allemagne;27
Bindlach;Allemagne;27
Hof;Allemagne;27
Lahr/Schwarzwald;Allemagne;27
Braunschweig;Allemagne;27
Jämsä;Finlande;27
Kitee;Finlande;27
Kauhava;Finlande;27
Kauhajoki;Finlande;27
Mikkeli;Finlande;27
Seinäjoki / Ilmajoki;Finlande;27
Sodankyla;Finlande;27
Utti / Valkeala;Finlande;27
Varkaus / Joroinen;Finlande;27
Ylivieska;Finlande;27
Enniskillen, Fermanagh and Omagh;Royaume-Uni;27
Coventry, West Midlands;Royaume-Uni;27
Staverton, Gloucestershire;Royaume-Uni;27
Nottingham, Nottinghamshire;Royaume-Uni;27
Yeovil, Somerset;Royaume-Uni;27
Haverfordwest;Royaume-Uni;27
Swansea;Royaume-Uni;27
Brighton, East Sussex;Royaume-Uni;27
Farnborough, Hampshire;Royaume-Uni;27
Camberley, Surrey;Royaume-Uni;27
Romney Marsh, Kent;Royaume-Uni;27
Carlisle, Cumbria;Royaume-Uni;27
Blackpool;Royaume-Uni;27
Barrow-in-Furness;Royaume-Uni;27
Warton;Royaume-Uni;27
Broughton;Royaume-Uni;27
Angelsey;Royaume-Uni;27
Leuchars, Fife;Royaume-Uni;27
Lossiemouth, Moray;Royaume-Uni;27
Cambridge, Cambridgeshire;Royaume-Uni;27
Kidlington, Oxfordshire;Royaume-Uni;27
Wallingford, Oxfordshire;Royaume-Uni;27
Brandon, Suffolk;Royaume-Uni;27
Bury Saint Edmunds, Suffolk;Royaume-Uni;27
Fairford, Gloucestershire;Royaume-Uni;27
Carterton, Oxfordshire;Royaume-Uni;27
Hook, Hampshire;Royaume-Uni;27
Northolt, Greater London;Royaume-Uni;27
Lincoln, Lincolnshire;Royaume-Uni;27
King's Lynn, Norfolk;Royaume-Uni;27
Rijen;Pays-Bas;27
Den Helder;Pays-Bas;27
Lelystad;Pays-Bas;27
Leeuwarden;Pays-Bas;27
Enschede;Pays-Bas;27
Uden;Pays-Bas;27
Hoogerheide;Pays-Bas;27
Sligo;Irlande;27
Waterford;Irlande;27
Rødby;Danemark;27
Sindal;Danemark;27
Vojens;Danemark;27
Skive;Danemark;27
Thisted;Danemark;27
Skjern;Danemark;27
Notodden;Norvège;27
Skövde;Suède;27
Karlskoga;Suède;27
Kristianstad;Suède;27
Söderhamn;Suède;27
Gävle / Sandviken;Suède;27
Eskilstuna;Suède;27
Storuman;Suède;27
Trier;Allemagne;27
Ramstein-Miesenbach;Allemagne;27
Fritzlar;Allemagne;27
Geilenkirchen;Allemagne;27
Jagel;Allemagne;27
Wiesbaden;Allemagne;27
Manching;Allemagne;27
Panevėžys;Lituanie;27
Šiauliai;Lituanie;27
Alexander Bay;Afrique du Sud;27
Aggeneys;Afrique du Sud;27
Bisho;Afrique du Sud;27
Ficksburg;Afrique du Sud;27
Midrand;Afrique du Sud;27
Harrismith;Afrique du Sud;27
Klerksdorp;Afrique du Sud;27
Kuruman;Afrique du Sud;27
Kleinsee;Afrique du Sud;27
Lime Acres;Afrique du Sud;27
Langebaanweg;Afrique du Sud;27
Ladysmith;Afrique du Sud;27
Malamala;Afrique du Sud;27
Newcastle;Afrique du Sud;27
Oudtshoorn;Afrique du Sud;27
Plettenberg Bay;Afrique du Sud;27
Port St Johns;Afrique du Sud;27
Pilanesberg;Afrique du Sud;27
Potchefstroom;Afrique du Sud;27
Robertson;Afrique du Sud;27
Springbok;Afrique du Sud;27
Secunda;Afrique du Sud;27
Tzaneen;Afrique du Sud;27
Ulundi;Afrique du Sud;27
Vyrburg;Afrique du Sud;27
Vredendal;Afrique du Sud;27
Pretoria;Afrique du Sud;27
Jwaneng;Botswana;27
Sowa;Botswana;27
Selebi Phikwe;Botswana;27
Oyo;Congo;27
Owando;Congo;27
Dolisie;Congo;27
Manzini;Eswatini;27
Berbérati;Centrafrique;27
Diego Garcia;Territoire britannique de l'océan Indien;27
Tiko;Cameroun;27
Foumban;Cameroun;27
Bafoussam;Cameroun;27
Bamenda;Cameroun;27
Chingola;Zambie;27
Mongu;Zambie;27
Kitwe;Zambie;27
Fomboni;Comores;27
Miandrivazo;Madagascar;27
Mananara Nord;Madagascar;27
Antsirabe;Madagascar;27
Analalava;Madagascar;27
Vohemar;Madagascar;27
Antsohihy;Madagascar;27
Fianarantsoa;Madagascar;27
Manakara;Madagascar;27
Morombe;Madagascar;27
Benguela;Angola;27
Kuito;Angola;27
Port Amboim;Angola;27
Saurimo;Angola;27
Sumbe;Angola;27
Luena;Angola;27
Uige;Angola;27
Xangongo;Angola;27
Koulamoutou;Gabon;27
Mouila;Gabon;27
Okondja;Gabon;27
Lambarene;Gabon;27
Bitam;Gabon;27
Omboue;Gabon;27
Mueda;Mozambique;27
Mocímboa da Praia;Mozambique;27
Moundou;Tchad;27
Faya-Largeau;Tchad;27
Chiredzi;Zimbabwe;27
Masvingo;Zimbabwe;27
Gweru;Zimbabwe;27
Gwayi River Farms;Zimbabwe;27
Dwangwa;Malawi;27
Karonga;Malawi;27
Mzuzu;Malawi;27
Arandis;Namibie;27
Grootfontein;Namibie;27
Keetmanshoop;Namibie;27
Tsumeb;Namibie;27
N'dolo;Congo (RDC);27
Lisala;Congo (RDC);27
Buta;Congo (RDC);27
Kamakombe;Congo (RDC);27
Bo;Sierra Leone;27
Kenema;Sierra Leone;27
Yengema;Sierra Leone;27
Bouarfa;Maroc;27
Meknes;Maroc;27
Kenitra;Maroc;27
Al Hoceima;Maroc;27
Kaolack;Sénégal;27
Ouro Sogui;Sénégal;27
Saint Louis;Sénégal;27
Bakel;Sénégal;27
Kédougou;Sénégal;27
Tambacounda;Sénégal;27
Atar;Mauritanie;27
Debre Zeyit;Éthiopie;27
Kismayo;Somalie;27
El Hassana;Égypte;27
El Jora;Égypte;27
Saint Catherine;Égypte;27
Massawa;Érythrée;27
Assab;Érythrée;27
Kitale;Kenya;27
Lokichogio;Kenya;27
Lodwar;Kenya;27
Nakuru;Kenya;27
Marsa al Brega;Libye;27
Gisenyi;Rwanda;27
Merowe;Soudan;27
Nduli;Tanzanie;27
Lake Manyara National Park;Tanzanie;27
Chake Chake;Tanzanie;27
Chengdu (Jintang);Chine;27
Shimoga;Inde;27
Mesquite;États-Unis;27
Ada;États-Unis;27
Camp Springs;États-Unis;27
Alice;États-Unis;27
Alamogordo;États-Unis;27
Alton/St Louis;États-Unis;27
Anniston;États-Unis;27
Anderson;États-Unis;27
New Iberia;États-Unis;27
Astoria;États-Unis;27
Wausau;États-Unis;27
Beale Air Force Base;États-Unis;27
Bossier City;États-Unis;27
Westfield;États-Unis;27
Brady;États-Unis;27
Bryce Canyon;États-Unis;27
Boca Raton;États-Unis;27
Baudette;États-Unis;27
Fort Bliss/El Paso;États-Unis;27
Biloxi;États-Unis;27
Bemidji;États-Unis;27
Baker City;États-Unis;27
Aurora;États-Unis;27
Bluefield;États-Unis;27
Blythe;États-Unis;27
Bloomington;États-Unis;27
Burns;États-Unis;27
Big Piney;États-Unis;27
Mountain Home;États-Unis;27
Battle Creek;États-Unis;27
Beaver Falls;États-Unis;27
Beverly / Danvers;États-Unis;27
Bowling Green;États-Unis;27
Blytheville;États-Unis;27
Burley;États-Unis;27
Fort Irwin/Barstow;États-Unis;27
Caribou;États-Unis;27
Charles City;États-Unis;27
Childress;États-Unis;27
Chicopee;États-Unis;27
Crestview;États-Unis;27
Port Angeles;États-Unis;27
Chanute;États-Unis;27
Coeur d'Alene;États-Unis;27
Cocoa Beach;États-Unis;27
North Myrtle Beach;États-Unis;27
Crossville;États-Unis;27
Cut Bank;États-Unis;27
Corvallis;États-Unis;27
Carson City;États-Unis;27
Fort Belvoir;États-Unis;27
Daggett;États-Unis;27
Danville;États-Unis;27
Dalhart;États-Unis;27
Del Rio;États-Unis;27
Dallesport / The Dalles;États-Unis;27
Deming;États-Unis;27
Chicago/West Chicago;États-Unis;27
Mercury;États-Unis;27
DeRidder;États-Unis;27
Durant;États-Unis;27
Douglas Bisbee;États-Unis;27
Danbury;États-Unis;27
Elizabeth City;États-Unis;27
Edwards;États-Unis;27
Needles;États-Unis;27
Keene;États-Unis;27
Eureka;États-Unis;27
Elkins;États-Unis;27
Ely;États-Unis;27
Enid;États-Unis;27
Wendover;États-Unis;27
Kenosha;États-Unis;27
Evanston;États-Unis;27
Newport News (Fort Eustis);États-Unis;27
Fort Bragg;États-Unis;27
Fort Carson;États-Unis;27
Findlay;États-Unis;27
Fort Huachuca / Sierra Vista;États-Unis;27
Franklin;États-Unis;27
Fort Meade(Odenton);États-Unis;27
Farmington;États-Unis;27
Loveland;États-Unis;27
Topeka;États-Unis;27
Fort Pierce;États-Unis;27
East Farmingdale;États-Unis;27
Fort Riley (Junction City);États-Unis;27
Fort Sill;États-Unis;27
Fort Stockton;États-Unis;27
Fort Knox;États-Unis;27
Glens Falls;États-Unis;27
Goodland;États-Unis;27
Galveston;États-Unis;27
Groton;États-Unis;27
Fort Lewis/Tacoma;États-Unis;27
Goldsboro;États-Unis;27
Peru;États-Unis;27
Guymon;États-Unis;27
Denison;États-Unis;27
Hattiesburg;États-Unis;27
Hobart;États-Unis;27
Manassas;États-Unis;27
Portland;États-Unis;27
Hickory;États-Unis;27
Wheeling;États-Unis;27
Huron;États-Unis;27
Fort Campbell;États-Unis;27
Hoquiam;États-Unis;27
Homestead;États-Unis;27
Redstone Arsnl Huntsville;États-Unis;27
Terre Haute;États-Unis;27
Houlton;États-Unis;27
Hutchinson;États-Unis;27
Hollywood;États-Unis;27
Hayward;États-Unis;27
Ashtabula;États-Unis;27
Bullhead City;États-Unis;27
Kingman;États-Unis;27
Kankakee;États-Unis;27
Wink;États-Unis;27
Winston Salem;États-Unis;27
Winslow;États-Unis;27
Kinston;États-Unis;27
Junction;États-Unis;27
Kelso;États-Unis;27
Lamar;États-Unis;27
Lumberton;États-Unis;27
Angleton;États-Unis;27
Leesburg;États-Unis;27
Hampton;États-Unis;27
Lufkin;États-Unis;27
Logan;États-Unis;27
Klamath Falls;États-Unis;27
Lander;États-Unis;27
Lovelock;États-Unis;27
Fort Benning;États-Unis;27
Altus;États-Unis;27
Glendale;États-Unis;27
Livingston;États-Unis;27
Lawrence;États-Unis;27
Lewistown;États-Unis;27
Mobridge;États-Unis;27
McComb;États-Unis;27
Murphysboro;États-Unis;27
Mansfield;États-Unis;27
Marietta;États-Unis;27
Mojave;États-Unis;27
Muncie;États-Unis;27
Millville;États-Unis;27
Mc Alester;États-Unis;27
Miles City;États-Unis;27
Eastover;États-Unis;27
Morristown;États-Unis;27
Modesto;États-Unis;27
Barre/Montpelier;États-Unis;27
Smyrna;États-Unis;27
Martinsburg;États-Unis;27
Mount Clemens;États-Unis;27
Fort Indiantown Gap(Annville);États-Unis;27
Moses Lake;États-Unis;27
Marysville;États-Unis;27
Lakehurst;États-Unis;27
Fallon;États-Unis;27
Patuxent River;États-Unis;27
El Centro;États-Unis;27
Lemoore;États-Unis;27
Millington;États-Unis;27
Kingsville;États-Unis;27
Milton;États-Unis;27
Point Mugu;États-Unis;27
Virginia Beach;États-Unis;27
Mountain View;États-Unis;27
Oak Harbor;États-Unis;27
Quantico;États-Unis;27
Orangeburg;États-Unis;27
Oceanside;États-Unis;27
Nogales;États-Unis;27
Oregon;États-Unis;27
North Kingstown;États-Unis;27
Oshkosh;États-Unis;27
Ottumwa;États-Unis;27
Norwood;États-Unis;27
Oxnard;États-Unis;27
Fort Rucker/Ozark;États-Unis;27
Panama City;États-Unis;27
Palo Alto;États-Unis;27
Pine Bluff;États-Unis;27
Palmdale;États-Unis;27
Pinedale;États-Unis;27
Ponca City;États-Unis;27
Fort Polk;États-Unis;27
Poughkeepsie;États-Unis;27
Paso Robles;États-Unis;27
Pontiac;États-Unis;27
Chicago/Prospect Heights/Wheeling;États-Unis;27
Bremerton;États-Unis;27
Riverside;États-Unis;27
Red Bluff;États-Unis;27
Reading;États-Unis;27
Rifle;États-Unis;27
Universal City;États-Unis;27
New Richmond;États-Unis;27
Russell;États-Unis;27
Redwood Falls;États-Unis;27
Rocky Mount;États-Unis;27
Rawlins;États-Unis;27
Schenectady;États-Unis;27
Somerset;États-Unis;27
Santa Monica;États-Unis;27
Salinas;États-Unis;27
Alto;États-Unis;27
Sumter;États-Unis;27
St Simons Island;États-Unis;27
St Joseph;États-Unis;27
Saint Paul;États-Unis;27
Fairfield;États-Unis;27
Knob Noster;États-Unis;27
Tucumcari;États-Unis;27
Tuscaloosa;États-Unis;27
Truth or Consequences;États-Unis;27
Titusville;États-Unis;27
Troy;États-Unis;27
Tonopah;États-Unis;27
Temple;États-Unis;27
South Lake Tahoe;États-Unis;27
Ukiah;États-Unis;27
Oxford;États-Unis;27
Lompoc;États-Unis;27
Visalia;États-Unis;27
Van Nuys;États-Unis;27
Camp Douglas;États-Unis;27
Valentine;États-Unis;27
Winnemucca;États-Unis;27
Warner Robins;États-Unis;27
Wrightstown;États-Unis;27
Worland;États-Unis;27
Wildwood;États-Unis;27
Woodward;États-Unis;27
Kiwayu;Kenya;27
Yankton;États-Unis;27
Youngstown/Warren;États-Unis;27
Zanesville;États-Unis;27
Kukës;Albanie;27
Gorna Oryahovitsa;Bulgarie;27
Akrotiri;Chypre;27
Albacete;Espagne;27
Córdoba;Espagne;27
Burgos;Espagne;27
Logroño;Espagne;27
Morón;Espagne;27
Ciudad Real;Espagne;27
Rota;Espagne;27
Teruel;Espagne;27
Calais;France;27
Le Touquet-Paris-Plage;France;27
Agen;France;27
Cognac/Châteaubernard;France;27
Lépaud, Creuse;France;27
Niort/Souché;France;27
Angoulême;France;27
Périgueux/Bassillac;France;27
Cahors;France;27
Albi;France;27
Royan/Médis;France;27
Rochefort/Saint-Agnant;France;27
Colmar;France;27
Lanas, Ardèche;France;27
Angers;France;27
Solenzara;France;27
Auxerre;France;27
Bourges;France;27
L'Hôpital-le-Mercier, Saône-et-Loire;France;27
Saint-Léger-sur-Roanne;France;27
Chabeuil, Drôme;France;27
Charmeil, Allier;France;27
Châteauroux;France;27
Chassieu, Lyon;France;27
Cannes;France;27
Andrézieux-Bouthéon, Loire;France;27
Le Castellet, Var;France;27
Mende/Brénoux;France;27
Fauville, Eure;France;27
Le Havre;France;27
Boos;France;27
Laval, Mayenne;France;27
Creil;France;27
Toussus-le-Noble, Yvelines;France;27
Cormeilles-en-Vexin, Val-d'Oise;France;27
Vélizy-Villacoublay, Yvelines;France;27
Marzy, Nièvre;France;27
Merville, Nord;France;27
Cherbourg;France;27
La Baule-Escoublac;France;27
Bréville-sur-Mer, Manche;France;27
La Roche-sur-Yon;France;27
Landivisiau;France;27
Lannion;France;27
Quimper/Pluguffan;France;27
Trémuson, Côtes-d'Armor;France;27
Morlaix/Ploujean;France;27
Vannes/Meucon;France;27
Épinal;France;27
Tomblaine, Meurthe-et-Moselle;France;27
Andravida;Grèce;27
Grottaglie;Italie;27
Galatina (LE);Italie;27
Decimomannu;Italie;27
Saint-Christophe (AO);Italie;27
Aviano (PN);Italie;27
Grosseto (GR);Italie;27
Sečovlje;Slovénie;27
Uherské Hradiště;République tchèque;27
Přerov;République tchèque;27
Vodochody;République tchèque;27
Rosh Pina;Israël;27
Masada;Israël;27
Beersheba;Israël;27
Beja;Portugal;27
Caransebeş;Roumanie;27
Mihail Kogălniceanu;Roumanie;27
Sion;Suisse;27
Emmen;Suisse;27
Payerne;Suisse;27
Samedan;Suisse;27
Sarıçam;Turquie;27
Afyonkarahisar;Turquie;27
Kastamonu;Turquie;27
Bandırma;Turquie;27
Çiğli;Turquie;27
Uşak;Turquie;27
Kartepe;Turquie;27
Siirt;Turquie;27
Bălți;Moldavie;27
Brak;Libye;27
Zemun;Serbie;27
Stapari;Serbie;27
Piešťany;Slovaquie;27
Dolný Hričov;Slovaquie;27
Cabo Rojo;République dominicaine;27
Coban;Guatemala;27
Rubelsanto;Guatemala;27
Puerto San José;Guatemala;27
Tela;Honduras;27
Ken Jones;Jamaïque;27
Temixco;Mexique;27
Ciudad Acuña;Mexique;27
Celaya;Mexique;27
Ensenada;Mexique;27
Emiliano Zapata;Mexique;27
Lázaro Cárdenas;Mexique;27
Monclova;Mexique;27
Pococi;Costa Rica;27
Corredores;Costa Rica;27
Los Chiles;Costa Rica;27
Palmar Sur;Costa Rica;27
Upala;Costa Rica;27
Jacmel;Haïti;27
Port-de-Paix;Haïti;27
Ciro Redondo;Cuba;27
Guantanamo Bay Naval Station;Cuba;27
Guantánamo;Cuba;27
Moa;Cuba;27
Sandino;Cuba;27
Isla de la Juventud;Cuba;27
Blossom Village;Îles Caïmans;27
Mangrove Cay;Bahamas;27
Bullocks Harbour;Bahamas;27
Normans Cay;Bahamas;27
Staniel Cay;Bahamas;27
Duncan Town;Bahamas;27
Reao;Polynésie française;27
Gaua Island;Vanuatu;27
Manurewa;Nouvelle-Zélande;27
Glentanner Station;Nouvelle-Zélande;27
Alexandra;Nouvelle-Zélande;27
Masterton;Nouvelle-Zélande;27
Twitzel;Nouvelle-Zélande;27
Wairoa;Nouvelle-Zélande;27
Bagram;Afghanistan;27
Jalalabad;Afghanistan;27
Kunduz;Afghanistan;27
Khamis Mushait;Arabie saoudite;27
Al Kharj;Arabie saoudite;27
Omidiyeh;Iran;27
Masjed Soleyman;Iran;27
Jam;Iran;27
Siri;Iran;27
Lavan Airport;Iran;27
Ilam;Iran;27
Shahrekord;Iran;27
Amirabad;Iran;27
Qazvin;Iran;27
Jiroft;Iran;27
Sirjan;Iran;27
Sarakhs;Iran;27
Tabas;Iran;27
Gorgan;Iran;27
Fasa;Iran;27
Yasuj;Iran;27
Showt;Iran;27
Zanjan;Iran;27
Zabol;Iran;27
Iranshahr;Iran;27
Ahmed Al Jaber AB;Koweït;27
Al Masna'ah;Oman;27
Sir Bani Yas;Émirats arabes unis;27
Masirah;Oman;27
Thumrait;Oman;27
Dera Ismael Khan;Pakistan;27
Jacobabad;Pakistan;27
Mangla;Pakistan;27
Mianwali;Pakistan;27
Moenjodaro;Pakistan;27
Kamra;Pakistan;27
Panjgur;Pakistan;27
Pasni;Pakistan;27
Rawalakot;Pakistan;27
Sehwan Sharif;Pakistan;27
Sargodha;Pakistan;27
Saidu Sharif;Pakistan;27
Sui;Pakistan;27
Hīt;Irak;27
Al Habbaniyah;Irak;27
Qayyarah;Irak;27
Nasiriyah;Irak;27
Deir ez-Zor;Syrie;27
Tadmur;Syrie;27
Ar Rayyan;Qatar;27
Ataq;Yémen;27
Palmer;États-Unis;27
Delta Junction Ft Greely;États-Unis;27
Cape Romanzof;États-Unis;27
Cape Newenham;États-Unis;27
Nenana;États-Unis;27
Metlakatla;États-Unis;27
Port Clarence;États-Unis;27
Sparrevohn;États-Unis;27
Soldotna;États-Unis;27
Shemya;États-Unis;27
Talkeetna;États-Unis;27
Takotna;États-Unis;27
Seward;États-Unis;27
Wasilla;États-Unis;27
Abariringa;Kiribati;27
Yigo;Guam;27
Kekaha;États-Unis;27
Kapolei;États-Unis;27
Kaneohe;États-Unis;27
Sand Island;UM;27
Hengchun;Taïwan;27
Hsinchu City;Taïwan;27
Ogasawara;Japon;27
Fukui;Japon;27
Gifu;Japon;27
Hachinohe;Japon;27
Ayase / Yamato;Japon;27
Fussa;Japon;27
Gangneung;Corée du Sud;27
Jeju Island;Corée du Sud;27
Seongnam;Corée du Sud;27
Pyeongtaek;Corée du Sud;27
Suwon;Corée du Sud;27
Gimseang-ro;Corée du Sud;27
Yecheon-ri;Corée du Sud;27
Ie;Japon;27
Lal-lo;Philippines;27
Cavite;Philippines;27
Lubang;Philippines;27
Surallah;Philippines;27
Bislig;Philippines;27
Mati;Philippines;27
Tandag;Philippines;27
Daet;Philippines;27
Mamburao;Philippines;27
Baler;Philippines;27
San Fernando;Philippines;27
Gasan;Philippines;27
Ormoc City;Philippines;27
Krymsk;Russie;27
Smolensk;Russie;27
Concordia;Argentine;27
Gualeguaychu;Argentine;27
La Plata;Argentine;27
El Palomar;Argentine;27
Rincon de los Sauces;Argentine;27
Zapala;Argentine;27
Malargue;Argentine;27
Rio Cuarto;Argentine;27
Villa Dolores;Argentine;27
Villa Mercedes;Argentine;27
Paso de los Libres;Argentine;27
Monte Caseros;Argentine;27
Orán;Argentine;27
Tartagal;Argentine;27
Goya;Argentine;27
Reconquista;Argentine;27
Curuzu Cuatia;Argentine;27
El Bolsón;Argentine;27
San Julian;Argentine;27
Puerto Santa Cruz;Argentine;27
General Pico;Argentine;27
Tres Arroyos;Argentine;27
Pehuajó;Argentine;27
Tandil;Argentine;27
Villa Gesell;Argentine;27
Cutral-Co;Argentine;27
Conceição do Araguaia;Brésil;27
Aracati;Brésil;27
Bagé;Brésil;27
Barretos;Brésil;27
Barra do Garças;Brésil;27
Cabo Frio;Brésil;27
Carolina;Brésil;27
Caravelas;Brésil;27
Jacareacanga;Brésil;27
Guajará-Mirim;Brésil;27
Guaratinguetá;Brésil;27
Itacoatiara;Brésil;27
São Roque;Brésil;27
Lins;Brésil;27
Bom Jesus da Lapa;Brésil;27
Minaçu;Brésil;27
Almeirim;Brésil;27
Macaé;Brésil;27
Oiapoque;Brésil;27
Poços De Caldas;Brésil;27
Porto Nacional;Brésil;27
Guarujá;Brésil;27
Tarauacá;Brésil;27
Telêmaco Borba;Brésil;27
Varginha;Brésil;27
Tocopilla;Chili;27
Chile Chico;Chili;27
Chillan;Chili;27
Coyhaique;Chili;27
Porvenir;Chili;27
Puerto Williams;Chili;27
Vallenar;Chili;27
Chañaral;Chili;27
Talca;Chili;27
Chaitén;Chili;27
Taltal;Chili;27
Viña del Mar;Chili;27
Ambato;Équateur;27
Ahuano;Équateur;27
Macará;Équateur;27
Portoviejo;Équateur;27
Tarapoa;Équateur;27
Ayolas;Paraguay;27
Concepción;Paraguay;27
Mariscal Estigarribia;Paraguay;27
Pilar;Paraguay;27
Pedro Juan Caballero;Paraguay;27
Apiay;Colombie;27
El Banco;Colombie;27
Caucasia;Colombie;27
Coveñas;Colombie;27
El Bagre;Colombie;27
Girardot;Colombie;27
Cartago;Colombie;27
La Mina-Maicao;Colombie;27
Magangué;Colombie;27
Ocaña;Colombie;27
Pitalito;Colombie;27
La Dorada;Colombie;27
Paz de Ariporo;Colombie;27
Mariquita;Colombie;27
Tres Esquinas;Colombie;27
Tuluá;Colombie;27
Bermejo;Bolivie;27
Potosí;Bolivie;27
Santa Ana del Yacuma;Bolivie;27
Villamontes;Bolivie;27
Yacuíba;Bolivie;27
Correia Pinto;Brésil;27
Linhares;Brésil;27
Saint-Georges-de-l'Oyapock;Guyane française;27
Atalaya;Pérou;27
Iberia;Pérou;27
Anta;Pérou;27
Rioja;Pérou;27
Juanjuí;Pérou;27
Durazno;Uruguay;27
Paysandú;Uruguay;27
Salto;Uruguay;27
Acarigua;Venezuela;27
Anaco;Venezuela;27
Maracay;Venezuela;27
Ciudad Bolivar;Venezuela;27
Guarico;Venezuela;27
Bolivar;Venezuela;27
Guasdualito;Venezuela;27
Guanare;Venezuela;27
Puerto Ayacucho;Venezuela;27
Puerto Cabello;Venezuela;27
San Cristóbal;Venezuela;27
Palmarito;Venezuela;27
San Felipe;Venezuela;27
San Fernando de Apure;Venezuela;27
San Carlos del Zulia;Venezuela;27
Tucupita;Venezuela;27
Arecibo;Porto Rico;27
Ekibastuz;Kazakhstan;27
Zaqatala;Azerbaïdjan;27
Magan;Russie;27
Belaya Gora;Russie;27
Sovetskaya Gavan;Russie;27
Chukotka;Russie;27
Evensk;Russie;27
Boryspil;Ukraine;27
Berdyansk;Ukraine;27
Sevastopol;Ukraine;27
Cherkasy;Ukraine;27
Khmelnytskyi;Ukraine;27
Vinnitsa;Ukraine;27
Arkhangelsk;Russie;27
Vologda;Russie;27
Vitebsk;Biélorussie;27
Hrodna;Biélorussie;27
Gorno-Altaysk;Russie;27
Baykit;Russie;27
Bor;Russie;27
Achinsk;Russie;27
Strezhevoy;Russie;27
Dikson;Russie;27
Svetlogorsk;Russie;27
Kaluga;Russie;27
Tver;Russie;27
Tambov;Russie;27
Inta;Russie;27
Ust-Tsylma;Russie;27
Yoshkar-Ola;Russie;27
Akola;Inde;27
Daman;Inde;27
Solapur;Inde;27
Anuradhapura;Sri Lanka;27
Ampara;Sri Lanka;27
Polonnaruwa Town;Sri Lanka;27
Ratanakiri;Cambodge;27
Jamshedpur;Inde;27
Kushinagar;Inde;27
Kailashahar;Inde;27
Muzaffarpur;Inde;27
Rourkela;Inde;27
Ziro;Inde;27
Ishurdi;Bangladesh;27
Bikaner;Inde;27
Kota;Inde;27
Puerto Vallemi;Paraguay;27
Bellary;Inde;27
Bidar;Inde;27
IAF Camp;Inde;27
Puttaparthi;Inde;27
Gelephu;Bhoutan;27
Nakhon Pathom;Thaïlande;27
Lop Buri;Thaïlande;27
Takhli;Thaïlande;27
Chaloem Phra Kiat;Thaïlande;27
Namsang;Myanmar;27
Nabire;Indonésie;27
Serui;Indonésie;27
Gotalalamo-Morotai Island;Indonésie;27
Poso-Celebes Island;Indonésie;27
Luwok;Indonésie;27
Babo;Indonésie;27
Rengat-Sumatra Island;Indonésie;27
Padang Sidempuan;Indonésie;27
Medan;Indonésie;27
Lhok Sukon-Sumatra Island;Indonésie;27
Butterworth;Malaisie;27
Kerteh;Malaisie;27
Paya Lebar;Singapour;27
Western Water Catchment;Singapour;27
Ararat;Australie;27
Benalla;Australie;27
Bairnsdale;Australie;27
Wurrumiyanga;Australie;27
Chinchilla;Australie;27
Derby;Australie;27
Deniliquin;Australie;27
Forbes;Australie;27
Grafton;Australie;27
Glen Innes;Australie;27
Pirlangimpi;Australie;27
Inverell;Australie;27
Morwell;Australie;27
Mareeba;Australie;27
Mudgee;Australie;27
Roper River;Australie;27
Orange;Australie;27
Wadeye;Australie;27
Cobbitty;Australie;27
Nowra Hill;Australie;27
Temora;Australie;27
Tumut;Australie;27
Taree;Australie;27
Laceby;Australie;27
Sale;Australie;27
West Wyalong;Australie;27
Xiangyang (Laohekou);Chine;27
Xi'an (Baqiao);Chine;27
Kalumbila;Zambie;27
Chuxiong (Yuanmou);Chine;27
Rugao (Nantong);Chine;27
Suzhou;Chine;27
Tongren;Chine;27
Deyang (Guanghan);Chine;27
Ngawa (Hongyuan);Chine;27
Barkol;Chine;27
Shanshan;Chine;27
Huludao (Xingcheng);Chine;27
Utirik Island;Îles Marshall;1
Nunapitchuk;États-Unis;1
Blakely Island;États-Unis;1
Atmautluak;États-Unis;1
Pedro Bay;États-Unis;1
Ouzinkie;États-Unis;1
Tununak;États-Unis;1
Minto;États-Unis;1
Center Island;États-Unis;1
Tatitlek;États-Unis;1
Chuathbaluk;États-Unis;1
Tuntutuliak;États-Unis;1
Twin Hills;États-Unis;1
Chignik Lake;États-Unis;1
Auki;Îles Salomon;1
Anua;Îles Salomon;1
Choiseul Bay;Îles Salomon;1
Ballalae;Îles Salomon;1
Fera Island;Îles Salomon;1
Kirakira;Îles Salomon;1
Santa Cruz/Graciosa Bay/Luova;Îles Salomon;1
Gizo;Îles Salomon;1
Stirling Island;Îles Salomon;1
Rennell Island;Îles Salomon;1
Santa Ana Island;Îles Salomon;1
Marau;Îles Salomon;1
Suavanao;Îles Salomon;1
Yandina;Îles Salomon;1
Kagau Island;Îles Salomon;1
Manaoba;Îles Salomon;1
Gatokae;Îles Salomon;1
Ramata;Îles Salomon;1
Cosmo Newbery;Australie;1
Bosset;Papouasie-Nouvelle-Guinée;1
Gasmata Island;Papouasie-Nouvelle-Guinée;1
Kieta;Papouasie-Nouvelle-Guinée;1
Losuia;Papouasie-Nouvelle-Guinée;1
Kiunga;Papouasie-Nouvelle-Guinée;1
Kikori;Papouasie-Nouvelle-Guinée;1
Londolovit;Papouasie-Nouvelle-Guinée;1
Moro;Papouasie-Nouvelle-Guinée;1
Misima Island;Papouasie-Nouvelle-Guinée;1
Obo;Papouasie-Nouvelle-Guinée;1
Sasereme;Papouasie-Nouvelle-Guinée;1
Tari;Papouasie-Nouvelle-Guinée;1
Tabubil;Papouasie-Nouvelle-Guinée;1
Tapini;Papouasie-Nouvelle-Guinée;1
Tufi;Papouasie-Nouvelle-Guinée;1
Maniitsoq;Groenland;1
Paamiut;Groenland;1
Upernavik;Groenland;1
Uummannaq;Groenland;1
Þórshöfn;Islande;1
Cajazeiras;Brésil;1
Big Creek;Belize;1
Independence;Belize;1
Orange Walk;Belize;1
Trail;Canada;1
Port McNeill;Canada;1
Williams Harbour;Canada;1
Postville;Canada;1
Black Tickle;Canada;1
St. Lewis;Canada;1
Port Hope Simpson;Canada;1
Rigolet;Canada;1
Whatì;Canada;1
Summer Beaver;Canada;1
Crooked Creek;États-Unis;1
Angling Lake;Canada;1
Wunnumin Lake;Canada;1
North Spirit Lake;Canada;1
Chicken;États-Unis;1
Zhaosu;Chine;1
Hejing;Chine;1
Qitai;Chine;1
Bearskin Lake;Canada;1
Natuashish;Canada;1
Kingfisher Lake;Canada;1
La Chorrera;Colombie;1
Keewaywin;Canada;1
Chisasibi;Canada;1
Tête-à-la-Baleine;Canada;1
Côte-Nord-du-Golfe-du-Saint-Laurent;Canada;1
Le Golfe-du-Saint-Laurent;Canada;1
La Tabatière;Canada;1
Arctic Bay;Canada;1
Cat Lake;Canada;1
Alert Bay;Canada;1
Kangirsuk;Canada;1
Attawapiskat;Canada;1
Kugaaruk;Canada;1
Uranium City;Canada;1
Tadoule Lake;Canada;1
Brochet;Canada;1
Berens River;Canada;1
Cartwright;Canada;1
Kugluktuk;Canada;1
Cross Lake;Canada;1
Chesterfield Inlet;Canada;1
Clyde River;Canada;1
Dease Lake;Canada;1
Nain;Canada;1
Arviat;Canada;1
Fort Severn;Canada;1
Fort Albany;Canada;1
Fort Hope;Canada;1
Flin Flon;Canada;1
Makkovik;Canada;1
Fort Good Hope;Canada;1
Gods Lake Narrows;Canada;1
Igloolik;Canada;1
Gillam;Canada;1
Grise Fiord;Canada;1
Quaqtaq;Canada;1
Nemiscau;Canada;1
Ulukhaktok;Canada;1
Gjoa Haven;Canada;1
Hopedale;Canada;1
Poplar Hill;Canada;1
Chevery;Canada;1
Ivujivik;Canada;1
Pond Inlet;Canada;1
Aklavik;Canada;1
Kangiqsujuaq;Canada;1
Akulivik;Canada;1
Ogoki Post;Canada;1
Waskaganish;Canada;1
Aupaluk;Canada;1
Kimmirut;Canada;1
Lansdowne House;Canada;1
Lutselk'e;Canada;1
Kangiqsualujjuaq;Canada;1
Mary's Harbour;Canada;1
Umiujaq;Canada;1
Wemindji;Canada;1
Norway House;Canada;1
Old Crow;Canada;1
Oxford House;Canada;1
Paulatuk;Canada;1
Inukjuak;Canada;1
Pikangikum;Canada;1
Peawanuck;Canada;1
Gamètì;Canada;1
Red Sucker Lake;Canada;1
Sanikiluaq;Canada;1
St. Theresa Point;Canada;1
Sachs Harbour;Canada;1
Kinngait;Canada;1
Big Trout Lake;Canada;1
Tasiujaq;Canada;1
Repulse Bay;Canada;1
Colville Lake;Canada;1
Qikiqtarjuaq;Canada;1
Wekweètì;Canada;1
Déline;Canada;1
Webequie;Canada;1
Whale Cove;Canada;1
Pangnirtung;Canada;1
Taloyoak;Canada;1
Salluit;Canada;1
Ilford;Canada;1
Eastmain River;Canada;1
Fond-du-Lac;Canada;1
Pukatawagan;Canada;1
Fort Mcpherson;Canada;1
Tulita;Canada;1
Gods River;Canada;1
Kashechewan;Canada;1
Muskrat Dam;Canada;1
Sachigo Lake;Canada;1
Round Lake;Canada;1
South Indian Lake;Canada;1
Bloodvein River;Canada;1
Shamattawa;Canada;1
Churchill Falls;Canada;1
Lac Brochet;Canada;1
Wollaston Lake;Canada;1
Dekai;Indonésie;1
Dalnerechensk;Russie;1
Deputatskiy;Russie;1
Emden;Allemagne;1
Wangerooge;Allemagne;1
Juist;Allemagne;1
Borkum;Allemagne;1
Norddeich;Allemagne;1
Norderney;Allemagne;1
Baltrum;Allemagne;1
Oesterdeichstrich;Allemagne;1
Helgoland;Allemagne;1
Fair Isle;Royaume-Uni;1
Coll Island;Royaume-Uni;1
North Ronaldsay;Royaume-Uni;1
North Connel;Royaume-Uni;1
Papa Westray, Orkney Islands;Royaume-Uni;1
Stronsay;Royaume-Uni;1
Sanday;Royaume-Uni;1
Lerwick, Shetland Islands;Royaume-Uni;1
Westray, Orkney Islands;Royaume-Uni;1
Colonsay;Royaume-Uni;1
Land's End, Cornwall;Royaume-Uni;1
St. Mary's, Isles of Scilly;Royaume-Uni;1
Inverin;Irlande;1
Inis Mór;Irlande;1
Inis Oírr;Irlande;1
Inis Meáin;Irlande;1
Enejit Island;Îles Marshall;1
Læsø;Danemark;1
Førde;Norvège;1
Hasvik;Norvège;1
Namsos;Norvège;1
Røst;Norvège;1
Sandane;Norvège;1
Sogndal;Norvège;1
Sveg;Suède;1
Råda;Suède;1
Pajala;Suède;1
Hemavan;Suède;1
Shire Inda Selassie;Éthiopie;1
Shakawe;Botswana;1
San Antonio de Palé;Guinée équatoriale;1
Kasama;Zambie;1
Solwesi;Zambie;1
Tambohorano;Madagascar;1
Soalala;Madagascar;1
Tsaratanana;Madagascar;1
Funadhoo;Maldives;1
Xai-Xai;Mozambique;1
Halali;Namibie;1
Inongo;Congo (RDC);1
Boende;Congo (RDC);1
Kamina;Congo (RDC);1
Ilebo;Congo (RDC);1
Gamba;Gabon;1
Foula;Royaume-Uni;1
Alajero, La Gomera Island;Espagne;1
Goodnews;États-Unis;1
São Filipe;Cap-Vert;1
Dessie;Éthiopie;1
Dembidollo;Éthiopie;1
Mizan Teferi;Éthiopie;1
Shilavo;Éthiopie;1
Semera;Éthiopie;1
Tippi;Éthiopie;1
Kirundo;Burundi;1
Beledweyne;Somalie;1
Galcaio;Somalie;1
Garowe;Somalie;1
Siwa Oasis;Égypte;1
Meru-Kinna;Kenya;1
Misrata;Libye;1
Adam;Libye;1
Bukoba;Tanzanie;1
Kigoma;Tanzanie;1
Kilindoni;Tanzanie;1
Musoma;Tanzanie;1
Seronera;Tanzanie;1
Shinyanga;Tanzanie;1
Tabora;Tanzanie;1
Singkil;Indonésie;1
Sungai Penuh;Indonésie;1
Sipura Island;Indonésie;1
Jagdalpur;Inde;1
Tiakur;Indonésie;1
Chizhou;Chine;1
Anacortes;États-Unis;1
Block Island;États-Unis;1
Nanwalek;États-Unis;1
Grayling;États-Unis;1
Ironwood;États-Unis;1
Manistee;États-Unis;1
Montauk;États-Unis;1
Martha's Vineyard;États-Unis;1
Ushant;France;1
Île d'Yeu;France;1
Chaspuzac, Haute-Loire;France;1
Saint-Tropez;France;1
Miquelon;Saint-Pierre-et-Miquelon;1
Ikaria Island;Grèce;1
Argos Orestiko;Grèce;1
Kithira Island;Grèce;1
Kastelorizo Island;Grèce;1
Kasos Island;Grèce;1
Kalymnos Island;Grèce;1
Leros Island;Grèce;1
Limnos Island;Grèce;1
Milos Island;Grèce;1
Naxos;Grèce;1
Paros;Grèce;1
Astypalaia Island;Grèce;1
Syros Island;Grèce;1
Skiros Island;Grèce;1
Corvo;Portugal;1
Amasya;Turquie;1
Sivas;Turquie;1
Altıntaş;Turquie;1
Bingöl;Turquie;1
Salt Cay;Îles Turques-et-Caïques;1
Huehuetenango;Guatemala;1
Quezaltenango;Guatemala;1
Ujae Atoll;Îles Marshall;1
Aur Atoll;Îles Marshall;1
Ailinglapalap Atoll;Îles Marshall;1
Likiep Island;Îles Marshall;1
Majkin;Îles Marshall;1
Rongelap Island;Îles Marshall;1
Jabor Jaluit Atoll;Îles Marshall;1
Wotje;Îles Marshall;1
Wotho Island;Îles Marshall;1
Puerto Lempira;Honduras;1
Utila Island;Honduras;1
Mili Island;Îles Marshall;1
Comondú;Mexique;1
San Quintín;Mexique;1
Puerto Peñasco;Mexique;1
Corn Island;Nicaragua;1
Morowali;Indonésie;1
Panamá City;Panama;1
Pedasí;Panama;1
Río Hato;Panama;1
Faresmaathodaa;Maldives;1
Long Banga;Malaisie;1
May Creek;États-Unis;1
Aitutaki;Îles Cook;1
Atiu Island;Îles Cook;1
Manihiki Island;Îles Cook;1
Mauke Island;Îles Cook;1
Mitiaro Island;Îles Cook;1
Cicia;Fidji;1
Malolo Lailai Island;Fidji;1
Vunisea;Fidji;1
Mana Island;Fidji;1
Moala;Fidji;1
Bureta;Fidji;1
Ngau;Fidji;1
Lakeba Island;Fidji;1
Matei;Fidji;1
Koro Island;Fidji;1
Rotuma;Fidji;1
Savusavu;Fidji;1
Yasawa Island;Fidji;1
Eua Island;Tonga;1
Niuatoputapu;Tonga;1
Vanua Balavu;Fidji;1
Butaritari;Kiribati;1
Buariki;Kiribati;1
Futuna Island;Wallis-et-Futuna;1
Ofu;Samoa américaines;1
Fitiuta Village;Samoa américaines;1
Rimatara Island;Polynésie française;1
Apataki;Polynésie française;1
Hikueru;Polynésie française;1
Napuka Island;Polynésie française;1
Tatakoto;Polynésie française;1
Kauehi;Polynésie française;1
Fakahina;Polynésie française;1
Naiu Atoll;Polynésie française;1
Raroia;Polynésie française;1
Ua Pou;Polynésie française;1
Ua Huka;Polynésie française;1
Sola;Vanuatu;1
Craig Cove;Vanuatu;1
Longana;Vanuatu;1
Pentecost Island;Vanuatu;1
Paama Island;Vanuatu;1
Lamap;Vanuatu;1
Lamen Bay;Vanuatu;1
Lonorore;Vanuatu;1
Norsup;Vanuatu;1
Tongoa Island;Vanuatu;1
Epi Island;Vanuatu;1
Walaha;Vanuatu;1
Olpoi;Vanuatu;1
Waala;Nouvelle-Calédonie;1
Koumac;Nouvelle-Calédonie;1
Claris;Nouvelle-Zélande;1
Koromiko;Nouvelle-Zélande;1
Fayzabad;Afghanistan;1
Semnan;Iran;1
Parsabad;Iran;1
Bandar-e-Jask;Iran;1
Old Harbor;États-Unis;1
Delma Island;Émirats arabes unis;1
Dalbandin;Pakistan;1
Khuzdar;Pakistan;1
Muzaffarabad;Pakistan;1
Port Lions;États-Unis;1
Puerto Piña;Panama;1
Contadora Island;Panama;1
Atka;États-Unis;1
Buckland;États-Unis;1
Bettles;États-Unis;1
Central;États-Unis;1
Chalkyitsik;États-Unis;1
Chefornak;États-Unis;1
Scammon Bay;États-Unis;1
Circle;États-Unis;1
Yakataga;États-Unis;1
Marshall;États-Unis;1
Kongiganak;États-Unis;1
Eek;États-Unis;1
Mertarvik;États-Unis;1
Nikolai;États-Unis;1
Kwigillingok;États-Unis;1
Shungnak;États-Unis;1
Golovin;États-Unis;1
Nightmute;États-Unis;1
Skagway;États-Unis;1
Hooper Bay;États-Unis;1
Hughes;États-Unis;1
Igiugig;États-Unis;1
Wales;États-Unis;1
Chignik;États-Unis;1
Koliganek;États-Unis;1
False Pass;États-Unis;1
Akhiok;États-Unis;1
Kipnuk;États-Unis;1
Koyuk;États-Unis;1
Nikolski;États-Unis;1
Kaltag;États-Unis;1
Karluk;États-Unis;1
Larsen Bay;États-Unis;1
Kalskag;États-Unis;1
Port Alsworth;États-Unis;1
Manokotak;États-Unis;1
Minchumina;États-Unis;1
St Michael;États-Unis;1
Manley Hot Springs;États-Unis;1
Mountain Village;États-Unis;1
Napakiak;États-Unis;1
Nulato;États-Unis;1
New Stuyahok;États-Unis;1
Kobuk;États-Unis;1
Hoonah;États-Unis;1
Toksook Bay;États-Unis;1
Nelson Lagoon;États-Unis;1
Perryville;États-Unis;1
Napaskiak;États-Unis;1
Pilot Point;États-Unis;1
Point Hope;États-Unis;1
Quinhagak;États-Unis;1
Russian Mission;États-Unis;1
Shishmaref;États-Unis;1
Selawik;États-Unis;1
Sleetmute;États-Unis;1
St Mary's;États-Unis;1
Seldovia;États-Unis;1
Tanana;États-Unis;1
Tin City;États-Unis;1
Teller;États-Unis;1
Togiak Village;États-Unis;1
Alakanuk;États-Unis;1
Akutan;États-Unis;1
Chevak;États-Unis;1
King Cove;États-Unis;1
Venetie;États-Unis;1
Kivalina;États-Unis;1
White Mountain;États-Unis;1
Noatak;États-Unis;1
Akiak;États-Unis;1
Allakaket;États-Unis;1
Chenega;États-Unis;1
Clarks Point;États-Unis;1
Elim;États-Unis;1
Kasigluk;États-Unis;1
Kokhanok;États-Unis;1
Kotlik;États-Unis;1
Brevig Mission;États-Unis;1
Koyukuk;États-Unis;1
Kwethluk;États-Unis;1
Noorvik;États-Unis;1
Shaktoolik;États-Unis;1
Tok;États-Unis;1
South Naknek;États-Unis;1
Lake Murray;Papouasie-Nouvelle-Guinée;1
Port Graham;États-Unis;1
Kalaupapa;États-Unis;1
Eniwetok Atoll;Îles Marshall;1
Kili Island;Îles Marshall;1
Red Devil;États-Unis;1
Badanjilin;Chine;1
Rampart;États-Unis;1
Aguni;Japon;1
El Nido;Philippines;1
Cuyo;Philippines;1
Del Carmen;Philippines;1
San Vicente;Philippines;1
Taksimo;Russie;1
Motygino;Russie;1
Lopez;États-Unis;1
San Antonio Oeste;Argentine;1
Gobernador Gregores;Argentine;1
Rio Turbio;Argentine;1
Caldas Novas;Brésil;1
Bonito;Brésil;1
Guarapuava;Brésil;1
Jaguaruna;Brésil;1
Ji-Paraná;Brésil;1
Juazeiro do Norte;Brésil;1
Lençóis;Brésil;1
Pato Branco;Brésil;1
Barreirinhas;Brésil;1
Sorriso;Brésil;1
Una;Brésil;1
Três Lagoas;Brésil;1
Pucon;Chili;1
Dalcahue;Chili;1
Villa Las Estrellas;AQ;1
Sorocaba;Brésil;1
Paraty;Brésil;1
Puerto Villamil;Équateur;1
Puerto Baquerizo Moreno;Équateur;1
La Toma (Catamayo);Équateur;1
Stanley;Îles Malouines;1
Maraú;Brésil;1
Puerto Leguízamo;Colombie;1
La Pedrera;Colombie;1
La Macarena;Colombie;1
Nuquí;Colombie;1
Tarapacá;Colombie;1
Saravena;Colombie;1
Santiago de Tolú;Colombie;1
Chimore;Bolivie;1
Puerto Rico/Manuripi;Bolivie;1
Rurrenabaque;Bolivie;1
Drietabbetje;Suriname;1
Moengo;Suriname;1
Wageningen;Suriname;1
Barreiras;Brésil;1
Paragominas;Brésil;1
Guarapari;Brésil;1
Serra Talhada;Brésil;1
Caruaru;Brésil;1
Salinópolis;Brésil;1
Valença;Brésil;1
Breves;Brésil;1
Paracatu;Brésil;1
Andahuaylas;Pérou;1
Kwatta;Suriname;1
Mulegé;Mexique;1
Stony River;États-Unis;1
Canela;Brésil;1
Francisco Beltrão;Brésil;1
Guaíra;Brésil;1
Cacoal;Brésil;1
Umuarama;Brésil;1
União da Vitória;Brésil;1
Isla de Coche;Venezuela;1
Gran Roque Island;Venezuela;1
Stevens Village;États-Unis;1
Barcelos;Brésil;1
Pontes e Lacerda;Brésil;1
Borba;Brésil;1
Carauari;Brésil;1
Lábrea;Brésil;1
Santa Isabel do Rio Negro;Brésil;1
Tangará da Serra;Brésil;1
Nunam Iqua;États-Unis;1
Grande Anse;Guadeloupe;1
Basse-Terre;Guadeloupe;1
St-François;Guadeloupe;1
Carriacou Island;Grenade;1
Tuluksak;États-Unis;1
Tumxuk;Chine;1
Usharal;Kazakhstan;1
Zaysan;Kazakhstan;1
Lankaran;Azerbaïdjan;1
Batagay;Russie;1
Batagay-Alyta;Russie;1
Ust-Kuyga;Russie;1
Ust-Maya;Russie;1
Verkhnevilyuisk;Russie;1
Suntar;Russie;1
Kisoro;Ouganda;1
Markovo;Russie;1
Bogorodskoye;Russie;1
Kurilsk;Russie;1
Shakhtyorsk;Russie;1
Yuzhno-Kurilsk;Russie;1
Nogliki;Russie;1
Plastun;Russie;1
Bodaybo;Russie;1
Nizhneangarsk;Russie;1
Leshukonskoye;Russie;1
Solovetsky Islands;Russie;1
Tura;Russie;1
Turukhansk;Russie;1
Pilot Station;États-Unis;1
Karshi;Ouzbékistan;1
Urzhar;Kazakhstan;1
Diu;Inde;1
Jalgaon;Inde;1
Deoghar;Inde;1
Aligarh;Inde;1
Adampur;Inde;1
Ghaziabad;Inde;1
Shravasti;Inde;1
Luang Namtha;Laos;1
Oudomsay;Laos;1
Xieng Khouang;Laos;1
Bharatpur;Népal;1
Bhadrapur;Népal;1
Dolpa;Népal;1
Silgadi Doti;Népal;1
Jumla;Népal;1
Jomsom;Népal;1
Simara;Népal;1
Surkhet;Népal;1
Simikot;Népal;1
Tumling Tar;Népal;1
Kalaburagi;Inde;1
Vagaikulam;Inde;1
Jakar;Bhoutan;1
Yongphulla;Bhoutan;1
Kulhudhuffushi;Maldives;1
Baa Atoll;Maldives;1
Thimarafushi;Maldives;1
Maavaarulu;Maldives;1
Tam Nghĩa;Viêt Nam;1
Thanh Hóa;Viêt Nam;1
Nyaung U;Myanmar;1
Banmaw;Myanmar;1
Kanti;Myanmar;1
Mawlamyine;Myanmar;1
Magway;Myanmar;1
Pathein;Myanmar;1
Roche Harbor;États-Unis;1
Sumbawa Besar;Indonésie;1
Radamata;Indonésie;1
Waingapu-Sumba Island;Indonésie;1
Rogojampi, Banyuwangi;Indonésie;1
Palopo;Indonésie;1
Toli Toli-Celebes Island;Indonésie;1
Tojo Una-Una;Indonésie;1
Muara Teweh;Indonésie;1
Seruyan;Indonésie;1
Karimunjawa;Indonésie;1
Bokondini;Indonésie;1
Tanjung Selor-Borneo Island;Indonésie;1
Datadawai-Borneo Island;Indonésie;1
Gorontalo;Indonésie;1
Lolak;Indonésie;1
Buol;Indonésie;1
Batu Licin;Indonésie;1
Pangkalanbun;Indonésie;1
Stagen;Indonésie;1
Sampit;Indonésie;1
Tumbang Samba-Borneo Island;Indonésie;1
Malinau;Indonésie;1
Jember;Indonésie;1
Waisai;Indonésie;1
Atambua;Indonésie;1
Waioti;Indonésie;1
Ende;Indonésie;1
Satar Tacik, Manggarai;Indonésie;1
Tiwatobi;Indonésie;1
Kabola;Indonésie;1
Labuan Bajo, Manggarai Barat;Indonésie;1
Ba'a - Rote Island;Indonésie;1
Benteng;Indonésie;1
Kendari;Indonésie;1
Stebbins;États-Unis;1
Long Datih;Malaisie;1
Long Seridan;Malaisie;1
Bakalalan;Malaisie;1
Lawas;Malaisie;1
Tomanggong;Malaisie;1
Kudat;Malaisie;1
Cijulang;Indonésie;1
Muko Muko;Indonésie;1
Lhok Seumawe-Sumatra Island;Indonésie;1
Siborong-Borong;Indonésie;1
Tanjung Pandan;Indonésie;1
Jambi;Indonésie;1
Muara Bungo;Indonésie;1
Pangkor Island;Malaisie;1
Saumlaki-Yamdena Island;Indonésie;1
Long Bawan;Indonésie;1
Bontang-Borneo Island;Indonésie;1
Long Apung-Borneo Island;Indonésie;1
Aurukun;Australie;1
Badu Island;Australie;1
Busselton;Australie;1
Boigu Island;Australie;1
Christmas Creek Mine;Australie;1
Darnley Island;Australie;1
Whitemark;Australie;1
Lajamanu;Australie;1
Hughenden;Australie;1
Karara;Australie;1
Kalbarri;Australie;1
Kubin Island;Australie;1
Lord Howe Island;Australie;1
Laverton;Australie;1
Mabuiag Island;Australie;1
Murray Island;Australie;1
Milingimbi Island;Australie;1
McArthur River Mine;Australie;1
Bamaga;Australie;1
Olympic Dam;Australie;1
Mount Eba;Australie;1
Pormpuraaw;Australie;1
Saibai Island;Australie;1
Sue Islet;Australie;1
Yorke Island;Australie;1
Yam Island;Australie;1
Akiachak;États-Unis;1
Birch Creek;États-Unis;1
Changzhi;Chine;1
Tangshan (Fengrun);Chine;1
Ulanhot;Chine;1
Xinzhou;Chine;1
Hengyang;Chine;1
Meizhou (Meixian);Chine;1
Xiangxi;Chine;1
Nanyang (Wancheng);Chine;1
Anyang;Chine;1
Ankang (Hanbin);Chine;1
Haibei (Qilian);Chine;1
Uliastai;Mongolie;1
Mandalgobi;Mongolie;1
Pu'er;Chine;1
Wenshan;Chine;1
Ganzhou;Chine;1
Jiujiang;Chine;1
Dazhou (Daxian);Chine;1
Garzê (Garzê);Chine;1
Qiannan (Libo);Chine;1
Nanchong (Gaoping);Chine;1
Shannan;Chine;1
Wushan;Chine;1
Wanzhou;Chine;1
Aral;Chine;1
Shihezi;Chine;1
Kuqa;Chine;1
Karamay;Chine;1
Tacheng;Chine;1
Hotan (Yutian);Chine;1
Dalian (Changhai);Chine;1
Daqing;Chine;1
France;Paris;1000
Royaume-Uni;Londres;939
États-Unis;Washington;925
Allemagne;Berlin;872
Italie;Rome;899
Espagne;Madrid;885
Japon;Tokyo;859
Chine;Pékin;845
Inde;New Delhi;739
Brésil;Brasília;632
Russie;Moscou;752
Canada;Ottawa;805
Australie;Canberra;765
Mexique;Mexico;699
Corée du Sud;Séoul;645
Indonésie;Jakarta;645
Turquie;Ankara;752
Arabie saoudite;Riyad;552
Argentine;Buenos Aires;619
Afrique du Sud;Pretoria;605
Nigeria;Abuja;539
Égypte;Le Caire;672
Thaïlande;Bangkok;779
Pakistan;Islamabad;459
Philippines;Manille;592
Colombie;Bogotá;565
Ukraine;Kiev;699
Malaisie;Kuala Lumpur;592
Viêt Nam;Hanoï;565
Algérie;Alger;253
Maroc;Rabat;685
Pérou;Lima;539
Ghana;Accra;485
Chili;Santiago;592
Pays-Bas;Amsterdam;565
Belgique;Bruxelles;552
Suède;Stockholm;539
Portugal;Lisbonne;792
Autriche;Vienne;579
Suisse;Berne;592
Norvège;Oslo;525
Danemark;Copenhague;512
Finlande;Helsinki;499
Irlande;Dublin;485
Pologne;Varsovie;472
République tchèque;Prague;459
Hongrie;Budapest;445
Roumanie;Bucarest;432
Grèce;Athènes;805
Israël;Jérusalem;619
Émirats arabes unis;Abou Dhabi;725
Nouvelle-Zélande;Wellington;725
Qatar;Doha;499
Irak;Bagdad;379
Iran;Téhéran;352
Syrie;Damas;325
Jordanie;Amman;432
Liban;Beyrouth;445
Kenya;Nairobi;525
Tanzanie;Dodoma;499
Éthiopie;Addis-Abeba;512
Ouganda;Kampala;253
Tunisie;Tunis;659
Libye;Tripoli;253
Soudan;Khartoum;253
Sénégal;Dakar;472
Cameroun;Yaoundé;427
Gabon;Libreville;413
Congo (RDC);Kinshasa;400
Congo;Brazzaville;387
Madagascar;Antananarivo;253
Zambie;Lusaka;352
Zimbabwe;Harare;339
Namibie;Windhoek;253
Togo;Lomé;253
Bénin;Cotonou;253
Niger;Niamey;253
Mali;Bamako;253
Guinée;Conakry;253
Burkina Faso;Ouagadougou;253
Mauritanie;Nouakchott;253
Venezuela;Caracas;485
Cuba;La Havane;592
République dominicaine;Saint-Domingue;539
Équateur;Quito;525
Bolivie;Sucre;512
Paraguay;Asunción;485
Uruguay;Montevideo;552
Costa Rica;San José;253
Panama;Panama;253
Guatemala;Guatemala;253
Honduras;Tegucigalpa;253
Salvador;San Salvador;253
Nicaragua;Managua;253
Kazakhstan;Astana;512
Ouzbékistan;Tachkent;485
Kirghizistan;Bichkek;459
Tadjikistan;Douchanbé;432
Turkménistan;Achgabat;405
Afghanistan;Kaboul;405
Bangladesh;Dacca;485
Népal;Katmandou;512
Sri Lanka;Colombo;539
Myanmar;Naypyidaw;485
Cambodge;Phnom Penh;539
Laos;Vientiane;253
Mongolie;Oulan-Bator;459
Azerbaïdjan;Bakou;552
Géorgie;Tbilissi;565
Arménie;Erevan;539
Albanie;Tirana;312
Serbie;Belgrade;365
Croatie;Zagreb;405
Slovénie;Ljubljana;392
Bosnie-Herzégovine;Sarajevo;352
Macédoine du Nord;Skopje;339
Monténégro;Podgorica;325
Bulgarie;Sofia;419
Slovaquie;Bratislava;379
Estonie;Tallinn;307
Lettonie;Riga;325
Lituanie;Vilnius;317
Moldavie;Chișinău;512
Biélorussie;Minsk;592
Islande;Reykjavik;339
Taïwan;Taipei;619
Papouasie-Nouvelle-Guinée;Port Moresby;352
Fidji;Suva;432
Samoa;Apia;352
Vanuatu;Port-Vila;325
Polynésie française;Papeete;485
Nouvelle-Calédonie;Nouméa;459
Maurice;Port-Louis;405
Maldives;Malé;365
Seychelles;Victoria;387
Comores;Moroni;272
Guinée-Bissau;Bissau;253
Gambie;Banjul;253
Sierra Leone;Freetown;253
Libéria;Monrovia;253
Botswana;Gaborone;325
Malawi;Lilongwe;312
Rwanda;Kigali;312
Burundi;Bujumbura;299
Soudan du Sud;Djouba;285
Djibouti;Djibouti;272
Somalie;Mogadiscio;232
Mozambique;Maputo;365
Lesotho;Maseru;272
Eswatini;Mbabane;272
Guinée équatoriale;Malabo;272
Sao Tomé-et-Principe;São Tomé;272
Centrafrique;Bangui;272
Tchad;N'Djamena;285
Monaco;Monaco;253
Saint-Marin;Saint-Marin;253
Andorre;Andorre-la-Vieille;253
Liechtenstein;Vaduz;253
Malte;La Valette;339
Chypre;Nicosie;352
Kosovo;Pristina;312
Trinité-et-Tobago;Port-of-Spain;525
Jamaïque;Kingston;512
Barbade;Bridgetown;485
Bahamas;Nassau;485
Haïti;Port-au-Prince;485
Groenland;Nuuk;339
Guadeloupe;Basse-Terre;339
Martinique;Fort-de-France;339
La Réunion;Saint-Denis;339
Guyane française;Cayenne;312
Angola;Luanda;373
Tonga;Nuku'alofa;325
Érythrée;Asmara;259
Corée du Nord;Pyongyang;232
Kiribati;Tarawa;272
Îles Salomon;Honiara;272
Tuvalu;Funafuti;232
Nauru;Yaren;232
Palaos;Ngerulmud;272
Îles Marshall;Majuro;272
Micronésie;Palikir;272
Îles Cook;Avarua;253
Niue;Alofi;253
Wallis-et-Futuna;Mata-Utu;253
Saint-Pierre-et-Miquelon;Saint-Pierre;293
Mayotte;Mamoudzou;280
Bermudes;Hamilton;333
Îles Caïmans;George Town;320
Îles Turques-et-Caïques;Cockburn Town;307
Îles Vierges britanniques;Road Town;293
Anguilla;The Valley;280
Montserrat;Plymouth;267
Aruba;Oranjestad;320
Saint-Barthélemy;Gustavia;307
Îles Malouines;Stanley;267
Îles Féroé;Tórshavn;307
Svalbard;Longyearbyen;280
Brussels;Belgique;880
Moscow;Russie;850
Beijing;Chine;845
Cape Town;Afrique du Sud;710
London;Royaume-Uni;960
Vienna;Autriche;870
Warsaw;Pologne;840
Lisbon;Portugal;845
Athens;Grèce;850
Copenhagen;Danemark;860
Bucharest;Roumanie;830
Hamburg;Allemagne;825
Geneva;Suisse;870
Cologne;Allemagne;848
Venice;Italie;820
Seville;Espagne;800
Shanghai;Chine;852
Seoul;Corée du Sud;745
Dubai;Émirats arabes unis;955
Singapore;Singapour;932
Cairo;Égypte;872
Montreal;Canada;842
Mexico City;Mexique;838
Rio;Brésil;800
Beirut;Liban;695
Baghdad;Irak;615
Tehran;Iran;685
Kabul;Afghanistan;615
Dhaka;Bangladesh;645
Kathmandu;Népal;650
Yangon;Myanmar;640
Manila;Philippines;638
Hanoi;Viêt Nam;625
Ho Chi Minh;Viêt Nam;625
Saigon;Viêt Nam;620
Tashkent;Ouzbékistan;670
Tbilisi;Géorgie;652
Yerevan;Arménie;650
Baku;Azerbaïdjan;680
Kyiv;Ukraine;660
St Petersburg;Russie;820
Cracovie;Pologne;810
Krakow;Pologne;795
Edinburgh;Royaume-Uni;848
Ulaanbaatar;Mongolie;628
Phnom Penh;Cambodge;634
Abu Dhabi;Émirats arabes unis;762
Riyadh;Arabie saoudite;760
Muscat;Oman;755
Kuwait;Koweït;758
Jeddah;Arabie saoudite;755
Alexandria;Égypte;672
Algiers;Algérie;694
Tangier;Maroc;682
Fez;Maroc;670
Addis Ababa;Éthiopie;767
Mogadiscio;Somalie;506
La Havane;Cuba;584
San José;Costa Rica;572
Reykjavik;Islande;676
Honolulu;États-Unis;680
Manille;Philippines;650
Hanoï;Viêt Nam;638
Mascate;Oman;768
Bogotá;Colombie;822
Kampala;Ouganda;612
Caracas;Venezuela;586
Fès;Maroc;682
Marrakech;Maroc;698
