Words,Score
何,1000
あ,979
あなた,956
言,944
行,930
人,909
知,906
事,904
彼女,902
お前,899
話,897
来,882
分か,878
者,874
聞,862
死,857
時,856
ああ,853
殺,850
前,849
中,848
達,847
必要,842
あの,839
気,839
大丈夫,836
自分,833
持,829
本当,829
時間,828
我々,828
一,828
的,826
無,825
ありがとう,825
家,824
会,819
日,818
年,818
仕事,811
手,809
一緒,807
後,805
出来,805
他,802
入,802
電話,798
目,797
様,790
分,789
車,789
所,789
あんた,787
度,785
同じ,783
場所,782
問題,779
子供,779
愛,776
金,776
名前,773
子,773
信,771
さあ,770
少し,768
使,768
全て,767
世界,767
教え,766
通り,765
来る,765
上,764
入れ,764
人間,763
行け,761
今日,760
物,756
女,756
呼,756
生き,754
あれ,753
じゃあ,753
止め,753
心配,752
母,751
連れ,750
関係,749
外,748
家族,748
起き,747
意味,746
神,746
警察,746
力,746
最後,745
作,744
次,742
息子,741
取,740
全部,739
間,739
書,738
捜査,738
起こ,736
回,736
別,735
情報,735
理由,734
数,732
一人,731
部屋,730
以上,730
人生,730
急,730
食べ,728
女性,728
続け,728
事件,727
始め,727
最初,727
連絡,726
まあ,726
調べ,726
安全,725
下さ,725
楽し,725
殺人,724
下,722
万,722
友達,722
約束,721
二,721
結婚,720
無理,719
感じ,719
得,717
最高,716
送,715
計画,715
仲間,715
先,715
可能,715
あいつ,714
あと,714
明日,714
変わ,714
聞こえ,713
確認,712
命,711
着,710
与え,708
全員,708
動,708
理解,708
二人,707
開け,707
友人,707
機,706
不,706
あげ,706
離れ,705
戦,703
先生,703
言え,702
質問,702
置,701
犯人,700
受け,700
感,700
第,700
あぁ,699
伝え,699
素晴らし,699
ドア,698
本,697
乗,697
用,697
感謝,697
正し,696
言葉,696
大,695
立,695
写真,695
２人,695
説明,694
博士,694
強,694
絶対,694
座,694
国,694
向か,693
名,691
ある,689
野郎,689
番,688
一番,687
重要,687
状況,686
元気,686
水,685
変え,685
十分,685
週間,684
やあ,684
父親,684
間違い,684
王,683
了解,682
相手,682
員,682
声,681
会え,681
音,680
多く,680
消え,680
会社,680
簡単,679
選,679
残念,679
自由,679
自身,678
等,677
一体,677
人々,677
報告,677
読,677
過ぎ,676
通,676
アメリカ,676
元,676
命令,676
高,676
体,676
大統領,676
月,675
警官,675
語,675
学校,675
対,674
決め,674
真実,674
初めて,673
口,672
大変,672
要,672
変,671
戦争,671
学,671
あそこ,671
武器,671
店,670
母親,669
刑事,669
気持ち,668
間違,668
運,668
記録,668
光,667
手伝,667
深,666
落ち着,666
存在,666
実,665
役,665
病院,665
住,665
責任,665
あっ,665
普通,665
行動,665
大きな,664
監視,664
協力,663
多分,663
実際,662
足,662
地球,662
生活,662
任せ,661
気分,661
解決,660
結果,660
調査,660
研究,660
何処,658
発見,657
場,657
大事,657
止ま,657
興味,657
大き,657
生,657
なあ,657
運転,656
ヶ月,656
多,656
１人,656
番号,656
状態,656
来い,656
開,655
上手,655
済,655
場合,655
刑務,655
今度,655
以外,654
朝,654
飛行,654
あまり,653
近く,652
後ろ,652
目的,652
歌,652
面白,652
弁護,652
客,652
売,651
特別,651
昨日,651
少な,650
認め,650
死体,650
医者,650
装置,650
共,650
唯一,649
あんな,649
不明,649
限り,649
信用,649
美し,648
用意,648
話せ,648
移動,648
映画,648
美咲,647
取引,647
最近,647
現場,647
事故,647
連中,647
過去,646
全く,646
選択,645
完全,645
信じ,645
信頼,645
町,645
何故,645
始ま,644
精神,644
付け,644
あら,644
女の子,643
気づ,643
記憶,643
頑張,643
素敵,641
身,641
価値,640
有,640
非常,640
三,640
最も,640
両親,640
人物,639
生まれ,639
警備,639
以前,639
無事,639
聞け,638
決して,638
銀行,638
馬鹿,638
裁判,638
降り,637
大学,637
州,636
今回,636
空,636
経験,636
本物,636
部,636
化,635
未来,635
正直,635
年間,635
無駄,634
現れ,634
島,634
病気,634
内,632
風,632
結構,632
治療,632
予定,632
点,631
許可,631
勇気,631
最悪,631
本気,631
全然,631
任務,630
日本,630
作戦,630
成功,630
進,630
近づ,630
品,629
消,629
小さな,629
科学,629
放,629
向こう,628
事実,628
食,628
関,626
戦い,626
少年,626
爆発,625
現実,625
保護,625
地下,625
隊,625
地,625
別れ,625
時代,624
使え,624
組織,624
式,624
落ち着け,623
動物,623
無し,623
下が,623
技術,623
個人,622
期待,622
調子,622
線,622
局,622
利用,622
主人,622
館,621
毎日,621
付,621
当然,621
患者,620
全,620
今朝,620
過ご,620
馬,619
あー,619
あたし,618
立て,617
地獄,617
合,617
続,617
陛下,616
小さ,616
火,616
平気,615
世話,615
能力,615
理子,615
検査,614
アレックス,614
木,614
号,614
山,613
解,613
警部,613
食事,613
幸運,613
構,613
侵入,613
駄目,613
緊急,613
親父,613
気付,612
主,612
速,611
代わり,611
休,611
原因,611
警告,610
山里,610
特に,610
部下,609
運命,609
到着,609
自殺,609
屋,608
現在,608
一部,608
行為,608
遺体,608
大切,608
関わ,608
常,608
感情,607
夕食,607
星,607
達也,607
手紙,607
混乱,606
支配,606
影響,606
受け入れ,606
知れ,606
行方,606
少女,605
位,605
半分,605
誕生,605
超,605
施設,605
殺せ,605
向け,605
機会,605
人類,605
正確,604
色々,604
活動,604
料理,603
要求,603
再,603
指示,603
部隊,603
何者,603
音楽,602
上げ,602
管理,602
映像,602
開始,602
議員,602
反対,602
勝手,601
器,601
反応,601
可愛,601
権利,601
女王,601
師,600
大好き,600
面倒,600
出発,600
引,600
保安,599
上が,599
決ま,598
楽しみ,598
行き,598
将軍,598
担当,598
事態,598
一杯,597
近,597
発,597
取り戻,597
偉大,597
結局,596
ロシア,596
司令,596
平和,596
解放,596
直,596
事務,596
瞬間,596
教授,595
示,595
教会,595
優し,595
位置,595
以来,595
突然,594
付き合,594
集中,594
通信,594
あっち,594
契約,594
異常,593
殺し,593
部分,593
様子,592
沢山,592
住所,592
参加,592
旅,592
社,592
重,592
自然,591
殺害,591
園,591
速人,591
途中,591
証言,591
夏美,590
取れ,590
前回,590
手術,590
強盗,589
種,589
魔女,589
信号,589
専門,589
閣下,589
会議,589
美月,589
提供,588
離,588
荷物,588
安心,588
基地,588
目撃,588
動き,587
指,587
時々,587
怪物,587
会話,586
受け取,586
一致,586
全体,586
徳井,585
アンタ,585
親,585
天使,585
勝利,584
主義,584
旅行,584
死亡,584
夫人,584
目標,584
個,584
中国,584
生徒,583
建物,583
確信,583
出会,583
使用,583
台,583
社会,583
周り,583
市民,583
色,582
停止,582
曲,582
実験,582
直接,582
川,581
ありがと,581
実行,581
半,581
乗せ,581
後悔,581
案内,581
禁止,580
距離,579
次第,579
感染,579
制御,579
有名,578
戦闘,578
以内,578
書類,578
偶然,577
機械,577
最終,577
無視,577
王子,577
呼吸,577
巨人,577
軍隊,577
支援,577
大人,576
同意,576
恋人,576
知り合い,576
努力,576
白,576
足り,576
進め,576
惑星,575
味方,575
回復,575
新聞,575
話し,574
アパート,574
組,574
アア,574
生き残,573
一生,573
処理,573
兵器,573
方向,573
決定,573
当た,573
アクセス,573
満足,573
クレア,573
神経,573
症,572
親友,572
流,572
分析,572
不思議,572
限,571
半田,571
物語,571
ア,571
練習,571
久し,571
他人,571
両方,571
南,571
成長,571
再び,570
医,570
指揮,570
最大,570
病,570
記事,570
時計,570
アラン,570
手段,570
高校,569
太陽,569
具合,569
青,569
向,569
才能,569
交換,568
所有,568
最低,568
救急,568
魅力,568
楽,568
応答,568
最,568
修理,567
勉強,567
提案,567
資金,567
社長,567
ありさ,567
試合,567
気の毒,567
金持ち,567
安定,567
指紋,567
流れ,567
経,567
団,567
代,566
日間,566
午後,566
政治,566
正体,566
確保,566
機能,565
優秀,565
動か,565
発生,565
英雄,565
立場,565
電気,564
帽子,564
効果,564
アンナ,564
条件,564
確実,564
連邦,564
規則,564
土地,564
直ぐ,564
卒業,564
手がかり,564
自己,564
列車,564
加減,563
暴力,563
立派,563
石,563
同様,563
不安,563
身体,563
ライアン,562
無線,562
対処,562
権,562
起動,562
誤解,562
治,562
雄基,562
接触,561
名誉,561
説得,561
特定,561
標的,561
正義,560
見張,560
導,560
無実,560
アイツ,560
興奮,560
承知,560
納得,560
光栄,560
本部,560
変更,560
大佐,560
空気,559
支払,559
あらゆる,559
表,559
片付け,559
アダム,559
地図,559
法律,559
医療,559
台無し,558
非,558
貴様,558
形,558
評価,558
都市,558
出身,557
釈放,557
大した,557
保証,557
予想,557
省,557
疑問,557
同僚,557
変化,557
交渉,557
合わせ,557
生命,556
村,556
作業,556
将来,556
面,556
悠里子,556
空港,556
指輪,556
巨大,556
西,556
手配,556
工場,555
城,555
取り,555
話し合,555
東,555
あるいは,555
目覚め,555
金庫,555
間違え,555
馬場,555
内部,554
艦隊,554
食料,554
あり,554
保険,553
得意,553
医師,553
英語,553
離婚,553
子ども,553
違反,553
公,552
維持,552
男の子,552
政子,552
味,552
口座,551
大勢,551
鉄,551
親切,551
仕業,551
贈り物,551
待機,551
戦士,551
知らせ,551
尋問,550
発射,550
食べ物,550
系,550
駅,550
開発,550
事情,549
育て,549
上司,549
国家,549
大使,549
機関,549
生物,549
超え,549
天才,549
量,549
横,548
観,548
入り,548
正気,548
人質,548
有罪,548
約,548
中止,548
発表,548
現金,548
始末,548
撮影,548
衛星,548
都合,548
関連,548
間に合,548
小屋,548
公園,548
単純,548
王国,547
存知,547
加え,547
道路,546
育,546
神父,546
慎重,546
生存,546
注文,546
物質,546
関心,546
時期,546
駐車,546
乗れ,545
遺伝,545
返事,545
エイリアン,545
化学,545
数え,545
緊張,544
優先,544
米国,544
当て,544
出来事,544
設計,544
大量,543
投げ,543
内容,543
機密,543
授業,543
義務,543
突き止め,543
広,543
通報,542
文字,542
アップ,542
学生,542
オリビア,542
暗殺,542
注目,542
暗号,542
背中,542
囚人,542
完成,542
休み,541
孤独,541
アイデア,541
武装,541
果た,541
地域,541
始まり,541
見事,540
防衛,540
人形,540
カリフォルニア,540
着陸,540
文句,540
委員,540
地元,540
自信,540
貴女,540
知識,540
予約,539
メアリー,539
椅子,539
教師,539
賛成,539
操作,539
要請,539
記者,539
今後,538
畜生,538
伝説,538
主張,538
民,538
自ら,538
死者,537
アンディ,537
機嫌,537
小,537
アリス,537
あきらめ,537
程,537
ばあ,537
証人,537
議論,537
一般,536
先週,536
放射,536
程度,536
アホ,536
身元,536
有難う,536
アーサー,536
強力,535
同時,535
休暇,535
拷問,535
出口,535
決断,535
移,535
大尉,535
小僧,534
態度,534
記念,534
投資,534
危機,534
持て,534
アナタ,534
企業,534
接近,533
世紀,533
一方,533
動け,533
知ら,533
否定,533
保管,533
ジュリア,533
吉森,532
燃料,532
源,532
反,532
千,532
順調,532
道具,532
状,531
非難,531
朝食,531
環境,531
役立,531
午前,531
アーマン,531
援護,531
動機,531
売春,530
令状,530
指導,530
天国,530
この世,530
代表,530
投票,530
作れ,529
最善,529
地上,529
手助け,529
婚約,529
選手,529
保障,529
自動,529
呼び出,529
売れ,528
策,528
伝言,528
経営,528
中尉,528
休憩,528
数学,528
院,528
夜中,528
番組,528
作品,528
種類,528
手遅れ,528
外れ,527
警戒,527
ジュリアン,527
似合,527
犯行,527
基本,527
影,527
読め,527
警報,527
不足,526
門,526
同士,526
動揺,526
手伝い,526
対応,526
白人,526
科,526
推測,526
航空,525
国民,525
演奏,525
屋根,525
呼べ,525
初,525
神々,525
自宅,525
中毒,524
回収,524
特殊,524
降ろ,524
市場,524
放せ,524
帝国,524
送信,524
四,524
国境,524
芸術,524
殺し屋,524
人殺し,523
資料,523
親し,523
年代,523
飲み物,523
正当,523
諜報,523
単なる,523
感覚,523
放送,523
老人,523
夢中,523
配置,523
支持,522
来れ,522
告白,522
教育,522
従業,522
看護,522
宝石,522
生か,521
利益,521
黒人,521
農場,521
金曜,521
着け,521
アイス,521
地区,521
保,521
候補,521
認識,520
家庭,520
近所,520
持ち,520
中心,520
接続,520
艦,519
取得,519
臆病,519
若者,519
観察,519
大金,519
速度,519
今年,519
使命,519
数字,518
独り,518
術,518
中身,518
座れ,518
登,518
応援,518
世間,518
不幸,518
アニー,518
済み,517
理論,517
不能,517
訪問,517
貴重,517
正,517
連れ出,517
安,517
阻止,517
外出,517
処分,517
アレ,517
少佐,517
来週,516
権力,516
両手,516
優れ,516
共有,516
載,516
死刑,516
余計,516
無罪,516
深刻,516
対策,515
運動,515
係,515
東京,515
愛し,515
浮気,515
登録,515
発作,515
権限,515
か月,515
輸送,515
中央,514
あんまり,514
集団,514
引っ張,514
何百,514
限界,514
下げ,514
波,514
何事,514
ありがた,514
相当,514
岩,514
着替え,513
趣味,513
全力,513
解除,513
計算,513
降,513
映,513
財布,512
不満,512
代理,512
去年,512
賞,512
一言,512
連続,512
太,512
最新,512
金属,512
とりあえず,512
教,512
イタリア,512
関与,512
人気,512
生き延び,512
下ろ,511
通常,511
巡査,511
報酬,511
署名,511
一族,511
反逆,511
助手,511
過ち,511
美人,511
進行,511
民間,511
余地,511
選挙,511
悲劇,511
含,511
財産,511
離せ,510
共通,510
滞在,510
初め,510
合図,510
国際,510
事業,510
当時,510
成,510
電源,510
強制,510
革命,509
潜入,509
公平,509
公式,509
復活,509
派,509
尾行,509
軍事,509
合衆,509
含め,509
結,509
物事,509
勿論,509
念,509
英国,509
分け,508
地面,508
単に,508
一瞬,508
共同,508
販売,508
体験,508
用事,508
存,508
身分,508
集会,507
火事,507
車両,507
挑戦,507
叔母,507
配達,507
入手,507
資格,507
判事,507
小説,507
呪文,507
美味し,507
女房,507
反乱,507
マリア,507
重大,507
聖,507
産,507
通過,506
正常,506
アマンダ,506
支え,506
軍人,506
期間,506
アーロン,506
加わ,506
五,506
医学,506
不要,506
天,506
馬鹿げ,506
調整,506
執行,505
製,505
補,505
必死,505
バウアー,505
不正,505
クリア,505
用件,505
薬物,505
創造,505
乗り越え,505
規模,505
悪化,505
置き去り,505
言い訳,505
業,504
申し上げ,504
制服,504
顧客,504
護衛,504
無人,504
信仰,504
防,504
造,504
当局,504
告発,504
日々,503
設定,503
正解,503
変身,503
工作,503
処刑,503
役割,503
一員,503
発砲,503
女子,503
電子,502
結論,502
真面目,502
予測,502
修正,502
対象,502
一時,502
風呂,502
取り出,502
手錠,502
牧師,501
半沢,501
実現,501
区,500
種族,500
時点,500
代わ,500
土曜,500
広が,500
戦え,500
指令,500
生き物,500
美術,500
自慢,500
舞台,500
上げろ,500
質,500
交通,499
引き起こ,499
建て,499
上昇,499
心理,499
楽しめ,499
検討,499
勤務,499
作用,499
料,499
付き,499
隠れ家,499
隊長,499
世代,499
前進,499
決まり,499
繭子,499
死因,499
続き,499
酸素,499
凶器,498
引き受け,498
助言,498
国王,498
外科,498
取り引き,498
此処,498
支払い,498
背後,498
図書,497
際,497
症状,497
話しかけ,497
引きず,497
用心,497
転送,497
公開,497
商売,497
隔離,497
理想,497
月曜,497
派遣,497
並,497
表現,496
ジュニア,496
乗客,496
初めまして,496
目指,496
年齢,496
虐殺,496
アン,496
問,496
悪党,496
争,496
使い,496
現,496
本人,496
十,495
報道,495
分離,495
発信,495
印象,495
正面,495
面会,495
ヵ月,495
上院,495
目立,495
戦略,495
下り,495
艦長,494
心当たり,494
引退,494
金融,494
無くな,494
何千,494
婦人,494
供給,494
同盟,494
毎晩,494
族,494
商品,494
見当,493
職員,493
正式,493
近づけ,493
一切,493
祖母,493
群れ,493
皇帝,493
王女,493
共和,493
自転,493
アブ,493
テア,493
世の中,492
級,492
引っ越,492
魔術,492
死人,492
進化,492
直ちに,492
期,492
北部,492
充分,492
部長,492
祝福,492
アイリス,492
庁,492
アウト,492
給料,492
同情,491
議会,491
黄色,491
外国,491
作動,491
手掛かり,491
大臣,491
話題,491
校長,491
恋愛,490
追加,490
検索,490
連行,490
立ち上が,490
建設,490
数百,490
成果,490
発言,490
苦手,490
画像,490
取り組,490
何時,490
類,490
株,490
司法,490
双子,489
放棄,489
出番,489
電車,489
玄関,489
屋敷,489
当たり前,489
直面,489
共犯,489
笑い声,489
指名,489
具体,489
野球,489
突入,489
救世,489
儀式,489
圧力,489
ノア,489
キャリア,489
聖書,489
連れ戻,488
アル,488
周辺,488
高度,488
及,488
大会,488
職場,488
比べ,488
あた,488
日曜,487
アドバイス,487
知恵,487
融資,487
最中,487
乗り,487
議長,487
信念,487
連れ去,487
入院,487
気味,487
借金,487
整理,487
資産,487
感動,487
検死,487
アレク,487
検察,487
引け,486
アディ,486
生涯,486
企,486
承認,486
間抜け,486
アーメン,486
買い物,486
高速,486
解雇,486
アリバイ,485
昼食,485
天気,485
引き金,485
獲物,485
再生,485
古代,485
降伏,485
南上,485
役目,485
宗教,485
一同,485
録,485
界,484
領域,484
ブライアン,484
屋上,484
アルファ,484
暴行,484
発明,484
社員,484
静流,484
検事,484
世,483
半年,483
入り口,483
あたり,483
同然,483
悪人,483
達成,483
弱点,483
評議,483
戦場,483
物理,483
死に,483
進展,483
受信,483
菓子,482
高級,482
死ね,482
アフリカ,482
主任,482
手順,482
野朗,482
あちこち,482
時刻,482
無効,482
防御,482
送れ,482
複数,482
下手,482
港,482
死後,481
少々,481
電力,481
分間,481
廊下,481
真ん中,481
事項,481
選べ,481
処置,481
伝統,481
地点,481
曲が,481
新人,481
下ろせ,481
発電,481
保存,480
十字,480
代償,480
習,480
愛情,480
サマリア,480
評判,480
誠人,480
挙げ,480
構築,480
解読,480
昇進,480
住民,480
強化,480
手続き,480
親愛,480
直前,480
周囲,480
一歩,479
博物,479
偽物,479
拡大,479
競争,479
随分,479
寄付,479
積,479
以下,479
永久,479
無用,479
神聖,479
消防,479
大物,479
製造,479
立ち向か,479
党,479
公表,479
録音,478
素早,478
ウィリアム,478
肉体,478
年寄り,478
誘導,478
起訴,478
内側,478
特徴,478
友情,477
やる気,477
自体,477
広げ,477
取り上げ,477
やり直,477
不法,477
展開,477
予備,477
手下,477
カ月,477
匿名,477
張,477
偵察,477
アンジェラ,477
アイザック,477
国防,476
王妃,476
優勝,476
黄金,476
忠実,476
利口,476
中佐,476
取り除,476
分野,476
果て,476
登場,476
取締,476
拍手,476
会計,476
懸命,476
部品,476
本日,476
提出,476
売人,476
谷,476
争い,476
再開,475
人工,475
座標,475
色んな,475
地位,475
出会い,475
置け,474
開放,474
経済,474
小便,474
作家,474
率直,474
大声,474
手放,474
基づ,474
毎年,474
アビー,474
多少,474
編集,474
数千,473
長年,473
独身,473
材料,473
部門,473
エリア,473
郡,473
土,473
出入り,473
意外,473
参,473
模様,473
予言,472
立ち去,472
植物,472
文書,472
善人,472
教わ,472
先日,472
勝者,472
追放,472
付き合い,472
持ち主,472
適当,471
無料,471
孤児,471
手伝え,471
空腹,471
演,471
宣言,471
護,471
引き上げ,471
明白,471
制限,471
侵略,471
米,471
幸福,471
合法,470
作り,470
職業,470
国内,470
下着,470
合格,470
ライアス,470
化け物,470
葬式,470
音声,470
構造,470
黙示,470
先ず,469
支店,469
最強,469
地震,469
解明,468
見付け,468
済ま,468
購入,468
電波,468
提督,468
ツアー,468
同行,468
尊重,468
期限,468
メディア,468
空間,468
自白,468
会見,468
動脈,467
費用,467
マイアミ,467
狂気,467
銀,467
海外,467
売り,467
劇場,467
隣人,467
木曜,466
知り合,466
空け,466
多数,466
報復,466
面接,466
外交,466
アンドリュー,466
内緒,466
誠実,466
中継,466
原子,466
表示,466
地方,466
足跡,465
本名,465
悪者,465
日付,465
引き継,465
守護,465
味わ,465
反撃,465
再会,464
言語,464
アフガニスタン,464
久利生,464
行き先,464
結末,464
無く,464
演技,464
継続,464
無限,464
固定,464
製品,464
送り込,464
解け,464
貨物,464
離陸,464
潜水,464
任,464
上着,464
空軍,464
アリ,464
通話,464
押し入,464
火曜,463
児,463
一応,463
体制,463
栄光,463
技,463
単独,463
自警,463
一晩,463
加速,463
過剰,463
アボット,463
丁度,462
不利,462
人種,462
民主,462
交代,462
果,462
史上,462
引き渡,462
独房,462
民衆,462
陸軍,462
書け,462
アレン,462
イアン,462
有効,462
検出,462
集合,461
食え,461
ピアノ,461
経歴,461
判決,461
利,461
所持,461
進歩,461
見解,461
都,461
アーチャー,461
声明,461
回避,461
文化,461
粒子,461
アイリーン,461
通路,461
坊主,461
持ち込,460
設置,460
載せ,460
報,460
業界,460
取り返,460
意地,460
獲得,460
変異,460
調達,460
情熱,460
最適,460
区域,459
変人,459
催眠,459
現象,459
法的,459
本能,459
葉,459
風邪,459
仕上げ,459
重力,459
着信,459
台所,459
変態,459
白状,459
アカデミー,459
飛び降り,459
意気,458
送り,458
近寄,458
成績,458
合流,458
是非,458
例外,458
同志,458
素直,458
ワイアット,458
本来,458
皆殺し,458
各,458
応,458
引き出,458
主に,458
対抗,458
充電,457
墓地,457
座り,457
売買,457
大体,457
創,457
田舎,457
万歳,457
同じく,457
休め,457
見張り,457
論,456
番地,456
体重,456
直感,456
伝わ,456
一丿,456
衝動,456
手首,456
持ち帰,456
一種,456
相応し,456
直後,455
探知,455
生き返,455
有能,455
高価,455
人数,455
団体,455
境界,455
制,455
日常,455
アナキン,454
女優,454
保持,454
迷子,454
文明,454
有利,454
向こう側,454
連合,454
アリソン,454
宮殿,454
予感,454
性的,454
市警,454
何に,453
先だ,453
次元,453
付近,453
アナ,453
投与,453
回線,453
管制,453
想定,453
建築,453
出所,453
大気,453
至急,453
停電,453
直せ,453
応え,452
戦術,452
比較,452
次回,452
悪気,452
雰囲気,452
持ち出,452
総督,452
退学,452
不快,452
中断,452
差別,452
秘書,452
前科,452
一家,452
同,452
地帯,452
鉱山,452
伊勢,452
保釈,452
アーム,452
マフィア,452
教室,451
能,451
採用,451
拠点,451
致命,451
表情,451
話し合い,451
王冠,451
決心,451
論理,451
出動,451
職務,451
論文,451
大げさ,451
取材,451
推理,451
以降,451
初日,451
産業,451
大胆,450
引き裂,450
処方,450
気絶,450
降下,450
動産,450
回転,450
菜々,450
知性,450
あかね,450
作成,450
銃声,450
大嫌い,450
路,450
偽造,450
現地,450
和解,450
無力,450
到達,449
握手,449
当たり,449
野蛮,449
不運,449
日記,449
在,449
アイ,449
説教,449
分かれ,448
隊員,448
生産,448
大将,448
爽太,448
変わり,448
アルバート,448
紗絵子,448
別人,448
ソフィア,448
供述,448
セクレタリアト,448
写,448
説,448
指環,448
様々,448
上出来,448
エンジニア,448
小切手,448
愛人,447
合意,447
先月,447
仮説,447
盲目,447
参照,447
取り戻せ,447
無礼,447
温度,447
乗り込,447
宣伝,447
止,447
務め,447
賞金,447
現状,447
大麻,447
生き残れ,447
及び,447
潜在,447
料金,447
予算,447
呼び出し,447
未知,447
不審,447
派手,446
聴取,446
手口,446
インディアン,446
模合,446
決意,446
録画,446
成し遂げ,446
納屋,446
習慣,446
人格,446
義理,446
不死,446
毎回,445
アジア,445
合理,445
着せ,445
動かせ,445
住人,445
郊外,445
展示,445
人口,445
象徴,445
家賃,445
広告,445
広場,445
食堂,445
本質,445
独立,445
鉄道,445
過ごせ,444
初期,444
火災,444
金額,444
遺産,444
消せ,444
協定,444
狂人,444
向き,444
花火,444
俳優,444
身長,444
リアル,444
馬車,444
戦車,444
エア,444
標準,444
香港,443
救命,443
裁,443
外部,443
隠し事,443
殿下,443
アルコール,443
足元,443
向き合,443
我が家,443
火星,443
毎週,443
統合,443
形跡,442
親戚,442
住宅,442
大人し,442
動作,442
反抗,442
構え,442
神秘,442
アドレス,442
検視,442
わあ,442
増加,442
毛布,442
常識,442
仕組,441
最良,441
運営,441
バックアップ,441
仮定,441
抗議,441
持ち上げ,441
ダイアナ,441
軍団,441
男女,441
路地,441
年上,441
師匠,441
主要,441
実在,441
ありゃ,440
消去,440
回り,440
部署,440
アライグマ,440
相続,440
銀河,440
審査,440
放置,440
営業,440
退院,440
懸念,440
全国,440
改善,440
動画,439
東田,439
現代,439
低下,439
見知,439
競技,439
全滅,439
立ち寄,439
アー,439
野菜,439
悟空,439
組合,439
異議,439
名乗,439
生き残り,439
石油,439
本心,439
気楽,439
無茶,439
化粧,439
補給,439
野生,439
フェア,438
退治,438
知的,438
経路,438
アイディア,438
麗子,438
目だ,438
通り抜け,438
改造,438
大騒ぎ,438
先頭,438
雇用,438
異星,438
成立,438
数十,438
税金,438
兵隊,438
似合い,438
人員,438
電池,438
コロンビア,437
転が,437
交差,437
通知,437
考え直,437
首都,437
基準,437
賞賛,437
アイルランド,436
昨年,436
アレルギー,436
観光,436
最愛,436
防犯,436
航海,436
男子,436
安藤,436
大門,436
画面,436
名簿,436
先祖,436
降ろせ,436
引っかか,436
機器,436
養子,436
流行,436
前線,436
作り話,435
周波,435
外せ,435
伝染,435
配,435
臓器,435
上級,435
再現,435
前方,435
統治,435
乗組,435
迅速,435
物資,435
政権,435
転換,435
観客,435
入り込,435
香水,435
後退,435
スチュアート,435
区画,435
ソ連,435
制度,435
接,435
家具,435
専用,434
整,434
安らか,434
あちら,434
祖国,434
再建,434
貴族,434
並べ,434
降参,434
移送,434
転,434
参考,434
推薦,434
大戦,434
業者,434
不在,434
総統,434
照ら,434
交わ,434
乱暴,434
野獣,433
厳重,433
見直,433
大和田,433
領主,433
回路,433
口論,433
射殺,433
乗っ取,433
暴動,433
手間,433
言い,432
会場,432
採取,432
消滅,432
文,432
参り,432
業務,432
価格,432
あが,432
警視,432
子犬,432
出産,432
節約,432
空想,432
重ね,432
別々,431
演説,431
手袋,431
入学,431
外側,431
階級,431
引き出し,431
弟子,431
組み合わせ,431
全身,431
母国,431
知事,431
引き換え,431
アリシア,431
女神,431
設備,431
たどり着,431
群,431
感心,431
摂取,431
毎朝,431
無謀,431
ミア,430
茶色,430
経過,430
表面,430
照合,430
旧,430
強烈,430
加護,430
苦情,430
延期,430
探検,430
院長,430
所属,430
定め,430
猶予,429
裏口,429
劇,429
解散,429
急ぎ,429
力丶,429
同感,429
令,429
先端,429
事前,429
南部,429
韓国,429
団結,429
公正,429
聞き,429
順番,429
アンドレア,429
照明,429
湾,429
神話,429
受け取れ,429
寸前,429
祐司,429
会長,429
小人,429
入口,429
叫び声,428
不良,428
合成,428
聖職,428
中隊,428
あけ,428
知能,428
富,428
推定,428
口径,428
絵画,428
信者,428
見通し,428
寛大,428
産まれ,428
信じろ,428
バージニア,428
裕福,428
一矢,428
特権,428
後方,428
入力,427
作り出,427
金髪,427
行い,427
受け継,427
外傷,427
井戸,427
アッシュ,427
座席,427
雨宮,427
機長,427
通訳,427
モリアティー,426
補佐,426
来年,426
内臓,426
解剖,426
あて,426
血清,426
まあまあ,426
決着,426
偽名,426
幹部,426
子守,426
アンドリア,426
空っぽ,426
食い止め,426
提示,426
素人,426
アポロ,426
アンジー,426
深夜,425
出演,425
通れ,425
抑制,425
歌手,425
右手,425
天井,425
振り向,425
共謀,425
構成,425
一気,425
アート,424
分子,424
５千,424
共産,424
自爆,424
場面,424
街中,424
送金,424
呼び,424
立ち,424
生まれ変わ,424
搭乗,424
店員,424
勢力,424
可哀想,424
略奪,424
細工,424
体内,424
化け,424
帰国,424
聞か,424
食い物,424
放火,424
部族,423
最期,423
放題,423
診察,423
角度,423
美波,423
名付け,423
通用,423
立証,422
可笑し,422
打ち上げ,422
救済,422
液体,422
あえて,422
平穏,422
公共,422
服役,422
食欲,422
感想,422
美,422
予防,422
役者,422
工学,422
野心,422
哲学,422
抹殺,422
生え,421
理性,421
欠点,421
再度,421
整え,421
亡命,421
オーストラリア,421
太平,421
近付,421
あん,421
向かえ,421
点火,421
荷造り,421
移植,421
箇所,421
恩人,421
役員,421
外見,421
便利,420
解析,420
魔力,420
明信,420
要点,420
身代金,420
将校,420
一掃,420
名案,420
生み出,420
鼓動,420
堂々,420
投稿,420
意義,420
反省,420
食らえ,420
野人,420
失業,420
国外,420
遂行,420
下水,420
支度,420
要素,420
いやあ,420
解釈,420
周,420
起爆,420
学者,420
計,420
美味,420
警,419
進路,419
処女,419
毎,419
大抵,419
青年,419
識別,419
翌日,419
無敵,419
取り消,419
手柄,419
仲直り,418
公衆,418
食ら,418
衛生,418
変装,418
測定,418
依存,418
立ち入り,418
アンバー,418
アロー,418
身内,418
破産,418
村田,418
司祭,418
アシスタント,418
会合,418
未亡人,418
アンダーソン,418
昼間,418
傍受,418
あふれ,418
不倫,418
過激,418
電,418
警護,418
究極,418
ムーア,418
区別,418
何十,418
引き離,418
コア,418
ビクトリア,418
孤立,417
ボランティア,417
一流,417
ぶっ殺,417
学べ,417
民族,417
報い,417
兵団,417
活躍,417
真下,417
高貴,417
占領,417
後部,417
水曜,417
加地,417
大砲,417
浄化,417
親指,417
不死身,417
解毒,417
顔色,417
前向き,417
新入り,417
治せ,416
見当た,416
傑作,416
上等,416
分類,416
名声,416
明朝,416
人材,415
ピアス,415
アビゲイル,415
国連,415
家内,415
群衆,415
講義,415
交信,415
光景,415
使者,415
概念,415
組み立て,415
乗船,415
過程,415
旧友,415
傾向,415
浅野,415
結合,415
単語,415
徹信,415
平凡,415
解体,415
移民,415
閉店,415
常務,415
見分け,415
取り付け,415
補助,415
窮地,415
策略,415
運べ,415
敵対,415
ジョシュア,415
丈,415
助け合,415
設立,415
楽勝,415
グレアム,414
国土,414
平均,414
教訓,414
読書,414
備後,414
調理,414
過,414
上品,414
オーストリア,414
独占,414
片付,414
ダンブルドア,414
食品,414
丁,414
上空,413
指摘,413
上官,413
復元,413
断言,413
容器,413
男達,413
王家,413
点け,413
真っ直ぐ,413
対面,413
一旦,413
所在,413
措置,413
アデル,413
人手,413
クライアント,413
振動,413
罪人,413
地雷,413
撃ち殺,412
照準,412
両,412
独自,412
新品,412
社交,412
名刺,412
分解,412
アンドレ,412
感知,412
発展,412
教官,412
校,412
牧場,412
シリア,412
景色,412
却下,412
ユーモア,412
物体,412
基礎,412
玉座,412
重罪,412
決勝,412
該当,412
向かい,412
収入,412
元老,412
学習,412
発動,412
一連,412
防弾,412
切り離,412
乗員,412
迷路,412
アップロード,411
入国,411
同期,411
アナベル,411
探査,411
政策,411
長者,411
引き返,411
後継,411
資源,411
法則,411
美女,411
目当て,411
乱,411
認証,411
宝物,411
自覚,411
適任,411
妥協,410
視界,410
名義,410
商人,410
近道,410
気配,410
要望,410
当,410
パイア,410
先輩,409
指定,409
響,409
愛し合,409
画,409
豪華,409
不気味,409
安置,409
フロア,409
アメリア,409
横たわ,409
終身,409
生死,409
無傷,409
アルフレッド,409
大勢い,409
出世,409
通り過ぎ,409
アイアン,409
行儀,409
予期,409
職人,409
豊富,409
粉々,409
別荘,409
属,409
定期,409
機体,409
食物,409
足止め,409
手入れ,409
長期,409
同居,409
空中,409
対立,409
協会,408
防備,408
鑑定,408
其処,408
酒場,408
靴下,408
総,408
無能,408
育ち,408
着用,408
株式,408
持ちこたえ,408
経由,408
夜間,408
休息,408
家畜,408
知人,407
上陸,407
アルマ,407
撤回,407
ミリアム,407
工事,407
落下,407
預言,407
全面,407
乗り切,407
次々,407
続行,407
本音,407
倫理,407
早速,407
高め,407
投獄,407
薬品,407
体調,407
大いに,406
清掃,406
本番,406
取り掛か,406
融合,406
居所,406
発行,406
持ち物,406
よそ者,406
改良,406
アーチー,406
手動,406
中東,406
放出,406
風船,406
対戦,406
好物,406
火傷,406
西村,406
アバドン,406
ああー,406
役人,406
独特,406
家出,405
アカウント,405
ソフトウェア,405
敷地,405
重荷,405
ピアース,405
奨学,405
アーニー,405
派閥,405
住まい,405
アーノルド,405
視,405
打ち合わせ,405
執着,405
有力,405
あくまで,405
視聴,405
有り,405
待ち合わせ,405
情け,405
実力,405
通じ,405
起,405
実習,405
余分,405
進入,405
方々,405
元々,405
専攻,405
人体,405
強要,405
記,405
度胸,405
企み,405
定義,405
売却,405
局長,405
アストラ,405
出現,405
依然,405
側面,405
持ち場,405
長生き,404
生体,404
支局,404
発進,404
大地,404
規制,404
人違い,404
大型,404
心得,404
要員,404
臨時,404
ジア,404
裁き,404
手当て,404
引用,404
切り取,404
大衆,404
大陸,404
楽器,404
漫画,404
一目,404
殺戮,404
土産,404
ピア,404
リディア,404
遺言,404
身近,404
演じ,404
子孫,404
始動,404
城壁,403
八,403
経緯,403
主役,403
引き取,403
親衛,403
平等,403
理,403
対決,403
受賞,403
アンソニー,402
文章,402
共感,402
自首,402
近藤,402
曲げ,402
解き放,402
疫病,402
本題,402
気晴らし,401
要塞,401
結晶,401
内密,401
やり直せ,401
申し立て,401
居住,401
止まり,401
親密,401
アクション,401
路上,401
ジュリアナ,401
物件,401
丁寧,401
任命,401
引っ越し,401
あいつら,400
財務,400
放り出,400
器用,400
最小,400
口説,400
成年,400
山田,400
大半,400
褒美,400
命中,400
児童,400
視線,400
押し付け,400
緑色,400
左手,400
委ね,400
規定,400
久美子,400
国務,400
仕様,400
強姦,400
指図,400
演出,400
起こせ,400
農家,400
立ち止ま,400
積極,400
寄生,400
子猫,400
歩き回,400
私立,400
吐き気,400
リア,400
役所,400
制作,400
出力,400
止血,400
評決,400
反射,399
持ち去,399
頭部,399
小鳥,399
同胞,399
有機,399
アルミン,399
入隊,399
仕向け,399
留置,399
居心地,399
薬局,399
妥当,399
体育,399
桜井,399
人民,399
国中,399
整備,399
あいにく,399
演習,398
滅多,398
王座,398
三角,398
道間,398
諸島,398
強大,398
愛国,398
アトランタ,398
手品,398
権威,398
ガーディアン,398
悪口,398
早急,398
力強,398
アリン,398
おとぎ話,398
果物,397
少数,397
落書き,397
次長,397
聖杯,397
空爆,397
回せ,397
盛り上が,397
病人,397
検問,397
アラーム,397
合体,397
難民,397
雇い主,397
手当,397
受け止め,397
電磁,397
来月,397
盗品,397
通行,397
出張,397
呼び戻,397
同性,397
アンテナ,397
称え,396
称賛,396
台本,396
先ほど,396
弁当,396
凍結,396
別名,396
王族,396
見張れ,396
記入,396
万が一,396
アメリカン,396
自得,396
上海,396
反論,396
一線,396
口実,396
北西,396
名字,396
言い分,395
除外,395
鳥井,395
聖堂,395
交流,395
教団,395
広報,395
連隊,395
炭素,395
放て,395
万全,395
並み,395
自業,395
戯言,395
アルゴリズム,395
安らぎ,395
思い知ら,395
病棟,395
物音,395
分別,394
膨大,394
潔白,394
時速,394
親子,394
小型,394
読み,394
ギア,394
点検,394
顧問,394
楽園,394
取り調べ,394
注入,394
かあ,394
浜辺,394
体温,394
支部,394
天皇,394
つきあ,394
毒殺,394
中学,394
仮面,394
住め,394
アムステルダム,394
義父,394
会員,393
アンド,393
受付,393
屋根裏,393
出会え,393
加害,393
審議,393
アイビー,393
変換,393
個性,393
じゃあまた,393
製作,393
感傷,393
横切,393
如何,393
献身,393
差し上げ,393
人事,392
買い手,392
配線,392
視覚,392
家系,392
老師,392
形成,392
北朝鮮,392
なあに,392
一撃,392
好調,392
確定,392
小銭,392
本性,392
口出し,392
里親,392
原始,392
情けな,392
愛せ,392
真犯人,392
団長,392
壮大,392
無害,392
足首,392
推進,392
植え,392
改革,392
年金,392
魔物,391
糞野郎,391
主催,391
適用,391
アスガルド,391
食糧,391
日焼け,391
減少,391
実家,391
検証,391
性質,391
回答,391
開催,391
出向,391
感激,391
代金,391
響き,391
応じ,391
歌え,391
組め,390
少尉,390
執事,390
寺院,390
次期,390
ケア,390
視点,390
辿り着,390
劇的,390
悪事,390
埋め合わせ,390
致死,390
発音,390
火薬,390
ヴィジュアライズ,390
不潔,390
戦死,390
半径,390
西側,390
祖先,390
介入,390
西部,390
下院,390
限定,390
原,389
作り上げ,389
そりゃあ,389
気違い,389
正午,389
酸化,389
階下,389
検知,389
象,389
傷付け,389
下品,389
休日,389
大阪,389
企画,389
気温,389
手本,389
一夜,389
ダイアン,389
気まず,389
連れ出せ,389
衛兵,389
後半,388
アルメイダ,388
取り乱,388
無知,388
蘇生,388
森田,388
通せ,388
観念,388
立ち直,388
気取,388
都会,388
今月,388
雑音,388
統計,388
気取り,388
分裂,388
心地,388
言い聞かせ,388
金塊,388
拘置,388
アプリ,388
過小,388
牢屋,388
保留,388
傷口,388
呼びかけ,387
制圧,387
アラブ,387
落ち合,387
アップル,387
健全,387
引き寄せ,387
ああっ,387
キックアス,387
売女,387
一味,387
引き,387
引き抜,387
配備,387
防げ,387
勝ち目,387
至る所,387
勝ち取,387
農民,387
水道,387
天然,386
美容,386
向上,386
船員,386
工,386
出航,386
愛想,386
結びつけ,386
ジョージア,386
天候,386
導き,386
工業,386
消費,386
手前,386
隙間,386
領事,386
発揮,386
アリゾナ,386
暗示,386
規律,386
復旧,386
リリアン,385
ジョアン,385
岩崎,385
健太郎,385
不滅,385
エイドリアン,385
書斎,385
アーヤ,385
成分,385
画家,385
洪水,385
台詞,385
手帳,385
徐々,385
決闘,385
理屈,385
原稿,385
水中,385
言い争,385
毎月,385
北東,385
公聴,385
人目,385
用語,385
無数,385
忘れ物,385
アール,385
引き続,385
単位,384
アイランド,384
防護,384
住居,384
不可欠,384
聖人,384
気まぐれ,384
シェア,384
最上,384
毒物,384
出資,384
アルビン,384
突っ立,384
淑女,384
目玉,384
基,384
急速,384
小隊,384
元帥,383
各地,383
獅子,383
不可解,383
返済,383
関わり,383
体力,383
アル中,383
アザ,383
同一,383
灰色,383
気持,383
処罰,383
アレクス,383
改めて,383
教科,383
時―,383
鳴き声,383
挑発,383
家政,383
行進,383
貫通,383
身柄,383
見学,383
示唆,383
２千,383
発達,383
等し,383
やり直し,383
一面,382
騒音,382
消耗,382
機材,382
複製,382
岸川,382
漁師,382
関節,382
基金,382
領土,382
一夕,382
花木,382
任意,382
走り回,382
惨事,382
条,382
アソコ,382
手元,382
国税,382
言及,382
手足,382
所長,382
下げろ,382
急行,382
気遣い,382
抗生,382
車庫,381
活発,381
敏感,381
試作,381
和平,381
精子,381
縄張り,381
広め,381
活性,381
認知,381
植民,381
若造,381
初心,381
台湾,381
小児,381
認可,381
退役,381
あんま,381
光線,381
大昔,381
取り合,381
代替,381
割り当て,381
あの世,381
振り回,381
シアトル,381
配慮,381
詩人,381
アインシュタイン,380
刺青,380
乱れ,380
あ～,380
刑期,380
車輪,380
広ま,380
消え去,380
結びつ,380
召し上が,380
ペア,380
莫大,380
巡回,380
過ぎ去,380
多田,380
墓場,380
交戦,380
アマ,380
業績,380
離脱,380
南側,380
連鎖,380
適応,380
仲谷,380
使い捨て,380
達人,380
王位,380
学園,380
主婦,380
電灯,380
結成,380
立ち上げ,380
客人,380
化石,379
宿命,379
無理やり,379
万一,379
中間,379
在庫,379
総合,379
学期,379
問い合わせ,379
停車,379
ウィリアムズ,379
透視,379
マニュアル,379
加担,379
生理,379
伊賀,379
休戦,379
見回,379
君主,379
米軍,379
戦艦,379
消毒,379
治癒,378
伝達,378
満月,378
親族,378
アルバム,378
総理,378
人助け,378
上層,378
企て,378
無法,378
金貨,378
適合,378
来客,378
同類,378
実施,378
フィラデルフィア,378
あい,378
強引,378
誓約,378
方面,378
動力,378
一刻,377
騒動,377
誤魔化,377
存続,377
シリアル,377
大聖,377
持ち歩,377
搬送,377
子息,377
特許,377
あわせ,377
確立,377
用い,377
一定,377
番人,377
調教,377
投げろ,377
エアコン,377
つま先,377
陽気,377
不意,377
葉巻,377
投げ出,377
成り行き,377
元カレ,377
レア,377
動転,377
あだ名,377
道理,376
南西,376
アントン,376
散々,376
射程,376
ベア,376
機動,376
自力,376
法務,376
中華,376
手先,376
グロリア,376
ありか,376
肉屋,376
不当,376
施,376
各自,376
根本,376
送り返,376
仕組み,376
一口,376
小娘,376
焦点,376
長引,376
電流,375
星系,375
素性,375
専念,375
旅立,375
取り残,375
有益,375
総省,375
手数,375
無口,375
間近,375
射手,375
協議,375
後戻り,375
服用,375
有害,375
リーアム,375
一人ぼっち,375
混合,375
速やか,375
経費,375
血統,375
食器,375
実感,375
聞き出,375
アヒル,375
素材,375
アッラー,375
頑丈,375
火葬,375
村人,375
減速,375
半端,375
溺死,375
中立,373
代役,373
消化,373
幼児,373
移住,373
由梨,373
不吉,373
吸引,373
促進,373
擁護,373
結び,373
入札,373
類似,373
空き,373
行使,373
敗者,373
面談,373
親権,373
国籍,373
朝飯,373
パトリシア,373
勘定,373
ヴィヴィアン,373
思い当た,373
電報,373
生まれつき,373
切開,373
光速,372
見上げ,372
罰金,372
流血,372
名乗り出,372
あァ,372
同席,372
順位,372
応用,372
頭取,372
手出し,372
球,372
分かち合,372
重傷,372
横断,372
見送,372
ヘア,372
預金,372
前例,372
万事,372
往生,372
交際,372
娯楽,372
狂信,372
長旅,372
清め,372
人前,371
威力,371
毒素,371
向う,371
アダムス,371
司教,371
ボルチモア,371
よ〜,371
消し去,371
榎本,371
仕立て,371
日光,371
遺書,371
情,371
接点,371
アストリッド,371
取り下げ,371
品質,371
具,371
登れ,371
九,371
治安,371
アキレス,371
出国,371
道化,371
転校,371
勇者,370
足音,370
配属,370
引きつけ,370
アフガン,370
欧州,370
本土,370
水素,370
最速,370
抹消,370
積荷,370
終結,370
有望,370
アドレナリン,370
地中,370
旋回,370
っ子,370
泣き声,370
懐中,370
アッ,370
磁気,370
人狼,370
黒崎,370
３千,370
脚本,370
主導,370
出生,370
三木,370
福祉,370
由美子,370
保て,370
貯金,370
無縁,370
送還,370
短気,370
懸賞,369
回れ,369
あれこれ,369
連盟,369
無断,369
布,369
アロン,369
当事,369
及ぼ,369
全域,369
縫合,369
一息,369
寿命,369
師団,369
でっち上げ,369
標識,369
アンダー,369
得点,369
投入,369
発掘,369
記述,369
手強,369
人身,369
手榴弾,369
身代わり,369
感電,369
開拓,369
船体,369
清潔,369
分割,369
同級,369
ブライア,369
集結,369
ひと言,369
線路,367
自供,367
事例,367
自家,367
生贄,367
片手,367
建造,367
アハハ,367
半数,367
運用,367
条約,367
改装,367
大いなる,367
やり取り,367
消息,367
領収,367
有毒,367
作曲,367
当選,367
亭主,367
当初,367
浮上,367
呼ばわり,367
統一,367
出場,367
手始め,367
限度,367
直美,367
アンドレイ,367
アベル,367
当分,367
書き,367
防止,366
就任,366
楽観,366
安物,366
遺族,366
呼び名,366
愛らし,366
裏付け,366
水着,366
シンシア,366
口紅,366
利己,366
洞察,366
部外,366
迂回,366
解消,366
変形,366
アラスカ,366
成人,366
広大,366
乗り物,366
開店,366
前後,366
高潔,366
従者,366
製薬,366
信心,366
公爵,366
葉っぱ,366
形式,366
黒子,366
新作,366
連れ帰,365
自尊,365
発想,365
世辞,365
近頃,365
書き留め,365
論争,365
餌食,365
聞き覚え,365
引き付け,365
丁目,365
早朝,365
帝王,365
北京,365
渓谷,365
習得,365
文学,365
あいさつ,365
アンドロイド,365
取り憑,365
コロニアル,365
頂上,365
量子,365
盗人,365
素手,365
二十,365
南東,365
あッ,365
乗車,365
宗介,365
本件,365
投げ込,365
見物,365
入れ墨,365
乗り換え,365
引越し,365
実績,365
消失,365
鋼鉄,365
性能,365
ドリアン,365
餓死,364
人権,364
討論,364
気遣,364
調和,364
細部,364
在住,364
強い,364
水泳,364
可,364
山脈,364
艦内,364
即座,364
搭載,364
入場,364
王室,364
仕置き,364
見下,364
進軍,364
市内,364
アーヤン,364
命じ,364
隕石,364
手作り,364
景気,364
大男,364
毒島,364
察,364
大目,364
前日,364
アシュリー,362
一斉,362
優位,362
踏み入れ,362
居間,362
大通り,362
頂点,362
布告,362
あげろ,362
よ～,362
手法,362
立入,362
田鶴,362
大家,362
乱用,362
学長,362
利点,362
処,362
流出,362
濃度,362
小川,362
廃止,362
演劇,362
投げ捨て,362
取り決め,362
歯科,362
大王,362
見付か,362
日誌,362
人殺,362
忌々し,362
護送,362
アテネ,362
田舎者,362
悪名,362
遺物,362
如何なる,362
拡張,362
商,362
両者,361
ヾ一,361
放り込,361
真山,361
引き止め,361
気前,361
返信,361
迷信,361
町中,361
農業,361
内通,361
夏休み,361
工藤,361
歌声,361
必然,361
横取り,361
技師,361
金子,361
観測,361
罪状,361
元妻,361
懲役,361
要因,361
万端,361
送り出,361
新年,361
セオドア,361
照会,361
器具,361
密売,359
移行,359
野放し,359
全額,359
成り立,359
開き,359
南アフリカ,359
アビゲール,359
統制,359
司会,359
判定,359
大樹,359
化合,359
汽車,359
先導,359
死神,359
タリア,359
快楽,359
金田一,359
アリー,359
体操,359
アドラー,359
当てはま,359
アレキ,359
輸入,359
あきれ,359
取り返し,359
人命,359
瀕死,358
強迫,358
総員,358
中古,358
投下,358
売り上げ,358
表紙,358
読者,358
モリアーティ,358
所詮,358
持参,358
放浪,358
引っ込,358
監査,358
アナル,358
重症,358
アダマ,358
安っぽ,358
手渡,358
学位,358
整形,358
重役,358
相応,358
早期,358
排水,358
水平,358
王者,358
修行,358
磁石,358
大手,358
日の出,358
式典,358
聖域,358
待ち構え,358
ガリアン,358
競売,358
ありのまま,358
食い,358
調書,358
水槽,357
保守,357
スクエア,357
主な,357
担保,357
陸,357
行な,357
財団,357
直行,357
アルカディア,357
発火,357
中傷,357
竹本,357
代物,357
高官,357
逆転,357
脱水,357
全能,357
送電,357
人道,357
捕食,357
顔面,357
作物,357
教皇,357
手短,357
私物,357
公演,357
枢機,355
腕前,355
監察,355
残業,355
不全,355
資本,355
戦利,355
家中,355
先手,355
近親,355
永井,355
皇太子,355
絞殺,355
聞き込み,355
取り替え,355
アスピリン,355
ありふれ,355
日没,355
日向,355
死角,355
抜群,355
イライアス,355
アナリスト,355
銃創,355
一見,355
配給,355
性交,355
石炭,355
陽動,355
編成,355
見放,355
恐れ入,355
取調べ,355
付き添,355
察知,355
強奪,355
火山,355
動員,355
合併,355
無論,355
各国,355
羽目,355
議事,355
生地,355
ハア,355
感銘,355
ヶ所,354
アルカイダ,354
師範,354
和らげ,354
格子,354
水分,354
内蔵,354
東部,354
行き詰ま,354
高ま,354
病的,354
早起き,354
ガイアス,354
目隠し,354
見過ご,354
取り込,354
信託,354
視野,354
白雪,354
後任,354
自立,354
灯台,354
戸,354
あああ,354
標本,354
倒産,354
客観,354
当社,354
夜通し,354
大西,354
書き換え,354
ペンシルバニア,354
目印,354
張り込み,354
重な,354
蒸気,354
思い付,352
合計,352
芝生,352
あらら,352
年取,352
配管,352
元哉,352
友子,352
専務,352
病室,352
言い切れ,352
河,352
株価,352
庭師,352
便所,352
支給,352
信条,352
配送,352
情緒,352
ルイジアナ,352
起立,352
形態,352
過酷,352
火炎,352
来世,352
歌詞,352
特有,352
ベアー,352
盛大,352
家宅,352
殉教,352
共存,352
視力,352
優雅,352
渡真利,352
賢者,352
アクセント,352
掛け直,352
子羊,352
真っ先,351
連携,351
本意,351
上流,351
税関,351
屠殺,351
系統,351
記載,351
水族,351
生還,351
運び出,351
怠け者,351
奪い取,351
学び,351
年月,351
原告,351
あなただ,351
荒野,351
関知,351
見習,351
藤村,351
数値,351
気候,351
当面,351
異教,351
原則,351
佐久間,351
表彰,351
大群,351
横領,351
うわあ,351
病質,351
スケア,351
駆け引き,351
審問,351
循環,351
形見,351
換気,351
会談,351
片目,351
独裁,351
分隊,351
放課,351
音波,351
落第,351
賛同,351
付きまと,351
アプローチ,351
落ち着き,351
受か,351
予知,351
戦線,351
忍者,349
掲示,349
矯正,349
投降,349
作法,349
アルトン,349
世論,349
当日,349
アクセル,349
乗務,349
白紙,349
富豪,349
近隣,349
あのう,349
大隊,349
選び,349
赤外,349
農夫,349
時空,349
腹部,349
訂正,349
アニ,349
手間取,349
子宮,349
肉食,349
公務,349
日暮れ,349
停戦,349
中退,349
闘技,349
翌朝,349
大蛇,349
飛び回,349
用途,349
創設,349
手荒,349
決めつけ,349
ウィリアムス,349
山﨑,349
味見,349
走行,349
整列,348
無欲,348
平静,348
参謀,348
由来,348
取り返せ,348
錯乱,348
胎児,348
中庭,348
内務,348
私生,348
あーあ,348
通告,348
有難,348
導入,348
一帯,348
秒間,348
持続,348
積り,348
多大,348
賃金,348
気高,348
引き込,348
義母,348
代々,348
見殺し,348
決,348
不味,348
スタジアム,348
イリア,348
青春,348
アマチュア,348
平方,348
方程,348
小麦,348
側近,348
中世,348
アタマ,348
名づけ,348
大腿,348
一貫,348
乙女,348
運搬,346
取り込み,346
スコア,346
浜,346
中西,346
抗争,346
下宿,346
置き,346
通称,346
アニキ,346
察し,346
実践,346
石鹸,346
金銭,346
気流,346
先住,346
申し分,346
悲観,346
歓声,346
草原,346
孝則,346
宣戦,346
セルビア,346
運び屋,346
風景,346
伯母,346
自衛,346
架空,346
見本,346
アルド,346
多量,346
絞め殺,346
辞任,346
重量,346
手際,346
不平,346
著名,346
調合,346
ミリアド,346
飼育,346
ルーマニア,346
近辺,346
戦力,346
勃起,346
原料,344
アラゴルン,344
大至急,344
年頃,344
挿入,344
着地,344
ギリシア,344
エミリア,344
原理,344
接種,344
兵力,344
編,344
代弁,344
アーティ,344
足取り,344
両側,344
大工,344
主演,344
アメ,344
直樹,344
シアーシャ,344
後援,344
ガルシア,344
生成,344
お手上げ,344
疑念,344
アマゾン,344
受け取り,344
関口,344
売り物,344
竹下,344
守衛,344
通気,344
過失,344
冷戦,344
同伴,344
覆面,344
中年,344
路線,344
新米,344
引き取り,344
見知り,344
再婚,344
ファイアウォール,344
上達,344
送り届け,344
足手,343
大口,343
比,343
満員,343
異論,343
急激,343
特技,343
生意気,343
中村,343
大喜び,343
組み込,343
急げ,343
精通,343
航行,343
精製,343
縛り付け,343
感触,343
発売,343
室内,343
奥深,343
捏造,343
半ば,343
引き揚げ,343
責務,343
取り分,343
起源,343
通貨,343
大晦日,343
鈴木,343
改め,343
ブレア,343
アヘン,343
アドバイザー,343
活用,343
自制,343
下降,343
対話,343
進学,343
身動き,343
飛び立,343
親類,343
電線,343
言わ,343
即死,343
味わえ,343
義兄,343
制裁,341
特異,341
失調,341
仙崎,341
項目,341
車内,341
国立,341
アーデン,341
東側,341
あらあら,341
予告,341
病原体,341
域,341
経理,341
肯定,341
子育て,341
言動,341
特性,341
対価,341
速報,341
末期,341
心強,341
偽者,341
機内,341
常連,341
賭博,341
再発,341
アーク,341
横浜,341
聞き出せ,341
店長,341
早々,341
呼び寄せ,341
アゴ,341
特集,341
基盤,341
リビア,341
津波,341
人相,341
気難し,341
モーフィアス,341
船内,341
安静,341
アミン,341
清算,341
前列,341
供,341
点滴,341
リアクター,341
海水,341
野,341
一変,341
薫子,341
周年,341
たどり着け,341
海上,341
更生,341
支障,339
資質,339
気圧,339
誇張,339
アレクサンダー,339
立ち去れ,339
発つ,339
獣医,339
遺骨,339
好機,339
音量,339
元素,339
予選,339
殺意,339
召使,339
仕入れ,339
総監,339
圏外,339
介護,339
見習い,339
か所,339
洗面,339
引き留め,339
達者,339
変動,339
立て直,339
食べれ,339
助力,339
主だ,339
小学,339
人的,339
強調,339
あわて,339
進捗,339
学費,339
ユリア,339
トビアス,339
合唱,339
引き出せ,339
補償,339
時折,339
証書,339
学年,339
茶番,339
留学,339
引き返せ,339
アメフト,339
自滅,339
新入,339
空飛,339
切手,339
アメリー,339
講演,339
異動,339
口笛,339
競馬,339
超越,339
フィアンセ,339
話せよ,338
王都,338
引き入れ,338
アスペン,338
初耳,338
不断,338
運び,338
天塩,338
起き上が,338
ダイアモンド,338
アジト,338
白血,338
アーティスト,338
アントニオ,338
工具,338
伝,338
口止め,338
大当たり,338
失神,338
マニア,338
思い知,338
回数,338
教区,338
店主,338
見合,338
粘土,338
需要,338
用紙,338
不通,338
外壁,338
空手,338
良々,338
リアム,338
あのー,338
表明,338
出直,338
大義,338
年度,338
コーディア,338
貸金庫,338
産物,338
准将,338
導師,336
自主,336
平行,336
っ放し,336
軍用,336
審理,336
筋書き,336
言いつけ,336
形状,336
装着,336
新規,336
拓馬,336
アイラ,336
休養,336
算数,336
弁解,336
募金,336
オリヴィア,336
面識,336
害者,336
泣き言,336
アーカイブ,336
長所,336
真上,336
掘り起こ,336
小夜子,336
白鳥,336
理事,336
死傷,336
取り付,336
行き着,336
義足,336
アレス,336
調節,336
氷河,336
半神,336
目視,336
選考,336
アラー,336
小遣い,336
戦隊,336
求女,336
無名,336
木々,336
回り道,336
以後,336
チェックアウト,336
物的,336
上位,336
一団,336
久々,336
後ほど,336
本山,336
淫売,336
アポ,336
地平,336
取り出せ,336
アベンジャーズ,336
動き回,336
付き添い,336
縁起,336
投げつけ,336
造船,336
治ま,336
素質,334
あした,334
切り開,334
解任,334
非道,334
別居,334
大して,334
木馬,334
アンサリード,334
方式,334
長谷川,334
人食い,334
東洋,334
直線,334
毎度,334
ルシアン,334
本格,334
御座,334
名人,334
時差,334
水面,334
後回し,334
行事,334
森口,334
アタック,334
宅配,334
玩具,334
全速,334
人魚,334
明後日,334
対等,334
個別,334
補足,334
追及,334
だあ,334
屋内,334
石版,334
万能,334
無さ,334
表れ,334
略,334
迷宮,334
群が,334
祖父母,334
補充,334
美穂,334
モアナ,334
医務,334
株主,334
健在,334
木戸,334
変わり者,334
子豚,334
脳波,334
食卓,334
病状,334
先代,334
昔々,334
先行,334
アァ,334
推論,334
生け捕り,334
高齢,334
宴会,334
半身,334
意向,334
内面,334
打開,334
言い争い,334
充実,334
元カノ,334
実質,334
発令,334
容体,334
立ち入,332
引き渡せ,332
金儲け,332
到来,332
生じ,332
前夜,332
勿体,332
ノックアウト,332
観衆,332
容認,332
局員,332
あばずれ,332
王殺し,332
赤子,332
加工,332
断念,332
取り囲,332
野望,332
自発,332
私有,332
アバズレ,332
あせ,332
誘発,332
医薬,332
シアン,332
安泰,332
噛み付,332
数々,332
富樫,332
郎,332
乗り切れ,332
同等,332
放り投げ,332
銃口,332
元夫,332
症候,332
転職,332
展望,332
丈夫,332
中味,332
依子,332
召使い,332
中途,332
見世物,332
空調,332
上がり,332
生き抜,332
闘争,332
立ち会,332
千尋,332
アイヴォ,332
芝山,332
日中,332
口外,332
山分け,332
電圧,332
独りぼっち,332
グルジア,332
オア,332
本社,332
母校,330
多額,330
素,330
中枢,330
創作,330
隅々,330
アンブレラ,330
相対,330
アイロン,330
あさって,330
氏名,330
丁重,330
強情,330
上回,330
空白,330
客室,330
ファイアー,330
観点,330
アルバレス,330
挙げろ,330
一服,330
引き戻,330
汚名,330
目前,330
常習,330
ダミアン,330
高所,330
やり手,330
流儀,330
農園,330
補強,330
解き,330
人造,330
外観,330
読み上げ,330
抜き取,330
時限,330
不可,330
アーチ,330
立ち直れ,330
肥料,330
急用,330
現役,330
一度,330
洗車,330
言い張,330
ディアス,330
呼び起こ,330
地表,330
結社,330
金色,330
受け付け,330
オフェリア,330
私的,330
和,330
着手,330
体格,330
彗星,330
沼地,330
至近,330
自,330
多様,330
発覚,330
小包,328
連れ込,328
乗馬,328
書面,328
田宮,328
気象,328
変質,328
ダイア,328
行政,328
コリアー,328
馬身,328
縮小,328
方位,328
落着,328
気づき,328
並外れ,328
作者,328
認定,328
照れ,328
消灯,328
蒲生,328
聖霊,328
聴聞,328
目覚まし,328
未知子,328
う〜ん,328
技能,328
名乗り,328
入居,328
保有,328
結束,328
砂浜,328
サンティアゴ,328
傍観,328
頭上,328
点灯,328
漂流,328
ババア,328
奏者,328
場違い,328
入れ替わ,328
新種,328
ソマリア,328
アグネス,328
民兵,328
マレーシア,328
フェリシア,328
満点,328
アニス,328
着席,328
バリア,328
取り押さえ,328
ビア,328
南極,328
一平,328
規範,328
知り,328
各々,328
ディアナ,328
立た,328
用だ,328
心変わり,328
戦時,326
高値,326
予報,326
焼き殺,326
自棄,326
間隔,326
悪役,326
受取,326
刃物,326
毛深,326
解説,326
記号,326
褒め言葉,326
小物,326
残高,326
戸惑,326
手ぶら,326
一環,326
末次,326
上々,326
前提,326
退場,326
クエストリア,326
家事,326
跡形,326
急襲,326
アミラ,326
応募,326
究明,326
地理,326
同い年,326
出馬,326
果実,326
始,326
家主,326
代え,326
無垢,326
クアンティコ,326
開示,326
アップグレード,326
役だ,326
戸棚,326
上下,326
胸部,326
アラビア,326
無茶苦茶,326
船乗り,326
アーネスト,326
行く,326
他所,326
密度,326
点数,326
あざ,326
尽力,326
アーリーズ,326
アンカー,326
啓示,326
持ちかけ,326
一人暮らし,326
異様,326
隊列,326
伝道,326
信じ込,326
アマデウ,326
自閉,326
外人,326
表向き,324
アンディー,324
作り直,324
話さ,324
気がかり,324
混同,324
復習,324
ね～,324
ベジタリアン,324
アタシ,324
実用,324
楽譜,324
新任,324
電球,324
牽引,324
朗報,324
引っ掻,324
立体,324
淳太,324
付き合え,324
持ちだ,324
床屋,324
吸い取,324
片足,324
手書き,324
描写,324
肛門,324
メチルアミン,324
発車,324
投薬,324
変革,324
江上,324
苦境,324
言いなり,324
白髪,324
話し合え,324
有無,324
差し金,324
評論,324
あ〜,324
ジョアンナ,324
手分け,324
性愛,324
交配,324
全土,324
ミアリーン,324
インディア,324
さあさあ,324
少量,324
自問,324
手違い,324
別件,324
日程,324
飼い主,324
公判,324
内輪,324
手ごわ,324
良木,324
気合,324
所為,324
全米,324
絵本,324
運輸,324
違和,324
偉業,324
逃げ場,324
武力,324
保健,324
崇高,324
生息,322
ココア,322
アラバマ,322
新郎,322
消火,322
花本,322
改ざん,322
果たして,322
即興,322
有用,322
独創,322
アクバリ,322
脱線,322
裁量,322
銃殺,322
手洗い,322
シャイア,322
総長,322
物騒,322
ファイア,322
アミダラ,322
新車,322
あばよ,322
アックス,322
通し,322
適正,322
速力,322
スメア,322
公然,322
重圧,322
アイアンマン,322
エレノア,322
レズビアン,322
備品,322
江島,322
チアリーダー,322
地味,322
売上,322
アリーナ,322
静止,322
命乞い,322
自我,322
可愛らし,322
年少,322
マニキュア,322
機構,322
水晶,322
除隊,322
木島,322
一人一人,322
ウイリアム,322
言い寄,322
飛び乗,322
上映,322
水飲,322
抗体,322
物凄,322
商談,322
前半,322
バンパイア,322
ディア,322
自国,322
出来上が,322
優勢,322
決行,322
引っ掛か,322
増大,322
アガサ,322
養育,320
別物,320
着飾,320
太鼓,320
あいだ,320
自慰,320
実証,320
四方,320
実業,320
心構え,320
何歳,320
流星,320
特,320
後頭,320
水銀,320
近々,320
複合,320
進出,320
高額,320
聖母,320
アルメニア,320
逃げ回,320
アース,320
下座,320
人参,320
強度,320
即時,320
寺島,320
溶接,320
分け合,320
一筋,320
超人,320
悪趣味,320
正規,320
中々,320
高慢,320
性別,320
あんの,320
口調,320
公認,320
妻子,320
名詞,320
血球,320
転移,320
青色,320
分散,320
庶子,320
釜山,320
波止場,320
左利き,320
苛立,320
店舗,320
下痢,320
蒸発,320
入れ替え,320
巻き上げ,320
アイドル,320
命名,320
殺し合い,320
強欲,320
左足,320
燃え上が,320
議題,320
下っ端,320
積もり,320
引き下が,320
心中,320
甥っ子,318
遊園,318
通達,318
食べろ,318
従事,318
赴任,318
直撃,318
スペア,318
批評,318
あえ,318
探し回,318
講師,318
男前,318
航路,318
因果,318
前任,318
山積み,318
あぶな,318
木星,318
布団,318
来場,318
深め,318
青空,318
知道,318
復興,318
同棲,318
アデライン,318
右足,318
案外,318
雑用,318
公女,318
待ち受け,318
少,318
金吾,318
セリア,318
教養,318
美徳,318
関西,318
な〜,318
女医,318
読み取,318
屋台,318
砲火,318
コーデリア,318
畜生め,318
城門,318
金魚,318
狂王,318
領地,318
刺殺,318
遺品,318
マリアンヌ,318
配信,318
超常,318
山羊,318
横柄,318
完治,318
置き場,318
過大,318
品物,316
得策,316
立ち上がれ,316
空襲,316
全焼,316
伝書,316
給水,316
力学,316
商業,316
体型,316
染色,316
設け,316
阿華,316
由,316
遠回り,316
野営,316
帳消し,316
アーリア,316
言い換え,316
アピール,316
色男,316
アーメド,316
人里,316
取り消し,316
庭園,316
アーッ,316
直し,316
付着,316
アナウンス,316
短期,316
行列,316
アレクセイ,316
境遇,316
アイビス,316
合致,316
真っ白,316
火神,316
保全,316
月面,316
入れ歯,316
無言,316
系列,316
配列,316
悪用,316
無邪気,316
器官,316
知れんが,316
積み上げ,316
殺し合,316
再考,316
看病,316
アダール,316
提携,316
目線,316
夜空,316
潮時,316
似非,316
多忙,316
統率,316
反映,316
子守り,316
木箱,316
アッカーマン,316
二番,316
安ら,316
見送り,316
アイコン,316
個々,316
アドルフ,316
事柄,316
断定,313
野原,313
引っ張り,313
上部,313
個体,313
英,313
主題,313
張り,313
本屋,313
著者,313
痛み止め,313
扇動,313
下僕,313
子分,313
小木曽,313
三十,313
買い取,313
年下,313
知る,313
緩和,313
手早,313
流し,313
自暴,313
アルバカーキ,313
ビアンカ,313
口先,313
同窓,313
弱者,313
着艦,313
撃ち合い,313
あらすじ,313
下心,313
強固,313
競,313
瞬時,313
道連れ,313
陸上,313
検挙,313
段取り,313
吉田,313
密接,313
迎え入れ,313
信奉,313
病欠,313
水準,313
競走,313
付け加え,313
係り,313
物乞い,313
ね〜,313
協調,313
あやま,313
脳内,313
前払い,313
登校,313
呼び出せ,313
人影,313
係わ,313
馬鹿馬鹿し,313
取りつ,313
給与,313
変貌,313
鈍感,313
アラスト,313
部位,313
教員,313
題名,313
太古,313
可哀相,313
取り外,313
散開,313
年老い,313
放免,313
星座,313
アトラス,313
築き上げ,313
誇大,313
国会,313
入金,313
火力,313
アーマー,313
代われ,313
天文,313
後尾,313
救護,313
半日,313
モリアティ,313
騒々し,313
比喩,313
遺跡,313
不屈,311
通勤,311
噂話,311
引き渡し,311
同調,311
不測,311
他言,311
高等,311
希少,311
吉,311
合同,311
ぶら下が,311
言わば,311
木材,311
抽象,311
芸能,311
台なし,311
著,311
接着,311
移転,311
一心,311
発散,311
無敗,311
動向,311
花屋,311
アウレリウス,311
味覚,311
仕立屋,311
未聞,311
駆動,311
特注,311
前代,311
追い回,311
瑤子,311
結び付け,311
内戦,311
地質,311
利害,311
アルツハイマー,311
合金,311
カ国,311
治め,311
近付け,311
生き生き,311
接客,311
駆り立て,311
塗料,311
中絶,311
啓発,311
不眠,311
全う,311
アイテム,311
取り逃が,311
授与,311
寿司,311
マクティアニー,311
アイオワ,311
流通,311
通りかか,311
疎開,311
あつ,311
カ所,311
生態,311
アディソン,311
実態,311
乗り気,311
生計,311
有権,311
アレック,311
自惚れ,311
有様,311
アラ,311
曜,311
満載,311
修子,311
マリアナ,311
実話,311
参列,308
アイリッシュ,308
予見,308
一層,308
概要,308
願い事,308
直視,308
図面,308
決め手,308
報奨,308
胴体,308
幻影,308
条項,308
アイリング,308
坂口,308
面前,308
アクティブ,308
建,308
不妊,308
現われ,308
広瀬,308
掘り下げ,308
一昨,308
用済み,308
法人,308
包丁,308
張り付,308
アンダース,308
一人前,308
好転,308
告げ口,308
球体,308
開けれ,308
同業,308
家業,308
何色,308
孵化,308
深度,308
引き連れ,308
天地,308
瀬川,308
実体,308
たわ言,308
武,308
遺憾,308
学会,308
笑い事,308
順次,308
安息,308
血流,308
ザッカライア,308
聖水,308
梯子,308
感づ,308
熱中,308
積み込,308
特使,308
直進,308
受刑,308
実戦,308
酒屋,308
命運,308
アルファベット,308
自称,308
悪行,308
時田,308
内気,308
土壌,308
万引き,308
降りかか,308
可哀そう,308
売り込,308
盛り上げ,308
あっさり,308
アベニュー,308
全開,308
他界,308
アレクサンドリア,308
返品,308
紛争,308
金玉,308
アルフォンス,308
グリア,306
炎上,306
襲来,306
所得,306
ビビアン,306
水源,306
千葉,306
名乗れ,306
再選,306
シベリア,306
最寄り,306
華やか,306
殺れ,306
アッパー,306
取りかか,306
信憑,306
項,306
先進,306
手のひら,306
アセット,306
四六,306
深み,306
団地,306
近衛,306
峡谷,306
口答え,306
秒読み,306
ピックアップ,306
育成,306
生きがい,306
木村,306
画廊,306
配偶,306
発注,306
段々,306
陣営,306
洗い流,306
語り継,306
対峙,306
大違い,306
星雲,306
不信,306
シェークスピア,306
殴り殺,306
あご,306
如果,306
蓄積,306
応急,306
吸入,306
岩瀬,306
重度,306
反動,306
気付け,306
原住民,306
辞表,306
先決,306
切り上げ,306
夏子,306
軽視,306
気質,306
日出男,306
アジズ,306
書き込,306
亡者,306
な～,306
気力,306
純度,306
女々し,306
病原,306
噴火,306
穀物,306
釘付け,306
皮質,306
糸口,306
銃器,306
アンジェロ,306
小嶋,306
浸水,306
嫌味,306
高層,306
スアン,306
船団,306
一千,306
手立て,306
言い残,306
怖気づ,306
閃光,306
無一文,306
一理,306
入会,306
アラムート,303
国内外,303
名札,303
抱き合,303
仏教,303
ポン引き,303
聴衆,303
面目,303
見限,303
特ダネ,303
放っ,303
アバ,303
分担,303
地形,303
役職,303
満々,303
重み,303
推,303
構想,303
送りつけ,303
事案,303
催し,303
速攻,303
乗っ,303
組み,303
ワイアー,303
アレイ,303
昼休み,303
無駄遣い,303
命がけ,303
アテ,303
素晴し,303
連想,303
近代,303
魔導,303
あなたね,303
組み換え,303
小柄,303
急か,303
引き継ぎ,303
一覧,303
クラウディア,303
アミーゴ,303
事象,303
手中,303
博学,303
岩山,303
陣形,303
禁物,303
連れだ,303
個室,303
大笑い,303
割引,303
ヴァリリア,303
規約,303
進言,303
見合い,303
汚点,303
子牛,303
執務,303
前頭,303
選出,303
アーリントン,303
不調,303
公的,303
アニメ,303
写し,303
流れ者,303
音響,303
引き分け,303
運河,303
他者,303
判別,303
電機,303
流産,303
前金,303
重視,303
卒中,303
手持ち,303
窒素,303
分断,303
放り,303
行っ,303
常用,303
アルゼンチン,303
分配,303
アルトマン,303
言いがかり,303
聖戦,303
特捜,303
遺灰,303
搾取,303
身辺,303
ハードウェア,301
隊形,301
ファイアーズ,301
あらそう,301
始終,301
政界,301
競合,301
情勢,301
あお,301
問い,301
差し支え,301
見回り,301
井上,301
貧民,301
局面,301
アルマン,301
アロンゾ,301
正統,301
司,301
眼球,301
次官,301
炎症,301
アザーズ,301
身勝手,301
服着,301
代謝,301
あちら側,301
天空,301
抵当,301
総務,301
過度,301
一角,301
フライア,301
忠義,301
非番,301
士気,301
活か,301
映写,301
華麗,301
当惑,301
あっそ,301
終止,301
画策,301
腕利き,301
従来,301
霊能,301
特大,301
挽回,301
見下ろ,301
展,301
周回,301
差し向け,301
町長,301
入室,301
車線,301
知覚,301
的確,301
陣地,301
縁組,301
もてあそ,301
アリスター,301
疾病,301
不変,301
義弟,301
物置,301
代価,301
落ち度,301
金星,301
置き換え,301
天罰,301
執念,301
正門,301
アルバイト,301
上物,301
西洋,301
日听,301
運送,301
連結,301
アストリド,301
売り切れ,301
教え子,301
流れ出,301
乞食,301
トゥービア,301
外務,301
ブロア,301
強靭,301
熟知,301
口癖,301
貯水,298
行けー,298
教義,298
命懸け,298
連帯,298
発症,298
凍死,298
アンキロ,298
歩行,298
指先,298
丞相,298
念入り,298
アニマル,298
単刀,298
精査,298
アービン,298
漠然,298
西暦,298
アスラン,298
助っ人,298
優等,298
番犬,298
奇行,298
合え,298
窓口,298
戦後,298
直入,298
代り,298
後押し,298
特哥,298
保育,298
右利き,298
見取り,298
作為,298
前兆,298
施錠,298
飲料,298
飛び交,298
特製,298
馬力,298
宮廷,298
加熱,298
公子,298
呼びだ,298
ダリア,298
全車,298
外し,298
再来,298
手引き,298
ヴァージニア,298
校对,298
切り離せ,298
戦友,298
画期,298
稼動,298
８千,298
無職,298
空虚,298
二階堂,298
リアン,298
反乱軍,298
郵送,298
飢え死に,298
積も,298
ともあれ,298
う～ん,298
一文,298
分身,298
年長,298
敷物,298
噴水,298
先制,298
反響,298
平ら,298
興行,298
古風,298
メイフェア,298
質屋,298
順応,298
名称,298
不尽,298
食いつ,298
活力,298
自作,298
新生,298
星空,298
居座,298
嫌気,298
木の実,298
死骸,298
デラウェア,298
アスリート,298
アナンジオ,298
継母,298
生け贄,298
銃身,298
火あぶり,298
あま,298
両足,298
上腕,298
一人っ子,298
王雪,298
アンドリュース,298
反則,298
於,298
バクテリア,298
理学,295
高熱,295
取り壊,295
来訪,295
感じ取,295
感度,295
然,295
でっちあげ,295
元凶,295
八百,295
騎馬,295
後見,295
持ち合わせ,295
待合,295
流動,295
アンヌ,295
富士,295
フェアリー,295
堅物,295
快感,295
出来上がり,295
引っかけ,295
アウシュビッツ,295
モア,295
アイズ,295
神原,295
現行,295
湿気,295
群集,295
余生,295
団子,295
結べ,295
語りかけ,295
国旗,295
安楽,295
黒川,295
真理,295
新曲,295
大袈裟,295
ニューアーク,295
アマル,295
分岐,295
測量,295
出前,295
芸人,295
殺しかけ,295
主治,295
鍛冶屋,295
非常口,295
口ひげ,295
増強,295
突進,295
花山,295
精力,295
視察,295
永続,295
空振り,295
ペンシルベニア,295
住ま,295
見過ごせ,295
結核,295
前妻,295
生殖,295
要件,295
旅団,295
程遠,295
半額,295
朝鮮,295
特典,295
水上,295
入り江,295
旧姓,295
攻略,295
太っちょ,295
強み,295
私用,295
気休め,295
アップデート,295
商店,295
時給,295
極度,295
アルタ,295
積み重ね,295
配布,295
浩実,295
ナルニア,295
手並み,295
誇示,295
二手,295
変ね,295
行軍,295
松,295
鑑賞,295
投影,295
甚大,295
登り,295
管区,295
問答,295
弱体,295
電信,295
所定,295
関谷,295
武士,295
代議,295
正に,295
成れ,295
剥離,295
青藍,292
あや,292
半島,292
引っ掛け,292
否認,292
アルヴィー,292
指数,292
営利,292
結集,292
賜物,292
白昼,292
連れ戻せ,292
幹線,292
前歴,292
ガーディア,292
部員,292
インディアナ,292
変色,292
羽川,292
無駄口,292
寝台,292
先程,292
称号,292
決し,292
持ち込め,292
あーっ,292
見立て,292
合鍵,292
担任,292
代行,292
当番,292
盗み聞き,292
選別,292
アルミ,292
アイスランド,292
点滅,292
あいこ,292
配下,292
名言,292
福音,292
聞き取れ,292
改心,292
鉄砲,292
行え,292
初歩,292
生身,292
ナディア,292
風味,292
効力,292
分泌,292
壁画,292
公立,292
本体,292
視認,292
摂理,292
告知,292
後日,292
衣類,292
小磯,292
発案,292
日陰,292
割合,292
大脳,292
北米,292
合気,292
強硬,292
正真,292
あなたの,292
初夜,292
安易,292
宿屋,292
聖地,292
降ら,292
勝算,292
武）,292
由诸神,292
深ま,292
以,292
裸足,292
庇護,292
本字幕,292
労力,292
護身,292
丸太,292
芽生え,292
参戦,292
河原,292
こじ開け,292
平,292
ブルガリア,292
レイア,292
神殿,292
無理矢理,292
定住,292
愛好,292
一名,292
体勢,292
聖南,292
南北,292
創り出,292
足下,292
突起,292
夕美,292
シルヴィア,292
目つき,292
皇,292
祝日,292
高み,292
偉人,292
次男,292
強め,292
アングル,292
足し,292
フレア,292
アイサ,292
太もも,292
仅供,292
過敏,292
アークター,292
高揚,289
後生,289
頻度,289
アマール,289
今来,289
不便,289
４千,289
付き人,289
白衣,289
州兵,289
異変,289
不発,289
前面,289
大概,289
やり口,289
加入,289
水路,289
反復,289
持ち堪え,289
下層,289
集計,289
行き詰,289
上書き,289
嗅ぎ回,289
運び込,289
書き直,289
親分,289
試着,289
精度,289
怪人,289
単一,289
前哨,289
漂白,289
病歴,289
仲裁,289
独断,289
伊藤,289
大急ぎ,289
カナリア,289
排気,289
アリア,289
更正,289
アサド,289
四角,289
兵役,289
生前,289
蹴り上げ,289
二千,289
正銘,289
アパッチ,289
原作,289
植え付け,289
論点,289
爆風,289
うなり声,289
主君,289
難問,289
真価,289
曲線,289
党員,289
在宅,289
身なり,289
奉公,289
アーヴィン,289
暗記,289
転属,289
差し入れ,289
おやまあ,289
思い起こ,289
白木,289
大分,289
南米,289
不是,289
デリア,289
何物,289
アクバル,289
社内,289
奇形,289
創業,289
弱気,289
締め上げ,289
直近,289
アヤ,289
御名,289
売り手,289
計略,289
やり過ぎ,289
交尾,289
様式,289
実物,289
変異体,289
義姉,289
ズートピア,289
省略,289
暴発,289
オアン,289
要領,289
居合わせ,289
ペルシア,289
年配,289
手すり,289
間接,289
命取り,289
保身,289
アレクサンドラ,289
取り扱,289
谷間,289
アハハハ,289
全容,289
同位,289
住処,286
砂子,286
歯車,286
騎兵隊,286
腐食,286
掲載,286
背信,286
名古屋,286
頼み事,286
一握り,286
殺到,286
空き家,286
補填,286
間際,286
初耳だ,286
投,286
広間,286
査定,286
人肉,286
見直し,286
県,286
部局,286
取調室,286
決め付け,286
難解,286
税務,286
極限,286
英知,286
全裸,286
華,286
アナベス,286
湾岸,286
外界,286
飲物,286
自販,286
治験,286
誤報,286
平原,286
取り巻,286
トライアド,286
方言,286
公証,286
科目,286
剥ぎ取,286
た～,286
出回,286
交替,286
見積も,286
可決,286
深入り,286
産め,286
かき回,286
行先,286
ヘアー,286
大差,286
火花,286
周期,286
シロアリ,286
目録,286
繁華,286
うつ病,286
細動,286
質量,286
踏み外,286
書物,286
両立,286
解答,286
解か,286
計り知れ,286
旅人,286
混入,286
転落,286
言い渡,286
酵素,286
引き延ば,286
アブラ,286
揉め事,286
とある,286
アカゲ,286
間柄,286
蛍光,286
存分,286
清,286
詩的,286
接待,286
セレスティア,286
善行,286
アウター,286
日数,286
鉱物,286
大垣,286
早乙女,286
マリアン,286
当直,286
両目,286
手の,286
講習,286
ストア,286
滅入,286
続編,286
統一郎,286
アッカー,286
生者,286
火炙り,286
気品,286
大儲け,286
売り渡,286
紫外,286
発光,286
肩書き,286
此所,286
前菜,286
離れ離れ,286
１日,286
入浴,283
心的,283
女装,283
課程,283
小声,283
強が,283
幼少,283
流石,283
発疹,283
あげく,283
あえぎ,283
遠足,283
出来損ない,283
深海,283
通りすがり,283
アズカバン,283
落とし子,283
点呼,283
国歌,283
全般,283
言い伝え,283
音信,283
フロアー,283
ナイジェリア,283
セットアップ,283
田,283
聖者,283
聞え,283
やり過ご,283
小言,283
反発,283
ならず者,283
引力,283
痛手,283
母船,283
副業,283
問いかけ,283
外食,283
話し掛け,283
大きさ,283
アクセサリー,283
アルトゥール,283
山犬,283
いじめっ子,283
あこがれ,283
乗り出,283
航星,283
舞い上が,283
乳母,283
友愛,283
反転,283
陰気,283
売り飛ば,283
諸国,283
受け渡し,283
整然,283
休止,283
返上,283
拭き取,283
急進,283
言い返,283
等級,283
松葉,283
唐辛子,283
送り主,283
周知,283
あやつ,283
放映,283
声紋,283
安否,283
余命,283
風俗,283
計測,283
語り,283
東南,283
空し,283
気性,283
密航,283
行け行け,283
書き置き,283
和尚,283
範子,283
起業,283
こき使,283
平民,283
入念,283
アンダル,283
内心,283
高圧,283
同体,283
折り合い,283
延々,283
ありったけ,283
愛着,283
巻物,283
殴り合い,283
アッシャー,283
医大,283
聞き入れ,283
取り寄せ,283
下見,283
つき合,283
人斬り,283
辿り着け,283
強敵,283
転覆,283
孤島,283
海流,283
本棚,283
道場,283
語り合,283
ティアナ,283
考察,283
路面,283
シア,283
初版,283
アリガト,283
法令,279
開閉,279
人で,279
皆無,279
武道,279
屋外,279
持ち出し,279
先約,279
春休み,279
筋合い,279
合い,279
手っ取り,279
色あせ,279
あらわ,279
童話,279
傷付,279
荒れ地,279
マルウェア,279
平面,279
血中,279
ケニア,279
気軽,279
ヘアピン,279
アライクム,279
年末,279
込み入,279
鳴り響,279
運行,279
食材,279
合間,279
中野渡,279
色目,279
間宮,279
検診,279
アトリエ,279
食道,279
絶え間,279
通商,279
荒地,279
薬屋,279
压制,279
有明,279
無鉄砲,279
根源,279
于任,279
汚物,279
原点,279
天体,279
罪深,279
形作,279
不毛,279
田上,279
墓石,279
最短,279
読み込,279
一巻,279
死に掛け,279
先入,279
便器,279
座礁,279
縫い目,279
身の回り,279
海原,279
引きちぎ,279
学問,279
他国,279
国債,279
長続き,279
著作,279
急増,279
内閣,279
ひと時,279
うめき声,279
アルバニア,279
火器,279
化身,279
後遺,279
エンパイア,279
聖藝,279
アガメムノン,279
過ぎん,279
見通,279
帰艦,279
武術,279
空母,279
アーリーン,279
自在,279
真空,279
目下,279
白骨,279
活気,279
指差,279
同族,279
腹立たし,279
アカルド,279
少将,279
委任,279
止めれ,279
アンティーク,279
田中,279
四半,279
膨張,279
野外,279
有り難う,279
称,279
市会,279
締め付け,279
助川,279
統括,279
駆使,279
得体,279
八つ,279
狩人,279
非情,279
挙が,279
氷山,279
車種,279
機首,279
口封じ,279
受精,279
敵機,279
几帳面,279
州立,279
追い立て,279
上演,279
クリアン,279
任期,279
挙手,279
照射,279
挙句,279
直々,279
採石場,279
艦橋,279
本国,279
荷台,279
エアー,279
道中,279
招き入れ,279
千畝,279
股間,279
着弾,279
硬化,279
異国,276
鈍器,276
目の,276
起て,276
族長,276
真っ当,276
下せ,276
並列,276
資材,276
アガ,276
入れ込,276
高台,276
チア,276
持ち帰り,276
押し当て,276
出港,276
読み取れ,276
性病,276
急所,276
人知,276
潜航,276
銀座,276
階上,276
新参,276
不明瞭,276
云々,276
八つ裂き,276
投げ落と,276
事後,276
子馬,276
目障り,276
物言い,276
生や,276
前衛,276
高利,276
省庁,276
大忙し,276
電荷,276
平然,276
特訓,276
交友,276
剥製,276
くそ野郎,276
力量,276
マグワイア,276
仏語,276
手なずけ,276
乗り捨て,276
自治,276
開業,276
益々,276
カティア,276
旅客,276
登山,276
性分,276
夕日,276
地下道,276
口頭,276
シアター,276
加瀬,276
髪形,276
既知,276
読み書き,276
添付,276
環,276
アーモンド,276
性器,276
悪質,276
強風,276
もめ事,276
対空,276
本業,276
逆境,276
石盤,276
一髪,276
葉問,276
電撃,276
取り入れ,276
則,276
カフェテリア,276
福山,276
家来,276
ボスニア,276
食い込,276
歳月,276
北上,276
受話,276
不过,276
売り払,276
発狂,276
実地,276
催,276
大軍,276
一節,276
開戦,276
多摩,276
無益,276
わあー,276
構内,276
フレイア,276
繁化,276
財前,276
フィギュア,276
天下,276
東ドイツ,276
飾り付け,276
ポリネシア,276
小可,276
共鳴,276
聞き取,276
後者,276
見通せ,276
悪女,276
アカ,276
寒気,276
アトランティック,276
分厚,276
作田,276
防空,276
一寸,276
気狂い,276
散布,276
気づけ,276
立ちはだか,276
下劣,276
聖歌,276
原爆,276
女子供,276
楽屋,276
加勢,276
医局,276
取引き,276
通販,276
生み,276
出社,276
解像,276
門限,276
アンネ,276
不況,276
投げ入れ,276
旧式,276
着水,276
ナウアー,276
推奨,276
広がり,276
夜食,276
関東,276
理恵,276
アデーレ,276
応戦,276
エクスペリアームス,276
同乗,276
アイデンティティ,276
声援,276
後ろめた,276
つきあい,276
窓際,272
言いな,272
現像,272
ミネアポリス,272
鈍的,272
た〜,272
霊安,272
付き物,272
北欧,272
移せ,272
中西部,272
肉親,272
分娩,272
初代,272
工科,272
代わりだ,272
大国,272
真次,272
突き進,272
異母,272
硬直,272
余興,272
衆,272
港湾,272
軍医,272
大石,272
高飛び,272
足場,272
小姐,272
朝比奈,272
付添,272
日課,272
天界,272
拍子,272
異状,272
長女,272
アフカミ,272
閉所,272
下顎,272
現に,272
全軍,272
偏向,272
数式,272
受験,272
本位,272
海中,272
編隊,272
流せ,272
銀色,272
気管,272
土台,272
ウィドゥモア,272
朝日,272
図形,272
１番,272
ろ過,272
大幅,272
非凡,272
耳元,272
気色,272
膳立て,272
言葉遣い,272
敬愛,272
着実,272
星条,272
太刀打ち,272
総力,272
係官,272
サイアク,272
海域,272
トラキア,272
ブルジェリア,272
紫色,272
領,272
美貌,272
敷設,272
切り口,272
屋言,272
母国語,272
君子,272
戦地,272
誤認,272
電極,272
付属,272
図星,272
未然,272
引っ込め,272
造り,272
観覧,272
境,272
一式,272
秋山,272
強打,272
アザラシ,272
手直し,272
詰め物,272
正装,272
常軌,272
人選,272
森本,272
押し上げ,272
国々,272
入門,272
アソーカ,272
乗り移,272
菜食,272
吸い上げ,272
本命,272
調停,272
取り除け,272
心境,272
休職,272
太田,272
転向,272
船上,272
遺,272
塩素,272
力ずく,272
眷属,272
液化,272
近況,272
歯向か,272
塩水,272
松明,272
賞品,272
朗読,272
アワー,272
和人,272
降り注,272
見受け,272
劣化,272
法王,272
大豆,272
水軍,272
老化,272
定,272
内装,272
共生,272
サルドュア,272
計器,272
鼻水,272
反感,272
アリアス,272
アシタカ,272
気付き,272
一丸,268
藤原,268
村長,268
三島,268
重んじ,268
愛称,268
鉄槌,268
淫乱,268
もみ消,268
下去,268
カンボジア,268
殺傷,268
愛犬,268
頃合い,268
債権,268
土壇場,268
天職,268
ディアズ,268
冬美,268
時ー,268
赤色,268
育児,268
小七,268
下流,268
アルカトラズ,268
歴代,268
合わん,268
国語,268
砂州,268
自答,268
学術,268
間中,268
会食,268
引き離せ,268
不具,268
エストニア,268
主権,268
解離,268
総会,268
味噌,268
粘着,268
白黒,268
目立ち,268
針金,268
開幕,268
乱射,268
伝承,268
送りこ,268
洗い物,268
発熱,268
高温,268
貫太,268
王朝,268
聖徒,268
ブロデューア,268
名手,268
アンリ,268
年収,268
肩書,268
飲食,268
無二,268
下車,268
石ころ,268
主観,268
航法,268
幸先,268
あっちこっち,268
熱源,268
用心棒,268
リトアニア,268
アウン・サン・スー・チー,268
貼り付け,268
強者,268
固有,268
長田,268
工夫,268
縛り上げ,268
回り込,268
山椒,268
閉館,268
仕上が,268
指針,268
あいまい,268
無情,268
引きこも,268
富裕,268
受理,268
焚き火,268
信管,268
言いふら,268
山頂,268
署内,268
威張,268
テリア,268
聞き飽き,268
台風,268
イシルドゥア,268
山岳,268
コメディアン,268
手がけ,268
グアンタナモ,268
やり合,268
決戦,268
アンチ,268
辞書,268
不備,268
甲状,268
代用,268
アイツラ,268
理念,268
話合,268
大雨,268
山登り,268
置場,268
朝一,268
大嘘,268
軍艦,268
母神,268
利子,268
全機,268
アット,268
移り,268
空売り,268
平安,268
湿度,268
不穏,268
猟師,268
査察,268
口ぶり,268
持ち込み,268
アンジュロ,268
现在,268
隠し持,268
紀元,268
物狂い,268
美鈴,268
知り合え,268
い物,268
宿主,268
引き締め,268
上野,268
土方,268
アブダビ,268
石灰,268
空き地,268
行く手,268
宣教,268
雑種,268
無しか,268
惨殺,268
疎通,268
一休み,268
アルベリヒ,268
学部,268
防腐,268
並び,268
人柄,264
推力,264
重複,264
ひと目,264
手当たり,264
花果,264
アミール,264
後釜,264
足りん,264
陶器,264
手腕,264
先回り,264
カーネリアン,264
口髭,264
ボロミア,264
バア,264
拙者,264
マケドニア,264
猿人,264
試食,264
踏ん張,264
アルマジロ,264
向かい合,264
サファイア,264
採点,264
遺棄,264
手引,264
務ま,264
求人,264
アルプス,264
急落,264
駐在,264
提灯,264
アリサー,264
鼻歌,264
要人,264
アトウッド,264
取り巻き,264
受けれ,264
ロシアン,264
引渡し,264
生まれ育,264
大帝,264
御前,264
慣習,264
サウジアラビア,264
真っ青,264
ユリアス,264
山々,264
風呂場,264
日時,264
小銃,264
多め,264
五十,264
サンアントニオ,264
停学,264
恩義,264
アセテート,264
小耳,264
車体,264
かわい子,264
体液,264
議,264
言い合,264
アラート,264
通り道,264
転倒,264
学歴,264
干上が,264
外来,264
急性,264
無駄話,264
取り敢えず,264
天窓,264
先見,264
名無し,264
生き甲斐,264
こりゃあ,264
円形,264
開封,264
死に際,264
軽食,264
長崎,264
車道,264
一日,264
成就,264
不祥,264
澤木,264
質疑,264
改築,264
八方,264
微量,264
示せ,264
宮,264
調,264
幹事,264
生き埋め,264
青少年,264
結びつき,264
無償,264
精算,264
風変わり,264
家屋,264
早死に,264
旅程,264
光学,264
毎分,264
アルバ,264
あぁぁ,264
加賀,264
実弾,264
急患,264
入社,264
内視,264
逆行,264
他意,264
係員,264
四十,264
緯度,264
私情,264
盟約,264
名家,264
触発,264
直径,264
ベアトリス,264
病理,264
アスタポー,264
アレクシス,264
アトリー,264
手製,264
何しろ,264
渡航,264
航海士,264
品種,264
見地,264
光三,264
皮下,264
野性,264
ラザニア,264
空挺,264
果てし,264
都心,264
吉良,264
着れ,264
政党,264
霊感,264
打ち解け,264
発端,264
買い得,264
役立て,264
辺境,264
見向き,264
アービング,264
人脈,264
小石,264
悪あがき,264
連動,264
五百,264
シニア,264
ジリアン,264
伝記,264
回帰,264
密会,264
優美,264
司書,264
比率,264
情事,264
相場,264
言いかけ,264
生い立ち,264
決死,264
鉄鋼,264
引っぱ,264
引越,264
あやし,264
工芸,264
磁場,264
横流し,264
台帳,264
確約,264
減量,264
住み,264
騎手,264
射止め,260
野次馬,260
絶品,260
キャビア,260
テイクアウト,260
騒乱,260
解約,260
アマドール,260
展覧,260
同罪,260
矢口,260
人め,260
破局,260
私書,260
強気,260
鉄線,260
一行,260
土星,260
合わ,260
発着,260
壁外,260
素朴,260
施し,260
みち子,260
悔い改め,260
不貞,260
不明生物,260
挙動,260
野戦,260
ダイアル,260
聞き分け,260
無駄足,260
警笛,260
売国,260
死滅,260
エクアドル,260
引き合わ,260
開花,260
超過,260
催涙,260
半々,260
アントワーヌ,260
ヤマアラシ,260
下落,260
委託,260
幾何,260
アスティー,260
食らえだ,260
両国,260
下向け,260
食肉,260
格別,260
斜面,260
低空,260
創立,260
怪力,260
そよ風,260
分霊,260
周到,260
ぶら下げ,260
正論,260
ジェファソニアン,260
星々,260
両替,260
武君,260
甘美,260
垣内,260
処遇,260
接合,260
吉岡,260
当行,260
終点,260
アニル,260
途上,260
手掛り,260
アクア,260
感受,260
茶化,260
結託,260
個展,260
話だ,260
小鬼,260
アイモ,260
水浸し,260
水圧,260
１人暮らし,260
講座,260
半球,260
腕立て,260
日頃,260
突破口,260
全霊,260
生々し,260
白痴,260
特急,260
融通,260
南方,260
アラソルン,260
持ち株,260
小村,260
部類,260
木製,260
道義,260
走査,260
取り柄,260
南ア,260
色気,260
重体,260
南京,260
魔王,260
計量,260
手放せ,260
一石,260
制約,260
下町,260
水没,260
アバター,260
不確か,260
後世,260
日よ,260
勝機,260
伝票,260
岩本,260
眼中,260
耐久,260
助成,260
バラ色,260
シェイクスピア,260
多勢,260
アラーナ,260
渋谷,260
アーロ,260
売り出,260
尋常,260
針路,260
シーモア,260
合言葉,260
社用,260
腕力,260
教職,260
園芸,260
死霊,260
求愛,260
イェンア,260
女好き,260
置物,260
袋小路,260
遊び場,260
占い師,260
家臣,260
変われ,260
手形,260
独学,260
女め,260
呼び覚ま,260
残存,260
打ち付け,260
軽々し,260
売り込み,260
風速,260
造れ,260
里山,260
即位,260
カジュアル,260
無駄骨,260
朝メシ,260
床下,260
選抜,260
盲点,260
目論,260
州境,260
名目,260
清水,260
文通,260
想起,260
諸々,260
生後,260
鹿間,260
交え,260
溶解,260
指さ,260
機敏,260
総額,260
生きもの,260
大方,260
原動,260
極上,260
同定,260
頭金,260
奪取,260
冥福,260
王宮,260
もぎ取,260
全権,260
広島,260
ざまあみ,260
引き鉄,255
銀貨,255
ヶ国,255
焼き付け,255
マドモアゼル,255
孩子,255
鉱石,255
陸地,255
降り立,255
命綱,255
売店,255
破水,255
関数,255
容量,255
思い上が,255
営,255
起床,255
環状,255
因,255
来襲,255
総帥,255
取り去,255
取り出し,255
起き上がれ,255
貞子,255
強ま,255
日和,255
因为,255
不時,255
三昧,255
立案,255
直結,255
主公,255
菅野,255
子作り,255
斉天,255
転勤,255
まあまあだ,255
当店,255
回診,255
切り分け,255
要約,255
素顔,255
売り場,255
何もの,255
夜警,255
殺め,255
在这,255
作り変え,255
養護,255
感性,255
飲み会,255
不老,255
張本人,255
討議,255
死去,255
塩化,255
和室,255
球場,255
至福,255
て～,255
ブライアー,255
張り込,255
兄者,255
玉皇,255
達之,255
農地,255
湿地,255
肥大,255
元締め,255
正々,255
幾分,255
天賦,255
乗っか,255
物証,255
二鳥,255
今夜中,255
格言,255
四肢,255
金持,255
内障,255
ミレニアム,255
派兵,255
校内,255
さあて,255
因縁,255
植木,255
投棄,255
二三,255
あごひげ,255
楽天,255
分から,255
公民,255
全貌,255
前立,255
出品,255
式場,255
瀬戸,255
基板,255
フェアー,255
南軍,255
専属,255
吉報,255
的外れ,255
虽然,255
アーヴ,255
エステファニア,255
垂直,255
乙事,255
味わい,255
同房,255
光り輝,255
著し,255
帝国軍,255
スケアラー,255
メリーアン,255
重た,255
理沙,255
庶民,255
アスター,255
有り金,255
質素,255
躍起,255
先方,255
経度,255
引っか,255
定理,255
立腹,255
分署,255
作文,255
三振,255
卓球,255
中和,255
一つ,255
集金,255
元彼,255
打算,255
取り入,255
頑張り,255
両名,255
不服,255
支柱,255
休業,255
裏手,255
アーソ,255
望月,255
内藤,255
追っ手,255
入部,255
野田,255
決議,255
三脚,255
降格,255
千里,255
頭領,255
今時,255
乱闘,255
使い物,255
保養,255
消極,255
回し,255
引き剥が,255
アサシン,255
籠城,255
不慣れ,255
手詰まり,255
行き詰まり,255
弱々し,255
押し入り,255
必殺,255
立方,255
臣下,255
重病,255
柏田,255
公安,255
青白,255
安寧,255
所以,255
解き明か,255
撃ち殺せ,255
近接,255
撲殺,255
入り込め,255
中部,255
期日,255
奥田,255
惨劇,255
凡人,255
終戦,255
女史,255
ファラミア,255
クローディア,255
可燃,255
書き込み,255
支出,255
編み物,255
前夫,255
思い付き,255
苦戦,255
２人組,255
周瑜,255
査問,255
胞子,255
八重子,255
時機,255
種子,255
勘当,255
有色,251
受け持,251
献金,251
転々,251
比類,251
ありつけ,251
ティア,251
改修,251
取り締まり,251
足労,251
書記,251
張り裂け,251
全盛,251
絵の具,251
売りつけ,251
竹内,251
乱交,251
下がり,251
月光,251
屈強,251
迫力,251
エリアス,251
堅実,251
補聴,251
神田,251
目星,251
都督,251
醸造,251
不浄,251
同点,251
入団,251
津々,251
本院,251
等分,251
決済,251
名門,251
青酸,251
実刑,251
対称,251
辞令,251
体裁,251
空洞,251
送迎,251
返金,251
信久,251
予行,251
飲み屋,251
老後,251
法師,251
水兵,251
水たまり,251
特売,251
あぅ,251
アレンジ,251
補修,251
夜行,251
代案,251
下敷き,251
官能,251
行き違い,251
幕開け,251
校舎,251
他方,251
地所,251
ナイトメア,251
特化,251
波長,251
船外,251
孫権,251
案の定,251
一新,251
生検,251
製氷,251
表せ,251
立ち上がり,251
クロアチア,251
シャンデリア,251
地道,251
優良,251
線引き,251
居酒屋,251
刃向か,251
シンティア,251
見せ場,251
曲芸,251
対照,251
誤算,251
仰向け,251
道楽,251
ミディアム,251
発泡,251
あたしら,251
図々し,251
公約,251
運び出せ,251
同化,251
源泉,251
不治,251
アンプ,251
公選,251
下級,251
アレッサ,251
あなたしか,251
企む,251
空域,251
因子,251
エドミュア,251
実務,251
惨状,251
下位,251
勝ち取れ,251
大根,251
奇人,251
気まま,251
ダンピア,251
小吉,251
流体,251
電動,251
里子,251
民事,251
応変,251
誤魔化せ,251
臨機,251
掛け金,251
養成,251
富小路,251
小池,251
熱気,251
先延ば,251
規格,251
同室,251
度々,251
技量,251
呼び鈴,251
引継ぎ,251
持ち主だ,251
際立,251
下部,251
殺虫,251
防ぎ,251
常時,251
気掛かり,251
インソムニア,251
京橋,251
インテリア,251
騎乗,251
有人,251
新星,251
島田,251
法学,251
果敢,251
アラナ,251
解凍,251
安堵,251
西欧,251
木陰,251
旅費,251
小善,251
石器,251
悪評,251
三浦,251
強行,251
音速,251
外生命,251
四国,251
え〜,251
物知り,251
激戦,251
正念,251
ギルモア,251
愛で,251
ソニアン,251
あしら,251
施行,251
往来,251
家電,251
他人事,251
単,251
人ごみ,251
園内,251
アイヴァン,251
搾り取,251
錠前,251
人探し,251
レイアウト,251
水深,251
カルフォルニア,251
未定,251
這い上が,251
踏ん張れ,251
アラモ,251
近寄れ,251
味付け,251
占有,251
統べ,251
団員,251
談話,251
言い回し,251
定か,251
ヴィクトリア,251
現せ,251
先駆,251
引換,251
一挙,251
半人,251
卍谷,246
壮観,246
合わさ,246
水滴,246
博愛,246
病弱,246
素行,246
虚無,246
鹿児島,246
失策,246
職権,246
アリッサ,246
品位,246
立ち向かえ,246
イタリアン,246
モリア,246
別室,246
専制,246
ピュア,246
既存,246
校庭,246
裁定,246
通夜,246
秀子,246
あそ,246
存じ上げ,246
殺菌,246
リアリティ,246
狂言,246
無難,246
振り向け,246
青ざめ,246
沖合,246
物々,246
着任,246
駆け付け,246
強襲,246
ティアラ,246
引っこ抜,246
電解,246
体系,246
楽団,246
座り込,246
呼び込,246
アンジェリーナ,246
前者,246
積み,246
実況,246
消し,246
多発,246
商会,246
値引き,246
国道,246
奮い立,246
張り合,246
カロアー,246
発送,246
事覚え,246
威光,246
体質,246
選定,246
戸締り,246
シュア,246
小指,246
引き払,246
アクシーニヤ,246
観戦,246
白熱,246
受領,246
先立,246
アーサ,246
協同,246
小野寺,246
暫定,246
手はず,246
降霊,246
取り扱い,246
白水,246
諮問,246
アーヴィング,246
安田,246
ミアーズ,246
義,246
条例,246
上れ,246
後れ,246
ドアベル,246
グアテマラ,246
パラノイア,246
全艦,246
適度,246
金切り,246
正せ,246
独り身,246
浮かび上が,246
発煙,246
小節,246
一揆,246
交響,246
ブライアント,246
女中,246
と殺,246
創始,246
仔馬,246
無神,246
突き当たり,246
開演,246
高ぶ,246
教え込,246
向こうが,246
あらかじめ,246
移入,246
丼,246
荒々し,246
奉行,246
錬金,246
開口,246
アデレード,246
芸名,246
助産,246
ディアン,246
否決,246
人妻,246
認否,246
起こし,246
アンドレフ,246
報知,246
美学,246
アイダ,246
完売,246
アイシャ,246
向き合え,246
経典,246
享受,246
大まか,246
神霊,246
交易,246
松本,246
アレハンドロ,246
刈り取,246
延命,246
フェアモント,246
前触れ,246
入試,246
のけ者,246
先行き,246
定年,246
投げかけ,246
無様,246
秋葉,246
戦傷,246
流れ込,246
競い合,246
溶岩,246
突き放,246
示談,246
取り舵,246
臨界,246
医院,246
あう,246
不振,246
続報,246
放蕩,246
手玉,246
風習,246
粘り強,246
履行,246
手こず,246
着ろ,246
昭和,246
あたりまえ,246
植えつけ,246
水漏れ,246
あーん,246
欲張り,246
東欧,246
我在,246
思念,246
アドリブ,246
信任,246
路肩,246
偶発,246
債務,246
野良犬,246
で～,246
付随,246
松吉,246
アドリアナ,246
年寄,246
護れ,246
増員,246
購読,246
野朗め,246
勅使,246
垣間見,246
度重な,246
高名,246
体面,246
アイゼンガルド,246
何れ,246
化膿,246
平林,246
三恵,246
届け物,246
悩み事,246
成り下が,246
強食,246
休ま,246
毎秒,246
防水,246
凝視,246
堪能,246
突き付け,246
日経,246
贋作,246
砂利,246
引っかき傷,246
貴子,246
近づき,246
現存,246
都護,246
ああああ,246
暴風雨,246
年中,246
張れ,246
的中,246
農薬,246
性急,246
立法,246
工程,246
内向,246
ガイア,246
栄子,246
あからさま,246
成熟,246
金利,246
聴力,246
高橋,246
当該,246
踊り子,246
わが家,246
改変,246
何語,246
所見,246
使徒,246
言論,241
社名,241
アイヴァー,241
振り子,241
矢野,241
蓮美,241
大食い,241
ティアー,241
導け,241
読み物,241
アスファルト,241
軍部,241
近年,241
提言,241
動議,241
重宝,241
喜劇,241
二の舞,241
先々,241
提起,241
直観,241
自給,241
縁石,241
有料,241
成りすま,241
主犯,241
分け与え,241
和ら,241
引き立て,241
あがめ,241
締結,241
供与,241
居続け,241
無音,241
大罪,241
書籍,241
声かけ,241
大英,241
ああ〜,241
山賊,241
市外,241
小売,241
上限,241
非行,241
廃品,241
ソリア,241
取ら,241
原油,241
決別,241
散乱,241
身ごも,241
本道,241
ヶ月経,241
上乗せ,241
尊大,241
前戯,241
慈愛,241
見せ付け,241
特質,241
入所,241
部分か,241
小枝,241
搬入,241
波紋,241
不純,241
母星,241
各位,241
日用,241
葉書,241
地主,241
幅広,241
６千,241
安住,241
肌馬,241
媒体,241
送りだ,241
マラリア,241
グリアー,241
小道,241
手応え,241
コンティニュア,241
売渡,241
手抜き,241
海面,241
神社,241
平衡,241
鉄板,241
加圧,241
目分,241
内陸,241
車中,241
掛け合,241
夜分,241
文法,241
音符,241
アリウス,241
特命,241
口数,241
都能,241
立件,241
リアクション,241
奇術,241
両端,241
密着,241
旗本,241
角田,241
絶命,241
並行,241
変数,241
知子,241
内地,241
霊界,241
フォアマン,241
負い目,241
反旗,241
触手,241
早口,241
当方,241
褐色,241
わ～,241
勃発,241
相関,241
ボルティモア,241
米兵,241
ちゃ～ん,241
賛美,241
二股,241
インドネシア,241
月日,241
学士,241
送り迎え,241
補正,241
物好き,241
転がり込,241
学業,241
治世,241
紀,241
やりあ,241
移れ,241
実権,241
谷子,241
前言,241
アウグスト,241
退位,241
外套,241
材木,241
律,241
大っ嫌い,241
ズアー,241
差し引,241
あさり,241
ありす,241
７千,241
自社,241
心地よ,241
鍋島,241
共め,241
院内,241
遺志,241
告解,241
還元,241
裁縫,241
暴言,241
農作,241
打合せ,241
文無し,241
手付,241
不可思議,241
主流,241
摘発,241
名士,241
あープ,241
小額,241
町外れ,241
前途,241
アニャ,241
刺客,241
アルティ,241
金太郎,241
終着,241
メイア,241
発酵,241
申し入れ,241
半券,241
顕著,241
置換,241
ジャイアンツ,241
くそ野朗,241
下垂,241
江南,241
むしり取,241
稼業,241
アズラ,241
釣り合い,241
刻々,241
改竄,241
逆上,241
人类,241
開園,241
敵地,241
乗り込め,241
鳥類,241
ヵ所,241
蝶々,241
令嬢,241
方形,241
高瀬,241
流用,241
日差し,241
ざまあ,241
言っ,241
内原,241
旅だ,241
震え上が,241
徳子,241
母方,241
八戒,241
野口,241
建国,241
編み,241
合戦,241
改宗,241
圏内,241
牧野,241
昔話,241
過信,241
勝元,241
支払え,241
試行,241
乗り上げ,241
喚問,241
アロ,241
あぁー,241
天上,241
建前,241
北星,241
圭三,241
京都,241
浪人,241
かき乱,241
アルキデス,241
真昼間,241
ディアボーン,241
直帰,241
マンティコア,241
小男,241
検疫,241
挙式,241
積め,241
激化,241
アーカンソー,241
ぶっ放,241
オアシス,241
アイダホ,241
転売,241
かがり火,241
上質,241
死期,241
聖典,241
高潮,241
末路,241
ボア,241
報せ,241
初頭,235
丿ヾ力,235
強豪,235
創り,235
制覇,235
弁論,235
典子,235
天性,235
送り込め,235
食らわ,235
全室,235
縫い合わせ,235
義手,235
ヤア,235
できあが,235
母乳,235
作り手,235
中性,235
神戸,235
アントニー,235
張り切,235
大柄,235
水夫,235
博美,235
心情,235
生まれ変わり,235
会得,235
アーチスト,235
良江,235
シーア,235
大盛り,235
基幹,235
主席,235
所業,235
プレミア,235
持ち逃げ,235
親方,235
半殺し,235
稟議,235
唱歌,235
エンジニアリング,235
火遊び,235
台北,235
相乗り,235
オーレーリア,235
調印,235
大公,235
只要,235
常套,235
於け,235
バイアグラ,235
号外,235
堀田,235
催促,235
消え失せ,235
ルシア,235
呼び止め,235
筋金,235
上階,235
本職,235
前置き,235
真後ろ,235
根回し,235
先例,235
敵視,235
脇線,235
五千,235
小心,235
石板,235
あたい,235
再編成,235
不敵,235
風向き,235
人出,235
後ろ盾,235
皆殺,235
戸締まり,235
寝取,235
出鱈目,235
モリアーティー,235
スピアーズ,235
新手,235
ギリアム,235
大鹿,235
奮起,235
繰り広げ,235
性悪女,235
アイゼンハワー,235
検体,235
気球,235
物忘れ,235
ハワイアン,235
工面,235
断然,235
結界,235
二百,235
各種,235
達し,235
取り立て,235
アルカリ,235
シンクレア,235
急変,235
塚本,235
宛先,235
りゃあ,235
ヒアリング,235
新設,235
術師,235
オリアンダー,235
しあわせ,235
戦火,235
見開,235
風貌,235
あたえ,235
金物,235
合点,235
見付かっ,235
吹き消,235
抑止,235
館長,235
特攻,235
注視,235
矢代,235
衣料,235
草地,235
不可避,235
会費,235
際限,235
構う,235
指し,235
剣術,235
焼け死,235
生気,235
たあ,235
発祥,235
言い当て,235
荷車,235
背面,235
チェア,235
え～,235
可視,235
食後,235
一人ひとり,235
敬語,235
名高,235
接地,235
聞き逃,235
アプリケーション,235
運勢,235
手懐け,235
一役,235
芸者,235
言い草,235
ワイア,235
口添え,235
年鑑,235
二の次,235
空砲,235
根元,235
マルコア,235
決算,235
西経,235
便座,235
乗艦,235
黙認,235
定着,235
暗視,235
感じ取れ,235
異種,235
解せ,235
小汚,235
金沢,235
言い直,235
糞女,235
死守,235
達二人,235
触れ合,235
幸せ者,235
来週末,235
野暮,235
愚者,235
子持ち,235
軽量,235
積み込め,235
平日,235
戒律,235
手綱,235
有り難,235
先陣,235
比例,235
不向き,235
アッティラ,235
防音,235
アビィ,235
適所,235
名作,235
物静か,235
改名,235
マーゴットアル,235
能否,235
俗物,235
話かけ,235
小沼,235
家宝,235
数珠,235
水筒,235
アダル,235
金槌,235
行く末,235
木こり,235
故人,235
気密,235
自責,235
通帳,235
決裂,235
信義,235
油井,235
アイバン,235
最古,235
焼死,235
アトラクション,235
後期,235
痛々し,235
戸口,235
単身,235
アブラハム,235
自叙,235
クリアランス,235
通風,235
入港,235
ヤル気,235
大暴れ,235
入植,235
離せよ,235
吟味,235
老女,235
あたかも,235
殴り合,235
敵艦,235
欠場,235
行き来,235
将官,235
受容,235
有給,235
定数,229
独善,229
婚前,229
京子,229
湘南,229
語れ,229
症例,229
投げ飛ば,229
存命,229
問いただ,229
変電,229
あえぎ声,229
極楽,229
血族,229
アンコール,229
心身,229
結び目,229
考え事,229
同時刻,229
卒論,229
検閲,229
決壊,229
ただ中,229
右目,229
向こう岸,229
主砲,229
フォアグラ,229
完結,229
リヴァイアサン,229
買物,229
大司教,229
由紀子,229
寛解,229
書置き,229
同社,229
アタ,229
州法,229
聞き取り,229
忍野,229
模造,229
杉原,229
持論,229
特効,229
他殺,229
働き者,229
士事,229
全校,229
白鯨,229
失速,229
鍛治,229
開設,229
年数,229
前座,229
果樹,229
一人娘,229
引っ越せ,229
登記,229
内耳,229
レアック,229
投函,229
実例,229
義眼,229
古来,229
アティカス,229
アクシデント,229
条理,229
アーニャ,229
受けと,229
積み荷,229
文河,229
有刺,229
行き場,229
方止め,229
多重,229
対向,229
臣民,229
アンクル,229
要说,229
進撃,229
裏表,229
海馬,229
静観,229
東方,229
進み出,229
件数,229
棄権,229
心電,229
黒曜,229
不作法,229
詐称,229
海運,229
補欠,229
伝送,229
熟女,229
前歯,229
号泣,229
チェコスロバキア,229
落とし前,229
解錠,229
内情,229
一人息子,229
逐一,229
金輪際,229
牧子,229
あば,229
福,229
アバロン,229
拾い上げ,229
アディレス,229
配れ,229
法外,229
外泊,229
流れ着,229
作ら,229
廃人,229
平らげ,229
無心,229
先走,229
アムール,229
新間,229
ニュニアス,229
名答,229
立ち退,229
鉄筋,229
定規,229
前部,229
整頓,229
塩分,229
最長,229
廃業,229
アリオ,229
親睦,229
近し,229
食人,229
満場,229
母体,229
先物,229
ヒ素,229
予め,229
論外,229
アレクサンドル,229
王手,229
良質,229
あっけな,229
取り外せ,229
野蛮人,229
余程,229
疎外,229
戦前,229
清らか,229
探究,229
縄張りだ,229
日月,229
線香,229
ルアー,229
戦況,229
二一,229
撃ち合,229
口臭,229
代数,229
アパレル,229
突き動か,229
逃げ足,229
円周,229
親しみ,229
織物,229
目新し,229
敬具,229
隣り合わせ,229
知力,229
金鉱,229
投合,229
獄中,229
蛇口,229
防壁,229
常々,229
アナログ,229
尺度,229
アーケード,229
大田,229
名残,229
言い合い,229
酷評,229
裏通り,229
悪運,229
アプトン,229
曲名,229
共学,229
大洋,229
不用,229
自習,229
毎週末,229
無援,229
声帯,229
冥王,229
念動,229
連打,229
身軽,229
宮入り,229
自負,229
本望,229
組成,229
中指,229
戦績,229
アルミニウム,229
壊死,229
菌類,229
餃子,229
アス,229
殺しあ,229
機影,229
貴公,229
金欠,229
帰路,229
長々,229
一大,229
実演,229
浸食,229
敗戦,229
近郊,229
若気,229
工房,229
ウジョア,229
編入,229
朝刊,229
いたる所,229
西岸,229
デラウアー,229
音色,229
真っ向,229
一々,229
榎木,229
テルアビブ,229
策謀,229
猿王,229
地底,229
取り消せ,229
釣り上げ,229
流れ星,229
乗り回,229
持て余,229
市議会,229
演唱,229
園子,229
蛋白,229
沢田,229
中核,229
樹立,229
変えれ,229
腹立,229
生来,229
じゃあ―,229
爪先,229
能無し,229
他社,229
安達,229
アダルト,229
観れ,229
かき消,229
モアブ,229
第一,229
加重,229
真似事,229
力づく,229
対人,229
譜面,229
都内,229
物色,229
恒久,229
忽然,229
アトロピン,229
舞い降り,229
アディオス,229
空席,229
残党,229
アルウェン,229
石頭,229
品行,229
血小,229
級友,229
追手,229
仕分け,229
ん〜,229
営倉,229
原本,229
領空,229
成せ,229
白川,229
立会,229
区分,229
さしあたり,229
ファイアント,229
一起,229
義輝,229
星章,229
水位,229
引受け,229
一端,229
両面,229
行き当たり,229
あくび,229
演繹,229
製材,223
論説,223
新月,223
創り上げ,223
エアロ,223
分かっ,223
微小,223
眉間,223
きゃあ,223
残り物,223
何せ,223
大海,223
転げ落ち,223
換金,223
飛来,223
化物,223
帰投,223
バリアー,223
調味,223
疾風,223
部活,223
対談,223
湿地帯,223
小動,223
还能,223
年々,223
大空,223
蜂起,223
霊的,223
愛用,223
風車,223
江戸,223
酌量,223
見聞き,223
中手,223
細身,223
アスパラガス,223
即応,223
無欠,223
大藪,223
休眠,223
書き上げ,223
子ブタ,223
機転,223
アマリヤ,223
大きめ,223
内線,223
至上,223
食塩,223
奈美,223
思い入れ,223
両太,223
暴挙,223
引火,223
肌身,223
原田,223
アンペア,223
アフザル,223
慰安,223
アバナシー,223
高給,223
旅立ち,223
表皮,223
一座,223
課外,223
創出,223
あわ,223
上方,223
突っ立て,223
引き合い,223
消えかけ,223
色素,223
あし,223
配合,223
持病,223
アキノ,223
岩盤,223
陣取,223
スカンジナビア,223
死せ,223
一段,223
難航,223
高望み,223
根気,223
戸越,223
寝言,223
大理,223
廃屋,223
筆記,223
ウィドモア,223
不実,223
初恋,223
局所,223
アナトリー,223
帝光,223
早送り,223
定ま,223
ボリビア,223
博覧,223
店内,223
防具,223
ホイアン,223
旧約,223
エアフォース,223
時分,223
活,223
ラクビアン,223
光り,223
アカトラ,223
無性,223
夜会,223
短波,223
取り計ら,223
日食,223
意表,223
好戦,223
足かせ,223
アイク,223
念願,223
仕事柄,223
愚行,223
手話,223
面積,223
引当,223
尊師,223
各所,223
起点,223
カシアン,223
只中,223
騒ぎ立て,223
護民官,223
数多く,223
習性,223
あれっ,223
一網,223
捜し物,223
不幸せ,223
直属,223
肝門部,223
消臭,223
参政,223
乱入,223
右上,223
語彙,223
後手,223
今期,223
レスビアン,223
母音,223
帯域,223
取り組み,223
激情,223
ブエノスアイレス,223
突発,223
頑張れ,223
戦犯,223
大名,223
威信,223
旧知,223
普及,223
大それた,223
予兆,223
あーら,223
下等,223
競り合い,223
転嫁,223
仰天,223
は～い,223
送り込み,223
親善,223
扇風,223
茶屋,223
共々,223
星之,223
分かち合え,223
レノア,223
炭水,223
願書,223
最早,223
横暴,223
羽田,223
取り持,223
門番,223
ありゃあ,223
期末,223
アリガトウ,223
アンモニウム,223
野宿,223
光明,223
南下,223
馬場園,223
嗅ぎ付け,223
信徒,223
ゴア,223
フィルモア,223
乳児,223
呼びつけ,223
蛍火,223
凍り付,223
寝入,223
陽光,223
グアム,223
アンモニア,223
通電,223
難局,223
感嘆,223
土手,223
アストリア,223
磁力,223
アカプルコ,223
作り物,223
着心地,223
倹約,223
味気,223
書店,223
行き届,223
極小,223
足掻,223
伊達,223
草食,223
武勇,223
外気,223
あほ,223
弱音,223
気体,223
人差し,223
空か,223
立ち回,223
均等,223
仕送り,223
手羽,223
来店,223
転身,223
借り物,223
器材,223
両腕,223
爆死,223
含有,223
気安,223
理花,223
故殺,223
靴屋,223
三流,223
抽選,223
石棺,223
他愛,223
賞味,223
雇い主に,223
白目,223
家路,223
本田,223
由香,223
否応,223
国有,223
勅命,223
加盟,223
ファイアーウォール,223
東陽,223
種目,223
接見,223
親近,223
巣立,223
応対,223
物品,223
ドアー,223
置換え,223
築地,223
讃美,223
劇団,223
打ち消,223
あっと,223
曲がりくね,223
手渡し,223
出来ん,223
導き出,223
役得,223
過労,223
与,223
根付,223
南口,223
実名,223
若々し,223
アルバイノ,223
共食い,223
アライ,223
定番,223
必用,223
種馬,223
明記,223
総司祭,223
法定,223
あげれ,223
映せ,223
離反,223
制止,223
シディアス,223
助太刀,223
東経,223
ディアベル,223
目論見,223
入局,223
賛美歌,223
木っ端,223
御所,223
平地,223
あす,223
直系,223
双生,223
立ち話,216
発情,216
人嫌い,216
キリアン,216
逆流,216
死産,216
あやふや,216
構図,216
あらま,216
転機,216
生首,216
灰田,216
アーカム,216
豊作,216
純然,216
引き替え,216
失言,216
在り,216
指標,216
遺留,216
軽度,216
同郷,216
連,216
石打ち,216
給付,216
荷馬車,216
器量,216
導火,216
広げろ,216
物価,216
予習,216
内政,216
携行,216
アントニナ,216
親身,216
あらっ,216
首位,216
蓄音,216
音痴,216
火種,216
アレキサンドリア,216
馬鹿野朗,216
客席,216
金貸,216
謀略,216
追い上,216
加奈,216
興,216
分かれ道,216
ドアマン,216
水力,216
客間,216
心外,216
同日,216
引きこもり,216
演算,216
メアリ,216
月給,216
バリアン,216
聞こえん,216
末っ子,216
謀反,216
葛原,216
ま～,216
内外,216
無惨,216
土屋,216
アンドラーシュ,216
聞きな,216
集約,216
話話,216
数列,216
大佐殿,216
当家,216
車掌,216
取り繕,216
壇上,216
飽和,216
所帯,216
解禁,216
番手,216
河川,216
念頭,216
値上げ,216
食い違い,216
投手,216
馬乗り,216
手筈,216
フィアー,216
体現,216
あがり,216
止まれ,216
大正解,216
気紛れ,216
山奥,216
安売り,216
アナウンサー,216
ペトロシアン,216
当り前,216
反証,216
逆立ち,216
胸当て,216
横行,216
福岡,216
ゃあ,216
術後,216
仮病,216
体外,216
念力,216
救い主,216
出合,216
盗用,216
人骨,216
水域,216
不正解,216
アクロン,216
ナイアス,216
受動,216
アアーッ,216
利権,216
鎮火,216
就算,216
演目,216
宗臣,216
自傷,216
アーティー,216
補習,216
安野,216
支離,216
気道,216
天敵,216
用務,216
メモリアル,216
白日,216
安上がり,216
先発,216
取り払,216
文献,216
アバダ,216
算出,216
恩師,216
力持ち,216
起因,216
通り魔,216
広域,216
アハッ,216
現世,216
融解,216
終日,216
頓着,216
立てこも,216
波形,216
重点,216
ピラニア,216
アボカド,216
最后,216
お～い,216
大野,216
更加脆弱,216
志向,216
応報,216
受胎,216
発給,216
激変,216
頃合,216
本編,216
疑り深,216
色白,216
回りくど,216
無気力,216
財源,216
持ち上が,216
形勢,216
効き目,216
大賞,216
純平,216
理科,216
だまし取,216
全隊,216
サビアーノ,216
燻製,216
久,216
縫製,216
着物,216
学力,216
発育,216
アテルナ,216
年季,216
発病,216
あの〜,216
読み返,216
歯止め,216
手頃,216
心音,216
地階,216
取り止め,216
アウグストス,216
量産,216
界隈,216
野伏,216
深層,216
高地,216
内定,216
新発田,216
岩石,216
旋風,216
富言,216
メ～,216
アブルーチ,216
風切り,216
小瓶,216
アーマネット,216
象牙,216
居言,216
高騰,216
体臭,216
分院,216
時中,216
博簡,216
割れ目,216
深部,216
アイスリング,216
言い表せ,216
高鳴,216
半月,216
親交,216
フアレス,216
アーント,216
説き伏せ,216
武運,216
如来,216
泣き止,216
引取り,216
一代,216
記章,216
ふ～ん,216
時─,216
日の,216
施術,216
手探り,216
ミスランディア,216
馬主,216
下調べ,216
歌い,216
着想,216
張峰,216
盲人,216
給食,216
気乗り,216
二流,216
狭間,216
絶大,216
本分,216
内科,216
八九,216
ライジェリア,216
小島,216
脳死,216
ソコヴィア,216
罰則,216
奔放,216
アルゴス,216
鋭利,216
炭化,216
痴話,216
病者,216
壺言,216
当座,216
一派,216
戦勝,216
高らか,216
戦法,216
便乗,216
テディベア,216
殺ろ,216
変り,216
盲目的,216
禁制,216
無我,216
入館,216
９千,216
五感,216
死に様,216
後進,216
馬泥棒,216
元帳,216
国選,216
大業,216
あっち側,216
アーミー,216
現物,216
配り,216
突き合わ,216
さあー,216
回想,216
小賢し,216
長野,216
安岡,216
淋病,216
復学,216
瑠里子,216
飛び上が,216
天文学,216
貢ぎ物,216
助けあ,216
生き様,216
連発,216
寝過ご,216
しかめっ面,216
玉子,216
高架,216
食いちぎ,216
器物,216
人型,216
取りやめ,216
アウ,216
謀殺,216
象限,216
地殻,216
アム,216
短所,216
手厚,216
アラル,216
接戦,216
短編,216
家柄,216
連勝,216
少なめ,216
あらわれ,216
本丸,216
製油,216
向かい側,216
一転,216
回廊,216
オセアニア,216
たき火,216
空輸,216
修業,216
アシュレイ,216
嶋田,216
上訴,216
前世,216
か国,216
公道,216
言い値,216
熱病,216
柏木,216
公害,216
機知,216
鉗子,216
華々し,216
仕上がり,216
前祝い,216
定食,216
手車,216
論議,216
ジュリアス,216
愛撫,216
常勤,216
回教,216
さしあげ,216
完成体,216
アジ,216
時世,216
転回,216
祭司,216
大小,216
以瀬,216
値上がり,216
照らし合わせ,216
ウェアウルフ,216
五島,216
率先,216
あっつ,216
問い詰め,216
分かり合,216
無残,216
耕治,216
雌馬,208
大層,208
博識,208
鉱業,208
両人,208
掻き回,208
物心,208
片親,208
外洋,208
領分,208
後―,208
アギ,208
乗り心地,208
弾着,208
アレンデ,208
部数,208
泰葉,208
併合,208
手管,208
オセチア,208
巡り合,208
間者,208
先送り,208
道程,208
持ち帰れ,208
気合い,208
古株,208
目眩,208
復者,208
小松原,208
簿記,208
牝馬,208
選曲,208
パイオニア,208
造花,208
矛先,208
白浜,208
アグ,208
あてはま,208
主教,208
長持ち,208
既成,208
振り付け,208
アドベンチャー,208
王言,208
石垣,208
世捨て,208
半速,208
アリング,208
取りあえず,208
行員,208
近場,208
妖術,208
インデアン,208
かく乱,208
ロア,208
博打,208
シャイアン,208
順風,208
後輩,208
呼気,208
母性,208
苛立たし,208
機銃,208
平手打ち,208
下界,208
脳天,208
男手,208
し直,208
州内,208
礼状,208
金具,208
歩き回れ,208
投げ返,208
生きれ,208
バシアン,208
回り込め,208
平た,208
水牛,208
南天,208
小包み,208
アダムズ,208
石像,208
開腹,208
感化,208
謎解き,208
持ち出せ,208
満州,208
熟成,208
アロンソ,208
使い古し,208
異物,208
騒然,208
教頭,208
芸当,208
ヾ力,208
あずか,208
つかの間,208
渦中,208
洋美,208
城塞,208
保ち,208
未決,208
王政,208
棄教,208
平坦,208
公益,208
欲情,208
関税,208
来了,208
公示,208
公社,208
撹乱,208
立入り,208
面影,208
あか,208
全知,208
引き伸ば,208
音源,208
各人,208
フオアン,208
消しゴム,208
吹き回し,208
全人生,208
取扱い,208
下向き,208
死な,208
入賞,208
あやう,208
一途,208
当てつけ,208
回頭,208
平野,208
成田,208
駆け足,208
アテナ,208
一下,208
アチャム,208
不同,208
色合い,208
あべこべ,208
石けん,208
隷属,208
申し付け,208
流浪,208
図体,208
外道,208
島々,208
街路,208
真直ぐ,208
身振り,208
仕事先,208
卑下,208
終始,208
添加,208
取り締ま,208
王見,208
波動,208
内乱,208
誘因,208
披露目,208
訃報,208
一足,208
選び出,208
ミュージアム,208
激流,208
わ〜,208
アナフィラキシー,208
後続,208
し屋,208
アシスト,208
ロードアイランド,208
有史,208
在地,208
墙之外,208
アラット,208
到城,208
飼料,208
品切れ,208
幻化,208
呼唤,208
主力,208
拾起,208
月刊,208
散落一,208
宗派,208
砂器,208
立て込,208
死臭,208
久富,208
医科,208
眠気,208
策士,208
行程,208
月並み,208
生まれも,208
支,208
アスコット,208
左目,208
優遇,208
アルト,208
安値,208
生憎,208
手離,208
イラリア,208
あずけ,208
聖子,208
安眠,208
華氏,208
大作,208
ブリアンナ,208
り合,208
ま〜,208
左門,208
秒速,208
命日,208
参入,208
小澤,208
特筆,208
映し出,208
立役者,208
素っ裸,208
アゥ,208
損得,208
ウィリアムソン,208
先天,208
ジョサイア,208
十二指腸,208
初戦,208
天志,208
温水,208
横転,208
非難し,208
僻地,208
散策,208
映り,208
張本,208
横峯,208
オフショア,208
初演,208
景品,208
金目,208
小林,208
前倒し,208
あはは,208
素振り,208
歯並び,208
共演,208
安详,208
事話,208
手厳し,208
雨水,208
アフター,208
遅番,208
親玉,208
出来る,208
商標,208
アドニス,208
差し当たり,208
一括,208
所用,208
対外,208
燿子,208
起きれ,208
収録,208
ソニア,208
節度,208
線維,208
気使,208
主賓,208
土木,208
ェ～,208
一騎,208
ずい分,208
嗅ぎ分け,208
アナザ,208
即将,208
符合,208
育て上げ,208
手柔らか,208
平常,208
自足,208
秘伝,208
素通り,208
後頭部,208
順子,208
固体,208
利恵,208
古着,208
下女,208
発声,208
アボ,208
名曲,208
しかめ面,208
旅路,208
無給,208
欲深,208
大儀,208
清純,208
多種,208
アンジェラス,208
好感,208
裏地,208
日取り,208
虚構,208
検分,208
復号,208
発汗,208
心因,208
うわ〜,208
試算,208
通い,208
訴状,208
アロハ,208
由美,208
氏家,208
大違,208
総裁,208
いや～,208
多々,208
照,208
レアリティ,208
顔向け,208
アンフェタミン,208
山中,208
戯れ言,208
巡業,208
薄情,208
退社,208
消印,208
葉先生,208
乗り場,208
オアフ,208
委,208
鉄人,208
活かせ,208
気丈,208
庁舎,208
共だ,208
通り越,208
タティア,208
開錠,208
軍国,208
完全体,208
顔合わせ,208
婚外,208
受診,208
見定め,208
終業,208
伝授,208
快調,208
１人ぼっち,208
前年,208
見せ物,208
受,208
躍進,208
アビン,208
流し込,208
義一,208
アナスタシア,208
死罪,208
合せ,208
反吐,208
甘味,208
大々,208
ペディキュア,208
移ろ,208
仁義,208
上り,208
変圧,208
受け持ち,208
再起,208
アンドレアス,208
車屋,208
神業,208
教習,208
警棒,208
十二分,208
書き残,208
アマラック,208
事聞,208
成り上がり,208
演歌,208
手伝わ,208
点字,208
移り変わ,208
相殺,208
流行り,208
アースキン,208
残量,208
クリアー,208
アーケン,208
大卒,208
特派,208
入りこ,208
象形,208
アニタ,208
名所,208
ノスタルジア,208
筋力,208
呼び戻せ,208
ライアー,208
随時,208
アナキスト,208
ナイアガラ,208
アルディレス,208
弓隊,208
本拠,208
アラク,208
急務,208
人混み,208
伝導,208
巻き起こ,208
持ち主に,208
駅員,208
店番,208
選任,208
酒気,200
伝令,200
責め立て,200
採決,200
首領,200
凝結,200
復員,200
今野,200
ネアンデルタール,200
落し物,200
一世,200
餞別,200
エチオピア,200
城之内,200
平手,200
実り,200
サア,200
争え,200
鑑別,200
仮設,200
生死に,200
アーチェリー,200
討ち死に,200
磐田,200
置いてきぼり,200
瞭然,200
巡視,200
喚起,200
下士官,200
一夫,200
神出,200
空き巣,200
はぎ取,200
公布,200
観柳,200
うあ,200
鋳造,200
生き長らえ,200
魅入,200
遺恨,200
エビアン,200
指骨,200
鍛造,200
あらためて,200
旅先,200
手続,200
謀議,200
機種,200
検認,200
方策,200
正大,200
打者,200
感服,200
向你,200
丸々,200
風穴,200
公明,200
隣接,200
地熱,200
アブネル,200
住み着,200
斑点,200
簡素,200
時効,200
歌姫,200
思い上がり,200
電柱,200
え～と,200
鉄則,200
読み違え,200
身構え,200
ロスアンゼルス,200
逸話,200
咳止め,200
紙面,200
漁村,200
グルドゥア,200
済まん,200
愛車,200
遠回し,200
独力,200
パライア,200
アーガス,200
引き裂け,200
力辟,200
三百,200
転生,200
価,200
不敬,200
土砂降り,200
放ち,200
存亡,200
波だ,200
防毒,200
痴情,200
母艦,200
福島,200
行きずり,200
引きとめ,200
後々,200
済まんが,200
立てろ,200
点状,200
翌年,200
食い殺,200
直射,200
商社,200
釣り合,200
住み込み,200
アーティファクト,200
あてが,200
儲け話,200
高原,200
主苗,200
つ子,200
野犬,200
の子,200
耳持,200
学科,200
幽体,200
裁け,200
言道,200
呼び合,200
サンクチュアリ,200
物書き,200
大村,200
あらー,200
原来,200
返送,200
波野,200
よっしゃあ,200
一丿し,200
腹話,200
放電,200
旅券,200
業火,200
トライアングル,200
丶あ,200
短小,200
区間,200
欲張,200
沈着,200
取り外し,200
異質,200
手根,200
日夜,200
下請け,200
移譲,200
アルーラ,200
身籠も,200
菅原,200
帰化,200
酷使,200
受け売り,200
奪回,200
書き出,200
西棟,200
震源,200
布陣,200
り所,200
使い道,200
前腕,200
欠員,200
食用,200
純金,200
三重,200
続々,200
裏門,200
歌子,200
在り処,200
歌曲,200
独,200
踏み台,200
鉢植え,200
アドリア,200
アンジェリーク,200
票決,200
弊社,200
氷点,200
水温,200
大手柄,200
懇親,200
東西,200
乱雑,200
気さく,200
読心,200
取っ,200
参上,200
着色,200
収支,200
山道,200
焦土,200
付け込,200
五輪,200
脱走者,200
総代,200
百聞,200
騙し取,200
優,200
アーキン,200
所轄,200
身寄り,200
一通り,200
突き立て,200
配膳,200
面々,200
命題,200
アンフィリサイト,200
食べ残し,200
一任,200
降雨,200
無念,200
神妙,200
署員,200
召し物,200
シルビア,200
前脚,200
現住所,200
欧米,200
転居,200
立地,200
佐,200
茶飯事,200
枠組み,200
あゆ,200
瓜二つ,200
身震い,200
アミノ,200
セントルシア,200
歪曲,200
一句,200
発ち,200
無臭,200
曾祖母,200
一介,200
恒星,200
アナハイム,200
下剤,200
光子,200
前々,200
直訳,200
コンプライアンス,200
あきらか,200
果たせ,200
セントクレア,200
独り者,200
産科,200
通え,200
田森,200
ばばあ,200
愛馬,200
大掛かり,200
アケラ,200
手相,200
子爵,200
健太,200
一所,200
取りつけ,200
聖体,200
能天気,200
議案,200
姉上,200
縫い付け,200
アメージング,200
視え,200
独習,200
商法,200
保湿,200
食費,200
立ち退か,200
動悸,200
運航,200
表わ,200
反面,200
あれれ,200
不躾,200
帰属,200
道連れだ,200
分け前,200
憎み合,200
スピア,200
公営,200
変性,200
アーリン,200
賭け事,200
高尾山,200
趣向,200
はあ,200
持ち運,200
駄作,200
使い込,200
ぎゃあ,200
売りさば,200
蜃気,200
後味,200
風下,200
１千,200
闘病,200
御者,200
静電,200
白色,200
二名,200
教唆,200
安宿,200
総て,200
玉木,200
白馬,200
絆創,200
変だ,200
大破,200
滑り台,200
入行,200
行きつけ,200
波打,200
入れ替わり,200
有数,200
走り書き,200
転貸,200
ちゃあ,200
アゼロス,200
半蔵,200
係留,200
発振,200
作りだ,200
手近,200
矢村,200
アンデッド,200
二重,200
仕事帰り,200
フアン,200
あの～,200
目利き,200
純情,200
る気,200
佐々木,200
流河,200
大嘘つき,200
無期,200
屁理屈,200
起来,200
食いしん坊,200
適者,200
家長,200
あな,200
摘み取,200
アコーディオン,200
商船,200
アーン,200
不可抗力,200
見あた,200
名物,200
境地,200
概算,200
学級,200
気化,200
ピアー,200
揉み合,200
真的,200
バルボア,200
後ろ姿,200
何方,200
対米,200
あばら,200
次席,200
ガリア,200
つり上げ,200
色情,200
アンヘウサー,200
対地,200
改正,200
氏族,200
製法,200
クアントニアム,200
亜希子,200
波乗り,200
大波,200
造園,200
先遣,200
手薄,200
右下,200
韓流,200
木登り,200
和美,200
深淵,200
不仲,200
清廉,200
両舷,200
日の目,200
神官,200
放牧,200
万物,200
濫用,200
優柔,200
気配り,200
楽章,200
水増し,200
アマデウス,200
滑車,200
有什,200
大酒,200
地名,200
原型,200
均一,200
取戻,200
お主,200
一泡,200
当艦,200
攻城,200
下手くそ,200
私語,200
正攻,200
武勲,200
分かり合え,200
内膜,200
イースタシア,200
歩合,200
ハイアライ,200
アウレリオ,200
書き直し,200
大麦,200
成り,200
たまり場,200
湖水,200
取り次,200
塗り直,200
曜日,200
ホアイト,200
飯田,200
両性,200
生きろ,200
あらぁ,200
背広,200
アルバス,200
り直,200
整脈,200
後先,200
変容,200
月末,200
左下,200
佐藤,200
特等,200
裏目,200
能率,200
降臨,200
随一,200
西方,200
貴社,200
最少,200
けん引,200
百科,200
風力,200
分際,200
激務,200
温存,200
アスィーナ,200
水底,200
切っ先,200
湾曲,200
アストロ,200
付与,200
過食,200
生粋,200
引き継げ,200
早智子,200
建て直,200
あご髭,200
軍師,200
問え,200
轟内,200
不作,191
て〜,191
アナダック,191
牽制,191
ああ～,191
借主,191
美春,191
美香,191
ドーア,191
スピリチュアル,191
奥村,191
語源,191
アクロバット,191
女心,191
上記,191
話しあ,191
アスタ,191
売上げ,191
商用,191
位相,191
神々し,191
商工,191
人為,191
ルシアス,191
前職,191
遠路,191
絶世,191
アント,191
本読,191
勤続,191
え〜と,191
开始,191
アガソン,191
行か,191
見張りだ,191
真向かい,191
物覚え,191
出入口,191
野ネズミ,191
ミステリアス,191
ふ〜ん,191
飛び乗れ,191
ありつ,191
無勢,191
大損,191
父母,191
バイアス,191
公私,191
難産,191
ど田舎,191
行こ,191
剣先,191
全部署,191
奪い合,191
公言,191
東棟,191
養女,191
相子,191
交互,191
昆布,191
白子,191
苛立ち,191
アンカレッジ,191
再犯,191
愛おしい,191
仕度,191
ベアトリックス,191
アサルト,191
外装,191
王立,191
アクシオン,191
熱波,191
客船,191
昇天,191
目の敵,191
室井,191
付添い,191
内偵,191
王殺,191
横たえ,191
指向,191
男色,191
要是,191
起こり,191
度合い,191
あわれ,191
陽子,191
口付け,191
張り合い,191
先妻,191
宗,191
戦慄,191
不知道,191
代々木,191
集積,191
交付,191
転任,191
離散,191
孫息子,191
急便,191
深紅,191
傘下,191
果たし,191
読み取り,191
航跡,191
服部,191
生かせ,191
絶交,191
微分,191
全弾,191
原野,191
多顔,191
逐次,191
アストラル,191
あざ笑,191
文面,191
輸出入,191
急遽,191
本場,191
材質,191
開門,191
助命,191
フローリアン,191
作り出せ,191
着眼,191
評,191
ニーア,191
没有,191
船隊,191
実存,191
明察,191
別格,191
放し飼い,191
形容,191
全馬,191
立ち退き,191
アルレルト,191
体形,191
ハ～,191
律法,191
チュニジア,191
利き手,191
掻き立て,191
頸部,191
地べた,191
格上,191
過言,191
買い取り,191
ホアキン,191
アウトドア,191
知りあ,191
引き締ま,191
水口,191
聞き回,191
あぁぁぁ,191
タリアス,191
薬指,191
車列,191
ドラッグストア,191
余白,191
陰口,191
音節,191
領主だ,191
佐保,191
生卵,191
風鈴,191
向い,191
借用,191
付加,191
ヒートアップ,191
無精,191
手出,191
自重,191
所謂,191
前足,191
現況,191
アルスター,191
手軽,191
荒立て,191
術式,191
雁門,191
置き去,191
アミ,191
油田,191
休廷,191
叙事,191
続出,191
上場,191
黒死,191
アンソン,191
手繋,191
土日,191
眼科,191
召しあがれ,191
会館,191
共食,191
アニマス,191
出来たて,191
口づけ,191
ねじ曲げ,191
全寮,191
パア,191
胎内,191
退化,191
ジャイアント,191
高位,191
出入国,191
美化,191
早番,191
川岸,191
ラトビア,191
じやあ,191
トアマンド,191
メソポタミア,191
も～,191
点取り,191
格安,191
語り手,191
罰当たり,191
女の,191
住みつ,191
自腹,191
省け,191
ア゛ー,191
波風,191
戦意,191
回遊,191
情況,191
初回,191
エロ本,191
一婦,191
白線,191
ディファイアンス,191
通関,191
樹木,191
下顎骨,191
星占い,191
真っ平,191
速達,191
深遠,191
突風,191
用度,191
後ろ手,191
天竺,191
見合わせ,191
塩基,191
転入,191
鉄分,191
押し通,191
陸橋,191
平壌,191
検屍,191
稀少,191
効能,191
水場,191
エグゼビア,191
多角,191
子ネコ,191
引き下げ,191
結膜,191
貸金,191
頭数,191
帰省,191
帝政,191
川底,191
校正,191
あれ―,191
被写,191
晴天,191
失読,191
アンフィトリオン,191
三千,191
毎夜,191
アクティベーション,191
持ちきり,191
巡航,191
出物,191
新着,191
気づか,191
腫れ上が,191
授賞,191
気兼ね,191
青木ヶ原,191
環菜,191
見習え,191
あのぉ,191
アスベスト,191
主旨,191
影武者,191
屈指,191
裸体,191
アサン,191
算,191
年明け,191
内示,191
ホイットモア,191
大友,191
区切り,191
アルメン,191
消し去れ,191
聞き流,191
行内,191
好評,191
キャシアン,191
整数,191
整合,191
非礼,191
高尚,191
議場,191
入城,191
仰々し,191
門違い,191
呆然,191
勝ち組,191
見積もり,191
早足,191
川口,191
昭一,191
絵具,191
成層,191
ささやき声,191
当てずっぽう,191
乗りだ,191
小数,191
頑強,191
上顎,191
娼館,191
休みなし,191
風上,191
ニダリア,191
探し当て,191
方正,191
合コン,191
食わ,191
アコスタ,191
当夜,191
自室,191
秘策,191
長話,191
父子,191
日雇い,191
殉死,191
訴因,191
る〜,191
関わり合,191
冠状,191
アイエゴ,191
成形,191
推察,191
名前付け,191
上告,191
知りあい,191
野平,191
幾多,191
標高,191
額面,191
引き際,191
学食,191
島民,191
何人,191
多么,191
あく,191
乗っけ,191
水曜日,191
ジョージアナ,191
あひる,191
棲家,191
時事,191
飲み食い,191
川沿い,191
模写,191
アンジェルス,191
発現,191
現わ,191
極力,191
始発,191
男物,191
予断,191
不覚,191
番長,191
いがみ合,191
無辜,191
戌井,191
一押し,191
水辺,191
仕立て上げ,191
南端,191
共闘,191
焼き付,191
森崎,191
タグリア,191
入り組,191
託児,191
与太話,191
攪乱,191
難関,191
隆起,191
岩塩,191
ユーラシア,191
水色,191
事典,191
思い知れ,191
顕示,191
アナスン,191
中将,191
切り株,191
前輪,191
アルバニー,191
矢先,191
流れ弾,191
病め,191
不憫,191
江洞,191
鍛え上げ,191
２人殺し,191
岩礁,191
私設,191
受けとめ,191
党首,191
フロンティア,191
美男,191
まかり通,191
土豚,191
生姜,191
馬鹿め,191
リアンナ,191
薬学,191
都度,191
不凍,191
著書,191
財力,191
立ち聞き,191
定員,191
人夫,191
見境,191
完済,191
アスフェイス,191
江,191
気張,191
様態,191
グラビア,191
膠着,191
手斧,191
不和,191
アイーシャ,191
差し止め,191
中流,191
正月,191
小骨折,191
クリスピアン,191
さ～ん,191
与信,191
残金,191
元祖,191
根深,191
力添え,191
墓標,191
呪術,191
腸間,191
捧げ物,191
ナアスコブ,191
着き,191
一ン,191
大泣き,191
通じ合,191
口輪,191
上京,191
空室,191
アップタウン,191
重ん,191
隆博,191
君達,191
有線,191
不手際,191
公会,191
牡馬,191
足がかり,191
番兵,191
外皮,191
引出し,191
頭下げ,191
日和見,191
菫言,191
指折り,191
送り先,191
何曜,191
落馬,191
刺身,191
安西,191
蔵書,191
行けん,191
勅令,191
物流,191
重苦し,191
広々,191
離ればなれ,191
エリノア,191
蓼置,191
引き立,191
中野,191
多彩,191
枕元,191
五体,191
貸付,191
大漁,191
通学,191
アネット,191
自伝,191
盗作,191
算段,191
ピアニスト,191
火元,191
刃向,191
身障,191
集大成,191
タニア,191
若手,191
勝ち得,191
バルチモア,191
原発,191
セコイア,191
神掌,191
異色,191
用命,191
アザゼル,191
中期,191
堤防,191
半裸,191
妻殺し,191
ガルガンチュア,191
種付け,191
略式,191
荒馬,191
画鋲,191
件名,191
習わし,191
逸警,191
あがな,191
落選,191
聞きだ,191
潮流,191
国交,191
トアー,191
公使,180
英徳,180
立会い,180
運賃,180
河野,180
スペルツア,180
皇族,180
病名,180
摂食,180
朝方,180
優越,180
アルター,180
能見,180
校則,180
差し置,180
造反,180
低音,180
吹き付け,180
工兵,180
木の,180
実直,180
名優,180
う～,180
ラインアップ,180
乳母車,180
楽観視,180
物見せ,180
鉄棒,180
ダイアウルフ,180
折り目,180
言い切,180
大嵐,180
自画,180
日当たり,180
全長,180
野牛,180
更年,180
你身,180
ぶつかり合,180
等々,180
風前,180
特例,180
製鉄,180
台座,180
跳ね上が,180
谷底,180
土産物,180
飲み水,180
活け,180
アウトロー,180
ピアソン,180
勝手口,180
天秤,180
アデ,180
アモン,180
隠語,180
州道,180
安保,180
馬上,180
へえ〜,180
目白,180
信玄,180
重責,180
年俸,180
加算,180
見計ら,180
連射,180
一報,180
火急,180
口うるさ,180
当て付け,180
広まり,180
優夏,180
セキュア,180
遊説,180
現職,180
奮発,180
陸将,180
風変り,180
轢き殺,180
分光,180
由緒,180
数体,180
アンジェリカ,180
スロバキア,180
兵営,180
供物,180
当人,180
ベルフルーア,180
呑気,180
仮死,180
アヤトラ,180
使節,180
創世,180
貴国,180
隠し子,180
組み合わさ,180
あぶ,180
表題,180
危急,180
巻き付け,180
血の気,180
仆人,180
直通,180
気概,180
戸外,180
ダルタニアン,180
下衆,180
減点,180
で〜,180
直球,180
高倉,180
鬱病,180
曲がり,180
局外,180
寝付け,180
拒食,180
り手,180
寮母,180
流域,180
色恋,180
有頂天,180
真正,180
受注,180
乱痴気,180
固形,180
組合せ,180
積み重な,180
柴田,180
乗り手,180
四谷,180
明治,180
法科,180
有限,180
電光,180
唖然,180
配当,180
零度,180
旋律,180
読唇,180
最寄,180
町内,180
在処,180
試写,180
在籍,180
内国,180
難点,180
大敵,180
長子,180
制定,180
あだ,180
活き,180
負け戦,180
外野,180
上向き,180
書庫,180
文言,180
あいつめ,180
若葉,180
追い風,180
ヨウ素,180
当機,180
有価,180
片田舎,180
年次,180
アトランティス,180
取り壊し,180
速球,180
コロシアム,180
万年筆,180
配役,180
着目,180
ぶっ通し,180
消えゆ,180
飛び降,180
従属,180
無稽,180
生易し,180
毅然,180
薬用,180
特選,180
聖濁,180
特建,180
ぐわあ,180
振り下ろ,180
面子,180
信ぴょう,180
物議,180
内海,180
犯人像,180
端子,180
一物,180
易々,180
防災,180
雲行き,180
略語,180
急病,180
佐吉,180
空論,180
お伽話,180
迷宮入り,180
生業,180
二、三,180
事―,180
推量,180
片時,180
際ど,180
宝町,180
アルカビーリ,180
大腸,180
至高,180
先っぽ,180
ロアー,180
町田,180
大輔,180
ダミア,180
荷作り,180
積載,180
溺愛,180
近よ,180
アンドルー,180
持込,180
元手,180
シリアス,180
自撮,180
陸運,180
プレミアム,180
温情,180
二言,180
侍女,180
切れ味,180
送り返せ,180
設営,180
聞きつけ,180
点差,180
交点,180
楽々,180
つきあわせ,180
秘術,180
虫重,180
主晃,180
日当,180
全壊,180
広範,180
主カ,180
直立,180
就業,180
火消し,180
物見つけ,180
アラドール,180
暴風,180
賢人,180
借り手,180
幼年,180
冬休み,180
呼び捨て,180
借入,180
アラカ,180
アラム,180
コーアリシャン,180
一群,180
シチリア,180
自前,180
三輪,180
専業,180
専,180
試用,180
政略,180
流れだ,180
アイライナー,180
正教,180
アタッカー,180
上り詰め,180
広東,180
手堅,180
適役,180
アツアツ,180
八木,180
つっ立,180
ヾ一ン,180
入荷,180
優生,180
一睡,180
老言,180
巨体,180
配電,180
人呼,180
セビリア,180
絵空事,180
無私,180
名画,180
力囗,180
置き土産,180
立川,180
主奏者,180
無記名,180
耐火,180
ヾワ一,180
妄支,180
納品,180
駆け上が,180
今殺,180
謹力,180
背丈,180
香料,180
納期,180
突き通,180
決起,180
出火,180
富め,180
見張り番,180
痛風,180
索引,180
ぶっ続け,180
アゾグ,180
大穴,180
補導,180
あっちゃ,180
突拍子,180
決めちゃ,180
フィニアス,180
送付,180
抱き上げ,180
投じ,180
チュ～,180
密造酒,180
両眼,180
世帯,180
立ち込め,180
刺し殺,180
清々,180
零下,180
噴気,180
アルハラジ,180
アステカ,180
仮名,180
女のコ,180
無粋,180
小山,180
今話,180
体位,180
臨戦,180
アナナ,180
滝田,180
泉谷,180
あっぱれ,180
身支度,180
アイボア,180
門出,180
泡立,180
転用,180
重犯罪,180
不協和,180
日曜日,180
提唱,180
開廷,180
空冷,180
聞き捨て,180
自律,180
アウトリュコス,180
蛮行,180
税理,180
入れ物,180
裁決,180
一人占め,180
火中,180
遺失,180
生検事,180
久利,180
飾り立て,180
山口,180
小切手帳,180
東大,180
素数,180
朝早,180
砂利道,180
用向き,180
取りだ,180
大塚,180
ブリリアント,180
会わ,180
苦行,180
興じ,180
透過,180
小箱,180
浩太,180
法度,180
熊手,180
美点,180
切り取り,180
川村,180
受諾,180
持た,180
未開,180
代打,180
岡田,180
当てはめ,180
ゴリアテ,180
写本,180
笑い合,180
混線,180
喜代子,180
持ち直,180
品格,180
濾過,180
メアド,180
投石,180
奪い取れ,180
石火矢,180
空家,180
大恥,180
可愛子,180
庭仕事,180
取り合い,180
寄せ付け,180
利他,180
ゥ～,180
小うるさ,180
寝間着,180
出し物,180
月夜,180
盲信,180
来賓,180
初日の出,180
法規,180
アルビノ,180
書きとめ,180
つなぎ合わせ,180
アルテア,180
掛け合わせ,180
銃座,180
病変,180
水切り,180
安らげ,180
不明か,180
吹奏楽,180
ミニチュア,180
大耳,180
東門,180
欠航,180
門戸,180
公人,180
生肉,180
マルシア,180
臆病者,180
文脈,180
淡水,180
主将,180
石膏,180
入ら,180
ダービシア,180
王道,180
時枝,180
一遍,180
学芸,180
信金,180
地検,180
癒着,180
進航,180
浸入,180
花田,180
歌唱,180
断続,180
アーセナル,180
大奥,180
か〜,180
大もうけ,180
先走り,180
寝食,180
飛び立て,180
摩天,180
本隊,180
比べ物,180
口利き,180
し上げ,180
送別,180
玉三郎,180
気筒,180
看取,180
作りあげ,180
息女,180
休学,180
防諜,180
回顧,180
立て直し,180
父神,180
情状,180
うわああ,180
勾配,180
車外,180
直腸,180
目先,180
社宅,180
得て,180
月明かり,180
母娘,180
样子,180
アントワープ,180
手だて,180
一動,180
上役,180
美寿々,180
母子,180
アルテミシア,180
取り囲め,180
年内,180
前期,180
皇居,180
巡り合わせ,180
汚水,180
町人,180
着工,180
逆手,180
明言,180
門前,180
赤点,180
映え,180
路頭,180
目付け,180
大がかり,180
あいて,180
心神,180
アダー,180
日本橋,180
アラタレ,180
生ぬる,180
半減,180
左様,180
再三,180
買い受け,180
係長,180
義彦,180
理系,180
回去,180
不定,180
井伊,180
アデム,180
信じこま,180
風邪薬,180
流し台,180
アッバース,180
大賢者,180
変調,180
世め,180
不届き,180
果然,180
ああぁ,180
実技,180
旗艦,180
照らし出,180
投錨,180
岩殿,180
作为,180
実装,180
組み合,180
即使,180
那家,180
速め,180
分遣,180
面通し,180
青山,180
エアウェイズ,180
同義,180
かけ離れ,180
心象,180
宝石屋,180
車泥棒,180
教祖,180
墓参り,180
全船,180
密通,180
退路,180
警鐘,180
青二,180
進呈,180
虚言,180
行間,180
ビジュアル,180
想活,180
取っ手,180
栄華,180
アアー,180
再燃,180
ガーディアンズ,180
フランソア,180
左上,180
引き摺,180
乙女座,180
空き缶,180
泡風呂,180
経ち,180
乗ら,180
江ノ島,180
公め,180
声音,180
投げだ,180
旗下,180
燭台,180
流れ落ち,180
高跳び,180
金閣,180
博,180
雇い主だ,180
所望,180
人通り,180
接吻,180
建て直し,180
開会,180
いや〜,180
速記,180
アンゴラ,180
絶体,180
持主,180
逸品,180
産駒,180
進攻,180
選りすぐり,180
小び,180
アブドラ,180
难民,180
戦乱,180
盛り上がり,180
アセトン,180
アンケート,180
茶会,169
手札,169
アーバー,169
放せよ,169
ソアベ,169
寝起き,169
最恐,169
最多,169
切り開け,169
剖検,169
決まり事,169
光永,169
上客,169
動体,169
银河,169
物真似,169
カシオペア,169
前往,169
元旦那,169
波立,169
流暢,169
乗り降り,169
流入,169
你在,169
持ち切り,169
誉め言葉,169
生れ,169
思い立,169
葛西,169
獣電,169
追い付,169
紅葉,169
連れ出し,169
神頼み,169
アイソ,169
菜園,169
多才,169
製紙,169
不動,169
アン・,169
着ぐるみ,169
教材,169
冥界,169
国勢,169
買い付け,169
投射,169
聞き違い,169
発て,169
歯形,169
思い直,169
アーグル,169
切実,169
供え物,169
粛清,169
自活,169
張り巡ら,169
借家,169
ヵ国,169
就能,169
貢物,169
隠し味,169
グィネビア,169
人聞き,169
永田町,169
あららら,169
発破,169
曹司,169
度量,169
あぁ～,169
生き別れ,169
交换,169
譲り受け,169
低能,169
買取,169
肌着,169
流砂,169
描画,169
天命,169
人騒がせ,169
水星,169
立ち戻,169
無き,169
ポケ丼,169
心機,169
取りな,169
事足り,169
跳ね回,169
バリアニ,169
砂金,169
リアンユウ,169
非業,169
誤魔化し,169
試問,169
親達,169
請け合,169
引きずり出,169
孤高,169
付け足,169
小難し,169
民意,169
伊豆,169
高まり,169
藻類,169
一直線,169
幅木,169
時価,169
戦果,169
目くらまし,169
当地,169
観賞,169
在学,169
ああや,169
アイズリー,169
書か,169
アベリー,169
金づち,169
少額,169
あのぅ,169
噛み合,169
花園,169
は〜い,169
マッドア,169
戦列,169
独りよがり,169
呼び掛け,169
下れ,169
世継ぎ,169
車酔い,169
人誰,169
商務,169
小国,169
快活,169
場外,169
全周,169
引換え,169
休会,169
行きか,169
保母,169
神舟,169
アーディレス,169
水無,169
アラジン,169
寄与,169
示し,169
昼時,169
飯食,169
小さき,169
倫子,169
元来,169
蛮族,169
東山,169
川辺,169
前髪,169
アイデンティティー,169
アナグマ,169
売れ残,169
作り事,169
初動,169
アーミン,169
含み,169
御子,169
一身,169
大院長,169
出店,169
彩音,169
下回,169
一存,169
悲運,169
原価,169
那点,169
背任,169
焚き付け,169
察觉,169
送風,169
アレー,169
屹立,169
一三,169
総数,169
秋田,169
急ぐ,169
やああ,169
農,169
大出世,169
アンチョビ,169
金ピカ,169
女人,169
新兵器,169
アジソン,169
併用,169
然后,169
口腔,169
ウィリアムズバーグ,169
引き抜き,169
取扱,169
たたき上げ,169
暗地里,169
並走,169
中田,169
アルベルト,169
礼子,169
神比,169
将现,169
堆積,169
聖寄,169
供え,169
映照,169
歌犬,169
持ち掛け,169
相同,169
映し,169
アサード,169
高高,169
押し入れ,169
計上,169
男優,169
キアシー,169
鷲華,169
一夕葺,169
小爱,169
アンナジオ,169
筋書,169
量販,169
故事,169
美大,169
時覚え,169
愛嬌,169
試料,169
アリアナ,169
指南,169
実情,169
アルパート,169
柔和,169
高音,169
先駆け,169
隣町,169
流派,169
退会,169
高卒,169
才気,169
皇室,169
腕白,169
シー二,169
送検,169
ねつ造,169
か～,169
船名,169
反目,169
頻発,169
アザレロ,169
日暮らし,169
民話,169
ああああああ,169
卸売,169
別状,169
掘り起こし,169
麦中,169
长久,169
守在,169
農暑,169
墓富,169
台場,169
浮き上が,169
回送,169
ジェレマイア,169
毛並み,169
放し,169
所以我,169
異存,169
目まい,169
絡み合,169
生まれつ,169
此度,169
熱電,169
贈与,169
賛歌,169
正恩,169
おもちゃ屋,169
話し込,169
死闘,169
外資,169
分位,169
成り済ま,169
器械,169
町民,169
放水,169
あぶれ,169
神王,169
穂先,169
八重歯,169
出処,169
露天,169
生皮,169
張り付け,169
三つ,169
成为,169
長谷部,169
布教,169
アーキ,169
後ろ側,169
横たわり,169
雄大,169
エアスター,169
家紋,169
一向,169
泣き女,169
養生,169
牙山,169
同意見,169
退行,169
アウディ,169
様相,169
付合,169
入管,169
一生涯,169
入店,169
防火,169
柔術,169
代官山,169
下記,169
もてあま,169
節目,169
くっ付,169
茶入れ,169
無菌,169
目茶苦茶,169
アンドー,169
トゥアン,169
廃車,169
永住,169
反米,169
配水,169
太め,169
ふーあ,169
六十,169
売れ行き,169
二人組,169
口コミ,169
支社,169
箱入り,169
先客,169
放れ,169
降りれ,169
ウルグアイ,169
提訴,169
アーマンド,169
発足,169
小事,169
執り行,169
日下部,169
清聴,169
美食,169
合宿,169
自演,169
卵子,169
現ナマ,169
光る,169
昇華,169
マクシミリアン,169
温和,169
立ち会え,169
アティウス,169
昌代,169
得れ,169
ディアブロ,169
下ろし,169
飲み直,169
凍え死に,169
へえ～,169
通りがかり,169
命数,169
松林,169
北口,169
全快,169
丁場,169
あたれ,169
閉会,169
水ぶくれ,169
アセ,169
読み聞かせ,169
アクメン,169
成仏,169
紛い物,169
嫌々,169
アジサイ,169
水浴び,169
家訓,169
大局,169
ぶち当た,169
宛名,169
我国,169
既然,169
線形,169
断食,169
定刻,169
越境,169
呼び集め,169
アイバー,169
アシャイ,169
あったか,169
指尖,169
砲兵隊,169
アムピアラー,169
一触,169
門脈,169
産地,169
即発,169
自壊,169
小手調べ,169
言舌,169
アシュレー,169
スミア,169
間取り,169
ニュアンス,169
無機,169
感付,169
擬人,169
走り回れ,169
遺骸,169
近ごろ,169
売り家,169
隣家,169
概略,169
厚着,169
代払,169
小口,169
アワード,169
熱々,169
新興,169
白ウサギ,169
たとえ話,169
二塁,169
灯火,169
変速,169
部下達,169
低速,169
一過,169
グアアア,169
気骨,169
表札,169
極東,169
本館,169
取消,169
シナロア,169
州都,169
言いきれ,169
長身,169
下ネタ,169
冷水,169
叙任,169
高次,169
立ち直り,169
右後ろ,169
大盛況,169
アンダルシア,169
つまみ食い,169
上前,169
劣等,169
足元気,169
滑空,169
ひき殺,169
かき立て,169
目殺,169
エラリア,169
案山子,169
原初,169
雷神,169
食っ,169
八千,169
気長,169
課金,169
野村,169
引張,169
万里,169
長城,169
朝礼,169
呼出,169
再戦,169
戸別,169
坂東,169
名残惜し,169
一瞥,169
朝練,169
秘話,169
入出国,169
生き死に,169
投機,169
低位,169
受け容れ,169
計らい,169
横向き,169
お前ら,169
機嫌い,169
駅前,169
店名,169
標語,169
ナイメリア,169
問いつめ,169
手短か,169
重曹,169
旗手,169
新調,169
受託,169
短調,169
千夜,169
アララ,169
指し示,169
精進,169
むさぼり食,169
術前,169
前庭,169
女狐,169
兵員,169
吊り上げ,169
鼻先,169
休校,169
取締り,169
祭日,169
男気,169
存じ,169
金網,169
非力,169
口車,169
万歲,169
台地,169
航続,169
対気,169
台車,169
余力,169
同好,169
アロイヨ,169
環礁,169
見比べ,169
木蓮,169
サディアス,169
砂場,169
空耳,169
アーチボルト,169
間抜けめ,169
中座,169
不落,169
あーっと,169
開胸,169
軒先,169
アリストテレス,169
湧き上が,169
官庁,169
使い古,169
アブナイ,169
天狗,169
美佳,169
アィオー,169
次いで,169
主悦,169
不用心,169
見せ所,169
飛び火,169
優次,169
本家,169
某所,169
山積,169
自害,169
さあや,169
なぶり殺し,169
加,169
予後,169
行きつ,169
タティアナ,169
負け組,169
売約,169
目薬,169
アル・カイーダ,169
天災,169
幼子,169
誓い合,169
口火,169
議席,169
表し,169
痛感,169
創りだ,169
値下げ,169
アヌビス,169
ジュスティニアニ,169
かき分け,169
不詳,169
皇后,169
妙技,169
原産,169
盛り合わせ,169
ニカラグア,169
用量,169
フッ化,169
投げ込め,169
推移,169
一倍,169
単体,169
鉄くず,169
負け組み,169
白亜,169
台頭,169
持久,169
爵位,169
エアズ,169
撃鉄,169
受入れ,169
知名,169
湾内,169
アズ,169
口当たり,169
強壮,169
リニューアル,169
寝転が,169
要所,169
宮内,169
手上げ,169
田舎町,169
自ずと,169
ん～,169
下働き,169
王将,169
手ほどき,169
機甲,169
局部,169
外線,169
犬死,169
アラメダ,169
トリアージ,169
納入,169
転げ,169
落ち目,169
曲解,169
習え,169
アキーラ,169
小っちゃ,169
直直,169
電磁気,169
歩調,169
開き直,169
付け替え,169
生きのび,169
各班,169
目覚し,169
気付か,169
解法,169
名指し,169
オスギリアス,169
当累,169
アユタヤ,169
体当たり,169
常備,169
過密,169
くぼ地,169
泡立て,169
地盤,169
絵葉書,169
アイスマン,169
米国民,169
営み,169
局内,169
ああだ,169
城主,169
あくど,169
なあなあ,169
注力,169
産出,169
国宝,169
草木,169
排他,169
立て替え,169
吸気,169
脇役,169
着火,169
アティナ,169
被検,169
身だしなみ,169
振り上げ,169
潮風,169
膨れ上が,169
歩き回り,169
ベアリング,169
一人助け,169
留め金,169
左派,169
東条,169
見付け出,169
楠本,169
有識,169
大畑,169
白々し,169
エアースター,169
職質,169
引き起こせ,169
意固地,169
孝行,169
アーウィン,169
つき合い,169
即決,169
フェビアン,169
基隆,169
小脳,169
先取り,169
無味,169
後衛,169
自賛,169
先人,169
机上,169
取っ替え,169
アーチボルド,169
見つめ直,169
変れ,169
対岸,169
あてつけ,169
幾久,169
張り倒,169
壁際,169
潅木,169
アーツ,169
護民,169
揚子,169
叩き直,169
寝転,169
カルリジアン,169
落とし物,169
甲子,169
自軍,169
あそば,169
及第,169
一声,169
動じ,169
あき,169
各車,169
旧坑,169
安直,169
ロザリア,169
川島,169
講和,169
急死,169
インペリアル,169
一人足り,169
木立,169
三宿,169
変種,169
上向,169
黒色,169
女嫌い,169
出直し,169
型通り,169
歌舞伎,169
喪中,169
色分け,169
忍び足,169
パロアルト,169
新語,169
語学,169
アルサス,169
大役,169
愚問,169
音頭,169
有り余,169
山上,169
書簡,169
張り紙,169
連れ添,169
巡り会え,169
阪神,169
貸家,169
水際,169
醜聞,169
三右衛門,155
やあやあ,155
慣れ親し,155
神奈川,155
カリビアン,155
横丁,155
掛け持ち,155
与えれ,155
転がり落ち,155
引き抜け,155
静江,155
引きはが,155
振り下ろせ,155
弾数,155
寝付,155
やあね,155
狙い目,155
引きづ,155
幕引き,155
榎戸,155
力場,155
硬変,155
レンテリア,155
蘭子,155
気迫,155
創れ,155
神風,155
フィギュロア,155
臓物,155
生き写し,155
る～,155
有一,155
軽口,155
体つき,155
大熊,155
結び付,155
決取,155
辛気,155
一輪,155
清楚,155
バレンシア,155
現着,155
試作品,155
学友,155
ウキア,155
食らいつ,155
男共,155
生え際,155
組み上げ,155
土足,155
横道,155
無能力,155
肚子,155
泪水,155
四百,155
多感,155
出立,155
瞬殺,155
改ま,155
上がれ,155
総出,155
人力,155
訪米,155
流刑,155
マナグア,155
謎々,155
苹果,155
無根,155
短歌,155
横っ面,155
松下,155
アダ名,155
アリク,155
面白おかし,155
病菌,155
同姓,155
航,155
遥々,155
主炮,155
千載,155
还有,155
ユートピア,155
小路,155
孫子,155
天真,155
持分,155
可狽,155
体毛,155
各部,155
デュアル,155
水門,155
口ゲンカ,155
乗物,155
悪習,155
持ち手,155
＝クロリアン,155
実利,155
察官,155
所作,155
打ち殺,155
換算,155
制作者,155
折り入,155
一遇,155
果せ,155
端的,155
アバカ,155
鉄粉,155
地蔵,155
敵影,155
あざやか,155
可是,155
夏目,155
母屋,155
星団,155
出来心,155
死肉,155
御行,155
呼び物,155
断線,155
アムソー,155
つき合わ,155
岐路,155
猊下,155
銘言,155
アーミッシュ,155
デリアン,155
ルートビア,155
流量,155
禁衛,155
再臨,155
圧制,155
事欠,155
使途,155
聞き役,155
棚上げ,155
砲手,155
アテンション,155
書き起こ,155
悠人,155
アジタ,155
後ろ向き,155
前かがみ,155
アトモス,155
武田,155
谷村,155
順当,155
アリーシャ,155
サモア,155
華奢,155
世俗,155
アルダス,155
対潜,155
広州,155
小金,155
上書,155
不感,155
陰部,155
米ソ,155
アカシア,155
私事,155
重石,155
あんまし,155
間欠,155
語り部,155
愛し合え,155
脱色,155
銘記,155
野党,155
ゲルマニア,155
アテンダント,155
アンサー,155
金縛り,155
宗祐,155
アンドロメダ,155
病死,155
お手の物,155
梁子,155
アルカディ,155
登り詰め,155
真中,155
続けれ,155
遠近,155
両脚,155
石碑,155
帯水層,155
不問,155
紅白,155
磨き上げ,155
川下り,155
向え,155
農村,155
家計,155
捨て身,155
太腿,155
操車,155
アンニョンハセヨ,155
はけ口,155
ロアーク,155
除け者,155
羅王,155
マッキンタイア,155
ピシア,155
無骨,155
没事,155
アンドラ,155
同種,155
技巧,155
囁き合,155
連れ子,155
開通,155
寶吉,155
売名,155
楽曲,155
口開け,155
倉科,155
千夏,155
タジア,155
用品,155
ああしろ,155
井崎,155
善処,155
主宰,155
バアー,155
名分,155
女帝,155
アルコット,155
有这,155
吸着,155
生き急,155
遊び回,155
あつらえ向き,155
居然,155
マクガィア,155
一先ず,155
外殻,155
藩主,155
白け,155
え〜ん,155
アルゴ,155
売血,155
南進,155
ケアンズ,155
少林,155
三郎,155
殺風景,155
不在中,155
前―,155
アクシオ,155
ヤアッ,155
大喝采,155
清々し,155
うああ,155
左回り,155
座敷,155
佐渡,155
来吧,155
アレクだ,155
上升,155
受給,155
下線,155
不甲斐,155
漂着,155
祭り上げ,155
生き永らえ,155
生育,155
黄土色,155
忠左衛門,155
乱心,155
見入,155
万平,155
コアラ,155
書状,155
近日,155
三蔵,155
体感,155
しゃあ,155
別館,155
心地良,155
重き,155
常駐,155
貸し付け,155
並べ替え,155
交霊,155
魚座,155
臨店,155
産卵,155
あかし,155
収用,155
ふ化,155
アレクサ,155
表層,155
図式,155
聖油,155
レティシア,155
最盛,155
肩入れ,155
アレッヴ,155
明示,155
太っ腹,155
相愛,155
重機,155
下馬,155
アレグラ,155
言いくるめ,155
あなが,155
空路,155
取り直,155
アト,155
周忌,155
アクメンラー,155
単調,155
うわあー,155
入庁,155
取り次ぎ,155
星間,155
装具,155
低級,155
空き瓶,155
物見,155
い衆,155
安保理,155
ヴィセニア,155
消しゴムクモ,155
下賤,155
買い上げ,155
公殿,155
野城,155
感応,155
大敗,155
防戦,155
日刊,155
関わり合い,155
下校,155
条痕,155
アルビオン,155
磁化,155
計ら,155
夜神,155
深手,155
興業,155
水玉,155
既得,155
マリアム,155
退任,155
風情,155
軍産,155
お〜い,155
送り帰,155
子離れ,155
通り名,155
さあおいで,155
大嘘つきだ,155
在日,155
村々,155
笑い物,155
コリア,155
律儀,155
義体,155
横綱,155
コンドミニアム,155
バビロニア,155
神殺し,155
アルマーニ,155
戦歴,155
七十,155
回旋,155
転化,155
主体,155
清浄,155
当り,155
扁平,155
好色,155
一緖,155
刈人,155
鳥語,155
会報,155
来ん,155
帯電,155
品性,155
アルジェリア,155
神性,155
宮城,155
酒代,155
難度,155
火鉢,155
説法,155
生みだ,155
押し売,155
千本,155
別口,155
張り詰め,155
値打ち物,155
鉄拳,155
書式,155
教壇,155
人称,155
メルシア,155
船旅,155
手慣れ,155
人件,155
光熱,155
中盤,155
上体,155
受講,155
民枝,155
引導,155
家名,155
放心,155
並べ立て,155
藤本,155
大口径,155
原宿,155
下地,155
アーシュラ,155
あばれ,155
アルビ～ン,155
積分,155
操業,155
愛妻,155
傷物,155
相乗,155
判読,155
マリアーノ,155
すりゃあ,155
斜路,155
数年,155
引きこ,155
タチアナ,155
折半,155
密造,155
教示,155
アニーヨ,155
気弱,155
雨戸,155
手触り,155
振り分け,155
定職,155
重篤,155
磁器,155
扇世,155
特科,155
湧き水,155
多面,155
アチッ,155
曲がり角,155
立ちすく,155
境目,155
足許,155
法制,155
積乱雲,155
体罰,155
焉言,155
原潜,155
直列,155
大キライ,155
あわわ,155
連係,155
下方,155
波ぁ,155
ふれあい,155
生得,155
居屋,155
面食ら,155
美謀,155
香響,155
夕一,155
孔子,155
綿あめ,155
取り留め,155
踏み入,155
有機体,155
徴発,155
飾り物,155
同人,155
逆立,155
副次,155
鍵屋,155
穴場,155
本店,155
馬屋,155
家々,155
真利,155
元旦,155
実破,155
空欄,155
風水,155
あの―,155
氷解,155
離隊,155
物分かり,155
港町,155
突き当た,155
主退,155
じゃ～,155
読み解,155
渡り合,155
関われ,155
力フ,155
方力,155
所要,155
あび,155
あそこだわ,155
ホラアナグマ,155
張り替え,155
ノバスコシア,155
田んぼ,155
藤田,155
仕切り直,155
在職,155
朝会,155
ちびっ子,155
回生,155
才年,155
王ヲ,155
木枠,155
農奴,155
連載,155
ジュリアーニ,155
蹄鉄,155
聖器,155
霊屋,155
蒼白,155
署言,155
補謹,155
ほめ言葉,155
福田,155
高見,155
学説,155
白クマ,155
藍間,155
付き合わ,155
ケアリー,155
過越,155
珍味,155
義肢,155
女遊び,155
人心,155
出し合,155
未能,155
見直せ,155
結腸,155
神齔,155
運試し,155
尚子,155
日米,155
雨音,155
油山,155
フローリアナ,155
別条,155
ひゃあ,155
金づる,155
昌皇め,155
役作り,155
マタコーア,155
手縫い,155
臆面,155
高嶺,155
ああぁぁ,155
ちゃ〜ん,155
結び付き,155
不随,155
空前,155
スロベニア,155
アクチュエーター,155
次善,155
一色,155
係争,155
勘付,155
マルドニア,155
アンドレス,155
時代理,155
白兵戦,155
稀有,155
サンアンジェロ,155
取りあげ,155
工員,155
一躍,155
アポーン,155
海王,155
編み出,155
職種,155
アノ,155
ヴアン,155
調度,155
足りんな,155
迎合,155
杓子,155
悠々,155
発露,155
糸目,155
売り買い,155
蝶番,155
土建,155
店頭,155
混ぜ合わせ,155
持ちこ,155
オヘア,155
大火,155
侵食,155
破算,155
パルティア,155
滑り降り,155
電ノコ,155
号令,155
緋村,155
選り抜き,155
直れ,155
戯曲,155
導体,155
あわさ,155
ブラディモア,155
呼び声,155
北山,155
拘引,155
過多,155
持ち運べ,155
全会,155
実父,155
使い分け,155
前作,155
薄々,155
軟化,155
用達,155
漁業,155
東岸,155
水持,155
択一,155
月食,155
水なし,155
共用,155
汗水,155
いたずらっ子,155
銃持,155
自明,155
血生臭,155
突き当り,155
銅線,155
僧院,155
神谷,155
自虐,155
作りなお,155
覇権,155
信じ合,155
進退,155
気泡,155
私行,155
飛び級,155
冊子,155
のし上が,155
大食,155
差止,155
格上げ,155
張り切り,155
手招き,155
二者,155
近視,155
図解,155
入江,155
向けれ,155
変幻,155
反故,155
運任せ,155
今知,155
数独,155
クリアレイク,155
一目散,155
銀幕,155
顔立ち,155
賃料,155
連な,155
院生,155
不信心,155
転げ回,155
深酒,155
国営,155
グラシア,155
ああーっ,155
中堅,155
椎間,155
ペアリング,155
風紀,155
ヘルニア,155
組換え,155
湿布,155
着こなし,155
つけ加え,155
向き合い,155
茶葉,155
アタリ,155
酒乱,155
押し流,155
スパイウェア,155
ヒア,155
声高,155
金长,155
山妖,155
アネックス,155
駆け回,155
共倒れ,155
知見,155
殺生,155
大雑把,155
ボロ布,155
アンティ,155
天蓬,155
義雄,155
愛玩,155
交わり,155
アルモニカ,155
恵比寿,155
学院,155
早田,155
アヤメ,155
利得,155
き場,155
和食,155
あおり,155
消えうせ,155
熱情,155
根治,155
アンティック,155
入信,155
悪王,155
区切,155
産み出,155
一語,155
自画像,155
認めん,155
大逆,155
夜半,155
愛護,155
アザム,155
振り向き,155
修学,155
アハハハハ,155
躍動,155
手掛け,155
奥地,155
今一,155
箇条,155
手放し,155
カプーア,155
無上,155
骨組み,155
褒賞,155
三人,155
力一,155
アヴリル,155
掩護,155
アフ,155
五郎,155
降ろし,155
鉄壁,155
徴用,155
改訂,155
引きかえ,155
腫れ物,155
程々,155
生まれ変われ,155
アパラチア,155
当主,155
投げ打,155
終生,155
引渡,155
走者,155
酒類,155
アンガラッド,155
せき止め,155
曲目,155
面倒事,155
狂乱,155
生き抜け,155
あまた,155
下書き,155
あやつり,155
並はずれ,155
アヒポキ,155
小舟,155
肩代わり,155
握り合,155
随行,155
産み,155
アルアミン,155
ロントフテビェアウ,155
奪い合い,155
生まれたて,155
連覇,155
付きあ,155
食らわせ,155
アルジェント,155
死別,155
はぁ～,155
先史,155
育ち盛り,155
士族,155
再編,155
たらい回し,155
ヾ一ティ,155
高鳴り,155
本管,155
えぐり取,155
大丈,155
患部,155
コリアンダー,155
大川,155
無声,155
アポカリプス,155
淡々,155
願い下げ,155
小馬,155
アップグレイド,155
アトミック,155
パトリアルク,155
急送,155
目安,155
凛々し,155
アルフィー,155
主戦,155
一人殺し,155
良家,155
三叉,155
毎時,155
送り状,155
原っぱ,155
四つんばい,155
借り主,155
勉学,155
実子,155
心当り,155
重奏,155
裏金,155
利息,155
リタイア,155
人好し,155
穴開け,155
金貸し,155
写メ,155
身重,155
後光,155
続けざま,155
引継,155
情欲,155
矮小,155
胸元,155
あがき,155
作製,155
探り当て,155
終電,155
軽々,155
入り浸,155
賞状,155
掘り当て,155
小部屋,155
巾着,155
自筆,155
反し,155
剣技,155
渋々,155
アンジ,155
今向か,155
あがれ,155
ブッ殺,155
住み心地,155
中２,155
往々,155
猟場,155
既定,155
うわ言,155
度肝,155
協業,155
ハアハア,155
品定め,155
八十,155
一美し,155
眼前,155
手作りだ,155
犬死に,155
角部屋,155
混成,155
飲み代,155
連日,155
ストアー,155
除名,155
爆音,155
同封,155
民家,155
格下,155
日照り,155
基質,155
押入れ,155
新約,155
リアリティー,155
掘り進,155
かみ合,155
アンマン,155
持株,155
原住,155
無比,155
人名,155
離着陸,155
リベリア,155
黒魔術,155
朝っぱら,155
全文,155
揚げ物,155
マライア,155
上っ面,155
重り,155
点心,155
次ぎ,155
子飼い,155
受け―,155
キアヌ,155
気胸,155
アルフォンソ,155
車番,155
兼任,155
皆目,155
奇数,155
こすり合わせ,155
支え合,155
アイボリードフス,155
軟体,155
解き明かせ,140
運び手,140
石臼,140
垂れ下が,140
働き口,140
アイドリング,140
珠子,140
ヴァリアンテ,140
向き合わ,140
亭主に,140
雇い入れ,140
蛮人,140
アポフィス,140
押し殺,140
変則,140
丹念,140
降誕,140
菌株,140
青汁,140
定石,140
複写,140
小者,140
アコニチン,140
昼過ぎ,140
東砦,140
中背,140
移籍,140
主なら,140
バリモア,140
志村,140
アメノハバ,140
果報,140
白虎,140
目まぐるし,140
妄言,140
小魚,140
引き戻せ,140
戦神,140
港務,140
盛り上がれ,140
一袋,140
再演,140
亜流,140
運気,140
舟状,140
トライアスロン,140
ロイアル,140
主菫,140
要項,140
新町,140
ほ～,140
使いっ走り,140
夜番,140
花言葉,140
重弩,140
塞言,140
うあああああ,140
帝大,140
アゴラ,140
うあああ,140
車持,140
当てろ,140
殺っ,140
歌い手,140
単発,140
校外,140
あじ,140
愛娘,140
船主,140
ガラ空き,140
駆け下り,140
手かせ,140
品評,140
空羞,140
神託,140
横目,140
聖ニ,140
激発,140
しょっ引,140
色彩,140
査堂,140
半疑,140
成りすまし,140
書き加え,140
愛読,140
サンチアゴ,140
王里,140
伝聞,140
身籠,140
気ちがい,140
半信,140
あぶねえ,140
買い与え,140
トライアル,140
ギアー,140
手広,140
星芒,140
祟嘉量,140
皇蔑,140
ジアゼパム,140
併発,140
毛先,140
事有,140
命じろ,140
自省,140
役柄,140
所員,140
呼称,140
アンジェ,140
アルヴィン,140
芋言,140
あんしん,140
壺球,140
あめ,140
帯状,140
身代,140
所内,140
両生類,140
演台,140
図画,140
師め,140
狭量,140
より分け,140
金賞,140
アドリアーノ,140
面舵,140
インディアナポリス,140
持ち運び,140
アリアドネ,140
アァー,140
川崎,140
アーキテック,140
山手,140
アベンジャー,140
放物,140
経口,140
先任,140
アルマンド,140
享楽,140
水桶,140
変遷,140
入籍,140
利己心,140
引き合,140
走り回り,140
釣り場,140
軍務,140
アウェイ,140
贈物,140
保冷,140
監護,140
足掛かり,140
アルドラ,140
万博,140
日替わり,140
歳入庁,140
転び,140
引っ張れ,140
兵達,140
口蓋,140
鉢合わせ,140
税制,140
アナーキー,140
ずる休み,140
水責め,140
開頭,140
～ッ,140
立ち合,140
飛び回り,140
アーガイル,140
入り用,140
せ～,140
さ～,140
一概,140
アドリアン,140
アントマン,140
錦野,140
アーァ,140
口直し,140
着服,140
河口,140
砲台,140
涼子,140
名犬,140
一戦,140
画集,140
極地,140
文芸,140
外相,140
物思い,140
あたた,140
目ざと,140
活字,140
ゾディアック,140
各社,140
ケルアック,140
真横,140
荒くれ者,140
アイボール,140
風潮,140
特務,140
言質,140
書棚,140
正方,140
文なし,140
規準,140
伝導体,140
全兵力,140
巫女,140
公邸,140
王権,140
既製,140
進駐,140
墓所,140
ロスアンジェルス,140
民営,140
将,140
アンガス,140
気負,140
持ち家,140
武具,140
実錬,140
学派,140
アツリ,140
捨て子,140
増進,140
熱愛,140
多動,140
天ぷら,140
刃衛,140
点在,140
史料,140
火液,140
石火,140
水遊び,140
是正,140
確かめ合,140
キュア,140
親譲り,140
苦味,140
グアイマス,140
アローン,140
動クナ,140
四隅,140
言い触ら,140
切り殺,140
語尾,140
アバズレめ,140
松ぼっくり,140
禁書,140
逸紀,140
身ぶり,140
ユア,140
紺谷,140
戸籍,140
真一,140
真二郎,140
聞き返,140
山盛り,140
生みの,140
車止め,140
穴あけ,140
投げ縄,140
論破,140
宿り木,140
公用,140
破目,140
アハ,140
家帰,140
以为,140
這い回,140
舵取り,140
洗い流せ,140
岩室,140
自費,140
愛おし,140
アセロラ,140
先ん,140
わかり合,140
形づく,140
混み合,140
あに,140
聖下,140
行き交,140
本線,140
甲高,140
天蓋,140
はぐ）,140
銅山,140
手押し,140
わあっ,140
名医,140
の〜,140
大聖堂,140
回文,140
がさ入れ,140
木目,140
幸田,140
猛々し,140
魚人,140
青沼,140
生半可,140
洗い流し,140
抱え上げ,140
学界,140
丿ヾワ一,140
金払,140
不渡り,140
雲南,140
の丈,140
アルバラド,140
生ゴミ,140
アラウンド,140
あさっ,140
外的,140
服屋,140
厳選,140
甘言,140
肩車,140
今作,140
川原,140
秋葉原,140
早馬,140
底力,140
張り番,140
本艦,140
両里,140
便名,140
投足,140
詐取,140
ぶち殺,140
内門,140
定岡,140
掛け声,140
日帰り,140
契機,140
石工,140
アンジェリコ,140
みんなあんた,140
入れ子,140
例年,140
重心,140
薬代,140
畑仕事,140
エンドア,140
川床,140
父系,140
人居,140
前述,140
アントワン,140
上塗り,140
殺せよ,140
水産,140
ギニア,140
手打ち,140
ホアン,140
久保田,140
白飯,140
鼻面,140
格下げ,140
申し開き,140
い～,140
周遊,140
アボガド,140
取戻せ,140
和你,140
揺り動か,140
敢然,140
ギョロ目,140
脱出口,140
目ー,140
逆説,140
句点,140
引き回,140
発効,140
端正,140
用足し,140
敵共,140
客足,140
ペチュニア,140
足踏み,140
アルアディア,140
拠地,140
降霊術,140
ダイアゴン,140
船中,140
組み分け,140
エアポート,140
奈々,140
美談,140
浜美,140
藍色,140
アロホモーラ,140
旅館,140
ウィンガーディアム,140
翔太,140
銀次,140
大ごと,140
素っ気な,140
詰問,140
低地,140
桜子,140
朝露,140
あぶみ,140
別途,140
高木,140
生娘,140
日だまり,140
麻衣子,140
続投,140
美千子,140
三方,140
遼太郎,140
貴局,140
始祖,140
星明かり,140
屋章,140
日直,140
艦首,140
置董,140
放り込め,140
不得,140
高３,140
新皇帝,140
半易,140
日ごろ,140
吻合,140
赤目,140
パップスメア,140
あさ,140
熟達,140
成り上が,140
本領,140
ドアン,140
アルフリッド,140
一邑,140
練り物,140
群がり,140
殺鼠,140
変心,140
近寄り,140
大ケガ,140
とりあげ,140
解毒剤,140
念じ,140
野蒔,140
聞きこみ,140
アルタウッセ,140
立ち尽く,140
トランシルヴァニア,140
引きあげ,140
波しぶき,140
離れ業,140
けん制,140
シャア,140
うわ～,140
骨付き,140
タンザニア,140
足引っ張,140
結節,140
付け根,140
万年,140
ウイリアムズ,140
手カ,140
手含,140
悟言,140
ぜ～,140
両家,140
引き取り手,140
表裏,140
邪念,140
鉄条,140
金品,140
先鋒,140
急流,140
あざけ,140
アザミ,140
アンバランス,140
査惣,140
空丶,140
引っぱれ,140
酸味,140
全寛,140
飛人,140
白旗,140
震屋,140
アホタレ,140
全中,140
品川,140
繋ぎ止め,140
置言,140
与圧,140
鯨語,140
耕作,140
出入り口,140
巣作り,140
牛丼,140
カツアゲ,140
半円,140
良子,140
内勤,140
行商人,140
用なし,140
アブドゥル,140
列島,140
メルアド,140
ロスモア,140
全部隊,140
フィリア,140
慰問,140
もあれ,140
類人,140
介在,140
裏面,140
家人,140
足踏み鳴ら,140
肺病,140
国政,140
年貢,140
党軍,140
が〜,140
太郎,140
主夫,140
日寺,140
話合い,140
と金,140
艦上,140
ヾ二,140
西北,140
旧道,140
旧型,140
イェ～,140
簡略,140
否量,140
交錯,140
屍体,140
先立ち,140
素養,140
全館,140
争点,140
アルジャーノン,140
吠え面,140
立修,140
視床,140
引っ,140
送致,140
無色,140
や～,140
進級,140
主墨,140
敬治,140
アセンブリ,140
布地,140
更地,140
世田谷,140
当校,140
涼太,140
加藤,140
鉄製,140
祝言,140
あびる,140
突き進め,140
丶手ゅ,140
小夏,140
猛然,140
你要,140
横山,140
あんたら,140
大公ノ,140
思い過ご,140
登板,140
弓手,140
内紛,140
論評,140
アルカ,140
野草,140
口述,140
大叔父,140
上次,140
手向か,140
独り占め,140
落合,140
移管,140
么事,140
動きまわ,140
取り換え,140
利け,140
来席,140
長安,140
友保,140
人狩り,140
ウィキペディア,140
桃子,140
受け流,140
老子,140
絞り取,140
壁門,140
事望,140
小分け,140
轟音,140
開か,140
人望,140
分け隔て,140
煮物,140
酔い止め,140
古参,140
矢面,140
グアカモーレ,140
片言,140
アパートメント,140
不知,140
手ごたえ,140
言い放,140
偶数,140
アントワネット,140
やじ馬,140
微動,140
品々,140
アハムド,140
中丸,140
際だ,140
美津枝,140
アヴェリィ,140
アッチ,140
取りかかれ,140
アンブッシュ,140
争議,140
出し入れ,140
強運,140
サンドア,140
犬上,140
まり子,140
特報,140
解けれ,140
物語り,140
物陰,140
逆子,140
アフレック,140
師団長,140
健気,140
舌先,140
アシカ,140
外そう,140
総計,140
藤野,140
流感,140
一皮,140
折り合,140
新旧,140
水しぶき,140
先王,140
食券,140
辛口,140
羽化,140
アデリン,140
アパルトヘイト,140
上意,140
脚光,140
削岩,140
外遊,140
初診,140
利き腕,140
大人び,140
中旬,140
アナーバー,140
引き離し,140
着メロ,140
水かけ,140
半狂乱,140
役場,140
落ち葉,140
脚色,140
月収,140
思い止ま,140
当園,140
双葉,140
作り笑い,140
無痛,140
満ち足り,140
ルチアーナ,140
小せ,140
多神,140
デュボア,140
井,140
二郎,140
上皮,140
来園,140
アルハム,140
静的,140
書き取り,140
神学,140
松田,140
あほか,140
智子,140
伝播,140
関屋,140
議定,140
頭目,140
ドスラキ族,140
くい止め,140
リアナ,140
五行,140
徳川,140
満ち引き,140
生家,140
出来栄え,140
アリィ,140
調剤,140
一卵,140
重火器,140
画素,140
一二,140
農政,140
羽音,140
帰港,140
農耕,140
ねじ上げ,140
対決して,140
息止め,140
バスティアーナ,140
手芸,140
取立て,140
起用,140
安価,140
非常食,140
只有,140
貴下,140
上行,140
手ぬる,140
アアッ,140
風評,140
ちょ～,140
紊乱,140
就要,140
引きた,140
触感,140
好事,140
アンチオ,140
三谷,140
運び入れ,140
つきあえ,140
屑鉄,140
っ取,140
水車,140
凶行,140
刈入れ,140
星上,140
預言者,140
月額,140
豹変,140
葉正,140
メシア,140
正則,140
傍目,140
日産,140
何ごと,140
ああすご,140
くず鉄,140
受け継ぎ,140
手馴れ,140
一説,140
表敬,140
抜本,140
取り逃,140
北野,140
振り向か,140
あまえ,140
アプリコット,140
並木,140
キア,140
堅持,140
とり上げ,140
識者,140
ねじ曲が,140
デッチあげ,140
異邦人,140
造り上げ,140
取調,140
分数,140
引き摺り,140
あぁん,140
艦船,140
カシア,140
看過,140
食感,140
似通,140
寓話,140
作詞,140
鼻持ち,140
乗り継,140
アニマルズ,140
要我,140
光輝,140
プア,140
対局,140
配分,140
節制,140
荷馬,140
カロア,140
洋上,140
日増し,140
ブルジョア,140
口悪,140
中―,140
元首,140
じゃあと,140
入れ直,140
溜まり場,140
引っこ,140
風当たり,140
姦通,140
両軍,140
車検,140
刊行,140
縦横,140
織り交ぜ,140
服務,140
寝入り,140
トイダリア,140
宮家,140
大股,140
受電,140
教務,140
付け狙,140
アルミホイル,140
使わ,140
中列,140
のたうち回,140
蔚山,140
親代わり,140
公だ,140
一堂,140
大ざっぱ,140
裏技,140
入廷,140
精々,140
割愛,140
小間物,140
右前,140
造作,140
沢野,140
あ～あ,140
問屋,140
ふき取,140
退役者,140
銀髪,140
行星,140
悪業,140
握力,140
青々,140
朝顔,140
機上,140
前奏,140
大荒れ,140
乃木坂,140
阿部,140
アウン・サン,140
人づて,140
理容,140
深追い,140
引っ張り出,140
人好き,140
多産,140
石化,140
南出口,140
アスカリ,140
胴元,140
事由,140
地響き,140
ヘルスケア,140
政争,140
符号,140
原石,140
太一,140
分かりあえ,140
アクティベート,140
半生,140
能書き,140
厳正,140
切れ目,140
田所,140
読み直,140
浄水,140
焼消,140
電化,140
写せ,140
愕然,140
諸公,140
風刺,140
絶倫,140
連れ込め,140
レソア,140
関羽,140
奥行き,140
子竜,140
テオドア,140
配車,140
死に絶え,140
土葬,140
和正,140
色褪せ,140
潜行,140
死語,140
つき合え,140
対数,140
白バイ,140
酪農,140
当たり散ら,140
調べ直,140
目くじら,140
是在,140
就在,140
後輪,140
動乱,140
アロダイ,140
骗人,140
家伙,140
り着,140
型番,140
乗り合わせ,140
アサンジ,140
連れ込み,140
重犯,140
憶病,140
目通り,140
別離,140
プレシアド,140
臨死,140
男児,140
安酒,140
作風,140
アストン,140
大皿,140
受けん,140
破門,140
弁務,140
来到我,140
アスペルガー,140
微々,140
割当,140
来生,140
売れ筋,140
かけあ,140
素子,140
真美子,140
通院,140
炎天,140
アカギ,140
刺創,140
入用,140
アゲル,140
逆向き,140
推挙,140
同名,140
物欲,140
取り違え,140
巨万,140
活心,140
アメジスト,140
アロマ,140
家財,140
賓客,140
あぶり出,140
チアーズ,140
親鳥,140
全巻,140
本校,140
各局,140
揚々,140
寝心地,140
御子息,140
引っぱた,140
黒門,140
鋳物,140
瓦解,140
出っ張り,140
半値,140
口上,140
重低,140
腹立ち,140
ウェア,140
前門,140
アーネット,140
年掛け,140
下側,140
袖口,140
ワケあり,140
切れ者,140
ティフアナ,140
出向き,140
口利,140
移り住,140
栄転,140
口元,140
若年,140
公職,140
一条,140
応酬,140
桜田,140
ケアー,140
小犬,140
う〜,140
市ヶ谷,140
下船,140
見所,140
大犯罪,140
陸路,140
軒下,140
車検証,140
組立て,140
新風,140
掌中,140
大岩,140
退艦,140
手渡せ,140
大助かり,140
直下,140
水溶,140
代号,140
あふれ出,140
佐緒里,140
聖具,140
オセアニック,140
まとめ上げ,140
高坂,140
正道,140
劇中,140
食い荒ら,140
な〜ん,140
オリンピア,140
所存,140
集客,140
アニメーション,140
病みつき,140
優子,140
小队,140
言い表,140
枯葉,140
無学,140
上辺,140
揺れ動,140
婉曲,140
サルビア,140
派生,140
ティーアン,140
果敢な,140
深々,140
恵美,140
宝山,140
話よ,140
電離,140
大便,140
アブラゾ,140
しがみ付,140
取り囲み,140
俗称,140
上納金,140
大真面目,140
放尿,140
かあんた,140
含み笑い,140
じゃあそこ,140
謳歌,140
議決,140
喉元,140
血気,140
アーキテクチャ,140
木偶,140
行く先,140
果汁,140
特番,140
粗野,140
力説,140
仁美,140
切り開き,140
猛者,140
アップグレイ,140
サンタマリア,140
お～,140
すき間,140
打ち身,140
最终,140
ファビアナ,140
乗り継ぎ,140
手こずら,140
俗世,140
文太,140
一塊,140
野良猫,140
万策,140
悪戦,140
抗原,140
マニアック,140
一人死,140
冷気,140
不義,140
这次,140
覇者,140
達男,140
論じ,140
ワイアード,140
払い下げ,140
アニータ,140
江の,140
分布,140
離船,140
死活,140
我社,140
アク,140
売値,140
アデン,140
当てこす,140
例え話,140
送ら,140
量刑,140
あわよくば,140
純正,140
アールード,140
アオミドロ,140
荷積み,140
大ウソつき,140
聖火,140
神曲,140
アグイラ,140
降服,140
火照,140
厄日,140
ウォーリア,140
保温,140
製図,140
要綱,140
天朝,140
石切り,140
木阿弥,140
人死,140
アレース,140
スペアリブ,140
金井,140
アラベスコ,140
急騰,140
食前,140
二院,140
地価,140
アーシー,140
足指,140
さしあた,140
あくせく,140
大盤,140
拭き取れ,140
殺気,140
石壁,140
用具,140
スキアラ,140
詩編,140
山高,120
居城,120
持てん,120
肉用,120
手勢,120
整い,120
同額,120
カミーノアン,120
早目,120
スメアゴル,120
拡声,120
党派,120
声色,120
アンデス,120
岡村,120
名だたる,120
治し,120
呼び入れ,120
コロア,120
秋冬物,120
記名,120
西門,120
种事,120
曲者,120
受到,120
就会,120
枝分かれ,120
不一,120
寝所,120
早上,120
家探し,120
先短,120
訓話,120
長物,120
再四,120
デュアン,120
無類,120
一人者,120
会在,120
过来,120
見張ら,120
行き交い,120
内々,120
始了,120
在校,120
紙上,120
由我,120
共殺,120
信望,120
生め,120
保护,120
手の内,120
了一,120
ああん,120
アッターゼ,120
反軍,120
優男,120
変死,120
目見,120
直播,120
你有,120
就有,120
組替え,120
各州,120
非売品,120
ジアン,120
アレグザンダー,120
超速男,120
感觉,120
ニセ者,120
郡道,120
局地,120
看来,120
弓術,120
差し向かい,120
伤口,120
零一,120
次会,120
不说,120
先取,120
手負い,120
公主,120
ぐあ,120
小腸,120
あやす,120
道代,120
ガラリア,120
車高,120
下我,120
我可,120
抜き取れ,120
飲み足り,120
女郎,120
アンドレジア,120
星球,120
戦わ,120
西国,120
白犬,120
发生,120
和我,120
館内,120
看視,120
目标,120
今世,120
気構え,120
総取り,120
もみ消し,120
跡取り,120
ディジアック,120
口説き落と,120
機略,120
空色,120
推し進め,120
疑義,120
本日付け,120
女殺し,120
立ちつく,120
先払い,120
面白顔,120
歌詩,120
神格,120
火矢,120
くっ付け,120
略称,120
ディリアム,120
顕在,120
総意,120
クロウディア,120
重刑,120
報償,120
分かちあ,120
音程,120
薬味,120
父親殺し,120
アニマリア,120
白身,120
アナポリス,120
大慌て,120
水虫,120
そびえ立,120
一旗揚げ,120
消沈,120
堅気,120
遠近法,120
一安心,120
問責,120
山刀,120
アトリウム,120
雪子,120
名演技,120
口出,120
預け入れ,120
論題,120
修理工,120
閉門,120
恵子,120
ベアーズ,120
重々,120
本多,120
多元,120
四川,120
解り合え,120
可動,120
掘っ立て,120
水疱,120
取っとき,120
あ〜あ,120
ウ～ン,120
先刻,120
業種,120
アタッチ,120
投げやり,120
空箱,120
進水,120
子連れ,120
天引き,120
フィルアウン,120
小話,120
病巣,120
造語,120
天涯,120
初犯,120
モアト,120
打ち合,120
重鎮,120
公け,120
糖分,120
当たり障り,120
球根,120
災馬,120
転ば,120
病態,120
高笑い,120
アジェンダ,120
鉄球,120
霧中,120
ひと休み,120
出来物,120
斜線,120
組み入れ,120
引き下がれ,120
パプアニューギニア,120
平氣,120
一人歩き,120
市立,120
正午前,120
達殺,120
ボヘミアン,120
武志,120
後席,120
変わり目,120
如何に,120
マコービア,120
羽目板,120
すご～,120
加納,120
見積り,120
備え付け,120
委縮,120
アイパッチ,120
死海,120
生焼け,120
回覧,120
年越し,120
保つ,120
素足,120
原題,120
相合,120
近付き,120
木炭,120
取り引,120
身の丈,120
人だかり,120
アンダーライン,120
西ドイツ,120
サイズモア,120
波乱,120
ミアン,120
脇目,120
問診,120
神学生,120
創意,120
寵愛,120
肉声,120
開票,120
いや気,120
殺しか,120
東北,120
写し出,120
犀星,120
室生,120
り屋,120
心配り,120
可聴,120
気腫,120
気取りだ,120
生き返り,120
行き着け,120
発炎,120
臭気,120
先公,120
島流し,120
ユアン,120
本決まり,120
戦没,120
売り抜け,120
戦うか,120
山程,120
大鍋,120
話中,120
罪業,120
他州,120
掛け算,120
鉄骨,120
魔人,120
唸り声,120
酒店,120
こみ上げ,120
人感,120
人智,120
時俺,120
アハハッ,120
ヒゲ面,120
口説き,120
褒め称え,120
後ろ暗,120
悶着,120
お転婆,120
目隠しも,120
反戦,120
歩数,120
等式,120
ブチ殺,120
アサノ,120
アドーラ,120
印形,120
止り,120
ミューア,120
ファームウェア,120
赤線,120
命取りだ,120
あて先,120
青木,120
苦々し,120
島国,120
表通り,120
無禮,120
燃え移,120
体積,120
アムトラック,120
デューア,120
新進,120
放り捨て,120
髪色,120
アブミ骨,120
質感,120
死地,120
うわさ話,120
遊行,120
立て続け,120
編者,120
防噴,120
療治,120
アンドロン,120
衆人,120
近ず,120
白液,120
成敗,120
乳様,120
付帯,120
重婚,120
作りもの,120
アマガエル,120
下ろせよ,120
ある所,120
戦型,120
アーブ,120
小腹,120
荷重,120
じゃれ合,120
中腹,120
見送れ,120
図太,120
持ちあげ,120
学内,120
タマトア,120
各隊,120
主神,120
戴天,120
不倶,120
山川,120
釜山行き,120
ムジョルニア,120
子音,120
力づけ,120
受け身,120
アンティゴネ,120
曲がれ,120
立ちあが,120
降車,120
売り主,120
農産,120
アーンスト,120
車貸,120
氷水,120
あつめ,120
老体,120
金脈,120
山麓,120
雪原,120
一隊,120
断面,120
アゾク,120
万国,120
共著,120
小手,120
条文,120
まくし立て,120
熟読,120
モーアクロフト,120
薬理学,120
揉み消,120
総局,120
変造,120
アルファー,120
水流,120
一塁,120
アンドラス,120
ラテンアメリカ,120
アホウ,120
思い過ごし,120
焼身,120
時一緒,120
入っ,120
雷音,120
洗い清め,120
敷金,120
薬理,120
形相,120
白刃,120
通名,120
主従,120
呼び立て,120
アセンシオ,120
口ずさ,120
ジュアン,120
もてあそば,120
日付け,120
大っき,120
大島,120
あとあと,120
夫殺し,120
若死,120
引き延ばせ,120
カシミア,120
花形,120
変哲,120
支線,120
アブスターゴ,120
交雑,120
安山,120
今立,120
言い負か,120
地層,120
挙げ句,120
達観,120
縫い物,120
無地,120
炭火,120
西尾,120
枚数,120
具現,120
町はずれ,120
近位,120
初陣,120
天工,120
ビルトモア,120
涙目,120
キアラン,120
閉園,120
外回り,120
山村,120
全兵士,120
じゃあすぐ,120
人徳,120
与え―,120
送り戻,120
盗み取,120
産後,120
砲座,120
将兵,120
荒波,120
上り下り,120
独り立ち,120
アイリン,120
食いしば,120
にゃあ,120
散発,120
アルン,120
門外,120
土俵,120
正夢,120
化け物ー,120
巡り会,120
専売,120
役どころ,120
アギラー,120
倍速,120
アンドリェス,120
我家,120
前王,120
発起,120
隠元,120
小躍り,120
氷上,120
松尾,120
分かっと,120
憎みあ,120
車使,120
あーぁ,120
理路,120
火球,120
標,120
御代,120
弾正,120
手土産,120
豹馬,120
大叔母,120
天膳,120
三河,120
てア,120
丿ヾサ一,120
クソババア,120
女将,120
メリディアン,120
アンターク,120
原盤,120
大有り,120
神髄,120
不耐症,120
あ〝,120
不精,120
ありさま,120
渥美,120
公僕,120
光源,120
反り,120
森中,120
着甲,120
主弓,120
工ネ丿,120
届屋,120
平米,120
不燃,120
都庁,120
海常,120
降魔,120
アご,120
挿言,120
沖合い,120
丶聞,120
実蕩,120
隻査,120
コレリア,120
山菫,120
都民,120
風化,120
属性,120
醜女,120
海保,120
抜き取り,120
木更津,120
アチチ,120
アームスビィ,120
私死,120
一一,120
全便,120
藝含,120
具程,120
裁断,120
前置,120
アド,120
アンウォー,120
右田,120
森下,120
利か,120
改札,120
大負け,120
大筋,120
丈一,120
最凶,120
手合い,120
取り次い,120
表記,120
引きちぎれ,120
森山,120
得票,120
いやあああああああ,120
オンエア,120
あし丶,120
エアバス,120
アッハッハッハ,120
手駒,120
店主に,120
水棲,120
体腔,120
アサガオ,120
あぁ〜,120
あたくし,120
く先,120
月見,120
西沢,120
松原,120
兄上,120
スモア,120
夜学,120
星勅,120
落着け,120
入出,120
赤面,120
攻防,120
天の,120
人捜し,120
一人身,120
響き合,120
在任,120
取弓,120
殖民,120
中位,120
常温,120
形質,120
毛色,120
グアア,120
両脇,120
表立,120
余波,120
増量,120
先っちょ,120
飛び起き,120
後列,120
情景,120
機狽,120
寸分,120
過熱,120
高祖父,120
食べもの,120
小刀,120
フッ素,120
徒党,120
アレコレ,120
小母,120
アーチェーリ,120
転進,120
逆進,120
注水,120
敵国,120
売主,120
ジュリアード,120
窮状,120
痛め付け,120
車上,120
取りもど,120
あつかまし,120
気持ち伝え,120
食べ残,120
論証,120
通りすぎ,120
出来立て,120
一様,120
大雪,120
音階,120
口移し,120
通牒,120
橋本,120
水難,120
隠れ住,120
基調,120
物分り,120
あらかた,120
ケ月,120
ず〜,120
享年,120
吸い付,120
感じ合,120
解熱,120
力なし,120
役割り,120
手振,120
１人殺し,120
目ぼし,120
早死,120
南門,120
体得,120
肌色,120
大ウソ,120
野暮った,120
引っ叩,120
食い破,120
サアー,120
今読,120
読経,120
白猫,120
アーミテージ,120
術中,120
アコーデオン,120
張り上げ,120
アーア,120
純銀,120
古本,120
あ・,120
高ぶり,120
本署,120
推し量,120
アーー,120
天主,120
大道,120
つけあ,120
手取り,120
火かき,120
雇い人,120
アングラ,120
張りつけ,120
人知れ,120
日報,120
分け合え,120
染料,120
横田,120
海事,120
昼前,120
団交,120
言フ,120
省エネ,120
ヘアース,120
泄球,120
屋え,120
一爽,120
厦言,120
わああ,120
フューリア,120
董語,120
郭設,120
献体,120
叛乱,120
んあ,120
管内,120
墨量,120
放漫,120
牽含め,120
主楽し,120
仕事始め,120
菫力,120
定評,120
教ぇ,120
横須賀,120
音言,120
崇富,120
隷言,120
喜富,120
謹皇,120
中ごろ,120
矢変,120
まああ,120
入り混じ,120
寵児,120
太后,120
属国,120
総崩れ,120
島中,120
半本,120
木管,120
みんあ,120
殴りあ,120
背部,120
永年,120
弾力,120
余所,120
時勢,120
折り重な,120
平籾,120
皇錬,120
実享,120
読星,120
謹星,120
サィヤ丈ゴ,120
丶女,120
アイド,120
実丿,120
護逢,120
高低,120
恒常,120
王界,120
馬肉,120
匿言,120
疆言,120
あつて,120
东西,120
空兵,120
奮い立た,120
選ば,120
ああ―,120
悲報,120
外付け,120
九龍,120
祭式,120
帰り際,120
数量,120
教徒,120
アルリングトン,120
アナグラム,120
子午,120
口内,120
受け答え,120
大詰め,120
川下,120
織機,120
寺山,120
大侯,120
城砦,120
火蓋,120
送達,120
下手クソ,120
烏合,120
無ぇ,120
占星,120
リアリズム,120
泣声,120
再訪,120
民俗,120
アカトー,120
北島,120
山河,120
大伯母,120
ツーア,120
文房,120
参画,120
厳命,120
制酸,120
墨消,120
ワイアト,120
無為,120
アブラムシ,120
身代り,120
話者,120
上座,120
色黒,120
後ずさり,120
下し,120
素面,120
登ら,120
屋め,120
親展,120
乗りかか,120
メリアドク,120
持場,120
死にざま,120
総立ち,120
全勝,120
采配,120
大壺,120
アリエル,120
動き回れ,120
小米,120
高次元,120
全階,120
呼び起こせ,120
露光,120
エアレン,120
傷あと,120
田舎道,120
诸神,120
才女,120
怖じ気づ,120
引き潮,120
目方,120
遠乗り,120
分が,120
クヶ郎,120
色水,120
読取り,120
鉄塔,120
録れ,120
大金持,120
美代子,120
揉み合い,120
雑然,120
追究,120
アポイント,120
アニック,120
ベネチア,120
アトピー,120
空き箱,120
付き従,120
重なり合,120
水戸部,120
冥土,120
正行,120
興ざめ,120
ポーセリアン,120
生き血,120
接舷,120
手抜かり,120
引っくり返,120
五右衛門,120
へばり付,120
格付け,120
永成,120
城郭,120
ヵ年,120
面白み,120
内規,120
アルトゥス,120
ワ～,120
虚空,120
気落ち,120
炊事,120
呉国,120
横顔,120
思いあた,120
飼い主だ,120
手記,120
護国,120
校門,120
太ー,120
リュー村,120
生ま,120
通じ合え,120
裏話,120
申し子,120
放熱,120
さあご,120
誘引,120
物笑い,120
搬出口,120
プニア,120
故国,120
盆地,120
池上,120
港側,120
高荷,120
礼二,120
昇降,120
張允,120
赤身,120
アジー,120
イヤ～,120
退団,120
粒状,120
変位,120
両論,120
頭足,120
小さめ,120
踏ん張り,120
前走,120
手傷,120
家捜し,120
人ー,120
電卓,120
定額,120
常人,120
節子,120
嗚呼,120
人見つけ,120
内訳,120
日射,120
青銅,120
ロサリア,120
千切り,120
エピアルテス,120
なお前,120
大芝居,120
植え込み,120
アンジェリク,120
子宝,120
偏食,120
引き伸ばし,120
表意,120
組立,120
雑食,120
くそ女,120
色気づ,120
作弊,120
アシュラ,120
漕ぎ着け,120
施工,120
超絶,120
光陰,120
長編,120
務,120
見積,120
アンノウン,120
トーア,120
豚足,120
もらい物,120
由梨子,120
武者,120
かみ殺,120
再診,120
画質,120
市中,120
分かつ,120
ひと口,120
上角,120
１１人,120
あんなら,120
写像,120
生花,120
中入,120
走馬,120
アルペン,120
強張,120
口ヒゲ,120
使い走り,120
固化,120
手間賃,120
殺伐,120
リクレシア,120
アカバー,120
大興奮,120
ムア,120
安酒場,120
ロアノーク,120
痛み分け,120
田舎暮らし,120
反ら,120
文夫,120
問い掛け,120
アフロ,120
アオ,120
ち合,120
哲人,120
小売り,120
あたらし,120
散大,120
再帰,120
魚屋,120
類い,120
浴場,120
取り得,120
ラヴィニア,120
色違い,120
青帯,120
木の葉,120
撃ち殺し,120
修司,120
マルウエア,120
前話,120
道標,120
あーー,120
太り,120
横梁,120
春日,120
アツ,120
小父,120
控え目,120
アホめ,120
解由,120
分かりかけ,120
リーベンダウアー,120
立杭,120
ネメア,120
糞野朗,120
無駄死,120
黒木,120
中高年,120
航宙,120
小禄,120
トゥアジン,120
アミティエ,120
デュアラ,120
突っ張,120
アボタバド,120
記帳,120
褒め合,120
取下げ,120
投球,120
異形,120
ブラジリア,120
目盛り,120
直上,120
アタランタ,120
通例,120
君主に,120
っ放,120
献立,120
ありガ,120
力作,120
アンバサダー,120
アブレガド,120
気恥ずかし,120
二の舞い,120
くぎ付け,120
盛り付け,120
桜木,120
くそ〜,120
凶作,120
ツ木,120
観世音,120
人使い,120
八角,120
アメックス,120
怒号,120
玉名,120
あああああ,120
代筆,120
行商,120
クアッフル,120
食い違,120
近眼,120
大屋敷,120
石櫃,120
水層,120
アルゴン,120
アナトール,120
南無,120
英文,120
一厘,120
アボリジニ,120
手の物,120
悪名高,120
虹色,120
無毒,120
蔑称,120
主食,120
書きだ,120
説話,120
部室,120
熱量,120
生み出せ,120
足立,120
散在,120
帝都,120
重態,120
アモーレ,120
因み,120
格式,120
音像,120
物まね,120
正版,120
真美,120
演れ,120
混ざり合,120
幕間,120
満天,120
体長,120
貨車,120
中二,120
半周,120
动画,120
物腰,120
飼い葉,120
イグレシアス,120
両思い,120
海風,120
政宗,120
生え抜き,120
指圧,120
組長,120
神がかり,120
叩き起こ,120
露日,120
こ～んな,120
腫物,120
大姉,120
ハアー,120
釣合い,120
天宮,120
全周波,120
堕天使,120
ああああああああ,120
聞き手,120
地政,120
叙情,120
首無し,120
即日,120
北門,120
手ごろ,120
医術,120
アスレチック,120
法力,120
人見,120
一席,120
父親代わり,120
年増,120
二枚舌,120
愛者,120
造りだ,120
分譲,120
純愛,120
野生馬,120
つくり話,120
沢山居,120
知念,120
木ノ,120
同朋,120
一念,120
狼族,120
修得,120
証取,120
高僧,120
中野郎,120
技法,120
学識,120
うあー,120
竹馬,120
定置,120
通説,120
引き込み,120
さざ波,120
かなり下,120
組閣,120
シカモア,120
要職,120
真ん前,120
アグレッシブ,120
定量,120
生殺し,120
甘受,120
テロメア,120
英気,120
混在,120
郷土,120
英兵,120
汲み上げ,120
準々,120
蟹座,120
山場,120
アドミラル,120
通る,120
ち合い,120
有志,120
デヴォア,120
物持,120
応接,120
離任,120
分量,120
導管,120
遊具,120
祝い事,120
デキストロアンフェタミン,120
ステアー,120
分かれ目,120
まぁ～,120
じゃあいつ,120
大宰相,120
帰結,120
書き出し,120
妙子,120
二輪,120
消音,120
参じ,120
死斑,120
小出し,120
鳴動,120
三沢,120
ビリアンコン,120
江藤,120
継ぎ目,120
持出,120
同年,120
引き篭も,120
着込,120
順一,120
聖ﾍﾚﾅ,120
寄せ合,120
アクシャイフ,120
比重,120
音出,120
あわん,120
聖像,120
原文,120
陶磁器,120
赤十字,120
つきあたり,120
すそ分け,120
離別,120
農具,120
実像,120
私利,120
造り出,120
復権,120
つむじ風,120
皇位,120
大釜,120
アヤソフィア,120
要り,120
ワ〜ォ,120
村中,120
臨月,120
早産,120
アンデゥ,120
く手,120
新野,120
万民,120
奔流,120
首元,120
着衣,120
アコード,120
立ちション,120
超速,120
物置き,120
競り,120
身投げ,120
共作,120
在来,120
素因,120
是因,120
編曲,120
安原,120
得到,120
吾在,120
至少,120
想要,120
ベアード,120
光芒,120
荻江,120
野干,120
ミリア,120
プロデア,120
ケンモア,120
アリロン,120
鈴村,120
金稼ぎ,120
起きん,120
はぁ〜,120
大貫,120
起きあが,120
あほう,120
輪状,120
腫れあが,120
差不多,120
力仕事,120
ええ～,120
アナベラ,120
金柑,120
来说,120
全部門,120
アリコーン,120
呼応,120
目元,120
ヨウ化,120
秋元,120
影像,120
不了,120
他也,120
鹿取,120
わあああ,120
送管,120
たたき起こ,120
調律,120
罹患者,120
後宮,120
個所,120
元氣,120
哀歌,120
単離,120
船着,120
都是,120
各機,120
遠目,120
過誤,120
充当,120
南緯,120
焼き上が,120
後ろ足,120
アッリ,120
雑多,120
アナルシア,120
物差し,120
アイバンホー,120
軽業,120
劇画,120
にらみ合い,120
アバディーン,120
アンドルーズ,120
代数学,120
アシュトン,120
アラリック,120
村岡,120
短大,120
アラ探し,120
分かり,120
美形,120
アクト,120
アルズ,120
看着,120
木片,120
アルテミス,120
身篭,120
版権,120
手投げ,120
学び取,120
僚機,120
ボディアーマー,120
アミロイド,120
師弟,120
成り立ち,120
信じこ,120
気後れ,120
初雪,120
高島,120
盲検,120
愛子,120
感光,120
州外,120
アユダメ,120
小技,120
利便,120
留任,120
アンダーセン,120
討手,120
東浦,120
一、,120
小喬,120
強国,120
啓太,120
アイヴォン,120
野暮天,120
組ま,120
嫁入り,120
盗聴器,120
適量,120
ブロアー,120
城内,120
カシアス,120
田畑,120
行徳,120
薬持,120
小わっぱ,120
デュアー,120
千切,120
筆写,120
総菜,120
アンドロポフ,120
天啓,120
後学,120
客車,120
局番,120
侍医,120
ダートムア,120
アベス,120
伝い,120
プライア,120
流木,120
ハメ外,120
ヘアースプレー,120
貧者,120
遊び人,120
親爺,120
交,120
皇宮,120
おポニ話,120
アルベス,120
エトルリア,120
四駆,120
車一,120
行き届き,120
防疫,120
情愛,120
略歴,120
諸共,120
先鋭,120
大足,120
難物,120
錐体,120
入れあげ,120
ノースショア,120
中頃,120
明解,120
店仕舞い,120
全問,120
愛しあ,120
風体,120
還流,120
築きあげ,120
桃色,120
重厚,120
共振,120
リーアン,120
テッサリア,120
聖スウィジンズ,120
の目,120
アレクシー,120
将这,120
中型,120
じゃ〜,120
軍規,120
即金,120
機先,120
寝具,120
母鳥,120
由々し,120
仙台,120
受勲,120
液状,120
両刃,120
モーリア,120
射的,120
付合い,120
露店,120
ケ所,120
過量,120
球状,120
あばずれ女,120
一蹴,120
全班,120
顔役,120
水攻め,120
いじくり回,120
アレイン,120
ア～,120
拝領,120
駄々,120
アルカロイド,120
考え合わせ,120
古物,120
ベゾアール,120
無用心,120
アキオ,120
動かす,120
慎）,120
良策,120
転写,120
あ～ん,120
清三,120
あれー,120
一室,120
巣状,120
炒め物,120
